ts_ms,target,actual,reclaimed,worker_footprint
1786380719418,2944450560,2944450560,2972844032,5033665128
1786380720426,2916499456,2916499456,2972844032,5004436072
1786380721432,2916499456,2916499456,2972844032,5003256424
1786380722442,2916499456,2916499456,2972844032,5003256424
1786380723449,2916499456,2916499456,2972844032,5003256424
1786380724457,2916499456,2916499456,2972844032,5003256424
1786380725469,2916499456,2916499456,2972844032,5003272808
1786380726478,2916499456,2916499456,2972844032,5003256424
1786380727489,2916499456,2916499456,2972844032,5003256424
1786380728498,2916499456,2916499456,2972844032,5003256424
1786380729505,2916499456,2916499456,2972844032,5003256424
1786380730508,2916499456,2916499456,2972844032,5003256424
1786380731518,2916499456,2916499456,2972844032,5003256424
1786380732520,2916499456,2916499456,2972844032,5003256424
1786380733527,2916499456,2916499456,2972844032,5003272808
1786380734536,2916499456,2916499456,2972844032,5003256424
1786380735541,2916499456,2916499456,2972844032,5003256424
1786380736549,2916499456,2916499456,2972844032,5003256424
1786380737552,2916499456,2916499456,2972844032,5003256424
1786380738554,2916499456,2916499456,2972844032,5003272808
1786380739558,2916499456,2916499456,2972844032,5003272808
1786380740568,2916499456,2916499456,2972844032,5003272808
1786380741577,2916499456,2916499456,2972844032,5003272808
1786380742588,2916499456,2916499456,2972844032,5003289192
1786380743591,2916499456,2916499456,2972844032,5004632680
1786380744599,2916499456,2916499456,2972844032,5004632680
1786380745608,2916499456,2916499456,2972844032,5004649064
1786380746614,2916499456,2916499456,2972844032,5004714600
1786380747624,2916499456,2916499456,2972844032,5004894824
1786380748627,2743762944,2743762944,2972844032,5014872680
1786380749638,2681896960,2681896960,2972844032,5018165864
1786380750646,2681896960,2681896960,2972844032,5021737576
1786380751648,2699509760,2699509760,2990456832,5013185128
1786380752652,2699509760,2699509760,2990456832,5013938792
1786380753653,2719105024,2719105024,3010052096,5014184552
1786380754654,2719105024,2719105024,3010052096,5014348392
1786380755665,2646016000,2646016000,3010052096,5016396416
1786380756675,2475671552,2475671552,3010052096,5033730760
1786380757685,2408693760,2408693760,3010052096,5044658888
1786380758696,2408693760,2408693760,3010052096,5044658888
1786380759706,2510749696,2510749696,3112108032,5050917624
1786380760712,2510749696,2510749696,3112108032,5244969864
1786380761720,2737618944,2737618944,3338977280,4976173984
1786380762731,2737618944,2737618944,3338977280,5001798560
1786380763736,2784034816,2784034816,3385393152,4963672992
1786380764750,2784034816,2784034816,3385393152,5003699128
1786380765753,2829778944,2829778944,3431137280,5001864120
1786380766754,2829778944,2829778944,3431137280,5009138616
1786380767758,2829778944,2829778944,3431137280,5055046608
1786380768769,2848833536,2848833536,3450191872,5044298704
1786380769772,2848833536,2848833536,3450191872,5044724688
1786380770772,2848833536,2848833536,3450191872,5046084560
1786380771773,2848833536,2848833536,3450191872,5049607120
1786380772774,2848833536,2848833536,3450191872,5053047760
1786380773778,2848833536,2848833536,3450191872,5065712592
1786380774779,2848833536,2848833536,3450191872,5065892816
1786380775780,2867429376,2867429376,3468787712,5038367696
1786380776782,2867429376,2867429376,3468787712,5038367696
1786380777793,2867429376,2867429376,3468787712,5038384080
1786380778794,2867429376,2867429376,3468787712,5038416848
1786380779799,2867429376,2867429376,3468787712,5084537808
1786380780801,2940583936,2940583936,3541942272,4937262008
1786380781811,2940583936,2940583936,3541942272,4975272912
1786380782821,2922283008,2922283008,3541942272,4979385296
1786380783826,2922283008,2922283008,3541942272,4998194152
1786380784836,2922283008,2922283008,3541942272,5007254504
1786380785840,2922283008,2922283008,3541942272,5009712104
1786380786850,2922283008,2922283008,3541942272,5011334120
1786380787861,2880094208,2880094208,3541942272,4943586256
1786380788862,2860171264,2860171264,3541942272,4941325264
1786380789873,2828681216,2828681216,3541942272,4941325264
1786380790883,2803122176,2803122176,3541942272,4941325264
1786380791888,2803122176,2803122176,3541942272,4941325264
1786380792890,2803122176,2803122176,3541942272,4941341648
1786380793893,2803122176,2803122176,3541942272,4941341648
1786380794901,2803122176,2803122176,3541942272,4941341648
1786380795902,2803122176,2803122176,3541942272,4941341648
1786380796911,2803122176,2803122176,3541942272,4941341648
1786380797917,2803122176,2803122176,3541942272,4941341648
1786380798920,2803122176,2803122176,3541942272,4941341648
1786380799923,2803122176,2803122176,3541942272,4941358032
1786380800925,2803122176,2803122176,3541942272,4941341648
1786380801937,2803122176,2803122176,3541942272,4941341648
1786380802946,2803122176,2803122176,3541942272,4941341648
1786380803955,2803122176,2803122176,3541942272,4941341648
1786380804960,2803122176,2803122176,3541942272,4941407184
1786380805962,2803122176,2803122176,3541942272,4941423568
1786380806969,2803122176,2803122176,3541942272,4941456336
1786380807976,2803122176,2803122176,3541942272,4941456336
1786380808979,2803122176,2803122176,3541942272,4941456336
1786380809991,2803122176,2803122176,3541942272,4941456336
1786380811001,2803122176,2803122176,3541942272,4941554640
1786380812012,2803122176,2803122176,3541942272,4941571024
1786380813018,2803122176,2803122176,3541942272,4942013392
1786380814030,2803122176,2803122176,3541942272,4942013392
1786380815033,2803122176,2803122176,3541942272,4942013392
1786380816044,2803122176,2803122176,3541942272,4942013392
1786380817050,2803122176,2803122176,3541942272,4942013392
1786380818059,2803122176,2803122176,3541942272,4942848976
1786380819064,2803122176,2803122176,3541942272,4942848976
1786380820069,2803122176,2803122176,3541942272,4942865360
1786380821080,2803122176,2803122176,3541942272,4942865360
1786380822086,2803122176,2803122176,3541942272,4942881744
1786380823091,2803122176,2803122176,3541942272,4942865360
1786380824101,2803122176,2803122176,3541942272,4942865360
1786380825107,2803122176,2803122176,3541942272,4942881744
1786380826111,2803122176,2803122176,3541942272,4942865360
1786380827117,2803122176,2803122176,3541942272,4942881744
1786380828128,2803122176,2803122176,3541942272,4942865360
1786380829138,2803122176,2803122176,3541942272,4942865360
1786380830144,2803122176,2803122176,3541942272,4942881744
1786380831156,2803122176,2803122176,3541942272,4942881744
1786380832167,2803122176,2803122176,3541942272,4942865360
1786380833173,2803122176,2803122176,3541942272,4942881744
1786380834183,2803122176,2803122176,3541942272,4942881744
1786380835189,2803122176,2803122176,3541942272,4942865360
1786380836198,2803122176,2803122176,3541942272,4942865360
1786380837202,2803122176,2803122176,3541942272,4942865360
1786380838210,2803122176,2803122176,3541942272,4942865360
1786380839217,2803122176,2803122176,3541942272,4942865360
1786380840226,2803122176,2803122176,3541942272,4904821712
1786380841237,2803122176,2803122176,3541942272,4904821712
1786380842247,2803122176,2803122176,3541942272,4903789520
1786380843256,2803122176,2803122176,3541942272,4903773136
1786380844267,2803122176,2803122176,3541942272,4903789520
1786380845269,2803122176,2803122176,3541942272,4903773136
1786380846275,2803122176,2803122176,3541942272,4903773136
1786380847278,2803122176,2803122176,3541942272,4903789520
1786380848280,2803122176,2803122176,3541942272,4903789520
1786380849290,2803122176,2803122176,3541942272,4903789520
1786380850295,2803122176,2803122176,3541942272,4903805904
1786380851307,2803122176,2803122176,3541942272,4903789520
1786380852312,2803122176,2803122176,3541942272,4903805904
1786380853322,2803122176,2803122176,3541942272,4903789520
1786380854325,2803122176,2803122176,3541942272,4903789520
1786380855334,2803122176,2803122176,3541942272,4903789520
1786380856342,2803122176,2803122176,3541942272,4903789520
1786380857353,2803122176,2803122176,3541942272,4903805904
1786380858358,2803122176,2803122176,3541942272,4903789520
1786380859368,2803122176,2803122176,3541942272,4903789520
1786380860370,2803122176,2803122176,3541942272,4903789520
1786380861372,2803122176,2803122176,3541942272,4903789520
1786380862383,2803122176,2803122176,3541942272,4903789520
1786380863395,2803122176,2803122176,3541942272,4903789520
1786380864405,2803122176,2803122176,3541942272,4903789520
1786380865408,2803122176,2803122176,3541942272,4903789520
1786380866412,2803122176,2803122176,3541942272,4903805904
1786380867419,2803122176,2803122176,3541942272,4903789520
1786380868425,2803122176,2803122176,3541942272,4903805904
1786380869427,2803122176,2803122176,3541942272,4903789520
1786380870431,2803122176,2803122176,3541942272,4903822288
1786380871435,2803122176,2803122176,3541942272,4903822288
1786380872446,2803122176,2803122176,3541942272,4903822288
1786380873453,2803122176,2803122176,3541942272,4903822288
1786380874458,2803122176,2803122176,3541942272,4903822288
1786380875464,2803122176,2803122176,3541942272,4903822288
1786380876468,2803122176,2803122176,3541942272,4903822288
1786380877470,2803122176,2803122176,3541942272,4903822288
1786380878472,2803122176,2803122176,3541942272,4903822288
1786380879477,2803122176,2803122176,3541942272,4903822288
1786380880485,2803122176,2803122176,3541942272,4903822288
1786380881497,2803122176,2803122176,3541942272,4903822288
1786380882505,2803122176,2803122176,3541942272,4903822288
1786380883514,2803122176,2803122176,3541942272,4903822288
1786380884518,2803122176,2803122176,3541942272,4903838672
1786380885522,2803122176,2803122176,3541942272,4903822288
1786380886525,2803122176,2803122176,3541942272,4903822288
1786380887532,2803122176,2803122176,3541942272,4903822288
1786380888534,2803122176,2803122176,3541942272,4903822288
1786380889544,2803122176,2803122176,3541942272,4903822288
1786380890550,2803122176,2803122176,3541942272,4903822288
1786380891559,2803122176,2803122176,3541942272,4903822288
1786380892563,2803122176,2803122176,3541942272,4903822288
1786380893565,2803122176,2803122176,3541942272,4903822288
1786380894571,2803122176,2803122176,3541942272,4903822288
1786380895584,2803122176,2803122176,3541942272,4903838672
1786380896595,2803122176,2803122176,3541942272,4903838672
1786380897601,2803122176,2803122176,3541942272,4903855056
1786380898602,2803122176,2803122176,3541942272,4903871440
1786380899612,2803122176,2803122176,3541942272,4903871440
1786380900622,2803122176,2803122176,3541942272,4875330512
1786380901626,2803122176,2803122176,3541942272,4874281936
1786380902628,2803122176,2803122176,3541942272,4874281936
1786380903639,2803122176,2803122176,3541942272,4874281936
1786380904649,2803122176,2803122176,3541942272,4874281936
1786380905653,2803122176,2803122176,3541942272,4874281936
1786380906656,2803122176,2803122176,3541942272,4874281936
1786380907658,2803122176,2803122176,3541942272,4874281936
1786380908663,2803122176,2803122176,3541942272,4874281936
1786380909674,2803122176,2803122176,3541942272,4874298320
1786380910680,2803122176,2803122176,3541942272,4874281936
1786380911683,2803122176,2803122176,3541942272,4874281936
1786380912691,2803122176,2803122176,3541942272,4874281936
1786380913697,2803122176,2803122176,3541942272,4874281936
1786380914706,2803122176,2803122176,3541942272,4874281936
1786380915715,2803122176,2803122176,3541942272,4874281936
1786380916723,2803122176,2803122176,3541942272,4874281936
1786380917733,2803122176,2803122176,3541942272,4874281936
1786380918737,2803122176,2803122176,3541942272,4874281936
1786380919742,2803122176,2803122176,3541942272,4874298320
1786380920753,2803122176,2803122176,3541942272,4874298320
1786380921761,2803122176,2803122176,3541942272,4874298320
1786380922764,2803122176,2803122176,3541942272,4874298320
1786380923772,2803122176,2803122176,3541942272,4874298320
1786380924778,2803122176,2803122176,3541942272,4874298320
1786380925782,2803122176,2803122176,3541942272,4874298320
1786380926792,2803122176,2803122176,3541942272,4874298320
1786380927798,2803122176,2803122176,3541942272,4874298320
1786380928809,2803122176,2803122176,3541942272,4874298320
1786380929815,2803122176,2803122176,3541942272,4874298320
1786380930817,2803122176,2803122176,3541942272,4874298320
1786380931826,2803122176,2803122176,3541942272,4874298320
1786380932828,2803122176,2803122176,3541942272,4874298320
1786380933835,2803122176,2803122176,3541942272,4874298320
1786380934843,2803122176,2803122176,3541942272,4874314704
1786380935851,2803122176,2803122176,3541942272,4874314704
1786380936863,2803122176,2803122176,3541942272,4874298320
1786380937874,2803122176,2803122176,3541942272,4874298320
1786380938883,2803122176,2803122176,3541942272,4874298320
1786380939889,2803122176,2803122176,3541942272,4874314704
1786380940899,2803122176,2803122176,3541942272,4874363856
1786380941911,2803122176,2803122176,3541942272,4874380240
1786380942920,2803122176,2803122176,3541942272,4874413008
1786380943926,2803122176,2803122176,3541942272,4874429392
1786380944928,2803122176,2803122176,3541942272,4874445776
1786380945935,2803122176,2803122176,3541942272,4874462160
1786380946942,2803122176,2803122176,3541942272,4874478544
1786380947944,2803122176,2803122176,3541942272,4874494928
1786380948947,2803122176,2803122176,3541942272,4874511312
1786380949955,2803122176,2803122176,3541942272,4874544080
1786380950959,2803122176,2803122176,3541942272,4874593232
1786380951961,2803122176,2803122176,3541942272,4874609616
1786380952967,2803122176,2803122176,3541942272,4874609616
1786380953969,2803122176,2803122176,3541942272,4874626000
1786380954972,2803122176,2803122176,3541942272,4874642384
1786380955981,2803122176,2803122176,3541942272,4874642384
1786380956983,2803122176,2803122176,3541942272,4874642384
1786380957985,2803122176,2803122176,3541942272,4874658768
1786380958992,2803122176,2803122176,3541942272,4874675152
1786380960010,2803122176,2803122176,3541942272,4874707920
1786380961019,2803122176,2803122176,3541942272,4875805648
1786380962025,2803122176,2803122176,3541942272,4874757072
1786380963036,2803122176,2803122176,3541942272,4874773456
1786380964046,2803122176,2803122176,3541942272,4874789840
1786380965055,2803122176,2803122176,3541942272,4874789840
1786380966060,2803122176,2803122176,3541942272,4874789840
1786380967071,2803122176,2803122176,3541942272,4874789840
1786380968078,2803122176,2803122176,3541942272,4874806224
1786380969084,2803122176,2803122176,3541942272,4874789840
1786380970086,2803122176,2803122176,3541942272,4874789840
1786380971092,2803122176,2803122176,3541942272,4874806224
1786380972102,2803122176,2803122176,3541942272,4874822608
1786380973113,2803122176,2803122176,3541942272,4874822608
1786380974120,2803122176,2803122176,3541942272,4874822608
1786380975129,2803122176,2803122176,3541942272,4874855376
1786380976137,2803122176,2803122176,3541942272,4874838992
1786380977144,2803122176,2803122176,3541942272,4874838992
1786380978154,2803122176,2803122176,3541942272,4874838992
1786380979164,2803122176,2803122176,3541942272,4874838992
1786380980174,2803122176,2803122176,3541942272,4874838992
1786380981177,2803122176,2803122176,3541942272,4874838992
1786380982185,2803122176,2803122176,3541942272,4874838992
1786380983189,2803122176,2803122176,3541942272,4874838992
1786380984198,2803122176,2803122176,3541942272,4875166672
1786380985207,2803122176,2803122176,3541942272,4875166672
1786380986217,2803122176,2803122176,3541942272,4875183056
1786380987219,2803122176,2803122176,3541942272,4875199440
1786380988228,2803122176,2803122176,3541942272,4875199440
1786380989238,2803122176,2803122176,3541942272,4875215824
1786380990241,2803122176,2803122176,3541942272,4875215824
1786380991243,2803122176,2803122176,3541942272,4875215824
1786380992254,2803122176,2803122176,3541942272,4875215824
1786380993257,2803122176,2803122176,3541942272,4875215824
1786380994265,2803122176,2803122176,3541942272,4875215824
1786380995267,2803122176,2803122176,3541942272,4875215824
1786380996277,2803122176,2803122176,3541942272,4875215824
1786380997289,2803122176,2803122176,3541942272,4875232208
1786380998294,2803122176,2803122176,3541942272,4875215824
1786380999303,2803122176,2803122176,3541942272,4875215824
1786381000305,2803122176,2803122176,3541942272,4875215824
1786381001309,2803122176,2803122176,3541942272,4875215824
1786381002316,2803122176,2803122176,3541942272,4875215824
1786381003320,2803122176,2803122176,3541942272,4875215824
1786381004323,2803122176,2803122176,3541942272,4875215824
1786381005328,2803122176,2803122176,3541942272,4875215824
1786381006332,2803122176,2803122176,3541942272,4875215824
1786381007342,2803122176,2803122176,3541942272,4875232208
1786381008352,2803122176,2803122176,3541942272,4875248592
1786381009361,2803122176,2803122176,3541942272,4875232208
1786381010364,2803122176,2803122176,3541942272,4875232208
1786381011373,2803122176,2803122176,3541942272,4875232208
1786381012379,2803122176,2803122176,3541942272,4875232208
1786381013386,2803122176,2803122176,3541942272,4875232208
1786381014394,2803122176,2803122176,3541942272,4875248592
1786381015402,2803122176,2803122176,3541942272,4875248592
1786381016406,2803122176,2803122176,3541942272,4875264976
1786381017412,2803122176,2803122176,3541942272,4875264976
1786381018419,2803122176,2803122176,3541942272,4875264976
1786381019423,2803122176,2803122176,3541942272,4875281360
1786381020434,2803122176,2803122176,3541942272,4876461008
1786381021442,2803122176,2803122176,3541942272,4875428816
1786381022446,2803122176,2803122176,3541942272,4875428816
1786381023457,2803122176,2803122176,3541942272,4875461584
1786381024463,2803122176,2803122176,3541942272,4875445200
1786381025469,2803122176,2803122176,3541942272,4875445200
1786381026480,2803122176,2803122176,3541942272,4875445200
1786381027489,2803122176,2803122176,3541942272,4875461584
1786381028495,2803122176,2803122176,3541942272,4875445200
1786381029502,2803122176,2803122176,3541942272,4875445200
1786381030510,2803122176,2803122176,3541942272,4875445200
1786381031520,2803122176,2803122176,3541942272,4875445200
1786381032523,2803122176,2803122176,3541942272,4875445200
1786381033532,2803122176,2803122176,3541942272,4875461584
1786381034540,2803122176,2803122176,3541942272,4875445200
1786381035543,2803122176,2803122176,3541942272,4875445200
1786381036549,2803122176,2803122176,3541942272,4875445200
1786381037553,2803122176,2803122176,3541942272,4875445200
1786381038564,2803122176,2803122176,3541942272,4875461584
1786381039568,2803122176,2803122176,3541942272,4875445200
1786381040570,2803122176,2803122176,3541942272,4875461584
1786381041580,2803122176,2803122176,3541942272,4875445200
1786381042587,2803122176,2803122176,3541942272,4875445200
1786381043593,2803122176,2803122176,3541942272,4875445200
1786381044600,2803122176,2803122176,3541942272,4875445200
1786381045609,2803122176,2803122176,3541942272,4875445200
1786381046612,2803122176,2803122176,3541942272,4875445200
1786381047615,2803122176,2803122176,3541942272,4875445200
1786381048618,2803122176,2803122176,3541942272,4875445200
1786381049626,2803122176,2803122176,3541942272,4875445200
1786381050631,2803122176,2803122176,3541942272,4875445200
1786381051641,2803122176,2803122176,3541942272,4875461584
1786381052643,2803122176,2803122176,3541942272,4875445200
1786381053647,2803122176,2803122176,3541942272,4875445200
1786381054652,2803122176,2803122176,3541942272,4875445200
1786381055658,2803122176,2803122176,3541942272,4875445200
1786381056667,2803122176,2803122176,3541942272,4875445200
1786381057671,2803122176,2803122176,3541942272,4875445200
1786381058673,2803122176,2803122176,3541942272,4875445200
1786381059682,2803122176,2803122176,3541942272,4875461584
1786381060688,2803122176,2803122176,3541942272,4875445200
1786381061693,2803122176,2803122176,3541942272,4875445200
1786381062697,2803122176,2803122176,3541942272,4875445200
1786381063700,2803122176,2803122176,3541942272,4875445200
1786381064706,2803122176,2803122176,3541942272,4875445200
1786381065713,2803122176,2803122176,3541942272,4875445200
1786381066720,2803122176,2803122176,3541942272,4875461584
1786381067723,2803122176,2803122176,3541942272,4875445200
1786381068726,2803122176,2803122176,3541942272,4875445200
1786381069737,2803122176,2803122176,3541942272,4875445200
1786381070744,2803122176,2803122176,3541942272,4875445200
1786381071754,2803122176,2803122176,3541942272,4875445200
1786381072756,2803122176,2803122176,3541942272,4875445200
1786381073763,2803122176,2803122176,3541942272,4875445200
1786381074774,2803122176,2803122176,3541942272,4875445200
1786381075778,2803122176,2803122176,3541942272,4875445200
1786381076785,2803122176,2803122176,3541942272,4875445200
1786381077792,2803122176,2803122176,3541942272,4875445200
1786381078802,2803122176,2803122176,3541942272,4875445200
1786381079805,2803122176,2803122176,3541942272,4875445200
1786381080807,2803122176,2803122176,3541942272,4876493776
1786381081810,2803122176,2803122176,3541942272,4875445200
1786381082817,2803122176,2803122176,3541942272,4875445200
1786381083823,2803122176,2803122176,3541942272,4875445200
1786381084830,2803122176,2803122176,3541942272,4875445200
1786381085840,2803122176,2803122176,3541942272,4875445200
1786381086842,2803122176,2803122176,3541942272,4875445200
1786381087849,2803122176,2803122176,3541942272,4875445200
1786381088860,2803122176,2803122176,3541942272,4875445200
1786381089862,2834841600,2834841600,3573661696,4872135632
1786381090864,2834841600,2834841600,3573661696,4872135632
1786381091870,2863546368,2863546368,3602366464,4840793040
1786381092879,2863546368,2863546368,3602366464,4840793040
1786381093887,2863546368,2863546368,3602366464,4840776656
1786381094896,2863546368,2863546368,3602366464,4840776656
1786381095899,2863546368,2863546368,3602366464,4840776656
1786381096907,2863546368,2863546368,3602366464,4840776656
1786381097909,2863546368,2863546368,3602366464,4840776656
1786381098917,2863546368,2863546368,3602366464,4840776656
1786381099919,2863546368,2863546368,3602366464,4840776656
1786381100930,2863546368,2863546368,3602366464,4840776656
1786381101932,2863546368,2863546368,3602366464,4840776656
1786381102942,2863546368,2863546368,3602366464,4840776656
1786381103950,2863546368,2863546368,3602366464,4840776656
1786381104954,2863546368,2863546368,3602366464,4840776656
1786381105963,2863546368,2863546368,3602366464,4840776656
1786381106967,2863546368,2863546368,3602366464,4840776656
1786381107971,2863546368,2863546368,3602366464,4840776656
1786381108976,2863546368,2863546368,3602366464,4840776656
1786381109977,2863546368,2863546368,3602366464,4840793040
1786381110986,2863546368,2863546368,3602366464,4840793040
1786381111996,2863546368,2863546368,3602366464,4840793040
1786381113004,2863546368,2863546368,3602366464,4840793040
1786381114015,2863546368,2863546368,3602366464,4840793040
1786381115021,2863546368,2863546368,3602366464,4840793040
1786381116032,2863546368,2863546368,3602366464,4840793040
1786381117037,2863546368,2863546368,3602366464,4840793040
1786381118042,2863546368,2863546368,3602366464,4840793040
1786381119052,2863546368,2863546368,3602366464,4840793040
1786381120054,2863546368,2863546368,3602366464,4840793040
1786381121060,2863546368,2863546368,3602366464,4840793040
1786381122063,2863546368,2863546368,3602366464,4840793040
1786381123068,2863546368,2863546368,3602366464,4840793040
1786381124072,2863546368,2863546368,3602366464,4840793040
1786381125081,2863546368,2863546368,3602366464,4840793040
1786381126090,2863546368,2863546368,3602366464,4840793040
1786381127094,2863546368,2863546368,3602366464,4840809424
1786381128095,2863546368,2863546368,3602366464,4840793040
1786381129098,2863546368,2863546368,3602366464,4840793040
1786381130099,2863546368,2863546368,3602366464,4840793040
1786381131102,2863546368,2863546368,3602366464,4840793040
1786381132112,2863546368,2863546368,3602366464,4840793040
1786381133118,2863546368,2863546368,3602366464,4840793040
1786381134121,2863546368,2863546368,3602366464,4840793040
1786381135124,2863546368,2863546368,3602366464,4840793040
1786381136131,2863546368,2863546368,3602366464,4840793040
1786381137138,2863546368,2863546368,3602366464,4840793040
1786381138140,2863546368,2863546368,3602366464,4840793040
1786381139142,2863546368,2863546368,3602366464,4840793040
1786381140149,2863546368,2863546368,3602366464,4841841616
1786381141150,2863546368,2863546368,3602366464,4841858000
1786381142154,2863546368,2863546368,3602366464,4840809424
1786381143160,2863546368,2863546368,3602366464,4840809424
1786381144163,2863546368,2863546368,3602366464,4840809424
1786381145172,2863546368,2863546368,3602366464,4840809424
1786381146183,2863546368,2863546368,3602366464,4840809424
1786381147187,2863546368,2863546368,3602366464,4840809424
1786381148193,2863546368,2863546368,3602366464,4840809424
1786381149195,2863546368,2863546368,3602366464,4840809424
1786381150198,2863546368,2863546368,3602366464,4840809424
1786381151201,2863546368,2863546368,3602366464,4840825808
1786381152209,2863546368,2863546368,3602366464,4840825808
1786381153218,2863546368,2863546368,3602366464,4840825808
1786381154223,2863546368,2863546368,3602366464,4840825808
1786381155229,2863546368,2863546368,3602366464,4840825808
1786381156238,2863546368,2863546368,3602366464,4840825808
1786381157245,2863546368,2863546368,3602366464,4840842192
1786381158250,2863546368,2863546368,3602366464,4840825808
1786381159252,2863546368,2863546368,3602366464,4840825808
1786381160258,2863546368,2863546368,3602366464,4840825808
1786381161262,2863546368,2863546368,3602366464,4840825808
1786381162266,2863546368,2863546368,3602366464,4840825808
1786381163276,2863546368,2863546368,3602366464,4840825808
1786381164280,2863546368,2863546368,3602366464,4840825808
1786381165283,2863546368,2863546368,3602366464,4840825808
1786381166286,2863546368,2863546368,3602366464,4840825808
1786381167293,2863546368,2863546368,3602366464,4840825808
1786381168298,2863546368,2863546368,3602366464,4840825808
1786381169304,2863546368,2863546368,3602366464,4840825808
1786381170310,2863546368,2863546368,3602366464,4840825808
1786381171320,2863546368,2863546368,3602366464,4840825808
1786381172329,2863546368,2863546368,3602366464,4840825808
1786381173332,2863546368,2863546368,3602366464,4840825808
1786381174334,2863546368,2863546368,3602366464,4840825808
1786381175344,2863546368,2863546368,3602366464,4840842192
1786381176348,2863546368,2863546368,3602366464,4840842192
1786381177357,2863546368,2863546368,3602366464,4840842192
1786381178361,2863546368,2863546368,3602366464,4840842192
1786381179372,2863546368,2863546368,3602366464,4840842192
1786381180377,2863546368,2863546368,3602366464,4840842192
1786381181380,2863546368,2863546368,3602366464,4840842192
1786381182382,2863546368,2863546368,3602366464,4840842192
1786381183389,2863546368,2863546368,3602366464,4840842192
1786381184391,2863546368,2863546368,3602366464,4840842192
1786381185400,2863546368,2863546368,3602366464,4840842192
1786381186411,2863546368,2863546368,3602366464,4840842192
1786381187415,2863546368,2863546368,3602366464,4840858576
1786381188417,2863546368,2863546368,3602366464,4840842192
1786381189419,2863546368,2863546368,3602366464,4840842192
1786381190427,2863546368,2863546368,3602366464,4840842192
1786381191429,2863546368,2863546368,3602366464,4840842192
1786381192432,2863546368,2863546368,3602366464,4840842192
1786381193434,2863546368,2863546368,3602366464,4840842192
1786381194447,2863546368,2863546368,3602366464,4840842192
1786381195451,2863546368,2863546368,3602366464,4840858576
1786381196459,2863546368,2863546368,3602366464,4840874960
1786381197467,2863546368,2863546368,3602366464,4840907728
1786381198469,2863546368,2863546368,3602366464,4840924112
1786381199472,2863546368,2863546368,3602366464,4840940496
1786381200482,2863546368,2863546368,3602366464,4841989072
1786381201491,2863546368,2863546368,3602366464,4840956880
1786381202496,2863546368,2863546368,3602366464,4840956880
1786381203503,2863546368,2863546368,3602366464,4840956880
1786381204509,2863546368,2863546368,3602366464,4840973264
1786381205511,2863546368,2863546368,3602366464,4840956880
1786381206522,2863546368,2863546368,3602366464,4840956880
1786381207530,2863546368,2863546368,3602366464,4840973264
1786381208539,2863546368,2863546368,3602366464,4840989648
1786381209547,2863546368,2863546368,3602366464,4840989648
1786381210550,2863546368,2863546368,3602366464,4840989648
1786381211554,2863546368,2863546368,3602366464,4841006032
1786381212564,2863546368,2863546368,3602366464,4841022416
1786381213571,2863546368,2863546368,3602366464,4841022416
1786381214582,2863546368,2863546368,3602366464,4841022416
1786381215588,2863546368,2863546368,3602366464,4841022416
1786381216597,2863546368,2863546368,3602366464,4841022416
1786381217601,2863546368,2863546368,3602366464,4841022416
1786381218603,2863546368,2863546368,3602366464,4841022416
1786381219604,2863546368,2863546368,3602366464,4841022416
1786381220612,2863546368,2863546368,3602366464,4841038800
1786381221615,2863546368,2863546368,3602366464,4841022416
1786381222620,2863546368,2863546368,3602366464,4841022416
1786381223626,2863546368,2863546368,3602366464,4841022416
1786381224636,2863546368,2863546368,3602366464,4841022416
1786381225647,2863546368,2863546368,3602366464,4841022416
1786381226659,2863546368,2863546368,3602366464,4841022416
1786381227661,2863546368,2863546368,3602366464,4841022416
1786381228664,2863546368,2863546368,3602366464,4841022416
1786381229675,2863546368,2863546368,3602366464,4841038800
1786381230678,2863546368,2863546368,3602366464,4841022416
1786381231680,2863546368,2863546368,3602366464,4841022416
1786381232682,2863546368,2863546368,3602366464,4841022416
1786381233688,2863546368,2863546368,3602366464,4841022416
1786381234698,2863546368,2863546368,3602366464,4841022416
1786381235708,2863546368,2863546368,3602366464,4841022416
1786381236716,2863546368,2863546368,3602366464,4841022416
1786381237719,2863546368,2863546368,3602366464,4841022416
1786381238731,2863546368,2863546368,3602366464,4841022416
1786381239736,2863546368,2863546368,3602366464,4841022416
1786381240738,2863546368,2863546368,3602366464,4841022416
1786381241742,2863546368,2863546368,3602366464,4841022416
1786381242746,2863546368,2863546368,3602366464,4841022416
1786381243755,2863546368,2863546368,3602366464,4841022416
1786381244758,2863546368,2863546368,3602366464,4841022416
1786381245766,2863546368,2863546368,3602366464,4841022416
1786381246774,2863546368,2863546368,3602366464,4841038800
1786381247785,2863546368,2863546368,3602366464,4841038800
1786381248793,2863546368,2863546368,3602366464,4841022416
1786381249795,2863546368,2863546368,3602366464,4841022416
1786381250801,2863546368,2863546368,3602366464,4841022416
1786381251811,2863546368,2863546368,3602366464,4841022416
1786381252822,2863546368,2863546368,3602366464,4841022416
1786381253824,2863546368,2863546368,3602366464,4841022416
1786381254831,2863546368,2863546368,3602366464,4841022416
1786381255835,2863546368,2863546368,3602366464,4841022416
1786381256844,2863546368,2863546368,3602366464,4841022416
1786381257849,2863546368,2863546368,3602366464,4841022416
1786381258860,2863546368,2863546368,3602366464,4841022416
1786381259872,2863546368,2863546368,3602366464,4841022416
1786381260881,2863546368,2863546368,3602366464,4842120144
1786381261892,2863546368,2863546368,3602366464,4841071568
1786381262899,2863546368,2863546368,3602366464,4841071568
1786381263904,2863546368,2863546368,3602366464,4841071568
1786381264913,2863546368,2863546368,3602366464,4841071568
1786381265923,2863546368,2863546368,3602366464,4841071568
1786381266925,2863546368,2863546368,3602366464,4841087952
1786381267933,2863546368,2863546368,3602366464,4841071568
1786381268942,2863546368,2863546368,3602366464,4841071568
1786381269945,2863546368,2863546368,3602366464,4841071568
1786381270951,2863546368,2863546368,3602366464,4841071568
1786381271958,2863546368,2863546368,3602366464,4841071568
1786381272962,2863546368,2863546368,3602366464,4841087952
1786381273969,2863546368,2863546368,3602366464,4841087952
1786381274971,2863546368,2863546368,3602366464,4841087952
1786381275979,2863546368,2863546368,3602366464,4841104336
1786381276982,2863546368,2863546368,3602366464,4841104336
1786381277984,2863546368,2863546368,3602366464,4841104336
1786381278995,2863546368,2863546368,3602366464,4841104336
1786381280003,2863546368,2863546368,3602366464,4841137104
1786381281011,2863546368,2863546368,3602366464,4841120720
1786381282021,2863546368,2863546368,3602366464,4841120720
1786381283026,2863546368,2863546368,3602366464,4841120720
1786381284028,2863546368,2863546368,3602366464,4841120720
1786381285040,2863546368,2863546368,3602366464,4841120720
1786381286044,2863546368,2863546368,3602366464,4841120720
1786381287048,2863546368,2863546368,3602366464,4841120720
1786381288060,2863546368,2863546368,3602366464,4841120720
1786381289068,2863546368,2863546368,3602366464,4841120720
1786381290078,2863546368,2863546368,3602366464,4841120720
1786381291080,2863546368,2863546368,3602366464,4841120720
1786381292082,2863546368,2863546368,3602366464,4841120720
1786381293095,2863546368,2863546368,3602366464,4841120720
1786381294097,2863546368,2863546368,3602366464,4841120720
1786381295101,2863546368,2863546368,3602366464,4841137104
1786381296110,2863546368,2863546368,3602366464,4841120720
1786381297118,2863546368,2863546368,3602366464,4841120720
1786381298123,2863546368,2863546368,3602366464,4841120720
1786381299135,2863546368,2863546368,3602366464,4841137104
1786381300138,2863546368,2863546368,3602366464,4841120720
1786381301147,2863546368,2863546368,3602366464,4841120720
1786381302154,2863546368,2863546368,3602366464,4841120720
1786381303162,2863546368,2863546368,3602366464,4841120720
1786381304170,2863546368,2863546368,3602366464,4841137104
1786381305174,2863546368,2863546368,3602366464,4841137104
1786381306177,2863546368,2863546368,3602366464,4841137104
1786381307185,2863546368,2863546368,3602366464,4841153488
1786381308194,2863546368,2863546368,3602366464,4841137104
1786381309205,2863546368,2863546368,3602366464,4841137104
1786381310210,2863546368,2863546368,3602366464,4841137104
1786381311220,2863546368,2863546368,3602366464,4841137104
1786381312228,2863546368,2863546368,3602366464,4841137104
1786381313233,2863546368,2863546368,3602366464,4841137104
1786381314235,2863546368,2863546368,3602366464,4841137104
1786381315237,2863546368,2863546368,3602366464,4841137104
1786381316248,2863546368,2863546368,3602366464,4841137104
1786381317251,2863546368,2863546368,3602366464,4841137104
1786381318253,2863546368,2863546368,3602366464,4841137104
1786381319255,2863546368,2863546368,3602366464,4841137104
1786381320259,2863546368,2863546368,3602366464,4842185680
1786381321270,2863546368,2863546368,3602366464,4842185680
1786381322274,2863546368,2863546368,3602366464,4841137104
1786381323282,2863546368,2863546368,3602366464,4841137104
1786381324290,2863546368,2863546368,3602366464,4841137104
1786381325293,2863546368,2863546368,3602366464,4841137104
1786381326302,2863546368,2863546368,3602366464,4841137104
1786381327309,2863546368,2863546368,3602366464,4841137104
1786381328314,2863546368,2863546368,3602366464,4841137104
1786381329322,2863546368,2863546368,3602366464,4841137104
1786381330328,2863546368,2863546368,3602366464,4841137104
1786381331330,2863546368,2863546368,3602366464,4841153488
1786381332342,2863546368,2863546368,3602366464,4841137104
1786381333352,2863546368,2863546368,3602366464,4841137104
1786381334361,2863546368,2863546368,3602366464,4841137104
1786381335370,2863546368,2863546368,3602366464,4841137104
1786381336372,2863546368,2863546368,3602366464,4841137104
1786381337380,2863546368,2863546368,3602366464,4841169872
1786381338390,2863546368,2863546368,3602366464,4841169872
1786381339393,2863546368,2863546368,3602366464,4841153488
1786381340402,2863546368,2863546368,3602366464,4841153488
1786381341404,2863546368,2863546368,3602366464,4841153488
1786381342414,2863546368,2863546368,3602366464,4841153488
1786381343421,2863546368,2863546368,3602366464,4841153488
1786381344430,2863546368,2863546368,3602366464,4841153488
1786381345434,2863546368,2863546368,3602366464,4841153488
1786381346444,2863546368,2863546368,3602366464,4841153488
1786381347453,2863546368,2863546368,3602366464,4841153488
1786381348458,2863546368,2863546368,3602366464,4841153488
1786381349466,2863546368,2863546368,3602366464,4841153488
1786381350476,2863546368,2863546368,3602366464,4841153488
1786381351477,2863546368,2863546368,3602366464,4841153488
1786381352487,2863546368,2863546368,3602366464,4841153488
1786381353491,2863546368,2863546368,3602366464,4841153488
1786381354492,2863546368,2863546368,3602366464,4841153488
1786381355496,2863546368,2863546368,3602366464,4841153488
1786381356505,2953756672,2953756672,3692576768,4729299920
1786381357514,2953756672,2953756672,3692576768,4729299920
1786381358520,3013099520,3013099520,3751919616,4681425872
1786381359528,3013099520,3013099520,3751919616,4681425872
1786381360533,3013099520,3013099520,3751919616,4681425872
1786381361544,3013099520,3013099520,3751919616,4681425872
1786381362550,3013099520,3013099520,3751919616,4681425872
1786381363561,3013099520,3013099520,3751919616,4681425872
1786381364568,3013099520,3013099520,3751919616,4681425872
1786381365572,3013099520,3013099520,3751919616,4681425872
1786381366576,3013099520,3013099520,3751919616,4681425872
1786381367581,3013099520,3013099520,3751919616,4681425872
1786381368586,3013099520,3013099520,3751919616,4681425872
1786381369591,3013099520,3013099520,3751919616,4681425872
1786381370594,3013099520,3013099520,3751919616,4681425872
1786381371602,3013099520,3013099520,3751919616,4681425872
1786381372609,3013099520,3013099520,3751919616,4681425872
1786381373618,3013099520,3013099520,3751919616,4681425872
1786381374628,3013099520,3013099520,3751919616,4681425872
1786381375633,3013099520,3013099520,3751919616,4681442256
1786381376642,3013099520,3013099520,3751919616,4681425872
1786381377648,3013099520,3013099520,3751919616,4681425872
1786381378650,3013099520,3013099520,3751919616,4681425872
1786381379656,3013099520,3013099520,3751919616,4681425872
1786381380660,3013099520,3013099520,3751919616,4682474448
1786381381667,3013099520,3013099520,3751919616,4681425872
1786381382676,3013099520,3013099520,3751919616,4681425872
1786381383682,3013099520,3013099520,3751919616,4681425872
1786381384688,3013099520,3013099520,3751919616,4681425872
1786381385694,3013099520,3013099520,3751919616,4681425872
1786381386704,3013099520,3013099520,3751919616,4681425872
1786381387706,3013099520,3013099520,3751919616,4681425872
1786381388714,3013099520,3013099520,3751919616,4681425872
1786381389717,3013099520,3013099520,3751919616,4681425872
1786381390724,3013099520,3013099520,3751919616,4681425872
1786381391727,3013099520,3013099520,3751919616,4681425872
1786381392729,3013099520,3013099520,3751919616,4681425872
1786381393741,3013099520,3013099520,3751919616,4681425872
1786381394742,3013099520,3013099520,3751919616,4681425872
1786381395745,3013099520,3013099520,3751919616,4681425872
1786381396748,3013099520,3013099520,3751919616,4681425872
1786381397754,3013099520,3013099520,3751919616,4681425872
1786381398757,3013099520,3013099520,3751919616,4681425872
1786381399764,3013099520,3013099520,3751919616,4681425872
1786381400767,3013099520,3013099520,3751919616,4681425872
1786381401778,3013099520,3013099520,3751919616,4681425872
1786381402785,3013099520,3013099520,3751919616,4681425872
1786381403793,3013099520,3013099520,3751919616,4681425872
1786381404801,3013099520,3013099520,3751919616,4681425872
1786381405812,3013099520,3013099520,3751919616,4681425872
1786381406818,3013099520,3013099520,3751919616,4681425872
1786381407826,3013099520,3013099520,3751919616,4681425872
1786381408829,3013099520,3013099520,3751919616,4681425872
1786381409838,3013099520,3013099520,3751919616,4681425872
1786381410841,3013099520,3013099520,3751919616,4681425872
1786381411843,3013099520,3013099520,3751919616,4681425872
1786381412846,3013099520,3013099520,3751919616,4681425872
1786381413852,3013099520,3013099520,3751919616,4681425872
1786381414860,3013099520,3013099520,3751919616,4681425872
1786381415870,3013099520,3013099520,3751919616,4681425872
1786381416872,3013099520,3013099520,3751919616,4681425872
1786381417879,3013099520,3013099520,3751919616,4681425872
1786381418886,3013099520,3013099520,3751919616,4681425872
1786381419888,3013099520,3013099520,3751919616,4681425872
1786381420896,3013099520,3013099520,3751919616,4681425872
1786381421907,3013099520,3013099520,3751919616,4681425872
1786381422913,3013099520,3013099520,3751919616,4681425872
1786381423917,3013099520,3013099520,3751919616,4681425872
1786381424920,3013099520,3013099520,3751919616,4681425872
1786381425932,3013099520,3013099520,3751919616,4681442256
1786381426937,3013099520,3013099520,3751919616,4681425872
1786381427939,3013099520,3013099520,3751919616,4681425872
1786381428944,3013099520,3013099520,3751919616,4681425872
1786381429953,3013099520,3013099520,3751919616,4681425872
1786381430955,3013099520,3013099520,3751919616,4681425872
1786381431964,3013099520,3013099520,3751919616,4681425872
1786381432976,3013099520,3013099520,3751919616,4681425872
1786381433987,3013099520,3013099520,3751919616,4681425872
1786381434994,3013099520,3013099520,3751919616,4681425872
1786381435996,3013099520,3013099520,3751919616,4681425872
1786381437008,3013099520,3013099520,3751919616,4681442256
1786381438012,3013099520,3013099520,3751919616,4681425872
1786381439015,3013099520,3013099520,3751919616,4681425872
1786381440033,3013099520,3013099520,3751919616,4681425872
1786381441046,3013099520,3013099520,3751919616,4682474448
1786381442050,3013099520,3013099520,3751919616,4681425872
1786381443053,3013099520,3013099520,3751919616,4681425872
1786381444056,3013099520,3013099520,3751919616,4681425872
1786381445060,3013099520,3013099520,3751919616,4681425872
1786381446063,3013099520,3013099520,3751919616,4681425872
1786381447069,3013099520,3013099520,3751919616,4681425872
1786381448072,3013099520,3013099520,3751919616,4681425872
1786381449082,3013099520,3013099520,3751919616,4681425872
1786381450090,3013099520,3013099520,3751919616,4681425872
1786381451091,3013099520,3013099520,3751919616,4681425872
1786381452102,3013099520,3013099520,3751919616,4681425872
1786381453109,3013099520,3013099520,3751919616,4681425872
1786381454119,3013099520,3013099520,3751919616,4681425872
1786381455126,3013099520,3013099520,3751919616,4681425872
1786381456133,3013099520,3013099520,3751919616,4681425872
1786381457140,3013099520,3013099520,3751919616,4681442256
1786381458145,3013099520,3013099520,3751919616,4681425872
1786381459155,3013099520,3013099520,3751919616,4681425872
1786381460157,3013099520,3013099520,3751919616,4681442256
1786381461166,3013099520,3013099520,3751919616,4681442256
1786381462173,3013099520,3013099520,3751919616,4681442256
1786381463183,3013099520,3013099520,3751919616,4681442256
1786381464193,3013099520,3013099520,3751919616,4681442256
1786381465202,3013099520,3013099520,3751919616,4681442256
1786381466215,3013099520,3013099520,3751919616,4681458640
1786381467223,3013099520,3013099520,3751919616,4681442256
1786381468234,3013099520,3013099520,3751919616,4681442256
1786381469236,3013099520,3013099520,3751919616,4681442256
1786381470247,3013099520,3013099520,3751919616,4681442256
1786381471255,3013099520,3013099520,3751919616,4681442256
1786381472264,3013099520,3013099520,3751919616,4681442256
1786381473271,3013099520,3013099520,3751919616,4681442256
1786381474278,3013099520,3013099520,3751919616,4681442256
1786381475281,3013099520,3013099520,3751919616,4681442256
1786381476291,3013099520,3013099520,3751919616,4681442256
1786381477296,3013099520,3013099520,3751919616,4681442256
1786381478306,3013099520,3013099520,3751919616,4681442256
1786381479308,3013099520,3013099520,3751919616,4681442256
1786381480318,3013099520,3013099520,3751919616,4681442256
1786381481320,3013099520,3013099520,3751919616,4681442256
1786381482329,3013099520,3013099520,3751919616,4681442256
1786381483333,3013099520,3013099520,3751919616,4681442256
1786381484343,3013099520,3013099520,3751919616,4681442256
1786381485351,3013099520,3013099520,3751919616,4681442256
1786381486358,3013099520,3013099520,3751919616,4681442256
1786381487363,3013099520,3013099520,3751919616,4681442256
1786381488375,3013099520,3013099520,3751919616,4681442256
1786381489383,3013099520,3013099520,3751919616,4681442256
1786381490393,3013099520,3013099520,3751919616,4681442256
1786381491395,3013099520,3013099520,3751919616,4681442256
1786381492404,3013099520,3013099520,3751919616,4681442256
1786381493413,3013099520,3013099520,3751919616,4681458640
1786381494416,3013099520,3013099520,3751919616,4681442256
1786381495418,3013099520,3013099520,3751919616,4681442256
1786381496424,3013099520,3013099520,3751919616,4681442256
1786381497428,3013099520,3013099520,3751919616,4681442256
1786381498439,3013099520,3013099520,3751919616,4681442256
1786381499448,3013099520,3013099520,3751919616,4681442256
1786381500454,3013099520,3013099520,3751919616,4682490832
1786381501459,3013099520,3013099520,3751919616,4681442256
1786381502466,3013099520,3013099520,3751919616,4681442256
1786381503472,3013099520,3013099520,3751919616,4681442256
1786381504479,3013099520,3013099520,3751919616,4681442256
1786381505486,3013099520,3013099520,3751919616,4681442256
1786381506497,3013099520,3013099520,3751919616,4681442256
1786381507499,3013099520,3013099520,3751919616,4681442256
1786381508507,3013099520,3013099520,3751919616,4681458640
1786381509517,3013099520,3013099520,3751919616,4681442256
1786381510521,3013099520,3013099520,3751919616,4681442256
1786381511529,3013099520,3013099520,3751919616,4681458640
1786381512531,3013099520,3013099520,3751919616,4681442256
1786381513542,3013099520,3013099520,3751919616,4681442256
1786381514548,3013099520,3013099520,3751919616,4681442256
1786381515551,3013099520,3013099520,3751919616,4681442256
1786381516554,3013099520,3013099520,3751919616,4681442256
1786381517556,3013099520,3013099520,3751919616,4681442256
1786381518566,3013099520,3013099520,3751919616,4681442256
1786381519569,3013099520,3013099520,3751919616,4681442256
1786381520572,3013099520,3013099520,3751919616,4681458640
1786381521579,3013099520,3013099520,3751919616,4681458640
1786381522586,3013099520,3013099520,3751919616,4681475024
1786381523595,3013099520,3013099520,3751919616,4681458640
1786381524601,3013099520,3013099520,3751919616,4681458640
1786381525609,3013099520,3013099520,3751919616,4681458640
1786381526612,3013099520,3013099520,3751919616,4681458640
1786381527620,3013099520,3013099520,3751919616,4681458640
1786381528623,3013099520,3013099520,3751919616,4681458640
1786381529631,3013099520,3013099520,3751919616,4681458640
1786381530642,3013099520,3013099520,3751919616,4681458640
1786381531643,3013099520,3013099520,3751919616,4681458640
1786381532645,3013099520,3013099520,3751919616,4681458640
1786381533647,3013099520,3013099520,3751919616,4681458640
1786381534654,3013099520,3013099520,3751919616,4681458640
1786381535666,3013099520,3013099520,3751919616,4681458640
1786381536675,3013099520,3013099520,3751919616,4681458640
1786381537681,3013099520,3013099520,3751919616,4681458640
1786381538685,3013099520,3013099520,3751919616,4681458640
1786381539688,3013099520,3013099520,3751919616,4681458640
1786381540698,3013099520,3013099520,3751919616,4681458640
1786381541701,3013099520,3013099520,3751919616,4681458640
1786381542706,3013099520,3013099520,3751919616,4681458640
1786381543711,3013099520,3013099520,3751919616,4681458640
1786381544716,3013099520,3013099520,3751919616,4681458640
1786381545719,3013099520,3013099520,3751919616,4681458640
1786381546722,3013099520,3013099520,3751919616,4681458640
1786381547724,3013099520,3013099520,3751919616,4681458640
1786381548731,3013099520,3013099520,3751919616,4681458640
1786381549739,3013099520,3013099520,3751919616,4681458640
1786381550748,3013099520,3013099520,3751919616,4681458640
1786381551750,3013099520,3013099520,3751919616,4681458640
1786381552753,3013099520,3013099520,3751919616,4681458640
1786381553764,3013099520,3013099520,3751919616,4681458640
1786381554773,3013099520,3013099520,3751919616,4681458640
1786381555776,3013099520,3013099520,3751919616,4681458640
1786381556787,3013099520,3013099520,3751919616,4681458640
1786381557791,3013099520,3013099520,3751919616,4681458640
1786381558797,3013099520,3013099520,3751919616,4681458640
1786381559807,3013099520,3013099520,3751919616,4681458640
1786381560814,3013099520,3013099520,3751919616,4682507216
1786381561816,3013099520,3013099520,3751919616,4681458640
1786381562819,3013099520,3013099520,3751919616,4681458640
1786381563823,3013099520,3013099520,3751919616,4681458640
1786381564831,3013099520,3013099520,3751919616,4681458640
1786381565840,3013099520,3013099520,3751919616,4681458640
1786381566842,3013099520,3013099520,3751919616,4681458640
1786381567847,3013099520,3013099520,3751919616,4681458640
1786381568855,3013099520,3013099520,3751919616,4681458640
1786381569861,3013099520,3013099520,3751919616,4681458640
1786381570864,3013099520,3013099520,3751919616,4681458640
1786381571874,3013099520,3013099520,3751919616,4681458640
1786381572880,3013099520,3013099520,3751919616,4681458640
1786381573885,3013099520,3013099520,3751919616,4681458640
1786381574892,3013099520,3013099520,3751919616,4681458640
1786381575899,3013099520,3013099520,3751919616,4681458640
1786381576911,3013099520,3013099520,3751919616,4681475024
1786381577915,3013099520,3013099520,3751919616,4681458640
1786381578919,3013099520,3013099520,3751919616,4681458640
1786381579921,3013099520,3013099520,3751919616,4681458640
1786381580923,3013099520,3013099520,3751919616,4681458640
1786381581933,3013099520,3013099520,3751919616,4681458640
1786381582941,3013099520,3013099520,3751919616,4681458640
1786381583951,3013099520,3013099520,3751919616,4681458640
1786381584954,3013099520,3013099520,3751919616,4681458640
1786381585964,3013099520,3013099520,3751919616,4681458640
1786381586966,3013099520,3013099520,3751919616,4681507792
1786381587969,3013099520,3013099520,3751919616,4681507792
1786381588971,3013099520,3013099520,3751919616,4681507792
1786381589972,3013099520,3013099520,3751919616,4681507792
1786381590984,3013099520,3013099520,3751919616,4681507792
1786381591991,3013099520,3013099520,3751919616,4681507792
1786381593001,3013099520,3013099520,3751919616,4681507792
1786381594008,3013099520,3013099520,3751919616,4681507792
1786381595013,3013099520,3013099520,3751919616,4681507792
1786381596016,3013099520,3013099520,3751919616,4681507792
1786381597023,3013099520,3013099520,3751919616,4681507792
1786381598029,3013099520,3013099520,3751919616,4681507792
1786381599031,3013099520,3013099520,3751919616,4681507792
1786381600039,3013099520,3013099520,3751919616,4681507792
1786381601042,3013099520,3013099520,3751919616,4681507792
1786381602044,3013099520,3013099520,3751919616,4681507792
1786381603047,3013099520,3013099520,3751919616,4681507792
1786381604051,3013099520,3013099520,3751919616,4681507792
1786381605054,3013099520,3013099520,3751919616,4681507792
1786381606060,3013099520,3013099520,3751919616,4681507792
1786381607071,3013099520,3013099520,3751919616,4681524176
1786381608079,3013099520,3013099520,3751919616,4681589712
1786381609090,3013099520,3013099520,3751919616,4681589712
1786381610092,3013099520,3013099520,3751919616,4681589712
1786381611094,3013099520,3013099520,3751919616,4681589712
1786381612100,3013099520,3013099520,3751919616,4681589712
1786381613109,3013099520,3013099520,3751919616,4681589712
1786381614112,3013099520,3013099520,3751919616,4681589712
1786381615118,3013099520,3013099520,3751919616,4681606096
1786381616128,3013099520,3013099520,3751919616,4681589712
1786381617139,3013099520,3013099520,3751919616,4681589712
1786381618147,3013099520,3013099520,3751919616,4681589712
1786381619150,3013099520,3013099520,3751919616,4681589712
1786381620160,3013099520,3013099520,3751919616,4682638288
1786381621171,3013099520,3013099520,3751919616,4682654672
1786381622176,3013099520,3013099520,3751919616,4681589712
1786381623183,3013099520,3013099520,3751919616,4681589712
1786381624194,3013099520,3013099520,3751919616,4681589712
1786381625200,3013099520,3013099520,3751919616,4681589712
1786381626210,3013099520,3013099520,3751919616,4681589712
1786381627220,3013099520,3013099520,3751919616,4681589712
1786381628226,3013099520,3013099520,3751919616,4681589712
1786381629229,3013099520,3013099520,3751919616,4681589712
1786381630232,3013099520,3013099520,3751919616,4681589712
1786381631241,3013099520,3013099520,3751919616,4681589712
1786381632243,3013099520,3013099520,3751919616,4681589712
1786381633246,3013099520,3013099520,3751919616,4681589712
1786381634258,3013099520,3013099520,3751919616,4681589712
1786381635260,3013099520,3013099520,3751919616,4681589712
1786381636263,3013099520,3013099520,3751919616,4681589712
1786381637273,3013099520,3013099520,3751919616,4681606096
1786381638279,3013099520,3013099520,3751919616,4681589712
1786381639283,3013099520,3013099520,3751919616,4681589712
1786381640286,3013099520,3013099520,3751919616,4681589712
1786381641299,3013099520,3013099520,3751919616,4681589712
1786381642304,3013099520,3013099520,3751919616,4681606096
1786381643313,3013099520,3013099520,3751919616,4681606096
1786381644316,3013099520,3013099520,3751919616,4681589712
1786381645317,3013099520,3013099520,3751919616,4681589712
1786381646319,3013099520,3013099520,3751919616,4681589712
1786381647325,3013099520,3013099520,3751919616,4681589712
1786381648334,3013099520,3013099520,3751919616,4681606096
1786381649343,3013099520,3013099520,3751919616,4681606096
1786381650349,3013099520,3013099520,3751919616,4681589712
1786381651356,3013099520,3013099520,3751919616,4681589712
1786381652365,3013099520,3013099520,3751919616,4681589712
1786381653368,3013099520,3013099520,3751919616,4681589712
1786381654377,3013099520,3013099520,3751919616,4681589712
1786381655379,3013099520,3013099520,3751919616,4681589712
1786381656383,3013099520,3013099520,3751919616,4681589712
1786381657391,3013099520,3013099520,3751919616,4681589712
1786381658394,3013099520,3013099520,3751919616,4681589712
1786381659398,3013099520,3013099520,3751919616,4681589712
1786381660409,3013099520,3013099520,3751919616,4681589712
1786381661416,3013099520,3013099520,3751919616,4681589712
1786381662422,3013099520,3013099520,3751919616,4681589712
1786381663432,3013099520,3013099520,3751919616,4681606096
1786381664442,3013099520,3013099520,3751919616,4681589712
1786381665452,3013099520,3013099520,3751919616,4681589712
1786381666463,3013099520,3013099520,3751919616,4681589712
1786381667469,3013099520,3013099520,3751919616,4681589712
1786381668476,3013099520,3013099520,3751919616,4681589712
1786381669484,3013099520,3013099520,3751919616,4681589712
1786381670490,3013099520,3013099520,3751919616,4681589712
1786381671493,3013099520,3013099520,3751919616,4681606096
1786381672507,3013099520,3013099520,3751919616,4681589712
1786381673511,3013099520,3013099520,3751919616,4681589712
1786381674512,3013099520,3013099520,3751919616,4681589712
1786381675521,3013099520,3013099520,3751919616,4681589712
1786381676525,3013099520,3013099520,3751919616,4681589712
1786381677527,3013099520,3013099520,3751919616,4681589712
1786381678534,3013099520,3013099520,3751919616,4681606096
1786381679538,3013099520,3013099520,3751919616,4681589712
1786381680548,3013099520,3013099520,3751919616,4682720208
1786381681555,3013099520,3013099520,3751919616,4681688016
1786381682562,3013099520,3013099520,3751919616,4681671632
1786381683582,3013099520,3013099520,3751919616,4681671632
1786381684594,3013099520,3013099520,3751919616,4681671632
1786381685605,3013099520,3013099520,3751919616,4681671632
1786381686607,3013099520,3013099520,3751919616,4681671632
1786381687617,3013099520,3013099520,3751919616,4681671632
1786381688627,3013099520,3013099520,3751919616,4681671632
1786381689631,3013099520,3013099520,3751919616,4681671632
1786381690639,3013099520,3013099520,3751919616,4681671632
1786381691641,3013099520,3013099520,3751919616,4681671632
1786381692648,3013099520,3013099520,3751919616,4681671632
1786381693660,3013099520,3013099520,3751919616,4681688016
1786381694668,3013099520,3013099520,3751919616,4681671632
1786381695670,3013099520,3013099520,3751919616,4681671632
1786381696680,3013099520,3013099520,3751919616,4681671632
1786381697682,3013099520,3013099520,3751919616,4681671632
1786381698690,3013099520,3013099520,3751919616,4681671632
1786381699696,3013099520,3013099520,3751919616,4681671632
1786381700698,3013099520,3013099520,3751919616,4681671632
1786381701700,3013099520,3013099520,3751919616,4681671632
1786381702702,3013099520,3013099520,3751919616,4681671632
1786381703711,3013099520,3013099520,3751919616,4681671632
1786381704717,3013099520,3013099520,3751919616,4681671632
1786381705721,3013099520,3013099520,3751919616,4681671632
1786381706728,3013099520,3013099520,3751919616,4681671632
1786381707736,3013099520,3013099520,3751919616,4681671632
1786381708741,3013099520,3013099520,3751919616,4681671632
1786381709743,3013099520,3013099520,3751919616,4681671632
1786381710746,3013099520,3013099520,3751919616,4681671632
1786381711748,3013099520,3013099520,3751919616,4681688016
1786381712758,3013099520,3013099520,3751919616,4681704400
1786381713761,3013099520,3013099520,3751919616,4681720784
1786381714771,3013099520,3013099520,3751919616,4681720784
1786381715776,3013099520,3013099520,3751919616,4681737168
1786381716780,3013099520,3013099520,3751919616,4681753552
1786381717783,3013099520,3013099520,3751919616,4681753552
1786381718784,3013099520,3013099520,3751919616,4681769936
1786381719791,3013099520,3013099520,3751919616,4681769936
1786381720797,3013099520,3013099520,3751919616,4681769936
1786381721804,3013099520,3013099520,3751919616,4681769936
1786381722806,3013099520,3013099520,3751919616,4681786320
1786381723808,3013099520,3013099520,3751919616,4681786320
1786381724817,3013099520,3013099520,3751919616,4681786320
1786381725827,3013099520,3013099520,3751919616,4681786320
1786381726836,3013099520,3013099520,3751919616,4681802704
1786381727839,3013099520,3013099520,3751919616,4681802704
1786381728851,3013099520,3013099520,3751919616,4681802704
1786381729857,3013099520,3013099520,3751919616,4681802704
1786381730867,3013099520,3013099520,3751919616,4681819088
1786381731874,3013099520,3013099520,3751919616,4681819088
1786381732881,3013099520,3013099520,3751919616,4681819088
1786381733890,3013099520,3013099520,3751919616,4681819088
1786381734892,3013099520,3013099520,3751919616,4681819088
1786381735894,3013099520,3013099520,3751919616,4681819088
1786381736897,3013099520,3013099520,3751919616,4681819088
1786381737901,3013099520,3013099520,3751919616,4681819088
1786381738903,3013099520,3013099520,3751919616,4681819088
1786381739911,3013099520,3013099520,3751919616,4681819088
1786381740914,3013099520,3013099520,3751919616,4682867664
1786381741918,3013099520,3013099520,3751919616,4681819088
1786381742921,3013099520,3013099520,3751919616,4681819088
1786381743926,3013099520,3013099520,3751919616,4681819088
1786381744935,3013099520,3013099520,3751919616,4681819088
1786381745939,3013099520,3013099520,3751919616,4681819088
1786381746941,3013099520,3013099520,3751919616,4681819088
1786381747944,3013099520,3013099520,3751919616,4681819088
1786381748947,3013099520,3013099520,3751919616,4681819088
1786381749950,3013099520,3013099520,3751919616,4681819088
1786381750959,3013099520,3013099520,3751919616,4681819088
1786381751966,3013099520,3013099520,3751919616,4681819088
1786381752974,3013099520,3013099520,3751919616,4681819088
1786381753979,3013099520,3013099520,3751919616,4681819088
1786381754982,3013099520,3013099520,3751919616,4681819088
1786381755985,3013099520,3013099520,3751919616,4681819088
1786381756987,3013099520,3013099520,3751919616,4681819088
1786381757990,3013099520,3013099520,3751919616,4681835472
1786381758996,3013099520,3013099520,3751919616,4681835472
1786381759998,3013099520,3013099520,3751919616,4681819088
1786381761010,3013099520,3013099520,3751919616,4681835472
1786381762014,3013099520,3013099520,3751919616,4681835472
1786381763017,3013099520,3013099520,3751919616,4681835472
1786381764021,3013099520,3013099520,3751919616,4681835472
1786381765023,3013099520,3013099520,3751919616,4681835472
1786381766025,3013099520,3013099520,3751919616,4681835472
1786381767029,3013099520,3013099520,3751919616,4681835472
1786381768040,3013099520,3013099520,3751919616,4681835472
1786381769044,3013099520,3013099520,3751919616,4681835472
1786381770051,3013099520,3013099520,3751919616,4681835472
1786381771057,3013099520,3013099520,3751919616,4681835472
1786381772066,3013099520,3013099520,3751919616,4681835472
1786381773074,3013099520,3013099520,3751919616,4681835472
1786381774076,3013099520,3013099520,3751919616,4681835472
1786381775078,3013099520,3013099520,3751919616,4681835472
1786381776081,3013099520,3013099520,3751919616,4681835472
1786381777091,3013099520,3013099520,3751919616,4681835472
1786381778096,3013099520,3013099520,3751919616,4681835472
1786381779106,3013099520,3013099520,3751919616,4681835472
1786381780114,3013099520,3013099520,3751919616,4681835472
1786381781118,3013099520,3013099520,3751919616,4681835472
1786381782121,3013099520,3013099520,3751919616,4681835472
1786381783122,3013099520,3013099520,3751919616,4681835472
1786381784125,3013099520,3013099520,3751919616,4681835472
1786381785129,3013099520,3013099520,3751919616,4681835472
1786381786137,3013099520,3013099520,3751919616,4681835472
1786381787148,3013099520,3013099520,3751919616,4681851856
1786381788156,3013099520,3013099520,3751919616,4681868240
1786381789161,3013099520,3013099520,3751919616,4681851856
1786381790165,3013099520,3013099520,3751919616,4681868240
1786381791175,3013099520,3013099520,3751919616,4681851856
1786381792186,3013099520,3013099520,3751919616,4681851856
1786381793200,3013099520,3013099520,3751919616,4681868240
1786381794203,3013099520,3013099520,3751919616,4681851856
1786381795208,3013099520,3013099520,3751919616,4681851856
1786381796217,3013099520,3013099520,3751919616,4681851856
1786381797225,3013099520,3013099520,3751919616,4681851856
1786381798228,3013099520,3013099520,3751919616,4681851856
1786381799230,3013099520,3013099520,3751919616,4681851856
1786381800233,3013099520,3013099520,3751919616,4682900432
1786381801244,3013099520,3013099520,3751919616,4681851856
1786381802248,3013099520,3013099520,3751919616,4681851856
1786381803252,3013099520,3013099520,3751919616,4681851856
1786381804259,3013099520,3013099520,3751919616,4681851856
1786381805261,3013099520,3013099520,3751919616,4681851856
1786381806268,3013099520,3013099520,3751919616,4681851856
1786381807273,3013099520,3013099520,3751919616,4681851856
1786381808280,3013099520,3013099520,3751919616,4681851856
1786381809289,3013099520,3013099520,3751919616,4681851856
1786381810292,3013099520,3013099520,3751919616,4681851856
1786381811295,3013099520,3013099520,3751919616,4681851856
1786381812305,3013099520,3013099520,3751919616,4681884624
1786381813310,3013099520,3013099520,3751919616,4681884624
1786381814313,3013099520,3013099520,3751919616,4681884624
1786381815321,3013099520,3013099520,3751919616,4681884624
1786381816328,3013099520,3013099520,3751919616,4681884624
1786381817343,3013099520,3013099520,3751919616,4681901008
1786381818346,3013099520,3013099520,3751919616,4681884624
1786381819347,3013099520,3013099520,3751919616,4681884624
1786381820349,3013099520,3013099520,3751919616,4681884624
1786381821357,3013099520,3013099520,3751919616,4681884624
1786381822360,3013099520,3013099520,3751919616,4681884624
1786381823371,3013099520,3013099520,3751919616,4681884624
1786381824374,3013099520,3013099520,3751919616,4681884624
1786381825381,3013099520,3013099520,3751919616,4681884624
1786381826392,3013099520,3013099520,3751919616,4681884624
1786381827403,3013099520,3013099520,3751919616,4681884624
1786381828407,3013099520,3013099520,3751919616,4681884624
1786381829409,3013099520,3013099520,3751919616,4681884624
1786381830414,3013099520,3013099520,3751919616,4681884624
1786381831416,3013099520,3013099520,3751919616,4681884624
1786381832418,3013099520,3013099520,3751919616,4681884624
1786381833425,3013099520,3013099520,3751919616,4681884624
1786381834427,3013099520,3013099520,3751919616,4681884624
1786381835428,3013099520,3013099520,3751919616,4681884624
1786381836431,3013099520,3013099520,3751919616,4681884624
1786381837441,3013099520,3013099520,3751919616,4681884624
1786381838443,3013099520,3013099520,3751919616,4681884624
1786381839450,3013099520,3013099520,3751919616,4681884624
1786381840459,3013099520,3013099520,3751919616,4681884624
1786381841469,3013099520,3013099520,3751919616,4681917392
1786381842473,3013099520,3013099520,3751919616,4681917392
1786381843485,3013099520,3013099520,3751919616,4681917392
1786381844487,3013099520,3013099520,3751919616,4681917392
1786381845493,3013099520,3013099520,3751919616,4681917392
1786381846501,3013099520,3013099520,3751919616,4681917392
1786381847504,3013099520,3013099520,3751919616,4681917392
1786381848506,3013099520,3013099520,3751919616,4681917392
1786381849513,3013099520,3013099520,3751919616,4681917392
1786381850523,3013099520,3013099520,3751919616,4681917392
1786381851530,3013099520,3013099520,3751919616,4681917392
1786381852532,3013099520,3013099520,3751919616,4681917392
1786381853544,3013099520,3013099520,3751919616,4681933776
1786381854548,3013099520,3013099520,3751919616,4681917392
1786381855554,3013099520,3013099520,3751919616,4681917392
1786381856560,3013099520,3013099520,3751919616,4681917392
1786381857563,3013099520,3013099520,3751919616,4681917392
1786381858571,3013099520,3013099520,3751919616,4681917392
1786381859579,3013099520,3013099520,3751919616,4681917392
1786381860584,3013099520,3013099520,3751919616,4682965968
1786381861591,3013099520,3013099520,3751919616,4681917392
1786381862598,3013099520,3013099520,3751919616,4681917392
1786381863600,3013099520,3013099520,3751919616,4681917392
1786381864608,3013099520,3013099520,3751919616,4681917392
1786381865617,3013099520,3013099520,3751919616,4681917392
1786381866629,3013099520,3013099520,3751919616,4681933776
1786381867644,3013099520,3013099520,3751919616,4681933776
1786381868651,3013099520,3013099520,3751919616,4681933776
1786381869663,3013099520,3013099520,3751919616,4681917392
1786381870674,3013099520,3013099520,3751919616,4681917392
1786381871678,3013099520,3013099520,3751919616,4681917392
1786381872684,3013099520,3013099520,3751919616,4681933776
1786381873693,3013099520,3013099520,3751919616,4681933776
1786381874704,3013099520,3013099520,3751919616,4681917392
1786381875711,3013099520,3013099520,3751919616,4681917392
1786381876720,3013099520,3013099520,3751919616,4681933776
1786381877725,3013099520,3013099520,3751919616,4681917392
1786381878729,3013099520,3013099520,3751919616,4681917392
1786381879732,3013099520,3013099520,3751919616,4681917392
1786381880734,3013099520,3013099520,3751919616,4681917392
1786381881737,3013099520,3013099520,3751919616,4681933776
1786381882739,3013099520,3013099520,3751919616,4681933776
1786381883741,3013099520,3013099520,3751919616,4681933776
1786381884750,3013099520,3013099520,3751919616,4681933776
1786381885754,3013099520,3013099520,3751919616,4681933776
1786381886762,3013099520,3013099520,3751919616,4681933776
1786381887770,3013099520,3013099520,3751919616,4681933776
1786381888777,3013099520,3013099520,3751919616,4681933776
1786381889788,3013099520,3013099520,3751919616,4681933776
1786381890798,3013099520,3013099520,3751919616,4681933776
1786381891808,3013099520,3013099520,3751919616,4681933776
1786381892815,3013099520,3013099520,3751919616,4681933776
1786381893825,3013099520,3013099520,3751919616,4681933776
1786381894836,3013099520,3013099520,3751919616,4681933776
1786381895841,3013099520,3013099520,3751919616,4681933776
1786381896844,3013099520,3013099520,3751919616,4681933776
1786381897847,3013099520,3013099520,3751919616,4681933776
1786381898859,3013099520,3013099520,3751919616,4681933776
1786381899870,3013099520,3013099520,3751919616,4681933776
1786381900872,3013099520,3013099520,3751919616,4681933776
1786381901883,3013099520,3013099520,3751919616,4681933776
1786381902889,3013099520,3013099520,3751919616,4681933776
1786381903898,3013099520,3013099520,3751919616,4681933776
1786381904909,3013099520,3013099520,3751919616,4681933776
1786381905912,3013099520,3013099520,3751919616,4681933776
1786381906919,3013099520,3013099520,3751919616,4681933776
1786381907924,3013099520,3013099520,3751919616,4681933776
1786381908929,3013099520,3013099520,3751919616,4681933776
1786381909939,3013099520,3013099520,3751919616,4681933776
1786381910943,3013099520,3013099520,3751919616,4681933776
1786381911951,3013099520,3013099520,3751919616,4681933776
1786381912959,3013099520,3013099520,3751919616,4681933776
1786381913967,3013099520,3013099520,3751919616,4681933776
1786381914975,3013099520,3013099520,3751919616,4681933776
1786381915984,3013099520,3013099520,3751919616,4681933776
1786381916995,3013099520,3013099520,3751919616,4681933776
1786381917999,3013099520,3013099520,3751919616,4681933776
1786381919008,3013099520,3013099520,3751919616,4681950160
1786381920021,3013099520,3013099520,3751919616,4681982928
1786381921032,3013099520,3013099520,3751919616,4683031504
1786381922036,3013099520,3013099520,3751919616,4681982928
1786381923043,3013099520,3013099520,3751919616,4681982928
1786381924051,3013099520,3013099520,3751919616,4681982928
1786381925059,3013099520,3013099520,3751919616,4681982928
1786381926070,3013099520,3013099520,3751919616,4681982928
1786381927080,3013099520,3013099520,3751919616,4681982928
1786381928086,3013099520,3013099520,3751919616,4681982928
1786381929088,3013099520,3013099520,3751919616,4681982928
1786381930091,3013099520,3013099520,3751919616,4681982928
1786381931102,3013099520,3013099520,3751919616,4681982928
1786381932110,3013099520,3013099520,3751919616,4681999312
1786381933113,3013099520,3013099520,3751919616,4681982928
1786381934120,3013099520,3013099520,3751919616,4681982928
1786381935127,3013099520,3013099520,3751919616,4681982928
1786381936138,3013099520,3013099520,3751919616,4681982928
1786381937144,3013099520,3013099520,3751919616,4681999312
1786381938151,3013099520,3013099520,3751919616,4681982928
1786381939154,3013099520,3013099520,3751919616,4681982928
1786381940164,3013099520,3013099520,3751919616,4681982928
1786381941167,3013099520,3013099520,3751919616,4681982928
1786381942169,3013099520,3013099520,3751919616,4681982928
1786381943172,3013099520,3013099520,3751919616,4681982928
1786381944175,3013099520,3013099520,3751919616,4681999312
1786381945185,3013099520,3013099520,3751919616,4681982928
1786381946187,3013099520,3013099520,3751919616,4681982928
1786381947192,3013099520,3013099520,3751919616,4681982928
1786381948194,3013099520,3013099520,3751919616,4681982928
1786381949196,3013099520,3013099520,3751919616,4681982928
1786381950205,3013099520,3013099520,3751919616,4681982928
1786381951211,3013099520,3013099520,3751919616,4681982928
1786381952212,3013099520,3013099520,3751919616,4681982928
1786381953214,3013099520,3013099520,3751919616,4681982928
1786381954217,3013099520,3013099520,3751919616,4681982928
1786381955226,3013099520,3013099520,3751919616,4681982928
1786381956237,3013099520,3013099520,3751919616,4681982928
1786381957246,3013099520,3013099520,3751919616,4681982928
1786381958249,3013099520,3013099520,3751919616,4681982928
1786381959250,3013099520,3013099520,3751919616,4681982928
1786381960260,3013099520,3013099520,3751919616,4681982928
1786381961268,3013099520,3013099520,3751919616,4681982928
1786381962277,3013099520,3013099520,3751919616,4681999312
1786381963283,3013099520,3013099520,3751919616,4681982928
1786381964293,3013099520,3013099520,3751919616,4681982928
1786381965302,3013099520,3013099520,3751919616,4681982928
1786381966312,3013099520,3013099520,3751919616,4681982928
1786381967315,3013099520,3013099520,3751919616,4681999312
1786381968321,3013099520,3013099520,3751919616,4681982928
1786381969324,3013099520,3013099520,3751919616,4681982928
1786381970335,3013099520,3013099520,3751919616,4681982928
1786381971343,3013099520,3013099520,3751919616,4681982928
1786381972354,3013099520,3013099520,3751919616,4681982928
1786381973365,3013099520,3013099520,3751919616,4681982928
1786381974372,3013099520,3013099520,3751919616,4681982928
1786381975379,3013099520,3013099520,3751919616,4681982928
1786381976385,3013099520,3013099520,3751919616,4681982928
1786381977392,3013099520,3013099520,3751919616,4681982928
1786381978397,3013099520,3013099520,3751919616,4681999312
1786381979400,3013099520,3013099520,3751919616,4681982928
1786381980406,3013099520,3013099520,3751919616,4683047888
1786381981414,3013099520,3013099520,3751919616,4681999312
1786381982416,3013099520,3013099520,3751919616,4681982928
1786381983419,3013099520,3013099520,3751919616,4681982928
1786381984425,3013099520,3013099520,3751919616,4681982928
1786381985434,3013099520,3013099520,3751919616,4681982928
1786381986443,3013099520,3013099520,3751919616,4681982928
1786381987446,3013099520,3013099520,3751919616,4681982928
1786381988454,3013099520,3013099520,3751919616,4681982928
1786381989457,3013099520,3013099520,3751919616,4681982928
1786381990467,3013099520,3013099520,3751919616,4681982928
1786381991478,3013099520,3013099520,3751919616,4681982928
1786381992483,3013099520,3013099520,3751919616,4681982928
1786381993500,3013099520,3013099520,3751919616,4681982928
1786381994508,3013099520,3013099520,3751919616,4681982928
1786381995514,3013099520,3013099520,3751919616,4681982928
1786381996517,3013099520,3013099520,3751919616,4681982928
1786381997519,3013099520,3013099520,3751919616,4681982928
1786381998529,3013099520,3013099520,3751919616,4681982928
1786381999538,3013099520,3013099520,3751919616,4681982928
1786382000549,3013099520,3013099520,3751919616,4681982928
1786382001555,3013099520,3013099520,3751919616,4681982928
1786382002558,3013099520,3013099520,3751919616,4681982928
1786382003569,3013099520,3013099520,3751919616,4681999312
1786382004571,3013099520,3013099520,3751919616,4681982928
1786382005573,3013099520,3013099520,3751919616,4681982928
1786382006576,3013099520,3013099520,3751919616,4681982928
1786382007579,3013099520,3013099520,3751919616,4681982928
1786382008586,3013099520,3013099520,3751919616,4681982928
1786382009592,3013099520,3013099520,3751919616,4681982928
1786382010603,3013099520,3013099520,3751919616,4681982928
1786382011606,3013099520,3013099520,3751919616,4681982928
1786382012608,3013099520,3013099520,3751919616,4681982928
1786382013609,3013099520,3013099520,3751919616,4681982928
1786382014611,3013099520,3013099520,3751919616,4681999312
1786382015621,3013099520,3013099520,3751919616,4681982928
1786382016626,3013099520,3013099520,3751919616,4681982928
1786382017629,3013099520,3013099520,3751919616,4681982928
1786382018636,3013099520,3013099520,3751919616,4681999312
1786382019643,3013099520,3013099520,3751919616,4681982928
1786382020650,3013099520,3013099520,3751919616,4681982928
1786382021652,3013099520,3013099520,3751919616,4681982928
1786382022655,3013099520,3013099520,3751919616,4681982928
1786382023663,3013099520,3013099520,3751919616,4681982928
1786382024666,3013099520,3013099520,3751919616,4681982928
1786382025668,3013099520,3013099520,3751919616,4681982928
1786382026670,3013099520,3013099520,3751919616,4681982928
1786382027674,3013099520,3013099520,3751919616,4681982928
1786382028677,3013099520,3013099520,3751919616,4681982928
1786382029679,3013099520,3013099520,3751919616,4681982928
1786382030688,3013099520,3013099520,3751919616,4681982928
1786382031692,3013099520,3013099520,3751919616,4681982928
1786382032695,3013099520,3013099520,3751919616,4681982928
1786382033697,3013099520,3013099520,3751919616,4681982928
1786382034706,3013099520,3013099520,3751919616,4681982928
1786382035711,3013099520,3013099520,3751919616,4681982928
1786382036713,3013099520,3013099520,3751919616,4681982928
1786382037716,3013099520,3013099520,3751919616,4681982928
1786382038725,3013099520,3013099520,3751919616,4681982928
1786382039735,3013099520,3013099520,3751919616,4681982928
1786382040737,3013099520,3013099520,3751919616,4683031504
1786382041739,3013099520,3013099520,3751919616,4681982928
1786382042749,3013099520,3013099520,3751919616,4681982928
1786382043755,3013099520,3013099520,3751919616,4681982928
1786382044759,3013099520,3013099520,3751919616,4681982928
1786382045769,3013099520,3013099520,3751919616,4681982928
1786382046772,3013099520,3013099520,3751919616,4681982928
1786382047785,3013099520,3013099520,3751919616,4681999312
1786382048793,3013099520,3013099520,3751919616,4681982928
1786382049802,3013099520,3013099520,3751919616,4681999312
1786382050812,3013099520,3013099520,3751919616,4681982928
1786382051814,3013099520,3013099520,3751919616,4681982928
1786382052824,3013099520,3013099520,3751919616,4681982928
1786382053826,3013099520,3013099520,3751919616,4681982928
1786382054834,3013099520,3013099520,3751919616,4681982928
1786382055843,3013099520,3013099520,3751919616,4681982928
1786382056845,3013099520,3013099520,3751919616,4681982928
1786382057847,3013099520,3013099520,3751919616,4681982928
1786382058858,3013099520,3013099520,3751919616,4681982928
1786382059863,3013099520,3013099520,3751919616,4681982928
1786382060875,3013099520,3013099520,3751919616,4681982928
1786382061877,3013099520,3013099520,3751919616,4681982928
1786382062882,3013099520,3013099520,3751919616,4681982928
1786382063889,3013099520,3013099520,3751919616,4681982928
1786382064893,3013099520,3013099520,3751919616,4681982928
1786382065902,3013099520,3013099520,3751919616,4681982928
1786382066905,3013099520,3013099520,3751919616,4681982928
1786382067911,3013099520,3013099520,3751919616,4681982928
1786382068920,3013099520,3013099520,3751919616,4681982928
1786382069929,3013099520,3013099520,3751919616,4681982928
1786382070940,3013099520,3013099520,3751919616,4681982928
1786382071943,3013099520,3013099520,3751919616,4681999312
1786382072951,3013099520,3013099520,3751919616,4681999312
1786382073957,3013099520,3013099520,3751919616,4681982928
1786382074968,3013099520,3013099520,3751919616,4681982928
1786382075976,3013099520,3013099520,3751919616,4681982928
1786382076988,3013099520,3013099520,3751919616,4681982928
1786382077994,3013099520,3013099520,3751919616,4681982928
1786382079003,3013099520,3013099520,3751919616,4681982928
1786382080014,3013099520,3013099520,3751919616,4681982928
1786382081023,3013099520,3013099520,3751919616,4681982928
1786382082033,3013099520,3013099520,3751919616,4681999312
1786382083034,3013099520,3013099520,3751919616,4681982928
1786382084042,3013099520,3013099520,3751919616,4681982928
1786382085045,3013099520,3013099520,3751919616,4681982928
1786382086051,3013099520,3013099520,3751919616,4681982928
1786382087053,3013099520,3013099520,3751919616,4681982928
1786382088057,3013099520,3013099520,3751919616,4681982928
1786382089066,3013099520,3013099520,3751919616,4681982928
1786382090071,3013099520,3013099520,3751919616,4681982928
1786382091074,3013099520,3013099520,3751919616,4681982928
1786382092076,3013099520,3013099520,3751919616,4681982928
1786382093078,3013099520,3013099520,3751919616,4681982928
1786382094087,3013099520,3013099520,3751919616,4681999312
1786382095092,3013099520,3013099520,3751919616,4681982928
1786382096095,3013099520,3013099520,3751919616,4681982928
1786382097106,3013099520,3013099520,3751919616,4681982928
1786382098116,3013099520,3013099520,3751919616,4681982928
1786382099127,3013099520,3013099520,3751919616,4681999312
1786382100129,3013099520,3013099520,3751919616,4683064272
1786382101140,3013099520,3013099520,3751919616,4683064272
1786382102143,3013099520,3013099520,3751919616,4682015696
1786382103146,3013099520,3013099520,3751919616,4682015696
1786382104149,3013099520,3013099520,3751919616,4682015696
1786382105159,3013099520,3013099520,3751919616,4682015696
1786382106169,3013099520,3013099520,3751919616,4682015696
1786382107177,3013099520,3013099520,3751919616,4682015696
1786382108180,3013099520,3013099520,3751919616,4682015696
1786382109191,3013099520,3013099520,3751919616,4682032080
1786382110201,3013099520,3013099520,3751919616,4682015696
1786382111206,3013099520,3013099520,3751919616,4682032080
1786382112210,3013099520,3013099520,3751919616,4682015696
1786382113217,3013099520,3013099520,3751919616,4682032080
1786382114225,3013099520,3013099520,3751919616,4682015696
1786382115235,3013099520,3013099520,3751919616,4682015696
1786382116244,3013099520,3013099520,3751919616,4682015696
1786382117256,3013099520,3013099520,3751919616,4682032080
1786382118262,3013099520,3013099520,3751919616,4682015696
1786382119265,3013099520,3013099520,3751919616,4682015696
1786382120271,3013099520,3013099520,3751919616,4682015696
1786382121281,3013099520,3013099520,3751919616,4682015696
1786382122283,3013099520,3013099520,3751919616,4682015696
1786382123293,3013099520,3013099520,3751919616,4682015696
1786382124299,3013099520,3013099520,3751919616,4682032080
1786382125308,3013099520,3013099520,3751919616,4682015696
1786382126319,3013099520,3013099520,3751919616,4682015696
1786382127330,3013099520,3013099520,3751919616,4682015696
1786382128335,3013099520,3013099520,3751919616,4682015696
1786382129343,3013099520,3013099520,3751919616,4682015696
1786382130348,3013099520,3013099520,3751919616,4682015696
1786382131352,3013099520,3013099520,3751919616,4682032080
1786382132355,3013099520,3013099520,3751919616,4682015696
1786382133361,3013099520,3013099520,3751919616,4682015696
1786382134363,3013099520,3013099520,3751919616,4682015696
1786382135366,3013099520,3013099520,3751919616,4682015696
1786382136376,3013099520,3013099520,3751919616,4682015696
1786382137385,3013099520,3013099520,3751919616,4682015696
1786382138396,3013099520,3013099520,3751919616,4682015696
1786382139399,3013099520,3013099520,3751919616,4682015696
1786382140406,3013099520,3013099520,3751919616,4682015696
1786382141416,3013099520,3013099520,3751919616,4682032080
1786382142418,3013099520,3013099520,3751919616,4682015696
1786382143424,3013099520,3013099520,3751919616,4682015696
1786382144434,3013099520,3013099520,3751919616,4682015696
1786382145442,3013099520,3013099520,3751919616,4682015696
1786382146451,3013099520,3013099520,3751919616,4682015696
1786382147456,3013099520,3013099520,3751919616,4682032080
1786382148460,3013099520,3013099520,3751919616,4682015696
1786382149464,3013099520,3013099520,3751919616,4682015696
1786382150469,3013099520,3013099520,3751919616,4682015696
1786382151480,3013099520,3013099520,3751919616,4682015696
1786382152492,3013099520,3013099520,3751919616,4682015696
1786382153494,3013099520,3013099520,3751919616,4682015696
1786382154498,3013099520,3013099520,3751919616,4682015696
1786382155499,3013099520,3013099520,3751919616,4682015696
1786382156500,3013099520,3013099520,3751919616,4682015696
1786382157507,3013099520,3013099520,3751919616,4682015696
1786382158513,3013099520,3013099520,3751919616,4682015696
1786382159525,3013099520,3013099520,3751919616,4848198608
1786382160531,3013099520,3013099520,3751919616,4849247184
1786382161544,3013099520,3013099520,3751919616,4848214992
1786382162550,3013099520,3013099520,3751919616,4848198608
1786382163552,3013099520,3013099520,3751919616,4848198608
1786382164562,3013099520,3013099520,3751919616,4848198608
1786382165571,3013099520,3013099520,3751919616,4848198608
1786382166576,3013099520,3013099520,3751919616,4848198608
1786382167587,3013099520,3013099520,3751919616,4848198608
1786382168592,3013099520,3013099520,3751919616,4848214992
1786382169603,3013099520,3013099520,3751919616,4848198608
1786382170608,3013099520,3013099520,3751919616,4848198608
1786382171615,3013099520,3013099520,3751919616,4848198608
1786382172625,3013099520,3013099520,3751919616,4848198608
1786382173630,3013099520,3013099520,3751919616,4848214992
1786382174642,3013099520,3013099520,3751919616,4848198608
1786382175648,3013099520,3013099520,3751919616,4848198608
1786382176657,3013099520,3013099520,3751919616,4848214992
1786382177662,3013099520,3013099520,3751919616,4848198608
1786382178665,3013099520,3013099520,3751919616,4848198608
1786382179676,3013099520,3013099520,3751919616,4848198608
1786382180679,3013099520,3013099520,3751919616,4848198608
1786382181682,3013099520,3013099520,3751919616,4848198608
1786382182684,3013099520,3013099520,3751919616,4848198608
1786382183693,3013099520,3013099520,3751919616,4848198608
1786382184702,3013099520,3013099520,3751919616,4848214992
1786382185705,3013099520,3013099520,3751919616,4848198608
1786382186710,3013099520,3013099520,3751919616,4848198608
1786382187719,3013099520,3013099520,3751919616,4848214992
1786382188722,3013099520,3013099520,3751919616,4848214992
1786382189726,3013099520,3013099520,3751919616,4848198608
1786382190738,3013099520,3013099520,3751919616,4848198608
1786382191740,3013099520,3013099520,3751919616,4848198608
1786382192745,3013099520,3013099520,3751919616,4848198608
1786382193754,3013099520,3013099520,3751919616,4848198608
1786382194766,3013099520,3013099520,3751919616,4848198608
1786382195776,3013099520,3013099520,3751919616,4848214992
1786382196778,3013099520,3013099520,3751919616,4848214992
1786382197780,3013099520,3013099520,3751919616,4848214992
1786382198792,3013099520,3013099520,3751919616,4848231376
1786382199796,3013099520,3013099520,3751919616,4848214992
1786382200799,3013099520,3013099520,3751919616,4848214992
1786382201800,3013099520,3013099520,3751919616,4848214992
1786382202812,3013099520,3013099520,3751919616,4848214992
1786382203822,3013099520,3013099520,3751919616,4848214992
1786382204824,3013099520,3013099520,3751919616,4848214992
1786382205831,3013099520,3013099520,3751919616,4848214992
1786382206837,3013099520,3013099520,3751919616,4848214992
1786382207843,3013099520,3013099520,3751919616,4848214992
1786382208851,3013099520,3013099520,3751919616,4848214992
1786382209858,3013099520,3013099520,3751919616,4848214992
1786382210860,3013099520,3013099520,3751919616,4848214992
1786382211864,3013099520,3013099520,3751919616,4848231376
1786382212869,3013099520,3013099520,3751919616,4848214992
1786382213878,3013099520,3013099520,3751919616,4848214992
1786382214881,3013099520,3013099520,3751919616,4848231376
1786382215886,3013099520,3013099520,3751919616,4848214992
1786382216898,3013099520,3013099520,3751919616,4848214992
1786382217901,3013099520,3013099520,3751919616,4848231376
1786382218911,3013099520,3013099520,3751919616,4848231376
1786382219920,3013099520,3013099520,3751919616,4848214992
1786382220930,3013099520,3013099520,3751919616,4849263568
1786382221939,3013099520,3013099520,3751919616,4848214992
1786382222949,3013099520,3013099520,3751919616,4848214992
1786382223951,3013099520,3013099520,3751919616,4848214992
1786382224954,3013099520,3013099520,3751919616,4848214992
1786382225957,3013099520,3013099520,3751919616,4848214992
1786382226960,3013099520,3013099520,3751919616,4848214992
1786382227970,3013099520,3013099520,3751919616,4848231376
1786382228982,3013099520,3013099520,3751919616,4848214992
1786382229989,3013099520,3013099520,3751919616,4848231376
1786382230997,3013099520,3013099520,3751919616,4848214992
1786382232005,3013099520,3013099520,3751919616,4848214992
1786382233012,3013099520,3013099520,3751919616,4848214992
1786382234014,3013099520,3013099520,3751919616,4848214992
1786382235025,3013099520,3013099520,3751919616,4848231376
1786382236032,3013099520,3013099520,3751919616,4848214992
1786382237043,3013099520,3013099520,3751919616,4848214992
1786382238048,3013099520,3013099520,3751919616,4848214992
1786382239058,3013099520,3013099520,3751919616,4848214992
1786382240070,3013099520,3013099520,3751919616,4848214992
1786382241075,3013099520,3013099520,3751919616,4848214992
1786382242082,3013099520,3013099520,3751919616,4848231376
1786382243084,3013099520,3013099520,3751919616,4848231376
1786382244093,3013099520,3013099520,3751919616,4848231376
1786382245100,3013099520,3013099520,3751919616,4848231376
1786382246108,3013099520,3013099520,3751919616,4848231376
1786382247112,3013099520,3013099520,3751919616,4848231376
1786382248115,3013099520,3013099520,3751919616,4848231376
1786382249126,3013099520,3013099520,3751919616,4848231376
1786382250137,3013099520,3013099520,3751919616,4848231376
1786382251146,3013099520,3013099520,3751919616,4848231376
1786382252151,3013099520,3013099520,3751919616,4848231376
1786382253158,3013099520,3013099520,3751919616,4848231376
1786382254169,3013099520,3013099520,3751919616,4848231376
1786382255176,3013099520,3013099520,3751919616,4848231376
1786382256178,3013099520,3013099520,3751919616,4848231376
1786382257179,3013099520,3013099520,3751919616,4848231376
1786382258181,3013099520,3013099520,3751919616,4848247760
1786382259184,3013099520,3013099520,3751919616,4848231376
1786382260186,3013099520,3013099520,3751919616,4848231376
1786382261193,3013099520,3013099520,3751919616,4848231376
1786382262199,3013099520,3013099520,3751919616,4848231376
1786382263202,3013099520,3013099520,3751919616,4848231376
1786382264206,3013099520,3013099520,3751919616,4848231376
1786382265209,3013099520,3013099520,3751919616,4848231376
1786382266220,3013099520,3013099520,3751919616,4848231376
1786382267225,3013099520,3013099520,3751919616,4848231376
1786382268237,3013099520,3013099520,3751919616,4848247760
1786382269249,3013099520,3013099520,3751919616,4848247760
1786382270252,3013099520,3013099520,3751919616,4848231376
1786382271257,3013099520,3013099520,3751919616,4848247760
1786382272266,3013099520,3013099520,3751919616,4848247760
1786382273273,3013099520,3013099520,3751919616,4848231376
1786382274277,3013099520,3013099520,3751919616,4848231376
1786382275281,3013099520,3013099520,3751919616,4848247760
1786382276289,3013099520,3013099520,3751919616,4848231376
1786382277291,3013099520,3013099520,3751919616,4848231376
1786382278300,3013099520,3013099520,3751919616,4848231376
1786382279303,3013099520,3013099520,3751919616,4848231376
1786382280313,3013099520,3013099520,3751919616,4849279952
1786382281324,3013099520,3013099520,3751919616,4848231376
1786382282331,3013099520,3013099520,3751919616,4848247760
1786382283332,3013099520,3013099520,3751919616,4848231376
1786382284342,3013099520,3013099520,3751919616,4848231376
1786382285353,3013099520,3013099520,3751919616,4848247760
1786382286354,3013099520,3013099520,3751919616,4848264144
1786382287366,3013099520,3013099520,3751919616,4848296912
1786382288371,3013099520,3013099520,3751919616,4848280528
1786382289374,3013099520,3013099520,3751919616,4848313296
1786382290379,3013099520,3013099520,3751919616,4848313296
1786382291384,3013099520,3013099520,3751919616,4848313296
1786382292393,3013099520,3013099520,3751919616,4848329680
1786382293400,3013099520,3013099520,3751919616,4848329680
1786382294412,3013099520,3013099520,3751919616,4848329680
1786382295418,3013099520,3013099520,3751919616,4848329680
1786382296430,3013099520,3013099520,3751919616,4848313296
1786382297438,3013099520,3013099520,3751919616,4848329680
1786382298442,3013099520,3013099520,3751919616,4848329680
1786382299449,3013099520,3013099520,3751919616,4848329680
1786382300458,3013099520,3013099520,3751919616,4848313296
1786382301460,3013099520,3013099520,3751919616,4848313296
1786382302470,3013099520,3013099520,3751919616,4848346064
1786382303484,3013099520,3013099520,3751919616,4848346064
1786382304491,3013099520,3013099520,3751919616,4848329680
1786382305502,3013099520,3013099520,3751919616,4848329680
1786382306512,3013099520,3013099520,3751919616,4848329680
1786382307524,3013099520,3013099520,3751919616,4848346064
1786382308536,3013099520,3013099520,3751919616,4848362448
1786382309547,3013099520,3013099520,3751919616,4848346064
1786382310554,3013099520,3013099520,3751919616,4848346064
1786382311559,3013099520,3013099520,3751919616,4848378832
1786382312565,3013099520,3013099520,3751919616,4848378832
1786382313577,3013099520,3013099520,3751919616,4848378832
1786382314585,3013099520,3013099520,3751919616,4848362448
1786382315591,3013099520,3013099520,3751919616,4848362448
1786382316594,3013099520,3013099520,3751919616,4848362448
1786382317599,3013099520,3013099520,3751919616,4848362448
1786382318602,3013099520,3013099520,3751919616,4848378832
1786382319604,3013099520,3013099520,3751919616,4848362448
1786382320614,3013099520,3013099520,3751919616,4848362448
1786382321616,3013099520,3013099520,3751919616,4848362448
1786382322620,3013099520,3013099520,3751919616,4848378832
1786382323625,3013099520,3013099520,3751919616,4848362448
1786382324629,3013099520,3013099520,3751919616,4848362448
1786382325636,3013099520,3013099520,3751919616,4848362448
1786382326638,3013099520,3013099520,3751919616,4848362448
1786382327648,3013099520,3013099520,3751919616,4848362448
1786382328648,3013099520,3013099520,3751919616,4848362448
1786382329660,3013099520,3013099520,3751919616,4848378832
1786382330665,3013099520,3013099520,3751919616,4848362448
1786382331667,3013099520,3013099520,3751919616,4848362448
1786382332678,3013099520,3013099520,3751919616,4848378832
1786382333681,3013099520,3013099520,3751919616,4848362448
1786382334691,3013099520,3013099520,3751919616,4848378832
1786382335700,3013099520,3013099520,3751919616,4848362448
1786382336703,3013099520,3013099520,3751919616,4848362448
1786382337713,3013099520,3013099520,3751919616,4848362448
1786382338722,3013099520,3013099520,3751919616,4848362448
1786382339729,3013099520,3013099520,3751919616,4848378832
1786382340738,3013099520,3013099520,3751919616,4849427408
1786382341749,3013099520,3013099520,3751919616,4848378832
1786382342752,3013099520,3013099520,3751919616,4848378832
1786382343761,3013099520,3013099520,3751919616,4848395216
1786382344764,3013099520,3013099520,3751919616,4848378832
1786382345768,3013099520,3013099520,3751919616,4848378832
1786382346779,3013099520,3013099520,3751919616,4848378832
1786382347785,3013099520,3013099520,3751919616,4848378832
1786382348796,3013099520,3013099520,3751919616,4848378832
1786382349805,3013099520,3013099520,3751919616,4848378832
1786382350811,3013099520,3013099520,3751919616,4848395216
1786382351813,3013099520,3013099520,3751919616,4848378832
1786382352823,3013099520,3013099520,3751919616,4848378832
1786382353827,3013099520,3013099520,3751919616,4848395216
1786382354828,3013099520,3013099520,3751919616,4848378832
1786382355839,3013099520,3013099520,3751919616,4848395216
1786382356847,3013099520,3013099520,3751919616,4848378832
1786382357858,3013099520,3013099520,3751919616,4848378832
1786382358863,3013099520,3013099520,3751919616,4848378832
1786382359867,3013099520,3013099520,3751919616,4848378832
1786382360870,3013099520,3013099520,3751919616,4848378832
1786382361881,3013099520,3013099520,3751919616,4848378832
1786382362883,3013099520,3013099520,3751919616,4848378832
1786382363894,3013099520,3013099520,3751919616,4848378832
1786382364899,3013099520,3013099520,3751919616,4848378832
1786382365910,3013099520,3013099520,3751919616,4848378832
1786382366918,3013099520,3013099520,3751919616,4848378832
1786382367927,3013099520,3013099520,3751919616,4848395216
1786382368932,3013099520,3013099520,3751919616,4848378832
1786382369934,3013099520,3013099520,3751919616,4848378832
1786382370944,3013099520,3013099520,3751919616,4848378832
1786382371946,3013099520,3013099520,3751919616,4848378832
1786382372957,3013099520,3013099520,3751919616,4848378832
1786382373961,3013099520,3013099520,3751919616,4848378832
1786382374966,3013099520,3013099520,3751919616,4848395216
1786382375977,3013099520,3013099520,3751919616,4848411600
1786382376979,3013099520,3013099520,3751919616,4848395216
1786382377991,3013099520,3013099520,3751919616,4848395216
1786382378998,3013099520,3013099520,3751919616,4848411600
1786382380001,3013099520,3013099520,3751919616,4848395216
1786382381006,3013099520,3013099520,3751919616,4848411600
1786382382014,3013099520,3013099520,3751919616,4848395216
1786382383019,3013099520,3013099520,3751919616,4848411600
1786382384029,3013099520,3013099520,3751919616,4848395216
1786382385035,3013099520,3013099520,3751919616,4848395216
1786382386044,3013099520,3013099520,3751919616,4848395216
1786382387053,3013099520,3013099520,3751919616,4848411600
1786382388063,3013099520,3013099520,3751919616,4848395216
1786382389068,3013099520,3013099520,3751919616,4848395216
1786382390078,3013099520,3013099520,3751919616,4848395216
1786382391089,3013099520,3013099520,3751919616,4848395216
1786382392099,3013099520,3013099520,3751919616,4848395216
1786382393101,3013099520,3013099520,3751919616,4848395216
1786382394111,3013099520,3013099520,3751919616,4848395216
1786382395114,3013099520,3013099520,3751919616,4848427984
1786382396120,3013099520,3013099520,3751919616,4848427984
1786382397131,3013099520,3013099520,3751919616,4848427984
1786382398138,3013099520,3013099520,3751919616,4848460752
1786382399151,3013099520,3013099520,3751919616,4848460752
1786382400152,3013099520,3013099520,3751919616,4849492944
1786382401164,3013099520,3013099520,3751919616,4849509328
1786382402174,3013099520,3013099520,3751919616,4848460752
1786382403183,3013099520,3013099520,3751919616,4848460752
1786382404194,3013099520,3013099520,3751919616,4848460752
1786382405201,3013099520,3013099520,3751919616,4848477136
1786382406214,3013099520,3013099520,3751919616,4848460752
1786382407216,3013099520,3013099520,3751919616,4848460752
1786382408226,3013099520,3013099520,3751919616,4848460752
1786382409231,3013099520,3013099520,3751919616,4848460752
1786382410238,3013099520,3013099520,3751919616,4848460752
1786382411240,3013099520,3013099520,3751919616,4848460752
1786382412251,3013099520,3013099520,3751919616,4848460752
1786382413254,3013099520,3013099520,3751919616,4848460752
1786382414266,3013099520,3013099520,3751919616,4848460752
1786382415275,3013099520,3013099520,3751919616,4848460752
1786382416284,3013099520,3013099520,3751919616,4848460752
1786382417298,3013099520,3013099520,3751919616,4848477136
1786382418300,3013099520,3013099520,3751919616,4848460752
1786382419311,3013099520,3013099520,3751919616,4848477136
1786382420320,3013099520,3013099520,3751919616,4848460752
1786382421332,3013099520,3013099520,3751919616,4848460752
1786382422336,3013099520,3013099520,3751919616,4848460752
1786382423338,3013099520,3013099520,3751919616,4848460752
1786382424347,3013099520,3013099520,3751919616,4848460752
1786382425352,3013099520,3013099520,3751919616,4848460752
1786382426364,3013099520,3013099520,3751919616,4848460752
1786382427370,3013099520,3013099520,3751919616,4848477136
1786382428380,3013099520,3013099520,3751919616,4848477136
1786382429389,3013099520,3013099520,3751919616,4848460752
1786382430391,3013099520,3013099520,3751919616,4848477136
1786382431402,3013099520,3013099520,3751919616,4848460752
1786382432412,3013099520,3013099520,3751919616,4848460752
1786382433413,3013099520,3013099520,3751919616,4848460752
1786382434415,3013099520,3013099520,3751919616,4848460752
1786382435426,3013099520,3013099520,3751919616,4848477136
1786382436429,3013099520,3013099520,3751919616,4848460752
1786382437438,3013099520,3013099520,3751919616,4848460752
1786382438442,3013099520,3013099520,3751919616,4848460752
1786382439446,3013099520,3013099520,3751919616,4848460752
1786382440448,3013099520,3013099520,3751919616,4848460752
1786382441449,3013099520,3013099520,3751919616,4848460752
1786382442460,3013099520,3013099520,3751919616,4848460752
1786382443469,3013099520,3013099520,3751919616,4848460752
1786382444480,3013099520,3013099520,3751919616,4848460752
1786382445484,3013099520,3013099520,3751919616,4848460752
1786382446495,3013099520,3013099520,3751919616,4848460752
1786382447499,3013099520,3013099520,3751919616,4848460752
1786382448510,3013099520,3013099520,3751919616,4848477136
1786382449513,3013099520,3013099520,3751919616,4848460752
1786382450525,3013099520,3013099520,3751919616,4848477136
1786382451527,3013099520,3013099520,3751919616,4848477136
1786382452529,3013099520,3013099520,3751919616,4848477136
1786382453531,3013099520,3013099520,3751919616,4848460752
1786382454540,3013099520,3013099520,3751919616,4848460752
1786382455551,3013099520,3013099520,3751919616,4848460752
1786382456564,3013099520,3013099520,3751919616,4848460752
1786382457570,3013099520,3013099520,3751919616,4848460752
1786382458576,3013099520,3013099520,3751919616,4848460752
1786382459583,3013099520,3013099520,3751919616,4848477136
1786382460595,3013099520,3013099520,3751919616,4849525712
1786382461598,3013099520,3013099520,3751919616,4848493520
1786382462601,3013099520,3013099520,3751919616,4848477136
1786382463607,3013099520,3013099520,3751919616,4848477136
1786382464613,3013099520,3013099520,3751919616,4848477136
1786382465617,3013099520,3013099520,3751919616,4848493520
1786382466618,3013099520,3013099520,3751919616,4848477136
1786382467622,3013099520,3013099520,3751919616,4848477136
1786382468634,3013099520,3013099520,3751919616,4848477136
1786382469638,3013099520,3013099520,3751919616,4848477136
1786382470649,3013099520,3013099520,3751919616,4848477136
1786382471660,3013099520,3013099520,3751919616,4848477136
1786382472671,3013099520,3013099520,3751919616,4848477136
1786382473677,3013099520,3013099520,3751919616,4848493520
1786382474685,3013099520,3013099520,3751919616,4848477136
1786382475687,3013099520,3013099520,3751919616,4848477136
1786382476694,3013099520,3013099520,3751919616,4848493520
1786382477705,3013099520,3013099520,3751919616,4848493520
1786382478713,3013099520,3013099520,3751919616,4848477136
1786382479722,3013099520,3013099520,3751919616,4848477136
1786382480731,3013099520,3013099520,3751919616,4848477136
1786382481735,3013099520,3013099520,3751919616,4848477136
1786382482745,3013099520,3013099520,3751919616,4848477136
1786382483756,3013099520,3013099520,3751919616,4848493520
1786382484767,3013099520,3013099520,3751919616,4848624592
1786382485776,3013099520,3013099520,3751919616,4848640976
1786382486783,3013099520,3013099520,3751919616,4848624592
1786382487791,3013099520,3013099520,3751919616,4848640976
1786382488794,3013099520,3013099520,3751919616,4848640976
1786382489796,3013099520,3013099520,3751919616,4848657360
1786382490806,3013099520,3013099520,3751919616,4848673744
1786382491817,3013099520,3013099520,3751919616,4848673744
1786382492820,3013099520,3013099520,3751919616,4848690128
1786382493825,3013099520,3013099520,3751919616,4848706512
1786382494827,3013099520,3013099520,3751919616,4848706512
1786382495832,3013099520,3013099520,3751919616,4848706512
1786382496836,3013099520,3013099520,3751919616,4848706512
1786382497844,3013099520,3013099520,3751919616,4848706512
1786382498855,3013099520,3013099520,3751919616,4848706512
1786382499857,3013099520,3013099520,3751919616,4848706512
1786382500865,3013099520,3013099520,3751919616,4848706512
1786382501877,3013099520,3013099520,3751919616,4848739280
1786382502884,3013099520,3013099520,3751919616,4848739280
1786382503895,3013099520,3013099520,3751919616,4848739280
1786382504903,3013099520,3013099520,3751919616,4848739280
1786382505907,3013099520,3013099520,3751919616,4848739280
1786382506915,3013099520,3013099520,3751919616,4848739280
1786382507919,3013099520,3013099520,3751919616,4848755664
1786382508928,3013099520,3013099520,3751919616,4848772048
1786382509937,3013099520,3013099520,3751919616,4848772048
1786382510943,3013099520,3013099520,3751919616,4848772048
1786382511945,3013099520,3013099520,3751919616,4848772048
1786382512952,3013099520,3013099520,3751919616,4848788432
1786382513957,3013099520,3013099520,3751919616,4848788432
1786382514968,3013099520,3013099520,3751919616,4848788432
1786382515970,3013099520,3013099520,3751919616,4848788432
1786382516981,3013099520,3013099520,3751919616,4848804816
1786382517983,3013099520,3013099520,3751919616,4848788432
1786382518986,3013099520,3013099520,3751919616,4848804816
1786382519996,3013099520,3013099520,3751919616,4848788432
1786382521007,3013099520,3013099520,3751919616,4849837008
1786382522015,3013099520,3013099520,3751919616,4848788432
1786382523020,3013099520,3013099520,3751919616,4848788432
1786382524024,3013099520,3013099520,3751919616,4848788432
1786382525039,3013099520,3013099520,3751919616,4848788432
1786382526050,3013099520,3013099520,3751919616,4848788432
1786382527051,3013099520,3013099520,3751919616,4848788432
1786382528063,3013099520,3013099520,3751919616,4848788432
1786382529071,3013099520,3013099520,3751919616,4848804816
1786382530075,3013099520,3013099520,3751919616,4848788432
1786382531085,3013099520,3013099520,3751919616,4848788432
1786382532094,3013099520,3013099520,3751919616,4848788432
1786382533105,3013099520,3013099520,3751919616,4848788432
1786382534107,3013099520,3013099520,3751919616,4848788432
1786382535119,3013099520,3013099520,3751919616,4848788432
1786382536130,3013099520,3013099520,3751919616,4848788432
1786382537142,3013099520,3013099520,3751919616,4848804816
1786382538146,3013099520,3013099520,3751919616,4848788432
1786382539155,3013099520,3013099520,3751919616,4848788432
1786382540163,3013099520,3013099520,3751919616,4848788432
1786382541174,3013099520,3013099520,3751919616,4848788432
1786382542185,3013099520,3013099520,3751919616,4848788432
1786382543196,3013099520,3013099520,3751919616,4848788432
1786382544201,3013099520,3013099520,3751919616,4848788432
1786382545207,3013099520,3013099520,3751919616,4848788432
1786382546213,3013099520,3013099520,3751919616,4848788432
1786382547222,3013099520,3013099520,3751919616,4848804816
1786382548226,3013099520,3013099520,3751919616,4848788432
1786382549231,3013099520,3013099520,3751919616,4848788432
1786382550242,3013099520,3013099520,3751919616,4848788432
1786382551254,3013099520,3013099520,3751919616,4848804816
1786382552265,3013099520,3013099520,3751919616,4848804816
1786382553276,3013099520,3013099520,3751919616,4848804816
1786382554281,3013099520,3013099520,3751919616,4848804816
1786382555287,3013099520,3013099520,3751919616,4848788432
1786382556296,3013099520,3013099520,3751919616,4848788432
1786382557304,3013099520,3013099520,3751919616,4848788432
1786382558307,3013099520,3013099520,3751919616,4848788432
1786382559318,3013099520,3013099520,3751919616,4848788432
1786382560320,3013099520,3013099520,3751919616,4848788432
1786382561331,3013099520,3013099520,3751919616,4848788432
1786382562340,3013099520,3013099520,3751919616,4848788432
1786382563351,3013099520,3013099520,3751919616,4848788432
1786382564362,3013099520,3013099520,3751919616,4848788432
1786382565370,3013099520,3013099520,3751919616,4848788432
1786382566377,3013099520,3013099520,3751919616,4848788432
1786382567380,3013099520,3013099520,3751919616,4848788432
1786382568392,3013099520,3013099520,3751919616,4848788432
1786382569394,3013099520,3013099520,3751919616,4848804816
1786382570398,3013099520,3013099520,3751919616,4848788432
1786382571400,3013099520,3013099520,3751919616,4848788432
1786382572406,3013099520,3013099520,3751919616,4848804816
1786382573409,3013099520,3013099520,3751919616,4848788432
1786382574413,3013099520,3013099520,3751919616,4848788432
1786382575416,3013099520,3013099520,3751919616,4848788432
1786382576419,3013099520,3013099520,3751919616,4848788432
1786382577427,3013099520,3013099520,3751919616,4848788432
1786382578435,3013099520,3013099520,3751919616,4848804816
1786382579446,3013099520,3013099520,3751919616,4848788432
1786382580448,3013099520,3013099520,3751919616,4849918928
1786382581459,3013099520,3013099520,3751919616,4848870352
1786382582462,3013099520,3013099520,3751919616,4848870352
1786382583477,3013099520,3013099520,3751919616,4848886736
1786382584487,3013099520,3013099520,3751919616,4848870352
1786382585490,3013099520,3013099520,3751919616,4848870352
1786382586494,3013099520,3013099520,3751919616,4848870352
1786382587506,3013099520,3013099520,3751919616,4848886736
1786382588513,3013099520,3013099520,3751919616,4848870352
1786382589520,3013099520,3013099520,3751919616,4848870352
1786382590532,3013099520,3013099520,3751919616,4848870352
1786382591535,3013099520,3013099520,3751919616,4848870352
1786382592548,3013099520,3013099520,3751919616,4848870352
1786382593559,3013099520,3013099520,3751919616,4848870352
1786382594565,3013099520,3013099520,3751919616,4848886736
1786382595576,3013099520,3013099520,3751919616,4848870352
1786382596584,3013099520,3013099520,3751919616,4848886736
1786382597595,3013099520,3013099520,3751919616,4848870352
1786382598605,3013099520,3013099520,3751919616,4848870352
1786382599613,3013099520,3013099520,3751919616,4848886736
1786382600622,3013099520,3013099520,3751919616,4848870352
1786382601627,3013099520,3013099520,3751919616,4848870352
1786382602629,3013099520,3013099520,3751919616,4848886736
1786382603631,3013099520,3013099520,3751919616,4848870352
1786382604641,3013099520,3013099520,3751919616,4848870352
1786382605644,3013099520,3013099520,3751919616,4848870352
1786382606655,3013099520,3013099520,3751919616,4848870352
1786382607660,3013099520,3013099520,3751919616,5013218256
1786382608668,3013099520,3013099520,3751919616,5289305040
1786382609671,3013099520,3013099520,3751919616,5289305040
1786382610676,3013099520,3013099520,3751919616,5289305040
1786382611682,3013099520,3013099520,3751919616,5289305040
1786382612688,3013099520,3013099520,3751919616,5289305040
1786382613694,3013099520,3013099520,3751919616,5289305040
1786382614696,3013099520,3013099520,3751919616,5289305040
1786382615703,3013099520,3013099520,3751919616,5289305040
1786382616706,3013099520,3013099520,3751919616,5289305040
1786382617708,3013099520,3013099520,3751919616,5289305040
1786382618714,3013099520,3013099520,3751919616,5289321424
1786382619717,3013099520,3013099520,3751919616,5289305040
1786382620720,3013099520,3013099520,3751919616,5289305040
1786382621725,3013099520,3013099520,3751919616,5289305040
1786382622726,3013099520,3013099520,3751919616,5289305040
1786382623729,3013099520,3013099520,3751919616,5289321424
1786382624731,3013099520,3013099520,3751919616,5289321424
1786382625735,3013099520,3013099520,3751919616,5289305040
1786382626740,3013099520,3013099520,3751919616,5289321424
1786382627743,3013099520,3013099520,3751919616,5289305040
1786382628746,3013099520,3013099520,3751919616,5289305040
1786382629751,3013099520,3013099520,3751919616,5289321424
1786382630757,3013099520,3013099520,3751919616,5289321424
1786382631763,3013099520,3013099520,3751919616,5289337808
1786382632769,3013099520,3013099520,3751919616,5289354192
1786382633775,3013099520,3013099520,3751919616,5289354192
1786382634780,3013099520,3013099520,3751919616,5289354192
1786382635785,3013099520,3013099520,3751919616,5289337808
1786382636798,3013099520,3013099520,3751919616,5289354192
1786382637804,3013099520,3013099520,3751919616,5289354192
1786382638809,3013099520,3013099520,3751919616,5289354192
1786382639815,3013099520,3013099520,3751919616,5289354192
1786382640818,3013099520,3013099520,3751919616,5290402768
1786382641825,3013099520,3013099520,3751919616,5289354192
1786382642832,3013099520,3013099520,3751919616,5289354192
1786382643836,3013099520,3013099520,3751919616,5289354192
1786382644843,3013099520,3013099520,3751919616,5289370576
1786382645848,3013099520,3013099520,3751919616,5289354192
1786382646853,3013099520,3013099520,3751919616,5289370576
1786382647860,3013099520,3013099520,3751919616,5289354192
1786382648863,3013099520,3013099520,3751919616,5289370576
1786382649869,3013099520,3013099520,3751919616,5289354192
1786382650876,3013099520,3013099520,3751919616,5289370576
1786382651880,3013099520,3013099520,3751919616,5289354192
1786382652884,3013099520,3013099520,3751919616,5289370576
1786382653890,3013099520,3013099520,3751919616,5289354192
1786382654892,3013099520,3013099520,3751919616,5289354192
1786382655895,3013099520,3013099520,3751919616,5289370576
1786382656898,3013099520,3013099520,3751919616,5289354192
1786382657903,3013099520,3013099520,3751919616,5289354192
1786382658909,3013099520,3013099520,3751919616,5289370576
1786382659915,3013099520,3013099520,3751919616,5289354192
1786382660918,3013099520,3013099520,3751919616,5289354192
1786382661920,3013099520,3013099520,3751919616,5289354192
1786382662925,3013099520,3013099520,3751919616,5289354192
1786382663929,3013099520,3013099520,3751919616,5289354192
1786382664934,3013099520,3013099520,3751919616,5289354192
1786382665939,3013099520,3013099520,3751919616,5289354192
1786382666947,3013099520,3013099520,3751919616,5289370576
1786382667954,3013099520,3013099520,3751919616,5289370576
1786382668958,3013099520,3013099520,3751919616,5289354192
1786382669962,3013099520,3013099520,3751919616,5289370576
1786382670963,3013099520,3013099520,3751919616,5289354192
1786382671963,3013099520,3013099520,3751919616,5289354192
1786382672968,3013099520,3013099520,3751919616,5289354192
1786382673974,3013099520,3013099520,3751919616,5289354192
1786382674980,3013099520,3013099520,3751919616,5289354192
1786382675983,3013099520,3013099520,3751919616,5289354192
1786382676987,3013099520,3013099520,3751919616,5289354192
1786382677989,3013099520,3013099520,3751919616,5289354192
1786382678994,3013099520,3013099520,3751919616,5289354192
1786382680000,3013099520,3013099520,3751919616,5289354192
1786382681002,3013099520,3013099520,3751919616,5289354192
1786382682008,3013099520,3013099520,3751919616,5289354192
1786382683014,3013099520,3013099520,3751919616,5289354192
1786382684020,3013099520,3013099520,3751919616,5289370576
1786382685026,3013099520,3013099520,3751919616,5289354192
1786382686026,3013099520,3013099520,3751919616,5289354192
1786382687033,3013099520,3013099520,3751919616,5289354192
1786382688039,3013099520,3013099520,3751919616,5289354192
1786382689046,3013099520,3013099520,3751919616,5289370576
1786382690052,3013099520,3013099520,3751919616,5289354192
1786382691054,3013099520,3013099520,3751919616,5289354192
1786382692057,3013099520,3013099520,3751919616,5289354192
1786382693061,3013099520,3013099520,3751919616,5289354192
1786382694066,3013099520,3013099520,3751919616,5289370576
1786382695069,3013099520,3013099520,3751919616,5289354192
1786382696076,3013099520,3013099520,3751919616,5289370576
1786382697079,3013099520,3013099520,3751919616,5289370576
1786382698081,3013099520,3013099520,3751919616,5289370576
1786382699087,3013099520,3013099520,3751919616,5289370576
1786382700092,3013099520,3013099520,3751919616,5290419152
1786382701098,3013099520,3013099520,3751919616,5290435536
1786382702112,3013099520,3013099520,3751919616,5289386960
1786382703117,3013099520,3013099520,3751919616,5289370576
1786382704121,3013099520,3013099520,3751919616,5289370576
1786382705127,3013099520,3013099520,3751919616,5289370576
1786382706130,3013099520,3013099520,3751919616,5289370576
1786382707137,3013099520,3013099520,3751919616,5289370576
1786382708140,3013099520,3013099520,3751919616,5289370576
1786382709145,3013099520,3013099520,3751919616,5289370576
1786382710152,3013099520,3013099520,3751919616,5289370576
1786382711155,3013099520,3013099520,3751919616,5289370576
1786382712161,3013099520,3013099520,3751919616,5289370576
1786382713168,3013099520,3013099520,3751919616,5289370576
1786382714174,3013099520,3013099520,3751919616,5289370576
1786382715180,3013099520,3013099520,3751919616,5289370576
1786382716185,3013099520,3013099520,3751919616,5289370576
1786382717192,3013099520,3013099520,3751919616,5289386960
1786382718195,3013099520,3013099520,3751919616,5289370576
1786382719197,3013099520,3013099520,3751919616,5289370576
1786382720199,3013099520,3013099520,3751919616,5289386960
1786382721202,3013099520,3013099520,3751919616,5289370576
1786382722207,3013099520,3013099520,3751919616,5289386960
1786382723210,3013099520,3013099520,3751919616,5289370576
1786382724216,3013099520,3013099520,3751919616,5289370576
1786382725220,3013099520,3013099520,3751919616,5289370576
1786382726226,3013099520,3013099520,3751919616,5289370576
1786382727232,3013099520,3013099520,3751919616,5289370576
1786382728237,3013099520,3013099520,3751919616,5289370576
1786382729240,3013099520,3013099520,3751919616,5289386960
1786382730245,3013099520,3013099520,3751919616,5289370576
1786382731249,3013099520,3013099520,3751919616,5289370576
1786382732250,3013099520,3013099520,3751919616,5289370576
1786382733253,3013099520,3013099520,3751919616,5289419728
1786382734258,3013099520,3013099520,3751919616,5289419728
1786382735265,3013099520,3013099520,3751919616,5289436112
1786382736268,3013099520,3013099520,3751919616,5289419728
1786382737273,3013099520,3013099520,3751919616,5289419728
1786382738275,3013099520,3013099520,3751919616,5289436112
1786382739278,3013099520,3013099520,3751919616,5289419728
1786382740281,3013099520,3013099520,3751919616,5289419728
1786382741283,3013099520,3013099520,3751919616,5289419728
1786382742289,3013099520,3013099520,3751919616,5289419728
1786382743290,3013099520,3013099520,3751919616,5289419728
1786382744297,3013099520,3013099520,3751919616,5289419728
1786382745301,3013099520,3013099520,3751919616,5289419728
1786382746306,3013099520,3013099520,3751919616,5289419728
1786382747309,3013099520,3013099520,3751919616,5289419728
1786382748316,3013099520,3013099520,3751919616,5289436112
1786382749319,3013099520,3013099520,3751919616,5289436112
1786382750323,3013099520,3013099520,3751919616,5289419728
1786382751327,3013099520,3013099520,3751919616,5289419728
1786382752329,3013099520,3013099520,3751919616,5289419728
1786382753331,3013099520,3013099520,3751919616,5289419728
1786382754336,3013099520,3013099520,3751919616,5289419728
1786382755346,3013099520,3013099520,3751919616,5289419728
1786382756348,3013099520,3013099520,3751919616,5289419728
1786382757352,3013099520,3013099520,3751919616,5289419728
1786382758354,3013099520,3013099520,3751919616,5289419728
1786382759358,3013099520,3013099520,3751919616,5289436112
1786382760364,3013099520,3013099520,3751919616,5290468304
1786382761367,3013099520,3013099520,3751919616,5289436112
1786382762373,3013099520,3013099520,3751919616,5289419728
1786382763378,3013099520,3013099520,3751919616,5289419728
1786382764385,3013099520,3013099520,3751919616,5289436112
1786382765390,3013099520,3013099520,3751919616,5289419728
1786382766395,3013099520,3013099520,3751919616,5289419728
1786382767401,3013099520,3013099520,3751919616,5289419728
1786382768407,3013099520,3013099520,3751919616,5289419728
1786382769412,3013099520,3013099520,3751919616,5289436112
1786382770414,3013099520,3013099520,3751919616,5289419728
1786382771420,3013099520,3013099520,3751919616,5289419728
1786382772422,3013099520,3013099520,3751919616,5289419728
1786382773427,3013099520,3013099520,3751919616,5289419728
1786382774428,3013099520,3013099520,3751919616,5289419728
1786382775434,3013099520,3013099520,3751919616,5289419728
1786382776438,3013099520,3013099520,3751919616,5302494160
1786382777445,3013099520,3013099520,3751919616,5312783312
1786382778450,3013099520,3013099520,3751919616,5312783312
1786382779456,3013099520,3013099520,3751919616,5312783312
1786382780462,3013099520,3013099520,3751919616,5312766928
1786382781468,3013099520,3013099520,3751919616,5312766928
1786382782472,3013099520,3013099520,3751919616,5312766928
1786382783478,3013099520,3013099520,3751919616,5312766928
1786382784483,3013099520,3013099520,3751919616,5312766928
1786382785490,3013099520,3013099520,3751919616,5312766928
1786382786494,3013099520,3013099520,3751919616,5312766928
1786382787500,3013099520,3013099520,3751919616,5312766928
1786382788505,3013099520,3013099520,3751919616,5312766928
1786382789512,3013099520,3013099520,3751919616,5312783312
1786382790514,3013099520,3013099520,3751919616,5312783312
1786382791521,3013099520,3013099520,3751919616,5312783312
1786382792523,3013099520,3013099520,3751919616,5312783312
1786382793530,3013099520,3013099520,3751919616,5312783312
1786382794532,3013099520,3013099520,3751919616,5312783312
1786382795536,3013099520,3013099520,3751919616,5312783312
1786382796541,3013099520,3013099520,3751919616,5312783312
1786382797544,3013099520,3013099520,3751919616,5312783312
1786382798550,3013099520,3013099520,3751919616,5312783312
1786382799556,3013099520,3013099520,3751919616,5312783312
1786382800560,3013099520,3013099520,3751919616,5312783312
1786382801563,3013099520,3013099520,3751919616,5312783312
1786382802565,3013099520,3013099520,3751919616,5312783312
1786382803571,3013099520,3013099520,3751919616,5312783312
1786382804573,3013099520,3013099520,3751919616,5312783312
1786382805580,3013099520,3013099520,3751919616,5312783312
1786382806586,3013099520,3013099520,3751919616,5312799696
1786382807588,3013099520,3013099520,3751919616,5312783312
1786382808594,3013099520,3013099520,3751919616,5312783312
1786382809600,3013099520,3013099520,3751919616,5312799696
1786382810605,3013099520,3013099520,3751919616,5312783312
1786382811612,3013099520,3013099520,3751919616,5312799696
1786382812615,3013099520,3013099520,3751919616,5312783312
1786382813619,3013099520,3013099520,3751919616,5312783312
1786382814625,3013099520,3013099520,3751919616,5312783312
1786382815626,3013099520,3013099520,3751919616,5312783312
1786382816630,3013099520,3013099520,3751919616,5312783312
1786382817632,3013099520,3013099520,3751919616,5312783312
1786382818635,3013099520,3013099520,3751919616,5312783312
