ts_ms,mem_total_kib,mem_free_kib,mem_available_kib,cached_kib,swap_free_kib,mem_some_avg10,mem_some_total_us,mem_full_avg10,mem_full_total_us,io_some_avg10,io_some_total_us,io_full_avg10,io_full_total_us,pgmajfault,pswpin,pswpout,pgscan_kswapd,pgsteal_kswapd,pgscan_direct,pgsteal_direct,kswapd_cpu_ticks
1786372719166,16325868,15634292,15764924,318472,8388604,0,175,0,11,200,495506,147,401307,280,0,0,0,0,0,0,0
1786372719416,16325868,15634292,15765340,318828,8388604,0,175,0,11,200,517273,147,421880,280,0,0,0,0,0,0,0
1786372719672,16325868,15634292,15765664,319120,8388604,0,175,0,11,200,532429,147,436991,280,0,0,0,0,0,0,0
1786372719926,16325868,15634292,15765664,319120,8388604,0,175,0,11,200,532429,147,436991,280,0,0,0,0,0,0,0
1786372720178,16325868,15634292,15765664,319124,8388604,0,175,0,11,200,532429,147,436991,280,0,0,0,0,0,0,0
1786372720431,16325868,15634292,15765664,319124,8388604,0,175,0,11,273,532429,210,436991,280,0,0,0,0,0,0,0
1786372720682,16325868,15634292,15765664,319124,8388604,0,175,0,11,273,532429,210,436991,280,0,0,0,0,0,0,0
1786372720940,16132332,15441008,15573340,319372,8388604,0,175,0,11,273,557783,210,461354,280,0,0,0,0,0,0,0
1786372721192,16063724,15376496,15509096,319372,8388604,0,175,0,11,273,557783,210,461354,280,0,0,0,0,0,0,0
1786372721451,16063724,15376496,15509152,319384,8388604,0,175,0,11,273,557783,210,461354,280,0,0,0,0,0,0,0
1786372721703,16063724,15376496,15509152,319384,8388604,0,175,0,11,273,557783,210,461354,280,0,0,0,0,0,0,0
1786372721955,16063724,15376272,15508940,319384,8388604,0,175,0,11,273,557783,210,461354,280,0,0,0,0,0,0,0
1786372722206,16063724,15376020,15508888,319592,8388604,0,175,0,11,273,577291,210,480835,280,0,0,0,0,0,0,0
1786372722459,16063724,15376020,15508888,319592,8388604,0,175,0,11,260,577291,208,480835,280,0,0,0,0,0,0,0
1786372722712,16063724,15376020,15508888,319592,8388604,0,175,0,11,260,577291,208,480835,280,0,0,0,0,0,0,0
1786372722965,16063724,15376020,15508888,319592,8388604,0,175,0,11,260,577291,208,480835,280,0,0,0,0,0,0,0
1786372723216,16063724,15376020,15508888,319592,8388604,0,175,0,11,260,577291,208,480835,280,0,0,0,0,0,0,0
1786372723467,15936748,15246996,15380528,319960,8388604,0,175,0,11,260,595290,208,498777,281,0,0,0,0,0,0,0
1786372723727,15801580,15033400,15170944,322968,8388604,0,175,0,11,260,653194,208,555525,285,0,0,0,0,0,0,0
1786372723997,15801580,15030720,15170408,319856,8388604,0,175,0,11,260,724167,208,624184,285,0,0,0,0,0,0,0
1786372724247,15801580,14974712,15190304,395392,8388604,0,175,0,11,358,739513,316,638704,303,0,0,0,0,0,0,0
1786372724497,15801580,14970464,15146264,355540,8388604,0,175,0,11,358,754640,316,652453,304,0,0,0,0,0,0,0
1786372724756,15801580,14970184,15146344,355872,8388604,0,175,0,11,358,779244,316,676411,304,0,0,0,0,0,0,0
1786372725008,15801580,14970184,15146352,355880,8388604,0,175,0,11,358,779244,316,676411,304,0,0,0,0,0,0,0
1786372725261,15801580,14973084,15149320,355952,8388604,0,175,0,11,358,781224,316,678391,304,0,0,0,0,0,0,0
1786372725513,15801580,14973084,15149320,355952,8388604,0,175,0,11,358,781224,316,678391,304,0,0,0,0,0,0,0
1786372725765,15801580,14973280,15149516,355952,8388604,0,175,0,11,358,781224,316,678391,304,0,0,0,0,0,0,0
1786372726017,15635692,14844312,15021500,356248,8388604,0,175,0,11,358,797562,316,694107,304,0,0,0,0,0,0,0
1786372726278,15539436,14747544,14925108,356252,8388604,0,175,0,11,329,797562,295,694107,304,0,0,0,0,0,0,0
1786372726531,15539436,14747944,14925512,356256,8388604,0,175,0,11,329,797562,295,694107,304,0,0,0,0,0,0,0
1786372726784,15539436,14747944,14925512,356256,8388604,0,175,0,11,329,797562,295,694107,304,0,0,0,0,0,0,0
1786372727035,15539436,14747944,14925512,356256,8388604,0,175,0,11,329,797562,295,694107,304,0,0,0,0,0,0,0
1786372727289,15539436,14748700,14926480,356464,8388604,0,175,0,11,329,816286,295,712818,304,0,0,0,0,0,0,0
1786372727541,15539436,14748700,14926480,356464,8388604,0,175,0,11,329,816286,295,712818,304,0,0,0,0,0,0,0
1786372727798,15539436,14748700,14926480,356464,8388604,0,175,0,11,329,816286,295,712818,304,0,0,0,0,0,0,0
1786372728050,15539436,14748700,14926356,356464,8388604,0,175,0,11,329,816286,295,712818,304,0,0,0,0,0,0,0
1786372728304,15539436,14748700,14926356,356468,8388604,0,175,0,11,269,816286,241,712818,304,0,0,0,0,0,0,0
1786372728565,15501548,14709448,14887512,356724,8388604,0,175,0,11,269,845702,241,739796,304,0,0,0,0,0,0,0
1786372728822,15277292,14491720,14670660,356724,8388604,0,175,0,11,269,845702,241,739796,304,0,0,0,0,0,0,0
1786372729075,15277292,14491720,14670660,356728,8388604,0,175,0,11,269,845702,241,739796,304,0,0,0,0,0,0,0
1786372729335,15277292,14492960,14671900,356728,8388604,0,175,0,11,269,845702,241,739796,304,0,0,0,0,0,0,0
1786372729592,15277292,14493212,14672152,356728,8388604,0,175,0,11,269,845702,241,739796,304,0,0,0,0,0,0,0
1786372729853,15277292,14492944,14672124,356968,8388604,0,175,0,11,269,861802,241,755830,304,0,0,0,0,0,0,0
1786372730114,15277292,14492944,14672124,356968,8388604,0,175,0,11,269,861802,241,755830,304,0,0,0,0,0,0,0
1786372730366,15277292,14495440,14674620,356968,8388604,0,175,0,11,257,861802,233,755830,304,0,0,0,0,0,0,0
1786372730621,15277292,14495440,14674620,356968,8388604,0,175,0,11,257,861802,233,755830,304,0,0,0,0,0,0,0
1786372730873,15277292,14496592,14675772,356964,8388604,0,175,0,11,257,861802,233,755830,304,0,0,0,0,0,0,0
1786372731127,15266028,14481168,14660640,357216,8388604,0,175,0,11,257,892174,233,785598,304,0,0,0,0,0,0,0
1786372731388,15015148,14236580,14417032,357216,8388604,0,175,0,11,257,892174,233,785598,304,0,0,0,0,0,0,0
1786372731647,15015148,14236580,14417032,357220,8388604,0,175,0,11,257,892174,233,785598,304,0,0,0,0,0,0,0
1786372731900,15015148,14236580,14417032,357220,8388604,0,175,0,11,257,892174,233,785598,304,0,0,0,0,0,0,0
1786372732153,15015148,14237360,14417812,357220,8388604,0,175,0,11,257,892174,233,785598,304,0,0,0,0,0,0,0
1786372732407,15015148,14244492,14425180,357456,8388604,0,175,0,11,227,912954,209,806340,304,0,0,0,0,0,0,0
1786372732658,15015148,14244492,14425180,357460,8388604,0,175,0,11,227,912954,209,806340,304,0,0,0,0,0,0,0
1786372732911,15015148,14244492,14425180,357460,8388604,0,175,0,11,227,912954,209,806340,304,0,0,0,0,0,0,0
1786372733172,15015148,14244492,14425180,357460,8388604,0,175,0,11,227,912954,209,806340,304,0,0,0,0,0,0,0
1786372733425,15015148,14252188,14432876,357460,8388604,0,175,0,11,227,912954,209,806340,304,0,0,0,0,0,0,0
1786372733677,15015148,14252148,14432976,357652,8388604,0,175,0,11,227,932933,209,826224,304,0,0,0,0,0,0,0
1786372733931,14753004,13986120,14168052,357664,8388604,0,175,0,11,227,932933,209,826224,304,0,0,0,0,0,0,0
1786372734189,14753004,13989788,14171720,357664,8388604,0,175,0,11,227,932933,209,826224,304,0,0,0,0,0,0,0
1786372734444,14753004,13991612,14173544,357664,8388604,0,175,0,11,223,932933,206,826224,304,0,0,0,0,0,0,0
1786372734699,14753004,13936748,14162632,401596,8388604,0,175,0,11,223,977359,206,869840,304,0,0,0,0,0,0,0
1786372734950,14753004,13906520,14133244,402368,8388604,0,175,0,11,223,1006024,206,895088,304,0,0,0,0,0,0,0
1786372735201,14753004,13919324,14102788,359132,8388604,0,175,0,11,223,1020216,206,908797,304,0,0,0,0,0,0,0
1786372735456,14753004,13919324,14102836,359212,8388604,0,175,0,11,223,1020216,206,908797,304,0,0,0,0,0,0,0
1786372735711,14753004,13919324,14102836,359212,8388604,0,175,0,11,223,1020216,206,908797,304,0,0,0,0,0,0,0
1786372735972,14753004,13919324,14102836,359212,8388604,0,175,0,11,223,1020216,206,908797,304,0,0,0,0,0,0,0
1786372736224,14753004,13921592,14105432,359544,8388604,0,175,0,11,223,1044784,206,931214,304,0,0,0,0,0,0,0
1786372736476,14490860,13671876,13856736,359540,8388604,0,175,0,11,273,1044784,260,931214,304,0,0,0,0,0,0,0
1786372736727,14490860,13671876,13856788,359548,8388604,0,175,0,11,273,1044784,260,931214,304,0,0,0,0,0,0,0
1786372736979,14490860,13671876,13856788,359548,8388604,0,175,0,11,273,1044784,260,931214,304,0,0,0,0,0,0,0
1786372737235,14490860,13671876,13856788,359548,8388604,0,175,0,11,273,1044784,260,931214,304,0,0,0,0,0,0,0
1786372737486,14490860,13680568,13865620,359748,8388604,0,175,0,11,273,1059100,260,945480,304,0,0,0,0,0,0,0
1786372737741,14490860,13680568,13865696,359760,8388604,0,175,0,11,273,1059100,260,945480,304,0,0,0,0,0,0,0
1786372738001,14490860,13680568,13865696,359764,8388604,0,175,0,11,273,1059100,260,945480,304,0,0,0,0,0,0,0
1786372738258,14490860,13684664,13869792,359764,8388604,0,175,0,11,224,1059100,213,945480,304,0,0,0,0,0,0,0
1786372738510,14490860,13684664,13869792,359764,8388604,0,175,0,11,224,1059100,213,945480,304,0,0,0,0,0,0,0
1786372738761,14490860,13685096,13870404,359952,8388604,0,175,0,11,224,1082506,213,968164,304,0,0,0,0,0,0,0
1786372739022,14228716,13419184,13605568,360004,8388604,0,175,0,11,224,1082506,213,968164,304,0,0,0,0,0,0,0
1786372739277,14228716,13422284,13608668,360004,8388604,0,175,0,11,224,1082506,213,968164,304,0,0,0,0,0,0,0
1786372739532,14228716,13422284,13608668,360004,8388604,0,175,0,11,224,1082506,213,968164,304,0,0,0,0,0,0,0
1786372739790,14228716,13422284,13608668,360004,8388604,0,175,0,11,224,1082506,213,968164,304,0,0,0,0,0,0,0
1786372740041,14228716,13421328,13607924,360212,8388604,0,175,0,11,224,1103047,213,988613,304,0,0,0,0,0,0,0
1786372740298,14228716,13426412,13613080,360320,8388604,0,175,0,11,254,1177793,247,1063333,304,0,0,0,0,0,0,0
1786372740549,14228716,13426160,13612968,360432,8388604,0,175,0,11,254,1182380,247,1067912,304,0,0,0,0,0,0,0
1786372740801,14228716,13426160,13612968,360432,8388604,0,175,0,11,254,1182380,247,1067912,304,0,0,0,0,0,0,0
1786372741060,14228716,13426160,13612968,360432,8388604,0,175,0,11,254,1182380,247,1067912,304,0,0,0,0,0,0,0
1786372741311,14228716,13430168,13617192,360632,8388604,0,175,0,11,254,1198756,247,1084288,304,0,0,0,0,0,0,0
1786372741571,13966572,13172372,13360420,360640,8388604,0,175,0,11,254,1198756,247,1084288,304,0,0,0,0,0,0,0
1786372741822,13966572,13172372,13360420,360640,8388604,0,175,0,11,254,1198756,247,1084288,304,0,0,0,0,0,0,0
1786372742079,13966572,13172372,13360420,360640,8388604,0,175,0,11,254,1198756,247,1084288,304,0,0,0,0,0,0,0
1786372742335,13966572,13176528,13364576,360640,8388604,0,175,0,11,245,1198756,238,1084288,304,0,0,0,0,0,0,0
1786372742587,13966572,13176612,13364700,360676,8388604,0,175,0,11,245,1212303,238,1096100,304,0,0,0,0,0,0,0
1786372742838,13966572,13178208,13366324,360700,8388604,0,175,0,11,245,1216484,238,1100281,304,0,0,0,0,0,0,0
1786372743090,13966572,13178208,13366324,360700,8388604,0,175,0,11,245,1216484,238,1100281,304,0,0,0,0,0,0,0
1786372743354,13966572,13185076,13373292,360828,8388604,0,175,0,11,245,1216484,238,1100281,304,0,0,0,0,0,0,0
1786372743609,13966572,13184824,13373060,360828,8388604,0,175,0,11,245,1216484,238,1100281,304,0,0,0,0,0,0,0
1786372743872,13966572,13183816,13372064,360852,8388604,0,175,0,11,245,1222752,238,1106533,304,0,0,0,0,0,0,0
1786372744132,13704428,12918500,13107760,360844,8388604,0,175,0,11,245,1231829,238,1115576,304,0,0,0,0,0,0,0
1786372744383,13704428,12921456,13110716,360844,8388604,0,175,0,11,219,1231829,213,1115576,304,0,0,0,0,0,0,0
1786372744635,13704428,12921456,13110716,360844,8388604,0,175,0,11,219,1231829,213,1115576,304,0,0,0,0,0,0,0
1786372744891,13704428,12921456,13110716,360844,8388604,0,175,0,11,219,1231975,213,1115722,304,0,0,0,0,0,0,0
1786372745142,13704428,12921456,13110720,360844,8388604,0,175,0,11,219,1233912,213,1117053,304,0,0,0,0,0,0,0
1786372745398,13704428,12922908,13112188,360864,8388604,0,175,0,11,219,1257959,213,1140678,304,0,0,0,0,0,0,0
1786372745649,13704428,12858424,13085728,398912,8388604,0,175,0,11,219,1279981,213,1162699,304,0,0,0,0,0,0,0
1786372745899,13704428,12831180,13064412,404812,8388604,0,175,0,11,219,1307978,213,1188912,304,0,0,0,0,0,0,0
1786372746150,13704428,12814300,13003872,361136,8388604,0,175,0,11,219,1307978,213,1188912,304,0,0,0,0,0,0,0
1786372746400,13704428,12814300,13003868,361136,8388604,0,175,0,11,252,1329135,247,1209992,304,0,0,0,0,0,0,0
1786372746651,13514988,12637048,12827360,361144,8388604,0,175,0,11,252,1351845,247,1231287,304,0,0,0,0,0,0,0
1786372746911,13442284,12564472,12755068,361152,8388604,0,175,0,11,252,1351845,247,1231287,304,0,0,0,0,0,0,0
1786372747170,13442284,12564472,12755068,361152,8388604,0,175,0,11,252,1351845,247,1231287,304,0,0,0,0,0,0,0
1786372747425,13442284,12574504,12765100,361152,8388604,0,175,0,11,252,1351845,247,1231287,304,0,0,0,0,0,0,0
1786372747676,13442284,12574308,12764904,361156,8388604,0,175,0,11,252,1351845,247,1231287,304,0,0,0,0,0,0,0
1786372747928,13442284,12574900,12765524,361176,8388604,0,175,0,11,252,1363422,247,1242847,304,0,0,0,0,0,0,0
1786372748179,13442284,12577648,12768272,361180,8388604,0,175,0,11,252,1363422,247,1242847,304,0,0,0,0,0,0,0
1786372748435,13442284,12585712,12776336,361180,8388604,0,175,0,11,242,1363422,238,1242847,304,0,0,0,0,0,0,0
1786372748687,13442284,12585712,12776336,361180,8388604,0,175,0,11,242,1363422,238,1242847,304,0,0,0,0,0,0,0
1786372748948,13442284,12585712,12776336,361180,8388604,0,175,0,11,242,1363422,238,1242847,304,0,0,0,0,0,0,0
1786372749199,13397228,12546792,12737656,361240,8388604,0,175,0,11,242,1385076,238,1263769,304,0,0,0,0,0,0,0
1786372749451,13180140,12340176,12531892,361244,8388604,0,175,0,11,242,1385076,238,1263769,304,0,0,0,0,0,0,0
1786372749702,13180140,12340176,12531892,361244,8388604,0,175,0,11,242,1385076,238,1263769,304,0,0,0,0,0,0,0
1786372749959,13180140,12340176,12531892,361244,8388604,0,175,0,11,242,1385076,238,1263769,304,0,0,0,0,0,0,0
1786372750218,13180140,12344108,12535824,361244,8388604,0,175,0,11,242,1385076,238,1263769,304,0,0,0,0,0,0,0
1786372750470,13180140,12348032,12539804,361300,8388604,0,175,0,11,216,1398519,213,1277205,304,0,0,0,0,0,0,0
1786372750722,13180140,12348032,12539804,361308,8388604,0,175,0,11,216,1398519,213,1277205,304,0,0,0,0,0,0,0
1786372750978,13180140,12348032,12539804,361308,8388604,0,175,0,11,216,1398519,213,1277205,304,0,0,0,0,0,0,0
1786372751230,13180140,12348032,12539804,361308,8388604,0,175,0,11,216,1398519,213,1277205,304,0,0,0,0,0,0,0
1786372751482,13180140,12356220,12547992,361308,8388604,0,175,0,11,216,1398519,213,1277205,304,0,0,0,0,0,0,0
1786372751734,13180140,12356220,12548040,361368,8388604,0,175,0,11,216,1410635,213,1289302,304,0,0,0,0,0,0,0
1786372751984,12917996,12098488,12291348,361372,8388604,0,175,0,11,216,1410828,213,1289476,304,0,0,0,0,0,0,0
1786372752245,12917996,12098488,12291348,361372,8388604,0,175,0,11,195,1410828,193,1289476,304,0,0,0,0,0,0,0
1786372752497,12917996,12098488,12291348,361372,8388604,0,175,0,11,195,1410828,193,1289476,304,0,0,0,0,0,0,0
1786372752753,12917996,12098488,12291348,361372,8388604,0,175,0,11,195,1410828,193,1289476,304,0,0,0,0,0,0,0
1786372753004,12917996,12099272,12292212,361448,8388604,0,175,0,11,195,1433754,193,1309744,304,0,0,0,0,0,0,0
1786372753255,12917996,12099856,12292832,361484,8388604,0,175,0,11,195,1433754,193,1309744,304,0,0,0,0,0,0,0
1786372753515,12917996,12102840,12295816,361484,8388604,0,175,0,11,195,1433754,193,1309744,304,0,0,0,0,0,0,0
1786372753774,12917996,12102840,12295816,361484,8388604,0,175,0,11,195,1433754,193,1309744,304,0,0,0,0,0,0,0
1786372754035,12917996,12102840,12295816,361484,8388604,0,175,0,11,195,1433754,193,1309744,304,0,0,0,0,0,0,0
1786372754286,12917996,12111892,12304880,361488,8388604,0,175,0,11,196,1457966,194,1333925,304,0,0,0,0,0,0,0
1786372754539,12655852,11849564,12043620,361536,8388604,0,175,0,11,196,1457966,194,1333925,304,0,0,0,0,0,0,0
1786372754799,12655852,11849564,12043620,361536,8388604,0,175,0,11,196,1457966,194,1333925,304,0,0,0,0,0,0,0
1786372755051,12655852,11849564,12043620,361536,8388604,0,175,0,11,196,1457966,194,1333925,304,0,0,0,0,0,0,0
1786372755304,12655852,11853904,12047960,361536,8388604,0,175,0,11,196,1457966,194,1333925,304,0,0,0,0,0,0,0
1786372755556,12655852,11853892,12047988,361580,8388604,0,175,0,11,196,1470246,194,1345534,304,0,0,0,0,0,0,0
1786372755817,12655852,11853136,12047232,361576,8388604,0,175,0,11,196,1472141,194,1347430,304,0,0,0,0,0,0,0
1786372756075,12655852,11853388,12047484,361580,8388604,0,175,0,11,196,1472141,194,1347430,304,0,0,0,0,0,0,0
1786372756334,12655852,11858660,12052756,361580,8388604,0,175,0,11,160,1472141,159,1347430,304,0,0,0,0,0,0,0
1786372756585,12655852,11848732,12063592,382372,8388604,0,175,0,11,160,1491962,159,1366706,304,0,0,0,0,0,0,0
1786372756836,12655852,11804636,12042732,405544,8388604,0,175,0,11,160,1543206,159,1412606,304,0,0,0,0,0,0,0
1786372757086,12393708,11506688,11745876,405596,8388604,0,175,0,11,160,1543605,159,1413002,304,0,0,0,0,0,0,0
1786372757347,12393708,11559816,11755484,362092,8388604,0,175,0,11,160,1550519,159,1419853,304,0,0,0,0,0,0,0
1786372757601,12393708,11559816,11755484,362092,8388604,0,175,0,11,160,1550519,159,1419853,304,0,0,0,0,0,0,0
1786372757857,12393708,11559816,11755484,362092,8388604,0,175,0,11,160,1550519,159,1419853,304,0,0,0,0,0,0,0
1786372758109,12393708,11559816,11755548,362156,8388604,0,175,0,11,160,1571021,159,1439015,304,0,0,0,0,0,0,0
1786372758360,12393708,11565096,11760820,362140,8388604,0,175,0,11,222,1576888,202,1444362,304,0,0,0,0,0,0,0
1786372758619,12393708,11565264,11760988,362140,8388604,0,175,0,11,222,1576888,202,1444362,304,0,0,0,0,0,0,0
1786372758877,12393708,11565264,11760988,362140,8388604,0,175,0,11,222,1576888,202,1444362,304,0,0,0,0,0,0,0
1786372759129,12393708,11565264,11760988,362140,8388604,0,175,0,11,222,1576888,202,1444362,304,0,0,0,0,0,0,0
1786372759384,12393708,11576108,11771856,362168,8388604,0,175,0,11,222,1585075,202,1452538,304,0,0,0,0,0,0,0
1786372759644,12131564,11319156,11515920,362156,8388604,0,175,0,11,222,1591124,202,1458587,304,0,0,0,0,0,0,0
1786372759902,12131564,11319156,11515920,362156,8388604,0,175,0,11,222,1591124,202,1458587,304,0,0,0,0,0,0,0
1786372760157,12131564,11319156,11515920,362156,8388604,0,175,0,11,222,1591124,202,1458587,304,0,0,0,0,0,0,0
1786372760416,12131564,11328028,11524792,362156,8388604,0,175,0,11,181,1591124,165,1458587,304,0,0,0,0,0,0,0
1786372760667,12131564,11332388,11529176,362172,8388604,0,175,0,11,181,1595994,165,1462757,304,0,0,0,0,0,0,0
1786372760921,12131564,11331360,11528200,362232,8388604,0,175,0,11,181,1613973,165,1480736,304,0,0,0,0,0,0,0
1786372761181,12131564,11331360,11528200,362236,8388604,0,175,0,11,181,1613973,165,1480736,304,0,0,0,0,0,0,0
1786372761434,12131564,11334256,11531096,362236,8388604,0,175,0,11,181,1613973,165,1480736,304,0,0,0,0,0,0,0
1786372761685,12131564,11334256,11531096,362236,8388604,0,175,0,11,181,1613973,165,1480736,304,0,0,0,0,0,0,0
1786372761937,12131564,11332828,11529676,362236,8388604,0,175,0,11,181,1613973,165,1480736,304,0,0,0,0,0,0,0
1786372762188,11904236,11104120,11301888,362280,8388604,0,175,0,11,181,1631686,165,1498442,304,0,0,0,0,0,0,0
1786372762448,11869420,11074884,11272788,362284,8388604,0,175,0,11,185,1631686,172,1498442,304,0,0,0,0,0,0,0
1786372762708,11869420,11074884,11272788,362284,8388604,0,175,0,11,185,1631686,172,1498442,304,0,0,0,0,0,0,0
1786372762962,11869420,11074884,11272788,362284,8388604,0,175,0,11,185,1631686,172,1498442,304,0,0,0,0,0,0,0
1786372763218,11869420,11080472,11278380,362284,8388604,0,175,0,11,185,1631686,172,1498442,304,0,0,0,0,0,0,0
1786372763473,11869420,11083820,11281756,362312,8388604,0,175,0,11,185,1652867,172,1519007,304,0,0,0,0,0,0,0
1786372763730,11869420,11083820,11281760,362316,8388604,0,175,0,11,185,1652867,172,1519007,304,0,0,0,0,0,0,0
1786372763983,11869420,11083820,11281760,362316,8388604,0,175,0,11,185,1652867,172,1519007,304,0,0,0,0,0,0,0
1786372764245,11869420,11085116,11283056,362316,8388604,0,175,0,11,169,1652867,159,1519007,304,0,0,0,0,0,0,0
1786372764498,11869420,11086164,11284104,362316,8388604,0,175,0,11,169,1652867,159,1519007,304,0,0,0,0,0,0,0
1786372764754,11752684,10962684,11161088,362324,8388604,0,175,0,11,169,1683481,159,1548668,304,0,0,0,0,0,0,0
1786372765015,11607276,10817532,11016504,362332,8388604,0,175,0,11,169,1683481,159,1548668,304,0,0,0,0,0,0,0
1786372765267,11607276,10820060,11019032,362332,8388604,0,175,0,11,169,1683481,159,1548668,304,0,0,0,0,0,0,0
1786372765523,11607276,10820060,11019032,362332,8388604,0,175,0,11,169,1683481,159,1548668,304,0,0,0,0,0,0,0
1786372765782,11607276,10820060,11019032,362332,8388604,0,175,0,11,169,1683481,159,1548668,304,0,0,0,0,0,0,0
1786372766035,11607276,10820308,11023396,366444,8388604,0,175,0,11,169,1706311,159,1569265,304,0,0,0,0,0,0,0
1786372766295,11607276,10820308,11023396,366444,8388604,0,175,0,11,175,1706311,166,1569265,304,0,0,0,0,0,0,0
1786372766548,11607276,10822304,11025392,366444,8388604,0,175,0,11,175,1706311,166,1569265,304,0,0,0,0,0,0,0
1786372766803,11607276,10822304,11025392,366448,8388604,0,175,0,11,175,1706311,166,1569265,304,0,0,0,0,0,0,0
1786372767063,11607276,10822304,11025392,366448,8388604,0,175,0,11,175,1706311,166,1569265,304,0,0,0,0,0,0,0
1786372767315,11578604,10792780,10995992,366464,8388604,0,175,0,11,175,1718810,166,1581764,304,0,0,0,0,0,0,0
1786372767566,11345132,10547416,10773524,388612,8388604,0,175,0,11,175,1729250,166,1592204,304,0,0,0,0,0,0,0
1786372767819,11345132,10553924,10758364,366716,8388604,0,175,0,11,175,1774193,166,1635611,304,0,0,0,0,0,0,0
1786372768070,11345132,10489664,10737776,410372,8388604,0,175,0,11,175,1775909,166,1637169,304,0,0,0,0,0,0,0
1786372768321,11345132,10506684,10711148,366728,8388604,0,175,0,11,197,1779769,190,1641000,304,0,0,0,0,0,0,0
1786372768581,11345132,10507368,10711844,366744,8388604,0,175,0,11,197,1804654,190,1664520,304,0,0,0,0,0,0,0
1786372768835,11345132,10507368,10711844,366744,8388604,0,175,0,11,197,1804654,190,1664520,304,0,0,0,0,0,0,0
1786372769089,11345132,10507368,10711844,366744,8388604,0,175,0,11,197,1804654,190,1664520,304,0,0,0,0,0,0,0
1786372769342,11345132,10507368,10711844,366744,8388604,0,175,0,11,197,1804654,190,1664520,304,0,0,0,0,0,0,0
1786372769601,11345132,10513944,10718420,366744,8388604,0,175,0,11,197,1804654,190,1664520,304,0,0,0,0,0,0,0
1786372769857,11314412,10481940,10686568,366772,8388604,0,175,0,11,197,1818609,190,1678418,304,0,0,0,0,0,0,0
1786372770113,11082988,10248084,10453616,366776,8388604,0,175,0,11,197,1818609,190,1678418,304,0,0,0,0,0,0,0
1786372770369,11082988,10248084,10453616,366776,8388604,0,175,0,11,180,1818609,174,1678418,304,0,0,0,0,0,0,0
1786372770623,11082988,10253272,10458784,366792,8388604,0,175,0,11,180,1848726,174,1708500,304,0,0,0,0,0,0,0
1786372770875,11082988,10253272,10458784,366792,8388604,0,175,0,11,180,1848726,174,1708500,304,0,0,0,0,0,0,0
1786372771134,11082988,10255444,10460992,366808,8388604,0,175,0,11,180,1863861,174,1722920,304,0,0,0,0,0,0,0
1786372771391,11082988,10261960,10467512,366812,8388604,0,175,0,11,180,1863861,174,1722920,304,0,0,0,0,0,0,0
1786372771651,11082988,10261960,10467512,366812,8388604,0,175,0,11,180,1863861,174,1722920,304,0,0,0,0,0,0,0
1786372771905,11082988,10261960,10467512,366812,8388604,0,175,0,11,180,1863861,174,1722920,304,0,0,0,0,0,0,0
1786372772159,11082988,10261960,10467512,366812,8388604,0,175,0,11,180,1863861,174,1722920,304,0,0,0,0,0,0,0
1786372772421,11082988,10272656,10478208,366820,8388604,0,175,0,11,183,1878957,178,1738003,304,0,0,0,0,0,0,0
1786372772675,10820844,10014860,10221436,366828,8388604,0,175,0,11,183,1878957,178,1738003,304,0,0,0,0,0,0,0
1786372772928,10820844,10014860,10221436,366828,8388604,0,175,0,11,183,1878957,178,1738003,304,0,0,0,0,0,0,0
1786372773180,10820844,10020020,10226596,366828,8388604,0,175,0,11,183,1878957,178,1738003,304,0,0,0,0,0,0,0
1786372773434,10820844,10020020,10226596,366828,8388604,0,175,0,11,183,1878957,178,1738003,304,0,0,0,0,0,0,0
1786372773685,10820844,10021568,10228196,366872,8388604,0,175,0,11,183,1891012,178,1749644,304,0,0,0,0,0,0,0
1786372773936,10820844,10021428,10228056,366880,8388604,0,175,0,11,183,1891012,178,1749644,304,0,0,0,0,0,0,0
1786372774189,10820844,10021428,10228056,366880,8388604,0,175,0,11,183,1891012,178,1749644,304,0,0,0,0,0,0,0
1786372774442,10820844,10021428,10228056,366880,8388604,0,175,0,11,168,1891012,164,1749644,304,0,0,0,0,0,0,0
1786372774695,10820844,10024960,10231588,366880,8388604,0,175,0,11,168,1891012,164,1749644,304,0,0,0,0,0,0,0
1786372774946,10820844,10024764,10231420,366920,8388604,0,175,0,11,168,1906296,164,1764916,304,0,0,0,0,0,0,0
1786372775200,10558700,9760644,9968340,366928,8388604,0,175,0,11,168,1906296,164,1764916,304,0,0,0,0,0,0,0
1786372775456,10558700,9764236,9971928,366924,8388604,0,175,0,11,168,1906296,164,1764916,304,0,0,0,0,0,0,0
1786372775708,10558700,9764236,9971936,366924,8388604,0,175,0,11,168,1906472,164,1765092,304,0,0,0,0,0,0,0
1786372775966,10558700,9764236,9971936,366924,8388604,0,175,0,11,168,1906472,164,1765092,304,0,0,0,0,0,0,0
1786372776218,10558700,9771980,9979692,366936,8388604,0,175,0,11,168,1919708,164,1778328,304,0,0,0,0,0,0,0
1786372776474,10558700,9771996,9979704,366940,8388604,0,175,0,11,156,1924501,152,1782478,304,0,0,0,0,0,0,0
1786372776727,10558700,9771996,9979704,366940,8388604,0,175,0,11,156,1924501,152,1782478,304,0,0,0,0,0,0,0
1786372776984,10558700,9771996,9979704,366940,8388604,0,175,0,11,156,1924501,152,1782478,304,0,0,0,0,0,0,0
1786372777235,10558700,9778160,9985868,366940,8388604,0,175,0,11,156,1924856,152,1782833,304,0,0,0,0,0,0,0
1786372777487,10558700,9778876,9986604,366948,8388604,0,175,0,11,156,1935673,152,1793642,304,0,0,0,0,0,0,0
1786372777742,10448108,9667576,9875744,366948,8388604,0,175,0,11,156,1940806,152,1798518,304,0,0,0,0,0,0,0
1786372777997,10391788,9611128,9819516,366952,8388604,0,175,0,11,156,1940806,152,1798518,304,0,0,0,0,0,0,0
1786372778257,10296556,9524576,9733336,366952,8388604,0,175,0,11,127,1940806,125,1798518,304,0,0,0,0,0,0,0
1786372778508,10296556,9527268,9736032,366960,8388604,0,175,0,11,127,1940806,125,1798518,304,0,0,0,0,0,0,0
1786372778759,10296556,9481436,9690640,367384,8388604,0,175,0,11,127,1996773,125,1852230,304,0,0,0,0,0,0,0
1786372779009,10296556,9409436,9661960,410688,8388604,0,175,0,11,127,2017695,125,1868559,304,0,0,0,0,0,0,0
1786372779268,10296556,9440816,9649920,367276,8388604,0,175,0,11,127,2041500,125,1891756,304,0,0,0,0,0,0,0
1786372779528,10296556,9440816,9649920,367276,8388604,0,175,0,11,127,2041500,125,1891756,304,0,0,0,0,0,0,0
1786372779786,10296556,9440816,9649920,367276,8388604,0,175,0,11,127,2041500,125,1891756,304,0,0,0,0,0,0,0
1786372780043,10296556,9440816,9649920,367276,8388604,0,175,0,11,127,2041500,125,1891756,304,0,0,0,0,0,0,0
1786372780295,10225900,9387088,9596472,367284,8388604,0,175,0,11,213,2066171,193,1914596,304,0,0,0,0,0,0,0
1786372780553,10034412,9193552,9403692,367292,8388604,0,175,0,11,213,2066171,193,1914596,304,0,0,0,0,0,0,0
1786372780810,10034412,9193552,9403692,367292,8388604,0,175,0,11,213,2066171,193,1914596,304,0,0,0,0,0,0,0
1786372781066,10034412,9193552,9403692,367292,8388604,0,175,0,11,213,2066171,193,1914596,304,0,0,0,0,0,0,0
1786372781320,10034412,9200068,9410208,367292,8388604,0,175,0,11,213,2066171,193,1914596,304,0,0,0,0,0,0,0
1786372781574,10034412,9199564,9409752,367324,8388604,0,175,0,11,213,2082382,193,1929915,304,0,0,0,0,0,0,0
1786372781826,10034412,9201172,9411352,367324,8388604,0,175,0,11,213,2082382,193,1929915,304,0,0,0,0,0,0,0
1786372782085,10034412,9201172,9411352,367328,8388604,0,175,0,11,213,2082382,193,1929915,304,0,0,0,0,0,0,0
1786372782340,10034412,9201172,9411348,367340,8388604,0,175,0,11,174,2082382,158,1929915,304,0,0,0,0,0,0,0
1786372782600,10034412,9206028,9416204,367340,8388604,0,175,0,11,174,2082382,158,1929915,304,0,0,0,0,0,0,0
1786372782852,9994476,9165456,9375868,367416,8388604,0,175,0,11,174,2095040,158,1942567,304,0,0,0,0,0,0,0
1786372783103,9772268,8947728,9159008,367416,8388604,0,175,0,11,174,2095040,158,1942567,304,0,0,0,0,0,0,0
1786372783361,9772268,8952320,9163600,367416,8388604,0,175,0,11,174,2095040,158,1942567,304,0,0,0,0,0,0,0
1786372783616,9772268,8952320,9163600,367416,8388604,0,175,0,11,174,2095040,158,1942567,304,0,0,0,0,0,0,0
1786372783871,9772268,8952320,9163600,367416,8388604,0,175,0,11,174,2095040,158,1942567,304,0,0,0,0,0,0,0
1786372784127,9772268,8951088,9162384,367424,8388604,0,175,0,11,174,2122886,158,1969511,304,0,0,0,0,0,0,0
1786372784378,9772268,8960552,9171852,367428,8388604,0,175,0,11,179,2132093,165,1978255,304,0,0,0,0,0,0,0
1786372784638,9772268,8960552,9171852,367428,8388604,0,175,0,11,179,2132093,165,1978255,304,0,0,0,0,0,0,0
1786372784899,9772268,8960552,9171852,367428,8388604,0,175,0,11,179,2132093,165,1978255,304,0,0,0,0,0,0,0
1786372785168,9772268,8960552,9171852,367428,8388604,0,175,0,11,179,2132093,165,1978255,304,0,0,0,0,0,0,0
1786372785424,9744620,8937168,9148580,367440,8388604,0,175,0,11,179,2152664,165,1998823,304,0,0,0,0,0,0,0
1786372785683,9510124,8703312,8915640,367444,8388604,0,175,0,11,179,2152664,165,1998823,304,0,0,0,0,0,0,0
1786372785934,9510124,8703312,8915640,367444,8388604,0,175,0,11,179,2152664,165,1998823,304,0,0,0,0,0,0,0
1786372786194,9510124,8703312,8915640,367448,8388604,0,175,0,11,179,2152664,165,1998823,304,0,0,0,0,0,0,0
1786372786446,9510124,8703312,8915640,367448,8388604,0,175,0,11,164,2152664,153,1998823,304,0,0,0,0,0,0,0
1786372786707,9510124,8711240,8923576,367464,8388604,0,175,0,11,164,2175183,153,2020969,304,0,0,0,0,0,0,0
1786372786958,9510124,8711240,8923592,367472,8388604,0,175,0,11,164,2175183,153,2020969,304,0,0,0,0,0,0,0
1786372787210,9510124,8711240,8923612,367496,8388604,0,175,0,11,164,2175183,153,2020969,304,0,0,0,0,0,0,0
1786372787463,9510124,8711240,8923612,367496,8388604,0,175,0,11,164,2175183,153,2020969,304,0,0,0,0,0,0,0
1786372787717,9510124,8711240,8923612,367496,8388604,0,175,0,11,164,2175183,153,2020969,304,0,0,0,0,0,0,0
1786372787968,9510124,8711240,8923664,367544,8388604,0,175,0,11,164,2190225,153,2036011,304,0,0,0,0,0,0,0
1786372788226,9247980,8453444,8666888,367548,8388604,0,175,0,11,164,2190225,153,2036011,304,0,0,0,0,0,0,0
1786372788477,9247980,8456820,8670264,367548,8388604,0,175,0,11,153,2190225,144,2036011,304,0,0,0,0,0,0,0
1786372788733,9247980,8456820,8670264,367548,8388604,0,175,0,11,153,2190225,144,2036011,304,0,0,0,0,0,0,0
1786372788993,9247980,8456820,8670264,367548,8388604,0,175,0,11,153,2190225,144,2036011,304,0,0,0,0,0,0,0
1786372789245,9247980,8464820,8678304,367580,8388604,0,175,0,11,153,2203856,144,2049643,304,0,0,0,0,0,0,0
1786372789495,9247980,8465120,8678604,367588,8388604,0,175,0,11,153,2203856,144,2049643,304,0,0,0,0,0,0,0
1786372789746,9247980,8446024,8659812,367848,8388604,0,175,0,11,153,2262951,144,2107191,304,0,0,0,0,0,0,0
1786372789997,9247980,8358044,8615496,411504,8388604,0,175,0,11,153,2264400,144,2108478,304,0,0,0,0,0,0,0
1786372790258,9247980,8351676,8565476,367860,8388604,0,175,0,11,197,2270380,172,2114333,304,0,0,0,0,0,0,0
1786372790508,9247980,8352024,8565852,367896,8388604,0,175,0,11,197,2291098,172,2134452,304,0,0,0,0,0,0,0
1786372790769,9025772,8166580,8381260,367872,8388604,0,175,0,11,197,2291098,172,2134452,304,0,0,0,0,0,0,0
1786372791019,8985836,8126260,8341096,367876,8388604,0,175,0,11,197,2291098,172,2134452,304,0,0,0,0,0,0,0
1786372791278,8985836,8131824,8346660,367876,8388604,0,175,0,11,197,2291098,172,2134452,304,0,0,0,0,0,0,0
1786372791539,8985836,8131824,8346660,367876,8388604,0,175,0,11,197,2291098,172,2134452,304,0,0,0,0,0,0,0
1786372791791,8985836,8130984,8345888,367940,8388604,0,175,0,11,197,2306692,172,2149696,304,0,0,0,0,0,0,0
1786372792043,8985836,8131268,8346152,367920,8388604,0,175,0,11,197,2306692,172,2149696,304,0,0,0,0,0,0,0
1786372792303,8985836,8137268,8352152,367924,8388604,0,175,0,11,180,2306692,159,2149696,304,0,0,0,0,0,0,0
1786372792564,8985836,8137268,8352152,367924,8388604,0,175,0,11,180,2306692,159,2149696,304,0,0,0,0,0,0,0
1786372792816,8985836,8139512,8354384,367924,8388604,0,175,0,11,180,2306692,159,2149696,304,0,0,0,0,0,0,0
1786372793068,8985836,8140256,8355140,367932,8388604,0,175,0,11,180,2321287,159,2164283,304,0,0,0,0,0,0,0
1786372793318,8855788,8012272,8227664,367932,8388604,0,175,0,11,180,2321287,159,2164283,304,0,0,0,0,0,0,0
1786372793578,8723692,7880440,8096352,367940,8388604,0,175,0,11,180,2321287,159,2164283,304,0,0,0,0,0,0,0
1786372793838,8723692,7880440,8096352,367940,8388604,0,175,0,11,180,2321287,159,2164283,304,0,0,0,0,0,0,0
1786372794090,8723692,7880440,8096352,367940,8388604,0,175,0,11,180,2321287,159,2164283,304,0,0,0,0,0,0,0
1786372794341,8723692,7893268,8109192,367952,8388604,0,175,0,11,147,2339117,130,2181980,304,0,0,0,0,0,0,0
1786372794593,8723692,7895108,8111032,367956,8388604,0,175,0,11,147,2355109,130,2196742,304,0,0,0,0,0,0,0
1786372794845,8723692,7895108,8111032,367956,8388604,0,175,0,11,147,2355109,130,2196742,304,0,0,0,0,0,0,0
1786372795107,8723692,7895108,8111032,367956,8388604,0,175,0,11,147,2355109,130,2196742,304,0,0,0,0,0,0,0
1786372795368,8723692,7900600,8116524,367956,8388604,0,175,0,11,147,2355109,130,2196742,304,0,0,0,0,0,0,0
1786372795620,8723692,7908732,8124672,367964,8388604,0,175,0,11,147,2359251,130,2200875,304,0,0,0,0,0,0,0
1786372795881,8461548,7650684,7867660,367976,8388604,0,175,0,11,147,2370126,130,2211727,304,0,0,0,0,0,0,0
1786372796141,8461548,7650684,7867660,367980,8388604,0,175,0,11,147,2370126,130,2211727,304,0,0,0,0,0,0,0
1786372796393,8461548,7654848,7871824,367980,8388604,0,175,0,11,156,2370126,142,2211727,304,0,0,0,0,0,0,0
1786372796647,8461548,7654848,7871824,367980,8388604,0,175,0,11,156,2370126,142,2211727,304,0,0,0,0,0,0,0
1786372796898,8461548,7655448,7872432,367988,8388604,0,175,0,11,156,2372475,142,2214064,304,0,0,0,0,0,0,0
1786372797159,8461548,7656768,7873752,367992,8388604,0,175,0,11,156,2380926,142,2222509,304,0,0,0,0,0,0,0
1786372797415,8461548,7661812,7878796,367992,8388604,0,175,0,11,156,2380926,142,2222509,304,0,0,0,0,0,0,0
1786372797667,8461548,7661812,7878796,367992,8388604,0,175,0,11,156,2380926,142,2222509,304,0,0,0,0,0,0,0
1786372797924,8461548,7661812,7878796,367992,8388604,0,175,0,11,156,2380926,142,2222509,304,0,0,0,0,0,0,0
1786372798175,8461548,7661812,7878804,367992,8388604,0,175,0,11,156,2384117,142,2225049,304,0,0,0,0,0,0,0
1786372798436,8240364,7445600,7663464,368008,8388604,0,175,0,11,146,2398255,135,2238303,304,0,0,0,0,0,0,0
1786372798688,8199404,7405252,7623276,368008,8388604,0,175,0,11,146,2398255,135,2238303,304,0,0,0,0,0,0,0
1786372798943,8199404,7405252,7623276,368008,8388604,0,175,0,11,146,2398255,135,2238303,304,0,0,0,0,0,0,0
1786372799195,8199404,7408776,7626800,368008,8388604,0,175,0,11,146,2398255,135,2238303,304,0,0,0,0,0,0,0
1786372799446,8199404,7409260,7627292,368008,8388604,0,175,0,11,146,2398255,135,2238303,304,0,0,0,0,0,0,0
1786372799707,8199404,7411444,7629476,368020,8388604,0,175,0,11,146,2419673,135,2259690,304,0,0,0,0,0,0,0
1786372799967,8199404,7411444,7629476,368024,8388604,0,175,0,11,146,2419673,135,2259690,304,0,0,0,0,0,0,0
1786372800222,8199404,7411444,7629476,368024,8388604,0,175,0,11,146,2419673,135,2259690,304,0,0,0,0,0,0,0
1786372800474,8199404,7412316,7630348,368024,8388604,0,175,0,11,138,2419673,128,2259690,304,0,0,0,0,0,0,0
1786372800726,8199404,7337640,7595692,407860,8388604,0,175,0,11,138,2461845,128,2301699,304,0,0,0,0,0,0,0
1786372800976,7978220,7108436,7371244,411928,8388604,0,175,0,11,138,2493819,128,2330623,304,0,0,0,0,0,0,0
1786372801228,7937260,7024240,7243756,368440,8388604,0,175,0,11,138,2493819,128,2330623,304,0,0,0,0,0,0,0
1786372801479,7937260,7023428,7242976,368484,8388604,0,175,0,11,138,2519772,128,2355959,304,0,0,0,0,0,0,0
1786372801732,7937260,7023428,7242976,368484,8388604,0,175,0,11,138,2519772,128,2355959,304,0,0,0,0,0,0,0
1786372801984,7937260,7023428,7242984,368484,8388604,0,175,0,11,138,2525697,128,2361851,304,0,0,0,0,0,0,0
1786372802245,7937260,7025248,7244804,368492,8388604,0,175,0,11,138,2552266,128,2387342,304,0,0,0,0,0,0,0
1786372802500,7937260,7033564,7253120,368500,8388604,0,175,0,11,221,2552266,214,2387342,304,0,0,0,0,0,0,0
1786372802758,7937260,7033564,7253120,368500,8388604,0,175,0,11,221,2552266,214,2387342,304,0,0,0,0,0,0,0
1786372803011,7937260,7033564,7253120,368500,8388604,0,175,0,11,221,2552266,214,2387342,304,0,0,0,0,0,0,0
1786372803263,7937260,7035460,7255028,368500,8388604,0,175,0,11,221,2552266,214,2387342,304,0,0,0,0,0,0,0
1786372803513,7792876,6948272,7168408,368508,8388604,0,175,0,11,221,2569551,214,2404620,304,0,0,0,0,0,0,0
1786372803774,7675116,6831596,7052180,368516,8388604,0,175,0,11,221,2569551,214,2404620,304,0,0,0,0,0,0,0
1786372804029,7675116,6831596,7052180,368516,8388604,0,175,0,11,221,2569551,214,2404620,304,0,0,0,0,0,0,0
1786372804282,7675116,6839660,7060244,368516,8388604,0,175,0,11,181,2569551,175,2404620,304,0,0,0,0,0,0,0
1786372804534,7675116,6839660,7060244,368516,8388604,0,175,0,11,181,2569551,175,2404620,304,0,0,0,0,0,0,0
1786372804795,7675116,6842144,7062800,368580,8388604,0,175,0,11,181,2587021,175,2422028,304,0,0,0,0,0,0,0
1786372805054,7675116,6842144,7062800,368580,8388604,0,175,0,11,181,2587021,175,2422028,304,0,0,0,0,0,0,0
1786372805314,7675116,6850012,7070668,368580,8388604,0,175,0,11,181,2587021,175,2422028,304,0,0,0,0,0,0,0
1786372805569,7675116,6850012,7070668,368580,8388604,0,175,0,11,181,2587021,175,2422028,304,0,0,0,0,0,0,0
1786372805831,7675116,6850264,7070920,368584,8388604,0,175,0,11,181,2587021,175,2422028,304,0,0,0,0,0,0,0
1786372806084,7581932,6755652,6976760,368680,8388604,0,175,0,11,181,2614580,175,2449587,304,0,0,0,0,0,0,0
1786372806345,7412972,6592720,6814496,368696,8388604,0,175,0,11,185,2614580,179,2449587,304,0,0,0,0,0,0,0
1786372806596,7412972,6592720,6814496,368696,8388604,0,175,0,11,185,2614580,179,2449587,304,0,0,0,0,0,0,0
1786372806850,7412972,6592720,6814496,368696,8388604,0,175,0,11,185,2614580,179,2449587,304,0,0,0,0,0,0,0
1786372807103,7412972,6592720,6814496,368696,8388604,0,175,0,11,185,2614580,179,2449587,304,0,0,0,0,0,0,0
1786372807359,7412972,6600868,6822764,368804,8388604,0,175,0,11,185,2636789,179,2470277,304,0,0,0,0,0,0,0
1786372807613,7412972,6600868,6822764,368808,8388604,0,175,0,11,185,2636789,179,2470277,304,0,0,0,0,0,0,0
1786372807867,7412972,6600868,6822764,368808,8388604,0,175,0,11,185,2636789,179,2470277,304,0,0,0,0,0,0,0
1786372808125,7412972,6600868,6822764,368808,8388604,0,175,0,11,185,2636789,179,2470277,304,0,0,0,0,0,0,0
1786372808384,7412972,6606896,6828792,368808,8388604,0,175,0,11,169,2636789,165,2470277,304,0,0,0,0,0,0,0
1786372808641,7370988,6568016,6790240,368964,8388604,0,175,0,11,169,2664064,165,2495246,304,0,0,0,0,0,0,0
1786372808899,7150828,6342224,6565312,368968,8388604,0,175,0,11,169,2664064,165,2495246,304,0,0,0,0,0,0,0
1786372809150,7150828,6342224,6565312,368968,8388604,0,175,0,11,169,2664064,165,2495246,304,0,0,0,0,0,0,0
1786372809407,7150828,6347480,6570568,368968,8388604,0,175,0,11,169,2664064,165,2495246,304,0,0,0,0,0,0,0
1786372809668,7150828,6347480,6570568,368968,8388604,0,175,0,11,169,2664064,165,2495246,304,0,0,0,0,0,0,0
1786372809924,7150828,6350028,6573216,369072,8388604,0,175,0,11,169,2677637,165,2508807,304,0,0,0,0,0,0,0
1786372810175,7150828,6350028,6573228,369080,8388604,0,175,0,11,169,2677637,165,2508807,304,0,0,0,0,0,0,0
1786372810435,7150828,6354804,6578004,369080,8388604,0,175,0,11,175,2677637,153,2508807,304,0,0,0,0,0,0,0
1786372810691,7150828,6354804,6578004,369080,8388604,0,175,0,11,175,2677637,153,2508807,304,0,0,0,0,0,0,0
1786372810945,7150828,6354804,6578004,369080,8388604,0,175,0,11,175,2677637,153,2508807,304,0,0,0,0,0,0,0
1786372811202,7150828,6358700,6582016,369200,8388604,0,175,0,11,175,2698107,153,2528355,304,0,0,0,0,0,0,0
1786372811457,6888684,6101728,6326076,369204,8388604,0,175,0,11,175,2698107,153,2528355,304,0,0,0,0,0,0,0
1786372811707,6888684,6060624,6285404,369616,8388604,0,175,0,11,175,2748110,153,2576823,304,0,0,0,0,0,0,0
1786372811959,6888684,6009356,6276968,412612,8388604,0,175,0,11,175,2757129,153,2585204,304,0,0,0,0,0,0,0
1786372812210,6888684,6017756,6242628,369684,8388604,0,175,0,11,175,2757129,153,2585204,304,0,0,0,0,0,0,0
1786372812469,6888684,6013400,6238268,369720,8388604,0,175,0,11,215,2792258,198,2619586,304,0,0,0,0,0,0,0
1786372812720,6888684,6013400,6238284,369732,8388604,0,175,0,11,215,2792258,198,2619586,304,0,0,0,0,0,0,0
1786372812977,6888684,6013400,6238284,369732,8388604,0,175,0,11,215,2792258,198,2619586,304,0,0,0,0,0,0,0
1786372813238,6888684,6019592,6244476,369732,8388604,0,175,0,11,215,2792258,198,2619586,304,0,0,0,0,0,0,0
1786372813490,6888684,6019592,6244476,369732,8388604,0,175,0,11,215,2792258,198,2619586,304,0,0,0,0,0,0,0
1786372813742,6888684,6020548,6245552,369856,8388604,0,175,0,11,215,2805109,198,2632379,304,0,0,0,0,0,0,0
1786372813998,6626540,5770704,5996776,369860,8388604,0,175,0,11,215,2805109,198,2632379,304,0,0,0,0,0,0,0
1786372814250,6626540,5773136,5999208,369860,8388604,0,175,0,11,215,2805109,198,2632379,304,0,0,0,0,0,0,0
1786372814508,6626540,5773136,5999208,369860,8388604,0,175,0,11,194,2805109,180,2632379,304,0,0,0,0,0,0,0
1786372814760,6626540,5775096,6001156,369860,8388604,0,175,0,11,194,2805109,180,2632379,304,0,0,0,0,0,0,0
1786372815016,6626540,5775096,6001280,370052,8388604,0,175,0,11,194,2824639,180,2651700,304,0,0,0,0,0,0,0
1786372815277,6626540,5781988,6008252,370064,8388604,0,175,0,11,194,2824639,180,2651700,304,0,0,0,0,0,0,0
1786372815533,6626540,5782756,6009020,370068,8388604,0,175,0,11,194,2824639,180,2651700,304,0,0,0,0,0,0,0
1786372815787,6626540,5782756,6009020,370072,8388604,0,175,0,11,194,2824639,180,2651700,304,0,0,0,0,0,0,0
1786372816045,6626540,5782756,6009020,370072,8388604,0,175,0,11,194,2824639,180,2651700,304,0,0,0,0,0,0,0
1786372816300,6626540,5796552,6022880,370136,8388604,0,175,0,11,195,2856373,183,2682207,304,0,0,0,0,0,0,0
1786372816560,6364396,5538376,5765844,370260,8388604,0,175,0,11,195,2861042,183,2686753,304,0,0,0,0,0,0,0
1786372816812,6364396,5538376,5765848,370264,8388604,0,175,0,11,195,2861042,183,2686753,304,0,0,0,0,0,0,0
1786372817065,6364396,5538376,5765848,370264,8388604,0,175,0,11,195,2888568,183,2713215,304,0,0,0,0,0,0,0
1786372817318,6364396,5554652,5782124,370264,8388604,0,175,0,11,195,2888568,183,2713215,304,0,0,0,0,0,0,0
1786372817569,6364396,5553952,5781516,370420,8388604,0,175,0,11,195,2905381,183,2730004,304,0,0,0,0,0,0,0
1786372817836,6364396,5553708,5781348,370432,8388604,0,175,0,11,195,2905381,183,2730004,304,0,0,0,0,0,0,0
1786372818092,6364396,5553708,5781352,370436,8388604,0,175,0,11,195,2905381,183,2730004,304,0,0,0,0,0,0,0
1786372818344,6364396,5559704,5787348,370436,8388604,0,175,0,11,196,2905381,186,2730004,304,0,0,0,0,0,0,0
1786372818604,6364396,5562412,5790056,370436,8388604,0,175,0,11,196,2905381,186,2730004,304,0,0,0,0,0,0,0
1786372818856,6364396,5563404,5791060,370448,8388604,0,175,0,11,196,2929104,186,2752774,304,0,0,0,0,0,0,0
1786372819108,6102252,5296928,5525800,370644,8388604,0,175,0,11,196,2929542,186,2752999,304,0,0,0,0,0,0,0
1786372819359,6102252,5301520,5530392,370644,8388604,0,175,0,11,196,2929542,186,2752999,304,0,0,0,0,0,0,0
1786372819611,6102252,5301520,5530392,370644,8388604,0,175,0,11,196,2929542,186,2752999,304,0,0,0,0,0,0,0
1786372819863,6102252,5301520,5530392,370644,8388604,0,175,0,11,196,2929542,186,2752999,304,0,0,0,0,0,0,0
1786372820114,6102252,5301520,5530392,370644,8388604,0,175,0,11,196,2929810,186,2753263,304,0,0,0,0,0,0,0
1786372820369,6102252,5310792,5539768,370740,8388604,0,175,0,11,197,2947564,171,2770986,304,0,0,0,0,0,0,0
1786372820626,6102252,5310792,5539768,370740,8388604,0,175,0,11,197,2947564,171,2770986,304,0,0,0,0,0,0,0
1786372820878,6102252,5310792,5539768,370740,8388604,0,175,0,11,197,2947564,171,2770986,304,0,0,0,0,0,0,0
1786372821130,6102252,5310792,5539768,370740,8388604,0,175,0,11,197,2947564,171,2770986,304,0,0,0,0,0,0,0
1786372821382,6102252,5315484,5544464,370740,8388604,0,175,0,11,197,2947564,171,2770986,304,0,0,0,0,0,0,0
1786372821633,5924076,5142388,5372056,370744,8388604,0,175,0,11,197,2973514,171,2796201,304,0,0,0,0,0,0,0
1786372821889,5840108,5061748,5291744,370744,8388604,0,175,0,11,197,2973514,171,2796201,304,0,0,0,0,0,0,0
1786372822144,5840108,5061748,5291744,370744,8388604,0,175,0,11,197,2973514,171,2796201,304,0,0,0,0,0,0,0
1786372822396,5840108,5064568,5294564,370744,8388604,0,175,0,11,179,2973514,158,2796201,304,0,0,0,0,0,0,0
1786372822648,5840108,5003836,5276856,414004,8388604,0,175,0,11,179,2989895,158,2812581,304,0,0,0,0,0,0,0
1786372822898,5840108,4978120,5252108,414668,8388604,0,175,0,11,179,3034004,158,2852047,304,0,0,0,0,0,0,0
1786372823149,5840108,4948728,5179204,371140,8388604,0,175,0,11,179,3035013,158,2852725,304,0,0,0,0,0,0,0
1786372823410,5840108,4964388,5194756,371040,8388604,0,175,0,11,179,3054494,158,2871879,304,0,0,0,0,0,0,0
1786372823669,5840108,4964388,5194756,371040,8388604,0,175,0,11,179,3054494,158,2871879,304,0,0,0,0,0,0,0
1786372823927,5840108,4964388,5194756,371040,8388604,0,175,0,11,179,3054494,158,2871879,304,0,0,0,0,0,0,0
1786372824179,5840108,4964388,5194764,371048,8388604,0,175,0,11,179,3080656,158,2896040,304,0,0,0,0,0,0,0
1786372824430,5577964,4754976,4986376,371052,8388604,0,175,0,11,237,3080656,220,2896040,304,0,0,0,0,0,0,0
1786372824690,5577964,4754976,4986376,371052,8388604,0,175,0,11,237,3080656,220,2896040,304,0,0,0,0,0,0,0
1786372824942,5577964,4754976,4986376,371052,8388604,0,175,0,11,237,3080656,220,2896040,304,0,0,0,0,0,0,0
1786372825199,5577964,4754976,4986376,371052,8388604,0,175,0,11,237,3080656,220,2896040,304,0,0,0,0,0,0,0
1786372825451,5577964,4757768,4989200,371080,8388604,0,175,0,11,237,3106071,220,2921262,304,0,0,0,0,0,0,0
1786372825702,5577964,4758096,4989496,371072,8388604,0,175,0,11,237,3106071,220,2921262,304,0,0,0,0,0,0,0
1786372825961,5577964,4758096,4989496,371072,8388604,0,175,0,11,237,3106071,220,2921262,304,0,0,0,0,0,0,0
1786372826215,5577964,4758096,4989496,371072,8388604,0,175,0,11,237,3106071,220,2921262,304,0,0,0,0,0,0,0
1786372826476,5577964,4760788,4992188,371072,8388604,0,175,0,11,212,3106071,198,2921262,304,0,0,0,0,0,0,0
1786372826727,5577964,4762292,4993708,371084,8388604,0,175,0,11,212,3126780,198,2940450,304,0,0,0,0,0,0,0
1786372826984,5315820,4496432,4728872,371088,8388604,0,175,0,11,212,3126780,198,2940450,304,0,0,0,0,0,0,0
1786372827237,5315820,4498504,4730944,371088,8388604,0,175,0,11,212,3126780,198,2940450,304,0,0,0,0,0,0,0
1786372827499,5315820,4498504,4730944,371088,8388604,0,175,0,11,212,3126780,198,2940450,304,0,0,0,0,0,0,0
1786372827752,5315820,4498504,4730944,371088,8388604,0,175,0,11,212,3126780,198,2940450,304,0,0,0,0,0,0,0
1786372828005,5315820,4502800,4735272,371120,8388604,0,175,0,11,212,3139678,198,2953013,304,0,0,0,0,0,0,0
1786372828265,5315820,4508280,4740740,371100,8388604,0,175,0,11,212,3156645,198,2969904,304,0,0,0,0,0,0,0
1786372828522,5315820,4508056,4740516,371104,8388604,0,175,0,11,210,3161950,198,2975114,304,0,0,0,0,0,0,0
1786372828783,5315820,4508056,4740516,371104,8388604,0,175,0,11,210,3161950,198,2975114,304,0,0,0,0,0,0,0
1786372829043,5315820,4508056,4740516,371104,8388604,0,175,0,11,210,3161950,198,2975114,304,0,0,0,0,0,0,0
1786372829298,5315820,4511832,4744320,371136,8388604,0,175,0,11,210,3181133,198,2994203,304,0,0,0,0,0,0,0
1786372829559,5086444,4285536,4518908,371116,8388604,0,175,0,11,210,3197564,198,3009350,304,0,0,0,0,0,0,0
1786372829811,5053676,4253280,4486780,371124,8388604,0,175,0,11,210,3197564,198,3009350,304,0,0,0,0,0,0,0
1786372830063,5053676,4253280,4486780,371124,8388604,0,175,0,11,210,3197564,198,3009350,304,0,0,0,0,0,0,0
1786372830319,5053676,4254776,4488276,371124,8388604,0,175,0,11,208,3197564,180,3009350,304,0,0,0,0,0,0,0
1786372830570,5053676,4254580,4488080,371124,8388604,0,175,0,11,208,3197564,180,3009350,304,0,0,0,0,0,0,0
1786372830821,5053676,4253516,4487024,371132,8388604,0,175,0,11,208,3234957,180,3046554,304,0,0,0,0,0,0,0
1786372831079,5053676,4253516,4487024,371136,8388604,0,175,0,11,208,3257483,180,3068827,304,0,0,0,0,0,0,0
1786372831338,5053676,4255028,4488536,371136,8388604,0,175,0,11,208,3257483,180,3068827,304,0,0,0,0,0,0,0
1786372831594,5053676,4255028,4488548,371140,8388604,0,175,0,11,208,3257483,180,3068827,304,0,0,0,0,0,0,0
1786372831847,5053676,4255028,4488548,371140,8388604,0,175,0,11,208,3257483,180,3068827,304,0,0,0,0,0,0,0
1786372832099,5053676,4254384,4487932,371168,8388604,0,175,0,11,208,3273863,180,3085201,304,0,0,0,0,0,0,0
1786372832349,4791532,3989764,4224324,371152,8388604,0,175,0,11,225,3275659,202,3086797,304,0,0,0,0,0,0,0
1786372832606,4791532,3992408,4226968,371152,8388604,0,175,0,11,225,3275659,202,3086797,304,0,0,0,0,0,0,0
1786372832866,4791532,3992408,4226968,371152,8388604,0,175,0,11,225,3275659,202,3086797,304,0,0,0,0,0,0,0
1786372833123,4791532,3992408,4226968,371152,8388604,0,175,0,11,225,3275659,202,3086797,304,0,0,0,0,0,0,0
1786372833375,4791532,3995744,4230316,371164,8388604,0,175,0,11,225,3287359,202,3098491,304,0,0,0,0,0,0,0
1786372833628,4791532,3925240,4202996,414212,8388604,0,175,0,11,225,3301553,202,3112663,304,0,0,0,0,0,0,0
1786372833878,4791532,3958692,4193728,371612,8388604,0,175,0,11,225,3348442,202,3157810,304,0,0,0,0,0,0,0
1786372834129,4791532,3892640,4170860,414780,8388604,0,175,0,11,225,3348442,202,3157810,304,0,0,0,0,0,0,0
1786372834389,4791532,3944308,4179176,371424,8388604,0,175,0,11,238,3365698,220,3174974,304,0,0,0,0,0,0,0
1786372834641,4791532,3944308,4179184,371436,8388604,0,175,0,11,238,3388850,220,3196585,304,0,0,0,0,0,0,0
1786372834900,4529388,3718012,3953912,371440,8388604,0,175,0,11,238,3393821,220,3201181,304,0,0,0,0,0,0,0
1786372835155,4529388,3718012,3953912,371440,8388604,0,175,0,11,238,3393821,220,3201181,304,0,0,0,0,0,0,0
1786372835408,4529388,3718012,3953912,371444,8388604,0,175,0,11,238,3393821,220,3201181,304,0,0,0,0,0,0,0
1786372835663,4529388,3718012,3953912,371444,8388604,0,175,0,11,238,3393821,220,3201181,304,0,0,0,0,0,0,0
1786372835915,4529388,3716752,3952656,371444,8388604,0,175,0,11,238,3393821,220,3201181,304,0,0,0,0,0,0,0
1786372836175,4529388,3716248,3952156,371456,8388604,0,175,0,11,238,3420164,220,3227524,304,0,0,0,0,0,0,0
1786372836436,4529388,3716668,3952576,371460,8388604,0,175,0,11,249,3420164,234,3227524,304,0,0,0,0,0,0,0
1786372836695,4529388,3718880,3954776,371460,8388604,0,175,0,11,249,3420164,234,3227524,304,0,0,0,0,0,0,0
1786372836954,4529388,3718880,3954776,371460,8388604,0,175,0,11,249,3420164,234,3227524,304,0,0,0,0,0,0,0
1786372837206,4529388,3720840,3956752,371464,8388604,0,175,0,11,249,3420480,234,3227840,304,0,0,0,0,0,0,0
1786372837458,4296940,3486284,3723104,371468,8388604,0,175,0,11,249,3444347,234,3251025,304,0,0,0,0,0,0,0
1786372837709,4267244,3462092,3699028,371476,8388604,0,175,0,11,249,3444347,234,3251025,304,0,0,0,0,0,0,0
1786372837970,4267244,3462092,3699028,371476,8388604,0,175,0,11,249,3444347,234,3251025,304,0,0,0,0,0,0,0
1786372838229,4267244,3462044,3698980,371480,8388604,0,175,0,11,249,3444347,234,3251025,304,0,0,0,0,0,0,0
1786372838481,4267244,3461596,3698544,371480,8388604,0,175,0,11,222,3444347,210,3251025,304,0,0,0,0,0,0,0
1786372838732,4267244,3460532,3697488,371492,8388604,0,175,0,11,222,3463144,210,3269770,304,0,0,0,0,0,0,0
1786372838985,4267244,3460532,3697488,371496,8388604,0,175,0,11,222,3463144,210,3269770,304,0,0,0,0,0,0,0
1786372839245,4267244,3460532,3697488,371496,8388604,0,175,0,11,222,3463144,210,3269770,304,0,0,0,0,0,0,0
1786372839501,4267244,3460532,3697488,371496,8388604,0,175,0,11,222,3463144,210,3269770,304,0,0,0,0,0,0,0
1786372839753,4267244,3459048,3696012,371496,8388604,0,175,0,11,222,3463144,210,3269770,304,0,0,0,0,0,0,0
1786372840004,4069612,3257448,3495180,371500,8388604,0,175,0,11,222,3497285,210,3303201,304,0,0,0,0,0,0,0
1786372840265,4005100,3192936,3430920,371504,8388604,0,175,0,11,222,3497286,210,3303202,304,0,0,0,0,0,0,0
1786372840525,4005100,3192936,3430920,371504,8388604,0,175,0,11,218,3497286,208,3303202,304,0,0,0,0,0,0,0
1786372840778,4005100,3192936,3430928,371508,8388604,0,175,0,11,218,3497286,208,3303202,304,0,0,0,0,0,0,0
1786372841030,4005100,3192936,3430928,371508,8388604,0,175,0,11,218,3497286,208,3303202,304,0,0,0,0,0,0,0
1786372841289,4005100,3192936,3430944,371520,8388604,0,175,0,11,218,3514170,208,3320079,304,0,0,0,0,0,0,0
1786372841545,4005100,3192936,3430944,371520,8388604,0,175,0,11,218,3514170,208,3320079,304,0,0,0,0,0,0,0
1786372841806,4005100,3192936,3430944,371520,8388604,0,175,0,11,218,3514170,208,3320079,304,0,0,0,0,0,0,0
1786372842069,4005100,3192936,3430944,371520,8388604,0,175,0,11,218,3514170,208,3320079,304,0,0,0,0,0,0,0
1786372842329,4005100,3199028,3437036,371524,8388604,0,175,0,11,178,3514170,170,3320079,304,0,0,0,0,0,0,0
1786372842584,3906796,3094952,3333280,371532,8388604,0,175,0,11,178,3531543,170,3337342,304,0,0,0,0,0,0,0
1786372842844,3742956,2933672,3172000,371532,8388604,0,175,0,11,178,3531543,170,3337342,304,0,0,0,0,0,0,0
1786372843105,3742956,2933672,3172000,371532,8388604,0,175,0,11,178,3531543,170,3337342,304,0,0,0,0,0,0,0
1786372843359,3742956,2939472,3177816,371540,8388604,0,175,0,11,178,3531722,170,3337494,304,0,0,0,0,0,0,0
1786372843613,3742956,2952284,3190628,371540,8388604,0,175,0,11,178,3531722,170,3337494,304,0,0,0,0,0,0,0
1786372843879,3742956,2951052,3189408,371552,8388604,0,175,0,11,178,3551891,170,3357487,304,0,0,0,0,0,0,0
1786372844132,3742956,2951052,3189408,371556,8388604,0,175,0,11,178,3551891,170,3357487,304,0,0,0,0,0,0,0
1786372844384,3742956,2951052,3189408,371556,8388604,0,175,0,11,164,3551891,157,3357487,304,0,0,0,0,0,0,0
1786372844636,3742956,2942124,3194044,385176,8388604,0,175,0,11,164,3577299,157,3382114,304,0,0,0,0,0,0,0
1786372844887,3742956,2899852,3181772,415124,8388604,0,175,0,11,164,3609575,157,3412740,304,0,0,0,0,0,0,0
1786372845138,3708140,2862952,3101856,371792,8388604,0,175,0,11,164,3625049,157,3423427,304,0,0,0,0,0,0,0
1786372845398,3480812,2658392,2897172,371844,8388604,0,175,0,11,164,3638793,157,3436755,304,0,0,0,0,0,0,0
1786372845659,3480812,2658392,2897172,371844,8388604,0,175,0,11,164,3638793,157,3436755,304,0,0,0,0,0,0,0
1786372845916,3480812,2658392,2897172,371844,8388604,0,175,0,11,164,3638793,157,3436755,304,0,0,0,0,0,0,0
1786372846169,3480812,2658392,2897172,371844,8388604,0,175,0,11,164,3638793,157,3436755,304,0,0,0,0,0,0,0
1786372846420,3480812,2661020,2899828,371872,8388604,0,175,0,11,206,3678638,200,3476001,304,0,0,0,0,0,0,0
1786372846672,3480812,2660960,2899760,371860,8388604,0,175,0,11,206,3678638,200,3476001,304,0,0,0,0,0,0,0
1786372846933,3480812,2660960,2899760,371860,8388604,0,175,0,11,206,3678638,200,3476001,304,0,0,0,0,0,0,0
1786372847195,3480812,2660960,2899760,371860,8388604,0,175,0,11,206,3678638,200,3476001,304,0,0,0,0,0,0,0
1786372847451,3480812,2660960,2899760,371860,8388604,0,175,0,11,206,3678638,200,3476001,304,0,0,0,0,0,0,0
1786372847712,3474668,2663016,2901832,371868,8388604,0,175,0,11,206,3692012,200,3488657,304,0,0,0,0,0,0,0
1786372847965,3218668,2409504,2648340,371876,8388604,0,175,0,11,206,3692012,200,3488657,304,0,0,0,0,0,0,0
1786372848219,3218668,2409504,2648340,371876,8388604,0,175,0,11,206,3692012,200,3488657,304,0,0,0,0,0,0,0
1786372848477,3218668,2409504,2648340,371876,8388604,0,175,0,11,204,3692012,200,3488657,304,0,0,0,0,0,0,0
1786372848732,3218668,2409504,2648340,371876,8388604,0,175,0,11,204,3692012,200,3488657,304,0,0,0,0,0,0,0
1786372848984,3218668,2411352,2650216,371904,8388604,0,175,0,11,204,3709214,200,3505826,304,0,0,0,0,0,0,0
1786372849234,3218668,2411296,2650140,371892,8388604,0,175,0,11,204,3709214,200,3505826,304,0,0,0,0,0,0,0
1786372849492,3218668,2411384,2650228,371892,8388604,0,175,0,11,204,3709214,200,3505826,304,0,0,0,0,0,0,0
1786372849753,3218668,2411384,2650228,371892,8388604,0,175,0,11,204,3709214,200,3505826,304,0,0,0,0,0,0,0
1786372850005,3218668,2411384,2650228,371892,8388604,0,175,0,11,204,3709214,200,3505826,304,0,0,0,0,0,0,0
1786372850257,3218668,2412668,2651528,371904,8388604,0,175,0,11,204,3725168,200,3521726,304,0,0,0,0,0,0,0
1786372850517,2956524,2146024,2384900,371908,8388604,0,175,0,11,186,3725168,182,3521726,304,0,0,0,0,0,0,0
1786372850773,2956524,2146024,2384900,371908,8388604,0,175,0,11,186,3725168,182,3521726,304,0,0,0,0,0,0,0
1786372851027,2956524,2146024,2384900,371908,8388604,0,175,0,11,186,3725168,182,3521726,304,0,0,0,0,0,0,0
1786372851280,2956524,2146024,2384900,371908,8388604,0,175,0,11,186,3725168,182,3521726,304,0,0,0,0,0,0,0
1786372851531,2956524,2144864,2383768,371940,8388604,0,175,0,11,186,3744474,182,3539143,304,0,0,0,0,0,0,0
1786372851789,2956524,2146880,2385768,371920,8388604,0,175,0,11,186,3744474,182,3539143,304,0,0,0,0,0,0,0
1786372852046,2956524,2146880,2385768,371924,8388604,0,175,0,11,186,3764511,182,3557381,304,0,0,0,0,0,0,0
1786372852307,2956524,2148168,2387056,371924,8388604,0,175,0,11,170,3764511,167,3557381,304,0,0,0,0,0,0,0
1786372852560,2956524,2148168,2387056,371924,8388604,0,175,0,11,170,3764511,167,3557381,304,0,0,0,0,0,0,0
1786372852812,2956524,2148168,2387088,371956,8388604,0,175,0,11,170,3785377,167,3578212,304,0,0,0,0,0,0,0
1786372853070,2694380,1890732,2129640,371936,8388604,0,175,0,11,170,3785377,167,3578212,304,0,0,0,0,0,0,0
1786372853322,2694380,1893164,2132076,371940,8388604,0,175,0,11,170,3785377,167,3578212,304,0,0,0,0,0,0,0
1786372853580,2694380,1893164,2132076,371940,8388604,0,175,0,11,170,3785377,167,3578212,304,0,0,0,0,0,0,0
1786372853834,2694380,1893164,2132076,371940,8388604,0,175,0,11,170,3785377,167,3578212,304,0,0,0,0,0,0,0
1786372854086,2694380,1892348,2131288,371968,8388604,0,175,0,11,170,3799051,167,3591137,304,0,0,0,0,0,0,0
1786372854339,2694380,1892184,2131108,371948,8388604,0,175,0,11,158,3799051,155,3591137,304,0,0,0,0,0,0,0
1786372854596,2694380,1892184,2131108,371956,8388604,0,175,0,11,158,3799051,155,3591137,304,0,0,0,0,0,0,0
1786372854857,2694380,1892184,2131108,371956,8388604,0,175,0,11,158,3799051,155,3591137,304,0,0,0,0,0,0,0
1786372855119,2694380,1892184,2131108,371960,8388604,0,175,0,11,158,3799051,155,3591137,304,0,0,0,0,0,0,0
1786372855372,2694380,1892544,2131500,371988,8388604,0,175,0,11,158,3813509,155,3605595,304,0,0,0,0,0,0,0
1786372855623,2470124,1624704,1899924,408240,8388604,0,175,0,11,158,3826431,155,3617858,304,0,0,0,0,0,0,0
1786372855874,2432236,1594736,1834184,372440,8388604,0,175,0,11,158,3861268,155,3652245,304,0,0,0,0,0,0,0
1786372856125,2432236,1509320,1792228,415888,8388604,0,175,0,11,158,3861268,155,3652245,304,0,0,0,0,0,0,0
1786372856386,2432236,1536384,1775636,372244,8388604,0,175,0,11,183,3867390,181,3658320,304,0,0,0,0,0,0,0
1786372856636,2432236,1536384,1775644,372252,8388604,0,175,0,11,183,3876397,181,3667314,304,0,0,0,0,0,0,0
1786372856887,2432236,1535124,1774376,372260,8388604,0,175,0,11,183,3887159,181,3677003,304,0,0,0,0,0,0,0
1786372857141,2432236,1535124,1774376,372260,8388604,0,175,0,11,183,3887159,181,3677003,304,0,0,0,0,0,0,0
1786372857394,2432236,1536012,1775264,372260,8388604,0,175,0,11,183,3887159,181,3677003,304,0,0,0,0,0,0,0
1786372857658,2432236,1538280,1777532,372252,8388604,0,175,0,11,183,3887159,181,3677003,304,0,0,0,0,0,0,0
1786372857911,2432236,1536292,1775556,372252,8388604,0,175,0,11,183,3887159,181,3677003,304,0,0,0,0,0,0,0
1786372858164,2267372,1369324,1608592,372260,8388604,0,175,0,11,183,3907382,181,3696882,304,0,0,0,0,0,0,0
1786372858425,2170092,1275012,1514280,372268,8388604,0,175,0,11,168,3907382,166,3696882,304,0,0,0,0,0,0,0
1786372858677,2170092,1277812,1517068,372268,8388604,0,175,0,11,168,3907382,166,3696882,304,0,0,0,0,0,0,0
1786372858932,2170092,1277812,1517068,372268,8388604,0,175,0,11,168,3907382,166,3696882,304,0,0,0,0,0,0,0
1786372859184,2170092,1280476,1519732,372268,8388604,0,175,0,11,168,3907382,166,3696882,304,0,0,0,0,0,0,0
1786372859445,2170092,1289040,1528312,372280,8388604,0,175,0,11,168,3924037,166,3713491,304,0,0,0,0,0,0,0
1786372859697,2170092,1289040,1528316,372284,8388604,0,175,0,11,168,3924037,166,3713491,304,0,0,0,0,0,0,0
1786372859952,2170092,1289040,1528316,372284,8388604,0,175,0,11,168,3924037,166,3713491,304,0,0,0,0,0,0,0
1786372860204,2170092,1289040,1528316,372284,8388604,0,175,0,11,168,3924037,166,3713491,304,0,0,0,0,0,0,0
1786372860456,2170092,1297532,1536808,372284,8388604,0,175,0,11,138,3924037,136,3713491,304,0,0,0,0,0,0,0
1786372860708,2082028,1207568,1446860,372296,8388604,0,175,0,11,138,3938420,136,3727831,304,0,0,0,0,0,0,0
1786372860969,1907948,1038224,1277516,372300,8388604,0,175,0,11,138,3938420,136,3727831,304,0,0,0,0,0,0,0
1786372861230,1907948,1038224,1277516,372300,8388604,0,175,0,11,138,3968662,136,3757560,304,0,0,0,0,0,0,0
1786372861482,1907948,1043224,1282516,372300,8388604,0,175,0,11,138,3968662,136,3757560,304,0,0,0,0,0,0,0
1786372861733,1907948,1043224,1282516,372300,8388604,0,175,0,11,138,3968662,136,3757560,304,0,0,0,0,0,0,0
1786372861984,1907948,1040704,1280004,372308,8388604,0,175,0,11,138,3985382,136,3773585,304,0,0,0,0,0,0,0
1786372862244,1907948,1046676,1285980,372312,8388604,0,175,0,11,138,3985382,136,3773585,304,0,0,0,0,0,0,0
1786372862497,1907948,1046676,1285980,372312,8388604,0,175,0,11,167,3985382,166,3773585,304,0,0,0,0,0,0,0
1786372862751,1907948,1046676,1286160,372400,8388604,0,175,0,11,167,3996208,166,3784411,304,0,0,0,0,0,0,0
1786372863007,1907948,1046676,1286160,372400,8388604,0,175,0,11,167,3996208,166,3784411,304,0,0,0,0,0,0,0
1786372863260,1870060,1014556,1254060,372412,8388604,0,175,0,11,167,4011521,166,3799690,304,0,0,0,0,0,0,0
1786372863520,1707244,853276,1092780,372420,8388604,0,175,0,11,167,4011521,166,3799690,304,0,0,0,0,0,0,0
1786372863781,1663220,812956,1052460,372420,8388604,0,175,0,11,167,4011521,166,3799690,304,0,0,0,0,0,0,0
1786372864037,1663220,812956,1052460,372420,8388604,0,175,0,11,167,4011521,166,3799690,304,0,0,0,0,0,0,0
1786372864289,1663220,816132,1055636,372420,8388604,0,175,0,11,167,4011521,166,3799690,304,0,0,0,0,0,0,0
1786372864541,1663220,820760,1060280,372440,8388604,0,175,0,11,155,4028756,154,3815236,304,0,0,0,0,0,0,0
1786372864793,1663220,820760,1060280,372436,8388604,0,175,0,11,155,4028756,154,3815236,304,0,0,0,0,0,0,0
1786372865052,1663220,820760,1060280,372440,8388604,0,175,0,11,155,4028756,154,3815236,304,0,0,0,0,0,0,0
1786372865312,1663220,823772,1063292,372440,8388604,0,175,0,11,155,4028756,154,3815236,304,0,0,0,0,0,0,0
1786372865572,1663220,825620,1065140,372440,8388604,0,175,0,11,155,4028756,154,3815236,304,0,0,0,0,0,0,0
1786372865824,1663220,826792,1066328,372456,8388604,0,175,0,11,155,4041130,154,3827602,304,0,0,0,0,0,0,0
1786372866082,1645804,810900,1050444,372456,8388604,0,175,0,11,155,4041130,154,3827602,304,0,0,0,0,0,0,0
1786372866336,1645804,812836,1052380,372456,8388604,0,175,0,11,145,4041130,144,3827602,304,0,0,0,0,0,0,0
1786372866588,1645804,808364,1047924,372496,8388604,0,175,0,11,145,4055121,144,3841586,304,0,0,0,0,0,0,0
1786372866839,1645804,756964,1013232,389344,8388604,0,175,0,11,145,4090836,144,3873900,304,0,0,0,0,0,0,0
1786372867089,1645804,738896,1022440,416412,8388604,0,175,0,11,145,4113503,144,3889538,304,0,0,0,0,0,0,0
1786372867341,1709476,740896,980776,372760,8388604,0,175,0,11,145,4126792,144,3902677,304,0,0,0,0,0,0,0
1786372867602,1709476,740896,980776,372764,8388604,0,175,0,11,145,4126792,144,3902677,304,0,0,0,0,0,0,0
1786372867855,1709476,740896,980776,372764,8388604,0,175,0,11,145,4126912,144,3902796,304,0,0,0,0,0,0,0
1786372868112,1709476,740896,980776,372764,8388604,0,175,0,11,145,4126912,144,3902796,304,0,0,0,0,0,0,0
1786372868363,1709476,755712,995624,372792,8388604,0,175,0,11,209,4145609,190,3920166,304,0,0,0,0,0,0,0
1786372868619,1762428,812132,1052036,372780,8388604,0,175,0,11,209,4149419,190,3923976,304,0,0,0,0,0,0,0
1786372868872,1762428,812132,1052036,372780,8388604,0,175,0,11,209,4149419,190,3923976,304,0,0,0,0,0,0,0
1786372869127,1762428,812132,1052036,372780,8388604,0,175,0,11,209,4149419,190,3923976,304,0,0,0,0,0,0,0
1786372869380,1762428,812340,1052244,372780,8388604,0,175,0,11,209,4149419,190,3923976,304,0,0,0,0,0,0,0
1786372869631,1762428,829388,1069296,372792,8388604,0,175,0,11,209,4163648,190,3938112,304,0,0,0,0,0,0,0
1786372869886,1762428,830576,1070484,372792,8388604,0,175,0,11,209,4165198,190,3939613,304,0,0,0,0,0,0,0
1786372870139,1762428,830576,1070484,372792,8388604,0,175,0,11,209,4165198,190,3939613,304,0,0,0,0,0,0,0
1786372870390,1762428,832788,1072696,372792,8388604,0,175,0,11,189,4165198,174,3939613,304,0,0,0,0,0,0,0
1786372870649,1762428,832788,1072696,372792,8388604,0,175,0,11,189,4165198,174,3939613,304,0,0,0,0,0,0,0
1786372870901,1762428,832324,1072252,372800,8388604,0,175,0,11,189,4170000,174,3944403,304,0,0,0,0,0,0,0
1786372871161,1738752,832712,1072648,372812,8388604,0,175,0,11,189,4186392,174,3960573,304,0,0,0,0,0,0,0
1786372871413,1738752,841364,1081300,372812,8388604,0,175,0,11,189,4186392,174,3960573,304,0,0,0,0,0,0,0
1786372871672,1738752,841364,1081300,372812,8388604,0,175,0,11,189,4186392,174,3960573,304,0,0,0,0,0,0,0
1786372871924,1738752,841364,1081300,372812,8388604,0,175,0,11,189,4186392,174,3960573,304,0,0,0,0,0,0,0
1786372872177,1738752,851464,1091412,372820,8388604,0,175,0,11,189,4196218,174,3968673,304,0,0,0,0,0,0,0
1786372872429,1738752,856464,1096416,372828,8388604,0,175,0,11,191,4206500,160,3978955,304,0,0,0,0,0,0,0
1786372872691,1738752,856464,1096416,372828,8388604,0,175,0,11,191,4206500,160,3978955,304,0,0,0,0,0,0,0
1786372872944,1738752,856464,1096416,372828,8388604,0,175,0,11,191,4206500,160,3978955,304,0,0,0,0,0,0,0
1786372873195,1738752,856464,1096416,372828,8388604,0,175,0,11,191,4206500,160,3978955,304,0,0,0,0,0,0,0
1786372873447,1738752,861828,1101796,372828,8388604,0,175,0,11,191,4206500,160,3978955,304,0,0,0,0,0,0,0
1786372873699,1686124,843892,1083868,372836,8388604,0,175,0,11,191,4216920,160,3989348,304,0,0,0,0,0,0,0
1786372873957,1686124,843892,1083868,372840,8388604,0,175,0,11,191,4216920,160,3989348,304,0,0,0,0,0,0,0
1786372874216,1686124,843892,1083868,372840,8388604,0,175,0,11,191,4216920,160,3989348,304,0,0,0,0,0,0,0
1786372874474,1686124,843892,1083872,372840,8388604,0,175,0,11,156,4217152,131,3989535,304,0,0,0,0,0,0,0
1786372874726,1686124,843640,1083628,372844,8388604,0,175,0,11,156,4217152,131,3989535,304,0,0,0,0,0,0,0
1786372874978,1686124,843612,1083612,372856,8388604,0,175,0,11,156,4242442,131,4012043,304,0,0,0,0,0,0,0
1786372875236,1686124,845060,1085060,372860,8388604,0,175,0,11,156,4242442,131,4012043,304,0,0,0,0,0,0,0
1786372875498,1686124,847484,1087484,372860,8388604,0,175,0,11,156,4242442,131,4012043,304,0,0,0,0,0,0,0
1786372875751,1686124,847484,1087484,372860,8388604,0,175,0,11,156,4242442,131,4012043,304,0,0,0,0,0,0,0
1786372876003,1686124,847336,1087340,372860,8388604,0,175,0,11,156,4242442,131,4012043,304,0,0,0,0,0,0,0
1786372876264,1647828,810380,1050400,372868,8388604,0,175,0,11,156,4256269,131,4025868,304,0,0,0,0,0,0,0
1786372876518,1647828,811144,1051164,372876,8388604,0,175,0,11,146,4256269,125,4025868,304,0,0,0,0,0,0,0
1786372876777,1647828,811144,1051164,372876,8388604,0,175,0,11,146,4256269,125,4025868,304,0,0,0,0,0,0,0
1786372877029,1647828,811144,1051164,372876,8388604,0,175,0,11,146,4256269,125,4025868,304,0,0,0,0,0,0,0
1786372877293,1647828,815820,1055840,372876,8388604,0,175,0,11,146,4256269,125,4025868,304,0,0,0,0,0,0,0
1786372877544,1647828,816304,1056384,372932,8388604,0,175,0,11,146,4298668,125,4065043,304,0,0,0,0,0,0,0
1786372877798,1647828,788892,1029224,373144,8388604,0,175,0,11,146,4328750,125,4093769,304,0,0,0,0,0,0,0
1786372878049,1647828,738868,1022820,416800,8388604,0,175,0,11,146,4328750,125,4093769,304,0,0,0,0,0,0,0
1786372878300,1647828,740200,980544,373156,8388604,0,175,0,11,146,4336392,125,4101363,304,0,0,0,0,0,0,0
1786372878553,1647828,740200,980544,373156,8388604,0,175,0,11,192,4336392,157,4101363,304,0,0,0,0,0,0,0
1786372878810,1716008,756104,996456,373164,8388604,0,175,0,11,192,4353307,157,4117774,304,0,0,0,0,0,0,0
1786372879065,1716008,756104,996456,373164,8388604,0,175,0,11,192,4353307,157,4117774,304,0,0,0,0,0,0,0
1786372879317,1716008,764296,1004656,373172,8388604,0,175,0,11,192,4353307,157,4117774,304,0,0,0,0,0,0,0
1786372879577,1716008,764296,1004656,373172,8388604,0,175,0,11,192,4353307,157,4117774,304,0,0,0,0,0,0,0
1786372879833,1716008,764296,1004656,373172,8388604,0,175,0,11,192,4353307,157,4117774,304,0,0,0,0,0,0,0
1786372880085,1757992,808096,1048460,373192,8388604,0,175,0,11,192,4372864,157,4135192,304,0,0,0,0,0,0,0
1786372880340,1759132,819460,1059824,373192,8388604,0,175,0,11,175,4372864,146,4135192,304,0,0,0,0,0,0,0
1786372880592,1759132,825204,1065716,373192,8388604,0,175,0,11,175,4372864,146,4135192,304,0,0,0,0,0,0,0
1786372880847,1759132,830632,1070984,373192,8388604,0,175,0,11,175,4372864,146,4135192,304,0,0,0,0,0,0,0
1786372881101,1759132,830632,1070984,373192,8388604,0,175,0,11,175,4372864,146,4135192,304,0,0,0,0,0,0,0
1786372881362,1759132,844132,1084492,373204,8388604,0,175,0,11,175,4385311,146,4147358,304,0,0,0,0,0,0,0
1786372881618,1759132,844132,1084492,373208,8388604,0,175,0,11,175,4385311,146,4147358,304,0,0,0,0,0,0,0
1786372881878,1759132,844132,1084492,373208,8388604,0,175,0,11,175,4385311,146,4147358,304,0,0,0,0,0,0,0
1786372882137,1759132,844132,1084492,373208,8388604,0,175,0,11,175,4385311,146,4147358,304,0,0,0,0,0,0,0
1786372882390,1759132,845392,1085752,373208,8388604,0,175,0,11,143,4385311,120,4147358,304,0,0,0,0,0,0,0
1786372882653,1758108,848560,1088936,373216,8388604,0,175,0,11,143,4405735,120,4167355,304,0,0,0,0,0,0,0
1786372882912,1718756,844780,1085176,373224,8388604,0,175,0,11,143,4405735,120,4167355,304,0,0,0,0,0,0,0
1786372883167,1718756,844780,1085176,373224,8388604,0,175,0,11,143,4405735,120,4167355,304,0,0,0,0,0,0,0
1786372883420,1718756,853744,1094140,373224,8388604,0,175,0,11,143,4405735,120,4167355,304,0,0,0,0,0,0,0
1786372883676,1718756,853744,1094140,373224,8388604,0,175,0,11,143,4405735,120,4167355,304,0,0,0,0,0,0,0
1786372883928,1718756,852528,1092956,373256,8388604,0,175,0,11,143,4421182,120,4182790,304,0,0,0,0,0,0,0
1786372884186,1718756,852328,1092740,373236,8388604,0,175,0,11,143,4421182,120,4182790,304,0,0,0,0,0,0,0
1786372884447,1718756,860232,1100644,373236,8388604,0,175,0,11,135,4421182,115,4182790,304,0,0,0,0,0,0,0
1786372884705,1718756,860232,1100644,373236,8388604,0,175,0,11,135,4421182,115,4182790,304,0,0,0,0,0,0,0
1786372884959,1718756,860232,1100644,373240,8388604,0,175,0,11,135,4421182,115,4182790,304,0,0,0,0,0,0,0
1786372885211,1718756,877340,1117772,373252,8388604,0,175,0,11,135,4439637,115,4200358,304,0,0,0,0,0,0,0
1786372885461,1653520,813204,1053632,373256,8388604,0,175,0,11,135,4439637,115,4200358,304,0,0,0,0,0,0,0
1786372885722,1653520,813204,1053632,373256,8388604,0,175,0,11,135,4439637,115,4200358,304,0,0,0,0,0,0,0
1786372885978,1653520,813204,1053632,373256,8388604,0,175,0,11,135,4439637,115,4200358,304,0,0,0,0,0,0,0
1786372886238,1653520,815616,1056044,373256,8388604,0,175,0,11,135,4439637,115,4200358,304,0,0,0,0,0,0,0
1786372886490,1653520,820644,1061084,373268,8388604,0,175,0,11,111,4460656,95,4221352,304,0,0,0,0,0,0,0
1786372886747,1653520,820720,1061160,373272,8388604,0,175,0,11,111,4460656,95,4221352,304,0,0,0,0,0,0,0
1786372887002,1653520,820720,1061160,373272,8388604,0,175,0,11,111,4460656,95,4221352,304,0,0,0,0,0,0,0
1786372887259,1653520,824396,1064836,373272,8388604,0,175,0,11,111,4460656,95,4221352,304,0,0,0,0,0,0,0
1786372887512,1653520,824396,1064836,373272,8388604,0,175,0,11,111,4460656,95,4221352,304,0,0,0,0,0,0,0
1786372887764,1653520,824228,1064692,373296,8388604,0,175,0,11,111,4470865,95,4231551,304,0,0,0,0,0,0,0
1786372888015,1653520,825680,1066144,373288,8388604,0,175,0,11,111,4470865,95,4231551,304,0,0,0,0,0,0,0
1786372888275,1653520,826884,1067348,373292,8388604,0,175,0,11,111,4470865,95,4231551,304,0,0,0,0,0,0,0
1786372888526,1653520,829044,1069528,373300,8388604,0,175,0,11,109,4476359,96,4235370,304,0,0,0,0,0,0,0
1786372888777,1653520,829264,1070496,374012,8388604,0,175,0,11,109,4523509,96,4280352,304,0,0,0,0,0,0,0
1786372889028,1653520,758212,1042668,417232,8388604,0,175,0,11,109,4546285,96,4295802,304,0,0,0,0,0,0,0
1786372889288,1653520,758552,999344,373572,8388604,0,175,0,11,109,4562637,96,4311743,304,0,0,0,0,0,0,0
1786372889542,1653520,758552,999344,373576,8388604,0,175,0,11,109,4562637,96,4311743,304,0,0,0,0,0,0,0
1786372889800,1653520,758552,999344,373576,8388604,0,175,0,11,109,4562637,96,4311743,304,0,0,0,0,0,0,0
1786372890053,1653520,758552,999344,373576,8388604,0,175,0,11,109,4562637,96,4311743,304,0,0,0,0,0,0,0
1786372890305,1653520,764536,1005356,373604,8388604,0,175,0,11,109,4577808,96,4325353,304,0,0,0,0,0,0,0
1786372890566,1697348,763780,1004584,373584,8388604,0,175,0,11,179,4593881,169,4340982,304,0,0,0,0,0,0,0
1786372890823,1697348,763780,1004584,373592,8388604,0,175,0,11,179,4593881,169,4340982,304,0,0,0,0,0,0,0
1786372891077,1697348,763780,1004584,373592,8388604,0,175,0,11,179,4593881,169,4340982,304,0,0,0,0,0,0,0
1786372891329,1697348,770800,1011604,373592,8388604,0,175,0,11,179,4593881,169,4340982,304,0,0,0,0,0,0,0
1786372891582,1697348,770548,1011368,373604,8388604,0,175,0,11,179,4597588,169,4344689,304,0,0,0,0,0,0,0
1786372891838,1734816,795780,1036588,373604,8388604,0,175,0,11,179,4608120,169,4355042,304,0,0,0,0,0,0,0
1786372892090,1734816,795780,1036588,373604,8388604,0,175,0,11,179,4608120,169,4355042,304,0,0,0,0,0,0,0
1786372892344,1734816,806372,1047180,373604,8388604,0,175,0,11,147,4608120,138,4355042,304,0,0,0,0,0,0,0
1786372892602,1734816,812732,1053540,373604,8388604,0,175,0,11,147,4608120,138,4355042,304,0,0,0,0,0,0,0
1786372892855,1734816,813244,1054064,373604,8388604,0,175,0,11,147,4608120,138,4355042,304,0,0,0,0,0,0,0
1786372893107,1734816,814216,1055044,373620,8388604,0,175,0,11,147,4626285,138,4372759,304,0,0,0,0,0,0,0
1786372893368,1734816,823976,1064804,373620,8388604,0,175,0,11,147,4651744,138,4398193,304,0,0,0,0,0,0,0
1786372893620,1734816,823976,1064804,373620,8388604,0,175,0,11,147,4651744,138,4398193,304,0,0,0,0,0,0,0
1786372893877,1734816,823976,1064804,373620,8388604,0,175,0,11,147,4651744,138,4398193,304,0,0,0,0,0,0,0
1786372894128,1734816,823872,1064700,373620,8388604,0,175,0,11,147,4651744,138,4398193,304,0,0,0,0,0,0,0
1786372894379,1705176,840024,1082912,375680,8388604,0,175,0,11,175,4669509,149,4415808,305,0,0,0,0,0,0,0
1786372894633,1705176,840024,1082912,375684,8388604,0,175,0,11,175,4669509,149,4415808,305,0,0,0,0,0,0,0
1786372894885,1705176,840024,1082912,375688,8388604,0,175,0,11,175,4669509,149,4415808,305,0,0,0,0,0,0,0
1786372895146,1705176,840024,1082912,375688,8388604,0,175,0,11,175,4669509,149,4415808,305,0,0,0,0,0,0,0
1786372895401,1705176,845036,1087924,375688,8388604,0,175,0,11,175,4669509,149,4415808,305,0,0,0,0,0,0,0
1786372895662,1705176,849436,1092340,375700,8388604,0,175,0,11,175,4689201,149,4434960,305,0,0,0,0,0,0,0
1786372895915,1705176,849436,1092340,375704,8388604,0,175,0,11,175,4689201,149,4434960,305,0,0,0,0,0,0,0
1786372896170,1705176,849436,1092340,375704,8388604,0,175,0,11,175,4689201,149,4434960,305,0,0,0,0,0,0,0
1786372896425,1705176,849436,1092340,375704,8388604,0,175,0,11,143,4689201,122,4434960,305,0,0,0,0,0,0,0
1786372896683,1705176,849436,1092340,375704,8388604,0,175,0,11,143,4689201,122,4434960,305,0,0,0,0,0,0,0
1786372896937,1658640,811984,1054900,375712,8388604,0,175,0,11,143,4699428,122,4445171,305,0,0,0,0,0,0,0
1786372897192,1658640,814604,1057520,375724,8388604,0,175,0,11,143,4699428,122,4445171,305,0,0,0,0,0,0,0
1786372897448,1658640,814604,1057520,375724,8388604,0,175,0,11,143,4699428,122,4445171,305,0,0,0,0,0,0,0
1786372897700,1658640,814604,1057520,375724,8388604,0,175,0,11,143,4699428,122,4445171,305,0,0,0,0,0,0,0
1786372897952,1658640,814604,1057520,375724,8388604,0,175,0,11,143,4699428,122,4445171,305,0,0,0,0,0,0,0
1786372898213,1658640,819116,1062048,375732,8388604,0,175,0,11,143,4716195,122,4461883,305,0,0,0,0,0,0,0
1786372898469,1658640,819700,1062640,375740,8388604,0,175,0,11,135,4716284,118,4461972,305,0,0,0,0,0,0,0
1786372898721,1658640,819700,1062640,375740,8388604,0,175,0,11,135,4716284,118,4461972,305,0,0,0,0,0,0,0
1786372898973,1658640,819700,1062640,375740,8388604,0,175,0,11,135,4716284,118,4461972,305,0,0,0,0,0,0,0
1786372899225,1658640,824940,1067880,375740,8388604,0,175,0,11,135,4716284,118,4461972,305,0,0,0,0,0,0,0
1786372899477,1658640,828832,1071780,375760,8388604,0,175,0,11,135,4734718,118,4479291,305,0,0,0,0,0,0,0
1786372899728,1658640,836736,1079988,376012,8388604,0,175,0,11,135,4788155,118,4531194,305,0,0,0,0,0,0,0
1786372899979,1658640,779040,1065784,419492,8388604,0,175,0,11,135,4788155,118,4531194,305,0,0,0,0,0,0,0
1786372900229,1658640,729060,972516,376208,8388604,0,175,0,11,135,4788155,118,4531194,305,0,0,0,0,0,0,0
1786372900483,1658640,721744,965008,376020,8388604,0,175,0,11,183,4799211,169,4542030,305,0,0,0,0,0,0,0
1786372900741,1658640,721744,965008,376020,8388604,0,175,0,11,183,4799211,169,4542030,305,0,0,0,0,0,0,0
1786372900994,1658640,721744,965008,376020,8388604,0,175,0,11,183,4799211,169,4542030,305,0,0,0,0,0,0,0
1786372901245,1658640,722444,965716,376020,8388604,0,175,0,11,183,4804522,169,4547338,305,0,0,0,0,0,0,0
1786372901497,1658640,722220,965492,376036,8388604,0,175,0,11,183,4828835,169,4570593,305,0,0,0,0,0,0,0
1786372901749,1658640,722220,965492,376036,8388604,0,175,0,11,183,4828835,169,4570593,305,0,0,0,0,0,0,0
1786372902004,1658640,722220,965492,376036,8388604,0,175,0,11,183,4828835,169,4570593,305,0,0,0,0,0,0,0
1786372902262,1658640,730644,973916,376036,8388604,0,175,0,11,183,4828835,169,4570593,305,0,0,0,0,0,0,0
1786372902514,1658640,730800,974088,376036,8388604,0,175,0,11,168,4828835,156,4570593,305,0,0,0,0,0,0,0
1786372902767,1658640,735216,978492,376044,8388604,0,175,0,11,168,4849081,156,4590795,305,0,0,0,0,0,0,0
1786372903020,1658640,735216,978492,376052,8388604,0,175,0,11,168,4849081,156,4590795,305,0,0,0,0,0,0,0
1786372903274,1658640,753568,996844,376052,8388604,0,175,0,11,168,4849081,156,4590795,305,0,0,0,0,0,0,0
1786372903527,1658640,753568,996844,376052,8388604,0,175,0,11,168,4849081,156,4590795,305,0,0,0,0,0,0,0
1786372903787,1658640,753820,997104,376052,8388604,0,175,0,11,168,4849081,156,4590795,305,0,0,0,0,0,0,0
1786372904039,1658640,752764,996064,376068,8388604,0,175,0,11,168,4873751,156,4614195,305,0,0,0,0,0,0,0
1786372904291,1658640,762524,1005824,376068,8388604,0,175,0,11,168,4873751,156,4614195,305,0,0,0,0,0,0,0
1786372904543,1658640,762524,1005824,376068,8388604,0,175,0,11,174,4873751,164,4614195,305,0,0,0,0,0,0,0
1786372904798,1658640,762524,1005824,376068,8388604,0,175,0,11,174,4873751,164,4614195,305,0,0,0,0,0,0,0
1786372905054,1658640,762608,1005908,376072,8388604,0,175,0,11,174,4873751,164,4614195,305,0,0,0,0,0,0,0
1786372905316,1658640,771300,1014608,376092,8388604,0,175,0,11,174,4888894,164,4629307,305,0,0,0,0,0,0,0
1786372905568,1658640,771300,1014608,376092,8388604,0,175,0,11,174,4888894,164,4629307,305,0,0,0,0,0,0,0
1786372905826,1658640,771300,1014608,376092,8388604,0,175,0,11,174,4888894,164,4629307,305,0,0,0,0,0,0,0
1786372906088,1658640,771300,1014608,376092,8388604,0,175,0,11,174,4888894,164,4629307,305,0,0,0,0,0,0,0
1786372906343,1658640,776696,1020004,376092,8388604,0,175,0,11,142,4888894,134,4629307,305,0,0,0,0,0,0,0
1786372906596,1658640,782216,1025544,376104,8388604,0,175,0,11,142,4902940,134,4643350,305,0,0,0,0,0,0,0
1786372906847,1658640,782216,1025544,376104,8388604,0,175,0,11,142,4902940,134,4643350,305,0,0,0,0,0,0,0
1786372907102,1658640,782216,1025544,376104,8388604,0,175,0,11,142,4902940,134,4643350,305,0,0,0,0,0,0,0
1786372907361,1658640,788028,1031356,376104,8388604,0,175,0,11,142,4902940,134,4643350,305,0,0,0,0,0,0,0
1786372907616,1658640,788028,1031356,376104,8388604,0,175,0,11,142,4902940,134,4643350,305,0,0,0,0,0,0,0
1786372907875,1658640,789500,1032840,376116,8388604,0,175,0,11,142,4916380,134,4656747,305,0,0,0,0,0,0,0
1786372908133,1658640,789500,1032844,376120,8388604,0,175,0,11,142,4916380,134,4656747,305,0,0,0,0,0,0,0
1786372908385,1658640,795568,1038912,376120,8388604,0,175,0,11,134,4916380,128,4656747,305,0,0,0,0,0,0,0
1786372908645,1658640,798536,1041880,376120,8388604,0,175,0,11,134,4916380,128,4656747,305,0,0,0,0,0,0,0
1786372908902,1658640,798536,1041880,376120,8388604,0,175,0,11,134,4916706,128,4657072,305,0,0,0,0,0,0,0
1786372909161,1658640,798204,1041556,376132,8388604,0,175,0,11,134,4930163,128,4670529,305,0,0,0,0,0,0,0
1786372909420,1658640,802440,1045796,376136,8388604,0,175,0,11,134,4930163,128,4670529,305,0,0,0,0,0,0,0
1786372909672,1658640,802440,1045796,376136,8388604,0,175,0,11,134,4930163,128,4670529,305,0,0,0,0,0,0,0
1786372909933,1658640,802440,1045796,376136,8388604,0,175,0,11,134,4930163,128,4670529,305,0,0,0,0,0,0,0
1786372910187,1658640,807076,1050520,376136,8388604,0,175,0,11,134,4930163,128,4670529,305,0,0,0,0,0,0,0
1786372910441,1658640,812088,1055440,376144,8388604,0,175,0,11,128,4944673,123,4684523,305,0,0,0,0,0,0,0
1786372910691,1658640,805752,1049508,376516,8388604,0,175,0,11,128,4984308,123,4723070,305,0,0,0,0,0,0,0
1786372910942,1658640,780004,1032068,385000,8388604,0,175,0,11,128,4991571,123,4730031,305,0,0,0,0,0,0,0
1786372911192,1658640,757320,1001140,376560,8388604,0,175,0,11,128,4991571,123,4730031,305,0,0,0,0,0,0,0
1786372911453,1658640,744252,987928,376420,8388604,0,175,0,11,128,5001228,123,4739490,305,0,0,0,0,0,0,0
1786372911705,1658640,746640,990324,376428,8388604,0,175,0,11,128,5023934,123,4760304,305,0,0,0,0,0,0,0
1786372911957,1658640,746560,990252,376436,8388604,0,175,0,11,128,5023934,123,4760304,305,0,0,0,0,0,0,0
1786372912209,1658640,754624,998316,376436,8388604,0,175,0,11,128,5023934,123,4760304,305,0,0,0,0,0,0,0
1786372912466,1658640,754624,998316,376436,8388604,0,175,0,11,159,5023934,155,4760304,305,0,0,0,0,0,0,0
1786372912723,1658640,754624,998316,376436,8388604,0,175,0,11,159,5023934,155,4760304,305,0,0,0,0,0,0,0
1786372912974,1658640,754624,998328,376448,8388604,0,175,0,11,159,5037907,155,4774277,305,0,0,0,0,0,0,0
1786372913232,1658640,762688,1006396,376452,8388604,0,175,0,11,159,5037907,155,4774277,305,0,0,0,0,0,0,0
1786372913485,1658640,762688,1006396,376452,8388604,0,175,0,11,159,5037907,155,4774277,305,0,0,0,0,0,0,0
1786372913745,1658640,764900,1008596,376452,8388604,0,175,0,11,159,5037907,155,4774277,305,0,0,0,0,0,0,0
1786372913998,1658640,764900,1008596,376452,8388604,0,175,0,11,159,5037907,155,4774277,305,0,0,0,0,0,0,0
1786372914249,1658640,769492,1013204,376472,8388604,0,175,0,11,159,5053111,155,4789460,305,0,0,0,0,0,0,0
1786372914503,1658640,769460,1013168,376468,8388604,0,175,0,11,148,5053111,145,4789460,305,0,0,0,0,0,0,0
1786372914760,1658640,769460,1013168,376468,8388604,0,175,0,11,148,5053111,145,4789460,305,0,0,0,0,0,0,0
1786372915018,1658640,769460,1013168,376472,8388604,0,175,0,11,148,5053111,145,4789460,305,0,0,0,0,0,0,0
1786372915273,1658640,777340,1021048,376472,8388604,0,175,0,11,148,5053111,145,4789460,305,0,0,0,0,0,0,0
1786372915525,1658640,779264,1023004,376500,8388604,0,175,0,11,148,5069534,145,4805414,305,0,0,0,0,0,0,0
1786372915783,1658640,779232,1022964,376488,8388604,0,175,0,11,148,5069534,145,4805414,305,0,0,0,0,0,0,0
1786372916036,1658640,779232,1022964,376488,8388604,0,175,0,11,148,5069534,145,4805414,305,0,0,0,0,0,0,0
1786372916288,1658640,785064,1028796,376488,8388604,0,175,0,11,148,5069534,145,4805414,305,0,0,0,0,0,0,0
1786372916540,1658640,786496,1030228,376488,8388604,0,175,0,11,121,5069534,118,4805414,305,0,0,0,0,0,0,0
1786372916791,1658640,787628,1031392,376520,8388604,0,175,0,11,121,5083632,118,4819270,305,0,0,0,0,0,0,0
1786372917048,1658640,787504,1031256,376500,8388604,0,175,0,11,121,5083632,118,4819270,305,0,0,0,0,0,0,0
1786372917301,1658640,792808,1036564,376504,8388604,0,175,0,11,121,5083632,118,4819270,305,0,0,0,0,0,0,0
1786372917554,1658640,792808,1036564,376504,8388604,0,175,0,11,121,5083632,118,4819270,305,0,0,0,0,0,0,0
1786372917806,1658640,792808,1036564,376504,8388604,0,175,0,11,121,5083632,118,4819270,305,0,0,0,0,0,0,0
1786372918057,1658640,794136,1037916,376536,8388604,0,175,0,11,121,5101005,118,4836037,305,0,0,0,0,0,0,0
1786372918309,1658640,797824,1041588,376512,8388604,0,175,0,11,121,5101005,118,4836037,305,0,0,0,0,0,0,0
1786372918564,1658640,797824,1041588,376516,8388604,0,175,0,11,117,5101005,114,4836037,305,0,0,0,0,0,0,0
1786372918820,1658640,797824,1041588,376516,8388604,0,175,0,11,117,5101005,114,4836037,305,0,0,0,0,0,0,0
1786372919080,1658640,797824,1041588,376516,8388604,0,175,0,11,117,5101005,114,4836037,305,0,0,0,0,0,0,0
1786372919331,1658640,803084,1046876,376544,8388604,0,175,0,11,117,5118512,114,4853516,305,0,0,0,0,0,0,0
1786372919588,1658640,801824,1045600,376524,8388604,0,175,0,11,117,5118512,114,4853516,305,0,0,0,0,0,0,0
1786372919841,1658640,801824,1045604,376532,8388604,0,175,0,11,117,5118512,114,4853516,305,0,0,0,0,0,0,0
1786372920102,1658640,801824,1045604,376532,8388604,0,175,0,11,117,5118512,114,4853516,305,0,0,0,0,0,0,0
1786372920357,1658640,804068,1047848,376532,8388604,0,175,0,11,96,5118512,94,4853516,305,0,0,0,0,0,0,0
1786372920609,1658640,809112,1052904,376536,8388604,0,175,0,11,96,5118512,94,4853516,305,0,0,0,0,0,0,0
1786372920862,1658640,808860,1052652,376544,8388604,0,175,0,11,96,5147158,94,4881523,305,0,0,0,0,0,0,0
1786372921115,1658640,808860,1052652,376544,8388604,0,175,0,11,96,5147158,94,4881523,305,0,0,0,0,0,0,0
1786372921374,1658640,810088,1053880,376544,8388604,0,175,0,11,96,5147158,94,4881523,305,0,0,0,0,0,0,0
1786372921625,1658640,794520,1054540,392756,8388604,0,175,0,11,96,5175333,94,4907420,305,0,0,0,0,0,0,0
1786372921876,1658640,736240,1023832,420316,8388604,0,175,0,11,96,5216706,94,4947173,305,0,0,0,0,0,0,0
1786372922127,1658640,737540,981628,376820,8388604,0,175,0,11,96,5220738,94,4950645,305,0,0,0,0,0,0,0
1786372922381,1658640,743596,987692,376832,8388604,0,175,0,11,187,5240111,168,4969812,305,0,0,0,0,0,0,0
1786372922638,1658640,743596,987692,376832,8388604,0,175,0,11,187,5240111,168,4969812,305,0,0,0,0,0,0,0
1786372922894,1658640,743596,987692,376832,8388604,0,175,0,11,187,5240111,168,4969812,305,0,0,0,0,0,0,0
1786372923145,1658640,743596,987700,376836,8388604,0,175,0,11,187,5243028,168,4972711,305,0,0,0,0,0,0,0
1786372923399,1658640,745720,989824,376848,8388604,0,175,0,11,187,5263526,168,4992813,305,0,0,0,0,0,0,0
1786372923654,1658640,745720,989824,376848,8388604,0,175,0,11,187,5287313,168,5016566,305,0,0,0,0,0,0,0
1786372923909,1658640,745720,989824,376848,8388604,0,175,0,11,187,5287313,168,5016566,305,0,0,0,0,0,0,0
1786372924164,1658640,745720,989824,376848,8388604,0,175,0,11,187,5287313,168,5016566,305,0,0,0,0,0,0,0
1786372924415,1658640,750008,994128,376852,8388604,0,175,0,11,189,5287313,173,5016566,305,0,0,0,0,0,0,0
1786372924671,1658640,752684,996792,376864,8388604,0,175,0,11,189,5302018,173,5031232,305,0,0,0,0,0,0,0
1786372924926,1658640,752684,996792,376868,8388604,0,175,0,11,189,5302018,173,5031232,305,0,0,0,0,0,0,0
1786372925177,1658640,752684,996792,376868,8388604,0,175,0,11,189,5302018,173,5031232,305,0,0,0,0,0,0,0
1786372925429,1658640,755836,999944,376868,8388604,0,175,0,11,189,5302018,173,5031232,305,0,0,0,0,0,0,0
1786372925680,1658640,756280,1000388,376868,8388604,0,175,0,11,189,5302018,173,5031232,305,0,0,0,0,0,0,0
1786372925941,1658640,758780,1002908,376880,8388604,0,175,0,11,189,5317434,173,5044921,305,0,0,0,0,0,0,0
1786372926193,1658640,764820,1008952,376884,8388604,0,175,0,11,189,5317434,173,5044921,305,0,0,0,0,0,0,0
1786372926446,1658640,767536,1011668,376884,8388604,0,175,0,11,173,5317434,160,5044921,305,0,0,0,0,0,0,0
1786372926698,1658640,767536,1011668,376884,8388604,0,175,0,11,173,5317434,160,5044921,305,0,0,0,0,0,0,0
1786372926949,1658640,767536,1011668,376884,8388604,0,175,0,11,173,5317434,160,5044921,305,0,0,0,0,0,0,0
1786372927205,1658640,775608,1019896,376892,8388604,0,175,0,11,173,5325926,160,5053406,305,0,0,0,0,0,0,0
1786372927459,1658640,778240,1022384,376900,8388604,0,175,0,11,173,5325926,160,5053406,305,0,0,0,0,0,0,0
1786372927712,1658640,778240,1022384,376900,8388604,0,175,0,11,173,5325926,160,5053406,305,0,0,0,0,0,0,0
1786372927967,1658640,778240,1022384,376900,8388604,0,175,0,11,173,5325926,160,5053406,305,0,0,0,0,0,0,0
1786372928222,1658640,783056,1027200,376900,8388604,0,175,0,11,173,5325926,160,5053406,305,0,0,0,0,0,0,0
1786372928475,1658640,787344,1031508,376908,8388604,0,175,0,11,160,5339264,149,5066448,305,0,0,0,0,0,0,0
1786372928728,1658640,787344,1031512,376912,8388604,0,175,0,11,160,5339264,149,5066448,305,0,0,0,0,0,0,0
1786372928989,1658640,787344,1031512,376912,8388604,0,175,0,11,160,5339264,149,5066448,305,0,0,0,0,0,0,0
1786372929246,1658640,787452,1031620,376912,8388604,0,175,0,11,160,5339264,149,5066448,305,0,0,0,0,0,0,0
1786372929502,1658640,794140,1038308,376912,8388604,0,175,0,11,160,5339264,149,5066448,305,0,0,0,0,0,0,0
1786372929756,1658640,796024,1040192,376924,8388604,0,175,0,11,160,5353814,149,5080985,305,0,0,0,0,0,0,0
1786372930012,1658640,796024,1040192,376928,8388604,0,175,0,11,160,5353814,149,5080985,305,0,0,0,0,0,0,0
1786372930264,1658640,799244,1043412,376928,8388604,0,175,0,11,160,5353814,149,5080985,305,0,0,0,0,0,0,0
1786372930518,1658640,799244,1043412,376928,8388604,0,175,0,11,131,5353814,122,5080985,305,0,0,0,0,0,0,0
1786372930779,1658640,799244,1043412,376928,8388604,0,175,0,11,131,5353814,122,5080985,305,0,0,0,0,0,0,0
1786372931037,1658640,798612,1042796,376948,8388604,0,175,0,11,131,5370004,122,5096382,305,0,0,0,0,0,0,0
1786372931295,1658640,799548,1043732,376948,8388604,0,175,0,11,131,5370004,122,5096382,305,0,0,0,0,0,0,0
1786372931550,1658640,800440,1044624,376948,8388604,0,175,0,11,131,5370004,122,5096382,305,0,0,0,0,0,0,0
1786372931804,1658640,800440,1044624,376948,8388604,0,175,0,11,131,5370004,122,5096382,305,0,0,0,0,0,0,0
1786372932063,1658640,800440,1044624,376948,8388604,0,175,0,11,131,5370004,122,5096382,305,0,0,0,0,0,0,0
1786372932318,1658640,808892,1053100,376964,8388604,0,175,0,11,131,5380531,122,5106909,305,0,0,0,0,0,0,0
1786372932568,1658640,808892,1053112,376984,8388604,0,175,0,11,125,5392142,118,5118520,305,0,0,0,0,0,0,0
1786372932819,1658640,786804,1031664,377572,8388604,0,175,0,11,125,5420545,118,5144128,305,0,0,0,0,0,0,0
1786372933070,1658640,739864,984916,377768,8388604,0,175,0,11,125,5420545,118,5144128,305,0,0,0,0,0,0,0
1786372933323,1658640,761992,1006524,377232,8388604,0,175,0,11,125,5432420,118,5155954,305,0,0,0,0,0,0,0
1786372933577,1658640,760036,1004572,377244,8388604,0,175,0,11,125,5459721,118,5182648,305,0,0,0,0,0,0,0
1786372933836,1658640,759976,1004516,377240,8388604,0,175,0,11,125,5459721,118,5182648,305,0,0,0,0,0,0,0
1786372934093,1658640,759976,1004516,377248,8388604,0,175,0,11,125,5459721,118,5182648,305,0,0,0,0,0,0,0
1786372934345,1658640,763140,1007680,377248,8388604,0,175,0,11,175,5459721,151,5182648,305,0,0,0,0,0,0,0
1786372934604,1658640,763140,1007680,377248,8388604,0,175,0,11,175,5459721,151,5182648,305,0,0,0,0,0,0,0
1786372934856,1658640,767484,1012056,377276,8388604,0,175,0,11,175,5473156,151,5196080,305,0,0,0,0,0,0,0
1786372935107,1658640,767772,1012328,377264,8388604,0,175,0,11,175,5473156,151,5196080,305,0,0,0,0,0,0,0
1786372935366,1658640,771112,1015668,377264,8388604,0,175,0,11,175,5473156,151,5196080,305,0,0,0,0,0,0,0
1786372935617,1658640,775256,1019800,377264,8388604,0,175,0,11,175,5473156,151,5196080,305,0,0,0,0,0,0,0
1786372935870,1658640,775256,1019800,377264,8388604,0,175,0,11,175,5473156,151,5196080,305,0,0,0,0,0,0,0
1786372936121,1658640,774196,1018772,377292,8388604,0,175,0,11,175,5490651,151,5212922,305,0,0,0,0,0,0,0
1786372936372,1658640,780052,1024612,377276,8388604,0,175,0,11,161,5490651,141,5212922,305,0,0,0,0,0,0,0
1786372936625,1658640,780156,1024720,377280,8388604,0,175,0,11,161,5490651,141,5212922,305,0,0,0,0,0,0,0
1786372936876,1658640,780156,1024720,377280,8388604,0,175,0,11,161,5490651,141,5212922,305,0,0,0,0,0,0,0
1786372937132,1658640,780156,1024720,377280,8388604,0,175,0,11,161,5490651,141,5212922,305,0,0,0,0,0,0,0
1786372937385,1658640,784676,1029268,377312,8388604,0,175,0,11,161,5506435,141,5228666,305,0,0,0,0,0,0,0
1786372937637,1658640,783844,1028416,377296,8388604,0,175,0,11,161,5506435,141,5228666,305,0,0,0,0,0,0,0
1786372937893,1658640,783844,1028416,377296,8388604,0,175,0,11,161,5506435,141,5228666,305,0,0,0,0,0,0,0
1786372938146,1658640,783844,1028416,377296,8388604,0,175,0,11,161,5506435,141,5228666,305,0,0,0,0,0,0,0
1786372938402,1658640,792312,1036884,377296,8388604,0,175,0,11,132,5506435,115,5228666,305,0,0,0,0,0,0,0
1786372938653,1658640,792088,1036688,377324,8388604,0,175,0,11,132,5521632,115,5243769,305,0,0,0,0,0,0,0
1786372938908,1658640,790576,1035176,377316,8388604,0,175,0,11,132,5522279,115,5244137,305,0,0,0,0,0,0,0
1786372939165,1658640,790576,1035176,377316,8388604,0,175,0,11,132,5522279,115,5244137,305,0,0,0,0,0,0,0
1786372939417,1658640,794116,1038716,377316,8388604,0,175,0,11,132,5522279,115,5244137,305,0,0,0,0,0,0,0
1786372939673,1658640,794116,1038716,377316,8388604,0,175,0,11,132,5522279,115,5244137,305,0,0,0,0,0,0,0
1786372939925,1658640,795364,1039988,377340,8388604,0,175,0,11,132,5539490,115,5261346,305,0,0,0,0,0,0,0
1786372940181,1658640,798328,1042936,377332,8388604,0,175,0,11,132,5539490,115,5261346,305,0,0,0,0,0,0,0
1786372940441,1658640,800708,1045316,377332,8388604,0,175,0,11,126,5539490,112,5261346,305,0,0,0,0,0,0,0
1786372940692,1658640,802048,1046656,377332,8388604,0,175,0,11,126,5539490,112,5261346,305,0,0,0,0,0,0,0
1786372940951,1658640,802048,1046656,377332,8388604,0,175,0,11,126,5539490,112,5261346,305,0,0,0,0,0,0,0
1786372941202,1658640,806552,1051176,377340,8388604,0,175,0,11,126,5554654,112,5276475,305,0,0,0,0,0,0,0
1786372941454,1658640,807788,1052412,377348,8388604,0,175,0,11,126,5562798,112,5283403,305,0,0,0,0,0,0,0
1786372941706,1658640,807788,1052412,377348,8388604,0,175,0,11,126,5562798,112,5283403,305,0,0,0,0,0,0,0
1786372941965,1658640,807788,1052412,377348,8388604,0,175,0,11,126,5562798,112,5283403,305,0,0,0,0,0,0,0
1786372942225,1658640,813044,1057668,377348,8388604,0,175,0,11,126,5562798,112,5283403,305,0,0,0,0,0,0,0
1786372942477,1658640,812644,1057276,377348,8388604,0,175,0,11,121,5567187,110,5287782,305,0,0,0,0,0,0,0
1786372942727,1658640,813780,1062516,381452,8388604,0,175,0,11,121,5577786,110,5298336,305,0,0,0,0,0,0,0
1786372942981,1658640,813780,1062516,381456,8388604,0,175,0,11,121,5577786,110,5298336,305,0,0,0,0,0,0,0
1786372943241,1658640,814584,1063320,381456,8388604,0,175,0,11,121,5577786,110,5298336,305,0,0,0,0,0,0,0
1786372943492,1658640,814776,1063516,381464,8388604,0,175,0,11,121,5577786,110,5298336,305,0,0,0,0,0,0,0
1786372943743,1658640,783484,1032700,381904,8388604,0,175,0,11,121,5629001,110,5347000,305,0,0,0,0,0,0,0
1786372943993,1658640,735336,1028028,425376,8388604,0,175,0,11,121,5641671,110,5357198,305,0,0,0,0,0,0,0
1786372944254,1658640,763900,1012948,381740,8388604,0,175,0,11,121,5654669,110,5369887,305,0,0,0,0,0,0,0
1786372944506,1658640,763900,1012948,381740,8388604,0,175,0,11,172,5654669,163,5369887,305,0,0,0,0,0,0,0
1786372944759,1658640,763900,1012948,381744,8388604,0,175,0,11,172,5654669,163,5369887,305,0,0,0,0,0,0,0
1786372945010,1658640,765380,1014436,381744,8388604,0,175,0,11,172,5660678,163,5375863,305,0,0,0,0,0,0,0
1786372945263,1658640,769032,1018096,381760,8388604,0,175,0,11,172,5681546,163,5396424,305,0,0,0,0,0,0,0
1786372945520,1658640,769032,1018096,381760,8388604,0,175,0,11,172,5681546,163,5396424,305,0,0,0,0,0,0,0
1786372945772,1658640,769032,1018096,381760,8388604,0,175,0,11,172,5681546,163,5396424,305,0,0,0,0,0,0,0
1786372946025,1658640,769032,1018096,381760,8388604,0,175,0,11,172,5681546,163,5396424,305,0,0,0,0,0,0,0
1786372946276,1658640,774436,1023500,381760,8388604,0,175,0,11,172,5681546,163,5396424,305,0,0,0,0,0,0,0
1786372946533,1658640,775680,1024764,381780,8388604,0,175,0,11,177,5700953,169,5415672,305,0,0,0,0,0,0,0
1786372946785,1658640,775680,1024752,381780,8388604,0,175,0,11,177,5700953,169,5415672,305,0,0,0,0,0,0,0
1786372947043,1658640,775680,1024752,381780,8388604,0,175,0,11,177,5700953,169,5415672,305,0,0,0,0,0,0,0
1786372947296,1658640,780504,1029576,381780,8388604,0,175,0,11,177,5700953,169,5415672,305,0,0,0,0,0,0,0
1786372947548,1658640,780652,1029724,381780,8388604,0,175,0,11,177,5700953,169,5415672,305,0,0,0,0,0,0,0
1786372947804,1658640,782048,1031128,381796,8388604,0,175,0,11,177,5716273,169,5430945,305,0,0,0,0,0,0,0
1786372948056,1658640,782048,1031128,381796,8388604,0,175,0,11,177,5716273,169,5430945,305,0,0,0,0,0,0,0
1786372948314,1658640,785712,1034792,381796,8388604,0,175,0,11,177,5716273,169,5430945,305,0,0,0,0,0,0,0
1786372948575,1658640,785712,1034792,381796,8388604,0,175,0,11,145,5716273,139,5430945,305,0,0,0,0,0,0,0
1786372948833,1658640,785712,1034792,381796,8388604,0,175,0,11,145,5716273,139,5430945,305,0,0,0,0,0,0,0
1786372949087,1658640,786340,1035436,381808,8388604,0,175,0,11,145,5737097,139,5451367,305,0,0,0,0,0,0,0
1786372949339,1658640,788576,1037672,381808,8388604,0,175,0,11,145,5737097,139,5451367,305,0,0,0,0,0,0,0
1786372949591,1658640,788576,1037672,381808,8388604,0,175,0,11,145,5737097,139,5451367,305,0,0,0,0,0,0,0
1786372949845,1658640,788576,1037672,381808,8388604,0,175,0,11,145,5737097,139,5451367,305,0,0,0,0,0,0,0
1786372950099,1658640,788576,1037672,381808,8388604,0,175,0,11,145,5737097,139,5451367,305,0,0,0,0,0,0,0
1786372950353,1658640,794372,1043484,381824,8388604,0,175,0,11,136,5749148,131,5463381,305,0,0,0,0,0,0,0
1786372950607,1658640,794372,1043484,381824,8388604,0,175,0,11,136,5749148,131,5463381,305,0,0,0,0,0,0,0
1786372950862,1658640,794372,1043484,381824,8388604,0,175,0,11,136,5749148,131,5463381,305,0,0,0,0,0,0,0
1786372951118,1658640,794372,1043484,381824,8388604,0,175,0,11,136,5749148,131,5463381,305,0,0,0,0,0,0,0
1786372951377,1658640,795768,1044880,381824,8388604,0,175,0,11,136,5749148,131,5463381,305,0,0,0,0,0,0,0
1786372951631,1658640,797208,1046328,381836,8388604,0,175,0,11,136,5767421,131,5481323,305,0,0,0,0,0,0,0
1786372951888,1658640,797208,1046332,381840,8388604,0,175,0,11,136,5767421,131,5481323,305,0,0,0,0,0,0,0
1786372952146,1658640,797208,1046332,381840,8388604,0,175,0,11,136,5767421,131,5481323,305,0,0,0,0,0,0,0
1786372952407,1658640,798096,1047220,381840,8388604,0,175,0,11,112,5767421,108,5481323,305,0,0,0,0,0,0,0
1786372952660,1658640,798096,1047220,381840,8388604,0,175,0,11,112,5767421,108,5481323,305,0,0,0,0,0,0,0
1786372952921,1658640,799404,1048540,381848,8388604,0,175,0,11,112,5781168,108,5495016,305,0,0,0,0,0,0,0
1786372953174,1658640,799404,1048548,381856,8388604,0,175,0,11,112,5781168,108,5495016,305,0,0,0,0,0,0,0
1786372953426,1658640,799404,1048548,381856,8388604,0,175,0,11,112,5781168,108,5495016,305,0,0,0,0,0,0,0
1786372953682,1658640,799404,1048548,381856,8388604,0,175,0,11,112,5781168,108,5495016,305,0,0,0,0,0,0,0
1786372953938,1658640,799404,1048548,381856,8388604,0,175,0,11,112,5809433,108,5522708,305,0,0,0,0,0,0,0
1786372954199,1658640,803384,1052536,381864,8388604,0,175,0,11,112,5826396,108,5539637,305,0,0,0,0,0,0,0
1786372954454,1658640,804248,1053400,381872,8388604,0,175,0,11,127,5826396,124,5539637,305,0,0,0,0,0,0,0
1786372954721,1658640,751640,1044192,425232,8388604,0,175,0,11,127,5863921,124,5576159,305,0,0,0,0,0,0,0
1786372954972,1658640,712388,1005380,425656,8388604,0,175,0,11,127,5874098,124,5583913,305,0,0,0,0,0,0,0
1786372955232,1658640,737044,986512,382144,8388604,0,175,0,11,127,5883235,124,5593020,305,0,0,0,0,0,0,0
1786372955491,1658640,737888,987368,382160,8388604,0,175,0,11,127,5910099,124,5619173,305,0,0,0,0,0,0,0
1786372955743,1658640,737888,987372,382160,8388604,0,175,0,11,127,5910099,124,5619173,305,0,0,0,0,0,0,0
1786372955995,1658640,737888,987372,382160,8388604,0,175,0,11,127,5910099,124,5619173,305,0,0,0,0,0,0,0
1786372956257,1658640,745744,995228,382160,8388604,0,175,0,11,127,5910099,124,5619173,305,0,0,0,0,0,0,0
1786372956517,1658640,745744,995228,382160,8388604,0,175,0,11,177,5910099,156,5619173,305,0,0,0,0,0,0,0
1786372956778,1658640,744148,993648,382176,8388604,0,175,0,11,177,5927364,156,5635121,305,0,0,0,0,0,0,0
1786372957037,1658640,744148,993648,382176,8388604,0,175,0,11,177,5927364,156,5635121,305,0,0,0,0,0,0,0
1786372957290,1658640,752916,1002416,382176,8388604,0,175,0,11,177,5927364,156,5635121,305,0,0,0,0,0,0,0
1786372957543,1658640,752916,1002416,382176,8388604,0,175,0,11,177,5927364,156,5635121,305,0,0,0,0,0,0,0
1786372957797,1658640,757088,1006576,382176,8388604,0,175,0,11,177,5927364,156,5635121,305,0,0,0,0,0,0,0
1786372958048,1658640,756836,1006336,382196,8388604,0,175,0,11,177,5939993,156,5647741,305,0,0,0,0,0,0,0
1786372958302,1658640,758488,1007988,382192,8388604,0,175,0,11,177,5939993,156,5647741,305,0,0,0,0,0,0,0
1786372958555,1658640,762168,1011668,382192,8388604,0,175,0,11,163,5939993,146,5647741,305,0,0,0,0,0,0,0
1786372958811,1658640,762168,1011668,382192,8388604,0,175,0,11,163,5939993,146,5647741,305,0,0,0,0,0,0,0
1786372959063,1658640,762468,1011968,382192,8388604,0,175,0,11,163,5951989,146,5659488,305,0,0,0,0,0,0,0
1786372959315,1658640,769124,1018624,382208,8388604,0,175,0,11,163,5965526,146,5672985,305,0,0,0,0,0,0,0
1786372959569,1658640,769004,1018516,382204,8388604,0,175,0,11,163,5965526,146,5672985,305,0,0,0,0,0,0,0
1786372959830,1658640,769004,1018516,382208,8388604,0,175,0,11,163,5965526,146,5672985,305,0,0,0,0,0,0,0
1786372960085,1658640,769004,1018520,382208,8388604,0,175,0,11,163,5965526,146,5672985,305,0,0,0,0,0,0,0
1786372960339,1658640,769908,1019424,382208,8388604,0,175,0,11,163,5965526,146,5672985,305,0,0,0,0,0,0,0
1786372960591,1658640,773408,1022952,382240,8388604,0,175,0,11,151,5982129,137,5689474,305,0,0,0,0,0,0,0
1786372960841,1658640,773348,1022876,382224,8388604,0,175,0,11,151,5982129,137,5689474,305,0,0,0,0,0,0,0
1786372961094,1658640,773348,1022876,382224,8388604,0,175,0,11,151,5982129,137,5689474,305,0,0,0,0,0,0,0
1786372961353,1658640,774324,1023852,382224,8388604,0,175,0,11,151,5982129,137,5689474,305,0,0,0,0,0,0,0
1786372961615,1658640,774324,1023852,382224,8388604,0,175,0,11,151,5982129,137,5689474,305,0,0,0,0,0,0,0
1786372961866,1658640,775152,1024688,382236,8388604,0,175,0,11,151,5997673,137,5704985,305,0,0,0,0,0,0,0
1786372962116,1658640,775160,1024696,382236,8388604,0,175,0,11,151,5997673,137,5704985,305,0,0,0,0,0,0,0
1786372962369,1658640,776496,1026032,382236,8388604,0,175,0,11,142,5997673,131,5704985,305,0,0,0,0,0,0,0
1786372962628,1658640,779156,1028692,382236,8388604,0,175,0,11,142,5997673,131,5704985,305,0,0,0,0,0,0,0
1786372962880,1658640,779156,1028692,382236,8388604,0,175,0,11,142,5997673,131,5704985,305,0,0,0,0,0,0,0
1786372963132,1658640,781276,1030844,382264,8388604,0,175,0,11,142,6015382,131,5721443,305,0,0,0,0,0,0,0
1786372963392,1658640,787544,1037104,382252,8388604,0,175,0,11,142,6015382,131,5721443,305,0,0,0,0,0,0,0
1786372963644,1658640,787544,1037104,382252,8388604,0,175,0,11,142,6015382,131,5721443,305,0,0,0,0,0,0,0
1786372963899,1658640,787544,1037104,382252,8388604,0,175,0,11,142,6015382,131,5721443,305,0,0,0,0,0,0,0
1786372964160,1658640,787544,1037104,382252,8388604,0,175,0,11,142,6015382,131,5721443,305,0,0,0,0,0,0,0
1786372964412,1658640,794652,1044232,382280,8388604,0,175,0,11,134,6034698,125,5740433,305,0,0,0,0,0,0,0
1786372964667,1658640,795876,1045448,382272,8388604,0,175,0,11,134,6034698,125,5740433,305,0,0,0,0,0,0,0
1786372964921,1658640,795876,1045448,382272,8388604,0,175,0,11,134,6034698,125,5740433,305,0,0,0,0,0,0,0
1786372965173,1658640,800780,1050352,382272,8388604,0,175,0,11,134,6034698,125,5740433,305,0,0,0,0,0,0,0
1786372965426,1658640,800780,1050352,382272,8388604,0,175,0,11,134,6034698,125,5740433,305,0,0,0,0,0,0,0
1786372965677,1658640,756452,1049360,425720,8388604,0,175,0,11,134,6056139,125,5759913,305,0,0,0,0,0,0,0
1786372965928,1658640,718456,1012004,426164,8388604,0,175,0,11,134,6082988,125,5785140,305,0,0,0,0,0,0,0
1786372966178,1658640,795724,1045644,382556,8388604,0,175,0,11,134,6094258,125,5796295,305,0,0,0,0,0,0,0
1786372966435,1658640,798084,1048004,382556,8388604,0,175,0,11,182,6101407,156,5803432,305,0,0,0,0,0,0,0
1786372966692,1658640,798084,1048004,382556,8388604,0,175,0,11,182,6101407,156,5803432,305,0,0,0,0,0,0,0
1786372966946,1658640,797344,1047264,382556,8388604,0,175,0,11,182,6101407,156,5803432,305,0,0,0,0,0,0,0
1786372967206,1658640,795340,1045264,382560,8388604,0,175,0,11,182,6129847,156,5829980,305,0,0,0,0,0,0,0
1786372967458,1658640,795552,1045476,382572,8388604,0,175,0,11,182,6129847,156,5829980,305,0,0,0,0,0,0,0
1786372967716,1658640,795552,1045476,382572,8388604,0,175,0,11,182,6129847,156,5829980,305,0,0,0,0,0,0,0
1786372967976,1658640,795552,1045476,382572,8388604,0,175,0,11,182,6129847,156,5829980,305,0,0,0,0,0,0,0
1786372968237,1658640,795552,1045476,382572,8388604,0,175,0,11,182,6129847,156,5829980,305,0,0,0,0,0,0,0
1786372968494,1658640,798792,1048724,382580,8388604,0,175,0,11,185,6142946,146,5843054,305,0,0,0,0,0,0,0
1786372968753,1658640,798792,1048712,382588,8388604,0,175,0,11,185,6142946,146,5843054,305,0,0,0,0,0,0,0
1786372969008,1658640,798792,1048712,382588,8388604,0,175,0,11,185,6142946,146,5843054,305,0,0,0,0,0,0,0
1786372969258,1658640,799040,1048960,382588,8388604,0,175,0,11,185,6142946,146,5843054,305,0,0,0,0,0,0,0
1786372969511,1658640,799040,1048960,382588,8388604,0,175,0,11,185,6142946,146,5843054,305,0,0,0,0,0,0,0
1786372969767,1658640,801364,1051300,382604,8388604,0,175,0,11,185,6160705,146,5860792,305,0,0,0,0,0,0,0
1786372970018,1658640,801364,1051300,382604,8388604,0,175,0,11,185,6160705,146,5860792,305,0,0,0,0,0,0,0
1786372970271,1658640,801364,1051300,382604,8388604,0,175,0,11,185,6160705,146,5860792,305,0,0,0,0,0,0,0
1786372970525,1658640,801364,1051300,382604,8388604,0,175,0,11,152,6160705,120,5860792,305,0,0,0,0,0,0,0
1786372970778,1658640,801364,1051300,382604,8388604,0,175,0,11,152,6160705,120,5860792,305,0,0,0,0,0,0,0
1786372971037,1658640,801136,1051092,382616,8388604,0,175,0,11,152,6181258,120,5880058,305,0,0,0,0,0,0,0
1786372971288,1658640,803004,1052960,382616,8388604,0,175,0,11,152,6181258,120,5880058,305,0,0,0,0,0,0,0
1786372971545,1658640,803004,1052960,382616,8388604,0,175,0,11,152,6181258,120,5880058,305,0,0,0,0,0,0,0
1786372971805,1658640,803004,1052960,382616,8388604,0,175,0,11,152,6181258,120,5880058,305,0,0,0,0,0,0,0
1786372972056,1658640,803004,1052960,382616,8388604,0,175,0,11,152,6181258,120,5880058,305,0,0,0,0,0,0,0
1786372972311,1658640,803036,1053008,382640,8388604,0,175,0,11,152,6199311,120,5898028,305,0,0,0,0,0,0,0
1786372972566,1658640,803036,1053012,382636,8388604,0,175,0,11,142,6199311,115,5898028,305,0,0,0,0,0,0,0
1786372972822,1658640,803036,1053012,382636,8388604,0,175,0,11,142,6199311,115,5898028,305,0,0,0,0,0,0,0
1786372973078,1658640,803036,1053012,382636,8388604,0,175,0,11,142,6199311,115,5898028,305,0,0,0,0,0,0,0
1786372973331,1658640,806876,1056852,382636,8388604,0,175,0,11,142,6199788,115,5898344,305,0,0,0,0,0,0,0
1786372973584,1658640,806624,1056612,382652,8388604,0,175,0,11,142,6216629,115,5914675,305,0,0,0,0,0,0,0
1786372973843,1658640,806624,1056612,382648,8388604,0,175,0,11,142,6216629,115,5914675,305,0,0,0,0,0,0,0
1786372974103,1658640,806624,1056612,382652,8388604,0,175,0,11,142,6216629,115,5914675,305,0,0,0,0,0,0,0
1786372974355,1658640,807920,1057908,382652,8388604,0,175,0,11,115,6216629,95,5914675,305,0,0,0,0,0,0,0
1786372974608,1658640,807920,1057908,382656,8388604,0,175,0,11,115,6216629,95,5914675,305,0,0,0,0,0,0,0
1786372974860,1658640,808572,1058572,382676,8388604,0,175,0,11,115,6231495,95,5929533,305,0,0,0,0,0,0,0
1786372975115,1658640,808572,1058576,382672,8388604,0,175,0,11,115,6231495,95,5929533,305,0,0,0,0,0,0,0
1786372975375,1658640,809888,1059892,382672,8388604,0,175,0,11,115,6231495,95,5929533,305,0,0,0,0,0,0,0
1786372975630,1658640,809888,1059892,382672,8388604,0,175,0,11,115,6231495,95,5929533,305,0,0,0,0,0,0,0
1786372975889,1658640,809888,1059892,382672,8388604,0,175,0,11,115,6231495,95,5929533,305,0,0,0,0,0,0,0
1786372976140,1658640,810424,1060448,382684,8388604,0,175,0,11,115,6243949,95,5941317,305,0,0,0,0,0,0,0
1786372976393,1658640,811428,1061452,382688,8388604,0,175,0,11,112,6243949,96,5941317,305,0,0,0,0,0,0,0
1786372976645,1658640,773984,1062892,421604,8388604,0,175,0,11,112,6256932,96,5953229,305,0,0,0,0,0,0,0
1786372976895,1658640,725380,1019280,426548,8388604,0,175,0,11,112,6289498,96,5984909,305,0,0,0,0,0,0,0
1786372977146,1658640,732828,983148,382956,8388604,0,175,0,11,112,6291993,96,5987365,305,0,0,0,0,0,0,0
1786372977401,1658640,735440,985772,382972,8388604,0,175,0,11,112,6317976,96,6012728,305,0,0,0,0,0,0,0
1786372977660,1658640,735440,985772,382972,8388604,0,175,0,11,112,6317976,96,6012728,305,0,0,0,0,0,0,0
1786372977913,1658640,735440,985772,382972,8388604,0,175,0,11,112,6317976,96,6012728,305,0,0,0,0,0,0,0
1786372978170,1658640,735440,985772,382972,8388604,0,175,0,11,112,6317976,96,6012728,305,0,0,0,0,0,0,0
1786372978427,1658640,736728,987060,382972,8388604,0,175,0,11,147,6317976,133,6012728,305,0,0,0,0,0,0,0
1786372978682,1658640,739772,990120,382988,8388604,0,175,0,11,147,6335516,133,6030065,305,0,0,0,0,0,0,0
1786372978942,1658640,740540,990888,382984,8388604,0,175,0,11,147,6335516,133,6030065,305,0,0,0,0,0,0,0
1786372979205,1658640,740540,990888,382984,8388604,0,175,0,11,147,6335516,133,6030065,305,0,0,0,0,0,0,0
1786372979463,1658640,747828,998176,382984,8388604,0,175,0,11,147,6335516,133,6030065,305,0,0,0,0,0,0,0
1786372979723,1658640,749788,1000124,382984,8388604,0,175,0,11,147,6335516,133,6030065,305,0,0,0,0,0,0,0
1786372979974,1658640,749048,999412,383016,8388604,0,175,0,11,147,6361019,133,6055390,305,0,0,0,0,0,0,0
1786372980226,1658640,758040,1008388,383004,8388604,0,175,0,11,147,6361019,133,6055390,305,0,0,0,0,0,0,0
1786372980479,1658640,758040,1008388,383004,8388604,0,175,0,11,157,6361019,145,6055390,305,0,0,0,0,0,0,0
1786372980734,1658640,758040,1008388,383004,8388604,0,175,0,11,157,6361019,145,6055390,305,0,0,0,0,0,0,0
1786372980995,1658640,758040,1008388,383004,8388604,0,175,0,11,157,6361019,145,6055390,305,0,0,0,0,0,0,0
1786372981247,1658640,766432,1016816,383032,8388604,0,175,0,11,157,6378555,145,6071950,305,0,0,0,0,0,0,0
1786372981499,1658640,766416,1016784,383020,8388604,0,175,0,11,157,6378555,145,6071950,305,0,0,0,0,0,0,0
1786372981755,1658640,766416,1016784,383020,8388604,0,175,0,11,157,6378555,145,6071950,305,0,0,0,0,0,0,0
1786372982013,1658640,766416,1016784,383020,8388604,0,175,0,11,157,6378555,145,6071950,305,0,0,0,0,0,0,0
1786372982265,1658640,770652,1021020,383020,8388604,0,175,0,11,157,6378555,145,6071950,305,0,0,0,0,0,0,0
1786372982517,1658640,772728,1023128,383048,8388604,0,175,0,11,128,6390948,118,6084093,305,0,0,0,0,0,0,0
1786372982768,1658640,773880,1024268,383032,8388604,0,175,0,11,128,6390948,118,6084093,305,0,0,0,0,0,0,0
1786372983021,1658640,773880,1024272,383036,8388604,0,175,0,11,128,6390948,118,6084093,305,0,0,0,0,0,0,0
1786372983273,1658640,778156,1028548,383036,8388604,0,175,0,11,128,6390948,118,6084093,305,0,0,0,0,0,0,0
1786372983528,1658640,778156,1028548,383036,8388604,0,175,0,11,128,6390948,118,6084093,305,0,0,0,0,0,0,0
1786372983782,1658640,778740,1029156,383068,8388604,0,175,0,11,128,6408055,118,6101166,305,0,0,0,0,0,0,0
1786372984033,1658640,778236,1028640,383048,8388604,0,175,0,11,128,6426624,118,6119058,305,0,0,0,0,0,0,0
1786372984290,1658640,778236,1028640,383052,8388604,0,175,0,11,128,6426624,118,6119058,305,0,0,0,0,0,0,0
1786372984549,1658640,783396,1033800,383056,8388604,0,175,0,11,141,6426624,133,6119058,305,0,0,0,0,0,0,0
1786372984808,1658640,783396,1033800,383056,8388604,0,175,0,11,141,6426624,133,6119058,305,0,0,0,0,0,0,0
1786372985061,1658640,783144,1033564,383064,8388604,0,175,0,11,141,6429655,133,6122078,305,0,0,0,0,0,0,0
1786372985317,1658640,788168,1038584,383064,8388604,0,175,0,11,141,6442267,133,6134682,305,0,0,0,0,0,0,0
1786372985570,1658640,788420,1038836,383072,8388604,0,175,0,11,141,6442267,133,6134682,305,0,0,0,0,0,0,0
1786372985828,1658640,788420,1038836,383072,8388604,0,175,0,11,141,6442267,133,6134682,305,0,0,0,0,0,0,0
1786372986086,1658640,788420,1038836,383072,8388604,0,175,0,11,141,6442267,133,6134682,305,0,0,0,0,0,0,0
1786372986337,1658640,793260,1043688,383072,8388604,0,175,0,11,141,6442267,133,6134682,305,0,0,0,0,0,0,0
1786372986588,1658640,793428,1043860,383084,8388604,0,175,0,11,133,6469565,127,6161433,305,0,0,0,0,0,0,0
1786372986844,1658640,793428,1043860,383084,8388604,0,175,0,11,133,6469565,127,6161433,305,0,0,0,0,0,0,0
1786372987106,1658640,793428,1043860,383084,8388604,0,175,0,11,133,6469565,127,6161433,305,0,0,0,0,0,0,0
1786372987360,1658640,796368,1046800,383084,8388604,0,175,0,11,133,6469565,127,6161433,305,0,0,0,0,0,0,0
1786372987612,1658640,771448,1038860,400324,8388604,0,175,0,11,133,6483305,127,6175138,305,0,0,0,0,0,0,0
1786372987862,1658640,695556,989832,426872,8388604,0,175,0,11,133,6522612,127,6211475,305,0,0,0,0,0,0,0
1786372988113,1658640,698468,949384,383512,8388604,0,175,0,11,133,6522612,127,6211475,305,0,0,0,0,0,0,0
1786372988373,1658640,743228,994004,383372,8388604,0,175,0,11,164,6538271,158,6226865,305,0,0,0,0,0,0,0
1786372988629,1658640,743228,994004,383372,8388604,0,175,0,11,164,6538271,158,6226865,305,0,0,0,0,0,0,0
1786372988885,1658640,743228,994004,383372,8388604,0,175,0,11,164,6538271,158,6226865,305,0,0,0,0,0,0,0
1786372989137,1658640,739140,989948,383404,8388604,0,175,0,11,164,6558907,158,6245697,305,0,0,0,0,0,0,0
1786372989388,1658640,745084,995868,383388,8388604,0,175,0,11,164,6558907,158,6245697,305,0,0,0,0,0,0,0
1786372989644,1658640,745084,995868,383388,8388604,0,175,0,11,164,6558907,158,6245697,305,0,0,0,0,0,0,0
1786372989904,1658640,745084,995868,383388,8388604,0,175,0,11,164,6558907,158,6245697,305,0,0,0,0,0,0,0
1786372990158,1658640,745084,995868,383388,8388604,0,175,0,11,164,6558907,158,6245697,305,0,0,0,0,0,0,0
1786372990410,1658640,751192,1001992,383400,8388604,0,175,0,11,152,6571297,148,6258048,305,0,0,0,0,0,0,0
1786372990665,1658640,752124,1002912,383404,8388604,0,175,0,11,152,6571297,148,6258048,305,0,0,0,0,0,0,0
1786372990924,1658640,752124,1002912,383404,8388604,0,175,0,11,152,6571297,148,6258048,305,0,0,0,0,0,0,0
1786372991177,1658640,752124,1002912,383404,8388604,0,175,0,11,152,6571297,148,6258048,305,0,0,0,0,0,0,0
1786372991430,1658640,756760,1007548,383404,8388604,0,175,0,11,152,6571297,148,6258048,305,0,0,0,0,0,0,0
1786372991682,1658640,756864,1007684,383432,8388604,0,175,0,11,152,6587918,148,6274464,305,0,0,0,0,0,0,0
1786372991932,2191120,1295344,1546124,383420,8388604,0,175,0,11,152,6587918,148,6274464,305,0,0,0,0,0,0,0
1786372992187,2749292,1860384,2111164,383420,8388604,0,175,0,11,152,6587918,148,6274464,305,0,0,0,0,0,0,0
1786372992447,2749292,1860384,2111164,383420,8388604,0,175,0,11,124,6587918,121,6274464,305,0,0,0,0,0,0,0
1786372992705,2749292,1860384,2111164,383420,8388604,0,175,0,11,124,6588558,121,6275045,305,0,0,0,0,0,0,0
1786372992957,2749292,1859180,2109984,383448,8388604,0,175,0,11,124,6603113,121,6289601,305,0,0,0,0,0,0,0
1786372993210,2749292,1862968,2113756,383436,8388604,0,175,0,11,124,6603113,121,6289601,305,0,0,0,0,0,0,0
1786372993462,2749292,1862968,2113756,383436,8388604,0,175,0,11,124,6603113,121,6289601,305,0,0,0,0,0,0,0
1786372993723,2749292,1866764,2117556,383436,8388604,0,175,0,11,124,6616105,121,6302186,305,0,0,0,0,0,0,0
1786372993977,2749292,1866764,2117556,383436,8388604,0,175,0,11,124,6616105,121,6302186,305,0,0,0,0,0,0,0
1786372994229,2749292,1873796,2124616,383460,8388604,0,175,0,11,124,6632268,121,6318257,305,0,0,0,0,0,0,0
1786372994480,2722016,1843332,2094172,383444,8388604,0,175,0,11,138,6642292,135,6327257,305,0,0,0,0,0,0,0
1786372994736,2722016,1843332,2094172,383444,8388604,0,175,0,11,138,6642292,135,6327257,305,0,0,0,0,0,0,0
1786372994995,2722016,1843332,2094172,383444,8388604,0,175,0,11,138,6642292,135,6327257,305,0,0,0,0,0,0,0
1786372995248,2722016,1845972,2096812,383452,8388604,0,175,0,11,138,6642292,135,6327257,305,0,0,0,0,0,0,0
1786372995499,2722016,1852144,2102996,383484,8388604,0,175,0,11,138,6651663,135,6336604,305,0,0,0,0,0,0,0
1786372995755,2722016,1853796,2104636,383464,8388604,0,175,0,11,138,6654265,135,6339203,305,0,0,0,0,0,0,0
1786372996011,2722016,1853796,2104636,383468,8388604,0,175,0,11,138,6654265,135,6339203,305,0,0,0,0,0,0,0
1786372996270,2722016,1854828,2105668,383468,8388604,0,175,0,11,138,6654265,135,6339203,305,0,0,0,0,0,0,0
1786372996527,2722016,1854828,2105668,383468,8388604,0,175,0,11,112,6654265,110,6339203,305,0,0,0,0,0,0,0
1786372996781,2722016,1860584,2113504,385548,8388604,0,175,0,11,112,6670980,110,6355891,305,0,0,0,0,0,0,0
1786372997042,2722016,1860584,2113488,385528,8388604,0,175,0,11,112,6672677,110,6357585,305,0,0,0,0,0,0,0
1786372997302,2722016,1861596,2114508,385536,8388604,0,175,0,11,112,6672677,110,6357585,305,0,0,0,0,0,0,0
1786372997563,2722016,1861596,2114508,385536,8388604,0,175,0,11,112,6672677,110,6357585,305,0,0,0,0,0,0,0
1786372997815,2722016,1861596,2114508,385536,8388604,0,175,0,11,112,6672677,110,6357585,305,0,0,0,0,0,0,0
1786372998067,2722016,1861596,2114516,385536,8388604,0,175,0,11,112,6677967,110,6362793,305,0,0,0,0,0,0,0
1786372998328,2703456,1849580,2102508,385544,8388604,0,175,0,11,112,6695324,110,6380150,305,0,0,0,0,0,0,0
1786372998579,2703456,1849548,2102512,385596,8388604,0,175,0,11,129,6708443,127,6393230,305,0,0,0,0,0,0,0
1786372998840,2703456,1847492,2100720,385804,8388604,0,175,0,11,129,6743633,127,6426990,305,0,0,0,0,0,0,0
1786372999090,2703456,1769724,2066620,429464,8388604,0,175,0,11,129,6743633,127,6426990,305,0,0,0,0,0,0,0
1786372999341,2703456,1787620,2040892,385848,8388604,0,175,0,11,129,6765505,127,6448581,305,0,0,0,0,0,0,0
1786372999592,2759876,1803296,2056504,385828,8388604,0,175,0,11,129,6775612,127,6457158,305,0,0,0,0,0,0,0
1786372999843,2759876,1803296,2056508,385836,8388604,0,175,0,11,129,6775612,127,6457158,305,0,0,0,0,0,0,0
1786373000105,2759876,1803296,2056508,385836,8388604,0,175,0,11,129,6775612,127,6457158,305,0,0,0,0,0,0,0
1786373000356,2759876,1805384,2058596,385836,8388604,0,175,0,11,129,6775612,127,6457158,305,0,0,0,0,0,0,0
1786373000608,2759876,1813448,2066676,385828,8388604,0,175,0,11,160,6775612,158,6457158,305,0,0,0,0,0,0,0
1786373000860,2793052,1842932,2096160,385840,8388604,0,175,0,11,160,6792359,158,6473893,305,0,0,0,0,0,0,0
1786373001111,2793052,1842932,2096160,385844,8388604,0,175,0,11,160,6792359,158,6473893,305,0,0,0,0,0,0,0
1786373001371,2793052,1842932,2096164,385844,8388604,0,175,0,11,160,6792359,158,6473893,305,0,0,0,0,0,0,0
1786373001630,2793052,1842932,2096152,385844,8388604,0,175,0,11,160,6792359,158,6473893,305,0,0,0,0,0,0,0
1786373001881,2793052,1842932,2096152,385844,8388604,0,175,0,11,160,6792359,158,6473893,305,0,0,0,0,0,0,0
1786373002142,2793052,1843192,2096420,385856,8388604,0,175,0,11,160,6809331,158,6490633,305,0,0,0,0,0,0,0
1786373002400,2793052,1855472,2108700,385856,8388604,0,175,0,11,149,6809331,147,6490633,305,0,0,0,0,0,0,0
1786373002661,2793052,1855472,2108700,385856,8388604,0,175,0,11,149,6809331,147,6490633,305,0,0,0,0,0,0,0
1786373002915,2793052,1855472,2108700,385856,8388604,0,175,0,11,149,6809331,147,6490633,305,0,0,0,0,0,0,0
1786373003167,2793052,1863536,2116764,385856,8388604,0,175,0,11,149,6809331,147,6490633,305,0,0,0,0,0,0,0
1786373003423,2762172,1868420,2121688,385868,8388604,0,175,0,11,149,6822043,147,6503198,305,0,0,0,0,0,0,0
1786373003680,2762172,1868420,2121696,385872,8388604,0,175,0,11,149,6822043,147,6503198,305,0,0,0,0,0,0,0
1786373003932,2762172,1868420,2121696,385872,8388604,0,175,0,11,149,6822043,147,6503198,305,0,0,0,0,0,0,0
1786373004185,2762172,1868420,2121696,385872,8388604,0,175,0,11,149,6822043,147,6503198,305,0,0,0,0,0,0,0
1786373004439,2762172,1869404,2122680,385876,8388604,0,175,0,11,122,6823719,121,6504874,305,0,0,0,0,0,0,0
1786373004700,2762172,1873548,2126836,385888,8388604,0,175,0,11,122,6860819,121,6540915,305,0,0,0,0,0,0,0
1786373004960,2762172,1873548,2126836,385896,8388604,0,175,0,11,122,6860819,121,6540915,305,0,0,0,0,0,0,0
1786373005217,2762172,1873548,2126836,385896,8388604,0,175,0,11,122,6860819,121,6540915,305,0,0,0,0,0,0,0
1786373005474,2762172,1874360,2127648,385896,8388604,0,175,0,11,122,6860819,121,6540915,305,0,0,0,0,0,0,0
1786373005728,2762172,1874360,2127656,385896,8388604,0,175,0,11,122,6860819,121,6540915,305,0,0,0,0,0,0,0
1786373005989,2729096,1845060,2098364,385904,8388604,0,175,0,11,122,6874755,121,6554825,305,0,0,0,0,0,0,0
1786373006241,2729096,1845672,2098988,385912,8388604,0,175,0,11,122,6874755,121,6554825,305,0,0,0,0,0,0,0
1786373006493,2729096,1850716,2104032,385912,8388604,0,175,0,11,136,6874755,135,6554825,305,0,0,0,0,0,0,0
1786373006746,2729096,1850716,2104032,385912,8388604,0,175,0,11,136,6874755,135,6554825,305,0,0,0,0,0,0,0
1786373007000,2729096,1850716,2104032,385912,8388604,0,175,0,11,136,6874755,135,6554825,305,0,0,0,0,0,0,0
1786373007253,2729096,1860056,2113380,385920,8388604,0,175,0,11,136,6890507,135,6570564,305,0,0,0,0,0,0,0
1786373007505,2729096,1860056,2113384,385928,8388604,0,175,0,11,136,6890507,135,6570564,305,0,0,0,0,0,0,0
1786373007761,2729096,1860056,2113384,385928,8388604,0,175,0,11,136,6890507,135,6570564,305,0,0,0,0,0,0,0
1786373008021,2729096,1860056,2113384,385928,8388604,0,175,0,11,136,6890507,135,6570564,305,0,0,0,0,0,0,0
1786373008278,2729096,1860056,2113384,385928,8388604,0,175,0,11,136,6890507,135,6570564,305,0,0,0,0,0,0,0
1786373008533,2706176,1846616,2099972,385944,8388604,0,175,0,11,129,6914398,128,6593739,305,0,0,0,0,0,0,0
1786373008785,2706176,1846616,2099972,385944,8388604,0,175,0,11,129,6914398,128,6593739,305,0,0,0,0,0,0,0
1786373009046,2706176,1846616,2099972,385944,8388604,0,175,0,11,129,6914398,128,6593739,305,0,0,0,0,0,0,0
1786373009304,2706176,1851168,2104524,385944,8388604,0,175,0,11,129,6914398,128,6593739,305,0,0,0,0,0,0,0
1786373009557,2706176,1854128,2107520,385976,8388604,0,175,0,11,129,6924899,128,6604189,305,0,0,0,0,0,0,0
1786373009807,2706176,1804348,2058380,386580,8388604,0,175,0,11,129,6970254,128,6647585,305,0,0,0,0,0,0,0
1786373010058,2744680,1785476,2082776,429860,8388604,0,175,0,11,129,6978733,128,6653786,305,0,0,0,0,0,0,0
1786373010313,2744680,1817824,2071484,386232,8388604,0,175,0,11,129,6995242,128,6669985,305,0,0,0,0,0,0,0
1786373010570,2744680,1817824,2071484,386232,8388604,0,175,0,11,178,6995242,178,6669985,305,0,0,0,0,0,0,0
1786373010829,2744680,1817824,2071484,386232,8388604,0,175,0,11,178,6995242,178,6669985,305,0,0,0,0,0,0,0
1786373011080,2744680,1816060,2069744,386260,8388604,0,175,0,11,178,7009541,178,6684279,305,0,0,0,0,0,0,0
1786373011341,2772236,1848436,2102100,386240,8388604,0,175,0,11,178,7018475,178,6692060,305,0,0,0,0,0,0,0
1786373011595,2772236,1848436,2102100,386248,8388604,0,175,0,11,178,7018475,178,6692060,305,0,0,0,0,0,0,0
1786373011848,2772236,1848436,2102100,386248,8388604,0,175,0,11,178,7018475,178,6692060,305,0,0,0,0,0,0,0
1786373012105,2772236,1848436,2102100,386248,8388604,0,175,0,11,178,7018475,178,6692060,305,0,0,0,0,0,0,0
1786373012356,2772236,1851848,2105524,386256,8388604,0,175,0,11,178,7019804,178,6693356,305,0,0,0,0,0,0,0
1786373012607,2772236,1851860,2105536,386264,8388604,0,175,0,11,182,7043691,182,6716714,305,0,0,0,0,0,0,0
1786373012868,2772236,1851932,2105596,386264,8388604,0,175,0,11,182,7043691,182,6716714,305,0,0,0,0,0,0,0
1786373013123,2772236,1851932,2105596,386264,8388604,0,175,0,11,182,7043691,182,6716714,305,0,0,0,0,0,0,0
1786373013375,2772236,1856584,2110248,386264,8388604,0,175,0,11,182,7043691,182,6716714,305,0,0,0,0,0,0,0
1786373013626,2772236,1856248,2109928,386264,8388604,0,175,0,11,182,7043691,182,6716714,305,0,0,0,0,0,0,0
1786373013877,2772236,1858380,2112064,386284,8388604,0,175,0,11,182,7061566,182,6734589,305,0,0,0,0,0,0,0
1786373014131,2772236,1858380,2112064,386284,8388604,0,175,0,11,182,7061566,182,6734589,305,0,0,0,0,0,0,0
1786373014382,2772236,1862012,2115696,386288,8388604,0,175,0,11,185,7086453,185,6759450,305,0,0,0,0,0,0,0
1786373014635,2772236,1862012,2115696,386288,8388604,0,175,0,11,185,7086453,185,6759450,305,0,0,0,0,0,0,0
1786373014886,2772236,1860752,2114448,386288,8388604,0,175,0,11,185,7086453,185,6759450,305,0,0,0,0,0,0,0
1786373015142,2772236,1859660,2113364,386304,8388604,0,175,0,11,185,7101322,185,6774319,305,0,0,0,0,0,0,0
1786373015398,2772236,1862748,2116452,386304,8388604,0,175,0,11,185,7101322,185,6774319,305,0,0,0,0,0,0,0
1786373015659,2772236,1862748,2116452,386304,8388604,0,175,0,11,185,7101322,185,6774319,305,0,0,0,0,0,0,0
1786373015918,2772236,1862748,2116452,386304,8388604,0,175,0,11,185,7101322,185,6774319,305,0,0,0,0,0,0,0
1786373016170,2772236,1865948,2119664,386304,8388604,0,175,0,11,185,7101579,185,6774575,305,0,0,0,0,0,0,0
1786373016423,2750256,1867600,2121320,386316,8388604,0,175,0,11,170,7116275,169,6789162,305,0,0,0,0,0,0,0
1786373016675,2750256,1867600,2121320,386320,8388604,0,175,0,11,170,7116275,169,6789162,305,0,0,0,0,0,0,0
1786373016927,2750256,1867600,2121320,386320,8388604,0,175,0,11,170,7116275,169,6789162,305,0,0,0,0,0,0,0
1786373017184,2750256,1867600,2121320,386320,8388604,0,175,0,11,170,7116275,169,6789162,305,0,0,0,0,0,0,0
1786373017440,2750256,1867992,2121712,386320,8388604,0,175,0,11,170,7116275,169,6789162,305,0,0,0,0,0,0,0
1786373017701,2750256,1865724,2119452,386328,8388604,0,175,0,11,170,7131468,169,6804354,305,0,0,0,0,0,0,0
1786373017962,2750256,1865500,2119240,386336,8388604,0,175,0,11,170,7142786,169,6811718,305,0,0,0,0,0,0,0
1786373018214,2750256,1865500,2119240,386336,8388604,0,175,0,11,170,7142786,169,6811718,305,0,0,0,0,0,0,0
1786373018466,2750256,1865500,2119240,386336,8388604,0,175,0,11,157,7142786,157,6811718,305,0,0,0,0,0,0,0
1786373018726,2750256,1865500,2119240,386336,8388604,0,175,0,11,157,7142786,157,6811718,305,0,0,0,0,0,0,0
1786373018982,2729788,1839796,2093544,386344,8388604,0,175,0,11,157,7161531,157,6829324,305,0,0,0,0,0,0,0
1786373019240,2729788,1839796,2093548,386348,8388604,0,175,0,11,157,7161531,157,6829324,305,0,0,0,0,0,0,0
1786373019493,2729788,1841284,2095036,386348,8388604,0,175,0,11,157,7161531,157,6829324,305,0,0,0,0,0,0,0
1786373019745,2729788,1841284,2095036,386348,8388604,0,175,0,11,157,7161531,157,6829324,305,0,0,0,0,0,0,0
1786373019999,2729788,1841284,2095036,386348,8388604,0,175,0,11,157,7161531,157,6829324,305,0,0,0,0,0,0,0
1786373020256,2729788,1847540,2101300,386360,8388604,0,175,0,11,157,7177601,157,6845361,305,0,0,0,0,0,0,0
1786373020506,2729788,1847896,2101664,386372,8388604,0,175,0,11,146,7177601,146,6845361,305,0,0,0,0,0,0,0
1786373020757,2729788,1801412,2055548,386684,8388604,0,175,0,11,146,7227668,146,6894175,305,0,0,0,0,0,0,0
1786373021008,2729788,1713544,2011252,430276,8388604,0,175,0,11,146,7228970,146,6895453,305,0,0,0,0,0,0,0
1786373021260,2729788,1757148,2011204,386632,8388604,0,175,0,11,146,7235608,146,6901966,305,0,0,0,0,0,0,0
1786373021521,2732860,1756672,2010732,386644,8388604,0,175,0,11,146,7254392,146,6920244,305,0,0,0,0,0,0,0
1786373021782,2816120,1780560,2034592,386644,8388604,0,175,0,11,146,7254392,146,6920244,305,0,0,0,0,0,0,0
1786373022036,2816120,1780560,2034600,386652,8388604,0,175,0,11,146,7254392,146,6920244,305,0,0,0,0,0,0,0
1786373022293,2816120,1796568,2050608,386652,8388604,0,175,0,11,146,7254392,146,6920244,305,0,0,0,0,0,0,0
1786373022547,2816120,1797124,2051164,386652,8388604,0,175,0,11,174,7254392,174,6920244,305,0,0,0,0,0,0,0
1786373022798,2827384,1813752,2067816,386668,8388604,0,175,0,11,174,7263723,174,6929565,305,0,0,0,0,0,0,0
1786373023051,2856540,1846032,2100096,386668,8388604,0,175,0,11,174,7263723,174,6929565,305,0,0,0,0,0,0,0
1786373023313,2856540,1855140,2109204,386668,8388604,0,175,0,11,174,7263723,174,6929565,305,0,0,0,0,0,0,0
1786373023571,2856540,1855140,2109204,386668,8388604,0,175,0,11,174,7263723,174,6929565,305,0,0,0,0,0,0,0
1786373023831,2856540,1866516,2120568,386668,8388604,0,175,0,11,174,7263723,174,6929565,305,0,0,0,0,0,0,0
1786373024090,2856540,1863492,2117552,386684,8388604,0,175,0,11,174,7281376,174,6946856,305,0,0,0,0,0,0,0
1786373024345,2856540,1864576,2118636,386684,8388604,0,175,0,11,174,7281376,174,6946856,305,0,0,0,0,0,0,0
1786373024599,2856540,1870284,2124352,386688,8388604,0,175,0,11,161,7281376,161,6946856,305,0,0,0,0,0,0,0
1786373024852,2856540,1870284,2124352,386688,8388604,0,175,0,11,161,7281376,161,6946856,305,0,0,0,0,0,0,0
1786373025107,2856540,1870284,2124352,386688,8388604,0,175,0,11,161,7281376,161,6946856,305,0,0,0,0,0,0,0
1786373025359,2856540,1892184,2146280,386712,8388604,0,175,0,11,161,7293603,161,6959083,305,0,0,0,0,0,0,0
1786373025613,2808792,1881536,2135628,386704,8388604,0,175,0,11,161,7293603,161,6959083,305,0,0,0,0,0,0,0
1786373025868,2808792,1881536,2135632,386704,8388604,0,175,0,11,161,7293603,161,6959083,305,0,0,0,0,0,0,0
1786373026125,2808792,1881536,2135632,386704,8388604,0,175,0,11,161,7321464,161,6986124,305,0,0,0,0,0,0,0
1786373026379,2808792,1888144,2142240,386704,8388604,0,175,0,11,168,7321464,168,6986124,305,0,0,0,0,0,0,0
1786373026630,2808792,1889200,2143316,386716,8388604,0,175,0,11,168,7339478,168,7002865,305,0,0,0,0,0,0,0
1786373026882,2808792,1889344,2143464,386716,8388604,0,175,0,11,168,7339478,168,7002865,305,0,0,0,0,0,0,0
1786373027144,2808792,1889344,2143464,386716,8388604,0,175,0,11,168,7339478,168,7002865,305,0,0,0,0,0,0,0
1786373027400,2808792,1900812,2154932,386716,8388604,0,175,0,11,168,7339478,168,7002865,305,0,0,0,0,0,0,0
1786373027652,2808792,1900812,2154932,386716,8388604,0,175,0,11,168,7339478,168,7002865,305,0,0,0,0,0,0,0
1786373027904,2808792,1905924,2160068,386744,8388604,0,175,0,11,168,7357600,168,7020987,305,0,0,0,0,0,0,0
1786373028163,2747356,1841728,2095860,386728,8388604,0,175,0,11,168,7357600,168,7020987,305,0,0,0,0,0,0,0
1786373028420,2747356,1847060,2101192,386728,8388604,0,175,0,11,155,7357600,155,7020987,305,0,0,0,0,0,0,0
1786373028680,2747356,1847060,2101192,386728,8388604,0,175,0,11,155,7357600,155,7020987,305,0,0,0,0,0,0,0
1786373028941,2747356,1847060,2101192,386728,8388604,0,175,0,11,155,7357600,155,7020987,305,0,0,0,0,0,0,0
1786373029193,2747356,1864776,2118940,386756,8388604,0,175,0,11,155,7376116,155,7039048,305,0,0,0,0,0,0,0
1786373029444,2747356,1865000,2119148,386744,8388604,0,175,0,11,155,7376116,155,7039048,305,0,0,0,0,0,0,0
1786373029700,2747356,1865000,2119148,386744,8388604,0,175,0,11,155,7376116,155,7039048,305,0,0,0,0,0,0,0
1786373029952,2747356,1865000,2119148,386744,8388604,0,175,0,11,155,7376116,155,7039048,305,0,0,0,0,0,0,0
1786373030207,2747356,1865632,2119780,386744,8388604,0,175,0,11,155,7376116,155,7039048,305,0,0,0,0,0,0,0
1786373030458,2747356,1868236,2122416,386772,8388604,0,175,0,11,145,7391041,145,7053933,305,0,0,0,0,0,0,0
1786373030709,2722092,1853060,2107228,386764,8388604,0,175,0,11,145,7391041,145,7053933,305,0,0,0,0,0,0,0
1786373030962,2722092,1853060,2107228,386764,8388604,0,175,0,11,145,7391041,145,7053933,305,0,0,0,0,0,0,0
1786373031218,2722092,1854012,2108180,386764,8388604,0,175,0,11,145,7391041,145,7053933,305,0,0,0,0,0,0,0
1786373031471,2722092,1859120,2113288,386764,8388604,0,175,0,11,145,7391041,145,7053933,305,0,0,0,0,0,0,0
1786373031722,2722092,1808000,2105696,430252,8388604,0,175,0,11,145,7431595,145,7093286,305,0,0,0,0,0,0,0
1786373031973,2739588,1769900,2068072,430684,8388604,0,175,0,11,145,7455188,145,7113589,305,0,0,0,0,0,0,0
1786373032223,2739588,1792780,2047312,387048,8388604,0,175,0,11,145,7470257,145,7128289,305,0,0,0,0,0,0,0
1786373032474,2739588,1792780,2047308,387048,8388604,0,175,0,11,191,7470257,191,7128289,305,0,0,0,0,0,0,0
1786373032734,2739588,1792780,2047308,387048,8388604,0,175,0,11,191,7470257,191,7128289,305,0,0,0,0,0,0,0
1786373032987,2739588,1792780,2047308,387048,8388604,0,175,0,11,191,7470257,191,7128289,305,0,0,0,0,0,0,0
1786373033248,2789632,1792556,2047088,387056,8388604,0,175,0,11,191,7490496,191,7148080,305,0,0,0,0,0,0,0
1786373033504,2789632,1792556,2047088,387060,8388604,0,175,0,11,191,7490496,191,7148080,305,0,0,0,0,0,0,0
1786373033759,2789632,1795392,2049924,387060,8388604,0,175,0,11,191,7490496,191,7148080,305,0,0,0,0,0,0,0
1786373034021,2789632,1795392,2049924,387064,8388604,0,175,0,11,191,7490496,191,7148080,305,0,0,0,0,0,0,0
1786373034273,2789632,1797604,2052136,387064,8388604,0,175,0,11,191,7490496,191,7148080,305,0,0,0,0,0,0,0
1786373034531,2835036,1842404,2096944,387080,8388604,0,175,0,11,193,7512166,175,7166772,305,0,0,0,0,0,0,0
1786373034789,2835036,1842404,2096932,387080,8388604,0,175,0,11,193,7512166,175,7166772,305,0,0,0,0,0,0,0
1786373035045,2835036,1842404,2096932,387080,8388604,0,175,0,11,193,7512166,175,7166772,305,0,0,0,0,0,0,0
1786373035304,2835036,1844376,2098912,387080,8388604,0,175,0,11,193,7512166,175,7166772,305,0,0,0,0,0,0,0
1786373035564,2835036,1851540,2106076,387080,8388604,0,175,0,11,193,7512166,175,7166772,305,0,0,0,0,0,0,0
1786373035823,2835036,1857876,2112420,387096,8388604,0,175,0,11,193,7528007,175,7182612,305,0,0,0,0,0,0,0
1786373036077,2835036,1857876,2112420,387096,8388604,0,175,0,11,193,7528007,175,7182612,305,0,0,0,0,0,0,0
1786373036329,2835036,1863300,2117844,387096,8388604,0,175,0,11,193,7528007,175,7182612,305,0,0,0,0,0,0,0
1786373036589,2835036,1863300,2117844,387096,8388604,0,175,0,11,158,7528007,143,7182612,305,0,0,0,0,0,0,0
1786373036841,2835036,1863300,2117844,387096,8388604,0,175,0,11,158,7528007,143,7182612,305,0,0,0,0,0,0,0
1786373037093,2813872,1864676,2119244,387112,8388604,0,175,0,11,158,7549367,143,7203444,305,0,0,0,0,0,0,0
1786373037345,2813872,1875788,2130356,387112,8388604,0,175,0,11,158,7549367,143,7203444,305,0,0,0,0,0,0,0
1786373037600,2813872,1876672,2131240,387112,8388604,0,175,0,11,158,7549367,143,7203444,305,0,0,0,0,0,0,0
1786373037858,2813872,1876672,2131240,387112,8388604,0,175,0,11,158,7549367,143,7203444,305,0,0,0,0,0,0,0
1786373038112,2813872,1876672,2131240,387112,8388604,0,175,0,11,158,7549367,143,7203444,305,0,0,0,0,0,0,0
1786373038367,2813872,1881564,2136144,387128,8388604,0,175,0,11,158,7566837,143,7220849,305,0,0,0,0,0,0,0
1786373038625,2813872,1881564,2136144,387132,8388604,0,175,0,11,147,7566837,135,7220849,305,0,0,0,0,0,0,0
1786373038878,2813872,1881564,2136144,387132,8388604,0,175,0,11,147,7566837,135,7220849,305,0,0,0,0,0,0,0
1786373039130,2813872,1881564,2136144,387132,8388604,0,175,0,11,147,7566837,135,7220849,305,0,0,0,0,0,0,0
1786373039385,2813872,1889900,2144480,387132,8388604,0,175,0,11,147,7566837,135,7220849,305,0,0,0,0,0,0,0
1786373039643,2813872,1891468,2146068,387144,8388604,0,175,0,11,147,7581807,135,7234664,305,0,0,0,0,0,0,0
1786373039900,2765976,1876048,2130652,387148,8388604,0,175,0,11,147,7581807,135,7234664,305,0,0,0,0,0,0,0
1786373040158,2765976,1876048,2130652,387148,8388604,0,175,0,11,147,7581807,135,7234664,305,0,0,0,0,0,0,0
1786373040411,2765976,1880400,2135004,387148,8388604,0,175,0,11,120,7581807,110,7234664,305,0,0,0,0,0,0,0
1786373040666,2765976,1880400,2135004,387148,8388604,0,175,0,11,120,7581807,110,7234664,305,0,0,0,0,0,0,0
1786373040918,2765976,1882644,2137260,387164,8388604,0,175,0,11,120,7594525,110,7247382,305,0,0,0,0,0,0,0
1786373041176,2765976,1882640,2137256,387164,8388604,0,175,0,11,120,7594525,110,7247382,305,0,0,0,0,0,0,0
1786373041428,2765976,1886328,2140944,387164,8388604,0,175,0,11,120,7594525,110,7247382,305,0,0,0,0,0,0,0
1786373041682,2765976,1886328,2140944,387164,8388604,0,175,0,11,120,7594525,110,7247382,305,0,0,0,0,0,0,0
1786373041938,2765976,1886328,2140944,387164,8388604,0,175,0,11,120,7594525,110,7247382,305,0,0,0,0,0,0,0
1786373042190,2765976,1891716,2146352,387176,8388604,0,175,0,11,120,7607676,110,7260525,305,0,0,0,0,0,0,0
1786373042449,2719404,1843624,2098256,387176,8388604,0,175,0,11,117,7607676,108,7260525,305,0,0,0,0,0,0,0
1786373042701,2719404,1780684,2078516,430536,8388604,0,175,0,11,117,7644375,108,7295010,305,0,0,0,0,0,0,0
1786373042952,2719404,1738992,2037372,430916,8388604,0,175,0,11,117,7659710,108,7308607,305,0,0,0,0,0,0,0
1786373043203,2719404,1767216,2022132,387444,8388604,0,175,0,11,117,7670521,108,7319233,305,0,0,0,0,0,0,0
1786373043457,2719404,1767348,2022280,387456,8388604,0,175,0,11,117,7690556,108,7338437,305,0,0,0,0,0,0,0
1786373043718,2794260,1823796,2078728,387456,8388604,0,175,0,11,117,7690556,108,7338437,305,0,0,0,0,0,0,0
1786373043976,2794260,1823796,2078732,387464,8388604,0,175,0,11,117,7690556,108,7338437,305,0,0,0,0,0,0,0
1786373044229,2794260,1826796,2081732,387464,8388604,0,175,0,11,117,7690556,108,7338437,305,0,0,0,0,0,0,0
1786373044487,2794260,1830812,2085748,387464,8388604,0,175,0,11,168,7690556,143,7338437,305,0,0,0,0,0,0,0
1786373044738,2794260,1833180,2088124,387476,8388604,0,175,0,11,168,7706533,143,7353229,305,0,0,0,0,0,0,0
1786373044993,2794260,1833248,2088192,387480,8388604,0,175,0,11,168,7706533,143,7353229,305,0,0,0,0,0,0,0
1786373045253,2794260,1840840,2095784,387480,8388604,0,175,0,11,168,7706533,143,7353229,305,0,0,0,0,0,0,0
1786373045508,2794260,1844808,2099752,387480,8388604,0,175,0,11,168,7706533,143,7353229,305,0,0,0,0,0,0,0
1786373045764,2794260,1847020,2101952,387480,8388604,0,175,0,11,168,7706533,143,7353229,305,0,0,0,0,0,0,0
1786373046016,2794260,1846324,2101288,387516,8388604,0,175,0,11,168,7721748,143,7368118,305,0,0,0,0,0,0,0
1786373046269,2794260,1851196,2106148,387492,8388604,0,175,0,11,168,7721748,143,7368118,305,0,0,0,0,0,0,0
1786373046525,2794260,1858300,2113252,387500,8388604,0,175,0,11,174,7743380,153,7389728,305,0,0,0,0,0,0,0
1786373046779,2794260,1858300,2113252,387500,8388604,0,175,0,11,174,7743380,153,7389728,305,0,0,0,0,0,0,0
1786373047034,2794260,1858300,2113252,387500,8388604,0,175,0,11,174,7743380,153,7389728,305,0,0,0,0,0,0,0
1786373047285,2794260,1867132,2122104,387512,8388604,0,175,0,11,174,7749828,153,7396096,305,0,0,0,0,0,0,0
1786373047546,2770476,1867684,2122656,387512,8388604,0,175,0,11,174,7758960,153,7404347,305,0,0,0,0,0,0,0
1786373047799,2770476,1867684,2122656,387516,8388604,0,175,0,11,174,7758960,153,7404347,305,0,0,0,0,0,0,0
1786373048052,2770476,1867684,2122656,387516,8388604,0,175,0,11,174,7758960,153,7404347,305,0,0,0,0,0,0,0
1786373048304,2770476,1870392,2125364,387516,8388604,0,175,0,11,174,7758960,153,7404347,305,0,0,0,0,0,0,0
1786373048555,2770476,1870140,2125124,387524,8388604,0,175,0,11,142,7769763,125,7415149,305,0,0,0,0,0,0,0
1786373048810,2770476,1870140,2125124,387524,8388604,0,175,0,11,142,7772195,125,7417582,305,0,0,0,0,0,0,0
1786373049064,2770476,1870140,2125124,387532,8388604,0,175,0,11,142,7772195,125,7417582,305,0,0,0,0,0,0,0
1786373049318,2770476,1873744,2128728,387532,8388604,0,175,0,11,142,7772195,125,7417582,305,0,0,0,0,0,0,0
1786373049571,2770476,1873744,2128728,387532,8388604,0,175,0,11,142,7772195,125,7417582,305,0,0,0,0,0,0,0
1786373049826,2770476,1873492,2128484,387536,8388604,0,175,0,11,142,7776776,125,7422163,305,0,0,0,0,0,0,0
1786373050087,2739872,1865100,2120100,387540,8388604,0,175,0,11,142,7797049,125,7442143,305,0,0,0,0,0,0,0
1786373050338,2739872,1866984,2121984,387544,8388604,0,175,0,11,142,7797049,125,7442143,305,0,0,0,0,0,0,0
1786373050591,2739872,1866984,2121984,387544,8388604,0,175,0,11,134,7797049,121,7442143,305,0,0,0,0,0,0,0
1786373050844,2739872,1866984,2121984,387544,8388604,0,175,0,11,134,7797049,121,7442143,305,0,0,0,0,0,0,0
1786373051097,2739872,1866732,2121740,387544,8388604,0,175,0,11,134,7797049,121,7442143,305,0,0,0,0,0,0,0
1786373051347,2739872,1866756,2121768,387560,8388604,0,175,0,11,134,7820435,121,7465520,305,0,0,0,0,0,0,0
1786373051603,2739872,1866756,2121768,387560,8388604,0,175,0,11,134,7820435,121,7465520,305,0,0,0,0,0,0,0
1786373051857,2739872,1866756,2121768,387560,8388604,0,175,0,11,134,7820435,121,7465520,305,0,0,0,0,0,0,0
1786373052114,2739872,1866756,2121768,387560,8388604,0,175,0,11,134,7820435,121,7465520,305,0,0,0,0,0,0,0
1786373052365,2739872,1867688,2122712,387560,8388604,0,175,0,11,134,7820435,121,7465520,305,0,0,0,0,0,0,0
1786373052622,2715624,1843548,2098584,387576,8388604,0,175,0,11,128,7835296,117,7480376,305,0,0,0,0,0,0,0
1786373052876,2715624,1843548,2098584,387576,8388604,0,175,0,11,128,7835296,117,7480376,305,0,0,0,0,0,0,0
1786373053129,2715624,1843548,2098584,387576,8388604,0,175,0,11,128,7835296,117,7480376,305,0,0,0,0,0,0,0
1786373053390,2715624,1844148,2099184,387576,8388604,0,175,0,11,128,7835296,117,7480376,305,0,0,0,0,0,0,0
1786373053641,2715624,1802680,2093804,423768,8388604,0,175,0,11,128,7854437,117,7497576,305,0,0,0,0,0,0,0
1786373053892,2725864,1770500,2069328,431352,8388604,0,175,0,11,128,7899229,117,7540700,305,0,0,0,0,0,0,0
1786373054143,2735224,1764948,2020464,388040,8388604,0,175,0,11,128,7899238,117,7540708,305,0,0,0,0,0,0,0
1786373054394,2735224,1768620,2023956,387864,8388604,0,175,0,11,177,7917377,168,7558242,305,0,0,0,0,0,0,0
1786373054655,2735224,1768620,2023956,387864,8388604,0,175,0,11,177,7917377,168,7558242,305,0,0,0,0,0,0,0
1786373054917,2735224,1768620,2023956,387864,8388604,0,175,0,11,177,7917377,168,7558242,305,0,0,0,0,0,0,0
1786373055172,2735224,1773652,2029000,387876,8388604,0,175,0,11,177,7943820,168,7583646,305,0,0,0,0,0,0,0
1786373055433,2808396,1824028,2079384,387884,8388604,0,175,0,11,177,7943820,168,7583646,305,0,0,0,0,0,0,0
1786373055688,2808396,1824028,2079384,387884,8388604,0,175,0,11,177,7943820,168,7583646,305,0,0,0,0,0,0,0
1786373055942,2808396,1824028,2079384,387884,8388604,0,175,0,11,177,7943820,168,7583646,305,0,0,0,0,0,0,0
1786373056201,2808396,1827780,2083136,387884,8388604,0,175,0,11,177,7943820,168,7583646,305,0,0,0,0,0,0,0
1786373056453,2808396,1837368,2092736,387900,8388604,0,175,0,11,181,7958046,156,7597868,305,0,0,0,0,0,0,0
1786373056709,2808396,1839024,2094380,387900,8388604,0,175,0,11,181,7974176,156,7613757,305,0,0,0,0,0,0,0
1786373056968,2808396,1839024,2094380,387900,8388604,0,175,0,11,181,7974176,156,7613757,305,0,0,0,0,0,0,0
1786373057224,2808396,1839024,2094380,387900,8388604,0,175,0,11,181,7974176,156,7613757,305,0,0,0,0,0,0,0
1786373057480,2808396,1846996,2102352,387900,8388604,0,175,0,11,181,7974176,156,7613757,305,0,0,0,0,0,0,0
1786373057733,2808396,1854944,2110332,387924,8388604,0,175,0,11,181,7998114,156,7636135,305,0,0,0,0,0,0,0
1786373057994,2808396,1854920,2110292,387912,8388604,0,175,0,11,181,7998114,156,7636135,305,0,0,0,0,0,0,0
1786373058247,2808396,1861480,2116852,387912,8388604,0,175,0,11,181,7998114,156,7636135,305,0,0,0,0,0,0,0
1786373058513,2808396,1861480,2116852,387912,8388604,0,175,0,11,185,7998114,145,7636135,305,0,0,0,0,0,0,0
1786373058771,2808396,1861480,2116852,387912,8388604,0,175,0,11,185,7998114,145,7636135,305,0,0,0,0,0,0,0
1786373059022,2808396,1863748,2119156,387948,8388604,0,175,0,11,185,8010554,145,7648552,305,0,0,0,0,0,0,0
1786373059283,2788304,1869236,2124624,387928,8388604,0,175,0,11,185,8010554,145,7648552,305,0,0,0,0,0,0,0
1786373059539,2788304,1869236,2124624,387928,8388604,0,175,0,11,185,8010554,145,7648552,305,0,0,0,0,0,0,0
1786373059790,2788304,1869236,2124624,387928,8388604,0,175,0,11,185,8010554,145,7648552,305,0,0,0,0,0,0,0
1786373060048,2788304,1869236,2124624,387928,8388604,0,175,0,11,185,8010554,145,7648552,305,0,0,0,0,0,0,0
1786373060300,2788304,1878780,2134204,387956,8388604,0,175,0,11,185,8026175,145,7664133,305,0,0,0,0,0,0,0
1786373060559,2788304,1878824,2134224,387944,8388604,0,175,0,11,169,8026175,137,7664133,305,0,0,0,0,0,0,0
1786373060812,2788304,1878824,2134224,387944,8388604,0,175,0,11,169,8026175,137,7664133,305,0,0,0,0,0,0,0
1786373061067,2788304,1878824,2134224,387944,8388604,0,175,0,11,169,8026175,137,7664133,305,0,0,0,0,0,0,0
1786373061320,2788304,1882912,2138312,387944,8388604,0,175,0,11,169,8026175,137,7664133,305,0,0,0,0,0,0,0
1786373061571,2788304,1884152,2139584,387976,8388604,0,175,0,11,169,8041595,137,7679478,305,0,0,0,0,0,0,0
1786373061822,2745872,1852028,2107440,387956,8388604,0,175,0,11,169,8041595,137,7679478,305,0,0,0,0,0,0,0
1786373062077,2745872,1852028,2107440,387960,8388604,0,175,0,11,169,8041595,137,7679478,305,0,0,0,0,0,0,0
1786373062337,2745872,1854648,2110060,387960,8388604,0,175,0,11,169,8041595,137,7679478,305,0,0,0,0,0,0,0
1786373062595,2745872,1854648,2110060,387960,8388604,0,175,0,11,138,8041595,112,7679478,305,0,0,0,0,0,0,0
1786373062847,2745872,1854396,2109840,387988,8388604,0,175,0,11,138,8051505,112,7689289,305,0,0,0,0,0,0,0
1786373063098,2745872,1854144,2109568,387980,8388604,0,175,0,11,138,8054804,112,7692502,305,0,0,0,0,0,0,0
1786373063351,2745872,1857144,2112568,387980,8388604,0,175,0,11,138,8054804,112,7692502,305,0,0,0,0,0,0,0
1786373063604,2745872,1857144,2112568,387984,8388604,0,175,0,11,138,8054804,112,7692502,305,0,0,0,0,0,0,0
1786373063859,2745872,1857144,2112568,387984,8388604,0,175,0,11,138,8054804,112,7692502,305,0,0,0,0,0,0,0
1786373064111,2745872,1857144,2112592,387988,8388604,0,175,0,11,138,8060413,112,7697590,305,0,0,0,0,0,0,0
1786373064363,2745872,1859772,2115228,388000,8388604,0,175,0,11,138,8075570,112,7712744,305,0,0,0,0,0,0,0
1786373064615,2745872,1839108,2114804,408516,8388604,0,175,0,11,131,8088465,110,7725139,305,0,0,0,0,0,0,0
1786373064866,2745872,1849704,2105672,388464,8388604,0,175,0,11,131,8115519,110,7750953,305,0,0,0,0,0,0,0
1786373065117,2745872,1769900,2069324,431908,8388604,0,175,0,11,131,8115519,110,7750953,305,0,0,0,0,0,0,0
1786373065370,2745872,1809748,2065548,388292,8388604,0,175,0,11,131,8130220,110,7765619,305,0,0,0,0,0,0,0
1786373065623,2778524,1816580,2072364,388280,8388604,0,175,0,11,131,8137838,110,7772048,305,0,0,0,0,0,0,0
1786373065875,2778524,1816580,2072364,388280,8388604,0,175,0,11,131,8137838,110,7772048,305,0,0,0,0,0,0,0
1786373066132,2778524,1816580,2072364,388280,8388604,0,175,0,11,131,8137838,110,7772048,305,0,0,0,0,0,0,0
1786373066388,2778524,1818732,2074516,388280,8388604,0,175,0,11,131,8137838,110,7772048,305,0,0,0,0,0,0,0
1786373066641,2778524,1818584,2074368,388280,8388604,0,175,0,11,162,8137838,126,7772048,305,0,0,0,0,0,0,0
1786373066901,2800400,1848284,2104088,388296,8388604,0,175,0,11,162,8152337,126,7786227,305,0,0,0,0,0,0,0
1786373067158,2800400,1848284,2104088,388296,8388604,0,175,0,11,162,8152337,126,7786227,305,0,0,0,0,0,0,0
1786373067420,2800400,1852148,2107952,388296,8388604,0,175,0,11,162,8152337,126,7786227,305,0,0,0,0,0,0,0
1786373067674,2800400,1854108,2109900,388296,8388604,0,175,0,11,162,8152337,126,7786227,305,0,0,0,0,0,0,0
1786373067926,2800400,1854108,2109900,388296,8388604,0,175,0,11,162,8152337,126,7786227,305,0,0,0,0,0,0,0
1786373068180,2800400,1855092,2110900,388308,8388604,0,175,0,11,162,8173729,126,7807230,305,0,0,0,0,0,0,0
1786373068436,2800400,1858720,2114528,388312,8388604,0,175,0,11,150,8173729,121,7807230,305,0,0,0,0,0,0,0
1786373068689,2800400,1858720,2114528,388312,8388604,0,175,0,11,150,8173729,121,7807230,305,0,0,0,0,0,0,0
1786373068947,2800400,1858720,2114528,388312,8388604,0,175,0,11,150,8173729,121,7807230,305,0,0,0,0,0,0,0
1786373069198,2800400,1865576,2121384,388312,8388604,0,175,0,11,150,8173729,121,7807230,305,0,0,0,0,0,0,0
1786373069451,2775208,1868304,2124128,388324,8388604,0,175,0,11,150,8190800,121,7823781,305,0,0,0,0,0,0,0
1786373069709,2775208,1868304,2124128,388328,8388604,0,175,0,11,150,8190800,121,7823781,305,0,0,0,0,0,0,0
1786373069961,2775208,1868304,2124128,388328,8388604,0,175,0,11,150,8190800,121,7823781,305,0,0,0,0,0,0,0
1786373070213,2775208,1872828,2128652,388328,8388604,0,175,0,11,150,8190800,121,7823781,305,0,0,0,0,0,0,0
1786373070464,2775208,1872680,2128504,388328,8388604,0,175,0,11,123,8190800,99,7823781,305,0,0,0,0,0,0,0
1786373070723,2775208,1871848,2127680,388336,8388604,0,175,0,11,123,8212277,99,7844740,305,0,0,0,0,0,0,0
1786373070981,2775208,1871848,2127688,388344,8388604,0,175,0,11,123,8212277,99,7844740,305,0,0,0,0,0,0,0
1786373071237,2775208,1871848,2127688,388344,8388604,0,175,0,11,123,8212277,99,7844740,305,0,0,0,0,0,0,0
1786373071498,2775208,1875504,2131344,388344,8388604,0,175,0,11,123,8212277,99,7844740,305,0,0,0,0,0,0,0
1786373071751,2775208,1875356,2131196,388344,8388604,0,175,0,11,123,8212277,99,7844740,305,0,0,0,0,0,0,0
1786373072006,2739748,1836612,2092460,388364,8388604,0,175,0,11,123,8230262,99,7861595,305,0,0,0,0,0,0,0
1786373072259,2739748,1839680,2095528,388364,8388604,0,175,0,11,123,8230262,99,7861595,305,0,0,0,0,0,0,0
1786373072519,2739748,1839680,2095528,388364,8388604,0,175,0,11,119,8230262,99,7861595,305,0,0,0,0,0,0,0
1786373072777,2739748,1839680,2095528,388364,8388604,0,175,0,11,119,8230262,99,7861595,305,0,0,0,0,0,0,0
1786373073029,2739748,1839932,2095780,388364,8388604,0,175,0,11,119,8230262,99,7861595,305,0,0,0,0,0,0,0
1786373073280,2739748,1844776,2100648,388376,8388604,0,175,0,11,119,8265684,99,7896801,305,0,0,0,0,0,0,0
1786373073531,2739748,1844776,2100652,388380,8388604,0,175,0,11,119,8265684,99,7896801,305,0,0,0,0,0,0,0
1786373073786,2739748,1844776,2100652,388380,8388604,0,175,0,11,119,8265684,99,7896801,305,0,0,0,0,0,0,0
1786373074042,2739748,1844776,2100652,388380,8388604,0,175,0,11,119,8265684,99,7896801,305,0,0,0,0,0,0,0
1786373074300,2739748,1846192,2102068,388380,8388604,0,175,0,11,119,8265684,99,7896801,305,0,0,0,0,0,0,0
1786373074556,2739748,1849860,2105748,388396,8388604,0,175,0,11,114,8283037,99,7914006,305,0,0,0,0,0,0,0
1786373074816,2739748,1849860,2105748,388396,8388604,0,175,0,11,114,8283037,99,7914006,305,0,0,0,0,0,0,0
1786373075071,2739748,1849860,2105748,388396,8388604,0,175,0,11,114,8283037,99,7914006,305,0,0,0,0,0,0,0
1786373075326,2739748,1852228,2108116,388396,8388604,0,175,0,11,114,8283037,99,7914006,305,0,0,0,0,0,0,0
1786373075577,2739748,1853612,2109536,388428,8388604,0,175,0,11,114,8309624,99,7940500,305,0,0,0,0,0,0,0
1786373075828,2739748,1815384,2071956,389044,8388604,0,175,0,11,114,8360347,99,7982791,305,0,0,0,0,0,0,0
1786373076079,2771168,1734732,2034580,432320,8388604,0,175,0,11,114,8366165,99,7986994,305,0,0,0,0,0,0,0
1786373076331,2771168,1833932,2090136,388680,8388604,0,175,0,11,114,8387533,99,8008037,305,0,0,0,0,0,0,0
1786373076584,2771168,1836424,2092628,388680,8388604,0,175,0,11,185,8387533,172,8008037,305,0,0,0,0,0,0,0
1786373076839,2771168,1836380,2092584,388680,8388604,0,175,0,11,185,8408134,172,8028612,305,0,0,0,0,0,0,0
1786373077090,2771168,1832112,2088320,388692,8388604,0,175,0,11,185,8421694,172,8041935,305,0,0,0,0,0,0,0
1786373077343,2771168,1837988,2094196,388688,8388604,0,175,0,11,185,8428438,172,8047839,305,0,0,0,0,0,0,0
1786373077595,2771168,1838140,2094356,388696,8388604,0,175,0,11,185,8428438,172,8047839,305,0,0,0,0,0,0,0
1786373077856,2771168,1838036,2094252,388696,8388604,0,175,0,11,185,8428438,172,8047839,305,0,0,0,0,0,0,0
1786373078112,2771168,1838036,2094252,388696,8388604,0,175,0,11,185,8428438,172,8047839,305,0,0,0,0,0,0,0
1786373078363,2771168,1847764,2104008,388724,8388604,0,175,0,11,185,8442535,172,8061935,305,0,0,0,0,0,0,0
1786373078614,2771168,1850584,2106812,388712,8388604,0,175,0,11,188,8442535,177,8061935,305,0,0,0,0,0,0,0
1786373078874,2771168,1850824,2107044,388712,8388604,0,175,0,11,188,8442535,177,8061935,305,0,0,0,0,0,0,0
1786373079128,2771168,1850824,2107044,388712,8388604,0,175,0,11,188,8442535,177,8061935,305,0,0,0,0,0,0,0
1786373079389,2771168,1859800,2116020,388712,8388604,0,175,0,11,188,8442535,177,8061935,305,0,0,0,0,0,0,0
1786373079642,2771168,1862096,2118344,388740,8388604,0,175,0,11,188,8454848,177,8073563,305,0,0,0,0,0,0,0
1786373079903,2751900,1836140,2092364,388732,8388604,0,175,0,11,188,8455963,177,8074678,305,0,0,0,0,0,0,0
1786373080158,2751900,1836140,2092364,388732,8388604,0,175,0,11,188,8455963,177,8074678,305,0,0,0,0,0,0,0
1786373080410,2751900,1841508,2097732,388732,8388604,0,175,0,11,154,8455963,145,8074678,305,0,0,0,0,0,0,0
1786373080662,2751900,1841508,2097732,388732,8388604,0,175,0,11,154,8455963,145,8074678,305,0,0,0,0,0,0,0
