[2026-10-07T14:23:40.585097Z INFO  krun_devices::virtio::gpu::virtio_gpu] CTX_CREATE ctx=2 init=0x2 name=Some("gnome-shell\0\0\0\0\0\0\0\0\0\0\0\0\0\0\0\0\0\0\0\0\0\0\0\0\0\0\0\0\0\0\0\0\0\0\0\0\0\0\0\0\0\0\0\0\0\0\0\0\0\0\0\0\0")
[2026-10-07T14:23:41.967790Z INFO  krun_devices::virtio::gpu::virtio_gpu] CTX_CREATE ctx=4 init=0x2 name=Some("Xwayland\0\0\0\0\0\0\0\0\0\0\0\0\0\0\0\0\0\0\0\0\0\0\0\0\0\0\0\0\0\0\0\0\0\0\0\0\0\0\0\0\0\0\0\0\0\0\0\0\0\0\0\0\0\0\0\0")
[2026-10-07T14:23:42.405079Z INFO  krun_devices::virtio::gpu::virtio_gpu] CTX_CREATE ctx=6 init=0x2 name=Some("ibus-x11\0\0\0\0\0\0\0\0\0\0\0\0\0\0\0\0\0\0\0\0\0\0\0\0\0\0\0\0\0\0\0\0\0\0\0\0\0\0\0\0\0\0\0\0\0\0\0\0\0\0\0\0\0\0\0\0")
[2026-10-07T14:23:42.433645Z INFO  krun_devices::virtio::gpu::virtio_gpu] CTX_CREATE ctx=7 init=0x2 name=Some("mutter-x11-fram\0\0\0\0\0\0\0\0\0\0\0\0\0\0\0\0\0\0\0\0\0\0\0\0\0\0\0\0\0\0\0\0\0\0\0\0\0\0\0\0\0\0\0\0\0\0\0\0\0")
[2026-10-07T14:23:42.633396Z INFO  krun_devices::virtio::gpu::virtio_gpu] CTX_CREATE ctx=8 init=0x2 name=Some("gst-plugin-scan\0\0\0\0\0\0\0\0\0\0\0\0\0\0\0\0\0\0\0\0\0\0\0\0\0\0\0\0\0\0\0\0\0\0\0\0\0\0\0\0\0\0\0\0\0\0\0\0\0")
[2026-10-07T14:23:42.782194Z INFO  krun_devices::virtio::gpu::virtio_gpu] CTX_CREATE ctx=9 init=0x2 name=Some("gst-plugin-scan\0\0\0\0\0\0\0\0\0\0\0\0\0\0\0\0\0\0\0\0\0\0\0\0\0\0\0\0\0\0\0\0\0\0\0\0\0\0\0\0\0\0\0\0\0\0\0\0\0")
[2026-10-07T14:23:42.788414Z INFO  krun_devices::virtio::gpu::virtio_gpu] CTX_CREATE ctx=9 init=0x2 name=Some("gst-plugin-scan\0\0\0\0\0\0\0\0\0\0\0\0\0\0\0\0\0\0\0\0\0\0\0\0\0\0\0\0\0\0\0\0\0\0\0\0\0\0\0\0\0\0\0\0\0\0\0\0\0")
[2026-10-07T14:23:42.796318Z INFO  krun_devices::virtio::gpu::virtio_gpu] CTX_CREATE ctx=9 init=0x2 name=Some("gst-plugin-scan\0\0\0\0\0\0\0\0\0\0\0\0\0\0\0\0\0\0\0\0\0\0\0\0\0\0\0\0\0\0\0\0\0\0\0\0\0\0\0\0\0\0\0\0\0\0\0\0\0")
[2026-10-07T14:23:42.848969Z INFO  krun_devices::virtio::gpu::virtio_gpu] CTX_CREATE ctx=8 init=0x4 name=Some("gst-plugin-scan\0\0\0\0\0\0\0\0\0\0\0\0\0\0\0\0\0\0\0\0\0\0\0\0\0\0\0\0\0\0\0\0\0\0\0\0\0\0\0\0\0\0\0\0\0\0\0\0\0")
[2026-10-07T14:24:02.772724Z INFO  krun_devices::virtio::gpu::virtio_gpu] CTX_CREATE ctx=8 init=0x4 name=Some("vulkaninfo\0\0\0\0\0\0\0\0\0\0\0\0\0\0\0\0\0\0\0\0\0\0\0\0\0\0\0\0\0\0\0\0\0\0\0\0\0\0\0\0\0\0\0\0\0\0\0\0\0\0\0\0\0\0")
[2026-10-07T14:24:02.782953Z INFO  krun_devices::virtio::gpu::virtio_gpu] CTX_CREATE ctx=8 init=0x4 name=Some("vkcube\0\0\0\0\0\0\0\0\0\0\0\0\0\0\0\0\0\0\0\0\0\0\0\0\0\0\0\0\0\0\0\0\0\0\0\0\0\0\0\0\0\0\0\0\0\0\0\0\0\0\0\0\0\0\0\0\0\0")
[2026-10-07T14:24:02.783163Z INFO  krun_devices::virtio::gpu::virtio_gpu] CTX_CREATE ctx=9 init=0x4 name=Some("vkcube\0\0\0\0\0\0\0\0\0\0\0\0\0\0\0\0\0\0\0\0\0\0\0\0\0\0\0\0\0\0\0\0\0\0\0\0\0\0\0\0\0\0\0\0\0\0\0\0\0\0\0\0\0\0\0\0\0\0")
[2026-10-07T14:24:02.817147Z INFO  krun_devices::virtio::gpu::virtio_gpu] CTX_CREATE ctx=10 init=0x4 name=Some("vkmark\0\0\0\0\0\0\0\0\0\0\0\0\0\0\0\0\0\0\0\0\0\0\0\0\0\0\0\0\0\0\0\0\0\0\0\0\0\0\0\0\0\0\0\0\0\0\0\0\0\0\0\0\0\0\0\0\0\0")
[2026-10-07T14:24:02.825738Z INFO  krun_devices::virtio::gpu::virtio_gpu] CTX_CREATE ctx=11 init=0x2 name=Some("glmark2-es2-way\0\0\0\0\0\0\0\0\0\0\0\0\0\0\0\0\0\0\0\0\0\0\0\0\0\0\0\0\0\0\0\0\0\0\0\0\0\0\0\0\0\0\0\0\0\0\0\0\0")
[2026-10-07T14:24:03.293630Z INFO  krun_devices::virtio::gpu::virtio_gpu] CTX_CREATE ctx=12 init=0x2 name=Some("glxtest\0\0\0\0\0\0\0\0\0\0\0\0\0\0\0\0\0\0\0\0\0\0\0\0\0\0\0\0\0\0\0\0\0\0\0\0\0\0\0\0\0\0\0\0\0\0\0\0\0\0\0\0\0\0\0\0\0")
[LIMINA-ALLOC-STATS] pool=0xae3179b50 begins=500 live=44 peak=44 draining=0 borrowed=40 pending=40 released=13 retired=1 mean_uses=2.0 sum=114.1MiB max=9.4MiB
[LIMINA-ALLOC-STATS] pool=0xae3179b50 begins=1000 live=44 peak=44 draining=0 borrowed=40 pending=40 released=13 retired=1 mean_uses=2.0 sum=116.4MiB max=9.4MiB
[2026-10-07T14:24:03.533606Z INFO  krun_devices::virtio::gpu::virtio_gpu] CTX_CREATE ctx=12 init=0x2 name=Some("firefox\0\0\0\0\0\0\0\0\0\0\0\0\0\0\0\0\0\0\0\0\0\0\0\0\0\0\0\0\0\0\0\0\0\0\0\0\0\0\0\0\0\0\0\0\0\0\0\0\0\0\0\0\0\0\0\0\0")
[2026-10-07T14:24:03.543599Z INFO  krun_devices::virtio::gpu::virtio_gpu] CTX_CREATE ctx=13 init=0x2 name=Some("vaapitest\0\0\0\0\0\0\0\0\0\0\0\0\0\0\0\0\0\0\0\0\0\0\0\0\0\0\0\0\0\0\0\0\0\0\0\0\0\0\0\0\0\0\0\0\0\0\0\0\0\0\0\0\0\0\0")
[LIMINA-ALLOC-STATS] pool=0xae3179b50 begins=1500 live=49 peak=49 draining=0 borrowed=45 pending=45 released=13 retired=1 mean_uses=2.0 sum=129.6MiB max=9.4MiB
[2026-10-07T14:24:03.600799Z INFO  krun_devices::virtio::gpu::virtio_gpu] CTX_CREATE ctx=13 init=0x2 name=Some("Renderer\0\0\0\0\0\0\0\0\0\0\0\0\0\0\0\0\0\0\0\0\0\0\0\0\0\0\0\0\0\0\0\0\0\0\0\0\0\0\0\0\0\0\0\0\0\0\0\0\0\0\0\0\0\0\0\0")
[LIMINA-ALLOC-STATS] pool=0xae3179b50 begins=2000 live=49 peak=49 draining=0 borrowed=46 pending=45 released=13 retired=1 mean_uses=2.0 sum=130.1MiB max=9.4MiB
[LIMINA-ALLOC-STATS] pool=0xae3185b50 begins=500 live=1 peak=1 draining=0 borrowed=1 pending=0 released=0 retired=0 mean_uses=0.0 sum=9.8MiB max=9.8MiB
[LIMINA-ALLOC-STATS] pool=0xae3179b50 begins=2500 live=49 peak=49 draining=0 borrowed=46 pending=46 released=13 retired=1 mean_uses=2.0 sum=131.0MiB max=9.4MiB
[LIMINA-ALLOC-STATS] pool=0xae3179b50 begins=3000 live=49 peak=49 draining=0 borrowed=48 pending=47 released=13 retired=1 mean_uses=2.0 sum=132.3MiB max=9.4MiB
[LIMINA-ALLOC-STATS] pool=0xae3179b50 begins=3500 live=49 peak=49 draining=0 borrowed=47 pending=47 released=13 retired=1 mean_uses=2.0 sum=133.2MiB max=9.4MiB
[LIMINA-ALLOC-STATS] pool=0xae3185b50 begins=1000 live=1 peak=1 draining=0 borrowed=1 pending=0 released=0 retired=0 mean_uses=0.0 sum=9.8MiB max=9.8MiB
[LIMINA-ALLOC-STATS] pool=0xae3179b50 begins=4000 live=54 peak=54 draining=0 borrowed=52 pending=51 released=13 retired=1 mean_uses=2.0 sum=148.5MiB max=9.4MiB
[LIMINA-ALLOC-STATS] pool=0xae3179b50 begins=4500 live=54 peak=54 draining=0 borrowed=53 pending=53 released=13 retired=1 mean_uses=2.0 sum=154.0MiB max=9.4MiB
[LIMINA-ALLOC-STATS] pool=0xae3179b50 begins=5000 live=54 peak=54 draining=0 borrowed=52 pending=52 released=13 retired=1 mean_uses=2.0 sum=154.0MiB max=9.4MiB
[LIMINA-ALLOC-STATS] pool=0xae3179b50 begins=5500 live=53 peak=54 draining=0 borrowed=50 pending=49 released=15 retired=1 mean_uses=2.0 sum=165.3MiB max=15.6MiB
[LIMINA-ALLOC-STATS] pool=0xae3185b50 begins=1500 live=1 peak=1 draining=0 borrowed=1 pending=0 released=0 retired=0 mean_uses=0.0 sum=9.8MiB max=9.8MiB
[LIMINA-ALLOC-STATS] pool=0xae3179b50 begins=6000 live=53 peak=56 draining=0 borrowed=53 pending=52 released=20 retired=6 mean_uses=279.0 sum=189.6MiB max=15.9MiB
[LIMINA-ALLOC-STATS] pool=0xae3179b50 begins=6500 live=52 peak=56 draining=0 borrowed=52 pending=51 released=25 retired=11 mean_uses=224.0 sum=173.1MiB max=16.2MiB
[LIMINA-ALLOC-STATS] pool=0xae3179b50 begins=7000 live=53 peak=56 draining=0 borrowed=51 pending=50 released=28 retired=14 mean_uses=216.0 sum=168.5MiB max=9.5MiB
[LIMINA-ALLOC-STATS] pool=0xae3185b50 begins=2000 live=1 peak=1 draining=0 borrowed=1 pending=0 released=0 retired=0 mean_uses=0.0 sum=9.8MiB max=9.8MiB
[LIMINA-ALLOC-STATS] pool=0xae3179b50 begins=7500 live=53 peak=56 draining=0 borrowed=52 pending=52 released=31 retired=17 mean_uses=221.5 sum=178.5MiB max=11.6MiB
[LIMINA-ALLOC-STATS] pool=0xae3179b50 begins=8000 live=53 peak=56 draining=0 borrowed=51 pending=50 released=32 retired=18 mean_uses=232.1 sum=193.9MiB max=15.9MiB
[LIMINA-ALLOC-STATS] pool=0xae3179b50 begins=8500 live=54 peak=56 draining=0 borrowed=49 pending=49 released=35 retired=21 mean_uses=216.7 sum=196.6MiB max=15.9MiB
[LIMINA-ALLOC-STATS] pool=0xae3185b50 begins=2500 live=1 peak=1 draining=0 borrowed=1 pending=0 released=0 retired=0 mean_uses=0.0 sum=9.8MiB max=9.8MiB
[LIMINA-ALLOC-STATS] pool=0xae3179b50 begins=9000 live=54 peak=56 draining=0 borrowed=52 pending=52 released=38 retired=24 mean_uses=231.1 sum=190.1MiB max=15.9MiB
[LIMINA-ALLOC-STATS] pool=0xae3179b50 begins=9500 live=53 peak=56 draining=0 borrowed=50 pending=51 released=39 retired=25 mean_uses=229.0 sum=186.4MiB max=15.6MiB
[LIMINA-ALLOC-STATS] pool=0xae3179b50 begins=10000 live=52 peak=56 draining=0 borrowed=50 pending=49 released=42 retired=28 mean_uses=234.5 sum=174.0MiB max=15.9MiB
[LIMINA-ALLOC-STATS] pool=0xae3185b50 begins=3000 live=1 peak=1 draining=0 borrowed=1 pending=0 released=0 retired=0 mean_uses=0.0 sum=9.8MiB max=9.8MiB
[LIMINA-ALLOC-STATS] pool=0xae3179b50 begins=10500 live=54 peak=56 draining=0 borrowed=52 pending=52 released=42 retired=28 mean_uses=234.5 sum=194.1MiB max=15.9MiB
[LIMINA-ALLOC-STATS] pool=0xae3179b50 begins=11000 live=53 peak=56 draining=0 borrowed=50 pending=49 released=45 retired=31 mean_uses=221.3 sum=192.6MiB max=15.9MiB
[LIMINA-ALLOC-STATS] pool=0xae3179b50 begins=11500 live=54 peak=56 draining=0 borrowed=50 pending=50 released=48 retired=34 mean_uses=218.0 sum=195.3MiB max=15.6MiB
[LIMINA-ALLOC-STATS] pool=0xae3185b50 begins=3500 live=1 peak=1 draining=0 borrowed=1 pending=0 released=0 retired=0 mean_uses=0.0 sum=9.8MiB max=9.8MiB
[LIMINA-ALLOC-STATS] pool=0xae3179b50 begins=12000 live=52 peak=56 draining=0 borrowed=51 pending=51 released=52 retired=38 mean_uses=207.9 sum=175.1MiB max=11.5MiB
[LIMINA-ALLOC-STATS] pool=0xae3179b50 begins=12500 live=53 peak=56 draining=0 borrowed=51 pending=51 released=54 retired=40 mean_uses=208.6 sum=193.0MiB max=16.0MiB
[LIMINA-ALLOC-STATS] pool=0xae3179b50 begins=13000 live=54 peak=56 draining=0 borrowed=52 pending=51 released=57 retired=43 mean_uses=202.8 sum=173.1MiB max=16.2MiB
[LIMINA-ALLOC-STATS] pool=0xae3185b50 begins=4000 live=1 peak=1 draining=0 borrowed=1 pending=1 released=0 retired=0 mean_uses=0.0 sum=9.8MiB max=9.8MiB
[LIMINA-ALLOC-STATS] pool=0xae3179b50 begins=13500 live=53 peak=56 draining=0 borrowed=52 pending=51 released=59 retired=45 mean_uses=199.4 sum=170.7MiB max=15.9MiB
[LIMINA-ALLOC-STATS] pool=0xae3179b50 begins=14000 live=53 peak=56 draining=0 borrowed=51 pending=51 released=63 retired=49 mean_uses=195.1 sum=163.8MiB max=11.5MiB
[LIMINA-ALLOC-STATS] pool=0xae3179b50 begins=14500 live=53 peak=56 draining=0 borrowed=49 pending=49 released=64 retired=50 mean_uses=200.8 sum=195.2MiB max=15.9MiB
[LIMINA-ALLOC-STATS] pool=0xae3179b50 begins=15000 live=53 peak=56 draining=0 borrowed=52 pending=52 released=67 retired=53 mean_uses=194.2 sum=177.3MiB max=15.9MiB
[LIMINA-ALLOC-STATS] pool=0xae3185b50 begins=4500 live=1 peak=1 draining=0 borrowed=1 pending=0 released=0 retired=0 mean_uses=0.0 sum=9.8MiB max=9.8MiB
[LIMINA-ALLOC-STATS] pool=0xae3179b50 begins=15500 live=53 peak=56 draining=0 borrowed=51 pending=51 released=69 retired=55 mean_uses=197.6 sum=172.6MiB max=15.6MiB
[LIMINA-ALLOC-STATS] pool=0xae3179b50 begins=16000 live=53 peak=56 draining=0 borrowed=49 pending=49 released=71 retired=57 mean_uses=193.3 sum=218.2MiB max=15.9MiB
[LIMINA-ALLOC-STATS] pool=0xae3179b50 begins=16500 live=52 peak=56 draining=0 borrowed=51 pending=51 released=73 retired=59 mean_uses=191.4 sum=211.0MiB max=15.9MiB
[LIMINA-ALLOC-STATS] pool=0xae3179b50 begins=17000 live=62 peak=62 draining=0 borrowed=56 pending=57 released=81 retired=67 mean_uses=195.9 sum=241.0MiB max=16.3MiB
[LIMINA-ALLOC-STATS] pool=0xae3185b50 begins=5000 live=1 peak=1 draining=0 borrowed=1 pending=0 released=0 retired=0 mean_uses=0.0 sum=9.8MiB max=9.8MiB
[LIMINA-ALLOC-STATS] pool=0xae3179b50 begins=17500 live=59 peak=63 draining=0 borrowed=57 pending=56 released=92 retired=78 mean_uses=195.7 sum=257.5MiB max=16.0MiB
[LIMINA-ALLOC-STATS] pool=0xae3179b50 begins=18000 live=58 peak=63 draining=0 borrowed=56 pending=56 released=99 retired=85 mean_uses=182.3 sum=237.6MiB max=16.0MiB
[LIMINA-ALLOC-STATS] pool=0xae3179b50 begins=18500 live=61 peak=63 draining=0 borrowed=56 pending=55 released=101 retired=87 mean_uses=181.6 sum=258.9MiB max=14.7MiB
[LIMINA-ALLOC-POOL] grew to 65 allocators (budget 16 MiB, LIMINA_KK_ALLOC_CEILING=0) — in-flight depth is outrunning completion
[LIMINA-ALLOC-STATS] pool=0xae3179b50 begins=19000 live=65 peak=67 draining=0 borrowed=55 pending=54 released=106 retired=92 mean_uses=178.9 sum=258.3MiB max=15.1MiB
[LIMINA-ALLOC-STATS] pool=0xae3179b50 begins=19500 live=61 peak=67 draining=0 borrowed=60 pending=59 released=116 retired=102 mean_uses=168.2 sum=247.7MiB max=15.6MiB
[LIMINA-ALLOC-STATS] pool=0xae3179b50 begins=20000 live=63 peak=67 draining=0 borrowed=57 pending=57 released=119 retired=105 mean_uses=164.1 sum=286.9MiB max=13.8MiB
[LIMINA-ALLOC-STATS] pool=0xae3185b50 begins=5500 live=1 peak=1 draining=0 borrowed=1 pending=0 released=0 retired=0 mean_uses=0.0 sum=9.8MiB max=9.8MiB
[LIMINA-ALLOC-STATS] pool=0xae3179b50 begins=20500 live=63 peak=67 draining=0 borrowed=55 pending=54 released=119 retired=105 mean_uses=164.1 sum=290.3MiB max=13.8MiB
[LIMINA-ALLOC-STATS] pool=0xae3179b50 begins=21000 live=63 peak=67 draining=0 borrowed=59 pending=61 released=119 retired=105 mean_uses=164.1 sum=303.5MiB max=13.8MiB
[LIMINA-ALLOC-STATS] pool=0xae3179b50 begins=21500 live=63 peak=67 draining=0 borrowed=58 pending=58 released=119 retired=105 mean_uses=164.1 sum=306.5MiB max=13.8MiB
[LIMINA-ALLOC-STATS] pool=0xae3179b50 begins=22000 live=63 peak=67 draining=0 borrowed=55 pending=55 released=119 retired=105 mean_uses=164.1 sum=309.8MiB max=13.8MiB
[LIMINA-ALLOC-STATS] pool=0xae3179b50 begins=22500 live=63 peak=67 draining=0 borrowed=58 pending=58 released=119 retired=105 mean_uses=164.1 sum=312.8MiB max=14.0MiB
[LIMINA-ALLOC-STATS] pool=0xae3185b50 begins=6000 live=1 peak=1 draining=0 borrowed=1 pending=0 released=0 retired=0 mean_uses=0.0 sum=9.8MiB max=9.8MiB
[LIMINA-ALLOC-STATS] pool=0xae3179b50 begins=23000 live=63 peak=67 draining=0 borrowed=57 pending=56 released=119 retired=105 mean_uses=164.1 sum=317.9MiB max=14.0MiB
[LIMINA-ALLOC-STATS] pool=0xae3179b50 begins=23500 live=63 peak=67 draining=0 borrowed=57 pending=59 released=119 retired=105 mean_uses=164.1 sum=319.8MiB max=14.0MiB
[LIMINA-ALLOC-STATS] pool=0xae3179b50 begins=24000 live=63 peak=67 draining=0 borrowed=56 pending=55 released=119 retired=105 mean_uses=164.1 sum=326.8MiB max=14.0MiB
[LIMINA-ALLOC-STATS] pool=0xae3179b50 begins=24500 live=63 peak=67 draining=0 borrowed=55 pending=55 released=119 retired=105 mean_uses=164.1 sum=330.9MiB max=14.0MiB
[LIMINA-ALLOC-STATS] pool=0xae3179b50 begins=25000 live=63 peak=67 draining=0 borrowed=54 pending=55 released=119 retired=105 mean_uses=164.1 sum=336.8MiB max=14.0MiB
[LIMINA-ALLOC-STATS] pool=0xae3179b50 begins=25500 live=63 peak=67 draining=0 borrowed=57 pending=57 released=119 retired=105 mean_uses=164.1 sum=337.2MiB max=14.0MiB
[LIMINA-ALLOC-STATS] pool=0xae3185b50 begins=6500 live=1 peak=1 draining=0 borrowed=1 pending=0 released=0 retired=0 mean_uses=0.0 sum=9.8MiB max=9.8MiB
[LIMINA-ALLOC-STATS] pool=0xae3179b50 begins=26000 live=63 peak=67 draining=0 borrowed=55 pending=55 released=119 retired=105 mean_uses=164.1 sum=337.6MiB max=14.0MiB
[LIMINA-ALLOC-STATS] pool=0xae3179b50 begins=26500 live=63 peak=67 draining=0 borrowed=57 pending=59 released=119 retired=105 mean_uses=164.1 sum=340.4MiB max=14.0MiB
[LIMINA-ALLOC-STATS] pool=0xae3179b50 begins=27000 live=63 peak=67 draining=0 borrowed=58 pending=58 released=119 retired=105 mean_uses=164.1 sum=344.5MiB max=14.0MiB
[LIMINA-ALLOC-STATS] pool=0xae3179b50 begins=27500 live=63 peak=67 draining=0 borrowed=55 pending=54 released=119 retired=105 mean_uses=164.1 sum=344.8MiB max=14.0MiB
[LIMINA-ALLOC-STATS] pool=0xae3185b50 begins=7000 live=1 peak=1 draining=0 borrowed=1 pending=1 released=0 retired=0 mean_uses=0.0 sum=9.8MiB max=9.8MiB
[LIMINA-ALLOC-STATS] pool=0xae3179b50 begins=28000 live=63 peak=67 draining=0 borrowed=54 pending=54 released=119 retired=105 mean_uses=164.1 sum=346.9MiB max=14.0MiB
[LIMINA-ALLOC-STATS] pool=0xae3179b50 begins=28500 live=63 peak=67 draining=0 borrowed=56 pending=56 released=119 retired=105 mean_uses=164.1 sum=346.9MiB max=14.0MiB
[LIMINA-ALLOC-STATS] pool=0xae3179b50 begins=29000 live=63 peak=67 draining=0 borrowed=53 pending=53 released=119 retired=105 mean_uses=164.1 sum=347.0MiB max=14.0MiB
[LIMINA-ALLOC-STATS] pool=0xae3179b50 begins=29500 live=63 peak=67 draining=0 borrowed=53 pending=52 released=119 retired=105 mean_uses=164.1 sum=347.0MiB max=14.0MiB
[LIMINA-ALLOC-STATS] pool=0xae3179b50 begins=30000 live=62 peak=67 draining=0 borrowed=58 pending=57 released=120 retired=106 mean_uses=167.5 sum=333.3MiB max=14.0MiB
[LIMINA-ALLOC-STATS] pool=0xae3185b50 begins=7500 live=1 peak=1 draining=0 borrowed=1 pending=0 released=0 retired=0 mean_uses=0.0 sum=9.8MiB max=9.8MiB
[LIMINA-ALLOC-STATS] pool=0xae3179b50 begins=30500 live=62 peak=67 draining=0 borrowed=55 pending=56 released=120 retired=106 mean_uses=167.5 sum=334.3MiB max=14.0MiB
[LIMINA-ALLOC-STATS] pool=0xae3179b50 begins=31000 live=62 peak=67 draining=0 borrowed=53 pending=53 released=120 retired=106 mean_uses=167.5 sum=336.5MiB max=15.3MiB
[LIMINA-ALLOC-STATS] pool=0xae3179b50 begins=31500 live=62 peak=67 draining=0 borrowed=58 pending=60 released=120 retired=106 mean_uses=167.5 sum=336.5MiB max=15.3MiB
[LIMINA-ALLOC-STATS] pool=0xae3179b50 begins=32000 live=60 peak=67 draining=0 borrowed=56 pending=58 released=122 retired=106 mean_uses=167.5 sum=321.7MiB max=15.3MiB
[LIMINA-ALLOC-STATS] pool=0xae3179b50 begins=32500 live=60 peak=67 draining=0 borrowed=54 pending=53 released=122 retired=106 mean_uses=167.5 sum=321.7MiB max=15.3MiB
[LIMINA-ALLOC-STATS] pool=0xae3185b50 begins=8000 live=1 peak=1 draining=0 borrowed=1 pending=0 released=0 retired=0 mean_uses=0.0 sum=9.8MiB max=9.8MiB
[LIMINA-ALLOC-STATS] pool=0xae3179b50 begins=33000 live=60 peak=67 draining=0 borrowed=57 pending=59 released=122 retired=106 mean_uses=167.5 sum=321.8MiB max=15.3MiB
[LIMINA-ALLOC-STATS] pool=0xae3179b50 begins=33500 live=60 peak=67 draining=0 borrowed=56 pending=58 released=122 retired=106 mean_uses=167.5 sum=321.8MiB max=15.3MiB
[LIMINA-ALLOC-STATS] pool=0xae3179b50 begins=34000 live=60 peak=67 draining=0 borrowed=55 pending=55 released=122 retired=106 mean_uses=167.5 sum=321.9MiB max=15.3MiB
[LIMINA-ALLOC-STATS] pool=0xae3179b50 begins=34500 live=60 peak=67 draining=0 borrowed=58 pending=64 released=122 retired=106 mean_uses=167.5 sum=321.9MiB max=15.3MiB
[LIMINA-ALLOC-STATS] pool=0xae3179b50 begins=35000 live=60 peak=67 draining=0 borrowed=58 pending=57 released=122 retired=106 mean_uses=167.5 sum=321.9MiB max=15.3MiB
[LIMINA-ALLOC-STATS] pool=0xae3185b50 begins=8500 live=1 peak=1 draining=0 borrowed=1 pending=0 released=0 retired=0 mean_uses=0.0 sum=9.8MiB max=9.8MiB
[LIMINA-ALLOC-STATS] pool=0xae3179b50 begins=35500 live=60 peak=67 draining=0 borrowed=53 pending=52 released=122 retired=106 mean_uses=167.5 sum=321.9MiB max=15.3MiB
[LIMINA-ALLOC-STATS] pool=0xae3179b50 begins=36000 live=60 peak=67 draining=0 borrowed=56 pending=57 released=122 retired=106 mean_uses=167.5 sum=321.9MiB max=15.3MiB
[LIMINA-ALLOC-STATS] pool=0xae3179b50 begins=36500 live=60 peak=67 draining=0 borrowed=56 pending=55 released=122 retired=106 mean_uses=167.5 sum=321.9MiB max=15.3MiB
[LIMINA-ALLOC-STATS] pool=0xae3179b50 begins=37000 live=60 peak=67 draining=0 borrowed=53 pending=52 released=122 retired=106 mean_uses=167.5 sum=322.0MiB max=15.3MiB
[LIMINA-ALLOC-STATS] pool=0xae3179b50 begins=37500 live=60 peak=67 draining=0 borrowed=55 pending=55 released=122 retired=106 mean_uses=167.5 sum=322.0MiB max=15.3MiB
[LIMINA-ALLOC-STATS] pool=0xae3185b50 begins=9000 live=1 peak=1 draining=0 borrowed=1 pending=0 released=0 retired=0 mean_uses=0.0 sum=9.8MiB max=9.8MiB
[LIMINA-ALLOC-STATS] pool=0xae3179b50 begins=38000 live=60 peak=67 draining=0 borrowed=56 pending=56 released=122 retired=106 mean_uses=167.5 sum=322.3MiB max=15.3MiB
[LIMINA-ALLOC-STATS] pool=0xae3179b50 begins=38500 live=60 peak=67 draining=0 borrowed=54 pending=54 released=122 retired=106 mean_uses=167.5 sum=322.6MiB max=15.3MiB
[LIMINA-ALLOC-STATS] pool=0xae3179b50 begins=39000 live=60 peak=67 draining=0 borrowed=56 pending=56 released=122 retired=106 mean_uses=167.5 sum=322.6MiB max=15.3MiB
[LIMINA-ALLOC-STATS] pool=0xae3179b50 begins=39500 live=60 peak=67 draining=0 borrowed=55 pending=55 released=122 retired=106 mean_uses=167.5 sum=322.6MiB max=15.3MiB
[LIMINA-ALLOC-STATS] pool=0xae3185b50 begins=9500 live=1 peak=1 draining=0 borrowed=1 pending=0 released=0 retired=0 mean_uses=0.0 sum=9.8MiB max=9.8MiB
[LIMINA-ALLOC-STATS] pool=0xae3179b50 begins=40000 live=60 peak=67 draining=0 borrowed=55 pending=55 released=122 retired=106 mean_uses=167.5 sum=322.6MiB max=15.3MiB
[LIMINA-ALLOC-STATS] pool=0xae3179b50 begins=40500 live=60 peak=67 draining=0 borrowed=57 pending=57 released=122 retired=106 mean_uses=167.5 sum=322.6MiB max=15.3MiB
[LIMINA-ALLOC-STATS] pool=0xae3179b50 begins=41000 live=60 peak=67 draining=0 borrowed=53 pending=55 released=122 retired=106 mean_uses=167.5 sum=322.6MiB max=15.3MiB
[LIMINA-ALLOC-STATS] pool=0xae3179b50 begins=41500 live=60 peak=67 draining=0 borrowed=54 pending=56 released=122 retired=106 mean_uses=167.5 sum=322.6MiB max=15.3MiB
[LIMINA-ALLOC-STATS] pool=0xae3179b50 begins=42000 live=60 peak=67 draining=0 borrowed=56 pending=56 released=122 retired=106 mean_uses=167.5 sum=322.7MiB max=15.3MiB
[LIMINA-ALLOC-STATS] pool=0xae3185b50 begins=10000 live=1 peak=1 draining=0 borrowed=1 pending=1 released=0 retired=0 mean_uses=0.0 sum=9.8MiB max=9.8MiB
[LIMINA-ALLOC-STATS] pool=0xae3179b50 begins=42500 live=60 peak=67 draining=0 borrowed=57 pending=56 released=122 retired=106 mean_uses=167.5 sum=322.7MiB max=15.3MiB
[LIMINA-ALLOC-STATS] pool=0xae3179b50 begins=43000 live=60 peak=67 draining=0 borrowed=56 pending=55 released=122 retired=106 mean_uses=167.5 sum=322.8MiB max=15.3MiB
[LIMINA-ALLOC-STATS] pool=0xae3179b50 begins=43500 live=60 peak=67 draining=0 borrowed=56 pending=57 released=122 retired=106 mean_uses=167.5 sum=322.8MiB max=15.3MiB
[LIMINA-ALLOC-STATS] pool=0xae3179b50 begins=44000 live=60 peak=67 draining=0 borrowed=55 pending=55 released=122 retired=106 mean_uses=167.5 sum=323.1MiB max=15.3MiB
[LIMINA-ALLOC-STATS] pool=0xae3179b50 begins=44500 live=60 peak=67 draining=0 borrowed=54 pending=56 released=122 retired=106 mean_uses=167.5 sum=325.1MiB max=15.3MiB
[LIMINA-ALLOC-STATS] pool=0xae3185b50 begins=10500 live=1 peak=1 draining=0 borrowed=1 pending=0 released=0 retired=0 mean_uses=0.0 sum=9.8MiB max=9.8MiB
[LIMINA-ALLOC-STATS] pool=0xae3179b50 begins=45000 live=60 peak=67 draining=0 borrowed=57 pending=57 released=122 retired=106 mean_uses=167.5 sum=325.1MiB max=15.3MiB
[LIMINA-ALLOC-STATS] pool=0xae3179b50 begins=45500 live=61 peak=67 draining=0 borrowed=55 pending=55 released=122 retired=106 mean_uses=167.5 sum=328.1MiB max=15.3MiB
[LIMINA-ALLOC-STATS] pool=0xae317db50 begins=500 live=1 peak=1 draining=0 borrowed=1 pending=0 released=0 retired=0 mean_uses=0.0 sum=4.9MiB max=4.9MiB
[LIMINA-ALLOC-STATS] pool=0xae3181b50 begins=500 live=1 peak=1 draining=0 borrowed=1 pending=0 released=0 retired=0 mean_uses=0.0 sum=4.9MiB max=4.9MiB
[LIMINA-ALLOC-STATS] pool=0xae3179b50 begins=46000 live=61 peak=67 draining=0 borrowed=53 pending=54 released=122 retired=106 mean_uses=167.5 sum=328.1MiB max=15.3MiB
[LIMINA-ALLOC-STATS] pool=0xae3179b50 begins=46500 live=61 peak=67 draining=0 borrowed=56 pending=55 released=122 retired=106 mean_uses=167.5 sum=328.3MiB max=15.3MiB
[LIMINA-ALLOC-STATS] pool=0xae3179b50 begins=47000 live=61 peak=67 draining=0 borrowed=55 pending=54 released=122 retired=106 mean_uses=167.5 sum=332.7MiB max=15.3MiB
[LIMINA-ALLOC-STATS] pool=0xae3185b50 begins=11000 live=1 peak=1 draining=0 borrowed=1 pending=0 released=0 retired=0 mean_uses=0.0 sum=9.8MiB max=9.8MiB
[LIMINA-ALLOC-STATS] pool=0xae3179b50 begins=47500 live=61 peak=67 draining=0 borrowed=54 pending=53 released=122 retired=106 mean_uses=167.5 sum=332.8MiB max=15.3MiB
[LIMINA-ALLOC-STATS] pool=0xae3179b50 begins=48000 live=61 peak=67 draining=0 borrowed=55 pending=56 released=122 retired=106 mean_uses=167.5 sum=332.8MiB max=15.3MiB
[LIMINA-ALLOC-STATS] pool=0xae3179b50 begins=48500 live=61 peak=67 draining=0 borrowed=55 pending=54 released=122 retired=106 mean_uses=167.5 sum=332.8MiB max=15.3MiB
[LIMINA-ALLOC-STATS] pool=0xae3179b50 begins=49000 live=61 peak=67 draining=0 borrowed=53 pending=53 released=122 retired=106 mean_uses=167.5 sum=332.8MiB max=15.3MiB
[LIMINA-ALLOC-STATS] pool=0xae3179b50 begins=49500 live=61 peak=67 draining=0 borrowed=56 pending=55 released=122 retired=106 mean_uses=167.5 sum=332.8MiB max=15.3MiB
[LIMINA-ALLOC-STATS] pool=0xae3185b50 begins=11500 live=1 peak=1 draining=0 borrowed=1 pending=0 released=0 retired=0 mean_uses=0.0 sum=9.8MiB max=9.8MiB
[LIMINA-ALLOC-STATS] pool=0xae3179b50 begins=50000 live=61 peak=67 draining=0 borrowed=54 pending=54 released=122 retired=106 mean_uses=167.5 sum=332.8MiB max=15.3MiB
[LIMINA-ALLOC-STATS] pool=0xae3179b50 begins=50500 live=61 peak=67 draining=0 borrowed=55 pending=55 released=122 retired=106 mean_uses=167.5 sum=332.8MiB max=15.3MiB
[LIMINA-ALLOC-STATS] pool=0xae3179b50 begins=51000 live=61 peak=67 draining=0 borrowed=56 pending=56 released=122 retired=106 mean_uses=167.5 sum=332.8MiB max=15.3MiB
[LIMINA-ALLOC-STATS] pool=0xae3179b50 begins=51500 live=61 peak=67 draining=0 borrowed=56 pending=56 released=122 retired=106 mean_uses=167.5 sum=332.8MiB max=15.3MiB
[LIMINA-ALLOC-STATS] pool=0xae3185b50 begins=12000 live=1 peak=1 draining=0 borrowed=1 pending=0 released=0 retired=0 mean_uses=0.0 sum=9.8MiB max=9.8MiB
[LIMINA-ALLOC-STATS] pool=0xae3179b50 begins=52000 live=61 peak=67 draining=0 borrowed=53 pending=54 released=122 retired=106 mean_uses=167.5 sum=332.8MiB max=15.3MiB
[LIMINA-ALLOC-STATS] pool=0xae3179b50 begins=52500 live=61 peak=67 draining=0 borrowed=55 pending=56 released=122 retired=106 mean_uses=167.5 sum=332.8MiB max=15.3MiB
[LIMINA-ALLOC-POOL] teardown: pool=0xae3185b50 live=1 peak=1 released=0 ceiling-waits=0 ceiling-fails=0
[2026-10-07T14:24:18.571958Z INFO  krun_devices::virtio::gpu::virtio_gpu] CTX_CREATE ctx=10 init=0x4 name=Some("vkmark\0\0\0\0\0\0\0\0\0\0\0\0\0\0\0\0\0\0\0\0\0\0\0\0\0\0\0\0\0\0\0\0\0\0\0\0\0\0\0\0\0\0\0\0\0\0\0\0\0\0\0\0\0\0\0\0\0\0")
[LIMINA-ALLOC-STATS] pool=0xae3179b50 begins=53000 live=61 peak=67 draining=0 borrowed=56 pending=59 released=122 retired=106 mean_uses=167.5 sum=337.7MiB max=15.3MiB
[LIMINA-ALLOC-STATS] pool=0xae3179b50 begins=53500 live=62 peak=67 draining=0 borrowed=52 pending=52 released=122 retired=106 mean_uses=167.5 sum=347.0MiB max=15.3MiB
[LIMINA-ALLOC-STATS] pool=0xae3179b50 begins=54000 live=62 peak=67 draining=0 borrowed=55 pending=56 released=122 retired=106 mean_uses=167.5 sum=349.3MiB max=15.3MiB
[LIMINA-ALLOC-STATS] pool=0xae3179b50 begins=54500 live=62 peak=67 draining=0 borrowed=54 pending=54 released=122 retired=106 mean_uses=167.5 sum=349.4MiB max=15.3MiB
[LIMINA-ALLOC-STATS] pool=0xae3179b50 begins=55000 live=62 peak=67 draining=0 borrowed=53 pending=54 released=122 retired=106 mean_uses=167.5 sum=349.4MiB max=15.3MiB
[LIMINA-ALLOC-STATS] pool=0xae7e4db50 begins=500 live=1 peak=1 draining=0 borrowed=1 pending=1 released=0 retired=0 mean_uses=0.0 sum=9.8MiB max=9.8MiB
[LIMINA-ALLOC-STATS] pool=0xae3179b50 begins=55500 live=62 peak=67 draining=0 borrowed=55 pending=55 released=122 retired=106 mean_uses=167.5 sum=350.4MiB max=15.3MiB
[LIMINA-ALLOC-STATS] pool=0xae3179b50 begins=56000 live=62 peak=67 draining=0 borrowed=54 pending=54 released=122 retired=106 mean_uses=167.5 sum=350.4MiB max=15.3MiB
[LIMINA-ALLOC-STATS] pool=0xae3179b50 begins=56500 live=62 peak=67 draining=0 borrowed=54 pending=54 released=122 retired=106 mean_uses=167.5 sum=350.4MiB max=15.3MiB
[LIMINA-ALLOC-STATS] pool=0xae3179b50 begins=57000 live=62 peak=67 draining=0 borrowed=55 pending=55 released=122 retired=106 mean_uses=167.5 sum=350.4MiB max=15.3MiB
[LIMINA-ALLOC-STATS] pool=0xae3179b50 begins=57500 live=62 peak=67 draining=0 borrowed=54 pending=54 released=122 retired=106 mean_uses=167.5 sum=350.4MiB max=15.3MiB
[LIMINA-ALLOC-STATS] pool=0xae7e4db50 begins=1000 live=1 peak=1 draining=0 borrowed=1 pending=0 released=0 retired=0 mean_uses=0.0 sum=9.8MiB max=9.8MiB
[LIMINA-ALLOC-STATS] pool=0xae3179b50 begins=58000 live=62 peak=67 draining=0 borrowed=55 pending=56 released=122 retired=106 mean_uses=167.5 sum=352.4MiB max=15.3MiB
[LIMINA-ALLOC-STATS] pool=0xae3179b50 begins=58500 live=62 peak=67 draining=0 borrowed=55 pending=54 released=122 retired=106 mean_uses=167.5 sum=352.4MiB max=15.3MiB
[LIMINA-ALLOC-STATS] pool=0xae3179b50 begins=59000 live=62 peak=67 draining=0 borrowed=54 pending=54 released=122 retired=106 mean_uses=167.5 sum=352.5MiB max=15.3MiB
[LIMINA-ALLOC-STATS] pool=0xae3179b50 begins=59500 live=62 peak=67 draining=0 borrowed=54 pending=53 released=122 retired=106 mean_uses=167.5 sum=352.5MiB max=15.3MiB
[LIMINA-ALLOC-STATS] pool=0xae7e4db50 begins=1500 live=1 peak=1 draining=0 borrowed=1 pending=0 released=0 retired=0 mean_uses=0.0 sum=9.8MiB max=9.8MiB
[LIMINA-ALLOC-STATS] pool=0xae3179b50 begins=60000 live=62 peak=67 draining=0 borrowed=56 pending=56 released=122 retired=106 mean_uses=167.5 sum=352.7MiB max=15.3MiB
[LIMINA-ALLOC-STATS] pool=0xae3179b50 begins=60500 live=62 peak=67 draining=0 borrowed=54 pending=55 released=122 retired=106 mean_uses=167.5 sum=352.7MiB max=15.3MiB
[LIMINA-ALLOC-STATS] pool=0xae3179b50 begins=61000 live=62 peak=67 draining=0 borrowed=54 pending=53 released=122 retired=106 mean_uses=167.5 sum=352.7MiB max=15.3MiB
[LIMINA-ALLOC-STATS] pool=0xae3179b50 begins=61500 live=62 peak=67 draining=0 borrowed=57 pending=56 released=122 retired=106 mean_uses=167.5 sum=352.7MiB max=15.3MiB
[LIMINA-ALLOC-STATS] pool=0xae3179b50 begins=62000 live=62 peak=67 draining=0 borrowed=56 pending=56 released=122 retired=106 mean_uses=167.5 sum=352.7MiB max=15.3MiB
[LIMINA-ALLOC-STATS] pool=0xae7e4db50 begins=2000 live=1 peak=1 draining=0 borrowed=1 pending=0 released=0 retired=0 mean_uses=0.0 sum=9.8MiB max=9.8MiB
[LIMINA-ALLOC-STATS] pool=0xae3179b50 begins=62500 live=62 peak=67 draining=0 borrowed=56 pending=56 released=122 retired=106 mean_uses=167.5 sum=352.7MiB max=15.3MiB
[LIMINA-ALLOC-STATS] pool=0xae3179b50 begins=63000 live=62 peak=67 draining=0 borrowed=55 pending=55 released=122 retired=106 mean_uses=167.5 sum=352.7MiB max=15.3MiB
[LIMINA-ALLOC-STATS] pool=0xae3179b50 begins=63500 live=62 peak=67 draining=0 borrowed=55 pending=55 released=122 retired=106 mean_uses=167.5 sum=352.7MiB max=15.3MiB
[LIMINA-ALLOC-STATS] pool=0xae3179b50 begins=64000 live=62 peak=67 draining=0 borrowed=54 pending=53 released=122 retired=106 mean_uses=167.5 sum=352.7MiB max=15.3MiB
[LIMINA-ALLOC-STATS] pool=0xae3179b50 begins=64500 live=62 peak=67 draining=0 borrowed=55 pending=55 released=122 retired=106 mean_uses=167.5 sum=352.7MiB max=15.3MiB
[LIMINA-ALLOC-STATS] pool=0xae7e4db50 begins=2500 live=1 peak=1 draining=0 borrowed=1 pending=1 released=0 retired=0 mean_uses=0.0 sum=9.8MiB max=9.8MiB
[LIMINA-ALLOC-STATS] pool=0xae3179b50 begins=65000 live=62 peak=67 draining=0 borrowed=55 pending=58 released=122 retired=106 mean_uses=167.5 sum=352.7MiB max=15.3MiB
[LIMINA-ALLOC-STATS] pool=0xae3179b50 begins=65500 live=62 peak=67 draining=0 borrowed=55 pending=54 released=122 retired=106 mean_uses=167.5 sum=352.7MiB max=15.3MiB
[LIMINA-ALLOC-STATS] pool=0xae3179b50 begins=66000 live=62 peak=67 draining=0 borrowed=55 pending=56 released=122 retired=106 mean_uses=167.5 sum=352.7MiB max=15.3MiB
[LIMINA-ALLOC-STATS] pool=0xae3179b50 begins=66500 live=62 peak=67 draining=0 borrowed=55 pending=55 released=122 retired=106 mean_uses=167.5 sum=352.7MiB max=15.3MiB
[LIMINA-ALLOC-STATS] pool=0xae7e4db50 begins=3000 live=1 peak=1 draining=0 borrowed=1 pending=0 released=0 retired=0 mean_uses=0.0 sum=9.8MiB max=9.8MiB
[LIMINA-ALLOC-STATS] pool=0xae3179b50 begins=67000 live=62 peak=67 draining=0 borrowed=55 pending=55 released=122 retired=106 mean_uses=167.5 sum=352.7MiB max=15.3MiB
[LIMINA-ALLOC-STATS] pool=0xae3179b50 begins=67500 live=62 peak=67 draining=0 borrowed=56 pending=56 released=122 retired=106 mean_uses=167.5 sum=352.8MiB max=15.3MiB
[LIMINA-ALLOC-STATS] pool=0xae3179b50 begins=68000 live=62 peak=67 draining=0 borrowed=54 pending=54 released=122 retired=106 mean_uses=167.5 sum=352.8MiB max=15.3MiB
[LIMINA-ALLOC-STATS] pool=0xae3179b50 begins=68500 live=62 peak=67 draining=0 borrowed=56 pending=55 released=122 retired=106 mean_uses=167.5 sum=354.8MiB max=15.3MiB
[LIMINA-ALLOC-STATS] pool=0xae3179b50 begins=69000 live=59 peak=67 draining=0 borrowed=59 pending=63 released=125 retired=106 mean_uses=167.5 sum=320.4MiB max=15.3MiB
[LIMINA-ALLOC-STATS] pool=0xae7e4db50 begins=3500 live=1 peak=1 draining=0 borrowed=1 pending=0 released=0 retired=0 mean_uses=0.0 sum=9.8MiB max=9.8MiB
[LIMINA-ALLOC-STATS] pool=0xae3179b50 begins=69500 live=61 peak=67 draining=0 borrowed=56 pending=56 released=125 retired=106 mean_uses=167.5 sum=325.9MiB max=15.3MiB
[LIMINA-ALLOC-STATS] pool=0xae3179b50 begins=70000 live=61 peak=67 draining=0 borrowed=53 pending=52 released=125 retired=106 mean_uses=167.5 sum=326.0MiB max=15.3MiB
[LIMINA-ALLOC-STATS] pool=0xae3179b50 begins=70500 live=61 peak=67 draining=0 borrowed=56 pending=56 released=125 retired=106 mean_uses=167.5 sum=326.9MiB max=15.3MiB
[LIMINA-ALLOC-STATS] pool=0xae3179b50 begins=71000 live=61 peak=67 draining=0 borrowed=54 pending=54 released=125 retired=106 mean_uses=167.5 sum=327.0MiB max=15.3MiB
[LIMINA-ALLOC-STATS] pool=0xae7e4db50 begins=4000 live=1 peak=1 draining=0 borrowed=1 pending=0 released=0 retired=0 mean_uses=0.0 sum=9.8MiB max=9.8MiB
[LIMINA-ALLOC-STATS] pool=0xae3179b50 begins=71500 live=61 peak=67 draining=0 borrowed=53 pending=53 released=125 retired=106 mean_uses=167.5 sum=327.0MiB max=15.3MiB
[LIMINA-ALLOC-STATS] pool=0xae3179b50 begins=72000 live=61 peak=67 draining=0 borrowed=54 pending=53 released=125 retired=106 mean_uses=167.5 sum=327.0MiB max=15.3MiB
[LIMINA-ALLOC-STATS] pool=0xae3179b50 begins=72500 live=61 peak=67 draining=0 borrowed=56 pending=55 released=125 retired=106 mean_uses=167.5 sum=328.2MiB max=15.3MiB
[LIMINA-ALLOC-STATS] pool=0xae3179b50 begins=73000 live=61 peak=67 draining=0 borrowed=54 pending=55 released=125 retired=106 mean_uses=167.5 sum=328.2MiB max=15.3MiB
[LIMINA-ALLOC-STATS] pool=0xae3179b50 begins=73500 live=61 peak=67 draining=0 borrowed=55 pending=55 released=125 retired=106 mean_uses=167.5 sum=328.2MiB max=15.3MiB
[LIMINA-ALLOC-STATS] pool=0xae7e4db50 begins=4500 live=1 peak=1 draining=0 borrowed=1 pending=0 released=0 retired=0 mean_uses=0.0 sum=9.8MiB max=9.8MiB
[LIMINA-ALLOC-STATS] pool=0xae3179b50 begins=74000 live=61 peak=67 draining=0 borrowed=55 pending=55 released=125 retired=106 mean_uses=167.5 sum=328.2MiB max=15.3MiB
[LIMINA-ALLOC-STATS] pool=0xae3179b50 begins=74500 live=61 peak=67 draining=0 borrowed=55 pending=54 released=125 retired=106 mean_uses=167.5 sum=328.3MiB max=15.3MiB
[LIMINA-ALLOC-STATS] pool=0xae3179b50 begins=75000 live=61 peak=67 draining=0 borrowed=56 pending=55 released=125 retired=106 mean_uses=167.5 sum=328.3MiB max=15.3MiB
[LIMINA-ALLOC-STATS] pool=0xae3179b50 begins=75500 live=61 peak=67 draining=0 borrowed=55 pending=56 released=125 retired=106 mean_uses=167.5 sum=328.3MiB max=15.3MiB
[LIMINA-ALLOC-STATS] pool=0xae7e4db50 begins=5000 live=1 peak=1 draining=0 borrowed=1 pending=1 released=0 retired=0 mean_uses=0.0 sum=9.8MiB max=9.8MiB
[LIMINA-ALLOC-STATS] pool=0xae3179b50 begins=76000 live=61 peak=67 draining=0 borrowed=55 pending=55 released=125 retired=106 mean_uses=167.5 sum=330.5MiB max=15.3MiB
[LIMINA-ALLOC-STATS] pool=0xae3179b50 begins=76500 live=61 peak=67 draining=0 borrowed=57 pending=56 released=125 retired=106 mean_uses=167.5 sum=330.5MiB max=15.3MiB
[LIMINA-ALLOC-STATS] pool=0xae3179b50 begins=77000 live=61 peak=67 draining=0 borrowed=55 pending=55 released=125 retired=106 mean_uses=167.5 sum=332.6MiB max=15.3MiB
[LIMINA-ALLOC-STATS] pool=0xae3179b50 begins=77500 live=61 peak=67 draining=0 borrowed=54 pending=53 released=125 retired=106 mean_uses=167.5 sum=332.6MiB max=15.3MiB
[LIMINA-ALLOC-STATS] pool=0xae3179b50 begins=78000 live=61 peak=67 draining=0 borrowed=57 pending=58 released=125 retired=106 mean_uses=167.5 sum=332.6MiB max=15.3MiB
[LIMINA-ALLOC-STATS] pool=0xae7e4db50 begins=5500 live=1 peak=1 draining=0 borrowed=1 pending=0 released=0 retired=0 mean_uses=0.0 sum=9.8MiB max=9.8MiB
[LIMINA-ALLOC-STATS] pool=0xae3179b50 begins=78500 live=61 peak=67 draining=0 borrowed=55 pending=55 released=125 retired=106 mean_uses=167.5 sum=332.6MiB max=15.3MiB
[LIMINA-ALLOC-STATS] pool=0xae3179b50 begins=79000 live=61 peak=67 draining=0 borrowed=53 pending=53 released=125 retired=106 mean_uses=167.5 sum=332.6MiB max=15.3MiB
[LIMINA-ALLOC-STATS] pool=0xae3179b50 begins=79500 live=61 peak=67 draining=0 borrowed=57 pending=57 released=125 retired=106 mean_uses=167.5 sum=332.6MiB max=15.3MiB
[LIMINA-ALLOC-STATS] pool=0xae3179b50 begins=80000 live=61 peak=67 draining=0 borrowed=54 pending=54 released=125 retired=106 mean_uses=167.5 sum=332.6MiB max=15.3MiB
[LIMINA-ALLOC-STATS] pool=0xae3179b50 begins=80500 live=61 peak=67 draining=0 borrowed=54 pending=55 released=125 retired=106 mean_uses=167.5 sum=332.6MiB max=15.3MiB
[LIMINA-ALLOC-STATS] pool=0xae7e4db50 begins=6000 live=1 peak=1 draining=0 borrowed=1 pending=0 released=0 retired=0 mean_uses=0.0 sum=9.8MiB max=9.8MiB
[LIMINA-ALLOC-STATS] pool=0xae3179b50 begins=81000 live=61 peak=67 draining=0 borrowed=55 pending=55 released=125 retired=106 mean_uses=167.5 sum=332.6MiB max=15.3MiB
[LIMINA-ALLOC-STATS] pool=0xae3179b50 begins=81500 live=61 peak=67 draining=0 borrowed=56 pending=59 released=125 retired=106 mean_uses=167.5 sum=332.6MiB max=15.3MiB
[LIMINA-ALLOC-STATS] pool=0xae3179b50 begins=82000 live=61 peak=67 draining=0 borrowed=54 pending=54 released=125 retired=106 mean_uses=167.5 sum=332.6MiB max=15.3MiB
[LIMINA-ALLOC-STATS] pool=0xae3179b50 begins=82500 live=61 peak=67 draining=0 borrowed=55 pending=55 released=125 retired=106 mean_uses=167.5 sum=332.6MiB max=15.3MiB
[LIMINA-ALLOC-STATS] pool=0xae3179b50 begins=83000 live=61 peak=67 draining=0 borrowed=55 pending=54 released=125 retired=106 mean_uses=167.5 sum=332.7MiB max=15.3MiB
[LIMINA-ALLOC-STATS] pool=0xae7e4db50 begins=6500 live=1 peak=1 draining=0 borrowed=1 pending=0 released=0 retired=0 mean_uses=0.0 sum=9.8MiB max=9.8MiB
[LIMINA-ALLOC-STATS] pool=0xae3179b50 begins=83500 live=61 peak=67 draining=0 borrowed=55 pending=55 released=125 retired=106 mean_uses=167.5 sum=332.7MiB max=15.3MiB
[LIMINA-ALLOC-STATS] pool=0xae3179b50 begins=84000 live=61 peak=67 draining=0 borrowed=55 pending=55 released=125 retired=106 mean_uses=167.5 sum=332.7MiB max=15.3MiB
[LIMINA-ALLOC-STATS] pool=0xae3179b50 begins=84500 live=61 peak=67 draining=0 borrowed=54 pending=54 released=125 retired=106 mean_uses=167.5 sum=332.7MiB max=15.3MiB
[LIMINA-ALLOC-STATS] pool=0xae3179b50 begins=85000 live=61 peak=67 draining=0 borrowed=53 pending=53 released=125 retired=106 mean_uses=167.5 sum=332.7MiB max=15.3MiB
[LIMINA-ALLOC-STATS] pool=0xae7e4db50 begins=7000 live=1 peak=1 draining=0 borrowed=1 pending=0 released=0 retired=0 mean_uses=0.0 sum=9.8MiB max=9.8MiB
[LIMINA-ALLOC-STATS] pool=0xae3179b50 begins=85500 live=60 peak=67 draining=0 borrowed=57 pending=57 released=126 retired=106 mean_uses=167.5 sum=323.1MiB max=15.3MiB
[LIMINA-ALLOC-STATS] pool=0xae3179b50 begins=86000 live=60 peak=67 draining=0 borrowed=55 pending=54 released=126 retired=106 mean_uses=167.5 sum=323.1MiB max=15.3MiB
[LIMINA-ALLOC-STATS] pool=0xae3179b50 begins=86500 live=60 peak=67 draining=0 borrowed=54 pending=53 released=126 retired=106 mean_uses=167.5 sum=323.1MiB max=15.3MiB
[LIMINA-ALLOC-STATS] pool=0xae3179b50 begins=87000 live=60 peak=67 draining=0 borrowed=56 pending=59 released=126 retired=106 mean_uses=167.5 sum=323.1MiB max=15.3MiB
[LIMINA-ALLOC-STATS] pool=0xae3179b50 begins=87500 live=60 peak=67 draining=0 borrowed=56 pending=55 released=126 retired=106 mean_uses=167.5 sum=323.1MiB max=15.3MiB
[LIMINA-ALLOC-STATS] pool=0xae7e4db50 begins=7500 live=1 peak=1 draining=0 borrowed=1 pending=0 released=0 retired=0 mean_uses=0.0 sum=9.8MiB max=9.8MiB
[LIMINA-ALLOC-STATS] pool=0xae3179b50 begins=88000 live=60 peak=67 draining=0 borrowed=53 pending=53 released=126 retired=106 mean_uses=167.5 sum=323.1MiB max=15.3MiB
[LIMINA-ALLOC-STATS] pool=0xae3179b50 begins=88500 live=60 peak=67 draining=0 borrowed=55 pending=55 released=126 retired=106 mean_uses=167.5 sum=323.1MiB max=15.3MiB
[LIMINA-ALLOC-STATS] pool=0xae3179b50 begins=89000 live=60 peak=67 draining=0 borrowed=54 pending=55 released=126 retired=106 mean_uses=167.5 sum=323.1MiB max=15.3MiB
[LIMINA-ALLOC-STATS] pool=0xae3179b50 begins=89500 live=60 peak=67 draining=0 borrowed=53 pending=53 released=126 retired=106 mean_uses=167.5 sum=323.1MiB max=15.3MiB
[LIMINA-ALLOC-STATS] pool=0xae3179b50 begins=90000 live=60 peak=67 draining=0 borrowed=55 pending=55 released=126 retired=106 mean_uses=167.5 sum=323.1MiB max=15.3MiB
[LIMINA-ALLOC-STATS] pool=0xae7e4db50 begins=8000 live=1 peak=1 draining=0 borrowed=1 pending=0 released=0 retired=0 mean_uses=0.0 sum=9.8MiB max=9.8MiB
[LIMINA-ALLOC-STATS] pool=0xae3179b50 begins=90500 live=60 peak=67 draining=0 borrowed=54 pending=54 released=126 retired=106 mean_uses=167.5 sum=323.1MiB max=15.3MiB
[LIMINA-ALLOC-STATS] pool=0xae3179b50 begins=91000 live=60 peak=67 draining=0 borrowed=52 pending=52 released=126 retired=106 mean_uses=167.5 sum=323.1MiB max=15.3MiB
[LIMINA-ALLOC-STATS] pool=0xae3179b50 begins=91500 live=60 peak=67 draining=0 borrowed=55 pending=56 released=126 retired=106 mean_uses=167.5 sum=323.1MiB max=15.3MiB
[LIMINA-ALLOC-STATS] pool=0xae3179b50 begins=92000 live=60 peak=67 draining=0 borrowed=55 pending=57 released=126 retired=106 mean_uses=167.5 sum=323.2MiB max=15.3MiB
[LIMINA-ALLOC-STATS] pool=0xae3179b50 begins=92500 live=60 peak=67 draining=0 borrowed=55 pending=58 released=126 retired=106 mean_uses=167.5 sum=323.2MiB max=15.3MiB
[LIMINA-ALLOC-STATS] pool=0xae7e4db50 begins=8500 live=1 peak=1 draining=0 borrowed=1 pending=0 released=0 retired=0 mean_uses=0.0 sum=9.8MiB max=9.8MiB
[LIMINA-ALLOC-STATS] pool=0xae3179b50 begins=93000 live=60 peak=67 draining=0 borrowed=59 pending=59 released=126 retired=106 mean_uses=167.5 sum=323.2MiB max=15.3MiB
[LIMINA-ALLOC-STATS] pool=0xae3179b50 begins=93500 live=60 peak=67 draining=0 borrowed=56 pending=56 released=126 retired=106 mean_uses=167.5 sum=323.2MiB max=15.3MiB
[LIMINA-ALLOC-STATS] pool=0xae3179b50 begins=94000 live=60 peak=67 draining=0 borrowed=54 pending=53 released=126 retired=106 mean_uses=167.5 sum=323.2MiB max=15.3MiB
[LIMINA-ALLOC-STATS] pool=0xae3179b50 begins=94500 live=60 peak=67 draining=0 borrowed=56 pending=55 released=126 retired=106 mean_uses=167.5 sum=325.2MiB max=15.3MiB
[LIMINA-ALLOC-STATS] pool=0xae3179b50 begins=95000 live=60 peak=67 draining=0 borrowed=55 pending=54 released=126 retired=106 mean_uses=167.5 sum=325.3MiB max=15.3MiB
[LIMINA-ALLOC-STATS] pool=0xae7e4db50 begins=9000 live=1 peak=1 draining=0 borrowed=1 pending=0 released=0 retired=0 mean_uses=0.0 sum=9.8MiB max=9.8MiB
[LIMINA-ALLOC-STATS] pool=0xae3179b50 begins=95500 live=60 peak=67 draining=0 borrowed=55 pending=54 released=126 retired=106 mean_uses=167.5 sum=325.3MiB max=15.3MiB
[LIMINA-ALLOC-STATS] pool=0xae3179b50 begins=96000 live=60 peak=67 draining=0 borrowed=57 pending=56 released=126 retired=106 mean_uses=167.5 sum=325.4MiB max=15.3MiB
[LIMINA-ALLOC-STATS] pool=0xae3179b50 begins=96500 live=60 peak=67 draining=0 borrowed=57 pending=56 released=126 retired=106 mean_uses=167.5 sum=325.4MiB max=15.3MiB
[LIMINA-ALLOC-STATS] pool=0xae3179b50 begins=97000 live=60 peak=67 draining=0 borrowed=52 pending=52 released=126 retired=106 mean_uses=167.5 sum=325.4MiB max=15.3MiB
[LIMINA-ALLOC-STATS] pool=0xae3179b50 begins=97500 live=60 peak=67 draining=0 borrowed=54 pending=54 released=126 retired=106 mean_uses=167.5 sum=325.4MiB max=15.3MiB
[LIMINA-ALLOC-STATS] pool=0xae7e4db50 begins=9500 live=1 peak=1 draining=0 borrowed=1 pending=0 released=0 retired=0 mean_uses=0.0 sum=9.8MiB max=9.8MiB
[LIMINA-ALLOC-STATS] pool=0xae3179b50 begins=98000 live=60 peak=67 draining=0 borrowed=54 pending=54 released=126 retired=106 mean_uses=167.5 sum=325.4MiB max=15.3MiB
[LIMINA-ALLOC-STATS] pool=0xae3179b50 begins=98500 live=60 peak=67 draining=0 borrowed=53 pending=53 released=126 retired=106 mean_uses=167.5 sum=325.4MiB max=15.3MiB
[LIMINA-ALLOC-STATS] pool=0xae3179b50 begins=99000 live=60 peak=67 draining=0 borrowed=57 pending=56 released=126 retired=106 mean_uses=167.5 sum=325.4MiB max=15.3MiB
[LIMINA-ALLOC-STATS] pool=0xae3179b50 begins=99500 live=60 peak=67 draining=0 borrowed=54 pending=54 released=126 retired=106 mean_uses=167.5 sum=325.4MiB max=15.3MiB
[LIMINA-ALLOC-STATS] pool=0xae3179b50 begins=100000 live=60 peak=67 draining=0 borrowed=54 pending=55 released=126 retired=106 mean_uses=167.5 sum=325.4MiB max=15.3MiB
[LIMINA-ALLOC-STATS] pool=0xae7e4db50 begins=10000 live=1 peak=1 draining=0 borrowed=1 pending=0 released=0 retired=0 mean_uses=0.0 sum=9.8MiB max=9.8MiB
[LIMINA-ALLOC-STATS] pool=0xae3179b50 begins=100500 live=60 peak=67 draining=0 borrowed=56 pending=56 released=126 retired=106 mean_uses=167.5 sum=325.6MiB max=15.3MiB
[LIMINA-ALLOC-STATS] pool=0xae3179b50 begins=101000 live=60 peak=67 draining=0 borrowed=55 pending=55 released=126 retired=106 mean_uses=167.5 sum=325.6MiB max=15.3MiB
[LIMINA-ALLOC-STATS] pool=0xae3179b50 begins=101500 live=60 peak=67 draining=0 borrowed=54 pending=54 released=126 retired=106 mean_uses=167.5 sum=325.6MiB max=15.3MiB
[LIMINA-ALLOC-STATS] pool=0xae3179b50 begins=102000 live=60 peak=67 draining=0 borrowed=55 pending=55 released=126 retired=106 mean_uses=167.5 sum=325.6MiB max=15.3MiB
[LIMINA-ALLOC-STATS] pool=0xae3179b50 begins=102500 live=60 peak=67 draining=0 borrowed=57 pending=57 released=126 retired=106 mean_uses=167.5 sum=325.6MiB max=15.3MiB
[LIMINA-ALLOC-STATS] pool=0xae7e4db50 begins=10500 live=1 peak=1 draining=0 borrowed=1 pending=0 released=0 retired=0 mean_uses=0.0 sum=9.8MiB max=9.8MiB
[LIMINA-ALLOC-STATS] pool=0xae3179b50 begins=103000 live=60 peak=67 draining=0 borrowed=53 pending=53 released=126 retired=106 mean_uses=167.5 sum=325.6MiB max=15.3MiB
[LIMINA-ALLOC-STATS] pool=0xae3179b50 begins=103500 live=60 peak=67 draining=0 borrowed=56 pending=56 released=126 retired=106 mean_uses=167.5 sum=325.6MiB max=15.3MiB
[LIMINA-ALLOC-STATS] pool=0xae3179b50 begins=104000 live=60 peak=67 draining=0 borrowed=56 pending=59 released=126 retired=106 mean_uses=167.5 sum=325.6MiB max=15.3MiB
[LIMINA-ALLOC-STATS] pool=0xae3179b50 begins=104500 live=60 peak=67 draining=0 borrowed=54 pending=53 released=126 retired=106 mean_uses=167.5 sum=325.6MiB max=15.3MiB
[LIMINA-ALLOC-STATS] pool=0xae3179b50 begins=105000 live=60 peak=67 draining=0 borrowed=56 pending=55 released=126 retired=106 mean_uses=167.5 sum=325.6MiB max=15.3MiB
[LIMINA-ALLOC-STATS] pool=0xae7e4db50 begins=11000 live=1 peak=1 draining=0 borrowed=1 pending=1 released=0 retired=0 mean_uses=0.0 sum=9.8MiB max=9.8MiB
[LIMINA-ALLOC-STATS] pool=0xae3179b50 begins=105500 live=60 peak=67 draining=0 borrowed=54 pending=54 released=126 retired=106 mean_uses=167.5 sum=325.6MiB max=15.3MiB
[LIMINA-ALLOC-STATS] pool=0xae3179b50 begins=106000 live=60 peak=67 draining=0 borrowed=53 pending=52 released=126 retired=106 mean_uses=167.5 sum=325.6MiB max=15.3MiB
[LIMINA-ALLOC-STATS] pool=0xae3179b50 begins=106500 live=60 peak=67 draining=0 borrowed=56 pending=56 released=126 retired=106 mean_uses=167.5 sum=327.6MiB max=15.3MiB
[LIMINA-ALLOC-STATS] pool=0xae3179b50 begins=107000 live=60 peak=67 draining=0 borrowed=56 pending=55 released=126 retired=106 mean_uses=167.5 sum=327.6MiB max=15.3MiB
[LIMINA-ALLOC-STATS] pool=0xae3179b50 begins=107500 live=60 peak=67 draining=0 borrowed=54 pending=54 released=126 retired=106 mean_uses=167.5 sum=327.6MiB max=15.3MiB
[LIMINA-ALLOC-STATS] pool=0xae7e4db50 begins=11500 live=1 peak=1 draining=0 borrowed=1 pending=1 released=0 retired=0 mean_uses=0.0 sum=9.8MiB max=9.8MiB
[LIMINA-ALLOC-STATS] pool=0xae3179b50 begins=108000 live=60 peak=67 draining=0 borrowed=56 pending=56 released=126 retired=106 mean_uses=167.5 sum=327.6MiB max=15.3MiB
[LIMINA-ALLOC-STATS] pool=0xae3179b50 begins=108500 live=60 peak=67 draining=0 borrowed=54 pending=53 released=126 retired=106 mean_uses=167.5 sum=327.6MiB max=15.3MiB
[LIMINA-ALLOC-STATS] pool=0xae3179b50 begins=109000 live=60 peak=67 draining=0 borrowed=54 pending=53 released=126 retired=106 mean_uses=167.5 sum=327.6MiB max=15.3MiB
[LIMINA-ALLOC-STATS] pool=0xae3179b50 begins=109500 live=60 peak=67 draining=0 borrowed=56 pending=55 released=126 retired=106 mean_uses=167.5 sum=327.6MiB max=15.3MiB
[LIMINA-ALLOC-STATS] pool=0xae3179b50 begins=110000 live=60 peak=67 draining=0 borrowed=55 pending=55 released=126 retired=106 mean_uses=167.5 sum=327.6MiB max=15.3MiB
[LIMINA-ALLOC-STATS] pool=0xae7e4db50 begins=12000 live=1 peak=1 draining=0 borrowed=1 pending=0 released=0 retired=0 mean_uses=0.0 sum=9.8MiB max=9.8MiB
[LIMINA-ALLOC-STATS] pool=0xae3179b50 begins=110500 live=60 peak=67 draining=0 borrowed=53 pending=52 released=126 retired=106 mean_uses=167.5 sum=327.6MiB max=15.3MiB
[LIMINA-ALLOC-STATS] pool=0xae3179b50 begins=111000 live=60 peak=67 draining=0 borrowed=56 pending=56 released=126 retired=106 mean_uses=167.5 sum=327.6MiB max=15.3MiB
[LIMINA-ALLOC-STATS] pool=0xae3179b50 begins=111500 live=60 peak=67 draining=0 borrowed=55 pending=54 released=126 retired=106 mean_uses=167.5 sum=327.6MiB max=15.3MiB
[LIMINA-ALLOC-STATS] pool=0xae3179b50 begins=112000 live=59 peak=67 draining=0 borrowed=54 pending=58 released=127 retired=106 mean_uses=167.5 sum=318.0MiB max=15.3MiB
[LIMINA-ALLOC-STATS] pool=0xae3179b50 begins=112500 live=59 peak=67 draining=0 borrowed=56 pending=56 released=127 retired=106 mean_uses=167.5 sum=318.0MiB max=15.3MiB
[LIMINA-ALLOC-STATS] pool=0xae7e4db50 begins=12500 live=1 peak=1 draining=0 borrowed=1 pending=0 released=0 retired=0 mean_uses=0.0 sum=9.8MiB max=9.8MiB
[LIMINA-ALLOC-STATS] pool=0xae3179b50 begins=113000 live=59 peak=67 draining=0 borrowed=56 pending=55 released=127 retired=106 mean_uses=167.5 sum=318.0MiB max=15.3MiB
[LIMINA-ALLOC-STATS] pool=0xae3179b50 begins=113500 live=59 peak=67 draining=0 borrowed=54 pending=53 released=127 retired=106 mean_uses=167.5 sum=318.0MiB max=15.3MiB
[LIMINA-ALLOC-STATS] pool=0xae3179b50 begins=114000 live=59 peak=67 draining=0 borrowed=56 pending=56 released=127 retired=106 mean_uses=167.5 sum=318.0MiB max=15.3MiB
[LIMINA-ALLOC-STATS] pool=0xae3179b50 begins=114500 live=59 peak=67 draining=0 borrowed=55 pending=55 released=127 retired=106 mean_uses=167.5 sum=318.0MiB max=15.3MiB
[LIMINA-ALLOC-STATS] pool=0xae3179b50 begins=115000 live=59 peak=67 draining=0 borrowed=53 pending=52 released=127 retired=106 mean_uses=167.5 sum=318.0MiB max=15.3MiB
[LIMINA-ALLOC-STATS] pool=0xae7e4db50 begins=13000 live=1 peak=1 draining=0 borrowed=1 pending=0 released=0 retired=0 mean_uses=0.0 sum=9.8MiB max=9.8MiB
[LIMINA-ALLOC-STATS] pool=0xae3179b50 begins=115500 live=59 peak=67 draining=0 borrowed=55 pending=55 released=127 retired=106 mean_uses=167.5 sum=318.1MiB max=15.3MiB
[LIMINA-ALLOC-STATS] pool=0xae3179b50 begins=116000 live=59 peak=67 draining=0 borrowed=54 pending=54 released=127 retired=106 mean_uses=167.5 sum=318.1MiB max=15.3MiB
[LIMINA-ALLOC-STATS] pool=0xae317db50 begins=1000 live=1 peak=1 draining=0 borrowed=1 pending=0 released=0 retired=0 mean_uses=0.0 sum=4.9MiB max=4.9MiB
[LIMINA-ALLOC-STATS] pool=0xae3179b50 begins=116500 live=59 peak=67 draining=0 borrowed=54 pending=53 released=127 retired=106 mean_uses=167.5 sum=318.1MiB max=15.3MiB
[LIMINA-ALLOC-STATS] pool=0xae3181b50 begins=1000 live=1 peak=1 draining=0 borrowed=1 pending=0 released=0 retired=0 mean_uses=0.0 sum=4.9MiB max=4.9MiB
[LIMINA-ALLOC-STATS] pool=0xae3179b50 begins=117000 live=59 peak=67 draining=0 borrowed=57 pending=56 released=127 retired=106 mean_uses=167.5 sum=318.1MiB max=15.3MiB
[LIMINA-ALLOC-STATS] pool=0xae3179b50 begins=117500 live=59 peak=67 draining=0 borrowed=53 pending=53 released=127 retired=106 mean_uses=167.5 sum=318.1MiB max=15.3MiB
[LIMINA-ALLOC-STATS] pool=0xae7e4db50 begins=13500 live=1 peak=1 draining=0 borrowed=1 pending=0 released=0 retired=0 mean_uses=0.0 sum=9.8MiB max=9.8MiB
[LIMINA-ALLOC-STATS] pool=0xae3179b50 begins=118000 live=59 peak=67 draining=0 borrowed=53 pending=52 released=127 retired=106 mean_uses=167.5 sum=318.1MiB max=15.3MiB
[LIMINA-ALLOC-STATS] pool=0xae3179b50 begins=118500 live=59 peak=67 draining=0 borrowed=57 pending=60 released=127 retired=106 mean_uses=167.5 sum=318.1MiB max=15.3MiB
[LIMINA-ALLOC-STATS] pool=0xae3179b50 begins=119000 live=59 peak=67 draining=0 borrowed=56 pending=55 released=127 retired=106 mean_uses=167.5 sum=318.1MiB max=15.3MiB
[LIMINA-ALLOC-STATS] pool=0xae3179b50 begins=119500 live=59 peak=67 draining=0 borrowed=56 pending=55 released=127 retired=106 mean_uses=167.5 sum=318.3MiB max=15.3MiB
[LIMINA-ALLOC-STATS] pool=0xae3179b50 begins=120000 live=59 peak=67 draining=0 borrowed=56 pending=56 released=127 retired=106 mean_uses=167.5 sum=318.3MiB max=15.3MiB
[LIMINA-ALLOC-STATS] pool=0xae7e4db50 begins=14000 live=1 peak=1 draining=0 borrowed=1 pending=0 released=0 retired=0 mean_uses=0.0 sum=9.8MiB max=9.8MiB
[LIMINA-ALLOC-STATS] pool=0xae3179b50 begins=120500 live=59 peak=67 draining=0 borrowed=54 pending=54 released=127 retired=106 mean_uses=167.5 sum=318.3MiB max=15.3MiB
[LIMINA-ALLOC-STATS] pool=0xae3179b50 begins=121000 live=59 peak=67 draining=0 borrowed=54 pending=54 released=127 retired=106 mean_uses=167.5 sum=318.3MiB max=15.3MiB
[LIMINA-ALLOC-STATS] pool=0xae3179b50 begins=121500 live=59 peak=67 draining=0 borrowed=56 pending=56 released=127 retired=106 mean_uses=167.5 sum=318.4MiB max=15.3MiB
[LIMINA-ALLOC-STATS] pool=0xae3179b50 begins=122000 live=59 peak=67 draining=0 borrowed=54 pending=54 released=127 retired=106 mean_uses=167.5 sum=318.4MiB max=15.3MiB
[LIMINA-ALLOC-STATS] pool=0xae7e4db50 begins=14500 live=1 peak=1 draining=0 borrowed=1 pending=0 released=0 retired=0 mean_uses=0.0 sum=9.8MiB max=9.8MiB
[LIMINA-ALLOC-STATS] pool=0xae3179b50 begins=122500 live=59 peak=67 draining=0 borrowed=54 pending=53 released=127 retired=106 mean_uses=167.5 sum=318.4MiB max=15.3MiB
[LIMINA-ALLOC-STATS] pool=0xae3179b50 begins=123000 live=59 peak=67 draining=0 borrowed=54 pending=53 released=127 retired=106 mean_uses=167.5 sum=320.4MiB max=15.3MiB
[LIMINA-ALLOC-STATS] pool=0xae3179b50 begins=123500 live=59 peak=67 draining=0 borrowed=56 pending=56 released=127 retired=106 mean_uses=167.5 sum=320.4MiB max=15.3MiB
[LIMINA-ALLOC-STATS] pool=0xae3179b50 begins=124000 live=59 peak=67 draining=0 borrowed=54 pending=54 released=127 retired=106 mean_uses=167.5 sum=320.4MiB max=15.3MiB
[LIMINA-ALLOC-STATS] pool=0xae3179b50 begins=124500 live=59 peak=67 draining=0 borrowed=55 pending=56 released=127 retired=106 mean_uses=167.5 sum=320.4MiB max=15.3MiB
[LIMINA-ALLOC-STATS] pool=0xae7e4db50 begins=15000 live=1 peak=1 draining=0 borrowed=1 pending=0 released=0 retired=0 mean_uses=0.0 sum=9.8MiB max=9.8MiB
[LIMINA-ALLOC-STATS] pool=0xae3179b50 begins=125000 live=59 peak=67 draining=0 borrowed=55 pending=54 released=127 retired=106 mean_uses=167.5 sum=320.4MiB max=15.3MiB
[LIMINA-ALLOC-STATS] pool=0xae3179b50 begins=125500 live=59 peak=67 draining=0 borrowed=54 pending=54 released=127 retired=106 mean_uses=167.5 sum=320.4MiB max=15.3MiB
[LIMINA-ALLOC-STATS] pool=0xae3179b50 begins=126000 live=59 peak=67 draining=0 borrowed=57 pending=60 released=127 retired=106 mean_uses=167.5 sum=320.4MiB max=15.3MiB
[LIMINA-ALLOC-STATS] pool=0xae3179b50 begins=126500 live=59 peak=67 draining=0 borrowed=56 pending=56 released=127 retired=106 mean_uses=167.5 sum=320.4MiB max=15.3MiB
[LIMINA-ALLOC-STATS] pool=0xae3179b50 begins=127000 live=59 peak=67 draining=0 borrowed=53 pending=52 released=127 retired=106 mean_uses=167.5 sum=320.4MiB max=15.3MiB
[LIMINA-ALLOC-STATS] pool=0xae7e4db50 begins=15500 live=1 peak=1 draining=0 borrowed=1 pending=0 released=0 retired=0 mean_uses=0.0 sum=9.8MiB max=9.8MiB
[LIMINA-ALLOC-STATS] pool=0xae3179b50 begins=127500 live=59 peak=67 draining=0 borrowed=55 pending=55 released=127 retired=106 mean_uses=167.5 sum=320.4MiB max=15.3MiB
[LIMINA-ALLOC-STATS] pool=0xae3179b50 begins=128000 live=59 peak=67 draining=0 borrowed=55 pending=56 released=127 retired=106 mean_uses=167.5 sum=320.4MiB max=15.3MiB
[LIMINA-ALLOC-STATS] pool=0xae3179b50 begins=128500 live=59 peak=67 draining=0 borrowed=54 pending=53 released=127 retired=106 mean_uses=167.5 sum=320.4MiB max=15.3MiB
[LIMINA-ALLOC-STATS] pool=0xae3179b50 begins=129000 live=59 peak=67 draining=0 borrowed=55 pending=55 released=127 retired=106 mean_uses=167.5 sum=320.4MiB max=15.3MiB
[LIMINA-ALLOC-STATS] pool=0xae3179b50 begins=129500 live=59 peak=67 draining=0 borrowed=56 pending=56 released=127 retired=106 mean_uses=167.5 sum=320.4MiB max=15.3MiB
[LIMINA-ALLOC-STATS] pool=0xae7e4db50 begins=16000 live=1 peak=1 draining=0 borrowed=1 pending=1 released=0 retired=0 mean_uses=0.0 sum=9.8MiB max=9.8MiB
[LIMINA-ALLOC-STATS] pool=0xae3179b50 begins=130000 live=59 peak=67 draining=0 borrowed=55 pending=55 released=127 retired=106 mean_uses=167.5 sum=320.4MiB max=15.3MiB
[LIMINA-ALLOC-STATS] pool=0xae3179b50 begins=130500 live=59 peak=67 draining=0 borrowed=55 pending=55 released=127 retired=106 mean_uses=167.5 sum=320.4MiB max=15.3MiB
[LIMINA-ALLOC-STATS] pool=0xae3179b50 begins=131000 live=59 peak=67 draining=0 borrowed=55 pending=54 released=127 retired=106 mean_uses=167.5 sum=320.4MiB max=15.3MiB
[LIMINA-ALLOC-STATS] pool=0xae3179b50 begins=131500 live=59 peak=67 draining=0 borrowed=55 pending=55 released=127 retired=106 mean_uses=167.5 sum=320.4MiB max=15.3MiB
[LIMINA-ALLOC-STATS] pool=0xae3179b50 begins=132000 live=59 peak=67 draining=0 borrowed=56 pending=55 released=127 retired=106 mean_uses=167.5 sum=320.4MiB max=15.3MiB
[LIMINA-ALLOC-STATS] pool=0xae7e4db50 begins=16500 live=1 peak=1 draining=0 borrowed=1 pending=1 released=0 retired=0 mean_uses=0.0 sum=9.8MiB max=9.8MiB
[LIMINA-ALLOC-STATS] pool=0xae3179b50 begins=132500 live=59 peak=67 draining=0 borrowed=54 pending=54 released=127 retired=106 mean_uses=167.5 sum=320.4MiB max=15.3MiB
[LIMINA-ALLOC-STATS] pool=0xae3179b50 begins=133000 live=59 peak=67 draining=0 borrowed=54 pending=53 released=127 retired=106 mean_uses=167.5 sum=320.4MiB max=15.3MiB
[LIMINA-ALLOC-STATS] pool=0xae3179b50 begins=133500 live=59 peak=67 draining=0 borrowed=55 pending=55 released=127 retired=106 mean_uses=167.5 sum=320.4MiB max=15.3MiB
[LIMINA-ALLOC-STATS] pool=0xae3179b50 begins=134000 live=59 peak=67 draining=0 borrowed=56 pending=56 released=127 retired=106 mean_uses=167.5 sum=320.4MiB max=15.3MiB
[LIMINA-ALLOC-STATS] pool=0xae3179b50 begins=134500 live=59 peak=67 draining=0 borrowed=54 pending=54 released=127 retired=106 mean_uses=167.5 sum=320.5MiB max=15.3MiB
[LIMINA-ALLOC-STATS] pool=0xae7e4db50 begins=17000 live=1 peak=1 draining=0 borrowed=1 pending=1 released=0 retired=0 mean_uses=0.0 sum=9.8MiB max=9.8MiB
[LIMINA-ALLOC-STATS] pool=0xae3179b50 begins=135000 live=59 peak=67 draining=0 borrowed=55 pending=54 released=127 retired=106 mean_uses=167.5 sum=320.5MiB max=15.3MiB
[LIMINA-ALLOC-STATS] pool=0xae3179b50 begins=135500 live=59 peak=67 draining=0 borrowed=56 pending=56 released=127 retired=106 mean_uses=167.5 sum=320.6MiB max=15.3MiB
[LIMINA-ALLOC-STATS] pool=0xae3179b50 begins=136000 live=59 peak=67 draining=0 borrowed=53 pending=52 released=127 retired=106 mean_uses=167.5 sum=320.6MiB max=15.3MiB
[LIMINA-ALLOC-STATS] pool=0xae3179b50 begins=136500 live=59 peak=67 draining=0 borrowed=56 pending=56 released=127 retired=106 mean_uses=167.5 sum=320.6MiB max=15.3MiB
[LIMINA-ALLOC-STATS] pool=0xae3179b50 begins=137000 live=59 peak=67 draining=0 borrowed=55 pending=54 released=127 retired=106 mean_uses=167.5 sum=320.6MiB max=15.3MiB
[LIMINA-ALLOC-STATS] pool=0xae7e4db50 begins=17500 live=1 peak=1 draining=0 borrowed=1 pending=0 released=0 retired=0 mean_uses=0.0 sum=9.8MiB max=9.8MiB
[LIMINA-ALLOC-STATS] pool=0xae3179b50 begins=137500 live=59 peak=67 draining=0 borrowed=55 pending=55 released=127 retired=106 mean_uses=167.5 sum=320.6MiB max=15.3MiB
[LIMINA-ALLOC-STATS] pool=0xae3179b50 begins=138000 live=59 peak=67 draining=0 borrowed=58 pending=58 released=127 retired=106 mean_uses=167.5 sum=320.6MiB max=15.3MiB
[LIMINA-ALLOC-STATS] pool=0xae3179b50 begins=138500 live=60 peak=67 draining=0 borrowed=56 pending=56 released=127 retired=106 mean_uses=167.5 sum=320.6MiB max=15.3MiB
[LIMINA-ALLOC-STATS] pool=0xae3179b50 begins=139000 live=60 peak=67 draining=0 borrowed=53 pending=53 released=127 retired=106 mean_uses=167.5 sum=323.2MiB max=15.3MiB
[LIMINA-ALLOC-STATS] pool=0xae3179b50 begins=139500 live=60 peak=67 draining=0 borrowed=56 pending=56 released=127 retired=106 mean_uses=167.5 sum=323.6MiB max=15.3MiB
[LIMINA-ALLOC-STATS] pool=0xae7e4db50 begins=18000 live=1 peak=1 draining=0 borrowed=1 pending=1 released=0 retired=0 mean_uses=0.0 sum=9.8MiB max=9.8MiB
[LIMINA-ALLOC-STATS] pool=0xae3179b50 begins=140000 live=60 peak=67 draining=0 borrowed=55 pending=55 released=127 retired=106 mean_uses=167.5 sum=323.6MiB max=15.3MiB
[LIMINA-ALLOC-STATS] pool=0xae3179b50 begins=140500 live=60 peak=67 draining=0 borrowed=53 pending=53 released=127 retired=106 mean_uses=167.5 sum=323.6MiB max=15.3MiB
[LIMINA-ALLOC-STATS] pool=0xae3179b50 begins=141000 live=60 peak=67 draining=0 borrowed=56 pending=56 released=127 retired=106 mean_uses=167.5 sum=323.6MiB max=15.3MiB
[LIMINA-ALLOC-STATS] pool=0xae3179b50 begins=141500 live=60 peak=67 draining=0 borrowed=55 pending=57 released=127 retired=106 mean_uses=167.5 sum=323.6MiB max=15.3MiB
[LIMINA-ALLOC-STATS] pool=0xae3179b50 begins=142000 live=60 peak=67 draining=0 borrowed=54 pending=54 released=127 retired=106 mean_uses=167.5 sum=324.4MiB max=15.3MiB
[LIMINA-ALLOC-STATS] pool=0xae7e4db50 begins=18500 live=1 peak=1 draining=0 borrowed=1 pending=1 released=0 retired=0 mean_uses=0.0 sum=9.8MiB max=9.8MiB
[LIMINA-ALLOC-STATS] pool=0xae3179b50 begins=142500 live=60 peak=67 draining=0 borrowed=55 pending=54 released=127 retired=106 mean_uses=167.5 sum=324.4MiB max=15.3MiB
[LIMINA-ALLOC-STATS] pool=0xae3179b50 begins=143000 live=60 peak=67 draining=0 borrowed=54 pending=54 released=127 retired=106 mean_uses=167.5 sum=324.4MiB max=15.3MiB
[LIMINA-ALLOC-STATS] pool=0xae3179b50 begins=143500 live=60 peak=67 draining=0 borrowed=53 pending=52 released=127 retired=106 mean_uses=167.5 sum=324.4MiB max=15.3MiB
[LIMINA-ALLOC-STATS] pool=0xae3179b50 begins=144000 live=60 peak=67 draining=0 borrowed=55 pending=54 released=127 retired=106 mean_uses=167.5 sum=324.4MiB max=15.3MiB
[LIMINA-ALLOC-STATS] pool=0xae3179b50 begins=144500 live=60 peak=67 draining=0 borrowed=55 pending=54 released=127 retired=106 mean_uses=167.5 sum=324.4MiB max=15.3MiB
[LIMINA-ALLOC-STATS] pool=0xae3179b50 begins=145000 live=60 peak=67 draining=0 borrowed=53 pending=53 released=127 retired=106 mean_uses=167.5 sum=324.4MiB max=15.3MiB
[LIMINA-ALLOC-STATS] pool=0xae7e4db50 begins=19000 live=1 peak=1 draining=0 borrowed=1 pending=1 released=0 retired=0 mean_uses=0.0 sum=9.8MiB max=9.8MiB
[LIMINA-ALLOC-STATS] pool=0xae3179b50 begins=145500 live=60 peak=67 draining=0 borrowed=57 pending=56 released=127 retired=106 mean_uses=167.5 sum=324.4MiB max=15.3MiB
[LIMINA-ALLOC-STATS] pool=0xae3179b50 begins=146000 live=62 peak=67 draining=0 borrowed=56 pending=55 released=127 retired=106 mean_uses=167.5 sum=324.5MiB max=15.3MiB
[LIMINA-ALLOC-STATS] pool=0xae3179b50 begins=146500 live=62 peak=67 draining=0 borrowed=53 pending=53 released=127 retired=106 mean_uses=167.5 sum=330.7MiB max=15.3MiB
[LIMINA-ALLOC-STATS] pool=0xae3179b50 begins=147000 live=62 peak=67 draining=0 borrowed=56 pending=56 released=127 retired=106 mean_uses=167.5 sum=331.8MiB max=15.3MiB
[LIMINA-ALLOC-STATS] pool=0xae3179b50 begins=147500 live=62 peak=67 draining=0 borrowed=56 pending=55 released=127 retired=106 mean_uses=167.5 sum=331.8MiB max=15.3MiB
[LIMINA-ALLOC-STATS] pool=0xae7e4db50 begins=19500 live=1 peak=1 draining=0 borrowed=1 pending=0 released=0 retired=0 mean_uses=0.0 sum=9.8MiB max=9.8MiB
[LIMINA-ALLOC-STATS] pool=0xae3179b50 begins=148000 live=62 peak=67 draining=0 borrowed=56 pending=58 released=127 retired=106 mean_uses=167.5 sum=332.0MiB max=15.3MiB
[LIMINA-ALLOC-STATS] pool=0xae3179b50 begins=148500 live=62 peak=67 draining=0 borrowed=58 pending=57 released=127 retired=106 mean_uses=167.5 sum=332.0MiB max=15.3MiB
[LIMINA-ALLOC-STATS] pool=0xae3179b50 begins=149000 live=62 peak=67 draining=0 borrowed=54 pending=54 released=127 retired=106 mean_uses=167.5 sum=332.0MiB max=15.3MiB
[LIMINA-ALLOC-STATS] pool=0xae3179b50 begins=149500 live=62 peak=67 draining=0 borrowed=54 pending=53 released=127 retired=106 mean_uses=167.5 sum=332.0MiB max=15.3MiB
[LIMINA-ALLOC-STATS] pool=0xae3179b50 begins=150000 live=62 peak=67 draining=0 borrowed=57 pending=56 released=127 retired=106 mean_uses=167.5 sum=332.0MiB max=15.3MiB
[LIMINA-ALLOC-STATS] pool=0xae7e4db50 begins=20000 live=1 peak=1 draining=0 borrowed=1 pending=0 released=0 retired=0 mean_uses=0.0 sum=9.8MiB max=9.8MiB
[LIMINA-ALLOC-STATS] pool=0xae3179b50 begins=150500 live=62 peak=67 draining=0 borrowed=54 pending=54 released=127 retired=106 mean_uses=167.5 sum=332.0MiB max=15.3MiB
[LIMINA-ALLOC-STATS] pool=0xae3179b50 begins=151000 live=62 peak=67 draining=0 borrowed=54 pending=58 released=127 retired=106 mean_uses=167.5 sum=332.0MiB max=15.3MiB
[LIMINA-ALLOC-STATS] pool=0xae3179b50 begins=151500 live=62 peak=67 draining=0 borrowed=58 pending=58 released=127 retired=106 mean_uses=167.5 sum=332.0MiB max=15.3MiB
[LIMINA-ALLOC-STATS] pool=0xae3179b50 begins=152000 live=62 peak=67 draining=0 borrowed=54 pending=53 released=127 retired=106 mean_uses=167.5 sum=332.0MiB max=15.3MiB
[LIMINA-ALLOC-STATS] pool=0xae3179b50 begins=152500 live=62 peak=67 draining=0 borrowed=53 pending=53 released=127 retired=106 mean_uses=167.5 sum=332.0MiB max=15.3MiB
[LIMINA-ALLOC-STATS] pool=0xae7e4db50 begins=20500 live=1 peak=1 draining=0 borrowed=1 pending=0 released=0 retired=0 mean_uses=0.0 sum=9.8MiB max=9.8MiB
[LIMINA-ALLOC-STATS] pool=0xae3179b50 begins=153000 live=62 peak=67 draining=0 borrowed=57 pending=56 released=127 retired=106 mean_uses=167.5 sum=332.0MiB max=15.3MiB
[LIMINA-ALLOC-STATS] pool=0xae3179b50 begins=153500 live=62 peak=67 draining=0 borrowed=55 pending=54 released=127 retired=106 mean_uses=167.5 sum=332.0MiB max=15.3MiB
[LIMINA-ALLOC-STATS] pool=0xae3179b50 begins=154000 live=62 peak=67 draining=0 borrowed=55 pending=55 released=127 retired=106 mean_uses=167.5 sum=332.0MiB max=15.3MiB
[LIMINA-ALLOC-STATS] pool=0xae3179b50 begins=154500 live=62 peak=67 draining=0 borrowed=57 pending=56 released=127 retired=106 mean_uses=167.5 sum=332.0MiB max=15.3MiB
[LIMINA-ALLOC-STATS] pool=0xae3179b50 begins=155000 live=62 peak=67 draining=0 borrowed=54 pending=55 released=127 retired=106 mean_uses=167.5 sum=332.1MiB max=15.3MiB
[LIMINA-ALLOC-STATS] pool=0xae7e4db50 begins=21000 live=1 peak=1 draining=0 borrowed=1 pending=0 released=0 retired=0 mean_uses=0.0 sum=9.8MiB max=9.8MiB
[LIMINA-ALLOC-STATS] pool=0xae3179b50 begins=155500 live=62 peak=67 draining=0 borrowed=53 pending=52 released=127 retired=106 mean_uses=167.5 sum=332.1MiB max=15.3MiB
[LIMINA-ALLOC-STATS] pool=0xae3179b50 begins=156000 live=62 peak=67 draining=0 borrowed=56 pending=56 released=127 retired=106 mean_uses=167.5 sum=332.1MiB max=15.3MiB
[LIMINA-ALLOC-STATS] pool=0xae3179b50 begins=156500 live=62 peak=67 draining=0 borrowed=56 pending=59 released=127 retired=106 mean_uses=167.5 sum=332.1MiB max=15.3MiB
[LIMINA-ALLOC-STATS] pool=0xae3179b50 begins=157000 live=62 peak=67 draining=0 borrowed=54 pending=54 released=127 retired=106 mean_uses=167.5 sum=332.1MiB max=15.3MiB
[LIMINA-ALLOC-STATS] pool=0xae3179b50 begins=157500 live=62 peak=67 draining=0 borrowed=55 pending=58 released=127 retired=106 mean_uses=167.5 sum=332.2MiB max=15.3MiB
[LIMINA-ALLOC-STATS] pool=0xae7e4db50 begins=21500 live=1 peak=1 draining=0 borrowed=1 pending=0 released=0 retired=0 mean_uses=0.0 sum=9.8MiB max=9.8MiB
[LIMINA-ALLOC-STATS] pool=0xae3179b50 begins=158000 live=62 peak=67 draining=0 borrowed=54 pending=54 released=127 retired=106 mean_uses=167.5 sum=332.3MiB max=15.3MiB
[LIMINA-ALLOC-STATS] pool=0xae3179b50 begins=158500 live=62 peak=67 draining=0 borrowed=54 pending=53 released=127 retired=106 mean_uses=167.5 sum=332.3MiB max=15.3MiB
[LIMINA-ALLOC-STATS] pool=0xae3179b50 begins=159000 live=62 peak=67 draining=0 borrowed=56 pending=55 released=127 retired=106 mean_uses=167.5 sum=332.3MiB max=15.3MiB
[LIMINA-ALLOC-STATS] pool=0xae3179b50 begins=159500 live=62 peak=67 draining=0 borrowed=55 pending=56 released=127 retired=106 mean_uses=167.5 sum=332.5MiB max=15.3MiB
[LIMINA-ALLOC-STATS] pool=0xae3179b50 begins=160000 live=62 peak=67 draining=0 borrowed=53 pending=53 released=127 retired=106 mean_uses=167.5 sum=332.5MiB max=15.3MiB
[LIMINA-ALLOC-STATS] pool=0xae3179b50 begins=160500 live=62 peak=67 draining=0 borrowed=56 pending=56 released=127 retired=106 mean_uses=167.5 sum=332.5MiB max=15.3MiB
[LIMINA-ALLOC-STATS] pool=0xae7e4db50 begins=22000 live=1 peak=1 draining=0 borrowed=1 pending=0 released=0 retired=0 mean_uses=0.0 sum=9.8MiB max=9.8MiB
[LIMINA-ALLOC-STATS] pool=0xae3179b50 begins=161000 live=62 peak=67 draining=0 borrowed=55 pending=55 released=127 retired=106 mean_uses=167.5 sum=332.5MiB max=15.3MiB
[LIMINA-ALLOC-STATS] pool=0xae3179b50 begins=161500 live=62 peak=67 draining=0 borrowed=56 pending=55 released=127 retired=106 mean_uses=167.5 sum=332.5MiB max=15.3MiB
[LIMINA-ALLOC-STATS] pool=0xae3179b50 begins=162000 live=60 peak=67 draining=0 borrowed=57 pending=57 released=129 retired=106 mean_uses=167.5 sum=322.8MiB max=15.3MiB
[LIMINA-ALLOC-STATS] pool=0xae3179b50 begins=162500 live=60 peak=67 draining=0 borrowed=56 pending=57 released=129 retired=106 mean_uses=167.5 sum=322.8MiB max=15.3MiB
[LIMINA-ALLOC-STATS] pool=0xae3179b50 begins=163000 live=60 peak=67 draining=0 borrowed=55 pending=56 released=129 retired=106 mean_uses=167.5 sum=322.8MiB max=15.3MiB
[LIMINA-ALLOC-STATS] pool=0xae7e4db50 begins=22500 live=1 peak=1 draining=0 borrowed=1 pending=0 released=0 retired=0 mean_uses=0.0 sum=9.8MiB max=9.8MiB
[LIMINA-ALLOC-STATS] pool=0xae3179b50 begins=163500 live=60 peak=67 draining=0 borrowed=56 pending=55 released=129 retired=106 mean_uses=167.5 sum=324.8MiB max=15.3MiB
[LIMINA-ALLOC-STATS] pool=0xae3179b50 begins=164000 live=60 peak=67 draining=0 borrowed=54 pending=53 released=129 retired=106 mean_uses=167.5 sum=324.8MiB max=15.3MiB
[LIMINA-ALLOC-STATS] pool=0xae3179b50 begins=164500 live=60 peak=67 draining=0 borrowed=54 pending=53 released=129 retired=106 mean_uses=167.5 sum=324.8MiB max=15.3MiB
[LIMINA-ALLOC-STATS] pool=0xae3179b50 begins=165000 live=60 peak=67 draining=0 borrowed=53 pending=54 released=129 retired=106 mean_uses=167.5 sum=324.8MiB max=15.3MiB
[LIMINA-ALLOC-STATS] pool=0xae3179b50 begins=165500 live=60 peak=67 draining=0 borrowed=54 pending=53 released=129 retired=106 mean_uses=167.5 sum=324.8MiB max=15.3MiB
[LIMINA-ALLOC-STATS] pool=0xae3179b50 begins=166000 live=60 peak=67 draining=0 borrowed=53 pending=52 released=129 retired=106 mean_uses=167.5 sum=324.8MiB max=15.3MiB
[LIMINA-ALLOC-STATS] pool=0xae7e4db50 begins=23000 live=1 peak=1 draining=0 borrowed=1 pending=0 released=0 retired=0 mean_uses=0.0 sum=9.8MiB max=9.8MiB
[LIMINA-ALLOC-STATS] pool=0xae3179b50 begins=166500 live=60 peak=67 draining=0 borrowed=56 pending=57 released=129 retired=106 mean_uses=167.5 sum=324.8MiB max=15.3MiB
[LIMINA-ALLOC-STATS] pool=0xae3179b50 begins=167000 live=60 peak=67 draining=0 borrowed=53 pending=54 released=129 retired=106 mean_uses=167.5 sum=324.8MiB max=15.3MiB
[LIMINA-ALLOC-STATS] pool=0xae3179b50 begins=167500 live=60 peak=67 draining=0 borrowed=54 pending=53 released=129 retired=106 mean_uses=167.5 sum=324.8MiB max=15.3MiB
[LIMINA-ALLOC-STATS] pool=0xae3179b50 begins=168000 live=60 peak=67 draining=0 borrowed=56 pending=56 released=129 retired=106 mean_uses=167.5 sum=324.8MiB max=15.3MiB
[LIMINA-ALLOC-STATS] pool=0xae3179b50 begins=168500 live=60 peak=67 draining=0 borrowed=56 pending=55 released=129 retired=106 mean_uses=167.5 sum=324.8MiB max=15.3MiB
[LIMINA-ALLOC-STATS] pool=0xae7e4db50 begins=23500 live=1 peak=1 draining=0 borrowed=1 pending=0 released=0 retired=0 mean_uses=0.0 sum=9.8MiB max=9.8MiB
[LIMINA-ALLOC-STATS] pool=0xae3179b50 begins=169000 live=60 peak=67 draining=0 borrowed=56 pending=55 released=129 retired=106 mean_uses=167.5 sum=324.8MiB max=15.3MiB
[LIMINA-ALLOC-STATS] pool=0xae3179b50 begins=169500 live=60 peak=67 draining=0 borrowed=53 pending=55 released=129 retired=106 mean_uses=167.5 sum=324.8MiB max=15.3MiB
[LIMINA-ALLOC-STATS] pool=0xae3179b50 begins=170000 live=60 peak=67 draining=0 borrowed=55 pending=55 released=129 retired=106 mean_uses=167.5 sum=324.8MiB max=15.3MiB
[LIMINA-ALLOC-STATS] pool=0xae3179b50 begins=170500 live=60 peak=67 draining=0 borrowed=54 pending=53 released=129 retired=106 mean_uses=167.5 sum=324.8MiB max=15.3MiB
[LIMINA-ALLOC-STATS] pool=0xae3179b50 begins=171000 live=60 peak=67 draining=0 borrowed=56 pending=55 released=129 retired=106 mean_uses=167.5 sum=324.8MiB max=15.3MiB
[LIMINA-ALLOC-STATS] pool=0xae7e4db50 begins=24000 live=1 peak=1 draining=0 borrowed=1 pending=0 released=0 retired=0 mean_uses=0.0 sum=9.8MiB max=9.8MiB
[LIMINA-ALLOC-STATS] pool=0xae3179b50 begins=171500 live=60 peak=67 draining=0 borrowed=55 pending=55 released=129 retired=106 mean_uses=167.5 sum=324.8MiB max=15.3MiB
[LIMINA-ALLOC-STATS] pool=0xae3179b50 begins=172000 live=60 peak=67 draining=0 borrowed=54 pending=54 released=129 retired=106 mean_uses=167.5 sum=324.8MiB max=15.3MiB
[LIMINA-ALLOC-POOL] teardown: pool=0xae7e4db50 live=1 peak=1 released=0 ceiling-waits=0 ceiling-fails=0
[2026-10-07T14:24:33.679535Z INFO  krun_devices::virtio::gpu::virtio_gpu] CTX_CREATE ctx=10 init=0x4 name=Some("vkmark\0\0\0\0\0\0\0\0\0\0\0\0\0\0\0\0\0\0\0\0\0\0\0\0\0\0\0\0\0\0\0\0\0\0\0\0\0\0\0\0\0\0\0\0\0\0\0\0\0\0\0\0\0\0\0\0\0\0")
[LIMINA-ALLOC-STATS] pool=0xae3179b50 begins=172500 live=60 peak=67 draining=0 borrowed=54 pending=53 released=129 retired=106 mean_uses=167.5 sum=325.4MiB max=15.3MiB
[LIMINA-ALLOC-STATS] pool=0xae3179b50 begins=173000 live=60 peak=67 draining=0 borrowed=52 pending=52 released=129 retired=106 mean_uses=167.5 sum=328.4MiB max=15.3MiB
[LIMINA-ALLOC-STATS] pool=0xae3179b50 begins=173500 live=60 peak=67 draining=0 borrowed=56 pending=56 released=129 retired=106 mean_uses=167.5 sum=330.4MiB max=15.3MiB
[LIMINA-ALLOC-STATS] pool=0xae3179b50 begins=174000 live=60 peak=67 draining=0 borrowed=55 pending=55 released=129 retired=106 mean_uses=167.5 sum=330.5MiB max=15.3MiB
[LIMINA-ALLOC-STATS] pool=0xae3179b50 begins=174500 live=60 peak=67 draining=0 borrowed=54 pending=55 released=129 retired=106 mean_uses=167.5 sum=330.5MiB max=15.3MiB
[LIMINA-ALLOC-STATS] pool=0xae3179b50 begins=175000 live=60 peak=67 draining=0 borrowed=54 pending=53 released=129 retired=106 mean_uses=167.5 sum=330.5MiB max=15.3MiB
[LIMINA-ALLOC-STATS] pool=0xae7e4db50 begins=500 live=1 peak=1 draining=0 borrowed=1 pending=0 released=0 retired=0 mean_uses=0.0 sum=9.8MiB max=9.8MiB
[LIMINA-ALLOC-STATS] pool=0xae3179b50 begins=175500 live=60 peak=67 draining=0 borrowed=57 pending=56 released=129 retired=106 mean_uses=167.5 sum=330.5MiB max=15.3MiB
[LIMINA-ALLOC-STATS] pool=0xae3179b50 begins=176000 live=60 peak=67 draining=0 borrowed=54 pending=53 released=129 retired=106 mean_uses=167.5 sum=330.5MiB max=15.3MiB
[LIMINA-ALLOC-STATS] pool=0xae3179b50 begins=176500 live=60 peak=67 draining=0 borrowed=53 pending=54 released=129 retired=106 mean_uses=167.5 sum=330.5MiB max=15.3MiB
[LIMINA-ALLOC-STATS] pool=0xae3179b50 begins=177000 live=60 peak=67 draining=0 borrowed=56 pending=56 released=129 retired=106 mean_uses=167.5 sum=330.5MiB max=15.3MiB
[LIMINA-ALLOC-STATS] pool=0xae3179b50 begins=177500 live=60 peak=67 draining=0 borrowed=54 pending=54 released=129 retired=106 mean_uses=167.5 sum=330.5MiB max=15.3MiB
[LIMINA-ALLOC-STATS] pool=0xae7e4db50 begins=1000 live=1 peak=1 draining=0 borrowed=1 pending=1 released=0 retired=0 mean_uses=0.0 sum=9.8MiB max=9.8MiB
[LIMINA-ALLOC-STATS] pool=0xae3179b50 begins=178000 live=60 peak=67 draining=0 borrowed=54 pending=54 released=129 retired=106 mean_uses=167.5 sum=330.5MiB max=15.3MiB
[LIMINA-ALLOC-STATS] pool=0xae3179b50 begins=178500 live=60 peak=67 draining=0 borrowed=55 pending=59 released=129 retired=106 mean_uses=167.5 sum=330.5MiB max=15.3MiB
[LIMINA-ALLOC-STATS] pool=0xae3179b50 begins=179000 live=60 peak=67 draining=0 borrowed=54 pending=54 released=129 retired=106 mean_uses=167.5 sum=330.5MiB max=15.3MiB
[LIMINA-ALLOC-STATS] pool=0xae3179b50 begins=179500 live=60 peak=67 draining=0 borrowed=55 pending=55 released=129 retired=106 mean_uses=167.5 sum=330.5MiB max=15.3MiB
[LIMINA-ALLOC-STATS] pool=0xae3179b50 begins=180000 live=60 peak=67 draining=0 borrowed=56 pending=56 released=129 retired=106 mean_uses=167.5 sum=330.5MiB max=15.3MiB
[LIMINA-ALLOC-STATS] pool=0xae7e4db50 begins=1500 live=1 peak=1 draining=0 borrowed=1 pending=0 released=0 retired=0 mean_uses=0.0 sum=9.8MiB max=9.8MiB
[LIMINA-ALLOC-STATS] pool=0xae3179b50 begins=180500 live=60 peak=67 draining=0 borrowed=54 pending=57 released=129 retired=106 mean_uses=167.5 sum=330.5MiB max=15.3MiB
[LIMINA-ALLOC-STATS] pool=0xae3179b50 begins=181000 live=60 peak=67 draining=0 borrowed=54 pending=53 released=129 retired=106 mean_uses=167.5 sum=330.5MiB max=15.3MiB
[LIMINA-ALLOC-STATS] pool=0xae3179b50 begins=181500 live=60 peak=67 draining=0 borrowed=56 pending=56 released=129 retired=106 mean_uses=167.5 sum=330.5MiB max=15.3MiB
[LIMINA-ALLOC-STATS] pool=0xae317db50 begins=1500 live=1 peak=1 draining=0 borrowed=1 pending=0 released=0 retired=0 mean_uses=0.0 sum=4.9MiB max=4.9MiB
[LIMINA-ALLOC-STATS] pool=0xae3179b50 begins=182000 live=60 peak=67 draining=0 borrowed=54 pending=55 released=129 retired=106 mean_uses=167.5 sum=330.5MiB max=15.3MiB
[LIMINA-ALLOC-STATS] pool=0xae3181b50 begins=1500 live=1 peak=1 draining=0 borrowed=1 pending=0 released=0 retired=0 mean_uses=0.0 sum=4.9MiB max=4.9MiB
[LIMINA-ALLOC-STATS] pool=0xae3179b50 begins=182500 live=60 peak=67 draining=0 borrowed=54 pending=55 released=129 retired=106 mean_uses=167.5 sum=330.5MiB max=15.3MiB
[LIMINA-ALLOC-STATS] pool=0xae7e4db50 begins=2000 live=1 peak=1 draining=0 borrowed=1 pending=0 released=0 retired=0 mean_uses=0.0 sum=9.8MiB max=9.8MiB
[LIMINA-ALLOC-STATS] pool=0xae3179b50 begins=183000 live=60 peak=67 draining=0 borrowed=55 pending=55 released=129 retired=106 mean_uses=167.5 sum=330.5MiB max=15.3MiB
[LIMINA-ALLOC-STATS] pool=0xae3179b50 begins=183500 live=60 peak=67 draining=0 borrowed=54 pending=54 released=129 retired=106 mean_uses=167.5 sum=330.6MiB max=15.3MiB
[LIMINA-ALLOC-STATS] pool=0xae3179b50 begins=184000 live=60 peak=67 draining=0 borrowed=53 pending=53 released=129 retired=106 mean_uses=167.5 sum=330.6MiB max=15.3MiB
[LIMINA-ALLOC-STATS] pool=0xae3179b50 begins=184500 live=60 peak=67 draining=0 borrowed=57 pending=56 released=129 retired=106 mean_uses=167.5 sum=330.6MiB max=15.3MiB
[LIMINA-ALLOC-STATS] pool=0xae3179b50 begins=185000 live=60 peak=67 draining=0 borrowed=54 pending=54 released=129 retired=106 mean_uses=167.5 sum=330.6MiB max=15.3MiB
[LIMINA-ALLOC-STATS] pool=0xae7e4db50 begins=2500 live=1 peak=1 draining=0 borrowed=1 pending=0 released=0 retired=0 mean_uses=0.0 sum=9.8MiB max=9.8MiB
[LIMINA-ALLOC-STATS] pool=0xae3179b50 begins=185500 live=60 peak=67 draining=0 borrowed=53 pending=54 released=129 retired=106 mean_uses=167.5 sum=330.6MiB max=15.3MiB
[LIMINA-ALLOC-STATS] pool=0xae3179b50 begins=186000 live=60 peak=67 draining=0 borrowed=56 pending=55 released=129 retired=106 mean_uses=167.5 sum=330.6MiB max=15.3MiB
[LIMINA-ALLOC-STATS] pool=0xae3179b50 begins=186500 live=60 peak=67 draining=0 borrowed=55 pending=54 released=129 retired=106 mean_uses=167.5 sum=330.6MiB max=15.3MiB
[LIMINA-ALLOC-STATS] pool=0xae3179b50 begins=187000 live=60 peak=67 draining=0 borrowed=53 pending=53 released=129 retired=106 mean_uses=167.5 sum=330.6MiB max=15.3MiB
[LIMINA-ALLOC-STATS] pool=0xae3179b50 begins=187500 live=60 peak=67 draining=0 borrowed=57 pending=56 released=129 retired=106 mean_uses=167.5 sum=330.6MiB max=15.3MiB
[LIMINA-ALLOC-STATS] pool=0xae7e4db50 begins=3000 live=1 peak=1 draining=0 borrowed=1 pending=0 released=0 retired=0 mean_uses=0.0 sum=9.8MiB max=9.8MiB
[LIMINA-ALLOC-STATS] pool=0xae3179b50 begins=188000 live=60 peak=67 draining=0 borrowed=54 pending=54 released=129 retired=106 mean_uses=167.5 sum=330.6MiB max=15.3MiB
[LIMINA-ALLOC-STATS] pool=0xae3179b50 begins=188500 live=60 peak=67 draining=0 borrowed=54 pending=54 released=129 retired=106 mean_uses=167.5 sum=330.6MiB max=15.3MiB
[LIMINA-ALLOC-STATS] pool=0xae3179b50 begins=189000 live=60 peak=67 draining=0 borrowed=56 pending=55 released=129 retired=106 mean_uses=167.5 sum=330.6MiB max=15.3MiB
[LIMINA-ALLOC-STATS] pool=0xae3179b50 begins=189500 live=60 peak=67 draining=0 borrowed=55 pending=55 released=129 retired=106 mean_uses=167.5 sum=330.7MiB max=15.3MiB
[LIMINA-ALLOC-STATS] pool=0xae3179b50 begins=190000 live=60 peak=67 draining=0 borrowed=55 pending=57 released=129 retired=106 mean_uses=167.5 sum=330.7MiB max=15.3MiB
[LIMINA-ALLOC-STATS] pool=0xae7e4db50 begins=3500 live=1 peak=1 draining=0 borrowed=1 pending=0 released=0 retired=0 mean_uses=0.0 sum=9.8MiB max=9.8MiB
[LIMINA-ALLOC-STATS] pool=0xae3179b50 begins=190500 live=60 peak=67 draining=0 borrowed=56 pending=57 released=129 retired=106 mean_uses=167.5 sum=330.7MiB max=15.3MiB
[LIMINA-ALLOC-STATS] pool=0xae3179b50 begins=191000 live=60 peak=67 draining=0 borrowed=54 pending=54 released=129 retired=106 mean_uses=167.5 sum=330.7MiB max=15.3MiB
[LIMINA-ALLOC-STATS] pool=0xae3179b50 begins=191500 live=60 peak=67 draining=0 borrowed=53 pending=53 released=129 retired=106 mean_uses=167.5 sum=330.7MiB max=15.3MiB
[LIMINA-ALLOC-STATS] pool=0xae3179b50 begins=192000 live=60 peak=67 draining=0 borrowed=58 pending=58 released=129 retired=106 mean_uses=167.5 sum=330.7MiB max=15.3MiB
[LIMINA-ALLOC-STATS] pool=0xae7e4db50 begins=4000 live=1 peak=1 draining=0 borrowed=1 pending=0 released=0 retired=0 mean_uses=0.0 sum=9.8MiB max=9.8MiB
[LIMINA-ALLOC-STATS] pool=0xae3179b50 begins=192500 live=60 peak=67 draining=0 borrowed=54 pending=54 released=129 retired=106 mean_uses=167.5 sum=330.7MiB max=15.3MiB
[LIMINA-ALLOC-STATS] pool=0xae3179b50 begins=193000 live=60 peak=67 draining=0 borrowed=54 pending=53 released=129 retired=106 mean_uses=167.5 sum=330.7MiB max=15.3MiB
[LIMINA-ALLOC-STATS] pool=0xae3179b50 begins=193500 live=60 peak=67 draining=0 borrowed=55 pending=56 released=129 retired=106 mean_uses=167.5 sum=330.7MiB max=15.3MiB
[LIMINA-ALLOC-STATS] pool=0xae3179b50 begins=194000 live=60 peak=67 draining=0 borrowed=55 pending=55 released=129 retired=106 mean_uses=167.5 sum=330.7MiB max=15.3MiB
[LIMINA-ALLOC-STATS] pool=0xae3179b50 begins=194500 live=60 peak=67 draining=0 borrowed=55 pending=58 released=129 retired=106 mean_uses=167.5 sum=330.7MiB max=15.3MiB
[LIMINA-ALLOC-STATS] pool=0xae7e4db50 begins=4500 live=1 peak=1 draining=0 borrowed=1 pending=0 released=0 retired=0 mean_uses=0.0 sum=9.8MiB max=9.8MiB
[LIMINA-ALLOC-STATS] pool=0xae3179b50 begins=195000 live=60 peak=67 draining=0 borrowed=55 pending=56 released=129 retired=106 mean_uses=167.5 sum=330.7MiB max=15.3MiB
[LIMINA-ALLOC-STATS] pool=0xae3179b50 begins=195500 live=59 peak=67 draining=0 borrowed=56 pending=56 released=130 retired=106 mean_uses=167.5 sum=320.6MiB max=15.3MiB
[LIMINA-ALLOC-STATS] pool=0xae3179b50 begins=196000 live=59 peak=67 draining=0 borrowed=54 pending=53 released=130 retired=106 mean_uses=167.5 sum=320.6MiB max=15.3MiB
[LIMINA-ALLOC-STATS] pool=0xae3179b50 begins=196500 live=59 peak=67 draining=0 borrowed=56 pending=56 released=130 retired=106 mean_uses=167.5 sum=320.6MiB max=15.3MiB
[LIMINA-ALLOC-STATS] pool=0xae3179b50 begins=197000 live=59 peak=67 draining=0 borrowed=55 pending=54 released=130 retired=106 mean_uses=167.5 sum=320.6MiB max=15.3MiB
[LIMINA-ALLOC-STATS] pool=0xae7e4db50 begins=5000 live=1 peak=1 draining=0 borrowed=1 pending=0 released=0 retired=0 mean_uses=0.0 sum=9.8MiB max=9.8MiB
[LIMINA-ALLOC-STATS] pool=0xae3179b50 begins=197500 live=59 peak=67 draining=0 borrowed=54 pending=54 released=130 retired=106 mean_uses=167.5 sum=320.6MiB max=15.3MiB
[LIMINA-ALLOC-STATS] pool=0xae3179b50 begins=198000 live=59 peak=67 draining=0 borrowed=55 pending=55 released=130 retired=106 mean_uses=167.5 sum=320.6MiB max=15.3MiB
[LIMINA-ALLOC-STATS] pool=0xae3179b50 begins=198500 live=59 peak=67 draining=0 borrowed=54 pending=53 released=130 retired=106 mean_uses=167.5 sum=320.6MiB max=15.3MiB
[LIMINA-ALLOC-STATS] pool=0xae3179b50 begins=199000 live=59 peak=67 draining=0 borrowed=53 pending=53 released=130 retired=106 mean_uses=167.5 sum=320.6MiB max=15.3MiB
[LIMINA-ALLOC-STATS] pool=0xae3179b50 begins=199500 live=60 peak=67 draining=0 borrowed=56 pending=55 released=130 retired=106 mean_uses=167.5 sum=323.2MiB max=15.3MiB
[LIMINA-ALLOC-STATS] pool=0xae7e4db50 begins=5500 live=1 peak=1 draining=0 borrowed=1 pending=0 released=0 retired=0 mean_uses=0.0 sum=9.8MiB max=9.8MiB
[LIMINA-ALLOC-STATS] pool=0xae3179b50 begins=200000 live=60 peak=67 draining=0 borrowed=56 pending=55 released=130 retired=106 mean_uses=167.5 sum=324.4MiB max=15.3MiB
[LIMINA-ALLOC-STATS] pool=0xae3179b50 begins=200500 live=60 peak=67 draining=0 borrowed=52 pending=51 released=130 retired=106 mean_uses=167.5 sum=324.4MiB max=15.3MiB
[LIMINA-ALLOC-STATS] pool=0xae3179b50 begins=201000 live=60 peak=67 draining=0 borrowed=56 pending=57 released=130 retired=106 mean_uses=167.5 sum=324.4MiB max=15.3MiB
[LIMINA-ALLOC-STATS] pool=0xae3179b50 begins=201500 live=60 peak=67 draining=0 borrowed=56 pending=55 released=130 retired=106 mean_uses=167.5 sum=324.4MiB max=15.3MiB
[LIMINA-ALLOC-STATS] pool=0xae3179b50 begins=202000 live=60 peak=67 draining=0 borrowed=56 pending=59 released=130 retired=106 mean_uses=167.5 sum=324.4MiB max=15.3MiB
[LIMINA-ALLOC-STATS] pool=0xae7e4db50 begins=6000 live=1 peak=1 draining=0 borrowed=1 pending=0 released=0 retired=0 mean_uses=0.0 sum=9.8MiB max=9.8MiB
[LIMINA-ALLOC-STATS] pool=0xae3179b50 begins=202500 live=60 peak=67 draining=0 borrowed=57 pending=56 released=130 retired=106 mean_uses=167.5 sum=325.0MiB max=15.3MiB
[LIMINA-ALLOC-STATS] pool=0xae3179b50 begins=203000 live=60 peak=67 draining=0 borrowed=55 pending=54 released=130 retired=106 mean_uses=167.5 sum=325.0MiB max=15.3MiB
[LIMINA-ALLOC-STATS] pool=0xae3179b50 begins=203500 live=60 peak=67 draining=0 borrowed=53 pending=53 released=130 retired=106 mean_uses=167.5 sum=325.0MiB max=15.3MiB
[LIMINA-ALLOC-STATS] pool=0xae3179b50 begins=204000 live=60 peak=67 draining=0 borrowed=56 pending=56 released=130 retired=106 mean_uses=167.5 sum=325.0MiB max=15.3MiB
[LIMINA-ALLOC-STATS] pool=0xae3179b50 begins=204500 live=60 peak=67 draining=0 borrowed=56 pending=55 released=130 retired=106 mean_uses=167.5 sum=325.0MiB max=15.3MiB
[LIMINA-ALLOC-STATS] pool=0xae7e4db50 begins=6500 live=1 peak=1 draining=0 borrowed=1 pending=0 released=0 retired=0 mean_uses=0.0 sum=9.8MiB max=9.8MiB
[LIMINA-ALLOC-STATS] pool=0xae3179b50 begins=205000 live=60 peak=67 draining=0 borrowed=56 pending=55 released=130 retired=106 mean_uses=167.5 sum=325.0MiB max=15.3MiB
[LIMINA-ALLOC-STATS] pool=0xae3179b50 begins=205500 live=60 peak=67 draining=0 borrowed=59 pending=58 released=130 retired=106 mean_uses=167.5 sum=325.1MiB max=15.3MiB
[LIMINA-ALLOC-STATS] pool=0xae3179b50 begins=206000 live=60 peak=67 draining=0 borrowed=54 pending=54 released=130 retired=106 mean_uses=167.5 sum=327.1MiB max=15.3MiB
[LIMINA-ALLOC-STATS] pool=0xae3179b50 begins=206500 live=60 peak=67 draining=0 borrowed=53 pending=54 released=130 retired=106 mean_uses=167.5 sum=327.1MiB max=15.3MiB
[LIMINA-ALLOC-STATS] pool=0xae3179b50 begins=207000 live=60 peak=67 draining=0 borrowed=55 pending=55 released=130 retired=106 mean_uses=167.5 sum=327.1MiB max=15.3MiB
[LIMINA-ALLOC-STATS] pool=0xae7e4db50 begins=7000 live=1 peak=1 draining=0 borrowed=1 pending=0 released=0 retired=0 mean_uses=0.0 sum=9.8MiB max=9.8MiB
[LIMINA-ALLOC-STATS] pool=0xae3179b50 begins=207500 live=60 peak=67 draining=0 borrowed=55 pending=54 released=130 retired=106 mean_uses=167.5 sum=327.1MiB max=15.3MiB
[LIMINA-ALLOC-STATS] pool=0xae3179b50 begins=208000 live=60 peak=67 draining=0 borrowed=53 pending=53 released=130 retired=106 mean_uses=167.5 sum=327.1MiB max=15.3MiB
[LIMINA-ALLOC-STATS] pool=0xae3179b50 begins=208500 live=60 peak=67 draining=0 borrowed=57 pending=57 released=130 retired=106 mean_uses=167.5 sum=327.2MiB max=15.3MiB
[LIMINA-ALLOC-STATS] pool=0xae3179b50 begins=209000 live=60 peak=67 draining=0 borrowed=55 pending=55 released=130 retired=106 mean_uses=167.5 sum=329.2MiB max=15.3MiB
[LIMINA-ALLOC-STATS] pool=0xae3179b50 begins=209500 live=60 peak=67 draining=0 borrowed=54 pending=54 released=130 retired=106 mean_uses=167.5 sum=329.3MiB max=15.3MiB
[LIMINA-ALLOC-STATS] pool=0xae7e4db50 begins=7500 live=1 peak=1 draining=0 borrowed=1 pending=0 released=0 retired=0 mean_uses=0.0 sum=9.8MiB max=9.8MiB
[LIMINA-ALLOC-STATS] pool=0xae3179b50 begins=210000 live=60 peak=67 draining=0 borrowed=59 pending=58 released=130 retired=106 mean_uses=167.5 sum=329.3MiB max=15.3MiB
[LIMINA-ALLOC-STATS] pool=0xae3179b50 begins=210500 live=60 peak=67 draining=0 borrowed=55 pending=54 released=130 retired=106 mean_uses=167.5 sum=329.3MiB max=15.3MiB
[LIMINA-ALLOC-STATS] pool=0xae3179b50 begins=211000 live=60 peak=67 draining=0 borrowed=53 pending=53 released=130 retired=106 mean_uses=167.5 sum=329.3MiB max=15.3MiB
[LIMINA-ALLOC-STATS] pool=0xae3179b50 begins=211500 live=60 peak=67 draining=0 borrowed=56 pending=56 released=130 retired=106 mean_uses=167.5 sum=329.3MiB max=15.3MiB
[LIMINA-ALLOC-STATS] pool=0xae3179b50 begins=212000 live=60 peak=67 draining=0 borrowed=55 pending=54 released=130 retired=106 mean_uses=167.5 sum=329.3MiB max=15.3MiB
[LIMINA-ALLOC-STATS] pool=0xae7e4db50 begins=8000 live=1 peak=1 draining=0 borrowed=1 pending=0 released=0 retired=0 mean_uses=0.0 sum=9.8MiB max=9.8MiB
[LIMINA-ALLOC-STATS] pool=0xae3179b50 begins=212500 live=60 peak=67 draining=0 borrowed=53 pending=52 released=130 retired=106 mean_uses=167.5 sum=329.4MiB max=15.3MiB
[LIMINA-ALLOC-STATS] pool=0xae3179b50 begins=213000 live=60 peak=67 draining=0 borrowed=56 pending=56 released=130 retired=106 mean_uses=167.5 sum=329.4MiB max=15.3MiB
[LIMINA-ALLOC-STATS] pool=0xae3179b50 begins=213500 live=60 peak=67 draining=0 borrowed=57 pending=59 released=130 retired=106 mean_uses=167.5 sum=329.4MiB max=15.3MiB
[LIMINA-ALLOC-STATS] pool=0xae3179b50 begins=214000 live=60 peak=67 draining=0 borrowed=53 pending=53 released=130 retired=106 mean_uses=167.5 sum=329.4MiB max=15.3MiB
[LIMINA-ALLOC-STATS] pool=0xae3179b50 begins=214500 live=60 peak=67 draining=0 borrowed=56 pending=56 released=130 retired=106 mean_uses=167.5 sum=329.5MiB max=15.3MiB
[LIMINA-ALLOC-STATS] pool=0xae7e4db50 begins=8500 live=1 peak=1 draining=0 borrowed=1 pending=1 released=0 retired=0 mean_uses=0.0 sum=9.8MiB max=9.8MiB
[LIMINA-ALLOC-STATS] pool=0xae3179b50 begins=215000 live=60 peak=67 draining=0 borrowed=54 pending=54 released=130 retired=106 mean_uses=167.5 sum=329.5MiB max=15.3MiB
[LIMINA-ALLOC-STATS] pool=0xae3179b50 begins=215500 live=60 peak=67 draining=0 borrowed=54 pending=54 released=130 retired=106 mean_uses=167.5 sum=329.5MiB max=15.3MiB
[LIMINA-ALLOC-STATS] pool=0xae3179b50 begins=216000 live=60 peak=67 draining=0 borrowed=56 pending=55 released=130 retired=106 mean_uses=167.5 sum=329.5MiB max=15.3MiB
[LIMINA-ALLOC-STATS] pool=0xae3179b50 begins=216500 live=60 peak=67 draining=0 borrowed=54 pending=54 released=130 retired=106 mean_uses=167.5 sum=329.5MiB max=15.3MiB
[LIMINA-ALLOC-STATS] pool=0xae3179b50 begins=217000 live=60 peak=67 draining=0 borrowed=54 pending=55 released=130 retired=106 mean_uses=167.5 sum=329.5MiB max=15.3MiB
[LIMINA-ALLOC-STATS] pool=0xae7e4db50 begins=9000 live=1 peak=1 draining=0 borrowed=1 pending=1 released=0 retired=0 mean_uses=0.0 sum=9.8MiB max=9.8MiB
[LIMINA-ALLOC-STATS] pool=0xae3179b50 begins=217500 live=60 peak=67 draining=0 borrowed=55 pending=55 released=130 retired=106 mean_uses=167.5 sum=329.5MiB max=15.3MiB
[LIMINA-ALLOC-STATS] pool=0xae3179b50 begins=218000 live=60 peak=67 draining=0 borrowed=55 pending=55 released=130 retired=106 mean_uses=167.5 sum=329.5MiB max=15.3MiB
[LIMINA-ALLOC-STATS] pool=0xae3179b50 begins=218500 live=60 peak=67 draining=0 borrowed=55 pending=58 released=130 retired=106 mean_uses=167.5 sum=329.5MiB max=15.3MiB
[LIMINA-ALLOC-STATS] pool=0xae3179b50 begins=219000 live=60 peak=67 draining=0 borrowed=57 pending=57 released=130 retired=106 mean_uses=167.5 sum=329.5MiB max=15.3MiB
[LIMINA-ALLOC-STATS] pool=0xae7e4db50 begins=9500 live=1 peak=1 draining=0 borrowed=1 pending=0 released=0 retired=0 mean_uses=0.0 sum=9.8MiB max=9.8MiB
[LIMINA-ALLOC-STATS] pool=0xae3179b50 begins=219500 live=60 peak=67 draining=0 borrowed=55 pending=55 released=130 retired=106 mean_uses=167.5 sum=329.5MiB max=15.3MiB
[LIMINA-ALLOC-STATS] pool=0xae3179b50 begins=220000 live=60 peak=67 draining=0 borrowed=55 pending=55 released=130 retired=106 mean_uses=167.5 sum=329.5MiB max=15.3MiB
[LIMINA-ALLOC-STATS] pool=0xae3179b50 begins=220500 live=60 peak=67 draining=0 borrowed=56 pending=55 released=130 retired=106 mean_uses=167.5 sum=329.5MiB max=15.3MiB
[LIMINA-ALLOC-STATS] pool=0xae3179b50 begins=221000 live=60 peak=67 draining=0 borrowed=55 pending=54 released=130 retired=106 mean_uses=167.5 sum=329.6MiB max=15.3MiB
[LIMINA-ALLOC-STATS] pool=0xae3179b50 begins=221500 live=59 peak=67 draining=0 borrowed=56 pending=55 released=131 retired=106 mean_uses=167.5 sum=319.6MiB max=15.3MiB
[LIMINA-ALLOC-STATS] pool=0xae7e4db50 begins=10000 live=1 peak=1 draining=0 borrowed=1 pending=0 released=0 retired=0 mean_uses=0.0 sum=9.8MiB max=9.8MiB
[LIMINA-ALLOC-STATS] pool=0xae3179b50 begins=222000 live=59 peak=67 draining=0 borrowed=55 pending=55 released=131 retired=106 mean_uses=167.5 sum=319.6MiB max=15.3MiB
[LIMINA-ALLOC-STATS] pool=0xae3179b50 begins=222500 live=59 peak=67 draining=0 borrowed=56 pending=55 released=131 retired=106 mean_uses=167.5 sum=319.6MiB max=15.3MiB
[LIMINA-ALLOC-STATS] pool=0xae3179b50 begins=223000 live=59 peak=67 draining=0 borrowed=56 pending=58 released=131 retired=106 mean_uses=167.5 sum=319.6MiB max=15.3MiB
[LIMINA-ALLOC-STATS] pool=0xae3179b50 begins=223500 live=59 peak=67 draining=0 borrowed=56 pending=55 released=131 retired=106 mean_uses=167.5 sum=319.6MiB max=15.3MiB
[LIMINA-ALLOC-STATS] pool=0xae3179b50 begins=224000 live=59 peak=67 draining=0 borrowed=54 pending=54 released=131 retired=106 mean_uses=167.5 sum=319.6MiB max=15.3MiB
[LIMINA-ALLOC-STATS] pool=0xae7e4db50 begins=10500 live=1 peak=1 draining=0 borrowed=1 pending=0 released=0 retired=0 mean_uses=0.0 sum=9.8MiB max=9.8MiB
[LIMINA-ALLOC-STATS] pool=0xae3179b50 begins=224500 live=59 peak=67 draining=0 borrowed=54 pending=53 released=131 retired=106 mean_uses=167.5 sum=319.6MiB max=15.3MiB
[LIMINA-ALLOC-STATS] pool=0xae3179b50 begins=225000 live=59 peak=67 draining=0 borrowed=56 pending=56 released=131 retired=106 mean_uses=167.5 sum=319.6MiB max=15.3MiB
[LIMINA-ALLOC-STATS] pool=0xae3179b50 begins=225500 live=59 peak=67 draining=0 borrowed=56 pending=55 released=131 retired=106 mean_uses=167.5 sum=319.6MiB max=15.3MiB
[LIMINA-ALLOC-STATS] pool=0xae3179b50 begins=226000 live=59 peak=67 draining=0 borrowed=54 pending=54 released=131 retired=106 mean_uses=167.5 sum=319.6MiB max=15.3MiB
[LIMINA-ALLOC-STATS] pool=0xae3179b50 begins=226500 live=59 peak=67 draining=0 borrowed=55 pending=55 released=131 retired=106 mean_uses=167.5 sum=319.6MiB max=15.3MiB
[LIMINA-ALLOC-STATS] pool=0xae7e4db50 begins=11000 live=1 peak=1 draining=0 borrowed=1 pending=0 released=0 retired=0 mean_uses=0.0 sum=9.8MiB max=9.8MiB
[LIMINA-ALLOC-STATS] pool=0xae3179b50 begins=227000 live=59 peak=67 draining=0 borrowed=53 pending=53 released=131 retired=106 mean_uses=167.5 sum=319.8MiB max=15.3MiB
[LIMINA-ALLOC-STATS] pool=0xae3179b50 begins=227500 live=59 peak=67 draining=0 borrowed=52 pending=51 released=131 retired=106 mean_uses=167.5 sum=319.8MiB max=15.3MiB
[LIMINA-ALLOC-STATS] pool=0xae3179b50 begins=228000 live=59 peak=67 draining=0 borrowed=56 pending=56 released=131 retired=106 mean_uses=167.5 sum=319.8MiB max=15.3MiB
[LIMINA-ALLOC-STATS] pool=0xae3179b50 begins=228500 live=59 peak=67 draining=0 borrowed=56 pending=56 released=131 retired=106 mean_uses=167.5 sum=319.8MiB max=15.3MiB
[LIMINA-ALLOC-STATS] pool=0xae3179b50 begins=229000 live=59 peak=67 draining=0 borrowed=54 pending=53 released=131 retired=106 mean_uses=167.5 sum=319.8MiB max=15.3MiB
[LIMINA-ALLOC-STATS] pool=0xae7e4db50 begins=11500 live=1 peak=1 draining=0 borrowed=1 pending=0 released=0 retired=0 mean_uses=0.0 sum=9.8MiB max=9.8MiB
[LIMINA-ALLOC-STATS] pool=0xae3179b50 begins=229500 live=59 peak=67 draining=0 borrowed=57 pending=56 released=131 retired=106 mean_uses=167.5 sum=319.8MiB max=15.3MiB
[LIMINA-ALLOC-STATS] pool=0xae3179b50 begins=230000 live=59 peak=67 draining=0 borrowed=54 pending=54 released=131 retired=106 mean_uses=167.5 sum=319.8MiB max=15.3MiB
[LIMINA-ALLOC-STATS] pool=0xae3179b50 begins=230500 live=59 peak=67 draining=0 borrowed=54 pending=54 released=131 retired=106 mean_uses=167.5 sum=319.8MiB max=15.3MiB
[LIMINA-ALLOC-STATS] pool=0xae3179b50 begins=231000 live=59 peak=67 draining=0 borrowed=55 pending=55 released=131 retired=106 mean_uses=167.5 sum=319.8MiB max=15.3MiB
[LIMINA-ALLOC-STATS] pool=0xae3179b50 begins=231500 live=59 peak=67 draining=0 borrowed=55 pending=54 released=131 retired=106 mean_uses=167.5 sum=319.8MiB max=15.3MiB
[LIMINA-ALLOC-STATS] pool=0xae7e4db50 begins=12000 live=1 peak=1 draining=0 borrowed=1 pending=0 released=0 retired=0 mean_uses=0.0 sum=9.8MiB max=9.8MiB
[LIMINA-ALLOC-STATS] pool=0xae3179b50 begins=232000 live=59 peak=67 draining=0 borrowed=54 pending=54 released=131 retired=106 mean_uses=167.5 sum=319.8MiB max=15.3MiB
[LIMINA-ALLOC-STATS] pool=0xae3179b50 begins=232500 live=59 peak=67 draining=0 borrowed=57 pending=56 released=131 retired=106 mean_uses=167.5 sum=319.8MiB max=15.3MiB
[LIMINA-ALLOC-STATS] pool=0xae3179b50 begins=233000 live=59 peak=67 draining=0 borrowed=57 pending=59 released=131 retired=106 mean_uses=167.5 sum=321.9MiB max=15.3MiB
[LIMINA-ALLOC-STATS] pool=0xae3179b50 begins=233500 live=59 peak=67 draining=0 borrowed=52 pending=51 released=131 retired=106 mean_uses=167.5 sum=321.9MiB max=15.3MiB
[LIMINA-ALLOC-STATS] pool=0xae3179b50 begins=234000 live=59 peak=67 draining=0 borrowed=56 pending=56 released=131 retired=106 mean_uses=167.5 sum=321.9MiB max=15.3MiB
[LIMINA-ALLOC-STATS] pool=0xae7e4db50 begins=12500 live=1 peak=1 draining=0 borrowed=1 pending=0 released=0 retired=0 mean_uses=0.0 sum=9.8MiB max=9.8MiB
[LIMINA-ALLOC-STATS] pool=0xae3179b50 begins=234500 live=59 peak=67 draining=0 borrowed=57 pending=57 released=131 retired=106 mean_uses=167.5 sum=321.9MiB max=15.3MiB
[LIMINA-ALLOC-STATS] pool=0xae3179b50 begins=235000 live=59 peak=67 draining=0 borrowed=53 pending=53 released=131 retired=106 mean_uses=167.5 sum=321.9MiB max=15.3MiB
[LIMINA-ALLOC-STATS] pool=0xae3179b50 begins=235500 live=59 peak=67 draining=0 borrowed=56 pending=55 released=131 retired=106 mean_uses=167.5 sum=321.9MiB max=15.3MiB
[LIMINA-ALLOC-STATS] pool=0xae3179b50 begins=236000 live=59 peak=67 draining=0 borrowed=55 pending=55 released=131 retired=106 mean_uses=167.5 sum=321.9MiB max=15.3MiB
[LIMINA-ALLOC-STATS] pool=0xae3179b50 begins=236500 live=59 peak=67 draining=0 borrowed=54 pending=53 released=131 retired=106 mean_uses=167.5 sum=321.9MiB max=15.3MiB
[LIMINA-ALLOC-STATS] pool=0xae7e4db50 begins=13000 live=1 peak=1 draining=0 borrowed=1 pending=1 released=0 retired=0 mean_uses=0.0 sum=9.8MiB max=9.8MiB
[LIMINA-ALLOC-STATS] pool=0xae3179b50 begins=237000 live=59 peak=67 draining=0 borrowed=56 pending=56 released=131 retired=106 mean_uses=167.5 sum=321.9MiB max=15.3MiB
[LIMINA-ALLOC-STATS] pool=0xae3179b50 begins=237500 live=59 peak=67 draining=0 borrowed=55 pending=54 released=131 retired=106 mean_uses=167.5 sum=321.9MiB max=15.3MiB
[LIMINA-ALLOC-STATS] pool=0xae3179b50 begins=238000 live=59 peak=67 draining=0 borrowed=53 pending=52 released=131 retired=106 mean_uses=167.5 sum=321.9MiB max=15.3MiB
[LIMINA-ALLOC-STATS] pool=0xae3179b50 begins=238500 live=59 peak=67 draining=0 borrowed=56 pending=55 released=131 retired=106 mean_uses=167.5 sum=321.9MiB max=15.3MiB
[LIMINA-ALLOC-STATS] pool=0xae3179b50 begins=239000 live=59 peak=67 draining=0 borrowed=54 pending=54 released=131 retired=106 mean_uses=167.5 sum=321.9MiB max=15.3MiB
[LIMINA-ALLOC-STATS] pool=0xae7e4db50 begins=13500 live=1 peak=1 draining=0 borrowed=1 pending=0 released=0 retired=0 mean_uses=0.0 sum=9.8MiB max=9.8MiB
[LIMINA-ALLOC-STATS] pool=0xae3179b50 begins=239500 live=59 peak=67 draining=0 borrowed=54 pending=54 released=131 retired=106 mean_uses=167.5 sum=321.9MiB max=15.3MiB
[LIMINA-ALLOC-STATS] pool=0xae3179b50 begins=240000 live=59 peak=67 draining=0 borrowed=55 pending=55 released=131 retired=106 mean_uses=167.5 sum=321.9MiB max=15.3MiB
[LIMINA-ALLOC-STATS] pool=0xae3179b50 begins=240500 live=59 peak=67 draining=0 borrowed=55 pending=54 released=131 retired=106 mean_uses=167.5 sum=321.9MiB max=15.3MiB
[LIMINA-ALLOC-STATS] pool=0xae3179b50 begins=241000 live=59 peak=67 draining=0 borrowed=54 pending=54 released=131 retired=106 mean_uses=167.5 sum=321.9MiB max=15.3MiB
[LIMINA-ALLOC-STATS] pool=0xae3179b50 begins=241500 live=59 peak=67 draining=0 borrowed=59 pending=59 released=131 retired=106 mean_uses=167.5 sum=321.9MiB max=15.3MiB
[LIMINA-ALLOC-STATS] pool=0xae7e4db50 begins=14000 live=1 peak=1 draining=0 borrowed=1 pending=0 released=0 retired=0 mean_uses=0.0 sum=9.8MiB max=9.8MiB
[LIMINA-ALLOC-STATS] pool=0xae3179b50 begins=242000 live=60 peak=67 draining=0 borrowed=54 pending=53 released=131 retired=106 mean_uses=167.5 sum=324.4MiB max=15.3MiB
[LIMINA-ALLOC-STATS] pool=0xae3179b50 begins=242500 live=61 peak=67 draining=0 borrowed=56 pending=57 released=131 retired=106 mean_uses=167.5 sum=330.1MiB max=15.3MiB
[LIMINA-ALLOC-STATS] pool=0xae3179b50 begins=243000 live=61 peak=67 draining=0 borrowed=58 pending=57 released=131 retired=106 mean_uses=167.5 sum=330.3MiB max=15.3MiB
[LIMINA-ALLOC-STATS] pool=0xae3179b50 begins=243500 live=61 peak=67 draining=0 borrowed=56 pending=56 released=131 retired=106 mean_uses=167.5 sum=330.5MiB max=15.3MiB
[LIMINA-ALLOC-STATS] pool=0xae3179b50 begins=244000 live=61 peak=67 draining=0 borrowed=53 pending=53 released=131 retired=106 mean_uses=167.5 sum=330.5MiB max=15.3MiB
[LIMINA-ALLOC-STATS] pool=0xae7e4db50 begins=14500 live=1 peak=1 draining=0 borrowed=1 pending=1 released=0 retired=0 mean_uses=0.0 sum=9.8MiB max=9.8MiB
[LIMINA-ALLOC-STATS] pool=0xae3179b50 begins=244500 live=61 peak=67 draining=0 borrowed=57 pending=60 released=131 retired=106 mean_uses=167.5 sum=330.5MiB max=15.3MiB
[LIMINA-ALLOC-STATS] pool=0xae3179b50 begins=245000 live=61 peak=67 draining=0 borrowed=55 pending=55 released=131 retired=106 mean_uses=167.5 sum=331.6MiB max=15.3MiB
[LIMINA-ALLOC-STATS] pool=0xae3179b50 begins=245500 live=61 peak=67 draining=0 borrowed=55 pending=58 released=131 retired=106 mean_uses=167.5 sum=331.6MiB max=15.3MiB
[LIMINA-ALLOC-STATS] pool=0xae3179b50 begins=246000 live=61 peak=67 draining=0 borrowed=54 pending=54 released=131 retired=106 mean_uses=167.5 sum=331.6MiB max=15.3MiB
[LIMINA-ALLOC-STATS] pool=0xae3179b50 begins=246500 live=61 peak=67 draining=0 borrowed=55 pending=54 released=131 retired=106 mean_uses=167.5 sum=331.6MiB max=15.3MiB
[LIMINA-ALLOC-STATS] pool=0xae7e4db50 begins=15000 live=1 peak=1 draining=0 borrowed=1 pending=0 released=0 retired=0 mean_uses=0.0 sum=9.8MiB max=9.8MiB
[LIMINA-ALLOC-STATS] pool=0xae3179b50 begins=247000 live=61 peak=67 draining=0 borrowed=53 pending=53 released=131 retired=106 mean_uses=167.5 sum=331.6MiB max=15.3MiB
[LIMINA-ALLOC-STATS] pool=0xae3179b50 begins=247500 live=61 peak=67 draining=0 borrowed=57 pending=57 released=131 retired=106 mean_uses=167.5 sum=331.6MiB max=15.3MiB
[LIMINA-ALLOC-STATS] pool=0xae3179b50 begins=248000 live=61 peak=67 draining=0 borrowed=56 pending=56 released=131 retired=106 mean_uses=167.5 sum=331.6MiB max=15.3MiB
[LIMINA-ALLOC-STATS] pool=0xae3179b50 begins=248500 live=61 peak=67 draining=0 borrowed=54 pending=54 released=131 retired=106 mean_uses=167.5 sum=331.6MiB max=15.3MiB
[LIMINA-ALLOC-STATS] pool=0xae3179b50 begins=249000 live=61 peak=67 draining=0 borrowed=56 pending=56 released=131 retired=106 mean_uses=167.5 sum=331.6MiB max=15.3MiB
[LIMINA-ALLOC-STATS] pool=0xae7e4db50 begins=15500 live=1 peak=1 draining=0 borrowed=1 pending=0 released=0 retired=0 mean_uses=0.0 sum=9.8MiB max=9.8MiB
[LIMINA-ALLOC-STATS] pool=0xae3179b50 begins=249500 live=61 peak=67 draining=0 borrowed=55 pending=55 released=131 retired=106 mean_uses=167.5 sum=331.6MiB max=15.3MiB
[LIMINA-ALLOC-STATS] pool=0xae3179b50 begins=250000 live=61 peak=67 draining=0 borrowed=54 pending=53 released=131 retired=106 mean_uses=167.5 sum=331.6MiB max=15.3MiB
[LIMINA-ALLOC-STATS] pool=0xae3179b50 begins=250500 live=61 peak=67 draining=0 borrowed=56 pending=55 released=131 retired=106 mean_uses=167.5 sum=331.6MiB max=15.3MiB
[LIMINA-ALLOC-STATS] pool=0xae317db50 begins=2000 live=1 peak=1 draining=0 borrowed=1 pending=0 released=0 retired=0 mean_uses=0.0 sum=4.9MiB max=4.9MiB
[LIMINA-ALLOC-STATS] pool=0xae3181b50 begins=2000 live=1 peak=1 draining=0 borrowed=1 pending=0 released=0 retired=0 mean_uses=0.0 sum=4.9MiB max=4.9MiB
[LIMINA-ALLOC-STATS] pool=0xae3179b50 begins=251000 live=61 peak=67 draining=0 borrowed=55 pending=55 released=131 retired=106 mean_uses=167.5 sum=331.6MiB max=15.3MiB
[LIMINA-ALLOC-STATS] pool=0xae3179b50 begins=251500 live=61 peak=67 draining=0 borrowed=53 pending=53 released=131 retired=106 mean_uses=167.5 sum=331.6MiB max=15.3MiB
[LIMINA-ALLOC-STATS] pool=0xae7e4db50 begins=16000 live=1 peak=1 draining=0 borrowed=1 pending=0 released=0 retired=0 mean_uses=0.0 sum=9.8MiB max=9.8MiB
[LIMINA-ALLOC-STATS] pool=0xae3179b50 begins=252000 live=61 peak=67 draining=0 borrowed=55 pending=55 released=131 retired=106 mean_uses=167.5 sum=331.7MiB max=15.3MiB
[LIMINA-ALLOC-STATS] pool=0xae3179b50 begins=252500 live=61 peak=67 draining=0 borrowed=55 pending=55 released=131 retired=106 mean_uses=167.5 sum=331.7MiB max=15.3MiB
[LIMINA-ALLOC-STATS] pool=0xae3179b50 begins=253000 live=61 peak=67 draining=0 borrowed=56 pending=56 released=131 retired=106 mean_uses=167.5 sum=331.7MiB max=15.3MiB
[LIMINA-ALLOC-STATS] pool=0xae3179b50 begins=253500 live=61 peak=67 draining=0 borrowed=54 pending=55 released=131 retired=106 mean_uses=167.5 sum=331.7MiB max=15.3MiB
[LIMINA-ALLOC-STATS] pool=0xae3179b50 begins=254000 live=61 peak=67 draining=0 borrowed=55 pending=55 released=131 retired=106 mean_uses=167.5 sum=331.7MiB max=15.3MiB
[LIMINA-ALLOC-STATS] pool=0xae3179b50 begins=254500 live=61 peak=67 draining=0 borrowed=54 pending=53 released=131 retired=106 mean_uses=167.5 sum=331.8MiB max=15.3MiB
[LIMINA-ALLOC-STATS] pool=0xae7e4db50 begins=16500 live=1 peak=1 draining=0 borrowed=1 pending=0 released=0 retired=0 mean_uses=0.0 sum=9.8MiB max=9.8MiB
[LIMINA-ALLOC-STATS] pool=0xae3179b50 begins=255000 live=61 peak=67 draining=0 borrowed=56 pending=56 released=131 retired=106 mean_uses=167.5 sum=331.8MiB max=15.3MiB
[LIMINA-ALLOC-STATS] pool=0xae3179b50 begins=255500 live=61 peak=67 draining=0 borrowed=55 pending=54 released=131 retired=106 mean_uses=167.5 sum=331.8MiB max=15.3MiB
[LIMINA-ALLOC-STATS] pool=0xae3179b50 begins=256000 live=61 peak=67 draining=0 borrowed=55 pending=54 released=131 retired=106 mean_uses=167.5 sum=331.8MiB max=15.3MiB
[LIMINA-ALLOC-STATS] pool=0xae3179b50 begins=256500 live=61 peak=67 draining=0 borrowed=56 pending=56 released=131 retired=106 mean_uses=167.5 sum=331.8MiB max=15.3MiB
[LIMINA-ALLOC-STATS] pool=0xae3179b50 begins=257000 live=61 peak=67 draining=0 borrowed=56 pending=55 released=131 retired=106 mean_uses=167.5 sum=331.8MiB max=15.3MiB
[LIMINA-ALLOC-STATS] pool=0xae7e4db50 begins=17000 live=1 peak=1 draining=0 borrowed=1 pending=0 released=0 retired=0 mean_uses=0.0 sum=9.8MiB max=9.8MiB
[LIMINA-ALLOC-STATS] pool=0xae3179b50 begins=257500 live=61 peak=67 draining=0 borrowed=54 pending=54 released=131 retired=106 mean_uses=167.5 sum=331.8MiB max=15.3MiB
[LIMINA-ALLOC-STATS] pool=0xae3179b50 begins=258000 live=61 peak=67 draining=0 borrowed=56 pending=56 released=131 retired=106 mean_uses=167.5 sum=331.8MiB max=15.3MiB
[LIMINA-ALLOC-STATS] pool=0xae3179b50 begins=258500 live=60 peak=67 draining=0 borrowed=55 pending=54 released=132 retired=106 mean_uses=167.5 sum=323.6MiB max=15.3MiB
[LIMINA-ALLOC-STATS] pool=0xae3179b50 begins=259000 live=60 peak=67 draining=0 borrowed=55 pending=55 released=132 retired=106 mean_uses=167.5 sum=323.6MiB max=15.3MiB
[LIMINA-ALLOC-STATS] pool=0xae3179b50 begins=259500 live=60 peak=67 draining=0 borrowed=54 pending=55 released=132 retired=106 mean_uses=167.5 sum=323.6MiB max=15.3MiB
[LIMINA-ALLOC-STATS] pool=0xae7e4db50 begins=17500 live=1 peak=1 draining=0 borrowed=1 pending=0 released=0 retired=0 mean_uses=0.0 sum=9.8MiB max=9.8MiB
[LIMINA-ALLOC-STATS] pool=0xae3179b50 begins=260000 live=60 peak=67 draining=0 borrowed=55 pending=54 released=132 retired=106 mean_uses=167.5 sum=323.6MiB max=15.3MiB
[LIMINA-ALLOC-STATS] pool=0xae3179b50 begins=260500 live=60 peak=67 draining=0 borrowed=54 pending=54 released=132 retired=106 mean_uses=167.5 sum=323.6MiB max=15.3MiB
[LIMINA-ALLOC-STATS] pool=0xae3179b50 begins=261000 live=60 peak=67 draining=0 borrowed=59 pending=59 released=132 retired=106 mean_uses=167.5 sum=323.6MiB max=15.3MiB
[LIMINA-ALLOC-STATS] pool=0xae3179b50 begins=261500 live=60 peak=67 draining=0 borrowed=54 pending=53 released=132 retired=106 mean_uses=167.5 sum=323.6MiB max=15.3MiB
[LIMINA-ALLOC-STATS] pool=0xae3179b50 begins=262000 live=60 peak=67 draining=0 borrowed=56 pending=56 released=132 retired=106 mean_uses=167.5 sum=323.6MiB max=15.3MiB
[LIMINA-ALLOC-STATS] pool=0xae7e4db50 begins=18000 live=1 peak=1 draining=0 borrowed=1 pending=1 released=0 retired=0 mean_uses=0.0 sum=9.8MiB max=9.8MiB
[LIMINA-ALLOC-STATS] pool=0xae3179b50 begins=262500 live=60 peak=67 draining=0 borrowed=57 pending=56 released=132 retired=106 mean_uses=167.5 sum=323.6MiB max=15.3MiB
[LIMINA-ALLOC-STATS] pool=0xae3179b50 begins=263000 live=60 peak=67 draining=0 borrowed=55 pending=55 released=132 retired=106 mean_uses=167.5 sum=323.6MiB max=15.3MiB
[LIMINA-ALLOC-STATS] pool=0xae3179b50 begins=263500 live=60 peak=67 draining=0 borrowed=53 pending=53 released=132 retired=106 mean_uses=167.5 sum=323.6MiB max=15.3MiB
[LIMINA-ALLOC-STATS] pool=0xae3179b50 begins=264000 live=60 peak=67 draining=0 borrowed=55 pending=55 released=132 retired=106 mean_uses=167.5 sum=323.6MiB max=15.3MiB
[LIMINA-ALLOC-STATS] pool=0xae3179b50 begins=264500 live=60 peak=67 draining=0 borrowed=54 pending=54 released=132 retired=106 mean_uses=167.5 sum=323.6MiB max=15.3MiB
[LIMINA-ALLOC-STATS] pool=0xae7e4db50 begins=18500 live=1 peak=1 draining=0 borrowed=1 pending=1 released=0 retired=0 mean_uses=0.0 sum=9.8MiB max=9.8MiB
[LIMINA-ALLOC-STATS] pool=0xae3179b50 begins=265000 live=60 peak=67 draining=0 borrowed=53 pending=53 released=132 retired=106 mean_uses=167.5 sum=323.6MiB max=15.3MiB
[LIMINA-ALLOC-STATS] pool=0xae3179b50 begins=265500 live=60 peak=67 draining=0 borrowed=55 pending=55 released=132 retired=106 mean_uses=167.5 sum=323.6MiB max=15.3MiB
[LIMINA-ALLOC-STATS] pool=0xae3179b50 begins=266000 live=60 peak=67 draining=0 borrowed=54 pending=54 released=132 retired=106 mean_uses=167.5 sum=323.6MiB max=15.3MiB
[LIMINA-ALLOC-STATS] pool=0xae3179b50 begins=266500 live=60 peak=67 draining=0 borrowed=54 pending=54 released=132 retired=106 mean_uses=167.5 sum=323.6MiB max=15.3MiB
[LIMINA-ALLOC-STATS] pool=0xae3179b50 begins=267000 live=60 peak=67 draining=0 borrowed=57 pending=56 released=132 retired=106 mean_uses=167.5 sum=323.6MiB max=15.3MiB
[LIMINA-ALLOC-STATS] pool=0xae7e4db50 begins=19000 live=1 peak=1 draining=0 borrowed=1 pending=1 released=0 retired=0 mean_uses=0.0 sum=9.8MiB max=9.8MiB
[LIMINA-ALLOC-STATS] pool=0xae3179b50 begins=267500 live=60 peak=67 draining=0 borrowed=55 pending=54 released=132 retired=106 mean_uses=167.5 sum=323.6MiB max=15.3MiB
[LIMINA-ALLOC-STATS] pool=0xae3179b50 begins=268000 live=60 peak=67 draining=0 borrowed=54 pending=53 released=132 retired=106 mean_uses=167.5 sum=323.6MiB max=15.3MiB
[LIMINA-ALLOC-STATS] pool=0xae3179b50 begins=268500 live=60 peak=67 draining=0 borrowed=56 pending=56 released=132 retired=106 mean_uses=167.5 sum=323.6MiB max=15.3MiB
[LIMINA-ALLOC-STATS] pool=0xae3179b50 begins=269000 live=60 peak=67 draining=0 borrowed=55 pending=55 released=132 retired=106 mean_uses=167.5 sum=323.6MiB max=15.3MiB
[LIMINA-ALLOC-STATS] pool=0xae3179b50 begins=269500 live=60 peak=67 draining=0 borrowed=55 pending=54 released=132 retired=106 mean_uses=167.5 sum=324.7MiB max=15.3MiB
[LIMINA-ALLOC-STATS] pool=0xae3179b50 begins=270000 live=60 peak=67 draining=0 borrowed=57 pending=56 released=132 retired=106 mean_uses=167.5 sum=324.7MiB max=15.3MiB
[LIMINA-ALLOC-STATS] pool=0xae7e4db50 begins=19500 live=1 peak=1 draining=0 borrowed=1 pending=0 released=0 retired=0 mean_uses=0.0 sum=9.8MiB max=9.8MiB
[LIMINA-ALLOC-STATS] pool=0xae3179b50 begins=270500 live=60 peak=67 draining=0 borrowed=57 pending=56 released=132 retired=106 mean_uses=167.5 sum=324.7MiB max=15.3MiB
[LIMINA-ALLOC-STATS] pool=0xae3179b50 begins=271000 live=60 peak=67 draining=0 borrowed=55 pending=55 released=132 retired=106 mean_uses=167.5 sum=324.7MiB max=15.3MiB
[LIMINA-ALLOC-STATS] pool=0xae3179b50 begins=271500 live=60 peak=67 draining=0 borrowed=57 pending=56 released=132 retired=106 mean_uses=167.5 sum=324.7MiB max=15.3MiB
[LIMINA-ALLOC-STATS] pool=0xae3179b50 begins=272000 live=60 peak=67 draining=0 borrowed=57 pending=60 released=132 retired=106 mean_uses=167.5 sum=324.8MiB max=15.3MiB
[LIMINA-ALLOC-STATS] pool=0xae3179b50 begins=272500 live=59 peak=67 draining=0 borrowed=57 pending=60 released=133 retired=106 mean_uses=167.5 sum=311.0MiB max=15.3MiB
[LIMINA-ALLOC-STATS] pool=0xae7e4db50 begins=20000 live=1 peak=1 draining=0 borrowed=1 pending=1 released=0 retired=0 mean_uses=0.0 sum=9.8MiB max=9.8MiB
[LIMINA-ALLOC-STATS] pool=0xae3179b50 begins=273000 live=59 peak=67 draining=0 borrowed=57 pending=56 released=133 retired=106 mean_uses=167.5 sum=311.0MiB max=15.3MiB
[LIMINA-ALLOC-STATS] pool=0xae3179b50 begins=273500 live=59 peak=67 draining=0 borrowed=56 pending=57 released=133 retired=106 mean_uses=167.5 sum=311.0MiB max=15.3MiB
[LIMINA-ALLOC-STATS] pool=0xae3179b50 begins=274000 live=60 peak=67 draining=0 borrowed=54 pending=55 released=133 retired=106 mean_uses=167.5 sum=313.6MiB max=15.3MiB
[LIMINA-ALLOC-STATS] pool=0xae3179b50 begins=274500 live=60 peak=67 draining=0 borrowed=55 pending=54 released=133 retired=106 mean_uses=167.5 sum=313.6MiB max=15.3MiB
[LIMINA-ALLOC-STATS] pool=0xae3179b50 begins=275000 live=60 peak=67 draining=0 borrowed=55 pending=56 released=133 retired=106 mean_uses=167.5 sum=313.6MiB max=15.3MiB
[LIMINA-ALLOC-STATS] pool=0xae3179b50 begins=275500 live=60 peak=67 draining=0 borrowed=55 pending=55 released=133 retired=106 mean_uses=167.5 sum=313.6MiB max=15.3MiB
[LIMINA-ALLOC-STATS] pool=0xae7e4db50 begins=20500 live=1 peak=1 draining=0 borrowed=1 pending=1 released=0 retired=0 mean_uses=0.0 sum=9.8MiB max=9.8MiB
[LIMINA-ALLOC-STATS] pool=0xae3179b50 begins=276000 live=60 peak=67 draining=0 borrowed=57 pending=57 released=133 retired=106 mean_uses=167.5 sum=313.6MiB max=15.3MiB
[LIMINA-ALLOC-STATS] pool=0xae3179b50 begins=276500 live=60 peak=67 draining=0 borrowed=55 pending=54 released=133 retired=106 mean_uses=167.5 sum=313.6MiB max=15.3MiB
[LIMINA-ALLOC-STATS] pool=0xae3179b50 begins=277000 live=60 peak=67 draining=0 borrowed=54 pending=55 released=133 retired=106 mean_uses=167.5 sum=313.8MiB max=15.3MiB
[LIMINA-ALLOC-STATS] pool=0xae3179b50 begins=277500 live=60 peak=67 draining=0 borrowed=56 pending=56 released=133 retired=106 mean_uses=167.5 sum=313.8MiB max=15.3MiB
[LIMINA-ALLOC-STATS] pool=0xae3179b50 begins=278000 live=60 peak=67 draining=0 borrowed=54 pending=55 released=133 retired=106 mean_uses=167.5 sum=313.8MiB max=15.3MiB
[LIMINA-ALLOC-STATS] pool=0xae3179b50 begins=278500 live=60 peak=67 draining=0 borrowed=53 pending=53 released=133 retired=106 mean_uses=167.5 sum=313.8MiB max=15.3MiB
[LIMINA-ALLOC-STATS] pool=0xae7e4db50 begins=21000 live=1 peak=1 draining=0 borrowed=1 pending=0 released=0 retired=0 mean_uses=0.0 sum=9.8MiB max=9.8MiB
[LIMINA-ALLOC-STATS] pool=0xae3179b50 begins=279000 live=60 peak=67 draining=0 borrowed=59 pending=58 released=133 retired=106 mean_uses=167.5 sum=313.8MiB max=15.3MiB
[LIMINA-ALLOC-STATS] pool=0xae3179b50 begins=279500 live=60 peak=67 draining=0 borrowed=54 pending=54 released=133 retired=106 mean_uses=167.5 sum=313.8MiB max=15.3MiB
[LIMINA-ALLOC-STATS] pool=0xae3179b50 begins=280000 live=60 peak=67 draining=0 borrowed=54 pending=54 released=133 retired=106 mean_uses=167.5 sum=315.9MiB max=15.3MiB
[LIMINA-ALLOC-STATS] pool=0xae3179b50 begins=280500 live=60 peak=67 draining=0 borrowed=56 pending=55 released=133 retired=106 mean_uses=167.5 sum=315.9MiB max=15.3MiB
[LIMINA-ALLOC-STATS] pool=0xae3179b50 begins=281000 live=60 peak=67 draining=0 borrowed=54 pending=54 released=133 retired=106 mean_uses=167.5 sum=315.9MiB max=15.3MiB
[LIMINA-ALLOC-STATS] pool=0xae7e4db50 begins=21500 live=1 peak=1 draining=0 borrowed=1 pending=1 released=0 retired=0 mean_uses=0.0 sum=9.8MiB max=9.8MiB
[LIMINA-ALLOC-STATS] pool=0xae3179b50 begins=281500 live=60 peak=67 draining=0 borrowed=53 pending=52 released=133 retired=106 mean_uses=167.5 sum=315.9MiB max=15.3MiB
[LIMINA-ALLOC-STATS] pool=0xae3179b50 begins=282000 live=60 peak=67 draining=0 borrowed=55 pending=56 released=133 retired=106 mean_uses=167.5 sum=315.9MiB max=15.3MiB
[LIMINA-ALLOC-STATS] pool=0xae3179b50 begins=282500 live=60 peak=67 draining=0 borrowed=55 pending=54 released=133 retired=106 mean_uses=167.5 sum=315.9MiB max=15.3MiB
[LIMINA-ALLOC-STATS] pool=0xae3179b50 begins=283000 live=60 peak=67 draining=0 borrowed=55 pending=54 released=133 retired=106 mean_uses=167.5 sum=315.9MiB max=15.3MiB
[LIMINA-ALLOC-STATS] pool=0xae3179b50 begins=283500 live=60 peak=67 draining=0 borrowed=56 pending=58 released=133 retired=106 mean_uses=167.5 sum=315.9MiB max=15.3MiB
[LIMINA-ALLOC-STATS] pool=0xae7e4db50 begins=22000 live=1 peak=1 draining=0 borrowed=1 pending=0 released=0 retired=0 mean_uses=0.0 sum=9.8MiB max=9.8MiB
[LIMINA-ALLOC-STATS] pool=0xae3179b50 begins=284000 live=60 peak=67 draining=0 borrowed=54 pending=55 released=133 retired=106 mean_uses=167.5 sum=315.9MiB max=15.3MiB
[LIMINA-ALLOC-STATS] pool=0xae3179b50 begins=284500 live=60 peak=67 draining=0 borrowed=53 pending=53 released=133 retired=106 mean_uses=167.5 sum=315.9MiB max=15.3MiB
[LIMINA-ALLOC-STATS] pool=0xae3179b50 begins=285000 live=60 peak=67 draining=0 borrowed=55 pending=55 released=133 retired=106 mean_uses=167.5 sum=315.9MiB max=15.3MiB
[LIMINA-ALLOC-STATS] pool=0xae3179b50 begins=285500 live=60 peak=67 draining=0 borrowed=55 pending=55 released=133 retired=106 mean_uses=167.5 sum=315.9MiB max=15.3MiB
[LIMINA-ALLOC-STATS] pool=0xae3179b50 begins=286000 live=60 peak=67 draining=0 borrowed=54 pending=53 released=133 retired=106 mean_uses=167.5 sum=315.9MiB max=15.3MiB
[LIMINA-ALLOC-STATS] pool=0xae3179b50 begins=286500 live=60 peak=67 draining=0 borrowed=56 pending=55 released=133 retired=106 mean_uses=167.5 sum=315.9MiB max=15.3MiB
[LIMINA-ALLOC-STATS] pool=0xae7e4db50 begins=22500 live=1 peak=1 draining=0 borrowed=1 pending=0 released=0 retired=0 mean_uses=0.0 sum=9.8MiB max=9.8MiB
[LIMINA-ALLOC-STATS] pool=0xae3179b50 begins=287000 live=60 peak=67 draining=0 borrowed=55 pending=54 released=133 retired=106 mean_uses=167.5 sum=315.9MiB max=15.3MiB
[LIMINA-ALLOC-STATS] pool=0xae3179b50 begins=287500 live=60 peak=67 draining=0 borrowed=54 pending=53 released=133 retired=106 mean_uses=167.5 sum=315.9MiB max=15.3MiB
[LIMINA-ALLOC-STATS] pool=0xae3179b50 begins=288000 live=60 peak=67 draining=0 borrowed=56 pending=56 released=133 retired=106 mean_uses=167.5 sum=315.9MiB max=15.3MiB
[LIMINA-ALLOC-STATS] pool=0xae3179b50 begins=288500 live=60 peak=67 draining=0 borrowed=54 pending=53 released=133 retired=106 mean_uses=167.5 sum=316.0MiB max=15.3MiB
[LIMINA-ALLOC-STATS] pool=0xae3179b50 begins=289000 live=60 peak=67 draining=0 borrowed=53 pending=53 released=133 retired=106 mean_uses=167.5 sum=316.0MiB max=15.3MiB
[LIMINA-ALLOC-STATS] pool=0xae7e4db50 begins=23000 live=1 peak=1 draining=0 borrowed=1 pending=1 released=0 retired=0 mean_uses=0.0 sum=9.8MiB max=9.8MiB
[LIMINA-ALLOC-STATS] pool=0xae3179b50 begins=289500 live=59 peak=67 draining=0 borrowed=55 pending=55 released=134 retired=106 mean_uses=167.5 sum=313.3MiB max=15.3MiB
[LIMINA-ALLOC-STATS] pool=0xae3179b50 begins=290000 live=59 peak=67 draining=0 borrowed=56 pending=59 released=134 retired=106 mean_uses=167.5 sum=313.3MiB max=15.3MiB
[LIMINA-ALLOC-POOL] teardown: pool=0xae7e4db50 live=1 peak=1 released=0 ceiling-waits=0 ceiling-fails=0
[2026-10-07T14:24:48.773919Z INFO  krun_devices::virtio::gpu::virtio_gpu] CTX_CREATE ctx=10 init=0x4 name=Some("vkmark\0\0\0\0\0\0\0\0\0\0\0\0\0\0\0\0\0\0\0\0\0\0\0\0\0\0\0\0\0\0\0\0\0\0\0\0\0\0\0\0\0\0\0\0\0\0\0\0\0\0\0\0\0\0\0\0\0\0")
[LIMINA-ALLOC-STATS] pool=0xae3179b50 begins=290500 live=59 peak=67 draining=0 borrowed=56 pending=55 released=134 retired=106 mean_uses=167.5 sum=313.4MiB max=15.3MiB
[LIMINA-ALLOC-STATS] pool=0xae3179b50 begins=291000 live=59 peak=67 draining=0 borrowed=56 pending=56 released=134 retired=106 mean_uses=167.5 sum=324.7MiB max=15.3MiB
[LIMINA-ALLOC-STATS] pool=0xae3179b50 begins=291500 live=59 peak=67 draining=0 borrowed=55 pending=56 released=134 retired=106 mean_uses=167.5 sum=326.3MiB max=15.3MiB
[LIMINA-ALLOC-STATS] pool=0xae3179b50 begins=292000 live=59 peak=67 draining=0 borrowed=53 pending=53 released=134 retired=106 mean_uses=167.5 sum=326.3MiB max=15.3MiB
[LIMINA-ALLOC-STATS] pool=0xae3179b50 begins=292500 live=59 peak=67 draining=0 borrowed=55 pending=55 released=134 retired=106 mean_uses=167.5 sum=326.3MiB max=15.3MiB
[LIMINA-ALLOC-STATS] pool=0xae3179b50 begins=293000 live=59 peak=67 draining=0 borrowed=54 pending=54 released=134 retired=106 mean_uses=167.5 sum=326.3MiB max=15.3MiB
[LIMINA-ALLOC-STATS] pool=0xae7e4db50 begins=500 live=1 peak=1 draining=0 borrowed=1 pending=1 released=0 retired=0 mean_uses=0.0 sum=9.8MiB max=9.8MiB
[LIMINA-ALLOC-STATS] pool=0xae3179b50 begins=293500 live=59 peak=67 draining=0 borrowed=55 pending=54 released=134 retired=106 mean_uses=167.5 sum=326.3MiB max=15.3MiB
[LIMINA-ALLOC-STATS] pool=0xae3179b50 begins=294000 live=59 peak=67 draining=0 borrowed=57 pending=58 released=134 retired=106 mean_uses=167.5 sum=326.3MiB max=15.3MiB
[LIMINA-ALLOC-STATS] pool=0xae3179b50 begins=294500 live=59 peak=67 draining=0 borrowed=54 pending=53 released=134 retired=106 mean_uses=167.5 sum=326.5MiB max=15.3MiB
[LIMINA-ALLOC-STATS] pool=0xae3179b50 begins=295000 live=59 peak=67 draining=0 borrowed=55 pending=54 released=134 retired=106 mean_uses=167.5 sum=326.5MiB max=15.3MiB
[LIMINA-ALLOC-STATS] pool=0xae3179b50 begins=295500 live=59 peak=67 draining=0 borrowed=56 pending=56 released=134 retired=106 mean_uses=167.5 sum=326.5MiB max=15.3MiB
[LIMINA-ALLOC-STATS] pool=0xae7e4db50 begins=1000 live=1 peak=1 draining=0 borrowed=1 pending=1 released=0 retired=0 mean_uses=0.0 sum=9.8MiB max=9.8MiB
[LIMINA-ALLOC-STATS] pool=0xae3179b50 begins=296000 live=59 peak=67 draining=0 borrowed=55 pending=55 released=134 retired=106 mean_uses=167.5 sum=326.5MiB max=15.3MiB
[LIMINA-ALLOC-STATS] pool=0xae3179b50 begins=296500 live=59 peak=67 draining=0 borrowed=55 pending=54 released=134 retired=106 mean_uses=167.5 sum=326.5MiB max=15.3MiB
[LIMINA-ALLOC-STATS] pool=0xae3179b50 begins=297000 live=59 peak=67 draining=0 borrowed=55 pending=54 released=134 retired=106 mean_uses=167.5 sum=326.5MiB max=15.3MiB
[LIMINA-ALLOC-STATS] pool=0xae3179b50 begins=297500 live=59 peak=67 draining=0 borrowed=55 pending=56 released=134 retired=106 mean_uses=167.5 sum=326.5MiB max=15.3MiB
[LIMINA-ALLOC-STATS] pool=0xae3179b50 begins=298000 live=59 peak=67 draining=0 borrowed=53 pending=53 released=134 retired=106 mean_uses=167.5 sum=326.5MiB max=15.3MiB
[LIMINA-ALLOC-STATS] pool=0xae7e4db50 begins=1500 live=1 peak=1 draining=0 borrowed=1 pending=0 released=0 retired=0 mean_uses=0.0 sum=9.8MiB max=9.8MiB
[LIMINA-ALLOC-STATS] pool=0xae3179b50 begins=298500 live=59 peak=67 draining=0 borrowed=56 pending=57 released=134 retired=106 mean_uses=167.5 sum=326.5MiB max=15.3MiB
[LIMINA-ALLOC-STATS] pool=0xae3179b50 begins=299000 live=59 peak=67 draining=0 borrowed=55 pending=55 released=134 retired=106 mean_uses=167.5 sum=326.5MiB max=15.3MiB
[LIMINA-ALLOC-STATS] pool=0xae3179b50 begins=299500 live=59 peak=67 draining=0 borrowed=55 pending=54 released=134 retired=106 mean_uses=167.5 sum=326.5MiB max=15.3MiB
[LIMINA-ALLOC-STATS] pool=0xae3179b50 begins=300000 live=60 peak=67 draining=0 borrowed=59 pending=59 released=134 retired=106 mean_uses=167.5 sum=329.1MiB max=15.3MiB
[LIMINA-ALLOC-STATS] pool=0xae3179b50 begins=300500 live=61 peak=67 draining=0 borrowed=55 pending=55 released=134 retired=106 mean_uses=167.5 sum=332.2MiB max=15.3MiB
[LIMINA-ALLOC-STATS] pool=0xae3179b50 begins=301000 live=61 peak=67 draining=0 borrowed=53 pending=52 released=134 retired=106 mean_uses=167.5 sum=332.7MiB max=15.3MiB
[LIMINA-ALLOC-STATS] pool=0xae7e4db50 begins=2000 live=1 peak=1 draining=0 borrowed=1 pending=1 released=0 retired=0 mean_uses=0.0 sum=9.8MiB max=9.8MiB
[LIMINA-ALLOC-STATS] pool=0xae3179b50 begins=301500 live=61 peak=67 draining=0 borrowed=58 pending=57 released=134 retired=106 mean_uses=167.5 sum=332.7MiB max=15.3MiB
[LIMINA-ALLOC-STATS] pool=0xae3179b50 begins=302000 live=61 peak=67 draining=0 borrowed=56 pending=56 released=134 retired=106 mean_uses=167.5 sum=332.7MiB max=15.3MiB
[LIMINA-ALLOC-STATS] pool=0xae3179b50 begins=302500 live=61 peak=67 draining=0 borrowed=54 pending=54 released=134 retired=106 mean_uses=167.5 sum=332.7MiB max=15.3MiB
[LIMINA-ALLOC-STATS] pool=0xae3179b50 begins=303000 live=61 peak=67 draining=0 borrowed=56 pending=55 released=134 retired=106 mean_uses=167.5 sum=332.7MiB max=15.3MiB
[LIMINA-ALLOC-STATS] pool=0xae3179b50 begins=303500 live=61 peak=67 draining=0 borrowed=54 pending=54 released=134 retired=106 mean_uses=167.5 sum=332.7MiB max=15.3MiB
[LIMINA-ALLOC-STATS] pool=0xae7e4db50 begins=2500 live=1 peak=1 draining=0 borrowed=1 pending=0 released=0 retired=0 mean_uses=0.0 sum=9.8MiB max=9.8MiB
[LIMINA-ALLOC-STATS] pool=0xae3179b50 begins=304000 live=61 peak=67 draining=0 borrowed=53 pending=53 released=134 retired=106 mean_uses=167.5 sum=333.4MiB max=15.3MiB
[LIMINA-ALLOC-STATS] pool=0xae3179b50 begins=304500 live=61 peak=67 draining=0 borrowed=55 pending=56 released=134 retired=106 mean_uses=167.5 sum=333.4MiB max=15.3MiB
[LIMINA-ALLOC-STATS] pool=0xae3179b50 begins=305000 live=61 peak=67 draining=0 borrowed=54 pending=53 released=134 retired=106 mean_uses=167.5 sum=333.4MiB max=15.3MiB
[LIMINA-ALLOC-STATS] pool=0xae3179b50 begins=305500 live=61 peak=67 draining=0 borrowed=56 pending=57 released=134 retired=106 mean_uses=167.5 sum=333.5MiB max=15.3MiB
[LIMINA-ALLOC-STATS] pool=0xae3179b50 begins=306000 live=61 peak=67 draining=0 borrowed=56 pending=55 released=134 retired=106 mean_uses=167.5 sum=333.5MiB max=15.3MiB
[LIMINA-ALLOC-STATS] pool=0xae3179b50 begins=306500 live=61 peak=67 draining=0 borrowed=54 pending=54 released=134 retired=106 mean_uses=167.5 sum=333.5MiB max=15.3MiB
[LIMINA-ALLOC-STATS] pool=0xae7e4db50 begins=3000 live=1 peak=1 draining=0 borrowed=1 pending=0 released=0 retired=0 mean_uses=0.0 sum=9.8MiB max=9.8MiB
[LIMINA-ALLOC-STATS] pool=0xae3179b50 begins=307000 live=61 peak=67 draining=0 borrowed=53 pending=53 released=134 retired=106 mean_uses=167.5 sum=333.5MiB max=15.3MiB
[LIMINA-ALLOC-STATS] pool=0xae3179b50 begins=307500 live=61 peak=67 draining=0 borrowed=56 pending=56 released=134 retired=106 mean_uses=167.5 sum=334.3MiB max=15.3MiB
[LIMINA-ALLOC-STATS] pool=0xae3179b50 begins=308000 live=61 peak=67 draining=0 borrowed=55 pending=56 released=134 retired=106 mean_uses=167.5 sum=334.3MiB max=15.3MiB
[LIMINA-ALLOC-STATS] pool=0xae3179b50 begins=308500 live=61 peak=67 draining=0 borrowed=54 pending=54 released=134 retired=106 mean_uses=167.5 sum=334.3MiB max=15.3MiB
[LIMINA-ALLOC-STATS] pool=0xae3179b50 begins=309000 live=61 peak=67 draining=0 borrowed=56 pending=56 released=134 retired=106 mean_uses=167.5 sum=334.3MiB max=15.3MiB
[LIMINA-ALLOC-STATS] pool=0xae7e4db50 begins=3500 live=1 peak=1 draining=0 borrowed=1 pending=0 released=0 retired=0 mean_uses=0.0 sum=9.8MiB max=9.8MiB
[LIMINA-ALLOC-STATS] pool=0xae3179b50 begins=309500 live=61 peak=67 draining=0 borrowed=55 pending=54 released=134 retired=106 mean_uses=167.5 sum=334.3MiB max=15.3MiB
[LIMINA-ALLOC-STATS] pool=0xae3179b50 begins=310000 live=61 peak=67 draining=0 borrowed=53 pending=52 released=134 retired=106 mean_uses=167.5 sum=334.3MiB max=15.3MiB
[LIMINA-ALLOC-STATS] pool=0xae3179b50 begins=310500 live=61 peak=67 draining=0 borrowed=57 pending=59 released=134 retired=106 mean_uses=167.5 sum=334.3MiB max=15.3MiB
[LIMINA-ALLOC-STATS] pool=0xae3179b50 begins=311000 live=61 peak=67 draining=0 borrowed=54 pending=54 released=134 retired=106 mean_uses=167.5 sum=334.3MiB max=15.3MiB
[LIMINA-ALLOC-STATS] pool=0xae3179b50 begins=311500 live=61 peak=67 draining=0 borrowed=53 pending=53 released=134 retired=106 mean_uses=167.5 sum=334.4MiB max=15.3MiB
[LIMINA-ALLOC-STATS] pool=0xae7e4db50 begins=4000 live=1 peak=1 draining=0 borrowed=1 pending=1 released=0 retired=0 mean_uses=0.0 sum=9.8MiB max=9.8MiB
[LIMINA-ALLOC-STATS] pool=0xae3179b50 begins=312000 live=61 peak=67 draining=0 borrowed=55 pending=54 released=134 retired=106 mean_uses=167.5 sum=334.4MiB max=15.3MiB
[LIMINA-ALLOC-STATS] pool=0xae3179b50 begins=312500 live=61 peak=67 draining=0 borrowed=55 pending=55 released=134 retired=106 mean_uses=167.5 sum=334.4MiB max=15.3MiB
[LIMINA-ALLOC-STATS] pool=0xae3179b50 begins=313000 live=61 peak=67 draining=0 borrowed=54 pending=54 released=134 retired=106 mean_uses=167.5 sum=335.7MiB max=15.3MiB
[LIMINA-ALLOC-STATS] pool=0xae3181b50 begins=2500 live=1 peak=1 draining=0 borrowed=1 pending=0 released=0 retired=0 mean_uses=0.0 sum=4.9MiB max=4.9MiB
[LIMINA-ALLOC-STATS] pool=0xae317db50 begins=2500 live=1 peak=1 draining=0 borrowed=1 pending=0 released=0 retired=0 mean_uses=0.0 sum=4.9MiB max=4.9MiB
[LIMINA-ALLOC-STATS] pool=0xae3179b50 begins=313500 live=61 peak=67 draining=0 borrowed=56 pending=56 released=134 retired=106 mean_uses=167.5 sum=337.9MiB max=15.3MiB
[LIMINA-ALLOC-STATS] pool=0xae3179b50 begins=314000 live=61 peak=67 draining=0 borrowed=55 pending=55 released=134 retired=106 mean_uses=167.5 sum=337.9MiB max=15.3MiB
[LIMINA-ALLOC-STATS] pool=0xae7e4db50 begins=4500 live=1 peak=1 draining=0 borrowed=1 pending=1 released=0 retired=0 mean_uses=0.0 sum=9.8MiB max=9.8MiB
[LIMINA-ALLOC-STATS] pool=0xae3179b50 begins=314500 live=61 peak=67 draining=0 borrowed=52 pending=52 released=134 retired=106 mean_uses=167.5 sum=337.9MiB max=15.3MiB
[LIMINA-ALLOC-STATS] pool=0xae3179b50 begins=315000 live=61 peak=67 draining=0 borrowed=53 pending=54 released=134 retired=106 mean_uses=167.5 sum=337.9MiB max=15.3MiB
[LIMINA-ALLOC-STATS] pool=0xae3179b50 begins=315500 live=61 peak=67 draining=0 borrowed=56 pending=55 released=134 retired=106 mean_uses=167.5 sum=337.9MiB max=15.3MiB
[LIMINA-ALLOC-STATS] pool=0xae3179b50 begins=316000 live=60 peak=67 draining=0 borrowed=55 pending=54 released=135 retired=106 mean_uses=167.5 sum=323.6MiB max=15.3MiB
[LIMINA-ALLOC-STATS] pool=0xae3179b50 begins=316500 live=60 peak=67 draining=0 borrowed=57 pending=57 released=135 retired=106 mean_uses=167.5 sum=327.6MiB max=15.3MiB
[LIMINA-ALLOC-STATS] pool=0xae3179b50 begins=317000 live=60 peak=67 draining=0 borrowed=54 pending=54 released=135 retired=106 mean_uses=167.5 sum=327.6MiB max=15.3MiB
[LIMINA-ALLOC-STATS] pool=0xae7e4db50 begins=5000 live=1 peak=1 draining=0 borrowed=1 pending=0 released=0 retired=0 mean_uses=0.0 sum=9.8MiB max=9.8MiB
[LIMINA-ALLOC-STATS] pool=0xae3179b50 begins=317500 live=60 peak=67 draining=0 borrowed=54 pending=54 released=135 retired=106 mean_uses=167.5 sum=327.6MiB max=15.3MiB
[LIMINA-ALLOC-STATS] pool=0xae3179b50 begins=318000 live=60 peak=67 draining=0 borrowed=56 pending=55 released=135 retired=106 mean_uses=167.5 sum=327.6MiB max=15.3MiB
[LIMINA-ALLOC-STATS] pool=0xae3179b50 begins=318500 live=60 peak=67 draining=0 borrowed=56 pending=55 released=135 retired=106 mean_uses=167.5 sum=327.6MiB max=15.3MiB
[LIMINA-ALLOC-STATS] pool=0xae3179b50 begins=319000 live=60 peak=67 draining=0 borrowed=53 pending=52 released=135 retired=106 mean_uses=167.5 sum=327.6MiB max=15.3MiB
[LIMINA-ALLOC-STATS] pool=0xae3179b50 begins=319500 live=60 peak=67 draining=0 borrowed=55 pending=54 released=135 retired=106 mean_uses=167.5 sum=327.7MiB max=15.3MiB
[LIMINA-ALLOC-STATS] pool=0xae3179b50 begins=320000 live=60 peak=67 draining=0 borrowed=54 pending=54 released=135 retired=106 mean_uses=167.5 sum=327.7MiB max=15.3MiB
[LIMINA-ALLOC-STATS] pool=0xae7e4db50 begins=5500 live=1 peak=1 draining=0 borrowed=1 pending=0 released=0 retired=0 mean_uses=0.0 sum=9.8MiB max=9.8MiB
[LIMINA-ALLOC-STATS] pool=0xae3179b50 begins=320500 live=60 peak=67 draining=0 borrowed=54 pending=54 released=135 retired=106 mean_uses=167.5 sum=327.7MiB max=15.3MiB
[LIMINA-ALLOC-STATS] pool=0xae3179b50 begins=321000 live=60 peak=67 draining=0 borrowed=55 pending=56 released=135 retired=106 mean_uses=167.5 sum=327.7MiB max=15.3MiB
[LIMINA-ALLOC-STATS] pool=0xae3179b50 begins=321500 live=60 peak=67 draining=0 borrowed=55 pending=54 released=135 retired=106 mean_uses=167.5 sum=328.4MiB max=15.3MiB
[LIMINA-ALLOC-STATS] pool=0xae3179b50 begins=322000 live=60 peak=67 draining=0 borrowed=54 pending=53 released=135 retired=106 mean_uses=167.5 sum=328.4MiB max=15.3MiB
[LIMINA-ALLOC-STATS] pool=0xae3179b50 begins=322500 live=60 peak=67 draining=0 borrowed=55 pending=56 released=135 retired=106 mean_uses=167.5 sum=328.4MiB max=15.3MiB
[LIMINA-ALLOC-STATS] pool=0xae7e4db50 begins=6000 live=1 peak=1 draining=0 borrowed=1 pending=1 released=0 retired=0 mean_uses=0.0 sum=9.8MiB max=9.8MiB
[LIMINA-ALLOC-STATS] pool=0xae3179b50 begins=323000 live=60 peak=67 draining=0 borrowed=56 pending=55 released=135 retired=106 mean_uses=167.5 sum=328.4MiB max=15.3MiB
[LIMINA-ALLOC-STATS] pool=0xae3179b50 begins=323500 live=60 peak=67 draining=0 borrowed=54 pending=54 released=135 retired=106 mean_uses=167.5 sum=328.4MiB max=15.3MiB
[LIMINA-ALLOC-STATS] pool=0xae3179b50 begins=324000 live=60 peak=67 draining=0 borrowed=56 pending=56 released=135 retired=106 mean_uses=167.5 sum=328.4MiB max=15.3MiB
[LIMINA-ALLOC-STATS] pool=0xae3179b50 begins=324500 live=60 peak=67 draining=0 borrowed=53 pending=53 released=135 retired=106 mean_uses=167.5 sum=328.4MiB max=15.3MiB
[LIMINA-ALLOC-STATS] pool=0xae3179b50 begins=325000 live=60 peak=67 draining=0 borrowed=53 pending=53 released=135 retired=106 mean_uses=167.5 sum=328.4MiB max=15.3MiB
[LIMINA-ALLOC-STATS] pool=0xae7e4db50 begins=6500 live=1 peak=1 draining=0 borrowed=1 pending=0 released=0 retired=0 mean_uses=0.0 sum=9.8MiB max=9.8MiB
[LIMINA-ALLOC-STATS] pool=0xae3179b50 begins=325500 live=60 peak=67 draining=0 borrowed=56 pending=56 released=135 retired=106 mean_uses=167.5 sum=328.4MiB max=15.3MiB
[LIMINA-ALLOC-STATS] pool=0xae3179b50 begins=326000 live=60 peak=67 draining=0 borrowed=55 pending=55 released=135 retired=106 mean_uses=167.5 sum=328.4MiB max=15.3MiB
[LIMINA-ALLOC-STATS] pool=0xae3179b50 begins=326500 live=60 peak=67 draining=0 borrowed=53 pending=53 released=135 retired=106 mean_uses=167.5 sum=328.4MiB max=15.3MiB
[LIMINA-ALLOC-STATS] pool=0xae3179b50 begins=327000 live=60 peak=67 draining=0 borrowed=55 pending=54 released=135 retired=106 mean_uses=167.5 sum=328.4MiB max=15.3MiB
[LIMINA-ALLOC-STATS] pool=0xae7e4db50 begins=7000 live=1 peak=1 draining=0 borrowed=1 pending=0 released=0 retired=0 mean_uses=0.0 sum=9.8MiB max=9.8MiB
[LIMINA-ALLOC-STATS] pool=0xae3179b50 begins=327500 live=60 peak=67 draining=0 borrowed=54 pending=54 released=135 retired=106 mean_uses=167.5 sum=328.5MiB max=15.3MiB
[LIMINA-ALLOC-STATS] pool=0xae3179b50 begins=328000 live=60 peak=67 draining=0 borrowed=54 pending=55 released=135 retired=106 mean_uses=167.5 sum=328.5MiB max=15.3MiB
[LIMINA-ALLOC-STATS] pool=0xae3179b50 begins=328500 live=60 peak=67 draining=0 borrowed=53 pending=55 released=135 retired=106 mean_uses=167.5 sum=328.5MiB max=15.3MiB
[LIMINA-ALLOC-STATS] pool=0xae3179b50 begins=329000 live=60 peak=67 draining=0 borrowed=55 pending=54 released=135 retired=106 mean_uses=167.5 sum=328.5MiB max=15.3MiB
[LIMINA-ALLOC-STATS] pool=0xae3179b50 begins=329500 live=60 peak=67 draining=0 borrowed=52 pending=52 released=135 retired=106 mean_uses=167.5 sum=328.5MiB max=15.3MiB
[LIMINA-ALLOC-STATS] pool=0xae7e4db50 begins=7500 live=1 peak=1 draining=0 borrowed=1 pending=0 released=0 retired=0 mean_uses=0.0 sum=9.8MiB max=9.8MiB
[LIMINA-ALLOC-STATS] pool=0xae3179b50 begins=330000 live=60 peak=67 draining=0 borrowed=55 pending=55 released=135 retired=106 mean_uses=167.5 sum=328.5MiB max=15.3MiB
[LIMINA-ALLOC-STATS] pool=0xae3179b50 begins=330500 live=60 peak=67 draining=0 borrowed=54 pending=55 released=135 retired=106 mean_uses=167.5 sum=328.5MiB max=15.3MiB
[LIMINA-ALLOC-STATS] pool=0xae3179b50 begins=331000 live=60 peak=67 draining=0 borrowed=53 pending=53 released=135 retired=106 mean_uses=167.5 sum=328.5MiB max=15.3MiB
[LIMINA-ALLOC-STATS] pool=0xae3179b50 begins=331500 live=60 peak=67 draining=0 borrowed=54 pending=56 released=135 retired=106 mean_uses=167.5 sum=328.5MiB max=15.3MiB
[LIMINA-ALLOC-STATS] pool=0xae7e4db50 begins=8000 live=1 peak=1 draining=0 borrowed=1 pending=0 released=0 retired=0 mean_uses=0.0 sum=9.8MiB max=9.8MiB
[LIMINA-ALLOC-STATS] pool=0xae3179b50 begins=332000 live=60 peak=67 draining=0 borrowed=55 pending=58 released=135 retired=106 mean_uses=167.5 sum=328.5MiB max=15.3MiB
[LIMINA-ALLOC-STATS] pool=0xae3179b50 begins=332500 live=59 peak=67 draining=0 borrowed=55 pending=54 released=136 retired=106 mean_uses=167.5 sum=318.5MiB max=15.3MiB
[LIMINA-ALLOC-STATS] pool=0xae3179b50 begins=333000 live=59 peak=67 draining=0 borrowed=57 pending=57 released=136 retired=106 mean_uses=167.5 sum=318.5MiB max=15.3MiB
[LIMINA-ALLOC-STATS] pool=0xae3179b50 begins=333500 live=59 peak=67 draining=0 borrowed=55 pending=58 released=136 retired=106 mean_uses=167.5 sum=318.6MiB max=15.3MiB
[LIMINA-ALLOC-STATS] pool=0xae7e4db50 begins=8500 live=1 peak=1 draining=0 borrowed=1 pending=0 released=0 retired=0 mean_uses=0.0 sum=9.8MiB max=9.8MiB
[LIMINA-ALLOC-STATS] pool=0xae3179b50 begins=334000 live=59 peak=67 draining=0 borrowed=53 pending=53 released=136 retired=106 mean_uses=167.5 sum=318.6MiB max=15.3MiB
[LIMINA-ALLOC-STATS] pool=0xae3179b50 begins=334500 live=59 peak=67 draining=0 borrowed=56 pending=56 released=136 retired=106 mean_uses=167.5 sum=318.6MiB max=15.3MiB
[LIMINA-ALLOC-STATS] pool=0xae3179b50 begins=335000 live=59 peak=67 draining=0 borrowed=55 pending=54 released=136 retired=106 mean_uses=167.5 sum=318.6MiB max=15.3MiB
[LIMINA-ALLOC-STATS] pool=0xae3179b50 begins=335500 live=59 peak=67 draining=0 borrowed=54 pending=54 released=136 retired=106 mean_uses=167.5 sum=318.6MiB max=15.3MiB
[LIMINA-ALLOC-STATS] pool=0xae3179b50 begins=336000 live=59 peak=67 draining=0 borrowed=57 pending=57 released=136 retired=106 mean_uses=167.5 sum=318.6MiB max=15.3MiB
[LIMINA-ALLOC-STATS] pool=0xae7e4db50 begins=9000 live=1 peak=1 draining=0 borrowed=1 pending=0 released=0 retired=0 mean_uses=0.0 sum=9.8MiB max=9.8MiB
[LIMINA-ALLOC-STATS] pool=0xae3179b50 begins=336500 live=59 peak=67 draining=0 borrowed=55 pending=54 released=136 retired=106 mean_uses=167.5 sum=318.6MiB max=15.3MiB
[LIMINA-ALLOC-STATS] pool=0xae3179b50 begins=337000 live=59 peak=67 draining=0 borrowed=52 pending=52 released=136 retired=106 mean_uses=167.5 sum=318.6MiB max=15.3MiB
[LIMINA-ALLOC-STATS] pool=0xae3179b50 begins=337500 live=59 peak=67 draining=0 borrowed=54 pending=54 released=136 retired=106 mean_uses=167.5 sum=318.6MiB max=15.3MiB
[LIMINA-ALLOC-STATS] pool=0xae3179b50 begins=338000 live=59 peak=67 draining=0 borrowed=56 pending=60 released=136 retired=106 mean_uses=167.5 sum=318.6MiB max=15.3MiB
[LIMINA-ALLOC-STATS] pool=0xae7e4db50 begins=9500 live=1 peak=1 draining=0 borrowed=1 pending=0 released=0 retired=0 mean_uses=0.0 sum=9.8MiB max=9.8MiB
[LIMINA-ALLOC-STATS] pool=0xae3179b50 begins=338500 live=59 peak=67 draining=0 borrowed=53 pending=54 released=136 retired=106 mean_uses=167.5 sum=318.6MiB max=15.3MiB
[LIMINA-ALLOC-STATS] pool=0xae3179b50 begins=339000 live=59 peak=67 draining=0 borrowed=55 pending=55 released=136 retired=106 mean_uses=167.5 sum=318.6MiB max=15.3MiB
[LIMINA-ALLOC-STATS] pool=0xae3179b50 begins=339500 live=59 peak=67 draining=0 borrowed=54 pending=55 released=136 retired=106 mean_uses=167.5 sum=318.6MiB max=15.3MiB
[LIMINA-ALLOC-STATS] pool=0xae3179b50 begins=340000 live=59 peak=67 draining=0 borrowed=55 pending=55 released=136 retired=106 mean_uses=167.5 sum=318.6MiB max=15.3MiB
[LIMINA-ALLOC-STATS] pool=0xae7e4db50 begins=10000 live=1 peak=1 draining=0 borrowed=1 pending=0 released=0 retired=0 mean_uses=0.0 sum=9.8MiB max=9.8MiB
[LIMINA-ALLOC-STATS] pool=0xae3179b50 begins=340500 live=59 peak=67 draining=0 borrowed=55 pending=55 released=136 retired=106 mean_uses=167.5 sum=318.6MiB max=15.3MiB
[LIMINA-ALLOC-STATS] pool=0xae3179b50 begins=341000 live=59 peak=67 draining=0 borrowed=54 pending=54 released=136 retired=106 mean_uses=167.5 sum=318.6MiB max=15.3MiB
[LIMINA-ALLOC-STATS] pool=0xae3179b50 begins=341500 live=59 peak=67 draining=0 borrowed=54 pending=58 released=136 retired=106 mean_uses=167.5 sum=318.6MiB max=15.3MiB
[LIMINA-ALLOC-STATS] pool=0xae3179b50 begins=342000 live=59 peak=67 draining=0 borrowed=55 pending=54 released=136 retired=106 mean_uses=167.5 sum=318.6MiB max=15.3MiB
[LIMINA-ALLOC-STATS] pool=0xae7e4db50 begins=10500 live=1 peak=1 draining=0 borrowed=1 pending=0 released=0 retired=0 mean_uses=0.0 sum=9.8MiB max=9.8MiB
[LIMINA-ALLOC-STATS] pool=0xae3179b50 begins=342500 live=59 peak=67 draining=0 borrowed=54 pending=54 released=136 retired=106 mean_uses=167.5 sum=318.6MiB max=15.3MiB
[LIMINA-ALLOC-STATS] pool=0xae3179b50 begins=343000 live=59 peak=67 draining=0 borrowed=53 pending=54 released=136 retired=106 mean_uses=167.5 sum=318.6MiB max=15.3MiB
[LIMINA-ALLOC-STATS] pool=0xae3179b50 begins=343500 live=59 peak=67 draining=0 borrowed=57 pending=57 released=136 retired=106 mean_uses=167.5 sum=318.6MiB max=15.3MiB
[LIMINA-ALLOC-STATS] pool=0xae3179b50 begins=344000 live=60 peak=67 draining=0 borrowed=55 pending=55 released=136 retired=106 mean_uses=167.5 sum=321.2MiB max=15.3MiB
[LIMINA-ALLOC-STATS] pool=0xae3179b50 begins=344500 live=60 peak=67 draining=0 borrowed=53 pending=53 released=136 retired=106 mean_uses=167.5 sum=321.2MiB max=15.3MiB
[LIMINA-ALLOC-STATS] pool=0xae7e4db50 begins=11000 live=1 peak=1 draining=0 borrowed=1 pending=0 released=0 retired=0 mean_uses=0.0 sum=9.8MiB max=9.8MiB
[LIMINA-ALLOC-STATS] pool=0xae3179b50 begins=345000 live=60 peak=67 draining=0 borrowed=56 pending=55 released=136 retired=106 mean_uses=167.5 sum=321.4MiB max=15.3MiB
[LIMINA-ALLOC-STATS] pool=0xae3179b50 begins=345500 live=60 peak=67 draining=0 borrowed=54 pending=55 released=136 retired=106 mean_uses=167.5 sum=321.4MiB max=15.3MiB
[LIMINA-ALLOC-STATS] pool=0xae3179b50 begins=346000 live=60 peak=67 draining=0 borrowed=55 pending=57 released=136 retired=106 mean_uses=167.5 sum=321.7MiB max=15.3MiB
[LIMINA-ALLOC-STATS] pool=0xae3179b50 begins=346500 live=60 peak=67 draining=0 borrowed=54 pending=54 released=136 retired=106 mean_uses=167.5 sum=321.7MiB max=15.3MiB
[LIMINA-ALLOC-STATS] pool=0xae7e4db50 begins=11500 live=1 peak=1 draining=0 borrowed=1 pending=0 released=0 retired=0 mean_uses=0.0 sum=9.8MiB max=9.8MiB
[LIMINA-ALLOC-STATS] pool=0xae3179b50 begins=347000 live=60 peak=67 draining=0 borrowed=54 pending=54 released=136 retired=106 mean_uses=167.5 sum=322.4MiB max=15.3MiB
[LIMINA-ALLOC-STATS] pool=0xae3179b50 begins=347500 live=60 peak=67 draining=0 borrowed=54 pending=56 released=136 retired=106 mean_uses=167.5 sum=322.4MiB max=15.3MiB
[LIMINA-ALLOC-STATS] pool=0xae3179b50 begins=348000 live=60 peak=67 draining=0 borrowed=57 pending=56 released=136 retired=106 mean_uses=167.5 sum=322.4MiB max=15.3MiB
[LIMINA-ALLOC-STATS] pool=0xae3179b50 begins=348500 live=60 peak=67 draining=0 borrowed=55 pending=54 released=136 retired=106 mean_uses=167.5 sum=322.4MiB max=15.3MiB
[LIMINA-ALLOC-STATS] pool=0xae7e4db50 begins=12000 live=1 peak=1 draining=0 borrowed=1 pending=0 released=0 retired=0 mean_uses=0.0 sum=9.8MiB max=9.8MiB
[LIMINA-ALLOC-STATS] pool=0xae3179b50 begins=349000 live=60 peak=67 draining=0 borrowed=55 pending=57 released=136 retired=106 mean_uses=167.5 sum=322.4MiB max=15.3MiB
[LIMINA-ALLOC-STATS] pool=0xae3179b50 begins=349500 live=60 peak=67 draining=0 borrowed=55 pending=54 released=136 retired=106 mean_uses=167.5 sum=322.4MiB max=15.3MiB
[LIMINA-ALLOC-STATS] pool=0xae3179b50 begins=350000 live=60 peak=67 draining=0 borrowed=53 pending=53 released=136 retired=106 mean_uses=167.5 sum=322.4MiB max=15.3MiB
[LIMINA-ALLOC-STATS] pool=0xae3179b50 begins=350500 live=60 peak=67 draining=0 borrowed=53 pending=52 released=136 retired=106 mean_uses=167.5 sum=322.4MiB max=15.3MiB
[LIMINA-ALLOC-STATS] pool=0xae3179b50 begins=351000 live=60 peak=67 draining=0 borrowed=56 pending=55 released=136 retired=106 mean_uses=167.5 sum=322.4MiB max=15.3MiB
[LIMINA-ALLOC-STATS] pool=0xae7e4db50 begins=12500 live=1 peak=1 draining=0 borrowed=1 pending=1 released=0 retired=0 mean_uses=0.0 sum=9.8MiB max=9.8MiB
[LIMINA-ALLOC-STATS] pool=0xae3179b50 begins=351500 live=60 peak=67 draining=0 borrowed=56 pending=56 released=136 retired=106 mean_uses=167.5 sum=322.4MiB max=15.3MiB
[LIMINA-ALLOC-STATS] pool=0xae3179b50 begins=352000 live=60 peak=67 draining=0 borrowed=55 pending=54 released=136 retired=106 mean_uses=167.5 sum=322.4MiB max=15.3MiB
[LIMINA-ALLOC-STATS] pool=0xae3179b50 begins=352500 live=60 peak=67 draining=0 borrowed=54 pending=55 released=136 retired=106 mean_uses=167.5 sum=323.2MiB max=15.3MiB
[LIMINA-ALLOC-STATS] pool=0xae3179b50 begins=353000 live=60 peak=67 draining=0 borrowed=56 pending=56 released=136 retired=106 mean_uses=167.5 sum=323.2MiB max=15.3MiB
[LIMINA-ALLOC-STATS] pool=0xae7e4db50 begins=13000 live=1 peak=1 draining=0 borrowed=1 pending=0 released=0 retired=0 mean_uses=0.0 sum=9.8MiB max=9.8MiB
[LIMINA-ALLOC-STATS] pool=0xae3179b50 begins=353500 live=60 peak=67 draining=0 borrowed=54 pending=54 released=136 retired=106 mean_uses=167.5 sum=323.2MiB max=15.3MiB
[LIMINA-ALLOC-STATS] pool=0xae3179b50 begins=354000 live=60 peak=67 draining=0 borrowed=57 pending=60 released=136 retired=106 mean_uses=167.5 sum=323.2MiB max=15.3MiB
[LIMINA-ALLOC-STATS] pool=0xae3179b50 begins=354500 live=60 peak=67 draining=0 borrowed=55 pending=56 released=136 retired=106 mean_uses=167.5 sum=323.2MiB max=15.3MiB
[LIMINA-ALLOC-STATS] pool=0xae3179b50 begins=355000 live=60 peak=67 draining=0 borrowed=55 pending=54 released=136 retired=106 mean_uses=167.5 sum=323.3MiB max=15.3MiB
[LIMINA-ALLOC-STATS] pool=0xae3179b50 begins=355500 live=60 peak=67 draining=0 borrowed=56 pending=56 released=136 retired=106 mean_uses=167.5 sum=323.3MiB max=15.3MiB
[LIMINA-ALLOC-STATS] pool=0xae7e4db50 begins=13500 live=1 peak=1 draining=0 borrowed=1 pending=0 released=0 retired=0 mean_uses=0.0 sum=9.8MiB max=9.8MiB
[LIMINA-ALLOC-STATS] pool=0xae3179b50 begins=356000 live=60 peak=67 draining=0 borrowed=55 pending=55 released=136 retired=106 mean_uses=167.5 sum=323.3MiB max=15.3MiB
[LIMINA-ALLOC-STATS] pool=0xae3179b50 begins=356500 live=60 peak=67 draining=0 borrowed=54 pending=54 released=136 retired=106 mean_uses=167.5 sum=323.4MiB max=15.3MiB
[LIMINA-ALLOC-STATS] pool=0xae3179b50 begins=357000 live=60 peak=67 draining=0 borrowed=56 pending=56 released=136 retired=106 mean_uses=167.5 sum=323.4MiB max=15.3MiB
[LIMINA-ALLOC-STATS] pool=0xae3179b50 begins=357500 live=60 peak=67 draining=0 borrowed=55 pending=58 released=136 retired=106 mean_uses=167.5 sum=323.4MiB max=15.3MiB
[LIMINA-ALLOC-STATS] pool=0xae7e4db50 begins=14000 live=1 peak=1 draining=0 borrowed=1 pending=0 released=0 retired=0 mean_uses=0.0 sum=9.8MiB max=9.8MiB
[LIMINA-ALLOC-STATS] pool=0xae3179b50 begins=358000 live=59 peak=67 draining=0 borrowed=53 pending=53 released=137 retired=106 mean_uses=167.5 sum=311.5MiB max=15.3MiB
[LIMINA-ALLOC-STATS] pool=0xae3179b50 begins=358500 live=60 peak=67 draining=0 borrowed=59 pending=59 released=137 retired=106 mean_uses=167.5 sum=314.1MiB max=15.3MiB
[LIMINA-ALLOC-STATS] pool=0xae3179b50 begins=359000 live=60 peak=67 draining=0 borrowed=56 pending=55 released=137 retired=106 mean_uses=167.5 sum=314.2MiB max=15.3MiB
[LIMINA-ALLOC-STATS] pool=0xae3179b50 begins=359500 live=60 peak=67 draining=0 borrowed=56 pending=58 released=137 retired=106 mean_uses=167.5 sum=314.2MiB max=15.3MiB
[LIMINA-ALLOC-STATS] pool=0xae7e4db50 begins=14500 live=1 peak=1 draining=0 borrowed=1 pending=1 released=0 retired=0 mean_uses=0.0 sum=9.8MiB max=9.8MiB
[LIMINA-ALLOC-STATS] pool=0xae3179b50 begins=360000 live=60 peak=67 draining=0 borrowed=56 pending=56 released=137 retired=106 mean_uses=167.5 sum=314.3MiB max=15.3MiB
[LIMINA-ALLOC-STATS] pool=0xae3179b50 begins=360500 live=60 peak=67 draining=0 borrowed=53 pending=53 released=137 retired=106 mean_uses=167.5 sum=314.6MiB max=15.3MiB
[LIMINA-ALLOC-STATS] pool=0xae3179b50 begins=361000 live=60 peak=67 draining=0 borrowed=53 pending=53 released=137 retired=106 mean_uses=167.5 sum=315.3MiB max=15.3MiB
[LIMINA-ALLOC-STATS] pool=0xae3179b50 begins=361500 live=60 peak=67 draining=0 borrowed=57 pending=56 released=137 retired=106 mean_uses=167.5 sum=315.3MiB max=15.3MiB
[LIMINA-ALLOC-STATS] pool=0xae3179b50 begins=362000 live=60 peak=67 draining=0 borrowed=56 pending=55 released=137 retired=106 mean_uses=167.5 sum=315.3MiB max=15.3MiB
[LIMINA-ALLOC-STATS] pool=0xae7e4db50 begins=15000 live=1 peak=1 draining=0 borrowed=1 pending=0 released=0 retired=0 mean_uses=0.0 sum=9.8MiB max=9.8MiB
[LIMINA-ALLOC-STATS] pool=0xae3179b50 begins=362500 live=60 peak=67 draining=0 borrowed=54 pending=53 released=137 retired=106 mean_uses=167.5 sum=315.3MiB max=15.3MiB
[LIMINA-ALLOC-STATS] pool=0xae3179b50 begins=363000 live=60 peak=67 draining=0 borrowed=56 pending=56 released=137 retired=106 mean_uses=167.5 sum=315.3MiB max=15.3MiB
[LIMINA-ALLOC-STATS] pool=0xae3179b50 begins=363500 live=60 peak=67 draining=0 borrowed=56 pending=56 released=137 retired=106 mean_uses=167.5 sum=315.3MiB max=15.3MiB
[LIMINA-ALLOC-STATS] pool=0xae3179b50 begins=364000 live=60 peak=67 draining=0 borrowed=54 pending=54 released=137 retired=106 mean_uses=167.5 sum=315.3MiB max=15.3MiB
[LIMINA-ALLOC-STATS] pool=0xae7e4db50 begins=15500 live=1 peak=1 draining=0 borrowed=1 pending=1 released=0 retired=0 mean_uses=0.0 sum=9.8MiB max=9.8MiB
[LIMINA-ALLOC-STATS] pool=0xae3179b50 begins=364500 live=60 peak=67 draining=0 borrowed=56 pending=55 released=137 retired=106 mean_uses=167.5 sum=315.3MiB max=15.3MiB
[LIMINA-ALLOC-STATS] pool=0xae3179b50 begins=365000 live=60 peak=67 draining=0 borrowed=54 pending=54 released=137 retired=106 mean_uses=167.5 sum=317.3MiB max=15.3MiB
[LIMINA-ALLOC-STATS] pool=0xae3179b50 begins=365500 live=60 peak=67 draining=0 borrowed=53 pending=54 released=137 retired=106 mean_uses=167.5 sum=317.3MiB max=15.3MiB
[LIMINA-ALLOC-STATS] pool=0xae3179b50 begins=366000 live=60 peak=67 draining=0 borrowed=54 pending=54 released=137 retired=106 mean_uses=167.5 sum=317.3MiB max=15.3MiB
[LIMINA-ALLOC-STATS] pool=0xae7e4db50 begins=16000 live=1 peak=1 draining=0 borrowed=1 pending=1 released=0 retired=0 mean_uses=0.0 sum=9.8MiB max=9.8MiB
[LIMINA-ALLOC-STATS] pool=0xae3179b50 begins=366500 live=60 peak=67 draining=0 borrowed=55 pending=54 released=137 retired=106 mean_uses=167.5 sum=317.4MiB max=15.3MiB
[LIMINA-ALLOC-STATS] pool=0xae3179b50 begins=367000 live=60 peak=67 draining=0 borrowed=53 pending=53 released=137 retired=106 mean_uses=167.5 sum=317.4MiB max=15.3MiB
[LIMINA-ALLOC-STATS] pool=0xae3179b50 begins=367500 live=60 peak=67 draining=0 borrowed=56 pending=55 released=137 retired=106 mean_uses=167.5 sum=317.4MiB max=15.3MiB
[LIMINA-ALLOC-STATS] pool=0xae3179b50 begins=368000 live=60 peak=67 draining=0 borrowed=55 pending=55 released=137 retired=106 mean_uses=167.5 sum=317.4MiB max=15.3MiB
[LIMINA-ALLOC-STATS] pool=0xae3179b50 begins=368500 live=60 peak=67 draining=0 borrowed=54 pending=53 released=137 retired=106 mean_uses=167.5 sum=317.4MiB max=15.3MiB
[LIMINA-ALLOC-STATS] pool=0xae7e4db50 begins=16500 live=1 peak=1 draining=0 borrowed=1 pending=0 released=0 retired=0 mean_uses=0.0 sum=9.8MiB max=9.8MiB
[LIMINA-ALLOC-STATS] pool=0xae3179b50 begins=369000 live=60 peak=67 draining=0 borrowed=55 pending=54 released=137 retired=106 mean_uses=167.5 sum=317.4MiB max=15.3MiB
[LIMINA-ALLOC-STATS] pool=0xae3179b50 begins=369500 live=60 peak=67 draining=0 borrowed=55 pending=55 released=137 retired=106 mean_uses=167.5 sum=317.4MiB max=15.3MiB
[LIMINA-ALLOC-STATS] pool=0xae3179b50 begins=370000 live=60 peak=67 draining=0 borrowed=54 pending=53 released=137 retired=106 mean_uses=167.5 sum=317.4MiB max=15.3MiB
[LIMINA-ALLOC-STATS] pool=0xae3179b50 begins=370500 live=60 peak=67 draining=0 borrowed=57 pending=60 released=137 retired=106 mean_uses=167.5 sum=317.4MiB max=15.3MiB
[LIMINA-ALLOC-STATS] pool=0xae7e4db50 begins=17000 live=1 peak=1 draining=0 borrowed=1 pending=1 released=0 retired=0 mean_uses=0.0 sum=9.8MiB max=9.8MiB
[LIMINA-ALLOC-STATS] pool=0xae3179b50 begins=371000 live=60 peak=67 draining=0 borrowed=55 pending=58 released=137 retired=106 mean_uses=167.5 sum=317.4MiB max=15.3MiB
[LIMINA-ALLOC-STATS] pool=0xae3179b50 begins=371500 live=60 peak=67 draining=0 borrowed=54 pending=54 released=137 retired=106 mean_uses=167.5 sum=317.4MiB max=15.3MiB
[LIMINA-ALLOC-STATS] pool=0xae3179b50 begins=372000 live=60 peak=67 draining=0 borrowed=57 pending=56 released=137 retired=106 mean_uses=167.5 sum=317.4MiB max=15.3MiB
[LIMINA-ALLOC-STATS] pool=0xae3179b50 begins=372500 live=60 peak=67 draining=0 borrowed=55 pending=55 released=137 retired=106 mean_uses=167.5 sum=319.2MiB max=15.3MiB
[LIMINA-ALLOC-STATS] pool=0xae317db50 begins=3000 live=1 peak=1 draining=0 borrowed=1 pending=0 released=0 retired=0 mean_uses=0.0 sum=4.9MiB max=4.9MiB
[LIMINA-ALLOC-STATS] pool=0xae3181b50 begins=3000 live=1 peak=1 draining=0 borrowed=1 pending=0 released=0 retired=0 mean_uses=0.0 sum=4.9MiB max=4.9MiB
[LIMINA-ALLOC-STATS] pool=0xae3179b50 begins=373000 live=60 peak=67 draining=0 borrowed=53 pending=53 released=137 retired=106 mean_uses=167.5 sum=319.4MiB max=15.3MiB
[LIMINA-ALLOC-STATS] pool=0xae7e4db50 begins=17500 live=1 peak=1 draining=0 borrowed=1 pending=0 released=0 retired=0 mean_uses=0.0 sum=9.8MiB max=9.8MiB
[LIMINA-ALLOC-STATS] pool=0xae3179b50 begins=373500 live=60 peak=67 draining=0 borrowed=57 pending=57 released=137 retired=106 mean_uses=167.5 sum=319.4MiB max=15.3MiB
[LIMINA-ALLOC-STATS] pool=0xae3179b50 begins=374000 live=60 peak=67 draining=0 borrowed=53 pending=52 released=137 retired=106 mean_uses=167.5 sum=319.4MiB max=15.3MiB
[LIMINA-ALLOC-STATS] pool=0xae3179b50 begins=374500 live=60 peak=67 draining=0 borrowed=53 pending=53 released=137 retired=106 mean_uses=167.5 sum=319.4MiB max=15.3MiB
[LIMINA-ALLOC-STATS] pool=0xae3179b50 begins=375000 live=60 peak=67 draining=0 borrowed=59 pending=59 released=137 retired=106 mean_uses=167.5 sum=319.4MiB max=15.3MiB
[LIMINA-ALLOC-STATS] pool=0xae3179b50 begins=375500 live=60 peak=67 draining=0 borrowed=55 pending=54 released=137 retired=106 mean_uses=167.5 sum=319.4MiB max=15.3MiB
[LIMINA-ALLOC-STATS] pool=0xae7e4db50 begins=18000 live=1 peak=1 draining=0 borrowed=1 pending=0 released=0 retired=0 mean_uses=0.0 sum=9.8MiB max=9.8MiB
[LIMINA-ALLOC-STATS] pool=0xae3179b50 begins=376000 live=60 peak=67 draining=0 borrowed=54 pending=53 released=137 retired=106 mean_uses=167.5 sum=319.4MiB max=15.3MiB
[LIMINA-ALLOC-STATS] pool=0xae3179b50 begins=376500 live=60 peak=67 draining=0 borrowed=57 pending=56 released=137 retired=106 mean_uses=167.5 sum=319.4MiB max=15.3MiB
[LIMINA-ALLOC-STATS] pool=0xae3179b50 begins=377000 live=60 peak=67 draining=0 borrowed=54 pending=54 released=137 retired=106 mean_uses=167.5 sum=319.4MiB max=15.3MiB
[LIMINA-ALLOC-STATS] pool=0xae3179b50 begins=377500 live=60 peak=67 draining=0 borrowed=54 pending=54 released=137 retired=106 mean_uses=167.5 sum=319.4MiB max=15.3MiB
[LIMINA-ALLOC-STATS] pool=0xae7e4db50 begins=18500 live=1 peak=1 draining=0 borrowed=1 pending=1 released=0 retired=0 mean_uses=0.0 sum=9.8MiB max=9.8MiB
[LIMINA-ALLOC-STATS] pool=0xae3179b50 begins=378000 live=60 peak=67 draining=0 borrowed=58 pending=57 released=137 retired=106 mean_uses=167.5 sum=321.5MiB max=15.3MiB
[LIMINA-ALLOC-STATS] pool=0xae3179b50 begins=378500 live=60 peak=67 draining=0 borrowed=56 pending=55 released=137 retired=106 mean_uses=167.5 sum=321.5MiB max=15.3MiB
[LIMINA-ALLOC-STATS] pool=0xae3179b50 begins=379000 live=60 peak=67 draining=0 borrowed=54 pending=56 released=137 retired=106 mean_uses=167.5 sum=321.5MiB max=15.3MiB
[LIMINA-ALLOC-STATS] pool=0xae3179b50 begins=379500 live=60 peak=67 draining=0 borrowed=55 pending=57 released=137 retired=106 mean_uses=167.5 sum=321.5MiB max=15.3MiB
[LIMINA-ALLOC-STATS] pool=0xae3179b50 begins=380000 live=60 peak=67 draining=0 borrowed=55 pending=55 released=137 retired=106 mean_uses=167.5 sum=321.5MiB max=15.3MiB
[LIMINA-ALLOC-STATS] pool=0xae7e4db50 begins=19000 live=1 peak=1 draining=0 borrowed=1 pending=1 released=0 retired=0 mean_uses=0.0 sum=9.8MiB max=9.8MiB
[LIMINA-ALLOC-STATS] pool=0xae3179b50 begins=380500 live=60 peak=67 draining=0 borrowed=54 pending=53 released=137 retired=106 mean_uses=167.5 sum=321.5MiB max=15.3MiB
[LIMINA-ALLOC-STATS] pool=0xae3179b50 begins=381000 live=60 peak=67 draining=0 borrowed=55 pending=55 released=137 retired=106 mean_uses=167.5 sum=321.5MiB max=15.3MiB
[LIMINA-ALLOC-STATS] pool=0xae3179b50 begins=381500 live=60 peak=67 draining=0 borrowed=57 pending=61 released=137 retired=106 mean_uses=167.5 sum=321.5MiB max=15.3MiB
[LIMINA-ALLOC-STATS] pool=0xae3179b50 begins=382000 live=60 peak=67 draining=0 borrowed=54 pending=55 released=137 retired=106 mean_uses=167.5 sum=321.5MiB max=15.3MiB
[LIMINA-ALLOC-STATS] pool=0xae7e4db50 begins=19500 live=1 peak=1 draining=0 borrowed=1 pending=1 released=0 retired=0 mean_uses=0.0 sum=9.8MiB max=9.8MiB
[LIMINA-ALLOC-STATS] pool=0xae3179b50 begins=382500 live=60 peak=67 draining=0 borrowed=58 pending=57 released=137 retired=106 mean_uses=167.5 sum=321.5MiB max=15.3MiB
[LIMINA-ALLOC-STATS] pool=0xae3179b50 begins=383000 live=60 peak=67 draining=0 borrowed=54 pending=55 released=137 retired=106 mean_uses=167.5 sum=321.5MiB max=15.3MiB
[LIMINA-ALLOC-STATS] pool=0xae3179b50 begins=383500 live=60 peak=67 draining=0 borrowed=54 pending=56 released=137 retired=106 mean_uses=167.5 sum=321.5MiB max=15.3MiB
[LIMINA-ALLOC-STATS] pool=0xae3179b50 begins=384000 live=60 peak=67 draining=0 borrowed=57 pending=59 released=137 retired=106 mean_uses=167.5 sum=321.5MiB max=15.3MiB
[LIMINA-ALLOC-STATS] pool=0xae3179b50 begins=384500 live=60 peak=67 draining=0 borrowed=55 pending=55 released=137 retired=106 mean_uses=167.5 sum=321.5MiB max=15.3MiB
[LIMINA-ALLOC-STATS] pool=0xae7e4db50 begins=20000 live=1 peak=1 draining=0 borrowed=1 pending=0 released=0 retired=0 mean_uses=0.0 sum=9.8MiB max=9.8MiB
[LIMINA-ALLOC-STATS] pool=0xae3179b50 begins=385000 live=60 peak=67 draining=0 borrowed=54 pending=53 released=137 retired=106 mean_uses=167.5 sum=321.5MiB max=15.3MiB
[LIMINA-ALLOC-STATS] pool=0xae3179b50 begins=385500 live=60 peak=67 draining=0 borrowed=56 pending=56 released=137 retired=106 mean_uses=167.5 sum=321.5MiB max=15.3MiB
[LIMINA-ALLOC-STATS] pool=0xae3179b50 begins=386000 live=60 peak=67 draining=0 borrowed=55 pending=54 released=137 retired=106 mean_uses=167.5 sum=321.5MiB max=15.3MiB
[LIMINA-ALLOC-STATS] pool=0xae3179b50 begins=386500 live=60 peak=67 draining=0 borrowed=53 pending=53 released=137 retired=106 mean_uses=167.5 sum=321.5MiB max=15.3MiB
[LIMINA-ALLOC-STATS] pool=0xae7e4db50 begins=20500 live=1 peak=1 draining=0 borrowed=1 pending=0 released=0 retired=0 mean_uses=0.0 sum=9.8MiB max=9.8MiB
[LIMINA-ALLOC-STATS] pool=0xae3179b50 begins=387000 live=60 peak=67 draining=0 borrowed=56 pending=56 released=137 retired=106 mean_uses=167.5 sum=321.6MiB max=15.3MiB
[LIMINA-ALLOC-STATS] pool=0xae3179b50 begins=387500 live=60 peak=67 draining=0 borrowed=54 pending=55 released=137 retired=106 mean_uses=167.5 sum=321.6MiB max=15.3MiB
[LIMINA-ALLOC-STATS] pool=0xae3179b50 begins=388000 live=60 peak=67 draining=0 borrowed=54 pending=54 released=137 retired=106 mean_uses=167.5 sum=321.6MiB max=15.3MiB
[LIMINA-ALLOC-STATS] pool=0xae3179b50 begins=388500 live=60 peak=67 draining=0 borrowed=55 pending=56 released=137 retired=106 mean_uses=167.5 sum=321.6MiB max=15.3MiB
[LIMINA-ALLOC-STATS] pool=0xae7e4db50 begins=21000 live=1 peak=1 draining=0 borrowed=1 pending=1 released=0 retired=0 mean_uses=0.0 sum=9.8MiB max=9.8MiB
[LIMINA-ALLOC-STATS] pool=0xae3179b50 begins=389000 live=60 peak=67 draining=0 borrowed=55 pending=54 released=137 retired=106 mean_uses=167.5 sum=321.6MiB max=15.3MiB
[LIMINA-ALLOC-STATS] pool=0xae3179b50 begins=389500 live=60 peak=67 draining=0 borrowed=54 pending=53 released=137 retired=106 mean_uses=167.5 sum=321.6MiB max=15.3MiB
[LIMINA-ALLOC-STATS] pool=0xae3179b50 begins=390000 live=60 peak=67 draining=0 borrowed=57 pending=56 released=137 retired=106 mean_uses=167.5 sum=321.6MiB max=15.3MiB
[LIMINA-ALLOC-STATS] pool=0xae3179b50 begins=390500 live=60 peak=67 draining=0 borrowed=55 pending=55 released=137 retired=106 mean_uses=167.5 sum=321.6MiB max=15.3MiB
[LIMINA-ALLOC-STATS] pool=0xae7e4db50 begins=21500 live=1 peak=1 draining=0 borrowed=1 pending=0 released=0 retired=0 mean_uses=0.0 sum=9.8MiB max=9.8MiB
[LIMINA-ALLOC-STATS] pool=0xae3179b50 begins=391000 live=60 peak=67 draining=0 borrowed=54 pending=54 released=137 retired=106 mean_uses=167.5 sum=321.6MiB max=15.3MiB
[LIMINA-ALLOC-STATS] pool=0xae3179b50 begins=391500 live=60 peak=67 draining=0 borrowed=55 pending=55 released=137 retired=106 mean_uses=167.5 sum=321.6MiB max=15.3MiB
[LIMINA-ALLOC-STATS] pool=0xae3179b50 begins=392000 live=60 peak=67 draining=0 borrowed=54 pending=54 released=137 retired=106 mean_uses=167.5 sum=321.6MiB max=15.3MiB
[LIMINA-ALLOC-STATS] pool=0xae3179b50 begins=392500 live=60 peak=67 draining=0 borrowed=53 pending=54 released=137 retired=106 mean_uses=167.5 sum=321.6MiB max=15.3MiB
[LIMINA-ALLOC-STATS] pool=0xae7e4db50 begins=22000 live=1 peak=1 draining=0 borrowed=1 pending=0 released=0 retired=0 mean_uses=0.0 sum=9.8MiB max=9.8MiB
[LIMINA-ALLOC-STATS] pool=0xae3179b50 begins=393000 live=60 peak=67 draining=0 borrowed=56 pending=55 released=137 retired=106 mean_uses=167.5 sum=321.6MiB max=15.3MiB
[LIMINA-ALLOC-STATS] pool=0xae3179b50 begins=393500 live=60 peak=67 draining=0 borrowed=55 pending=55 released=137 retired=106 mean_uses=167.5 sum=321.6MiB max=15.3MiB
[LIMINA-ALLOC-STATS] pool=0xae3179b50 begins=394000 live=60 peak=67 draining=0 borrowed=53 pending=53 released=137 retired=106 mean_uses=167.5 sum=321.6MiB max=15.3MiB
[LIMINA-ALLOC-STATS] pool=0xae3179b50 begins=394500 live=60 peak=67 draining=0 borrowed=58 pending=60 released=137 retired=106 mean_uses=167.5 sum=321.6MiB max=15.3MiB
[LIMINA-ALLOC-STATS] pool=0xae3179b50 begins=395000 live=59 peak=67 draining=0 borrowed=54 pending=53 released=138 retired=106 mean_uses=167.5 sum=311.2MiB max=15.3MiB
[LIMINA-ALLOC-STATS] pool=0xae7e4db50 begins=22500 live=1 peak=1 draining=0 borrowed=1 pending=0 released=0 retired=0 mean_uses=0.0 sum=9.8MiB max=9.8MiB
[LIMINA-ALLOC-STATS] pool=0xae3179b50 begins=395500 live=59 peak=67 draining=0 borrowed=54 pending=54 released=138 retired=106 mean_uses=167.5 sum=312.7MiB max=15.3MiB
[LIMINA-ALLOC-STATS] pool=0xae3179b50 begins=396000 live=59 peak=67 draining=0 borrowed=56 pending=55 released=138 retired=106 mean_uses=167.5 sum=312.7MiB max=15.3MiB
[LIMINA-ALLOC-STATS] pool=0xae3179b50 begins=396500 live=59 peak=67 draining=0 borrowed=55 pending=54 released=138 retired=106 mean_uses=167.5 sum=312.7MiB max=15.3MiB
[LIMINA-ALLOC-STATS] pool=0xae3179b50 begins=397000 live=59 peak=67 draining=0 borrowed=54 pending=54 released=138 retired=106 mean_uses=167.5 sum=312.7MiB max=15.3MiB
[LIMINA-ALLOC-STATS] pool=0xae7e4db50 begins=23000 live=1 peak=1 draining=0 borrowed=1 pending=1 released=0 retired=0 mean_uses=0.0 sum=9.8MiB max=9.8MiB
[LIMINA-ALLOC-STATS] pool=0xae3179b50 begins=397500 live=59 peak=67 draining=0 borrowed=55 pending=55 released=138 retired=106 mean_uses=167.5 sum=312.7MiB max=15.3MiB
[LIMINA-ALLOC-STATS] pool=0xae3179b50 begins=398000 live=59 peak=67 draining=0 borrowed=57 pending=57 released=138 retired=106 mean_uses=167.5 sum=312.7MiB max=15.3MiB
[LIMINA-ALLOC-POOL] teardown: pool=0xae7e4db50 live=1 peak=1 released=0 ceiling-waits=0 ceiling-fails=0
[2026-10-07T14:25:03.900813Z INFO  krun_devices::virtio::gpu::virtio_gpu] CTX_CREATE ctx=10 init=0x4 name=Some("vkmark\0\0\0\0\0\0\0\0\0\0\0\0\0\0\0\0\0\0\0\0\0\0\0\0\0\0\0\0\0\0\0\0\0\0\0\0\0\0\0\0\0\0\0\0\0\0\0\0\0\0\0\0\0\0\0\0\0\0")
[LIMINA-ALLOC-STATS] pool=0xae3179b50 begins=398500 live=59 peak=67 draining=0 borrowed=57 pending=56 released=138 retired=106 mean_uses=167.5 sum=312.7MiB max=15.3MiB
[LIMINA-ALLOC-STATS] pool=0xae3179b50 begins=399000 live=59 peak=67 draining=0 borrowed=55 pending=54 released=138 retired=106 mean_uses=167.5 sum=318.2MiB max=15.3MiB
[LIMINA-ALLOC-STATS] pool=0xae3179b50 begins=399500 live=59 peak=67 draining=0 borrowed=56 pending=56 released=138 retired=106 mean_uses=167.5 sum=321.1MiB max=15.3MiB
[LIMINA-ALLOC-STATS] pool=0xae3179b50 begins=400000 live=59 peak=67 draining=0 borrowed=53 pending=52 released=138 retired=106 mean_uses=167.5 sum=321.3MiB max=15.3MiB
[LIMINA-ALLOC-STATS] pool=0xae3179b50 begins=400500 live=59 peak=67 draining=0 borrowed=55 pending=55 released=138 retired=106 mean_uses=167.5 sum=321.3MiB max=15.3MiB
[LIMINA-ALLOC-STATS] pool=0xae7e4db50 begins=500 live=1 peak=1 draining=0 borrowed=1 pending=0 released=0 retired=0 mean_uses=0.0 sum=9.8MiB max=9.8MiB
[LIMINA-ALLOC-STATS] pool=0xae3179b50 begins=401000 live=59 peak=67 draining=0 borrowed=54 pending=53 released=138 retired=106 mean_uses=167.5 sum=321.3MiB max=15.3MiB
[LIMINA-ALLOC-STATS] pool=0xae3179b50 begins=401500 live=59 peak=67 draining=0 borrowed=52 pending=52 released=138 retired=106 mean_uses=167.5 sum=321.3MiB max=15.3MiB
[LIMINA-ALLOC-STATS] pool=0xae3179b50 begins=402000 live=59 peak=67 draining=0 borrowed=57 pending=56 released=138 retired=106 mean_uses=167.5 sum=321.3MiB max=15.3MiB
[LIMINA-ALLOC-STATS] pool=0xae3179b50 begins=402500 live=59 peak=67 draining=0 borrowed=55 pending=54 released=138 retired=106 mean_uses=167.5 sum=321.3MiB max=15.3MiB
[LIMINA-ALLOC-STATS] pool=0xae7e4db50 begins=1000 live=1 peak=1 draining=0 borrowed=1 pending=0 released=0 retired=0 mean_uses=0.0 sum=9.8MiB max=9.8MiB
[LIMINA-ALLOC-STATS] pool=0xae3179b50 begins=403000 live=59 peak=67 draining=0 borrowed=53 pending=53 released=138 retired=106 mean_uses=167.5 sum=321.3MiB max=15.3MiB
[LIMINA-ALLOC-STATS] pool=0xae3179b50 begins=403500 live=59 peak=67 draining=0 borrowed=56 pending=58 released=138 retired=106 mean_uses=167.5 sum=321.3MiB max=15.3MiB
[LIMINA-ALLOC-STATS] pool=0xae3179b50 begins=404000 live=59 peak=67 draining=0 borrowed=55 pending=55 released=138 retired=106 mean_uses=167.5 sum=321.3MiB max=15.3MiB
[LIMINA-ALLOC-STATS] pool=0xae3179b50 begins=404500 live=59 peak=67 draining=0 borrowed=54 pending=53 released=138 retired=106 mean_uses=167.5 sum=321.3MiB max=15.3MiB
[LIMINA-ALLOC-STATS] pool=0xae7e4db50 begins=1500 live=1 peak=1 draining=0 borrowed=1 pending=0 released=0 retired=0 mean_uses=0.0 sum=9.8MiB max=9.8MiB
[LIMINA-ALLOC-STATS] pool=0xae3179b50 begins=405000 live=60 peak=67 draining=0 borrowed=57 pending=57 released=138 retired=106 mean_uses=167.5 sum=324.0MiB max=15.3MiB
[LIMINA-ALLOC-STATS] pool=0xae3179b50 begins=405500 live=60 peak=67 draining=0 borrowed=55 pending=54 released=138 retired=106 mean_uses=167.5 sum=324.3MiB max=15.3MiB
[LIMINA-ALLOC-STATS] pool=0xae3179b50 begins=406000 live=60 peak=67 draining=0 borrowed=53 pending=53 released=138 retired=106 mean_uses=167.5 sum=324.3MiB max=15.3MiB
[LIMINA-ALLOC-STATS] pool=0xae3179b50 begins=406500 live=60 peak=67 draining=0 borrowed=54 pending=54 released=138 retired=106 mean_uses=167.5 sum=325.1MiB max=15.3MiB
[LIMINA-ALLOC-STATS] pool=0xae3179b50 begins=407000 live=60 peak=67 draining=0 borrowed=54 pending=53 released=138 retired=106 mean_uses=167.5 sum=325.1MiB max=15.3MiB
[LIMINA-ALLOC-STATS] pool=0xae7e4db50 begins=2000 live=1 peak=1 draining=0 borrowed=1 pending=0 released=0 retired=0 mean_uses=0.0 sum=9.8MiB max=9.8MiB
[LIMINA-ALLOC-STATS] pool=0xae3179b50 begins=407500 live=60 peak=67 draining=0 borrowed=53 pending=52 released=138 retired=106 mean_uses=167.5 sum=325.1MiB max=15.3MiB
[LIMINA-ALLOC-STATS] pool=0xae3179b50 begins=408000 live=60 peak=67 draining=0 borrowed=54 pending=55 released=138 retired=106 mean_uses=167.5 sum=325.1MiB max=15.3MiB
[LIMINA-ALLOC-STATS] pool=0xae3179b50 begins=408500 live=60 peak=67 draining=0 borrowed=54 pending=54 released=138 retired=106 mean_uses=167.5 sum=325.1MiB max=15.3MiB
[LIMINA-ALLOC-STATS] pool=0xae3179b50 begins=409000 live=60 peak=67 draining=0 borrowed=53 pending=53 released=138 retired=106 mean_uses=167.5 sum=325.1MiB max=15.3MiB
[LIMINA-ALLOC-STATS] pool=0xae7e4db50 begins=2500 live=1 peak=1 draining=0 borrowed=1 pending=0 released=0 retired=0 mean_uses=0.0 sum=9.8MiB max=9.8MiB
[LIMINA-ALLOC-STATS] pool=0xae3179b50 begins=409500 live=60 peak=67 draining=0 borrowed=56 pending=56 released=138 retired=106 mean_uses=167.5 sum=325.1MiB max=15.3MiB
[LIMINA-ALLOC-STATS] pool=0xae3179b50 begins=410000 live=60 peak=67 draining=0 borrowed=54 pending=54 released=138 retired=106 mean_uses=167.5 sum=325.1MiB max=15.3MiB
[LIMINA-ALLOC-STATS] pool=0xae3179b50 begins=410500 live=60 peak=67 draining=0 borrowed=54 pending=54 released=138 retired=106 mean_uses=167.5 sum=327.1MiB max=15.3MiB
[LIMINA-ALLOC-STATS] pool=0xae3179b50 begins=411000 live=60 peak=67 draining=0 borrowed=56 pending=55 released=138 retired=106 mean_uses=167.5 sum=327.1MiB max=15.3MiB
[LIMINA-ALLOC-STATS] pool=0xae3179b50 begins=411500 live=60 peak=67 draining=0 borrowed=56 pending=55 released=138 retired=106 mean_uses=167.5 sum=327.2MiB max=15.3MiB
[LIMINA-ALLOC-STATS] pool=0xae3179b50 begins=412000 live=60 peak=67 draining=0 borrowed=54 pending=53 released=138 retired=106 mean_uses=167.5 sum=327.2MiB max=15.3MiB
[LIMINA-ALLOC-STATS] pool=0xae7e4db50 begins=3000 live=1 peak=1 draining=0 borrowed=1 pending=1 released=0 retired=0 mean_uses=0.0 sum=9.8MiB max=9.8MiB
[LIMINA-ALLOC-STATS] pool=0xae3179b50 begins=412500 live=60 peak=67 draining=0 borrowed=56 pending=56 released=138 retired=106 mean_uses=167.5 sum=327.3MiB max=15.3MiB
[LIMINA-ALLOC-STATS] pool=0xae3179b50 begins=413000 live=60 peak=67 draining=0 borrowed=56 pending=55 released=138 retired=106 mean_uses=167.5 sum=327.3MiB max=15.3MiB
[LIMINA-ALLOC-STATS] pool=0xae3179b50 begins=413500 live=60 peak=67 draining=0 borrowed=54 pending=54 released=138 retired=106 mean_uses=167.5 sum=327.3MiB max=15.3MiB
[LIMINA-ALLOC-STATS] pool=0xae3179b50 begins=414000 live=60 peak=67 draining=0 borrowed=56 pending=56 released=138 retired=106 mean_uses=167.5 sum=328.1MiB max=15.3MiB
[LIMINA-ALLOC-STATS] pool=0xae3179b50 begins=414500 live=60 peak=67 draining=0 borrowed=56 pending=56 released=138 retired=106 mean_uses=167.5 sum=328.1MiB max=15.3MiB
[LIMINA-ALLOC-STATS] pool=0xae7e4db50 begins=3500 live=1 peak=1 draining=0 borrowed=1 pending=0 released=0 retired=0 mean_uses=0.0 sum=9.8MiB max=9.8MiB
[LIMINA-ALLOC-STATS] pool=0xae3179b50 begins=415000 live=60 peak=67 draining=0 borrowed=55 pending=58 released=138 retired=106 mean_uses=167.5 sum=328.1MiB max=15.3MiB
[LIMINA-ALLOC-STATS] pool=0xae3179b50 begins=415500 live=60 peak=67 draining=0 borrowed=55 pending=55 released=138 retired=106 mean_uses=167.5 sum=328.1MiB max=15.3MiB
[LIMINA-ALLOC-STATS] pool=0xae3179b50 begins=416000 live=60 peak=67 draining=0 borrowed=52 pending=53 released=138 retired=106 mean_uses=167.5 sum=328.1MiB max=15.3MiB
[LIMINA-ALLOC-STATS] pool=0xae3179b50 begins=416500 live=60 peak=67 draining=0 borrowed=53 pending=53 released=138 retired=106 mean_uses=167.5 sum=328.1MiB max=15.3MiB
[LIMINA-ALLOC-STATS] pool=0xae7e4db50 begins=4000 live=1 peak=1 draining=0 borrowed=1 pending=1 released=0 retired=0 mean_uses=0.0 sum=9.8MiB max=9.8MiB
[LIMINA-ALLOC-STATS] pool=0xae3179b50 begins=417000 live=60 peak=67 draining=0 borrowed=56 pending=56 released=138 retired=106 mean_uses=167.5 sum=328.1MiB max=15.3MiB
[LIMINA-ALLOC-STATS] pool=0xae3179b50 begins=417500 live=60 peak=67 draining=0 borrowed=55 pending=58 released=138 retired=106 mean_uses=167.5 sum=328.1MiB max=15.3MiB
[LIMINA-ALLOC-STATS] pool=0xae3179b50 begins=418000 live=60 peak=67 draining=0 borrowed=56 pending=60 released=138 retired=106 mean_uses=167.5 sum=328.1MiB max=15.3MiB
[LIMINA-ALLOC-STATS] pool=0xae3179b50 begins=418500 live=60 peak=67 draining=0 borrowed=55 pending=54 released=138 retired=106 mean_uses=167.5 sum=328.2MiB max=15.3MiB
[LIMINA-ALLOC-STATS] pool=0xae7e4db50 begins=4500 live=1 peak=1 draining=0 borrowed=1 pending=0 released=0 retired=0 mean_uses=0.0 sum=9.8MiB max=9.8MiB
[LIMINA-ALLOC-STATS] pool=0xae3179b50 begins=419000 live=60 peak=67 draining=0 borrowed=55 pending=54 released=138 retired=106 mean_uses=167.5 sum=328.2MiB max=15.3MiB
[LIMINA-ALLOC-STATS] pool=0xae3179b50 begins=419500 live=60 peak=67 draining=0 borrowed=54 pending=53 released=138 retired=106 mean_uses=167.5 sum=328.2MiB max=15.3MiB
[LIMINA-ALLOC-STATS] pool=0xae3179b50 begins=420000 live=60 peak=67 draining=0 borrowed=57 pending=57 released=138 retired=106 mean_uses=167.5 sum=328.2MiB max=15.3MiB
[LIMINA-ALLOC-STATS] pool=0xae3179b50 begins=420500 live=60 peak=67 draining=0 borrowed=53 pending=54 released=138 retired=106 mean_uses=167.5 sum=328.2MiB max=15.3MiB
[LIMINA-ALLOC-STATS] pool=0xae3179b50 begins=421000 live=60 peak=67 draining=0 borrowed=54 pending=54 released=138 retired=106 mean_uses=167.5 sum=328.2MiB max=15.3MiB
[LIMINA-ALLOC-STATS] pool=0xae7e4db50 begins=5000 live=1 peak=1 draining=0 borrowed=1 pending=0 released=0 retired=0 mean_uses=0.0 sum=9.8MiB max=9.8MiB
[LIMINA-ALLOC-STATS] pool=0xae3179b50 begins=421500 live=60 peak=67 draining=0 borrowed=55 pending=55 released=138 retired=106 mean_uses=167.5 sum=328.2MiB max=15.3MiB
[LIMINA-ALLOC-STATS] pool=0xae3179b50 begins=422000 live=60 peak=67 draining=0 borrowed=53 pending=52 released=138 retired=106 mean_uses=167.5 sum=328.2MiB max=15.3MiB
[LIMINA-ALLOC-STATS] pool=0xae3179b50 begins=422500 live=60 peak=67 draining=0 borrowed=54 pending=56 released=138 retired=106 mean_uses=167.5 sum=328.2MiB max=15.3MiB
[LIMINA-ALLOC-STATS] pool=0xae3179b50 begins=423000 live=60 peak=67 draining=0 borrowed=56 pending=56 released=138 retired=106 mean_uses=167.5 sum=328.2MiB max=15.3MiB
[LIMINA-ALLOC-STATS] pool=0xae7e4db50 begins=5500 live=1 peak=1 draining=0 borrowed=1 pending=0 released=0 retired=0 mean_uses=0.0 sum=9.8MiB max=9.8MiB
[LIMINA-ALLOC-STATS] pool=0xae3179b50 begins=423500 live=60 peak=67 draining=0 borrowed=54 pending=55 released=138 retired=106 mean_uses=167.5 sum=328.2MiB max=15.3MiB
[LIMINA-ALLOC-STATS] pool=0xae3179b50 begins=424000 live=60 peak=67 draining=0 borrowed=53 pending=53 released=138 retired=106 mean_uses=167.5 sum=328.2MiB max=15.3MiB
[LIMINA-ALLOC-STATS] pool=0xae3179b50 begins=424500 live=60 peak=67 draining=0 borrowed=54 pending=53 released=138 retired=106 mean_uses=167.5 sum=328.2MiB max=15.3MiB
[LIMINA-ALLOC-STATS] pool=0xae3179b50 begins=425000 live=60 peak=67 draining=0 borrowed=55 pending=55 released=138 retired=106 mean_uses=167.5 sum=328.2MiB max=15.3MiB
[LIMINA-ALLOC-STATS] pool=0xae7e4db50 begins=6000 live=1 peak=1 draining=0 borrowed=1 pending=0 released=0 retired=0 mean_uses=0.0 sum=9.8MiB max=9.8MiB
[LIMINA-ALLOC-STATS] pool=0xae3179b50 begins=425500 live=60 peak=67 draining=0 borrowed=54 pending=55 released=138 retired=106 mean_uses=167.5 sum=328.2MiB max=15.3MiB
[LIMINA-ALLOC-STATS] pool=0xae3179b50 begins=426000 live=60 peak=67 draining=0 borrowed=55 pending=55 released=138 retired=106 mean_uses=167.5 sum=328.2MiB max=15.3MiB
[LIMINA-ALLOC-STATS] pool=0xae3179b50 begins=426500 live=60 peak=67 draining=0 borrowed=55 pending=55 released=138 retired=106 mean_uses=167.5 sum=328.2MiB max=15.3MiB
[LIMINA-ALLOC-STATS] pool=0xae3179b50 begins=427000 live=60 peak=67 draining=0 borrowed=53 pending=53 released=138 retired=106 mean_uses=167.5 sum=328.2MiB max=15.3MiB
[LIMINA-ALLOC-STATS] pool=0xae7e4db50 begins=6500 live=1 peak=1 draining=0 borrowed=1 pending=0 released=0 retired=0 mean_uses=0.0 sum=9.8MiB max=9.8MiB
[LIMINA-ALLOC-STATS] pool=0xae3179b50 begins=427500 live=60 peak=67 draining=0 borrowed=55 pending=55 released=138 retired=106 mean_uses=167.5 sum=328.2MiB max=15.3MiB
[LIMINA-ALLOC-STATS] pool=0xae3179b50 begins=428000 live=60 peak=67 draining=0 borrowed=55 pending=55 released=138 retired=106 mean_uses=167.5 sum=328.2MiB max=15.3MiB
[LIMINA-ALLOC-STATS] pool=0xae3179b50 begins=428500 live=60 peak=67 draining=0 borrowed=54 pending=54 released=138 retired=106 mean_uses=167.5 sum=328.2MiB max=15.3MiB
[LIMINA-ALLOC-STATS] pool=0xae3179b50 begins=429000 live=60 peak=67 draining=0 borrowed=56 pending=55 released=138 retired=106 mean_uses=167.5 sum=328.2MiB max=15.3MiB
[LIMINA-ALLOC-STATS] pool=0xae3179b50 begins=429500 live=60 peak=67 draining=0 borrowed=54 pending=54 released=138 retired=106 mean_uses=167.5 sum=328.2MiB max=15.3MiB
[LIMINA-ALLOC-STATS] pool=0xae7e4db50 begins=7000 live=1 peak=1 draining=0 borrowed=1 pending=0 released=0 retired=0 mean_uses=0.0 sum=9.8MiB max=9.8MiB
[LIMINA-ALLOC-STATS] pool=0xae3179b50 begins=430000 live=60 peak=67 draining=0 borrowed=55 pending=54 released=138 retired=106 mean_uses=167.5 sum=328.2MiB max=15.3MiB
[LIMINA-ALLOC-STATS] pool=0xae3179b50 begins=430500 live=60 peak=67 draining=0 borrowed=57 pending=60 released=138 retired=106 mean_uses=167.5 sum=328.2MiB max=15.3MiB
[LIMINA-ALLOC-STATS] pool=0xae3179b50 begins=431000 live=60 peak=67 draining=0 borrowed=57 pending=58 released=138 retired=106 mean_uses=167.5 sum=328.2MiB max=15.3MiB
[LIMINA-ALLOC-STATS] pool=0xae3179b50 begins=431500 live=60 peak=67 draining=0 borrowed=53 pending=53 released=138 retired=106 mean_uses=167.5 sum=328.2MiB max=15.3MiB
[LIMINA-ALLOC-STATS] pool=0xae317db50 begins=3500 live=1 peak=1 draining=0 borrowed=1 pending=0 released=0 retired=0 mean_uses=0.0 sum=4.9MiB max=4.9MiB
[LIMINA-ALLOC-STATS] pool=0xae3181b50 begins=3500 live=1 peak=1 draining=0 borrowed=1 pending=0 released=0 retired=0 mean_uses=0.0 sum=4.9MiB max=4.9MiB
[LIMINA-ALLOC-STATS] pool=0xae7e4db50 begins=7500 live=1 peak=1 draining=0 borrowed=1 pending=0 released=0 retired=0 mean_uses=0.0 sum=9.8MiB max=9.8MiB
[LIMINA-ALLOC-STATS] pool=0xae3179b50 begins=432000 live=60 peak=67 draining=0 borrowed=56 pending=55 released=138 retired=106 mean_uses=167.5 sum=328.2MiB max=15.3MiB
[LIMINA-ALLOC-STATS] pool=0xae3179b50 begins=432500 live=60 peak=67 draining=0 borrowed=54 pending=54 released=138 retired=106 mean_uses=167.5 sum=328.2MiB max=15.3MiB
[LIMINA-ALLOC-STATS] pool=0xae3179b50 begins=433000 live=60 peak=67 draining=0 borrowed=54 pending=54 released=138 retired=106 mean_uses=167.5 sum=328.2MiB max=15.3MiB
[LIMINA-ALLOC-STATS] pool=0xae3179b50 begins=433500 live=60 peak=67 draining=0 borrowed=56 pending=56 released=138 retired=106 mean_uses=167.5 sum=328.2MiB max=15.3MiB
[LIMINA-ALLOC-STATS] pool=0xae3179b50 begins=434000 live=60 peak=67 draining=0 borrowed=55 pending=55 released=138 retired=106 mean_uses=167.5 sum=328.2MiB max=15.3MiB
[LIMINA-ALLOC-STATS] pool=0xae7e4db50 begins=8000 live=1 peak=1 draining=0 borrowed=1 pending=0 released=0 retired=0 mean_uses=0.0 sum=9.8MiB max=9.8MiB
[LIMINA-ALLOC-STATS] pool=0xae3179b50 begins=434500 live=60 peak=67 draining=0 borrowed=54 pending=53 released=138 retired=106 mean_uses=167.5 sum=328.2MiB max=15.3MiB
[LIMINA-ALLOC-STATS] pool=0xae3179b50 begins=435000 live=60 peak=67 draining=0 borrowed=55 pending=56 released=138 retired=106 mean_uses=167.5 sum=328.2MiB max=15.3MiB
[LIMINA-ALLOC-STATS] pool=0xae3179b50 begins=435500 live=59 peak=67 draining=0 borrowed=54 pending=55 released=139 retired=106 mean_uses=167.5 sum=322.2MiB max=15.3MiB
[LIMINA-ALLOC-STATS] pool=0xae3179b50 begins=436000 live=59 peak=67 draining=0 borrowed=54 pending=53 released=139 retired=106 mean_uses=167.5 sum=322.2MiB max=15.3MiB
[LIMINA-ALLOC-STATS] pool=0xae7e4db50 begins=8500 live=1 peak=1 draining=0 borrowed=1 pending=0 released=0 retired=0 mean_uses=0.0 sum=9.8MiB max=9.8MiB
[LIMINA-ALLOC-STATS] pool=0xae3179b50 begins=436500 live=59 peak=67 draining=0 borrowed=56 pending=55 released=139 retired=106 mean_uses=167.5 sum=322.2MiB max=15.3MiB
[LIMINA-ALLOC-STATS] pool=0xae3179b50 begins=437000 live=59 peak=67 draining=0 borrowed=56 pending=59 released=139 retired=106 mean_uses=167.5 sum=322.2MiB max=15.3MiB
[LIMINA-ALLOC-STATS] pool=0xae3179b50 begins=437500 live=59 peak=67 draining=0 borrowed=53 pending=53 released=139 retired=106 mean_uses=167.5 sum=322.2MiB max=15.3MiB
[LIMINA-ALLOC-STATS] pool=0xae3179b50 begins=438000 live=59 peak=67 draining=0 borrowed=56 pending=56 released=139 retired=106 mean_uses=167.5 sum=322.2MiB max=15.3MiB
[LIMINA-ALLOC-STATS] pool=0xae3179b50 begins=438500 live=59 peak=67 draining=0 borrowed=54 pending=55 released=139 retired=106 mean_uses=167.5 sum=322.2MiB max=15.3MiB
[LIMINA-ALLOC-STATS] pool=0xae7e4db50 begins=9000 live=1 peak=1 draining=0 borrowed=1 pending=1 released=0 retired=0 mean_uses=0.0 sum=9.8MiB max=9.8MiB
[LIMINA-ALLOC-STATS] pool=0xae3179b50 begins=439000 live=59 peak=67 draining=0 borrowed=54 pending=54 released=139 retired=106 mean_uses=167.5 sum=322.3MiB max=15.3MiB
[LIMINA-ALLOC-STATS] pool=0xae3179b50 begins=439500 live=59 peak=67 draining=0 borrowed=56 pending=56 released=139 retired=106 mean_uses=167.5 sum=322.3MiB max=15.3MiB
[LIMINA-ALLOC-STATS] pool=0xae3179b50 begins=440000 live=59 peak=67 draining=0 borrowed=55 pending=55 released=139 retired=106 mean_uses=167.5 sum=322.3MiB max=15.3MiB
[LIMINA-ALLOC-STATS] pool=0xae3179b50 begins=440500 live=59 peak=67 draining=0 borrowed=53 pending=54 released=139 retired=106 mean_uses=167.5 sum=322.3MiB max=15.3MiB
[LIMINA-ALLOC-STATS] pool=0xae7e4db50 begins=9500 live=1 peak=1 draining=0 borrowed=1 pending=0 released=0 retired=0 mean_uses=0.0 sum=9.8MiB max=9.8MiB
[LIMINA-ALLOC-STATS] pool=0xae3179b50 begins=441000 live=59 peak=67 draining=0 borrowed=56 pending=55 released=139 retired=106 mean_uses=167.5 sum=322.3MiB max=15.3MiB
[LIMINA-ALLOC-STATS] pool=0xae3179b50 begins=441500 live=59 peak=67 draining=0 borrowed=54 pending=53 released=139 retired=106 mean_uses=167.5 sum=322.3MiB max=15.3MiB
[LIMINA-ALLOC-STATS] pool=0xae3179b50 begins=442000 live=59 peak=67 draining=0 borrowed=53 pending=53 released=139 retired=106 mean_uses=167.5 sum=322.3MiB max=15.3MiB
[LIMINA-ALLOC-STATS] pool=0xae3179b50 begins=442500 live=59 peak=67 draining=0 borrowed=57 pending=59 released=139 retired=106 mean_uses=167.5 sum=322.3MiB max=15.3MiB
[LIMINA-ALLOC-STATS] pool=0xae7e4db50 begins=10000 live=1 peak=1 draining=0 borrowed=1 pending=0 released=0 retired=0 mean_uses=0.0 sum=9.8MiB max=9.8MiB
[LIMINA-ALLOC-STATS] pool=0xae3179b50 begins=443000 live=59 peak=67 draining=0 borrowed=55 pending=55 released=139 retired=106 mean_uses=167.5 sum=322.3MiB max=15.3MiB
[LIMINA-ALLOC-STATS] pool=0xae3179b50 begins=443500 live=59 peak=67 draining=0 borrowed=54 pending=54 released=139 retired=106 mean_uses=167.5 sum=322.3MiB max=15.3MiB
[LIMINA-ALLOC-STATS] pool=0xae3179b50 begins=444000 live=59 peak=67 draining=0 borrowed=57 pending=56 released=139 retired=106 mean_uses=167.5 sum=322.3MiB max=15.3MiB
[LIMINA-ALLOC-STATS] pool=0xae3179b50 begins=444500 live=59 peak=67 draining=0 borrowed=55 pending=55 released=139 retired=106 mean_uses=167.5 sum=322.3MiB max=15.3MiB
[LIMINA-ALLOC-STATS] pool=0xae3179b50 begins=445000 live=59 peak=67 draining=0 borrowed=54 pending=53 released=139 retired=106 mean_uses=167.5 sum=322.3MiB max=15.3MiB
[LIMINA-ALLOC-STATS] pool=0xae7e4db50 begins=10500 live=1 peak=1 draining=0 borrowed=1 pending=0 released=0 retired=0 mean_uses=0.0 sum=9.8MiB max=9.8MiB
[LIMINA-ALLOC-STATS] pool=0xae3179b50 begins=445500 live=60 peak=67 draining=0 borrowed=55 pending=55 released=139 retired=106 mean_uses=167.5 sum=324.9MiB max=15.3MiB
[LIMINA-ALLOC-STATS] pool=0xae3179b50 begins=446000 live=60 peak=67 draining=0 borrowed=55 pending=57 released=139 retired=106 mean_uses=167.5 sum=325.3MiB max=15.3MiB
[LIMINA-ALLOC-STATS] pool=0xae3179b50 begins=446500 live=60 peak=67 draining=0 borrowed=53 pending=54 released=139 retired=106 mean_uses=167.5 sum=325.4MiB max=15.3MiB
[LIMINA-ALLOC-STATS] pool=0xae3179b50 begins=447000 live=60 peak=67 draining=0 borrowed=57 pending=59 released=139 retired=106 mean_uses=167.5 sum=325.4MiB max=15.3MiB
[LIMINA-ALLOC-STATS] pool=0xae7e4db50 begins=11000 live=1 peak=1 draining=0 borrowed=1 pending=0 released=0 retired=0 mean_uses=0.0 sum=9.8MiB max=9.8MiB
[LIMINA-ALLOC-STATS] pool=0xae3179b50 begins=447500 live=60 peak=67 draining=0 borrowed=55 pending=55 released=139 retired=106 mean_uses=167.5 sum=326.1MiB max=15.3MiB
[LIMINA-ALLOC-STATS] pool=0xae3179b50 begins=448000 live=60 peak=67 draining=0 borrowed=55 pending=54 released=139 retired=106 mean_uses=167.5 sum=326.1MiB max=15.3MiB
[LIMINA-ALLOC-STATS] pool=0xae3179b50 begins=448500 live=60 peak=67 draining=0 borrowed=57 pending=57 released=139 retired=106 mean_uses=167.5 sum=326.1MiB max=15.3MiB
[LIMINA-ALLOC-STATS] pool=0xae3179b50 begins=449000 live=60 peak=67 draining=0 borrowed=56 pending=55 released=139 retired=106 mean_uses=167.5 sum=326.1MiB max=15.3MiB
[LIMINA-ALLOC-STATS] pool=0xae7e4db50 begins=11500 live=1 peak=1 draining=0 borrowed=1 pending=0 released=0 retired=0 mean_uses=0.0 sum=9.8MiB max=9.8MiB
[LIMINA-ALLOC-STATS] pool=0xae3179b50 begins=449500 live=60 peak=67 draining=0 borrowed=55 pending=55 released=139 retired=106 mean_uses=167.5 sum=326.1MiB max=15.3MiB
[LIMINA-ALLOC-STATS] pool=0xae3179b50 begins=450000 live=60 peak=67 draining=0 borrowed=55 pending=55 released=139 retired=106 mean_uses=167.5 sum=326.2MiB max=15.3MiB
[LIMINA-ALLOC-STATS] pool=0xae3179b50 begins=450500 live=60 peak=67 draining=0 borrowed=55 pending=55 released=139 retired=106 mean_uses=167.5 sum=326.2MiB max=15.3MiB
[LIMINA-ALLOC-STATS] pool=0xae3179b50 begins=451000 live=60 peak=67 draining=0 borrowed=53 pending=53 released=139 retired=106 mean_uses=167.5 sum=326.2MiB max=15.3MiB
[LIMINA-ALLOC-STATS] pool=0xae3179b50 begins=451500 live=60 peak=67 draining=0 borrowed=56 pending=56 released=139 retired=106 mean_uses=167.5 sum=326.2MiB max=15.3MiB
[LIMINA-ALLOC-STATS] pool=0xae7e4db50 begins=12000 live=1 peak=1 draining=0 borrowed=1 pending=0 released=0 retired=0 mean_uses=0.0 sum=9.8MiB max=9.8MiB
[LIMINA-ALLOC-STATS] pool=0xae3179b50 begins=452000 live=60 peak=67 draining=0 borrowed=55 pending=55 released=139 retired=106 mean_uses=167.5 sum=326.2MiB max=15.3MiB
[LIMINA-ALLOC-STATS] pool=0xae3179b50 begins=452500 live=60 peak=67 draining=0 borrowed=55 pending=55 released=139 retired=106 mean_uses=167.5 sum=326.2MiB max=15.3MiB
[LIMINA-ALLOC-STATS] pool=0xae3179b50 begins=453000 live=60 peak=67 draining=0 borrowed=56 pending=55 released=139 retired=106 mean_uses=167.5 sum=326.2MiB max=15.3MiB
[LIMINA-ALLOC-STATS] pool=0xae3179b50 begins=453500 live=60 peak=67 draining=0 borrowed=54 pending=54 released=139 retired=106 mean_uses=167.5 sum=326.2MiB max=15.3MiB
[LIMINA-ALLOC-STATS] pool=0xae7e4db50 begins=12500 live=1 peak=1 draining=0 borrowed=1 pending=0 released=0 retired=0 mean_uses=0.0 sum=9.8MiB max=9.8MiB
[LIMINA-ALLOC-STATS] pool=0xae3179b50 begins=454000 live=60 peak=67 draining=0 borrowed=53 pending=52 released=139 retired=106 mean_uses=167.5 sum=326.2MiB max=15.3MiB
[LIMINA-ALLOC-STATS] pool=0xae3179b50 begins=454500 live=60 peak=67 draining=0 borrowed=55 pending=58 released=139 retired=106 mean_uses=167.5 sum=326.2MiB max=15.3MiB
[LIMINA-ALLOC-STATS] pool=0xae3179b50 begins=455000 live=60 peak=67 draining=0 borrowed=55 pending=55 released=139 retired=106 mean_uses=167.5 sum=326.2MiB max=15.3MiB
[LIMINA-ALLOC-STATS] pool=0xae3179b50 begins=455500 live=60 peak=67 draining=0 borrowed=56 pending=58 released=139 retired=106 mean_uses=167.5 sum=326.2MiB max=15.3MiB
[LIMINA-ALLOC-STATS] pool=0xae7e4db50 begins=13000 live=1 peak=1 draining=0 borrowed=1 pending=0 released=0 retired=0 mean_uses=0.0 sum=9.8MiB max=9.8MiB
[LIMINA-ALLOC-STATS] pool=0xae3179b50 begins=456000 live=60 peak=67 draining=0 borrowed=55 pending=56 released=139 retired=106 mean_uses=167.5 sum=326.2MiB max=15.3MiB
[LIMINA-ALLOC-STATS] pool=0xae3179b50 begins=456500 live=60 peak=67 draining=0 borrowed=56 pending=56 released=139 retired=106 mean_uses=167.5 sum=326.2MiB max=15.3MiB
[LIMINA-ALLOC-STATS] pool=0xae3179b50 begins=457000 live=60 peak=67 draining=0 borrowed=53 pending=53 released=139 retired=106 mean_uses=167.5 sum=326.2MiB max=15.3MiB
[LIMINA-ALLOC-STATS] pool=0xae3179b50 begins=457500 live=60 peak=67 draining=0 borrowed=55 pending=55 released=139 retired=106 mean_uses=167.5 sum=326.2MiB max=15.3MiB
[LIMINA-ALLOC-STATS] pool=0xae7e4db50 begins=13500 live=1 peak=1 draining=0 borrowed=1 pending=0 released=0 retired=0 mean_uses=0.0 sum=9.8MiB max=9.8MiB
[LIMINA-ALLOC-STATS] pool=0xae3179b50 begins=458000 live=60 peak=67 draining=0 borrowed=56 pending=56 released=139 retired=106 mean_uses=167.5 sum=326.2MiB max=15.3MiB
[LIMINA-ALLOC-STATS] pool=0xae3179b50 begins=458500 live=60 peak=67 draining=0 borrowed=53 pending=53 released=139 retired=106 mean_uses=167.5 sum=326.2MiB max=15.3MiB
[LIMINA-ALLOC-STATS] pool=0xae3179b50 begins=459000 live=60 peak=67 draining=0 borrowed=55 pending=55 released=139 retired=106 mean_uses=167.5 sum=326.2MiB max=15.3MiB
[LIMINA-ALLOC-STATS] pool=0xae3179b50 begins=459500 live=60 peak=67 draining=0 borrowed=56 pending=55 released=139 retired=106 mean_uses=167.5 sum=326.2MiB max=15.3MiB
[LIMINA-ALLOC-STATS] pool=0xae3179b50 begins=460000 live=60 peak=67 draining=0 borrowed=53 pending=54 released=139 retired=106 mean_uses=167.5 sum=326.2MiB max=15.3MiB
[LIMINA-ALLOC-STATS] pool=0xae7e4db50 begins=14000 live=1 peak=1 draining=0 borrowed=1 pending=0 released=0 retired=0 mean_uses=0.0 sum=9.8MiB max=9.8MiB
[LIMINA-ALLOC-STATS] pool=0xae3179b50 begins=460500 live=60 peak=67 draining=0 borrowed=56 pending=58 released=139 retired=106 mean_uses=167.5 sum=326.2MiB max=15.3MiB
[LIMINA-ALLOC-STATS] pool=0xae3179b50 begins=461000 live=60 peak=67 draining=0 borrowed=55 pending=55 released=139 retired=106 mean_uses=167.5 sum=326.2MiB max=15.3MiB
[LIMINA-ALLOC-STATS] pool=0xae3179b50 begins=461500 live=60 peak=67 draining=0 borrowed=55 pending=57 released=139 retired=106 mean_uses=167.5 sum=326.2MiB max=15.3MiB
[LIMINA-ALLOC-STATS] pool=0xae3179b50 begins=462000 live=60 peak=67 draining=0 borrowed=56 pending=56 released=139 retired=106 mean_uses=167.5 sum=326.2MiB max=15.3MiB
[LIMINA-ALLOC-STATS] pool=0xae7e4db50 begins=14500 live=1 peak=1 draining=0 borrowed=1 pending=0 released=0 retired=0 mean_uses=0.0 sum=9.8MiB max=9.8MiB
[LIMINA-ALLOC-STATS] pool=0xae3179b50 begins=462500 live=60 peak=67 draining=0 borrowed=57 pending=56 released=139 retired=106 mean_uses=167.5 sum=326.4MiB max=15.3MiB
[LIMINA-ALLOC-STATS] pool=0xae3179b50 begins=463000 live=60 peak=67 draining=0 borrowed=52 pending=52 released=139 retired=106 mean_uses=167.5 sum=326.4MiB max=15.3MiB
[LIMINA-ALLOC-STATS] pool=0xae3179b50 begins=463500 live=60 peak=67 draining=0 borrowed=54 pending=55 released=139 retired=106 mean_uses=167.5 sum=326.4MiB max=15.3MiB
[LIMINA-ALLOC-STATS] pool=0xae3179b50 begins=464000 live=60 peak=67 draining=0 borrowed=57 pending=56 released=139 retired=106 mean_uses=167.5 sum=326.4MiB max=15.3MiB
[LIMINA-ALLOC-STATS] pool=0xae3179b50 begins=464500 live=59 peak=67 draining=0 borrowed=54 pending=53 released=140 retired=106 mean_uses=167.5 sum=314.6MiB max=15.3MiB
[LIMINA-ALLOC-STATS] pool=0xae7e4db50 begins=15000 live=1 peak=1 draining=0 borrowed=1 pending=0 released=0 retired=0 mean_uses=0.0 sum=9.8MiB max=9.8MiB
[LIMINA-ALLOC-STATS] pool=0xae3179b50 begins=465000 live=59 peak=67 draining=0 borrowed=56 pending=55 released=140 retired=106 mean_uses=167.5 sum=314.6MiB max=15.3MiB
[LIMINA-ALLOC-STATS] pool=0xae3179b50 begins=465500 live=59 peak=67 draining=0 borrowed=55 pending=55 released=140 retired=106 mean_uses=167.5 sum=314.6MiB max=15.3MiB
[LIMINA-ALLOC-STATS] pool=0xae3179b50 begins=466000 live=60 peak=67 draining=0 borrowed=57 pending=56 released=140 retired=106 mean_uses=167.5 sum=318.4MiB max=15.3MiB
[LIMINA-ALLOC-STATS] pool=0xae3179b50 begins=466500 live=60 peak=67 draining=0 borrowed=55 pending=57 released=140 retired=106 mean_uses=167.5 sum=318.4MiB max=15.3MiB
[LIMINA-ALLOC-STATS] pool=0xae3179b50 begins=467000 live=60 peak=67 draining=0 borrowed=55 pending=55 released=140 retired=106 mean_uses=167.5 sum=318.4MiB max=15.3MiB
[LIMINA-ALLOC-STATS] pool=0xae7e4db50 begins=15500 live=1 peak=1 draining=0 borrowed=1 pending=1 released=0 retired=0 mean_uses=0.0 sum=9.8MiB max=9.8MiB
[LIMINA-ALLOC-STATS] pool=0xae3179b50 begins=467500 live=60 peak=67 draining=0 borrowed=53 pending=53 released=140 retired=106 mean_uses=167.5 sum=318.4MiB max=15.3MiB
[LIMINA-ALLOC-STATS] pool=0xae3179b50 begins=468000 live=60 peak=67 draining=0 borrowed=54 pending=53 released=140 retired=106 mean_uses=167.5 sum=318.4MiB max=15.3MiB
[LIMINA-ALLOC-STATS] pool=0xae3179b50 begins=468500 live=60 peak=67 draining=0 borrowed=54 pending=55 released=140 retired=106 mean_uses=167.5 sum=318.4MiB max=15.3MiB
[LIMINA-ALLOC-STATS] pool=0xae3179b50 begins=469000 live=60 peak=67 draining=0 borrowed=53 pending=53 released=140 retired=106 mean_uses=167.5 sum=318.4MiB max=15.3MiB
[LIMINA-ALLOC-STATS] pool=0xae7e4db50 begins=16000 live=1 peak=1 draining=0 borrowed=1 pending=0 released=0 retired=0 mean_uses=0.0 sum=9.8MiB max=9.8MiB
[LIMINA-ALLOC-STATS] pool=0xae3179b50 begins=469500 live=60 peak=67 draining=0 borrowed=55 pending=54 released=140 retired=106 mean_uses=167.5 sum=318.4MiB max=15.3MiB
[LIMINA-ALLOC-STATS] pool=0xae3179b50 begins=470000 live=60 peak=67 draining=0 borrowed=55 pending=54 released=140 retired=106 mean_uses=167.5 sum=318.4MiB max=15.3MiB
[LIMINA-ALLOC-STATS] pool=0xae3179b50 begins=470500 live=60 peak=67 draining=0 borrowed=55 pending=55 released=140 retired=106 mean_uses=167.5 sum=318.4MiB max=15.3MiB
[LIMINA-ALLOC-STATS] pool=0xae3179b50 begins=471000 live=60 peak=67 draining=0 borrowed=55 pending=55 released=140 retired=106 mean_uses=167.5 sum=318.4MiB max=15.3MiB
[LIMINA-ALLOC-STATS] pool=0xae3179b50 begins=471500 live=60 peak=67 draining=0 borrowed=55 pending=54 released=140 retired=106 mean_uses=167.5 sum=318.4MiB max=15.3MiB
[LIMINA-ALLOC-STATS] pool=0xae7e4db50 begins=16500 live=1 peak=1 draining=0 borrowed=1 pending=1 released=0 retired=0 mean_uses=0.0 sum=9.8MiB max=9.8MiB
[LIMINA-ALLOC-STATS] pool=0xae3179b50 begins=472000 live=60 peak=67 draining=0 borrowed=53 pending=52 released=140 retired=106 mean_uses=167.5 sum=318.4MiB max=15.3MiB
[LIMINA-ALLOC-STATS] pool=0xae3179b50 begins=472500 live=60 peak=67 draining=0 borrowed=56 pending=57 released=140 retired=106 mean_uses=167.5 sum=318.4MiB max=15.3MiB
[LIMINA-ALLOC-STATS] pool=0xae3179b50 begins=473000 live=60 peak=67 draining=0 borrowed=55 pending=56 released=140 retired=106 mean_uses=167.5 sum=318.4MiB max=15.3MiB
[LIMINA-ALLOC-STATS] pool=0xae3179b50 begins=473500 live=60 peak=67 draining=0 borrowed=54 pending=53 released=140 retired=106 mean_uses=167.5 sum=318.4MiB max=15.3MiB
[LIMINA-ALLOC-STATS] pool=0xae7e4db50 begins=17000 live=1 peak=1 draining=0 borrowed=1 pending=1 released=0 retired=0 mean_uses=0.0 sum=9.8MiB max=9.8MiB
[LIMINA-ALLOC-STATS] pool=0xae3179b50 begins=474000 live=60 peak=67 draining=0 borrowed=55 pending=56 released=140 retired=106 mean_uses=167.5 sum=318.4MiB max=15.3MiB
[LIMINA-ALLOC-STATS] pool=0xae3179b50 begins=474500 live=60 peak=67 draining=0 borrowed=55 pending=54 released=140 retired=106 mean_uses=167.5 sum=318.4MiB max=15.3MiB
[LIMINA-ALLOC-STATS] pool=0xae3179b50 begins=475000 live=60 peak=67 draining=0 borrowed=53 pending=53 released=140 retired=106 mean_uses=167.5 sum=318.4MiB max=15.3MiB
[LIMINA-ALLOC-STATS] pool=0xae3179b50 begins=475500 live=60 peak=67 draining=0 borrowed=55 pending=55 released=140 retired=106 mean_uses=167.5 sum=318.4MiB max=15.3MiB
[LIMINA-ALLOC-STATS] pool=0xae7e4db50 begins=17500 live=1 peak=1 draining=0 borrowed=1 pending=0 released=0 retired=0 mean_uses=0.0 sum=9.8MiB max=9.8MiB
[LIMINA-ALLOC-STATS] pool=0xae3179b50 begins=476000 live=60 peak=67 draining=0 borrowed=55 pending=54 released=140 retired=106 mean_uses=167.5 sum=318.4MiB max=15.3MiB
[LIMINA-ALLOC-STATS] pool=0xae3179b50 begins=476500 live=60 peak=67 draining=0 borrowed=53 pending=53 released=140 retired=106 mean_uses=167.5 sum=320.5MiB max=15.3MiB
[LIMINA-ALLOC-STATS] pool=0xae3179b50 begins=477000 live=60 peak=67 draining=0 borrowed=56 pending=57 released=140 retired=106 mean_uses=167.5 sum=320.5MiB max=15.3MiB
[LIMINA-ALLOC-STATS] pool=0xae3179b50 begins=477500 live=60 peak=67 draining=0 borrowed=55 pending=54 released=140 retired=106 mean_uses=167.5 sum=320.5MiB max=15.3MiB
[LIMINA-ALLOC-STATS] pool=0xae7e4db50 begins=18000 live=1 peak=1 draining=0 borrowed=1 pending=0 released=0 retired=0 mean_uses=0.0 sum=9.8MiB max=9.8MiB
[LIMINA-ALLOC-STATS] pool=0xae3179b50 begins=478000 live=60 peak=67 draining=0 borrowed=54 pending=54 released=140 retired=106 mean_uses=167.5 sum=320.5MiB max=15.3MiB
[LIMINA-ALLOC-STATS] pool=0xae3179b50 begins=478500 live=60 peak=67 draining=0 borrowed=55 pending=55 released=140 retired=106 mean_uses=167.5 sum=320.5MiB max=15.3MiB
[LIMINA-ALLOC-STATS] pool=0xae3179b50 begins=479000 live=60 peak=67 draining=0 borrowed=54 pending=54 released=140 retired=106 mean_uses=167.5 sum=322.4MiB max=15.3MiB
[LIMINA-ALLOC-STATS] pool=0xae3179b50 begins=479500 live=60 peak=67 draining=0 borrowed=53 pending=53 released=140 retired=106 mean_uses=167.5 sum=322.4MiB max=15.3MiB
[LIMINA-ALLOC-STATS] pool=0xae7e4db50 begins=18500 live=1 peak=1 draining=0 borrowed=1 pending=0 released=0 retired=0 mean_uses=0.0 sum=9.8MiB max=9.8MiB
[LIMINA-ALLOC-STATS] pool=0xae3179b50 begins=480000 live=59 peak=67 draining=0 borrowed=56 pending=55 released=141 retired=106 mean_uses=167.5 sum=312.8MiB max=15.3MiB
[LIMINA-ALLOC-STATS] pool=0xae3179b50 begins=480500 live=59 peak=67 draining=0 borrowed=56 pending=56 released=141 retired=106 mean_uses=167.5 sum=312.8MiB max=15.3MiB
[LIMINA-ALLOC-STATS] pool=0xae3179b50 begins=481000 live=59 peak=67 draining=0 borrowed=55 pending=55 released=141 retired=106 mean_uses=167.5 sum=312.8MiB max=15.3MiB
[LIMINA-ALLOC-STATS] pool=0xae3179b50 begins=481500 live=59 peak=67 draining=0 borrowed=55 pending=55 released=141 retired=106 mean_uses=167.5 sum=312.8MiB max=15.3MiB
[LIMINA-ALLOC-STATS] pool=0xae3179b50 begins=482000 live=59 peak=67 draining=0 borrowed=53 pending=52 released=141 retired=106 mean_uses=167.5 sum=312.8MiB max=15.3MiB
[LIMINA-ALLOC-STATS] pool=0xae7e4db50 begins=19000 live=1 peak=1 draining=0 borrowed=1 pending=0 released=0 retired=0 mean_uses=0.0 sum=9.8MiB max=9.8MiB
[LIMINA-ALLOC-STATS] pool=0xae3179b50 begins=482500 live=59 peak=67 draining=0 borrowed=56 pending=56 released=141 retired=106 mean_uses=167.5 sum=312.8MiB max=15.3MiB
[LIMINA-ALLOC-STATS] pool=0xae3179b50 begins=483000 live=59 peak=67 draining=0 borrowed=56 pending=59 released=141 retired=106 mean_uses=167.5 sum=312.8MiB max=15.3MiB
[LIMINA-ALLOC-STATS] pool=0xae3179b50 begins=483500 live=59 peak=67 draining=0 borrowed=55 pending=54 released=141 retired=106 mean_uses=167.5 sum=312.8MiB max=15.3MiB
[LIMINA-ALLOC-STATS] pool=0xae3179b50 begins=484000 live=59 peak=67 draining=0 borrowed=53 pending=53 released=141 retired=106 mean_uses=167.5 sum=312.8MiB max=15.3MiB
[LIMINA-ALLOC-STATS] pool=0xae7e4db50 begins=19500 live=1 peak=1 draining=0 borrowed=1 pending=0 released=0 retired=0 mean_uses=0.0 sum=9.8MiB max=9.8MiB
[LIMINA-ALLOC-STATS] pool=0xae3179b50 begins=484500 live=59 peak=67 draining=0 borrowed=56 pending=56 released=141 retired=106 mean_uses=167.5 sum=312.8MiB max=15.3MiB
[LIMINA-ALLOC-STATS] pool=0xae3179b50 begins=485000 live=59 peak=67 draining=0 borrowed=56 pending=56 released=141 retired=106 mean_uses=167.5 sum=312.8MiB max=15.3MiB
[LIMINA-ALLOC-STATS] pool=0xae3179b50 begins=485500 live=59 peak=67 draining=0 borrowed=55 pending=55 released=141 retired=106 mean_uses=167.5 sum=312.8MiB max=15.3MiB
[LIMINA-ALLOC-STATS] pool=0xae3179b50 begins=486000 live=59 peak=67 draining=0 borrowed=55 pending=55 released=141 retired=106 mean_uses=167.5 sum=312.8MiB max=15.3MiB
[LIMINA-ALLOC-STATS] pool=0xae7e4db50 begins=20000 live=1 peak=1 draining=0 borrowed=1 pending=0 released=0 retired=0 mean_uses=0.0 sum=9.8MiB max=9.8MiB
[LIMINA-ALLOC-STATS] pool=0xae3179b50 begins=486500 live=59 peak=67 draining=0 borrowed=55 pending=55 released=141 retired=106 mean_uses=167.5 sum=312.8MiB max=15.3MiB
[LIMINA-ALLOC-STATS] pool=0xae3179b50 begins=487000 live=59 peak=67 draining=0 borrowed=53 pending=53 released=141 retired=106 mean_uses=167.5 sum=312.8MiB max=15.3MiB
[LIMINA-ALLOC-STATS] pool=0xae3179b50 begins=487500 live=59 peak=67 draining=0 borrowed=55 pending=54 released=141 retired=106 mean_uses=167.5 sum=312.9MiB max=15.3MiB
[LIMINA-ALLOC-STATS] pool=0xae3179b50 begins=488000 live=59 peak=67 draining=0 borrowed=56 pending=56 released=141 retired=106 mean_uses=167.5 sum=313.0MiB max=15.3MiB
[LIMINA-ALLOC-STATS] pool=0xae3179b50 begins=488500 live=59 peak=67 draining=0 borrowed=54 pending=55 released=141 retired=106 mean_uses=167.5 sum=313.0MiB max=15.3MiB
[LIMINA-ALLOC-STATS] pool=0xae7e4db50 begins=20500 live=1 peak=1 draining=0 borrowed=1 pending=1 released=0 retired=0 mean_uses=0.0 sum=9.8MiB max=9.8MiB
[LIMINA-ALLOC-STATS] pool=0xae3179b50 begins=489000 live=59 peak=67 draining=0 borrowed=56 pending=57 released=141 retired=106 mean_uses=167.5 sum=313.0MiB max=15.3MiB
[LIMINA-ALLOC-STATS] pool=0xae3179b50 begins=489500 live=59 peak=67 draining=0 borrowed=56 pending=55 released=141 retired=106 mean_uses=167.5 sum=313.0MiB max=15.3MiB
[LIMINA-ALLOC-STATS] pool=0xae3179b50 begins=490000 live=59 peak=67 draining=0 borrowed=54 pending=54 released=141 retired=106 mean_uses=167.5 sum=313.0MiB max=15.3MiB
[LIMINA-ALLOC-STATS] pool=0xae3179b50 begins=490500 live=59 peak=67 draining=0 borrowed=55 pending=55 released=141 retired=106 mean_uses=167.5 sum=313.0MiB max=15.3MiB
[LIMINA-ALLOC-STATS] pool=0xae7e4db50 begins=21000 live=1 peak=1 draining=0 borrowed=1 pending=0 released=0 retired=0 mean_uses=0.0 sum=9.8MiB max=9.8MiB
[LIMINA-ALLOC-STATS] pool=0xae3179b50 begins=491000 live=59 peak=67 draining=0 borrowed=54 pending=54 released=141 retired=106 mean_uses=167.5 sum=313.0MiB max=15.3MiB
[LIMINA-ALLOC-STATS] pool=0xae3179b50 begins=491500 live=59 peak=67 draining=0 borrowed=53 pending=53 released=141 retired=106 mean_uses=167.5 sum=313.0MiB max=15.3MiB
[LIMINA-ALLOC-STATS] pool=0xae3179b50 begins=492000 live=59 peak=67 draining=0 borrowed=56 pending=56 released=141 retired=106 mean_uses=167.5 sum=313.0MiB max=15.3MiB
[LIMINA-ALLOC-STATS] pool=0xae3179b50 begins=492500 live=59 peak=67 draining=0 borrowed=55 pending=55 released=141 retired=106 mean_uses=167.5 sum=313.0MiB max=15.3MiB
[LIMINA-ALLOC-STATS] pool=0xae7e4db50 begins=21500 live=1 peak=1 draining=0 borrowed=1 pending=0 released=0 retired=0 mean_uses=0.0 sum=9.8MiB max=9.8MiB
[LIMINA-ALLOC-STATS] pool=0xae3179b50 begins=493000 live=59 peak=67 draining=0 borrowed=54 pending=54 released=141 retired=106 mean_uses=167.5 sum=313.1MiB max=15.3MiB
[LIMINA-ALLOC-STATS] pool=0xae3181b50 begins=4000 live=1 peak=1 draining=0 borrowed=1 pending=0 released=0 retired=0 mean_uses=0.0 sum=4.9MiB max=4.9MiB
[LIMINA-ALLOC-STATS] pool=0xae317db50 begins=4000 live=1 peak=1 draining=0 borrowed=1 pending=0 released=0 retired=0 mean_uses=0.0 sum=4.9MiB max=4.9MiB
[LIMINA-ALLOC-STATS] pool=0xae3179b50 begins=493500 live=59 peak=67 draining=0 borrowed=56 pending=55 released=141 retired=106 mean_uses=167.5 sum=313.1MiB max=15.3MiB
[LIMINA-ALLOC-STATS] pool=0xae3179b50 begins=494000 live=59 peak=67 draining=0 borrowed=55 pending=55 released=141 retired=106 mean_uses=167.5 sum=313.1MiB max=15.3MiB
[LIMINA-ALLOC-STATS] pool=0xae3179b50 begins=494500 live=59 peak=67 draining=0 borrowed=55 pending=55 released=141 retired=106 mean_uses=167.5 sum=313.1MiB max=15.3MiB
[LIMINA-ALLOC-STATS] pool=0xae7e4db50 begins=22000 live=1 peak=1 draining=0 borrowed=1 pending=1 released=0 retired=0 mean_uses=0.0 sum=9.8MiB max=9.8MiB
[LIMINA-ALLOC-STATS] pool=0xae3179b50 begins=495000 live=59 peak=67 draining=0 borrowed=56 pending=55 released=141 retired=106 mean_uses=167.5 sum=313.1MiB max=15.3MiB
[LIMINA-ALLOC-STATS] pool=0xae3179b50 begins=495500 live=59 peak=67 draining=0 borrowed=57 pending=57 released=141 retired=106 mean_uses=167.5 sum=313.1MiB max=15.3MiB
[LIMINA-ALLOC-STATS] pool=0xae3179b50 begins=496000 live=59 peak=67 draining=0 borrowed=53 pending=52 released=141 retired=106 mean_uses=167.5 sum=313.1MiB max=15.3MiB
[LIMINA-ALLOC-STATS] pool=0xae3179b50 begins=496500 live=59 peak=67 draining=0 borrowed=56 pending=56 released=141 retired=106 mean_uses=167.5 sum=313.1MiB max=15.3MiB
[LIMINA-ALLOC-STATS] pool=0xae3179b50 begins=497000 live=59 peak=67 draining=0 borrowed=56 pending=58 released=141 retired=106 mean_uses=167.5 sum=313.1MiB max=15.3MiB
[LIMINA-ALLOC-STATS] pool=0xae7e4db50 begins=22500 live=1 peak=1 draining=0 borrowed=1 pending=1 released=0 retired=0 mean_uses=0.0 sum=9.8MiB max=9.8MiB
[LIMINA-ALLOC-STATS] pool=0xae3179b50 begins=497500 live=59 peak=67 draining=0 borrowed=53 pending=53 released=141 retired=106 mean_uses=167.5 sum=313.1MiB max=15.3MiB
[LIMINA-ALLOC-STATS] pool=0xae3179b50 begins=498000 live=59 peak=67 draining=0 borrowed=57 pending=56 released=141 retired=106 mean_uses=167.5 sum=313.1MiB max=15.3MiB
[LIMINA-ALLOC-STATS] pool=0xae3179b50 begins=498500 live=59 peak=67 draining=0 borrowed=56 pending=56 released=141 retired=106 mean_uses=167.5 sum=313.1MiB max=15.3MiB
[LIMINA-ALLOC-STATS] pool=0xae3179b50 begins=499000 live=59 peak=67 draining=0 borrowed=54 pending=54 released=141 retired=106 mean_uses=167.5 sum=313.1MiB max=15.3MiB
[LIMINA-ALLOC-STATS] pool=0xae7e4db50 begins=23000 live=1 peak=1 draining=0 borrowed=1 pending=1 released=0 retired=0 mean_uses=0.0 sum=9.8MiB max=9.8MiB
[LIMINA-ALLOC-STATS] pool=0xae3179b50 begins=499500 live=59 peak=67 draining=0 borrowed=56 pending=55 released=141 retired=106 mean_uses=167.5 sum=313.1MiB max=15.3MiB
[LIMINA-ALLOC-STATS] pool=0xae3179b50 begins=500000 live=59 peak=67 draining=0 borrowed=55 pending=55 released=141 retired=106 mean_uses=167.5 sum=313.1MiB max=15.3MiB
[LIMINA-ALLOC-STATS] pool=0xae3179b50 begins=500500 live=59 peak=67 draining=0 borrowed=53 pending=53 released=141 retired=106 mean_uses=167.5 sum=313.1MiB max=15.3MiB
[LIMINA-ALLOC-STATS] pool=0xae3179b50 begins=501000 live=59 peak=67 draining=0 borrowed=57 pending=56 released=141 retired=106 mean_uses=167.5 sum=313.2MiB max=15.3MiB
[LIMINA-ALLOC-STATS] pool=0xae7e4db50 begins=23500 live=1 peak=1 draining=0 borrowed=1 pending=1 released=0 retired=0 mean_uses=0.0 sum=9.8MiB max=9.8MiB
[LIMINA-ALLOC-STATS] pool=0xae3179b50 begins=501500 live=59 peak=67 draining=0 borrowed=55 pending=57 released=141 retired=106 mean_uses=167.5 sum=313.2MiB max=15.3MiB
[LIMINA-ALLOC-STATS] pool=0xae3179b50 begins=502000 live=59 peak=67 draining=0 borrowed=54 pending=54 released=141 retired=106 mean_uses=167.5 sum=313.2MiB max=15.3MiB
[LIMINA-ALLOC-STATS] pool=0xae3179b50 begins=502500 live=59 peak=67 draining=0 borrowed=56 pending=55 released=141 retired=106 mean_uses=167.5 sum=313.2MiB max=15.3MiB
[LIMINA-ALLOC-STATS] pool=0xae3179b50 begins=503000 live=59 peak=67 draining=0 borrowed=54 pending=53 released=141 retired=106 mean_uses=167.5 sum=313.2MiB max=15.3MiB
[LIMINA-ALLOC-POOL] teardown: pool=0xae7e4db50 live=1 peak=1 released=0 ceiling-waits=0 ceiling-fails=0
[2026-10-07T14:25:19.009525Z INFO  krun_devices::virtio::gpu::virtio_gpu] CTX_CREATE ctx=10 init=0x4 name=Some("vkmark\0\0\0\0\0\0\0\0\0\0\0\0\0\0\0\0\0\0\0\0\0\0\0\0\0\0\0\0\0\0\0\0\0\0\0\0\0\0\0\0\0\0\0\0\0\0\0\0\0\0\0\0\0\0\0\0\0\0")
[LIMINA-ALLOC-STATS] pool=0xae3179b50 begins=503500 live=59 peak=67 draining=0 borrowed=54 pending=54 released=141 retired=106 mean_uses=167.5 sum=315.3MiB max=15.3MiB
[LIMINA-ALLOC-STATS] pool=0xae3179b50 begins=504000 live=59 peak=67 draining=0 borrowed=56 pending=56 released=141 retired=106 mean_uses=167.5 sum=318.0MiB max=15.3MiB
[LIMINA-ALLOC-STATS] pool=0xae3179b50 begins=504500 live=59 peak=67 draining=0 borrowed=55 pending=54 released=141 retired=106 mean_uses=167.5 sum=321.5MiB max=15.3MiB
[LIMINA-ALLOC-STATS] pool=0xae3179b50 begins=505000 live=59 peak=67 draining=0 borrowed=54 pending=54 released=141 retired=106 mean_uses=167.5 sum=321.5MiB max=15.3MiB
[LIMINA-ALLOC-STATS] pool=0xae3179b50 begins=505500 live=59 peak=67 draining=0 borrowed=58 pending=57 released=141 retired=106 mean_uses=167.5 sum=321.5MiB max=15.3MiB
[LIMINA-ALLOC-STATS] pool=0xae7e4db50 begins=500 live=1 peak=1 draining=0 borrowed=1 pending=1 released=0 retired=0 mean_uses=0.0 sum=9.8MiB max=9.8MiB
[LIMINA-ALLOC-STATS] pool=0xae3179b50 begins=506000 live=59 peak=67 draining=0 borrowed=56 pending=56 released=141 retired=106 mean_uses=167.5 sum=321.5MiB max=15.3MiB
[LIMINA-ALLOC-STATS] pool=0xae3179b50 begins=506500 live=59 peak=67 draining=0 borrowed=53 pending=52 released=141 retired=106 mean_uses=167.5 sum=321.5MiB max=15.3MiB
[LIMINA-ALLOC-STATS] pool=0xae3179b50 begins=507000 live=59 peak=67 draining=0 borrowed=55 pending=55 released=141 retired=106 mean_uses=167.5 sum=321.5MiB max=15.3MiB
[LIMINA-ALLOC-STATS] pool=0xae3179b50 begins=507500 live=59 peak=67 draining=0 borrowed=54 pending=54 released=141 retired=106 mean_uses=167.5 sum=321.5MiB max=15.3MiB
[LIMINA-ALLOC-STATS] pool=0xae3179b50 begins=508000 live=59 peak=67 draining=0 borrowed=56 pending=56 released=141 retired=106 mean_uses=167.5 sum=321.5MiB max=15.3MiB
[LIMINA-ALLOC-STATS] pool=0xae7e4db50 begins=1000 live=1 peak=1 draining=0 borrowed=1 pending=1 released=0 retired=0 mean_uses=0.0 sum=9.8MiB max=9.8MiB
[LIMINA-ALLOC-STATS] pool=0xae3179b50 begins=508500 live=59 peak=67 draining=0 borrowed=55 pending=54 released=141 retired=106 mean_uses=167.5 sum=321.5MiB max=15.3MiB
[LIMINA-ALLOC-STATS] pool=0xae3179b50 begins=509000 live=59 peak=67 draining=0 borrowed=54 pending=54 released=141 retired=106 mean_uses=167.5 sum=321.5MiB max=15.3MiB
[LIMINA-ALLOC-STATS] pool=0xae3179b50 begins=509500 live=59 peak=67 draining=0 borrowed=56 pending=55 released=141 retired=106 mean_uses=167.5 sum=321.5MiB max=15.3MiB
[LIMINA-ALLOC-STATS] pool=0xae3179b50 begins=510000 live=59 peak=67 draining=0 borrowed=57 pending=56 released=141 retired=106 mean_uses=167.5 sum=321.5MiB max=15.3MiB
[LIMINA-ALLOC-STATS] pool=0xae3179b50 begins=510500 live=59 peak=67 draining=0 borrowed=56 pending=55 released=141 retired=106 mean_uses=167.5 sum=321.5MiB max=15.3MiB
[LIMINA-ALLOC-STATS] pool=0xae7e4db50 begins=1500 live=1 peak=1 draining=0 borrowed=1 pending=0 released=0 retired=0 mean_uses=0.0 sum=9.8MiB max=9.8MiB
[LIMINA-ALLOC-STATS] pool=0xae3179b50 begins=511000 live=59 peak=67 draining=0 borrowed=54 pending=54 released=141 retired=106 mean_uses=167.5 sum=321.5MiB max=15.3MiB
[LIMINA-ALLOC-STATS] pool=0xae3179b50 begins=511500 live=59 peak=67 draining=0 borrowed=55 pending=56 released=141 retired=106 mean_uses=167.5 sum=321.5MiB max=15.3MiB
[LIMINA-ALLOC-STATS] pool=0xae3179b50 begins=512000 live=59 peak=67 draining=0 borrowed=56 pending=58 released=141 retired=106 mean_uses=167.5 sum=321.5MiB max=15.3MiB
[LIMINA-ALLOC-STATS] pool=0xae3179b50 begins=512500 live=59 peak=67 draining=0 borrowed=55 pending=54 released=141 retired=106 mean_uses=167.5 sum=321.5MiB max=15.3MiB
[LIMINA-ALLOC-STATS] pool=0xae7e4db50 begins=2000 live=1 peak=1 draining=0 borrowed=1 pending=0 released=0 retired=0 mean_uses=0.0 sum=9.8MiB max=9.8MiB
[LIMINA-ALLOC-STATS] pool=0xae3179b50 begins=513000 live=59 peak=67 draining=0 borrowed=55 pending=55 released=141 retired=106 mean_uses=167.5 sum=321.5MiB max=15.3MiB
[LIMINA-ALLOC-STATS] pool=0xae3179b50 begins=513500 live=59 peak=67 draining=0 borrowed=54 pending=53 released=141 retired=106 mean_uses=167.5 sum=321.5MiB max=15.3MiB
[LIMINA-ALLOC-STATS] pool=0xae3179b50 begins=514000 live=59 peak=67 draining=0 borrowed=54 pending=53 released=141 retired=106 mean_uses=167.5 sum=321.5MiB max=15.3MiB
[LIMINA-ALLOC-STATS] pool=0xae3179b50 begins=514500 live=61 peak=67 draining=0 borrowed=57 pending=57 released=141 retired=106 mean_uses=167.5 sum=326.8MiB max=15.3MiB
[LIMINA-ALLOC-STATS] pool=0xae3179b50 begins=515000 live=61 peak=67 draining=0 borrowed=56 pending=56 released=141 retired=106 mean_uses=167.5 sum=327.8MiB max=15.3MiB
[LIMINA-ALLOC-STATS] pool=0xae3179b50 begins=515500 live=61 peak=67 draining=0 borrowed=55 pending=55 released=141 retired=106 mean_uses=167.5 sum=328.6MiB max=15.3MiB
[LIMINA-ALLOC-STATS] pool=0xae7e4db50 begins=2500 live=1 peak=1 draining=0 borrowed=1 pending=0 released=0 retired=0 mean_uses=0.0 sum=9.8MiB max=9.8MiB
[LIMINA-ALLOC-STATS] pool=0xae3179b50 begins=516000 live=61 peak=67 draining=0 borrowed=56 pending=57 released=141 retired=106 mean_uses=167.5 sum=329.2MiB max=15.3MiB
[LIMINA-ALLOC-STATS] pool=0xae3179b50 begins=516500 live=61 peak=67 draining=0 borrowed=55 pending=55 released=141 retired=106 mean_uses=167.5 sum=329.2MiB max=15.3MiB
[LIMINA-ALLOC-STATS] pool=0xae3179b50 begins=517000 live=61 peak=67 draining=0 borrowed=56 pending=56 released=141 retired=106 mean_uses=167.5 sum=329.2MiB max=15.3MiB
[LIMINA-ALLOC-STATS] pool=0xae3179b50 begins=517500 live=61 peak=67 draining=0 borrowed=55 pending=55 released=141 retired=106 mean_uses=167.5 sum=329.2MiB max=15.3MiB
[LIMINA-ALLOC-STATS] pool=0xae7e4db50 begins=3000 live=1 peak=1 draining=0 borrowed=1 pending=0 released=0 retired=0 mean_uses=0.0 sum=9.8MiB max=9.8MiB
[LIMINA-ALLOC-STATS] pool=0xae3179b50 begins=518000 live=61 peak=67 draining=0 borrowed=57 pending=56 released=141 retired=106 mean_uses=167.5 sum=329.2MiB max=15.3MiB
[LIMINA-ALLOC-STATS] pool=0xae3179b50 begins=518500 live=61 peak=67 draining=0 borrowed=55 pending=54 released=141 retired=106 mean_uses=167.5 sum=329.2MiB max=15.3MiB
[LIMINA-ALLOC-STATS] pool=0xae3179b50 begins=519000 live=61 peak=67 draining=0 borrowed=56 pending=56 released=141 retired=106 mean_uses=167.5 sum=329.2MiB max=15.3MiB
[LIMINA-ALLOC-STATS] pool=0xae3179b50 begins=519500 live=61 peak=67 draining=0 borrowed=56 pending=55 released=141 retired=106 mean_uses=167.5 sum=329.2MiB max=15.3MiB
[LIMINA-ALLOC-STATS] pool=0xae7e4db50 begins=3500 live=1 peak=1 draining=0 borrowed=1 pending=0 released=0 retired=0 mean_uses=0.0 sum=9.8MiB max=9.8MiB
[LIMINA-ALLOC-STATS] pool=0xae3179b50 begins=520000 live=61 peak=67 draining=0 borrowed=55 pending=55 released=141 retired=106 mean_uses=167.5 sum=329.2MiB max=15.3MiB
[LIMINA-ALLOC-STATS] pool=0xae3179b50 begins=520500 live=61 peak=67 draining=0 borrowed=56 pending=56 released=141 retired=106 mean_uses=167.5 sum=329.2MiB max=15.3MiB
[LIMINA-ALLOC-STATS] pool=0xae3179b50 begins=521000 live=61 peak=67 draining=0 borrowed=56 pending=55 released=141 retired=106 mean_uses=167.5 sum=329.2MiB max=15.3MiB
[LIMINA-ALLOC-STATS] pool=0xae3179b50 begins=521500 live=61 peak=67 draining=0 borrowed=54 pending=53 released=141 retired=106 mean_uses=167.5 sum=329.2MiB max=15.3MiB
[LIMINA-ALLOC-STATS] pool=0xae3179b50 begins=522000 live=61 peak=67 draining=0 borrowed=56 pending=58 released=141 retired=106 mean_uses=167.5 sum=329.2MiB max=15.3MiB
[LIMINA-ALLOC-STATS] pool=0xae7e4db50 begins=4000 live=1 peak=1 draining=0 borrowed=1 pending=0 released=0 retired=0 mean_uses=0.0 sum=9.8MiB max=9.8MiB
[LIMINA-ALLOC-STATS] pool=0xae3179b50 begins=522500 live=61 peak=67 draining=0 borrowed=56 pending=55 released=141 retired=106 mean_uses=167.5 sum=329.2MiB max=15.3MiB
[LIMINA-ALLOC-STATS] pool=0xae3179b50 begins=523000 live=61 peak=67 draining=0 borrowed=54 pending=54 released=141 retired=106 mean_uses=167.5 sum=329.2MiB max=15.3MiB
[LIMINA-ALLOC-STATS] pool=0xae3179b50 begins=523500 live=61 peak=67 draining=0 borrowed=56 pending=59 released=141 retired=106 mean_uses=167.5 sum=329.2MiB max=15.3MiB
[LIMINA-ALLOC-STATS] pool=0xae3179b50 begins=524000 live=60 peak=67 draining=0 borrowed=55 pending=55 released=142 retired=106 mean_uses=167.5 sum=317.1MiB max=15.3MiB
[LIMINA-ALLOC-STATS] pool=0xae7e4db50 begins=4500 live=1 peak=1 draining=0 borrowed=1 pending=0 released=0 retired=0 mean_uses=0.0 sum=9.8MiB max=9.8MiB
[LIMINA-ALLOC-STATS] pool=0xae3179b50 begins=524500 live=60 peak=67 draining=0 borrowed=55 pending=55 released=142 retired=106 mean_uses=167.5 sum=318.4MiB max=15.3MiB
[LIMINA-ALLOC-STATS] pool=0xae3179b50 begins=525000 live=60 peak=67 draining=0 borrowed=56 pending=56 released=142 retired=106 mean_uses=167.5 sum=318.4MiB max=15.3MiB
[LIMINA-ALLOC-STATS] pool=0xae3179b50 begins=525500 live=60 peak=67 draining=0 borrowed=55 pending=55 released=142 retired=106 mean_uses=167.5 sum=319.3MiB max=15.3MiB
[LIMINA-ALLOC-STATS] pool=0xae3179b50 begins=526000 live=60 peak=67 draining=0 borrowed=53 pending=52 released=142 retired=106 mean_uses=167.5 sum=319.3MiB max=15.3MiB
[LIMINA-ALLOC-STATS] pool=0xae7e4db50 begins=5000 live=1 peak=1 draining=0 borrowed=1 pending=0 released=0 retired=0 mean_uses=0.0 sum=9.8MiB max=9.8MiB
[LIMINA-ALLOC-STATS] pool=0xae3179b50 begins=526500 live=60 peak=67 draining=0 borrowed=57 pending=57 released=142 retired=106 mean_uses=167.5 sum=321.3MiB max=15.3MiB
[LIMINA-ALLOC-STATS] pool=0xae3179b50 begins=527000 live=60 peak=67 draining=0 borrowed=53 pending=53 released=142 retired=106 mean_uses=167.5 sum=321.3MiB max=15.3MiB
[LIMINA-ALLOC-STATS] pool=0xae3179b50 begins=527500 live=60 peak=67 draining=0 borrowed=55 pending=55 released=142 retired=106 mean_uses=167.5 sum=321.4MiB max=15.3MiB
[LIMINA-ALLOC-STATS] pool=0xae3179b50 begins=528000 live=60 peak=67 draining=0 borrowed=56 pending=55 released=142 retired=106 mean_uses=167.5 sum=321.4MiB max=15.3MiB
[LIMINA-ALLOC-STATS] pool=0xae7e4db50 begins=5500 live=1 peak=1 draining=0 borrowed=1 pending=1 released=0 retired=0 mean_uses=0.0 sum=9.8MiB max=9.8MiB
[LIMINA-ALLOC-STATS] pool=0xae3179b50 begins=528500 live=60 peak=67 draining=0 borrowed=55 pending=54 released=142 retired=106 mean_uses=167.5 sum=321.4MiB max=15.3MiB
[LIMINA-ALLOC-STATS] pool=0xae3179b50 begins=529000 live=60 peak=67 draining=0 borrowed=53 pending=53 released=142 retired=106 mean_uses=167.5 sum=321.4MiB max=15.3MiB
[LIMINA-ALLOC-STATS] pool=0xae3179b50 begins=529500 live=60 peak=67 draining=0 borrowed=56 pending=56 released=142 retired=106 mean_uses=167.5 sum=321.4MiB max=15.3MiB
[LIMINA-ALLOC-STATS] pool=0xae3179b50 begins=530000 live=60 peak=67 draining=0 borrowed=53 pending=53 released=142 retired=106 mean_uses=167.5 sum=321.4MiB max=15.3MiB
[LIMINA-ALLOC-STATS] pool=0xae7e4db50 begins=6000 live=1 peak=1 draining=0 borrowed=1 pending=0 released=0 retired=0 mean_uses=0.0 sum=9.8MiB max=9.8MiB
[LIMINA-ALLOC-STATS] pool=0xae3179b50 begins=530500 live=60 peak=67 draining=0 borrowed=53 pending=52 released=142 retired=106 mean_uses=167.5 sum=321.4MiB max=15.3MiB
[LIMINA-ALLOC-STATS] pool=0xae3179b50 begins=531000 live=60 peak=67 draining=0 borrowed=54 pending=55 released=142 retired=106 mean_uses=167.5 sum=321.4MiB max=15.3MiB
[LIMINA-ALLOC-STATS] pool=0xae3179b50 begins=531500 live=60 peak=67 draining=0 borrowed=55 pending=54 released=142 retired=106 mean_uses=167.5 sum=321.4MiB max=15.3MiB
[LIMINA-ALLOC-STATS] pool=0xae3179b50 begins=532000 live=60 peak=67 draining=0 borrowed=55 pending=54 released=142 retired=106 mean_uses=167.5 sum=321.4MiB max=15.3MiB
[LIMINA-ALLOC-STATS] pool=0xae7e4db50 begins=6500 live=1 peak=1 draining=0 borrowed=1 pending=0 released=0 retired=0 mean_uses=0.0 sum=9.8MiB max=9.8MiB
[LIMINA-ALLOC-STATS] pool=0xae3179b50 begins=532500 live=60 peak=67 draining=0 borrowed=57 pending=56 released=142 retired=106 mean_uses=167.5 sum=321.4MiB max=15.3MiB
[LIMINA-ALLOC-STATS] pool=0xae3179b50 begins=533000 live=60 peak=67 draining=0 borrowed=56 pending=59 released=142 retired=106 mean_uses=167.5 sum=321.4MiB max=15.3MiB
[LIMINA-ALLOC-STATS] pool=0xae3179b50 begins=533500 live=60 peak=67 draining=0 borrowed=55 pending=54 released=142 retired=106 mean_uses=167.5 sum=321.4MiB max=15.3MiB
[LIMINA-ALLOC-STATS] pool=0xae3179b50 begins=534000 live=60 peak=67 draining=0 borrowed=55 pending=56 released=142 retired=106 mean_uses=167.5 sum=321.5MiB max=15.3MiB
[LIMINA-ALLOC-STATS] pool=0xae3179b50 begins=534500 live=60 peak=67 draining=0 borrowed=56 pending=55 released=142 retired=106 mean_uses=167.5 sum=321.5MiB max=15.3MiB
[LIMINA-ALLOC-STATS] pool=0xae7e4db50 begins=7000 live=1 peak=1 draining=0 borrowed=1 pending=0 released=0 retired=0 mean_uses=0.0 sum=9.8MiB max=9.8MiB
[LIMINA-ALLOC-STATS] pool=0xae3179b50 begins=535000 live=60 peak=67 draining=0 borrowed=54 pending=54 released=142 retired=106 mean_uses=167.5 sum=321.5MiB max=15.3MiB
[LIMINA-ALLOC-STATS] pool=0xae3179b50 begins=535500 live=60 peak=67 draining=0 borrowed=56 pending=55 released=142 retired=106 mean_uses=167.5 sum=321.5MiB max=15.3MiB
[LIMINA-ALLOC-STATS] pool=0xae3179b50 begins=536000 live=60 peak=67 draining=0 borrowed=55 pending=54 released=142 retired=106 mean_uses=167.5 sum=321.5MiB max=15.3MiB
[LIMINA-ALLOC-STATS] pool=0xae3179b50 begins=536500 live=60 peak=67 draining=0 borrowed=54 pending=53 released=142 retired=106 mean_uses=167.5 sum=321.5MiB max=15.3MiB
[LIMINA-ALLOC-STATS] pool=0xae7e4db50 begins=7500 live=1 peak=1 draining=0 borrowed=1 pending=1 released=0 retired=0 mean_uses=0.0 sum=9.8MiB max=9.8MiB
[LIMINA-ALLOC-STATS] pool=0xae3179b50 begins=537000 live=60 peak=67 draining=0 borrowed=58 pending=57 released=142 retired=106 mean_uses=167.5 sum=321.5MiB max=15.3MiB
[LIMINA-ALLOC-STATS] pool=0xae3179b50 begins=537500 live=60 peak=67 draining=0 borrowed=55 pending=54 released=142 retired=106 mean_uses=167.5 sum=321.5MiB max=15.3MiB
[LIMINA-ALLOC-STATS] pool=0xae3179b50 begins=538000 live=60 peak=67 draining=0 borrowed=54 pending=54 released=142 retired=106 mean_uses=167.5 sum=321.5MiB max=15.3MiB
[LIMINA-ALLOC-STATS] pool=0xae3179b50 begins=538500 live=60 peak=67 draining=0 borrowed=56 pending=56 released=142 retired=106 mean_uses=167.5 sum=321.5MiB max=15.3MiB
[LIMINA-ALLOC-STATS] pool=0xae7e4db50 begins=8000 live=1 peak=1 draining=0 borrowed=1 pending=1 released=0 retired=0 mean_uses=0.0 sum=9.8MiB max=9.8MiB
[LIMINA-ALLOC-STATS] pool=0xae3179b50 begins=539000 live=60 peak=67 draining=0 borrowed=55 pending=54 released=142 retired=106 mean_uses=167.5 sum=321.5MiB max=15.3MiB
[LIMINA-ALLOC-STATS] pool=0xae3179b50 begins=539500 live=60 peak=67 draining=0 borrowed=55 pending=57 released=142 retired=106 mean_uses=167.5 sum=321.5MiB max=15.3MiB
[LIMINA-ALLOC-STATS] pool=0xae3179b50 begins=540000 live=59 peak=67 draining=0 borrowed=57 pending=57 released=143 retired=106 mean_uses=167.5 sum=311.1MiB max=15.3MiB
[LIMINA-ALLOC-STATS] pool=0xae3179b50 begins=540500 live=59 peak=67 draining=0 borrowed=55 pending=54 released=143 retired=106 mean_uses=167.5 sum=311.1MiB max=15.3MiB
[LIMINA-ALLOC-STATS] pool=0xae7e4db50 begins=8500 live=1 peak=1 draining=0 borrowed=1 pending=0 released=0 retired=0 mean_uses=0.0 sum=9.8MiB max=9.8MiB
[LIMINA-ALLOC-STATS] pool=0xae3179b50 begins=541000 live=59 peak=67 draining=0 borrowed=53 pending=53 released=143 retired=106 mean_uses=167.5 sum=311.1MiB max=15.3MiB
[LIMINA-ALLOC-STATS] pool=0xae3179b50 begins=541500 live=59 peak=67 draining=0 borrowed=56 pending=56 released=143 retired=106 mean_uses=167.5 sum=311.2MiB max=15.3MiB
[LIMINA-ALLOC-STATS] pool=0xae3179b50 begins=542000 live=59 peak=67 draining=0 borrowed=56 pending=59 released=143 retired=106 mean_uses=167.5 sum=311.2MiB max=15.3MiB
[LIMINA-ALLOC-STATS] pool=0xae3179b50 begins=542500 live=59 peak=67 draining=0 borrowed=53 pending=54 released=143 retired=106 mean_uses=167.5 sum=311.2MiB max=15.3MiB
[LIMINA-ALLOC-STATS] pool=0xae3179b50 begins=543000 live=59 peak=67 draining=0 borrowed=56 pending=55 released=143 retired=106 mean_uses=167.5 sum=311.2MiB max=15.3MiB
[LIMINA-ALLOC-STATS] pool=0xae7e4db50 begins=9000 live=1 peak=1 draining=0 borrowed=1 pending=0 released=0 retired=0 mean_uses=0.0 sum=9.8MiB max=9.8MiB
[LIMINA-ALLOC-STATS] pool=0xae3179b50 begins=543500 live=59 peak=67 draining=0 borrowed=56 pending=56 released=143 retired=106 mean_uses=167.5 sum=311.2MiB max=15.3MiB
[LIMINA-ALLOC-STATS] pool=0xae3179b50 begins=544000 live=59 peak=67 draining=0 borrowed=53 pending=53 released=143 retired=106 mean_uses=167.5 sum=311.2MiB max=15.3MiB
[LIMINA-ALLOC-STATS] pool=0xae3179b50 begins=544500 live=59 peak=67 draining=0 borrowed=55 pending=55 released=143 retired=106 mean_uses=167.5 sum=311.2MiB max=15.3MiB
[LIMINA-ALLOC-STATS] pool=0xae3179b50 begins=545000 live=59 peak=67 draining=0 borrowed=56 pending=55 released=143 retired=106 mean_uses=167.5 sum=311.2MiB max=15.3MiB
[LIMINA-ALLOC-STATS] pool=0xae7e4db50 begins=9500 live=1 peak=1 draining=0 borrowed=1 pending=0 released=0 retired=0 mean_uses=0.0 sum=9.8MiB max=9.8MiB
[LIMINA-ALLOC-STATS] pool=0xae3179b50 begins=545500 live=59 peak=67 draining=0 borrowed=53 pending=52 released=143 retired=106 mean_uses=167.5 sum=313.3MiB max=15.3MiB
[LIMINA-ALLOC-STATS] pool=0xae3179b50 begins=546000 live=59 peak=67 draining=0 borrowed=57 pending=56 released=143 retired=106 mean_uses=167.5 sum=313.3MiB max=15.3MiB
[LIMINA-ALLOC-STATS] pool=0xae3179b50 begins=546500 live=59 peak=67 draining=0 borrowed=54 pending=54 released=143 retired=106 mean_uses=167.5 sum=313.3MiB max=15.3MiB
[LIMINA-ALLOC-STATS] pool=0xae3179b50 begins=547000 live=59 peak=67 draining=0 borrowed=54 pending=55 released=143 retired=106 mean_uses=167.5 sum=313.3MiB max=15.3MiB
[LIMINA-ALLOC-STATS] pool=0xae7e4db50 begins=10000 live=1 peak=1 draining=0 borrowed=1 pending=0 released=0 retired=0 mean_uses=0.0 sum=9.8MiB max=9.8MiB
[LIMINA-ALLOC-STATS] pool=0xae3179b50 begins=547500 live=59 peak=67 draining=0 borrowed=55 pending=55 released=143 retired=106 mean_uses=167.5 sum=313.3MiB max=15.3MiB
[LIMINA-ALLOC-STATS] pool=0xae3179b50 begins=548000 live=59 peak=67 draining=0 borrowed=54 pending=53 released=143 retired=106 mean_uses=167.5 sum=313.3MiB max=15.3MiB
[LIMINA-ALLOC-STATS] pool=0xae3179b50 begins=548500 live=59 peak=67 draining=0 borrowed=53 pending=53 released=143 retired=106 mean_uses=167.5 sum=313.3MiB max=15.3MiB
[LIMINA-ALLOC-STATS] pool=0xae3179b50 begins=549000 live=59 peak=67 draining=0 borrowed=55 pending=55 released=143 retired=106 mean_uses=167.5 sum=313.3MiB max=15.3MiB
[LIMINA-ALLOC-STATS] pool=0xae7e4db50 begins=10500 live=1 peak=1 draining=0 borrowed=1 pending=1 released=0 retired=0 mean_uses=0.0 sum=9.8MiB max=9.8MiB
[LIMINA-ALLOC-STATS] pool=0xae3179b50 begins=549500 live=59 peak=67 draining=0 borrowed=54 pending=54 released=143 retired=106 mean_uses=167.5 sum=313.3MiB max=15.3MiB
[LIMINA-ALLOC-STATS] pool=0xae3179b50 begins=550000 live=59 peak=67 draining=0 borrowed=53 pending=53 released=143 retired=106 mean_uses=167.5 sum=313.3MiB max=15.3MiB
[LIMINA-ALLOC-STATS] pool=0xae3179b50 begins=550500 live=59 peak=67 draining=0 borrowed=55 pending=55 released=143 retired=106 mean_uses=167.5 sum=313.3MiB max=15.3MiB
[LIMINA-ALLOC-STATS] pool=0xae3179b50 begins=551000 live=59 peak=67 draining=0 borrowed=55 pending=54 released=143 retired=106 mean_uses=167.5 sum=313.3MiB max=15.3MiB
[LIMINA-ALLOC-STATS] pool=0xae3179b50 begins=551500 live=59 peak=67 draining=0 borrowed=54 pending=57 released=143 retired=106 mean_uses=167.5 sum=313.4MiB max=15.3MiB
[LIMINA-ALLOC-STATS] pool=0xae7e4db50 begins=11000 live=1 peak=1 draining=0 borrowed=1 pending=0 released=0 retired=0 mean_uses=0.0 sum=9.8MiB max=9.8MiB
[LIMINA-ALLOC-STATS] pool=0xae3181b50 begins=4500 live=1 peak=1 draining=0 borrowed=1 pending=0 released=0 retired=0 mean_uses=0.0 sum=4.9MiB max=4.9MiB
[LIMINA-ALLOC-STATS] pool=0xae317db50 begins=4500 live=1 peak=1 draining=0 borrowed=1 pending=0 released=0 retired=0 mean_uses=0.0 sum=4.9MiB max=4.9MiB
[LIMINA-ALLOC-STATS] pool=0xae3179b50 begins=552000 live=59 peak=67 draining=0 borrowed=56 pending=55 released=143 retired=106 mean_uses=167.5 sum=313.4MiB max=15.3MiB
[LIMINA-ALLOC-STATS] pool=0xae3179b50 begins=552500 live=59 peak=67 draining=0 borrowed=54 pending=54 released=143 retired=106 mean_uses=167.5 sum=313.4MiB max=15.3MiB
[LIMINA-ALLOC-STATS] pool=0xae3179b50 begins=553000 live=59 peak=67 draining=0 borrowed=53 pending=53 released=143 retired=106 mean_uses=167.5 sum=313.4MiB max=15.3MiB
[LIMINA-ALLOC-STATS] pool=0xae3179b50 begins=553500 live=59 peak=67 draining=0 borrowed=56 pending=57 released=143 retired=106 mean_uses=167.5 sum=313.4MiB max=15.3MiB
[LIMINA-ALLOC-STATS] pool=0xae7e4db50 begins=11500 live=1 peak=1 draining=0 borrowed=1 pending=0 released=0 retired=0 mean_uses=0.0 sum=9.8MiB max=9.8MiB
[LIMINA-ALLOC-STATS] pool=0xae3179b50 begins=554000 live=59 peak=67 draining=0 borrowed=54 pending=54 released=143 retired=106 mean_uses=167.5 sum=313.4MiB max=15.3MiB
[LIMINA-ALLOC-STATS] pool=0xae3179b50 begins=554500 live=59 peak=67 draining=0 borrowed=53 pending=53 released=143 retired=106 mean_uses=167.5 sum=313.4MiB max=15.3MiB
[LIMINA-ALLOC-STATS] pool=0xae3179b50 begins=555000 live=59 peak=67 draining=0 borrowed=56 pending=55 released=143 retired=106 mean_uses=167.5 sum=313.4MiB max=15.3MiB
[LIMINA-ALLOC-STATS] pool=0xae3179b50 begins=555500 live=59 peak=67 draining=0 borrowed=55 pending=55 released=143 retired=106 mean_uses=167.5 sum=313.4MiB max=15.3MiB
[LIMINA-ALLOC-STATS] pool=0xae7e4db50 begins=12000 live=1 peak=1 draining=0 borrowed=1 pending=1 released=0 retired=0 mean_uses=0.0 sum=9.8MiB max=9.8MiB
[LIMINA-ALLOC-STATS] pool=0xae3179b50 begins=556000 live=59 peak=67 draining=0 borrowed=56 pending=55 released=143 retired=106 mean_uses=167.5 sum=313.4MiB max=15.3MiB
[LIMINA-ALLOC-STATS] pool=0xae3179b50 begins=556500 live=59 peak=67 draining=0 borrowed=56 pending=55 released=143 retired=106 mean_uses=167.5 sum=313.4MiB max=15.3MiB
[LIMINA-ALLOC-STATS] pool=0xae3179b50 begins=557000 live=59 peak=67 draining=0 borrowed=56 pending=56 released=143 retired=106 mean_uses=167.5 sum=313.4MiB max=15.3MiB
[LIMINA-ALLOC-STATS] pool=0xae3179b50 begins=557500 live=59 peak=67 draining=0 borrowed=53 pending=54 released=143 retired=106 mean_uses=167.5 sum=313.4MiB max=15.3MiB
[LIMINA-ALLOC-STATS] pool=0xae7e4db50 begins=12500 live=1 peak=1 draining=0 borrowed=1 pending=1 released=0 retired=0 mean_uses=0.0 sum=9.8MiB max=9.8MiB
[LIMINA-ALLOC-STATS] pool=0xae3179b50 begins=558000 live=59 peak=67 draining=0 borrowed=55 pending=55 released=143 retired=106 mean_uses=167.5 sum=313.4MiB max=15.3MiB
[LIMINA-ALLOC-STATS] pool=0xae3179b50 begins=558500 live=59 peak=67 draining=0 borrowed=54 pending=54 released=143 retired=106 mean_uses=167.5 sum=313.4MiB max=15.3MiB
[LIMINA-ALLOC-STATS] pool=0xae3179b50 begins=559000 live=59 peak=67 draining=0 borrowed=54 pending=54 released=143 retired=106 mean_uses=167.5 sum=313.4MiB max=15.3MiB
[LIMINA-ALLOC-STATS] pool=0xae3179b50 begins=559500 live=59 peak=67 draining=0 borrowed=56 pending=55 released=143 retired=106 mean_uses=167.5 sum=313.4MiB max=15.3MiB
[LIMINA-ALLOC-STATS] pool=0xae7e4db50 begins=13000 live=1 peak=1 draining=0 borrowed=1 pending=0 released=0 retired=0 mean_uses=0.0 sum=9.8MiB max=9.8MiB
[LIMINA-ALLOC-STATS] pool=0xae3179b50 begins=560000 live=59 peak=67 draining=0 borrowed=56 pending=55 released=143 retired=106 mean_uses=167.5 sum=313.4MiB max=15.3MiB
[LIMINA-ALLOC-STATS] pool=0xae3179b50 begins=560500 live=59 peak=67 draining=0 borrowed=53 pending=53 released=143 retired=106 mean_uses=167.5 sum=313.4MiB max=15.3MiB
[LIMINA-ALLOC-STATS] pool=0xae3179b50 begins=561000 live=59 peak=67 draining=0 borrowed=55 pending=55 released=143 retired=106 mean_uses=167.5 sum=313.4MiB max=15.3MiB
[LIMINA-ALLOC-STATS] pool=0xae3179b50 begins=561500 live=59 peak=67 draining=0 borrowed=55 pending=55 released=143 retired=106 mean_uses=167.5 sum=313.4MiB max=15.3MiB
[LIMINA-ALLOC-STATS] pool=0xae7e4db50 begins=13500 live=1 peak=1 draining=0 borrowed=1 pending=0 released=0 retired=0 mean_uses=0.0 sum=9.8MiB max=9.8MiB
[LIMINA-ALLOC-STATS] pool=0xae3179b50 begins=562000 live=59 peak=67 draining=0 borrowed=54 pending=53 released=143 retired=106 mean_uses=167.5 sum=313.4MiB max=15.3MiB
[LIMINA-ALLOC-STATS] pool=0xae3179b50 begins=562500 live=59 peak=67 draining=0 borrowed=55 pending=55 released=143 retired=106 mean_uses=167.5 sum=313.4MiB max=15.3MiB
[LIMINA-ALLOC-STATS] pool=0xae3179b50 begins=563000 live=59 peak=67 draining=0 borrowed=54 pending=54 released=143 retired=106 mean_uses=167.5 sum=313.4MiB max=15.3MiB
[LIMINA-ALLOC-STATS] pool=0xae3179b50 begins=563500 live=59 peak=67 draining=0 borrowed=53 pending=53 released=143 retired=106 mean_uses=167.5 sum=313.4MiB max=15.3MiB
[LIMINA-ALLOC-STATS] pool=0xae7e4db50 begins=14000 live=1 peak=1 draining=0 borrowed=1 pending=0 released=0 retired=0 mean_uses=0.0 sum=9.8MiB max=9.8MiB
[LIMINA-ALLOC-STATS] pool=0xae3179b50 begins=564000 live=59 peak=67 draining=0 borrowed=56 pending=57 released=143 retired=106 mean_uses=167.5 sum=313.4MiB max=15.3MiB
[LIMINA-ALLOC-STATS] pool=0xae3179b50 begins=564500 live=59 peak=67 draining=0 borrowed=56 pending=56 released=143 retired=106 mean_uses=167.5 sum=313.4MiB max=15.3MiB
[LIMINA-ALLOC-STATS] pool=0xae3179b50 begins=565000 live=59 peak=67 draining=0 borrowed=54 pending=54 released=143 retired=106 mean_uses=167.5 sum=313.4MiB max=15.3MiB
[LIMINA-ALLOC-STATS] pool=0xae3179b50 begins=565500 live=59 peak=67 draining=0 borrowed=56 pending=57 released=143 retired=106 mean_uses=167.5 sum=313.4MiB max=15.3MiB
[LIMINA-ALLOC-STATS] pool=0xae7e4db50 begins=14500 live=1 peak=1 draining=0 borrowed=1 pending=0 released=0 retired=0 mean_uses=0.0 sum=9.8MiB max=9.8MiB
[LIMINA-ALLOC-STATS] pool=0xae3179b50 begins=566000 live=59 peak=67 draining=0 borrowed=55 pending=55 released=143 retired=106 mean_uses=167.5 sum=313.4MiB max=15.3MiB
[LIMINA-ALLOC-STATS] pool=0xae3179b50 begins=566500 live=59 peak=67 draining=0 borrowed=55 pending=54 released=143 retired=106 mean_uses=167.5 sum=313.4MiB max=15.3MiB
[LIMINA-ALLOC-STATS] pool=0xae3179b50 begins=567000 live=59 peak=67 draining=0 borrowed=57 pending=59 released=143 retired=106 mean_uses=167.5 sum=313.4MiB max=15.3MiB
[LIMINA-ALLOC-STATS] pool=0xae3179b50 begins=567500 live=59 peak=67 draining=0 borrowed=55 pending=54 released=143 retired=106 mean_uses=167.5 sum=313.4MiB max=15.3MiB
[LIMINA-ALLOC-STATS] pool=0xae7e4db50 begins=15000 live=1 peak=1 draining=0 borrowed=1 pending=1 released=0 retired=0 mean_uses=0.0 sum=9.8MiB max=9.8MiB
[LIMINA-ALLOC-STATS] pool=0xae3179b50 begins=568000 live=59 peak=67 draining=0 borrowed=53 pending=52 released=143 retired=106 mean_uses=167.5 sum=313.4MiB max=15.3MiB
[LIMINA-ALLOC-STATS] pool=0xae3179b50 begins=568500 live=59 peak=67 draining=0 borrowed=57 pending=57 released=143 retired=106 mean_uses=167.5 sum=313.4MiB max=15.3MiB
[LIMINA-ALLOC-STATS] pool=0xae3179b50 begins=569000 live=59 peak=67 draining=0 borrowed=55 pending=55 released=143 retired=106 mean_uses=167.5 sum=313.4MiB max=15.3MiB
[LIMINA-ALLOC-STATS] pool=0xae3179b50 begins=569500 live=59 peak=67 draining=0 borrowed=55 pending=55 released=143 retired=106 mean_uses=167.5 sum=313.4MiB max=15.3MiB
[LIMINA-ALLOC-STATS] pool=0xae7e4db50 begins=15500 live=1 peak=1 draining=0 borrowed=1 pending=1 released=0 retired=0 mean_uses=0.0 sum=9.8MiB max=9.8MiB
[LIMINA-ALLOC-STATS] pool=0xae3179b50 begins=570000 live=59 peak=67 draining=0 borrowed=56 pending=56 released=143 retired=106 mean_uses=167.5 sum=313.4MiB max=15.3MiB
[LIMINA-ALLOC-STATS] pool=0xae3179b50 begins=570500 live=59 peak=67 draining=0 borrowed=55 pending=55 released=143 retired=106 mean_uses=167.5 sum=313.4MiB max=15.3MiB
[LIMINA-ALLOC-STATS] pool=0xae3179b50 begins=571000 live=59 peak=67 draining=0 borrowed=53 pending=53 released=143 retired=106 mean_uses=167.5 sum=313.4MiB max=15.3MiB
[LIMINA-ALLOC-STATS] pool=0xae3179b50 begins=571500 live=59 peak=67 draining=0 borrowed=56 pending=56 released=143 retired=106 mean_uses=167.5 sum=313.4MiB max=15.3MiB
[LIMINA-ALLOC-STATS] pool=0xae3179b50 begins=572000 live=59 peak=67 draining=0 borrowed=57 pending=59 released=143 retired=106 mean_uses=167.5 sum=313.4MiB max=15.3MiB
[LIMINA-ALLOC-STATS] pool=0xae7e4db50 begins=16000 live=1 peak=1 draining=0 borrowed=1 pending=1 released=0 retired=0 mean_uses=0.0 sum=9.8MiB max=9.8MiB
[LIMINA-ALLOC-STATS] pool=0xae3179b50 begins=572500 live=59 peak=67 draining=0 borrowed=54 pending=54 released=143 retired=106 mean_uses=167.5 sum=313.4MiB max=15.3MiB
[LIMINA-ALLOC-STATS] pool=0xae3179b50 begins=573000 live=59 peak=67 draining=0 borrowed=56 pending=56 released=143 retired=106 mean_uses=167.5 sum=313.4MiB max=15.3MiB
[LIMINA-ALLOC-STATS] pool=0xae3179b50 begins=573500 live=59 peak=67 draining=0 borrowed=55 pending=56 released=143 retired=106 mean_uses=167.5 sum=313.4MiB max=15.3MiB
[LIMINA-ALLOC-STATS] pool=0xae3179b50 begins=574000 live=59 peak=67 draining=0 borrowed=53 pending=53 released=143 retired=106 mean_uses=167.5 sum=313.4MiB max=15.3MiB
[LIMINA-ALLOC-STATS] pool=0xae7e4db50 begins=16500 live=1 peak=1 draining=0 borrowed=1 pending=0 released=0 retired=0 mean_uses=0.0 sum=9.8MiB max=9.8MiB
[LIMINA-ALLOC-STATS] pool=0xae3179b50 begins=574500 live=59 peak=67 draining=0 borrowed=54 pending=56 released=143 retired=106 mean_uses=167.5 sum=313.4MiB max=15.3MiB
[LIMINA-ALLOC-STATS] pool=0xae3179b50 begins=575000 live=59 peak=67 draining=0 borrowed=55 pending=54 released=143 retired=106 mean_uses=167.5 sum=313.4MiB max=15.3MiB
[LIMINA-ALLOC-STATS] pool=0xae3179b50 begins=575500 live=59 peak=67 draining=0 borrowed=56 pending=56 released=143 retired=106 mean_uses=167.5 sum=313.4MiB max=15.3MiB
[LIMINA-ALLOC-STATS] pool=0xae3179b50 begins=576000 live=59 peak=67 draining=0 borrowed=54 pending=54 released=143 retired=106 mean_uses=167.5 sum=313.4MiB max=15.3MiB
[LIMINA-ALLOC-STATS] pool=0xae7e4db50 begins=17000 live=1 peak=1 draining=0 borrowed=1 pending=0 released=0 retired=0 mean_uses=0.0 sum=9.8MiB max=9.8MiB
[LIMINA-ALLOC-STATS] pool=0xae3179b50 begins=576500 live=59 peak=67 draining=0 borrowed=55 pending=56 released=143 retired=106 mean_uses=167.5 sum=313.4MiB max=15.3MiB
[LIMINA-ALLOC-STATS] pool=0xae3179b50 begins=577000 live=59 peak=67 draining=0 borrowed=57 pending=57 released=143 retired=106 mean_uses=167.5 sum=313.4MiB max=15.3MiB
[LIMINA-ALLOC-STATS] pool=0xae3179b50 begins=577500 live=59 peak=67 draining=0 borrowed=55 pending=54 released=143 retired=106 mean_uses=167.5 sum=313.4MiB max=15.3MiB
[LIMINA-ALLOC-STATS] pool=0xae3179b50 begins=578000 live=59 peak=67 draining=0 borrowed=55 pending=55 released=143 retired=106 mean_uses=167.5 sum=313.4MiB max=15.3MiB
[LIMINA-ALLOC-STATS] pool=0xae7e4db50 begins=17500 live=1 peak=1 draining=0 borrowed=1 pending=0 released=0 retired=0 mean_uses=0.0 sum=9.8MiB max=9.8MiB
[LIMINA-ALLOC-STATS] pool=0xae3179b50 begins=578500 live=59 peak=67 draining=0 borrowed=55 pending=55 released=143 retired=106 mean_uses=167.5 sum=313.4MiB max=15.3MiB
[LIMINA-ALLOC-STATS] pool=0xae3179b50 begins=579000 live=59 peak=67 draining=0 borrowed=55 pending=57 released=143 retired=106 mean_uses=167.5 sum=313.4MiB max=15.3MiB
[LIMINA-ALLOC-STATS] pool=0xae3179b50 begins=579500 live=59 peak=67 draining=0 borrowed=55 pending=55 released=143 retired=106 mean_uses=167.5 sum=313.4MiB max=15.3MiB
[LIMINA-ALLOC-STATS] pool=0xae3179b50 begins=580000 live=59 peak=67 draining=0 borrowed=54 pending=55 released=143 retired=106 mean_uses=167.5 sum=313.4MiB max=15.3MiB
[LIMINA-ALLOC-STATS] pool=0xae3179b50 begins=580500 live=59 peak=67 draining=0 borrowed=55 pending=54 released=143 retired=106 mean_uses=167.5 sum=313.4MiB max=15.3MiB
[LIMINA-ALLOC-STATS] pool=0xae7e4db50 begins=18000 live=1 peak=1 draining=0 borrowed=1 pending=0 released=0 retired=0 mean_uses=0.0 sum=9.8MiB max=9.8MiB
[LIMINA-ALLOC-STATS] pool=0xae3179b50 begins=581000 live=59 peak=67 draining=0 borrowed=54 pending=54 released=143 retired=106 mean_uses=167.5 sum=313.4MiB max=15.3MiB
[LIMINA-ALLOC-STATS] pool=0xae3179b50 begins=581500 live=59 peak=67 draining=0 borrowed=53 pending=53 released=143 retired=106 mean_uses=167.5 sum=313.4MiB max=15.3MiB
[LIMINA-ALLOC-STATS] pool=0xae3179b50 begins=582000 live=59 peak=67 draining=0 borrowed=57 pending=60 released=143 retired=106 mean_uses=167.5 sum=313.4MiB max=15.3MiB
[LIMINA-ALLOC-STATS] pool=0xae3179b50 begins=582500 live=59 peak=67 draining=0 borrowed=56 pending=55 released=143 retired=106 mean_uses=167.5 sum=313.4MiB max=15.3MiB
[LIMINA-ALLOC-STATS] pool=0xae7e4db50 begins=18500 live=1 peak=1 draining=0 borrowed=1 pending=0 released=0 retired=0 mean_uses=0.0 sum=9.8MiB max=9.8MiB
[LIMINA-ALLOC-STATS] pool=0xae3179b50 begins=583000 live=59 peak=67 draining=0 borrowed=55 pending=58 released=143 retired=106 mean_uses=167.5 sum=313.4MiB max=15.3MiB
[LIMINA-ALLOC-STATS] pool=0xae3179b50 begins=583500 live=59 peak=67 draining=0 borrowed=56 pending=55 released=143 retired=106 mean_uses=167.5 sum=313.4MiB max=15.3MiB
[LIMINA-ALLOC-STATS] pool=0xae3179b50 begins=584000 live=59 peak=67 draining=0 borrowed=55 pending=56 released=143 retired=106 mean_uses=167.5 sum=313.4MiB max=15.3MiB
[LIMINA-ALLOC-STATS] pool=0xae3179b50 begins=584500 live=59 peak=67 draining=0 borrowed=54 pending=57 released=143 retired=106 mean_uses=167.5 sum=313.4MiB max=15.3MiB
[LIMINA-ALLOC-STATS] pool=0xae7e4db50 begins=19000 live=1 peak=1 draining=0 borrowed=1 pending=0 released=0 retired=0 mean_uses=0.0 sum=9.8MiB max=9.8MiB
[LIMINA-ALLOC-STATS] pool=0xae3179b50 begins=585000 live=59 peak=67 draining=0 borrowed=57 pending=56 released=143 retired=106 mean_uses=167.5 sum=313.4MiB max=15.3MiB
[LIMINA-ALLOC-STATS] pool=0xae3179b50 begins=585500 live=59 peak=67 draining=0 borrowed=57 pending=59 released=143 retired=106 mean_uses=167.5 sum=313.4MiB max=15.3MiB
[LIMINA-ALLOC-STATS] pool=0xae3179b50 begins=586000 live=59 peak=67 draining=0 borrowed=55 pending=57 released=143 retired=106 mean_uses=167.5 sum=313.4MiB max=15.3MiB
[LIMINA-ALLOC-STATS] pool=0xae3179b50 begins=586500 live=59 peak=67 draining=0 borrowed=56 pending=55 released=143 retired=106 mean_uses=167.5 sum=313.4MiB max=15.3MiB
[LIMINA-ALLOC-STATS] pool=0xae7e4db50 begins=19500 live=1 peak=1 draining=0 borrowed=1 pending=0 released=0 retired=0 mean_uses=0.0 sum=9.8MiB max=9.8MiB
[LIMINA-ALLOC-STATS] pool=0xae3179b50 begins=587000 live=59 peak=67 draining=0 borrowed=55 pending=57 released=143 retired=106 mean_uses=167.5 sum=313.4MiB max=15.3MiB
[LIMINA-ALLOC-STATS] pool=0xae3179b50 begins=587500 live=59 peak=67 draining=0 borrowed=54 pending=54 released=143 retired=106 mean_uses=167.5 sum=313.4MiB max=15.3MiB
[LIMINA-ALLOC-STATS] pool=0xae3179b50 begins=588000 live=59 peak=67 draining=0 borrowed=56 pending=56 released=143 retired=106 mean_uses=167.5 sum=313.4MiB max=15.3MiB
[LIMINA-ALLOC-STATS] pool=0xae3179b50 begins=588500 live=59 peak=67 draining=0 borrowed=54 pending=55 released=143 retired=106 mean_uses=167.5 sum=313.4MiB max=15.3MiB
[LIMINA-ALLOC-STATS] pool=0xae3179b50 begins=589000 live=60 peak=67 draining=0 borrowed=54 pending=54 released=143 retired=106 mean_uses=167.5 sum=316.3MiB max=15.3MiB
[LIMINA-ALLOC-STATS] pool=0xae7e4db50 begins=20000 live=1 peak=1 draining=0 borrowed=1 pending=0 released=0 retired=0 mean_uses=0.0 sum=9.8MiB max=9.8MiB
[LIMINA-ALLOC-STATS] pool=0xae3179b50 begins=589500 live=60 peak=67 draining=0 borrowed=58 pending=57 released=143 retired=106 mean_uses=167.5 sum=316.5MiB max=15.3MiB
[LIMINA-ALLOC-STATS] pool=0xae3179b50 begins=590000 live=60 peak=67 draining=0 borrowed=54 pending=56 released=143 retired=106 mean_uses=167.5 sum=316.5MiB max=15.3MiB
[LIMINA-ALLOC-STATS] pool=0xae3179b50 begins=590500 live=60 peak=67 draining=0 borrowed=57 pending=59 released=143 retired=106 mean_uses=167.5 sum=316.5MiB max=15.3MiB
[LIMINA-ALLOC-STATS] pool=0xae3179b50 begins=591000 live=60 peak=67 draining=0 borrowed=57 pending=60 released=143 retired=106 mean_uses=167.5 sum=316.5MiB max=15.3MiB
[LIMINA-ALLOC-STATS] pool=0xae3179b50 begins=591500 live=60 peak=67 draining=0 borrowed=58 pending=60 released=143 retired=106 mean_uses=167.5 sum=316.5MiB max=15.3MiB
[LIMINA-ALLOC-STATS] pool=0xae7e4db50 begins=20500 live=1 peak=1 draining=0 borrowed=1 pending=1 released=0 retired=0 mean_uses=0.0 sum=9.8MiB max=9.8MiB
[LIMINA-ALLOC-STATS] pool=0xae3179b50 begins=592000 live=60 peak=67 draining=0 borrowed=54 pending=54 released=143 retired=106 mean_uses=167.5 sum=316.5MiB max=15.3MiB
[LIMINA-ALLOC-STATS] pool=0xae3179b50 begins=592500 live=60 peak=67 draining=0 borrowed=57 pending=57 released=143 retired=106 mean_uses=167.5 sum=316.5MiB max=15.3MiB
[LIMINA-ALLOC-STATS] pool=0xae3179b50 begins=593000 live=60 peak=67 draining=0 borrowed=56 pending=57 released=143 retired=106 mean_uses=167.5 sum=316.5MiB max=15.3MiB
[LIMINA-ALLOC-STATS] pool=0xae3179b50 begins=593500 live=60 peak=67 draining=0 borrowed=56 pending=55 released=143 retired=106 mean_uses=167.5 sum=319.2MiB max=15.3MiB
[LIMINA-ALLOC-STATS] pool=0xae7e4db50 begins=21000 live=1 peak=1 draining=0 borrowed=1 pending=0 released=0 retired=0 mean_uses=0.0 sum=9.8MiB max=9.8MiB
[LIMINA-ALLOC-STATS] pool=0xae3179b50 begins=594000 live=60 peak=67 draining=0 borrowed=58 pending=57 released=143 retired=106 mean_uses=167.5 sum=319.3MiB max=15.3MiB
[LIMINA-ALLOC-STATS] pool=0xae3179b50 begins=594500 live=60 peak=67 draining=0 borrowed=56 pending=56 released=143 retired=106 mean_uses=167.5 sum=319.3MiB max=15.3MiB
[LIMINA-ALLOC-STATS] pool=0xae3179b50 begins=595000 live=60 peak=67 draining=0 borrowed=53 pending=53 released=143 retired=106 mean_uses=167.5 sum=319.3MiB max=15.3MiB
[LIMINA-ALLOC-STATS] pool=0xae3179b50 begins=595500 live=60 peak=67 draining=0 borrowed=57 pending=56 released=143 retired=106 mean_uses=167.5 sum=319.3MiB max=15.3MiB
[LIMINA-ALLOC-STATS] pool=0xae3179b50 begins=596000 live=61 peak=67 draining=0 borrowed=56 pending=55 released=143 retired=106 mean_uses=167.5 sum=321.9MiB max=15.3MiB
[LIMINA-ALLOC-STATS] pool=0xae7e4db50 begins=21500 live=1 peak=1 draining=0 borrowed=1 pending=0 released=0 retired=0 mean_uses=0.0 sum=9.8MiB max=9.8MiB
[LIMINA-ALLOC-STATS] pool=0xae3179b50 begins=596500 live=61 peak=67 draining=0 borrowed=54 pending=55 released=143 retired=106 mean_uses=167.5 sum=321.9MiB max=15.3MiB
[LIMINA-ALLOC-STATS] pool=0xae3179b50 begins=597000 live=61 peak=67 draining=0 borrowed=56 pending=56 released=143 retired=106 mean_uses=167.5 sum=322.0MiB max=15.3MiB
[LIMINA-ALLOC-STATS] pool=0xae3179b50 begins=597500 live=61 peak=67 draining=0 borrowed=55 pending=55 released=143 retired=106 mean_uses=167.5 sum=322.0MiB max=15.3MiB
[LIMINA-ALLOC-STATS] pool=0xae3179b50 begins=598000 live=61 peak=67 draining=0 borrowed=55 pending=55 released=143 retired=106 mean_uses=167.5 sum=322.6MiB max=15.3MiB
[LIMINA-ALLOC-STATS] pool=0xae3179b50 begins=598500 live=61 peak=67 draining=0 borrowed=56 pending=55 released=143 retired=106 mean_uses=167.5 sum=325.4MiB max=15.3MiB
[LIMINA-ALLOC-STATS] pool=0xae7e4db50 begins=22000 live=1 peak=1 draining=0 borrowed=1 pending=1 released=0 retired=0 mean_uses=0.0 sum=9.8MiB max=9.8MiB
[LIMINA-ALLOC-STATS] pool=0xae3179b50 begins=599000 live=61 peak=67 draining=0 borrowed=55 pending=55 released=143 retired=106 mean_uses=167.5 sum=325.4MiB max=15.3MiB
[LIMINA-ALLOC-STATS] pool=0xae3179b50 begins=599500 live=61 peak=67 draining=0 borrowed=55 pending=54 released=143 retired=106 mean_uses=167.5 sum=325.5MiB max=15.3MiB
[LIMINA-ALLOC-STATS] pool=0xae3179b50 begins=600000 live=61 peak=67 draining=0 borrowed=57 pending=56 released=143 retired=106 mean_uses=167.5 sum=325.5MiB max=15.3MiB
[LIMINA-ALLOC-STATS] pool=0xae3179b50 begins=600500 live=61 peak=67 draining=0 borrowed=56 pending=60 released=143 retired=106 mean_uses=167.5 sum=325.5MiB max=15.3MiB
[LIMINA-ALLOC-STATS] pool=0xae7e4db50 begins=22500 live=1 peak=1 draining=0 borrowed=1 pending=0 released=0 retired=0 mean_uses=0.0 sum=9.8MiB max=9.8MiB
[LIMINA-ALLOC-STATS] pool=0xae3179b50 begins=601000 live=61 peak=67 draining=0 borrowed=53 pending=52 released=143 retired=106 mean_uses=167.5 sum=325.7MiB max=15.3MiB
[LIMINA-ALLOC-STATS] pool=0xae3179b50 begins=601500 live=61 peak=67 draining=0 borrowed=56 pending=56 released=143 retired=106 mean_uses=167.5 sum=325.7MiB max=15.3MiB
[LIMINA-ALLOC-STATS] pool=0xae3179b50 begins=602000 live=61 peak=67 draining=0 borrowed=54 pending=54 released=143 retired=106 mean_uses=167.5 sum=325.7MiB max=15.3MiB
[LIMINA-ALLOC-STATS] pool=0xae3179b50 begins=602500 live=61 peak=67 draining=0 borrowed=55 pending=55 released=143 retired=106 mean_uses=167.5 sum=325.7MiB max=15.3MiB
[LIMINA-ALLOC-STATS] pool=0xae3179b50 begins=603000 live=61 peak=67 draining=0 borrowed=56 pending=56 released=143 retired=106 mean_uses=167.5 sum=325.7MiB max=15.3MiB
[LIMINA-ALLOC-STATS] pool=0xae7e4db50 begins=23000 live=1 peak=1 draining=0 borrowed=1 pending=0 released=0 retired=0 mean_uses=0.0 sum=9.8MiB max=9.8MiB
[LIMINA-ALLOC-STATS] pool=0xae3179b50 begins=603500 live=61 peak=67 draining=0 borrowed=54 pending=54 released=143 retired=106 mean_uses=167.5 sum=325.7MiB max=15.3MiB
[LIMINA-ALLOC-STATS] pool=0xae3179b50 begins=604000 live=61 peak=67 draining=0 borrowed=54 pending=54 released=143 retired=106 mean_uses=167.5 sum=325.7MiB max=15.3MiB
[LIMINA-ALLOC-STATS] pool=0xae3179b50 begins=604500 live=61 peak=67 draining=0 borrowed=57 pending=59 released=143 retired=106 mean_uses=167.5 sum=325.7MiB max=15.3MiB
[LIMINA-ALLOC-POOL] teardown: pool=0xae7e4db50 live=1 peak=1 released=0 ceiling-waits=0 ceiling-fails=0
[2026-10-07T14:25:34.099238Z INFO  krun_devices::virtio::gpu::virtio_gpu] CTX_CREATE ctx=10 init=0x4 name=Some("vkmark\0\0\0\0\0\0\0\0\0\0\0\0\0\0\0\0\0\0\0\0\0\0\0\0\0\0\0\0\0\0\0\0\0\0\0\0\0\0\0\0\0\0\0\0\0\0\0\0\0\0\0\0\0\0\0\0\0\0")
[LIMINA-ALLOC-STATS] pool=0xae3179b50 begins=605000 live=61 peak=67 draining=0 borrowed=54 pending=53 released=143 retired=106 mean_uses=167.5 sum=325.8MiB max=15.3MiB
[LIMINA-ALLOC-STATS] pool=0xae3179b50 begins=605500 live=61 peak=67 draining=0 borrowed=55 pending=54 released=143 retired=106 mean_uses=167.5 sum=329.0MiB max=15.3MiB
[LIMINA-ALLOC-STATS] pool=0xae3179b50 begins=606000 live=61 peak=67 draining=0 borrowed=57 pending=56 released=143 retired=106 mean_uses=167.5 sum=330.4MiB max=15.3MiB
[LIMINA-ALLOC-STATS] pool=0xae3179b50 begins=606500 live=61 peak=67 draining=0 borrowed=54 pending=53 released=143 retired=106 mean_uses=167.5 sum=330.6MiB max=15.3MiB
[LIMINA-ALLOC-STATS] pool=0xae7e4db50 begins=500 live=1 peak=1 draining=0 borrowed=1 pending=1 released=0 retired=0 mean_uses=0.0 sum=9.8MiB max=9.8MiB
[LIMINA-ALLOC-STATS] pool=0xae3179b50 begins=607000 live=61 peak=67 draining=0 borrowed=54 pending=54 released=143 retired=106 mean_uses=167.5 sum=330.6MiB max=15.3MiB
[LIMINA-ALLOC-STATS] pool=0xae3179b50 begins=607500 live=61 peak=67 draining=0 borrowed=55 pending=55 released=143 retired=106 mean_uses=167.5 sum=330.6MiB max=15.3MiB
[LIMINA-ALLOC-STATS] pool=0xae3179b50 begins=608000 live=61 peak=67 draining=0 borrowed=56 pending=55 released=143 retired=106 mean_uses=167.5 sum=332.6MiB max=15.3MiB
[LIMINA-ALLOC-STATS] pool=0xae3179b50 begins=608500 live=61 peak=67 draining=0 borrowed=53 pending=54 released=143 retired=106 mean_uses=167.5 sum=332.6MiB max=15.3MiB
[LIMINA-ALLOC-STATS] pool=0xae3179b50 begins=609000 live=60 peak=67 draining=0 borrowed=56 pending=56 released=144 retired=106 mean_uses=167.5 sum=326.6MiB max=15.3MiB
[LIMINA-ALLOC-STATS] pool=0xae7e4db50 begins=1000 live=1 peak=1 draining=0 borrowed=1 pending=1 released=0 retired=0 mean_uses=0.0 sum=9.8MiB max=9.8MiB
[LIMINA-ALLOC-STATS] pool=0xae3179b50 begins=609500 live=60 peak=67 draining=0 borrowed=56 pending=56 released=144 retired=106 mean_uses=167.5 sum=326.6MiB max=15.3MiB
[LIMINA-ALLOC-STATS] pool=0xae3179b50 begins=610000 live=60 peak=67 draining=0 borrowed=54 pending=54 released=144 retired=106 mean_uses=167.5 sum=326.6MiB max=15.3MiB
[LIMINA-ALLOC-STATS] pool=0xae3179b50 begins=610500 live=60 peak=67 draining=0 borrowed=56 pending=56 released=144 retired=106 mean_uses=167.5 sum=326.6MiB max=15.3MiB
[LIMINA-ALLOC-STATS] pool=0xae3179b50 begins=611000 live=60 peak=67 draining=0 borrowed=54 pending=55 released=144 retired=106 mean_uses=167.5 sum=326.6MiB max=15.3MiB
[LIMINA-ALLOC-STATS] pool=0xae7e4db50 begins=1500 live=1 peak=1 draining=0 borrowed=1 pending=1 released=0 retired=0 mean_uses=0.0 sum=9.8MiB max=9.8MiB
[LIMINA-ALLOC-STATS] pool=0xae3179b50 begins=611500 live=60 peak=67 draining=0 borrowed=53 pending=53 released=144 retired=106 mean_uses=167.5 sum=326.6MiB max=15.3MiB
[LIMINA-ALLOC-STATS] pool=0xae3179b50 begins=612000 live=60 peak=67 draining=0 borrowed=58 pending=58 released=144 retired=106 mean_uses=167.5 sum=326.6MiB max=15.3MiB
[LIMINA-ALLOC-STATS] pool=0xae3179b50 begins=612500 live=60 peak=67 draining=0 borrowed=55 pending=54 released=144 retired=106 mean_uses=167.5 sum=326.6MiB max=15.3MiB
[LIMINA-ALLOC-STATS] pool=0xae3179b50 begins=613000 live=60 peak=67 draining=0 borrowed=52 pending=52 released=144 retired=106 mean_uses=167.5 sum=326.6MiB max=15.3MiB
[LIMINA-ALLOC-STATS] pool=0xae7e4db50 begins=2000 live=1 peak=1 draining=0 borrowed=1 pending=1 released=0 retired=0 mean_uses=0.0 sum=9.8MiB max=9.8MiB
[LIMINA-ALLOC-STATS] pool=0xae3179b50 begins=613500 live=60 peak=67 draining=0 borrowed=54 pending=54 released=144 retired=106 mean_uses=167.5 sum=326.6MiB max=15.3MiB
[LIMINA-ALLOC-STATS] pool=0xae3179b50 begins=614000 live=60 peak=67 draining=0 borrowed=56 pending=56 released=144 retired=106 mean_uses=167.5 sum=326.6MiB max=15.3MiB
[LIMINA-ALLOC-STATS] pool=0xae3181b50 begins=5000 live=1 peak=1 draining=0 borrowed=1 pending=0 released=0 retired=0 mean_uses=0.0 sum=4.9MiB max=4.9MiB
[LIMINA-ALLOC-STATS] pool=0xae317db50 begins=5000 live=1 peak=1 draining=0 borrowed=1 pending=0 released=0 retired=0 mean_uses=0.0 sum=4.9MiB max=4.9MiB
[LIMINA-ALLOC-STATS] pool=0xae3179b50 begins=614500 live=60 peak=67 draining=0 borrowed=55 pending=55 released=144 retired=106 mean_uses=167.5 sum=326.6MiB max=15.3MiB
[LIMINA-ALLOC-STATS] pool=0xae3179b50 begins=615000 live=60 peak=67 draining=0 borrowed=56 pending=56 released=144 retired=106 mean_uses=167.5 sum=326.6MiB max=15.3MiB
[LIMINA-ALLOC-STATS] pool=0xae3179b50 begins=615500 live=60 peak=67 draining=0 borrowed=55 pending=55 released=144 retired=106 mean_uses=167.5 sum=326.6MiB max=15.3MiB
[LIMINA-ALLOC-STATS] pool=0xae7e4db50 begins=2500 live=1 peak=1 draining=0 borrowed=1 pending=0 released=0 retired=0 mean_uses=0.0 sum=9.8MiB max=9.8MiB
[LIMINA-ALLOC-STATS] pool=0xae3179b50 begins=616000 live=60 peak=67 draining=0 borrowed=54 pending=54 released=144 retired=106 mean_uses=167.5 sum=326.6MiB max=15.3MiB
[LIMINA-ALLOC-STATS] pool=0xae3179b50 begins=616500 live=60 peak=67 draining=0 borrowed=56 pending=56 released=144 retired=106 mean_uses=167.5 sum=326.6MiB max=15.3MiB
[LIMINA-ALLOC-STATS] pool=0xae3179b50 begins=617000 live=60 peak=67 draining=0 borrowed=56 pending=56 released=144 retired=106 mean_uses=167.5 sum=326.6MiB max=15.3MiB
[LIMINA-ALLOC-STATS] pool=0xae3179b50 begins=617500 live=60 peak=67 draining=0 borrowed=54 pending=55 released=144 retired=106 mean_uses=167.5 sum=326.6MiB max=15.3MiB
[LIMINA-ALLOC-STATS] pool=0xae7e4db50 begins=3000 live=1 peak=1 draining=0 borrowed=1 pending=1 released=0 retired=0 mean_uses=0.0 sum=9.8MiB max=9.8MiB
[LIMINA-ALLOC-STATS] pool=0xae3179b50 begins=618000 live=60 peak=67 draining=0 borrowed=55 pending=56 released=144 retired=106 mean_uses=167.5 sum=326.6MiB max=15.3MiB
[LIMINA-ALLOC-STATS] pool=0xae3179b50 begins=618500 live=60 peak=67 draining=0 borrowed=54 pending=54 released=144 retired=106 mean_uses=167.5 sum=327.8MiB max=15.3MiB
[LIMINA-ALLOC-STATS] pool=0xae3179b50 begins=619000 live=60 peak=67 draining=0 borrowed=54 pending=57 released=144 retired=106 mean_uses=167.5 sum=327.8MiB max=15.3MiB
[LIMINA-ALLOC-STATS] pool=0xae3179b50 begins=619500 live=60 peak=67 draining=0 borrowed=57 pending=57 released=144 retired=106 mean_uses=167.5 sum=327.8MiB max=15.3MiB
[LIMINA-ALLOC-STATS] pool=0xae7e4db50 begins=3500 live=1 peak=1 draining=0 borrowed=1 pending=0 released=0 retired=0 mean_uses=0.0 sum=9.8MiB max=9.8MiB
[LIMINA-ALLOC-STATS] pool=0xae3179b50 begins=620000 live=60 peak=67 draining=0 borrowed=56 pending=55 released=144 retired=106 mean_uses=167.5 sum=327.8MiB max=15.3MiB
[LIMINA-ALLOC-STATS] pool=0xae3179b50 begins=620500 live=60 peak=67 draining=0 borrowed=54 pending=56 released=144 retired=106 mean_uses=167.5 sum=327.8MiB max=15.3MiB
[LIMINA-ALLOC-STATS] pool=0xae3179b50 begins=621000 live=60 peak=67 draining=0 borrowed=55 pending=54 released=144 retired=106 mean_uses=167.5 sum=327.8MiB max=15.3MiB
[LIMINA-ALLOC-STATS] pool=0xae3179b50 begins=621500 live=60 peak=67 draining=0 borrowed=56 pending=55 released=144 retired=106 mean_uses=167.5 sum=327.8MiB max=15.3MiB
[LIMINA-ALLOC-STATS] pool=0xae7e4db50 begins=4000 live=1 peak=1 draining=0 borrowed=1 pending=0 released=0 retired=0 mean_uses=0.0 sum=9.8MiB max=9.8MiB
[LIMINA-ALLOC-STATS] pool=0xae3179b50 begins=622000 live=60 peak=67 draining=0 borrowed=53 pending=53 released=144 retired=106 mean_uses=167.5 sum=327.8MiB max=15.3MiB
[LIMINA-ALLOC-STATS] pool=0xae3179b50 begins=622500 live=60 peak=67 draining=0 borrowed=56 pending=56 released=144 retired=106 mean_uses=167.5 sum=327.8MiB max=15.3MiB
[LIMINA-ALLOC-STATS] pool=0xae3179b50 begins=623000 live=60 peak=67 draining=0 borrowed=55 pending=55 released=144 retired=106 mean_uses=167.5 sum=327.8MiB max=15.3MiB
[LIMINA-ALLOC-STATS] pool=0xae3179b50 begins=623500 live=60 peak=67 draining=0 borrowed=54 pending=54 released=144 retired=106 mean_uses=167.5 sum=327.8MiB max=15.3MiB
[LIMINA-ALLOC-STATS] pool=0xae7e4db50 begins=4500 live=1 peak=1 draining=0 borrowed=1 pending=1 released=0 retired=0 mean_uses=0.0 sum=9.8MiB max=9.8MiB
[LIMINA-ALLOC-STATS] pool=0xae3179b50 begins=624000 live=60 peak=67 draining=0 borrowed=56 pending=56 released=144 retired=106 mean_uses=167.5 sum=327.8MiB max=15.3MiB
[LIMINA-ALLOC-STATS] pool=0xae3179b50 begins=624500 live=60 peak=67 draining=0 borrowed=55 pending=55 released=144 retired=106 mean_uses=167.5 sum=327.8MiB max=15.3MiB
[LIMINA-ALLOC-STATS] pool=0xae3179b50 begins=625000 live=59 peak=67 draining=0 borrowed=54 pending=54 released=145 retired=106 mean_uses=167.5 sum=317.7MiB max=15.3MiB
[LIMINA-ALLOC-STATS] pool=0xae3179b50 begins=625500 live=59 peak=67 draining=0 borrowed=57 pending=57 released=145 retired=106 mean_uses=167.5 sum=317.8MiB max=15.3MiB
[LIMINA-ALLOC-STATS] pool=0xae3179b50 begins=626000 live=60 peak=67 draining=0 borrowed=54 pending=53 released=145 retired=106 mean_uses=167.5 sum=320.4MiB max=15.3MiB
[LIMINA-ALLOC-STATS] pool=0xae3179b50 begins=626500 live=60 peak=67 draining=0 borrowed=56 pending=55 released=145 retired=106 mean_uses=167.5 sum=320.7MiB max=15.3MiB
[LIMINA-ALLOC-STATS] pool=0xae7e4db50 begins=5000 live=1 peak=1 draining=0 borrowed=1 pending=1 released=0 retired=0 mean_uses=0.0 sum=9.8MiB max=9.8MiB
[LIMINA-ALLOC-STATS] pool=0xae3179b50 begins=627000 live=60 peak=67 draining=0 borrowed=56 pending=56 released=145 retired=106 mean_uses=167.5 sum=320.7MiB max=15.3MiB
[LIMINA-ALLOC-STATS] pool=0xae3179b50 begins=627500 live=60 peak=67 draining=0 borrowed=55 pending=54 released=145 retired=106 mean_uses=167.5 sum=320.9MiB max=15.3MiB
[LIMINA-ALLOC-STATS] pool=0xae3179b50 begins=628000 live=60 peak=67 draining=0 borrowed=54 pending=57 released=145 retired=106 mean_uses=167.5 sum=320.9MiB max=15.3MiB
[LIMINA-ALLOC-STATS] pool=0xae3179b50 begins=628500 live=60 peak=67 draining=0 borrowed=57 pending=56 released=145 retired=106 mean_uses=167.5 sum=321.1MiB max=15.3MiB
[LIMINA-ALLOC-STATS] pool=0xae7e4db50 begins=5500 live=1 peak=1 draining=0 borrowed=1 pending=0 released=0 retired=0 mean_uses=0.0 sum=9.8MiB max=9.8MiB
[LIMINA-ALLOC-STATS] pool=0xae3179b50 begins=629000 live=60 peak=67 draining=0 borrowed=54 pending=55 released=145 retired=106 mean_uses=167.5 sum=321.1MiB max=15.3MiB
[LIMINA-ALLOC-STATS] pool=0xae3179b50 begins=629500 live=60 peak=67 draining=0 borrowed=55 pending=55 released=145 retired=106 mean_uses=167.5 sum=321.1MiB max=15.3MiB
[LIMINA-ALLOC-STATS] pool=0xae3179b50 begins=630000 live=60 peak=67 draining=0 borrowed=54 pending=55 released=145 retired=106 mean_uses=167.5 sum=323.2MiB max=15.3MiB
[LIMINA-ALLOC-STATS] pool=0xae3179b50 begins=630500 live=60 peak=67 draining=0 borrowed=54 pending=53 released=145 retired=106 mean_uses=167.5 sum=323.2MiB max=15.3MiB
[LIMINA-ALLOC-STATS] pool=0xae7e4db50 begins=6000 live=1 peak=1 draining=0 borrowed=1 pending=0 released=0 retired=0 mean_uses=0.0 sum=9.8MiB max=9.8MiB
[LIMINA-ALLOC-STATS] pool=0xae3179b50 begins=631000 live=60 peak=67 draining=0 borrowed=54 pending=54 released=145 retired=106 mean_uses=167.5 sum=323.2MiB max=15.3MiB
[LIMINA-ALLOC-STATS] pool=0xae3179b50 begins=631500 live=60 peak=67 draining=0 borrowed=55 pending=54 released=145 retired=106 mean_uses=167.5 sum=323.2MiB max=15.3MiB
[LIMINA-ALLOC-STATS] pool=0xae3179b50 begins=632000 live=60 peak=67 draining=0 borrowed=54 pending=54 released=145 retired=106 mean_uses=167.5 sum=323.2MiB max=15.3MiB
[LIMINA-ALLOC-STATS] pool=0xae3179b50 begins=632500 live=60 peak=67 draining=0 borrowed=54 pending=54 released=145 retired=106 mean_uses=167.5 sum=323.2MiB max=15.3MiB
[LIMINA-ALLOC-STATS] pool=0xae7e4db50 begins=6500 live=1 peak=1 draining=0 borrowed=1 pending=0 released=0 retired=0 mean_uses=0.0 sum=9.8MiB max=9.8MiB
[LIMINA-ALLOC-STATS] pool=0xae3179b50 begins=633000 live=60 peak=67 draining=0 borrowed=57 pending=56 released=145 retired=106 mean_uses=167.5 sum=323.2MiB max=15.3MiB
[LIMINA-ALLOC-STATS] pool=0xae3179b50 begins=633500 live=60 peak=67 draining=0 borrowed=54 pending=56 released=145 retired=106 mean_uses=167.5 sum=323.2MiB max=15.3MiB
[LIMINA-ALLOC-STATS] pool=0xae3179b50 begins=634000 live=60 peak=67 draining=0 borrowed=55 pending=57 released=145 retired=106 mean_uses=167.5 sum=324.0MiB max=15.3MiB
[LIMINA-ALLOC-STATS] pool=0xae3179b50 begins=634500 live=60 peak=67 draining=0 borrowed=53 pending=55 released=145 retired=106 mean_uses=167.5 sum=324.0MiB max=15.3MiB
[LIMINA-ALLOC-STATS] pool=0xae3179b50 begins=635000 live=60 peak=67 draining=0 borrowed=54 pending=55 released=145 retired=106 mean_uses=167.5 sum=324.0MiB max=15.3MiB
[LIMINA-ALLOC-STATS] pool=0xae7e4db50 begins=7000 live=1 peak=1 draining=0 borrowed=1 pending=0 released=0 retired=0 mean_uses=0.0 sum=9.8MiB max=9.8MiB
[LIMINA-ALLOC-STATS] pool=0xae3179b50 begins=635500 live=60 peak=67 draining=0 borrowed=55 pending=54 released=145 retired=106 mean_uses=167.5 sum=324.0MiB max=15.3MiB
[LIMINA-ALLOC-STATS] pool=0xae3179b50 begins=636000 live=60 peak=67 draining=0 borrowed=57 pending=56 released=145 retired=106 mean_uses=167.5 sum=324.0MiB max=15.3MiB
[LIMINA-ALLOC-STATS] pool=0xae3179b50 begins=636500 live=60 peak=67 draining=0 borrowed=55 pending=55 released=145 retired=106 mean_uses=167.5 sum=324.0MiB max=15.3MiB
[LIMINA-ALLOC-STATS] pool=0xae3179b50 begins=637000 live=60 peak=67 draining=0 borrowed=54 pending=54 released=145 retired=106 mean_uses=167.5 sum=324.0MiB max=15.3MiB
[LIMINA-ALLOC-STATS] pool=0xae7e4db50 begins=7500 live=1 peak=1 draining=0 borrowed=1 pending=0 released=0 retired=0 mean_uses=0.0 sum=9.8MiB max=9.8MiB
[LIMINA-ALLOC-STATS] pool=0xae3179b50 begins=637500 live=61 peak=67 draining=0 borrowed=55 pending=55 released=145 retired=106 mean_uses=167.5 sum=326.7MiB max=15.3MiB
[LIMINA-ALLOC-STATS] pool=0xae3179b50 begins=638000 live=61 peak=67 draining=0 borrowed=56 pending=55 released=145 retired=106 mean_uses=167.5 sum=327.0MiB max=15.3MiB
[LIMINA-ALLOC-STATS] pool=0xae3179b50 begins=638500 live=61 peak=67 draining=0 borrowed=55 pending=54 released=145 retired=106 mean_uses=167.5 sum=329.2MiB max=15.3MiB
[LIMINA-ALLOC-STATS] pool=0xae3179b50 begins=639000 live=61 peak=67 draining=0 borrowed=57 pending=57 released=145 retired=106 mean_uses=167.5 sum=329.2MiB max=15.3MiB
[LIMINA-ALLOC-STATS] pool=0xae3179b50 begins=639500 live=61 peak=67 draining=0 borrowed=56 pending=55 released=145 retired=106 mean_uses=167.5 sum=329.2MiB max=15.3MiB
[LIMINA-ALLOC-STATS] pool=0xae7e4db50 begins=8000 live=1 peak=1 draining=0 borrowed=1 pending=0 released=0 retired=0 mean_uses=0.0 sum=9.8MiB max=9.8MiB
[LIMINA-ALLOC-STATS] pool=0xae3179b50 begins=640000 live=61 peak=67 draining=0 borrowed=54 pending=54 released=145 retired=106 mean_uses=167.5 sum=329.2MiB max=15.3MiB
[LIMINA-ALLOC-STATS] pool=0xae3179b50 begins=640500 live=61 peak=67 draining=0 borrowed=56 pending=55 released=145 retired=106 mean_uses=167.5 sum=330.4MiB max=15.3MiB
[LIMINA-ALLOC-STATS] pool=0xae3179b50 begins=641000 live=61 peak=67 draining=0 borrowed=54 pending=54 released=145 retired=106 mean_uses=167.5 sum=330.4MiB max=15.3MiB
[LIMINA-ALLOC-STATS] pool=0xae3179b50 begins=641500 live=61 peak=67 draining=0 borrowed=53 pending=53 released=145 retired=106 mean_uses=167.5 sum=330.4MiB max=15.3MiB
[LIMINA-ALLOC-STATS] pool=0xae7e4db50 begins=8500 live=1 peak=1 draining=0 borrowed=1 pending=1 released=0 retired=0 mean_uses=0.0 sum=9.8MiB max=9.8MiB
[LIMINA-ALLOC-STATS] pool=0xae3179b50 begins=642000 live=61 peak=67 draining=0 borrowed=56 pending=55 released=145 retired=106 mean_uses=167.5 sum=330.4MiB max=15.3MiB
[LIMINA-ALLOC-STATS] pool=0xae3179b50 begins=642500 live=61 peak=67 draining=0 borrowed=55 pending=56 released=145 retired=106 mean_uses=167.5 sum=330.4MiB max=15.3MiB
[LIMINA-ALLOC-STATS] pool=0xae3179b50 begins=643000 live=61 peak=67 draining=0 borrowed=53 pending=52 released=145 retired=106 mean_uses=167.5 sum=330.4MiB max=15.3MiB
[LIMINA-ALLOC-STATS] pool=0xae3179b50 begins=643500 live=61 peak=67 draining=0 borrowed=55 pending=55 released=145 retired=106 mean_uses=167.5 sum=330.4MiB max=15.3MiB
[LIMINA-ALLOC-STATS] pool=0xae7e4db50 begins=9000 live=1 peak=1 draining=0 borrowed=1 pending=0 released=0 retired=0 mean_uses=0.0 sum=9.8MiB max=9.8MiB
[LIMINA-ALLOC-STATS] pool=0xae3179b50 begins=644000 live=61 peak=67 draining=0 borrowed=55 pending=55 released=145 retired=106 mean_uses=167.5 sum=330.4MiB max=15.3MiB
[LIMINA-ALLOC-STATS] pool=0xae3179b50 begins=644500 live=61 peak=67 draining=0 borrowed=53 pending=53 released=145 retired=106 mean_uses=167.5 sum=330.4MiB max=15.3MiB
[LIMINA-ALLOC-STATS] pool=0xae3179b50 begins=645000 live=61 peak=67 draining=0 borrowed=55 pending=54 released=145 retired=106 mean_uses=167.5 sum=330.4MiB max=15.3MiB
[LIMINA-ALLOC-STATS] pool=0xae3179b50 begins=645500 live=61 peak=67 draining=0 borrowed=56 pending=56 released=145 retired=106 mean_uses=167.5 sum=330.4MiB max=15.3MiB
[LIMINA-ALLOC-STATS] pool=0xae7e4db50 begins=9500 live=1 peak=1 draining=0 borrowed=1 pending=0 released=0 retired=0 mean_uses=0.0 sum=9.8MiB max=9.8MiB
[LIMINA-ALLOC-STATS] pool=0xae3179b50 begins=646000 live=61 peak=67 draining=0 borrowed=54 pending=53 released=145 retired=106 mean_uses=167.5 sum=330.4MiB max=15.3MiB
[LIMINA-ALLOC-STATS] pool=0xae3179b50 begins=646500 live=61 peak=67 draining=0 borrowed=57 pending=56 released=145 retired=106 mean_uses=167.5 sum=330.4MiB max=15.3MiB
[LIMINA-ALLOC-STATS] pool=0xae3179b50 begins=647000 live=61 peak=67 draining=0 borrowed=54 pending=54 released=145 retired=106 mean_uses=167.5 sum=330.4MiB max=15.3MiB
[LIMINA-ALLOC-STATS] pool=0xae3179b50 begins=647500 live=61 peak=67 draining=0 borrowed=54 pending=53 released=145 retired=106 mean_uses=167.5 sum=330.4MiB max=15.3MiB
[LIMINA-ALLOC-STATS] pool=0xae7e4db50 begins=10000 live=1 peak=1 draining=0 borrowed=1 pending=0 released=0 retired=0 mean_uses=0.0 sum=9.8MiB max=9.8MiB
[LIMINA-ALLOC-STATS] pool=0xae3179b50 begins=648000 live=61 peak=67 draining=0 borrowed=58 pending=62 released=145 retired=106 mean_uses=167.5 sum=330.4MiB max=15.3MiB
[LIMINA-ALLOC-STATS] pool=0xae3179b50 begins=648500 live=61 peak=67 draining=0 borrowed=55 pending=55 released=145 retired=106 mean_uses=167.5 sum=330.4MiB max=15.3MiB
[LIMINA-ALLOC-STATS] pool=0xae3179b50 begins=649000 live=61 peak=67 draining=0 borrowed=54 pending=54 released=145 retired=106 mean_uses=167.5 sum=330.4MiB max=15.3MiB
[LIMINA-ALLOC-STATS] pool=0xae3179b50 begins=649500 live=61 peak=67 draining=0 borrowed=56 pending=56 released=145 retired=106 mean_uses=167.5 sum=330.4MiB max=15.3MiB
[LIMINA-ALLOC-STATS] pool=0xae3179b50 begins=650000 live=61 peak=67 draining=0 borrowed=56 pending=56 released=145 retired=106 mean_uses=167.5 sum=330.4MiB max=15.3MiB
[LIMINA-ALLOC-STATS] pool=0xae7e4db50 begins=10500 live=1 peak=1 draining=0 borrowed=1 pending=0 released=0 retired=0 mean_uses=0.0 sum=9.8MiB max=9.8MiB
[LIMINA-ALLOC-STATS] pool=0xae3179b50 begins=650500 live=61 peak=67 draining=0 borrowed=55 pending=54 released=145 retired=106 mean_uses=167.5 sum=330.4MiB max=15.3MiB
[LIMINA-ALLOC-STATS] pool=0xae3179b50 begins=651000 live=61 peak=67 draining=0 borrowed=55 pending=56 released=145 retired=106 mean_uses=167.5 sum=330.4MiB max=15.3MiB
[LIMINA-ALLOC-STATS] pool=0xae3179b50 begins=651500 live=61 peak=67 draining=0 borrowed=56 pending=56 released=145 retired=106 mean_uses=167.5 sum=330.4MiB max=15.3MiB
[LIMINA-ALLOC-STATS] pool=0xae3179b50 begins=652000 live=61 peak=67 draining=0 borrowed=56 pending=56 released=145 retired=106 mean_uses=167.5 sum=330.4MiB max=15.3MiB
[LIMINA-ALLOC-STATS] pool=0xae7e4db50 begins=11000 live=1 peak=1 draining=0 borrowed=1 pending=1 released=0 retired=0 mean_uses=0.0 sum=9.8MiB max=9.8MiB
[LIMINA-ALLOC-STATS] pool=0xae3179b50 begins=652500 live=59 peak=67 draining=0 borrowed=56 pending=56 released=147 retired=106 mean_uses=167.5 sum=305.8MiB max=15.3MiB
[LIMINA-ALLOC-STATS] pool=0xae3179b50 begins=653000 live=59 peak=67 draining=0 borrowed=55 pending=55 released=147 retired=106 mean_uses=167.5 sum=305.8MiB max=15.3MiB
[LIMINA-ALLOC-STATS] pool=0xae3179b50 begins=653500 live=59 peak=67 draining=0 borrowed=53 pending=52 released=147 retired=106 mean_uses=167.5 sum=305.8MiB max=15.3MiB
[LIMINA-ALLOC-STATS] pool=0xae3179b50 begins=654000 live=59 peak=67 draining=0 borrowed=55 pending=55 released=147 retired=106 mean_uses=167.5 sum=305.8MiB max=15.3MiB
[LIMINA-ALLOC-STATS] pool=0xae3179b50 begins=654500 live=59 peak=67 draining=0 borrowed=54 pending=54 released=147 retired=106 mean_uses=167.5 sum=305.8MiB max=15.3MiB
[LIMINA-ALLOC-STATS] pool=0xae7e4db50 begins=11500 live=1 peak=1 draining=0 borrowed=1 pending=1 released=0 retired=0 mean_uses=0.0 sum=9.8MiB max=9.8MiB
[LIMINA-ALLOC-STATS] pool=0xae3179b50 begins=655000 live=59 peak=67 draining=0 borrowed=53 pending=52 released=147 retired=106 mean_uses=167.5 sum=305.8MiB max=15.3MiB
[LIMINA-ALLOC-STATS] pool=0xae3179b50 begins=655500 live=59 peak=67 draining=0 borrowed=56 pending=56 released=147 retired=106 mean_uses=167.5 sum=305.8MiB max=15.3MiB
[LIMINA-ALLOC-STATS] pool=0xae3179b50 begins=656000 live=59 peak=67 draining=0 borrowed=54 pending=53 released=147 retired=106 mean_uses=167.5 sum=305.8MiB max=15.3MiB
[LIMINA-ALLOC-STATS] pool=0xae3179b50 begins=656500 live=59 peak=67 draining=0 borrowed=54 pending=54 released=147 retired=106 mean_uses=167.5 sum=305.8MiB max=15.3MiB
[LIMINA-ALLOC-STATS] pool=0xae7e4db50 begins=12000 live=1 peak=1 draining=0 borrowed=1 pending=0 released=0 retired=0 mean_uses=0.0 sum=9.8MiB max=9.8MiB
[LIMINA-ALLOC-STATS] pool=0xae3179b50 begins=657000 live=59 peak=67 draining=0 borrowed=55 pending=54 released=147 retired=106 mean_uses=167.5 sum=305.8MiB max=15.3MiB
[LIMINA-ALLOC-STATS] pool=0xae3179b50 begins=657500 live=59 peak=67 draining=0 borrowed=53 pending=53 released=147 retired=106 mean_uses=167.5 sum=305.8MiB max=15.3MiB
[LIMINA-ALLOC-STATS] pool=0xae3179b50 begins=658000 live=59 peak=67 draining=0 borrowed=53 pending=53 released=147 retired=106 mean_uses=167.5 sum=305.8MiB max=15.3MiB
[LIMINA-ALLOC-STATS] pool=0xae3179b50 begins=658500 live=59 peak=67 draining=0 borrowed=55 pending=55 released=147 retired=106 mean_uses=167.5 sum=305.8MiB max=15.3MiB
[LIMINA-ALLOC-STATS] pool=0xae7e4db50 begins=12500 live=1 peak=1 draining=0 borrowed=1 pending=1 released=0 retired=0 mean_uses=0.0 sum=9.8MiB max=9.8MiB
[LIMINA-ALLOC-STATS] pool=0xae3179b50 begins=659000 live=59 peak=67 draining=0 borrowed=56 pending=55 released=147 retired=106 mean_uses=167.5 sum=305.8MiB max=15.3MiB
[LIMINA-ALLOC-STATS] pool=0xae3179b50 begins=659500 live=59 peak=67 draining=0 borrowed=54 pending=54 released=147 retired=106 mean_uses=167.5 sum=305.8MiB max=15.3MiB
[LIMINA-ALLOC-STATS] pool=0xae3179b50 begins=660000 live=59 peak=67 draining=0 borrowed=55 pending=55 released=147 retired=106 mean_uses=167.5 sum=305.8MiB max=15.3MiB
[LIMINA-ALLOC-STATS] pool=0xae3179b50 begins=660500 live=59 peak=67 draining=0 borrowed=54 pending=54 released=147 retired=106 mean_uses=167.5 sum=305.8MiB max=15.3MiB
[LIMINA-ALLOC-STATS] pool=0xae7e4db50 begins=13000 live=1 peak=1 draining=0 borrowed=1 pending=0 released=0 retired=0 mean_uses=0.0 sum=9.8MiB max=9.8MiB
[LIMINA-ALLOC-STATS] pool=0xae3179b50 begins=661000 live=59 peak=67 draining=0 borrowed=53 pending=54 released=147 retired=106 mean_uses=167.5 sum=305.8MiB max=15.3MiB
[LIMINA-ALLOC-STATS] pool=0xae3179b50 begins=661500 live=59 peak=67 draining=0 borrowed=55 pending=55 released=147 retired=106 mean_uses=167.5 sum=305.8MiB max=15.3MiB
[LIMINA-ALLOC-STATS] pool=0xae3179b50 begins=662000 live=59 peak=67 draining=0 borrowed=56 pending=55 released=147 retired=106 mean_uses=167.5 sum=305.8MiB max=15.3MiB
[LIMINA-ALLOC-STATS] pool=0xae3179b50 begins=662500 live=59 peak=67 draining=0 borrowed=54 pending=54 released=147 retired=106 mean_uses=167.5 sum=305.8MiB max=15.3MiB
[LIMINA-ALLOC-STATS] pool=0xae7e4db50 begins=13500 live=1 peak=1 draining=0 borrowed=1 pending=0 released=0 retired=0 mean_uses=0.0 sum=9.8MiB max=9.8MiB
[LIMINA-ALLOC-STATS] pool=0xae3179b50 begins=663000 live=59 peak=67 draining=0 borrowed=55 pending=56 released=147 retired=106 mean_uses=167.5 sum=305.8MiB max=15.3MiB
[LIMINA-ALLOC-STATS] pool=0xae3179b50 begins=663500 live=59 peak=67 draining=0 borrowed=55 pending=55 released=147 retired=106 mean_uses=167.5 sum=305.8MiB max=15.3MiB
[LIMINA-ALLOC-STATS] pool=0xae3179b50 begins=664000 live=59 peak=67 draining=0 borrowed=53 pending=52 released=147 retired=106 mean_uses=167.5 sum=305.8MiB max=15.3MiB
[LIMINA-ALLOC-STATS] pool=0xae3179b50 begins=664500 live=59 peak=67 draining=0 borrowed=55 pending=54 released=147 retired=106 mean_uses=167.5 sum=305.8MiB max=15.3MiB
[LIMINA-ALLOC-STATS] pool=0xae7e4db50 begins=14000 live=1 peak=1 draining=0 borrowed=1 pending=0 released=0 retired=0 mean_uses=0.0 sum=9.8MiB max=9.8MiB
[LIMINA-ALLOC-STATS] pool=0xae3179b50 begins=665000 live=59 peak=67 draining=0 borrowed=55 pending=55 released=147 retired=106 mean_uses=167.5 sum=305.8MiB max=15.3MiB
[LIMINA-ALLOC-STATS] pool=0xae3179b50 begins=665500 live=59 peak=67 draining=0 borrowed=55 pending=54 released=147 retired=106 mean_uses=167.5 sum=305.8MiB max=15.3MiB
[LIMINA-ALLOC-STATS] pool=0xae3179b50 begins=666000 live=59 peak=67 draining=0 borrowed=57 pending=57 released=147 retired=106 mean_uses=167.5 sum=305.8MiB max=15.3MiB
[LIMINA-ALLOC-STATS] pool=0xae3179b50 begins=666500 live=59 peak=67 draining=0 borrowed=55 pending=55 released=147 retired=106 mean_uses=167.5 sum=305.8MiB max=15.3MiB
[LIMINA-ALLOC-STATS] pool=0xae3179b50 begins=667000 live=59 peak=67 draining=0 borrowed=54 pending=54 released=147 retired=106 mean_uses=167.5 sum=305.8MiB max=15.3MiB
[LIMINA-ALLOC-STATS] pool=0xae7e4db50 begins=14500 live=1 peak=1 draining=0 borrowed=1 pending=0 released=0 retired=0 mean_uses=0.0 sum=9.8MiB max=9.8MiB
[LIMINA-ALLOC-STATS] pool=0xae3179b50 begins=667500 live=59 peak=67 draining=0 borrowed=57 pending=57 released=147 retired=106 mean_uses=167.5 sum=305.8MiB max=15.3MiB
[LIMINA-ALLOC-STATS] pool=0xae3179b50 begins=668000 live=59 peak=67 draining=0 borrowed=55 pending=55 released=147 retired=106 mean_uses=167.5 sum=305.8MiB max=15.3MiB
[LIMINA-ALLOC-STATS] pool=0xae3179b50 begins=668500 live=59 peak=67 draining=0 borrowed=55 pending=55 released=147 retired=106 mean_uses=167.5 sum=305.8MiB max=15.3MiB
[LIMINA-ALLOC-STATS] pool=0xae3179b50 begins=669000 live=59 peak=67 draining=0 borrowed=55 pending=55 released=147 retired=106 mean_uses=167.5 sum=305.8MiB max=15.3MiB
[LIMINA-ALLOC-STATS] pool=0xae7e4db50 begins=15000 live=1 peak=1 draining=0 borrowed=1 pending=0 released=0 retired=0 mean_uses=0.0 sum=9.8MiB max=9.8MiB
[LIMINA-ALLOC-STATS] pool=0xae3179b50 begins=669500 live=59 peak=67 draining=0 borrowed=55 pending=55 released=147 retired=106 mean_uses=167.5 sum=305.8MiB max=15.3MiB
[LIMINA-ALLOC-STATS] pool=0xae3179b50 begins=670000 live=59 peak=67 draining=0 borrowed=55 pending=55 released=147 retired=106 mean_uses=167.5 sum=305.8MiB max=15.3MiB
[LIMINA-ALLOC-STATS] pool=0xae3179b50 begins=670500 live=59 peak=67 draining=0 borrowed=56 pending=56 released=147 retired=106 mean_uses=167.5 sum=305.8MiB max=15.3MiB
[LIMINA-ALLOC-STATS] pool=0xae3179b50 begins=671000 live=59 peak=67 draining=0 borrowed=53 pending=53 released=147 retired=106 mean_uses=167.5 sum=305.8MiB max=15.3MiB
[LIMINA-ALLOC-STATS] pool=0xae3179b50 begins=671500 live=60 peak=67 draining=0 borrowed=54 pending=54 released=147 retired=106 mean_uses=167.5 sum=308.7MiB max=15.3MiB
[LIMINA-ALLOC-STATS] pool=0xae7e4db50 begins=15500 live=1 peak=1 draining=0 borrowed=1 pending=0 released=0 retired=0 mean_uses=0.0 sum=9.8MiB max=9.8MiB
[LIMINA-ALLOC-STATS] pool=0xae3179b50 begins=672000 live=60 peak=67 draining=0 borrowed=56 pending=56 released=147 retired=106 mean_uses=167.5 sum=311.0MiB max=15.3MiB
[LIMINA-ALLOC-STATS] pool=0xae3179b50 begins=672500 live=60 peak=67 draining=0 borrowed=54 pending=54 released=147 retired=106 mean_uses=167.5 sum=311.0MiB max=15.3MiB
[LIMINA-ALLOC-STATS] pool=0xae3179b50 begins=673000 live=60 peak=67 draining=0 borrowed=52 pending=52 released=147 retired=106 mean_uses=167.5 sum=311.0MiB max=15.3MiB
[LIMINA-ALLOC-STATS] pool=0xae3179b50 begins=673500 live=60 peak=67 draining=0 borrowed=54 pending=54 released=147 retired=106 mean_uses=167.5 sum=311.1MiB max=15.3MiB
[LIMINA-ALLOC-STATS] pool=0xae3181b50 begins=5500 live=1 peak=1 draining=0 borrowed=1 pending=0 released=0 retired=0 mean_uses=0.0 sum=4.9MiB max=4.9MiB
[LIMINA-ALLOC-STATS] pool=0xae317db50 begins=5500 live=1 peak=1 draining=0 borrowed=1 pending=0 released=0 retired=0 mean_uses=0.0 sum=4.9MiB max=4.9MiB
[LIMINA-ALLOC-STATS] pool=0xae3179b50 begins=674000 live=60 peak=67 draining=0 borrowed=54 pending=54 released=147 retired=106 mean_uses=167.5 sum=313.2MiB max=15.3MiB
[LIMINA-ALLOC-STATS] pool=0xae7e4db50 begins=16000 live=1 peak=1 draining=0 borrowed=1 pending=0 released=0 retired=0 mean_uses=0.0 sum=9.8MiB max=9.8MiB
[LIMINA-ALLOC-STATS] pool=0xae3179b50 begins=674500 live=60 peak=67 draining=0 borrowed=53 pending=53 released=147 retired=106 mean_uses=167.5 sum=313.3MiB max=15.3MiB
[LIMINA-ALLOC-STATS] pool=0xae3179b50 begins=675000 live=60 peak=67 draining=0 borrowed=55 pending=55 released=147 retired=106 mean_uses=167.5 sum=313.3MiB max=15.3MiB
[LIMINA-ALLOC-STATS] pool=0xae3179b50 begins=675500 live=60 peak=67 draining=0 borrowed=56 pending=58 released=147 retired=106 mean_uses=167.5 sum=313.3MiB max=15.3MiB
[LIMINA-ALLOC-STATS] pool=0xae3179b50 begins=676000 live=60 peak=67 draining=0 borrowed=54 pending=53 released=147 retired=106 mean_uses=167.5 sum=313.3MiB max=15.3MiB
[LIMINA-ALLOC-STATS] pool=0xae3179b50 begins=676500 live=60 peak=67 draining=0 borrowed=56 pending=55 released=147 retired=106 mean_uses=167.5 sum=313.3MiB max=15.3MiB
[LIMINA-ALLOC-STATS] pool=0xae7e4db50 begins=16500 live=1 peak=1 draining=0 borrowed=1 pending=0 released=0 retired=0 mean_uses=0.0 sum=9.8MiB max=9.8MiB
[LIMINA-ALLOC-STATS] pool=0xae3179b50 begins=677000 live=60 peak=67 draining=0 borrowed=54 pending=53 released=147 retired=106 mean_uses=167.5 sum=313.3MiB max=15.3MiB
[LIMINA-ALLOC-STATS] pool=0xae3179b50 begins=677500 live=60 peak=67 draining=0 borrowed=54 pending=53 released=147 retired=106 mean_uses=167.5 sum=313.3MiB max=15.3MiB
[LIMINA-ALLOC-STATS] pool=0xae3179b50 begins=678000 live=60 peak=67 draining=0 borrowed=53 pending=54 released=147 retired=106 mean_uses=167.5 sum=313.3MiB max=15.3MiB
[LIMINA-ALLOC-STATS] pool=0xae3179b50 begins=678500 live=60 peak=67 draining=0 borrowed=55 pending=56 released=147 retired=106 mean_uses=167.5 sum=313.3MiB max=15.3MiB
[LIMINA-ALLOC-STATS] pool=0xae3179b50 begins=679000 live=60 peak=67 draining=0 borrowed=55 pending=54 released=147 retired=106 mean_uses=167.5 sum=313.3MiB max=15.3MiB
[LIMINA-ALLOC-STATS] pool=0xae7e4db50 begins=17000 live=1 peak=1 draining=0 borrowed=1 pending=1 released=0 retired=0 mean_uses=0.0 sum=9.8MiB max=9.8MiB
[LIMINA-ALLOC-STATS] pool=0xae3179b50 begins=679500 live=60 peak=67 draining=0 borrowed=55 pending=55 released=147 retired=106 mean_uses=167.5 sum=313.3MiB max=15.3MiB
[LIMINA-ALLOC-STATS] pool=0xae3179b50 begins=680000 live=60 peak=67 draining=0 borrowed=56 pending=55 released=147 retired=106 mean_uses=167.5 sum=313.3MiB max=15.3MiB
[LIMINA-ALLOC-STATS] pool=0xae3179b50 begins=680500 live=60 peak=67 draining=0 borrowed=55 pending=57 released=147 retired=106 mean_uses=167.5 sum=313.3MiB max=15.3MiB
[LIMINA-ALLOC-STATS] pool=0xae3179b50 begins=681000 live=60 peak=67 draining=0 borrowed=55 pending=55 released=147 retired=106 mean_uses=167.5 sum=313.3MiB max=15.3MiB
[LIMINA-ALLOC-STATS] pool=0xae3179b50 begins=681500 live=60 peak=67 draining=0 borrowed=55 pending=58 released=147 retired=106 mean_uses=167.5 sum=313.3MiB max=15.3MiB
[LIMINA-ALLOC-STATS] pool=0xae7e4db50 begins=17500 live=1 peak=1 draining=0 borrowed=1 pending=0 released=0 retired=0 mean_uses=0.0 sum=9.8MiB max=9.8MiB
[LIMINA-ALLOC-STATS] pool=0xae3179b50 begins=682000 live=60 peak=67 draining=0 borrowed=53 pending=52 released=147 retired=106 mean_uses=167.5 sum=313.3MiB max=15.3MiB
[LIMINA-ALLOC-STATS] pool=0xae3179b50 begins=682500 live=60 peak=67 draining=0 borrowed=54 pending=53 released=147 retired=106 mean_uses=167.5 sum=313.3MiB max=15.3MiB
[LIMINA-ALLOC-STATS] pool=0xae3179b50 begins=683000 live=60 peak=67 draining=0 borrowed=56 pending=57 released=147 retired=106 mean_uses=167.5 sum=313.3MiB max=15.3MiB
[LIMINA-ALLOC-STATS] pool=0xae3179b50 begins=683500 live=60 peak=67 draining=0 borrowed=53 pending=53 released=147 retired=106 mean_uses=167.5 sum=313.3MiB max=15.3MiB
[LIMINA-ALLOC-STATS] pool=0xae7e4db50 begins=18000 live=1 peak=1 draining=0 borrowed=1 pending=0 released=0 retired=0 mean_uses=0.0 sum=9.8MiB max=9.8MiB
[LIMINA-ALLOC-STATS] pool=0xae3179b50 begins=684000 live=60 peak=67 draining=0 borrowed=56 pending=56 released=147 retired=106 mean_uses=167.5 sum=313.3MiB max=15.3MiB
[LIMINA-ALLOC-STATS] pool=0xae3179b50 begins=684500 live=60 peak=67 draining=0 borrowed=55 pending=54 released=147 retired=106 mean_uses=167.5 sum=313.3MiB max=15.3MiB
[LIMINA-ALLOC-STATS] pool=0xae3179b50 begins=685000 live=60 peak=67 draining=0 borrowed=54 pending=54 released=147 retired=106 mean_uses=167.5 sum=313.3MiB max=15.3MiB
[LIMINA-ALLOC-STATS] pool=0xae3179b50 begins=685500 live=60 peak=67 draining=0 borrowed=57 pending=57 released=147 retired=106 mean_uses=167.5 sum=313.3MiB max=15.3MiB
[LIMINA-ALLOC-STATS] pool=0xae3179b50 begins=686000 live=59 peak=67 draining=0 borrowed=55 pending=55 released=148 retired=106 mean_uses=167.5 sum=304.7MiB max=15.3MiB
[LIMINA-ALLOC-STATS] pool=0xae3179b50 begins=686500 live=59 peak=67 draining=0 borrowed=53 pending=52 released=148 retired=106 mean_uses=167.5 sum=306.8MiB max=15.3MiB
[LIMINA-ALLOC-STATS] pool=0xae7e4db50 begins=18500 live=1 peak=1 draining=0 borrowed=1 pending=1 released=0 retired=0 mean_uses=0.0 sum=9.8MiB max=9.8MiB
[LIMINA-ALLOC-STATS] pool=0xae3179b50 begins=687000 live=59 peak=67 draining=0 borrowed=56 pending=55 released=148 retired=106 mean_uses=167.5 sum=306.8MiB max=15.3MiB
[LIMINA-ALLOC-STATS] pool=0xae3179b50 begins=687500 live=59 peak=67 draining=0 borrowed=56 pending=55 released=148 retired=106 mean_uses=167.5 sum=306.8MiB max=15.3MiB
[LIMINA-ALLOC-STATS] pool=0xae3179b50 begins=688000 live=59 peak=67 draining=0 borrowed=53 pending=52 released=148 retired=106 mean_uses=167.5 sum=306.8MiB max=15.3MiB
[LIMINA-ALLOC-STATS] pool=0xae3179b50 begins=688500 live=59 peak=67 draining=0 borrowed=56 pending=56 released=148 retired=106 mean_uses=167.5 sum=306.9MiB max=15.3MiB
[LIMINA-ALLOC-STATS] pool=0xae3179b50 begins=689000 live=59 peak=67 draining=0 borrowed=55 pending=57 released=148 retired=106 mean_uses=167.5 sum=307.8MiB max=15.3MiB
[LIMINA-ALLOC-STATS] pool=0xae7e4db50 begins=19000 live=1 peak=1 draining=0 borrowed=1 pending=1 released=0 retired=0 mean_uses=0.0 sum=9.8MiB max=9.8MiB
[LIMINA-ALLOC-STATS] pool=0xae3179b50 begins=689500 live=59 peak=67 draining=0 borrowed=53 pending=53 released=148 retired=106 mean_uses=167.5 sum=307.8MiB max=15.3MiB
[LIMINA-ALLOC-STATS] pool=0xae3179b50 begins=690000 live=59 peak=67 draining=0 borrowed=56 pending=56 released=148 retired=106 mean_uses=167.5 sum=307.8MiB max=15.3MiB
[LIMINA-ALLOC-STATS] pool=0xae3179b50 begins=690500 live=59 peak=67 draining=0 borrowed=55 pending=54 released=148 retired=106 mean_uses=167.5 sum=307.8MiB max=15.3MiB
[LIMINA-ALLOC-STATS] pool=0xae3179b50 begins=691000 live=59 peak=67 draining=0 borrowed=53 pending=52 released=148 retired=106 mean_uses=167.5 sum=307.8MiB max=15.3MiB
[LIMINA-ALLOC-STATS] pool=0xae3179b50 begins=691500 live=59 peak=67 draining=0 borrowed=57 pending=56 released=148 retired=106 mean_uses=167.5 sum=307.8MiB max=15.3MiB
[LIMINA-ALLOC-STATS] pool=0xae7e4db50 begins=19500 live=1 peak=1 draining=0 borrowed=1 pending=0 released=0 retired=0 mean_uses=0.0 sum=9.8MiB max=9.8MiB
[LIMINA-ALLOC-STATS] pool=0xae3179b50 begins=692000 live=59 peak=67 draining=0 borrowed=55 pending=54 released=148 retired=106 mean_uses=167.5 sum=307.8MiB max=15.3MiB
[LIMINA-ALLOC-STATS] pool=0xae3179b50 begins=692500 live=59 peak=67 draining=0 borrowed=54 pending=54 released=148 retired=106 mean_uses=167.5 sum=307.8MiB max=15.3MiB
[LIMINA-ALLOC-STATS] pool=0xae3179b50 begins=693000 live=59 peak=67 draining=0 borrowed=56 pending=60 released=148 retired=106 mean_uses=167.5 sum=307.8MiB max=15.3MiB
[LIMINA-ALLOC-STATS] pool=0xae3179b50 begins=693500 live=59 peak=67 draining=0 borrowed=54 pending=54 released=148 retired=106 mean_uses=167.5 sum=307.8MiB max=15.3MiB
[LIMINA-ALLOC-STATS] pool=0xae3179b50 begins=694000 live=59 peak=67 draining=0 borrowed=54 pending=53 released=148 retired=106 mean_uses=167.5 sum=307.8MiB max=15.3MiB
[LIMINA-ALLOC-STATS] pool=0xae3179b50 begins=694500 live=59 peak=67 draining=0 borrowed=56 pending=56 released=148 retired=106 mean_uses=167.5 sum=307.8MiB max=15.3MiB
[LIMINA-ALLOC-STATS] pool=0xae7e4db50 begins=20000 live=1 peak=1 draining=0 borrowed=1 pending=0 released=0 retired=0 mean_uses=0.0 sum=9.8MiB max=9.8MiB
[LIMINA-ALLOC-STATS] pool=0xae3179b50 begins=695000 live=59 peak=67 draining=0 borrowed=54 pending=54 released=148 retired=106 mean_uses=167.5 sum=307.8MiB max=15.3MiB
[LIMINA-ALLOC-STATS] pool=0xae3179b50 begins=695500 live=59 peak=67 draining=0 borrowed=53 pending=53 released=148 retired=106 mean_uses=167.5 sum=307.8MiB max=15.3MiB
[LIMINA-ALLOC-STATS] pool=0xae3179b50 begins=696000 live=59 peak=67 draining=0 borrowed=55 pending=56 released=148 retired=106 mean_uses=167.5 sum=307.8MiB max=15.3MiB
[LIMINA-ALLOC-STATS] pool=0xae3179b50 begins=696500 live=59 peak=67 draining=0 borrowed=55 pending=54 released=148 retired=106 mean_uses=167.5 sum=307.8MiB max=15.3MiB
[LIMINA-ALLOC-STATS] pool=0xae3179b50 begins=697000 live=59 peak=67 draining=0 borrowed=54 pending=57 released=148 retired=106 mean_uses=167.5 sum=307.8MiB max=15.3MiB
[LIMINA-ALLOC-STATS] pool=0xae7e4db50 begins=20500 live=1 peak=1 draining=0 borrowed=1 pending=0 released=0 retired=0 mean_uses=0.0 sum=9.8MiB max=9.8MiB
[LIMINA-ALLOC-STATS] pool=0xae3179b50 begins=697500 live=59 peak=67 draining=0 borrowed=56 pending=55 released=148 retired=106 mean_uses=167.5 sum=307.8MiB max=15.3MiB
[LIMINA-ALLOC-STATS] pool=0xae3179b50 begins=698000 live=59 peak=67 draining=0 borrowed=55 pending=54 released=148 retired=106 mean_uses=167.5 sum=307.8MiB max=15.3MiB
[LIMINA-ALLOC-STATS] pool=0xae3179b50 begins=698500 live=59 peak=67 draining=0 borrowed=53 pending=52 released=148 retired=106 mean_uses=167.5 sum=307.8MiB max=15.3MiB
[LIMINA-ALLOC-STATS] pool=0xae3179b50 begins=699000 live=59 peak=67 draining=0 borrowed=56 pending=56 released=148 retired=106 mean_uses=167.5 sum=307.8MiB max=15.3MiB
[LIMINA-ALLOC-STATS] pool=0xae3179b50 begins=699500 live=59 peak=67 draining=0 borrowed=55 pending=56 released=148 retired=106 mean_uses=167.5 sum=307.8MiB max=15.3MiB
[LIMINA-ALLOC-STATS] pool=0xae7e4db50 begins=21000 live=1 peak=1 draining=0 borrowed=1 pending=1 released=0 retired=0 mean_uses=0.0 sum=9.8MiB max=9.8MiB
[LIMINA-ALLOC-STATS] pool=0xae3179b50 begins=700000 live=59 peak=67 draining=0 borrowed=54 pending=53 released=148 retired=106 mean_uses=167.5 sum=307.8MiB max=15.3MiB
[LIMINA-ALLOC-STATS] pool=0xae3179b50 begins=700500 live=59 peak=67 draining=0 borrowed=55 pending=55 released=148 retired=106 mean_uses=167.5 sum=307.8MiB max=15.3MiB
[LIMINA-ALLOC-STATS] pool=0xae3179b50 begins=701000 live=59 peak=67 draining=0 borrowed=53 pending=52 released=148 retired=106 mean_uses=167.5 sum=307.8MiB max=15.3MiB
[LIMINA-ALLOC-STATS] pool=0xae3179b50 begins=701500 live=59 peak=67 draining=0 borrowed=54 pending=54 released=148 retired=106 mean_uses=167.5 sum=307.8MiB max=15.3MiB
[LIMINA-ALLOC-STATS] pool=0xae3179b50 begins=702000 live=59 peak=67 draining=0 borrowed=56 pending=55 released=148 retired=106 mean_uses=167.5 sum=307.8MiB max=15.3MiB
[LIMINA-ALLOC-STATS] pool=0xae7e4db50 begins=21500 live=1 peak=1 draining=0 borrowed=1 pending=1 released=0 retired=0 mean_uses=0.0 sum=9.8MiB max=9.8MiB
[LIMINA-ALLOC-STATS] pool=0xae3179b50 begins=702500 live=60 peak=67 draining=0 borrowed=55 pending=55 released=148 retired=106 mean_uses=167.5 sum=312.6MiB max=15.3MiB
[LIMINA-ALLOC-STATS] pool=0xae3179b50 begins=703000 live=60 peak=67 draining=0 borrowed=54 pending=53 released=148 retired=106 mean_uses=167.5 sum=312.7MiB max=15.3MiB
[LIMINA-ALLOC-STATS] pool=0xae3179b50 begins=703500 live=60 peak=67 draining=0 borrowed=56 pending=60 released=148 retired=106 mean_uses=167.5 sum=312.7MiB max=15.3MiB
[LIMINA-ALLOC-STATS] pool=0xae3179b50 begins=704000 live=60 peak=67 draining=0 borrowed=54 pending=54 released=148 retired=106 mean_uses=167.5 sum=312.7MiB max=15.3MiB
[LIMINA-ALLOC-STATS] pool=0xae3179b50 begins=704500 live=60 peak=67 draining=0 borrowed=53 pending=53 released=148 retired=106 mean_uses=167.5 sum=312.8MiB max=15.3MiB
[LIMINA-ALLOC-STATS] pool=0xae7e4db50 begins=22000 live=1 peak=1 draining=0 borrowed=1 pending=0 released=0 retired=0 mean_uses=0.0 sum=9.8MiB max=9.8MiB
[LIMINA-ALLOC-STATS] pool=0xae3179b50 begins=705000 live=60 peak=67 draining=0 borrowed=56 pending=56 released=148 retired=106 mean_uses=167.5 sum=313.3MiB max=15.3MiB
[LIMINA-ALLOC-STATS] pool=0xae3179b50 begins=705500 live=60 peak=67 draining=0 borrowed=55 pending=55 released=148 retired=106 mean_uses=167.5 sum=316.4MiB max=15.3MiB
[LIMINA-ALLOC-STATS] pool=0xae3179b50 begins=706000 live=60 peak=67 draining=0 borrowed=54 pending=55 released=148 retired=106 mean_uses=167.5 sum=316.5MiB max=15.3MiB
[LIMINA-ALLOC-STATS] pool=0xae3179b50 begins=706500 live=60 peak=67 draining=0 borrowed=56 pending=55 released=148 retired=106 mean_uses=167.5 sum=316.5MiB max=15.3MiB
[LIMINA-ALLOC-POOL] teardown: pool=0xae7e4db50 live=1 peak=1 released=0 ceiling-waits=0 ceiling-fails=0
[2026-10-07T14:25:49.201107Z INFO  krun_devices::virtio::gpu::virtio_gpu] CTX_CREATE ctx=10 init=0x4 name=Some("vkmark\0\0\0\0\0\0\0\0\0\0\0\0\0\0\0\0\0\0\0\0\0\0\0\0\0\0\0\0\0\0\0\0\0\0\0\0\0\0\0\0\0\0\0\0\0\0\0\0\0\0\0\0\0\0\0\0\0\0")
[LIMINA-ALLOC-STATS] pool=0xae3179b50 begins=707000 live=60 peak=67 draining=0 borrowed=54 pending=55 released=148 retired=106 mean_uses=167.5 sum=317.8MiB max=15.3MiB
[LIMINA-ALLOC-STATS] pool=0xae3179b50 begins=707500 live=60 peak=67 draining=0 borrowed=54 pending=53 released=148 retired=106 mean_uses=167.5 sum=329.8MiB max=15.3MiB
[LIMINA-ALLOC-STATS] pool=0xae3179b50 begins=708000 live=60 peak=67 draining=0 borrowed=55 pending=55 released=148 retired=106 mean_uses=167.5 sum=334.5MiB max=15.3MiB
[LIMINA-ALLOC-STATS] pool=0xae3179b50 begins=708500 live=60 peak=67 draining=0 borrowed=54 pending=55 released=148 retired=106 mean_uses=167.5 sum=334.5MiB max=15.3MiB
[LIMINA-ALLOC-STATS] pool=0xae3179b50 begins=709000 live=60 peak=67 draining=0 borrowed=55 pending=55 released=148 retired=106 mean_uses=167.5 sum=334.6MiB max=15.3MiB
[LIMINA-ALLOC-STATS] pool=0xae7e4db50 begins=500 live=1 peak=1 draining=0 borrowed=1 pending=0 released=0 retired=0 mean_uses=0.0 sum=9.8MiB max=9.8MiB
[LIMINA-ALLOC-STATS] pool=0xae3179b50 begins=709500 live=60 peak=67 draining=0 borrowed=56 pending=55 released=148 retired=106 mean_uses=167.5 sum=334.6MiB max=15.3MiB
[LIMINA-ALLOC-STATS] pool=0xae3179b50 begins=710000 live=60 peak=67 draining=0 borrowed=55 pending=55 released=148 retired=106 mean_uses=167.5 sum=334.6MiB max=15.3MiB
[LIMINA-ALLOC-STATS] pool=0xae3179b50 begins=710500 live=60 peak=67 draining=0 borrowed=54 pending=53 released=148 retired=106 mean_uses=167.5 sum=334.6MiB max=15.3MiB
[LIMINA-ALLOC-STATS] pool=0xae3179b50 begins=711000 live=60 peak=67 draining=0 borrowed=58 pending=57 released=148 retired=106 mean_uses=167.5 sum=334.6MiB max=15.3MiB
[LIMINA-ALLOC-STATS] pool=0xae3179b50 begins=711500 live=60 peak=67 draining=0 borrowed=55 pending=54 released=148 retired=106 mean_uses=167.5 sum=334.6MiB max=15.3MiB
[LIMINA-ALLOC-STATS] pool=0xae7e4db50 begins=1000 live=1 peak=1 draining=0 borrowed=1 pending=1 released=0 retired=0 mean_uses=0.0 sum=9.8MiB max=9.8MiB
[LIMINA-ALLOC-STATS] pool=0xae3179b50 begins=712000 live=60 peak=67 draining=0 borrowed=54 pending=54 released=148 retired=106 mean_uses=167.5 sum=334.6MiB max=15.3MiB
[LIMINA-ALLOC-STATS] pool=0xae3179b50 begins=712500 live=60 peak=67 draining=0 borrowed=56 pending=55 released=148 retired=106 mean_uses=167.5 sum=334.6MiB max=15.3MiB
[LIMINA-ALLOC-STATS] pool=0xae3179b50 begins=713000 live=60 peak=67 draining=0 borrowed=56 pending=55 released=148 retired=106 mean_uses=167.5 sum=334.7MiB max=15.3MiB
[LIMINA-ALLOC-STATS] pool=0xae3179b50 begins=713500 live=60 peak=67 draining=0 borrowed=54 pending=53 released=148 retired=106 mean_uses=167.5 sum=334.7MiB max=15.3MiB
[LIMINA-ALLOC-STATS] pool=0xae3179b50 begins=714000 live=60 peak=67 draining=0 borrowed=55 pending=55 released=148 retired=106 mean_uses=167.5 sum=334.7MiB max=15.3MiB
[LIMINA-ALLOC-STATS] pool=0xae7e4db50 begins=1500 live=1 peak=1 draining=0 borrowed=1 pending=0 released=0 retired=0 mean_uses=0.0 sum=9.8MiB max=9.8MiB
[LIMINA-ALLOC-STATS] pool=0xae3179b50 begins=714500 live=60 peak=67 draining=0 borrowed=54 pending=54 released=148 retired=106 mean_uses=167.5 sum=334.7MiB max=15.3MiB
[LIMINA-ALLOC-STATS] pool=0xae3179b50 begins=715000 live=60 peak=67 draining=0 borrowed=54 pending=53 released=148 retired=106 mean_uses=167.5 sum=334.7MiB max=15.3MiB
[LIMINA-ALLOC-STATS] pool=0xae3179b50 begins=715500 live=60 peak=67 draining=0 borrowed=56 pending=55 released=148 retired=106 mean_uses=167.5 sum=334.7MiB max=15.3MiB
[LIMINA-ALLOC-STATS] pool=0xae3179b50 begins=716000 live=60 peak=67 draining=0 borrowed=55 pending=55 released=148 retired=106 mean_uses=167.5 sum=334.7MiB max=15.3MiB
[LIMINA-ALLOC-STATS] pool=0xae7e4db50 begins=2000 live=1 peak=1 draining=0 borrowed=1 pending=0 released=0 retired=0 mean_uses=0.0 sum=9.8MiB max=9.8MiB
[LIMINA-ALLOC-STATS] pool=0xae3179b50 begins=716500 live=60 peak=67 draining=0 borrowed=55 pending=55 released=148 retired=106 mean_uses=167.5 sum=334.7MiB max=15.3MiB
[LIMINA-ALLOC-STATS] pool=0xae3179b50 begins=717000 live=60 peak=67 draining=0 borrowed=56 pending=55 released=148 retired=106 mean_uses=167.5 sum=334.7MiB max=15.3MiB
[LIMINA-ALLOC-STATS] pool=0xae3179b50 begins=717500 live=60 peak=67 draining=0 borrowed=56 pending=59 released=148 retired=106 mean_uses=167.5 sum=334.7MiB max=15.3MiB
[LIMINA-ALLOC-STATS] pool=0xae3179b50 begins=718000 live=60 peak=67 draining=0 borrowed=53 pending=53 released=148 retired=106 mean_uses=167.5 sum=334.7MiB max=15.3MiB
[LIMINA-ALLOC-STATS] pool=0xae3179b50 begins=718500 live=60 peak=67 draining=0 borrowed=56 pending=56 released=148 retired=106 mean_uses=167.5 sum=336.1MiB max=15.3MiB
[LIMINA-ALLOC-STATS] pool=0xae7e4db50 begins=2500 live=1 peak=1 draining=0 borrowed=1 pending=0 released=0 retired=0 mean_uses=0.0 sum=9.8MiB max=9.8MiB
[LIMINA-ALLOC-STATS] pool=0xae3179b50 begins=719000 live=60 peak=67 draining=0 borrowed=55 pending=55 released=148 retired=106 mean_uses=167.5 sum=336.3MiB max=15.3MiB
[LIMINA-ALLOC-STATS] pool=0xae3179b50 begins=719500 live=60 peak=67 draining=0 borrowed=57 pending=56 released=148 retired=106 mean_uses=167.5 sum=336.3MiB max=15.3MiB
[LIMINA-ALLOC-STATS] pool=0xae3179b50 begins=720000 live=60 peak=67 draining=0 borrowed=56 pending=56 released=148 retired=106 mean_uses=167.5 sum=336.3MiB max=15.3MiB
[LIMINA-ALLOC-STATS] pool=0xae3179b50 begins=720500 live=60 peak=67 draining=0 borrowed=55 pending=54 released=148 retired=106 mean_uses=167.5 sum=336.3MiB max=15.3MiB
[LIMINA-ALLOC-STATS] pool=0xae3179b50 begins=721000 live=60 peak=67 draining=0 borrowed=54 pending=54 released=148 retired=106 mean_uses=167.5 sum=336.8MiB max=15.3MiB
[LIMINA-ALLOC-STATS] pool=0xae7e4db50 begins=3000 live=1 peak=1 draining=0 borrowed=1 pending=0 released=0 retired=0 mean_uses=0.0 sum=9.8MiB max=9.8MiB
[LIMINA-ALLOC-STATS] pool=0xae3179b50 begins=721500 live=60 peak=67 draining=0 borrowed=57 pending=56 released=148 retired=106 mean_uses=167.5 sum=336.8MiB max=15.3MiB
[LIMINA-ALLOC-STATS] pool=0xae3179b50 begins=722000 live=60 peak=67 draining=0 borrowed=55 pending=55 released=148 retired=106 mean_uses=167.5 sum=336.8MiB max=15.3MiB
[LIMINA-ALLOC-STATS] pool=0xae3179b50 begins=722500 live=60 peak=67 draining=0 borrowed=53 pending=52 released=148 retired=106 mean_uses=167.5 sum=336.9MiB max=15.3MiB
[LIMINA-ALLOC-STATS] pool=0xae3179b50 begins=723000 live=60 peak=67 draining=0 borrowed=56 pending=58 released=148 retired=106 mean_uses=167.5 sum=336.9MiB max=15.3MiB
[LIMINA-ALLOC-STATS] pool=0xae7e4db50 begins=3500 live=1 peak=1 draining=0 borrowed=1 pending=0 released=0 retired=0 mean_uses=0.0 sum=9.8MiB max=9.8MiB
[LIMINA-ALLOC-STATS] pool=0xae3179b50 begins=723500 live=60 peak=67 draining=0 borrowed=56 pending=55 released=148 retired=106 mean_uses=167.5 sum=336.9MiB max=15.3MiB
[LIMINA-ALLOC-STATS] pool=0xae3179b50 begins=724000 live=60 peak=67 draining=0 borrowed=55 pending=54 released=148 retired=106 mean_uses=167.5 sum=336.9MiB max=15.3MiB
[LIMINA-ALLOC-STATS] pool=0xae3179b50 begins=724500 live=60 peak=67 draining=0 borrowed=57 pending=56 released=148 retired=106 mean_uses=167.5 sum=336.9MiB max=15.3MiB
[LIMINA-ALLOC-STATS] pool=0xae3179b50 begins=725000 live=60 peak=67 draining=0 borrowed=54 pending=55 released=148 retired=106 mean_uses=167.5 sum=336.9MiB max=15.3MiB
[LIMINA-ALLOC-STATS] pool=0xae3179b50 begins=725500 live=60 peak=67 draining=0 borrowed=53 pending=53 released=148 retired=106 mean_uses=167.5 sum=337.0MiB max=15.3MiB
[LIMINA-ALLOC-STATS] pool=0xae7e4db50 begins=4000 live=1 peak=1 draining=0 borrowed=1 pending=0 released=0 retired=0 mean_uses=0.0 sum=9.8MiB max=9.8MiB
[LIMINA-ALLOC-STATS] pool=0xae3179b50 begins=726000 live=60 peak=67 draining=0 borrowed=55 pending=55 released=148 retired=106 mean_uses=167.5 sum=337.0MiB max=15.3MiB
[LIMINA-ALLOC-STATS] pool=0xae3179b50 begins=726500 live=60 peak=67 draining=0 borrowed=55 pending=56 released=148 retired=106 mean_uses=167.5 sum=337.0MiB max=15.3MiB
[LIMINA-ALLOC-STATS] pool=0xae3179b50 begins=727000 live=60 peak=67 draining=0 borrowed=57 pending=56 released=148 retired=106 mean_uses=167.5 sum=337.0MiB max=15.3MiB
[LIMINA-ALLOC-STATS] pool=0xae3179b50 begins=727500 live=60 peak=67 draining=0 borrowed=56 pending=55 released=148 retired=106 mean_uses=167.5 sum=337.0MiB max=15.3MiB
[LIMINA-ALLOC-STATS] pool=0xae7e4db50 begins=4500 live=1 peak=1 draining=0 borrowed=1 pending=1 released=0 retired=0 mean_uses=0.0 sum=9.8MiB max=9.8MiB
[LIMINA-ALLOC-STATS] pool=0xae3179b50 begins=728000 live=60 peak=67 draining=0 borrowed=54 pending=53 released=148 retired=106 mean_uses=167.5 sum=337.0MiB max=15.3MiB
[LIMINA-ALLOC-STATS] pool=0xae3179b50 begins=728500 live=60 peak=67 draining=0 borrowed=54 pending=54 released=148 retired=106 mean_uses=167.5 sum=337.0MiB max=15.3MiB
[LIMINA-ALLOC-STATS] pool=0xae3179b50 begins=729000 live=60 peak=67 draining=0 borrowed=56 pending=56 released=148 retired=106 mean_uses=167.5 sum=337.0MiB max=15.3MiB
[LIMINA-ALLOC-STATS] pool=0xae3179b50 begins=729500 live=60 peak=67 draining=0 borrowed=54 pending=54 released=148 retired=106 mean_uses=167.5 sum=337.0MiB max=15.3MiB
[LIMINA-ALLOC-STATS] pool=0xae3179b50 begins=730000 live=60 peak=67 draining=0 borrowed=53 pending=53 released=148 retired=106 mean_uses=167.5 sum=337.0MiB max=15.3MiB
[LIMINA-ALLOC-STATS] pool=0xae7e4db50 begins=5000 live=1 peak=1 draining=0 borrowed=1 pending=0 released=0 retired=0 mean_uses=0.0 sum=9.8MiB max=9.8MiB
[LIMINA-ALLOC-STATS] pool=0xae3179b50 begins=730500 live=60 peak=67 draining=0 borrowed=55 pending=55 released=148 retired=106 mean_uses=167.5 sum=337.0MiB max=15.3MiB
[LIMINA-ALLOC-STATS] pool=0xae3179b50 begins=731000 live=60 peak=67 draining=0 borrowed=54 pending=54 released=148 retired=106 mean_uses=167.5 sum=337.0MiB max=15.3MiB
[LIMINA-ALLOC-STATS] pool=0xae3179b50 begins=731500 live=60 peak=67 draining=0 borrowed=54 pending=54 released=148 retired=106 mean_uses=167.5 sum=337.0MiB max=15.3MiB
[LIMINA-ALLOC-STATS] pool=0xae3179b50 begins=732000 live=60 peak=67 draining=0 borrowed=57 pending=56 released=148 retired=106 mean_uses=167.5 sum=337.0MiB max=15.3MiB
[LIMINA-ALLOC-STATS] pool=0xae7e4db50 begins=5500 live=1 peak=1 draining=0 borrowed=1 pending=0 released=0 retired=0 mean_uses=0.0 sum=9.8MiB max=9.8MiB
[LIMINA-ALLOC-STATS] pool=0xae3179b50 begins=732500 live=60 peak=67 draining=0 borrowed=53 pending=52 released=148 retired=106 mean_uses=167.5 sum=337.0MiB max=15.3MiB
[LIMINA-ALLOC-STATS] pool=0xae3181b50 begins=6000 live=1 peak=1 draining=0 borrowed=1 pending=0 released=0 retired=0 mean_uses=0.0 sum=4.9MiB max=4.9MiB
[LIMINA-ALLOC-STATS] pool=0xae3179b50 begins=733000 live=60 peak=67 draining=0 borrowed=56 pending=58 released=148 retired=106 mean_uses=167.5 sum=337.0MiB max=15.3MiB
[LIMINA-ALLOC-STATS] pool=0xae317db50 begins=6000 live=1 peak=1 draining=0 borrowed=1 pending=0 released=0 retired=0 mean_uses=0.0 sum=4.9MiB max=4.9MiB
[LIMINA-ALLOC-STATS] pool=0xae3179b50 begins=733500 live=60 peak=67 draining=0 borrowed=55 pending=55 released=148 retired=106 mean_uses=167.5 sum=337.0MiB max=15.3MiB
[LIMINA-ALLOC-STATS] pool=0xae3179b50 begins=734000 live=60 peak=67 draining=0 borrowed=54 pending=54 released=148 retired=106 mean_uses=167.5 sum=337.0MiB max=15.3MiB
[LIMINA-ALLOC-STATS] pool=0xae3179b50 begins=734500 live=60 peak=67 draining=0 borrowed=55 pending=55 released=148 retired=106 mean_uses=167.5 sum=337.0MiB max=15.3MiB
[LIMINA-ALLOC-STATS] pool=0xae7e4db50 begins=6000 live=1 peak=1 draining=0 borrowed=1 pending=1 released=0 retired=0 mean_uses=0.0 sum=9.8MiB max=9.8MiB
[LIMINA-ALLOC-STATS] pool=0xae3179b50 begins=735000 live=60 peak=67 draining=0 borrowed=57 pending=56 released=148 retired=106 mean_uses=167.5 sum=337.0MiB max=15.3MiB
[LIMINA-ALLOC-STATS] pool=0xae3179b50 begins=735500 live=60 peak=67 draining=0 borrowed=55 pending=55 released=148 retired=106 mean_uses=167.5 sum=337.0MiB max=15.3MiB
[LIMINA-ALLOC-STATS] pool=0xae3179b50 begins=736000 live=60 peak=67 draining=0 borrowed=54 pending=54 released=148 retired=106 mean_uses=167.5 sum=337.0MiB max=15.3MiB
[LIMINA-ALLOC-STATS] pool=0xae3179b50 begins=736500 live=60 peak=67 draining=0 borrowed=55 pending=56 released=148 retired=106 mean_uses=167.5 sum=337.0MiB max=15.3MiB
[LIMINA-ALLOC-STATS] pool=0xae7e4db50 begins=6500 live=1 peak=1 draining=0 borrowed=1 pending=0 released=0 retired=0 mean_uses=0.0 sum=9.8MiB max=9.8MiB
[LIMINA-ALLOC-STATS] pool=0xae3179b50 begins=737000 live=59 peak=67 draining=0 borrowed=55 pending=55 released=149 retired=106 mean_uses=167.5 sum=328.6MiB max=15.3MiB
[LIMINA-ALLOC-STATS] pool=0xae3179b50 begins=737500 live=59 peak=67 draining=0 borrowed=54 pending=55 released=149 retired=106 mean_uses=167.5 sum=328.6MiB max=15.3MiB
[LIMINA-ALLOC-STATS] pool=0xae3179b50 begins=738000 live=59 peak=67 draining=0 borrowed=56 pending=55 released=149 retired=106 mean_uses=167.5 sum=328.6MiB max=15.3MiB
[LIMINA-ALLOC-STATS] pool=0xae3179b50 begins=738500 live=59 peak=67 draining=0 borrowed=54 pending=54 released=149 retired=106 mean_uses=167.5 sum=328.6MiB max=15.3MiB
[LIMINA-ALLOC-STATS] pool=0xae3179b50 begins=739000 live=59 peak=67 draining=0 borrowed=53 pending=53 released=149 retired=106 mean_uses=167.5 sum=328.6MiB max=15.3MiB
[LIMINA-ALLOC-STATS] pool=0xae7e4db50 begins=7000 live=1 peak=1 draining=0 borrowed=1 pending=1 released=0 retired=0 mean_uses=0.0 sum=9.8MiB max=9.8MiB
[LIMINA-ALLOC-STATS] pool=0xae3179b50 begins=739500 live=59 peak=67 draining=0 borrowed=55 pending=55 released=149 retired=106 mean_uses=167.5 sum=328.6MiB max=15.3MiB
[LIMINA-ALLOC-STATS] pool=0xae3179b50 begins=740000 live=59 peak=67 draining=0 borrowed=53 pending=52 released=149 retired=106 mean_uses=167.5 sum=328.6MiB max=15.3MiB
[LIMINA-ALLOC-STATS] pool=0xae3179b50 begins=740500 live=59 peak=67 draining=0 borrowed=54 pending=54 released=149 retired=106 mean_uses=167.5 sum=328.6MiB max=15.3MiB
[LIMINA-ALLOC-STATS] pool=0xae3179b50 begins=741000 live=59 peak=67 draining=0 borrowed=55 pending=55 released=149 retired=106 mean_uses=167.5 sum=328.6MiB max=15.3MiB
[LIMINA-ALLOC-STATS] pool=0xae7e4db50 begins=7500 live=1 peak=1 draining=0 borrowed=1 pending=0 released=0 retired=0 mean_uses=0.0 sum=9.8MiB max=9.8MiB
[LIMINA-ALLOC-STATS] pool=0xae3179b50 begins=741500 live=59 peak=67 draining=0 borrowed=56 pending=57 released=149 retired=106 mean_uses=167.5 sum=328.7MiB max=15.3MiB
[LIMINA-ALLOC-STATS] pool=0xae3179b50 begins=742000 live=59 peak=67 draining=0 borrowed=54 pending=54 released=149 retired=106 mean_uses=167.5 sum=328.8MiB max=15.3MiB
[LIMINA-ALLOC-STATS] pool=0xae3179b50 begins=742500 live=60 peak=67 draining=0 borrowed=55 pending=55 released=149 retired=106 mean_uses=167.5 sum=331.4MiB max=15.3MiB
[LIMINA-ALLOC-STATS] pool=0xae3179b50 begins=743000 live=60 peak=67 draining=0 borrowed=56 pending=56 released=149 retired=106 mean_uses=167.5 sum=331.4MiB max=15.3MiB
[LIMINA-ALLOC-STATS] pool=0xae3179b50 begins=743500 live=60 peak=67 draining=0 borrowed=54 pending=53 released=149 retired=106 mean_uses=167.5 sum=331.4MiB max=15.3MiB
[LIMINA-ALLOC-STATS] pool=0xae7e4db50 begins=8000 live=1 peak=1 draining=0 borrowed=1 pending=1 released=0 retired=0 mean_uses=0.0 sum=9.8MiB max=9.8MiB
[LIMINA-ALLOC-STATS] pool=0xae3179b50 begins=744000 live=60 peak=67 draining=0 borrowed=58 pending=57 released=149 retired=106 mean_uses=167.5 sum=331.4MiB max=15.3MiB
[LIMINA-ALLOC-STATS] pool=0xae3179b50 begins=744500 live=60 peak=67 draining=0 borrowed=56 pending=56 released=149 retired=106 mean_uses=167.5 sum=331.4MiB max=15.3MiB
[LIMINA-ALLOC-STATS] pool=0xae3179b50 begins=745000 live=60 peak=67 draining=0 borrowed=53 pending=54 released=149 retired=106 mean_uses=167.5 sum=331.9MiB max=15.3MiB
[LIMINA-ALLOC-STATS] pool=0xae3179b50 begins=745500 live=60 peak=67 draining=0 borrowed=57 pending=56 released=149 retired=106 mean_uses=167.5 sum=331.9MiB max=15.3MiB
[LIMINA-ALLOC-STATS] pool=0xae3179b50 begins=746000 live=60 peak=67 draining=0 borrowed=54 pending=53 released=149 retired=106 mean_uses=167.5 sum=334.0MiB max=15.3MiB
[LIMINA-ALLOC-STATS] pool=0xae7e4db50 begins=8500 live=1 peak=1 draining=0 borrowed=1 pending=0 released=0 retired=0 mean_uses=0.0 sum=9.8MiB max=9.8MiB
[LIMINA-ALLOC-STATS] pool=0xae3179b50 begins=746500 live=60 peak=67 draining=0 borrowed=54 pending=54 released=149 retired=106 mean_uses=167.5 sum=334.0MiB max=15.3MiB
[LIMINA-ALLOC-STATS] pool=0xae3179b50 begins=747000 live=60 peak=67 draining=0 borrowed=55 pending=55 released=149 retired=106 mean_uses=167.5 sum=334.0MiB max=15.3MiB
[LIMINA-ALLOC-STATS] pool=0xae3179b50 begins=747500 live=60 peak=67 draining=0 borrowed=55 pending=55 released=149 retired=106 mean_uses=167.5 sum=334.0MiB max=15.3MiB
[LIMINA-ALLOC-STATS] pool=0xae3179b50 begins=748000 live=60 peak=67 draining=0 borrowed=54 pending=53 released=149 retired=106 mean_uses=167.5 sum=334.0MiB max=15.3MiB
[LIMINA-ALLOC-STATS] pool=0xae7e4db50 begins=9000 live=1 peak=1 draining=0 borrowed=1 pending=1 released=0 retired=0 mean_uses=0.0 sum=9.8MiB max=9.8MiB
[LIMINA-ALLOC-STATS] pool=0xae3179b50 begins=748500 live=60 peak=67 draining=0 borrowed=56 pending=56 released=149 retired=106 mean_uses=167.5 sum=334.0MiB max=15.3MiB
[LIMINA-ALLOC-STATS] pool=0xae3179b50 begins=749000 live=60 peak=67 draining=0 borrowed=55 pending=54 released=149 retired=106 mean_uses=167.5 sum=334.0MiB max=15.3MiB
[LIMINA-ALLOC-STATS] pool=0xae3179b50 begins=749500 live=60 peak=67 draining=0 borrowed=55 pending=55 released=149 retired=106 mean_uses=167.5 sum=334.0MiB max=15.3MiB
[LIMINA-ALLOC-STATS] pool=0xae3179b50 begins=750000 live=60 peak=67 draining=0 borrowed=55 pending=55 released=149 retired=106 mean_uses=167.5 sum=334.0MiB max=15.3MiB
[LIMINA-ALLOC-STATS] pool=0xae3179b50 begins=750500 live=60 peak=67 draining=0 borrowed=55 pending=54 released=149 retired=106 mean_uses=167.5 sum=334.2MiB max=15.3MiB
[LIMINA-ALLOC-STATS] pool=0xae7e4db50 begins=9500 live=1 peak=1 draining=0 borrowed=1 pending=0 released=0 retired=0 mean_uses=0.0 sum=9.8MiB max=9.8MiB
[LIMINA-ALLOC-STATS] pool=0xae3179b50 begins=751000 live=60 peak=67 draining=0 borrowed=54 pending=53 released=149 retired=106 mean_uses=167.5 sum=334.2MiB max=15.3MiB
[LIMINA-ALLOC-STATS] pool=0xae3179b50 begins=751500 live=60 peak=67 draining=0 borrowed=55 pending=56 released=149 retired=106 mean_uses=167.5 sum=334.2MiB max=15.3MiB
[LIMINA-ALLOC-STATS] pool=0xae3179b50 begins=752000 live=60 peak=67 draining=0 borrowed=55 pending=56 released=149 retired=106 mean_uses=167.5 sum=334.2MiB max=15.3MiB
[LIMINA-ALLOC-STATS] pool=0xae3179b50 begins=752500 live=60 peak=67 draining=0 borrowed=53 pending=53 released=149 retired=106 mean_uses=167.5 sum=334.2MiB max=15.3MiB
[LIMINA-ALLOC-STATS] pool=0xae7e4db50 begins=10000 live=1 peak=1 draining=0 borrowed=1 pending=1 released=0 retired=0 mean_uses=0.0 sum=9.8MiB max=9.8MiB
[LIMINA-ALLOC-STATS] pool=0xae3179b50 begins=753000 live=60 peak=67 draining=0 borrowed=56 pending=56 released=149 retired=106 mean_uses=167.5 sum=334.2MiB max=15.3MiB
[LIMINA-ALLOC-STATS] pool=0xae3179b50 begins=753500 live=60 peak=67 draining=0 borrowed=53 pending=53 released=149 retired=106 mean_uses=167.5 sum=334.2MiB max=15.3MiB
[LIMINA-ALLOC-STATS] pool=0xae3179b50 begins=754000 live=60 peak=67 draining=0 borrowed=54 pending=54 released=149 retired=106 mean_uses=167.5 sum=334.2MiB max=15.3MiB
[LIMINA-ALLOC-STATS] pool=0xae3179b50 begins=754500 live=60 peak=67 draining=0 borrowed=55 pending=55 released=149 retired=106 mean_uses=167.5 sum=334.2MiB max=15.3MiB
[LIMINA-ALLOC-STATS] pool=0xae3179b50 begins=755000 live=60 peak=67 draining=0 borrowed=55 pending=55 released=149 retired=106 mean_uses=167.5 sum=334.2MiB max=15.3MiB
[LIMINA-ALLOC-STATS] pool=0xae7e4db50 begins=10500 live=1 peak=1 draining=0 borrowed=1 pending=1 released=0 retired=0 mean_uses=0.0 sum=9.8MiB max=9.8MiB
[LIMINA-ALLOC-STATS] pool=0xae3179b50 begins=755500 live=60 peak=67 draining=0 borrowed=54 pending=53 released=149 retired=106 mean_uses=167.5 sum=334.9MiB max=15.3MiB
[LIMINA-ALLOC-STATS] pool=0xae3179b50 begins=756000 live=60 peak=67 draining=0 borrowed=56 pending=55 released=149 retired=106 mean_uses=167.5 sum=334.9MiB max=15.3MiB
[LIMINA-ALLOC-STATS] pool=0xae3179b50 begins=756500 live=60 peak=67 draining=0 borrowed=55 pending=54 released=149 retired=106 mean_uses=167.5 sum=334.9MiB max=15.3MiB
[LIMINA-ALLOC-STATS] pool=0xae3179b50 begins=757000 live=60 peak=67 draining=0 borrowed=53 pending=54 released=149 retired=106 mean_uses=167.5 sum=334.9MiB max=15.3MiB
[LIMINA-ALLOC-STATS] pool=0xae7e4db50 begins=11000 live=1 peak=1 draining=0 borrowed=1 pending=0 released=0 retired=0 mean_uses=0.0 sum=9.8MiB max=9.8MiB
[LIMINA-ALLOC-STATS] pool=0xae3179b50 begins=757500 live=60 peak=67 draining=0 borrowed=55 pending=54 released=149 retired=106 mean_uses=167.5 sum=334.9MiB max=15.3MiB
[LIMINA-ALLOC-STATS] pool=0xae3179b50 begins=758000 live=60 peak=67 draining=0 borrowed=56 pending=56 released=149 retired=106 mean_uses=167.5 sum=334.9MiB max=15.3MiB
[LIMINA-ALLOC-STATS] pool=0xae3179b50 begins=758500 live=60 peak=67 draining=0 borrowed=52 pending=52 released=149 retired=106 mean_uses=167.5 sum=334.9MiB max=15.3MiB
[LIMINA-ALLOC-STATS] pool=0xae3179b50 begins=759000 live=60 peak=67 draining=0 borrowed=56 pending=55 released=149 retired=106 mean_uses=167.5 sum=334.9MiB max=15.3MiB
[LIMINA-ALLOC-STATS] pool=0xae3179b50 begins=759500 live=59 peak=67 draining=0 borrowed=55 pending=55 released=150 retired=106 mean_uses=167.5 sum=324.6MiB max=15.3MiB
[LIMINA-ALLOC-STATS] pool=0xae7e4db50 begins=11500 live=1 peak=1 draining=0 borrowed=1 pending=0 released=0 retired=0 mean_uses=0.0 sum=9.8MiB max=9.8MiB
[LIMINA-ALLOC-STATS] pool=0xae3179b50 begins=760000 live=59 peak=67 draining=0 borrowed=55 pending=54 released=150 retired=106 mean_uses=167.5 sum=324.6MiB max=15.3MiB
[LIMINA-ALLOC-STATS] pool=0xae3179b50 begins=760500 live=59 peak=67 draining=0 borrowed=55 pending=56 released=150 retired=106 mean_uses=167.5 sum=324.6MiB max=15.3MiB
[LIMINA-ALLOC-STATS] pool=0xae3179b50 begins=761000 live=59 peak=67 draining=0 borrowed=55 pending=54 released=150 retired=106 mean_uses=167.5 sum=324.6MiB max=15.3MiB
[LIMINA-ALLOC-STATS] pool=0xae3179b50 begins=761500 live=59 peak=67 draining=0 borrowed=54 pending=54 released=150 retired=106 mean_uses=167.5 sum=326.5MiB max=15.3MiB
[LIMINA-ALLOC-STATS] pool=0xae7e4db50 begins=12000 live=1 peak=1 draining=0 borrowed=1 pending=0 released=0 retired=0 mean_uses=0.0 sum=9.8MiB max=9.8MiB
[LIMINA-ALLOC-STATS] pool=0xae3179b50 begins=762000 live=59 peak=67 draining=0 borrowed=55 pending=55 released=150 retired=106 mean_uses=167.5 sum=326.5MiB max=15.3MiB
[LIMINA-ALLOC-STATS] pool=0xae3179b50 begins=762500 live=59 peak=67 draining=0 borrowed=56 pending=56 released=150 retired=106 mean_uses=167.5 sum=326.5MiB max=15.3MiB
[LIMINA-ALLOC-STATS] pool=0xae3179b50 begins=763000 live=59 peak=67 draining=0 borrowed=55 pending=54 released=150 retired=106 mean_uses=167.5 sum=326.5MiB max=15.3MiB
[LIMINA-ALLOC-STATS] pool=0xae3179b50 begins=763500 live=59 peak=67 draining=0 borrowed=56 pending=55 released=150 retired=106 mean_uses=167.5 sum=326.5MiB max=15.3MiB
[LIMINA-ALLOC-STATS] pool=0xae3179b50 begins=764000 live=59 peak=67 draining=0 borrowed=54 pending=54 released=150 retired=106 mean_uses=167.5 sum=326.5MiB max=15.3MiB
[LIMINA-ALLOC-STATS] pool=0xae7e4db50 begins=12500 live=1 peak=1 draining=0 borrowed=1 pending=0 released=0 retired=0 mean_uses=0.0 sum=9.8MiB max=9.8MiB
[LIMINA-ALLOC-STATS] pool=0xae3179b50 begins=764500 live=59 peak=67 draining=0 borrowed=53 pending=54 released=150 retired=106 mean_uses=167.5 sum=326.5MiB max=15.3MiB
[LIMINA-ALLOC-STATS] pool=0xae3179b50 begins=765000 live=59 peak=67 draining=0 borrowed=56 pending=56 released=150 retired=106 mean_uses=167.5 sum=326.5MiB max=15.3MiB
[LIMINA-ALLOC-STATS] pool=0xae3179b50 begins=765500 live=59 peak=67 draining=0 borrowed=56 pending=56 released=150 retired=106 mean_uses=167.5 sum=326.5MiB max=15.3MiB
[LIMINA-ALLOC-STATS] pool=0xae3179b50 begins=766000 live=59 peak=67 draining=0 borrowed=54 pending=54 released=150 retired=106 mean_uses=167.5 sum=326.5MiB max=15.3MiB
[LIMINA-ALLOC-STATS] pool=0xae7e4db50 begins=13000 live=1 peak=1 draining=0 borrowed=1 pending=0 released=0 retired=0 mean_uses=0.0 sum=9.8MiB max=9.8MiB
[LIMINA-ALLOC-STATS] pool=0xae3179b50 begins=766500 live=59 peak=67 draining=0 borrowed=57 pending=57 released=150 retired=106 mean_uses=167.5 sum=326.5MiB max=15.3MiB
[LIMINA-ALLOC-STATS] pool=0xae3179b50 begins=767000 live=59 peak=67 draining=0 borrowed=54 pending=54 released=150 retired=106 mean_uses=167.5 sum=326.6MiB max=15.3MiB
[LIMINA-ALLOC-STATS] pool=0xae3179b50 begins=767500 live=59 peak=67 draining=0 borrowed=56 pending=55 released=150 retired=106 mean_uses=167.5 sum=326.7MiB max=15.3MiB
[LIMINA-ALLOC-STATS] pool=0xae3179b50 begins=768000 live=59 peak=67 draining=0 borrowed=55 pending=55 released=150 retired=106 mean_uses=167.5 sum=326.7MiB max=15.3MiB
[LIMINA-ALLOC-STATS] pool=0xae3179b50 begins=768500 live=59 peak=67 draining=0 borrowed=55 pending=56 released=150 retired=106 mean_uses=167.5 sum=326.7MiB max=15.3MiB
[LIMINA-ALLOC-STATS] pool=0xae7e4db50 begins=13500 live=1 peak=1 draining=0 borrowed=1 pending=0 released=0 retired=0 mean_uses=0.0 sum=9.8MiB max=9.8MiB
[LIMINA-ALLOC-STATS] pool=0xae3179b50 begins=769000 live=59 peak=67 draining=0 borrowed=54 pending=54 released=150 retired=106 mean_uses=167.5 sum=326.7MiB max=15.3MiB
[LIMINA-ALLOC-STATS] pool=0xae3179b50 begins=769500 live=59 peak=67 draining=0 borrowed=57 pending=56 released=150 retired=106 mean_uses=167.5 sum=326.7MiB max=15.3MiB
[LIMINA-ALLOC-STATS] pool=0xae3179b50 begins=770000 live=59 peak=67 draining=0 borrowed=55 pending=56 released=150 retired=106 mean_uses=167.5 sum=326.7MiB max=15.3MiB
[LIMINA-ALLOC-STATS] pool=0xae3179b50 begins=770500 live=59 peak=67 draining=0 borrowed=53 pending=53 released=150 retired=106 mean_uses=167.5 sum=326.7MiB max=15.3MiB
[LIMINA-ALLOC-STATS] pool=0xae7e4db50 begins=14000 live=1 peak=1 draining=0 borrowed=1 pending=0 released=0 retired=0 mean_uses=0.0 sum=9.8MiB max=9.8MiB
[LIMINA-ALLOC-STATS] pool=0xae3179b50 begins=771000 live=59 peak=67 draining=0 borrowed=54 pending=55 released=150 retired=106 mean_uses=167.5 sum=326.7MiB max=15.3MiB
[LIMINA-ALLOC-STATS] pool=0xae3179b50 begins=771500 live=59 peak=67 draining=0 borrowed=56 pending=55 released=150 retired=106 mean_uses=167.5 sum=326.7MiB max=15.3MiB
[LIMINA-ALLOC-STATS] pool=0xae3179b50 begins=772000 live=59 peak=67 draining=0 borrowed=54 pending=53 released=150 retired=106 mean_uses=167.5 sum=326.7MiB max=15.3MiB
[LIMINA-ALLOC-STATS] pool=0xae3179b50 begins=772500 live=59 peak=67 draining=0 borrowed=56 pending=55 released=150 retired=106 mean_uses=167.5 sum=326.7MiB max=15.3MiB
[LIMINA-ALLOC-STATS] pool=0xae7e4db50 begins=14500 live=1 peak=1 draining=0 borrowed=1 pending=0 released=0 retired=0 mean_uses=0.0 sum=9.8MiB max=9.8MiB
[LIMINA-ALLOC-STATS] pool=0xae3179b50 begins=773000 live=59 peak=67 draining=0 borrowed=55 pending=54 released=150 retired=106 mean_uses=167.5 sum=326.7MiB max=15.3MiB
[LIMINA-ALLOC-STATS] pool=0xae3179b50 begins=773500 live=59 peak=67 draining=0 borrowed=54 pending=57 released=150 retired=106 mean_uses=167.5 sum=326.7MiB max=15.3MiB
[LIMINA-ALLOC-STATS] pool=0xae3179b50 begins=774000 live=59 peak=67 draining=0 borrowed=56 pending=59 released=150 retired=106 mean_uses=167.5 sum=326.7MiB max=15.3MiB
[LIMINA-ALLOC-STATS] pool=0xae3179b50 begins=774500 live=59 peak=67 draining=0 borrowed=55 pending=58 released=150 retired=106 mean_uses=167.5 sum=326.7MiB max=15.3MiB
[LIMINA-ALLOC-STATS] pool=0xae3179b50 begins=775000 live=59 peak=67 draining=0 borrowed=54 pending=53 released=150 retired=106 mean_uses=167.5 sum=326.7MiB max=15.3MiB
[LIMINA-ALLOC-STATS] pool=0xae7e4db50 begins=15000 live=1 peak=1 draining=0 borrowed=1 pending=0 released=0 retired=0 mean_uses=0.0 sum=9.8MiB max=9.8MiB
[LIMINA-ALLOC-STATS] pool=0xae3179b50 begins=775500 live=60 peak=67 draining=0 borrowed=56 pending=56 released=150 retired=106 mean_uses=167.5 sum=329.5MiB max=15.3MiB
[LIMINA-ALLOC-STATS] pool=0xae3179b50 begins=776000 live=60 peak=67 draining=0 borrowed=55 pending=55 released=150 retired=106 mean_uses=167.5 sum=329.6MiB max=15.3MiB
[LIMINA-ALLOC-STATS] pool=0xae3179b50 begins=776500 live=60 peak=67 draining=0 borrowed=53 pending=53 released=150 retired=106 mean_uses=167.5 sum=332.1MiB max=15.3MiB
[LIMINA-ALLOC-STATS] pool=0xae3179b50 begins=777000 live=60 peak=67 draining=0 borrowed=56 pending=57 released=150 retired=106 mean_uses=167.5 sum=332.4MiB max=15.3MiB
[LIMINA-ALLOC-STATS] pool=0xae7e4db50 begins=15500 live=1 peak=1 draining=0 borrowed=1 pending=0 released=0 retired=0 mean_uses=0.0 sum=9.8MiB max=9.8MiB
[LIMINA-ALLOC-STATS] pool=0xae3179b50 begins=777500 live=60 peak=67 draining=0 borrowed=56 pending=55 released=150 retired=106 mean_uses=167.5 sum=332.4MiB max=15.3MiB
[LIMINA-ALLOC-STATS] pool=0xae3179b50 begins=778000 live=60 peak=67 draining=0 borrowed=52 pending=52 released=150 retired=106 mean_uses=167.5 sum=332.4MiB max=15.3MiB
[LIMINA-ALLOC-STATS] pool=0xae3179b50 begins=778500 live=60 peak=67 draining=0 borrowed=56 pending=55 released=150 retired=106 mean_uses=167.5 sum=332.4MiB max=15.3MiB
[LIMINA-ALLOC-STATS] pool=0xae3179b50 begins=779000 live=60 peak=67 draining=0 borrowed=54 pending=53 released=150 retired=106 mean_uses=167.5 sum=332.4MiB max=15.3MiB
[LIMINA-ALLOC-STATS] pool=0xae3179b50 begins=779500 live=60 peak=67 draining=0 borrowed=54 pending=53 released=150 retired=106 mean_uses=167.5 sum=332.4MiB max=15.3MiB
[LIMINA-ALLOC-STATS] pool=0xae7e4db50 begins=16000 live=1 peak=1 draining=0 borrowed=1 pending=0 released=0 retired=0 mean_uses=0.0 sum=9.8MiB max=9.8MiB
[LIMINA-ALLOC-STATS] pool=0xae3179b50 begins=780000 live=60 peak=67 draining=0 borrowed=55 pending=55 released=150 retired=106 mean_uses=167.5 sum=332.4MiB max=15.3MiB
[LIMINA-ALLOC-STATS] pool=0xae3179b50 begins=780500 live=60 peak=67 draining=0 borrowed=54 pending=54 released=150 retired=106 mean_uses=167.5 sum=332.4MiB max=15.3MiB
[LIMINA-ALLOC-STATS] pool=0xae3179b50 begins=781000 live=60 peak=67 draining=0 borrowed=55 pending=54 released=150 retired=106 mean_uses=167.5 sum=332.4MiB max=15.3MiB
[LIMINA-ALLOC-STATS] pool=0xae3179b50 begins=781500 live=60 peak=67 draining=0 borrowed=55 pending=56 released=150 retired=106 mean_uses=167.5 sum=332.4MiB max=15.3MiB
[LIMINA-ALLOC-STATS] pool=0xae7e4db50 begins=16500 live=1 peak=1 draining=0 borrowed=1 pending=0 released=0 retired=0 mean_uses=0.0 sum=9.8MiB max=9.8MiB
[LIMINA-ALLOC-STATS] pool=0xae3179b50 begins=782000 live=60 peak=67 draining=0 borrowed=55 pending=54 released=150 retired=106 mean_uses=167.5 sum=332.4MiB max=15.3MiB
[LIMINA-ALLOC-STATS] pool=0xae3179b50 begins=782500 live=60 peak=67 draining=0 borrowed=54 pending=55 released=150 retired=106 mean_uses=167.5 sum=332.4MiB max=15.3MiB
[LIMINA-ALLOC-STATS] pool=0xae3179b50 begins=783000 live=60 peak=67 draining=0 borrowed=55 pending=55 released=150 retired=106 mean_uses=167.5 sum=332.5MiB max=15.5MiB
[LIMINA-ALLOC-STATS] pool=0xae3179b50 begins=783500 live=60 peak=67 draining=0 borrowed=56 pending=59 released=150 retired=106 mean_uses=167.5 sum=332.6MiB max=15.5MiB
[LIMINA-ALLOC-STATS] pool=0xae3179b50 begins=784000 live=60 peak=67 draining=0 borrowed=54 pending=53 released=150 retired=106 mean_uses=167.5 sum=332.6MiB max=15.5MiB
[LIMINA-ALLOC-STATS] pool=0xae7e4db50 begins=17000 live=1 peak=1 draining=0 borrowed=1 pending=1 released=0 retired=0 mean_uses=0.0 sum=9.8MiB max=9.8MiB
[LIMINA-ALLOC-STATS] pool=0xae3179b50 begins=784500 live=60 peak=67 draining=0 borrowed=55 pending=55 released=150 retired=106 mean_uses=167.5 sum=332.6MiB max=15.5MiB
[LIMINA-ALLOC-STATS] pool=0xae3179b50 begins=785000 live=60 peak=67 draining=0 borrowed=56 pending=56 released=150 retired=106 mean_uses=167.5 sum=332.6MiB max=15.5MiB
[LIMINA-ALLOC-STATS] pool=0xae3179b50 begins=785500 live=60 peak=67 draining=0 borrowed=53 pending=54 released=150 retired=106 mean_uses=167.5 sum=332.6MiB max=15.5MiB
[LIMINA-ALLOC-STATS] pool=0xae3179b50 begins=786000 live=60 peak=67 draining=0 borrowed=55 pending=55 released=150 retired=106 mean_uses=167.5 sum=332.6MiB max=15.5MiB
[LIMINA-ALLOC-STATS] pool=0xae7e4db50 begins=17500 live=1 peak=1 draining=0 borrowed=1 pending=1 released=0 retired=0 mean_uses=0.0 sum=9.8MiB max=9.8MiB
[LIMINA-ALLOC-STATS] pool=0xae3179b50 begins=786500 live=60 peak=67 draining=0 borrowed=54 pending=55 released=150 retired=106 mean_uses=167.5 sum=332.6MiB max=15.5MiB
[LIMINA-ALLOC-STATS] pool=0xae3179b50 begins=787000 live=60 peak=67 draining=0 borrowed=55 pending=54 released=150 retired=106 mean_uses=167.5 sum=332.6MiB max=15.5MiB
[LIMINA-ALLOC-STATS] pool=0xae3179b50 begins=787500 live=60 peak=67 draining=0 borrowed=57 pending=57 released=150 retired=106 mean_uses=167.5 sum=332.6MiB max=15.5MiB
[LIMINA-ALLOC-STATS] pool=0xae3179b50 begins=788000 live=60 peak=67 draining=0 borrowed=55 pending=56 released=150 retired=106 mean_uses=167.5 sum=332.6MiB max=15.5MiB
[LIMINA-ALLOC-STATS] pool=0xae3179b50 begins=788500 live=60 peak=67 draining=0 borrowed=53 pending=52 released=150 retired=106 mean_uses=167.5 sum=332.6MiB max=15.5MiB
[LIMINA-ALLOC-STATS] pool=0xae7e4db50 begins=18000 live=1 peak=1 draining=0 borrowed=1 pending=1 released=0 retired=0 mean_uses=0.0 sum=9.8MiB max=9.8MiB
[LIMINA-ALLOC-STATS] pool=0xae3179b50 begins=789000 live=60 peak=67 draining=0 borrowed=55 pending=57 released=150 retired=106 mean_uses=167.5 sum=332.6MiB max=15.5MiB
[LIMINA-ALLOC-STATS] pool=0xae3179b50 begins=789500 live=60 peak=67 draining=0 borrowed=53 pending=53 released=150 retired=106 mean_uses=167.5 sum=332.6MiB max=15.5MiB
[LIMINA-ALLOC-STATS] pool=0xae3179b50 begins=790000 live=60 peak=67 draining=0 borrowed=55 pending=59 released=150 retired=106 mean_uses=167.5 sum=332.6MiB max=15.5MiB
[LIMINA-ALLOC-STATS] pool=0xae3179b50 begins=790500 live=60 peak=67 draining=0 borrowed=57 pending=56 released=150 retired=106 mean_uses=167.5 sum=332.6MiB max=15.5MiB
[LIMINA-ALLOC-STATS] pool=0xae7e4db50 begins=18500 live=1 peak=1 draining=0 borrowed=1 pending=0 released=0 retired=0 mean_uses=0.0 sum=9.8MiB max=9.8MiB
[LIMINA-ALLOC-STATS] pool=0xae3179b50 begins=791000 live=60 peak=67 draining=0 borrowed=55 pending=56 released=150 retired=106 mean_uses=167.5 sum=332.6MiB max=15.5MiB
[LIMINA-ALLOC-STATS] pool=0xae3179b50 begins=791500 live=60 peak=67 draining=0 borrowed=54 pending=53 released=150 retired=106 mean_uses=167.5 sum=332.6MiB max=15.5MiB
[LIMINA-ALLOC-STATS] pool=0xae3179b50 begins=792000 live=60 peak=67 draining=0 borrowed=56 pending=56 released=150 retired=106 mean_uses=167.5 sum=332.6MiB max=15.5MiB
[LIMINA-ALLOC-STATS] pool=0xae3179b50 begins=792500 live=60 peak=67 draining=0 borrowed=55 pending=55 released=150 retired=106 mean_uses=167.5 sum=332.6MiB max=15.5MiB
[LIMINA-ALLOC-STATS] pool=0xae3179b50 begins=793000 live=60 peak=67 draining=0 borrowed=54 pending=53 released=150 retired=106 mean_uses=167.5 sum=332.6MiB max=15.5MiB
[LIMINA-ALLOC-STATS] pool=0xae7e4db50 begins=19000 live=1 peak=1 draining=0 borrowed=1 pending=0 released=0 retired=0 mean_uses=0.0 sum=9.8MiB max=9.8MiB
[LIMINA-ALLOC-STATS] pool=0xae3179b50 begins=793500 live=60 peak=67 draining=0 borrowed=55 pending=55 released=150 retired=106 mean_uses=167.5 sum=332.7MiB max=15.5MiB
[LIMINA-ALLOC-STATS] pool=0xae3179b50 begins=794000 live=60 peak=67 draining=0 borrowed=55 pending=55 released=150 retired=106 mean_uses=167.5 sum=332.8MiB max=15.5MiB
[LIMINA-ALLOC-STATS] pool=0xae3179b50 begins=794500 live=60 peak=67 draining=0 borrowed=54 pending=54 released=150 retired=106 mean_uses=167.5 sum=332.8MiB max=15.5MiB
[LIMINA-ALLOC-STATS] pool=0xae3179b50 begins=795000 live=60 peak=67 draining=0 borrowed=56 pending=55 released=150 retired=106 mean_uses=167.5 sum=332.8MiB max=15.5MiB
[LIMINA-ALLOC-STATS] pool=0xae7e4db50 begins=19500 live=1 peak=1 draining=0 borrowed=1 pending=1 released=0 retired=0 mean_uses=0.0 sum=9.8MiB max=9.8MiB
[LIMINA-ALLOC-STATS] pool=0xae3179b50 begins=795500 live=60 peak=67 draining=0 borrowed=55 pending=55 released=150 retired=106 mean_uses=167.5 sum=332.8MiB max=15.5MiB
[LIMINA-ALLOC-STATS] pool=0xae3179b50 begins=796000 live=60 peak=67 draining=0 borrowed=54 pending=56 released=150 retired=106 mean_uses=167.5 sum=332.8MiB max=15.5MiB
[LIMINA-ALLOC-STATS] pool=0xae3179b50 begins=796500 live=60 peak=67 draining=0 borrowed=56 pending=56 released=150 retired=106 mean_uses=167.5 sum=332.8MiB max=15.5MiB
[LIMINA-ALLOC-STATS] pool=0xae3179b50 begins=797000 live=60 peak=67 draining=0 borrowed=55 pending=54 released=150 retired=106 mean_uses=167.5 sum=332.8MiB max=15.5MiB
[LIMINA-ALLOC-STATS] pool=0xae3179b50 begins=797500 live=60 peak=67 draining=0 borrowed=53 pending=54 released=150 retired=106 mean_uses=167.5 sum=332.8MiB max=15.5MiB
[LIMINA-ALLOC-STATS] pool=0xae7e4db50 begins=20000 live=1 peak=1 draining=0 borrowed=1 pending=1 released=0 retired=0 mean_uses=0.0 sum=9.8MiB max=9.8MiB
[LIMINA-ALLOC-STATS] pool=0xae3179b50 begins=798000 live=60 peak=67 draining=0 borrowed=57 pending=57 released=150 retired=106 mean_uses=167.5 sum=332.8MiB max=15.5MiB
[LIMINA-ALLOC-STATS] pool=0xae3179b50 begins=798500 live=60 peak=67 draining=0 borrowed=55 pending=55 released=150 retired=106 mean_uses=167.5 sum=332.8MiB max=15.5MiB
[LIMINA-ALLOC-STATS] pool=0xae3179b50 begins=799000 live=60 peak=67 draining=0 borrowed=55 pending=55 released=150 retired=106 mean_uses=167.5 sum=332.8MiB max=15.5MiB
[LIMINA-ALLOC-STATS] pool=0xae3179b50 begins=799500 live=59 peak=67 draining=0 borrowed=56 pending=56 released=151 retired=106 mean_uses=167.5 sum=325.4MiB max=15.5MiB
[LIMINA-ALLOC-STATS] pool=0xae7e4db50 begins=20500 live=1 peak=1 draining=0 borrowed=1 pending=1 released=0 retired=0 mean_uses=0.0 sum=9.8MiB max=9.8MiB
[LIMINA-ALLOC-STATS] pool=0xae3179b50 begins=800000 live=59 peak=67 draining=0 borrowed=55 pending=55 released=151 retired=106 mean_uses=167.5 sum=325.4MiB max=15.5MiB
[LIMINA-ALLOC-STATS] pool=0xae3179b50 begins=800500 live=59 peak=67 draining=0 borrowed=53 pending=52 released=151 retired=106 mean_uses=167.5 sum=325.4MiB max=15.5MiB
[LIMINA-ALLOC-STATS] pool=0xae3179b50 begins=801000 live=59 peak=67 draining=0 borrowed=55 pending=55 released=151 retired=106 mean_uses=167.5 sum=325.4MiB max=15.5MiB
[LIMINA-ALLOC-STATS] pool=0xae3179b50 begins=801500 live=59 peak=67 draining=0 borrowed=55 pending=57 released=151 retired=106 mean_uses=167.5 sum=325.4MiB max=15.5MiB
[LIMINA-ALLOC-STATS] pool=0xae3179b50 begins=802000 live=59 peak=67 draining=0 borrowed=55 pending=54 released=151 retired=106 mean_uses=167.5 sum=325.4MiB max=15.5MiB
[LIMINA-ALLOC-STATS] pool=0xae7e4db50 begins=21000 live=1 peak=1 draining=0 borrowed=1 pending=1 released=0 retired=0 mean_uses=0.0 sum=9.8MiB max=9.8MiB
[LIMINA-ALLOC-STATS] pool=0xae3179b50 begins=802500 live=59 peak=67 draining=0 borrowed=56 pending=56 released=151 retired=106 mean_uses=167.5 sum=325.4MiB max=15.5MiB
[LIMINA-ALLOC-STATS] pool=0xae3181b50 begins=6500 live=1 peak=1 draining=0 borrowed=1 pending=0 released=0 retired=0 mean_uses=0.0 sum=4.9MiB max=4.9MiB
[LIMINA-ALLOC-STATS] pool=0xae3179b50 begins=803000 live=59 peak=67 draining=0 borrowed=55 pending=55 released=151 retired=106 mean_uses=167.5 sum=325.4MiB max=15.5MiB
[LIMINA-ALLOC-STATS] pool=0xae317db50 begins=6500 live=1 peak=1 draining=0 borrowed=1 pending=0 released=0 retired=0 mean_uses=0.0 sum=4.9MiB max=4.9MiB
[LIMINA-ALLOC-STATS] pool=0xae3179b50 begins=803500 live=59 peak=67 draining=0 borrowed=54 pending=55 released=151 retired=106 mean_uses=167.5 sum=325.4MiB max=15.5MiB
[LIMINA-ALLOC-STATS] pool=0xae3179b50 begins=804000 live=59 peak=67 draining=0 borrowed=56 pending=55 released=151 retired=106 mean_uses=167.5 sum=325.4MiB max=15.5MiB
[LIMINA-ALLOC-STATS] pool=0xae7e4db50 begins=21500 live=1 peak=1 draining=0 borrowed=1 pending=0 released=0 retired=0 mean_uses=0.0 sum=9.8MiB max=9.8MiB
[LIMINA-ALLOC-STATS] pool=0xae3179b50 begins=804500 live=59 peak=67 draining=0 borrowed=56 pending=55 released=151 retired=106 mean_uses=167.5 sum=325.4MiB max=15.5MiB
[LIMINA-ALLOC-STATS] pool=0xae3179b50 begins=805000 live=59 peak=67 draining=0 borrowed=54 pending=54 released=151 retired=106 mean_uses=167.5 sum=325.4MiB max=15.5MiB
[LIMINA-ALLOC-STATS] pool=0xae3179b50 begins=805500 live=59 peak=67 draining=0 borrowed=55 pending=55 released=151 retired=106 mean_uses=167.5 sum=325.4MiB max=15.5MiB
[LIMINA-ALLOC-STATS] pool=0xae3179b50 begins=806000 live=59 peak=67 draining=0 borrowed=56 pending=56 released=151 retired=106 mean_uses=167.5 sum=325.4MiB max=15.5MiB
[LIMINA-ALLOC-STATS] pool=0xae3179b50 begins=806500 live=59 peak=67 draining=0 borrowed=53 pending=53 released=151 retired=106 mean_uses=167.5 sum=325.4MiB max=15.5MiB
[LIMINA-ALLOC-STATS] pool=0xae7e4db50 begins=22000 live=1 peak=1 draining=0 borrowed=1 pending=0 released=0 retired=0 mean_uses=0.0 sum=9.8MiB max=9.8MiB
[LIMINA-ALLOC-STATS] pool=0xae3179b50 begins=807000 live=59 peak=67 draining=0 borrowed=58 pending=60 released=151 retired=106 mean_uses=167.5 sum=325.4MiB max=15.5MiB
[LIMINA-ALLOC-STATS] pool=0xae3179b50 begins=807500 live=59 peak=67 draining=0 borrowed=56 pending=55 released=151 retired=106 mean_uses=167.5 sum=325.4MiB max=15.5MiB
[LIMINA-ALLOC-STATS] pool=0xae3179b50 begins=808000 live=59 peak=67 draining=0 borrowed=54 pending=53 released=151 retired=106 mean_uses=167.5 sum=325.4MiB max=15.5MiB
[LIMINA-ALLOC-STATS] pool=0xae3179b50 begins=808500 live=59 peak=67 draining=0 borrowed=55 pending=55 released=151 retired=106 mean_uses=167.5 sum=325.4MiB max=15.5MiB
[LIMINA-ALLOC-STATS] pool=0xae7e4db50 begins=22500 live=1 peak=1 draining=0 borrowed=1 pending=0 released=0 retired=0 mean_uses=0.0 sum=9.8MiB max=9.8MiB
[LIMINA-ALLOC-STATS] pool=0xae3179b50 begins=809000 live=59 peak=67 draining=0 borrowed=55 pending=54 released=151 retired=106 mean_uses=167.5 sum=325.4MiB max=15.5MiB
[LIMINA-ALLOC-STATS] pool=0xae3179b50 begins=809500 live=59 peak=67 draining=0 borrowed=54 pending=53 released=151 retired=106 mean_uses=167.5 sum=325.4MiB max=15.5MiB
[LIMINA-ALLOC-STATS] pool=0xae3179b50 begins=810000 live=59 peak=67 draining=0 borrowed=55 pending=55 released=151 retired=106 mean_uses=167.5 sum=325.4MiB max=15.5MiB
[LIMINA-ALLOC-STATS] pool=0xae3179b50 begins=810500 live=59 peak=67 draining=0 borrowed=56 pending=58 released=151 retired=106 mean_uses=167.5 sum=325.4MiB max=15.5MiB
[LIMINA-ALLOC-STATS] pool=0xae3179b50 begins=811000 live=59 peak=67 draining=0 borrowed=53 pending=53 released=151 retired=106 mean_uses=167.5 sum=325.4MiB max=15.5MiB
[LIMINA-ALLOC-STATS] pool=0xae7e4db50 begins=23000 live=1 peak=1 draining=0 borrowed=1 pending=0 released=0 retired=0 mean_uses=0.0 sum=9.8MiB max=9.8MiB
[LIMINA-ALLOC-STATS] pool=0xae3179b50 begins=811500 live=59 peak=67 draining=0 borrowed=56 pending=55 released=151 retired=106 mean_uses=167.5 sum=325.4MiB max=15.5MiB
[LIMINA-ALLOC-STATS] pool=0xae3179b50 begins=812000 live=59 peak=67 draining=0 borrowed=54 pending=54 released=151 retired=106 mean_uses=167.5 sum=325.4MiB max=15.5MiB
[LIMINA-ALLOC-STATS] pool=0xae3179b50 begins=812500 live=59 peak=67 draining=0 borrowed=52 pending=52 released=151 retired=106 mean_uses=167.5 sum=325.4MiB max=15.5MiB
[LIMINA-ALLOC-STATS] pool=0xae3179b50 begins=813000 live=59 peak=67 draining=0 borrowed=55 pending=55 released=151 retired=106 mean_uses=167.5 sum=325.4MiB max=15.5MiB
[LIMINA-ALLOC-STATS] pool=0xae7e4db50 begins=23500 live=1 peak=1 draining=0 borrowed=1 pending=1 released=0 retired=0 mean_uses=0.0 sum=9.8MiB max=9.8MiB
[LIMINA-ALLOC-STATS] pool=0xae3179b50 begins=813500 live=59 peak=67 draining=0 borrowed=56 pending=56 released=151 retired=106 mean_uses=167.5 sum=325.4MiB max=15.5MiB
[LIMINA-ALLOC-STATS] pool=0xae3179b50 begins=814000 live=59 peak=67 draining=0 borrowed=53 pending=53 released=151 retired=106 mean_uses=167.5 sum=325.4MiB max=15.5MiB
[LIMINA-ALLOC-STATS] pool=0xae3179b50 begins=814500 live=59 peak=67 draining=0 borrowed=56 pending=59 released=151 retired=106 mean_uses=167.5 sum=325.4MiB max=15.5MiB
[LIMINA-ALLOC-STATS] pool=0xae3179b50 begins=815000 live=60 peak=67 draining=0 borrowed=55 pending=54 released=151 retired=106 mean_uses=167.5 sum=325.5MiB max=15.5MiB
[LIMINA-ALLOC-STATS] pool=0xae7e4db50 begins=24000 live=1 peak=1 draining=0 borrowed=1 pending=0 released=0 retired=0 mean_uses=0.0 sum=9.8MiB max=9.8MiB
[LIMINA-ALLOC-STATS] pool=0xae3179b50 begins=815500 live=60 peak=67 draining=0 borrowed=54 pending=53 released=151 retired=106 mean_uses=167.5 sum=328.3MiB max=15.5MiB
[LIMINA-ALLOC-STATS] pool=0xae3179b50 begins=816000 live=60 peak=67 draining=0 borrowed=56 pending=56 released=151 retired=106 mean_uses=167.5 sum=328.5MiB max=15.5MiB
[LIMINA-ALLOC-STATS] pool=0xae3179b50 begins=816500 live=60 peak=67 draining=0 borrowed=55 pending=55 released=151 retired=106 mean_uses=167.5 sum=328.5MiB max=15.5MiB
[LIMINA-ALLOC-STATS] pool=0xae3179b50 begins=817000 live=60 peak=67 draining=0 borrowed=53 pending=53 released=151 retired=106 mean_uses=167.5 sum=328.5MiB max=15.5MiB
[LIMINA-ALLOC-STATS] pool=0xae3179b50 begins=817500 live=60 peak=67 draining=0 borrowed=57 pending=57 released=151 retired=106 mean_uses=167.5 sum=328.5MiB max=15.5MiB
[LIMINA-ALLOC-STATS] pool=0xae7e4db50 begins=24500 live=1 peak=1 draining=0 borrowed=1 pending=1 released=0 retired=0 mean_uses=0.0 sum=9.8MiB max=9.8MiB
[LIMINA-ALLOC-STATS] pool=0xae3179b50 begins=818000 live=60 peak=67 draining=0 borrowed=55 pending=54 released=151 retired=106 mean_uses=167.5 sum=330.5MiB max=15.5MiB
[LIMINA-ALLOC-STATS] pool=0xae3179b50 begins=818500 live=60 peak=67 draining=0 borrowed=54 pending=54 released=151 retired=106 mean_uses=167.5 sum=330.5MiB max=15.5MiB
[LIMINA-ALLOC-STATS] pool=0xae3179b50 begins=819000 live=60 peak=67 draining=0 borrowed=55 pending=55 released=151 retired=106 mean_uses=167.5 sum=332.6MiB max=15.5MiB
[LIMINA-ALLOC-STATS] pool=0xae3179b50 begins=819500 live=60 peak=67 draining=0 borrowed=56 pending=56 released=151 retired=106 mean_uses=167.5 sum=332.6MiB max=15.5MiB
[LIMINA-ALLOC-STATS] pool=0xae7e4db50 begins=25000 live=1 peak=1 draining=0 borrowed=1 pending=1 released=0 retired=0 mean_uses=0.0 sum=9.8MiB max=9.8MiB
[LIMINA-ALLOC-STATS] pool=0xae3179b50 begins=820000 live=60 peak=67 draining=0 borrowed=54 pending=53 released=151 retired=106 mean_uses=167.5 sum=332.6MiB max=15.5MiB
[LIMINA-ALLOC-STATS] pool=0xae3179b50 begins=820500 live=60 peak=67 draining=0 borrowed=55 pending=55 released=151 retired=106 mean_uses=167.5 sum=332.6MiB max=15.5MiB
[LIMINA-ALLOC-STATS] pool=0xae3179b50 begins=821000 live=60 peak=67 draining=0 borrowed=55 pending=55 released=151 retired=106 mean_uses=167.5 sum=334.8MiB max=15.5MiB
[LIMINA-ALLOC-STATS] pool=0xae3179b50 begins=821500 live=60 peak=67 draining=0 borrowed=55 pending=58 released=151 retired=106 mean_uses=167.5 sum=334.8MiB max=15.5MiB
[LIMINA-ALLOC-STATS] pool=0xae3179b50 begins=822000 live=60 peak=67 draining=0 borrowed=57 pending=56 released=151 retired=106 mean_uses=167.5 sum=334.8MiB max=15.5MiB
[LIMINA-ALLOC-STATS] pool=0xae7e4db50 begins=25500 live=1 peak=1 draining=0 borrowed=1 pending=1 released=0 retired=0 mean_uses=0.0 sum=9.8MiB max=9.8MiB
[LIMINA-ALLOC-STATS] pool=0xae3179b50 begins=822500 live=60 peak=67 draining=0 borrowed=54 pending=54 released=151 retired=106 mean_uses=167.5 sum=334.8MiB max=15.5MiB
[LIMINA-ALLOC-STATS] pool=0xae3179b50 begins=823000 live=60 peak=67 draining=0 borrowed=52 pending=51 released=151 retired=106 mean_uses=167.5 sum=334.8MiB max=15.5MiB
[LIMINA-ALLOC-STATS] pool=0xae3179b50 begins=823500 live=60 peak=67 draining=0 borrowed=55 pending=55 released=151 retired=106 mean_uses=167.5 sum=334.8MiB max=15.5MiB
[LIMINA-ALLOC-STATS] pool=0xae3179b50 begins=824000 live=60 peak=67 draining=0 borrowed=55 pending=55 released=151 retired=106 mean_uses=167.5 sum=334.8MiB max=15.5MiB
[LIMINA-ALLOC-STATS] pool=0xae7e4db50 begins=26000 live=1 peak=1 draining=0 borrowed=1 pending=0 released=0 retired=0 mean_uses=0.0 sum=9.8MiB max=9.8MiB
[LIMINA-ALLOC-STATS] pool=0xae3179b50 begins=824500 live=60 peak=67 draining=0 borrowed=52 pending=54 released=151 retired=106 mean_uses=167.5 sum=334.8MiB max=15.5MiB
[LIMINA-ALLOC-STATS] pool=0xae3179b50 begins=825000 live=60 peak=67 draining=0 borrowed=56 pending=57 released=151 retired=106 mean_uses=167.5 sum=335.3MiB max=15.5MiB
[LIMINA-ALLOC-STATS] pool=0xae3179b50 begins=825500 live=60 peak=67 draining=0 borrowed=56 pending=55 released=151 retired=106 mean_uses=167.5 sum=335.4MiB max=15.5MiB
[LIMINA-ALLOC-STATS] pool=0xae3179b50 begins=826000 live=60 peak=67 draining=0 borrowed=53 pending=53 released=151 retired=106 mean_uses=167.5 sum=335.4MiB max=15.5MiB
[LIMINA-ALLOC-STATS] pool=0xae3179b50 begins=826500 live=60 peak=67 draining=0 borrowed=56 pending=55 released=151 retired=106 mean_uses=167.5 sum=335.4MiB max=15.5MiB
[LIMINA-ALLOC-STATS] pool=0xae7e4db50 begins=26500 live=1 peak=1 draining=0 borrowed=1 pending=1 released=0 retired=0 mean_uses=0.0 sum=9.8MiB max=9.8MiB
[LIMINA-ALLOC-STATS] pool=0xae3179b50 begins=827000 live=60 peak=67 draining=0 borrowed=56 pending=55 released=151 retired=106 mean_uses=167.5 sum=335.9MiB max=15.5MiB
[LIMINA-ALLOC-STATS] pool=0xae3179b50 begins=827500 live=60 peak=67 draining=0 borrowed=55 pending=54 released=151 retired=106 mean_uses=167.5 sum=335.9MiB max=15.5MiB
[LIMINA-ALLOC-STATS] pool=0xae3179b50 begins=828000 live=60 peak=67 draining=0 borrowed=57 pending=57 released=151 retired=106 mean_uses=167.5 sum=335.9MiB max=15.5MiB
[LIMINA-ALLOC-STATS] pool=0xae3179b50 begins=828500 live=60 peak=67 draining=0 borrowed=56 pending=55 released=151 retired=106 mean_uses=167.5 sum=336.0MiB max=15.5MiB
[LIMINA-ALLOC-STATS] pool=0xae3179b50 begins=829000 live=60 peak=67 draining=0 borrowed=57 pending=59 released=151 retired=106 mean_uses=167.5 sum=336.0MiB max=15.5MiB
[LIMINA-ALLOC-POOL] teardown: pool=0xae7e4db50 live=1 peak=1 released=0 ceiling-waits=0 ceiling-fails=0
[2026-10-07T14:26:04.286198Z INFO  krun_devices::virtio::gpu::virtio_gpu] CTX_CREATE ctx=10 init=0x4 name=Some("vkmark\0\0\0\0\0\0\0\0\0\0\0\0\0\0\0\0\0\0\0\0\0\0\0\0\0\0\0\0\0\0\0\0\0\0\0\0\0\0\0\0\0\0\0\0\0\0\0\0\0\0\0\0\0\0\0\0\0\0")
[LIMINA-ALLOC-STATS] pool=0xae3179b50 begins=829500 live=60 peak=67 draining=0 borrowed=54 pending=55 released=151 retired=106 mean_uses=167.5 sum=336.7MiB max=15.5MiB
[LIMINA-ALLOC-STATS] pool=0xae3179b50 begins=830000 live=60 peak=67 draining=0 borrowed=54 pending=54 released=151 retired=106 mean_uses=167.5 sum=341.7MiB max=15.5MiB
[LIMINA-ALLOC-STATS] pool=0xae3179b50 begins=830500 live=60 peak=67 draining=0 borrowed=54 pending=53 released=151 retired=106 mean_uses=167.5 sum=342.8MiB max=15.5MiB
[LIMINA-ALLOC-STATS] pool=0xae3179b50 begins=831000 live=60 peak=67 draining=0 borrowed=56 pending=59 released=151 retired=106 mean_uses=167.5 sum=342.8MiB max=15.5MiB
[LIMINA-ALLOC-STATS] pool=0xae3179b50 begins=831500 live=60 peak=67 draining=0 borrowed=55 pending=54 released=151 retired=106 mean_uses=167.5 sum=343.0MiB max=15.5MiB
[LIMINA-ALLOC-STATS] pool=0xae7e4db50 begins=500 live=1 peak=1 draining=0 borrowed=1 pending=0 released=0 retired=0 mean_uses=0.0 sum=9.8MiB max=9.8MiB
[LIMINA-ALLOC-STATS] pool=0xae3179b50 begins=832000 live=60 peak=67 draining=0 borrowed=55 pending=55 released=151 retired=106 mean_uses=167.5 sum=343.1MiB max=15.5MiB
[LIMINA-ALLOC-STATS] pool=0xae3179b50 begins=832500 live=60 peak=67 draining=0 borrowed=56 pending=55 released=151 retired=106 mean_uses=167.5 sum=343.1MiB max=15.5MiB
[LIMINA-ALLOC-STATS] pool=0xae3179b50 begins=833000 live=60 peak=67 draining=0 borrowed=55 pending=54 released=151 retired=106 mean_uses=167.5 sum=343.1MiB max=15.5MiB
[LIMINA-ALLOC-STATS] pool=0xae3179b50 begins=833500 live=60 peak=67 draining=0 borrowed=54 pending=54 released=151 retired=106 mean_uses=167.5 sum=343.1MiB max=15.5MiB
[LIMINA-ALLOC-STATS] pool=0xae7e4db50 begins=1000 live=1 peak=1 draining=0 borrowed=1 pending=1 released=0 retired=0 mean_uses=0.0 sum=9.8MiB max=9.8MiB
[LIMINA-ALLOC-STATS] pool=0xae3179b50 begins=834000 live=60 peak=67 draining=0 borrowed=55 pending=55 released=151 retired=106 mean_uses=167.5 sum=343.1MiB max=15.5MiB
[LIMINA-ALLOC-STATS] pool=0xae3179b50 begins=834500 live=60 peak=67 draining=0 borrowed=55 pending=55 released=151 retired=106 mean_uses=167.5 sum=343.1MiB max=15.5MiB
[LIMINA-ALLOC-STATS] pool=0xae3179b50 begins=835000 live=60 peak=67 draining=0 borrowed=55 pending=54 released=151 retired=106 mean_uses=167.5 sum=343.1MiB max=15.5MiB
[LIMINA-ALLOC-STATS] pool=0xae3179b50 begins=835500 live=60 peak=67 draining=0 borrowed=55 pending=55 released=151 retired=106 mean_uses=167.5 sum=343.1MiB max=15.5MiB
[LIMINA-ALLOC-STATS] pool=0xae3179b50 begins=836000 live=60 peak=67 draining=0 borrowed=54 pending=55 released=151 retired=106 mean_uses=167.5 sum=343.1MiB max=15.5MiB
[LIMINA-ALLOC-STATS] pool=0xae7e4db50 begins=1500 live=1 peak=1 draining=0 borrowed=1 pending=0 released=0 retired=0 mean_uses=0.0 sum=9.8MiB max=9.8MiB
[LIMINA-ALLOC-STATS] pool=0xae3179b50 begins=836500 live=60 peak=67 draining=0 borrowed=52 pending=52 released=151 retired=106 mean_uses=167.5 sum=343.1MiB max=15.5MiB
[LIMINA-ALLOC-STATS] pool=0xae3179b50 begins=837000 live=60 peak=67 draining=0 borrowed=57 pending=60 released=151 retired=106 mean_uses=167.5 sum=343.1MiB max=15.5MiB
[LIMINA-ALLOC-STATS] pool=0xae3179b50 begins=837500 live=60 peak=67 draining=0 borrowed=55 pending=54 released=151 retired=106 mean_uses=167.5 sum=343.1MiB max=15.5MiB
[LIMINA-ALLOC-STATS] pool=0xae3179b50 begins=838000 live=60 peak=67 draining=0 borrowed=54 pending=54 released=151 retired=106 mean_uses=167.5 sum=343.1MiB max=15.5MiB
[LIMINA-ALLOC-STATS] pool=0xae7e4db50 begins=2000 live=1 peak=1 draining=0 borrowed=1 pending=1 released=0 retired=0 mean_uses=0.0 sum=9.8MiB max=9.8MiB
[LIMINA-ALLOC-STATS] pool=0xae3179b50 begins=838500 live=60 peak=67 draining=0 borrowed=55 pending=55 released=151 retired=106 mean_uses=167.5 sum=343.1MiB max=15.5MiB
[LIMINA-ALLOC-STATS] pool=0xae3179b50 begins=839000 live=60 peak=67 draining=0 borrowed=55 pending=58 released=151 retired=106 mean_uses=167.5 sum=343.1MiB max=15.5MiB
[LIMINA-ALLOC-STATS] pool=0xae3179b50 begins=839500 live=60 peak=67 draining=0 borrowed=54 pending=54 released=151 retired=106 mean_uses=167.5 sum=343.1MiB max=15.5MiB
[LIMINA-ALLOC-STATS] pool=0xae3179b50 begins=840000 live=60 peak=67 draining=0 borrowed=55 pending=55 released=151 retired=106 mean_uses=167.5 sum=343.1MiB max=15.5MiB
[LIMINA-ALLOC-STATS] pool=0xae3179b50 begins=840500 live=60 peak=67 draining=0 borrowed=55 pending=55 released=151 retired=106 mean_uses=167.5 sum=343.1MiB max=15.5MiB
[LIMINA-ALLOC-STATS] pool=0xae7e4db50 begins=2500 live=1 peak=1 draining=0 borrowed=1 pending=1 released=0 retired=0 mean_uses=0.0 sum=9.8MiB max=9.8MiB
[LIMINA-ALLOC-STATS] pool=0xae3179b50 begins=841000 live=60 peak=67 draining=0 borrowed=54 pending=54 released=151 retired=106 mean_uses=167.5 sum=343.1MiB max=15.5MiB
[LIMINA-ALLOC-STATS] pool=0xae3179b50 begins=841500 live=60 peak=67 draining=0 borrowed=55 pending=56 released=151 retired=106 mean_uses=167.5 sum=343.1MiB max=15.5MiB
[LIMINA-ALLOC-STATS] pool=0xae3179b50 begins=842000 live=60 peak=67 draining=0 borrowed=54 pending=54 released=151 retired=106 mean_uses=167.5 sum=343.1MiB max=15.5MiB
[LIMINA-ALLOC-STATS] pool=0xae3179b50 begins=842500 live=60 peak=67 draining=0 borrowed=54 pending=54 released=151 retired=106 mean_uses=167.5 sum=343.1MiB max=15.5MiB
[LIMINA-ALLOC-STATS] pool=0xae7e4db50 begins=3000 live=1 peak=1 draining=0 borrowed=1 pending=1 released=0 retired=0 mean_uses=0.0 sum=9.8MiB max=9.8MiB
[LIMINA-ALLOC-STATS] pool=0xae3179b50 begins=843000 live=60 peak=67 draining=0 borrowed=55 pending=55 released=151 retired=106 mean_uses=167.5 sum=343.1MiB max=15.5MiB
[LIMINA-ALLOC-STATS] pool=0xae3179b50 begins=843500 live=60 peak=67 draining=0 borrowed=56 pending=59 released=151 retired=106 mean_uses=167.5 sum=343.1MiB max=15.5MiB
[LIMINA-ALLOC-STATS] pool=0xae3179b50 begins=844000 live=60 peak=67 draining=0 borrowed=54 pending=57 released=151 retired=106 mean_uses=167.5 sum=343.1MiB max=15.5MiB
[LIMINA-ALLOC-STATS] pool=0xae3179b50 begins=844500 live=60 peak=67 draining=0 borrowed=55 pending=55 released=151 retired=106 mean_uses=167.5 sum=343.1MiB max=15.5MiB
[LIMINA-ALLOC-STATS] pool=0xae3179b50 begins=845000 live=60 peak=67 draining=0 borrowed=55 pending=54 released=151 retired=106 mean_uses=167.5 sum=343.1MiB max=15.5MiB
[LIMINA-ALLOC-STATS] pool=0xae7e4db50 begins=3500 live=1 peak=1 draining=0 borrowed=1 pending=0 released=0 retired=0 mean_uses=0.0 sum=9.8MiB max=9.8MiB
[LIMINA-ALLOC-STATS] pool=0xae3179b50 begins=845500 live=59 peak=67 draining=0 borrowed=53 pending=53 released=152 retired=106 mean_uses=167.5 sum=327.6MiB max=14.4MiB
[LIMINA-ALLOC-STATS] pool=0xae3179b50 begins=846000 live=59 peak=67 draining=0 borrowed=57 pending=56 released=152 retired=106 mean_uses=167.5 sum=327.6MiB max=14.4MiB
[LIMINA-ALLOC-STATS] pool=0xae3179b50 begins=846500 live=59 peak=67 draining=0 borrowed=55 pending=55 released=152 retired=106 mean_uses=167.5 sum=327.6MiB max=14.4MiB
[LIMINA-ALLOC-STATS] pool=0xae3179b50 begins=847000 live=59 peak=67 draining=0 borrowed=55 pending=55 released=152 retired=106 mean_uses=167.5 sum=327.6MiB max=14.4MiB
[LIMINA-ALLOC-STATS] pool=0xae7e4db50 begins=4000 live=1 peak=1 draining=0 borrowed=1 pending=0 released=0 retired=0 mean_uses=0.0 sum=9.8MiB max=9.8MiB
[LIMINA-ALLOC-STATS] pool=0xae3179b50 begins=847500 live=59 peak=67 draining=0 borrowed=56 pending=57 released=152 retired=106 mean_uses=167.5 sum=327.6MiB max=14.4MiB
[LIMINA-ALLOC-STATS] pool=0xae3179b50 begins=848000 live=59 peak=67 draining=0 borrowed=54 pending=54 released=152 retired=106 mean_uses=167.5 sum=327.7MiB max=14.4MiB
[LIMINA-ALLOC-STATS] pool=0xae3179b50 begins=848500 live=59 peak=67 draining=0 borrowed=54 pending=54 released=152 retired=106 mean_uses=167.5 sum=327.7MiB max=14.4MiB
[LIMINA-ALLOC-STATS] pool=0xae3179b50 begins=849000 live=59 peak=67 draining=0 borrowed=56 pending=56 released=152 retired=106 mean_uses=167.5 sum=327.7MiB max=14.4MiB
[LIMINA-ALLOC-STATS] pool=0xae3179b50 begins=849500 live=59 peak=67 draining=0 borrowed=54 pending=54 released=152 retired=106 mean_uses=167.5 sum=327.7MiB max=14.4MiB
[LIMINA-ALLOC-STATS] pool=0xae7e4db50 begins=4500 live=1 peak=1 draining=0 borrowed=1 pending=1 released=0 retired=0 mean_uses=0.0 sum=9.8MiB max=9.8MiB
[LIMINA-ALLOC-STATS] pool=0xae3179b50 begins=850000 live=59 peak=67 draining=0 borrowed=53 pending=53 released=152 retired=106 mean_uses=167.5 sum=327.7MiB max=14.4MiB
[LIMINA-ALLOC-STATS] pool=0xae3179b50 begins=850500 live=59 peak=67 draining=0 borrowed=57 pending=57 released=152 retired=106 mean_uses=167.5 sum=327.7MiB max=14.4MiB
[LIMINA-ALLOC-STATS] pool=0xae3179b50 begins=851000 live=59 peak=67 draining=0 borrowed=54 pending=54 released=152 retired=106 mean_uses=167.5 sum=327.8MiB max=14.4MiB
[LIMINA-ALLOC-STATS] pool=0xae3179b50 begins=851500 live=60 peak=67 draining=0 borrowed=56 pending=59 released=152 retired=106 mean_uses=167.5 sum=330.3MiB max=14.4MiB
[LIMINA-ALLOC-STATS] pool=0xae7e4db50 begins=5000 live=1 peak=1 draining=0 borrowed=1 pending=0 released=0 retired=0 mean_uses=0.0 sum=9.8MiB max=9.8MiB
[LIMINA-ALLOC-STATS] pool=0xae3179b50 begins=852000 live=60 peak=67 draining=0 borrowed=57 pending=57 released=152 retired=106 mean_uses=167.5 sum=330.5MiB max=14.4MiB
[LIMINA-ALLOC-STATS] pool=0xae3179b50 begins=852500 live=60 peak=67 draining=0 borrowed=54 pending=54 released=152 retired=106 mean_uses=167.5 sum=330.8MiB max=14.4MiB
[LIMINA-ALLOC-STATS] pool=0xae3179b50 begins=853000 live=60 peak=67 draining=0 borrowed=55 pending=55 released=152 retired=106 mean_uses=167.5 sum=330.8MiB max=14.4MiB
[LIMINA-ALLOC-STATS] pool=0xae3179b50 begins=853500 live=60 peak=67 draining=0 borrowed=55 pending=55 released=152 retired=106 mean_uses=167.5 sum=330.8MiB max=14.4MiB
[LIMINA-ALLOC-STATS] pool=0xae3179b50 begins=854000 live=60 peak=67 draining=0 borrowed=54 pending=54 released=152 retired=106 mean_uses=167.5 sum=330.8MiB max=14.4MiB
[LIMINA-ALLOC-STATS] pool=0xae7e4db50 begins=5500 live=1 peak=1 draining=0 borrowed=1 pending=0 released=0 retired=0 mean_uses=0.0 sum=9.8MiB max=9.8MiB
[LIMINA-ALLOC-STATS] pool=0xae3179b50 begins=854500 live=60 peak=67 draining=0 borrowed=55 pending=55 released=152 retired=106 mean_uses=167.5 sum=333.2MiB max=14.4MiB
[LIMINA-ALLOC-STATS] pool=0xae3179b50 begins=855000 live=60 peak=67 draining=0 borrowed=56 pending=56 released=152 retired=106 mean_uses=167.5 sum=333.2MiB max=14.4MiB
[LIMINA-ALLOC-STATS] pool=0xae3179b50 begins=855500 live=60 peak=67 draining=0 borrowed=58 pending=57 released=152 retired=106 mean_uses=167.5 sum=333.2MiB max=14.4MiB
[LIMINA-ALLOC-STATS] pool=0xae3179b50 begins=856000 live=60 peak=67 draining=0 borrowed=56 pending=55 released=152 retired=106 mean_uses=167.5 sum=333.2MiB max=14.4MiB
[LIMINA-ALLOC-STATS] pool=0xae7e4db50 begins=6000 live=1 peak=1 draining=0 borrowed=1 pending=0 released=0 retired=0 mean_uses=0.0 sum=9.8MiB max=9.8MiB
[LIMINA-ALLOC-STATS] pool=0xae3179b50 begins=856500 live=60 peak=67 draining=0 borrowed=54 pending=54 released=152 retired=106 mean_uses=167.5 sum=333.2MiB max=14.4MiB
[LIMINA-ALLOC-STATS] pool=0xae3179b50 begins=857000 live=60 peak=67 draining=0 borrowed=54 pending=54 released=152 retired=106 mean_uses=167.5 sum=333.2MiB max=14.4MiB
[LIMINA-ALLOC-STATS] pool=0xae3179b50 begins=857500 live=60 peak=67 draining=0 borrowed=54 pending=53 released=152 retired=106 mean_uses=167.5 sum=333.2MiB max=14.4MiB
[LIMINA-ALLOC-STATS] pool=0xae3179b50 begins=858000 live=60 peak=67 draining=0 borrowed=56 pending=56 released=152 retired=106 mean_uses=167.5 sum=333.2MiB max=14.4MiB
[LIMINA-ALLOC-STATS] pool=0xae3179b50 begins=858500 live=60 peak=67 draining=0 borrowed=55 pending=54 released=152 retired=106 mean_uses=167.5 sum=333.2MiB max=14.4MiB
[LIMINA-ALLOC-STATS] pool=0xae7e4db50 begins=6500 live=1 peak=1 draining=0 borrowed=1 pending=1 released=0 retired=0 mean_uses=0.0 sum=9.8MiB max=9.8MiB
[LIMINA-ALLOC-STATS] pool=0xae3179b50 begins=859000 live=60 peak=67 draining=0 borrowed=57 pending=56 released=152 retired=106 mean_uses=167.5 sum=333.2MiB max=14.4MiB
[LIMINA-ALLOC-STATS] pool=0xae3179b50 begins=859500 live=60 peak=67 draining=0 borrowed=55 pending=54 released=152 retired=106 mean_uses=167.5 sum=333.2MiB max=14.4MiB
[LIMINA-ALLOC-STATS] pool=0xae3179b50 begins=860000 live=60 peak=67 draining=0 borrowed=56 pending=59 released=152 retired=106 mean_uses=167.5 sum=333.3MiB max=14.4MiB
[LIMINA-ALLOC-STATS] pool=0xae3179b50 begins=860500 live=60 peak=67 draining=0 borrowed=55 pending=54 released=152 retired=106 mean_uses=167.5 sum=333.3MiB max=14.4MiB
[LIMINA-ALLOC-STATS] pool=0xae7e4db50 begins=7000 live=1 peak=1 draining=0 borrowed=1 pending=0 released=0 retired=0 mean_uses=0.0 sum=9.8MiB max=9.8MiB
[LIMINA-ALLOC-STATS] pool=0xae3179b50 begins=861000 live=60 peak=67 draining=0 borrowed=55 pending=55 released=152 retired=106 mean_uses=167.5 sum=333.3MiB max=14.4MiB
[LIMINA-ALLOC-STATS] pool=0xae3179b50 begins=861500 live=60 peak=67 draining=0 borrowed=55 pending=58 released=152 retired=106 mean_uses=167.5 sum=333.3MiB max=14.4MiB
[LIMINA-ALLOC-STATS] pool=0xae3179b50 begins=862000 live=60 peak=67 draining=0 borrowed=53 pending=53 released=152 retired=106 mean_uses=167.5 sum=333.3MiB max=14.4MiB
[LIMINA-ALLOC-STATS] pool=0xae3179b50 begins=862500 live=60 peak=67 draining=0 borrowed=57 pending=57 released=152 retired=106 mean_uses=167.5 sum=333.3MiB max=14.4MiB
[LIMINA-ALLOC-STATS] pool=0xae3179b50 begins=863000 live=60 peak=67 draining=0 borrowed=56 pending=59 released=152 retired=106 mean_uses=167.5 sum=333.3MiB max=14.4MiB
[LIMINA-ALLOC-STATS] pool=0xae7e4db50 begins=7500 live=1 peak=1 draining=0 borrowed=1 pending=1 released=0 retired=0 mean_uses=0.0 sum=9.8MiB max=9.8MiB
[LIMINA-ALLOC-STATS] pool=0xae3179b50 begins=863500 live=60 peak=67 draining=0 borrowed=53 pending=53 released=152 retired=106 mean_uses=167.5 sum=333.3MiB max=14.4MiB
[LIMINA-ALLOC-STATS] pool=0xae3179b50 begins=864000 live=60 peak=67 draining=0 borrowed=57 pending=57 released=152 retired=106 mean_uses=167.5 sum=333.3MiB max=14.4MiB
[LIMINA-ALLOC-STATS] pool=0xae3179b50 begins=864500 live=60 peak=67 draining=0 borrowed=55 pending=55 released=152 retired=106 mean_uses=167.5 sum=333.3MiB max=14.4MiB
[LIMINA-ALLOC-STATS] pool=0xae3179b50 begins=865000 live=60 peak=67 draining=0 borrowed=54 pending=53 released=152 retired=106 mean_uses=167.5 sum=333.3MiB max=14.4MiB
[LIMINA-ALLOC-STATS] pool=0xae7e4db50 begins=8000 live=1 peak=1 draining=0 borrowed=1 pending=0 released=0 retired=0 mean_uses=0.0 sum=9.8MiB max=9.8MiB
[LIMINA-ALLOC-STATS] pool=0xae3179b50 begins=865500 live=60 peak=67 draining=0 borrowed=57 pending=57 released=152 retired=106 mean_uses=167.5 sum=333.3MiB max=14.4MiB
[LIMINA-ALLOC-STATS] pool=0xae3179b50 begins=866000 live=60 peak=67 draining=0 borrowed=56 pending=58 released=152 retired=106 mean_uses=167.5 sum=333.3MiB max=14.4MiB
[LIMINA-ALLOC-STATS] pool=0xae3179b50 begins=866500 live=60 peak=67 draining=0 borrowed=54 pending=53 released=152 retired=106 mean_uses=167.5 sum=333.3MiB max=14.4MiB
[LIMINA-ALLOC-STATS] pool=0xae3179b50 begins=867000 live=60 peak=67 draining=0 borrowed=57 pending=56 released=152 retired=106 mean_uses=167.5 sum=333.3MiB max=14.4MiB
[LIMINA-ALLOC-STATS] pool=0xae3179b50 begins=867500 live=60 peak=67 draining=0 borrowed=56 pending=56 released=152 retired=106 mean_uses=167.5 sum=333.3MiB max=14.4MiB
[LIMINA-ALLOC-STATS] pool=0xae7e4db50 begins=8500 live=1 peak=1 draining=0 borrowed=1 pending=0 released=0 retired=0 mean_uses=0.0 sum=9.8MiB max=9.8MiB
[LIMINA-ALLOC-STATS] pool=0xae3179b50 begins=868000 live=60 peak=67 draining=0 borrowed=53 pending=53 released=152 retired=106 mean_uses=167.5 sum=333.3MiB max=14.4MiB
[LIMINA-ALLOC-STATS] pool=0xae3179b50 begins=868500 live=60 peak=67 draining=0 borrowed=56 pending=56 released=152 retired=106 mean_uses=167.5 sum=333.3MiB max=14.4MiB
[LIMINA-ALLOC-STATS] pool=0xae3179b50 begins=869000 live=60 peak=67 draining=0 borrowed=55 pending=54 released=152 retired=106 mean_uses=167.5 sum=333.3MiB max=14.4MiB
[LIMINA-ALLOC-STATS] pool=0xae3179b50 begins=869500 live=60 peak=67 draining=0 borrowed=54 pending=53 released=152 retired=106 mean_uses=167.5 sum=333.3MiB max=14.4MiB
[LIMINA-ALLOC-STATS] pool=0xae7e4db50 begins=9000 live=1 peak=1 draining=0 borrowed=1 pending=0 released=0 retired=0 mean_uses=0.0 sum=9.8MiB max=9.8MiB
[LIMINA-ALLOC-STATS] pool=0xae3179b50 begins=870000 live=60 peak=67 draining=0 borrowed=56 pending=56 released=152 retired=106 mean_uses=167.5 sum=333.3MiB max=14.4MiB
[LIMINA-ALLOC-STATS] pool=0xae3179b50 begins=870500 live=60 peak=67 draining=0 borrowed=55 pending=55 released=152 retired=106 mean_uses=167.5 sum=333.3MiB max=14.4MiB
[LIMINA-ALLOC-STATS] pool=0xae3179b50 begins=871000 live=60 peak=67 draining=0 borrowed=53 pending=54 released=152 retired=106 mean_uses=167.5 sum=333.3MiB max=14.4MiB
[LIMINA-ALLOC-STATS] pool=0xae3179b50 begins=871500 live=60 peak=67 draining=0 borrowed=55 pending=55 released=152 retired=106 mean_uses=167.5 sum=333.3MiB max=14.4MiB
[LIMINA-ALLOC-STATS] pool=0xae3179b50 begins=872000 live=60 peak=67 draining=0 borrowed=55 pending=55 released=152 retired=106 mean_uses=167.5 sum=333.3MiB max=14.4MiB
[LIMINA-ALLOC-STATS] pool=0xae7e4db50 begins=9500 live=1 peak=1 draining=0 borrowed=1 pending=0 released=0 retired=0 mean_uses=0.0 sum=9.8MiB max=9.8MiB
[LIMINA-ALLOC-STATS] pool=0xae3179b50 begins=872500 live=60 peak=67 draining=0 borrowed=52 pending=51 released=152 retired=106 mean_uses=167.5 sum=333.3MiB max=14.4MiB
[LIMINA-ALLOC-STATS] pool=0xae3179b50 begins=873000 live=60 peak=67 draining=0 borrowed=55 pending=55 released=152 retired=106 mean_uses=167.5 sum=333.3MiB max=14.4MiB
[LIMINA-ALLOC-STATS] pool=0xae3181b50 begins=7000 live=1 peak=1 draining=0 borrowed=1 pending=0 released=0 retired=0 mean_uses=0.0 sum=4.9MiB max=4.9MiB
[LIMINA-ALLOC-STATS] pool=0xae3179b50 begins=873500 live=60 peak=67 draining=0 borrowed=53 pending=52 released=152 retired=106 mean_uses=167.5 sum=333.3MiB max=14.4MiB
[LIMINA-ALLOC-STATS] pool=0xae317db50 begins=7000 live=1 peak=1 draining=0 borrowed=1 pending=0 released=0 retired=0 mean_uses=0.0 sum=4.9MiB max=4.9MiB
[LIMINA-ALLOC-STATS] pool=0xae3179b50 begins=874000 live=60 peak=67 draining=0 borrowed=53 pending=54 released=152 retired=106 mean_uses=167.5 sum=334.6MiB max=14.4MiB
[LIMINA-ALLOC-STATS] pool=0xae3179b50 begins=874500 live=60 peak=67 draining=0 borrowed=56 pending=56 released=152 retired=106 mean_uses=167.5 sum=334.6MiB max=14.4MiB
[LIMINA-ALLOC-STATS] pool=0xae7e4db50 begins=10000 live=1 peak=1 draining=0 borrowed=1 pending=0 released=0 retired=0 mean_uses=0.0 sum=9.8MiB max=9.8MiB
[LIMINA-ALLOC-STATS] pool=0xae3179b50 begins=875000 live=59 peak=67 draining=0 borrowed=54 pending=54 released=153 retired=106 mean_uses=167.5 sum=324.2MiB max=14.4MiB
[LIMINA-ALLOC-STATS] pool=0xae3179b50 begins=875500 live=59 peak=67 draining=0 borrowed=55 pending=54 released=153 retired=106 mean_uses=167.5 sum=325.0MiB max=14.4MiB
[LIMINA-ALLOC-STATS] pool=0xae3179b50 begins=876000 live=59 peak=67 draining=0 borrowed=56 pending=56 released=153 retired=106 mean_uses=167.5 sum=325.0MiB max=14.4MiB
[LIMINA-ALLOC-STATS] pool=0xae3179b50 begins=876500 live=59 peak=67 draining=0 borrowed=54 pending=54 released=153 retired=106 mean_uses=167.5 sum=325.0MiB max=14.4MiB
[LIMINA-ALLOC-STATS] pool=0xae7e4db50 begins=10500 live=1 peak=1 draining=0 borrowed=1 pending=0 released=0 retired=0 mean_uses=0.0 sum=9.8MiB max=9.8MiB
[LIMINA-ALLOC-STATS] pool=0xae3179b50 begins=877000 live=59 peak=67 draining=0 borrowed=54 pending=53 released=153 retired=106 mean_uses=167.5 sum=325.0MiB max=14.4MiB
[LIMINA-ALLOC-STATS] pool=0xae3179b50 begins=877500 live=59 peak=67 draining=0 borrowed=54 pending=55 released=153 retired=106 mean_uses=167.5 sum=325.0MiB max=14.4MiB
[LIMINA-ALLOC-STATS] pool=0xae3179b50 begins=878000 live=59 peak=67 draining=0 borrowed=56 pending=59 released=153 retired=106 mean_uses=167.5 sum=325.0MiB max=14.4MiB
[LIMINA-ALLOC-STATS] pool=0xae3179b50 begins=878500 live=59 peak=67 draining=0 borrowed=55 pending=55 released=153 retired=106 mean_uses=167.5 sum=325.0MiB max=14.4MiB
[LIMINA-ALLOC-STATS] pool=0xae7e4db50 begins=11000 live=1 peak=1 draining=0 borrowed=1 pending=0 released=0 retired=0 mean_uses=0.0 sum=9.8MiB max=9.8MiB
[LIMINA-ALLOC-STATS] pool=0xae3179b50 begins=879000 live=59 peak=67 draining=0 borrowed=57 pending=60 released=153 retired=106 mean_uses=167.5 sum=325.0MiB max=14.4MiB
[LIMINA-ALLOC-STATS] pool=0xae3179b50 begins=879500 live=59 peak=67 draining=0 borrowed=55 pending=55 released=153 retired=106 mean_uses=167.5 sum=325.0MiB max=14.4MiB
[LIMINA-ALLOC-STATS] pool=0xae3179b50 begins=880000 live=59 peak=67 draining=0 borrowed=53 pending=53 released=153 retired=106 mean_uses=167.5 sum=325.0MiB max=14.4MiB
[LIMINA-ALLOC-STATS] pool=0xae3179b50 begins=880500 live=60 peak=67 draining=0 borrowed=57 pending=56 released=153 retired=106 mean_uses=167.5 sum=327.7MiB max=14.4MiB
[LIMINA-ALLOC-STATS] pool=0xae3179b50 begins=881000 live=60 peak=67 draining=0 borrowed=56 pending=55 released=153 retired=106 mean_uses=167.5 sum=327.7MiB max=14.4MiB
[LIMINA-ALLOC-STATS] pool=0xae7e4db50 begins=11500 live=1 peak=1 draining=0 borrowed=1 pending=0 released=0 retired=0 mean_uses=0.0 sum=9.8MiB max=9.8MiB
[LIMINA-ALLOC-STATS] pool=0xae3179b50 begins=881500 live=60 peak=67 draining=0 borrowed=53 pending=53 released=153 retired=106 mean_uses=167.5 sum=327.7MiB max=14.4MiB
[LIMINA-ALLOC-STATS] pool=0xae3179b50 begins=882000 live=60 peak=67 draining=0 borrowed=56 pending=56 released=153 retired=106 mean_uses=167.5 sum=327.7MiB max=14.4MiB
[LIMINA-ALLOC-STATS] pool=0xae3179b50 begins=882500 live=60 peak=67 draining=0 borrowed=56 pending=55 released=153 retired=106 mean_uses=167.5 sum=327.7MiB max=14.4MiB
[LIMINA-ALLOC-STATS] pool=0xae3179b50 begins=883000 live=60 peak=67 draining=0 borrowed=53 pending=54 released=153 retired=106 mean_uses=167.5 sum=327.7MiB max=14.4MiB
[LIMINA-ALLOC-STATS] pool=0xae7e4db50 begins=12000 live=1 peak=1 draining=0 borrowed=1 pending=0 released=0 retired=0 mean_uses=0.0 sum=9.8MiB max=9.8MiB
[LIMINA-ALLOC-STATS] pool=0xae3179b50 begins=883500 live=60 peak=67 draining=0 borrowed=56 pending=59 released=153 retired=106 mean_uses=167.5 sum=327.7MiB max=14.4MiB
[LIMINA-ALLOC-STATS] pool=0xae3179b50 begins=884000 live=60 peak=67 draining=0 borrowed=55 pending=54 released=153 retired=106 mean_uses=167.5 sum=333.6MiB max=14.4MiB
[LIMINA-ALLOC-STATS] pool=0xae3179b50 begins=884500 live=60 peak=67 draining=0 borrowed=55 pending=57 released=153 retired=106 mean_uses=167.5 sum=333.6MiB max=14.4MiB
[LIMINA-ALLOC-STATS] pool=0xae3179b50 begins=885000 live=60 peak=67 draining=0 borrowed=55 pending=55 released=153 retired=106 mean_uses=167.5 sum=333.6MiB max=14.4MiB
[LIMINA-ALLOC-STATS] pool=0xae3179b50 begins=885500 live=60 peak=67 draining=0 borrowed=55 pending=54 released=153 retired=106 mean_uses=167.5 sum=333.6MiB max=14.4MiB
[LIMINA-ALLOC-STATS] pool=0xae7e4db50 begins=12500 live=1 peak=1 draining=0 borrowed=1 pending=0 released=0 retired=0 mean_uses=0.0 sum=9.8MiB max=9.8MiB
[LIMINA-ALLOC-STATS] pool=0xae3179b50 begins=886000 live=60 peak=67 draining=0 borrowed=53 pending=54 released=153 retired=106 mean_uses=167.5 sum=333.6MiB max=14.4MiB
[LIMINA-ALLOC-STATS] pool=0xae3179b50 begins=886500 live=60 peak=67 draining=0 borrowed=56 pending=55 released=153 retired=106 mean_uses=167.5 sum=333.6MiB max=14.4MiB
[LIMINA-ALLOC-STATS] pool=0xae3179b50 begins=887000 live=60 peak=67 draining=0 borrowed=56 pending=57 released=153 retired=106 mean_uses=167.5 sum=333.6MiB max=14.4MiB
[LIMINA-ALLOC-STATS] pool=0xae3179b50 begins=887500 live=60 peak=67 draining=0 borrowed=53 pending=52 released=153 retired=106 mean_uses=167.5 sum=333.6MiB max=14.4MiB
[LIMINA-ALLOC-STATS] pool=0xae7e4db50 begins=13000 live=1 peak=1 draining=0 borrowed=1 pending=0 released=0 retired=0 mean_uses=0.0 sum=9.8MiB max=9.8MiB
[LIMINA-ALLOC-STATS] pool=0xae3179b50 begins=888000 live=60 peak=67 draining=0 borrowed=54 pending=54 released=153 retired=106 mean_uses=167.5 sum=333.6MiB max=14.4MiB
[LIMINA-ALLOC-STATS] pool=0xae3179b50 begins=888500 live=60 peak=67 draining=0 borrowed=56 pending=58 released=153 retired=106 mean_uses=167.5 sum=333.7MiB max=14.4MiB
[LIMINA-ALLOC-STATS] pool=0xae3179b50 begins=889000 live=60 peak=67 draining=0 borrowed=53 pending=53 released=153 retired=106 mean_uses=167.5 sum=333.7MiB max=14.4MiB
[LIMINA-ALLOC-STATS] pool=0xae3179b50 begins=889500 live=60 peak=67 draining=0 borrowed=57 pending=56 released=153 retired=106 mean_uses=167.5 sum=333.7MiB max=14.4MiB
[LIMINA-ALLOC-STATS] pool=0xae3179b50 begins=890000 live=60 peak=67 draining=0 borrowed=54 pending=54 released=153 retired=106 mean_uses=167.5 sum=333.7MiB max=14.4MiB
[LIMINA-ALLOC-STATS] pool=0xae7e4db50 begins=13500 live=1 peak=1 draining=0 borrowed=1 pending=0 released=0 retired=0 mean_uses=0.0 sum=9.8MiB max=9.8MiB
[LIMINA-ALLOC-STATS] pool=0xae3179b50 begins=890500 live=60 peak=67 draining=0 borrowed=53 pending=53 released=153 retired=106 mean_uses=167.5 sum=333.7MiB max=14.4MiB
[LIMINA-ALLOC-STATS] pool=0xae3179b50 begins=891000 live=60 peak=67 draining=0 borrowed=57 pending=57 released=153 retired=106 mean_uses=167.5 sum=333.7MiB max=14.4MiB
[LIMINA-ALLOC-STATS] pool=0xae3179b50 begins=891500 live=60 peak=67 draining=0 borrowed=54 pending=54 released=153 retired=106 mean_uses=167.5 sum=333.7MiB max=14.4MiB
[LIMINA-ALLOC-STATS] pool=0xae3179b50 begins=892000 live=60 peak=67 draining=0 borrowed=53 pending=53 released=153 retired=106 mean_uses=167.5 sum=333.7MiB max=14.4MiB
[LIMINA-ALLOC-STATS] pool=0xae7e4db50 begins=14000 live=1 peak=1 draining=0 borrowed=1 pending=0 released=0 retired=0 mean_uses=0.0 sum=9.8MiB max=9.8MiB
[LIMINA-ALLOC-STATS] pool=0xae3179b50 begins=892500 live=60 peak=67 draining=0 borrowed=56 pending=55 released=153 retired=106 mean_uses=167.5 sum=333.7MiB max=14.4MiB
[LIMINA-ALLOC-STATS] pool=0xae3179b50 begins=893000 live=60 peak=67 draining=0 borrowed=56 pending=55 released=153 retired=106 mean_uses=167.5 sum=333.7MiB max=14.4MiB
[LIMINA-ALLOC-STATS] pool=0xae3179b50 begins=893500 live=60 peak=67 draining=0 borrowed=55 pending=56 released=153 retired=106 mean_uses=167.5 sum=333.7MiB max=14.4MiB
[LIMINA-ALLOC-STATS] pool=0xae3179b50 begins=894000 live=60 peak=67 draining=0 borrowed=56 pending=55 released=153 retired=106 mean_uses=167.5 sum=333.7MiB max=14.4MiB
[LIMINA-ALLOC-STATS] pool=0xae3179b50 begins=894500 live=60 peak=67 draining=0 borrowed=55 pending=54 released=153 retired=106 mean_uses=167.5 sum=333.7MiB max=14.4MiB
[LIMINA-ALLOC-STATS] pool=0xae7e4db50 begins=14500 live=1 peak=1 draining=0 borrowed=1 pending=0 released=0 retired=0 mean_uses=0.0 sum=9.8MiB max=9.8MiB
[LIMINA-ALLOC-STATS] pool=0xae3179b50 begins=895000 live=60 peak=67 draining=0 borrowed=53 pending=54 released=153 retired=106 mean_uses=167.5 sum=333.7MiB max=14.4MiB
[LIMINA-ALLOC-STATS] pool=0xae3179b50 begins=895500 live=60 peak=67 draining=0 borrowed=54 pending=54 released=153 retired=106 mean_uses=167.5 sum=333.7MiB max=14.4MiB
[LIMINA-ALLOC-STATS] pool=0xae3179b50 begins=896000 live=60 peak=67 draining=0 borrowed=56 pending=56 released=153 retired=106 mean_uses=167.5 sum=333.7MiB max=14.4MiB
[LIMINA-ALLOC-STATS] pool=0xae3179b50 begins=896500 live=60 peak=67 draining=0 borrowed=53 pending=53 released=153 retired=106 mean_uses=167.5 sum=333.7MiB max=14.4MiB
[LIMINA-ALLOC-STATS] pool=0xae7e4db50 begins=15000 live=1 peak=1 draining=0 borrowed=1 pending=0 released=0 retired=0 mean_uses=0.0 sum=9.8MiB max=9.8MiB
[LIMINA-ALLOC-STATS] pool=0xae3179b50 begins=897000 live=60 peak=67 draining=0 borrowed=56 pending=55 released=153 retired=106 mean_uses=167.5 sum=333.7MiB max=14.4MiB
[LIMINA-ALLOC-STATS] pool=0xae3179b50 begins=897500 live=60 peak=67 draining=0 borrowed=54 pending=55 released=153 retired=106 mean_uses=167.5 sum=333.7MiB max=14.4MiB
[LIMINA-ALLOC-STATS] pool=0xae3179b50 begins=898000 live=60 peak=67 draining=0 borrowed=55 pending=54 released=153 retired=106 mean_uses=167.5 sum=333.7MiB max=14.4MiB
[LIMINA-ALLOC-STATS] pool=0xae3179b50 begins=898500 live=60 peak=67 draining=0 borrowed=56 pending=61 released=153 retired=106 mean_uses=167.5 sum=333.7MiB max=14.4MiB
[LIMINA-ALLOC-STATS] pool=0xae3179b50 begins=899000 live=60 peak=67 draining=0 borrowed=54 pending=54 released=153 retired=106 mean_uses=167.5 sum=333.7MiB max=14.4MiB
[LIMINA-ALLOC-STATS] pool=0xae7e4db50 begins=15500 live=1 peak=1 draining=0 borrowed=1 pending=1 released=0 retired=0 mean_uses=0.0 sum=9.8MiB max=9.8MiB
[LIMINA-ALLOC-STATS] pool=0xae3179b50 begins=899500 live=60 peak=67 draining=0 borrowed=54 pending=57 released=153 retired=106 mean_uses=167.5 sum=333.7MiB max=14.4MiB
[LIMINA-ALLOC-STATS] pool=0xae3179b50 begins=900000 live=60 peak=67 draining=0 borrowed=55 pending=55 released=153 retired=106 mean_uses=167.5 sum=333.7MiB max=14.4MiB
[LIMINA-ALLOC-STATS] pool=0xae3179b50 begins=900500 live=60 peak=67 draining=0 borrowed=56 pending=57 released=153 retired=106 mean_uses=167.5 sum=333.7MiB max=14.4MiB
[LIMINA-ALLOC-STATS] pool=0xae3179b50 begins=901000 live=60 peak=67 draining=0 borrowed=53 pending=53 released=153 retired=106 mean_uses=167.5 sum=333.7MiB max=14.4MiB
[LIMINA-ALLOC-STATS] pool=0xae7e4db50 begins=16000 live=1 peak=1 draining=0 borrowed=1 pending=0 released=0 retired=0 mean_uses=0.0 sum=9.8MiB max=9.8MiB
[LIMINA-ALLOC-STATS] pool=0xae3179b50 begins=901500 live=60 peak=67 draining=0 borrowed=58 pending=58 released=153 retired=106 mean_uses=167.5 sum=333.7MiB max=14.4MiB
[LIMINA-ALLOC-STATS] pool=0xae3179b50 begins=902000 live=60 peak=67 draining=0 borrowed=55 pending=55 released=153 retired=106 mean_uses=167.5 sum=333.7MiB max=14.4MiB
[LIMINA-ALLOC-STATS] pool=0xae3179b50 begins=902500 live=60 peak=67 draining=0 borrowed=53 pending=53 released=153 retired=106 mean_uses=167.5 sum=333.7MiB max=14.4MiB
[LIMINA-ALLOC-STATS] pool=0xae3179b50 begins=903000 live=60 peak=67 draining=0 borrowed=55 pending=55 released=153 retired=106 mean_uses=167.5 sum=333.7MiB max=14.4MiB
[LIMINA-ALLOC-STATS] pool=0xae3179b50 begins=903500 live=60 peak=67 draining=0 borrowed=54 pending=54 released=153 retired=106 mean_uses=167.5 sum=333.7MiB max=14.4MiB
[LIMINA-ALLOC-STATS] pool=0xae7e4db50 begins=16500 live=1 peak=1 draining=0 borrowed=1 pending=0 released=0 retired=0 mean_uses=0.0 sum=9.8MiB max=9.8MiB
[LIMINA-ALLOC-STATS] pool=0xae3179b50 begins=904000 live=60 peak=67 draining=0 borrowed=53 pending=52 released=153 retired=106 mean_uses=167.5 sum=333.7MiB max=14.4MiB
[LIMINA-ALLOC-STATS] pool=0xae3179b50 begins=904500 live=60 peak=67 draining=0 borrowed=56 pending=56 released=153 retired=106 mean_uses=167.5 sum=333.7MiB max=14.4MiB
[LIMINA-ALLOC-STATS] pool=0xae3179b50 begins=905000 live=60 peak=67 draining=0 borrowed=54 pending=54 released=153 retired=106 mean_uses=167.5 sum=333.7MiB max=14.4MiB
[LIMINA-ALLOC-STATS] pool=0xae3179b50 begins=905500 live=60 peak=67 draining=0 borrowed=53 pending=53 released=153 retired=106 mean_uses=167.5 sum=333.7MiB max=14.4MiB
[LIMINA-ALLOC-STATS] pool=0xae7e4db50 begins=17000 live=1 peak=1 draining=0 borrowed=1 pending=0 released=0 retired=0 mean_uses=0.0 sum=9.8MiB max=9.8MiB
[LIMINA-ALLOC-STATS] pool=0xae3179b50 begins=906000 live=60 peak=67 draining=0 borrowed=55 pending=58 released=153 retired=106 mean_uses=167.5 sum=333.7MiB max=14.4MiB
[LIMINA-ALLOC-STATS] pool=0xae3179b50 begins=906500 live=60 peak=67 draining=0 borrowed=55 pending=54 released=153 retired=106 mean_uses=167.5 sum=333.7MiB max=14.4MiB
[LIMINA-ALLOC-STATS] pool=0xae3179b50 begins=907000 live=60 peak=67 draining=0 borrowed=53 pending=53 released=153 retired=106 mean_uses=167.5 sum=333.7MiB max=14.4MiB
[LIMINA-ALLOC-STATS] pool=0xae3179b50 begins=907500 live=60 peak=67 draining=0 borrowed=55 pending=55 released=153 retired=106 mean_uses=167.5 sum=333.7MiB max=14.4MiB
[LIMINA-ALLOC-STATS] pool=0xae3179b50 begins=908000 live=60 peak=67 draining=0 borrowed=55 pending=54 released=153 retired=106 mean_uses=167.5 sum=333.7MiB max=14.4MiB
[LIMINA-ALLOC-STATS] pool=0xae7e4db50 begins=17500 live=1 peak=1 draining=0 borrowed=1 pending=0 released=0 retired=0 mean_uses=0.0 sum=9.8MiB max=9.8MiB
[LIMINA-ALLOC-STATS] pool=0xae3179b50 begins=908500 live=60 peak=67 draining=0 borrowed=54 pending=53 released=153 retired=106 mean_uses=167.5 sum=333.7MiB max=14.4MiB
[LIMINA-ALLOC-STATS] pool=0xae3179b50 begins=909000 live=61 peak=67 draining=0 borrowed=57 pending=56 released=153 retired=106 mean_uses=167.5 sum=333.8MiB max=14.4MiB
[LIMINA-ALLOC-STATS] pool=0xae3179b50 begins=909500 live=61 peak=67 draining=0 borrowed=56 pending=55 released=153 retired=106 mean_uses=167.5 sum=336.4MiB max=14.4MiB
[LIMINA-ALLOC-STATS] pool=0xae3179b50 begins=910000 live=61 peak=67 draining=0 borrowed=53 pending=53 released=153 retired=106 mean_uses=167.5 sum=336.5MiB max=14.4MiB
[LIMINA-ALLOC-STATS] pool=0xae7e4db50 begins=18000 live=1 peak=1 draining=0 borrowed=1 pending=0 released=0 retired=0 mean_uses=0.0 sum=9.8MiB max=9.8MiB
[LIMINA-ALLOC-STATS] pool=0xae3179b50 begins=910500 live=61 peak=67 draining=0 borrowed=56 pending=56 released=153 retired=106 mean_uses=167.5 sum=336.8MiB max=14.4MiB
[LIMINA-ALLOC-STATS] pool=0xae3179b50 begins=911000 live=61 peak=67 draining=0 borrowed=56 pending=56 released=153 retired=106 mean_uses=167.5 sum=336.8MiB max=14.4MiB
[LIMINA-ALLOC-STATS] pool=0xae3179b50 begins=911500 live=61 peak=67 draining=0 borrowed=56 pending=57 released=153 retired=106 mean_uses=167.5 sum=336.8MiB max=14.4MiB
[LIMINA-ALLOC-STATS] pool=0xae3179b50 begins=912000 live=61 peak=67 draining=0 borrowed=56 pending=55 released=153 retired=106 mean_uses=167.5 sum=336.8MiB max=14.4MiB
[LIMINA-ALLOC-STATS] pool=0xae7e4db50 begins=18500 live=1 peak=1 draining=0 borrowed=1 pending=0 released=0 retired=0 mean_uses=0.0 sum=9.8MiB max=9.8MiB
[LIMINA-ALLOC-STATS] pool=0xae3179b50 begins=912500 live=61 peak=67 draining=0 borrowed=55 pending=56 released=153 retired=106 mean_uses=167.5 sum=336.8MiB max=14.4MiB
[LIMINA-ALLOC-STATS] pool=0xae3179b50 begins=913000 live=61 peak=67 draining=0 borrowed=54 pending=54 released=153 retired=106 mean_uses=167.5 sum=336.8MiB max=14.4MiB
[LIMINA-ALLOC-STATS] pool=0xae3179b50 begins=913500 live=61 peak=67 draining=0 borrowed=55 pending=55 released=153 retired=106 mean_uses=167.5 sum=336.8MiB max=14.4MiB
[LIMINA-ALLOC-STATS] pool=0xae3179b50 begins=914000 live=61 peak=67 draining=0 borrowed=54 pending=54 released=153 retired=106 mean_uses=167.5 sum=336.8MiB max=14.4MiB
[LIMINA-ALLOC-STATS] pool=0xae7e4db50 begins=19000 live=1 peak=1 draining=0 borrowed=1 pending=0 released=0 retired=0 mean_uses=0.0 sum=9.8MiB max=9.8MiB
[LIMINA-ALLOC-STATS] pool=0xae3179b50 begins=914500 live=61 peak=67 draining=0 borrowed=52 pending=52 released=153 retired=106 mean_uses=167.5 sum=336.8MiB max=14.4MiB
[LIMINA-ALLOC-STATS] pool=0xae3179b50 begins=915000 live=61 peak=67 draining=0 borrowed=56 pending=55 released=153 retired=106 mean_uses=167.5 sum=336.8MiB max=14.4MiB
[LIMINA-ALLOC-STATS] pool=0xae3179b50 begins=915500 live=61 peak=67 draining=0 borrowed=57 pending=56 released=153 retired=106 mean_uses=167.5 sum=336.8MiB max=14.4MiB
[LIMINA-ALLOC-STATS] pool=0xae3179b50 begins=916000 live=61 peak=67 draining=0 borrowed=53 pending=54 released=153 retired=106 mean_uses=167.5 sum=336.8MiB max=14.4MiB
[LIMINA-ALLOC-STATS] pool=0xae3179b50 begins=916500 live=61 peak=67 draining=0 borrowed=57 pending=57 released=153 retired=106 mean_uses=167.5 sum=336.8MiB max=14.4MiB
[LIMINA-ALLOC-STATS] pool=0xae7e4db50 begins=19500 live=1 peak=1 draining=0 borrowed=1 pending=0 released=0 retired=0 mean_uses=0.0 sum=9.8MiB max=9.8MiB
[LIMINA-ALLOC-STATS] pool=0xae3179b50 begins=917000 live=61 peak=67 draining=0 borrowed=54 pending=55 released=153 retired=106 mean_uses=167.5 sum=336.8MiB max=14.4MiB
[LIMINA-ALLOC-STATS] pool=0xae3179b50 begins=917500 live=61 peak=67 draining=0 borrowed=55 pending=57 released=153 retired=106 mean_uses=167.5 sum=338.9MiB max=14.4MiB
[LIMINA-ALLOC-STATS] pool=0xae3179b50 begins=918000 live=61 peak=67 draining=0 borrowed=56 pending=55 released=153 retired=106 mean_uses=167.5 sum=339.0MiB max=14.4MiB
[LIMINA-ALLOC-STATS] pool=0xae7e4db50 begins=20000 live=1 peak=1 draining=0 borrowed=1 pending=1 released=0 retired=0 mean_uses=0.0 sum=9.8MiB max=9.8MiB
[LIMINA-ALLOC-STATS] pool=0xae3179b50 begins=918500 live=61 peak=67 draining=0 borrowed=56 pending=58 released=153 retired=106 mean_uses=167.5 sum=339.0MiB max=14.4MiB
[LIMINA-ALLOC-STATS] pool=0xae3179b50 begins=919000 live=61 peak=67 draining=0 borrowed=55 pending=54 released=153 retired=106 mean_uses=167.5 sum=339.0MiB max=14.4MiB
[LIMINA-ALLOC-STATS] pool=0xae3179b50 begins=919500 live=61 peak=67 draining=0 borrowed=56 pending=56 released=153 retired=106 mean_uses=167.5 sum=339.0MiB max=14.4MiB
[LIMINA-ALLOC-STATS] pool=0xae3179b50 begins=920000 live=61 peak=67 draining=0 borrowed=57 pending=59 released=153 retired=106 mean_uses=167.5 sum=339.0MiB max=14.4MiB
[LIMINA-ALLOC-STATS] pool=0xae7e4db50 begins=20500 live=1 peak=1 draining=0 borrowed=1 pending=1 released=0 retired=0 mean_uses=0.0 sum=9.8MiB max=9.8MiB
[LIMINA-ALLOC-STATS] pool=0xae3179b50 begins=920500 live=61 peak=67 draining=0 borrowed=54 pending=54 released=153 retired=106 mean_uses=167.5 sum=339.0MiB max=14.4MiB
[LIMINA-ALLOC-STATS] pool=0xae3179b50 begins=921000 live=61 peak=67 draining=0 borrowed=56 pending=55 released=153 retired=106 mean_uses=167.5 sum=339.0MiB max=14.4MiB
[LIMINA-ALLOC-STATS] pool=0xae3179b50 begins=921500 live=61 peak=67 draining=0 borrowed=57 pending=57 released=153 retired=106 mean_uses=167.5 sum=339.0MiB max=14.4MiB
[LIMINA-ALLOC-STATS] pool=0xae3179b50 begins=922000 live=61 peak=67 draining=0 borrowed=55 pending=55 released=153 retired=106 mean_uses=167.5 sum=339.0MiB max=14.4MiB
[LIMINA-ALLOC-STATS] pool=0xae3179b50 begins=922500 live=61 peak=67 draining=0 borrowed=55 pending=55 released=153 retired=106 mean_uses=167.5 sum=339.0MiB max=14.4MiB
[LIMINA-ALLOC-STATS] pool=0xae7e4db50 begins=21000 live=1 peak=1 draining=0 borrowed=1 pending=1 released=0 retired=0 mean_uses=0.0 sum=9.8MiB max=9.8MiB
[LIMINA-ALLOC-STATS] pool=0xae3179b50 begins=923000 live=61 peak=67 draining=0 borrowed=55 pending=58 released=153 retired=106 mean_uses=167.5 sum=339.0MiB max=14.4MiB
[LIMINA-ALLOC-STATS] pool=0xae3179b50 begins=923500 live=61 peak=67 draining=0 borrowed=53 pending=54 released=153 retired=106 mean_uses=167.5 sum=339.0MiB max=14.4MiB
[LIMINA-ALLOC-STATS] pool=0xae3179b50 begins=924000 live=61 peak=67 draining=0 borrowed=56 pending=56 released=153 retired=106 mean_uses=167.5 sum=339.0MiB max=14.4MiB
[LIMINA-ALLOC-STATS] pool=0xae3179b50 begins=924500 live=61 peak=67 draining=0 borrowed=54 pending=55 released=153 retired=106 mean_uses=167.5 sum=339.0MiB max=14.4MiB
[LIMINA-ALLOC-STATS] pool=0xae7e4db50 begins=21500 live=1 peak=1 draining=0 borrowed=1 pending=0 released=0 retired=0 mean_uses=0.0 sum=9.8MiB max=9.8MiB
[LIMINA-ALLOC-STATS] pool=0xae3179b50 begins=925000 live=60 peak=67 draining=0 borrowed=54 pending=54 released=154 retired=106 mean_uses=167.5 sum=327.6MiB max=14.4MiB
[LIMINA-ALLOC-STATS] pool=0xae3179b50 begins=925500 live=60 peak=67 draining=0 borrowed=55 pending=56 released=154 retired=106 mean_uses=167.5 sum=327.6MiB max=14.4MiB
[LIMINA-ALLOC-STATS] pool=0xae3179b50 begins=926000 live=60 peak=67 draining=0 borrowed=54 pending=55 released=154 retired=106 mean_uses=167.5 sum=327.6MiB max=14.4MiB
[LIMINA-ALLOC-STATS] pool=0xae3179b50 begins=926500 live=60 peak=67 draining=0 borrowed=53 pending=53 released=154 retired=106 mean_uses=167.5 sum=327.6MiB max=14.4MiB
[LIMINA-ALLOC-STATS] pool=0xae7e4db50 begins=22000 live=1 peak=1 draining=0 borrowed=1 pending=1 released=0 retired=0 mean_uses=0.0 sum=9.8MiB max=9.8MiB
[LIMINA-ALLOC-STATS] pool=0xae3179b50 begins=927000 live=60 peak=67 draining=0 borrowed=55 pending=55 released=154 retired=106 mean_uses=167.5 sum=327.6MiB max=14.4MiB
[LIMINA-ALLOC-STATS] pool=0xae3179b50 begins=927500 live=59 peak=67 draining=0 borrowed=54 pending=55 released=155 retired=106 mean_uses=167.5 sum=316.3MiB max=14.4MiB
[LIMINA-ALLOC-STATS] pool=0xae3179b50 begins=928000 live=59 peak=67 draining=0 borrowed=53 pending=54 released=155 retired=106 mean_uses=167.5 sum=316.3MiB max=14.4MiB
[LIMINA-ALLOC-STATS] pool=0xae3179b50 begins=928500 live=59 peak=67 draining=0 borrowed=57 pending=56 released=155 retired=106 mean_uses=167.5 sum=316.3MiB max=14.4MiB
[LIMINA-ALLOC-STATS] pool=0xae7e4db50 begins=22500 live=1 peak=1 draining=0 borrowed=1 pending=0 released=0 retired=0 mean_uses=0.0 sum=9.8MiB max=9.8MiB
[LIMINA-ALLOC-STATS] pool=0xae3179b50 begins=929000 live=59 peak=67 draining=0 borrowed=55 pending=54 released=155 retired=106 mean_uses=167.5 sum=316.3MiB max=14.4MiB
[LIMINA-ALLOC-STATS] pool=0xae3179b50 begins=929500 live=59 peak=67 draining=0 borrowed=55 pending=55 released=155 retired=106 mean_uses=167.5 sum=316.3MiB max=14.4MiB
[LIMINA-ALLOC-STATS] pool=0xae3179b50 begins=930000 live=59 peak=67 draining=0 borrowed=56 pending=55 released=155 retired=106 mean_uses=167.5 sum=318.5MiB max=14.4MiB
[LIMINA-ALLOC-STATS] pool=0xae3179b50 begins=930500 live=59 peak=67 draining=0 borrowed=56 pending=58 released=155 retired=106 mean_uses=167.5 sum=318.5MiB max=14.4MiB
[LIMINA-ALLOC-STATS] pool=0xae7e4db50 begins=23000 live=1 peak=1 draining=0 borrowed=1 pending=0 released=0 retired=0 mean_uses=0.0 sum=9.8MiB max=9.8MiB
[LIMINA-ALLOC-STATS] pool=0xae3179b50 begins=931000 live=59 peak=67 draining=0 borrowed=55 pending=55 released=155 retired=106 mean_uses=167.5 sum=318.5MiB max=14.4MiB
[LIMINA-ALLOC-STATS] pool=0xae3179b50 begins=931500 live=59 peak=67 draining=0 borrowed=55 pending=55 released=155 retired=106 mean_uses=167.5 sum=318.5MiB max=14.4MiB
[LIMINA-ALLOC-STATS] pool=0xae3179b50 begins=932000 live=59 peak=67 draining=0 borrowed=54 pending=54 released=155 retired=106 mean_uses=167.5 sum=319.3MiB max=14.4MiB
[LIMINA-ALLOC-STATS] pool=0xae3179b50 begins=932500 live=59 peak=67 draining=0 borrowed=55 pending=57 released=155 retired=106 mean_uses=167.5 sum=319.3MiB max=14.4MiB
[LIMINA-ALLOC-STATS] pool=0xae7e4db50 begins=23500 live=1 peak=1 draining=0 borrowed=1 pending=1 released=0 retired=0 mean_uses=0.0 sum=9.8MiB max=9.8MiB
[LIMINA-ALLOC-STATS] pool=0xae3179b50 begins=933000 live=59 peak=67 draining=0 borrowed=55 pending=55 released=155 retired=106 mean_uses=167.5 sum=319.3MiB max=14.4MiB
[LIMINA-ALLOC-STATS] pool=0xae3179b50 begins=933500 live=59 peak=67 draining=0 borrowed=55 pending=55 released=155 retired=106 mean_uses=167.5 sum=319.3MiB max=14.4MiB
[LIMINA-ALLOC-STATS] pool=0xae3179b50 begins=934000 live=59 peak=67 draining=0 borrowed=54 pending=54 released=155 retired=106 mean_uses=167.5 sum=319.3MiB max=14.4MiB
[LIMINA-ALLOC-STATS] pool=0xae3179b50 begins=934500 live=60 peak=67 draining=0 borrowed=56 pending=58 released=155 retired=106 mean_uses=167.5 sum=322.3MiB max=14.4MiB
[LIMINA-ALLOC-STATS] pool=0xae7e4db50 begins=24000 live=1 peak=1 draining=0 borrowed=1 pending=1 released=0 retired=0 mean_uses=0.0 sum=9.8MiB max=9.8MiB
[LIMINA-ALLOC-STATS] pool=0xae3179b50 begins=935000 live=60 peak=67 draining=0 borrowed=55 pending=56 released=155 retired=106 mean_uses=167.5 sum=324.5MiB max=14.4MiB
[LIMINA-ALLOC-STATS] pool=0xae3179b50 begins=935500 live=60 peak=67 draining=0 borrowed=55 pending=55 released=155 retired=106 mean_uses=167.5 sum=324.6MiB max=14.4MiB
[LIMINA-ALLOC-STATS] pool=0xae3179b50 begins=936000 live=60 peak=67 draining=0 borrowed=56 pending=56 released=155 retired=106 mean_uses=167.5 sum=324.6MiB max=14.4MiB
[LIMINA-ALLOC-STATS] pool=0xae3179b50 begins=936500 live=60 peak=67 draining=0 borrowed=55 pending=56 released=155 retired=106 mean_uses=167.5 sum=325.2MiB max=14.4MiB
[LIMINA-ALLOC-STATS] pool=0xae7e4db50 begins=24500 live=1 peak=1 draining=0 borrowed=1 pending=0 released=0 retired=0 mean_uses=0.0 sum=9.8MiB max=9.8MiB
[LIMINA-ALLOC-STATS] pool=0xae3179b50 begins=937000 live=60 peak=67 draining=0 borrowed=57 pending=59 released=155 retired=106 mean_uses=167.5 sum=325.2MiB max=14.4MiB
[LIMINA-ALLOC-STATS] pool=0xae3179b50 begins=937500 live=60 peak=67 draining=0 borrowed=56 pending=55 released=155 retired=106 mean_uses=167.5 sum=325.2MiB max=14.4MiB
[LIMINA-ALLOC-STATS] pool=0xae3179b50 begins=938000 live=60 peak=67 draining=0 borrowed=54 pending=53 released=155 retired=106 mean_uses=167.5 sum=325.2MiB max=14.4MiB
[LIMINA-ALLOC-STATS] pool=0xae3179b50 begins=938500 live=60 peak=67 draining=0 borrowed=54 pending=53 released=155 retired=106 mean_uses=167.5 sum=325.2MiB max=14.4MiB
[LIMINA-ALLOC-STATS] pool=0xae7e4db50 begins=25000 live=1 peak=1 draining=0 borrowed=1 pending=0 released=0 retired=0 mean_uses=0.0 sum=9.8MiB max=9.8MiB
[LIMINA-ALLOC-STATS] pool=0xae3179b50 begins=939000 live=60 peak=67 draining=0 borrowed=56 pending=55 released=155 retired=106 mean_uses=167.5 sum=325.2MiB max=14.4MiB
[LIMINA-ALLOC-STATS] pool=0xae3179b50 begins=939500 live=60 peak=67 draining=0 borrowed=54 pending=54 released=155 retired=106 mean_uses=167.5 sum=325.2MiB max=14.4MiB
[LIMINA-ALLOC-STATS] pool=0xae3179b50 begins=940000 live=60 peak=67 draining=0 borrowed=54 pending=54 released=155 retired=106 mean_uses=167.5 sum=325.2MiB max=14.4MiB
[LIMINA-ALLOC-STATS] pool=0xae3179b50 begins=940500 live=60 peak=67 draining=0 borrowed=54 pending=54 released=155 retired=106 mean_uses=167.5 sum=325.2MiB max=14.4MiB
[LIMINA-ALLOC-STATS] pool=0xae7e4db50 begins=25500 live=1 peak=1 draining=0 borrowed=1 pending=1 released=0 retired=0 mean_uses=0.0 sum=9.8MiB max=9.8MiB
[LIMINA-ALLOC-STATS] pool=0xae3179b50 begins=941000 live=60 peak=67 draining=0 borrowed=56 pending=57 released=155 retired=106 mean_uses=167.5 sum=325.2MiB max=14.4MiB
[LIMINA-ALLOC-STATS] pool=0xae3181b50 begins=7500 live=1 peak=1 draining=0 borrowed=1 pending=0 released=0 retired=0 mean_uses=0.0 sum=4.9MiB max=4.9MiB
[LIMINA-ALLOC-STATS] pool=0xae317db50 begins=7500 live=1 peak=1 draining=0 borrowed=1 pending=0 released=0 retired=0 mean_uses=0.0 sum=4.9MiB max=4.9MiB
[LIMINA-ALLOC-STATS] pool=0xae3179b50 begins=941500 live=60 peak=67 draining=0 borrowed=54 pending=54 released=155 retired=106 mean_uses=167.5 sum=325.2MiB max=14.4MiB
[LIMINA-ALLOC-STATS] pool=0xae3179b50 begins=942000 live=60 peak=67 draining=0 borrowed=55 pending=55 released=155 retired=106 mean_uses=167.5 sum=325.2MiB max=14.4MiB
[LIMINA-ALLOC-STATS] pool=0xae3179b50 begins=942500 live=60 peak=67 draining=0 borrowed=54 pending=53 released=155 retired=106 mean_uses=167.5 sum=325.2MiB max=14.4MiB
[LIMINA-ALLOC-STATS] pool=0xae7e4db50 begins=26000 live=1 peak=1 draining=0 borrowed=1 pending=0 released=0 retired=0 mean_uses=0.0 sum=9.8MiB max=9.8MiB
[LIMINA-ALLOC-STATS] pool=0xae3179b50 begins=943000 live=60 peak=67 draining=0 borrowed=53 pending=54 released=155 retired=106 mean_uses=167.5 sum=325.2MiB max=14.4MiB
[LIMINA-ALLOC-STATS] pool=0xae3179b50 begins=943500 live=60 peak=67 draining=0 borrowed=55 pending=56 released=155 retired=106 mean_uses=167.5 sum=325.2MiB max=14.4MiB
[LIMINA-ALLOC-STATS] pool=0xae3179b50 begins=944000 live=60 peak=67 draining=0 borrowed=54 pending=54 released=155 retired=106 mean_uses=167.5 sum=325.2MiB max=14.4MiB
[LIMINA-ALLOC-STATS] pool=0xae3179b50 begins=944500 live=60 peak=67 draining=0 borrowed=54 pending=54 released=155 retired=106 mean_uses=167.5 sum=325.2MiB max=14.4MiB
[LIMINA-ALLOC-STATS] pool=0xae7e4db50 begins=26500 live=1 peak=1 draining=0 borrowed=1 pending=1 released=0 retired=0 mean_uses=0.0 sum=9.8MiB max=9.8MiB
[LIMINA-ALLOC-STATS] pool=0xae3179b50 begins=945000 live=60 peak=67 draining=0 borrowed=56 pending=56 released=155 retired=106 mean_uses=167.5 sum=325.2MiB max=14.4MiB
[LIMINA-ALLOC-STATS] pool=0xae3179b50 begins=945500 live=60 peak=67 draining=0 borrowed=55 pending=55 released=155 retired=106 mean_uses=167.5 sum=325.2MiB max=14.4MiB
[LIMINA-ALLOC-STATS] pool=0xae3179b50 begins=946000 live=60 peak=67 draining=0 borrowed=54 pending=56 released=155 retired=106 mean_uses=167.5 sum=325.2MiB max=14.4MiB
[LIMINA-ALLOC-STATS] pool=0xae3179b50 begins=946500 live=60 peak=67 draining=0 borrowed=55 pending=56 released=155 retired=106 mean_uses=167.5 sum=325.2MiB max=14.4MiB
[LIMINA-ALLOC-STATS] pool=0xae7e4db50 begins=27000 live=1 peak=1 draining=0 borrowed=1 pending=1 released=0 retired=0 mean_uses=0.0 sum=9.8MiB max=9.8MiB
[LIMINA-ALLOC-STATS] pool=0xae3179b50 begins=947000 live=60 peak=67 draining=0 borrowed=54 pending=54 released=155 retired=106 mean_uses=167.5 sum=325.2MiB max=14.4MiB
[LIMINA-ALLOC-STATS] pool=0xae3179b50 begins=947500 live=60 peak=67 draining=0 borrowed=55 pending=55 released=155 retired=106 mean_uses=167.5 sum=325.2MiB max=14.4MiB
[LIMINA-ALLOC-STATS] pool=0xae3179b50 begins=948000 live=60 peak=67 draining=0 borrowed=57 pending=57 released=155 retired=106 mean_uses=167.5 sum=325.2MiB max=14.4MiB
[LIMINA-ALLOC-STATS] pool=0xae3179b50 begins=948500 live=60 peak=67 draining=0 borrowed=55 pending=54 released=155 retired=106 mean_uses=167.5 sum=325.2MiB max=14.4MiB
[LIMINA-ALLOC-STATS] pool=0xae7e4db50 begins=27500 live=1 peak=1 draining=0 borrowed=1 pending=1 released=0 retired=0 mean_uses=0.0 sum=9.8MiB max=9.8MiB
[LIMINA-ALLOC-STATS] pool=0xae3179b50 begins=949000 live=60 peak=67 draining=0 borrowed=53 pending=53 released=155 retired=106 mean_uses=167.5 sum=325.2MiB max=14.4MiB
[LIMINA-ALLOC-STATS] pool=0xae3179b50 begins=949500 live=60 peak=67 draining=0 borrowed=55 pending=56 released=155 retired=106 mean_uses=167.5 sum=325.4MiB max=14.4MiB
[LIMINA-ALLOC-STATS] pool=0xae3179b50 begins=950000 live=60 peak=67 draining=0 borrowed=55 pending=54 released=155 retired=106 mean_uses=167.5 sum=325.4MiB max=14.4MiB
[LIMINA-ALLOC-STATS] pool=0xae3179b50 begins=950500 live=59 peak=67 draining=0 borrowed=55 pending=54 released=156 retired=106 mean_uses=167.5 sum=314.0MiB max=14.4MiB
[LIMINA-ALLOC-STATS] pool=0xae7e4db50 begins=28000 live=1 peak=1 draining=0 borrowed=1 pending=1 released=0 retired=0 mean_uses=0.0 sum=9.8MiB max=9.8MiB
[LIMINA-ALLOC-STATS] pool=0xae3179b50 begins=951000 live=59 peak=67 draining=0 borrowed=57 pending=56 released=156 retired=106 mean_uses=167.5 sum=314.0MiB max=14.4MiB
[LIMINA-ALLOC-STATS] pool=0xae3179b50 begins=951500 live=60 peak=67 draining=0 borrowed=54 pending=54 released=156 retired=106 mean_uses=167.5 sum=316.5MiB max=14.4MiB
[LIMINA-ALLOC-POOL] teardown: pool=0xae7e4db50 live=1 peak=1 released=0 ceiling-waits=0 ceiling-fails=0
[2026-10-07T14:26:19.372250Z INFO  krun_devices::virtio::gpu::virtio_gpu] CTX_CREATE ctx=10 init=0x4 name=Some("vkmark\0\0\0\0\0\0\0\0\0\0\0\0\0\0\0\0\0\0\0\0\0\0\0\0\0\0\0\0\0\0\0\0\0\0\0\0\0\0\0\0\0\0\0\0\0\0\0\0\0\0\0\0\0\0\0\0\0\0")
[LIMINA-ALLOC-STATS] pool=0xae3179b50 begins=952000 live=60 peak=67 draining=0 borrowed=53 pending=57 released=156 retired=106 mean_uses=167.5 sum=322.8MiB max=14.4MiB
[LIMINA-ALLOC-STATS] pool=0xae3179b50 begins=952500 live=60 peak=67 draining=0 borrowed=55 pending=55 released=156 retired=106 mean_uses=167.5 sum=326.8MiB max=14.4MiB
[LIMINA-ALLOC-STATS] pool=0xae3179b50 begins=953000 live=60 peak=67 draining=0 borrowed=55 pending=55 released=156 retired=106 mean_uses=167.5 sum=334.6MiB max=14.4MiB
[LIMINA-ALLOC-STATS] pool=0xae3179b50 begins=953500 live=60 peak=67 draining=0 borrowed=54 pending=57 released=156 retired=106 mean_uses=167.5 sum=334.8MiB max=14.4MiB
[LIMINA-ALLOC-STATS] pool=0xae7e4db50 begins=500 live=1 peak=1 draining=0 borrowed=1 pending=0 released=0 retired=0 mean_uses=0.0 sum=9.8MiB max=9.8MiB
[LIMINA-ALLOC-STATS] pool=0xae3179b50 begins=954000 live=60 peak=67 draining=0 borrowed=56 pending=56 released=156 retired=106 mean_uses=167.5 sum=335.0MiB max=14.4MiB
[LIMINA-ALLOC-STATS] pool=0xae3179b50 begins=954500 live=60 peak=67 draining=0 borrowed=54 pending=53 released=156 retired=106 mean_uses=167.5 sum=335.0MiB max=14.4MiB
[LIMINA-ALLOC-STATS] pool=0xae3179b50 begins=955000 live=60 peak=67 draining=0 borrowed=54 pending=54 released=156 retired=106 mean_uses=167.5 sum=335.0MiB max=14.4MiB
[LIMINA-ALLOC-STATS] pool=0xae3179b50 begins=955500 live=60 peak=67 draining=0 borrowed=56 pending=56 released=156 retired=106 mean_uses=167.5 sum=335.0MiB max=14.4MiB
[LIMINA-ALLOC-STATS] pool=0xae7e4db50 begins=1000 live=1 peak=1 draining=0 borrowed=1 pending=0 released=0 retired=0 mean_uses=0.0 sum=9.8MiB max=9.8MiB
[LIMINA-ALLOC-STATS] pool=0xae3179b50 begins=956000 live=60 peak=67 draining=0 borrowed=54 pending=54 released=156 retired=106 mean_uses=167.5 sum=335.0MiB max=14.4MiB
[LIMINA-ALLOC-STATS] pool=0xae3179b50 begins=956500 live=60 peak=67 draining=0 borrowed=53 pending=54 released=156 retired=106 mean_uses=167.5 sum=335.0MiB max=14.4MiB
[LIMINA-ALLOC-STATS] pool=0xae3179b50 begins=957000 live=60 peak=67 draining=0 borrowed=57 pending=57 released=156 retired=106 mean_uses=167.5 sum=335.0MiB max=14.4MiB
[LIMINA-ALLOC-STATS] pool=0xae3179b50 begins=957500 live=60 peak=67 draining=0 borrowed=56 pending=56 released=156 retired=106 mean_uses=167.5 sum=335.0MiB max=14.4MiB
[LIMINA-ALLOC-STATS] pool=0xae7e4db50 begins=1500 live=1 peak=1 draining=0 borrowed=1 pending=0 released=0 retired=0 mean_uses=0.0 sum=9.8MiB max=9.8MiB
[LIMINA-ALLOC-STATS] pool=0xae3179b50 begins=958000 live=60 peak=67 draining=0 borrowed=54 pending=53 released=156 retired=106 mean_uses=167.5 sum=335.0MiB max=14.4MiB
[LIMINA-ALLOC-STATS] pool=0xae3179b50 begins=958500 live=60 peak=67 draining=0 borrowed=56 pending=56 released=156 retired=106 mean_uses=167.5 sum=335.0MiB max=14.4MiB
[LIMINA-ALLOC-STATS] pool=0xae3179b50 begins=959000 live=60 peak=67 draining=0 borrowed=55 pending=54 released=156 retired=106 mean_uses=167.5 sum=335.0MiB max=14.4MiB
[LIMINA-ALLOC-STATS] pool=0xae3179b50 begins=959500 live=60 peak=67 draining=0 borrowed=53 pending=53 released=156 retired=106 mean_uses=167.5 sum=335.0MiB max=14.4MiB
[LIMINA-ALLOC-STATS] pool=0xae3179b50 begins=960000 live=60 peak=67 draining=0 borrowed=56 pending=55 released=156 retired=106 mean_uses=167.5 sum=335.0MiB max=14.4MiB
[LIMINA-ALLOC-STATS] pool=0xae7e4db50 begins=2000 live=1 peak=1 draining=0 borrowed=1 pending=0 released=0 retired=0 mean_uses=0.0 sum=9.8MiB max=9.8MiB
[LIMINA-ALLOC-STATS] pool=0xae3179b50 begins=960500 live=60 peak=67 draining=0 borrowed=54 pending=54 released=156 retired=106 mean_uses=167.5 sum=335.0MiB max=14.4MiB
[LIMINA-ALLOC-STATS] pool=0xae3179b50 begins=961000 live=60 peak=67 draining=0 borrowed=53 pending=55 released=156 retired=106 mean_uses=167.5 sum=335.0MiB max=14.4MiB
[LIMINA-ALLOC-STATS] pool=0xae3179b50 begins=961500 live=60 peak=67 draining=0 borrowed=57 pending=59 released=156 retired=106 mean_uses=167.5 sum=335.0MiB max=14.4MiB
[LIMINA-ALLOC-STATS] pool=0xae7e4db50 begins=2500 live=1 peak=1 draining=0 borrowed=1 pending=0 released=0 retired=0 mean_uses=0.0 sum=9.8MiB max=9.8MiB
[LIMINA-ALLOC-STATS] pool=0xae3179b50 begins=962000 live=60 peak=67 draining=0 borrowed=54 pending=54 released=156 retired=106 mean_uses=167.5 sum=335.0MiB max=14.4MiB
[LIMINA-ALLOC-STATS] pool=0xae3179b50 begins=962500 live=60 peak=67 draining=0 borrowed=54 pending=54 released=156 retired=106 mean_uses=167.5 sum=335.0MiB max=14.4MiB
[LIMINA-ALLOC-STATS] pool=0xae3179b50 begins=963000 live=60 peak=67 draining=0 borrowed=56 pending=56 released=156 retired=106 mean_uses=167.5 sum=335.0MiB max=14.4MiB
[LIMINA-ALLOC-STATS] pool=0xae3179b50 begins=963500 live=60 peak=67 draining=0 borrowed=55 pending=57 released=156 retired=106 mean_uses=167.5 sum=335.0MiB max=14.4MiB
[LIMINA-ALLOC-STATS] pool=0xae3179b50 begins=964000 live=60 peak=67 draining=0 borrowed=54 pending=58 released=156 retired=106 mean_uses=167.5 sum=335.0MiB max=14.4MiB
[LIMINA-ALLOC-STATS] pool=0xae7e4db50 begins=3000 live=1 peak=1 draining=0 borrowed=1 pending=0 released=0 retired=0 mean_uses=0.0 sum=9.8MiB max=9.8MiB
[LIMINA-ALLOC-STATS] pool=0xae3179b50 begins=964500 live=60 peak=67 draining=0 borrowed=55 pending=55 released=156 retired=106 mean_uses=167.5 sum=335.0MiB max=14.4MiB
[LIMINA-ALLOC-STATS] pool=0xae3179b50 begins=965000 live=60 peak=67 draining=0 borrowed=55 pending=56 released=156 retired=106 mean_uses=167.5 sum=337.1MiB max=14.4MiB
[LIMINA-ALLOC-STATS] pool=0xae3179b50 begins=965500 live=59 peak=67 draining=0 borrowed=53 pending=54 released=157 retired=106 mean_uses=167.5 sum=324.0MiB max=14.4MiB
[LIMINA-ALLOC-STATS] pool=0xae3179b50 begins=966000 live=59 peak=67 draining=0 borrowed=58 pending=59 released=157 retired=106 mean_uses=167.5 sum=324.0MiB max=14.4MiB
[LIMINA-ALLOC-STATS] pool=0xae7e4db50 begins=3500 live=1 peak=1 draining=0 borrowed=1 pending=0 released=0 retired=0 mean_uses=0.0 sum=9.8MiB max=9.8MiB
[LIMINA-ALLOC-STATS] pool=0xae3179b50 begins=966500 live=59 peak=67 draining=0 borrowed=54 pending=54 released=157 retired=106 mean_uses=167.5 sum=324.0MiB max=14.4MiB
[LIMINA-ALLOC-STATS] pool=0xae3179b50 begins=967000 live=59 peak=67 draining=0 borrowed=53 pending=53 released=157 retired=106 mean_uses=167.5 sum=324.0MiB max=14.4MiB
[LIMINA-ALLOC-STATS] pool=0xae3179b50 begins=967500 live=59 peak=67 draining=0 borrowed=56 pending=56 released=157 retired=106 mean_uses=167.5 sum=324.0MiB max=14.4MiB
[LIMINA-ALLOC-STATS] pool=0xae3179b50 begins=968000 live=59 peak=67 draining=0 borrowed=54 pending=54 released=157 retired=106 mean_uses=167.5 sum=324.0MiB max=14.4MiB
[LIMINA-ALLOC-STATS] pool=0xae7e4db50 begins=4000 live=1 peak=1 draining=0 borrowed=1 pending=0 released=0 retired=0 mean_uses=0.0 sum=9.8MiB max=9.8MiB
[LIMINA-ALLOC-STATS] pool=0xae3179b50 begins=968500 live=59 peak=67 draining=0 borrowed=53 pending=53 released=157 retired=106 mean_uses=167.5 sum=324.0MiB max=14.4MiB
[LIMINA-ALLOC-STATS] pool=0xae3179b50 begins=969000 live=59 peak=67 draining=0 borrowed=52 pending=54 released=157 retired=106 mean_uses=167.5 sum=324.0MiB max=14.4MiB
[LIMINA-ALLOC-STATS] pool=0xae3179b50 begins=969500 live=59 peak=67 draining=0 borrowed=54 pending=54 released=157 retired=106 mean_uses=167.5 sum=324.0MiB max=14.4MiB
[LIMINA-ALLOC-STATS] pool=0xae3179b50 begins=970000 live=59 peak=67 draining=0 borrowed=55 pending=60 released=157 retired=106 mean_uses=167.5 sum=324.0MiB max=14.4MiB
[LIMINA-ALLOC-STATS] pool=0xae7e4db50 begins=4500 live=1 peak=1 draining=0 borrowed=1 pending=1 released=0 retired=0 mean_uses=0.0 sum=9.8MiB max=9.8MiB
[LIMINA-ALLOC-STATS] pool=0xae3179b50 begins=970500 live=60 peak=67 draining=0 borrowed=55 pending=55 released=157 retired=106 mean_uses=167.5 sum=326.9MiB max=14.4MiB
[LIMINA-ALLOC-STATS] pool=0xae3179b50 begins=971000 live=60 peak=67 draining=0 borrowed=55 pending=54 released=157 retired=106 mean_uses=167.5 sum=326.9MiB max=14.4MiB
[LIMINA-ALLOC-STATS] pool=0xae3179b50 begins=971500 live=60 peak=67 draining=0 borrowed=54 pending=53 released=157 retired=106 mean_uses=167.5 sum=327.0MiB max=14.4MiB
[LIMINA-ALLOC-STATS] pool=0xae3179b50 begins=972000 live=60 peak=67 draining=0 borrowed=58 pending=58 released=157 retired=106 mean_uses=167.5 sum=327.0MiB max=14.4MiB
[LIMINA-ALLOC-STATS] pool=0xae7e4db50 begins=5000 live=1 peak=1 draining=0 borrowed=1 pending=1 released=0 retired=0 mean_uses=0.0 sum=9.8MiB max=9.8MiB
[LIMINA-ALLOC-STATS] pool=0xae3179b50 begins=972500 live=60 peak=67 draining=0 borrowed=54 pending=54 released=157 retired=106 mean_uses=167.5 sum=327.1MiB max=14.4MiB
[LIMINA-ALLOC-STATS] pool=0xae3179b50 begins=973000 live=60 peak=67 draining=0 borrowed=53 pending=53 released=157 retired=106 mean_uses=167.5 sum=327.4MiB max=14.4MiB
[LIMINA-ALLOC-STATS] pool=0xae3179b50 begins=973500 live=60 peak=67 draining=0 borrowed=56 pending=56 released=157 retired=106 mean_uses=167.5 sum=327.4MiB max=14.4MiB
[LIMINA-ALLOC-STATS] pool=0xae3179b50 begins=974000 live=60 peak=67 draining=0 borrowed=55 pending=55 released=157 retired=106 mean_uses=167.5 sum=327.4MiB max=14.4MiB
[LIMINA-ALLOC-STATS] pool=0xae7e4db50 begins=5500 live=1 peak=1 draining=0 borrowed=1 pending=0 released=0 retired=0 mean_uses=0.0 sum=9.8MiB max=9.8MiB
[LIMINA-ALLOC-STATS] pool=0xae3179b50 begins=974500 live=60 peak=67 draining=0 borrowed=55 pending=55 released=157 retired=106 mean_uses=167.5 sum=329.5MiB max=14.4MiB
[LIMINA-ALLOC-STATS] pool=0xae3179b50 begins=975000 live=60 peak=67 draining=0 borrowed=56 pending=56 released=157 retired=106 mean_uses=167.5 sum=329.5MiB max=14.4MiB
[LIMINA-ALLOC-STATS] pool=0xae3179b50 begins=975500 live=60 peak=67 draining=0 borrowed=54 pending=54 released=157 retired=106 mean_uses=167.5 sum=329.6MiB max=14.4MiB
[LIMINA-ALLOC-STATS] pool=0xae3179b50 begins=976000 live=60 peak=67 draining=0 borrowed=54 pending=54 released=157 retired=106 mean_uses=167.5 sum=329.6MiB max=14.4MiB
[LIMINA-ALLOC-STATS] pool=0xae7e4db50 begins=6000 live=1 peak=1 draining=0 borrowed=1 pending=1 released=0 retired=0 mean_uses=0.0 sum=9.8MiB max=9.8MiB
[LIMINA-ALLOC-STATS] pool=0xae3179b50 begins=976500 live=60 peak=67 draining=0 borrowed=54 pending=54 released=157 retired=106 mean_uses=167.5 sum=329.6MiB max=14.4MiB
[LIMINA-ALLOC-STATS] pool=0xae3179b50 begins=977000 live=60 peak=67 draining=0 borrowed=54 pending=54 released=157 retired=106 mean_uses=167.5 sum=329.6MiB max=14.4MiB
[LIMINA-ALLOC-STATS] pool=0xae3179b50 begins=977500 live=60 peak=67 draining=0 borrowed=55 pending=55 released=157 retired=106 mean_uses=167.5 sum=329.6MiB max=14.4MiB
[LIMINA-ALLOC-STATS] pool=0xae3179b50 begins=978000 live=60 peak=67 draining=0 borrowed=55 pending=55 released=157 retired=106 mean_uses=167.5 sum=329.6MiB max=14.4MiB
[LIMINA-ALLOC-STATS] pool=0xae7e4db50 begins=6500 live=1 peak=1 draining=0 borrowed=1 pending=0 released=0 retired=0 mean_uses=0.0 sum=9.8MiB max=9.8MiB
[LIMINA-ALLOC-STATS] pool=0xae3179b50 begins=978500 live=60 peak=67 draining=0 borrowed=55 pending=55 released=157 retired=106 mean_uses=167.5 sum=329.6MiB max=14.4MiB
[LIMINA-ALLOC-STATS] pool=0xae3179b50 begins=979000 live=60 peak=67 draining=0 borrowed=55 pending=57 released=157 retired=106 mean_uses=167.5 sum=329.6MiB max=14.4MiB
[LIMINA-ALLOC-STATS] pool=0xae3179b50 begins=979500 live=60 peak=67 draining=0 borrowed=56 pending=56 released=157 retired=106 mean_uses=167.5 sum=329.6MiB max=14.4MiB
[LIMINA-ALLOC-STATS] pool=0xae3179b50 begins=980000 live=60 peak=67 draining=0 borrowed=56 pending=56 released=157 retired=106 mean_uses=167.5 sum=329.6MiB max=14.4MiB
[LIMINA-ALLOC-STATS] pool=0xae3179b50 begins=980500 live=60 peak=67 draining=0 borrowed=55 pending=55 released=157 retired=106 mean_uses=167.5 sum=329.6MiB max=14.4MiB
[LIMINA-ALLOC-STATS] pool=0xae7e4db50 begins=7000 live=1 peak=1 draining=0 borrowed=1 pending=0 released=0 retired=0 mean_uses=0.0 sum=9.8MiB max=9.8MiB
[LIMINA-ALLOC-STATS] pool=0xae3179b50 begins=981000 live=60 peak=67 draining=0 borrowed=55 pending=55 released=157 retired=106 mean_uses=167.5 sum=329.6MiB max=14.4MiB
[LIMINA-ALLOC-STATS] pool=0xae3179b50 begins=981500 live=60 peak=67 draining=0 borrowed=55 pending=54 released=157 retired=106 mean_uses=167.5 sum=329.6MiB max=14.4MiB
[LIMINA-ALLOC-STATS] pool=0xae3179b50 begins=982000 live=60 peak=67 draining=0 borrowed=54 pending=54 released=157 retired=106 mean_uses=167.5 sum=329.6MiB max=14.4MiB
[LIMINA-ALLOC-STATS] pool=0xae3179b50 begins=982500 live=60 peak=67 draining=0 borrowed=55 pending=55 released=157 retired=106 mean_uses=167.5 sum=329.6MiB max=14.4MiB
[LIMINA-ALLOC-STATS] pool=0xae7e4db50 begins=7500 live=1 peak=1 draining=0 borrowed=1 pending=0 released=0 retired=0 mean_uses=0.0 sum=9.8MiB max=9.8MiB
[LIMINA-ALLOC-STATS] pool=0xae3179b50 begins=983000 live=60 peak=67 draining=0 borrowed=55 pending=55 released=157 retired=106 mean_uses=167.5 sum=329.8MiB max=14.4MiB
[LIMINA-ALLOC-STATS] pool=0xae3179b50 begins=983500 live=60 peak=67 draining=0 borrowed=56 pending=55 released=157 retired=106 mean_uses=167.5 sum=329.8MiB max=14.4MiB
[LIMINA-ALLOC-STATS] pool=0xae3179b50 begins=984000 live=60 peak=67 draining=0 borrowed=57 pending=57 released=157 retired=106 mean_uses=167.5 sum=329.8MiB max=14.4MiB
[LIMINA-ALLOC-STATS] pool=0xae3179b50 begins=984500 live=60 peak=67 draining=0 borrowed=54 pending=54 released=157 retired=106 mean_uses=167.5 sum=329.8MiB max=14.4MiB
[LIMINA-ALLOC-STATS] pool=0xae3179b50 begins=985000 live=60 peak=67 draining=0 borrowed=55 pending=58 released=157 retired=106 mean_uses=167.5 sum=329.8MiB max=14.4MiB
[LIMINA-ALLOC-STATS] pool=0xae7e4db50 begins=8000 live=1 peak=1 draining=0 borrowed=1 pending=0 released=0 retired=0 mean_uses=0.0 sum=9.8MiB max=9.8MiB
[LIMINA-ALLOC-STATS] pool=0xae3179b50 begins=985500 live=60 peak=67 draining=0 borrowed=56 pending=55 released=157 retired=106 mean_uses=167.5 sum=330.9MiB max=14.4MiB
[LIMINA-ALLOC-STATS] pool=0xae3179b50 begins=986000 live=60 peak=67 draining=0 borrowed=55 pending=58 released=157 retired=106 mean_uses=167.5 sum=330.9MiB max=14.4MiB
[LIMINA-ALLOC-STATS] pool=0xae3179b50 begins=986500 live=60 peak=67 draining=0 borrowed=56 pending=56 released=157 retired=106 mean_uses=167.5 sum=331.8MiB max=14.4MiB
[LIMINA-ALLOC-STATS] pool=0xae3179b50 begins=987000 live=60 peak=67 draining=0 borrowed=56 pending=55 released=157 retired=106 mean_uses=167.5 sum=331.9MiB max=14.4MiB
[LIMINA-ALLOC-STATS] pool=0xae3179b50 begins=987500 live=60 peak=67 draining=0 borrowed=56 pending=59 released=157 retired=106 mean_uses=167.5 sum=331.9MiB max=14.4MiB
[LIMINA-ALLOC-STATS] pool=0xae7e4db50 begins=8500 live=1 peak=1 draining=0 borrowed=1 pending=0 released=0 retired=0 mean_uses=0.0 sum=9.8MiB max=9.8MiB
[LIMINA-ALLOC-STATS] pool=0xae3179b50 begins=988000 live=60 peak=67 draining=0 borrowed=54 pending=57 released=157 retired=106 mean_uses=167.5 sum=332.0MiB max=14.4MiB
[LIMINA-ALLOC-STATS] pool=0xae3179b50 begins=988500 live=60 peak=67 draining=0 borrowed=55 pending=55 released=157 retired=106 mean_uses=167.5 sum=332.0MiB max=14.4MiB
[LIMINA-ALLOC-STATS] pool=0xae3179b50 begins=989000 live=60 peak=67 draining=0 borrowed=57 pending=59 released=157 retired=106 mean_uses=167.5 sum=332.0MiB max=14.4MiB
[LIMINA-ALLOC-STATS] pool=0xae3179b50 begins=989500 live=60 peak=67 draining=0 borrowed=55 pending=57 released=157 retired=106 mean_uses=167.5 sum=332.0MiB max=14.4MiB
[LIMINA-ALLOC-STATS] pool=0xae3179b50 begins=990000 live=60 peak=67 draining=0 borrowed=56 pending=56 released=157 retired=106 mean_uses=167.5 sum=332.0MiB max=14.4MiB
[LIMINA-ALLOC-STATS] pool=0xae7e4db50 begins=9000 live=1 peak=1 draining=0 borrowed=1 pending=1 released=0 retired=0 mean_uses=0.0 sum=9.8MiB max=9.8MiB
[LIMINA-ALLOC-STATS] pool=0xae3179b50 begins=990500 live=60 peak=67 draining=0 borrowed=56 pending=55 released=157 retired=106 mean_uses=167.5 sum=332.1MiB max=14.4MiB
[LIMINA-ALLOC-STATS] pool=0xae3179b50 begins=991000 live=60 peak=67 draining=0 borrowed=54 pending=55 released=157 retired=106 mean_uses=167.5 sum=332.1MiB max=14.4MiB
[LIMINA-ALLOC-STATS] pool=0xae3179b50 begins=991500 live=60 peak=67 draining=0 borrowed=55 pending=54 released=157 retired=106 mean_uses=167.5 sum=332.1MiB max=14.4MiB
[LIMINA-ALLOC-STATS] pool=0xae3179b50 begins=992000 live=60 peak=67 draining=0 borrowed=54 pending=54 released=157 retired=106 mean_uses=167.5 sum=332.1MiB max=14.4MiB
[LIMINA-ALLOC-STATS] pool=0xae7e4db50 begins=9500 live=1 peak=1 draining=0 borrowed=1 pending=1 released=0 retired=0 mean_uses=0.0 sum=9.8MiB max=9.8MiB
[LIMINA-ALLOC-STATS] pool=0xae3179b50 begins=992500 live=60 peak=67 draining=0 borrowed=54 pending=54 released=157 retired=106 mean_uses=167.5 sum=333.3MiB max=14.4MiB
[LIMINA-ALLOC-STATS] pool=0xae3179b50 begins=993000 live=60 peak=67 draining=0 borrowed=54 pending=53 released=157 retired=106 mean_uses=167.5 sum=333.3MiB max=14.4MiB
[LIMINA-ALLOC-STATS] pool=0xae3179b50 begins=993500 live=60 peak=67 draining=0 borrowed=54 pending=54 released=157 retired=106 mean_uses=167.5 sum=333.3MiB max=14.4MiB
[LIMINA-ALLOC-STATS] pool=0xae3179b50 begins=994000 live=60 peak=67 draining=0 borrowed=54 pending=53 released=157 retired=106 mean_uses=167.5 sum=333.3MiB max=14.4MiB
[LIMINA-ALLOC-STATS] pool=0xae3179b50 begins=994500 live=60 peak=67 draining=0 borrowed=55 pending=55 released=157 retired=106 mean_uses=167.5 sum=333.3MiB max=14.4MiB
[LIMINA-ALLOC-STATS] pool=0xae7e4db50 begins=10000 live=1 peak=1 draining=0 borrowed=1 pending=0 released=0 retired=0 mean_uses=0.0 sum=9.8MiB max=9.8MiB
[LIMINA-ALLOC-STATS] pool=0xae3179b50 begins=995000 live=60 peak=67 draining=0 borrowed=54 pending=54 released=157 retired=106 mean_uses=167.5 sum=333.3MiB max=14.4MiB
[LIMINA-ALLOC-STATS] pool=0xae3179b50 begins=995500 live=60 peak=67 draining=0 borrowed=54 pending=54 released=157 retired=106 mean_uses=167.5 sum=333.3MiB max=14.4MiB
[LIMINA-ALLOC-STATS] pool=0xae3179b50 begins=996000 live=60 peak=67 draining=0 borrowed=56 pending=55 released=157 retired=106 mean_uses=167.5 sum=333.3MiB max=14.4MiB
[LIMINA-ALLOC-STATS] pool=0xae3179b50 begins=996500 live=60 peak=67 draining=0 borrowed=55 pending=55 released=157 retired=106 mean_uses=167.5 sum=333.3MiB max=14.4MiB
[LIMINA-ALLOC-STATS] pool=0xae3179b50 begins=997000 live=60 peak=67 draining=0 borrowed=53 pending=53 released=157 retired=106 mean_uses=167.5 sum=333.3MiB max=14.4MiB
[LIMINA-ALLOC-STATS] pool=0xae7e4db50 begins=10500 live=1 peak=1 draining=0 borrowed=1 pending=0 released=0 retired=0 mean_uses=0.0 sum=9.8MiB max=9.8MiB
[LIMINA-ALLOC-STATS] pool=0xae3179b50 begins=997500 live=60 peak=67 draining=0 borrowed=55 pending=55 released=157 retired=106 mean_uses=167.5 sum=333.3MiB max=14.4MiB
[LIMINA-ALLOC-STATS] pool=0xae3179b50 begins=998000 live=60 peak=67 draining=0 borrowed=55 pending=54 released=157 retired=106 mean_uses=167.5 sum=333.3MiB max=14.4MiB
[LIMINA-ALLOC-STATS] pool=0xae3179b50 begins=998500 live=60 peak=67 draining=0 borrowed=53 pending=53 released=157 retired=106 mean_uses=167.5 sum=333.3MiB max=14.4MiB
[LIMINA-ALLOC-STATS] pool=0xae3179b50 begins=999000 live=60 peak=67 draining=0 borrowed=56 pending=55 released=157 retired=106 mean_uses=167.5 sum=333.3MiB max=14.4MiB
[LIMINA-ALLOC-STATS] pool=0xae3179b50 begins=999500 live=59 peak=67 draining=0 borrowed=55 pending=54 released=158 retired=106 mean_uses=167.5 sum=322.1MiB max=14.4MiB
[LIMINA-ALLOC-STATS] pool=0xae7e4db50 begins=11000 live=1 peak=1 draining=0 borrowed=1 pending=1 released=0 retired=0 mean_uses=0.0 sum=9.8MiB max=9.8MiB
[LIMINA-ALLOC-STATS] pool=0xae3179b50 begins=1000000 live=59 peak=67 draining=0 borrowed=53 pending=54 released=158 retired=106 mean_uses=167.5 sum=322.1MiB max=14.4MiB
[LIMINA-ALLOC-STATS] pool=0xae3179b50 begins=1000500 live=59 peak=67 draining=0 borrowed=55 pending=56 released=158 retired=106 mean_uses=167.5 sum=322.1MiB max=14.4MiB
[LIMINA-ALLOC-STATS] pool=0xae3179b50 begins=1001000 live=59 peak=67 draining=0 borrowed=54 pending=54 released=158 retired=106 mean_uses=167.5 sum=322.1MiB max=14.4MiB
[LIMINA-ALLOC-STATS] pool=0xae3179b50 begins=1001500 live=59 peak=67 draining=0 borrowed=55 pending=56 released=158 retired=106 mean_uses=167.5 sum=322.1MiB max=14.4MiB
[LIMINA-ALLOC-STATS] pool=0xae7e4db50 begins=11500 live=1 peak=1 draining=0 borrowed=1 pending=0 released=0 retired=0 mean_uses=0.0 sum=9.8MiB max=9.8MiB
[LIMINA-ALLOC-STATS] pool=0xae3179b50 begins=1002000 live=59 peak=67 draining=0 borrowed=56 pending=56 released=158 retired=106 mean_uses=167.5 sum=322.1MiB max=14.4MiB
[LIMINA-ALLOC-STATS] pool=0xae3179b50 begins=1002500 live=59 peak=67 draining=0 borrowed=55 pending=54 released=158 retired=106 mean_uses=167.5 sum=322.1MiB max=14.4MiB
[LIMINA-ALLOC-STATS] pool=0xae3179b50 begins=1003000 live=59 peak=67 draining=0 borrowed=53 pending=53 released=158 retired=106 mean_uses=167.5 sum=322.1MiB max=14.4MiB
[LIMINA-ALLOC-STATS] pool=0xae3179b50 begins=1003500 live=59 peak=67 draining=0 borrowed=55 pending=54 released=158 retired=106 mean_uses=167.5 sum=322.1MiB max=14.4MiB
[LIMINA-ALLOC-STATS] pool=0xae3179b50 begins=1004000 live=59 peak=67 draining=0 borrowed=54 pending=54 released=158 retired=106 mean_uses=167.5 sum=322.1MiB max=14.4MiB
[LIMINA-ALLOC-STATS] pool=0xae7e4db50 begins=12000 live=1 peak=1 draining=0 borrowed=1 pending=1 released=0 retired=0 mean_uses=0.0 sum=9.8MiB max=9.8MiB
[LIMINA-ALLOC-STATS] pool=0xae3179b50 begins=1004500 live=59 peak=67 draining=0 borrowed=57 pending=57 released=158 retired=106 mean_uses=167.5 sum=322.1MiB max=14.4MiB
[LIMINA-ALLOC-STATS] pool=0xae3179b50 begins=1005000 live=59 peak=67 draining=0 borrowed=57 pending=56 released=158 retired=106 mean_uses=167.5 sum=322.1MiB max=14.4MiB
[LIMINA-ALLOC-STATS] pool=0xae3179b50 begins=1005500 live=59 peak=67 draining=0 borrowed=54 pending=54 released=158 retired=106 mean_uses=167.5 sum=322.1MiB max=14.4MiB
[LIMINA-ALLOC-STATS] pool=0xae3181b50 begins=8000 live=1 peak=1 draining=0 borrowed=1 pending=0 released=0 retired=0 mean_uses=0.0 sum=4.9MiB max=4.9MiB
[LIMINA-ALLOC-STATS] pool=0xae317db50 begins=8000 live=1 peak=1 draining=0 borrowed=1 pending=0 released=0 retired=0 mean_uses=0.0 sum=4.9MiB max=4.9MiB
[LIMINA-ALLOC-STATS] pool=0xae3179b50 begins=1006000 live=59 peak=67 draining=0 borrowed=54 pending=53 released=158 retired=106 mean_uses=167.5 sum=322.1MiB max=14.4MiB
[LIMINA-ALLOC-STATS] pool=0xae7e4db50 begins=12500 live=1 peak=1 draining=0 borrowed=1 pending=1 released=0 retired=0 mean_uses=0.0 sum=9.8MiB max=9.8MiB
[LIMINA-ALLOC-STATS] pool=0xae3179b50 begins=1006500 live=59 peak=67 draining=0 borrowed=55 pending=55 released=158 retired=106 mean_uses=167.5 sum=322.1MiB max=14.4MiB
[LIMINA-ALLOC-STATS] pool=0xae3179b50 begins=1007000 live=59 peak=67 draining=0 borrowed=55 pending=54 released=158 retired=106 mean_uses=167.5 sum=322.1MiB max=14.4MiB
[LIMINA-ALLOC-STATS] pool=0xae3179b50 begins=1007500 live=59 peak=67 draining=0 borrowed=53 pending=53 released=158 retired=106 mean_uses=167.5 sum=322.1MiB max=14.4MiB
[LIMINA-ALLOC-STATS] pool=0xae3179b50 begins=1008000 live=59 peak=67 draining=0 borrowed=57 pending=56 released=158 retired=106 mean_uses=167.5 sum=322.1MiB max=14.4MiB
[LIMINA-ALLOC-STATS] pool=0xae3179b50 begins=1008500 live=59 peak=67 draining=0 borrowed=54 pending=54 released=158 retired=106 mean_uses=167.5 sum=322.2MiB max=14.4MiB
[LIMINA-ALLOC-STATS] pool=0xae7e4db50 begins=13000 live=1 peak=1 draining=0 borrowed=1 pending=1 released=0 retired=0 mean_uses=0.0 sum=9.8MiB max=9.8MiB
[LIMINA-ALLOC-STATS] pool=0xae3179b50 begins=1009000 live=59 peak=67 draining=0 borrowed=54 pending=54 released=158 retired=106 mean_uses=167.5 sum=322.2MiB max=14.4MiB
[LIMINA-ALLOC-STATS] pool=0xae3179b50 begins=1009500 live=59 peak=67 draining=0 borrowed=57 pending=60 released=158 retired=106 mean_uses=167.5 sum=322.2MiB max=14.4MiB
[LIMINA-ALLOC-STATS] pool=0xae3179b50 begins=1010000 live=59 peak=67 draining=0 borrowed=54 pending=53 released=158 retired=106 mean_uses=167.5 sum=322.9MiB max=14.4MiB
[LIMINA-ALLOC-STATS] pool=0xae3179b50 begins=1010500 live=59 peak=67 draining=0 borrowed=54 pending=54 released=158 retired=106 mean_uses=167.5 sum=322.9MiB max=14.4MiB
[LIMINA-ALLOC-STATS] pool=0xae3179b50 begins=1011000 live=59 peak=67 draining=0 borrowed=57 pending=57 released=158 retired=106 mean_uses=167.5 sum=322.9MiB max=14.4MiB
[LIMINA-ALLOC-STATS] pool=0xae7e4db50 begins=13500 live=1 peak=1 draining=0 borrowed=1 pending=0 released=0 retired=0 mean_uses=0.0 sum=9.8MiB max=9.8MiB
[LIMINA-ALLOC-STATS] pool=0xae3179b50 begins=1011500 live=59 peak=67 draining=0 borrowed=55 pending=54 released=158 retired=106 mean_uses=167.5 sum=322.9MiB max=14.4MiB
[LIMINA-ALLOC-STATS] pool=0xae3179b50 begins=1012000 live=59 peak=67 draining=0 borrowed=54 pending=54 released=158 retired=106 mean_uses=167.5 sum=322.9MiB max=14.4MiB
[LIMINA-ALLOC-STATS] pool=0xae3179b50 begins=1012500 live=59 peak=67 draining=0 borrowed=57 pending=56 released=158 retired=106 mean_uses=167.5 sum=322.9MiB max=14.4MiB
[LIMINA-ALLOC-STATS] pool=0xae3179b50 begins=1013000 live=59 peak=67 draining=0 borrowed=56 pending=56 released=158 retired=106 mean_uses=167.5 sum=322.9MiB max=14.4MiB
[LIMINA-ALLOC-STATS] pool=0xae7e4db50 begins=14000 live=1 peak=1 draining=0 borrowed=1 pending=0 released=0 retired=0 mean_uses=0.0 sum=9.8MiB max=9.8MiB
[LIMINA-ALLOC-STATS] pool=0xae3179b50 begins=1013500 live=59 peak=67 draining=0 borrowed=53 pending=53 released=158 retired=106 mean_uses=167.5 sum=322.9MiB max=14.4MiB
[LIMINA-ALLOC-STATS] pool=0xae3179b50 begins=1014000 live=59 peak=67 draining=0 borrowed=54 pending=54 released=158 retired=106 mean_uses=167.5 sum=322.9MiB max=14.4MiB
[LIMINA-ALLOC-STATS] pool=0xae3179b50 begins=1014500 live=59 peak=67 draining=0 borrowed=55 pending=55 released=158 retired=106 mean_uses=167.5 sum=322.9MiB max=14.4MiB
[LIMINA-ALLOC-STATS] pool=0xae3179b50 begins=1015000 live=59 peak=67 draining=0 borrowed=55 pending=59 released=158 retired=106 mean_uses=167.5 sum=322.9MiB max=14.4MiB
[LIMINA-ALLOC-STATS] pool=0xae3179b50 begins=1015500 live=59 peak=67 draining=0 borrowed=55 pending=55 released=158 retired=106 mean_uses=167.5 sum=322.9MiB max=14.4MiB
[LIMINA-ALLOC-STATS] pool=0xae7e4db50 begins=14500 live=1 peak=1 draining=0 borrowed=1 pending=0 released=0 retired=0 mean_uses=0.0 sum=9.8MiB max=9.8MiB
[LIMINA-ALLOC-STATS] pool=0xae3179b50 begins=1016000 live=59 peak=67 draining=0 borrowed=56 pending=55 released=158 retired=106 mean_uses=167.5 sum=322.9MiB max=14.4MiB
[LIMINA-ALLOC-STATS] pool=0xae3179b50 begins=1016500 live=59 peak=67 draining=0 borrowed=54 pending=53 released=158 retired=106 mean_uses=167.5 sum=323.0MiB max=14.5MiB
[LIMINA-ALLOC-STATS] pool=0xae3179b50 begins=1017000 live=59 peak=67 draining=0 borrowed=57 pending=56 released=158 retired=106 mean_uses=167.5 sum=323.0MiB max=14.5MiB
[LIMINA-ALLOC-STATS] pool=0xae3179b50 begins=1017500 live=59 peak=67 draining=0 borrowed=56 pending=55 released=158 retired=106 mean_uses=167.5 sum=323.0MiB max=14.5MiB
[LIMINA-ALLOC-STATS] pool=0xae3179b50 begins=1018000 live=59 peak=67 draining=0 borrowed=54 pending=53 released=158 retired=106 mean_uses=167.5 sum=323.0MiB max=14.5MiB
[LIMINA-ALLOC-STATS] pool=0xae7e4db50 begins=15000 live=1 peak=1 draining=0 borrowed=1 pending=0 released=0 retired=0 mean_uses=0.0 sum=9.8MiB max=9.8MiB
[LIMINA-ALLOC-STATS] pool=0xae3179b50 begins=1018500 live=59 peak=67 draining=0 borrowed=56 pending=55 released=158 retired=106 mean_uses=167.5 sum=323.0MiB max=14.5MiB
[LIMINA-ALLOC-STATS] pool=0xae3179b50 begins=1019000 live=59 peak=67 draining=0 borrowed=55 pending=54 released=158 retired=106 mean_uses=167.5 sum=323.1MiB max=14.5MiB
[LIMINA-ALLOC-STATS] pool=0xae3179b50 begins=1019500 live=59 peak=67 draining=0 borrowed=54 pending=54 released=158 retired=106 mean_uses=167.5 sum=323.1MiB max=14.5MiB
[LIMINA-ALLOC-STATS] pool=0xae3179b50 begins=1020000 live=59 peak=67 draining=0 borrowed=55 pending=55 released=158 retired=106 mean_uses=167.5 sum=323.1MiB max=14.5MiB
[LIMINA-ALLOC-STATS] pool=0xae3179b50 begins=1020500 live=59 peak=67 draining=0 borrowed=53 pending=52 released=158 retired=106 mean_uses=167.5 sum=323.1MiB max=14.5MiB
[LIMINA-ALLOC-STATS] pool=0xae7e4db50 begins=15500 live=1 peak=1 draining=0 borrowed=1 pending=0 released=0 retired=0 mean_uses=0.0 sum=9.8MiB max=9.8MiB
[LIMINA-ALLOC-STATS] pool=0xae3179b50 begins=1021000 live=59 peak=67 draining=0 borrowed=53 pending=52 released=158 retired=106 mean_uses=167.5 sum=323.1MiB max=14.5MiB
[LIMINA-ALLOC-STATS] pool=0xae3179b50 begins=1021500 live=59 peak=67 draining=0 borrowed=58 pending=60 released=158 retired=106 mean_uses=167.5 sum=323.1MiB max=14.5MiB
[LIMINA-ALLOC-STATS] pool=0xae3179b50 begins=1022000 live=59 peak=67 draining=0 borrowed=54 pending=55 released=158 retired=106 mean_uses=167.5 sum=323.1MiB max=14.5MiB
[LIMINA-ALLOC-STATS] pool=0xae3179b50 begins=1022500 live=59 peak=67 draining=0 borrowed=54 pending=57 released=158 retired=106 mean_uses=167.5 sum=323.1MiB max=14.5MiB
[LIMINA-ALLOC-STATS] pool=0xae7e4db50 begins=16000 live=1 peak=1 draining=0 borrowed=1 pending=0 released=0 retired=0 mean_uses=0.0 sum=9.8MiB max=9.8MiB
[LIMINA-ALLOC-STATS] pool=0xae3179b50 begins=1023000 live=59 peak=67 draining=0 borrowed=55 pending=55 released=158 retired=106 mean_uses=167.5 sum=323.1MiB max=14.5MiB
[LIMINA-ALLOC-STATS] pool=0xae3179b50 begins=1023500 live=59 peak=67 draining=0 borrowed=54 pending=54 released=158 retired=106 mean_uses=167.5 sum=323.1MiB max=14.5MiB
[LIMINA-ALLOC-STATS] pool=0xae3179b50 begins=1024000 live=59 peak=67 draining=0 borrowed=55 pending=54 released=158 retired=106 mean_uses=167.5 sum=325.0MiB max=14.5MiB
[LIMINA-ALLOC-STATS] pool=0xae3179b50 begins=1024500 live=59 peak=67 draining=0 borrowed=55 pending=55 released=158 retired=106 mean_uses=167.5 sum=325.0MiB max=14.5MiB
[LIMINA-ALLOC-STATS] pool=0xae3179b50 begins=1025000 live=59 peak=67 draining=0 borrowed=54 pending=54 released=158 retired=106 mean_uses=167.5 sum=325.0MiB max=14.5MiB
[LIMINA-ALLOC-STATS] pool=0xae7e4db50 begins=16500 live=1 peak=1 draining=0 borrowed=1 pending=0 released=0 retired=0 mean_uses=0.0 sum=9.8MiB max=9.8MiB
[LIMINA-ALLOC-STATS] pool=0xae3179b50 begins=1025500 live=59 peak=67 draining=0 borrowed=53 pending=53 released=158 retired=106 mean_uses=167.5 sum=325.0MiB max=14.5MiB
[LIMINA-ALLOC-STATS] pool=0xae3179b50 begins=1026000 live=59 peak=67 draining=0 borrowed=55 pending=56 released=158 retired=106 mean_uses=167.5 sum=325.0MiB max=14.5MiB
[LIMINA-ALLOC-STATS] pool=0xae3179b50 begins=1026500 live=59 peak=67 draining=0 borrowed=54 pending=53 released=158 retired=106 mean_uses=167.5 sum=325.0MiB max=14.5MiB
[LIMINA-ALLOC-STATS] pool=0xae3179b50 begins=1027000 live=59 peak=67 draining=0 borrowed=54 pending=54 released=158 retired=106 mean_uses=167.5 sum=325.0MiB max=14.5MiB
[LIMINA-ALLOC-STATS] pool=0xae3179b50 begins=1027500 live=59 peak=67 draining=0 borrowed=57 pending=58 released=158 retired=106 mean_uses=167.5 sum=325.0MiB max=14.5MiB
[LIMINA-ALLOC-STATS] pool=0xae7e4db50 begins=17000 live=1 peak=1 draining=0 borrowed=1 pending=1 released=0 retired=0 mean_uses=0.0 sum=9.8MiB max=9.8MiB
[LIMINA-ALLOC-STATS] pool=0xae3179b50 begins=1028000 live=59 peak=67 draining=0 borrowed=55 pending=55 released=158 retired=106 mean_uses=167.5 sum=325.0MiB max=14.5MiB
[LIMINA-ALLOC-STATS] pool=0xae3179b50 begins=1028500 live=59 peak=67 draining=0 borrowed=54 pending=54 released=158 retired=106 mean_uses=167.5 sum=325.0MiB max=14.5MiB
[LIMINA-ALLOC-STATS] pool=0xae3179b50 begins=1029000 live=59 peak=67 draining=0 borrowed=55 pending=54 released=158 retired=106 mean_uses=167.5 sum=325.0MiB max=14.5MiB
[LIMINA-ALLOC-STATS] pool=0xae3179b50 begins=1029500 live=59 peak=67 draining=0 borrowed=55 pending=58 released=158 retired=106 mean_uses=167.5 sum=325.0MiB max=14.5MiB
[LIMINA-ALLOC-STATS] pool=0xae7e4db50 begins=17500 live=1 peak=1 draining=0 borrowed=1 pending=1 released=0 retired=0 mean_uses=0.0 sum=9.8MiB max=9.8MiB
[LIMINA-ALLOC-STATS] pool=0xae3179b50 begins=1030000 live=59 peak=67 draining=0 borrowed=54 pending=54 released=158 retired=106 mean_uses=167.5 sum=325.0MiB max=14.5MiB
[LIMINA-ALLOC-STATS] pool=0xae3179b50 begins=1030500 live=59 peak=67 draining=0 borrowed=55 pending=55 released=158 retired=106 mean_uses=167.5 sum=325.0MiB max=14.5MiB
[LIMINA-ALLOC-STATS] pool=0xae3179b50 begins=1031000 live=59 peak=67 draining=0 borrowed=55 pending=55 released=158 retired=106 mean_uses=167.5 sum=325.0MiB max=14.5MiB
[LIMINA-ALLOC-STATS] pool=0xae3179b50 begins=1031500 live=59 peak=67 draining=0 borrowed=54 pending=53 released=158 retired=106 mean_uses=167.5 sum=325.0MiB max=14.5MiB
[LIMINA-ALLOC-STATS] pool=0xae3179b50 begins=1032000 live=59 peak=67 draining=0 borrowed=58 pending=57 released=158 retired=106 mean_uses=167.5 sum=325.1MiB max=14.5MiB
[LIMINA-ALLOC-STATS] pool=0xae7e4db50 begins=18000 live=1 peak=1 draining=0 borrowed=1 pending=1 released=0 retired=0 mean_uses=0.0 sum=9.8MiB max=9.8MiB
[LIMINA-ALLOC-STATS] pool=0xae3179b50 begins=1032500 live=59 peak=67 draining=0 borrowed=54 pending=54 released=158 retired=106 mean_uses=167.5 sum=325.1MiB max=14.5MiB
[LIMINA-ALLOC-STATS] pool=0xae3179b50 begins=1033000 live=59 peak=67 draining=0 borrowed=54 pending=53 released=158 retired=106 mean_uses=167.5 sum=325.1MiB max=14.5MiB
[LIMINA-ALLOC-STATS] pool=0xae3179b50 begins=1033500 live=59 peak=67 draining=0 borrowed=55 pending=55 released=158 retired=106 mean_uses=167.5 sum=325.1MiB max=14.5MiB
[LIMINA-ALLOC-STATS] pool=0xae3179b50 begins=1034000 live=59 peak=67 draining=0 borrowed=55 pending=54 released=158 retired=106 mean_uses=167.5 sum=325.1MiB max=14.5MiB
[LIMINA-ALLOC-STATS] pool=0xae3179b50 begins=1034500 live=59 peak=67 draining=0 borrowed=53 pending=53 released=158 retired=106 mean_uses=167.5 sum=325.1MiB max=14.5MiB
[LIMINA-ALLOC-STATS] pool=0xae7e4db50 begins=18500 live=1 peak=1 draining=0 borrowed=1 pending=1 released=0 retired=0 mean_uses=0.0 sum=9.8MiB max=9.8MiB
[LIMINA-ALLOC-STATS] pool=0xae3179b50 begins=1035000 live=59 peak=67 draining=0 borrowed=55 pending=54 released=158 retired=106 mean_uses=167.5 sum=325.1MiB max=14.5MiB
[LIMINA-ALLOC-STATS] pool=0xae3179b50 begins=1035500 live=59 peak=67 draining=0 borrowed=55 pending=55 released=158 retired=106 mean_uses=167.5 sum=325.1MiB max=14.5MiB
[LIMINA-ALLOC-STATS] pool=0xae3179b50 begins=1036000 live=59 peak=67 draining=0 borrowed=53 pending=53 released=158 retired=106 mean_uses=167.5 sum=325.1MiB max=14.5MiB
[LIMINA-ALLOC-STATS] pool=0xae3179b50 begins=1036500 live=59 peak=67 draining=0 borrowed=55 pending=55 released=158 retired=106 mean_uses=167.5 sum=325.1MiB max=14.5MiB
[LIMINA-ALLOC-STATS] pool=0xae3179b50 begins=1037000 live=59 peak=67 draining=0 borrowed=55 pending=56 released=158 retired=106 mean_uses=167.5 sum=325.1MiB max=14.5MiB
[LIMINA-ALLOC-STATS] pool=0xae7e4db50 begins=19000 live=1 peak=1 draining=0 borrowed=1 pending=0 released=0 retired=0 mean_uses=0.0 sum=9.8MiB max=9.8MiB
[LIMINA-ALLOC-STATS] pool=0xae3179b50 begins=1037500 live=59 peak=67 draining=0 borrowed=54 pending=53 released=158 retired=106 mean_uses=167.5 sum=325.1MiB max=14.5MiB
[LIMINA-ALLOC-STATS] pool=0xae3179b50 begins=1038000 live=59 peak=67 draining=0 borrowed=55 pending=55 released=158 retired=106 mean_uses=167.5 sum=325.1MiB max=14.5MiB
[LIMINA-ALLOC-STATS] pool=0xae3179b50 begins=1038500 live=59 peak=67 draining=0 borrowed=57 pending=59 released=158 retired=106 mean_uses=167.5 sum=325.1MiB max=14.5MiB
[LIMINA-ALLOC-STATS] pool=0xae3179b50 begins=1039000 live=59 peak=67 draining=0 borrowed=54 pending=53 released=158 retired=106 mean_uses=167.5 sum=325.1MiB max=14.5MiB
[LIMINA-ALLOC-STATS] pool=0xae7e4db50 begins=19500 live=1 peak=1 draining=0 borrowed=1 pending=0 released=0 retired=0 mean_uses=0.0 sum=9.8MiB max=9.8MiB
[LIMINA-ALLOC-STATS] pool=0xae3179b50 begins=1039500 live=59 peak=67 draining=0 borrowed=56 pending=55 released=158 retired=106 mean_uses=167.5 sum=325.1MiB max=14.5MiB
[LIMINA-ALLOC-STATS] pool=0xae3179b50 begins=1040000 live=59 peak=67 draining=0 borrowed=55 pending=54 released=158 retired=106 mean_uses=167.5 sum=325.1MiB max=14.5MiB
[LIMINA-ALLOC-STATS] pool=0xae3179b50 begins=1040500 live=59 peak=67 draining=0 borrowed=53 pending=53 released=158 retired=106 mean_uses=167.5 sum=325.1MiB max=14.5MiB
[LIMINA-ALLOC-STATS] pool=0xae3179b50 begins=1041000 live=59 peak=67 draining=0 borrowed=55 pending=55 released=158 retired=106 mean_uses=167.5 sum=325.1MiB max=14.5MiB
[LIMINA-ALLOC-STATS] pool=0xae3179b50 begins=1041500 live=59 peak=67 draining=0 borrowed=54 pending=54 released=158 retired=106 mean_uses=167.5 sum=325.1MiB max=14.5MiB
[LIMINA-ALLOC-STATS] pool=0xae7e4db50 begins=20000 live=1 peak=1 draining=0 borrowed=1 pending=0 released=0 retired=0 mean_uses=0.0 sum=9.8MiB max=9.8MiB
[LIMINA-ALLOC-STATS] pool=0xae3179b50 begins=1042000 live=59 peak=67 draining=0 borrowed=54 pending=54 released=158 retired=106 mean_uses=167.5 sum=325.1MiB max=14.5MiB
[LIMINA-ALLOC-STATS] pool=0xae3179b50 begins=1042500 live=59 peak=67 draining=0 borrowed=55 pending=55 released=158 retired=106 mean_uses=167.5 sum=325.1MiB max=14.5MiB
[LIMINA-ALLOC-STATS] pool=0xae3179b50 begins=1043000 live=59 peak=67 draining=0 borrowed=55 pending=55 released=158 retired=106 mean_uses=167.5 sum=325.1MiB max=14.5MiB
[LIMINA-ALLOC-STATS] pool=0xae3179b50 begins=1043500 live=59 peak=67 draining=0 borrowed=53 pending=54 released=158 retired=106 mean_uses=167.5 sum=325.1MiB max=14.5MiB
[LIMINA-ALLOC-STATS] pool=0xae3179b50 begins=1044000 live=59 peak=67 draining=0 borrowed=56 pending=55 released=158 retired=106 mean_uses=167.5 sum=325.1MiB max=14.5MiB
[LIMINA-ALLOC-STATS] pool=0xae7e4db50 begins=20500 live=1 peak=1 draining=0 borrowed=1 pending=1 released=0 retired=0 mean_uses=0.0 sum=9.8MiB max=9.8MiB
[LIMINA-ALLOC-STATS] pool=0xae3179b50 begins=1044500 live=59 peak=67 draining=0 borrowed=54 pending=54 released=158 retired=106 mean_uses=167.5 sum=325.1MiB max=14.5MiB
[LIMINA-ALLOC-STATS] pool=0xae3179b50 begins=1045000 live=59 peak=67 draining=0 borrowed=53 pending=54 released=158 retired=106 mean_uses=167.5 sum=325.1MiB max=14.5MiB
[LIMINA-ALLOC-STATS] pool=0xae3179b50 begins=1045500 live=59 peak=67 draining=0 borrowed=55 pending=55 released=158 retired=106 mean_uses=167.5 sum=325.1MiB max=14.5MiB
[LIMINA-ALLOC-STATS] pool=0xae3179b50 begins=1046000 live=59 peak=67 draining=0 borrowed=56 pending=55 released=158 retired=106 mean_uses=167.5 sum=325.1MiB max=14.5MiB
[LIMINA-ALLOC-STATS] pool=0xae3179b50 begins=1046500 live=59 peak=67 draining=0 borrowed=54 pending=55 released=158 retired=106 mean_uses=167.5 sum=325.1MiB max=14.5MiB
[LIMINA-ALLOC-STATS] pool=0xae7e4db50 begins=21000 live=1 peak=1 draining=0 borrowed=1 pending=1 released=0 retired=0 mean_uses=0.0 sum=9.8MiB max=9.8MiB
[LIMINA-ALLOC-STATS] pool=0xae3179b50 begins=1047000 live=59 peak=67 draining=0 borrowed=54 pending=56 released=158 retired=106 mean_uses=167.5 sum=325.1MiB max=14.5MiB
[LIMINA-ALLOC-STATS] pool=0xae3179b50 begins=1047500 live=59 peak=67 draining=0 borrowed=55 pending=54 released=158 retired=106 mean_uses=167.5 sum=325.1MiB max=14.5MiB
[LIMINA-ALLOC-STATS] pool=0xae3179b50 begins=1048000 live=59 peak=67 draining=0 borrowed=53 pending=53 released=158 retired=106 mean_uses=167.5 sum=325.1MiB max=14.5MiB
[LIMINA-ALLOC-STATS] pool=0xae3179b50 begins=1048500 live=60 peak=67 draining=0 borrowed=57 pending=56 released=158 retired=106 mean_uses=167.5 sum=327.6MiB max=14.5MiB
[LIMINA-ALLOC-STATS] pool=0xae3179b50 begins=1049000 live=60 peak=67 draining=0 borrowed=57 pending=57 released=158 retired=106 mean_uses=167.5 sum=328.1MiB max=14.5MiB
[LIMINA-ALLOC-STATS] pool=0xae7e4db50 begins=21500 live=1 peak=1 draining=0 borrowed=1 pending=1 released=0 retired=0 mean_uses=0.0 sum=9.8MiB max=9.8MiB
[LIMINA-ALLOC-STATS] pool=0xae3179b50 begins=1049500 live=60 peak=67 draining=0 borrowed=54 pending=55 released=158 retired=106 mean_uses=167.5 sum=328.2MiB max=14.5MiB
[LIMINA-ALLOC-STATS] pool=0xae3179b50 begins=1050000 live=60 peak=67 draining=0 borrowed=54 pending=53 released=158 retired=106 mean_uses=167.5 sum=328.2MiB max=14.5MiB
[LIMINA-ALLOC-STATS] pool=0xae3179b50 begins=1050500 live=60 peak=67 draining=0 borrowed=55 pending=55 released=158 retired=106 mean_uses=167.5 sum=329.6MiB max=14.5MiB
[LIMINA-ALLOC-STATS] pool=0xae3179b50 begins=1051000 live=60 peak=67 draining=0 borrowed=53 pending=53 released=158 retired=106 mean_uses=167.5 sum=329.6MiB max=14.5MiB
[LIMINA-ALLOC-STATS] pool=0xae7e4db50 begins=22000 live=1 peak=1 draining=0 borrowed=1 pending=0 released=0 retired=0 mean_uses=0.0 sum=9.8MiB max=9.8MiB
[LIMINA-ALLOC-STATS] pool=0xae3179b50 begins=1051500 live=60 peak=67 draining=0 borrowed=58 pending=57 released=158 retired=106 mean_uses=167.5 sum=329.6MiB max=14.5MiB
[LIMINA-ALLOC-STATS] pool=0xae3179b50 begins=1052000 live=60 peak=67 draining=0 borrowed=56 pending=59 released=158 retired=106 mean_uses=167.5 sum=331.7MiB max=14.5MiB
[LIMINA-ALLOC-STATS] pool=0xae3179b50 begins=1052500 live=60 peak=67 draining=0 borrowed=53 pending=52 released=158 retired=106 mean_uses=167.5 sum=331.7MiB max=14.5MiB
[LIMINA-ALLOC-STATS] pool=0xae3179b50 begins=1053000 live=60 peak=67 draining=0 borrowed=58 pending=63 released=158 retired=106 mean_uses=167.5 sum=331.7MiB max=14.5MiB
[LIMINA-ALLOC-STATS] pool=0xae3179b50 begins=1053500 live=60 peak=67 draining=0 borrowed=54 pending=54 released=158 retired=106 mean_uses=167.5 sum=331.8MiB max=14.5MiB
[LIMINA-ALLOC-STATS] pool=0xae7e4db50 begins=22500 live=1 peak=1 draining=0 borrowed=1 pending=0 released=0 retired=0 mean_uses=0.0 sum=9.8MiB max=9.8MiB
[LIMINA-ALLOC-STATS] pool=0xae3179b50 begins=1054000 live=60 peak=67 draining=0 borrowed=56 pending=56 released=158 retired=106 mean_uses=167.5 sum=331.8MiB max=14.5MiB
[LIMINA-ALLOC-STATS] pool=0xae3179b50 begins=1054500 live=60 peak=67 draining=0 borrowed=56 pending=56 released=158 retired=106 mean_uses=167.5 sum=331.8MiB max=14.5MiB
[LIMINA-ALLOC-STATS] pool=0xae3179b50 begins=1055000 live=60 peak=67 draining=0 borrowed=54 pending=54 released=158 retired=106 mean_uses=167.5 sum=331.8MiB max=14.5MiB
[LIMINA-ALLOC-STATS] pool=0xae3179b50 begins=1055500 live=60 peak=67 draining=0 borrowed=52 pending=51 released=158 retired=106 mean_uses=167.5 sum=331.8MiB max=14.5MiB
[LIMINA-ALLOC-STATS] pool=0xae3179b50 begins=1056000 live=60 peak=67 draining=0 borrowed=54 pending=54 released=158 retired=106 mean_uses=167.5 sum=331.8MiB max=14.5MiB
[LIMINA-ALLOC-STATS] pool=0xae7e4db50 begins=23000 live=1 peak=1 draining=0 borrowed=1 pending=0 released=0 retired=0 mean_uses=0.0 sum=9.8MiB max=9.8MiB
[LIMINA-ALLOC-STATS] pool=0xae3179b50 begins=1056500 live=60 peak=67 draining=0 borrowed=56 pending=56 released=158 retired=106 mean_uses=167.5 sum=331.8MiB max=14.5MiB
[LIMINA-ALLOC-STATS] pool=0xae3179b50 begins=1057000 live=60 peak=67 draining=0 borrowed=54 pending=53 released=158 retired=106 mean_uses=167.5 sum=331.8MiB max=14.5MiB
[LIMINA-ALLOC-STATS] pool=0xae3179b50 begins=1057500 live=60 peak=67 draining=0 borrowed=57 pending=56 released=158 retired=106 mean_uses=167.5 sum=331.8MiB max=14.5MiB
[LIMINA-ALLOC-STATS] pool=0xae3179b50 begins=1058000 live=60 peak=67 draining=0 borrowed=54 pending=54 released=158 retired=106 mean_uses=167.5 sum=331.8MiB max=14.5MiB
[LIMINA-ALLOC-STATS] pool=0xae3179b50 begins=1058500 live=60 peak=67 draining=0 borrowed=56 pending=58 released=158 retired=106 mean_uses=167.5 sum=331.8MiB max=14.5MiB
[LIMINA-ALLOC-STATS] pool=0xae7e4db50 begins=23500 live=1 peak=1 draining=0 borrowed=1 pending=0 released=0 retired=0 mean_uses=0.0 sum=9.8MiB max=9.8MiB
[LIMINA-ALLOC-STATS] pool=0xae3179b50 begins=1059000 live=60 peak=67 draining=0 borrowed=55 pending=55 released=158 retired=106 mean_uses=167.5 sum=331.8MiB max=14.5MiB
[LIMINA-ALLOC-STATS] pool=0xae3179b50 begins=1059500 live=60 peak=67 draining=0 borrowed=54 pending=54 released=158 retired=106 mean_uses=167.5 sum=331.8MiB max=14.5MiB
[LIMINA-ALLOC-STATS] pool=0xae3179b50 begins=1060000 live=60 peak=67 draining=0 borrowed=54 pending=55 released=158 retired=106 mean_uses=167.5 sum=331.8MiB max=14.5MiB
[LIMINA-ALLOC-STATS] pool=0xae3179b50 begins=1060500 live=60 peak=67 draining=0 borrowed=55 pending=59 released=158 retired=106 mean_uses=167.5 sum=331.8MiB max=14.5MiB
[LIMINA-ALLOC-STATS] pool=0xae3179b50 begins=1061000 live=60 peak=67 draining=0 borrowed=55 pending=54 released=158 retired=106 mean_uses=167.5 sum=331.9MiB max=14.5MiB
[LIMINA-ALLOC-STATS] pool=0xae7e4db50 begins=24000 live=1 peak=1 draining=0 borrowed=1 pending=1 released=0 retired=0 mean_uses=0.0 sum=9.8MiB max=9.8MiB
[LIMINA-ALLOC-STATS] pool=0xae3179b50 begins=1061500 live=60 peak=67 draining=0 borrowed=54 pending=54 released=158 retired=106 mean_uses=167.5 sum=331.9MiB max=14.5MiB
[LIMINA-ALLOC-STATS] pool=0xae3179b50 begins=1062000 live=60 peak=67 draining=0 borrowed=56 pending=56 released=158 retired=106 mean_uses=167.5 sum=331.9MiB max=14.5MiB
[LIMINA-ALLOC-STATS] pool=0xae3179b50 begins=1062500 live=60 peak=67 draining=0 borrowed=55 pending=54 released=158 retired=106 mean_uses=167.5 sum=331.9MiB max=14.5MiB
[LIMINA-ALLOC-STATS] pool=0xae3179b50 begins=1063000 live=60 peak=67 draining=0 borrowed=52 pending=52 released=158 retired=106 mean_uses=167.5 sum=331.9MiB max=14.5MiB
[LIMINA-ALLOC-STATS] pool=0xae3179b50 begins=1063500 live=59 peak=67 draining=0 borrowed=54 pending=53 released=159 retired=106 mean_uses=167.5 sum=317.4MiB max=14.3MiB
[LIMINA-ALLOC-STATS] pool=0xae7e4db50 begins=24500 live=1 peak=1 draining=0 borrowed=1 pending=0 released=0 retired=0 mean_uses=0.0 sum=9.8MiB max=9.8MiB
[LIMINA-ALLOC-STATS] pool=0xae3179b50 begins=1064000 live=59 peak=67 draining=0 borrowed=55 pending=55 released=159 retired=106 mean_uses=167.5 sum=317.4MiB max=14.3MiB
[LIMINA-ALLOC-STATS] pool=0xae3179b50 begins=1064500 live=59 peak=67 draining=0 borrowed=55 pending=54 released=159 retired=106 mean_uses=167.5 sum=317.4MiB max=14.3MiB
[LIMINA-ALLOC-STATS] pool=0xae3179b50 begins=1065000 live=59 peak=67 draining=0 borrowed=54 pending=56 released=159 retired=106 mean_uses=167.5 sum=317.4MiB max=14.3MiB
[LIMINA-ALLOC-STATS] pool=0xae3179b50 begins=1065500 live=61 peak=67 draining=0 borrowed=55 pending=54 released=159 retired=106 mean_uses=167.5 sum=325.3MiB max=14.3MiB
[LIMINA-ALLOC-STATS] pool=0xae3179b50 begins=1066000 live=61 peak=67 draining=0 borrowed=55 pending=56 released=159 retired=106 mean_uses=167.5 sum=329.4MiB max=14.3MiB
[LIMINA-ALLOC-STATS] pool=0xae3179b50 begins=1066500 live=61 peak=67 draining=0 borrowed=56 pending=55 released=159 retired=106 mean_uses=167.5 sum=330.3MiB max=14.3MiB
[LIMINA-ALLOC-STATS] pool=0xae7e4db50 begins=25000 live=1 peak=1 draining=0 borrowed=1 pending=0 released=0 retired=0 mean_uses=0.0 sum=9.8MiB max=9.8MiB
[LIMINA-ALLOC-STATS] pool=0xae3179b50 begins=1067000 live=61 peak=67 draining=0 borrowed=55 pending=55 released=159 retired=106 mean_uses=167.5 sum=330.3MiB max=14.3MiB
[LIMINA-ALLOC-STATS] pool=0xae3179b50 begins=1067500 live=61 peak=67 draining=0 borrowed=54 pending=57 released=159 retired=106 mean_uses=167.5 sum=330.3MiB max=14.3MiB
[LIMINA-ALLOC-POOL] teardown: pool=0xae7e4db50 live=1 peak=1 released=0 ceiling-waits=0 ceiling-fails=0
[2026-10-07T14:26:34.462748Z INFO  krun_devices::virtio::gpu::virtio_gpu] CTX_CREATE ctx=10 init=0x4 name=Some("vkmark\0\0\0\0\0\0\0\0\0\0\0\0\0\0\0\0\0\0\0\0\0\0\0\0\0\0\0\0\0\0\0\0\0\0\0\0\0\0\0\0\0\0\0\0\0\0\0\0\0\0\0\0\0\0\0\0\0\0")
[LIMINA-ALLOC-STATS] pool=0xae3179b50 begins=1068000 live=61 peak=67 draining=0 borrowed=55 pending=55 released=159 retired=106 mean_uses=167.5 sum=337.1MiB max=14.3MiB
[LIMINA-ALLOC-STATS] pool=0xae3179b50 begins=1068500 live=61 peak=67 draining=0 borrowed=56 pending=56 released=159 retired=106 mean_uses=167.5 sum=346.9MiB max=14.3MiB
[LIMINA-ALLOC-STATS] pool=0xae3179b50 begins=1069000 live=61 peak=67 draining=0 borrowed=55 pending=54 released=159 retired=106 mean_uses=167.5 sum=352.7MiB max=14.3MiB
[LIMINA-ALLOC-STATS] pool=0xae3179b50 begins=1069500 live=61 peak=67 draining=0 borrowed=57 pending=57 released=159 retired=106 mean_uses=167.5 sum=353.1MiB max=14.3MiB
[LIMINA-ALLOC-STATS] pool=0xae3179b50 begins=1070000 live=61 peak=67 draining=0 borrowed=55 pending=55 released=159 retired=106 mean_uses=167.5 sum=353.2MiB max=14.3MiB
[LIMINA-ALLOC-STATS] pool=0xae3179b50 begins=1070500 live=61 peak=67 draining=0 borrowed=53 pending=53 released=159 retired=106 mean_uses=167.5 sum=353.2MiB max=14.3MiB
[LIMINA-ALLOC-STATS] pool=0xae7e4db50 begins=500 live=1 peak=1 draining=0 borrowed=1 pending=0 released=0 retired=0 mean_uses=0.0 sum=9.8MiB max=9.8MiB
[LIMINA-ALLOC-STATS] pool=0xae3181b50 begins=8500 live=1 peak=1 draining=0 borrowed=1 pending=0 released=0 retired=0 mean_uses=0.0 sum=4.9MiB max=4.9MiB
[LIMINA-ALLOC-STATS] pool=0xae3179b50 begins=1071000 live=61 peak=67 draining=0 borrowed=56 pending=58 released=159 retired=106 mean_uses=167.5 sum=353.4MiB max=14.3MiB
[LIMINA-ALLOC-STATS] pool=0xae317db50 begins=8500 live=1 peak=1 draining=0 borrowed=1 pending=0 released=0 retired=0 mean_uses=0.0 sum=4.9MiB max=4.9MiB
[LIMINA-ALLOC-STATS] pool=0xae3179b50 begins=1071500 live=61 peak=67 draining=0 borrowed=54 pending=54 released=159 retired=106 mean_uses=167.5 sum=353.4MiB max=14.3MiB
[LIMINA-ALLOC-STATS] pool=0xae3179b50 begins=1072000 live=61 peak=67 draining=0 borrowed=54 pending=54 released=159 retired=106 mean_uses=167.5 sum=353.4MiB max=14.3MiB
[LIMINA-ALLOC-STATS] pool=0xae3179b50 begins=1072500 live=61 peak=67 draining=0 borrowed=56 pending=57 released=159 retired=106 mean_uses=167.5 sum=353.4MiB max=14.3MiB
[LIMINA-ALLOC-STATS] pool=0xae3179b50 begins=1073000 live=61 peak=67 draining=0 borrowed=54 pending=54 released=159 retired=106 mean_uses=167.5 sum=353.4MiB max=14.3MiB
[LIMINA-ALLOC-STATS] pool=0xae7e4db50 begins=1000 live=1 peak=1 draining=0 borrowed=1 pending=1 released=0 retired=0 mean_uses=0.0 sum=9.8MiB max=9.8MiB
[LIMINA-ALLOC-STATS] pool=0xae3179b50 begins=1073500 live=61 peak=67 draining=0 borrowed=54 pending=54 released=159 retired=106 mean_uses=167.5 sum=353.4MiB max=14.3MiB
[LIMINA-ALLOC-STATS] pool=0xae3179b50 begins=1074000 live=61 peak=67 draining=0 borrowed=56 pending=57 released=159 retired=106 mean_uses=167.5 sum=353.4MiB max=14.3MiB
[LIMINA-ALLOC-STATS] pool=0xae3179b50 begins=1074500 live=61 peak=67 draining=0 borrowed=55 pending=54 released=159 retired=106 mean_uses=167.5 sum=353.4MiB max=14.3MiB
[LIMINA-ALLOC-STATS] pool=0xae3179b50 begins=1075000 live=59 peak=67 draining=0 borrowed=55 pending=55 released=161 retired=106 mean_uses=167.5 sum=337.3MiB max=14.3MiB
[LIMINA-ALLOC-STATS] pool=0xae3179b50 begins=1075500 live=59 peak=67 draining=0 borrowed=56 pending=56 released=161 retired=106 mean_uses=167.5 sum=337.3MiB max=14.3MiB
[LIMINA-ALLOC-STATS] pool=0xae7e4db50 begins=1500 live=1 peak=1 draining=0 borrowed=1 pending=0 released=0 retired=0 mean_uses=0.0 sum=9.8MiB max=9.8MiB
[LIMINA-ALLOC-STATS] pool=0xae3179b50 begins=1076000 live=59 peak=67 draining=0 borrowed=55 pending=54 released=161 retired=106 mean_uses=167.5 sum=337.3MiB max=14.3MiB
[LIMINA-ALLOC-STATS] pool=0xae3179b50 begins=1076500 live=59 peak=67 draining=0 borrowed=54 pending=55 released=161 retired=106 mean_uses=167.5 sum=337.3MiB max=14.3MiB
[LIMINA-ALLOC-STATS] pool=0xae3179b50 begins=1077000 live=59 peak=67 draining=0 borrowed=57 pending=57 released=161 retired=106 mean_uses=167.5 sum=337.4MiB max=14.3MiB
[LIMINA-ALLOC-STATS] pool=0xae3179b50 begins=1077500 live=59 peak=67 draining=0 borrowed=56 pending=56 released=161 retired=106 mean_uses=167.5 sum=337.4MiB max=14.3MiB
[LIMINA-ALLOC-STATS] pool=0xae3179b50 begins=1078000 live=59 peak=67 draining=0 borrowed=54 pending=54 released=161 retired=106 mean_uses=167.5 sum=337.4MiB max=14.3MiB
[LIMINA-ALLOC-STATS] pool=0xae7e4db50 begins=2000 live=1 peak=1 draining=0 borrowed=1 pending=2 released=0 retired=0 mean_uses=0.0 sum=9.8MiB max=9.8MiB
[LIMINA-ALLOC-STATS] pool=0xae3179b50 begins=1078500 live=59 peak=67 draining=0 borrowed=57 pending=57 released=161 retired=106 mean_uses=167.5 sum=337.4MiB max=14.3MiB
[LIMINA-ALLOC-STATS] pool=0xae3179b50 begins=1079000 live=59 peak=67 draining=0 borrowed=55 pending=55 released=161 retired=106 mean_uses=167.5 sum=337.4MiB max=14.3MiB
[LIMINA-ALLOC-STATS] pool=0xae3179b50 begins=1079500 live=59 peak=67 draining=0 borrowed=54 pending=53 released=161 retired=106 mean_uses=167.5 sum=337.4MiB max=14.3MiB
[LIMINA-ALLOC-STATS] pool=0xae3179b50 begins=1080000 live=59 peak=67 draining=0 borrowed=56 pending=55 released=161 retired=106 mean_uses=167.5 sum=337.4MiB max=14.3MiB
[LIMINA-ALLOC-STATS] pool=0xae3179b50 begins=1080500 live=59 peak=67 draining=0 borrowed=55 pending=55 released=161 retired=106 mean_uses=167.5 sum=337.4MiB max=14.3MiB
[LIMINA-ALLOC-STATS] pool=0xae3179b50 begins=1081000 live=60 peak=67 draining=0 borrowed=53 pending=53 released=161 retired=106 mean_uses=167.5 sum=341.6MiB max=14.3MiB
[LIMINA-ALLOC-STATS] pool=0xae7e4db50 begins=2500 live=1 peak=1 draining=0 borrowed=1 pending=0 released=0 retired=0 mean_uses=0.0 sum=9.8MiB max=9.8MiB
[LIMINA-ALLOC-STATS] pool=0xae3179b50 begins=1081500 live=60 peak=67 draining=0 borrowed=55 pending=55 released=161 retired=106 mean_uses=167.5 sum=342.7MiB max=14.3MiB
[LIMINA-ALLOC-STATS] pool=0xae3179b50 begins=1082000 live=60 peak=67 draining=0 borrowed=55 pending=56 released=161 retired=106 mean_uses=167.5 sum=342.8MiB max=14.3MiB
[LIMINA-ALLOC-STATS] pool=0xae3179b50 begins=1082500 live=60 peak=67 draining=0 borrowed=53 pending=53 released=161 retired=106 mean_uses=167.5 sum=342.8MiB max=14.3MiB
[LIMINA-ALLOC-STATS] pool=0xae3179b50 begins=1083000 live=60 peak=67 draining=0 borrowed=55 pending=55 released=161 retired=106 mean_uses=167.5 sum=342.8MiB max=14.3MiB
[LIMINA-ALLOC-STATS] pool=0xae3179b50 begins=1083500 live=60 peak=67 draining=0 borrowed=55 pending=55 released=161 retired=106 mean_uses=167.5 sum=342.9MiB max=14.3MiB
[LIMINA-ALLOC-STATS] pool=0xae7e4db50 begins=3000 live=1 peak=1 draining=0 borrowed=1 pending=0 released=0 retired=0 mean_uses=0.0 sum=9.8MiB max=9.8MiB
[LIMINA-ALLOC-STATS] pool=0xae3179b50 begins=1084000 live=60 peak=67 draining=0 borrowed=54 pending=54 released=161 retired=106 mean_uses=167.5 sum=342.9MiB max=14.3MiB
[LIMINA-ALLOC-STATS] pool=0xae3179b50 begins=1084500 live=60 peak=67 draining=0 borrowed=55 pending=54 released=161 retired=106 mean_uses=167.5 sum=342.9MiB max=14.3MiB
[LIMINA-ALLOC-STATS] pool=0xae3179b50 begins=1085000 live=60 peak=67 draining=0 borrowed=53 pending=53 released=161 retired=106 mean_uses=167.5 sum=342.9MiB max=14.3MiB
[LIMINA-ALLOC-STATS] pool=0xae3179b50 begins=1085500 live=60 peak=67 draining=0 borrowed=54 pending=53 released=161 retired=106 mean_uses=167.5 sum=342.9MiB max=14.3MiB
[LIMINA-ALLOC-STATS] pool=0xae3179b50 begins=1086000 live=60 peak=67 draining=0 borrowed=57 pending=57 released=161 retired=106 mean_uses=167.5 sum=342.9MiB max=14.3MiB
[LIMINA-ALLOC-STATS] pool=0xae7e4db50 begins=3500 live=1 peak=1 draining=0 borrowed=1 pending=1 released=0 retired=0 mean_uses=0.0 sum=9.8MiB max=9.8MiB
[LIMINA-ALLOC-STATS] pool=0xae3179b50 begins=1086500 live=60 peak=67 draining=0 borrowed=54 pending=54 released=161 retired=106 mean_uses=167.5 sum=342.9MiB max=14.3MiB
[LIMINA-ALLOC-STATS] pool=0xae3179b50 begins=1087000 live=60 peak=67 draining=0 borrowed=54 pending=55 released=161 retired=106 mean_uses=167.5 sum=342.9MiB max=14.3MiB
[LIMINA-ALLOC-STATS] pool=0xae3179b50 begins=1087500 live=60 peak=67 draining=0 borrowed=55 pending=55 released=161 retired=106 mean_uses=167.5 sum=343.1MiB max=14.3MiB
[LIMINA-ALLOC-STATS] pool=0xae3179b50 begins=1088000 live=60 peak=67 draining=0 borrowed=56 pending=56 released=161 retired=106 mean_uses=167.5 sum=343.1MiB max=14.3MiB
[LIMINA-ALLOC-STATS] pool=0xae3179b50 begins=1088500 live=60 peak=67 draining=0 borrowed=54 pending=54 released=161 retired=106 mean_uses=167.5 sum=343.1MiB max=14.3MiB
[LIMINA-ALLOC-STATS] pool=0xae3179b50 begins=1089000 live=60 peak=67 draining=0 borrowed=56 pending=56 released=161 retired=106 mean_uses=167.5 sum=343.1MiB max=14.3MiB
[LIMINA-ALLOC-STATS] pool=0xae7e4db50 begins=4000 live=1 peak=1 draining=0 borrowed=1 pending=0 released=0 retired=0 mean_uses=0.0 sum=9.8MiB max=9.8MiB
[LIMINA-ALLOC-STATS] pool=0xae3179b50 begins=1089500 live=60 peak=67 draining=0 borrowed=54 pending=55 released=161 retired=106 mean_uses=167.5 sum=343.1MiB max=14.3MiB
[LIMINA-ALLOC-STATS] pool=0xae3179b50 begins=1090000 live=60 peak=67 draining=0 borrowed=54 pending=54 released=161 retired=106 mean_uses=167.5 sum=343.1MiB max=14.3MiB
[LIMINA-ALLOC-STATS] pool=0xae3179b50 begins=1090500 live=60 peak=67 draining=0 borrowed=55 pending=54 released=161 retired=106 mean_uses=167.5 sum=343.1MiB max=14.3MiB
[LIMINA-ALLOC-STATS] pool=0xae3179b50 begins=1091000 live=60 peak=67 draining=0 borrowed=54 pending=55 released=161 retired=106 mean_uses=167.5 sum=343.1MiB max=14.3MiB
[LIMINA-ALLOC-STATS] pool=0xae3179b50 begins=1091500 live=60 peak=67 draining=0 borrowed=54 pending=56 released=161 retired=106 mean_uses=167.5 sum=343.1MiB max=14.3MiB
[LIMINA-ALLOC-STATS] pool=0xae7e4db50 begins=4500 live=1 peak=1 draining=0 borrowed=1 pending=0 released=0 retired=0 mean_uses=0.0 sum=9.8MiB max=9.8MiB
[LIMINA-ALLOC-STATS] pool=0xae3179b50 begins=1092000 live=60 peak=67 draining=0 borrowed=56 pending=57 released=161 retired=106 mean_uses=167.5 sum=343.1MiB max=14.3MiB
[LIMINA-ALLOC-STATS] pool=0xae3179b50 begins=1092500 live=59 peak=67 draining=0 borrowed=55 pending=54 released=162 retired=106 mean_uses=167.5 sum=331.9MiB max=14.3MiB
[LIMINA-ALLOC-STATS] pool=0xae3179b50 begins=1093000 live=59 peak=67 draining=0 borrowed=53 pending=53 released=162 retired=106 mean_uses=167.5 sum=331.9MiB max=14.3MiB
[LIMINA-ALLOC-STATS] pool=0xae3179b50 begins=1093500 live=59 peak=67 draining=0 borrowed=56 pending=56 released=162 retired=106 mean_uses=167.5 sum=331.9MiB max=14.3MiB
[LIMINA-ALLOC-STATS] pool=0xae3179b50 begins=1094000 live=59 peak=67 draining=0 borrowed=56 pending=55 released=162 retired=106 mean_uses=167.5 sum=331.9MiB max=14.3MiB
[LIMINA-ALLOC-STATS] pool=0xae7e4db50 begins=5000 live=1 peak=1 draining=0 borrowed=1 pending=0 released=0 retired=0 mean_uses=0.0 sum=9.8MiB max=9.8MiB
[LIMINA-ALLOC-STATS] pool=0xae3179b50 begins=1094500 live=59 peak=67 draining=0 borrowed=54 pending=56 released=162 retired=106 mean_uses=167.5 sum=331.9MiB max=14.3MiB
[LIMINA-ALLOC-STATS] pool=0xae3179b50 begins=1095000 live=59 peak=67 draining=0 borrowed=55 pending=54 released=162 retired=106 mean_uses=167.5 sum=331.9MiB max=14.3MiB
[LIMINA-ALLOC-STATS] pool=0xae3179b50 begins=1095500 live=59 peak=67 draining=0 borrowed=55 pending=54 released=162 retired=106 mean_uses=167.5 sum=331.9MiB max=14.3MiB
[LIMINA-ALLOC-STATS] pool=0xae3179b50 begins=1096000 live=59 peak=67 draining=0 borrowed=55 pending=57 released=162 retired=106 mean_uses=167.5 sum=331.9MiB max=14.3MiB
[LIMINA-ALLOC-STATS] pool=0xae3179b50 begins=1096500 live=59 peak=67 draining=0 borrowed=56 pending=56 released=162 retired=106 mean_uses=167.5 sum=331.9MiB max=14.3MiB
[LIMINA-ALLOC-STATS] pool=0xae3179b50 begins=1097000 live=59 peak=67 draining=0 borrowed=54 pending=54 released=162 retired=106 mean_uses=167.5 sum=331.9MiB max=14.3MiB
[LIMINA-ALLOC-STATS] pool=0xae7e4db50 begins=5500 live=1 peak=1 draining=0 borrowed=1 pending=0 released=0 retired=0 mean_uses=0.0 sum=9.8MiB max=9.8MiB
[LIMINA-ALLOC-STATS] pool=0xae3179b50 begins=1097500 live=59 peak=67 draining=0 borrowed=53 pending=52 released=162 retired=106 mean_uses=167.5 sum=331.9MiB max=14.3MiB
[LIMINA-ALLOC-STATS] pool=0xae3179b50 begins=1098000 live=59 peak=67 draining=0 borrowed=57 pending=56 released=162 retired=106 mean_uses=167.5 sum=331.9MiB max=14.3MiB
[LIMINA-ALLOC-STATS] pool=0xae3179b50 begins=1098500 live=60 peak=67 draining=0 borrowed=54 pending=53 released=162 retired=106 mean_uses=167.5 sum=337.1MiB max=14.3MiB
[LIMINA-ALLOC-STATS] pool=0xae3179b50 begins=1099000 live=60 peak=67 draining=0 borrowed=53 pending=53 released=162 retired=106 mean_uses=167.5 sum=337.1MiB max=14.3MiB
[LIMINA-ALLOC-STATS] pool=0xae3179b50 begins=1099500 live=60 peak=67 draining=0 borrowed=55 pending=54 released=162 retired=106 mean_uses=167.5 sum=337.1MiB max=14.3MiB
[LIMINA-ALLOC-STATS] pool=0xae3179b50 begins=1100000 live=60 peak=67 draining=0 borrowed=54 pending=53 released=162 retired=106 mean_uses=167.5 sum=337.1MiB max=14.3MiB
[LIMINA-ALLOC-STATS] pool=0xae7e4db50 begins=6000 live=1 peak=1 draining=0 borrowed=1 pending=0 released=0 retired=0 mean_uses=0.0 sum=9.8MiB max=9.8MiB
[LIMINA-ALLOC-STATS] pool=0xae3179b50 begins=1100500 live=60 peak=67 draining=0 borrowed=53 pending=53 released=162 retired=106 mean_uses=167.5 sum=337.1MiB max=14.3MiB
[LIMINA-ALLOC-STATS] pool=0xae3179b50 begins=1101000 live=60 peak=67 draining=0 borrowed=57 pending=56 released=162 retired=106 mean_uses=167.5 sum=337.3MiB max=14.3MiB
[LIMINA-ALLOC-STATS] pool=0xae3179b50 begins=1101500 live=60 peak=67 draining=0 borrowed=55 pending=54 released=162 retired=106 mean_uses=167.5 sum=337.3MiB max=14.3MiB
[LIMINA-ALLOC-STATS] pool=0xae3179b50 begins=1102000 live=60 peak=67 draining=0 borrowed=54 pending=53 released=162 retired=106 mean_uses=167.5 sum=337.3MiB max=14.3MiB
[LIMINA-ALLOC-STATS] pool=0xae3179b50 begins=1102500 live=60 peak=67 draining=0 borrowed=56 pending=56 released=162 retired=106 mean_uses=167.5 sum=337.3MiB max=14.3MiB
[LIMINA-ALLOC-STATS] pool=0xae7e4db50 begins=6500 live=1 peak=1 draining=0 borrowed=1 pending=0 released=0 retired=0 mean_uses=0.0 sum=9.8MiB max=9.8MiB
[LIMINA-ALLOC-STATS] pool=0xae3179b50 begins=1103000 live=60 peak=67 draining=0 borrowed=54 pending=54 released=162 retired=106 mean_uses=167.5 sum=337.3MiB max=14.3MiB
[LIMINA-ALLOC-STATS] pool=0xae3179b50 begins=1103500 live=60 peak=67 draining=0 borrowed=53 pending=53 released=162 retired=106 mean_uses=167.5 sum=337.3MiB max=14.3MiB
[LIMINA-ALLOC-STATS] pool=0xae3179b50 begins=1104000 live=60 peak=67 draining=0 borrowed=56 pending=59 released=162 retired=106 mean_uses=167.5 sum=337.3MiB max=14.3MiB
[LIMINA-ALLOC-STATS] pool=0xae3179b50 begins=1104500 live=60 peak=67 draining=0 borrowed=54 pending=54 released=162 retired=106 mean_uses=167.5 sum=338.0MiB max=14.3MiB
[LIMINA-ALLOC-STATS] pool=0xae3179b50 begins=1105000 live=60 peak=67 draining=0 borrowed=54 pending=55 released=162 retired=106 mean_uses=167.5 sum=338.0MiB max=14.3MiB
[LIMINA-ALLOC-STATS] pool=0xae3179b50 begins=1105500 live=60 peak=67 draining=0 borrowed=57 pending=59 released=162 retired=106 mean_uses=167.5 sum=338.0MiB max=14.3MiB
[LIMINA-ALLOC-STATS] pool=0xae7e4db50 begins=7000 live=1 peak=1 draining=0 borrowed=1 pending=1 released=0 retired=0 mean_uses=0.0 sum=9.8MiB max=9.8MiB
[LIMINA-ALLOC-STATS] pool=0xae3179b50 begins=1106000 live=60 peak=67 draining=0 borrowed=54 pending=54 released=162 retired=106 mean_uses=167.5 sum=338.0MiB max=14.3MiB
[LIMINA-ALLOC-STATS] pool=0xae3179b50 begins=1106500 live=60 peak=67 draining=0 borrowed=54 pending=53 released=162 retired=106 mean_uses=167.5 sum=338.0MiB max=14.3MiB
[LIMINA-ALLOC-STATS] pool=0xae3179b50 begins=1107000 live=60 peak=67 draining=0 borrowed=54 pending=54 released=162 retired=106 mean_uses=167.5 sum=338.0MiB max=14.3MiB
[LIMINA-ALLOC-STATS] pool=0xae3179b50 begins=1107500 live=60 peak=67 draining=0 borrowed=55 pending=56 released=162 retired=106 mean_uses=167.5 sum=338.0MiB max=14.3MiB
[LIMINA-ALLOC-STATS] pool=0xae3179b50 begins=1108000 live=60 peak=67 draining=0 borrowed=52 pending=52 released=162 retired=106 mean_uses=167.5 sum=338.0MiB max=14.3MiB
[LIMINA-ALLOC-STATS] pool=0xae3179b50 begins=1108500 live=60 peak=67 draining=0 borrowed=55 pending=55 released=162 retired=106 mean_uses=167.5 sum=338.0MiB max=14.3MiB
[LIMINA-ALLOC-STATS] pool=0xae7e4db50 begins=7500 live=1 peak=1 draining=0 borrowed=1 pending=0 released=0 retired=0 mean_uses=0.0 sum=9.8MiB max=9.8MiB
[LIMINA-ALLOC-STATS] pool=0xae3179b50 begins=1109000 live=60 peak=67 draining=0 borrowed=57 pending=57 released=162 retired=106 mean_uses=167.5 sum=338.0MiB max=14.3MiB
[LIMINA-ALLOC-STATS] pool=0xae3179b50 begins=1109500 live=60 peak=67 draining=0 borrowed=55 pending=56 released=162 retired=106 mean_uses=167.5 sum=338.0MiB max=14.3MiB
[LIMINA-ALLOC-STATS] pool=0xae3181b50 begins=9000 live=1 peak=1 draining=0 borrowed=1 pending=0 released=0 retired=0 mean_uses=0.0 sum=4.9MiB max=4.9MiB
[LIMINA-ALLOC-STATS] pool=0xae317db50 begins=9000 live=1 peak=1 draining=0 borrowed=1 pending=0 released=0 retired=0 mean_uses=0.0 sum=4.9MiB max=4.9MiB
[LIMINA-ALLOC-STATS] pool=0xae3179b50 begins=1110000 live=60 peak=67 draining=0 borrowed=55 pending=55 released=162 retired=106 mean_uses=167.5 sum=338.0MiB max=14.3MiB
[LIMINA-ALLOC-STATS] pool=0xae3179b50 begins=1110500 live=60 peak=67 draining=0 borrowed=54 pending=53 released=162 retired=106 mean_uses=167.5 sum=338.0MiB max=14.3MiB
[LIMINA-ALLOC-STATS] pool=0xae3179b50 begins=1111000 live=60 peak=67 draining=0 borrowed=56 pending=58 released=162 retired=106 mean_uses=167.5 sum=338.0MiB max=14.3MiB
[LIMINA-ALLOC-STATS] pool=0xae7e4db50 begins=8000 live=1 peak=1 draining=0 borrowed=1 pending=0 released=0 retired=0 mean_uses=0.0 sum=9.8MiB max=9.8MiB
[LIMINA-ALLOC-STATS] pool=0xae3179b50 begins=1111500 live=60 peak=67 draining=0 borrowed=54 pending=56 released=162 retired=106 mean_uses=167.5 sum=338.0MiB max=14.3MiB
[LIMINA-ALLOC-STATS] pool=0xae3179b50 begins=1112000 live=60 peak=67 draining=0 borrowed=54 pending=53 released=162 retired=106 mean_uses=167.5 sum=338.0MiB max=14.3MiB
[LIMINA-ALLOC-STATS] pool=0xae3179b50 begins=1112500 live=60 peak=67 draining=0 borrowed=55 pending=54 released=162 retired=106 mean_uses=167.5 sum=338.8MiB max=14.3MiB
[LIMINA-ALLOC-STATS] pool=0xae3179b50 begins=1113000 live=60 peak=67 draining=0 borrowed=54 pending=55 released=162 retired=106 mean_uses=167.5 sum=338.8MiB max=14.3MiB
[LIMINA-ALLOC-STATS] pool=0xae7e4db50 begins=8500 live=1 peak=1 draining=0 borrowed=1 pending=1 released=0 retired=0 mean_uses=0.0 sum=9.8MiB max=9.8MiB
[LIMINA-ALLOC-STATS] pool=0xae3179b50 begins=1113500 live=60 peak=67 draining=0 borrowed=55 pending=55 released=162 retired=106 mean_uses=167.5 sum=338.8MiB max=14.3MiB
[LIMINA-ALLOC-STATS] pool=0xae3179b50 begins=1114000 live=60 peak=67 draining=0 borrowed=53 pending=53 released=162 retired=106 mean_uses=167.5 sum=338.8MiB max=14.3MiB
[LIMINA-ALLOC-STATS] pool=0xae3179b50 begins=1114500 live=60 peak=67 draining=0 borrowed=56 pending=55 released=162 retired=106 mean_uses=167.5 sum=340.0MiB max=14.3MiB
[LIMINA-ALLOC-STATS] pool=0xae3179b50 begins=1115000 live=60 peak=67 draining=0 borrowed=55 pending=57 released=162 retired=106 mean_uses=167.5 sum=340.0MiB max=14.3MiB
[LIMINA-ALLOC-STATS] pool=0xae3179b50 begins=1115500 live=60 peak=67 draining=0 borrowed=53 pending=52 released=162 retired=106 mean_uses=167.5 sum=340.0MiB max=14.3MiB
[LIMINA-ALLOC-STATS] pool=0xae7e4db50 begins=9000 live=1 peak=1 draining=0 borrowed=1 pending=1 released=0 retired=0 mean_uses=0.0 sum=9.8MiB max=9.8MiB
[LIMINA-ALLOC-STATS] pool=0xae3179b50 begins=1116000 live=59 peak=67 draining=0 borrowed=56 pending=55 released=163 retired=106 mean_uses=167.5 sum=328.8MiB max=14.3MiB
[LIMINA-ALLOC-STATS] pool=0xae3179b50 begins=1116500 live=59 peak=67 draining=0 borrowed=56 pending=55 released=163 retired=106 mean_uses=167.5 sum=332.0MiB max=14.3MiB
[LIMINA-ALLOC-STATS] pool=0xae3179b50 begins=1117000 live=59 peak=67 draining=0 borrowed=54 pending=53 released=163 retired=106 mean_uses=167.5 sum=332.1MiB max=14.3MiB
[LIMINA-ALLOC-STATS] pool=0xae3179b50 begins=1117500 live=59 peak=67 draining=0 borrowed=57 pending=57 released=163 retired=106 mean_uses=167.5 sum=332.1MiB max=14.3MiB
[LIMINA-ALLOC-STATS] pool=0xae3179b50 begins=1118000 live=59 peak=67 draining=0 borrowed=55 pending=54 released=163 retired=106 mean_uses=167.5 sum=332.1MiB max=14.3MiB
[LIMINA-ALLOC-STATS] pool=0xae3179b50 begins=1118500 live=60 peak=67 draining=0 borrowed=53 pending=53 released=163 retired=106 mean_uses=167.5 sum=335.2MiB max=14.3MiB
[LIMINA-ALLOC-STATS] pool=0xae7e4db50 begins=9500 live=1 peak=1 draining=0 borrowed=1 pending=0 released=0 retired=0 mean_uses=0.0 sum=9.8MiB max=9.8MiB
[LIMINA-ALLOC-STATS] pool=0xae3179b50 begins=1119000 live=60 peak=67 draining=0 borrowed=56 pending=57 released=163 retired=106 mean_uses=167.5 sum=335.7MiB max=14.3MiB
[LIMINA-ALLOC-STATS] pool=0xae3179b50 begins=1119500 live=60 peak=67 draining=0 borrowed=56 pending=58 released=163 retired=106 mean_uses=167.5 sum=335.8MiB max=14.3MiB
[LIMINA-ALLOC-STATS] pool=0xae3179b50 begins=1120000 live=60 peak=67 draining=0 borrowed=53 pending=52 released=163 retired=106 mean_uses=167.5 sum=335.8MiB max=14.3MiB
[LIMINA-ALLOC-STATS] pool=0xae3179b50 begins=1120500 live=60 peak=67 draining=0 borrowed=55 pending=54 released=163 retired=106 mean_uses=167.5 sum=338.9MiB max=14.3MiB
[LIMINA-ALLOC-STATS] pool=0xae3179b50 begins=1121000 live=60 peak=67 draining=0 borrowed=56 pending=56 released=163 retired=106 mean_uses=167.5 sum=338.9MiB max=14.3MiB
[LIMINA-ALLOC-STATS] pool=0xae7e4db50 begins=10000 live=1 peak=1 draining=0 borrowed=1 pending=0 released=0 retired=0 mean_uses=0.0 sum=9.8MiB max=9.8MiB
[LIMINA-ALLOC-STATS] pool=0xae3179b50 begins=1121500 live=60 peak=67 draining=0 borrowed=54 pending=54 released=163 retired=106 mean_uses=167.5 sum=339.0MiB max=14.3MiB
[LIMINA-ALLOC-STATS] pool=0xae3179b50 begins=1122000 live=60 peak=67 draining=0 borrowed=55 pending=55 released=163 retired=106 mean_uses=167.5 sum=339.0MiB max=14.3MiB
[LIMINA-ALLOC-STATS] pool=0xae3179b50 begins=1122500 live=60 peak=67 draining=0 borrowed=55 pending=54 released=163 retired=106 mean_uses=167.5 sum=339.0MiB max=14.3MiB
[LIMINA-ALLOC-STATS] pool=0xae3179b50 begins=1123000 live=62 peak=67 draining=0 borrowed=54 pending=53 released=163 retired=106 mean_uses=167.5 sum=345.5MiB max=14.3MiB
[LIMINA-ALLOC-STATS] pool=0xae3179b50 begins=1123500 live=62 peak=67 draining=0 borrowed=56 pending=55 released=163 retired=106 mean_uses=167.5 sum=346.1MiB max=14.3MiB
[LIMINA-ALLOC-STATS] pool=0xae3179b50 begins=1124000 live=62 peak=67 draining=0 borrowed=55 pending=55 released=163 retired=106 mean_uses=167.5 sum=346.3MiB max=14.3MiB
[LIMINA-ALLOC-STATS] pool=0xae7e4db50 begins=10500 live=1 peak=1 draining=0 borrowed=1 pending=1 released=0 retired=0 mean_uses=0.0 sum=9.8MiB max=9.8MiB
[LIMINA-ALLOC-STATS] pool=0xae3179b50 begins=1124500 live=62 peak=67 draining=0 borrowed=53 pending=54 released=163 retired=106 mean_uses=167.5 sum=348.4MiB max=14.3MiB
[LIMINA-ALLOC-STATS] pool=0xae3179b50 begins=1125000 live=62 peak=67 draining=0 borrowed=57 pending=56 released=163 retired=106 mean_uses=167.5 sum=350.6MiB max=14.3MiB
[LIMINA-ALLOC-STATS] pool=0xae3179b50 begins=1125500 live=62 peak=67 draining=0 borrowed=55 pending=54 released=163 retired=106 mean_uses=167.5 sum=350.6MiB max=14.3MiB
[LIMINA-ALLOC-STATS] pool=0xae3179b50 begins=1126000 live=62 peak=67 draining=0 borrowed=55 pending=54 released=163 retired=106 mean_uses=167.5 sum=350.6MiB max=14.3MiB
[LIMINA-ALLOC-STATS] pool=0xae3179b50 begins=1126500 live=62 peak=67 draining=0 borrowed=55 pending=54 released=163 retired=106 mean_uses=167.5 sum=350.6MiB max=14.3MiB
[LIMINA-ALLOC-STATS] pool=0xae7e4db50 begins=11000 live=1 peak=1 draining=0 borrowed=1 pending=1 released=0 retired=0 mean_uses=0.0 sum=9.8MiB max=9.8MiB
[LIMINA-ALLOC-STATS] pool=0xae3179b50 begins=1127000 live=62 peak=67 draining=0 borrowed=54 pending=54 released=163 retired=106 mean_uses=167.5 sum=350.6MiB max=14.3MiB
[LIMINA-ALLOC-STATS] pool=0xae3179b50 begins=1127500 live=62 peak=67 draining=0 borrowed=53 pending=53 released=163 retired=106 mean_uses=167.5 sum=350.7MiB max=14.3MiB
[LIMINA-ALLOC-STATS] pool=0xae3179b50 begins=1128000 live=62 peak=67 draining=0 borrowed=55 pending=55 released=163 retired=106 mean_uses=167.5 sum=350.7MiB max=14.3MiB
[LIMINA-ALLOC-STATS] pool=0xae3179b50 begins=1128500 live=62 peak=67 draining=0 borrowed=55 pending=55 released=163 retired=106 mean_uses=167.5 sum=350.7MiB max=14.3MiB
[LIMINA-ALLOC-STATS] pool=0xae7e4db50 begins=11500 live=1 peak=1 draining=0 borrowed=1 pending=1 released=0 retired=0 mean_uses=0.0 sum=9.8MiB max=9.8MiB
[LIMINA-ALLOC-STATS] pool=0xae3179b50 begins=1129000 live=62 peak=67 draining=0 borrowed=55 pending=55 released=163 retired=106 mean_uses=167.5 sum=352.2MiB max=14.3MiB
[LIMINA-ALLOC-STATS] pool=0xae3179b50 begins=1129500 live=62 peak=67 draining=0 borrowed=54 pending=53 released=163 retired=106 mean_uses=167.5 sum=352.3MiB max=14.3MiB
[LIMINA-ALLOC-STATS] pool=0xae3179b50 begins=1130000 live=62 peak=67 draining=0 borrowed=55 pending=56 released=163 retired=106 mean_uses=167.5 sum=352.3MiB max=14.3MiB
[LIMINA-ALLOC-STATS] pool=0xae3179b50 begins=1130500 live=62 peak=67 draining=0 borrowed=55 pending=55 released=163 retired=106 mean_uses=167.5 sum=354.4MiB max=14.3MiB
[LIMINA-ALLOC-STATS] pool=0xae3179b50 begins=1131000 live=62 peak=67 draining=0 borrowed=56 pending=55 released=163 retired=106 mean_uses=167.5 sum=354.4MiB max=14.3MiB
[LIMINA-ALLOC-STATS] pool=0xae3179b50 begins=1131500 live=62 peak=67 draining=0 borrowed=56 pending=56 released=163 retired=106 mean_uses=167.5 sum=354.4MiB max=14.3MiB
[LIMINA-ALLOC-STATS] pool=0xae7e4db50 begins=12000 live=1 peak=1 draining=0 borrowed=1 pending=1 released=0 retired=0 mean_uses=0.0 sum=9.8MiB max=9.8MiB
[LIMINA-ALLOC-STATS] pool=0xae3179b50 begins=1132000 live=62 peak=67 draining=0 borrowed=54 pending=54 released=163 retired=106 mean_uses=167.5 sum=356.4MiB max=14.3MiB
[LIMINA-ALLOC-STATS] pool=0xae3179b50 begins=1132500 live=62 peak=67 draining=0 borrowed=54 pending=55 released=163 retired=106 mean_uses=167.5 sum=356.4MiB max=14.3MiB
[LIMINA-ALLOC-STATS] pool=0xae3179b50 begins=1133000 live=62 peak=67 draining=0 borrowed=54 pending=54 released=163 retired=106 mean_uses=167.5 sum=356.4MiB max=14.3MiB
[LIMINA-ALLOC-STATS] pool=0xae3179b50 begins=1133500 live=62 peak=67 draining=0 borrowed=54 pending=54 released=163 retired=106 mean_uses=167.5 sum=356.4MiB max=14.3MiB
[LIMINA-ALLOC-STATS] pool=0xae7e4db50 begins=12500 live=1 peak=1 draining=0 borrowed=1 pending=0 released=0 retired=0 mean_uses=0.0 sum=9.8MiB max=9.8MiB
[LIMINA-ALLOC-STATS] pool=0xae3179b50 begins=1134000 live=62 peak=67 draining=0 borrowed=55 pending=56 released=163 retired=106 mean_uses=167.5 sum=356.4MiB max=14.3MiB
[LIMINA-ALLOC-STATS] pool=0xae3179b50 begins=1134500 live=62 peak=67 draining=0 borrowed=55 pending=54 released=163 retired=106 mean_uses=167.5 sum=356.4MiB max=14.3MiB
[LIMINA-ALLOC-STATS] pool=0xae3179b50 begins=1135000 live=62 peak=67 draining=0 borrowed=54 pending=53 released=163 retired=106 mean_uses=167.5 sum=356.4MiB max=14.3MiB
[LIMINA-ALLOC-STATS] pool=0xae3179b50 begins=1135500 live=62 peak=67 draining=0 borrowed=56 pending=56 released=163 retired=106 mean_uses=167.5 sum=356.4MiB max=14.3MiB
[LIMINA-ALLOC-STATS] pool=0xae3179b50 begins=1136000 live=62 peak=67 draining=0 borrowed=54 pending=54 released=163 retired=106 mean_uses=167.5 sum=356.4MiB max=14.3MiB
[LIMINA-ALLOC-STATS] pool=0xae7e4db50 begins=13000 live=1 peak=1 draining=0 borrowed=1 pending=0 released=0 retired=0 mean_uses=0.0 sum=9.8MiB max=9.8MiB
[LIMINA-ALLOC-STATS] pool=0xae3179b50 begins=1136500 live=62 peak=67 draining=0 borrowed=55 pending=55 released=163 retired=106 mean_uses=167.5 sum=356.4MiB max=14.3MiB
[LIMINA-ALLOC-STATS] pool=0xae3179b50 begins=1137000 live=62 peak=67 draining=0 borrowed=57 pending=56 released=163 retired=106 mean_uses=167.5 sum=356.4MiB max=14.3MiB
[LIMINA-ALLOC-STATS] pool=0xae3179b50 begins=1137500 live=62 peak=67 draining=0 borrowed=59 pending=61 released=163 retired=106 mean_uses=167.5 sum=356.4MiB max=14.3MiB
[LIMINA-ALLOC-STATS] pool=0xae3179b50 begins=1138000 live=62 peak=67 draining=0 borrowed=56 pending=55 released=163 retired=106 mean_uses=167.5 sum=356.4MiB max=14.3MiB
[LIMINA-ALLOC-STATS] pool=0xae3179b50 begins=1138500 live=62 peak=67 draining=0 borrowed=56 pending=55 released=163 retired=106 mean_uses=167.5 sum=356.4MiB max=14.3MiB
[LIMINA-ALLOC-STATS] pool=0xae7e4db50 begins=13500 live=1 peak=1 draining=0 borrowed=1 pending=0 released=0 retired=0 mean_uses=0.0 sum=9.8MiB max=9.8MiB
[LIMINA-ALLOC-STATS] pool=0xae3179b50 begins=1139000 live=62 peak=67 draining=0 borrowed=55 pending=56 released=163 retired=106 mean_uses=167.5 sum=356.4MiB max=14.3MiB
[LIMINA-ALLOC-STATS] pool=0xae3179b50 begins=1139500 live=62 peak=67 draining=0 borrowed=54 pending=54 released=163 retired=106 mean_uses=167.5 sum=356.4MiB max=14.3MiB
[LIMINA-ALLOC-STATS] pool=0xae3179b50 begins=1140000 live=62 peak=67 draining=0 borrowed=56 pending=55 released=163 retired=106 mean_uses=167.5 sum=356.4MiB max=14.3MiB
[LIMINA-ALLOC-STATS] pool=0xae3179b50 begins=1140500 live=61 peak=67 draining=0 borrowed=54 pending=54 released=164 retired=106 mean_uses=167.5 sum=343.3MiB max=14.3MiB
[LIMINA-ALLOC-STATS] pool=0xae7e4db50 begins=14000 live=1 peak=1 draining=0 borrowed=1 pending=0 released=0 retired=0 mean_uses=0.0 sum=9.8MiB max=9.8MiB
[LIMINA-ALLOC-STATS] pool=0xae3179b50 begins=1141000 live=61 peak=67 draining=0 borrowed=54 pending=53 released=164 retired=106 mean_uses=167.5 sum=343.3MiB max=14.3MiB
[LIMINA-ALLOC-STATS] pool=0xae3179b50 begins=1141500 live=61 peak=67 draining=0 borrowed=55 pending=55 released=164 retired=106 mean_uses=167.5 sum=343.5MiB max=14.3MiB
[LIMINA-ALLOC-STATS] pool=0xae3179b50 begins=1142000 live=61 peak=67 draining=0 borrowed=56 pending=59 released=164 retired=106 mean_uses=167.5 sum=343.5MiB max=14.3MiB
[LIMINA-ALLOC-STATS] pool=0xae3179b50 begins=1142500 live=61 peak=67 draining=0 borrowed=53 pending=52 released=164 retired=106 mean_uses=167.5 sum=343.5MiB max=14.3MiB
[LIMINA-ALLOC-STATS] pool=0xae3179b50 begins=1143000 live=61 peak=67 draining=0 borrowed=59 pending=59 released=164 retired=106 mean_uses=167.5 sum=343.5MiB max=14.3MiB
[LIMINA-ALLOC-STATS] pool=0xae7e4db50 begins=14500 live=1 peak=1 draining=0 borrowed=1 pending=0 released=0 retired=0 mean_uses=0.0 sum=9.8MiB max=9.8MiB
[LIMINA-ALLOC-STATS] pool=0xae3179b50 begins=1143500 live=61 peak=67 draining=0 borrowed=55 pending=54 released=164 retired=106 mean_uses=167.5 sum=343.5MiB max=14.3MiB
[LIMINA-ALLOC-STATS] pool=0xae3179b50 begins=1144000 live=61 peak=67 draining=0 borrowed=53 pending=53 released=164 retired=106 mean_uses=167.5 sum=343.5MiB max=14.3MiB
[LIMINA-ALLOC-STATS] pool=0xae3179b50 begins=1144500 live=61 peak=67 draining=0 borrowed=57 pending=57 released=164 retired=106 mean_uses=167.5 sum=343.5MiB max=14.3MiB
[LIMINA-ALLOC-POOL] teardown: pool=0xae7e4db50 live=1 peak=1 released=0 ceiling-waits=0 ceiling-fails=0
[2026-10-07T14:26:49.566431Z INFO  krun_devices::virtio::gpu::virtio_gpu] CTX_CREATE ctx=10 init=0x4 name=Some("vkmark\0\0\0\0\0\0\0\0\0\0\0\0\0\0\0\0\0\0\0\0\0\0\0\0\0\0\0\0\0\0\0\0\0\0\0\0\0\0\0\0\0\0\0\0\0\0\0\0\0\0\0\0\0\0\0\0\0\0")
[LIMINA-ALLOC-STATS] pool=0xae3179b50 begins=1145000 live=61 peak=67 draining=0 borrowed=54 pending=56 released=164 retired=106 mean_uses=167.5 sum=351.3MiB max=14.3MiB
[LIMINA-ALLOC-STATS] pool=0xae3179b50 begins=1145500 live=61 peak=67 draining=0 borrowed=56 pending=56 released=164 retired=106 mean_uses=167.5 sum=366.7MiB max=14.6MiB
[LIMINA-ALLOC-STATS] pool=0xae3179b50 begins=1146000 live=61 peak=67 draining=0 borrowed=57 pending=56 released=164 retired=106 mean_uses=167.5 sum=371.7MiB max=14.6MiB
[LIMINA-ALLOC-STATS] pool=0xae3179b50 begins=1146500 live=61 peak=67 draining=0 borrowed=53 pending=53 released=164 retired=106 mean_uses=167.5 sum=372.0MiB max=14.6MiB
[LIMINA-ALLOC-STATS] pool=0xae3179b50 begins=1147000 live=61 peak=67 draining=0 borrowed=54 pending=53 released=164 retired=106 mean_uses=167.5 sum=372.0MiB max=14.6MiB
[LIMINA-ALLOC-STATS] pool=0xae7e4db50 begins=500 live=1 peak=1 draining=0 borrowed=1 pending=0 released=0 retired=0 mean_uses=0.0 sum=9.8MiB max=9.8MiB
[LIMINA-ALLOC-STATS] pool=0xae3179b50 begins=1147500 live=61 peak=67 draining=0 borrowed=54 pending=55 released=164 retired=106 mean_uses=167.5 sum=372.0MiB max=14.6MiB
[LIMINA-ALLOC-STATS] pool=0xae3179b50 begins=1148000 live=61 peak=67 draining=0 borrowed=55 pending=55 released=164 retired=106 mean_uses=167.5 sum=372.0MiB max=14.6MiB
[LIMINA-ALLOC-STATS] pool=0xae3179b50 begins=1148500 live=61 peak=67 draining=0 borrowed=54 pending=53 released=164 retired=106 mean_uses=167.5 sum=372.0MiB max=14.6MiB
[LIMINA-ALLOC-STATS] pool=0xae3179b50 begins=1149000 live=61 peak=67 draining=0 borrowed=59 pending=58 released=164 retired=106 mean_uses=167.5 sum=372.0MiB max=14.6MiB
[LIMINA-ALLOC-STATS] pool=0xae7e4db50 begins=1000 live=1 peak=1 draining=0 borrowed=1 pending=0 released=0 retired=0 mean_uses=0.0 sum=9.8MiB max=9.8MiB
[LIMINA-ALLOC-STATS] pool=0xae3179b50 begins=1149500 live=61 peak=67 draining=0 borrowed=56 pending=55 released=164 retired=106 mean_uses=167.5 sum=372.0MiB max=14.6MiB
[LIMINA-ALLOC-STATS] pool=0xae3179b50 begins=1150000 live=61 peak=67 draining=0 borrowed=54 pending=54 released=164 retired=106 mean_uses=167.5 sum=372.0MiB max=14.6MiB
[LIMINA-ALLOC-STATS] pool=0xae3179b50 begins=1150500 live=61 peak=67 draining=0 borrowed=56 pending=55 released=164 retired=106 mean_uses=167.5 sum=372.0MiB max=14.6MiB
[LIMINA-ALLOC-STATS] pool=0xae3179b50 begins=1151000 live=61 peak=67 draining=0 borrowed=55 pending=54 released=164 retired=106 mean_uses=167.5 sum=372.0MiB max=14.6MiB
[LIMINA-ALLOC-STATS] pool=0xae3179b50 begins=1151500 live=61 peak=67 draining=0 borrowed=54 pending=54 released=164 retired=106 mean_uses=167.5 sum=372.0MiB max=14.6MiB
[LIMINA-ALLOC-STATS] pool=0xae7e4db50 begins=1500 live=1 peak=1 draining=0 borrowed=1 pending=1 released=0 retired=0 mean_uses=0.0 sum=9.8MiB max=9.8MiB
[LIMINA-ALLOC-STATS] pool=0xae3179b50 begins=1152000 live=61 peak=67 draining=0 borrowed=56 pending=55 released=164 retired=106 mean_uses=167.5 sum=372.0MiB max=14.6MiB
[LIMINA-ALLOC-STATS] pool=0xae3179b50 begins=1152500 live=61 peak=67 draining=0 borrowed=55 pending=55 released=164 retired=106 mean_uses=167.5 sum=372.0MiB max=14.6MiB
[LIMINA-ALLOC-STATS] pool=0xae3179b50 begins=1153000 live=61 peak=67 draining=0 borrowed=55 pending=55 released=164 retired=106 mean_uses=167.5 sum=372.0MiB max=14.6MiB
[LIMINA-ALLOC-STATS] pool=0xae3179b50 begins=1153500 live=61 peak=67 draining=0 borrowed=55 pending=55 released=164 retired=106 mean_uses=167.5 sum=372.0MiB max=14.6MiB
[LIMINA-ALLOC-STATS] pool=0xae7e4db50 begins=2000 live=1 peak=1 draining=0 borrowed=1 pending=0 released=0 retired=0 mean_uses=0.0 sum=9.8MiB max=9.8MiB
[LIMINA-ALLOC-STATS] pool=0xae3179b50 begins=1154000 live=61 peak=67 draining=0 borrowed=54 pending=55 released=164 retired=106 mean_uses=167.5 sum=372.0MiB max=14.6MiB
[LIMINA-ALLOC-STATS] pool=0xae3179b50 begins=1154500 live=61 peak=67 draining=0 borrowed=55 pending=59 released=164 retired=106 mean_uses=167.5 sum=372.0MiB max=14.6MiB
[LIMINA-ALLOC-STATS] pool=0xae3179b50 begins=1155000 live=61 peak=67 draining=0 borrowed=55 pending=56 released=164 retired=106 mean_uses=167.5 sum=372.0MiB max=14.6MiB
[LIMINA-ALLOC-STATS] pool=0xae3179b50 begins=1155500 live=61 peak=67 draining=0 borrowed=55 pending=55 released=164 retired=106 mean_uses=167.5 sum=372.0MiB max=14.6MiB
[LIMINA-ALLOC-STATS] pool=0xae7e4db50 begins=2500 live=1 peak=1 draining=0 borrowed=1 pending=0 released=0 retired=0 mean_uses=0.0 sum=9.8MiB max=9.8MiB
[LIMINA-ALLOC-STATS] pool=0xae3179b50 begins=1156000 live=61 peak=67 draining=0 borrowed=53 pending=53 released=164 retired=106 mean_uses=167.5 sum=372.0MiB max=14.6MiB
[LIMINA-ALLOC-STATS] pool=0xae3179b50 begins=1156500 live=61 peak=67 draining=0 borrowed=59 pending=59 released=164 retired=106 mean_uses=167.5 sum=372.0MiB max=14.6MiB
[LIMINA-ALLOC-STATS] pool=0xae3179b50 begins=1157000 live=61 peak=67 draining=0 borrowed=55 pending=55 released=164 retired=106 mean_uses=167.5 sum=372.0MiB max=14.6MiB
[LIMINA-ALLOC-STATS] pool=0xae3179b50 begins=1157500 live=61 peak=67 draining=0 borrowed=53 pending=52 released=164 retired=106 mean_uses=167.5 sum=372.0MiB max=14.6MiB
[LIMINA-ALLOC-STATS] pool=0xae7e4db50 begins=3000 live=1 peak=1 draining=0 borrowed=1 pending=0 released=0 retired=0 mean_uses=0.0 sum=9.8MiB max=9.8MiB
[LIMINA-ALLOC-STATS] pool=0xae3179b50 begins=1158000 live=61 peak=67 draining=0 borrowed=57 pending=57 released=164 retired=106 mean_uses=167.5 sum=372.0MiB max=14.6MiB
[LIMINA-ALLOC-STATS] pool=0xae3179b50 begins=1158500 live=61 peak=67 draining=0 borrowed=54 pending=54 released=164 retired=106 mean_uses=167.5 sum=372.0MiB max=14.6MiB
[LIMINA-ALLOC-STATS] pool=0xae3179b50 begins=1159000 live=61 peak=67 draining=0 borrowed=54 pending=54 released=164 retired=106 mean_uses=167.5 sum=372.0MiB max=14.6MiB
[LIMINA-ALLOC-STATS] pool=0xae3179b50 begins=1159500 live=61 peak=67 draining=0 borrowed=57 pending=56 released=164 retired=106 mean_uses=167.5 sum=372.0MiB max=14.6MiB
[LIMINA-ALLOC-STATS] pool=0xae3179b50 begins=1160000 live=61 peak=67 draining=0 borrowed=54 pending=54 released=164 retired=106 mean_uses=167.5 sum=372.0MiB max=14.6MiB
[LIMINA-ALLOC-STATS] pool=0xae7e4db50 begins=3500 live=1 peak=1 draining=0 borrowed=1 pending=0 released=0 retired=0 mean_uses=0.0 sum=9.8MiB max=9.8MiB
[LIMINA-ALLOC-STATS] pool=0xae3181b50 begins=9500 live=1 peak=1 draining=0 borrowed=1 pending=0 released=0 retired=0 mean_uses=0.0 sum=4.9MiB max=4.9MiB
[LIMINA-ALLOC-STATS] pool=0xae3179b50 begins=1160500 live=60 peak=67 draining=0 borrowed=53 pending=52 released=165 retired=106 mean_uses=167.5 sum=361.7MiB max=14.6MiB
[LIMINA-ALLOC-STATS] pool=0xae317db50 begins=9500 live=1 peak=1 draining=0 borrowed=1 pending=0 released=0 retired=0 mean_uses=0.0 sum=4.9MiB max=4.9MiB
[LIMINA-ALLOC-STATS] pool=0xae3179b50 begins=1161000 live=60 peak=67 draining=0 borrowed=58 pending=57 released=165 retired=106 mean_uses=167.5 sum=361.7MiB max=14.6MiB
[LIMINA-ALLOC-STATS] pool=0xae3179b50 begins=1161500 live=60 peak=67 draining=0 borrowed=55 pending=58 released=165 retired=106 mean_uses=167.5 sum=361.7MiB max=14.6MiB
[LIMINA-ALLOC-STATS] pool=0xae3179b50 begins=1162000 live=60 peak=67 draining=0 borrowed=55 pending=55 released=165 retired=106 mean_uses=167.5 sum=361.7MiB max=14.6MiB
[LIMINA-ALLOC-STATS] pool=0xae7e4db50 begins=4000 live=1 peak=1 draining=0 borrowed=1 pending=0 released=0 retired=0 mean_uses=0.0 sum=9.8MiB max=9.8MiB
[LIMINA-ALLOC-STATS] pool=0xae3179b50 begins=1162500 live=60 peak=67 draining=0 borrowed=55 pending=55 released=165 retired=106 mean_uses=167.5 sum=361.7MiB max=14.6MiB
[LIMINA-ALLOC-STATS] pool=0xae3179b50 begins=1163000 live=61 peak=67 draining=0 borrowed=55 pending=55 released=165 retired=106 mean_uses=167.5 sum=364.7MiB max=14.6MiB
[LIMINA-ALLOC-STATS] pool=0xae3179b50 begins=1163500 live=61 peak=67 draining=0 borrowed=54 pending=54 released=165 retired=106 mean_uses=167.5 sum=367.6MiB max=14.6MiB
[LIMINA-ALLOC-STATS] pool=0xae3179b50 begins=1164000 live=61 peak=67 draining=0 borrowed=57 pending=56 released=165 retired=106 mean_uses=167.5 sum=367.7MiB max=14.6MiB
[LIMINA-ALLOC-STATS] pool=0xae3179b50 begins=1164500 live=61 peak=67 draining=0 borrowed=58 pending=57 released=165 retired=106 mean_uses=167.5 sum=367.7MiB max=14.6MiB
[LIMINA-ALLOC-STATS] pool=0xae7e4db50 begins=4500 live=1 peak=1 draining=0 borrowed=1 pending=1 released=0 retired=0 mean_uses=0.0 sum=9.8MiB max=9.8MiB
[LIMINA-ALLOC-STATS] pool=0xae3179b50 begins=1165000 live=61 peak=67 draining=0 borrowed=57 pending=56 released=165 retired=106 mean_uses=167.5 sum=367.7MiB max=14.6MiB
[LIMINA-ALLOC-STATS] pool=0xae3179b50 begins=1165500 live=61 peak=67 draining=0 borrowed=55 pending=55 released=165 retired=106 mean_uses=167.5 sum=367.7MiB max=14.6MiB
[LIMINA-ALLOC-STATS] pool=0xae3179b50 begins=1166000 live=61 peak=67 draining=0 borrowed=57 pending=56 released=165 retired=106 mean_uses=167.5 sum=367.7MiB max=14.6MiB
[LIMINA-ALLOC-STATS] pool=0xae3179b50 begins=1166500 live=61 peak=67 draining=0 borrowed=56 pending=55 released=165 retired=106 mean_uses=167.5 sum=367.7MiB max=14.6MiB
[LIMINA-ALLOC-STATS] pool=0xae3179b50 begins=1167000 live=61 peak=67 draining=0 borrowed=55 pending=55 released=165 retired=106 mean_uses=167.5 sum=367.7MiB max=14.6MiB
[LIMINA-ALLOC-STATS] pool=0xae7e4db50 begins=5000 live=1 peak=1 draining=0 borrowed=1 pending=0 released=0 retired=0 mean_uses=0.0 sum=9.8MiB max=9.8MiB
[LIMINA-ALLOC-STATS] pool=0xae3179b50 begins=1167500 live=61 peak=67 draining=0 borrowed=55 pending=54 released=165 retired=106 mean_uses=167.5 sum=367.7MiB max=14.6MiB
[LIMINA-ALLOC-STATS] pool=0xae3179b50 begins=1168000 live=61 peak=67 draining=0 borrowed=53 pending=52 released=165 retired=106 mean_uses=167.5 sum=367.7MiB max=14.6MiB
[LIMINA-ALLOC-STATS] pool=0xae3179b50 begins=1168500 live=61 peak=67 draining=0 borrowed=55 pending=54 released=165 retired=106 mean_uses=167.5 sum=367.7MiB max=14.6MiB
[LIMINA-ALLOC-STATS] pool=0xae3179b50 begins=1169000 live=61 peak=67 draining=0 borrowed=55 pending=54 released=165 retired=106 mean_uses=167.5 sum=367.7MiB max=14.6MiB
[LIMINA-ALLOC-STATS] pool=0xae7e4db50 begins=5500 live=1 peak=1 draining=0 borrowed=1 pending=0 released=0 retired=0 mean_uses=0.0 sum=9.8MiB max=9.8MiB
[LIMINA-ALLOC-STATS] pool=0xae3179b50 begins=1169500 live=61 peak=67 draining=0 borrowed=54 pending=54 released=165 retired=106 mean_uses=167.5 sum=367.7MiB max=14.6MiB
[LIMINA-ALLOC-STATS] pool=0xae3179b50 begins=1170000 live=61 peak=67 draining=0 borrowed=58 pending=57 released=165 retired=106 mean_uses=167.5 sum=367.7MiB max=14.6MiB
[LIMINA-ALLOC-STATS] pool=0xae3179b50 begins=1170500 live=61 peak=67 draining=0 borrowed=56 pending=58 released=165 retired=106 mean_uses=167.5 sum=367.7MiB max=14.6MiB
[LIMINA-ALLOC-STATS] pool=0xae3179b50 begins=1171000 live=61 peak=67 draining=0 borrowed=58 pending=62 released=165 retired=106 mean_uses=167.5 sum=367.8MiB max=14.6MiB
[LIMINA-ALLOC-STATS] pool=0xae7e4db50 begins=6000 live=1 peak=1 draining=0 borrowed=1 pending=1 released=0 retired=0 mean_uses=0.0 sum=9.8MiB max=9.8MiB
[LIMINA-ALLOC-STATS] pool=0xae3179b50 begins=1171500 live=61 peak=67 draining=0 borrowed=56 pending=55 released=165 retired=106 mean_uses=167.5 sum=367.8MiB max=14.6MiB
[LIMINA-ALLOC-STATS] pool=0xae3179b50 begins=1172000 live=61 peak=67 draining=0 borrowed=55 pending=54 released=165 retired=106 mean_uses=167.5 sum=367.8MiB max=14.6MiB
[LIMINA-ALLOC-STATS] pool=0xae7e4db50 begins=6500 live=1 peak=1 draining=0 borrowed=1 pending=0 released=0 retired=0 mean_uses=0.0 sum=9.8MiB max=9.8MiB
[LIMINA-ALLOC-STATS] pool=0xae3179b50 begins=1172500 live=61 peak=67 draining=0 borrowed=54 pending=53 released=165 retired=106 mean_uses=167.5 sum=367.8MiB max=14.6MiB
[LIMINA-ALLOC-STATS] pool=0xae3179b50 begins=1173000 live=61 peak=67 draining=0 borrowed=56 pending=55 released=165 retired=106 mean_uses=167.5 sum=367.9MiB max=14.6MiB
[LIMINA-ALLOC-STATS] pool=0xae3179b50 begins=1173500 live=61 peak=67 draining=0 borrowed=55 pending=57 released=165 retired=106 mean_uses=167.5 sum=367.9MiB max=14.6MiB
[LIMINA-ALLOC-STATS] pool=0xae7e4db50 begins=7000 live=1 peak=1 draining=0 borrowed=1 pending=0 released=0 retired=0 mean_uses=0.0 sum=9.8MiB max=9.8MiB
[LIMINA-ALLOC-STATS] pool=0xae3179b50 begins=1174000 live=61 peak=67 draining=0 borrowed=53 pending=53 released=165 retired=106 mean_uses=167.5 sum=367.9MiB max=14.6MiB
[LIMINA-ALLOC-STATS] pool=0xae3179b50 begins=1174500 live=60 peak=67 draining=0 borrowed=54 pending=56 released=166 retired=106 mean_uses=167.5 sum=356.6MiB max=14.6MiB
[LIMINA-ALLOC-STATS] pool=0xae7e4db50 begins=7500 live=1 peak=1 draining=0 borrowed=1 pending=0 released=0 retired=0 mean_uses=0.0 sum=9.8MiB max=9.8MiB
[LIMINA-ALLOC-STATS] pool=0xae3179b50 begins=1175000 live=60 peak=67 draining=0 borrowed=55 pending=55 released=166 retired=106 mean_uses=167.5 sum=356.6MiB max=14.6MiB
[LIMINA-ALLOC-STATS] pool=0xae3179b50 begins=1175500 live=60 peak=67 draining=0 borrowed=54 pending=54 released=166 retired=106 mean_uses=167.5 sum=356.6MiB max=14.6MiB
[LIMINA-ALLOC-STATS] pool=0xae7e4db50 begins=8000 live=1 peak=1 draining=0 borrowed=1 pending=0 released=0 retired=0 mean_uses=0.0 sum=9.8MiB max=9.8MiB
[LIMINA-ALLOC-STATS] pool=0xae3179b50 begins=1176000 live=59 peak=67 draining=0 borrowed=57 pending=59 released=167 retired=106 mean_uses=167.5 sum=347.0MiB max=14.6MiB
[LIMINA-ALLOC-STATS] pool=0xae3179b50 begins=1176500 live=59 peak=67 draining=0 borrowed=55 pending=54 released=167 retired=106 mean_uses=167.5 sum=347.0MiB max=14.6MiB
[LIMINA-ALLOC-STATS] pool=0xae3179b50 begins=1177000 live=59 peak=67 draining=0 borrowed=53 pending=53 released=167 retired=106 mean_uses=167.5 sum=347.0MiB max=14.6MiB
[LIMINA-ALLOC-STATS] pool=0xae7e4db50 begins=8500 live=1 peak=1 draining=0 borrowed=1 pending=0 released=0 retired=0 mean_uses=0.0 sum=9.8MiB max=9.8MiB
[LIMINA-ALLOC-STATS] pool=0xae3179b50 begins=1177500 live=59 peak=67 draining=0 borrowed=55 pending=54 released=167 retired=106 mean_uses=167.5 sum=347.0MiB max=14.6MiB
[LIMINA-ALLOC-STATS] pool=0xae3179b50 begins=1178000 live=59 peak=67 draining=0 borrowed=55 pending=54 released=167 retired=106 mean_uses=167.5 sum=347.0MiB max=14.6MiB
[LIMINA-ALLOC-STATS] pool=0xae7e4db50 begins=9000 live=1 peak=1 draining=0 borrowed=1 pending=0 released=0 retired=0 mean_uses=0.0 sum=9.8MiB max=9.8MiB
[LIMINA-ALLOC-STATS] pool=0xae3179b50 begins=1178500 live=59 peak=67 draining=0 borrowed=53 pending=52 released=167 retired=106 mean_uses=167.5 sum=347.0MiB max=14.6MiB
[LIMINA-ALLOC-STATS] pool=0xae3179b50 begins=1179000 live=59 peak=67 draining=0 borrowed=55 pending=54 released=167 retired=106 mean_uses=167.5 sum=347.0MiB max=14.6MiB
[LIMINA-ALLOC-STATS] pool=0xae7e4db50 begins=9500 live=1 peak=1 draining=0 borrowed=1 pending=0 released=0 retired=0 mean_uses=0.0 sum=9.8MiB max=9.8MiB
[LIMINA-ALLOC-STATS] pool=0xae3179b50 begins=1179500 live=59 peak=67 draining=0 borrowed=55 pending=54 released=167 retired=106 mean_uses=167.5 sum=347.0MiB max=14.6MiB
[LIMINA-ALLOC-STATS] pool=0xae3179b50 begins=1180000 live=59 peak=67 draining=0 borrowed=53 pending=52 released=167 retired=106 mean_uses=167.5 sum=347.0MiB max=14.6MiB
[LIMINA-ALLOC-STATS] pool=0xae7e4db50 begins=10000 live=1 peak=1 draining=0 borrowed=1 pending=0 released=0 retired=0 mean_uses=0.0 sum=9.8MiB max=9.8MiB
[LIMINA-ALLOC-STATS] pool=0xae3179b50 begins=1180500 live=59 peak=67 draining=0 borrowed=55 pending=55 released=167 retired=106 mean_uses=167.5 sum=347.0MiB max=14.6MiB
[LIMINA-ALLOC-STATS] pool=0xae3179b50 begins=1181000 live=59 peak=67 draining=0 borrowed=54 pending=54 released=167 retired=106 mean_uses=167.5 sum=347.0MiB max=14.6MiB
[LIMINA-ALLOC-STATS] pool=0xae3179b50 begins=1181500 live=59 peak=67 draining=0 borrowed=53 pending=52 released=167 retired=106 mean_uses=167.5 sum=347.2MiB max=14.6MiB
[LIMINA-ALLOC-STATS] pool=0xae7e4db50 begins=10500 live=1 peak=1 draining=0 borrowed=1 pending=1 released=0 retired=0 mean_uses=0.0 sum=9.8MiB max=9.8MiB
[LIMINA-ALLOC-STATS] pool=0xae3179b50 begins=1182000 live=59 peak=67 draining=0 borrowed=55 pending=55 released=167 retired=106 mean_uses=167.5 sum=347.4MiB max=14.6MiB
[LIMINA-ALLOC-STATS] pool=0xae3179b50 begins=1182500 live=59 peak=67 draining=0 borrowed=55 pending=58 released=167 retired=106 mean_uses=167.5 sum=347.4MiB max=14.6MiB
[LIMINA-ALLOC-STATS] pool=0xae7e4db50 begins=11000 live=1 peak=1 draining=0 borrowed=1 pending=0 released=0 retired=0 mean_uses=0.0 sum=9.8MiB max=9.8MiB
[LIMINA-ALLOC-STATS] pool=0xae3179b50 begins=1183000 live=59 peak=67 draining=0 borrowed=53 pending=52 released=167 retired=106 mean_uses=167.5 sum=347.4MiB max=14.6MiB
[LIMINA-ALLOC-STATS] pool=0xae3179b50 begins=1183500 live=59 peak=67 draining=0 borrowed=55 pending=55 released=167 retired=106 mean_uses=167.5 sum=347.5MiB max=14.6MiB
[LIMINA-ALLOC-STATS] pool=0xae7e4db50 begins=11500 live=1 peak=1 draining=0 borrowed=1 pending=1 released=0 retired=0 mean_uses=0.0 sum=9.8MiB max=9.8MiB
[LIMINA-ALLOC-STATS] pool=0xae3179b50 begins=1184000 live=59 peak=67 draining=0 borrowed=54 pending=54 released=167 retired=106 mean_uses=167.5 sum=347.5MiB max=14.6MiB
[LIMINA-ALLOC-STATS] pool=0xae3179b50 begins=1184500 live=59 peak=67 draining=0 borrowed=53 pending=52 released=167 retired=106 mean_uses=167.5 sum=347.5MiB max=14.6MiB
[LIMINA-ALLOC-STATS] pool=0xae7e4db50 begins=12000 live=1 peak=1 draining=0 borrowed=1 pending=1 released=0 retired=0 mean_uses=0.0 sum=9.8MiB max=9.8MiB
[LIMINA-ALLOC-STATS] pool=0xae3179b50 begins=1185000 live=59 peak=67 draining=0 borrowed=55 pending=54 released=167 retired=106 mean_uses=167.5 sum=347.5MiB max=14.6MiB
[LIMINA-ALLOC-STATS] pool=0xae3179b50 begins=1185500 live=59 peak=67 draining=0 borrowed=56 pending=58 released=167 retired=106 mean_uses=167.5 sum=347.5MiB max=14.6MiB
[LIMINA-ALLOC-STATS] pool=0xae3179b50 begins=1186000 live=59 peak=67 draining=0 borrowed=55 pending=55 released=167 retired=106 mean_uses=167.5 sum=347.5MiB max=14.6MiB
[LIMINA-ALLOC-STATS] pool=0xae7e4db50 begins=12500 live=1 peak=1 draining=0 borrowed=1 pending=0 released=0 retired=0 mean_uses=0.0 sum=9.8MiB max=9.8MiB
[LIMINA-ALLOC-STATS] pool=0xae3179b50 begins=1186500 live=59 peak=67 draining=0 borrowed=55 pending=54 released=167 retired=106 mean_uses=167.5 sum=347.5MiB max=14.6MiB
[LIMINA-ALLOC-STATS] pool=0xae3179b50 begins=1187000 live=59 peak=67 draining=0 borrowed=54 pending=54 released=167 retired=106 mean_uses=167.5 sum=347.5MiB max=14.6MiB
[LIMINA-ALLOC-STATS] pool=0xae7e4db50 begins=13000 live=1 peak=1 draining=0 borrowed=1 pending=1 released=0 retired=0 mean_uses=0.0 sum=9.8MiB max=9.8MiB
[LIMINA-ALLOC-STATS] pool=0xae3179b50 begins=1187500 live=59 peak=67 draining=0 borrowed=55 pending=58 released=167 retired=106 mean_uses=167.5 sum=347.5MiB max=14.6MiB
[LIMINA-ALLOC-STATS] pool=0xae3179b50 begins=1188000 live=59 peak=67 draining=0 borrowed=54 pending=54 released=167 retired=106 mean_uses=167.5 sum=347.6MiB max=14.6MiB
[LIMINA-ALLOC-STATS] pool=0xae7e4db50 begins=13500 live=1 peak=1 draining=0 borrowed=1 pending=1 released=0 retired=0 mean_uses=0.0 sum=9.8MiB max=9.8MiB
[LIMINA-ALLOC-STATS] pool=0xae3179b50 begins=1188500 live=59 peak=67 draining=0 borrowed=54 pending=53 released=167 retired=106 mean_uses=167.5 sum=347.6MiB max=14.6MiB
[LIMINA-ALLOC-STATS] pool=0xae3179b50 begins=1189000 live=59 peak=67 draining=0 borrowed=53 pending=52 released=167 retired=106 mean_uses=167.5 sum=347.6MiB max=14.6MiB
[LIMINA-ALLOC-STATS] pool=0xae7e4db50 begins=14000 live=1 peak=1 draining=0 borrowed=1 pending=0 released=0 retired=0 mean_uses=0.0 sum=9.8MiB max=9.8MiB
[LIMINA-ALLOC-STATS] pool=0xae3179b50 begins=1189500 live=59 peak=67 draining=0 borrowed=55 pending=54 released=167 retired=106 mean_uses=167.5 sum=347.8MiB max=14.6MiB
[LIMINA-ALLOC-STATS] pool=0xae3179b50 begins=1190000 live=59 peak=67 draining=0 borrowed=54 pending=53 released=167 retired=106 mean_uses=167.5 sum=347.8MiB max=14.6MiB
[LIMINA-ALLOC-STATS] pool=0xae7e4db50 begins=14500 live=1 peak=1 draining=0 borrowed=1 pending=0 released=0 retired=0 mean_uses=0.0 sum=9.8MiB max=9.8MiB
[LIMINA-ALLOC-STATS] pool=0xae3179b50 begins=1190500 live=59 peak=67 draining=0 borrowed=54 pending=53 released=167 retired=106 mean_uses=167.5 sum=347.8MiB max=14.6MiB
[LIMINA-ALLOC-STATS] pool=0xae3179b50 begins=1191000 live=59 peak=67 draining=0 borrowed=55 pending=55 released=167 retired=106 mean_uses=167.5 sum=347.8MiB max=14.6MiB
[LIMINA-ALLOC-STATS] pool=0xae3179b50 begins=1191500 live=59 peak=67 draining=0 borrowed=54 pending=54 released=167 retired=106 mean_uses=167.5 sum=347.8MiB max=14.6MiB
[LIMINA-ALLOC-STATS] pool=0xae7e4db50 begins=15000 live=1 peak=1 draining=0 borrowed=1 pending=0 released=0 retired=0 mean_uses=0.0 sum=9.8MiB max=9.8MiB
[LIMINA-ALLOC-STATS] pool=0xae3179b50 begins=1192000 live=59 peak=67 draining=0 borrowed=53 pending=52 released=167 retired=106 mean_uses=167.5 sum=347.8MiB max=14.6MiB
[LIMINA-ALLOC-STATS] pool=0xae3179b50 begins=1192500 live=59 peak=67 draining=0 borrowed=55 pending=54 released=167 retired=106 mean_uses=167.5 sum=347.8MiB max=14.6MiB
[LIMINA-ALLOC-STATS] pool=0xae7e4db50 begins=15500 live=1 peak=1 draining=0 borrowed=1 pending=0 released=0 retired=0 mean_uses=0.0 sum=9.8MiB max=9.8MiB
[LIMINA-ALLOC-STATS] pool=0xae3179b50 begins=1193000 live=59 peak=67 draining=0 borrowed=55 pending=54 released=167 retired=106 mean_uses=167.5 sum=347.8MiB max=14.6MiB
[LIMINA-ALLOC-STATS] pool=0xae3179b50 begins=1193500 live=59 peak=67 draining=0 borrowed=53 pending=52 released=167 retired=106 mean_uses=167.5 sum=347.8MiB max=14.6MiB
[LIMINA-ALLOC-STATS] pool=0xae7e4db50 begins=16000 live=1 peak=1 draining=0 borrowed=1 pending=0 released=0 retired=0 mean_uses=0.0 sum=9.8MiB max=9.8MiB
[LIMINA-ALLOC-STATS] pool=0xae3179b50 begins=1194000 live=59 peak=67 draining=0 borrowed=56 pending=55 released=167 retired=106 mean_uses=167.5 sum=347.8MiB max=14.6MiB
[LIMINA-ALLOC-STATS] pool=0xae3179b50 begins=1194500 live=59 peak=67 draining=0 borrowed=54 pending=53 released=167 retired=106 mean_uses=167.5 sum=347.8MiB max=14.6MiB
[LIMINA-ALLOC-STATS] pool=0xae3179b50 begins=1195000 live=59 peak=67 draining=0 borrowed=53 pending=52 released=167 retired=106 mean_uses=167.5 sum=347.8MiB max=14.6MiB
[LIMINA-ALLOC-STATS] pool=0xae7e4db50 begins=16500 live=1 peak=1 draining=0 borrowed=1 pending=0 released=0 retired=0 mean_uses=0.0 sum=9.8MiB max=9.8MiB
[LIMINA-ALLOC-STATS] pool=0xae3179b50 begins=1195500 live=59 peak=67 draining=0 borrowed=56 pending=58 released=167 retired=106 mean_uses=167.5 sum=347.8MiB max=14.6MiB
[LIMINA-ALLOC-STATS] pool=0xae3179b50 begins=1196000 live=59 peak=67 draining=0 borrowed=54 pending=53 released=167 retired=106 mean_uses=167.5 sum=347.8MiB max=14.6MiB
[LIMINA-ALLOC-STATS] pool=0xae7e4db50 begins=17000 live=1 peak=1 draining=0 borrowed=1 pending=0 released=0 retired=0 mean_uses=0.0 sum=9.8MiB max=9.8MiB
[LIMINA-ALLOC-STATS] pool=0xae3179b50 begins=1196500 live=59 peak=67 draining=0 borrowed=53 pending=52 released=167 retired=106 mean_uses=167.5 sum=347.8MiB max=14.6MiB
[LIMINA-ALLOC-STATS] pool=0xae3179b50 begins=1197000 live=59 peak=67 draining=0 borrowed=55 pending=55 released=167 retired=106 mean_uses=167.5 sum=347.8MiB max=14.6MiB
[LIMINA-ALLOC-STATS] pool=0xae7e4db50 begins=17500 live=1 peak=1 draining=0 borrowed=1 pending=0 released=0 retired=0 mean_uses=0.0 sum=9.8MiB max=9.8MiB
[LIMINA-ALLOC-STATS] pool=0xae3179b50 begins=1197500 live=59 peak=67 draining=0 borrowed=55 pending=54 released=167 retired=106 mean_uses=167.5 sum=347.8MiB max=14.6MiB
[LIMINA-ALLOC-STATS] pool=0xae3179b50 begins=1198000 live=59 peak=67 draining=0 borrowed=54 pending=54 released=167 retired=106 mean_uses=167.5 sum=347.8MiB max=14.6MiB
[LIMINA-ALLOC-STATS] pool=0xae7e4db50 begins=18000 live=1 peak=1 draining=0 borrowed=1 pending=1 released=0 retired=0 mean_uses=0.0 sum=9.8MiB max=9.8MiB
[LIMINA-ALLOC-STATS] pool=0xae3179b50 begins=1198500 live=59 peak=67 draining=0 borrowed=56 pending=55 released=167 retired=106 mean_uses=167.5 sum=347.8MiB max=14.6MiB
[LIMINA-ALLOC-STATS] pool=0xae3179b50 begins=1199000 live=59 peak=67 draining=0 borrowed=55 pending=57 released=167 retired=106 mean_uses=167.5 sum=347.8MiB max=14.6MiB
[LIMINA-ALLOC-STATS] pool=0xae3179b50 begins=1199500 live=58 peak=67 draining=0 borrowed=54 pending=55 released=168 retired=106 mean_uses=167.5 sum=336.4MiB max=14.6MiB
[LIMINA-ALLOC-STATS] pool=0xae7e4db50 begins=18500 live=1 peak=1 draining=0 borrowed=1 pending=0 released=0 retired=0 mean_uses=0.0 sum=9.8MiB max=9.8MiB
[LIMINA-ALLOC-STATS] pool=0xae3179b50 begins=1200000 live=58 peak=67 draining=0 borrowed=55 pending=54 released=168 retired=106 mean_uses=167.5 sum=336.4MiB max=14.6MiB
[LIMINA-ALLOC-STATS] pool=0xae3181b50 begins=10000 live=1 peak=1 draining=0 borrowed=1 pending=0 released=0 retired=0 mean_uses=0.0 sum=4.9MiB max=4.9MiB
[LIMINA-ALLOC-STATS] pool=0xae317db50 begins=10000 live=1 peak=1 draining=0 borrowed=1 pending=0 released=0 retired=0 mean_uses=0.0 sum=4.9MiB max=4.9MiB
[LIMINA-ALLOC-STATS] pool=0xae3179b50 begins=1200500 live=58 peak=67 draining=0 borrowed=54 pending=53 released=168 retired=106 mean_uses=167.5 sum=336.4MiB max=14.6MiB
[LIMINA-ALLOC-STATS] pool=0xae7e4db50 begins=19000 live=1 peak=1 draining=0 borrowed=1 pending=1 released=0 retired=0 mean_uses=0.0 sum=9.8MiB max=9.8MiB
[LIMINA-ALLOC-STATS] pool=0xae3179b50 begins=1201000 live=60 peak=67 draining=0 borrowed=54 pending=54 released=168 retired=106 mean_uses=167.5 sum=346.5MiB max=14.6MiB
[LIMINA-ALLOC-STATS] pool=0xae3179b50 begins=1201500 live=60 peak=67 draining=0 borrowed=56 pending=55 released=168 retired=106 mean_uses=167.5 sum=346.5MiB max=14.6MiB
[LIMINA-ALLOC-STATS] pool=0xae7e4db50 begins=19500 live=1 peak=1 draining=0 borrowed=1 pending=0 released=0 retired=0 mean_uses=0.0 sum=9.8MiB max=9.8MiB
[LIMINA-ALLOC-STATS] pool=0xae3179b50 begins=1202000 live=60 peak=67 draining=0 borrowed=55 pending=54 released=168 retired=106 mean_uses=167.5 sum=346.6MiB max=14.6MiB
[LIMINA-ALLOC-STATS] pool=0xae3179b50 begins=1202500 live=60 peak=67 draining=0 borrowed=55 pending=57 released=168 retired=106 mean_uses=167.5 sum=346.7MiB max=14.6MiB
[LIMINA-ALLOC-STATS] pool=0xae7e4db50 begins=20000 live=1 peak=1 draining=0 borrowed=1 pending=1 released=0 retired=0 mean_uses=0.0 sum=9.8MiB max=9.8MiB
[LIMINA-ALLOC-STATS] pool=0xae3179b50 begins=1203000 live=60 peak=67 draining=0 borrowed=55 pending=54 released=168 retired=106 mean_uses=167.5 sum=346.7MiB max=14.6MiB
[LIMINA-ALLOC-STATS] pool=0xae3179b50 begins=1203500 live=60 peak=67 draining=0 borrowed=55 pending=54 released=168 retired=106 mean_uses=167.5 sum=346.7MiB max=14.6MiB
[LIMINA-ALLOC-STATS] pool=0xae3179b50 begins=1204000 live=60 peak=67 draining=0 borrowed=54 pending=54 released=168 retired=106 mean_uses=167.5 sum=346.7MiB max=14.6MiB
[LIMINA-ALLOC-STATS] pool=0xae7e4db50 begins=20500 live=1 peak=1 draining=0 borrowed=1 pending=1 released=0 retired=0 mean_uses=0.0 sum=9.8MiB max=9.8MiB
[LIMINA-ALLOC-STATS] pool=0xae3179b50 begins=1204500 live=60 peak=67 draining=0 borrowed=55 pending=54 released=168 retired=106 mean_uses=167.5 sum=348.8MiB max=14.6MiB
[LIMINA-ALLOC-STATS] pool=0xae3179b50 begins=1205000 live=60 peak=67 draining=0 borrowed=56 pending=55 released=168 retired=106 mean_uses=167.5 sum=349.0MiB max=14.6MiB
[LIMINA-ALLOC-STATS] pool=0xae7e4db50 begins=21000 live=1 peak=1 draining=0 borrowed=1 pending=1 released=0 retired=0 mean_uses=0.0 sum=9.8MiB max=9.8MiB
[LIMINA-ALLOC-STATS] pool=0xae3179b50 begins=1205500 live=60 peak=67 draining=0 borrowed=55 pending=54 released=168 retired=106 mean_uses=167.5 sum=349.1MiB max=14.6MiB
[LIMINA-ALLOC-STATS] pool=0xae3179b50 begins=1206000 live=60 peak=67 draining=0 borrowed=53 pending=54 released=168 retired=106 mean_uses=167.5 sum=349.1MiB max=14.6MiB
[LIMINA-ALLOC-STATS] pool=0xae7e4db50 begins=21500 live=1 peak=1 draining=0 borrowed=1 pending=0 released=0 retired=0 mean_uses=0.0 sum=9.8MiB max=9.8MiB
[LIMINA-ALLOC-STATS] pool=0xae3179b50 begins=1206500 live=60 peak=67 draining=0 borrowed=55 pending=56 released=168 retired=106 mean_uses=167.5 sum=349.1MiB max=14.6MiB
[LIMINA-ALLOC-STATS] pool=0xae3179b50 begins=1207000 live=60 peak=67 draining=0 borrowed=56 pending=55 released=168 retired=106 mean_uses=167.5 sum=349.1MiB max=14.6MiB
[LIMINA-ALLOC-STATS] pool=0xae7e4db50 begins=22000 live=1 peak=1 draining=0 borrowed=1 pending=1 released=0 retired=0 mean_uses=0.0 sum=9.8MiB max=9.8MiB
[LIMINA-ALLOC-STATS] pool=0xae3179b50 begins=1207500 live=60 peak=67 draining=0 borrowed=55 pending=54 released=168 retired=106 mean_uses=167.5 sum=349.1MiB max=14.6MiB
[LIMINA-ALLOC-STATS] pool=0xae3179b50 begins=1208000 live=60 peak=67 draining=0 borrowed=55 pending=57 released=168 retired=106 mean_uses=167.5 sum=349.1MiB max=14.6MiB
[LIMINA-ALLOC-STATS] pool=0xae3179b50 begins=1208500 live=60 peak=67 draining=0 borrowed=54 pending=54 released=168 retired=106 mean_uses=167.5 sum=349.1MiB max=14.6MiB
[LIMINA-ALLOC-STATS] pool=0xae7e4db50 begins=22500 live=1 peak=1 draining=0 borrowed=1 pending=0 released=0 retired=0 mean_uses=0.0 sum=9.8MiB max=9.8MiB
[LIMINA-ALLOC-STATS] pool=0xae3179b50 begins=1209000 live=60 peak=67 draining=0 borrowed=56 pending=55 released=168 retired=106 mean_uses=167.5 sum=349.1MiB max=14.6MiB
[LIMINA-ALLOC-STATS] pool=0xae3179b50 begins=1209500 live=60 peak=67 draining=0 borrowed=55 pending=54 released=168 retired=106 mean_uses=167.5 sum=349.1MiB max=14.6MiB
[LIMINA-ALLOC-STATS] pool=0xae7e4db50 begins=23000 live=1 peak=1 draining=0 borrowed=1 pending=0 released=0 retired=0 mean_uses=0.0 sum=9.8MiB max=9.8MiB
[LIMINA-ALLOC-STATS] pool=0xae3179b50 begins=1210000 live=58 peak=67 draining=0 borrowed=54 pending=53 released=170 retired=106 mean_uses=167.5 sum=325.8MiB max=14.6MiB
[LIMINA-ALLOC-STATS] pool=0xae3179b50 begins=1210500 live=58 peak=67 draining=0 borrowed=56 pending=56 released=170 retired=106 mean_uses=167.5 sum=325.8MiB max=14.6MiB
[LIMINA-ALLOC-STATS] pool=0xae7e4db50 begins=23500 live=1 peak=1 draining=0 borrowed=1 pending=1 released=0 retired=0 mean_uses=0.0 sum=9.8MiB max=9.8MiB
[LIMINA-ALLOC-STATS] pool=0xae3179b50 begins=1211000 live=58 peak=67 draining=0 borrowed=55 pending=55 released=170 retired=106 mean_uses=167.5 sum=325.8MiB max=14.6MiB
[LIMINA-ALLOC-STATS] pool=0xae3179b50 begins=1211500 live=58 peak=67 draining=0 borrowed=54 pending=53 released=170 retired=106 mean_uses=167.5 sum=325.8MiB max=14.6MiB
[LIMINA-ALLOC-STATS] pool=0xae7e4db50 begins=24000 live=1 peak=1 draining=0 borrowed=1 pending=1 released=0 retired=0 mean_uses=0.0 sum=9.8MiB max=9.8MiB
[LIMINA-ALLOC-STATS] pool=0xae3179b50 begins=1212000 live=58 peak=67 draining=0 borrowed=55 pending=54 released=170 retired=106 mean_uses=167.5 sum=325.8MiB max=14.6MiB
[LIMINA-ALLOC-STATS] pool=0xae3179b50 begins=1212500 live=58 peak=67 draining=0 borrowed=55 pending=54 released=170 retired=106 mean_uses=167.5 sum=325.8MiB max=14.6MiB
[LIMINA-ALLOC-STATS] pool=0xae7e4db50 begins=24500 live=1 peak=1 draining=0 borrowed=1 pending=1 released=0 retired=0 mean_uses=0.0 sum=9.8MiB max=9.8MiB
[LIMINA-ALLOC-STATS] pool=0xae3179b50 begins=1213000 live=58 peak=67 draining=0 borrowed=55 pending=55 released=170 retired=106 mean_uses=167.5 sum=325.8MiB max=14.6MiB
[LIMINA-ALLOC-STATS] pool=0xae3179b50 begins=1213500 live=58 peak=67 draining=0 borrowed=55 pending=54 released=170 retired=106 mean_uses=167.5 sum=325.8MiB max=14.6MiB
[LIMINA-ALLOC-STATS] pool=0xae3179b50 begins=1214000 live=58 peak=67 draining=0 borrowed=56 pending=55 released=170 retired=106 mean_uses=167.5 sum=325.9MiB max=14.6MiB
[LIMINA-ALLOC-STATS] pool=0xae7e4db50 begins=25000 live=1 peak=1 draining=0 borrowed=1 pending=0 released=0 retired=0 mean_uses=0.0 sum=9.8MiB max=9.8MiB
[LIMINA-ALLOC-STATS] pool=0xae3179b50 begins=1214500 live=59 peak=67 draining=0 borrowed=54 pending=53 released=170 retired=106 mean_uses=167.5 sum=328.4MiB max=14.6MiB
[LIMINA-ALLOC-STATS] pool=0xae3179b50 begins=1215000 live=61 peak=67 draining=0 borrowed=57 pending=57 released=170 retired=106 mean_uses=167.5 sum=336.1MiB max=14.6MiB
[LIMINA-ALLOC-STATS] pool=0xae7e4db50 begins=25500 live=1 peak=1 draining=0 borrowed=1 pending=1 released=0 retired=0 mean_uses=0.0 sum=9.8MiB max=9.8MiB
[LIMINA-ALLOC-STATS] pool=0xae3179b50 begins=1215500 live=61 peak=67 draining=0 borrowed=56 pending=57 released=170 retired=106 mean_uses=167.5 sum=338.0MiB max=14.6MiB
[LIMINA-ALLOC-STATS] pool=0xae3179b50 begins=1216000 live=61 peak=67 draining=0 borrowed=54 pending=54 released=170 retired=106 mean_uses=167.5 sum=338.0MiB max=14.6MiB
[LIMINA-ALLOC-STATS] pool=0xae3179b50 begins=1216500 live=61 peak=67 draining=0 borrowed=57 pending=58 released=170 retired=106 mean_uses=167.5 sum=340.1MiB max=14.6MiB
[LIMINA-ALLOC-STATS] pool=0xae7e4db50 begins=26000 live=1 peak=1 draining=0 borrowed=1 pending=1 released=0 retired=0 mean_uses=0.0 sum=9.8MiB max=9.8MiB
[LIMINA-ALLOC-STATS] pool=0xae3179b50 begins=1217000 live=61 peak=67 draining=0 borrowed=55 pending=54 released=170 retired=106 mean_uses=167.5 sum=340.1MiB max=14.6MiB
[LIMINA-ALLOC-STATS] pool=0xae3179b50 begins=1217500 live=61 peak=67 draining=0 borrowed=55 pending=55 released=170 retired=106 mean_uses=167.5 sum=340.2MiB max=14.6MiB
[LIMINA-ALLOC-STATS] pool=0xae3179b50 begins=1218000 live=61 peak=67 draining=0 borrowed=55 pending=55 released=170 retired=106 mean_uses=167.5 sum=340.2MiB max=14.6MiB
[LIMINA-ALLOC-STATS] pool=0xae7e4db50 begins=26500 live=1 peak=1 draining=0 borrowed=1 pending=0 released=0 retired=0 mean_uses=0.0 sum=9.8MiB max=9.8MiB
[LIMINA-ALLOC-STATS] pool=0xae3179b50 begins=1218500 live=61 peak=67 draining=0 borrowed=56 pending=59 released=170 retired=106 mean_uses=167.5 sum=342.1MiB max=14.6MiB
[LIMINA-ALLOC-STATS] pool=0xae3179b50 begins=1219000 live=61 peak=67 draining=0 borrowed=55 pending=54 released=170 retired=106 mean_uses=167.5 sum=342.2MiB max=14.6MiB
[LIMINA-ALLOC-POOL] teardown: pool=0xae7e4db50 live=1 peak=1 released=0 ceiling-waits=0 ceiling-fails=0
[2026-10-07T14:27:04.654262Z INFO  krun_devices::virtio::gpu::virtio_gpu] CTX_CREATE ctx=10 init=0x4 name=Some("vkmark\0\0\0\0\0\0\0\0\0\0\0\0\0\0\0\0\0\0\0\0\0\0\0\0\0\0\0\0\0\0\0\0\0\0\0\0\0\0\0\0\0\0\0\0\0\0\0\0\0\0\0\0\0\0\0\0\0\0")
[LIMINA-ALLOC-STATS] pool=0xae3179b50 begins=1219500 live=61 peak=67 draining=0 borrowed=56 pending=59 released=170 retired=106 mean_uses=167.5 sum=346.4MiB max=14.6MiB
[LIMINA-ALLOC-STATS] pool=0xae3179b50 begins=1220000 live=62 peak=67 draining=0 borrowed=55 pending=59 released=170 retired=106 mean_uses=167.5 sum=375.6MiB max=15.5MiB
[LIMINA-ALLOC-STATS] pool=0xae3179b50 begins=1220500 live=62 peak=67 draining=0 borrowed=54 pending=53 released=170 retired=106 mean_uses=167.5 sum=378.0MiB max=15.5MiB
[LIMINA-ALLOC-STATS] pool=0xae7e4db50 begins=500 live=1 peak=1 draining=0 borrowed=1 pending=1 released=0 retired=0 mean_uses=0.0 sum=9.8MiB max=9.8MiB
[LIMINA-ALLOC-STATS] pool=0xae3179b50 begins=1221000 live=62 peak=67 draining=0 borrowed=57 pending=56 released=170 retired=106 mean_uses=167.5 sum=378.2MiB max=15.5MiB
[LIMINA-ALLOC-STATS] pool=0xae3179b50 begins=1221500 live=62 peak=67 draining=0 borrowed=54 pending=54 released=170 retired=106 mean_uses=167.5 sum=378.3MiB max=15.5MiB
[LIMINA-ALLOC-STATS] pool=0xae3179b50 begins=1222000 live=62 peak=67 draining=0 borrowed=54 pending=54 released=170 retired=106 mean_uses=167.5 sum=378.3MiB max=15.5MiB
[LIMINA-ALLOC-STATS] pool=0xae7e4db50 begins=1000 live=1 peak=1 draining=0 borrowed=1 pending=0 released=0 retired=0 mean_uses=0.0 sum=9.8MiB max=9.8MiB
[LIMINA-ALLOC-STATS] pool=0xae3179b50 begins=1222500 live=62 peak=67 draining=0 borrowed=54 pending=54 released=170 retired=106 mean_uses=167.5 sum=378.3MiB max=15.5MiB
[LIMINA-ALLOC-STATS] pool=0xae3179b50 begins=1223000 live=62 peak=67 draining=0 borrowed=57 pending=59 released=170 retired=106 mean_uses=167.5 sum=378.3MiB max=15.5MiB
[LIMINA-ALLOC-STATS] pool=0xae3179b50 begins=1223500 live=62 peak=67 draining=0 borrowed=53 pending=52 released=170 retired=106 mean_uses=167.5 sum=378.3MiB max=15.5MiB
[LIMINA-ALLOC-STATS] pool=0xae7e4db50 begins=1500 live=1 peak=1 draining=0 borrowed=1 pending=0 released=0 retired=0 mean_uses=0.0 sum=9.8MiB max=9.8MiB
[LIMINA-ALLOC-STATS] pool=0xae3179b50 begins=1224000 live=62 peak=67 draining=0 borrowed=56 pending=55 released=170 retired=106 mean_uses=167.5 sum=378.3MiB max=15.5MiB
[LIMINA-ALLOC-STATS] pool=0xae3179b50 begins=1224500 live=62 peak=67 draining=0 borrowed=53 pending=53 released=170 retired=106 mean_uses=167.5 sum=378.3MiB max=15.5MiB
[LIMINA-ALLOC-STATS] pool=0xae3179b50 begins=1225000 live=62 peak=67 draining=0 borrowed=54 pending=54 released=170 retired=106 mean_uses=167.5 sum=378.3MiB max=15.5MiB
[LIMINA-ALLOC-STATS] pool=0xae7e4db50 begins=2000 live=1 peak=1 draining=0 borrowed=1 pending=0 released=0 retired=0 mean_uses=0.0 sum=9.8MiB max=9.8MiB
[LIMINA-ALLOC-STATS] pool=0xae3179b50 begins=1225500 live=62 peak=67 draining=0 borrowed=55 pending=55 released=170 retired=106 mean_uses=167.5 sum=378.5MiB max=15.5MiB
[LIMINA-ALLOC-STATS] pool=0xae3179b50 begins=1226000 live=62 peak=67 draining=0 borrowed=55 pending=55 released=170 retired=106 mean_uses=167.5 sum=378.5MiB max=15.5MiB
[LIMINA-ALLOC-STATS] pool=0xae3179b50 begins=1226500 live=62 peak=67 draining=0 borrowed=55 pending=58 released=170 retired=106 mean_uses=167.5 sum=380.7MiB max=15.5MiB
[LIMINA-ALLOC-STATS] pool=0xae7e4db50 begins=2500 live=1 peak=1 draining=0 borrowed=1 pending=0 released=0 retired=0 mean_uses=0.0 sum=9.8MiB max=9.8MiB
[LIMINA-ALLOC-STATS] pool=0xae3179b50 begins=1227000 live=62 peak=67 draining=0 borrowed=56 pending=56 released=170 retired=106 mean_uses=167.5 sum=380.7MiB max=15.5MiB
[LIMINA-ALLOC-STATS] pool=0xae3179b50 begins=1227500 live=62 peak=67 draining=0 borrowed=55 pending=55 released=170 retired=106 mean_uses=167.5 sum=380.8MiB max=15.5MiB
[LIMINA-ALLOC-STATS] pool=0xae3179b50 begins=1228000 live=62 peak=67 draining=0 borrowed=55 pending=58 released=170 retired=106 mean_uses=167.5 sum=380.8MiB max=15.5MiB
[LIMINA-ALLOC-STATS] pool=0xae7e4db50 begins=3000 live=1 peak=1 draining=0 borrowed=1 pending=1 released=0 retired=0 mean_uses=0.0 sum=9.8MiB max=9.8MiB
[LIMINA-ALLOC-STATS] pool=0xae3179b50 begins=1228500 live=62 peak=67 draining=0 borrowed=56 pending=56 released=170 retired=106 mean_uses=167.5 sum=381.9MiB max=15.5MiB
[LIMINA-ALLOC-STATS] pool=0xae3179b50 begins=1229000 live=62 peak=67 draining=0 borrowed=55 pending=55 released=170 retired=106 mean_uses=167.5 sum=381.9MiB max=15.5MiB
[LIMINA-ALLOC-STATS] pool=0xae3179b50 begins=1229500 live=61 peak=67 draining=0 borrowed=55 pending=54 released=171 retired=106 mean_uses=167.5 sum=368.7MiB max=15.5MiB
[LIMINA-ALLOC-STATS] pool=0xae7e4db50 begins=3500 live=1 peak=1 draining=0 borrowed=1 pending=1 released=0 retired=0 mean_uses=0.0 sum=9.8MiB max=9.8MiB
[LIMINA-ALLOC-STATS] pool=0xae3179b50 begins=1230000 live=60 peak=67 draining=0 borrowed=56 pending=55 released=172 retired=106 mean_uses=167.5 sum=358.3MiB max=15.5MiB
[LIMINA-ALLOC-STATS] pool=0xae3179b50 begins=1230500 live=60 peak=67 draining=0 borrowed=56 pending=56 released=172 retired=106 mean_uses=167.5 sum=358.3MiB max=15.5MiB
[LIMINA-ALLOC-STATS] pool=0xae3179b50 begins=1231000 live=60 peak=67 draining=0 borrowed=54 pending=53 released=172 retired=106 mean_uses=167.5 sum=358.3MiB max=15.5MiB
[LIMINA-ALLOC-STATS] pool=0xae7e4db50 begins=4000 live=1 peak=1 draining=0 borrowed=1 pending=0 released=0 retired=0 mean_uses=0.0 sum=9.8MiB max=9.8MiB
[LIMINA-ALLOC-STATS] pool=0xae3179b50 begins=1231500 live=60 peak=67 draining=0 borrowed=56 pending=56 released=172 retired=106 mean_uses=167.5 sum=358.3MiB max=15.5MiB
[LIMINA-ALLOC-STATS] pool=0xae3179b50 begins=1232000 live=60 peak=67 draining=0 borrowed=55 pending=55 released=172 retired=106 mean_uses=167.5 sum=358.3MiB max=15.5MiB
[LIMINA-ALLOC-STATS] pool=0xae3179b50 begins=1232500 live=60 peak=67 draining=0 borrowed=53 pending=53 released=172 retired=106 mean_uses=167.5 sum=359.6MiB max=15.5MiB
[LIMINA-ALLOC-STATS] pool=0xae7e4db50 begins=4500 live=1 peak=1 draining=0 borrowed=1 pending=0 released=0 retired=0 mean_uses=0.0 sum=9.8MiB max=9.8MiB
[LIMINA-ALLOC-STATS] pool=0xae3179b50 begins=1233000 live=60 peak=67 draining=0 borrowed=55 pending=55 released=172 retired=106 mean_uses=167.5 sum=359.6MiB max=15.5MiB
[LIMINA-ALLOC-STATS] pool=0xae3179b50 begins=1233500 live=60 peak=67 draining=0 borrowed=55 pending=55 released=172 retired=106 mean_uses=167.5 sum=359.6MiB max=15.5MiB
[LIMINA-ALLOC-STATS] pool=0xae3179b50 begins=1234000 live=60 peak=67 draining=0 borrowed=54 pending=54 released=172 retired=106 mean_uses=167.5 sum=359.6MiB max=15.5MiB
[LIMINA-ALLOC-STATS] pool=0xae7e4db50 begins=5000 live=1 peak=1 draining=0 borrowed=1 pending=0 released=0 retired=0 mean_uses=0.0 sum=9.8MiB max=9.8MiB
[LIMINA-ALLOC-STATS] pool=0xae3179b50 begins=1234500 live=61 peak=67 draining=0 borrowed=55 pending=55 released=172 retired=106 mean_uses=167.5 sum=362.8MiB max=15.5MiB
[LIMINA-ALLOC-STATS] pool=0xae3179b50 begins=1235000 live=61 peak=67 draining=0 borrowed=55 pending=54 released=172 retired=106 mean_uses=167.5 sum=365.0MiB max=15.5MiB
[LIMINA-ALLOC-STATS] pool=0xae3179b50 begins=1235500 live=62 peak=67 draining=0 borrowed=55 pending=55 released=172 retired=106 mean_uses=167.5 sum=369.8MiB max=15.5MiB
[LIMINA-ALLOC-STATS] pool=0xae7e4db50 begins=5500 live=1 peak=1 draining=0 borrowed=1 pending=0 released=0 retired=0 mean_uses=0.0 sum=9.8MiB max=9.8MiB
[LIMINA-ALLOC-STATS] pool=0xae3179b50 begins=1236000 live=62 peak=67 draining=0 borrowed=57 pending=57 released=172 retired=106 mean_uses=167.5 sum=372.5MiB max=15.5MiB
[LIMINA-ALLOC-STATS] pool=0xae3179b50 begins=1236500 live=62 peak=67 draining=0 borrowed=55 pending=55 released=172 retired=106 mean_uses=167.5 sum=372.6MiB max=15.5MiB
[LIMINA-ALLOC-STATS] pool=0xae3179b50 begins=1237000 live=62 peak=67 draining=0 borrowed=53 pending=53 released=172 retired=106 mean_uses=167.5 sum=372.6MiB max=15.5MiB
[LIMINA-ALLOC-STATS] pool=0xae3179b50 begins=1237500 live=62 peak=67 draining=0 borrowed=56 pending=56 released=172 retired=106 mean_uses=167.5 sum=372.6MiB max=15.5MiB
[LIMINA-ALLOC-STATS] pool=0xae7e4db50 begins=6000 live=1 peak=1 draining=0 borrowed=1 pending=0 released=0 retired=0 mean_uses=0.0 sum=9.8MiB max=9.8MiB
[LIMINA-ALLOC-STATS] pool=0xae3179b50 begins=1238000 live=62 peak=67 draining=0 borrowed=55 pending=54 released=172 retired=106 mean_uses=167.5 sum=372.7MiB max=15.5MiB
[LIMINA-ALLOC-STATS] pool=0xae3179b50 begins=1238500 live=62 peak=67 draining=0 borrowed=54 pending=53 released=172 retired=106 mean_uses=167.5 sum=374.8MiB max=15.5MiB
[LIMINA-ALLOC-STATS] pool=0xae3181b50 begins=10500 live=1 peak=1 draining=0 borrowed=1 pending=0 released=0 retired=0 mean_uses=0.0 sum=4.9MiB max=4.9MiB
[LIMINA-ALLOC-STATS] pool=0xae317db50 begins=10500 live=1 peak=1 draining=0 borrowed=1 pending=0 released=0 retired=0 mean_uses=0.0 sum=4.9MiB max=4.9MiB
[LIMINA-ALLOC-STATS] pool=0xae3179b50 begins=1239000 live=62 peak=67 draining=0 borrowed=55 pending=55 released=172 retired=106 mean_uses=167.5 sum=374.8MiB max=15.5MiB
[LIMINA-ALLOC-STATS] pool=0xae7e4db50 begins=6500 live=1 peak=1 draining=0 borrowed=1 pending=0 released=0 retired=0 mean_uses=0.0 sum=9.8MiB max=9.8MiB
[LIMINA-ALLOC-STATS] pool=0xae3179b50 begins=1239500 live=62 peak=67 draining=0 borrowed=54 pending=54 released=172 retired=106 mean_uses=167.5 sum=374.8MiB max=15.5MiB
[LIMINA-ALLOC-STATS] pool=0xae3179b50 begins=1240000 live=62 peak=67 draining=0 borrowed=54 pending=53 released=172 retired=106 mean_uses=167.5 sum=374.8MiB max=15.5MiB
[LIMINA-ALLOC-STATS] pool=0xae3179b50 begins=1240500 live=62 peak=67 draining=0 borrowed=57 pending=56 released=172 retired=106 mean_uses=167.5 sum=374.8MiB max=15.5MiB
[LIMINA-ALLOC-STATS] pool=0xae7e4db50 begins=7000 live=1 peak=1 draining=0 borrowed=1 pending=1 released=0 retired=0 mean_uses=0.0 sum=9.8MiB max=9.8MiB
[LIMINA-ALLOC-STATS] pool=0xae3179b50 begins=1241000 live=62 peak=67 draining=0 borrowed=55 pending=55 released=172 retired=106 mean_uses=167.5 sum=374.8MiB max=15.5MiB
[LIMINA-ALLOC-STATS] pool=0xae3179b50 begins=1241500 live=62 peak=67 draining=0 borrowed=54 pending=54 released=172 retired=106 mean_uses=167.5 sum=374.8MiB max=15.5MiB
[LIMINA-ALLOC-STATS] pool=0xae3179b50 begins=1242000 live=62 peak=67 draining=0 borrowed=55 pending=58 released=172 retired=106 mean_uses=167.5 sum=374.9MiB max=15.5MiB
[LIMINA-ALLOC-STATS] pool=0xae7e4db50 begins=7500 live=1 peak=1 draining=0 borrowed=1 pending=0 released=0 retired=0 mean_uses=0.0 sum=9.8MiB max=9.8MiB
[LIMINA-ALLOC-STATS] pool=0xae3179b50 begins=1242500 live=62 peak=67 draining=0 borrowed=56 pending=59 released=172 retired=106 mean_uses=167.5 sum=375.0MiB max=15.5MiB
[LIMINA-ALLOC-STATS] pool=0xae3179b50 begins=1243000 live=62 peak=67 draining=0 borrowed=53 pending=53 released=172 retired=106 mean_uses=167.5 sum=375.0MiB max=15.5MiB
[LIMINA-ALLOC-STATS] pool=0xae3179b50 begins=1243500 live=62 peak=67 draining=0 borrowed=56 pending=56 released=172 retired=106 mean_uses=167.5 sum=375.0MiB max=15.5MiB
[LIMINA-ALLOC-STATS] pool=0xae7e4db50 begins=8000 live=1 peak=1 draining=0 borrowed=1 pending=0 released=0 retired=0 mean_uses=0.0 sum=9.8MiB max=9.8MiB
[LIMINA-ALLOC-STATS] pool=0xae3179b50 begins=1244000 live=62 peak=67 draining=0 borrowed=56 pending=56 released=172 retired=106 mean_uses=167.5 sum=375.0MiB max=15.5MiB
[LIMINA-ALLOC-STATS] pool=0xae3179b50 begins=1244500 live=62 peak=67 draining=0 borrowed=52 pending=52 released=172 retired=106 mean_uses=167.5 sum=375.0MiB max=15.5MiB
[LIMINA-ALLOC-STATS] pool=0xae3179b50 begins=1245000 live=62 peak=67 draining=0 borrowed=55 pending=54 released=172 retired=106 mean_uses=167.5 sum=375.0MiB max=15.5MiB
[LIMINA-ALLOC-STATS] pool=0xae7e4db50 begins=8500 live=1 peak=1 draining=0 borrowed=1 pending=0 released=0 retired=0 mean_uses=0.0 sum=9.8MiB max=9.8MiB
[LIMINA-ALLOC-STATS] pool=0xae3179b50 begins=1245500 live=63 peak=67 draining=0 borrowed=55 pending=55 released=172 retired=106 mean_uses=167.5 sum=378.2MiB max=15.5MiB
[LIMINA-ALLOC-STATS] pool=0xae3179b50 begins=1246000 live=63 peak=67 draining=0 borrowed=56 pending=59 released=172 retired=106 mean_uses=167.5 sum=378.2MiB max=15.5MiB
[LIMINA-ALLOC-STATS] pool=0xae3179b50 begins=1246500 live=63 peak=67 draining=0 borrowed=55 pending=55 released=172 retired=106 mean_uses=167.5 sum=378.9MiB max=15.5MiB
[LIMINA-ALLOC-STATS] pool=0xae7e4db50 begins=9000 live=1 peak=1 draining=0 borrowed=1 pending=0 released=0 retired=0 mean_uses=0.0 sum=9.8MiB max=9.8MiB
[LIMINA-ALLOC-STATS] pool=0xae3179b50 begins=1247000 live=63 peak=67 draining=0 borrowed=57 pending=56 released=172 retired=106 mean_uses=167.5 sum=379.1MiB max=15.5MiB
[LIMINA-ALLOC-STATS] pool=0xae3179b50 begins=1247500 live=63 peak=67 draining=0 borrowed=55 pending=55 released=172 retired=106 mean_uses=167.5 sum=381.1MiB max=15.5MiB
[LIMINA-ALLOC-STATS] pool=0xae3179b50 begins=1248000 live=63 peak=67 draining=0 borrowed=55 pending=56 released=172 retired=106 mean_uses=167.5 sum=383.4MiB max=15.5MiB
[LIMINA-ALLOC-STATS] pool=0xae7e4db50 begins=9500 live=1 peak=1 draining=0 borrowed=1 pending=1 released=0 retired=0 mean_uses=0.0 sum=9.8MiB max=9.8MiB
[LIMINA-ALLOC-STATS] pool=0xae3179b50 begins=1248500 live=63 peak=67 draining=0 borrowed=57 pending=56 released=172 retired=106 mean_uses=167.5 sum=383.4MiB max=15.5MiB
[LIMINA-ALLOC-STATS] pool=0xae3179b50 begins=1249000 live=63 peak=67 draining=0 borrowed=53 pending=54 released=172 retired=106 mean_uses=167.5 sum=383.5MiB max=15.5MiB
[LIMINA-ALLOC-STATS] pool=0xae3179b50 begins=1249500 live=63 peak=67 draining=0 borrowed=56 pending=56 released=172 retired=106 mean_uses=167.5 sum=383.5MiB max=15.5MiB
[LIMINA-ALLOC-STATS] pool=0xae7e4db50 begins=10000 live=1 peak=1 draining=0 borrowed=1 pending=0 released=0 retired=0 mean_uses=0.0 sum=9.8MiB max=9.8MiB
[LIMINA-ALLOC-STATS] pool=0xae3179b50 begins=1250000 live=63 peak=67 draining=0 borrowed=54 pending=55 released=172 retired=106 mean_uses=167.5 sum=383.5MiB max=15.5MiB
[LIMINA-ALLOC-STATS] pool=0xae3179b50 begins=1250500 live=63 peak=67 draining=0 borrowed=55 pending=55 released=172 retired=106 mean_uses=167.5 sum=383.6MiB max=15.5MiB
[LIMINA-ALLOC-STATS] pool=0xae3179b50 begins=1251000 live=63 peak=67 draining=0 borrowed=56 pending=55 released=172 retired=106 mean_uses=167.5 sum=383.6MiB max=15.5MiB
[LIMINA-ALLOC-STATS] pool=0xae7e4db50 begins=10500 live=1 peak=1 draining=0 borrowed=1 pending=0 released=0 retired=0 mean_uses=0.0 sum=9.8MiB max=9.8MiB
[LIMINA-ALLOC-STATS] pool=0xae3179b50 begins=1251500 live=63 peak=67 draining=0 borrowed=55 pending=55 released=172 retired=106 mean_uses=167.5 sum=383.6MiB max=15.5MiB
[LIMINA-ALLOC-STATS] pool=0xae3179b50 begins=1252000 live=63 peak=67 draining=0 borrowed=54 pending=53 released=172 retired=106 mean_uses=167.5 sum=383.6MiB max=15.5MiB
[LIMINA-ALLOC-STATS] pool=0xae3179b50 begins=1252500 live=63 peak=67 draining=0 borrowed=56 pending=56 released=172 retired=106 mean_uses=167.5 sum=383.6MiB max=15.5MiB
[LIMINA-ALLOC-STATS] pool=0xae7e4db50 begins=11000 live=1 peak=1 draining=0 borrowed=1 pending=0 released=0 retired=0 mean_uses=0.0 sum=9.8MiB max=9.8MiB
[LIMINA-ALLOC-STATS] pool=0xae3179b50 begins=1253000 live=63 peak=67 draining=0 borrowed=56 pending=56 released=172 retired=106 mean_uses=167.5 sum=383.6MiB max=15.5MiB
[LIMINA-ALLOC-STATS] pool=0xae3179b50 begins=1253500 live=63 peak=67 draining=0 borrowed=54 pending=54 released=172 retired=106 mean_uses=167.5 sum=383.6MiB max=15.5MiB
[LIMINA-ALLOC-STATS] pool=0xae3179b50 begins=1254000 live=63 peak=67 draining=0 borrowed=57 pending=59 released=172 retired=106 mean_uses=167.5 sum=383.7MiB max=15.5MiB
[LIMINA-ALLOC-STATS] pool=0xae3179b50 begins=1254500 live=61 peak=67 draining=0 borrowed=55 pending=57 released=174 retired=106 mean_uses=167.5 sum=363.7MiB max=15.5MiB
[LIMINA-ALLOC-STATS] pool=0xae7e4db50 begins=11500 live=1 peak=1 draining=0 borrowed=1 pending=1 released=0 retired=0 mean_uses=0.0 sum=9.8MiB max=9.8MiB
[LIMINA-ALLOC-STATS] pool=0xae3179b50 begins=1255000 live=61 peak=67 draining=0 borrowed=53 pending=53 released=174 retired=106 mean_uses=167.5 sum=363.7MiB max=15.5MiB
[LIMINA-ALLOC-STATS] pool=0xae3179b50 begins=1255500 live=61 peak=67 draining=0 borrowed=55 pending=55 released=174 retired=106 mean_uses=167.5 sum=363.7MiB max=15.5MiB
[LIMINA-ALLOC-STATS] pool=0xae3179b50 begins=1256000 live=63 peak=67 draining=0 borrowed=54 pending=55 released=174 retired=106 mean_uses=167.5 sum=372.0MiB max=15.5MiB
[LIMINA-ALLOC-STATS] pool=0xae7e4db50 begins=12000 live=1 peak=1 draining=0 borrowed=1 pending=0 released=0 retired=0 mean_uses=0.0 sum=9.8MiB max=9.8MiB
[LIMINA-ALLOC-STATS] pool=0xae3179b50 begins=1256500 live=63 peak=67 draining=0 borrowed=54 pending=54 released=174 retired=106 mean_uses=167.5 sum=372.3MiB max=15.5MiB
[LIMINA-ALLOC-STATS] pool=0xae3179b50 begins=1257000 live=63 peak=67 draining=0 borrowed=57 pending=57 released=174 retired=106 mean_uses=167.5 sum=372.6MiB max=15.5MiB
[LIMINA-ALLOC-STATS] pool=0xae3179b50 begins=1257500 live=63 peak=67 draining=0 borrowed=55 pending=55 released=174 retired=106 mean_uses=167.5 sum=372.7MiB max=15.5MiB
[LIMINA-ALLOC-STATS] pool=0xae7e4db50 begins=12500 live=1 peak=1 draining=0 borrowed=1 pending=0 released=0 retired=0 mean_uses=0.0 sum=9.8MiB max=9.8MiB
[LIMINA-ALLOC-STATS] pool=0xae3179b50 begins=1258000 live=63 peak=67 draining=0 borrowed=53 pending=53 released=174 retired=106 mean_uses=167.5 sum=372.7MiB max=15.5MiB
[LIMINA-ALLOC-STATS] pool=0xae3179b50 begins=1258500 live=63 peak=67 draining=0 borrowed=56 pending=56 released=174 retired=106 mean_uses=167.5 sum=372.7MiB max=15.5MiB
[LIMINA-ALLOC-STATS] pool=0xae3179b50 begins=1259000 live=63 peak=67 draining=0 borrowed=55 pending=55 released=174 retired=106 mean_uses=167.5 sum=374.9MiB max=15.5MiB
[LIMINA-ALLOC-STATS] pool=0xae7e4db50 begins=13000 live=1 peak=1 draining=0 borrowed=1 pending=0 released=0 retired=0 mean_uses=0.0 sum=9.8MiB max=9.8MiB
[LIMINA-ALLOC-STATS] pool=0xae3179b50 begins=1259500 live=63 peak=67 draining=0 borrowed=53 pending=53 released=174 retired=106 mean_uses=167.5 sum=376.7MiB max=15.5MiB
[LIMINA-ALLOC-STATS] pool=0xae3179b50 begins=1260000 live=63 peak=67 draining=0 borrowed=55 pending=56 released=174 retired=106 mean_uses=167.5 sum=378.6MiB max=15.5MiB
[LIMINA-ALLOC-STATS] pool=0xae7e4db50 begins=13500 live=1 peak=1 draining=0 borrowed=1 pending=0 released=0 retired=0 mean_uses=0.0 sum=9.8MiB max=9.8MiB
[LIMINA-ALLOC-STATS] pool=0xae3179b50 begins=1260500 live=63 peak=67 draining=0 borrowed=57 pending=60 released=174 retired=106 mean_uses=167.5 sum=378.8MiB max=15.5MiB
[LIMINA-ALLOC-STATS] pool=0xae3179b50 begins=1261000 live=63 peak=67 draining=0 borrowed=54 pending=54 released=174 retired=106 mean_uses=167.5 sum=378.8MiB max=15.5MiB
[LIMINA-ALLOC-STATS] pool=0xae3179b50 begins=1261500 live=63 peak=67 draining=0 borrowed=55 pending=54 released=174 retired=106 mean_uses=167.5 sum=378.8MiB max=15.5MiB
[LIMINA-ALLOC-STATS] pool=0xae7e4db50 begins=14000 live=1 peak=1 draining=0 borrowed=1 pending=0 released=0 retired=0 mean_uses=0.0 sum=9.8MiB max=9.8MiB
[LIMINA-ALLOC-STATS] pool=0xae3179b50 begins=1262000 live=63 peak=67 draining=0 borrowed=54 pending=53 released=174 retired=106 mean_uses=167.5 sum=378.8MiB max=15.5MiB
[LIMINA-ALLOC-STATS] pool=0xae3179b50 begins=1262500 live=63 peak=67 draining=0 borrowed=57 pending=59 released=174 retired=106 mean_uses=167.5 sum=378.8MiB max=15.5MiB
[LIMINA-ALLOC-STATS] pool=0xae3179b50 begins=1263000 live=63 peak=67 draining=0 borrowed=55 pending=54 released=174 retired=106 mean_uses=167.5 sum=378.8MiB max=15.5MiB
[LIMINA-ALLOC-STATS] pool=0xae7e4db50 begins=14500 live=1 peak=1 draining=0 borrowed=1 pending=0 released=0 retired=0 mean_uses=0.0 sum=9.8MiB max=9.8MiB
[LIMINA-ALLOC-STATS] pool=0xae3179b50 begins=1263500 live=63 peak=67 draining=0 borrowed=54 pending=54 released=174 retired=106 mean_uses=167.5 sum=378.8MiB max=15.5MiB
[LIMINA-ALLOC-STATS] pool=0xae3179b50 begins=1264000 live=63 peak=67 draining=0 borrowed=55 pending=54 released=174 retired=106 mean_uses=167.5 sum=378.8MiB max=15.5MiB
[LIMINA-ALLOC-STATS] pool=0xae7e4db50 begins=15000 live=1 peak=1 draining=0 borrowed=1 pending=0 released=0 retired=0 mean_uses=0.0 sum=9.8MiB max=9.8MiB
[LIMINA-ALLOC-STATS] pool=0xae3179b50 begins=1264500 live=63 peak=67 draining=0 borrowed=56 pending=55 released=174 retired=106 mean_uses=167.5 sum=378.9MiB max=15.5MiB
[LIMINA-ALLOC-STATS] pool=0xae3179b50 begins=1265000 live=61 peak=67 draining=0 borrowed=55 pending=54 released=176 retired=106 mean_uses=167.5 sum=354.9MiB max=15.5MiB
[LIMINA-ALLOC-STATS] pool=0xae3179b50 begins=1265500 live=61 peak=67 draining=0 borrowed=53 pending=52 released=176 retired=106 mean_uses=167.5 sum=354.9MiB max=15.5MiB
[LIMINA-ALLOC-STATS] pool=0xae7e4db50 begins=15500 live=1 peak=1 draining=0 borrowed=1 pending=1 released=0 retired=0 mean_uses=0.0 sum=9.8MiB max=9.8MiB
[LIMINA-ALLOC-STATS] pool=0xae3179b50 begins=1266000 live=61 peak=67 draining=0 borrowed=55 pending=54 released=176 retired=106 mean_uses=167.5 sum=354.9MiB max=15.5MiB
[LIMINA-ALLOC-STATS] pool=0xae3179b50 begins=1266500 live=60 peak=67 draining=0 borrowed=55 pending=55 released=177 retired=106 mean_uses=167.5 sum=346.8MiB max=15.5MiB
[LIMINA-ALLOC-STATS] pool=0xae3179b50 begins=1267000 live=60 peak=67 draining=0 borrowed=55 pending=55 released=177 retired=106 mean_uses=167.5 sum=346.8MiB max=15.5MiB
[LIMINA-ALLOC-STATS] pool=0xae7e4db50 begins=16000 live=1 peak=1 draining=0 borrowed=1 pending=0 released=0 retired=0 mean_uses=0.0 sum=9.8MiB max=9.8MiB
[LIMINA-ALLOC-STATS] pool=0xae3179b50 begins=1267500 live=60 peak=67 draining=0 borrowed=55 pending=54 released=177 retired=106 mean_uses=167.5 sum=346.8MiB max=15.5MiB
[LIMINA-ALLOC-STATS] pool=0xae3179b50 begins=1268000 live=60 peak=67 draining=0 borrowed=55 pending=55 released=177 retired=106 mean_uses=167.5 sum=346.9MiB max=15.5MiB
[LIMINA-ALLOC-STATS] pool=0xae7e4db50 begins=16500 live=1 peak=1 draining=0 borrowed=1 pending=0 released=0 retired=0 mean_uses=0.0 sum=9.8MiB max=9.8MiB
[LIMINA-ALLOC-STATS] pool=0xae3179b50 begins=1268500 live=60 peak=67 draining=0 borrowed=53 pending=52 released=177 retired=106 mean_uses=167.5 sum=346.9MiB max=15.5MiB
[LIMINA-ALLOC-STATS] pool=0xae3179b50 begins=1269000 live=60 peak=67 draining=0 borrowed=54 pending=54 released=177 retired=106 mean_uses=167.5 sum=346.9MiB max=15.5MiB
[LIMINA-ALLOC-STATS] pool=0xae3179b50 begins=1269500 live=59 peak=67 draining=0 borrowed=54 pending=54 released=178 retired=106 mean_uses=167.5 sum=335.3MiB max=15.5MiB
[LIMINA-ALLOC-STATS] pool=0xae7e4db50 begins=17000 live=1 peak=1 draining=0 borrowed=1 pending=1 released=0 retired=0 mean_uses=0.0 sum=9.8MiB max=9.8MiB
[LIMINA-ALLOC-STATS] pool=0xae3179b50 begins=1270000 live=59 peak=67 draining=0 borrowed=53 pending=52 released=178 retired=106 mean_uses=167.5 sum=335.3MiB max=15.5MiB
[LIMINA-ALLOC-STATS] pool=0xae3179b50 begins=1270500 live=59 peak=67 draining=0 borrowed=55 pending=54 released=178 retired=106 mean_uses=167.5 sum=335.3MiB max=15.5MiB
[LIMINA-ALLOC-STATS] pool=0xae3179b50 begins=1271000 live=59 peak=67 draining=0 borrowed=55 pending=55 released=178 retired=106 mean_uses=167.5 sum=335.3MiB max=15.5MiB
[LIMINA-ALLOC-STATS] pool=0xae7e4db50 begins=17500 live=1 peak=1 draining=0 borrowed=1 pending=0 released=0 retired=0 mean_uses=0.0 sum=9.8MiB max=9.8MiB
[LIMINA-ALLOC-STATS] pool=0xae3179b50 begins=1271500 live=59 peak=67 draining=0 borrowed=55 pending=57 released=178 retired=106 mean_uses=167.5 sum=335.3MiB max=15.5MiB
[LIMINA-ALLOC-STATS] pool=0xae3179b50 begins=1272000 live=59 peak=67 draining=0 borrowed=55 pending=54 released=178 retired=106 mean_uses=167.5 sum=335.3MiB max=15.5MiB
[LIMINA-ALLOC-STATS] pool=0xae7e4db50 begins=18000 live=1 peak=1 draining=0 borrowed=1 pending=0 released=0 retired=0 mean_uses=0.0 sum=9.8MiB max=9.8MiB
[LIMINA-ALLOC-STATS] pool=0xae3179b50 begins=1272500 live=59 peak=67 draining=0 borrowed=55 pending=54 released=178 retired=106 mean_uses=167.5 sum=335.3MiB max=15.5MiB
[LIMINA-ALLOC-STATS] pool=0xae3179b50 begins=1273000 live=58 peak=67 draining=0 borrowed=53 pending=52 released=179 retired=106 mean_uses=167.5 sum=320.7MiB max=15.5MiB
[LIMINA-ALLOC-STATS] pool=0xae7e4db50 begins=18500 live=1 peak=1 draining=0 borrowed=1 pending=0 released=0 retired=0 mean_uses=0.0 sum=9.8MiB max=9.8MiB
[LIMINA-ALLOC-STATS] pool=0xae3179b50 begins=1273500 live=58 peak=67 draining=0 borrowed=55 pending=54 released=179 retired=106 mean_uses=167.5 sum=320.7MiB max=15.5MiB
[LIMINA-ALLOC-STATS] pool=0xae3179b50 begins=1274000 live=58 peak=67 draining=0 borrowed=54 pending=53 released=179 retired=106 mean_uses=167.5 sum=320.7MiB max=15.5MiB
[LIMINA-ALLOC-STATS] pool=0xae3179b50 begins=1274500 live=58 peak=67 draining=0 borrowed=53 pending=52 released=179 retired=106 mean_uses=167.5 sum=320.7MiB max=15.5MiB
[LIMINA-ALLOC-STATS] pool=0xae7e4db50 begins=19000 live=1 peak=1 draining=0 borrowed=1 pending=0 released=0 retired=0 mean_uses=0.0 sum=9.8MiB max=9.8MiB
[LIMINA-ALLOC-STATS] pool=0xae3179b50 begins=1275000 live=58 peak=67 draining=0 borrowed=54 pending=54 released=179 retired=106 mean_uses=167.5 sum=320.7MiB max=15.5MiB
[LIMINA-ALLOC-STATS] pool=0xae3179b50 begins=1275500 live=58 peak=67 draining=0 borrowed=55 pending=57 released=179 retired=106 mean_uses=167.5 sum=320.7MiB max=15.5MiB
[LIMINA-ALLOC-STATS] pool=0xae7e4db50 begins=19500 live=1 peak=1 draining=0 borrowed=1 pending=1 released=0 retired=0 mean_uses=0.0 sum=9.8MiB max=9.8MiB
[LIMINA-ALLOC-STATS] pool=0xae3179b50 begins=1276000 live=58 peak=67 draining=0 borrowed=53 pending=52 released=179 retired=106 mean_uses=167.5 sum=320.7MiB max=15.5MiB
[LIMINA-ALLOC-STATS] pool=0xae3181b50 begins=11000 live=1 peak=1 draining=0 borrowed=1 pending=0 released=0 retired=0 mean_uses=0.0 sum=4.9MiB max=4.9MiB
[LIMINA-ALLOC-STATS] pool=0xae317db50 begins=11000 live=1 peak=1 draining=0 borrowed=1 pending=0 released=0 retired=0 mean_uses=0.0 sum=4.9MiB max=4.9MiB
[LIMINA-ALLOC-STATS] pool=0xae3179b50 begins=1276500 live=58 peak=67 draining=0 borrowed=57 pending=57 released=179 retired=106 mean_uses=167.5 sum=320.7MiB max=15.5MiB
[LIMINA-ALLOC-STATS] pool=0xae3179b50 begins=1277000 live=58 peak=67 draining=0 borrowed=54 pending=53 released=179 retired=106 mean_uses=167.5 sum=320.7MiB max=15.5MiB
[LIMINA-ALLOC-STATS] pool=0xae7e4db50 begins=20000 live=1 peak=1 draining=0 borrowed=1 pending=1 released=0 retired=0 mean_uses=0.0 sum=9.8MiB max=9.8MiB
[LIMINA-ALLOC-STATS] pool=0xae3179b50 begins=1277500 live=58 peak=67 draining=0 borrowed=54 pending=55 released=179 retired=106 mean_uses=167.5 sum=320.8MiB max=15.5MiB
[LIMINA-ALLOC-STATS] pool=0xae3179b50 begins=1278000 live=58 peak=67 draining=0 borrowed=53 pending=57 released=179 retired=106 mean_uses=167.5 sum=320.8MiB max=15.5MiB
[LIMINA-ALLOC-STATS] pool=0xae7e4db50 begins=20500 live=1 peak=1 draining=0 borrowed=1 pending=0 released=0 retired=0 mean_uses=0.0 sum=9.8MiB max=9.8MiB
[LIMINA-ALLOC-STATS] pool=0xae3179b50 begins=1278500 live=58 peak=67 draining=0 borrowed=56 pending=59 released=179 retired=106 mean_uses=167.5 sum=322.9MiB max=15.5MiB
[LIMINA-ALLOC-STATS] pool=0xae3179b50 begins=1279000 live=58 peak=67 draining=0 borrowed=56 pending=56 released=179 retired=106 mean_uses=167.5 sum=322.9MiB max=15.5MiB
[LIMINA-ALLOC-STATS] pool=0xae3179b50 begins=1279500 live=58 peak=67 draining=0 borrowed=57 pending=60 released=179 retired=106 mean_uses=167.5 sum=322.9MiB max=15.5MiB
[LIMINA-ALLOC-STATS] pool=0xae7e4db50 begins=21000 live=1 peak=1 draining=0 borrowed=1 pending=1 released=0 retired=0 mean_uses=0.0 sum=9.8MiB max=9.8MiB
[LIMINA-ALLOC-STATS] pool=0xae3179b50 begins=1280000 live=58 peak=67 draining=0 borrowed=54 pending=53 released=179 retired=106 mean_uses=167.5 sum=322.9MiB max=15.5MiB
[LIMINA-ALLOC-STATS] pool=0xae3179b50 begins=1280500 live=58 peak=67 draining=0 borrowed=53 pending=53 released=179 retired=106 mean_uses=167.5 sum=322.9MiB max=15.5MiB
[LIMINA-ALLOC-STATS] pool=0xae7e4db50 begins=21500 live=1 peak=1 draining=0 borrowed=1 pending=1 released=0 retired=0 mean_uses=0.0 sum=9.8MiB max=9.8MiB
[LIMINA-ALLOC-STATS] pool=0xae3179b50 begins=1281000 live=58 peak=67 draining=0 borrowed=55 pending=54 released=179 retired=106 mean_uses=167.5 sum=322.9MiB max=15.5MiB
[LIMINA-ALLOC-STATS] pool=0xae3179b50 begins=1281500 live=58 peak=67 draining=0 borrowed=54 pending=53 released=179 retired=106 mean_uses=167.5 sum=322.9MiB max=15.5MiB
[LIMINA-ALLOC-STATS] pool=0xae7e4db50 begins=22000 live=1 peak=1 draining=0 borrowed=1 pending=0 released=0 retired=0 mean_uses=0.0 sum=9.8MiB max=9.8MiB
[LIMINA-ALLOC-STATS] pool=0xae3179b50 begins=1282000 live=58 peak=67 draining=0 borrowed=55 pending=54 released=179 retired=106 mean_uses=167.5 sum=322.9MiB max=15.5MiB
[LIMINA-ALLOC-STATS] pool=0xae3179b50 begins=1282500 live=58 peak=67 draining=0 borrowed=56 pending=56 released=179 retired=106 mean_uses=167.5 sum=322.9MiB max=15.5MiB
[LIMINA-ALLOC-STATS] pool=0xae3179b50 begins=1283000 live=58 peak=67 draining=0 borrowed=55 pending=56 released=179 retired=106 mean_uses=167.5 sum=323.0MiB max=15.5MiB
[LIMINA-ALLOC-STATS] pool=0xae7e4db50 begins=22500 live=1 peak=1 draining=0 borrowed=1 pending=0 released=0 retired=0 mean_uses=0.0 sum=9.8MiB max=9.8MiB
[LIMINA-ALLOC-STATS] pool=0xae3179b50 begins=1283500 live=58 peak=67 draining=0 borrowed=53 pending=53 released=179 retired=106 mean_uses=167.5 sum=323.0MiB max=15.5MiB
[LIMINA-ALLOC-STATS] pool=0xae3179b50 begins=1284000 live=58 peak=67 draining=0 borrowed=55 pending=54 released=179 retired=106 mean_uses=167.5 sum=323.0MiB max=15.5MiB
[LIMINA-ALLOC-STATS] pool=0xae7e4db50 begins=23000 live=1 peak=1 draining=0 borrowed=1 pending=1 released=0 retired=0 mean_uses=0.0 sum=9.8MiB max=9.8MiB
[LIMINA-ALLOC-STATS] pool=0xae3179b50 begins=1284500 live=58 peak=67 draining=0 borrowed=55 pending=57 released=179 retired=106 mean_uses=167.5 sum=323.0MiB max=15.5MiB
[LIMINA-ALLOC-STATS] pool=0xae3179b50 begins=1285000 live=58 peak=67 draining=0 borrowed=54 pending=53 released=179 retired=106 mean_uses=167.5 sum=323.0MiB max=15.5MiB
[LIMINA-ALLOC-STATS] pool=0xae3179b50 begins=1285500 live=58 peak=67 draining=0 borrowed=56 pending=55 released=179 retired=106 mean_uses=167.5 sum=323.0MiB max=15.5MiB
[LIMINA-ALLOC-STATS] pool=0xae7e4db50 begins=23500 live=1 peak=1 draining=0 borrowed=1 pending=1 released=0 retired=0 mean_uses=0.0 sum=9.8MiB max=9.8MiB
[LIMINA-ALLOC-STATS] pool=0xae3179b50 begins=1286000 live=58 peak=67 draining=0 borrowed=54 pending=53 released=179 retired=106 mean_uses=167.5 sum=323.0MiB max=15.5MiB
[LIMINA-ALLOC-STATS] pool=0xae3179b50 begins=1286500 live=58 peak=67 draining=0 borrowed=53 pending=53 released=179 retired=106 mean_uses=167.5 sum=323.0MiB max=15.5MiB
[LIMINA-ALLOC-STATS] pool=0xae7e4db50 begins=24000 live=1 peak=1 draining=0 borrowed=1 pending=0 released=0 retired=0 mean_uses=0.0 sum=9.8MiB max=9.8MiB
[LIMINA-ALLOC-STATS] pool=0xae3179b50 begins=1287000 live=58 peak=67 draining=0 borrowed=55 pending=55 released=179 retired=106 mean_uses=167.5 sum=323.0MiB max=15.5MiB
[LIMINA-ALLOC-STATS] pool=0xae3179b50 begins=1287500 live=58 peak=67 draining=0 borrowed=55 pending=54 released=179 retired=106 mean_uses=167.5 sum=323.0MiB max=15.5MiB
[LIMINA-ALLOC-STATS] pool=0xae7e4db50 begins=24500 live=1 peak=1 draining=0 borrowed=1 pending=0 released=0 retired=0 mean_uses=0.0 sum=9.8MiB max=9.8MiB
[LIMINA-ALLOC-STATS] pool=0xae3179b50 begins=1288000 live=58 peak=67 draining=0 borrowed=53 pending=52 released=179 retired=106 mean_uses=167.5 sum=323.0MiB max=15.5MiB
[LIMINA-ALLOC-POOL] teardown: pool=0xae7e4db50 live=1 peak=1 released=0 ceiling-waits=0 ceiling-fails=0
[2026-10-07T14:27:19.754263Z INFO  krun_devices::virtio::gpu::virtio_gpu] CTX_CREATE ctx=10 init=0x4 name=Some("vkmark\0\0\0\0\0\0\0\0\0\0\0\0\0\0\0\0\0\0\0\0\0\0\0\0\0\0\0\0\0\0\0\0\0\0\0\0\0\0\0\0\0\0\0\0\0\0\0\0\0\0\0\0\0\0\0\0\0\0")
[LIMINA-ALLOC-STATS] pool=0xae3179b50 begins=1288500 live=58 peak=67 draining=0 borrowed=55 pending=54 released=179 retired=106 mean_uses=167.5 sum=334.6MiB max=15.5MiB
[LIMINA-ALLOC-STATS] pool=0xae3179b50 begins=1289000 live=61 peak=67 draining=0 borrowed=58 pending=65 released=179 retired=106 mean_uses=167.5 sum=358.9MiB max=15.5MiB
[LIMINA-ALLOC-STATS] pool=0xae7e4db50 begins=500 live=1 peak=1 draining=0 borrowed=1 pending=0 released=0 retired=0 mean_uses=0.0 sum=9.8MiB max=9.8MiB
[LIMINA-ALLOC-STATS] pool=0xae3179b50 begins=1289500 live=61 peak=67 draining=0 borrowed=53 pending=54 released=179 retired=106 mean_uses=167.5 sum=359.2MiB max=15.5MiB
[LIMINA-ALLOC-STATS] pool=0xae3179b50 begins=1290000 live=61 peak=67 draining=0 borrowed=55 pending=54 released=179 retired=106 mean_uses=167.5 sum=359.9MiB max=15.5MiB
[LIMINA-ALLOC-STATS] pool=0xae3179b50 begins=1290500 live=61 peak=67 draining=0 borrowed=54 pending=54 released=179 retired=106 mean_uses=167.5 sum=366.3MiB max=15.5MiB
[LIMINA-ALLOC-STATS] pool=0xae7e4db50 begins=1000 live=1 peak=1 draining=0 borrowed=1 pending=1 released=0 retired=0 mean_uses=0.0 sum=9.8MiB max=9.8MiB
[LIMINA-ALLOC-STATS] pool=0xae3179b50 begins=1291000 live=61 peak=67 draining=0 borrowed=56 pending=65 released=179 retired=106 mean_uses=167.5 sum=366.6MiB max=15.5MiB
[LIMINA-ALLOC-STATS] pool=0xae3179b50 begins=1291500 live=61 peak=67 draining=0 borrowed=55 pending=54 released=179 retired=106 mean_uses=167.5 sum=366.7MiB max=15.5MiB
[LIMINA-ALLOC-STATS] pool=0xae3179b50 begins=1292000 live=61 peak=67 draining=0 borrowed=54 pending=53 released=179 retired=106 mean_uses=167.5 sum=366.7MiB max=15.5MiB
[LIMINA-ALLOC-STATS] pool=0xae7e4db50 begins=1500 live=1 peak=1 draining=0 borrowed=1 pending=0 released=0 retired=0 mean_uses=0.0 sum=9.8MiB max=9.8MiB
[LIMINA-ALLOC-STATS] pool=0xae3179b50 begins=1292500 live=61 peak=67 draining=0 borrowed=53 pending=52 released=179 retired=106 mean_uses=167.5 sum=366.7MiB max=15.5MiB
[LIMINA-ALLOC-STATS] pool=0xae3179b50 begins=1293000 live=61 peak=67 draining=0 borrowed=55 pending=55 released=179 retired=106 mean_uses=167.5 sum=366.7MiB max=15.5MiB
[LIMINA-ALLOC-STATS] pool=0xae7e4db50 begins=2000 live=1 peak=1 draining=0 borrowed=1 pending=0 released=0 retired=0 mean_uses=0.0 sum=9.8MiB max=9.8MiB
[LIMINA-ALLOC-STATS] pool=0xae3179b50 begins=1293500 live=61 peak=67 draining=0 borrowed=58 pending=62 released=179 retired=106 mean_uses=167.5 sum=366.8MiB max=15.5MiB
[LIMINA-ALLOC-STATS] pool=0xae3179b50 begins=1294000 live=61 peak=67 draining=0 borrowed=54 pending=53 released=179 retired=106 mean_uses=167.5 sum=366.8MiB max=15.5MiB
[LIMINA-ALLOC-STATS] pool=0xae3179b50 begins=1294500 live=61 peak=67 draining=0 borrowed=56 pending=55 released=179 retired=106 mean_uses=167.5 sum=366.8MiB max=15.5MiB
[LIMINA-ALLOC-STATS] pool=0xae7e4db50 begins=2500 live=1 peak=1 draining=0 borrowed=1 pending=0 released=0 retired=0 mean_uses=0.0 sum=9.8MiB max=9.8MiB
[LIMINA-ALLOC-STATS] pool=0xae3179b50 begins=1295000 live=61 peak=67 draining=0 borrowed=54 pending=53 released=179 retired=106 mean_uses=167.5 sum=366.8MiB max=15.5MiB
[LIMINA-ALLOC-STATS] pool=0xae3179b50 begins=1295500 live=61 peak=67 draining=0 borrowed=53 pending=52 released=179 retired=106 mean_uses=167.5 sum=366.9MiB max=15.5MiB
[LIMINA-ALLOC-STATS] pool=0xae3179b50 begins=1296000 live=61 peak=67 draining=0 borrowed=57 pending=59 released=179 retired=106 mean_uses=167.5 sum=366.9MiB max=15.5MiB
[LIMINA-ALLOC-STATS] pool=0xae7e4db50 begins=3000 live=1 peak=1 draining=0 borrowed=1 pending=1 released=0 retired=0 mean_uses=0.0 sum=9.8MiB max=9.8MiB
[LIMINA-ALLOC-STATS] pool=0xae3179b50 begins=1296500 live=61 peak=67 draining=0 borrowed=55 pending=54 released=179 retired=106 mean_uses=167.5 sum=366.9MiB max=15.5MiB
[LIMINA-ALLOC-STATS] pool=0xae3179b50 begins=1297000 live=61 peak=67 draining=0 borrowed=56 pending=57 released=179 retired=106 mean_uses=167.5 sum=366.9MiB max=15.5MiB
[LIMINA-ALLOC-STATS] pool=0xae3179b50 begins=1297500 live=61 peak=67 draining=0 borrowed=58 pending=57 released=179 retired=106 mean_uses=167.5 sum=366.9MiB max=15.5MiB
[LIMINA-ALLOC-STATS] pool=0xae7e4db50 begins=3500 live=1 peak=1 draining=0 borrowed=1 pending=0 released=0 retired=0 mean_uses=0.0 sum=9.8MiB max=9.8MiB
[LIMINA-ALLOC-STATS] pool=0xae3179b50 begins=1298000 live=61 peak=67 draining=0 borrowed=54 pending=53 released=179 retired=106 mean_uses=167.5 sum=366.9MiB max=15.5MiB
[LIMINA-ALLOC-STATS] pool=0xae3179b50 begins=1298500 live=61 peak=67 draining=0 borrowed=56 pending=58 released=179 retired=106 mean_uses=167.5 sum=366.9MiB max=15.5MiB
[LIMINA-ALLOC-STATS] pool=0xae3179b50 begins=1299000 live=61 peak=67 draining=0 borrowed=56 pending=57 released=179 retired=106 mean_uses=167.5 sum=367.0MiB max=15.5MiB
[LIMINA-ALLOC-STATS] pool=0xae7e4db50 begins=4000 live=1 peak=1 draining=0 borrowed=1 pending=1 released=0 retired=0 mean_uses=0.0 sum=9.8MiB max=9.8MiB
[LIMINA-ALLOC-STATS] pool=0xae3179b50 begins=1299500 live=61 peak=67 draining=0 borrowed=55 pending=56 released=179 retired=106 mean_uses=167.5 sum=367.0MiB max=15.5MiB
[LIMINA-ALLOC-STATS] pool=0xae3179b50 begins=1300000 live=61 peak=67 draining=0 borrowed=56 pending=60 released=179 retired=106 mean_uses=167.5 sum=367.0MiB max=15.5MiB
[LIMINA-ALLOC-STATS] pool=0xae3179b50 begins=1300500 live=61 peak=67 draining=0 borrowed=55 pending=55 released=179 retired=106 mean_uses=167.5 sum=367.0MiB max=15.5MiB
[LIMINA-ALLOC-STATS] pool=0xae7e4db50 begins=4500 live=1 peak=1 draining=0 borrowed=1 pending=0 released=0 retired=0 mean_uses=0.0 sum=9.8MiB max=9.8MiB
[LIMINA-ALLOC-STATS] pool=0xae3179b50 begins=1301000 live=59 peak=67 draining=0 borrowed=54 pending=54 released=181 retired=106 mean_uses=167.5 sum=342.8MiB max=15.5MiB
[LIMINA-ALLOC-STATS] pool=0xae3179b50 begins=1301500 live=59 peak=67 draining=0 borrowed=55 pending=58 released=181 retired=106 mean_uses=167.5 sum=342.8MiB max=15.5MiB
[LIMINA-ALLOC-STATS] pool=0xae3179b50 begins=1302000 live=59 peak=67 draining=0 borrowed=56 pending=58 released=181 retired=106 mean_uses=167.5 sum=342.8MiB max=15.5MiB
[LIMINA-ALLOC-STATS] pool=0xae7e4db50 begins=5000 live=1 peak=1 draining=0 borrowed=1 pending=0 released=0 retired=0 mean_uses=0.0 sum=9.8MiB max=9.8MiB
[LIMINA-ALLOC-STATS] pool=0xae3179b50 begins=1302500 live=59 peak=67 draining=0 borrowed=57 pending=60 released=181 retired=106 mean_uses=167.5 sum=342.8MiB max=15.5MiB
[LIMINA-ALLOC-STATS] pool=0xae3179b50 begins=1303000 live=59 peak=67 draining=0 borrowed=53 pending=52 released=181 retired=106 mean_uses=167.5 sum=342.8MiB max=15.5MiB
[LIMINA-ALLOC-STATS] pool=0xae3179b50 begins=1303500 live=59 peak=67 draining=0 borrowed=57 pending=56 released=181 retired=106 mean_uses=167.5 sum=342.8MiB max=15.5MiB
[LIMINA-ALLOC-STATS] pool=0xae7e4db50 begins=5500 live=1 peak=1 draining=0 borrowed=1 pending=0 released=0 retired=0 mean_uses=0.0 sum=9.8MiB max=9.8MiB
[LIMINA-ALLOC-STATS] pool=0xae3179b50 begins=1304000 live=60 peak=67 draining=0 borrowed=55 pending=55 released=181 retired=106 mean_uses=167.5 sum=345.3MiB max=15.5MiB
[LIMINA-ALLOC-STATS] pool=0xae3179b50 begins=1304500 live=60 peak=67 draining=2 borrowed=57 pending=61 released=181 retired=108 mean_uses=185.3 sum=361.1MiB max=17.5MiB
[LIMINA-ALLOC-STATS] pool=0xae3179b50 begins=1305000 live=66 peak=69 draining=1 borrowed=65 pending=66 released=202 retired=128 mean_uses=2646.4 sum=276.9MiB max=28.1MiB
[LIMINA-ALLOC-STATS] pool=0xae3179b50 begins=1305500 live=66 peak=69 draining=1 borrowed=60 pending=67 released=226 retired=152 mean_uses=2318.4 sum=258.1MiB max=28.0MiB
[LIMINA-ALLOC-STATS] pool=0xae3179b50 begins=1306000 live=65 peak=69 draining=1 borrowed=60 pending=60 released=250 retired=176 mean_uses=2142.3 sum=288.0MiB max=35.4MiB
[LIMINA-ALLOC-STATS] pool=0xae3179b50 begins=1306500 live=63 peak=69 draining=2 borrowed=59 pending=66 released=273 retired=200 mean_uses=2168.6 sum=259.4MiB max=30.6MiB
[LIMINA-ALLOC-STATS] pool=0xae3179b50 begins=1307000 live=64 peak=69 draining=1 borrowed=62 pending=81 released=296 retired=222 mean_uses=1955.7 sum=258.0MiB max=30.5MiB
[LIMINA-ALLOC-STATS] pool=0xae3179b50 begins=1307500 live=63 peak=69 draining=1 borrowed=60 pending=61 released=321 retired=247 mean_uses=1759.9 sum=240.6MiB max=28.1MiB
[LIMINA-ALLOC-STATS] pool=0xae3179b50 begins=1308000 live=64 peak=69 draining=1 borrowed=57 pending=58 released=344 retired=270 mean_uses=1611.7 sum=253.9MiB max=30.6MiB
[LIMINA-ALLOC-STATS] pool=0xae7e4db50 begins=6000 live=1 peak=1 draining=0 borrowed=1 pending=0 released=0 retired=0 mean_uses=0.0 sum=9.8MiB max=9.8MiB
[LIMINA-ALLOC-STATS] pool=0xae3179b50 begins=1308500 live=64 peak=69 draining=2 borrowed=58 pending=70 released=367 retired=294 mean_uses=1482.2 sum=278.4MiB max=33.2MiB
[LIMINA-ALLOC-STATS] pool=0xae3181b50 begins=11500 live=1 peak=1 draining=0 borrowed=1 pending=0 released=0 retired=0 mean_uses=0.0 sum=4.9MiB max=4.9MiB
[LIMINA-ALLOC-STATS] pool=0xae317db50 begins=11500 live=1 peak=1 draining=0 borrowed=1 pending=0 released=0 retired=0 mean_uses=0.0 sum=4.9MiB max=4.9MiB
[LIMINA-ALLOC-STATS] pool=0xae3179b50 begins=1309000 live=67 peak=69 draining=1 borrowed=66 pending=83 released=388 retired=314 mean_uses=1389.1 sum=269.3MiB max=34.8MiB
[LIMINA-ALLOC-STATS] pool=0xae3179b50 begins=1309500 live=64 peak=69 draining=1 borrowed=58 pending=68 released=410 retired=336 mean_uses=1299.4 sum=279.2MiB max=30.3MiB
[LIMINA-ALLOC-STATS] pool=0xae3179b50 begins=1310000 live=63 peak=69 draining=1 borrowed=62 pending=68 released=434 retired=360 mean_uses=1214.3 sum=259.3MiB max=34.8MiB
[LIMINA-ALLOC-STATS] pool=0xae3179b50 begins=1310500 live=64 peak=69 draining=1 borrowed=59 pending=60 released=458 retired=384 mean_uses=1139.8 sum=224.7MiB max=28.1MiB
[LIMINA-ALLOC-STATS] pool=0xae3179b50 begins=1311000 live=60 peak=69 draining=1 borrowed=58 pending=67 released=482 retired=408 mean_uses=1073.9 sum=235.6MiB max=30.5MiB
[LIMINA-ALLOC-STATS] pool=0xae3179b50 begins=1311500 live=65 peak=69 draining=2 borrowed=62 pending=83 released=505 retired=432 mean_uses=1015.3 sum=321.1MiB max=43.6MiB
[LIMINA-ALLOC-STATS] pool=0xae3179b50 begins=1312000 live=65 peak=72 draining=1 borrowed=64 pending=65 released=524 retired=450 mean_uses=975.6 sum=277.6MiB max=41.0MiB
[LIMINA-ALLOC-STATS] pool=0xae3179b50 begins=1312500 live=71 peak=72 draining=1 borrowed=70 pending=97 released=542 retired=468 mean_uses=939.2 sum=298.5MiB max=45.5MiB
[LIMINA-ALLOC-STATS] pool=0xae3179b50 begins=1313000 live=67 peak=74 draining=1 borrowed=58 pending=61 released=561 retired=487 mean_uses=903.6 sum=289.9MiB max=45.4MiB
[LIMINA-ALLOC-STATS] pool=0xae3179b50 begins=1313500 live=66 peak=74 draining=0 borrowed=64 pending=63 released=580 retired=505 mean_uses=872.1 sum=309.9MiB max=41.0MiB
[LIMINA-ALLOC-STATS] pool=0xae3179b50 begins=1314000 live=64 peak=75 draining=1 borrowed=63 pending=63 released=600 retired=526 mean_uses=838.3 sum=297.3MiB max=45.5MiB
[LIMINA-ALLOC-STATS] pool=0xae3179b50 begins=1314500 live=65 peak=75 draining=1 borrowed=64 pending=65 released=618 retired=544 mean_uses=811.2 sum=302.9MiB max=41.0MiB
[LIMINA-ALLOC-STATS] pool=0xae3179b50 begins=1315000 live=65 peak=75 draining=1 borrowed=59 pending=69 released=636 retired=562 mean_uses=786.0 sum=308.8MiB max=43.2MiB
[LIMINA-ALLOC-STATS] pool=0xae3179b50 begins=1315500 live=66 peak=75 draining=1 borrowed=57 pending=60 released=654 retired=580 mean_uses=762.8 sum=283.6MiB max=41.0MiB
[LIMINA-ALLOC-STATS] pool=0xae3179b50 begins=1316000 live=65 peak=75 draining=1 borrowed=56 pending=57 released=673 retired=599 mean_uses=739.6 sum=292.0MiB max=43.3MiB
[LIMINA-ALLOC-STATS] pool=0xae3179b50 begins=1316500 live=64 peak=75 draining=1 borrowed=58 pending=69 released=691 retired=617 mean_uses=718.8 sum=292.9MiB max=41.1MiB
[LIMINA-ALLOC-STATS] pool=0xae3179b50 begins=1317000 live=65 peak=75 draining=1 borrowed=56 pending=62 released=710 retired=636 mean_uses=698.1 sum=270.7MiB max=41.2MiB
[LIMINA-ALLOC-STATS] pool=0xae3179b50 begins=1317500 live=63 peak=75 draining=1 borrowed=54 pending=54 released=729 retired=655 mean_uses=678.6 sum=276.2MiB max=41.1MiB
[LIMINA-ALLOC-STATS] pool=0xae3179b50 begins=1318000 live=65 peak=75 draining=1 borrowed=56 pending=60 released=747 retired=673 mean_uses=661.3 sum=275.3MiB max=45.5MiB
[LIMINA-ALLOC-STATS] pool=0xae3179b50 begins=1318500 live=64 peak=75 draining=1 borrowed=61 pending=71 released=766 retired=692 mean_uses=643.9 sum=285.0MiB max=41.0MiB
[LIMINA-ALLOC-STATS] pool=0xae3179b50 begins=1319000 live=66 peak=75 draining=1 borrowed=58 pending=61 released=785 retired=711 mean_uses=627.1 sum=300.0MiB max=41.0MiB
[LIMINA-ALLOC-STATS] pool=0xae3179b50 begins=1319500 live=66 peak=75 draining=1 borrowed=57 pending=66 released=803 retired=729 mean_uses=612.3 sum=293.8MiB max=41.0MiB
[LIMINA-ALLOC-STATS] pool=0xae3179b50 begins=1320000 live=65 peak=75 draining=1 borrowed=60 pending=60 released=822 retired=748 mean_uses=597.4 sum=292.5MiB max=45.4MiB
[LIMINA-ALLOC-STATS] pool=0xae3179b50 begins=1320500 live=64 peak=75 draining=1 borrowed=63 pending=79 released=840 retired=766 mean_uses=584.1 sum=295.1MiB max=41.0MiB
[LIMINA-ALLOC-STATS] pool=0xae3179b50 begins=1321000 live=67 peak=75 draining=1 borrowed=61 pending=78 released=859 retired=785 mean_uses=570.7 sum=278.8MiB max=41.0MiB
[LIMINA-ALLOC-STATS] pool=0xae7e4db50 begins=6500 live=1 peak=1 draining=0 borrowed=1 pending=0 released=0 retired=0 mean_uses=0.0 sum=9.8MiB max=9.8MiB
[LIMINA-ALLOC-STATS] pool=0xae3179b50 begins=1321500 live=65 peak=75 draining=1 borrowed=64 pending=64 released=878 retired=804 mean_uses=557.7 sum=273.0MiB max=43.3MiB
[LIMINA-ALLOC-STATS] pool=0xae3179b50 begins=1322000 live=63 peak=75 draining=1 borrowed=60 pending=60 released=896 retired=822 mean_uses=546.2 sum=279.4MiB max=43.1MiB
[LIMINA-ALLOC-STATS] pool=0xae3179b50 begins=1322500 live=74 peak=78 draining=1 borrowed=59 pending=69 released=913 retired=839 mean_uses=535.6 sum=333.4MiB max=41.0MiB
[LIMINA-ALLOC-STATS] pool=0xae3179b50 begins=1323000 live=64 peak=78 draining=1 borrowed=62 pending=77 released=930 retired=856 mean_uses=525.6 sum=290.4MiB max=43.3MiB
[LIMINA-ALLOC-STATS] pool=0xae3179b50 begins=1323500 live=65 peak=78 draining=1 borrowed=61 pending=72 released=948 retired=874 mean_uses=515.4 sum=288.1MiB max=43.3MiB
[LIMINA-ALLOC-STATS] pool=0xae3179b50 begins=1324000 live=65 peak=78 draining=0 borrowed=64 pending=63 released=967 retired=892 mean_uses=505.5 sum=291.8MiB max=41.0MiB
[LIMINA-ALLOC-STATS] pool=0xae3179b50 begins=1324500 live=64 peak=78 draining=1 borrowed=63 pending=63 released=985 retired=911 mean_uses=495.5 sum=309.8MiB max=41.0MiB
[LIMINA-ALLOC-STATS] pool=0xae3179b50 begins=1325000 live=65 peak=78 draining=1 borrowed=64 pending=65 released=1003 retired=929 mean_uses=486.6 sum=286.9MiB max=41.2MiB
[LIMINA-ALLOC-STATS] pool=0xae3179b50 begins=1325500 live=63 peak=78 draining=0 borrowed=56 pending=55 released=1011 retired=936 mean_uses=483.1 sum=259.1MiB max=14.8MiB
[LIMINA-ALLOC-STATS] pool=0xae3179b50 begins=1326000 live=63 peak=78 draining=0 borrowed=58 pending=57 released=1011 retired=936 mean_uses=483.1 sum=266.8MiB max=14.8MiB
[LIMINA-ALLOC-STATS] pool=0xae3179b50 begins=1326500 live=63 peak=78 draining=0 borrowed=58 pending=58 released=1011 retired=936 mean_uses=483.1 sum=269.8MiB max=14.8MiB
[LIMINA-ALLOC-STATS] pool=0xae7e4db50 begins=7000 live=1 peak=1 draining=0 borrowed=1 pending=0 released=0 retired=0 mean_uses=0.0 sum=9.8MiB max=9.8MiB
[LIMINA-ALLOC-STATS] pool=0xae3179b50 begins=1327000 live=63 peak=78 draining=0 borrowed=55 pending=55 released=1011 retired=936 mean_uses=483.1 sum=274.0MiB max=14.8MiB
[LIMINA-ALLOC-STATS] pool=0xae3179b50 begins=1327500 live=63 peak=78 draining=0 borrowed=57 pending=57 released=1011 retired=936 mean_uses=483.1 sum=274.3MiB max=14.8MiB
[LIMINA-ALLOC-STATS] pool=0xae3179b50 begins=1328000 live=63 peak=78 draining=0 borrowed=58 pending=57 released=1011 retired=936 mean_uses=483.1 sum=279.5MiB max=14.8MiB
[LIMINA-ALLOC-STATS] pool=0xae3179b50 begins=1328500 live=63 peak=78 draining=0 borrowed=57 pending=56 released=1011 retired=936 mean_uses=483.1 sum=281.6MiB max=14.8MiB
[LIMINA-ALLOC-STATS] pool=0xae7e4db50 begins=7500 live=1 peak=1 draining=0 borrowed=1 pending=0 released=0 retired=0 mean_uses=0.0 sum=9.8MiB max=9.8MiB
[LIMINA-ALLOC-STATS] pool=0xae3179b50 begins=1329000 live=63 peak=78 draining=0 borrowed=60 pending=60 released=1011 retired=936 mean_uses=483.1 sum=281.8MiB max=14.8MiB
[LIMINA-ALLOC-STATS] pool=0xae3179b50 begins=1329500 live=63 peak=78 draining=0 borrowed=56 pending=57 released=1011 retired=936 mean_uses=483.1 sum=285.8MiB max=14.8MiB
[LIMINA-ALLOC-STATS] pool=0xae3181b50 begins=12000 live=1 peak=1 draining=0 borrowed=1 pending=0 released=0 retired=0 mean_uses=0.0 sum=4.9MiB max=4.9MiB
[LIMINA-ALLOC-STATS] pool=0xae3179b50 begins=1330000 live=63 peak=78 draining=0 borrowed=55 pending=54 released=1011 retired=936 mean_uses=483.1 sum=285.9MiB max=14.8MiB
[LIMINA-ALLOC-STATS] pool=0xae317db50 begins=12000 live=1 peak=1 draining=0 borrowed=1 pending=0 released=0 retired=0 mean_uses=0.0 sum=4.9MiB max=4.9MiB
[LIMINA-ALLOC-STATS] pool=0xae3179b50 begins=1330500 live=63 peak=78 draining=0 borrowed=57 pending=57 released=1011 retired=936 mean_uses=483.1 sum=288.1MiB max=14.8MiB
[LIMINA-ALLOC-STATS] pool=0xae7e4db50 begins=8000 live=1 peak=1 draining=0 borrowed=1 pending=0 released=0 retired=0 mean_uses=0.0 sum=9.8MiB max=9.8MiB
[LIMINA-ALLOC-STATS] pool=0xae3179b50 begins=1331000 live=63 peak=78 draining=0 borrowed=57 pending=56 released=1011 retired=936 mean_uses=483.1 sum=288.3MiB max=14.8MiB
[LIMINA-ALLOC-STATS] pool=0xae3179b50 begins=1331500 live=63 peak=78 draining=0 borrowed=56 pending=56 released=1011 retired=936 mean_uses=483.1 sum=288.3MiB max=14.8MiB
[LIMINA-ALLOC-STATS] pool=0xae3179b50 begins=1332000 live=63 peak=78 draining=0 borrowed=58 pending=58 released=1011 retired=936 mean_uses=483.1 sum=288.3MiB max=14.8MiB
[LIMINA-ALLOC-STATS] pool=0xae3179b50 begins=1332500 live=63 peak=78 draining=0 borrowed=56 pending=56 released=1011 retired=936 mean_uses=483.1 sum=288.4MiB max=14.8MiB
[LIMINA-ALLOC-STATS] pool=0xae3179b50 begins=1333000 live=63 peak=78 draining=0 borrowed=56 pending=55 released=1011 retired=936 mean_uses=483.1 sum=288.6MiB max=14.8MiB
[LIMINA-ALLOC-POOL] teardown: pool=0xae7e4db50 live=1 peak=1 released=0 ceiling-waits=0 ceiling-fails=0
[2026-10-07T14:27:35.015677Z INFO  krun_devices::virtio::gpu::virtio_gpu] CTX_CREATE ctx=10 init=0x4 name=Some("vkmark\0\0\0\0\0\0\0\0\0\0\0\0\0\0\0\0\0\0\0\0\0\0\0\0\0\0\0\0\0\0\0\0\0\0\0\0\0\0\0\0\0\0\0\0\0\0\0\0\0\0\0\0\0\0\0\0\0\0")
[LIMINA-ALLOC-STATS] pool=0xae3179b50 begins=1333500 live=62 peak=78 draining=0 borrowed=60 pending=63 released=1012 retired=937 mean_uses=483.0 sum=284.7MiB max=14.8MiB
[LIMINA-ALLOC-STATS] pool=0xae3179b50 begins=1334000 live=62 peak=78 draining=0 borrowed=59 pending=63 released=1012 retired=937 mean_uses=483.0 sum=306.5MiB max=15.1MiB
[LIMINA-ALLOC-STATS] pool=0xae3179b50 begins=1334500 live=62 peak=78 draining=0 borrowed=56 pending=57 released=1012 retired=937 mean_uses=483.0 sum=319.3MiB max=15.1MiB
[LIMINA-ALLOC-STATS] pool=0xae3179b50 begins=1335000 live=62 peak=78 draining=0 borrowed=60 pending=61 released=1012 retired=937 mean_uses=483.0 sum=320.0MiB max=15.1MiB
[LIMINA-ALLOC-STATS] pool=0xae7e4db50 begins=500 live=1 peak=1 draining=0 borrowed=1 pending=0 released=0 retired=0 mean_uses=0.0 sum=9.8MiB max=9.8MiB
[LIMINA-ALLOC-STATS] pool=0xae3179b50 begins=1335500 live=62 peak=78 draining=0 borrowed=57 pending=57 released=1012 retired=937 mean_uses=483.0 sum=320.2MiB max=15.1MiB
[LIMINA-ALLOC-STATS] pool=0xae3179b50 begins=1336000 live=62 peak=78 draining=0 borrowed=57 pending=60 released=1012 retired=937 mean_uses=483.0 sum=320.4MiB max=15.3MiB
[LIMINA-ALLOC-STATS] pool=0xae3179b50 begins=1336500 live=62 peak=78 draining=0 borrowed=58 pending=58 released=1012 retired=937 mean_uses=483.0 sum=322.6MiB max=15.4MiB
[LIMINA-ALLOC-STATS] pool=0xae3179b50 begins=1337000 live=62 peak=78 draining=0 borrowed=56 pending=56 released=1012 retired=937 mean_uses=483.0 sum=325.0MiB max=15.6MiB
[LIMINA-ALLOC-STATS] pool=0xae3179b50 begins=1337500 live=62 peak=78 draining=0 borrowed=55 pending=54 released=1012 retired=937 mean_uses=483.0 sum=325.0MiB max=15.6MiB
[LIMINA-ALLOC-STATS] pool=0xae7e4db50 begins=1000 live=1 peak=1 draining=0 borrowed=1 pending=0 released=0 retired=0 mean_uses=0.0 sum=9.8MiB max=9.8MiB
[LIMINA-ALLOC-STATS] pool=0xae3179b50 begins=1338000 live=62 peak=78 draining=0 borrowed=58 pending=58 released=1012 retired=937 mean_uses=483.0 sum=325.0MiB max=15.6MiB
[LIMINA-ALLOC-STATS] pool=0xae3179b50 begins=1338500 live=62 peak=78 draining=0 borrowed=58 pending=57 released=1012 retired=937 mean_uses=483.0 sum=325.1MiB max=15.6MiB
[LIMINA-ALLOC-STATS] pool=0xae3179b50 begins=1339000 live=62 peak=78 draining=0 borrowed=55 pending=55 released=1012 retired=937 mean_uses=483.0 sum=325.2MiB max=15.6MiB
[LIMINA-ALLOC-STATS] pool=0xae3179b50 begins=1339500 live=62 peak=78 draining=0 borrowed=57 pending=57 released=1012 retired=937 mean_uses=483.0 sum=325.4MiB max=15.6MiB
[LIMINA-ALLOC-STATS] pool=0xae7e4db50 begins=1500 live=1 peak=1 draining=0 borrowed=1 pending=1 released=0 retired=0 mean_uses=0.0 sum=9.8MiB max=9.8MiB
[LIMINA-ALLOC-STATS] pool=0xae3179b50 begins=1340000 live=62 peak=78 draining=0 borrowed=56 pending=56 released=1012 retired=937 mean_uses=483.0 sum=325.5MiB max=15.6MiB
[LIMINA-ALLOC-STATS] pool=0xae3179b50 begins=1340500 live=62 peak=78 draining=0 borrowed=55 pending=55 released=1012 retired=937 mean_uses=483.0 sum=325.5MiB max=15.6MiB
[LIMINA-ALLOC-STATS] pool=0xae3179b50 begins=1341000 live=62 peak=78 draining=0 borrowed=59 pending=58 released=1012 retired=937 mean_uses=483.0 sum=325.7MiB max=15.6MiB
[LIMINA-ALLOC-STATS] pool=0xae3179b50 begins=1341500 live=62 peak=78 draining=0 borrowed=58 pending=58 released=1012 retired=937 mean_uses=483.0 sum=325.8MiB max=15.6MiB
[LIMINA-ALLOC-STATS] pool=0xae7e4db50 begins=2000 live=1 peak=1 draining=0 borrowed=1 pending=0 released=0 retired=0 mean_uses=0.0 sum=9.8MiB max=9.8MiB
[LIMINA-ALLOC-STATS] pool=0xae3179b50 begins=1342000 live=62 peak=78 draining=0 borrowed=55 pending=55 released=1012 retired=937 mean_uses=483.0 sum=325.8MiB max=15.6MiB
[LIMINA-ALLOC-STATS] pool=0xae3179b50 begins=1342500 live=62 peak=78 draining=0 borrowed=59 pending=59 released=1012 retired=937 mean_uses=483.0 sum=325.8MiB max=15.6MiB
[LIMINA-ALLOC-STATS] pool=0xae3179b50 begins=1343000 live=62 peak=78 draining=0 borrowed=56 pending=58 released=1012 retired=937 mean_uses=483.0 sum=325.8MiB max=15.6MiB
[LIMINA-ALLOC-STATS] pool=0xae3179b50 begins=1343500 live=62 peak=78 draining=0 borrowed=57 pending=56 released=1012 retired=937 mean_uses=483.0 sum=327.1MiB max=15.6MiB
[LIMINA-ALLOC-STATS] pool=0xae3179b50 begins=1344000 live=62 peak=78 draining=0 borrowed=58 pending=59 released=1012 retired=937 mean_uses=483.0 sum=327.1MiB max=15.6MiB
[LIMINA-ALLOC-STATS] pool=0xae7e4db50 begins=2500 live=1 peak=1 draining=0 borrowed=1 pending=0 released=0 retired=0 mean_uses=0.0 sum=9.8MiB max=9.8MiB
[LIMINA-ALLOC-STATS] pool=0xae3179b50 begins=1344500 live=62 peak=78 draining=0 borrowed=57 pending=58 released=1012 retired=937 mean_uses=483.0 sum=327.1MiB max=15.6MiB
[LIMINA-ALLOC-STATS] pool=0xae3179b50 begins=1345000 live=62 peak=78 draining=0 borrowed=57 pending=56 released=1012 retired=937 mean_uses=483.0 sum=327.1MiB max=15.6MiB
[LIMINA-ALLOC-STATS] pool=0xae3179b50 begins=1345500 live=62 peak=78 draining=0 borrowed=57 pending=57 released=1012 retired=937 mean_uses=483.0 sum=327.2MiB max=15.6MiB
[LIMINA-ALLOC-STATS] pool=0xae3179b50 begins=1346000 live=62 peak=78 draining=0 borrowed=57 pending=57 released=1012 retired=937 mean_uses=483.0 sum=327.2MiB max=15.6MiB
[LIMINA-ALLOC-STATS] pool=0xae7e4db50 begins=3000 live=1 peak=1 draining=0 borrowed=1 pending=0 released=0 retired=0 mean_uses=0.0 sum=9.8MiB max=9.8MiB
[LIMINA-ALLOC-STATS] pool=0xae3179b50 begins=1346500 live=62 peak=78 draining=0 borrowed=56 pending=55 released=1012 retired=937 mean_uses=483.0 sum=327.2MiB max=15.6MiB
[LIMINA-ALLOC-STATS] pool=0xae3179b50 begins=1347000 live=62 peak=78 draining=0 borrowed=58 pending=57 released=1012 retired=937 mean_uses=483.0 sum=327.2MiB max=15.6MiB
[LIMINA-ALLOC-STATS] pool=0xae3179b50 begins=1347500 live=62 peak=78 draining=0 borrowed=56 pending=55 released=1012 retired=937 mean_uses=483.0 sum=327.2MiB max=15.6MiB
[LIMINA-ALLOC-STATS] pool=0xae3179b50 begins=1348000 live=62 peak=78 draining=0 borrowed=57 pending=56 released=1012 retired=937 mean_uses=483.0 sum=327.2MiB max=15.6MiB
[LIMINA-ALLOC-STATS] pool=0xae7e4db50 begins=3500 live=1 peak=1 draining=0 borrowed=1 pending=0 released=0 retired=0 mean_uses=0.0 sum=9.8MiB max=9.8MiB
[LIMINA-ALLOC-STATS] pool=0xae3179b50 begins=1348500 live=62 peak=78 draining=0 borrowed=57 pending=57 released=1012 retired=937 mean_uses=483.0 sum=327.2MiB max=15.6MiB
[LIMINA-ALLOC-STATS] pool=0xae3179b50 begins=1349000 live=61 peak=78 draining=0 borrowed=56 pending=57 released=1013 retired=937 mean_uses=483.0 sum=319.5MiB max=15.6MiB
[LIMINA-ALLOC-STATS] pool=0xae3179b50 begins=1349500 live=61 peak=78 draining=0 borrowed=55 pending=59 released=1013 retired=937 mean_uses=483.0 sum=319.7MiB max=15.6MiB
[LIMINA-ALLOC-STATS] pool=0xae3179b50 begins=1350000 live=61 peak=78 draining=0 borrowed=57 pending=58 released=1013 retired=937 mean_uses=483.0 sum=319.7MiB max=15.6MiB
[LIMINA-ALLOC-STATS] pool=0xae3179b50 begins=1350500 live=61 peak=78 draining=0 borrowed=57 pending=57 released=1013 retired=937 mean_uses=483.0 sum=320.1MiB max=15.6MiB
[LIMINA-ALLOC-STATS] pool=0xae7e4db50 begins=4000 live=1 peak=1 draining=0 borrowed=1 pending=1 released=0 retired=0 mean_uses=0.0 sum=9.8MiB max=9.8MiB
[LIMINA-ALLOC-STATS] pool=0xae3179b50 begins=1351000 live=62 peak=78 draining=0 borrowed=58 pending=58 released=1013 retired=937 mean_uses=483.0 sum=323.1MiB max=15.6MiB
[LIMINA-ALLOC-STATS] pool=0xae3179b50 begins=1351500 live=62 peak=78 draining=0 borrowed=58 pending=58 released=1013 retired=937 mean_uses=483.0 sum=325.6MiB max=15.6MiB
[LIMINA-ALLOC-STATS] pool=0xae3179b50 begins=1352000 live=62 peak=78 draining=0 borrowed=59 pending=59 released=1013 retired=937 mean_uses=483.0 sum=325.7MiB max=15.6MiB
[LIMINA-ALLOC-STATS] pool=0xae3179b50 begins=1352500 live=62 peak=78 draining=0 borrowed=57 pending=56 released=1013 retired=937 mean_uses=483.0 sum=325.8MiB max=15.6MiB
[LIMINA-ALLOC-STATS] pool=0xae7e4db50 begins=4500 live=1 peak=1 draining=0 borrowed=1 pending=0 released=0 retired=0 mean_uses=0.0 sum=9.8MiB max=9.8MiB
[LIMINA-ALLOC-STATS] pool=0xae3179b50 begins=1353000 live=62 peak=78 draining=0 borrowed=57 pending=57 released=1013 retired=937 mean_uses=483.0 sum=325.8MiB max=15.6MiB
[LIMINA-ALLOC-STATS] pool=0xae3179b50 begins=1353500 live=62 peak=78 draining=0 borrowed=56 pending=56 released=1013 retired=937 mean_uses=483.0 sum=325.8MiB max=15.6MiB
[LIMINA-ALLOC-STATS] pool=0xae3179b50 begins=1354000 live=62 peak=78 draining=0 borrowed=55 pending=55 released=1013 retired=937 mean_uses=483.0 sum=325.8MiB max=15.6MiB
[LIMINA-ALLOC-STATS] pool=0xae3179b50 begins=1354500 live=62 peak=78 draining=0 borrowed=58 pending=57 released=1013 retired=937 mean_uses=483.0 sum=325.8MiB max=15.6MiB
[LIMINA-ALLOC-STATS] pool=0xae7e4db50 begins=5000 live=1 peak=1 draining=0 borrowed=1 pending=0 released=0 retired=0 mean_uses=0.0 sum=9.8MiB max=9.8MiB
[LIMINA-ALLOC-STATS] pool=0xae3179b50 begins=1355000 live=62 peak=78 draining=0 borrowed=56 pending=56 released=1013 retired=937 mean_uses=483.0 sum=325.8MiB max=15.6MiB
[LIMINA-ALLOC-STATS] pool=0xae3179b50 begins=1355500 live=62 peak=78 draining=0 borrowed=55 pending=54 released=1013 retired=937 mean_uses=483.0 sum=325.8MiB max=15.6MiB
[LIMINA-ALLOC-STATS] pool=0xae3179b50 begins=1356000 live=62 peak=78 draining=0 borrowed=57 pending=57 released=1013 retired=937 mean_uses=483.0 sum=325.8MiB max=15.6MiB
[LIMINA-ALLOC-STATS] pool=0xae3179b50 begins=1356500 live=62 peak=78 draining=0 borrowed=56 pending=56 released=1013 retired=937 mean_uses=483.0 sum=325.8MiB max=15.6MiB
[LIMINA-ALLOC-STATS] pool=0xae3179b50 begins=1357000 live=62 peak=78 draining=0 borrowed=57 pending=57 released=1013 retired=937 mean_uses=483.0 sum=325.8MiB max=15.6MiB
[LIMINA-ALLOC-STATS] pool=0xae7e4db50 begins=5500 live=1 peak=1 draining=0 borrowed=1 pending=1 released=0 retired=0 mean_uses=0.0 sum=9.8MiB max=9.8MiB
[LIMINA-ALLOC-STATS] pool=0xae3179b50 begins=1357500 live=62 peak=78 draining=0 borrowed=54 pending=56 released=1013 retired=937 mean_uses=483.0 sum=325.8MiB max=15.6MiB
[LIMINA-ALLOC-STATS] pool=0xae3179b50 begins=1358000 live=62 peak=78 draining=0 borrowed=56 pending=57 released=1013 retired=937 mean_uses=483.0 sum=325.8MiB max=15.6MiB
[LIMINA-ALLOC-STATS] pool=0xae3179b50 begins=1358500 live=62 peak=78 draining=0 borrowed=54 pending=54 released=1013 retired=937 mean_uses=483.0 sum=325.8MiB max=15.6MiB
[LIMINA-ALLOC-STATS] pool=0xae3179b50 begins=1359000 live=62 peak=78 draining=0 borrowed=59 pending=58 released=1013 retired=937 mean_uses=483.0 sum=325.8MiB max=15.6MiB
[LIMINA-ALLOC-STATS] pool=0xae7e4db50 begins=6000 live=1 peak=1 draining=0 borrowed=1 pending=0 released=0 retired=0 mean_uses=0.0 sum=9.8MiB max=9.8MiB
[LIMINA-ALLOC-STATS] pool=0xae3179b50 begins=1359500 live=62 peak=78 draining=0 borrowed=56 pending=56 released=1013 retired=937 mean_uses=483.0 sum=325.8MiB max=15.6MiB
[LIMINA-ALLOC-STATS] pool=0xae3179b50 begins=1360000 live=62 peak=78 draining=0 borrowed=55 pending=55 released=1013 retired=937 mean_uses=483.0 sum=325.8MiB max=15.6MiB
[LIMINA-ALLOC-STATS] pool=0xae3179b50 begins=1360500 live=62 peak=78 draining=0 borrowed=60 pending=62 released=1013 retired=937 mean_uses=483.0 sum=325.8MiB max=15.6MiB
[LIMINA-ALLOC-STATS] pool=0xae3179b50 begins=1361000 live=62 peak=78 draining=0 borrowed=56 pending=56 released=1013 retired=937 mean_uses=483.0 sum=325.8MiB max=15.6MiB
[LIMINA-ALLOC-STATS] pool=0xae3179b50 begins=1361500 live=62 peak=78 draining=0 borrowed=56 pending=55 released=1013 retired=937 mean_uses=483.0 sum=325.8MiB max=15.6MiB
[LIMINA-ALLOC-STATS] pool=0xae7e4db50 begins=6500 live=1 peak=1 draining=0 borrowed=1 pending=0 released=0 retired=0 mean_uses=0.0 sum=9.8MiB max=9.8MiB
[LIMINA-ALLOC-STATS] pool=0xae3179b50 begins=1362000 live=62 peak=78 draining=0 borrowed=59 pending=62 released=1013 retired=937 mean_uses=483.0 sum=325.8MiB max=15.6MiB
[LIMINA-ALLOC-STATS] pool=0xae3179b50 begins=1362500 live=62 peak=78 draining=0 borrowed=57 pending=57 released=1013 retired=937 mean_uses=483.0 sum=325.8MiB max=15.6MiB
[LIMINA-ALLOC-STATS] pool=0xae3179b50 begins=1363000 live=62 peak=78 draining=0 borrowed=58 pending=57 released=1013 retired=937 mean_uses=483.0 sum=325.8MiB max=15.6MiB
[LIMINA-ALLOC-STATS] pool=0xae3179b50 begins=1363500 live=62 peak=78 draining=0 borrowed=58 pending=57 released=1013 retired=937 mean_uses=483.0 sum=326.0MiB max=15.6MiB
[LIMINA-ALLOC-STATS] pool=0xae7e4db50 begins=7000 live=1 peak=1 draining=0 borrowed=1 pending=1 released=0 retired=0 mean_uses=0.0 sum=9.8MiB max=9.8MiB
[LIMINA-ALLOC-STATS] pool=0xae3179b50 begins=1364000 live=62 peak=78 draining=0 borrowed=56 pending=56 released=1013 retired=937 mean_uses=483.0 sum=326.1MiB max=15.6MiB
[LIMINA-ALLOC-STATS] pool=0xae3179b50 begins=1364500 live=61 peak=78 draining=0 borrowed=54 pending=53 released=1014 retired=937 mean_uses=483.0 sum=315.5MiB max=15.6MiB
[LIMINA-ALLOC-STATS] pool=0xae3179b50 begins=1365000 live=61 peak=78 draining=0 borrowed=55 pending=57 released=1014 retired=937 mean_uses=483.0 sum=315.5MiB max=15.6MiB
[LIMINA-ALLOC-STATS] pool=0xae3179b50 begins=1365500 live=61 peak=78 draining=0 borrowed=58 pending=57 released=1014 retired=937 mean_uses=483.0 sum=315.5MiB max=15.6MiB
[LIMINA-ALLOC-STATS] pool=0xae7e4db50 begins=7500 live=1 peak=1 draining=0 borrowed=1 pending=0 released=0 retired=0 mean_uses=0.0 sum=9.8MiB max=9.8MiB
[LIMINA-ALLOC-STATS] pool=0xae3179b50 begins=1366000 live=61 peak=78 draining=0 borrowed=57 pending=59 released=1014 retired=937 mean_uses=483.0 sum=315.8MiB max=15.6MiB
[LIMINA-ALLOC-STATS] pool=0xae3179b50 begins=1366500 live=61 peak=78 draining=0 borrowed=59 pending=58 released=1014 retired=937 mean_uses=483.0 sum=316.6MiB max=15.6MiB
[LIMINA-ALLOC-STATS] pool=0xae3179b50 begins=1367000 live=62 peak=78 draining=0 borrowed=56 pending=60 released=1014 retired=937 mean_uses=483.0 sum=316.7MiB max=15.6MiB
[LIMINA-ALLOC-STATS] pool=0xae3179b50 begins=1367500 live=62 peak=78 draining=0 borrowed=55 pending=54 released=1014 retired=937 mean_uses=483.0 sum=319.5MiB max=15.6MiB
[LIMINA-ALLOC-STATS] pool=0xae3179b50 begins=1368000 live=62 peak=78 draining=0 borrowed=57 pending=57 released=1014 retired=937 mean_uses=483.0 sum=319.6MiB max=15.6MiB
[LIMINA-ALLOC-STATS] pool=0xae7e4db50 begins=8000 live=1 peak=1 draining=0 borrowed=1 pending=0 released=0 retired=0 mean_uses=0.0 sum=9.8MiB max=9.8MiB
[LIMINA-ALLOC-STATS] pool=0xae3179b50 begins=1368500 live=62 peak=78 draining=0 borrowed=57 pending=58 released=1014 retired=937 mean_uses=483.0 sum=320.0MiB max=15.6MiB
[LIMINA-ALLOC-STATS] pool=0xae3179b50 begins=1369000 live=62 peak=78 draining=0 borrowed=55 pending=55 released=1014 retired=937 mean_uses=483.0 sum=320.0MiB max=15.6MiB
[LIMINA-ALLOC-STATS] pool=0xae3179b50 begins=1369500 live=62 peak=78 draining=0 borrowed=57 pending=57 released=1014 retired=937 mean_uses=483.0 sum=320.0MiB max=15.6MiB
[LIMINA-ALLOC-STATS] pool=0xae3179b50 begins=1370000 live=62 peak=78 draining=0 borrowed=58 pending=57 released=1014 retired=937 mean_uses=483.0 sum=320.0MiB max=15.6MiB
[LIMINA-ALLOC-STATS] pool=0xae7e4db50 begins=8500 live=1 peak=1 draining=0 borrowed=1 pending=0 released=0 retired=0 mean_uses=0.0 sum=9.8MiB max=9.8MiB
[LIMINA-ALLOC-STATS] pool=0xae3179b50 begins=1370500 live=62 peak=78 draining=0 borrowed=54 pending=53 released=1014 retired=937 mean_uses=483.0 sum=320.0MiB max=15.6MiB
[LIMINA-ALLOC-STATS] pool=0xae3179b50 begins=1371000 live=62 peak=78 draining=0 borrowed=59 pending=58 released=1014 retired=937 mean_uses=483.0 sum=322.2MiB max=15.6MiB
[LIMINA-ALLOC-STATS] pool=0xae3179b50 begins=1371500 live=62 peak=78 draining=0 borrowed=57 pending=57 released=1014 retired=937 mean_uses=483.0 sum=322.2MiB max=15.6MiB
[LIMINA-ALLOC-STATS] pool=0xae3179b50 begins=1372000 live=62 peak=78 draining=0 borrowed=56 pending=56 released=1014 retired=937 mean_uses=483.0 sum=322.2MiB max=15.6MiB
[LIMINA-ALLOC-STATS] pool=0xae7e4db50 begins=9000 live=1 peak=1 draining=0 borrowed=1 pending=1 released=0 retired=0 mean_uses=0.0 sum=9.8MiB max=9.8MiB
[LIMINA-ALLOC-STATS] pool=0xae3179b50 begins=1372500 live=62 peak=78 draining=0 borrowed=57 pending=56 released=1014 retired=937 mean_uses=483.0 sum=324.3MiB max=15.6MiB
[LIMINA-ALLOC-STATS] pool=0xae3179b50 begins=1373000 live=62 peak=78 draining=0 borrowed=57 pending=60 released=1014 retired=937 mean_uses=483.0 sum=324.3MiB max=15.6MiB
[LIMINA-ALLOC-STATS] pool=0xae3179b50 begins=1373500 live=62 peak=78 draining=0 borrowed=56 pending=59 released=1014 retired=937 mean_uses=483.0 sum=324.3MiB max=15.6MiB
[LIMINA-ALLOC-STATS] pool=0xae3179b50 begins=1374000 live=62 peak=78 draining=0 borrowed=59 pending=58 released=1014 retired=937 mean_uses=483.0 sum=324.3MiB max=15.6MiB
[LIMINA-ALLOC-STATS] pool=0xae3179b50 begins=1374500 live=62 peak=78 draining=0 borrowed=56 pending=56 released=1014 retired=937 mean_uses=483.0 sum=324.3MiB max=15.6MiB
[LIMINA-ALLOC-STATS] pool=0xae7e4db50 begins=9500 live=1 peak=1 draining=0 borrowed=1 pending=0 released=0 retired=0 mean_uses=0.0 sum=9.8MiB max=9.8MiB
[LIMINA-ALLOC-STATS] pool=0xae3179b50 begins=1375000 live=62 peak=78 draining=0 borrowed=56 pending=55 released=1014 retired=937 mean_uses=483.0 sum=324.3MiB max=15.6MiB
[LIMINA-ALLOC-STATS] pool=0xae3179b50 begins=1375500 live=62 peak=78 draining=0 borrowed=58 pending=59 released=1014 retired=937 mean_uses=483.0 sum=324.3MiB max=15.6MiB
[LIMINA-ALLOC-STATS] pool=0xae3179b50 begins=1376000 live=62 peak=78 draining=0 borrowed=57 pending=57 released=1014 retired=937 mean_uses=483.0 sum=324.3MiB max=15.6MiB
[LIMINA-ALLOC-STATS] pool=0xae3179b50 begins=1376500 live=62 peak=78 draining=0 borrowed=56 pending=55 released=1014 retired=937 mean_uses=483.0 sum=324.3MiB max=15.6MiB
[LIMINA-ALLOC-STATS] pool=0xae7e4db50 begins=10000 live=1 peak=1 draining=0 borrowed=1 pending=0 released=0 retired=0 mean_uses=0.0 sum=9.8MiB max=9.8MiB
[LIMINA-ALLOC-STATS] pool=0xae3179b50 begins=1377000 live=62 peak=78 draining=0 borrowed=58 pending=57 released=1014 retired=937 mean_uses=483.0 sum=324.3MiB max=15.6MiB
[LIMINA-ALLOC-STATS] pool=0xae3179b50 begins=1377500 live=62 peak=78 draining=0 borrowed=55 pending=55 released=1014 retired=937 mean_uses=483.0 sum=324.3MiB max=15.6MiB
[LIMINA-ALLOC-STATS] pool=0xae3179b50 begins=1378000 live=62 peak=78 draining=0 borrowed=56 pending=56 released=1014 retired=937 mean_uses=483.0 sum=324.3MiB max=15.6MiB
[LIMINA-ALLOC-STATS] pool=0xae3179b50 begins=1378500 live=62 peak=78 draining=0 borrowed=59 pending=58 released=1014 retired=937 mean_uses=483.0 sum=324.3MiB max=15.6MiB
[LIMINA-ALLOC-STATS] pool=0xae7e4db50 begins=10500 live=1 peak=1 draining=0 borrowed=1 pending=0 released=0 retired=0 mean_uses=0.0 sum=9.8MiB max=9.8MiB
[LIMINA-ALLOC-STATS] pool=0xae3179b50 begins=1379000 live=62 peak=78 draining=0 borrowed=57 pending=56 released=1014 retired=937 mean_uses=483.0 sum=324.3MiB max=15.6MiB
[LIMINA-ALLOC-STATS] pool=0xae3179b50 begins=1379500 live=62 peak=78 draining=0 borrowed=55 pending=56 released=1014 retired=937 mean_uses=483.0 sum=324.3MiB max=15.6MiB
[LIMINA-ALLOC-STATS] pool=0xae3179b50 begins=1380000 live=62 peak=78 draining=0 borrowed=58 pending=57 released=1014 retired=937 mean_uses=483.0 sum=324.3MiB max=15.6MiB
[LIMINA-ALLOC-STATS] pool=0xae3179b50 begins=1380500 live=62 peak=78 draining=0 borrowed=57 pending=57 released=1014 retired=937 mean_uses=483.0 sum=324.3MiB max=15.6MiB
[LIMINA-ALLOC-STATS] pool=0xae3179b50 begins=1381000 live=61 peak=78 draining=0 borrowed=56 pending=57 released=1015 retired=937 mean_uses=483.0 sum=316.6MiB max=15.6MiB
[LIMINA-ALLOC-STATS] pool=0xae7e4db50 begins=11000 live=1 peak=1 draining=0 borrowed=1 pending=0 released=0 retired=0 mean_uses=0.0 sum=9.8MiB max=9.8MiB
[LIMINA-ALLOC-STATS] pool=0xae3179b50 begins=1381500 live=61 peak=78 draining=0 borrowed=59 pending=58 released=1015 retired=937 mean_uses=483.0 sum=316.6MiB max=15.6MiB
[LIMINA-ALLOC-STATS] pool=0xae3179b50 begins=1382000 live=62 peak=78 draining=0 borrowed=59 pending=63 released=1015 retired=937 mean_uses=483.0 sum=320.2MiB max=15.6MiB
[LIMINA-ALLOC-STATS] pool=0xae3179b50 begins=1382500 live=62 peak=78 draining=0 borrowed=57 pending=59 released=1015 retired=937 mean_uses=483.0 sum=322.4MiB max=15.6MiB
[LIMINA-ALLOC-STATS] pool=0xae3179b50 begins=1383000 live=62 peak=78 draining=0 borrowed=58 pending=57 released=1015 retired=937 mean_uses=483.0 sum=322.5MiB max=15.6MiB
[LIMINA-ALLOC-STATS] pool=0xae7e4db50 begins=11500 live=1 peak=1 draining=0 borrowed=1 pending=0 released=0 retired=0 mean_uses=0.0 sum=9.8MiB max=9.8MiB
[LIMINA-ALLOC-STATS] pool=0xae3179b50 begins=1383500 live=62 peak=78 draining=0 borrowed=58 pending=58 released=1015 retired=937 mean_uses=483.0 sum=323.3MiB max=15.6MiB
[LIMINA-ALLOC-STATS] pool=0xae3179b50 begins=1384000 live=62 peak=78 draining=0 borrowed=56 pending=55 released=1015 retired=937 mean_uses=483.0 sum=323.6MiB max=15.6MiB
[LIMINA-ALLOC-STATS] pool=0xae3179b50 begins=1384500 live=62 peak=78 draining=0 borrowed=58 pending=57 released=1015 retired=937 mean_uses=483.0 sum=323.6MiB max=15.6MiB
[LIMINA-ALLOC-STATS] pool=0xae3179b50 begins=1385000 live=62 peak=78 draining=0 borrowed=57 pending=57 released=1015 retired=937 mean_uses=483.0 sum=323.8MiB max=15.6MiB
[LIMINA-ALLOC-STATS] pool=0xae7e4db50 begins=12000 live=1 peak=1 draining=0 borrowed=1 pending=0 released=0 retired=0 mean_uses=0.0 sum=9.8MiB max=9.8MiB
[LIMINA-ALLOC-STATS] pool=0xae3179b50 begins=1385500 live=63 peak=78 draining=0 borrowed=55 pending=54 released=1015 retired=937 mean_uses=483.0 sum=327.5MiB max=15.6MiB
[LIMINA-ALLOC-STATS] pool=0xae3179b50 begins=1386000 live=63 peak=78 draining=0 borrowed=60 pending=59 released=1015 retired=937 mean_uses=483.0 sum=330.2MiB max=15.6MiB
[LIMINA-ALLOC-STATS] pool=0xae3179b50 begins=1386500 live=63 peak=78 draining=0 borrowed=56 pending=56 released=1015 retired=937 mean_uses=483.0 sum=330.3MiB max=15.6MiB
[LIMINA-ALLOC-STATS] pool=0xae3181b50 begins=12500 live=1 peak=1 draining=0 borrowed=1 pending=0 released=0 retired=0 mean_uses=0.0 sum=4.9MiB max=4.9MiB
[LIMINA-ALLOC-STATS] pool=0xae3179b50 begins=1387000 live=63 peak=78 draining=0 borrowed=56 pending=56 released=1015 retired=937 mean_uses=483.0 sum=331.3MiB max=15.6MiB
[LIMINA-ALLOC-STATS] pool=0xae317db50 begins=12500 live=1 peak=1 draining=0 borrowed=1 pending=0 released=0 retired=0 mean_uses=0.0 sum=4.9MiB max=4.9MiB
[LIMINA-ALLOC-STATS] pool=0xae7e4db50 begins=12500 live=1 peak=1 draining=0 borrowed=1 pending=1 released=0 retired=0 mean_uses=0.0 sum=9.8MiB max=9.8MiB
[LIMINA-ALLOC-STATS] pool=0xae3179b50 begins=1387500 live=63 peak=78 draining=0 borrowed=59 pending=60 released=1015 retired=937 mean_uses=483.0 sum=331.5MiB max=15.6MiB
[LIMINA-ALLOC-STATS] pool=0xae3179b50 begins=1388000 live=63 peak=78 draining=0 borrowed=56 pending=56 released=1015 retired=937 mean_uses=483.0 sum=334.1MiB max=15.6MiB
[LIMINA-ALLOC-STATS] pool=0xae3179b50 begins=1388500 live=63 peak=78 draining=0 borrowed=57 pending=57 released=1015 retired=937 mean_uses=483.0 sum=334.1MiB max=15.6MiB
[LIMINA-ALLOC-STATS] pool=0xae3179b50 begins=1389000 live=63 peak=78 draining=0 borrowed=58 pending=57 released=1015 retired=937 mean_uses=483.0 sum=334.1MiB max=15.6MiB
[LIMINA-ALLOC-STATS] pool=0xae3179b50 begins=1389500 live=63 peak=78 draining=0 borrowed=57 pending=56 released=1015 retired=937 mean_uses=483.0 sum=334.2MiB max=15.6MiB
[LIMINA-ALLOC-STATS] pool=0xae7e4db50 begins=13000 live=1 peak=1 draining=0 borrowed=1 pending=0 released=0 retired=0 mean_uses=0.0 sum=9.8MiB max=9.8MiB
[LIMINA-ALLOC-STATS] pool=0xae3179b50 begins=1390000 live=63 peak=78 draining=0 borrowed=57 pending=57 released=1015 retired=937 mean_uses=483.0 sum=334.9MiB max=15.6MiB
[LIMINA-ALLOC-STATS] pool=0xae3179b50 begins=1390500 live=63 peak=78 draining=0 borrowed=58 pending=57 released=1015 retired=937 mean_uses=483.0 sum=335.0MiB max=15.6MiB
[LIMINA-ALLOC-STATS] pool=0xae3179b50 begins=1391000 live=63 peak=78 draining=0 borrowed=56 pending=55 released=1015 retired=937 mean_uses=483.0 sum=335.0MiB max=15.6MiB
[LIMINA-ALLOC-STATS] pool=0xae3179b50 begins=1391500 live=63 peak=78 draining=0 borrowed=56 pending=59 released=1015 retired=937 mean_uses=483.0 sum=336.0MiB max=15.6MiB
[LIMINA-ALLOC-STATS] pool=0xae7e4db50 begins=13500 live=1 peak=1 draining=0 borrowed=1 pending=0 released=0 retired=0 mean_uses=0.0 sum=9.8MiB max=9.8MiB
[LIMINA-ALLOC-STATS] pool=0xae3179b50 begins=1392000 live=63 peak=78 draining=0 borrowed=58 pending=57 released=1015 retired=937 mean_uses=483.0 sum=336.0MiB max=15.6MiB
[LIMINA-ALLOC-STATS] pool=0xae3179b50 begins=1392500 live=68 peak=78 draining=0 borrowed=59 pending=59 released=1020 retired=942 mean_uses=494.5 sum=378.3MiB max=15.6MiB
[LIMINA-ALLOC-STATS] pool=0xae3179b50 begins=1393000 live=64 peak=78 draining=0 borrowed=57 pending=59 released=1024 retired=946 mean_uses=501.1 sum=422.9MiB max=15.5MiB
[LIMINA-ALLOC-STATS] pool=0xae3179b50 begins=1393500 live=63 peak=78 draining=0 borrowed=59 pending=59 released=1025 retired=947 mean_uses=500.6 sum=438.3MiB max=15.5MiB
[LIMINA-ALLOC-STATS] pool=0xae3179b50 begins=1394000 live=63 peak=78 draining=0 borrowed=59 pending=61 released=1025 retired=947 mean_uses=500.6 sum=451.8MiB max=15.5MiB
[LIMINA-ALLOC-STATS] pool=0xae3179b50 begins=1394500 live=63 peak=78 draining=0 borrowed=57 pending=60 released=1026 retired=948 mean_uses=500.2 sum=455.1MiB max=15.6MiB
[LIMINA-ALLOC-STATS] pool=0xae7e4db50 begins=14000 live=1 peak=1 draining=0 borrowed=1 pending=1 released=0 retired=0 mean_uses=0.0 sum=9.8MiB max=9.8MiB
[LIMINA-ALLOC-STATS] pool=0xae3179b50 begins=1395000 live=63 peak=78 draining=0 borrowed=60 pending=65 released=1026 retired=948 mean_uses=500.2 sum=465.8MiB max=15.6MiB
[LIMINA-ALLOC-STATS] pool=0xae3179b50 begins=1395500 live=63 peak=78 draining=0 borrowed=56 pending=57 released=1027 retired=949 mean_uses=502.6 sum=466.0MiB max=15.6MiB
[LIMINA-ALLOC-STATS] pool=0xae3179b50 begins=1396000 live=63 peak=78 draining=0 borrowed=56 pending=57 released=1027 retired=949 mean_uses=502.6 sum=468.8MiB max=15.6MiB
[LIMINA-ALLOC-STATS] pool=0xae3179b50 begins=1396500 live=63 peak=78 draining=0 borrowed=60 pending=63 released=1027 retired=949 mean_uses=502.6 sum=473.3MiB max=15.6MiB
[LIMINA-ALLOC-STATS] pool=0xae3179b50 begins=1397000 live=63 peak=78 draining=0 borrowed=55 pending=57 released=1027 retired=949 mean_uses=502.6 sum=474.2MiB max=15.6MiB
[LIMINA-ALLOC-STATS] pool=0xae3179b50 begins=1397500 live=64 peak=78 draining=0 borrowed=59 pending=62 released=1028 retired=950 mean_uses=502.8 sum=470.0MiB max=15.8MiB
[LIMINA-ALLOC-STATS] pool=0xae3179b50 begins=1398000 live=64 peak=78 draining=0 borrowed=62 pending=62 released=1028 retired=950 mean_uses=502.8 sum=486.9MiB max=15.8MiB
[LIMINA-ALLOC-STATS] pool=0xae3179b50 begins=1398500 live=63 peak=78 draining=0 borrowed=57 pending=61 released=1029 retired=951 mean_uses=505.5 sum=476.2MiB max=15.8MiB
[LIMINA-ALLOC-STATS] pool=0xae7e4db50 begins=14500 live=1 peak=1 draining=0 borrowed=1 pending=1 released=0 retired=0 mean_uses=0.0 sum=9.8MiB max=9.8MiB
[LIMINA-ALLOC-STATS] pool=0xae3179b50 begins=1399000 live=62 peak=78 draining=0 borrowed=57 pending=57 released=1031 retired=953 mean_uses=507.7 sum=447.9MiB max=15.8MiB
[LIMINA-ALLOC-STATS] pool=0xae3179b50 begins=1399500 live=63 peak=78 draining=0 borrowed=60 pending=60 released=1031 retired=953 mean_uses=507.7 sum=467.1MiB max=15.8MiB
[LIMINA-ALLOC-STATS] pool=0xae3179b50 begins=1400000 live=63 peak=78 draining=0 borrowed=58 pending=60 released=1032 retired=954 mean_uses=507.3 sum=465.9MiB max=15.9MiB
[LIMINA-ALLOC-STATS] pool=0xae3179b50 begins=1400500 live=63 peak=78 draining=0 borrowed=56 pending=55 released=1032 retired=954 mean_uses=507.3 sum=472.8MiB max=15.9MiB
[LIMINA-ALLOC-STATS] pool=0xae3179b50 begins=1401000 live=64 peak=78 draining=0 borrowed=58 pending=59 released=1032 retired=954 mean_uses=507.3 sum=494.4MiB max=15.9MiB
[LIMINA-ALLOC-STATS] pool=0xae3179b50 begins=1401500 live=64 peak=78 draining=0 borrowed=59 pending=64 released=1032 retired=954 mean_uses=507.3 sum=496.7MiB max=15.9MiB
[LIMINA-ALLOC-STATS] pool=0xae3179b50 begins=1402000 live=63 peak=78 draining=0 borrowed=56 pending=57 released=1033 retired=955 mean_uses=508.2 sum=484.0MiB max=15.9MiB
[LIMINA-ALLOC-STATS] pool=0xae7e4db50 begins=15000 live=1 peak=1 draining=0 borrowed=1 pending=0 released=0 retired=0 mean_uses=0.0 sum=9.8MiB max=9.8MiB
[LIMINA-ALLOC-STATS] pool=0xae3179b50 begins=1402500 live=64 peak=78 draining=0 borrowed=58 pending=59 released=1033 retired=955 mean_uses=508.2 sum=499.7MiB max=15.9MiB
[LIMINA-ALLOC-STATS] pool=0xae3179b50 begins=1403000 live=64 peak=78 draining=0 borrowed=60 pending=60 released=1033 retired=955 mean_uses=508.2 sum=500.9MiB max=15.9MiB
[LIMINA-ALLOC-STATS] pool=0xae3179b50 begins=1403500 live=64 peak=78 draining=0 borrowed=56 pending=57 released=1033 retired=955 mean_uses=508.2 sum=500.9MiB max=15.9MiB
[LIMINA-ALLOC-STATS] pool=0xae3179b50 begins=1404000 live=64 peak=78 draining=0 borrowed=58 pending=61 released=1033 retired=955 mean_uses=508.2 sum=501.3MiB max=15.9MiB
[LIMINA-ALLOC-STATS] pool=0xae3179b50 begins=1404500 live=64 peak=78 draining=0 borrowed=58 pending=58 released=1033 retired=955 mean_uses=508.2 sum=502.1MiB max=15.9MiB
[LIMINA-ALLOC-STATS] pool=0xae3179b50 begins=1405000 live=64 peak=78 draining=0 borrowed=57 pending=59 released=1033 retired=955 mean_uses=508.2 sum=502.2MiB max=15.9MiB
[LIMINA-ALLOC-STATS] pool=0xae3179b50 begins=1405500 live=64 peak=78 draining=0 borrowed=59 pending=59 released=1034 retired=956 mean_uses=511.2 sum=491.8MiB max=15.9MiB
[LIMINA-ALLOC-STATS] pool=0xae3179b50 begins=1406000 live=64 peak=78 draining=0 borrowed=59 pending=59 released=1034 retired=956 mean_uses=511.2 sum=499.3MiB max=15.9MiB
[LIMINA-ALLOC-STATS] pool=0xae7e4db50 begins=15500 live=1 peak=1 draining=0 borrowed=1 pending=0 released=0 retired=0 mean_uses=0.0 sum=9.8MiB max=9.8MiB
[LIMINA-ALLOC-STATS] pool=0xae3179b50 begins=1406500 live=64 peak=78 draining=0 borrowed=56 pending=57 released=1034 retired=956 mean_uses=511.2 sum=499.7MiB max=15.9MiB
[LIMINA-ALLOC-STATS] pool=0xae3179b50 begins=1407000 live=64 peak=78 draining=0 borrowed=57 pending=62 released=1034 retired=956 mean_uses=511.2 sum=502.3MiB max=15.9MiB
[LIMINA-ALLOC-STATS] pool=0xae3179b50 begins=1407500 live=64 peak=78 draining=0 borrowed=57 pending=58 released=1034 retired=956 mean_uses=511.2 sum=503.1MiB max=15.9MiB
[LIMINA-ALLOC-STATS] pool=0xae3179b50 begins=1408000 live=63 peak=78 draining=0 borrowed=58 pending=58 released=1035 retired=957 mean_uses=514.3 sum=487.6MiB max=15.9MiB
[LIMINA-ALLOC-POOL] teardown: pool=0xae7e4db50 live=1 peak=1 released=0 ceiling-waits=0 ceiling-fails=0
[2026-10-07T14:27:50.159124Z INFO  krun_devices::virtio::gpu::virtio_gpu] CTX_CREATE ctx=10 init=0x4 name=Some("vkmark\0\0\0\0\0\0\0\0\0\0\0\0\0\0\0\0\0\0\0\0\0\0\0\0\0\0\0\0\0\0\0\0\0\0\0\0\0\0\0\0\0\0\0\0\0\0\0\0\0\0\0\0\0\0\0\0\0\0")
[LIMINA-ALLOC-STATS] pool=0xae3179b50 begins=1408500 live=63 peak=78 draining=0 borrowed=58 pending=58 released=1035 retired=957 mean_uses=514.3 sum=488.7MiB max=15.9MiB
[LIMINA-ALLOC-STATS] pool=0xae3179b50 begins=1409000 live=64 peak=78 draining=0 borrowed=56 pending=56 released=1038 retired=960 mean_uses=520.7 sum=479.9MiB max=15.9MiB
[LIMINA-ALLOC-STATS] pool=0xae3179b50 begins=1409500 live=64 peak=78 draining=0 borrowed=56 pending=56 released=1038 retired=960 mean_uses=520.7 sum=499.0MiB max=15.9MiB
[LIMINA-ALLOC-STATS] pool=0xae3179b50 begins=1410000 live=64 peak=78 draining=0 borrowed=59 pending=60 released=1038 retired=960 mean_uses=520.7 sum=500.0MiB max=15.9MiB
[LIMINA-ALLOC-STATS] pool=0xae3179b50 begins=1410500 live=62 peak=78 draining=0 borrowed=59 pending=64 released=1040 retired=962 mean_uses=519.9 sum=470.7MiB max=15.9MiB
[LIMINA-ALLOC-STATS] pool=0xae3179b50 begins=1411000 live=64 peak=78 draining=0 borrowed=56 pending=57 released=1041 retired=963 mean_uses=520.0 sum=478.5MiB max=15.9MiB
[LIMINA-ALLOC-STATS] pool=0xae3179b50 begins=1411500 live=64 peak=78 draining=0 borrowed=59 pending=58 released=1041 retired=963 mean_uses=520.0 sum=499.7MiB max=15.9MiB
[LIMINA-ALLOC-STATS] pool=0xae3179b50 begins=1412000 live=63 peak=78 draining=0 borrowed=58 pending=61 released=1042 retired=964 mean_uses=519.9 sum=485.8MiB max=15.9MiB
[LIMINA-ALLOC-STATS] pool=0xae7e4db50 begins=500 live=1 peak=1 draining=0 borrowed=1 pending=0 released=0 retired=0 mean_uses=0.0 sum=9.8MiB max=9.8MiB
[LIMINA-ALLOC-STATS] pool=0xae3179b50 begins=1412500 live=63 peak=78 draining=0 borrowed=59 pending=59 released=1042 retired=964 mean_uses=519.9 sum=486.6MiB max=15.9MiB
[LIMINA-ALLOC-STATS] pool=0xae3179b50 begins=1413000 live=63 peak=78 draining=0 borrowed=57 pending=56 released=1042 retired=964 mean_uses=519.9 sum=487.3MiB max=15.9MiB
[LIMINA-ALLOC-STATS] pool=0xae3179b50 begins=1413500 live=63 peak=78 draining=0 borrowed=60 pending=60 released=1042 retired=964 mean_uses=519.9 sum=489.5MiB max=16.0MiB
[LIMINA-ALLOC-STATS] pool=0xae3179b50 begins=1414000 live=64 peak=78 draining=0 borrowed=56 pending=56 released=1042 retired=964 mean_uses=519.9 sum=489.6MiB max=16.0MiB
[LIMINA-ALLOC-STATS] pool=0xae3179b50 begins=1414500 live=64 peak=78 draining=0 borrowed=60 pending=65 released=1043 retired=965 mean_uses=520.6 sum=499.3MiB max=16.0MiB
[LIMINA-ALLOC-STATS] pool=0xae3179b50 begins=1415000 live=64 peak=78 draining=0 borrowed=56 pending=59 released=1043 retired=965 mean_uses=520.6 sum=502.1MiB max=16.0MiB
[LIMINA-ALLOC-STATS] pool=0xae3179b50 begins=1415500 live=64 peak=78 draining=0 borrowed=55 pending=55 released=1043 retired=965 mean_uses=520.6 sum=502.3MiB max=16.0MiB
[LIMINA-ALLOC-STATS] pool=0xae3181b50 begins=13000 live=1 peak=1 draining=0 borrowed=1 pending=0 released=0 retired=0 mean_uses=0.0 sum=4.9MiB max=4.9MiB
[LIMINA-ALLOC-STATS] pool=0xae317db50 begins=13000 live=1 peak=1 draining=0 borrowed=1 pending=0 released=0 retired=0 mean_uses=0.0 sum=4.9MiB max=4.9MiB
[LIMINA-ALLOC-STATS] pool=0xae3179b50 begins=1416000 live=64 peak=78 draining=0 borrowed=58 pending=58 released=1043 retired=965 mean_uses=520.6 sum=503.4MiB max=16.0MiB
[LIMINA-ALLOC-STATS] pool=0xae7e4db50 begins=1000 live=1 peak=1 draining=0 borrowed=1 pending=2 released=0 retired=0 mean_uses=0.0 sum=9.8MiB max=9.8MiB
[LIMINA-ALLOC-STATS] pool=0xae3179b50 begins=1416500 live=63 peak=78 draining=0 borrowed=59 pending=59 released=1044 retired=966 mean_uses=520.9 sum=491.1MiB max=16.0MiB
[LIMINA-ALLOC-STATS] pool=0xae3179b50 begins=1417000 live=64 peak=78 draining=0 borrowed=56 pending=57 released=1044 retired=966 mean_uses=520.9 sum=494.0MiB max=16.0MiB
[LIMINA-ALLOC-STATS] pool=0xae3179b50 begins=1417500 live=64 peak=78 draining=0 borrowed=62 pending=62 released=1044 retired=966 mean_uses=520.9 sum=503.2MiB max=16.0MiB
[LIMINA-ALLOC-STATS] pool=0xae3179b50 begins=1418000 live=63 peak=78 draining=0 borrowed=59 pending=58 released=1045 retired=967 mean_uses=524.1 sum=488.2MiB max=16.0MiB
[LIMINA-ALLOC-STATS] pool=0xae3179b50 begins=1418500 live=63 peak=78 draining=0 borrowed=58 pending=63 released=1045 retired=967 mean_uses=524.1 sum=491.1MiB max=16.0MiB
[LIMINA-ALLOC-STATS] pool=0xae3179b50 begins=1419000 live=65 peak=78 draining=0 borrowed=60 pending=62 released=1046 retired=968 mean_uses=526.5 sum=500.0MiB max=16.0MiB
[LIMINA-ALLOC-STATS] pool=0xae3179b50 begins=1419500 live=65 peak=78 draining=0 borrowed=56 pending=55 released=1046 retired=968 mean_uses=526.5 sum=511.1MiB max=16.0MiB
[LIMINA-ALLOC-STATS] pool=0xae3179b50 begins=1420000 live=65 peak=78 draining=0 borrowed=57 pending=57 released=1046 retired=968 mean_uses=526.5 sum=511.6MiB max=16.0MiB
[LIMINA-ALLOC-STATS] pool=0xae3179b50 begins=1420500 live=65 peak=78 draining=0 borrowed=58 pending=57 released=1046 retired=968 mean_uses=526.5 sum=512.1MiB max=16.0MiB
[LIMINA-ALLOC-STATS] pool=0xae3179b50 begins=1421000 live=65 peak=78 draining=0 borrowed=57 pending=59 released=1046 retired=968 mean_uses=526.5 sum=512.1MiB max=16.0MiB
[LIMINA-ALLOC-STATS] pool=0xae7e4db50 begins=1500 live=1 peak=1 draining=0 borrowed=1 pending=0 released=0 retired=0 mean_uses=0.0 sum=9.8MiB max=9.8MiB
[LIMINA-ALLOC-STATS] pool=0xae3179b50 begins=1421500 live=64 peak=78 draining=0 borrowed=57 pending=56 released=1047 retired=969 mean_uses=526.4 sum=496.4MiB max=16.0MiB
[LIMINA-ALLOC-STATS] pool=0xae3179b50 begins=1422000 live=64 peak=78 draining=0 borrowed=60 pending=63 released=1047 retired=969 mean_uses=526.4 sum=497.3MiB max=16.0MiB
[LIMINA-ALLOC-STATS] pool=0xae3179b50 begins=1422500 live=64 peak=78 draining=0 borrowed=57 pending=58 released=1047 retired=969 mean_uses=526.4 sum=497.8MiB max=16.0MiB
[LIMINA-ALLOC-STATS] pool=0xae3179b50 begins=1423000 live=64 peak=78 draining=0 borrowed=55 pending=59 released=1047 retired=969 mean_uses=526.4 sum=499.5MiB max=16.0MiB
[LIMINA-ALLOC-STATS] pool=0xae3179b50 begins=1423500 live=64 peak=78 draining=0 borrowed=59 pending=59 released=1047 retired=969 mean_uses=526.4 sum=499.5MiB max=16.0MiB
[LIMINA-ALLOC-STATS] pool=0xae7e4db50 begins=2000 live=1 peak=1 draining=0 borrowed=1 pending=1 released=0 retired=0 mean_uses=0.0 sum=9.8MiB max=9.8MiB
[LIMINA-ALLOC-STATS] pool=0xae3179b50 begins=1424000 live=64 peak=78 draining=0 borrowed=58 pending=58 released=1047 retired=969 mean_uses=526.4 sum=499.8MiB max=16.0MiB
[LIMINA-ALLOC-STATS] pool=0xae3179b50 begins=1424500 live=64 peak=78 draining=0 borrowed=59 pending=59 released=1047 retired=969 mean_uses=526.4 sum=499.8MiB max=16.0MiB
[LIMINA-ALLOC-STATS] pool=0xae3179b50 begins=1425000 live=62 peak=78 draining=0 borrowed=56 pending=58 released=1051 retired=971 mean_uses=527.5 sum=441.6MiB max=16.0MiB
[LIMINA-ALLOC-STATS] pool=0xae3179b50 begins=1425500 live=62 peak=78 draining=0 borrowed=59 pending=58 released=1051 retired=971 mean_uses=527.5 sum=448.1MiB max=16.0MiB
[LIMINA-ALLOC-STATS] pool=0xae3179b50 begins=1426000 live=62 peak=78 draining=0 borrowed=56 pending=55 released=1051 retired=971 mean_uses=527.5 sum=448.5MiB max=16.0MiB
[LIMINA-ALLOC-STATS] pool=0xae7e4db50 begins=2500 live=1 peak=1 draining=0 borrowed=1 pending=0 released=0 retired=0 mean_uses=0.0 sum=9.8MiB max=9.8MiB
[LIMINA-ALLOC-STATS] pool=0xae3179b50 begins=1426500 live=62 peak=78 draining=0 borrowed=58 pending=58 released=1051 retired=971 mean_uses=527.5 sum=450.6MiB max=16.0MiB
[LIMINA-ALLOC-STATS] pool=0xae3179b50 begins=1427000 live=62 peak=78 draining=0 borrowed=56 pending=55 released=1051 retired=971 mean_uses=527.5 sum=450.6MiB max=16.0MiB
[LIMINA-ALLOC-STATS] pool=0xae3179b50 begins=1427500 live=62 peak=78 draining=0 borrowed=57 pending=56 released=1051 retired=971 mean_uses=527.5 sum=450.6MiB max=16.0MiB
[LIMINA-ALLOC-STATS] pool=0xae3179b50 begins=1428000 live=61 peak=78 draining=0 borrowed=59 pending=59 released=1053 retired=973 mean_uses=528.8 sum=421.2MiB max=16.0MiB
[LIMINA-ALLOC-STATS] pool=0xae7e4db50 begins=3000 live=1 peak=1 draining=0 borrowed=1 pending=0 released=0 retired=0 mean_uses=0.0 sum=9.8MiB max=9.8MiB
[LIMINA-ALLOC-STATS] pool=0xae3179b50 begins=1428500 live=61 peak=78 draining=0 borrowed=58 pending=61 released=1053 retired=973 mean_uses=528.8 sum=424.7MiB max=16.0MiB
[LIMINA-ALLOC-STATS] pool=0xae3179b50 begins=1429000 live=61 peak=78 draining=0 borrowed=56 pending=55 released=1054 retired=974 mean_uses=532.8 sum=409.2MiB max=16.0MiB
[LIMINA-ALLOC-STATS] pool=0xae3179b50 begins=1429500 live=61 peak=78 draining=0 borrowed=58 pending=58 released=1054 retired=974 mean_uses=532.8 sum=414.4MiB max=16.0MiB
[LIMINA-ALLOC-STATS] pool=0xae3179b50 begins=1430000 live=61 peak=78 draining=0 borrowed=55 pending=55 released=1054 retired=974 mean_uses=532.8 sum=414.7MiB max=16.0MiB
[LIMINA-ALLOC-STATS] pool=0xae3179b50 begins=1430500 live=61 peak=78 draining=0 borrowed=57 pending=56 released=1054 retired=974 mean_uses=532.8 sum=415.1MiB max=16.0MiB
[LIMINA-ALLOC-STATS] pool=0xae7e4db50 begins=3500 live=1 peak=1 draining=0 borrowed=1 pending=0 released=0 retired=0 mean_uses=0.0 sum=9.8MiB max=9.8MiB
[LIMINA-ALLOC-STATS] pool=0xae3179b50 begins=1431000 live=60 peak=78 draining=0 borrowed=58 pending=58 released=1055 retired=975 mean_uses=536.6 sum=399.3MiB max=16.0MiB
[LIMINA-ALLOC-STATS] pool=0xae3179b50 begins=1431500 live=61 peak=78 draining=0 borrowed=58 pending=58 released=1055 retired=975 mean_uses=536.6 sum=402.2MiB max=16.0MiB
[LIMINA-ALLOC-STATS] pool=0xae3179b50 begins=1432000 live=60 peak=78 draining=0 borrowed=58 pending=58 released=1056 retired=976 mean_uses=540.4 sum=388.9MiB max=16.0MiB
[LIMINA-ALLOC-STATS] pool=0xae3179b50 begins=1432500 live=61 peak=78 draining=0 borrowed=57 pending=57 released=1056 retired=976 mean_uses=540.4 sum=392.0MiB max=16.0MiB
[LIMINA-ALLOC-STATS] pool=0xae7e4db50 begins=4000 live=1 peak=1 draining=0 borrowed=1 pending=0 released=0 retired=0 mean_uses=0.0 sum=9.8MiB max=9.8MiB
[LIMINA-ALLOC-STATS] pool=0xae3179b50 begins=1433000 live=61 peak=78 draining=0 borrowed=58 pending=64 released=1056 retired=976 mean_uses=540.4 sum=392.3MiB max=16.0MiB
[LIMINA-ALLOC-STATS] pool=0xae3179b50 begins=1433500 live=61 peak=78 draining=0 borrowed=56 pending=57 released=1056 retired=976 mean_uses=540.4 sum=394.7MiB max=16.0MiB
[LIMINA-ALLOC-STATS] pool=0xae3179b50 begins=1434000 live=61 peak=78 draining=0 borrowed=58 pending=57 released=1056 retired=976 mean_uses=540.4 sum=394.7MiB max=16.0MiB
[LIMINA-ALLOC-STATS] pool=0xae3179b50 begins=1434500 live=61 peak=78 draining=0 borrowed=59 pending=59 released=1056 retired=976 mean_uses=540.4 sum=394.7MiB max=16.0MiB
[LIMINA-ALLOC-STATS] pool=0xae3179b50 begins=1435000 live=60 peak=78 draining=0 borrowed=56 pending=56 released=1057 retired=977 mean_uses=541.6 sum=383.1MiB max=16.0MiB
[LIMINA-ALLOC-STATS] pool=0xae7e4db50 begins=4500 live=1 peak=1 draining=0 borrowed=1 pending=0 released=0 retired=0 mean_uses=0.0 sum=9.8MiB max=9.8MiB
[LIMINA-ALLOC-STATS] pool=0xae3179b50 begins=1435500 live=74 peak=78 draining=0 borrowed=71 pending=98 released=1059 retired=979 mean_uses=543.4 sum=391.4MiB max=16.0MiB
[LIMINA-ALLOC-STATS] pool=0xae3179b50 begins=1436000 live=75 peak=78 draining=0 borrowed=56 pending=55 released=1062 retired=982 mean_uses=551.6 sum=434.7MiB max=16.0MiB
[LIMINA-ALLOC-STATS] pool=0xae3179b50 begins=1436500 live=75 peak=78 draining=0 borrowed=56 pending=56 released=1062 retired=982 mean_uses=551.6 sum=442.1MiB max=16.0MiB
[LIMINA-ALLOC-STATS] pool=0xae3179b50 begins=1437000 live=75 peak=78 draining=0 borrowed=59 pending=62 released=1062 retired=982 mean_uses=551.6 sum=445.9MiB max=16.0MiB
[LIMINA-ALLOC-STATS] pool=0xae3179b50 begins=1437500 live=75 peak=78 draining=0 borrowed=59 pending=58 released=1062 retired=982 mean_uses=551.6 sum=452.9MiB max=16.0MiB
[LIMINA-ALLOC-STATS] pool=0xae7e4db50 begins=5000 live=1 peak=1 draining=0 borrowed=1 pending=0 released=0 retired=0 mean_uses=0.0 sum=9.8MiB max=9.8MiB
[LIMINA-ALLOC-STATS] pool=0xae3179b50 begins=1438000 live=75 peak=78 draining=0 borrowed=57 pending=57 released=1062 retired=982 mean_uses=551.6 sum=453.4MiB max=16.0MiB
[LIMINA-ALLOC-STATS] pool=0xae3179b50 begins=1438500 live=75 peak=78 draining=0 borrowed=59 pending=59 released=1062 retired=982 mean_uses=551.6 sum=453.6MiB max=16.0MiB
[LIMINA-ALLOC-STATS] pool=0xae3179b50 begins=1439000 live=74 peak=78 draining=0 borrowed=57 pending=56 released=1063 retired=983 mean_uses=552.1 sum=437.6MiB max=16.0MiB
[LIMINA-ALLOC-STATS] pool=0xae3179b50 begins=1439500 live=74 peak=78 draining=0 borrowed=56 pending=56 released=1063 retired=983 mean_uses=552.1 sum=437.6MiB max=16.0MiB
[LIMINA-ALLOC-STATS] pool=0xae3179b50 begins=1440000 live=74 peak=78 draining=0 borrowed=57 pending=57 released=1063 retired=983 mean_uses=552.1 sum=437.6MiB max=16.0MiB
[LIMINA-ALLOC-STATS] pool=0xae7e4db50 begins=5500 live=1 peak=1 draining=0 borrowed=1 pending=1 released=0 retired=0 mean_uses=0.0 sum=9.8MiB max=9.8MiB
[LIMINA-ALLOC-STATS] pool=0xae3179b50 begins=1440500 live=74 peak=78 draining=0 borrowed=57 pending=57 released=1063 retired=983 mean_uses=552.1 sum=439.0MiB max=16.0MiB
[LIMINA-ALLOC-STATS] pool=0xae3179b50 begins=1441000 live=74 peak=78 draining=0 borrowed=57 pending=56 released=1063 retired=983 mean_uses=552.1 sum=439.0MiB max=16.0MiB
[LIMINA-ALLOC-STATS] pool=0xae3179b50 begins=1441500 live=74 peak=78 draining=0 borrowed=59 pending=58 released=1063 retired=983 mean_uses=552.1 sum=439.0MiB max=16.0MiB
[LIMINA-ALLOC-STATS] pool=0xae3179b50 begins=1442000 live=74 peak=78 draining=0 borrowed=60 pending=59 released=1063 retired=983 mean_uses=552.1 sum=439.1MiB max=16.0MiB
[LIMINA-ALLOC-STATS] pool=0xae7e4db50 begins=6000 live=1 peak=1 draining=0 borrowed=1 pending=0 released=0 retired=0 mean_uses=0.0 sum=9.8MiB max=9.8MiB
[LIMINA-ALLOC-STATS] pool=0xae3179b50 begins=1442500 live=74 peak=78 draining=0 borrowed=57 pending=60 released=1063 retired=983 mean_uses=552.1 sum=439.3MiB max=16.0MiB
[LIMINA-ALLOC-STATS] pool=0xae3179b50 begins=1443000 live=74 peak=78 draining=0 borrowed=57 pending=57 released=1063 retired=983 mean_uses=552.1 sum=439.3MiB max=16.0MiB
[LIMINA-ALLOC-STATS] pool=0xae3179b50 begins=1443500 live=74 peak=78 draining=0 borrowed=58 pending=57 released=1063 retired=983 mean_uses=552.1 sum=439.6MiB max=16.0MiB
[LIMINA-ALLOC-STATS] pool=0xae3179b50 begins=1444000 live=74 peak=78 draining=0 borrowed=56 pending=56 released=1063 retired=983 mean_uses=552.1 sum=441.7MiB max=16.0MiB
[LIMINA-ALLOC-STATS] pool=0xae7e4db50 begins=6500 live=1 peak=1 draining=0 borrowed=1 pending=0 released=0 retired=0 mean_uses=0.0 sum=9.8MiB max=9.8MiB
[LIMINA-ALLOC-STATS] pool=0xae3179b50 begins=1444500 live=74 peak=78 draining=0 borrowed=59 pending=60 released=1063 retired=983 mean_uses=552.1 sum=441.8MiB max=16.0MiB
[LIMINA-ALLOC-STATS] pool=0xae3179b50 begins=1445000 live=74 peak=78 draining=0 borrowed=59 pending=59 released=1063 retired=983 mean_uses=552.1 sum=442.0MiB max=16.0MiB
[LIMINA-ALLOC-STATS] pool=0xae3179b50 begins=1445500 live=74 peak=78 draining=0 borrowed=56 pending=58 released=1063 retired=983 mean_uses=552.1 sum=442.0MiB max=16.0MiB
[LIMINA-ALLOC-STATS] pool=0xae3179b50 begins=1446000 live=74 peak=78 draining=0 borrowed=60 pending=59 released=1063 retired=983 mean_uses=552.1 sum=443.9MiB max=16.0MiB
[LIMINA-ALLOC-STATS] pool=0xae7e4db50 begins=7000 live=1 peak=1 draining=0 borrowed=1 pending=1 released=0 retired=0 mean_uses=0.0 sum=9.8MiB max=9.8MiB
[LIMINA-ALLOC-STATS] pool=0xae3179b50 begins=1446500 live=74 peak=78 draining=0 borrowed=57 pending=59 released=1063 retired=983 mean_uses=552.1 sum=443.9MiB max=16.0MiB
[LIMINA-ALLOC-STATS] pool=0xae3179b50 begins=1447000 live=74 peak=78 draining=0 borrowed=55 pending=55 released=1063 retired=983 mean_uses=552.1 sum=448.0MiB max=16.0MiB
[LIMINA-ALLOC-STATS] pool=0xae3179b50 begins=1447500 live=74 peak=78 draining=0 borrowed=59 pending=58 released=1063 retired=983 mean_uses=552.1 sum=448.0MiB max=16.0MiB
[LIMINA-ALLOC-STATS] pool=0xae3179b50 begins=1448000 live=74 peak=78 draining=0 borrowed=57 pending=56 released=1063 retired=983 mean_uses=552.1 sum=450.3MiB max=16.0MiB
[LIMINA-ALLOC-STATS] pool=0xae7e4db50 begins=7500 live=1 peak=1 draining=0 borrowed=1 pending=0 released=0 retired=0 mean_uses=0.0 sum=9.8MiB max=9.8MiB
[LIMINA-ALLOC-STATS] pool=0xae3179b50 begins=1448500 live=74 peak=78 draining=0 borrowed=58 pending=58 released=1063 retired=983 mean_uses=552.1 sum=450.4MiB max=16.0MiB
[LIMINA-ALLOC-STATS] pool=0xae3179b50 begins=1449000 live=62 peak=78 draining=0 borrowed=58 pending=58 released=1075 retired=983 mean_uses=552.1 sum=363.9MiB max=16.0MiB
[LIMINA-ALLOC-STATS] pool=0xae3179b50 begins=1449500 live=62 peak=78 draining=0 borrowed=59 pending=59 released=1075 retired=983 mean_uses=552.1 sum=363.9MiB max=16.0MiB
[LIMINA-ALLOC-STATS] pool=0xae3179b50 begins=1450000 live=62 peak=78 draining=0 borrowed=56 pending=56 released=1076 retired=984 mean_uses=553.1 sum=348.5MiB max=16.0MiB
[LIMINA-ALLOC-STATS] pool=0xae7e4db50 begins=8000 live=1 peak=1 draining=0 borrowed=1 pending=0 released=0 retired=0 mean_uses=0.0 sum=9.8MiB max=9.8MiB
[LIMINA-ALLOC-STATS] pool=0xae3179b50 begins=1450500 live=62 peak=78 draining=0 borrowed=59 pending=61 released=1076 retired=984 mean_uses=553.1 sum=351.6MiB max=16.0MiB
[LIMINA-ALLOC-STATS] pool=0xae3179b50 begins=1451000 live=62 peak=78 draining=0 borrowed=57 pending=57 released=1076 retired=984 mean_uses=553.1 sum=351.6MiB max=16.0MiB
[LIMINA-ALLOC-STATS] pool=0xae3179b50 begins=1451500 live=62 peak=78 draining=0 borrowed=55 pending=57 released=1076 retired=984 mean_uses=553.1 sum=351.6MiB max=16.0MiB
[LIMINA-ALLOC-STATS] pool=0xae3179b50 begins=1452000 live=62 peak=78 draining=0 borrowed=57 pending=57 released=1076 retired=984 mean_uses=553.1 sum=351.6MiB max=16.0MiB
[LIMINA-ALLOC-STATS] pool=0xae3179b50 begins=1452500 live=62 peak=78 draining=0 borrowed=55 pending=55 released=1076 retired=984 mean_uses=553.1 sum=353.7MiB max=16.0MiB
[LIMINA-ALLOC-STATS] pool=0xae7e4db50 begins=8500 live=1 peak=1 draining=0 borrowed=1 pending=1 released=0 retired=0 mean_uses=0.0 sum=9.8MiB max=9.8MiB
[LIMINA-ALLOC-STATS] pool=0xae3179b50 begins=1453000 live=62 peak=78 draining=0 borrowed=55 pending=55 released=1076 retired=984 mean_uses=553.1 sum=353.7MiB max=16.0MiB
[LIMINA-ALLOC-STATS] pool=0xae3179b50 begins=1453500 live=62 peak=78 draining=0 borrowed=57 pending=58 released=1076 retired=984 mean_uses=553.1 sum=353.8MiB max=16.0MiB
[LIMINA-ALLOC-STATS] pool=0xae3179b50 begins=1454000 live=62 peak=78 draining=0 borrowed=58 pending=58 released=1076 retired=984 mean_uses=553.1 sum=353.8MiB max=16.0MiB
[LIMINA-ALLOC-STATS] pool=0xae3179b50 begins=1454500 live=62 peak=78 draining=0 borrowed=57 pending=56 released=1076 retired=984 mean_uses=553.1 sum=355.8MiB max=16.0MiB
[LIMINA-ALLOC-STATS] pool=0xae7e4db50 begins=9000 live=1 peak=1 draining=0 borrowed=1 pending=0 released=0 retired=0 mean_uses=0.0 sum=9.8MiB max=9.8MiB
[LIMINA-ALLOC-STATS] pool=0xae3179b50 begins=1455000 live=62 peak=78 draining=0 borrowed=60 pending=60 released=1076 retired=984 mean_uses=553.1 sum=355.8MiB max=16.0MiB
[LIMINA-ALLOC-STATS] pool=0xae3179b50 begins=1455500 live=62 peak=78 draining=0 borrowed=57 pending=56 released=1076 retired=984 mean_uses=553.1 sum=356.2MiB max=16.0MiB
[LIMINA-ALLOC-STATS] pool=0xae3179b50 begins=1456000 live=62 peak=78 draining=0 borrowed=57 pending=57 released=1076 retired=984 mean_uses=553.1 sum=356.3MiB max=16.0MiB
[LIMINA-ALLOC-STATS] pool=0xae3179b50 begins=1456500 live=62 peak=78 draining=0 borrowed=57 pending=57 released=1076 retired=984 mean_uses=553.1 sum=356.3MiB max=16.0MiB
[LIMINA-ALLOC-STATS] pool=0xae7e4db50 begins=9500 live=1 peak=1 draining=0 borrowed=1 pending=1 released=0 retired=0 mean_uses=0.0 sum=9.8MiB max=9.8MiB
[LIMINA-ALLOC-STATS] pool=0xae3179b50 begins=1457000 live=62 peak=78 draining=0 borrowed=58 pending=58 released=1076 retired=984 mean_uses=553.1 sum=356.4MiB max=16.0MiB
[LIMINA-ALLOC-STATS] pool=0xae3179b50 begins=1457500 live=62 peak=78 draining=0 borrowed=56 pending=55 released=1076 retired=984 mean_uses=553.1 sum=358.4MiB max=16.0MiB
[LIMINA-ALLOC-STATS] pool=0xae3179b50 begins=1458000 live=62 peak=78 draining=0 borrowed=60 pending=59 released=1076 retired=984 mean_uses=553.1 sum=358.4MiB max=16.0MiB
[LIMINA-ALLOC-STATS] pool=0xae3179b50 begins=1458500 live=62 peak=78 draining=0 borrowed=55 pending=55 released=1076 retired=984 mean_uses=553.1 sum=358.4MiB max=16.0MiB
[LIMINA-ALLOC-STATS] pool=0xae7e4db50 begins=10000 live=1 peak=1 draining=0 borrowed=1 pending=1 released=0 retired=0 mean_uses=0.0 sum=9.8MiB max=9.8MiB
[LIMINA-ALLOC-STATS] pool=0xae3179b50 begins=1459000 live=62 peak=78 draining=0 borrowed=55 pending=55 released=1076 retired=984 mean_uses=553.1 sum=358.4MiB max=16.0MiB
[LIMINA-ALLOC-STATS] pool=0xae3179b50 begins=1459500 live=62 peak=78 draining=0 borrowed=59 pending=58 released=1076 retired=984 mean_uses=553.1 sum=359.0MiB max=16.0MiB
[LIMINA-ALLOC-STATS] pool=0xae3179b50 begins=1460000 live=62 peak=78 draining=0 borrowed=55 pending=54 released=1076 retired=984 mean_uses=553.1 sum=359.1MiB max=16.0MiB
[LIMINA-ALLOC-STATS] pool=0xae3179b50 begins=1460500 live=62 peak=78 draining=0 borrowed=55 pending=54 released=1076 retired=984 mean_uses=553.1 sum=359.1MiB max=16.0MiB
[LIMINA-ALLOC-STATS] pool=0xae3181b50 begins=13500 live=1 peak=1 draining=0 borrowed=1 pending=0 released=0 retired=0 mean_uses=0.0 sum=4.9MiB max=4.9MiB
[LIMINA-ALLOC-STATS] pool=0xae317db50 begins=13500 live=1 peak=1 draining=0 borrowed=1 pending=0 released=0 retired=0 mean_uses=0.0 sum=4.9MiB max=4.9MiB
[LIMINA-ALLOC-STATS] pool=0xae3179b50 begins=1461000 live=62 peak=78 draining=0 borrowed=60 pending=59 released=1076 retired=984 mean_uses=553.1 sum=359.7MiB max=16.0MiB
[LIMINA-ALLOC-STATS] pool=0xae7e4db50 begins=10500 live=1 peak=1 draining=0 borrowed=1 pending=0 released=0 retired=0 mean_uses=0.0 sum=9.8MiB max=9.8MiB
[LIMINA-ALLOC-STATS] pool=0xae3179b50 begins=1461500 live=62 peak=78 draining=0 borrowed=58 pending=57 released=1076 retired=984 mean_uses=553.1 sum=359.7MiB max=16.0MiB
[LIMINA-ALLOC-STATS] pool=0xae3179b50 begins=1462000 live=62 peak=78 draining=0 borrowed=59 pending=58 released=1076 retired=984 mean_uses=553.1 sum=359.7MiB max=16.0MiB
[LIMINA-ALLOC-STATS] pool=0xae3179b50 begins=1462500 live=62 peak=78 draining=0 borrowed=59 pending=61 released=1076 retired=984 mean_uses=553.1 sum=359.7MiB max=16.0MiB
[LIMINA-ALLOC-STATS] pool=0xae3179b50 begins=1463000 live=62 peak=78 draining=0 borrowed=58 pending=58 released=1076 retired=984 mean_uses=553.1 sum=361.6MiB max=16.0MiB
[LIMINA-ALLOC-STATS] pool=0xae7e4db50 begins=11000 live=1 peak=1 draining=0 borrowed=1 pending=0 released=0 retired=0 mean_uses=0.0 sum=9.8MiB max=9.8MiB
[LIMINA-ALLOC-STATS] pool=0xae3179b50 begins=1463500 live=62 peak=78 draining=0 borrowed=58 pending=58 released=1076 retired=984 mean_uses=553.1 sum=361.7MiB max=16.0MiB
[LIMINA-ALLOC-STATS] pool=0xae3179b50 begins=1464000 live=62 peak=78 draining=0 borrowed=59 pending=59 released=1076 retired=984 mean_uses=553.1 sum=361.7MiB max=16.0MiB
[LIMINA-ALLOC-STATS] pool=0xae3179b50 begins=1464500 live=62 peak=78 draining=0 borrowed=60 pending=62 released=1076 retired=984 mean_uses=553.1 sum=361.7MiB max=16.0MiB
[LIMINA-ALLOC-STATS] pool=0xae3179b50 begins=1465000 live=62 peak=78 draining=0 borrowed=54 pending=54 released=1076 retired=984 mean_uses=553.1 sum=361.7MiB max=16.0MiB
[LIMINA-ALLOC-STATS] pool=0xae7e4db50 begins=11500 live=1 peak=1 draining=0 borrowed=1 pending=0 released=0 retired=0 mean_uses=0.0 sum=9.8MiB max=9.8MiB
[LIMINA-ALLOC-STATS] pool=0xae3179b50 begins=1465500 live=62 peak=78 draining=0 borrowed=58 pending=58 released=1076 retired=984 mean_uses=553.1 sum=361.7MiB max=16.0MiB
[LIMINA-ALLOC-STATS] pool=0xae3179b50 begins=1466000 live=62 peak=78 draining=0 borrowed=56 pending=55 released=1076 retired=984 mean_uses=553.1 sum=361.7MiB max=16.0MiB
[LIMINA-ALLOC-STATS] pool=0xae3179b50 begins=1466500 live=62 peak=78 draining=0 borrowed=56 pending=56 released=1076 retired=984 mean_uses=553.1 sum=361.7MiB max=16.0MiB
[LIMINA-ALLOC-STATS] pool=0xae3179b50 begins=1467000 live=62 peak=78 draining=0 borrowed=58 pending=60 released=1076 retired=984 mean_uses=553.1 sum=361.7MiB max=16.0MiB
[LIMINA-ALLOC-STATS] pool=0xae7e4db50 begins=12000 live=1 peak=1 draining=0 borrowed=1 pending=0 released=0 retired=0 mean_uses=0.0 sum=9.8MiB max=9.8MiB
[LIMINA-ALLOC-STATS] pool=0xae3179b50 begins=1467500 live=62 peak=78 draining=0 borrowed=57 pending=57 released=1076 retired=984 mean_uses=553.1 sum=361.7MiB max=16.0MiB
[LIMINA-ALLOC-STATS] pool=0xae3179b50 begins=1468000 live=62 peak=78 draining=0 borrowed=56 pending=56 released=1076 retired=984 mean_uses=553.1 sum=361.7MiB max=16.0MiB
[LIMINA-ALLOC-STATS] pool=0xae3179b50 begins=1468500 live=62 peak=78 draining=0 borrowed=57 pending=56 released=1076 retired=984 mean_uses=553.1 sum=361.8MiB max=16.0MiB
[LIMINA-ALLOC-STATS] pool=0xae3179b50 begins=1469000 live=62 peak=78 draining=0 borrowed=58 pending=59 released=1076 retired=984 mean_uses=553.1 sum=362.5MiB max=16.0MiB
[LIMINA-ALLOC-STATS] pool=0xae7e4db50 begins=12500 live=1 peak=1 draining=0 borrowed=1 pending=1 released=0 retired=0 mean_uses=0.0 sum=9.8MiB max=9.8MiB
[LIMINA-ALLOC-STATS] pool=0xae3179b50 begins=1469500 live=62 peak=78 draining=0 borrowed=56 pending=55 released=1076 retired=984 mean_uses=553.1 sum=362.5MiB max=16.0MiB
[LIMINA-ALLOC-STATS] pool=0xae3179b50 begins=1470000 live=62 peak=78 draining=0 borrowed=60 pending=60 released=1076 retired=984 mean_uses=553.1 sum=362.5MiB max=16.0MiB
[LIMINA-ALLOC-STATS] pool=0xae3179b50 begins=1470500 live=62 peak=78 draining=0 borrowed=56 pending=55 released=1076 retired=984 mean_uses=553.1 sum=362.8MiB max=16.0MiB
[LIMINA-ALLOC-STATS] pool=0xae3179b50 begins=1471000 live=62 peak=78 draining=0 borrowed=56 pending=55 released=1076 retired=984 mean_uses=553.1 sum=363.0MiB max=16.0MiB
[LIMINA-ALLOC-STATS] pool=0xae7e4db50 begins=13000 live=1 peak=1 draining=0 borrowed=1 pending=0 released=0 retired=0 mean_uses=0.0 sum=9.8MiB max=9.8MiB
[LIMINA-ALLOC-STATS] pool=0xae3179b50 begins=1471500 live=62 peak=78 draining=0 borrowed=57 pending=56 released=1076 retired=984 mean_uses=553.1 sum=363.0MiB max=16.0MiB
[LIMINA-ALLOC-STATS] pool=0xae3179b50 begins=1472000 live=62 peak=78 draining=0 borrowed=57 pending=57 released=1076 retired=984 mean_uses=553.1 sum=363.0MiB max=16.0MiB
[LIMINA-ALLOC-STATS] pool=0xae3179b50 begins=1472500 live=62 peak=78 draining=0 borrowed=55 pending=56 released=1076 retired=984 mean_uses=553.1 sum=363.0MiB max=16.0MiB
[LIMINA-ALLOC-STATS] pool=0xae3179b50 begins=1473000 live=62 peak=78 draining=0 borrowed=57 pending=56 released=1076 retired=984 mean_uses=553.1 sum=363.0MiB max=16.0MiB
[LIMINA-ALLOC-STATS] pool=0xae3179b50 begins=1473500 live=62 peak=78 draining=0 borrowed=56 pending=57 released=1076 retired=984 mean_uses=553.1 sum=363.0MiB max=16.0MiB
[LIMINA-ALLOC-STATS] pool=0xae7e4db50 begins=13500 live=1 peak=1 draining=0 borrowed=1 pending=0 released=0 retired=0 mean_uses=0.0 sum=9.8MiB max=9.8MiB
[LIMINA-ALLOC-STATS] pool=0xae3179b50 begins=1474000 live=62 peak=78 draining=0 borrowed=58 pending=58 released=1076 retired=984 mean_uses=553.1 sum=363.0MiB max=16.0MiB
[LIMINA-ALLOC-STATS] pool=0xae3179b50 begins=1474500 live=62 peak=78 draining=0 borrowed=60 pending=59 released=1076 retired=984 mean_uses=553.1 sum=363.3MiB max=16.0MiB
[LIMINA-ALLOC-STATS] pool=0xae3179b50 begins=1475000 live=62 peak=78 draining=0 borrowed=59 pending=63 released=1076 retired=984 mean_uses=553.1 sum=363.6MiB max=16.0MiB
[LIMINA-ALLOC-STATS] pool=0xae7e4db50 begins=14000 live=1 peak=1 draining=0 borrowed=1 pending=0 released=0 retired=0 mean_uses=0.0 sum=9.8MiB max=9.8MiB
[LIMINA-ALLOC-STATS] pool=0xae3179b50 begins=1475500 live=64 peak=78 draining=0 borrowed=55 pending=55 released=1076 retired=984 mean_uses=553.1 sum=368.8MiB max=16.0MiB
[LIMINA-ALLOC-STATS] pool=0xae3179b50 begins=1476000 live=64 peak=78 draining=0 borrowed=59 pending=59 released=1076 retired=984 mean_uses=553.1 sum=374.1MiB max=16.0MiB
[LIMINA-ALLOC-STATS] pool=0xae3179b50 begins=1476500 live=64 peak=78 draining=0 borrowed=57 pending=56 released=1076 retired=984 mean_uses=553.1 sum=374.9MiB max=16.0MiB
[LIMINA-ALLOC-STATS] pool=0xae7e4db50 begins=14500 live=1 peak=1 draining=0 borrowed=1 pending=1 released=0 retired=0 mean_uses=0.0 sum=9.8MiB max=9.8MiB
[LIMINA-ALLOC-STATS] pool=0xae3179b50 begins=1477000 live=64 peak=78 draining=0 borrowed=56 pending=56 released=1076 retired=984 mean_uses=553.1 sum=375.2MiB max=16.0MiB
[LIMINA-ALLOC-STATS] pool=0xae3179b50 begins=1477500 live=64 peak=78 draining=0 borrowed=59 pending=59 released=1076 retired=984 mean_uses=553.1 sum=375.3MiB max=16.0MiB
[LIMINA-ALLOC-STATS] pool=0xae3179b50 begins=1478000 live=64 peak=78 draining=0 borrowed=57 pending=56 released=1076 retired=984 mean_uses=553.1 sum=375.8MiB max=16.0MiB
[LIMINA-ALLOC-STATS] pool=0xae3179b50 begins=1478500 live=64 peak=78 draining=0 borrowed=56 pending=56 released=1076 retired=984 mean_uses=553.1 sum=375.8MiB max=16.0MiB
[LIMINA-ALLOC-STATS] pool=0xae3179b50 begins=1479000 live=64 peak=78 draining=0 borrowed=58 pending=58 released=1076 retired=984 mean_uses=553.1 sum=375.9MiB max=16.0MiB
[LIMINA-ALLOC-STATS] pool=0xae7e4db50 begins=15000 live=1 peak=1 draining=0 borrowed=1 pending=0 released=0 retired=0 mean_uses=0.0 sum=9.8MiB max=9.8MiB
[LIMINA-ALLOC-STATS] pool=0xae3179b50 begins=1479500 live=64 peak=78 draining=0 borrowed=57 pending=57 released=1076 retired=984 mean_uses=553.1 sum=375.9MiB max=16.0MiB
[LIMINA-ALLOC-STATS] pool=0xae3179b50 begins=1480000 live=64 peak=78 draining=0 borrowed=57 pending=57 released=1076 retired=984 mean_uses=553.1 sum=375.9MiB max=16.0MiB
[LIMINA-ALLOC-STATS] pool=0xae3179b50 begins=1480500 live=64 peak=78 draining=0 borrowed=57 pending=57 released=1076 retired=984 mean_uses=553.1 sum=375.9MiB max=16.0MiB
[LIMINA-ALLOC-POOL] teardown: pool=0xae7e4db50 live=1 peak=1 released=0 ceiling-waits=0 ceiling-fails=0
[2026-10-07T14:28:05.286367Z INFO  krun_devices::virtio::gpu::virtio_gpu] CTX_CREATE ctx=10 init=0x4 name=Some("vkmark\0\0\0\0\0\0\0\0\0\0\0\0\0\0\0\0\0\0\0\0\0\0\0\0\0\0\0\0\0\0\0\0\0\0\0\0\0\0\0\0\0\0\0\0\0\0\0\0\0\0\0\0\0\0\0\0\0\0")
[LIMINA-ALLOC-STATS] pool=0xae3179b50 begins=1481000 live=64 peak=78 draining=0 borrowed=56 pending=56 released=1076 retired=984 mean_uses=553.1 sum=376.0MiB max=16.0MiB
[LIMINA-ALLOC-STATS] pool=0xae3179b50 begins=1481500 live=63 peak=78 draining=0 borrowed=57 pending=61 released=1077 retired=985 mean_uses=558.7 sum=379.7MiB max=16.0MiB
[LIMINA-ALLOC-STATS] pool=0xae3179b50 begins=1482000 live=63 peak=78 draining=0 borrowed=60 pending=60 released=1077 retired=985 mean_uses=558.7 sum=388.6MiB max=16.0MiB
[LIMINA-ALLOC-STATS] pool=0xae3179b50 begins=1482500 live=63 peak=78 draining=0 borrowed=57 pending=57 released=1077 retired=985 mean_uses=558.7 sum=391.3MiB max=16.0MiB
[LIMINA-ALLOC-STATS] pool=0xae3179b50 begins=1483000 live=63 peak=78 draining=0 borrowed=56 pending=56 released=1077 retired=985 mean_uses=558.7 sum=391.3MiB max=16.0MiB
[LIMINA-ALLOC-STATS] pool=0xae7e4db50 begins=500 live=1 peak=1 draining=0 borrowed=1 pending=0 released=0 retired=0 mean_uses=0.0 sum=9.8MiB max=9.8MiB
[LIMINA-ALLOC-STATS] pool=0xae3179b50 begins=1483500 live=63 peak=78 draining=0 borrowed=58 pending=59 released=1077 retired=985 mean_uses=558.7 sum=391.5MiB max=16.0MiB
[LIMINA-ALLOC-STATS] pool=0xae3179b50 begins=1484000 live=63 peak=78 draining=0 borrowed=56 pending=56 released=1077 retired=985 mean_uses=558.7 sum=393.7MiB max=16.0MiB
[LIMINA-ALLOC-STATS] pool=0xae3179b50 begins=1484500 live=63 peak=78 draining=0 borrowed=55 pending=55 released=1077 retired=985 mean_uses=558.7 sum=393.7MiB max=16.0MiB
[LIMINA-ALLOC-STATS] pool=0xae3179b50 begins=1485000 live=63 peak=78 draining=0 borrowed=58 pending=58 released=1077 retired=985 mean_uses=558.7 sum=393.7MiB max=16.0MiB
[LIMINA-ALLOC-STATS] pool=0xae3179b50 begins=1485500 live=61 peak=78 draining=0 borrowed=57 pending=59 released=1079 retired=985 mean_uses=558.7 sum=369.6MiB max=16.0MiB
[LIMINA-ALLOC-STATS] pool=0xae7e4db50 begins=1000 live=1 peak=1 draining=0 borrowed=1 pending=0 released=0 retired=0 mean_uses=0.0 sum=9.8MiB max=9.8MiB
[LIMINA-ALLOC-STATS] pool=0xae3179b50 begins=1486000 live=61 peak=78 draining=0 borrowed=56 pending=56 released=1079 retired=985 mean_uses=558.7 sum=369.6MiB max=16.0MiB
[LIMINA-ALLOC-STATS] pool=0xae3179b50 begins=1486500 live=61 peak=78 draining=0 borrowed=57 pending=57 released=1079 retired=985 mean_uses=558.7 sum=370.1MiB max=16.0MiB
[LIMINA-ALLOC-STATS] pool=0xae3179b50 begins=1487000 live=61 peak=78 draining=0 borrowed=59 pending=62 released=1079 retired=985 mean_uses=558.7 sum=370.1MiB max=16.0MiB
[LIMINA-ALLOC-STATS] pool=0xae3179b50 begins=1487500 live=61 peak=78 draining=0 borrowed=55 pending=55 released=1079 retired=985 mean_uses=558.7 sum=370.1MiB max=16.0MiB
[LIMINA-ALLOC-STATS] pool=0xae7e4db50 begins=1500 live=1 peak=1 draining=0 borrowed=1 pending=1 released=0 retired=0 mean_uses=0.0 sum=9.8MiB max=9.8MiB
[LIMINA-ALLOC-STATS] pool=0xae3179b50 begins=1488000 live=61 peak=78 draining=0 borrowed=57 pending=57 released=1079 retired=985 mean_uses=558.7 sum=370.1MiB max=16.0MiB
[LIMINA-ALLOC-STATS] pool=0xae3179b50 begins=1488500 live=61 peak=78 draining=0 borrowed=59 pending=60 released=1079 retired=985 mean_uses=558.7 sum=370.1MiB max=16.0MiB
[LIMINA-ALLOC-STATS] pool=0xae3179b50 begins=1489000 live=61 peak=78 draining=0 borrowed=56 pending=55 released=1079 retired=985 mean_uses=558.7 sum=370.1MiB max=16.0MiB
[LIMINA-ALLOC-STATS] pool=0xae3179b50 begins=1489500 live=61 peak=78 draining=0 borrowed=57 pending=57 released=1079 retired=985 mean_uses=558.7 sum=370.3MiB max=16.0MiB
[LIMINA-ALLOC-STATS] pool=0xae3179b50 begins=1490000 live=62 peak=78 draining=0 borrowed=59 pending=59 released=1079 retired=985 mean_uses=558.7 sum=370.3MiB max=16.0MiB
[LIMINA-ALLOC-STATS] pool=0xae7e4db50 begins=2000 live=1 peak=1 draining=0 borrowed=1 pending=1 released=0 retired=0 mean_uses=0.0 sum=9.8MiB max=9.8MiB
[LIMINA-ALLOC-STATS] pool=0xae3179b50 begins=1490500 live=62 peak=78 draining=0 borrowed=55 pending=56 released=1079 retired=985 mean_uses=558.7 sum=375.2MiB max=16.0MiB
[LIMINA-ALLOC-STATS] pool=0xae3179b50 begins=1491000 live=62 peak=78 draining=0 borrowed=57 pending=57 released=1079 retired=985 mean_uses=558.7 sum=375.3MiB max=16.0MiB
[LIMINA-ALLOC-STATS] pool=0xae3179b50 begins=1491500 live=62 peak=78 draining=0 borrowed=58 pending=61 released=1079 retired=985 mean_uses=558.7 sum=375.4MiB max=16.0MiB
[LIMINA-ALLOC-STATS] pool=0xae3179b50 begins=1492000 live=62 peak=78 draining=0 borrowed=55 pending=55 released=1079 retired=985 mean_uses=558.7 sum=375.4MiB max=16.0MiB
[LIMINA-ALLOC-STATS] pool=0xae7e4db50 begins=2500 live=1 peak=1 draining=0 borrowed=1 pending=1 released=0 retired=0 mean_uses=0.0 sum=9.8MiB max=9.8MiB
[LIMINA-ALLOC-STATS] pool=0xae3179b50 begins=1492500 live=62 peak=78 draining=0 borrowed=57 pending=58 released=1079 retired=985 mean_uses=558.7 sum=375.4MiB max=16.0MiB
[LIMINA-ALLOC-STATS] pool=0xae3179b50 begins=1493000 live=62 peak=78 draining=0 borrowed=58 pending=59 released=1079 retired=985 mean_uses=558.7 sum=375.4MiB max=16.0MiB
[LIMINA-ALLOC-STATS] pool=0xae3179b50 begins=1493500 live=62 peak=78 draining=0 borrowed=56 pending=56 released=1079 retired=985 mean_uses=558.7 sum=375.4MiB max=16.0MiB
[LIMINA-ALLOC-STATS] pool=0xae3179b50 begins=1494000 live=62 peak=78 draining=0 borrowed=58 pending=61 released=1079 retired=985 mean_uses=558.7 sum=375.4MiB max=16.0MiB
[LIMINA-ALLOC-STATS] pool=0xae3179b50 begins=1494500 live=62 peak=78 draining=0 borrowed=57 pending=57 released=1079 retired=985 mean_uses=558.7 sum=375.5MiB max=16.0MiB
[LIMINA-ALLOC-STATS] pool=0xae7e4db50 begins=3000 live=1 peak=1 draining=0 borrowed=1 pending=0 released=0 retired=0 mean_uses=0.0 sum=9.8MiB max=9.8MiB
[LIMINA-ALLOC-STATS] pool=0xae3179b50 begins=1495000 live=62 peak=78 draining=0 borrowed=57 pending=57 released=1079 retired=985 mean_uses=558.7 sum=375.6MiB max=16.0MiB
[LIMINA-ALLOC-STATS] pool=0xae3179b50 begins=1495500 live=62 peak=78 draining=0 borrowed=58 pending=58 released=1079 retired=985 mean_uses=558.7 sum=375.6MiB max=16.0MiB
[LIMINA-ALLOC-STATS] pool=0xae3179b50 begins=1496000 live=62 peak=78 draining=0 borrowed=56 pending=56 released=1079 retired=985 mean_uses=558.7 sum=375.8MiB max=16.0MiB
[LIMINA-ALLOC-STATS] pool=0xae3179b50 begins=1496500 live=62 peak=78 draining=0 borrowed=55 pending=55 released=1079 retired=985 mean_uses=558.7 sum=375.8MiB max=16.0MiB
[LIMINA-ALLOC-STATS] pool=0xae7e4db50 begins=3500 live=1 peak=1 draining=0 borrowed=1 pending=0 released=0 retired=0 mean_uses=0.0 sum=9.8MiB max=9.8MiB
[LIMINA-ALLOC-STATS] pool=0xae3179b50 begins=1497000 live=62 peak=78 draining=0 borrowed=58 pending=59 released=1079 retired=985 mean_uses=558.7 sum=375.8MiB max=16.0MiB
[LIMINA-ALLOC-STATS] pool=0xae3179b50 begins=1497500 live=62 peak=78 draining=0 borrowed=57 pending=57 released=1079 retired=985 mean_uses=558.7 sum=376.3MiB max=16.0MiB
[LIMINA-ALLOC-STATS] pool=0xae3179b50 begins=1498000 live=62 peak=78 draining=0 borrowed=56 pending=56 released=1079 retired=985 mean_uses=558.7 sum=376.3MiB max=16.0MiB
[LIMINA-ALLOC-STATS] pool=0xae3179b50 begins=1498500 live=62 peak=78 draining=0 borrowed=58 pending=58 released=1079 retired=985 mean_uses=558.7 sum=376.3MiB max=16.0MiB
[LIMINA-ALLOC-STATS] pool=0xae7e4db50 begins=4000 live=1 peak=1 draining=0 borrowed=1 pending=1 released=0 retired=0 mean_uses=0.0 sum=9.8MiB max=9.8MiB
[LIMINA-ALLOC-STATS] pool=0xae3179b50 begins=1499000 live=62 peak=78 draining=0 borrowed=58 pending=57 released=1079 retired=985 mean_uses=558.7 sum=376.3MiB max=16.0MiB
[LIMINA-ALLOC-STATS] pool=0xae3179b50 begins=1499500 live=62 peak=78 draining=0 borrowed=58 pending=57 released=1079 retired=985 mean_uses=558.7 sum=376.3MiB max=16.0MiB
[LIMINA-ALLOC-STATS] pool=0xae3179b50 begins=1500000 live=62 peak=78 draining=0 borrowed=60 pending=60 released=1079 retired=985 mean_uses=558.7 sum=376.3MiB max=16.0MiB
[LIMINA-ALLOC-STATS] pool=0xae3179b50 begins=1500500 live=62 peak=78 draining=0 borrowed=57 pending=57 released=1079 retired=985 mean_uses=558.7 sum=376.3MiB max=16.0MiB
[LIMINA-ALLOC-STATS] pool=0xae3179b50 begins=1501000 live=62 peak=78 draining=0 borrowed=56 pending=56 released=1079 retired=985 mean_uses=558.7 sum=376.3MiB max=16.0MiB
[LIMINA-ALLOC-STATS] pool=0xae7e4db50 begins=4500 live=1 peak=1 draining=0 borrowed=1 pending=0 released=0 retired=0 mean_uses=0.0 sum=9.8MiB max=9.8MiB
[LIMINA-ALLOC-STATS] pool=0xae3179b50 begins=1501500 live=62 peak=78 draining=0 borrowed=58 pending=58 released=1079 retired=985 mean_uses=558.7 sum=376.3MiB max=16.0MiB
[LIMINA-ALLOC-STATS] pool=0xae3179b50 begins=1502000 live=62 peak=78 draining=0 borrowed=57 pending=59 released=1079 retired=985 mean_uses=558.7 sum=376.3MiB max=16.0MiB
[LIMINA-ALLOC-STATS] pool=0xae3179b50 begins=1502500 live=62 peak=78 draining=0 borrowed=55 pending=56 released=1079 retired=985 mean_uses=558.7 sum=376.3MiB max=16.0MiB
[LIMINA-ALLOC-STATS] pool=0xae3179b50 begins=1503000 live=61 peak=78 draining=0 borrowed=58 pending=59 released=1080 retired=985 mean_uses=558.7 sum=367.5MiB max=16.0MiB
[LIMINA-ALLOC-STATS] pool=0xae7e4db50 begins=5000 live=1 peak=1 draining=0 borrowed=1 pending=1 released=0 retired=0 mean_uses=0.0 sum=9.8MiB max=9.8MiB
[LIMINA-ALLOC-STATS] pool=0xae3179b50 begins=1503500 live=61 peak=78 draining=0 borrowed=57 pending=57 released=1080 retired=985 mean_uses=558.7 sum=367.5MiB max=16.0MiB
[LIMINA-ALLOC-STATS] pool=0xae3179b50 begins=1504000 live=61 peak=78 draining=0 borrowed=55 pending=55 released=1080 retired=985 mean_uses=558.7 sum=367.5MiB max=16.0MiB
[LIMINA-ALLOC-STATS] pool=0xae3179b50 begins=1504500 live=61 peak=78 draining=0 borrowed=57 pending=57 released=1080 retired=985 mean_uses=558.7 sum=367.5MiB max=16.0MiB
[LIMINA-ALLOC-STATS] pool=0xae3181b50 begins=14000 live=1 peak=1 draining=0 borrowed=1 pending=0 released=0 retired=0 mean_uses=0.0 sum=4.9MiB max=4.9MiB
[LIMINA-ALLOC-STATS] pool=0xae317db50 begins=14000 live=1 peak=1 draining=0 borrowed=1 pending=0 released=0 retired=0 mean_uses=0.0 sum=4.9MiB max=4.9MiB
[LIMINA-ALLOC-STATS] pool=0xae3179b50 begins=1505000 live=61 peak=78 draining=0 borrowed=57 pending=57 released=1080 retired=985 mean_uses=558.7 sum=367.5MiB max=16.0MiB
[LIMINA-ALLOC-STATS] pool=0xae3179b50 begins=1505500 live=61 peak=78 draining=0 borrowed=56 pending=56 released=1080 retired=985 mean_uses=558.7 sum=367.5MiB max=16.0MiB
[LIMINA-ALLOC-STATS] pool=0xae7e4db50 begins=5500 live=1 peak=1 draining=0 borrowed=1 pending=1 released=0 retired=0 mean_uses=0.0 sum=9.8MiB max=9.8MiB
[LIMINA-ALLOC-STATS] pool=0xae3179b50 begins=1506000 live=61 peak=78 draining=0 borrowed=57 pending=57 released=1080 retired=985 mean_uses=558.7 sum=367.5MiB max=16.0MiB
[LIMINA-ALLOC-STATS] pool=0xae3179b50 begins=1506500 live=61 peak=78 draining=0 borrowed=58 pending=61 released=1080 retired=985 mean_uses=558.7 sum=367.5MiB max=16.0MiB
[LIMINA-ALLOC-STATS] pool=0xae3179b50 begins=1507000 live=61 peak=78 draining=0 borrowed=55 pending=55 released=1080 retired=985 mean_uses=558.7 sum=368.1MiB max=16.0MiB
[LIMINA-ALLOC-STATS] pool=0xae3179b50 begins=1507500 live=61 peak=78 draining=0 borrowed=56 pending=58 released=1080 retired=985 mean_uses=558.7 sum=370.1MiB max=16.0MiB
[LIMINA-ALLOC-STATS] pool=0xae7e4db50 begins=6000 live=1 peak=1 draining=0 borrowed=1 pending=2 released=0 retired=0 mean_uses=0.0 sum=9.8MiB max=9.8MiB
[LIMINA-ALLOC-STATS] pool=0xae3179b50 begins=1508000 live=61 peak=78 draining=0 borrowed=58 pending=58 released=1080 retired=985 mean_uses=558.7 sum=370.3MiB max=16.0MiB
[LIMINA-ALLOC-STATS] pool=0xae3179b50 begins=1508500 live=61 peak=78 draining=0 borrowed=57 pending=56 released=1080 retired=985 mean_uses=558.7 sum=370.3MiB max=16.0MiB
[LIMINA-ALLOC-STATS] pool=0xae3179b50 begins=1509000 live=61 peak=78 draining=0 borrowed=58 pending=59 released=1080 retired=985 mean_uses=558.7 sum=370.7MiB max=16.0MiB
[LIMINA-ALLOC-STATS] pool=0xae3179b50 begins=1509500 live=62 peak=78 draining=0 borrowed=60 pending=62 released=1080 retired=985 mean_uses=558.7 sum=375.3MiB max=16.0MiB
[LIMINA-ALLOC-STATS] pool=0xae7e4db50 begins=6500 live=1 peak=1 draining=0 borrowed=1 pending=0 released=0 retired=0 mean_uses=0.0 sum=9.8MiB max=9.8MiB
[LIMINA-ALLOC-STATS] pool=0xae3179b50 begins=1510000 live=62 peak=78 draining=0 borrowed=56 pending=56 released=1080 retired=985 mean_uses=558.7 sum=378.2MiB max=16.0MiB
[LIMINA-ALLOC-STATS] pool=0xae3179b50 begins=1510500 live=62 peak=78 draining=0 borrowed=57 pending=58 released=1080 retired=985 mean_uses=558.7 sum=378.2MiB max=16.0MiB
[LIMINA-ALLOC-STATS] pool=0xae3179b50 begins=1511000 live=62 peak=78 draining=0 borrowed=57 pending=59 released=1080 retired=985 mean_uses=558.7 sum=378.2MiB max=16.0MiB
[LIMINA-ALLOC-STATS] pool=0xae3179b50 begins=1511500 live=62 peak=78 draining=0 borrowed=56 pending=56 released=1080 retired=985 mean_uses=558.7 sum=378.2MiB max=16.0MiB
[LIMINA-ALLOC-STATS] pool=0xae3179b50 begins=1512000 live=62 peak=78 draining=0 borrowed=58 pending=58 released=1080 retired=985 mean_uses=558.7 sum=378.2MiB max=16.0MiB
[LIMINA-ALLOC-STATS] pool=0xae7e4db50 begins=7000 live=1 peak=1 draining=0 borrowed=1 pending=1 released=0 retired=0 mean_uses=0.0 sum=9.8MiB max=9.8MiB
[LIMINA-ALLOC-STATS] pool=0xae3179b50 begins=1512500 live=62 peak=78 draining=0 borrowed=57 pending=57 released=1080 retired=985 mean_uses=558.7 sum=378.2MiB max=16.0MiB
[LIMINA-ALLOC-STATS] pool=0xae3179b50 begins=1513000 live=62 peak=78 draining=0 borrowed=56 pending=56 released=1080 retired=985 mean_uses=558.7 sum=378.2MiB max=16.0MiB
[LIMINA-ALLOC-STATS] pool=0xae3179b50 begins=1513500 live=62 peak=78 draining=0 borrowed=58 pending=58 released=1080 retired=985 mean_uses=558.7 sum=378.2MiB max=16.0MiB
[LIMINA-ALLOC-STATS] pool=0xae3179b50 begins=1514000 live=62 peak=78 draining=0 borrowed=56 pending=56 released=1080 retired=985 mean_uses=558.7 sum=378.2MiB max=16.0MiB
[LIMINA-ALLOC-STATS] pool=0xae7e4db50 begins=7500 live=1 peak=1 draining=0 borrowed=1 pending=0 released=0 retired=0 mean_uses=0.0 sum=9.8MiB max=9.8MiB
[LIMINA-ALLOC-STATS] pool=0xae3179b50 begins=1514500 live=62 peak=78 draining=0 borrowed=56 pending=56 released=1080 retired=985 mean_uses=558.7 sum=378.2MiB max=16.0MiB
[LIMINA-ALLOC-STATS] pool=0xae3179b50 begins=1515000 live=62 peak=78 draining=0 borrowed=58 pending=60 released=1080 retired=985 mean_uses=558.7 sum=378.2MiB max=16.0MiB
[LIMINA-ALLOC-STATS] pool=0xae3179b50 begins=1515500 live=62 peak=78 draining=0 borrowed=58 pending=57 released=1080 retired=985 mean_uses=558.7 sum=378.2MiB max=16.0MiB
[LIMINA-ALLOC-STATS] pool=0xae3179b50 begins=1516000 live=62 peak=78 draining=0 borrowed=55 pending=55 released=1080 retired=985 mean_uses=558.7 sum=378.2MiB max=16.0MiB
[LIMINA-ALLOC-STATS] pool=0xae7e4db50 begins=8000 live=1 peak=1 draining=0 borrowed=1 pending=0 released=0 retired=0 mean_uses=0.0 sum=9.8MiB max=9.8MiB
[LIMINA-ALLOC-STATS] pool=0xae3179b50 begins=1516500 live=62 peak=78 draining=0 borrowed=58 pending=58 released=1080 retired=985 mean_uses=558.7 sum=378.2MiB max=16.0MiB
[LIMINA-ALLOC-STATS] pool=0xae3179b50 begins=1517000 live=62 peak=78 draining=0 borrowed=57 pending=57 released=1080 retired=985 mean_uses=558.7 sum=378.2MiB max=16.0MiB
[LIMINA-ALLOC-STATS] pool=0xae3179b50 begins=1517500 live=62 peak=78 draining=0 borrowed=54 pending=54 released=1080 retired=985 mean_uses=558.7 sum=378.2MiB max=16.0MiB
[LIMINA-ALLOC-STATS] pool=0xae3179b50 begins=1518000 live=62 peak=78 draining=0 borrowed=57 pending=57 released=1080 retired=985 mean_uses=558.7 sum=378.2MiB max=16.0MiB
[LIMINA-ALLOC-STATS] pool=0xae3179b50 begins=1518500 live=62 peak=78 draining=0 borrowed=56 pending=56 released=1080 retired=985 mean_uses=558.7 sum=378.2MiB max=16.0MiB
[LIMINA-ALLOC-STATS] pool=0xae7e4db50 begins=8500 live=1 peak=1 draining=0 borrowed=1 pending=0 released=0 retired=0 mean_uses=0.0 sum=9.8MiB max=9.8MiB
[LIMINA-ALLOC-STATS] pool=0xae3179b50 begins=1519000 live=62 peak=78 draining=0 borrowed=55 pending=55 released=1080 retired=985 mean_uses=558.7 sum=378.2MiB max=16.0MiB
[LIMINA-ALLOC-STATS] pool=0xae3179b50 begins=1519500 live=61 peak=78 draining=0 borrowed=58 pending=58 released=1081 retired=985 mean_uses=558.7 sum=362.2MiB max=16.0MiB
[LIMINA-ALLOC-STATS] pool=0xae3179b50 begins=1520000 live=61 peak=78 draining=0 borrowed=56 pending=56 released=1081 retired=985 mean_uses=558.7 sum=362.2MiB max=16.0MiB
[LIMINA-ALLOC-STATS] pool=0xae3179b50 begins=1520500 live=61 peak=78 draining=0 borrowed=56 pending=56 released=1081 retired=985 mean_uses=558.7 sum=362.2MiB max=16.0MiB
[LIMINA-ALLOC-STATS] pool=0xae7e4db50 begins=9000 live=1 peak=1 draining=0 borrowed=1 pending=0 released=0 retired=0 mean_uses=0.0 sum=9.8MiB max=9.8MiB
[LIMINA-ALLOC-STATS] pool=0xae3179b50 begins=1521000 live=61 peak=78 draining=0 borrowed=60 pending=59 released=1081 retired=985 mean_uses=558.7 sum=362.2MiB max=16.0MiB
[LIMINA-ALLOC-STATS] pool=0xae3179b50 begins=1521500 live=61 peak=78 draining=0 borrowed=59 pending=62 released=1081 retired=985 mean_uses=558.7 sum=362.2MiB max=16.0MiB
[LIMINA-ALLOC-STATS] pool=0xae3179b50 begins=1522000 live=61 peak=78 draining=0 borrowed=56 pending=56 released=1081 retired=985 mean_uses=558.7 sum=362.2MiB max=16.0MiB
[LIMINA-ALLOC-STATS] pool=0xae3179b50 begins=1522500 live=61 peak=78 draining=0 borrowed=57 pending=57 released=1081 retired=985 mean_uses=558.7 sum=362.2MiB max=16.0MiB
[LIMINA-ALLOC-STATS] pool=0xae7e4db50 begins=9500 live=1 peak=1 draining=0 borrowed=1 pending=1 released=0 retired=0 mean_uses=0.0 sum=9.8MiB max=9.8MiB
[LIMINA-ALLOC-STATS] pool=0xae3179b50 begins=1523000 live=61 peak=78 draining=0 borrowed=59 pending=59 released=1081 retired=985 mean_uses=558.7 sum=362.2MiB max=16.0MiB
[LIMINA-ALLOC-STATS] pool=0xae3179b50 begins=1523500 live=61 peak=78 draining=0 borrowed=55 pending=54 released=1081 retired=985 mean_uses=558.7 sum=362.5MiB max=16.0MiB
[LIMINA-ALLOC-STATS] pool=0xae3179b50 begins=1524000 live=61 peak=78 draining=0 borrowed=58 pending=60 released=1081 retired=985 mean_uses=558.7 sum=363.0MiB max=16.0MiB
[LIMINA-ALLOC-STATS] pool=0xae3179b50 begins=1524500 live=61 peak=78 draining=0 borrowed=57 pending=57 released=1081 retired=985 mean_uses=558.7 sum=363.3MiB max=16.0MiB
[LIMINA-ALLOC-STATS] pool=0xae3179b50 begins=1525000 live=61 peak=78 draining=0 borrowed=58 pending=58 released=1081 retired=985 mean_uses=558.7 sum=363.4MiB max=16.0MiB
[LIMINA-ALLOC-STATS] pool=0xae7e4db50 begins=10000 live=1 peak=1 draining=0 borrowed=1 pending=0 released=0 retired=0 mean_uses=0.0 sum=9.8MiB max=9.8MiB
[LIMINA-ALLOC-STATS] pool=0xae3179b50 begins=1525500 live=61 peak=78 draining=0 borrowed=58 pending=58 released=1081 retired=985 mean_uses=558.7 sum=363.4MiB max=16.0MiB
[LIMINA-ALLOC-STATS] pool=0xae3179b50 begins=1526000 live=61 peak=78 draining=0 borrowed=59 pending=58 released=1081 retired=985 mean_uses=558.7 sum=363.4MiB max=16.0MiB
[LIMINA-ALLOC-STATS] pool=0xae3179b50 begins=1526500 live=61 peak=78 draining=0 borrowed=59 pending=58 released=1081 retired=985 mean_uses=558.7 sum=363.4MiB max=16.0MiB
[LIMINA-ALLOC-STATS] pool=0xae3179b50 begins=1527000 live=62 peak=78 draining=0 borrowed=59 pending=61 released=1081 retired=985 mean_uses=558.7 sum=366.3MiB max=16.0MiB
[LIMINA-ALLOC-STATS] pool=0xae3179b50 begins=1527500 live=62 peak=78 draining=0 borrowed=59 pending=58 released=1081 retired=985 mean_uses=558.7 sum=368.7MiB max=16.0MiB
[LIMINA-ALLOC-STATS] pool=0xae7e4db50 begins=10500 live=1 peak=1 draining=0 borrowed=1 pending=0 released=0 retired=0 mean_uses=0.0 sum=9.8MiB max=9.8MiB
[LIMINA-ALLOC-STATS] pool=0xae3179b50 begins=1528000 live=62 peak=78 draining=0 borrowed=57 pending=56 released=1081 retired=985 mean_uses=558.7 sum=368.7MiB max=16.0MiB
[LIMINA-ALLOC-STATS] pool=0xae3179b50 begins=1528500 live=62 peak=78 draining=0 borrowed=58 pending=57 released=1081 retired=985 mean_uses=558.7 sum=368.8MiB max=16.0MiB
[LIMINA-ALLOC-STATS] pool=0xae3179b50 begins=1529000 live=62 peak=78 draining=0 borrowed=56 pending=57 released=1081 retired=985 mean_uses=558.7 sum=368.8MiB max=16.0MiB
[LIMINA-ALLOC-STATS] pool=0xae3179b50 begins=1529500 live=62 peak=78 draining=0 borrowed=56 pending=55 released=1081 retired=985 mean_uses=558.7 sum=368.9MiB max=16.0MiB
[LIMINA-ALLOC-STATS] pool=0xae7e4db50 begins=11000 live=1 peak=1 draining=0 borrowed=1 pending=0 released=0 retired=0 mean_uses=0.0 sum=9.8MiB max=9.8MiB
[LIMINA-ALLOC-STATS] pool=0xae3179b50 begins=1530000 live=62 peak=78 draining=0 borrowed=57 pending=58 released=1081 retired=985 mean_uses=558.7 sum=371.2MiB max=16.0MiB
[LIMINA-ALLOC-STATS] pool=0xae3179b50 begins=1530500 live=62 peak=78 draining=0 borrowed=57 pending=56 released=1081 retired=985 mean_uses=558.7 sum=371.2MiB max=16.0MiB
[LIMINA-ALLOC-STATS] pool=0xae3179b50 begins=1531000 live=62 peak=78 draining=0 borrowed=56 pending=56 released=1081 retired=985 mean_uses=558.7 sum=371.4MiB max=16.0MiB
[LIMINA-ALLOC-STATS] pool=0xae3179b50 begins=1531500 live=62 peak=78 draining=0 borrowed=59 pending=59 released=1081 retired=985 mean_uses=558.7 sum=371.6MiB max=16.0MiB
[LIMINA-ALLOC-STATS] pool=0xae7e4db50 begins=11500 live=1 peak=1 draining=0 borrowed=1 pending=0 released=0 retired=0 mean_uses=0.0 sum=9.8MiB max=9.8MiB
[LIMINA-ALLOC-STATS] pool=0xae3179b50 begins=1532000 live=62 peak=78 draining=0 borrowed=58 pending=58 released=1081 retired=985 mean_uses=558.7 sum=371.6MiB max=16.0MiB
[LIMINA-ALLOC-STATS] pool=0xae3179b50 begins=1532500 live=62 peak=78 draining=0 borrowed=57 pending=56 released=1081 retired=985 mean_uses=558.7 sum=371.6MiB max=16.0MiB
[LIMINA-ALLOC-STATS] pool=0xae3179b50 begins=1533000 live=62 peak=78 draining=0 borrowed=59 pending=58 released=1081 retired=985 mean_uses=558.7 sum=371.7MiB max=16.0MiB
[LIMINA-ALLOC-STATS] pool=0xae3179b50 begins=1533500 live=62 peak=78 draining=0 borrowed=58 pending=58 released=1081 retired=985 mean_uses=558.7 sum=371.7MiB max=16.0MiB
[LIMINA-ALLOC-STATS] pool=0xae3179b50 begins=1534000 live=62 peak=78 draining=0 borrowed=55 pending=54 released=1081 retired=985 mean_uses=558.7 sum=371.7MiB max=16.0MiB
[LIMINA-ALLOC-STATS] pool=0xae7e4db50 begins=12000 live=1 peak=1 draining=0 borrowed=1 pending=0 released=0 retired=0 mean_uses=0.0 sum=9.8MiB max=9.8MiB
[LIMINA-ALLOC-STATS] pool=0xae3179b50 begins=1534500 live=62 peak=78 draining=0 borrowed=57 pending=56 released=1081 retired=985 mean_uses=558.7 sum=371.7MiB max=16.0MiB
[LIMINA-ALLOC-STATS] pool=0xae3179b50 begins=1535000 live=62 peak=78 draining=0 borrowed=57 pending=57 released=1081 retired=985 mean_uses=558.7 sum=371.7MiB max=16.0MiB
[LIMINA-ALLOC-STATS] pool=0xae3179b50 begins=1535500 live=62 peak=78 draining=0 borrowed=56 pending=58 released=1081 retired=985 mean_uses=558.7 sum=371.7MiB max=16.0MiB
[LIMINA-ALLOC-STATS] pool=0xae3179b50 begins=1536000 live=62 peak=78 draining=0 borrowed=59 pending=59 released=1081 retired=985 mean_uses=558.7 sum=371.7MiB max=16.0MiB
[LIMINA-ALLOC-STATS] pool=0xae3179b50 begins=1536500 live=62 peak=78 draining=0 borrowed=57 pending=57 released=1081 retired=985 mean_uses=558.7 sum=371.7MiB max=16.0MiB
[LIMINA-ALLOC-STATS] pool=0xae7e4db50 begins=12500 live=1 peak=1 draining=0 borrowed=1 pending=0 released=0 retired=0 mean_uses=0.0 sum=9.8MiB max=9.8MiB
[LIMINA-ALLOC-STATS] pool=0xae3179b50 begins=1537000 live=62 peak=78 draining=0 borrowed=57 pending=57 released=1081 retired=985 mean_uses=558.7 sum=371.7MiB max=16.0MiB
[LIMINA-ALLOC-STATS] pool=0xae3179b50 begins=1537500 live=62 peak=78 draining=0 borrowed=57 pending=56 released=1081 retired=985 mean_uses=558.7 sum=371.7MiB max=16.0MiB
[LIMINA-ALLOC-STATS] pool=0xae3179b50 begins=1538000 live=62 peak=78 draining=0 borrowed=57 pending=57 released=1081 retired=985 mean_uses=558.7 sum=371.7MiB max=16.0MiB
[LIMINA-ALLOC-STATS] pool=0xae3179b50 begins=1538500 live=62 peak=78 draining=0 borrowed=55 pending=55 released=1081 retired=985 mean_uses=558.7 sum=371.7MiB max=16.0MiB
[LIMINA-ALLOC-STATS] pool=0xae3179b50 begins=1539000 live=62 peak=78 draining=0 borrowed=57 pending=59 released=1081 retired=985 mean_uses=558.7 sum=371.7MiB max=16.0MiB
[LIMINA-ALLOC-STATS] pool=0xae7e4db50 begins=13000 live=1 peak=1 draining=0 borrowed=1 pending=1 released=0 retired=0 mean_uses=0.0 sum=9.8MiB max=9.8MiB
[LIMINA-ALLOC-STATS] pool=0xae3179b50 begins=1539500 live=62 peak=78 draining=0 borrowed=58 pending=58 released=1081 retired=985 mean_uses=558.7 sum=371.7MiB max=16.0MiB
[LIMINA-ALLOC-STATS] pool=0xae3179b50 begins=1540000 live=62 peak=78 draining=0 borrowed=56 pending=55 released=1081 retired=985 mean_uses=558.7 sum=371.7MiB max=16.0MiB
[LIMINA-ALLOC-STATS] pool=0xae3179b50 begins=1540500 live=62 peak=78 draining=0 borrowed=57 pending=56 released=1081 retired=985 mean_uses=558.7 sum=371.7MiB max=16.0MiB
[LIMINA-ALLOC-STATS] pool=0xae3179b50 begins=1541000 live=62 peak=78 draining=0 borrowed=56 pending=58 released=1081 retired=985 mean_uses=558.7 sum=371.7MiB max=16.0MiB
[LIMINA-ALLOC-STATS] pool=0xae7e4db50 begins=13500 live=1 peak=1 draining=0 borrowed=1 pending=0 released=0 retired=0 mean_uses=0.0 sum=9.8MiB max=9.8MiB
[LIMINA-ALLOC-STATS] pool=0xae3179b50 begins=1541500 live=62 peak=78 draining=0 borrowed=57 pending=57 released=1081 retired=985 mean_uses=558.7 sum=371.8MiB max=16.0MiB
[LIMINA-ALLOC-STATS] pool=0xae3179b50 begins=1542000 live=62 peak=78 draining=0 borrowed=58 pending=58 released=1081 retired=985 mean_uses=558.7 sum=371.8MiB max=16.0MiB
[LIMINA-ALLOC-STATS] pool=0xae3179b50 begins=1542500 live=62 peak=78 draining=0 borrowed=57 pending=59 released=1081 retired=985 mean_uses=558.7 sum=371.8MiB max=16.0MiB
[LIMINA-ALLOC-STATS] pool=0xae3179b50 begins=1543000 live=62 peak=78 draining=0 borrowed=55 pending=54 released=1081 retired=985 mean_uses=558.7 sum=371.8MiB max=16.0MiB
[LIMINA-ALLOC-STATS] pool=0xae3179b50 begins=1543500 live=62 peak=78 draining=0 borrowed=59 pending=60 released=1081 retired=985 mean_uses=558.7 sum=371.8MiB max=16.0MiB
[LIMINA-ALLOC-STATS] pool=0xae7e4db50 begins=14000 live=1 peak=1 draining=0 borrowed=1 pending=1 released=0 retired=0 mean_uses=0.0 sum=9.8MiB max=9.8MiB
[LIMINA-ALLOC-STATS] pool=0xae3179b50 begins=1544000 live=62 peak=78 draining=0 borrowed=56 pending=55 released=1081 retired=985 mean_uses=558.7 sum=371.8MiB max=16.0MiB
[LIMINA-ALLOC-STATS] pool=0xae3179b50 begins=1544500 live=62 peak=78 draining=0 borrowed=58 pending=57 released=1081 retired=985 mean_uses=558.7 sum=371.8MiB max=16.0MiB
[LIMINA-ALLOC-STATS] pool=0xae3179b50 begins=1545000 live=62 peak=78 draining=0 borrowed=59 pending=58 released=1081 retired=985 mean_uses=558.7 sum=371.8MiB max=16.0MiB
[LIMINA-ALLOC-STATS] pool=0xae3179b50 begins=1545500 live=62 peak=78 draining=0 borrowed=56 pending=58 released=1081 retired=985 mean_uses=558.7 sum=371.9MiB max=16.0MiB
[LIMINA-ALLOC-STATS] pool=0xae7e4db50 begins=14500 live=1 peak=1 draining=0 borrowed=1 pending=1 released=0 retired=0 mean_uses=0.0 sum=9.8MiB max=9.8MiB
[LIMINA-ALLOC-STATS] pool=0xae3179b50 begins=1546000 live=62 peak=78 draining=0 borrowed=56 pending=56 released=1081 retired=985 mean_uses=558.7 sum=371.9MiB max=16.0MiB
[LIMINA-ALLOC-STATS] pool=0xae3179b50 begins=1546500 live=62 peak=78 draining=0 borrowed=57 pending=57 released=1081 retired=985 mean_uses=558.7 sum=371.9MiB max=16.0MiB
[LIMINA-ALLOC-STATS] pool=0xae3179b50 begins=1547000 live=62 peak=78 draining=0 borrowed=56 pending=55 released=1081 retired=985 mean_uses=558.7 sum=371.9MiB max=16.0MiB
[LIMINA-ALLOC-STATS] pool=0xae3179b50 begins=1547500 live=62 peak=78 draining=0 borrowed=55 pending=55 released=1081 retired=985 mean_uses=558.7 sum=371.9MiB max=16.0MiB
[LIMINA-ALLOC-STATS] pool=0xae3179b50 begins=1548000 live=62 peak=78 draining=0 borrowed=58 pending=58 released=1081 retired=985 mean_uses=558.7 sum=371.9MiB max=16.0MiB
[LIMINA-ALLOC-STATS] pool=0xae7e4db50 begins=15000 live=1 peak=1 draining=0 borrowed=1 pending=0 released=0 retired=0 mean_uses=0.0 sum=9.8MiB max=9.8MiB
[LIMINA-ALLOC-STATS] pool=0xae3179b50 begins=1548500 live=62 peak=78 draining=0 borrowed=55 pending=55 released=1081 retired=985 mean_uses=558.7 sum=371.9MiB max=16.0MiB
[LIMINA-ALLOC-STATS] pool=0xae3179b50 begins=1549000 live=62 peak=78 draining=0 borrowed=56 pending=56 released=1081 retired=985 mean_uses=558.7 sum=371.9MiB max=16.0MiB
[LIMINA-ALLOC-STATS] pool=0xae3179b50 begins=1549500 live=62 peak=78 draining=0 borrowed=58 pending=57 released=1081 retired=985 mean_uses=558.7 sum=371.9MiB max=16.0MiB
[LIMINA-ALLOC-STATS] pool=0xae3179b50 begins=1550000 live=62 peak=78 draining=0 borrowed=56 pending=55 released=1081 retired=985 mean_uses=558.7 sum=371.9MiB max=16.0MiB
[LIMINA-ALLOC-STATS] pool=0xae7e4db50 begins=15500 live=1 peak=1 draining=0 borrowed=1 pending=0 released=0 retired=0 mean_uses=0.0 sum=9.8MiB max=9.8MiB
[LIMINA-ALLOC-STATS] pool=0xae3179b50 begins=1550500 live=62 peak=78 draining=0 borrowed=57 pending=56 released=1081 retired=985 mean_uses=558.7 sum=371.9MiB max=16.0MiB
[LIMINA-ALLOC-STATS] pool=0xae3179b50 begins=1551000 live=62 peak=78 draining=0 borrowed=57 pending=57 released=1081 retired=985 mean_uses=558.7 sum=371.9MiB max=16.0MiB
[LIMINA-ALLOC-STATS] pool=0xae3179b50 begins=1551500 live=62 peak=78 draining=0 borrowed=53 pending=54 released=1081 retired=985 mean_uses=558.7 sum=372.0MiB max=16.0MiB
[LIMINA-ALLOC-STATS] pool=0xae3179b50 begins=1552000 live=62 peak=78 draining=0 borrowed=55 pending=55 released=1081 retired=985 mean_uses=558.7 sum=372.0MiB max=16.0MiB
[LIMINA-ALLOC-STATS] pool=0xae3179b50 begins=1552500 live=62 peak=78 draining=0 borrowed=57 pending=57 released=1081 retired=985 mean_uses=558.7 sum=372.0MiB max=16.0MiB
[LIMINA-ALLOC-STATS] pool=0xae7e4db50 begins=16000 live=1 peak=1 draining=0 borrowed=1 pending=0 released=0 retired=0 mean_uses=0.0 sum=9.8MiB max=9.8MiB
[LIMINA-ALLOC-STATS] pool=0xae3179b50 begins=1553000 live=62 peak=78 draining=0 borrowed=56 pending=56 released=1082 retired=985 mean_uses=558.7 sum=362.0MiB max=16.0MiB
[LIMINA-ALLOC-STATS] pool=0xae3179b50 begins=1553500 live=62 peak=78 draining=0 borrowed=56 pending=56 released=1082 retired=985 mean_uses=558.7 sum=362.0MiB max=16.0MiB
[LIMINA-ALLOC-STATS] pool=0xae3179b50 begins=1554000 live=62 peak=78 draining=0 borrowed=57 pending=58 released=1082 retired=985 mean_uses=558.7 sum=362.4MiB max=16.0MiB
[LIMINA-ALLOC-STATS] pool=0xae3179b50 begins=1554500 live=62 peak=78 draining=0 borrowed=56 pending=56 released=1082 retired=985 mean_uses=558.7 sum=364.6MiB max=16.0MiB
[LIMINA-ALLOC-STATS] pool=0xae7e4db50 begins=16500 live=1 peak=1 draining=0 borrowed=1 pending=1 released=0 retired=0 mean_uses=0.0 sum=9.8MiB max=9.8MiB
[LIMINA-ALLOC-STATS] pool=0xae3179b50 begins=1555000 live=62 peak=78 draining=0 borrowed=58 pending=59 released=1082 retired=985 mean_uses=558.7 sum=364.7MiB max=16.0MiB
[LIMINA-ALLOC-STATS] pool=0xae3179b50 begins=1555500 live=62 peak=78 draining=0 borrowed=58 pending=57 released=1082 retired=985 mean_uses=558.7 sum=364.7MiB max=16.0MiB
[LIMINA-ALLOC-STATS] pool=0xae3179b50 begins=1556000 live=62 peak=78 draining=0 borrowed=57 pending=57 released=1082 retired=985 mean_uses=558.7 sum=364.7MiB max=16.0MiB
[LIMINA-ALLOC-STATS] pool=0xae3179b50 begins=1556500 live=62 peak=78 draining=0 borrowed=56 pending=56 released=1082 retired=985 mean_uses=558.7 sum=364.7MiB max=16.0MiB
[LIMINA-ALLOC-STATS] pool=0xae3179b50 begins=1557000 live=62 peak=78 draining=0 borrowed=57 pending=56 released=1082 retired=985 mean_uses=558.7 sum=364.7MiB max=16.0MiB
[LIMINA-ALLOC-STATS] pool=0xae7e4db50 begins=17000 live=1 peak=1 draining=0 borrowed=1 pending=1 released=0 retired=0 mean_uses=0.0 sum=9.8MiB max=9.8MiB
[LIMINA-ALLOC-STATS] pool=0xae3179b50 begins=1557500 live=62 peak=78 draining=0 borrowed=57 pending=57 released=1082 retired=985 mean_uses=558.7 sum=364.7MiB max=16.0MiB
[LIMINA-ALLOC-STATS] pool=0xae3179b50 begins=1558000 live=62 peak=78 draining=0 borrowed=55 pending=55 released=1082 retired=985 mean_uses=558.7 sum=364.9MiB max=16.0MiB
[LIMINA-ALLOC-STATS] pool=0xae3179b50 begins=1558500 live=62 peak=78 draining=0 borrowed=58 pending=58 released=1082 retired=985 mean_uses=558.7 sum=365.0MiB max=16.0MiB
[LIMINA-ALLOC-STATS] pool=0xae3179b50 begins=1559000 live=62 peak=78 draining=0 borrowed=56 pending=56 released=1082 retired=985 mean_uses=558.7 sum=365.0MiB max=16.0MiB
[LIMINA-ALLOC-STATS] pool=0xae7e4db50 begins=17500 live=1 peak=1 draining=0 borrowed=1 pending=0 released=0 retired=0 mean_uses=0.0 sum=9.8MiB max=9.8MiB
[LIMINA-ALLOC-STATS] pool=0xae3179b50 begins=1559500 live=62 peak=78 draining=0 borrowed=57 pending=56 released=1082 retired=985 mean_uses=558.7 sum=365.0MiB max=16.0MiB
[LIMINA-ALLOC-STATS] pool=0xae3179b50 begins=1560000 live=62 peak=78 draining=0 borrowed=58 pending=58 released=1082 retired=985 mean_uses=558.7 sum=365.0MiB max=16.0MiB
[LIMINA-ALLOC-STATS] pool=0xae3179b50 begins=1560500 live=62 peak=78 draining=0 borrowed=58 pending=57 released=1082 retired=985 mean_uses=558.7 sum=365.0MiB max=16.0MiB
[LIMINA-ALLOC-STATS] pool=0xae3179b50 begins=1561000 live=62 peak=78 draining=0 borrowed=55 pending=55 released=1082 retired=985 mean_uses=558.7 sum=365.0MiB max=16.0MiB
[LIMINA-ALLOC-STATS] pool=0xae3179b50 begins=1561500 live=62 peak=78 draining=0 borrowed=57 pending=56 released=1082 retired=985 mean_uses=558.7 sum=365.0MiB max=16.0MiB
[LIMINA-ALLOC-STATS] pool=0xae7e4db50 begins=18000 live=1 peak=1 draining=0 borrowed=1 pending=0 released=0 retired=0 mean_uses=0.0 sum=9.8MiB max=9.8MiB
[LIMINA-ALLOC-STATS] pool=0xae3179b50 begins=1562000 live=62 peak=78 draining=0 borrowed=57 pending=57 released=1082 retired=985 mean_uses=558.7 sum=365.0MiB max=16.0MiB
[LIMINA-ALLOC-STATS] pool=0xae3181b50 begins=14500 live=1 peak=1 draining=0 borrowed=1 pending=0 released=0 retired=0 mean_uses=0.0 sum=4.9MiB max=4.9MiB
[LIMINA-ALLOC-STATS] pool=0xae317db50 begins=14500 live=1 peak=1 draining=0 borrowed=1 pending=0 released=0 retired=0 mean_uses=0.0 sum=4.9MiB max=4.9MiB
[LIMINA-ALLOC-STATS] pool=0xae3179b50 begins=1562500 live=62 peak=78 draining=0 borrowed=57 pending=64 released=1082 retired=985 mean_uses=558.7 sum=365.0MiB max=16.0MiB
[LIMINA-ALLOC-STATS] pool=0xae3179b50 begins=1563000 live=62 peak=78 draining=0 borrowed=57 pending=59 released=1082 retired=985 mean_uses=558.7 sum=365.0MiB max=16.0MiB
[LIMINA-ALLOC-STATS] pool=0xae3179b50 begins=1563500 live=62 peak=78 draining=0 borrowed=58 pending=57 released=1082 retired=985 mean_uses=558.7 sum=365.0MiB max=16.0MiB
[LIMINA-ALLOC-STATS] pool=0xae7e4db50 begins=18500 live=1 peak=1 draining=0 borrowed=1 pending=1 released=0 retired=0 mean_uses=0.0 sum=9.8MiB max=9.8MiB
[LIMINA-ALLOC-STATS] pool=0xae3179b50 begins=1564000 live=62 peak=78 draining=0 borrowed=57 pending=56 released=1082 retired=985 mean_uses=558.7 sum=365.0MiB max=16.0MiB
[LIMINA-ALLOC-STATS] pool=0xae3179b50 begins=1564500 live=62 peak=78 draining=0 borrowed=57 pending=61 released=1082 retired=985 mean_uses=558.7 sum=365.1MiB max=16.0MiB
[LIMINA-ALLOC-STATS] pool=0xae3179b50 begins=1565000 live=62 peak=78 draining=0 borrowed=57 pending=57 released=1082 retired=985 mean_uses=558.7 sum=365.1MiB max=16.0MiB
[LIMINA-ALLOC-STATS] pool=0xae3179b50 begins=1565500 live=62 peak=78 draining=0 borrowed=55 pending=55 released=1082 retired=985 mean_uses=558.7 sum=365.1MiB max=16.0MiB
[LIMINA-ALLOC-STATS] pool=0xae3179b50 begins=1566000 live=62 peak=78 draining=0 borrowed=60 pending=60 released=1082 retired=985 mean_uses=558.7 sum=365.1MiB max=16.0MiB
[LIMINA-ALLOC-STATS] pool=0xae7e4db50 begins=19000 live=1 peak=1 draining=0 borrowed=1 pending=0 released=0 retired=0 mean_uses=0.0 sum=9.8MiB max=9.8MiB
[LIMINA-ALLOC-STATS] pool=0xae3179b50 begins=1566500 live=62 peak=78 draining=0 borrowed=59 pending=58 released=1082 retired=985 mean_uses=558.7 sum=365.3MiB max=16.0MiB
[LIMINA-ALLOC-STATS] pool=0xae3179b50 begins=1567000 live=62 peak=78 draining=0 borrowed=57 pending=57 released=1082 retired=985 mean_uses=558.7 sum=365.3MiB max=16.0MiB
[LIMINA-ALLOC-STATS] pool=0xae3179b50 begins=1567500 live=62 peak=78 draining=0 borrowed=58 pending=57 released=1082 retired=985 mean_uses=558.7 sum=365.3MiB max=16.0MiB
[LIMINA-ALLOC-STATS] pool=0xae3179b50 begins=1568000 live=62 peak=78 draining=0 borrowed=57 pending=59 released=1082 retired=985 mean_uses=558.7 sum=365.3MiB max=16.0MiB
[LIMINA-ALLOC-STATS] pool=0xae7e4db50 begins=19500 live=1 peak=1 draining=0 borrowed=1 pending=1 released=0 retired=0 mean_uses=0.0 sum=9.8MiB max=9.8MiB
[LIMINA-ALLOC-STATS] pool=0xae3179b50 begins=1568500 live=62 peak=78 draining=0 borrowed=57 pending=56 released=1082 retired=985 mean_uses=558.7 sum=365.3MiB max=16.0MiB
[LIMINA-ALLOC-STATS] pool=0xae3179b50 begins=1569000 live=62 peak=78 draining=0 borrowed=57 pending=57 released=1082 retired=985 mean_uses=558.7 sum=365.3MiB max=16.0MiB
[LIMINA-ALLOC-STATS] pool=0xae3179b50 begins=1569500 live=62 peak=78 draining=0 borrowed=56 pending=56 released=1082 retired=985 mean_uses=558.7 sum=365.3MiB max=16.0MiB
[LIMINA-ALLOC-STATS] pool=0xae3179b50 begins=1570000 live=62 peak=78 draining=0 borrowed=56 pending=56 released=1082 retired=985 mean_uses=558.7 sum=365.3MiB max=16.0MiB
[LIMINA-ALLOC-STATS] pool=0xae3179b50 begins=1570500 live=62 peak=78 draining=0 borrowed=57 pending=57 released=1082 retired=985 mean_uses=558.7 sum=365.3MiB max=16.0MiB
[LIMINA-ALLOC-STATS] pool=0xae7e4db50 begins=20000 live=1 peak=1 draining=0 borrowed=1 pending=0 released=0 retired=0 mean_uses=0.0 sum=9.8MiB max=9.8MiB
[LIMINA-ALLOC-STATS] pool=0xae3179b50 begins=1571000 live=62 peak=78 draining=0 borrowed=58 pending=58 released=1082 retired=985 mean_uses=558.7 sum=365.3MiB max=16.0MiB
[LIMINA-ALLOC-STATS] pool=0xae3179b50 begins=1571500 live=62 peak=78 draining=0 borrowed=56 pending=56 released=1082 retired=985 mean_uses=558.7 sum=365.3MiB max=16.0MiB
[LIMINA-ALLOC-STATS] pool=0xae3179b50 begins=1572000 live=62 peak=78 draining=0 borrowed=57 pending=57 released=1082 retired=985 mean_uses=558.7 sum=365.3MiB max=16.0MiB
[LIMINA-ALLOC-STATS] pool=0xae3179b50 begins=1572500 live=62 peak=78 draining=0 borrowed=57 pending=57 released=1082 retired=985 mean_uses=558.7 sum=365.3MiB max=16.0MiB
[LIMINA-ALLOC-STATS] pool=0xae7e4db50 begins=20500 live=1 peak=1 draining=0 borrowed=1 pending=0 released=0 retired=0 mean_uses=0.0 sum=9.8MiB max=9.8MiB
[LIMINA-ALLOC-STATS] pool=0xae3179b50 begins=1573000 live=62 peak=78 draining=0 borrowed=55 pending=56 released=1082 retired=985 mean_uses=558.7 sum=365.3MiB max=16.0MiB
[LIMINA-ALLOC-STATS] pool=0xae3179b50 begins=1573500 live=62 peak=78 draining=0 borrowed=57 pending=57 released=1082 retired=985 mean_uses=558.7 sum=365.3MiB max=16.0MiB
[LIMINA-ALLOC-STATS] pool=0xae3179b50 begins=1574000 live=62 peak=78 draining=0 borrowed=57 pending=57 released=1082 retired=985 mean_uses=558.7 sum=365.3MiB max=16.0MiB
[LIMINA-ALLOC-STATS] pool=0xae3179b50 begins=1574500 live=62 peak=78 draining=0 borrowed=54 pending=54 released=1082 retired=985 mean_uses=558.7 sum=367.3MiB max=16.0MiB
[LIMINA-ALLOC-STATS] pool=0xae3179b50 begins=1575000 live=62 peak=78 draining=0 borrowed=57 pending=57 released=1082 retired=985 mean_uses=558.7 sum=367.3MiB max=16.0MiB
[LIMINA-ALLOC-STATS] pool=0xae7e4db50 begins=21000 live=1 peak=1 draining=0 borrowed=1 pending=0 released=0 retired=0 mean_uses=0.0 sum=9.8MiB max=9.8MiB
[LIMINA-ALLOC-STATS] pool=0xae3179b50 begins=1575500 live=62 peak=78 draining=0 borrowed=56 pending=57 released=1082 retired=985 mean_uses=558.7 sum=367.4MiB max=16.0MiB
[LIMINA-ALLOC-STATS] pool=0xae3179b50 begins=1576000 live=61 peak=78 draining=0 borrowed=58 pending=58 released=1083 retired=985 mean_uses=558.7 sum=355.7MiB max=16.0MiB
[LIMINA-ALLOC-STATS] pool=0xae3179b50 begins=1576500 live=61 peak=78 draining=0 borrowed=58 pending=58 released=1083 retired=985 mean_uses=558.7 sum=355.7MiB max=16.0MiB
[LIMINA-ALLOC-STATS] pool=0xae3179b50 begins=1577000 live=61 peak=78 draining=0 borrowed=57 pending=57 released=1083 retired=985 mean_uses=558.7 sum=355.7MiB max=16.0MiB
[LIMINA-ALLOC-STATS] pool=0xae7e4db50 begins=21500 live=1 peak=1 draining=0 borrowed=1 pending=0 released=0 retired=0 mean_uses=0.0 sum=9.8MiB max=9.8MiB
[LIMINA-ALLOC-STATS] pool=0xae3179b50 begins=1577500 live=61 peak=78 draining=0 borrowed=56 pending=57 released=1083 retired=985 mean_uses=558.7 sum=355.7MiB max=16.0MiB
[LIMINA-ALLOC-POOL] teardown: pool=0xae7e4db50 live=1 peak=1 released=0 ceiling-waits=0 ceiling-fails=0
[2026-10-07T14:28:20.387835Z INFO  krun_devices::virtio::gpu::virtio_gpu] CTX_CREATE ctx=10 init=0x4 name=Some("vkmark\0\0\0\0\0\0\0\0\0\0\0\0\0\0\0\0\0\0\0\0\0\0\0\0\0\0\0\0\0\0\0\0\0\0\0\0\0\0\0\0\0\0\0\0\0\0\0\0\0\0\0\0\0\0\0\0\0\0")
[LIMINA-ALLOC-STATS] pool=0xae3179b50 begins=1578000 live=61 peak=78 draining=0 borrowed=58 pending=59 released=1084 retired=986 mean_uses=565.8 sum=343.8MiB max=16.0MiB
[LIMINA-ALLOC-STATS] pool=0xae3179b50 begins=1578500 live=61 peak=78 draining=0 borrowed=55 pending=54 released=1084 retired=986 mean_uses=565.8 sum=353.7MiB max=16.0MiB
[LIMINA-ALLOC-STATS] pool=0xae3179b50 begins=1579000 live=61 peak=78 draining=0 borrowed=54 pending=54 released=1085 retired=987 mean_uses=572.2 sum=345.4MiB max=16.0MiB
[LIMINA-ALLOC-STATS] pool=0xae3179b50 begins=1579500 live=61 peak=78 draining=0 borrowed=55 pending=56 released=1085 retired=987 mean_uses=572.2 sum=354.3MiB max=16.0MiB
[LIMINA-ALLOC-STATS] pool=0xae3179b50 begins=1580000 live=61 peak=78 draining=0 borrowed=56 pending=57 released=1085 retired=987 mean_uses=572.2 sum=354.4MiB max=16.0MiB
[LIMINA-ALLOC-STATS] pool=0xae7e4db50 begins=500 live=1 peak=1 draining=0 borrowed=1 pending=1 released=0 retired=0 mean_uses=0.0 sum=9.8MiB max=9.8MiB
[LIMINA-ALLOC-STATS] pool=0xae3179b50 begins=1580500 live=61 peak=78 draining=0 borrowed=55 pending=55 released=1085 retired=987 mean_uses=572.2 sum=354.5MiB max=16.0MiB
[LIMINA-ALLOC-STATS] pool=0xae3179b50 begins=1581000 live=61 peak=78 draining=0 borrowed=59 pending=59 released=1085 retired=987 mean_uses=572.2 sum=354.8MiB max=16.0MiB
[LIMINA-ALLOC-STATS] pool=0xae3179b50 begins=1581500 live=61 peak=78 draining=0 borrowed=57 pending=57 released=1085 retired=987 mean_uses=572.2 sum=354.8MiB max=16.0MiB
[LIMINA-ALLOC-STATS] pool=0xae3179b50 begins=1582000 live=61 peak=78 draining=0 borrowed=57 pending=57 released=1085 retired=987 mean_uses=572.2 sum=356.9MiB max=16.0MiB
[LIMINA-ALLOC-STATS] pool=0xae3179b50 begins=1582500 live=61 peak=78 draining=0 borrowed=57 pending=57 released=1085 retired=987 mean_uses=572.2 sum=357.1MiB max=16.0MiB
[LIMINA-ALLOC-STATS] pool=0xae7e4db50 begins=1000 live=1 peak=1 draining=0 borrowed=1 pending=0 released=0 retired=0 mean_uses=0.0 sum=9.8MiB max=9.8MiB
[LIMINA-ALLOC-STATS] pool=0xae3179b50 begins=1583000 live=61 peak=78 draining=0 borrowed=57 pending=57 released=1085 retired=987 mean_uses=572.2 sum=358.3MiB max=16.0MiB
[LIMINA-ALLOC-STATS] pool=0xae3179b50 begins=1583500 live=61 peak=78 draining=0 borrowed=55 pending=54 released=1085 retired=987 mean_uses=572.2 sum=358.3MiB max=16.0MiB
[LIMINA-ALLOC-STATS] pool=0xae3179b50 begins=1584000 live=61 peak=78 draining=0 borrowed=57 pending=57 released=1085 retired=987 mean_uses=572.2 sum=358.5MiB max=16.0MiB
[LIMINA-ALLOC-STATS] pool=0xae3179b50 begins=1584500 live=61 peak=78 draining=0 borrowed=56 pending=56 released=1085 retired=987 mean_uses=572.2 sum=359.2MiB max=16.0MiB
[LIMINA-ALLOC-STATS] pool=0xae7e4db50 begins=1500 live=1 peak=1 draining=0 borrowed=1 pending=0 released=0 retired=0 mean_uses=0.0 sum=9.8MiB max=9.8MiB
[LIMINA-ALLOC-STATS] pool=0xae3179b50 begins=1585000 live=61 peak=78 draining=0 borrowed=55 pending=56 released=1085 retired=987 mean_uses=572.2 sum=359.2MiB max=16.0MiB
[LIMINA-ALLOC-STATS] pool=0xae3179b50 begins=1585500 live=61 peak=78 draining=0 borrowed=57 pending=56 released=1085 retired=987 mean_uses=572.2 sum=359.4MiB max=16.0MiB
[LIMINA-ALLOC-STATS] pool=0xae3179b50 begins=1586000 live=61 peak=78 draining=0 borrowed=57 pending=57 released=1085 retired=987 mean_uses=572.2 sum=359.4MiB max=16.0MiB
[LIMINA-ALLOC-STATS] pool=0xae3179b50 begins=1586500 live=61 peak=78 draining=0 borrowed=55 pending=55 released=1085 retired=987 mean_uses=572.2 sum=359.4MiB max=16.0MiB
[LIMINA-ALLOC-STATS] pool=0xae3179b50 begins=1587000 live=61 peak=78 draining=0 borrowed=59 pending=58 released=1085 retired=987 mean_uses=572.2 sum=359.4MiB max=16.0MiB
[LIMINA-ALLOC-STATS] pool=0xae7e4db50 begins=2000 live=1 peak=1 draining=0 borrowed=1 pending=0 released=0 retired=0 mean_uses=0.0 sum=9.8MiB max=9.8MiB
[LIMINA-ALLOC-STATS] pool=0xae3179b50 begins=1587500 live=61 peak=78 draining=0 borrowed=56 pending=56 released=1085 retired=987 mean_uses=572.2 sum=359.4MiB max=16.0MiB
[LIMINA-ALLOC-STATS] pool=0xae3179b50 begins=1588000 live=61 peak=78 draining=0 borrowed=55 pending=54 released=1085 retired=987 mean_uses=572.2 sum=359.4MiB max=16.0MiB
[LIMINA-ALLOC-STATS] pool=0xae3179b50 begins=1588500 live=61 peak=78 draining=0 borrowed=57 pending=58 released=1085 retired=987 mean_uses=572.2 sum=359.5MiB max=16.0MiB
[LIMINA-ALLOC-STATS] pool=0xae3179b50 begins=1589000 live=61 peak=78 draining=0 borrowed=57 pending=56 released=1085 retired=987 mean_uses=572.2 sum=359.5MiB max=16.0MiB
[LIMINA-ALLOC-STATS] pool=0xae7e4db50 begins=2500 live=1 peak=1 draining=0 borrowed=1 pending=1 released=0 retired=0 mean_uses=0.0 sum=9.8MiB max=9.8MiB
[LIMINA-ALLOC-STATS] pool=0xae3179b50 begins=1589500 live=61 peak=78 draining=0 borrowed=56 pending=55 released=1085 retired=987 mean_uses=572.2 sum=359.5MiB max=16.0MiB
[LIMINA-ALLOC-STATS] pool=0xae3179b50 begins=1590000 live=61 peak=78 draining=0 borrowed=59 pending=61 released=1085 retired=987 mean_uses=572.2 sum=359.5MiB max=16.0MiB
[LIMINA-ALLOC-STATS] pool=0xae3179b50 begins=1590500 live=61 peak=78 draining=0 borrowed=56 pending=56 released=1085 retired=987 mean_uses=572.2 sum=359.5MiB max=16.0MiB
[LIMINA-ALLOC-STATS] pool=0xae3179b50 begins=1591000 live=61 peak=78 draining=0 borrowed=55 pending=54 released=1085 retired=987 mean_uses=572.2 sum=359.5MiB max=16.0MiB
[LIMINA-ALLOC-STATS] pool=0xae3179b50 begins=1591500 live=61 peak=78 draining=0 borrowed=58 pending=58 released=1085 retired=987 mean_uses=572.2 sum=359.5MiB max=16.0MiB
[LIMINA-ALLOC-STATS] pool=0xae7e4db50 begins=3000 live=1 peak=1 draining=0 borrowed=1 pending=0 released=0 retired=0 mean_uses=0.0 sum=9.8MiB max=9.8MiB
[LIMINA-ALLOC-STATS] pool=0xae3179b50 begins=1592000 live=61 peak=78 draining=0 borrowed=56 pending=56 released=1085 retired=987 mean_uses=572.2 sum=359.5MiB max=16.0MiB
[LIMINA-ALLOC-STATS] pool=0xae3179b50 begins=1592500 live=61 peak=78 draining=0 borrowed=56 pending=57 released=1085 retired=987 mean_uses=572.2 sum=360.6MiB max=16.0MiB
[LIMINA-ALLOC-STATS] pool=0xae3179b50 begins=1593000 live=61 peak=78 draining=0 borrowed=58 pending=57 released=1085 retired=987 mean_uses=572.2 sum=360.6MiB max=16.0MiB
[LIMINA-ALLOC-STATS] pool=0xae3179b50 begins=1593500 live=61 peak=78 draining=0 borrowed=56 pending=56 released=1085 retired=987 mean_uses=572.2 sum=360.9MiB max=16.0MiB
[LIMINA-ALLOC-STATS] pool=0xae7e4db50 begins=3500 live=1 peak=1 draining=0 borrowed=1 pending=1 released=0 retired=0 mean_uses=0.0 sum=9.8MiB max=9.8MiB
[LIMINA-ALLOC-STATS] pool=0xae3179b50 begins=1594000 live=61 peak=78 draining=0 borrowed=56 pending=58 released=1085 retired=987 mean_uses=572.2 sum=360.9MiB max=16.0MiB
[LIMINA-ALLOC-STATS] pool=0xae3179b50 begins=1594500 live=61 peak=78 draining=0 borrowed=56 pending=57 released=1085 retired=987 mean_uses=572.2 sum=360.9MiB max=16.0MiB
[LIMINA-ALLOC-STATS] pool=0xae3179b50 begins=1595000 live=61 peak=78 draining=0 borrowed=56 pending=56 released=1085 retired=987 mean_uses=572.2 sum=360.9MiB max=16.0MiB
[LIMINA-ALLOC-STATS] pool=0xae3179b50 begins=1595500 live=61 peak=78 draining=0 borrowed=57 pending=57 released=1085 retired=987 mean_uses=572.2 sum=360.9MiB max=16.0MiB
[LIMINA-ALLOC-STATS] pool=0xae3179b50 begins=1596000 live=61 peak=78 draining=0 borrowed=58 pending=57 released=1085 retired=987 mean_uses=572.2 sum=360.9MiB max=16.0MiB
[LIMINA-ALLOC-STATS] pool=0xae7e4db50 begins=4000 live=1 peak=1 draining=0 borrowed=1 pending=1 released=0 retired=0 mean_uses=0.0 sum=9.8MiB max=9.8MiB
[LIMINA-ALLOC-STATS] pool=0xae3179b50 begins=1596500 live=61 peak=78 draining=0 borrowed=57 pending=58 released=1085 retired=987 mean_uses=572.2 sum=360.9MiB max=16.0MiB
[LIMINA-ALLOC-STATS] pool=0xae3179b50 begins=1597000 live=61 peak=78 draining=0 borrowed=56 pending=59 released=1085 retired=987 mean_uses=572.2 sum=360.9MiB max=16.0MiB
[LIMINA-ALLOC-STATS] pool=0xae3179b50 begins=1597500 live=61 peak=78 draining=0 borrowed=60 pending=59 released=1085 retired=987 mean_uses=572.2 sum=361.5MiB max=16.0MiB
[LIMINA-ALLOC-STATS] pool=0xae3179b50 begins=1598000 live=61 peak=78 draining=0 borrowed=59 pending=59 released=1085 retired=987 mean_uses=572.2 sum=361.5MiB max=16.0MiB
[LIMINA-ALLOC-STATS] pool=0xae7e4db50 begins=4500 live=1 peak=1 draining=0 borrowed=1 pending=1 released=0 retired=0 mean_uses=0.0 sum=9.8MiB max=9.8MiB
[LIMINA-ALLOC-STATS] pool=0xae3179b50 begins=1598500 live=61 peak=78 draining=0 borrowed=58 pending=60 released=1085 retired=987 mean_uses=572.2 sum=361.7MiB max=16.0MiB
[LIMINA-ALLOC-STATS] pool=0xae3179b50 begins=1599000 live=61 peak=78 draining=0 borrowed=59 pending=58 released=1085 retired=987 mean_uses=572.2 sum=361.7MiB max=16.0MiB
[LIMINA-ALLOC-STATS] pool=0xae3179b50 begins=1599500 live=62 peak=78 draining=0 borrowed=59 pending=58 released=1085 retired=987 mean_uses=572.2 sum=365.0MiB max=16.0MiB
[LIMINA-ALLOC-STATS] pool=0xae3179b50 begins=1600000 live=62 peak=78 draining=0 borrowed=58 pending=58 released=1085 retired=987 mean_uses=572.2 sum=365.2MiB max=16.0MiB
[LIMINA-ALLOC-STATS] pool=0xae3179b50 begins=1600500 live=62 peak=78 draining=0 borrowed=58 pending=58 released=1085 retired=987 mean_uses=572.2 sum=365.3MiB max=16.0MiB
[LIMINA-ALLOC-STATS] pool=0xae7e4db50 begins=5000 live=1 peak=1 draining=0 borrowed=1 pending=0 released=0 retired=0 mean_uses=0.0 sum=9.8MiB max=9.8MiB
[LIMINA-ALLOC-STATS] pool=0xae3179b50 begins=1601000 live=62 peak=78 draining=0 borrowed=56 pending=60 released=1085 retired=987 mean_uses=572.2 sum=365.3MiB max=16.0MiB
[LIMINA-ALLOC-STATS] pool=0xae3179b50 begins=1601500 live=62 peak=78 draining=0 borrowed=55 pending=56 released=1085 retired=987 mean_uses=572.2 sum=367.8MiB max=16.0MiB
[LIMINA-ALLOC-STATS] pool=0xae3179b50 begins=1602000 live=62 peak=78 draining=0 borrowed=57 pending=57 released=1085 retired=987 mean_uses=572.2 sum=367.9MiB max=16.0MiB
[LIMINA-ALLOC-STATS] pool=0xae3179b50 begins=1602500 live=62 peak=78 draining=0 borrowed=55 pending=54 released=1085 retired=987 mean_uses=572.2 sum=367.9MiB max=16.0MiB
[LIMINA-ALLOC-STATS] pool=0xae7e4db50 begins=5500 live=1 peak=1 draining=0 borrowed=1 pending=0 released=0 retired=0 mean_uses=0.0 sum=9.8MiB max=9.8MiB
[LIMINA-ALLOC-STATS] pool=0xae3179b50 begins=1603000 live=62 peak=78 draining=0 borrowed=57 pending=57 released=1085 retired=987 mean_uses=572.2 sum=367.9MiB max=16.0MiB
[LIMINA-ALLOC-STATS] pool=0xae3179b50 begins=1603500 live=62 peak=78 draining=0 borrowed=59 pending=58 released=1085 retired=987 mean_uses=572.2 sum=367.9MiB max=16.0MiB
[LIMINA-ALLOC-STATS] pool=0xae3179b50 begins=1604000 live=62 peak=78 draining=0 borrowed=57 pending=57 released=1085 retired=987 mean_uses=572.2 sum=367.9MiB max=16.0MiB
[LIMINA-ALLOC-STATS] pool=0xae3179b50 begins=1604500 live=62 peak=78 draining=0 borrowed=56 pending=57 released=1085 retired=987 mean_uses=572.2 sum=368.1MiB max=16.0MiB
[LIMINA-ALLOC-STATS] pool=0xae3179b50 begins=1605000 live=62 peak=78 draining=0 borrowed=59 pending=59 released=1085 retired=987 mean_uses=572.2 sum=368.1MiB max=16.0MiB
[LIMINA-ALLOC-STATS] pool=0xae7e4db50 begins=6000 live=1 peak=1 draining=0 borrowed=1 pending=0 released=0 retired=0 mean_uses=0.0 sum=9.8MiB max=9.8MiB
[LIMINA-ALLOC-STATS] pool=0xae3179b50 begins=1605500 live=62 peak=78 draining=0 borrowed=57 pending=58 released=1085 retired=987 mean_uses=572.2 sum=368.1MiB max=16.0MiB
[LIMINA-ALLOC-STATS] pool=0xae3179b50 begins=1606000 live=62 peak=78 draining=0 borrowed=55 pending=55 released=1085 retired=987 mean_uses=572.2 sum=368.1MiB max=16.0MiB
[LIMINA-ALLOC-STATS] pool=0xae3179b50 begins=1606500 live=62 peak=78 draining=0 borrowed=57 pending=57 released=1085 retired=987 mean_uses=572.2 sum=368.1MiB max=16.0MiB
[LIMINA-ALLOC-STATS] pool=0xae3179b50 begins=1607000 live=62 peak=78 draining=0 borrowed=57 pending=57 released=1085 retired=987 mean_uses=572.2 sum=368.1MiB max=16.0MiB
[LIMINA-ALLOC-STATS] pool=0xae3179b50 begins=1607500 live=62 peak=78 draining=0 borrowed=56 pending=57 released=1085 retired=987 mean_uses=572.2 sum=368.1MiB max=16.0MiB
[LIMINA-ALLOC-STATS] pool=0xae7e4db50 begins=6500 live=1 peak=1 draining=0 borrowed=1 pending=1 released=0 retired=0 mean_uses=0.0 sum=9.8MiB max=9.8MiB
[LIMINA-ALLOC-STATS] pool=0xae3179b50 begins=1608000 live=62 peak=78 draining=0 borrowed=58 pending=58 released=1085 retired=987 mean_uses=572.2 sum=368.1MiB max=16.0MiB
[LIMINA-ALLOC-STATS] pool=0xae3179b50 begins=1608500 live=62 peak=78 draining=0 borrowed=57 pending=57 released=1085 retired=987 mean_uses=572.2 sum=368.1MiB max=16.0MiB
[LIMINA-ALLOC-STATS] pool=0xae3179b50 begins=1609000 live=62 peak=78 draining=0 borrowed=56 pending=56 released=1085 retired=987 mean_uses=572.2 sum=368.1MiB max=16.0MiB
[LIMINA-ALLOC-STATS] pool=0xae3179b50 begins=1609500 live=62 peak=78 draining=0 borrowed=57 pending=58 released=1085 retired=987 mean_uses=572.2 sum=368.1MiB max=16.0MiB
[LIMINA-ALLOC-STATS] pool=0xae7e4db50 begins=7000 live=1 peak=1 draining=0 borrowed=1 pending=0 released=0 retired=0 mean_uses=0.0 sum=9.8MiB max=9.8MiB
[LIMINA-ALLOC-STATS] pool=0xae3179b50 begins=1610000 live=62 peak=78 draining=0 borrowed=56 pending=56 released=1085 retired=987 mean_uses=572.2 sum=368.1MiB max=16.0MiB
[LIMINA-ALLOC-STATS] pool=0xae3179b50 begins=1610500 live=62 peak=78 draining=0 borrowed=56 pending=56 released=1085 retired=987 mean_uses=572.2 sum=368.1MiB max=16.0MiB
[LIMINA-ALLOC-STATS] pool=0xae3179b50 begins=1611000 live=62 peak=78 draining=0 borrowed=57 pending=57 released=1085 retired=987 mean_uses=572.2 sum=368.1MiB max=16.0MiB
[LIMINA-ALLOC-STATS] pool=0xae3179b50 begins=1611500 live=62 peak=78 draining=0 borrowed=59 pending=59 released=1085 retired=987 mean_uses=572.2 sum=368.1MiB max=16.0MiB
[LIMINA-ALLOC-STATS] pool=0xae3179b50 begins=1612000 live=62 peak=78 draining=0 borrowed=57 pending=56 released=1085 retired=987 mean_uses=572.2 sum=368.1MiB max=16.0MiB
[LIMINA-ALLOC-STATS] pool=0xae7e4db50 begins=7500 live=1 peak=1 draining=0 borrowed=1 pending=0 released=0 retired=0 mean_uses=0.0 sum=9.8MiB max=9.8MiB
[LIMINA-ALLOC-STATS] pool=0xae3179b50 begins=1612500 live=62 peak=78 draining=0 borrowed=56 pending=61 released=1085 retired=987 mean_uses=572.2 sum=368.2MiB max=16.0MiB
[LIMINA-ALLOC-STATS] pool=0xae3179b50 begins=1613000 live=62 peak=78 draining=0 borrowed=57 pending=58 released=1085 retired=987 mean_uses=572.2 sum=368.2MiB max=16.0MiB
[LIMINA-ALLOC-STATS] pool=0xae3179b50 begins=1613500 live=62 peak=78 draining=0 borrowed=56 pending=55 released=1085 retired=987 mean_uses=572.2 sum=368.2MiB max=16.0MiB
[LIMINA-ALLOC-STATS] pool=0xae3179b50 begins=1614000 live=62 peak=78 draining=0 borrowed=59 pending=58 released=1085 retired=987 mean_uses=572.2 sum=368.2MiB max=16.0MiB
[LIMINA-ALLOC-STATS] pool=0xae7e4db50 begins=8000 live=1 peak=1 draining=0 borrowed=1 pending=0 released=0 retired=0 mean_uses=0.0 sum=9.8MiB max=9.8MiB
[LIMINA-ALLOC-STATS] pool=0xae3179b50 begins=1614500 live=62 peak=78 draining=0 borrowed=57 pending=61 released=1085 retired=987 mean_uses=572.2 sum=368.2MiB max=16.0MiB
[LIMINA-ALLOC-STATS] pool=0xae3179b50 begins=1615000 live=62 peak=78 draining=0 borrowed=56 pending=56 released=1085 retired=987 mean_uses=572.2 sum=368.2MiB max=16.0MiB
[LIMINA-ALLOC-STATS] pool=0xae3179b50 begins=1615500 live=62 peak=78 draining=0 borrowed=58 pending=58 released=1085 retired=987 mean_uses=572.2 sum=368.2MiB max=16.0MiB
[LIMINA-ALLOC-STATS] pool=0xae3179b50 begins=1616000 live=62 peak=78 draining=0 borrowed=57 pending=56 released=1085 retired=987 mean_uses=572.2 sum=368.2MiB max=16.0MiB
[LIMINA-ALLOC-STATS] pool=0xae3179b50 begins=1616500 live=62 peak=78 draining=0 borrowed=56 pending=56 released=1085 retired=987 mean_uses=572.2 sum=368.2MiB max=16.0MiB
[LIMINA-ALLOC-STATS] pool=0xae7e4db50 begins=8500 live=1 peak=1 draining=0 borrowed=1 pending=0 released=0 retired=0 mean_uses=0.0 sum=9.8MiB max=9.8MiB
[LIMINA-ALLOC-STATS] pool=0xae3179b50 begins=1617000 live=62 peak=78 draining=0 borrowed=56 pending=56 released=1085 retired=987 mean_uses=572.2 sum=368.3MiB max=16.0MiB
[LIMINA-ALLOC-STATS] pool=0xae3179b50 begins=1617500 live=62 peak=78 draining=0 borrowed=57 pending=57 released=1085 retired=987 mean_uses=572.2 sum=368.3MiB max=16.0MiB
[LIMINA-ALLOC-STATS] pool=0xae3179b50 begins=1618000 live=62 peak=78 draining=0 borrowed=57 pending=56 released=1085 retired=987 mean_uses=572.2 sum=368.3MiB max=16.0MiB
[LIMINA-ALLOC-STATS] pool=0xae3179b50 begins=1618500 live=62 peak=78 draining=0 borrowed=57 pending=57 released=1085 retired=987 mean_uses=572.2 sum=368.3MiB max=16.0MiB
[LIMINA-ALLOC-STATS] pool=0xae7e4db50 begins=9000 live=1 peak=1 draining=0 borrowed=1 pending=0 released=0 retired=0 mean_uses=0.0 sum=9.8MiB max=9.8MiB
[LIMINA-ALLOC-STATS] pool=0xae3179b50 begins=1619000 live=62 peak=78 draining=0 borrowed=58 pending=57 released=1085 retired=987 mean_uses=572.2 sum=368.3MiB max=16.0MiB
[LIMINA-ALLOC-STATS] pool=0xae3179b50 begins=1619500 live=62 peak=78 draining=0 borrowed=57 pending=57 released=1085 retired=987 mean_uses=572.2 sum=368.3MiB max=16.0MiB
[LIMINA-ALLOC-STATS] pool=0xae3179b50 begins=1620000 live=62 peak=78 draining=0 borrowed=59 pending=58 released=1085 retired=987 mean_uses=572.2 sum=368.3MiB max=16.0MiB
[LIMINA-ALLOC-STATS] pool=0xae3179b50 begins=1620500 live=62 peak=78 draining=0 borrowed=57 pending=57 released=1085 retired=987 mean_uses=572.2 sum=368.3MiB max=16.0MiB
[LIMINA-ALLOC-STATS] pool=0xae3179b50 begins=1621000 live=62 peak=78 draining=0 borrowed=56 pending=56 released=1085 retired=987 mean_uses=572.2 sum=368.3MiB max=16.0MiB
[LIMINA-ALLOC-STATS] pool=0xae7e4db50 begins=9500 live=1 peak=1 draining=0 borrowed=1 pending=0 released=0 retired=0 mean_uses=0.0 sum=9.8MiB max=9.8MiB
[LIMINA-ALLOC-STATS] pool=0xae3179b50 begins=1621500 live=62 peak=78 draining=0 borrowed=57 pending=57 released=1085 retired=987 mean_uses=572.2 sum=368.3MiB max=16.0MiB
[LIMINA-ALLOC-STATS] pool=0xae3179b50 begins=1622000 live=62 peak=78 draining=0 borrowed=57 pending=56 released=1085 retired=987 mean_uses=572.2 sum=368.3MiB max=16.0MiB
[LIMINA-ALLOC-STATS] pool=0xae3179b50 begins=1622500 live=62 peak=78 draining=0 borrowed=56 pending=56 released=1085 retired=987 mean_uses=572.2 sum=368.3MiB max=16.0MiB
[LIMINA-ALLOC-STATS] pool=0xae3179b50 begins=1623000 live=62 peak=78 draining=0 borrowed=58 pending=58 released=1085 retired=987 mean_uses=572.2 sum=368.3MiB max=16.0MiB
[LIMINA-ALLOC-STATS] pool=0xae7e4db50 begins=10000 live=1 peak=1 draining=0 borrowed=1 pending=1 released=0 retired=0 mean_uses=0.0 sum=9.8MiB max=9.8MiB
[LIMINA-ALLOC-STATS] pool=0xae3179b50 begins=1623500 live=62 peak=78 draining=0 borrowed=58 pending=58 released=1085 retired=987 mean_uses=572.2 sum=368.3MiB max=16.0MiB
[LIMINA-ALLOC-STATS] pool=0xae3179b50 begins=1624000 live=62 peak=78 draining=0 borrowed=56 pending=55 released=1085 retired=987 mean_uses=572.2 sum=368.3MiB max=16.0MiB
[LIMINA-ALLOC-STATS] pool=0xae3179b50 begins=1624500 live=62 peak=78 draining=0 borrowed=57 pending=58 released=1085 retired=987 mean_uses=572.2 sum=368.3MiB max=16.0MiB
[LIMINA-ALLOC-STATS] pool=0xae3179b50 begins=1625000 live=62 peak=78 draining=0 borrowed=58 pending=58 released=1085 retired=987 mean_uses=572.2 sum=368.3MiB max=16.0MiB
[LIMINA-ALLOC-STATS] pool=0xae3179b50 begins=1625500 live=62 peak=78 draining=0 borrowed=54 pending=54 released=1085 retired=987 mean_uses=572.2 sum=368.3MiB max=16.0MiB
[LIMINA-ALLOC-STATS] pool=0xae7e4db50 begins=10500 live=1 peak=1 draining=0 borrowed=1 pending=0 released=0 retired=0 mean_uses=0.0 sum=9.8MiB max=9.8MiB
[LIMINA-ALLOC-STATS] pool=0xae3179b50 begins=1626000 live=62 peak=78 draining=0 borrowed=60 pending=60 released=1085 retired=987 mean_uses=572.2 sum=368.3MiB max=16.0MiB
[LIMINA-ALLOC-STATS] pool=0xae3179b50 begins=1626500 live=62 peak=78 draining=0 borrowed=56 pending=56 released=1085 retired=987 mean_uses=572.2 sum=368.3MiB max=16.0MiB
[LIMINA-ALLOC-STATS] pool=0xae3179b50 begins=1627000 live=62 peak=78 draining=0 borrowed=56 pending=55 released=1085 retired=987 mean_uses=572.2 sum=368.3MiB max=16.0MiB
[LIMINA-ALLOC-STATS] pool=0xae3179b50 begins=1627500 live=62 peak=78 draining=0 borrowed=58 pending=57 released=1085 retired=987 mean_uses=572.2 sum=368.3MiB max=16.0MiB
[LIMINA-ALLOC-STATS] pool=0xae7e4db50 begins=11000 live=1 peak=1 draining=0 borrowed=1 pending=0 released=0 retired=0 mean_uses=0.0 sum=9.8MiB max=9.8MiB
[LIMINA-ALLOC-STATS] pool=0xae3179b50 begins=1628000 live=62 peak=78 draining=0 borrowed=56 pending=55 released=1085 retired=987 mean_uses=572.2 sum=368.3MiB max=16.0MiB
[LIMINA-ALLOC-STATS] pool=0xae3179b50 begins=1628500 live=62 peak=78 draining=0 borrowed=57 pending=57 released=1085 retired=987 mean_uses=572.2 sum=368.3MiB max=16.0MiB
[LIMINA-ALLOC-STATS] pool=0xae3179b50 begins=1629000 live=62 peak=78 draining=0 borrowed=57 pending=57 released=1085 retired=987 mean_uses=572.2 sum=368.3MiB max=16.0MiB
[LIMINA-ALLOC-STATS] pool=0xae3179b50 begins=1629500 live=62 peak=78 draining=0 borrowed=58 pending=57 released=1085 retired=987 mean_uses=572.2 sum=368.3MiB max=16.0MiB
[LIMINA-ALLOC-STATS] pool=0xae7e4db50 begins=11500 live=1 peak=1 draining=0 borrowed=1 pending=0 released=0 retired=0 mean_uses=0.0 sum=9.8MiB max=9.8MiB
[LIMINA-ALLOC-STATS] pool=0xae3179b50 begins=1630000 live=62 peak=78 draining=0 borrowed=55 pending=54 released=1085 retired=987 mean_uses=572.2 sum=368.3MiB max=16.0MiB
[LIMINA-ALLOC-STATS] pool=0xae3179b50 begins=1630500 live=62 peak=78 draining=0 borrowed=57 pending=57 released=1085 retired=987 mean_uses=572.2 sum=368.6MiB max=16.0MiB
[LIMINA-ALLOC-STATS] pool=0xae3181b50 begins=15000 live=1 peak=1 draining=0 borrowed=1 pending=0 released=0 retired=0 mean_uses=0.0 sum=4.9MiB max=4.9MiB
[LIMINA-ALLOC-STATS] pool=0xae3179b50 begins=1631000 live=62 peak=78 draining=0 borrowed=58 pending=58 released=1085 retired=987 mean_uses=572.2 sum=368.6MiB max=16.0MiB
[LIMINA-ALLOC-STATS] pool=0xae317db50 begins=15000 live=1 peak=1 draining=0 borrowed=1 pending=0 released=0 retired=0 mean_uses=0.0 sum=4.9MiB max=4.9MiB
[LIMINA-ALLOC-STATS] pool=0xae3179b50 begins=1631500 live=62 peak=78 draining=0 borrowed=57 pending=60 released=1085 retired=987 mean_uses=572.2 sum=368.6MiB max=16.0MiB
[LIMINA-ALLOC-STATS] pool=0xae3179b50 begins=1632000 live=62 peak=78 draining=0 borrowed=59 pending=58 released=1085 retired=987 mean_uses=572.2 sum=368.6MiB max=16.0MiB
[LIMINA-ALLOC-STATS] pool=0xae7e4db50 begins=12000 live=1 peak=1 draining=0 borrowed=1 pending=1 released=0 retired=0 mean_uses=0.0 sum=9.8MiB max=9.8MiB
[LIMINA-ALLOC-STATS] pool=0xae3179b50 begins=1632500 live=62 peak=78 draining=0 borrowed=57 pending=56 released=1085 retired=987 mean_uses=572.2 sum=368.6MiB max=16.0MiB
[LIMINA-ALLOC-STATS] pool=0xae3179b50 begins=1633000 live=62 peak=78 draining=0 borrowed=56 pending=56 released=1085 retired=987 mean_uses=572.2 sum=368.6MiB max=16.0MiB
[LIMINA-ALLOC-STATS] pool=0xae3179b50 begins=1633500 live=62 peak=78 draining=0 borrowed=57 pending=57 released=1085 retired=987 mean_uses=572.2 sum=368.6MiB max=16.0MiB
[LIMINA-ALLOC-STATS] pool=0xae3179b50 begins=1634000 live=62 peak=78 draining=0 borrowed=57 pending=56 released=1085 retired=987 mean_uses=572.2 sum=368.6MiB max=16.0MiB
[LIMINA-ALLOC-STATS] pool=0xae7e4db50 begins=12500 live=1 peak=1 draining=0 borrowed=1 pending=1 released=0 retired=0 mean_uses=0.0 sum=9.8MiB max=9.8MiB
[LIMINA-ALLOC-STATS] pool=0xae3179b50 begins=1634500 live=62 peak=78 draining=0 borrowed=56 pending=55 released=1085 retired=987 mean_uses=572.2 sum=368.6MiB max=16.0MiB
[LIMINA-ALLOC-STATS] pool=0xae3179b50 begins=1635000 live=62 peak=78 draining=0 borrowed=58 pending=58 released=1085 retired=987 mean_uses=572.2 sum=368.6MiB max=16.0MiB
[LIMINA-ALLOC-STATS] pool=0xae3179b50 begins=1635500 live=62 peak=78 draining=0 borrowed=57 pending=57 released=1085 retired=987 mean_uses=572.2 sum=368.6MiB max=16.0MiB
[LIMINA-ALLOC-STATS] pool=0xae3179b50 begins=1636000 live=60 peak=78 draining=0 borrowed=55 pending=55 released=1087 retired=988 mean_uses=580.4 sum=343.1MiB max=16.0MiB
[LIMINA-ALLOC-STATS] pool=0xae7e4db50 begins=13000 live=1 peak=1 draining=0 borrowed=1 pending=0 released=0 retired=0 mean_uses=0.0 sum=9.8MiB max=9.8MiB
[LIMINA-ALLOC-STATS] pool=0xae3179b50 begins=1636500 live=60 peak=78 draining=0 borrowed=57 pending=57 released=1087 retired=988 mean_uses=580.4 sum=343.1MiB max=16.0MiB
[LIMINA-ALLOC-STATS] pool=0xae3179b50 begins=1637000 live=61 peak=78 draining=0 borrowed=58 pending=58 released=1087 retired=988 mean_uses=580.4 sum=345.6MiB max=16.0MiB
[LIMINA-ALLOC-STATS] pool=0xae3179b50 begins=1637500 live=61 peak=78 draining=0 borrowed=55 pending=55 released=1087 retired=988 mean_uses=580.4 sum=345.8MiB max=16.0MiB
[LIMINA-ALLOC-STATS] pool=0xae3179b50 begins=1638000 live=61 peak=78 draining=0 borrowed=58 pending=60 released=1087 retired=988 mean_uses=580.4 sum=345.9MiB max=16.0MiB
[LIMINA-ALLOC-STATS] pool=0xae3179b50 begins=1638500 live=61 peak=78 draining=0 borrowed=56 pending=56 released=1087 retired=988 mean_uses=580.4 sum=346.4MiB max=16.0MiB
[LIMINA-ALLOC-STATS] pool=0xae7e4db50 begins=13500 live=1 peak=1 draining=0 borrowed=1 pending=0 released=0 retired=0 mean_uses=0.0 sum=9.8MiB max=9.8MiB
[LIMINA-ALLOC-STATS] pool=0xae3179b50 begins=1639000 live=61 peak=78 draining=0 borrowed=56 pending=55 released=1087 retired=988 mean_uses=580.4 sum=346.4MiB max=16.0MiB
[LIMINA-ALLOC-STATS] pool=0xae3179b50 begins=1639500 live=61 peak=78 draining=0 borrowed=57 pending=56 released=1087 retired=988 mean_uses=580.4 sum=346.4MiB max=16.0MiB
[LIMINA-ALLOC-STATS] pool=0xae3179b50 begins=1640000 live=62 peak=78 draining=0 borrowed=56 pending=56 released=1087 retired=988 mean_uses=580.4 sum=346.4MiB max=16.0MiB
[LIMINA-ALLOC-STATS] pool=0xae3179b50 begins=1640500 live=62 peak=78 draining=0 borrowed=56 pending=56 released=1087 retired=988 mean_uses=580.4 sum=349.1MiB max=16.0MiB
[LIMINA-ALLOC-STATS] pool=0xae7e4db50 begins=14000 live=1 peak=1 draining=0 borrowed=1 pending=0 released=0 retired=0 mean_uses=0.0 sum=9.8MiB max=9.8MiB
[LIMINA-ALLOC-STATS] pool=0xae3179b50 begins=1641000 live=62 peak=78 draining=0 borrowed=57 pending=59 released=1087 retired=988 mean_uses=580.4 sum=349.5MiB max=16.0MiB
[LIMINA-ALLOC-STATS] pool=0xae3179b50 begins=1641500 live=62 peak=78 draining=0 borrowed=55 pending=55 released=1087 retired=988 mean_uses=580.4 sum=349.5MiB max=16.0MiB
[LIMINA-ALLOC-STATS] pool=0xae3179b50 begins=1642000 live=62 peak=78 draining=0 borrowed=56 pending=57 released=1087 retired=988 mean_uses=580.4 sum=351.7MiB max=16.0MiB
[LIMINA-ALLOC-STATS] pool=0xae3179b50 begins=1642500 live=62 peak=78 draining=0 borrowed=58 pending=57 released=1087 retired=988 mean_uses=580.4 sum=351.7MiB max=16.0MiB
[LIMINA-ALLOC-STATS] pool=0xae7e4db50 begins=14500 live=1 peak=1 draining=0 borrowed=1 pending=0 released=0 retired=0 mean_uses=0.0 sum=9.8MiB max=9.8MiB
[LIMINA-ALLOC-STATS] pool=0xae3179b50 begins=1643000 live=62 peak=78 draining=0 borrowed=58 pending=58 released=1087 retired=988 mean_uses=580.4 sum=351.7MiB max=16.0MiB
[LIMINA-ALLOC-STATS] pool=0xae3179b50 begins=1643500 live=62 peak=78 draining=0 borrowed=56 pending=55 released=1087 retired=988 mean_uses=580.4 sum=351.7MiB max=16.0MiB
[LIMINA-ALLOC-STATS] pool=0xae3179b50 begins=1644000 live=62 peak=78 draining=0 borrowed=59 pending=59 released=1087 retired=988 mean_uses=580.4 sum=352.0MiB max=16.0MiB
[LIMINA-ALLOC-STATS] pool=0xae3179b50 begins=1644500 live=62 peak=78 draining=0 borrowed=57 pending=57 released=1087 retired=988 mean_uses=580.4 sum=352.0MiB max=16.0MiB
[LIMINA-ALLOC-STATS] pool=0xae3179b50 begins=1645000 live=62 peak=78 draining=0 borrowed=56 pending=56 released=1087 retired=988 mean_uses=580.4 sum=354.3MiB max=16.0MiB
[LIMINA-ALLOC-STATS] pool=0xae7e4db50 begins=15000 live=1 peak=1 draining=0 borrowed=1 pending=0 released=0 retired=0 mean_uses=0.0 sum=9.8MiB max=9.8MiB
[LIMINA-ALLOC-STATS] pool=0xae3179b50 begins=1645500 live=62 peak=78 draining=0 borrowed=59 pending=58 released=1087 retired=988 mean_uses=580.4 sum=354.3MiB max=16.0MiB
[LIMINA-ALLOC-STATS] pool=0xae3179b50 begins=1646000 live=62 peak=78 draining=0 borrowed=57 pending=57 released=1087 retired=988 mean_uses=580.4 sum=354.3MiB max=16.0MiB
[LIMINA-ALLOC-STATS] pool=0xae3179b50 begins=1646500 live=62 peak=78 draining=0 borrowed=55 pending=56 released=1087 retired=988 mean_uses=580.4 sum=354.3MiB max=16.0MiB
[LIMINA-ALLOC-STATS] pool=0xae3179b50 begins=1647000 live=62 peak=78 draining=0 borrowed=57 pending=57 released=1087 retired=988 mean_uses=580.4 sum=354.3MiB max=16.0MiB
[LIMINA-ALLOC-STATS] pool=0xae7e4db50 begins=15500 live=1 peak=1 draining=0 borrowed=1 pending=0 released=0 retired=0 mean_uses=0.0 sum=9.8MiB max=9.8MiB
[LIMINA-ALLOC-STATS] pool=0xae3179b50 begins=1647500 live=62 peak=78 draining=0 borrowed=58 pending=57 released=1087 retired=988 mean_uses=580.4 sum=354.3MiB max=16.0MiB
[LIMINA-ALLOC-STATS] pool=0xae3179b50 begins=1648000 live=62 peak=78 draining=0 borrowed=57 pending=57 released=1087 retired=988 mean_uses=580.4 sum=358.3MiB max=16.0MiB
[LIMINA-ALLOC-STATS] pool=0xae3179b50 begins=1648500 live=62 peak=78 draining=0 borrowed=57 pending=57 released=1087 retired=988 mean_uses=580.4 sum=358.5MiB max=16.0MiB
[LIMINA-ALLOC-STATS] pool=0xae3179b50 begins=1649000 live=62 peak=78 draining=0 borrowed=57 pending=57 released=1087 retired=988 mean_uses=580.4 sum=358.5MiB max=16.0MiB
[LIMINA-ALLOC-STATS] pool=0xae3179b50 begins=1649500 live=62 peak=78 draining=0 borrowed=56 pending=55 released=1087 retired=988 mean_uses=580.4 sum=358.5MiB max=16.0MiB
[LIMINA-ALLOC-STATS] pool=0xae7e4db50 begins=16000 live=1 peak=1 draining=0 borrowed=1 pending=0 released=0 retired=0 mean_uses=0.0 sum=9.8MiB max=9.8MiB
[LIMINA-ALLOC-STATS] pool=0xae3179b50 begins=1650000 live=62 peak=78 draining=0 borrowed=56 pending=55 released=1087 retired=988 mean_uses=580.4 sum=358.5MiB max=16.0MiB
[LIMINA-ALLOC-STATS] pool=0xae3179b50 begins=1650500 live=62 peak=78 draining=0 borrowed=57 pending=56 released=1087 retired=988 mean_uses=580.4 sum=358.5MiB max=16.0MiB
[LIMINA-ALLOC-STATS] pool=0xae3179b50 begins=1651000 live=62 peak=78 draining=0 borrowed=56 pending=56 released=1087 retired=988 mean_uses=580.4 sum=358.5MiB max=16.0MiB
[LIMINA-ALLOC-STATS] pool=0xae3179b50 begins=1651500 live=62 peak=78 draining=0 borrowed=59 pending=58 released=1087 retired=988 mean_uses=580.4 sum=358.5MiB max=16.0MiB
[LIMINA-ALLOC-STATS] pool=0xae7e4db50 begins=16500 live=1 peak=1 draining=0 borrowed=1 pending=1 released=0 retired=0 mean_uses=0.0 sum=9.8MiB max=9.8MiB
[LIMINA-ALLOC-STATS] pool=0xae3179b50 begins=1652000 live=62 peak=78 draining=0 borrowed=57 pending=58 released=1087 retired=988 mean_uses=580.4 sum=358.5MiB max=16.0MiB
[LIMINA-ALLOC-STATS] pool=0xae3179b50 begins=1652500 live=62 peak=78 draining=0 borrowed=57 pending=57 released=1087 retired=988 mean_uses=580.4 sum=358.7MiB max=16.0MiB
[LIMINA-ALLOC-STATS] pool=0xae3179b50 begins=1653000 live=62 peak=78 draining=0 borrowed=57 pending=58 released=1087 retired=988 mean_uses=580.4 sum=358.7MiB max=16.0MiB
[LIMINA-ALLOC-STATS] pool=0xae3179b50 begins=1653500 live=62 peak=78 draining=0 borrowed=59 pending=58 released=1087 retired=988 mean_uses=580.4 sum=358.7MiB max=16.0MiB
[LIMINA-ALLOC-STATS] pool=0xae7e4db50 begins=17000 live=1 peak=1 draining=0 borrowed=1 pending=0 released=0 retired=0 mean_uses=0.0 sum=9.8MiB max=9.8MiB
[LIMINA-ALLOC-STATS] pool=0xae3179b50 begins=1654000 live=62 peak=78 draining=0 borrowed=56 pending=58 released=1087 retired=988 mean_uses=580.4 sum=358.7MiB max=16.0MiB
[LIMINA-ALLOC-STATS] pool=0xae3179b50 begins=1654500 live=62 peak=78 draining=0 borrowed=57 pending=57 released=1087 retired=988 mean_uses=580.4 sum=358.7MiB max=16.0MiB
[LIMINA-ALLOC-STATS] pool=0xae3179b50 begins=1655000 live=62 peak=78 draining=0 borrowed=59 pending=59 released=1087 retired=988 mean_uses=580.4 sum=358.7MiB max=16.0MiB
[LIMINA-ALLOC-STATS] pool=0xae3179b50 begins=1655500 live=62 peak=78 draining=0 borrowed=56 pending=56 released=1087 retired=988 mean_uses=580.4 sum=358.7MiB max=16.0MiB
[LIMINA-ALLOC-STATS] pool=0xae3179b50 begins=1656000 live=62 peak=78 draining=0 borrowed=58 pending=58 released=1087 retired=988 mean_uses=580.4 sum=358.7MiB max=16.0MiB
[LIMINA-ALLOC-STATS] pool=0xae7e4db50 begins=17500 live=1 peak=1 draining=0 borrowed=1 pending=0 released=0 retired=0 mean_uses=0.0 sum=9.8MiB max=9.8MiB
[LIMINA-ALLOC-STATS] pool=0xae3179b50 begins=1656500 live=62 peak=78 draining=0 borrowed=57 pending=58 released=1087 retired=988 mean_uses=580.4 sum=358.7MiB max=16.0MiB
[LIMINA-ALLOC-STATS] pool=0xae3179b50 begins=1657000 live=61 peak=78 draining=0 borrowed=57 pending=57 released=1088 retired=988 mean_uses=580.4 sum=348.1MiB max=16.0MiB
[LIMINA-ALLOC-STATS] pool=0xae3179b50 begins=1657500 live=61 peak=78 draining=0 borrowed=59 pending=58 released=1088 retired=988 mean_uses=580.4 sum=348.1MiB max=16.0MiB
[LIMINA-ALLOC-STATS] pool=0xae3179b50 begins=1658000 live=61 peak=78 draining=0 borrowed=56 pending=56 released=1088 retired=988 mean_uses=580.4 sum=348.1MiB max=16.0MiB
[LIMINA-ALLOC-STATS] pool=0xae7e4db50 begins=18000 live=1 peak=1 draining=0 borrowed=1 pending=0 released=0 retired=0 mean_uses=0.0 sum=9.8MiB max=9.8MiB
[LIMINA-ALLOC-STATS] pool=0xae3179b50 begins=1658500 live=61 peak=78 draining=0 borrowed=56 pending=56 released=1088 retired=988 mean_uses=580.4 sum=348.1MiB max=16.0MiB
[LIMINA-ALLOC-STATS] pool=0xae3179b50 begins=1659000 live=61 peak=78 draining=0 borrowed=57 pending=57 released=1088 retired=988 mean_uses=580.4 sum=348.1MiB max=16.0MiB
[LIMINA-ALLOC-STATS] pool=0xae3179b50 begins=1659500 live=61 peak=78 draining=0 borrowed=57 pending=56 released=1088 retired=988 mean_uses=580.4 sum=348.1MiB max=16.0MiB
[LIMINA-ALLOC-STATS] pool=0xae3179b50 begins=1660000 live=61 peak=78 draining=0 borrowed=55 pending=55 released=1088 retired=988 mean_uses=580.4 sum=348.1MiB max=16.0MiB
[LIMINA-ALLOC-STATS] pool=0xae3179b50 begins=1660500 live=61 peak=78 draining=0 borrowed=59 pending=61 released=1088 retired=988 mean_uses=580.4 sum=348.1MiB max=16.0MiB
[LIMINA-ALLOC-STATS] pool=0xae7e4db50 begins=18500 live=1 peak=1 draining=0 borrowed=1 pending=0 released=0 retired=0 mean_uses=0.0 sum=9.8MiB max=9.8MiB
[LIMINA-ALLOC-STATS] pool=0xae3179b50 begins=1661000 live=61 peak=78 draining=0 borrowed=56 pending=56 released=1088 retired=988 mean_uses=580.4 sum=348.1MiB max=16.0MiB
[LIMINA-ALLOC-STATS] pool=0xae3179b50 begins=1661500 live=61 peak=78 draining=0 borrowed=55 pending=56 released=1088 retired=988 mean_uses=580.4 sum=348.1MiB max=16.0MiB
[LIMINA-ALLOC-STATS] pool=0xae3179b50 begins=1662000 live=61 peak=78 draining=0 borrowed=58 pending=58 released=1088 retired=988 mean_uses=580.4 sum=348.1MiB max=16.0MiB
[LIMINA-ALLOC-STATS] pool=0xae3179b50 begins=1662500 live=61 peak=78 draining=0 borrowed=57 pending=57 released=1088 retired=988 mean_uses=580.4 sum=348.1MiB max=16.0MiB
[LIMINA-ALLOC-STATS] pool=0xae7e4db50 begins=19000 live=1 peak=1 draining=0 borrowed=1 pending=0 released=0 retired=0 mean_uses=0.0 sum=9.8MiB max=9.8MiB
[LIMINA-ALLOC-STATS] pool=0xae3179b50 begins=1663000 live=61 peak=78 draining=0 borrowed=55 pending=55 released=1088 retired=988 mean_uses=580.4 sum=348.1MiB max=16.0MiB
[LIMINA-ALLOC-STATS] pool=0xae3179b50 begins=1663500 live=61 peak=78 draining=0 borrowed=58 pending=57 released=1088 retired=988 mean_uses=580.4 sum=348.2MiB max=16.0MiB
[LIMINA-ALLOC-STATS] pool=0xae3179b50 begins=1664000 live=61 peak=78 draining=0 borrowed=57 pending=57 released=1088 retired=988 mean_uses=580.4 sum=348.2MiB max=16.0MiB
[LIMINA-ALLOC-STATS] pool=0xae3179b50 begins=1664500 live=61 peak=78 draining=0 borrowed=56 pending=56 released=1088 retired=988 mean_uses=580.4 sum=348.4MiB max=16.0MiB
[LIMINA-ALLOC-STATS] pool=0xae3179b50 begins=1665000 live=61 peak=78 draining=0 borrowed=59 pending=61 released=1088 retired=988 mean_uses=580.4 sum=348.4MiB max=16.0MiB
[LIMINA-ALLOC-STATS] pool=0xae7e4db50 begins=19500 live=1 peak=1 draining=0 borrowed=1 pending=1 released=0 retired=0 mean_uses=0.0 sum=9.8MiB max=9.8MiB
[LIMINA-ALLOC-STATS] pool=0xae3179b50 begins=1665500 live=61 peak=78 draining=0 borrowed=56 pending=56 released=1088 retired=988 mean_uses=580.4 sum=348.4MiB max=16.0MiB
[LIMINA-ALLOC-STATS] pool=0xae3179b50 begins=1666000 live=61 peak=78 draining=0 borrowed=56 pending=56 released=1088 retired=988 mean_uses=580.4 sum=348.4MiB max=16.0MiB
[LIMINA-ALLOC-STATS] pool=0xae3179b50 begins=1666500 live=61 peak=78 draining=0 borrowed=56 pending=56 released=1088 retired=988 mean_uses=580.4 sum=348.4MiB max=16.0MiB
[LIMINA-ALLOC-STATS] pool=0xae3179b50 begins=1667000 live=61 peak=78 draining=0 borrowed=57 pending=57 released=1088 retired=988 mean_uses=580.4 sum=348.4MiB max=16.0MiB
[LIMINA-ALLOC-STATS] pool=0xae7e4db50 begins=20000 live=1 peak=1 draining=0 borrowed=1 pending=1 released=0 retired=0 mean_uses=0.0 sum=9.8MiB max=9.8MiB
[LIMINA-ALLOC-STATS] pool=0xae3179b50 begins=1667500 live=61 peak=78 draining=0 borrowed=55 pending=55 released=1088 retired=988 mean_uses=580.4 sum=349.6MiB max=16.0MiB
[LIMINA-ALLOC-STATS] pool=0xae3179b50 begins=1668000 live=61 peak=78 draining=0 borrowed=58 pending=57 released=1088 retired=988 mean_uses=580.4 sum=349.6MiB max=16.0MiB
[LIMINA-ALLOC-STATS] pool=0xae3179b50 begins=1668500 live=61 peak=78 draining=0 borrowed=56 pending=55 released=1088 retired=988 mean_uses=580.4 sum=349.8MiB max=16.0MiB
[LIMINA-ALLOC-STATS] pool=0xae3179b50 begins=1669000 live=61 peak=78 draining=0 borrowed=57 pending=57 released=1088 retired=988 mean_uses=580.4 sum=349.8MiB max=16.0MiB
[LIMINA-ALLOC-STATS] pool=0xae3179b50 begins=1669500 live=61 peak=78 draining=0 borrowed=58 pending=58 released=1088 retired=988 mean_uses=580.4 sum=349.8MiB max=16.0MiB
[LIMINA-ALLOC-STATS] pool=0xae7e4db50 begins=20500 live=1 peak=1 draining=0 borrowed=1 pending=0 released=0 retired=0 mean_uses=0.0 sum=9.8MiB max=9.8MiB
[LIMINA-ALLOC-STATS] pool=0xae3179b50 begins=1670000 live=61 peak=78 draining=0 borrowed=56 pending=56 released=1088 retired=988 mean_uses=580.4 sum=349.8MiB max=16.0MiB
[LIMINA-ALLOC-STATS] pool=0xae3179b50 begins=1670500 live=61 peak=78 draining=0 borrowed=56 pending=56 released=1088 retired=988 mean_uses=580.4 sum=349.8MiB max=16.0MiB
[LIMINA-ALLOC-STATS] pool=0xae3179b50 begins=1671000 live=61 peak=78 draining=0 borrowed=59 pending=58 released=1088 retired=988 mean_uses=580.4 sum=349.8MiB max=16.0MiB
[LIMINA-ALLOC-STATS] pool=0xae3179b50 begins=1671500 live=61 peak=78 draining=0 borrowed=57 pending=57 released=1088 retired=988 mean_uses=580.4 sum=349.8MiB max=16.0MiB
[LIMINA-ALLOC-STATS] pool=0xae7e4db50 begins=21000 live=1 peak=1 draining=0 borrowed=1 pending=0 released=0 retired=0 mean_uses=0.0 sum=9.8MiB max=9.8MiB
[LIMINA-ALLOC-STATS] pool=0xae3179b50 begins=1672000 live=61 peak=78 draining=0 borrowed=55 pending=55 released=1088 retired=988 mean_uses=580.4 sum=349.8MiB max=16.0MiB
[LIMINA-ALLOC-STATS] pool=0xae3179b50 begins=1672500 live=61 peak=78 draining=0 borrowed=58 pending=58 released=1088 retired=988 mean_uses=580.4 sum=349.8MiB max=16.0MiB
[LIMINA-ALLOC-STATS] pool=0xae3179b50 begins=1673000 live=61 peak=78 draining=0 borrowed=58 pending=57 released=1088 retired=988 mean_uses=580.4 sum=349.8MiB max=16.0MiB
[LIMINA-ALLOC-STATS] pool=0xae3179b50 begins=1673500 live=61 peak=78 draining=0 borrowed=55 pending=55 released=1088 retired=988 mean_uses=580.4 sum=349.8MiB max=16.0MiB
[LIMINA-ALLOC-STATS] pool=0xae3179b50 begins=1674000 live=61 peak=78 draining=0 borrowed=58 pending=57 released=1088 retired=988 mean_uses=580.4 sum=349.8MiB max=16.0MiB
[LIMINA-ALLOC-STATS] pool=0xae7e4db50 begins=21500 live=1 peak=1 draining=0 borrowed=1 pending=0 released=0 retired=0 mean_uses=0.0 sum=9.8MiB max=9.8MiB
[LIMINA-ALLOC-STATS] pool=0xae3179b50 begins=1674500 live=61 peak=78 draining=0 borrowed=57 pending=56 released=1088 retired=988 mean_uses=580.4 sum=349.8MiB max=16.0MiB
[LIMINA-ALLOC-STATS] pool=0xae3179b50 begins=1675000 live=61 peak=78 draining=0 borrowed=55 pending=55 released=1088 retired=988 mean_uses=580.4 sum=349.8MiB max=16.0MiB
[LIMINA-ALLOC-STATS] pool=0xae3179b50 begins=1675500 live=61 peak=78 draining=0 borrowed=58 pending=58 released=1088 retired=988 mean_uses=580.4 sum=349.8MiB max=16.0MiB
[LIMINA-ALLOC-STATS] pool=0xae3179b50 begins=1676000 live=61 peak=78 draining=0 borrowed=57 pending=56 released=1088 retired=988 mean_uses=580.4 sum=349.8MiB max=16.0MiB
[LIMINA-ALLOC-STATS] pool=0xae7e4db50 begins=22000 live=1 peak=1 draining=0 borrowed=1 pending=0 released=0 retired=0 mean_uses=0.0 sum=9.8MiB max=9.8MiB
[LIMINA-ALLOC-STATS] pool=0xae3179b50 begins=1676500 live=61 peak=78 draining=0 borrowed=56 pending=56 released=1088 retired=988 mean_uses=580.4 sum=349.8MiB max=16.0MiB
[LIMINA-ALLOC-STATS] pool=0xae3179b50 begins=1677000 live=61 peak=78 draining=0 borrowed=59 pending=59 released=1088 retired=988 mean_uses=580.4 sum=349.8MiB max=16.0MiB
[LIMINA-ALLOC-STATS] pool=0xae3179b50 begins=1677500 live=61 peak=78 draining=0 borrowed=56 pending=56 released=1088 retired=988 mean_uses=580.4 sum=349.8MiB max=16.0MiB
[LIMINA-ALLOC-STATS] pool=0xae3179b50 begins=1678000 live=61 peak=78 draining=0 borrowed=56 pending=57 released=1088 retired=988 mean_uses=580.4 sum=349.8MiB max=16.0MiB
[LIMINA-ALLOC-STATS] pool=0xae3179b50 begins=1678500 live=61 peak=78 draining=0 borrowed=58 pending=58 released=1088 retired=988 mean_uses=580.4 sum=349.8MiB max=16.0MiB
[LIMINA-ALLOC-STATS] pool=0xae7e4db50 begins=22500 live=1 peak=1 draining=0 borrowed=1 pending=0 released=0 retired=0 mean_uses=0.0 sum=9.8MiB max=9.8MiB
[LIMINA-ALLOC-STATS] pool=0xae3179b50 begins=1679000 live=61 peak=78 draining=0 borrowed=58 pending=58 released=1088 retired=988 mean_uses=580.4 sum=349.8MiB max=16.0MiB
[LIMINA-ALLOC-STATS] pool=0xae3179b50 begins=1679500 live=61 peak=78 draining=0 borrowed=55 pending=55 released=1088 retired=988 mean_uses=580.4 sum=349.8MiB max=16.0MiB
[LIMINA-ALLOC-STATS] pool=0xae3179b50 begins=1680000 live=61 peak=78 draining=0 borrowed=58 pending=58 released=1088 retired=988 mean_uses=580.4 sum=349.8MiB max=16.0MiB
[LIMINA-ALLOC-STATS] pool=0xae3179b50 begins=1680500 live=61 peak=78 draining=0 borrowed=57 pending=56 released=1088 retired=988 mean_uses=580.4 sum=349.8MiB max=16.0MiB
[LIMINA-ALLOC-STATS] pool=0xae7e4db50 begins=23000 live=1 peak=1 draining=0 borrowed=1 pending=0 released=0 retired=0 mean_uses=0.0 sum=9.8MiB max=9.8MiB
[LIMINA-ALLOC-STATS] pool=0xae3179b50 begins=1681000 live=61 peak=78 draining=0 borrowed=56 pending=56 released=1088 retired=988 mean_uses=580.4 sum=349.8MiB max=16.0MiB
[LIMINA-ALLOC-STATS] pool=0xae3179b50 begins=1681500 live=61 peak=78 draining=0 borrowed=58 pending=59 released=1088 retired=988 mean_uses=580.4 sum=349.8MiB max=16.0MiB
[LIMINA-ALLOC-STATS] pool=0xae3179b50 begins=1682000 live=61 peak=78 draining=0 borrowed=55 pending=55 released=1088 retired=988 mean_uses=580.4 sum=349.8MiB max=16.0MiB
[LIMINA-ALLOC-STATS] pool=0xae3179b50 begins=1682500 live=61 peak=78 draining=0 borrowed=59 pending=59 released=1088 retired=988 mean_uses=580.4 sum=349.8MiB max=16.0MiB
[LIMINA-ALLOC-STATS] pool=0xae3179b50 begins=1683000 live=61 peak=78 draining=0 borrowed=58 pending=57 released=1088 retired=988 mean_uses=580.4 sum=349.8MiB max=16.0MiB
[LIMINA-ALLOC-STATS] pool=0xae7e4db50 begins=23500 live=1 peak=1 draining=0 borrowed=1 pending=1 released=0 retired=0 mean_uses=0.0 sum=9.8MiB max=9.8MiB
[LIMINA-ALLOC-STATS] pool=0xae3179b50 begins=1683500 live=61 peak=78 draining=0 borrowed=56 pending=57 released=1088 retired=988 mean_uses=580.4 sum=349.8MiB max=16.0MiB
[LIMINA-ALLOC-STATS] pool=0xae3179b50 begins=1684000 live=61 peak=78 draining=0 borrowed=57 pending=56 released=1088 retired=988 mean_uses=580.4 sum=349.8MiB max=16.0MiB
[LIMINA-ALLOC-STATS] pool=0xae3179b50 begins=1684500 live=61 peak=78 draining=0 borrowed=58 pending=58 released=1088 retired=988 mean_uses=580.4 sum=349.8MiB max=16.0MiB
[LIMINA-ALLOC-STATS] pool=0xae3179b50 begins=1685000 live=61 peak=78 draining=0 borrowed=56 pending=56 released=1088 retired=988 mean_uses=580.4 sum=349.8MiB max=16.0MiB
[LIMINA-ALLOC-STATS] pool=0xae7e4db50 begins=24000 live=1 peak=1 draining=0 borrowed=1 pending=1 released=0 retired=0 mean_uses=0.0 sum=9.8MiB max=9.8MiB
[LIMINA-ALLOC-STATS] pool=0xae3179b50 begins=1685500 live=61 peak=78 draining=0 borrowed=55 pending=54 released=1088 retired=988 mean_uses=580.4 sum=349.9MiB max=16.0MiB
[LIMINA-ALLOC-STATS] pool=0xae3179b50 begins=1686000 live=61 peak=78 draining=0 borrowed=56 pending=56 released=1088 retired=988 mean_uses=580.4 sum=349.9MiB max=16.0MiB
[LIMINA-ALLOC-STATS] pool=0xae3179b50 begins=1686500 live=61 peak=78 draining=0 borrowed=56 pending=56 released=1088 retired=988 mean_uses=580.4 sum=349.9MiB max=16.0MiB
[LIMINA-ALLOC-STATS] pool=0xae3179b50 begins=1687000 live=61 peak=78 draining=0 borrowed=57 pending=57 released=1088 retired=988 mean_uses=580.4 sum=349.9MiB max=16.0MiB
[LIMINA-ALLOC-STATS] pool=0xae3179b50 begins=1687500 live=61 peak=78 draining=0 borrowed=57 pending=57 released=1088 retired=988 mean_uses=580.4 sum=349.9MiB max=16.0MiB
[LIMINA-ALLOC-STATS] pool=0xae7e4db50 begins=24500 live=1 peak=1 draining=0 borrowed=1 pending=1 released=0 retired=0 mean_uses=0.0 sum=9.8MiB max=9.8MiB
[LIMINA-ALLOC-STATS] pool=0xae3179b50 begins=1688000 live=61 peak=78 draining=0 borrowed=56 pending=57 released=1088 retired=988 mean_uses=580.4 sum=349.9MiB max=16.0MiB
[LIMINA-ALLOC-STATS] pool=0xae3179b50 begins=1688500 live=61 peak=78 draining=0 borrowed=55 pending=54 released=1088 retired=988 mean_uses=580.4 sum=349.9MiB max=16.0MiB
[LIMINA-ALLOC-STATS] pool=0xae3179b50 begins=1689000 live=61 peak=78 draining=0 borrowed=58 pending=58 released=1088 retired=988 mean_uses=580.4 sum=349.9MiB max=16.0MiB
[LIMINA-ALLOC-STATS] pool=0xae3179b50 begins=1689500 live=61 peak=78 draining=0 borrowed=58 pending=60 released=1088 retired=988 mean_uses=580.4 sum=349.9MiB max=16.0MiB
[LIMINA-ALLOC-STATS] pool=0xae7e4db50 begins=25000 live=1 peak=1 draining=0 borrowed=1 pending=0 released=0 retired=0 mean_uses=0.0 sum=9.8MiB max=9.8MiB
[LIMINA-ALLOC-STATS] pool=0xae3179b50 begins=1690000 live=61 peak=78 draining=0 borrowed=56 pending=55 released=1088 retired=988 mean_uses=580.4 sum=349.9MiB max=16.0MiB
[LIMINA-ALLOC-STATS] pool=0xae3179b50 begins=1690500 live=61 peak=78 draining=0 borrowed=58 pending=58 released=1088 retired=988 mean_uses=580.4 sum=349.9MiB max=16.0MiB
[LIMINA-ALLOC-STATS] pool=0xae3179b50 begins=1691000 live=61 peak=78 draining=0 borrowed=56 pending=56 released=1088 retired=988 mean_uses=580.4 sum=349.9MiB max=16.0MiB
[LIMINA-ALLOC-STATS] pool=0xae3179b50 begins=1691500 live=61 peak=78 draining=0 borrowed=57 pending=57 released=1088 retired=988 mean_uses=580.4 sum=349.9MiB max=16.0MiB
[LIMINA-ALLOC-STATS] pool=0xae3179b50 begins=1692000 live=61 peak=78 draining=0 borrowed=57 pending=57 released=1088 retired=988 mean_uses=580.4 sum=349.9MiB max=16.0MiB
[LIMINA-ALLOC-STATS] pool=0xae7e4db50 begins=25500 live=1 peak=1 draining=0 borrowed=1 pending=0 released=0 retired=0 mean_uses=0.0 sum=9.8MiB max=9.8MiB
[LIMINA-ALLOC-STATS] pool=0xae3179b50 begins=1692500 live=61 peak=78 draining=0 borrowed=57 pending=57 released=1088 retired=988 mean_uses=580.4 sum=349.9MiB max=16.0MiB
[LIMINA-ALLOC-STATS] pool=0xae3179b50 begins=1693000 live=61 peak=78 draining=0 borrowed=57 pending=56 released=1088 retired=988 mean_uses=580.4 sum=349.9MiB max=16.0MiB
[LIMINA-ALLOC-STATS] pool=0xae3179b50 begins=1693500 live=61 peak=78 draining=0 borrowed=59 pending=59 released=1088 retired=988 mean_uses=580.4 sum=349.9MiB max=16.0MiB
[LIMINA-ALLOC-STATS] pool=0xae3179b50 begins=1694000 live=62 peak=78 draining=0 borrowed=57 pending=60 released=1088 retired=988 mean_uses=580.4 sum=352.5MiB max=16.0MiB
[LIMINA-ALLOC-STATS] pool=0xae3179b50 begins=1694500 live=62 peak=78 draining=0 borrowed=56 pending=56 released=1088 retired=988 mean_uses=580.4 sum=352.6MiB max=16.0MiB
[LIMINA-ALLOC-STATS] pool=0xae7e4db50 begins=26000 live=1 peak=1 draining=0 borrowed=1 pending=0 released=0 retired=0 mean_uses=0.0 sum=9.8MiB max=9.8MiB
[LIMINA-ALLOC-STATS] pool=0xae3179b50 begins=1695000 live=62 peak=78 draining=0 borrowed=57 pending=56 released=1088 retired=988 mean_uses=580.4 sum=352.6MiB max=16.0MiB
[LIMINA-ALLOC-STATS] pool=0xae3179b50 begins=1695500 live=62 peak=78 draining=0 borrowed=57 pending=57 released=1088 retired=988 mean_uses=580.4 sum=352.6MiB max=16.0MiB
[LIMINA-ALLOC-STATS] pool=0xae3179b50 begins=1696000 live=62 peak=78 draining=0 borrowed=55 pending=55 released=1088 retired=988 mean_uses=580.4 sum=352.6MiB max=16.0MiB
[LIMINA-ALLOC-STATS] pool=0xae3179b50 begins=1696500 live=62 peak=78 draining=0 borrowed=59 pending=61 released=1088 retired=988 mean_uses=580.4 sum=352.6MiB max=16.0MiB
[LIMINA-ALLOC-STATS] pool=0xae7e4db50 begins=26500 live=1 peak=1 draining=0 borrowed=1 pending=1 released=0 retired=0 mean_uses=0.0 sum=9.8MiB max=9.8MiB
[LIMINA-ALLOC-STATS] pool=0xae3179b50 begins=1697000 live=62 peak=78 draining=0 borrowed=56 pending=56 released=1088 retired=988 mean_uses=580.4 sum=352.6MiB max=16.0MiB
[LIMINA-ALLOC-STATS] pool=0xae3179b50 begins=1697500 live=62 peak=78 draining=0 borrowed=55 pending=54 released=1088 retired=988 mean_uses=580.4 sum=352.6MiB max=16.0MiB
[LIMINA-ALLOC-STATS] pool=0xae3179b50 begins=1698000 live=62 peak=78 draining=0 borrowed=58 pending=58 released=1088 retired=988 mean_uses=580.4 sum=352.6MiB max=16.0MiB
[LIMINA-ALLOC-STATS] pool=0xae3179b50 begins=1698500 live=62 peak=78 draining=0 borrowed=58 pending=58 released=1088 retired=988 mean_uses=580.4 sum=353.0MiB max=16.0MiB
[LIMINA-ALLOC-STATS] pool=0xae3179b50 begins=1699000 live=62 peak=78 draining=0 borrowed=56 pending=56 released=1088 retired=988 mean_uses=580.4 sum=353.0MiB max=16.0MiB
[LIMINA-ALLOC-STATS] pool=0xae7e4db50 begins=27000 live=1 peak=1 draining=0 borrowed=1 pending=1 released=0 retired=0 mean_uses=0.0 sum=9.8MiB max=9.8MiB
[LIMINA-ALLOC-STATS] pool=0xae3179b50 begins=1699500 live=62 peak=78 draining=0 borrowed=59 pending=61 released=1088 retired=988 mean_uses=580.4 sum=353.0MiB max=16.0MiB
[LIMINA-ALLOC-STATS] pool=0xae3179b50 begins=1700000 live=62 peak=78 draining=0 borrowed=56 pending=56 released=1088 retired=988 mean_uses=580.4 sum=353.0MiB max=16.0MiB
[LIMINA-ALLOC-STATS] pool=0xae3179b50 begins=1700500 live=62 peak=78 draining=0 borrowed=55 pending=55 released=1088 retired=988 mean_uses=580.4 sum=353.0MiB max=16.0MiB
[LIMINA-ALLOC-STATS] pool=0xae3181b50 begins=15500 live=1 peak=1 draining=0 borrowed=1 pending=0 released=0 retired=0 mean_uses=0.0 sum=4.9MiB max=4.9MiB
[LIMINA-ALLOC-STATS] pool=0xae317db50 begins=15500 live=1 peak=1 draining=0 borrowed=1 pending=0 released=0 retired=0 mean_uses=0.0 sum=4.9MiB max=4.9MiB
[LIMINA-ALLOC-STATS] pool=0xae3179b50 begins=1701000 live=62 peak=78 draining=0 borrowed=56 pending=56 released=1088 retired=988 mean_uses=580.4 sum=353.0MiB max=16.0MiB
[LIMINA-ALLOC-STATS] pool=0xae7e4db50 begins=27500 live=1 peak=1 draining=0 borrowed=1 pending=0 released=0 retired=0 mean_uses=0.0 sum=9.8MiB max=9.8MiB
[LIMINA-ALLOC-STATS] pool=0xae3179b50 begins=1701500 live=62 peak=78 draining=0 borrowed=58 pending=58 released=1088 retired=988 mean_uses=580.4 sum=353.0MiB max=16.0MiB
[LIMINA-ALLOC-STATS] pool=0xae3179b50 begins=1702000 live=62 peak=78 draining=0 borrowed=54 pending=54 released=1088 retired=988 mean_uses=580.4 sum=353.0MiB max=16.0MiB
[LIMINA-ALLOC-POOL] teardown: pool=0xae7e4db50 live=1 peak=1 released=0 ceiling-waits=0 ceiling-fails=0
[2026-10-07T14:28:35.470383Z INFO  krun_devices::virtio::gpu::virtio_gpu] CTX_CREATE ctx=10 init=0x4 name=Some("vkmark\0\0\0\0\0\0\0\0\0\0\0\0\0\0\0\0\0\0\0\0\0\0\0\0\0\0\0\0\0\0\0\0\0\0\0\0\0\0\0\0\0\0\0\0\0\0\0\0\0\0\0\0\0\0\0\0\0\0")
[LIMINA-ALLOC-STATS] pool=0xae3179b50 begins=1702500 live=61 peak=78 draining=0 borrowed=59 pending=58 released=1089 retired=989 mean_uses=592.4 sum=345.5MiB max=15.9MiB
[LIMINA-ALLOC-STATS] pool=0xae3179b50 begins=1703000 live=61 peak=78 draining=0 borrowed=56 pending=56 released=1089 retired=989 mean_uses=592.4 sum=357.3MiB max=15.9MiB
[LIMINA-ALLOC-STATS] pool=0xae3179b50 begins=1703500 live=61 peak=78 draining=0 borrowed=57 pending=57 released=1089 retired=989 mean_uses=592.4 sum=361.2MiB max=15.9MiB
[LIMINA-ALLOC-STATS] pool=0xae3179b50 begins=1704000 live=61 peak=78 draining=0 borrowed=57 pending=58 released=1089 retired=989 mean_uses=592.4 sum=361.5MiB max=15.9MiB
[LIMINA-ALLOC-STATS] pool=0xae3179b50 begins=1704500 live=61 peak=78 draining=0 borrowed=57 pending=56 released=1089 retired=989 mean_uses=592.4 sum=364.0MiB max=15.9MiB
[LIMINA-ALLOC-STATS] pool=0xae7e4db50 begins=500 live=1 peak=1 draining=0 borrowed=1 pending=0 released=0 retired=0 mean_uses=0.0 sum=9.8MiB max=9.8MiB
[LIMINA-ALLOC-STATS] pool=0xae3179b50 begins=1705000 live=61 peak=78 draining=0 borrowed=56 pending=55 released=1089 retired=989 mean_uses=592.4 sum=364.2MiB max=15.9MiB
[LIMINA-ALLOC-STATS] pool=0xae3179b50 begins=1705500 live=61 peak=78 draining=0 borrowed=57 pending=56 released=1089 retired=989 mean_uses=592.4 sum=364.3MiB max=15.9MiB
[LIMINA-ALLOC-STATS] pool=0xae3179b50 begins=1706000 live=61 peak=78 draining=0 borrowed=58 pending=58 released=1089 retired=989 mean_uses=592.4 sum=364.3MiB max=15.9MiB
[LIMINA-ALLOC-STATS] pool=0xae3179b50 begins=1706500 live=61 peak=78 draining=0 borrowed=57 pending=56 released=1089 retired=989 mean_uses=592.4 sum=364.3MiB max=15.9MiB
[LIMINA-ALLOC-STATS] pool=0xae7e4db50 begins=1000 live=1 peak=1 draining=0 borrowed=1 pending=0 released=0 retired=0 mean_uses=0.0 sum=9.8MiB max=9.8MiB
[LIMINA-ALLOC-STATS] pool=0xae3179b50 begins=1707000 live=61 peak=78 draining=0 borrowed=58 pending=57 released=1089 retired=989 mean_uses=592.4 sum=364.3MiB max=15.9MiB
[LIMINA-ALLOC-STATS] pool=0xae3179b50 begins=1707500 live=61 peak=78 draining=0 borrowed=56 pending=55 released=1089 retired=989 mean_uses=592.4 sum=364.3MiB max=15.9MiB
[LIMINA-ALLOC-STATS] pool=0xae3179b50 begins=1708000 live=61 peak=78 draining=0 borrowed=56 pending=56 released=1089 retired=989 mean_uses=592.4 sum=364.3MiB max=15.9MiB
[LIMINA-ALLOC-STATS] pool=0xae3179b50 begins=1708500 live=61 peak=78 draining=0 borrowed=58 pending=57 released=1089 retired=989 mean_uses=592.4 sum=364.3MiB max=15.9MiB
[LIMINA-ALLOC-STATS] pool=0xae7e4db50 begins=1500 live=1 peak=1 draining=0 borrowed=1 pending=0 released=0 retired=0 mean_uses=0.0 sum=9.8MiB max=9.8MiB
[LIMINA-ALLOC-STATS] pool=0xae3179b50 begins=1709000 live=61 peak=78 draining=0 borrowed=57 pending=57 released=1089 retired=989 mean_uses=592.4 sum=364.3MiB max=15.9MiB
[LIMINA-ALLOC-STATS] pool=0xae3179b50 begins=1709500 live=61 peak=78 draining=0 borrowed=55 pending=55 released=1089 retired=989 mean_uses=592.4 sum=364.3MiB max=15.9MiB
[LIMINA-ALLOC-STATS] pool=0xae3179b50 begins=1710000 live=61 peak=78 draining=0 borrowed=59 pending=58 released=1089 retired=989 mean_uses=592.4 sum=364.3MiB max=15.9MiB
[LIMINA-ALLOC-STATS] pool=0xae3179b50 begins=1710500 live=61 peak=78 draining=0 borrowed=56 pending=55 released=1089 retired=989 mean_uses=592.4 sum=364.3MiB max=15.9MiB
[LIMINA-ALLOC-STATS] pool=0xae3179b50 begins=1711000 live=61 peak=78 draining=0 borrowed=56 pending=56 released=1089 retired=989 mean_uses=592.4 sum=364.3MiB max=15.9MiB
[LIMINA-ALLOC-STATS] pool=0xae7e4db50 begins=2000 live=1 peak=1 draining=0 borrowed=1 pending=0 released=0 retired=0 mean_uses=0.0 sum=9.8MiB max=9.8MiB
[LIMINA-ALLOC-STATS] pool=0xae3179b50 begins=1711500 live=61 peak=78 draining=0 borrowed=58 pending=58 released=1089 retired=989 mean_uses=592.4 sum=364.3MiB max=15.9MiB
[LIMINA-ALLOC-STATS] pool=0xae3179b50 begins=1712000 live=61 peak=78 draining=0 borrowed=57 pending=57 released=1089 retired=989 mean_uses=592.4 sum=364.4MiB max=15.9MiB
[LIMINA-ALLOC-STATS] pool=0xae3179b50 begins=1712500 live=61 peak=78 draining=0 borrowed=57 pending=56 released=1089 retired=989 mean_uses=592.4 sum=364.4MiB max=15.9MiB
[LIMINA-ALLOC-STATS] pool=0xae3179b50 begins=1713000 live=61 peak=78 draining=0 borrowed=57 pending=58 released=1089 retired=989 mean_uses=592.4 sum=364.5MiB max=15.9MiB
[LIMINA-ALLOC-STATS] pool=0xae7e4db50 begins=2500 live=1 peak=1 draining=0 borrowed=1 pending=0 released=0 retired=0 mean_uses=0.0 sum=9.8MiB max=9.8MiB
[LIMINA-ALLOC-STATS] pool=0xae3179b50 begins=1713500 live=61 peak=78 draining=0 borrowed=56 pending=55 released=1089 retired=989 mean_uses=592.4 sum=364.5MiB max=15.9MiB
[LIMINA-ALLOC-STATS] pool=0xae3179b50 begins=1714000 live=61 peak=78 draining=0 borrowed=55 pending=55 released=1089 retired=989 mean_uses=592.4 sum=364.7MiB max=15.9MiB
[LIMINA-ALLOC-STATS] pool=0xae3179b50 begins=1714500 live=61 peak=78 draining=0 borrowed=57 pending=57 released=1089 retired=989 mean_uses=592.4 sum=364.7MiB max=15.9MiB
[LIMINA-ALLOC-STATS] pool=0xae3179b50 begins=1715000 live=61 peak=78 draining=0 borrowed=56 pending=56 released=1089 retired=989 mean_uses=592.4 sum=364.7MiB max=15.9MiB
[LIMINA-ALLOC-STATS] pool=0xae3179b50 begins=1715500 live=61 peak=78 draining=0 borrowed=55 pending=56 released=1089 retired=989 mean_uses=592.4 sum=364.7MiB max=15.9MiB
[LIMINA-ALLOC-STATS] pool=0xae7e4db50 begins=3000 live=1 peak=1 draining=0 borrowed=1 pending=0 released=0 retired=0 mean_uses=0.0 sum=9.8MiB max=9.8MiB
[LIMINA-ALLOC-STATS] pool=0xae3179b50 begins=1716000 live=61 peak=78 draining=0 borrowed=58 pending=57 released=1089 retired=989 mean_uses=592.4 sum=364.7MiB max=15.9MiB
[LIMINA-ALLOC-STATS] pool=0xae3179b50 begins=1716500 live=61 peak=78 draining=0 borrowed=57 pending=57 released=1089 retired=989 mean_uses=592.4 sum=364.7MiB max=15.9MiB
[LIMINA-ALLOC-STATS] pool=0xae3179b50 begins=1717000 live=61 peak=78 draining=0 borrowed=57 pending=57 released=1089 retired=989 mean_uses=592.4 sum=364.7MiB max=15.9MiB
[LIMINA-ALLOC-STATS] pool=0xae3179b50 begins=1717500 live=61 peak=78 draining=0 borrowed=59 pending=61 released=1089 retired=989 mean_uses=592.4 sum=364.7MiB max=15.9MiB
[LIMINA-ALLOC-STATS] pool=0xae7e4db50 begins=3500 live=1 peak=1 draining=0 borrowed=1 pending=1 released=0 retired=0 mean_uses=0.0 sum=9.8MiB max=9.8MiB
[LIMINA-ALLOC-STATS] pool=0xae3179b50 begins=1718000 live=61 peak=78 draining=0 borrowed=57 pending=57 released=1089 retired=989 mean_uses=592.4 sum=364.7MiB max=15.9MiB
[LIMINA-ALLOC-STATS] pool=0xae3179b50 begins=1718500 live=61 peak=78 draining=0 borrowed=59 pending=64 released=1089 retired=989 mean_uses=592.4 sum=364.7MiB max=15.9MiB
[LIMINA-ALLOC-STATS] pool=0xae3179b50 begins=1719000 live=61 peak=78 draining=0 borrowed=58 pending=57 released=1089 retired=989 mean_uses=592.4 sum=364.7MiB max=15.9MiB
[LIMINA-ALLOC-STATS] pool=0xae3179b50 begins=1719500 live=61 peak=78 draining=0 borrowed=56 pending=56 released=1089 retired=989 mean_uses=592.4 sum=364.7MiB max=15.9MiB
[LIMINA-ALLOC-STATS] pool=0xae3179b50 begins=1720000 live=61 peak=78 draining=0 borrowed=56 pending=55 released=1089 retired=989 mean_uses=592.4 sum=364.7MiB max=15.9MiB
[LIMINA-ALLOC-STATS] pool=0xae7e4db50 begins=4000 live=1 peak=1 draining=0 borrowed=1 pending=1 released=0 retired=0 mean_uses=0.0 sum=9.8MiB max=9.8MiB
[LIMINA-ALLOC-STATS] pool=0xae3179b50 begins=1720500 live=61 peak=78 draining=0 borrowed=58 pending=59 released=1089 retired=989 mean_uses=592.4 sum=364.7MiB max=15.9MiB
[LIMINA-ALLOC-STATS] pool=0xae3179b50 begins=1721000 live=61 peak=78 draining=0 borrowed=55 pending=54 released=1089 retired=989 mean_uses=592.4 sum=364.7MiB max=15.9MiB
[LIMINA-ALLOC-STATS] pool=0xae3179b50 begins=1721500 live=62 peak=78 draining=0 borrowed=57 pending=56 released=1089 retired=989 mean_uses=592.4 sum=369.4MiB max=15.9MiB
[LIMINA-ALLOC-STATS] pool=0xae3179b50 begins=1722000 live=62 peak=78 draining=0 borrowed=58 pending=57 released=1089 retired=989 mean_uses=592.4 sum=369.9MiB max=15.9MiB
[LIMINA-ALLOC-STATS] pool=0xae7e4db50 begins=4500 live=1 peak=1 draining=0 borrowed=1 pending=0 released=0 retired=0 mean_uses=0.0 sum=9.8MiB max=9.8MiB
[LIMINA-ALLOC-STATS] pool=0xae3179b50 begins=1722500 live=62 peak=78 draining=0 borrowed=56 pending=57 released=1089 retired=989 mean_uses=592.4 sum=370.0MiB max=15.9MiB
[LIMINA-ALLOC-STATS] pool=0xae3179b50 begins=1723000 live=62 peak=78 draining=0 borrowed=57 pending=56 released=1089 retired=989 mean_uses=592.4 sum=370.0MiB max=15.9MiB
[LIMINA-ALLOC-STATS] pool=0xae3179b50 begins=1723500 live=62 peak=78 draining=0 borrowed=57 pending=57 released=1089 retired=989 mean_uses=592.4 sum=370.1MiB max=15.9MiB
[LIMINA-ALLOC-STATS] pool=0xae3179b50 begins=1724000 live=62 peak=78 draining=0 borrowed=57 pending=57 released=1089 retired=989 mean_uses=592.4 sum=370.2MiB max=15.9MiB
[LIMINA-ALLOC-STATS] pool=0xae3179b50 begins=1724500 live=62 peak=78 draining=0 borrowed=56 pending=56 released=1089 retired=989 mean_uses=592.4 sum=372.4MiB max=15.9MiB
[LIMINA-ALLOC-STATS] pool=0xae7e4db50 begins=5000 live=1 peak=1 draining=0 borrowed=1 pending=0 released=0 retired=0 mean_uses=0.0 sum=9.8MiB max=9.8MiB
[LIMINA-ALLOC-STATS] pool=0xae3179b50 begins=1725000 live=62 peak=78 draining=0 borrowed=55 pending=57 released=1089 retired=989 mean_uses=592.4 sum=372.5MiB max=15.9MiB
[LIMINA-ALLOC-STATS] pool=0xae3179b50 begins=1725500 live=62 peak=78 draining=0 borrowed=58 pending=57 released=1089 retired=989 mean_uses=592.4 sum=372.5MiB max=15.9MiB
[LIMINA-ALLOC-STATS] pool=0xae3179b50 begins=1726000 live=62 peak=78 draining=0 borrowed=55 pending=55 released=1089 retired=989 mean_uses=592.4 sum=372.5MiB max=15.9MiB
[LIMINA-ALLOC-STATS] pool=0xae3179b50 begins=1726500 live=62 peak=78 draining=0 borrowed=55 pending=57 released=1089 retired=989 mean_uses=592.4 sum=372.5MiB max=15.9MiB
[LIMINA-ALLOC-STATS] pool=0xae7e4db50 begins=5500 live=1 peak=1 draining=0 borrowed=1 pending=1 released=0 retired=0 mean_uses=0.0 sum=9.8MiB max=9.8MiB
[LIMINA-ALLOC-STATS] pool=0xae3179b50 begins=1727000 live=62 peak=78 draining=0 borrowed=56 pending=56 released=1089 retired=989 mean_uses=592.4 sum=372.5MiB max=15.9MiB
[LIMINA-ALLOC-STATS] pool=0xae3179b50 begins=1727500 live=62 peak=78 draining=0 borrowed=54 pending=54 released=1089 retired=989 mean_uses=592.4 sum=372.5MiB max=15.9MiB
[LIMINA-ALLOC-STATS] pool=0xae3179b50 begins=1728000 live=62 peak=78 draining=0 borrowed=58 pending=57 released=1089 retired=989 mean_uses=592.4 sum=372.5MiB max=15.9MiB
[LIMINA-ALLOC-STATS] pool=0xae3179b50 begins=1728500 live=62 peak=78 draining=0 borrowed=57 pending=57 released=1089 retired=989 mean_uses=592.4 sum=372.5MiB max=15.9MiB
[LIMINA-ALLOC-STATS] pool=0xae7e4db50 begins=6000 live=1 peak=1 draining=0 borrowed=1 pending=0 released=0 retired=0 mean_uses=0.0 sum=9.8MiB max=9.8MiB
[LIMINA-ALLOC-STATS] pool=0xae3179b50 begins=1729000 live=62 peak=78 draining=0 borrowed=55 pending=55 released=1089 retired=989 mean_uses=592.4 sum=372.5MiB max=15.9MiB
[LIMINA-ALLOC-STATS] pool=0xae3179b50 begins=1729500 live=62 peak=78 draining=0 borrowed=58 pending=58 released=1089 retired=989 mean_uses=592.4 sum=372.5MiB max=15.9MiB
[LIMINA-ALLOC-STATS] pool=0xae3179b50 begins=1730000 live=62 peak=78 draining=0 borrowed=56 pending=55 released=1089 retired=989 mean_uses=592.4 sum=372.5MiB max=15.9MiB
[LIMINA-ALLOC-STATS] pool=0xae3179b50 begins=1730500 live=62 peak=78 draining=0 borrowed=55 pending=55 released=1089 retired=989 mean_uses=592.4 sum=372.5MiB max=15.9MiB
[LIMINA-ALLOC-STATS] pool=0xae3179b50 begins=1731000 live=62 peak=78 draining=0 borrowed=59 pending=59 released=1089 retired=989 mean_uses=592.4 sum=372.5MiB max=15.9MiB
[LIMINA-ALLOC-STATS] pool=0xae7e4db50 begins=6500 live=1 peak=1 draining=0 borrowed=1 pending=0 released=0 retired=0 mean_uses=0.0 sum=9.8MiB max=9.8MiB
[LIMINA-ALLOC-STATS] pool=0xae3179b50 begins=1731500 live=62 peak=78 draining=0 borrowed=56 pending=56 released=1089 retired=989 mean_uses=592.4 sum=374.7MiB max=15.9MiB
[LIMINA-ALLOC-STATS] pool=0xae3179b50 begins=1732000 live=62 peak=78 draining=0 borrowed=54 pending=53 released=1089 retired=989 mean_uses=592.4 sum=374.7MiB max=15.9MiB
[LIMINA-ALLOC-STATS] pool=0xae3179b50 begins=1732500 live=62 peak=78 draining=0 borrowed=58 pending=58 released=1089 retired=989 mean_uses=592.4 sum=374.7MiB max=15.9MiB
[LIMINA-ALLOC-STATS] pool=0xae3179b50 begins=1733000 live=62 peak=78 draining=0 borrowed=56 pending=56 released=1089 retired=989 mean_uses=592.4 sum=374.7MiB max=15.9MiB
[LIMINA-ALLOC-STATS] pool=0xae7e4db50 begins=7000 live=1 peak=1 draining=0 borrowed=1 pending=0 released=0 retired=0 mean_uses=0.0 sum=9.8MiB max=9.8MiB
[LIMINA-ALLOC-STATS] pool=0xae3179b50 begins=1733500 live=62 peak=78 draining=0 borrowed=57 pending=57 released=1089 retired=989 mean_uses=592.4 sum=374.7MiB max=15.9MiB
[LIMINA-ALLOC-STATS] pool=0xae3179b50 begins=1734000 live=62 peak=78 draining=0 borrowed=55 pending=57 released=1089 retired=989 mean_uses=592.4 sum=374.7MiB max=15.9MiB
[LIMINA-ALLOC-STATS] pool=0xae3179b50 begins=1734500 live=65 peak=78 draining=0 borrowed=56 pending=56 released=1090 retired=990 mean_uses=600.1 sum=379.1MiB max=15.9MiB
[LIMINA-ALLOC-STATS] pool=0xae3179b50 begins=1735000 live=65 peak=78 draining=0 borrowed=56 pending=57 released=1090 retired=990 mean_uses=600.1 sum=379.7MiB max=15.9MiB
[LIMINA-ALLOC-STATS] pool=0xae3179b50 begins=1735500 live=65 peak=78 draining=0 borrowed=58 pending=58 released=1090 retired=990 mean_uses=600.1 sum=382.3MiB max=15.9MiB
[LIMINA-ALLOC-STATS] pool=0xae3179b50 begins=1736000 live=65 peak=78 draining=0 borrowed=60 pending=60 released=1090 retired=990 mean_uses=600.1 sum=382.4MiB max=15.9MiB
[LIMINA-ALLOC-STATS] pool=0xae7e4db50 begins=7500 live=1 peak=1 draining=0 borrowed=1 pending=0 released=0 retired=0 mean_uses=0.0 sum=9.8MiB max=9.8MiB
[LIMINA-ALLOC-STATS] pool=0xae3179b50 begins=1736500 live=65 peak=78 draining=0 borrowed=57 pending=56 released=1090 retired=990 mean_uses=600.1 sum=382.5MiB max=15.9MiB
[LIMINA-ALLOC-STATS] pool=0xae3179b50 begins=1737000 live=65 peak=78 draining=0 borrowed=58 pending=59 released=1090 retired=990 mean_uses=600.1 sum=382.8MiB max=15.9MiB
[LIMINA-ALLOC-STATS] pool=0xae3179b50 begins=1737500 live=65 peak=78 draining=0 borrowed=59 pending=59 released=1090 retired=990 mean_uses=600.1 sum=383.3MiB max=15.9MiB
[LIMINA-ALLOC-STATS] pool=0xae3179b50 begins=1738000 live=65 peak=78 draining=0 borrowed=57 pending=57 released=1090 retired=990 mean_uses=600.1 sum=383.4MiB max=15.9MiB
[LIMINA-ALLOC-STATS] pool=0xae3179b50 begins=1738500 live=65 peak=78 draining=0 borrowed=56 pending=57 released=1090 retired=990 mean_uses=600.1 sum=383.5MiB max=15.9MiB
[LIMINA-ALLOC-STATS] pool=0xae7e4db50 begins=8000 live=1 peak=1 draining=0 borrowed=1 pending=0 released=0 retired=0 mean_uses=0.0 sum=9.8MiB max=9.8MiB
[LIMINA-ALLOC-STATS] pool=0xae3179b50 begins=1739000 live=65 peak=78 draining=0 borrowed=57 pending=57 released=1090 retired=990 mean_uses=600.1 sum=386.7MiB max=15.9MiB
[LIMINA-ALLOC-STATS] pool=0xae3179b50 begins=1739500 live=65 peak=78 draining=0 borrowed=56 pending=55 released=1090 retired=990 mean_uses=600.1 sum=389.0MiB max=15.9MiB
[LIMINA-ALLOC-STATS] pool=0xae3179b50 begins=1740000 live=65 peak=78 draining=0 borrowed=58 pending=58 released=1090 retired=990 mean_uses=600.1 sum=391.5MiB max=15.9MiB
[LIMINA-ALLOC-STATS] pool=0xae3179b50 begins=1740500 live=65 peak=78 draining=0 borrowed=58 pending=58 released=1090 retired=990 mean_uses=600.1 sum=391.6MiB max=15.9MiB
[LIMINA-ALLOC-STATS] pool=0xae3179b50 begins=1741000 live=65 peak=78 draining=0 borrowed=57 pending=56 released=1090 retired=990 mean_uses=600.1 sum=392.1MiB max=15.9MiB
[LIMINA-ALLOC-STATS] pool=0xae3179b50 begins=1741500 live=65 peak=78 draining=0 borrowed=59 pending=58 released=1090 retired=990 mean_uses=600.1 sum=395.1MiB max=15.9MiB
[LIMINA-ALLOC-STATS] pool=0xae7e4db50 begins=8500 live=1 peak=1 draining=0 borrowed=1 pending=0 released=0 retired=0 mean_uses=0.0 sum=9.8MiB max=9.8MiB
[LIMINA-ALLOC-STATS] pool=0xae3179b50 begins=1742000 live=65 peak=78 draining=0 borrowed=57 pending=57 released=1090 retired=990 mean_uses=600.1 sum=395.2MiB max=15.9MiB
[LIMINA-ALLOC-STATS] pool=0xae3179b50 begins=1742500 live=65 peak=78 draining=0 borrowed=56 pending=56 released=1090 retired=990 mean_uses=600.1 sum=395.3MiB max=15.9MiB
[LIMINA-ALLOC-STATS] pool=0xae3179b50 begins=1743000 live=65 peak=78 draining=0 borrowed=59 pending=59 released=1090 retired=990 mean_uses=600.1 sum=395.3MiB max=15.9MiB
[LIMINA-ALLOC-STATS] pool=0xae3179b50 begins=1743500 live=65 peak=78 draining=0 borrowed=57 pending=57 released=1090 retired=990 mean_uses=600.1 sum=395.4MiB max=15.9MiB
[LIMINA-ALLOC-STATS] pool=0xae3179b50 begins=1744000 live=65 peak=78 draining=0 borrowed=57 pending=56 released=1090 retired=990 mean_uses=600.1 sum=395.5MiB max=15.9MiB
[LIMINA-ALLOC-STATS] pool=0xae7e4db50 begins=9000 live=1 peak=1 draining=0 borrowed=1 pending=0 released=0 retired=0 mean_uses=0.0 sum=9.8MiB max=9.8MiB
[LIMINA-ALLOC-STATS] pool=0xae3179b50 begins=1744500 live=65 peak=78 draining=0 borrowed=57 pending=59 released=1090 retired=990 mean_uses=600.1 sum=395.5MiB max=15.9MiB
[LIMINA-ALLOC-STATS] pool=0xae3179b50 begins=1745000 live=62 peak=78 draining=0 borrowed=58 pending=58 released=1093 retired=990 mean_uses=600.1 sum=366.0MiB max=15.9MiB
[LIMINA-ALLOC-STATS] pool=0xae3179b50 begins=1745500 live=62 peak=78 draining=0 borrowed=56 pending=56 released=1093 retired=990 mean_uses=600.1 sum=366.1MiB max=15.9MiB
[LIMINA-ALLOC-STATS] pool=0xae3179b50 begins=1746000 live=62 peak=78 draining=0 borrowed=57 pending=58 released=1093 retired=990 mean_uses=600.1 sum=366.1MiB max=15.9MiB
[LIMINA-ALLOC-STATS] pool=0xae7e4db50 begins=9500 live=1 peak=1 draining=0 borrowed=1 pending=0 released=0 retired=0 mean_uses=0.0 sum=9.8MiB max=9.8MiB
[LIMINA-ALLOC-STATS] pool=0xae3179b50 begins=1746500 live=62 peak=78 draining=0 borrowed=56 pending=56 released=1093 retired=990 mean_uses=600.1 sum=366.1MiB max=15.9MiB
[LIMINA-ALLOC-STATS] pool=0xae3179b50 begins=1747000 live=62 peak=78 draining=0 borrowed=56 pending=58 released=1093 retired=990 mean_uses=600.1 sum=366.1MiB max=15.9MiB
[LIMINA-ALLOC-STATS] pool=0xae3179b50 begins=1747500 live=62 peak=78 draining=0 borrowed=58 pending=58 released=1093 retired=990 mean_uses=600.1 sum=366.1MiB max=15.9MiB
[LIMINA-ALLOC-STATS] pool=0xae3179b50 begins=1748000 live=62 peak=78 draining=0 borrowed=58 pending=57 released=1093 retired=990 mean_uses=600.1 sum=366.1MiB max=15.9MiB
[LIMINA-ALLOC-STATS] pool=0xae3179b50 begins=1748500 live=62 peak=78 draining=0 borrowed=57 pending=56 released=1093 retired=990 mean_uses=600.1 sum=366.1MiB max=15.9MiB
[LIMINA-ALLOC-STATS] pool=0xae7e4db50 begins=10000 live=1 peak=1 draining=0 borrowed=1 pending=0 released=0 retired=0 mean_uses=0.0 sum=9.8MiB max=9.8MiB
[LIMINA-ALLOC-STATS] pool=0xae3179b50 begins=1749000 live=62 peak=78 draining=0 borrowed=58 pending=57 released=1093 retired=990 mean_uses=600.1 sum=366.1MiB max=15.9MiB
[LIMINA-ALLOC-STATS] pool=0xae3179b50 begins=1749500 live=62 peak=78 draining=0 borrowed=59 pending=62 released=1093 retired=990 mean_uses=600.1 sum=368.2MiB max=15.9MiB
[LIMINA-ALLOC-STATS] pool=0xae3179b50 begins=1750000 live=62 peak=78 draining=0 borrowed=56 pending=55 released=1093 retired=990 mean_uses=600.1 sum=368.2MiB max=15.9MiB
[LIMINA-ALLOC-STATS] pool=0xae3179b50 begins=1750500 live=62 peak=78 draining=0 borrowed=58 pending=58 released=1093 retired=990 mean_uses=600.1 sum=368.4MiB max=15.9MiB
[LIMINA-ALLOC-STATS] pool=0xae7e4db50 begins=10500 live=1 peak=1 draining=0 borrowed=1 pending=0 released=0 retired=0 mean_uses=0.0 sum=9.8MiB max=9.8MiB
[LIMINA-ALLOC-STATS] pool=0xae3179b50 begins=1751000 live=62 peak=78 draining=0 borrowed=57 pending=57 released=1093 retired=990 mean_uses=600.1 sum=368.4MiB max=15.9MiB
[LIMINA-ALLOC-STATS] pool=0xae3179b50 begins=1751500 live=62 peak=78 draining=0 borrowed=56 pending=56 released=1093 retired=990 mean_uses=600.1 sum=368.4MiB max=15.9MiB
[LIMINA-ALLOC-STATS] pool=0xae3179b50 begins=1752000 live=62 peak=78 draining=0 borrowed=57 pending=57 released=1093 retired=990 mean_uses=600.1 sum=368.4MiB max=15.9MiB
[LIMINA-ALLOC-STATS] pool=0xae3179b50 begins=1752500 live=62 peak=78 draining=0 borrowed=58 pending=57 released=1093 retired=990 mean_uses=600.1 sum=368.5MiB max=15.9MiB
[LIMINA-ALLOC-STATS] pool=0xae3179b50 begins=1753000 live=62 peak=78 draining=0 borrowed=56 pending=55 released=1093 retired=990 mean_uses=600.1 sum=368.5MiB max=15.9MiB
[LIMINA-ALLOC-STATS] pool=0xae7e4db50 begins=11000 live=1 peak=1 draining=0 borrowed=1 pending=0 released=0 retired=0 mean_uses=0.0 sum=9.8MiB max=9.8MiB
[LIMINA-ALLOC-STATS] pool=0xae3179b50 begins=1753500 live=62 peak=78 draining=0 borrowed=58 pending=61 released=1093 retired=990 mean_uses=600.1 sum=368.5MiB max=15.9MiB
[LIMINA-ALLOC-STATS] pool=0xae3179b50 begins=1754000 live=62 peak=78 draining=0 borrowed=57 pending=57 released=1093 retired=990 mean_uses=600.1 sum=368.5MiB max=15.9MiB
[LIMINA-ALLOC-STATS] pool=0xae3179b50 begins=1754500 live=62 peak=78 draining=0 borrowed=57 pending=57 released=1093 retired=990 mean_uses=600.1 sum=368.5MiB max=15.9MiB
[LIMINA-ALLOC-STATS] pool=0xae3179b50 begins=1755000 live=62 peak=78 draining=0 borrowed=58 pending=57 released=1093 retired=990 mean_uses=600.1 sum=368.5MiB max=15.9MiB
[LIMINA-ALLOC-STATS] pool=0xae3179b50 begins=1755500 live=62 peak=78 draining=0 borrowed=56 pending=56 released=1093 retired=990 mean_uses=600.1 sum=368.6MiB max=15.9MiB
[LIMINA-ALLOC-STATS] pool=0xae7e4db50 begins=11500 live=1 peak=1 draining=0 borrowed=1 pending=0 released=0 retired=0 mean_uses=0.0 sum=9.8MiB max=9.8MiB
[LIMINA-ALLOC-STATS] pool=0xae3179b50 begins=1756000 live=62 peak=78 draining=0 borrowed=56 pending=56 released=1093 retired=990 mean_uses=600.1 sum=368.6MiB max=15.9MiB
[LIMINA-ALLOC-STATS] pool=0xae3179b50 begins=1756500 live=62 peak=78 draining=0 borrowed=59 pending=58 released=1093 retired=990 mean_uses=600.1 sum=368.6MiB max=15.9MiB
[LIMINA-ALLOC-STATS] pool=0xae3179b50 begins=1757000 live=62 peak=78 draining=0 borrowed=57 pending=56 released=1093 retired=990 mean_uses=600.1 sum=368.6MiB max=15.9MiB
[LIMINA-ALLOC-STATS] pool=0xae3179b50 begins=1757500 live=62 peak=78 draining=0 borrowed=56 pending=56 released=1093 retired=990 mean_uses=600.1 sum=368.6MiB max=15.9MiB
[LIMINA-ALLOC-STATS] pool=0xae7e4db50 begins=12000 live=1 peak=1 draining=0 borrowed=1 pending=0 released=0 retired=0 mean_uses=0.0 sum=9.8MiB max=9.8MiB
[LIMINA-ALLOC-STATS] pool=0xae3179b50 begins=1758000 live=62 peak=78 draining=0 borrowed=57 pending=57 released=1093 retired=990 mean_uses=600.1 sum=368.7MiB max=15.9MiB
[LIMINA-ALLOC-STATS] pool=0xae3179b50 begins=1758500 live=62 peak=78 draining=0 borrowed=58 pending=58 released=1093 retired=990 mean_uses=600.1 sum=368.7MiB max=15.9MiB
[LIMINA-ALLOC-STATS] pool=0xae3179b50 begins=1759000 live=62 peak=78 draining=0 borrowed=55 pending=56 released=1093 retired=990 mean_uses=600.1 sum=368.7MiB max=15.9MiB
[LIMINA-ALLOC-STATS] pool=0xae3179b50 begins=1759500 live=62 peak=78 draining=0 borrowed=58 pending=58 released=1093 retired=990 mean_uses=600.1 sum=368.7MiB max=15.9MiB
[LIMINA-ALLOC-STATS] pool=0xae7e4db50 begins=12500 live=1 peak=1 draining=0 borrowed=1 pending=0 released=0 retired=0 mean_uses=0.0 sum=9.8MiB max=9.8MiB
[LIMINA-ALLOC-STATS] pool=0xae3179b50 begins=1760000 live=62 peak=78 draining=0 borrowed=58 pending=60 released=1093 retired=990 mean_uses=600.1 sum=368.7MiB max=15.9MiB
[LIMINA-ALLOC-STATS] pool=0xae3179b50 begins=1760500 live=62 peak=78 draining=0 borrowed=56 pending=55 released=1093 retired=990 mean_uses=600.1 sum=368.7MiB max=15.9MiB
[LIMINA-ALLOC-STATS] pool=0xae3179b50 begins=1761000 live=62 peak=78 draining=0 borrowed=56 pending=56 released=1093 retired=990 mean_uses=600.1 sum=368.7MiB max=15.9MiB
[LIMINA-ALLOC-STATS] pool=0xae3179b50 begins=1761500 live=62 peak=78 draining=0 borrowed=57 pending=57 released=1093 retired=990 mean_uses=600.1 sum=368.7MiB max=15.9MiB
[LIMINA-ALLOC-STATS] pool=0xae3179b50 begins=1762000 live=62 peak=78 draining=0 borrowed=56 pending=56 released=1093 retired=990 mean_uses=600.1 sum=368.7MiB max=15.9MiB
[LIMINA-ALLOC-STATS] pool=0xae7e4db50 begins=13000 live=1 peak=1 draining=0 borrowed=1 pending=1 released=0 retired=0 mean_uses=0.0 sum=9.8MiB max=9.8MiB
[LIMINA-ALLOC-STATS] pool=0xae3179b50 begins=1762500 live=62 peak=78 draining=0 borrowed=59 pending=59 released=1093 retired=990 mean_uses=600.1 sum=368.7MiB max=15.9MiB
[LIMINA-ALLOC-STATS] pool=0xae3179b50 begins=1763000 live=62 peak=78 draining=0 borrowed=56 pending=56 released=1093 retired=990 mean_uses=600.1 sum=368.7MiB max=15.9MiB
[LIMINA-ALLOC-STATS] pool=0xae3179b50 begins=1763500 live=62 peak=78 draining=0 borrowed=54 pending=54 released=1093 retired=990 mean_uses=600.1 sum=368.7MiB max=15.9MiB
[LIMINA-ALLOC-STATS] pool=0xae3179b50 begins=1764000 live=62 peak=78 draining=0 borrowed=57 pending=57 released=1093 retired=990 mean_uses=600.1 sum=368.7MiB max=15.9MiB
[LIMINA-ALLOC-STATS] pool=0xae7e4db50 begins=13500 live=1 peak=1 draining=0 borrowed=1 pending=0 released=0 retired=0 mean_uses=0.0 sum=9.8MiB max=9.8MiB
[LIMINA-ALLOC-STATS] pool=0xae3179b50 begins=1764500 live=62 peak=78 draining=0 borrowed=56 pending=55 released=1093 retired=990 mean_uses=600.1 sum=368.7MiB max=15.9MiB
[LIMINA-ALLOC-STATS] pool=0xae3181b50 begins=16000 live=1 peak=1 draining=0 borrowed=1 pending=0 released=0 retired=0 mean_uses=0.0 sum=4.9MiB max=4.9MiB
[LIMINA-ALLOC-STATS] pool=0xae3179b50 begins=1765000 live=62 peak=78 draining=0 borrowed=55 pending=55 released=1093 retired=990 mean_uses=600.1 sum=368.7MiB max=15.9MiB
[LIMINA-ALLOC-STATS] pool=0xae317db50 begins=16000 live=1 peak=1 draining=0 borrowed=1 pending=0 released=0 retired=0 mean_uses=0.0 sum=4.9MiB max=4.9MiB
[LIMINA-ALLOC-STATS] pool=0xae3179b50 begins=1765500 live=62 peak=78 draining=0 borrowed=56 pending=59 released=1093 retired=990 mean_uses=600.1 sum=368.7MiB max=15.9MiB
[LIMINA-ALLOC-STATS] pool=0xae3179b50 begins=1766000 live=62 peak=78 draining=0 borrowed=56 pending=56 released=1093 retired=990 mean_uses=600.1 sum=368.8MiB max=15.9MiB
[LIMINA-ALLOC-STATS] pool=0xae3179b50 begins=1766500 live=62 peak=78 draining=0 borrowed=57 pending=56 released=1093 retired=990 mean_uses=600.1 sum=368.8MiB max=15.9MiB
[LIMINA-ALLOC-STATS] pool=0xae7e4db50 begins=14000 live=1 peak=1 draining=0 borrowed=1 pending=0 released=0 retired=0 mean_uses=0.0 sum=9.8MiB max=9.8MiB
[LIMINA-ALLOC-STATS] pool=0xae3179b50 begins=1767000 live=62 peak=78 draining=0 borrowed=58 pending=58 released=1093 retired=990 mean_uses=600.1 sum=368.8MiB max=15.9MiB
[LIMINA-ALLOC-STATS] pool=0xae3179b50 begins=1767500 live=62 peak=78 draining=0 borrowed=56 pending=55 released=1093 retired=990 mean_uses=600.1 sum=368.8MiB max=15.9MiB
[LIMINA-ALLOC-STATS] pool=0xae3179b50 begins=1768000 live=62 peak=78 draining=0 borrowed=58 pending=57 released=1093 retired=990 mean_uses=600.1 sum=368.8MiB max=15.9MiB
[LIMINA-ALLOC-STATS] pool=0xae3179b50 begins=1768500 live=62 peak=78 draining=0 borrowed=60 pending=62 released=1093 retired=990 mean_uses=600.1 sum=368.8MiB max=15.9MiB
[LIMINA-ALLOC-STATS] pool=0xae7e4db50 begins=14500 live=1 peak=1 draining=0 borrowed=1 pending=0 released=0 retired=0 mean_uses=0.0 sum=9.8MiB max=9.8MiB
[LIMINA-ALLOC-STATS] pool=0xae3179b50 begins=1769000 live=62 peak=78 draining=0 borrowed=56 pending=55 released=1093 retired=990 mean_uses=600.1 sum=368.8MiB max=15.9MiB
[LIMINA-ALLOC-STATS] pool=0xae3179b50 begins=1769500 live=62 peak=78 draining=0 borrowed=56 pending=56 released=1093 retired=990 mean_uses=600.1 sum=368.8MiB max=15.9MiB
[LIMINA-ALLOC-STATS] pool=0xae3179b50 begins=1770000 live=62 peak=78 draining=0 borrowed=57 pending=57 released=1093 retired=990 mean_uses=600.1 sum=371.0MiB max=15.9MiB
[LIMINA-ALLOC-STATS] pool=0xae3179b50 begins=1770500 live=62 peak=78 draining=0 borrowed=57 pending=57 released=1093 retired=990 mean_uses=600.1 sum=371.0MiB max=15.9MiB
[LIMINA-ALLOC-STATS] pool=0xae7e4db50 begins=15000 live=1 peak=1 draining=0 borrowed=1 pending=0 released=0 retired=0 mean_uses=0.0 sum=9.8MiB max=9.8MiB
[LIMINA-ALLOC-STATS] pool=0xae3179b50 begins=1771000 live=62 peak=78 draining=0 borrowed=56 pending=56 released=1093 retired=990 mean_uses=600.1 sum=371.0MiB max=15.9MiB
[LIMINA-ALLOC-STATS] pool=0xae3179b50 begins=1771500 live=62 peak=78 draining=0 borrowed=57 pending=57 released=1093 retired=990 mean_uses=600.1 sum=371.0MiB max=15.9MiB
[LIMINA-ALLOC-STATS] pool=0xae3179b50 begins=1772000 live=62 peak=78 draining=0 borrowed=56 pending=56 released=1093 retired=990 mean_uses=600.1 sum=371.0MiB max=15.9MiB
[LIMINA-ALLOC-STATS] pool=0xae3179b50 begins=1772500 live=62 peak=78 draining=0 borrowed=57 pending=57 released=1093 retired=990 mean_uses=600.1 sum=371.0MiB max=15.9MiB
[LIMINA-ALLOC-STATS] pool=0xae3179b50 begins=1773000 live=62 peak=78 draining=0 borrowed=57 pending=56 released=1093 retired=990 mean_uses=600.1 sum=371.0MiB max=15.9MiB
[LIMINA-ALLOC-STATS] pool=0xae7e4db50 begins=15500 live=1 peak=1 draining=0 borrowed=1 pending=0 released=0 retired=0 mean_uses=0.0 sum=9.8MiB max=9.8MiB
[LIMINA-ALLOC-STATS] pool=0xae3179b50 begins=1773500 live=62 peak=78 draining=0 borrowed=55 pending=55 released=1093 retired=990 mean_uses=600.1 sum=371.0MiB max=15.9MiB
[LIMINA-ALLOC-STATS] pool=0xae3179b50 begins=1774000 live=62 peak=78 draining=0 borrowed=57 pending=60 released=1093 retired=990 mean_uses=600.1 sum=371.0MiB max=15.9MiB
[LIMINA-ALLOC-STATS] pool=0xae3179b50 begins=1774500 live=62 peak=78 draining=0 borrowed=58 pending=57 released=1093 retired=990 mean_uses=600.1 sum=371.1MiB max=15.9MiB
[LIMINA-ALLOC-STATS] pool=0xae3179b50 begins=1775000 live=62 peak=78 draining=0 borrowed=55 pending=54 released=1093 retired=990 mean_uses=600.1 sum=371.1MiB max=15.9MiB
[LIMINA-ALLOC-STATS] pool=0xae7e4db50 begins=16000 live=1 peak=1 draining=0 borrowed=1 pending=0 released=0 retired=0 mean_uses=0.0 sum=9.8MiB max=9.8MiB
[LIMINA-ALLOC-STATS] pool=0xae3179b50 begins=1775500 live=62 peak=78 draining=0 borrowed=55 pending=55 released=1093 retired=990 mean_uses=600.1 sum=371.1MiB max=15.9MiB
[LIMINA-ALLOC-STATS] pool=0xae3179b50 begins=1776000 live=62 peak=78 draining=0 borrowed=57 pending=58 released=1093 retired=990 mean_uses=600.1 sum=371.1MiB max=15.9MiB
[LIMINA-ALLOC-STATS] pool=0xae3179b50 begins=1776500 live=62 peak=78 draining=0 borrowed=58 pending=58 released=1093 retired=990 mean_uses=600.1 sum=371.1MiB max=15.9MiB
[LIMINA-ALLOC-STATS] pool=0xae3179b50 begins=1777000 live=62 peak=78 draining=0 borrowed=55 pending=55 released=1093 retired=990 mean_uses=600.1 sum=371.1MiB max=15.9MiB
[LIMINA-ALLOC-STATS] pool=0xae7e4db50 begins=16500 live=1 peak=1 draining=0 borrowed=1 pending=0 released=0 retired=0 mean_uses=0.0 sum=9.8MiB max=9.8MiB
[LIMINA-ALLOC-STATS] pool=0xae3179b50 begins=1777500 live=62 peak=78 draining=0 borrowed=58 pending=58 released=1093 retired=990 mean_uses=600.1 sum=371.1MiB max=15.9MiB
[LIMINA-ALLOC-STATS] pool=0xae3179b50 begins=1778000 live=62 peak=78 draining=0 borrowed=56 pending=55 released=1093 retired=990 mean_uses=600.1 sum=371.1MiB max=15.9MiB
[LIMINA-ALLOC-STATS] pool=0xae3179b50 begins=1778500 live=62 peak=78 draining=0 borrowed=56 pending=55 released=1093 retired=990 mean_uses=600.1 sum=371.1MiB max=15.9MiB
[LIMINA-ALLOC-STATS] pool=0xae3179b50 begins=1779000 live=62 peak=78 draining=0 borrowed=59 pending=59 released=1093 retired=990 mean_uses=600.1 sum=371.1MiB max=15.9MiB
[LIMINA-ALLOC-STATS] pool=0xae3179b50 begins=1779500 live=62 peak=78 draining=0 borrowed=57 pending=57 released=1093 retired=990 mean_uses=600.1 sum=371.1MiB max=15.9MiB
[LIMINA-ALLOC-STATS] pool=0xae3179b50 begins=1780000 live=62 peak=78 draining=0 borrowed=55 pending=54 released=1093 retired=990 mean_uses=600.1 sum=371.1MiB max=15.9MiB
[LIMINA-ALLOC-STATS] pool=0xae7e4db50 begins=17000 live=1 peak=1 draining=0 borrowed=1 pending=0 released=0 retired=0 mean_uses=0.0 sum=9.8MiB max=9.8MiB
[LIMINA-ALLOC-STATS] pool=0xae3179b50 begins=1780500 live=63 peak=78 draining=0 borrowed=59 pending=58 released=1093 retired=990 mean_uses=600.1 sum=373.8MiB max=15.9MiB
[LIMINA-ALLOC-STATS] pool=0xae3179b50 begins=1781000 live=63 peak=78 draining=0 borrowed=56 pending=56 released=1093 retired=990 mean_uses=600.1 sum=376.4MiB max=15.9MiB
[LIMINA-ALLOC-STATS] pool=0xae3179b50 begins=1781500 live=63 peak=78 draining=0 borrowed=55 pending=55 released=1093 retired=990 mean_uses=600.1 sum=376.5MiB max=15.9MiB
[LIMINA-ALLOC-STATS] pool=0xae3179b50 begins=1782000 live=63 peak=78 draining=0 borrowed=59 pending=58 released=1093 retired=990 mean_uses=600.1 sum=376.5MiB max=15.9MiB
[LIMINA-ALLOC-STATS] pool=0xae3179b50 begins=1782500 live=63 peak=78 draining=0 borrowed=58 pending=58 released=1093 retired=990 mean_uses=600.1 sum=376.5MiB max=15.9MiB
[LIMINA-ALLOC-STATS] pool=0xae3179b50 begins=1783000 live=63 peak=78 draining=0 borrowed=56 pending=57 released=1093 retired=990 mean_uses=600.1 sum=376.5MiB max=15.9MiB
[LIMINA-ALLOC-STATS] pool=0xae7e4db50 begins=17500 live=1 peak=1 draining=0 borrowed=1 pending=0 released=0 retired=0 mean_uses=0.0 sum=9.8MiB max=9.8MiB
[LIMINA-ALLOC-STATS] pool=0xae3179b50 begins=1783500 live=63 peak=78 draining=0 borrowed=56 pending=60 released=1093 retired=990 mean_uses=600.1 sum=376.5MiB max=15.9MiB
[LIMINA-ALLOC-STATS] pool=0xae3179b50 begins=1784000 live=63 peak=78 draining=0 borrowed=57 pending=57 released=1093 retired=990 mean_uses=600.1 sum=376.5MiB max=15.9MiB
[LIMINA-ALLOC-STATS] pool=0xae3179b50 begins=1784500 live=63 peak=78 draining=0 borrowed=56 pending=55 released=1093 retired=990 mean_uses=600.1 sum=376.5MiB max=15.9MiB
[LIMINA-ALLOC-STATS] pool=0xae3179b50 begins=1785000 live=63 peak=78 draining=0 borrowed=57 pending=58 released=1093 retired=990 mean_uses=600.1 sum=376.5MiB max=15.9MiB
[LIMINA-ALLOC-STATS] pool=0xae7e4db50 begins=18000 live=1 peak=1 draining=0 borrowed=1 pending=1 released=0 retired=0 mean_uses=0.0 sum=9.8MiB max=9.8MiB
[LIMINA-ALLOC-STATS] pool=0xae3179b50 begins=1785500 live=63 peak=78 draining=0 borrowed=59 pending=59 released=1093 retired=990 mean_uses=600.1 sum=376.5MiB max=15.9MiB
[LIMINA-ALLOC-STATS] pool=0xae3179b50 begins=1786000 live=63 peak=78 draining=0 borrowed=57 pending=57 released=1093 retired=990 mean_uses=600.1 sum=376.5MiB max=15.9MiB
[LIMINA-ALLOC-STATS] pool=0xae3179b50 begins=1786500 live=63 peak=78 draining=0 borrowed=59 pending=58 released=1093 retired=990 mean_uses=600.1 sum=376.5MiB max=15.9MiB
[LIMINA-ALLOC-STATS] pool=0xae3179b50 begins=1787000 live=63 peak=78 draining=0 borrowed=57 pending=60 released=1093 retired=990 mean_uses=600.1 sum=376.5MiB max=15.9MiB
[LIMINA-ALLOC-STATS] pool=0xae3179b50 begins=1787500 live=63 peak=78 draining=0 borrowed=56 pending=55 released=1093 retired=990 mean_uses=600.1 sum=376.5MiB max=15.9MiB
[LIMINA-ALLOC-STATS] pool=0xae7e4db50 begins=18500 live=1 peak=1 draining=0 borrowed=1 pending=0 released=0 retired=0 mean_uses=0.0 sum=9.8MiB max=9.8MiB
[LIMINA-ALLOC-STATS] pool=0xae3179b50 begins=1788000 live=63 peak=78 draining=0 borrowed=58 pending=58 released=1093 retired=990 mean_uses=600.1 sum=376.5MiB max=15.9MiB
[LIMINA-ALLOC-STATS] pool=0xae3179b50 begins=1788500 live=63 peak=78 draining=0 borrowed=57 pending=60 released=1093 retired=990 mean_uses=600.1 sum=376.5MiB max=15.9MiB
[LIMINA-ALLOC-STATS] pool=0xae3179b50 begins=1789000 live=63 peak=78 draining=0 borrowed=56 pending=55 released=1093 retired=990 mean_uses=600.1 sum=376.6MiB max=15.9MiB
[LIMINA-ALLOC-STATS] pool=0xae3179b50 begins=1789500 live=63 peak=78 draining=0 borrowed=59 pending=58 released=1093 retired=990 mean_uses=600.1 sum=376.6MiB max=15.9MiB
[LIMINA-ALLOC-STATS] pool=0xae7e4db50 begins=19000 live=1 peak=1 draining=0 borrowed=1 pending=1 released=0 retired=0 mean_uses=0.0 sum=9.8MiB max=9.8MiB
[LIMINA-ALLOC-STATS] pool=0xae3179b50 begins=1790000 live=63 peak=78 draining=0 borrowed=57 pending=58 released=1093 retired=990 mean_uses=600.1 sum=376.6MiB max=15.9MiB
[LIMINA-ALLOC-STATS] pool=0xae3179b50 begins=1790500 live=63 peak=78 draining=0 borrowed=55 pending=55 released=1093 retired=990 mean_uses=600.1 sum=376.6MiB max=15.9MiB
[LIMINA-ALLOC-STATS] pool=0xae3179b50 begins=1791000 live=63 peak=78 draining=0 borrowed=58 pending=59 released=1093 retired=990 mean_uses=600.1 sum=376.6MiB max=15.9MiB
[LIMINA-ALLOC-STATS] pool=0xae3179b50 begins=1791500 live=63 peak=78 draining=0 borrowed=57 pending=60 released=1093 retired=990 mean_uses=600.1 sum=376.6MiB max=15.9MiB
[LIMINA-ALLOC-STATS] pool=0xae3179b50 begins=1792000 live=63 peak=78 draining=0 borrowed=55 pending=55 released=1093 retired=990 mean_uses=600.1 sum=376.6MiB max=15.9MiB
[LIMINA-ALLOC-STATS] pool=0xae7e4db50 begins=19500 live=1 peak=1 draining=0 borrowed=1 pending=0 released=0 retired=0 mean_uses=0.0 sum=9.8MiB max=9.8MiB
[LIMINA-ALLOC-STATS] pool=0xae3179b50 begins=1792500 live=63 peak=78 draining=0 borrowed=59 pending=62 released=1093 retired=990 mean_uses=600.1 sum=376.6MiB max=15.9MiB
[LIMINA-ALLOC-STATS] pool=0xae3179b50 begins=1793000 live=63 peak=78 draining=0 borrowed=56 pending=56 released=1093 retired=990 mean_uses=600.1 sum=376.6MiB max=15.9MiB
[LIMINA-ALLOC-STATS] pool=0xae3179b50 begins=1793500 live=63 peak=78 draining=0 borrowed=55 pending=55 released=1093 retired=990 mean_uses=600.1 sum=376.6MiB max=15.9MiB
[LIMINA-ALLOC-STATS] pool=0xae3179b50 begins=1794000 live=63 peak=78 draining=0 borrowed=58 pending=57 released=1093 retired=990 mean_uses=600.1 sum=376.6MiB max=15.9MiB
[LIMINA-ALLOC-STATS] pool=0xae7e4db50 begins=20000 live=1 peak=1 draining=0 borrowed=1 pending=0 released=0 retired=0 mean_uses=0.0 sum=9.8MiB max=9.8MiB
[LIMINA-ALLOC-STATS] pool=0xae3179b50 begins=1794500 live=63 peak=78 draining=0 borrowed=57 pending=57 released=1093 retired=990 mean_uses=600.1 sum=376.6MiB max=15.9MiB
[LIMINA-ALLOC-STATS] pool=0xae3179b50 begins=1795000 live=63 peak=78 draining=0 borrowed=54 pending=54 released=1093 retired=990 mean_uses=600.1 sum=376.6MiB max=15.9MiB
[LIMINA-ALLOC-STATS] pool=0xae3179b50 begins=1795500 live=63 peak=78 draining=0 borrowed=58 pending=57 released=1093 retired=990 mean_uses=600.1 sum=376.6MiB max=15.9MiB
[LIMINA-ALLOC-STATS] pool=0xae3179b50 begins=1796000 live=62 peak=78 draining=0 borrowed=56 pending=56 released=1094 retired=990 mean_uses=600.1 sum=368.3MiB max=15.9MiB
[LIMINA-ALLOC-STATS] pool=0xae3179b50 begins=1796500 live=62 peak=78 draining=0 borrowed=56 pending=55 released=1094 retired=990 mean_uses=600.1 sum=368.3MiB max=15.9MiB
[LIMINA-ALLOC-STATS] pool=0xae7e4db50 begins=20500 live=1 peak=1 draining=0 borrowed=1 pending=1 released=0 retired=0 mean_uses=0.0 sum=9.8MiB max=9.8MiB
[LIMINA-ALLOC-STATS] pool=0xae3179b50 begins=1797000 live=62 peak=78 draining=0 borrowed=58 pending=57 released=1094 retired=990 mean_uses=600.1 sum=368.3MiB max=15.9MiB
[LIMINA-ALLOC-STATS] pool=0xae3179b50 begins=1797500 live=62 peak=78 draining=0 borrowed=56 pending=55 released=1094 retired=990 mean_uses=600.1 sum=368.3MiB max=15.9MiB
[LIMINA-ALLOC-STATS] pool=0xae3179b50 begins=1798000 live=62 peak=78 draining=0 borrowed=57 pending=57 released=1094 retired=990 mean_uses=600.1 sum=368.3MiB max=15.9MiB
[LIMINA-ALLOC-STATS] pool=0xae3179b50 begins=1798500 live=62 peak=78 draining=0 borrowed=57 pending=57 released=1094 retired=990 mean_uses=600.1 sum=368.3MiB max=15.9MiB
[LIMINA-ALLOC-STATS] pool=0xae7e4db50 begins=21000 live=1 peak=1 draining=0 borrowed=1 pending=0 released=0 retired=0 mean_uses=0.0 sum=9.8MiB max=9.8MiB
[LIMINA-ALLOC-STATS] pool=0xae3179b50 begins=1799000 live=61 peak=78 draining=0 borrowed=56 pending=57 released=1095 retired=990 mean_uses=600.1 sum=356.8MiB max=15.9MiB
[LIMINA-ALLOC-STATS] pool=0xae3179b50 begins=1799500 live=61 peak=78 draining=0 borrowed=55 pending=55 released=1095 retired=990 mean_uses=600.1 sum=356.8MiB max=15.9MiB
[LIMINA-ALLOC-STATS] pool=0xae3179b50 begins=1800000 live=61 peak=78 draining=0 borrowed=56 pending=56 released=1095 retired=990 mean_uses=600.1 sum=356.8MiB max=15.9MiB
[LIMINA-ALLOC-STATS] pool=0xae3179b50 begins=1800500 live=61 peak=78 draining=0 borrowed=57 pending=56 released=1095 retired=990 mean_uses=600.1 sum=356.8MiB max=15.9MiB
[LIMINA-ALLOC-STATS] pool=0xae3179b50 begins=1801000 live=61 peak=78 draining=0 borrowed=56 pending=55 released=1095 retired=990 mean_uses=600.1 sum=357.9MiB max=15.9MiB
[LIMINA-ALLOC-STATS] pool=0xae7e4db50 begins=21500 live=1 peak=1 draining=0 borrowed=1 pending=1 released=0 retired=0 mean_uses=0.0 sum=9.8MiB max=9.8MiB
[LIMINA-ALLOC-STATS] pool=0xae3179b50 begins=1801500 live=61 peak=78 draining=0 borrowed=58 pending=57 released=1095 retired=990 mean_uses=600.1 sum=357.9MiB max=15.9MiB
[LIMINA-ALLOC-STATS] pool=0xae3179b50 begins=1802000 live=61 peak=78 draining=0 borrowed=57 pending=56 released=1095 retired=990 mean_uses=600.1 sum=357.9MiB max=15.9MiB
[LIMINA-ALLOC-STATS] pool=0xae3179b50 begins=1802500 live=61 peak=78 draining=0 borrowed=56 pending=56 released=1095 retired=990 mean_uses=600.1 sum=357.9MiB max=15.9MiB
[LIMINA-ALLOC-STATS] pool=0xae3179b50 begins=1803000 live=61 peak=78 draining=0 borrowed=58 pending=57 released=1095 retired=990 mean_uses=600.1 sum=357.9MiB max=15.9MiB
[LIMINA-ALLOC-STATS] pool=0xae7e4db50 begins=22000 live=1 peak=1 draining=0 borrowed=1 pending=1 released=0 retired=0 mean_uses=0.0 sum=9.8MiB max=9.8MiB
[LIMINA-ALLOC-STATS] pool=0xae3179b50 begins=1803500 live=61 peak=78 draining=0 borrowed=57 pending=56 released=1095 retired=990 mean_uses=600.1 sum=357.9MiB max=15.9MiB
[LIMINA-ALLOC-STATS] pool=0xae3179b50 begins=1804000 live=61 peak=78 draining=0 borrowed=55 pending=55 released=1095 retired=990 mean_uses=600.1 sum=357.9MiB max=15.9MiB
[LIMINA-ALLOC-STATS] pool=0xae3179b50 begins=1804500 live=61 peak=78 draining=0 borrowed=58 pending=57 released=1095 retired=990 mean_uses=600.1 sum=357.9MiB max=15.9MiB
[LIMINA-ALLOC-STATS] pool=0xae3179b50 begins=1805000 live=61 peak=78 draining=0 borrowed=57 pending=59 released=1095 retired=990 mean_uses=600.1 sum=357.9MiB max=15.9MiB
[LIMINA-ALLOC-STATS] pool=0xae3179b50 begins=1805500 live=61 peak=78 draining=0 borrowed=55 pending=54 released=1095 retired=990 mean_uses=600.1 sum=357.9MiB max=15.9MiB
[LIMINA-ALLOC-STATS] pool=0xae7e4db50 begins=22500 live=1 peak=1 draining=0 borrowed=1 pending=0 released=0 retired=0 mean_uses=0.0 sum=9.8MiB max=9.8MiB
[LIMINA-ALLOC-STATS] pool=0xae3179b50 begins=1806000 live=61 peak=78 draining=0 borrowed=59 pending=61 released=1095 retired=990 mean_uses=600.1 sum=357.9MiB max=15.9MiB
[LIMINA-ALLOC-STATS] pool=0xae3179b50 begins=1806500 live=61 peak=78 draining=0 borrowed=57 pending=60 released=1095 retired=990 mean_uses=600.1 sum=357.9MiB max=15.9MiB
[LIMINA-ALLOC-STATS] pool=0xae3179b50 begins=1807000 live=61 peak=78 draining=0 borrowed=56 pending=55 released=1095 retired=990 mean_uses=600.1 sum=357.9MiB max=15.9MiB
[LIMINA-ALLOC-STATS] pool=0xae3179b50 begins=1807500 live=61 peak=78 draining=0 borrowed=58 pending=58 released=1095 retired=990 mean_uses=600.1 sum=357.9MiB max=15.9MiB
[LIMINA-ALLOC-STATS] pool=0xae7e4db50 begins=23000 live=1 peak=1 draining=0 borrowed=1 pending=0 released=0 retired=0 mean_uses=0.0 sum=9.8MiB max=9.8MiB
[LIMINA-ALLOC-STATS] pool=0xae3179b50 begins=1808000 live=61 peak=78 draining=0 borrowed=57 pending=57 released=1095 retired=990 mean_uses=600.1 sum=357.9MiB max=15.9MiB
[LIMINA-ALLOC-STATS] pool=0xae3179b50 begins=1808500 live=61 peak=78 draining=0 borrowed=56 pending=56 released=1095 retired=990 mean_uses=600.1 sum=357.9MiB max=15.9MiB
[LIMINA-ALLOC-STATS] pool=0xae3179b50 begins=1809000 live=61 peak=78 draining=0 borrowed=58 pending=58 released=1095 retired=990 mean_uses=600.1 sum=357.9MiB max=15.9MiB
[LIMINA-ALLOC-STATS] pool=0xae3179b50 begins=1809500 live=61 peak=78 draining=0 borrowed=56 pending=56 released=1095 retired=990 mean_uses=600.1 sum=357.9MiB max=15.9MiB
[LIMINA-ALLOC-STATS] pool=0xae3179b50 begins=1810000 live=61 peak=78 draining=0 borrowed=55 pending=55 released=1095 retired=990 mean_uses=600.1 sum=357.9MiB max=15.9MiB
[LIMINA-ALLOC-STATS] pool=0xae7e4db50 begins=23500 live=1 peak=1 draining=0 borrowed=1 pending=0 released=0 retired=0 mean_uses=0.0 sum=9.8MiB max=9.8MiB
[LIMINA-ALLOC-STATS] pool=0xae3179b50 begins=1810500 live=61 peak=78 draining=0 borrowed=57 pending=57 released=1095 retired=990 mean_uses=600.1 sum=357.9MiB max=15.9MiB
[LIMINA-ALLOC-STATS] pool=0xae3179b50 begins=1811000 live=61 peak=78 draining=0 borrowed=57 pending=58 released=1095 retired=990 mean_uses=600.1 sum=357.9MiB max=15.9MiB
[LIMINA-ALLOC-STATS] pool=0xae3179b50 begins=1811500 live=61 peak=78 draining=0 borrowed=55 pending=56 released=1095 retired=990 mean_uses=600.1 sum=357.9MiB max=15.9MiB
[LIMINA-ALLOC-STATS] pool=0xae3179b50 begins=1812000 live=61 peak=78 draining=0 borrowed=57 pending=57 released=1095 retired=990 mean_uses=600.1 sum=357.9MiB max=15.9MiB
[LIMINA-ALLOC-STATS] pool=0xae7e4db50 begins=24000 live=1 peak=1 draining=0 borrowed=1 pending=0 released=0 retired=0 mean_uses=0.0 sum=9.8MiB max=9.8MiB
[LIMINA-ALLOC-STATS] pool=0xae3179b50 begins=1812500 live=61 peak=78 draining=0 borrowed=58 pending=59 released=1095 retired=990 mean_uses=600.1 sum=357.9MiB max=15.9MiB
[LIMINA-ALLOC-STATS] pool=0xae3179b50 begins=1813000 live=61 peak=78 draining=0 borrowed=56 pending=56 released=1095 retired=990 mean_uses=600.1 sum=357.9MiB max=15.9MiB
[LIMINA-ALLOC-STATS] pool=0xae3179b50 begins=1813500 live=61 peak=78 draining=0 borrowed=58 pending=60 released=1095 retired=990 mean_uses=600.1 sum=357.9MiB max=15.9MiB
[LIMINA-ALLOC-STATS] pool=0xae3179b50 begins=1814000 live=61 peak=78 draining=0 borrowed=56 pending=56 released=1095 retired=990 mean_uses=600.1 sum=357.9MiB max=15.9MiB
[LIMINA-ALLOC-STATS] pool=0xae3179b50 begins=1814500 live=62 peak=78 draining=0 borrowed=55 pending=55 released=1095 retired=990 mean_uses=600.1 sum=360.4MiB max=15.9MiB
[LIMINA-ALLOC-STATS] pool=0xae7e4db50 begins=24500 live=1 peak=1 draining=0 borrowed=1 pending=1 released=0 retired=0 mean_uses=0.0 sum=9.8MiB max=9.8MiB
[LIMINA-ALLOC-STATS] pool=0xae3179b50 begins=1815000 live=62 peak=78 draining=0 borrowed=58 pending=57 released=1095 retired=990 mean_uses=600.1 sum=360.5MiB max=15.9MiB
[LIMINA-ALLOC-STATS] pool=0xae3179b50 begins=1815500 live=62 peak=78 draining=0 borrowed=60 pending=63 released=1095 retired=990 mean_uses=600.1 sum=362.0MiB max=15.9MiB
[LIMINA-ALLOC-STATS] pool=0xae3179b50 begins=1816000 live=62 peak=78 draining=0 borrowed=56 pending=55 released=1095 retired=990 mean_uses=600.1 sum=362.0MiB max=15.9MiB
[LIMINA-ALLOC-STATS] pool=0xae3179b50 begins=1816500 live=62 peak=78 draining=0 borrowed=60 pending=59 released=1095 retired=990 mean_uses=600.1 sum=362.1MiB max=15.9MiB
[LIMINA-ALLOC-STATS] pool=0xae7e4db50 begins=25000 live=1 peak=1 draining=0 borrowed=1 pending=0 released=0 retired=0 mean_uses=0.0 sum=9.8MiB max=9.8MiB
[LIMINA-ALLOC-STATS] pool=0xae3179b50 begins=1817000 live=62 peak=78 draining=0 borrowed=56 pending=56 released=1095 retired=990 mean_uses=600.1 sum=362.1MiB max=15.9MiB
[LIMINA-ALLOC-STATS] pool=0xae3179b50 begins=1817500 live=62 peak=78 draining=0 borrowed=57 pending=56 released=1095 retired=990 mean_uses=600.1 sum=362.1MiB max=15.9MiB
[LIMINA-ALLOC-STATS] pool=0xae3179b50 begins=1818000 live=62 peak=78 draining=0 borrowed=57 pending=57 released=1095 retired=990 mean_uses=600.1 sum=362.2MiB max=15.9MiB
[LIMINA-ALLOC-STATS] pool=0xae3179b50 begins=1818500 live=62 peak=78 draining=0 borrowed=56 pending=56 released=1095 retired=990 mean_uses=600.1 sum=362.2MiB max=15.9MiB
[LIMINA-ALLOC-POOL] teardown: pool=0xae7e4db50 live=1 peak=1 released=0 ceiling-waits=0 ceiling-fails=0
[2026-10-07T14:28:50.630172Z INFO  krun_devices::virtio::gpu::virtio_gpu] CTX_CREATE ctx=10 init=0x4 name=Some("vkmark\0\0\0\0\0\0\0\0\0\0\0\0\0\0\0\0\0\0\0\0\0\0\0\0\0\0\0\0\0\0\0\0\0\0\0\0\0\0\0\0\0\0\0\0\0\0\0\0\0\0\0\0\0\0\0\0\0\0")
[LIMINA-ALLOC-STATS] pool=0xae3179b50 begins=1819000 live=62 peak=78 draining=0 borrowed=59 pending=59 released=1095 retired=990 mean_uses=600.1 sum=362.3MiB max=15.9MiB
[LIMINA-ALLOC-STATS] pool=0xae3179b50 begins=1819500 live=63 peak=78 draining=0 borrowed=60 pending=60 released=1095 retired=990 mean_uses=600.1 sum=371.8MiB max=15.9MiB
[LIMINA-ALLOC-STATS] pool=0xae3179b50 begins=1820000 live=64 peak=78 draining=0 borrowed=55 pending=60 released=1095 retired=990 mean_uses=600.1 sum=383.1MiB max=15.9MiB
[LIMINA-ALLOC-STATS] pool=0xae3179b50 begins=1820500 live=64 peak=78 draining=0 borrowed=62 pending=74 released=1095 retired=990 mean_uses=600.1 sum=393.9MiB max=16.0MiB
[LIMINA-ALLOC-STATS] pool=0xae3179b50 begins=1821000 live=66 peak=78 draining=0 borrowed=58 pending=61 released=1095 retired=990 mean_uses=600.1 sum=407.9MiB max=16.0MiB
[LIMINA-ALLOC-STATS] pool=0xae3179b50 begins=1821500 live=66 peak=78 draining=0 borrowed=56 pending=56 released=1095 retired=990 mean_uses=600.1 sum=408.4MiB max=16.0MiB
[LIMINA-ALLOC-STATS] pool=0xae7e4db50 begins=500 live=1 peak=1 draining=0 borrowed=1 pending=0 released=0 retired=0 mean_uses=0.0 sum=9.8MiB max=9.8MiB
[LIMINA-ALLOC-STATS] pool=0xae3179b50 begins=1822000 live=66 peak=78 draining=0 borrowed=57 pending=57 released=1095 retired=990 mean_uses=600.1 sum=408.6MiB max=16.0MiB
[LIMINA-ALLOC-STATS] pool=0xae3179b50 begins=1822500 live=66 peak=78 draining=0 borrowed=57 pending=56 released=1095 retired=990 mean_uses=600.1 sum=408.6MiB max=16.0MiB
[LIMINA-ALLOC-STATS] pool=0xae3179b50 begins=1823000 live=66 peak=78 draining=0 borrowed=57 pending=56 released=1095 retired=990 mean_uses=600.1 sum=409.9MiB max=16.0MiB
[LIMINA-ALLOC-STATS] pool=0xae3179b50 begins=1823500 live=65 peak=78 draining=0 borrowed=57 pending=56 released=1096 retired=991 mean_uses=615.7 sum=394.0MiB max=15.7MiB
[LIMINA-ALLOC-STATS] pool=0xae7e4db50 begins=1000 live=1 peak=1 draining=0 borrowed=1 pending=0 released=0 retired=0 mean_uses=0.0 sum=9.8MiB max=9.8MiB
[LIMINA-ALLOC-STATS] pool=0xae3179b50 begins=1824000 live=65 peak=78 draining=0 borrowed=59 pending=60 released=1096 retired=991 mean_uses=615.7 sum=394.9MiB max=15.7MiB
[LIMINA-ALLOC-STATS] pool=0xae3179b50 begins=1824500 live=65 peak=78 draining=0 borrowed=56 pending=56 released=1096 retired=991 mean_uses=615.7 sum=394.9MiB max=15.7MiB
[LIMINA-ALLOC-STATS] pool=0xae3179b50 begins=1825000 live=65 peak=78 draining=0 borrowed=58 pending=58 released=1096 retired=991 mean_uses=615.7 sum=394.9MiB max=15.7MiB
[LIMINA-ALLOC-STATS] pool=0xae3179b50 begins=1825500 live=65 peak=78 draining=0 borrowed=56 pending=56 released=1096 retired=991 mean_uses=615.7 sum=395.0MiB max=15.7MiB
[LIMINA-ALLOC-STATS] pool=0xae7e4db50 begins=1500 live=1 peak=1 draining=0 borrowed=1 pending=1 released=0 retired=0 mean_uses=0.0 sum=9.8MiB max=9.8MiB
[LIMINA-ALLOC-STATS] pool=0xae3179b50 begins=1826000 live=65 peak=78 draining=0 borrowed=58 pending=58 released=1096 retired=991 mean_uses=615.7 sum=395.0MiB max=15.7MiB
[LIMINA-ALLOC-STATS] pool=0xae3179b50 begins=1826500 live=65 peak=78 draining=0 borrowed=55 pending=56 released=1096 retired=991 mean_uses=615.7 sum=395.1MiB max=15.7MiB
[LIMINA-ALLOC-STATS] pool=0xae3179b50 begins=1827000 live=65 peak=78 draining=0 borrowed=57 pending=57 released=1096 retired=991 mean_uses=615.7 sum=395.1MiB max=15.7MiB
[LIMINA-ALLOC-STATS] pool=0xae3179b50 begins=1827500 live=65 peak=78 draining=0 borrowed=58 pending=57 released=1096 retired=991 mean_uses=615.7 sum=395.1MiB max=15.7MiB
[LIMINA-ALLOC-STATS] pool=0xae3179b50 begins=1828000 live=65 peak=78 draining=0 borrowed=55 pending=55 released=1096 retired=991 mean_uses=615.7 sum=395.1MiB max=15.7MiB
[LIMINA-ALLOC-STATS] pool=0xae7e4db50 begins=2000 live=1 peak=1 draining=0 borrowed=1 pending=1 released=0 retired=0 mean_uses=0.0 sum=9.8MiB max=9.8MiB
[LIMINA-ALLOC-STATS] pool=0xae3179b50 begins=1828500 live=65 peak=78 draining=0 borrowed=58 pending=57 released=1096 retired=991 mean_uses=615.7 sum=395.2MiB max=15.7MiB
[LIMINA-ALLOC-STATS] pool=0xae3179b50 begins=1829000 live=65 peak=78 draining=0 borrowed=56 pending=56 released=1096 retired=991 mean_uses=615.7 sum=395.2MiB max=15.7MiB
[LIMINA-ALLOC-STATS] pool=0xae3179b50 begins=1829500 live=65 peak=78 draining=0 borrowed=57 pending=57 released=1096 retired=991 mean_uses=615.7 sum=395.2MiB max=15.7MiB
[LIMINA-ALLOC-STATS] pool=0xae3179b50 begins=1830000 live=65 peak=78 draining=0 borrowed=58 pending=58 released=1096 retired=991 mean_uses=615.7 sum=395.3MiB max=15.7MiB
[LIMINA-ALLOC-STATS] pool=0xae7e4db50 begins=2500 live=1 peak=1 draining=0 borrowed=1 pending=0 released=0 retired=0 mean_uses=0.0 sum=9.8MiB max=9.8MiB
[LIMINA-ALLOC-STATS] pool=0xae3179b50 begins=1830500 live=65 peak=78 draining=0 borrowed=57 pending=57 released=1096 retired=991 mean_uses=615.7 sum=395.3MiB max=15.7MiB
[LIMINA-ALLOC-STATS] pool=0xae3179b50 begins=1831000 live=65 peak=78 draining=0 borrowed=57 pending=57 released=1096 retired=991 mean_uses=615.7 sum=395.3MiB max=15.7MiB
[LIMINA-ALLOC-STATS] pool=0xae3179b50 begins=1831500 live=65 peak=78 draining=0 borrowed=56 pending=55 released=1096 retired=991 mean_uses=615.7 sum=395.3MiB max=15.7MiB
[LIMINA-ALLOC-STATS] pool=0xae3179b50 begins=1832000 live=65 peak=78 draining=0 borrowed=58 pending=62 released=1096 retired=991 mean_uses=615.7 sum=395.3MiB max=15.7MiB
[LIMINA-ALLOC-STATS] pool=0xae3179b50 begins=1832500 live=65 peak=78 draining=0 borrowed=55 pending=55 released=1096 retired=991 mean_uses=615.7 sum=395.3MiB max=15.7MiB
[LIMINA-ALLOC-STATS] pool=0xae7e4db50 begins=3000 live=1 peak=1 draining=0 borrowed=1 pending=0 released=0 retired=0 mean_uses=0.0 sum=9.8MiB max=9.8MiB
[LIMINA-ALLOC-STATS] pool=0xae3181b50 begins=16500 live=1 peak=1 draining=0 borrowed=1 pending=0 released=0 retired=0 mean_uses=0.0 sum=4.9MiB max=4.9MiB
[LIMINA-ALLOC-STATS] pool=0xae3179b50 begins=1833000 live=65 peak=78 draining=0 borrowed=57 pending=57 released=1096 retired=991 mean_uses=615.7 sum=395.3MiB max=15.7MiB
[LIMINA-ALLOC-STATS] pool=0xae317db50 begins=16500 live=1 peak=1 draining=0 borrowed=1 pending=0 released=0 retired=0 mean_uses=0.0 sum=4.9MiB max=4.9MiB
[LIMINA-ALLOC-STATS] pool=0xae3179b50 begins=1833500 live=65 peak=78 draining=0 borrowed=56 pending=56 released=1096 retired=991 mean_uses=615.7 sum=395.3MiB max=15.7MiB
[LIMINA-ALLOC-STATS] pool=0xae3179b50 begins=1834000 live=65 peak=78 draining=0 borrowed=56 pending=55 released=1096 retired=991 mean_uses=615.7 sum=397.5MiB max=15.7MiB
[LIMINA-ALLOC-STATS] pool=0xae3179b50 begins=1834500 live=65 peak=78 draining=0 borrowed=57 pending=58 released=1096 retired=991 mean_uses=615.7 sum=397.6MiB max=15.7MiB
[LIMINA-ALLOC-STATS] pool=0xae7e4db50 begins=3500 live=1 peak=1 draining=0 borrowed=1 pending=1 released=0 retired=0 mean_uses=0.0 sum=9.8MiB max=9.8MiB
[LIMINA-ALLOC-STATS] pool=0xae3179b50 begins=1835000 live=65 peak=78 draining=0 borrowed=57 pending=58 released=1096 retired=991 mean_uses=615.7 sum=397.6MiB max=15.7MiB
[LIMINA-ALLOC-STATS] pool=0xae3179b50 begins=1835500 live=65 peak=78 draining=0 borrowed=55 pending=55 released=1096 retired=991 mean_uses=615.7 sum=397.6MiB max=15.7MiB
[LIMINA-ALLOC-STATS] pool=0xae3179b50 begins=1836000 live=65 peak=78 draining=0 borrowed=60 pending=60 released=1096 retired=991 mean_uses=615.7 sum=397.6MiB max=15.7MiB
[LIMINA-ALLOC-STATS] pool=0xae3179b50 begins=1836500 live=65 peak=78 draining=0 borrowed=58 pending=58 released=1096 retired=991 mean_uses=615.7 sum=397.6MiB max=15.7MiB
[LIMINA-ALLOC-STATS] pool=0xae3179b50 begins=1837000 live=65 peak=78 draining=0 borrowed=55 pending=55 released=1096 retired=991 mean_uses=615.7 sum=397.6MiB max=15.7MiB
[LIMINA-ALLOC-STATS] pool=0xae7e4db50 begins=4000 live=1 peak=1 draining=0 borrowed=1 pending=1 released=0 retired=0 mean_uses=0.0 sum=9.8MiB max=9.8MiB
[LIMINA-ALLOC-STATS] pool=0xae3179b50 begins=1837500 live=65 peak=78 draining=0 borrowed=57 pending=57 released=1096 retired=991 mean_uses=615.7 sum=397.6MiB max=15.7MiB
[LIMINA-ALLOC-STATS] pool=0xae3179b50 begins=1838000 live=61 peak=78 draining=0 borrowed=56 pending=56 released=1100 retired=991 mean_uses=615.7 sum=363.1MiB max=15.7MiB
[LIMINA-ALLOC-STATS] pool=0xae3179b50 begins=1838500 live=61 peak=78 draining=0 borrowed=56 pending=56 released=1100 retired=991 mean_uses=615.7 sum=363.1MiB max=15.7MiB
[LIMINA-ALLOC-STATS] pool=0xae3179b50 begins=1839000 live=61 peak=78 draining=0 borrowed=58 pending=61 released=1100 retired=991 mean_uses=615.7 sum=363.1MiB max=15.7MiB
[LIMINA-ALLOC-STATS] pool=0xae7e4db50 begins=4500 live=1 peak=1 draining=0 borrowed=1 pending=0 released=0 retired=0 mean_uses=0.0 sum=9.8MiB max=9.8MiB
[LIMINA-ALLOC-STATS] pool=0xae3179b50 begins=1839500 live=61 peak=78 draining=0 borrowed=58 pending=57 released=1100 retired=991 mean_uses=615.7 sum=364.3MiB max=15.7MiB
[LIMINA-ALLOC-STATS] pool=0xae3179b50 begins=1840000 live=61 peak=78 draining=0 borrowed=55 pending=55 released=1100 retired=991 mean_uses=615.7 sum=364.3MiB max=15.7MiB
[LIMINA-ALLOC-STATS] pool=0xae3179b50 begins=1840500 live=61 peak=78 draining=0 borrowed=59 pending=59 released=1100 retired=991 mean_uses=615.7 sum=364.3MiB max=15.7MiB
[LIMINA-ALLOC-STATS] pool=0xae3179b50 begins=1841000 live=61 peak=78 draining=0 borrowed=56 pending=55 released=1100 retired=991 mean_uses=615.7 sum=364.3MiB max=15.7MiB
[LIMINA-ALLOC-STATS] pool=0xae3179b50 begins=1841500 live=61 peak=78 draining=0 borrowed=56 pending=56 released=1100 retired=991 mean_uses=615.7 sum=364.3MiB max=15.7MiB
[LIMINA-ALLOC-STATS] pool=0xae7e4db50 begins=5000 live=1 peak=1 draining=0 borrowed=1 pending=0 released=0 retired=0 mean_uses=0.0 sum=9.8MiB max=9.8MiB
[LIMINA-ALLOC-STATS] pool=0xae3179b50 begins=1842000 live=61 peak=78 draining=0 borrowed=59 pending=58 released=1100 retired=991 mean_uses=615.7 sum=364.3MiB max=15.7MiB
[LIMINA-ALLOC-STATS] pool=0xae3179b50 begins=1842500 live=61 peak=78 draining=0 borrowed=57 pending=56 released=1100 retired=991 mean_uses=615.7 sum=364.3MiB max=15.7MiB
[LIMINA-ALLOC-STATS] pool=0xae3179b50 begins=1843000 live=61 peak=78 draining=0 borrowed=55 pending=55 released=1100 retired=991 mean_uses=615.7 sum=364.3MiB max=15.7MiB
[LIMINA-ALLOC-STATS] pool=0xae3179b50 begins=1843500 live=61 peak=78 draining=0 borrowed=57 pending=57 released=1100 retired=991 mean_uses=615.7 sum=364.3MiB max=15.7MiB
[LIMINA-ALLOC-STATS] pool=0xae7e4db50 begins=5500 live=1 peak=1 draining=0 borrowed=1 pending=1 released=0 retired=0 mean_uses=0.0 sum=9.8MiB max=9.8MiB
[LIMINA-ALLOC-STATS] pool=0xae3179b50 begins=1844000 live=61 peak=78 draining=0 borrowed=56 pending=56 released=1100 retired=991 mean_uses=615.7 sum=364.3MiB max=15.7MiB
[LIMINA-ALLOC-STATS] pool=0xae3179b50 begins=1844500 live=61 peak=78 draining=0 borrowed=54 pending=54 released=1100 retired=991 mean_uses=615.7 sum=364.3MiB max=15.7MiB
[LIMINA-ALLOC-STATS] pool=0xae3179b50 begins=1845000 live=61 peak=78 draining=0 borrowed=58 pending=58 released=1100 retired=991 mean_uses=615.7 sum=364.3MiB max=15.7MiB
[LIMINA-ALLOC-STATS] pool=0xae3179b50 begins=1845500 live=61 peak=78 draining=0 borrowed=57 pending=60 released=1100 retired=991 mean_uses=615.7 sum=364.3MiB max=15.7MiB
[LIMINA-ALLOC-STATS] pool=0xae3179b50 begins=1846000 live=61 peak=78 draining=0 borrowed=55 pending=55 released=1100 retired=991 mean_uses=615.7 sum=364.3MiB max=15.7MiB
[LIMINA-ALLOC-STATS] pool=0xae7e4db50 begins=6000 live=1 peak=1 draining=0 borrowed=1 pending=0 released=0 retired=0 mean_uses=0.0 sum=9.8MiB max=9.8MiB
[LIMINA-ALLOC-STATS] pool=0xae3179b50 begins=1846500 live=61 peak=78 draining=0 borrowed=57 pending=57 released=1100 retired=991 mean_uses=615.7 sum=364.3MiB max=15.7MiB
[LIMINA-ALLOC-STATS] pool=0xae3179b50 begins=1847000 live=61 peak=78 draining=0 borrowed=58 pending=60 released=1100 retired=991 mean_uses=615.7 sum=364.3MiB max=15.7MiB
[LIMINA-ALLOC-STATS] pool=0xae3179b50 begins=1847500 live=61 peak=78 draining=0 borrowed=58 pending=60 released=1100 retired=991 mean_uses=615.7 sum=364.3MiB max=15.7MiB
[LIMINA-ALLOC-STATS] pool=0xae3179b50 begins=1848000 live=61 peak=78 draining=0 borrowed=60 pending=60 released=1100 retired=991 mean_uses=615.7 sum=364.3MiB max=15.7MiB
[LIMINA-ALLOC-STATS] pool=0xae7e4db50 begins=6500 live=1 peak=1 draining=0 borrowed=1 pending=0 released=0 retired=0 mean_uses=0.0 sum=9.8MiB max=9.8MiB
[LIMINA-ALLOC-STATS] pool=0xae3179b50 begins=1848500 live=61 peak=78 draining=0 borrowed=56 pending=56 released=1100 retired=991 mean_uses=615.7 sum=364.3MiB max=15.7MiB
[LIMINA-ALLOC-STATS] pool=0xae3179b50 begins=1849000 live=61 peak=78 draining=0 borrowed=56 pending=55 released=1100 retired=991 mean_uses=615.7 sum=364.3MiB max=15.7MiB
[LIMINA-ALLOC-STATS] pool=0xae3179b50 begins=1849500 live=61 peak=78 draining=0 borrowed=57 pending=57 released=1100 retired=991 mean_uses=615.7 sum=364.3MiB max=15.7MiB
[LIMINA-ALLOC-STATS] pool=0xae3179b50 begins=1850000 live=61 peak=78 draining=0 borrowed=56 pending=55 released=1100 retired=991 mean_uses=615.7 sum=364.3MiB max=15.7MiB
[LIMINA-ALLOC-STATS] pool=0xae3179b50 begins=1850500 live=62 peak=78 draining=0 borrowed=58 pending=58 released=1100 retired=991 mean_uses=615.7 sum=366.9MiB max=15.7MiB
[LIMINA-ALLOC-STATS] pool=0xae7e4db50 begins=7000 live=1 peak=1 draining=0 borrowed=1 pending=0 released=0 retired=0 mean_uses=0.0 sum=9.8MiB max=9.8MiB
[LIMINA-ALLOC-STATS] pool=0xae3179b50 begins=1851000 live=62 peak=78 draining=0 borrowed=59 pending=59 released=1100 retired=991 mean_uses=615.7 sum=369.7MiB max=15.7MiB
[LIMINA-ALLOC-STATS] pool=0xae3179b50 begins=1851500 live=62 peak=78 draining=0 borrowed=58 pending=58 released=1100 retired=991 mean_uses=615.7 sum=369.7MiB max=15.7MiB
[LIMINA-ALLOC-STATS] pool=0xae3179b50 begins=1852000 live=62 peak=78 draining=0 borrowed=58 pending=61 released=1100 retired=991 mean_uses=615.7 sum=369.7MiB max=15.7MiB
[LIMINA-ALLOC-STATS] pool=0xae3179b50 begins=1852500 live=62 peak=78 draining=0 borrowed=58 pending=58 released=1100 retired=991 mean_uses=615.7 sum=369.8MiB max=15.7MiB
[LIMINA-ALLOC-STATS] pool=0xae7e4db50 begins=7500 live=1 peak=1 draining=0 borrowed=1 pending=0 released=0 retired=0 mean_uses=0.0 sum=9.8MiB max=9.8MiB
[LIMINA-ALLOC-STATS] pool=0xae3179b50 begins=1853000 live=62 peak=78 draining=0 borrowed=57 pending=57 released=1100 retired=991 mean_uses=615.7 sum=369.8MiB max=15.7MiB
[LIMINA-ALLOC-STATS] pool=0xae3179b50 begins=1853500 live=62 peak=78 draining=0 borrowed=57 pending=57 released=1100 retired=991 mean_uses=615.7 sum=369.8MiB max=15.7MiB
[LIMINA-ALLOC-STATS] pool=0xae3179b50 begins=1854000 live=62 peak=78 draining=0 borrowed=60 pending=59 released=1100 retired=991 mean_uses=615.7 sum=371.8MiB max=15.7MiB
[LIMINA-ALLOC-STATS] pool=0xae3179b50 begins=1854500 live=62 peak=78 draining=0 borrowed=58 pending=58 released=1100 retired=991 mean_uses=615.7 sum=371.8MiB max=15.7MiB
[LIMINA-ALLOC-STATS] pool=0xae7e4db50 begins=8000 live=1 peak=1 draining=0 borrowed=1 pending=0 released=0 retired=0 mean_uses=0.0 sum=9.8MiB max=9.8MiB
[LIMINA-ALLOC-STATS] pool=0xae3179b50 begins=1855000 live=62 peak=78 draining=0 borrowed=57 pending=61 released=1100 retired=991 mean_uses=615.7 sum=371.8MiB max=15.7MiB
[LIMINA-ALLOC-STATS] pool=0xae3179b50 begins=1855500 live=62 peak=78 draining=0 borrowed=58 pending=58 released=1100 retired=991 mean_uses=615.7 sum=371.8MiB max=15.7MiB
[LIMINA-ALLOC-STATS] pool=0xae3179b50 begins=1856000 live=62 peak=78 draining=0 borrowed=58 pending=58 released=1100 retired=991 mean_uses=615.7 sum=371.8MiB max=15.7MiB
[LIMINA-ALLOC-STATS] pool=0xae3179b50 begins=1856500 live=62 peak=78 draining=0 borrowed=56 pending=55 released=1100 retired=991 mean_uses=615.7 sum=371.8MiB max=15.7MiB
[LIMINA-ALLOC-STATS] pool=0xae7e4db50 begins=8500 live=1 peak=1 draining=0 borrowed=1 pending=0 released=0 retired=0 mean_uses=0.0 sum=9.8MiB max=9.8MiB
[LIMINA-ALLOC-STATS] pool=0xae3179b50 begins=1857000 live=62 peak=78 draining=0 borrowed=58 pending=57 released=1100 retired=991 mean_uses=615.7 sum=371.8MiB max=15.7MiB
[LIMINA-ALLOC-STATS] pool=0xae3179b50 begins=1857500 live=62 peak=78 draining=0 borrowed=57 pending=56 released=1100 retired=991 mean_uses=615.7 sum=371.9MiB max=15.7MiB
[LIMINA-ALLOC-STATS] pool=0xae3179b50 begins=1858000 live=62 peak=78 draining=0 borrowed=56 pending=55 released=1100 retired=991 mean_uses=615.7 sum=371.9MiB max=15.7MiB
[LIMINA-ALLOC-STATS] pool=0xae3179b50 begins=1858500 live=62 peak=78 draining=0 borrowed=60 pending=60 released=1100 retired=991 mean_uses=615.7 sum=371.9MiB max=15.7MiB
[LIMINA-ALLOC-STATS] pool=0xae3179b50 begins=1859000 live=62 peak=78 draining=0 borrowed=58 pending=57 released=1100 retired=991 mean_uses=615.7 sum=371.9MiB max=15.7MiB
[LIMINA-ALLOC-STATS] pool=0xae7e4db50 begins=9000 live=1 peak=1 draining=0 borrowed=1 pending=1 released=0 retired=0 mean_uses=0.0 sum=9.8MiB max=9.8MiB
[LIMINA-ALLOC-STATS] pool=0xae3179b50 begins=1859500 live=62 peak=78 draining=0 borrowed=57 pending=59 released=1100 retired=991 mean_uses=615.7 sum=371.9MiB max=15.7MiB
[LIMINA-ALLOC-STATS] pool=0xae3179b50 begins=1860000 live=62 peak=78 draining=0 borrowed=58 pending=57 released=1100 retired=991 mean_uses=615.7 sum=371.9MiB max=15.7MiB
[LIMINA-ALLOC-STATS] pool=0xae3179b50 begins=1860500 live=62 peak=78 draining=0 borrowed=56 pending=55 released=1100 retired=991 mean_uses=615.7 sum=371.9MiB max=15.7MiB
[LIMINA-ALLOC-STATS] pool=0xae3179b50 begins=1861000 live=62 peak=78 draining=0 borrowed=56 pending=55 released=1100 retired=991 mean_uses=615.7 sum=371.9MiB max=15.7MiB
[LIMINA-ALLOC-STATS] pool=0xae7e4db50 begins=9500 live=1 peak=1 draining=0 borrowed=1 pending=0 released=0 retired=0 mean_uses=0.0 sum=9.8MiB max=9.8MiB
[LIMINA-ALLOC-STATS] pool=0xae3179b50 begins=1861500 live=62 peak=78 draining=0 borrowed=57 pending=61 released=1100 retired=991 mean_uses=615.7 sum=371.9MiB max=15.7MiB
[LIMINA-ALLOC-STATS] pool=0xae3179b50 begins=1862000 live=62 peak=78 draining=0 borrowed=56 pending=55 released=1100 retired=991 mean_uses=615.7 sum=371.9MiB max=15.7MiB
[LIMINA-ALLOC-STATS] pool=0xae3179b50 begins=1862500 live=62 peak=78 draining=0 borrowed=55 pending=55 released=1100 retired=991 mean_uses=615.7 sum=371.9MiB max=15.7MiB
[LIMINA-ALLOC-STATS] pool=0xae3179b50 begins=1863000 live=62 peak=78 draining=0 borrowed=58 pending=59 released=1100 retired=991 mean_uses=615.7 sum=371.9MiB max=15.7MiB
[LIMINA-ALLOC-STATS] pool=0xae3179b50 begins=1863500 live=62 peak=78 draining=0 borrowed=56 pending=56 released=1100 retired=991 mean_uses=615.7 sum=371.9MiB max=15.7MiB
[LIMINA-ALLOC-STATS] pool=0xae7e4db50 begins=10000 live=1 peak=1 draining=0 borrowed=1 pending=0 released=0 retired=0 mean_uses=0.0 sum=9.8MiB max=9.8MiB
[LIMINA-ALLOC-STATS] pool=0xae3179b50 begins=1864000 live=62 peak=78 draining=0 borrowed=58 pending=58 released=1100 retired=991 mean_uses=615.7 sum=371.9MiB max=15.7MiB
[LIMINA-ALLOC-STATS] pool=0xae3179b50 begins=1864500 live=62 peak=78 draining=0 borrowed=59 pending=58 released=1100 retired=991 mean_uses=615.7 sum=371.9MiB max=15.7MiB
[LIMINA-ALLOC-STATS] pool=0xae3179b50 begins=1865000 live=62 peak=78 draining=0 borrowed=59 pending=59 released=1100 retired=991 mean_uses=615.7 sum=371.9MiB max=15.7MiB
[LIMINA-ALLOC-STATS] pool=0xae3179b50 begins=1865500 live=62 peak=78 draining=0 borrowed=55 pending=55 released=1100 retired=991 mean_uses=615.7 sum=371.9MiB max=15.7MiB
[LIMINA-ALLOC-STATS] pool=0xae7e4db50 begins=10500 live=1 peak=1 draining=0 borrowed=1 pending=1 released=0 retired=0 mean_uses=0.0 sum=9.8MiB max=9.8MiB
[LIMINA-ALLOC-STATS] pool=0xae3179b50 begins=1866000 live=62 peak=78 draining=0 borrowed=59 pending=59 released=1100 retired=991 mean_uses=615.7 sum=371.9MiB max=15.7MiB
[LIMINA-ALLOC-STATS] pool=0xae3179b50 begins=1866500 live=62 peak=78 draining=0 borrowed=57 pending=60 released=1100 retired=991 mean_uses=615.7 sum=371.9MiB max=15.7MiB
[LIMINA-ALLOC-STATS] pool=0xae3179b50 begins=1867000 live=62 peak=78 draining=0 borrowed=55 pending=55 released=1100 retired=991 mean_uses=615.7 sum=371.9MiB max=15.7MiB
[LIMINA-ALLOC-STATS] pool=0xae3179b50 begins=1867500 live=62 peak=78 draining=0 borrowed=59 pending=58 released=1100 retired=991 mean_uses=615.7 sum=371.9MiB max=15.7MiB
[LIMINA-ALLOC-STATS] pool=0xae7e4db50 begins=11000 live=1 peak=1 draining=0 borrowed=1 pending=0 released=0 retired=0 mean_uses=0.0 sum=9.8MiB max=9.8MiB
[LIMINA-ALLOC-STATS] pool=0xae3179b50 begins=1868000 live=62 peak=78 draining=0 borrowed=58 pending=58 released=1100 retired=991 mean_uses=615.7 sum=371.9MiB max=15.7MiB
[LIMINA-ALLOC-STATS] pool=0xae3179b50 begins=1868500 live=62 peak=78 draining=0 borrowed=56 pending=55 released=1100 retired=991 mean_uses=615.7 sum=371.9MiB max=15.7MiB
[LIMINA-ALLOC-STATS] pool=0xae3179b50 begins=1869000 live=62 peak=78 draining=0 borrowed=59 pending=61 released=1100 retired=991 mean_uses=615.7 sum=371.9MiB max=15.7MiB
[LIMINA-ALLOC-STATS] pool=0xae3179b50 begins=1869500 live=62 peak=78 draining=0 borrowed=56 pending=56 released=1100 retired=991 mean_uses=615.7 sum=371.9MiB max=15.7MiB
[LIMINA-ALLOC-STATS] pool=0xae7e4db50 begins=11500 live=1 peak=1 draining=0 borrowed=1 pending=0 released=0 retired=0 mean_uses=0.0 sum=9.8MiB max=9.8MiB
[LIMINA-ALLOC-STATS] pool=0xae3179b50 begins=1870000 live=62 peak=78 draining=0 borrowed=57 pending=56 released=1100 retired=991 mean_uses=615.7 sum=371.9MiB max=15.7MiB
[LIMINA-ALLOC-STATS] pool=0xae3179b50 begins=1870500 live=62 peak=78 draining=0 borrowed=57 pending=56 released=1100 retired=991 mean_uses=615.7 sum=371.9MiB max=15.7MiB
[LIMINA-ALLOC-STATS] pool=0xae3179b50 begins=1871000 live=62 peak=78 draining=0 borrowed=55 pending=55 released=1100 retired=991 mean_uses=615.7 sum=371.9MiB max=15.7MiB
[LIMINA-ALLOC-STATS] pool=0xae3179b50 begins=1871500 live=62 peak=78 draining=0 borrowed=55 pending=56 released=1100 retired=991 mean_uses=615.7 sum=371.9MiB max=15.7MiB
[LIMINA-ALLOC-STATS] pool=0xae3179b50 begins=1872000 live=62 peak=78 draining=0 borrowed=57 pending=57 released=1100 retired=991 mean_uses=615.7 sum=371.9MiB max=15.7MiB
[LIMINA-ALLOC-STATS] pool=0xae7e4db50 begins=12000 live=1 peak=1 draining=0 borrowed=1 pending=0 released=0 retired=0 mean_uses=0.0 sum=9.8MiB max=9.8MiB
[LIMINA-ALLOC-STATS] pool=0xae3179b50 begins=1872500 live=62 peak=78 draining=0 borrowed=56 pending=56 released=1100 retired=991 mean_uses=615.7 sum=371.9MiB max=15.7MiB
[LIMINA-ALLOC-STATS] pool=0xae3179b50 begins=1873000 live=62 peak=78 draining=0 borrowed=57 pending=60 released=1100 retired=991 mean_uses=615.7 sum=371.9MiB max=15.7MiB
[LIMINA-ALLOC-STATS] pool=0xae3179b50 begins=1873500 live=61 peak=78 draining=0 borrowed=58 pending=57 released=1101 retired=991 mean_uses=615.7 sum=360.2MiB max=15.7MiB
[LIMINA-ALLOC-STATS] pool=0xae3179b50 begins=1874000 live=61 peak=78 draining=0 borrowed=58 pending=58 released=1101 retired=991 mean_uses=615.7 sum=360.2MiB max=15.7MiB
[LIMINA-ALLOC-STATS] pool=0xae7e4db50 begins=12500 live=1 peak=1 draining=0 borrowed=1 pending=0 released=0 retired=0 mean_uses=0.0 sum=9.8MiB max=9.8MiB
[LIMINA-ALLOC-STATS] pool=0xae3179b50 begins=1874500 live=61 peak=78 draining=0 borrowed=56 pending=55 released=1101 retired=991 mean_uses=615.7 sum=360.2MiB max=15.7MiB
[LIMINA-ALLOC-STATS] pool=0xae3179b50 begins=1875000 live=61 peak=78 draining=0 borrowed=57 pending=58 released=1101 retired=991 mean_uses=615.7 sum=360.2MiB max=15.7MiB
[LIMINA-ALLOC-STATS] pool=0xae3179b50 begins=1875500 live=61 peak=78 draining=0 borrowed=57 pending=57 released=1101 retired=991 mean_uses=615.7 sum=360.2MiB max=15.7MiB
[LIMINA-ALLOC-STATS] pool=0xae3179b50 begins=1876000 live=61 peak=78 draining=0 borrowed=56 pending=56 released=1101 retired=991 mean_uses=615.7 sum=360.2MiB max=15.7MiB
[LIMINA-ALLOC-STATS] pool=0xae7e4db50 begins=13000 live=1 peak=1 draining=0 borrowed=1 pending=1 released=0 retired=0 mean_uses=0.0 sum=9.8MiB max=9.8MiB
[LIMINA-ALLOC-STATS] pool=0xae3179b50 begins=1876500 live=61 peak=78 draining=0 borrowed=58 pending=58 released=1101 retired=991 mean_uses=615.7 sum=360.2MiB max=15.7MiB
[LIMINA-ALLOC-STATS] pool=0xae3179b50 begins=1877000 live=61 peak=78 draining=0 borrowed=57 pending=56 released=1101 retired=991 mean_uses=615.7 sum=360.2MiB max=15.7MiB
[LIMINA-ALLOC-STATS] pool=0xae3179b50 begins=1877500 live=62 peak=78 draining=0 borrowed=57 pending=56 released=1101 retired=991 mean_uses=615.7 sum=362.8MiB max=15.7MiB
[LIMINA-ALLOC-STATS] pool=0xae3179b50 begins=1878000 live=62 peak=78 draining=0 borrowed=61 pending=60 released=1101 retired=991 mean_uses=615.7 sum=363.4MiB max=15.7MiB
[LIMINA-ALLOC-STATS] pool=0xae3179b50 begins=1878500 live=62 peak=78 draining=0 borrowed=57 pending=57 released=1101 retired=991 mean_uses=615.7 sum=363.4MiB max=15.7MiB
[LIMINA-ALLOC-STATS] pool=0xae7e4db50 begins=13500 live=1 peak=1 draining=0 borrowed=1 pending=0 released=0 retired=0 mean_uses=0.0 sum=9.8MiB max=9.8MiB
[LIMINA-ALLOC-STATS] pool=0xae3179b50 begins=1879000 live=62 peak=78 draining=0 borrowed=55 pending=55 released=1101 retired=991 mean_uses=615.7 sum=363.4MiB max=15.7MiB
[LIMINA-ALLOC-STATS] pool=0xae3179b50 begins=1879500 live=62 peak=78 draining=0 borrowed=60 pending=62 released=1101 retired=991 mean_uses=615.7 sum=363.4MiB max=15.7MiB
[LIMINA-ALLOC-STATS] pool=0xae3179b50 begins=1880000 live=62 peak=78 draining=0 borrowed=57 pending=57 released=1101 retired=991 mean_uses=615.7 sum=363.4MiB max=15.7MiB
[LIMINA-ALLOC-STATS] pool=0xae3179b50 begins=1880500 live=62 peak=78 draining=0 borrowed=57 pending=57 released=1101 retired=991 mean_uses=615.7 sum=363.4MiB max=15.7MiB
[LIMINA-ALLOC-STATS] pool=0xae7e4db50 begins=14000 live=1 peak=1 draining=0 borrowed=1 pending=0 released=0 retired=0 mean_uses=0.0 sum=9.8MiB max=9.8MiB
[LIMINA-ALLOC-STATS] pool=0xae3179b50 begins=1881000 live=62 peak=78 draining=0 borrowed=59 pending=59 released=1101 retired=991 mean_uses=615.7 sum=363.4MiB max=15.7MiB
[LIMINA-ALLOC-STATS] pool=0xae3179b50 begins=1881500 live=62 peak=78 draining=0 borrowed=56 pending=56 released=1101 retired=991 mean_uses=615.7 sum=363.4MiB max=15.7MiB
[LIMINA-ALLOC-STATS] pool=0xae3179b50 begins=1882000 live=62 peak=78 draining=0 borrowed=55 pending=55 released=1101 retired=991 mean_uses=615.7 sum=363.4MiB max=15.7MiB
[LIMINA-ALLOC-STATS] pool=0xae3179b50 begins=1882500 live=62 peak=78 draining=0 borrowed=58 pending=57 released=1101 retired=991 mean_uses=615.7 sum=363.4MiB max=15.7MiB
[LIMINA-ALLOC-STATS] pool=0xae7e4db50 begins=14500 live=1 peak=1 draining=0 borrowed=1 pending=0 released=0 retired=0 mean_uses=0.0 sum=9.8MiB max=9.8MiB
[LIMINA-ALLOC-STATS] pool=0xae3179b50 begins=1883000 live=62 peak=78 draining=0 borrowed=56 pending=57 released=1101 retired=991 mean_uses=615.7 sum=363.4MiB max=15.7MiB
[LIMINA-ALLOC-STATS] pool=0xae3179b50 begins=1883500 live=62 peak=78 draining=0 borrowed=55 pending=55 released=1101 retired=991 mean_uses=615.7 sum=363.4MiB max=15.7MiB
[LIMINA-ALLOC-STATS] pool=0xae3179b50 begins=1884000 live=62 peak=78 draining=0 borrowed=58 pending=57 released=1101 retired=991 mean_uses=615.7 sum=363.4MiB max=15.7MiB
[LIMINA-ALLOC-STATS] pool=0xae3179b50 begins=1884500 live=62 peak=78 draining=0 borrowed=57 pending=61 released=1101 retired=991 mean_uses=615.7 sum=363.4MiB max=15.7MiB
[LIMINA-ALLOC-STATS] pool=0xae7e4db50 begins=15000 live=1 peak=1 draining=0 borrowed=1 pending=1 released=0 retired=0 mean_uses=0.0 sum=9.8MiB max=9.8MiB
[LIMINA-ALLOC-STATS] pool=0xae3179b50 begins=1885000 live=62 peak=78 draining=0 borrowed=55 pending=55 released=1101 retired=991 mean_uses=615.7 sum=365.6MiB max=15.7MiB
[LIMINA-ALLOC-STATS] pool=0xae3179b50 begins=1885500 live=62 peak=78 draining=0 borrowed=58 pending=58 released=1101 retired=991 mean_uses=615.7 sum=365.6MiB max=15.7MiB
[LIMINA-ALLOC-STATS] pool=0xae3179b50 begins=1886000 live=62 peak=78 draining=0 borrowed=57 pending=58 released=1101 retired=991 mean_uses=615.7 sum=365.6MiB max=15.7MiB
[LIMINA-ALLOC-STATS] pool=0xae3179b50 begins=1886500 live=62 peak=78 draining=0 borrowed=56 pending=56 released=1101 retired=991 mean_uses=615.7 sum=366.2MiB max=15.7MiB
[LIMINA-ALLOC-STATS] pool=0xae3179b50 begins=1887000 live=62 peak=78 draining=0 borrowed=56 pending=57 released=1101 retired=991 mean_uses=615.7 sum=366.2MiB max=15.7MiB
[LIMINA-ALLOC-STATS] pool=0xae7e4db50 begins=15500 live=1 peak=1 draining=0 borrowed=1 pending=0 released=0 retired=0 mean_uses=0.0 sum=9.8MiB max=9.8MiB
[LIMINA-ALLOC-STATS] pool=0xae3179b50 begins=1887500 live=62 peak=78 draining=0 borrowed=57 pending=57 released=1101 retired=991 mean_uses=615.7 sum=366.2MiB max=15.7MiB
[LIMINA-ALLOC-STATS] pool=0xae3179b50 begins=1888000 live=62 peak=78 draining=0 borrowed=55 pending=56 released=1101 retired=991 mean_uses=615.7 sum=366.2MiB max=15.7MiB
[LIMINA-ALLOC-STATS] pool=0xae3179b50 begins=1888500 live=63 peak=78 draining=0 borrowed=61 pending=60 released=1101 retired=991 mean_uses=615.7 sum=369.1MiB max=15.7MiB
[LIMINA-ALLOC-STATS] pool=0xae3179b50 begins=1889000 live=63 peak=78 draining=0 borrowed=57 pending=57 released=1101 retired=991 mean_uses=615.7 sum=372.6MiB max=15.7MiB
[LIMINA-ALLOC-STATS] pool=0xae7e4db50 begins=16000 live=1 peak=1 draining=0 borrowed=1 pending=0 released=0 retired=0 mean_uses=0.0 sum=9.8MiB max=9.8MiB
[LIMINA-ALLOC-STATS] pool=0xae3179b50 begins=1889500 live=63 peak=78 draining=0 borrowed=55 pending=55 released=1101 retired=991 mean_uses=615.7 sum=372.7MiB max=15.7MiB
[LIMINA-ALLOC-STATS] pool=0xae3179b50 begins=1890000 live=63 peak=78 draining=0 borrowed=58 pending=65 released=1101 retired=991 mean_uses=615.7 sum=372.7MiB max=15.7MiB
[LIMINA-ALLOC-STATS] pool=0xae3179b50 begins=1890500 live=63 peak=78 draining=0 borrowed=57 pending=57 released=1101 retired=991 mean_uses=615.7 sum=372.7MiB max=15.7MiB
[LIMINA-ALLOC-STATS] pool=0xae3179b50 begins=1891000 live=63 peak=78 draining=0 borrowed=56 pending=56 released=1101 retired=991 mean_uses=615.7 sum=372.9MiB max=15.7MiB
[LIMINA-ALLOC-STATS] pool=0xae3179b50 begins=1891500 live=63 peak=78 draining=0 borrowed=60 pending=60 released=1101 retired=991 mean_uses=615.7 sum=373.0MiB max=15.7MiB
[LIMINA-ALLOC-STATS] pool=0xae7e4db50 begins=16500 live=1 peak=1 draining=0 borrowed=1 pending=0 released=0 retired=0 mean_uses=0.0 sum=9.8MiB max=9.8MiB
[LIMINA-ALLOC-STATS] pool=0xae3179b50 begins=1892000 live=63 peak=78 draining=0 borrowed=60 pending=60 released=1101 retired=991 mean_uses=615.7 sum=373.0MiB max=15.7MiB
[LIMINA-ALLOC-STATS] pool=0xae3179b50 begins=1892500 live=63 peak=78 draining=0 borrowed=55 pending=56 released=1101 retired=991 mean_uses=615.7 sum=373.0MiB max=15.7MiB
[LIMINA-ALLOC-STATS] pool=0xae3179b50 begins=1893000 live=63 peak=78 draining=0 borrowed=60 pending=60 released=1101 retired=991 mean_uses=615.7 sum=373.0MiB max=15.7MiB
[LIMINA-ALLOC-STATS] pool=0xae3179b50 begins=1893500 live=63 peak=78 draining=0 borrowed=58 pending=58 released=1101 retired=991 mean_uses=615.7 sum=373.0MiB max=15.7MiB
[LIMINA-ALLOC-STATS] pool=0xae3179b50 begins=1894000 live=63 peak=78 draining=0 borrowed=56 pending=56 released=1101 retired=991 mean_uses=615.7 sum=373.1MiB max=15.7MiB
[LIMINA-ALLOC-STATS] pool=0xae7e4db50 begins=17000 live=1 peak=1 draining=0 borrowed=1 pending=0 released=0 retired=0 mean_uses=0.0 sum=9.8MiB max=9.8MiB
[LIMINA-ALLOC-STATS] pool=0xae3179b50 begins=1894500 live=63 peak=78 draining=0 borrowed=57 pending=56 released=1101 retired=991 mean_uses=615.7 sum=373.1MiB max=15.7MiB
[LIMINA-ALLOC-STATS] pool=0xae3179b50 begins=1895000 live=63 peak=78 draining=0 borrowed=57 pending=57 released=1101 retired=991 mean_uses=615.7 sum=373.1MiB max=15.7MiB
[LIMINA-ALLOC-STATS] pool=0xae3179b50 begins=1895500 live=63 peak=78 draining=0 borrowed=56 pending=56 released=1101 retired=991 mean_uses=615.7 sum=373.1MiB max=15.7MiB
[LIMINA-ALLOC-STATS] pool=0xae3179b50 begins=1896000 live=63 peak=78 draining=0 borrowed=57 pending=57 released=1101 retired=991 mean_uses=615.7 sum=373.1MiB max=15.7MiB
[LIMINA-ALLOC-STATS] pool=0xae3179b50 begins=1896500 live=63 peak=78 draining=0 borrowed=56 pending=56 released=1101 retired=991 mean_uses=615.7 sum=373.1MiB max=15.7MiB
[LIMINA-ALLOC-STATS] pool=0xae7e4db50 begins=17500 live=1 peak=1 draining=0 borrowed=1 pending=0 released=0 retired=0 mean_uses=0.0 sum=9.8MiB max=9.8MiB
[LIMINA-ALLOC-STATS] pool=0xae3179b50 begins=1897000 live=63 peak=78 draining=0 borrowed=54 pending=54 released=1101 retired=991 mean_uses=615.7 sum=373.1MiB max=15.7MiB
[LIMINA-ALLOC-STATS] pool=0xae3179b50 begins=1897500 live=63 peak=78 draining=0 borrowed=59 pending=58 released=1101 retired=991 mean_uses=615.7 sum=373.1MiB max=15.7MiB
[LIMINA-ALLOC-STATS] pool=0xae3179b50 begins=1898000 live=63 peak=78 draining=0 borrowed=56 pending=56 released=1101 retired=991 mean_uses=615.7 sum=373.1MiB max=15.7MiB
[LIMINA-ALLOC-STATS] pool=0xae3179b50 begins=1898500 live=63 peak=78 draining=0 borrowed=55 pending=55 released=1101 retired=991 mean_uses=615.7 sum=373.1MiB max=15.7MiB
[LIMINA-ALLOC-STATS] pool=0xae7e4db50 begins=18000 live=1 peak=1 draining=0 borrowed=1 pending=0 released=0 retired=0 mean_uses=0.0 sum=9.8MiB max=9.8MiB
[LIMINA-ALLOC-STATS] pool=0xae3179b50 begins=1899000 live=63 peak=78 draining=0 borrowed=58 pending=59 released=1101 retired=991 mean_uses=615.7 sum=373.1MiB max=15.7MiB
[LIMINA-ALLOC-STATS] pool=0xae3181b50 begins=17000 live=1 peak=1 draining=0 borrowed=1 pending=0 released=0 retired=0 mean_uses=0.0 sum=4.9MiB max=4.9MiB
[LIMINA-ALLOC-STATS] pool=0xae317db50 begins=17000 live=1 peak=1 draining=0 borrowed=1 pending=0 released=0 retired=0 mean_uses=0.0 sum=4.9MiB max=4.9MiB
[LIMINA-ALLOC-STATS] pool=0xae3179b50 begins=1899500 live=63 peak=78 draining=0 borrowed=58 pending=58 released=1101 retired=991 mean_uses=615.7 sum=373.1MiB max=15.7MiB
[LIMINA-ALLOC-STATS] pool=0xae3179b50 begins=1900000 live=63 peak=78 draining=0 borrowed=56 pending=56 released=1101 retired=991 mean_uses=615.7 sum=375.2MiB max=15.7MiB
[LIMINA-ALLOC-STATS] pool=0xae3179b50 begins=1900500 live=63 peak=78 draining=0 borrowed=56 pending=57 released=1101 retired=991 mean_uses=615.7 sum=375.2MiB max=15.7MiB
[LIMINA-ALLOC-STATS] pool=0xae3179b50 begins=1901000 live=63 peak=78 draining=0 borrowed=55 pending=58 released=1101 retired=991 mean_uses=615.7 sum=375.2MiB max=15.7MiB
[LIMINA-ALLOC-STATS] pool=0xae7e4db50 begins=18500 live=1 peak=1 draining=0 borrowed=1 pending=1 released=0 retired=0 mean_uses=0.0 sum=9.8MiB max=9.8MiB
[LIMINA-ALLOC-STATS] pool=0xae3179b50 begins=1901500 live=63 peak=78 draining=0 borrowed=56 pending=55 released=1101 retired=991 mean_uses=615.7 sum=375.3MiB max=15.7MiB
[LIMINA-ALLOC-STATS] pool=0xae3179b50 begins=1902000 live=62 peak=78 draining=0 borrowed=59 pending=58 released=1102 retired=991 mean_uses=615.7 sum=362.4MiB max=15.7MiB
[LIMINA-ALLOC-STATS] pool=0xae3179b50 begins=1902500 live=62 peak=78 draining=0 borrowed=57 pending=60 released=1102 retired=991 mean_uses=615.7 sum=362.4MiB max=15.7MiB
[LIMINA-ALLOC-STATS] pool=0xae3179b50 begins=1903000 live=62 peak=78 draining=0 borrowed=57 pending=57 released=1102 retired=991 mean_uses=615.7 sum=362.4MiB max=15.7MiB
[LIMINA-ALLOC-STATS] pool=0xae3179b50 begins=1903500 live=62 peak=78 draining=0 borrowed=56 pending=57 released=1102 retired=991 mean_uses=615.7 sum=362.4MiB max=15.7MiB
[LIMINA-ALLOC-STATS] pool=0xae7e4db50 begins=19000 live=1 peak=1 draining=0 borrowed=1 pending=0 released=0 retired=0 mean_uses=0.0 sum=9.8MiB max=9.8MiB
[LIMINA-ALLOC-STATS] pool=0xae3179b50 begins=1904000 live=62 peak=78 draining=0 borrowed=56 pending=57 released=1102 retired=991 mean_uses=615.7 sum=362.4MiB max=15.7MiB
[LIMINA-ALLOC-STATS] pool=0xae3179b50 begins=1904500 live=62 peak=78 draining=0 borrowed=57 pending=57 released=1102 retired=991 mean_uses=615.7 sum=362.4MiB max=15.7MiB
[LIMINA-ALLOC-STATS] pool=0xae3179b50 begins=1905000 live=62 peak=78 draining=0 borrowed=60 pending=60 released=1102 retired=991 mean_uses=615.7 sum=362.4MiB max=15.7MiB
[LIMINA-ALLOC-STATS] pool=0xae3179b50 begins=1905500 live=62 peak=78 draining=0 borrowed=57 pending=56 released=1102 retired=991 mean_uses=615.7 sum=362.4MiB max=15.7MiB
[LIMINA-ALLOC-STATS] pool=0xae7e4db50 begins=19500 live=1 peak=1 draining=0 borrowed=1 pending=0 released=0 retired=0 mean_uses=0.0 sum=9.8MiB max=9.8MiB
[LIMINA-ALLOC-STATS] pool=0xae3179b50 begins=1906000 live=62 peak=78 draining=0 borrowed=55 pending=55 released=1102 retired=991 mean_uses=615.7 sum=362.4MiB max=15.7MiB
[LIMINA-ALLOC-STATS] pool=0xae3179b50 begins=1906500 live=62 peak=78 draining=0 borrowed=58 pending=59 released=1102 retired=991 mean_uses=615.7 sum=362.4MiB max=15.7MiB
[LIMINA-ALLOC-STATS] pool=0xae3179b50 begins=1907000 live=62 peak=78 draining=0 borrowed=57 pending=57 released=1102 retired=991 mean_uses=615.7 sum=362.4MiB max=15.7MiB
[LIMINA-ALLOC-STATS] pool=0xae3179b50 begins=1907500 live=62 peak=78 draining=0 borrowed=54 pending=54 released=1102 retired=991 mean_uses=615.7 sum=362.4MiB max=15.7MiB
[LIMINA-ALLOC-STATS] pool=0xae7e4db50 begins=20000 live=1 peak=1 draining=0 borrowed=1 pending=0 released=0 retired=0 mean_uses=0.0 sum=9.8MiB max=9.8MiB
[LIMINA-ALLOC-STATS] pool=0xae3179b50 begins=1908000 live=62 peak=78 draining=0 borrowed=58 pending=57 released=1102 retired=991 mean_uses=615.7 sum=362.4MiB max=15.7MiB
[LIMINA-ALLOC-STATS] pool=0xae3179b50 begins=1908500 live=62 peak=78 draining=0 borrowed=57 pending=57 released=1102 retired=991 mean_uses=615.7 sum=362.4MiB max=15.7MiB
[LIMINA-ALLOC-STATS] pool=0xae3179b50 begins=1909000 live=62 peak=78 draining=0 borrowed=57 pending=57 released=1102 retired=991 mean_uses=615.7 sum=362.4MiB max=15.7MiB
[LIMINA-ALLOC-STATS] pool=0xae3179b50 begins=1909500 live=62 peak=78 draining=0 borrowed=59 pending=59 released=1102 retired=991 mean_uses=615.7 sum=362.4MiB max=15.7MiB
[LIMINA-ALLOC-STATS] pool=0xae3179b50 begins=1910000 live=62 peak=78 draining=0 borrowed=58 pending=59 released=1102 retired=991 mean_uses=615.7 sum=362.4MiB max=15.7MiB
[LIMINA-ALLOC-STATS] pool=0xae7e4db50 begins=20500 live=1 peak=1 draining=0 borrowed=1 pending=1 released=0 retired=0 mean_uses=0.0 sum=9.8MiB max=9.8MiB
[LIMINA-ALLOC-STATS] pool=0xae3179b50 begins=1910500 live=62 peak=78 draining=0 borrowed=56 pending=55 released=1102 retired=991 mean_uses=615.7 sum=362.5MiB max=15.7MiB
[LIMINA-ALLOC-STATS] pool=0xae3179b50 begins=1911000 live=62 peak=78 draining=0 borrowed=56 pending=57 released=1102 retired=991 mean_uses=615.7 sum=362.5MiB max=15.7MiB
[LIMINA-ALLOC-STATS] pool=0xae3179b50 begins=1911500 live=62 peak=78 draining=0 borrowed=57 pending=57 released=1102 retired=991 mean_uses=615.7 sum=362.6MiB max=15.7MiB
[LIMINA-ALLOC-STATS] pool=0xae3179b50 begins=1912000 live=62 peak=78 draining=0 borrowed=56 pending=55 released=1102 retired=991 mean_uses=615.7 sum=362.6MiB max=15.7MiB
[LIMINA-ALLOC-STATS] pool=0xae7e4db50 begins=21000 live=1 peak=1 draining=0 borrowed=1 pending=0 released=0 retired=0 mean_uses=0.0 sum=9.8MiB max=9.8MiB
[LIMINA-ALLOC-STATS] pool=0xae3179b50 begins=1912500 live=62 peak=78 draining=0 borrowed=59 pending=60 released=1102 retired=991 mean_uses=615.7 sum=362.6MiB max=15.7MiB
[LIMINA-ALLOC-STATS] pool=0xae3179b50 begins=1913000 live=62 peak=78 draining=0 borrowed=57 pending=56 released=1102 retired=991 mean_uses=615.7 sum=362.6MiB max=15.7MiB
[LIMINA-ALLOC-STATS] pool=0xae3179b50 begins=1913500 live=62 peak=78 draining=0 borrowed=56 pending=55 released=1102 retired=991 mean_uses=615.7 sum=362.6MiB max=15.7MiB
[LIMINA-ALLOC-STATS] pool=0xae3179b50 begins=1914000 live=62 peak=78 draining=0 borrowed=61 pending=60 released=1102 retired=991 mean_uses=615.7 sum=362.6MiB max=15.7MiB
[LIMINA-ALLOC-STATS] pool=0xae3179b50 begins=1914500 live=62 peak=78 draining=0 borrowed=58 pending=59 released=1103 retired=991 mean_uses=615.7 sum=359.2MiB max=15.7MiB
[LIMINA-ALLOC-STATS] pool=0xae7e4db50 begins=21500 live=1 peak=1 draining=0 borrowed=1 pending=0 released=0 retired=0 mean_uses=0.0 sum=9.8MiB max=9.8MiB
[LIMINA-ALLOC-STATS] pool=0xae3179b50 begins=1915000 live=62 peak=78 draining=0 borrowed=56 pending=55 released=1103 retired=991 mean_uses=615.7 sum=359.3MiB max=15.7MiB
[LIMINA-ALLOC-STATS] pool=0xae3179b50 begins=1915500 live=62 peak=78 draining=0 borrowed=58 pending=57 released=1103 retired=991 mean_uses=615.7 sum=359.4MiB max=15.7MiB
[LIMINA-ALLOC-STATS] pool=0xae3179b50 begins=1916000 live=62 peak=78 draining=0 borrowed=58 pending=62 released=1103 retired=991 mean_uses=615.7 sum=359.8MiB max=15.7MiB
[LIMINA-ALLOC-STATS] pool=0xae3179b50 begins=1916500 live=62 peak=78 draining=0 borrowed=55 pending=55 released=1103 retired=991 mean_uses=615.7 sum=359.8MiB max=15.7MiB
[LIMINA-ALLOC-STATS] pool=0xae3179b50 begins=1917000 live=62 peak=78 draining=0 borrowed=59 pending=58 released=1103 retired=991 mean_uses=615.7 sum=361.9MiB max=15.7MiB
[LIMINA-ALLOC-STATS] pool=0xae7e4db50 begins=22000 live=1 peak=1 draining=0 borrowed=1 pending=0 released=0 retired=0 mean_uses=0.0 sum=9.8MiB max=9.8MiB
[LIMINA-ALLOC-STATS] pool=0xae3179b50 begins=1917500 live=62 peak=78 draining=0 borrowed=57 pending=56 released=1103 retired=991 mean_uses=615.7 sum=361.9MiB max=15.7MiB
[LIMINA-ALLOC-STATS] pool=0xae3179b50 begins=1918000 live=62 peak=78 draining=0 borrowed=57 pending=58 released=1103 retired=991 mean_uses=615.7 sum=361.9MiB max=15.7MiB
[LIMINA-ALLOC-STATS] pool=0xae3179b50 begins=1918500 live=62 peak=78 draining=0 borrowed=58 pending=57 released=1103 retired=991 mean_uses=615.7 sum=361.9MiB max=15.7MiB
[LIMINA-ALLOC-STATS] pool=0xae3179b50 begins=1919000 live=62 peak=78 draining=0 borrowed=59 pending=59 released=1103 retired=991 mean_uses=615.7 sum=361.9MiB max=15.7MiB
[LIMINA-ALLOC-STATS] pool=0xae7e4db50 begins=22500 live=1 peak=1 draining=0 borrowed=1 pending=0 released=0 retired=0 mean_uses=0.0 sum=9.8MiB max=9.8MiB
[LIMINA-ALLOC-STATS] pool=0xae3179b50 begins=1919500 live=62 peak=78 draining=0 borrowed=56 pending=56 released=1103 retired=991 mean_uses=615.7 sum=361.9MiB max=15.7MiB
[LIMINA-ALLOC-STATS] pool=0xae3179b50 begins=1920000 live=62 peak=78 draining=0 borrowed=57 pending=57 released=1103 retired=991 mean_uses=615.7 sum=361.9MiB max=15.7MiB
[LIMINA-ALLOC-STATS] pool=0xae3179b50 begins=1920500 live=62 peak=78 draining=0 borrowed=56 pending=56 released=1103 retired=991 mean_uses=615.7 sum=361.9MiB max=15.7MiB
[LIMINA-ALLOC-STATS] pool=0xae3179b50 begins=1921000 live=62 peak=78 draining=0 borrowed=56 pending=58 released=1103 retired=991 mean_uses=615.7 sum=362.1MiB max=15.7MiB
[LIMINA-ALLOC-STATS] pool=0xae3179b50 begins=1921500 live=62 peak=78 draining=0 borrowed=55 pending=57 released=1103 retired=991 mean_uses=615.7 sum=362.1MiB max=15.7MiB
[LIMINA-ALLOC-STATS] pool=0xae7e4db50 begins=23000 live=1 peak=1 draining=0 borrowed=1 pending=1 released=0 retired=0 mean_uses=0.0 sum=9.8MiB max=9.8MiB
[LIMINA-ALLOC-STATS] pool=0xae3179b50 begins=1922000 live=62 peak=78 draining=0 borrowed=56 pending=56 released=1103 retired=991 mean_uses=615.7 sum=362.1MiB max=15.7MiB
[LIMINA-ALLOC-STATS] pool=0xae3179b50 begins=1922500 live=62 peak=78 draining=0 borrowed=57 pending=56 released=1103 retired=991 mean_uses=615.7 sum=362.1MiB max=15.7MiB
[LIMINA-ALLOC-STATS] pool=0xae3179b50 begins=1923000 live=62 peak=78 draining=0 borrowed=58 pending=58 released=1103 retired=991 mean_uses=615.7 sum=362.1MiB max=15.7MiB
[LIMINA-ALLOC-STATS] pool=0xae3179b50 begins=1923500 live=63 peak=78 draining=0 borrowed=57 pending=56 released=1103 retired=991 mean_uses=615.7 sum=364.7MiB max=15.7MiB
[LIMINA-ALLOC-STATS] pool=0xae3179b50 begins=1924000 live=63 peak=78 draining=0 borrowed=56 pending=55 released=1103 retired=991 mean_uses=615.7 sum=367.3MiB max=15.7MiB
[LIMINA-ALLOC-STATS] pool=0xae7e4db50 begins=23500 live=1 peak=1 draining=0 borrowed=1 pending=0 released=0 retired=0 mean_uses=0.0 sum=9.8MiB max=9.8MiB
[LIMINA-ALLOC-STATS] pool=0xae3179b50 begins=1924500 live=63 peak=78 draining=0 borrowed=59 pending=58 released=1103 retired=991 mean_uses=615.7 sum=367.4MiB max=15.7MiB
[LIMINA-ALLOC-STATS] pool=0xae3179b50 begins=1925000 live=63 peak=78 draining=0 borrowed=57 pending=57 released=1103 retired=991 mean_uses=615.7 sum=367.4MiB max=15.7MiB
[LIMINA-ALLOC-STATS] pool=0xae3179b50 begins=1925500 live=63 peak=78 draining=0 borrowed=56 pending=57 released=1103 retired=991 mean_uses=615.7 sum=367.5MiB max=15.7MiB
[LIMINA-ALLOC-STATS] pool=0xae3179b50 begins=1926000 live=63 peak=78 draining=0 borrowed=59 pending=59 released=1103 retired=991 mean_uses=615.7 sum=367.5MiB max=15.7MiB
[LIMINA-ALLOC-STATS] pool=0xae3179b50 begins=1926500 live=63 peak=78 draining=0 borrowed=57 pending=57 released=1103 retired=991 mean_uses=615.7 sum=367.5MiB max=15.7MiB
[LIMINA-ALLOC-STATS] pool=0xae7e4db50 begins=24000 live=1 peak=1 draining=0 borrowed=1 pending=0 released=0 retired=0 mean_uses=0.0 sum=9.8MiB max=9.8MiB
[LIMINA-ALLOC-STATS] pool=0xae3179b50 begins=1927000 live=63 peak=78 draining=0 borrowed=57 pending=57 released=1103 retired=991 mean_uses=615.7 sum=367.5MiB max=15.7MiB
[LIMINA-ALLOC-STATS] pool=0xae3179b50 begins=1927500 live=63 peak=78 draining=0 borrowed=58 pending=57 released=1103 retired=991 mean_uses=615.7 sum=367.5MiB max=15.7MiB
[LIMINA-ALLOC-STATS] pool=0xae3179b50 begins=1928000 live=63 peak=78 draining=0 borrowed=57 pending=57 released=1103 retired=991 mean_uses=615.7 sum=367.5MiB max=15.7MiB
[LIMINA-ALLOC-STATS] pool=0xae3179b50 begins=1928500 live=63 peak=78 draining=0 borrowed=57 pending=56 released=1103 retired=991 mean_uses=615.7 sum=367.5MiB max=15.7MiB
[LIMINA-ALLOC-STATS] pool=0xae7e4db50 begins=24500 live=1 peak=1 draining=0 borrowed=1 pending=0 released=0 retired=0 mean_uses=0.0 sum=9.8MiB max=9.8MiB
[LIMINA-ALLOC-STATS] pool=0xae3179b50 begins=1929000 live=63 peak=78 draining=0 borrowed=57 pending=57 released=1103 retired=991 mean_uses=615.7 sum=367.5MiB max=15.7MiB
[LIMINA-ALLOC-STATS] pool=0xae3179b50 begins=1929500 live=63 peak=78 draining=0 borrowed=56 pending=56 released=1103 retired=991 mean_uses=615.7 sum=367.5MiB max=15.7MiB
[LIMINA-ALLOC-STATS] pool=0xae3179b50 begins=1930000 live=63 peak=78 draining=0 borrowed=55 pending=55 released=1103 retired=991 mean_uses=615.7 sum=367.5MiB max=15.7MiB
[LIMINA-ALLOC-STATS] pool=0xae3179b50 begins=1930500 live=63 peak=78 draining=0 borrowed=58 pending=60 released=1103 retired=991 mean_uses=615.7 sum=368.6MiB max=15.7MiB
[LIMINA-ALLOC-STATS] pool=0xae3179b50 begins=1931000 live=63 peak=78 draining=0 borrowed=57 pending=56 released=1103 retired=991 mean_uses=615.7 sum=368.6MiB max=15.7MiB
[LIMINA-ALLOC-STATS] pool=0xae7e4db50 begins=25000 live=1 peak=1 draining=0 borrowed=1 pending=0 released=0 retired=0 mean_uses=0.0 sum=9.8MiB max=9.8MiB
[LIMINA-ALLOC-STATS] pool=0xae3179b50 begins=1931500 live=63 peak=78 draining=0 borrowed=56 pending=55 released=1103 retired=991 mean_uses=615.7 sum=368.6MiB max=15.7MiB
[LIMINA-ALLOC-STATS] pool=0xae3179b50 begins=1932000 live=63 peak=78 draining=0 borrowed=58 pending=57 released=1103 retired=991 mean_uses=615.7 sum=368.6MiB max=15.7MiB
[LIMINA-ALLOC-STATS] pool=0xae3179b50 begins=1932500 live=63 peak=78 draining=0 borrowed=56 pending=56 released=1103 retired=991 mean_uses=615.7 sum=368.6MiB max=15.7MiB
[LIMINA-ALLOC-STATS] pool=0xae3179b50 begins=1933000 live=63 peak=78 draining=0 borrowed=55 pending=55 released=1103 retired=991 mean_uses=615.7 sum=368.6MiB max=15.7MiB
[LIMINA-ALLOC-STATS] pool=0xae7e4db50 begins=25500 live=1 peak=1 draining=0 borrowed=1 pending=0 released=0 retired=0 mean_uses=0.0 sum=9.8MiB max=9.8MiB
[LIMINA-ALLOC-STATS] pool=0xae3179b50 begins=1933500 live=63 peak=78 draining=0 borrowed=58 pending=61 released=1103 retired=991 mean_uses=615.7 sum=368.6MiB max=15.7MiB
[LIMINA-ALLOC-STATS] pool=0xae3179b50 begins=1934000 live=63 peak=78 draining=0 borrowed=56 pending=55 released=1103 retired=991 mean_uses=615.7 sum=368.6MiB max=15.7MiB
[LIMINA-ALLOC-STATS] pool=0xae3179b50 begins=1934500 live=63 peak=78 draining=0 borrowed=55 pending=55 released=1103 retired=991 mean_uses=615.7 sum=368.6MiB max=15.7MiB
[LIMINA-ALLOC-STATS] pool=0xae3179b50 begins=1935000 live=63 peak=78 draining=0 borrowed=58 pending=57 released=1103 retired=991 mean_uses=615.7 sum=368.6MiB max=15.7MiB
[LIMINA-ALLOC-STATS] pool=0xae3179b50 begins=1935500 live=63 peak=78 draining=0 borrowed=57 pending=56 released=1103 retired=991 mean_uses=615.7 sum=368.7MiB max=15.7MiB
[LIMINA-ALLOC-STATS] pool=0xae7e4db50 begins=26000 live=1 peak=1 draining=0 borrowed=1 pending=1 released=0 retired=0 mean_uses=0.0 sum=9.8MiB max=9.8MiB
[LIMINA-ALLOC-POOL] teardown: pool=0xae7e4db50 live=1 peak=1 released=0 ceiling-waits=0 ceiling-fails=0
[2026-10-07T14:29:05.728009Z INFO  krun_devices::virtio::gpu::virtio_gpu] CTX_CREATE ctx=10 init=0x4 name=Some("vkmark\0\0\0\0\0\0\0\0\0\0\0\0\0\0\0\0\0\0\0\0\0\0\0\0\0\0\0\0\0\0\0\0\0\0\0\0\0\0\0\0\0\0\0\0\0\0\0\0\0\0\0\0\0\0\0\0\0\0")
[LIMINA-ALLOC-STATS] pool=0xae3179b50 begins=1936000 live=63 peak=78 draining=0 borrowed=59 pending=58 released=1103 retired=991 mean_uses=615.7 sum=368.8MiB max=15.7MiB
[LIMINA-ALLOC-STATS] pool=0xae3179b50 begins=1936500 live=63 peak=78 draining=0 borrowed=59 pending=58 released=1103 retired=991 mean_uses=615.7 sum=372.1MiB max=15.7MiB
[LIMINA-ALLOC-STATS] pool=0xae3179b50 begins=1937000 live=63 peak=78 draining=0 borrowed=56 pending=57 released=1103 retired=991 mean_uses=615.7 sum=378.2MiB max=15.7MiB
[LIMINA-ALLOC-STATS] pool=0xae3179b50 begins=1937500 live=63 peak=78 draining=0 borrowed=55 pending=55 released=1103 retired=991 mean_uses=615.7 sum=378.2MiB max=15.7MiB
[LIMINA-ALLOC-STATS] pool=0xae3179b50 begins=1938000 live=62 peak=78 draining=0 borrowed=57 pending=56 released=1104 retired=991 mean_uses=615.7 sum=370.0MiB max=15.7MiB
[LIMINA-ALLOC-STATS] pool=0xae7e4db50 begins=500 live=1 peak=1 draining=0 borrowed=1 pending=1 released=0 retired=0 mean_uses=0.0 sum=9.8MiB max=9.8MiB
[LIMINA-ALLOC-STATS] pool=0xae3179b50 begins=1938500 live=62 peak=78 draining=0 borrowed=57 pending=59 released=1104 retired=991 mean_uses=615.7 sum=371.1MiB max=15.7MiB
[LIMINA-ALLOC-STATS] pool=0xae3179b50 begins=1939000 live=62 peak=78 draining=0 borrowed=57 pending=57 released=1104 retired=991 mean_uses=615.7 sum=371.1MiB max=15.7MiB
[LIMINA-ALLOC-STATS] pool=0xae3179b50 begins=1939500 live=61 peak=78 draining=0 borrowed=58 pending=57 released=1105 retired=991 mean_uses=615.7 sum=359.4MiB max=15.7MiB
[LIMINA-ALLOC-STATS] pool=0xae3179b50 begins=1940000 live=61 peak=78 draining=0 borrowed=57 pending=57 released=1105 retired=991 mean_uses=615.7 sum=359.4MiB max=15.7MiB
[LIMINA-ALLOC-STATS] pool=0xae3179b50 begins=1940500 live=61 peak=78 draining=0 borrowed=55 pending=55 released=1105 retired=991 mean_uses=615.7 sum=359.4MiB max=15.7MiB
[LIMINA-ALLOC-STATS] pool=0xae7e4db50 begins=1000 live=1 peak=1 draining=0 borrowed=1 pending=1 released=0 retired=0 mean_uses=0.0 sum=9.8MiB max=9.8MiB
[LIMINA-ALLOC-STATS] pool=0xae3179b50 begins=1941000 live=61 peak=78 draining=0 borrowed=60 pending=62 released=1105 retired=991 mean_uses=615.7 sum=359.4MiB max=15.7MiB
[LIMINA-ALLOC-STATS] pool=0xae3179b50 begins=1941500 live=61 peak=78 draining=0 borrowed=57 pending=56 released=1105 retired=991 mean_uses=615.7 sum=359.4MiB max=15.7MiB
[LIMINA-ALLOC-STATS] pool=0xae3179b50 begins=1942000 live=61 peak=78 draining=0 borrowed=56 pending=55 released=1105 retired=991 mean_uses=615.7 sum=359.6MiB max=15.7MiB
[LIMINA-ALLOC-STATS] pool=0xae3179b50 begins=1942500 live=61 peak=78 draining=0 borrowed=58 pending=57 released=1105 retired=991 mean_uses=615.7 sum=359.6MiB max=15.7MiB
[LIMINA-ALLOC-STATS] pool=0xae7e4db50 begins=1500 live=1 peak=1 draining=0 borrowed=1 pending=1 released=0 retired=0 mean_uses=0.0 sum=9.8MiB max=9.8MiB
[LIMINA-ALLOC-STATS] pool=0xae3179b50 begins=1943000 live=61 peak=78 draining=0 borrowed=57 pending=62 released=1105 retired=991 mean_uses=615.7 sum=359.6MiB max=15.7MiB
[LIMINA-ALLOC-STATS] pool=0xae3179b50 begins=1943500 live=61 peak=78 draining=0 borrowed=55 pending=55 released=1105 retired=991 mean_uses=615.7 sum=359.6MiB max=15.7MiB
[LIMINA-ALLOC-STATS] pool=0xae3179b50 begins=1944000 live=61 peak=78 draining=0 borrowed=60 pending=61 released=1105 retired=991 mean_uses=615.7 sum=359.6MiB max=15.7MiB
[LIMINA-ALLOC-STATS] pool=0xae3179b50 begins=1944500 live=61 peak=78 draining=0 borrowed=56 pending=56 released=1105 retired=991 mean_uses=615.7 sum=359.6MiB max=15.7MiB
[LIMINA-ALLOC-STATS] pool=0xae3179b50 begins=1945000 live=61 peak=78 draining=0 borrowed=55 pending=55 released=1105 retired=991 mean_uses=615.7 sum=359.6MiB max=15.7MiB
[LIMINA-ALLOC-STATS] pool=0xae7e4db50 begins=2000 live=1 peak=1 draining=0 borrowed=1 pending=1 released=0 retired=0 mean_uses=0.0 sum=9.8MiB max=9.8MiB
[LIMINA-ALLOC-STATS] pool=0xae3179b50 begins=1945500 live=61 peak=78 draining=0 borrowed=56 pending=55 released=1105 retired=991 mean_uses=615.7 sum=359.6MiB max=15.7MiB
[LIMINA-ALLOC-STATS] pool=0xae3179b50 begins=1946000 live=61 peak=78 draining=0 borrowed=55 pending=55 released=1105 retired=991 mean_uses=615.7 sum=359.6MiB max=15.7MiB
[LIMINA-ALLOC-STATS] pool=0xae3179b50 begins=1946500 live=61 peak=78 draining=0 borrowed=57 pending=56 released=1105 retired=991 mean_uses=615.7 sum=359.6MiB max=15.7MiB
[LIMINA-ALLOC-STATS] pool=0xae3179b50 begins=1947000 live=61 peak=78 draining=0 borrowed=57 pending=57 released=1105 retired=991 mean_uses=615.7 sum=359.6MiB max=15.7MiB
[LIMINA-ALLOC-STATS] pool=0xae7e4db50 begins=2500 live=1 peak=1 draining=0 borrowed=1 pending=1 released=0 retired=0 mean_uses=0.0 sum=9.8MiB max=9.8MiB
[LIMINA-ALLOC-STATS] pool=0xae3179b50 begins=1947500 live=61 peak=78 draining=0 borrowed=60 pending=64 released=1105 retired=991 mean_uses=615.7 sum=359.6MiB max=15.7MiB
[LIMINA-ALLOC-STATS] pool=0xae3179b50 begins=1948000 live=61 peak=78 draining=0 borrowed=56 pending=56 released=1105 retired=991 mean_uses=615.7 sum=359.6MiB max=15.7MiB
[LIMINA-ALLOC-STATS] pool=0xae3179b50 begins=1948500 live=61 peak=78 draining=0 borrowed=57 pending=57 released=1105 retired=991 mean_uses=615.7 sum=359.6MiB max=15.7MiB
[LIMINA-ALLOC-STATS] pool=0xae3179b50 begins=1949000 live=61 peak=78 draining=0 borrowed=56 pending=56 released=1105 retired=991 mean_uses=615.7 sum=359.6MiB max=15.7MiB
[LIMINA-ALLOC-STATS] pool=0xae3179b50 begins=1949500 live=61 peak=78 draining=0 borrowed=56 pending=56 released=1105 retired=991 mean_uses=615.7 sum=359.6MiB max=15.7MiB
[LIMINA-ALLOC-STATS] pool=0xae7e4db50 begins=3000 live=1 peak=1 draining=0 borrowed=1 pending=0 released=0 retired=0 mean_uses=0.0 sum=9.8MiB max=9.8MiB
[LIMINA-ALLOC-STATS] pool=0xae3179b50 begins=1950000 live=61 peak=78 draining=0 borrowed=58 pending=58 released=1105 retired=991 mean_uses=615.7 sum=359.6MiB max=15.7MiB
[LIMINA-ALLOC-STATS] pool=0xae3179b50 begins=1950500 live=61 peak=78 draining=0 borrowed=57 pending=57 released=1105 retired=991 mean_uses=615.7 sum=359.6MiB max=15.7MiB
[LIMINA-ALLOC-STATS] pool=0xae3179b50 begins=1951000 live=61 peak=78 draining=0 borrowed=55 pending=55 released=1105 retired=991 mean_uses=615.7 sum=359.6MiB max=15.7MiB
[LIMINA-ALLOC-STATS] pool=0xae3179b50 begins=1951500 live=61 peak=78 draining=0 borrowed=58 pending=58 released=1105 retired=991 mean_uses=615.7 sum=359.6MiB max=15.7MiB
[LIMINA-ALLOC-STATS] pool=0xae7e4db50 begins=3500 live=1 peak=1 draining=0 borrowed=1 pending=0 released=0 retired=0 mean_uses=0.0 sum=9.8MiB max=9.8MiB
[LIMINA-ALLOC-STATS] pool=0xae3179b50 begins=1952000 live=61 peak=78 draining=0 borrowed=58 pending=58 released=1105 retired=991 mean_uses=615.7 sum=359.6MiB max=15.7MiB
[LIMINA-ALLOC-STATS] pool=0xae3179b50 begins=1952500 live=61 peak=78 draining=0 borrowed=58 pending=57 released=1105 retired=991 mean_uses=615.7 sum=359.6MiB max=15.7MiB
[LIMINA-ALLOC-STATS] pool=0xae3179b50 begins=1953000 live=61 peak=78 draining=0 borrowed=57 pending=58 released=1105 retired=991 mean_uses=615.7 sum=359.6MiB max=15.7MiB
[LIMINA-ALLOC-STATS] pool=0xae3179b50 begins=1953500 live=61 peak=78 draining=0 borrowed=59 pending=59 released=1105 retired=991 mean_uses=615.7 sum=359.6MiB max=15.7MiB
[LIMINA-ALLOC-STATS] pool=0xae3179b50 begins=1954000 live=61 peak=78 draining=0 borrowed=57 pending=56 released=1105 retired=991 mean_uses=615.7 sum=359.6MiB max=15.7MiB
[LIMINA-ALLOC-STATS] pool=0xae7e4db50 begins=4000 live=1 peak=1 draining=0 borrowed=1 pending=0 released=0 retired=0 mean_uses=0.0 sum=9.8MiB max=9.8MiB
[LIMINA-ALLOC-STATS] pool=0xae3179b50 begins=1954500 live=61 peak=78 draining=0 borrowed=58 pending=58 released=1105 retired=991 mean_uses=615.7 sum=359.6MiB max=15.7MiB
[LIMINA-ALLOC-STATS] pool=0xae3179b50 begins=1955000 live=61 peak=78 draining=0 borrowed=57 pending=57 released=1105 retired=991 mean_uses=615.7 sum=359.6MiB max=15.7MiB
[LIMINA-ALLOC-STATS] pool=0xae3179b50 begins=1955500 live=61 peak=78 draining=0 borrowed=56 pending=55 released=1105 retired=991 mean_uses=615.7 sum=359.6MiB max=15.7MiB
[LIMINA-ALLOC-STATS] pool=0xae3179b50 begins=1956000 live=61 peak=78 draining=0 borrowed=57 pending=56 released=1105 retired=991 mean_uses=615.7 sum=359.6MiB max=15.7MiB
[LIMINA-ALLOC-STATS] pool=0xae7e4db50 begins=4500 live=1 peak=1 draining=0 borrowed=1 pending=1 released=0 retired=0 mean_uses=0.0 sum=9.8MiB max=9.8MiB
[LIMINA-ALLOC-STATS] pool=0xae3179b50 begins=1956500 live=61 peak=78 draining=0 borrowed=57 pending=60 released=1105 retired=991 mean_uses=615.7 sum=359.6MiB max=15.7MiB
[LIMINA-ALLOC-STATS] pool=0xae3179b50 begins=1957000 live=61 peak=78 draining=0 borrowed=58 pending=58 released=1105 retired=991 mean_uses=615.7 sum=359.6MiB max=15.7MiB
[LIMINA-ALLOC-STATS] pool=0xae3179b50 begins=1957500 live=61 peak=78 draining=0 borrowed=57 pending=57 released=1105 retired=991 mean_uses=615.7 sum=359.6MiB max=15.7MiB
[LIMINA-ALLOC-STATS] pool=0xae3179b50 begins=1958000 live=61 peak=78 draining=0 borrowed=56 pending=57 released=1105 retired=991 mean_uses=615.7 sum=361.6MiB max=15.7MiB
[LIMINA-ALLOC-STATS] pool=0xae3179b50 begins=1958500 live=61 peak=78 draining=0 borrowed=57 pending=56 released=1105 retired=991 mean_uses=615.7 sum=361.6MiB max=15.7MiB
[LIMINA-ALLOC-STATS] pool=0xae7e4db50 begins=5000 live=1 peak=1 draining=0 borrowed=1 pending=0 released=0 retired=0 mean_uses=0.0 sum=9.8MiB max=9.8MiB
[LIMINA-ALLOC-STATS] pool=0xae3179b50 begins=1959000 live=61 peak=78 draining=0 borrowed=58 pending=61 released=1105 retired=991 mean_uses=615.7 sum=361.7MiB max=15.7MiB
[LIMINA-ALLOC-STATS] pool=0xae3179b50 begins=1959500 live=61 peak=78 draining=0 borrowed=57 pending=56 released=1105 retired=991 mean_uses=615.7 sum=361.7MiB max=15.7MiB
[LIMINA-ALLOC-STATS] pool=0xae3179b50 begins=1960000 live=61 peak=78 draining=0 borrowed=56 pending=55 released=1105 retired=991 mean_uses=615.7 sum=361.7MiB max=15.7MiB
[LIMINA-ALLOC-STATS] pool=0xae3179b50 begins=1960500 live=61 peak=78 draining=0 borrowed=57 pending=56 released=1105 retired=991 mean_uses=615.7 sum=361.7MiB max=15.7MiB
[LIMINA-ALLOC-STATS] pool=0xae7e4db50 begins=5500 live=1 peak=1 draining=0 borrowed=1 pending=0 released=0 retired=0 mean_uses=0.0 sum=9.8MiB max=9.8MiB
[LIMINA-ALLOC-STATS] pool=0xae3179b50 begins=1961000 live=61 peak=78 draining=0 borrowed=57 pending=57 released=1105 retired=991 mean_uses=615.7 sum=361.7MiB max=15.7MiB
[LIMINA-ALLOC-STATS] pool=0xae3179b50 begins=1961500 live=61 peak=78 draining=0 borrowed=55 pending=56 released=1105 retired=991 mean_uses=615.7 sum=361.7MiB max=15.7MiB
[LIMINA-ALLOC-STATS] pool=0xae3179b50 begins=1962000 live=61 peak=78 draining=0 borrowed=57 pending=57 released=1105 retired=991 mean_uses=615.7 sum=361.7MiB max=15.7MiB
[LIMINA-ALLOC-STATS] pool=0xae3181b50 begins=17500 live=1 peak=1 draining=0 borrowed=1 pending=0 released=0 retired=0 mean_uses=0.0 sum=4.9MiB max=4.9MiB
[LIMINA-ALLOC-STATS] pool=0xae3179b50 begins=1962500 live=61 peak=78 draining=0 borrowed=56 pending=56 released=1105 retired=991 mean_uses=615.7 sum=361.7MiB max=15.7MiB
[LIMINA-ALLOC-STATS] pool=0xae317db50 begins=17500 live=1 peak=1 draining=0 borrowed=1 pending=0 released=0 retired=0 mean_uses=0.0 sum=4.9MiB max=4.9MiB
[LIMINA-ALLOC-STATS] pool=0xae3179b50 begins=1963000 live=61 peak=78 draining=0 borrowed=55 pending=54 released=1105 retired=991 mean_uses=615.7 sum=361.7MiB max=15.7MiB
[LIMINA-ALLOC-STATS] pool=0xae7e4db50 begins=6000 live=1 peak=1 draining=0 borrowed=1 pending=1 released=0 retired=0 mean_uses=0.0 sum=9.8MiB max=9.8MiB
[LIMINA-ALLOC-STATS] pool=0xae3179b50 begins=1963500 live=61 peak=78 draining=0 borrowed=59 pending=58 released=1105 retired=991 mean_uses=615.7 sum=361.7MiB max=15.7MiB
[LIMINA-ALLOC-STATS] pool=0xae3179b50 begins=1964000 live=61 peak=78 draining=0 borrowed=57 pending=56 released=1105 retired=991 mean_uses=615.7 sum=361.7MiB max=15.7MiB
[LIMINA-ALLOC-STATS] pool=0xae3179b50 begins=1964500 live=61 peak=78 draining=0 borrowed=55 pending=54 released=1105 retired=991 mean_uses=615.7 sum=361.7MiB max=15.7MiB
[LIMINA-ALLOC-STATS] pool=0xae3179b50 begins=1965000 live=61 peak=78 draining=0 borrowed=57 pending=58 released=1105 retired=991 mean_uses=615.7 sum=361.7MiB max=15.7MiB
[LIMINA-ALLOC-STATS] pool=0xae7e4db50 begins=6500 live=1 peak=1 draining=0 borrowed=1 pending=0 released=0 retired=0 mean_uses=0.0 sum=9.8MiB max=9.8MiB
[LIMINA-ALLOC-STATS] pool=0xae3179b50 begins=1965500 live=61 peak=78 draining=0 borrowed=56 pending=56 released=1105 retired=991 mean_uses=615.7 sum=361.7MiB max=15.7MiB
[LIMINA-ALLOC-STATS] pool=0xae3179b50 begins=1966000 live=61 peak=78 draining=0 borrowed=56 pending=59 released=1105 retired=991 mean_uses=615.7 sum=361.7MiB max=15.7MiB
[LIMINA-ALLOC-STATS] pool=0xae3179b50 begins=1966500 live=61 peak=78 draining=0 borrowed=58 pending=57 released=1105 retired=991 mean_uses=615.7 sum=361.7MiB max=15.7MiB
[LIMINA-ALLOC-STATS] pool=0xae3179b50 begins=1967000 live=61 peak=78 draining=0 borrowed=57 pending=56 released=1105 retired=991 mean_uses=615.7 sum=361.7MiB max=15.7MiB
[LIMINA-ALLOC-STATS] pool=0xae3179b50 begins=1967500 live=61 peak=78 draining=0 borrowed=55 pending=54 released=1105 retired=991 mean_uses=615.7 sum=361.7MiB max=15.7MiB
[LIMINA-ALLOC-STATS] pool=0xae7e4db50 begins=7000 live=1 peak=1 draining=0 borrowed=1 pending=1 released=0 retired=0 mean_uses=0.0 sum=9.8MiB max=9.8MiB
[LIMINA-ALLOC-STATS] pool=0xae3179b50 begins=1968000 live=61 peak=78 draining=0 borrowed=57 pending=57 released=1105 retired=991 mean_uses=615.7 sum=361.7MiB max=15.7MiB
[LIMINA-ALLOC-STATS] pool=0xae3179b50 begins=1968500 live=61 peak=78 draining=0 borrowed=57 pending=57 released=1105 retired=991 mean_uses=615.7 sum=361.7MiB max=15.7MiB
[LIMINA-ALLOC-STATS] pool=0xae3179b50 begins=1969000 live=61 peak=78 draining=0 borrowed=58 pending=57 released=1105 retired=991 mean_uses=615.7 sum=361.7MiB max=15.7MiB
[LIMINA-ALLOC-STATS] pool=0xae3179b50 begins=1969500 live=61 peak=78 draining=0 borrowed=57 pending=56 released=1105 retired=991 mean_uses=615.7 sum=361.7MiB max=15.7MiB
[LIMINA-ALLOC-STATS] pool=0xae7e4db50 begins=7500 live=1 peak=1 draining=0 borrowed=1 pending=0 released=0 retired=0 mean_uses=0.0 sum=9.8MiB max=9.8MiB
[LIMINA-ALLOC-STATS] pool=0xae3179b50 begins=1970000 live=61 peak=78 draining=0 borrowed=56 pending=57 released=1105 retired=991 mean_uses=615.7 sum=361.7MiB max=15.7MiB
[LIMINA-ALLOC-STATS] pool=0xae3179b50 begins=1970500 live=61 peak=78 draining=0 borrowed=54 pending=53 released=1105 retired=991 mean_uses=615.7 sum=361.7MiB max=15.7MiB
[LIMINA-ALLOC-STATS] pool=0xae3179b50 begins=1971000 live=61 peak=78 draining=0 borrowed=57 pending=58 released=1105 retired=991 mean_uses=615.7 sum=361.7MiB max=15.7MiB
[LIMINA-ALLOC-STATS] pool=0xae3179b50 begins=1971500 live=61 peak=78 draining=0 borrowed=57 pending=57 released=1105 retired=991 mean_uses=615.7 sum=361.7MiB max=15.7MiB
[LIMINA-ALLOC-STATS] pool=0xae3179b50 begins=1972000 live=61 peak=78 draining=0 borrowed=55 pending=55 released=1105 retired=991 mean_uses=615.7 sum=361.7MiB max=15.7MiB
[LIMINA-ALLOC-STATS] pool=0xae7e4db50 begins=8000 live=1 peak=1 draining=0 borrowed=1 pending=0 released=0 retired=0 mean_uses=0.0 sum=9.8MiB max=9.8MiB
[LIMINA-ALLOC-STATS] pool=0xae3179b50 begins=1972500 live=61 peak=78 draining=0 borrowed=57 pending=57 released=1105 retired=991 mean_uses=615.7 sum=363.8MiB max=15.7MiB
[LIMINA-ALLOC-STATS] pool=0xae3179b50 begins=1973000 live=61 peak=78 draining=0 borrowed=56 pending=56 released=1105 retired=991 mean_uses=615.7 sum=363.8MiB max=15.7MiB
[LIMINA-ALLOC-STATS] pool=0xae3179b50 begins=1973500 live=61 peak=78 draining=0 borrowed=56 pending=59 released=1105 retired=991 mean_uses=615.7 sum=363.8MiB max=15.7MiB
[LIMINA-ALLOC-STATS] pool=0xae3179b50 begins=1974000 live=61 peak=78 draining=0 borrowed=57 pending=57 released=1105 retired=991 mean_uses=615.7 sum=363.8MiB max=15.7MiB
[LIMINA-ALLOC-STATS] pool=0xae3179b50 begins=1974500 live=61 peak=78 draining=0 borrowed=57 pending=57 released=1105 retired=991 mean_uses=615.7 sum=363.8MiB max=15.7MiB
[LIMINA-ALLOC-STATS] pool=0xae7e4db50 begins=8500 live=1 peak=1 draining=0 borrowed=1 pending=1 released=0 retired=0 mean_uses=0.0 sum=9.8MiB max=9.8MiB
[LIMINA-ALLOC-STATS] pool=0xae3179b50 begins=1975000 live=61 peak=78 draining=0 borrowed=56 pending=55 released=1105 retired=991 mean_uses=615.7 sum=363.8MiB max=15.7MiB
[LIMINA-ALLOC-STATS] pool=0xae3179b50 begins=1975500 live=61 peak=78 draining=0 borrowed=56 pending=57 released=1105 retired=991 mean_uses=615.7 sum=363.8MiB max=15.7MiB
[LIMINA-ALLOC-STATS] pool=0xae3179b50 begins=1976000 live=61 peak=78 draining=0 borrowed=57 pending=57 released=1105 retired=991 mean_uses=615.7 sum=363.8MiB max=15.7MiB
[LIMINA-ALLOC-STATS] pool=0xae3179b50 begins=1976500 live=62 peak=78 draining=0 borrowed=59 pending=62 released=1105 retired=991 mean_uses=615.7 sum=366.4MiB max=15.7MiB
[LIMINA-ALLOC-STATS] pool=0xae7e4db50 begins=9000 live=1 peak=1 draining=0 borrowed=1 pending=0 released=0 retired=0 mean_uses=0.0 sum=9.8MiB max=9.8MiB
[LIMINA-ALLOC-STATS] pool=0xae3179b50 begins=1977000 live=62 peak=78 draining=0 borrowed=57 pending=57 released=1105 retired=991 mean_uses=615.7 sum=366.4MiB max=15.7MiB
[LIMINA-ALLOC-STATS] pool=0xae3179b50 begins=1977500 live=62 peak=78 draining=0 borrowed=57 pending=56 released=1105 retired=991 mean_uses=615.7 sum=366.5MiB max=15.7MiB
[LIMINA-ALLOC-STATS] pool=0xae3179b50 begins=1978000 live=62 peak=78 draining=0 borrowed=58 pending=60 released=1105 retired=991 mean_uses=615.7 sum=366.5MiB max=15.7MiB
[LIMINA-ALLOC-STATS] pool=0xae3179b50 begins=1978500 live=62 peak=78 draining=0 borrowed=57 pending=57 released=1105 retired=991 mean_uses=615.7 sum=367.0MiB max=15.7MiB
[LIMINA-ALLOC-STATS] pool=0xae3179b50 begins=1979000 live=62 peak=78 draining=0 borrowed=58 pending=60 released=1105 retired=991 mean_uses=615.7 sum=367.0MiB max=15.7MiB
[LIMINA-ALLOC-STATS] pool=0xae7e4db50 begins=9500 live=1 peak=1 draining=0 borrowed=1 pending=0 released=0 retired=0 mean_uses=0.0 sum=9.8MiB max=9.8MiB
[LIMINA-ALLOC-STATS] pool=0xae3179b50 begins=1979500 live=62 peak=78 draining=0 borrowed=56 pending=55 released=1105 retired=991 mean_uses=615.7 sum=367.0MiB max=15.7MiB
[LIMINA-ALLOC-STATS] pool=0xae3179b50 begins=1980000 live=62 peak=78 draining=0 borrowed=59 pending=58 released=1105 retired=991 mean_uses=615.7 sum=367.0MiB max=15.7MiB
[LIMINA-ALLOC-STATS] pool=0xae3179b50 begins=1980500 live=62 peak=78 draining=0 borrowed=57 pending=57 released=1105 retired=991 mean_uses=615.7 sum=367.0MiB max=15.7MiB
[LIMINA-ALLOC-STATS] pool=0xae3179b50 begins=1981000 live=62 peak=78 draining=0 borrowed=55 pending=55 released=1105 retired=991 mean_uses=615.7 sum=368.4MiB max=15.7MiB
[LIMINA-ALLOC-STATS] pool=0xae3179b50 begins=1981500 live=62 peak=78 draining=0 borrowed=57 pending=57 released=1105 retired=991 mean_uses=615.7 sum=368.4MiB max=15.7MiB
[LIMINA-ALLOC-STATS] pool=0xae7e4db50 begins=10000 live=1 peak=1 draining=0 borrowed=1 pending=0 released=0 retired=0 mean_uses=0.0 sum=9.8MiB max=9.8MiB
[LIMINA-ALLOC-STATS] pool=0xae3179b50 begins=1982000 live=62 peak=78 draining=0 borrowed=57 pending=56 released=1105 retired=991 mean_uses=615.7 sum=368.4MiB max=15.7MiB
[LIMINA-ALLOC-STATS] pool=0xae3179b50 begins=1982500 live=62 peak=78 draining=0 borrowed=56 pending=56 released=1105 retired=991 mean_uses=615.7 sum=368.4MiB max=15.7MiB
[LIMINA-ALLOC-STATS] pool=0xae3179b50 begins=1983000 live=62 peak=78 draining=0 borrowed=57 pending=57 released=1105 retired=991 mean_uses=615.7 sum=368.4MiB max=15.7MiB
[LIMINA-ALLOC-STATS] pool=0xae3179b50 begins=1983500 live=62 peak=78 draining=0 borrowed=57 pending=56 released=1105 retired=991 mean_uses=615.7 sum=368.4MiB max=15.7MiB
[LIMINA-ALLOC-STATS] pool=0xae7e4db50 begins=10500 live=1 peak=1 draining=0 borrowed=1 pending=0 released=0 retired=0 mean_uses=0.0 sum=9.8MiB max=9.8MiB
[LIMINA-ALLOC-STATS] pool=0xae3179b50 begins=1984000 live=62 peak=78 draining=0 borrowed=56 pending=56 released=1105 retired=991 mean_uses=615.7 sum=370.5MiB max=15.7MiB
[LIMINA-ALLOC-STATS] pool=0xae3179b50 begins=1984500 live=62 peak=78 draining=0 borrowed=58 pending=57 released=1105 retired=991 mean_uses=615.7 sum=370.6MiB max=15.7MiB
[LIMINA-ALLOC-STATS] pool=0xae3179b50 begins=1985000 live=62 peak=78 draining=0 borrowed=57 pending=57 released=1105 retired=991 mean_uses=615.7 sum=370.6MiB max=15.7MiB
[LIMINA-ALLOC-STATS] pool=0xae3179b50 begins=1985500 live=62 peak=78 draining=0 borrowed=57 pending=59 released=1105 retired=991 mean_uses=615.7 sum=370.7MiB max=15.7MiB
[LIMINA-ALLOC-STATS] pool=0xae3179b50 begins=1986000 live=62 peak=78 draining=0 borrowed=57 pending=57 released=1105 retired=991 mean_uses=615.7 sum=370.7MiB max=15.7MiB
[LIMINA-ALLOC-STATS] pool=0xae7e4db50 begins=11000 live=1 peak=1 draining=0 borrowed=1 pending=1 released=0 retired=0 mean_uses=0.0 sum=9.8MiB max=9.8MiB
[LIMINA-ALLOC-STATS] pool=0xae3179b50 begins=1986500 live=62 peak=78 draining=0 borrowed=56 pending=56 released=1105 retired=991 mean_uses=615.7 sum=370.7MiB max=15.7MiB
[LIMINA-ALLOC-STATS] pool=0xae3179b50 begins=1987000 live=62 peak=78 draining=0 borrowed=55 pending=55 released=1105 retired=991 mean_uses=615.7 sum=370.7MiB max=15.7MiB
[LIMINA-ALLOC-STATS] pool=0xae3179b50 begins=1987500 live=62 peak=78 draining=0 borrowed=58 pending=58 released=1105 retired=991 mean_uses=615.7 sum=370.7MiB max=15.7MiB
[LIMINA-ALLOC-STATS] pool=0xae3179b50 begins=1988000 live=62 peak=78 draining=0 borrowed=56 pending=56 released=1105 retired=991 mean_uses=615.7 sum=370.7MiB max=15.7MiB
[LIMINA-ALLOC-STATS] pool=0xae3179b50 begins=1988500 live=62 peak=78 draining=0 borrowed=57 pending=56 released=1105 retired=991 mean_uses=615.7 sum=371.6MiB max=15.7MiB
[LIMINA-ALLOC-STATS] pool=0xae7e4db50 begins=11500 live=1 peak=1 draining=0 borrowed=1 pending=1 released=0 retired=0 mean_uses=0.0 sum=9.8MiB max=9.8MiB
[LIMINA-ALLOC-STATS] pool=0xae3179b50 begins=1989000 live=62 peak=78 draining=0 borrowed=58 pending=58 released=1105 retired=991 mean_uses=615.7 sum=371.9MiB max=15.7MiB
[LIMINA-ALLOC-STATS] pool=0xae3179b50 begins=1989500 live=62 peak=78 draining=0 borrowed=57 pending=57 released=1105 retired=991 mean_uses=615.7 sum=371.9MiB max=15.7MiB
[LIMINA-ALLOC-STATS] pool=0xae3179b50 begins=1990000 live=62 peak=78 draining=0 borrowed=55 pending=55 released=1105 retired=991 mean_uses=615.7 sum=371.9MiB max=15.7MiB
[LIMINA-ALLOC-STATS] pool=0xae3179b50 begins=1990500 live=62 peak=78 draining=0 borrowed=57 pending=57 released=1105 retired=991 mean_uses=615.7 sum=372.0MiB max=15.7MiB
[LIMINA-ALLOC-STATS] pool=0xae7e4db50 begins=12000 live=1 peak=1 draining=0 borrowed=1 pending=0 released=0 retired=0 mean_uses=0.0 sum=9.8MiB max=9.8MiB
[LIMINA-ALLOC-STATS] pool=0xae3179b50 begins=1991000 live=62 peak=78 draining=0 borrowed=57 pending=57 released=1105 retired=991 mean_uses=615.7 sum=372.0MiB max=15.7MiB
[LIMINA-ALLOC-STATS] pool=0xae3179b50 begins=1991500 live=62 peak=78 draining=0 borrowed=55 pending=54 released=1105 retired=991 mean_uses=615.7 sum=372.0MiB max=15.7MiB
[LIMINA-ALLOC-STATS] pool=0xae3179b50 begins=1992000 live=62 peak=78 draining=0 borrowed=57 pending=57 released=1105 retired=991 mean_uses=615.7 sum=372.0MiB max=15.7MiB
[LIMINA-ALLOC-STATS] pool=0xae3179b50 begins=1992500 live=62 peak=78 draining=0 borrowed=56 pending=55 released=1105 retired=991 mean_uses=615.7 sum=372.1MiB max=15.7MiB
[LIMINA-ALLOC-STATS] pool=0xae7e4db50 begins=12500 live=1 peak=1 draining=0 borrowed=1 pending=0 released=0 retired=0 mean_uses=0.0 sum=9.8MiB max=9.8MiB
[LIMINA-ALLOC-STATS] pool=0xae3179b50 begins=1993000 live=62 peak=78 draining=0 borrowed=57 pending=56 released=1105 retired=991 mean_uses=615.7 sum=372.1MiB max=15.7MiB
[LIMINA-ALLOC-STATS] pool=0xae3179b50 begins=1993500 live=62 peak=78 draining=0 borrowed=56 pending=56 released=1105 retired=991 mean_uses=615.7 sum=372.1MiB max=15.7MiB
[LIMINA-ALLOC-STATS] pool=0xae3179b50 begins=1994000 live=62 peak=78 draining=0 borrowed=55 pending=55 released=1105 retired=991 mean_uses=615.7 sum=372.1MiB max=15.7MiB
[LIMINA-ALLOC-STATS] pool=0xae3179b50 begins=1994500 live=62 peak=78 draining=0 borrowed=55 pending=55 released=1105 retired=991 mean_uses=615.7 sum=372.1MiB max=15.7MiB
[LIMINA-ALLOC-STATS] pool=0xae3179b50 begins=1995000 live=62 peak=78 draining=0 borrowed=55 pending=55 released=1105 retired=991 mean_uses=615.7 sum=372.1MiB max=15.7MiB
[LIMINA-ALLOC-STATS] pool=0xae7e4db50 begins=13000 live=1 peak=1 draining=0 borrowed=1 pending=0 released=0 retired=0 mean_uses=0.0 sum=9.8MiB max=9.8MiB
[LIMINA-ALLOC-STATS] pool=0xae3179b50 begins=1995500 live=62 peak=78 draining=0 borrowed=58 pending=57 released=1105 retired=991 mean_uses=615.7 sum=372.1MiB max=15.7MiB
[LIMINA-ALLOC-STATS] pool=0xae3179b50 begins=1996000 live=62 peak=78 draining=0 borrowed=55 pending=55 released=1105 retired=991 mean_uses=615.7 sum=372.1MiB max=15.7MiB
[LIMINA-ALLOC-STATS] pool=0xae3179b50 begins=1996500 live=62 peak=78 draining=0 borrowed=57 pending=57 released=1105 retired=991 mean_uses=615.7 sum=372.1MiB max=15.7MiB
[LIMINA-ALLOC-STATS] pool=0xae3179b50 begins=1997000 live=62 peak=78 draining=0 borrowed=57 pending=56 released=1105 retired=991 mean_uses=615.7 sum=372.3MiB max=15.7MiB
[LIMINA-ALLOC-STATS] pool=0xae7e4db50 begins=13500 live=1 peak=1 draining=0 borrowed=1 pending=0 released=0 retired=0 mean_uses=0.0 sum=9.8MiB max=9.8MiB
[LIMINA-ALLOC-STATS] pool=0xae3179b50 begins=1997500 live=62 peak=78 draining=0 borrowed=55 pending=55 released=1105 retired=991 mean_uses=615.7 sum=372.3MiB max=15.7MiB
[LIMINA-ALLOC-STATS] pool=0xae3179b50 begins=1998000 live=62 peak=78 draining=0 borrowed=57 pending=56 released=1105 retired=991 mean_uses=615.7 sum=372.3MiB max=15.7MiB
[LIMINA-ALLOC-STATS] pool=0xae3179b50 begins=1998500 live=62 peak=78 draining=0 borrowed=58 pending=60 released=1105 retired=991 mean_uses=615.7 sum=372.3MiB max=15.7MiB
[LIMINA-ALLOC-STATS] pool=0xae3179b50 begins=1999000 live=62 peak=78 draining=0 borrowed=57 pending=57 released=1105 retired=991 mean_uses=615.7 sum=372.3MiB max=15.7MiB
[LIMINA-ALLOC-STATS] pool=0xae3179b50 begins=1999500 live=62 peak=78 draining=0 borrowed=56 pending=56 released=1105 retired=991 mean_uses=615.7 sum=372.3MiB max=15.7MiB
[LIMINA-ALLOC-STATS] pool=0xae7e4db50 begins=14000 live=1 peak=1 draining=0 borrowed=1 pending=0 released=0 retired=0 mean_uses=0.0 sum=9.8MiB max=9.8MiB
[LIMINA-ALLOC-STATS] pool=0xae3179b50 begins=2000000 live=62 peak=78 draining=0 borrowed=57 pending=56 released=1105 retired=991 mean_uses=615.7 sum=372.3MiB max=15.7MiB
[LIMINA-ALLOC-STATS] pool=0xae3179b50 begins=2000500 live=62 peak=78 draining=0 borrowed=58 pending=60 released=1105 retired=991 mean_uses=615.7 sum=372.3MiB max=15.7MiB
[LIMINA-ALLOC-STATS] pool=0xae3179b50 begins=2001000 live=62 peak=78 draining=0 borrowed=57 pending=57 released=1105 retired=991 mean_uses=615.7 sum=372.3MiB max=15.7MiB
[LIMINA-ALLOC-STATS] pool=0xae3179b50 begins=2001500 live=62 peak=78 draining=0 borrowed=57 pending=56 released=1105 retired=991 mean_uses=615.7 sum=372.3MiB max=15.7MiB
[LIMINA-ALLOC-STATS] pool=0xae7e4db50 begins=14500 live=1 peak=1 draining=0 borrowed=1 pending=0 released=0 retired=0 mean_uses=0.0 sum=9.8MiB max=9.8MiB
[LIMINA-ALLOC-STATS] pool=0xae3179b50 begins=2002000 live=62 peak=78 draining=0 borrowed=57 pending=56 released=1105 retired=991 mean_uses=615.7 sum=372.3MiB max=15.7MiB
[LIMINA-ALLOC-STATS] pool=0xae3179b50 begins=2002500 live=62 peak=78 draining=0 borrowed=58 pending=59 released=1105 retired=991 mean_uses=615.7 sum=374.2MiB max=15.7MiB
[LIMINA-ALLOC-STATS] pool=0xae3179b50 begins=2003000 live=62 peak=78 draining=0 borrowed=58 pending=59 released=1105 retired=991 mean_uses=615.7 sum=374.2MiB max=15.7MiB
[LIMINA-ALLOC-STATS] pool=0xae3179b50 begins=2003500 live=62 peak=78 draining=0 borrowed=55 pending=55 released=1105 retired=991 mean_uses=615.7 sum=374.2MiB max=15.7MiB
[LIMINA-ALLOC-STATS] pool=0xae3179b50 begins=2004000 live=62 peak=78 draining=0 borrowed=58 pending=58 released=1105 retired=991 mean_uses=615.7 sum=374.2MiB max=15.7MiB
[LIMINA-ALLOC-STATS] pool=0xae7e4db50 begins=15000 live=1 peak=1 draining=0 borrowed=1 pending=0 released=0 retired=0 mean_uses=0.0 sum=9.8MiB max=9.8MiB
[LIMINA-ALLOC-STATS] pool=0xae3179b50 begins=2004500 live=62 peak=78 draining=0 borrowed=58 pending=58 released=1105 retired=991 mean_uses=615.7 sum=374.2MiB max=15.7MiB
[LIMINA-ALLOC-STATS] pool=0xae3179b50 begins=2005000 live=62 peak=78 draining=0 borrowed=55 pending=55 released=1105 retired=991 mean_uses=615.7 sum=374.2MiB max=15.7MiB
[LIMINA-ALLOC-STATS] pool=0xae3179b50 begins=2005500 live=62 peak=78 draining=0 borrowed=56 pending=58 released=1105 retired=991 mean_uses=615.7 sum=374.2MiB max=15.7MiB
[LIMINA-ALLOC-STATS] pool=0xae3179b50 begins=2006000 live=62 peak=78 draining=0 borrowed=58 pending=58 released=1105 retired=991 mean_uses=615.7 sum=374.2MiB max=15.7MiB
[LIMINA-ALLOC-STATS] pool=0xae3179b50 begins=2006500 live=62 peak=78 draining=0 borrowed=57 pending=59 released=1105 retired=991 mean_uses=615.7 sum=374.3MiB max=15.7MiB
[LIMINA-ALLOC-STATS] pool=0xae7e4db50 begins=15500 live=1 peak=1 draining=0 borrowed=1 pending=0 released=0 retired=0 mean_uses=0.0 sum=9.8MiB max=9.8MiB
[LIMINA-ALLOC-STATS] pool=0xae3179b50 begins=2007000 live=62 peak=78 draining=0 borrowed=61 pending=61 released=1105 retired=991 mean_uses=615.7 sum=374.3MiB max=15.7MiB
[LIMINA-ALLOC-STATS] pool=0xae3179b50 begins=2007500 live=62 peak=78 draining=0 borrowed=57 pending=57 released=1105 retired=991 mean_uses=615.7 sum=374.3MiB max=15.7MiB
[LIMINA-ALLOC-STATS] pool=0xae3179b50 begins=2008000 live=62 peak=78 draining=0 borrowed=56 pending=56 released=1105 retired=991 mean_uses=615.7 sum=374.3MiB max=15.7MiB
[LIMINA-ALLOC-STATS] pool=0xae3179b50 begins=2008500 live=62 peak=78 draining=0 borrowed=59 pending=58 released=1105 retired=991 mean_uses=615.7 sum=374.3MiB max=15.7MiB
[LIMINA-ALLOC-STATS] pool=0xae3179b50 begins=2009000 live=62 peak=78 draining=0 borrowed=57 pending=57 released=1105 retired=991 mean_uses=615.7 sum=374.3MiB max=15.7MiB
[LIMINA-ALLOC-STATS] pool=0xae7e4db50 begins=16000 live=1 peak=1 draining=0 borrowed=1 pending=0 released=0 retired=0 mean_uses=0.0 sum=9.8MiB max=9.8MiB
[LIMINA-ALLOC-STATS] pool=0xae3179b50 begins=2009500 live=62 peak=78 draining=0 borrowed=57 pending=56 released=1105 retired=991 mean_uses=615.7 sum=374.3MiB max=15.7MiB
[LIMINA-ALLOC-STATS] pool=0xae3179b50 begins=2010000 live=62 peak=78 draining=0 borrowed=56 pending=58 released=1105 retired=991 mean_uses=615.7 sum=374.3MiB max=15.7MiB
[LIMINA-ALLOC-STATS] pool=0xae3179b50 begins=2010500 live=62 peak=78 draining=0 borrowed=57 pending=57 released=1105 retired=991 mean_uses=615.7 sum=374.3MiB max=15.7MiB
[LIMINA-ALLOC-STATS] pool=0xae3179b50 begins=2011000 live=62 peak=78 draining=0 borrowed=55 pending=55 released=1105 retired=991 mean_uses=615.7 sum=374.3MiB max=15.7MiB
[LIMINA-ALLOC-STATS] pool=0xae3179b50 begins=2011500 live=62 peak=78 draining=0 borrowed=58 pending=59 released=1105 retired=991 mean_uses=615.7 sum=374.3MiB max=15.7MiB
[LIMINA-ALLOC-STATS] pool=0xae7e4db50 begins=16500 live=1 peak=1 draining=0 borrowed=1 pending=0 released=0 retired=0 mean_uses=0.0 sum=9.8MiB max=9.8MiB
[LIMINA-ALLOC-STATS] pool=0xae3179b50 begins=2012000 live=62 peak=78 draining=0 borrowed=56 pending=55 released=1105 retired=991 mean_uses=615.7 sum=374.3MiB max=15.7MiB
[LIMINA-ALLOC-STATS] pool=0xae3179b50 begins=2012500 live=62 peak=78 draining=0 borrowed=57 pending=57 released=1105 retired=991 mean_uses=615.7 sum=374.3MiB max=15.7MiB
[LIMINA-ALLOC-STATS] pool=0xae3179b50 begins=2013000 live=62 peak=78 draining=0 borrowed=57 pending=57 released=1105 retired=991 mean_uses=615.7 sum=374.3MiB max=15.7MiB
[LIMINA-ALLOC-STATS] pool=0xae3179b50 begins=2013500 live=62 peak=78 draining=0 borrowed=56 pending=55 released=1105 retired=991 mean_uses=615.7 sum=374.3MiB max=15.7MiB
[LIMINA-ALLOC-STATS] pool=0xae3179b50 begins=2014000 live=62 peak=78 draining=0 borrowed=55 pending=55 released=1105 retired=991 mean_uses=615.7 sum=374.3MiB max=15.7MiB
[LIMINA-ALLOC-STATS] pool=0xae7e4db50 begins=17000 live=1 peak=1 draining=0 borrowed=1 pending=1 released=0 retired=0 mean_uses=0.0 sum=9.8MiB max=9.8MiB
[LIMINA-ALLOC-STATS] pool=0xae3179b50 begins=2014500 live=62 peak=78 draining=0 borrowed=58 pending=58 released=1105 retired=991 mean_uses=615.7 sum=374.3MiB max=15.7MiB
[LIMINA-ALLOC-STATS] pool=0xae3179b50 begins=2015000 live=62 peak=78 draining=0 borrowed=56 pending=57 released=1105 retired=991 mean_uses=615.7 sum=374.3MiB max=15.7MiB
[LIMINA-ALLOC-STATS] pool=0xae3179b50 begins=2015500 live=62 peak=78 draining=0 borrowed=57 pending=59 released=1105 retired=991 mean_uses=615.7 sum=374.3MiB max=15.7MiB
[LIMINA-ALLOC-STATS] pool=0xae3179b50 begins=2016000 live=62 peak=78 draining=0 borrowed=57 pending=57 released=1105 retired=991 mean_uses=615.7 sum=374.3MiB max=15.7MiB
[LIMINA-ALLOC-STATS] pool=0xae3179b50 begins=2016500 live=62 peak=78 draining=0 borrowed=56 pending=56 released=1105 retired=991 mean_uses=615.7 sum=374.3MiB max=15.7MiB
[LIMINA-ALLOC-STATS] pool=0xae3179b50 begins=2017000 live=62 peak=78 draining=0 borrowed=57 pending=57 released=1105 retired=991 mean_uses=615.7 sum=374.3MiB max=15.7MiB
[LIMINA-ALLOC-STATS] pool=0xae7e4db50 begins=17500 live=1 peak=1 draining=0 borrowed=1 pending=1 released=0 retired=0 mean_uses=0.0 sum=9.8MiB max=9.8MiB
[LIMINA-ALLOC-STATS] pool=0xae3179b50 begins=2017500 live=62 peak=78 draining=0 borrowed=58 pending=58 released=1105 retired=991 mean_uses=615.7 sum=374.3MiB max=15.7MiB
[LIMINA-ALLOC-STATS] pool=0xae3179b50 begins=2018000 live=62 peak=78 draining=0 borrowed=59 pending=58 released=1105 retired=991 mean_uses=615.7 sum=374.3MiB max=15.7MiB
[LIMINA-ALLOC-STATS] pool=0xae3179b50 begins=2018500 live=62 peak=78 draining=0 borrowed=56 pending=58 released=1105 retired=991 mean_uses=615.7 sum=374.3MiB max=15.7MiB
[LIMINA-ALLOC-STATS] pool=0xae3179b50 begins=2019000 live=62 peak=78 draining=0 borrowed=58 pending=58 released=1105 retired=991 mean_uses=615.7 sum=374.3MiB max=15.7MiB
[LIMINA-ALLOC-STATS] pool=0xae7e4db50 begins=18000 live=1 peak=1 draining=0 borrowed=1 pending=1 released=0 retired=0 mean_uses=0.0 sum=9.8MiB max=9.8MiB
[LIMINA-ALLOC-STATS] pool=0xae3179b50 begins=2019500 live=62 peak=78 draining=0 borrowed=56 pending=55 released=1105 retired=991 mean_uses=615.7 sum=374.3MiB max=15.7MiB
[LIMINA-ALLOC-STATS] pool=0xae3179b50 begins=2020000 live=62 peak=78 draining=0 borrowed=56 pending=55 released=1105 retired=991 mean_uses=615.7 sum=374.3MiB max=15.7MiB
[LIMINA-ALLOC-STATS] pool=0xae3179b50 begins=2020500 live=62 peak=78 draining=0 borrowed=59 pending=58 released=1105 retired=991 mean_uses=615.7 sum=374.3MiB max=15.7MiB
[LIMINA-ALLOC-STATS] pool=0xae3179b50 begins=2021000 live=62 peak=78 draining=0 borrowed=56 pending=57 released=1105 retired=991 mean_uses=615.7 sum=374.3MiB max=15.7MiB
[LIMINA-ALLOC-STATS] pool=0xae3179b50 begins=2021500 live=61 peak=78 draining=0 borrowed=55 pending=55 released=1106 retired=991 mean_uses=615.7 sum=360.4MiB max=15.7MiB
[LIMINA-ALLOC-STATS] pool=0xae3179b50 begins=2022000 live=61 peak=78 draining=0 borrowed=57 pending=57 released=1106 retired=991 mean_uses=615.7 sum=360.4MiB max=15.7MiB
[LIMINA-ALLOC-STATS] pool=0xae7e4db50 begins=18500 live=1 peak=1 draining=0 borrowed=1 pending=0 released=0 retired=0 mean_uses=0.0 sum=9.8MiB max=9.8MiB
[LIMINA-ALLOC-STATS] pool=0xae3179b50 begins=2022500 live=61 peak=78 draining=0 borrowed=56 pending=56 released=1106 retired=991 mean_uses=615.7 sum=360.4MiB max=15.7MiB
[LIMINA-ALLOC-STATS] pool=0xae3181b50 begins=18000 live=1 peak=1 draining=0 borrowed=1 pending=0 released=0 retired=0 mean_uses=0.0 sum=4.9MiB max=4.9MiB
[LIMINA-ALLOC-STATS] pool=0xae317db50 begins=18000 live=1 peak=1 draining=0 borrowed=1 pending=0 released=0 retired=0 mean_uses=0.0 sum=4.9MiB max=4.9MiB
[LIMINA-ALLOC-STATS] pool=0xae3179b50 begins=2023000 live=61 peak=78 draining=0 borrowed=56 pending=59 released=1106 retired=991 mean_uses=615.7 sum=360.4MiB max=15.7MiB
[LIMINA-ALLOC-STATS] pool=0xae3179b50 begins=2023500 live=61 peak=78 draining=0 borrowed=58 pending=60 released=1106 retired=991 mean_uses=615.7 sum=360.4MiB max=15.7MiB
[LIMINA-ALLOC-STATS] pool=0xae3179b50 begins=2024000 live=61 peak=78 draining=0 borrowed=57 pending=56 released=1106 retired=991 mean_uses=615.7 sum=360.4MiB max=15.7MiB
[LIMINA-ALLOC-STATS] pool=0xae3179b50 begins=2024500 live=61 peak=78 draining=0 borrowed=57 pending=59 released=1106 retired=991 mean_uses=615.7 sum=360.4MiB max=15.7MiB
[LIMINA-ALLOC-STATS] pool=0xae7e4db50 begins=19000 live=1 peak=1 draining=0 borrowed=1 pending=0 released=0 retired=0 mean_uses=0.0 sum=9.8MiB max=9.8MiB
[LIMINA-ALLOC-STATS] pool=0xae3179b50 begins=2025000 live=61 peak=78 draining=0 borrowed=56 pending=58 released=1106 retired=991 mean_uses=615.7 sum=360.4MiB max=15.7MiB
[LIMINA-ALLOC-STATS] pool=0xae3179b50 begins=2025500 live=61 peak=78 draining=0 borrowed=56 pending=57 released=1106 retired=991 mean_uses=615.7 sum=360.4MiB max=15.7MiB
[LIMINA-ALLOC-STATS] pool=0xae3179b50 begins=2026000 live=61 peak=78 draining=0 borrowed=56 pending=55 released=1106 retired=991 mean_uses=615.7 sum=360.4MiB max=15.7MiB
[LIMINA-ALLOC-STATS] pool=0xae3179b50 begins=2026500 live=61 peak=78 draining=0 borrowed=58 pending=57 released=1106 retired=991 mean_uses=615.7 sum=360.4MiB max=15.7MiB
[LIMINA-ALLOC-STATS] pool=0xae3179b50 begins=2027000 live=61 peak=78 draining=0 borrowed=57 pending=56 released=1106 retired=991 mean_uses=615.7 sum=360.4MiB max=15.7MiB
[LIMINA-ALLOC-STATS] pool=0xae3179b50 begins=2027500 live=61 peak=78 draining=0 borrowed=56 pending=57 released=1106 retired=991 mean_uses=615.7 sum=360.4MiB max=15.7MiB
[LIMINA-ALLOC-STATS] pool=0xae7e4db50 begins=19500 live=1 peak=1 draining=0 borrowed=1 pending=1 released=0 retired=0 mean_uses=0.0 sum=9.8MiB max=9.8MiB
[LIMINA-ALLOC-STATS] pool=0xae3179b50 begins=2028000 live=61 peak=78 draining=0 borrowed=59 pending=58 released=1106 retired=991 mean_uses=615.7 sum=360.4MiB max=15.7MiB
[LIMINA-ALLOC-STATS] pool=0xae3179b50 begins=2028500 live=61 peak=78 draining=0 borrowed=58 pending=57 released=1106 retired=991 mean_uses=615.7 sum=360.4MiB max=15.7MiB
[LIMINA-ALLOC-STATS] pool=0xae3179b50 begins=2029000 live=61 peak=78 draining=0 borrowed=56 pending=55 released=1106 retired=991 mean_uses=615.7 sum=360.4MiB max=15.7MiB
[LIMINA-ALLOC-STATS] pool=0xae3179b50 begins=2029500 live=61 peak=78 draining=0 borrowed=58 pending=58 released=1106 retired=991 mean_uses=615.7 sum=360.4MiB max=15.7MiB
[LIMINA-ALLOC-STATS] pool=0xae7e4db50 begins=20000 live=1 peak=1 draining=0 borrowed=1 pending=1 released=0 retired=0 mean_uses=0.0 sum=9.8MiB max=9.8MiB
[LIMINA-ALLOC-STATS] pool=0xae3179b50 begins=2030000 live=61 peak=78 draining=0 borrowed=56 pending=55 released=1106 retired=991 mean_uses=615.7 sum=360.4MiB max=15.7MiB
[LIMINA-ALLOC-STATS] pool=0xae3179b50 begins=2030500 live=61 peak=78 draining=0 borrowed=56 pending=56 released=1106 retired=991 mean_uses=615.7 sum=360.4MiB max=15.7MiB
[LIMINA-ALLOC-STATS] pool=0xae3179b50 begins=2031000 live=61 peak=78 draining=0 borrowed=59 pending=59 released=1106 retired=991 mean_uses=615.7 sum=360.4MiB max=15.7MiB
[LIMINA-ALLOC-STATS] pool=0xae3179b50 begins=2031500 live=61 peak=78 draining=0 borrowed=57 pending=57 released=1106 retired=991 mean_uses=615.7 sum=360.4MiB max=15.7MiB
[LIMINA-ALLOC-STATS] pool=0xae3179b50 begins=2032000 live=61 peak=78 draining=0 borrowed=55 pending=55 released=1106 retired=991 mean_uses=615.7 sum=360.4MiB max=15.7MiB
[LIMINA-ALLOC-STATS] pool=0xae7e4db50 begins=20500 live=1 peak=1 draining=0 borrowed=1 pending=0 released=0 retired=0 mean_uses=0.0 sum=9.8MiB max=9.8MiB
[LIMINA-ALLOC-STATS] pool=0xae3179b50 begins=2032500 live=61 peak=78 draining=0 borrowed=58 pending=59 released=1106 retired=991 mean_uses=615.7 sum=360.4MiB max=15.7MiB
[LIMINA-ALLOC-STATS] pool=0xae3179b50 begins=2033000 live=61 peak=78 draining=0 borrowed=56 pending=55 released=1106 retired=991 mean_uses=615.7 sum=360.4MiB max=15.7MiB
[LIMINA-ALLOC-STATS] pool=0xae3179b50 begins=2033500 live=61 peak=78 draining=0 borrowed=56 pending=55 released=1106 retired=991 mean_uses=615.7 sum=360.4MiB max=15.7MiB
[LIMINA-ALLOC-STATS] pool=0xae3179b50 begins=2034000 live=61 peak=78 draining=0 borrowed=57 pending=57 released=1106 retired=991 mean_uses=615.7 sum=360.4MiB max=15.7MiB
[LIMINA-ALLOC-STATS] pool=0xae3179b50 begins=2034500 live=62 peak=78 draining=0 borrowed=57 pending=57 released=1106 retired=991 mean_uses=615.7 sum=365.7MiB max=15.7MiB
[LIMINA-ALLOC-STATS] pool=0xae3179b50 begins=2035000 live=62 peak=78 draining=0 borrowed=54 pending=54 released=1106 retired=991 mean_uses=615.7 sum=365.7MiB max=15.7MiB
[LIMINA-ALLOC-STATS] pool=0xae7e4db50 begins=21000 live=1 peak=1 draining=0 borrowed=1 pending=1 released=0 retired=0 mean_uses=0.0 sum=9.8MiB max=9.8MiB
[LIMINA-ALLOC-STATS] pool=0xae3179b50 begins=2035500 live=62 peak=78 draining=0 borrowed=59 pending=59 released=1106 retired=991 mean_uses=615.7 sum=365.7MiB max=15.7MiB
[LIMINA-ALLOC-STATS] pool=0xae3179b50 begins=2036000 live=62 peak=78 draining=0 borrowed=56 pending=56 released=1106 retired=991 mean_uses=615.7 sum=365.8MiB max=15.7MiB
[LIMINA-ALLOC-STATS] pool=0xae3179b50 begins=2036500 live=62 peak=78 draining=0 borrowed=56 pending=56 released=1106 retired=991 mean_uses=615.7 sum=365.8MiB max=15.7MiB
[LIMINA-ALLOC-STATS] pool=0xae3179b50 begins=2037000 live=62 peak=78 draining=0 borrowed=60 pending=63 released=1106 retired=991 mean_uses=615.7 sum=365.8MiB max=15.7MiB
[LIMINA-ALLOC-STATS] pool=0xae7e4db50 begins=21500 live=1 peak=1 draining=0 borrowed=1 pending=0 released=0 retired=0 mean_uses=0.0 sum=9.8MiB max=9.8MiB
[LIMINA-ALLOC-STATS] pool=0xae3179b50 begins=2037500 live=62 peak=78 draining=0 borrowed=56 pending=56 released=1106 retired=991 mean_uses=615.7 sum=365.8MiB max=15.7MiB
[LIMINA-ALLOC-STATS] pool=0xae3179b50 begins=2038000 live=62 peak=78 draining=0 borrowed=55 pending=55 released=1106 retired=991 mean_uses=615.7 sum=365.8MiB max=15.7MiB
[LIMINA-ALLOC-STATS] pool=0xae3179b50 begins=2038500 live=62 peak=78 draining=0 borrowed=57 pending=57 released=1106 retired=991 mean_uses=615.7 sum=365.8MiB max=15.7MiB
[LIMINA-ALLOC-STATS] pool=0xae3179b50 begins=2039000 live=62 peak=78 draining=0 borrowed=57 pending=57 released=1106 retired=991 mean_uses=615.7 sum=365.8MiB max=15.7MiB
[LIMINA-ALLOC-STATS] pool=0xae3179b50 begins=2039500 live=62 peak=78 draining=0 borrowed=57 pending=57 released=1106 retired=991 mean_uses=615.7 sum=365.8MiB max=15.7MiB
[LIMINA-ALLOC-STATS] pool=0xae3179b50 begins=2040000 live=62 peak=78 draining=0 borrowed=59 pending=58 released=1106 retired=991 mean_uses=615.7 sum=365.8MiB max=15.7MiB
[LIMINA-ALLOC-STATS] pool=0xae3179b50 begins=2040500 live=62 peak=78 draining=0 borrowed=57 pending=56 released=1106 retired=991 mean_uses=615.7 sum=365.8MiB max=15.7MiB
[LIMINA-ALLOC-STATS] pool=0xae7e4db50 begins=22000 live=1 peak=1 draining=0 borrowed=1 pending=1 released=0 retired=0 mean_uses=0.0 sum=9.8MiB max=9.8MiB
[LIMINA-ALLOC-STATS] pool=0xae3179b50 begins=2041000 live=62 peak=78 draining=0 borrowed=56 pending=55 released=1106 retired=991 mean_uses=615.7 sum=365.8MiB max=15.7MiB
[LIMINA-ALLOC-STATS] pool=0xae3179b50 begins=2041500 live=62 peak=78 draining=0 borrowed=57 pending=57 released=1106 retired=991 mean_uses=615.7 sum=365.8MiB max=15.7MiB
[LIMINA-ALLOC-STATS] pool=0xae3179b50 begins=2042000 live=62 peak=78 draining=0 borrowed=57 pending=57 released=1106 retired=991 mean_uses=615.7 sum=365.8MiB max=15.7MiB
[LIMINA-ALLOC-STATS] pool=0xae3179b50 begins=2042500 live=62 peak=78 draining=0 borrowed=56 pending=55 released=1106 retired=991 mean_uses=615.7 sum=365.8MiB max=15.7MiB
[LIMINA-ALLOC-POOL] teardown: pool=0xae7e4db50 live=1 peak=1 released=0 ceiling-waits=0 ceiling-fails=0
[2026-10-07T14:29:20.821575Z INFO  krun_devices::virtio::gpu::virtio_gpu] CTX_CREATE ctx=10 init=0x4 name=Some("vkmark\0\0\0\0\0\0\0\0\0\0\0\0\0\0\0\0\0\0\0\0\0\0\0\0\0\0\0\0\0\0\0\0\0\0\0\0\0\0\0\0\0\0\0\0\0\0\0\0\0\0\0\0\0\0\0\0\0\0")
[LIMINA-ALLOC-STATS] pool=0xae3179b50 begins=2043000 live=62 peak=78 draining=0 borrowed=60 pending=60 released=1106 retired=991 mean_uses=615.7 sum=369.8MiB max=15.7MiB
[LIMINA-ALLOC-STATS] pool=0xae3179b50 begins=2043500 live=62 peak=78 draining=0 borrowed=58 pending=57 released=1106 retired=991 mean_uses=615.7 sum=382.7MiB max=15.7MiB
[LIMINA-ALLOC-STATS] pool=0xae3179b50 begins=2044000 live=62 peak=78 draining=0 borrowed=54 pending=54 released=1106 retired=991 mean_uses=615.7 sum=386.6MiB max=15.7MiB
[LIMINA-ALLOC-STATS] pool=0xae3179b50 begins=2044500 live=62 peak=78 draining=0 borrowed=61 pending=64 released=1106 retired=991 mean_uses=615.7 sum=386.8MiB max=15.7MiB
[LIMINA-ALLOC-STATS] pool=0xae3179b50 begins=2045000 live=62 peak=78 draining=0 borrowed=58 pending=58 released=1106 retired=991 mean_uses=615.7 sum=386.9MiB max=15.7MiB
[LIMINA-ALLOC-STATS] pool=0xae3179b50 begins=2045500 live=62 peak=78 draining=0 borrowed=58 pending=57 released=1106 retired=991 mean_uses=615.7 sum=387.2MiB max=15.7MiB
[LIMINA-ALLOC-STATS] pool=0xae3179b50 begins=2046000 live=62 peak=78 draining=0 borrowed=58 pending=58 released=1106 retired=991 mean_uses=615.7 sum=387.2MiB max=15.7MiB
[LIMINA-ALLOC-STATS] pool=0xae7e4db50 begins=500 live=1 peak=1 draining=0 borrowed=1 pending=0 released=0 retired=0 mean_uses=0.0 sum=9.8MiB max=9.8MiB
[LIMINA-ALLOC-STATS] pool=0xae3179b50 begins=2046500 live=62 peak=78 draining=0 borrowed=57 pending=56 released=1106 retired=991 mean_uses=615.7 sum=387.2MiB max=15.7MiB
[LIMINA-ALLOC-STATS] pool=0xae3179b50 begins=2047000 live=62 peak=78 draining=0 borrowed=55 pending=54 released=1106 retired=991 mean_uses=615.7 sum=387.2MiB max=15.7MiB
[LIMINA-ALLOC-STATS] pool=0xae3179b50 begins=2047500 live=62 peak=78 draining=0 borrowed=60 pending=62 released=1106 retired=991 mean_uses=615.7 sum=387.2MiB max=15.7MiB
[LIMINA-ALLOC-STATS] pool=0xae3179b50 begins=2048000 live=62 peak=78 draining=0 borrowed=60 pending=60 released=1106 retired=991 mean_uses=615.7 sum=387.2MiB max=15.7MiB
[LIMINA-ALLOC-STATS] pool=0xae3179b50 begins=2048500 live=62 peak=78 draining=0 borrowed=58 pending=58 released=1106 retired=991 mean_uses=615.7 sum=387.4MiB max=15.7MiB
[LIMINA-ALLOC-STATS] pool=0xae7e4db50 begins=1000 live=1 peak=1 draining=0 borrowed=1 pending=0 released=0 retired=0 mean_uses=0.0 sum=9.8MiB max=9.8MiB
[LIMINA-ALLOC-STATS] pool=0xae3179b50 begins=2049000 live=62 peak=78 draining=0 borrowed=59 pending=62 released=1106 retired=991 mean_uses=615.7 sum=387.4MiB max=15.7MiB
[LIMINA-ALLOC-STATS] pool=0xae3179b50 begins=2049500 live=62 peak=78 draining=0 borrowed=58 pending=59 released=1106 retired=991 mean_uses=615.7 sum=387.4MiB max=15.7MiB
[LIMINA-ALLOC-STATS] pool=0xae3179b50 begins=2050000 live=62 peak=78 draining=0 borrowed=57 pending=56 released=1106 retired=991 mean_uses=615.7 sum=387.4MiB max=15.7MiB
[LIMINA-ALLOC-STATS] pool=0xae3179b50 begins=2050500 live=62 peak=78 draining=0 borrowed=58 pending=58 released=1106 retired=991 mean_uses=615.7 sum=387.4MiB max=15.7MiB
[LIMINA-ALLOC-STATS] pool=0xae3179b50 begins=2051000 live=62 peak=78 draining=0 borrowed=57 pending=57 released=1106 retired=991 mean_uses=615.7 sum=387.4MiB max=15.7MiB
[LIMINA-ALLOC-STATS] pool=0xae7e4db50 begins=1500 live=1 peak=1 draining=0 borrowed=1 pending=0 released=0 retired=0 mean_uses=0.0 sum=9.8MiB max=9.8MiB
[LIMINA-ALLOC-STATS] pool=0xae3179b50 begins=2051500 live=62 peak=78 draining=0 borrowed=55 pending=55 released=1106 retired=991 mean_uses=615.7 sum=387.4MiB max=15.7MiB
[LIMINA-ALLOC-STATS] pool=0xae3179b50 begins=2052000 live=62 peak=78 draining=0 borrowed=59 pending=62 released=1106 retired=991 mean_uses=615.7 sum=387.4MiB max=15.7MiB
[LIMINA-ALLOC-STATS] pool=0xae3179b50 begins=2052500 live=62 peak=78 draining=0 borrowed=56 pending=56 released=1106 retired=991 mean_uses=615.7 sum=387.4MiB max=15.7MiB
[LIMINA-ALLOC-STATS] pool=0xae3179b50 begins=2053000 live=62 peak=78 draining=0 borrowed=55 pending=55 released=1106 retired=991 mean_uses=615.7 sum=387.4MiB max=15.7MiB
[LIMINA-ALLOC-STATS] pool=0xae3179b50 begins=2053500 live=62 peak=78 draining=0 borrowed=57 pending=56 released=1106 retired=991 mean_uses=615.7 sum=387.4MiB max=15.7MiB
[LIMINA-ALLOC-STATS] pool=0xae7e4db50 begins=2000 live=1 peak=1 draining=0 borrowed=1 pending=1 released=0 retired=0 mean_uses=0.0 sum=9.8MiB max=9.8MiB
[LIMINA-ALLOC-STATS] pool=0xae3179b50 begins=2054000 live=62 peak=78 draining=0 borrowed=57 pending=60 released=1106 retired=991 mean_uses=615.7 sum=387.4MiB max=15.7MiB
[LIMINA-ALLOC-STATS] pool=0xae3179b50 begins=2054500 live=62 peak=78 draining=0 borrowed=55 pending=54 released=1106 retired=991 mean_uses=615.7 sum=387.4MiB max=15.7MiB
[LIMINA-ALLOC-STATS] pool=0xae3179b50 begins=2055000 live=62 peak=78 draining=0 borrowed=58 pending=57 released=1106 retired=991 mean_uses=615.7 sum=387.4MiB max=15.7MiB
[LIMINA-ALLOC-STATS] pool=0xae3179b50 begins=2055500 live=62 peak=78 draining=0 borrowed=58 pending=57 released=1106 retired=991 mean_uses=615.7 sum=387.4MiB max=15.7MiB
[LIMINA-ALLOC-STATS] pool=0xae3179b50 begins=2056000 live=62 peak=78 draining=0 borrowed=55 pending=55 released=1106 retired=991 mean_uses=615.7 sum=387.4MiB max=15.7MiB
[LIMINA-ALLOC-STATS] pool=0xae3179b50 begins=2056500 live=62 peak=78 draining=0 borrowed=57 pending=58 released=1106 retired=991 mean_uses=615.7 sum=387.4MiB max=15.7MiB
[LIMINA-ALLOC-STATS] pool=0xae7e4db50 begins=2500 live=1 peak=1 draining=0 borrowed=1 pending=0 released=0 retired=0 mean_uses=0.0 sum=9.8MiB max=9.8MiB
[LIMINA-ALLOC-STATS] pool=0xae3179b50 begins=2057000 live=63 peak=78 draining=0 borrowed=58 pending=58 released=1106 retired=991 mean_uses=615.7 sum=389.9MiB max=15.7MiB
[LIMINA-ALLOC-STATS] pool=0xae3179b50 begins=2057500 live=63 peak=78 draining=0 borrowed=57 pending=56 released=1106 retired=991 mean_uses=615.7 sum=390.1MiB max=15.7MiB
[LIMINA-ALLOC-STATS] pool=0xae3179b50 begins=2058000 live=63 peak=78 draining=0 borrowed=57 pending=57 released=1106 retired=991 mean_uses=615.7 sum=390.1MiB max=15.7MiB
[LIMINA-ALLOC-STATS] pool=0xae3179b50 begins=2058500 live=63 peak=78 draining=0 borrowed=58 pending=61 released=1106 retired=991 mean_uses=615.7 sum=390.6MiB max=15.7MiB
[LIMINA-ALLOC-STATS] pool=0xae3179b50 begins=2059000 live=63 peak=78 draining=0 borrowed=56 pending=55 released=1106 retired=991 mean_uses=615.7 sum=390.6MiB max=15.7MiB
[LIMINA-ALLOC-STATS] pool=0xae3179b50 begins=2059500 live=63 peak=78 draining=0 borrowed=58 pending=58 released=1106 retired=991 mean_uses=615.7 sum=393.0MiB max=15.7MiB
[LIMINA-ALLOC-STATS] pool=0xae7e4db50 begins=3000 live=1 peak=1 draining=0 borrowed=1 pending=0 released=0 retired=0 mean_uses=0.0 sum=9.8MiB max=9.8MiB
[LIMINA-ALLOC-STATS] pool=0xae3179b50 begins=2060000 live=63 peak=78 draining=0 borrowed=57 pending=56 released=1106 retired=991 mean_uses=615.7 sum=393.0MiB max=15.7MiB
[LIMINA-ALLOC-STATS] pool=0xae3179b50 begins=2060500 live=63 peak=78 draining=0 borrowed=55 pending=56 released=1106 retired=991 mean_uses=615.7 sum=393.1MiB max=15.7MiB
[LIMINA-ALLOC-STATS] pool=0xae3179b50 begins=2061000 live=63 peak=78 draining=0 borrowed=56 pending=58 released=1106 retired=991 mean_uses=615.7 sum=393.1MiB max=15.7MiB
[LIMINA-ALLOC-STATS] pool=0xae3179b50 begins=2061500 live=63 peak=78 draining=0 borrowed=58 pending=57 released=1106 retired=991 mean_uses=615.7 sum=393.1MiB max=15.7MiB
[LIMINA-ALLOC-STATS] pool=0xae3179b50 begins=2062000 live=63 peak=78 draining=0 borrowed=56 pending=55 released=1106 retired=991 mean_uses=615.7 sum=393.1MiB max=15.7MiB
[LIMINA-ALLOC-STATS] pool=0xae7e4db50 begins=3500 live=1 peak=1 draining=0 borrowed=1 pending=0 released=0 retired=0 mean_uses=0.0 sum=9.8MiB max=9.8MiB
[LIMINA-ALLOC-STATS] pool=0xae3179b50 begins=2062500 live=63 peak=78 draining=0 borrowed=58 pending=59 released=1106 retired=991 mean_uses=615.7 sum=393.6MiB max=15.7MiB
[LIMINA-ALLOC-STATS] pool=0xae3179b50 begins=2063000 live=63 peak=78 draining=0 borrowed=58 pending=57 released=1106 retired=991 mean_uses=615.7 sum=393.7MiB max=15.7MiB
[LIMINA-ALLOC-STATS] pool=0xae3179b50 begins=2063500 live=63 peak=78 draining=0 borrowed=56 pending=57 released=1106 retired=991 mean_uses=615.7 sum=395.9MiB max=15.7MiB
[LIMINA-ALLOC-STATS] pool=0xae3179b50 begins=2064000 live=63 peak=78 draining=0 borrowed=56 pending=56 released=1106 retired=991 mean_uses=615.7 sum=395.9MiB max=15.7MiB
[LIMINA-ALLOC-STATS] pool=0xae3179b50 begins=2064500 live=63 peak=78 draining=0 borrowed=56 pending=55 released=1106 retired=991 mean_uses=615.7 sum=395.9MiB max=15.7MiB
[LIMINA-ALLOC-STATS] pool=0xae7e4db50 begins=4000 live=1 peak=1 draining=0 borrowed=1 pending=0 released=0 retired=0 mean_uses=0.0 sum=9.8MiB max=9.8MiB
[LIMINA-ALLOC-STATS] pool=0xae3179b50 begins=2065000 live=63 peak=78 draining=0 borrowed=56 pending=55 released=1106 retired=991 mean_uses=615.7 sum=395.9MiB max=15.7MiB
[LIMINA-ALLOC-STATS] pool=0xae3179b50 begins=2065500 live=63 peak=78 draining=0 borrowed=58 pending=57 released=1106 retired=991 mean_uses=615.7 sum=395.9MiB max=15.7MiB
[LIMINA-ALLOC-STATS] pool=0xae3179b50 begins=2066000 live=63 peak=78 draining=0 borrowed=57 pending=57 released=1106 retired=991 mean_uses=615.7 sum=395.9MiB max=15.7MiB
[LIMINA-ALLOC-STATS] pool=0xae3179b50 begins=2066500 live=63 peak=78 draining=0 borrowed=57 pending=56 released=1106 retired=991 mean_uses=615.7 sum=395.9MiB max=15.7MiB
[LIMINA-ALLOC-STATS] pool=0xae3179b50 begins=2067000 live=63 peak=78 draining=0 borrowed=57 pending=57 released=1106 retired=991 mean_uses=615.7 sum=395.9MiB max=15.7MiB
[LIMINA-ALLOC-STATS] pool=0xae3179b50 begins=2067500 live=63 peak=78 draining=0 borrowed=58 pending=57 released=1106 retired=991 mean_uses=615.7 sum=395.9MiB max=15.7MiB
[LIMINA-ALLOC-STATS] pool=0xae7e4db50 begins=4500 live=1 peak=1 draining=0 borrowed=1 pending=0 released=0 retired=0 mean_uses=0.0 sum=9.8MiB max=9.8MiB
[LIMINA-ALLOC-STATS] pool=0xae3179b50 begins=2068000 live=63 peak=78 draining=0 borrowed=56 pending=58 released=1106 retired=991 mean_uses=615.7 sum=395.9MiB max=15.7MiB
[LIMINA-ALLOC-STATS] pool=0xae3179b50 begins=2068500 live=63 peak=78 draining=0 borrowed=58 pending=57 released=1106 retired=991 mean_uses=615.7 sum=395.9MiB max=15.7MiB
[LIMINA-ALLOC-STATS] pool=0xae3179b50 begins=2069000 live=63 peak=78 draining=0 borrowed=56 pending=56 released=1106 retired=991 mean_uses=615.7 sum=396.0MiB max=15.7MiB
[LIMINA-ALLOC-STATS] pool=0xae3179b50 begins=2069500 live=63 peak=78 draining=0 borrowed=56 pending=56 released=1106 retired=991 mean_uses=615.7 sum=396.0MiB max=15.7MiB
[LIMINA-ALLOC-STATS] pool=0xae3179b50 begins=2070000 live=63 peak=78 draining=0 borrowed=58 pending=58 released=1106 retired=991 mean_uses=615.7 sum=396.0MiB max=15.7MiB
[LIMINA-ALLOC-STATS] pool=0xae7e4db50 begins=5000 live=1 peak=1 draining=0 borrowed=1 pending=1 released=0 retired=0 mean_uses=0.0 sum=9.8MiB max=9.8MiB
[LIMINA-ALLOC-STATS] pool=0xae3179b50 begins=2070500 live=63 peak=78 draining=0 borrowed=57 pending=60 released=1106 retired=991 mean_uses=615.7 sum=396.0MiB max=15.7MiB
[LIMINA-ALLOC-STATS] pool=0xae3179b50 begins=2071000 live=63 peak=78 draining=0 borrowed=55 pending=57 released=1106 retired=991 mean_uses=615.7 sum=396.0MiB max=15.7MiB
[LIMINA-ALLOC-STATS] pool=0xae3179b50 begins=2071500 live=63 peak=78 draining=0 borrowed=57 pending=57 released=1106 retired=991 mean_uses=615.7 sum=396.0MiB max=15.7MiB
[LIMINA-ALLOC-STATS] pool=0xae3181b50 begins=18500 live=1 peak=1 draining=0 borrowed=1 pending=0 released=0 retired=0 mean_uses=0.0 sum=4.9MiB max=4.9MiB
[LIMINA-ALLOC-STATS] pool=0xae317db50 begins=18500 live=1 peak=1 draining=0 borrowed=1 pending=0 released=0 retired=0 mean_uses=0.0 sum=4.9MiB max=4.9MiB
[LIMINA-ALLOC-STATS] pool=0xae3179b50 begins=2072000 live=63 peak=78 draining=0 borrowed=57 pending=56 released=1106 retired=991 mean_uses=615.7 sum=396.0MiB max=15.7MiB
[LIMINA-ALLOC-STATS] pool=0xae3179b50 begins=2072500 live=63 peak=78 draining=0 borrowed=56 pending=55 released=1106 retired=991 mean_uses=615.7 sum=396.0MiB max=15.7MiB
[LIMINA-ALLOC-STATS] pool=0xae3179b50 begins=2073000 live=63 peak=78 draining=0 borrowed=58 pending=58 released=1106 retired=991 mean_uses=615.7 sum=396.0MiB max=15.7MiB
[LIMINA-ALLOC-STATS] pool=0xae7e4db50 begins=5500 live=1 peak=1 draining=0 borrowed=1 pending=1 released=0 retired=0 mean_uses=0.0 sum=9.8MiB max=9.8MiB
[LIMINA-ALLOC-STATS] pool=0xae3179b50 begins=2073500 live=63 peak=78 draining=0 borrowed=57 pending=56 released=1106 retired=991 mean_uses=615.7 sum=396.0MiB max=15.7MiB
[LIMINA-ALLOC-STATS] pool=0xae3179b50 begins=2074000 live=62 peak=78 draining=0 borrowed=55 pending=54 released=1107 retired=991 mean_uses=615.7 sum=390.5MiB max=15.7MiB
[LIMINA-ALLOC-STATS] pool=0xae3179b50 begins=2074500 live=62 peak=78 draining=0 borrowed=57 pending=57 released=1107 retired=991 mean_uses=615.7 sum=390.5MiB max=15.7MiB
[LIMINA-ALLOC-STATS] pool=0xae3179b50 begins=2075000 live=62 peak=78 draining=0 borrowed=57 pending=56 released=1107 retired=991 mean_uses=615.7 sum=390.5MiB max=15.7MiB
[LIMINA-ALLOC-STATS] pool=0xae3179b50 begins=2075500 live=61 peak=78 draining=0 borrowed=55 pending=56 released=1108 retired=991 mean_uses=615.7 sum=382.8MiB max=15.7MiB
[LIMINA-ALLOC-STATS] pool=0xae7e4db50 begins=6000 live=1 peak=1 draining=0 borrowed=1 pending=0 released=0 retired=0 mean_uses=0.0 sum=9.8MiB max=9.8MiB
[LIMINA-ALLOC-STATS] pool=0xae3179b50 begins=2076000 live=61 peak=78 draining=0 borrowed=58 pending=59 released=1108 retired=991 mean_uses=615.7 sum=382.8MiB max=15.7MiB
[LIMINA-ALLOC-STATS] pool=0xae3179b50 begins=2076500 live=61 peak=78 draining=0 borrowed=57 pending=56 released=1108 retired=991 mean_uses=615.7 sum=382.8MiB max=15.7MiB
[LIMINA-ALLOC-STATS] pool=0xae3179b50 begins=2077000 live=61 peak=78 draining=0 borrowed=55 pending=55 released=1108 retired=991 mean_uses=615.7 sum=382.8MiB max=15.7MiB
[LIMINA-ALLOC-STATS] pool=0xae3179b50 begins=2077500 live=61 peak=78 draining=0 borrowed=59 pending=58 released=1108 retired=991 mean_uses=615.7 sum=382.8MiB max=15.7MiB
[LIMINA-ALLOC-STATS] pool=0xae3179b50 begins=2078000 live=61 peak=78 draining=0 borrowed=57 pending=56 released=1108 retired=991 mean_uses=615.7 sum=382.8MiB max=15.7MiB
[LIMINA-ALLOC-STATS] pool=0xae7e4db50 begins=6500 live=1 peak=1 draining=0 borrowed=1 pending=0 released=0 retired=0 mean_uses=0.0 sum=9.8MiB max=9.8MiB
[LIMINA-ALLOC-STATS] pool=0xae3179b50 begins=2078500 live=61 peak=78 draining=0 borrowed=55 pending=54 released=1108 retired=991 mean_uses=615.7 sum=382.8MiB max=15.7MiB
[LIMINA-ALLOC-STATS] pool=0xae3179b50 begins=2079000 live=61 peak=78 draining=0 borrowed=58 pending=58 released=1108 retired=991 mean_uses=615.7 sum=382.8MiB max=15.7MiB
[LIMINA-ALLOC-STATS] pool=0xae3179b50 begins=2079500 live=61 peak=78 draining=0 borrowed=57 pending=56 released=1108 retired=991 mean_uses=615.7 sum=382.8MiB max=15.7MiB
[LIMINA-ALLOC-STATS] pool=0xae3179b50 begins=2080000 live=61 peak=78 draining=0 borrowed=56 pending=56 released=1108 retired=991 mean_uses=615.7 sum=382.8MiB max=15.7MiB
[LIMINA-ALLOC-STATS] pool=0xae3179b50 begins=2080500 live=61 peak=78 draining=0 borrowed=57 pending=56 released=1108 retired=991 mean_uses=615.7 sum=382.8MiB max=15.7MiB
[LIMINA-ALLOC-STATS] pool=0xae7e4db50 begins=7000 live=1 peak=1 draining=0 borrowed=1 pending=0 released=0 retired=0 mean_uses=0.0 sum=9.8MiB max=9.8MiB
[LIMINA-ALLOC-STATS] pool=0xae3179b50 begins=2081000 live=61 peak=78 draining=0 borrowed=57 pending=56 released=1108 retired=991 mean_uses=615.7 sum=382.8MiB max=15.7MiB
[LIMINA-ALLOC-STATS] pool=0xae3179b50 begins=2081500 live=61 peak=78 draining=0 borrowed=56 pending=55 released=1108 retired=991 mean_uses=615.7 sum=382.8MiB max=15.7MiB
[LIMINA-ALLOC-STATS] pool=0xae3179b50 begins=2082000 live=61 peak=78 draining=0 borrowed=55 pending=56 released=1108 retired=991 mean_uses=615.7 sum=382.8MiB max=15.7MiB
[LIMINA-ALLOC-STATS] pool=0xae3179b50 begins=2082500 live=61 peak=78 draining=0 borrowed=57 pending=56 released=1108 retired=991 mean_uses=615.7 sum=382.8MiB max=15.7MiB
[LIMINA-ALLOC-STATS] pool=0xae3179b50 begins=2083000 live=61 peak=78 draining=0 borrowed=56 pending=56 released=1108 retired=991 mean_uses=615.7 sum=382.8MiB max=15.7MiB
[LIMINA-ALLOC-STATS] pool=0xae7e4db50 begins=7500 live=1 peak=1 draining=0 borrowed=1 pending=0 released=0 retired=0 mean_uses=0.0 sum=9.8MiB max=9.8MiB
[LIMINA-ALLOC-STATS] pool=0xae3179b50 begins=2083500 live=61 peak=78 draining=0 borrowed=57 pending=58 released=1108 retired=991 mean_uses=615.7 sum=382.8MiB max=15.7MiB
[LIMINA-ALLOC-STATS] pool=0xae3179b50 begins=2084000 live=61 peak=78 draining=0 borrowed=58 pending=57 released=1108 retired=991 mean_uses=615.7 sum=382.8MiB max=15.7MiB
[LIMINA-ALLOC-STATS] pool=0xae3179b50 begins=2084500 live=61 peak=78 draining=0 borrowed=55 pending=54 released=1108 retired=991 mean_uses=615.7 sum=382.8MiB max=15.7MiB
[LIMINA-ALLOC-STATS] pool=0xae3179b50 begins=2085000 live=61 peak=78 draining=0 borrowed=58 pending=59 released=1108 retired=991 mean_uses=615.7 sum=383.0MiB max=15.7MiB
[LIMINA-ALLOC-STATS] pool=0xae3179b50 begins=2085500 live=61 peak=78 draining=0 borrowed=58 pending=57 released=1108 retired=991 mean_uses=615.7 sum=383.0MiB max=15.7MiB
[LIMINA-ALLOC-STATS] pool=0xae7e4db50 begins=8000 live=1 peak=1 draining=0 borrowed=1 pending=0 released=0 retired=0 mean_uses=0.0 sum=9.8MiB max=9.8MiB
[LIMINA-ALLOC-STATS] pool=0xae3179b50 begins=2086000 live=61 peak=78 draining=0 borrowed=57 pending=60 released=1108 retired=991 mean_uses=615.7 sum=383.0MiB max=15.7MiB
[LIMINA-ALLOC-STATS] pool=0xae3179b50 begins=2086500 live=61 peak=78 draining=0 borrowed=59 pending=64 released=1108 retired=991 mean_uses=615.7 sum=383.0MiB max=15.7MiB
[LIMINA-ALLOC-STATS] pool=0xae3179b50 begins=2087000 live=61 peak=78 draining=0 borrowed=58 pending=57 released=1108 retired=991 mean_uses=615.7 sum=383.0MiB max=15.7MiB
[LIMINA-ALLOC-STATS] pool=0xae3179b50 begins=2087500 live=62 peak=78 draining=0 borrowed=56 pending=59 released=1108 retired=991 mean_uses=615.7 sum=386.0MiB max=15.7MiB
[LIMINA-ALLOC-STATS] pool=0xae3179b50 begins=2088000 live=62 peak=78 draining=0 borrowed=61 pending=60 released=1108 retired=991 mean_uses=615.7 sum=386.1MiB max=15.7MiB
[LIMINA-ALLOC-STATS] pool=0xae7e4db50 begins=8500 live=1 peak=1 draining=0 borrowed=1 pending=0 released=0 retired=0 mean_uses=0.0 sum=9.8MiB max=9.8MiB
[LIMINA-ALLOC-STATS] pool=0xae3179b50 begins=2088500 live=62 peak=78 draining=0 borrowed=57 pending=57 released=1108 retired=991 mean_uses=615.7 sum=386.1MiB max=15.7MiB
[LIMINA-ALLOC-STATS] pool=0xae3179b50 begins=2089000 live=62 peak=78 draining=0 borrowed=55 pending=55 released=1108 retired=991 mean_uses=615.7 sum=386.1MiB max=15.7MiB
[LIMINA-ALLOC-STATS] pool=0xae3179b50 begins=2089500 live=62 peak=78 draining=0 borrowed=57 pending=58 released=1108 retired=991 mean_uses=615.7 sum=386.1MiB max=15.7MiB
[LIMINA-ALLOC-STATS] pool=0xae3179b50 begins=2090000 live=63 peak=78 draining=0 borrowed=58 pending=57 released=1108 retired=991 mean_uses=615.7 sum=390.9MiB max=15.7MiB
[LIMINA-ALLOC-STATS] pool=0xae3179b50 begins=2090500 live=63 peak=78 draining=0 borrowed=57 pending=56 released=1108 retired=991 mean_uses=615.7 sum=391.1MiB max=15.7MiB
[LIMINA-ALLOC-STATS] pool=0xae3179b50 begins=2091000 live=63 peak=78 draining=0 borrowed=58 pending=57 released=1108 retired=991 mean_uses=615.7 sum=391.1MiB max=15.7MiB
[LIMINA-ALLOC-STATS] pool=0xae7e4db50 begins=9000 live=1 peak=1 draining=0 borrowed=1 pending=0 released=0 retired=0 mean_uses=0.0 sum=9.8MiB max=9.8MiB
[LIMINA-ALLOC-STATS] pool=0xae3179b50 begins=2091500 live=63 peak=78 draining=0 borrowed=58 pending=57 released=1108 retired=991 mean_uses=615.7 sum=391.2MiB max=15.7MiB
[LIMINA-ALLOC-STATS] pool=0xae3179b50 begins=2092000 live=63 peak=78 draining=0 borrowed=55 pending=54 released=1108 retired=991 mean_uses=615.7 sum=391.5MiB max=15.7MiB
[LIMINA-ALLOC-STATS] pool=0xae3179b50 begins=2092500 live=63 peak=78 draining=0 borrowed=57 pending=56 released=1108 retired=991 mean_uses=615.7 sum=391.5MiB max=15.7MiB
[LIMINA-ALLOC-STATS] pool=0xae3179b50 begins=2093000 live=63 peak=78 draining=0 borrowed=59 pending=58 released=1108 retired=991 mean_uses=615.7 sum=393.6MiB max=15.7MiB
[LIMINA-ALLOC-STATS] pool=0xae3179b50 begins=2093500 live=63 peak=78 draining=0 borrowed=56 pending=55 released=1108 retired=991 mean_uses=615.7 sum=393.8MiB max=15.7MiB
[LIMINA-ALLOC-STATS] pool=0xae7e4db50 begins=9500 live=1 peak=1 draining=0 borrowed=1 pending=0 released=0 retired=0 mean_uses=0.0 sum=9.8MiB max=9.8MiB
[LIMINA-ALLOC-STATS] pool=0xae3179b50 begins=2094000 live=63 peak=78 draining=0 borrowed=58 pending=58 released=1108 retired=991 mean_uses=615.7 sum=393.8MiB max=15.7MiB
[LIMINA-ALLOC-STATS] pool=0xae3179b50 begins=2094500 live=63 peak=78 draining=0 borrowed=56 pending=56 released=1108 retired=991 mean_uses=615.7 sum=393.8MiB max=15.7MiB
[LIMINA-ALLOC-STATS] pool=0xae3179b50 begins=2095000 live=63 peak=78 draining=0 borrowed=57 pending=60 released=1108 retired=991 mean_uses=615.7 sum=394.0MiB max=15.7MiB
[LIMINA-ALLOC-STATS] pool=0xae3179b50 begins=2095500 live=63 peak=78 draining=0 borrowed=58 pending=57 released=1108 retired=991 mean_uses=615.7 sum=394.0MiB max=15.7MiB
[LIMINA-ALLOC-STATS] pool=0xae3179b50 begins=2096000 live=63 peak=78 draining=0 borrowed=58 pending=57 released=1108 retired=991 mean_uses=615.7 sum=394.0MiB max=15.7MiB
[LIMINA-ALLOC-STATS] pool=0xae3179b50 begins=2096500 live=64 peak=78 draining=0 borrowed=57 pending=56 released=1108 retired=991 mean_uses=615.7 sum=397.0MiB max=15.7MiB
[LIMINA-ALLOC-STATS] pool=0xae7e4db50 begins=10000 live=1 peak=1 draining=0 borrowed=1 pending=0 released=0 retired=0 mean_uses=0.0 sum=9.8MiB max=9.8MiB
[LIMINA-ALLOC-STATS] pool=0xae3179b50 begins=2097000 live=64 peak=78 draining=0 borrowed=59 pending=58 released=1108 retired=991 mean_uses=615.7 sum=400.2MiB max=15.7MiB
[LIMINA-ALLOC-STATS] pool=0xae3179b50 begins=2097500 live=64 peak=78 draining=0 borrowed=59 pending=59 released=1108 retired=991 mean_uses=615.7 sum=400.5MiB max=15.7MiB
[LIMINA-ALLOC-STATS] pool=0xae3179b50 begins=2098000 live=64 peak=78 draining=0 borrowed=56 pending=55 released=1108 retired=991 mean_uses=615.7 sum=400.6MiB max=15.7MiB
[LIMINA-ALLOC-STATS] pool=0xae3179b50 begins=2098500 live=64 peak=78 draining=0 borrowed=58 pending=57 released=1108 retired=991 mean_uses=615.7 sum=400.6MiB max=15.7MiB
[LIMINA-ALLOC-STATS] pool=0xae3179b50 begins=2099000 live=64 peak=78 draining=0 borrowed=58 pending=58 released=1108 retired=991 mean_uses=615.7 sum=400.6MiB max=15.7MiB
[LIMINA-ALLOC-STATS] pool=0xae7e4db50 begins=10500 live=1 peak=1 draining=0 borrowed=1 pending=0 released=0 retired=0 mean_uses=0.0 sum=9.8MiB max=9.8MiB
[LIMINA-ALLOC-STATS] pool=0xae3179b50 begins=2099500 live=64 peak=78 draining=0 borrowed=56 pending=56 released=1108 retired=991 mean_uses=615.7 sum=400.7MiB max=15.7MiB
[LIMINA-ALLOC-STATS] pool=0xae3179b50 begins=2100000 live=64 peak=78 draining=0 borrowed=57 pending=56 released=1108 retired=991 mean_uses=615.7 sum=400.7MiB max=15.7MiB
[LIMINA-ALLOC-STATS] pool=0xae3179b50 begins=2100500 live=64 peak=78 draining=0 borrowed=57 pending=56 released=1108 retired=991 mean_uses=615.7 sum=400.7MiB max=15.7MiB
[LIMINA-ALLOC-STATS] pool=0xae3179b50 begins=2101000 live=64 peak=78 draining=0 borrowed=55 pending=54 released=1108 retired=991 mean_uses=615.7 sum=400.7MiB max=15.7MiB
[LIMINA-ALLOC-STATS] pool=0xae3179b50 begins=2101500 live=64 peak=78 draining=0 borrowed=56 pending=57 released=1108 retired=991 mean_uses=615.7 sum=400.7MiB max=15.7MiB
[LIMINA-ALLOC-STATS] pool=0xae7e4db50 begins=11000 live=1 peak=1 draining=0 borrowed=1 pending=0 released=0 retired=0 mean_uses=0.0 sum=9.8MiB max=9.8MiB
[LIMINA-ALLOC-STATS] pool=0xae3179b50 begins=2102000 live=64 peak=78 draining=0 borrowed=56 pending=56 released=1108 retired=991 mean_uses=615.7 sum=400.7MiB max=15.7MiB
[LIMINA-ALLOC-STATS] pool=0xae3179b50 begins=2102500 live=64 peak=78 draining=0 borrowed=55 pending=56 released=1108 retired=991 mean_uses=615.7 sum=400.7MiB max=15.7MiB
[LIMINA-ALLOC-STATS] pool=0xae3179b50 begins=2103000 live=64 peak=78 draining=0 borrowed=58 pending=57 released=1108 retired=991 mean_uses=615.7 sum=400.7MiB max=15.7MiB
[LIMINA-ALLOC-STATS] pool=0xae3179b50 begins=2103500 live=64 peak=78 draining=0 borrowed=56 pending=56 released=1108 retired=991 mean_uses=615.7 sum=400.7MiB max=15.7MiB
[LIMINA-ALLOC-STATS] pool=0xae3179b50 begins=2104000 live=64 peak=78 draining=0 borrowed=56 pending=55 released=1108 retired=991 mean_uses=615.7 sum=400.8MiB max=15.7MiB
[LIMINA-ALLOC-STATS] pool=0xae7e4db50 begins=11500 live=1 peak=1 draining=0 borrowed=1 pending=0 released=0 retired=0 mean_uses=0.0 sum=9.8MiB max=9.8MiB
[LIMINA-ALLOC-STATS] pool=0xae3179b50 begins=2104500 live=64 peak=78 draining=0 borrowed=57 pending=57 released=1108 retired=991 mean_uses=615.7 sum=400.8MiB max=15.7MiB
[LIMINA-ALLOC-STATS] pool=0xae3179b50 begins=2105000 live=64 peak=78 draining=0 borrowed=57 pending=56 released=1108 retired=991 mean_uses=615.7 sum=400.8MiB max=15.7MiB
[LIMINA-ALLOC-STATS] pool=0xae3179b50 begins=2105500 live=64 peak=78 draining=0 borrowed=55 pending=55 released=1108 retired=991 mean_uses=615.7 sum=400.8MiB max=15.7MiB
[LIMINA-ALLOC-STATS] pool=0xae3179b50 begins=2106000 live=64 peak=78 draining=0 borrowed=58 pending=58 released=1108 retired=991 mean_uses=615.7 sum=400.8MiB max=15.7MiB
[LIMINA-ALLOC-STATS] pool=0xae3179b50 begins=2106500 live=64 peak=78 draining=0 borrowed=57 pending=57 released=1108 retired=991 mean_uses=615.7 sum=400.8MiB max=15.7MiB
[LIMINA-ALLOC-STATS] pool=0xae7e4db50 begins=12000 live=1 peak=1 draining=0 borrowed=1 pending=0 released=0 retired=0 mean_uses=0.0 sum=9.8MiB max=9.8MiB
[LIMINA-ALLOC-STATS] pool=0xae3179b50 begins=2107000 live=64 peak=78 draining=0 borrowed=55 pending=56 released=1108 retired=991 mean_uses=615.7 sum=400.8MiB max=15.7MiB
[LIMINA-ALLOC-STATS] pool=0xae3179b50 begins=2107500 live=64 peak=78 draining=0 borrowed=56 pending=59 released=1108 retired=991 mean_uses=615.7 sum=400.8MiB max=15.7MiB
[LIMINA-ALLOC-STATS] pool=0xae3179b50 begins=2108000 live=64 peak=78 draining=0 borrowed=59 pending=58 released=1108 retired=991 mean_uses=615.7 sum=400.8MiB max=15.7MiB
[LIMINA-ALLOC-STATS] pool=0xae3179b50 begins=2108500 live=62 peak=78 draining=0 borrowed=57 pending=56 released=1110 retired=991 mean_uses=615.7 sum=374.3MiB max=15.7MiB
[LIMINA-ALLOC-STATS] pool=0xae3179b50 begins=2109000 live=62 peak=78 draining=0 borrowed=58 pending=57 released=1110 retired=991 mean_uses=615.7 sum=374.3MiB max=15.7MiB
[LIMINA-ALLOC-STATS] pool=0xae3179b50 begins=2109500 live=62 peak=78 draining=0 borrowed=58 pending=57 released=1110 retired=991 mean_uses=615.7 sum=374.3MiB max=15.7MiB
[LIMINA-ALLOC-STATS] pool=0xae7e4db50 begins=12500 live=1 peak=1 draining=0 borrowed=1 pending=1 released=0 retired=0 mean_uses=0.0 sum=9.8MiB max=9.8MiB
[LIMINA-ALLOC-STATS] pool=0xae3179b50 begins=2110000 live=62 peak=78 draining=0 borrowed=55 pending=55 released=1110 retired=991 mean_uses=615.7 sum=374.3MiB max=15.7MiB
[LIMINA-ALLOC-STATS] pool=0xae3179b50 begins=2110500 live=62 peak=78 draining=0 borrowed=57 pending=57 released=1110 retired=991 mean_uses=615.7 sum=374.3MiB max=15.7MiB
[LIMINA-ALLOC-STATS] pool=0xae3179b50 begins=2111000 live=62 peak=78 draining=0 borrowed=57 pending=57 released=1110 retired=991 mean_uses=615.7 sum=374.3MiB max=15.7MiB
[LIMINA-ALLOC-STATS] pool=0xae3179b50 begins=2111500 live=62 peak=78 draining=0 borrowed=56 pending=56 released=1110 retired=991 mean_uses=615.7 sum=374.3MiB max=15.7MiB
[LIMINA-ALLOC-STATS] pool=0xae7e4db50 begins=13000 live=1 peak=1 draining=0 borrowed=1 pending=1 released=0 retired=0 mean_uses=0.0 sum=9.8MiB max=9.8MiB
[LIMINA-ALLOC-STATS] pool=0xae3179b50 begins=2112000 live=62 peak=78 draining=0 borrowed=57 pending=57 released=1110 retired=991 mean_uses=615.7 sum=374.3MiB max=15.7MiB
[LIMINA-ALLOC-STATS] pool=0xae3179b50 begins=2112500 live=62 peak=78 draining=0 borrowed=57 pending=56 released=1110 retired=991 mean_uses=615.7 sum=374.3MiB max=15.7MiB
[LIMINA-ALLOC-STATS] pool=0xae3179b50 begins=2113000 live=62 peak=78 draining=0 borrowed=55 pending=54 released=1110 retired=991 mean_uses=615.7 sum=374.3MiB max=15.7MiB
[LIMINA-ALLOC-STATS] pool=0xae3179b50 begins=2113500 live=62 peak=78 draining=0 borrowed=57 pending=57 released=1110 retired=991 mean_uses=615.7 sum=374.4MiB max=15.7MiB
[LIMINA-ALLOC-STATS] pool=0xae3179b50 begins=2114000 live=62 peak=78 draining=0 borrowed=59 pending=59 released=1110 retired=991 mean_uses=615.7 sum=374.4MiB max=15.7MiB
[LIMINA-ALLOC-STATS] pool=0xae7e4db50 begins=13500 live=1 peak=1 draining=0 borrowed=1 pending=0 released=0 retired=0 mean_uses=0.0 sum=9.8MiB max=9.8MiB
[LIMINA-ALLOC-STATS] pool=0xae3179b50 begins=2114500 live=62 peak=78 draining=0 borrowed=55 pending=54 released=1110 retired=991 mean_uses=615.7 sum=374.4MiB max=15.7MiB
[LIMINA-ALLOC-STATS] pool=0xae3179b50 begins=2115000 live=62 peak=78 draining=0 borrowed=57 pending=57 released=1110 retired=991 mean_uses=615.7 sum=374.4MiB max=15.7MiB
[LIMINA-ALLOC-STATS] pool=0xae3179b50 begins=2115500 live=62 peak=78 draining=0 borrowed=58 pending=60 released=1110 retired=991 mean_uses=615.7 sum=374.4MiB max=15.7MiB
[LIMINA-ALLOC-STATS] pool=0xae3179b50 begins=2116000 live=62 peak=78 draining=0 borrowed=58 pending=57 released=1110 retired=991 mean_uses=615.7 sum=374.4MiB max=15.7MiB
[LIMINA-ALLOC-STATS] pool=0xae3179b50 begins=2116500 live=62 peak=78 draining=0 borrowed=57 pending=57 released=1110 retired=991 mean_uses=615.7 sum=374.4MiB max=15.7MiB
[LIMINA-ALLOC-STATS] pool=0xae3179b50 begins=2117000 live=62 peak=78 draining=0 borrowed=56 pending=60 released=1110 retired=991 mean_uses=615.7 sum=374.4MiB max=15.7MiB
[LIMINA-ALLOC-STATS] pool=0xae7e4db50 begins=14000 live=1 peak=1 draining=0 borrowed=1 pending=1 released=0 retired=0 mean_uses=0.0 sum=9.8MiB max=9.8MiB
[LIMINA-ALLOC-STATS] pool=0xae3179b50 begins=2117500 live=62 peak=78 draining=0 borrowed=55 pending=55 released=1110 retired=991 mean_uses=615.7 sum=374.4MiB max=15.7MiB
[LIMINA-ALLOC-STATS] pool=0xae3179b50 begins=2118000 live=62 peak=78 draining=0 borrowed=58 pending=57 released=1110 retired=991 mean_uses=615.7 sum=376.5MiB max=15.7MiB
[LIMINA-ALLOC-STATS] pool=0xae3179b50 begins=2118500 live=62 peak=78 draining=0 borrowed=56 pending=56 released=1110 retired=991 mean_uses=615.7 sum=376.5MiB max=15.7MiB
[LIMINA-ALLOC-STATS] pool=0xae3179b50 begins=2119000 live=62 peak=78 draining=0 borrowed=56 pending=56 released=1110 retired=991 mean_uses=615.7 sum=376.5MiB max=15.7MiB
[LIMINA-ALLOC-STATS] pool=0xae7e4db50 begins=14500 live=1 peak=1 draining=0 borrowed=1 pending=0 released=0 retired=0 mean_uses=0.0 sum=9.8MiB max=9.8MiB
[LIMINA-ALLOC-STATS] pool=0xae3179b50 begins=2119500 live=62 peak=78 draining=0 borrowed=58 pending=60 released=1110 retired=991 mean_uses=615.7 sum=376.5MiB max=15.7MiB
[LIMINA-ALLOC-STATS] pool=0xae3179b50 begins=2120000 live=62 peak=78 draining=0 borrowed=60 pending=60 released=1110 retired=991 mean_uses=615.7 sum=376.5MiB max=15.7MiB
[LIMINA-ALLOC-STATS] pool=0xae3179b50 begins=2120500 live=62 peak=78 draining=0 borrowed=56 pending=55 released=1110 retired=991 mean_uses=615.7 sum=376.5MiB max=15.7MiB
[LIMINA-ALLOC-STATS] pool=0xae3179b50 begins=2121000 live=62 peak=78 draining=0 borrowed=57 pending=56 released=1110 retired=991 mean_uses=615.7 sum=376.5MiB max=15.7MiB
[LIMINA-ALLOC-STATS] pool=0xae3181b50 begins=19000 live=1 peak=1 draining=0 borrowed=1 pending=0 released=0 retired=0 mean_uses=0.0 sum=4.9MiB max=4.9MiB
[LIMINA-ALLOC-STATS] pool=0xae3179b50 begins=2121500 live=62 peak=78 draining=0 borrowed=58 pending=57 released=1110 retired=991 mean_uses=615.7 sum=376.5MiB max=15.7MiB
[LIMINA-ALLOC-STATS] pool=0xae317db50 begins=19000 live=1 peak=1 draining=0 borrowed=1 pending=0 released=0 retired=0 mean_uses=0.0 sum=4.9MiB max=4.9MiB
[LIMINA-ALLOC-STATS] pool=0xae3179b50 begins=2122000 live=62 peak=78 draining=0 borrowed=58 pending=57 released=1110 retired=991 mean_uses=615.7 sum=376.5MiB max=15.7MiB
[LIMINA-ALLOC-STATS] pool=0xae3179b50 begins=2122500 live=62 peak=78 draining=0 borrowed=57 pending=59 released=1110 retired=991 mean_uses=615.7 sum=376.5MiB max=15.7MiB
[LIMINA-ALLOC-STATS] pool=0xae7e4db50 begins=15000 live=1 peak=1 draining=0 borrowed=1 pending=0 released=0 retired=0 mean_uses=0.0 sum=9.8MiB max=9.8MiB
[LIMINA-ALLOC-STATS] pool=0xae3179b50 begins=2123000 live=62 peak=78 draining=0 borrowed=56 pending=55 released=1110 retired=991 mean_uses=615.7 sum=376.5MiB max=15.7MiB
[LIMINA-ALLOC-STATS] pool=0xae3179b50 begins=2123500 live=62 peak=78 draining=0 borrowed=59 pending=58 released=1110 retired=991 mean_uses=615.7 sum=376.5MiB max=15.7MiB
[LIMINA-ALLOC-STATS] pool=0xae3179b50 begins=2124000 live=62 peak=78 draining=0 borrowed=58 pending=57 released=1110 retired=991 mean_uses=615.7 sum=376.6MiB max=15.7MiB
[LIMINA-ALLOC-STATS] pool=0xae3179b50 begins=2124500 live=62 peak=78 draining=0 borrowed=57 pending=58 released=1110 retired=991 mean_uses=615.7 sum=376.6MiB max=15.7MiB
[LIMINA-ALLOC-STATS] pool=0xae7e4db50 begins=15500 live=1 peak=1 draining=0 borrowed=1 pending=0 released=0 retired=0 mean_uses=0.0 sum=9.8MiB max=9.8MiB
[LIMINA-ALLOC-STATS] pool=0xae3179b50 begins=2125000 live=62 peak=78 draining=0 borrowed=57 pending=57 released=1110 retired=991 mean_uses=615.7 sum=376.6MiB max=15.7MiB
[LIMINA-ALLOC-STATS] pool=0xae3179b50 begins=2125500 live=62 peak=78 draining=0 borrowed=58 pending=57 released=1110 retired=991 mean_uses=615.7 sum=376.6MiB max=15.7MiB
[LIMINA-ALLOC-STATS] pool=0xae3179b50 begins=2126000 live=62 peak=78 draining=0 borrowed=57 pending=57 released=1110 retired=991 mean_uses=615.7 sum=376.6MiB max=15.7MiB
[LIMINA-ALLOC-STATS] pool=0xae3179b50 begins=2126500 live=62 peak=78 draining=0 borrowed=57 pending=57 released=1110 retired=991 mean_uses=615.7 sum=376.6MiB max=15.7MiB
[LIMINA-ALLOC-STATS] pool=0xae3179b50 begins=2127000 live=62 peak=78 draining=0 borrowed=58 pending=57 released=1110 retired=991 mean_uses=615.7 sum=376.6MiB max=15.7MiB
[LIMINA-ALLOC-STATS] pool=0xae3179b50 begins=2127500 live=62 peak=78 draining=0 borrowed=57 pending=56 released=1110 retired=991 mean_uses=615.7 sum=376.6MiB max=15.7MiB
[LIMINA-ALLOC-STATS] pool=0xae7e4db50 begins=16000 live=1 peak=1 draining=0 borrowed=1 pending=0 released=0 retired=0 mean_uses=0.0 sum=9.8MiB max=9.8MiB
[LIMINA-ALLOC-STATS] pool=0xae3179b50 begins=2128000 live=62 peak=78 draining=0 borrowed=56 pending=58 released=1110 retired=991 mean_uses=615.7 sum=376.6MiB max=15.7MiB
[LIMINA-ALLOC-STATS] pool=0xae3179b50 begins=2128500 live=62 peak=78 draining=0 borrowed=60 pending=59 released=1110 retired=991 mean_uses=615.7 sum=376.8MiB max=15.7MiB
[LIMINA-ALLOC-STATS] pool=0xae3179b50 begins=2129000 live=62 peak=78 draining=0 borrowed=58 pending=57 released=1110 retired=991 mean_uses=615.7 sum=376.8MiB max=15.7MiB
[LIMINA-ALLOC-STATS] pool=0xae3179b50 begins=2129500 live=62 peak=78 draining=0 borrowed=55 pending=55 released=1110 retired=991 mean_uses=615.7 sum=376.8MiB max=15.7MiB
[LIMINA-ALLOC-STATS] pool=0xae3179b50 begins=2130000 live=62 peak=78 draining=0 borrowed=57 pending=58 released=1110 retired=991 mean_uses=615.7 sum=376.8MiB max=15.7MiB
[LIMINA-ALLOC-STATS] pool=0xae7e4db50 begins=16500 live=1 peak=1 draining=0 borrowed=1 pending=0 released=0 retired=0 mean_uses=0.0 sum=9.8MiB max=9.8MiB
[LIMINA-ALLOC-STATS] pool=0xae3179b50 begins=2130500 live=62 peak=78 draining=0 borrowed=57 pending=57 released=1110 retired=991 mean_uses=615.7 sum=376.8MiB max=15.7MiB
[LIMINA-ALLOC-STATS] pool=0xae3179b50 begins=2131000 live=62 peak=78 draining=0 borrowed=56 pending=56 released=1110 retired=991 mean_uses=615.7 sum=376.8MiB max=15.7MiB
[LIMINA-ALLOC-POOL] teardown: pool=0xae7e4db50 live=1 peak=1 released=0 ceiling-waits=0 ceiling-fails=0
[LIMINA-ALLOC-STATS] pool=0xae3179b50 begins=2131500 live=62 peak=78 draining=0 borrowed=56 pending=56 released=1110 retired=991 mean_uses=615.7 sum=376.8MiB max=15.7MiB
[2026-10-07T14:29:35.925473Z INFO  krun_devices::virtio::gpu::virtio_gpu] CTX_CREATE ctx=10 init=0x4 name=Some("vkmark\0\0\0\0\0\0\0\0\0\0\0\0\0\0\0\0\0\0\0\0\0\0\0\0\0\0\0\0\0\0\0\0\0\0\0\0\0\0\0\0\0\0\0\0\0\0\0\0\0\0\0\0\0\0\0\0\0\0")
[LIMINA-ALLOC-STATS] pool=0xae3179b50 begins=2132000 live=62 peak=78 draining=0 borrowed=55 pending=55 released=1110 retired=991 mean_uses=615.7 sum=385.9MiB max=15.7MiB
[LIMINA-ALLOC-STATS] pool=0xae3179b50 begins=2132500 live=62 peak=78 draining=0 borrowed=57 pending=57 released=1110 retired=991 mean_uses=615.7 sum=392.5MiB max=15.7MiB
[LIMINA-ALLOC-STATS] pool=0xae3179b50 begins=2133000 live=62 peak=78 draining=0 borrowed=58 pending=59 released=1110 retired=991 mean_uses=615.7 sum=394.3MiB max=15.7MiB
[LIMINA-ALLOC-STATS] pool=0xae3179b50 begins=2133500 live=62 peak=78 draining=0 borrowed=56 pending=55 released=1110 retired=991 mean_uses=615.7 sum=394.5MiB max=15.7MiB
[LIMINA-ALLOC-STATS] pool=0xae3179b50 begins=2134000 live=62 peak=78 draining=0 borrowed=58 pending=60 released=1110 retired=991 mean_uses=615.7 sum=394.5MiB max=15.7MiB
[LIMINA-ALLOC-STATS] pool=0xae3179b50 begins=2134500 live=62 peak=78 draining=0 borrowed=58 pending=58 released=1110 retired=991 mean_uses=615.7 sum=394.6MiB max=15.7MiB
[LIMINA-ALLOC-STATS] pool=0xae7e4db50 begins=500 live=1 peak=1 draining=0 borrowed=1 pending=0 released=0 retired=0 mean_uses=0.0 sum=9.8MiB max=9.8MiB
[LIMINA-ALLOC-STATS] pool=0xae3179b50 begins=2135000 live=62 peak=78 draining=0 borrowed=58 pending=57 released=1110 retired=991 mean_uses=615.7 sum=394.8MiB max=15.7MiB
[LIMINA-ALLOC-STATS] pool=0xae3179b50 begins=2135500 live=62 peak=78 draining=0 borrowed=55 pending=55 released=1110 retired=991 mean_uses=615.7 sum=394.8MiB max=15.7MiB
[LIMINA-ALLOC-STATS] pool=0xae3179b50 begins=2136000 live=62 peak=78 draining=0 borrowed=55 pending=57 released=1110 retired=991 mean_uses=615.7 sum=394.8MiB max=15.7MiB
[LIMINA-ALLOC-STATS] pool=0xae3179b50 begins=2136500 live=62 peak=78 draining=0 borrowed=57 pending=57 released=1110 retired=991 mean_uses=615.7 sum=394.8MiB max=15.7MiB
[LIMINA-ALLOC-STATS] pool=0xae7e4db50 begins=1000 live=1 peak=1 draining=0 borrowed=1 pending=1 released=0 retired=0 mean_uses=0.0 sum=9.8MiB max=9.8MiB
[LIMINA-ALLOC-STATS] pool=0xae3179b50 begins=2137000 live=62 peak=78 draining=0 borrowed=54 pending=54 released=1110 retired=991 mean_uses=615.7 sum=394.9MiB max=15.7MiB
[LIMINA-ALLOC-STATS] pool=0xae3179b50 begins=2137500 live=62 peak=78 draining=0 borrowed=58 pending=57 released=1110 retired=991 mean_uses=615.7 sum=394.9MiB max=15.7MiB
[LIMINA-ALLOC-STATS] pool=0xae3179b50 begins=2138000 live=62 peak=78 draining=0 borrowed=56 pending=57 released=1110 retired=991 mean_uses=615.7 sum=394.9MiB max=15.7MiB
[LIMINA-ALLOC-STATS] pool=0xae3179b50 begins=2138500 live=62 peak=78 draining=0 borrowed=56 pending=56 released=1110 retired=991 mean_uses=615.7 sum=394.9MiB max=15.7MiB
[LIMINA-ALLOC-STATS] pool=0xae3179b50 begins=2139000 live=62 peak=78 draining=0 borrowed=57 pending=56 released=1110 retired=991 mean_uses=615.7 sum=394.9MiB max=15.7MiB
[LIMINA-ALLOC-STATS] pool=0xae3179b50 begins=2139500 live=62 peak=78 draining=0 borrowed=58 pending=57 released=1110 retired=991 mean_uses=615.7 sum=394.9MiB max=15.7MiB
[LIMINA-ALLOC-STATS] pool=0xae7e4db50 begins=1500 live=1 peak=1 draining=0 borrowed=1 pending=0 released=0 retired=0 mean_uses=0.0 sum=9.8MiB max=9.8MiB
[LIMINA-ALLOC-STATS] pool=0xae3179b50 begins=2140000 live=62 peak=78 draining=0 borrowed=56 pending=55 released=1110 retired=991 mean_uses=615.7 sum=394.9MiB max=15.7MiB
[LIMINA-ALLOC-STATS] pool=0xae3179b50 begins=2140500 live=62 peak=78 draining=0 borrowed=56 pending=56 released=1110 retired=991 mean_uses=615.7 sum=394.9MiB max=15.7MiB
[LIMINA-ALLOC-STATS] pool=0xae3179b50 begins=2141000 live=62 peak=78 draining=0 borrowed=56 pending=56 released=1110 retired=991 mean_uses=615.7 sum=394.9MiB max=15.7MiB
[LIMINA-ALLOC-STATS] pool=0xae3179b50 begins=2141500 live=62 peak=78 draining=0 borrowed=56 pending=58 released=1110 retired=991 mean_uses=615.7 sum=394.9MiB max=15.7MiB
[LIMINA-ALLOC-STATS] pool=0xae3179b50 begins=2142000 live=62 peak=78 draining=0 borrowed=58 pending=58 released=1110 retired=991 mean_uses=615.7 sum=394.9MiB max=15.7MiB
[LIMINA-ALLOC-STATS] pool=0xae7e4db50 begins=2000 live=1 peak=1 draining=0 borrowed=1 pending=0 released=0 retired=0 mean_uses=0.0 sum=9.8MiB max=9.8MiB
[LIMINA-ALLOC-STATS] pool=0xae3179b50 begins=2142500 live=62 peak=78 draining=0 borrowed=57 pending=57 released=1110 retired=991 mean_uses=615.7 sum=394.9MiB max=15.7MiB
[LIMINA-ALLOC-STATS] pool=0xae3179b50 begins=2143000 live=63 peak=78 draining=0 borrowed=56 pending=56 released=1110 retired=991 mean_uses=615.7 sum=397.4MiB max=15.7MiB
[LIMINA-ALLOC-STATS] pool=0xae3179b50 begins=2143500 live=63 peak=78 draining=0 borrowed=57 pending=57 released=1110 retired=991 mean_uses=615.7 sum=400.1MiB max=15.7MiB
[LIMINA-ALLOC-STATS] pool=0xae3179b50 begins=2144000 live=63 peak=78 draining=0 borrowed=56 pending=56 released=1110 retired=991 mean_uses=615.7 sum=400.2MiB max=15.7MiB
[LIMINA-ALLOC-STATS] pool=0xae7e4db50 begins=2500 live=1 peak=1 draining=0 borrowed=1 pending=1 released=0 retired=0 mean_uses=0.0 sum=9.8MiB max=9.8MiB
[LIMINA-ALLOC-STATS] pool=0xae3179b50 begins=2144500 live=63 peak=78 draining=0 borrowed=56 pending=55 released=1110 retired=991 mean_uses=615.7 sum=400.2MiB max=15.7MiB
[LIMINA-ALLOC-STATS] pool=0xae3179b50 begins=2145000 live=63 peak=78 draining=0 borrowed=58 pending=58 released=1110 retired=991 mean_uses=615.7 sum=400.3MiB max=15.7MiB
[LIMINA-ALLOC-STATS] pool=0xae3179b50 begins=2145500 live=63 peak=78 draining=0 borrowed=58 pending=57 released=1110 retired=991 mean_uses=615.7 sum=400.4MiB max=15.7MiB
[LIMINA-ALLOC-STATS] pool=0xae3179b50 begins=2146000 live=63 peak=78 draining=0 borrowed=55 pending=55 released=1110 retired=991 mean_uses=615.7 sum=400.4MiB max=15.7MiB
[LIMINA-ALLOC-STATS] pool=0xae3179b50 begins=2146500 live=63 peak=78 draining=0 borrowed=57 pending=58 released=1110 retired=991 mean_uses=615.7 sum=400.4MiB max=15.7MiB
[LIMINA-ALLOC-STATS] pool=0xae3179b50 begins=2147000 live=63 peak=78 draining=0 borrowed=57 pending=56 released=1110 retired=991 mean_uses=615.7 sum=400.4MiB max=15.7MiB
[LIMINA-ALLOC-STATS] pool=0xae7e4db50 begins=3000 live=1 peak=1 draining=0 borrowed=1 pending=1 released=0 retired=0 mean_uses=0.0 sum=9.8MiB max=9.8MiB
[LIMINA-ALLOC-STATS] pool=0xae3179b50 begins=2147500 live=63 peak=78 draining=0 borrowed=58 pending=58 released=1110 retired=991 mean_uses=615.7 sum=400.4MiB max=15.7MiB
[LIMINA-ALLOC-STATS] pool=0xae3179b50 begins=2148000 live=63 peak=78 draining=0 borrowed=58 pending=57 released=1110 retired=991 mean_uses=615.7 sum=400.4MiB max=15.7MiB
[LIMINA-ALLOC-STATS] pool=0xae3179b50 begins=2148500 live=63 peak=78 draining=0 borrowed=56 pending=57 released=1110 retired=991 mean_uses=615.7 sum=400.4MiB max=15.7MiB
[LIMINA-ALLOC-STATS] pool=0xae3179b50 begins=2149000 live=63 peak=78 draining=0 borrowed=56 pending=55 released=1110 retired=991 mean_uses=615.7 sum=400.4MiB max=15.7MiB
[LIMINA-ALLOC-STATS] pool=0xae3179b50 begins=2149500 live=63 peak=78 draining=0 borrowed=57 pending=57 released=1110 retired=991 mean_uses=615.7 sum=400.4MiB max=15.7MiB
[LIMINA-ALLOC-STATS] pool=0xae7e4db50 begins=3500 live=1 peak=1 draining=0 borrowed=1 pending=0 released=0 retired=0 mean_uses=0.0 sum=9.8MiB max=9.8MiB
[LIMINA-ALLOC-STATS] pool=0xae3179b50 begins=2150000 live=63 peak=78 draining=0 borrowed=57 pending=60 released=1110 retired=991 mean_uses=615.7 sum=400.4MiB max=15.7MiB
[LIMINA-ALLOC-STATS] pool=0xae3179b50 begins=2150500 live=63 peak=78 draining=0 borrowed=55 pending=55 released=1110 retired=991 mean_uses=615.7 sum=400.5MiB max=15.7MiB
[LIMINA-ALLOC-STATS] pool=0xae3179b50 begins=2151000 live=63 peak=78 draining=0 borrowed=62 pending=61 released=1110 retired=991 mean_uses=615.7 sum=400.5MiB max=15.7MiB
[LIMINA-ALLOC-STATS] pool=0xae3179b50 begins=2151500 live=63 peak=78 draining=0 borrowed=57 pending=56 released=1110 retired=991 mean_uses=615.7 sum=402.6MiB max=15.7MiB
[LIMINA-ALLOC-STATS] pool=0xae3179b50 begins=2152000 live=63 peak=78 draining=0 borrowed=57 pending=56 released=1110 retired=991 mean_uses=615.7 sum=402.6MiB max=15.7MiB
[LIMINA-ALLOC-STATS] pool=0xae7e4db50 begins=4000 live=1 peak=1 draining=0 borrowed=1 pending=0 released=0 retired=0 mean_uses=0.0 sum=9.8MiB max=9.8MiB
[LIMINA-ALLOC-STATS] pool=0xae3179b50 begins=2152500 live=63 peak=78 draining=0 borrowed=57 pending=56 released=1110 retired=991 mean_uses=615.7 sum=402.7MiB max=15.7MiB
[LIMINA-ALLOC-STATS] pool=0xae3179b50 begins=2153000 live=63 peak=78 draining=0 borrowed=56 pending=57 released=1110 retired=991 mean_uses=615.7 sum=402.7MiB max=15.7MiB
[LIMINA-ALLOC-STATS] pool=0xae3179b50 begins=2153500 live=63 peak=78 draining=0 borrowed=55 pending=55 released=1110 retired=991 mean_uses=615.7 sum=402.8MiB max=15.7MiB
[LIMINA-ALLOC-STATS] pool=0xae3179b50 begins=2154000 live=63 peak=78 draining=0 borrowed=59 pending=59 released=1110 retired=991 mean_uses=615.7 sum=402.8MiB max=15.7MiB
[LIMINA-ALLOC-STATS] pool=0xae3179b50 begins=2154500 live=63 peak=78 draining=0 borrowed=56 pending=56 released=1110 retired=991 mean_uses=615.7 sum=402.8MiB max=15.7MiB
[LIMINA-ALLOC-STATS] pool=0xae7e4db50 begins=4500 live=1 peak=1 draining=0 borrowed=1 pending=0 released=0 retired=0 mean_uses=0.0 sum=9.8MiB max=9.8MiB
[LIMINA-ALLOC-STATS] pool=0xae3179b50 begins=2155000 live=63 peak=78 draining=0 borrowed=56 pending=56 released=1110 retired=991 mean_uses=615.7 sum=402.8MiB max=15.7MiB
[LIMINA-ALLOC-STATS] pool=0xae3179b50 begins=2155500 live=63 peak=78 draining=0 borrowed=59 pending=58 released=1111 retired=991 mean_uses=615.7 sum=393.1MiB max=15.6MiB
[LIMINA-ALLOC-STATS] pool=0xae3179b50 begins=2156000 live=63 peak=78 draining=0 borrowed=56 pending=57 released=1111 retired=991 mean_uses=615.7 sum=393.4MiB max=15.6MiB
[LIMINA-ALLOC-STATS] pool=0xae3179b50 begins=2156500 live=63 peak=78 draining=0 borrowed=56 pending=56 released=1111 retired=991 mean_uses=615.7 sum=393.4MiB max=15.6MiB
[LIMINA-ALLOC-STATS] pool=0xae3179b50 begins=2157000 live=63 peak=78 draining=0 borrowed=59 pending=58 released=1111 retired=991 mean_uses=615.7 sum=393.4MiB max=15.6MiB
[LIMINA-ALLOC-STATS] pool=0xae7e4db50 begins=5000 live=1 peak=1 draining=0 borrowed=1 pending=0 released=0 retired=0 mean_uses=0.0 sum=9.8MiB max=9.8MiB
[LIMINA-ALLOC-STATS] pool=0xae3179b50 begins=2157500 live=63 peak=78 draining=0 borrowed=57 pending=56 released=1111 retired=991 mean_uses=615.7 sum=394.7MiB max=15.6MiB
[LIMINA-ALLOC-STATS] pool=0xae3179b50 begins=2158000 live=63 peak=78 draining=0 borrowed=56 pending=55 released=1111 retired=991 mean_uses=615.7 sum=394.7MiB max=15.6MiB
[LIMINA-ALLOC-STATS] pool=0xae3179b50 begins=2158500 live=63 peak=78 draining=0 borrowed=57 pending=57 released=1111 retired=991 mean_uses=615.7 sum=394.7MiB max=15.6MiB
[LIMINA-ALLOC-STATS] pool=0xae3179b50 begins=2159000 live=63 peak=78 draining=0 borrowed=59 pending=58 released=1111 retired=991 mean_uses=615.7 sum=394.7MiB max=15.6MiB
[LIMINA-ALLOC-STATS] pool=0xae3179b50 begins=2159500 live=63 peak=78 draining=0 borrowed=55 pending=54 released=1111 retired=991 mean_uses=615.7 sum=394.7MiB max=15.6MiB
[LIMINA-ALLOC-STATS] pool=0xae7e4db50 begins=5500 live=1 peak=1 draining=0 borrowed=1 pending=0 released=0 retired=0 mean_uses=0.0 sum=9.8MiB max=9.8MiB
[LIMINA-ALLOC-STATS] pool=0xae3179b50 begins=2160000 live=63 peak=78 draining=0 borrowed=57 pending=57 released=1111 retired=991 mean_uses=615.7 sum=394.7MiB max=15.6MiB
[LIMINA-ALLOC-STATS] pool=0xae3179b50 begins=2160500 live=63 peak=78 draining=0 borrowed=57 pending=56 released=1111 retired=991 mean_uses=615.7 sum=394.7MiB max=15.6MiB
[LIMINA-ALLOC-STATS] pool=0xae3179b50 begins=2161000 live=63 peak=78 draining=0 borrowed=57 pending=56 released=1111 retired=991 mean_uses=615.7 sum=394.8MiB max=15.6MiB
[LIMINA-ALLOC-STATS] pool=0xae3179b50 begins=2161500 live=63 peak=78 draining=0 borrowed=59 pending=59 released=1111 retired=991 mean_uses=615.7 sum=394.8MiB max=15.6MiB
[LIMINA-ALLOC-STATS] pool=0xae3179b50 begins=2162000 live=63 peak=78 draining=0 borrowed=57 pending=56 released=1111 retired=991 mean_uses=615.7 sum=394.8MiB max=15.6MiB
[LIMINA-ALLOC-STATS] pool=0xae7e4db50 begins=6000 live=1 peak=1 draining=0 borrowed=1 pending=1 released=0 retired=0 mean_uses=0.0 sum=9.8MiB max=9.8MiB
[LIMINA-ALLOC-STATS] pool=0xae3179b50 begins=2162500 live=63 peak=78 draining=0 borrowed=57 pending=57 released=1111 retired=991 mean_uses=615.7 sum=394.8MiB max=15.6MiB
[LIMINA-ALLOC-STATS] pool=0xae3179b50 begins=2163000 live=63 peak=78 draining=0 borrowed=57 pending=57 released=1111 retired=991 mean_uses=615.7 sum=394.8MiB max=15.6MiB
[LIMINA-ALLOC-STATS] pool=0xae3179b50 begins=2163500 live=63 peak=78 draining=0 borrowed=59 pending=60 released=1111 retired=991 mean_uses=615.7 sum=394.8MiB max=15.6MiB
[LIMINA-ALLOC-STATS] pool=0xae3179b50 begins=2164000 live=63 peak=78 draining=0 borrowed=59 pending=58 released=1111 retired=991 mean_uses=615.7 sum=394.8MiB max=15.6MiB
[LIMINA-ALLOC-STATS] pool=0xae3179b50 begins=2164500 live=63 peak=78 draining=0 borrowed=57 pending=58 released=1111 retired=991 mean_uses=615.7 sum=394.8MiB max=15.6MiB
[LIMINA-ALLOC-STATS] pool=0xae3179b50 begins=2165000 live=63 peak=78 draining=0 borrowed=58 pending=59 released=1111 retired=991 mean_uses=615.7 sum=394.8MiB max=15.6MiB
[LIMINA-ALLOC-STATS] pool=0xae7e4db50 begins=6500 live=1 peak=1 draining=0 borrowed=1 pending=0 released=0 retired=0 mean_uses=0.0 sum=9.8MiB max=9.8MiB
[LIMINA-ALLOC-STATS] pool=0xae3179b50 begins=2165500 live=63 peak=78 draining=0 borrowed=56 pending=56 released=1111 retired=991 mean_uses=615.7 sum=394.8MiB max=15.6MiB
[LIMINA-ALLOC-STATS] pool=0xae3179b50 begins=2166000 live=63 peak=78 draining=0 borrowed=57 pending=57 released=1111 retired=991 mean_uses=615.7 sum=394.8MiB max=15.6MiB
[LIMINA-ALLOC-STATS] pool=0xae3179b50 begins=2166500 live=63 peak=78 draining=0 borrowed=58 pending=61 released=1111 retired=991 mean_uses=615.7 sum=394.9MiB max=15.6MiB
[LIMINA-ALLOC-STATS] pool=0xae3179b50 begins=2167000 live=63 peak=78 draining=0 borrowed=56 pending=56 released=1111 retired=991 mean_uses=615.7 sum=394.9MiB max=15.6MiB
[LIMINA-ALLOC-STATS] pool=0xae7e4db50 begins=7000 live=1 peak=1 draining=0 borrowed=1 pending=0 released=0 retired=0 mean_uses=0.0 sum=9.8MiB max=9.8MiB
[LIMINA-ALLOC-STATS] pool=0xae3179b50 begins=2167500 live=62 peak=78 draining=0 borrowed=57 pending=57 released=1112 retired=991 mean_uses=615.7 sum=384.5MiB max=15.6MiB
[LIMINA-ALLOC-STATS] pool=0xae3179b50 begins=2168000 live=61 peak=78 draining=0 borrowed=57 pending=60 released=1113 retired=991 mean_uses=615.7 sum=371.1MiB max=15.6MiB
[LIMINA-ALLOC-STATS] pool=0xae3179b50 begins=2168500 live=61 peak=78 draining=0 borrowed=56 pending=56 released=1113 retired=991 mean_uses=615.7 sum=371.1MiB max=15.6MiB
[LIMINA-ALLOC-STATS] pool=0xae3179b50 begins=2169000 live=61 peak=78 draining=0 borrowed=58 pending=57 released=1113 retired=991 mean_uses=615.7 sum=371.1MiB max=15.6MiB
[LIMINA-ALLOC-STATS] pool=0xae3179b50 begins=2169500 live=61 peak=78 draining=0 borrowed=57 pending=57 released=1113 retired=991 mean_uses=615.7 sum=371.1MiB max=15.6MiB
[LIMINA-ALLOC-STATS] pool=0xae3179b50 begins=2170000 live=61 peak=78 draining=0 borrowed=57 pending=56 released=1113 retired=991 mean_uses=615.7 sum=371.7MiB max=15.6MiB
[LIMINA-ALLOC-STATS] pool=0xae7e4db50 begins=7500 live=1 peak=1 draining=0 borrowed=1 pending=0 released=0 retired=0 mean_uses=0.0 sum=9.8MiB max=9.8MiB
[LIMINA-ALLOC-STATS] pool=0xae3179b50 begins=2170500 live=62 peak=78 draining=0 borrowed=58 pending=58 released=1113 retired=991 mean_uses=615.7 sum=371.8MiB max=15.6MiB
[LIMINA-ALLOC-STATS] pool=0xae3179b50 begins=2171000 live=62 peak=78 draining=0 borrowed=57 pending=60 released=1113 retired=991 mean_uses=615.7 sum=374.8MiB max=15.6MiB
[LIMINA-ALLOC-STATS] pool=0xae3181b50 begins=19500 live=1 peak=1 draining=0 borrowed=1 pending=0 released=0 retired=0 mean_uses=0.0 sum=4.9MiB max=4.9MiB
[LIMINA-ALLOC-STATS] pool=0xae3179b50 begins=2171500 live=62 peak=78 draining=0 borrowed=54 pending=53 released=1113 retired=991 mean_uses=615.7 sum=374.8MiB max=15.6MiB
[LIMINA-ALLOC-STATS] pool=0xae317db50 begins=19500 live=1 peak=1 draining=0 borrowed=1 pending=0 released=0 retired=0 mean_uses=0.0 sum=4.9MiB max=4.9MiB
[LIMINA-ALLOC-STATS] pool=0xae3179b50 begins=2172000 live=62 peak=78 draining=0 borrowed=57 pending=58 released=1113 retired=991 mean_uses=615.7 sum=374.9MiB max=15.6MiB
[LIMINA-ALLOC-STATS] pool=0xae3179b50 begins=2172500 live=62 peak=78 draining=0 borrowed=58 pending=57 released=1113 retired=991 mean_uses=615.7 sum=374.9MiB max=15.6MiB
[LIMINA-ALLOC-STATS] pool=0xae7e4db50 begins=8000 live=1 peak=1 draining=0 borrowed=1 pending=0 released=0 retired=0 mean_uses=0.0 sum=9.8MiB max=9.8MiB
[LIMINA-ALLOC-STATS] pool=0xae3179b50 begins=2173000 live=62 peak=78 draining=0 borrowed=56 pending=55 released=1113 retired=991 mean_uses=615.7 sum=377.1MiB max=15.6MiB
[LIMINA-ALLOC-STATS] pool=0xae3179b50 begins=2173500 live=62 peak=78 draining=0 borrowed=58 pending=58 released=1113 retired=991 mean_uses=615.7 sum=377.2MiB max=15.6MiB
[LIMINA-ALLOC-STATS] pool=0xae3179b50 begins=2174000 live=63 peak=78 draining=0 borrowed=57 pending=58 released=1113 retired=991 mean_uses=615.7 sum=379.8MiB max=15.6MiB
[LIMINA-ALLOC-STATS] pool=0xae3179b50 begins=2174500 live=63 peak=78 draining=0 borrowed=55 pending=55 released=1113 retired=991 mean_uses=615.7 sum=381.9MiB max=15.6MiB
[LIMINA-ALLOC-STATS] pool=0xae3179b50 begins=2175000 live=63 peak=78 draining=0 borrowed=57 pending=56 released=1113 retired=991 mean_uses=615.7 sum=381.9MiB max=15.6MiB
[LIMINA-ALLOC-STATS] pool=0xae7e4db50 begins=8500 live=1 peak=1 draining=0 borrowed=1 pending=0 released=0 retired=0 mean_uses=0.0 sum=9.8MiB max=9.8MiB
[LIMINA-ALLOC-STATS] pool=0xae3179b50 begins=2175500 live=63 peak=78 draining=0 borrowed=57 pending=56 released=1113 retired=991 mean_uses=615.7 sum=382.2MiB max=15.6MiB
[LIMINA-ALLOC-STATS] pool=0xae3179b50 begins=2176000 live=63 peak=78 draining=0 borrowed=56 pending=55 released=1113 retired=991 mean_uses=615.7 sum=382.2MiB max=15.6MiB
[LIMINA-ALLOC-STATS] pool=0xae3179b50 begins=2176500 live=63 peak=78 draining=0 borrowed=59 pending=58 released=1113 retired=991 mean_uses=615.7 sum=384.3MiB max=15.6MiB
[LIMINA-ALLOC-STATS] pool=0xae3179b50 begins=2177000 live=63 peak=78 draining=0 borrowed=58 pending=59 released=1113 retired=991 mean_uses=615.7 sum=384.5MiB max=15.6MiB
[LIMINA-ALLOC-STATS] pool=0xae3179b50 begins=2177500 live=63 peak=78 draining=0 borrowed=55 pending=55 released=1113 retired=991 mean_uses=615.7 sum=385.3MiB max=15.6MiB
[LIMINA-ALLOC-STATS] pool=0xae7e4db50 begins=9000 live=1 peak=1 draining=0 borrowed=1 pending=0 released=0 retired=0 mean_uses=0.0 sum=9.8MiB max=9.8MiB
[LIMINA-ALLOC-STATS] pool=0xae3179b50 begins=2178000 live=63 peak=78 draining=0 borrowed=58 pending=57 released=1113 retired=991 mean_uses=615.7 sum=385.3MiB max=15.6MiB
[LIMINA-ALLOC-STATS] pool=0xae3179b50 begins=2178500 live=63 peak=78 draining=0 borrowed=57 pending=56 released=1113 retired=991 mean_uses=615.7 sum=385.3MiB max=15.6MiB
[LIMINA-ALLOC-STATS] pool=0xae3179b50 begins=2179000 live=63 peak=78 draining=0 borrowed=56 pending=55 released=1113 retired=991 mean_uses=615.7 sum=385.3MiB max=15.6MiB
[LIMINA-ALLOC-STATS] pool=0xae3179b50 begins=2179500 live=63 peak=78 draining=0 borrowed=57 pending=59 released=1113 retired=991 mean_uses=615.7 sum=385.3MiB max=15.6MiB
[LIMINA-ALLOC-STATS] pool=0xae3179b50 begins=2180000 live=63 peak=78 draining=0 borrowed=56 pending=55 released=1113 retired=991 mean_uses=615.7 sum=387.5MiB max=15.6MiB
[LIMINA-ALLOC-STATS] pool=0xae7e4db50 begins=9500 live=1 peak=1 draining=0 borrowed=1 pending=0 released=0 retired=0 mean_uses=0.0 sum=9.8MiB max=9.8MiB
[LIMINA-ALLOC-STATS] pool=0xae3179b50 begins=2180500 live=63 peak=78 draining=0 borrowed=57 pending=57 released=1113 retired=991 mean_uses=615.7 sum=387.5MiB max=15.6MiB
[LIMINA-ALLOC-STATS] pool=0xae3179b50 begins=2181000 live=63 peak=78 draining=0 borrowed=57 pending=56 released=1113 retired=991 mean_uses=615.7 sum=387.5MiB max=15.6MiB
[LIMINA-ALLOC-STATS] pool=0xae3179b50 begins=2181500 live=63 peak=78 draining=0 borrowed=57 pending=56 released=1113 retired=991 mean_uses=615.7 sum=387.5MiB max=15.6MiB
[LIMINA-ALLOC-STATS] pool=0xae3179b50 begins=2182000 live=63 peak=78 draining=0 borrowed=55 pending=56 released=1113 retired=991 mean_uses=615.7 sum=387.5MiB max=15.6MiB
[LIMINA-ALLOC-STATS] pool=0xae3179b50 begins=2182500 live=63 peak=78 draining=0 borrowed=58 pending=58 released=1113 retired=991 mean_uses=615.7 sum=387.5MiB max=15.6MiB
[LIMINA-ALLOC-STATS] pool=0xae7e4db50 begins=10000 live=1 peak=1 draining=0 borrowed=1 pending=1 released=0 retired=0 mean_uses=0.0 sum=9.8MiB max=9.8MiB
[LIMINA-ALLOC-STATS] pool=0xae3179b50 begins=2183000 live=63 peak=78 draining=0 borrowed=57 pending=56 released=1113 retired=991 mean_uses=615.7 sum=387.5MiB max=15.6MiB
[LIMINA-ALLOC-STATS] pool=0xae3179b50 begins=2183500 live=63 peak=78 draining=0 borrowed=56 pending=55 released=1113 retired=991 mean_uses=615.7 sum=387.5MiB max=15.6MiB
[LIMINA-ALLOC-STATS] pool=0xae3179b50 begins=2184000 live=63 peak=78 draining=0 borrowed=56 pending=56 released=1113 retired=991 mean_uses=615.7 sum=387.6MiB max=15.6MiB
[LIMINA-ALLOC-STATS] pool=0xae3179b50 begins=2184500 live=63 peak=78 draining=0 borrowed=58 pending=58 released=1113 retired=991 mean_uses=615.7 sum=387.6MiB max=15.6MiB
[LIMINA-ALLOC-STATS] pool=0xae3179b50 begins=2185000 live=63 peak=78 draining=0 borrowed=55 pending=55 released=1113 retired=991 mean_uses=615.7 sum=387.6MiB max=15.6MiB
[LIMINA-ALLOC-STATS] pool=0xae7e4db50 begins=10500 live=1 peak=1 draining=0 borrowed=1 pending=0 released=0 retired=0 mean_uses=0.0 sum=9.8MiB max=9.8MiB
[LIMINA-ALLOC-STATS] pool=0xae3179b50 begins=2185500 live=62 peak=78 draining=0 borrowed=57 pending=57 released=1114 retired=991 mean_uses=615.7 sum=376.0MiB max=15.6MiB
[LIMINA-ALLOC-STATS] pool=0xae3179b50 begins=2186000 live=62 peak=78 draining=0 borrowed=56 pending=57 released=1114 retired=991 mean_uses=615.7 sum=376.0MiB max=15.6MiB
[LIMINA-ALLOC-STATS] pool=0xae3179b50 begins=2186500 live=62 peak=78 draining=0 borrowed=56 pending=56 released=1114 retired=991 mean_uses=615.7 sum=376.0MiB max=15.6MiB
[LIMINA-ALLOC-STATS] pool=0xae3179b50 begins=2187000 live=62 peak=78 draining=0 borrowed=58 pending=57 released=1114 retired=991 mean_uses=615.7 sum=376.0MiB max=15.6MiB
[LIMINA-ALLOC-STATS] pool=0xae3179b50 begins=2187500 live=62 peak=78 draining=0 borrowed=59 pending=59 released=1114 retired=991 mean_uses=615.7 sum=376.0MiB max=15.6MiB
[LIMINA-ALLOC-STATS] pool=0xae7e4db50 begins=11000 live=1 peak=1 draining=0 borrowed=1 pending=0 released=0 retired=0 mean_uses=0.0 sum=9.8MiB max=9.8MiB
[LIMINA-ALLOC-STATS] pool=0xae3179b50 begins=2188000 live=62 peak=78 draining=0 borrowed=56 pending=55 released=1114 retired=991 mean_uses=615.7 sum=376.0MiB max=15.6MiB
[LIMINA-ALLOC-STATS] pool=0xae3179b50 begins=2188500 live=62 peak=78 draining=0 borrowed=59 pending=62 released=1114 retired=991 mean_uses=615.7 sum=376.0MiB max=15.6MiB
[LIMINA-ALLOC-STATS] pool=0xae3179b50 begins=2189000 live=62 peak=78 draining=0 borrowed=56 pending=56 released=1114 retired=991 mean_uses=615.7 sum=376.0MiB max=15.6MiB
[LIMINA-ALLOC-STATS] pool=0xae3179b50 begins=2189500 live=62 peak=78 draining=0 borrowed=56 pending=55 released=1114 retired=991 mean_uses=615.7 sum=376.0MiB max=15.6MiB
[LIMINA-ALLOC-STATS] pool=0xae3179b50 begins=2190000 live=62 peak=78 draining=0 borrowed=56 pending=56 released=1114 retired=991 mean_uses=615.7 sum=376.0MiB max=15.6MiB
[LIMINA-ALLOC-STATS] pool=0xae7e4db50 begins=11500 live=1 peak=1 draining=0 borrowed=1 pending=0 released=0 retired=0 mean_uses=0.0 sum=9.8MiB max=9.8MiB
[LIMINA-ALLOC-STATS] pool=0xae3179b50 begins=2190500 live=62 peak=78 draining=0 borrowed=57 pending=57 released=1114 retired=991 mean_uses=615.7 sum=376.0MiB max=15.6MiB
[LIMINA-ALLOC-STATS] pool=0xae3179b50 begins=2191000 live=62 peak=78 draining=0 borrowed=57 pending=58 released=1114 retired=991 mean_uses=615.7 sum=376.0MiB max=15.6MiB
[LIMINA-ALLOC-STATS] pool=0xae3179b50 begins=2191500 live=62 peak=78 draining=0 borrowed=57 pending=56 released=1114 retired=991 mean_uses=615.7 sum=376.1MiB max=15.6MiB
[LIMINA-ALLOC-STATS] pool=0xae3179b50 begins=2192000 live=62 peak=78 draining=0 borrowed=57 pending=57 released=1114 retired=991 mean_uses=615.7 sum=376.1MiB max=15.6MiB
[LIMINA-ALLOC-STATS] pool=0xae3179b50 begins=2192500 live=62 peak=78 draining=0 borrowed=57 pending=56 released=1114 retired=991 mean_uses=615.7 sum=376.1MiB max=15.6MiB
[LIMINA-ALLOC-STATS] pool=0xae7e4db50 begins=12000 live=1 peak=1 draining=0 borrowed=1 pending=0 released=0 retired=0 mean_uses=0.0 sum=9.8MiB max=9.8MiB
[LIMINA-ALLOC-STATS] pool=0xae3179b50 begins=2193000 live=62 peak=78 draining=0 borrowed=58 pending=57 released=1114 retired=991 mean_uses=615.7 sum=376.1MiB max=15.6MiB
[LIMINA-ALLOC-STATS] pool=0xae3179b50 begins=2193500 live=62 peak=78 draining=0 borrowed=56 pending=56 released=1114 retired=991 mean_uses=615.7 sum=376.1MiB max=15.6MiB
[LIMINA-ALLOC-STATS] pool=0xae3179b50 begins=2194000 live=62 peak=78 draining=0 borrowed=56 pending=55 released=1114 retired=991 mean_uses=615.7 sum=376.1MiB max=15.6MiB
[LIMINA-ALLOC-STATS] pool=0xae3179b50 begins=2194500 live=62 peak=78 draining=0 borrowed=59 pending=59 released=1114 retired=991 mean_uses=615.7 sum=376.1MiB max=15.6MiB
[LIMINA-ALLOC-STATS] pool=0xae3179b50 begins=2195000 live=62 peak=78 draining=0 borrowed=57 pending=57 released=1114 retired=991 mean_uses=615.7 sum=376.1MiB max=15.6MiB
[LIMINA-ALLOC-STATS] pool=0xae3179b50 begins=2195500 live=62 peak=78 draining=0 borrowed=55 pending=55 released=1114 retired=991 mean_uses=615.7 sum=376.2MiB max=15.6MiB
[LIMINA-ALLOC-STATS] pool=0xae7e4db50 begins=12500 live=1 peak=1 draining=0 borrowed=1 pending=0 released=0 retired=0 mean_uses=0.0 sum=9.8MiB max=9.8MiB
[LIMINA-ALLOC-STATS] pool=0xae3179b50 begins=2196000 live=62 peak=78 draining=0 borrowed=58 pending=57 released=1114 retired=991 mean_uses=615.7 sum=376.2MiB max=15.6MiB
[LIMINA-ALLOC-STATS] pool=0xae3179b50 begins=2196500 live=62 peak=78 draining=0 borrowed=57 pending=58 released=1114 retired=991 mean_uses=615.7 sum=376.3MiB max=15.6MiB
[LIMINA-ALLOC-STATS] pool=0xae3179b50 begins=2197000 live=62 peak=78 draining=0 borrowed=58 pending=60 released=1114 retired=991 mean_uses=615.7 sum=376.3MiB max=15.6MiB
[LIMINA-ALLOC-STATS] pool=0xae3179b50 begins=2197500 live=62 peak=78 draining=0 borrowed=58 pending=57 released=1114 retired=991 mean_uses=615.7 sum=376.3MiB max=15.6MiB
[LIMINA-ALLOC-STATS] pool=0xae3179b50 begins=2198000 live=62 peak=78 draining=0 borrowed=56 pending=56 released=1114 retired=991 mean_uses=615.7 sum=376.3MiB max=15.6MiB
[LIMINA-ALLOC-STATS] pool=0xae7e4db50 begins=13000 live=1 peak=1 draining=0 borrowed=1 pending=0 released=0 retired=0 mean_uses=0.0 sum=9.8MiB max=9.8MiB
[LIMINA-ALLOC-STATS] pool=0xae3179b50 begins=2198500 live=62 peak=78 draining=0 borrowed=55 pending=55 released=1114 retired=991 mean_uses=615.7 sum=376.3MiB max=15.6MiB
[LIMINA-ALLOC-STATS] pool=0xae3179b50 begins=2199000 live=62 peak=78 draining=0 borrowed=59 pending=58 released=1114 retired=991 mean_uses=615.7 sum=376.3MiB max=15.6MiB
[LIMINA-ALLOC-STATS] pool=0xae3179b50 begins=2199500 live=62 peak=78 draining=0 borrowed=56 pending=55 released=1114 retired=991 mean_uses=615.7 sum=376.3MiB max=15.6MiB
[LIMINA-ALLOC-STATS] pool=0xae3179b50 begins=2200000 live=62 peak=78 draining=0 borrowed=57 pending=56 released=1114 retired=991 mean_uses=615.7 sum=376.3MiB max=15.6MiB
[LIMINA-ALLOC-STATS] pool=0xae3179b50 begins=2200500 live=62 peak=78 draining=0 borrowed=57 pending=56 released=1114 retired=991 mean_uses=615.7 sum=376.4MiB max=15.6MiB
[LIMINA-ALLOC-STATS] pool=0xae7e4db50 begins=13500 live=1 peak=1 draining=0 borrowed=1 pending=0 released=0 retired=0 mean_uses=0.0 sum=9.8MiB max=9.8MiB
[LIMINA-ALLOC-STATS] pool=0xae3179b50 begins=2201000 live=62 peak=78 draining=0 borrowed=58 pending=60 released=1114 retired=991 mean_uses=615.7 sum=376.4MiB max=15.6MiB
[LIMINA-ALLOC-STATS] pool=0xae3179b50 begins=2201500 live=62 peak=78 draining=0 borrowed=56 pending=57 released=1114 retired=991 mean_uses=615.7 sum=376.4MiB max=15.6MiB
[LIMINA-ALLOC-STATS] pool=0xae3179b50 begins=2202000 live=62 peak=78 draining=0 borrowed=58 pending=57 released=1114 retired=991 mean_uses=615.7 sum=376.4MiB max=15.6MiB
[LIMINA-ALLOC-STATS] pool=0xae3179b50 begins=2202500 live=62 peak=78 draining=0 borrowed=57 pending=56 released=1114 retired=991 mean_uses=615.7 sum=376.4MiB max=15.6MiB
[LIMINA-ALLOC-STATS] pool=0xae3179b50 begins=2203000 live=62 peak=78 draining=0 borrowed=55 pending=55 released=1114 retired=991 mean_uses=615.7 sum=376.4MiB max=15.6MiB
[LIMINA-ALLOC-STATS] pool=0xae7e4db50 begins=14000 live=1 peak=1 draining=0 borrowed=1 pending=0 released=0 retired=0 mean_uses=0.0 sum=9.8MiB max=9.8MiB
[LIMINA-ALLOC-STATS] pool=0xae3179b50 begins=2203500 live=62 peak=78 draining=0 borrowed=58 pending=57 released=1114 retired=991 mean_uses=615.7 sum=376.4MiB max=15.6MiB
[LIMINA-ALLOC-STATS] pool=0xae3179b50 begins=2204000 live=62 peak=78 draining=0 borrowed=56 pending=55 released=1114 retired=991 mean_uses=615.7 sum=376.4MiB max=15.6MiB
[LIMINA-ALLOC-STATS] pool=0xae3179b50 begins=2204500 live=61 peak=78 draining=0 borrowed=54 pending=53 released=1115 retired=992 mean_uses=647.1 sum=360.9MiB max=15.6MiB
[LIMINA-ALLOC-STATS] pool=0xae3179b50 begins=2205000 live=61 peak=78 draining=0 borrowed=57 pending=58 released=1115 retired=992 mean_uses=647.1 sum=360.9MiB max=15.6MiB
[LIMINA-ALLOC-STATS] pool=0xae3179b50 begins=2205500 live=61 peak=78 draining=0 borrowed=59 pending=59 released=1115 retired=992 mean_uses=647.1 sum=360.9MiB max=15.6MiB
[LIMINA-ALLOC-STATS] pool=0xae7e4db50 begins=14500 live=1 peak=1 draining=0 borrowed=1 pending=0 released=0 retired=0 mean_uses=0.0 sum=9.8MiB max=9.8MiB
[LIMINA-ALLOC-STATS] pool=0xae3179b50 begins=2206000 live=61 peak=78 draining=0 borrowed=55 pending=55 released=1115 retired=992 mean_uses=647.1 sum=360.9MiB max=15.6MiB
[LIMINA-ALLOC-STATS] pool=0xae3179b50 begins=2206500 live=61 peak=78 draining=0 borrowed=58 pending=57 released=1115 retired=992 mean_uses=647.1 sum=360.9MiB max=15.6MiB
[LIMINA-ALLOC-STATS] pool=0xae3179b50 begins=2207000 live=61 peak=78 draining=0 borrowed=56 pending=56 released=1115 retired=992 mean_uses=647.1 sum=360.9MiB max=15.6MiB
[LIMINA-ALLOC-STATS] pool=0xae3179b50 begins=2207500 live=61 peak=78 draining=0 borrowed=57 pending=57 released=1115 retired=992 mean_uses=647.1 sum=360.9MiB max=15.6MiB
[LIMINA-ALLOC-STATS] pool=0xae3179b50 begins=2208000 live=61 peak=78 draining=0 borrowed=58 pending=58 released=1115 retired=992 mean_uses=647.1 sum=360.9MiB max=15.6MiB
[LIMINA-ALLOC-STATS] pool=0xae7e4db50 begins=15000 live=1 peak=1 draining=0 borrowed=1 pending=1 released=0 retired=0 mean_uses=0.0 sum=9.8MiB max=9.8MiB
[LIMINA-ALLOC-STATS] pool=0xae3179b50 begins=2208500 live=61 peak=78 draining=0 borrowed=57 pending=56 released=1115 retired=992 mean_uses=647.1 sum=360.9MiB max=15.6MiB
[LIMINA-ALLOC-STATS] pool=0xae3179b50 begins=2209000 live=61 peak=78 draining=0 borrowed=55 pending=55 released=1115 retired=992 mean_uses=647.1 sum=360.9MiB max=15.6MiB
[LIMINA-ALLOC-STATS] pool=0xae3179b50 begins=2209500 live=61 peak=78 draining=0 borrowed=58 pending=57 released=1115 retired=992 mean_uses=647.1 sum=360.9MiB max=15.6MiB
[LIMINA-ALLOC-STATS] pool=0xae3179b50 begins=2210000 live=61 peak=78 draining=0 borrowed=56 pending=56 released=1115 retired=992 mean_uses=647.1 sum=360.9MiB max=15.6MiB
[LIMINA-ALLOC-STATS] pool=0xae3179b50 begins=2210500 live=61 peak=78 draining=0 borrowed=54 pending=54 released=1115 retired=992 mean_uses=647.1 sum=360.9MiB max=15.6MiB
[LIMINA-ALLOC-STATS] pool=0xae7e4db50 begins=15500 live=1 peak=1 draining=0 borrowed=1 pending=1 released=0 retired=0 mean_uses=0.0 sum=9.8MiB max=9.8MiB
[LIMINA-ALLOC-STATS] pool=0xae3179b50 begins=2211000 live=61 peak=78 draining=0 borrowed=56 pending=56 released=1115 retired=992 mean_uses=647.1 sum=360.9MiB max=15.6MiB
[LIMINA-ALLOC-STATS] pool=0xae3179b50 begins=2211500 live=61 peak=78 draining=0 borrowed=57 pending=56 released=1115 retired=992 mean_uses=647.1 sum=360.9MiB max=15.6MiB
[LIMINA-ALLOC-STATS] pool=0xae3179b50 begins=2212000 live=61 peak=78 draining=0 borrowed=55 pending=55 released=1115 retired=992 mean_uses=647.1 sum=360.9MiB max=15.6MiB
[LIMINA-ALLOC-STATS] pool=0xae3179b50 begins=2212500 live=61 peak=78 draining=0 borrowed=59 pending=58 released=1115 retired=992 mean_uses=647.1 sum=360.9MiB max=15.6MiB
[LIMINA-ALLOC-STATS] pool=0xae3179b50 begins=2213000 live=61 peak=78 draining=0 borrowed=56 pending=58 released=1115 retired=992 mean_uses=647.1 sum=360.9MiB max=15.6MiB
[LIMINA-ALLOC-STATS] pool=0xae7e4db50 begins=16000 live=1 peak=1 draining=0 borrowed=1 pending=0 released=0 retired=0 mean_uses=0.0 sum=9.8MiB max=9.8MiB
[LIMINA-ALLOC-STATS] pool=0xae3179b50 begins=2213500 live=61 peak=78 draining=0 borrowed=54 pending=54 released=1115 retired=992 mean_uses=647.1 sum=360.9MiB max=15.6MiB
[LIMINA-ALLOC-STATS] pool=0xae3179b50 begins=2214000 live=61 peak=78 draining=0 borrowed=58 pending=58 released=1115 retired=992 mean_uses=647.1 sum=360.9MiB max=15.6MiB
[LIMINA-ALLOC-STATS] pool=0xae3179b50 begins=2214500 live=61 peak=78 draining=0 borrowed=57 pending=56 released=1115 retired=992 mean_uses=647.1 sum=360.9MiB max=15.6MiB
[LIMINA-ALLOC-STATS] pool=0xae3179b50 begins=2215000 live=61 peak=78 draining=0 borrowed=56 pending=57 released=1115 retired=992 mean_uses=647.1 sum=362.8MiB max=15.6MiB
[LIMINA-ALLOC-STATS] pool=0xae3179b50 begins=2215500 live=61 peak=78 draining=0 borrowed=57 pending=56 released=1115 retired=992 mean_uses=647.1 sum=362.9MiB max=15.6MiB
[LIMINA-ALLOC-STATS] pool=0xae3179b50 begins=2216000 live=61 peak=78 draining=0 borrowed=56 pending=56 released=1115 retired=992 mean_uses=647.1 sum=362.9MiB max=15.6MiB
[LIMINA-ALLOC-STATS] pool=0xae7e4db50 begins=16500 live=1 peak=1 draining=0 borrowed=1 pending=0 released=0 retired=0 mean_uses=0.0 sum=9.8MiB max=9.8MiB
[LIMINA-ALLOC-STATS] pool=0xae3179b50 begins=2216500 live=61 peak=78 draining=0 borrowed=55 pending=55 released=1115 retired=992 mean_uses=647.1 sum=362.9MiB max=15.6MiB
[LIMINA-ALLOC-STATS] pool=0xae3179b50 begins=2217000 live=61 peak=78 draining=0 borrowed=59 pending=58 released=1115 retired=992 mean_uses=647.1 sum=362.9MiB max=15.6MiB
[LIMINA-ALLOC-STATS] pool=0xae3179b50 begins=2217500 live=61 peak=78 draining=0 borrowed=56 pending=60 released=1115 retired=992 mean_uses=647.1 sum=362.9MiB max=15.6MiB
[LIMINA-ALLOC-STATS] pool=0xae3179b50 begins=2218000 live=61 peak=78 draining=0 borrowed=56 pending=55 released=1115 retired=992 mean_uses=647.1 sum=362.9MiB max=15.6MiB
[LIMINA-ALLOC-STATS] pool=0xae3179b50 begins=2218500 live=61 peak=78 draining=0 borrowed=58 pending=57 released=1115 retired=992 mean_uses=647.1 sum=362.9MiB max=15.6MiB
[LIMINA-ALLOC-STATS] pool=0xae7e4db50 begins=17000 live=1 peak=1 draining=0 borrowed=1 pending=0 released=0 retired=0 mean_uses=0.0 sum=9.8MiB max=9.8MiB
[LIMINA-ALLOC-STATS] pool=0xae3179b50 begins=2219000 live=61 peak=78 draining=0 borrowed=58 pending=58 released=1115 retired=992 mean_uses=647.1 sum=362.9MiB max=15.6MiB
[LIMINA-ALLOC-STATS] pool=0xae3179b50 begins=2219500 live=62 peak=78 draining=0 borrowed=56 pending=55 released=1115 retired=992 mean_uses=647.1 sum=365.6MiB max=15.6MiB
[LIMINA-ALLOC-STATS] pool=0xae3179b50 begins=2220000 live=62 peak=78 draining=0 borrowed=59 pending=58 released=1115 retired=992 mean_uses=647.1 sum=365.7MiB max=15.6MiB
[LIMINA-ALLOC-STATS] pool=0xae3179b50 begins=2220500 live=62 peak=78 draining=0 borrowed=57 pending=59 released=1115 retired=992 mean_uses=647.1 sum=365.7MiB max=15.6MiB
[LIMINA-ALLOC-STATS] pool=0xae3179b50 begins=2221000 live=62 peak=78 draining=0 borrowed=55 pending=55 released=1115 retired=992 mean_uses=647.1 sum=365.7MiB max=15.6MiB
[LIMINA-ALLOC-STATS] pool=0xae7e4db50 begins=17500 live=1 peak=1 draining=0 borrowed=1 pending=0 released=0 retired=0 mean_uses=0.0 sum=9.8MiB max=9.8MiB
[LIMINA-ALLOC-STATS] pool=0xae3179b50 begins=2221500 live=63 peak=78 draining=0 borrowed=60 pending=60 released=1115 retired=992 mean_uses=647.1 sum=368.4MiB max=15.6MiB
[LIMINA-ALLOC-STATS] pool=0xae3179b50 begins=2222000 live=63 peak=78 draining=0 borrowed=56 pending=56 released=1115 retired=992 mean_uses=647.1 sum=370.9MiB max=15.6MiB
[LIMINA-ALLOC-STATS] pool=0xae3179b50 begins=2222500 live=63 peak=78 draining=0 borrowed=57 pending=60 released=1115 retired=992 mean_uses=647.1 sum=371.1MiB max=15.6MiB
[LIMINA-ALLOC-STATS] pool=0xae3179b50 begins=2223000 live=63 peak=78 draining=0 borrowed=59 pending=58 released=1115 retired=992 mean_uses=647.1 sum=371.4MiB max=15.6MiB
[LIMINA-ALLOC-POOL] teardown: pool=0xae7e4db50 live=1 peak=1 released=0 ceiling-waits=0 ceiling-fails=0
[2026-10-07T14:29:51.035665Z INFO  krun_devices::virtio::gpu::virtio_gpu] CTX_CREATE ctx=10 init=0x4 name=Some("vkmark\0\0\0\0\0\0\0\0\0\0\0\0\0\0\0\0\0\0\0\0\0\0\0\0\0\0\0\0\0\0\0\0\0\0\0\0\0\0\0\0\0\0\0\0\0\0\0\0\0\0\0\0\0\0\0\0\0\0")
[LIMINA-ALLOC-STATS] pool=0xae3181b50 begins=20000 live=1 peak=1 draining=0 borrowed=1 pending=0 released=0 retired=0 mean_uses=0.0 sum=4.9MiB max=4.9MiB
[LIMINA-ALLOC-STATS] pool=0xae317db50 begins=20000 live=1 peak=1 draining=0 borrowed=1 pending=0 released=0 retired=0 mean_uses=0.0 sum=4.9MiB max=4.9MiB
[LIMINA-ALLOC-STATS] pool=0xae3179b50 begins=2223500 live=63 peak=78 draining=0 borrowed=60 pending=60 released=1115 retired=992 mean_uses=647.1 sum=373.7MiB max=15.6MiB
[LIMINA-ALLOC-STATS] pool=0xae3179b50 begins=2224000 live=64 peak=78 draining=0 borrowed=56 pending=57 released=1115 retired=992 mean_uses=647.1 sum=383.9MiB max=15.6MiB
[LIMINA-ALLOC-STATS] pool=0xae3179b50 begins=2224500 live=64 peak=78 draining=0 borrowed=59 pending=59 released=1115 retired=992 mean_uses=647.1 sum=384.1MiB max=15.6MiB
[LIMINA-ALLOC-STATS] pool=0xae3179b50 begins=2225000 live=64 peak=78 draining=0 borrowed=57 pending=57 released=1115 retired=992 mean_uses=647.1 sum=384.1MiB max=15.6MiB
[LIMINA-ALLOC-STATS] pool=0xae3179b50 begins=2225500 live=64 peak=78 draining=0 borrowed=56 pending=55 released=1115 retired=992 mean_uses=647.1 sum=384.1MiB max=15.6MiB
[LIMINA-ALLOC-STATS] pool=0xae3179b50 begins=2226000 live=64 peak=78 draining=0 borrowed=57 pending=57 released=1115 retired=992 mean_uses=647.1 sum=384.8MiB max=15.6MiB
[LIMINA-ALLOC-STATS] pool=0xae7e4db50 begins=500 live=1 peak=1 draining=0 borrowed=1 pending=0 released=0 retired=0 mean_uses=0.0 sum=9.8MiB max=9.8MiB
[LIMINA-ALLOC-STATS] pool=0xae3179b50 begins=2226500 live=64 peak=78 draining=0 borrowed=58 pending=58 released=1115 retired=992 mean_uses=647.1 sum=384.8MiB max=15.6MiB
[LIMINA-ALLOC-STATS] pool=0xae3179b50 begins=2227000 live=64 peak=78 draining=0 borrowed=55 pending=54 released=1115 retired=992 mean_uses=647.1 sum=384.8MiB max=15.6MiB
[LIMINA-ALLOC-STATS] pool=0xae3179b50 begins=2227500 live=64 peak=78 draining=0 borrowed=58 pending=57 released=1115 retired=992 mean_uses=647.1 sum=386.9MiB max=15.6MiB
[LIMINA-ALLOC-STATS] pool=0xae3179b50 begins=2228000 live=64 peak=78 draining=0 borrowed=56 pending=56 released=1115 retired=992 mean_uses=647.1 sum=387.0MiB max=15.6MiB
[LIMINA-ALLOC-STATS] pool=0xae3179b50 begins=2228500 live=64 peak=78 draining=0 borrowed=57 pending=57 released=1115 retired=992 mean_uses=647.1 sum=387.0MiB max=15.6MiB
[LIMINA-ALLOC-STATS] pool=0xae7e4db50 begins=1000 live=1 peak=1 draining=0 borrowed=1 pending=1 released=0 retired=0 mean_uses=0.0 sum=9.8MiB max=9.8MiB
[LIMINA-ALLOC-STATS] pool=0xae3179b50 begins=2229000 live=64 peak=78 draining=0 borrowed=59 pending=61 released=1115 retired=992 mean_uses=647.1 sum=387.0MiB max=15.6MiB
[LIMINA-ALLOC-STATS] pool=0xae3179b50 begins=2229500 live=64 peak=78 draining=0 borrowed=56 pending=55 released=1115 retired=992 mean_uses=647.1 sum=387.0MiB max=15.6MiB
[LIMINA-ALLOC-STATS] pool=0xae3179b50 begins=2230000 live=64 peak=78 draining=0 borrowed=56 pending=56 released=1115 retired=992 mean_uses=647.1 sum=387.1MiB max=15.6MiB
[LIMINA-ALLOC-STATS] pool=0xae3179b50 begins=2230500 live=64 peak=78 draining=0 borrowed=60 pending=60 released=1115 retired=992 mean_uses=647.1 sum=387.1MiB max=15.6MiB
[LIMINA-ALLOC-STATS] pool=0xae7e4db50 begins=1500 live=1 peak=1 draining=0 borrowed=1 pending=0 released=0 retired=0 mean_uses=0.0 sum=9.8MiB max=9.8MiB
[LIMINA-ALLOC-STATS] pool=0xae3179b50 begins=2231000 live=64 peak=78 draining=0 borrowed=57 pending=56 released=1115 retired=992 mean_uses=647.1 sum=387.1MiB max=15.6MiB
[LIMINA-ALLOC-STATS] pool=0xae3179b50 begins=2231500 live=64 peak=78 draining=0 borrowed=55 pending=54 released=1115 retired=992 mean_uses=647.1 sum=387.1MiB max=15.6MiB
[LIMINA-ALLOC-STATS] pool=0xae3179b50 begins=2232000 live=64 peak=78 draining=0 borrowed=57 pending=57 released=1115 retired=992 mean_uses=647.1 sum=387.1MiB max=15.6MiB
[LIMINA-ALLOC-STATS] pool=0xae3179b50 begins=2232500 live=64 peak=78 draining=0 borrowed=57 pending=57 released=1115 retired=992 mean_uses=647.1 sum=387.1MiB max=15.6MiB
[LIMINA-ALLOC-STATS] pool=0xae3179b50 begins=2233000 live=64 peak=78 draining=0 borrowed=56 pending=56 released=1115 retired=992 mean_uses=647.1 sum=387.1MiB max=15.6MiB
[LIMINA-ALLOC-STATS] pool=0xae3179b50 begins=2233500 live=64 peak=78 draining=0 borrowed=58 pending=57 released=1115 retired=992 mean_uses=647.1 sum=387.1MiB max=15.6MiB
[LIMINA-ALLOC-STATS] pool=0xae7e4db50 begins=2000 live=1 peak=1 draining=0 borrowed=1 pending=1 released=0 retired=0 mean_uses=0.0 sum=9.8MiB max=9.8MiB
[LIMINA-ALLOC-STATS] pool=0xae3179b50 begins=2234000 live=64 peak=78 draining=0 borrowed=57 pending=56 released=1115 retired=992 mean_uses=647.1 sum=387.1MiB max=15.6MiB
[LIMINA-ALLOC-STATS] pool=0xae3179b50 begins=2234500 live=64 peak=78 draining=0 borrowed=56 pending=56 released=1115 retired=992 mean_uses=647.1 sum=387.1MiB max=15.6MiB
[LIMINA-ALLOC-STATS] pool=0xae3179b50 begins=2235000 live=64 peak=78 draining=0 borrowed=58 pending=58 released=1115 retired=992 mean_uses=647.1 sum=387.1MiB max=15.6MiB
[LIMINA-ALLOC-STATS] pool=0xae3179b50 begins=2235500 live=64 peak=78 draining=0 borrowed=57 pending=56 released=1115 retired=992 mean_uses=647.1 sum=387.1MiB max=15.6MiB
[LIMINA-ALLOC-STATS] pool=0xae3179b50 begins=2236000 live=64 peak=78 draining=0 borrowed=55 pending=55 released=1115 retired=992 mean_uses=647.1 sum=387.1MiB max=15.6MiB
[LIMINA-ALLOC-STATS] pool=0xae7e4db50 begins=2500 live=1 peak=1 draining=0 borrowed=1 pending=0 released=0 retired=0 mean_uses=0.0 sum=9.8MiB max=9.8MiB
[LIMINA-ALLOC-STATS] pool=0xae3179b50 begins=2236500 live=64 peak=78 draining=0 borrowed=58 pending=57 released=1115 retired=992 mean_uses=647.1 sum=387.1MiB max=15.6MiB
[LIMINA-ALLOC-STATS] pool=0xae3179b50 begins=2237000 live=64 peak=78 draining=0 borrowed=55 pending=54 released=1115 retired=992 mean_uses=647.1 sum=387.1MiB max=15.6MiB
[LIMINA-ALLOC-STATS] pool=0xae3179b50 begins=2237500 live=62 peak=78 draining=0 borrowed=57 pending=58 released=1117 retired=992 mean_uses=647.1 sum=367.2MiB max=15.6MiB
[LIMINA-ALLOC-STATS] pool=0xae3179b50 begins=2238000 live=62 peak=78 draining=0 borrowed=59 pending=58 released=1117 retired=992 mean_uses=647.1 sum=367.2MiB max=15.6MiB
[LIMINA-ALLOC-STATS] pool=0xae3179b50 begins=2238500 live=62 peak=78 draining=0 borrowed=59 pending=58 released=1117 retired=992 mean_uses=647.1 sum=367.2MiB max=15.6MiB
[LIMINA-ALLOC-STATS] pool=0xae7e4db50 begins=3000 live=1 peak=1 draining=0 borrowed=1 pending=0 released=0 retired=0 mean_uses=0.0 sum=9.8MiB max=9.8MiB
[LIMINA-ALLOC-STATS] pool=0xae3179b50 begins=2239000 live=62 peak=78 draining=0 borrowed=58 pending=57 released=1117 retired=992 mean_uses=647.1 sum=367.2MiB max=15.6MiB
[LIMINA-ALLOC-STATS] pool=0xae3179b50 begins=2239500 live=62 peak=78 draining=0 borrowed=59 pending=58 released=1117 retired=992 mean_uses=647.1 sum=367.2MiB max=15.6MiB
[LIMINA-ALLOC-STATS] pool=0xae3179b50 begins=2240000 live=62 peak=78 draining=0 borrowed=57 pending=56 released=1117 retired=992 mean_uses=647.1 sum=367.2MiB max=15.6MiB
[LIMINA-ALLOC-STATS] pool=0xae3179b50 begins=2240500 live=62 peak=78 draining=0 borrowed=57 pending=62 released=1117 retired=992 mean_uses=647.1 sum=367.2MiB max=15.6MiB
[LIMINA-ALLOC-STATS] pool=0xae3179b50 begins=2241000 live=62 peak=78 draining=0 borrowed=59 pending=59 released=1117 retired=992 mean_uses=647.1 sum=367.2MiB max=15.6MiB
[LIMINA-ALLOC-STATS] pool=0xae7e4db50 begins=3500 live=1 peak=1 draining=0 borrowed=1 pending=1 released=0 retired=0 mean_uses=0.0 sum=9.8MiB max=9.8MiB
[LIMINA-ALLOC-STATS] pool=0xae3179b50 begins=2241500 live=62 peak=78 draining=0 borrowed=57 pending=57 released=1117 retired=992 mean_uses=647.1 sum=367.2MiB max=15.6MiB
[LIMINA-ALLOC-STATS] pool=0xae3179b50 begins=2242000 live=62 peak=78 draining=0 borrowed=56 pending=58 released=1117 retired=992 mean_uses=647.1 sum=367.2MiB max=15.6MiB
[LIMINA-ALLOC-STATS] pool=0xae3179b50 begins=2242500 live=62 peak=78 draining=0 borrowed=58 pending=60 released=1117 retired=992 mean_uses=647.1 sum=367.2MiB max=15.6MiB
[LIMINA-ALLOC-STATS] pool=0xae3179b50 begins=2243000 live=62 peak=78 draining=0 borrowed=57 pending=56 released=1117 retired=992 mean_uses=647.1 sum=367.2MiB max=15.6MiB
[LIMINA-ALLOC-STATS] pool=0xae3179b50 begins=2243500 live=63 peak=78 draining=0 borrowed=56 pending=56 released=1117 retired=992 mean_uses=647.1 sum=372.1MiB max=15.6MiB
[LIMINA-ALLOC-STATS] pool=0xae7e4db50 begins=4000 live=1 peak=1 draining=0 borrowed=1 pending=0 released=0 retired=0 mean_uses=0.0 sum=9.8MiB max=9.8MiB
[LIMINA-ALLOC-STATS] pool=0xae3179b50 begins=2244000 live=63 peak=78 draining=0 borrowed=57 pending=56 released=1117 retired=992 mean_uses=647.1 sum=372.8MiB max=15.6MiB
[LIMINA-ALLOC-STATS] pool=0xae3179b50 begins=2244500 live=63 peak=78 draining=0 borrowed=57 pending=56 released=1117 retired=992 mean_uses=647.1 sum=372.8MiB max=15.6MiB
[LIMINA-ALLOC-STATS] pool=0xae3179b50 begins=2245000 live=63 peak=78 draining=0 borrowed=55 pending=55 released=1117 retired=992 mean_uses=647.1 sum=372.8MiB max=15.6MiB
[LIMINA-ALLOC-STATS] pool=0xae3179b50 begins=2245500 live=63 peak=78 draining=0 borrowed=58 pending=59 released=1117 retired=992 mean_uses=647.1 sum=374.9MiB max=15.6MiB
[LIMINA-ALLOC-STATS] pool=0xae3179b50 begins=2246000 live=63 peak=78 draining=0 borrowed=57 pending=59 released=1117 retired=992 mean_uses=647.1 sum=374.9MiB max=15.6MiB
[LIMINA-ALLOC-STATS] pool=0xae3179b50 begins=2246500 live=63 peak=78 draining=0 borrowed=55 pending=55 released=1117 retired=992 mean_uses=647.1 sum=374.9MiB max=15.6MiB
[LIMINA-ALLOC-STATS] pool=0xae7e4db50 begins=4500 live=1 peak=1 draining=0 borrowed=1 pending=0 released=0 retired=0 mean_uses=0.0 sum=9.8MiB max=9.8MiB
[LIMINA-ALLOC-STATS] pool=0xae3179b50 begins=2247000 live=63 peak=78 draining=0 borrowed=56 pending=56 released=1117 retired=992 mean_uses=647.1 sum=374.9MiB max=15.6MiB
[LIMINA-ALLOC-STATS] pool=0xae3179b50 begins=2247500 live=63 peak=78 draining=0 borrowed=57 pending=56 released=1117 retired=992 mean_uses=647.1 sum=374.9MiB max=15.6MiB
[LIMINA-ALLOC-STATS] pool=0xae3179b50 begins=2248000 live=63 peak=78 draining=0 borrowed=55 pending=54 released=1117 retired=992 mean_uses=647.1 sum=374.9MiB max=15.6MiB
[LIMINA-ALLOC-STATS] pool=0xae3179b50 begins=2248500 live=63 peak=78 draining=0 borrowed=58 pending=58 released=1117 retired=992 mean_uses=647.1 sum=374.9MiB max=15.6MiB
[LIMINA-ALLOC-STATS] pool=0xae3179b50 begins=2249000 live=63 peak=78 draining=0 borrowed=57 pending=57 released=1117 retired=992 mean_uses=647.1 sum=374.9MiB max=15.6MiB
[LIMINA-ALLOC-STATS] pool=0xae7e4db50 begins=5000 live=1 peak=1 draining=0 borrowed=1 pending=0 released=0 retired=0 mean_uses=0.0 sum=9.8MiB max=9.8MiB
[LIMINA-ALLOC-STATS] pool=0xae3179b50 begins=2249500 live=63 peak=78 draining=0 borrowed=55 pending=55 released=1117 retired=992 mean_uses=647.1 sum=374.9MiB max=15.6MiB
[LIMINA-ALLOC-STATS] pool=0xae3179b50 begins=2250000 live=63 peak=78 draining=0 borrowed=59 pending=58 released=1117 retired=992 mean_uses=647.1 sum=374.9MiB max=15.6MiB
[LIMINA-ALLOC-STATS] pool=0xae3179b50 begins=2250500 live=63 peak=78 draining=0 borrowed=57 pending=56 released=1117 retired=992 mean_uses=647.1 sum=375.1MiB max=15.6MiB
[LIMINA-ALLOC-STATS] pool=0xae3179b50 begins=2251000 live=63 peak=78 draining=0 borrowed=56 pending=55 released=1117 retired=992 mean_uses=647.1 sum=375.1MiB max=15.6MiB
[LIMINA-ALLOC-STATS] pool=0xae3179b50 begins=2251500 live=63 peak=78 draining=0 borrowed=57 pending=56 released=1117 retired=992 mean_uses=647.1 sum=375.2MiB max=15.6MiB
[LIMINA-ALLOC-STATS] pool=0xae3179b50 begins=2252000 live=63 peak=78 draining=0 borrowed=56 pending=55 released=1117 retired=992 mean_uses=647.1 sum=375.2MiB max=15.6MiB
[LIMINA-ALLOC-STATS] pool=0xae7e4db50 begins=5500 live=1 peak=1 draining=0 borrowed=1 pending=1 released=0 retired=0 mean_uses=0.0 sum=9.8MiB max=9.8MiB
[LIMINA-ALLOC-STATS] pool=0xae3179b50 begins=2252500 live=63 peak=78 draining=0 borrowed=55 pending=55 released=1117 retired=992 mean_uses=647.1 sum=375.2MiB max=15.6MiB
[LIMINA-ALLOC-STATS] pool=0xae3179b50 begins=2253000 live=63 peak=78 draining=0 borrowed=57 pending=58 released=1117 retired=992 mean_uses=647.1 sum=375.2MiB max=15.6MiB
[LIMINA-ALLOC-STATS] pool=0xae3179b50 begins=2253500 live=63 peak=78 draining=0 borrowed=57 pending=57 released=1117 retired=992 mean_uses=647.1 sum=376.5MiB max=15.6MiB
[LIMINA-ALLOC-STATS] pool=0xae3179b50 begins=2254000 live=63 peak=78 draining=0 borrowed=57 pending=57 released=1117 retired=992 mean_uses=647.1 sum=376.5MiB max=15.6MiB
[LIMINA-ALLOC-STATS] pool=0xae3179b50 begins=2254500 live=63 peak=78 draining=0 borrowed=58 pending=57 released=1117 retired=992 mean_uses=647.1 sum=376.5MiB max=15.6MiB
[LIMINA-ALLOC-STATS] pool=0xae7e4db50 begins=6000 live=1 peak=1 draining=0 borrowed=1 pending=0 released=0 retired=0 mean_uses=0.0 sum=9.8MiB max=9.8MiB
[LIMINA-ALLOC-STATS] pool=0xae3179b50 begins=2255000 live=63 peak=78 draining=0 borrowed=59 pending=64 released=1117 retired=992 mean_uses=647.1 sum=376.5MiB max=15.6MiB
[LIMINA-ALLOC-STATS] pool=0xae3179b50 begins=2255500 live=63 peak=78 draining=0 borrowed=57 pending=56 released=1117 retired=992 mean_uses=647.1 sum=376.5MiB max=15.6MiB
[LIMINA-ALLOC-STATS] pool=0xae3179b50 begins=2256000 live=63 peak=78 draining=0 borrowed=57 pending=57 released=1117 retired=992 mean_uses=647.1 sum=376.5MiB max=15.6MiB
[LIMINA-ALLOC-STATS] pool=0xae3179b50 begins=2256500 live=63 peak=78 draining=0 borrowed=56 pending=56 released=1117 retired=992 mean_uses=647.1 sum=376.5MiB max=15.6MiB
[LIMINA-ALLOC-STATS] pool=0xae3179b50 begins=2257000 live=63 peak=78 draining=0 borrowed=57 pending=56 released=1117 retired=992 mean_uses=647.1 sum=376.5MiB max=15.6MiB
[LIMINA-ALLOC-STATS] pool=0xae7e4db50 begins=6500 live=1 peak=1 draining=0 borrowed=1 pending=0 released=0 retired=0 mean_uses=0.0 sum=9.8MiB max=9.8MiB
[LIMINA-ALLOC-STATS] pool=0xae3179b50 begins=2257500 live=62 peak=78 draining=0 borrowed=57 pending=57 released=1118 retired=992 mean_uses=647.1 sum=368.0MiB max=15.6MiB
[LIMINA-ALLOC-STATS] pool=0xae3179b50 begins=2258000 live=62 peak=78 draining=0 borrowed=56 pending=57 released=1118 retired=992 mean_uses=647.1 sum=368.0MiB max=15.6MiB
[LIMINA-ALLOC-STATS] pool=0xae3179b50 begins=2258500 live=62 peak=78 draining=0 borrowed=56 pending=55 released=1118 retired=992 mean_uses=647.1 sum=368.0MiB max=15.6MiB
[LIMINA-ALLOC-STATS] pool=0xae3179b50 begins=2259000 live=62 peak=78 draining=0 borrowed=58 pending=58 released=1118 retired=992 mean_uses=647.1 sum=368.0MiB max=15.6MiB
[LIMINA-ALLOC-STATS] pool=0xae3179b50 begins=2259500 live=62 peak=78 draining=0 borrowed=56 pending=56 released=1118 retired=992 mean_uses=647.1 sum=368.0MiB max=15.6MiB
[LIMINA-ALLOC-STATS] pool=0xae3179b50 begins=2260000 live=62 peak=78 draining=0 borrowed=55 pending=54 released=1118 retired=992 mean_uses=647.1 sum=368.0MiB max=15.6MiB
[LIMINA-ALLOC-STATS] pool=0xae7e4db50 begins=7000 live=1 peak=1 draining=0 borrowed=1 pending=1 released=0 retired=0 mean_uses=0.0 sum=9.8MiB max=9.8MiB
[LIMINA-ALLOC-STATS] pool=0xae3179b50 begins=2260500 live=62 peak=78 draining=0 borrowed=60 pending=60 released=1118 retired=992 mean_uses=647.1 sum=368.0MiB max=15.6MiB
[LIMINA-ALLOC-STATS] pool=0xae3179b50 begins=2261000 live=62 peak=78 draining=0 borrowed=57 pending=57 released=1118 retired=992 mean_uses=647.1 sum=368.0MiB max=15.6MiB
[LIMINA-ALLOC-STATS] pool=0xae3179b50 begins=2261500 live=62 peak=78 draining=0 borrowed=58 pending=60 released=1118 retired=992 mean_uses=647.1 sum=368.0MiB max=15.6MiB
[LIMINA-ALLOC-STATS] pool=0xae3179b50 begins=2262000 live=62 peak=78 draining=0 borrowed=58 pending=61 released=1118 retired=992 mean_uses=647.1 sum=368.0MiB max=15.6MiB
[LIMINA-ALLOC-STATS] pool=0xae3179b50 begins=2262500 live=62 peak=78 draining=0 borrowed=58 pending=57 released=1118 retired=992 mean_uses=647.1 sum=368.0MiB max=15.6MiB
[LIMINA-ALLOC-STATS] pool=0xae7e4db50 begins=7500 live=1 peak=1 draining=0 borrowed=1 pending=0 released=0 retired=0 mean_uses=0.0 sum=9.8MiB max=9.8MiB
[LIMINA-ALLOC-STATS] pool=0xae3179b50 begins=2263000 live=62 peak=78 draining=0 borrowed=58 pending=57 released=1118 retired=992 mean_uses=647.1 sum=368.0MiB max=15.6MiB
[LIMINA-ALLOC-STATS] pool=0xae3179b50 begins=2263500 live=62 peak=78 draining=0 borrowed=57 pending=56 released=1118 retired=992 mean_uses=647.1 sum=368.0MiB max=15.6MiB
[LIMINA-ALLOC-STATS] pool=0xae3179b50 begins=2264000 live=62 peak=78 draining=0 borrowed=59 pending=59 released=1118 retired=992 mean_uses=647.1 sum=368.0MiB max=15.6MiB
[LIMINA-ALLOC-STATS] pool=0xae3179b50 begins=2264500 live=62 peak=78 draining=0 borrowed=58 pending=57 released=1118 retired=992 mean_uses=647.1 sum=368.0MiB max=15.6MiB
[LIMINA-ALLOC-STATS] pool=0xae3179b50 begins=2265000 live=61 peak=78 draining=0 borrowed=58 pending=59 released=1119 retired=992 mean_uses=647.1 sum=355.2MiB max=15.6MiB
[LIMINA-ALLOC-STATS] pool=0xae3179b50 begins=2265500 live=61 peak=78 draining=0 borrowed=58 pending=57 released=1119 retired=992 mean_uses=647.1 sum=356.3MiB max=15.6MiB
[LIMINA-ALLOC-STATS] pool=0xae3179b50 begins=2266000 live=61 peak=78 draining=0 borrowed=57 pending=56 released=1119 retired=992 mean_uses=647.1 sum=357.0MiB max=15.6MiB
[LIMINA-ALLOC-STATS] pool=0xae7e4db50 begins=8000 live=1 peak=1 draining=0 borrowed=1 pending=1 released=0 retired=0 mean_uses=0.0 sum=9.8MiB max=9.8MiB
[LIMINA-ALLOC-STATS] pool=0xae3179b50 begins=2266500 live=61 peak=78 draining=0 borrowed=58 pending=58 released=1119 retired=992 mean_uses=647.1 sum=357.1MiB max=15.6MiB
[LIMINA-ALLOC-STATS] pool=0xae3179b50 begins=2267000 live=61 peak=78 draining=0 borrowed=58 pending=57 released=1119 retired=992 mean_uses=647.1 sum=357.1MiB max=15.6MiB
[LIMINA-ALLOC-STATS] pool=0xae3179b50 begins=2267500 live=61 peak=78 draining=0 borrowed=56 pending=55 released=1119 retired=992 mean_uses=647.1 sum=357.2MiB max=15.6MiB
[LIMINA-ALLOC-STATS] pool=0xae3179b50 begins=2268000 live=62 peak=78 draining=0 borrowed=57 pending=58 released=1119 retired=992 mean_uses=647.1 sum=359.7MiB max=15.6MiB
[LIMINA-ALLOC-STATS] pool=0xae3179b50 begins=2268500 live=62 peak=78 draining=0 borrowed=57 pending=57 released=1119 retired=992 mean_uses=647.1 sum=359.8MiB max=15.6MiB
[LIMINA-ALLOC-STATS] pool=0xae3179b50 begins=2269000 live=62 peak=78 draining=0 borrowed=57 pending=57 released=1119 retired=992 mean_uses=647.1 sum=364.4MiB max=15.6MiB
[LIMINA-ALLOC-STATS] pool=0xae3179b50 begins=2269500 live=63 peak=78 draining=0 borrowed=58 pending=57 released=1119 retired=992 mean_uses=647.1 sum=369.6MiB max=15.6MiB
[LIMINA-ALLOC-STATS] pool=0xae3179b50 begins=2270000 live=63 peak=78 draining=0 borrowed=57 pending=57 released=1119 retired=992 mean_uses=647.1 sum=369.9MiB max=15.6MiB
[LIMINA-ALLOC-STATS] pool=0xae7e4db50 begins=8500 live=1 peak=1 draining=0 borrowed=1 pending=0 released=0 retired=0 mean_uses=0.0 sum=9.8MiB max=9.8MiB
[LIMINA-ALLOC-STATS] pool=0xae3179b50 begins=2270500 live=63 peak=78 draining=0 borrowed=55 pending=55 released=1119 retired=992 mean_uses=647.1 sum=369.9MiB max=15.6MiB
[LIMINA-ALLOC-STATS] pool=0xae3179b50 begins=2271000 live=63 peak=78 draining=0 borrowed=58 pending=58 released=1119 retired=992 mean_uses=647.1 sum=369.9MiB max=15.6MiB
[LIMINA-ALLOC-STATS] pool=0xae3179b50 begins=2271500 live=63 peak=78 draining=0 borrowed=57 pending=57 released=1119 retired=992 mean_uses=647.1 sum=369.9MiB max=15.6MiB
[LIMINA-ALLOC-STATS] pool=0xae3179b50 begins=2272000 live=63 peak=78 draining=0 borrowed=56 pending=55 released=1119 retired=992 mean_uses=647.1 sum=369.9MiB max=15.6MiB
[LIMINA-ALLOC-STATS] pool=0xae3179b50 begins=2272500 live=63 peak=78 draining=0 borrowed=58 pending=57 released=1119 retired=992 mean_uses=647.1 sum=369.9MiB max=15.6MiB
[LIMINA-ALLOC-STATS] pool=0xae3179b50 begins=2273000 live=63 peak=78 draining=0 borrowed=58 pending=61 released=1119 retired=992 mean_uses=647.1 sum=369.9MiB max=15.6MiB
[LIMINA-ALLOC-STATS] pool=0xae3181b50 begins=20500 live=1 peak=1 draining=0 borrowed=1 pending=0 released=0 retired=0 mean_uses=0.0 sum=4.9MiB max=4.9MiB
[LIMINA-ALLOC-STATS] pool=0xae317db50 begins=20500 live=1 peak=1 draining=0 borrowed=1 pending=0 released=0 retired=0 mean_uses=0.0 sum=4.9MiB max=4.9MiB
[LIMINA-ALLOC-STATS] pool=0xae3179b50 begins=2273500 live=63 peak=78 draining=0 borrowed=56 pending=55 released=1119 retired=992 mean_uses=647.1 sum=369.9MiB max=15.6MiB
[LIMINA-ALLOC-STATS] pool=0xae7e4db50 begins=9000 live=1 peak=1 draining=0 borrowed=1 pending=0 released=0 retired=0 mean_uses=0.0 sum=9.8MiB max=9.8MiB
[LIMINA-ALLOC-STATS] pool=0xae3179b50 begins=2274000 live=63 peak=78 draining=0 borrowed=59 pending=58 released=1119 retired=992 mean_uses=647.1 sum=369.9MiB max=15.6MiB
[LIMINA-ALLOC-STATS] pool=0xae3179b50 begins=2274500 live=63 peak=78 draining=0 borrowed=59 pending=59 released=1119 retired=992 mean_uses=647.1 sum=370.6MiB max=15.6MiB
[LIMINA-ALLOC-STATS] pool=0xae3179b50 begins=2275000 live=63 peak=78 draining=0 borrowed=56 pending=55 released=1119 retired=992 mean_uses=647.1 sum=370.6MiB max=15.6MiB
[LIMINA-ALLOC-STATS] pool=0xae3179b50 begins=2275500 live=63 peak=78 draining=0 borrowed=58 pending=58 released=1119 retired=992 mean_uses=647.1 sum=370.6MiB max=15.6MiB
[LIMINA-ALLOC-STATS] pool=0xae3179b50 begins=2276000 live=63 peak=78 draining=0 borrowed=56 pending=56 released=1119 retired=992 mean_uses=647.1 sum=370.8MiB max=15.6MiB
[LIMINA-ALLOC-STATS] pool=0xae3179b50 begins=2276500 live=62 peak=78 draining=0 borrowed=57 pending=57 released=1120 retired=992 mean_uses=647.1 sum=361.4MiB max=15.6MiB
[LIMINA-ALLOC-STATS] pool=0xae3179b50 begins=2277000 live=62 peak=78 draining=0 borrowed=59 pending=59 released=1120 retired=992 mean_uses=647.1 sum=361.8MiB max=15.6MiB
[LIMINA-ALLOC-STATS] pool=0xae3179b50 begins=2277500 live=62 peak=78 draining=0 borrowed=57 pending=57 released=1120 retired=992 mean_uses=647.1 sum=362.0MiB max=15.6MiB
[LIMINA-ALLOC-STATS] pool=0xae3179b50 begins=2278000 live=62 peak=78 draining=0 borrowed=59 pending=58 released=1120 retired=992 mean_uses=647.1 sum=362.0MiB max=15.6MiB
[LIMINA-ALLOC-STATS] pool=0xae7e4db50 begins=9500 live=1 peak=1 draining=0 borrowed=1 pending=0 released=0 retired=0 mean_uses=0.0 sum=9.8MiB max=9.8MiB
[LIMINA-ALLOC-STATS] pool=0xae3179b50 begins=2278500 live=62 peak=78 draining=0 borrowed=56 pending=57 released=1120 retired=992 mean_uses=647.1 sum=362.0MiB max=15.6MiB
[LIMINA-ALLOC-STATS] pool=0xae3179b50 begins=2279000 live=62 peak=78 draining=0 borrowed=57 pending=56 released=1120 retired=992 mean_uses=647.1 sum=362.0MiB max=15.6MiB
[LIMINA-ALLOC-STATS] pool=0xae3179b50 begins=2279500 live=62 peak=78 draining=0 borrowed=56 pending=55 released=1120 retired=992 mean_uses=647.1 sum=362.0MiB max=15.6MiB
[LIMINA-ALLOC-STATS] pool=0xae3179b50 begins=2280000 live=62 peak=78 draining=0 borrowed=57 pending=57 released=1120 retired=992 mean_uses=647.1 sum=362.0MiB max=15.6MiB
[LIMINA-ALLOC-STATS] pool=0xae3179b50 begins=2280500 live=63 peak=78 draining=0 borrowed=57 pending=56 released=1120 retired=992 mean_uses=647.1 sum=364.6MiB max=15.6MiB
[LIMINA-ALLOC-STATS] pool=0xae3179b50 begins=2281000 live=63 peak=78 draining=0 borrowed=56 pending=56 released=1120 retired=992 mean_uses=647.1 sum=364.7MiB max=15.6MiB
[LIMINA-ALLOC-STATS] pool=0xae3179b50 begins=2281500 live=63 peak=78 draining=0 borrowed=60 pending=62 released=1120 retired=992 mean_uses=647.1 sum=364.8MiB max=15.6MiB
[LIMINA-ALLOC-STATS] pool=0xae3179b50 begins=2282000 live=63 peak=78 draining=0 borrowed=56 pending=56 released=1120 retired=992 mean_uses=647.1 sum=364.8MiB max=15.6MiB
[LIMINA-ALLOC-STATS] pool=0xae7e4db50 begins=10000 live=1 peak=1 draining=0 borrowed=1 pending=1 released=0 retired=0 mean_uses=0.0 sum=9.8MiB max=9.8MiB
[LIMINA-ALLOC-STATS] pool=0xae3179b50 begins=2282500 live=63 peak=78 draining=0 borrowed=57 pending=56 released=1120 retired=992 mean_uses=647.1 sum=365.7MiB max=15.6MiB
[LIMINA-ALLOC-STATS] pool=0xae3179b50 begins=2283000 live=63 peak=78 draining=0 borrowed=57 pending=56 released=1120 retired=992 mean_uses=647.1 sum=369.9MiB max=15.6MiB
[LIMINA-ALLOC-STATS] pool=0xae3179b50 begins=2283500 live=63 peak=78 draining=0 borrowed=59 pending=62 released=1120 retired=992 mean_uses=647.1 sum=369.9MiB max=15.6MiB
[LIMINA-ALLOC-STATS] pool=0xae3179b50 begins=2284000 live=63 peak=78 draining=0 borrowed=58 pending=60 released=1120 retired=992 mean_uses=647.1 sum=374.4MiB max=15.6MiB
[LIMINA-ALLOC-STATS] pool=0xae3179b50 begins=2284500 live=63 peak=78 draining=0 borrowed=59 pending=65 released=1120 retired=992 mean_uses=647.1 sum=374.8MiB max=15.6MiB
[LIMINA-ALLOC-STATS] pool=0xae3179b50 begins=2285000 live=63 peak=78 draining=0 borrowed=58 pending=57 released=1120 retired=992 mean_uses=647.1 sum=376.8MiB max=15.6MiB
[LIMINA-ALLOC-STATS] pool=0xae3179b50 begins=2285500 live=63 peak=78 draining=0 borrowed=57 pending=58 released=1120 retired=992 mean_uses=647.1 sum=378.9MiB max=15.6MiB
[LIMINA-ALLOC-STATS] pool=0xae7e4db50 begins=10500 live=1 peak=1 draining=0 borrowed=1 pending=0 released=0 retired=0 mean_uses=0.0 sum=9.8MiB max=9.8MiB
[LIMINA-ALLOC-STATS] pool=0xae3179b50 begins=2286000 live=63 peak=78 draining=0 borrowed=60 pending=60 released=1120 retired=992 mean_uses=647.1 sum=378.9MiB max=15.6MiB
[LIMINA-ALLOC-STATS] pool=0xae3179b50 begins=2286500 live=63 peak=78 draining=0 borrowed=57 pending=56 released=1120 retired=992 mean_uses=647.1 sum=379.0MiB max=15.6MiB
[LIMINA-ALLOC-STATS] pool=0xae3179b50 begins=2287000 live=63 peak=78 draining=0 borrowed=55 pending=55 released=1120 retired=992 mean_uses=647.1 sum=379.5MiB max=15.6MiB
[LIMINA-ALLOC-STATS] pool=0xae3179b50 begins=2287500 live=63 peak=78 draining=0 borrowed=57 pending=61 released=1120 retired=992 mean_uses=647.1 sum=379.5MiB max=15.6MiB
[LIMINA-ALLOC-STATS] pool=0xae3179b50 begins=2288000 live=63 peak=78 draining=0 borrowed=59 pending=59 released=1120 retired=992 mean_uses=647.1 sum=379.5MiB max=15.6MiB
[LIMINA-ALLOC-STATS] pool=0xae3179b50 begins=2288500 live=63 peak=78 draining=0 borrowed=55 pending=54 released=1120 retired=992 mean_uses=647.1 sum=379.5MiB max=15.6MiB
[LIMINA-ALLOC-STATS] pool=0xae3179b50 begins=2289000 live=63 peak=78 draining=0 borrowed=60 pending=59 released=1120 retired=992 mean_uses=647.1 sum=380.1MiB max=15.6MiB
[LIMINA-ALLOC-STATS] pool=0xae3179b50 begins=2289500 live=63 peak=78 draining=0 borrowed=59 pending=61 released=1120 retired=992 mean_uses=647.1 sum=380.1MiB max=15.6MiB
[LIMINA-ALLOC-STATS] pool=0xae3179b50 begins=2290000 live=63 peak=78 draining=0 borrowed=58 pending=60 released=1120 retired=992 mean_uses=647.1 sum=380.6MiB max=15.6MiB
[LIMINA-ALLOC-STATS] pool=0xae7e4db50 begins=11000 live=1 peak=1 draining=0 borrowed=1 pending=0 released=0 retired=0 mean_uses=0.0 sum=9.8MiB max=9.8MiB
[LIMINA-ALLOC-STATS] pool=0xae3179b50 begins=2290500 live=63 peak=78 draining=0 borrowed=58 pending=57 released=1120 retired=992 mean_uses=647.1 sum=380.6MiB max=15.6MiB
[LIMINA-ALLOC-STATS] pool=0xae3179b50 begins=2291000 live=63 peak=78 draining=0 borrowed=57 pending=58 released=1120 retired=992 mean_uses=647.1 sum=380.6MiB max=15.6MiB
[LIMINA-ALLOC-STATS] pool=0xae3179b50 begins=2291500 live=63 peak=78 draining=0 borrowed=57 pending=56 released=1120 retired=992 mean_uses=647.1 sum=380.6MiB max=15.6MiB
[LIMINA-ALLOC-STATS] pool=0xae3179b50 begins=2292000 live=63 peak=78 draining=0 borrowed=60 pending=62 released=1120 retired=992 mean_uses=647.1 sum=380.6MiB max=15.6MiB
[LIMINA-ALLOC-STATS] pool=0xae3179b50 begins=2292500 live=63 peak=78 draining=0 borrowed=56 pending=55 released=1120 retired=992 mean_uses=647.1 sum=380.6MiB max=15.6MiB
[LIMINA-ALLOC-STATS] pool=0xae3179b50 begins=2293000 live=63 peak=78 draining=0 borrowed=55 pending=54 released=1120 retired=992 mean_uses=647.1 sum=380.7MiB max=15.6MiB
[LIMINA-ALLOC-STATS] pool=0xae3179b50 begins=2293500 live=63 peak=78 draining=0 borrowed=58 pending=59 released=1120 retired=992 mean_uses=647.1 sum=380.7MiB max=15.6MiB
[LIMINA-ALLOC-STATS] pool=0xae7e4db50 begins=11500 live=1 peak=1 draining=0 borrowed=1 pending=0 released=0 retired=0 mean_uses=0.0 sum=9.8MiB max=9.8MiB
[LIMINA-ALLOC-STATS] pool=0xae3179b50 begins=2294000 live=63 peak=78 draining=0 borrowed=56 pending=57 released=1120 retired=992 mean_uses=647.1 sum=380.7MiB max=15.6MiB
[LIMINA-ALLOC-STATS] pool=0xae3179b50 begins=2294500 live=63 peak=78 draining=0 borrowed=55 pending=54 released=1120 retired=992 mean_uses=647.1 sum=380.7MiB max=15.6MiB
[LIMINA-ALLOC-STATS] pool=0xae3179b50 begins=2295000 live=63 peak=78 draining=0 borrowed=59 pending=58 released=1120 retired=992 mean_uses=647.1 sum=380.7MiB max=15.6MiB
[LIMINA-ALLOC-STATS] pool=0xae3179b50 begins=2295500 live=63 peak=78 draining=0 borrowed=56 pending=55 released=1120 retired=992 mean_uses=647.1 sum=380.7MiB max=15.6MiB
[LIMINA-ALLOC-STATS] pool=0xae3179b50 begins=2296000 live=63 peak=78 draining=0 borrowed=57 pending=59 released=1120 retired=992 mean_uses=647.1 sum=381.3MiB max=15.6MiB
[LIMINA-ALLOC-STATS] pool=0xae3179b50 begins=2296500 live=63 peak=78 draining=0 borrowed=57 pending=56 released=1120 retired=992 mean_uses=647.1 sum=381.3MiB max=15.6MiB
[LIMINA-ALLOC-STATS] pool=0xae3179b50 begins=2297000 live=63 peak=78 draining=0 borrowed=57 pending=56 released=1120 retired=992 mean_uses=647.1 sum=381.3MiB max=15.6MiB
[LIMINA-ALLOC-STATS] pool=0xae7e4db50 begins=12000 live=1 peak=1 draining=0 borrowed=1 pending=0 released=0 retired=0 mean_uses=0.0 sum=9.8MiB max=9.8MiB
[LIMINA-ALLOC-STATS] pool=0xae3179b50 begins=2297500 live=63 peak=78 draining=0 borrowed=56 pending=56 released=1120 retired=992 mean_uses=647.1 sum=381.3MiB max=15.6MiB
[LIMINA-ALLOC-STATS] pool=0xae3179b50 begins=2298000 live=62 peak=78 draining=0 borrowed=60 pending=59 released=1121 retired=992 mean_uses=647.1 sum=365.7MiB max=15.0MiB
[LIMINA-ALLOC-STATS] pool=0xae3179b50 begins=2298500 live=62 peak=78 draining=0 borrowed=57 pending=56 released=1121 retired=992 mean_uses=647.1 sum=365.8MiB max=15.0MiB
[LIMINA-ALLOC-POOL] teardown: pool=0xae7e4db50 live=1 peak=1 released=0 ceiling-waits=0 ceiling-fails=0
[LIMINA-ALLOC-STATS] pool=0xae3179b50 begins=2299000 live=62 peak=78 draining=0 borrowed=61 pending=71 released=1121 retired=992 mean_uses=647.1 sum=366.0MiB max=15.0MiB
[LIMINA-ALLOC-POOL] teardown: pool=0xae3181b50 live=1 peak=1 released=0 ceiling-waits=0 ceiling-fails=0
[LIMINA-ALLOC-POOL] teardown: pool=0xae317db50 live=1 peak=1 released=0 ceiling-waits=0 ceiling-fails=0
