ts_ms,mem_total_kib,mem_free_kib,mem_available_kib,cached_kib,swap_free_kib,mem_some_avg10,mem_some_total_us,mem_full_avg10,mem_full_total_us,io_some_avg10,io_some_total_us,io_full_avg10,io_full_total_us,pgmajfault,pswpin,pswpout,pgscan_kswapd,pgsteal_kswapd,pgscan_direct,pgsteal_direct,kswapd_cpu_ticks
1786397869011,11058176,7008864,7436544,1440240,8388592,0,315,0,82,516,955292,476,835409,558,0,0,0,0,0,0,0
1786397869512,11058176,7006480,7434560,1440688,8388592,0,315,0,82,516,992024,476,871893,559,0,0,0,0,0,0,0
1786397870020,11058176,7817264,7533344,555776,8388592,0,315,0,82,495,999414,463,879259,560,0,0,0,0,0,0,0
1786397870526,10796032,7364848,7216112,824272,8388592,0,315,0,82,495,999414,463,879259,560,0,0,0,0,0,0,0
1786397871027,10796032,7096448,7176672,1092272,8388592,0,315,0,82,495,1014990,463,894477,560,0,0,0,0,0,0,0
1786397871532,10796032,6827104,7177568,1362656,8388592,0,315,0,82,495,1014990,463,894477,560,0,0,0,0,0,0,0
1786397872041,10796032,6742224,7175216,1444768,8388592,0,315,0,82,423,1262699,397,1100758,560,0,0,0,0,0,0,0
1786397872552,10533888,6504656,6938848,1444736,8388592,0,315,0,82,423,1302835,397,1140830,560,0,0,0,0,0,0,0
1786397873063,10533888,6504656,6938896,1444800,8388592,0,315,0,82,423,1302835,397,1140830,560,0,0,0,0,0,0,0
1786397873574,10533888,6504656,6938880,1444800,8388592,0,315,0,82,423,1302835,397,1140830,560,0,0,0,0,0,0,0
1786397874080,10533888,6504656,6938880,1444800,8388592,0,315,0,82,582,1302835,524,1140830,560,0,0,0,0,0,0,0
1786397874592,10271744,6243776,6679040,1444800,8388592,0,315,0,82,582,1302835,524,1140830,560,0,0,0,0,0,0,0
1786397875095,10271744,6243776,6679040,1444800,8388592,0,315,0,82,582,1302835,524,1140830,560,0,0,0,0,0,0,0
1786397875600,10271744,6243776,6679040,1444800,8388592,0,315,0,82,582,1302835,524,1140830,560,0,0,0,0,0,0,0
1786397876107,10271744,6243776,6679040,1444800,8388592,0,315,0,82,476,1302835,429,1140830,560,0,0,0,0,0,0,0
1786397876613,10009600,5982896,6419184,1444800,8388592,0,315,0,82,476,1302835,429,1140830,560,0,0,0,0,0,0,0
1786397877124,10009600,5982896,6419184,1444800,8388592,0,315,0,82,476,1302835,429,1140830,560,0,0,0,0,0,0,0
1786397877625,10009600,5982896,6419184,1444800,8388592,0,315,0,82,476,1302835,429,1140830,560,0,0,0,0,0,0,0
1786397878134,10009600,5982896,6419184,1444800,8388592,0,315,0,82,390,1302835,351,1140830,560,0,0,0,0,0,0,0
1786397878636,9747456,5722016,6159328,1444800,8388592,0,315,0,82,390,1302835,351,1140830,560,0,0,0,0,0,0,0
1786397879147,9747456,5722016,6159328,1444800,8388592,0,315,0,82,390,1302835,351,1140830,560,0,0,0,0,0,0,0
1786397879659,9747456,5722016,6159328,1444800,8388592,0,315,0,82,390,1302835,351,1140830,560,0,0,0,0,0,0,0
1786397880163,9747456,5722016,6159328,1444800,8388592,0,315,0,82,319,1302835,288,1140830,560,0,0,0,0,0,0,0
1786397880667,9485312,5461136,5899472,1444800,8388592,0,315,0,82,319,1302835,288,1140830,560,0,0,0,0,0,0,0
1786397881179,9485312,5461136,5899472,1444800,8388592,0,315,0,82,319,1302835,288,1140830,560,0,0,0,0,0,0,0
1786397881690,9485312,5461136,5899472,1444800,8388592,0,315,0,82,319,1302835,288,1140830,560,0,0,0,0,0,0,0
1786397882197,9485312,5461136,5899472,1444800,8388592,0,315,0,82,261,1302835,235,1140830,560,0,0,0,0,0,0,0
1786397882708,9223168,5200256,5639616,1444800,8388592,0,315,0,82,261,1302835,235,1140830,560,0,0,0,0,0,0,0
1786397883220,9223168,5200256,5639616,1444800,8388592,0,315,0,82,261,1302835,235,1140830,560,0,0,0,0,0,0,0
1786397883732,9223168,5200256,5639616,1444800,8388592,0,315,0,82,261,1302835,235,1140830,560,0,0,0,0,0,0,0
1786397884240,9223168,5200256,5639616,1444800,8388592,0,315,0,82,214,1302835,193,1140830,560,0,0,0,0,0,0,0
1786397884747,8961024,4931696,5372080,1444800,8388592,0,315,0,82,214,1302835,193,1140830,560,0,0,0,0,0,0,0
1786397885253,8961024,4931696,5372080,1444800,8388592,0,315,0,82,214,1302835,193,1140830,560,0,0,0,0,0,0,0
1786397885765,8961024,4931696,5372080,1444800,8388592,0,315,0,82,175,1302835,158,1140830,560,0,0,0,0,0,0,0
1786397886273,8961024,4931696,5372080,1444800,8388592,0,315,0,82,175,1302835,158,1140830,560,0,0,0,0,0,0,0
1786397886785,8698880,4670816,5112224,1444800,8388592,0,315,0,82,175,1302835,158,1140830,560,0,0,0,0,0,0,0
1786397887289,8698880,4670816,5112224,1444800,8388592,0,315,0,82,175,1302835,158,1140830,560,0,0,0,0,0,0,0
1786397887792,8698880,4670816,5112224,1444800,8388592,0,315,0,82,143,1302835,129,1140830,560,0,0,0,0,0,0,0
1786397888303,8698880,4670816,5112208,1444800,8388592,0,315,0,82,143,1302835,129,1140830,560,0,0,0,0,0,0,0
1786397888815,8436736,4409936,4852352,1444800,8388592,0,315,0,82,143,1302835,129,1140830,560,0,0,0,0,0,0,0
1786397889327,8436736,4409696,4852128,1444800,8388592,0,315,0,82,143,1302835,129,1140830,560,0,0,0,0,0,0,0
1786397889836,8436736,4409696,4852128,1444800,8388592,0,315,0,82,117,1302835,105,1140830,560,0,0,0,0,0,0,0
1786397890349,8436736,4409696,4852224,1444944,8388592,0,315,0,82,117,1305823,105,1143818,560,0,0,0,0,0,0,0
1786397890851,8174592,4148816,4592368,1444944,8388592,0,315,0,82,117,1305823,105,1143818,560,0,0,0,0,0,0,0
1786397891363,8174592,4148816,4592416,1444944,8388592,0,315,0,82,117,1305823,105,1143818,560,0,0,0,0,0,0,0
1786397891874,8174592,4148816,4592416,1444944,8388592,0,315,0,82,96,1305823,86,1143818,560,0,0,0,0,0,0,0
1786397892383,8174592,4148816,4592416,1444944,8388592,0,315,0,82,96,1305823,86,1143818,560,0,0,0,0,0,0,0
1786397892892,7912448,3887936,4332560,1444944,8388592,0,315,0,82,96,1305823,86,1143818,560,0,0,0,0,0,0,0
1786397893395,7912448,3887936,4332560,1444944,8388592,0,315,0,82,96,1305823,86,1143818,560,0,0,0,0,0,0,0
1786397893907,7912448,3887936,4332560,1444944,8388592,0,315,0,82,78,1305823,70,1143818,560,0,0,0,0,0,0,0
1786397894414,7905280,3880016,4324656,1444944,8388592,0,315,0,82,78,1305823,70,1143818,560,0,0,0,0,0,0,0
1786397894925,7650304,3626576,4072224,1444944,8388592,0,315,0,82,78,1305823,70,1143818,560,0,0,0,0,0,0,0
1786397895435,7650304,3626576,4072224,1444944,8388592,0,315,0,82,78,1305823,70,1143818,560,0,0,0,0,0,0,0
1786397895947,7650304,3626576,4072224,1444944,8388592,0,315,0,82,64,1305823,57,1143818,560,0,0,0,0,0,0,0
1786397896450,7626752,3603776,4049504,1444944,8388592,0,315,0,82,64,1305823,57,1143818,560,0,0,0,0,0,0,0
1786397896956,7388160,3341328,3787792,1444944,8388592,0,315,0,82,64,1305823,57,1143818,560,0,0,0,0,0,0,0
1786397897457,7388160,3341216,3787680,1444944,8388592,0,315,0,82,64,1305823,57,1143818,560,0,0,0,0,0,0,0
1786397897960,7388160,3341216,3787680,1444944,8388592,0,315,0,82,52,1305823,47,1143818,560,0,0,0,0,0,0,0
1786397898461,7373824,3333776,3780240,1444944,8388592,0,315,0,82,52,1305823,47,1143818,560,0,0,0,0,0,0,0
1786397898972,7126016,3080336,3526800,1444944,8388592,0,315,0,82,52,1305823,47,1143818,560,0,0,0,0,0,0,0
1786397899477,7126016,3079744,3526208,1444944,8388592,0,315,0,82,52,1305823,47,1143818,560,0,0,0,0,0,0,0
1786397899989,7126016,3079744,3526208,1444944,8388592,0,315,0,82,43,1305823,38,1143818,560,0,0,0,0,0,0,0
1786397900492,7048192,3003392,3449856,1444944,8388592,0,315,0,82,43,1305823,38,1143818,560,0,0,0,0,0,0,0
1786397901002,6863872,2818496,3264960,1444944,8388592,0,315,0,82,43,1305823,38,1143818,560,0,0,0,0,0,0,0
1786397901510,6863872,2818496,3264960,1444944,8388592,0,315,0,82,43,1305823,38,1143818,560,0,0,0,0,0,0,0
1786397902017,6863872,2818496,3264960,1444944,8388592,0,315,0,82,35,1305823,31,1143818,560,0,0,0,0,0,0,0
1786397902521,6832128,2788352,3234816,1444944,8388592,0,315,0,82,35,1305823,31,1143818,560,0,0,0,0,0,0,0
1786397903025,6601728,2557376,3003840,1444944,8388592,0,315,0,82,35,1305922,31,1143917,560,0,0,0,0,0,0,0
1786397903536,6601728,2557136,3003600,1445024,8388592,0,315,0,82,35,1315298,31,1152759,560,0,0,0,0,0,0,0
1786397904047,6601728,2557136,3003792,1445600,8388592,0,315,0,82,28,1321828,26,1159276,560,0,0,0,0,0,0,0
1786397904550,6546432,2503616,2950272,1445600,8388592,0,315,0,82,28,1321828,26,1159276,560,0,0,0,0,0,0,0
1786397905053,6339584,2296256,2742912,1445600,8388592,0,315,0,82,28,1321828,26,1159276,560,0,0,0,0,0,0,0
1786397905558,6339584,2296256,2742912,1445600,8388592,0,315,0,82,28,1321828,26,1159276,560,0,0,0,0,0,0,0
1786397906061,6339584,2296256,2743376,1445600,8388592,0,315,0,82,23,1321828,21,1159276,560,0,0,0,0,0,0,0
1786397906562,6284288,2235632,2682752,1445600,8388592,0,315,0,82,23,1321828,21,1159276,560,0,0,0,0,0,0,0
1786397907073,6077440,2035376,2482496,1445600,8388592,0,315,0,82,23,1321828,21,1159276,560,0,0,0,0,0,0,0
1786397907577,6077440,2035376,2482496,1445600,8388592,0,315,0,82,23,1321828,21,1159276,560,0,0,0,0,0,0,0
1786397908087,6077440,2035376,2482496,1445600,8388592,0,315,0,82,19,1321828,17,1159276,560,0,0,0,0,0,0,0
1786397908589,5979136,1936352,2383472,1445600,8388592,0,315,0,82,19,1321828,17,1159276,560,0,0,0,0,0,0,0
1786397909099,5815296,1766816,2213936,1445600,8388592,0,315,0,82,19,1321828,17,1159276,560,0,0,0,0,0,0,0
1786397909610,5815296,1766816,2213936,1445600,8388592,0,315,0,82,19,1321828,17,1159276,560,0,0,0,0,0,0,0
1786397910115,5815296,1766816,2213936,1445600,8388592,0,315,0,82,15,1321828,14,1159276,560,0,0,0,0,0,0,0
1786397910618,5707776,1660112,2107232,1445600,8388592,0,315,0,82,15,1321828,14,1159276,560,0,0,0,0,0,0,0
1786397911126,5553152,1505936,1953056,1445600,8388592,0,315,0,82,15,1321828,14,1159276,560,0,0,0,0,0,0,0
1786397911633,5553152,1505936,1953056,1445600,8388592,0,315,0,82,15,1321828,14,1159276,560,0,0,0,0,0,0,0
1786397912145,5553152,1505936,1953056,1445600,8388592,0,315,0,82,12,1321828,11,1159276,560,0,0,0,0,0,0,0
1786397912650,5406720,1360256,1807376,1445600,8388592,0,315,0,82,12,1321828,11,1159276,560,0,0,0,0,0,0,0
1786397913161,5291008,1245056,1692176,1445600,8388592,0,315,0,82,12,1321828,11,1159276,560,0,0,0,0,0,0,0
1786397913667,5291008,1245056,1692176,1445600,8388592,0,315,0,82,12,1321828,11,1159276,560,0,0,0,0,0,0,0
1786397914176,5291008,1244816,1691936,1445600,8388592,0,315,0,82,10,1321828,9,1159276,560,0,0,0,0,0,0,0
1786397914685,5171936,1122176,1569296,1445600,8388592,0,315,0,82,10,1321828,9,1159276,560,0,0,0,0,0,0,0
1786397915188,5171936,1122176,1569296,1445600,8388592,0,315,0,82,10,1321828,9,1159276,560,0,0,0,0,0,0,0
1786397915689,5171936,1122176,1569296,1445600,8388592,0,315,0,82,10,1321828,9,1159276,560,0,0,0,0,0,0,0
1786397916200,5171936,1122176,1569296,1445600,8388592,0,315,0,82,8,1321828,7,1159276,560,0,0,0,0,0,0,0
1786397916712,5171936,1122176,1569296,1445600,8388592,0,315,0,82,8,1321828,7,1159276,560,0,0,0,0,0,0,0
1786397917215,5171936,1122176,1569296,1445600,8388592,0,315,0,82,8,1321828,7,1159276,560,0,0,0,0,0,0,0
1786397917721,5171936,1122176,1569296,1445600,8388592,0,315,0,82,8,1321828,7,1159276,560,0,0,0,0,0,0,0
1786397918233,5171936,1122176,1569296,1445600,8388592,0,315,0,82,7,1321828,6,1159276,560,0,0,0,0,0,0,0
1786397918736,5171936,1122176,1569296,1445600,8388592,0,315,0,82,7,1321828,6,1159276,560,0,0,0,0,0,0,0
1786397919240,5171936,1122176,1569296,1445600,8388592,0,315,0,82,7,1321828,6,1159276,560,0,0,0,0,0,0,0
1786397919742,5171936,1122176,1569296,1445600,8388592,0,315,0,82,7,1321828,6,1159276,560,0,0,0,0,0,0,0
1786397920246,5171936,1122176,1569296,1445600,8388592,0,315,0,82,5,1321828,5,1159276,560,0,0,0,0,0,0,0
1786397920757,5171936,1122176,1569296,1445600,8388592,0,315,0,82,5,1321828,5,1159276,560,0,0,0,0,0,0,0
1786397921264,5171936,1122176,1569296,1445600,8388592,0,315,0,82,5,1321828,5,1159276,560,0,0,0,0,0,0,0
1786397921772,5171936,1122176,1569296,1445600,8388592,0,315,0,82,4,1321828,4,1159276,560,0,0,0,0,0,0,0
1786397922274,5171936,1122176,1569296,1445600,8388592,0,315,0,82,4,1321828,4,1159276,560,0,0,0,0,0,0,0
1786397922786,5171936,1122176,1569296,1445600,8388592,0,315,0,82,4,1321828,4,1159276,560,0,0,0,0,0,0,0
1786397923298,5171936,1122176,1569296,1445600,8388592,0,315,0,82,4,1321828,4,1159276,560,0,0,0,0,0,0,0
1786397923810,5171936,1122176,1569296,1445600,8388592,0,315,0,82,3,1321828,3,1159276,560,0,0,0,0,0,0,0
1786397924311,5171936,1122176,1569296,1445600,8388592,0,315,0,82,3,1321828,3,1159276,560,0,0,0,0,0,0,0
1786397924822,5171936,1122176,1569296,1445600,8388592,0,315,0,82,3,1321828,3,1159276,560,0,0,0,0,0,0,0
1786397925334,5171936,1122176,1569296,1445600,8388592,0,315,0,82,3,1321828,3,1159276,560,0,0,0,0,0,0,0
1786397925846,5171936,1122176,1569296,1445600,8388592,0,315,0,82,3,1321828,2,1159276,560,0,0,0,0,0,0,0
1786397926357,5171936,1122176,1569296,1445600,8388592,0,315,0,82,3,1321828,2,1159276,560,0,0,0,0,0,0,0
1786397926866,5171936,1122176,1569296,1445600,8388592,0,315,0,82,3,1321828,2,1159276,560,0,0,0,0,0,0,0
1786397927367,5171936,1122176,1569296,1445600,8388592,0,315,0,82,3,1321828,2,1159276,560,0,0,0,0,0,0,0
1786397927879,5171936,1122176,1569296,1445600,8388592,0,315,0,82,2,1321828,2,1159276,560,0,0,0,0,0,0,0
1786397928384,5171936,1122176,1569296,1445600,8388592,0,315,0,82,2,1321828,2,1159276,560,0,0,0,0,0,0,0
1786397928890,5171936,1122176,1569296,1445600,8388592,0,315,0,82,2,1321828,2,1159276,560,0,0,0,0,0,0,0
1786397929393,5171936,1121936,1569056,1445600,8388592,0,315,0,82,2,1321828,2,1159276,560,0,0,0,0,0,0,0
1786397929905,5171936,1121936,1569056,1445600,8388592,0,315,0,82,2,1321828,1,1159276,560,0,0,0,0,0,0,0
1786397930418,5171936,1121936,1569072,1445616,8388592,0,315,0,82,2,1321828,1,1159276,560,0,0,0,0,0,0,0
1786397930929,5171936,1121936,1569072,1445616,8388592,0,315,0,82,2,1321828,1,1159276,560,0,0,0,0,0,0,0
1786397931436,5171936,1121936,1569072,1445616,8388592,0,315,0,82,2,1321828,1,1159276,560,0,0,0,0,0,0,0
1786397931938,5171936,1121936,1569072,1445616,8388592,0,315,0,82,1,1321828,1,1159276,560,0,0,0,0,0,0,0
1786397932450,5171936,1121936,1569072,1445616,8388592,0,315,0,82,1,1321828,1,1159276,560,0,0,0,0,0,0,0
1786397932958,5171936,1121936,1569072,1445616,8388592,0,315,0,82,1,1321828,1,1159276,560,0,0,0,0,0,0,0
1786397933459,5171936,1121936,1569072,1445616,8388592,0,315,0,82,1,1321828,1,1159276,560,0,0,0,0,0,0,0
1786397933965,5171936,1121936,1569072,1445888,8388592,0,315,0,82,1,1337080,1,1174507,560,0,0,0,0,0,0,0
1786397934471,5171936,1121936,1569072,1445888,8388592,0,315,0,82,1,1337080,1,1174507,560,0,0,0,0,0,0,0
1786397934981,5171936,1121936,1569072,1445888,8388592,0,315,0,82,1,1337080,1,1174507,560,0,0,0,0,0,0,0
1786397935485,5171936,1121936,1569344,1445888,8388592,0,315,0,82,1,1337080,1,1174507,560,0,0,0,0,0,0,0
1786397935996,5171936,1121936,1569344,1445888,8388592,0,315,0,82,1,1337080,0,1174507,560,0,0,0,0,0,0,0
1786397936497,5171936,1121936,1569344,1445888,8388592,0,315,0,82,1,1337080,0,1174507,560,0,0,0,0,0,0,0
1786397937002,5171936,1121936,1569344,1445888,8388592,0,315,0,82,1,1337080,0,1174507,560,0,0,0,0,0,0,0
1786397937507,5171936,1121936,1569344,1445888,8388592,0,315,0,82,1,1337080,0,1174507,560,0,0,0,0,0,0,0
1786397938008,5171936,1121936,1569344,1445888,8388592,0,315,0,82,0,1337080,0,1174507,560,0,0,0,0,0,0,0
1786397938519,5171936,1121936,1569344,1445888,8388592,0,315,0,82,0,1337080,0,1174507,560,0,0,0,0,0,0,0
1786397939022,5171936,1121936,1569344,1445888,8388592,0,315,0,82,0,1337080,0,1174507,560,0,0,0,0,0,0,0
1786397939532,5171936,1121936,1569344,1445888,8388592,0,315,0,82,0,1337080,0,1174507,560,0,0,0,0,0,0,0
1786397940038,5171936,1121936,1569344,1445888,8388592,0,315,0,82,0,1337080,0,1174507,560,0,0,0,0,0,0,0
1786397940542,5171936,1121936,1569344,1445888,8388592,0,315,0,82,0,1337080,0,1174507,560,0,0,0,0,0,0,0
1786397941049,5171936,1121936,1569344,1445888,8388592,0,315,0,82,0,1337080,0,1174507,560,0,0,0,0,0,0,0
1786397941558,5171936,1121936,1569344,1445888,8388592,0,315,0,82,0,1337080,0,1174507,560,0,0,0,0,0,0,0
1786397942069,5171936,1121936,1569344,1445888,8388592,0,315,0,82,0,1337080,0,1174507,560,0,0,0,0,0,0,0
1786397942571,5171936,1121936,1569344,1445888,8388592,0,315,0,82,0,1337080,0,1174507,560,0,0,0,0,0,0,0
1786397943080,5171936,1121936,1569344,1445888,8388592,0,315,0,82,0,1337080,0,1174507,560,0,0,0,0,0,0,0
1786397943592,5171936,1121936,1569344,1445888,8388592,0,315,0,82,0,1337080,0,1174507,560,0,0,0,0,0,0,0
1786397944103,5171936,1121936,1569344,1445888,8388592,0,315,0,82,0,1337080,0,1174507,560,0,0,0,0,0,0,0
1786397944613,5171936,1121936,1569344,1445888,8388592,0,315,0,82,0,1337080,0,1174507,560,0,0,0,0,0,0,0
1786397945123,5171936,1121936,1569344,1445888,8388592,0,315,0,82,0,1337080,0,1174507,560,0,0,0,0,0,0,0
1786397945635,5171936,1121936,1569344,1445888,8388592,0,315,0,82,0,1337080,0,1174507,560,0,0,0,0,0,0,0
1786397946146,5171936,1121936,1569344,1445888,8388592,0,315,0,82,0,1337080,0,1174507,560,0,0,0,0,0,0,0
1786397946654,5171936,1121696,1569104,1445888,8388592,0,315,0,82,0,1337080,0,1174507,560,0,0,0,0,0,0,0
1786397947156,5171936,1121696,1569104,1445904,8388592,0,315,0,82,0,1337080,0,1174507,560,0,0,0,0,0,0,0
1786397947667,5171936,1121696,1569104,1445904,8388592,0,315,0,82,0,1337080,0,1174507,560,0,0,0,0,0,0,0
1786397948175,5171936,1121696,1569104,1445904,8388592,0,315,0,82,0,1337080,0,1174507,560,0,0,0,0,0,0,0
1786397948686,5171936,1121696,1569104,1445904,8388592,0,315,0,82,0,1337080,0,1174507,560,0,0,0,0,0,0,0
1786397949198,5171936,1121696,1569104,1445904,8388592,0,315,0,82,0,1337080,0,1174507,560,0,0,0,0,0,0,0
1786397949705,5171936,1121696,1569104,1445904,8388592,0,315,0,82,0,1337080,0,1174507,560,0,0,0,0,0,0,0
1786397950216,5171936,1121696,1569104,1445904,8388592,0,315,0,82,0,1337080,0,1174507,560,0,0,0,0,0,0,0
1786397950728,5171936,1121696,1569104,1445904,8388592,0,315,0,82,0,1337080,0,1174507,560,0,0,0,0,0,0,0
1786397951232,5171936,1121696,1569104,1445904,8388592,0,315,0,82,0,1337080,0,1174507,560,0,0,0,0,0,0,0
1786397951737,5171936,1121696,1569104,1445904,8388592,0,315,0,82,0,1337080,0,1174507,560,0,0,0,0,0,0,0
1786397952242,5171936,1121696,1569104,1445904,8388592,0,315,0,82,0,1337080,0,1174507,560,0,0,0,0,0,0,0
1786397952746,5171936,1121696,1569104,1445904,8388592,0,315,0,82,0,1337080,0,1174507,560,0,0,0,0,0,0,0
1786397953261,5171936,1121696,1569104,1445904,8388592,0,315,0,82,0,1337080,0,1174507,560,0,0,0,0,0,0,0
1786397953763,5171936,1121696,1569104,1445904,8388592,0,315,0,82,0,1337080,0,1174507,560,0,0,0,0,0,0,0
1786397954269,5171936,1121696,1569104,1445904,8388592,0,315,0,82,0,1337080,0,1174507,560,0,0,0,0,0,0,0
1786397954775,5171936,1121696,1569104,1445904,8388592,0,315,0,82,0,1337080,0,1174507,560,0,0,0,0,0,0,0
1786397955286,5171936,1121696,1569104,1445904,8388592,0,315,0,82,0,1337080,0,1174507,560,0,0,0,0,0,0,0
1786397955793,5171936,1121696,1569104,1445904,8388592,0,315,0,82,0,1337080,0,1174507,560,0,0,0,0,0,0,0
1786397956294,5171936,1121696,1569104,1445904,8388592,0,315,0,82,0,1337080,0,1174507,560,0,0,0,0,0,0,0
1786397956802,5171936,1121696,1569104,1445904,8388592,0,315,0,82,0,1337080,0,1174507,560,0,0,0,0,0,0,0
1786397957308,5171936,1121696,1569104,1445904,8388592,0,315,0,82,0,1337080,0,1174507,560,0,0,0,0,0,0,0
1786397957809,5171936,1121696,1569104,1445904,8388592,0,315,0,82,0,1337080,0,1174507,560,0,0,0,0,0,0,0
1786397958312,5171936,1121696,1569104,1445904,8388592,0,315,0,82,0,1337080,0,1174507,560,0,0,0,0,0,0,0
1786397958822,5171936,1121696,1569104,1445904,8388592,0,315,0,82,0,1337080,0,1174507,560,0,0,0,0,0,0,0
1786397959333,5171936,1121696,1569104,1445904,8388592,0,315,0,82,0,1337080,0,1174507,560,0,0,0,0,0,0,0
1786397959838,5171936,1121696,1569104,1445904,8388592,0,315,0,82,0,1337080,0,1174507,560,0,0,0,0,0,0,0
1786397960342,5171936,1121456,1568864,1445984,8388592,0,315,0,82,0,1339095,0,1176418,560,0,0,0,0,0,0,0
1786397960853,5171936,1121456,1568864,1445984,8388592,0,315,0,82,0,1339095,0,1176418,560,0,0,0,0,0,0,0
1786397961361,5171936,1121456,1568864,1445984,8388592,0,315,0,82,0,1339095,0,1176418,560,0,0,0,0,0,0,0
1786397961874,5171936,1121456,1568944,1445984,8388592,0,315,0,82,0,1339095,0,1176418,560,0,0,0,0,0,0,0
1786397962385,5171936,1121456,1568944,1445984,8388592,0,315,0,82,0,1339095,0,1176418,560,0,0,0,0,0,0,0
1786397962892,5171936,1121456,1568944,1445984,8388592,0,315,0,82,0,1339095,0,1176418,560,0,0,0,0,0,0,0
1786397963404,5171936,1121456,1568944,1445984,8388592,0,315,0,82,0,1339095,0,1176418,560,0,0,0,0,0,0,0
1786397963916,5171936,1121456,1568944,1445984,8388592,0,315,0,82,0,1339095,0,1176418,560,0,0,0,0,0,0,0
1786397964428,5171936,1121456,1568944,1445984,8388592,0,315,0,82,0,1339095,0,1176418,560,0,0,0,0,0,0,0
1786397964936,5171936,1121456,1568944,1445984,8388592,0,315,0,82,0,1339095,0,1176418,560,0,0,0,0,0,0,0
1786397965439,5171936,1121456,1568944,1445984,8388592,0,315,0,82,0,1339095,0,1176418,560,0,0,0,0,0,0,0
1786397965943,5171936,1121456,1568944,1445984,8388592,0,315,0,82,0,1339095,0,1176418,560,0,0,0,0,0,0,0
1786397966455,5171936,1121456,1568944,1445984,8388592,0,315,0,82,0,1339095,0,1176418,560,0,0,0,0,0,0,0
1786397966961,5171936,1121456,1568944,1445984,8388592,0,315,0,82,0,1339095,0,1176418,560,0,0,0,0,0,0,0
1786397967465,5171936,1121456,1568944,1445984,8388592,0,315,0,82,0,1339095,0,1176418,560,0,0,0,0,0,0,0
1786397967977,5171936,1121456,1568944,1445984,8388592,0,315,0,82,0,1339095,0,1176418,560,0,0,0,0,0,0,0
1786397968489,5171936,1121456,1568944,1445984,8388592,0,315,0,82,0,1339095,0,1176418,560,0,0,0,0,0,0,0
1786397969001,5171936,1121456,1568944,1445984,8388592,0,315,0,82,0,1339095,0,1176418,560,0,0,0,0,0,0,0
1786397969505,5171936,1121456,1568944,1445984,8388592,0,315,0,82,0,1339095,0,1176418,560,0,0,0,0,0,0,0
1786397970017,5171936,1121456,1568944,1445984,8388592,0,315,0,82,0,1339095,0,1176418,560,0,0,0,0,0,0,0
1786397970527,5171936,1121456,1568944,1445984,8388592,0,315,0,82,0,1339095,0,1176418,560,0,0,0,0,0,0,0
1786397971031,5171936,1121456,1568944,1445984,8388592,0,315,0,82,0,1339095,0,1176418,560,0,0,0,0,0,0,0
1786397971540,5171936,1121456,1568944,1445984,8388592,0,315,0,82,0,1339095,0,1176418,560,0,0,0,0,0,0,0
1786397972048,5171936,1121456,1568944,1445984,8388592,0,315,0,82,0,1339095,0,1176418,560,0,0,0,0,0,0,0
1786397972561,5171936,1121456,1568944,1445984,8388592,0,315,0,82,0,1339095,0,1176418,560,0,0,0,0,0,0,0
1786397973066,5171936,1121456,1568944,1445984,8388592,0,315,0,82,0,1339095,0,1176418,560,0,0,0,0,0,0,0
1786397973577,5171936,1121456,1568944,1445984,8388592,0,315,0,82,0,1339095,0,1176418,560,0,0,0,0,0,0,0
1786397974085,5171936,1121456,1568944,1445984,8388592,0,315,0,82,0,1339095,0,1176418,560,0,0,0,0,0,0,0
1786397974596,5171936,1121456,1568944,1445984,8388592,0,315,0,82,0,1339095,0,1176418,560,0,0,0,0,0,0,0
1786397975107,5171936,1121456,1568944,1445984,8388592,0,315,0,82,0,1339095,0,1176418,560,0,0,0,0,0,0,0
1786397975613,5171936,1121216,1568704,1445984,8388592,0,315,0,82,0,1339095,0,1176418,560,0,0,0,0,0,0,0
1786397976125,5171936,1121216,1568704,1445984,8388592,0,315,0,82,0,1339095,0,1176418,560,0,0,0,0,0,0,0
1786397976634,5171936,1121216,1568704,1445984,8388592,0,315,0,82,0,1339095,0,1176418,560,0,0,0,0,0,0,0
1786397977146,5171936,1121216,1568704,1445984,8388592,0,315,0,82,0,1339095,0,1176418,560,0,0,0,0,0,0,0
1786397977648,5171936,1121216,1568704,1445984,8388592,0,315,0,82,0,1339095,0,1176418,560,0,0,0,0,0,0,0
1786397978159,5171936,1121216,1568704,1445984,8388592,0,315,0,82,0,1339095,0,1176418,560,0,0,0,0,0,0,0
1786397978669,5171936,1121216,1568688,1445968,8388592,0,315,0,82,0,1339095,0,1176418,560,0,0,0,0,0,0,0
1786397979172,5171936,1121216,1568688,1445968,8388592,0,315,0,82,0,1339095,0,1176418,560,0,0,0,0,0,0,0
1786397979681,5171936,1121216,1568720,1445968,8388592,0,315,0,82,0,1339095,0,1176418,560,0,0,0,0,0,0,0
1786397980190,5171936,1121216,1568720,1445968,8388592,0,315,0,82,0,1339095,0,1176418,560,0,0,0,0,0,0,0
1786397980702,5171936,1121216,1568720,1445968,8388592,0,315,0,82,0,1339095,0,1176418,560,0,0,0,0,0,0,0
1786397981210,5171936,1121216,1568720,1445968,8388592,0,315,0,82,0,1339095,0,1176418,560,0,0,0,0,0,0,0
1786397981722,5171936,1121216,1568720,1445968,8388592,0,315,0,82,0,1339095,0,1176418,560,0,0,0,0,0,0,0
1786397982229,5171936,1121216,1568720,1445968,8388592,0,315,0,82,0,1339095,0,1176418,560,0,0,0,0,0,0,0
1786397982739,5171936,1121216,1568720,1445968,8388592,0,315,0,82,0,1339095,0,1176418,560,0,0,0,0,0,0,0
1786397983249,5171936,1121216,1568720,1445968,8388592,0,315,0,82,0,1339095,0,1176418,560,0,0,0,0,0,0,0
1786397983751,5171936,1121216,1568720,1445968,8388592,0,315,0,82,0,1339095,0,1176418,560,0,0,0,0,0,0,0
1786397984258,5171936,1121216,1568720,1445968,8388592,0,315,0,82,0,1339095,0,1176418,560,0,0,0,0,0,0,0
1786397984761,5171936,1121216,1568720,1445968,8388592,0,315,0,82,0,1339095,0,1176418,560,0,0,0,0,0,0,0
1786397985270,5171936,1121216,1568720,1445968,8388592,0,315,0,82,0,1339095,0,1176418,560,0,0,0,0,0,0,0
1786397985782,5171936,1121216,1568720,1445968,8388592,0,315,0,82,0,1339095,0,1176418,560,0,0,0,0,0,0,0
1786397986294,5171936,1121216,1568720,1445968,8388592,0,315,0,82,0,1339095,0,1176418,560,0,0,0,0,0,0,0
1786397986806,5171936,1121216,1568720,1445968,8388592,0,315,0,82,0,1339095,0,1176418,560,0,0,0,0,0,0,0
1786397987321,5171936,1121216,1568720,1445968,8388592,0,315,0,82,0,1339095,0,1176418,560,0,0,0,0,0,0,0
1786397987822,5171936,1121216,1568720,1445968,8388592,0,315,0,82,0,1339095,0,1176418,560,0,0,0,0,0,0,0
1786397988333,5171936,1121216,1568720,1445968,8388592,0,315,0,82,0,1339095,0,1176418,560,0,0,0,0,0,0,0
1786397988840,5171936,1121216,1568720,1445968,8388592,0,315,0,82,0,1339095,0,1176418,560,0,0,0,0,0,0,0
1786397989345,5171936,1121216,1568720,1445968,8388592,0,315,0,82,0,1339095,0,1176418,560,0,0,0,0,0,0,0
1786397989847,5171936,1121216,1568720,1445968,8388592,0,315,0,82,0,1339095,0,1176418,560,0,0,0,0,0,0,0
1786397990350,5171936,1121216,1568720,1445968,8388592,0,315,0,82,0,1339095,0,1176418,560,0,0,0,0,0,0,0
1786397990861,5171936,1120976,1568752,1446032,8388592,0,315,0,82,0,1350211,0,1187534,561,0,0,0,0,0,0,0
1786397991372,5171936,1120976,1568768,1446432,8388592,0,315,0,82,0,1373200,0,1210426,561,0,0,0,0,0,0,0
1786397991879,5171936,1120976,1568768,1446432,8388592,0,315,0,82,18,1373200,18,1210426,561,0,0,0,0,0,0,0
1786397992384,5171936,1120976,1569136,1446432,8388592,0,315,0,82,18,1380451,18,1217643,561,0,0,0,0,0,0,0
1786397992895,5171936,1120976,1569136,1446432,8388592,0,315,0,82,18,1380451,18,1217643,561,0,0,0,0,0,0,0
1786397993407,5171936,1120976,1569136,1446432,8388592,0,315,0,82,18,1380451,18,1217643,561,0,0,0,0,0,0,0
1786397993919,5171936,1120976,1569136,1446432,8388592,0,315,0,82,14,1380451,14,1217643,561,0,0,0,0,0,0,0
1786397994431,5171936,1120976,1569136,1446432,8388592,0,315,0,82,14,1380451,14,1217643,561,0,0,0,0,0,0,0
1786397994935,5171936,1120976,1569136,1446432,8388592,0,315,0,82,14,1380451,14,1217643,561,0,0,0,0,0,0,0
1786397995447,5171936,1120976,1569136,1446432,8388592,0,315,0,82,14,1380451,14,1217643,561,0,0,0,0,0,0,0
1786397995957,5171936,1120976,1569136,1446432,8388592,0,315,0,82,12,1380451,12,1217643,561,0,0,0,0,0,0,0
1786397996469,5171936,1120976,1569136,1446416,8388592,0,315,0,82,12,1382561,12,1219753,561,0,0,0,0,0,0,0
1786397996973,5171936,1120976,1569136,1446416,8388592,0,315,0,82,12,1382561,12,1219753,561,0,0,0,0,0,0,0
1786397997477,5171936,1120976,1569136,1446432,8388592,0,315,0,82,12,1382561,12,1219753,561,0,0,0,0,0,0,0
1786397997983,5171936,1120976,1569152,1446432,8388592,0,315,0,82,9,1382561,9,1219753,561,0,0,0,0,0,0,0
1786397998488,5171936,1120976,1569152,1446432,8388592,0,315,0,82,9,1382561,9,1219753,561,0,0,0,0,0,0,0
1786397999000,5171936,1120976,1569152,1446432,8388592,0,315,0,82,9,1382561,9,1219753,561,0,0,0,0,0,0,0
1786397999500,5171936,1120976,1569152,1446432,8388592,0,315,0,82,9,1382561,9,1219753,561,0,0,0,0,0,0,0
1786398000001,5171936,1120976,1569152,1446432,8388592,0,315,0,82,8,1382561,8,1219753,561,0,0,0,0,0,0,0
1786398000503,5171936,1120976,1569152,1446432,8388592,0,315,0,82,8,1382561,8,1219753,561,0,0,0,0,0,0,0
1786398001009,5171936,1120976,1569152,1446432,8388592,0,315,0,82,8,1382561,8,1219753,561,0,0,0,0,0,0,0
1786398001522,5171936,1120976,1569152,1446432,8388592,0,315,0,82,8,1382561,8,1219753,561,0,0,0,0,0,0,0
1786398002025,5171936,1120976,1569152,1446432,8388592,0,315,0,82,6,1382561,6,1219753,561,0,0,0,0,0,0,0
1786398002527,5171936,1120976,1569152,1446432,8388592,0,315,0,82,6,1382561,6,1219753,561,0,0,0,0,0,0,0
1786398003031,5171936,1120976,1569152,1446432,8388592,0,315,0,82,6,1382561,6,1219753,561,0,0,0,0,0,0,0
1786398003535,5171936,1120976,1569152,1446432,8388592,0,315,0,82,6,1382561,6,1219753,561,0,0,0,0,0,0,0
1786398004039,5171936,1120976,1569152,1446432,8388592,0,315,0,82,5,1382561,5,1219753,561,0,0,0,0,0,0,0
1786398004550,5171936,1120976,1569152,1446432,8388592,0,315,0,82,5,1382561,5,1219753,561,0,0,0,0,0,0,0
1786398005051,5171936,1120976,1569152,1446432,8388592,0,315,0,82,5,1382561,5,1219753,561,0,0,0,0,0,0,0
1786398005563,5171936,1120976,1569152,1446432,8388592,0,315,0,82,5,1389299,5,1226439,561,0,0,0,0,0,0,0
1786398006065,5171936,1120976,1569152,1446432,8388592,0,315,0,82,4,1390657,4,1227798,561,0,0,0,0,0,0,0
1786398006577,5171936,1120976,1569152,1446432,8388592,0,315,0,82,4,1390657,4,1227798,561,0,0,0,0,0,0,0
1786398007088,5171936,1120976,1569152,1446432,8388592,0,315,0,82,4,1390657,4,1227798,561,0,0,0,0,0,0,0
1786398007592,5171936,1120736,1568912,1446432,8388592,0,315,0,82,4,1390657,4,1227798,561,0,0,0,0,0,0,0
1786398008094,5171936,1120736,1568912,1446432,8388592,0,315,0,82,3,1390657,3,1227798,561,0,0,0,0,0,0,0
1786398008604,5171936,1120736,1568912,1446432,8388592,0,315,0,82,3,1390657,3,1227798,561,0,0,0,0,0,0,0
1786398009107,5171936,1120736,1568912,1446432,8388592,0,315,0,82,3,1390657,3,1227798,561,0,0,0,0,0,0,0
1786398009609,5171936,1120496,1568800,1446560,8388592,0,315,0,82,3,1391426,3,1228527,561,0,0,0,0,0,0,0
1786398010113,5171936,1120496,1568800,1446560,8388592,0,315,0,82,2,1391426,2,1228527,561,0,0,0,0,0,0,0
1786398010617,5171936,1120496,1568800,1446560,8388592,0,315,0,82,2,1391426,2,1228527,561,0,0,0,0,0,0,0
1786398011129,5171936,1120496,1568800,1446560,8388592,0,315,0,82,2,1391426,2,1228527,561,0,0,0,0,0,0,0
1786398011641,5171936,1120256,1568560,1446560,8388592,0,315,0,82,2,1391426,2,1228527,561,0,0,0,0,0,0,0
1786398012155,5171936,1120256,1568560,1446560,8388592,0,315,0,82,2,1391426,2,1228527,561,0,0,0,0,0,0,0
1786398012657,5171936,1120256,1568560,1446560,8388592,0,315,0,82,2,1391426,2,1228527,561,0,0,0,0,0,0,0
1786398013165,5171936,1120256,1568560,1446560,8388592,0,315,0,82,2,1391426,2,1228527,561,0,0,0,0,0,0,0
1786398013676,5171936,1120016,1568320,1446560,8388592,0,315,0,82,2,1391426,2,1228527,561,0,0,0,0,0,0,0
1786398014186,5171936,1120016,1568320,1446560,8388592,0,315,0,82,1,1391426,1,1228527,561,0,0,0,0,0,0,0
1786398014697,5171936,1120016,1568320,1446560,8388592,0,315,0,82,1,1391426,1,1228527,561,0,0,0,0,0,0,0
1786398015209,5171936,1120016,1568320,1446560,8388592,0,315,0,82,1,1391426,1,1228527,561,0,0,0,0,0,0,0
1786398015717,5171936,1119776,1568080,1446560,8388592,0,315,0,82,1,1391426,1,1228527,561,0,0,0,0,0,0,0
1786398016228,5171936,1119312,1567616,1446560,8388592,0,315,0,82,1,1391426,1,1228527,561,0,0,0,0,0,0,0
1786398016733,5171936,1119312,1567616,1446560,8388592,0,315,0,82,1,1391426,1,1228527,561,0,0,0,0,0,0,0
1786398017238,5171936,1119312,1567616,1446560,8388592,0,315,0,82,1,1391426,1,1228527,561,0,0,0,0,0,0,0
1786398017749,5171936,1119072,1567376,1446560,8388592,0,315,0,82,1,1391426,1,1228527,561,0,0,0,0,0,0,0
1786398018259,5171936,1119072,1567376,1446560,8388592,0,315,0,82,1,1391426,1,1228527,561,0,0,0,0,0,0,0
1786398018771,5171936,1119072,1567376,1446560,8388592,0,315,0,82,1,1391426,1,1228527,561,0,0,0,0,0,0,0
1786398019282,5171936,1118832,1567136,1446560,8388592,0,315,0,82,1,1391426,1,1228527,561,0,0,0,0,0,0,0
1786398019794,5171936,1118832,1567136,1446560,8388592,0,315,0,82,1,1391426,1,1228527,561,0,0,0,0,0,0,0
1786398020302,5171936,1118832,1567136,1446560,8388592,0,315,0,82,0,1391426,0,1228527,561,0,0,0,0,0,0,0
1786398020803,5171936,1118832,1567136,1446560,8388592,0,315,0,82,0,1391426,0,1228527,561,0,0,0,0,0,0,0
1786398021311,5171936,1118832,1567136,1446560,8388592,0,315,0,82,0,1391426,0,1228527,561,0,0,0,0,0,0,0
1786398021817,5171936,1118832,1567136,1446560,8388592,0,315,0,82,0,1392538,0,1229607,561,0,0,0,0,0,0,0
1786398022325,5171936,1118832,1567136,1446560,8388592,0,315,0,82,0,1392538,0,1229607,561,0,0,0,0,0,0,0
1786398022835,5171936,1118832,1567136,1446560,8388592,0,315,0,82,0,1392538,0,1229607,561,0,0,0,0,0,0,0
1786398023338,5171936,1118352,1566656,1446560,8388592,0,315,0,82,0,1392538,0,1229607,561,0,0,0,0,0,0,0
1786398023847,5171936,1118352,1566656,1446560,8388592,0,315,0,82,0,1392538,0,1229607,561,0,0,0,0,0,0,0
1786398024359,5171936,1118352,1566656,1446560,8388592,0,315,0,82,0,1392538,0,1229607,561,0,0,0,0,0,0,0
1786398024860,5171936,1118352,1566656,1446560,8388592,0,315,0,82,0,1392538,0,1229607,561,0,0,0,0,0,0,0
1786398025363,5171936,1118352,1566656,1446560,8388592,0,315,0,82,0,1392538,0,1229607,561,0,0,0,0,0,0,0
1786398025866,5171936,1118352,1566656,1446560,8388592,0,315,0,82,0,1392538,0,1229607,561,0,0,0,0,0,0,0
1786398026369,5171936,1118352,1566656,1446560,8388592,0,315,0,82,0,1392538,0,1229607,561,0,0,0,0,0,0,0
1786398026881,5171936,1118352,1566656,1446560,8388592,0,315,0,82,0,1392538,0,1229607,561,0,0,0,0,0,0,0
1786398027387,5171936,1118352,1566656,1446560,8388592,0,315,0,82,0,1392538,0,1229607,561,0,0,0,0,0,0,0
1786398027893,5171936,1118352,1566656,1446560,8388592,0,315,0,82,0,1392538,0,1229607,561,0,0,0,0,0,0,0
1786398028400,5171936,1118352,1566656,1446576,8388592,0,315,0,82,0,1392538,0,1229607,561,0,0,0,0,0,0,0
1786398028910,5171936,1118352,1566656,1446576,8388592,0,315,0,82,0,1392538,0,1229607,561,0,0,0,0,0,0,0
1786398029417,5171936,1118352,1566656,1446576,8388592,0,315,0,82,0,1392538,0,1229607,561,0,0,0,0,0,0,0
1786398029919,5171936,1118352,1566656,1446576,8388592,0,315,0,82,0,1392538,0,1229607,561,0,0,0,0,0,0,0
1786398030430,5171936,1118352,1566656,1446576,8388592,0,315,0,82,0,1392538,0,1229607,561,0,0,0,0,0,0,0
1786398030940,5171936,1118352,1566656,1446576,8388592,0,315,0,82,0,1392538,0,1229607,561,0,0,0,0,0,0,0
1786398031453,5171936,1118352,1566656,1446576,8388592,0,315,0,82,0,1392538,0,1229607,561,0,0,0,0,0,0,0
1786398031959,5171936,1118352,1566656,1446576,8388592,0,315,0,82,0,1392538,0,1229607,561,0,0,0,0,0,0,0
1786398032472,5171936,1118352,1566656,1446576,8388592,0,315,0,82,0,1392538,0,1229607,561,0,0,0,0,0,0,0
1786398032982,5171936,1118352,1566656,1446576,8388592,0,315,0,82,0,1392538,0,1229607,561,0,0,0,0,0,0,0
1786398033485,5171936,1118352,1566656,1446576,8388592,0,315,0,82,0,1392538,0,1229607,561,0,0,0,0,0,0,0
1786398033996,5171936,1118352,1566656,1446576,8388592,0,315,0,82,0,1392538,0,1229607,561,0,0,0,0,0,0,0
1786398034500,5171936,1118352,1566656,1446576,8388592,0,315,0,82,0,1392538,0,1229607,561,0,0,0,0,0,0,0
1786398035011,5171936,1118352,1566656,1446576,8388592,0,315,0,82,0,1392538,0,1229607,561,0,0,0,0,0,0,0
1786398035524,5171936,1118352,1566656,1446576,8388592,0,315,0,82,0,1392538,0,1229607,561,0,0,0,0,0,0,0
1786398036036,5171936,1118352,1566656,1446576,8388592,0,315,0,82,0,1392538,0,1229607,561,0,0,0,0,0,0,0
1786398036542,5171936,1118352,1566656,1446576,8388592,0,315,0,82,0,1392538,0,1229607,561,0,0,0,0,0,0,0
1786398037045,5171936,1118352,1566656,1446576,8388592,0,315,0,82,0,1392538,0,1229607,561,0,0,0,0,0,0,0
1786398037557,5171936,1118352,1566656,1446576,8388592,0,315,0,82,0,1392538,0,1229607,561,0,0,0,0,0,0,0
1786398038067,5171936,1118352,1566656,1446576,8388592,0,315,0,82,0,1392538,0,1229607,561,0,0,0,0,0,0,0
1786398038575,5171936,1118352,1566656,1446576,8388592,0,315,0,82,0,1392538,0,1229607,561,0,0,0,0,0,0,0
1786398039076,5171936,1118352,1566656,1446576,8388592,0,315,0,82,0,1392538,0,1229607,561,0,0,0,0,0,0,0
1786398039581,5171936,1118352,1566656,1446576,8388592,0,315,0,82,0,1392538,0,1229607,561,0,0,0,0,0,0,0
1786398040086,5171936,1118352,1566656,1446576,8388592,0,315,0,82,0,1392538,0,1229607,561,0,0,0,0,0,0,0
1786398040589,5171936,1118352,1566656,1446576,8388592,0,315,0,82,0,1392538,0,1229607,561,0,0,0,0,0,0,0
1786398041094,5171936,1118352,1566656,1446720,8388592,0,315,0,82,0,1410758,0,1247784,561,0,0,0,0,0,0,0
1786398041605,5171936,1118352,1566800,1446864,8388592,0,315,0,82,0,1410758,0,1247784,561,0,0,0,0,0,0,0
1786398042107,5171936,1118352,1566800,1446864,8388592,0,315,0,82,0,1410758,0,1247784,561,0,0,0,0,0,0,0
1786398042619,5171936,1118352,1566944,1446864,8388592,0,315,0,82,0,1410758,0,1247784,561,0,0,0,0,0,0,0
1786398043123,5171936,1118352,1566944,1446864,8388592,0,315,0,82,0,1410758,0,1247784,561,0,0,0,0,0,0,0
1786398043635,5171936,1118352,1566944,1446864,8388592,0,315,0,82,0,1410758,0,1247784,561,0,0,0,0,0,0,0
1786398044142,5171936,1118352,1566944,1446864,8388592,0,315,0,82,0,1410758,0,1247784,561,0,0,0,0,0,0,0
1786398044654,5171936,1118352,1566944,1446864,8388592,0,315,0,82,0,1410758,0,1247784,561,0,0,0,0,0,0,0
1786398045159,5171936,1118352,1566944,1446864,8388592,0,315,0,82,0,1410758,0,1247784,561,0,0,0,0,0,0,0
1786398045664,5171936,1118112,1566704,1446864,8388592,0,315,0,82,0,1410758,0,1247784,561,0,0,0,0,0,0,0
1786398046167,5171936,1117872,1566464,1446864,8388592,0,315,0,82,0,1410758,0,1247784,561,0,0,0,0,0,0,0
1786398046679,5171936,1117872,1566464,1446864,8388592,0,315,0,82,0,1410758,0,1247784,561,0,0,0,0,0,0,0
1786398047191,5171936,1117632,1566224,1446864,8388592,0,315,0,82,0,1410758,0,1247784,561,0,0,0,0,0,0,0
1786398047700,5171936,1117632,1566224,1446864,8388592,0,315,0,82,0,1410758,0,1247784,561,0,0,0,0,0,0,0
1786398048211,5171936,1117632,1566224,1446864,8388592,0,315,0,82,0,1410758,0,1247784,561,0,0,0,0,0,0,0
1786398048722,5171936,1117632,1566224,1446864,8388592,0,315,0,82,0,1410758,0,1247784,561,0,0,0,0,0,0,0
1786398049226,5171936,1117632,1566224,1446864,8388592,0,315,0,82,0,1410758,0,1247784,561,0,0,0,0,0,0,0
1786398049738,5171936,1117632,1566224,1446864,8388592,0,315,0,82,0,1410758,0,1247784,561,0,0,0,0,0,0,0
1786398050243,5171936,1117632,1566224,1446864,8388592,0,315,0,82,0,1410758,0,1247784,561,0,0,0,0,0,0,0
1786398050755,5171936,1117632,1566224,1446864,8388592,0,315,0,82,0,1410758,0,1247784,561,0,0,0,0,0,0,0
1786398051257,5171936,1117632,1566224,1446864,8388592,0,315,0,82,0,1410758,0,1247784,561,0,0,0,0,0,0,0
1786398051759,5171936,1117632,1566224,1446864,8388592,0,315,0,82,0,1410758,0,1247784,561,0,0,0,0,0,0,0
1786398052265,5171936,1117632,1566224,1446864,8388592,0,315,0,82,0,1410758,0,1247784,561,0,0,0,0,0,0,0
1786398052768,5171936,1117632,1566224,1446864,8388592,0,315,0,82,0,1410758,0,1247784,561,0,0,0,0,0,0,0
1786398053271,5171936,1117632,1566224,1446864,8388592,0,315,0,82,0,1410758,0,1247784,561,0,0,0,0,0,0,0
1786398053784,5171936,1117632,1566224,1446864,8388592,0,315,0,82,0,1410758,0,1247784,561,0,0,0,0,0,0,0
1786398054298,5171936,1117632,1566224,1446864,8388592,0,315,0,82,0,1410758,0,1247784,561,0,0,0,0,0,0,0
1786398054806,5171936,1117632,1566224,1446864,8388592,0,315,0,82,0,1410758,0,1247784,561,0,0,0,0,0,0,0
1786398055316,5171936,1117632,1566224,1446864,8388592,0,315,0,82,0,1410758,0,1247784,561,0,0,0,0,0,0,0
1786398055826,5171936,1117632,1566224,1446864,8388592,0,315,0,82,0,1410758,0,1247784,561,0,0,0,0,0,0,0
1786398056328,5171936,1117632,1566224,1446864,8388592,0,315,0,82,0,1410758,0,1247784,561,0,0,0,0,0,0,0
1786398056840,5171936,1117632,1566224,1446864,8388592,0,315,0,82,0,1410758,0,1247784,561,0,0,0,0,0,0,0
1786398057349,5171936,1117632,1566224,1446864,8388592,0,315,0,82,0,1410758,0,1247784,561,0,0,0,0,0,0,0
1786398057861,5171936,1117632,1566224,1446864,8388592,0,315,0,82,0,1410758,0,1247784,561,0,0,0,0,0,0,0
1786398058365,5171936,1117632,1566224,1446864,8388592,0,315,0,82,0,1410758,0,1247784,561,0,0,0,0,0,0,0
1786398058868,5171936,1117632,1566224,1446864,8388592,0,315,0,82,0,1410758,0,1247784,561,0,0,0,0,0,0,0
1786398059375,5171936,1117632,1566224,1446864,8388592,0,315,0,82,0,1410758,0,1247784,561,0,0,0,0,0,0,0
1786398059884,5171936,1117632,1566224,1446864,8388592,0,315,0,82,0,1410758,0,1247784,561,0,0,0,0,0,0,0
1786398060390,5171936,1117632,1566224,1446864,8388592,0,315,0,82,0,1410758,0,1247784,561,0,0,0,0,0,0,0
1786398060891,5171936,1117632,1566224,1446864,8388592,0,315,0,82,0,1410758,0,1247784,561,0,0,0,0,0,0,0
1786398061393,5171936,1117632,1566224,1446864,8388592,0,315,0,82,0,1410758,0,1247784,561,0,0,0,0,0,0,0
1786398061897,5171936,1117632,1566224,1446864,8388592,0,315,0,82,0,1410758,0,1247784,561,0,0,0,0,0,0,0
1786398062410,5171936,1117632,1566224,1446864,8388592,0,315,0,82,0,1410758,0,1247784,561,0,0,0,0,0,0,0
1786398062913,5171936,1117632,1566224,1446864,8388592,0,315,0,82,0,1410758,0,1247784,561,0,0,0,0,0,0,0
1786398063416,5171936,1117632,1566224,1446864,8388592,0,315,0,82,0,1410758,0,1247784,561,0,0,0,0,0,0,0
1786398063928,5171936,1117632,1566224,1446864,8388592,0,315,0,82,0,1410758,0,1247784,561,0,0,0,0,0,0,0
1786398064431,5171936,1117632,1566224,1446864,8388592,0,315,0,82,0,1410758,0,1247784,561,0,0,0,0,0,0,0
1786398064941,5171936,1117632,1566224,1446864,8388592,0,315,0,82,0,1410758,0,1247784,561,0,0,0,0,0,0,0
1786398065448,5171936,1117632,1566224,1446864,8388592,0,315,0,82,0,1410758,0,1247784,561,0,0,0,0,0,0,0
1786398065959,5171936,1117632,1566224,1446864,8388592,0,315,0,82,0,1410758,0,1247784,561,0,0,0,0,0,0,0
1786398066470,5171936,1117632,1566224,1446864,8388592,0,315,0,82,0,1410758,0,1247784,561,0,0,0,0,0,0,0
1786398066981,5171936,1117632,1566224,1446864,8388592,0,315,0,82,0,1410758,0,1247784,561,0,0,0,0,0,0,0
1786398067487,5171936,1117632,1566224,1446864,8388592,0,315,0,82,0,1410758,0,1247784,561,0,0,0,0,0,0,0
1786398067993,5171936,1117632,1566224,1446864,8388592,0,315,0,82,0,1410758,0,1247784,561,0,0,0,0,0,0,0
1786398068504,5171936,1117632,1566224,1446864,8388592,0,315,0,82,0,1410758,0,1247784,561,0,0,0,0,0,0,0
1786398069010,5171936,1117632,1566224,1446864,8388592,0,315,0,82,0,1410758,0,1247784,561,0,0,0,0,0,0,0
1786398069519,5171936,1117632,1566224,1446864,8388592,0,315,0,82,0,1410758,0,1247784,561,0,0,0,0,0,0,0
1786398070031,5171936,1117632,1566224,1446864,8388592,0,315,0,82,0,1410758,0,1247784,561,0,0,0,0,0,0,0
1786398070533,5171936,1117632,1566224,1446864,8388592,0,315,0,82,0,1410758,0,1247784,561,0,0,0,0,0,0,0
1786398071044,5171936,1117632,1566224,1446864,8388592,0,315,0,82,0,1410758,0,1247784,561,0,0,0,0,0,0,0
1786398071546,5171936,1117632,1566224,1446864,8388592,0,315,0,82,0,1410758,0,1247784,561,0,0,0,0,0,0,0
1786398072053,5171936,1117632,1566224,1446864,8388592,0,315,0,82,0,1410758,0,1247784,561,0,0,0,0,0,0,0
1786398072556,5171936,1117632,1566224,1446864,8388592,0,315,0,82,0,1410758,0,1247784,561,0,0,0,0,0,0,0
1786398073062,5171936,1117632,1566224,1446864,8388592,0,315,0,82,0,1410758,0,1247784,561,0,0,0,0,0,0,0
1786398073565,5171936,1117632,1566224,1446864,8388592,0,315,0,82,0,1410758,0,1247784,561,0,0,0,0,0,0,0
1786398074076,5171936,1117632,1566224,1446864,8388592,0,315,0,82,0,1410758,0,1247784,561,0,0,0,0,0,0,0
1786398074587,5171936,1117632,1566224,1446864,8388592,0,315,0,82,0,1410758,0,1247784,561,0,0,0,0,0,0,0
1786398075094,5171936,1117632,1566224,1446864,8388592,0,315,0,82,0,1410758,0,1247784,561,0,0,0,0,0,0,0
1786398075600,5171936,1117632,1566224,1446864,8388592,0,315,0,82,0,1410758,0,1247784,561,0,0,0,0,0,0,0
1786398076111,5171936,1117632,1566224,1446864,8388592,0,315,0,82,0,1410758,0,1247784,561,0,0,0,0,0,0,0
1786398076615,5171936,1117632,1566224,1446864,8388592,0,315,0,82,0,1410758,0,1247784,561,0,0,0,0,0,0,0
1786398077127,5171936,1117632,1566224,1446864,8388592,0,315,0,82,0,1410758,0,1247784,561,0,0,0,0,0,0,0
1786398077634,5171936,1117632,1566224,1446864,8388592,0,315,0,82,0,1410758,0,1247784,561,0,0,0,0,0,0,0
1786398078140,5171936,1117632,1566224,1446864,8388592,0,315,0,82,0,1410758,0,1247784,561,0,0,0,0,0,0,0
1786398078647,5171936,1117632,1566224,1446864,8388592,0,315,0,82,0,1410758,0,1247784,561,0,0,0,0,0,0,0
1786398079151,5171936,1117632,1566224,1446864,8388592,0,315,0,82,0,1410758,0,1247784,561,0,0,0,0,0,0,0
1786398079655,5171936,1117632,1566224,1446864,8388592,0,315,0,82,0,1410758,0,1247784,561,0,0,0,0,0,0,0
1786398080160,5171936,1117632,1566224,1446864,8388592,0,315,0,82,0,1410758,0,1247784,561,0,0,0,0,0,0,0
1786398080662,5171936,1117632,1566224,1446864,8388592,0,315,0,82,0,1410758,0,1247784,561,0,0,0,0,0,0,0
1786398081174,5171936,1117632,1566224,1446864,8388592,0,315,0,82,0,1410758,0,1247784,561,0,0,0,0,0,0,0
1786398081683,5171936,1117392,1565984,1446864,8388592,0,315,0,82,0,1410758,0,1247784,561,0,0,0,0,0,0,0
1786398082196,5171936,1117392,1565984,1446864,8388592,0,315,0,82,0,1410758,0,1247784,561,0,0,0,0,0,0,0
1786398082702,5171936,1117392,1565984,1446864,8388592,0,315,0,82,0,1410758,0,1247784,561,0,0,0,0,0,0,0
1786398083211,5171936,1117392,1565984,1446864,8388592,0,315,0,82,0,1410758,0,1247784,561,0,0,0,0,0,0,0
1786398083718,5171936,1117392,1565984,1446864,8388592,0,315,0,82,0,1410758,0,1247784,561,0,0,0,0,0,0,0
1786398084222,5171936,1117392,1565984,1446864,8388592,0,315,0,82,0,1410758,0,1247784,561,0,0,0,0,0,0,0
1786398084727,5171936,1117392,1565984,1446864,8388592,0,315,0,82,0,1410758,0,1247784,561,0,0,0,0,0,0,0
1786398085229,5171936,1117392,1565984,1446864,8388592,0,315,0,82,0,1410758,0,1247784,561,0,0,0,0,0,0,0
1786398085741,5171936,1117392,1565984,1446864,8388592,0,315,0,82,0,1410758,0,1247784,561,0,0,0,0,0,0,0
1786398086244,5171936,1116912,1565504,1446864,8388592,0,315,0,82,0,1410758,0,1247784,561,0,0,0,0,0,0,0
1786398086748,5171936,1116912,1565504,1446864,8388592,0,315,0,82,0,1410758,0,1247784,561,0,0,0,0,0,0,0
1786398087255,5171936,1116672,1565264,1446864,8388592,0,315,0,82,0,1410758,0,1247784,561,0,0,0,0,0,0,0
1786398087767,5171936,1116672,1565264,1446864,8388592,0,315,0,82,0,1410758,0,1247784,561,0,0,0,0,0,0,0
1786398088271,5171936,1116432,1565024,1446864,8388592,0,315,0,82,0,1410758,0,1247784,561,0,0,0,0,0,0,0
1786398088777,5171936,1116432,1565024,1446864,8388592,0,315,0,82,0,1410758,0,1247784,561,0,0,0,0,0,0,0
1786398089285,5171936,1116192,1564784,1446864,8388592,0,315,0,82,0,1410758,0,1247784,561,0,0,0,0,0,0,0
1786398089796,5171936,1116192,1564784,1446864,8388592,0,315,0,82,0,1410758,0,1247784,561,0,0,0,0,0,0,0
1786398090298,5171936,1116192,1564784,1446864,8388592,0,315,0,82,0,1410758,0,1247784,561,0,0,0,0,0,0,0
1786398090803,5171936,1116192,1564784,1446864,8388592,0,315,0,82,0,1410758,0,1247784,561,0,0,0,0,0,0,0
1786398091324,5171936,1116192,1564784,1446864,8388592,0,315,0,82,0,1410758,0,1247784,561,0,0,0,0,0,0,0
1786398091828,5171936,1116192,1564784,1446864,8388592,0,315,0,82,0,1410758,0,1247784,561,0,0,0,0,0,0,0
1786398092336,5171936,1115712,1564304,1446864,8388592,0,315,0,82,0,1410758,0,1247784,561,0,0,0,0,0,0,0
1786398092840,5171936,1115712,1564304,1446864,8388592,0,315,0,82,0,1410758,0,1247784,561,0,0,0,0,0,0,0
1786398093348,5171936,1115712,1564304,1446864,8388592,0,315,0,82,0,1410758,0,1247784,561,0,0,0,0,0,0,0
1786398093860,5171936,1115712,1564304,1446864,8388592,0,315,0,82,0,1410758,0,1247784,561,0,0,0,0,0,0,0
1786398094366,5171936,1115232,1563824,1446864,8388592,0,315,0,82,0,1410758,0,1247784,561,0,0,0,0,0,0,0
1786398094868,5171936,1115232,1563824,1446864,8388592,0,315,0,82,0,1410758,0,1247784,561,0,0,0,0,0,0,0
1786398095369,5171936,1115232,1563824,1446864,8388592,0,315,0,82,0,1410758,0,1247784,561,0,0,0,0,0,0,0
1786398095877,5171936,1115232,1563824,1446864,8388592,0,315,0,82,0,1410758,0,1247784,561,0,0,0,0,0,0,0
1786398096389,5171936,1114752,1563344,1446864,8388592,0,315,0,82,0,1410758,0,1247784,561,0,0,0,0,0,0,0
1786398096898,5171936,1114752,1563344,1446864,8388592,0,315,0,82,0,1410758,0,1247784,561,0,0,0,0,0,0,0
1786398097409,5171936,1114512,1563104,1446864,8388592,0,315,0,82,0,1410758,0,1247784,561,0,0,0,0,0,0,0
1786398097915,5171936,1114512,1563104,1446864,8388592,0,315,0,82,0,1410758,0,1247784,561,0,0,0,0,0,0,0
1786398098420,5171936,1114512,1563104,1446864,8388592,0,315,0,82,0,1410758,0,1247784,561,0,0,0,0,0,0,0
1786398098929,5171936,1114512,1563104,1446864,8388592,0,315,0,82,0,1410758,0,1247784,561,0,0,0,0,0,0,0
1786398099434,5171936,1114512,1563104,1446864,8388592,0,315,0,82,0,1410758,0,1247784,561,0,0,0,0,0,0,0
1786398099945,5171936,1114512,1563104,1446864,8388592,0,315,0,82,0,1410758,0,1247784,561,0,0,0,0,0,0,0
1786398100451,5171936,1114512,1563104,1446864,8388592,0,315,0,82,0,1410758,0,1247784,561,0,0,0,0,0,0,0
1786398100963,5171936,1114512,1563104,1446864,8388592,0,315,0,82,0,1410758,0,1247784,561,0,0,0,0,0,0,0
1786398101468,5171936,1114272,1562864,1446864,8388592,0,315,0,82,0,1410758,0,1247784,561,0,0,0,0,0,0,0
1786398101980,5171936,1114032,1562624,1446864,8388592,0,315,0,82,0,1410758,0,1247784,561,0,0,0,0,0,0,0
1786398102486,5171936,1114032,1562624,1446864,8388592,0,315,0,82,0,1410758,0,1247784,561,0,0,0,0,0,0,0
1786398102988,5171936,1114032,1562624,1446864,8388592,0,315,0,82,0,1410758,0,1247784,561,0,0,0,0,0,0,0
1786398103491,5171936,1113792,1562384,1446864,8388592,0,315,0,82,0,1410758,0,1247784,561,0,0,0,0,0,0,0
1786398103996,5171936,1113792,1562384,1446864,8388592,0,315,0,82,0,1410758,0,1247784,561,0,0,0,0,0,0,0
1786398104498,5171936,1113552,1562144,1446864,8388592,0,315,0,82,0,1410758,0,1247784,561,0,0,0,0,0,0,0
1786398105004,5171936,1113552,1562144,1446864,8388592,0,315,0,82,0,1410758,0,1247784,561,0,0,0,0,0,0,0
1786398105516,5171936,1113552,1562144,1446864,8388592,0,315,0,82,0,1410758,0,1247784,561,0,0,0,0,0,0,0
1786398106028,5171936,1113552,1562144,1446864,8388592,0,315,0,82,0,1410758,0,1247784,561,0,0,0,0,0,0,0
1786398106536,5171936,1113072,1561664,1446864,8388592,0,315,0,82,0,1410758,0,1247784,561,0,0,0,0,0,0,0
1786398107038,5171936,1113072,1561664,1446864,8388592,0,315,0,82,0,1410758,0,1247784,561,0,0,0,0,0,0,0
1786398107540,5171936,1113072,1561664,1446864,8388592,0,315,0,82,0,1410758,0,1247784,561,0,0,0,0,0,0,0
1786398108049,5171936,1113072,1561664,1446864,8388592,0,315,0,82,0,1410758,0,1247784,561,0,0,0,0,0,0,0
1786398108556,5171936,1112592,1561184,1446880,8388592,0,315,0,82,0,1410758,0,1247784,561,0,0,0,0,0,0,0
1786398109069,5171936,1112592,1561184,1446880,8388592,0,315,0,82,0,1410758,0,1247784,561,0,0,0,0,0,0,0
1786398109577,5171936,1112592,1561184,1446880,8388592,0,315,0,82,0,1410758,0,1247784,561,0,0,0,0,0,0,0
1786398110086,5171936,1112592,1561184,1446880,8388592,0,315,0,82,0,1410758,0,1247784,561,0,0,0,0,0,0,0
1786398110597,5171936,1112352,1560944,1446880,8388592,0,315,0,82,0,1410758,0,1247784,561,0,0,0,0,0,0,0
1786398111109,5171936,1112352,1560944,1446880,8388592,0,315,0,82,0,1410758,0,1247784,561,0,0,0,0,0,0,0
1786398111611,5171936,1112352,1560944,1446880,8388592,0,315,0,82,0,1410758,0,1247784,561,0,0,0,0,0,0,0
1786398112117,5171936,1112352,1560944,1446880,8388592,0,315,0,82,0,1410758,0,1247784,561,0,0,0,0,0,0,0
1786398112628,5171936,1112352,1560944,1446880,8388592,0,315,0,82,0,1410758,0,1247784,561,0,0,0,0,0,0,0
1786398113135,5171936,1112352,1560944,1446880,8388592,0,315,0,82,0,1410758,0,1247784,561,0,0,0,0,0,0,0
1786398113647,5171936,1112352,1560944,1446880,8388592,0,315,0,82,0,1410758,0,1247784,561,0,0,0,0,0,0,0
1786398114155,5171936,1112352,1560944,1446880,8388592,0,315,0,82,0,1410758,0,1247784,561,0,0,0,0,0,0,0
1786398114662,5171936,1112352,1560944,1446880,8388592,0,315,0,82,0,1410758,0,1247784,561,0,0,0,0,0,0,0
1786398115167,5171936,1112352,1560944,1446880,8388592,0,315,0,82,0,1410758,0,1247784,561,0,0,0,0,0,0,0
1786398115670,5171936,1111632,1560224,1446880,8388592,0,315,0,82,0,1410758,0,1247784,561,0,0,0,0,0,0,0
1786398116171,5171936,1111632,1560224,1446880,8388592,0,315,0,82,0,1410758,0,1247784,561,0,0,0,0,0,0,0
1786398116677,5171936,1111632,1560224,1446880,8388592,0,315,0,82,0,1410758,0,1247784,561,0,0,0,0,0,0,0
1786398117184,5171936,1111632,1560224,1446880,8388592,0,315,0,82,0,1410758,0,1247784,561,0,0,0,0,0,0,0
1786398117695,5171936,1111392,1559984,1446880,8388592,0,315,0,82,0,1410758,0,1247784,561,0,0,0,0,0,0,0
1786398118199,5171936,1111392,1559984,1446880,8388592,0,315,0,82,0,1410758,0,1247784,561,0,0,0,0,0,0,0
1786398118702,5171936,1111392,1559984,1446880,8388592,0,315,0,82,0,1410758,0,1247784,561,0,0,0,0,0,0,0
1786398119213,5171936,1111392,1559984,1446880,8388592,0,315,0,82,0,1410758,0,1247784,561,0,0,0,0,0,0,0
1786398119716,5171936,1111392,1559984,1446880,8388592,0,315,0,82,0,1410758,0,1247784,561,0,0,0,0,0,0,0
1786398120221,5171936,1111392,1559984,1446880,8388592,0,315,0,82,0,1410758,0,1247784,561,0,0,0,0,0,0,0
1786398120732,5171936,1111392,1559984,1446880,8388592,0,315,0,82,0,1410758,0,1247784,561,0,0,0,0,0,0,0
1786398121237,5171936,1111392,1559984,1446880,8388592,0,315,0,82,0,1410758,0,1247784,561,0,0,0,0,0,0,0
1786398121750,5171936,1111392,1559984,1446880,8388592,0,315,0,82,0,1410758,0,1247784,561,0,0,0,0,0,0,0
1786398122252,5171936,1111392,1559984,1446880,8388592,0,315,0,82,0,1410758,0,1247784,561,0,0,0,0,0,0,0
1786398122757,5171936,1111392,1559984,1446880,8388592,0,315,0,82,0,1410758,0,1247784,561,0,0,0,0,0,0,0
1786398123261,5171936,1111392,1559984,1446880,8388592,0,315,0,82,0,1410758,0,1247784,561,0,0,0,0,0,0,0
1786398123763,5171936,1111392,1559984,1446880,8388592,0,315,0,82,0,1410758,0,1247784,561,0,0,0,0,0,0,0
1786398124267,5171936,1111392,1559984,1446880,8388592,0,315,0,82,0,1410758,0,1247784,561,0,0,0,0,0,0,0
1786398124778,5171936,1111392,1559984,1446880,8388592,0,315,0,82,0,1410758,0,1247784,561,0,0,0,0,0,0,0
1786398125290,5171936,1111392,1559984,1446880,8388592,0,315,0,82,0,1410758,0,1247784,561,0,0,0,0,0,0,0
1786398125811,5171936,1111392,1559984,1446880,8388592,0,315,0,82,0,1410758,0,1247784,561,0,0,0,0,0,0,0
1786398126323,5171936,1110912,1559504,1446880,8388592,0,315,0,82,0,1410758,0,1247784,561,0,0,0,0,0,0,0
1786398126832,5171936,1110912,1559504,1446880,8388592,0,315,0,82,0,1410758,0,1247784,561,0,0,0,0,0,0,0
1786398127336,5171936,1110912,1559504,1446880,8388592,0,315,0,82,0,1410758,0,1247784,561,0,0,0,0,0,0,0
1786398127846,5171936,1110912,1559504,1446880,8388592,0,315,0,82,0,1410758,0,1247784,561,0,0,0,0,0,0,0
1786398128352,5171936,1110912,1559504,1446880,8388592,0,315,0,82,0,1410758,0,1247784,561,0,0,0,0,0,0,0
1786398128861,5171936,1110912,1559504,1446880,8388592,0,315,0,82,0,1410758,0,1247784,561,0,0,0,0,0,0,0
1786398129365,5171936,1110912,1559504,1446880,8388592,0,315,0,82,0,1410758,0,1247784,561,0,0,0,0,0,0,0
1786398129877,5171936,1110912,1559504,1446880,8388592,0,315,0,82,0,1410758,0,1247784,561,0,0,0,0,0,0,0
1786398130379,5171936,1110912,1559504,1446880,8388592,0,315,0,82,0,1410758,0,1247784,561,0,0,0,0,0,0,0
1786398130891,5171936,1110672,1559264,1446880,8388592,0,315,0,82,0,1410758,0,1247784,561,0,0,0,0,0,0,0
1786398131392,5171936,1110672,1559264,1446880,8388592,0,315,0,82,0,1410758,0,1247784,561,0,0,0,0,0,0,0
1786398131901,5171936,1110672,1559264,1446880,8388592,0,315,0,82,0,1410758,0,1247784,561,0,0,0,0,0,0,0
1786398132404,5171936,1110672,1559264,1446880,8388592,0,315,0,82,0,1410758,0,1247784,561,0,0,0,0,0,0,0
1786398132914,5171936,1110672,1559264,1446880,8388592,0,315,0,82,0,1410758,0,1247784,561,0,0,0,0,0,0,0
1786398133425,5171936,1110192,1558784,1446880,8388592,0,315,0,82,0,1410758,0,1247784,561,0,0,0,0,0,0,0
1786398133929,5171936,1110192,1558784,1446880,8388592,0,315,0,82,0,1410758,0,1247784,561,0,0,0,0,0,0,0
1786398134436,5171936,1110192,1558784,1446880,8388592,0,315,0,82,0,1410758,0,1247784,561,0,0,0,0,0,0,0
1786398134946,5171936,1110192,1558784,1446880,8388592,0,315,0,82,0,1410758,0,1247784,561,0,0,0,0,0,0,0
1786398135458,5171936,1110192,1558784,1446880,8388592,0,315,0,82,0,1410758,0,1247784,561,0,0,0,0,0,0,0
1786398135961,5171936,1110192,1558784,1446880,8388592,0,315,0,82,0,1410758,0,1247784,561,0,0,0,0,0,0,0
1786398136462,5171936,1109952,1558544,1446880,8388592,0,315,0,82,0,1410758,0,1247784,561,0,0,0,0,0,0,0
1786398136973,5171936,1109952,1558544,1446880,8388592,0,315,0,82,0,1410758,0,1247784,561,0,0,0,0,0,0,0
1786398137475,5171936,1109952,1558544,1446880,8388592,0,315,0,82,0,1410758,0,1247784,561,0,0,0,0,0,0,0
1786398137986,5171936,1109952,1558544,1446880,8388592,0,315,0,82,0,1410758,0,1247784,561,0,0,0,0,0,0,0
1786398138494,5171936,1109712,1558304,1446880,8388592,0,315,0,82,0,1410758,0,1247784,561,0,0,0,0,0,0,0
1786398139003,5171936,1109712,1558304,1446880,8388592,0,315,0,82,0,1410758,0,1247784,561,0,0,0,0,0,0,0
1786398139509,5171936,1109712,1558304,1446880,8388592,0,315,0,82,0,1410758,0,1247784,561,0,0,0,0,0,0,0
1786398140020,5171936,1109712,1558304,1446880,8388592,0,315,0,82,0,1410758,0,1247784,561,0,0,0,0,0,0,0
1786398140529,5171936,1109712,1558304,1446880,8388592,0,315,0,82,0,1410758,0,1247784,561,0,0,0,0,0,0,0
1786398141036,5171936,1109712,1558304,1446880,8388592,0,315,0,82,0,1410758,0,1247784,561,0,0,0,0,0,0,0
1786398141545,5171936,1109472,1558064,1446880,8388592,0,315,0,82,0,1410758,0,1247784,561,0,0,0,0,0,0,0
1786398142048,5171936,1109472,1558064,1446880,8388592,0,315,0,82,0,1410758,0,1247784,561,0,0,0,0,0,0,0
1786398142561,5171936,1109472,1558064,1446880,8388592,0,315,0,82,0,1410758,0,1247784,561,0,0,0,0,0,0,0
1786398143071,5171936,1109472,1558064,1446880,8388592,0,315,0,82,0,1410758,0,1247784,561,0,0,0,0,0,0,0
1786398143578,5171936,1109472,1558064,1446880,8388592,0,315,0,82,0,1410758,0,1247784,561,0,0,0,0,0,0,0
1786398144080,5171936,1109472,1558064,1446880,8388592,0,315,0,82,0,1410758,0,1247784,561,0,0,0,0,0,0,0
1786398144585,5171936,1109232,1557824,1446880,8388592,0,315,0,82,0,1410758,0,1247784,561,0,0,0,0,0,0,0
1786398145086,5171936,1109232,1557824,1446880,8388592,0,315,0,82,0,1410758,0,1247784,561,0,0,0,0,0,0,0
1786398145588,5171936,1109232,1557824,1446880,8388592,0,315,0,82,0,1410758,0,1247784,561,0,0,0,0,0,0,0
1786398146094,5171936,1109232,1557824,1446880,8388592,0,315,0,82,0,1410758,0,1247784,561,0,0,0,0,0,0,0
1786398146606,5171936,1109232,1557824,1446880,8388592,0,315,0,82,0,1410758,0,1247784,561,0,0,0,0,0,0,0
1786398147112,5171936,1108992,1557584,1446880,8388592,0,315,0,82,0,1410758,0,1247784,561,0,0,0,0,0,0,0
1786398147621,5171936,1108992,1557584,1446880,8388592,0,315,0,82,0,1410758,0,1247784,561,0,0,0,0,0,0,0
1786398148133,5171936,1108992,1557584,1446880,8388592,0,315,0,82,0,1410758,0,1247784,561,0,0,0,0,0,0,0
1786398148634,5171936,1108992,1557584,1446880,8388592,0,315,0,82,0,1410758,0,1247784,561,0,0,0,0,0,0,0
1786398149136,5171936,1108992,1557584,1446880,8388592,0,315,0,82,0,1410758,0,1247784,561,0,0,0,0,0,0,0
1786398149642,5171936,1108992,1557584,1446880,8388592,0,315,0,82,0,1410758,0,1247784,561,0,0,0,0,0,0,0
1786398150146,5171936,1108992,1557584,1446880,8388592,0,315,0,82,0,1410758,0,1247784,561,0,0,0,0,0,0,0
1786398150653,5171936,1108992,1557584,1446880,8388592,0,315,0,82,0,1410758,0,1247784,561,0,0,0,0,0,0,0
1786398151158,5171936,1108992,1557584,1446880,8388592,0,315,0,82,0,1410758,0,1247784,561,0,0,0,0,0,0,0
1786398151662,5171936,1108512,1557104,1446880,8388592,0,315,0,82,0,1410758,0,1247784,561,0,0,0,0,0,0,0
1786398152173,5171936,1108512,1557104,1446880,8388592,0,315,0,82,0,1410758,0,1247784,561,0,0,0,0,0,0,0
1786398152681,5171936,1108512,1557104,1446880,8388592,0,315,0,82,0,1410758,0,1247784,561,0,0,0,0,0,0,0
1786398153190,5171936,1108512,1557104,1446880,8388592,0,315,0,82,0,1410758,0,1247784,561,0,0,0,0,0,0,0
1786398153692,5171936,1108512,1557104,1446880,8388592,0,315,0,82,0,1410758,0,1247784,561,0,0,0,0,0,0,0
1786398154201,5171936,1108032,1556624,1446880,8388592,0,315,0,82,0,1410758,0,1247784,561,0,0,0,0,0,0,0
1786398154711,5171936,1108032,1556624,1446880,8388592,0,315,0,82,0,1410758,0,1247784,561,0,0,0,0,0,0,0
1786398155214,5171936,1108032,1556624,1446880,8388592,0,315,0,82,0,1410758,0,1247784,561,0,0,0,0,0,0,0
1786398155718,5171936,1107792,1556384,1446880,8388592,0,315,0,82,0,1410758,0,1247784,561,0,0,0,0,0,0,0
1786398156222,5171936,1107552,1556144,1446880,8388592,0,315,0,82,0,1418888,0,1255898,561,0,0,0,0,0,0,0
1786398156730,5188656,1107552,1556144,1446880,8388592,0,315,0,82,0,1418888,0,1255898,561,0,0,0,0,0,0,0
1786398157240,5188656,1107552,1556144,1446880,8388592,0,315,0,82,0,1418888,0,1255898,561,0,0,0,0,0,0,0
1786398157751,5205616,1122112,1570704,1446880,8388592,0,315,0,82,0,1418888,0,1255898,561,0,0,0,0,0,0,0
1786398158260,5205616,1122672,1571264,1446880,8388592,0,315,0,82,0,1418888,0,1255898,561,0,0,0,0,0,0,0
1786398158770,5205616,1122432,1571024,1446880,8388592,0,315,0,82,0,1418888,0,1255898,561,0,0,0,0,0,0,0
1786398159279,5205616,1122432,1571024,1446880,8388592,0,315,0,82,0,1418888,0,1255898,561,0,0,0,0,0,0,0
1786398159791,5205616,1122432,1571024,1446880,8388592,0,315,0,82,0,1418888,0,1255898,561,0,0,0,0,0,0,0
1786398160298,5205616,1122432,1571024,1446880,8388592,0,315,0,82,0,1418888,0,1255898,561,0,0,0,0,0,0,0
1786398160811,5205616,1122192,1570784,1446880,8388592,0,315,0,82,0,1418888,0,1255898,561,0,0,0,0,0,0,0
1786398161323,5205616,1122192,1570784,1446880,8388592,0,315,0,82,0,1418888,0,1255898,561,0,0,0,0,0,0,0
1786398161835,5205616,1122192,1570784,1446880,8388592,0,315,0,82,0,1418888,0,1255898,561,0,0,0,0,0,0,0
1786398162345,5205616,1122192,1570784,1446880,8388592,0,315,0,82,0,1418888,0,1255898,561,0,0,0,0,0,0,0
1786398162847,5205616,1121952,1570544,1446880,8388592,0,315,0,82,0,1418888,0,1255898,561,0,0,0,0,0,0,0
1786398163358,5205616,1121712,1570304,1446880,8388592,0,315,0,82,0,1418888,0,1255898,561,0,0,0,0,0,0,0
1786398163863,5205616,1121712,1570304,1446880,8388592,0,315,0,82,0,1418888,0,1255898,561,0,0,0,0,0,0,0
1786398164369,5205616,1121472,1570064,1446880,8388592,0,315,0,82,0,1418888,0,1255898,561,0,0,0,0,0,0,0
1786398164873,5205616,1121472,1570064,1446880,8388592,0,315,0,82,0,1418888,0,1255898,561,0,0,0,0,0,0,0
1786398165378,5205616,1121472,1570064,1446880,8388592,0,315,0,82,0,1418888,0,1255898,561,0,0,0,0,0,0,0
1786398165885,5205616,1121472,1570064,1446880,8388592,0,315,0,82,0,1418888,0,1255898,561,0,0,0,0,0,0,0
1786398166387,5205616,1121472,1570064,1446880,8388592,0,315,0,82,0,1418888,0,1255898,561,0,0,0,0,0,0,0
1786398166894,5205616,1121472,1570064,1446880,8388592,0,315,0,82,0,1418888,0,1255898,561,0,0,0,0,0,0,0
1786398167402,5205616,1121472,1570064,1446880,8388592,0,315,0,82,0,1418888,0,1255898,561,0,0,0,0,0,0,0
1786398167913,5205616,1121472,1570064,1446880,8388592,0,315,0,82,0,1418888,0,1255898,561,0,0,0,0,0,0,0
1786398168424,5205616,1121472,1570064,1446880,8388592,0,315,0,82,0,1418888,0,1255898,561,0,0,0,0,0,0,0
1786398168936,5205616,1121472,1570064,1446880,8388592,0,315,0,82,0,1418888,0,1255898,561,0,0,0,0,0,0,0
1786398169449,5205616,1121472,1570064,1446880,8388592,0,315,0,82,0,1418888,0,1255898,561,0,0,0,0,0,0,0
1786398169951,5205616,1121472,1570064,1446880,8388592,0,315,0,82,0,1418888,0,1255898,561,0,0,0,0,0,0,0
1786398170452,5205616,1121472,1570064,1446880,8388592,0,315,0,82,0,1427382,0,1264392,561,0,0,0,0,0,0,0
1786398170960,5205616,1121472,1570048,1446880,8388592,0,315,0,82,0,1427382,0,1264392,561,0,0,0,0,0,0,0
1786398171468,5205616,1121472,1570048,1446880,8388592,0,315,0,82,0,1427382,0,1264392,561,0,0,0,0,0,0,0
1786398171978,5205616,1121472,1570048,1446880,8388592,0,315,0,82,0,1427382,0,1264392,561,0,0,0,0,0,0,0
1786398172488,5205616,1120992,1569568,1446880,8388592,0,315,0,82,0,1427382,0,1264392,561,0,0,0,0,0,0,0
1786398172992,5205616,1120992,1569568,1446880,8388592,0,315,0,82,0,1427382,0,1264392,561,0,0,0,0,0,0,0
1786398173506,5205616,1120992,1569584,1446880,8388592,0,315,0,82,0,1427382,0,1264392,561,0,0,0,0,0,0,0
1786398174012,5205616,1120992,1569584,1446880,8388592,0,315,0,82,0,1427382,0,1264392,561,0,0,0,0,0,0,0
1786398174518,5205616,1120992,1569584,1446880,8388592,0,315,0,82,0,1427382,0,1264392,561,0,0,0,0,0,0,0
1786398175021,5205616,1120992,1569584,1446880,8388592,0,315,0,82,0,1427382,0,1264392,561,0,0,0,0,0,0,0
1786398175523,5205616,1120992,1569584,1446880,8388592,0,315,0,82,0,1427382,0,1264392,561,0,0,0,0,0,0,0
1786398176024,5205616,1120992,1569584,1446880,8388592,0,315,0,82,0,1427382,0,1264392,561,0,0,0,0,0,0,0
1786398176536,5205616,1120992,1569584,1446880,8388592,0,315,0,82,0,1427382,0,1264392,561,0,0,0,0,0,0,0
1786398177047,5205616,1120992,1569584,1446880,8388592,0,315,0,82,0,1427382,0,1264392,561,0,0,0,0,0,0,0
1786398177556,5205616,1120992,1569584,1446880,8388592,0,315,0,82,0,1427382,0,1264392,561,0,0,0,0,0,0,0
1786398178067,5205616,1120992,1569584,1446880,8388592,0,315,0,82,0,1427382,0,1264392,561,0,0,0,0,0,0,0
1786398178571,5205616,1120992,1569584,1446880,8388592,0,315,0,82,0,1427382,0,1264392,561,0,0,0,0,0,0,0
1786398179076,5205616,1120992,1569584,1446880,8388592,0,315,0,82,0,1427382,0,1264392,561,0,0,0,0,0,0,0
1786398179586,5205616,1120992,1569584,1446880,8388592,0,315,0,82,0,1427382,0,1264392,561,0,0,0,0,0,0,0
1786398180088,5205616,1120992,1569584,1446880,8388592,0,315,0,82,0,1427382,0,1264392,561,0,0,0,0,0,0,0
1786398180589,5205616,1120992,1569584,1446880,8388592,0,315,0,82,0,1427382,0,1264392,561,0,0,0,0,0,0,0
1786398181100,5205616,1119216,1567792,1446880,8388592,0,315,0,82,0,1427545,0,1264555,561,0,0,0,0,0,0,0
1786398181613,5205616,1118112,1566688,1446880,8388592,0,315,0,82,0,1427545,0,1264555,561,0,0,0,0,0,0,0
1786398182120,5205616,1118112,1566688,1446880,8388592,0,315,0,82,0,1427545,0,1264555,561,0,0,0,0,0,0,0
1786398182625,5205616,1118112,1566688,1446880,8388592,0,315,0,82,0,1427545,0,1264555,561,0,0,0,0,0,0,0
1786398183136,5205616,1118112,1566688,1446880,8388592,0,315,0,82,0,1427545,0,1264555,561,0,0,0,0,0,0,0
1786398183638,5205616,1118112,1566688,1446880,8388592,0,315,0,82,0,1427545,0,1264555,561,0,0,0,0,0,0,0
1786398184149,5205616,1118112,1566688,1446880,8388592,0,315,0,82,0,1427545,0,1264555,561,0,0,0,0,0,0,0
1786398184661,5205616,1121184,1569776,1446880,8388592,0,315,0,82,0,1427545,0,1264555,561,0,0,0,0,0,0,0
1786398185170,5205616,1121184,1569776,1446880,8388592,0,315,0,82,0,1427545,0,1264555,561,0,0,0,0,0,0,0
1786398185678,5205616,1121184,1569776,1446880,8388592,0,315,0,82,0,1427545,0,1264555,561,0,0,0,0,0,0,0
1786398186181,5205616,1121184,1569776,1446880,8388592,0,315,0,82,0,1427545,0,1264555,561,0,0,0,0,0,0,0
1786398186687,5205616,1121184,1569776,1446880,8388592,0,315,0,82,0,1427545,0,1264555,561,0,0,0,0,0,0,0
1786398187191,5205616,1121184,1569776,1446880,8388592,0,315,0,82,0,1436350,0,1273298,561,0,0,0,0,0,0,0
1786398187701,5205616,1121184,1569776,1446880,8388592,0,315,0,82,0,1436350,0,1273298,561,0,0,0,0,0,0,0
1786398188203,5205616,1121184,1569776,1446880,8388592,0,315,0,82,0,1436350,0,1273298,561,0,0,0,0,0,0,0
1786398188712,5205616,1121184,1569776,1446880,8388592,0,315,0,82,0,1436350,0,1273298,561,0,0,0,0,0,0,0
1786398189220,5205616,1121184,1569776,1446880,8388592,0,315,0,82,0,1436350,0,1273298,561,0,0,0,0,0,0,0
1786398189728,5205616,1121184,1569776,1446896,8388592,0,315,0,82,0,1436350,0,1273298,561,0,0,0,0,0,0,0
1786398190231,5205616,1121184,1569776,1446896,8388592,0,315,0,82,0,1436350,0,1273298,561,0,0,0,0,0,0,0
1786398190742,5205616,1121184,1569776,1446896,8388592,0,315,0,82,0,1436350,0,1273298,561,0,0,0,0,0,0,0
1786398191255,5205616,1121184,1569776,1446896,8388592,0,315,0,82,0,1436350,0,1273298,561,0,0,0,0,0,0,0
1786398191756,5205616,1121184,1569776,1446896,8388592,0,315,0,82,0,1436350,0,1273298,561,0,0,0,0,0,0,0
1786398192266,5205616,1121184,1569776,1446896,8388592,0,315,0,82,0,1436350,0,1273298,561,0,0,0,0,0,0,0
1786398192770,5205616,1121184,1569776,1446896,8388592,0,315,0,82,0,1436350,0,1273298,561,0,0,0,0,0,0,0
1786398193273,5205616,1121184,1569776,1446896,8388592,0,315,0,82,0,1436350,0,1273298,561,0,0,0,0,0,0,0
1786398193776,5205616,1121184,1569776,1446896,8388592,0,315,0,82,0,1436350,0,1273298,561,0,0,0,0,0,0,0
1786398194287,5205616,1121184,1569776,1446896,8388592,0,315,0,82,0,1436350,0,1273298,561,0,0,0,0,0,0,0
1786398194789,5205616,1121184,1569776,1446896,8388592,0,315,0,82,0,1436350,0,1273298,561,0,0,0,0,0,0,0
1786398195301,5205616,1121184,1569776,1446896,8388592,0,315,0,82,0,1436350,0,1273298,561,0,0,0,0,0,0,0
1786398195814,5205616,1121184,1569776,1446896,8388592,0,315,0,82,0,1436350,0,1273298,561,0,0,0,0,0,0,0
1786398196326,5205616,1121184,1569776,1446896,8388592,0,315,0,82,0,1436350,0,1273298,561,0,0,0,0,0,0,0
1786398196838,5205616,1121184,1569776,1446896,8388592,0,315,0,82,0,1436350,0,1273298,561,0,0,0,0,0,0,0
1786398197348,5205616,1121184,1569776,1446896,8388592,0,315,0,82,0,1436350,0,1273298,561,0,0,0,0,0,0,0
1786398197851,5205616,1121184,1569776,1446896,8388592,0,315,0,82,0,1436350,0,1273298,561,0,0,0,0,0,0,0
1786398198353,5205616,1121184,1569776,1446896,8388592,0,315,0,82,0,1436350,0,1273298,561,0,0,0,0,0,0,0
1786398198863,5205616,1121184,1569776,1446896,8388592,0,315,0,82,0,1436350,0,1273298,561,0,0,0,0,0,0,0
1786398199363,5205616,1121184,1569776,1446896,8388592,0,315,0,82,0,1436350,0,1273298,561,0,0,0,0,0,0,0
1786398199868,5205616,1121184,1569776,1446896,8388592,0,315,0,82,0,1436350,0,1273298,561,0,0,0,0,0,0,0
1786398200373,5205616,1121184,1569776,1446896,8388592,0,315,0,82,0,1436350,0,1273298,561,0,0,0,0,0,0,0
1786398200885,5205616,1121184,1569776,1446896,8388592,0,315,0,82,0,1436350,0,1273298,561,0,0,0,0,0,0,0
1786398201389,5205616,1121184,1569776,1446896,8388592,0,315,0,82,0,1436350,0,1273298,561,0,0,0,0,0,0,0
1786398201894,5205616,1121184,1569776,1446896,8388592,0,315,0,82,0,1436350,0,1273298,561,0,0,0,0,0,0,0
1786398202396,5205616,1121184,1569776,1446896,8388592,0,315,0,82,0,1436350,0,1273298,561,0,0,0,0,0,0,0
1786398202908,5205616,1121184,1569776,1446896,8388592,0,315,0,82,0,1436350,0,1273298,561,0,0,0,0,0,0,0
1786398203418,5205616,1121184,1569776,1446896,8388592,0,315,0,82,0,1436350,0,1273298,561,0,0,0,0,0,0,0
1786398203925,5205616,1121184,1569776,1446896,8388592,0,315,0,82,0,1436350,0,1273298,561,0,0,0,0,0,0,0
1786398204428,5205616,1121184,1569776,1446896,8388592,0,315,0,82,0,1436350,0,1273298,561,0,0,0,0,0,0,0
1786398204936,5205616,1121184,1569776,1446896,8388592,0,315,0,82,0,1436350,0,1273298,561,0,0,0,0,0,0,0
1786398205450,5205616,1121184,1569776,1446896,8388592,0,315,0,82,0,1436350,0,1273298,561,0,0,0,0,0,0,0
1786398205955,5205616,1121184,1569776,1446896,8388592,0,315,0,82,0,1436350,0,1273298,561,0,0,0,0,0,0,0
1786398206467,5205616,1121184,1569776,1446896,8388592,0,315,0,82,0,1436350,0,1273298,561,0,0,0,0,0,0,0
1786398206970,5205616,1121184,1569776,1446896,8388592,0,315,0,82,0,1436350,0,1273298,561,0,0,0,0,0,0,0
1786398207472,5205616,1121184,1569776,1446896,8388592,0,315,0,82,0,1436350,0,1273298,561,0,0,0,0,0,0,0
1786398207973,5205616,1121184,1569776,1446896,8388592,0,315,0,82,0,1436350,0,1273298,561,0,0,0,0,0,0,0
1786398208477,5205616,1121184,1569776,1446896,8388592,0,315,0,82,0,1436350,0,1273298,561,0,0,0,0,0,0,0
1786398208987,5205616,1121184,1569776,1446896,8388592,0,315,0,82,0,1436350,0,1273298,561,0,0,0,0,0,0,0
1786398209491,5205616,1121184,1569776,1446896,8388592,0,315,0,82,0,1436350,0,1273298,561,0,0,0,0,0,0,0
1786398210004,5205616,1121184,1569776,1446896,8388592,0,315,0,82,0,1436350,0,1273298,561,0,0,0,0,0,0,0
1786398210518,5205616,1121184,1569776,1446896,8388592,0,315,0,82,0,1436350,0,1273298,561,0,0,0,0,0,0,0
1786398211029,5205616,1121184,1569776,1446896,8388592,0,315,0,82,0,1436350,0,1273298,561,0,0,0,0,0,0,0
1786398211534,5205616,1121184,1569776,1446896,8388592,0,315,0,82,0,1436350,0,1273298,561,0,0,0,0,0,0,0
1786398212045,5205616,1121184,1569776,1446896,8388592,0,315,0,82,0,1436350,0,1273298,561,0,0,0,0,0,0,0
1786398212548,5205616,1121184,1569776,1446896,8388592,0,315,0,82,0,1436350,0,1273298,561,0,0,0,0,0,0,0
1786398213050,5205616,1120944,1569536,1446896,8388592,0,315,0,82,0,1436350,0,1273298,561,0,0,0,0,0,0,0
1786398213560,5205616,1120944,1569536,1446896,8388592,0,315,0,82,0,1436350,0,1273298,561,0,0,0,0,0,0,0
1786398214071,5205616,1120944,1569536,1446896,8388592,0,315,0,82,0,1436350,0,1273298,561,0,0,0,0,0,0,0
1786398214573,5205616,1120944,1569536,1446896,8388592,0,315,0,82,0,1436350,0,1273298,561,0,0,0,0,0,0,0
1786398215081,5205616,1120944,1569536,1446896,8388592,0,315,0,82,0,1436350,0,1273298,561,0,0,0,0,0,0,0
1786398215591,5205616,1120944,1569536,1446896,8388592,0,315,0,82,0,1436350,0,1273298,561,0,0,0,0,0,0,0
1786398216094,5205616,1120944,1569536,1446896,8388592,0,315,0,82,0,1436350,0,1273298,561,0,0,0,0,0,0,0
1786398216606,5205616,1120944,1569536,1446896,8388592,0,315,0,82,0,1436350,0,1273298,561,0,0,0,0,0,0,0
1786398217117,5205616,1120944,1569536,1446896,8388592,0,315,0,82,0,1454847,0,1291637,561,0,0,0,0,0,0,0
1786398217619,5205616,1120944,1569536,1446896,8388592,0,315,0,82,0,1454847,0,1291637,561,0,0,0,0,0,0,0
1786398218122,5205616,1120944,1569536,1446896,8388592,0,315,0,82,0,1454847,0,1291637,561,0,0,0,0,0,0,0
1786398218628,5205616,1120944,1569536,1446896,8388592,0,315,0,82,0,1454847,0,1291637,561,0,0,0,0,0,0,0
1786398219139,5205616,1120944,1569536,1446896,8388592,0,315,0,82,0,1454847,0,1291637,561,0,0,0,0,0,0,0
1786398219645,5205616,1120944,1569536,1446896,8388592,0,315,0,82,0,1454847,0,1291637,561,0,0,0,0,0,0,0
1786398220156,5205616,1120944,1569536,1446896,8388592,0,315,0,82,0,1454847,0,1291637,561,0,0,0,0,0,0,0
1786398220668,5205616,1120944,1569536,1446896,8388592,0,315,0,82,0,1454847,0,1291637,561,0,0,0,0,0,0,0
1786398221172,5205616,1120944,1569536,1446896,8388592,0,315,0,82,0,1454847,0,1291637,561,0,0,0,0,0,0,0
1786398221676,5205616,1120944,1569536,1446896,8388592,0,315,0,82,0,1454847,0,1291637,561,0,0,0,0,0,0,0
1786398222179,5205616,1120944,1569536,1446896,8388592,0,315,0,82,0,1454847,0,1291637,561,0,0,0,0,0,0,0
1786398222686,5205616,1120944,1569536,1446896,8388592,0,315,0,82,0,1454847,0,1291637,561,0,0,0,0,0,0,0
1786398223198,5205616,1120944,1569536,1446896,8388592,0,315,0,82,0,1454847,0,1291637,561,0,0,0,0,0,0,0
1786398223703,5205616,1120944,1569536,1446896,8388592,0,315,0,82,0,1454847,0,1291637,561,0,0,0,0,0,0,0
1786398224212,5205616,1120944,1569536,1446896,8388592,0,315,0,82,0,1454847,0,1291637,561,0,0,0,0,0,0,0
1786398224722,5205616,1120944,1569536,1446896,8388592,0,315,0,82,0,1454847,0,1291637,561,0,0,0,0,0,0,0
1786398225231,5205616,1120944,1569536,1446896,8388592,0,315,0,82,0,1454847,0,1291637,561,0,0,0,0,0,0,0
1786398225737,5205616,1120944,1569536,1446896,8388592,0,315,0,82,0,1454847,0,1291637,561,0,0,0,0,0,0,0
1786398226245,5205616,1120944,1569536,1446896,8388592,0,315,0,82,0,1454847,0,1291637,561,0,0,0,0,0,0,0
1786398226756,5205616,1120944,1569536,1446896,8388592,0,315,0,82,0,1454847,0,1291637,561,0,0,0,0,0,0,0
1786398227260,5205616,1120944,1569536,1446896,8388592,0,315,0,82,0,1454847,0,1291637,561,0,0,0,0,0,0,0
1786398227768,5205616,1120944,1569536,1446896,8388592,0,315,0,82,0,1454847,0,1291637,561,0,0,0,0,0,0,0
1786398228286,5205616,1120944,1569536,1446896,8388592,0,315,0,82,0,1454847,0,1291637,561,0,0,0,0,0,0,0
1786398228791,5205616,1120944,1569536,1446896,8388592,0,315,0,82,0,1454847,0,1291637,561,0,0,0,0,0,0,0
1786398229292,5205616,1120944,1569536,1446896,8388592,0,315,0,82,0,1454847,0,1291637,561,0,0,0,0,0,0,0
1786398229803,5205616,1120944,1569536,1446896,8388592,0,315,0,82,0,1454847,0,1291637,561,0,0,0,0,0,0,0
1786398230314,5205616,1120944,1569536,1446896,8388592,0,315,0,82,0,1454847,0,1291637,561,0,0,0,0,0,0,0
1786398230820,5205616,1120944,1569536,1446896,8388592,0,315,0,82,0,1454847,0,1291637,561,0,0,0,0,0,0,0
1786398231332,5205616,1120944,1569536,1446896,8388592,0,315,0,82,0,1454847,0,1291637,561,0,0,0,0,0,0,0
1786398231835,5205616,1120944,1569536,1446896,8388592,0,315,0,82,0,1458583,0,1295328,561,0,0,0,0,0,0,0
1786398232336,5205616,1120944,1569536,1446896,8388592,0,315,0,82,0,1458583,0,1295328,561,0,0,0,0,0,0,0
1786398232841,5205616,1120944,1569536,1446896,8388592,0,315,0,82,0,1458583,0,1295328,561,0,0,0,0,0,0,0
1786398233354,5205616,1120944,1569536,1446896,8388592,0,315,0,82,0,1458583,0,1295328,561,0,0,0,0,0,0,0
1786398233858,5205616,1120944,1569536,1446896,8388592,0,315,0,82,0,1458583,0,1295328,561,0,0,0,0,0,0,0
1786398234364,5205616,1120944,1569536,1446896,8388592,0,315,0,82,0,1458583,0,1295328,561,0,0,0,0,0,0,0
1786398234870,5205616,1120944,1569536,1446896,8388592,0,315,0,82,0,1458583,0,1295328,561,0,0,0,0,0,0,0
1786398235371,5205616,1120944,1569536,1446896,8388592,0,315,0,82,0,1458583,0,1295328,561,0,0,0,0,0,0,0
1786398235875,5205616,1120944,1569536,1446896,8388592,0,315,0,82,0,1458583,0,1295328,561,0,0,0,0,0,0,0
1786398236387,5205616,1120944,1569536,1446896,8388592,0,315,0,82,0,1458583,0,1295328,561,0,0,0,0,0,0,0
1786398236893,5205616,1120944,1569536,1446896,8388592,0,315,0,82,0,1458583,0,1295328,561,0,0,0,0,0,0,0
1786398237400,5205616,1120944,1569536,1446896,8388592,0,315,0,82,0,1458583,0,1295328,561,0,0,0,0,0,0,0
1786398237912,5205616,1120944,1569536,1446896,8388592,0,315,0,82,0,1458583,0,1295328,561,0,0,0,0,0,0,0
1786398238422,5205616,1120944,1569536,1446896,8388592,0,315,0,82,0,1458583,0,1295328,561,0,0,0,0,0,0,0
1786398238924,5205616,1120944,1569536,1446896,8388592,0,315,0,82,0,1458583,0,1295328,561,0,0,0,0,0,0,0
1786398239428,5205616,1120944,1569536,1446896,8388592,0,315,0,82,0,1458583,0,1295328,561,0,0,0,0,0,0,0
1786398239935,5205616,1120944,1569536,1446896,8388592,0,315,0,82,0,1458583,0,1295328,561,0,0,0,0,0,0,0
1786398240445,5205616,1120944,1569536,1446896,8388592,0,315,0,82,0,1458583,0,1295328,561,0,0,0,0,0,0,0
1786398240950,5205616,1120944,1569536,1446896,8388592,0,315,0,82,0,1458583,0,1295328,561,0,0,0,0,0,0,0
1786398241462,5205616,1120944,1569536,1446896,8388592,0,315,0,82,0,1458583,0,1295328,561,0,0,0,0,0,0,0
1786398241969,5205616,1120944,1569536,1446896,8388592,0,315,0,82,0,1458583,0,1295328,561,0,0,0,0,0,0,0
1786398242476,5205616,1120944,1569536,1446896,8388592,0,315,0,82,0,1458583,0,1295328,561,0,0,0,0,0,0,0
1786398242987,5205616,1120944,1569536,1446896,8388592,0,315,0,82,0,1458583,0,1295328,561,0,0,0,0,0,0,0
1786398243499,5205616,1120944,1569536,1446896,8388592,0,315,0,82,0,1458583,0,1295328,561,0,0,0,0,0,0,0
1786398244007,5205616,1120944,1569536,1446896,8388592,0,315,0,82,0,1458583,0,1295328,561,0,0,0,0,0,0,0
1786398244512,5205616,1120944,1569536,1446896,8388592,0,315,0,82,0,1458583,0,1295328,561,0,0,0,0,0,0,0
1786398245023,5205616,1120944,1569536,1446896,8388592,0,315,0,82,0,1458583,0,1295328,561,0,0,0,0,0,0,0
1786398245528,5205616,1120944,1569536,1446896,8388592,0,315,0,82,0,1458583,0,1295328,561,0,0,0,0,0,0,0
1786398246041,5205616,1120944,1569536,1446896,8388592,0,315,0,82,0,1458583,0,1295328,561,0,0,0,0,0,0,0
1786398246552,5205616,1120944,1569536,1446896,8388592,0,315,0,82,0,1458583,0,1295328,561,0,0,0,0,0,0,0
1786398247064,5205616,1120944,1569536,1446896,8388592,0,315,0,82,0,1458583,0,1295328,561,0,0,0,0,0,0,0
1786398247571,5205616,1120944,1569536,1446896,8388592,0,315,0,82,0,1458583,0,1295328,561,0,0,0,0,0,0,0
1786398248075,5205616,1120944,1569536,1446896,8388592,0,315,0,82,0,1458583,0,1295328,561,0,0,0,0,0,0,0
1786398248578,5205616,1120944,1569536,1446896,8388592,0,315,0,82,0,1458583,0,1295328,561,0,0,0,0,0,0,0
1786398249084,5205616,1120944,1569536,1446896,8388592,0,315,0,82,0,1458583,0,1295328,561,0,0,0,0,0,0,0
1786398249591,5205616,1120944,1569536,1446896,8388592,0,315,0,82,0,1458583,0,1295328,561,0,0,0,0,0,0,0
1786398250097,5205616,1120944,1569536,1446896,8388592,0,315,0,82,0,1458583,0,1295328,561,0,0,0,0,0,0,0
1786398250605,5205616,1120944,1569536,1446896,8388592,0,315,0,82,0,1458583,0,1295328,561,0,0,0,0,0,0,0
1786398251109,5205616,1120944,1569536,1446896,8388592,0,315,0,82,0,1458583,0,1295328,561,0,0,0,0,0,0,0
1786398251621,5205616,1120944,1569536,1446896,8388592,0,315,0,82,0,1458583,0,1295328,561,0,0,0,0,0,0,0
1786398252126,5205616,1120944,1569536,1446896,8388592,0,315,0,82,0,1458583,0,1295328,561,0,0,0,0,0,0,0
1786398252629,5205616,1120944,1569536,1446896,8388592,0,315,0,82,0,1458583,0,1295328,561,0,0,0,0,0,0,0
1786398253137,5205616,1120944,1569536,1446896,8388592,0,315,0,82,0,1458583,0,1295328,561,0,0,0,0,0,0,0
1786398253649,5205616,1120944,1569536,1446896,8388592,0,315,0,82,0,1458583,0,1295328,561,0,0,0,0,0,0,0
1786398254153,5205616,1120944,1569536,1446896,8388592,0,315,0,82,0,1458583,0,1295328,561,0,0,0,0,0,0,0
1786398254665,5205616,1120944,1569536,1446896,8388592,0,315,0,82,0,1458583,0,1295328,561,0,0,0,0,0,0,0
1786398255178,5205616,1120944,1569536,1446896,8388592,0,315,0,82,0,1458583,0,1295328,561,0,0,0,0,0,0,0
1786398255686,5205616,1120944,1569536,1446896,8388592,0,315,0,82,0,1458583,0,1295328,561,0,0,0,0,0,0,0
1786398256199,5205616,1120944,1569536,1446896,8388592,0,315,0,82,0,1458583,0,1295328,561,0,0,0,0,0,0,0
1786398256702,5205616,1120944,1569536,1446896,8388592,0,315,0,82,0,1458583,0,1295328,561,0,0,0,0,0,0,0
1786398257203,5205616,1120944,1569536,1446896,8388592,0,315,0,82,0,1458583,0,1295328,561,0,0,0,0,0,0,0
1786398257710,5205616,1120944,1569536,1446896,8388592,0,315,0,82,0,1458583,0,1295328,561,0,0,0,0,0,0,0
1786398258215,5205616,1120944,1569536,1446896,8388592,0,315,0,82,0,1458583,0,1295328,561,0,0,0,0,0,0,0
1786398258726,5205616,1120944,1569536,1446896,8388592,0,315,0,82,0,1458583,0,1295328,561,0,0,0,0,0,0,0
1786398259237,5205616,1120944,1569536,1446896,8388592,0,315,0,82,0,1458583,0,1295328,561,0,0,0,0,0,0,0
1786398259743,5205616,1120944,1569536,1446896,8388592,0,315,0,82,0,1458583,0,1295328,561,0,0,0,0,0,0,0
1786398260246,5205616,1120944,1569536,1446896,8388592,0,315,0,82,0,1458583,0,1295328,561,0,0,0,0,0,0,0
1786398260757,5205616,1120944,1569536,1446896,8388592,0,315,0,82,0,1458583,0,1295328,561,0,0,0,0,0,0,0
1786398261265,5205616,1120944,1569536,1446896,8388592,0,315,0,82,0,1458583,0,1295328,561,0,0,0,0,0,0,0
1786398261771,5205616,1120944,1569536,1446896,8388592,0,315,0,82,0,1458583,0,1295328,561,0,0,0,0,0,0,0
1786398262278,5205616,1120944,1569536,1446896,8388592,0,315,0,82,0,1458583,0,1295328,561,0,0,0,0,0,0,0
1786398262788,5205616,1120944,1569536,1446896,8388592,0,315,0,82,0,1458583,0,1295328,561,0,0,0,0,0,0,0
1786398263299,5205616,1120944,1569536,1446896,8388592,0,315,0,82,0,1458583,0,1295328,561,0,0,0,0,0,0,0
1786398263810,5205616,1120944,1569536,1446896,8388592,0,315,0,82,0,1458583,0,1295328,561,0,0,0,0,0,0,0
1786398264321,5205616,1120944,1569536,1446896,8388592,0,315,0,82,0,1458583,0,1295328,561,0,0,0,0,0,0,0
1786398264830,5205616,1120944,1569536,1446896,8388592,0,315,0,82,0,1458583,0,1295328,561,0,0,0,0,0,0,0
1786398265340,5205616,1120944,1569536,1446896,8388592,0,315,0,82,0,1458583,0,1295328,561,0,0,0,0,0,0,0
1786398265851,5205616,1120944,1569536,1446896,8388592,0,315,0,82,0,1458583,0,1295328,561,0,0,0,0,0,0,0
1786398266352,5205616,1120944,1569536,1446896,8388592,0,315,0,82,0,1458583,0,1295328,561,0,0,0,0,0,0,0
1786398266860,5205616,1120944,1569536,1446896,8388592,0,315,0,82,0,1458583,0,1295328,561,0,0,0,0,0,0,0
1786398267374,5205616,1120944,1569536,1446896,8388592,0,315,0,82,0,1458583,0,1295328,561,0,0,0,0,0,0,0
1786398267877,5205616,1120944,1569536,1446896,8388592,0,315,0,82,0,1458583,0,1295328,561,0,0,0,0,0,0,0
1786398268386,5205616,1120944,1569536,1446896,8388592,0,315,0,82,0,1458583,0,1295328,561,0,0,0,0,0,0,0
1786398268889,5205616,1120944,1569536,1446896,8388592,0,315,0,82,0,1458583,0,1295328,561,0,0,0,0,0,0,0
1786398269399,5205616,1120944,1569536,1446896,8388592,0,315,0,82,0,1458583,0,1295328,561,0,0,0,0,0,0,0
1786398269915,5205616,1120944,1569536,1446896,8388592,0,315,0,82,0,1458583,0,1295328,561,0,0,0,0,0,0,0
1786398270424,5205616,1120944,1569536,1446912,8388592,0,315,0,82,0,1458583,0,1295328,561,0,0,0,0,0,0,0
1786398270935,5205616,1120944,1569536,1446912,8388592,0,315,0,82,0,1458583,0,1295328,561,0,0,0,0,0,0,0
1786398271437,5205616,1120944,1569536,1446912,8388592,0,315,0,82,0,1458583,0,1295328,561,0,0,0,0,0,0,0
1786398271940,5205616,1120944,1569536,1446912,8388592,0,315,0,82,0,1458583,0,1295328,561,0,0,0,0,0,0,0
1786398272450,5205616,1120944,1569536,1446912,8388592,0,315,0,82,0,1458583,0,1295328,561,0,0,0,0,0,0,0
1786398272960,5205616,1120944,1569536,1446912,8388592,0,315,0,82,0,1458583,0,1295328,561,0,0,0,0,0,0,0
1786398273472,5205616,1120944,1569536,1446912,8388592,0,315,0,82,0,1458583,0,1295328,561,0,0,0,0,0,0,0
1786398273978,5205616,1120944,1569536,1446912,8388592,0,315,0,82,0,1458583,0,1295328,561,0,0,0,0,0,0,0
1786398274486,5205616,1120944,1569536,1446912,8388592,0,315,0,82,0,1458583,0,1295328,561,0,0,0,0,0,0,0
1786398274997,5205616,1120944,1569536,1446912,8388592,0,315,0,82,0,1458583,0,1295328,561,0,0,0,0,0,0,0
1786398275504,5205616,1120944,1569536,1446912,8388592,0,315,0,82,0,1458583,0,1295328,561,0,0,0,0,0,0,0
1786398276008,5205616,1120944,1569536,1446912,8388592,0,315,0,82,0,1458583,0,1295328,561,0,0,0,0,0,0,0
1786398276510,5205616,1120944,1569536,1446912,8388592,0,315,0,82,0,1458583,0,1295328,561,0,0,0,0,0,0,0
1786398277016,5205616,1120944,1569536,1446912,8388592,0,315,0,82,0,1458583,0,1295328,561,0,0,0,0,0,0,0
1786398277524,5205616,1120944,1569536,1446912,8388592,0,315,0,82,0,1458583,0,1295328,561,0,0,0,0,0,0,0
1786398278028,5205616,1120944,1569536,1446912,8388592,0,315,0,82,0,1458583,0,1295328,561,0,0,0,0,0,0,0
1786398278537,5205616,1120944,1569536,1446912,8388592,0,315,0,82,0,1458583,0,1295328,561,0,0,0,0,0,0,0
1786398279047,5205616,1120944,1569536,1446912,8388592,0,315,0,82,0,1458583,0,1295328,561,0,0,0,0,0,0,0
1786398279550,5205616,1120944,1569536,1446912,8388592,0,315,0,82,0,1458583,0,1295328,561,0,0,0,0,0,0,0
1786398280060,5205616,1120944,1569536,1446912,8388592,0,315,0,82,0,1458583,0,1295328,561,0,0,0,0,0,0,0
1786398280565,5205616,1120944,1569536,1446912,8388592,0,315,0,82,0,1458583,0,1295328,561,0,0,0,0,0,0,0
1786398281077,5205616,1120944,1569536,1446912,8388592,0,315,0,82,0,1458583,0,1295328,561,0,0,0,0,0,0,0
1786398281584,5205616,1120944,1569536,1446912,8388592,0,315,0,82,0,1458583,0,1295328,561,0,0,0,0,0,0,0
1786398282090,5205616,1120944,1569536,1446912,8388592,0,315,0,82,0,1458583,0,1295328,561,0,0,0,0,0,0,0
1786398282600,5205616,1120944,1569536,1446912,8388592,0,315,0,82,0,1458583,0,1295328,561,0,0,0,0,0,0,0
1786398283107,5205616,1120944,1569536,1446912,8388592,0,315,0,82,0,1458583,0,1295328,561,0,0,0,0,0,0,0
1786398283612,5205616,1120944,1569536,1446912,8388592,0,315,0,82,0,1458583,0,1295328,561,0,0,0,0,0,0,0
1786398284113,5205616,1120944,1569536,1446912,8388592,0,315,0,82,0,1458583,0,1295328,561,0,0,0,0,0,0,0
1786398284626,5205616,1120944,1569536,1446912,8388592,0,315,0,82,0,1458583,0,1295328,561,0,0,0,0,0,0,0
1786398285136,5205616,1120944,1569536,1446912,8388592,0,315,0,82,0,1458583,0,1295328,561,0,0,0,0,0,0,0
1786398285638,5205616,1120944,1569536,1446912,8388592,0,315,0,82,0,1458583,0,1295328,561,0,0,0,0,0,0,0
1786398286149,5205616,1120944,1569536,1446912,8388592,0,315,0,82,0,1458583,0,1295328,561,0,0,0,0,0,0,0
1786398286656,5205616,1120944,1569536,1446912,8388592,0,315,0,82,0,1458583,0,1295328,561,0,0,0,0,0,0,0
1786398287158,5205616,1120944,1569536,1446912,8388592,0,315,0,82,0,1458583,0,1295328,561,0,0,0,0,0,0,0
1786398287664,5205616,1120944,1569536,1446912,8388592,0,315,0,82,0,1458583,0,1295328,561,0,0,0,0,0,0,0
1786398288176,5205616,1120944,1569536,1446912,8388592,0,315,0,82,0,1458583,0,1295328,561,0,0,0,0,0,0,0
1786398288689,5205616,1120944,1569536,1446912,8388592,0,315,0,82,0,1458583,0,1295328,561,0,0,0,0,0,0,0
1786398289206,5205616,1120944,1569536,1446912,8388592,0,315,0,82,0,1458583,0,1295328,561,0,0,0,0,0,0,0
1786398289726,5205616,1120944,1569536,1446912,8388592,0,315,0,82,0,1458583,0,1295328,561,0,0,0,0,0,0,0
1786398290234,5205616,1120944,1569536,1446912,8388592,0,315,0,82,0,1458583,0,1295328,561,0,0,0,0,0,0,0
1786398290744,5205616,1120944,1569536,1446912,8388592,0,315,0,82,0,1458583,0,1295328,561,0,0,0,0,0,0,0
1786398291252,5205616,1120944,1569536,1446912,8388592,0,315,0,82,0,1458583,0,1295328,561,0,0,0,0,0,0,0
1786398291761,5205616,1120944,1569536,1446912,8388592,0,315,0,82,0,1458583,0,1295328,561,0,0,0,0,0,0,0
1786398292271,5205616,1120944,1569536,1446912,8388592,0,315,0,82,0,1458583,0,1295328,561,0,0,0,0,0,0,0
1786398292784,5205616,1120944,1569536,1446912,8388592,0,315,0,82,0,1458583,0,1295328,561,0,0,0,0,0,0,0
1786398293292,5205616,1120944,1569536,1446912,8388592,0,315,0,82,0,1458583,0,1295328,561,0,0,0,0,0,0,0
1786398293803,4943472,881984,1330592,1446912,8388592,0,315,0,82,0,1458583,0,1295328,561,0,0,0,0,0,0,0
1786398294311,4943472,881424,1330032,1446912,8388592,0,315,0,82,0,1458583,0,1295328,561,0,0,0,0,0,0,0
1786398294817,4943472,881424,1330032,1446912,8388592,0,315,0,82,0,1458583,0,1295328,561,0,0,0,0,0,0,0
1786398295318,4943472,881424,1330032,1446912,8388592,0,315,0,82,0,1458583,0,1295328,561,0,0,0,0,0,0,0
1786398295826,4681328,620544,1069152,1446912,8388592,0,315,0,82,0,1458583,0,1295328,561,0,0,0,0,0,0,0
1786398296336,4681328,620544,1069152,1446912,8388592,0,315,0,82,0,1458583,0,1295328,561,0,0,0,0,0,0,0
1786398296847,4681328,620544,1069152,1446912,8388592,0,315,0,82,0,1458583,0,1295328,561,0,0,0,0,0,0,0
1786398297350,4681328,620544,1069152,1446912,8388592,0,315,0,82,0,1458583,0,1295328,561,0,0,0,0,0,0,0
1786398297861,4419184,828080,839040,1012784,8387680,0,10936,0,10678,0,1458701,0,1295446,563,0,57,28582,27378,0,0,2
1786398298364,4419184,514416,841776,1329216,8387680,0,10936,0,10678,0,1478146,0,1314806,563,0,57,28582,27378,0,0,2
1786398298872,4419184,483072,845616,1364688,8387680,0,10936,0,10678,0,1482648,0,1319309,563,0,57,28582,27378,0,0,2
1786398299376,4413040,476336,838912,1364704,8387680,0,10936,0,10678,0,1482648,0,1319309,563,0,57,28582,27378,0,0,2
1786398299888,4157040,563664,659920,1096976,8386912,0,16738,0,16480,0,1516618,0,1353279,584,21,114,89212,87713,0,0,5
1786398300393,4157040,563696,660064,1097520,8387024,0,16738,0,16480,36,1519418,36,1356059,592,28,114,89245,87745,0,0,5
1786398300901,4157040,793920,707456,914816,8332464,0,60037,0,59618,36,1521261,36,1357895,695,128,3538,254307,117115,0,0,17
1786398301404,4139632,776480,689568,914096,8333344,0,60037,0,59618,36,1521261,36,1357895,735,168,3538,254349,117115,0,0,17
1786398301906,3973872,599840,513584,914144,8333712,0,60037,0,59618,36,1521591,36,1358114,758,191,3538,254349,117115,0,0,17
1786398302412,3973872,994864,734448,573600,8295936,36,86491,36,85815,28,1526669,28,1363173,771,199,5876,294550,155039,0,0,23
1786398302915,3973872,994864,734448,573600,8296256,36,86507,36,85830,28,1528435,28,1364939,790,219,5876,294550,155039,0,0,23
1786398303420,3947216,537456,520800,981776,8294064,36,88186,36,87510,28,1541986,28,1378452,810,238,6030,447685,177020,0,0,24
1786398303922,3947216,537456,520800,981776,8294064,36,88186,36,87510,28,1541986,28,1378452,810,238,6030,447685,177020,0,0,24
1786398304430,3947216,563552,525024,959648,8294064,28,88309,28,87632,24,1544241,24,1380702,810,238,6030,456581,185916,0,0,24
1786398304937,3947216,563552,525024,959648,8294064,28,88309,28,87632,24,1544241,24,1380702,810,238,6030,456581,185916,0,0,24
1786398305438,3947216,518256,520720,1000464,8294064,28,88309,28,87632,24,1545311,24,1381766,810,238,6030,456581,185916,0,0,24
1786398305943,3947216,552384,521520,966784,8294112,28,90406,28,89730,24,1573889,24,1410345,813,241,6030,512965,242300,0,0,26
1786398306449,3947216,552384,521520,966784,8294176,24,90406,24,89730,37,1573889,37,1410345,817,245,6030,512965,242300,0,0,26
1786398306961,3947216,563424,525552,959968,8294176,24,90540,24,89863,37,1577499,37,1413927,817,245,6030,521861,251196,0,0,26
1786398307472,3947216,563632,525888,960512,8294176,24,90540,24,89863,37,1582085,37,1418392,820,245,6030,521861,251196,0,0,26
1786398307973,3947216,519168,523376,1002400,8294208,19,92213,19,91537,49,1597891,49,1434044,824,247,6030,575173,304508,0,0,28
1786398308482,3947216,566688,524816,955968,8294640,19,92455,19,91778,49,1604475,49,1440552,858,274,6030,578117,307452,0,0,28
1786398308993,3947216,566688,524816,955968,8294640,19,92455,19,91778,49,1604475,49,1440552,858,274,6030,578117,307452,0,0,28
1786398309502,3947216,563952,527328,961424,8294640,19,92540,19,91863,49,1611563,49,1447572,858,274,6030,587013,316348,0,0,28
1786398310010,3947216,563952,527328,961424,8294640,16,92540,16,91863,40,1611563,40,1447572,859,275,6030,587013,316348,0,0,28
1786398310514,3947216,534672,526416,989664,8294656,16,93370,16,92693,40,1631881,40,1467833,859,275,6030,640389,369724,0,0,30
1786398311016,3947216,534672,526416,989664,8294656,16,93370,16,92693,40,1631881,40,1467833,859,275,6030,640389,369724,0,0,30
1786398311527,3947216,565168,527904,960656,8294656,16,93671,16,92995,40,1639641,40,1475594,859,275,6030,658181,387516,0,0,30
1786398312037,3947216,565168,527904,960656,8294656,13,93671,13,92995,51,1639641,51,1475594,859,275,6030,658181,387516,0,0,30
1786398312549,3947216,564576,527648,961424,8294656,13,93671,13,92995,51,1639641,51,1475594,859,275,6030,658181,387516,0,0,30
1786398313058,3947216,546400,522944,974576,8294656,13,95016,13,94339,51,1662386,51,1498210,859,275,6030,705669,435004,0,0,32
1786398313561,3947216,545936,522832,974928,8294656,13,95016,13,94339,51,1662386,51,1498210,859,275,6030,705669,435004,0,0,32
1786398314076,3947216,562144,526336,961936,8294656,10,95226,10,94549,60,1670565,60,1506381,859,275,6030,723461,452796,0,0,32
1786398314587,3947216,562736,526848,961856,8294656,10,95226,10,94549,60,1670565,60,1506381,859,275,6030,723461,452796,0,0,32
1786398315095,3947216,519840,531824,1009952,8294656,10,97999,10,97322,60,1679396,60,1514966,859,275,6030,767877,497212,0,0,34
1786398315606,3947216,568240,532688,962416,8294656,10,98421,10,97744,60,1679396,60,1514966,859,275,6030,770821,500156,0,0,34
1786398316108,3947216,528256,528768,1001232,8294656,8,98421,8,97744,49,1684162,49,1519536,861,275,6030,770821,500156,0,0,34
1786398316618,3947216,573856,536576,960512,8294656,8,98915,8,98238,49,1696730,49,1532103,861,275,6030,788741,518076,0,0,34
1786398317123,3947216,573856,536576,960512,8294656,8,98915,8,98238,49,1696730,49,1532103,861,275,6030,788741,518076,0,0,34
1786398317636,3947216,543360,537328,991824,8294656,8,99763,8,99086,49,1712096,49,1547469,861,275,6030,833413,562748,0,0,36
1786398318145,3947216,543360,537536,991824,8294656,7,99763,7,99086,57,1712096,57,1547469,861,275,6030,833413,562748,0,0,36
1786398318656,3947216,544576,536656,990240,8294656,7,100601,7,99924,57,1721125,57,1556180,861,275,6030,851269,580604,0,0,36
1786398319167,3947216,544576,536656,990240,8294656,7,100601,7,99924,57,1721125,57,1556180,861,275,6030,851269,580604,0,0,36
1786398319670,3947216,461056,536544,1073104,8294656,7,100667,7,99990,57,1724227,57,1559280,861,275,6030,860805,590076,0,0,37
1786398320174,3947216,563632,538512,972896,8294656,5,105123,5,104446,65,1734764,65,1569737,861,275,6030,898949,628284,0,0,38
1786398320675,3947216,563632,538512,972896,8294656,5,105123,5,104446,65,1734764,65,1569737,861,275,6030,898949,628284,0,0,38
1786398321187,3947216,562288,537136,972864,8294656,5,105257,5,104580,65,1741652,65,1576528,861,275,6030,916741,646076,0,0,38
1786398321694,3947216,562288,537136,972864,8294688,5,105257,5,104580,65,1741652,65,1576528,863,277,6030,916741,646076,0,0,38
1786398322206,3947216,532112,537376,1002912,8294688,4,107384,4,106707,54,1766066,54,1600942,863,277,6030,961413,690748,0,0,40
1786398322716,3947216,531568,536992,1003280,8294688,4,107384,4,106707,54,1766066,54,1600942,863,277,6030,961413,690748,0,0,40
1786398323218,3947216,545136,539952,993408,8294688,4,109285,4,108608,54,1767629,54,1602463,863,277,6030,970373,699708,0,0,40
1786398323723,3947216,577424,539712,960288,8294688,4,109672,4,108995,54,1780843,54,1615573,863,277,6030,988293,717628,0,0,41
1786398324235,3947216,577424,539712,960288,8294688,3,109672,3,108995,62,1780843,62,1615573,863,277,6030,988293,717628,0,0,41
1786398324739,3947216,544224,528480,983168,8294688,3,115241,3,114565,62,1790571,62,1625156,863,277,6030,1027077,756412,0,0,42
1786398325245,3947216,544304,528848,982832,8294688,3,115241,3,114565,62,1790571,62,1625156,863,277,6030,1027077,756412,0,0,42
1786398325755,3947216,565184,528400,961664,8294688,3,119447,3,118770,62,1796588,62,1631170,863,277,6030,1053765,783100,0,0,43
1786398326264,3947216,565184,528400,961664,8294688,3,119447,3,118770,51,1796588,51,1631170,863,277,6030,1053765,783100,0,0,43
1786398326775,3947216,565184,528400,961664,8294688,3,119447,3,118770,51,1796588,51,1631170,863,277,6030,1053765,783100,0,0,43
1786398327288,3947216,560896,530736,968352,8294688,3,122425,3,121749,51,1817910,51,1652305,863,277,6030,1092357,821692,0,0,44
1786398327800,3947216,561584,530960,967888,8294688,3,122425,3,121749,51,1817910,51,1652305,863,277,6030,1092357,821692,0,0,44
1786398328313,3947216,570128,532752,960272,8294688,2,124931,2,124254,59,1828784,59,1663080,863,277,6030,1119109,848444,0,0,45
1786398328820,3947216,570128,532752,960272,8294688,2,124931,2,124254,59,1828784,59,1663080,863,277,6030,1119109,848444,0,0,45
1786398329332,3947216,535056,535584,998480,8294688,2,129360,2,128684,59,1843329,59,1677622,863,277,6030,1154821,884156,0,0,46
1786398329837,3947216,535056,535584,998480,8294688,2,129360,2,128684,59,1843329,59,1677622,863,277,6030,1154821,884156,0,0,46
1786398330339,3947216,578112,533664,953728,8294688,2,131544,2,130867,67,1844419,67,1678711,863,277,6030,1163717,893052,0,0,46
1786398330845,3947216,541088,533552,990704,8294688,2,132074,2,131397,67,1859400,67,1693692,863,277,6030,1181573,910908,0,0,47
1786398331354,3947216,541088,533552,990704,8294688,2,132074,2,131397,67,1859400,67,1693692,863,277,6030,1181573,910908,0,0,47
1786398331865,3947216,553968,536688,980752,8294688,2,134440,2,133760,67,1879247,67,1713529,863,277,6030,1220293,949628,0,0,48
1786398332376,3947216,554528,537088,980592,8294688,1,134440,1,133760,73,1879247,73,1713529,863,277,6030,1220293,949628,0,0,48
1786398332887,3947216,561728,536000,972000,8294688,1,134784,1,134103,73,1888845,73,1723044,863,277,6030,1247109,976444,0,0,49
1786398333388,3947216,561728,536000,972000,8294688,1,134784,1,134103,73,1888845,73,1723044,863,277,6030,1247109,976444,0,0,49
1786398333890,3947216,496880,532416,1034080,8294688,1,134857,1,134177,73,1892627,73,1726826,863,277,6030,1256005,985340,0,0,49
1786398334397,3947216,572016,538864,964624,8294688,1,137084,1,136404,78,1906341,78,1740532,863,277,6030,1285701,1015036,0,0,50
1786398334900,3947216,572768,539152,964160,8294688,1,137084,1,136404,78,1906341,78,1740532,863,277,6030,1285701,1015036,0,0,50
1786398335404,3947216,573584,535680,960032,8294688,1,137651,1,136970,78,1913543,78,1747639,863,277,6030,1312517,1041852,0,0,51
1786398335914,3947216,573584,535680,960032,8294688,1,137651,1,136970,78,1913543,78,1747639,863,277,6030,1312517,1041852,0,0,51
1786398336426,3947216,538352,534752,994336,8294688,1,142806,1,142126,63,1923905,63,1757938,863,277,6030,1348165,1077500,0,0,52
1786398336931,3947216,538352,534752,994336,8294688,1,142806,1,142126,63,1923905,63,1757938,863,277,6030,1348165,1077500,0,0,52
1786398337434,3947216,525616,529616,1002288,8294768,1,145046,1,144365,63,1931203,63,1765137,870,282,6030,1366085,1095420,0,0,53
1786398337938,3947216,572624,534800,960192,8294768,1,145536,1,144853,63,1941535,63,1775397,870,282,6030,1383941,1113276,0,0,53
1786398338447,3947216,573328,535776,960096,8294800,0,145536,0,144853,70,1941535,70,1775397,872,284,6030,1383941,1113276,0,0,53
1786398338958,3947216,557488,536832,977264,8294800,0,146802,0,146116,70,1953004,70,1786832,872,284,6030,1413637,1142972,0,0,54
1786398339462,3947216,557488,536832,977264,8294800,0,146802,0,146116,70,1953004,70,1786832,872,284,6030,1413637,1142972,0,0,54
1786398339974,3947216,566992,529664,961216,8294800,0,151715,0,151028,70,1962519,70,1796332,872,284,6030,1449221,1178556,0,0,55
1786398340484,3947216,567088,529600,961056,8294800,0,151715,0,151028,75,1962519,75,1796332,872,284,6030,1449221,1178556,0,0,55
1786398340985,3947216,567088,530464,961840,8294800,0,151715,0,151028,75,1962635,75,1796448,872,284,6030,1449221,1178556,0,0,55
1786398341486,3947216,565168,530768,963728,8294800,0,152553,0,151867,75,1975624,75,1809386,872,284,6030,1478853,1208188,0,0,56
1786398341994,3947216,565168,530768,963728,8294800,0,152553,0,151867,62,1975624,62,1809386,872,284,6030,1478853,1208188,0,0,56
1786398342506,3947216,567088,529568,960848,8294800,0,155849,0,155162,62,1993570,62,1827239,872,284,6030,1514437,1243772,0,0,57
1786398343018,3947216,567088,529568,960848,8294800,0,155849,0,155162,62,1993570,62,1827239,872,284,6030,1514437,1243772,0,0,57
1786398343530,3947216,572688,525232,950560,8294800,0,156364,0,155677,62,2004350,62,1838019,872,284,6030,1544069,1273404,0,0,58
1786398344037,3947216,572688,525232,950560,8294800,0,156364,0,155677,68,2004350,68,1838019,872,284,6030,1544069,1273404,0,0,58
1786398344539,3947216,555472,529296,971824,8294800,0,156845,0,156158,68,2013523,68,1847192,872,284,6030,1570757,1300092,0,0,59
1786398345048,3947216,566848,528880,960160,8294800,0,157023,0,156337,68,2021141,68,1854800,872,284,6030,1579653,1308988,0,0,59
1786398345554,3947216,566848,528880,960160,8294800,0,157023,0,156337,68,2021141,68,1854800,872,284,6030,1579653,1308988,0,0,59
1786398346064,3947216,540224,526608,984320,8294800,0,157394,0,156708,74,2033155,74,1866815,872,284,6030,1606341,1335676,0,0,60
1786398346573,3947216,540688,526560,983808,8294800,0,157394,0,156708,74,2033155,74,1866815,872,284,6030,1606341,1335676,0,0,60
1786398347085,3947216,538800,524256,983280,8294800,0,158360,0,157673,74,2051743,74,1885366,872,284,6030,1650821,1380156,0,0,62
1786398347596,3947216,538800,524256,983280,8294800,0,158360,0,157673,74,2051743,74,1885366,872,284,6030,1650821,1380156,0,0,62
1786398348098,3947216,535200,530560,993296,8294800,0,158360,0,157673,61,2052252,61,1885875,872,284,6030,1650821,1380156,0,0,62
1786398348604,3947216,556800,528640,969504,8294800,0,159065,0,158378,61,2065451,61,1899074,872,284,6030,1671621,1400956,0,0,62
1786398349108,3947216,556800,528640,969504,8294800,0,159065,0,158378,61,2065451,61,1899074,872,284,6030,1671621,1400956,0,0,62
1786398349616,3947216,538528,524496,983872,8294800,0,164900,0,164213,61,2083317,61,1916938,872,284,6030,1716101,1445436,0,0,64
1786398350128,3947216,538528,524496,983872,8294800,0,164900,0,164213,68,2083317,68,1916938,872,284,6030,1716101,1445436,0,0,64
1786398350630,3947216,522896,527984,1003200,8294800,0,168066,0,167379,68,2090644,68,1924196,872,284,6030,1733893,1463228,0,0,64
1786398351134,3947216,570416,528400,956096,8294800,0,169358,0,168671,68,2090644,68,1924196,872,284,6030,1736837,1466172,0,0,64
1786398351636,3947216,570416,528400,956096,8294800,0,169358,0,168671,68,2090644,68,1924196,872,284,6030,1736837,1466172,0,0,64
1786398352137,3947216,537488,523184,983616,8294800,0,171058,0,170370,73,2117541,73,1950971,872,284,6030,1781317,1510652,0,0,66
1786398352639,3947216,537296,522416,983296,8294800,0,171058,0,170370,73,2117541,73,1950971,872,284,6030,1781317,1510652,0,0,66
1786398353151,3947216,530096,521696,989664,8294800,0,173876,0,173188,73,2124408,73,1957832,872,284,6030,1799109,1528444,0,0,66
1786398353654,3947216,530096,521696,989664,8294800,0,173876,0,173188,73,2124408,73,1957832,872,284,6030,1799109,1528444,0,0,66
1786398354156,3947216,509984,526912,1015328,8294800,0,178828,0,178139,60,2138283,60,1971327,872,284,6030,1843589,1572924,0,0,68
1786398354659,3947216,556256,527776,969840,8294800,0,179160,0,178471,60,2138551,60,1971595,872,284,6030,1846533,1575868,0,0,68
1786398355170,3947216,556256,527776,969840,8294800,0,179160,0,178471,60,2138551,60,1971595,872,284,6030,1846533,1575868,0,0,68
1786398355673,3947216,549536,527792,976144,8294800,0,180690,0,180001,60,2149631,60,1982674,872,284,6030,1864325,1593660,0,0,68
1786398356182,3947216,549536,527792,976144,8294800,0,180690,0,180001,67,2149631,67,1982674,872,284,6030,1864325,1593660,0,0,68
1786398356692,3947216,571408,528576,954976,8294800,0,187305,0,186608,67,2166823,67,1999834,872,284,6030,1911813,1641148,0,0,70
1786398357203,3947216,571408,528576,954976,8294800,0,187305,0,186608,67,2166823,67,1999834,872,284,6030,1911813,1641148,0,0,70
1786398357715,3947216,564176,528736,962592,8294800,0,188948,0,188252,67,2178259,67,2011270,872,284,6030,1929541,1658876,0,0,70
1786398358217,3947216,564176,528736,962592,8294800,0,188948,0,188252,73,2178259,73,2011270,872,284,6030,1929541,1658876,0,0,70
1786398358727,3947216,564176,528736,962592,8294800,0,188948,0,188252,73,2178259,73,2011270,872,284,6030,1929541,1658876,0,0,70
1786398359237,3947216,540656,530192,987280,8294800,0,190436,0,189739,73,2204384,73,2037388,872,284,6030,1974149,1703484,0,0,72
1786398359748,3947216,540656,530192,987280,8294800,0,190436,0,189739,73,2204384,73,2037388,872,284,6030,1974149,1703484,0,0,72
1786398360259,3947216,533648,529472,994144,8294800,0,193352,0,192644,78,2212564,78,2045350,872,284,6030,1991941,1721276,0,0,73
1786398360765,3947216,534176,529920,994064,8294800,0,193352,0,192644,78,2212564,78,2045350,872,284,6030,1991941,1721276,0,0,73
1786398361268,3947216,510544,532304,1019760,8294800,0,199235,0,198515,78,2231008,78,2063789,872,284,6030,2036485,1765820,0,0,74
1786398361774,3947216,558656,532336,971680,8294800,0,199582,0,198862,78,2231008,78,2063789,872,284,6030,2039493,1768828,0,0,74
1786398362281,3947216,558656,532336,971680,8294800,0,199582,0,198862,82,2231008,82,2063789,872,284,6030,2039493,1768828,0,0,74
1786398362792,3947216,551648,531872,978288,8294800,0,199773,0,199052,82,2239412,82,2072018,872,284,6030,2057285,1786620,0,0,75
1786398363296,3947216,551648,531872,978288,8294800,0,199773,0,199052,82,2239412,82,2072018,872,284,6030,2057285,1786620,0,0,75
1786398363799,3947216,573536,533792,958016,8294800,0,202336,0,201616,82,2257471,82,2090073,872,284,6030,2104709,1834044,0,0,76
1786398364302,3947216,573536,533792,958016,8294800,0,202336,0,201616,85,2257471,85,2090073,872,284,6030,2104709,1834044,0,0,76
1786398364804,3947216,594336,532272,936656,8294800,0,203648,0,202928,85,2260090,85,2092482,872,284,6030,2113605,1842940,0,0,77
1786398365312,3947216,567504,534064,964656,8294800,0,204199,0,203479,85,2266603,85,2098994,872,284,6030,2122501,1851836,0,0,77
1786398365822,3947216,567504,534064,964656,8294800,0,204199,0,203479,85,2266603,85,2098994,872,284,6030,2122501,1851836,0,0,77
1786398366325,3947216,538224,533696,993616,8294912,0,205749,0,205028,88,2294233,88,2126200,880,291,6030,2167045,1896380,0,0,78
1786398366835,3947216,537200,532672,993696,8295056,0,205749,0,205028,88,2294945,88,2126611,890,300,6030,2167045,1896380,0,0,78
1786398367347,3947216,532064,534432,1000192,8295056,0,207505,0,206782,88,2301469,88,2133134,890,300,6030,2184837,1914172,0,0,79
1786398367857,3947216,532064,534432,1000192,8295056,0,207505,0,206782,88,2301469,88,2133134,890,300,6030,2184837,1914172,0,0,79
1786398368358,3947216,490656,532208,1039024,8295712,0,207779,0,207057,72,2309180,72,2140792,940,341,6030,2193733,1923068,0,0,79
1786398368864,3947216,548304,531312,981040,8295728,0,209275,0,208548,72,2322585,72,2154104,941,342,6030,2232389,1961724,0,0,80
1786398369374,3947216,548304,531552,981040,8295728,0,209275,0,208548,72,2322585,72,2154104,941,342,6030,2232389,1961724,0,0,80
1786398369886,3947216,541056,530512,987184,8295728,0,212269,0,211542,72,2330083,72,2161601,941,342,6030,2250181,1979516,0,0,81
1786398370393,3947216,541584,530960,987104,8295728,0,212269,0,211542,77,2330083,77,2161601,941,342,6030,2250181,1979516,0,0,81
1786398370904,3947216,516144,532736,1014512,8295728,0,215483,0,214756,77,2352915,77,2184434,941,342,6030,2294661,2023996,0,0,82
1786398371408,3947216,563184,532752,967488,8295728,0,216798,0,216071,77,2352915,77,2184434,941,342,6030,2297605,2026940,0,0,83
1786398371909,3947216,563184,532752,967488,8295728,0,216798,0,216071,77,2352915,77,2184434,941,342,6030,2297605,2026940,0,0,83
1786398372412,3947216,555152,530768,973536,8295728,0,217448,0,216720,81,2363885,81,2195404,941,342,6030,2315397,2044732,0,0,83
1786398372919,3947216,555744,531280,973456,8295728,0,217448,0,216720,81,2363885,81,2195404,941,342,6030,2315397,2044732,0,0,83
1786398373426,3947216,529584,532480,1001376,8295728,0,222701,0,221974,81,2375004,81,2206508,941,342,6030,2359877,2089212,0,0,85
1786398373929,3947216,529584,532480,1001376,8295728,0,222701,0,221974,81,2375004,81,2206508,941,342,6030,2359877,2089212,0,0,85
1786398374436,3947216,523824,532272,1006912,8295728,0,225253,0,224505,66,2383583,66,2215087,941,342,6030,2377669,2107004,0,0,85
1786398374946,3947216,570624,531968,959808,8295728,0,226582,0,225834,66,2383583,66,2215087,941,342,6030,2380613,2109948,0,0,85
1786398375452,3947216,570384,531728,959808,8295728,0,226582,0,225834,66,2383583,66,2215087,941,342,6030,2380613,2109948,0,0,85
1786398375963,3947216,537296,529152,990016,8295728,0,230969,0,230214,66,2404969,66,2236473,941,342,6030,2425093,2154428,0,0,87
1786398376472,3947216,537296,529152,990016,8295728,0,230969,0,230214,72,2404969,72,2236473,941,342,6030,2425093,2154428,0,0,87
1786398376984,3947216,537984,532752,992800,8295728,0,233016,0,232261,72,2413287,72,2244703,941,342,6030,2442885,2172220,0,0,87
1786398377491,3947216,537984,532752,992800,8295728,0,233016,0,232261,72,2413287,72,2244703,941,342,6030,2442885,2172220,0,0,87
1786398377993,3947216,563536,527984,961824,8295728,0,238820,0,238044,72,2422760,72,2254002,941,342,6030,2478469,2207804,0,0,88
1786398378495,3947216,552608,530176,975712,8295728,0,240027,0,239251,77,2431349,77,2262487,941,342,6030,2490309,2219644,0,0,89
1786398379005,3947216,552608,530176,975712,8295728,0,240027,0,239251,77,2431349,77,2262487,941,342,6030,2490309,2219644,0,0,89
1786398379512,3947216,552608,534064,979088,8295728,0,242686,0,241910,77,2439716,77,2270854,941,342,6030,2508101,2237436,0,0,89
1786398380020,3947216,552608,534064,979088,8295728,0,242686,0,241910,63,2439716,63,2270854,941,342,6030,2508101,2237436,0,0,89
1786398380521,3947216,573696,538624,962656,8295728,0,249323,0,248540,63,2457273,63,2288398,941,342,6030,2555525,2284860,0,0,91
1786398381021,3947216,573696,538624,962656,8295728,0,249323,0,248540,63,2457273,63,2288398,941,342,6030,2555525,2284860,0,0,91
1786398381523,3947216,574448,538720,962000,8295728,0,249323,0,248540,63,2457273,63,2288398,941,342,6030,2555525,2284860,0,0,91
1786398382034,3947216,566528,534816,966304,8295728,0,249645,0,248862,70,2471631,70,2302753,941,342,6030,2573253,2302588,0,0,91
1786398382546,3947216,565808,534192,966400,8295728,0,249645,0,248862,70,2471631,70,2302753,941,342,6030,2573253,2302588,0,0,91
1786398383053,3947216,539552,537584,996000,8295728,0,251302,0,250517,70,2488380,70,2319496,941,342,6030,2617733,2347068,0,0,93
1786398383565,3947216,539488,537536,996416,8295728,0,251302,0,250517,70,2488380,70,2319496,941,342,6030,2617733,2347068,0,0,93
1786398384077,3947216,532480,534096,999584,8295728,0,253689,0,252904,75,2497637,75,2328551,941,342,6030,2635525,2364860,0,0,93
1786398384587,3947216,532720,534256,999504,8295728,0,253689,0,252904,75,2497637,75,2328551,941,342,6030,2635525,2364860,0,0,93
1786398385088,3947216,499824,532704,1030640,8295728,0,255579,0,254794,75,2499788,75,2330660,941,342,6030,2644421,2373756,0,0,94
1786398385590,3947216,548800,532320,981232,8295728,0,256754,0,255969,75,2519547,75,2350321,941,342,6030,2683013,2412348,0,0,95
1786398386097,3947216,548800,532320,981232,8295728,0,256754,0,255969,80,2519547,80,2350321,941,342,6030,2683013,2412348,0,0,95
1786398386609,3947216,541008,527600,984496,8295728,0,259765,0,258980,80,2526856,80,2357627,941,342,6030,2700805,2430140,0,0,96
1786398387112,3947216,541008,527600,984496,8295728,0,259765,0,258980,80,2526856,80,2357627,941,342,6030,2700805,2430140,0,0,96
1786398387614,3947216,521760,538704,1014608,8295728,0,260755,0,259970,80,2544594,80,2375365,941,342,6030,2745285,2474620,0,0,97
1786398388123,3947216,569280,539120,967504,8295728,0,261157,0,260373,83,2544594,83,2375365,941,342,6030,2748229,2477564,0,0,97
1786398388633,3947216,569280,539120,967504,8295728,0,261157,0,260373,83,2544594,83,2375365,941,342,6030,2748229,2477564,0,0,97
1786398389137,3947216,559632,531824,970640,8295728,0,262027,0,261242,83,2557197,83,2387871,941,342,6030,2766021,2495356,0,0,98
1786398389641,3947216,560160,533248,970704,8295728,0,262027,0,261242,83,2557197,83,2387871,941,342,6030,2766021,2495356,0,0,98
1786398390153,3947216,527760,530752,1000848,8295728,0,267610,0,266825,86,2577672,86,2408116,941,342,6030,2810501,2539836,0,0,99
1786398390655,3947216,527760,530752,1000848,8295728,0,267610,0,266825,86,2577672,86,2408116,941,342,6030,2810501,2539836,0,0,99
1786398391160,3947216,527168,533136,1004176,8295728,0,270679,0,269894,86,2581332,86,2411661,941,342,6030,2828293,2557628,0,0,100
1786398391662,3947216,527760,533648,1004096,8295728,0,270679,0,269894,86,2581332,86,2411661,941,342,6030,2828293,2557628,0,0,100
1786398392167,3947216,527760,533648,1004096,8295728,0,270679,0,269894,70,2581332,70,2411661,941,342,6030,2828293,2557628,0,0,100
1786398392678,3947216,542160,531504,987136,8295728,0,276135,0,275350,70,2597816,70,2428039,941,342,6030,2875717,2605052,0,0,101
1786398393187,3947216,542160,531504,987136,8295728,0,276135,0,275350,70,2597816,70,2428039,941,342,6030,2875717,2605052,0,0,101
1786398393699,3947216,536112,528448,990240,8295728,0,276399,0,275614,70,2606095,70,2436318,941,342,6030,2893509,2622844,0,0,102
1786398394202,3947216,536112,528448,990240,8295728,0,276399,0,275614,76,2606095,76,2436318,941,342,6030,2893509,2622844,0,0,102
1786398394704,3947216,498560,531856,1030912,8295728,0,277181,0,276396,76,2617684,76,2447840,941,342,6030,2929093,2658428,0,0,103
1786398395215,3947216,557440,533664,974000,8295728,0,277555,0,276770,76,2623662,76,2453698,941,342,6030,2940933,2670268,0,0,103
1786398395725,3947216,557952,533600,973424,8295728,0,277555,0,276770,76,2623662,76,2453698,941,342,6030,2940933,2670268,0,0,103
1786398396237,3947216,549552,527712,976528,8295760,0,280647,0,279863,80,2630540,80,2460575,943,344,6030,2958725,2688060,0,0,104
1786398396744,3947216,549552,527712,976528,8295760,0,280647,0,279863,80,2630540,80,2460575,943,344,6030,2958725,2688060,0,0,104
1786398397256,3947216,567792,529184,959776,8295760,0,286432,0,285647,80,2646823,80,2476544,943,344,6030,3006149,2735484,0,0,105
1786398397757,3947216,567792,529184,959776,8295760,0,286432,0,285647,80,2646823,80,2476544,943,344,6030,3006149,2735484,0,0,105
1786398398258,3947216,568272,531072,960736,8295760,0,286432,0,285647,65,2647094,65,2476806,943,344,6030,3006149,2735484,0,0,105
1786398398774,3947216,564480,529008,962720,8295760,0,286766,0,285982,65,2654767,65,2484344,943,344,6030,3023877,2753212,0,0,106
1786398399278,3947216,564480,529008,962720,8295760,0,286766,0,285982,65,2654767,65,2484344,943,344,6030,3023877,2753212,0,0,106
1786398399788,3947216,530016,527152,994944,8295760,0,292844,0,292059,65,2672197,65,2501633,943,344,6030,3068293,2797628,0,0,107
1786398400300,3947216,530016,527344,994944,8295760,0,292844,0,292059,72,2672197,72,2501633,943,344,6030,3068293,2797628,0,0,107
1786398400812,3947216,530592,529088,996576,8295760,0,295725,0,294940,72,2679019,72,2508456,943,344,6030,3086085,2815420,0,0,108
1786398401316,3947216,530592,529088,996576,8295760,0,295725,0,294940,72,2679019,72,2508456,943,344,6030,3086085,2815420,0,0,108
1786398401818,3947216,470016,532384,1060048,8295760,0,295725,0,294940,72,2679315,72,2508751,943,344,6030,3086085,2815420,0,0,108
1786398402322,3947216,544416,527552,981232,8295760,0,299752,0,298968,77,2703427,77,2532863,943,344,6030,3133509,2862844,0,0,110
1786398402834,3947216,544416,527552,981232,8295760,0,299752,0,298968,77,2703427,77,2532863,943,344,6030,3133509,2862844,0,0,110
1786398403337,3947216,553536,538656,982864,8295760,0,300109,0,299324,77,2713675,77,2543096,943,344,6030,3151301,2880636,0,0,110
1786398403851,3947216,553536,538656,982864,8295760,0,300109,0,299324,77,2713675,77,2543096,943,344,6030,3151301,2880636,0,0,110
1786398404354,3947216,522768,536928,1011920,8295760,0,301508,0,300722,63,2734890,63,2564299,943,344,6030,3196293,2925564,0,0,112
1786398404862,3947216,567936,537344,967168,8295760,0,301993,0,301207,63,2734890,63,2564299,943,344,6030,3198725,2928060,0,0,112
1786398405364,3947216,567936,537344,967168,8295760,0,301993,0,301207,63,2734890,63,2564299,943,344,6030,3198725,2928060,0,0,112
1786398405871,3947216,560928,532544,969232,8295760,0,302393,0,301607,63,2742146,63,2571402,943,344,6030,3216517,2945852,0,0,112
1786398406383,3947216,561456,532992,969152,8295760,0,302393,0,301607,69,2742146,69,2571402,943,344,6030,3216517,2945852,0,0,112
1786398406892,3947216,573536,530384,954896,8295760,0,304134,0,303349,69,2758236,69,2587452,943,344,6030,3263877,2993212,0,0,114
1786398407399,3947216,573536,530384,954896,8295760,0,304134,0,303349,69,2758236,69,2587452,943,344,6030,3263877,2993212,0,0,114
1786398407910,3947216,572304,531632,957504,8295760,0,304372,0,303586,69,2764876,69,2594045,943,344,6030,3281605,3010940,0,0,115
1786398408421,3947216,572304,531632,957504,8295760,0,304372,0,303586,75,2764876,75,2594045,943,344,6030,3281605,3010940,0,0,115
1786398408923,3947216,572304,531632,957504,8295760,0,304372,0,303586,75,2764876,75,2594045,943,344,6030,3281605,3010940,0,0,115
1786398409433,3947216,535200,527840,990288,8295760,0,305705,0,304917,75,2790513,75,2619595,943,344,6030,3326085,3055420,0,0,116
1786398409937,3947216,535200,527840,990288,8295760,0,305705,0,304917,75,2790513,75,2619595,943,344,6030,3326085,3055420,0,0,116
1786398410450,3947216,534960,528864,991792,8295760,0,306093,0,305303,79,2797198,79,2626277,943,344,6030,3343813,3073148,0,0,117
1786398410958,3947216,534960,528864,991792,8295760,0,306093,0,305303,79,2797198,79,2626277,943,344,6030,3343813,3073148,0,0,117
1786398411461,3947216,491936,521696,1027712,8295760,0,312349,0,311546,79,2812030,79,2641089,943,344,6030,3388101,3117436,0,0,118
1786398411971,3947216,539760,521696,979888,8295760,0,313628,0,312825,79,2812030,79,2641089,943,344,6030,3391109,3120444,0,0,118
1786398412482,3947216,539760,521456,979648,8295760,0,313628,0,312825,83,2812030,83,2641089,943,344,6030,3391109,3120444,0,0,118
1786398413624,3947216,545136,529376,982176,8295760,0,315899,0,315096,83,2817536,83,2646540,943,344,6030,3408773,3138108,0,0,119
1786398414135,3947216,556544,526448,968432,8295760,0,320620,0,319816,68,2830867,68,2659763,943,344,6030,3456133,3185468,0,0,120
1786398414635,3947216,556544,526448,968432,8295760,0,320620,0,319816,68,2830867,68,2659763,943,344,6030,3456133,3185468,0,0,120
1786398415145,3947216,556784,527168,969120,8295760,0,321036,0,320232,68,2841622,68,2670518,943,344,6030,3473925,3203260,0,0,121
1786398415648,3947216,556176,527184,969376,8295760,0,321036,0,320232,68,2841622,68,2670518,943,344,6030,3473925,3203260,0,0,121
1786398416156,3947216,528112,531840,1001472,8295760,0,322726,0,321920,74,2859836,74,2688733,943,344,6030,3518405,3247740,0,0,123
1786398416662,3947216,528112,531920,1001552,8295760,0,322726,0,321920,74,2859836,74,2688733,943,344,6030,3518405,3247740,0,0,123
1786398417165,3947216,521536,526016,1002512,8295760,0,323352,0,322543,74,2868298,74,2696904,943,344,6030,3536197,3265532,0,0,123
1786398417673,3947216,571872,529504,955664,8295760,0,324283,0,323474,74,2868298,74,2696904,943,344,6030,3539141,3268476,0,0,123
1786398418181,3947216,571872,529504,955664,8295760,0,324283,0,323474,60,2868298,60,2696904,943,344,6030,3539141,3268476,0,0,123
1786398418686,3947216,530496,522944,990240,8295760,0,325783,0,324974,60,2889738,60,2718311,943,344,6030,3583621,3312956,0,0,125
1786398419197,3947216,530832,523120,990080,8295760,0,325783,0,324974,60,2889738,60,2718311,943,344,6030,3583621,3312956,0,0,125
1786398419697,3947216,529104,521120,989968,8295760,0,328068,0,327260,60,2894799,60,2723219,943,344,6030,3601349,3330684,0,0,126
1786398420206,3947216,529104,521120,989968,8295760,0,328068,0,327260,67,2894799,67,2723219,943,344,6030,3601349,3330684,0,0,126
1786398420711,4066000,537952,567344,1028144,8295760,0,329252,0,328444,67,2912808,67,2741106,943,344,6030,3645637,3374972,0,0,127
1786398421217,4997888,1452336,1479968,1028144,8295760,0,329252,0,328444,67,2912808,67,2741106,943,344,6030,3645637,3374972,0,0,127
1786398421719,5090928,1544288,1572128,1029136,8295760,0,329252,0,328444,67,2913197,67,2741495,943,344,6030,3645637,3374972,0,0,127
1786398422229,5090928,1460048,1569936,1110608,8295760,0,329252,0,328444,73,2916129,73,2744427,943,344,6030,3645637,3374972,0,0,127
1786398422741,5090928,1460048,1569936,1110608,8295760,0,329252,0,328444,73,2916129,73,2744427,943,344,6030,3645637,3374972,0,0,127
1786398423244,5090928,1460448,1571200,1110608,8295760,0,329252,0,328444,73,2916129,73,2744427,943,344,6030,3645637,3374972,0,0,127
1786398423755,5090928,1460448,1571200,1110608,8295760,0,329252,0,328444,73,2916129,73,2744427,943,344,6030,3645637,3374972,0,0,127
1786398424259,5090928,1460448,1571200,1110608,8295760,0,329252,0,328444,60,2916129,60,2744427,943,344,6030,3645637,3374972,0,0,127
1786398424764,5090928,1460448,1571200,1110608,8295760,0,329252,0,328444,60,2916129,60,2744427,943,344,6030,3645637,3374972,0,0,127
1786398425266,5090928,1460208,1570960,1110608,8295760,0,329252,0,328444,60,2916129,60,2744427,943,344,6030,3645637,3374972,0,0,127
1786398425777,5090928,1460208,1570960,1110608,8295760,0,329252,0,328444,60,2916129,60,2744427,943,344,6030,3645637,3374972,0,0,127
1786398426280,5090928,1460208,1570960,1110608,8295760,0,329252,0,328444,49,2916129,49,2744427,943,344,6030,3645637,3374972,0,0,127
1786398426786,5090928,1460208,1570960,1110608,8295760,0,329252,0,328444,49,2916129,49,2744427,943,344,6030,3645637,3374972,0,0,127
1786398427310,5090928,1460208,1570960,1110608,8295760,0,329252,0,328444,49,2916129,49,2744427,943,344,6030,3645637,3374972,0,0,127
1786398427824,5090928,1459968,1570720,1110608,8295760,0,329252,0,328444,49,2916129,49,2744427,943,344,6030,3645637,3374972,0,0,127
1786398428326,5090928,1459968,1570720,1110608,8295760,0,329252,0,328444,40,2916129,40,2744427,943,344,6030,3645637,3374972,0,0,127
1786398428837,5090928,1459968,1570720,1110608,8295760,0,329252,0,328444,40,2916129,40,2744427,943,344,6030,3645637,3374972,0,0,127
1786398429341,5090928,1459968,1570720,1110608,8295760,0,329252,0,328444,40,2916129,40,2744427,943,344,6030,3645637,3374972,0,0,127
1786398429853,5090928,1459728,1570480,1110608,8295760,0,329252,0,328444,40,2916129,40,2744427,943,344,6030,3645637,3374972,0,0,127
1786398430363,5090928,1459728,1570480,1110608,8295760,0,329252,0,328444,33,2916129,33,2744427,943,344,6030,3645637,3374972,0,0,127
1786398430864,5090928,1459728,1570480,1110608,8295760,0,329252,0,328444,33,2916129,33,2744427,943,344,6030,3645637,3374972,0,0,127
1786398431375,5090928,1459728,1570480,1110608,8295760,0,329252,0,328444,33,2916129,33,2744427,943,344,6030,3645637,3374972,0,0,127
1786398431884,5090928,1459728,1570480,1110608,8295760,0,329252,0,328444,33,2916129,33,2744427,943,344,6030,3645637,3374972,0,0,127
1786398432395,5090928,1459728,1570480,1110608,8295760,0,329252,0,328444,27,2916129,27,2744427,943,344,6030,3645637,3374972,0,0,127
1786398432908,5090928,1459728,1570480,1110608,8295760,0,329252,0,328444,27,2916129,27,2744427,943,344,6030,3645637,3374972,0,0,127
1786398433410,5090928,1459488,1570240,1110608,8295760,0,329252,0,328444,27,2916129,27,2744427,943,344,6030,3645637,3374972,0,0,127
1786398433922,5090928,1459488,1570240,1110608,8295760,0,329252,0,328444,27,2916129,27,2744427,943,344,6030,3645637,3374972,0,0,127
1786398434433,5090928,1459488,1570240,1110608,8295760,0,329252,0,328444,22,2916129,22,2744427,943,344,6030,3645637,3374972,0,0,127
1786398434937,5090928,1459488,1570240,1110608,8295760,0,329252,0,328444,22,2916129,22,2744427,943,344,6030,3645637,3374972,0,0,127
1786398435448,5090928,1459248,1570000,1110608,8295760,0,329252,0,328444,22,2916129,22,2744427,943,344,6030,3645637,3374972,0,0,127
1786398435957,5090928,1459248,1570000,1110608,8295760,0,329252,0,328444,22,2916129,22,2744427,943,344,6030,3645637,3374972,0,0,127
1786398436459,5090928,1459248,1570000,1110608,8295760,0,329252,0,328444,18,2916129,18,2744427,943,344,6030,3645637,3374972,0,0,127
1786398436963,5090928,1459248,1570000,1110608,8295760,0,329252,0,328444,18,2916129,18,2744427,943,344,6030,3645637,3374972,0,0,127
1786398437467,5090928,1459248,1570000,1110608,8295760,0,329252,0,328444,18,2916129,18,2744427,943,344,6030,3645637,3374972,0,0,127
1786398437971,5090928,1458768,1569520,1110608,8295760,0,329252,0,328444,18,2916129,18,2744427,943,344,6030,3645637,3374972,0,0,127
1786398438472,5090928,1458768,1569520,1110608,8295760,0,329252,0,328444,14,2916129,14,2744427,943,344,6030,3645637,3374972,0,0,127
1786398438984,5090928,1458768,1569520,1110608,8295760,0,329252,0,328444,14,2916129,14,2744427,943,344,6030,3645637,3374972,0,0,127
1786398439487,5090928,1458528,1569280,1110608,8295760,0,329252,0,328444,14,2916129,14,2744427,943,344,6030,3645637,3374972,0,0,127
1786398440000,5090928,1458528,1569280,1110608,8295760,0,329252,0,328444,14,2916129,14,2744427,943,344,6030,3645637,3374972,0,0,127
1786398440501,5090928,1458528,1569280,1110608,8295760,0,329252,0,328444,12,2916129,12,2744427,943,344,6030,3645637,3374972,0,0,127
1786398441006,5090928,1458288,1569040,1110608,8295760,0,329252,0,328444,12,2916129,12,2744427,943,344,6030,3645637,3374972,0,0,127
1786398441514,5090928,1458288,1569040,1110608,8295760,0,329252,0,328444,12,2916129,12,2744427,943,344,6030,3645637,3374972,0,0,127
1786398442024,5090928,1458288,1569040,1110608,8295760,0,329252,0,328444,12,2916129,12,2744427,943,344,6030,3645637,3374972,0,0,127
1786398442536,5090928,1458288,1569040,1110608,8295760,0,329252,0,328444,9,2916129,9,2744427,943,344,6030,3645637,3374972,0,0,127
1786398443047,5090928,1458288,1569040,1110608,8295760,0,329252,0,328444,9,2916129,9,2744427,943,344,6030,3645637,3374972,0,0,127
1786398443553,5090928,1458288,1569040,1110608,8295760,0,329252,0,328444,9,2916129,9,2744427,943,344,6030,3645637,3374972,0,0,127
1786398444056,5090928,1458288,1569040,1110608,8295760,0,329252,0,328444,8,2916129,8,2744427,943,344,6030,3645637,3374972,0,0,127
1786398444568,5090928,1458288,1569040,1110608,8295760,0,329252,0,328444,8,2916129,8,2744427,943,344,6030,3645637,3374972,0,0,127
1786398445069,5090928,1458288,1569040,1110608,8295760,0,329252,0,328444,8,2916129,8,2744427,943,344,6030,3645637,3374972,0,0,127
1786398445579,5090928,1458288,1569040,1110608,8295760,0,329252,0,328444,8,2916129,8,2744427,943,344,6030,3645637,3374972,0,0,127
1786398446085,5090928,1458288,1569040,1110608,8295760,0,329252,0,328444,6,2916129,6,2744427,943,344,6030,3645637,3374972,0,0,127
1786398446595,5090928,1458288,1569040,1110608,8295760,0,329252,0,328444,6,2916129,6,2744427,943,344,6030,3645637,3374972,0,0,127
1786398447105,5090928,1458288,1569040,1110608,8295760,0,329252,0,328444,6,2916129,6,2744427,943,344,6030,3645637,3374972,0,0,127
1786398447616,5090928,1458288,1569040,1110608,8295760,0,329252,0,328444,6,2916129,6,2744427,943,344,6030,3645637,3374972,0,0,127
1786398448121,5090928,1458288,1569040,1110608,8295760,0,329252,0,328444,5,2916129,5,2744427,943,344,6030,3645637,3374972,0,0,127
1786398448629,5090928,1458288,1569040,1110608,8295760,0,329252,0,328444,5,2916129,5,2744427,943,344,6030,3645637,3374972,0,0,127
1786398449142,5090928,1458048,1568800,1110608,8295760,0,329252,0,328444,5,2916129,5,2744427,943,344,6030,3645637,3374972,0,0,127
1786398449646,5090928,1458048,1568800,1110608,8295760,0,329252,0,328444,5,2916129,5,2744427,943,344,6030,3645637,3374972,0,0,127
1786398450158,5090928,1458048,1568800,1110608,8295760,0,329252,0,328444,4,2916129,4,2744427,943,344,6030,3645637,3374972,0,0,127
1786398450669,5090928,1458048,1568800,1110608,8295760,0,329252,0,328444,4,2916129,4,2744427,943,344,6030,3645637,3374972,0,0,127
1786398451181,5090928,1458048,1568800,1110608,8295760,0,329252,0,328444,4,2916129,4,2744427,943,344,6030,3645637,3374972,0,0,127
1786398451688,5090928,1458048,1568800,1110608,8295760,0,329252,0,328444,4,2916129,4,2744427,943,344,6030,3645637,3374972,0,0,127
1786398452198,5090928,1458048,1568800,1110608,8295760,0,329252,0,328444,3,2916129,3,2744427,943,344,6030,3645637,3374972,0,0,127
1786398452705,5090928,1458048,1568800,1110608,8295760,0,329252,0,328444,3,2916129,3,2744427,943,344,6030,3645637,3374972,0,0,127
1786398453210,5090928,1458048,1568800,1110608,8295760,0,329252,0,328444,3,2916129,3,2744427,943,344,6030,3645637,3374972,0,0,127
1786398453712,5090928,1458048,1568800,1110608,8295760,0,329252,0,328444,3,2916129,3,2744427,943,344,6030,3645637,3374972,0,0,127
1786398454217,5090928,1458048,1568800,1110608,8295760,0,329252,0,328444,2,2916129,2,2744427,943,344,6030,3645637,3374972,0,0,127
1786398454728,5090928,1457328,1568080,1110608,8295760,0,329252,0,328444,2,2916129,2,2744427,943,344,6030,3645637,3374972,0,0,127
1786398455230,5090928,1457328,1568080,1110608,8295760,0,329252,0,328444,2,2916129,2,2744427,943,344,6030,3645637,3374972,0,0,127
1786398455741,5090928,1457328,1568080,1110608,8295760,0,329252,0,328444,2,2916129,2,2744427,943,344,6030,3645637,3374972,0,0,127
1786398456243,5090928,1457328,1568080,1110608,8295760,0,329252,0,328444,2,2916129,2,2744427,943,344,6030,3645637,3374972,0,0,127
1786398456744,5090928,1457088,1567840,1110608,8295760,0,329252,0,328444,2,2916129,2,2744427,943,344,6030,3645637,3374972,0,0,127
1786398457246,5090928,1457088,1567840,1110608,8295760,0,329252,0,328444,2,2916129,2,2744427,943,344,6030,3645637,3374972,0,0,127
1786398457758,5090928,1457088,1567856,1111536,8296048,0,329252,0,328444,2,2978642,2,2806540,965,362,6030,3645637,3374972,0,0,127
1786398458261,5090928,1457088,1567984,1111536,8296048,0,329252,0,328444,56,2978642,56,2806540,965,362,6030,3645637,3374972,0,0,127
1786398458769,5090928,1456128,1569440,1113520,8296112,0,329252,0,328444,56,2981866,56,2809736,975,366,6030,3645637,3374972,0,0,127
1786398459277,5090928,1455648,1569312,1113520,8296112,0,329252,0,328444,56,2981866,56,2809736,975,366,6030,3645637,3374972,0,0,127
1786398459781,5090928,1455648,1569312,1113520,8296112,0,329252,0,328444,56,2981866,56,2809736,975,366,6030,3645637,3374972,0,0,127
1786398460286,5090928,1455648,1569312,1113520,8296112,0,329252,0,328444,46,2981866,46,2809736,975,366,6030,3645637,3374972,0,0,127
1786398460787,5090928,1455648,1569312,1113520,8296112,0,329252,0,328444,46,2981866,46,2809736,975,366,6030,3645637,3374972,0,0,127
1786398461294,5090928,1455408,1569072,1113520,8296112,0,329252,0,328444,46,2981866,46,2809736,975,366,6030,3645637,3374972,0,0,127
1786398461805,5090928,1455408,1569072,1113520,8296112,0,329252,0,328444,46,2981866,46,2809736,975,366,6030,3645637,3374972,0,0,127
1786398462311,5090928,1455408,1569072,1113520,8296112,0,329252,0,328444,37,2981866,37,2809736,975,366,6030,3645637,3374972,0,0,127
1786398462823,5090928,1455408,1569072,1113520,8296112,0,329252,0,328444,37,2981866,37,2809736,975,366,6030,3645637,3374972,0,0,127
1786398463335,5090928,1455408,1569072,1113520,8296112,0,329252,0,328444,37,2981866,37,2809736,975,366,6030,3645637,3374972,0,0,127
1786398463846,5090928,1455408,1569072,1113520,8296112,0,329252,0,328444,37,2981866,37,2809736,975,366,6030,3645637,3374972,0,0,127
1786398464352,5090928,1455408,1569072,1113520,8296112,0,329252,0,328444,30,2981866,30,2809736,975,366,6030,3645637,3374972,0,0,127
1786398464857,5090928,1455408,1569072,1113520,8296112,0,329252,0,328444,30,2981866,30,2809736,975,366,6030,3645637,3374972,0,0,127
1786398465360,5090928,1454928,1568592,1113520,8296112,0,329252,0,328444,30,2981866,30,2809736,975,366,6030,3645637,3374972,0,0,127
1786398465861,5090928,1454688,1568352,1113520,8296112,0,329252,0,328444,30,2981866,30,2809736,975,366,6030,3645637,3374972,0,0,127
1786398466372,5090928,1454688,1568352,1113520,8296112,0,329252,0,328444,25,2981866,25,2809736,975,366,6030,3645637,3374972,0,0,127
1786398466874,5090928,1454688,1568352,1113520,8296112,0,329252,0,328444,25,2981866,25,2809736,975,366,6030,3645637,3374972,0,0,127
1786398467379,5090928,1454688,1568352,1113520,8296112,0,329252,0,328444,25,2981866,25,2809736,975,366,6030,3645637,3374972,0,0,127
1786398467882,5090928,1454688,1568352,1113520,8296112,0,329252,0,328444,25,2981866,25,2809736,975,366,6030,3645637,3374972,0,0,127
1786398468395,5090928,1454688,1568352,1113520,8296112,0,329252,0,328444,20,2981866,20,2809736,975,366,6030,3645637,3374972,0,0,127
1786398468904,5090928,1454688,1568352,1113520,8296112,0,329252,0,328444,20,2981866,20,2809736,975,366,6030,3645637,3374972,0,0,127
1786398469405,5090928,1454688,1568352,1113520,8296112,0,329252,0,328444,20,2981866,20,2809736,975,366,6030,3645637,3374972,0,0,127
1786398469911,5090928,1454688,1568352,1113520,8296112,0,329252,0,328444,20,2981866,20,2809736,975,366,6030,3645637,3374972,0,0,127
1786398470413,5090928,1454688,1568352,1113520,8296112,0,329252,0,328444,16,2981866,16,2809736,975,366,6030,3645637,3374972,0,0,127
1786398470919,5090928,1454688,1568464,1113664,8296128,0,329252,0,328444,16,2991582,16,2819350,978,367,6030,3645637,3374972,0,0,127
1786398471431,5090928,1454688,1568464,1113664,8296128,0,329252,0,328444,16,2991582,16,2819350,978,367,6030,3645637,3374972,0,0,127
1786398471935,5090928,1454208,1568240,1113904,8296128,0,329252,0,328444,16,2991582,16,2819350,978,367,6030,3645637,3374972,0,0,127
1786398472443,5090928,1451568,1568656,1117328,8296512,0,329252,0,328444,13,2997421,13,2824809,996,376,6030,3645637,3374972,0,0,127
1786398472946,5090928,1450368,1567824,1117328,8296512,0,329252,0,328444,13,2997421,13,2824809,996,376,6030,3645637,3374972,0,0,127
1786398473458,5090928,1450368,1567824,1117328,8296528,0,329252,0,328444,13,2997421,13,2824809,997,377,6030,3645637,3374972,0,0,127
1786398473969,5090928,1450368,1567824,1117328,8296528,0,329252,0,328444,13,2997421,13,2824809,997,377,6030,3645637,3374972,0,0,127
1786398474478,5090928,1450368,1567824,1117328,8296528,0,329252,0,328444,11,2997421,11,2824809,997,377,6030,3645637,3374972,0,0,127
1786398474986,5090928,1450368,1567824,1117328,8296528,0,329252,0,328444,11,2997421,11,2824809,997,377,6030,3645637,3374972,0,0,127
1786398475491,5090928,1450368,1567824,1117328,8296528,0,329252,0,328444,11,2997421,11,2824809,997,377,6030,3645637,3374972,0,0,127
1786398476003,5090928,1450368,1567824,1117328,8296528,0,329252,0,328444,11,2997421,11,2824809,997,377,6030,3645637,3374972,0,0,127
1786398476514,5090928,1450368,1567824,1117328,8296528,0,329252,0,328444,9,2997421,9,2824809,997,377,6030,3645637,3374972,0,0,127
1786398477026,5090928,1450368,1567824,1117328,8296528,0,329252,0,328444,9,2997421,9,2824809,997,377,6030,3645637,3374972,0,0,127
1786398477537,5090928,1450368,1567824,1117328,8296528,0,329252,0,328444,9,2997421,9,2824809,997,377,6030,3645637,3374972,0,0,127
1786398478042,5090928,1450368,1567824,1117328,8296528,0,329252,0,328444,9,2997421,9,2824809,997,377,6030,3645637,3374972,0,0,127
1786398478550,5090928,1450368,1567824,1117328,8296528,0,329252,0,328444,7,2997421,7,2824809,997,377,6030,3645637,3374972,0,0,127
1786398479059,5090928,1450368,1567824,1117328,8296528,0,329252,0,328444,7,2997421,7,2824809,997,377,6030,3645637,3374972,0,0,127
1786398479569,5090928,1449888,1567344,1117328,8296528,0,329252,0,328444,7,2997421,7,2824809,997,377,6030,3645637,3374972,0,0,127
1786398480070,5090928,1415392,1563312,1148816,8303008,0,329252,0,328444,24,3039067,24,2863037,1473,781,6030,3645637,3374972,0,0,127
1786398480570,5090928,2149792,1717696,231792,8303936,0,329253,0,328444,24,3162046,24,2980799,1591,838,6030,3645637,3374972,0,0,127
1786398481071,5128816,1849536,1567568,521440,8303936,0,329253,0,328444,24,3230135,24,3048417,1591,838,6030,3645637,3374972,0,0,127
1786398481571,5129968,1699888,1550864,785888,8303968,0,329253,0,328444,24,3243881,24,3061841,1593,840,6030,3645637,3374972,0,0,127
1786398482072,5154544,1444256,1506464,1055120,8303968,0,329253,0,328444,200,3244255,200,3062215,1593,840,6030,3645637,3374972,0,0,127
1786398482577,5215488,1324704,1567392,1235232,8303968,0,329253,0,328444,200,3299982,200,3115911,1593,840,6030,3645637,3374972,0,0,127
1786398483078,5242112,617856,863264,1238224,8303968,0,350695,0,349887,200,3505345,200,3321063,1596,840,6030,3645637,3374972,0,0,127
1786398483588,5923824,1303040,1546416,1236080,8303968,0,743308,0,742476,200,3505345,200,3321063,1596,840,6030,3645637,3374972,135,134,127
1786398484095,5982192,1243968,1488496,1237072,8303968,724,1170830,724,1169938,400,3505366,382,3321084,1598,840,6030,3645637,3374972,198,197,127
1786398484605,6055968,2378336,2614880,1228688,8304016,724,1183067,724,1182175,400,3505366,382,3321084,1601,843,6030,3645637,3374972,733,732,127
1786398485108,6055968,2375456,2621456,1238272,8304016,724,1183067,724,1182175,400,3505553,382,3321270,1601,843,6030,3645637,3374972,733,732,127
1786398485613,6055968,2375456,2621456,1238272,8304016,724,1183067,724,1182175,400,3505553,382,3321270,1601,843,6030,3645637,3374972,733,732,127
1786398486113,6055968,2375456,2621456,1238272,8304016,611,1183067,611,1182175,327,3505553,312,3321270,1601,843,6030,3645637,3374972,733,732,127
1786398486620,6055968,2375456,2621456,1238272,8304016,611,1183067,611,1182175,327,3505553,312,3321270,1601,843,6030,3645637,3374972,733,732,127
1786398487122,6055968,2375456,2621456,1238272,8304016,611,1183067,611,1182175,327,3505553,312,3321270,1601,843,6030,3645637,3374972,733,732,127
1786398487630,6055968,2374976,2621104,1238272,8304016,611,1183067,611,1182175,327,3505553,312,3321270,1601,843,6030,3645637,3374972,733,732,127
1786398488133,6055968,2374976,2621104,1238272,8304016,500,1183067,500,1182175,268,3505553,256,3321270,1601,843,6030,3645637,3374972,733,732,127
1786398488635,6055968,2374256,2620384,1238272,8304016,500,1183067,500,1182175,268,3505553,256,3321270,1601,843,6030,3645637,3374972,733,732,127
1786398489139,6055968,2374256,2620384,1238272,8304016,500,1183067,500,1182175,268,3505553,256,3321270,1601,843,6030,3645637,3374972,733,732,127
1786398489650,6055968,2374256,2620384,1238272,8304016,500,1183067,500,1182175,268,3505553,256,3321270,1601,843,6030,3645637,3374972,733,732,127
1786398490160,6055968,2374256,2620384,1238272,8304016,409,1183067,409,1182175,219,3505553,209,3321270,1601,843,6030,3645637,3374972,733,732,127
1786398490672,6055968,2374256,2620384,1238272,8304016,409,1183067,409,1182175,219,3505553,209,3321270,1601,843,6030,3645637,3374972,733,732,127
1786398491174,6055968,2374256,2620384,1238272,8304016,409,1183067,409,1182175,219,3505553,209,3321270,1601,843,6030,3645637,3374972,733,732,127
1786398491677,6055968,2374256,2620384,1238272,8304016,409,1183067,409,1182175,219,3505553,209,3321270,1601,843,6030,3645637,3374972,733,732,127
1786398492184,6055968,2374256,2620384,1238272,8304016,335,1183067,335,1182175,179,3505553,171,3321270,1601,843,6030,3645637,3374972,733,732,127
1786398492690,6055968,2374256,2620384,1238272,8304016,335,1183067,335,1182175,179,3505553,171,3321270,1601,843,6030,3645637,3374972,733,732,127
1786398493196,6055968,2374256,2620384,1238272,8304016,335,1183067,335,1182175,179,3506242,171,3321957,1601,843,6030,3645637,3374972,733,732,127
1786398493703,6055968,2374256,2620384,1238272,8304016,335,1183067,335,1182175,179,3506242,171,3321957,1601,843,6030,3645637,3374972,733,732,127
1786398494209,6055968,2374256,2620384,1238272,8304016,274,1183067,274,1182175,147,3506242,140,3321957,1601,843,6030,3645637,3374972,733,732,127
1786398494712,6055968,2374256,2620384,1238272,8304016,274,1183067,274,1182175,147,3506242,140,3321957,1601,843,6030,3645637,3374972,733,732,127
1786398495222,6055968,2374256,2620384,1238272,8304016,274,1183067,274,1182175,147,3506242,140,3321957,1601,843,6030,3645637,3374972,733,732,127
1786398495722,6055968,2374256,2620384,1238272,8304016,274,1183067,274,1182175,147,3506242,140,3321957,1601,843,6030,3645637,3374972,733,732,127
1786398496228,6055968,2374256,2620384,1238272,8304016,225,1183067,225,1182175,120,3506242,114,3321957,1601,843,6030,3645637,3374972,733,732,127
1786398496739,6055968,2374256,2620384,1238272,8304016,225,1183067,225,1182175,120,3506242,114,3321957,1601,843,6030,3645637,3374972,733,732,127
1786398497244,6055968,2374256,2620384,1238272,8304016,225,1183067,225,1182175,120,3506242,114,3321957,1601,843,6030,3645637,3374972,733,732,127
1786398497756,6055968,2374256,2620384,1238272,8304016,225,1183067,225,1182175,120,3506242,114,3321957,1601,843,6030,3645637,3374972,733,732,127
1786398498262,5944352,2259056,2505616,1238272,8304016,184,1183067,184,1182175,98,3506242,94,3321957,1601,843,6030,3645637,3374972,733,732,127
1786398498768,5793824,2113136,2360288,1238272,8304016,184,1183067,184,1182175,98,3506242,94,3321957,1601,843,6030,3645637,3374972,733,732,127
1786398499279,5793824,2112656,2359808,1238272,8304016,184,1183067,184,1182175,98,3506242,94,3321957,1601,843,6030,3645637,3374972,733,732,127
1786398499784,5793824,2112416,2359568,1238272,8304016,184,1183067,184,1182175,98,3506242,94,3321957,1601,843,6030,3645637,3374972,733,732,127
1786398500285,5661728,1966736,2214304,1238272,8304016,150,1183067,150,1182175,80,3506242,77,3321957,1601,843,6030,3645637,3374972,733,732,127
1786398500789,5531680,1843856,2091424,1238272,8304016,150,1183067,150,1182175,80,3506242,77,3321957,1601,843,6030,3645637,3374972,733,732,127
1786398501299,5531680,1834976,2082544,1238272,8304016,150,1183067,150,1182175,80,3506242,77,3321957,1601,843,6030,3645637,3374972,733,732,127
1786398501809,5531680,1834976,2082544,1238272,8304016,150,1183067,150,1182175,80,3506242,77,3321957,1601,843,6030,3645637,3374972,733,732,127
1786398502323,5286944,1588272,1835840,1238272,8304016,123,1183067,123,1182175,66,3506242,63,3321957,1601,843,6030,3645637,3374972,733,732,127
1786398502832,5269536,1565232,1812800,1238272,8304016,123,1183067,123,1182175,66,3506242,63,3321957,1601,843,6030,3645637,3374972,733,732,127
1786398503344,5269536,1564736,1812304,1238272,8304016,123,1183067,123,1182175,66,3506242,63,3321957,1601,843,6030,3645637,3374972,733,732,127
1786398503851,5269536,1564736,1812304,1238272,8304016,123,1183067,123,1182175,66,3506242,63,3321957,1601,843,6030,3645637,3374972,733,732,127
1786398504353,5054496,1350512,1598080,1238272,8304016,101,1183067,101,1182175,54,3506242,51,3321957,1601,843,6030,3645637,3374972,733,732,127
1786398504857,5030096,1326896,1574464,1238272,8304016,101,1183067,101,1182175,54,3506242,51,3321957,1601,843,6030,3645637,3374972,733,732,127
1786398505368,5030096,1326896,1574464,1238272,8304016,101,1183067,101,1182175,54,3506242,51,3321957,1601,843,6030,3645637,3374972,733,732,127
1786398505880,5030096,1325696,1573248,1238272,8304880,101,1183067,101,1182175,54,3506256,51,3321972,1604,846,6030,3645637,3374972,733,732,127
1786398506383,5030096,1325696,1573248,1238272,8304880,82,1183067,82,1182175,44,3506256,42,3321972,1604,846,6030,3645637,3374972,733,732,127
1786398506894,5030096,1325696,1573248,1238272,8304880,82,1183067,82,1182175,44,3506256,42,3321972,1604,846,6030,3645637,3374972,733,732,127
1786398507402,5030096,1325216,1572768,1238272,8304880,82,1183067,82,1182175,44,3506256,42,3321972,1604,846,6030,3645637,3374972,733,732,127
1786398507912,5030096,1325216,1572768,1238272,8304880,82,1183067,82,1182175,44,3506256,42,3321972,1604,846,6030,3645637,3374972,733,732,127
1786398508418,5030096,1325216,1572768,1238272,8304880,67,1183067,67,1182175,36,3506256,34,3321972,1604,846,6030,3645637,3374972,733,732,127
1786398508924,5030096,1325216,1572768,1238272,8304880,67,1183067,67,1182175,36,3506256,34,3321972,1604,846,6030,3645637,3374972,733,732,127
1786398509435,5030096,1325216,1572784,1238272,8304880,67,1183067,67,1182175,36,3506256,34,3321972,1604,846,6030,3645637,3374972,733,732,127
1786398509942,5030096,1325216,1572784,1238272,8304880,67,1183067,67,1182175,36,3506256,34,3321972,1604,846,6030,3645637,3374972,733,732,127
1786398510445,5030096,1325216,1572784,1238272,8304880,55,1183067,55,1182175,28,3506256,28,3321972,1604,846,6030,3645637,3374972,733,732,127
1786398510949,5030096,1325216,1572784,1238272,8304880,55,1183067,55,1182175,28,3506256,28,3321972,1604,846,6030,3645637,3374972,733,732,127
1786398511461,5030096,1325216,1572784,1238272,8304880,55,1183067,55,1182175,28,3506256,28,3321972,1604,846,6030,3645637,3374972,733,732,127
1786398511972,5030096,1325216,1572784,1238272,8304880,55,1183067,55,1182175,28,3506256,28,3321972,1604,846,6030,3645637,3374972,733,732,127
1786398512483,5030096,1325216,1572784,1238272,8304880,45,1183067,45,1182175,24,3506256,23,3321972,1604,846,6030,3645637,3374972,733,732,127
1786398512991,5030096,1325216,1572784,1238272,8304880,45,1183067,45,1182175,24,3506256,23,3321972,1604,846,6030,3645637,3374972,733,732,127
1786398513495,5030096,1325216,1572784,1238272,8304880,45,1183067,45,1182175,24,3506256,23,3321972,1604,846,6030,3645637,3374972,733,732,127
1786398513998,5030096,1325216,1572784,1238272,8304880,45,1183067,45,1182175,24,3510803,23,3326506,1604,846,6030,3645637,3374972,733,732,127
1786398514502,5030096,1324736,1572304,1238608,8304880,37,1183067,37,1182175,19,3510803,18,3326506,1604,846,6030,3645637,3374972,733,732,127
1786398515006,5030096,1324736,1572656,1238768,8304880,37,1183067,37,1182175,19,3512014,18,3327711,1604,846,6030,3645637,3374972,733,732,127
1786398515508,5030096,1324736,1572656,1238768,8304880,37,1183067,37,1182175,19,3512014,18,3327711,1604,846,6030,3645637,3374972,733,732,127
1786398516015,5030096,1324736,1572656,1238768,8304880,37,1183067,37,1182175,19,3512014,18,3327711,1604,846,6030,3645637,3374972,733,732,127
1786398516520,5030096,1324736,1572800,1238768,8304880,30,1183067,30,1182175,16,3512014,15,3327711,1604,846,6030,3645637,3374972,733,732,127
1786398517023,5030096,1324736,1572800,1238768,8304880,30,1183067,30,1182175,16,3512014,15,3327711,1604,846,6030,3645637,3374972,733,732,127
1786398517527,5030096,1324736,1572800,1238768,8304880,30,1183067,30,1182175,16,3512014,15,3327711,1604,846,6030,3645637,3374972,733,732,127
1786398518033,5030096,1324736,1572800,1238768,8304880,30,1183067,30,1182175,16,3512014,15,3327711,1604,846,6030,3645637,3374972,733,732,127
1786398518542,5030096,1324736,1572800,1238768,8304880,24,1183067,24,1182175,13,3512014,12,3327711,1604,846,6030,3645637,3374972,733,732,127
1786398519049,5030096,1324736,1572800,1238768,8304880,24,1183067,24,1182175,13,3512014,12,3327711,1604,846,6030,3645637,3374972,733,732,127
1786398519561,5030096,1324736,1572800,1238768,8304880,24,1183067,24,1182175,13,3512014,12,3327711,1604,846,6030,3645637,3374972,733,732,127
1786398520065,5030096,1324736,1572800,1238768,8304880,24,1183067,24,1182175,13,3512014,12,3327711,1604,846,6030,3645637,3374972,733,732,127
1786398520567,5030096,1324736,1572800,1238768,8304880,20,1183067,20,1182175,10,3512014,10,3327711,1604,846,6030,3645637,3374972,733,732,127
1786398521068,5030096,1324736,1572800,1238768,8304880,20,1183067,20,1182175,10,3512014,10,3327711,1604,846,6030,3645637,3374972,733,732,127
1786398521572,5030096,1324736,1572800,1238768,8304880,20,1183067,20,1182175,10,3512014,10,3327711,1604,846,6030,3645637,3374972,733,732,127
1786398522084,5030096,1324736,1572800,1238768,8304880,16,1183067,16,1182175,8,3512014,8,3327711,1604,846,6030,3645637,3374972,733,732,127
1786398522592,5030096,1324736,1572800,1238768,8304880,16,1183067,16,1182175,8,3512014,8,3327711,1604,846,6030,3645637,3374972,733,732,127
1786398523097,5030096,1324736,1572800,1238768,8304880,16,1183067,16,1182175,8,3512014,8,3327711,1604,846,6030,3645637,3374972,733,732,127
1786398523606,5030096,1324736,1572800,1238768,8304880,16,1183067,16,1182175,8,3512014,8,3327711,1604,846,6030,3645637,3374972,733,732,127
1786398524111,5030096,1324736,1572800,1238768,8304880,13,1183067,13,1182175,7,3512014,6,3327711,1604,846,6030,3645637,3374972,733,732,127
1786398524616,5030096,1324736,1572800,1238768,8304880,13,1183067,13,1182175,7,3512014,6,3327711,1604,846,6030,3645637,3374972,733,732,127
1786398525118,5030096,1324736,1572800,1238768,8304880,13,1183067,13,1182175,7,3512014,6,3327711,1604,846,6030,3645637,3374972,733,732,127
1786398525619,5030096,1324736,1572800,1238768,8304880,13,1183067,13,1182175,7,3512014,6,3327711,1604,846,6030,3645637,3374972,733,732,127
1786398526121,5030096,1324736,1572800,1238768,8304880,11,1183067,11,1182175,5,3512014,5,3327711,1604,846,6030,3645637,3374972,733,732,127
1786398526624,5030096,1324736,1572800,1238768,8304880,11,1183067,11,1182175,5,3512014,5,3327711,1604,846,6030,3645637,3374972,733,732,127
1786398527137,5030096,1324736,1572800,1238768,8304880,11,1183067,11,1182175,5,3512014,5,3327711,1604,846,6030,3645637,3374972,733,732,127
1786398527649,5030096,1324496,1572560,1238768,8304880,11,1183067,11,1182175,5,3512014,5,3327711,1604,846,6030,3645637,3374972,733,732,127
1786398528159,5030096,1324496,1572560,1238768,8304880,9,1183067,9,1182175,4,3512014,4,3327711,1604,846,6030,3645637,3374972,733,732,127
1786398528664,5030096,1324496,1572560,1238768,8304880,9,1183067,9,1182175,4,3512014,4,3327711,1604,846,6030,3645637,3374972,733,732,127
1786398529167,5030096,1324496,1572560,1238768,8304880,9,1183067,9,1182175,4,3512014,4,3327711,1604,846,6030,3645637,3374972,733,732,127
1786398529672,5030096,1324496,1572560,1238768,8304880,9,1183067,9,1182175,4,3512014,4,3327711,1604,846,6030,3645637,3374972,733,732,127
1786398530180,5030096,1324496,1572560,1238768,8304880,7,1183067,7,1182175,3,3512014,3,3327711,1604,846,6030,3645637,3374972,733,732,127
1786398530687,5030096,1324496,1572560,1238768,8304880,7,1183067,7,1182175,3,3512014,3,3327711,1604,846,6030,3645637,3374972,733,732,127
1786398531192,5030096,1324496,1572560,1238768,8304880,7,1183067,7,1182175,3,3512014,3,3327711,1604,846,6030,3645637,3374972,733,732,127
1786398531702,5030096,1324496,1572560,1238784,8304880,7,1183067,7,1182175,3,3512014,3,3327711,1604,846,6030,3645637,3374972,733,732,127
1786398532210,5030096,1324496,1572560,1238784,8304880,6,1183067,6,1182175,3,3512014,3,3327711,1604,846,6030,3645637,3374972,733,732,127
1786398532712,5030096,1324496,1572560,1238784,8304880,6,1183067,6,1182175,3,3512014,3,3327711,1604,846,6030,3645637,3374972,733,732,127
1786398533222,5030096,1324496,1572560,1238784,8304880,6,1183067,6,1182175,3,3512014,3,3327711,1604,846,6030,3645637,3374972,733,732,127
1786398533731,5030096,1324496,1572560,1238784,8304880,6,1183067,6,1182175,3,3512014,3,3327711,1604,846,6030,3645637,3374972,733,732,127
1786398534235,5030096,1324496,1572560,1238784,8304880,4,1183067,4,1182175,2,3512014,2,3327711,1604,846,6030,3645637,3374972,733,732,127
1786398534748,5030096,1324496,1572560,1238784,8304880,4,1183067,4,1182175,2,3512014,2,3327711,1604,846,6030,3645637,3374972,733,732,127
1786398535253,5030096,1324496,1572560,1238784,8304880,4,1183067,4,1182175,2,3512014,2,3327711,1604,846,6030,3645637,3374972,733,732,127
1786398535761,5030096,1324496,1572560,1238784,8304880,4,1183067,4,1182175,2,3512014,2,3327711,1604,846,6030,3645637,3374972,733,732,127
1786398536265,5030096,1324496,1572560,1238784,8304880,3,1183067,3,1182175,2,3512014,1,3327711,1604,846,6030,3645637,3374972,733,732,127
1786398536774,5030096,1324496,1572560,1238784,8304880,3,1183067,3,1182175,2,3512014,1,3327711,1604,846,6030,3645637,3374972,733,732,127
1786398537286,5030096,1324496,1572560,1238784,8304880,3,1183067,3,1182175,2,3512014,1,3327711,1604,846,6030,3645637,3374972,733,732,127
1786398537792,5030096,1324496,1572560,1238784,8304880,3,1183067,3,1182175,2,3512014,1,3327711,1604,846,6030,3645637,3374972,733,732,127
1786398538299,5030096,1324496,1572560,1238784,8304880,3,1183067,3,1182175,1,3512014,1,3327711,1604,846,6030,3645637,3374972,733,732,127
1786398538807,5030096,1324496,1572560,1238784,8304880,3,1183067,3,1182175,1,3512014,1,3327711,1604,846,6030,3645637,3374972,733,732,127
1786398539311,5030096,1324496,1572560,1238784,8304880,3,1183067,3,1182175,1,3512014,1,3327711,1604,846,6030,3645637,3374972,733,732,127
1786398539815,5030096,1324496,1572560,1238784,8304880,3,1183067,3,1182175,1,3512014,1,3327711,1604,846,6030,3645637,3374972,733,732,127
1786398540318,5030096,1324496,1572560,1238784,8304880,2,1183067,2,1182175,1,3512014,1,3327711,1604,846,6030,3645637,3374972,733,732,127
1786398540820,5030096,1324496,1572560,1238784,8304880,2,1183067,2,1182175,1,3512014,1,3327711,1604,846,6030,3645637,3374972,733,732,127
1786398541333,5030096,1324496,1572560,1238784,8304880,2,1183067,2,1182175,1,3512014,1,3327711,1604,846,6030,3645637,3374972,733,732,127
1786398541840,5030096,1324496,1572560,1238784,8304880,2,1183067,2,1182175,1,3512014,1,3327711,1604,846,6030,3645637,3374972,733,732,127
1786398542343,5030096,1324496,1572560,1238784,8304880,2,1183067,2,1182175,1,3512014,1,3327711,1604,846,6030,3645637,3374972,733,732,127
1786398542854,5030096,1324496,1572560,1238784,8304880,2,1183067,2,1182175,1,3512014,1,3327711,1604,846,6030,3645637,3374972,733,732,127
1786398543357,5030096,1324496,1572560,1238784,8304880,2,1183067,2,1182175,1,3512014,1,3327711,1604,846,6030,3645637,3374972,733,732,127
1786398543870,5030096,1324496,1572560,1238784,8304880,2,1183067,2,1182175,1,3512014,1,3327711,1604,846,6030,3645637,3374972,733,732,127
1786398544381,5030096,1324496,1572560,1239136,8304880,1,1183067,1,1182175,0,3524842,0,3340512,1604,846,6030,3645637,3374972,733,732,127
1786398544885,5030096,1324256,1572320,1239136,8304880,1,1183067,1,1182175,0,3524842,0,3340512,1604,846,6030,3645637,3374972,733,732,127
1786398545393,5030096,1324256,1572320,1239136,8304880,1,1183067,1,1182175,0,3524842,0,3340512,1604,846,6030,3645637,3374972,733,732,127
1786398545901,5030096,1324256,1572320,1239136,8304880,1,1183067,1,1182175,0,3524842,0,3340512,1604,846,6030,3645637,3374972,733,732,127
1786398546404,5030096,1324256,1572320,1239136,8304880,1,1183067,1,1182175,0,3524842,0,3340512,1604,846,6030,3645637,3374972,733,732,127
1786398546915,5030096,1324256,1572320,1239136,8304880,1,1183067,1,1182175,0,3524842,0,3340512,1604,846,6030,3645637,3374972,733,732,127
1786398547425,5030096,1324256,1572320,1239136,8304880,1,1183067,1,1182175,0,3524842,0,3340512,1604,846,6030,3645637,3374972,733,732,127
1786398547926,5030096,1324256,1572320,1239136,8304880,1,1183067,1,1182175,0,3524842,0,3340512,1604,846,6030,3645637,3374972,733,732,127
1786398548436,5030096,1324256,1572672,1239136,8304880,1,1183067,1,1182175,0,3524842,0,3340512,1604,846,6030,3645637,3374972,733,732,127
1786398548943,5030096,1324256,1572672,1239136,8304880,1,1183067,1,1182175,0,3524842,0,3340512,1604,846,6030,3645637,3374972,733,732,127
1786398549445,5030096,1324256,1572672,1239136,8304880,1,1183067,1,1182175,0,3524842,0,3340512,1604,846,6030,3645637,3374972,733,732,127
1786398549952,5030096,1324256,1572672,1239136,8304880,1,1183067,1,1182175,0,3524842,0,3340512,1604,846,6030,3645637,3374972,733,732,127
1786398550455,5030096,1324256,1572672,1239136,8304880,0,1183067,0,1182175,0,3524842,0,3340512,1604,846,6030,3645637,3374972,733,732,127
1786398550966,5030096,1324256,1572672,1239136,8304880,0,1183067,0,1182175,0,3524842,0,3340512,1604,846,6030,3645637,3374972,733,732,127
1786398551468,5030096,1324256,1572672,1239136,8304880,0,1183067,0,1182175,0,3524842,0,3340512,1604,846,6030,3645637,3374972,733,732,127
1786398551977,5030096,1324256,1572672,1239136,8304880,0,1183067,0,1182175,0,3524842,0,3340512,1604,846,6030,3645637,3374972,733,732,127
1786398552481,5030096,1324256,1572672,1239136,8304880,0,1183067,0,1182175,0,3524842,0,3340512,1604,846,6030,3645637,3374972,733,732,127
1786398552991,5030096,1324256,1572672,1239136,8304880,0,1183067,0,1182175,0,3524842,0,3340512,1604,846,6030,3645637,3374972,733,732,127
1786398553496,5030096,1324256,1572672,1239136,8304880,0,1183067,0,1182175,0,3524842,0,3340512,1604,846,6030,3645637,3374972,733,732,127
1786398554008,5030096,1324256,1572672,1239136,8304880,0,1183067,0,1182175,0,3524842,0,3340512,1604,846,6030,3645637,3374972,733,732,127
1786398554513,5030096,1324256,1572672,1239136,8304880,0,1183067,0,1182175,0,3524842,0,3340512,1604,846,6030,3645637,3374972,733,732,127
1786398555014,5030096,1324256,1572672,1239136,8304880,0,1183067,0,1182175,0,3524842,0,3340512,1604,846,6030,3645637,3374972,733,732,127
1786398555519,5030096,1324256,1572672,1239136,8304880,0,1183067,0,1182175,0,3524842,0,3340512,1604,846,6030,3645637,3374972,733,732,127
1786398556022,5030096,1324256,1572672,1239136,8304880,0,1183067,0,1182175,0,3524842,0,3340512,1604,846,6030,3645637,3374972,733,732,127
1786398556529,5030096,1324256,1572672,1239136,8304880,0,1183067,0,1182175,0,3524842,0,3340512,1604,846,6030,3645637,3374972,733,732,127
1786398557032,5030096,1324256,1572672,1239136,8304880,0,1183067,0,1182175,0,3524842,0,3340512,1604,846,6030,3645637,3374972,733,732,127
1786398557543,5030096,1324256,1572672,1239136,8304880,0,1183067,0,1182175,0,3524842,0,3340512,1604,846,6030,3645637,3374972,733,732,127
1786398558050,5030096,1324256,1572672,1239136,8304880,0,1183067,0,1182175,0,3524842,0,3340512,1604,846,6030,3645637,3374972,733,732,127
1786398558553,5030096,1324256,1572672,1239136,8304880,0,1183067,0,1182175,0,3524842,0,3340512,1604,846,6030,3645637,3374972,733,732,127
1786398559064,5030096,1324256,1572672,1239136,8304880,0,1183067,0,1182175,0,3524842,0,3340512,1604,846,6030,3645637,3374972,733,732,127
1786398559576,5030096,1324256,1572672,1239136,8304880,0,1183067,0,1182175,0,3524842,0,3340512,1604,846,6030,3645637,3374972,733,732,127
1786398560081,5030096,1324256,1572672,1239136,8304880,0,1183067,0,1182175,0,3524842,0,3340512,1604,846,6030,3645637,3374972,733,732,127
1786398560584,5030096,1324256,1572672,1239136,8304880,0,1183067,0,1182175,0,3524842,0,3340512,1604,846,6030,3645637,3374972,733,732,127
1786398561087,5030096,1324256,1572672,1239136,8304880,0,1183067,0,1182175,0,3524842,0,3340512,1604,846,6030,3645637,3374972,733,732,127
1786398561597,5030096,1324256,1572672,1239136,8304880,0,1183067,0,1182175,0,3524842,0,3340512,1604,846,6030,3645637,3374972,733,732,127
1786398562110,5030096,1324256,1572672,1239136,8304880,0,1183067,0,1182175,0,3524842,0,3340512,1604,846,6030,3645637,3374972,733,732,127
1786398562615,5030096,1324256,1572672,1239136,8304880,0,1183067,0,1182175,0,3524842,0,3340512,1604,846,6030,3645637,3374972,733,732,127
1786398563127,5030096,1324256,1572672,1239136,8304880,0,1183067,0,1182175,0,3524842,0,3340512,1604,846,6030,3645637,3374972,733,732,127
1786398563628,5030096,1324256,1572672,1239136,8304880,0,1183067,0,1182175,0,3524842,0,3340512,1604,846,6030,3645637,3374972,733,732,127
1786398564136,5030096,1324256,1572672,1239136,8304880,0,1183067,0,1182175,0,3524842,0,3340512,1604,846,6030,3645637,3374972,733,732,127
1786398564646,5030096,1324256,1572672,1239136,8304880,0,1183067,0,1182175,0,3524842,0,3340512,1604,846,6030,3645637,3374972,733,732,127
1786398565148,5030096,1324256,1572672,1239136,8304880,0,1183067,0,1182175,0,3524842,0,3340512,1604,846,6030,3645637,3374972,733,732,127
1786398565656,5030096,1324256,1572672,1239136,8304880,0,1183067,0,1182175,0,3524842,0,3340512,1604,846,6030,3645637,3374972,733,732,127
1786398566168,5030096,1324256,1572672,1239136,8304880,0,1183067,0,1182175,0,3524842,0,3340512,1604,846,6030,3645637,3374972,733,732,127
1786398566673,5030096,1324256,1572672,1239136,8304880,0,1183067,0,1182175,0,3524842,0,3340512,1604,846,6030,3645637,3374972,733,732,127
1786398567185,5030096,1324256,1572672,1239136,8304880,0,1183067,0,1182175,0,3524842,0,3340512,1604,846,6030,3645637,3374972,733,732,127
1786398567694,5030096,1324256,1572672,1239136,8304880,0,1183067,0,1182175,0,3524842,0,3340512,1604,846,6030,3645637,3374972,733,732,127
1786398568202,5030096,1324256,1572672,1239136,8304880,0,1183067,0,1182175,0,3524842,0,3340512,1604,846,6030,3645637,3374972,733,732,127
1786398568704,5030096,1324256,1572672,1239136,8304880,0,1183067,0,1182175,0,3524842,0,3340512,1604,846,6030,3645637,3374972,733,732,127
1786398569210,5030096,1324256,1572672,1239136,8304880,0,1183067,0,1182175,0,3524842,0,3340512,1604,846,6030,3645637,3374972,733,732,127
1786398569713,5030096,1324256,1572672,1239136,8304880,0,1183067,0,1182175,0,3524842,0,3340512,1604,846,6030,3645637,3374972,733,732,127
1786398570224,5030096,1324256,1572672,1239136,8304880,0,1183067,0,1182175,0,3524842,0,3340512,1604,846,6030,3645637,3374972,733,732,127
1786398570737,5030096,1324256,1572672,1239136,8304880,0,1183067,0,1182175,0,3524842,0,3340512,1604,846,6030,3645637,3374972,733,732,127
1786398571248,5030096,1324256,1572672,1239136,8304880,0,1183067,0,1182175,0,3524842,0,3340512,1604,846,6030,3645637,3374972,733,732,127
1786398571751,5030096,1324256,1572672,1239136,8304880,0,1183067,0,1182175,0,3524842,0,3340512,1604,846,6030,3645637,3374972,733,732,127
1786398572263,5030096,1324256,1572672,1239136,8304880,0,1183067,0,1182175,0,3524842,0,3340512,1604,846,6030,3645637,3374972,733,732,127
1786398572772,5030096,1324256,1572672,1239136,8304880,0,1183067,0,1182175,0,3524842,0,3340512,1604,846,6030,3645637,3374972,733,732,127
1786398573279,5030096,1324256,1572672,1239136,8304880,0,1183067,0,1182175,0,3524842,0,3340512,1604,846,6030,3645637,3374972,733,732,127
1786398573784,5030096,1324256,1572672,1239136,8304880,0,1183067,0,1182175,0,3524842,0,3340512,1604,846,6030,3645637,3374972,733,732,127
1786398574296,5030096,1324256,1572672,1239136,8304880,0,1183067,0,1182175,0,3524842,0,3340512,1604,846,6030,3645637,3374972,733,732,127
1786398574800,5030096,1324256,1572672,1239136,8304880,0,1183067,0,1182175,0,3524842,0,3340512,1604,846,6030,3645637,3374972,733,732,127
1786398575309,5030096,1324256,1572672,1239136,8304880,0,1183067,0,1182175,0,3524842,0,3340512,1604,846,6030,3645637,3374972,733,732,127
1786398575810,5030096,1324256,1572672,1239136,8304880,0,1183067,0,1182175,0,3524842,0,3340512,1604,846,6030,3645637,3374972,733,732,127
1786398576312,5030096,1324256,1572672,1239136,8304880,0,1183067,0,1182175,0,3524842,0,3340512,1604,846,6030,3645637,3374972,733,732,127
1786398576814,5030096,1324256,1572672,1239136,8304880,0,1183067,0,1182175,0,3524842,0,3340512,1604,846,6030,3645637,3374972,733,732,127
1786398577325,5030096,1324256,1572672,1239136,8304880,0,1183067,0,1182175,0,3524842,0,3340512,1604,846,6030,3645637,3374972,733,732,127
1786398577828,5030096,1324256,1572672,1239136,8304880,0,1183067,0,1182175,0,3524842,0,3340512,1604,846,6030,3645637,3374972,733,732,127
1786398578340,5030096,1324256,1572672,1239136,8304880,0,1183067,0,1182175,0,3524842,0,3340512,1604,846,6030,3645637,3374972,733,732,127
1786398578842,5030096,1324256,1572672,1239136,8304880,0,1183067,0,1182175,0,3524842,0,3340512,1604,846,6030,3645637,3374972,733,732,127
1786398579355,5030096,1324256,1572672,1239136,8304880,0,1183067,0,1182175,0,3524842,0,3340512,1604,846,6030,3645637,3374972,733,732,127
1786398579860,5030096,1324256,1572672,1239136,8304880,0,1183067,0,1182175,0,3524842,0,3340512,1604,846,6030,3645637,3374972,733,732,127
1786398580363,5030096,1324256,1572672,1239136,8304880,0,1183067,0,1182175,0,3524842,0,3340512,1604,846,6030,3645637,3374972,733,732,127
1786398580867,5030096,1324256,1572672,1239136,8304880,0,1183067,0,1182175,0,3524842,0,3340512,1604,846,6030,3645637,3374972,733,732,127
1786398581376,5030096,1324256,1572672,1239136,8304880,0,1183067,0,1182175,0,3524842,0,3340512,1604,846,6030,3645637,3374972,733,732,127
1786398581880,5030096,1324256,1572672,1239136,8304880,0,1183067,0,1182175,0,3524842,0,3340512,1604,846,6030,3645637,3374972,733,732,127
1786398582387,5030096,1324256,1572672,1239136,8304880,0,1183067,0,1182175,0,3524842,0,3340512,1604,846,6030,3645637,3374972,733,732,127
1786398582889,5030096,1324256,1572672,1239136,8304880,0,1183067,0,1182175,0,3524842,0,3340512,1604,846,6030,3645637,3374972,733,732,127
1786398583394,5030096,1324256,1572672,1239136,8304880,0,1183067,0,1182175,0,3524842,0,3340512,1604,846,6030,3645637,3374972,733,732,127
1786398583899,5030096,1324256,1572672,1239136,8304880,0,1183067,0,1182175,0,3524842,0,3340512,1604,846,6030,3645637,3374972,733,732,127
1786398584404,5030096,1324256,1572672,1239136,8304880,0,1183067,0,1182175,0,3524842,0,3340512,1604,846,6030,3645637,3374972,733,732,127
1786398584909,5030096,1324256,1572672,1239136,8304880,0,1183067,0,1182175,0,3524842,0,3340512,1604,846,6030,3645637,3374972,733,732,127
1786398585420,5030096,1324256,1572672,1239136,8304880,0,1183067,0,1182175,0,3524842,0,3340512,1604,846,6030,3645637,3374972,733,732,127
1786398585927,5030096,1324256,1572672,1239136,8304880,0,1183067,0,1182175,0,3524842,0,3340512,1604,846,6030,3645637,3374972,733,732,127
1786398586434,5030096,1324256,1572672,1239136,8304880,0,1183067,0,1182175,0,3524842,0,3340512,1604,846,6030,3645637,3374972,733,732,127
1786398586936,5030096,1324256,1572672,1239136,8304880,0,1183067,0,1182175,0,3524842,0,3340512,1604,846,6030,3645637,3374972,733,732,127
1786398587439,5030096,1324256,1572672,1239136,8304880,0,1183067,0,1182175,0,3524842,0,3340512,1604,846,6030,3645637,3374972,733,732,127
1786398587942,5030096,1324256,1572672,1239136,8304880,0,1183067,0,1182175,0,3524842,0,3340512,1604,846,6030,3645637,3374972,733,732,127
1786398588453,5030096,1324256,1572672,1239136,8304880,0,1183067,0,1182175,0,3524842,0,3340512,1604,846,6030,3645637,3374972,733,732,127
1786398588954,5030096,1324256,1572672,1239136,8304880,0,1183067,0,1182175,0,3524842,0,3340512,1604,846,6030,3645637,3374972,733,732,127
1786398589456,5030096,1324256,1572672,1239136,8304880,0,1183067,0,1182175,0,3524842,0,3340512,1604,846,6030,3645637,3374972,733,732,127
1786398589965,5030096,1324256,1572672,1239136,8304880,0,1183067,0,1182175,0,3524842,0,3340512,1604,846,6030,3645637,3374972,733,732,127
1786398590472,5030096,1324256,1572672,1239136,8304880,0,1183067,0,1182175,0,3524842,0,3340512,1604,846,6030,3645637,3374972,733,732,127
1786398590978,5030096,1324256,1572672,1239136,8304880,0,1183067,0,1182175,0,3524842,0,3340512,1604,846,6030,3645637,3374972,733,732,127
1786398591481,5030096,1324256,1572672,1239136,8304880,0,1183067,0,1182175,0,3524842,0,3340512,1604,846,6030,3645637,3374972,733,732,127
1786398591993,5030096,1324256,1572672,1239136,8304880,0,1183067,0,1182175,0,3524842,0,3340512,1604,846,6030,3645637,3374972,733,732,127
1786398592495,5030096,1324256,1572672,1239152,8304880,0,1183067,0,1182175,0,3524842,0,3340512,1604,846,6030,3645637,3374972,733,732,127
1786398593007,5030096,1324256,1572672,1239152,8304880,0,1183067,0,1182175,0,3524842,0,3340512,1604,846,6030,3645637,3374972,733,732,127
1786398593510,5030096,1324256,1572672,1239152,8304880,0,1183067,0,1182175,0,3524842,0,3340512,1604,846,6030,3645637,3374972,733,732,127
1786398594022,5030096,1324256,1572672,1239152,8304880,0,1183067,0,1182175,0,3524842,0,3340512,1604,846,6030,3645637,3374972,733,732,127
1786398594524,5030096,1324256,1572672,1239152,8304880,0,1183067,0,1182175,0,3524842,0,3340512,1604,846,6030,3645637,3374972,733,732,127
1786398595030,5030096,1324256,1572672,1239152,8304880,0,1183067,0,1182175,0,3524842,0,3340512,1604,846,6030,3645637,3374972,733,732,127
1786398595542,5030096,1324256,1572672,1239152,8304880,0,1183067,0,1182175,0,3524842,0,3340512,1604,846,6030,3645637,3374972,733,732,127
1786398596049,5030096,1324256,1572672,1239152,8304880,0,1183067,0,1182175,0,3524842,0,3340512,1604,846,6030,3645637,3374972,733,732,127
1786398596560,5030096,1324256,1572672,1239152,8304880,0,1183067,0,1182175,0,3524842,0,3340512,1604,846,6030,3645637,3374972,733,732,127
1786398597063,5030096,1324256,1572672,1239152,8304880,0,1183067,0,1182175,0,3524842,0,3340512,1604,846,6030,3645637,3374972,733,732,127
1786398597574,5030096,1324256,1572672,1239152,8304880,0,1183067,0,1182175,0,3524842,0,3340512,1604,846,6030,3645637,3374972,733,732,127
1786398598080,5030096,1324256,1572672,1239152,8304880,0,1183067,0,1182175,0,3524842,0,3340512,1604,846,6030,3645637,3374972,733,732,127
1786398598586,5030096,1324256,1572672,1239152,8304880,0,1183067,0,1182175,0,3524842,0,3340512,1604,846,6030,3645637,3374972,733,732,127
1786398599095,5030096,1324256,1572672,1239152,8304880,0,1183067,0,1182175,0,3524842,0,3340512,1604,846,6030,3645637,3374972,733,732,127
1786398599597,5030096,1324256,1572672,1239152,8304880,0,1183067,0,1182175,0,3524842,0,3340512,1604,846,6030,3645637,3374972,733,732,127
1786398600110,5030096,1324256,1572672,1239152,8304880,0,1183067,0,1182175,0,3524842,0,3340512,1604,846,6030,3645637,3374972,733,732,127
1786398600616,5030096,1324256,1572672,1239152,8304880,0,1183067,0,1182175,0,3524842,0,3340512,1604,846,6030,3645637,3374972,733,732,127
1786398601118,5030096,1324256,1572672,1239152,8304880,0,1183067,0,1182175,0,3524842,0,3340512,1604,846,6030,3645637,3374972,733,732,127
1786398601624,5030096,1324256,1572672,1239152,8304880,0,1183067,0,1182175,0,3524842,0,3340512,1604,846,6030,3645637,3374972,733,732,127
1786398602126,5030096,1324256,1572672,1239152,8304880,0,1183067,0,1182175,0,3524842,0,3340512,1604,846,6030,3645637,3374972,733,732,127
1786398602636,5030096,1324256,1572672,1239152,8304880,0,1183067,0,1182175,0,3524842,0,3340512,1604,846,6030,3645637,3374972,733,732,127
1786398603146,5030096,1324256,1572672,1239152,8304880,0,1183067,0,1182175,0,3524842,0,3340512,1604,846,6030,3645637,3374972,733,732,127
1786398603649,5030096,1324256,1572672,1239152,8304880,0,1183067,0,1182175,0,3524842,0,3340512,1604,846,6030,3645637,3374972,733,732,127
1786398604155,5030096,1324256,1572672,1239152,8304880,0,1183067,0,1182175,0,3524842,0,3340512,1604,846,6030,3645637,3374972,733,732,127
1786398604661,5030096,1324256,1572672,1239152,8304880,0,1183067,0,1182175,0,3524842,0,3340512,1604,846,6030,3645637,3374972,733,732,127
1786398605169,5030096,1324256,1572672,1239152,8304880,0,1183067,0,1182175,0,3524842,0,3340512,1604,846,6030,3645637,3374972,733,732,127
1786398605672,5030096,1324256,1572672,1239152,8304880,0,1183067,0,1182175,0,3524842,0,3340512,1604,846,6030,3645637,3374972,733,732,127
1786398606173,5030096,1324256,1572672,1239152,8304880,0,1183067,0,1182175,0,3556148,0,3371348,1604,846,6030,3645637,3374972,733,732,127
1786398606679,5030096,1324256,1572672,1239152,8304880,0,1183067,0,1182175,0,3605841,0,3420914,1604,846,6030,3645637,3374972,733,732,127
1786398607186,5030096,1324256,1572672,1239152,8304880,0,1183067,0,1182175,0,3605841,0,3420914,1604,846,6030,3645637,3374972,733,732,127
1786398607697,5030096,1324256,1572672,1239152,8304880,0,1183067,0,1182175,0,3605841,0,3420914,1604,846,6030,3645637,3374972,733,732,127
1786398608209,5030096,1324256,1572672,1239152,8304880,0,1183067,0,1182175,54,3605841,54,3420914,1604,846,6030,3645637,3374972,733,732,127
1786398608713,5030096,1324256,1572672,1239152,8304880,0,1183067,0,1182175,54,3605841,54,3420914,1604,846,6030,3645637,3374972,733,732,127
1786398609220,5030096,1324256,1572672,1239152,8304880,0,1183067,0,1182175,54,3605841,54,3420914,1604,846,6030,3645637,3374972,733,732,127
1786398609731,5030096,1324256,1572672,1239152,8304880,0,1183067,0,1182175,54,3605841,54,3420914,1604,846,6030,3645637,3374972,733,732,127
1786398610238,5030096,1324256,1572672,1239152,8304880,0,1183067,0,1182175,44,3605841,44,3420914,1604,846,6030,3645637,3374972,733,732,127
1786398610746,5030096,1324256,1572672,1239152,8304880,0,1183067,0,1182175,44,3605841,44,3420914,1604,846,6030,3645637,3374972,733,732,127
1786398611257,5030096,1324256,1572672,1239152,8304880,0,1183067,0,1182175,44,3605841,44,3420914,1604,846,6030,3645637,3374972,733,732,127
1786398611760,5030096,1324256,1572672,1239152,8304880,0,1183067,0,1182175,44,3605841,44,3420914,1604,846,6030,3645637,3374972,733,732,127
1786398612268,5030096,1324256,1572672,1239152,8304880,0,1183067,0,1182175,36,3605841,36,3420914,1604,846,6030,3645637,3374972,733,732,127
1786398612780,5030096,1324256,1572672,1239152,8304880,0,1183067,0,1182175,36,3605841,36,3420914,1604,846,6030,3645637,3374972,733,732,127
1786398613285,5030096,1324256,1572672,1239152,8304880,0,1183067,0,1182175,36,3605841,36,3420914,1604,846,6030,3645637,3374972,733,732,127
1786398613787,5030096,1324256,1572672,1239152,8304880,0,1183067,0,1182175,36,3605841,36,3420914,1604,846,6030,3645637,3374972,733,732,127
1786398614295,5030096,1324256,1572672,1239152,8304880,0,1183067,0,1182175,28,3605841,28,3420914,1604,846,6030,3645637,3374972,733,732,127
1786398614797,5030096,1324256,1572672,1239152,8304880,0,1183067,0,1182175,28,3605841,28,3420914,1604,846,6030,3645637,3374972,733,732,127
1786398615310,5030096,1324256,1572672,1239152,8304880,0,1183067,0,1182175,28,3605841,28,3420914,1604,846,6030,3645637,3374972,733,732,127
1786398615818,5030096,1324256,1572672,1239152,8304880,0,1183067,0,1182175,28,3605841,28,3420914,1604,846,6030,3645637,3374972,733,732,127
1786398616329,5030096,1324256,1572672,1239152,8304880,0,1183067,0,1182175,24,3605841,24,3420914,1604,846,6030,3645637,3374972,733,732,127
1786398616840,5030096,1324256,1572672,1239152,8304880,0,1183067,0,1182175,24,3605841,24,3420914,1604,846,6030,3645637,3374972,733,732,127
1786398617347,5030096,1324256,1572672,1239152,8304880,0,1183067,0,1182175,24,3605841,24,3420914,1604,846,6030,3645637,3374972,733,732,127
1786398617852,5030096,1324256,1572672,1239152,8304880,0,1183067,0,1182175,24,3605841,24,3420914,1604,846,6030,3645637,3374972,733,732,127
1786398618355,5030096,1324256,1572672,1239152,8304880,0,1183067,0,1182175,19,3605841,19,3420914,1604,846,6030,3645637,3374972,733,732,127
1786398618856,5030096,1324256,1572672,1239152,8304880,0,1183067,0,1182175,19,3605841,19,3420914,1604,846,6030,3645637,3374972,733,732,127
1786398619361,5030096,1324256,1572672,1239152,8304880,0,1183067,0,1182175,19,3605841,19,3420914,1604,846,6030,3645637,3374972,733,732,127
1786398619864,5030096,1324256,1572672,1239152,8304880,0,1183067,0,1182175,19,3605841,19,3420914,1604,846,6030,3645637,3374972,733,732,127
1786398620367,5030096,1324256,1572672,1239152,8304880,0,1183067,0,1182175,16,3605841,16,3420914,1604,846,6030,3645637,3374972,733,732,127
1786398620873,5030096,1324256,1572672,1239152,8304880,0,1183067,0,1182175,16,3605841,16,3420914,1604,846,6030,3645637,3374972,733,732,127
1786398621378,5030096,1324256,1572672,1239152,8304880,0,1183067,0,1182175,16,3605841,16,3420914,1604,846,6030,3645637,3374972,733,732,127
1786398621884,5030096,1324256,1572672,1239152,8304880,0,1183067,0,1182175,16,3605841,16,3420914,1604,846,6030,3645637,3374972,733,732,127
1786398622390,5030096,1324256,1572672,1239152,8304880,0,1183067,0,1182175,13,3605841,13,3420914,1604,846,6030,3645637,3374972,733,732,127
1786398622893,5030096,1324256,1572672,1239152,8304880,0,1183067,0,1182175,13,3605841,13,3420914,1604,846,6030,3645637,3374972,733,732,127
1786398623398,5030096,1324256,1572672,1239152,8304880,0,1183067,0,1182175,13,3605841,13,3420914,1604,846,6030,3645637,3374972,733,732,127
1786398623904,5030096,1324256,1572672,1239152,8304880,0,1183067,0,1182175,13,3605841,13,3420914,1604,846,6030,3645637,3374972,733,732,127
1786398624413,5030096,1324016,1572432,1239152,8304880,0,1183067,0,1182175,10,3605841,10,3420914,1604,846,6030,3645637,3374972,733,732,127
1786398624917,5030096,1324016,1572432,1239152,8304880,0,1183067,0,1182175,10,3605841,10,3420914,1604,846,6030,3645637,3374972,733,732,127
1786398625429,5030096,1324016,1572432,1239152,8304880,0,1183067,0,1182175,10,3605841,10,3420914,1604,846,6030,3645637,3374972,733,732,127
1786398625934,5030096,1324016,1572432,1239152,8304880,0,1183067,0,1182175,10,3605841,10,3420914,1604,846,6030,3645637,3374972,733,732,127
1786398626436,5030096,1323776,1572192,1239152,8304880,0,1183067,0,1182175,8,3605841,8,3420914,1604,846,6030,3645637,3374972,733,732,127
1786398626942,5030096,1323776,1572192,1239152,8304880,0,1183067,0,1182175,8,3605841,8,3420914,1604,846,6030,3645637,3374972,733,732,127
1786398627445,5030096,1323776,1572192,1239152,8304880,0,1183067,0,1182175,8,3605841,8,3420914,1604,846,6030,3645637,3374972,733,732,127
1786398627952,5030096,1323776,1572192,1239152,8304880,0,1183067,0,1182175,8,3605841,8,3420914,1604,846,6030,3645637,3374972,733,732,127
1786398628462,5030096,1323776,1572192,1239152,8304880,0,1183067,0,1182175,7,3605841,7,3420914,1604,846,6030,3645637,3374972,733,732,127
1786398628975,5030096,1323776,1572192,1239152,8304880,0,1183067,0,1182175,7,3605841,7,3420914,1604,846,6030,3645637,3374972,733,732,127
1786398629487,5030096,1323776,1572192,1239152,8304880,0,1183067,0,1182175,7,3605841,7,3420914,1604,846,6030,3645637,3374972,733,732,127
1786398629992,5030096,1323776,1572192,1239152,8304880,0,1183067,0,1182175,7,3605841,7,3420914,1604,846,6030,3645637,3374972,733,732,127
1786398630493,5030096,1323776,1572192,1239152,8304880,0,1183067,0,1182175,5,3605841,5,3420914,1604,846,6030,3645637,3374972,733,732,127
1786398630998,5030096,1323776,1572192,1239152,8304880,0,1183067,0,1182175,5,3605841,5,3420914,1604,846,6030,3645637,3374972,733,732,127
1786398631504,5030096,1323776,1572192,1239152,8304880,0,1183067,0,1182175,5,3605841,5,3420914,1604,846,6030,3645637,3374972,733,732,127
1786398632013,5030096,1323776,1572192,1239152,8304880,0,1183067,0,1182175,5,3605841,5,3420914,1604,846,6030,3645637,3374972,733,732,127
1786398632525,5030096,1323296,1571712,1239152,8304880,0,1183067,0,1182175,4,3605841,4,3420914,1604,846,6030,3645637,3374972,733,732,127
1786398633033,5030096,1323296,1571712,1239152,8304880,0,1183067,0,1182175,4,3605841,4,3420914,1604,846,6030,3645637,3374972,733,732,127
1786398633545,5030096,1323296,1571712,1239152,8304880,0,1183067,0,1182175,4,3605841,4,3420914,1604,846,6030,3645637,3374972,733,732,127
1786398634049,5030096,1323296,1571712,1239152,8304880,0,1183067,0,1182175,4,3605841,4,3420914,1604,846,6030,3645637,3374972,733,732,127
1786398634555,5030096,1323296,1571712,1239152,8304880,0,1183067,0,1182175,3,3605841,3,3420914,1604,846,6030,3645637,3374972,733,732,127
1786398635065,5030096,1323296,1571712,1239152,8304880,0,1183067,0,1182175,3,3605841,3,3420914,1604,846,6030,3645637,3374972,733,732,127
1786398635567,5030096,1323296,1571712,1239152,8304880,0,1183067,0,1182175,3,3605841,3,3420914,1604,846,6030,3645637,3374972,733,732,127
1786398636073,5030096,1322816,1571232,1239152,8304880,0,1183067,0,1182175,3,3605841,3,3420914,1604,846,6030,3645637,3374972,733,732,127
1786398636577,5030096,1322816,1571232,1239152,8304880,0,1183067,0,1182175,3,3605841,3,3420914,1604,846,6030,3645637,3374972,733,732,127
1786398637089,5030096,1322816,1571232,1239152,8304880,0,1183067,0,1182175,3,3605841,3,3420914,1604,846,6030,3645637,3374972,733,732,127
1786398637601,5030096,1322576,1570992,1239152,8304880,0,1183067,0,1182175,3,3605841,3,3420914,1604,846,6030,3645637,3374972,733,732,127
1786398638113,5030096,1322336,1570752,1239152,8304880,0,1183067,0,1182175,3,3605841,3,3420914,1604,846,6030,3645637,3374972,733,732,127
1786398638615,5030096,1322336,1570752,1239152,8304880,0,1183067,0,1182175,2,3605841,2,3420914,1604,846,6030,3645637,3374972,733,732,127
1786398639122,5030096,1322336,1570752,1239152,8304880,0,1183067,0,1182175,2,3605841,2,3420914,1604,846,6030,3645637,3374972,733,732,127
1786398639624,5030096,1322096,1570512,1239152,8304880,0,1183067,0,1182175,2,3605841,2,3420914,1604,846,6030,3645637,3374972,733,732,127
1786398640128,5030096,1322096,1570512,1239152,8304880,0,1183067,0,1182175,2,3605841,2,3420914,1604,846,6030,3645637,3374972,733,732,127
1786398640635,5030096,1322096,1570512,1239152,8304880,0,1183067,0,1182175,2,3605841,2,3420914,1604,846,6030,3645637,3374972,733,732,127
1786398641140,5030096,1322096,1570512,1239152,8304880,0,1183067,0,1182175,2,3605841,2,3420914,1604,846,6030,3645637,3374972,733,732,127
1786398641653,5030096,1322096,1570512,1239152,8304880,0,1183067,0,1182175,2,3605841,2,3420914,1604,846,6030,3645637,3374972,733,732,127
1786398642155,5030096,1322096,1570512,1239152,8304880,0,1183067,0,1182175,1,3605841,1,3420914,1604,846,6030,3645637,3374972,733,732,127
1786398642667,5030096,1322096,1570512,1239152,8304880,0,1183067,0,1182175,1,3605841,1,3420914,1604,846,6030,3645637,3374972,733,732,127
1786398643178,5030096,1322096,1570512,1239152,8304880,0,1183067,0,1182175,1,3605841,1,3420914,1604,846,6030,3645637,3374972,733,732,127
1786398643679,5030096,1322096,1570512,1239152,8304880,0,1183067,0,1182175,1,3605841,1,3420914,1604,846,6030,3645637,3374972,733,732,127
1786398644184,5030096,1322096,1570512,1239152,8304880,0,1183067,0,1182175,1,3605841,1,3420914,1604,846,6030,3645637,3374972,733,732,127
1786398644694,5030096,1322096,1570512,1239152,8304880,0,1183067,0,1182175,1,3605841,1,3420914,1604,846,6030,3645637,3374972,733,732,127
1786398645207,5030096,1322096,1570512,1239152,8304880,0,1183067,0,1182175,1,3605841,1,3420914,1604,846,6030,3645637,3374972,733,732,127
1786398645714,5030096,1321616,1570032,1239152,8304880,0,1183067,0,1182175,1,3605841,1,3420914,1604,846,6030,3645637,3374972,733,732,127
1786398646219,5030096,1321616,1570032,1239152,8304880,0,1183067,0,1182175,1,3605841,1,3420914,1604,846,6030,3645637,3374972,733,732,127
1786398646730,5030096,1321616,1570032,1239152,8304880,0,1183067,0,1182175,1,3605841,1,3420914,1604,846,6030,3645637,3374972,733,732,127
1786398647232,5030096,1321136,1569552,1239152,8304880,0,1183067,0,1182175,1,3605841,1,3420914,1604,846,6030,3645637,3374972,733,732,127
1786398647737,5030096,1321136,1569552,1239152,8304880,0,1183067,0,1182175,1,3605841,1,3420914,1604,846,6030,3645637,3374972,733,732,127
1786398648238,5030096,1321136,1569552,1239152,8304880,0,1183067,0,1182175,0,3605841,0,3420914,1604,846,6030,3645637,3374972,733,732,127
1786398648751,5030096,1321136,1569552,1239152,8304880,0,1183067,0,1182175,0,3605841,0,3420914,1604,846,6030,3645637,3374972,733,732,127
1786398649262,5030096,1321136,1569552,1239152,8304880,0,1183067,0,1182175,0,3605841,0,3420914,1604,846,6030,3645637,3374972,733,732,127
1786398649765,5030096,1321136,1569552,1239152,8304880,0,1183067,0,1182175,0,3605841,0,3420914,1604,846,6030,3645637,3374972,733,732,127
1786398650269,5030096,1321136,1569552,1239152,8304880,0,1183067,0,1182175,0,3605841,0,3420914,1604,846,6030,3645637,3374972,733,732,127
1786398650777,5030096,1320544,1568960,1239152,8304880,0,1183067,0,1182175,0,3605841,0,3420914,1604,846,6030,3645637,3374972,733,732,127
1786398651281,5030096,1320416,1568832,1239152,8304880,0,1183067,0,1182175,0,3605841,0,3420914,1604,846,6030,3645637,3374972,733,732,127
1786398651786,5030096,1320176,1568592,1239152,8304880,0,1183067,0,1182175,0,3605841,0,3420914,1604,846,6030,3645637,3374972,733,732,127
1786398652292,5030096,1320176,1568592,1239152,8304880,0,1183067,0,1182175,0,3605841,0,3420914,1604,846,6030,3645637,3374972,733,732,127
1786398652800,5030096,1320176,1568592,1239168,8304880,0,1183067,0,1182175,0,3605841,0,3420914,1604,846,6030,3645637,3374972,733,732,127
1786398653312,5030096,1320176,1568592,1239168,8304880,0,1183067,0,1182175,0,3605841,0,3420914,1604,846,6030,3645637,3374972,733,732,127
1786398653819,5030096,1320176,1568592,1239168,8304880,0,1183067,0,1182175,0,3605841,0,3420914,1604,846,6030,3645637,3374972,733,732,127
1786398654331,5030096,1319936,1568352,1239168,8304880,0,1183067,0,1182175,0,3605841,0,3420914,1604,846,6030,3645637,3374972,733,732,127
1786398654837,5030096,1319936,1568352,1239168,8304880,0,1183067,0,1182175,0,3605841,0,3420914,1604,846,6030,3645637,3374972,733,732,127
1786398655340,5030096,1319936,1568352,1239168,8304880,0,1183067,0,1182175,0,3605841,0,3420914,1604,846,6030,3645637,3374972,733,732,127
1786398655849,5030096,1319936,1568352,1239168,8304880,0,1183067,0,1182175,0,3605841,0,3420914,1604,846,6030,3645637,3374972,733,732,127
1786398656351,5030096,1319936,1568352,1239168,8304880,0,1183067,0,1182175,0,3605841,0,3420914,1604,846,6030,3645637,3374972,733,732,127
1786398656852,5030096,1319936,1568352,1239168,8304880,0,1183067,0,1182175,0,3605841,0,3420914,1604,846,6030,3645637,3374972,733,732,127
1786398657360,5030096,1319936,1568352,1239168,8304880,0,1183067,0,1182175,0,3605841,0,3420914,1604,846,6030,3645637,3374972,733,732,127
1786398657869,5030096,1319696,1568112,1239168,8304880,0,1183067,0,1182175,0,3605841,0,3420914,1604,846,6030,3645637,3374972,733,732,127
1786398658376,5030096,1319696,1568112,1239168,8304880,0,1183067,0,1182175,0,3605841,0,3420914,1604,846,6030,3645637,3374972,733,732,127
1786398658888,5030096,1319696,1568112,1239168,8304880,0,1183067,0,1182175,0,3605841,0,3420914,1604,846,6030,3645637,3374972,733,732,127
1786398659391,5030096,1319696,1568112,1239168,8304880,0,1183067,0,1182175,0,3605841,0,3420914,1604,846,6030,3645637,3374972,733,732,127
1786398659894,5030096,1319696,1568112,1239168,8304880,0,1183067,0,1182175,0,3605841,0,3420914,1604,846,6030,3645637,3374972,733,732,127
1786398660402,5030096,1319696,1568112,1239168,8304880,0,1183067,0,1182175,0,3605841,0,3420914,1604,846,6030,3645637,3374972,733,732,127
1786398660905,5030096,1319696,1568112,1239168,8304880,0,1183067,0,1182175,0,3605841,0,3420914,1604,846,6030,3645637,3374972,733,732,127
1786398661410,5030096,1319456,1567872,1239168,8304880,0,1183067,0,1182175,0,3605841,0,3420914,1604,846,6030,3645637,3374972,733,732,127
1786398661919,5030096,1319456,1567872,1239168,8304880,0,1183067,0,1182175,0,3605841,0,3420914,1604,846,6030,3645637,3374972,733,732,127
1786398662421,5030096,1319216,1567632,1239168,8304880,0,1183067,0,1182175,0,3605841,0,3420914,1604,846,6030,3645637,3374972,733,732,127
1786398662927,5030096,1319216,1567632,1239168,8304880,0,1183067,0,1182175,0,3605841,0,3420914,1604,846,6030,3645637,3374972,733,732,127
1786398663439,5030096,1318976,1567392,1239168,8304880,0,1183067,0,1182175,0,3605841,0,3420914,1604,846,6030,3645637,3374972,733,732,127
1786398663943,5030096,1318976,1567392,1239168,8304880,0,1183067,0,1182175,0,3605841,0,3420914,1604,846,6030,3645637,3374972,733,732,127
1786398664444,5030096,1318976,1567392,1239168,8304880,0,1183067,0,1182175,0,3605841,0,3420914,1604,846,6030,3645637,3374972,733,732,127
1786398664949,5030096,1318736,1567152,1239168,8304880,0,1183067,0,1182175,0,3605841,0,3420914,1604,846,6030,3645637,3374972,733,732,127
1786398665452,5030096,1318736,1567152,1239168,8304880,0,1183067,0,1182175,0,3605841,0,3420914,1604,846,6030,3645637,3374972,733,732,127
1786398665956,5030096,1318736,1567152,1239168,8304880,0,1183067,0,1182175,0,3605841,0,3420914,1604,846,6030,3645637,3374972,733,732,127
1786398666462,5030096,1318496,1566912,1239168,8304880,0,1183067,0,1182175,0,3605841,0,3420914,1604,846,6030,3645637,3374972,733,732,127
1786398666973,5030096,1318496,1566912,1239168,8304880,0,1183067,0,1182175,0,3605841,0,3420914,1604,846,6030,3645637,3374972,733,732,127
1786398667476,5030096,1318016,1566432,1239168,8304880,0,1183067,0,1182175,0,3605841,0,3420914,1604,846,6030,3645637,3374972,733,732,127
1786398667978,5030096,1318016,1566432,1239168,8304880,0,1183067,0,1182175,0,3605841,0,3420914,1604,846,6030,3645637,3374972,733,732,127
1786398668489,5030096,1318016,1566432,1239168,8304880,0,1183067,0,1182175,0,3605841,0,3420914,1604,846,6030,3645637,3374972,733,732,127
1786398668991,5030096,1318016,1566432,1239168,8304880,0,1183067,0,1182175,0,3605841,0,3420914,1604,846,6030,3645637,3374972,733,732,127
1786398669494,5030096,1318016,1566432,1239168,8304880,0,1183067,0,1182175,0,3605841,0,3420914,1604,846,6030,3645637,3374972,733,732,127
1786398669997,5030096,1317536,1565952,1239168,8304880,0,1183067,0,1182175,0,3605841,0,3420914,1604,846,6030,3645637,3374972,733,732,127
1786398670509,5030096,1317536,1565952,1239168,8304880,0,1183067,0,1182175,0,3605841,0,3420914,1604,846,6030,3645637,3374972,733,732,127
1786398671021,5030096,1317536,1565952,1239168,8304880,0,1183067,0,1182175,0,3605841,0,3420914,1604,846,6030,3645637,3374972,733,732,127
1786398671528,5030096,1317536,1565952,1239168,8304880,0,1183067,0,1182175,0,3605841,0,3420914,1604,846,6030,3645637,3374972,733,732,127
1786398672036,5030096,1317536,1565952,1239168,8304880,0,1183067,0,1182175,0,3605841,0,3420914,1604,846,6030,3645637,3374972,733,732,127
1786398672538,5030096,1317056,1565472,1239168,8304880,0,1183067,0,1182175,0,3605841,0,3420914,1604,846,6030,3645637,3374972,733,732,127
1786398673047,5030096,1317056,1565472,1239168,8304880,0,1183067,0,1182175,0,3605841,0,3420914,1604,846,6030,3645637,3374972,733,732,127
1786398673560,5030096,1317056,1565472,1239168,8304880,0,1183067,0,1182175,0,3605841,0,3420914,1604,846,6030,3645637,3374972,733,732,127
1786398674071,5030096,1317056,1565472,1239168,8304880,0,1183067,0,1182175,0,3605841,0,3420914,1604,846,6030,3645637,3374972,733,732,127
1786398674583,5030096,1317056,1565472,1239168,8304880,0,1183067,0,1182175,0,3605841,0,3420914,1604,846,6030,3645637,3374972,733,732,127
1786398675089,5030096,1317056,1565472,1239168,8304880,0,1183067,0,1182175,0,3605841,0,3420914,1604,846,6030,3645637,3374972,733,732,127
1786398675591,5030096,1317056,1565472,1239168,8304880,0,1183067,0,1182175,0,3605841,0,3420914,1604,846,6030,3645637,3374972,733,732,127
1786398676097,5030096,1316576,1564992,1239168,8304880,0,1183067,0,1182175,0,3605841,0,3420914,1604,846,6030,3645637,3374972,733,732,127
1786398676600,5030096,1316576,1564992,1239168,8304880,0,1183067,0,1182175,0,3605841,0,3420914,1604,846,6030,3645637,3374972,733,732,127
1786398677101,5030096,1316576,1564992,1239168,8304880,0,1183067,0,1182175,0,3605841,0,3420914,1604,846,6030,3645637,3374972,733,732,127
1786398677608,5030096,1316336,1564752,1239168,8304880,0,1183067,0,1182175,0,3605841,0,3420914,1604,846,6030,3645637,3374972,733,732,127
1786398678120,5030096,1316336,1564752,1239168,8304880,0,1183067,0,1182175,0,3605841,0,3420914,1604,846,6030,3645637,3374972,733,732,127
1786398678626,5030096,1316336,1564752,1239168,8304880,0,1183067,0,1182175,0,3605841,0,3420914,1604,846,6030,3645637,3374972,733,732,127
1786398679136,5030096,1316336,1564752,1239168,8304880,0,1183067,0,1182175,0,3605841,0,3420914,1604,846,6030,3645637,3374972,733,732,127
1786398679645,5030096,1315616,1564032,1239168,8304880,0,1183067,0,1182175,0,3605841,0,3420914,1604,846,6030,3645637,3374972,733,732,127
1786398680155,5030096,1315616,1564032,1239168,8304880,0,1183067,0,1182175,0,3605841,0,3420914,1604,846,6030,3645637,3374972,733,732,127
1786398680656,5030096,1315376,1563792,1239168,8304880,0,1183067,0,1182175,0,3605841,0,3420914,1604,846,6030,3645637,3374972,733,732,127
1786398681159,5030096,1315376,1563792,1239168,8304880,0,1183067,0,1182175,0,3605841,0,3420914,1604,846,6030,3645637,3374972,733,732,127
1786398681668,5030096,1315376,1563792,1239168,8304880,0,1183067,0,1182175,0,3605841,0,3420914,1604,846,6030,3645637,3374972,733,732,127
1786398682176,5030096,1315376,1563792,1239168,8304880,0,1183067,0,1182175,0,3605841,0,3420914,1604,846,6030,3645637,3374972,733,732,127
1786398682685,5030096,1315376,1563792,1239168,8304880,0,1183067,0,1182175,0,3605841,0,3420914,1604,846,6030,3645637,3374972,733,732,127
1786398683187,5030096,1315136,1563552,1239168,8304880,0,1183067,0,1182175,0,3605841,0,3420914,1604,846,6030,3645637,3374972,733,732,127
1786398683688,5030096,1315136,1563552,1239168,8304880,0,1183067,0,1182175,0,3605841,0,3420914,1604,846,6030,3645637,3374972,733,732,127
1786398684192,5030096,1315136,1563552,1239168,8304880,0,1183067,0,1182175,0,3605841,0,3420914,1604,846,6030,3645637,3374972,733,732,127
1786398684702,5030096,1315136,1563552,1239168,8304880,0,1183067,0,1182175,0,3605841,0,3420914,1604,846,6030,3645637,3374972,733,732,127
1786398685212,5030096,1315136,1563552,1239168,8304880,0,1183067,0,1182175,0,3605841,0,3420914,1604,846,6030,3645637,3374972,733,732,127
1786398685720,5030096,1314896,1563312,1239168,8304880,0,1183067,0,1182175,0,3605841,0,3420914,1604,846,6030,3645637,3374972,733,732,127
1786398686223,5030096,1314896,1563312,1239168,8304880,0,1183067,0,1182175,0,3605841,0,3420914,1604,846,6030,3645637,3374972,733,732,127
1786398686733,5030096,1314896,1563312,1239168,8304880,0,1183067,0,1182175,0,3605841,0,3420914,1604,846,6030,3645637,3374972,733,732,127
1786398687236,5030096,1314656,1563072,1239168,8304880,0,1183067,0,1182175,0,3605841,0,3420914,1604,846,6030,3645637,3374972,733,732,127
1786398687739,5030096,1314416,1562832,1239168,8304880,0,1183067,0,1182175,0,3605841,0,3420914,1604,846,6030,3645637,3374972,733,732,127
1786398688248,5030096,1314416,1562832,1239168,8304880,0,1183067,0,1182175,0,3605841,0,3420914,1604,846,6030,3645637,3374972,733,732,127
1786398688750,5030096,1314416,1562832,1239168,8304880,0,1183067,0,1182175,0,3605841,0,3420914,1604,846,6030,3645637,3374972,733,732,127
1786398689250,5030096,1314416,1562832,1239168,8304880,0,1183067,0,1182175,0,3605841,0,3420914,1604,846,6030,3645637,3374972,733,732,127
1786398689752,5030096,1314416,1562832,1239168,8304880,0,1183067,0,1182175,0,3605841,0,3420914,1604,846,6030,3645637,3374972,733,732,127
1786398690261,5030096,1314416,1562832,1239168,8304880,0,1183067,0,1182175,0,3605841,0,3420914,1604,846,6030,3645637,3374972,733,732,127
1786398690766,5030096,1314416,1562832,1239168,8304880,0,1183067,0,1182175,0,3605841,0,3420914,1604,846,6030,3645637,3374972,733,732,127
1786398691278,5030096,1314416,1562832,1239168,8304880,0,1183067,0,1182175,0,3605841,0,3420914,1604,846,6030,3645637,3374972,733,732,127
1786398691786,5030096,1314416,1562832,1239168,8304880,0,1183067,0,1182175,0,3605841,0,3420914,1604,846,6030,3645637,3374972,733,732,127
1786398692295,5030096,1313936,1562352,1239168,8304880,0,1183067,0,1182175,0,3605841,0,3420914,1604,846,6030,3645637,3374972,733,732,127
1786398692798,5030096,1313936,1562352,1239168,8304880,0,1183067,0,1182175,0,3605841,0,3420914,1604,846,6030,3645637,3374972,733,732,127
1786398693300,5030096,1313936,1562352,1239168,8304880,0,1183067,0,1182175,0,3605841,0,3420914,1604,846,6030,3645637,3374972,733,732,127
1786398693809,5030096,1313936,1562352,1239168,8304880,0,1183067,0,1182175,0,3605841,0,3420914,1604,846,6030,3645637,3374972,733,732,127
1786398694321,5030096,1313936,1562352,1239168,8304880,0,1183067,0,1182175,0,3605841,0,3420914,1604,846,6030,3645637,3374972,733,732,127
1786398694825,5030096,1313456,1561872,1239168,8304880,0,1183067,0,1182175,0,3605841,0,3420914,1604,846,6030,3645637,3374972,733,732,127
1786398695336,5030096,1313456,1561872,1239168,8304880,0,1183067,0,1182175,0,3605841,0,3420914,1604,846,6030,3645637,3374972,733,732,127
1786398695843,5030096,1313456,1561872,1239168,8304880,0,1183067,0,1182175,0,3605841,0,3420914,1604,846,6030,3645637,3374972,733,732,127
1786398696347,5030096,1313456,1561872,1239168,8304880,0,1183067,0,1182175,0,3605841,0,3420914,1604,846,6030,3645637,3374972,733,732,127
1786398696854,5030096,1313456,1561872,1239168,8304880,0,1183067,0,1182175,0,3605841,0,3420914,1604,846,6030,3645637,3374972,733,732,127
1786398697358,5030096,1313456,1561872,1239168,8304880,0,1183067,0,1182175,0,3605841,0,3420914,1604,846,6030,3645637,3374972,733,732,127
1786398697860,5030096,1313456,1561872,1239168,8304880,0,1183067,0,1182175,0,3605841,0,3420914,1604,846,6030,3645637,3374972,733,732,127
1786398698368,5030096,1312976,1561392,1239168,8304880,0,1183067,0,1182175,0,3605841,0,3420914,1604,846,6030,3645637,3374972,733,732,127
1786398698871,5030096,1312976,1561392,1239168,8304880,0,1183067,0,1182175,0,3605841,0,3420914,1604,846,6030,3645637,3374972,733,732,127
1786398699375,5030096,1312976,1561392,1239168,8304880,0,1183067,0,1182175,0,3605841,0,3420914,1604,846,6030,3645637,3374972,733,732,127
1786398699881,5030096,1312976,1561392,1239168,8304880,0,1183067,0,1182175,0,3605841,0,3420914,1604,846,6030,3645637,3374972,733,732,127
1786398700385,5030096,1312736,1561152,1239168,8304880,0,1183067,0,1182175,0,3605841,0,3420914,1604,846,6030,3645637,3374972,733,732,127
1786398700887,5030096,1312736,1561152,1239168,8304880,0,1183067,0,1182175,0,3605841,0,3420914,1604,846,6030,3645637,3374972,733,732,127
1786398701391,5030096,1312736,1561152,1239168,8304880,0,1183067,0,1182175,0,3605841,0,3420914,1604,846,6030,3645637,3374972,733,732,127
1786398701902,5030096,1312736,1561152,1239168,8304880,0,1183067,0,1182175,0,3605841,0,3420914,1604,846,6030,3645637,3374972,733,732,127
1786398702405,5030096,1312496,1560912,1239168,8304880,0,1183067,0,1182175,0,3605841,0,3420914,1604,846,6030,3645637,3374972,733,732,127
1786398702915,5030096,1312496,1560912,1239168,8304880,0,1183067,0,1182175,0,3605841,0,3420914,1604,846,6030,3645637,3374972,733,732,127
1786398703427,5030096,1312496,1560912,1239168,8304880,0,1183067,0,1182175,0,3605841,0,3420914,1604,846,6030,3645637,3374972,733,732,127
1786398703936,5030096,1312496,1560912,1239168,8304880,0,1183067,0,1182175,0,3605841,0,3420914,1604,846,6030,3645637,3374972,733,732,127
1786398704441,5030096,1312016,1560432,1239168,8304880,0,1183067,0,1182175,0,3605841,0,3420914,1604,846,6030,3645637,3374972,733,732,127
1786398704946,5030096,1312016,1560432,1239168,8304880,0,1183067,0,1182175,0,3605841,0,3420914,1604,846,6030,3645637,3374972,733,732,127
1786398705447,5030096,1312016,1560432,1239168,8304880,0,1183067,0,1182175,0,3605841,0,3420914,1604,846,6030,3645637,3374972,733,732,127
1786398705948,5030096,1312016,1560432,1239168,8304880,0,1183067,0,1182175,0,3605841,0,3420914,1604,846,6030,3645637,3374972,733,732,127
1786398706457,5030096,1312016,1560432,1239168,8304880,0,1183067,0,1182175,0,3605841,0,3420914,1604,846,6030,3645637,3374972,733,732,127
1786398706967,5030096,1312016,1560432,1239168,8304880,0,1183067,0,1182175,0,3605841,0,3420914,1604,846,6030,3645637,3374972,733,732,127
1786398707476,5030096,1311536,1559952,1239168,8304880,0,1183067,0,1182175,0,3605841,0,3420914,1604,846,6030,3645637,3374972,733,732,127
1786398707986,5030096,1311536,1559952,1239168,8304880,0,1183067,0,1182175,0,3605841,0,3420914,1604,846,6030,3645637,3374972,733,732,127
1786398708493,5030096,1311296,1559712,1239168,8304880,0,1183067,0,1182175,0,3605841,0,3420914,1604,846,6030,3645637,3374972,733,732,127
1786398709002,5030096,1311296,1559712,1239168,8304880,0,1183067,0,1182175,0,3605841,0,3420914,1604,846,6030,3645637,3374972,733,732,127
1786398709503,5030096,1311296,1559712,1239168,8304880,0,1183067,0,1182175,0,3605841,0,3420914,1604,846,6030,3645637,3374972,733,732,127
1786398710014,5030096,1311296,1559712,1239168,8304880,0,1183067,0,1182175,0,3605841,0,3420914,1604,846,6030,3645637,3374972,733,732,127
1786398710518,5030096,1311296,1559712,1239168,8304880,0,1183067,0,1182175,0,3605841,0,3420914,1604,846,6030,3645637,3374972,733,732,127
1786398711020,5030096,1311296,1559712,1239168,8304880,0,1183067,0,1182175,0,3605841,0,3420914,1604,846,6030,3645637,3374972,733,732,127
1786398711528,5030096,1311296,1559712,1239168,8304880,0,1183067,0,1182175,0,3605841,0,3420914,1604,846,6030,3645637,3374972,733,732,127
1786398712044,5030096,1311296,1559712,1239168,8304880,0,1183067,0,1182175,0,3605841,0,3420914,1604,846,6030,3645637,3374972,733,732,127
1786398712547,5030096,1311056,1559472,1239168,8304880,0,1183067,0,1182175,0,3605841,0,3420914,1604,846,6030,3645637,3374972,733,732,127
1786398713058,5030096,1311056,1559472,1239168,8304880,0,1183067,0,1182175,0,3605841,0,3420914,1604,846,6030,3645637,3374972,733,732,127
1786398713569,5030096,1311056,1559472,1239168,8304880,0,1183067,0,1182175,0,3605841,0,3420914,1604,846,6030,3645637,3374972,733,732,127
1786398714071,5030096,1311056,1559472,1239184,8304880,0,1183067,0,1182175,0,3605841,0,3420914,1604,846,6030,3645637,3374972,733,732,127
1786398714582,5030096,1310816,1559232,1239184,8304880,0,1183067,0,1182175,0,3605841,0,3420914,1604,846,6030,3645637,3374972,733,732,127
1786398715092,5030096,1310816,1559232,1239184,8304880,0,1183067,0,1182175,0,3605841,0,3420914,1604,846,6030,3645637,3374972,733,732,127
1786398715599,5030096,1310576,1558992,1239184,8304880,0,1183067,0,1182175,0,3605841,0,3420914,1604,846,6030,3645637,3374972,733,732,127
1786398716105,5030096,1310576,1558992,1239184,8304880,0,1183067,0,1182175,0,3605841,0,3420914,1604,846,6030,3645637,3374972,733,732,127
1786398716617,5030096,1310576,1558992,1239184,8304880,0,1183067,0,1182175,0,3605841,0,3420914,1604,846,6030,3645637,3374972,733,732,127
1786398717124,5030096,1310576,1558992,1239184,8304880,0,1183067,0,1182175,0,3605841,0,3420914,1604,846,6030,3645637,3374972,733,732,127
1786398717636,5030096,1310096,1558512,1239184,8304880,0,1183067,0,1182175,0,3605841,0,3420914,1604,846,6030,3645637,3374972,733,732,127
1786398718146,5030096,1310096,1558512,1239184,8304880,0,1183067,0,1182175,0,3605841,0,3420914,1604,846,6030,3645637,3374972,733,732,127
1786398718648,5030096,1310096,1558512,1239184,8304880,0,1183067,0,1182175,0,3605841,0,3420914,1604,846,6030,3645637,3374972,733,732,127
1786398719151,5030096,1310096,1558512,1239184,8304880,0,1183067,0,1182175,0,3605841,0,3420914,1604,846,6030,3645637,3374972,733,732,127
1786398719656,5030096,1310096,1558512,1239184,8304880,0,1183067,0,1182175,0,3605841,0,3420914,1604,846,6030,3645637,3374972,733,732,127
1786398720161,5030096,1310096,1558512,1239184,8304880,0,1183067,0,1182175,0,3605841,0,3420914,1604,846,6030,3645637,3374972,733,732,127
1786398720663,5030096,1309616,1558032,1239184,8304880,0,1183067,0,1182175,0,3605841,0,3420914,1604,846,6030,3645637,3374972,733,732,127
1786398721168,5030096,1309616,1558032,1239184,8304880,0,1183067,0,1182175,0,3605841,0,3420914,1604,846,6030,3645637,3374972,733,732,127
1786398721673,5030096,1309616,1558032,1239184,8304880,0,1183067,0,1182175,0,3605841,0,3420914,1604,846,6030,3645637,3374972,733,732,127
1786398722179,5030096,1309616,1558032,1239184,8304880,0,1183067,0,1182175,0,3605841,0,3420914,1604,846,6030,3645637,3374972,733,732,127
1786398722689,5030096,1309616,1558032,1239184,8304880,0,1183067,0,1182175,0,3605841,0,3420914,1604,846,6030,3645637,3374972,733,732,127
1786398723191,5030096,1309616,1558032,1239184,8304880,0,1183067,0,1182175,0,3605841,0,3420914,1604,846,6030,3645637,3374972,733,732,127
1786398723697,5030096,1309616,1558032,1239184,8304880,0,1183067,0,1182175,0,3605841,0,3420914,1604,846,6030,3645637,3374972,733,732,127
1786398724199,5030096,1309616,1558032,1239184,8304880,0,1183067,0,1182175,0,3605841,0,3420914,1604,846,6030,3645637,3374972,733,732,127
1786398724705,5030096,1309616,1558032,1239184,8304880,0,1183067,0,1182175,0,3605841,0,3420914,1604,846,6030,3645637,3374972,733,732,127
1786398725207,5030096,1309616,1558032,1239184,8304880,0,1183067,0,1182175,0,3605841,0,3420914,1604,846,6030,3645637,3374972,733,732,127
1786398725719,5030096,1309616,1558032,1239184,8304880,0,1183067,0,1182175,0,3605841,0,3420914,1604,846,6030,3645637,3374972,733,732,127
1786398726220,5030096,1309376,1557792,1239184,8304880,0,1183067,0,1182175,0,3605841,0,3420914,1604,846,6030,3645637,3374972,733,732,127
1786398726722,5030096,1309376,1557792,1239184,8304880,0,1183067,0,1182175,0,3605841,0,3420914,1604,846,6030,3645637,3374972,733,732,127
1786398727223,5030096,1309136,1557552,1239184,8304880,0,1183067,0,1182175,0,3605841,0,3420914,1604,846,6030,3645637,3374972,733,732,127
1786398727729,5030096,1309136,1557552,1239184,8304880,0,1183067,0,1182175,0,3605841,0,3420914,1604,846,6030,3645637,3374972,733,732,127
1786398728235,5030096,1309136,1557552,1239184,8304880,0,1183067,0,1182175,0,3605841,0,3420914,1604,846,6030,3645637,3374972,733,732,127
1786398728745,5030096,1308896,1557312,1239184,8304880,0,1183067,0,1182175,0,3605841,0,3420914,1604,846,6030,3645637,3374972,733,732,127
1786398729250,5030096,1308896,1557312,1239184,8304880,0,1183067,0,1182175,0,3606188,0,3421256,1604,846,6030,3645637,3374972,733,732,127
1786398729757,5030096,1308896,1557312,1239184,8304880,0,1183067,0,1182175,0,3606188,0,3421256,1604,846,6030,3645637,3374972,733,732,127
1786398730261,5030096,1308896,1557312,1239184,8304880,0,1183067,0,1182175,0,3606188,0,3421256,1604,846,6030,3645637,3374972,733,732,127
1786398730772,5030096,1308896,1557312,1239184,8304880,0,1183067,0,1182175,0,3606188,0,3421256,1604,846,6030,3645637,3374972,733,732,127
1786398731284,5030096,1308896,1557312,1239184,8304880,0,1183067,0,1182175,0,3606188,0,3421256,1604,846,6030,3645637,3374972,733,732,127
1786398731786,5030096,1308896,1557312,1239184,8304880,0,1183067,0,1182175,0,3606188,0,3421256,1604,846,6030,3645637,3374972,733,732,127
1786398732294,5030096,1308896,1557312,1239184,8304880,0,1183067,0,1182175,0,3606188,0,3421256,1604,846,6030,3645637,3374972,733,732,127
1786398732806,5030096,1308896,1557312,1239184,8304880,0,1183067,0,1182175,0,3606188,0,3421256,1604,846,6030,3645637,3374972,733,732,127
1786398733311,5030096,1308896,1557312,1239184,8304880,0,1183067,0,1182175,0,3606188,0,3421256,1604,846,6030,3645637,3374972,733,732,127
1786398733817,5030096,1308896,1557312,1239184,8304880,0,1183067,0,1182175,0,3606188,0,3421256,1604,846,6030,3645637,3374972,733,732,127
1786398734319,5030096,1308896,1557312,1239184,8304880,0,1183067,0,1182175,0,3606188,0,3421256,1604,846,6030,3645637,3374972,733,732,127
1786398734823,5030096,1308896,1557312,1239184,8304880,0,1183067,0,1182175,0,3606188,0,3421256,1604,846,6030,3645637,3374972,733,732,127
1786398735325,5030096,1308656,1557072,1239184,8304880,0,1183067,0,1182175,0,3606188,0,3421256,1604,846,6030,3645637,3374972,733,732,127
1786398735831,5030096,1308656,1557072,1239184,8304880,0,1183067,0,1182175,0,3606188,0,3421256,1604,846,6030,3645637,3374972,733,732,127
1786398736335,5030096,1308656,1557072,1239184,8304880,0,1183067,0,1182175,0,3606188,0,3421256,1604,846,6030,3645637,3374972,733,732,127
1786398736841,5030096,1308656,1557072,1239184,8304880,0,1183067,0,1182175,0,3606188,0,3421256,1604,846,6030,3645637,3374972,733,732,127
1786398737347,5030096,1308656,1557072,1239184,8304880,0,1183067,0,1182175,0,3606188,0,3421256,1604,846,6030,3645637,3374972,733,732,127
1786398737852,5030096,1308176,1556592,1239184,8304880,0,1183067,0,1182175,0,3606188,0,3421256,1604,846,6030,3645637,3374972,733,732,127
1786398738353,5030096,1308176,1556592,1239184,8304880,0,1183067,0,1182175,0,3606188,0,3421256,1604,846,6030,3645637,3374972,733,732,127
1786398738854,5030096,1308176,1556592,1239184,8304880,0,1183067,0,1182175,0,3606188,0,3421256,1604,846,6030,3645637,3374972,733,732,127
1786398739358,5030096,1308176,1556592,1239184,8304880,0,1183067,0,1182175,0,3606188,0,3421256,1604,846,6030,3645637,3374972,733,732,127
1786398739859,5030096,1308176,1556592,1239184,8304880,0,1183067,0,1182175,0,3606188,0,3421256,1604,846,6030,3645637,3374972,733,732,127
1786398740371,5030096,1308176,1556592,1239184,8304880,0,1183067,0,1182175,0,3606188,0,3421256,1604,846,6030,3645637,3374972,733,732,127
1786398740878,5030096,1308176,1556592,1239184,8304880,0,1183067,0,1182175,0,3606188,0,3421256,1604,846,6030,3645637,3374972,733,732,127
1786398741380,5030096,1307696,1556112,1239184,8304880,0,1183067,0,1182175,0,3606188,0,3421256,1604,846,6030,3645637,3374972,733,732,127
1786398741892,5030096,1307456,1555872,1239184,8304880,0,1183067,0,1182175,0,3606188,0,3421256,1604,846,6030,3645637,3374972,733,732,127
1786398742398,5047088,1315136,1563552,1239184,8304880,0,1183067,0,1182175,0,3606188,0,3421256,1604,846,6030,3645637,3374972,733,732,127
1786398742900,5047088,1315136,1563552,1239184,8304880,0,1183067,0,1182175,0,3606188,0,3421256,1604,846,6030,3645637,3374972,733,732,127
1786398743410,5047088,1314896,1563312,1239184,8304880,0,1183067,0,1182175,0,3606188,0,3421256,1604,846,6030,3645637,3374972,733,732,127
1786398743914,5047088,1314896,1563312,1239184,8304880,0,1183067,0,1182175,0,3606188,0,3421256,1604,846,6030,3645637,3374972,733,732,127
1786398744421,5047088,1314896,1563312,1239184,8304880,0,1183067,0,1182175,0,3606188,0,3421256,1604,846,6030,3645637,3374972,733,732,127
1786398744927,5047088,1314896,1563312,1239184,8304880,0,1183067,0,1182175,0,3606188,0,3421256,1604,846,6030,3645637,3374972,733,732,127
1786398745439,5047088,1314656,1563072,1239184,8304880,0,1183067,0,1182175,0,3606188,0,3421256,1604,846,6030,3645637,3374972,733,732,127
1786398745945,5047088,1314656,1563072,1239184,8304880,0,1183067,0,1182175,0,3606188,0,3421256,1604,846,6030,3645637,3374972,733,732,127
1786398746457,5047088,1314416,1562832,1239184,8304880,0,1183067,0,1182175,0,3606188,0,3421256,1604,846,6030,3645637,3374972,733,732,127
1786398746958,5047088,1314416,1562832,1239184,8304880,0,1183067,0,1182175,0,3606188,0,3421256,1604,846,6030,3645637,3374972,733,732,127
1786398747465,5047088,1314416,1562832,1239184,8304880,0,1183067,0,1182175,0,3606188,0,3421256,1604,846,6030,3645637,3374972,733,732,127
1786398747975,5047088,1314416,1562832,1239184,8304880,0,1183067,0,1182175,0,3606188,0,3421256,1604,846,6030,3645637,3374972,733,732,127
1786398748478,5047088,1314416,1562832,1239184,8304880,0,1183067,0,1182175,0,3606188,0,3421256,1604,846,6030,3645637,3374972,733,732,127
1786398748983,5047088,1314416,1562832,1239184,8304880,0,1183067,0,1182175,0,3606188,0,3421256,1604,846,6030,3645637,3374972,733,732,127
1786398749485,5047088,1314416,1562832,1239184,8304880,0,1183067,0,1182175,0,3606188,0,3421256,1604,846,6030,3645637,3374972,733,732,127
1786398749994,5047088,1314416,1562832,1239184,8304880,0,1183067,0,1182175,0,3606188,0,3421256,1604,846,6030,3645637,3374972,733,732,127
1786398750499,5047088,1313936,1562352,1239184,8304880,0,1183067,0,1182175,0,3606188,0,3421256,1604,846,6030,3645637,3374972,733,732,127
1786398751001,5047088,1313696,1562112,1239184,8304880,0,1183067,0,1182175,0,3606188,0,3421256,1604,846,6030,3645637,3374972,733,732,127
1786398751509,5047088,1313696,1562112,1239184,8304880,0,1183067,0,1182175,0,3606188,0,3421256,1604,846,6030,3645637,3374972,733,732,127
1786398752019,5047088,1313696,1562112,1239184,8304880,0,1183067,0,1182175,0,3606188,0,3421256,1604,846,6030,3645637,3374972,733,732,127
1786398752530,5047088,1313696,1562112,1239184,8304880,0,1183067,0,1182175,0,3606188,0,3421256,1604,846,6030,3645637,3374972,733,732,127
1786398753033,5047088,1313696,1562112,1239184,8304880,0,1183067,0,1182175,0,3606188,0,3421256,1604,846,6030,3645637,3374972,733,732,127
1786398753542,5047088,1313696,1562112,1239184,8304880,0,1183067,0,1182175,0,3606188,0,3421256,1604,846,6030,3645637,3374972,733,732,127
1786398754051,5047088,1313696,1562112,1239184,8304880,0,1183067,0,1182175,0,3606188,0,3421256,1604,846,6030,3645637,3374972,733,732,127
1786398754563,5047088,1313216,1561632,1239184,8304880,0,1183067,0,1182175,0,3606188,0,3421256,1604,846,6030,3645637,3374972,733,732,127
1786398755073,5047088,1313216,1561632,1239184,8304880,0,1183067,0,1182175,0,3606188,0,3421256,1604,846,6030,3645637,3374972,733,732,127
1786398755578,5047088,1313216,1561632,1239184,8304880,0,1183067,0,1182175,0,3606188,0,3421256,1604,846,6030,3645637,3374972,733,732,127
1786398756089,5047088,1312976,1561392,1239184,8304880,0,1183067,0,1182175,0,3606188,0,3421256,1604,846,6030,3645637,3374972,733,732,127
1786398756601,5047088,1312976,1561392,1239184,8304880,0,1183067,0,1182175,0,3606188,0,3421256,1604,846,6030,3645637,3374972,733,732,127
1786398757113,5047088,1312976,1561392,1239184,8304880,0,1183067,0,1182175,0,3606188,0,3421256,1604,846,6030,3645637,3374972,733,732,127
1786398757618,5047088,1312976,1561392,1239184,8304880,0,1183067,0,1182175,0,3606188,0,3421256,1604,846,6030,3645637,3374972,733,732,127
1786398758122,5047088,1312976,1561392,1239184,8304880,0,1183067,0,1182175,0,3606188,0,3421256,1604,846,6030,3645637,3374972,733,732,127
1786398758627,5047088,1312976,1561392,1239184,8304880,0,1183067,0,1182175,0,3606188,0,3421256,1604,846,6030,3645637,3374972,733,732,127
1786398759129,5047088,1312976,1561392,1239184,8304880,0,1183067,0,1182175,0,3606188,0,3421256,1604,846,6030,3645637,3374972,733,732,127
1786398759634,5047088,1312976,1561392,1239184,8304880,0,1183067,0,1182175,0,3606188,0,3421256,1604,846,6030,3645637,3374972,733,732,127
1786398760136,5047088,1312976,1561392,1239184,8304880,0,1183067,0,1182175,0,3606188,0,3421256,1604,846,6030,3645637,3374972,733,732,127
1786398760640,5047088,1312976,1561392,1239184,8304880,0,1183067,0,1182175,0,3606188,0,3421256,1604,846,6030,3645637,3374972,733,732,127
1786398761147,5047088,1312976,1561392,1239184,8304880,0,1183067,0,1182175,0,3606188,0,3421256,1604,846,6030,3645637,3374972,733,732,127
1786398761650,5047088,1312976,1561392,1239184,8304880,0,1183067,0,1182175,0,3606188,0,3421256,1604,846,6030,3645637,3374972,733,732,127
1786398762155,5047088,1312976,1561392,1239184,8304880,0,1183067,0,1182175,0,3606188,0,3421256,1604,846,6030,3645637,3374972,733,732,127
1786398762666,5047088,1312976,1561392,1239184,8304880,0,1183067,0,1182175,0,3606188,0,3421256,1604,846,6030,3645637,3374972,733,732,127
1786398763169,5047088,1312976,1561392,1239184,8304880,0,1183067,0,1182175,0,3606188,0,3421256,1604,846,6030,3645637,3374972,733,732,127
1786398763671,5047088,1312976,1561392,1239184,8304880,0,1183067,0,1182175,0,3606188,0,3421256,1604,846,6030,3645637,3374972,733,732,127
1786398764182,5047088,1312976,1561392,1239184,8304880,0,1183067,0,1182175,0,3606188,0,3421256,1604,846,6030,3645637,3374972,733,732,127
1786398764685,5047088,1312976,1561392,1239184,8304880,0,1183067,0,1182175,0,3606188,0,3421256,1604,846,6030,3645637,3374972,733,732,127
1786398765197,5047088,1312976,1561392,1239184,8304880,0,1183067,0,1182175,0,3606188,0,3421256,1604,846,6030,3645637,3374972,733,732,127
1786398765706,5047088,1312976,1561392,1239184,8304880,0,1183067,0,1182175,0,3606188,0,3421256,1604,846,6030,3645637,3374972,733,732,127
1786398766217,5047088,1312976,1561392,1239184,8304880,0,1183067,0,1182175,0,3606188,0,3421256,1604,846,6030,3645637,3374972,733,732,127
1786398766730,5047088,1312976,1561392,1239184,8304880,0,1183067,0,1182175,0,3606188,0,3421256,1604,846,6030,3645637,3374972,733,732,127
1786398767232,5047088,1312976,1561392,1239184,8304880,0,1183067,0,1182175,0,3606188,0,3421256,1604,846,6030,3645637,3374972,733,732,127
1786398767742,5047088,1312976,1561392,1239184,8304880,0,1183067,0,1182175,0,3606188,0,3421256,1604,846,6030,3645637,3374972,733,732,127
1786398768243,5047088,1312976,1561392,1239184,8304880,0,1183067,0,1182175,0,3606188,0,3421256,1604,846,6030,3645637,3374972,733,732,127
1786398768744,5047088,1312976,1561392,1239184,8304880,0,1183067,0,1182175,0,3606188,0,3421256,1604,846,6030,3645637,3374972,733,732,127
1786398769247,5047088,1312976,1561392,1239184,8304880,0,1183067,0,1182175,0,3606188,0,3421256,1604,846,6030,3645637,3374972,733,732,127
1786398769750,5047088,1312976,1561392,1239184,8304880,0,1183067,0,1182175,0,3606188,0,3421256,1604,846,6030,3645637,3374972,733,732,127
1786398770252,5047088,1312976,1561392,1239184,8304880,0,1183067,0,1182175,0,3606188,0,3421256,1604,846,6030,3645637,3374972,733,732,127
1786398770756,5047088,1309424,1558624,1239968,8305696,0,1183073,0,1182182,0,3607416,0,3422465,1652,897,6030,3645637,3374972,733,732,127
1786398771263,5047088,1309088,1559296,1240944,8305696,0,1183073,0,1182182,0,3607416,0,3422465,1652,897,6030,3645637,3374972,733,732,127
1786398771766,5047088,1309088,1559296,1240944,8305696,0,1183073,0,1182182,0,3607416,0,3422465,1652,897,6030,3645637,3374972,733,732,127
1786398772268,5047088,1309088,1559296,1240944,8305696,0,1183073,0,1182182,0,3607416,0,3422465,1652,897,6030,3645637,3374972,733,732,127
1786398772776,5047088,1309088,1559296,1240944,8305696,0,1183073,0,1182182,0,3607416,0,3422465,1652,897,6030,3645637,3374972,733,732,127
1786398773278,5047088,1309088,1559328,1240944,8305696,0,1183073,0,1182182,0,3607416,0,3422465,1652,897,6030,3645637,3374972,733,732,127
1786398773785,5047088,1309088,1559328,1240944,8305696,0,1183073,0,1182182,0,3607416,0,3422465,1652,897,6030,3645637,3374972,733,732,127
1786398774295,5047088,1309088,1559328,1240944,8305696,0,1183073,0,1182182,0,3607416,0,3422465,1652,897,6030,3645637,3374972,733,732,127
1786398774799,5047088,1309088,1559328,1240944,8305696,0,1183073,0,1182182,0,3607416,0,3422465,1652,897,6030,3645637,3374972,733,732,127
1786398775306,5047088,1308848,1559088,1240960,8305696,0,1183073,0,1182182,0,3607416,0,3422465,1652,897,6030,3645637,3374972,733,732,127
1786398775811,5047088,1308848,1559088,1240960,8305696,0,1183073,0,1182182,0,3607416,0,3422465,1652,897,6030,3645637,3374972,733,732,127
1786398776320,5047088,1308848,1559088,1240960,8305696,0,1183073,0,1182182,0,3607416,0,3422465,1652,897,6030,3645637,3374972,733,732,127
1786398776827,5047088,1308848,1559088,1240960,8305696,0,1183073,0,1182182,0,3607416,0,3422465,1652,897,6030,3645637,3374972,733,732,127
1786398777339,5047088,1308848,1559088,1240960,8305696,0,1183073,0,1182182,0,3607416,0,3422465,1652,897,6030,3645637,3374972,733,732,127
1786398777846,5047088,1308848,1559088,1240960,8305696,0,1183073,0,1182182,0,3607416,0,3422465,1652,897,6030,3645637,3374972,733,732,127
1786398778356,5047088,1308848,1559088,1240960,8305696,0,1183073,0,1182182,0,3607416,0,3422465,1652,897,6030,3645637,3374972,733,732,127
1786398778866,5047088,1308848,1559088,1240960,8305696,0,1183073,0,1182182,0,3607416,0,3422465,1652,897,6030,3645637,3374972,733,732,127
1786398779377,5047088,1308848,1559088,1240960,8305696,0,1183073,0,1182182,0,3607416,0,3422465,1652,897,6030,3645637,3374972,733,732,127
1786398779881,5047088,1308848,1559088,1240960,8305696,0,1183073,0,1182182,0,3607416,0,3422465,1652,897,6030,3645637,3374972,733,732,127
1786398780385,5047088,1308848,1559152,1241056,8305696,0,1183073,0,1182182,18,3635562,18,3450348,1652,897,6030,3645637,3374972,733,732,127
1786398780897,5047088,1308848,1559184,1241056,8305696,0,1183073,0,1182182,18,3635562,18,3450348,1652,897,6030,3645637,3374972,733,732,127
1786398781398,5047088,1308848,1559184,1241056,8305696,0,1183073,0,1182182,18,3635562,18,3450348,1652,897,6030,3645637,3374972,733,732,127
1786398781903,5047088,1308848,1559184,1241056,8305696,0,1183073,0,1182182,18,3635562,18,3450348,1652,897,6030,3645637,3374972,733,732,127
1786398782413,5047088,1308848,1559184,1241056,8305696,0,1183073,0,1182182,14,3635562,14,3450348,1652,897,6030,3645637,3374972,733,732,127
1786398782924,5047088,1308848,1559184,1241056,8305696,0,1183073,0,1182182,14,3635562,14,3450348,1652,897,6030,3645637,3374972,733,732,127
1786398783425,5047088,1308848,1559184,1241056,8305696,0,1183073,0,1182182,14,3635562,14,3450348,1652,897,6030,3645637,3374972,733,732,127
1786398783933,5047088,1308848,1559184,1241056,8305696,0,1183073,0,1182182,14,3635562,14,3450348,1652,897,6030,3645637,3374972,733,732,127
1786398784441,5047088,1308608,1558944,1241056,8305696,0,1183073,0,1182182,12,3635562,12,3450348,1652,897,6030,3645637,3374972,733,732,127
1786398784944,5047088,1308608,1558944,1241056,8305696,0,1183073,0,1182182,12,3635562,12,3450348,1652,897,6030,3645637,3374972,733,732,127
1786398785446,5047088,1308608,1558944,1241056,8305696,0,1183073,0,1182182,12,3635562,12,3450348,1652,897,6030,3645637,3374972,733,732,127
1786398785952,5047088,1308608,1558944,1241056,8305696,0,1183073,0,1182182,12,3635562,12,3450348,1652,897,6030,3645637,3374972,733,732,127
1786398786455,5047088,1308608,1558944,1241056,8305696,0,1183073,0,1182182,9,3635562,9,3450348,1652,897,6030,3645637,3374972,733,732,127
1786398786964,5047088,1308608,1558944,1241056,8305696,0,1183073,0,1182182,9,3635562,9,3450348,1652,897,6030,3645637,3374972,733,732,127
1786398787469,5047088,1308608,1558944,1241056,8305696,0,1183073,0,1182182,9,3635562,9,3450348,1652,897,6030,3645637,3374972,733,732,127
1786398787981,5047088,1308368,1558704,1241056,8305696,0,1183073,0,1182182,9,3635562,9,3450348,1652,897,6030,3645637,3374972,733,732,127
1786398788492,5047088,1308784,1559120,1241056,8305696,0,1183073,0,1182182,8,3635562,8,3450348,1652,897,6030,3645637,3374972,733,732,127
1786398789002,5047088,1308784,1559120,1241056,8305696,0,1183073,0,1182182,8,3635562,8,3450348,1652,897,6030,3645637,3374972,733,732,127
1786398789502,5047088,1308784,1559120,1241056,8305696,0,1183073,0,1182182,8,3635562,8,3450348,1652,897,6030,3645637,3374972,733,732,127
1786398790007,5047088,1308784,1559120,1241056,8305696,0,1183073,0,1182182,8,3635562,8,3450348,1652,897,6030,3645637,3374972,733,732,127
1786398790517,5047088,1308784,1559120,1241056,8305696,0,1183073,0,1182182,6,3635562,6,3450348,1652,897,6030,3645637,3374972,733,732,127
1786398791026,5047088,1308784,1559120,1241056,8305696,0,1183073,0,1182182,6,3635562,6,3450348,1652,897,6030,3645637,3374972,733,732,127
1786398791534,5047088,1308784,1559120,1241056,8305696,0,1183073,0,1182182,6,3635562,6,3450348,1652,897,6030,3645637,3374972,733,732,127
1786398792038,5047088,1308784,1559120,1241056,8305696,0,1183073,0,1182182,6,3635562,6,3450348,1652,897,6030,3645637,3374972,733,732,127
1786398792543,5047088,1308544,1558880,1241056,8305696,0,1183073,0,1182182,5,3635562,5,3450348,1652,897,6030,3645637,3374972,733,732,127
1786398793051,5047088,1308544,1558880,1241056,8305696,0,1183073,0,1182182,5,3635562,5,3450348,1652,897,6030,3645637,3374972,733,732,127
1786398793557,5047088,1308544,1558880,1241056,8305696,0,1183073,0,1182182,5,3635562,5,3450348,1652,897,6030,3645637,3374972,733,732,127
1786398794063,5047088,1308544,1558880,1241056,8305696,0,1183073,0,1182182,5,3635562,5,3450348,1652,897,6030,3645637,3374972,733,732,127
1786398794571,5047088,1308544,1558880,1241056,8305696,0,1183073,0,1182182,4,3635562,4,3450348,1652,897,6030,3645637,3374972,733,732,127
1786398795080,5047088,1308304,1558640,1241056,8305696,0,1183073,0,1182182,4,3635562,4,3450348,1652,897,6030,3645637,3374972,733,732,127
1786398795584,5047088,1308304,1558640,1241056,8305696,0,1183073,0,1182182,4,3635562,4,3450348,1652,897,6030,3645637,3374972,733,732,127
1786398796089,5047088,1308576,1558912,1241056,8305696,0,1183073,0,1182182,4,3635562,4,3450348,1652,897,6030,3645637,3374972,733,732,127
1786398796593,5047088,1308576,1558912,1241056,8305696,0,1183073,0,1182182,3,3635562,3,3450348,1652,897,6030,3645637,3374972,733,732,127
1786398797103,5047088,1308576,1558912,1241056,8305696,0,1183073,0,1182182,3,3635562,3,3450348,1652,897,6030,3645637,3374972,733,732,127
1786398797614,5047088,1308336,1558672,1241056,8305696,0,1183073,0,1182182,3,3635562,3,3450348,1652,897,6030,3645637,3374972,733,732,127
1786398798120,5047088,1308336,1558672,1241056,8305696,0,1183073,0,1182182,3,3635562,3,3450348,1652,897,6030,3645637,3374972,733,732,127
1786398798623,5047088,1308336,1558672,1241056,8305696,0,1183073,0,1182182,2,3635562,2,3450348,1652,897,6030,3645637,3374972,733,732,127
1786398799132,5047088,1308336,1558672,1241056,8305696,0,1183073,0,1182182,2,3635562,2,3450348,1652,897,6030,3645637,3374972,733,732,127
1786398799633,5047088,1308880,1559216,1241056,8305696,0,1183073,0,1182182,2,3635562,2,3450348,1652,897,6030,3645637,3374972,733,732,127
1786398800143,5047088,1308880,1559216,1241056,8305696,0,1183073,0,1182182,2,3635562,2,3450348,1652,897,6030,3645637,3374972,733,732,127
1786398800647,5047088,1308640,1558976,1241056,8305696,0,1183073,0,1182182,2,3635562,2,3450348,1652,897,6030,3645637,3374972,733,732,127
1786398801149,5047088,1308640,1558976,1241056,8305696,0,1183073,0,1182182,2,3635562,2,3450348,1652,897,6030,3645637,3374972,733,732,127
1786398801653,5047088,1309216,1559872,1241376,8305696,0,1183073,0,1182182,2,3654527,2,3469224,1652,897,6030,3645637,3374972,733,732,127
1786398802163,5047088,1309216,1559872,1241456,8305696,0,1183073,0,1182182,2,3654527,2,3469224,1652,897,6030,3645637,3374972,733,732,127
1786398802673,5047088,1309216,1559872,1241536,8305696,0,1183073,0,1182182,1,3654527,1,3469224,1652,897,6030,3645637,3374972,733,732,127
1786398803183,5047088,1309216,1559952,1241536,8305696,0,1183073,0,1182182,1,3654527,1,3469224,1652,897,6030,3645637,3374972,733,732,127
1786398803695,5047088,1309216,1560032,1241536,8305696,0,1183073,0,1182182,1,3654527,1,3469224,1652,897,6030,3645637,3374972,733,732,127
1786398804207,5047088,1309216,1560032,1241536,8305696,0,1183073,0,1182182,1,3654527,1,3469224,1652,897,6030,3645637,3374972,733,732,127
1786398804712,5047088,1309216,1560032,1241536,8305696,0,1183073,0,1182182,1,3654527,1,3469224,1652,897,6030,3645637,3374972,733,732,127
1786398805224,5047088,1308976,1559792,1241536,8305696,0,1183073,0,1182182,1,3654527,1,3469224,1652,897,6030,3645637,3374972,733,732,127
1786398805730,5047088,1308976,1559792,1241536,8305696,0,1183073,0,1182182,1,3654527,1,3469224,1652,897,6030,3645637,3374972,733,732,127
1786398806235,5047088,1308736,1559552,1241536,8305696,0,1183073,0,1182182,1,3654527,1,3469224,1652,897,6030,3645637,3374972,733,732,127
1786398806744,5047088,1308736,1559552,1241536,8305696,0,1183073,0,1182182,1,3654527,1,3469224,1652,897,6030,3645637,3374972,733,732,127
1786398807249,5047088,1308736,1559552,1241536,8305696,0,1183073,0,1182182,1,3654527,1,3469224,1652,897,6030,3645637,3374972,733,732,127
1786398807760,5047088,1309328,1560144,1241536,8305696,0,1183073,0,1182182,1,3654527,1,3469224,1652,897,6030,3645637,3374972,733,732,127
1786398808273,5047088,1308848,1559664,1241536,8305696,0,1183073,0,1182182,0,3654527,0,3469224,1652,897,6030,3645637,3374972,733,732,127
1786398808781,5047088,1308848,1559664,1241536,8305696,0,1183073,0,1182182,0,3654527,0,3469224,1652,897,6030,3645637,3374972,733,732,127
1786398809288,5047088,1308848,1559664,1241536,8305696,0,1183073,0,1182182,0,3654527,0,3469224,1652,897,6030,3645637,3374972,733,732,127
1786398809791,5047088,1308848,1559664,1241536,8305696,0,1183073,0,1182182,0,3654527,0,3469224,1652,897,6030,3645637,3374972,733,732,127
1786398810293,5047088,1308848,1559664,1241536,8305696,0,1183073,0,1182182,0,3654527,0,3469224,1652,897,6030,3645637,3374972,733,732,127
1786398810795,5047088,1308848,1559664,1241536,8305696,0,1183073,0,1182182,0,3654527,0,3469224,1652,897,6030,3645637,3374972,733,732,127
1786398811305,5047088,1308848,1559664,1241536,8305696,0,1183073,0,1182182,0,3654527,0,3469224,1652,897,6030,3645637,3374972,733,732,127
1786398811807,5047088,1308848,1559664,1241536,8305696,0,1183073,0,1182182,0,3654527,0,3469224,1652,897,6030,3645637,3374972,733,732,127
1786398812314,5047088,1308848,1559664,1241536,8305696,0,1183073,0,1182182,0,3654527,0,3469224,1652,897,6030,3645637,3374972,733,732,127
1786398812823,5047088,1308848,1559664,1241536,8305696,0,1183073,0,1182182,0,3654527,0,3469224,1652,897,6030,3645637,3374972,733,732,127
1786398813347,5047088,1308848,1559664,1241536,8305696,0,1183073,0,1182182,0,3654527,0,3469224,1652,897,6030,3645637,3374972,733,732,127
1786398813858,5047088,1308848,1559664,1241536,8305696,0,1183073,0,1182182,0,3654527,0,3469224,1652,897,6030,3645637,3374972,733,732,127
1786398814369,5047088,1308848,1559664,1241536,8305696,0,1183073,0,1182182,0,3654527,0,3469224,1652,897,6030,3645637,3374972,733,732,127
1786398814872,5047088,1308848,1559664,1241536,8305696,0,1183073,0,1182182,0,3654527,0,3469224,1652,897,6030,3645637,3374972,733,732,127
1786398815376,5047088,1308848,1559664,1241536,8305696,0,1183073,0,1182182,0,3654527,0,3469224,1652,897,6030,3645637,3374972,733,732,127
1786398815878,5047088,1308848,1559664,1241536,8305696,0,1183073,0,1182182,0,3654527,0,3469224,1652,897,6030,3645637,3374972,733,732,127
1786398816385,5047088,1308848,1559664,1241536,8305696,0,1183073,0,1182182,0,3654527,0,3469224,1652,897,6030,3645637,3374972,733,732,127
1786398816888,5047088,1308848,1559664,1241536,8305696,0,1183073,0,1182182,0,3654527,0,3469224,1652,897,6030,3645637,3374972,733,732,127
1786398817401,5047088,1308848,1559664,1241536,8305696,0,1183073,0,1182182,0,3654527,0,3469224,1652,897,6030,3645637,3374972,733,732,127
1786398817904,5047088,1308848,1559664,1241536,8305696,0,1183073,0,1182182,0,3654527,0,3469224,1652,897,6030,3645637,3374972,733,732,127
1786398818409,5047088,1308848,1559664,1241536,8305696,0,1183073,0,1182182,0,3654527,0,3469224,1652,897,6030,3645637,3374972,733,732,127
1786398818920,5047088,1308848,1559664,1241536,8305696,0,1183073,0,1182182,0,3654527,0,3469224,1652,897,6030,3645637,3374972,733,732,127
1786398819423,5047088,1308848,1559664,1241536,8305696,0,1183073,0,1182182,0,3654527,0,3469224,1652,897,6030,3645637,3374972,733,732,127
1786398819925,5047088,1308848,1559664,1241536,8305696,0,1183073,0,1182182,0,3654527,0,3469224,1652,897,6030,3645637,3374972,733,732,127
1786398820435,5047088,1308848,1559664,1241536,8305696,0,1183073,0,1182182,0,3654527,0,3469224,1652,897,6030,3645637,3374972,733,732,127
1786398820939,5047088,1308848,1559632,1241536,8305696,0,1183075,0,1182184,0,3654838,0,3469535,1652,897,6030,3645637,3374972,733,732,127
1786398821444,5047088,1308848,1559648,1241536,8305696,0,1183075,0,1182184,0,3654838,0,3469535,1652,897,6030,3645637,3374972,733,732,127
1786398821950,5047088,1308848,1559648,1241536,8305696,0,1183075,0,1182184,0,3654838,0,3469535,1652,897,6030,3645637,3374972,733,732,127
1786398822463,5047088,1308848,1559664,1241536,8305696,0,1183075,0,1182184,0,3654838,0,3469535,1652,897,6030,3645637,3374972,733,732,127
1786398822965,5047088,1308848,1559664,1241536,8305696,0,1183075,0,1182184,0,3654838,0,3469535,1652,897,6030,3645637,3374972,733,732,127
1786398823467,5047088,1308848,1559664,1241536,8305696,0,1183075,0,1182184,0,3654838,0,3469535,1652,897,6030,3645637,3374972,733,732,127
1786398823978,5047088,1308848,1559664,1241536,8305696,0,1183075,0,1182184,0,3654838,0,3469535,1652,897,6030,3645637,3374972,733,732,127
1786398824480,5047088,1308848,1559664,1241536,8305696,0,1183075,0,1182184,0,3654838,0,3469535,1652,897,6030,3645637,3374972,733,732,127
1786398824989,5047088,1308848,1559664,1241536,8305696,0,1183075,0,1182184,0,3654838,0,3469535,1652,897,6030,3645637,3374972,733,732,127
1786398825495,5047088,1308848,1559664,1241536,8305696,0,1183075,0,1182184,0,3654838,0,3469535,1652,897,6030,3645637,3374972,733,732,127
1786398826007,5047088,1308848,1559664,1241536,8305696,0,1183075,0,1182184,0,3654838,0,3469535,1652,897,6030,3645637,3374972,733,732,127
1786398826516,5047088,1308848,1559664,1241536,8305696,0,1183075,0,1182184,0,3654838,0,3469535,1652,897,6030,3645637,3374972,733,732,127
1786398827020,5047088,1308848,1559664,1241536,8305696,0,1183075,0,1182184,0,3654838,0,3469535,1652,897,6030,3645637,3374972,733,732,127
1786398827530,5047088,1308848,1559664,1241536,8305696,0,1183075,0,1182184,0,3654838,0,3469535,1652,897,6030,3645637,3374972,733,732,127
1786398828036,5047088,1308848,1559664,1241536,8305696,0,1183075,0,1182184,0,3654838,0,3469535,1652,897,6030,3645637,3374972,733,732,127
1786398828537,5047088,1308848,1559664,1241536,8305696,0,1183075,0,1182184,0,3654838,0,3469535,1652,897,6030,3645637,3374972,733,732,127
1786398829039,5047088,1308848,1559664,1241536,8305696,0,1183075,0,1182184,0,3654838,0,3469535,1652,897,6030,3645637,3374972,733,732,127
1786398829549,5047088,1308848,1559664,1241536,8305696,0,1183075,0,1182184,0,3654838,0,3469535,1652,897,6030,3645637,3374972,733,732,127
1786398830056,5047088,1308848,1559664,1241536,8305696,0,1183075,0,1182184,0,3654838,0,3469535,1652,897,6030,3645637,3374972,733,732,127
1786398830567,5047088,1308848,1559664,1241536,8305696,0,1183075,0,1182184,0,3654838,0,3469535,1652,897,6030,3645637,3374972,733,732,127
1786398831072,5047088,1308848,1559664,1241536,8305696,0,1183075,0,1182184,0,3654838,0,3469535,1652,897,6030,3645637,3374972,733,732,127
1786398831583,5047088,1308848,1559664,1241536,8305696,0,1183075,0,1182184,0,3665855,0,3480512,1652,897,6030,3645637,3374972,733,732,127
1786398832091,5047088,1308848,1559664,1241536,8305696,0,1183075,0,1182184,0,3665855,0,3480512,1652,897,6030,3645637,3374972,733,732,127
1786398832598,5047088,1308848,1559776,1241888,8305696,0,1183075,0,1182184,0,3665855,0,3480512,1652,897,6030,3645637,3374972,733,732,127
1786398833100,5047088,1308848,1560016,1241888,8305696,0,1183075,0,1182184,0,3665855,0,3480512,1652,897,6030,3645637,3374972,733,732,127
1786398833608,5047088,1308848,1560016,1241888,8305696,0,1183075,0,1182184,0,3665855,0,3480512,1652,897,6030,3645637,3374972,733,732,127
1786398834113,5047088,1308848,1560016,1241888,8305696,0,1183075,0,1182184,0,3665855,0,3480512,1652,897,6030,3645637,3374972,733,732,127
1786398834616,5047088,1308848,1560016,1241920,8305696,0,1183075,0,1182184,0,3676590,0,3491245,1652,897,6030,3645637,3374972,733,732,127
1786398835121,5047088,1308848,1560080,1241952,8305696,0,1183075,0,1182184,0,3676590,0,3491245,1652,897,6030,3645637,3374972,733,732,127
1786398835629,5047088,1308848,1560080,1241968,8305696,0,1183075,0,1182184,0,3676590,0,3491245,1652,897,6030,3645637,3374972,733,732,127
1786398836131,5047088,1308848,1560080,1241968,8305696,0,1183075,0,1182184,0,3676590,0,3491245,1652,897,6030,3645637,3374972,733,732,127
1786398836642,5047088,1308848,1560080,1241968,8305696,0,1183075,0,1182184,0,3676590,0,3491245,1652,897,6030,3645637,3374972,733,732,127
1786398837144,5047088,1308848,1560080,1241968,8305696,0,1183075,0,1182184,0,3676590,0,3491245,1652,897,6030,3645637,3374972,733,732,127
1786398837653,5047088,1308848,1560080,1241968,8305696,0,1183075,0,1182184,0,3676590,0,3491245,1652,897,6030,3645637,3374972,733,732,127
1786398838159,5047088,1308848,1560080,1241968,8305696,0,1183075,0,1182184,0,3676590,0,3491245,1652,897,6030,3645637,3374972,733,732,127
1786398838671,5047088,1308848,1560080,1241968,8305696,0,1183075,0,1182184,0,3676590,0,3491245,1652,897,6030,3645637,3374972,733,732,127
1786398839175,5047088,1308848,1560080,1241968,8305696,0,1183075,0,1182184,0,3676590,0,3491245,1652,897,6030,3645637,3374972,733,732,127
1786398839683,5047088,1309872,1561104,1241968,8305696,0,1183075,0,1182184,0,3676590,0,3491245,1652,897,6030,3645637,3374972,733,732,127
1786398840187,5047088,1309872,1561104,1241968,8305696,0,1183075,0,1182184,0,3676590,0,3491245,1652,897,6030,3645637,3374972,733,732,127
1786398840689,5047088,1309872,1561104,1241968,8305696,0,1183075,0,1182184,0,3676590,0,3491245,1652,897,6030,3645637,3374972,733,732,127
1786398841200,5047088,1309872,1561104,1241968,8305696,0,1183075,0,1182184,0,3676590,0,3491245,1652,897,6030,3645637,3374972,733,732,127
1786398841707,5047088,1309872,1561104,1241968,8305696,0,1183075,0,1182184,0,3676590,0,3491245,1652,897,6030,3645637,3374972,733,732,127
1786398842219,5047088,1309872,1561104,1241968,8305696,0,1183075,0,1182184,0,3676590,0,3491245,1652,897,6030,3645637,3374972,733,732,127
1786398842729,5047088,1309872,1561104,1241968,8305696,0,1183075,0,1182184,0,3676590,0,3491245,1652,897,6030,3645637,3374972,733,732,127
1786398843234,5047088,1309872,1561104,1241968,8305696,0,1183075,0,1182184,0,3676590,0,3491245,1652,897,6030,3645637,3374972,733,732,127
1786398843738,5047088,1309872,1561104,1241968,8305696,0,1183075,0,1182184,0,3676590,0,3491245,1652,897,6030,3645637,3374972,733,732,127
1786398844240,5047088,1309872,1561104,1241968,8305696,0,1183075,0,1182184,0,3676590,0,3491245,1652,897,6030,3645637,3374972,733,732,127
1786398844749,5047088,1309872,1561104,1241968,8305696,0,1183075,0,1182184,0,3676590,0,3491245,1652,897,6030,3645637,3374972,733,732,127
1786398845254,5047088,1309872,1561104,1241968,8305696,0,1183075,0,1182184,0,3676590,0,3491245,1652,897,6030,3645637,3374972,733,732,127
1786398845765,5047088,1309872,1561104,1241968,8305696,0,1183075,0,1182184,0,3676590,0,3491245,1652,897,6030,3645637,3374972,733,732,127
1786398846270,5047088,1309872,1561104,1241968,8305696,0,1183075,0,1182184,0,3676590,0,3491245,1652,897,6030,3645637,3374972,733,732,127
1786398846775,5047088,1309872,1561104,1241968,8305696,0,1183075,0,1182184,0,3676590,0,3491245,1652,897,6030,3645637,3374972,733,732,127
1786398847281,5047088,1309872,1561104,1241968,8305696,0,1183075,0,1182184,0,3676590,0,3491245,1652,897,6030,3645637,3374972,733,732,127
1786398847787,5047088,1309872,1561104,1241968,8305696,0,1183075,0,1182184,0,3676590,0,3491245,1652,897,6030,3645637,3374972,733,732,127
1786398848291,5047088,1309872,1561104,1241968,8305696,0,1183075,0,1182184,0,3676590,0,3491245,1652,897,6030,3645637,3374972,733,732,127
1786398848793,5047088,1309872,1561104,1241968,8305696,0,1183075,0,1182184,0,3676590,0,3491245,1652,897,6030,3645637,3374972,733,732,127
1786398849304,5047088,1309872,1561104,1241968,8305696,0,1183075,0,1182184,0,3676590,0,3491245,1652,897,6030,3645637,3374972,733,732,127
1786398849815,5047088,1309872,1561104,1241968,8305696,0,1183075,0,1182184,0,3676590,0,3491245,1652,897,6030,3645637,3374972,733,732,127
1786398850324,5047088,1309872,1561104,1241968,8305696,0,1183075,0,1182184,0,3676590,0,3491245,1652,897,6030,3645637,3374972,733,732,127
1786398850832,5047088,1309872,1561104,1241968,8305696,0,1183075,0,1182184,0,3676590,0,3491245,1652,897,6030,3645637,3374972,733,732,127
1786398851336,5047088,1309872,1561104,1241968,8305696,0,1183075,0,1182184,0,3676590,0,3491245,1652,897,6030,3645637,3374972,733,732,127
1786398851842,5047088,1309872,1561104,1241968,8305696,0,1183075,0,1182184,0,3676590,0,3491245,1652,897,6030,3645637,3374972,733,732,127
1786398852344,5047088,1309872,1561104,1241968,8305696,0,1183075,0,1182184,0,3676590,0,3491245,1652,897,6030,3645637,3374972,733,732,127
1786398852847,5047088,1309872,1561104,1241968,8305696,0,1183075,0,1182184,0,3676590,0,3491245,1652,897,6030,3645637,3374972,733,732,127
1786398853349,5047088,1309872,1561104,1241968,8305696,0,1183075,0,1182184,0,3676590,0,3491245,1652,897,6030,3645637,3374972,733,732,127
1786398853853,5047088,1309872,1561104,1241968,8305696,0,1183075,0,1182184,0,3676590,0,3491245,1652,897,6030,3645637,3374972,733,732,127
1786398854361,5047088,1309872,1561104,1241968,8305696,0,1183075,0,1182184,0,3676590,0,3491245,1652,897,6030,3645637,3374972,733,732,127
1786398854863,5047088,1309872,1561104,1241968,8305696,0,1183075,0,1182184,0,3676590,0,3491245,1652,897,6030,3645637,3374972,733,732,127
1786398855369,5047088,1309872,1561104,1241968,8305696,0,1183075,0,1182184,0,3676590,0,3491245,1652,897,6030,3645637,3374972,733,732,127
1786398855877,5047088,1309872,1561104,1241968,8305696,0,1183075,0,1182184,0,3676590,0,3491245,1652,897,6030,3645637,3374972,733,732,127
1786398856382,5047088,1309872,1561104,1241968,8305696,0,1183075,0,1182184,0,3676590,0,3491245,1652,897,6030,3645637,3374972,733,732,127
1786398856884,5047088,1309872,1561104,1241968,8305696,0,1183075,0,1182184,0,3676590,0,3491245,1652,897,6030,3645637,3374972,733,732,127
1786398857386,5047088,1309872,1561104,1241968,8305696,0,1183075,0,1182184,0,3676590,0,3491245,1652,897,6030,3645637,3374972,733,732,127
1786398857895,5047088,1309872,1561104,1241968,8305696,0,1183075,0,1182184,0,3676590,0,3491245,1652,897,6030,3645637,3374972,733,732,127
1786398858405,5047088,1309872,1561104,1241968,8305696,0,1183075,0,1182184,0,3676590,0,3491245,1652,897,6030,3645637,3374972,733,732,127
1786398858908,5047088,1309872,1561104,1241968,8305696,0,1183075,0,1182184,0,3676590,0,3491245,1652,897,6030,3645637,3374972,733,732,127
1786398859420,5047088,1309872,1561104,1241968,8305696,0,1183075,0,1182184,0,3676590,0,3491245,1652,897,6030,3645637,3374972,733,732,127
1786398859922,5047088,1309872,1561104,1241968,8305696,0,1183075,0,1182184,0,3676590,0,3491245,1652,897,6030,3645637,3374972,733,732,127
1786398860431,5047088,1309872,1561104,1241968,8305696,0,1183075,0,1182184,0,3676590,0,3491245,1652,897,6030,3645637,3374972,733,732,127
1786398860941,5047088,1309872,1561104,1241968,8305696,0,1183075,0,1182184,0,3676590,0,3491245,1652,897,6030,3645637,3374972,733,732,127
1786398861452,5047088,1309872,1561104,1241968,8305696,0,1183075,0,1182184,0,3676590,0,3491245,1652,897,6030,3645637,3374972,733,732,127
1786398861955,5047088,1309872,1561104,1241968,8305696,0,1183075,0,1182184,0,3676590,0,3491245,1652,897,6030,3645637,3374972,733,732,127
1786398862459,5047088,1309872,1561104,1241968,8305696,0,1183075,0,1182184,0,3676590,0,3491245,1652,897,6030,3645637,3374972,733,732,127
1786398862971,5047088,1309872,1561104,1241968,8305696,0,1183075,0,1182184,0,3676590,0,3491245,1652,897,6030,3645637,3374972,733,732,127
1786398863473,5047088,1309872,1561104,1241968,8305696,0,1183075,0,1182184,0,3676590,0,3491245,1652,897,6030,3645637,3374972,733,732,127
1786398863985,5047088,1309872,1561104,1241968,8305696,0,1183075,0,1182184,0,3676590,0,3491245,1652,897,6030,3645637,3374972,733,732,127
1786398864495,5047088,1309872,1561104,1241968,8305696,0,1183075,0,1182184,0,3676590,0,3491245,1652,897,6030,3645637,3374972,733,732,127
1786398864998,5047088,1309872,1561104,1241968,8305696,0,1183075,0,1182184,0,3685577,0,3500151,1652,897,6030,3645637,3374972,733,732,127
1786398865498,5047088,1309872,1561312,1242176,8305696,0,1183075,0,1182184,0,3685630,0,3500201,1652,897,6030,3645637,3374972,733,732,127
1786398866010,5047088,1309872,1561312,1242176,8305696,0,1183075,0,1182184,0,3685630,0,3500201,1652,897,6030,3645637,3374972,733,732,127
1786398866519,5047088,1309872,1561312,1242256,8305696,0,1183075,0,1182184,0,3685630,0,3500201,1652,897,6030,3645637,3374972,733,732,127
1786398867032,5047088,1309872,1561312,1242256,8305696,0,1183075,0,1182184,0,3685630,0,3500201,1652,897,6030,3645637,3374972,733,732,127
1786398867544,5047088,1309872,1561312,1242256,8305696,0,1183075,0,1182184,0,3685630,0,3500201,1652,897,6030,3645637,3374972,733,732,127
1786398868049,5047088,1309872,1561312,1242256,8305696,0,1183075,0,1182184,0,3685630,0,3500201,1652,897,6030,3645637,3374972,733,732,127
1786398868555,5047088,1309872,1561312,1242256,8305696,0,1183075,0,1182184,0,3685630,0,3500201,1652,897,6030,3645637,3374972,733,732,127
1786398869056,5047088,1309872,1561312,1242256,8305696,0,1183075,0,1182184,0,3685630,0,3500201,1652,897,6030,3645637,3374972,733,732,127
1786398869568,5047088,1309872,1561392,1242256,8305696,0,1183075,0,1182184,0,3685630,0,3500201,1652,897,6030,3645637,3374972,733,732,127
1786398870071,5047088,1309872,1561392,1242256,8305696,0,1183075,0,1182184,0,3685630,0,3500201,1652,897,6030,3645637,3374972,733,732,127
1786398870578,5047088,1309872,1561392,1242256,8305696,0,1183075,0,1182184,0,3685630,0,3500201,1652,897,6030,3645637,3374972,733,732,127
1786398871090,5047088,1309872,1561392,1242256,8305696,0,1183075,0,1182184,0,3685630,0,3500201,1652,897,6030,3645637,3374972,733,732,127
1786398871599,5047088,1309872,1561392,1242256,8305696,0,1183075,0,1182184,0,3685630,0,3500201,1652,897,6030,3645637,3374972,733,732,127
1786398872105,5047088,1309872,1561392,1242256,8305696,0,1183075,0,1182184,0,3685630,0,3500201,1652,897,6030,3645637,3374972,733,732,127
1786398872616,5047088,1309872,1561392,1242256,8305696,0,1183075,0,1182184,0,3685630,0,3500201,1652,897,6030,3645637,3374972,733,732,127
1786398873118,5047088,1309872,1561392,1242256,8305696,0,1183075,0,1182184,0,3685630,0,3500201,1652,897,6030,3645637,3374972,733,732,127
1786398873625,5047088,1309872,1561392,1242256,8305696,0,1183075,0,1182184,0,3685630,0,3500201,1652,897,6030,3645637,3374972,733,732,127
1786398874133,5047088,1309872,1561392,1242256,8305696,0,1183075,0,1182184,0,3685630,0,3500201,1652,897,6030,3645637,3374972,733,732,127
1786398874646,5047088,1309872,1561392,1242256,8305696,0,1183075,0,1182184,0,3685630,0,3500201,1652,897,6030,3645637,3374972,733,732,127
1786398875156,5047088,1309872,1561392,1242256,8305696,0,1183075,0,1182184,0,3685630,0,3500201,1652,897,6030,3645637,3374972,733,732,127
1786398875659,5047088,1309872,1561392,1242256,8305696,0,1183075,0,1182184,0,3685630,0,3500201,1652,897,6030,3645637,3374972,733,732,127
1786398876168,5047088,1309872,1561392,1242256,8305696,0,1183075,0,1182184,0,3685630,0,3500201,1652,897,6030,3645637,3374972,733,732,127
1786398876670,5047088,1309872,1561392,1242256,8305696,0,1183075,0,1182184,0,3685630,0,3500201,1652,897,6030,3645637,3374972,733,732,127
1786398877172,5047088,1309872,1561392,1242256,8305696,0,1183075,0,1182184,0,3685630,0,3500201,1652,897,6030,3645637,3374972,733,732,127
1786398877678,5047088,1309872,1561392,1242256,8305696,0,1183075,0,1182184,0,3685630,0,3500201,1652,897,6030,3645637,3374972,733,732,127
1786398878189,5047088,1309872,1561392,1242256,8305696,0,1183075,0,1182184,0,3685630,0,3500201,1652,897,6030,3645637,3374972,733,732,127
1786398878697,5047088,1309872,1561392,1242256,8305696,0,1183075,0,1182184,0,3685630,0,3500201,1652,897,6030,3645637,3374972,733,732,127
1786398879199,5047088,1309872,1561392,1242256,8305696,0,1183075,0,1182184,0,3685630,0,3500201,1652,897,6030,3645637,3374972,733,732,127
1786398879702,5047088,1309872,1561392,1242256,8305696,0,1183075,0,1182184,0,3685630,0,3500201,1652,897,6030,3645637,3374972,733,732,127
1786398880209,5047088,1309872,1561392,1242256,8305696,0,1183075,0,1182184,0,3685630,0,3500201,1652,897,6030,3645637,3374972,733,732,127
1786398880711,5047088,1309872,1561392,1242256,8305696,0,1183075,0,1182184,0,3685630,0,3500201,1652,897,6030,3645637,3374972,733,732,127
1786398881223,5047088,1309872,1561392,1242256,8305696,0,1183075,0,1182184,0,3685630,0,3500201,1652,897,6030,3645637,3374972,733,732,127
1786398881724,5047088,1309872,1561392,1242256,8305696,0,1183075,0,1182184,0,3685630,0,3500201,1652,897,6030,3645637,3374972,733,732,127
1786398882227,5047088,1309872,1561392,1242256,8305696,0,1183075,0,1182184,0,3685630,0,3500201,1652,897,6030,3645637,3374972,733,732,127
1786398882736,5047088,1309872,1561392,1242256,8305696,0,1183075,0,1182184,0,3685630,0,3500201,1652,897,6030,3645637,3374972,733,732,127
1786398883238,5047088,1309872,1561392,1242256,8305696,0,1183075,0,1182184,0,3685630,0,3500201,1652,897,6030,3645637,3374972,733,732,127
1786398883750,5047088,1309872,1561392,1242256,8305696,0,1183075,0,1182184,0,3685630,0,3500201,1652,897,6030,3645637,3374972,733,732,127
1786398884259,5047088,1309872,1561392,1242256,8305696,0,1183075,0,1182184,0,3685630,0,3500201,1652,897,6030,3645637,3374972,733,732,127
1786398884762,5047088,1309872,1561392,1242256,8305696,0,1183075,0,1182184,0,3685630,0,3500201,1652,897,6030,3645637,3374972,733,732,127
1786398885266,5047088,1309872,1561392,1242256,8305696,0,1183075,0,1182184,0,3685630,0,3500201,1652,897,6030,3645637,3374972,733,732,127
1786398885776,5047088,1309872,1561392,1242256,8305696,0,1183075,0,1182184,0,3685630,0,3500201,1652,897,6030,3645637,3374972,733,732,127
1786398886284,5047088,1309872,1561392,1242256,8305696,0,1183075,0,1182184,0,3685630,0,3500201,1652,897,6030,3645637,3374972,733,732,127
1786398886803,5047088,1309872,1561392,1242256,8305696,0,1183075,0,1182184,0,3685630,0,3500201,1652,897,6030,3645637,3374972,733,732,127
1786398887314,5047088,1309872,1561392,1242256,8305696,0,1183075,0,1182184,0,3685630,0,3500201,1652,897,6030,3645637,3374972,733,732,127
1786398887825,5047088,1309872,1561392,1242256,8305696,0,1183075,0,1182184,0,3685630,0,3500201,1652,897,6030,3645637,3374972,733,732,127
1786398888337,5047088,1309872,1561392,1242256,8305696,0,1183075,0,1182184,0,3685630,0,3500201,1652,897,6030,3645637,3374972,733,732,127
1786398888846,5047088,1309872,1561392,1242256,8305696,0,1183075,0,1182184,0,3685630,0,3500201,1652,897,6030,3645637,3374972,733,732,127
1786398889348,5047088,1309872,1561392,1242256,8305696,0,1183075,0,1182184,0,3685630,0,3500201,1652,897,6030,3645637,3374972,733,732,127
1786398889849,5047088,1309872,1561392,1242256,8305696,0,1183075,0,1182184,0,3685630,0,3500201,1652,897,6030,3645637,3374972,733,732,127
1786398890353,5047088,1309872,1561392,1242256,8305696,0,1183075,0,1182184,0,3685630,0,3500201,1652,897,6030,3645637,3374972,733,732,127
1786398890864,5047088,1309872,1561392,1242256,8305696,0,1183075,0,1182184,0,3685630,0,3500201,1652,897,6030,3645637,3374972,733,732,127
1786398891369,5047088,1309872,1561392,1242256,8305696,0,1183075,0,1182184,0,3685630,0,3500201,1652,897,6030,3645637,3374972,733,732,127
1786398891881,5047088,1309872,1561392,1242256,8305696,0,1183075,0,1182184,0,3685630,0,3500201,1652,897,6030,3645637,3374972,733,732,127
1786398892393,5047088,1309872,1561392,1242256,8305696,0,1183075,0,1182184,0,3685630,0,3500201,1652,897,6030,3645637,3374972,733,732,127
1786398892904,5047088,1309872,1561392,1242256,8305696,0,1183075,0,1182184,0,3685630,0,3500201,1652,897,6030,3645637,3374972,733,732,127
1786398893408,5047088,1309872,1561392,1242256,8305696,0,1183075,0,1182184,0,3685630,0,3500201,1652,897,6030,3645637,3374972,733,732,127
1786398893910,5047088,1309872,1561392,1242256,8305696,0,1183075,0,1182184,0,3685630,0,3500201,1652,897,6030,3645637,3374972,733,732,127
1786398894419,5047088,1309872,1561392,1242256,8305696,0,1183075,0,1182184,0,3685630,0,3500201,1652,897,6030,3645637,3374972,733,732,127
1786398894921,5047088,1309872,1561392,1242256,8305696,0,1183075,0,1182184,0,3701065,0,3515623,1652,897,6030,3645637,3374972,733,732,127
1786398895434,5047088,1309872,1561568,1242432,8305696,0,1183075,0,1182184,0,3701065,0,3515623,1652,897,6030,3645637,3374972,733,732,127
1786398895939,5047088,1309872,1561568,1242432,8305696,0,1183075,0,1182184,0,3701065,0,3515623,1652,897,6030,3645637,3374972,733,732,127
1786398896442,5047088,1309872,1561568,1242432,8305696,0,1183075,0,1182184,0,3701065,0,3515623,1652,897,6030,3645637,3374972,733,732,127
1786398896944,5047088,1309872,1561568,1242448,8305696,0,1183075,0,1182184,0,3701065,0,3515623,1652,897,6030,3645637,3374972,733,732,127
1786398897449,5047088,1309872,1561568,1242448,8305696,0,1183075,0,1182184,0,3701065,0,3515623,1652,897,6030,3645637,3374972,733,732,127
1786398897959,5047088,1309872,1561568,1242448,8305696,0,1183075,0,1182184,0,3701065,0,3515623,1652,897,6030,3645637,3374972,733,732,127
1786398898461,5047088,1309872,1561568,1242448,8305696,0,1183075,0,1182184,0,3701065,0,3515623,1652,897,6030,3645637,3374972,733,732,127
1786398898969,5047088,1309872,1561568,1242448,8305696,0,1183075,0,1182184,0,3701065,0,3515623,1652,897,6030,3645637,3374972,733,732,127
1786398899477,5047088,1309872,1561568,1242448,8305696,0,1183075,0,1182184,0,3701065,0,3515623,1652,897,6030,3645637,3374972,733,732,127
1786398899986,5047088,1309872,1561568,1242448,8305696,0,1183075,0,1182184,0,3701065,0,3515623,1652,897,6030,3645637,3374972,733,732,127
1786398900490,5047088,1309872,1561568,1242448,8305696,0,1183075,0,1182184,0,3701065,0,3515623,1652,897,6030,3645637,3374972,733,732,127
1786398900998,5047088,1309872,1561568,1242448,8305696,0,1183075,0,1182184,0,3701065,0,3515623,1652,897,6030,3645637,3374972,733,732,127
1786398901503,5047088,1309872,1561568,1242448,8305696,0,1183075,0,1182184,0,3701065,0,3515623,1652,897,6030,3645637,3374972,733,732,127
1786398902008,5047088,1309872,1561568,1242448,8305696,0,1183075,0,1182184,0,3701065,0,3515623,1652,897,6030,3645637,3374972,733,732,127
1786398902514,5047088,1309872,1561568,1242448,8305696,0,1183075,0,1182184,0,3701065,0,3515623,1652,897,6030,3645637,3374972,733,732,127
1786398903016,5047088,1309872,1561568,1242448,8305696,0,1183075,0,1182184,0,3701065,0,3515623,1652,897,6030,3645637,3374972,733,732,127
1786398903526,5047088,1309872,1561568,1242448,8305696,0,1183075,0,1182184,0,3701065,0,3515623,1652,897,6030,3645637,3374972,733,732,127
1786398904035,5047088,1309872,1561568,1242448,8305696,0,1183075,0,1182184,0,3701065,0,3515623,1652,897,6030,3645637,3374972,733,732,127
1786398904545,5047088,1309872,1561568,1242448,8305696,0,1183075,0,1182184,0,3701065,0,3515623,1652,897,6030,3645637,3374972,733,732,127
1786398905056,5047088,1309872,1561568,1242448,8305696,0,1183075,0,1182184,0,3701065,0,3515623,1652,897,6030,3645637,3374972,733,732,127
1786398905559,4784944,1057088,1308784,1242448,8305696,0,1183075,0,1182184,0,3701065,0,3515623,1652,897,6030,3645637,3374972,733,732,127
1786398906060,4784944,1057088,1308784,1242448,8305696,0,1183075,0,1182184,0,3701065,0,3515623,1652,897,6030,3645637,3374972,733,732,127
1786398906563,4784944,1056672,1308368,1242448,8305696,0,1183075,0,1182184,0,3701065,0,3515623,1652,897,6030,3645637,3374972,733,732,127
1786398907073,4784944,1056672,1308368,1242448,8305696,0,1183075,0,1182184,0,3701065,0,3515623,1652,897,6030,3645637,3374972,733,732,127
1786398907586,4522800,795792,1047488,1242448,8305696,0,1183075,0,1182184,0,3701065,0,3515623,1652,897,6030,3645637,3374972,733,732,127
1786398908097,4522800,795792,1047488,1242448,8305696,0,1183075,0,1182184,0,3701065,0,3515623,1652,897,6030,3645637,3374972,733,732,127
1786398908603,4522800,795792,1047488,1242448,8305696,0,1183075,0,1182184,0,3701065,0,3515623,1652,897,6030,3645637,3374972,733,732,127
1786398909115,4522800,795792,1047488,1242448,8305696,0,1183075,0,1182184,0,3701065,0,3515623,1652,897,6030,3645637,3374972,733,732,127
1786398909628,4260656,534912,786608,1242448,8305696,0,1183075,0,1182184,0,3701065,0,3515623,1652,897,6030,3645637,3374972,733,732,127
1786398910132,4260656,534912,786608,1242448,8305696,0,1183075,0,1182184,0,3701065,0,3515623,1652,897,6030,3645637,3374972,733,732,127
1786398910633,4260656,534912,786608,1242448,8305696,0,1183075,0,1182184,0,3701065,0,3515623,1652,897,6030,3645637,3374972,733,732,127
1786398911135,4260656,534912,786608,1242448,8305696,0,1183075,0,1182184,0,3701065,0,3515623,1652,897,6030,3645637,3374972,733,732,127
1786398911639,3998512,482256,594128,1108128,8235520,0,1356112,0,1354920,0,3701422,0,3515965,1701,943,10439,3791639,3388078,733,732,153
1786398912152,3998512,539872,604544,1062448,8230512,0,1366241,0,1364730,0,3707612,0,3522155,1717,953,10759,3795516,3391614,733,732,155
1786398912666,3998512,493248,608800,1113392,8231712,163,1366465,163,1364940,0,3721426,0,3535807,1807,1028,10759,3795516,3391614,733,732,155
1786398913171,3998512,493248,608800,1113392,8231712,163,1366465,163,1364940,0,3721426,0,3535807,1807,1028,10759,3795516,3391614,733,732,155
1786398913673,3914000,529680,526640,994464,8227296,163,1369736,163,1368207,0,3797292,0,3610842,1818,1033,11040,3818964,3415018,733,732,156
1786398914173,3914000,548944,517536,966096,8226432,163,1370049,163,1368520,0,4196590,0,4010111,1818,1033,11094,3855805,3451822,733,732,158
1786398914674,3914000,534368,519904,983584,8226464,133,1371174,133,1369645,470,4239524,470,4053034,1820,1035,11094,3858754,3454771,733,732,158
1786398915185,3914000,534368,519904,983584,8226464,133,1371174,133,1369645,470,4239524,470,4053034,1820,1035,11094,3858754,3454771,733,732,158
1786398915695,3914000,1066064,751056,463872,8216224,133,1377649,133,1376118,470,4259242,470,4072611,1858,1069,11763,4030726,3495185,733,732,160
1786398916209,3914000,1066064,751536,464928,8216272,133,1377652,133,1376120,470,4260910,470,4074273,1861,1071,11763,4030726,3495185,733,732,160
1786398916721,3686352,506720,346384,771840,8216272,109,1379822,109,1378290,403,4298327,403,4111221,1863,1071,11763,4072374,3536829,733,732,162
1786398917222,3686352,550640,368224,727696,8216272,109,1380236,109,1378704,403,4298327,403,4111221,1863,1071,11763,4075133,3539588,733,732,162
1786398917733,3842976,549456,367056,728560,8216400,109,1380236,109,1378704,403,4298366,403,4111258,1872,1079,11763,4075133,3539588,733,732,162
1786398918236,3842976,567376,462544,883792,8216432,109,1386505,109,1384937,403,4325721,403,4138455,1879,1081,11763,4130811,3595260,733,732,164
1786398918738,3904720,567376,462304,883824,8216496,89,1387134,89,1385553,384,4326500,384,4139234,1886,1087,11763,4130811,3595260,733,732,164
1786398919246,3904720,498496,519920,1019120,8216272,89,1389267,89,1387679,384,4341520,384,4154115,1886,1087,11779,4187724,3652173,733,732,166
1786398919753,3904720,547456,520720,970960,8216240,89,1390652,89,1389065,384,4341520,384,4154115,1886,1087,11781,4190736,3655185,733,732,166
1786398920256,3904720,547456,520720,970960,8216240,89,1390652,89,1389065,384,4341520,384,4154115,1886,1087,11781,4190736,3655185,733,732,166
1786398920768,3904720,564256,523680,957744,8215888,73,1393338,73,1391747,315,4376882,315,4189412,1886,1087,11802,4256962,3721391,733,732,168
1786398921272,3904720,564976,524816,957264,8216208,73,1393338,73,1391747,315,4380482,315,4192937,1908,1107,11802,4256962,3721391,733,732,168
1786398921784,3904720,524320,518096,991952,8216208,73,1394503,73,1392912,315,4406536,315,4218666,1908,1107,11802,4320130,3784559,733,732,170
1786398922289,3904720,572560,519008,943824,8216208,59,1395811,59,1394220,312,4406536,312,4218666,1908,1107,11802,4323138,3787567,733,732,170
1786398922792,3904720,572560,519008,943824,8216208,59,1395811,59,1394220,312,4406536,312,4218666,1908,1107,11802,4323138,3787567,733,732,170
1786398923294,3904720,537360,518272,978448,8216208,59,1398170,59,1396571,312,4439793,312,4251918,1908,1107,11802,4386306,3850735,733,732,172
1786398923803,3904720,537360,518272,978448,8216208,59,1398170,59,1396571,312,4439793,312,4251918,1908,1107,11802,4386306,3850735,733,732,172
1786398924313,3904720,501872,518320,1014800,8216208,49,1400011,49,1398404,291,4466313,291,4278199,1908,1107,11802,4449794,3914159,733,732,174
1786398924823,3904720,548544,519216,968240,8216208,49,1401165,49,1399558,291,4466313,291,4278199,1908,1107,11802,4452290,3916719,733,732,175
1786398925328,3904720,548544,519216,968240,8216208,49,1401165,49,1399558,291,4466313,291,4278199,1908,1107,11802,4452290,3916719,733,732,175
1786398925835,3904720,562560,518976,954576,8216208,49,1403015,49,1401408,291,4503575,291,4315043,1908,1107,11802,4518466,3982895,733,732,177
1786398926346,3904720,562224,519408,954960,8216208,40,1403015,40,1401408,257,4503575,257,4315043,1908,1107,11802,4518466,3982895,733,732,177
1786398926853,3904720,526640,520736,991472,8216208,40,1404381,40,1402774,257,4529196,257,4340664,1908,1107,11802,4581506,4045935,733,732,179
1786398927356,3904720,573824,519792,943488,8216208,40,1404852,40,1403245,257,4529196,257,4340664,1908,1107,11802,4584514,4048943,733,732,179
1786398927861,3904720,573824,519792,943488,8216208,40,1404852,40,1403245,257,4529196,257,4340664,1908,1107,11802,4584514,4048943,733,732,179
1786398928369,3904720,542816,523760,978864,8216208,32,1410909,32,1409293,246,4544988,246,4356265,1908,1107,11802,4647682,4112111,733,732,181
1786398928880,3904720,542832,523408,978496,8216208,32,1410909,32,1409293,246,4544988,246,4356265,1908,1107,11802,4647682,4112111,733,732,181
1786398929384,3904720,552080,519888,965376,8216208,32,1419174,32,1417556,246,4564805,246,4375811,1908,1107,11802,4713794,4178223,733,732,183
1786398929886,3904720,552496,520000,965072,8216208,32,1419174,32,1417556,246,4564805,246,4375811,1908,1107,11802,4713794,4178223,733,732,183
1786398930391,3904720,552496,520000,965072,8216208,26,1419174,26,1417556,202,4564805,202,4375811,1908,1107,11802,4713794,4178223,733,732,183
1786398930897,3904720,568304,522560,952176,8216208,26,1421396,26,1419778,202,4601938,202,4412643,1908,1107,11802,4779970,4244399,733,732,185
1786398931407,3904720,568304,522560,952176,8216208,26,1421396,26,1419778,202,4601938,202,4412643,1908,1107,11802,4779970,4244399,733,732,185
1786398931917,3904720,535632,524224,986176,8216208,26,1423099,26,1421481,202,4625401,202,4435826,1908,1107,11802,4843138,4307567,733,732,187
1786398932428,3904720,535632,524432,986176,8216208,22,1423099,22,1421481,200,4625401,200,4435826,1908,1107,11802,4843138,4307567,733,732,187
1786398932930,3904720,582432,522704,937648,8216208,22,1423207,22,1421588,200,4625909,200,4436334,1908,1107,11802,4852162,4316591,733,732,188
1786398933434,3904720,544576,519680,972576,8216208,22,1425100,22,1423473,200,4659554,200,4469961,1908,1107,11802,4909314,4373743,733,732,190
1786398933944,3904720,544576,519680,972576,8216208,22,1425100,22,1423473,200,4659554,200,4469961,1908,1107,11802,4909314,4373743,733,732,190
1786398934456,3904720,558736,520656,959456,8216208,18,1428282,18,1426655,219,4689746,219,4500153,1908,1107,11802,4975490,4439919,733,732,192
1786398934964,3904720,558736,520656,959456,8216208,18,1428282,18,1426655,219,4689746,219,4500153,1908,1107,11802,4975490,4439919,733,732,192
1786398935466,3904720,583632,520736,934928,8216208,18,1430278,18,1428629,219,4699718,219,4509986,1908,1107,11802,5011586,4476015,733,732,193
1786398935970,3904720,573376,522384,946752,8216208,18,1431437,18,1429787,219,4715073,219,4525326,1908,1107,11802,5041666,4506095,733,732,194
1786398936473,3904720,574096,522688,946336,8216208,14,1431437,14,1429787,197,4715073,197,4525326,1908,1107,11802,5041666,4506095,733,732,194
1786398936978,3904720,540976,523952,980816,8216208,14,1432851,14,1431200,197,4740565,197,4550818,1908,1107,11802,5104834,4569263,733,732,196
1786398937482,3904720,540976,524032,980896,8216208,14,1432851,14,1431200,197,4740565,197,4550818,1908,1107,11802,5104834,4569263,733,732,196
1786398937983,3904720,576608,526416,948064,8216208,14,1437614,14,1435963,197,4748066,197,4558240,1908,1107,11802,5131842,4596271,733,732,197
1786398938484,3904720,549008,519136,968336,8216208,12,1438749,12,1437098,198,4766561,198,4576726,1908,1107,11802,5170946,4635375,733,732,198
1786398938993,3904720,549008,519136,968336,8216208,12,1438749,12,1437098,198,4766561,198,4576726,1908,1107,11802,5170946,4635375,733,732,198
1786398939501,3904720,562624,519232,955072,8216208,12,1446714,12,1445062,198,4791591,198,4601724,1908,1107,11802,5237058,4701487,733,732,201
1786398940002,3904720,562624,522800,958352,8217184,12,1446934,12,1445283,198,4799237,198,4609271,1986,1168,11802,5237058,4701487,733,732,201
1786398940504,3904720,547840,523600,973600,8217184,9,1452025,9,1450373,180,4812570,180,4622603,1986,1168,11802,5273090,4737519,733,732,202
1786398941017,3904720,574496,523616,947200,8217184,9,1453165,9,1451514,180,4828282,180,4638315,1986,1168,11802,5303106,4767535,733,732,203
1786398941527,3904720,574496,523616,947200,8217184,9,1453165,9,1451514,180,4828282,180,4638315,1986,1168,11802,5303106,4767535,733,732,203
1786398942040,3904720,546560,531920,983152,8217184,9,1459252,9,1457601,180,4853932,180,4663923,1986,1168,11802,5366210,4830639,733,732,205
1786398942543,3904720,546560,532400,983216,8217184,8,1459252,8,1457601,183,4853932,183,4663923,1986,1168,11802,5366210,4830639,733,732,205
1786398943045,3904720,577200,525360,945824,8217184,8,1465588,8,1463937,183,4870005,183,4679812,1986,1168,11802,5411330,4875759,733,732,207
1786398943550,3904720,553040,525328,970080,8217184,8,1466248,8,1464597,183,4883182,183,4692918,1986,1168,11802,5432386,4896815,733,732,207
1786398944059,3904720,553040,525328,970080,8217184,8,1466248,8,1464597,183,4883182,183,4692918,1986,1168,11802,5432386,4896815,733,732,207
1786398944571,3904720,566000,525296,956672,8217184,6,1468027,6,1466369,186,4910310,186,4720039,1986,1168,11802,5498562,4962991,733,732,210
1786398945073,3904720,566000,525296,956672,8217184,6,1468027,6,1466369,186,4910310,186,4720039,1986,1168,11802,5498562,4962991,733,732,210
1786398945575,3904720,467872,525648,1055344,8217184,6,1470865,6,1469207,186,4931334,186,4741024,1986,1168,11802,5534658,4999087,733,732,211
1786398946082,3904720,537280,532000,992096,8217184,6,1472398,6,1470739,186,4944283,186,4753974,1986,1168,11802,5561730,5026159,733,732,212
1786398946586,3904720,537872,532176,991680,8217184,5,1472398,5,1470739,189,4944283,189,4753974,1986,1168,11802,5561730,5026159,733,732,212
1786398947095,3904720,545072,526144,978480,8217184,5,1473999,5,1472341,189,4968567,189,4778041,1986,1168,11802,5627906,5092335,733,732,214
1786398947603,3904720,545472,526208,978144,8217184,5,1473999,5,1472341,189,4968567,189,4778041,1986,1168,11802,5627906,5092335,733,732,214
1786398948106,3904720,468656,530512,1059968,8217184,5,1474685,5,1473026,189,4981608,189,4791068,1986,1168,11802,5664002,5128431,733,732,215
1786398948617,3904720,557632,524960,964976,8217184,4,1475953,4,1474292,191,4995380,191,4804840,1986,1168,11802,5694082,5158511,733,732,216
1786398949121,3904720,557632,524960,964976,8217184,4,1475953,4,1474292,191,4995380,191,4804840,1986,1168,11802,5694082,5158511,733,732,216
1786398949631,3904720,571408,525056,951584,8217184,4,1483892,4,1482231,191,5023890,191,4833111,1986,1168,11802,5760258,5224687,733,732,218
1786398950138,3904720,571408,525056,951728,8217216,4,1483931,4,1482269,191,5027324,191,4836545,1990,1170,11802,5760258,5224687,733,732,218
1786398950641,3904720,586512,534864,945904,8217216,3,1485353,3,1483691,174,5050160,174,4859313,1990,1170,11802,5805378,5269807,733,732,220
1786398951147,3904720,544848,533536,986176,8217216,3,1485894,3,1484233,174,5061604,174,4870757,1990,1170,11802,5823426,5287855,733,732,220
1786398951657,3904720,544848,533536,986176,8217216,3,1485894,3,1484233,174,5061604,174,4870757,1990,1170,11802,5823426,5287855,733,732,220
1786398952161,3904720,559968,535408,972816,8217216,3,1487970,3,1486299,174,5086615,174,4895761,1990,1170,11802,5889602,5354031,733,732,223
1786398952667,3904720,559968,535488,972896,8217216,2,1487970,2,1486299,179,5086615,179,4895761,1990,1170,11802,5889602,5354031,733,732,223
1786398953169,3904720,553536,532256,976176,8217216,2,1488872,2,1487200,179,5102025,179,4911106,1990,1170,11802,5934722,5399151,733,732,224
1786398953675,3904720,567168,529824,960192,8217216,2,1489661,2,1487986,179,5112902,179,4921979,1990,1170,11802,5955778,5420207,733,732,225
1786398954187,3904720,567168,529824,960192,8217216,2,1489661,2,1487986,179,5112902,179,4921979,1990,1170,11802,5955778,5420207,733,732,225
1786398954691,3904720,533808,530992,994736,8217216,2,1491693,2,1490016,164,5144293,164,4953365,1990,1170,11802,6018946,5483375,733,732,227
1786398955194,3904720,533808,530992,994736,8217216,2,1491693,2,1490016,164,5144293,164,4953365,1990,1170,11802,6018946,5483375,733,732,227
1786398955697,3904720,555216,529968,973136,8217216,2,1493677,2,1491995,164,5161325,164,4970193,1990,1170,11802,6073090,5537519,733,732,229
1786398956207,3904720,541104,525264,981760,8217216,2,1494115,2,1492433,164,5168565,164,4977433,1990,1170,11802,6085122,5549551,733,732,229
1786398956712,3904720,541248,525264,981632,8217216,1,1494115,1,1492433,171,5168565,171,4977433,1990,1170,11802,6085122,5549551,733,732,229
1786398957224,3904720,554176,525376,968640,8217216,1,1501433,1,1499751,171,5187669,171,4996310,1990,1170,11802,6151234,5615663,733,732,231
1786398957735,3904720,553824,525696,969312,8217216,1,1501433,1,1499751,171,5187669,171,4996310,1990,1170,11802,6151234,5615663,733,732,231
1786398958237,3904720,532720,530400,995520,8217216,1,1502979,1,1501292,171,5213569,171,5022210,1990,1170,11802,6214338,5678767,733,732,233
1786398958745,3904720,565504,525472,957616,8217216,1,1504350,1,1502663,176,5214486,176,5023127,1990,1170,11802,6217346,5681775,733,732,233
1786398959248,3904720,565504,525472,957616,8217216,1,1504350,1,1502663,176,5214486,176,5023127,1990,1170,11802,6217346,5681775,733,732,233
1786398959758,3904720,532928,527104,991936,8217216,1,1505821,1,1504130,176,5240837,176,5049474,1990,1170,11802,6280514,5744943,733,732,235
1786398960260,3904720,532928,527472,992064,8217376,1,1506756,1,1504961,176,5244164,176,5052243,2001,1180,11802,6280514,5744943,733,732,235
1786398960762,3904720,565952,527552,959472,8217392,1,1511956,1,1510161,162,5274143,162,5081355,2002,1181,11802,6343682,5808111,733,732,237
1786398961271,3904720,545776,526416,978064,8217392,1,1512174,1,1510380,162,5275289,162,5082474,2002,1181,11802,6346690,5811119,733,732,237
1786398961776,3904720,545760,527408,979072,8217536,1,1512424,1,1510629,162,5278727,162,5085912,2013,1190,11802,6346690,5811119,733,732,237
1786398962280,3904720,559088,526864,965472,8217536,1,1514374,1,1512576,162,5303736,162,5110909,2013,1190,11802,6412866,5877295,733,732,240
1786398962788,3904720,559088,526864,965472,8217536,0,1514374,0,1512576,169,5303736,169,5110909,2013,1190,11802,6412866,5877295,733,732,240
1786398963290,3904720,556448,525264,966384,8217536,0,1516185,0,1514383,169,5326739,169,5133906,2013,1190,11802,6476034,5940463,733,732,242
1786398963793,3904720,573968,528384,952048,8217536,0,1516425,0,1514623,169,5328057,169,5135217,2013,1190,11802,6479042,5943471,733,732,242
1786398964297,3904720,573968,528384,952048,8217536,0,1516425,0,1514623,156,5328057,156,5135217,2013,1190,11802,6479042,5943471,733,732,242
1786398964810,3904720,532080,521472,987088,8217536,0,1518390,0,1516585,156,5363518,156,5170669,2013,1190,11802,6542210,6006639,733,732,244
1786398965317,3904720,532208,521568,987056,8217536,0,1518390,0,1516585,156,5363518,156,5170669,2013,1190,11802,6542210,6006639,733,732,244
1786398965820,3904720,498848,522736,1022064,8217536,0,1520034,0,1518225,156,5393929,156,5201078,2013,1190,11802,6605378,6069807,733,732,246
1786398966321,3904720,547088,523248,973936,8217536,0,1520734,0,1518926,182,5393929,182,5201078,2013,1190,11802,6608386,6072815,733,732,246
1786398966824,3904720,547088,523248,973936,8217536,0,1520734,0,1518926,182,5393929,182,5201078,2013,1190,11802,6608386,6072815,733,732,246
1786398967333,3904720,549488,517600,965552,8217536,0,1522411,0,1520602,182,5419741,182,5226886,2013,1190,11802,6674242,6138671,733,732,249
1786398967838,3904720,549488,517600,965552,8217536,0,1522411,0,1520602,182,5419741,182,5226886,2013,1190,11802,6674242,6138671,733,732,249
1786398968341,3904720,524608,528464,1001776,8219280,0,1525094,0,1523285,185,5456029,185,5261934,2138,1299,11802,6737218,6201647,733,732,251
1786398968846,3904720,564544,531728,964784,8219328,0,1525695,0,1523886,185,5456598,185,5262503,2141,1302,11802,6740226,6204655,733,732,251
1786398969355,3904720,564544,531728,964784,8219328,0,1525695,0,1523886,185,5456598,185,5262503,2141,1302,11802,6740226,6204655,733,732,251
1786398969862,3904720,565776,525104,957280,8219328,0,1528093,0,1526284,185,5482678,185,5288580,2141,1302,11802,6806082,6270511,733,732,253
1786398970370,3904720,565776,525104,957280,8219328,0,1528093,0,1526284,170,5482678,170,5288580,2141,1302,11802,6806082,6270511,733,732,253
1786398970872,3904720,531008,527648,994448,8219328,0,1532589,0,1530780,170,5510009,170,5315896,2141,1302,11802,6869058,6333487,733,732,255
1786398971375,3904720,579248,527760,946320,8219328,0,1532865,0,1531056,170,5510009,170,5315896,2141,1302,11802,6872066,6336495,733,732,255
1786398971880,3904720,579248,527760,946320,8219328,0,1532865,0,1531056,170,5510009,170,5315896,2141,1302,11802,6872066,6336495,733,732,255
1786398972386,3904720,541120,529312,985856,8219328,0,1539477,0,1537668,175,5536861,175,5342744,2141,1302,11802,6934978,6399407,733,732,257
1786398972898,3904720,541568,529120,985216,8219328,0,1539477,0,1537668,175,5536861,175,5342744,2141,1302,11802,6934978,6399407,733,732,257
1786398973400,3904720,505328,530992,1023088,8219328,0,1546516,0,1544707,175,5562204,175,5368058,2141,1302,11802,6997954,6462383,733,732,259
1786398973911,3904720,552848,530384,974960,8219328,0,1547194,0,1545385,175,5562204,175,5368058,2141,1302,11802,7000962,6465391,733,732,260
1786398974422,3904720,552848,530384,974960,8219328,0,1547194,0,1545385,162,5562204,162,5368058,2141,1302,11802,7000962,6465391,733,732,260
1786398974929,3904720,564352,531696,964944,8219328,0,1553502,0,1551693,162,5590137,162,5395984,2141,1302,11802,7066946,6531375,733,732,262
1786398975440,3904720,564128,531232,964704,8219328,0,1553502,0,1551693,162,5590137,162,5395984,2141,1302,11802,7066946,6531375,733,732,262
1786398975948,3904720,520288,525136,1002304,8219328,0,1562437,0,1560628,162,5617206,162,5423053,2141,1302,11802,7129922,6594351,733,732,264
1786398976458,3904720,567808,524528,954176,8219328,0,1563823,0,1562014,168,5617206,168,5423053,2141,1302,11802,7132930,6597359,733,732,264
1786398976967,3904720,567808,524528,954176,8219328,0,1563823,0,1562014,168,5617206,168,5423053,2141,1302,11802,7132930,6597359,733,732,264
1786398977471,3904720,577504,525680,945968,8219328,0,1567826,0,1566017,168,5649927,168,5455765,2141,1302,11802,7198786,6663215,733,732,266
1786398977983,3904720,577504,525680,945968,8219328,0,1567826,0,1566017,168,5649927,168,5455765,2141,1302,11802,7198786,6663215,733,732,266
1786398978494,3904720,540448,527680,984864,8219328,0,1574825,0,1573014,174,5676268,174,5481805,2141,1302,11802,7261698,6726127,733,732,268
1786398978994,3904720,540448,527680,984864,8219328,0,1574825,0,1573014,174,5676268,174,5481805,2141,1302,11802,7261698,6726127,733,732,268
1786398979500,3904720,540448,527680,984864,8219328,0,1574825,0,1573014,174,5676268,174,5481805,2141,1302,11802,7261698,6726127,733,732,268
1786398980009,3904720,549712,527872,976032,8219328,0,1578869,0,1577058,174,5707746,174,5512716,2141,1302,11802,7327554,6791983,733,732,271
1786398980513,3904720,549808,528480,976656,8219328,0,1578869,0,1577058,179,5707746,179,5512716,2141,1302,11802,7327554,6791983,733,732,271
1786398981015,3904720,561088,530080,967312,8219328,0,1584614,0,1582803,179,5723258,179,5528079,2141,1302,11802,7393474,6857903,733,732,273
1786398981517,3904720,561088,530080,967312,8219328,0,1584614,0,1582803,179,5723258,179,5528079,2141,1302,11802,7393474,6857903,733,732,273
1786398982018,3904720,561088,530080,967312,8219328,0,1584614,0,1582803,179,5723265,179,5528086,2141,1302,11802,7393474,6857903,733,732,273
1786398982529,3904720,571568,531344,957552,8219328,0,1586740,0,1584929,183,5759504,183,5564319,2141,1302,11802,7459394,6923823,733,732,275
1786398983036,3904720,571568,531344,957552,8219328,0,1586740,0,1584929,183,5759504,183,5564319,2141,1302,11802,7459394,6923823,733,732,275
1786398983538,3904720,569120,518704,946976,8219328,0,1595256,0,1593445,183,5776070,183,5580363,2141,1302,11802,7525378,6989807,733,732,277
1786398984049,3904720,569712,518992,946672,8219328,0,1595256,0,1593445,183,5776070,183,5580363,2141,1302,11802,7525378,6989807,733,732,277
1786398984551,3904720,539920,519776,977248,8219328,0,1595256,0,1593445,149,5776258,149,5580533,2141,1302,11802,7525378,6989807,733,732,277
1786398985054,3904720,575184,519472,942240,8219328,0,1597396,0,1595585,149,5802310,149,5606489,2141,1302,11802,7590978,7055407,733,732,280
1786398985560,3904720,575232,518912,941632,8219328,0,1597396,0,1595585,149,5802310,149,5606489,2141,1302,11802,7590978,7055407,733,732,280
1786398986062,3904720,574672,512880,936048,8219328,0,1604195,0,1602383,149,5830260,149,5634186,2141,1302,11802,7656642,7121071,733,732,282
1786398986573,3904720,574672,512880,936048,8219328,0,1604195,0,1602383,158,5830260,158,5634186,2141,1302,11802,7656642,7121071,733,732,282
1786398987075,3904720,560848,513744,951088,8219328,0,1607825,0,1606014,158,5834702,158,5638628,2141,1302,11802,7674498,7138927,733,732,283
1786398987585,3904720,538192,520576,980704,8219328,0,1609279,0,1607468,158,5852015,158,5655462,2141,1302,11802,7719170,7183599,733,732,284
1786398988093,3904720,538192,520576,980704,8219328,0,1609279,0,1607468,158,5852015,158,5655462,2141,1302,11802,7719170,7183599,733,732,284
1786398988602,3904720,539152,515216,973936,8219328,0,1614603,0,1612792,148,5880238,148,5683443,2141,1302,11802,7784898,7249327,733,732,286
1786398989104,3904720,539152,515216,973936,8219328,0,1614603,0,1612792,148,5880238,148,5683443,2141,1302,11802,7784898,7249327,733,732,286
1786398989606,3904720,544560,519968,974112,8219328,0,1619736,0,1617925,148,5885655,148,5688856,2141,1302,11802,7809218,7273647,733,732,287
1786398990112,3904720,551632,521264,967296,8219328,0,1621505,0,1619694,148,5909211,148,5712413,2141,1302,11802,7850626,7315055,733,732,289
1786398990621,3904720,551632,521264,967296,8219328,0,1621505,0,1619694,157,5909211,157,5712413,2141,1302,11802,7850626,7315055,733,732,289
1786398991127,3904720,558688,521168,960416,8219328,0,1629385,0,1627571,157,5934971,157,5738147,2141,1302,11802,7916354,7380783,733,732,291
1786398991628,3904720,558688,521168,960416,8219328,0,1629385,0,1627571,157,5934971,157,5738147,2141,1302,11802,7916354,7380783,733,732,291
1786398992130,3904720,545968,525936,977600,8219328,0,1634035,0,1632221,157,5942758,157,5745935,2141,1302,11802,7943362,7407791,733,732,292
1786398992634,3904720,569072,521744,951088,8219328,0,1635512,0,1633699,165,5962899,165,5766076,2141,1302,11802,7982210,7446639,733,732,293
1786398993140,3904720,569072,521744,951088,8219328,0,1635512,0,1633699,165,5962899,165,5766076,2141,1302,11802,7982210,7446639,733,732,293
1786398993651,3904720,536272,529392,990896,8219328,0,1639291,0,1637478,165,5991660,165,5794598,2141,1302,11802,8045058,7509487,733,732,295
1786398994156,3904720,536272,529776,990896,8219328,0,1639291,0,1637478,165,5991660,165,5794598,2141,1302,11802,8045058,7509487,733,732,295
1786398994658,3904720,574288,528032,951536,8219328,0,1645774,0,1643961,153,6001285,153,5804057,2141,1302,11802,8081026,7545455,733,732,297
1786398995159,3904720,548960,530672,979328,8219328,0,1647248,0,1645435,153,6018871,153,5821385,2141,1302,11802,8111042,7575471,733,732,298
1786398995664,3904720,548720,530848,979744,8219328,0,1647248,0,1645435,153,6018871,153,5821385,2141,1302,11802,8111042,7575471,733,732,298
1786398996169,3904720,559152,530992,969232,8219328,0,1653734,0,1651921,153,6047444,153,5849683,2141,1302,11802,8176962,7641391,733,732,300
1786398996680,3904720,558992,531344,969744,8219328,0,1653734,0,1651921,161,6047444,161,5849683,2141,1302,11802,8176962,7641391,733,732,300
1786398997182,3904720,578160,530976,949424,8219328,0,1658912,0,1657098,161,6054396,161,5856394,2141,1302,11802,8203970,7668335,733,732,301
1786398997689,3904720,564384,525632,959040,8219328,0,1661367,0,1659553,161,6076296,161,5878291,2141,1302,11802,8242946,7707375,733,732,302
1786398998194,3904720,564384,525632,959040,8219328,0,1661367,0,1659553,161,6076296,161,5878291,2141,1302,11802,8242946,7707375,733,732,302
1786398998706,3904720,574864,526688,949520,8219328,0,1663376,0,1661561,150,6105059,150,5907053,2141,1302,11802,8308866,7773295,733,732,304
1786398999213,3904720,574864,526688,949520,8219328,0,1663376,0,1661561,150,6105059,150,5907053,2141,1302,11802,8308866,7773295,733,732,304
1786398999715,3904720,469488,525376,1053856,8219328,0,1663553,0,1661739,150,6109338,150,5911319,2141,1302,11802,8326786,7791215,733,732,305
1786399000225,3904720,536016,527760,989552,8219328,0,1666955,0,1665140,150,6127899,150,5929744,2141,1302,11802,8371650,7836079,733,732,306
1786399000737,3904720,536016,527760,989552,8219328,0,1666955,0,1665140,159,6127899,159,5929744,2141,1302,11802,8371650,7836079,733,732,306
1786399001240,3904720,555488,534960,977008,8219328,0,1673032,0,1671218,159,6154876,159,5956478,2141,1302,11802,8437698,7902127,733,732,309
1786399001743,3904720,555488,534960,977008,8219328,0,1673032,0,1671218,159,6154876,159,5956478,2141,1302,11802,8437698,7902127,733,732,309
1786399002245,3904720,527568,527408,997440,8219328,0,1673400,0,1671586,159,6159363,159,5960919,2141,1302,11802,8455682,7920111,733,732,309
1786399002750,3904720,563664,531744,966080,8219328,0,1679200,0,1677386,166,6175512,166,5976869,2141,1302,11802,8503682,7968111,733,732,311
1786399003266,3904720,563664,531744,966080,8219328,0,1679200,0,1677386,166,6175512,166,5976869,2141,1302,11802,8503682,7968111,733,732,311
1786399003774,3904720,562960,522448,956880,8219328,0,1687271,0,1685452,166,6195281,166,5996504,2141,1302,11802,8569474,8033903,733,732,313
1786399004284,3904720,562352,522944,957984,8219328,0,1687271,0,1685452,166,6195281,166,5996504,2141,1302,11802,8569474,8033903,733,732,313
1786399004785,3904720,556992,524544,965248,8219328,0,1687662,0,1685842,154,6199962,154,6001170,2141,1302,11802,8587394,8051823,733,732,314
1786399005296,3904720,570704,523280,950000,8219328,0,1690265,0,1688445,154,6220708,154,6021623,2141,1302,11802,8635266,8099695,733,732,316
1786399005799,3904720,570704,523280,950000,8219328,0,1690265,0,1688445,154,6220708,154,6021623,2141,1302,11802,8635266,8099695,733,732,316
1786399006304,3904720,566864,515840,946736,8219328,0,1691886,0,1690063,154,6247472,154,6048201,2141,1302,11802,8700802,8165231,733,732,318
1786399006813,3904720,566864,515840,946736,8219328,0,1691886,0,1690063,163,6247472,163,6048201,2141,1302,11802,8700802,8165231,733,732,318
1786399007316,3904720,523856,519056,993248,8219328,0,1692239,0,1690416,163,6252678,163,6053400,2141,1302,11802,8718722,8183151,733,732,318
1786399007823,3904720,574432,517120,940480,8219328,0,1696894,0,1695071,163,6268143,163,6068616,2141,1302,11802,8766466,8230895,733,732,320
1786399008325,3904720,574432,517120,940480,8219328,0,1696894,0,1695071,151,6268143,151,6068616,2141,1302,11802,8766466,8230895,733,732,320
1786399008835,3904720,534368,518720,981744,8219328,0,1698175,0,1696351,151,6293830,151,6094169,2141,1302,11802,8829186,8293615,733,732,322
1786399009345,3904720,534368,518720,981744,8219328,0,1698175,0,1696351,151,6293830,151,6094169,2141,1302,11802,8829186,8293615,733,732,322
1786399009849,3904720,521328,519456,995632,8219328,0,1700631,0,1698807,151,6299615,151,6099948,2141,1302,11802,8847106,8311535,733,732,323
1786399010353,3904720,539648,517984,975872,8219328,0,1702143,0,1700319,160,6325328,160,6125450,2141,1302,11802,8894850,8359279,733,732,324
1786399010855,3904720,539648,517984,975872,8219328,0,1702143,0,1700319,160,6325328,160,6125450,2141,1302,11802,8894850,8359279,733,732,324
1786399011359,3904720,535952,512256,974384,8219328,0,1709087,0,1707262,160,6348649,160,6148695,2141,1302,11802,8960258,8424687,733,732,327
1786399011865,3904720,535952,512256,974384,8219328,0,1709087,0,1707262,160,6348649,160,6148695,2141,1302,11802,8960258,8424687,733,732,327
1786399012366,3904720,583136,524896,940000,8219328,0,1709876,0,1708051,149,6356263,149,6156309,2141,1302,11802,8978178,8442607,733,732,327
1786399012870,3904720,549200,518272,967088,8219328,0,1711817,0,1709992,149,6383613,149,6183659,2141,1302,11802,9025986,8490415,733,732,329
1786399013375,3904720,549200,518272,967088,8219328,0,1711817,0,1709992,149,6383613,149,6183659,2141,1302,11802,9025986,8490415,733,732,329
1786399013883,3904720,554464,518944,962672,8219328,0,1719710,0,1717885,149,6406234,149,6206171,2141,1302,11802,9091586,8556015,733,732,331
1786399014386,3904720,555232,519904,962064,8219328,0,1719710,0,1717885,158,6406234,158,6206171,2141,1302,11802,9091586,8556015,733,732,331
1786399014889,3904720,545536,519088,971248,8219328,0,1719943,0,1718119,158,6412416,158,6212283,2141,1302,11802,9100546,8564975,733,732,331
1786399015392,3904720,561712,519904,955888,8219328,0,1721683,0,1719858,158,6447503,158,6247111,2141,1302,11802,9157250,8621679,733,732,333
1786399015896,3904720,561712,519904,955904,8219328,0,1721683,0,1719858,158,6447503,158,6247111,2141,1302,11802,9157250,8621679,733,732,333
1786399016408,3904720,521632,521408,997424,8219328,0,1728685,0,1726861,184,6475864,184,6275181,2141,1302,11802,9219970,8684399,733,732,335
1786399016918,3904720,569872,521520,949296,8219328,0,1730075,0,1728250,184,6475864,184,6275181,2141,1302,11802,9222978,8687407,733,732,335
1786399017421,3904720,569872,521520,949296,8219328,0,1730075,0,1728250,184,6475864,184,6275181,2141,1302,11802,9222978,8687407,733,732,335
1786399017932,3904720,570272,515664,943040,8219328,0,1733898,0,1732074,184,6509982,184,6309293,2141,1302,11802,9288642,8753071,733,732,338
1786399018439,3904720,570272,515664,943040,8219328,0,1733898,0,1732074,168,6509982,168,6309293,2141,1302,11802,9288642,8753071,733,732,338
1786399018946,3904720,525632,515776,987696,8219328,0,1735243,0,1733419,168,6539078,168,6338112,2141,1302,11802,9351170,8815599,733,732,340
1786399019452,3904720,573632,516608,940528,8219328,0,1735931,0,1734107,168,6539078,168,6338112,2141,1302,11802,9354114,8818543,733,732,340
1786399019957,3904720,573632,516608,940528,8219328,0,1735931,0,1734107,168,6539078,168,6338112,2141,1302,11802,9354114,8818543,733,732,340
1786399020468,3904720,535760,519568,981904,8219328,0,1738211,0,1736384,174,6559677,174,6358599,2141,1302,11802,9416834,8881263,733,732,342
1786399020979,3904720,535760,519568,981904,8219328,0,1738211,0,1736384,174,6559677,174,6358599,2141,1302,11802,9416834,8881263,733,732,342
1786399021480,3904720,525360,516688,990032,8219328,0,1742646,0,1740819,174,6580452,174,6379143,2141,1302,11802,9481986,8946351,733,732,344
1786399021991,3904720,539040,517744,976400,8219328,0,1742880,0,1741053,174,6580452,174,6379143,2141,1302,11802,9482498,8946927,733,732,344
1786399022498,3904720,539712,517936,975632,8219328,0,1742880,0,1741053,161,6580452,161,6379143,2141,1302,11802,9482498,8946927,733,732,344
1786399023001,3904720,536000,510160,971792,8219328,0,1745397,0,1743568,161,6616060,161,6414745,2141,1302,11802,9548034,9012463,733,732,347
1786399023511,3904720,536112,509904,971424,8219328,0,1745397,0,1743568,161,6616060,161,6414745,2141,1302,11802,9548034,9012463,733,732,347
1786399024016,3904720,492272,510496,1016016,8219328,0,1746673,0,1744844,161,6646100,161,6444412,2141,1302,11802,9610562,9074991,733,732,349
1786399024518,3904720,540512,510992,967888,8219328,0,1747146,0,1745317,186,6646100,186,6444412,2141,1302,11802,9613570,9077999,733,732,349
1786399025652,3904720,540512,510992,967888,8219328,0,1747146,0,1745317,186,6646100,186,6444412,2141,1302,11802,9613570,9077999,733,732,349
1786399026153,3904720,547808,511008,960608,8219328,0,1749633,0,1747804,186,6673660,186,6471971,2141,1302,11802,9679298,9143727,733,732,351
1786399026663,3904720,547472,510960,961280,8219328,0,1749633,0,1747804,170,6673660,170,6471971,2141,1302,11802,9679298,9143727,733,732,351
1786399027167,3904720,559664,519232,957344,8219328,0,1751647,0,1749818,170,6705810,170,6503570,2141,1302,11802,9744834,9209263,733,732,354
1786399027668,3904720,559472,519312,957744,8219328,0,1751647,0,1749818,170,6705810,170,6503570,2141,1302,11802,9744834,9209263,733,732,354
1786399028169,3904720,469424,518016,1046112,8219328,0,1752825,0,1750996,170,6722361,170,6520095,2141,1302,11802,9780674,9245103,733,732,355
1786399028671,3904720,575680,528656,950496,8219328,0,1754033,0,1752204,194,6734619,194,6532353,2141,1302,11802,9810562,9274991,733,732,356
1786399029173,3904720,575680,528656,950496,8219328,0,1754033,0,1752204,194,6734619,194,6532353,2141,1302,11802,9810562,9274991,733,732,356
1786399029678,3904720,538320,529664,989920,8219328,0,1759210,0,1757381,194,6754052,194,6551750,2141,1302,11802,9873474,9337903,733,732,359
1786399030181,3904720,538320,529664,989920,8219328,0,1759210,0,1757381,194,6754052,194,6551750,2141,1302,11802,9873474,9337903,733,732,359
1786399030685,3904720,500912,530192,1026848,8219328,0,1761761,0,1759932,158,6800846,158,6598124,2141,1302,11802,9936386,9400815,733,732,361
1786399031191,3904720,549152,530304,978720,8219328,0,1763156,0,1761327,158,6800846,158,6598124,2141,1302,11802,9939394,9403823,733,732,361
1786399031695,3904720,549152,530304,978720,8219328,0,1763156,0,1761327,158,6800846,158,6598124,2141,1302,11802,9939394,9403823,733,732,361
1786399032206,3904720,556592,525632,966992,8219328,0,1765595,0,1763766,158,6817292,158,6614500,2141,1302,11802,10005442,9469871,733,732,364
1786399032707,3904720,556592,525632,966992,8219328,0,1765595,0,1763766,184,6817292,184,6614500,2141,1302,11802,10005442,9469871,733,732,364
1786399033213,3904720,518544,528352,1007216,8219328,0,1767411,0,1765577,184,6842250,184,6639445,2141,1302,11802,10068162,9532591,733,732,366
1786399033715,3918032,566784,528400,959088,8219328,0,1768126,0,1766292,184,6842250,184,6639445,2141,1302,11802,10071170,9535599,733,732,366
1786399034219,4949120,1373440,1466656,1091664,8219328,0,1768126,0,1766292,184,6843184,184,6640378,2141,1302,11802,10071170,9535599,733,732,366
1786399034721,4968576,1387728,1481520,1092240,8219328,0,1768126,0,1766292,169,6843363,169,6640557,2141,1302,11802,10071170,9535599,733,732,366
1786399035231,5055264,1480080,1573872,1092240,8219328,0,1768126,0,1766292,169,6843363,169,6640557,2141,1302,11802,10071170,9535599,733,732,366
1786399035734,5055264,1480448,1574240,1092240,8219328,0,1768126,0,1766292,169,6843363,169,6640557,2141,1302,11802,10071170,9535599,733,732,366
1786399036243,5055264,1480448,1574240,1092240,8219328,0,1768126,0,1766292,169,6843363,169,6640557,2141,1302,11802,10071170,9535599,733,732,366
1786399036746,5055264,1480448,1574240,1092240,8219328,0,1768126,0,1766292,138,6843363,138,6640557,2141,1302,11802,10071170,9535599,733,732,366
1786399037254,5055264,1480448,1574240,1092240,8219328,0,1768126,0,1766292,138,6843363,138,6640557,2141,1302,11802,10071170,9535599,733,732,366
1786399037766,5055264,1480448,1574240,1092240,8219328,0,1768126,0,1766292,138,6843363,138,6640557,2141,1302,11802,10071170,9535599,733,732,366
1786399038274,5055264,1480448,1574240,1092240,8219328,0,1768126,0,1766292,138,6843363,138,6640557,2141,1302,11802,10071170,9535599,733,732,366
1786399038785,5055264,1480448,1574240,1092240,8219328,0,1768126,0,1766292,112,6843363,112,6640557,2141,1302,11802,10071170,9535599,733,732,366
1786399039286,5055264,1480448,1574240,1092240,8219328,0,1768126,0,1766292,112,6843363,112,6640557,2141,1302,11802,10071170,9535599,733,732,366
1786399039798,5055264,1480448,1574240,1092240,8219328,0,1768126,0,1766292,112,6843363,112,6640557,2141,1302,11802,10071170,9535599,733,732,366
1786399040302,5055264,1480448,1574240,1092240,8219328,0,1768126,0,1766292,112,6843363,112,6640557,2141,1302,11802,10071170,9535599,733,732,366
1786399040810,5055264,1480448,1574240,1092240,8219328,0,1768126,0,1766292,92,6843363,92,6640557,2141,1302,11802,10071170,9535599,733,732,366
1786399041321,5055264,1480448,1574240,1092240,8219328,0,1768126,0,1766292,92,6843363,92,6640557,2141,1302,11802,10071170,9535599,733,732,366
1786399041831,5055264,1480448,1574240,1092240,8219328,0,1768126,0,1766292,92,6843363,92,6640557,2141,1302,11802,10071170,9535599,733,732,366
1786399042334,5055264,1480448,1574240,1092240,8219328,0,1768126,0,1766292,75,6843363,75,6640557,2141,1302,11802,10071170,9535599,733,732,366
1786399042837,5055264,1480448,1574240,1092240,8219328,0,1768126,0,1766292,75,6843363,75,6640557,2141,1302,11802,10071170,9535599,733,732,366
1786399043338,5055264,1480448,1574240,1092240,8219328,0,1768126,0,1766292,75,6843363,75,6640557,2141,1302,11802,10071170,9535599,733,732,366
1786399043845,5055264,1480448,1574240,1092240,8219328,0,1768126,0,1766292,75,6843363,75,6640557,2141,1302,11802,10071170,9535599,733,732,366
1786399044354,5055264,1480448,1574240,1092240,8219328,0,1768126,0,1766292,62,6843363,62,6640557,2141,1302,11802,10071170,9535599,733,732,366
1786399044859,5055264,1480448,1574240,1092240,8219328,0,1768126,0,1766292,62,6843363,62,6640557,2141,1302,11802,10071170,9535599,733,732,366
1786399045368,5055264,1480448,1574240,1092240,8219328,0,1768126,0,1766292,62,6843363,62,6640557,2141,1302,11802,10071170,9535599,733,732,366
1786399045871,5055264,1480208,1574000,1092240,8219328,0,1768126,0,1766292,62,6843363,62,6640557,2141,1302,11802,10071170,9535599,733,732,366
1786399046382,5055264,1480208,1574000,1092240,8219328,0,1768126,0,1766292,50,6843363,50,6640557,2141,1302,11802,10071170,9535599,733,732,366
1786399046883,5055264,1480208,1574000,1092240,8219328,0,1768126,0,1766292,50,6843363,50,6640557,2141,1302,11802,10071170,9535599,733,732,366
1786399047386,5055264,1480208,1574000,1092240,8219328,0,1768126,0,1766292,50,6843363,50,6640557,2141,1302,11802,10071170,9535599,733,732,366
1786399047893,5055264,1480208,1574000,1092240,8219328,0,1768126,0,1766292,50,6843363,50,6640557,2141,1302,11802,10071170,9535599,733,732,366
1786399048400,5055264,1479968,1573760,1092240,8219328,0,1768126,0,1766292,41,6843363,41,6640557,2141,1302,11802,10071170,9535599,733,732,366
1786399048906,5055264,1479968,1573760,1092240,8219328,0,1768126,0,1766292,41,6843363,41,6640557,2141,1302,11802,10071170,9535599,733,732,366
1786399049411,5055264,1479968,1573760,1092240,8219328,0,1768126,0,1766292,41,6843363,41,6640557,2141,1302,11802,10071170,9535599,733,732,366
1786399049919,5055264,1479968,1573760,1092240,8219328,0,1768126,0,1766292,41,6843363,41,6640557,2141,1302,11802,10071170,9535599,733,732,366
1786399050423,5055264,1479968,1573760,1092240,8219328,0,1768126,0,1766292,34,6843363,34,6640557,2141,1302,11802,10071170,9535599,733,732,366
1786399050934,5055264,1479968,1573760,1092240,8219328,0,1768126,0,1766292,34,6843363,34,6640557,2141,1302,11802,10071170,9535599,733,732,366
1786399051436,5055264,1479968,1573760,1092240,8219328,0,1768126,0,1766292,34,6843363,34,6640557,2141,1302,11802,10071170,9535599,733,732,366
1786399051944,5055264,1479728,1573520,1092240,8219328,0,1768126,0,1766292,34,6843363,34,6640557,2141,1302,11802,10071170,9535599,733,732,366
1786399052455,5055264,1479728,1573520,1092240,8219328,0,1768126,0,1766292,27,6843363,27,6640557,2141,1302,11802,10071170,9535599,733,732,366
1786399052962,5055264,1479728,1573520,1092240,8219328,0,1768126,0,1766292,27,6843363,27,6640557,2141,1302,11802,10071170,9535599,733,732,366
1786399053469,5055264,1479728,1573520,1092240,8219328,0,1768126,0,1766292,27,6843363,27,6640557,2141,1302,11802,10071170,9535599,733,732,366
1786399053980,5055264,1478944,1572736,1092240,8219328,0,1768126,0,1766292,27,6843363,27,6640557,2141,1302,11802,10071170,9535599,733,732,366
1786399054489,5055264,1478768,1572560,1092240,8219328,0,1768126,0,1766292,22,6843363,22,6640557,2141,1302,11802,10071170,9535599,733,732,366
1786399054991,5055264,1478768,1572560,1092240,8219328,0,1768126,0,1766292,22,6843363,22,6640557,2141,1302,11802,10071170,9535599,733,732,366
1786399055493,5055264,1478768,1572560,1092240,8219328,0,1768126,0,1766292,22,6843363,22,6640557,2141,1302,11802,10071170,9535599,733,732,366
1786399055995,5055264,1478768,1572560,1092240,8219328,0,1768126,0,1766292,22,6843363,22,6640557,2141,1302,11802,10071170,9535599,733,732,366
1786399056507,5055264,1478768,1572560,1092240,8219328,0,1768126,0,1766292,18,6843363,18,6640557,2141,1302,11802,10071170,9535599,733,732,366
1786399057010,5055264,1478768,1572560,1092240,8219328,0,1768126,0,1766292,18,6843363,18,6640557,2141,1302,11802,10071170,9535599,733,732,366
1786399057513,5055264,1478288,1572864,1093088,8219856,0,1768128,0,1766294,18,6843780,18,6640956,2178,1335,11802,10071170,9535599,733,732,366
1786399058021,5055264,1477568,1573040,1094016,8219936,0,1768128,0,1766294,18,6847650,18,6644775,2186,1340,11802,10071170,9535599,733,732,366
1786399058524,5055264,1477328,1574896,1096016,8220160,0,1768142,0,1766308,15,6849488,15,6646508,2204,1353,11802,10071170,9535599,733,732,366
1786399059035,5055264,1473728,1573776,1098624,8220160,0,1768142,0,1766308,15,6849625,15,6646645,2205,1353,11802,10071170,9535599,733,732,366
1786399059539,5055264,1473728,1573776,1098624,8220160,0,1768142,0,1766308,15,6849625,15,6646645,2205,1353,11802,10071170,9535599,733,732,366
1786399060049,5055264,1473728,1573776,1098624,8220160,0,1768142,0,1766308,15,6849625,15,6646645,2205,1353,11802,10071170,9535599,733,732,366
1786399060556,5055264,1473488,1573664,1098624,8220160,0,1768142,0,1766308,12,6849625,12,6646645,2205,1353,11802,10071170,9535599,733,732,366
1786399061067,5055264,1473488,1573664,1098624,8220160,0,1768142,0,1766308,12,6849625,12,6646645,2205,1353,11802,10071170,9535599,733,732,366
1786399061572,5055264,1473488,1573664,1098624,8220160,0,1768142,0,1766308,12,6849625,12,6646645,2205,1353,11802,10071170,9535599,733,732,366
1786399062084,5055264,1473488,1573664,1098624,8220160,0,1768142,0,1766308,12,6849625,12,6646645,2205,1353,11802,10071170,9535599,733,732,366
1786399062588,5055264,1473488,1573664,1098624,8220160,0,1768142,0,1766308,10,6849625,10,6646645,2205,1353,11802,10071170,9535599,733,732,366
1786399063090,5055264,1473488,1573664,1098624,8220160,0,1768142,0,1766308,10,6849625,10,6646645,2205,1353,11802,10071170,9535599,733,732,366
1786399063592,5055264,1473488,1573664,1098624,8220160,0,1768142,0,1766308,10,6849625,10,6646645,2205,1353,11802,10071170,9535599,733,732,366
1786399064101,5055264,1473488,1573664,1098624,8220160,0,1768142,0,1766308,10,6849625,10,6646645,2205,1353,11802,10071170,9535599,733,732,366
1786399064604,5055264,1473488,1573664,1098624,8220160,0,1768142,0,1766308,8,6849625,8,6646645,2205,1353,11802,10071170,9535599,733,732,366
1786399065115,5055264,1473488,1573664,1098624,8220160,0,1768142,0,1766308,8,6849625,8,6646645,2205,1353,11802,10071170,9535599,733,732,366
1786399065621,5055264,1473248,1573424,1098624,8220160,0,1768142,0,1766308,8,6849625,8,6646645,2205,1353,11802,10071170,9535599,733,732,366
1786399066130,5055264,1473248,1573424,1098624,8220160,0,1768142,0,1766308,8,6849625,8,6646645,2205,1353,11802,10071170,9535599,733,732,366
1786399066642,5055264,1473248,1573424,1098624,8220160,0,1768142,0,1766308,6,6849625,6,6646645,2205,1353,11802,10071170,9535599,733,732,366
1786399067145,5055264,1473248,1573424,1098624,8220160,0,1768142,0,1766308,6,6849625,6,6646645,2205,1353,11802,10071170,9535599,733,732,366
1786399067649,5055264,1473248,1573424,1098624,8220160,0,1768142,0,1766308,6,6849625,6,6646645,2205,1353,11802,10071170,9535599,733,732,366
1786399068160,5055264,1473248,1573424,1098624,8220160,0,1768142,0,1766308,6,6849625,6,6646645,2205,1353,11802,10071170,9535599,733,732,366
1786399068663,5055264,1473248,1573424,1098624,8220160,0,1768142,0,1766308,5,6849625,5,6646645,2205,1353,11802,10071170,9535599,733,732,366
1786399069171,5055264,1473248,1573424,1098624,8220160,0,1768142,0,1766308,5,6849625,5,6646645,2205,1353,11802,10071170,9535599,733,732,366
1786399069675,5055264,1473248,1573424,1098624,8220160,0,1768142,0,1766308,5,6849625,5,6646645,2205,1353,11802,10071170,9535599,733,732,366
1786399070187,5055264,1473248,1573424,1098624,8220160,0,1768142,0,1766308,5,6849625,5,6646645,2205,1353,11802,10071170,9535599,733,732,366
1786399070692,5055264,1473248,1573424,1098624,8220160,0,1768142,0,1766308,4,6849625,4,6646645,2205,1353,11802,10071170,9535599,733,732,366
1786399071194,5055264,1473008,1573184,1098624,8220160,0,1768142,0,1766308,4,6849625,4,6646645,2205,1353,11802,10071170,9535599,733,732,366
1786399071696,5055264,1472768,1577424,1103184,8221360,0,1769581,0,1767695,4,6859091,4,6655934,2254,1385,11802,10071170,9535599,733,732,366
1786399072204,5055264,1472768,1577424,1103184,8221360,0,1769581,0,1767695,4,6859091,4,6655934,2254,1385,11802,10071170,9535599,733,732,366
1786399072717,5055264,1472768,1577952,1103712,8221360,0,1769581,0,1767695,3,6859091,3,6655934,2254,1385,11802,10071170,9535599,733,732,366
1786399073228,5055264,1472768,1577984,1103712,8221376,0,1769581,0,1767695,3,6859091,3,6655934,2255,1386,11802,10071170,9535599,733,732,366
1786399073740,5055264,1472768,1577984,1103712,8221376,0,1769581,0,1767695,3,6859091,3,6655934,2255,1386,11802,10071170,9535599,733,732,366
1786399074250,5055264,1472768,1577984,1103712,8221376,0,1769581,0,1767695,3,6859091,3,6655934,2255,1386,11802,10071170,9535599,733,732,366
1786399074752,5055264,1471984,1577200,1103712,8221376,0,1769581,0,1767695,3,6859091,3,6655934,2255,1386,11802,10071170,9535599,733,732,366
1786399075262,5055264,1471808,1577088,1103712,8221376,0,1769581,0,1767695,3,6859091,3,6655934,2255,1386,11802,10071170,9535599,733,732,366
1786399075768,5055264,1471808,1577088,1103728,8221376,0,1769581,0,1767695,3,6859091,3,6655934,2255,1386,11802,10071170,9535599,733,732,366
1786399076279,5055264,1471808,1577088,1103728,8221376,0,1769581,0,1767695,3,6859091,3,6655934,2255,1386,11802,10071170,9535599,733,732,366
1786399076783,5055264,1471808,1577088,1103728,8221376,0,1769581,0,1767695,2,6859091,2,6655934,2255,1386,11802,10071170,9535599,733,732,366
1786399077286,5055264,1471808,1577088,1103728,8221376,0,1769581,0,1767695,2,6859091,2,6655934,2255,1386,11802,10071170,9535599,733,732,366
1786399077796,5055264,1471808,1577088,1103728,8221376,0,1769581,0,1767695,2,6859091,2,6655934,2255,1386,11802,10071170,9535599,733,732,366
1786399078309,5055264,1471808,1577088,1103728,8221376,0,1769581,0,1767695,2,6859091,2,6655934,2255,1386,11802,10071170,9535599,733,732,366
1786399078815,5055264,1471808,1577088,1103728,8221376,0,1769581,0,1767695,1,6859091,1,6655934,2255,1386,11802,10071170,9535599,733,732,366
1786399079320,5055264,1471808,1577088,1103728,8221376,0,1769581,0,1767695,1,6859091,1,6655934,2255,1386,11802,10071170,9535599,733,732,366
1786399079825,5055264,1471808,1577088,1103728,8221376,0,1769581,0,1767695,1,6859091,1,6655934,2255,1386,11802,10071170,9535599,733,732,366
1786399080334,5055264,1471808,1577088,1103728,8221376,0,1769581,0,1767695,1,6859091,1,6655934,2255,1386,11802,10071170,9535599,733,732,366
1786399080838,5055264,1471808,1577088,1103728,8221376,0,1769581,0,1767695,1,6859091,1,6655934,2255,1386,11802,10071170,9535599,733,732,366
1786399081351,5055264,1471808,1577088,1103728,8221376,0,1769581,0,1767695,1,6859091,1,6655934,2255,1386,11802,10071170,9535599,733,732,366
1786399081858,5055264,1471808,1577088,1103728,8221376,0,1769581,0,1767695,1,6859091,1,6655934,2255,1386,11802,10071170,9535599,733,732,366
1786399082367,5055264,1471808,1577088,1103728,8221376,0,1769581,0,1767695,1,6859091,1,6655934,2255,1386,11802,10071170,9535599,733,732,366
1786399082873,5055264,1471808,1577088,1103728,8221376,0,1769581,0,1767695,1,6859091,1,6655934,2255,1386,11802,10071170,9535599,733,732,366
1786399083384,5055264,1471808,1577088,1103728,8221376,0,1769581,0,1767695,1,6859091,1,6655934,2255,1386,11802,10071170,9535599,733,732,366
1786399083887,5055264,1471808,1577088,1103728,8221376,0,1769581,0,1767695,1,6859091,1,6655934,2255,1386,11802,10071170,9535599,733,732,366
1786399084390,5055264,1471808,1577088,1103728,8221376,0,1769581,0,1767695,1,6859091,1,6655934,2255,1386,11802,10071170,9535599,733,732,366
1786399084903,5055264,1471808,1577088,1103728,8221376,0,1769581,0,1767695,1,6859091,1,6655934,2255,1386,11802,10071170,9535599,733,732,366
1786399085414,5055264,1470608,1575888,1103728,8221376,0,1769581,0,1767695,1,6859091,1,6655934,2255,1386,11802,10071170,9535599,733,732,366
1786399085919,5055264,1470608,1575888,1103728,8221376,0,1769581,0,1767695,1,6859091,1,6655934,2255,1386,11802,10071170,9535599,733,732,366
1786399086430,5055264,1470608,1575888,1103728,8221376,0,1769581,0,1767695,0,6859091,0,6655934,2255,1386,11802,10071170,9535599,733,732,366
1786399086941,5055264,1470608,1575888,1103728,8221376,0,1769581,0,1767695,0,6859091,0,6655934,2255,1386,11802,10071170,9535599,733,732,366
1786399087444,5055264,1470608,1575888,1103728,8221376,0,1769581,0,1767695,0,6859091,0,6655934,2255,1386,11802,10071170,9535599,733,732,366
1786399087949,5055264,1470608,1575888,1103728,8221376,0,1769581,0,1767695,0,6859091,0,6655934,2255,1386,11802,10071170,9535599,733,732,366
1786399088461,5055264,1470608,1575888,1103728,8221376,0,1769581,0,1767695,0,6859091,0,6655934,2255,1386,11802,10071170,9535599,733,732,366
1786399088971,5055264,1470608,1575888,1103728,8221376,0,1769581,0,1767695,0,6859091,0,6655934,2255,1386,11802,10071170,9535599,733,732,366
1786399089478,5055264,1470608,1575888,1103728,8221376,0,1769581,0,1767695,0,6859091,0,6655934,2255,1386,11802,10071170,9535599,733,732,366
1786399089986,5055264,1470128,1575408,1103728,8221376,0,1769581,0,1767695,0,6859091,0,6655934,2255,1386,11802,10071170,9535599,733,732,366
1786399090491,5055264,1470128,1575408,1103728,8221376,0,1769581,0,1767695,0,6859091,0,6655934,2255,1386,11802,10071170,9535599,733,732,366
1786399090993,5055264,1469888,1575168,1103728,8221376,0,1769581,0,1767695,0,6859091,0,6655934,2255,1386,11802,10071170,9535599,733,732,366
1786399091503,5055264,1469888,1575168,1103728,8221376,0,1769581,0,1767695,0,6859091,0,6655934,2255,1386,11802,10071170,9535599,733,732,366
1786399092007,5055264,1469888,1575168,1103728,8221376,0,1769581,0,1767695,0,6859091,0,6655934,2255,1386,11802,10071170,9535599,733,732,366
1786399092518,5055264,1469888,1575168,1103728,8221376,0,1769581,0,1767695,0,6859091,0,6655934,2255,1386,11802,10071170,9535599,733,732,366
1786399093021,5055264,1443488,1576960,1133056,8227456,0,1770518,0,1768571,0,6877231,0,6673017,2685,1767,11802,10071170,9535599,733,732,366
1786399093521,5055264,2360048,1899184,174336,8233792,0,1770803,0,1768719,0,7009544,0,6799776,3162,2161,11802,10071170,9535599,733,732,366
1786399094031,5055264,2107600,1783152,447952,8233872,0,1770803,0,1768719,0,7048696,0,6838821,3167,2166,11802,10071170,9535599,733,732,366
1786399094536,4848496,1692688,1504112,716928,8233872,0,1770803,0,1768719,199,7087483,199,6877330,3167,2166,11802,10071170,9535599,733,732,366
1786399095047,4848496,1415680,1414096,995632,8233872,0,1770803,0,1768719,199,7088010,199,6877858,3167,2166,11802,10071170,9535599,733,732,366
1786399095551,5009616,1326832,1502672,1175008,8233872,0,1770803,0,1768719,199,7128557,199,6918109,3168,2166,11802,10071170,9535599,733,732,366
1786399096052,5009616,656496,380064,542512,8233872,0,1845595,0,1843495,199,7266102,199,7055594,3171,2166,11802,10109378,9573807,2293,2280,367
1786399096559,6238592,2553936,2730656,1177072,8233904,72,1866944,72,1864835,326,7279733,308,7069044,3177,2168,11802,10109378,9573807,2378,2365,367
1786399097069,6238592,2553936,2730656,1177072,8233904,72,1866944,72,1864835,326,7279733,308,7069044,3177,2168,11802,10109378,9573807,2378,2365,367
1786399097570,6238592,2553936,2730656,1177072,8233904,72,1866944,72,1864835,326,7279733,308,7069044,3177,2168,11802,10109378,9573807,2378,2365,367
1786399098071,6238592,2553696,2730848,1177072,8233904,72,1866944,72,1864835,326,7279733,308,7069044,3177,2168,11802,10109378,9573807,2378,2365,367
1786399098583,5976448,2369616,2547792,1177072,8233904,59,1866944,59,1864835,267,7279733,252,7069044,3177,2168,11802,10109378,9573807,2378,2365,367
1786399099091,5976448,2369616,2547792,1177072,8233904,59,1866944,59,1864835,267,7279733,252,7069044,3177,2168,11802,10109378,9573807,2378,2365,367
1786399099602,5976448,2369616,2547792,1177072,8233904,59,1866944,59,1864835,267,7279733,252,7069044,3177,2168,11802,10109378,9573807,2378,2365,367
1786399100109,5976448,2369616,2547792,1177072,8233904,59,1866944,59,1864835,267,7279733,252,7069044,3177,2168,11802,10109378,9573807,2378,2365,367
1786399100610,5714304,2108496,2287696,1177072,8233904,48,1866944,48,1864835,218,7279733,206,7069044,3177,2168,11802,10109378,9573807,2378,2365,367
1786399101112,5714304,2108256,2287456,1177072,8233904,48,1866944,48,1864835,218,7279733,206,7069044,3177,2168,11802,10109378,9573807,2378,2365,367
1786399101614,5714304,2108256,2287456,1177072,8233904,48,1866944,48,1864835,218,7279733,206,7069044,3177,2168,11802,10109378,9573807,2378,2365,367
1786399102117,5714304,2108256,2287456,1177072,8233904,48,1866944,48,1864835,218,7279733,206,7069044,3177,2168,11802,10109378,9573807,2378,2365,367
1786399102624,5452160,1860096,2039328,1177072,8233904,39,1866944,39,1864835,179,7279733,169,7069044,3177,2168,11802,10109378,9573807,2378,2365,367
1786399103127,5452160,1860096,2039328,1177072,8233904,39,1866944,39,1864835,179,7279733,169,7069044,3177,2168,11802,10109378,9573807,2378,2365,367
1786399103646,5452160,1860096,2039328,1177072,8233904,39,1866944,39,1864835,179,7279733,169,7069044,3177,2168,11802,10109378,9573807,2378,2365,367
1786399104149,5452160,1860096,2039328,1177072,8233904,39,1866944,39,1864835,179,7279733,169,7069044,3177,2168,11802,10109378,9573807,2378,2365,367
1786399104654,5190016,1598976,1778208,1177072,8233904,32,1866944,32,1864835,146,7279733,138,7069044,3177,2168,11802,10109378,9573807,2378,2365,367
1786399105155,5190016,1598976,1778208,1177072,8233904,32,1866944,32,1864835,146,7279733,138,7069044,3177,2168,11802,10109378,9573807,2378,2365,367
1786399105657,5190016,1598736,1777968,1177072,8233904,32,1866944,32,1864835,146,7279733,138,7069044,3177,2168,11802,10109378,9573807,2378,2365,367
1786399106167,5188992,1591632,1770864,1177072,8233904,32,1866944,32,1864835,146,7279733,138,7069044,3177,2168,11802,10109378,9573807,2378,2365,367
1786399106668,4984912,1391376,1570608,1177072,8233904,26,1866944,26,1864835,120,7279733,112,7069044,3177,2168,11802,10109378,9573807,2378,2365,367
1786399107175,4984912,1391376,1570608,1177072,8233904,26,1866944,26,1864835,120,7279733,112,7069044,3177,2168,11802,10109378,9573807,2378,2365,367
1786399107685,4984912,1391376,1570608,1177072,8233904,26,1866944,26,1864835,120,7279733,112,7069044,3177,2168,11802,10109378,9573807,2378,2365,367
1786399108188,4984912,1383696,1562928,1177072,8233904,26,1866944,26,1864835,120,7279733,112,7069044,3177,2168,11802,10109378,9573807,2378,2365,367
1786399108695,4984912,1383696,1562928,1177072,8233904,21,1866944,21,1864835,98,7279733,92,7069044,3177,2168,11802,10109378,9573807,2378,2365,367
1786399109197,4984912,1383696,1562928,1177072,8233904,21,1866944,21,1864835,98,7279733,92,7069044,3177,2168,11802,10109378,9573807,2378,2365,367
1786399109701,4984912,1383696,1562928,1177072,8233904,21,1866944,21,1864835,98,7279733,92,7069044,3177,2168,11802,10109378,9573807,2378,2365,367
1786399110204,4984912,1383696,1562928,1177072,8233904,21,1866944,21,1864835,98,7279733,92,7069044,3177,2168,11802,10109378,9573807,2378,2365,367
1786399110711,4984912,1383456,1562688,1177072,8233904,17,1866944,17,1864835,80,7279733,76,7069044,3177,2168,11802,10109378,9573807,2378,2365,367
1786399111218,4984912,1383456,1562688,1177072,8233904,17,1866944,17,1864835,80,7279733,76,7069044,3177,2168,11802,10109378,9573807,2378,2365,367
1786399111730,4984912,1383456,1562688,1177072,8233904,17,1866944,17,1864835,80,7279733,76,7069044,3177,2168,11802,10109378,9573807,2378,2365,367
1786399112232,4984912,1383456,1562688,1177072,8233904,17,1866944,17,1864835,80,7279733,76,7069044,3177,2168,11802,10109378,9573807,2378,2365,367
1786399112743,4984912,1383216,1562448,1177072,8233904,14,1866944,14,1864835,65,7279733,62,7069044,3177,2168,11802,10109378,9573807,2378,2365,367
1786399113250,4984912,1383216,1562448,1177072,8233904,14,1866944,14,1864835,65,7279733,62,7069044,3177,2168,11802,10109378,9573807,2378,2365,367
1786399113756,4984912,1383216,1562448,1177072,8233904,14,1866944,14,1864835,65,7279733,62,7069044,3177,2168,11802,10109378,9573807,2378,2365,367
1786399114262,4984912,1383216,1562448,1177072,8233904,14,1866944,14,1864835,65,7279733,62,7069044,3177,2168,11802,10109378,9573807,2378,2365,367
1786399114771,4984912,1383216,1562448,1177072,8233904,11,1866944,11,1864835,53,7279733,50,7069044,3177,2168,11802,10109378,9573807,2378,2365,367
1786399115275,4984912,1382976,1562208,1177072,8233904,11,1866944,11,1864835,53,7279733,50,7069044,3177,2168,11802,10109378,9573807,2378,2365,367
1786399115784,4984912,1382976,1562208,1177072,8233904,11,1866944,11,1864835,53,7279733,50,7069044,3177,2168,11802,10109378,9573807,2378,2365,367
1786399116287,4984912,1382976,1562208,1177072,8233904,11,1866944,11,1864835,53,7279733,50,7069044,3177,2168,11802,10109378,9573807,2378,2365,367
1786399116793,4984912,1382976,1562208,1177072,8233904,9,1866944,9,1864835,44,7279733,41,7069044,3177,2168,11802,10109378,9573807,2378,2365,367
1786399117297,4984912,1382736,1561968,1177072,8233904,9,1866944,9,1864835,44,7279733,41,7069044,3177,2168,11802,10109378,9573807,2378,2365,367
1786399117803,4984912,1382736,1561968,1177072,8233904,9,1866944,9,1864835,44,7279733,41,7069044,3177,2168,11802,10109378,9573807,2378,2365,367
1786399118305,4984912,1382736,1561968,1177072,8233904,9,1866944,9,1864835,44,7279733,41,7069044,3177,2168,11802,10109378,9573807,2378,2365,367
1786399118808,4984912,1382736,1561968,1177072,8233904,7,1866944,7,1864835,36,7279733,34,7069044,3177,2168,11802,10109378,9573807,2378,2365,367
1786399119319,4984912,1382736,1561968,1177072,8233904,7,1866944,7,1864835,36,7279733,34,7069044,3177,2168,11802,10109378,9573807,2378,2365,367
1786399119831,4984912,1382736,1561968,1177072,8233904,7,1866944,7,1864835,36,7279733,34,7069044,3177,2168,11802,10109378,9573807,2378,2365,367
1786399120342,4984912,1382736,1561968,1177072,8233904,7,1866944,7,1864835,36,7279733,34,7069044,3177,2168,11802,10109378,9573807,2378,2365,367
1786399120852,4984912,1382736,1561968,1177072,8233904,6,1866944,6,1864835,28,7279733,27,7069044,3177,2168,11802,10109378,9573807,2378,2365,367
1786399121359,4984912,1382496,1561728,1177072,8233904,6,1866944,6,1864835,28,7279733,27,7069044,3177,2168,11802,10109378,9573807,2378,2365,367
1786399121871,4984912,1382496,1561728,1177072,8233904,6,1866944,6,1864835,28,7279733,27,7069044,3177,2168,11802,10109378,9573807,2378,2365,367
1786399122375,4984912,1382496,1561728,1177072,8233904,5,1866944,5,1864835,24,7279733,22,7069044,3177,2168,11802,10109378,9573807,2378,2365,367
1786399122885,4984912,1382496,1561728,1177072,8233904,5,1866944,5,1864835,24,7279733,22,7069044,3177,2168,11802,10109378,9573807,2378,2365,367
1786399123397,4984912,1382496,1561728,1177072,8233904,5,1866944,5,1864835,24,7279733,22,7069044,3177,2168,11802,10109378,9573807,2378,2365,367
1786399123903,4984912,1382496,1561728,1177072,8233904,5,1866944,5,1864835,24,7279733,22,7069044,3177,2168,11802,10109378,9573807,2378,2365,367
1786399124415,4984912,1381776,1561008,1177072,8233904,4,1866944,4,1864835,19,7279733,18,7069044,3177,2168,11802,10109378,9573807,2378,2365,367
1786399124918,4984912,1381776,1561008,1177072,8233904,4,1866944,4,1864835,19,7279733,18,7069044,3177,2168,11802,10109378,9573807,2378,2365,367
1786399125430,4984912,1381776,1561008,1177072,8233904,4,1866944,4,1864835,19,7279733,18,7069044,3177,2168,11802,10109378,9573807,2378,2365,367
1786399125940,4984912,1381776,1561008,1177072,8233904,4,1866944,4,1864835,19,7279733,18,7069044,3177,2168,11802,10109378,9573807,2378,2365,367
1786399126443,4984912,1381776,1561008,1177072,8233904,3,1866944,3,1864835,16,7279733,15,7069044,3177,2168,11802,10109378,9573807,2378,2365,367
1786399126954,4984912,1381776,1561008,1177152,8233904,3,1866944,3,1864835,16,7283817,15,7073097,3177,2168,11802,10109378,9573807,2378,2365,367
1786399127459,4984912,1381776,1561008,1177152,8233904,3,1866944,3,1864835,16,7284091,15,7073371,3177,2168,11802,10109378,9573807,2378,2365,367
1786399127970,4984912,1381536,1561264,1177808,8233904,3,1866944,3,1864835,16,7304284,15,7093543,3177,2168,11802,10109378,9573807,2378,2365,367
1786399128482,4984912,1381536,1561408,1177872,8233904,2,1866944,2,1864835,31,7304284,30,7093543,3177,2168,11802,10109378,9573807,2378,2365,367
1786399128985,4984912,1381536,1561408,1177872,8233904,2,1866944,2,1864835,31,7304284,30,7093543,3177,2168,11802,10109378,9573807,2378,2365,367
1786399129487,4984912,1381536,1561408,1177872,8233904,2,1866944,2,1864835,31,7304284,30,7093543,3177,2168,11802,10109378,9573807,2378,2365,367
1786399129988,4984912,1381536,1561408,1177872,8233904,2,1866944,2,1864835,31,7304284,30,7093543,3177,2168,11802,10109378,9573807,2378,2365,367
1786399130495,4984912,1381536,1561408,1177872,8233904,2,1866944,2,1864835,25,7304284,25,7093543,3177,2168,11802,10109378,9573807,2378,2365,367
1786399131000,4984912,1381536,1561408,1177872,8233904,2,1866944,2,1864835,25,7304284,25,7093543,3177,2168,11802,10109378,9573807,2378,2365,367
1786399131503,4984912,1381536,1561408,1177872,8233904,2,1866944,2,1864835,25,7304284,25,7093543,3177,2168,11802,10109378,9573807,2378,2365,367
1786399132005,4984912,1381536,1561408,1177872,8233904,2,1866944,2,1864835,25,7304284,25,7093543,3177,2168,11802,10109378,9573807,2378,2365,367
1786399132517,4984912,1381536,1561408,1177872,8233904,1,1866944,1,1864835,20,7304284,20,7093543,3177,2168,11802,10109378,9573807,2378,2365,367
1786399133022,4984912,1381536,1561408,1177872,8233904,1,1866944,1,1864835,20,7304284,20,7093543,3177,2168,11802,10109378,9573807,2378,2365,367
1786399133535,4984912,1381056,1561088,1177872,8233904,1,1866944,1,1864835,20,7304284,20,7093543,3177,2168,11802,10109378,9573807,2378,2365,367
1786399134041,4984912,1381056,1561088,1177888,8233904,1,1866944,1,1864835,20,7304284,20,7093543,3177,2168,11802,10109378,9573807,2378,2365,367
1786399134543,4984912,1381056,1561088,1177888,8233936,1,1866944,1,1864835,17,7319748,16,7108924,3179,2170,11802,10109378,9573807,2378,2365,367
1786399135054,4984912,1381056,1561088,1177888,8233936,1,1866944,1,1864835,17,7319748,16,7108924,3179,2170,11802,10109378,9573807,2378,2365,367
1786399135566,4984912,1381056,1561120,1177920,8233936,1,1866944,1,1864835,17,7319748,16,7108924,3179,2170,11802,10109378,9573807,2378,2365,367
1786399136077,4984912,1380816,1560880,1177920,8233936,1,1866944,1,1864835,17,7319748,16,7108924,3179,2170,11802,10109378,9573807,2378,2365,367
1786399136585,4984912,1380816,1560880,1177920,8233936,1,1866944,1,1864835,14,7319748,13,7108924,3179,2170,11802,10109378,9573807,2378,2365,367
1786399137090,4984912,1380816,1560880,1177920,8233936,1,1866944,1,1864835,14,7319748,13,7108924,3179,2170,11802,10109378,9573807,2378,2365,367
1786399137594,4984912,1380816,1560880,1177920,8233936,1,1866944,1,1864835,14,7319748,13,7108924,3179,2170,11802,10109378,9573807,2378,2365,367
1786399138097,4984912,1380816,1560880,1177920,8233936,1,1866944,1,1864835,14,7319748,13,7108924,3179,2170,11802,10109378,9573807,2378,2365,367
1786399138601,4984912,1380816,1560880,1177920,8233936,0,1866944,0,1864835,11,7319748,11,7108924,3179,2170,11802,10109378,9573807,2378,2365,367
1786399139103,4984912,1380816,1560880,1177920,8233936,0,1866944,0,1864835,11,7319748,11,7108924,3179,2170,11802,10109378,9573807,2378,2365,367
1786399139607,4984912,1380816,1560880,1177920,8233936,0,1866944,0,1864835,11,7319748,11,7108924,3179,2170,11802,10109378,9573807,2378,2365,367
1786399140114,4984912,1380816,1560880,1177920,8233936,0,1866944,0,1864835,11,7319748,11,7108924,3179,2170,11802,10109378,9573807,2378,2365,367
1786399140628,4984912,1380816,1560880,1177920,8233936,0,1866944,0,1864835,9,7319748,9,7108924,3179,2170,11802,10109378,9573807,2378,2365,367
1786399141134,4984912,1380816,1560880,1177920,8233936,0,1866944,0,1864835,9,7319748,9,7108924,3179,2170,11802,10109378,9573807,2378,2365,367
1786399141646,4984912,1380576,1560640,1177920,8233936,0,1866944,0,1864835,9,7319748,9,7108924,3179,2170,11802,10109378,9573807,2378,2365,367
1786399142155,4984912,1380576,1560640,1177920,8233936,0,1866944,0,1864835,9,7319748,9,7108924,3179,2170,11802,10109378,9573807,2378,2365,367
1786399142658,4984912,1380576,1560640,1177920,8233936,0,1866944,0,1864835,7,7319748,7,7108924,3179,2170,11802,10109378,9573807,2378,2365,367
1786399143161,4984912,1380576,1560640,1177920,8233936,0,1866944,0,1864835,7,7319748,7,7108924,3179,2170,11802,10109378,9573807,2378,2365,367
1786399143666,4984912,1380576,1560640,1177920,8233936,0,1866944,0,1864835,7,7319748,7,7108924,3179,2170,11802,10109378,9573807,2378,2365,367
1786399144175,4984912,1380576,1560640,1177920,8235264,0,1866944,0,1864836,7,7319762,7,7108938,3188,2179,11802,10109378,9573807,2378,2365,367
1786399144688,4984912,1380576,1560640,1177920,8235264,0,1866944,0,1864836,6,7319762,6,7108938,3188,2179,11802,10109378,9573807,2378,2365,367
1786399145195,4984912,1380576,1560640,1177920,8235264,0,1866944,0,1864836,6,7319762,6,7108938,3188,2179,11802,10109378,9573807,2378,2365,367
1786399145707,4984912,1380576,1560640,1177920,8235264,0,1866944,0,1864836,6,7319762,6,7108938,3188,2179,11802,10109378,9573807,2378,2365,367
1786399146212,4984912,1380576,1560640,1177920,8235264,0,1866944,0,1864836,6,7319762,6,7108938,3188,2179,11802,10109378,9573807,2378,2365,367
1786399146722,4984912,1380576,1560640,1177920,8235264,0,1866944,0,1864836,5,7319762,4,7108938,3188,2179,11802,10109378,9573807,2378,2365,367
1786399147229,4984912,1380576,1560640,1177920,8235264,0,1866944,0,1864836,5,7319762,4,7108938,3188,2179,11802,10109378,9573807,2378,2365,367
1786399147740,4984912,1380576,1560640,1177920,8235264,0,1866944,0,1864836,5,7319762,4,7108938,3188,2179,11802,10109378,9573807,2378,2365,367
1786399148247,4984912,1380576,1560640,1177920,8235264,0,1866944,0,1864836,5,7319762,4,7108938,3188,2179,11802,10109378,9573807,2378,2365,367
1786399148760,4984912,1380576,1560640,1177920,8235264,0,1866944,0,1864836,4,7319762,4,7108938,3188,2179,11802,10109378,9573807,2378,2365,367
1786399149272,4984912,1380576,1560640,1177920,8235264,0,1866944,0,1864836,4,7319762,4,7108938,3188,2179,11802,10109378,9573807,2378,2365,367
1786399149784,4984912,1380576,1560640,1177920,8235264,0,1866944,0,1864836,4,7319762,4,7108938,3188,2179,11802,10109378,9573807,2378,2365,367
1786399150287,4984912,1380576,1560640,1177920,8235264,0,1866944,0,1864836,4,7319762,4,7108938,3188,2179,11802,10109378,9573807,2378,2365,367
1786399150799,4984912,1380576,1560640,1177920,8235264,0,1866944,0,1864836,3,7319762,3,7108938,3188,2179,11802,10109378,9573807,2378,2365,367
1786399151309,4984912,1380576,1560640,1177920,8235264,0,1866944,0,1864836,3,7319762,3,7108938,3188,2179,11802,10109378,9573807,2378,2365,367
1786399151817,4984912,1380576,1560640,1177920,8235264,0,1866944,0,1864836,3,7319762,3,7108938,3188,2179,11802,10109378,9573807,2378,2365,367
1786399152322,4984912,1380576,1560640,1177920,8235264,0,1866944,0,1864836,3,7319762,3,7108938,3188,2179,11802,10109378,9573807,2378,2365,367
1786399152834,4984912,1380576,1560640,1177920,8235264,0,1866944,0,1864836,2,7319762,2,7108938,3188,2179,11802,10109378,9573807,2378,2365,367
1786399153343,4984912,1380576,1560640,1177920,8235264,0,1866944,0,1864836,2,7319762,2,7108938,3188,2179,11802,10109378,9573807,2378,2365,367
1786399153849,4984912,1380576,1560640,1177920,8235264,0,1866944,0,1864836,2,7319762,2,7108938,3188,2179,11802,10109378,9573807,2378,2365,367
1786399154360,4984912,1380576,1560640,1177920,8235264,0,1866944,0,1864836,2,7319762,2,7108938,3188,2179,11802,10109378,9573807,2378,2365,367
1786399154871,4984912,1380576,1560640,1177920,8235264,0,1866944,0,1864836,2,7319762,2,7108938,3188,2179,11802,10109378,9573807,2378,2365,367
1786399155373,4984912,1380576,1560640,1177920,8235264,0,1866944,0,1864836,2,7319762,2,7108938,3188,2179,11802,10109378,9573807,2378,2365,367
1786399155883,4984912,1380576,1560640,1177920,8235264,0,1866944,0,1864836,2,7319762,2,7108938,3188,2179,11802,10109378,9573807,2378,2365,367
1786399156386,4984912,1380576,1560640,1177920,8235264,0,1866944,0,1864836,1,7319762,1,7108938,3188,2179,11802,10109378,9573807,2378,2365,367
1786399156897,4984912,1380576,1560640,1177920,8235280,0,1866944,0,1864836,1,7319762,1,7108938,3189,2180,11802,10109378,9573807,2378,2365,367
1786399157399,4984912,1380576,1560640,1177920,8235280,0,1866944,0,1864836,1,7319762,1,7108938,3189,2180,11802,10109378,9573807,2378,2365,367
1786399157900,4984912,1380576,1560640,1177920,8235280,0,1866944,0,1864836,1,7319762,1,7108938,3189,2180,11802,10109378,9573807,2378,2365,367
1786399158410,4984912,1380576,1560656,1177920,8235280,0,1866944,0,1864836,1,7319762,1,7108938,3189,2180,11802,10109378,9573807,2378,2365,367
1786399158916,4984912,1380576,1560656,1177920,8235280,0,1866944,0,1864836,1,7319762,1,7108938,3189,2180,11802,10109378,9573807,2378,2365,367
1786399159423,4984912,1380576,1560656,1177920,8235280,0,1866944,0,1864836,1,7319762,1,7108938,3189,2180,11802,10109378,9573807,2378,2365,367
1786399159934,4984912,1380576,1560656,1177920,8235280,0,1866944,0,1864836,1,7319762,1,7108938,3189,2180,11802,10109378,9573807,2378,2365,367
1786399160437,4984912,1380576,1560656,1177920,8235280,0,1866944,0,1864836,1,7319762,1,7108938,3189,2180,11802,10109378,9573807,2378,2365,367
1786399160945,4984912,1380576,1560656,1177920,8235280,0,1866944,0,1864836,1,7319762,1,7108938,3189,2180,11802,10109378,9573807,2378,2365,367
1786399161454,4984912,1380576,1560656,1177920,8235280,0,1866944,0,1864836,1,7319762,1,7108938,3189,2180,11802,10109378,9573807,2378,2365,367
1786399161960,4984912,1380576,1560656,1177920,8235280,0,1866944,0,1864836,1,7319762,1,7108938,3189,2180,11802,10109378,9573807,2378,2365,367
1786399162461,4984912,1380576,1560656,1177920,8235280,0,1866944,0,1864836,0,7319762,0,7108938,3189,2180,11802,10109378,9573807,2378,2365,367
1786399162969,4984912,1380576,1560656,1177920,8235280,0,1866944,0,1864836,0,7319762,0,7108938,3189,2180,11802,10109378,9573807,2378,2365,367
1786399163472,4984912,1380576,1560656,1177920,8235280,0,1866944,0,1864836,0,7319762,0,7108938,3189,2180,11802,10109378,9573807,2378,2365,367
1786399163975,4984912,1380576,1560656,1177920,8235280,0,1866944,0,1864836,0,7319762,0,7108938,3189,2180,11802,10109378,9573807,2378,2365,367
1786399164479,4984912,1380576,1560656,1177920,8235280,0,1866944,0,1864836,0,7319762,0,7108938,3189,2180,11802,10109378,9573807,2378,2365,367
1786399164985,4984912,1380576,1560656,1177920,8235280,0,1866944,0,1864836,0,7319762,0,7108938,3189,2180,11802,10109378,9573807,2378,2365,367
1786399165489,4984912,1380576,1560656,1178128,8235280,0,1866944,0,1864836,0,7331716,0,7120877,3189,2180,11802,10109378,9573807,2378,2365,367
1786399165993,4984912,1380576,1560656,1178128,8235280,0,1866944,0,1864836,0,7331716,0,7120877,3189,2180,11802,10109378,9573807,2378,2365,367
1786399166497,4984912,1380576,1560656,1178128,8235280,0,1866944,0,1864836,0,7331716,0,7120877,3189,2180,11802,10109378,9573807,2378,2365,367
1786399167004,4984912,1380576,1560656,1178128,8235280,0,1866944,0,1864836,0,7331716,0,7120877,3189,2180,11802,10109378,9573807,2378,2365,367
1786399167511,4984912,1380576,1560656,1178128,8235280,0,1866944,0,1864836,0,7331716,0,7120877,3189,2180,11802,10109378,9573807,2378,2365,367
1786399168024,4984912,1380576,1560656,1178128,8235280,0,1866944,0,1864836,0,7331716,0,7120877,3189,2180,11802,10109378,9573807,2378,2365,367
1786399168528,4984912,1380576,1560864,1178128,8235280,0,1866944,0,1864836,0,7331716,0,7120877,3189,2180,11802,10109378,9573807,2378,2365,367
1786399169032,4984912,1380576,1560864,1178128,8235280,0,1866944,0,1864836,0,7331716,0,7120877,3189,2180,11802,10109378,9573807,2378,2365,367
1786399169539,4984912,1380576,1560864,1178128,8235280,0,1866944,0,1864836,0,7331716,0,7120877,3189,2180,11802,10109378,9573807,2378,2365,367
1786399170043,4984912,1380576,1560864,1178128,8235280,0,1866944,0,1864836,0,7331716,0,7120877,3189,2180,11802,10109378,9573807,2378,2365,367
1786399170553,4984912,1380576,1560864,1178128,8235280,0,1866944,0,1864836,0,7331716,0,7120877,3189,2180,11802,10109378,9573807,2378,2365,367
1786399171057,4984912,1380576,1560864,1178128,8235280,0,1866944,0,1864836,0,7331716,0,7120877,3189,2180,11802,10109378,9573807,2378,2365,367
1786399171560,4984912,1380576,1560864,1178128,8235280,0,1866944,0,1864836,0,7331716,0,7120877,3189,2180,11802,10109378,9573807,2378,2365,367
1786399172062,4984912,1380576,1560864,1178128,8235280,0,1866944,0,1864836,0,7331716,0,7120877,3189,2180,11802,10109378,9573807,2378,2365,367
1786399172568,4984912,1380576,1560864,1178128,8235280,0,1866944,0,1864836,0,7331716,0,7120877,3189,2180,11802,10109378,9573807,2378,2365,367
1786399173079,4984912,1380576,1560864,1178128,8235280,0,1866944,0,1864836,0,7331716,0,7120877,3189,2180,11802,10109378,9573807,2378,2365,367
1786399173586,4984912,1380576,1560864,1178128,8235280,0,1866944,0,1864836,0,7331716,0,7120877,3189,2180,11802,10109378,9573807,2378,2365,367
1786399174097,4984912,1380576,1560864,1178128,8235280,0,1866944,0,1864836,0,7331716,0,7120877,3189,2180,11802,10109378,9573807,2378,2365,367
1786399174602,4984912,1380576,1560864,1178128,8235280,0,1866944,0,1864836,0,7331716,0,7120877,3189,2180,11802,10109378,9573807,2378,2365,367
1786399175105,4984912,1380576,1560864,1178128,8235280,0,1866944,0,1864836,0,7331716,0,7120877,3189,2180,11802,10109378,9573807,2378,2365,367
1786399175607,4984912,1380576,1560864,1178128,8235280,0,1866944,0,1864836,0,7331716,0,7120877,3189,2180,11802,10109378,9573807,2378,2365,367
1786399176111,4984912,1380576,1560864,1178128,8235280,0,1866944,0,1864836,0,7331716,0,7120877,3189,2180,11802,10109378,9573807,2378,2365,367
1786399176613,4984912,1380576,1560864,1178128,8235280,0,1866944,0,1864836,0,7331716,0,7120877,3189,2180,11802,10109378,9573807,2378,2365,367
1786399177116,4984912,1380576,1560864,1178128,8235280,0,1866944,0,1864836,0,7331716,0,7120877,3189,2180,11802,10109378,9573807,2378,2365,367
1786399177623,4984912,1380576,1560864,1178128,8235280,0,1866944,0,1864836,0,7331716,0,7120877,3189,2180,11802,10109378,9573807,2378,2365,367
1786399178125,4984912,1380576,1560864,1178128,8235280,0,1866944,0,1864836,0,7331716,0,7120877,3189,2180,11802,10109378,9573807,2378,2365,367
1786399178628,4984912,1380576,1560864,1178128,8235280,0,1866944,0,1864836,0,7331716,0,7120877,3189,2180,11802,10109378,9573807,2378,2365,367
1786399179143,4984912,1380576,1560864,1178128,8235280,0,1866944,0,1864836,0,7331716,0,7120877,3189,2180,11802,10109378,9573807,2378,2365,367
1786399179652,4984912,1380576,1560864,1178128,8235280,0,1866944,0,1864836,0,7331716,0,7120877,3189,2180,11802,10109378,9573807,2378,2365,367
1786399180162,4984912,1380576,1560864,1178128,8235280,0,1866944,0,1864836,0,7331716,0,7120877,3189,2180,11802,10109378,9573807,2378,2365,367
1786399180664,4984912,1380576,1560864,1178128,8235280,0,1866944,0,1864836,0,7331716,0,7120877,3189,2180,11802,10109378,9573807,2378,2365,367
1786399181169,4984912,1380576,1560864,1178128,8235280,0,1866944,0,1864836,0,7331716,0,7120877,3189,2180,11802,10109378,9573807,2378,2365,367
1786399181682,4984912,1380576,1560864,1178128,8235280,0,1866944,0,1864836,0,7331716,0,7120877,3189,2180,11802,10109378,9573807,2378,2365,367
1786399182184,4984912,1380576,1560864,1178128,8235280,0,1866944,0,1864836,0,7331716,0,7120877,3189,2180,11802,10109378,9573807,2378,2365,367
1786399182688,4984912,1380576,1560864,1178128,8235280,0,1866944,0,1864836,0,7331716,0,7120877,3189,2180,11802,10109378,9573807,2378,2365,367
1786399183198,4984912,1380576,1560864,1178128,8235280,0,1866944,0,1864836,0,7331716,0,7120877,3189,2180,11802,10109378,9573807,2378,2365,367
1786399183703,4984912,1380576,1560864,1178128,8235280,0,1866944,0,1864836,0,7331716,0,7120877,3189,2180,11802,10109378,9573807,2378,2365,367
1786399184208,4984912,1380576,1560864,1178128,8235280,0,1866944,0,1864836,0,7331716,0,7120877,3189,2180,11802,10109378,9573807,2378,2365,367
1786399184720,4984912,1380576,1560864,1178128,8235280,0,1866944,0,1864836,0,7331716,0,7120877,3189,2180,11802,10109378,9573807,2378,2365,367
1786399185224,4984912,1380576,1560864,1178128,8235280,0,1866944,0,1864836,0,7331716,0,7120877,3189,2180,11802,10109378,9573807,2378,2365,367
1786399185727,4984912,1380576,1560864,1178128,8235280,0,1866944,0,1864836,0,7331716,0,7120877,3189,2180,11802,10109378,9573807,2378,2365,367
1786399186229,4984912,1380576,1560864,1178128,8235280,0,1866944,0,1864836,0,7331716,0,7120877,3189,2180,11802,10109378,9573807,2378,2365,367
1786399186739,4984912,1380576,1560864,1178128,8235280,0,1866944,0,1864836,0,7331716,0,7120877,3189,2180,11802,10109378,9573807,2378,2365,367
1786399187248,4984912,1380576,1560864,1178128,8235280,0,1866944,0,1864836,0,7331716,0,7120877,3189,2180,11802,10109378,9573807,2378,2365,367
1786399187752,4984912,1380576,1560864,1178128,8235280,0,1866944,0,1864836,0,7331716,0,7120877,3189,2180,11802,10109378,9573807,2378,2365,367
1786399188258,4984912,1380576,1560864,1178128,8235280,0,1866944,0,1864836,0,7331716,0,7120877,3189,2180,11802,10109378,9573807,2378,2365,367
1786399188770,4984912,1380576,1560864,1178128,8235280,0,1866944,0,1864836,0,7331716,0,7120877,3189,2180,11802,10109378,9573807,2378,2365,367
1786399189273,4984912,1380576,1560864,1178128,8235280,0,1866944,0,1864836,0,7331716,0,7120877,3189,2180,11802,10109378,9573807,2378,2365,367
1786399189784,4984912,1380576,1560864,1178128,8235280,0,1866944,0,1864836,0,7331716,0,7120877,3189,2180,11802,10109378,9573807,2378,2365,367
1786399190287,4984912,1380576,1560864,1178128,8235280,0,1866944,0,1864836,0,7331716,0,7120877,3189,2180,11802,10109378,9573807,2378,2365,367
1786399190789,4984912,1380576,1560864,1178128,8235280,0,1866944,0,1864836,0,7331716,0,7120877,3189,2180,11802,10109378,9573807,2378,2365,367
1786399191300,4984912,1380576,1560864,1178128,8235280,0,1866944,0,1864836,0,7331716,0,7120877,3189,2180,11802,10109378,9573807,2378,2365,367
1786399191805,4984912,1380576,1560864,1178128,8235280,0,1866944,0,1864836,0,7331716,0,7120877,3189,2180,11802,10109378,9573807,2378,2365,367
1786399192317,4984912,1380576,1560864,1178128,8235280,0,1866944,0,1864836,0,7331716,0,7120877,3189,2180,11802,10109378,9573807,2378,2365,367
1786399192818,4984912,1380576,1560864,1178144,8235280,0,1866944,0,1864836,0,7331716,0,7120877,3189,2180,11802,10109378,9573807,2378,2365,367
1786399193329,4984912,1380576,1560864,1178144,8235280,0,1866944,0,1864836,0,7331716,0,7120877,3189,2180,11802,10109378,9573807,2378,2365,367
1786399193835,4984912,1380576,1560864,1178144,8235280,0,1866944,0,1864836,0,7331716,0,7120877,3189,2180,11802,10109378,9573807,2378,2365,367
1786399194336,4984912,1380576,1560864,1178144,8235280,0,1866944,0,1864836,0,7331716,0,7120877,3189,2180,11802,10109378,9573807,2378,2365,367
1786399194842,4984912,1380576,1560864,1178144,8235280,0,1866944,0,1864836,0,7331716,0,7120877,3189,2180,11802,10109378,9573807,2378,2365,367
1786399195353,4984912,1380576,1560864,1178144,8235280,0,1866944,0,1864836,0,7331716,0,7120877,3189,2180,11802,10109378,9573807,2378,2365,367
1786399195864,4984912,1380576,1560864,1178144,8235280,0,1866944,0,1864836,0,7331716,0,7120877,3189,2180,11802,10109378,9573807,2378,2365,367
1786399196369,4984912,1380576,1560864,1178144,8235280,0,1866944,0,1864836,0,7331716,0,7120877,3189,2180,11802,10109378,9573807,2378,2365,367
1786399196877,4984912,1380336,1560624,1178144,8235280,0,1866944,0,1864836,0,7331716,0,7120877,3189,2180,11802,10109378,9573807,2378,2365,367
1786399197387,4984912,1380336,1560624,1178144,8235280,0,1866944,0,1864836,0,7331716,0,7120877,3189,2180,11802,10109378,9573807,2378,2365,367
1786399197897,4984912,1380336,1560624,1178144,8235280,0,1866944,0,1864836,0,7331716,0,7120877,3189,2180,11802,10109378,9573807,2378,2365,367
1786399198400,4984912,1380336,1560624,1178144,8235280,0,1866944,0,1864836,0,7331716,0,7120877,3189,2180,11802,10109378,9573807,2378,2365,367
1786399198904,4984912,1380336,1560624,1178144,8235280,0,1866944,0,1864836,0,7331716,0,7120877,3189,2180,11802,10109378,9573807,2378,2365,367
1786399199413,4984912,1380336,1560624,1178144,8235280,0,1866944,0,1864836,0,7331716,0,7120877,3189,2180,11802,10109378,9573807,2378,2365,367
1786399199919,4984912,1380336,1560624,1178144,8235280,0,1866944,0,1864836,0,7331716,0,7120877,3189,2180,11802,10109378,9573807,2378,2365,367
1786399200430,4984912,1380336,1560624,1178144,8235280,0,1866944,0,1864836,0,7331716,0,7120877,3189,2180,11802,10109378,9573807,2378,2365,367
1786399200936,4984912,1380336,1560624,1178144,8235280,0,1866944,0,1864836,0,7331716,0,7120877,3189,2180,11802,10109378,9573807,2378,2365,367
1786399201448,4984912,1380336,1560624,1178144,8235280,0,1866944,0,1864836,0,7331716,0,7120877,3189,2180,11802,10109378,9573807,2378,2365,367
1786399201958,4984912,1380336,1560624,1178144,8235280,0,1866944,0,1864836,0,7331716,0,7120877,3189,2180,11802,10109378,9573807,2378,2365,367
1786399202461,4984912,1380336,1560624,1178144,8235280,0,1866944,0,1864836,0,7331716,0,7120877,3189,2180,11802,10109378,9573807,2378,2365,367
1786399202968,4984912,1380336,1560624,1178144,8235280,0,1866944,0,1864836,0,7331716,0,7120877,3189,2180,11802,10109378,9573807,2378,2365,367
1786399203470,4984912,1380336,1560624,1178144,8235280,0,1866944,0,1864836,0,7331716,0,7120877,3189,2180,11802,10109378,9573807,2378,2365,367
1786399203974,4984912,1380336,1560624,1178144,8235280,0,1866944,0,1864836,0,7331716,0,7120877,3189,2180,11802,10109378,9573807,2378,2365,367
1786399204484,4984912,1380336,1560624,1178144,8235280,0,1866944,0,1864836,0,7331716,0,7120877,3189,2180,11802,10109378,9573807,2378,2365,367
1786399204993,4984912,1380336,1560624,1178144,8235280,0,1866944,0,1864836,0,7331716,0,7120877,3189,2180,11802,10109378,9573807,2378,2365,367
1786399205500,4984912,1380336,1560624,1178144,8235280,0,1866944,0,1864836,0,7331716,0,7120877,3189,2180,11802,10109378,9573807,2378,2365,367
1786399206008,4984912,1380336,1560624,1178144,8235280,0,1866944,0,1864836,0,7331716,0,7120877,3189,2180,11802,10109378,9573807,2378,2365,367
1786399206512,4984912,1380336,1560624,1178144,8235280,0,1866944,0,1864836,0,7331716,0,7120877,3189,2180,11802,10109378,9573807,2378,2365,367
1786399207023,4984912,1380336,1560624,1178144,8235280,0,1866944,0,1864836,0,7331716,0,7120877,3189,2180,11802,10109378,9573807,2378,2365,367
1786399207525,4984912,1380336,1560624,1178144,8235280,0,1866944,0,1864836,0,7331716,0,7120877,3189,2180,11802,10109378,9573807,2378,2365,367
1786399208027,4984912,1380336,1560624,1178144,8235280,0,1866944,0,1864836,0,7331716,0,7120877,3189,2180,11802,10109378,9573807,2378,2365,367
1786399208538,4984912,1380336,1560624,1178144,8235280,0,1866944,0,1864836,0,7331716,0,7120877,3189,2180,11802,10109378,9573807,2378,2365,367
1786399209051,4984912,1380336,1560624,1178144,8235280,0,1866944,0,1864836,0,7331716,0,7120877,3189,2180,11802,10109378,9573807,2378,2365,367
1786399209557,4984912,1380336,1560624,1178144,8235280,0,1866944,0,1864836,0,7331716,0,7120877,3189,2180,11802,10109378,9573807,2378,2365,367
1786399210062,4984912,1380336,1560624,1178144,8235280,0,1866944,0,1864836,0,7331716,0,7120877,3189,2180,11802,10109378,9573807,2378,2365,367
1786399210573,4984912,1379744,1560032,1178144,8235280,0,1866944,0,1864836,0,7331716,0,7120877,3189,2180,11802,10109378,9573807,2378,2365,367
1786399211076,4984912,1379744,1560032,1178144,8235280,0,1866944,0,1864836,0,7331716,0,7120877,3189,2180,11802,10109378,9573807,2378,2365,367
1786399211580,4984912,1379616,1559904,1178144,8235280,0,1866944,0,1864836,0,7331716,0,7120877,3189,2180,11802,10109378,9573807,2378,2365,367
1786399212083,4984912,1379616,1559904,1178144,8235280,0,1866944,0,1864836,0,7331716,0,7120877,3189,2180,11802,10109378,9573807,2378,2365,367
1786399212585,4984912,1379616,1559904,1178144,8235280,0,1866944,0,1864836,0,7331716,0,7120877,3189,2180,11802,10109378,9573807,2378,2365,367
1786399213098,4984912,1379376,1559664,1178144,8235280,0,1866944,0,1864836,0,7331716,0,7120877,3189,2180,11802,10109378,9573807,2378,2365,367
1786399213610,4984912,1379376,1559664,1178144,8235280,0,1866944,0,1864836,0,7331716,0,7120877,3189,2180,11802,10109378,9573807,2378,2365,367
1786399214113,4984912,1379376,1559664,1178144,8235280,0,1866944,0,1864836,0,7331716,0,7120877,3189,2180,11802,10109378,9573807,2378,2365,367
1786399214618,4984912,1379136,1559424,1178144,8235280,0,1866944,0,1864836,0,7331716,0,7120877,3189,2180,11802,10109378,9573807,2378,2365,367
1786399215120,4984912,1378896,1559184,1178144,8235280,0,1866944,0,1864836,0,7331716,0,7120877,3189,2180,11802,10109378,9573807,2378,2365,367
1786399215625,4984912,1378896,1559184,1178144,8235280,0,1866944,0,1864836,0,7331716,0,7120877,3189,2180,11802,10109378,9573807,2378,2365,367
1786399216128,4984912,1378896,1559184,1178144,8235280,0,1866944,0,1864836,0,7331716,0,7120877,3189,2180,11802,10109378,9573807,2378,2365,367
1786399216637,4984912,1378896,1559184,1178144,8235280,0,1866944,0,1864836,0,7414169,0,7203090,3189,2180,11802,10109378,9573807,2378,2365,367
1786399217140,4984912,1378896,1559184,1178144,8235280,0,1866944,0,1864836,0,7414169,0,7203090,3189,2180,11802,10109378,9573807,2378,2365,367
1786399217652,4984912,1378656,1558944,1178144,8235280,0,1866944,0,1864836,0,7414169,0,7203090,3189,2180,11802,10109378,9573807,2378,2365,367
1786399218159,4984912,1378656,1558944,1178144,8235280,0,1866944,0,1864836,0,7414169,0,7203090,3189,2180,11802,10109378,9573807,2378,2365,367
1786399218671,4984912,1378656,1558944,1178144,8235280,0,1866944,0,1864836,72,7414169,72,7203090,3189,2180,11802,10109378,9573807,2378,2365,367
1786399219179,4984912,1378656,1558944,1178144,8235280,0,1866944,0,1864836,72,7414169,72,7203090,3189,2180,11802,10109378,9573807,2378,2365,367
1786399219687,4984912,1378656,1558944,1178144,8235280,0,1866944,0,1864836,72,7414169,72,7203090,3189,2180,11802,10109378,9573807,2378,2365,367
1786399220198,4984912,1378656,1558944,1178144,8235280,0,1866944,0,1864836,72,7414169,72,7203090,3189,2180,11802,10109378,9573807,2378,2365,367
1786399220711,4984912,1378656,1558944,1178144,8235280,0,1866944,0,1864836,59,7414169,59,7203090,3189,2180,11802,10109378,9573807,2378,2365,367
1786399221223,4984912,1378656,1558944,1178144,8235280,0,1866944,0,1864836,59,7414169,59,7203090,3189,2180,11802,10109378,9573807,2378,2365,367
1786399221735,4984912,1378656,1558944,1178144,8235280,0,1866944,0,1864836,59,7414169,59,7203090,3189,2180,11802,10109378,9573807,2378,2365,367
1786399222247,4984912,1378176,1558464,1178144,8235280,0,1866944,0,1864836,59,7414169,59,7203090,3189,2180,11802,10109378,9573807,2378,2365,367
1786399222753,4984912,1378176,1558464,1178144,8235280,0,1866944,0,1864836,48,7414169,48,7203090,3189,2180,11802,10109378,9573807,2378,2365,367
1786399223262,4984912,1377936,1558224,1178144,8235280,0,1866944,0,1864836,48,7414169,48,7203090,3189,2180,11802,10109378,9573807,2378,2365,367
1786399223767,4984912,1377936,1558224,1178144,8235280,0,1866944,0,1864836,48,7414169,48,7203090,3189,2180,11802,10109378,9573807,2378,2365,367
1786399224281,4984912,1377936,1558224,1178144,8235280,0,1866944,0,1864836,48,7414169,48,7203090,3189,2180,11802,10109378,9573807,2378,2365,367
1786399224792,4984912,1377936,1558224,1178144,8235280,0,1866944,0,1864836,39,7414169,39,7203090,3189,2180,11802,10109378,9573807,2378,2365,367
1786399225304,4984912,1377936,1558224,1178144,8235280,0,1866944,0,1864836,39,7414169,39,7203090,3189,2180,11802,10109378,9573807,2378,2365,367
1786399225816,4984912,1377936,1558224,1178144,8235280,0,1866944,0,1864836,39,7414169,39,7203090,3189,2180,11802,10109378,9573807,2378,2365,367
1786399226322,4984912,1377936,1558224,1178144,8235280,0,1866944,0,1864836,39,7414169,39,7203090,3189,2180,11802,10109378,9573807,2378,2365,367
1786399226832,4984912,1377936,1558224,1178144,8235280,0,1866944,0,1864836,32,7414169,32,7203090,3189,2180,11802,10109378,9573807,2378,2365,367
1786399227337,4984912,1377936,1558224,1178144,8235280,0,1866944,0,1864836,32,7414169,32,7203090,3189,2180,11802,10109378,9573807,2378,2365,367
1786399227839,4984912,1377936,1558224,1178144,8235280,0,1866944,0,1864836,32,7414169,32,7203090,3189,2180,11802,10109378,9573807,2378,2365,367
1786399228346,4984912,1377696,1557984,1178144,8235280,0,1866944,0,1864836,32,7414169,32,7203090,3189,2180,11802,10109378,9573807,2378,2365,367
1786399228850,4984912,1377696,1557984,1178144,8235280,0,1866944,0,1864836,26,7414169,26,7203090,3189,2180,11802,10109378,9573807,2378,2365,367
1786399229353,4984912,1377696,1557984,1178144,8235280,0,1866944,0,1864836,26,7414169,26,7203090,3189,2180,11802,10109378,9573807,2378,2365,367
1786399229856,4984912,1377696,1557984,1178144,8235280,0,1866944,0,1864836,26,7414169,26,7203090,3189,2180,11802,10109378,9573807,2378,2365,367
1786399230360,4984912,1377456,1557744,1178144,8235280,0,1866944,0,1864836,26,7414169,26,7203090,3189,2180,11802,10109378,9573807,2378,2365,367
1786399230864,4984912,1377456,1557744,1178144,8235280,0,1866944,0,1864836,21,7414169,21,7203090,3189,2180,11802,10109378,9573807,2378,2365,367
1786399231374,4984912,1376976,1557264,1178144,8235280,0,1866944,0,1864836,21,7414169,21,7203090,3189,2180,11802,10109378,9573807,2378,2365,367
1786399231878,4984912,1376976,1557264,1178144,8235280,0,1866944,0,1864836,21,7414169,21,7203090,3189,2180,11802,10109378,9573807,2378,2365,367
1786399232383,4984912,1376976,1557264,1178144,8235280,0,1866944,0,1864836,21,7414169,21,7203090,3189,2180,11802,10109378,9573807,2378,2365,367
1786399232894,4984912,1376976,1557264,1178144,8235280,0,1866944,0,1864836,17,7414169,17,7203090,3189,2180,11802,10109378,9573807,2378,2365,367
1786399233400,4984912,1376976,1557264,1178144,8235280,0,1866944,0,1864836,17,7414169,17,7203090,3189,2180,11802,10109378,9573807,2378,2365,367
1786399233912,4984912,1376976,1557264,1178144,8235280,0,1866944,0,1864836,17,7414169,17,7203090,3189,2180,11802,10109378,9573807,2378,2365,367
1786399234417,4984912,1376976,1557264,1178144,8235280,0,1866944,0,1864836,17,7414169,17,7203090,3189,2180,11802,10109378,9573807,2378,2365,367
1786399234924,4984912,1376976,1557264,1178144,8235280,0,1866944,0,1864836,14,7414169,14,7203090,3189,2180,11802,10109378,9573807,2378,2365,367
1786399235432,4984912,1376976,1557264,1178144,8235280,0,1866944,0,1864836,14,7414169,14,7203090,3189,2180,11802,10109378,9573807,2378,2365,367
1786399235934,4984912,1376976,1557264,1178144,8235280,0,1866944,0,1864836,14,7414169,14,7203090,3189,2180,11802,10109378,9573807,2378,2365,367
1786399236438,4984912,1376976,1557264,1178144,8235280,0,1866944,0,1864836,11,7414169,11,7203090,3189,2180,11802,10109378,9573807,2378,2365,367
1786399236940,4984912,1376976,1557264,1178144,8235280,0,1866944,0,1864836,11,7414169,11,7203090,3189,2180,11802,10109378,9573807,2378,2365,367
1786399237447,4984912,1376976,1557264,1178144,8235280,0,1866944,0,1864836,11,7414169,11,7203090,3189,2180,11802,10109378,9573807,2378,2365,367
1786399237953,4984912,1376976,1557264,1178144,8235280,0,1866944,0,1864836,11,7414169,11,7203090,3189,2180,11802,10109378,9573807,2378,2365,367
1786399238458,4984912,1376976,1557264,1178144,8235280,0,1866944,0,1864836,9,7414169,9,7203090,3189,2180,11802,10109378,9573807,2378,2365,367
1786399238969,4984912,1376976,1557264,1178144,8235280,0,1866944,0,1864836,9,7414169,9,7203090,3189,2180,11802,10109378,9573807,2378,2365,367
1786399239471,4984912,1376976,1557264,1178144,8235280,0,1866944,0,1864836,9,7414169,9,7203090,3189,2180,11802,10109378,9573807,2378,2365,367
1786399239979,4984912,1376976,1557264,1178144,8235280,0,1866944,0,1864836,9,7414169,9,7203090,3189,2180,11802,10109378,9573807,2378,2365,367
1786399240487,4984912,1376976,1557264,1178144,8235280,0,1866944,0,1864836,7,7414169,7,7203090,3189,2180,11802,10109378,9573807,2378,2365,367
1786399240990,4984912,1376976,1557264,1178144,8235280,0,1866944,0,1864836,7,7414169,7,7203090,3189,2180,11802,10109378,9573807,2378,2365,367
1786399241500,4984912,1376976,1557264,1178144,8235280,0,1866944,0,1864836,7,7414169,7,7203090,3189,2180,11802,10109378,9573807,2378,2365,367
1786399242005,4984912,1376976,1557264,1178144,8235280,0,1866944,0,1864836,7,7414169,7,7203090,3189,2180,11802,10109378,9573807,2378,2365,367
1786399242515,4984912,1376976,1557264,1178144,8235280,0,1866944,0,1864836,6,7414169,6,7203090,3189,2180,11802,10109378,9573807,2378,2365,367
1786399243026,4984912,1376976,1557264,1178144,8235280,0,1866944,0,1864836,6,7414169,6,7203090,3189,2180,11802,10109378,9573807,2378,2365,367
1786399243532,4984912,1376976,1557264,1178144,8235280,0,1866944,0,1864836,6,7414169,6,7203090,3189,2180,11802,10109378,9573807,2378,2365,367
1786399244033,4984912,1376976,1557264,1178144,8235280,0,1866944,0,1864836,6,7414169,6,7203090,3189,2180,11802,10109378,9573807,2378,2365,367
1786399244535,4984912,1376976,1557264,1178144,8235280,0,1866944,0,1864836,5,7414169,5,7203090,3189,2180,11802,10109378,9573807,2378,2365,367
1786399245046,4984912,1376976,1557264,1178144,8235280,0,1866944,0,1864836,5,7414169,5,7203090,3189,2180,11802,10109378,9573807,2378,2365,367
1786399245549,4984912,1376976,1557264,1178144,8235280,0,1866944,0,1864836,5,7414169,5,7203090,3189,2180,11802,10109378,9573807,2378,2365,367
1786399246052,4984912,1376976,1557264,1178144,8235280,0,1866944,0,1864836,5,7414169,5,7203090,3189,2180,11802,10109378,9573807,2378,2365,367
1786399246559,4984912,1376976,1557264,1178144,8235280,0,1866944,0,1864836,4,7414169,4,7203090,3189,2180,11802,10109378,9573807,2378,2365,367
1786399247068,4984912,1376976,1557264,1178144,8235280,0,1866944,0,1864836,4,7414169,4,7203090,3189,2180,11802,10109378,9573807,2378,2365,367
1786399247574,4984912,1376976,1557264,1178144,8235280,0,1866944,0,1864836,4,7414169,4,7203090,3189,2180,11802,10109378,9573807,2378,2365,367
1786399248083,4984912,1376976,1557264,1178144,8235280,0,1866944,0,1864836,4,7414169,4,7203090,3189,2180,11802,10109378,9573807,2378,2365,367
1786399248585,4984912,1376976,1557264,1178144,8235280,0,1866944,0,1864836,3,7414169,3,7203090,3189,2180,11802,10109378,9573807,2378,2365,367
1786399249094,4984912,1376976,1557264,1178144,8235280,0,1866944,0,1864836,3,7414169,3,7203090,3189,2180,11802,10109378,9573807,2378,2365,367
1786399249607,4984912,1376976,1557264,1178144,8235280,0,1866944,0,1864836,3,7414169,3,7203090,3189,2180,11802,10109378,9573807,2378,2365,367
1786399250120,4984912,1376976,1557264,1178144,8235280,0,1866944,0,1864836,3,7414169,3,7203090,3189,2180,11802,10109378,9573807,2378,2365,367
1786399250622,4984912,1257312,1516032,1257456,8235328,0,1866944,0,1864836,2,7436754,2,7223870,3240,2183,11802,10109378,9573807,2378,2365,367
1786399251133,4984912,1214432,1487328,1273136,8235552,0,1866944,0,1864836,2,7439001,2,7226060,3255,2194,11802,10109378,9573807,2378,2365,367
1786399251637,5069008,1259632,1534848,1273360,8235552,0,1866944,0,1864836,2,7439001,2,7226060,3255,2194,11802,10109378,9573807,2378,2365,367
1786399252140,5069008,1259632,1534848,1273360,8235552,0,1866944,0,1864836,2,7439001,2,7226060,3255,2194,11802,10109378,9573807,2378,2365,367
1786399252643,5106592,1274208,1551664,1275488,8235600,0,1866944,0,1864836,2,7451615,2,7238673,3258,2197,11802,10109378,9573807,2378,2365,367
1786399253150,5106592,1259408,1536624,1275312,8235600,0,1866944,0,1864836,2,7451616,2,7238674,3258,2197,11802,10109378,9573807,2378,2365,367
1786399253655,5158048,1260144,1550944,1289264,8235600,0,1866944,0,1864836,2,7463328,2,7247210,3258,2197,11802,10109378,9573807,2378,2365,367
1786399254157,5158048,1196544,1503744,1305232,8235600,0,1866944,0,1864836,2,7474824,2,7254158,3258,2197,11802,10109378,9573807,2378,2365,367
1786399254658,5227120,1343408,1651584,1306080,8235600,0,1866944,0,1864836,38,7482479,20,7255371,3258,2197,11802,10109378,9573807,2378,2365,367
1786399255160,5227120,1343408,1651584,1306272,8235600,0,1866944,0,1864836,38,7485995,20,7258887,3258,2197,11802,10109378,9573807,2378,2365,367
1786399255672,5227120,1355008,1663184,1306272,8235600,0,1866944,0,1864836,38,7485995,20,7258887,3258,2197,11802,10109378,9573807,2378,2365,367
1786399256178,5227120,1355008,1663184,1306272,8235600,0,1866944,0,1864836,38,7485995,20,7258887,3258,2197,11802,10109378,9573807,2378,2365,367
1786399256680,5136800,1293808,1601984,1306272,8235600,0,1866944,0,1864836,31,7485995,16,7258887,3258,2197,11802,10109378,9573807,2378,2365,367
1786399257182,5136800,1293808,1601984,1306272,8235600,0,1866944,0,1864836,31,7485995,16,7258887,3258,2197,11802,10109378,9573807,2378,2365,367
1786399257687,5136800,1301488,1609664,1306272,8235600,0,1866944,0,1864836,31,7485995,16,7258887,3258,2197,11802,10109378,9573807,2378,2365,367
1786399258198,5136800,1293808,1602176,1306272,8235600,0,1866944,0,1864836,31,7485995,16,7258887,3258,2197,11802,10109378,9573807,2378,2365,367
1786399258711,5107488,1263328,1571696,1306272,8235600,0,1866944,0,1864836,25,7485995,13,7258887,3258,2197,11802,10109378,9573807,2378,2365,367
1786399259218,5107488,1263328,1571696,1306272,8235600,0,1866944,0,1864836,25,7485995,13,7258887,3258,2197,11802,10109378,9573807,2378,2365,367
1786399259726,5107488,1271008,1579376,1306272,8235600,0,1866944,0,1864836,25,7485995,13,7258887,3258,2197,11802,10109378,9573807,2378,2365,367
1786399260234,5107488,1278352,1586720,1306272,8235600,0,1866944,0,1864836,25,7485995,13,7258887,3258,2197,11802,10109378,9573807,2378,2365,367
1786399260745,5107488,1277408,1585904,1306416,8235616,0,1866944,0,1864836,20,7486996,10,7259873,3271,2206,11802,10109378,9573807,2378,2365,367
1786399261254,5087344,1269472,1578304,1306752,8235616,0,1866944,0,1864836,20,7486996,10,7259873,3271,2206,11802,10109378,9573807,2378,2365,367
1786399261767,5087344,1269472,1578304,1306752,8235616,0,1866944,0,1864836,20,7486996,10,7259873,3271,2206,11802,10109378,9573807,2378,2365,367
1786399262274,5087344,1269472,1578304,1306752,8235616,0,1866944,0,1864836,20,7486996,10,7259873,3271,2206,11802,10109378,9573807,2378,2365,367
1786399262785,5087344,1276240,1585088,1306752,8235616,0,1866944,0,1864836,17,7486996,8,7259873,3271,2206,11802,10109378,9573807,2378,2365,367
1786399263290,5069200,1259360,1568208,1306752,8235616,0,1866944,0,1864836,17,7486996,8,7259873,3271,2206,11802,10109378,9573807,2378,2365,367
1786399263801,5069200,1259360,1568208,1306752,8235616,0,1866944,0,1864836,17,7486996,8,7259873,3271,2206,11802,10109378,9573807,2378,2365,367
1786399264309,5069200,1264528,1573376,1306752,8235616,0,1866944,0,1864836,17,7486996,8,7259873,3271,2206,11802,10109378,9573807,2378,2365,367
1786399264814,5069200,1263808,1572656,1306752,8235616,0,1866944,0,1864836,13,7486996,7,7259873,3271,2206,11802,10109378,9573807,2378,2365,367
1786399265317,5069200,1268128,1576976,1306752,8235616,0,1866944,0,1864836,13,7486996,7,7259873,3271,2206,11802,10109378,9573807,2378,2365,367
1786399265829,5069200,1267648,1576496,1306752,8235616,0,1866944,0,1864836,13,7486996,7,7259873,3271,2206,11802,10109378,9573807,2378,2365,367
1786399266337,5069200,1271488,1580336,1306752,8235616,0,1866944,0,1864836,13,7486996,7,7259873,3271,2206,11802,10109378,9573807,2378,2365,367
1786399266838,5069200,1271488,1580336,1306752,8235616,0,1866944,0,1864836,11,7486996,5,7259873,3271,2206,11802,10109378,9573807,2378,2365,367
1786399267344,5069200,1271824,1580672,1306752,8235616,0,1866944,0,1864836,11,7486996,5,7259873,3271,2206,11802,10109378,9573807,2378,2365,367
1786399267849,5069200,1271824,1580672,1306752,8235616,0,1866944,0,1864836,11,7486996,5,7259873,3271,2206,11802,10109378,9573807,2378,2365,367
1786399268359,5069200,1271344,1580192,1306752,8235616,0,1866944,0,1864836,11,7486996,5,7259873,3271,2206,11802,10109378,9573807,2378,2365,367
1786399268864,5069200,1271584,1580432,1306752,8235616,0,1866944,0,1864836,9,7486996,4,7259873,3271,2206,11802,10109378,9573807,2378,2365,367
1786399269376,5069200,1271344,1580192,1306752,8235616,0,1866944,0,1864836,9,7486996,4,7259873,3271,2206,11802,10109378,9573807,2378,2365,367
1786399269883,5069200,1271344,1580192,1306752,8235616,0,1866944,0,1864836,9,7486996,4,7259873,3271,2206,11802,10109378,9573807,2378,2365,367
1786399270395,5069200,1271344,1580192,1306752,8235616,0,1866944,0,1864836,9,7486996,4,7259873,3271,2206,11802,10109378,9573807,2378,2365,367
1786399270897,5069200,1271344,1580192,1306752,8235616,0,1866944,0,1864836,7,7486996,3,7259873,3271,2206,11802,10109378,9573807,2378,2365,367
1786399271401,5069200,1271488,1580336,1306752,8235616,0,1866944,0,1864836,7,7486996,3,7259873,3271,2206,11802,10109378,9573807,2378,2365,367
1786399271905,5069200,1271488,1580336,1306752,8235616,0,1866944,0,1864836,7,7486996,3,7259873,3271,2206,11802,10109378,9573807,2378,2365,367
1786399272417,5069200,1271488,1580336,1306752,8235616,0,1866944,0,1864836,7,7486996,3,7259873,3271,2206,11802,10109378,9573807,2378,2365,367
1786399272928,5069200,1271488,1580336,1306752,8235616,0,1866944,0,1864836,6,7486996,3,7259873,3271,2206,11802,10109378,9573807,2378,2365,367
1786399273440,5069200,1271488,1580336,1306752,8235616,0,1866944,0,1864836,6,7486996,3,7259873,3271,2206,11802,10109378,9573807,2378,2365,367
1786399273948,5069200,1271248,1580096,1306752,8235616,0,1866944,0,1864836,6,7486996,3,7259873,3271,2206,11802,10109378,9573807,2378,2365,367
1786399274452,5069200,1271248,1580096,1306752,8235616,0,1866944,0,1864836,5,7486996,2,7259873,3271,2206,11802,10109378,9573807,2378,2365,367
1786399274961,5069200,1271248,1580096,1306752,8235616,0,1866944,0,1864836,5,7486996,2,7259873,3271,2206,11802,10109378,9573807,2378,2365,367
1786399275467,5069200,1271008,1579856,1306752,8235616,0,1866944,0,1864836,5,7486996,2,7259873,3271,2206,11802,10109378,9573807,2378,2365,367
1786399275978,5069200,1271008,1579856,1306752,8235616,0,1866944,0,1864836,5,7486996,2,7259873,3271,2206,11802,10109378,9573807,2378,2365,367
1786399276485,5069200,1271008,1579856,1306752,8235616,0,1866944,0,1864836,4,7486996,2,7259873,3271,2206,11802,10109378,9573807,2378,2365,367
1786399276993,5069200,1271008,1579856,1306752,8235616,0,1866944,0,1864836,4,7486996,2,7259873,3271,2206,11802,10109378,9573807,2378,2365,367
1786399277501,5069200,1271008,1579856,1306752,8235616,0,1866944,0,1864836,4,7486996,2,7259873,3271,2206,11802,10109378,9573807,2378,2365,367
1786399278006,5069200,1271008,1579856,1306752,8235616,0,1866944,0,1864836,4,7486996,2,7259873,3271,2206,11802,10109378,9573807,2378,2365,367
1786399278513,5069200,1271008,1579856,1306752,8235616,0,1866944,0,1864836,3,7486996,1,7259873,3271,2206,11802,10109378,9573807,2378,2365,367
1786399279024,5069200,1271008,1579856,1306752,8235616,0,1866944,0,1864836,3,7486996,1,7259873,3271,2206,11802,10109378,9573807,2378,2365,367
1786399279532,5069200,1270768,1579616,1306752,8235616,0,1866944,0,1864836,3,7486996,1,7259873,3271,2206,11802,10109378,9573807,2378,2365,367
1786399280038,5069200,1270768,1579616,1306752,8235616,0,1866944,0,1864836,3,7486996,1,7259873,3271,2206,11802,10109378,9573807,2378,2365,367
1786399280548,5069200,1270768,1579616,1306752,8235616,0,1866944,0,1864836,2,7486996,1,7259873,3271,2206,11802,10109378,9573807,2378,2365,367
1786399281054,5069200,1270768,1579616,1306752,8235616,0,1866944,0,1864836,2,7534411,1,7307198,3271,2206,11802,10109378,9573807,2378,2365,367
1786399281565,5069200,1270528,1580032,1307472,8235616,0,1866944,0,1864836,2,7544594,1,7317254,3271,2206,11802,10109378,9573807,2378,2365,367
1786399282072,5069200,1270528,1580080,1307472,8235616,0,1866944,0,1864836,2,7544594,1,7317254,3271,2206,11802,10109378,9573807,2378,2365,367
1786399282584,5069200,1270528,1580080,1307472,8235616,0,1866944,0,1864836,38,7544594,37,7317254,3271,2206,11802,10109378,9573807,2378,2365,367
1786399283089,5069200,1270528,1580080,1307472,8235616,0,1866944,0,1864836,38,7544594,37,7317254,3271,2206,11802,10109378,9573807,2378,2365,367
1786399283600,5069200,1270048,1579616,1307472,8235616,0,1866944,0,1864836,38,7544594,37,7317254,3271,2206,11802,10109378,9573807,2378,2365,367
1786399284103,5069200,1270048,1579616,1307472,8235616,0,1866944,0,1864836,38,7544594,37,7317254,3271,2206,11802,10109378,9573807,2378,2365,367
1786399284605,5069200,1270048,1579616,1307472,8235616,0,1866944,0,1864836,31,7544594,30,7317254,3271,2206,11802,10109378,9573807,2378,2365,367
1786399285112,5069200,1270048,1579616,1307472,8235616,0,1866944,0,1864836,31,7544594,30,7317254,3271,2206,11802,10109378,9573807,2378,2365,367
1786399285624,5069200,1270048,1579616,1307488,8235616,0,1866944,0,1864836,31,7544594,30,7317254,3271,2206,11802,10109378,9573807,2378,2365,367
1786399286129,5069200,1270048,1579616,1307488,8235616,0,1866944,0,1864836,31,7544594,30,7317254,3271,2206,11802,10109378,9573807,2378,2365,367
1786399286642,5069200,1270048,1579616,1307488,8235616,0,1866944,0,1864836,25,7544761,25,7317421,3271,2206,11802,10109378,9573807,2378,2365,367
1786399287151,5069200,1270048,1579616,1307488,8235616,0,1866944,0,1864836,25,7544761,25,7317421,3271,2206,11802,10109378,9573807,2378,2365,367
1786399287663,5069200,1270048,1579696,1307552,8235616,0,1866944,0,1864836,25,7544761,25,7317421,3271,2206,11802,10109378,9573807,2378,2365,367
1786399288172,5069200,1270048,1579696,1307552,8235616,0,1866944,0,1864836,25,7544761,25,7317421,3271,2206,11802,10109378,9573807,2378,2365,367
1786399288679,5069200,1270048,1579696,1307552,8235616,0,1866944,0,1864836,21,7544761,20,7317421,3271,2206,11802,10109378,9573807,2378,2365,367
1786399289181,5069200,1270048,1579696,1307552,8235616,0,1866944,0,1864836,21,7544761,20,7317421,3271,2206,11802,10109378,9573807,2378,2365,367
1786399289684,5069200,1270048,1579696,1307552,8235616,0,1866944,0,1864836,21,7544761,20,7317421,3271,2206,11802,10109378,9573807,2378,2365,367
1786399290193,5069200,1270048,1579696,1307552,8235616,0,1866944,0,1864836,21,7544761,20,7317421,3271,2206,11802,10109378,9573807,2378,2365,367
1786399290696,5069200,1270048,1579696,1307552,8235616,0,1866944,0,1864836,17,7544761,16,7317421,3271,2206,11802,10109378,9573807,2378,2365,367
1786399291199,5069200,1270048,1579696,1307552,8235616,0,1866944,0,1864836,17,7544761,16,7317421,3271,2206,11802,10109378,9573807,2378,2365,367
1786399291704,5069200,1270048,1579696,1307552,8235616,0,1866944,0,1864836,17,7544761,16,7317421,3271,2206,11802,10109378,9573807,2378,2365,367
1786399292207,5069200,1269808,1579456,1307552,8235616,0,1866944,0,1864836,17,7544761,16,7317421,3271,2206,11802,10109378,9573807,2378,2365,367
1786399292708,5069200,1269808,1579456,1307552,8235616,0,1866944,0,1864836,14,7544761,13,7317421,3271,2206,11802,10109378,9573807,2378,2365,367
1786399293216,5069200,1269808,1579456,1307552,8235616,0,1866944,0,1864836,14,7544761,13,7317421,3271,2206,11802,10109378,9573807,2378,2365,367
1786399293720,5069200,1269808,1579456,1307552,8235616,0,1866944,0,1864836,14,7544761,13,7317421,3271,2206,11802,10109378,9573807,2378,2365,367
1786399294232,5069200,1269808,1579456,1307552,8235616,0,1866944,0,1864836,14,7544761,13,7317421,3271,2206,11802,10109378,9573807,2378,2365,367
1786399294744,5069200,1269808,1579456,1307552,8235616,0,1866944,0,1864836,11,7544761,11,7317421,3271,2206,11802,10109378,9573807,2378,2365,367
1786399295256,5069200,1269808,1579456,1307552,8235616,0,1866944,0,1864836,11,7544761,11,7317421,3271,2206,11802,10109378,9573807,2378,2365,367
1786399295766,5069200,1269568,1579216,1307552,8235616,0,1866944,0,1864836,11,7544761,11,7317421,3271,2206,11802,10109378,9573807,2378,2365,367
1786399296273,5069200,1269568,1579216,1307552,8235616,0,1866944,0,1864836,11,7544761,11,7317421,3271,2206,11802,10109378,9573807,2378,2365,367
1786399296775,5069200,1269568,1579216,1307552,8235616,0,1866944,0,1864836,9,7544761,9,7317421,3271,2206,11802,10109378,9573807,2378,2365,367
1786399297278,5069200,1269568,1579216,1307552,8235616,0,1866944,0,1864836,9,7544761,9,7317421,3271,2206,11802,10109378,9573807,2378,2365,367
1786399297788,5069200,1269568,1579216,1307552,8235616,0,1866944,0,1864836,9,7544761,9,7317421,3271,2206,11802,10109378,9573807,2378,2365,367
1786399298299,5069200,1269568,1579216,1307552,8235616,0,1866944,0,1864836,9,7544761,9,7317421,3271,2206,11802,10109378,9573807,2378,2365,367
1786399298802,5069200,1269568,1579216,1307552,8235616,0,1866944,0,1864836,7,7544761,7,7317421,3271,2206,11802,10109378,9573807,2378,2365,367
1786399299308,5069200,1269568,1579216,1307552,8235616,0,1866944,0,1864836,7,7544761,7,7317421,3271,2206,11802,10109378,9573807,2378,2365,367
1786399299819,5069200,1269568,1579216,1307552,8235616,0,1866944,0,1864836,7,7544761,7,7317421,3271,2206,11802,10109378,9573807,2378,2365,367
1786399300326,5069200,1269328,1578976,1307552,8235616,0,1866944,0,1864836,7,7544761,7,7317421,3271,2206,11802,10109378,9573807,2378,2365,367
1786399300837,5069200,1269328,1578976,1307552,8235616,0,1866944,0,1864836,6,7544761,6,7317421,3271,2206,11802,10109378,9573807,2378,2365,367
1786399301342,5069200,1269328,1578976,1307552,8235616,0,1866944,0,1864836,6,7544761,6,7317421,3271,2206,11802,10109378,9573807,2378,2365,367
1786399301853,5069200,1269328,1578976,1307552,8235616,0,1866944,0,1864836,6,7544761,6,7317421,3271,2206,11802,10109378,9573807,2378,2365,367
1786399302359,5069200,1269328,1578976,1307552,8235616,0,1866944,0,1864836,6,7544761,6,7317421,3271,2206,11802,10109378,9573807,2378,2365,367
1786399302871,5069200,1269328,1578976,1307552,8235616,0,1866944,0,1864836,5,7544761,4,7317421,3271,2206,11802,10109378,9573807,2378,2365,367
1786399303375,5069200,1269328,1578976,1307552,8235616,0,1866944,0,1864836,5,7544761,4,7317421,3271,2206,11802,10109378,9573807,2378,2365,367
1786399303883,5069200,1269328,1578976,1307552,8235616,0,1866944,0,1864836,5,7544761,4,7317421,3271,2206,11802,10109378,9573807,2378,2365,367
1786399304390,5069200,1269328,1578976,1307552,8235616,0,1866944,0,1864836,5,7544761,4,7317421,3271,2206,11802,10109378,9573807,2378,2365,367
1786399304893,5069200,1269328,1578976,1307552,8235616,0,1866944,0,1864836,4,7544761,4,7317421,3271,2206,11802,10109378,9573807,2378,2365,367
1786399305396,5069200,1269328,1578976,1307552,8235616,0,1866944,0,1864836,4,7544761,4,7317421,3271,2206,11802,10109378,9573807,2378,2365,367
1786399305908,5069200,1269328,1578976,1307552,8235616,0,1866944,0,1864836,4,7544761,4,7317421,3271,2206,11802,10109378,9573807,2378,2365,367
1786399306419,5069200,1269328,1578976,1307552,8235616,0,1866944,0,1864836,4,7544761,4,7317421,3271,2206,11802,10109378,9573807,2378,2365,367
1786399306921,5069200,1269328,1578976,1307552,8235616,0,1866944,0,1864836,3,7544761,3,7317421,3271,2206,11802,10109378,9573807,2378,2365,367
1786399307433,5069200,1269088,1578736,1307552,8235616,0,1866944,0,1864836,3,7544761,3,7317421,3271,2206,11802,10109378,9573807,2378,2365,367
1786399307935,5069200,1269088,1578736,1307552,8235616,0,1866944,0,1864836,3,7544761,3,7317421,3271,2206,11802,10109378,9573807,2378,2365,367
1786399308447,5069200,1269088,1578736,1307552,8235616,0,1866944,0,1864836,3,7544761,3,7317421,3271,2206,11802,10109378,9573807,2378,2365,367
1786399308957,5069200,1269088,1578736,1307552,8235616,0,1866944,0,1864836,2,7544761,2,7317421,3271,2206,11802,10109378,9573807,2378,2365,367
1786399309467,5069200,1269088,1578736,1307552,8235616,0,1866944,0,1864836,2,7544761,2,7317421,3271,2206,11802,10109378,9573807,2378,2365,367
1786399309978,5069200,1269088,1578736,1307568,8235616,0,1866944,0,1864836,2,7544761,2,7317421,3271,2206,11802,10109378,9573807,2378,2365,367
1786399310482,5069200,1268848,1578496,1307568,8235616,0,1866944,0,1864836,2,7544761,2,7317421,3271,2206,11802,10109378,9573807,2378,2365,367
1786399310993,5069200,1268848,1578496,1307568,8235616,0,1866944,0,1864836,2,7544761,2,7317421,3271,2206,11802,10109378,9573807,2378,2365,367
1786399311496,5069200,1268848,1578800,1308176,8235616,0,1866944,0,1864836,2,7564260,2,7336797,3271,2206,11802,10109378,9573807,2378,2365,367
1786399312005,5069200,1269440,1579696,1308176,8235616,0,1866944,0,1864836,2,7564260,2,7336797,3271,2206,11802,10109378,9573807,2378,2365,367
1786399312511,5069200,1269440,1579696,1308176,8235616,0,1866944,0,1864836,1,7564260,1,7336797,3271,2206,11802,10109378,9573807,2378,2365,367
1786399313013,5069200,1269440,1579696,1308176,8235616,0,1866944,0,1864836,1,7564260,1,7336797,3271,2206,11802,10109378,9573807,2378,2365,367
1786399313518,5069200,1269264,1579520,1308176,8235616,0,1866944,0,1864836,1,7564260,1,7336797,3271,2206,11802,10109378,9573807,2378,2365,367
1786399314029,5069200,1269264,1579520,1308176,8235616,0,1866944,0,1864836,1,7564260,1,7336797,3271,2206,11802,10109378,9573807,2378,2365,367
1786399314538,5069200,1269024,1579280,1308176,8235616,0,1866944,0,1864836,1,7564260,1,7336797,3271,2206,11802,10109378,9573807,2378,2365,367
1786399315042,5069200,1269024,1579280,1308176,8235616,0,1866944,0,1864836,1,7564260,1,7336797,3271,2206,11802,10109378,9573807,2378,2365,367
1786399315554,5069200,1269024,1579280,1308176,8235616,0,1866944,0,1864836,1,7564260,1,7336797,3271,2206,11802,10109378,9573807,2378,2365,367
1786399316066,5069200,1269024,1579280,1308176,8235616,0,1866944,0,1864836,1,7564260,1,7336797,3271,2206,11802,10109378,9573807,2378,2365,367
1786399316575,5069200,1269504,1579760,1308176,8235616,0,1866944,0,1864836,1,7564260,1,7336797,3271,2206,11802,10109378,9573807,2378,2365,367
1786399317080,5069200,1269504,1579760,1308176,8235616,0,1866944,0,1864836,1,7564260,1,7336797,3271,2206,11802,10109378,9573807,2378,2365,367
1786399317582,5069200,1269504,1579760,1308176,8235616,0,1866944,0,1864836,1,7564260,1,7336797,3271,2206,11802,10109378,9573807,2378,2365,367
1786399318093,5069200,1269504,1579760,1308176,8235616,0,1866944,0,1864836,1,7564260,1,7336797,3271,2206,11802,10109378,9573807,2378,2365,367
1786399318599,5069200,1269504,1579760,1308176,8235616,0,1866944,0,1864836,0,7564260,0,7336797,3271,2206,11802,10109378,9573807,2378,2365,367
1786399319105,5069200,1269504,1579760,1308176,8235616,0,1866944,0,1864836,0,7564260,0,7336797,3271,2206,11802,10109378,9573807,2378,2365,367
1786399319617,5069200,1269920,1580176,1308176,8235616,0,1866944,0,1864836,0,7564260,0,7336797,3271,2206,11802,10109378,9573807,2378,2365,367
1786399320129,5069200,1270240,1580496,1308176,8235616,0,1866944,0,1864836,0,7564260,0,7336797,3271,2206,11802,10109378,9573807,2378,2365,367
1786399320633,5069200,1270240,1580496,1308176,8235616,0,1866944,0,1864836,0,7564260,0,7336797,3271,2206,11802,10109378,9573807,2378,2365,367
1786399321138,5069200,1270240,1580496,1308176,8235616,0,1866944,0,1864836,0,7564260,0,7336797,3271,2206,11802,10109378,9573807,2378,2365,367
1786399321646,5069200,1270240,1580496,1308176,8235616,0,1866944,0,1864836,0,7564260,0,7336797,3271,2206,11802,10109378,9573807,2378,2365,367
1786399322157,5069200,1270240,1580496,1308176,8235616,0,1866944,0,1864836,0,7564260,0,7336797,3271,2206,11802,10109378,9573807,2378,2365,367
1786399322664,5069200,1270240,1580496,1308176,8235616,0,1866944,0,1864836,0,7564260,0,7336797,3271,2206,11802,10109378,9573807,2378,2365,367
1786399323167,5069200,1270240,1580496,1308176,8235616,0,1866944,0,1864836,0,7564260,0,7336797,3271,2206,11802,10109378,9573807,2378,2365,367
1786399323671,5069200,1270240,1580496,1308176,8235616,0,1866944,0,1864836,0,7564260,0,7336797,3271,2206,11802,10109378,9573807,2378,2365,367
1786399324179,5069200,1270240,1580496,1308176,8235616,0,1866944,0,1864836,0,7564260,0,7336797,3271,2206,11802,10109378,9573807,2378,2365,367
1786399324687,5069200,1270240,1580496,1308176,8235616,0,1866944,0,1864836,0,7564260,0,7336797,3271,2206,11802,10109378,9573807,2378,2365,367
1786399325198,5069200,1270240,1580496,1308176,8235616,0,1866944,0,1864836,0,7564260,0,7336797,3271,2206,11802,10109378,9573807,2378,2365,367
1786399325700,5069200,1270000,1580256,1308176,8235616,0,1866944,0,1864836,0,7564260,0,7336797,3271,2206,11802,10109378,9573807,2378,2365,367
1786399326208,5069200,1270000,1580256,1308176,8235616,0,1866944,0,1864836,0,7564260,0,7336797,3271,2206,11802,10109378,9573807,2378,2365,367
1786399326716,5069200,1270000,1580256,1308176,8235616,0,1866944,0,1864836,0,7564260,0,7336797,3271,2206,11802,10109378,9573807,2378,2365,367
1786399327221,5069200,1270000,1580256,1308176,8235616,0,1866944,0,1864836,0,7564260,0,7336797,3271,2206,11802,10109378,9573807,2378,2365,367
1786399327727,5069200,1270000,1580256,1308176,8235616,0,1866944,0,1864836,0,7564260,0,7336797,3271,2206,11802,10109378,9573807,2378,2365,367
1786399328236,5069200,1270000,1580256,1308176,8235616,0,1866944,0,1864836,0,7564260,0,7336797,3271,2206,11802,10109378,9573807,2378,2365,367
1786399328744,5069200,1269760,1580016,1308176,8235616,0,1866944,0,1864836,0,7564260,0,7336797,3271,2206,11802,10109378,9573807,2378,2365,367
1786399329254,5069200,1270240,1580496,1308176,8235616,0,1866944,0,1864836,0,7564260,0,7336797,3271,2206,11802,10109378,9573807,2378,2365,367
1786399329762,5069200,1270240,1580496,1308176,8235616,0,1866944,0,1864836,0,7564260,0,7336797,3271,2206,11802,10109378,9573807,2378,2365,367
1786399330266,5069200,1270240,1580496,1308176,8235616,0,1866944,0,1864836,0,7564260,0,7336797,3271,2206,11802,10109378,9573807,2378,2365,367
1786399330776,5069200,1270000,1580256,1308176,8235616,0,1866944,0,1864836,0,7564260,0,7336797,3271,2206,11802,10109378,9573807,2378,2365,367
1786399331287,5069200,1270000,1580256,1308176,8235616,0,1866944,0,1864836,0,7564260,0,7336797,3271,2206,11802,10109378,9573807,2378,2365,367
1786399331803,5069200,1270000,1580256,1308176,8235616,0,1866944,0,1864836,0,7564260,0,7336797,3271,2206,11802,10109378,9573807,2378,2365,367
1786399332313,5069200,1270000,1580256,1308176,8235616,0,1866944,0,1864836,0,7564260,0,7336797,3271,2206,11802,10109378,9573807,2378,2365,367
1786399332825,5069200,1270000,1580256,1308176,8235616,0,1866944,0,1864836,0,7564260,0,7336797,3271,2206,11802,10109378,9573807,2378,2365,367
1786399333335,5069200,1270000,1580256,1308176,8235616,0,1866944,0,1864836,0,7564260,0,7336797,3271,2206,11802,10109378,9573807,2378,2365,367
1786399333838,5069200,1270000,1580256,1308176,8235616,0,1866944,0,1864836,0,7564260,0,7336797,3271,2206,11802,10109378,9573807,2378,2365,367
1786399334341,5069200,1269760,1580016,1308176,8235616,0,1866944,0,1864836,0,7564260,0,7336797,3271,2206,11802,10109378,9573807,2378,2365,367
1786399334842,5069200,1269760,1580016,1308176,8235616,0,1866944,0,1864836,0,7564260,0,7336797,3271,2206,11802,10109378,9573807,2378,2365,367
1786399335353,5069200,1269760,1580016,1308176,8235616,0,1866944,0,1864836,0,7564260,0,7336797,3271,2206,11802,10109378,9573807,2378,2365,367
1786399335857,5069200,1269760,1580016,1308176,8235616,0,1866944,0,1864836,0,7564260,0,7336797,3271,2206,11802,10109378,9573807,2378,2365,367
1786399336369,5069200,1269760,1580016,1308176,8235616,0,1866944,0,1864836,0,7564260,0,7336797,3271,2206,11802,10109378,9573807,2378,2365,367
1786399336871,5069200,1269760,1580016,1308176,8235616,0,1866944,0,1864836,0,7586543,0,7358587,3271,2206,11802,10109378,9573807,2378,2365,367
1786399337383,5069200,1269760,1580016,1308176,8235616,0,1866944,0,1864836,0,7586543,0,7358587,3271,2206,11802,10109378,9573807,2378,2365,367
1786399337888,5069200,1269760,1580016,1308176,8235616,0,1866944,0,1864836,0,7586543,0,7358587,3271,2206,11802,10109378,9573807,2378,2365,367
1786399338390,5069200,1269760,1580016,1308176,8235616,0,1866944,0,1864836,0,7586543,0,7358587,3271,2206,11802,10109378,9573807,2378,2365,367
1786399338898,5069200,1269760,1580016,1308176,8235616,0,1866944,0,1864836,18,7586543,18,7358587,3271,2206,11802,10109378,9573807,2378,2365,367
1786399339406,5069200,1269760,1580016,1308176,8235616,0,1866944,0,1864836,18,7586543,18,7358587,3271,2206,11802,10109378,9573807,2378,2365,367
1786399339913,5069200,1269760,1580016,1308176,8235616,0,1866944,0,1864836,18,7586543,18,7358587,3271,2206,11802,10109378,9573807,2378,2365,367
1786399340419,5069200,1269760,1580016,1308176,8235616,0,1866944,0,1864836,18,7586543,18,7358587,3271,2206,11802,10109378,9573807,2378,2365,367
1786399340927,5069200,1269760,1580016,1308176,8235616,0,1866944,0,1864836,14,7586543,14,7358587,3271,2206,11802,10109378,9573807,2378,2365,367
1786399341436,5069200,1269760,1580016,1308176,8235616,0,1866944,0,1864836,14,7586543,14,7358587,3271,2206,11802,10109378,9573807,2378,2365,367
1786399341939,5069200,1269760,1580016,1308176,8235616,0,1866944,0,1864836,14,7586543,14,7358587,3271,2206,11802,10109378,9573807,2378,2365,367
1786399342442,5069200,1269760,1580016,1308176,8235616,0,1866944,0,1864836,14,7586543,14,7358587,3271,2206,11802,10109378,9573807,2378,2365,367
1786399342944,5069200,1269760,1580016,1308176,8235616,0,1866944,0,1864836,12,7586543,12,7358587,3271,2206,11802,10109378,9573807,2378,2365,367
1786399343448,5069200,1269760,1580016,1308176,8235616,0,1866944,0,1864836,12,7586543,12,7358587,3271,2206,11802,10109378,9573807,2378,2365,367
1786399343960,5069200,1269760,1580016,1308176,8235616,0,1866944,0,1864836,12,7586543,12,7358587,3271,2206,11802,10109378,9573807,2378,2365,367
1786399344464,5069200,1269520,1579776,1308176,8235616,0,1866944,0,1864836,12,7586543,12,7358587,3271,2206,11802,10109378,9573807,2378,2365,367
1786399344974,5069200,1269520,1579776,1308176,8235616,0,1866944,0,1864836,9,7586543,9,7358587,3271,2206,11802,10109378,9573807,2378,2365,367
1786399345478,5069200,1269520,1579776,1308176,8235616,0,1866944,0,1864836,9,7586543,9,7358587,3271,2206,11802,10109378,9573807,2378,2365,367
1786399345987,5069200,1269520,1579776,1308176,8235616,0,1866944,0,1864836,9,7586543,9,7358587,3271,2206,11802,10109378,9573807,2378,2365,367
1786399346488,5069200,1269520,1579776,1308176,8235616,0,1866944,0,1864836,8,7586543,8,7358587,3271,2206,11802,10109378,9573807,2378,2365,367
1786399346993,5069200,1269520,1579776,1308176,8235616,0,1866944,0,1864836,8,7586543,8,7358587,3271,2206,11802,10109378,9573807,2378,2365,367
1786399347504,5069200,1269280,1579536,1308176,8235616,0,1866944,0,1864836,8,7586543,8,7358587,3271,2206,11802,10109378,9573807,2378,2365,367
1786399348011,5069200,1269280,1579536,1308176,8235616,0,1866944,0,1864836,8,7586543,8,7358587,3271,2206,11802,10109378,9573807,2378,2365,367
1786399348515,5069200,1269280,1579536,1308176,8235616,0,1866944,0,1864836,6,7586543,6,7358587,3271,2206,11802,10109378,9573807,2378,2365,367
1786399349027,5069200,1269280,1579536,1308176,8235616,0,1866944,0,1864836,6,7586543,6,7358587,3271,2206,11802,10109378,9573807,2378,2365,367
1786399349537,5069200,1269040,1579296,1308176,8235616,0,1866944,0,1864836,6,7586543,6,7358587,3271,2206,11802,10109378,9573807,2378,2365,367
1786399350038,5069200,1269040,1579296,1308176,8235616,0,1866944,0,1864836,6,7586543,6,7358587,3271,2206,11802,10109378,9573807,2378,2365,367
1786399350549,5069200,1269040,1579296,1308176,8235616,0,1866944,0,1864836,5,7586543,5,7358587,3271,2206,11802,10109378,9573807,2378,2365,367
1786399351053,5069200,1269040,1579296,1308176,8235616,0,1866944,0,1864836,5,7586543,5,7358587,3271,2206,11802,10109378,9573807,2378,2365,367
1786399351562,5069200,1269040,1579296,1308176,8235616,0,1866944,0,1864836,5,7586543,5,7358587,3271,2206,11802,10109378,9573807,2378,2365,367
1786399352067,5069200,1269040,1579296,1308176,8235616,0,1866944,0,1864836,5,7586543,5,7358587,3271,2206,11802,10109378,9573807,2378,2365,367
1786399352579,5069200,1269040,1579296,1308176,8235616,0,1866944,0,1864836,4,7586543,4,7358587,3271,2206,11802,10109378,9573807,2378,2365,367
1786399353081,5069200,1269040,1579296,1308176,8235616,0,1866944,0,1864836,4,7586543,4,7358587,3271,2206,11802,10109378,9573807,2378,2365,367
1786399353586,5069200,1269040,1579296,1308176,8235616,0,1866944,0,1864836,4,7586543,4,7358587,3271,2206,11802,10109378,9573807,2378,2365,367
1786399354092,5069200,1269040,1579296,1308176,8235616,0,1866944,0,1864836,4,7586543,4,7358587,3271,2206,11802,10109378,9573807,2378,2365,367
1786399354598,5069200,1269040,1579296,1308176,8235616,0,1866944,0,1864836,3,7586543,3,7358587,3271,2206,11802,10109378,9573807,2378,2365,367
1786399355102,5069200,1268800,1579056,1308176,8235616,0,1866944,0,1864836,3,7586543,3,7358587,3271,2206,11802,10109378,9573807,2378,2365,367
1786399355607,5069200,1268800,1579056,1308176,8235616,0,1866944,0,1864836,3,7586543,3,7358587,3271,2206,11802,10109378,9573807,2378,2365,367
1786399356119,5069200,1268560,1578816,1308176,8235616,0,1866944,0,1864836,3,7586543,3,7358587,3271,2206,11802,10109378,9573807,2378,2365,367
1786399356624,5069200,1268560,1578816,1308176,8235616,0,1866944,0,1864836,2,7586543,2,7358587,3271,2206,11802,10109378,9573807,2378,2365,367
1786399357128,5069200,1268560,1578816,1308176,8235616,0,1866944,0,1864836,2,7586543,2,7358587,3271,2206,11802,10109378,9573807,2378,2365,367
1786399357630,5069200,1268560,1578816,1308176,8235616,0,1866944,0,1864836,2,7586543,2,7358587,3271,2206,11802,10109378,9573807,2378,2365,367
1786399358131,5069200,1268560,1578816,1308176,8235616,0,1866944,0,1864836,2,7586543,2,7358587,3271,2206,11802,10109378,9573807,2378,2365,367
1786399358642,5069200,1268320,1578576,1308176,8235616,0,1866944,0,1864836,2,7586543,2,7358587,3271,2206,11802,10109378,9573807,2378,2365,367
1786399359150,5069200,1268320,1578576,1308176,8235616,0,1866944,0,1864836,2,7586543,2,7358587,3271,2206,11802,10109378,9573807,2378,2365,367
1786399359658,5069200,1268080,1578336,1308176,8235616,0,1866944,0,1864836,2,7586543,2,7358587,3271,2206,11802,10109378,9573807,2378,2365,367
1786399360167,5069200,1268080,1578336,1308176,8235616,0,1866944,0,1864836,2,7586543,2,7358587,3271,2206,11802,10109378,9573807,2378,2365,367
1786399360680,5069200,1268080,1578336,1308176,8235616,0,1866944,0,1864836,1,7586543,1,7358587,3271,2206,11802,10109378,9573807,2378,2365,367
1786399361186,5069200,1268080,1578336,1308176,8235616,0,1866944,0,1864836,1,7586543,1,7358587,3271,2206,11802,10109378,9573807,2378,2365,367
1786399361690,5069200,1267840,1578096,1308176,8235616,0,1866944,0,1864836,1,7586543,1,7358587,3271,2206,11802,10109378,9573807,2378,2365,367
1786399362200,5069200,1267840,1578096,1308176,8235616,0,1866944,0,1864836,1,7586543,1,7358587,3271,2206,11802,10109378,9573807,2378,2365,367
1786399362702,5069200,1267840,1578096,1308176,8235616,0,1866944,0,1864836,1,7586543,1,7358587,3271,2206,11802,10109378,9573807,2378,2365,367
1786399363205,5069200,1267600,1577856,1308176,8235616,0,1866944,0,1864836,1,7586543,1,7358587,3271,2206,11802,10109378,9573807,2378,2365,367
1786399363714,5069200,1267600,1577856,1308176,8235616,0,1866944,0,1864836,1,7586543,1,7358587,3271,2206,11802,10109378,9573807,2378,2365,367
1786399364217,5069200,1267600,1577856,1308176,8235616,0,1866944,0,1864836,1,7586543,1,7358587,3271,2206,11802,10109378,9573807,2378,2365,367
1786399364719,5069200,1267600,1577856,1308176,8235616,0,1866944,0,1864836,1,7586543,1,7358587,3271,2206,11802,10109378,9573807,2378,2365,367
1786399365231,5069200,1267600,1577856,1308176,8235616,0,1866944,0,1864836,1,7586543,1,7358587,3271,2206,11802,10109378,9573807,2378,2365,367
1786399365742,5069200,1267360,1577616,1308176,8235616,0,1866944,0,1864836,1,7586543,1,7358587,3271,2206,11802,10109378,9573807,2378,2365,367
1786399366243,5069200,1267360,1577616,1308176,8235616,0,1866944,0,1864836,1,7586543,1,7358587,3271,2206,11802,10109378,9573807,2378,2365,367
1786399366751,5069200,1267360,1577616,1308176,8235616,0,1866944,0,1864836,0,7586543,0,7358587,3271,2206,11802,10109378,9573807,2378,2365,367
1786399367259,5069200,1267360,1577616,1308176,8235616,0,1866944,0,1864836,0,7586543,0,7358587,3271,2206,11802,10109378,9573807,2378,2365,367
1786399367772,5069200,1267120,1577376,1308176,8235616,0,1866944,0,1864836,0,7586543,0,7358587,3271,2206,11802,10109378,9573807,2378,2365,367
1786399368283,5069200,1267120,1577376,1308176,8235616,0,1866944,0,1864836,0,7586543,0,7358587,3271,2206,11802,10109378,9573807,2378,2365,367
1786399368793,5069200,1267120,1577376,1308192,8235616,0,1866944,0,1864836,0,7586543,0,7358587,3271,2206,11802,10109378,9573807,2378,2365,367
1786399369299,5069200,1267120,1577376,1308192,8235616,0,1866944,0,1864836,0,7586543,0,7358587,3271,2206,11802,10109378,9573807,2378,2365,367
1786399369811,5069200,1267120,1577376,1308192,8235616,0,1866944,0,1864836,0,7586543,0,7358587,3271,2206,11802,10109378,9573807,2378,2365,367
1786399370312,5069200,1267120,1577376,1308192,8235616,0,1866944,0,1864836,0,7586543,0,7358587,3271,2206,11802,10109378,9573807,2378,2365,367
1786399370814,5069200,1267120,1577376,1308192,8235616,0,1866944,0,1864836,0,7586543,0,7358587,3271,2206,11802,10109378,9573807,2378,2365,367
1786399371324,5069200,1267120,1577376,1308192,8235616,0,1866944,0,1864836,0,7586543,0,7358587,3271,2206,11802,10109378,9573807,2378,2365,367
1786399371837,5069200,1266880,1577136,1308192,8235616,0,1866944,0,1864836,0,7586543,0,7358587,3271,2206,11802,10109378,9573807,2378,2365,367
1786399372347,5069200,1266880,1577136,1308192,8235616,0,1866944,0,1864836,0,7586543,0,7358587,3271,2206,11802,10109378,9573807,2378,2365,367
1786399372859,5069200,1266880,1577136,1308192,8235616,0,1866944,0,1864836,0,7586543,0,7358587,3271,2206,11802,10109378,9573807,2378,2365,367
1786399373371,5069200,1266880,1577136,1308192,8235616,0,1866944,0,1864836,0,7586543,0,7358587,3271,2206,11802,10109378,9573807,2378,2365,367
1786399373882,5069200,1266880,1577136,1308192,8235616,0,1866944,0,1864836,0,7586543,0,7358587,3271,2206,11802,10109378,9573807,2378,2365,367
1786399374386,5069200,1266640,1576896,1308192,8235616,0,1866944,0,1864836,0,7586543,0,7358587,3271,2206,11802,10109378,9573807,2378,2365,367
1786399374897,5069200,1266640,1576896,1308192,8235616,0,1866944,0,1864836,0,7586543,0,7358587,3271,2206,11802,10109378,9573807,2378,2365,367
1786399375408,5069200,1266400,1576656,1308192,8235616,0,1866944,0,1864836,0,7586543,0,7358587,3271,2206,11802,10109378,9573807,2378,2365,367
1786399375919,5069200,1266400,1576656,1308192,8235616,0,1866944,0,1864836,0,7586543,0,7358587,3271,2206,11802,10109378,9573807,2378,2365,367
1786399376427,5069200,1266400,1576656,1308192,8235616,0,1866944,0,1864836,0,7586543,0,7358587,3271,2206,11802,10109378,9573807,2378,2365,367
1786399376940,5069200,1266400,1576656,1308192,8235616,0,1866944,0,1864836,0,7586543,0,7358587,3271,2206,11802,10109378,9573807,2378,2365,367
1786399377452,5069200,1266400,1576656,1308192,8235616,0,1866944,0,1864836,0,7586543,0,7358587,3271,2206,11802,10109378,9573807,2378,2365,367
1786399377963,5069200,1266400,1576656,1308192,8235616,0,1866944,0,1864836,0,7586543,0,7358587,3271,2206,11802,10109378,9573807,2378,2365,367
1786399378467,5069200,1266400,1576656,1308192,8235616,0,1866944,0,1864836,0,7586543,0,7358587,3271,2206,11802,10109378,9573807,2378,2365,367
1786399378969,5069200,1266400,1576656,1308192,8235616,0,1866944,0,1864836,0,7586543,0,7358587,3271,2206,11802,10109378,9573807,2378,2365,367
1786399379477,5069200,1266400,1576656,1308192,8235616,0,1866944,0,1864836,0,7586543,0,7358587,3271,2206,11802,10109378,9573807,2378,2365,367
1786399379980,5069200,1266400,1576656,1308192,8235616,0,1866944,0,1864836,0,7586543,0,7358587,3271,2206,11802,10109378,9573807,2378,2365,367
1786399380487,5069200,1266400,1576656,1308192,8235616,0,1866944,0,1864836,0,7586543,0,7358587,3271,2206,11802,10109378,9573807,2378,2365,367
1786399380993,5069200,1266400,1576656,1308192,8235616,0,1866944,0,1864836,0,7586543,0,7358587,3271,2206,11802,10109378,9573807,2378,2365,367
1786399381502,5069200,1266160,1576416,1308192,8235616,0,1866944,0,1864836,0,7586543,0,7358587,3271,2206,11802,10109378,9573807,2378,2365,367
1786399382006,5069200,1266160,1576416,1308192,8235616,0,1866944,0,1864836,0,7586543,0,7358587,3271,2206,11802,10109378,9573807,2378,2365,367
1786399382514,5069200,1266160,1576416,1308192,8235616,0,1866944,0,1864836,0,7586543,0,7358587,3271,2206,11802,10109378,9573807,2378,2365,367
1786399383017,5069200,1266160,1576416,1308192,8235616,0,1866944,0,1864836,0,7586543,0,7358587,3271,2206,11802,10109378,9573807,2378,2365,367
1786399383519,5069200,1266160,1576416,1308192,8235616,0,1866944,0,1864836,0,7586543,0,7358587,3271,2206,11802,10109378,9573807,2378,2365,367
1786399384029,5069200,1266160,1576416,1308192,8235616,0,1866944,0,1864836,0,7586543,0,7358587,3271,2206,11802,10109378,9573807,2378,2365,367
1786399384536,5069200,1265920,1576176,1308192,8235616,0,1866944,0,1864836,0,7586543,0,7358587,3271,2206,11802,10109378,9573807,2378,2365,367
1786399385042,5069200,1265920,1576176,1308192,8235616,0,1866944,0,1864836,0,7586543,0,7358587,3271,2206,11802,10109378,9573807,2378,2365,367
1786399385550,5069200,1265920,1576176,1308192,8235616,0,1866944,0,1864836,0,7586543,0,7358587,3271,2206,11802,10109378,9573807,2378,2365,367
1786399386056,5069200,1265920,1576176,1308192,8235616,0,1866944,0,1864836,0,7586543,0,7358587,3271,2206,11802,10109378,9573807,2378,2365,367
1786399386556,5069200,1265680,1575936,1308192,8235616,0,1866944,0,1864836,0,7586543,0,7358587,3271,2206,11802,10109378,9573807,2378,2365,367
1786399387058,5069200,1265680,1575936,1308192,8235616,0,1866944,0,1864836,0,7586543,0,7358587,3271,2206,11802,10109378,9573807,2378,2365,367
1786399387559,5069200,1265680,1575936,1308192,8235616,0,1866944,0,1864836,0,7586543,0,7358587,3271,2206,11802,10109378,9573807,2378,2365,367
1786399388063,5069200,1265680,1575936,1308192,8235616,0,1866944,0,1864836,0,7586543,0,7358587,3271,2206,11802,10109378,9573807,2378,2365,367
1786399388569,5069200,1265680,1575936,1308192,8235616,0,1866944,0,1864836,0,7586543,0,7358587,3271,2206,11802,10109378,9573807,2378,2365,367
1786399389079,5069200,1265440,1575696,1308192,8235616,0,1866944,0,1864836,0,7586543,0,7358587,3271,2206,11802,10109378,9573807,2378,2365,367
1786399389587,5069200,1265440,1575696,1308192,8235616,0,1866944,0,1864836,0,7586543,0,7358587,3271,2206,11802,10109378,9573807,2378,2365,367
1786399390097,5069200,1265440,1575696,1308192,8235616,0,1866944,0,1864836,0,7586543,0,7358587,3271,2206,11802,10109378,9573807,2378,2365,367
1786399390608,5069200,1265440,1575696,1308192,8235616,0,1866944,0,1864836,0,7586543,0,7358587,3271,2206,11802,10109378,9573807,2378,2365,367
1786399391119,5069200,1265440,1575696,1308192,8235616,0,1866944,0,1864836,0,7586543,0,7358587,3271,2206,11802,10109378,9573807,2378,2365,367
1786399391621,5069200,1265440,1575696,1308192,8235616,0,1866944,0,1864836,0,7586543,0,7358587,3271,2206,11802,10109378,9573807,2378,2365,367
1786399392131,5069200,1265440,1575696,1308192,8235616,0,1866944,0,1864836,0,7586543,0,7358587,3271,2206,11802,10109378,9573807,2378,2365,367
1786399392639,5069200,1265440,1575696,1308192,8235616,0,1866944,0,1864836,0,7586543,0,7358587,3271,2206,11802,10109378,9573807,2378,2365,367
1786399393145,5069200,1265440,1575696,1308192,8235616,0,1866944,0,1864836,0,7586543,0,7358587,3271,2206,11802,10109378,9573807,2378,2365,367
1786399393648,5069200,1265440,1575696,1308192,8235616,0,1866944,0,1864836,0,7586543,0,7358587,3271,2206,11802,10109378,9573807,2378,2365,367
1786399394156,5069200,1265440,1575696,1308192,8235616,0,1866944,0,1864836,0,7586543,0,7358587,3271,2206,11802,10109378,9573807,2378,2365,367
1786399394666,5069200,1265440,1575696,1308192,8235616,0,1866944,0,1864836,0,7586543,0,7358587,3271,2206,11802,10109378,9573807,2378,2365,367
1786399395170,5069200,1265440,1575696,1308192,8235616,0,1866944,0,1864836,0,7586543,0,7358587,3271,2206,11802,10109378,9573807,2378,2365,367
1786399395678,5069200,1265440,1575680,1308192,8235616,0,1866944,0,1864836,0,7586543,0,7358587,3271,2206,11802,10109378,9573807,2378,2365,367
1786399396180,5069200,1265440,1575680,1308192,8235616,0,1866944,0,1864836,0,7586543,0,7358587,3271,2206,11802,10109378,9573807,2378,2365,367
1786399396687,5069200,1265440,1575680,1308192,8235616,0,1866944,0,1864836,0,7586543,0,7358587,3271,2206,11802,10109378,9573807,2378,2365,367
1786399397190,5069200,1265440,1575696,1308192,8235616,0,1866944,0,1864836,0,7586543,0,7358587,3271,2206,11802,10109378,9573807,2378,2365,367
1786399397702,5069200,1265440,1575696,1308192,8235616,0,1866944,0,1864836,0,7586543,0,7358587,3271,2206,11802,10109378,9573807,2378,2365,367
1786399398211,5069200,1265440,1575696,1308192,8235616,0,1866944,0,1864836,0,7586543,0,7358587,3271,2206,11802,10109378,9573807,2378,2365,367
1786399398716,5069200,1265440,1575696,1308192,8235616,0,1866944,0,1864836,0,7586543,0,7358587,3271,2206,11802,10109378,9573807,2378,2365,367
1786399399219,5069200,1265440,1575696,1308192,8235616,0,1866944,0,1864836,0,7586543,0,7358587,3271,2206,11802,10109378,9573807,2378,2365,367
1786399399720,5069200,1265440,1575696,1308192,8235616,0,1866944,0,1864836,0,7586543,0,7358587,3271,2206,11802,10109378,9573807,2378,2365,367
1786399400231,5069200,1265440,1575696,1308192,8235616,0,1866944,0,1864836,0,7586543,0,7358587,3271,2206,11802,10109378,9573807,2378,2365,367
1786399400733,5069200,1265440,1575696,1308192,8235616,0,1866944,0,1864836,0,7586543,0,7358587,3271,2206,11802,10109378,9573807,2378,2365,367
1786399401235,5069200,1265440,1575696,1308192,8235616,0,1866944,0,1864836,0,7586543,0,7358587,3271,2206,11802,10109378,9573807,2378,2365,367
1786399401745,5069200,1265440,1575696,1308192,8235616,0,1866944,0,1864836,0,7586543,0,7358587,3271,2206,11802,10109378,9573807,2378,2365,367
1786399402257,5069200,1265200,1575456,1308192,8235616,0,1866944,0,1864836,0,7586543,0,7358587,3271,2206,11802,10109378,9573807,2378,2365,367
1786399402762,5069200,1265200,1575456,1308192,8235616,0,1866944,0,1864836,0,7586543,0,7358587,3271,2206,11802,10109378,9573807,2378,2365,367
1786399403271,5069200,1265200,1575456,1308192,8235616,0,1866944,0,1864836,0,7586543,0,7358587,3271,2206,11802,10109378,9573807,2378,2365,367
1786399403775,5069200,1265200,1575456,1308192,8235616,0,1866944,0,1864836,0,7586543,0,7358587,3271,2206,11802,10109378,9573807,2378,2365,367
1786399404281,5069200,1264960,1575216,1308192,8235616,0,1866944,0,1864836,0,7586543,0,7358587,3271,2206,11802,10109378,9573807,2378,2365,367
1786399404789,5069200,1264960,1575216,1308192,8235616,0,1866944,0,1864836,0,7586543,0,7358587,3271,2206,11802,10109378,9573807,2378,2365,367
1786399405298,5069200,1264960,1575216,1308192,8235616,0,1866944,0,1864836,0,7595471,0,7367481,3271,2206,11802,10109378,9573807,2378,2365,367
1786399405801,5069200,1264960,1575216,1308192,8235616,0,1866944,0,1864836,0,7595471,0,7367481,3271,2206,11802,10109378,9573807,2378,2365,367
1786399406313,5069200,1264960,1575216,1308192,8235616,0,1866944,0,1864836,0,7595471,0,7367481,3271,2206,11802,10109378,9573807,2378,2365,367
1786399406822,5069200,1264720,1574976,1308192,8235616,0,1866944,0,1864836,0,7595471,0,7367481,3271,2206,11802,10109378,9573807,2378,2365,367
1786399407333,5069200,1264720,1574976,1308192,8235616,0,1866944,0,1864836,0,7595471,0,7367481,3271,2206,11802,10109378,9573807,2378,2365,367
1786399407835,5069200,1264720,1574976,1308192,8235616,0,1866944,0,1864836,0,7595471,0,7367481,3271,2206,11802,10109378,9573807,2378,2365,367
1786399408346,5069200,1264720,1574976,1308192,8235616,0,1866944,0,1864836,0,7595471,0,7367481,3271,2206,11802,10109378,9573807,2378,2365,367
1786399408848,5069200,1264720,1574976,1308192,8235616,0,1866944,0,1864836,0,7595471,0,7367481,3271,2206,11802,10109378,9573807,2378,2365,367
1786399409355,5069200,1264480,1574736,1308192,8235616,0,1866944,0,1864836,0,7595471,0,7367481,3271,2206,11802,10109378,9573807,2378,2365,367
1786399409867,5069200,1264480,1574736,1308192,8235616,0,1866944,0,1864836,0,7595471,0,7367481,3271,2206,11802,10109378,9573807,2378,2365,367
1786399410373,5069200,1264480,1574736,1308192,8235616,0,1866944,0,1864836,0,7595471,0,7367481,3271,2206,11802,10109378,9573807,2378,2365,367
1786399410885,5069200,1264480,1574736,1308192,8235616,0,1866944,0,1864836,0,7595471,0,7367481,3271,2206,11802,10109378,9573807,2378,2365,367
1786399411397,5069200,1264480,1574736,1308192,8235616,0,1866944,0,1864836,0,7595471,0,7367481,3271,2206,11802,10109378,9573807,2378,2365,367
1786399411902,5069200,1264480,1574736,1308192,8235616,0,1866944,0,1864836,0,7595471,0,7367481,3271,2206,11802,10109378,9573807,2378,2365,367
1786399412413,5069200,1264240,1574496,1308192,8235616,0,1866944,0,1864836,0,7595471,0,7367481,3271,2206,11802,10109378,9573807,2378,2365,367
1786399412919,5069200,1264240,1574496,1308192,8235616,0,1866944,0,1864836,0,7595471,0,7367481,3271,2206,11802,10109378,9573807,2378,2365,367
1786399413422,5069200,1264240,1574496,1308192,8235616,0,1866944,0,1864836,0,7595471,0,7367481,3271,2206,11802,10109378,9573807,2378,2365,367
1786399413929,5069200,1264240,1574496,1308192,8235616,0,1866944,0,1864836,0,7595471,0,7367481,3271,2206,11802,10109378,9573807,2378,2365,367
1786399414437,5069200,1264240,1574496,1308192,8235616,0,1866944,0,1864836,0,7595471,0,7367481,3271,2206,11802,10109378,9573807,2378,2365,367
1786399414939,5069200,1264240,1574496,1308192,8235616,0,1866944,0,1864836,0,7595471,0,7367481,3271,2206,11802,10109378,9573807,2378,2365,367
1786399415446,5069200,1264240,1574496,1308192,8235616,0,1866944,0,1864836,0,7595471,0,7367481,3271,2206,11802,10109378,9573807,2378,2365,367
1786399415947,5069200,1264240,1574496,1308192,8235616,0,1866944,0,1864836,0,7595471,0,7367481,3271,2206,11802,10109378,9573807,2378,2365,367
1786399416458,5069200,1264240,1574496,1308192,8235616,0,1866944,0,1864836,0,7595471,0,7367481,3271,2206,11802,10109378,9573807,2378,2365,367
1786399416960,5069200,1264240,1574496,1308192,8235616,0,1866944,0,1864836,0,7595471,0,7367481,3271,2206,11802,10109378,9573807,2378,2365,367
1786399417462,5069200,1264240,1574496,1308192,8235616,0,1866944,0,1864836,0,7595471,0,7367481,3271,2206,11802,10109378,9573807,2378,2365,367
1786399417964,5069200,1264240,1574496,1308192,8235616,0,1866944,0,1864836,0,7595471,0,7367481,3271,2206,11802,10109378,9573807,2378,2365,367
1786399418476,5069200,1264000,1574256,1308192,8235616,0,1866944,0,1864836,0,7595471,0,7367481,3271,2206,11802,10109378,9573807,2378,2365,367
1786399418988,5069200,1264000,1574256,1308192,8235616,0,1866944,0,1864836,0,7595471,0,7367481,3271,2206,11802,10109378,9573807,2378,2365,367
1786399419499,5069200,1264000,1574256,1308192,8235616,0,1866944,0,1864836,0,7595471,0,7367481,3271,2206,11802,10109378,9573807,2378,2365,367
1786399420009,5069200,1264000,1574256,1308192,8235616,0,1866944,0,1864836,0,7595471,0,7367481,3271,2206,11802,10109378,9573807,2378,2365,367
1786399420512,5069200,1264000,1574256,1308192,8235616,0,1866944,0,1864836,0,7595471,0,7367481,3271,2206,11802,10109378,9573807,2378,2365,367
1786399421022,5069200,1264000,1574256,1308192,8235616,0,1866944,0,1864836,0,7595471,0,7367481,3271,2206,11802,10109378,9573807,2378,2365,367
1786399421524,5069200,1263760,1574016,1308192,8235616,0,1866944,0,1864836,0,7595471,0,7367481,3271,2206,11802,10109378,9573807,2378,2365,367
1786399422029,5069200,1263520,1573776,1308192,8235616,0,1866944,0,1864836,0,7595471,0,7367481,3271,2206,11802,10109378,9573807,2378,2365,367
1786399422536,5069200,1263520,1573776,1308192,8235616,0,1866944,0,1864836,0,7595471,0,7367481,3271,2206,11802,10109378,9573807,2378,2365,367
1786399423044,5069200,1264112,1574368,1308192,8235616,0,1866944,0,1864836,0,7595471,0,7367481,3271,2206,11802,10109378,9573807,2378,2365,367
1786399423548,5069200,1263984,1574240,1308192,8235616,0,1866944,0,1864836,0,7595471,0,7367481,3271,2206,11802,10109378,9573807,2378,2365,367
1786399424056,5069200,1263984,1574240,1308192,8235616,0,1866944,0,1864836,0,7595471,0,7367481,3271,2206,11802,10109378,9573807,2378,2365,367
1786399424561,5069200,1263984,1574240,1308192,8235616,0,1866944,0,1864836,0,7595471,0,7367481,3271,2206,11802,10109378,9573807,2378,2365,367
1786399425062,5069200,1263984,1574240,1308192,8235616,0,1866944,0,1864836,0,7595471,0,7367481,3271,2206,11802,10109378,9573807,2378,2365,367
1786399425573,5069200,1263984,1574240,1308192,8235616,0,1866944,0,1864836,0,7595471,0,7367481,3271,2206,11802,10109378,9573807,2378,2365,367
1786399426077,5069200,1263984,1574240,1308192,8235616,0,1866944,0,1864836,0,7595471,0,7367481,3271,2206,11802,10109378,9573807,2378,2365,367
1786399426589,5069200,1263744,1574000,1308192,8235616,0,1866944,0,1864836,0,7595471,0,7367481,3271,2206,11802,10109378,9573807,2378,2365,367
1786399427098,5069200,1263744,1574000,1308192,8235616,0,1866944,0,1864836,0,7595471,0,7367481,3271,2206,11802,10109378,9573807,2378,2365,367
1786399427610,5069200,1263744,1574000,1308208,8235616,0,1866944,0,1864836,0,7595471,0,7367481,3271,2206,11802,10109378,9573807,2378,2365,367
1786399428118,5069200,1263744,1574000,1308208,8235616,0,1866944,0,1864836,0,7595471,0,7367481,3271,2206,11802,10109378,9573807,2378,2365,367
1786399428629,5069200,1264112,1574368,1308208,8235616,0,1866944,0,1864836,0,7595471,0,7367481,3271,2206,11802,10109378,9573807,2378,2365,367
1786399429140,5069200,1264112,1574368,1308208,8235616,0,1866944,0,1864836,0,7595471,0,7367481,3271,2206,11802,10109378,9573807,2378,2365,367
1786399429641,5069200,1263872,1574128,1308208,8235616,0,1866944,0,1864836,0,7595471,0,7367481,3271,2206,11802,10109378,9573807,2378,2365,367
1786399430149,5069200,1263872,1574128,1308208,8235616,0,1866944,0,1864836,0,7595471,0,7367481,3271,2206,11802,10109378,9573807,2378,2365,367
1786399430660,5069200,1263872,1574128,1308208,8235616,0,1866944,0,1864836,0,7595471,0,7367481,3271,2206,11802,10109378,9573807,2378,2365,367
1786399431172,5069200,1263872,1574128,1308208,8235616,0,1866944,0,1864836,0,7595471,0,7367481,3271,2206,11802,10109378,9573807,2378,2365,367
1786399431682,5069200,1263872,1574128,1308208,8235616,0,1866944,0,1864836,0,7595471,0,7367481,3271,2206,11802,10109378,9573807,2378,2365,367
1786399432186,5069200,1263632,1573888,1308208,8235616,0,1866944,0,1864836,0,7595471,0,7367481,3271,2206,11802,10109378,9573807,2378,2365,367
1786399432698,5069200,1264064,1574320,1308208,8235616,0,1866944,0,1864836,0,7595471,0,7367481,3271,2206,11802,10109378,9573807,2378,2365,367
1786399433210,5069200,1264064,1574320,1308208,8235616,0,1866944,0,1864836,0,7595471,0,7367481,3271,2206,11802,10109378,9573807,2378,2365,367
1786399433713,5069200,1264064,1574320,1308208,8235616,0,1866944,0,1864836,0,7595471,0,7367481,3271,2206,11802,10109378,9573807,2378,2365,367
1786399434216,5069200,1264672,1574928,1308208,8235616,0,1866944,0,1864836,0,7595471,0,7367481,3271,2206,11802,10109378,9573807,2378,2365,367
1786399434722,5069200,1264432,1574688,1308208,8235616,0,1866944,0,1864836,0,7595471,0,7367481,3271,2206,11802,10109378,9573807,2378,2365,367
1786399435233,5069200,1264432,1574688,1308208,8235616,0,1866944,0,1864836,0,7595471,0,7367481,3271,2206,11802,10109378,9573807,2378,2365,367
1786399435736,5069200,1264432,1574688,1308208,8235616,0,1866944,0,1864836,0,7595471,0,7367481,3271,2206,11802,10109378,9573807,2378,2365,367
1786399436243,5069200,1264432,1574688,1308208,8235616,0,1866944,0,1864836,0,7595471,0,7367481,3271,2206,11802,10109378,9573807,2378,2365,367
1786399436755,5069200,1264192,1574448,1308208,8235616,0,1866944,0,1864836,0,7595471,0,7367481,3271,2206,11802,10109378,9573807,2378,2365,367
1786399437260,5069200,1264192,1574448,1308208,8235616,0,1866944,0,1864836,0,7595471,0,7367481,3271,2206,11802,10109378,9573807,2378,2365,367
1786399437771,5069200,1264192,1574448,1308208,8235616,0,1866944,0,1864836,0,7595471,0,7367481,3271,2206,11802,10109378,9573807,2378,2365,367
1786399438275,5069200,1264192,1574448,1308208,8235616,0,1866944,0,1864836,0,7595471,0,7367481,3271,2206,11802,10109378,9573807,2378,2365,367
1786399438778,5069200,1264192,1574448,1308208,8235616,0,1866944,0,1864836,0,7595471,0,7367481,3271,2206,11802,10109378,9573807,2378,2365,367
1786399439288,5069200,1263712,1573968,1308208,8235616,0,1866944,0,1864836,0,7595471,0,7367481,3271,2206,11802,10109378,9573807,2378,2365,367
1786399439799,5069200,1263712,1573968,1308208,8235616,0,1866944,0,1864836,0,7595471,0,7367481,3271,2206,11802,10109378,9573807,2378,2365,367
1786399440302,5069200,1263712,1573968,1308208,8235616,0,1866944,0,1864836,0,7595471,0,7367481,3271,2206,11802,10109378,9573807,2378,2365,367
1786399440808,5069200,1264112,1574368,1308208,8235616,0,1866944,0,1864836,0,7595471,0,7367481,3271,2206,11802,10109378,9573807,2378,2365,367
1786399441317,5069200,1263872,1574128,1308208,8235616,0,1866944,0,1864836,0,7595471,0,7367481,3271,2206,11802,10109378,9573807,2378,2365,367
1786399441821,5069200,1263872,1574128,1308208,8235616,0,1866944,0,1864836,0,7595471,0,7367481,3271,2206,11802,10109378,9573807,2378,2365,367
1786399442324,5069200,1264400,1574656,1308208,8235616,0,1866944,0,1864836,0,7595471,0,7367481,3271,2206,11802,10109378,9573807,2378,2365,367
1786399442832,5069200,1264400,1574656,1308208,8235616,0,1866944,0,1864836,0,7595471,0,7367481,3271,2206,11802,10109378,9573807,2378,2365,367
1786399443335,5069200,1264400,1574656,1308208,8235616,0,1866944,0,1864836,0,7595471,0,7367481,3271,2206,11802,10109378,9573807,2378,2365,367
1786399443847,5069200,1264400,1574656,1308208,8235616,0,1866944,0,1864836,0,7595471,0,7367481,3271,2206,11802,10109378,9573807,2378,2365,367
1786399444359,5069200,1264160,1574416,1308208,8235616,0,1866944,0,1864836,0,7595471,0,7367481,3271,2206,11802,10109378,9573807,2378,2365,367
1786399444871,5069200,1265936,1576176,1308208,8235616,0,1866944,0,1864836,0,7595518,0,7367528,3271,2206,11802,10109378,9573807,2378,2365,367
1786399445377,5069200,1266064,1576288,1308208,8235616,0,1866944,0,1864836,0,7595518,0,7367528,3271,2206,11802,10109378,9573807,2378,2365,367
1786399445887,5069200,1266064,1576304,1308208,8235616,0,1866944,0,1864836,0,7595518,0,7367528,3271,2206,11802,10109378,9573807,2378,2365,367
1786399446389,5069200,1266064,1576320,1308208,8235616,0,1866944,0,1864836,0,7595518,0,7367528,3271,2206,11802,10109378,9573807,2378,2365,367
1786399446891,5069200,1266064,1576320,1308208,8235616,0,1866944,0,1864836,0,7595518,0,7367528,3271,2206,11802,10109378,9573807,2378,2365,367
1786399447401,5069200,1265824,1576080,1308208,8235616,0,1866944,0,1864836,0,7595518,0,7367528,3271,2206,11802,10109378,9573807,2378,2365,367
1786399447912,5069200,1265824,1576080,1308208,8235616,0,1866944,0,1864836,0,7595518,0,7367528,3271,2206,11802,10109378,9573807,2378,2365,367
1786399448425,5069200,1265824,1576080,1308208,8235616,0,1866944,0,1864836,0,7595518,0,7367528,3271,2206,11802,10109378,9573807,2378,2365,367
1786399448934,5069200,1265824,1576080,1308208,8235616,0,1866944,0,1864836,0,7595518,0,7367528,3271,2206,11802,10109378,9573807,2378,2365,367
1786399449444,5069200,1265584,1575840,1308208,8235616,0,1866944,0,1864836,0,7595518,0,7367528,3271,2206,11802,10109378,9573807,2378,2365,367
1786399449946,5069200,1265584,1575840,1308208,8235616,0,1866944,0,1864836,0,7595518,0,7367528,3271,2206,11802,10109378,9573807,2378,2365,367
1786399450448,5069200,1265584,1575840,1308208,8235616,0,1866944,0,1864836,0,7595518,0,7367528,3271,2206,11802,10109378,9573807,2378,2365,367
1786399450957,5069200,1265584,1575840,1308208,8235616,0,1866944,0,1864836,0,7595518,0,7367528,3271,2206,11802,10109378,9573807,2378,2365,367
1786399451463,5069200,1265584,1575840,1308208,8235616,0,1866944,0,1864836,0,7595518,0,7367528,3271,2206,11802,10109378,9573807,2378,2365,367
1786399451973,5069200,1265344,1575600,1308208,8235616,0,1866944,0,1864836,0,7595518,0,7367528,3271,2206,11802,10109378,9573807,2378,2365,367
1786399452481,5069200,1265344,1575600,1308208,8235616,0,1866944,0,1864836,0,7595518,0,7367528,3271,2206,11802,10109378,9573807,2378,2365,367
1786399452988,5069200,1265344,1575600,1308208,8235616,0,1866944,0,1864836,0,7595518,0,7367528,3271,2206,11802,10109378,9573807,2378,2365,367
1786399453494,5069200,1265344,1575600,1308208,8235616,0,1866944,0,1864836,0,7595518,0,7367528,3271,2206,11802,10109378,9573807,2378,2365,367
1786399454001,5069200,1265104,1575360,1308208,8235616,0,1866944,0,1864836,0,7595518,0,7367528,3271,2206,11802,10109378,9573807,2378,2365,367
1786399454511,5069200,1265104,1575360,1308208,8235616,0,1866944,0,1864836,0,7595518,0,7367528,3271,2206,11802,10109378,9573807,2378,2365,367
1786399455015,5069200,1265104,1575360,1308208,8235616,0,1866944,0,1864836,0,7595518,0,7367528,3271,2206,11802,10109378,9573807,2378,2365,367
1786399455521,5069200,1265104,1575360,1308208,8235616,0,1866944,0,1864836,0,7595518,0,7367528,3271,2206,11802,10109378,9573807,2378,2365,367
1786399456033,5069200,1265104,1575360,1308208,8235616,0,1866944,0,1864836,0,7595518,0,7367528,3271,2206,11802,10109378,9573807,2378,2365,367
1786399456545,5069200,1265104,1575360,1308208,8235616,0,1866944,0,1864836,0,7595518,0,7367528,3271,2206,11802,10109378,9573807,2378,2365,367
1786399457049,5069200,1264864,1575120,1308208,8235616,0,1866944,0,1864836,0,7595518,0,7367528,3271,2206,11802,10109378,9573807,2378,2365,367
1786399457561,5069200,1264864,1575120,1308208,8235616,0,1866944,0,1864836,0,7595518,0,7367528,3271,2206,11802,10109378,9573807,2378,2365,367
1786399458066,5069200,1264864,1575120,1308208,8235616,0,1866944,0,1864836,0,7595518,0,7367528,3271,2206,11802,10109378,9573807,2378,2365,367
1786399458574,5069200,1264864,1575120,1308208,8235616,0,1866944,0,1864836,0,7595518,0,7367528,3271,2206,11802,10109378,9573807,2378,2365,367
1786399459084,5069200,1264864,1575120,1308208,8235616,0,1866944,0,1864836,0,7595518,0,7367528,3271,2206,11802,10109378,9573807,2378,2365,367
1786399459592,5069200,1264864,1575120,1308208,8235616,0,1866944,0,1864836,0,7595518,0,7367528,3271,2206,11802,10109378,9573807,2378,2365,367
1786399460103,5069200,1264864,1575120,1308208,8235616,0,1866944,0,1864836,0,7595518,0,7367528,3271,2206,11802,10109378,9573807,2378,2365,367
1786399460613,5069200,1264864,1575120,1308208,8235616,0,1866944,0,1864836,0,7595518,0,7367528,3271,2206,11802,10109378,9573807,2378,2365,367
1786399461121,5069200,1264864,1575120,1308208,8235616,0,1866944,0,1864836,0,7595518,0,7367528,3271,2206,11802,10109378,9573807,2378,2365,367
1786399461629,5069200,1264864,1575120,1308208,8235616,0,1866944,0,1864836,0,7595518,0,7367528,3271,2206,11802,10109378,9573807,2378,2365,367
1786399462137,5069200,1264864,1575120,1308208,8235616,0,1866944,0,1864836,0,7595518,0,7367528,3271,2206,11802,10109378,9573807,2378,2365,367
1786399462648,5069200,1264864,1575120,1308208,8235616,0,1866944,0,1864836,0,7595518,0,7367528,3271,2206,11802,10109378,9573807,2378,2365,367
1786399463152,5069200,1264864,1575120,1308208,8235616,0,1866944,0,1864836,0,7595518,0,7367528,3271,2206,11802,10109378,9573807,2378,2365,367
1786399463663,5069200,1264864,1575120,1308208,8235616,0,1866944,0,1864836,0,7595518,0,7367528,3271,2206,11802,10109378,9573807,2378,2365,367
1786399464174,5069200,1264864,1575120,1308208,8235616,0,1866944,0,1864836,0,7595518,0,7367528,3271,2206,11802,10109378,9573807,2378,2365,367
1786399464687,5069200,1264864,1575120,1308208,8235616,0,1866944,0,1864836,0,7595518,0,7367528,3271,2206,11802,10109378,9573807,2378,2365,367
1786399465192,5069200,1264864,1575120,1308208,8235616,0,1866944,0,1864836,0,7595518,0,7367528,3271,2206,11802,10109378,9573807,2378,2365,367
1786399465705,5069200,1264864,1575120,1308208,8235616,0,1866944,0,1864836,0,7595518,0,7367528,3271,2206,11802,10109378,9573807,2378,2365,367
1786399466207,5069200,1264864,1575120,1308208,8235616,0,1866944,0,1864836,0,7595518,0,7367528,3271,2206,11802,10109378,9573807,2378,2365,367
1786399466710,5069200,1264624,1574880,1308208,8235616,0,1866944,0,1864836,0,7595518,0,7367528,3271,2206,11802,10109378,9573807,2378,2365,367
1786399467219,5069200,1264624,1574880,1308208,8235616,0,1866944,0,1864836,0,7595518,0,7367528,3271,2206,11802,10109378,9573807,2378,2365,367
1786399467725,5069200,1264624,1574880,1308208,8235616,0,1866944,0,1864836,0,7595518,0,7367528,3271,2206,11802,10109378,9573807,2378,2365,367
1786399468229,5069200,1264624,1574880,1308208,8235616,0,1866944,0,1864836,0,7595518,0,7367528,3271,2206,11802,10109378,9573807,2378,2365,367
1786399468738,5069200,1264624,1574880,1308208,8235616,0,1866944,0,1864836,0,7595518,0,7367528,3271,2206,11802,10109378,9573807,2378,2365,367
1786399469243,5069200,1265088,1575344,1308208,8235616,0,1866944,0,1864836,0,7595518,0,7367528,3271,2206,11802,10109378,9573807,2378,2365,367
1786399469754,5069200,1265088,1575344,1308208,8235616,0,1866944,0,1864836,0,7595518,0,7367528,3271,2206,11802,10109378,9573807,2378,2365,367
1786399470258,5069200,1264848,1575104,1308208,8235616,0,1866944,0,1864836,0,7595518,0,7367528,3271,2206,11802,10109378,9573807,2378,2365,367
1786399470764,5069200,1264848,1575104,1308208,8235616,0,1866944,0,1864836,0,7595518,0,7367528,3271,2206,11802,10109378,9573807,2378,2365,367
1786399471266,5069200,1264848,1575104,1308208,8235616,0,1866944,0,1864836,0,7595518,0,7367528,3271,2206,11802,10109378,9573807,2378,2365,367
1786399471769,5069200,1264848,1575104,1308208,8235616,0,1866944,0,1864836,0,7595518,0,7367528,3271,2206,11802,10109378,9573807,2378,2365,367
1786399472278,5069200,1264848,1575104,1308208,8235616,0,1866944,0,1864836,0,7595518,0,7367528,3271,2206,11802,10109378,9573807,2378,2365,367
1786399472789,5069200,1265440,1575696,1308208,8235616,0,1866944,0,1864836,0,7595518,0,7367528,3271,2206,11802,10109378,9573807,2378,2365,367
1786399473294,5069200,1265488,1575744,1308208,8235616,0,1866944,0,1864836,0,7595518,0,7367528,3271,2206,11802,10109378,9573807,2378,2365,367
1786399473801,5069200,1265488,1575744,1308208,8235616,0,1866944,0,1864836,0,7595518,0,7367528,3271,2206,11802,10109378,9573807,2378,2365,367
1786399474310,5069200,1265488,1575744,1308208,8235616,0,1866944,0,1864836,0,7595518,0,7367528,3271,2206,11802,10109378,9573807,2378,2365,367
1786399474814,5069200,1265488,1575744,1308208,8235616,0,1866944,0,1864836,0,7595518,0,7367528,3271,2206,11802,10109378,9573807,2378,2365,367
1786399475320,5069200,1265488,1575744,1308208,8235616,0,1866944,0,1864836,0,7595518,0,7367528,3271,2206,11802,10109378,9573807,2378,2365,367
1786399475824,5069200,1265248,1575504,1308208,8235616,0,1866944,0,1864836,0,7595518,0,7367528,3271,2206,11802,10109378,9573807,2378,2365,367
1786399476332,5069200,1265248,1575504,1308208,8235616,0,1866944,0,1864836,0,7595518,0,7367528,3271,2206,11802,10109378,9573807,2378,2365,367
1786399476835,5069200,1265248,1575504,1308208,8235616,0,1866944,0,1864836,0,7595518,0,7367528,3271,2206,11802,10109378,9573807,2378,2365,367
1786399477343,5069200,1265248,1575504,1308208,8235616,0,1866944,0,1864836,0,7595518,0,7367528,3271,2206,11802,10109378,9573807,2378,2365,367
1786399477848,5069200,1265248,1575504,1308208,8235616,0,1866944,0,1864836,0,7595518,0,7367528,3271,2206,11802,10109378,9573807,2378,2365,367
1786399478358,5069200,1265008,1575264,1308208,8235616,0,1866944,0,1864836,0,7595518,0,7367528,3271,2206,11802,10109378,9573807,2378,2365,367
1786399478864,5069200,1265008,1575264,1308208,8235616,0,1866944,0,1864836,0,7595518,0,7367528,3271,2206,11802,10109378,9573807,2378,2365,367
1786399479374,5069200,1265008,1575264,1308208,8235616,0,1866944,0,1864836,0,7595518,0,7367528,3271,2206,11802,10109378,9573807,2378,2365,367
1786399479884,5069200,1265008,1575264,1308208,8235616,0,1866944,0,1864836,0,7595518,0,7367528,3271,2206,11802,10109378,9573807,2378,2365,367
1786399480396,5069200,1265472,1575728,1308208,8235616,0,1866944,0,1864836,0,7595518,0,7367528,3271,2206,11802,10109378,9573807,2378,2365,367
1786399480907,5069200,1266128,1576384,1308208,8235616,0,1866944,0,1864836,0,7595518,0,7367528,3271,2206,11802,10109378,9573807,2378,2365,367
1786399481419,5069200,1266128,1576384,1308208,8235616,0,1866944,0,1864836,0,7595518,0,7367528,3271,2206,11802,10109378,9573807,2378,2365,367
1786399481932,5069200,1266128,1576384,1308208,8235616,0,1866944,0,1864836,0,7595518,0,7367528,3271,2206,11802,10109378,9573807,2378,2365,367
1786399482443,5069200,1266128,1576384,1308208,8235616,0,1866944,0,1864836,0,7595518,0,7367528,3271,2206,11802,10109378,9573807,2378,2365,367
1786399482949,5069200,1266128,1576384,1308208,8235616,0,1866944,0,1864836,0,7595518,0,7367528,3271,2206,11802,10109378,9573807,2378,2365,367
1786399483452,5069200,1266128,1576384,1308208,8235616,0,1866944,0,1864836,0,7595518,0,7367528,3271,2206,11802,10109378,9573807,2378,2365,367
1786399483953,5069200,1266128,1576384,1308208,8235616,0,1866944,0,1864836,0,7595518,0,7367528,3271,2206,11802,10109378,9573807,2378,2365,367
1786399484459,5069200,1265888,1576144,1308208,8235616,0,1866944,0,1864836,0,7595518,0,7367528,3271,2206,11802,10109378,9573807,2378,2365,367
1786399484967,5069200,1265888,1576144,1308208,8235616,0,1866944,0,1864836,0,7595518,0,7367528,3271,2206,11802,10109378,9573807,2378,2365,367
1786399485469,5069200,1265888,1576144,1308208,8235616,0,1866944,0,1864836,0,7595518,0,7367528,3271,2206,11802,10109378,9573807,2378,2365,367
1786399485975,5069200,1265888,1576144,1308208,8235616,0,1866944,0,1864836,0,7595518,0,7367528,3271,2206,11802,10109378,9573807,2378,2365,367
1786399486480,5069200,1266384,1576640,1308208,8235616,0,1866944,0,1864836,0,7595518,0,7367528,3271,2206,11802,10109378,9573807,2378,2365,367
1786399486982,5069200,1266384,1576640,1308208,8235616,0,1866944,0,1864836,0,7595518,0,7367528,3271,2206,11802,10109378,9573807,2378,2365,367
1786399487487,5069200,1266144,1576400,1308224,8235616,0,1866944,0,1864836,0,7595518,0,7367528,3271,2206,11802,10109378,9573807,2378,2365,367
1786399487994,5069200,1266144,1576400,1308224,8235616,0,1866944,0,1864836,0,7595518,0,7367528,3271,2206,11802,10109378,9573807,2378,2365,367
1786399488496,5069200,1266144,1576400,1308224,8235616,0,1866944,0,1864836,0,7595518,0,7367528,3271,2206,11802,10109378,9573807,2378,2365,367
1786399489011,5069200,1266144,1576400,1308224,8235616,0,1866944,0,1864836,0,7595518,0,7367528,3271,2206,11802,10109378,9573807,2378,2365,367
1786399489519,5069200,1266144,1576400,1308224,8235616,0,1866944,0,1864836,0,7595518,0,7367528,3271,2206,11802,10109378,9573807,2378,2365,367
1786399490028,5069200,1265904,1576160,1308224,8235616,0,1866944,0,1864836,0,7595518,0,7367528,3271,2206,11802,10109378,9573807,2378,2365,367
1786399490537,5069200,1265904,1576160,1308224,8235616,0,1866944,0,1864836,0,7595518,0,7367528,3271,2206,11802,10109378,9573807,2378,2365,367
1786399491045,5069200,1265904,1576160,1308224,8235616,0,1866944,0,1864836,0,7595518,0,7367528,3271,2206,11802,10109378,9573807,2378,2365,367
1786399491548,5069200,1265904,1576160,1308224,8235616,0,1866944,0,1864836,0,7595518,0,7367528,3271,2206,11802,10109378,9573807,2378,2365,367
1786399492050,5069200,1265664,1575920,1308224,8235616,0,1866944,0,1864836,0,7595518,0,7367528,3271,2206,11802,10109378,9573807,2378,2365,367
1786399492556,5069200,1265664,1575920,1308224,8235616,0,1866944,0,1864836,0,7595518,0,7367528,3271,2206,11802,10109378,9573807,2378,2365,367
1786399493059,5069200,1265664,1575920,1308224,8235616,0,1866944,0,1864836,0,7595518,0,7367528,3271,2206,11802,10109378,9573807,2378,2365,367
1786399493562,5069200,1265664,1575920,1308224,8235616,0,1866944,0,1864836,0,7595518,0,7367528,3271,2206,11802,10109378,9573807,2378,2365,367
1786399494065,5069200,1265664,1575920,1308224,8235616,0,1866944,0,1864836,0,7595518,0,7367528,3271,2206,11802,10109378,9573807,2378,2365,367
1786399494575,5069200,1265664,1575920,1308224,8235616,0,1866944,0,1864836,0,7595518,0,7367528,3271,2206,11802,10109378,9573807,2378,2365,367
1786399495084,5069200,1265664,1575920,1308224,8235616,0,1866944,0,1864836,0,7595518,0,7367528,3271,2206,11802,10109378,9573807,2378,2365,367
1786399495587,5069200,1265424,1575680,1308224,8235616,0,1866944,0,1864836,0,7595518,0,7367528,3271,2206,11802,10109378,9573807,2378,2365,367
1786399496097,5069200,1265424,1575680,1308224,8235616,0,1866944,0,1864836,0,7595518,0,7367528,3271,2206,11802,10109378,9573807,2378,2365,367
1786399496603,5069200,1265424,1575680,1308224,8235616,0,1866944,0,1864836,0,7595518,0,7367528,3271,2206,11802,10109378,9573807,2378,2365,367
1786399497113,5069200,1265424,1575680,1308224,8235616,0,1866944,0,1864836,0,7595518,0,7367528,3271,2206,11802,10109378,9573807,2378,2365,367
1786399497624,5069200,1265424,1575680,1308224,8235616,0,1866944,0,1864836,0,7595518,0,7367528,3271,2206,11802,10109378,9573807,2378,2365,367
1786399498127,5069200,1265424,1575680,1308224,8235616,0,1866944,0,1864836,0,7595518,0,7367528,3271,2206,11802,10109378,9573807,2378,2365,367
1786399498637,5069200,1265424,1575680,1308224,8235616,0,1866944,0,1864836,0,7595518,0,7367528,3271,2206,11802,10109378,9573807,2378,2365,367
1786399499148,5069200,1265424,1575680,1308224,8235616,0,1866944,0,1864836,0,7595518,0,7367528,3271,2206,11802,10109378,9573807,2378,2365,367
1786399499656,5069200,1265184,1575440,1308224,8235616,0,1866944,0,1864836,0,7595518,0,7367528,3271,2206,11802,10109378,9573807,2378,2365,367
1786399500168,5069200,1265184,1575440,1308224,8235616,0,1866944,0,1864836,0,7595518,0,7367528,3271,2206,11802,10109378,9573807,2378,2365,367
1786399500677,5069200,1265184,1575440,1308224,8235616,0,1866944,0,1864836,0,7595518,0,7367528,3271,2206,11802,10109378,9573807,2378,2365,367
1786399501181,5069200,1265184,1575440,1308224,8235616,0,1866944,0,1864836,0,7595518,0,7367528,3271,2206,11802,10109378,9573807,2378,2365,367
1786399501691,5069200,1265184,1575440,1308224,8235616,0,1866944,0,1864836,0,7595518,0,7367528,3271,2206,11802,10109378,9573807,2378,2365,367
1786399502193,5069200,1264944,1575200,1308224,8235616,0,1866944,0,1864836,0,7595518,0,7367528,3271,2206,11802,10109378,9573807,2378,2365,367
1786399502705,5069200,1264944,1575200,1308224,8235616,0,1866944,0,1864836,0,7595518,0,7367528,3271,2206,11802,10109378,9573807,2378,2365,367
1786399503214,5069200,1264944,1575200,1308224,8235616,0,1866944,0,1864836,0,7595518,0,7367528,3271,2206,11802,10109378,9573807,2378,2365,367
1786399503722,5069200,1264944,1575200,1308224,8235616,0,1866944,0,1864836,0,7595518,0,7367528,3271,2206,11802,10109378,9573807,2378,2365,367
1786399504233,5069200,1264944,1575200,1308224,8235616,0,1866944,0,1864836,0,7595518,0,7367528,3271,2206,11802,10109378,9573807,2378,2365,367
1786399504734,5069200,1264704,1574960,1308224,8235616,0,1866944,0,1864836,0,7595518,0,7367528,3271,2206,11802,10109378,9573807,2378,2365,367
1786399505237,5069200,1264704,1574960,1308224,8235616,0,1866944,0,1864836,0,7595518,0,7367528,3271,2206,11802,10109378,9573807,2378,2365,367
1786399505740,5069200,1264704,1574960,1308224,8235616,0,1866944,0,1864836,0,7595518,0,7367528,3271,2206,11802,10109378,9573807,2378,2365,367
1786399506243,5069200,1264464,1574720,1308224,8235616,0,1866944,0,1864836,0,7595518,0,7367528,3271,2206,11802,10109378,9573807,2378,2365,367
1786399506754,5069200,1264464,1574720,1308224,8235616,0,1866944,0,1864836,0,7595518,0,7367528,3271,2206,11802,10109378,9573807,2378,2365,367
1786399507265,5069200,1264464,1574720,1308224,8235616,0,1866944,0,1864836,0,7595518,0,7367528,3271,2206,11802,10109378,9573807,2378,2365,367
1786399507777,5069200,1264464,1574720,1308224,8235616,0,1866944,0,1864836,0,7595518,0,7367528,3271,2206,11802,10109378,9573807,2378,2365,367
1786399508281,5069200,1264464,1574720,1308224,8235616,0,1866944,0,1864836,0,7595518,0,7367528,3271,2206,11802,10109378,9573807,2378,2365,367
1786399508785,5069200,1264464,1574720,1308224,8235616,0,1866944,0,1864836,0,7595518,0,7367528,3271,2206,11802,10109378,9573807,2378,2365,367
1786399509286,5069200,1264464,1574720,1308224,8235616,0,1866944,0,1864836,0,7595518,0,7367528,3271,2206,11802,10109378,9573807,2378,2365,367
1786399509794,5069200,1264464,1574720,1308224,8235616,0,1866944,0,1864836,0,7595518,0,7367528,3271,2206,11802,10109378,9573807,2378,2365,367
1786399510296,5069200,1264464,1574720,1308224,8235616,0,1866944,0,1864836,0,7595518,0,7367528,3271,2206,11802,10109378,9573807,2378,2365,367
1786399510806,5069200,1264464,1574720,1308224,8235616,0,1866944,0,1864836,0,7595518,0,7367528,3271,2206,11802,10109378,9573807,2378,2365,367
1786399511313,5069200,1264896,1575152,1308224,8235616,0,1866944,0,1864836,0,7595518,0,7367528,3271,2206,11802,10109378,9573807,2378,2365,367
1786399511822,5069200,1264896,1575152,1308224,8235616,0,1866944,0,1864836,0,7595518,0,7367528,3271,2206,11802,10109378,9573807,2378,2365,367
1786399512325,5069200,1264896,1575152,1308224,8235616,0,1866944,0,1864836,0,7595518,0,7367528,3271,2206,11802,10109378,9573807,2378,2365,367
1786399512832,5069200,1264896,1575152,1308224,8235616,0,1866944,0,1864836,0,7595518,0,7367528,3271,2206,11802,10109378,9573807,2378,2365,367
1786399513337,5069200,1264896,1575152,1308224,8235616,0,1866944,0,1864836,0,7595518,0,7367528,3271,2206,11802,10109378,9573807,2378,2365,367
1786399513845,5069200,1264896,1575152,1308224,8235616,0,1866944,0,1864836,0,7595518,0,7367528,3271,2206,11802,10109378,9573807,2378,2365,367
1786399514354,5069200,1264896,1575152,1308224,8235616,0,1866944,0,1864836,0,7595518,0,7367528,3271,2206,11802,10109378,9573807,2378,2365,367
1786399514864,5069200,1264896,1575152,1308224,8235616,0,1866944,0,1864836,0,7595518,0,7367528,3271,2206,11802,10109378,9573807,2378,2365,367
1786399515366,5069200,1264656,1574912,1308224,8235616,0,1866944,0,1864836,0,7595518,0,7367528,3271,2206,11802,10109378,9573807,2378,2365,367
1786399515877,5069200,1264656,1574912,1308224,8235616,0,1866944,0,1864836,0,7595518,0,7367528,3271,2206,11802,10109378,9573807,2378,2365,367
1786399516386,5069200,1264656,1574912,1308224,8235616,0,1866944,0,1864836,0,7595518,0,7367528,3271,2206,11802,10109378,9573807,2378,2365,367
1786399516889,5069200,1264656,1574912,1308224,8235616,0,1866944,0,1864836,0,7595518,0,7367528,3271,2206,11802,10109378,9573807,2378,2365,367
1786399517400,4807056,1011216,1321472,1308224,8235616,0,1866944,0,1864836,0,7595518,0,7367528,3271,2206,11802,10109378,9573807,2378,2365,367
1786399517905,4807056,1011216,1321472,1308224,8235616,0,1866944,0,1864836,0,7595518,0,7367528,3271,2206,11802,10109378,9573807,2378,2365,367
1786399518407,4807056,1011216,1321472,1308224,8235616,0,1866944,0,1864836,0,7595518,0,7367528,3271,2206,11802,10109378,9573807,2378,2365,367
1786399518908,4807056,1011216,1321472,1308224,8235616,0,1866944,0,1864836,0,7595518,0,7367528,3271,2206,11802,10109378,9573807,2378,2365,367
1786399519412,4544912,750336,1060592,1308224,8235616,0,1866944,0,1864836,0,7595518,0,7367528,3271,2206,11802,10109378,9573807,2378,2365,367
1786399519921,4544912,750336,1060592,1308224,8235616,0,1866944,0,1864836,0,7595518,0,7367528,3271,2206,11802,10109378,9573807,2378,2365,367
1786399520425,4544912,750336,1060592,1308224,8235616,0,1866944,0,1864836,0,7595518,0,7367528,3271,2206,11802,10109378,9573807,2378,2365,367
1786399520937,4544912,750336,1060592,1308224,8235616,0,1866944,0,1864836,0,7595518,0,7367528,3271,2206,11802,10109378,9573807,2378,2365,367
1786399521438,4282768,489456,799712,1308224,8235616,0,1866944,0,1864836,0,7595518,0,7367528,3271,2206,11802,10109378,9573807,2378,2365,367
1786399521939,4282768,1045696,893584,790352,8234720,0,1871804,0,1869644,0,7595976,0,7367987,3273,2206,11858,10279666,9612356,2378,2365,370
1786399522451,4282768,813616,838880,1023888,8235024,0,1879838,0,1877660,0,7599143,0,7371153,3292,2225,11858,10279666,9612356,2378,2365,370
1786399522957,4282768,813616,838880,1023888,8235264,0,1879838,0,1877660,0,7599143,0,7371153,3307,2240,11858,10279666,9612356,2378,2365,370
1786399523466,4020624,607360,585280,975888,8235248,0,1887902,0,1885594,0,7603962,0,7375676,3315,2246,11866,10301989,9634471,2378,2365,371
1786399523972,4020624,599680,582064,979920,8235248,0,1887902,0,1885594,0,7609742,0,7381456,3317,2246,11866,10301989,9634471,2378,2365,371
1786399524481,4020624,525728,584016,1056192,8235024,0,1894966,0,1892634,0,7615235,0,7386842,3323,2246,11883,10318032,9650425,2378,2365,372
1786399524985,4020624,567488,582896,1013312,8234976,0,1896244,0,1893911,0,7615235,0,7386842,3323,2246,11883,10320720,9653109,2378,2365,372
1786399525491,3962016,506288,521920,1013312,8234976,0,1896244,0,1893911,0,7615235,0,7386842,3323,2246,11883,10320720,9653109,2378,2365,372
1786399525999,3962016,950112,689968,573472,8226560,0,1915230,0,1912575,0,7623986,0,7395449,3324,2246,12409,10501019,9700558,2378,2365,375
1786399526510,3962016,942656,686656,580960,8226576,0,1915440,0,1912785,0,7629276,0,7400363,3326,2247,12409,10501019,9700558,2378,2365,375
1786399527011,3962016,620560,541776,918368,8226576,0,1936420,0,1933571,0,7647955,0,7418953,3327,2247,12409,10516265,9715803,2378,2365,376
1786399527521,3944528,605440,526736,918368,8226576,0,1936420,0,1933571,0,7647955,0,7418953,3327,2247,12409,10516265,9715803,2378,2365,376
1786399528033,3944528,572928,534592,958752,8226576,0,1936476,0,1933628,0,7655458,0,7426302,3327,2247,12409,10524009,9723486,2378,2365,376
1786399528539,3944528,572432,534720,959616,8226576,0,1936476,0,1933628,0,7655458,0,7426302,3327,2247,12409,10524009,9723486,2378,2365,376
1786399529042,3944528,572432,534720,959616,8226576,18,1936476,18,1933628,18,7655458,18,7426302,3327,2247,12409,10524009,9723486,2378,2365,376
1786399529550,3924784,567488,513712,943600,8226576,18,1936537,18,1933689,18,7664350,18,7435185,3327,2247,12409,10534377,9733615,2378,2365,376
1786399530052,3924784,567488,513712,943600,8226576,18,1936537,18,1933689,18,7664350,18,7435185,3327,2247,12409,10534377,9733615,2378,2365,376
1786399530565,3924784,592400,503936,909392,8226576,18,1938330,18,1935481,18,7666538,18,7437333,3327,2247,12409,10547077,9745120,2378,2365,377
1786399531076,3924784,592400,503936,909392,8226576,14,1938330,14,1935481,14,7666538,14,7437333,3327,2247,12409,10547077,9745120,2378,2365,377
1786399531587,3945136,561632,504544,939520,8225600,14,1941851,14,1939002,14,7671006,14,7441742,3327,2247,12468,10557813,9755770,2378,2365,377
1786399532098,3945136,561632,504544,939520,8225600,14,1941851,14,1939002,14,7671006,14,7441742,3327,2247,12468,10557813,9755770,2378,2365,377
1786399532601,3964880,459280,521728,1060448,8224368,12,1942472,12,1939623,12,7674301,12,7445031,3332,2247,12548,10558193,9756065,2378,2365,378
1786399533112,3964880,546288,550496,1002672,8219808,12,1947624,12,1944775,12,7681308,12,7451924,3333,2247,12830,10654321,9766071,2378,2365,379
1786399533625,3964880,545808,551296,1003296,8219808,12,1947624,12,1944775,12,7681953,12,7452568,3333,2247,12830,10654321,9766071,2378,2365,379
1786399534129,3964880,484368,560016,1073024,8219808,12,1947624,12,1944775,12,7689337,12,7459950,3333,2247,12830,10654321,9766071,2378,2365,379
1786399534637,3929152,1043088,734736,476160,8219808,28,1969948,28,1967100,9,7689357,9,7459969,3333,2247,12830,10736713,9803376,2378,2365,381
1786399535149,3929152,590208,527792,935328,8219808,28,1983421,28,1980426,9,7715000,9,7485529,3335,2247,12830,10745813,9812476,2378,2365,382
1786399535660,3929152,590208,527792,935328,8219808,28,1983421,28,1980426,9,7715000,9,7485529,3335,2247,12830,10745813,9812476,2378,2365,382
1786399536166,3929152,590208,527792,935328,8219808,28,1983421,28,1980426,9,7715000,9,7485529,3335,2247,12830,10745813,9812476,2378,2365,382
1786399536668,3929152,565488,529664,961152,8219808,22,1983973,22,1980978,26,7727992,26,7498380,3335,2247,12830,10754786,9821449,2378,2365,382
1786399537176,3929152,565488,529664,961152,8219808,22,1983973,22,1980978,26,7727992,26,7498380,3335,2247,12830,10754786,9821449,2378,2365,382
1786399537688,3929152,560432,528960,965744,8219808,22,1984790,22,1981795,26,7731454,26,7501841,3335,2247,12830,10766059,9832722,2378,2365,382
1786399538193,3929152,560432,528960,965744,8219808,22,1984790,22,1981795,26,7731454,26,7501841,3335,2247,12830,10766059,9832722,2378,2365,382
1786399538705,3929152,504256,559248,1052320,8219808,18,1984826,18,1981831,21,7739241,21,7509629,3335,2247,12830,10768939,9835602,2378,2365,382
1786399539215,3921984,544816,553152,1005632,8219808,18,1985040,18,1982045,21,7739241,21,7509629,3335,2247,12830,10771819,9838482,2378,2365,383
1786399539719,3893584,513392,521840,1005632,8219808,18,1985040,18,1982045,21,7739241,21,7509629,3337,2249,12830,10771819,9838482,2378,2365,383
1786399540221,3893584,599072,522496,920768,8219840,18,1985650,18,1982655,21,7745144,21,7515490,3337,2249,12830,10788655,9855318,2378,2365,383
1786399540723,3893584,599072,522496,920768,8219856,15,1986569,15,1983406,17,7745832,17,7516010,3339,2250,12830,10788655,9855318,2378,2365,383
1786399541229,3893584,582288,522752,937360,8220256,15,1988726,15,1985543,17,7753639,17,7523381,3383,2275,12830,10797107,9863770,2378,2365,383
1786399541739,3893584,581792,522416,937856,8220256,15,1988726,15,1985543,17,7753639,17,7523381,3383,2275,12830,10797107,9863770,2378,2365,383
1786399542250,3893584,524000,525200,998192,8220256,15,1988864,15,1985681,17,7757531,17,7527255,3383,2275,12830,10805556,9872219,2378,2365,384
1786399542761,3893584,570080,526224,953136,8220256,12,1990180,12,1986997,14,7757531,14,7527255,3383,2275,12830,10808372,9875035,2378,2365,384
1786399543275,3893584,570080,526224,953136,8220256,12,1990180,12,1986997,14,7757531,14,7527255,3383,2275,12830,10808372,9875035,2378,2365,384
1786399543778,3893584,581744,524272,939776,8220256,12,1990430,12,1987246,14,7762703,14,7532250,3383,2275,12830,10816820,9883483,2378,2365,384
1786399544280,3893584,581888,524080,939680,8220256,12,1990430,12,1987246,14,7766884,14,7536395,3386,2275,12830,10816821,9883484,2378,2365,384
1786399544786,3893584,570608,528320,954896,8220256,10,1991758,10,1988574,11,7771916,11,7541384,3386,2275,12830,10828085,9894748,2378,2365,385
1786399545288,3893584,570368,529968,956704,8220768,10,1991758,10,1988575,11,7780690,11,7549834,3422,2307,12830,10828085,9894748,2378,2365,385
1786399545800,3893584,583328,529040,943040,8220768,10,1993164,10,1989980,11,7784066,11,7553209,3422,2307,12830,10836533,9903196,2378,2365,385
1786399546309,3893584,583328,529040,943040,8220768,10,1993164,10,1989980,11,7784066,11,7553209,3422,2307,12830,10836533,9903196,2378,2365,385
1786399546811,3893584,583328,529520,943040,8220768,8,1993164,8,1989980,9,7784066,9,7553209,3422,2307,12830,10836533,9903196,2378,2365,385
1786399547313,3893584,563888,525280,958336,8220768,8,1993643,8,1990459,9,7795134,9,7564278,3422,2307,12830,10847797,9914460,2378,2365,385
1786399547824,3893584,563888,525280,958336,8220768,8,1993643,8,1990459,9,7795134,9,7564278,3422,2307,12830,10847797,9914460,2378,2365,385
1786399548336,3893584,584272,531504,944656,8220768,8,1993749,8,1990566,9,7796992,9,7566120,3422,2307,12830,10856245,9922908,2378,2365,385
1786399548840,3893584,584272,531504,944656,8220768,6,1993749,6,1990566,7,7796992,7,7566120,3422,2307,12830,10856245,9922908,2378,2365,385
1786399549352,3893584,519408,526896,1005008,8220768,6,1993892,6,1990708,7,7799830,7,7568942,3422,2307,12830,10864693,9931356,2378,2365,386
1786399549853,3893584,564544,526976,959952,8220768,6,1994506,6,1991323,7,7799830,7,7568942,3422,2307,12830,10867509,9934172,2378,2365,386
1786399550355,3893584,564304,527184,959952,8220768,6,1994506,6,1991323,7,7799830,7,7568942,3422,2307,12830,10867509,9934172,2378,2365,386
1786399550865,3893584,578336,526784,946784,8221120,5,1995266,5,1992083,6,7815261,6,7584263,3447,2329,12830,10875957,9942620,2378,2365,386
1786399551376,3893584,577984,527296,946896,8221120,5,1995266,5,1992083,6,7815261,6,7584263,3447,2329,12830,10875957,9942620,2378,2365,386
1786399551879,3893584,566064,531264,962640,8221120,5,1995376,5,1992192,6,7821749,6,7590720,3447,2329,12830,10887221,9953884,2378,2365,386
1786399552388,3893584,566144,530704,961952,8221120,5,1995376,5,1992192,6,7821749,6,7590720,3447,2329,12830,10887221,9953884,2378,2365,386
1786399552897,3893584,579760,530592,948080,8221120,4,1996135,4,1992952,5,7823769,5,7592732,3447,2329,12830,10895669,9962332,2378,2365,387
1786399553408,3893584,579760,530592,948080,8221120,4,1996135,4,1992952,5,7823769,5,7592732,3447,2329,12830,10895669,9962332,2378,2365,387
1786399553909,3893584,557024,525152,965408,8221120,4,1996135,4,1992952,5,7823916,5,7592868,3447,2329,12830,10895669,9962332,2378,2365,387
1786399554411,3893584,562096,527248,962864,8221120,4,1996538,4,1993355,5,7829128,5,7598047,3447,2329,12830,10906933,9973596,2378,2365,387
1786399554917,3893584,562096,527248,962864,8221120,3,1996538,3,1993355,4,7829128,4,7598047,3447,2329,12830,10906933,9973596,2378,2365,387
1786399555425,3893584,574112,525744,949296,8221120,3,1996600,3,1993417,4,7834518,4,7603399,3447,2329,12830,10915381,9982044,2378,2365,387
1786399555929,3893584,574112,525744,949296,8221120,3,1996600,3,1993417,4,7834518,4,7603399,3447,2329,12830,10915381,9982044,2378,2365,387
1786399556436,3893584,560736,527648,964016,8221120,3,1998349,3,1995166,4,7836360,4,7605209,3447,2329,12830,10926645,9993308,2378,2365,388
1786399556947,3893584,560736,527904,964016,8221120,3,1998349,3,1995166,3,7836360,3,7605209,3447,2329,12830,10926645,9993308,2378,2365,388
1786399557448,3893584,492544,528464,1032800,8221120,3,1998349,3,1995166,3,7838969,3,7607789,3447,2329,12830,10926645,9993308,2378,2365,388
1786399557954,3893584,583632,536880,950096,8221120,3,1998734,3,1995550,3,7842118,3,7610930,3447,2329,12830,10935093,10001756,2378,2365,388
1786399558464,3893584,583632,536880,950096,8221120,3,1998734,3,1995550,3,7842118,3,7610930,3447,2329,12830,10935093,10001756,2378,2365,388
1786399558976,3893584,564032,532960,965776,8221120,2,1999301,2,1996118,2,7849783,2,7618407,3447,2329,12830,10946357,10013020,2378,2365,388
1786399559483,3893584,564016,532464,965632,8221120,2,1999301,2,1996118,2,7849783,2,7618407,3447,2329,12830,10946357,10013020,2378,2365,388
1786399559985,3893584,573200,526672,951488,8221120,2,1999383,2,1996197,2,7852161,2,7620660,3447,2329,12830,10954805,10021468,2378,2365,389
1786399560487,3893584,553520,524352,967840,8221440,2,1999383,2,1996197,2,7865015,2,7632834,3472,2349,12830,10954805,10021468,2378,2365,389
1786399560990,3893584,465088,520544,1053392,8222112,1,1999435,1,1996249,20,7872213,20,7638759,3520,2390,12830,10955317,10021980,2378,2365,389
1786399561492,3893584,532416,522608,987024,8222112,1,1999874,1,1996688,20,7876858,20,7643400,3520,2390,12830,10965941,10032604,2378,2365,389
1786399561996,3893584,532416,522608,987024,8222112,1,1999874,1,1996688,20,7876858,20,7643400,3520,2390,12830,10965941,10032604,2378,2365,389
1786399562506,3893584,566368,521472,952384,8222112,1,2000224,1,1997038,20,7885999,20,7652438,3520,2390,12830,10985525,10052188,2378,2365,390
1786399563013,3893584,566368,521472,952384,8222112,1,2000224,1,1997038,34,7885999,16,7652438,3520,2390,12830,10985525,10052188,2378,2365,390
1786399563518,3893584,565696,523696,956048,8222112,1,2000931,1,1997745,34,7895131,16,7661434,3520,2390,12830,11005109,10071772,2378,2365,390
1786399564029,3893584,565696,523696,956048,8222112,1,2000931,1,1997745,34,7895131,16,7661434,3520,2390,12830,11005109,10071772,2378,2365,390
1786399564534,3893584,535376,524272,986624,8222112,1,2000931,1,1997745,34,7895723,16,7662024,3520,2390,12830,11005109,10071772,2378,2365,390
1786399565037,3893584,565440,526336,958192,8222112,1,2002007,1,1998821,28,7907067,13,7673365,3520,2390,12830,11024693,10091356,2378,2365,391
1786399565541,3893584,565088,526608,958816,8222112,1,2002007,1,1998821,28,7907067,13,7673365,3520,2390,12830,11024693,10091356,2378,2365,391
1786399566051,3893584,565184,529584,961360,8222112,1,2002326,1,1999140,28,7911689,13,7677919,3520,2390,12830,11044341,10111004,2378,2365,392
1786399566553,3893584,565328,529264,960992,8222112,1,2002326,1,1999140,28,7911689,13,7677919,3520,2390,12830,11044341,10111004,2378,2365,392
1786399567064,3893584,511568,523792,1009248,8222112,1,2002583,1,1999397,23,7920919,11,7687134,3520,2390,12830,11061109,10127772,2378,2365,392
1786399567575,3893584,556208,523568,964192,8222112,1,2003854,1,2000668,23,7920919,11,7687134,3520,2390,12830,11063925,10130588,2378,2365,392
1786399568077,3893584,556208,523568,964192,8222112,1,2003854,1,2000668,23,7920919,11,7687134,3520,2390,12830,11063925,10130588,2378,2365,392
1786399568581,3893584,547280,525376,975168,8223984,1,2006643,1,2003453,23,7931026,11,7696886,3650,2507,12830,11083509,10150172,2378,2365,393
1786399569092,3893584,547280,525616,975168,8224064,0,2006643,0,2003453,19,7931026,9,7696886,3655,2512,12830,11083509,10150172,2378,2365,393
1786399569597,3893584,545680,527616,978832,8224064,0,2008117,0,2004928,19,7940223,9,7705988,3655,2512,12830,11103093,10169756,2378,2365,394
1786399570101,3893584,545680,527616,978832,8224064,0,2008117,0,2004928,19,7940223,9,7705988,3655,2512,12830,11103093,10169756,2378,2365,394
1786399570603,3893584,502848,533520,1027632,8224064,0,2009448,0,2006258,15,7949416,7,7715101,3655,2512,12830,11119861,10186524,2378,2365,394
1786399571111,3893584,547536,533520,982944,8224064,0,2009627,0,2006437,15,7949416,7,7715101,3655,2512,12830,11122677,10189340,2378,2365,394
1786399571615,3893584,547824,533360,982496,8224064,0,2009627,0,2006437,15,7949416,7,7715101,3655,2512,12830,11122677,10189340,2378,2365,394
1786399572127,3893584,537392,527456,987264,8224064,0,2012224,0,2009035,15,7954561,7,7720160,3655,2512,12830,11142197,10208860,2378,2365,395
1786399572636,3893584,537984,527840,987056,8224064,0,2012224,0,2009035,12,7954561,6,7720160,3655,2512,12830,11142197,10208860,2378,2365,395
1786399573148,3893584,615968,524288,905488,8224064,0,2015665,0,2012475,12,7960665,6,7726161,3655,2512,12830,11167093,10233756,2378,2365,396
1786399573656,3893584,615968,524288,905488,8224064,0,2015665,0,2012475,12,7960665,6,7726161,3655,2512,12830,11167093,10233756,2378,2365,396
1786399574158,3893584,485552,515344,1027488,8224064,0,2015665,0,2012475,12,7963192,6,7728608,3655,2512,12830,11167093,10233756,2378,2365,396
1786399574659,3893584,557440,516896,956544,8224064,0,2016597,0,2013407,10,7972601,4,7737918,3655,2512,12830,11183733,10250396,2378,2365,396
1786399575161,3893584,557440,516896,956544,8224064,0,2016597,0,2013407,10,7972601,4,7737918,3655,2512,12830,11183733,10250396,2378,2365,396
1786399575666,3893584,555264,519248,961376,8224064,0,2019811,0,2016621,10,7981754,4,7746955,3655,2512,12830,11203189,10269852,2378,2365,397
1786399576175,3893584,555264,519248,961376,8224064,0,2019811,0,2016621,10,7981754,4,7746955,3655,2512,12830,11203189,10269852,2378,2365,397
1786399576680,3893584,515792,528944,1010720,8224064,0,2021546,0,2018357,8,7988660,4,7753775,3655,2512,12830,11219893,10286556,2378,2365,397
1786399577190,3893584,561776,530016,965664,8224064,0,2022747,0,2019558,8,7988660,4,7753775,3655,2512,12830,11222709,10289372,2378,2365,397
1786399577702,3893584,561776,530608,965664,8224064,0,2022747,0,2019558,8,7988660,4,7753775,3655,2512,12830,11222709,10289372,2378,2365,397
1786399578209,3893584,551200,525008,970736,8224064,0,2023330,0,2020140,8,7995315,4,7760395,3655,2512,12830,11242165,10308828,2378,2365,398
1786399578720,3893584,551136,525168,971296,8224064,0,2023330,0,2020140,6,7995315,3,7760395,3655,2512,12830,11242165,10308828,2378,2365,398
1786399579225,3893584,547136,525168,975552,8224064,0,2025265,0,2022075,6,8001369,3,7766244,3655,2512,12830,11261685,10328348,2378,2365,399
1786399579736,3893584,547136,525168,975552,8224064,0,2025265,0,2022075,6,8001369,3,7766244,3655,2512,12830,11261685,10328348,2378,2365,399
1786399580244,3893584,549392,531552,979408,8224064,0,2025615,0,2022426,6,8010006,3,7774840,3655,2512,12830,11281269,10347932,2378,2365,399
1786399580755,3893584,549392,531552,979408,8224064,0,2025615,0,2022426,5,8010006,2,7774840,3655,2512,12830,11281269,10347932,2378,2365,399
1786399581258,3893584,514528,531200,1013792,8224064,0,2025651,0,2022461,5,8017259,2,7782024,3655,2512,12830,11289653,10356316,2378,2365,400
1786399581760,3893584,547424,532784,982496,8224064,0,2026343,0,2023153,5,8027251,2,7792008,3655,2512,12830,11300853,10367516,2378,2365,400
1786399582264,3893584,547184,533024,982992,8224064,0,2026343,0,2023153,5,8040255,2,7804957,3655,2512,12830,11300853,10367516,2378,2365,400
1786399582777,3893584,538064,527600,986752,8224064,0,2028195,0,2025006,22,8048232,20,7812786,3655,2512,12830,11320437,10387100,2378,2365,401
1786399583286,3893584,538064,527600,986752,8224064,0,2028195,0,2025006,22,8048232,20,7812786,3655,2512,12830,11320437,10387100,2378,2365,401
1786399583790,3893584,615856,522400,903504,8224064,0,2032975,0,2029785,22,8054383,20,7818919,3655,2512,12830,11345397,10412060,2378,2365,402
1786399584301,3893584,615856,522400,903504,8224064,0,2032975,0,2029785,22,8054383,20,7818919,3655,2512,12830,11345397,10412060,2378,2365,402
1786399584803,3893584,615856,522400,903504,8224064,0,2032975,0,2029785,18,8054383,16,7818919,3655,2512,12830,11345397,10412060,2378,2365,402
1786399585313,3893584,558928,516720,954672,8224064,0,2033482,0,2030292,18,8072242,16,7836643,3655,2512,12830,11362037,10428700,2378,2365,402
1786399585816,3893584,558928,516720,954672,8224064,0,2033482,0,2030292,18,8072242,16,7836643,3655,2512,12830,11362037,10428700,2378,2365,402
1786399586328,3893584,555568,518848,960384,8224064,0,2033801,0,2030611,18,8077101,16,7841379,3655,2512,12830,11381493,10448156,2378,2365,403
1786399586833,3893584,555568,518848,960384,8224064,0,2033801,0,2030611,33,8077101,31,7841379,3655,2512,12830,11381493,10448156,2378,2365,403
1786399587345,3893584,504896,517888,1010096,8224064,0,2036660,0,2033470,33,8085961,31,7850239,3655,2512,12830,11398133,10464796,2378,2365,403
1786399587847,3893584,549536,517760,965040,8224064,0,2037898,0,2034708,33,8085961,31,7850239,3655,2512,12830,11400949,10467612,2378,2365,403
1786399588354,3893584,549504,518496,965808,8224064,0,2037898,0,2034708,33,8085961,31,7850239,3655,2512,12830,11400949,10467612,2378,2365,403
1786399588856,3893584,546352,520384,971568,8224064,0,2040362,0,2037172,27,8096092,25,7860037,3655,2512,12830,11420405,10487068,2378,2365,404
1786399589361,3893584,546864,520848,971520,8224064,0,2040362,0,2037172,27,8096092,25,7860037,3655,2512,12830,11420405,10487068,2378,2365,404
1786399589865,3893584,544272,523280,976752,8224064,0,2042666,0,2039476,27,8103054,25,7866933,3655,2512,12830,11439861,10506524,2378,2365,405
1786399590375,3893584,544272,523280,976752,8224064,0,2042666,0,2039476,27,8103054,25,7866933,3655,2512,12830,11439861,10506524,2378,2365,405
1786399590877,3893584,494176,523600,1026928,8224064,0,2043447,0,2040258,22,8109792,21,7873531,3655,2512,12830,11456501,10523164,2378,2365,405
1786399591388,3893584,539648,524864,982272,8224064,0,2043888,0,2040699,22,8109792,21,7873531,3655,2512,12830,11459317,10525980,2378,2365,405
1786399591891,3893584,539648,524880,982288,8224064,0,2043888,0,2040699,22,8109792,21,7873531,3655,2512,12830,11459317,10525980,2378,2365,405
1786399592394,3893584,539872,528384,985696,8224064,0,2046543,0,2043353,22,8114435,21,7878109,3655,2512,12830,11478901,10545564,2378,2365,406
1786399592906,3893584,540000,528288,985472,8224064,0,2046543,0,2043353,18,8114435,17,7878109,3655,2512,12830,11478901,10545564,2378,2365,406
1786399593410,3893584,532416,525376,989936,8224064,0,2046800,0,2043610,18,8123717,17,7887370,3655,2512,12830,11498421,10565072,2378,2365,407
1786399593916,3893584,532416,525376,989936,8224064,0,2046800,0,2043610,18,8123717,17,7887370,3655,2512,12830,11498421,10565072,2378,2365,407
1786399594417,3893584,512528,528160,1012880,8224064,0,2047117,0,2043928,18,8130656,17,7894156,3655,2512,12830,11515189,10581840,2378,2365,407
1786399594925,3893584,614256,524112,906912,8224064,0,2048047,0,2044857,14,8132285,14,7895733,3655,2512,12830,11523445,10590096,2378,2365,408
1786399595433,3893584,614736,524048,906368,8224064,0,2048047,0,2044857,14,8132285,14,7895733,3655,2512,12830,11523445,10590096,2378,2365,408
1786399595936,3893584,572800,532896,957568,8224064,0,2048549,0,2045360,14,8140379,14,7903550,3655,2512,12830,11540085,10606736,2378,2365,408
1786399596442,3893584,572800,532896,957568,8224064,0,2048549,0,2045360,14,8140379,14,7903550,3655,2512,12830,11540085,10606736,2378,2365,408
1786399596944,3893584,561792,524208,960672,8224064,0,2049371,0,2046181,12,8150808,11,7913974,3655,2512,12830,11559605,10626256,2378,2365,409
1786399597452,3893584,561792,524208,960672,8224064,0,2049371,0,2046181,12,8150808,11,7913974,3655,2512,12830,11559605,10626256,2378,2365,409
1786399597955,3893584,558192,529984,968864,8224064,0,2049371,0,2046181,12,8150935,11,7914101,3655,2512,12830,11559605,10626256,2378,2365,409
1786399598456,3893584,550368,518752,965728,8224064,0,2049995,0,2046805,12,8157296,11,7920400,3655,2512,12830,11579061,10645712,2378,2365,409
1786399598966,3893584,550368,518752,965728,8224064,0,2049995,0,2046805,10,8157296,9,7920400,3655,2512,12830,11579061,10645712,2378,2365,409
1786399599473,3893584,540288,513984,970864,8224064,0,2053408,0,2050218,10,8161294,9,7924384,3655,2512,12830,11598517,10665168,2378,2365,410
1786399599976,3893584,540288,513984,970864,8224064,0,2053408,0,2050218,10,8161294,9,7924384,3655,2512,12830,11598517,10665168,2378,2365,410
1786399600488,3893584,483632,507552,1020864,8224064,0,2054066,0,2050876,10,8168915,9,7931897,3655,2512,12830,11615157,10681808,2378,2365,411
1786399600999,3893584,614672,513376,889792,8224064,0,2057404,0,2054214,8,8168915,7,7931897,3655,2512,12830,11623349,10690000,2378,2365,411
1786399601510,3893584,614672,513376,889792,8224064,0,2057404,0,2054214,8,8168915,7,7931897,3655,2512,12830,11623349,10690000,2378,2365,411
1786399602011,3893584,565808,509296,940704,8224064,0,2058601,0,2055411,8,8183143,7,7946125,3655,2512,12830,11639989,10706640,2378,2365,412
1786399602518,3893584,565808,509296,940704,8224064,0,2058601,0,2055411,8,8183143,7,7946125,3655,2512,12830,11639989,10706640,2378,2365,412
1786399603027,3893584,569072,518656,946784,8224064,0,2060638,0,2057448,6,8193554,6,7956470,3655,2512,12830,11659381,10726032,2378,2365,412
1786399603537,3893584,569072,518656,946784,8224064,0,2060638,0,2057448,6,8193554,6,7956470,3655,2512,12830,11659381,10726032,2378,2365,412
1786399604049,3893584,520960,520992,996976,8224064,0,2061827,0,2058638,6,8199272,6,7962081,3655,2512,12830,11676021,10742672,2378,2365,413
1786399604559,3893584,564880,520880,952944,8224064,0,2063019,0,2059829,6,8199272,6,7962081,3655,2512,12830,11678773,10745424,2378,2365,413
1786399605067,3893584,564880,520880,952944,8224064,0,2063019,0,2059829,5,8199272,5,7962081,3655,2512,12830,11678773,10745424,2378,2365,413
1786399605576,3893584,561760,523392,958480,8224064,0,2063723,0,2060534,5,8215351,5,7978151,3655,2512,12830,11698229,10764880,2378,2365,414
1786399606088,3893584,561760,523392,958480,8224064,0,2063723,0,2060534,5,8215351,5,7978151,3655,2512,12830,11698229,10764880,2378,2365,414
1786399606600,3893584,551648,517424,963072,8224064,0,2064555,0,2061365,5,8220302,5,7983064,3655,2512,12830,11717749,10784400,2378,2365,414
1786399607102,3893584,551648,517424,963072,8224064,0,2064555,0,2061365,22,8220302,22,7983064,3655,2512,12830,11717749,10784400,2378,2365,414
1786399607614,3893584,501616,518336,1014336,8224064,0,2064807,0,2061617,22,8230613,22,7993304,3655,2512,12830,11734325,10800976,2378,2365,415
1786399608117,3893584,547088,519904,969648,8224064,0,2065792,0,2062602,22,8230613,22,7993304,3655,2512,12830,11737141,10803792,2378,2365,415
1786399608624,3893584,547088,519904,969648,8224064,0,2065792,0,2062602,18,8230613,18,7993304,3655,2512,12830,11737141,10803792,2378,2365,415
1786399609135,3893584,536976,515008,975104,8224064,0,2066381,0,2063191,18,8240906,18,8003485,3655,2512,12830,11756597,10823248,2378,2365,416
1786399609645,3893584,537072,514464,974464,8224064,0,2066381,0,2063191,18,8240906,18,8003485,3655,2512,12830,11756597,10823248,2378,2365,416
1786399610157,3893584,533952,516480,979744,8224064,0,2066890,0,2063700,18,8247425,18,8009920,3655,2512,12830,11776053,10842704,2378,2365,416
1786399610661,3893584,533952,516480,979744,8224064,0,2066890,0,2063700,15,8247425,14,8009920,3655,2512,12830,11776053,10842704,2378,2365,416
1786399611162,3893584,477792,510512,1030000,8224064,0,2067182,0,2063992,15,8256443,14,8018798,3655,2512,12830,11792693,10859344,2378,2365,417
1786399611671,3893584,610272,512960,897904,8224064,0,2070041,0,2066851,15,8256443,14,8018798,3655,2512,12830,11800949,10867600,2378,2365,417
1786399612183,3893584,610272,512960,897904,8224064,0,2070041,0,2066851,15,8256443,14,8018798,3655,2512,12830,11800949,10867600,2378,2365,417
1786399612684,3893584,562928,513584,948224,8224064,0,2070527,0,2067337,12,8264665,12,8026540,3655,2512,12830,11817589,10884240,2378,2365,418
1786399613193,3893584,562928,513584,948224,8224064,0,2070527,0,2067337,12,8264665,12,8026540,3655,2512,12830,11817589,10884240,2378,2365,418
1786399613699,3893584,558992,516144,954624,8224064,0,2073882,0,2070693,12,8269944,12,8031748,3655,2512,12830,11836981,10903632,2378,2365,418
1786399614204,3893584,558992,516144,954624,8224064,0,2073882,0,2070693,12,8269944,12,8031748,3655,2512,12830,11836981,10903632,2378,2365,418
1786399614705,3893584,475744,509184,1030688,8224064,0,2074027,0,2070837,10,8282402,9,8044118,3655,2512,12830,11845237,10911888,2378,2365,419
1786399615207,3893584,546176,509184,960240,8224064,0,2075010,0,2071821,10,8286512,9,8048218,3655,2512,12830,11856373,10923024,2378,2365,419
1786399615714,3893584,546176,509184,960240,8224064,0,2075010,0,2071821,10,8286512,9,8048218,3655,2512,12830,11856373,10923024,2378,2365,419
1786399616218,3893584,543712,512832,966272,8224064,0,2076108,0,2072919,10,8291482,9,8053044,3655,2512,12830,11875765,10942416,2378,2365,420
1786399616723,3893584,543184,512688,966688,8224064,0,2076108,0,2072919,26,8291482,26,8053044,3655,2512,12830,11875765,10942416,2378,2365,420
1786399617226,3893584,616080,513184,886880,8224064,0,2077322,0,2074133,26,8299441,26,8060939,3655,2512,12830,11900533,10967184,2378,2365,420
1786399617734,3893584,616560,513648,886864,8224064,0,2077322,0,2074133,26,8299441,26,8060939,3655,2512,12830,11900533,10967184,2378,2365,420
1786399618236,3893584,616080,513216,886864,8224064,0,2077322,0,2074133,26,8299441,26,8060939,3655,2512,12830,11900533,10967184,2378,2365,420
1786399618747,3893584,571296,511584,937120,8224064,0,2077826,0,2074636,39,8316020,39,8077518,3655,2512,12830,11917173,10983824,2378,2365,421
1786399619250,3893584,571296,511584,937120,8224064,0,2077826,0,2074636,39,8316020,39,8077518,3655,2512,12830,11917173,10983824,2378,2365,421
1786399619761,3893584,567360,514272,944256,8224064,0,2078164,0,2074975,39,8322079,39,8083495,3655,2512,12830,11936565,11003216,2378,2365,422
1786399620273,3893584,567936,514256,943664,8224064,0,2078164,0,2074975,39,8322079,39,8083495,3655,2512,12830,11936565,11003216,2378,2365,422
1786399620785,3893584,523232,519408,993600,8224064,0,2078760,0,2075570,32,8334849,32,8096145,3655,2512,12830,11953205,11019856,2378,2365,422
1786399621292,3893584,567872,520016,949568,8224064,0,2079364,0,2076175,32,8334849,32,8096145,3655,2512,12830,11955957,11022608,2378,2365,422
1786399621803,3893584,567872,520016,949568,8224064,0,2079364,0,2076175,32,8334849,32,8096145,3655,2512,12830,11955957,11022608,2378,2365,422
1786399622314,3893584,554288,513360,956144,8224064,0,2080634,0,2077444,32,8347440,32,8108582,3655,2512,12830,11975349,11042000,2378,2365,423
1786399622820,3893584,554640,513472,956096,8224064,0,2080634,0,2077444,62,8366553,62,8127629,3655,2512,12830,11975349,11042000,2378,2365,423
1786399623322,3893584,550272,514256,961408,8224064,0,2082038,0,2078848,62,8375501,62,8136480,3655,2512,12830,11994805,11061456,2378,2365,423
1786399623831,3893584,550272,514256,961408,8224064,0,2082038,0,2078848,62,8375501,62,8136480,3655,2512,12830,11994805,11061456,2378,2365,423
1786399624337,3893584,492672,508272,1012800,8224064,0,2084428,0,2081238,62,8382398,62,8143122,3655,2512,12830,12011381,11078032,2378,2365,424
1786399624848,3893584,543168,513712,967744,8224064,0,2085735,0,2082545,51,8382398,51,8143122,3655,2512,12830,12014197,11080848,2378,2365,424
1786399625354,3893584,543168,513712,967744,8224064,0,2085735,0,2082545,51,8382398,51,8143122,3655,2512,12830,12014197,11080848,2378,2365,424
1786399625865,3893584,546368,521680,972800,8224064,0,2087712,0,2084522,51,8389487,51,8150049,3655,2512,12830,12033653,11100304,2378,2365,425
1786399626374,3893584,546368,521680,972800,8224064,0,2087712,0,2084522,51,8389487,51,8150049,3655,2512,12830,12033653,11100304,2378,2365,425
1786399626886,3893584,536832,517456,977696,8224064,0,2090163,0,2086973,42,8402620,42,8163148,3655,2512,12830,12053109,11119760,2378,2365,425
1786399627393,3893584,536832,517456,977696,8224064,0,2090163,0,2086973,42,8402620,42,8163148,3655,2512,12830,12053109,11119760,2378,2365,425
1786399627895,3893584,488832,519504,1028064,8224064,0,2090574,0,2087385,42,8414081,42,8174493,3655,2512,12830,12069749,11136400,2378,2365,426
1786399628400,3893584,533472,519088,983008,8224064,0,2091206,0,2088016,42,8414081,42,8174493,3655,2512,12830,12072565,11139216,2378,2365,426
1786399628908,3893584,533472,519648,983008,8224064,0,2091206,0,2088016,34,8414081,34,8174493,3655,2512,12830,12072565,11139216,2378,2365,426
1786399629415,3893584,612928,517168,900768,8224064,0,2091693,0,2088503,34,8423489,34,8183733,3655,2512,12830,12097461,11164112,2378,2365,427
1786399629925,3893584,612928,517168,900768,8224064,0,2091693,0,2088503,34,8423489,34,8183733,3655,2512,12830,12097461,11164112,2378,2365,427
1786399630434,3893584,562592,516704,951520,8224064,0,2092387,0,2089197,34,8428899,34,8189064,3655,2512,12830,12114101,11180752,2378,2365,427
1786399630938,3893584,562592,516704,951520,8224064,0,2092387,0,2089197,28,8428899,28,8189064,3655,2512,12830,12114101,11180752,2378,2365,427
1786399631440,3893584,543024,513552,967808,8224064,0,2092475,0,2089285,28,8430971,28,8191118,3655,2512,12830,12122421,11189072,2378,2365,428
1786399631950,3893584,550720,511024,957488,8224064,0,2092973,0,2089784,28,8436658,28,8196761,3655,2512,12830,12133493,11200144,2378,2365,428
1786399632453,3893584,550720,511024,957488,8224064,0,2092973,0,2089784,28,8436658,28,8196761,3655,2512,12830,12133493,11200144,2378,2365,428
1786399632955,3893584,546000,513552,964416,8224064,0,2094458,0,2091269,23,8445103,23,8205137,3655,2512,12830,12152885,11219536,2378,2365,429
1786399633466,3893584,546000,513552,964416,8224064,0,2094458,0,2091269,23,8445103,23,8205137,3655,2512,12830,12152885,11219536,2378,2365,429
1786399633970,3893584,548432,521008,969744,8224064,0,2095008,0,2091819,23,8457631,23,8217558,3655,2512,12830,12172341,11238992,2378,2365,429
1786399634479,3893584,548448,520384,969104,8224064,0,2095008,0,2091819,23,8457631,23,8217558,3655,2512,12830,12172341,11238992,2378,2365,429
1786399634984,3893584,540288,520640,977296,8224064,0,2095008,0,2091819,18,8457845,18,8217734,3655,2512,12830,12172341,11238992,2378,2365,429
1786399635487,3893584,547456,524192,974112,8224064,0,2095981,0,2092791,18,8468108,18,8227882,3655,2512,12830,12191797,11258448,2378,2365,430
1786399635991,3893584,547456,524192,974112,8224064,0,2095981,0,2092791,18,8468108,18,8227882,3655,2512,12830,12191797,11258448,2378,2365,430
1786399636503,3893584,538096,519408,978880,8224064,0,2098303,0,2095113,18,8473915,18,8233561,3655,2512,12830,12211253,11277904,2378,2365,431
1786399637671,3893584,538096,519408,978880,8224064,0,2098303,0,2095113,15,8473915,15,8233561,3655,2512,12830,12211253,11277904,2378,2365,431
1786399638181,3893584,533392,517920,982016,8224064,0,2100355,0,2097166,15,8480088,15,8239682,3655,2512,12830,12230773,11297424,2378,2365,431
1786399638682,3893584,533392,517920,982016,8224064,0,2100355,0,2097166,12,8480088,12,8239682,3655,2512,12830,12230773,11297424,2378,2365,431
1786399639192,3893584,610224,514000,899696,8224064,0,2102561,0,2099371,12,8491069,12,8250469,3655,2512,12830,12255669,11322320,2378,2365,432
1786399639695,3893584,609840,514016,900672,8224064,0,2102561,0,2099371,12,8491069,12,8250469,3655,2512,12830,12255669,11322320,2378,2365,432
1786399640206,3893584,561600,515616,951008,8224064,0,2103961,0,2100771,12,8504831,12,8264231,3655,2512,12830,12272309,11338960,2378,2365,433
1786399640715,3893584,561600,515616,951008,8224064,0,2103961,0,2100771,28,8504831,28,8264231,3655,2512,12830,12272309,11338960,2378,2365,433
1786399641216,3893584,513600,517664,1001376,8224064,0,2105943,0,2102753,28,8514360,28,8273648,3655,2512,12830,12288949,11355600,2378,2365,433
1786399641719,3893584,558752,518784,957344,8224064,0,2106816,0,2103627,28,8514360,28,8273648,3655,2512,12830,12291701,11358352,2378,2365,433
1786399642220,3893584,513152,521824,1005584,8224064,0,2106816,0,2103627,28,8518018,28,8277307,3655,2512,12830,12291701,11358352,2378,2365,433
1786399642730,3893584,555600,520864,962272,8224064,0,2107755,0,2104565,41,8528760,41,8288044,3655,2512,12830,12311157,11377808,2378,2365,434
1786399643235,3893584,555600,520864,962272,8224064,0,2107755,0,2104565,41,8528760,41,8288044,3655,2512,12830,12311157,11377808,2378,2365,434
1786399643735,3893584,545312,515120,967536,8224064,0,2109831,0,2106641,41,8533526,41,8292802,3655,2512,12830,12330613,11397264,2378,2365,435
1786399644249,3893584,545312,515120,967536,8224064,0,2109831,0,2106641,41,8533526,41,8292802,3655,2512,12830,12330613,11397264,2378,2365,435
1786399644754,4016464,548928,523136,972096,8224064,0,2112177,0,2108988,33,8540025,33,8299180,3655,2512,12830,12350069,11416720,2378,2365,435
1786399645265,4959376,1470272,1443984,972368,8224064,0,2112177,0,2108988,33,8540025,33,8299180,3655,2512,12830,12350069,11416720,2378,2365,435
1786399645767,5088256,1532624,1574128,1040576,8224064,0,2112177,0,2108988,33,8543031,33,8302186,3655,2512,12830,12350069,11416720,2378,2365,435
1786399646272,5088256,1470688,1574128,1101728,8224064,0,2112177,0,2108988,33,8548065,33,8307187,3655,2512,12830,12350069,11416720,2378,2365,435
1786399646780,5088256,1478192,1581712,1102288,8224064,0,2112177,0,2108988,27,8548065,27,8307187,3655,2512,12830,12350069,11416720,2378,2365,435
1786399647293,5088256,1478192,1582192,1102288,8224064,0,2112177,0,2108988,27,8548065,27,8307187,3655,2512,12830,12350069,11416720,2378,2365,435
1786399647801,5071248,1485872,1589936,1102288,8224064,0,2112177,0,2108988,27,8548065,27,8307187,3655,2512,12830,12350069,11416720,2378,2365,435
1786399648313,5071248,1485392,1589456,1102288,8224064,0,2112177,0,2108988,27,8548065,27,8307187,3655,2512,12830,12350069,11416720,2378,2365,435
1786399648820,5071248,1485392,1589456,1102288,8224064,0,2112177,0,2108988,22,8548065,22,8307187,3655,2512,12830,12350069,11416720,2378,2365,435
1786399649329,5071248,1492832,1597104,1102288,8224064,0,2112177,0,2108988,22,8548065,22,8307187,3655,2512,12830,12350069,11416720,2378,2365,435
1786399649837,5047008,1492832,1597200,1102288,8224064,0,2112177,0,2108988,22,8548065,22,8307187,3655,2512,12830,12350069,11416720,2378,2365,435
1786399650339,5047008,1492832,1597200,1102288,8224064,0,2112177,0,2108988,22,8548065,22,8307187,3655,2512,12830,12350069,11416720,2378,2365,435
1786399650845,5047008,1492832,1597200,1102288,8224064,0,2112177,0,2108988,18,8548065,18,8307187,3655,2512,12830,12350069,11416720,2378,2365,435
1786399651353,5047008,1492832,1597200,1102288,8224064,0,2112177,0,2108988,18,8548065,18,8307187,3655,2512,12830,12350069,11416720,2378,2365,435
1786399651861,5023152,1492352,1596816,1102288,8224064,0,2112177,0,2108988,18,8548065,18,8307187,3655,2512,12830,12350069,11416720,2378,2365,435
1786399652368,5023152,1492352,1596816,1102288,8224064,0,2112177,0,2108988,18,8548065,18,8307187,3655,2512,12830,12350069,11416720,2378,2365,435
1786399652874,5023152,1492352,1596816,1102288,8224064,0,2112177,0,2108988,15,8548065,15,8307187,3655,2512,12830,12350069,11416720,2378,2365,435
1786399653377,5023152,1492352,1596816,1102288,8224064,0,2112177,0,2108988,15,8548065,15,8307187,3655,2512,12830,12350069,11416720,2378,2365,435
1786399653880,4999200,1492352,1596912,1102288,8224064,0,2112177,0,2108988,15,8548065,15,8307187,3655,2512,12830,12350069,11416720,2378,2365,435
1786399654385,4999200,1492352,1596912,1102288,8224064,0,2112177,0,2108988,15,8548065,15,8307187,3655,2512,12830,12350069,11416720,2378,2365,435
1786399654890,4999200,1492352,1596912,1102288,8224064,0,2112177,0,2108988,12,8548065,12,8307187,3655,2512,12830,12350069,11416720,2378,2365,435
1786399655397,4999200,1492112,1596672,1102288,8224064,0,2112177,0,2108988,12,8548065,12,8307187,3655,2512,12830,12350069,11416720,2378,2365,435
1786399655909,4975392,1477216,1581856,1102288,8224064,0,2112177,0,2108988,12,8548065,12,8307187,3655,2512,12830,12350069,11416720,2378,2365,435
1786399656422,4975392,1477216,1581856,1102288,8224064,0,2112177,0,2108988,12,8548065,12,8307187,3655,2512,12830,12350069,11416720,2378,2365,435
1786399656929,4975392,1476992,1581632,1102288,8224064,0,2112177,0,2108988,10,8548065,10,8307187,3655,2512,12830,12350069,11416720,2378,2365,435
1786399657432,4975392,1469312,1573952,1102288,8224064,0,2112177,0,2108988,10,8548065,10,8307187,3655,2512,12830,12350069,11416720,2378,2365,435
1786399657933,4975392,1469312,1574224,1102736,8224672,0,2112206,0,2109016,10,8550764,10,8309836,3697,2550,12830,12350069,11416720,2378,2365,435
1786399658436,4975392,1446752,1579952,1130912,8231184,0,2112206,0,2109016,10,8583205,10,8340926,4176,2962,12830,12350069,11416720,2378,2365,435
1786399658945,4975392,1446512,1579728,1130912,8231248,0,2112206,0,2109016,26,8583205,26,8340926,4180,2965,12830,12350069,11416720,2378,2365,435
1786399659451,4975392,1446512,1579824,1130944,8231248,0,2112206,0,2109016,26,8583205,26,8340926,4180,2965,12830,12350069,11416720,2378,2365,435
1786399659963,4975392,1446512,1579824,1130944,8231248,0,2112206,0,2109016,26,8583205,26,8340926,4180,2965,12830,12350069,11416720,2378,2365,435
1786399660473,4975392,1446512,1579824,1130944,8231248,0,2112206,0,2109016,26,8583205,26,8340926,4180,2965,12830,12350069,11416720,2378,2365,435
1786399660983,4975392,1446272,1579584,1130944,8231248,0,2112206,0,2109016,21,8583205,21,8340926,4180,2965,12830,12350069,11416720,2378,2365,435
1786399661485,4975392,1446272,1579584,1130944,8231248,0,2112206,0,2109016,21,8583205,21,8340926,4180,2965,12830,12350069,11416720,2378,2365,435
1786399661986,4975392,1446272,1579584,1130944,8231248,0,2112206,0,2109016,21,8583205,21,8340926,4180,2965,12830,12350069,11416720,2378,2365,435
1786399662497,4975392,1446272,1579584,1130944,8231248,0,2112206,0,2109016,21,8583205,21,8340926,4180,2965,12830,12350069,11416720,2378,2365,435
1786399663002,4975392,1446272,1579584,1130944,8231248,0,2112206,0,2109016,17,8583205,17,8340926,4180,2965,12830,12350069,11416720,2378,2365,435
1786399663512,4975392,1446032,1579344,1130944,8231248,0,2112206,0,2109016,17,8583205,17,8340926,4180,2965,12830,12350069,11416720,2378,2365,435
1786399664015,4975392,1446032,1579344,1130944,8231248,0,2112206,0,2109016,17,8583205,17,8340926,4180,2965,12830,12350069,11416720,2378,2365,435
1786399664517,4975392,1445792,1579104,1130960,8231248,0,2112206,0,2109016,17,8583205,17,8340926,4180,2965,12830,12350069,11416720,2378,2365,435
1786399665020,4975392,1445792,1579104,1130960,8231248,0,2112206,0,2109016,14,8583205,14,8340926,4180,2965,12830,12350069,11416720,2378,2365,435
1786399665531,4975392,1445792,1579104,1130960,8231248,0,2112206,0,2109016,14,8583205,14,8340926,4180,2965,12830,12350069,11416720,2378,2365,435
1786399666037,4975392,1445792,1579104,1130960,8231248,0,2112206,0,2109016,14,8583205,14,8340926,4180,2965,12830,12350069,11416720,2378,2365,435
1786399666541,4975392,1445792,1579104,1130960,8231248,0,2112206,0,2109016,14,8583205,14,8340926,4180,2965,12830,12350069,11416720,2378,2365,435
1786399667048,4975392,1445792,1579104,1130960,8231248,0,2112206,0,2109016,11,8583205,11,8340926,4180,2965,12830,12350069,11416720,2378,2365,435
1786399667557,4975392,1445792,1579104,1130960,8231248,0,2112206,0,2109016,11,8583205,11,8340926,4180,2965,12830,12350069,11416720,2378,2365,435
1786399668060,4975392,1445792,1579104,1130960,8231248,0,2112206,0,2109016,11,8583205,11,8340926,4180,2965,12830,12350069,11416720,2378,2365,435
1786399668570,4975392,1445792,1579088,1130944,8231280,0,2112206,0,2109016,11,8583205,11,8340926,4182,2967,12830,12350069,11416720,2378,2365,435
1786399669073,4975392,1445792,1579088,1130944,8231280,0,2112206,0,2109016,9,8583205,9,8340926,4182,2967,12830,12350069,11416720,2378,2365,435
1786399669574,4975392,1445792,1579088,1130944,8231280,0,2112206,0,2109016,9,8583205,9,8340926,4182,2967,12830,12350069,11416720,2378,2365,435
1786399670076,4975392,1445792,1579088,1130944,8231280,0,2112206,0,2109016,9,8583205,9,8340926,4182,2967,12830,12350069,11416720,2378,2365,435
1786399670577,4975392,1445792,1579088,1130944,8231280,0,2112206,0,2109016,9,8583205,9,8340926,4182,2967,12830,12350069,11416720,2378,2365,435
1786399671083,4975392,1445792,1579088,1130944,8231280,0,2112206,0,2109016,7,8583205,7,8340926,4182,2967,12830,12350069,11416720,2378,2365,435
1786399671590,4975392,1445792,1579088,1130944,8231280,0,2112206,0,2109016,7,8583205,7,8340926,4182,2967,12830,12350069,11416720,2378,2365,435
1786399672099,4975392,1445792,1579088,1130944,8231280,0,2112206,0,2109016,7,8583205,7,8340926,4182,2967,12830,12350069,11416720,2378,2365,435
1786399672612,4975392,1445792,1579088,1130944,8231280,0,2112206,0,2109016,7,8583205,7,8340926,4182,2967,12830,12350069,11416720,2378,2365,435
1786399673118,4975392,1445792,1579088,1130944,8231296,0,2112206,0,2109016,6,8583205,6,8340926,4183,2968,12830,12350069,11416720,2378,2365,435
1786399673630,4975392,1445792,1579088,1130944,8231296,0,2112206,0,2109016,6,8583205,6,8340926,4183,2968,12830,12350069,11416720,2378,2365,435
1786399674137,4975392,1445792,1579088,1130944,8231296,0,2112206,0,2109016,6,8583205,6,8340926,4183,2968,12830,12350069,11416720,2378,2365,435
1786399674644,4975392,1445792,1579088,1130944,8231296,0,2112206,0,2109016,6,8583205,6,8340926,4183,2968,12830,12350069,11416720,2378,2365,435
1786399675148,4975392,1445792,1579088,1130944,8231296,0,2112206,0,2109016,5,8583205,5,8340926,4183,2968,12830,12350069,11416720,2378,2365,435
1786399675657,4975392,1445792,1579088,1130944,8231296,0,2112206,0,2109016,5,8583205,5,8340926,4183,2968,12830,12350069,11416720,2378,2365,435
1786399676166,4975392,1445792,1579088,1130944,8231296,0,2112206,0,2109016,5,8583205,5,8340926,4183,2968,12830,12350069,11416720,2378,2365,435
1786399676668,4975392,1445552,1578848,1130944,8231296,0,2112206,0,2109016,4,8583205,4,8340926,4183,2968,12830,12350069,11416720,2378,2365,435
1786399677180,4975392,1445312,1578608,1130944,8231296,0,2112206,0,2109016,4,8583205,4,8340926,4183,2968,12830,12350069,11416720,2378,2365,435
1786399677687,4975392,1445312,1578608,1130944,8231296,0,2112206,0,2109016,4,8583205,4,8340926,4183,2968,12830,12350069,11416720,2378,2365,435
1786399678198,4975392,1445312,1578608,1130944,8231296,0,2112206,0,2109016,4,8583205,4,8340926,4183,2968,12830,12350069,11416720,2378,2365,435
1786399678702,4975392,1445312,1578608,1130944,8231296,0,2112206,0,2109016,3,8583205,3,8340926,4183,2968,12830,12350069,11416720,2378,2365,435
1786399679205,4975392,1445312,1578608,1130944,8231296,0,2112206,0,2109016,3,8583205,3,8340926,4183,2968,12830,12350069,11416720,2378,2365,435
1786399679708,4975392,1445312,1578608,1130944,8231296,0,2112206,0,2109016,3,8583205,3,8340926,4183,2968,12830,12350069,11416720,2378,2365,435
1786399680220,4975392,1445312,1578608,1130944,8231296,0,2112206,0,2109016,3,8583205,3,8340926,4183,2968,12830,12350069,11416720,2378,2365,435
1786399680729,4975392,1445072,1578368,1130944,8231296,0,2112206,0,2109016,2,8583205,2,8340926,4183,2968,12830,12350069,11416720,2378,2365,435
1786399681237,4975392,1445072,1578368,1130944,8231296,0,2112206,0,2109016,2,8583205,2,8340926,4183,2968,12830,12350069,11416720,2378,2365,435
1786399681745,4975392,1445072,1578368,1130944,8231296,0,2112206,0,2109016,2,8583205,2,8340926,4183,2968,12830,12350069,11416720,2378,2365,435
1786399682254,4975392,1444832,1578128,1130944,8231296,0,2112206,0,2109016,2,8583205,2,8340926,4183,2968,12830,12350069,11416720,2378,2365,435
1786399682755,4975392,1444592,1577888,1130944,8231296,0,2112206,0,2109016,2,8583205,2,8340926,4183,2968,12830,12350069,11416720,2378,2365,435
1786399683258,4975392,1444592,1577888,1130944,8231296,0,2112206,0,2109016,2,8583205,2,8340926,4183,2968,12830,12350069,11416720,2378,2365,435
1786399683769,4975392,1444592,1577888,1130944,8231296,0,2112206,0,2109016,2,8583205,2,8340926,4183,2968,12830,12350069,11416720,2378,2365,435
1786399684275,4975392,1444592,1577888,1130944,8231296,0,2112206,0,2109016,2,8583205,2,8340926,4183,2968,12830,12350069,11416720,2378,2365,435
1786399684787,4975392,1444592,1577888,1130944,8231296,0,2112206,0,2109016,1,8583205,1,8340926,4183,2968,12830,12350069,11416720,2378,2365,435
1786399685297,4975392,1444352,1577648,1130944,8231296,0,2112206,0,2109016,1,8583205,1,8340926,4183,2968,12830,12350069,11416720,2378,2365,435
1786399685802,4975392,1444352,1577648,1130944,8231296,0,2112206,0,2109016,1,8583205,1,8340926,4183,2968,12830,12350069,11416720,2378,2365,435
1786399686312,4975392,1444352,1577648,1130944,8231296,0,2112206,0,2109016,1,8583205,1,8340926,4183,2968,12830,12350069,11416720,2378,2365,435
1786399686814,4975392,1444352,1577648,1130944,8231296,0,2112206,0,2109016,1,8583205,1,8340926,4183,2968,12830,12350069,11416720,2378,2365,435
1786399687319,4975392,1444352,1577648,1130944,8231296,0,2112206,0,2109016,1,8583205,1,8340926,4183,2968,12830,12350069,11416720,2378,2365,435
1786399687828,4975392,1444352,1577648,1130944,8231296,0,2112206,0,2109016,1,8583205,1,8340926,4183,2968,12830,12350069,11416720,2378,2365,435
1786399688340,4975392,1444352,1577648,1130944,8231296,0,2112206,0,2109016,1,8583205,1,8340926,4183,2968,12830,12350069,11416720,2378,2365,435
1786399688852,4975392,1443872,1577168,1130944,8231296,0,2112206,0,2109016,1,8583205,1,8340926,4183,2968,12830,12350069,11416720,2378,2365,435
1786399689362,4975392,1443872,1577360,1131552,8231296,0,2112206,0,2109016,1,8618111,1,8375443,4183,2968,12830,12350069,11416720,2378,2365,435
1786399689873,4975392,1443872,1577360,1131552,8231296,0,2112206,0,2109016,1,8618111,1,8375443,4183,2968,12830,12350069,11416720,2378,2365,435
1786399690380,4975392,1443872,1577776,1131552,8231296,0,2112206,0,2109016,1,8618111,1,8375443,4183,2968,12830,12350069,11416720,2378,2365,435
1786399690882,4975392,1443632,1577536,1131552,8231296,0,2112206,0,2109016,19,8618111,19,8375443,4183,2968,12830,12350069,11416720,2378,2365,435
1786399691385,4975392,1443632,1577536,1131552,8231296,0,2112206,0,2109016,19,8618111,19,8375443,4183,2968,12830,12350069,11416720,2378,2365,435
1786399691888,4975392,1443632,1577536,1131552,8231296,0,2112206,0,2109016,19,8618111,19,8375443,4183,2968,12830,12350069,11416720,2378,2365,435
1786399692397,4975392,1443392,1577296,1131552,8231296,0,2112206,0,2109016,19,8618111,19,8375443,4183,2968,12830,12350069,11416720,2378,2365,435
1786399692907,4975392,1443392,1577296,1131552,8231296,0,2112206,0,2109016,15,8618111,15,8375443,4183,2968,12830,12350069,11416720,2378,2365,435
1786399693411,4975392,1443392,1577296,1131552,8231296,0,2112206,0,2109016,15,8618111,15,8375443,4183,2968,12830,12350069,11416720,2378,2365,435
1786399693923,4975392,1443392,1577296,1131552,8231296,0,2112206,0,2109016,15,8618111,15,8375443,4183,2968,12830,12350069,11416720,2378,2365,435
1786399694425,4975392,1443392,1577296,1131552,8231296,0,2112206,0,2109016,15,8618111,15,8375443,4183,2968,12830,12350069,11416720,2378,2365,435
1786399694936,4975392,1443392,1577296,1131552,8231296,0,2112206,0,2109016,12,8618111,12,8375443,4183,2968,12830,12350069,11416720,2378,2365,435
1786399695439,4975392,1443152,1577056,1131552,8231296,0,2112206,0,2109016,12,8618111,12,8375443,4183,2968,12830,12350069,11416720,2378,2365,435
1786399695949,4975392,1442912,1577728,1132496,8232480,0,2112957,0,2109743,12,8621456,12,8378764,4224,3002,12830,12350069,11416720,2378,2365,435
1786399696461,4975392,1442912,1577888,1133088,8232480,0,2112957,0,2109743,12,8621456,12,8378764,4224,3002,12830,12350069,11416720,2378,2365,435
1786399696971,4975392,1442912,1578080,1133088,8232480,0,2112957,0,2109743,10,8621456,10,8378764,4224,3002,12830,12350069,11416720,2378,2365,435
1786399697473,4975392,1442432,1577632,1133088,8232480,0,2112957,0,2109743,10,8621456,10,8378764,4224,3002,12830,12350069,11416720,2378,2365,435
1786399697985,4975392,1442432,1577632,1133088,8232480,0,2112957,0,2109743,10,8621456,10,8378764,4224,3002,12830,12350069,11416720,2378,2365,435
1786399698490,4975392,1442432,1577888,1133088,8232480,0,2112957,0,2109743,10,8621456,10,8378764,4224,3002,12830,12350069,11416720,2378,2365,435
1786399698992,4975392,1442432,1577888,1133088,8232480,0,2112957,0,2109743,8,8621456,8,8378764,4224,3002,12830,12350069,11416720,2378,2365,435
1786399699496,4975392,1442432,1577888,1133088,8232480,0,2112957,0,2109743,8,8621456,8,8378764,4224,3002,12830,12350069,11416720,2378,2365,435
1786399699999,4975392,1442432,1577888,1133088,8232480,0,2112957,0,2109743,8,8621456,8,8378764,4224,3002,12830,12350069,11416720,2378,2365,435
1786399700505,4975392,1442192,1577648,1133088,8232480,0,2112957,0,2109743,8,8621456,8,8378764,4224,3002,12830,12350069,11416720,2378,2365,435
1786399701009,4975392,1442192,1577648,1133088,8232480,0,2112957,0,2109743,6,8621456,6,8378764,4224,3002,12830,12350069,11416720,2378,2365,435
1786399701519,4975392,1442192,1577648,1133088,8232480,0,2112957,0,2109743,6,8621456,6,8378764,4224,3002,12830,12350069,11416720,2378,2365,435
1786399702025,4975392,1442192,1577648,1133088,8232480,0,2112957,0,2109743,6,8621456,6,8378764,4224,3002,12830,12350069,11416720,2378,2365,435
1786399702537,4975392,1442192,1577648,1133088,8232480,0,2112957,0,2109743,6,8621456,6,8378764,4224,3002,12830,12350069,11416720,2378,2365,435
1786399703048,4975392,1442192,1577648,1133088,8232480,0,2112957,0,2109743,5,8621456,5,8378764,4224,3002,12830,12350069,11416720,2378,2365,435
1786399703549,4975392,1442192,1577648,1133088,8232480,0,2112957,0,2109743,5,8621456,5,8378764,4224,3002,12830,12350069,11416720,2378,2365,435
1786399704050,4975392,1405840,1578208,1171680,8234224,0,2112957,0,2109743,5,8665625,5,8421449,4420,3116,12830,12350069,11416720,2378,2365,435
1786399704550,4975392,2265808,1853216,269472,8234416,0,2112957,0,2109743,5,8670912,5,8426737,4433,3128,12830,12350069,11416720,2378,2365,435
1786399705051,4899616,1919824,1641600,537824,8234416,0,2112957,0,2109743,40,8673217,40,8429041,4433,3128,12830,12350069,11416720,2378,2365,435
1786399705553,4822288,1573424,1431776,810208,8234416,0,2112957,0,2109743,40,8676299,40,8432088,4433,3128,12830,12350069,11416720,2378,2365,435
1786399706053,4888848,1335248,1409600,1072368,8234416,0,2112957,0,2109743,40,8677014,40,8432797,4433,3128,12830,12350069,11416720,2378,2365,435
1786399706564,4988576,1315152,1493424,1176256,8234416,0,2112957,0,2109743,40,8828802,40,8584264,4434,3128,12830,12350069,11416720,2378,2365,435
1786399707064,5075616,578816,537840,961776,8234416,0,2273362,0,2270149,269,8943404,269,8698822,4437,3128,12830,12363253,11429904,2781,2756,436
1786399707573,6017216,2640832,2511392,843088,8234416,0,2303174,0,2299960,269,8943404,269,8698822,4437,3128,12830,12369909,11436560,3649,3624,436
1786399708078,6017216,2383552,2562320,1180656,8234416,0,2303174,0,2299960,269,8952274,269,8707688,4437,3128,12830,12369909,11436560,3649,3624,436
1786399708596,6017216,2383552,2562320,1180656,8234416,0,2303174,0,2299960,269,8952274,269,8707688,4437,3128,12830,12369909,11436560,3649,3624,436
1786399709099,5948608,2383552,2562816,1180656,8234416,163,2303174,163,2299960,220,8952274,220,8707688,4437,3128,12830,12369909,11436560,3649,3624,436
1786399709609,5755072,2200096,2380128,1180656,8234416,163,2303174,163,2299960,220,8952274,220,8707688,4437,3128,12830,12369909,11436560,3649,3624,436
1786399710114,5755072,2200096,2380128,1180656,8234416,163,2303174,163,2299960,220,8952274,220,8707688,4437,3128,12830,12369909,11436560,3649,3624,436
1786399710619,5755072,2199472,2379504,1180656,8234416,163,2303174,163,2299960,220,8952274,220,8707688,4437,3128,12830,12369909,11436560,3649,3624,436
1786399711123,5698752,2145952,2326192,1180656,8234416,133,2303174,133,2299960,180,8952274,180,8707688,4437,3128,12830,12369909,11436560,3649,3624,436
1786399711634,5492928,1938592,2119648,1180656,8234416,133,2303174,133,2299960,180,8952274,180,8707688,4437,3128,12830,12369909,11436560,3649,3624,436
1786399712136,5492928,1938592,2119648,1180656,8234416,133,2303174,133,2299960,180,8952274,180,8707688,4437,3128,12830,12369909,11436560,3649,3624,436
1786399712647,5492928,1930912,2111968,1180656,8234416,133,2303174,133,2299960,180,8952274,180,8707688,4437,3128,12830,12369909,11436560,3649,3624,436
1786399713148,5416128,1854352,2035696,1180656,8234416,109,2303174,109,2299960,147,8952274,147,8707688,4437,3128,12830,12369909,11436560,3649,3624,436
1786399713649,5230784,1670032,1852112,1180656,8234416,109,2303174,109,2299960,147,8952274,147,8707688,4437,3128,12830,12369909,11436560,3649,3624,436
1786399714155,5230784,1670032,1852112,1180656,8234416,109,2303174,109,2299960,147,8952274,147,8707688,4437,3128,12830,12369909,11436560,3649,3624,436
1786399714665,5230784,1670032,1852112,1180656,8234416,89,2303174,89,2299960,120,8952274,120,8707688,4437,3128,12830,12369909,11436560,3649,3624,436
1786399715168,5144768,1586416,1768832,1180656,8234416,89,2303174,89,2299960,120,8952274,120,8707688,4437,3128,12830,12369909,11436560,3649,3624,436
1786399715678,4968640,1409152,1592256,1180656,8234416,89,2303174,89,2299960,120,8952274,120,8707688,4437,3128,12830,12369909,11436560,3649,3624,436
1786399716189,4968640,1409152,1592256,1180656,8234416,89,2303174,89,2299960,120,8952274,120,8707688,4437,3128,12830,12369909,11436560,3649,3624,436
1786399716699,4968640,1409152,1592256,1180656,8234416,73,2303174,73,2299960,98,8952274,98,8707688,4437,3128,12830,12369909,11436560,3649,3624,436
1786399717209,4949248,1386352,1569520,1180656,8234416,73,2303174,73,2299960,98,8954030,98,8709443,4437,3128,12830,12369909,11436560,3649,3624,436
1786399717719,4949248,1386352,1569520,1180656,8234416,73,2303174,73,2299960,98,8954030,98,8709443,4437,3128,12830,12369909,11436560,3649,3624,436
1786399718223,4949248,1386352,1569520,1180656,8234416,73,2303174,73,2299960,98,8954030,98,8709443,4437,3128,12830,12369909,11436560,3649,3624,436
1786399718734,4949248,1386352,1569520,1180656,8234416,59,2303174,59,2299960,81,8954030,81,8709443,4437,3128,12830,12369909,11436560,3649,3624,436
1786399719238,4949248,1386352,1569520,1180736,8234416,59,2303174,59,2299960,81,8954030,81,8709443,4437,3128,12830,12369909,11436560,3649,3624,436
1786399719749,4949248,1386352,1569600,1180736,8234416,59,2303174,59,2299960,81,8954030,81,8709443,4437,3128,12830,12369909,11436560,3649,3624,436
1786399720259,4949248,1386352,1569600,1180736,8234416,59,2303174,59,2299960,81,8954030,81,8709443,4437,3128,12830,12369909,11436560,3649,3624,436
1786399720770,4949248,1386352,1569600,1180736,8234416,49,2303174,49,2299960,66,8954030,66,8709443,4437,3128,12830,12369909,11436560,3649,3624,436
1786399721275,4949248,1386352,1569600,1180736,8234416,49,2303174,49,2299960,66,8954030,66,8709443,4437,3128,12830,12369909,11436560,3649,3624,436
1786399721781,4949248,1386352,1569600,1180752,8234416,49,2303174,49,2299960,66,8954030,66,8709443,4437,3128,12830,12369909,11436560,3649,3624,436
1786399722281,4949248,1386352,1569600,1180752,8234416,49,2303174,49,2299960,66,8954030,66,8709443,4437,3128,12830,12369909,11436560,3649,3624,436
1786399722785,4949248,1386352,1569600,1180752,8234416,40,2303174,40,2299960,54,8954030,54,8709443,4437,3128,12830,12369909,11436560,3649,3624,436
1786399723295,4949248,1386352,1569600,1180752,8234416,40,2303174,40,2299960,54,8954030,54,8709443,4437,3128,12830,12369909,11436560,3649,3624,436
1786399723800,4949248,1386352,1569600,1180752,8234416,40,2303174,40,2299960,54,8954030,54,8709443,4437,3128,12830,12369909,11436560,3649,3624,436
1786399724312,4949248,1386352,1569600,1180752,8234416,40,2303174,40,2299960,54,8954030,54,8709443,4437,3128,12830,12369909,11436560,3649,3624,436
1786399724820,4949248,1386352,1569600,1180752,8234416,32,2303174,32,2299960,44,8954030,44,8709443,4437,3128,12830,12369909,11436560,3649,3624,436
1786399725324,4949248,1386352,1569600,1180752,8234416,32,2303174,32,2299960,44,8954030,44,8709443,4437,3128,12830,12369909,11436560,3649,3624,436
1786399725831,4949248,1386352,1569600,1180752,8234416,32,2303174,32,2299960,44,8954030,44,8709443,4437,3128,12830,12369909,11436560,3649,3624,436
1786399726340,4949248,1386352,1569600,1180752,8234416,32,2303174,32,2299960,44,8954030,44,8709443,4437,3128,12830,12369909,11436560,3649,3624,436
1786399726851,4949248,1386352,1569600,1180752,8234416,26,2303174,26,2299960,36,8954030,36,8709443,4437,3128,12830,12369909,11436560,3649,3624,436
1786399727359,4949248,1386352,1569600,1180752,8234416,26,2303174,26,2299960,36,8954030,36,8709443,4437,3128,12830,12369909,11436560,3649,3624,436
1786399727871,4949248,1386112,1569360,1180752,8234416,26,2303174,26,2299960,36,8954030,36,8709443,4437,3128,12830,12369909,11436560,3649,3624,436
1786399728380,4949248,1386112,1569360,1180752,8234416,26,2303174,26,2299960,36,8954030,36,8709443,4437,3128,12830,12369909,11436560,3649,3624,436
1786399728890,4949248,1386112,1569360,1180752,8234416,22,2303174,22,2299960,28,8954030,28,8709443,4437,3128,12830,12369909,11436560,3649,3624,436
1786399729395,4949248,1386112,1569360,1180752,8234416,22,2303174,22,2299960,28,8954030,28,8709443,4437,3128,12830,12369909,11436560,3649,3624,436
1786399729905,4949248,1385872,1569120,1180752,8234416,22,2303174,22,2299960,28,8954030,28,8709443,4437,3128,12830,12369909,11436560,3649,3624,436
1786399730409,4949248,1385872,1569120,1180752,8234416,22,2303174,22,2299960,28,8954030,28,8709443,4437,3128,12830,12369909,11436560,3649,3624,436
1786399730914,4949248,1385872,1569120,1180752,8234416,18,2303174,18,2299960,24,8954030,24,8709443,4437,3128,12830,12369909,11436560,3649,3624,436
1786399731424,4949248,1385872,1569120,1180752,8234416,18,2303174,18,2299960,24,8954030,24,8709443,4437,3128,12830,12369909,11436560,3649,3624,436
1786399731934,4949248,1385632,1568880,1180752,8234416,18,2303174,18,2299960,24,8954030,24,8709443,4437,3128,12830,12369909,11436560,3649,3624,436
1786399732446,4949248,1385632,1568880,1180752,8234416,18,2303174,18,2299960,24,8954030,24,8709443,4437,3128,12830,12369909,11436560,3649,3624,436
1786399732955,4949248,1385632,1568880,1180752,8234416,14,2303174,14,2299960,19,8954030,19,8709443,4437,3128,12830,12369909,11436560,3649,3624,436
1786399733465,4949248,1385632,1568880,1180752,8234416,14,2303174,14,2299960,19,8954030,19,8709443,4437,3128,12830,12369909,11436560,3649,3624,436
1786399733969,4949248,1385392,1568640,1180752,8234416,14,2303174,14,2299960,19,8954030,19,8709443,4437,3128,12830,12369909,11436560,3649,3624,436
1786399734481,4949248,1385392,1568640,1180752,8234416,14,2303174,14,2299960,19,8954030,19,8709443,4437,3128,12830,12369909,11436560,3649,3624,436
1786399734982,4949248,1385392,1568640,1180752,8234416,12,2303174,12,2299960,16,8954030,16,8709443,4437,3128,12830,12369909,11436560,3649,3624,436
1786399735486,4949248,1385392,1568640,1180752,8234416,12,2303174,12,2299960,16,8954030,16,8709443,4437,3128,12830,12369909,11436560,3649,3624,436
1786399735987,4949248,1385392,1568640,1180752,8234416,12,2303174,12,2299960,16,8954030,16,8709443,4437,3128,12830,12369909,11436560,3649,3624,436
1786399736497,4949248,1385152,1568400,1180752,8234416,12,2303174,12,2299960,16,8954030,16,8709443,4437,3128,12830,12369909,11436560,3649,3624,436
1786399737010,4949248,1385152,1568400,1180752,8234416,9,2303174,9,2299960,13,8954030,13,8709443,4437,3128,12830,12369909,11436560,3649,3624,436
1786399737518,4949248,1385152,1568400,1180752,8234416,9,2303174,9,2299960,13,8955580,13,8710843,4437,3128,12830,12369909,11436560,3649,3624,436
1786399738030,4949248,1385152,1568400,1180752,8234416,9,2303174,9,2299960,13,8955580,13,8710843,4437,3128,12830,12369909,11436560,3649,3624,436
1786399738538,4949248,1385152,1568400,1180880,8234416,9,2303174,9,2299960,13,8967487,13,8722640,4437,3128,12830,12369909,11436560,3649,3624,436
1786399739049,4949248,1384912,1568160,1181200,8234416,8,2303174,8,2299960,28,8986788,28,8737755,4437,3128,12830,12369909,11436560,3649,3624,436
1786399739555,4949248,1384672,1568240,1181200,8234416,8,2303174,8,2299960,28,8986788,28,8737755,4437,3128,12830,12369909,11436560,3649,3624,436
1786399740069,4949248,1384672,1568240,1181200,8234416,8,2303174,8,2299960,28,8986788,28,8737755,4437,3128,12830,12369909,11436560,3649,3624,436
1786399740586,4949248,1384672,1568240,1181200,8234416,8,2303174,8,2299960,28,8986788,28,8737755,4437,3128,12830,12369909,11436560,3649,3624,436
1786399741100,4949248,1384672,1568240,1181200,8234416,6,2303174,6,2299960,23,8986788,23,8737755,4437,3128,12830,12369909,11436560,3649,3624,436
1786399741607,4949248,1384672,1568368,1181200,8234416,6,2303174,6,2299960,23,8986788,23,8737755,4437,3128,12830,12369909,11436560,3649,3624,436
1786399742119,4949248,1384672,1568368,1181200,8234416,6,2303174,6,2299960,23,8986788,23,8737755,4437,3128,12830,12369909,11436560,3649,3624,436
1786399742631,4949248,1384672,1568368,1181200,8234416,6,2303174,6,2299960,23,8986788,23,8737755,4437,3128,12830,12369909,11436560,3649,3624,436
1786399743133,4949248,1384672,1568368,1181200,8234416,5,2303174,5,2299960,19,8986788,19,8737755,4437,3128,12830,12369909,11436560,3649,3624,436
1786399743634,4949248,1384672,1568368,1181200,8234416,5,2303174,5,2299960,19,8986788,19,8737755,4437,3128,12830,12369909,11436560,3649,3624,436
1786399744145,4949248,1384672,1568368,1181200,8234416,5,2303174,5,2299960,19,8986788,19,8737755,4437,3128,12830,12369909,11436560,3649,3624,436
1786399744657,4949248,1384672,1568368,1181200,8234416,5,2303174,5,2299960,19,8986788,19,8737755,4437,3128,12830,12369909,11436560,3649,3624,436
1786399745169,4949248,1384672,1568368,1181200,8234416,4,2303174,4,2299960,15,8986788,15,8737755,4437,3128,12830,12369909,11436560,3649,3624,436
1786399745682,4949248,1384672,1568368,1181200,8234416,4,2303174,4,2299960,15,8986788,15,8737755,4437,3128,12830,12369909,11436560,3649,3624,436
1786399746185,4949248,1384672,1568368,1181200,8234416,4,2303174,4,2299960,15,8986788,15,8737755,4437,3128,12830,12369909,11436560,3649,3624,436
1786399746690,4949248,1384672,1568368,1181200,8234416,3,2303174,3,2299960,12,8986788,12,8737755,4437,3128,12830,12369909,11436560,3649,3624,436
1786399747196,4949248,1384432,1568128,1181200,8234416,3,2303174,3,2299960,12,8986788,12,8737755,4437,3128,12830,12369909,11436560,3649,3624,436
1786399747706,4949248,1384432,1568128,1181200,8234416,3,2303174,3,2299960,12,8986788,12,8737755,4437,3128,12830,12369909,11436560,3649,3624,436
1786399748218,4949248,1384432,1568128,1181200,8234416,3,2303174,3,2299960,12,8986788,12,8737755,4437,3128,12830,12369909,11436560,3649,3624,436
1786399748721,4949248,1384432,1568128,1181200,8234416,2,2303174,2,2299960,10,8986788,10,8737755,4437,3128,12830,12369909,11436560,3649,3624,436
1786399749231,4949248,1384432,1568128,1181200,8234416,2,2303174,2,2299960,10,8986788,10,8737755,4437,3128,12830,12369909,11436560,3649,3624,436
1786399749741,4949248,1384432,1568128,1181200,8234416,2,2303174,2,2299960,10,8986788,10,8737755,4437,3128,12830,12369909,11436560,3649,3624,436
1786399750245,4949248,1384432,1568128,1181200,8234416,2,2303174,2,2299960,10,8986788,10,8737755,4437,3128,12830,12369909,11436560,3649,3624,436
1786399750758,4949248,1384192,1567888,1181200,8234416,2,2303174,2,2299960,8,8986788,8,8737755,4437,3128,12830,12369909,11436560,3649,3624,436
1786399751259,4949248,1384192,1567888,1181200,8234416,2,2303174,2,2299960,8,8986788,8,8737755,4437,3128,12830,12369909,11436560,3649,3624,436
1786399751765,4949248,1384192,1567888,1181200,8234416,2,2303174,2,2299960,8,8986788,8,8737755,4437,3128,12830,12369909,11436560,3649,3624,436
1786399752267,4949248,1384192,1567888,1181200,8234416,2,2303174,2,2299960,8,8986788,8,8737755,4437,3128,12830,12369909,11436560,3649,3624,436
1786399752781,4949248,1384192,1567888,1181200,8234416,1,2303174,1,2299960,7,8986788,7,8737755,4437,3128,12830,12369909,11436560,3649,3624,436
1786399753304,4949248,1383952,1567648,1181200,8234416,1,2303174,1,2299960,7,8986788,7,8737755,4437,3128,12830,12369909,11436560,3649,3624,436
1786399753816,4949248,1383952,1567648,1181200,8234416,1,2303174,1,2299960,7,8986788,7,8737755,4437,3128,12830,12369909,11436560,3649,3624,436
1786399754328,4949248,1383952,1567648,1181200,8234416,1,2303174,1,2299960,7,8986788,7,8737755,4437,3128,12830,12369909,11436560,3649,3624,436
1786399754834,4949248,1383952,1567632,1181200,8235952,1,2303175,1,2299961,5,8986911,5,8737878,4455,3146,12830,12369909,11436560,3649,3624,436
1786399755337,4949248,1383952,1567648,1181200,8235952,1,2303175,1,2299961,5,8986911,5,8737878,4455,3146,12830,12369909,11436560,3649,3624,436
1786399755847,4949248,1383952,1567648,1181200,8235952,1,2303175,1,2299961,5,8986911,5,8737878,4455,3146,12830,12369909,11436560,3649,3624,436
1786399756354,4949248,1383952,1567648,1181200,8235952,1,2303175,1,2299961,5,8986911,5,8737878,4455,3146,12830,12369909,11436560,3649,3624,436
1786399756858,4949248,1383952,1567648,1181200,8235952,1,2303175,1,2299961,4,8986911,4,8737878,4455,3146,12830,12369909,11436560,3649,3624,436
1786399757370,4949248,1383952,1567648,1181200,8235952,1,2303175,1,2299961,4,8986911,4,8737878,4455,3146,12830,12369909,11436560,3649,3624,436
1786399757882,4949248,1383952,1567648,1181200,8235952,1,2303175,1,2299961,4,8986911,4,8737878,4455,3146,12830,12369909,11436560,3649,3624,436
1786399758385,4949248,1383952,1567648,1181200,8235952,1,2303175,1,2299961,4,8986911,4,8737878,4455,3146,12830,12369909,11436560,3649,3624,436
1786399758893,4949248,1383952,1567648,1181200,8235952,0,2303175,0,2299961,3,8986911,3,8737878,4455,3146,12830,12369909,11436560,3649,3624,436
1786399759402,4949248,1383952,1567648,1181200,8235952,0,2303175,0,2299961,3,8986911,3,8737878,4455,3146,12830,12369909,11436560,3649,3624,436
1786399759906,4949248,1383952,1567648,1181200,8235952,0,2303175,0,2299961,3,8986911,3,8737878,4455,3146,12830,12369909,11436560,3649,3624,436
1786399760416,4949248,1383952,1567648,1181200,8235952,0,2303175,0,2299961,3,8986911,3,8737878,4455,3146,12830,12369909,11436560,3649,3624,436
1786399760920,4949248,1383952,1567648,1181200,8235952,0,2303175,0,2299961,3,8986911,3,8737878,4455,3146,12830,12369909,11436560,3649,3624,436
1786399761429,4949248,1383952,1567648,1181200,8235952,0,2303175,0,2299961,3,8986911,3,8737878,4455,3146,12830,12369909,11436560,3649,3624,436
1786399761939,4949248,1383952,1567648,1181200,8235952,0,2303175,0,2299961,3,8986911,3,8737878,4455,3146,12830,12369909,11436560,3649,3624,436
1786399762451,4949248,1383952,1567648,1181200,8235952,0,2303175,0,2299961,3,8986911,3,8737878,4455,3146,12830,12369909,11436560,3649,3624,436
1786399762956,4949248,1383952,1567648,1181200,8235952,0,2303175,0,2299961,2,8986911,2,8737878,4455,3146,12830,12369909,11436560,3649,3624,436
1786399763462,4949248,1383952,1567648,1181200,8235952,0,2303175,0,2299961,2,8986911,2,8737878,4455,3146,12830,12369909,11436560,3649,3624,436
1786399763973,4949248,1383952,1567648,1181200,8235952,0,2303175,0,2299961,2,8986911,2,8737878,4455,3146,12830,12369909,11436560,3649,3624,436
1786399764481,4949248,1383952,1567648,1181200,8235952,0,2303175,0,2299961,2,8986911,2,8737878,4455,3146,12830,12369909,11436560,3649,3624,436
1786399764992,4949248,1383952,1567648,1181200,8235952,0,2303175,0,2299961,2,8986911,2,8737878,4455,3146,12830,12369909,11436560,3649,3624,436
1786399765498,4949248,1383952,1567648,1181200,8235952,0,2303175,0,2299961,2,8986911,2,8737878,4455,3146,12830,12369909,11436560,3649,3624,436
1786399766010,4949248,1383952,1567648,1181200,8235952,0,2303175,0,2299961,2,8986911,2,8737878,4455,3146,12830,12369909,11436560,3649,3624,436
1786399766519,4949248,1383952,1567648,1181200,8235952,0,2303175,0,2299961,2,8986911,2,8737878,4455,3146,12830,12369909,11436560,3649,3624,436
1786399767031,4949248,1383952,1567648,1181200,8235952,0,2303175,0,2299961,1,8986911,1,8737878,4455,3146,12830,12369909,11436560,3649,3624,436
1786399767537,4949248,1383952,1567648,1181200,8235952,0,2303175,0,2299961,1,8986911,1,8737878,4455,3146,12830,12369909,11436560,3649,3624,436
1786399768044,4949248,1383952,1567648,1181200,8235952,0,2303175,0,2299961,1,8986911,1,8737878,4455,3146,12830,12369909,11436560,3649,3624,436
1786399768554,4949248,1383952,1567648,1181200,8235952,0,2303175,0,2299961,1,8986911,1,8737878,4455,3146,12830,12369909,11436560,3649,3624,436
1786399769065,4949248,1383952,1567648,1181200,8235952,0,2303175,0,2299961,1,8986911,1,8737878,4455,3146,12830,12369909,11436560,3649,3624,436
1786399769575,4949248,1383952,1567648,1181200,8235952,0,2303175,0,2299961,1,8986911,1,8737878,4455,3146,12830,12369909,11436560,3649,3624,436
1786399770076,4949248,1383952,1567648,1181200,8235952,0,2303175,0,2299961,1,8986911,1,8737878,4455,3146,12830,12369909,11436560,3649,3624,436
1786399770586,4949248,1383952,1567648,1181200,8235952,0,2303175,0,2299961,1,8986911,1,8737878,4455,3146,12830,12369909,11436560,3649,3624,436
1786399771087,4949248,1383952,1567648,1181200,8235952,0,2303175,0,2299961,1,8986911,1,8737878,4455,3146,12830,12369909,11436560,3649,3624,436
1786399771597,4949248,1383952,1567648,1181200,8235952,0,2303175,0,2299961,1,8986911,1,8737878,4455,3146,12830,12369909,11436560,3649,3624,436
1786399772103,4949248,1383952,1567648,1181200,8235952,0,2303175,0,2299961,1,8986911,1,8737878,4455,3146,12830,12369909,11436560,3649,3624,436
1786399772613,4949248,1383712,1567408,1181200,8235952,0,2303175,0,2299961,1,8986911,1,8737878,4455,3146,12830,12369909,11436560,3649,3624,436
1786399773114,4949248,1383712,1567408,1181200,8235952,0,2303175,0,2299961,0,8986911,0,8737878,4455,3146,12830,12369909,11436560,3649,3624,436
1786399773625,4949248,1383712,1567408,1181200,8235952,0,2303175,0,2299961,0,8986911,0,8737878,4455,3146,12830,12369909,11436560,3649,3624,436
1786399774128,4949248,1383712,1567408,1181200,8235952,0,2303175,0,2299961,0,8986911,0,8737878,4455,3146,12830,12369909,11436560,3649,3624,436
1786399774637,4949248,1383712,1567408,1181200,8235952,0,2303175,0,2299961,0,8986911,0,8737878,4455,3146,12830,12369909,11436560,3649,3624,436
1786399775147,4949248,1383712,1567408,1181200,8235952,0,2303175,0,2299961,0,8986911,0,8737878,4455,3146,12830,12369909,11436560,3649,3624,436
1786399775649,4949248,1383712,1567408,1181200,8235952,0,2303175,0,2299961,0,8986911,0,8737878,4455,3146,12830,12369909,11436560,3649,3624,436
1786399776151,4949248,1383712,1567408,1181200,8235952,0,2303175,0,2299961,0,8986911,0,8737878,4455,3146,12830,12369909,11436560,3649,3624,436
1786399776662,4949248,1383712,1567408,1181200,8235952,0,2303175,0,2299961,0,8986911,0,8737878,4455,3146,12830,12369909,11436560,3649,3624,436
1786399777163,4949248,1383712,1567408,1181200,8235952,0,2303175,0,2299961,0,8986911,0,8737878,4455,3146,12830,12369909,11436560,3649,3624,436
1786399777676,4949248,1383472,1567168,1181200,8235952,0,2303175,0,2299961,0,8986911,0,8737878,4455,3146,12830,12369909,11436560,3649,3624,436
1786399778183,4949248,1383472,1567168,1181200,8235952,0,2303175,0,2299961,0,8986911,0,8737878,4455,3146,12830,12369909,11436560,3649,3624,436
1786399778690,4949248,1383472,1567168,1181200,8235952,0,2303175,0,2299961,0,8986911,0,8737878,4455,3146,12830,12369909,11436560,3649,3624,436
1786399779203,4949248,1383472,1567168,1181200,8235952,0,2303175,0,2299961,0,8986911,0,8737878,4455,3146,12830,12369909,11436560,3649,3624,436
1786399779710,4949248,1383472,1567168,1181216,8235952,0,2303175,0,2299961,0,8986911,0,8737878,4455,3146,12830,12369909,11436560,3649,3624,436
1786399780213,4949248,1383472,1567168,1181216,8235952,0,2303175,0,2299961,0,8986911,0,8737878,4455,3146,12830,12369909,11436560,3649,3624,436
1786399780723,4949248,1383472,1567168,1181216,8235952,0,2303175,0,2299961,0,8986911,0,8737878,4455,3146,12830,12369909,11436560,3649,3624,436
1786399781230,4949248,1383472,1567168,1181216,8235952,0,2303175,0,2299961,0,8986911,0,8737878,4455,3146,12830,12369909,11436560,3649,3624,436
1786399781740,4949248,1383472,1567168,1181216,8235952,0,2303175,0,2299961,0,8986911,0,8737878,4455,3146,12830,12369909,11436560,3649,3624,436
1786399782250,4949248,1382992,1566688,1181216,8235952,0,2303175,0,2299961,0,8986911,0,8737878,4455,3146,12830,12369909,11436560,3649,3624,436
1786399782756,4949248,1382992,1566688,1181216,8235952,0,2303175,0,2299961,0,8986911,0,8737878,4455,3146,12830,12369909,11436560,3649,3624,436
1786399783259,4949248,1382992,1566688,1181216,8235952,0,2303175,0,2299961,0,8986911,0,8737878,4455,3146,12830,12369909,11436560,3649,3624,436
1786399783768,4949248,1382992,1566688,1181216,8235952,0,2303175,0,2299961,0,8986911,0,8737878,4455,3146,12830,12369909,11436560,3649,3624,436
1786399784269,4949248,1382992,1566688,1181216,8235952,0,2303175,0,2299961,0,8986911,0,8737878,4455,3146,12830,12369909,11436560,3649,3624,436
1786399784770,4949248,1382992,1566688,1181216,8235952,0,2303175,0,2299961,0,8986911,0,8737878,4455,3146,12830,12369909,11436560,3649,3624,436
1786399785272,4949248,1382992,1566688,1181216,8235952,0,2303175,0,2299961,0,8986911,0,8737878,4455,3146,12830,12369909,11436560,3649,3624,436
1786399785776,4949248,1382992,1566688,1181216,8235952,0,2303175,0,2299961,0,8986911,0,8737878,4455,3146,12830,12369909,11436560,3649,3624,436
1786399786287,4949248,1382992,1566688,1181216,8235952,0,2303175,0,2299961,0,8986911,0,8737878,4455,3146,12830,12369909,11436560,3649,3624,436
1786399786799,4949248,1382992,1566688,1181216,8235952,0,2303175,0,2299961,0,8986911,0,8737878,4455,3146,12830,12369909,11436560,3649,3624,436
1786399787308,4949248,1382992,1566688,1181216,8235952,0,2303175,0,2299961,0,8986911,0,8737878,4455,3146,12830,12369909,11436560,3649,3624,436
1786399787815,4949248,1382992,1566688,1181216,8235952,0,2303175,0,2299961,0,8986911,0,8737878,4455,3146,12830,12369909,11436560,3649,3624,436
1786399788316,4949248,1382992,1566688,1181216,8235952,0,2303175,0,2299961,0,8986911,0,8737878,4455,3146,12830,12369909,11436560,3649,3624,436
1786399788817,4949248,1382992,1566688,1181216,8235952,0,2303175,0,2299961,0,8986911,0,8737878,4455,3146,12830,12369909,11436560,3649,3624,436
1786399789324,4949248,1382992,1566688,1181216,8235952,0,2303175,0,2299961,0,8986911,0,8737878,4455,3146,12830,12369909,11436560,3649,3624,436
1786399789836,4949248,1382992,1566688,1181216,8235952,0,2303175,0,2299961,0,8986911,0,8737878,4455,3146,12830,12369909,11436560,3649,3624,436
1786399790345,4949248,1382992,1566688,1181216,8235952,0,2303175,0,2299961,0,8986911,0,8737878,4455,3146,12830,12369909,11436560,3649,3624,436
1786399790858,4949248,1382752,1566448,1181216,8235952,0,2303175,0,2299961,0,8986911,0,8737878,4455,3146,12830,12369909,11436560,3649,3624,436
1786399791362,4949248,1382752,1566448,1181216,8235952,0,2303175,0,2299961,0,8986911,0,8737878,4455,3146,12830,12369909,11436560,3649,3624,436
1786399791874,4949248,1382752,1566448,1181216,8235952,0,2303175,0,2299961,0,8986911,0,8737878,4455,3146,12830,12369909,11436560,3649,3624,436
1786399792385,4949248,1382752,1566448,1181216,8235952,0,2303175,0,2299961,0,8986911,0,8737878,4455,3146,12830,12369909,11436560,3649,3624,436
1786399792894,4949248,1382752,1566448,1181216,8235952,0,2303175,0,2299961,0,8986911,0,8737878,4455,3146,12830,12369909,11436560,3649,3624,436
1786399793404,4949248,1382752,1566448,1181216,8235952,0,2303175,0,2299961,0,8986911,0,8737878,4455,3146,12830,12369909,11436560,3649,3624,436
1786399793916,4949248,1382752,1566448,1181216,8235952,0,2303175,0,2299961,0,8986911,0,8737878,4455,3146,12830,12369909,11436560,3649,3624,436
1786399794425,4949248,1382752,1566448,1181216,8235952,0,2303175,0,2299961,0,8986911,0,8737878,4455,3146,12830,12369909,11436560,3649,3624,436
1786399794938,4949248,1382752,1566448,1181216,8235968,0,2303175,0,2299961,0,8987959,0,8738927,4457,3147,12830,12369909,11436560,3649,3624,436
1786399795450,4949248,1382752,1566448,1181248,8235968,0,2303175,0,2299961,0,8987959,0,8738927,4457,3147,12830,12369909,11436560,3649,3624,436
1786399795958,4949248,1382752,1566448,1181248,8235968,0,2303175,0,2299961,0,8987959,0,8738927,4457,3147,12830,12369909,11436560,3649,3624,436
1786399796469,4949248,1382752,1566448,1181248,8235968,0,2303175,0,2299961,0,8987959,0,8738927,4457,3147,12830,12369909,11436560,3649,3624,436
1786399796970,4949248,1382752,1566448,1181248,8235968,0,2303175,0,2299961,0,8987959,0,8738927,4457,3147,12830,12369909,11436560,3649,3624,436
1786399797471,4949248,1382752,1566448,1181248,8235968,0,2303175,0,2299961,0,8987959,0,8738927,4457,3147,12830,12369909,11436560,3649,3624,436
1786399797976,4949248,1382752,1566448,1181248,8235968,0,2303175,0,2299961,0,8987959,0,8738927,4457,3147,12830,12369909,11436560,3649,3624,436
1786399798484,4949248,1382752,1566448,1181248,8235968,0,2303175,0,2299961,0,8987959,0,8738927,4457,3147,12830,12369909,11436560,3649,3624,436
1786399798996,4949248,1382512,1566208,1181248,8235968,0,2303175,0,2299961,0,8987959,0,8738927,4457,3147,12830,12369909,11436560,3649,3624,436
1786399799503,4949248,1382512,1566208,1181248,8235968,0,2303175,0,2299961,0,8987959,0,8738927,4457,3147,12830,12369909,11436560,3649,3624,436
1786399800015,4949248,1382272,1565968,1181248,8235968,0,2303175,0,2299961,0,8987959,0,8738927,4457,3147,12830,12369909,11436560,3649,3624,436
1786399800523,4949248,1382272,1566016,1181248,8235968,0,2303175,0,2299961,0,8987959,0,8738927,4457,3147,12830,12369909,11436560,3649,3624,436
1786399801026,4949248,1382272,1566016,1181248,8235968,0,2303175,0,2299961,0,8987959,0,8738927,4457,3147,12830,12369909,11436560,3649,3624,436
1786399801532,4949248,1382272,1566016,1181248,8235968,0,2303175,0,2299961,0,8987959,0,8738927,4457,3147,12830,12369909,11436560,3649,3624,436
1786399802034,4949248,1382272,1566016,1181248,8235968,0,2303175,0,2299961,0,8987959,0,8738927,4457,3147,12830,12369909,11436560,3649,3624,436
1786399802536,4949248,1381552,1565296,1181248,8235968,0,2303175,0,2299961,0,8987959,0,8738927,4457,3147,12830,12369909,11436560,3649,3624,436
1786399803048,4949248,1381552,1565296,1181248,8235968,0,2303175,0,2299961,0,8987959,0,8738927,4457,3147,12830,12369909,11436560,3649,3624,436
1786399803555,4949248,1381552,1565296,1181248,8235968,0,2303175,0,2299961,0,8987959,0,8738927,4457,3147,12830,12369909,11436560,3649,3624,436
1786399804067,4949248,1381552,1565296,1181248,8235968,0,2303175,0,2299961,0,8987959,0,8738927,4457,3147,12830,12369909,11436560,3649,3624,436
1786399804580,4949248,1381312,1565056,1181248,8235968,0,2303175,0,2299961,0,8987959,0,8738927,4457,3147,12830,12369909,11436560,3649,3624,436
1786399805089,4949248,1381312,1565056,1181248,8235968,0,2303175,0,2299961,0,8987959,0,8738927,4457,3147,12830,12369909,11436560,3649,3624,436
1786399805592,4949248,1381312,1565056,1181248,8235968,0,2303175,0,2299961,0,8987959,0,8738927,4457,3147,12830,12369909,11436560,3649,3624,436
1786399806096,4949248,1381312,1565056,1181248,8235968,0,2303175,0,2299961,0,8987959,0,8738927,4457,3147,12830,12369909,11436560,3649,3624,436
1786399806608,4949248,1381072,1564816,1181248,8235968,0,2303175,0,2299961,0,8987959,0,8738927,4457,3147,12830,12369909,11436560,3649,3624,436
1786399807119,4949248,1381072,1564816,1181248,8235968,0,2303175,0,2299961,0,8987959,0,8738927,4457,3147,12830,12369909,11436560,3649,3624,436
1786399807622,4949248,1381072,1564816,1181248,8235968,0,2303175,0,2299961,0,8987959,0,8738927,4457,3147,12830,12369909,11436560,3649,3624,436
1786399808136,4949248,1381072,1564816,1181248,8235968,0,2303175,0,2299961,0,8987959,0,8738927,4457,3147,12830,12369909,11436560,3649,3624,436
1786399808647,4949248,1381072,1564816,1181248,8235968,0,2303175,0,2299961,0,8987959,0,8738927,4457,3147,12830,12369909,11436560,3649,3624,436
1786399809158,4949248,1381072,1564816,1181248,8235968,0,2303175,0,2299961,0,8987959,0,8738927,4457,3147,12830,12369909,11436560,3649,3624,436
1786399809667,4949248,1381072,1564816,1181248,8235968,0,2303175,0,2299961,0,8987959,0,8738927,4457,3147,12830,12369909,11436560,3649,3624,436
1786399810177,4949248,1381072,1564816,1181248,8235968,0,2303175,0,2299961,0,8987959,0,8738927,4457,3147,12830,12369909,11436560,3649,3624,436
1786399810688,4949248,1381072,1564816,1181248,8235968,0,2303175,0,2299961,0,8987959,0,8738927,4457,3147,12830,12369909,11436560,3649,3624,436
1786399811197,4949248,1381072,1564816,1181248,8235968,0,2303175,0,2299961,0,8987959,0,8738927,4457,3147,12830,12369909,11436560,3649,3624,436
1786399811706,4949248,1381072,1564816,1181248,8235968,0,2303175,0,2299961,0,8987959,0,8738927,4457,3147,12830,12369909,11436560,3649,3624,436
1786399812218,4949248,1381072,1564816,1181248,8235968,0,2303175,0,2299961,0,8987959,0,8738927,4457,3147,12830,12369909,11436560,3649,3624,436
1786399812722,4949248,1380832,1564576,1181248,8235968,0,2303175,0,2299961,0,8987959,0,8738927,4457,3147,12830,12369909,11436560,3649,3624,436
1786399813228,4949248,1380832,1564576,1181248,8235968,0,2303175,0,2299961,0,8987959,0,8738927,4457,3147,12830,12369909,11436560,3649,3624,436
1786399813740,4949248,1380592,1564336,1181248,8235968,0,2303175,0,2299961,0,8987959,0,8738927,4457,3147,12830,12369909,11436560,3649,3624,436
1786399814249,4949248,1380592,1564336,1181248,8235968,0,2303175,0,2299961,0,8987959,0,8738927,4457,3147,12830,12369909,11436560,3649,3624,436
1786399814758,4949248,1380592,1564336,1181248,8235968,0,2303175,0,2299961,0,8987959,0,8738927,4457,3147,12830,12369909,11436560,3649,3624,436
1786399815269,4949248,1380592,1564336,1181248,8235968,0,2303175,0,2299961,0,8987959,0,8738927,4457,3147,12830,12369909,11436560,3649,3624,436
1786399815772,4949248,1380592,1564336,1181248,8235968,0,2303175,0,2299961,0,8987959,0,8738927,4457,3147,12830,12369909,11436560,3649,3624,436
1786399816283,4949248,1380592,1564336,1181248,8235968,0,2303175,0,2299961,0,8987959,0,8738927,4457,3147,12830,12369909,11436560,3649,3624,436
1786399816786,4949248,1380592,1564336,1181248,8235968,0,2303175,0,2299961,0,8987959,0,8738927,4457,3147,12830,12369909,11436560,3649,3624,436
1786399817292,4949248,1380592,1564336,1181248,8235968,0,2303175,0,2299961,0,8987959,0,8738927,4457,3147,12830,12369909,11436560,3649,3624,436
1786399817802,4949248,1380592,1564336,1181248,8235968,0,2303175,0,2299961,0,8987959,0,8738927,4457,3147,12830,12369909,11436560,3649,3624,436
1786399818315,4949248,1380112,1563856,1181248,8235968,0,2303175,0,2299961,0,8987959,0,8738927,4457,3147,12830,12369909,11436560,3649,3624,436
1786399818827,4949248,1380112,1563856,1181248,8235968,0,2303175,0,2299961,0,8987959,0,8738927,4457,3147,12830,12369909,11436560,3649,3624,436
1786399819333,4949248,1379872,1563616,1181248,8235968,0,2303175,0,2299961,0,8987959,0,8738927,4457,3147,12830,12369909,11436560,3649,3624,436
1786399819835,4949248,1379872,1563616,1181248,8235968,0,2303175,0,2299961,0,8987959,0,8738927,4457,3147,12830,12369909,11436560,3649,3624,436
1786399820339,4949248,1379872,1563616,1181248,8235968,0,2303175,0,2299961,0,8987959,0,8738927,4457,3147,12830,12369909,11436560,3649,3624,436
1786399820850,4949248,1379872,1563616,1181248,8235968,0,2303175,0,2299961,0,8987959,0,8738927,4457,3147,12830,12369909,11436560,3649,3624,436
1786399821355,4949248,1379872,1563616,1181248,8235968,0,2303175,0,2299961,0,8987959,0,8738927,4457,3147,12830,12369909,11436560,3649,3624,436
1786399821866,4949248,1379872,1563616,1181248,8235968,0,2303175,0,2299961,0,8987959,0,8738927,4457,3147,12830,12369909,11436560,3649,3624,436
1786399822377,4949248,1379872,1563616,1181248,8235968,0,2303175,0,2299961,0,8987959,0,8738927,4457,3147,12830,12369909,11436560,3649,3624,436
1786399822881,4949248,1379872,1563616,1181248,8235968,0,2303175,0,2299961,0,8987959,0,8738927,4457,3147,12830,12369909,11436560,3649,3624,436
1786399823394,4949248,1379872,1563616,1181248,8235968,0,2303175,0,2299961,0,8987959,0,8738927,4457,3147,12830,12369909,11436560,3649,3624,436
1786399823906,4949248,1379872,1563616,1181248,8235968,0,2303175,0,2299961,0,8987959,0,8738927,4457,3147,12830,12369909,11436560,3649,3624,436
1786399824417,4949248,1379872,1563616,1181248,8235968,0,2303175,0,2299961,0,8987959,0,8738927,4457,3147,12830,12369909,11436560,3649,3624,436
1786399824919,4949248,1379872,1563616,1181248,8235968,0,2303175,0,2299961,0,8987959,0,8738927,4457,3147,12830,12369909,11436560,3649,3624,436
1786399825427,4949248,1379872,1563616,1181248,8235968,0,2303175,0,2299961,0,8987959,0,8738927,4457,3147,12830,12369909,11436560,3649,3624,436
1786399825929,4949248,1379872,1563616,1181248,8235968,0,2303175,0,2299961,0,8987959,0,8738927,4457,3147,12830,12369909,11436560,3649,3624,436
1786399826443,4949248,1379872,1563616,1181248,8235968,0,2303175,0,2299961,0,8987959,0,8738927,4457,3147,12830,12369909,11436560,3649,3624,436
1786399826955,4949248,1379872,1563616,1181248,8235968,0,2303175,0,2299961,0,9024881,0,8775588,4457,3147,12830,12369909,11436560,3649,3624,436
1786399827460,4949248,1379872,1563616,1181248,8235968,0,2303175,0,2299961,0,9024881,0,8775588,4457,3147,12830,12369909,11436560,3649,3624,436
1786399827962,4949248,1379872,1563616,1181248,8235968,0,2303175,0,2299961,0,9024881,0,8775588,4457,3147,12830,12369909,11436560,3649,3624,436
1786399828471,4949248,1379872,1563616,1181248,8235968,0,2303175,0,2299961,0,9024881,0,8775588,4457,3147,12830,12369909,11436560,3649,3624,436
1786399828982,4949248,1379872,1563616,1181248,8235968,0,2303175,0,2299961,18,9024881,18,8775588,4457,3147,12830,12369909,11436560,3649,3624,436
1786399829490,4949248,1379872,1563616,1181248,8235968,0,2303175,0,2299961,18,9024881,18,8775588,4457,3147,12830,12369909,11436560,3649,3624,436
1786399830001,4949248,1379872,1563616,1181248,8235968,0,2303175,0,2299961,18,9024881,18,8775588,4457,3147,12830,12369909,11436560,3649,3624,436
1786399830505,4949248,1379872,1563616,1181248,8235968,0,2303175,0,2299961,18,9024881,18,8775588,4457,3147,12830,12369909,11436560,3649,3624,436
1786399831017,4949248,1379872,1563616,1181248,8235968,0,2303175,0,2299961,14,9024881,14,8775588,4457,3147,12830,12369909,11436560,3649,3624,436
1786399831520,4949248,1379872,1563616,1181248,8235968,0,2303175,0,2299961,14,9024881,14,8775588,4457,3147,12830,12369909,11436560,3649,3624,436
1786399832023,4949248,1379872,1563616,1181248,8235968,0,2303175,0,2299961,14,9024881,14,8775588,4457,3147,12830,12369909,11436560,3649,3624,436
1786399832534,4949248,1379872,1563616,1181248,8235968,0,2303175,0,2299961,14,9024881,14,8775588,4457,3147,12830,12369909,11436560,3649,3624,436
1786399833038,4949248,1379872,1563616,1181248,8235968,0,2303175,0,2299961,12,9024881,12,8775588,4457,3147,12830,12369909,11436560,3649,3624,436
1786399833547,4949248,1379872,1563616,1181248,8235968,0,2303175,0,2299961,12,9024881,12,8775588,4457,3147,12830,12369909,11436560,3649,3624,436
1786399834059,4949248,1379872,1563616,1181248,8235968,0,2303175,0,2299961,12,9024881,12,8775588,4457,3147,12830,12369909,11436560,3649,3624,436
1786399834566,4949248,1379872,1563616,1181248,8235968,0,2303175,0,2299961,12,9024881,12,8775588,4457,3147,12830,12369909,11436560,3649,3624,436
1786399835070,4949248,1379872,1563616,1181248,8235968,0,2303175,0,2299961,9,9024881,9,8775588,4457,3147,12830,12369909,11436560,3649,3624,436
1786399835581,4949248,1379872,1563616,1181248,8235968,0,2303175,0,2299961,9,9024881,9,8775588,4457,3147,12830,12369909,11436560,3649,3624,436
1786399836093,4949248,1379872,1563616,1181248,8235968,0,2303175,0,2299961,9,9024881,9,8775588,4457,3147,12830,12369909,11436560,3649,3624,436
1786399836606,4949248,1379872,1563616,1181248,8235968,0,2303175,0,2299961,9,9024881,9,8775588,4457,3147,12830,12369909,11436560,3649,3624,436
1786399837117,4949248,1379872,1563616,1181248,8235968,0,2303175,0,2299961,8,9024881,8,8775588,4457,3147,12830,12369909,11436560,3649,3624,436
1786399837629,4949248,1379872,1563616,1181248,8235968,0,2303175,0,2299961,8,9024881,8,8775588,4457,3147,12830,12369909,11436560,3649,3624,436
1786399838135,4949248,1379872,1563616,1181264,8235968,0,2303175,0,2299961,8,9024881,8,8775588,4457,3147,12830,12369909,11436560,3649,3624,436
1786399838646,4949248,1379872,1563616,1181264,8235968,0,2303175,0,2299961,8,9024881,8,8775588,4457,3147,12830,12369909,11436560,3649,3624,436
1786399839155,4949248,1379872,1563616,1181264,8235968,0,2303175,0,2299961,6,9024881,6,8775588,4457,3147,12830,12369909,11436560,3649,3624,436
1786399839667,4949248,1379872,1563616,1181264,8235968,0,2303175,0,2299961,6,9024881,6,8775588,4457,3147,12830,12369909,11436560,3649,3624,436
1786399840180,4949248,1379872,1563616,1181264,8235968,0,2303175,0,2299961,6,9024881,6,8775588,4457,3147,12830,12369909,11436560,3649,3624,436
1786399840690,4949248,1379872,1563616,1181264,8235968,0,2303175,0,2299961,6,9024881,6,8775588,4457,3147,12830,12369909,11436560,3649,3624,436
1786399841201,4949248,1379872,1563616,1181264,8235968,0,2303175,0,2299961,5,9024881,5,8775588,4457,3147,12830,12369909,11436560,3649,3624,436
1786399841704,4949248,1379872,1563616,1181264,8235968,0,2303175,0,2299961,5,9024881,5,8775588,4457,3147,12830,12369909,11436560,3649,3624,436
1786399842217,4949248,1379872,1563616,1181264,8235968,0,2303175,0,2299961,5,9024881,5,8775588,4457,3147,12830,12369909,11436560,3649,3624,436
1786399842727,4949248,1379872,1563616,1181264,8235968,0,2303175,0,2299961,5,9024881,5,8775588,4457,3147,12830,12369909,11436560,3649,3624,436
1786399843238,4949248,1379872,1563616,1181264,8235968,0,2303175,0,2299961,4,9024881,4,8775588,4457,3147,12830,12369909,11436560,3649,3624,436
1786399843748,4949248,1379872,1563616,1181264,8235968,0,2303175,0,2299961,4,9024881,4,8775588,4457,3147,12830,12369909,11436560,3649,3624,436
1786399844255,4949248,1379872,1563616,1181264,8235968,0,2303175,0,2299961,4,9024881,4,8775588,4457,3147,12830,12369909,11436560,3649,3624,436
1786399844758,4949248,1379872,1563616,1181264,8235968,0,2303175,0,2299961,3,9024881,3,8775588,4457,3147,12830,12369909,11436560,3649,3624,436
1786399845271,4949248,1379872,1563616,1181264,8235968,0,2303175,0,2299961,3,9024881,3,8775588,4457,3147,12830,12369909,11436560,3649,3624,436
1786399845783,4949248,1379872,1563616,1181264,8235968,0,2303175,0,2299961,3,9024881,3,8775588,4457,3147,12830,12369909,11436560,3649,3624,436
1786399846287,4949248,1379872,1563616,1181264,8235968,0,2303175,0,2299961,3,9024881,3,8775588,4457,3147,12830,12369909,11436560,3649,3624,436
1786399846797,4949248,1379872,1563616,1181264,8235968,0,2303175,0,2299961,2,9024881,2,8775588,4457,3147,12830,12369909,11436560,3649,3624,436
1786399847299,4949248,1379872,1563616,1181264,8235968,0,2303175,0,2299961,2,9024881,2,8775588,4457,3147,12830,12369909,11436560,3649,3624,436
1786399847812,4949248,1379872,1563616,1181264,8235968,0,2303175,0,2299961,2,9024881,2,8775588,4457,3147,12830,12369909,11436560,3649,3624,436
1786399848314,4949248,1379152,1562896,1181264,8235968,0,2303175,0,2299961,2,9024881,2,8775588,4457,3147,12830,12369909,11436560,3649,3624,436
1786399848820,4949248,1379152,1562896,1181264,8235968,0,2303175,0,2299961,2,9024881,2,8775588,4457,3147,12830,12369909,11436560,3649,3624,436
1786399849326,4949248,1379152,1562896,1181264,8235968,0,2303175,0,2299961,2,9024881,2,8775588,4457,3147,12830,12369909,11436560,3649,3624,436
1786399849837,4949248,1379152,1562896,1181264,8235968,0,2303175,0,2299961,2,9024881,2,8775588,4457,3147,12830,12369909,11436560,3649,3624,436
1786399850347,4949248,1379152,1562896,1181264,8235968,0,2303175,0,2299961,2,9024881,2,8775588,4457,3147,12830,12369909,11436560,3649,3624,436
1786399850857,4949248,1379152,1562896,1181264,8235968,0,2303175,0,2299961,1,9024881,1,8775588,4457,3147,12830,12369909,11436560,3649,3624,436
1786399851359,4949248,1379152,1562896,1181264,8235968,0,2303175,0,2299961,1,9024881,1,8775588,4457,3147,12830,12369909,11436560,3649,3624,436
1786399851861,4949248,1379152,1562896,1181264,8235968,0,2303175,0,2299961,1,9024881,1,8775588,4457,3147,12830,12369909,11436560,3649,3624,436
1786399852368,4949248,1378912,1562656,1181264,8235968,0,2303175,0,2299961,1,9024881,1,8775588,4457,3147,12830,12369909,11436560,3649,3624,436
1786399852873,4949248,1378912,1562656,1181264,8235968,0,2303175,0,2299961,1,9024881,1,8775588,4457,3147,12830,12369909,11436560,3649,3624,436
1786399853382,4949248,1378912,1562656,1181264,8235968,0,2303175,0,2299961,1,9024881,1,8775588,4457,3147,12830,12369909,11436560,3649,3624,436
1786399853890,4949248,1378432,1562176,1181264,8235968,0,2303175,0,2299961,1,9024881,1,8775588,4457,3147,12830,12369909,11436560,3649,3624,436
1786399854393,4949248,1378432,1562176,1181264,8235968,0,2303175,0,2299961,1,9024881,1,8775588,4457,3147,12830,12369909,11436560,3649,3624,436
1786399854897,4949248,1378432,1562176,1181264,8235968,0,2303175,0,2299961,1,9024881,1,8775588,4457,3147,12830,12369909,11436560,3649,3624,436
1786399855406,4949248,1378432,1562176,1181264,8235968,0,2303175,0,2299961,1,9024881,1,8775588,4457,3147,12830,12369909,11436560,3649,3624,436
1786399855915,4949248,1378432,1562176,1181264,8235968,0,2303175,0,2299961,1,9024881,1,8775588,4457,3147,12830,12369909,11436560,3649,3624,436
1786399856424,4949248,1377712,1561456,1181264,8235968,0,2303175,0,2299961,1,9024881,1,8775588,4457,3147,12830,12369909,11436560,3649,3624,436
1786399856932,4949248,1377712,1561456,1181264,8235968,0,2303175,0,2299961,0,9024881,0,8775588,4457,3147,12830,12369909,11436560,3649,3624,436
1786399857453,4949248,1377472,1561216,1181264,8235968,0,2303175,0,2299961,0,9024881,0,8775588,4457,3147,12830,12369909,11436560,3649,3624,436
1786399857961,4949248,1377472,1561216,1181264,8235968,0,2303175,0,2299961,0,9024881,0,8775588,4457,3147,12830,12369909,11436560,3649,3624,436
1786399858471,4949248,1377472,1561216,1181264,8235968,0,2303175,0,2299961,0,9024881,0,8775588,4457,3147,12830,12369909,11436560,3649,3624,436
1786399858976,4949248,1377472,1561216,1181264,8235968,0,2303175,0,2299961,0,9024881,0,8775588,4457,3147,12830,12369909,11436560,3649,3624,436
1786399859480,4949248,1377232,1560976,1181264,8235968,0,2303175,0,2299961,0,9024881,0,8775588,4457,3147,12830,12369909,11436560,3649,3624,436
1786399859988,4949248,1377232,1560976,1181264,8235968,0,2303175,0,2299961,0,9024881,0,8775588,4457,3147,12830,12369909,11436560,3649,3624,436
1786399860491,4949248,1377232,1560976,1181264,8235968,0,2303175,0,2299961,0,9024881,0,8775588,4457,3147,12830,12369909,11436560,3649,3624,436
1786399860994,4949248,1377232,1560976,1181296,8235968,0,2303175,0,2299961,0,9026941,0,8777631,4457,3147,12830,12369909,11436560,3649,3624,436
1786399861502,4949248,1377232,1560976,1181296,8235968,0,2303175,0,2299961,0,9026941,0,8777631,4457,3147,12830,12369909,11436560,3649,3624,436
1786399862006,4949248,1377232,1560976,1181296,8235968,0,2303175,0,2299961,0,9026941,0,8777631,4457,3147,12830,12369909,11436560,3649,3624,436
1786399862519,4949248,1377232,1560976,1181296,8235968,0,2303175,0,2299961,0,9026941,0,8777631,4457,3147,12830,12369909,11436560,3649,3624,436
1786399863027,4949248,1377232,1560976,1181296,8235968,0,2303175,0,2299961,0,9026941,0,8777631,4457,3147,12830,12369909,11436560,3649,3624,436
1786399863548,4949248,1377232,1561008,1181296,8235968,0,2303175,0,2299961,0,9026941,0,8777631,4457,3147,12830,12369909,11436560,3649,3624,436
1786399864049,4949248,1377232,1561008,1181296,8235968,0,2303175,0,2299961,0,9026941,0,8777631,4457,3147,12830,12369909,11436560,3649,3624,436
1786399864557,4949248,1377232,1561008,1181296,8235968,0,2303175,0,2299961,0,9026941,0,8777631,4457,3147,12830,12369909,11436560,3649,3624,436
1786399865058,4949248,1377232,1561008,1181296,8235968,0,2303175,0,2299961,0,9026941,0,8777631,4457,3147,12830,12369909,11436560,3649,3624,436
1786399865563,4949248,1376752,1560528,1181296,8235968,0,2303175,0,2299961,0,9026941,0,8777631,4457,3147,12830,12369909,11436560,3649,3624,436
1786399866070,4949248,1376752,1560528,1181296,8235968,0,2303175,0,2299961,0,9026941,0,8777631,4457,3147,12830,12369909,11436560,3649,3624,436
1786399866582,4949248,1376752,1560528,1181296,8235968,0,2303175,0,2299961,0,9026941,0,8777631,4457,3147,12830,12369909,11436560,3649,3624,436
1786399867088,4949248,1376752,1560528,1181296,8235968,0,2303175,0,2299961,0,9026941,0,8777631,4457,3147,12830,12369909,11436560,3649,3624,436
1786399867600,4949248,1376752,1560528,1181296,8235968,0,2303175,0,2299961,0,9026941,0,8777631,4457,3147,12830,12369909,11436560,3649,3624,436
1786399868106,4949248,1376752,1560528,1181296,8235968,0,2303175,0,2299961,0,9026941,0,8777631,4457,3147,12830,12369909,11436560,3649,3624,436
1786399868617,4949248,1376272,1560048,1181296,8235968,0,2303175,0,2299961,0,9026941,0,8777631,4457,3147,12830,12369909,11436560,3649,3624,436
1786399869124,4949248,1376272,1560048,1181296,8235968,0,2303175,0,2299961,0,9026941,0,8777631,4457,3147,12830,12369909,11436560,3649,3624,436
1786399869625,4949248,1376272,1560048,1181296,8235968,0,2303175,0,2299961,0,9026941,0,8777631,4457,3147,12830,12369909,11436560,3649,3624,436
1786399870133,4949248,1376272,1560048,1181296,8235968,0,2303175,0,2299961,0,9026941,0,8777631,4457,3147,12830,12369909,11436560,3649,3624,436
1786399870645,4949248,1376272,1560048,1181296,8235968,0,2303175,0,2299961,0,9026941,0,8777631,4457,3147,12830,12369909,11436560,3649,3624,436
1786399871156,4949248,1376272,1560048,1181296,8235968,0,2303175,0,2299961,0,9026941,0,8777631,4457,3147,12830,12369909,11436560,3649,3624,436
1786399871669,4949248,1375552,1559328,1181296,8235968,0,2303175,0,2299961,0,9026941,0,8777631,4457,3147,12830,12369909,11436560,3649,3624,436
1786399872174,4949248,1375312,1559088,1181296,8235968,0,2303175,0,2299961,0,9026941,0,8777631,4457,3147,12830,12369909,11436560,3649,3624,436
1786399872676,4949248,1375312,1559088,1181296,8235968,0,2303175,0,2299961,0,9026941,0,8777631,4457,3147,12830,12369909,11436560,3649,3624,436
1786399873188,4949248,1375072,1558848,1181296,8235968,0,2303175,0,2299961,0,9026941,0,8777631,4457,3147,12830,12369909,11436560,3649,3624,436
1786399873699,4949248,1375072,1558848,1181296,8235968,0,2303175,0,2299961,0,9026941,0,8777631,4457,3147,12830,12369909,11436560,3649,3624,436
1786399874203,4949248,1375072,1558848,1181296,8235968,0,2303175,0,2299961,0,9026941,0,8777631,4457,3147,12830,12369909,11436560,3649,3624,436
1786399874713,4949248,1374832,1558608,1181296,8235968,0,2303175,0,2299961,0,9026941,0,8777631,4457,3147,12830,12369909,11436560,3649,3624,436
1786399875213,4949248,1374832,1558608,1181296,8235968,0,2303175,0,2299961,0,9026941,0,8777631,4457,3147,12830,12369909,11436560,3649,3624,436
1786399875724,4949248,1374832,1558608,1181296,8235968,0,2303175,0,2299961,0,9026941,0,8777631,4457,3147,12830,12369909,11436560,3649,3624,436
1786399876232,4949248,1374832,1558608,1181296,8235968,0,2303175,0,2299961,0,9026941,0,8777631,4457,3147,12830,12369909,11436560,3649,3624,436
1786399876740,4949248,1374832,1558608,1181296,8235968,0,2303175,0,2299961,0,9026941,0,8777631,4457,3147,12830,12369909,11436560,3649,3624,436
1786399877250,4949248,1374592,1558368,1181296,8235968,0,2303175,0,2299961,0,9026941,0,8777631,4457,3147,12830,12369909,11436560,3649,3624,436
1786399877757,4949248,1374592,1558368,1181296,8235968,0,2303175,0,2299961,0,9026941,0,8777631,4457,3147,12830,12369909,11436560,3649,3624,436
1786399878267,4949248,1374592,1558368,1181296,8235968,0,2303175,0,2299961,0,9026941,0,8777631,4457,3147,12830,12369909,11436560,3649,3624,436
1786399878777,4949248,1374592,1558368,1181296,8235968,0,2303175,0,2299961,0,9026941,0,8777631,4457,3147,12830,12369909,11436560,3649,3624,436
1786399879288,4949248,1374112,1557888,1181296,8235968,0,2303175,0,2299961,0,9026941,0,8777631,4457,3147,12830,12369909,11436560,3649,3624,436
1786399879788,4949248,1374112,1557888,1181296,8235968,0,2303175,0,2299961,0,9026941,0,8777631,4457,3147,12830,12369909,11436560,3649,3624,436
1786399880296,4949248,1374112,1557888,1181296,8235968,0,2303175,0,2299961,0,9026941,0,8777631,4457,3147,12830,12369909,11436560,3649,3624,436
1786399880801,4949248,1374112,1557888,1181296,8235968,0,2303175,0,2299961,0,9026941,0,8777631,4457,3147,12830,12369909,11436560,3649,3624,436
1786399881312,4949248,1374112,1557888,1181296,8235968,0,2303175,0,2299961,0,9026941,0,8777631,4457,3147,12830,12369909,11436560,3649,3624,436
1786399881814,4949248,1373392,1557168,1181296,8235968,0,2303175,0,2299961,0,9026941,0,8777631,4457,3147,12830,12369909,11436560,3649,3624,436
1786399882325,4949248,1373392,1557168,1181296,8235968,0,2303175,0,2299961,0,9026941,0,8777631,4457,3147,12830,12369909,11436560,3649,3624,436
1786399882829,4949248,1373392,1557168,1181296,8235968,0,2303175,0,2299961,0,9026941,0,8777631,4457,3147,12830,12369909,11436560,3649,3624,436
1786399883336,4949248,1373392,1557168,1181296,8235968,0,2303175,0,2299961,0,9026941,0,8777631,4457,3147,12830,12369909,11436560,3649,3624,436
1786399883837,4949248,1373392,1557168,1181296,8235968,0,2303175,0,2299961,0,9026941,0,8777631,4457,3147,12830,12369909,11436560,3649,3624,436
1786399884340,4949248,1373392,1557168,1181296,8235968,0,2303175,0,2299961,0,9026941,0,8777631,4457,3147,12830,12369909,11436560,3649,3624,436
1786399884844,4949248,1373392,1557168,1181296,8235968,0,2303175,0,2299961,0,9026941,0,8777631,4457,3147,12830,12369909,11436560,3649,3624,436
1786399885354,4949248,1373392,1557168,1181296,8235968,0,2303175,0,2299961,0,9026941,0,8777631,4457,3147,12830,12369909,11436560,3649,3624,436
1786399885866,4949248,1373152,1556928,1181296,8235968,0,2303175,0,2299961,0,9026941,0,8777631,4457,3147,12830,12369909,11436560,3649,3624,436
1786399886371,4949248,1373152,1556928,1181296,8235968,0,2303175,0,2299961,0,9026941,0,8777631,4457,3147,12830,12369909,11436560,3649,3624,436
1786399886876,4949248,1373152,1556928,1181296,8235968,0,2303175,0,2299961,0,9026941,0,8777631,4457,3147,12830,12369909,11436560,3649,3624,436
1786399887384,4949248,1372912,1556688,1181296,8235968,0,2303175,0,2299961,0,9026941,0,8777631,4457,3147,12830,12369909,11436560,3649,3624,436
1786399887892,4949248,1372912,1556688,1181296,8235968,0,2303175,0,2299961,0,9026941,0,8777631,4457,3147,12830,12369909,11436560,3649,3624,436
1786399888401,4949248,1372912,1556688,1181296,8235968,0,2303175,0,2299961,0,9026941,0,8777631,4457,3147,12830,12369909,11436560,3649,3624,436
1786399888905,4949248,1372912,1556688,1181296,8235968,0,2303175,0,2299961,0,9026941,0,8777631,4457,3147,12830,12369909,11436560,3649,3624,436
1786399889407,4949248,1372912,1556688,1181296,8235968,0,2303175,0,2299961,0,9026941,0,8777631,4457,3147,12830,12369909,11436560,3649,3624,436
1786399889912,4949248,1372912,1556688,1181296,8235968,0,2303175,0,2299961,0,9026941,0,8777631,4457,3147,12830,12369909,11436560,3649,3624,436
1786399890417,4949248,1372912,1556688,1181296,8235968,0,2303175,0,2299961,0,9026941,0,8777631,4457,3147,12830,12369909,11436560,3649,3624,436
1786399890925,4949248,1372912,1556688,1181296,8235968,0,2303175,0,2299961,0,9026941,0,8777631,4457,3147,12830,12369909,11436560,3649,3624,436
1786399891437,4949248,1372912,1556688,1181296,8235968,0,2303175,0,2299961,0,9026941,0,8777631,4457,3147,12830,12369909,11436560,3649,3624,436
1786399891939,4949248,1372912,1556688,1181296,8235968,0,2303175,0,2299961,0,9041943,0,8792352,4457,3147,12830,12369909,11436560,3649,3624,436
1786399892445,4949248,1372912,1556688,1181440,8235968,0,2303175,0,2299961,0,9041943,0,8792352,4457,3147,12830,12369909,11436560,3649,3624,436
1786399892956,4949248,1372912,1556832,1181440,8235968,0,2303175,0,2299961,0,9041943,0,8792352,4457,3147,12830,12369909,11436560,3649,3624,436
1786399893463,4949248,1372912,1556832,1181440,8235968,0,2303175,0,2299961,0,9041943,0,8792352,4457,3147,12830,12369909,11436560,3649,3624,436
1786399893974,4949248,1372672,1556592,1181440,8235968,0,2303175,0,2299961,0,9041943,0,8792352,4457,3147,12830,12369909,11436560,3649,3624,436
1786399894485,4949248,1372672,1556592,1181440,8235968,0,2303175,0,2299961,0,9041943,0,8792352,4457,3147,12830,12369909,11436560,3649,3624,436
1786399894987,4949248,1372672,1556592,1181440,8235968,0,2303175,0,2299961,0,9041943,0,8792352,4457,3147,12830,12369909,11436560,3649,3624,436
1786399895489,4949248,1372672,1556592,1181440,8235968,0,2303175,0,2299961,0,9041943,0,8792352,4457,3147,12830,12369909,11436560,3649,3624,436
1786399895991,4949248,1372672,1556592,1181440,8235968,0,2303175,0,2299961,0,9041943,0,8792352,4457,3147,12830,12369909,11436560,3649,3624,436
1786399896492,4949248,1372672,1556592,1181440,8235968,0,2303175,0,2299961,0,9041943,0,8792352,4457,3147,12830,12369909,11436560,3649,3624,436
1786399897000,4949248,1372672,1556592,1181456,8235968,0,2303175,0,2299961,0,9041943,0,8792352,4457,3147,12830,12369909,11436560,3649,3624,436
1786399897505,4949248,1372672,1556592,1181456,8235968,0,2303175,0,2299961,0,9041943,0,8792352,4457,3147,12830,12369909,11436560,3649,3624,436
1786399898007,4949248,1372672,1556592,1181456,8235968,0,2303175,0,2299961,0,9041943,0,8792352,4457,3147,12830,12369909,11436560,3649,3624,436
1786399898519,4949248,1372672,1556592,1181456,8235968,0,2303175,0,2299961,0,9041943,0,8792352,4457,3147,12830,12369909,11436560,3649,3624,436
1786399899023,4949248,1372672,1556592,1181456,8235968,0,2303175,0,2299961,0,9041943,0,8792352,4457,3147,12830,12369909,11436560,3649,3624,436
1786399899531,4949248,1372672,1556592,1181456,8235968,0,2303175,0,2299961,0,9041943,0,8792352,4457,3147,12830,12369909,11436560,3649,3624,436
1786399900035,4949248,1372672,1556592,1181456,8235968,0,2303175,0,2299961,0,9041943,0,8792352,4457,3147,12830,12369909,11436560,3649,3624,436
1786399900538,4949248,1372672,1556592,1181456,8235968,0,2303175,0,2299961,0,9041943,0,8792352,4457,3147,12830,12369909,11436560,3649,3624,436
1786399901040,4949248,1372672,1556592,1181456,8235968,0,2303175,0,2299961,0,9041943,0,8792352,4457,3147,12830,12369909,11436560,3649,3624,436
1786399901542,4949248,1372672,1556592,1181456,8235968,0,2303175,0,2299961,0,9041943,0,8792352,4457,3147,12830,12369909,11436560,3649,3624,436
1786399902044,4949248,1372672,1556592,1181456,8235968,0,2303175,0,2299961,0,9041943,0,8792352,4457,3147,12830,12369909,11436560,3649,3624,436
1786399902553,4949248,1372672,1556592,1181456,8235968,0,2303175,0,2299961,0,9041943,0,8792352,4457,3147,12830,12369909,11436560,3649,3624,436
1786399903058,4949248,1372672,1556592,1181456,8235968,0,2303175,0,2299961,0,9041943,0,8792352,4457,3147,12830,12369909,11436560,3649,3624,436
1786399903564,4949248,1372672,1556592,1181456,8235968,0,2303175,0,2299961,0,9041943,0,8792352,4457,3147,12830,12369909,11436560,3649,3624,436
1786399904066,4949248,1372672,1556592,1181456,8235968,0,2303175,0,2299961,0,9041943,0,8792352,4457,3147,12830,12369909,11436560,3649,3624,436
1786399904568,4949248,1372672,1556592,1181456,8235968,0,2303175,0,2299961,0,9041943,0,8792352,4457,3147,12830,12369909,11436560,3649,3624,436
1786399905070,4949248,1372672,1556592,1181456,8235968,0,2303175,0,2299961,0,9041943,0,8792352,4457,3147,12830,12369909,11436560,3649,3624,436
1786399905573,4949248,1372672,1556592,1181456,8235968,0,2303175,0,2299961,0,9041943,0,8792352,4457,3147,12830,12369909,11436560,3649,3624,436
1786399906077,4949248,1372672,1556592,1181456,8235968,0,2303175,0,2299961,0,9041943,0,8792352,4457,3147,12830,12369909,11436560,3649,3624,436
1786399906590,4949248,1372672,1556592,1181456,8235968,0,2303175,0,2299961,0,9041943,0,8792352,4457,3147,12830,12369909,11436560,3649,3624,436
1786399907096,4949248,1372672,1556592,1181456,8235968,0,2303175,0,2299961,0,9041943,0,8792352,4457,3147,12830,12369909,11436560,3649,3624,436
1786399907607,4949248,1372672,1556592,1181456,8235968,0,2303175,0,2299961,0,9041943,0,8792352,4457,3147,12830,12369909,11436560,3649,3624,436
1786399908117,4949248,1372672,1556592,1181456,8235968,0,2303175,0,2299961,0,9041943,0,8792352,4457,3147,12830,12369909,11436560,3649,3624,436
1786399908620,4949248,1372672,1556592,1181456,8235968,0,2303175,0,2299961,0,9041943,0,8792352,4457,3147,12830,12369909,11436560,3649,3624,436
1786399909129,4949248,1372672,1556592,1181456,8235968,0,2303175,0,2299961,0,9041943,0,8792352,4457,3147,12830,12369909,11436560,3649,3624,436
1786399909641,4949248,1372672,1556592,1181456,8235968,0,2303175,0,2299961,0,9041943,0,8792352,4457,3147,12830,12369909,11436560,3649,3624,436
1786399910147,4949248,1372672,1556592,1181456,8235968,0,2303175,0,2299961,0,9041943,0,8792352,4457,3147,12830,12369909,11436560,3649,3624,436
1786399910652,4949248,1372672,1556592,1181456,8235968,0,2303175,0,2299961,0,9041943,0,8792352,4457,3147,12830,12369909,11436560,3649,3624,436
1786399911164,4949248,1372672,1556592,1181456,8235968,0,2303175,0,2299961,0,9041943,0,8792352,4457,3147,12830,12369909,11436560,3649,3624,436
1786399911675,4949248,1372432,1556352,1181456,8235968,0,2303175,0,2299961,0,9041943,0,8792352,4457,3147,12830,12369909,11436560,3649,3624,436
1786399912180,4965760,1372432,1556288,1181456,8235968,0,2303175,0,2299961,0,9041943,0,8792352,4457,3147,12830,12369909,11436560,3649,3624,436
1786399912687,4965760,1372432,1556288,1181456,8235968,0,2303175,0,2299961,0,9041943,0,8792352,4457,3147,12830,12369909,11436560,3649,3624,436
1786399913191,4982336,1372432,1556224,1181456,8235968,0,2303175,0,2299961,0,9041943,0,8792352,4457,3147,12830,12369909,11436560,3649,3624,436
1786399913702,4982336,1372432,1556224,1181456,8235968,0,2303175,0,2299961,0,9041943,0,8792352,4457,3147,12830,12369909,11436560,3649,3624,436
1786399914212,4998976,1372432,1556160,1181456,8235968,0,2303175,0,2299961,0,9041943,0,8792352,4457,3147,12830,12369909,11436560,3649,3624,436
1786399914724,4998976,1372432,1556160,1181456,8235968,0,2303175,0,2299961,0,9041943,0,8792352,4457,3147,12830,12369909,11436560,3649,3624,436
1786399915228,5015680,1372432,1556096,1181456,8235968,0,2303175,0,2299961,0,9041943,0,8792352,4457,3147,12830,12369909,11436560,3649,3624,436
1786399915736,5015680,1372432,1556096,1181456,8235968,0,2303175,0,2299961,0,9041943,0,8792352,4457,3147,12830,12369909,11436560,3649,3624,436
1786399916247,5032448,1380112,1563712,1181456,8235968,0,2303175,0,2299961,0,9041943,0,8792352,4457,3147,12830,12369909,11436560,3649,3624,436
1786399916748,5032448,1380112,1563712,1181456,8235968,0,2303175,0,2299961,0,9041943,0,8792352,4457,3147,12830,12369909,11436560,3649,3624,436
1786399917257,5032448,1380112,1563712,1181456,8235968,0,2303175,0,2299961,0,9041943,0,8792352,4457,3147,12830,12369909,11436560,3649,3624,436
1786399917767,5032448,1380112,1563712,1181456,8235968,0,2303175,0,2299961,0,9041943,0,8792352,4457,3147,12830,12369909,11436560,3649,3624,436
1786399918276,5032448,1379632,1563232,1181456,8235968,0,2303175,0,2299961,0,9041943,0,8792352,4457,3147,12830,12369909,11436560,3649,3624,436
1786399918782,5032448,1379632,1563232,1181456,8235968,0,2303175,0,2299961,0,9041943,0,8792352,4457,3147,12830,12369909,11436560,3649,3624,436
1786399919294,5032448,1379392,1562992,1181456,8235968,0,2303175,0,2299961,0,9041943,0,8792352,4457,3147,12830,12369909,11436560,3649,3624,436
1786399919799,5032448,1379392,1562992,1181456,8235968,0,2303175,0,2299961,0,9041943,0,8792352,4457,3147,12830,12369909,11436560,3649,3624,436
1786399920310,5032448,1379392,1562992,1181456,8235968,0,2303175,0,2299961,0,9041943,0,8792352,4457,3147,12830,12369909,11436560,3649,3624,436
1786399920813,5032448,1379392,1562992,1181456,8235968,0,2303175,0,2299961,0,9041943,0,8792352,4457,3147,12830,12369909,11436560,3649,3624,436
1786399921319,5032448,1379392,1562992,1181456,8235968,0,2303175,0,2299961,0,9041943,0,8792352,4457,3147,12830,12369909,11436560,3649,3624,436
1786399921830,5032448,1379392,1562992,1181456,8235968,0,2303175,0,2299961,0,9041943,0,8792352,4457,3147,12830,12369909,11436560,3649,3624,436
1786399922341,5032448,1379152,1562752,1181456,8235968,0,2303175,0,2299961,0,9041943,0,8792352,4457,3147,12830,12369909,11436560,3649,3624,436
1786399922845,5032448,1378912,1562512,1181456,8235968,0,2303175,0,2299961,0,9041943,0,8792352,4457,3147,12830,12369909,11436560,3649,3624,436
1786399923352,5032448,1378912,1562512,1181456,8235968,0,2303175,0,2299961,0,9041943,0,8792352,4457,3147,12830,12369909,11436560,3649,3624,436
1786399923862,5032448,1378912,1562512,1181456,8235968,0,2303175,0,2299961,0,9041943,0,8792352,4457,3147,12830,12369909,11436560,3649,3624,436
1786399924372,5032448,1379024,1562624,1181456,8235968,0,2303175,0,2299961,0,9041943,0,8792352,4457,3147,12830,12369909,11436560,3649,3624,436
1786399924873,5032448,1378784,1562384,1181456,8235968,0,2303175,0,2299961,0,9041943,0,8792352,4457,3147,12830,12369909,11436560,3649,3624,436
1786399925378,5032448,1379200,1562800,1181456,8235968,0,2303175,0,2299961,0,9041943,0,8792352,4457,3147,12830,12369909,11436560,3649,3624,436
1786399925880,5032448,1379200,1562800,1181456,8235968,0,2303175,0,2299961,0,9041943,0,8792352,4457,3147,12830,12369909,11436560,3649,3624,436
1786399926383,5032448,1378960,1562560,1181456,8235968,0,2303175,0,2299961,0,9041943,0,8792352,4457,3147,12830,12369909,11436560,3649,3624,436
1786399926886,5032448,1378960,1562560,1181456,8235968,0,2303175,0,2299961,0,9041943,0,8792352,4457,3147,12830,12369909,11436560,3649,3624,436
1786399927399,5032448,1378720,1562320,1181456,8235968,0,2303175,0,2299961,0,9041943,0,8792352,4457,3147,12830,12369909,11436560,3649,3624,436
1786399927905,5032448,1378720,1562320,1181456,8235968,0,2303175,0,2299961,0,9041943,0,8792352,4457,3147,12830,12369909,11436560,3649,3624,436
1786399928408,5032448,1378480,1562080,1181456,8235968,0,2303175,0,2299961,0,9041943,0,8792352,4457,3147,12830,12369909,11436560,3649,3624,436
1786399928914,5032448,1378480,1562080,1181456,8235968,0,2303175,0,2299961,0,9041943,0,8792352,4457,3147,12830,12369909,11436560,3649,3624,436
1786399929416,5032448,1378480,1562080,1181456,8235968,0,2303175,0,2299961,0,9041943,0,8792352,4457,3147,12830,12369909,11436560,3649,3624,436
1786399929917,5032448,1378480,1562080,1181456,8235968,0,2303175,0,2299961,0,9041943,0,8792352,4457,3147,12830,12369909,11436560,3649,3624,436
1786399930424,5032448,1378480,1562080,1181456,8235968,0,2303175,0,2299961,0,9041943,0,8792352,4457,3147,12830,12369909,11436560,3649,3624,436
1786399930936,5032448,1377760,1561360,1181456,8235968,0,2303175,0,2299961,0,9041943,0,8792352,4457,3147,12830,12369909,11436560,3649,3624,436
1786399931445,5032448,1377760,1561360,1181456,8235968,0,2303175,0,2299961,0,9041943,0,8792352,4457,3147,12830,12369909,11436560,3649,3624,436
1786399931952,5032448,1377760,1561360,1181456,8235968,0,2303175,0,2299961,0,9041943,0,8792352,4457,3147,12830,12369909,11436560,3649,3624,436
1786399932460,5032448,1378336,1561936,1181456,8235968,0,2303175,0,2299961,0,9041943,0,8792352,4457,3147,12830,12369909,11436560,3649,3624,436
1786399932962,5032448,1378336,1561936,1181456,8235968,0,2303175,0,2299961,0,9041943,0,8792352,4457,3147,12830,12369909,11436560,3649,3624,436
1786399933463,5032448,1378336,1561936,1181456,8235968,0,2303175,0,2299961,0,9041943,0,8792352,4457,3147,12830,12369909,11436560,3649,3624,436
1786399933968,5032448,1378336,1561936,1181456,8235968,0,2303175,0,2299961,0,9041943,0,8792352,4457,3147,12830,12369909,11436560,3649,3624,436
1786399934473,5032448,1378336,1561936,1181456,8235968,0,2303175,0,2299961,0,9041943,0,8792352,4457,3147,12830,12369909,11436560,3649,3624,436
1786399934985,5032448,1378336,1561936,1181456,8235968,0,2303175,0,2299961,0,9041943,0,8792352,4457,3147,12830,12369909,11436560,3649,3624,436
1786399935492,5032448,1378336,1561936,1181456,8235968,0,2303175,0,2299961,0,9041943,0,8792352,4457,3147,12830,12369909,11436560,3649,3624,436
1786399935994,5032448,1378336,1561936,1181456,8235968,0,2303175,0,2299961,0,9041943,0,8792352,4457,3147,12830,12369909,11436560,3649,3624,436
1786399936506,5032448,1378336,1561936,1181456,8235968,0,2303175,0,2299961,0,9041943,0,8792352,4457,3147,12830,12369909,11436560,3649,3624,436
1786399937020,5032448,1378336,1561936,1181456,8235968,0,2303175,0,2299961,0,9041943,0,8792352,4457,3147,12830,12369909,11436560,3649,3624,436
1786399937521,5032448,1378336,1561936,1181456,8235968,0,2303175,0,2299961,0,9041943,0,8792352,4457,3147,12830,12369909,11436560,3649,3624,436
1786399938032,5032448,1378336,1561936,1181456,8235968,0,2303175,0,2299961,0,9041943,0,8792352,4457,3147,12830,12369909,11436560,3649,3624,436
1786399938541,5032448,1378336,1561936,1181456,8235968,0,2303175,0,2299961,0,9041943,0,8792352,4457,3147,12830,12369909,11436560,3649,3624,436
1786399939049,5032448,1378336,1561936,1181456,8235968,0,2303175,0,2299961,0,9041943,0,8792352,4457,3147,12830,12369909,11436560,3649,3624,436
1786399939563,5032448,1377856,1561456,1181456,8235968,0,2303175,0,2299961,0,9041943,0,8792352,4457,3147,12830,12369909,11436560,3649,3624,436
1786399940074,5032448,1377856,1561456,1181456,8235968,0,2303175,0,2299961,0,9041943,0,8792352,4457,3147,12830,12369909,11436560,3649,3624,436
1786399940580,5032448,1377856,1561456,1181456,8235968,0,2303175,0,2299961,0,9041943,0,8792352,4457,3147,12830,12369909,11436560,3649,3624,436
1786399941087,5032448,1377856,1561456,1181456,8235968,0,2303175,0,2299961,0,9041943,0,8792352,4457,3147,12830,12369909,11436560,3649,3624,436
1786399941587,5032448,1377376,1560976,1181456,8235968,0,2303175,0,2299961,0,9041943,0,8792352,4457,3147,12830,12369909,11436560,3649,3624,436
1786399942089,5032448,1377136,1560736,1181456,8235968,0,2303175,0,2299961,0,9041943,0,8792352,4457,3147,12830,12369909,11436560,3649,3624,436
1786399942596,5032448,1377136,1560736,1181456,8235968,0,2303175,0,2299961,0,9041943,0,8792352,4457,3147,12830,12369909,11436560,3649,3624,436
1786399943105,5032448,1377136,1560736,1181456,8235968,0,2303175,0,2299961,0,9041943,0,8792352,4457,3147,12830,12369909,11436560,3649,3624,436
1786399943614,5032448,1377136,1560736,1181456,8235968,0,2303175,0,2299961,0,9041943,0,8792352,4457,3147,12830,12369909,11436560,3649,3624,436
1786399944122,5032448,1377136,1560736,1181456,8235968,0,2303175,0,2299961,0,9041943,0,8792352,4457,3147,12830,12369909,11436560,3649,3624,436
1786399944633,5032448,1377136,1560736,1181456,8235968,0,2303175,0,2299961,0,9041943,0,8792352,4457,3147,12830,12369909,11436560,3649,3624,436
1786399945143,5032448,1377136,1560736,1181456,8235968,0,2303175,0,2299961,0,9041943,0,8792352,4457,3147,12830,12369909,11436560,3649,3624,436
1786399945652,5032448,1376896,1560496,1181456,8235968,0,2303175,0,2299961,0,9041943,0,8792352,4457,3147,12830,12369909,11436560,3649,3624,436
1786399946154,5032448,1376896,1560496,1181456,8235968,0,2303175,0,2299961,0,9041943,0,8792352,4457,3147,12830,12369909,11436560,3649,3624,436
1786399946655,5032448,1376896,1560496,1181456,8235968,0,2303175,0,2299961,0,9041943,0,8792352,4457,3147,12830,12369909,11436560,3649,3624,436
1786399947162,5032448,1376896,1560496,1181456,8235968,0,2303175,0,2299961,0,9056295,0,8806292,4457,3147,12830,12369909,11436560,3649,3624,436
1786399947673,5032448,1376656,1560256,1181456,8235968,0,2303175,0,2299961,0,9056295,0,8806292,4457,3147,12830,12369909,11436560,3649,3624,436
1786399948184,5032448,1376416,1560016,1181456,8235968,0,2303175,0,2299961,0,9056295,0,8806292,4457,3147,12830,12369909,11436560,3649,3624,436
1786399948696,5032448,1376416,1560016,1181456,8235968,0,2303175,0,2299961,0,9056295,0,8806292,4457,3147,12830,12369909,11436560,3649,3624,436
1786399949209,5032448,1376416,1560016,1181456,8235968,0,2303175,0,2299961,0,9056295,0,8806292,4457,3147,12830,12369909,11436560,3649,3624,436
1786399949715,5032448,1376416,1560016,1181456,8235968,0,2303175,0,2299961,0,9056295,0,8806292,4457,3147,12830,12369909,11436560,3649,3624,436
1786399950223,5032448,1376416,1560016,1181456,8235968,0,2303175,0,2299961,0,9056295,0,8806292,4457,3147,12830,12369909,11436560,3649,3624,436
1786399950728,5032448,1376416,1560016,1181456,8235968,0,2303175,0,2299961,0,9056295,0,8806292,4457,3147,12830,12369909,11436560,3649,3624,436
1786399951236,5032448,1376416,1560016,1181456,8235968,0,2303175,0,2299961,0,9056295,0,8806292,4457,3147,12830,12369909,11436560,3649,3624,436
1786399951741,5032448,1376416,1560016,1181456,8235968,0,2303175,0,2299961,0,9056295,0,8806292,4457,3147,12830,12369909,11436560,3649,3624,436
1786399952247,5032448,1376416,1560016,1181456,8235968,0,2303175,0,2299961,0,9056295,0,8806292,4457,3147,12830,12369909,11436560,3649,3624,436
1786399952759,5032448,1375696,1559296,1181456,8235968,0,2303175,0,2299961,0,9056295,0,8806292,4457,3147,12830,12369909,11436560,3649,3624,436
1786399953267,5032448,1375696,1559296,1181456,8235968,0,2303175,0,2299961,0,9056295,0,8806292,4457,3147,12830,12369909,11436560,3649,3624,436
1786399953779,5032448,1375696,1559296,1181456,8235968,0,2303175,0,2299961,0,9056295,0,8806292,4457,3147,12830,12369909,11436560,3649,3624,436
1786399954282,5032448,1375696,1559296,1181456,8235968,0,2303175,0,2299961,0,9056295,0,8806292,4457,3147,12830,12369909,11436560,3649,3624,436
1786399954784,5032448,1375696,1559296,1181456,8235968,0,2303175,0,2299961,0,9056295,0,8806292,4457,3147,12830,12369909,11436560,3649,3624,436
1786399955287,5032448,1375696,1559296,1181472,8235968,0,2303175,0,2299961,0,9056295,0,8806292,4457,3147,12830,12369909,11436560,3649,3624,436
1786399955799,5032448,1375696,1559296,1181472,8235968,0,2303175,0,2299961,0,9056295,0,8806292,4457,3147,12830,12369909,11436560,3649,3624,436
1786399956312,5032448,1375456,1559056,1181472,8235968,0,2303175,0,2299961,0,9056295,0,8806292,4457,3147,12830,12369909,11436560,3649,3624,436
1786399956816,5032448,1375456,1559056,1181472,8235968,0,2303175,0,2299961,0,9056295,0,8806292,4457,3147,12830,12369909,11436560,3649,3624,436
1786399957328,5032448,1375456,1559056,1181472,8235968,0,2303175,0,2299961,0,9056295,0,8806292,4457,3147,12830,12369909,11436560,3649,3624,436
1786399957840,5032448,1375216,1558816,1181472,8235968,0,2303175,0,2299961,0,9056295,0,8806292,4457,3147,12830,12369909,11436560,3649,3624,436
1786399958352,5032448,1375216,1558816,1181472,8235968,0,2303175,0,2299961,0,9056295,0,8806292,4457,3147,12830,12369909,11436560,3649,3624,436
1786399958860,5032448,1375216,1558816,1181472,8235968,0,2303175,0,2299961,0,9056295,0,8806292,4457,3147,12830,12369909,11436560,3649,3624,436
1786399959362,5032448,1375216,1558816,1181472,8235968,0,2303175,0,2299961,0,9056295,0,8806292,4457,3147,12830,12369909,11436560,3649,3624,436
1786399959872,5032448,1375216,1558816,1181472,8235968,0,2303175,0,2299961,0,9056295,0,8806292,4457,3147,12830,12369909,11436560,3649,3624,436
1786399960376,5032448,1374976,1558576,1181472,8235968,0,2303175,0,2299961,0,9056295,0,8806292,4457,3147,12830,12369909,11436560,3649,3624,436
1786399960888,5032448,1374496,1558096,1181472,8235968,0,2303175,0,2299961,0,9056295,0,8806292,4457,3147,12830,12369909,11436560,3649,3624,436
1786399961393,5032448,1374496,1558096,1181472,8235968,0,2303175,0,2299961,0,9056295,0,8806292,4457,3147,12830,12369909,11436560,3649,3624,436
1786399961903,5032448,1374496,1558096,1181472,8235968,0,2303175,0,2299961,0,9056295,0,8806292,4457,3147,12830,12369909,11436560,3649,3624,436
1786399962407,5032448,1374496,1558096,1181472,8235968,0,2303175,0,2299961,0,9056295,0,8806292,4457,3147,12830,12369909,11436560,3649,3624,436
1786399962919,5032448,1374496,1558096,1181472,8235968,0,2303175,0,2299961,0,9056295,0,8806292,4457,3147,12830,12369909,11436560,3649,3624,436
1786399963425,5032448,1374496,1558096,1181472,8235968,0,2303175,0,2299961,0,9056295,0,8806292,4457,3147,12830,12369909,11436560,3649,3624,436
1786399963927,5032448,1374496,1558096,1181472,8235968,0,2303175,0,2299961,0,9056295,0,8806292,4457,3147,12830,12369909,11436560,3649,3624,436
1786399964435,5032448,1374496,1558096,1181472,8235968,0,2303175,0,2299961,0,9056295,0,8806292,4457,3147,12830,12369909,11436560,3649,3624,436
1786399964947,5032448,1374496,1558096,1181472,8235968,0,2303175,0,2299961,0,9056295,0,8806292,4457,3147,12830,12369909,11436560,3649,3624,436
1786399965453,5032448,1374496,1558096,1181472,8235968,0,2303175,0,2299961,0,9056295,0,8806292,4457,3147,12830,12369909,11436560,3649,3624,436
1786399965961,5032448,1374496,1558096,1181472,8235968,0,2303175,0,2299961,0,9056295,0,8806292,4457,3147,12830,12369909,11436560,3649,3624,436
1786399966464,5032448,1374496,1558096,1181472,8235968,0,2303175,0,2299961,0,9056295,0,8806292,4457,3147,12830,12369909,11436560,3649,3624,436
1786399966971,5032448,1374496,1558096,1181472,8235968,0,2303175,0,2299961,0,9056295,0,8806292,4457,3147,12830,12369909,11436560,3649,3624,436
1786399967473,5032448,1374496,1558096,1181472,8235968,0,2303175,0,2299961,0,9056295,0,8806292,4457,3147,12830,12369909,11436560,3649,3624,436
1786399967983,5032448,1374496,1558096,1181472,8235968,0,2303175,0,2299961,0,9056295,0,8806292,4457,3147,12830,12369909,11436560,3649,3624,436
1786399968487,5032448,1374496,1558096,1181472,8235968,0,2303175,0,2299961,0,9056295,0,8806292,4457,3147,12830,12369909,11436560,3649,3624,436
1786399968997,5032448,1374496,1558096,1181472,8235968,0,2303175,0,2299961,0,9056295,0,8806292,4457,3147,12830,12369909,11436560,3649,3624,436
1786399969505,5032448,1374496,1558096,1181472,8235968,0,2303175,0,2299961,0,9056295,0,8806292,4457,3147,12830,12369909,11436560,3649,3624,436
1786399970015,5032448,1374496,1558096,1181472,8235968,0,2303175,0,2299961,0,9056295,0,8806292,4457,3147,12830,12369909,11436560,3649,3624,436
1786399970517,5032448,1374496,1558096,1181472,8235968,0,2303175,0,2299961,0,9056295,0,8806292,4457,3147,12830,12369909,11436560,3649,3624,436
1786399971025,5032448,1374496,1558096,1181472,8235968,0,2303175,0,2299961,0,9056295,0,8806292,4457,3147,12830,12369909,11436560,3649,3624,436
1786399971527,5032448,1374496,1558096,1181472,8235968,0,2303175,0,2299961,0,9056295,0,8806292,4457,3147,12830,12369909,11436560,3649,3624,436
1786399972030,5032448,1374496,1558096,1181472,8235968,0,2303175,0,2299961,0,9056295,0,8806292,4457,3147,12830,12369909,11436560,3649,3624,436
1786399972538,5032448,1374496,1558096,1181472,8235968,0,2303175,0,2299961,0,9056295,0,8806292,4457,3147,12830,12369909,11436560,3649,3624,436
1786399973050,5032448,1374496,1558096,1181472,8235968,0,2303175,0,2299961,0,9056295,0,8806292,4457,3147,12830,12369909,11436560,3649,3624,436
1786399973560,5032448,1374496,1558096,1181472,8235968,0,2303175,0,2299961,0,9056295,0,8806292,4457,3147,12830,12369909,11436560,3649,3624,436
1786399974072,5032448,1374496,1558096,1181472,8235968,0,2303175,0,2299961,0,9056295,0,8806292,4457,3147,12830,12369909,11436560,3649,3624,436
1786399974584,5032448,1374496,1558096,1181472,8235968,0,2303175,0,2299961,0,9056295,0,8806292,4457,3147,12830,12369909,11436560,3649,3624,436
1786399975086,5032448,1374496,1558096,1181472,8235968,0,2303175,0,2299961,0,9056295,0,8806292,4457,3147,12830,12369909,11436560,3649,3624,436
1786399975592,5032448,1374496,1558096,1181472,8235968,0,2303175,0,2299961,0,9056295,0,8806292,4457,3147,12830,12369909,11436560,3649,3624,436
1786399976101,5032448,1374496,1558096,1181472,8235968,0,2303175,0,2299961,0,9056295,0,8806292,4457,3147,12830,12369909,11436560,3649,3624,436
1786399976613,5032448,1374496,1558096,1181472,8235968,0,2303175,0,2299961,0,9056295,0,8806292,4457,3147,12830,12369909,11436560,3649,3624,436
1786399977116,5032448,1374496,1558096,1181472,8235968,0,2303175,0,2299961,0,9056295,0,8806292,4457,3147,12830,12369909,11436560,3649,3624,436
1786399977618,5032448,1374496,1558096,1181472,8235968,0,2303175,0,2299961,0,9056295,0,8806292,4457,3147,12830,12369909,11436560,3649,3624,436
1786399978124,5032448,1374496,1558096,1181472,8235968,0,2303175,0,2299961,0,9056295,0,8806292,4457,3147,12830,12369909,11436560,3649,3624,436
1786399978633,5032448,1374496,1558096,1181472,8235968,0,2303175,0,2299961,0,9056295,0,8806292,4457,3147,12830,12369909,11436560,3649,3624,436
1786399979142,5032448,1374496,1558096,1181472,8235968,0,2303175,0,2299961,0,9056295,0,8806292,4457,3147,12830,12369909,11436560,3649,3624,436
1786399979645,5032448,1374496,1558096,1181472,8235968,0,2303175,0,2299961,0,9056295,0,8806292,4457,3147,12830,12369909,11436560,3649,3624,436
1786399980147,5032448,1374496,1558096,1181472,8235968,0,2303175,0,2299961,0,9056295,0,8806292,4457,3147,12830,12369909,11436560,3649,3624,436
1786399980654,5032448,1374496,1558096,1181472,8235968,0,2303175,0,2299961,0,9056295,0,8806292,4457,3147,12830,12369909,11436560,3649,3624,436
1786399981157,5032448,1374496,1558096,1181472,8235968,0,2303175,0,2299961,0,9056295,0,8806292,4457,3147,12830,12369909,11436560,3649,3624,436
1786399981670,5032448,1374496,1558096,1181472,8235968,0,2303175,0,2299961,0,9056295,0,8806292,4457,3147,12830,12369909,11436560,3649,3624,436
1786399982180,5032448,1374496,1558096,1181472,8235968,0,2303175,0,2299961,0,9056295,0,8806292,4457,3147,12830,12369909,11436560,3649,3624,436
1786399982692,5032448,1374256,1557856,1181472,8235968,0,2303175,0,2299961,0,9056295,0,8806292,4457,3147,12830,12369909,11436560,3649,3624,436
1786399983201,5032448,1374256,1557856,1181472,8235968,0,2303175,0,2299961,0,9056295,0,8806292,4457,3147,12830,12369909,11436560,3649,3624,436
1786399983713,5032448,1374256,1557856,1181472,8235968,0,2303175,0,2299961,0,9056295,0,8806292,4457,3147,12830,12369909,11436560,3649,3624,436
1786399984217,5032448,1374256,1557856,1181472,8235968,0,2303175,0,2299961,0,9056295,0,8806292,4457,3147,12830,12369909,11436560,3649,3624,436
1786399984720,5032448,1374256,1557856,1181472,8235968,0,2303175,0,2299961,0,9056295,0,8806292,4457,3147,12830,12369909,11436560,3649,3624,436
1786399985225,5032448,1374256,1557856,1181472,8235968,0,2303175,0,2299961,0,9056295,0,8806292,4457,3147,12830,12369909,11436560,3649,3624,436
1786399985737,5032448,1374256,1557856,1181472,8235968,0,2303175,0,2299961,0,9056295,0,8806292,4457,3147,12830,12369909,11436560,3649,3624,436
1786399986247,5032448,1374256,1557856,1181472,8235968,0,2303175,0,2299961,0,9056295,0,8806292,4457,3147,12830,12369909,11436560,3649,3624,436
1786399986753,5032448,1374256,1557856,1181472,8235968,0,2303175,0,2299961,0,9056295,0,8806292,4457,3147,12830,12369909,11436560,3649,3624,436
1786399987266,5032448,1374256,1557856,1181472,8235968,0,2303175,0,2299961,0,9056295,0,8806292,4457,3147,12830,12369909,11436560,3649,3624,436
1786399987776,5032448,1374256,1557856,1181472,8235968,0,2303175,0,2299961,0,9056295,0,8806292,4457,3147,12830,12369909,11436560,3649,3624,436
1786399988282,5032448,1374256,1557856,1181472,8235968,0,2303175,0,2299961,0,9056295,0,8806292,4457,3147,12830,12369909,11436560,3649,3624,436
1786399988785,5032448,1374256,1557856,1181472,8235968,0,2303175,0,2299961,0,9056295,0,8806292,4457,3147,12830,12369909,11436560,3649,3624,436
1786399989288,5032448,1374256,1557856,1181472,8235968,0,2303175,0,2299961,0,9056295,0,8806292,4457,3147,12830,12369909,11436560,3649,3624,436
1786399989795,5032448,1374256,1557856,1181472,8235968,0,2303175,0,2299961,0,9056295,0,8806292,4457,3147,12830,12369909,11436560,3649,3624,436
1786399990297,5032448,1374256,1557856,1181472,8235968,0,2303175,0,2299961,0,9056295,0,8806292,4457,3147,12830,12369909,11436560,3649,3624,436
1786399990809,5032448,1374256,1557856,1181472,8235968,0,2303175,0,2299961,0,9056295,0,8806292,4457,3147,12830,12369909,11436560,3649,3624,436
1786399991313,5032448,1374256,1557856,1181472,8235968,0,2303175,0,2299961,0,9056295,0,8806292,4457,3147,12830,12369909,11436560,3649,3624,436
1786399991825,5032448,1374256,1557856,1181472,8235968,0,2303175,0,2299961,0,9056295,0,8806292,4457,3147,12830,12369909,11436560,3649,3624,436
1786399992336,5032448,1374256,1557856,1181472,8235968,0,2303175,0,2299961,0,9056295,0,8806292,4457,3147,12830,12369909,11436560,3649,3624,436
1786399992838,5032448,1374256,1557856,1181472,8235968,0,2303175,0,2299961,0,9056295,0,8806292,4457,3147,12830,12369909,11436560,3649,3624,436
1786399993343,5032448,1374256,1557856,1181472,8235968,0,2303175,0,2299961,0,9056295,0,8806292,4457,3147,12830,12369909,11436560,3649,3624,436
1786399993845,5032448,1374256,1557856,1181472,8235968,0,2303175,0,2299961,0,9056295,0,8806292,4457,3147,12830,12369909,11436560,3649,3624,436
1786399994349,5032448,1374256,1557856,1181472,8235968,0,2303175,0,2299961,0,9056295,0,8806292,4457,3147,12830,12369909,11436560,3649,3624,436
1786399994862,5032448,1374256,1557856,1181472,8235968,0,2303175,0,2299961,0,9056295,0,8806292,4457,3147,12830,12369909,11436560,3649,3624,436
1786399995365,5032448,1374256,1557856,1181472,8235968,0,2303175,0,2299961,0,9056295,0,8806292,4457,3147,12830,12369909,11436560,3649,3624,436
1786399995871,5032448,1374256,1557856,1181472,8235968,0,2303175,0,2299961,0,9056295,0,8806292,4457,3147,12830,12369909,11436560,3649,3624,436
1786399996383,5032448,1374256,1557856,1181472,8235968,0,2303175,0,2299961,0,9056295,0,8806292,4457,3147,12830,12369909,11436560,3649,3624,436
1786399996888,5032448,1374256,1557856,1181472,8235968,0,2303175,0,2299961,0,9056295,0,8806292,4457,3147,12830,12369909,11436560,3649,3624,436
1786399997390,5032448,1374256,1557856,1181472,8235968,0,2303175,0,2299961,0,9056295,0,8806292,4457,3147,12830,12369909,11436560,3649,3624,436
1786399997892,5032448,1374256,1557856,1181472,8235968,0,2303175,0,2299961,0,9056295,0,8806292,4457,3147,12830,12369909,11436560,3649,3624,436
1786399998399,5032448,1374256,1557856,1181472,8235968,0,2303175,0,2299961,0,9056295,0,8806292,4457,3147,12830,12369909,11436560,3649,3624,436
1786399998906,5032448,1374256,1557856,1181472,8235968,0,2303175,0,2299961,0,9056295,0,8806292,4457,3147,12830,12369909,11436560,3649,3624,436
1786399999410,5032448,1374256,1557856,1181472,8235968,0,2303175,0,2299961,0,9056295,0,8806292,4457,3147,12830,12369909,11436560,3649,3624,436
1786399999914,5032448,1374256,1557856,1181472,8235968,0,2303175,0,2299961,0,9056295,0,8806292,4457,3147,12830,12369909,11436560,3649,3624,436
1786400000425,5032448,1374256,1557856,1181472,8235968,0,2303175,0,2299961,0,9056295,0,8806292,4457,3147,12830,12369909,11436560,3649,3624,436
1786400000927,5032448,1374256,1557856,1181472,8235968,0,2303175,0,2299961,0,9056295,0,8806292,4457,3147,12830,12369909,11436560,3649,3624,436
1786400001429,5032448,1374256,1557856,1181472,8235968,0,2303175,0,2299961,0,9056295,0,8806292,4457,3147,12830,12369909,11436560,3649,3624,436
1786400001935,5032448,1374256,1557856,1181472,8235968,0,2303175,0,2299961,0,9056295,0,8806292,4457,3147,12830,12369909,11436560,3649,3624,436
1786400002447,5032448,1374256,1557856,1181472,8235968,0,2303175,0,2299961,0,9056295,0,8806292,4457,3147,12830,12369909,11436560,3649,3624,436
1786400002952,5032448,1374256,1557856,1181472,8235968,0,2303175,0,2299961,0,9056295,0,8806292,4457,3147,12830,12369909,11436560,3649,3624,436
1786400003463,5032448,1374256,1557856,1181472,8235968,0,2303175,0,2299961,0,9056295,0,8806292,4457,3147,12830,12369909,11436560,3649,3624,436
1786400003968,5032448,1374256,1557856,1181472,8235968,0,2303175,0,2299961,0,9056295,0,8806292,4457,3147,12830,12369909,11436560,3649,3624,436
1786400004472,5032448,1374256,1557856,1181472,8235968,0,2303175,0,2299961,0,9056295,0,8806292,4457,3147,12830,12369909,11436560,3649,3624,436
1786400004975,5032448,1374256,1557856,1181472,8235968,0,2303175,0,2299961,0,9056295,0,8806292,4457,3147,12830,12369909,11436560,3649,3624,436
1786400005478,5032448,1374256,1557840,1181472,8235968,0,2303175,0,2299961,0,9056295,0,8806292,4457,3147,12830,12369909,11436560,3649,3624,436
1786400005982,5032448,1374256,1557840,1181472,8235968,0,2303175,0,2299961,0,9056295,0,8806292,4457,3147,12830,12369909,11436560,3649,3624,436
1786400006488,5032448,1374256,1557840,1181472,8235968,0,2303175,0,2299961,0,9056295,0,8806292,4457,3147,12830,12369909,11436560,3649,3624,436
1786400006990,5032448,1374256,1557840,1181472,8235968,0,2303175,0,2299961,0,9056295,0,8806292,4457,3147,12830,12369909,11436560,3649,3624,436
1786400007502,5032448,1374256,1557840,1181472,8235968,0,2303175,0,2299961,0,9056295,0,8806292,4457,3147,12830,12369909,11436560,3649,3624,436
1786400008014,5032448,1374256,1557840,1181472,8235968,0,2303175,0,2299961,0,9056295,0,8806292,4457,3147,12830,12369909,11436560,3649,3624,436
1786400008526,5032448,1374256,1557840,1181472,8235968,0,2303175,0,2299961,0,9056295,0,8806292,4457,3147,12830,12369909,11436560,3649,3624,436
1786400009037,5032448,1374256,1557856,1181472,8235968,0,2303175,0,2299961,0,9056295,0,8806292,4457,3147,12830,12369909,11436560,3649,3624,436
1786400009547,5032448,1374256,1557856,1181472,8235968,0,2303175,0,2299961,0,9056295,0,8806292,4457,3147,12830,12369909,11436560,3649,3624,436
1786400010058,5032448,1374256,1557856,1181472,8235968,0,2303175,0,2299961,0,9056295,0,8806292,4457,3147,12830,12369909,11436560,3649,3624,436
1786400010560,5032448,1374256,1557856,1181472,8235968,0,2303175,0,2299961,0,9056295,0,8806292,4457,3147,12830,12369909,11436560,3649,3624,436
1786400011065,5032448,1374256,1557856,1181472,8235968,0,2303175,0,2299961,0,9056295,0,8806292,4457,3147,12830,12369909,11436560,3649,3624,436
1786400011570,5032448,1374256,1557856,1181472,8235968,0,2303175,0,2299961,0,9056295,0,8806292,4457,3147,12830,12369909,11436560,3649,3624,436
1786400012097,5032448,1374256,1557856,1181472,8235968,0,2303175,0,2299961,0,9056295,0,8806292,4457,3147,12830,12369909,11436560,3649,3624,436
1786400012608,5032448,1374256,1557856,1181472,8235968,0,2303175,0,2299961,0,9056295,0,8806292,4457,3147,12830,12369909,11436560,3649,3624,436
1786400013115,5032448,1374256,1557856,1181472,8235968,0,2303175,0,2299961,0,9056295,0,8806292,4457,3147,12830,12369909,11436560,3649,3624,436
1786400013617,5032448,1374256,1557856,1181472,8235968,0,2303175,0,2299961,0,9056295,0,8806292,4457,3147,12830,12369909,11436560,3649,3624,436
1786400014128,5032448,1374256,1557856,1181472,8235968,0,2303175,0,2299961,0,9056295,0,8806292,4457,3147,12830,12369909,11436560,3649,3624,436
1786400014630,5032448,1374256,1557856,1181488,8235968,0,2303175,0,2299961,0,9056295,0,8806292,4457,3147,12830,12369909,11436560,3649,3624,436
1786400015141,5032448,1374256,1557856,1181488,8235968,0,2303175,0,2299961,0,9056295,0,8806292,4457,3147,12830,12369909,11436560,3649,3624,436
1786400015644,5032448,1374256,1557856,1181488,8235968,0,2303175,0,2299961,0,9056295,0,8806292,4457,3147,12830,12369909,11436560,3649,3624,436
1786400016152,5032448,1374256,1557856,1181488,8235968,0,2303175,0,2299961,0,9056295,0,8806292,4457,3147,12830,12369909,11436560,3649,3624,436
1786400016660,5032448,1374256,1557856,1181488,8235968,0,2303175,0,2299961,0,9056295,0,8806292,4457,3147,12830,12369909,11436560,3649,3624,436
1786400017172,5032448,1374256,1557856,1181488,8235968,0,2303175,0,2299961,0,9056295,0,8806292,4457,3147,12830,12369909,11436560,3649,3624,436
1786400017675,5032448,1374256,1557856,1181488,8235968,0,2303175,0,2299961,0,9056295,0,8806292,4457,3147,12830,12369909,11436560,3649,3624,436
1786400018177,5032448,1374256,1557856,1181488,8235968,0,2303175,0,2299961,0,9056295,0,8806292,4457,3147,12830,12369909,11436560,3649,3624,436
1786400018678,5032448,1374256,1557856,1181488,8235968,0,2303175,0,2299961,0,9056295,0,8806292,4457,3147,12830,12369909,11436560,3649,3624,436
1786400019188,5032448,1374256,1557856,1181488,8235968,0,2303175,0,2299961,0,9056295,0,8806292,4457,3147,12830,12369909,11436560,3649,3624,436
1786400019695,5032448,1374256,1557856,1181488,8235968,0,2303175,0,2299961,0,9056295,0,8806292,4457,3147,12830,12369909,11436560,3649,3624,436
1786400020199,5032448,1374256,1557856,1181488,8235968,0,2303175,0,2299961,0,9056295,0,8806292,4457,3147,12830,12369909,11436560,3649,3624,436
1786400020707,5032448,1374256,1557856,1181488,8235968,0,2303175,0,2299961,0,9056295,0,8806292,4457,3147,12830,12369909,11436560,3649,3624,436
1786400021209,5032448,1374256,1557856,1181488,8235968,0,2303175,0,2299961,0,9056295,0,8806292,4457,3147,12830,12369909,11436560,3649,3624,436
1786400021711,5032448,1374256,1557856,1181488,8235968,0,2303175,0,2299961,0,9056295,0,8806292,4457,3147,12830,12369909,11436560,3649,3624,436
1786400022218,5032448,1374256,1557856,1181488,8235968,0,2303175,0,2299961,0,9056295,0,8806292,4457,3147,12830,12369909,11436560,3649,3624,436
1786400022721,5032448,1374256,1557856,1181488,8235968,0,2303175,0,2299961,0,9056295,0,8806292,4457,3147,12830,12369909,11436560,3649,3624,436
1786400023223,5032448,1374256,1557856,1181488,8235968,0,2303175,0,2299961,0,9056295,0,8806292,4457,3147,12830,12369909,11436560,3649,3624,436
1786400023725,5032448,1374256,1557856,1181488,8235968,0,2303175,0,2299961,0,9056295,0,8806292,4457,3147,12830,12369909,11436560,3649,3624,436
1786400024237,5032448,1374256,1557856,1181488,8235968,0,2303175,0,2299961,0,9056295,0,8806292,4457,3147,12830,12369909,11436560,3649,3624,436
1786400024740,5032448,1374256,1557856,1181488,8235968,0,2303175,0,2299961,0,9056295,0,8806292,4457,3147,12830,12369909,11436560,3649,3624,436
1786400025249,5032448,1374256,1557856,1181488,8235968,0,2303175,0,2299961,0,9056295,0,8806292,4457,3147,12830,12369909,11436560,3649,3624,436
1786400025757,5032448,1374256,1557856,1181488,8235968,0,2303175,0,2299961,0,9056295,0,8806292,4457,3147,12830,12369909,11436560,3649,3624,436
1786400026264,5032448,1374256,1557856,1181488,8235968,0,2303175,0,2299961,0,9056295,0,8806292,4457,3147,12830,12369909,11436560,3649,3624,436
1786400026770,5032448,1374256,1557856,1181488,8235968,0,2303175,0,2299961,0,9056295,0,8806292,4457,3147,12830,12369909,11436560,3649,3624,436
1786400027282,5032448,1374256,1557856,1181488,8235968,0,2303175,0,2299961,0,9056295,0,8806292,4457,3147,12830,12369909,11436560,3649,3624,436
1786400027795,5032448,1374256,1557856,1181488,8235968,0,2303175,0,2299961,0,9056295,0,8806292,4457,3147,12830,12369909,11436560,3649,3624,436
1786400028301,5032448,1374256,1557856,1181488,8235968,0,2303175,0,2299961,0,9056295,0,8806292,4457,3147,12830,12369909,11436560,3649,3624,436
1786400028808,5032448,1374256,1557856,1181488,8235968,0,2303175,0,2299961,0,9056295,0,8806292,4457,3147,12830,12369909,11436560,3649,3624,436
1786400029314,5032448,1374256,1557856,1181488,8235968,0,2303175,0,2299961,0,9056295,0,8806292,4457,3147,12830,12369909,11436560,3649,3624,436
1786400029818,5032448,1374256,1557856,1181488,8235968,0,2303175,0,2299961,0,9056295,0,8806292,4457,3147,12830,12369909,11436560,3649,3624,436
1786400030319,5032448,1374256,1557856,1181488,8235968,0,2303175,0,2299961,0,9056295,0,8806292,4457,3147,12830,12369909,11436560,3649,3624,436
1786400030824,5032448,1374256,1557856,1181488,8235968,0,2303175,0,2299961,0,9056295,0,8806292,4457,3147,12830,12369909,11436560,3649,3624,436
1786400031330,5032448,1374256,1557856,1181488,8235968,0,2303175,0,2299961,0,9056295,0,8806292,4457,3147,12830,12369909,11436560,3649,3624,436
1786400031837,5032448,1374256,1557856,1181488,8235968,0,2303175,0,2299961,0,9056295,0,8806292,4457,3147,12830,12369909,11436560,3649,3624,436
1786400032346,5032448,1374256,1557856,1181488,8235968,0,2303175,0,2299961,0,9056295,0,8806292,4457,3147,12830,12369909,11436560,3649,3624,436
1786400032856,5032448,1374256,1557856,1181488,8235968,0,2303175,0,2299961,0,9056295,0,8806292,4457,3147,12830,12369909,11436560,3649,3624,436
1786400033360,5032448,1374256,1557856,1181488,8235968,0,2303175,0,2299961,0,9056295,0,8806292,4457,3147,12830,12369909,11436560,3649,3624,436
1786400033863,5032448,1374256,1557856,1181488,8235968,0,2303175,0,2299961,0,9056295,0,8806292,4457,3147,12830,12369909,11436560,3649,3624,436
1786400034365,5032448,1374256,1557856,1181488,8235968,0,2303175,0,2299961,0,9056295,0,8806292,4457,3147,12830,12369909,11436560,3649,3624,436
1786400034874,5032448,1374256,1557856,1181488,8235968,0,2303175,0,2299961,0,9056295,0,8806292,4457,3147,12830,12369909,11436560,3649,3624,436
1786400035376,5032448,1374256,1557856,1181488,8235968,0,2303175,0,2299961,0,9056295,0,8806292,4457,3147,12830,12369909,11436560,3649,3624,436
1786400035888,5032448,1374256,1557856,1181488,8235968,0,2303175,0,2299961,0,9056295,0,8806292,4457,3147,12830,12369909,11436560,3649,3624,436
1786400036396,5032448,1374256,1557856,1181488,8235968,0,2303175,0,2299961,0,9056295,0,8806292,4457,3147,12830,12369909,11436560,3649,3624,436
1786400036905,5032448,1374256,1557856,1181488,8235968,0,2303175,0,2299961,0,9056295,0,8806292,4457,3147,12830,12369909,11436560,3649,3624,436
1786400037410,5032448,1374256,1557856,1181488,8235968,0,2303175,0,2299961,0,9056295,0,8806292,4457,3147,12830,12369909,11436560,3649,3624,436
1786400037921,5032448,1374256,1557856,1181488,8235968,0,2303175,0,2299961,0,9056295,0,8806292,4457,3147,12830,12369909,11436560,3649,3624,436
1786400038432,5032448,1374256,1557856,1181488,8235968,0,2303175,0,2299961,0,9056295,0,8806292,4457,3147,12830,12369909,11436560,3649,3624,436
1786400038933,5032448,1374256,1557856,1181488,8235968,0,2303175,0,2299961,0,9056295,0,8806292,4457,3147,12830,12369909,11436560,3649,3624,436
1786400039444,5032448,1374256,1557856,1181488,8235968,0,2303175,0,2299961,0,9056295,0,8806292,4457,3147,12830,12369909,11436560,3649,3624,436
1786400039956,5032448,1374256,1557856,1181488,8235968,0,2303175,0,2299961,0,9056295,0,8806292,4457,3147,12830,12369909,11436560,3649,3624,436
1786400040468,5032448,1374256,1557856,1181488,8235968,0,2303175,0,2299961,0,9056295,0,8806292,4457,3147,12830,12369909,11436560,3649,3624,436
1786400040971,5032448,1374256,1557856,1181488,8235968,0,2303175,0,2299961,0,9056295,0,8806292,4457,3147,12830,12369909,11436560,3649,3624,436
1786400041473,5032448,1374256,1557856,1181488,8235968,0,2303175,0,2299961,0,9056295,0,8806292,4457,3147,12830,12369909,11436560,3649,3624,436
1786400041985,5032448,1374256,1557856,1181488,8235968,0,2303175,0,2299961,0,9056295,0,8806292,4457,3147,12830,12369909,11436560,3649,3624,436
1786400042494,5032448,1374256,1557856,1181488,8235968,0,2303175,0,2299961,0,9056295,0,8806292,4457,3147,12830,12369909,11436560,3649,3624,436
1786400043005,5032448,1374256,1557856,1181488,8235968,0,2303175,0,2299961,0,9056295,0,8806292,4457,3147,12830,12369909,11436560,3649,3624,436
1786400043511,5032448,1374256,1557856,1181488,8235968,0,2303175,0,2299961,0,9056295,0,8806292,4457,3147,12830,12369909,11436560,3649,3624,436
1786400044020,5032448,1374256,1557856,1181488,8235968,0,2303175,0,2299961,0,9056295,0,8806292,4457,3147,12830,12369909,11436560,3649,3624,436
1786400044532,5032448,1374256,1557856,1181488,8235968,0,2303175,0,2299961,0,9056295,0,8806292,4457,3147,12830,12369909,11436560,3649,3624,436
1786400045044,5032448,1374256,1557856,1181488,8235968,0,2303175,0,2299961,0,9056295,0,8806292,4457,3147,12830,12369909,11436560,3649,3624,436
1786400045547,5032448,1374256,1557856,1181488,8235968,0,2303175,0,2299961,0,9056295,0,8806292,4457,3147,12830,12369909,11436560,3649,3624,436
1786400046059,5032448,1374256,1557856,1181488,8235968,0,2303175,0,2299961,0,9056295,0,8806292,4457,3147,12830,12369909,11436560,3649,3624,436
1786400046568,5032448,1374256,1557856,1181488,8235968,0,2303175,0,2299961,0,9056295,0,8806292,4457,3147,12830,12369909,11436560,3649,3624,436
1786400047071,5032448,1374256,1557856,1181488,8235968,0,2303175,0,2299961,0,9056295,0,8806292,4457,3147,12830,12369909,11436560,3649,3624,436
1786400047580,5032448,1374256,1557856,1181488,8235968,0,2303175,0,2299961,0,9056295,0,8806292,4457,3147,12830,12369909,11436560,3649,3624,436
1786400048083,5032448,1374256,1557856,1181488,8235968,0,2303175,0,2299961,0,9056295,0,8806292,4457,3147,12830,12369909,11436560,3649,3624,436
1786400048587,5032448,1374256,1557856,1181488,8235968,0,2303175,0,2299961,0,9056295,0,8806292,4457,3147,12830,12369909,11436560,3649,3624,436
1786400049099,5032448,1374256,1557856,1181488,8235968,0,2303175,0,2299961,0,9056295,0,8806292,4457,3147,12830,12369909,11436560,3649,3624,436
1786400049611,5032448,1374256,1557856,1181488,8235968,0,2303175,0,2299961,0,9056295,0,8806292,4457,3147,12830,12369909,11436560,3649,3624,436
1786400050121,5032448,1374256,1557856,1181488,8235968,0,2303175,0,2299961,0,9056295,0,8806292,4457,3147,12830,12369909,11436560,3649,3624,436
1786400050632,5032448,1374256,1557856,1181488,8235968,0,2303175,0,2299961,0,9056295,0,8806292,4457,3147,12830,12369909,11436560,3649,3624,436
1786400051138,5032448,1374256,1557856,1181488,8235968,0,2303175,0,2299961,0,9056295,0,8806292,4457,3147,12830,12369909,11436560,3649,3624,436
1786400051640,5032448,1374256,1557856,1181488,8235968,0,2303175,0,2299961,0,9056295,0,8806292,4457,3147,12830,12369909,11436560,3649,3624,436
1786400052151,5032448,1374256,1557856,1181488,8235968,0,2303175,0,2299961,0,9056295,0,8806292,4457,3147,12830,12369909,11436560,3649,3624,436
1786400052657,5032448,1374256,1557856,1181488,8235968,0,2303175,0,2299961,0,9056295,0,8806292,4457,3147,12830,12369909,11436560,3649,3624,436
1786400053159,5032448,1374256,1557856,1181488,8235968,0,2303175,0,2299961,0,9056295,0,8806292,4457,3147,12830,12369909,11436560,3649,3624,436
1786400053671,5032448,1374256,1557856,1181488,8235968,0,2303175,0,2299961,0,9056295,0,8806292,4457,3147,12830,12369909,11436560,3649,3624,436
1786400054182,5032448,1374256,1557856,1181488,8235968,0,2303175,0,2299961,0,9056295,0,8806292,4457,3147,12830,12369909,11436560,3649,3624,436
1786400054687,5032448,1374256,1557856,1181488,8235968,0,2303175,0,2299961,0,9056295,0,8806292,4457,3147,12830,12369909,11436560,3649,3624,436
1786400055189,5032448,1374256,1557856,1181488,8235968,0,2303175,0,2299961,0,9056295,0,8806292,4457,3147,12830,12369909,11436560,3649,3624,436
1786400055692,5032448,1374256,1557840,1181488,8235968,0,2303176,0,2299962,0,9056469,0,8806466,4457,3147,12830,12369909,11436560,3649,3624,436
1786400056194,5032448,1374256,1557840,1181488,8235968,0,2303176,0,2299962,0,9056469,0,8806466,4457,3147,12830,12369909,11436560,3649,3624,436
1786400056705,5032448,1374256,1557840,1181488,8235968,0,2303176,0,2299962,0,9056469,0,8806466,4457,3147,12830,12369909,11436560,3649,3624,436
1786400057210,5032448,1374256,1557840,1181488,8235968,0,2303176,0,2299962,0,9056469,0,8806466,4457,3147,12830,12369909,11436560,3649,3624,436
1786400057712,5032448,1374256,1557840,1181488,8235968,0,2303176,0,2299962,0,9056469,0,8806466,4457,3147,12830,12369909,11436560,3649,3624,436
1786400058220,5032448,1374256,1557840,1181488,8235968,0,2303176,0,2299962,0,9056469,0,8806466,4457,3147,12830,12369909,11436560,3649,3624,436
1786400058732,5032448,1374256,1557840,1181488,8235968,0,2303176,0,2299962,0,9056469,0,8806466,4457,3147,12830,12369909,11436560,3649,3624,436
1786400059238,5032448,1374256,1557856,1181488,8235968,0,2303176,0,2299962,0,9056469,0,8806466,4457,3147,12830,12369909,11436560,3649,3624,436
1786400059740,5032448,1374256,1557856,1181488,8235968,0,2303176,0,2299962,0,9056469,0,8806466,4457,3147,12830,12369909,11436560,3649,3624,436
1786400060249,5032448,1374256,1557856,1181488,8235968,0,2303176,0,2299962,0,9056469,0,8806466,4457,3147,12830,12369909,11436560,3649,3624,436
1786400060755,5032448,1374256,1557856,1181488,8235968,0,2303176,0,2299962,0,9056469,0,8806466,4457,3147,12830,12369909,11436560,3649,3624,436
1786400061262,5032448,1374256,1557856,1181488,8235968,0,2303176,0,2299962,0,9056469,0,8806466,4457,3147,12830,12369909,11436560,3649,3624,436
1786400061766,5032448,1374256,1557856,1181488,8235968,0,2303176,0,2299962,0,9056469,0,8806466,4457,3147,12830,12369909,11436560,3649,3624,436
1786400062274,5032448,1374256,1557856,1181488,8235968,0,2303176,0,2299962,0,9056469,0,8806466,4457,3147,12830,12369909,11436560,3649,3624,436
1786400062786,5032448,1374256,1557856,1181488,8235968,0,2303176,0,2299962,0,9056469,0,8806466,4457,3147,12830,12369909,11436560,3649,3624,436
1786400063298,5032448,1374256,1557856,1181488,8235968,0,2303176,0,2299962,0,9056469,0,8806466,4457,3147,12830,12369909,11436560,3649,3624,436
1786400063801,5032448,1374256,1557856,1181488,8235968,0,2303176,0,2299962,0,9056469,0,8806466,4457,3147,12830,12369909,11436560,3649,3624,436
1786400064304,5032448,1374256,1557856,1181488,8235968,0,2303176,0,2299962,0,9056469,0,8806466,4457,3147,12830,12369909,11436560,3649,3624,436
1786400064815,5032448,1374256,1557856,1181488,8235968,0,2303176,0,2299962,0,9056469,0,8806466,4457,3147,12830,12369909,11436560,3649,3624,436
1786400065321,5032448,1374256,1557856,1181488,8235968,0,2303176,0,2299962,0,9056469,0,8806466,4457,3147,12830,12369909,11436560,3649,3624,436
1786400065825,5032448,1374256,1557856,1181488,8235968,0,2303176,0,2299962,0,9056469,0,8806466,4457,3147,12830,12369909,11436560,3649,3624,436
1786400066336,5032448,1374256,1557856,1181488,8235968,0,2303176,0,2299962,0,9056469,0,8806466,4457,3147,12830,12369909,11436560,3649,3624,436
1786400066842,5032448,1374256,1557856,1181488,8235968,0,2303176,0,2299962,0,9056469,0,8806466,4457,3147,12830,12369909,11436560,3649,3624,436
1786400067345,5032448,1374256,1557856,1181488,8235968,0,2303176,0,2299962,0,9056469,0,8806466,4457,3147,12830,12369909,11436560,3649,3624,436
1786400067857,5032448,1374256,1557856,1181488,8235968,0,2303176,0,2299962,0,9056469,0,8806466,4457,3147,12830,12369909,11436560,3649,3624,436
1786400068361,5032448,1374256,1557856,1181488,8235968,0,2303176,0,2299962,0,9056469,0,8806466,4457,3147,12830,12369909,11436560,3649,3624,436
1786400068863,5032448,1374256,1557856,1181488,8235968,0,2303176,0,2299962,0,9056469,0,8806466,4457,3147,12830,12369909,11436560,3649,3624,436
1786400069373,5032448,1374256,1557856,1181488,8235968,0,2303176,0,2299962,0,9056469,0,8806466,4457,3147,12830,12369909,11436560,3649,3624,436
1786400069883,5032448,1374256,1557856,1181488,8235968,0,2303176,0,2299962,0,9056469,0,8806466,4457,3147,12830,12369909,11436560,3649,3624,436
1786400070395,5032448,1374256,1557856,1181488,8235968,0,2303176,0,2299962,0,9056469,0,8806466,4457,3147,12830,12369909,11436560,3649,3624,436
1786400070908,5032448,1374256,1557856,1181488,8235968,0,2303176,0,2299962,0,9056469,0,8806466,4457,3147,12830,12369909,11436560,3649,3624,436
1786400071410,5032448,1374256,1557856,1181488,8235968,0,2303176,0,2299962,0,9056469,0,8806466,4457,3147,12830,12369909,11436560,3649,3624,436
1786400071915,5032448,1374256,1557856,1181488,8235968,0,2303176,0,2299962,0,9056469,0,8806466,4457,3147,12830,12369909,11436560,3649,3624,436
1786400072418,5032448,1374256,1557856,1181504,8235968,0,2303176,0,2299962,0,9056469,0,8806466,4457,3147,12830,12369909,11436560,3649,3624,436
1786400072928,5032448,1374256,1557856,1181504,8235968,0,2303176,0,2299962,0,9056469,0,8806466,4457,3147,12830,12369909,11436560,3649,3624,436
1786400073430,5032448,1374256,1557856,1181504,8235968,0,2303176,0,2299962,0,9056469,0,8806466,4457,3147,12830,12369909,11436560,3649,3624,436
1786400073938,5032448,1374256,1557856,1181504,8235968,0,2303176,0,2299962,0,9056469,0,8806466,4457,3147,12830,12369909,11436560,3649,3624,436
1786400074442,5032448,1374256,1557856,1181504,8235968,0,2303176,0,2299962,0,9056469,0,8806466,4457,3147,12830,12369909,11436560,3649,3624,436
1786400074950,5032448,1374256,1557856,1181504,8235968,0,2303176,0,2299962,0,9056469,0,8806466,4457,3147,12830,12369909,11436560,3649,3624,436
1786400075456,5032448,1374256,1557856,1181504,8235968,0,2303176,0,2299962,0,9056469,0,8806466,4457,3147,12830,12369909,11436560,3649,3624,436
1786400075968,5032448,1374256,1557856,1181504,8235968,0,2303176,0,2299962,0,9056469,0,8806466,4457,3147,12830,12369909,11436560,3649,3624,436
1786400076468,5032448,1374256,1557856,1181504,8235968,0,2303176,0,2299962,0,9056469,0,8806466,4457,3147,12830,12369909,11436560,3649,3624,436
1786400076972,5032448,1374256,1557856,1181504,8235968,0,2303176,0,2299962,0,9056469,0,8806466,4457,3147,12830,12369909,11436560,3649,3624,436
1786400077478,5032448,1374256,1557856,1181504,8235968,0,2303176,0,2299962,0,9056469,0,8806466,4457,3147,12830,12369909,11436560,3649,3624,436
1786400077983,5032448,1374256,1557856,1181504,8235968,0,2303176,0,2299962,0,9056469,0,8806466,4457,3147,12830,12369909,11436560,3649,3624,436
1786400078491,5032448,1374256,1557856,1181504,8235968,0,2303176,0,2299962,0,9056469,0,8806466,4457,3147,12830,12369909,11436560,3649,3624,436
1786400078995,5032448,1374256,1557856,1181504,8235984,0,2303176,0,2299962,0,9057935,0,8807932,4461,3151,12830,12369909,11436560,3649,3624,436
1786400079498,5032448,1374016,1557728,1181632,8235984,0,2303176,0,2299962,0,9057935,0,8807932,4461,3151,12830,12369909,11436560,3649,3624,436
1786400080002,5032448,1374016,1557728,1181632,8235984,0,2303176,0,2299962,0,9057935,0,8807932,4461,3151,12830,12369909,11436560,3649,3624,436
1786400080504,5032448,1374016,1557728,1181632,8235984,0,2303176,0,2299962,0,9057935,0,8807932,4461,3151,12830,12369909,11436560,3649,3624,436
1786400081011,5032448,1374016,1557728,1181632,8235984,0,2303176,0,2299962,0,9057935,0,8807932,4461,3151,12830,12369909,11436560,3649,3624,436
1786400081515,5032448,1374016,1557728,1181632,8235984,0,2303176,0,2299962,0,9057935,0,8807932,4461,3151,12830,12369909,11436560,3649,3624,436
1786400082020,5032448,1374016,1557728,1181632,8235984,0,2303176,0,2299962,0,9057935,0,8807932,4461,3151,12830,12369909,11436560,3649,3624,436
1786400082524,5032448,1374016,1557728,1181632,8235984,0,2303176,0,2299962,0,9057935,0,8807932,4461,3151,12830,12369909,11436560,3649,3624,436
1786400083029,5032448,1374016,1557728,1181632,8235984,0,2303176,0,2299962,0,9057935,0,8807932,4461,3151,12830,12369909,11436560,3649,3624,436
1786400083538,5032448,1374016,1557728,1181632,8235984,0,2303176,0,2299962,0,9057935,0,8807932,4461,3151,12830,12369909,11436560,3649,3624,436
1786400084047,5032448,1374016,1557728,1181632,8235984,0,2303176,0,2299962,0,9057935,0,8807932,4461,3151,12830,12369909,11436560,3649,3624,436
1786400084555,5032448,1374016,1557728,1181632,8235984,0,2303176,0,2299962,0,9057935,0,8807932,4461,3151,12830,12369909,11436560,3649,3624,436
1786400085057,5032448,1374016,1557728,1181632,8235984,0,2303176,0,2299962,0,9057935,0,8807932,4461,3151,12830,12369909,11436560,3649,3624,436
1786400085561,5032448,1374016,1557728,1181632,8235984,0,2303176,0,2299962,0,9057935,0,8807932,4461,3151,12830,12369909,11436560,3649,3624,436
1786400086063,5032448,1374016,1557728,1181632,8235984,0,2303176,0,2299962,0,9057935,0,8807932,4461,3151,12830,12369909,11436560,3649,3624,436
1786400086576,5032448,1374016,1557728,1181632,8235984,0,2303176,0,2299962,0,9057935,0,8807932,4461,3151,12830,12369909,11436560,3649,3624,436
1786400087088,5032448,1374016,1557728,1181632,8235984,0,2303176,0,2299962,0,9057935,0,8807932,4461,3151,12830,12369909,11436560,3649,3624,436
1786400087592,5032448,1374016,1557728,1181632,8235984,0,2303176,0,2299962,0,9057935,0,8807932,4461,3151,12830,12369909,11436560,3649,3624,436
1786400088094,5032448,1374016,1557728,1181632,8235984,0,2303176,0,2299962,0,9057935,0,8807932,4461,3151,12830,12369909,11436560,3649,3624,436
1786400088602,5032448,1374016,1557728,1181632,8235984,0,2303176,0,2299962,0,9057935,0,8807932,4461,3151,12830,12369909,11436560,3649,3624,436
1786400089113,5032448,1374016,1557728,1181632,8235984,0,2303176,0,2299962,0,9057935,0,8807932,4461,3151,12830,12369909,11436560,3649,3624,436
1786400089616,5032448,1374016,1557728,1181632,8235984,0,2303176,0,2299962,0,9057935,0,8807932,4461,3151,12830,12369909,11436560,3649,3624,436
1786400090120,5032448,1374016,1557728,1181632,8235984,0,2303176,0,2299962,0,9057935,0,8807932,4461,3151,12830,12369909,11436560,3649,3624,436
1786400090630,5032448,1374016,1557728,1181632,8235984,0,2303176,0,2299962,0,9057935,0,8807932,4461,3151,12830,12369909,11436560,3649,3624,436
1786400091138,5032448,1374016,1557728,1181632,8235984,0,2303176,0,2299962,0,9057935,0,8807932,4461,3151,12830,12369909,11436560,3649,3624,436
1786400091646,5032448,1374016,1557728,1181632,8235984,0,2303176,0,2299962,0,9057935,0,8807932,4461,3151,12830,12369909,11436560,3649,3624,436
1786400092157,5032448,1374016,1557728,1181632,8235984,0,2303176,0,2299962,0,9057935,0,8807932,4461,3151,12830,12369909,11436560,3649,3624,436
1786400092663,5032448,1374016,1557728,1181632,8235984,0,2303176,0,2299962,0,9057935,0,8807932,4461,3151,12830,12369909,11436560,3649,3624,436
1786400093165,5032448,1374016,1557728,1181632,8235984,0,2303176,0,2299962,0,9057935,0,8807932,4461,3151,12830,12369909,11436560,3649,3624,436
1786400093672,5032448,1374016,1557728,1181632,8235984,0,2303176,0,2299962,0,9057935,0,8807932,4461,3151,12830,12369909,11436560,3649,3624,436
1786400094175,5032448,1374016,1557728,1181632,8235984,0,2303176,0,2299962,0,9057935,0,8807932,4461,3151,12830,12369909,11436560,3649,3624,436
1786400094687,5032448,1374016,1557728,1181632,8235984,0,2303176,0,2299962,0,9057935,0,8807932,4461,3151,12830,12369909,11436560,3649,3624,436
1786400095191,5032448,1374016,1557728,1181632,8235984,0,2303176,0,2299962,0,9057935,0,8807932,4461,3151,12830,12369909,11436560,3649,3624,436
1786400095703,5032448,1374016,1557728,1181632,8235984,0,2303176,0,2299962,0,9057935,0,8807932,4461,3151,12830,12369909,11436560,3649,3624,436
1786400096206,5032448,1374016,1557728,1181632,8235984,0,2303176,0,2299962,0,9057935,0,8807932,4461,3151,12830,12369909,11436560,3649,3624,436
1786400096718,5032448,1374448,1558160,1181632,8235984,0,2303176,0,2299962,0,9057935,0,8807932,4461,3151,12830,12369909,11436560,3649,3624,436
1786400097224,5032448,1374448,1558160,1181632,8235984,0,2303176,0,2299962,0,9057935,0,8807932,4461,3151,12830,12369909,11436560,3649,3624,436
1786400097726,5032448,1374448,1558160,1181632,8235984,0,2303176,0,2299962,0,9057935,0,8807932,4461,3151,12830,12369909,11436560,3649,3624,436
1786400098228,5032448,1374448,1558160,1181632,8235984,0,2303176,0,2299962,0,9057935,0,8807932,4461,3151,12830,12369909,11436560,3649,3624,436
1786400098738,5032448,1374448,1558160,1181632,8235984,0,2303176,0,2299962,0,9057935,0,8807932,4461,3151,12830,12369909,11436560,3649,3624,436
1786400099246,5032448,1374448,1558160,1181632,8235984,0,2303176,0,2299962,0,9057935,0,8807932,4461,3151,12830,12369909,11436560,3649,3624,436
1786400099756,5032448,1374448,1558160,1181632,8235984,0,2303176,0,2299962,0,9057935,0,8807932,4461,3151,12830,12369909,11436560,3649,3624,436
1786400100262,5032448,1374448,1558160,1181632,8235984,0,2303176,0,2299962,0,9057935,0,8807932,4461,3151,12830,12369909,11436560,3649,3624,436
1786400100772,5032448,1374448,1558160,1181632,8235984,0,2303176,0,2299962,0,9057935,0,8807932,4461,3151,12830,12369909,11436560,3649,3624,436
1786400101284,5032448,1374448,1558160,1181632,8235984,0,2303176,0,2299962,0,9057935,0,8807932,4461,3151,12830,12369909,11436560,3649,3624,436
1786400101800,5032448,1374448,1558160,1181632,8235984,0,2303176,0,2299962,0,9057935,0,8807932,4461,3151,12830,12369909,11436560,3649,3624,436
1786400102304,5032448,1374448,1558160,1181632,8235984,0,2303176,0,2299962,0,9057935,0,8807932,4461,3151,12830,12369909,11436560,3649,3624,436
1786400102815,5032448,1374448,1558160,1181632,8235984,0,2303176,0,2299962,0,9057935,0,8807932,4461,3151,12830,12369909,11436560,3649,3624,436
1786400103322,5032448,1374784,1558496,1181632,8235984,0,2303176,0,2299962,0,9057935,0,8807932,4461,3151,12830,12369909,11436560,3649,3624,436
1786400103834,5032448,1374784,1558496,1181632,8235984,0,2303176,0,2299962,0,9057935,0,8807932,4461,3151,12830,12369909,11436560,3649,3624,436
1786400104338,5032448,1374784,1558496,1181632,8235984,0,2303176,0,2299962,0,9057935,0,8807932,4461,3151,12830,12369909,11436560,3649,3624,436
1786400104850,5032448,1374784,1558496,1181632,8235984,0,2303176,0,2299962,0,9057935,0,8807932,4461,3151,12830,12369909,11436560,3649,3624,436
1786400105355,5032448,1375392,1559104,1181632,8235984,0,2303176,0,2299962,0,9057935,0,8807932,4461,3151,12830,12369909,11436560,3649,3624,436
1786400105859,5032448,1375392,1559104,1181632,8235984,0,2303176,0,2299962,0,9057935,0,8807932,4461,3151,12830,12369909,11436560,3649,3624,436
1786400106367,5032448,1375392,1559104,1181632,8235984,0,2303176,0,2299962,0,9057935,0,8807932,4461,3151,12830,12369909,11436560,3649,3624,436
1786400106870,5032448,1375392,1559104,1181632,8235984,0,2303176,0,2299962,0,9057935,0,8807932,4461,3151,12830,12369909,11436560,3649,3624,436
1786400107372,5032448,1375392,1559104,1181632,8235984,0,2303176,0,2299962,0,9057935,0,8807932,4461,3151,12830,12369909,11436560,3649,3624,436
1786400107874,5032448,1375392,1559104,1181632,8235984,0,2303176,0,2299962,0,9057935,0,8807932,4461,3151,12830,12369909,11436560,3649,3624,436
1786400108382,5032448,1375776,1559488,1181632,8235984,0,2303176,0,2299962,0,9057935,0,8807932,4461,3151,12830,12369909,11436560,3649,3624,436
1786400108891,5032448,1375600,1559312,1181632,8235984,0,2303176,0,2299962,0,9057935,0,8807932,4461,3151,12830,12369909,11436560,3649,3624,436
1786400109399,5032448,1375600,1559312,1181632,8235984,0,2303176,0,2299962,0,9057935,0,8807932,4461,3151,12830,12369909,11436560,3649,3624,436
1786400109908,5032448,1375600,1559312,1181632,8235984,0,2303176,0,2299962,0,9057935,0,8807932,4461,3151,12830,12369909,11436560,3649,3624,436
1786400110410,5032448,1376224,1559936,1181632,8235984,0,2303176,0,2299962,0,9057935,0,8807932,4461,3151,12830,12369909,11436560,3649,3624,436
1786400110912,5032448,1376224,1559936,1181632,8235984,0,2303176,0,2299962,0,9057935,0,8807932,4461,3151,12830,12369909,11436560,3649,3624,436
1786400111416,5032448,1376224,1559936,1181632,8235984,0,2303176,0,2299962,0,9057935,0,8807932,4461,3151,12830,12369909,11436560,3649,3624,436
1786400111918,5032448,1376224,1559936,1181632,8235984,0,2303176,0,2299962,0,9057935,0,8807932,4461,3151,12830,12369909,11436560,3649,3624,436
1786400112424,5032448,1376224,1559936,1181632,8235984,0,2303176,0,2299962,0,9057935,0,8807932,4461,3151,12830,12369909,11436560,3649,3624,436
1786400112931,5032448,1376224,1559936,1181632,8235984,0,2303176,0,2299962,0,9057935,0,8807932,4461,3151,12830,12369909,11436560,3649,3624,436
1786400113438,5032448,1376656,1560368,1181632,8235984,0,2303176,0,2299962,0,9057935,0,8807932,4461,3151,12830,12369909,11436560,3649,3624,436
1786400113947,5032448,1376656,1560368,1181632,8235984,0,2303176,0,2299962,0,9057935,0,8807932,4461,3151,12830,12369909,11436560,3649,3624,436
1786400114457,5032448,1376656,1560368,1181632,8235984,0,2303176,0,2299962,0,9057935,0,8807932,4461,3151,12830,12369909,11436560,3649,3624,436
1786400114961,5032448,1376656,1560368,1181632,8235984,0,2303176,0,2299962,0,9057935,0,8807932,4461,3151,12830,12369909,11436560,3649,3624,436
1786400115471,5032448,1376656,1560368,1181632,8235984,0,2303176,0,2299962,0,9057935,0,8807932,4461,3151,12830,12369909,11436560,3649,3624,436
1786400115979,5032448,1376656,1560368,1181632,8235984,0,2303176,0,2299962,0,9057935,0,8807932,4461,3151,12830,12369909,11436560,3649,3624,436
1786400116482,5032448,1376656,1560368,1181632,8235984,0,2303176,0,2299962,0,9057935,0,8807932,4461,3151,12830,12369909,11436560,3649,3624,436
1786400116986,5032448,1376656,1560368,1181632,8235984,0,2303176,0,2299962,0,9057935,0,8807932,4461,3151,12830,12369909,11436560,3649,3624,436
1786400117488,5032448,1376656,1560368,1181632,8235984,0,2303176,0,2299962,0,9057935,0,8807932,4461,3151,12830,12369909,11436560,3649,3624,436
1786400117995,5032448,1376656,1560368,1181632,8235984,0,2303176,0,2299962,0,9057935,0,8807932,4461,3151,12830,12369909,11436560,3649,3624,436
1786400118497,5032448,1376656,1560368,1181632,8235984,0,2303176,0,2299962,0,9057935,0,8807932,4461,3151,12830,12369909,11436560,3649,3624,436
1786400119008,5032448,1376944,1560656,1181632,8235984,0,2303176,0,2299962,0,9057935,0,8807932,4461,3151,12830,12369909,11436560,3649,3624,436
1786400119511,5032448,1376944,1560656,1181632,8235984,0,2303176,0,2299962,0,9057935,0,8807932,4461,3151,12830,12369909,11436560,3649,3624,436
1786400120022,5032448,1376944,1560656,1181632,8235984,0,2303176,0,2299962,0,9057935,0,8807932,4461,3151,12830,12369909,11436560,3649,3624,436
1786400120526,5032448,1376944,1560656,1181632,8235984,0,2303176,0,2299962,0,9057935,0,8807932,4461,3151,12830,12369909,11436560,3649,3624,436
1786400121038,5032448,1377280,1560992,1181632,8235984,0,2303176,0,2299962,0,9057935,0,8807932,4461,3151,12830,12369909,11436560,3649,3624,436
1786400121551,5032448,1377280,1560992,1181632,8235984,0,2303176,0,2299962,0,9057935,0,8807932,4461,3151,12830,12369909,11436560,3649,3624,436
1786400122056,5032448,1377888,1561600,1181632,8235984,0,2303176,0,2299962,0,9057935,0,8807932,4461,3151,12830,12369909,11436560,3649,3624,436
1786400122562,5032448,1377888,1561600,1181632,8235984,0,2303176,0,2299962,0,9057935,0,8807932,4461,3151,12830,12369909,11436560,3649,3624,436
1786400123064,5032448,1377888,1561600,1181632,8235984,0,2303176,0,2299962,0,9057935,0,8807932,4461,3151,12830,12369909,11436560,3649,3624,436
1786400123571,5032448,1377888,1561600,1181632,8235984,0,2303176,0,2299962,0,9057935,0,8807932,4461,3151,12830,12369909,11436560,3649,3624,436
1786400124075,5032448,1377888,1561600,1181632,8235984,0,2303176,0,2299962,0,9057935,0,8807932,4461,3151,12830,12369909,11436560,3649,3624,436
1786400124586,5032448,1377888,1561600,1181632,8235984,0,2303176,0,2299962,0,9057935,0,8807932,4461,3151,12830,12369909,11436560,3649,3624,436
1786400125089,5032448,1377888,1561600,1181632,8235984,0,2303176,0,2299962,0,9057935,0,8807932,4461,3151,12830,12369909,11436560,3649,3624,436
1786400125592,5032448,1377888,1561600,1181632,8235984,0,2303176,0,2299962,0,9057935,0,8807932,4461,3151,12830,12369909,11436560,3649,3624,436
1786400126102,5032448,1377888,1561600,1181632,8235984,0,2303176,0,2299962,0,9057935,0,8807932,4461,3151,12830,12369909,11436560,3649,3624,436
1786400126607,5032448,1377888,1561600,1181632,8235984,0,2303176,0,2299962,0,9057935,0,8807932,4461,3151,12830,12369909,11436560,3649,3624,436
1786400127107,5032448,1377888,1561600,1181632,8235984,0,2303176,0,2299962,0,9057935,0,8807932,4461,3151,12830,12369909,11436560,3649,3624,436
1786400127611,5032448,1378288,1562000,1181632,8235984,0,2303176,0,2299962,0,9057935,0,8807932,4461,3151,12830,12369909,11436560,3649,3624,436
1786400128113,5032448,1378816,1562528,1181632,8235984,0,2303176,0,2299962,0,9057935,0,8807932,4461,3151,12830,12369909,11436560,3649,3624,436
1786400128622,4770304,1180304,1364400,1181632,8235984,0,2303176,0,2299962,0,9057935,0,8807932,4461,3151,12830,12369909,11436560,3649,3624,436
1786400129126,4770304,1178528,1362624,1181632,8235984,0,2303176,0,2299962,0,9057935,0,8807932,4461,3151,12830,12369909,11436560,3649,3624,436
1786400129634,4770304,1176976,1361072,1181632,8235984,0,2303176,0,2299962,0,9057935,0,8807932,4461,3151,12830,12369909,11436560,3649,3624,436
1786400130139,4770304,1176976,1361072,1181632,8235984,0,2303176,0,2299962,0,9057935,0,8807932,4461,3151,12830,12369909,11436560,3649,3624,436
1786400130649,4508160,916336,1100432,1181648,8235984,0,2303176,0,2299962,0,9057935,0,8807932,4461,3151,12830,12369909,11436560,3649,3624,436
1786400131151,4508160,916336,1100432,1181648,8235984,0,2303176,0,2299962,0,9057935,0,8807932,4461,3151,12830,12369909,11436560,3649,3624,436
1786400131661,4508160,916336,1100432,1181648,8235984,0,2303176,0,2299962,0,9057935,0,8807932,4461,3151,12830,12369909,11436560,3649,3624,436
1786400132168,4508160,916336,1100432,1181648,8235984,0,2303176,0,2299962,0,9057935,0,8807932,4461,3151,12830,12369909,11436560,3649,3624,436
1786400132681,4246016,655456,839552,1181648,8235984,0,2303176,0,2299962,0,9057935,0,8807932,4461,3151,12830,12369909,11436560,3649,3624,436
1786400133189,4246016,655456,839552,1181648,8235984,0,2303176,0,2299962,0,9057935,0,8807932,4461,3151,12830,12369909,11436560,3649,3624,436
1786400133692,4246016,655216,839312,1181648,8235984,0,2303176,0,2299962,0,9057935,0,8807932,4461,3151,12830,12369909,11436560,3649,3624,436
1786400134193,4246016,655216,839312,1181648,8235984,0,2303176,0,2299962,0,9057935,0,8807932,4461,3151,12830,12369909,11436560,3649,3624,436
1786400134695,3983872,549504,599296,1047056,8235152,0,2305412,0,2302198,0,9109274,0,8859182,4462,3151,12878,12433717,11448727,3649,3624,437
1786400135209,3983872,637648,605888,964880,8235120,0,2305646,0,2302432,163,9335998,163,9085465,4462,3151,12881,12537647,11472651,3649,3624,438
1786400135712,3983872,639024,606176,964736,8235120,0,2305646,0,2302432,163,9335998,163,9085465,4462,3151,12881,12537686,11472673,3649,3624,438
1786400136214,3983872,517664,600256,1079920,8235120,0,2305694,0,2302480,163,9350490,163,9099933,4463,3151,12881,12546798,11481783,3649,3624,439
1786400136725,3910880,622944,528080,902480,8235120,0,2307462,0,2304248,163,9357504,163,9106937,4463,3151,12881,12558655,11493640,3649,3624,439
1786400137236,3910880,622944,528080,902480,8235120,0,2307462,0,2304248,224,9357504,224,9106937,4463,3151,12881,12558655,11493640,3649,3624,439
1786400137748,3910880,556896,525888,965744,8235120,0,2308201,0,2304987,224,9376757,224,9126102,4463,3151,12881,12570571,11505553,3649,3624,439
1786400138255,3910880,557184,525424,965648,8235120,0,2308201,0,2304987,224,9376757,224,9126102,4463,3151,12881,12570571,11505553,3649,3624,439
1786400138767,3910880,606864,530032,920816,8235120,0,2311041,0,2307827,224,9383338,224,9132665,4463,3151,12881,12587089,11522071,3649,3624,440
1786400139268,3910880,606384,529584,920848,8235120,0,2311041,0,2307827,200,9383338,200,9132665,4463,3151,12881,12587089,11522071,3649,3624,440
1786400139771,3910880,599216,528544,927568,8235120,0,2311041,0,2307827,200,9383409,200,9132735,4463,3151,12881,12587089,11522071,3649,3624,440
1786400140273,3910880,609792,528032,915680,8235120,0,2311688,0,2308475,200,9393668,200,9142994,4463,3151,12881,12603159,11538141,3649,3624,441
1786400140776,3910880,610464,528032,914928,8235120,0,2311688,0,2308475,200,9393668,200,9142994,4463,3151,12881,12603159,11538141,3649,3624,441
1786400141288,3910880,545184,529760,981664,8235120,0,2312834,0,2309621,165,9400870,165,9150189,4463,3151,12881,12613913,11548895,3649,3624,441
1786400141799,3910880,545184,529760,981664,8235120,0,2312834,0,2309621,165,9400870,165,9150189,4463,3151,12881,12613913,11548895,3649,3624,441
1786400142310,3910880,573488,531664,955648,8235120,0,2314298,0,2311085,165,9406717,165,9155808,4466,3151,12881,12630041,11565023,3649,3624,441
1786400142818,3910880,573488,531664,955648,8235120,0,2314298,0,2311085,165,9406717,165,9155808,4466,3151,12881,12630041,11565023,3649,3624,441
1786400143320,3910880,573488,531664,955648,8235120,0,2314298,0,2311085,135,9406717,135,9155808,4466,3151,12881,12630041,11565023,3649,3624,441
1786400143831,3910880,594080,533184,936128,8235120,0,2314629,0,2311415,135,9417590,135,9166674,4466,3151,12881,12646183,11581165,3649,3624,442
1786400144338,3910880,595152,534592,936464,8235120,0,2314629,0,2311415,135,9417590,135,9166674,4466,3151,12881,12646183,11581165,3649,3624,442
1786400144841,3910880,606720,520016,911024,8235120,0,2315294,0,2312081,135,9422543,135,9171591,4466,3151,12881,12662247,11597229,3649,3624,442
1786400145345,3910880,606720,520016,911024,8235120,0,2315294,0,2312081,110,9422543,110,9171591,4466,3151,12881,12662247,11597229,3649,3624,442
1786400145847,3910880,489776,520992,1028960,8235120,0,2315426,0,2312213,110,9430124,110,9179171,4466,3151,12881,12670311,11605293,3649,3624,443
1786400146349,3910880,533040,520864,985568,8235120,0,2316532,0,2313318,110,9430124,110,9179171,4466,3151,12881,12672999,11607981,3649,3624,443
1786400146862,3910880,533040,520864,985568,8235120,0,2316532,0,2313318,110,9430124,110,9179171,4466,3151,12881,12672999,11607981,3649,3624,443
1786400147373,3910880,569040,523200,951424,8235120,0,2316946,0,2313733,90,9438948,90,9187990,4466,3151,12881,12689127,11624109,3649,3624,443
1786400147885,3910880,569040,523200,951424,8235120,0,2316946,0,2313733,90,9438948,90,9187990,4466,3151,12881,12689127,11624109,3649,3624,443
1786400148397,3910880,609600,525632,913328,8235120,0,2321064,0,2317851,90,9446082,90,9195124,4466,3151,12881,12713255,11648237,3649,3624,444
1786400148901,3910880,609600,525632,913328,8235120,0,2321064,0,2317851,74,9446082,74,9195124,4466,3151,12881,12713255,11648237,3649,3624,444
1786400149402,3910880,492224,533840,1039072,8235120,0,2324251,0,2321038,74,9453081,74,9202058,4466,3151,12881,12729447,11664429,3649,3624,445
1786400149913,3910880,572832,527776,952416,8235120,0,2324806,0,2321593,74,9455140,74,9204020,4466,3151,12881,12740199,11675181,3649,3624,445
1786400150418,3910880,573424,528816,952864,8235120,0,2324806,0,2321593,74,9455140,74,9204020,4466,3151,12881,12740199,11675181,3649,3624,445
1786400150926,3910880,536544,530736,991200,8235120,0,2329428,0,2326214,60,9464201,60,9213081,4466,3151,12881,12767207,11702189,3649,3624,446
1786400151428,3910880,536512,530896,991392,8235120,0,2329428,0,2326214,60,9464201,60,9213081,4466,3151,12881,12767207,11702189,3649,3624,446
1786400151938,3910880,588304,537264,946448,8235120,0,2334342,0,2331129,60,9469882,60,9218551,4466,3151,12881,12799463,11734445,3649,3624,447
1786400152445,3910880,588672,537408,946224,8235120,0,2334342,0,2331129,60,9469882,60,9218551,4466,3151,12881,12799463,11734445,3649,3624,447
1786400152947,3910880,588672,537408,946224,8235120,0,2334342,0,2331129,49,9469882,49,9218551,4466,3151,12881,12799463,11734445,3649,3624,447
1786400153449,3910880,541856,531056,986480,8235120,0,2335345,0,2332132,49,9482579,49,9231171,4466,3151,12881,12826343,11761313,3649,3624,448
1786400153958,3910880,541856,531056,986480,8235120,0,2335345,0,2332132,49,9482579,49,9231171,4466,3151,12881,12826343,11761313,3649,3624,448
1786400154466,3910880,595840,538736,940384,8235120,0,2337881,0,2334668,49,9493016,49,9241541,4466,3151,12881,12858663,11793633,3649,3624,449
1786400154973,3910880,595840,538736,940384,8235120,0,2337881,0,2334668,57,9493016,57,9241541,4466,3151,12881,12858663,11793633,3649,3624,449
1786400155475,3910880,517968,540416,1019936,8235120,0,2339446,0,2336232,57,9501752,57,9250244,4466,3151,12881,12883047,11818017,3649,3624,450
1786400155975,3910880,561136,541040,976928,8235120,0,2340135,0,2336922,57,9501752,57,9250244,4466,3151,12881,12885735,11820705,3649,3624,450
1786400156478,3904736,553456,533392,976928,8235120,0,2340135,0,2336922,57,9501752,57,9250244,4466,3151,12881,12885735,11820705,3649,3624,450
1786400156980,3894128,571840,505200,931312,8235120,0,2342623,0,2339409,48,9510913,48,9259336,4466,3151,12881,12917991,11852961,3649,3624,451
1786400157483,3905136,571408,505472,931568,8235120,0,2342623,0,2339409,48,9510913,48,9259336,4466,3151,12881,12917991,11852961,3649,3624,451
1786400157988,3912912,533344,508416,972528,8235120,0,2346667,0,2343453,48,9519361,48,9267774,4466,3151,12881,12944871,11879841,3649,3624,452
1786400158488,3912912,533488,508112,972080,8235120,0,2346667,0,2343453,48,9519361,48,9267774,4466,3151,12881,12944871,11879841,3649,3624,452
1786400158990,3912912,533488,508112,972080,8235120,0,2346667,0,2343453,39,9519361,39,9267774,4466,3151,12881,12944871,11879841,3649,3624,452
1786400159497,3912912,580608,509904,926496,8235120,0,2348536,0,2345322,39,9535669,39,9284073,4466,3151,12881,12977127,11912097,3649,3624,453
1786400160008,3912912,580608,509904,926496,8235120,0,2348536,0,2345322,39,9535669,39,9284073,4466,3151,12881,12977127,11912097,3649,3624,453
1786400160521,3912912,563840,532832,966080,8235136,0,2350220,0,2347007,39,9541999,39,9290339,4467,3152,12881,13004071,11939041,3649,3624,454
1786400161033,3912912,563840,532832,966080,8235136,0,2350220,0,2347007,50,9541999,50,9290339,4467,3152,12881,13004071,11939041,3649,3624,454
1786400161535,3912912,482304,533904,1049072,8235136,0,2353924,0,2350710,50,9552675,50,9301014,4467,3152,12881,13028327,11963297,3649,3624,455
1786400162042,3912912,611184,534784,921072,8235136,0,2357285,0,2354071,50,9552675,50,9301014,4467,3152,12881,13036327,11971297,3649,3624,455
1786400162549,3912912,611456,534704,920720,8235136,0,2357285,0,2354071,50,9552675,50,9301014,4467,3152,12881,13036327,11971297,3649,3624,455
1786400163060,3912912,564896,528800,961376,8235136,0,2360903,0,2357690,41,9558956,41,9307187,4467,3152,12881,13063207,11998177,3649,3624,456
1786400163570,3912912,564896,528800,961376,8235136,0,2360903,0,2357690,41,9558956,41,9307187,4467,3152,12881,13063207,11998177,3649,3624,456
1786400164083,3912912,611264,531328,917648,8235136,0,2366423,0,2363209,41,9562888,41,9311050,4467,3152,12881,13095399,12030369,3649,3624,457
1786400164585,3912912,611696,530992,916880,8235136,0,2366423,0,2363209,41,9562888,41,9311050,4467,3152,12881,13095399,12030369,3649,3624,457
1786400165086,3912912,546928,528080,978432,8235136,0,2366662,0,2363449,33,9570428,33,9318523,4467,3152,12881,13111527,12046497,3649,3624,458
1786400165592,3912912,572336,532032,956960,8235136,0,2367022,0,2363808,33,9574531,33,9322572,4467,3152,12881,13122279,12057249,3649,3624,458
1786400166095,3912912,572336,532032,956960,8235136,0,2367022,0,2363808,33,9574531,33,9322572,4467,3152,12881,13122279,12057249,3649,3624,458
1786400166606,3912912,611504,527664,913392,8235136,0,2367760,0,2364546,33,9583466,33,9331390,4467,3152,12881,13154471,12089441,3649,3624,459
1786400167115,3912912,611504,527664,913392,8235136,0,2367760,0,2364546,45,9583466,27,9331390,4467,3152,12881,13154471,12089441,3649,3624,459
1786400167628,3912912,529456,528288,996064,8235136,0,2368405,0,2365191,45,9600081,27,9347934,4467,3152,12881,13178663,12113633,3649,3624,460
1786400168133,3912912,572656,528480,953056,8235136,0,2369630,0,2366417,45,9600081,27,9347934,4467,3152,12881,13181351,12116321,3649,3624,460
1786400168640,3912912,572656,531440,956176,8235136,0,2369911,0,2366677,45,9606631,27,9354463,4473,3152,12881,13181351,12116321,3649,3624,460
1786400169151,3912912,539984,537584,994784,8235136,0,2372148,0,2368914,55,9619486,40,9367313,4473,3152,12881,13208359,12143329,3649,3624,461
1786400169661,3912912,539984,537584,994784,8235136,0,2372148,0,2368914,55,9619486,40,9367313,4473,3152,12881,13208359,12143329,3649,3624,461
1786400170172,3912912,595536,546160,947632,8235136,0,2373637,0,2370402,55,9629979,40,9377805,4473,3152,12881,13240743,12175713,3649,3624,462
1786400170683,3890576,573456,523904,947376,8235136,0,2373637,0,2370402,55,9629979,40,9377805,4473,3152,12881,13240743,12175713,3649,3624,462
1786400171185,3890576,554240,522176,965840,8235136,0,2375747,0,2372512,45,9636435,33,9384248,4473,3152,12881,13264935,12199905,3649,3624,463
1786400171689,3890576,612096,519232,904064,8235136,0,2376759,0,2373524,45,9637272,33,9385085,4473,3152,12881,13272871,12207841,3649,3624,463
1786400172198,3890576,612096,519232,904064,8235136,0,2376759,0,2373524,45,9637272,33,9385085,4473,3152,12881,13272871,12207841,3649,3624,463
1786400172701,3890576,566624,513744,944832,8235136,0,2377352,0,2374117,45,9646257,33,9393993,4473,3152,12881,13299751,12234721,3649,3624,464
1786400173204,3890576,566624,513744,944832,8235136,0,2377352,0,2374117,37,9646257,27,9393993,4473,3152,12881,13299751,12234721,3649,3624,464
1786400173716,3890576,611008,514944,901264,8235136,0,2378534,0,2375298,37,9653822,27,9401553,4473,3152,12881,13331879,12266849,3649,3624,465
1786400174222,3890576,610336,514528,901408,8235136,0,2378534,0,2375298,37,9653822,27,9401553,4473,3152,12881,13331879,12266849,3649,3624,465
1786400174723,3890576,595200,510720,912544,8235136,0,2378534,0,2375298,37,9653945,27,9401676,4473,3152,12881,13331879,12266849,3649,3624,465
1786400175230,3890576,571936,516224,941840,8235136,0,2379707,0,2376467,30,9661888,22,9409603,4473,3152,12881,13358759,12293729,3649,3624,466
1786400175737,3890576,571936,516224,941840,8235136,0,2379707,0,2376467,30,9661888,22,9409603,4473,3152,12881,13358759,12293729,3649,3624,466
1786400176245,3890576,605472,508080,898048,8235136,0,2381679,0,2378439,30,9666550,22,9414195,4473,3152,12881,13390887,12325857,3649,3624,468
1786400176757,3890576,605472,508080,898048,8235136,0,2381679,0,2378439,30,9666550,22,9414195,4473,3152,12881,13390887,12325857,3649,3624,468
1786400177269,3890576,537312,520512,980800,8235136,0,2384702,0,2381463,24,9675614,18,9423040,4473,3152,12881,13415079,12350049,3649,3624,468
1786400177772,3890576,537312,520512,980800,8235136,0,2384702,0,2381463,24,9675614,18,9423040,4473,3152,12881,13415079,12350049,3649,3624,468
1786400178279,3890576,537072,521008,981536,8235136,0,2384702,0,2381463,24,9675614,18,9423040,4473,3152,12881,13415079,12350049,3649,3624,468
1786400178790,3890576,584080,521488,934768,8235136,0,2386845,0,2383605,24,9683849,18,9431235,4473,3152,12881,13447335,12382305,3649,3624,469
1786400179297,3890576,584688,522528,935504,8235136,0,2386845,0,2383605,20,9683849,14,9431235,4473,3152,12881,13447335,12382305,3649,3624,469
1786400179810,3890576,537616,516528,976240,8235136,0,2388650,0,2385410,20,9693474,14,9440854,4473,3152,12881,13474215,12409185,3649,3624,470
1786400180318,3890576,538368,516896,975856,8235136,0,2388650,0,2385410,20,9693474,14,9440854,4473,3152,12881,13474215,12409185,3649,3624,470
1786400180820,3890576,469520,521104,1048032,8235136,0,2390254,0,2387014,20,9699044,14,9446286,4473,3152,12881,13499175,12434145,3649,3624,471
1786400181330,3890576,590304,523456,930192,8235136,0,2391679,0,2388439,16,9699158,12,9446401,4473,3152,12881,13506471,12441441,3649,3624,471
1786400181833,3890576,590304,523568,930192,8235136,0,2391679,0,2388439,16,9699158,12,9446401,4473,3152,12881,13506471,12441441,3649,3624,471
1786400182344,3890576,544528,517888,970576,8235136,0,2392306,0,2389067,16,9704397,12,9451490,4473,3152,12881,13533351,12468321,3649,3624,472
1786400182855,3890576,544944,518384,970848,8235136,0,2392306,0,2389067,16,9704397,12,9451490,4473,3152,12881,13533351,12468321,3649,3624,472
1786400183366,3890576,592816,521568,926224,8235136,0,2397610,0,2394369,13,9709186,9,9456201,4473,3152,12881,13565543,12500513,3649,3624,473
1786400183870,3890576,592816,521568,926224,8235136,0,2397610,0,2394369,13,9709186,9,9456201,4473,3152,12881,13565543,12500513,3649,3624,473
1786400184375,3890576,591376,520384,926288,8235136,0,2397610,0,2394369,13,9709186,9,9456201,4473,3152,12881,13565543,12500513,3649,3624,473
1786400184885,3890576,545696,514816,966528,8235136,0,2398808,0,2395568,13,9725533,9,9472494,4473,3152,12881,13592423,12527393,3649,3624,474
1786400185394,3890576,545696,514816,966528,8235136,0,2398808,0,2395568,28,9725533,26,9472494,4473,3152,12881,13592423,12527393,3649,3624,474
1786400185906,3890576,598064,523664,922608,8235136,0,2403391,0,2400150,28,9732692,26,9479548,4473,3152,12881,13624615,12559585,3649,3624,475
1786400186410,3890576,598064,523664,922608,8235136,0,2403391,0,2400150,28,9732692,26,9479548,4473,3152,12881,13624615,12559585,3649,3624,475
1786400186912,3890576,508176,517248,1006032,8235136,0,2403745,0,2400505,23,9741622,21,9488369,4473,3152,12881,13648807,12583777,3649,3624,476
1786400187423,3890576,551936,517456,962480,8235136,0,2404372,0,2401131,23,9741622,21,9488369,4473,3152,12881,13651495,12586465,3649,3624,476
1786400187926,3890576,551936,517456,962480,8235136,0,2404372,0,2401131,23,9741622,21,9488369,4473,3152,12881,13651495,12586465,3649,3624,476
1786400188429,3890576,592960,513648,918144,8235136,0,2405703,0,2402462,23,9747541,21,9494203,4473,3152,12881,13683687,12618657,3649,3624,477
1786400188931,3890576,592960,513648,918144,8235136,0,2405703,0,2402462,19,9747541,17,9494203,4473,3152,12881,13683687,12618657,3649,3624,477
1786400189433,3890576,514048,514640,999696,8235136,0,2408325,0,2405085,19,9756131,17,9502705,4473,3152,12881,13708391,12643361,3649,3624,478
1786400189937,3890576,554896,516400,959040,8235136,0,2409248,0,2406007,19,9756131,17,9502705,4473,3152,12881,13710567,12645537,3649,3624,478
1786400190438,3890576,555200,516256,958592,8235136,0,2409248,0,2406007,19,9756131,17,9502705,4473,3152,12881,13710567,12645537,3649,3624,478
1786400190949,3890576,594368,511648,914624,8235136,0,2411151,0,2407911,16,9764866,14,9511259,4473,3152,12881,13742759,12677729,3649,3624,479
1786400191461,3890576,594800,511312,913856,8235136,0,2411151,0,2407911,16,9764866,14,9511259,4473,3152,12881,13742759,12677729,3649,3624,479
1786400191968,3890576,557024,513808,953728,8235136,0,2412120,0,2408879,16,9772330,14,9518707,4473,3152,12881,13769639,12704609,3649,3624,480
1786400192473,3890576,557024,513808,953728,8235136,0,2412120,0,2408879,16,9772330,14,9518707,4473,3152,12881,13769639,12704609,3649,3624,480
1786400192977,3890576,480976,521856,1038288,8235136,0,2412994,0,2409754,13,9780179,11,9526316,4473,3152,12881,13793831,12728801,3649,3624,481
1786400193481,3890576,609552,521856,909712,8235136,0,2415494,0,2412253,13,9780179,11,9526316,4473,3152,12881,13801831,12736801,3649,3624,481
1786400193987,3890576,609552,521856,909712,8235136,0,2415494,0,2412253,13,9780179,11,9526316,4473,3152,12881,13801831,12736801,3649,3624,481
1786400194488,3890576,564288,517248,950352,8235136,0,2418213,0,2414972,13,9787186,11,9533054,4473,3152,12881,13828711,12763681,3649,3624,482
1786400194992,3890576,564624,517136,949904,8235136,0,2418213,0,2414972,10,9787186,9,9533054,4473,3152,12881,13828711,12763681,3649,3624,482
1786400195495,3890576,607808,517040,906416,8235136,0,2422876,0,2419635,10,9792271,9,9537953,4473,3152,12881,13860839,12795809,3649,3624,483
1786400196001,3890576,607808,517040,906416,8235136,0,2422876,0,2419635,10,9792271,9,9537953,4473,3152,12881,13860839,12795809,3649,3624,483
1786400196502,3890576,513472,514448,998048,8235136,0,2425627,0,2422386,10,9796641,9,9542169,4473,3152,12881,13876967,12811937,3649,3624,484
1786400197006,3890576,567376,517440,947072,8235136,0,2426191,0,2422950,8,9799681,7,9545143,4473,3152,12881,13887719,12822689,3649,3624,484
1786400197516,3890576,567920,517872,946960,8235136,0,2426191,0,2422950,8,9799681,7,9545143,4473,3152,12881,13887719,12822689,3649,3624,484
1786400198027,3890576,612080,518736,903616,8235136,0,2431753,0,2428509,8,9808551,7,9553919,4473,3152,12881,13919847,12854817,3649,3624,485
1786400198531,3890576,612080,518736,903616,8235136,0,2431753,0,2428509,8,9808551,7,9553919,4473,3152,12881,13919847,12854817,3649,3624,485
1786400199038,3890576,515776,506512,987776,8235136,0,2432215,0,2428972,25,9825811,24,9571113,4473,3152,12881,13944039,12879009,3649,3624,486
1786400199546,3890576,559232,506464,944272,8235136,0,2432803,0,2429560,25,9825811,24,9571113,4473,3152,12881,13946727,12881697,3649,3624,486
1786400200048,3908400,559232,506400,944272,8235136,0,2432803,0,2429560,25,9825811,24,9571113,4473,3152,12881,13946727,12881697,3649,3624,486
1786400200556,3908400,541952,529648,984832,8235136,0,2433820,0,2430577,25,9834417,24,9579607,4473,3152,12881,13973607,12908577,3649,3624,487
1786400201068,3908400,541952,529648,984832,8235136,0,2433820,0,2430577,20,9834417,20,9579607,4473,3152,12881,13973607,12908577,3649,3624,487
1786400201570,3908400,599936,541120,938320,8235136,0,2435468,0,2432224,20,9844993,20,9590023,4473,3152,12881,14005927,12940897,3649,3624,488
1786400202072,3891568,584816,526192,938320,8235136,0,2435468,0,2432224,20,9844993,20,9590023,4473,3152,12881,14005927,12940897,3649,3624,488
1786400202576,3891568,486576,510768,1021504,8235136,0,2436646,0,2433402,20,9850033,20,9594976,4473,3152,12881,14030119,12965089,3649,3624,489
1786400203083,3891568,612800,514448,896064,8235136,0,2439687,0,2436443,16,9850033,16,9594976,4473,3152,12881,14037991,12972961,3649,3624,489
1786400203593,3891568,613184,514512,895440,8235136,0,2439687,0,2436443,16,9850033,16,9594976,4473,3152,12881,14037991,12972961,3649,3624,489
1786400204104,3891568,574144,512544,935808,8235136,0,2441284,0,2438040,16,9857418,16,9602237,4473,3152,12881,14064871,12999841,3649,3624,490
1786400204608,3891568,574144,512544,935808,8235136,0,2441284,0,2438040,16,9857418,16,9602237,4473,3152,12881,14064871,12999841,3649,3624,490
1786400205113,3891568,536832,515072,976064,8235136,0,2444483,0,2441240,13,9866266,13,9610810,4473,3152,12881,14091751,13026721,3649,3624,491
1786400205616,3891568,536832,515072,976064,8235136,0,2444483,0,2441240,13,9866266,13,9610810,4473,3152,12881,14091751,13026721,3649,3624,491
1786400206118,3891568,487008,510688,1021072,8235136,0,2444631,0,2441388,13,9872185,13,9616659,4473,3152,12881,14107879,13042849,3649,3624,492
1786400206622,3891568,577024,510160,930208,8235136,0,2445258,0,2442015,13,9877380,13,9621782,4473,3152,12881,14124007,13058977,3649,3624,492
1786400207125,3891568,577024,510160,930208,8235136,0,2445258,0,2442015,11,9877380,10,9621782,4473,3152,12881,14124007,13058977,3649,3624,492
1786400207636,3891568,531664,507376,972656,8235136,0,2446865,0,2443622,11,9892245,10,9636608,4473,3152,12881,14150823,13085793,3649,3624,493
1786400208145,3908480,531664,507312,972656,8235136,0,2446865,0,2443622,11,9892245,10,9636608,4473,3152,12881,14150823,13085793,3649,3624,493
1786400208657,3908480,579504,510976,928576,8235136,0,2449079,0,2445836,11,9900064,10,9644412,4473,3152,12881,14182951,13117921,3649,3624,494
1786400209167,3908480,579504,510976,928576,8235136,0,2449079,0,2445836,27,9900064,27,9644412,4473,3152,12881,14182951,13117921,3649,3624,494
1786400209669,3908480,579504,510976,928576,8235136,0,2449079,0,2445836,27,9900064,27,9644412,4473,3152,12881,14182951,13117921,3649,3624,494
1786400210172,3908480,544208,515216,968896,8235136,0,2450231,0,2446988,27,9916346,27,9660593,4473,3152,12881,14209831,13144801,3649,3624,495
1786400210675,3908480,544208,515216,968896,8235136,0,2450231,0,2446988,27,9916346,27,9660593,4473,3152,12881,14209831,13144801,3649,3624,495
1786400211185,3908480,597456,523936,924272,8235136,0,2453565,0,2450321,22,9925288,22,9669478,4473,3152,12881,14242023,13176993,3649,3624,496
1786400211687,3908480,598640,525904,924704,8235136,0,2453565,0,2450321,22,9925288,22,9669478,4473,3152,12881,14242023,13176993,3649,3624,496
1786400212189,3908480,473216,536896,1061120,8235136,0,2455028,0,2451785,22,9931379,22,9675569,4473,3152,12881,14258151,13193121,3649,3624,497
1786400212693,3908480,569712,537248,964576,8235136,0,2456419,0,2453170,22,9932253,22,9676384,4473,3152,12881,14268967,13203937,3649,3624,497
1786400213205,3908480,569712,537248,964576,8235136,0,2456419,0,2453170,18,9932253,18,9676384,4473,3152,12881,14268967,13203937,3649,3624,497
1786400213717,3908480,608432,529456,918512,8235136,0,2457382,0,2454133,18,9950003,18,9694129,4473,3152,12881,14301223,13236193,3649,3624,498
1786400214227,3908480,608432,529456,918512,8235136,0,2457382,0,2454133,18,9950003,18,9694129,4473,3152,12881,14301223,13236193,3649,3624,498
1786400214739,3908480,562864,523584,958528,8235136,0,2458002,0,2454752,18,9960096,18,9704190,4473,3152,12881,14328103,13263073,3649,3624,499
1786400215245,3908480,562352,523168,958688,8235136,0,2458002,0,2454752,33,9960096,33,9704190,4473,3152,12881,14328103,13263073,3649,3624,499
1786400215747,3908480,485680,528928,1040832,8235136,0,2458002,0,2454752,33,9961271,33,9705365,4473,3152,12881,14328103,13263073,3649,3624,499
1786400216250,3908480,609152,525152,913488,8235136,0,2461994,0,2458742,33,9974132,33,9718226,4473,3152,12881,14360295,13295265,3649,3624,500
1786400216759,3908480,609152,525152,913488,8235136,0,2461994,0,2458742,33,9974132,33,9718226,4473,3152,12881,14360295,13295265,3649,3624,500
1786400217262,3908480,569616,525488,953760,8235136,0,2464074,0,2460823,27,9982483,27,9726247,4473,3152,12881,14387175,13322145,3649,3624,501
1786400217774,3908480,569616,525488,953760,8235136,0,2464074,0,2460823,27,9982483,27,9726247,4473,3152,12881,14387175,13322145,3649,3624,501
1786400218281,3908480,493888,533536,1036880,8235136,0,2464538,0,2461286,27,9987445,27,9731076,4473,3152,12881,14411367,13346337,3649,3624,502
1786400218788,3908480,537008,534320,994544,8235136,0,2465218,0,2461967,27,9987445,27,9731076,4473,3152,12881,14414055,13349025,3649,3624,502
1786400219295,3908480,537088,533728,993872,8235136,0,2465218,0,2461967,22,9987445,22,9731076,4473,3152,12881,14414055,13349025,3649,3624,502
1786400219804,3908480,586272,536624,947616,8235136,0,2466125,0,2462873,22,9998034,22,9741652,4473,3152,12881,14446311,13381281,3649,3624,503
1786400220307,3908480,585920,536592,947936,8235136,0,2466125,0,2462873,22,9998034,22,9741652,4473,3152,12881,14446311,13381281,3649,3624,503
1786400220810,3908480,539632,531200,988672,8235136,0,2466757,0,2463505,22,10006300,22,9749912,4473,3152,12881,14473191,13408161,3649,3624,504
1786400221317,3908480,539632,531200,988672,8235136,0,2466757,0,2463505,18,10006300,18,9749912,4473,3152,12881,14473191,13408161,3649,3624,504
1786400221819,3908480,560448,534112,970288,8235136,0,2467264,0,2464012,18,10008480,18,9752084,4473,3152,12881,14489383,13424353,3649,3624,505
1786400222329,3891616,575088,519632,941792,8235136,0,2467894,0,2464642,18,10015069,18,9758674,4473,3152,12881,14505511,13440481,3649,3624,505
1786400222837,3891616,575088,519936,941792,8235136,0,2467894,0,2464642,18,10015069,18,9758674,4473,3152,12881,14505511,13440481,3649,3624,505
1786400223343,3891616,613008,515792,898320,8235136,0,2469137,0,2465886,14,10028164,14,9771620,4473,3152,12881,14537639,13472609,3649,3624,507
1786400223854,3891616,613008,515792,898320,8235136,0,2469137,0,2465886,14,10028164,14,9771620,4473,3152,12881,14537639,13472609,3649,3624,507
1786400224363,3891616,532000,516816,981888,8235136,0,2472568,0,2469317,14,10035465,14,9778809,4473,3152,12881,14561831,13496801,3649,3624,507
1786400224872,3891616,532000,516816,981888,8235136,0,2472568,0,2469317,14,10035465,14,9778809,4473,3152,12881,14561831,13496801,3649,3624,507
1786400225374,3891616,532000,516816,981888,8235136,0,2472568,0,2469317,30,10035465,12,9778809,4473,3152,12881,14561831,13496801,3649,3624,507
1786400225880,3891616,575120,513680,936416,8235136,0,2473661,0,2470409,30,10049155,12,9792456,4473,3152,12881,14594087,13529057,3649,3624,508
1786400226387,3891616,575120,514112,936400,8235136,0,2473661,0,2470409,30,10049155,12,9792456,4473,3152,12881,14594087,13529057,3649,3624,508
1786400226899,3891616,541568,520784,976592,8235136,0,2478114,0,2474854,30,10056937,12,9800236,4473,3152,12881,14620967,13555937,3649,3624,509
1786400227406,3891616,541568,520784,976592,8235136,0,2478114,0,2474854,42,10056937,28,9800236,4473,3152,12881,14620967,13555937,3649,3624,509
1786400227908,3891616,589248,522464,930864,8235136,0,2478992,0,2475730,42,10065508,28,9808726,4473,3152,12881,14653223,13588193,3649,3624,510
1786400228411,3891616,591232,524800,931232,8235136,0,2478992,0,2475730,42,10065508,28,9808726,4473,3152,12881,14653223,13588193,3649,3624,510
1786400228913,3891616,591232,524800,931232,8235136,0,2478992,0,2475730,42,10065508,28,9808726,4473,3152,12881,14653223,13588193,3649,3624,510
1786400229421,3891616,544912,518896,971072,8235136,0,2479599,0,2476337,35,10076931,22,9820084,4473,3152,12881,14680103,13615073,3649,3624,511
1786400229925,3891616,544912,518896,971072,8235136,0,2479599,0,2476337,35,10076931,22,9820084,4473,3152,12881,14680103,13615073,3649,3624,511
1786400230433,3891616,595424,524688,926656,8235136,0,2481246,0,2477984,35,10086263,22,9829416,4473,3152,12881,14712295,13647265,3649,3624,512
1786400230941,3891616,595424,524688,926656,8235136,0,2481246,0,2477984,46,10086263,36,9829416,4473,3152,12881,14712295,13647265,3649,3624,512
1786400231443,3891616,588848,524384,932144,8235136,0,2481246,0,2477984,46,10086335,36,9829487,4473,3152,12881,14712295,13647265,3649,3624,512
1786400231949,3891616,548048,519168,968384,8235136,0,2482738,0,2479476,46,10100736,36,9843825,4473,3152,12881,14739175,13674145,3649,3624,513
1786400232461,3891616,548768,518816,967312,8235136,0,2482738,0,2479476,46,10100736,36,9843825,4473,3152,12881,14739175,13674145,3649,3624,513
1786400232972,3891616,595776,521712,922880,8235136,0,2483474,0,2480211,38,10106004,30,9849031,4473,3152,12881,14771367,13706337,3649,3624,514
1786400233478,3891616,595776,521712,922880,8235136,0,2483474,0,2480211,38,10106004,30,9849031,4473,3152,12881,14771367,13706337,3649,3624,514
1786400233984,3891616,504800,514704,1007296,8235136,0,2484248,0,2480985,38,10119666,30,9862635,4473,3152,12881,14795495,13730465,3649,3624,515
1786400234487,3891616,548736,515376,964032,8235136,0,2484955,0,2481693,38,10119666,30,9862635,4473,3152,12881,14798183,13733153,3649,3624,515
1786400234990,3891616,548736,515376,964032,8235136,0,2484955,0,2481693,31,10119666,24,9862635,4473,3152,12881,14798183,13733153,3649,3624,515
1786400235494,3891616,595648,518176,919904,8235136,0,2486552,0,2483290,31,10133936,24,9876905,4473,3152,12881,14830375,13765345,3649,3624,516
1786400236004,3891616,595648,518176,919904,8235136,0,2486552,0,2483290,31,10133936,24,9876905,4473,3152,12881,14830375,13765345,3649,3624,516
1786400236514,3891616,557504,520512,960352,8235136,0,2487529,0,2484267,31,10142721,24,9885674,4473,3152,12881,14857255,13792225,3649,3624,517
1786400237025,3891616,557504,520512,960352,8235136,0,2487529,0,2484267,43,10142721,38,9885674,4473,3152,12881,14857255,13792225,3649,3624,517
1786400237528,3891616,466528,513728,1044512,8235136,0,2488382,0,2485120,43,10154914,38,9897866,4473,3152,12881,14881447,13816417,3649,3624,518
1786400238038,3891616,595888,515296,916720,8235136,0,2491772,0,2488506,43,10154914,38,9897866,4473,3152,12881,14889447,13824417,3649,3624,518
1786400238544,3891616,596144,514848,916016,8235136,0,2491772,0,2488506,43,10154914,38,9897866,4473,3152,12881,14889447,13824417,3649,3624,518
1786400239056,3891616,558608,517712,956672,8235136,0,2492905,0,2489639,35,10160803,31,9903692,4473,3152,12881,14916327,13851297,3649,3624,519
1786400239562,3891616,558608,517712,956672,8235136,0,2492905,0,2489639,35,10160803,31,9903692,4473,3152,12881,14916327,13851297,3649,3624,519
1786400240074,3891616,598704,513648,912288,8235136,0,2494488,0,2491221,35,10168362,31,9911225,4473,3152,12881,14948519,13883489,3649,3624,520
1786400240580,3891616,599392,513760,911712,8235136,0,2494488,0,2491221,35,10168362,31,9911225,4473,3152,12881,14948519,13883489,3649,3624,520
1786400241081,3891616,551872,514256,959440,8235136,0,2494790,0,2491524,28,10170587,25,9913450,4473,3152,12881,14956583,13891553,3649,3624,521
1786400241592,3891616,560992,515952,952368,8235136,0,2495615,0,2492348,28,10178843,25,9921692,4473,3152,12881,14975399,13910369,3649,3624,521
1786400242097,3891616,560992,515952,952368,8235136,0,2495615,0,2492348,28,10178843,25,9921692,4473,3152,12881,14975399,13910369,3649,3624,521
1786400242604,3891616,603632,514816,908592,8235136,0,2498250,0,2494983,28,10184346,25,9927149,4473,3152,12881,15007527,13942497,3649,3624,522
1786400243108,3891616,603632,515280,908592,8235136,0,2498250,0,2494983,24,10184346,20,9927149,4473,3152,12881,15007527,13942497,3649,3624,522
1786400243611,3891616,524864,519360,991536,8235136,0,2501915,0,2498649,24,10192556,20,9935103,4473,3152,12881,15031719,13966689,3649,3624,523
1786400244115,3891616,568064,519552,948528,8235136,0,2502249,0,2498982,24,10192556,20,9935103,4473,3152,12881,15034407,13969377,3649,3624,523
1786400244616,3891616,567680,519680,949248,8235136,0,2502249,0,2498982,24,10192556,20,9935103,4473,3152,12881,15034407,13969377,3649,3624,523
1786400245118,3891616,612720,521568,906368,8235136,0,2503584,0,2500318,19,10202725,17,9945269,4473,3152,12881,15066535,14001505,3649,3624,524
1786400245625,3891616,613280,521600,905840,8235136,0,2503584,0,2500318,19,10202725,17,9945269,4473,3152,12881,15066535,14001505,3649,3624,524
1786400246136,3891616,568688,516992,946128,8235136,0,2507245,0,2503978,19,10207076,17,9949474,4473,3152,12881,15093415,14028385,3649,3624,525
1786400246645,3891616,568688,516992,946128,8235136,0,2507245,0,2503978,19,10207076,17,9949474,4473,3152,12881,15093415,14028385,3649,3624,525
1786400247147,3891616,492032,520160,1025520,8235136,0,2507479,0,2504212,16,10215041,14,9957378,4473,3152,12881,15103847,14038753,3649,3624,526
1786400247647,3891616,614528,519248,902144,8235136,0,2508686,0,2505420,16,10220942,14,9963145,4473,3152,12881,15125543,14060513,3649,3624,526
1786400248595,3891616,614528,519248,902160,8235136,0,2508686,0,2505420,16,10220942,14,9963145,4473,3152,12881,15125543,14060513,3649,3624,526
1786400249105,3891616,533776,522064,985664,8235136,0,2509991,0,2506724,31,10231359,28,9973554,4473,3152,12881,15149735,14084705,3649,3624,527
1786400249608,3891616,533776,522064,985664,8235136,0,2509991,0,2506724,31,10231359,28,9973554,4473,3152,12881,15149735,14084705,3649,3624,527
1786400250110,3891616,573760,516272,940256,8235136,0,2513029,0,2509762,31,10243415,28,9985610,4473,3152,12881,15181991,14116961,3649,3624,529
1786400250615,3891616,573856,516736,940144,8235136,0,2513029,0,2509762,31,10243415,28,9985610,4473,3152,12881,15181991,14116961,3649,3624,529
1786400251125,3891616,536176,519920,980800,8235136,0,2515325,0,2512059,43,10254084,42,9996278,4473,3152,12881,15208871,14143841,3649,3624,529
1786400251629,3891616,536176,519920,980800,8235136,0,2515325,0,2512059,43,10254084,42,9996278,4473,3152,12881,15208871,14143841,3649,3624,529
1786400252130,3891616,577696,515904,935344,8235136,0,2517950,0,2514683,43,10259601,42,10001756,4473,3152,12881,15241127,14176097,3649,3624,531
1786400252637,3891616,577696,515904,935344,8235136,0,2517950,0,2514683,43,10259601,42,10001756,4473,3152,12881,15241127,14176097,3649,3624,531
1786400253139,3891616,577696,515904,935344,8235136,0,2517950,0,2514683,35,10259601,34,10001756,4473,3152,12881,15241127,14176097,3649,3624,531
1786400253649,3891616,613184,513424,893184,8235136,0,2519943,0,2516676,35,10266504,34,10008544,4473,3152,12881,15273191,14208161,3649,3624,532
1786400254154,3891616,613184,513424,893184,8235136,0,2519943,0,2516676,35,10266504,34,10008544,4473,3152,12881,15273191,14208161,3649,3624,532
1786400254665,3986848,552880,531072,975904,8235136,0,2521819,0,2518468,35,10272373,34,10014134,4473,3152,12881,15297383,14232353,3649,3624,533
1786400255175,4948400,1497520,1475408,975904,8235136,0,2521819,0,2518468,28,10272373,28,10014134,4473,3152,12881,15297383,14232353,3649,3624,533
1786400255686,5049168,1412224,1570080,1156288,8235136,0,2521819,0,2518468,28,10273742,28,10015499,4473,3152,12881,15297383,14232353,3649,3624,533
1786400256187,5049168,1412224,1570080,1156288,8235136,0,2521819,0,2518468,28,10273742,28,10015499,4473,3152,12881,15297383,14232353,3649,3624,533
1786400256699,5049168,1412752,1570608,1156384,8235136,0,2521819,0,2518468,28,10273742,28,10015499,4473,3152,12881,15297383,14232353,3649,3624,533
1786400257201,5049168,1412752,1571104,1156384,8235136,0,2521819,0,2518468,23,10273742,23,10015499,4473,3152,12881,15297383,14232353,3649,3624,533
1786400257710,5049168,1412752,1571104,1156384,8235136,0,2521819,0,2518468,23,10273742,23,10015499,4473,3152,12881,15297383,14232353,3649,3624,533
1786400258214,5049168,1412752,1571104,1156512,8235136,0,2521819,0,2518468,23,10273776,23,10015532,4476,3152,12881,15297383,14232353,3649,3624,533
1786400258723,5049168,1412752,1571104,1156512,8235168,0,2521819,0,2518468,23,10273776,23,10015532,4478,3154,12881,15297383,14232353,3649,3624,533
1786400259233,5049168,1412512,1570992,1156512,8235168,0,2521819,0,2518468,19,10273776,18,10015532,4478,3154,12881,15297383,14232353,3649,3624,533
1786400259734,5049168,1412512,1570992,1156832,8235168,0,2521819,0,2518468,19,10273776,18,10015532,4478,3154,12881,15297383,14232353,3649,3624,533
1786400260238,5049168,1412512,1570992,1156832,8235168,0,2521819,0,2518468,19,10273776,18,10015532,4478,3154,12881,15297383,14232353,3649,3624,533
1786400260739,5049168,1412512,1571312,1156832,8235168,0,2521819,0,2518468,19,10273776,18,10015532,4478,3154,12881,15297383,14232353,3649,3624,533
1786400261242,5049168,1412512,1571312,1156832,8235168,0,2521819,0,2518468,16,10273776,15,10015532,4478,3154,12881,15297383,14232353,3649,3624,533
1786400261745,5049168,1412512,1571312,1156832,8235168,0,2521819,0,2518468,16,10273776,15,10015532,4478,3154,12881,15297383,14232353,3649,3624,533
1786400262254,5049168,1412512,1571312,1156832,8235168,0,2521819,0,2518468,16,10273776,15,10015532,4478,3154,12881,15297383,14232353,3649,3624,533
1786400262758,5049168,1412512,1571312,1156832,8235168,0,2521819,0,2518468,16,10273776,15,10015532,4478,3154,12881,15297383,14232353,3649,3624,533
1786400263269,5049168,1412512,1571312,1156832,8235168,0,2521819,0,2518468,13,10273776,12,10015532,4478,3154,12881,15297383,14232353,3649,3624,533
1786400263777,5049168,1412512,1571312,1156832,8235168,0,2521819,0,2518468,13,10273776,12,10015532,4478,3154,12881,15297383,14232353,3649,3624,533
1786400264282,5049168,1412512,1571312,1156832,8235168,0,2521819,0,2518468,13,10273776,12,10015532,4478,3154,12881,15297383,14232353,3649,3624,533
1786400264791,5049168,1412512,1571312,1156832,8235168,0,2521819,0,2518468,13,10273776,12,10015532,4478,3154,12881,15297383,14232353,3649,3624,533
1786400265297,5049168,1412512,1571312,1156832,8235168,0,2521819,0,2518468,10,10273776,10,10015532,4478,3154,12881,15297383,14232353,3649,3624,533
1786400265805,5049168,1412272,1571072,1156832,8235168,0,2521819,0,2518468,10,10273776,10,10015532,4478,3154,12881,15297383,14232353,3649,3624,533
1786400266317,5049168,1412272,1571072,1156832,8235168,0,2521819,0,2518468,10,10273776,10,10015532,4478,3154,12881,15297383,14232353,3649,3624,533
1786400266823,5049168,1412272,1571072,1156832,8235168,0,2521819,0,2518468,10,10273776,10,10015532,4478,3154,12881,15297383,14232353,3649,3624,533
1786400267336,5049168,1412272,1571072,1156832,8235168,0,2521819,0,2518468,8,10273776,8,10015532,4478,3154,12881,15297383,14232353,3649,3624,533
1786400267839,5049168,1412272,1571072,1156832,8235168,0,2521819,0,2518468,8,10273776,8,10015532,4478,3154,12881,15297383,14232353,3649,3624,533
1786400268340,5049168,1412032,1570832,1156832,8235168,0,2521819,0,2518468,8,10273776,8,10015532,4478,3154,12881,15297383,14232353,3649,3624,533
1786400268849,5049168,1412032,1570832,1156832,8235168,0,2521819,0,2518468,8,10273776,8,10015532,4478,3154,12881,15297383,14232353,3649,3624,533
1786400269355,5049168,1412032,1570832,1156832,8235168,0,2521819,0,2518468,7,10273776,6,10015532,4478,3154,12881,15297383,14232353,3649,3624,533
1786400269867,5049168,1412032,1570832,1156832,8235168,0,2521819,0,2518468,7,10273776,6,10015532,4478,3154,12881,15297383,14232353,3649,3624,533
1786400270379,5049168,1412032,1570832,1156832,8235168,0,2521819,0,2518468,7,10273776,6,10015532,4478,3154,12881,15297383,14232353,3649,3624,533
1786400270884,5049168,1412032,1570832,1156832,8235168,0,2521819,0,2518468,7,10273776,6,10015532,4478,3154,12881,15297383,14232353,3649,3624,533
1786400271386,5049168,1412032,1570832,1156832,8235168,0,2521819,0,2518468,5,10273776,5,10015532,4478,3154,12881,15297383,14232353,3649,3624,533
1786400271889,5049168,1411792,1570592,1156832,8235168,0,2521819,0,2518468,5,10273776,5,10015532,4478,3154,12881,15297383,14232353,3649,3624,533
1786400272395,5049168,1411792,1570592,1156832,8235168,0,2521819,0,2518468,5,10273776,5,10015532,4478,3154,12881,15297383,14232353,3649,3624,533
1786400272903,5049168,1411792,1570592,1156832,8235168,0,2521819,0,2518468,5,10273776,5,10015532,4478,3154,12881,15297383,14232353,3649,3624,533
1786400273414,5049168,1411792,1570592,1156832,8235168,0,2521819,0,2518468,4,10273776,4,10015532,4478,3154,12881,15297383,14232353,3649,3624,533
1786400273926,5049168,1412160,1570960,1156832,8235168,0,2521819,0,2518468,4,10273776,4,10015532,4478,3154,12881,15297383,14232353,3649,3624,533
1786400274437,5049168,1412384,1571184,1156832,8235168,0,2521819,0,2518468,4,10273776,4,10015532,4478,3154,12881,15297383,14232353,3649,3624,533
1786400274943,5049168,1412144,1570944,1156832,8235168,0,2521819,0,2518468,4,10273776,4,10015532,4478,3154,12881,15297383,14232353,3649,3624,533
1786400275455,5049168,1412144,1570944,1156832,8235168,0,2521819,0,2518468,3,10273776,3,10015532,4478,3154,12881,15297383,14232353,3649,3624,533
1786400275966,5049168,1412144,1570944,1156832,8235168,0,2521819,0,2518468,3,10273776,3,10015532,4478,3154,12881,15297383,14232353,3649,3624,533
1786400276469,5049168,1412800,1571600,1156832,8235168,0,2521819,0,2518468,3,10273776,3,10015532,4478,3154,12881,15297383,14232353,3649,3624,533
1786400276973,5049168,1412560,1571360,1156832,8235168,0,2521819,0,2518468,3,10273776,3,10015532,4478,3154,12881,15297383,14232353,3649,3624,533
1786400277477,5049168,1412560,1571360,1156832,8235168,0,2521819,0,2518468,3,10273776,3,10015532,4478,3154,12881,15297383,14232353,3649,3624,533
1786400277986,5049168,1412560,1571360,1156832,8235168,0,2521819,0,2518468,3,10273776,3,10015532,4478,3154,12881,15297383,14232353,3649,3624,533
1786400278496,5049168,1412560,1571360,1156832,8235168,0,2521819,0,2518468,3,10273776,3,10015532,4478,3154,12881,15297383,14232353,3649,3624,533
1786400279001,5049168,1412320,1571120,1156832,8235168,0,2521819,0,2518468,2,10273776,2,10015532,4478,3154,12881,15297383,14232353,3649,3624,533
1786400279503,5049168,1412848,1571648,1156832,8235168,0,2521819,0,2518468,2,10273776,2,10015532,4478,3154,12881,15297383,14232353,3649,3624,533
1786400280015,5049168,1412848,1571648,1156832,8235168,0,2521819,0,2518468,2,10273776,2,10015532,4478,3154,12881,15297383,14232353,3649,3624,533
1786400280521,5049168,1412848,1571648,1156832,8235168,0,2521819,0,2518468,2,10273776,2,10015532,4478,3154,12881,15297383,14232353,3649,3624,533
1786400281033,5049168,1412848,1571648,1156832,8235168,0,2521819,0,2518468,2,10273776,1,10015532,4478,3154,12881,15297383,14232353,3649,3624,533
1786400281538,5049168,1412720,1571520,1156832,8235168,0,2521819,0,2518468,2,10273776,1,10015532,4478,3154,12881,15297383,14232353,3649,3624,533
1786400282040,5049168,1412720,1571520,1156832,8235168,0,2521819,0,2518468,2,10273776,1,10015532,4478,3154,12881,15297383,14232353,3649,3624,533
1786400282552,5049168,1412928,1571728,1156832,8235168,0,2521819,0,2518468,2,10273776,1,10015532,4478,3154,12881,15297383,14232353,3649,3624,533
1786400283059,5049168,1412928,1571728,1156832,8235168,0,2521819,0,2518468,1,10273776,1,10015532,4478,3154,12881,15297383,14232353,3649,3624,533
1786400283563,5049168,1413056,1571856,1156832,8235168,0,2521819,0,2518468,1,10273776,1,10015532,4478,3154,12881,15297383,14232353,3649,3624,533
1786400284065,5049168,1413056,1571856,1156832,8235168,0,2521819,0,2518468,1,10273776,1,10015532,4478,3154,12881,15297383,14232353,3649,3624,533
1786400284575,5049168,1413056,1571856,1156832,8235168,0,2521819,0,2518468,1,10273776,1,10015532,4478,3154,12881,15297383,14232353,3649,3624,533
1786400285076,5049168,1413056,1571856,1156832,8235168,0,2521819,0,2518468,1,10273776,1,10015532,4478,3154,12881,15297383,14232353,3649,3624,533
1786400285580,5049168,1413056,1571856,1156832,8235168,0,2521819,0,2518468,1,10273776,1,10015532,4478,3154,12881,15297383,14232353,3649,3624,533
1786400286089,5049168,1413056,1571856,1156832,8235168,0,2521819,0,2518468,1,10273776,1,10015532,4478,3154,12881,15297383,14232353,3649,3624,533
1786400286600,5049168,1413536,1572336,1156832,8235168,0,2521819,0,2518468,1,10273776,1,10015532,4478,3154,12881,15297383,14232353,3649,3624,533
1786400287113,5049168,1413536,1572336,1156832,8235168,0,2521819,0,2518468,1,10273776,1,10015532,4478,3154,12881,15297383,14232353,3649,3624,533
1786400287616,5049168,1413536,1572336,1156832,8235168,0,2521819,0,2518468,1,10273776,1,10015532,4478,3154,12881,15297383,14232353,3649,3624,533
1786400288129,5049168,1413536,1572336,1156832,8235168,0,2521819,0,2518468,1,10273776,1,10015532,4478,3154,12881,15297383,14232353,3649,3624,533
1786400288639,5049168,1413536,1572336,1156832,8235168,0,2521819,0,2518468,1,10273776,1,10015532,4478,3154,12881,15297383,14232353,3649,3624,533
1786400289141,5049168,1413536,1572336,1156832,8235168,0,2521819,0,2518468,0,10273776,0,10015532,4478,3154,12881,15297383,14232353,3649,3624,533
1786400289648,5049168,1413536,1572336,1156832,8235168,0,2521819,0,2518468,0,10273776,0,10015532,4478,3154,12881,15297383,14232353,3649,3624,533
1786400290151,5049168,1413536,1572336,1156832,8235168,0,2521819,0,2518468,0,10273776,0,10015532,4478,3154,12881,15297383,14232353,3649,3624,533
1786400290663,5049168,1413536,1572336,1156832,8235168,0,2521819,0,2518468,0,10273776,0,10015532,4478,3154,12881,15297383,14232353,3649,3624,533
1786400291168,5049168,1413536,1572336,1156832,8235168,0,2521819,0,2518468,0,10273776,0,10015532,4478,3154,12881,15297383,14232353,3649,3624,533
1786400291679,5049168,1413536,1572336,1156832,8235168,0,2521819,0,2518468,0,10273776,0,10015532,4478,3154,12881,15297383,14232353,3649,3624,533
1786400292184,5049168,1413536,1572336,1156832,8235168,0,2521819,0,2518468,0,10273776,0,10015532,4478,3154,12881,15297383,14232353,3649,3624,533
1786400292691,5049168,1413536,1572336,1156832,8235168,0,2521819,0,2518468,0,10273776,0,10015532,4478,3154,12881,15297383,14232353,3649,3624,533
1786400293201,5049168,1413536,1572336,1156832,8235168,0,2521819,0,2518468,0,10273776,0,10015532,4478,3154,12881,15297383,14232353,3649,3624,533
1786400293706,5049168,1413536,1572336,1156832,8235168,0,2521819,0,2518468,0,10273776,0,10015532,4478,3154,12881,15297383,14232353,3649,3624,533
1786400294213,5049168,1413536,1572336,1156832,8235168,0,2521819,0,2518468,0,10273776,0,10015532,4478,3154,12881,15297383,14232353,3649,3624,533
1786400294715,5049168,1413536,1572336,1156832,8235168,0,2521819,0,2518468,0,10273776,0,10015532,4478,3154,12881,15297383,14232353,3649,3624,533
1786400295217,5049168,1413536,1572336,1156832,8235168,0,2521819,0,2518468,0,10273776,0,10015532,4478,3154,12881,15297383,14232353,3649,3624,533
1786400295722,5049168,1413296,1572096,1156832,8235168,0,2521819,0,2518468,0,10273776,0,10015532,4478,3154,12881,15297383,14232353,3649,3624,533
1786400296223,5049168,1413296,1572096,1156832,8235168,0,2521819,0,2518468,0,10273776,0,10015532,4478,3154,12881,15297383,14232353,3649,3624,533
1786400296732,5049168,1413296,1572096,1156832,8235168,0,2521819,0,2518468,0,10273776,0,10015532,4478,3154,12881,15297383,14232353,3649,3624,533
1786400297235,5049168,1413296,1572096,1156832,8235168,0,2521819,0,2518468,0,10273776,0,10015532,4478,3154,12881,15297383,14232353,3649,3624,533
1786400297741,5049168,1413296,1572096,1156832,8235168,0,2521819,0,2518468,0,10273776,0,10015532,4478,3154,12881,15297383,14232353,3649,3624,533
1786400298243,5049168,1413296,1572096,1156832,8235168,0,2521819,0,2518468,0,10273776,0,10015532,4478,3154,12881,15297383,14232353,3649,3624,533
1786400298745,5049168,1413056,1571856,1156832,8235168,0,2521819,0,2518468,0,10273776,0,10015532,4478,3154,12881,15297383,14232353,3649,3624,533
1786400299258,5049168,1413056,1571856,1156832,8235168,0,2521819,0,2518468,0,10273776,0,10015532,4478,3154,12881,15297383,14232353,3649,3624,533
1786400299761,5049168,1413056,1571856,1156832,8235168,0,2521819,0,2518468,0,10273776,0,10015532,4478,3154,12881,15297383,14232353,3649,3624,533
1786400300272,5049168,1413056,1571856,1156832,8235168,0,2521819,0,2518468,0,10273776,0,10015532,4478,3154,12881,15297383,14232353,3649,3624,533
1786400300777,5049168,1413056,1571856,1156832,8235168,0,2521819,0,2518468,0,10273776,0,10015532,4478,3154,12881,15297383,14232353,3649,3624,533
1786400301285,5049168,1413056,1571856,1156832,8235168,0,2521819,0,2518468,0,10273776,0,10015532,4478,3154,12881,15297383,14232353,3649,3624,533
1786400301795,5049168,1413056,1571856,1156832,8235168,0,2521819,0,2518468,0,10273776,0,10015532,4478,3154,12881,15297383,14232353,3649,3624,533
1786400302308,5049168,1413056,1571856,1156832,8235168,0,2521819,0,2518468,0,10273776,0,10015532,4478,3154,12881,15297383,14232353,3649,3624,533
1786400302813,5049168,1413056,1571856,1156832,8235168,0,2521819,0,2518468,0,10273776,0,10015532,4478,3154,12881,15297383,14232353,3649,3624,533
1786400303321,5049168,1413056,1571856,1156832,8235168,0,2521819,0,2518468,0,10273776,0,10015532,4478,3154,12881,15297383,14232353,3649,3624,533
1786400303832,5049168,1413056,1571856,1156832,8235168,0,2521819,0,2518468,0,10273776,0,10015532,4478,3154,12881,15297383,14232353,3649,3624,533
1786400304333,5049168,1412816,1571616,1156832,8235168,0,2521819,0,2518468,0,10273776,0,10015532,4478,3154,12881,15297383,14232353,3649,3624,533
1786400304844,5049168,1412816,1571616,1156832,8235168,0,2521819,0,2518468,0,10273776,0,10015532,4478,3154,12881,15297383,14232353,3649,3624,533
1786400305347,5049168,1413456,1572256,1156832,8235168,0,2521819,0,2518468,0,10273776,0,10015532,4478,3154,12881,15297383,14232353,3649,3624,533
1786400305858,5049168,1413456,1572256,1156832,8235168,0,2521819,0,2518468,0,10273776,0,10015532,4478,3154,12881,15297383,14232353,3649,3624,533
1786400306363,5049168,1413456,1572256,1156848,8235168,0,2521819,0,2518468,0,10273776,0,10015532,4478,3154,12881,15297383,14232353,3649,3624,533
1786400306873,5049168,1412736,1571600,1156928,8235168,0,2521819,0,2518468,0,10273986,0,10015741,4478,3154,12881,15297383,14232353,3649,3624,533
1786400307377,5049168,1412736,1571600,1156928,8235168,0,2521819,0,2518468,0,10273986,0,10015741,4478,3154,12881,15297383,14232353,3649,3624,533
1786400307888,5049168,1412736,1571600,1156928,8235168,0,2521819,0,2518468,0,10273986,0,10015741,4478,3154,12881,15297383,14232353,3649,3624,533
1786400308399,5049168,1412016,1570896,1156928,8235168,0,2521819,0,2518468,0,10273986,0,10015741,4478,3154,12881,15297383,14232353,3649,3624,533
1786400308901,5049168,1412016,1570896,1156928,8235168,0,2521819,0,2518468,0,10273986,0,10015741,4478,3154,12881,15297383,14232353,3649,3624,533
1786400309402,5049168,1412464,1571344,1156928,8235168,0,2521819,0,2518468,0,10273986,0,10015741,4478,3154,12881,15297383,14232353,3649,3624,533
1786400309914,5049168,1412464,1571344,1156928,8235168,0,2521819,0,2518468,0,10273986,0,10015741,4478,3154,12881,15297383,14232353,3649,3624,533
1786400310425,5049168,1412464,1571344,1156928,8235168,0,2521819,0,2518468,0,10273986,0,10015741,4478,3154,12881,15297383,14232353,3649,3624,533
1786400310937,5049168,1412464,1571344,1156928,8235168,0,2521819,0,2518468,0,10273986,0,10015741,4478,3154,12881,15297383,14232353,3649,3624,533
1786400311439,5049168,1412464,1571344,1156928,8235168,0,2521819,0,2518468,0,10273986,0,10015741,4478,3154,12881,15297383,14232353,3649,3624,533
1786400311950,5049168,1412464,1571344,1156928,8235168,0,2521819,0,2518468,0,10273986,0,10015741,4478,3154,12881,15297383,14232353,3649,3624,533
1786400312454,5049168,1411984,1570864,1156928,8235168,0,2521819,0,2518468,0,10273986,0,10015741,4478,3154,12881,15297383,14232353,3649,3624,533
1786400312965,5049168,1411984,1570864,1156928,8235168,0,2521819,0,2518468,0,10273986,0,10015741,4478,3154,12881,15297383,14232353,3649,3624,533
1786400313477,5049168,1411984,1570864,1156928,8235168,0,2521819,0,2518468,0,10273986,0,10015741,4478,3154,12881,15297383,14232353,3649,3624,533
1786400313980,5049168,1411744,1570624,1156928,8235168,0,2521819,0,2518468,0,10273986,0,10015741,4478,3154,12881,15297383,14232353,3649,3624,533
1786400314483,5049168,1411744,1570624,1156928,8235168,0,2521819,0,2518468,0,10273986,0,10015741,4478,3154,12881,15297383,14232353,3649,3624,533
1786400314985,5049168,1402336,1568272,1166336,8235216,0,2521819,0,2518468,18,10298638,18,10039405,4499,3157,12881,15297383,14232353,3649,3624,533
1786400315489,5049168,2267040,1854736,270080,8235920,0,2521819,0,2518468,18,10337914,18,10078147,4543,3200,12881,15297383,14232353,3649,3624,533
1786400315993,5049168,1997936,1721008,541072,8235920,0,2521819,0,2518468,18,10347546,18,10084355,4543,3200,12881,15297383,14232353,3649,3624,533
1786400316504,4912000,1660496,1521616,816592,8235920,0,2521819,0,2518468,18,10347546,18,10084355,4543,3200,12881,15297383,14232353,3649,3624,533
1786400317009,4912000,1407104,1496384,1087536,8235920,0,2521819,0,2518468,51,10349210,51,10086019,4543,3200,12881,15297383,14232353,3649,3624,533
1786400317519,4988832,1311888,1486208,1172592,8235920,0,2521819,0,2518468,51,10593832,51,10330322,4544,3200,12881,15297383,14232353,3649,3624,533
1786400318020,4988832,546272,721296,1173152,8235920,0,2876389,0,2873023,51,10598263,51,10334744,4544,3200,12881,15297383,14232353,3649,3624,533
1786400318522,5840352,2378976,2314448,935664,8235920,0,2963598,0,2960228,51,10598263,51,10334744,4544,3200,12881,15311399,14246369,4498,4459,533
1786400319024,5840352,2378976,2314448,935680,8235920,398,2963598,398,2960228,259,10598263,259,10334744,4544,3200,12881,15311399,14246369,4498,4459,533
1786400319532,5840352,2218000,2390688,1173312,8235920,398,2963598,398,2960228,259,10603625,259,10340054,4549,3200,12881,15311399,14246369,4498,4459,533
1786400320037,5840352,2218000,2390688,1173312,8235920,398,2963598,398,2960228,259,10603625,259,10340054,4549,3200,12881,15311399,14246369,4498,4459,533
1786400320543,5840352,2218000,2391040,1173312,8235920,398,2963598,398,2960228,259,10603625,259,10340054,4549,3200,12881,15311399,14246369,4498,4459,533
1786400321045,5840352,2218000,2391040,1173312,8235920,326,2963598,326,2960228,212,10603625,212,10340054,4549,3200,12881,15311399,14246369,4498,4459,533
1786400321556,5840352,2217520,2390656,1173312,8235920,326,2963598,326,2960228,212,10603625,212,10340054,4549,3200,12881,15311399,14246369,4498,4459,533
1786400322066,5840352,2217520,2390656,1173312,8235920,326,2963598,326,2960228,212,10603625,212,10340054,4549,3200,12881,15311399,14246369,4498,4459,533
1786400322574,5840352,2217520,2390672,1173312,8235920,326,2963598,326,2960228,212,10603625,212,10340054,4549,3200,12881,15311399,14246369,4498,4459,533
1786400323075,5840352,2217520,2390672,1173312,8235920,267,2963598,267,2960228,173,10603625,173,10340054,4549,3200,12881,15311399,14246369,4498,4459,533
1786400323587,5840352,2217520,2390672,1173312,8235920,267,2963598,267,2960228,173,10603625,173,10340054,4549,3200,12881,15311399,14246369,4498,4459,533
1786400324089,5840352,2217520,2390672,1173312,8235920,267,2963598,267,2960228,173,10603625,173,10340054,4549,3200,12881,15311399,14246369,4498,4459,533
1786400324593,5840352,2217520,2390672,1173312,8235920,267,2963598,267,2960228,173,10603625,173,10340054,4549,3200,12881,15311399,14246369,4498,4459,533
1786400325101,5840352,2217520,2390672,1173312,8235920,218,2963598,218,2960228,142,10603625,142,10340054,4549,3200,12881,15311399,14246369,4498,4459,533
1786400325609,5840352,2217520,2390672,1173312,8235920,218,2963598,218,2960228,142,10603625,142,10340054,4549,3200,12881,15311399,14246369,4498,4459,533
1786400326111,5840352,2217040,2390192,1173312,8235920,218,2963598,218,2960228,142,10603625,142,10340054,4549,3200,12881,15311399,14246369,4498,4459,533
1786400326622,5840352,2217040,2390192,1173312,8235920,218,2963598,218,2960228,142,10603625,142,10340054,4549,3200,12881,15311399,14246369,4498,4459,533
1786400327127,5822944,2217040,2390256,1173312,8235920,179,2963598,179,2960228,115,10603625,115,10340054,4549,3200,12881,15311399,14246369,4498,4459,533
1786400327638,5578208,2032960,2207136,1173312,8235920,179,2963598,179,2960228,115,10603625,115,10340054,4549,3200,12881,15311399,14246369,4498,4459,533
1786400328150,5578208,2032960,2207136,1173312,8235920,179,2963598,179,2960228,115,10603625,115,10340054,4549,3200,12881,15311399,14246369,4498,4459,533
1786400328662,5578208,2032960,2207136,1173312,8235920,179,2963598,179,2960228,115,10603625,115,10340054,4549,3200,12881,15311399,14246369,4498,4459,533
1786400329165,5539296,1987744,2162080,1173312,8235920,146,2963598,146,2960228,95,10603625,95,10340054,4549,3200,12881,15311399,14246369,4498,4459,533
1786400329673,5316064,1764400,1939600,1173312,8235920,146,2963598,146,2960228,95,10603625,95,10340054,4549,3200,12881,15311399,14246369,4498,4459,533
1786400330176,5316064,1764400,1939600,1173312,8235920,146,2963598,146,2960228,95,10603625,95,10340054,4549,3200,12881,15311399,14246369,4498,4459,533
1786400330678,5316064,1764160,1939360,1173312,8235920,146,2963598,146,2960228,95,10603625,95,10340054,4549,3200,12881,15311399,14246369,4498,4459,533
1786400331180,5277152,1726384,1901744,1173312,8235920,120,2963598,120,2960228,78,10603625,78,10340054,4549,3200,12881,15311399,14246369,4498,4459,533
1786400331690,5053920,1495600,1671456,1173312,8235920,120,2963598,120,2960228,78,10603625,78,10340054,4549,3200,12881,15311399,14246369,4498,4459,533
1786400332196,5053920,1486736,1662592,1173312,8235920,120,2963598,120,2960228,78,10603625,78,10340054,4549,3200,12881,15311399,14246369,4498,4459,533
1786400332706,5053920,1486720,1662576,1173312,8235920,120,2963598,120,2960228,78,10603625,78,10340054,4549,3200,12881,15311399,14246369,4498,4459,533
1786400333218,4965392,1401296,1577152,1173312,8235920,98,2963598,98,2960228,63,10603625,63,10340054,4549,3200,12881,15311399,14246369,4498,4459,533
1786400333721,4965392,1401280,1577136,1173312,8235920,98,2963598,98,2960228,63,10603625,63,10340054,4549,3200,12881,15311399,14246369,4498,4459,533
1786400334233,4965392,1401280,1577136,1173312,8235920,98,2963598,98,2960228,63,10603625,63,10340054,4549,3200,12881,15311399,14246369,4498,4459,533
1786400334743,4965392,1401280,1577136,1173312,8235920,98,2963598,98,2960228,63,10603625,63,10340054,4549,3200,12881,15311399,14246369,4498,4459,533
1786400335248,4965392,1401280,1577136,1173312,8235920,80,2963598,80,2960228,52,10603625,52,10340054,4549,3200,12881,15311399,14246369,4498,4459,533
1786400335757,4965392,1401280,1577136,1173312,8235920,80,2963598,80,2960228,52,10603625,52,10340054,4549,3200,12881,15311399,14246369,4498,4459,533
1786400336268,4965392,1401280,1577136,1173312,8235920,80,2963598,80,2960228,52,10603625,52,10340054,4549,3200,12881,15311399,14246369,4498,4459,533
1786400336777,4965392,1401280,1577136,1173312,8235920,80,2963598,80,2960228,52,10603625,52,10340054,4549,3200,12881,15311399,14246369,4498,4459,533
1786400337285,4965392,1401280,1577136,1173312,8235920,65,2963598,65,2960228,42,10603625,42,10340054,4549,3200,12881,15311399,14246369,4498,4459,533
1786400337794,4965392,1401280,1577136,1173312,8235920,65,2963598,65,2960228,42,10603625,42,10340054,4549,3200,12881,15311399,14246369,4498,4459,533
1786400338295,4965392,1401280,1577136,1173312,8235920,65,2963598,65,2960228,42,10603625,42,10340054,4549,3200,12881,15311399,14246369,4498,4459,533
1786400338807,4965392,1401280,1577136,1173312,8235920,65,2963598,65,2960228,42,10603625,42,10340054,4549,3200,12881,15311399,14246369,4498,4459,533
1786400339316,4965392,1401280,1577136,1173312,8235920,53,2963598,53,2960228,35,10603625,35,10340054,4549,3200,12881,15311399,14246369,4498,4459,533
1786400339818,4965392,1401280,1577136,1173312,8235920,53,2963598,53,2960228,35,10603625,35,10340054,4549,3200,12881,15311399,14246369,4498,4459,533
1786400340326,4965392,1401280,1577136,1173312,8235920,53,2963598,53,2960228,35,10603625,35,10340054,4549,3200,12881,15311399,14246369,4498,4459,533
1786400340829,4965392,1401280,1577136,1173312,8235920,53,2963598,53,2960228,35,10603625,35,10340054,4549,3200,12881,15311399,14246369,4498,4459,533
1786400341342,4965392,1401040,1576896,1173312,8235920,44,2963598,44,2960228,28,10603625,28,10340054,4549,3200,12881,15311399,14246369,4498,4459,533
1786400341852,4965392,1401040,1576896,1173312,8235920,44,2963598,44,2960228,28,10603625,28,10340054,4549,3200,12881,15311399,14246369,4498,4459,533
1786400342361,4965392,1401040,1576896,1173312,8235920,44,2963598,44,2960228,28,10603625,28,10340054,4549,3200,12881,15311399,14246369,4498,4459,533
1786400342871,4965392,1401040,1576896,1173312,8235920,44,2963598,44,2960228,28,10603625,28,10340054,4549,3200,12881,15311399,14246369,4498,4459,533
1786400343373,4965392,1401040,1576896,1173312,8235920,36,2963598,36,2960228,23,10603625,23,10340054,4549,3200,12881,15311399,14246369,4498,4459,533
1786400343878,4965392,1401040,1576896,1173312,8235920,36,2963598,36,2960228,23,10603625,23,10340054,4549,3200,12881,15311399,14246369,4498,4459,533
1786400344388,4965392,1401040,1576896,1173312,8235920,36,2963598,36,2960228,23,10603625,23,10340054,4549,3200,12881,15311399,14246369,4498,4459,533
1786400344898,4965392,1401040,1576896,1173312,8235920,36,2963598,36,2960228,23,10603625,23,10340054,4549,3200,12881,15311399,14246369,4498,4459,533
1786400345403,4965392,1401040,1576896,1173312,8235920,28,2963598,28,2960228,19,10603625,19,10340054,4549,3200,12881,15311399,14246369,4498,4459,533
1786400345914,4965392,1400800,1576656,1173312,8235920,28,2963598,28,2960228,19,10603625,19,10340054,4549,3200,12881,15311399,14246369,4498,4459,533
1786400346423,4965392,1400800,1576656,1173312,8235920,28,2963598,28,2960228,19,10603625,19,10340054,4549,3200,12881,15311399,14246369,4498,4459,533
1786400346928,4965392,1400800,1576656,1173312,8235920,28,2963598,28,2960228,19,10603625,19,10340054,4549,3200,12881,15311399,14246369,4498,4459,533
1786400347434,4965392,1400800,1576656,1173312,8235920,24,2963598,24,2960228,15,10603625,15,10340054,4549,3200,12881,15311399,14246369,4498,4459,533
1786400347935,4965392,1400800,1576656,1173312,8235920,24,2963598,24,2960228,15,10603625,15,10340054,4549,3200,12881,15311399,14246369,4498,4459,533
1786400348438,4965392,1400800,1576656,1173312,8235920,24,2963598,24,2960228,15,10603625,15,10340054,4549,3200,12881,15311399,14246369,4498,4459,533
1786400348941,4965392,1400560,1576416,1173312,8235920,24,2964304,24,2960906,15,10616896,15,10353273,4550,3200,12881,15311399,14246369,4498,4459,533
1786400349448,4965392,1400080,1576352,1173808,8235920,19,2964304,19,2960906,30,10631315,30,10367312,4550,3200,12881,15311399,14246369,4498,4459,533
1786400349949,4965392,1400080,1576352,1173808,8235920,19,2964304,19,2960906,30,10631315,30,10367312,4550,3200,12881,15311399,14246369,4498,4459,533
1786400350451,4965392,1399360,1575632,1173808,8235920,19,2964304,19,2960906,30,10631315,30,10367312,4550,3200,12881,15311399,14246369,4498,4459,533
1786400350957,4965392,1399360,1575632,1173808,8235920,19,2964304,19,2960906,30,10631315,30,10367312,4550,3200,12881,15311399,14246369,4498,4459,533
1786400351470,4965392,1399120,1575472,1173808,8235920,16,2964304,16,2960906,25,10631315,25,10367312,4550,3200,12881,15311399,14246369,4498,4459,533
1786400351974,4965392,1399120,1575472,1173808,8235920,16,2964304,16,2960906,25,10631315,25,10367312,4550,3200,12881,15311399,14246369,4498,4459,533
1786400352477,4965392,1399120,1575472,1173808,8235920,16,2964304,16,2960906,25,10631315,25,10367312,4550,3200,12881,15311399,14246369,4498,4459,533
1786400352982,4965392,1399120,1575472,1173808,8235920,16,2964304,16,2960906,25,10631315,25,10367312,4550,3200,12881,15311399,14246369,4498,4459,533
1786400353483,4965392,1399120,1575472,1173808,8235920,13,2964304,13,2960906,20,10631315,20,10367312,4550,3200,12881,15311399,14246369,4498,4459,533
1786400353985,4965392,1399120,1575472,1173808,8235920,13,2964304,13,2960906,20,10631315,20,10367312,4550,3200,12881,15311399,14246369,4498,4459,533
1786400354496,4965392,1399120,1575472,1173808,8235920,13,2964304,13,2960906,20,10631315,20,10367312,4550,3200,12881,15311399,14246369,4498,4459,533
1786400354999,4965392,1399120,1575472,1173808,8235920,10,2964304,10,2960906,16,10631315,16,10367312,4550,3200,12881,15311399,14246369,4498,4459,533
1786400355507,4965392,1398880,1575232,1173808,8235920,10,2964304,10,2960906,16,10631315,16,10367312,4550,3200,12881,15311399,14246369,4498,4459,533
1786400356011,4965392,1398880,1575232,1173808,8235920,10,2964304,10,2960906,16,10631315,16,10367312,4550,3200,12881,15311399,14246369,4498,4459,533
1786400356513,4965392,1398880,1575232,1173808,8235920,10,2964304,10,2960906,16,10631315,16,10367312,4550,3200,12881,15311399,14246369,4498,4459,533
1786400357022,4965392,1398880,1575232,1173808,8235920,8,2964304,8,2960906,13,10631315,13,10367312,4550,3200,12881,15311399,14246369,4498,4459,533
1786400357530,4965392,1398880,1575232,1173808,8235920,8,2964304,8,2960906,13,10631315,13,10367312,4550,3200,12881,15311399,14246369,4498,4459,533
1786400358038,4965392,1398880,1575232,1173808,8235920,8,2964304,8,2960906,13,10631315,13,10367312,4550,3200,12881,15311399,14246369,4498,4459,533
1786400358541,4965392,1398880,1575232,1173808,8235920,8,2964304,8,2960906,13,10631315,13,10367312,4550,3200,12881,15311399,14246369,4498,4459,533
1786400359052,4965392,1398880,1575232,1173808,8235920,7,2964304,7,2960906,11,10631315,11,10367312,4550,3200,12881,15311399,14246369,4498,4459,533
1786400359561,4965392,1398640,1574992,1173808,8235920,7,2964304,7,2960906,11,10631315,11,10367312,4550,3200,12881,15311399,14246369,4498,4459,533
1786400360073,4965392,1398160,1574512,1173808,8235920,7,2964304,7,2960906,11,10631315,11,10367312,4550,3200,12881,15311399,14246369,4498,4459,533
1786400360580,4965392,1398160,1574512,1173808,8235920,7,2964304,7,2960906,11,10631315,11,10367312,4550,3200,12881,15311399,14246369,4498,4459,533
1786400361086,4965392,1398160,1574512,1173808,8235920,5,2964304,5,2960906,9,10631315,9,10367312,4550,3200,12881,15311399,14246369,4498,4459,533
1786400361589,4965392,1398160,1574512,1173808,8235920,5,2964304,5,2960906,9,10631315,9,10367312,4550,3200,12881,15311399,14246369,4498,4459,533
1786400362097,4965392,1397920,1574272,1173808,8235920,5,2964304,5,2960906,9,10631315,9,10367312,4550,3200,12881,15311399,14246369,4498,4459,533
1786400362608,4965392,1397920,1574272,1173824,8235920,5,2964304,5,2960906,9,10631315,9,10367312,4550,3200,12881,15311399,14246369,4498,4459,533
1786400363110,4965392,1397920,1574272,1173824,8235920,4,2964304,4,2960906,7,10631315,7,10367312,4550,3200,12881,15311399,14246369,4498,4459,533
1786400363619,4965392,1397920,1574272,1173824,8235920,4,2964304,4,2960906,7,10631315,7,10367312,4550,3200,12881,15311399,14246369,4498,4459,533
1786400364122,4965392,1397920,1574272,1173824,8235920,4,2964304,4,2960906,7,10631315,7,10367312,4550,3200,12881,15311399,14246369,4498,4459,533
1786400364629,4965392,1397920,1574272,1173824,8235920,4,2964304,4,2960906,7,10631315,7,10367312,4550,3200,12881,15311399,14246369,4498,4459,533
1786400365139,4965392,1397920,1574272,1173824,8235920,3,2964304,3,2960906,6,10631315,6,10367312,4550,3200,12881,15311399,14246369,4498,4459,533
1786400365646,4965392,1396960,1573296,1173824,8235920,3,2964304,3,2960906,6,10631322,6,10367318,4550,3200,12881,15311399,14246369,4498,4459,533
1786400366155,4965392,1396960,1573312,1173824,8235920,3,2964304,3,2960906,6,10631322,6,10367318,4550,3200,12881,15311399,14246369,4498,4459,533
1786400366662,4965392,1396960,1573312,1173824,8235920,3,2964304,3,2960906,6,10631322,6,10367318,4550,3200,12881,15311399,14246369,4498,4459,533
1786400367173,4965392,1396960,1573312,1173824,8235920,3,2964304,3,2960906,5,10631322,5,10367318,4550,3200,12881,15311399,14246369,4498,4459,533
1786400367679,4965392,1396960,1573312,1173824,8235920,3,2964304,3,2960906,5,10631322,5,10367318,4550,3200,12881,15311399,14246369,4498,4459,533
1786400368186,4965392,1396480,1572832,1173824,8235920,3,2964304,3,2960906,5,10631322,5,10367318,4550,3200,12881,15311399,14246369,4498,4459,533
1786400368688,4965392,1396480,1572832,1173824,8235920,3,2964304,3,2960906,5,10631322,5,10367318,4550,3200,12881,15311399,14246369,4498,4459,533
1786400369206,4965392,1396240,1572592,1173824,8235920,2,2964304,2,2960906,4,10631322,4,10367318,4550,3200,12881,15311399,14246369,4498,4459,533
1786400369714,4965392,1396240,1572592,1173824,8235920,2,2964304,2,2960906,4,10631322,4,10367318,4550,3200,12881,15311399,14246369,4498,4459,533
1786400370216,4965392,1396000,1572352,1173824,8235920,2,2964304,2,2960906,4,10631322,4,10367318,4550,3200,12881,15311399,14246369,4498,4459,533
1786400370727,4965392,1396000,1572352,1173824,8235920,2,2964304,2,2960906,4,10631322,4,10367318,4550,3200,12881,15311399,14246369,4498,4459,533
1786400371238,4965392,1395760,1572112,1173824,8235920,2,2964304,2,2960906,3,10631322,3,10367318,4550,3200,12881,15311399,14246369,4498,4459,533
1786400371738,4965392,1395760,1572112,1173824,8235920,2,2964304,2,2960906,3,10631322,3,10367318,4550,3200,12881,15311399,14246369,4498,4459,533
1786400372248,4965392,1395760,1572112,1173824,8235920,2,2964304,2,2960906,3,10631322,3,10367318,4550,3200,12881,15311399,14246369,4498,4459,533
1786400372751,4965392,1395760,1572112,1173824,8235920,2,2964304,2,2960906,3,10631322,3,10367318,4550,3200,12881,15311399,14246369,4498,4459,533
1786400373255,4965392,1395760,1572112,1173824,8235920,1,2964304,1,2960906,2,10631322,2,10367318,4550,3200,12881,15311399,14246369,4498,4459,533
1786400373764,4965392,1395280,1571632,1173824,8235920,1,2964304,1,2960906,2,10631322,2,10367318,4550,3200,12881,15311399,14246369,4498,4459,533
1786400374268,4965392,1395280,1571632,1173824,8235920,1,2964304,1,2960906,2,10631322,2,10367318,4550,3200,12881,15311399,14246369,4498,4459,533
1786400374780,4965392,1395280,1571632,1173824,8235920,1,2964304,1,2960906,2,10631322,2,10367318,4550,3200,12881,15311399,14246369,4498,4459,533
1786400375283,4965392,1395280,1571632,1173824,8235920,1,2964304,1,2960906,2,10631322,2,10367318,4550,3200,12881,15311399,14246369,4498,4459,533
1786400375790,4965392,1395280,1571632,1173824,8235920,1,2964304,1,2960906,2,10631322,2,10367318,4550,3200,12881,15311399,14246369,4498,4459,533
1786400376297,4965392,1395280,1571632,1173824,8235920,1,2964304,1,2960906,2,10631322,2,10367318,4550,3200,12881,15311399,14246369,4498,4459,533
1786400376804,4965392,1395280,1571632,1173824,8235920,1,2964304,1,2960906,2,10631322,2,10367318,4550,3200,12881,15311399,14246369,4498,4459,533
1786400377313,4965392,1395280,1571632,1173824,8235920,1,2964304,1,2960906,1,10631322,1,10367318,4550,3200,12881,15311399,14246369,4498,4459,533
1786400377818,4965392,1395280,1571632,1173824,8235920,1,2964304,1,2960906,1,10631322,1,10367318,4550,3200,12881,15311399,14246369,4498,4459,533
1786400378320,4965392,1395040,1571392,1173824,8235920,1,2964304,1,2960906,1,10631322,1,10367318,4550,3200,12881,15311399,14246369,4498,4459,533
1786400378831,4965392,1395040,1571392,1173824,8235920,1,2964304,1,2960906,1,10631322,1,10367318,4550,3200,12881,15311399,14246369,4498,4459,533
1786400379338,4965392,1394800,1571152,1174080,8235920,0,2964304,0,2960906,1,10633653,1,10369634,4550,3200,12881,15311399,14246369,4498,4459,533
1786400379848,4965392,1394800,1571152,1174080,8235920,0,2964304,0,2960906,1,10633653,1,10369634,4550,3200,12881,15311399,14246369,4498,4459,533
1786400380356,4965392,1394560,1570912,1174080,8235920,0,2964304,0,2960906,1,10633653,1,10369634,4550,3200,12881,15311399,14246369,4498,4459,533
1786400380866,4965392,1394560,1570912,1174080,8235920,0,2964304,0,2960906,1,10633653,1,10369634,4550,3200,12881,15311399,14246369,4498,4459,533
1786400381371,4965392,1394560,1571168,1174080,8235920,0,2964304,0,2960906,1,10633653,1,10369634,4550,3200,12881,15311399,14246369,4498,4459,533
1786400381874,4965392,1394560,1571168,1174080,8235920,0,2964304,0,2960906,1,10633653,1,10369634,4550,3200,12881,15311399,14246369,4498,4459,533
1786400382380,4965392,1394560,1571168,1174080,8235920,0,2964304,0,2960906,1,10633653,1,10369634,4550,3200,12881,15311399,14246369,4498,4459,533
1786400382882,4965392,1394560,1571168,1174080,8235920,0,2964304,0,2960906,1,10633653,1,10369634,4550,3200,12881,15311399,14246369,4498,4459,533
1786400383390,4965392,1394080,1570688,1174080,8235920,0,2964304,0,2960906,0,10633653,0,10369634,4550,3200,12881,15311399,14246369,4498,4459,533
1786400383897,4965392,1394080,1570688,1174080,8235920,0,2964304,0,2960906,0,10633653,0,10369634,4550,3200,12881,15311399,14246369,4498,4459,533
1786400384402,4965392,1394080,1570688,1174080,8235920,0,2964304,0,2960906,0,10633653,0,10369634,4550,3200,12881,15311399,14246369,4498,4459,533
1786400384913,4965392,1394080,1570688,1174080,8235920,0,2964304,0,2960906,0,10633653,0,10369634,4550,3200,12881,15311399,14246369,4498,4459,533
1786400385416,4965392,1394080,1570688,1174080,8235920,0,2964304,0,2960906,0,10633653,0,10369634,4550,3200,12881,15311399,14246369,4498,4459,533
1786400385926,4965392,1394080,1570688,1174080,8235920,0,2964304,0,2960906,0,10633653,0,10369634,4550,3200,12881,15311399,14246369,4498,4459,533
1786400386433,4965392,1393360,1569968,1174080,8235920,0,2964304,0,2960906,0,10633653,0,10369634,4550,3200,12881,15311399,14246369,4498,4459,533
1786400386938,4965392,1393360,1569968,1174080,8235920,0,2964304,0,2960906,0,10633653,0,10369634,4550,3200,12881,15311399,14246369,4498,4459,533
1786400387442,4965392,1393360,1569968,1174080,8235920,0,2964304,0,2960906,0,10633653,0,10369634,4550,3200,12881,15311399,14246369,4498,4459,533
1786400387947,4965392,1393360,1569968,1174080,8235920,0,2964304,0,2960906,0,10633653,0,10369634,4550,3200,12881,15311399,14246369,4498,4459,533
1786400388453,4965392,1393360,1569968,1174080,8235920,0,2964304,0,2960906,0,10633653,0,10369634,4550,3200,12881,15311399,14246369,4498,4459,533
1786400388962,4965392,1393360,1569968,1174080,8235920,0,2964304,0,2960906,0,10633653,0,10369634,4550,3200,12881,15311399,14246369,4498,4459,533
1786400389470,4965392,1392880,1569488,1174080,8235920,0,2964304,0,2960906,0,10633653,0,10369634,4550,3200,12881,15311399,14246369,4498,4459,533
1786400389983,4965392,1392880,1569488,1174080,8235920,0,2964304,0,2960906,0,10633653,0,10369634,4550,3200,12881,15311399,14246369,4498,4459,533
1786400390495,4965392,1392640,1569248,1174080,8235920,0,2964304,0,2960906,0,10633653,0,10369634,4550,3200,12881,15311399,14246369,4498,4459,533
1786400391001,4965392,1392640,1569248,1174080,8235920,0,2964304,0,2960906,0,10633653,0,10369634,4550,3200,12881,15311399,14246369,4498,4459,533
1786400391511,4965392,1392640,1569248,1174080,8235920,0,2964304,0,2960906,0,10633653,0,10369634,4550,3200,12881,15311399,14246369,4498,4459,533
1786400392015,4965392,1392640,1569248,1174080,8235920,0,2964304,0,2960906,0,10633653,0,10369634,4550,3200,12881,15311399,14246369,4498,4459,533
1786400392518,4965392,1392160,1568768,1174080,8235920,0,2964304,0,2960906,0,10633653,0,10369634,4550,3200,12881,15311399,14246369,4498,4459,533
1786400393026,4965392,1392160,1568768,1174080,8235920,0,2964304,0,2960906,0,10633653,0,10369634,4550,3200,12881,15311399,14246369,4498,4459,533
1786400393533,4965392,1392160,1568768,1174080,8235920,0,2964304,0,2960906,0,10633653,0,10369634,4550,3200,12881,15311399,14246369,4498,4459,533
1786400394036,4965392,1392160,1568768,1174080,8235920,0,2964304,0,2960906,0,10633653,0,10369634,4550,3200,12881,15311399,14246369,4498,4459,533
1786400394538,4965392,1392160,1568768,1174080,8235920,0,2964304,0,2960906,0,10633653,0,10369634,4550,3200,12881,15311399,14246369,4498,4459,533
1786400395049,4965392,1392160,1568768,1174080,8235920,0,2964304,0,2960906,0,10633653,0,10369634,4550,3200,12881,15311399,14246369,4498,4459,533
1786400395554,4965392,1392160,1568768,1174080,8235920,0,2964304,0,2960906,0,10633653,0,10369634,4550,3200,12881,15311399,14246369,4498,4459,533
1786400396056,4965392,1392160,1568768,1174080,8235920,0,2964304,0,2960906,0,10633653,0,10369634,4550,3200,12881,15311399,14246369,4498,4459,533
1786400396564,4965392,1392160,1568768,1174080,8235920,0,2964304,0,2960906,0,10633653,0,10369634,4550,3200,12881,15311399,14246369,4498,4459,533
1786400397072,4965392,1392160,1568768,1174080,8235920,0,2964304,0,2960906,0,10633653,0,10369634,4550,3200,12881,15311399,14246369,4498,4459,533
1786400397576,4965392,1392160,1568768,1174080,8235920,0,2964304,0,2960906,0,10633653,0,10369634,4550,3200,12881,15311399,14246369,4498,4459,533
1786400398083,4965392,1392160,1568768,1174080,8235920,0,2964304,0,2960906,0,10633653,0,10369634,4550,3200,12881,15311399,14246369,4498,4459,533
1786400398589,4965392,1392160,1568768,1174080,8235920,0,2964304,0,2960906,0,10633653,0,10369634,4550,3200,12881,15311399,14246369,4498,4459,533
1786400399091,4965392,1392160,1568768,1174080,8235920,0,2964304,0,2960906,0,10633653,0,10369634,4550,3200,12881,15311399,14246369,4498,4459,533
1786400399601,4965392,1392160,1568768,1174080,8235920,0,2964304,0,2960906,0,10633653,0,10369634,4550,3200,12881,15311399,14246369,4498,4459,533
1786400400112,4965392,1392160,1568768,1174080,8235920,0,2964304,0,2960906,0,10633653,0,10369634,4550,3200,12881,15311399,14246369,4498,4459,533
1786400400613,4965392,1391680,1568288,1174080,8235920,0,2964304,0,2960906,0,10633653,0,10369634,4550,3200,12881,15311399,14246369,4498,4459,533
1786400401115,4965392,1391680,1568288,1174080,8235920,0,2964304,0,2960906,0,10633653,0,10369634,4550,3200,12881,15311399,14246369,4498,4459,533
1786400401631,4965392,1391680,1568288,1174080,8235920,0,2964304,0,2960906,0,10633653,0,10369634,4550,3200,12881,15311399,14246369,4498,4459,533
1786400402137,4965392,1391680,1568288,1174080,8235920,0,2964304,0,2960906,0,10633653,0,10369634,4550,3200,12881,15311399,14246369,4498,4459,533
1786400402649,4965392,1391680,1568288,1174080,8235920,0,2964304,0,2960906,0,10633653,0,10369634,4550,3200,12881,15311399,14246369,4498,4459,533
1786400403153,4965392,1391680,1568288,1174080,8235920,0,2964304,0,2960906,0,10633653,0,10369634,4550,3200,12881,15311399,14246369,4498,4459,533
1786400403655,4965392,1391440,1568048,1174080,8235920,0,2964304,0,2960906,0,10633653,0,10369634,4550,3200,12881,15311399,14246369,4498,4459,533
1786400404157,4965392,1391200,1567808,1174080,8235920,0,2964304,0,2960906,0,10633653,0,10369634,4550,3200,12881,15311399,14246369,4498,4459,533
1786400404668,4965392,1391200,1567808,1174080,8235920,0,2964304,0,2960906,0,10633653,0,10369634,4550,3200,12881,15311399,14246369,4498,4459,533
1786400405176,4965392,1391200,1567808,1174080,8235920,0,2964304,0,2960906,0,10633653,0,10369634,4550,3200,12881,15311399,14246369,4498,4459,533
1786400405677,4965392,1391200,1567808,1174080,8235920,0,2964304,0,2960906,0,10633653,0,10369634,4550,3200,12881,15311399,14246369,4498,4459,533
1786400406188,4965392,1391200,1567808,1174080,8235920,0,2964304,0,2960906,0,10633653,0,10369634,4550,3200,12881,15311399,14246369,4498,4459,533
1786400406692,4965392,1391200,1567808,1174080,8235920,0,2964304,0,2960906,0,10633653,0,10369634,4550,3200,12881,15311399,14246369,4498,4459,533
1786400407197,4965392,1391200,1567808,1174080,8235920,0,2964304,0,2960906,0,10633653,0,10369634,4550,3200,12881,15311399,14246369,4498,4459,533
1786400407706,4965392,1390720,1567328,1174080,8235920,0,2964304,0,2960906,0,10633653,0,10369634,4550,3200,12881,15311399,14246369,4498,4459,533
1786400408207,4965392,1390720,1567328,1174080,8235920,0,2964304,0,2960906,0,10633653,0,10369634,4550,3200,12881,15311399,14246369,4498,4459,533
1786400408710,4965392,1390720,1567328,1174080,8235920,0,2964304,0,2960906,0,10633653,0,10369634,4550,3200,12881,15311399,14246369,4498,4459,533
1786400409216,4965392,1390720,1567328,1174080,8235920,0,2964304,0,2960906,0,10633653,0,10369634,4550,3200,12881,15311399,14246369,4498,4459,533
1786400409726,4965392,1390720,1567328,1174080,8235920,0,2964304,0,2960906,0,10633653,0,10369634,4550,3200,12881,15311399,14246369,4498,4459,533
1786400410230,4965392,1390720,1567328,1174080,8235920,0,2964304,0,2960906,0,10633653,0,10369634,4550,3200,12881,15311399,14246369,4498,4459,533
1786400410733,4965392,1390720,1567328,1174080,8235920,0,2964304,0,2960906,0,10633653,0,10369634,4550,3200,12881,15311399,14246369,4498,4459,533
1786400411246,4965392,1390720,1567328,1174080,8235920,0,2964304,0,2960906,0,10633653,0,10369634,4550,3200,12881,15311399,14246369,4498,4459,533
1786400411757,4965392,1390720,1567328,1174080,8235920,0,2964304,0,2960906,0,10633653,0,10369634,4550,3200,12881,15311399,14246369,4498,4459,533
1786400412259,4965392,1390720,1567328,1174080,8235920,0,2964304,0,2960906,0,10633653,0,10369634,4550,3200,12881,15311399,14246369,4498,4459,533
1786400412766,4965392,1390480,1567088,1174080,8235920,0,2964304,0,2960906,0,10633653,0,10369634,4550,3200,12881,15311399,14246369,4498,4459,533
1786400413280,4965392,1390480,1567088,1174080,8235920,0,2964304,0,2960906,0,10633653,0,10369634,4550,3200,12881,15311399,14246369,4498,4459,533
1786400413786,4965392,1390480,1567088,1174080,8235920,0,2964304,0,2960906,0,10633653,0,10369634,4550,3200,12881,15311399,14246369,4498,4459,533
1786400414290,4965392,1390480,1567088,1174080,8235920,0,2964304,0,2960906,0,10633653,0,10369634,4550,3200,12881,15311399,14246369,4498,4459,533
1786400414803,4965392,1390480,1567088,1174080,8235920,0,2964304,0,2960906,0,10633653,0,10369634,4550,3200,12881,15311399,14246369,4498,4459,533
1786400415309,4965392,1390480,1567088,1174080,8235920,0,2964304,0,2960906,0,10633653,0,10369634,4550,3200,12881,15311399,14246369,4498,4459,533
1786400415814,4965392,1390000,1566608,1174080,8235920,0,2964304,0,2960906,0,10633653,0,10369634,4550,3200,12881,15311399,14246369,4498,4459,533
1786400416322,4965392,1390000,1566608,1174080,8235920,0,2964304,0,2960906,0,10633653,0,10369634,4550,3200,12881,15311399,14246369,4498,4459,533
1786400416830,4965392,1390000,1566608,1174080,8235920,0,2964304,0,2960906,0,10633653,0,10369634,4550,3200,12881,15311399,14246369,4498,4459,533
1786400417335,4965392,1389280,1565888,1174080,8235920,0,2964304,0,2960906,0,10633653,0,10369634,4550,3200,12881,15311399,14246369,4498,4459,533
1786400417846,4965392,1389280,1565888,1174080,8235920,0,2964304,0,2960906,0,10633653,0,10369634,4550,3200,12881,15311399,14246369,4498,4459,533
1786400418359,4965392,1389280,1565888,1174080,8235920,0,2964304,0,2960906,0,10633653,0,10369634,4550,3200,12881,15311399,14246369,4498,4459,533
1786400418864,4965392,1389280,1565888,1174080,8235920,0,2964304,0,2960906,0,10633653,0,10369634,4550,3200,12881,15311399,14246369,4498,4459,533
1786400419376,4965392,1389040,1565648,1174080,8235920,0,2964304,0,2960906,0,10633653,0,10369634,4550,3200,12881,15311399,14246369,4498,4459,533
1786400419881,4965392,1389040,1565648,1174080,8235920,0,2964304,0,2960906,0,10633653,0,10369634,4550,3200,12881,15311399,14246369,4498,4459,533
1786400420382,4965392,1388800,1565408,1174096,8235920,0,2964304,0,2960906,0,10633653,0,10369634,4550,3200,12881,15311399,14246369,4498,4459,533
1786400420888,4965392,1388800,1565408,1174096,8235920,0,2964304,0,2960906,0,10633653,0,10369634,4550,3200,12881,15311399,14246369,4498,4459,533
1786400421393,4965392,1388800,1565408,1174096,8235920,0,2964304,0,2960906,0,10633653,0,10369634,4550,3200,12881,15311399,14246369,4498,4459,533
1786400421902,4965392,1388560,1565168,1174096,8235920,0,2964304,0,2960906,0,10633653,0,10369634,4550,3200,12881,15311399,14246369,4498,4459,533
1786400422407,4965392,1388560,1565168,1174096,8235920,0,2964304,0,2960906,0,10633653,0,10369634,4550,3200,12881,15311399,14246369,4498,4459,533
1786400422919,4965392,1388560,1565168,1174096,8235920,0,2964304,0,2960906,0,10633653,0,10369634,4550,3200,12881,15311399,14246369,4498,4459,533
1786400423426,4965392,1388320,1564928,1174096,8235920,0,2964304,0,2960906,0,10633653,0,10369634,4550,3200,12881,15311399,14246369,4498,4459,533
1786400423938,4965392,1388080,1564688,1174096,8235920,0,2964304,0,2960906,0,10633653,0,10369634,4550,3200,12881,15311399,14246369,4498,4459,533
1786400424442,4965392,1388080,1564688,1174096,8235920,0,2964304,0,2960906,0,10633653,0,10369634,4550,3200,12881,15311399,14246369,4498,4459,533
1786400424943,4965392,1388080,1564688,1174096,8235920,0,2964304,0,2960906,0,10633653,0,10369634,4550,3200,12881,15311399,14246369,4498,4459,533
1786400425454,4965392,1388080,1564688,1174096,8235920,0,2964304,0,2960906,0,10633653,0,10369634,4550,3200,12881,15311399,14246369,4498,4459,533
1786400425959,4965392,1388080,1564688,1174096,8235920,0,2964304,0,2960906,0,10633653,0,10369634,4550,3200,12881,15311399,14246369,4498,4459,533
1786400426471,4965392,1387600,1564208,1174096,8235920,0,2964304,0,2960906,0,10633653,0,10369634,4550,3200,12881,15311399,14246369,4498,4459,533
1786400426978,4965392,1387600,1564208,1174096,8235920,0,2964304,0,2960906,0,10633653,0,10369634,4550,3200,12881,15311399,14246369,4498,4459,533
1786400427483,4965392,1387600,1564208,1174096,8235920,0,2964304,0,2960906,0,10633653,0,10369634,4550,3200,12881,15311399,14246369,4498,4459,533
1786400427988,4965392,1387600,1564208,1174096,8235920,0,2964304,0,2960906,0,10633653,0,10369634,4550,3200,12881,15311399,14246369,4498,4459,533
1786400428500,4965392,1387600,1564208,1174096,8235920,0,2964304,0,2960906,0,10633653,0,10369634,4550,3200,12881,15311399,14246369,4498,4459,533
1786400429002,4965392,1387600,1564208,1174096,8235920,0,2964304,0,2960906,0,10633653,0,10369634,4550,3200,12881,15311399,14246369,4498,4459,533
1786400429512,4965392,1387600,1564208,1174096,8235920,0,2964304,0,2960906,0,10633653,0,10369634,4550,3200,12881,15311399,14246369,4498,4459,533
1786400430023,4965392,1387600,1564208,1174096,8235920,0,2964304,0,2960906,0,10633653,0,10369634,4550,3200,12881,15311399,14246369,4498,4459,533
1786400430527,4965392,1387600,1564208,1174096,8235920,0,2964304,0,2960906,0,10633653,0,10369634,4550,3200,12881,15311399,14246369,4498,4459,533
1786400431040,4965392,1387600,1564208,1174096,8235920,0,2964304,0,2960906,0,10633653,0,10369634,4550,3200,12881,15311399,14246369,4498,4459,533
1786400431551,4965392,1387600,1564208,1174096,8235920,0,2964304,0,2960906,0,10633653,0,10369634,4550,3200,12881,15311399,14246369,4498,4459,533
1786400432062,4965392,1387360,1563968,1174096,8235920,0,2964304,0,2960906,0,10633653,0,10369634,4550,3200,12881,15311399,14246369,4498,4459,533
1786400432572,4965392,1387360,1563968,1174096,8235920,0,2964304,0,2960906,0,10633653,0,10369634,4550,3200,12881,15311399,14246369,4498,4459,533
1786400433078,4965392,1387360,1563968,1174096,8235920,0,2964304,0,2960906,0,10633653,0,10369634,4550,3200,12881,15311399,14246369,4498,4459,533
1786400433579,4965392,1387360,1563968,1174096,8235920,0,2964304,0,2960906,0,10633653,0,10369634,4550,3200,12881,15311399,14246369,4498,4459,533
1786400434089,4965392,1387360,1563968,1174096,8235920,0,2964304,0,2960906,0,10633653,0,10369634,4550,3200,12881,15311399,14246369,4498,4459,533
1786400434601,4965392,1387360,1563968,1174096,8235920,0,2964304,0,2960906,0,10633653,0,10369634,4550,3200,12881,15311399,14246369,4498,4459,533
1786400435113,4965392,1387360,1563968,1174096,8235920,0,2964304,0,2960906,0,10633653,0,10369634,4550,3200,12881,15311399,14246369,4498,4459,533
1786400435625,4965392,1387360,1563968,1174096,8235920,0,2964304,0,2960906,0,10633653,0,10369634,4550,3200,12881,15311399,14246369,4498,4459,533
1786400436132,4965392,1387360,1563968,1174096,8235920,0,2964304,0,2960906,0,10633653,0,10369634,4550,3200,12881,15311399,14246369,4498,4459,533
1786400436634,4965392,1387360,1563968,1174096,8235920,0,2964304,0,2960906,0,10633653,0,10369634,4550,3200,12881,15311399,14246369,4498,4459,533
1786400437145,4965392,1387360,1563968,1174096,8235920,0,2964304,0,2960906,0,10633653,0,10369634,4550,3200,12881,15311399,14246369,4498,4459,533
1786400437648,4965392,1387360,1563968,1174096,8235920,0,2964304,0,2960906,0,10633653,0,10369634,4550,3200,12881,15311399,14246369,4498,4459,533
1786400438160,4965392,1387360,1563968,1174096,8235920,0,2964304,0,2960906,0,10633653,0,10369634,4550,3200,12881,15311399,14246369,4498,4459,533
1786400438667,4965392,1387360,1563968,1174096,8235920,0,2964304,0,2960906,0,10633653,0,10369634,4550,3200,12881,15311399,14246369,4498,4459,533
1786400439179,4965392,1387360,1563968,1174096,8235920,0,2964304,0,2960906,0,10633653,0,10369634,4550,3200,12881,15311399,14246369,4498,4459,533
1786400439691,4965392,1387360,1563968,1174096,8235920,0,2964304,0,2960906,0,10633653,0,10369634,4550,3200,12881,15311399,14246369,4498,4459,533
1786400440203,4965392,1387360,1563968,1174096,8235920,0,2964304,0,2960906,0,10633653,0,10369634,4550,3200,12881,15311399,14246369,4498,4459,533
1786400440706,4965392,1387360,1563968,1174096,8235920,0,2964304,0,2960906,0,10633653,0,10369634,4550,3200,12881,15311399,14246369,4498,4459,533
1786400441208,4965392,1387360,1563968,1174096,8235920,0,2964304,0,2960906,0,10637058,0,10373003,4550,3200,12881,15311399,14246369,4498,4459,533
1786400441710,4965392,1387360,1563968,1174096,8235920,0,2964304,0,2960906,0,10637058,0,10373003,4550,3200,12881,15311399,14246369,4498,4459,533
1786400442221,4965392,1387360,1563968,1174096,8235920,0,2964304,0,2960906,0,10637058,0,10373003,4550,3200,12881,15311399,14246369,4498,4459,533
1786400442726,4965392,1387360,1563968,1174096,8235920,0,2964304,0,2960906,0,10637058,0,10373003,4550,3200,12881,15311399,14246369,4498,4459,533
1786400443239,4965392,1387360,1563968,1174096,8235920,0,2964304,0,2960906,0,10637058,0,10373003,4550,3200,12881,15311399,14246369,4498,4459,533
1786400443743,4965392,1387360,1563968,1174096,8235920,0,2964304,0,2960906,0,10637058,0,10373003,4550,3200,12881,15311399,14246369,4498,4459,533
1786400444249,4965392,1387360,1563968,1174096,8235920,0,2964304,0,2960906,0,10637058,0,10373003,4550,3200,12881,15311399,14246369,4498,4459,533
1786400444754,4965392,1387360,1563968,1174096,8235920,0,2964304,0,2960906,0,10637058,0,10373003,4550,3200,12881,15311399,14246369,4498,4459,533
1786400445264,4965392,1387360,1563968,1174096,8235920,0,2964304,0,2960906,0,10637058,0,10373003,4550,3200,12881,15311399,14246369,4498,4459,533
1786400445766,4965392,1387360,1563968,1174096,8235920,0,2964304,0,2960906,0,10637058,0,10373003,4550,3200,12881,15311399,14246369,4498,4459,533
1786400446268,4965392,1387360,1563968,1174096,8235920,0,2964304,0,2960906,0,10637058,0,10373003,4550,3200,12881,15311399,14246369,4498,4459,533
1786400446774,4965392,1387360,1563968,1174096,8235920,0,2964304,0,2960906,0,10637058,0,10373003,4550,3200,12881,15311399,14246369,4498,4459,533
1786400447286,4965392,1387360,1563968,1174096,8235920,0,2964304,0,2960906,0,10637058,0,10373003,4550,3200,12881,15311399,14246369,4498,4459,533
1786400447789,4965392,1387360,1563968,1174096,8235920,0,2964304,0,2960906,0,10637058,0,10373003,4550,3200,12881,15311399,14246369,4498,4459,533
1786400448295,4965392,1387360,1563968,1174096,8235920,0,2964304,0,2960906,0,10637058,0,10373003,4550,3200,12881,15311399,14246369,4498,4459,533
1786400448798,4965392,1387360,1563968,1174096,8235920,0,2964304,0,2960906,0,10637058,0,10373003,4550,3200,12881,15311399,14246369,4498,4459,533
1786400449305,4965392,1387360,1563968,1174096,8235920,0,2964304,0,2960906,0,10637058,0,10373003,4550,3200,12881,15311399,14246369,4498,4459,533
1786400449813,4965392,1387360,1563968,1174096,8235920,0,2964304,0,2960906,0,10637058,0,10373003,4550,3200,12881,15311399,14246369,4498,4459,533
1786400450321,4965392,1387360,1563968,1174096,8235920,0,2964304,0,2960906,0,10637058,0,10373003,4550,3200,12881,15311399,14246369,4498,4459,533
1786400450828,4965392,1387360,1563968,1174096,8235920,0,2964304,0,2960906,0,10637058,0,10373003,4550,3200,12881,15311399,14246369,4498,4459,533
1786400451339,4965392,1387360,1563968,1174096,8235920,0,2964304,0,2960906,0,10637058,0,10373003,4550,3200,12881,15311399,14246369,4498,4459,533
1786400451851,4965392,1387360,1563968,1174096,8235920,0,2964304,0,2960906,0,10637058,0,10373003,4550,3200,12881,15311399,14246369,4498,4459,533
1786400452361,4965392,1387360,1563968,1174096,8235920,0,2964304,0,2960906,0,10637058,0,10373003,4550,3200,12881,15311399,14246369,4498,4459,533
1786400452868,4965392,1387360,1563968,1174096,8235920,0,2964304,0,2960906,0,10637058,0,10373003,4550,3200,12881,15311399,14246369,4498,4459,533
1786400453379,4965392,1387360,1563968,1174096,8235920,0,2964304,0,2960906,0,10637058,0,10373003,4550,3200,12881,15311399,14246369,4498,4459,533
1786400453880,4965392,1387360,1563968,1174096,8235920,0,2964304,0,2960906,0,10637058,0,10373003,4550,3200,12881,15311399,14246369,4498,4459,533
1786400454390,4965392,1387360,1563968,1174096,8235920,0,2964304,0,2960906,0,10637058,0,10373003,4550,3200,12881,15311399,14246369,4498,4459,533
1786400454895,4965392,1387360,1563968,1174096,8235920,0,2964304,0,2960906,0,10637058,0,10373003,4550,3200,12881,15311399,14246369,4498,4459,533
1786400455407,4965392,1387360,1563968,1174096,8235920,0,2964304,0,2960906,0,10637058,0,10373003,4550,3200,12881,15311399,14246369,4498,4459,533
1786400455916,4965392,1387360,1563968,1174096,8235920,0,2964304,0,2960906,0,10637058,0,10373003,4550,3200,12881,15311399,14246369,4498,4459,533
1786400456428,4965392,1387360,1563968,1174096,8235920,0,2964304,0,2960906,0,10637058,0,10373003,4550,3200,12881,15311399,14246369,4498,4459,533
1786400456941,4965392,1387360,1563968,1174096,8235920,0,2964304,0,2960906,0,10637058,0,10373003,4550,3200,12881,15311399,14246369,4498,4459,533
1786400457446,4965392,1387360,1563968,1174096,8235920,0,2964304,0,2960906,0,10637058,0,10373003,4550,3200,12881,15311399,14246369,4498,4459,533
1786400457955,4965392,1387360,1563968,1174096,8235920,0,2964304,0,2960906,0,10637058,0,10373003,4550,3200,12881,15311399,14246369,4498,4459,533
1786400458456,4965392,1387360,1563968,1174096,8235920,0,2964304,0,2960906,0,10637058,0,10373003,4550,3200,12881,15311399,14246369,4498,4459,533
1786400458967,4965392,1387360,1563968,1174096,8235920,0,2964304,0,2960906,0,10637058,0,10373003,4550,3200,12881,15311399,14246369,4498,4459,533
1786400459477,4965392,1387360,1563968,1174096,8235920,0,2964304,0,2960906,0,10637058,0,10373003,4550,3200,12881,15311399,14246369,4498,4459,533
1786400459983,4965392,1387360,1563968,1174096,8235920,0,2964304,0,2960906,0,10637058,0,10373003,4550,3200,12881,15311399,14246369,4498,4459,533
1786400460493,4965392,1387360,1563968,1174096,8235920,0,2964304,0,2960906,0,10637058,0,10373003,4550,3200,12881,15311399,14246369,4498,4459,533
1786400461005,4965392,1387360,1563968,1174096,8235920,0,2964304,0,2960906,0,10637058,0,10373003,4550,3200,12881,15311399,14246369,4498,4459,533
1786400461515,4965392,1387360,1563968,1174096,8235920,0,2964304,0,2960906,0,10637058,0,10373003,4550,3200,12881,15311399,14246369,4498,4459,533
1786400462027,4965392,1387360,1563968,1174096,8235920,0,2964304,0,2960906,0,10637058,0,10373003,4550,3200,12881,15311399,14246369,4498,4459,533
1786400462531,4965392,1387360,1563968,1174096,8235920,0,2964304,0,2960906,0,10637058,0,10373003,4550,3200,12881,15311399,14246369,4498,4459,533
1786400463038,4965392,1387360,1563968,1174096,8235920,0,2964304,0,2960906,0,10637058,0,10373003,4550,3200,12881,15311399,14246369,4498,4459,533
1786400463542,4965392,1387360,1563968,1174096,8235920,0,2964304,0,2960906,0,10637058,0,10373003,4550,3200,12881,15311399,14246369,4498,4459,533
1786400464053,4965392,1387360,1563968,1174096,8235920,0,2964304,0,2960906,0,10637058,0,10373003,4550,3200,12881,15311399,14246369,4498,4459,533
1786400464564,4965392,1387360,1563968,1174096,8235920,0,2964304,0,2960906,0,10637058,0,10373003,4550,3200,12881,15311399,14246369,4498,4459,533
1786400465073,4965392,1387360,1563968,1174096,8235920,0,2964304,0,2960906,0,10637058,0,10373003,4550,3200,12881,15311399,14246369,4498,4459,533
1786400465585,4965392,1387360,1563968,1174096,8235920,0,2964304,0,2960906,0,10637058,0,10373003,4550,3200,12881,15311399,14246369,4498,4459,533
1786400466093,4965392,1387360,1563968,1174096,8235920,0,2964304,0,2960906,0,10637058,0,10373003,4550,3200,12881,15311399,14246369,4498,4459,533
1786400466598,4965392,1387360,1563968,1174096,8235920,0,2964304,0,2960906,0,10637058,0,10373003,4550,3200,12881,15311399,14246369,4498,4459,533
1786400467108,4965392,1387360,1563968,1174096,8235920,0,2964304,0,2960906,0,10637058,0,10373003,4550,3200,12881,15311399,14246369,4498,4459,533
1786400467619,4965392,1387360,1563968,1174096,8235920,0,2964304,0,2960906,0,10637058,0,10373003,4550,3200,12881,15311399,14246369,4498,4459,533
1786400468130,4965392,1387360,1563968,1174096,8235920,0,2964304,0,2960906,0,10637058,0,10373003,4550,3200,12881,15311399,14246369,4498,4459,533
1786400468642,4965392,1387360,1563968,1174096,8235920,0,2964304,0,2960906,0,10637058,0,10373003,4550,3200,12881,15311399,14246369,4498,4459,533
1786400469145,4965392,1387360,1563968,1174096,8235920,0,2964304,0,2960906,0,10637058,0,10373003,4550,3200,12881,15311399,14246369,4498,4459,533
1786400469655,4965392,1387360,1563968,1174096,8235920,0,2964304,0,2960906,0,10637058,0,10373003,4550,3200,12881,15311399,14246369,4498,4459,533
1786400470165,4965392,1387360,1563968,1174096,8235920,0,2964304,0,2960906,0,10637058,0,10373003,4550,3200,12881,15311399,14246369,4498,4459,533
1786400470674,4965392,1387360,1563968,1174096,8235920,0,2964304,0,2960906,0,10637058,0,10373003,4550,3200,12881,15311399,14246369,4498,4459,533
1786400471186,4965392,1387360,1563968,1174096,8235920,0,2964304,0,2960906,0,10637058,0,10373003,4550,3200,12881,15311399,14246369,4498,4459,533
1786400471694,4965392,1387360,1563968,1174096,8235920,0,2964304,0,2960906,0,10637058,0,10373003,4550,3200,12881,15311399,14246369,4498,4459,533
1786400472199,4965392,1387360,1563968,1174096,8235920,0,2964304,0,2960906,0,10637058,0,10373003,4550,3200,12881,15311399,14246369,4498,4459,533
1786400472700,4965392,1387360,1563968,1174096,8235920,0,2964304,0,2960906,0,10637058,0,10373003,4550,3200,12881,15311399,14246369,4498,4459,533
1786400473203,4965392,1387360,1563968,1174096,8235920,0,2964304,0,2960906,0,10637058,0,10373003,4550,3200,12881,15311399,14246369,4498,4459,533
1786400473712,4965392,1387360,1563968,1174096,8235920,0,2964304,0,2960906,0,10637058,0,10373003,4550,3200,12881,15311399,14246369,4498,4459,533
1786400474219,4965392,1387360,1563968,1174096,8235920,0,2964304,0,2960906,0,10637058,0,10373003,4550,3200,12881,15311399,14246369,4498,4459,533
1786400474722,4965392,1387120,1563728,1174096,8235920,0,2964304,0,2960906,0,10637058,0,10373003,4550,3200,12881,15311399,14246369,4498,4459,533
1786400475230,4965392,1387120,1563728,1174096,8235920,0,2964304,0,2960906,0,10637058,0,10373003,4550,3200,12881,15311399,14246369,4498,4459,533
1786400475732,4965392,1387120,1563728,1174096,8235920,0,2964304,0,2960906,0,10637058,0,10373003,4550,3200,12881,15311399,14246369,4498,4459,533
1786400476241,4965392,1386880,1563488,1174096,8235920,0,2964304,0,2960906,0,10637058,0,10373003,4550,3200,12881,15311399,14246369,4498,4459,533
1786400476751,4965392,1386880,1563488,1174096,8235920,0,2964304,0,2960906,0,10637058,0,10373003,4550,3200,12881,15311399,14246369,4498,4459,533
1786400477263,4965392,1386880,1563488,1174096,8235920,0,2964304,0,2960906,0,10637058,0,10373003,4550,3200,12881,15311399,14246369,4498,4459,533
1786400477769,4965392,1386880,1563488,1174112,8235920,0,2964304,0,2960906,0,10637058,0,10373003,4550,3200,12881,15311399,14246369,4498,4459,533
1786400478281,4965392,1386880,1563488,1174112,8235920,0,2964304,0,2960906,0,10637058,0,10373003,4550,3200,12881,15311399,14246369,4498,4459,533
1786400478791,4965392,1386880,1563488,1174112,8235920,0,2964304,0,2960906,0,10637058,0,10373003,4550,3200,12881,15311399,14246369,4498,4459,533
1786400479294,4965392,1378288,1560640,1179872,8236016,0,2964304,0,2960906,0,10648939,0,10384588,4579,3207,12881,15311399,14246369,4498,4459,533
1786400479812,4965392,1378288,1560640,1179968,8236208,0,2964304,0,2960906,0,10650554,0,10385361,4593,3217,12881,15311399,14246369,4498,4459,533
1786400480323,4965392,1378288,1560752,1179984,8236208,0,2964304,0,2960906,0,10650554,0,10385361,4593,3217,12881,15311399,14246369,4498,4459,533
1786400480834,4965392,1378288,1560752,1179984,8236208,0,2964304,0,2960906,0,10650554,0,10385361,4593,3217,12881,15311399,14246369,4498,4459,533
1786400481345,4965392,1378288,1560752,1179984,8236208,0,2964304,0,2960906,0,10650554,0,10385361,4593,3217,12881,15311399,14246369,4498,4459,533
1786400481856,4965392,1378288,1560752,1179984,8236208,0,2964304,0,2960906,0,10650554,0,10385361,4593,3217,12881,15311399,14246369,4498,4459,533
1786400482364,4965392,1378288,1560752,1179984,8236208,0,2964304,0,2960906,0,10650554,0,10385361,4593,3217,12881,15311399,14246369,4498,4459,533
1786400482876,4965392,1378288,1560752,1179984,8236208,0,2964304,0,2960906,0,10650554,0,10385361,4593,3217,12881,15311399,14246369,4498,4459,533
1786400483388,4965392,1378288,1560752,1179984,8236208,0,2964304,0,2960906,0,10650554,0,10385361,4593,3217,12881,15311399,14246369,4498,4459,533
1786400483901,4965392,1378288,1560752,1179984,8236208,0,2964304,0,2960906,0,10650554,0,10385361,4593,3217,12881,15311399,14246369,4498,4459,533
1786400484405,4965392,1378288,1560752,1179984,8236208,0,2964304,0,2960906,0,10650554,0,10385361,4593,3217,12881,15311399,14246369,4498,4459,533
1786400484915,4965392,1378288,1560752,1179984,8236208,0,2964304,0,2960906,0,10650554,0,10385361,4593,3217,12881,15311399,14246369,4498,4459,533
1786400485425,4965392,1378288,1560752,1179984,8236208,0,2964304,0,2960906,0,10650554,0,10385361,4593,3217,12881,15311399,14246369,4498,4459,533
1786400485932,4965392,1378288,1560752,1179984,8236208,0,2964304,0,2960906,0,10650554,0,10385361,4593,3217,12881,15311399,14246369,4498,4459,533
1786400486438,4965392,1378288,1560752,1179984,8236208,0,2964304,0,2960906,0,10650554,0,10385361,4593,3217,12881,15311399,14246369,4498,4459,533
1786400486942,4965392,1378288,1560752,1179984,8236208,0,2964304,0,2960906,0,10650554,0,10385361,4593,3217,12881,15311399,14246369,4498,4459,533
1786400487448,4965392,1378288,1560752,1179984,8236208,0,2964304,0,2960906,0,10650554,0,10385361,4593,3217,12881,15311399,14246369,4498,4459,533
1786400487957,4965392,1378288,1560752,1179984,8236208,0,2964304,0,2960906,0,10650554,0,10385361,4593,3217,12881,15311399,14246369,4498,4459,533
1786400488469,4965392,1378048,1560512,1179984,8236208,0,2964304,0,2960906,0,10650554,0,10385361,4593,3217,12881,15311399,14246369,4498,4459,533
1786400488972,4965392,1378048,1560512,1179984,8236208,0,2964304,0,2960906,0,10650554,0,10385361,4593,3217,12881,15311399,14246369,4498,4459,533
1786400489473,4965392,1378048,1560512,1179984,8236208,0,2964304,0,2960906,0,10650554,0,10385361,4593,3217,12881,15311399,14246369,4498,4459,533
1786400489979,4965392,1378048,1560512,1179984,8236208,0,2964304,0,2960906,0,10650554,0,10385361,4593,3217,12881,15311399,14246369,4498,4459,533
1786400490488,4965392,1378048,1560512,1179984,8236208,0,2964304,0,2960906,0,10650554,0,10385361,4593,3217,12881,15311399,14246369,4498,4459,533
1786400490989,4965392,1378048,1560512,1179984,8236208,0,2964304,0,2960906,0,10650554,0,10385361,4593,3217,12881,15311399,14246369,4498,4459,533
1786400491496,4965392,1378048,1560512,1179984,8236208,0,2964304,0,2960906,0,10650554,0,10385361,4593,3217,12881,15311399,14246369,4498,4459,533
1786400491999,4965392,1378048,1560512,1179984,8236208,0,2964304,0,2960906,0,10650554,0,10385361,4593,3217,12881,15311399,14246369,4498,4459,533
1786400492505,4965392,1377808,1560272,1179984,8236208,0,2964304,0,2960906,0,10650554,0,10385361,4593,3217,12881,15311399,14246369,4498,4459,533
1786400493017,4965392,1377808,1560272,1179984,8236208,0,2964304,0,2960906,0,10650554,0,10385361,4593,3217,12881,15311399,14246369,4498,4459,533
1786400493518,4965392,1377808,1560272,1179984,8236208,0,2964304,0,2960906,0,10650554,0,10385361,4593,3217,12881,15311399,14246369,4498,4459,533
1786400494025,4965392,1377808,1560272,1179984,8236208,0,2964304,0,2960906,0,10650554,0,10385361,4593,3217,12881,15311399,14246369,4498,4459,533
1786400494534,4965392,1377568,1560032,1179984,8236208,0,2964304,0,2960906,0,10650554,0,10385361,4593,3217,12881,15311399,14246369,4498,4459,533
1786400495046,4965392,1377568,1560032,1179984,8236208,0,2964304,0,2960906,0,10650554,0,10385361,4593,3217,12881,15311399,14246369,4498,4459,533
1786400495549,4965392,1377568,1560032,1179984,8236208,0,2964304,0,2960906,0,10650554,0,10385361,4593,3217,12881,15311399,14246369,4498,4459,533
1786400496051,4965392,1377568,1560032,1179984,8236208,0,2964304,0,2960906,0,10650554,0,10385361,4593,3217,12881,15311399,14246369,4498,4459,533
1786400496563,4965392,1377568,1560032,1179984,8236208,0,2964304,0,2960906,0,10650554,0,10385361,4593,3217,12881,15311399,14246369,4498,4459,533
1786400497073,4965392,1377568,1560032,1179984,8236208,0,2964304,0,2960906,0,10650554,0,10385361,4593,3217,12881,15311399,14246369,4498,4459,533
1786400497574,4965392,1377328,1559792,1179984,8236208,0,2964304,0,2960906,0,10650554,0,10385361,4593,3217,12881,15311399,14246369,4498,4459,533
1786400498085,4965392,1377328,1559792,1179984,8236208,0,2964304,0,2960906,0,10650554,0,10385361,4593,3217,12881,15311399,14246369,4498,4459,533
1786400498593,4965392,1377328,1559792,1179984,8236208,0,2964304,0,2960906,0,10650554,0,10385361,4593,3217,12881,15311399,14246369,4498,4459,533
1786400499098,4965392,1377328,1559792,1179984,8236208,0,2964304,0,2960906,0,10650554,0,10385361,4593,3217,12881,15311399,14246369,4498,4459,533
1786400499610,4965392,1377328,1559792,1179984,8236208,0,2964304,0,2960906,0,10650554,0,10385361,4593,3217,12881,15311399,14246369,4498,4459,533
1786400500122,4965392,1377328,1559792,1179984,8236208,0,2964304,0,2960906,0,10650554,0,10385361,4593,3217,12881,15311399,14246369,4498,4459,533
1786400500625,4965392,1377328,1559792,1179984,8236208,0,2964304,0,2960906,0,10650554,0,10385361,4593,3217,12881,15311399,14246369,4498,4459,533
1786400501137,4965392,1377328,1559792,1179984,8236208,0,2964304,0,2960906,0,10650554,0,10385361,4593,3217,12881,15311399,14246369,4498,4459,533
1786400501643,4965392,1377328,1559792,1179984,8236208,0,2964304,0,2960906,0,10650554,0,10385361,4593,3217,12881,15311399,14246369,4498,4459,533
1786400502145,4965392,1377328,1559792,1179984,8236208,0,2964304,0,2960906,0,10650554,0,10385361,4593,3217,12881,15311399,14246369,4498,4459,533
1786400502655,4965392,1377328,1559792,1179984,8236208,0,2964304,0,2960906,0,10650554,0,10385361,4593,3217,12881,15311399,14246369,4498,4459,533
1786400503161,4965392,1377328,1559792,1179984,8236208,0,2964304,0,2960906,0,10650554,0,10385361,4593,3217,12881,15311399,14246369,4498,4459,533
1786400503663,4965392,1377328,1559792,1179984,8236208,0,2964304,0,2960906,0,10650554,0,10385361,4593,3217,12881,15311399,14246369,4498,4459,533
1786400504171,4965392,1377328,1559792,1179984,8236208,0,2964304,0,2960906,0,10650554,0,10385361,4593,3217,12881,15311399,14246369,4498,4459,533
1786400504674,4965392,1377328,1559792,1179984,8236208,0,2964304,0,2960906,0,10650554,0,10385361,4593,3217,12881,15311399,14246369,4498,4459,533
1786400505181,4965392,1377328,1559792,1179984,8236208,0,2964304,0,2960906,0,10650554,0,10385361,4593,3217,12881,15311399,14246369,4498,4459,533
1786400505683,4965392,1377328,1559792,1179984,8236208,0,2964304,0,2960906,0,10650554,0,10385361,4593,3217,12881,15311399,14246369,4498,4459,533
1786400506194,4965392,1377328,1559792,1179984,8236208,0,2964304,0,2960906,0,10650554,0,10385361,4593,3217,12881,15311399,14246369,4498,4459,533
1786400506705,4965392,1377328,1559792,1179984,8236208,0,2964304,0,2960906,0,10650554,0,10385361,4593,3217,12881,15311399,14246369,4498,4459,533
1786400507216,4965392,1377328,1559792,1179984,8236208,0,2964304,0,2960906,0,10650554,0,10385361,4593,3217,12881,15311399,14246369,4498,4459,533
1786400507724,4965392,1377328,1559792,1179984,8236208,0,2964304,0,2960906,0,10650554,0,10385361,4593,3217,12881,15311399,14246369,4498,4459,533
1786400508231,4965392,1377328,1559792,1179984,8236208,0,2964304,0,2960906,0,10650554,0,10385361,4593,3217,12881,15311399,14246369,4498,4459,533
1786400508739,4965392,1377328,1559792,1179984,8236208,0,2964304,0,2960906,0,10650554,0,10385361,4593,3217,12881,15311399,14246369,4498,4459,533
1786400509244,4965392,1377328,1559792,1179984,8236208,0,2964304,0,2960906,0,10650554,0,10385361,4593,3217,12881,15311399,14246369,4498,4459,533
1786400509744,4965392,1377328,1559792,1179984,8236208,0,2964304,0,2960906,0,10652009,0,10386477,4593,3217,12881,15311399,14246369,4498,4459,533
1786400510247,4965392,1377088,1559632,1180064,8236208,0,2964304,0,2960906,0,10658286,0,10392500,4593,3217,12881,15311399,14246369,4498,4459,533
1786400510748,4965392,1377088,1559632,1180848,8236208,0,2964304,0,2960906,0,10672291,0,10406500,4593,3217,12881,15311399,14246369,4498,4459,533
1786400511261,4965392,1377088,1559632,1180848,8236208,0,2964304,0,2960906,18,10672291,18,10406500,4593,3217,12881,15311399,14246369,4498,4459,533
1786400511773,4965392,1377088,1560576,1181008,8236208,0,2964304,0,2960906,18,10672291,18,10406500,4593,3217,12881,15311399,14246369,4498,4459,533
1786400512285,4965392,1377088,1560576,1181008,8236208,0,2964304,0,2960906,18,10672291,18,10406500,4593,3217,12881,15311399,14246369,4498,4459,533
1786400512793,4965392,1377088,1560576,1181008,8236208,0,2964304,0,2960906,18,10672291,18,10406500,4593,3217,12881,15311399,14246369,4498,4459,533
1786400513301,4965392,1377088,1560576,1181008,8236208,0,2964304,0,2960906,14,10672291,14,10406500,4593,3217,12881,15311399,14246369,4498,4459,533
1786400513811,4965392,1377088,1560576,1181008,8236208,0,2964304,0,2960906,14,10672291,14,10406500,4593,3217,12881,15311399,14246369,4498,4459,533
1786400514318,4965392,1377088,1560576,1181008,8236208,0,2964304,0,2960906,14,10672291,14,10406500,4593,3217,12881,15311399,14246369,4498,4459,533
1786400514820,4965392,1377088,1560576,1181008,8236208,0,2964304,0,2960906,14,10672291,14,10406500,4593,3217,12881,15311399,14246369,4498,4459,533
1786400515331,4965392,1376848,1560336,1181008,8236208,0,2964304,0,2960906,12,10672291,12,10406500,4593,3217,12881,15311399,14246369,4498,4459,533
1786400515839,4965392,1376848,1560336,1181008,8236208,0,2964304,0,2960906,12,10672291,12,10406500,4593,3217,12881,15311399,14246369,4498,4459,533
1786400516351,4965392,1376848,1560336,1181008,8236208,0,2964304,0,2960906,12,10672291,12,10406500,4593,3217,12881,15311399,14246369,4498,4459,533
1786400516858,4965392,1376848,1560336,1181008,8236208,0,2964304,0,2960906,12,10672291,12,10406500,4593,3217,12881,15311399,14246369,4498,4459,533
1786400517364,4965392,1376608,1560096,1181008,8236208,0,2964304,0,2960906,9,10672291,9,10406500,4593,3217,12881,15311399,14246369,4498,4459,533
1786400517865,4965392,1376608,1560096,1181008,8236208,0,2964304,0,2960906,9,10672291,9,10406500,4593,3217,12881,15311399,14246369,4498,4459,533
1786400518368,4965392,1376608,1560096,1181008,8236208,0,2964304,0,2960906,9,10672291,9,10406500,4593,3217,12881,15311399,14246369,4498,4459,533
1786400518873,4965392,1376608,1560096,1181008,8236208,0,2964304,0,2960906,9,10672291,9,10406500,4593,3217,12881,15311399,14246369,4498,4459,533
1786400519379,4965392,1376608,1560096,1181008,8236208,0,2964304,0,2960906,8,10672291,8,10406500,4593,3217,12881,15311399,14246369,4498,4459,533
1786400519892,4965392,1376608,1560096,1181008,8236208,0,2964304,0,2960906,8,10672291,8,10406500,4593,3217,12881,15311399,14246369,4498,4459,533
1786400520400,4965392,1376368,1559856,1181008,8236208,0,2964304,0,2960906,8,10672291,8,10406500,4593,3217,12881,15311399,14246369,4498,4459,533
1786400520912,4965392,1376368,1559856,1181008,8236208,0,2964304,0,2960906,8,10672291,8,10406500,4593,3217,12881,15311399,14246369,4498,4459,533
1786400521416,4965392,1376368,1559856,1181008,8236208,0,2964304,0,2960906,6,10672291,6,10406500,4593,3217,12881,15311399,14246369,4498,4459,533
1786400521928,4965392,1376368,1559856,1181008,8236208,0,2964304,0,2960906,6,10672291,6,10406500,4593,3217,12881,15311399,14246369,4498,4459,533
1786400522438,4965392,1376128,1559616,1181008,8236208,0,2964304,0,2960906,6,10672291,6,10406500,4593,3217,12881,15311399,14246369,4498,4459,533
1786400522941,4965392,1376128,1559616,1181008,8236208,0,2964304,0,2960906,6,10672291,6,10406500,4593,3217,12881,15311399,14246369,4498,4459,533
1786400523450,4965392,1375888,1559376,1181008,8236208,0,2964304,0,2960906,5,10672291,5,10406500,4593,3217,12881,15311399,14246369,4498,4459,533
1786400523961,4965392,1375888,1559376,1181008,8236208,0,2964304,0,2960906,5,10672291,5,10406500,4593,3217,12881,15311399,14246369,4498,4459,533
1786400524474,4965392,1375648,1559136,1181008,8236208,0,2964304,0,2960906,5,10672291,5,10406500,4593,3217,12881,15311399,14246369,4498,4459,533
1786400524984,4965392,1375648,1559136,1181008,8236208,0,2964304,0,2960906,5,10672291,5,10406500,4593,3217,12881,15311399,14246369,4498,4459,533
1786400525489,4965392,1375648,1559136,1181008,8236208,0,2964304,0,2960906,4,10672291,4,10406500,4593,3217,12881,15311399,14246369,4498,4459,533
1786400525998,4965392,1375648,1559136,1181008,8236208,0,2964304,0,2960906,4,10672291,4,10406500,4593,3217,12881,15311399,14246369,4498,4459,533
1786400526502,4965392,1374464,1557952,1181008,8236208,0,2964304,0,2960906,4,10672291,4,10406500,4593,3217,12881,15311399,14246369,4498,4459,533
1786400527007,4965392,1374464,1557952,1181008,8236208,0,2964304,0,2960906,4,10672291,4,10406500,4593,3217,12881,15311399,14246369,4498,4459,533
1786400527509,4965392,1373968,1557456,1181008,8236208,0,2964304,0,2960906,3,10672291,3,10406500,4593,3217,12881,15311399,14246369,4498,4459,533
1786400528015,4965392,1373968,1557456,1181008,8236208,0,2964304,0,2960906,3,10672291,3,10406500,4593,3217,12881,15311399,14246369,4498,4459,533
1786400528519,4965392,1373968,1557456,1181008,8236208,0,2964304,0,2960906,3,10672291,3,10406500,4593,3217,12881,15311399,14246369,4498,4459,533
1786400529032,4965392,1373968,1557456,1181008,8236208,0,2964304,0,2960906,3,10672291,3,10406500,4593,3217,12881,15311399,14246369,4498,4459,533
1786400529537,4965392,1373968,1557456,1181008,8236208,0,2964304,0,2960906,2,10672291,2,10406500,4593,3217,12881,15311399,14246369,4498,4459,533
1786400530049,4965392,1373728,1557216,1181008,8236208,0,2964304,0,2960906,2,10672291,2,10406500,4593,3217,12881,15311399,14246369,4498,4459,533
1786400530560,4965392,1373728,1557216,1181008,8236208,0,2964304,0,2960906,2,10672291,2,10406500,4593,3217,12881,15311399,14246369,4498,4459,533
1786400531065,4965392,1373728,1557216,1181008,8236208,0,2964304,0,2960906,2,10672291,2,10406500,4593,3217,12881,15311399,14246369,4498,4459,533
1786400531573,4965392,1373728,1557216,1181008,8236208,0,2964304,0,2960906,2,10672291,2,10406500,4593,3217,12881,15311399,14246369,4498,4459,533
1786400532076,4965392,1373728,1557216,1181008,8236208,0,2964304,0,2960906,2,10672291,2,10406500,4593,3217,12881,15311399,14246369,4498,4459,533
1786400532585,4965392,1373488,1556976,1181008,8236208,0,2964304,0,2960906,2,10672291,2,10406500,4593,3217,12881,15311399,14246369,4498,4459,533
1786400533089,4965392,1373488,1556976,1181008,8236208,0,2964304,0,2960906,1,10672291,1,10406500,4593,3217,12881,15311399,14246369,4498,4459,533
1786400533593,4965392,1373488,1556976,1181008,8236208,0,2964304,0,2960906,1,10672291,1,10406500,4593,3217,12881,15311399,14246369,4498,4459,533
1786400534105,4965392,1373488,1556976,1181008,8236208,0,2964304,0,2960906,1,10672291,1,10406500,4593,3217,12881,15311399,14246369,4498,4459,533
1786400534608,4965392,1373248,1556736,1181008,8236208,0,2964304,0,2960906,1,10672291,1,10406500,4593,3217,12881,15311399,14246369,4498,4459,533
1786400535114,4965392,1373248,1556736,1181008,8236208,0,2964304,0,2960906,1,10672291,1,10406500,4593,3217,12881,15311399,14246369,4498,4459,533
1786400535620,4965392,1373248,1556736,1181024,8236208,0,2964304,0,2960906,1,10672291,1,10406500,4593,3217,12881,15311399,14246369,4498,4459,533
1786400536124,4965392,1373248,1556736,1181024,8236208,0,2964304,0,2960906,1,10672291,1,10406500,4593,3217,12881,15311399,14246369,4498,4459,533
1786400536630,4965392,1373248,1556736,1181024,8236208,0,2964304,0,2960906,1,10672291,1,10406500,4593,3217,12881,15311399,14246369,4498,4459,533
1786400537135,4965392,1373248,1556736,1181024,8236208,0,2964304,0,2960906,1,10672291,1,10406500,4593,3217,12881,15311399,14246369,4498,4459,533
1786400537639,4965392,1373248,1556736,1181024,8236208,0,2964304,0,2960906,1,10672291,1,10406500,4593,3217,12881,15311399,14246369,4498,4459,533
1786400538149,4965392,1373248,1556736,1181024,8236208,0,2964304,0,2960906,1,10672291,1,10406500,4593,3217,12881,15311399,14246369,4498,4459,533
1786400538650,4965392,1373008,1556496,1181024,8236208,0,2964304,0,2960906,1,10672291,1,10406500,4593,3217,12881,15311399,14246369,4498,4459,533
1786400539152,4965392,1372528,1556016,1181024,8236208,0,2964304,0,2960906,0,10672291,0,10406500,4593,3217,12881,15311399,14246369,4498,4459,533
1786400539654,4965392,1372528,1556016,1181024,8236208,0,2964304,0,2960906,0,10672291,0,10406500,4593,3217,12881,15311399,14246369,4498,4459,533
1786400540163,4982240,1379632,1563120,1181024,8236208,0,2964304,0,2960906,0,10672291,0,10406500,4593,3217,12881,15311399,14246369,4498,4459,533
1786400540669,4982240,1380208,1563696,1181024,8236208,0,2964304,0,2960906,0,10672291,0,10406500,4593,3217,12881,15311399,14246369,4498,4459,533
1786400541172,4982240,1380208,1563696,1181024,8236208,0,2964304,0,2960906,0,10672291,0,10406500,4593,3217,12881,15311399,14246369,4498,4459,533
1786400541678,4982240,1380208,1563696,1181024,8236208,0,2964304,0,2960906,0,10672291,0,10406500,4593,3217,12881,15311399,14246369,4498,4459,533
1786400542188,4982240,1380208,1563696,1181024,8236208,0,2964304,0,2960906,0,10672291,0,10406500,4593,3217,12881,15311399,14246369,4498,4459,533
1786400542690,4982240,1380208,1563696,1181024,8236208,0,2964304,0,2960906,0,10672291,0,10406500,4593,3217,12881,15311399,14246369,4498,4459,533
1786400543201,4982240,1380208,1563696,1181024,8236208,0,2964304,0,2960906,0,10672291,0,10406500,4593,3217,12881,15311399,14246369,4498,4459,533
1786400543707,4982240,1379728,1563216,1181024,8236208,0,2964304,0,2960906,0,10672291,0,10406500,4593,3217,12881,15311399,14246369,4498,4459,533
1786400544217,4982240,1379728,1563216,1181024,8236208,0,2964304,0,2960906,0,10672291,0,10406500,4593,3217,12881,15311399,14246369,4498,4459,533
1786400544719,4982240,1379728,1563216,1181024,8236208,0,2964304,0,2960906,0,10672291,0,10406500,4593,3217,12881,15311399,14246369,4498,4459,533
1786400545232,4982240,1379728,1563216,1181024,8236208,0,2964304,0,2960906,0,10672291,0,10406500,4593,3217,12881,15311399,14246369,4498,4459,533
1786400545739,4982240,1379728,1563216,1181024,8236208,0,2964304,0,2960906,0,10672291,0,10406500,4593,3217,12881,15311399,14246369,4498,4459,533
1786400546241,4982240,1379248,1562736,1181024,8236208,0,2964304,0,2960906,0,10672291,0,10406500,4593,3217,12881,15311399,14246369,4498,4459,533
1786400546752,4982240,1379248,1562736,1181024,8236208,0,2964304,0,2960906,0,10672291,0,10406500,4593,3217,12881,15311399,14246369,4498,4459,533
1786400547255,4982240,1379008,1562496,1181024,8236208,0,2964304,0,2960906,0,10672291,0,10406500,4593,3217,12881,15311399,14246369,4498,4459,533
1786400547756,4982240,1379008,1562496,1181024,8236208,0,2964304,0,2960906,0,10672291,0,10406500,4593,3217,12881,15311399,14246369,4498,4459,533
1786400548264,4982240,1379008,1562496,1181024,8236208,0,2964304,0,2960906,0,10672291,0,10406500,4593,3217,12881,15311399,14246369,4498,4459,533
1786400548767,4982240,1379008,1562496,1181024,8236208,0,2964304,0,2960906,0,10672291,0,10406500,4593,3217,12881,15311399,14246369,4498,4459,533
1786400549269,4982240,1379008,1562496,1181024,8236208,0,2964304,0,2960906,0,10672291,0,10406500,4593,3217,12881,15311399,14246369,4498,4459,533
1786400549779,4982240,1378528,1562016,1181024,8236208,0,2964304,0,2960906,0,10672291,0,10406500,4593,3217,12881,15311399,14246369,4498,4459,533
1786400550283,4982240,1378528,1562016,1181024,8236208,0,2964304,0,2960906,0,10672291,0,10406500,4593,3217,12881,15311399,14246369,4498,4459,533
1786400550790,4982240,1378528,1562016,1181024,8236208,0,2964304,0,2960906,0,10672291,0,10406500,4593,3217,12881,15311399,14246369,4498,4459,533
1786400551295,4982240,1378528,1562016,1181024,8236208,0,2964304,0,2960906,0,10672291,0,10406500,4593,3217,12881,15311399,14246369,4498,4459,533
1786400551799,4982240,1378048,1561536,1181024,8236208,0,2964304,0,2960906,0,10672291,0,10406500,4593,3217,12881,15311399,14246369,4498,4459,533
1786400552305,4982240,1378048,1561536,1181024,8236208,0,2964304,0,2960906,0,10672291,0,10406500,4593,3217,12881,15311399,14246369,4498,4459,533
1786400552808,4982240,1378048,1561536,1181024,8236208,0,2964304,0,2960906,0,10672291,0,10406500,4593,3217,12881,15311399,14246369,4498,4459,533
1786400553311,4982240,1377808,1561296,1181024,8236208,0,2964304,0,2960906,0,10672291,0,10406500,4593,3217,12881,15311399,14246369,4498,4459,533
1786400553822,4982240,1377808,1561296,1181024,8236208,0,2964304,0,2960906,0,10672291,0,10406500,4593,3217,12881,15311399,14246369,4498,4459,533
1786400554333,4982240,1377568,1561056,1181024,8236208,0,2964304,0,2960906,0,10672291,0,10406500,4593,3217,12881,15311399,14246369,4498,4459,533
1786400554842,4982240,1377568,1561056,1181024,8236208,0,2964304,0,2960906,0,10672291,0,10406500,4593,3217,12881,15311399,14246369,4498,4459,533
1786400555354,4982240,1377328,1560816,1181024,8236208,0,2964304,0,2960906,0,10672291,0,10406500,4593,3217,12881,15311399,14246369,4498,4459,533
1786400555854,4982240,1377328,1560816,1181024,8236208,0,2964304,0,2960906,0,10672291,0,10406500,4593,3217,12881,15311399,14246369,4498,4459,533
1786400556357,4982240,1377328,1560816,1181024,8236208,0,2964304,0,2960906,0,10672291,0,10406500,4593,3217,12881,15311399,14246369,4498,4459,533
1786400556863,4982240,1376608,1560096,1181024,8236208,0,2964304,0,2960906,0,10672291,0,10406500,4593,3217,12881,15311399,14246369,4498,4459,533
1786400557366,4982240,1376608,1560096,1181024,8236208,0,2964304,0,2960906,0,10672291,0,10406500,4593,3217,12881,15311399,14246369,4498,4459,533
1786400557877,4982240,1376608,1560096,1181024,8236208,0,2964304,0,2960906,0,10672291,0,10406500,4593,3217,12881,15311399,14246369,4498,4459,533
1786400558381,4982240,1376608,1560096,1181024,8236208,0,2964304,0,2960906,0,10672291,0,10406500,4593,3217,12881,15311399,14246369,4498,4459,533
1786400558893,4982240,1376608,1560096,1181024,8236208,0,2964304,0,2960906,0,10672291,0,10406500,4593,3217,12881,15311399,14246369,4498,4459,533
1786400559395,4982240,1376608,1560096,1181024,8236208,0,2964304,0,2960906,0,10672291,0,10406500,4593,3217,12881,15311399,14246369,4498,4459,533
1786400559897,4982240,1376608,1560096,1181024,8236208,0,2964304,0,2960906,0,10672291,0,10406500,4593,3217,12881,15311399,14246369,4498,4459,533
1786400560402,4982240,1376608,1560096,1181024,8236208,0,2964304,0,2960906,0,10672291,0,10406500,4593,3217,12881,15311399,14246369,4498,4459,533
1786400560906,4982240,1376608,1560096,1181024,8236208,0,2964304,0,2960906,0,10672291,0,10406500,4593,3217,12881,15311399,14246369,4498,4459,533
1786400561416,4982240,1376368,1559856,1181024,8236208,0,2964304,0,2960906,0,10672291,0,10406500,4593,3217,12881,15311399,14246369,4498,4459,533
1786400561921,4982240,1376368,1559856,1181024,8236208,0,2964304,0,2960906,0,10672291,0,10406500,4593,3217,12881,15311399,14246369,4498,4459,533
1786400562430,4982240,1376368,1559856,1181024,8236208,0,2964304,0,2960906,0,10672291,0,10406500,4593,3217,12881,15311399,14246369,4498,4459,533
1786400562939,4982240,1376368,1559856,1181024,8236208,0,2964304,0,2960906,0,10672291,0,10406500,4593,3217,12881,15311399,14246369,4498,4459,533
1786400563445,4982240,1376368,1559856,1181024,8236208,0,2964304,0,2960906,0,10672291,0,10406500,4593,3217,12881,15311399,14246369,4498,4459,533
1786400563955,4982240,1376368,1559856,1181024,8236208,0,2964304,0,2960906,0,10672291,0,10406500,4593,3217,12881,15311399,14246369,4498,4459,533
1786400564457,4982240,1376288,1559776,1181024,8236208,0,2964304,0,2960906,0,10672291,0,10406500,4593,3217,12881,15311399,14246369,4498,4459,533
1786400564960,4982240,1376048,1559536,1181024,8236208,0,2964304,0,2960906,0,10672291,0,10406500,4593,3217,12881,15311399,14246369,4498,4459,533
1786400565472,4982240,1376048,1559536,1181024,8236208,0,2964304,0,2960906,0,10672291,0,10406500,4593,3217,12881,15311399,14246369,4498,4459,533
1786400565974,4982240,1376048,1559536,1181024,8236208,0,2964304,0,2960906,0,10672291,0,10406500,4593,3217,12881,15311399,14246369,4498,4459,533
1786400566479,4982240,1376048,1559536,1181024,8236208,0,2964304,0,2960906,0,10672291,0,10406500,4593,3217,12881,15311399,14246369,4498,4459,533
1786400566991,4982240,1375808,1559296,1181024,8236208,0,2964304,0,2960906,0,10672291,0,10406500,4593,3217,12881,15311399,14246369,4498,4459,533
1786400567496,4982240,1375808,1559296,1181024,8236208,0,2964304,0,2960906,0,10672291,0,10406500,4593,3217,12881,15311399,14246369,4498,4459,533
1786400568008,4982240,1375808,1559296,1181024,8236208,0,2964304,0,2960906,0,10672291,0,10406500,4593,3217,12881,15311399,14246369,4498,4459,533
1786400568512,4982240,1375808,1559296,1181024,8236208,0,2964304,0,2960906,0,10672291,0,10406500,4593,3217,12881,15311399,14246369,4498,4459,533
1786400569023,4982240,1375808,1559296,1181024,8236208,0,2964304,0,2960906,0,10672291,0,10406500,4593,3217,12881,15311399,14246369,4498,4459,533
1786400569527,4982240,1375328,1558816,1181024,8236208,0,2964304,0,2960906,0,10672291,0,10406500,4593,3217,12881,15311399,14246369,4498,4459,533
1786400570029,4982240,1375328,1558816,1181024,8236208,0,2964304,0,2960906,0,10672291,0,10406500,4593,3217,12881,15311399,14246369,4498,4459,533
1786400570535,4982240,1375088,1558576,1181024,8236208,0,2964304,0,2960906,0,10672291,0,10406500,4593,3217,12881,15311399,14246369,4498,4459,533
1786400571038,4982240,1375088,1558576,1181024,8236208,0,2964304,0,2960906,0,10672291,0,10406500,4593,3217,12881,15311399,14246369,4498,4459,533
1786400571550,4982240,1375088,1558576,1181024,8236208,0,2964304,0,2960906,0,10672291,0,10406500,4593,3217,12881,15311399,14246369,4498,4459,533
1786400572051,4982240,1375088,1558576,1181024,8236208,0,2964304,0,2960906,0,10672291,0,10406500,4593,3217,12881,15311399,14246369,4498,4459,533
1786400572560,4982240,1374848,1558336,1181024,8236208,0,2964304,0,2960906,0,10672291,0,10406500,4593,3217,12881,15311399,14246369,4498,4459,533
1786400573066,4982240,1374608,1558096,1181024,8236208,0,2964304,0,2960906,0,10672291,0,10406500,4593,3217,12881,15311399,14246369,4498,4459,533
1786400573571,4982240,1374608,1558096,1181024,8236208,0,2964304,0,2960906,0,10672291,0,10406500,4593,3217,12881,15311399,14246369,4498,4459,533
1786400574083,4982240,1374608,1558096,1181024,8236208,0,2964304,0,2960906,0,10672291,0,10406500,4593,3217,12881,15311399,14246369,4498,4459,533
1786400574596,4982240,1374368,1557856,1181024,8236208,0,2964304,0,2960906,0,10672291,0,10406500,4593,3217,12881,15311399,14246369,4498,4459,533
1786400575098,4982240,1374128,1557616,1181024,8236208,0,2964304,0,2960906,0,10672291,0,10406500,4593,3217,12881,15311399,14246369,4498,4459,533
1786400575601,4982240,1374128,1557616,1181024,8236208,0,2964304,0,2960906,0,10672291,0,10406500,4593,3217,12881,15311399,14246369,4498,4459,533
1786400576103,4982240,1374128,1557616,1181024,8236208,0,2964304,0,2960906,0,10672291,0,10406500,4593,3217,12881,15311399,14246369,4498,4459,533
1786400576604,4982240,1373648,1557136,1181024,8236208,0,2964304,0,2960906,0,10672291,0,10406500,4593,3217,12881,15311399,14246369,4498,4459,533
1786400577106,4982240,1373648,1557136,1181024,8236208,0,2964304,0,2960906,0,10672291,0,10406500,4593,3217,12881,15311399,14246369,4498,4459,533
1786400577618,4982240,1373648,1557136,1181024,8236208,0,2964304,0,2960906,0,10672291,0,10406500,4593,3217,12881,15311399,14246369,4498,4459,533
1786400578123,4982240,1373648,1557136,1181024,8236208,0,2964304,0,2960906,0,10672291,0,10406500,4593,3217,12881,15311399,14246369,4498,4459,533
1786400578628,4982240,1373648,1557136,1181024,8236208,0,2964304,0,2960906,0,10672291,0,10406500,4593,3217,12881,15311399,14246369,4498,4459,533
1786400579137,4982240,1373648,1557136,1181024,8236208,0,2964304,0,2960906,0,10672291,0,10406500,4593,3217,12881,15311399,14246369,4498,4459,533
1786400579649,4982240,1373168,1556656,1181024,8236208,0,2964304,0,2960906,0,10672291,0,10406500,4593,3217,12881,15311399,14246369,4498,4459,533
1786400580158,4982240,1373168,1556656,1181024,8236208,0,2964304,0,2960906,0,10672291,0,10406500,4593,3217,12881,15311399,14246369,4498,4459,533
1786400580660,4982240,1373168,1556656,1181024,8236208,0,2964304,0,2960906,0,10672291,0,10406500,4593,3217,12881,15311399,14246369,4498,4459,533
1786400581170,4982240,1373168,1556656,1181024,8236208,0,2964304,0,2960906,0,10672291,0,10406500,4593,3217,12881,15311399,14246369,4498,4459,533
1786400581682,4982240,1372688,1556176,1181024,8236208,0,2964304,0,2960906,0,10672291,0,10406500,4593,3217,12881,15311399,14246369,4498,4459,533
1786400582193,4999168,1391984,1575472,1181024,8236208,0,2964304,0,2960906,0,10672291,0,10406500,4593,3217,12881,15311399,14246369,4498,4459,533
1786400582705,4999168,1392528,1576016,1181024,8236208,0,2964304,0,2960906,0,10672291,0,10406500,4593,3217,12881,15311399,14246369,4498,4459,533
1786400583217,4999168,1392528,1576016,1181024,8236208,0,2964304,0,2960906,0,10672291,0,10406500,4593,3217,12881,15311399,14246369,4498,4459,533
1786400583728,4999168,1392288,1575776,1181024,8236208,0,2964304,0,2960906,0,10672291,0,10406500,4593,3217,12881,15311399,14246369,4498,4459,533
1786400584229,4999168,1392048,1575536,1181024,8236208,0,2964304,0,2960906,0,10672291,0,10406500,4593,3217,12881,15311399,14246369,4498,4459,533
1786400584738,4999168,1392048,1575536,1181024,8236208,0,2964304,0,2960906,0,10672291,0,10406500,4593,3217,12881,15311399,14246369,4498,4459,533
1786400585243,4999168,1392048,1575536,1181024,8236208,0,2964304,0,2960906,0,10672291,0,10406500,4593,3217,12881,15311399,14246369,4498,4459,533
1786400585751,4999168,1392048,1575536,1181024,8236208,0,2964304,0,2960906,0,10672291,0,10406500,4593,3217,12881,15311399,14246369,4498,4459,533
1786400586260,4999168,1392048,1575536,1181024,8236208,0,2964304,0,2960906,0,10672291,0,10406500,4593,3217,12881,15311399,14246369,4498,4459,533
1786400586774,4999168,1391328,1574816,1181024,8236208,0,2964304,0,2960906,0,10672291,0,10406500,4593,3217,12881,15311399,14246369,4498,4459,533
1786400587281,4999168,1391328,1574816,1181024,8236208,0,2964304,0,2960906,0,10672291,0,10406500,4593,3217,12881,15311399,14246369,4498,4459,533
1786400587789,4999168,1391328,1574816,1181024,8236208,0,2964304,0,2960906,0,10672291,0,10406500,4593,3217,12881,15311399,14246369,4498,4459,533
1786400588296,4999168,1391088,1574576,1181024,8236208,0,2964304,0,2960906,0,10672291,0,10406500,4593,3217,12881,15311399,14246369,4498,4459,533
1786400588805,4999168,1391088,1574576,1181024,8236208,0,2964304,0,2960906,0,10672291,0,10406500,4593,3217,12881,15311399,14246369,4498,4459,533
1786400589314,4999168,1391088,1574576,1181024,8236208,0,2964304,0,2960906,0,10672291,0,10406500,4593,3217,12881,15311399,14246369,4498,4459,533
1786400589824,4999168,1391088,1574576,1181024,8236208,0,2964304,0,2960906,0,10672291,0,10406500,4593,3217,12881,15311399,14246369,4498,4459,533
1786400590333,4999168,1391088,1574576,1181024,8236208,0,2964304,0,2960906,0,10672291,0,10406500,4593,3217,12881,15311399,14246369,4498,4459,533
1786400590839,4999168,1391088,1574576,1181024,8236208,0,2964304,0,2960906,0,10672291,0,10406500,4593,3217,12881,15311399,14246369,4498,4459,533
1786400591351,4999168,1391088,1574576,1181024,8236208,0,2964304,0,2960906,0,10672291,0,10406500,4593,3217,12881,15311399,14246369,4498,4459,533
1786400591860,4999168,1391088,1574576,1181024,8236208,0,2964304,0,2960906,0,10672291,0,10406500,4593,3217,12881,15311399,14246369,4498,4459,533
1786400592365,4999168,1390848,1574336,1181024,8236208,0,2964304,0,2960906,0,10672291,0,10406500,4593,3217,12881,15311399,14246369,4498,4459,533
1786400592866,4999168,1390848,1574336,1181024,8236208,0,2964304,0,2960906,0,10672291,0,10406500,4593,3217,12881,15311399,14246369,4498,4459,533
1786400593374,4999168,1390848,1574336,1181040,8236208,0,2964304,0,2960906,0,10672291,0,10406500,4593,3217,12881,15311399,14246369,4498,4459,533
1786400593884,4999168,1390848,1574336,1181040,8236208,0,2964304,0,2960906,0,10672291,0,10406500,4593,3217,12881,15311399,14246369,4498,4459,533
1786400594389,4999168,1390608,1574096,1181040,8236208,0,2964304,0,2960906,0,10672291,0,10406500,4593,3217,12881,15311399,14246369,4498,4459,533
1786400594901,4999168,1390368,1573856,1181040,8236208,0,2964304,0,2960906,0,10672291,0,10406500,4593,3217,12881,15311399,14246369,4498,4459,533
1786400595411,4999168,1390368,1573856,1181040,8236208,0,2964304,0,2960906,0,10672291,0,10406500,4593,3217,12881,15311399,14246369,4498,4459,533
1786400595921,4999168,1390368,1573856,1181040,8236208,0,2964304,0,2960906,0,10672291,0,10406500,4593,3217,12881,15311399,14246369,4498,4459,533
1786400596426,4999168,1389888,1573376,1181040,8236208,0,2964304,0,2960906,0,10672291,0,10406500,4593,3217,12881,15311399,14246369,4498,4459,533
1786400596929,4999168,1389888,1573376,1181040,8236208,0,2964304,0,2960906,0,10672291,0,10406500,4593,3217,12881,15311399,14246369,4498,4459,533
1786400597439,4999168,1389888,1573376,1181040,8236208,0,2964304,0,2960906,0,10672291,0,10406500,4593,3217,12881,15311399,14246369,4498,4459,533
1786400597944,4999168,1389888,1573376,1181040,8236208,0,2964304,0,2960906,0,10672291,0,10406500,4593,3217,12881,15311399,14246369,4498,4459,533
1786400598453,4999168,1389408,1572896,1181040,8236208,0,2964304,0,2960906,0,10672291,0,10406500,4593,3217,12881,15311399,14246369,4498,4459,533
1786400598957,4999168,1389408,1572896,1181040,8236208,0,2964304,0,2960906,0,10672291,0,10406500,4593,3217,12881,15311399,14246369,4498,4459,533
1786400599470,4999168,1389168,1572656,1181040,8236208,0,2964304,0,2960906,0,10672291,0,10406500,4593,3217,12881,15311399,14246369,4498,4459,533
1786400599979,4999168,1389168,1572656,1181040,8236208,0,2964304,0,2960906,0,10672291,0,10406500,4593,3217,12881,15311399,14246369,4498,4459,533
1786400600488,4999168,1389168,1572656,1181040,8236208,0,2964304,0,2960906,0,10672291,0,10406500,4593,3217,12881,15311399,14246369,4498,4459,533
1786400600995,4999168,1389168,1572656,1181040,8236208,0,2964304,0,2960906,0,10672291,0,10406500,4593,3217,12881,15311399,14246369,4498,4459,533
1786400601497,4999168,1389168,1572656,1181040,8236208,0,2964304,0,2960906,0,10672291,0,10406500,4593,3217,12881,15311399,14246369,4498,4459,533
1786400602008,4999168,1388688,1572176,1181040,8236208,0,2964304,0,2960906,0,10672291,0,10406500,4593,3217,12881,15311399,14246369,4498,4459,533
1786400602513,4999168,1388688,1572176,1181040,8236208,0,2964304,0,2960906,0,10672291,0,10406500,4593,3217,12881,15311399,14246369,4498,4459,533
1786400603023,4999168,1388688,1572176,1181040,8236208,0,2964304,0,2960906,0,10672291,0,10406500,4593,3217,12881,15311399,14246369,4498,4459,533
1786400603532,4999168,1388688,1572176,1181040,8236208,0,2964304,0,2960906,0,10672291,0,10406500,4593,3217,12881,15311399,14246369,4498,4459,533
1786400604042,4999168,1388208,1571696,1181040,8236208,0,2964304,0,2960906,0,10672291,0,10406500,4593,3217,12881,15311399,14246369,4498,4459,533
1786400604546,4999168,1388208,1571696,1181040,8236208,0,2964304,0,2960906,0,10672291,0,10406500,4593,3217,12881,15311399,14246369,4498,4459,533
1786400605054,4999168,1388208,1571696,1181040,8236208,0,2964304,0,2960906,0,10672291,0,10406500,4593,3217,12881,15311399,14246369,4498,4459,533
1786400605557,4999168,1387968,1571456,1181040,8236208,0,2964304,0,2960906,0,10672291,0,10406500,4593,3217,12881,15311399,14246369,4498,4459,533
1786400606064,4999168,1387968,1571456,1181040,8236208,0,2964304,0,2960906,0,10672291,0,10406500,4593,3217,12881,15311399,14246369,4498,4459,533
1786400606568,4999168,1387728,1571216,1181040,8236208,0,2964304,0,2960906,0,10672291,0,10406500,4593,3217,12881,15311399,14246369,4498,4459,533
1786400607076,4999168,1387728,1571216,1181040,8236208,0,2964304,0,2960906,0,10672291,0,10406500,4593,3217,12881,15311399,14246369,4498,4459,533
1786400607579,4999168,1387728,1571216,1181040,8236208,0,2964304,0,2960906,0,10672291,0,10406500,4593,3217,12881,15311399,14246369,4498,4459,533
1786400608088,4999168,1387728,1571216,1181040,8236208,0,2964304,0,2960906,0,10672291,0,10406500,4593,3217,12881,15311399,14246369,4498,4459,533
1786400608595,4999168,1387248,1570736,1181040,8236208,0,2964304,0,2960906,0,10672291,0,10406500,4593,3217,12881,15311399,14246369,4498,4459,533
1786400609101,4999168,1387248,1570736,1181040,8236208,0,2964304,0,2960906,0,10672291,0,10406500,4593,3217,12881,15311399,14246369,4498,4459,533
1786400609612,4999168,1387248,1570736,1181040,8236208,0,2964304,0,2960906,0,10672291,0,10406500,4593,3217,12881,15311399,14246369,4498,4459,533
1786400610121,4999168,1387248,1570736,1181040,8236208,0,2964304,0,2960906,0,10672291,0,10406500,4593,3217,12881,15311399,14246369,4498,4459,533
1786400610629,4999168,1387008,1570496,1181040,8236208,0,2964304,0,2960906,0,10672291,0,10406500,4593,3217,12881,15311399,14246369,4498,4459,533
1786400611137,4999168,1386528,1570016,1181040,8236208,0,2964304,0,2960906,0,10672291,0,10406500,4593,3217,12881,15311399,14246369,4498,4459,533
1786400611643,4999168,1386528,1570016,1181040,8236208,0,2964304,0,2960906,0,10672291,0,10406500,4593,3217,12881,15311399,14246369,4498,4459,533
1786400612145,4999168,1386528,1570016,1181040,8236208,0,2964304,0,2960906,0,10672291,0,10406500,4593,3217,12881,15311399,14246369,4498,4459,533
1786400612647,4999168,1386528,1570016,1181040,8236208,0,2964304,0,2960906,0,10672291,0,10406500,4593,3217,12881,15311399,14246369,4498,4459,533
1786400613149,4999168,1386528,1570016,1181040,8236208,0,2964304,0,2960906,0,10672291,0,10406500,4593,3217,12881,15311399,14246369,4498,4459,533
1786400613659,4999168,1386048,1569536,1181040,8236208,0,2964304,0,2960906,0,10672291,0,10406500,4593,3217,12881,15311399,14246369,4498,4459,533
1786400614171,4999168,1386048,1569536,1181040,8236208,0,2964304,0,2960906,0,10672291,0,10406500,4593,3217,12881,15311399,14246369,4498,4459,533
1786400614682,4999168,1386048,1569536,1181040,8236208,0,2964304,0,2960906,0,10672291,0,10406500,4593,3217,12881,15311399,14246369,4498,4459,533
1786400615189,4999168,1386048,1569536,1181072,8236208,0,2964304,0,2960906,18,10694455,18,10428647,4593,3217,12881,15311399,14246369,4498,4459,533
1786400615701,4999168,1386048,1569568,1181104,8236208,0,2964304,0,2960906,18,10694455,18,10428647,4593,3217,12881,15311399,14246369,4498,4459,533
1786400616210,4999168,1386048,1569568,1181104,8236208,0,2964304,0,2960906,18,10694455,18,10428647,4593,3217,12881,15311399,14246369,4498,4459,533
1786400616711,4999168,1386048,1569600,1181104,8236208,0,2964304,0,2960906,18,10694455,18,10428647,4593,3217,12881,15311399,14246369,4498,4459,533
1786400617216,4999168,1385808,1569360,1181104,8236208,0,2964304,0,2960906,14,10694455,14,10428647,4593,3217,12881,15311399,14246369,4498,4459,533
1786400617718,4999168,1385808,1569360,1181104,8236208,0,2964304,0,2960906,14,10694455,14,10428647,4593,3217,12881,15311399,14246369,4498,4459,533
1786400618220,4999168,1385568,1569120,1181104,8236208,0,2964304,0,2960906,14,10694455,14,10428647,4593,3217,12881,15311399,14246369,4498,4459,533
1786400618730,4999168,1385568,1569120,1181104,8236208,0,2964304,0,2960906,14,10694455,14,10428647,4593,3217,12881,15311399,14246369,4498,4459,533
1786400619242,4999168,1385568,1569120,1181104,8236208,0,2964304,0,2960906,12,10694455,12,10428647,4593,3217,12881,15311399,14246369,4498,4459,533
1786400619747,4999168,1385328,1568880,1181104,8236208,0,2964304,0,2960906,12,10694455,12,10428647,4593,3217,12881,15311399,14246369,4498,4459,533
1786400620249,4999168,1385088,1568640,1181104,8236208,0,2964304,0,2960906,12,10694455,12,10428647,4593,3217,12881,15311399,14246369,4498,4459,533
1786400620754,4999168,1385088,1568640,1181104,8236208,0,2964304,0,2960906,12,10694455,12,10428647,4593,3217,12881,15311399,14246369,4498,4459,533
1786400621256,4999168,1384848,1568400,1181104,8236208,0,2964304,0,2960906,9,10694455,9,10428647,4593,3217,12881,15311399,14246369,4498,4459,533
1786400621761,4999168,1384848,1568400,1181104,8236208,0,2964304,0,2960906,9,10694455,9,10428647,4593,3217,12881,15311399,14246369,4498,4459,533
1786400622263,4999168,1384848,1568400,1181104,8236208,0,2964304,0,2960906,9,10694455,9,10428647,4593,3217,12881,15311399,14246369,4498,4459,533
1786400622775,4999168,1384848,1568400,1181104,8236208,0,2964304,0,2960906,9,10694455,9,10428647,4593,3217,12881,15311399,14246369,4498,4459,533
1786400623279,4999168,1384848,1568400,1181104,8236208,0,2964304,0,2960906,8,10694455,8,10428647,4593,3217,12881,15311399,14246369,4498,4459,533
1786400623789,4999168,1384848,1568400,1181104,8236208,0,2964304,0,2960906,8,10694455,8,10428647,4593,3217,12881,15311399,14246369,4498,4459,533
1786400624291,4999168,1384848,1568400,1181104,8236208,0,2964304,0,2960906,8,10694455,8,10428647,4593,3217,12881,15311399,14246369,4498,4459,533
1786400624795,4999168,1384848,1568400,1181104,8236208,0,2964304,0,2960906,8,10694455,8,10428647,4593,3217,12881,15311399,14246369,4498,4459,533
1786400625297,4999168,1384368,1567920,1181104,8236208,0,2964304,0,2960906,6,10694455,6,10428647,4593,3217,12881,15311399,14246369,4498,4459,533
1786400625801,4999168,1384368,1567920,1181104,8236208,0,2964304,0,2960906,6,10694455,6,10428647,4593,3217,12881,15311399,14246369,4498,4459,533
1786400626303,4999168,1384368,1567920,1181104,8236208,0,2964304,0,2960906,6,10694455,6,10428647,4593,3217,12881,15311399,14246369,4498,4459,533
1786400626809,4999168,1384368,1567920,1181104,8236208,0,2964304,0,2960906,6,10694455,6,10428647,4593,3217,12881,15311399,14246369,4498,4459,533
1786400627311,4999168,1383888,1567440,1181104,8236208,0,2964304,0,2960906,5,10694455,5,10428647,4593,3217,12881,15311399,14246369,4498,4459,533
1786400627821,4999168,1383888,1567440,1181104,8236208,0,2964304,0,2960906,5,10694455,5,10428647,4593,3217,12881,15311399,14246369,4498,4459,533
1786400628326,4999168,1383888,1567440,1181104,8236208,0,2964304,0,2960906,5,10694455,5,10428647,4593,3217,12881,15311399,14246369,4498,4459,533
1786400628835,4999168,1383888,1567440,1181104,8236208,0,2964304,0,2960906,5,10694455,5,10428647,4593,3217,12881,15311399,14246369,4498,4459,533
1786400629337,4999168,1383888,1567440,1181104,8236208,0,2964304,0,2960906,4,10694455,4,10428647,4593,3217,12881,15311399,14246369,4498,4459,533
1786400629847,4999168,1382704,1566256,1181104,8236208,0,2964304,0,2960906,4,10694455,4,10428647,4593,3217,12881,15311399,14246369,4498,4459,533
1786400630350,4999168,1382688,1566224,1181104,8236208,0,2964304,0,2960906,4,10694455,4,10428647,4593,3217,12881,15311399,14246369,4498,4459,533
1786400630861,4999168,1382208,1565760,1181104,8236208,0,2964304,0,2960906,4,10694455,4,10428647,4593,3217,12881,15311399,14246369,4498,4459,533
1786400631365,4999168,1382208,1565760,1181104,8236208,0,2964304,0,2960906,3,10694455,3,10428647,4593,3217,12881,15311399,14246369,4498,4459,533
1786400631877,4999168,1382208,1565760,1181104,8236208,0,2964304,0,2960906,3,10694455,3,10428647,4593,3217,12881,15311399,14246369,4498,4459,533
1786400632388,4999168,1381728,1565280,1181104,8236208,0,2964304,0,2960906,3,10694455,3,10428647,4593,3217,12881,15311399,14246369,4498,4459,533
1786400632891,4999168,1381488,1565040,1181104,8236208,0,2964304,0,2960906,3,10694455,3,10428647,4593,3217,12881,15311399,14246369,4498,4459,533
1786400633393,4999168,1381488,1565040,1181104,8236208,0,2964304,0,2960906,2,10694455,2,10428647,4593,3217,12881,15311399,14246369,4498,4459,533
1786400633897,4999168,1381488,1565040,1181104,8236208,0,2964304,0,2960906,2,10694455,2,10428647,4593,3217,12881,15311399,14246369,4498,4459,533
1786400634399,4999168,1381488,1565040,1181104,8236208,0,2964304,0,2960906,2,10694455,2,10428647,4593,3217,12881,15311399,14246369,4498,4459,533
1786400634906,4999168,1381488,1565040,1181104,8236208,0,2964304,0,2960906,2,10694455,2,10428647,4593,3217,12881,15311399,14246369,4498,4459,533
1786400635418,4999168,1381488,1565040,1181104,8236208,0,2964304,0,2960906,2,10694455,2,10428647,4593,3217,12881,15311399,14246369,4498,4459,533
1786400635924,4999168,1381488,1565040,1181104,8236208,0,2964304,0,2960906,2,10694455,2,10428647,4593,3217,12881,15311399,14246369,4498,4459,533
1786400636438,4999168,1381488,1565040,1181104,8236208,0,2964304,0,2960906,2,10694455,2,10428647,4593,3217,12881,15311399,14246369,4498,4459,533
1786400636948,4999168,1381488,1565040,1181104,8236208,0,2964304,0,2960906,2,10694455,2,10428647,4593,3217,12881,15311399,14246369,4498,4459,533
1786400637449,4999168,1381488,1565040,1181104,8236208,0,2964304,0,2960906,1,10694455,1,10428647,4593,3217,12881,15311399,14246369,4498,4459,533
1786400637954,4999168,1381488,1565040,1181104,8236208,0,2964304,0,2960906,1,10694455,1,10428647,4593,3217,12881,15311399,14246369,4498,4459,533
1786400638461,4999168,1381488,1565040,1181104,8236208,0,2964304,0,2960906,1,10694455,1,10428647,4593,3217,12881,15311399,14246369,4498,4459,533
1786400638965,4999168,1381488,1565040,1181104,8236208,0,2964304,0,2960906,1,10694455,1,10428647,4593,3217,12881,15311399,14246369,4498,4459,533
1786400639468,4999168,1381248,1564800,1181104,8236208,0,2964304,0,2960906,1,10694455,1,10428647,4593,3217,12881,15311399,14246369,4498,4459,533
1786400639971,4999168,1381248,1564800,1181104,8236208,0,2964304,0,2960906,1,10694455,1,10428647,4593,3217,12881,15311399,14246369,4498,4459,533
1786400640473,4999168,1381248,1564800,1181104,8236208,0,2964304,0,2960906,1,10694455,1,10428647,4593,3217,12881,15311399,14246369,4498,4459,533
1786400640976,4999168,1381248,1564800,1181104,8236208,0,2964304,0,2960906,1,10694455,1,10428647,4593,3217,12881,15311399,14246369,4498,4459,533
1786400641485,4999168,1381248,1564800,1181104,8236208,0,2964304,0,2960906,1,10694455,1,10428647,4593,3217,12881,15311399,14246369,4498,4459,533
1786400641991,4999168,1381248,1564800,1181104,8236208,0,2964304,0,2960906,1,10694455,1,10428647,4593,3217,12881,15311399,14246369,4498,4459,533
1786400642502,4999168,1381248,1564800,1181104,8236208,0,2964304,0,2960906,1,10694455,1,10428647,4593,3217,12881,15311399,14246369,4498,4459,533
1786400643014,4999168,1381248,1564800,1181104,8236208,0,2964304,0,2960906,1,10694455,1,10428647,4593,3217,12881,15311399,14246369,4498,4459,533
1786400643523,4999168,1381248,1564800,1181104,8236208,0,2964304,0,2960906,0,10694455,0,10428647,4593,3217,12881,15311399,14246369,4498,4459,533
1786400644033,4999168,1381248,1564800,1181104,8236208,0,2964304,0,2960906,0,10694455,0,10428647,4593,3217,12881,15311399,14246369,4498,4459,533
1786400644545,4999168,1381248,1564800,1181104,8236208,0,2964304,0,2960906,0,10694455,0,10428647,4593,3217,12881,15311399,14246369,4498,4459,533
1786400645056,4999168,1381248,1564800,1181104,8236208,0,2964304,0,2960906,0,10694455,0,10428647,4593,3217,12881,15311399,14246369,4498,4459,533
1786400645565,4999168,1381248,1564800,1181104,8236208,0,2964304,0,2960906,0,10694455,0,10428647,4593,3217,12881,15311399,14246369,4498,4459,533
1786400646073,4999168,1381248,1564800,1181104,8236208,0,2964304,0,2960906,0,10694455,0,10428647,4593,3217,12881,15311399,14246369,4498,4459,533
1786400646576,4999168,1381248,1564800,1181104,8236208,0,2964304,0,2960906,0,10708938,0,10442915,4593,3217,12881,15311399,14246369,4498,4459,533
1786400647088,4999168,1381248,1564800,1181104,8236208,0,2964304,0,2960906,0,10708938,0,10442915,4593,3217,12881,15311399,14246369,4498,4459,533
1786400647594,4999168,1381248,1565008,1181312,8236208,0,2964304,0,2960906,0,10708938,0,10442915,4593,3217,12881,15311399,14246369,4498,4459,533
1786400648103,4999168,1381248,1565008,1181312,8236208,0,2964304,0,2960906,0,10708938,0,10442915,4593,3217,12881,15311399,14246369,4498,4459,533
1786400648613,4999168,1381248,1565008,1181312,8236208,0,2964304,0,2960906,0,10708938,0,10442915,4593,3217,12881,15311399,14246369,4498,4459,533
1786400649121,4999168,1381248,1565008,1181312,8236208,0,2964304,0,2960906,0,10708938,0,10442915,4593,3217,12881,15311399,14246369,4498,4459,533
1786400649626,4999168,1381248,1565008,1181312,8236208,0,2964304,0,2960906,0,10708938,0,10442915,4593,3217,12881,15311399,14246369,4498,4459,533
1786400650128,4999168,1381248,1565008,1181312,8236208,0,2964304,0,2960906,0,10708938,0,10442915,4593,3217,12881,15311399,14246369,4498,4459,533
1786400650637,4999168,1381248,1565008,1181328,8236208,0,2964304,0,2960906,0,10708938,0,10442915,4593,3217,12881,15311399,14246369,4498,4459,533
1786400651146,4999168,1381248,1565008,1181328,8236208,0,2964304,0,2960906,0,10708938,0,10442915,4593,3217,12881,15311399,14246369,4498,4459,533
1786400651657,4999168,1381248,1565008,1181328,8236208,0,2964304,0,2960906,0,10708938,0,10442915,4593,3217,12881,15311399,14246369,4498,4459,533
1786400652168,4999168,1381248,1565008,1181328,8236208,0,2964304,0,2960906,0,10708938,0,10442915,4593,3217,12881,15311399,14246369,4498,4459,533
1786400652680,4999168,1381248,1565008,1181328,8236208,0,2964304,0,2960906,0,10708938,0,10442915,4593,3217,12881,15311399,14246369,4498,4459,533
1786400653189,4999168,1381248,1565008,1181328,8236208,0,2964304,0,2960906,0,10708938,0,10442915,4593,3217,12881,15311399,14246369,4498,4459,533
1786400653691,4999168,1381248,1565008,1181328,8236208,0,2964304,0,2960906,0,10708938,0,10442915,4593,3217,12881,15311399,14246369,4498,4459,533
1786400654192,4999168,1381248,1565008,1181328,8236208,0,2964304,0,2960906,0,10708938,0,10442915,4593,3217,12881,15311399,14246369,4498,4459,533
1786400654694,4999168,1381248,1565008,1181328,8236208,0,2964304,0,2960906,0,10708938,0,10442915,4593,3217,12881,15311399,14246369,4498,4459,533
1786400655205,4999168,1381248,1565008,1181328,8236208,0,2964304,0,2960906,0,10708938,0,10442915,4593,3217,12881,15311399,14246369,4498,4459,533
1786400655708,4999168,1381248,1565008,1181328,8236208,0,2964304,0,2960906,0,10708938,0,10442915,4593,3217,12881,15311399,14246369,4498,4459,533
1786400656221,4999168,1381248,1565008,1181328,8236208,0,2964304,0,2960906,0,10708938,0,10442915,4593,3217,12881,15311399,14246369,4498,4459,533
1786400656733,4999168,1381248,1565008,1181328,8236208,0,2964304,0,2960906,0,10708938,0,10442915,4593,3217,12881,15311399,14246369,4498,4459,533
1786400657244,4999168,1381248,1565008,1181328,8236208,0,2964304,0,2960906,0,10708938,0,10442915,4593,3217,12881,15311399,14246369,4498,4459,533
1786400657748,4999168,1381248,1565008,1181328,8236208,0,2964304,0,2960906,0,10708938,0,10442915,4593,3217,12881,15311399,14246369,4498,4459,533
1786400658250,4999168,1381248,1565008,1181328,8236208,0,2964304,0,2960906,0,10708938,0,10442915,4593,3217,12881,15311399,14246369,4498,4459,533
1786400658753,4999168,1381248,1565008,1181328,8236208,0,2964304,0,2960906,0,10708938,0,10442915,4593,3217,12881,15311399,14246369,4498,4459,533
1786400659256,4999168,1381248,1565008,1181328,8236208,0,2964304,0,2960906,0,10708938,0,10442915,4593,3217,12881,15311399,14246369,4498,4459,533
1786400659768,4999168,1381248,1565008,1181328,8236208,0,2964304,0,2960906,0,10708938,0,10442915,4593,3217,12881,15311399,14246369,4498,4459,533
1786400660274,4999168,1381248,1565008,1181328,8236208,0,2964304,0,2960906,0,10708938,0,10442915,4593,3217,12881,15311399,14246369,4498,4459,533
1786400660777,4999168,1381248,1565008,1181328,8236208,0,2964304,0,2960906,0,10708938,0,10442915,4593,3217,12881,15311399,14246369,4498,4459,533
1786400661283,4999168,1381248,1565008,1181328,8236208,0,2964304,0,2960906,0,10708938,0,10442915,4593,3217,12881,15311399,14246369,4498,4459,533
1786400661785,4999168,1381248,1565008,1181328,8236208,0,2964304,0,2960906,0,10708938,0,10442915,4593,3217,12881,15311399,14246369,4498,4459,533
1786400662294,4999168,1381248,1565008,1181328,8236208,0,2964304,0,2960906,0,10708938,0,10442915,4593,3217,12881,15311399,14246369,4498,4459,533
1786400662799,4999168,1381248,1565008,1181328,8236208,0,2964304,0,2960906,0,10708938,0,10442915,4593,3217,12881,15311399,14246369,4498,4459,533
1786400663310,4999168,1381248,1565008,1181328,8236208,0,2964304,0,2960906,0,10708938,0,10442915,4593,3217,12881,15311399,14246369,4498,4459,533
1786400663815,4999168,1381248,1565008,1181328,8236208,0,2964304,0,2960906,0,10708938,0,10442915,4593,3217,12881,15311399,14246369,4498,4459,533
1786400664327,4999168,1381248,1565008,1181328,8236208,0,2964304,0,2960906,0,10708938,0,10442915,4593,3217,12881,15311399,14246369,4498,4459,533
1786400664839,4999168,1381248,1565008,1181328,8236208,0,2964304,0,2960906,0,10708938,0,10442915,4593,3217,12881,15311399,14246369,4498,4459,533
1786400665349,4999168,1381248,1565008,1181328,8236208,0,2964304,0,2960906,0,10708938,0,10442915,4593,3217,12881,15311399,14246369,4498,4459,533
1786400665853,4999168,1381248,1565008,1181328,8236208,0,2964304,0,2960906,0,10708938,0,10442915,4593,3217,12881,15311399,14246369,4498,4459,533
1786400666355,4999168,1381248,1565008,1181328,8236208,0,2964304,0,2960906,0,10708938,0,10442915,4593,3217,12881,15311399,14246369,4498,4459,533
1786400666857,4999168,1381248,1565008,1181328,8236208,0,2964304,0,2960906,0,10708938,0,10442915,4593,3217,12881,15311399,14246369,4498,4459,533
1786400667369,4999168,1381248,1565008,1181328,8236208,0,2964304,0,2960906,0,10708938,0,10442915,4593,3217,12881,15311399,14246369,4498,4459,533
1786400667880,4999168,1381248,1565008,1181328,8236208,0,2964304,0,2960906,0,10708938,0,10442915,4593,3217,12881,15311399,14246369,4498,4459,533
1786400668381,4999168,1381248,1565008,1181328,8236208,0,2964304,0,2960906,0,10708938,0,10442915,4593,3217,12881,15311399,14246369,4498,4459,533
1786400668894,4999168,1381248,1565008,1181328,8236208,0,2964304,0,2960906,0,10708938,0,10442915,4593,3217,12881,15311399,14246369,4498,4459,533
1786400669398,4999168,1381248,1565008,1181328,8236208,0,2964304,0,2960906,0,10708938,0,10442915,4593,3217,12881,15311399,14246369,4498,4459,533
1786400669910,4999168,1381248,1565008,1181328,8236208,0,2964304,0,2960906,0,10708938,0,10442915,4593,3217,12881,15311399,14246369,4498,4459,533
1786400670420,4999168,1381248,1565008,1181328,8236208,0,2964304,0,2960906,0,10708938,0,10442915,4593,3217,12881,15311399,14246369,4498,4459,533
1786400670927,4999168,1381248,1565008,1181328,8236208,0,2964304,0,2960906,0,10708938,0,10442915,4593,3217,12881,15311399,14246369,4498,4459,533
1786400671438,4999168,1381248,1565008,1181328,8236208,0,2964304,0,2960906,0,10708938,0,10442915,4593,3217,12881,15311399,14246369,4498,4459,533
1786400671942,4999168,1381248,1565008,1181328,8236208,0,2964304,0,2960906,0,10708938,0,10442915,4593,3217,12881,15311399,14246369,4498,4459,533
1786400672455,4999168,1381248,1565008,1181328,8236208,0,2964304,0,2960906,0,10708938,0,10442915,4593,3217,12881,15311399,14246369,4498,4459,533
1786400672959,4999168,1381248,1565008,1181328,8236208,0,2964304,0,2960906,0,10708938,0,10442915,4593,3217,12881,15311399,14246369,4498,4459,533
1786400673470,4999168,1381248,1565008,1181328,8236208,0,2964304,0,2960906,0,10708938,0,10442915,4593,3217,12881,15311399,14246369,4498,4459,533
1786400673975,4999168,1381248,1565008,1181328,8236208,0,2964304,0,2960906,0,10708938,0,10442915,4593,3217,12881,15311399,14246369,4498,4459,533
1786400674487,4999168,1381248,1565008,1181328,8236208,0,2964304,0,2960906,0,10708938,0,10442915,4593,3217,12881,15311399,14246369,4498,4459,533
1786400674991,4999168,1381248,1565008,1181328,8236208,0,2964304,0,2960906,0,10708938,0,10442915,4593,3217,12881,15311399,14246369,4498,4459,533
1786400675496,4999168,1381248,1565008,1181328,8236208,0,2964304,0,2960906,0,10708938,0,10442915,4593,3217,12881,15311399,14246369,4498,4459,533
1786400676001,4999168,1381248,1565008,1181328,8236208,0,2964304,0,2960906,0,10708938,0,10442915,4593,3217,12881,15311399,14246369,4498,4459,533
1786400676506,4999168,1381248,1565008,1181328,8236208,0,2964304,0,2960906,0,10708938,0,10442915,4593,3217,12881,15311399,14246369,4498,4459,533
1786400677018,4999168,1381248,1565008,1181328,8236208,0,2964304,0,2960906,0,10708938,0,10442915,4593,3217,12881,15311399,14246369,4498,4459,533
1786400677530,4999168,1381248,1565008,1181328,8236208,0,2964304,0,2960906,0,10708938,0,10442915,4593,3217,12881,15311399,14246369,4498,4459,533
1786400678039,4999168,1381248,1565008,1181328,8236208,0,2964304,0,2960906,0,10708938,0,10442915,4593,3217,12881,15311399,14246369,4498,4459,533
1786400678550,4999168,1381248,1565008,1181328,8236208,0,2964304,0,2960906,0,10708938,0,10442915,4593,3217,12881,15311399,14246369,4498,4459,533
1786400679056,4999168,1381248,1565008,1181328,8236208,0,2964304,0,2960906,0,10708938,0,10442915,4593,3217,12881,15311399,14246369,4498,4459,533
1786400679562,4999168,1381248,1565008,1181328,8236208,0,2964304,0,2960906,0,10708938,0,10442915,4593,3217,12881,15311399,14246369,4498,4459,533
1786400680074,4999168,1381248,1565008,1181328,8236208,0,2964306,0,2960908,0,10708980,0,10442957,4593,3217,12881,15311399,14246369,4498,4459,533
1786400680586,4999168,1381248,1564992,1181328,8236208,0,2964306,0,2960908,0,10708980,0,10442957,4593,3217,12881,15311399,14246369,4498,4459,533
1786400681093,4999168,1381248,1564992,1181328,8236208,0,2964306,0,2960908,0,10708980,0,10442957,4593,3217,12881,15311399,14246369,4498,4459,533
1786400681604,4999168,1381248,1564992,1181328,8236208,0,2964306,0,2960908,0,10708980,0,10442957,4593,3217,12881,15311399,14246369,4498,4459,533
1786400682115,4999168,1381248,1564992,1181328,8236208,0,2964306,0,2960908,0,10708980,0,10442957,4593,3217,12881,15311399,14246369,4498,4459,533
1786400682617,4999168,1381248,1564992,1181328,8236208,0,2964306,0,2960908,0,10708980,0,10442957,4593,3217,12881,15311399,14246369,4498,4459,533
1786400683122,4999168,1381248,1564992,1181328,8236208,0,2964306,0,2960908,0,10708980,0,10442957,4593,3217,12881,15311399,14246369,4498,4459,533
1786400683629,4999168,1381248,1565008,1181328,8236208,0,2964306,0,2960908,0,10708980,0,10442957,4593,3217,12881,15311399,14246369,4498,4459,533
1786400684140,4999168,1381248,1565008,1181328,8236208,0,2964306,0,2960908,0,10708980,0,10442957,4593,3217,12881,15311399,14246369,4498,4459,533
1786400684650,4999168,1381248,1565008,1181328,8236208,0,2964306,0,2960908,0,10708980,0,10442957,4593,3217,12881,15311399,14246369,4498,4459,533
1786400685162,4999168,1381248,1565008,1181328,8236208,0,2964306,0,2960908,0,10708980,0,10442957,4593,3217,12881,15311399,14246369,4498,4459,533
1786400685674,4999168,1381248,1565008,1181328,8236208,0,2964306,0,2960908,0,10708980,0,10442957,4593,3217,12881,15311399,14246369,4498,4459,533
1786400686186,4999168,1381248,1565008,1181328,8236208,0,2964306,0,2960908,0,10708980,0,10442957,4593,3217,12881,15311399,14246369,4498,4459,533
1786400686697,4999168,1381248,1565008,1181328,8236208,0,2964306,0,2960908,0,10708980,0,10442957,4593,3217,12881,15311399,14246369,4498,4459,533
1786400687199,4999168,1381248,1565008,1181328,8236208,0,2964306,0,2960908,0,10708980,0,10442957,4593,3217,12881,15311399,14246369,4498,4459,533
1786400687707,4999168,1381248,1565008,1181328,8236208,0,2964306,0,2960908,0,10708980,0,10442957,4593,3217,12881,15311399,14246369,4498,4459,533
1786400688215,4999168,1381248,1565008,1181328,8236208,0,2964306,0,2960908,0,10708980,0,10442957,4593,3217,12881,15311399,14246369,4498,4459,533
1786400688724,4999168,1381248,1565008,1181328,8236208,0,2964306,0,2960908,0,10708980,0,10442957,4593,3217,12881,15311399,14246369,4498,4459,533
1786400689228,4999168,1381248,1565008,1181328,8236208,0,2964306,0,2960908,0,10708980,0,10442957,4593,3217,12881,15311399,14246369,4498,4459,533
1786400689730,4999168,1381248,1565008,1181328,8236208,0,2964306,0,2960908,0,10708980,0,10442957,4593,3217,12881,15311399,14246369,4498,4459,533
1786400690238,4999168,1381248,1565008,1181328,8236208,0,2964306,0,2960908,0,10708980,0,10442957,4593,3217,12881,15311399,14246369,4498,4459,533
1786400690741,4999168,1381248,1565008,1181328,8236208,0,2964306,0,2960908,0,10708980,0,10442957,4593,3217,12881,15311399,14246369,4498,4459,533
1786400691244,4999168,1381248,1565008,1181328,8236208,0,2964306,0,2960908,0,10708980,0,10442957,4593,3217,12881,15311399,14246369,4498,4459,533
1786400691753,4999168,1381248,1565008,1181328,8236208,0,2964306,0,2960908,0,10708980,0,10442957,4593,3217,12881,15311399,14246369,4498,4459,533
1786400692261,4999168,1381248,1565008,1181328,8236208,0,2964306,0,2960908,0,10708980,0,10442957,4593,3217,12881,15311399,14246369,4498,4459,533
1786400692774,4999168,1381248,1565008,1181328,8236208,0,2964306,0,2960908,0,10708980,0,10442957,4593,3217,12881,15311399,14246369,4498,4459,533
1786400693286,4999168,1381248,1565008,1181328,8236208,0,2964306,0,2960908,0,10708980,0,10442957,4593,3217,12881,15311399,14246369,4498,4459,533
1786400693797,4999168,1381248,1565008,1181328,8236208,0,2964306,0,2960908,0,10708980,0,10442957,4593,3217,12881,15311399,14246369,4498,4459,533
1786400694308,4999168,1381248,1565008,1181328,8236208,0,2964306,0,2960908,0,10708980,0,10442957,4593,3217,12881,15311399,14246369,4498,4459,533
1786400694811,4999168,1381248,1565008,1181328,8236208,0,2964306,0,2960908,0,10708980,0,10442957,4593,3217,12881,15311399,14246369,4498,4459,533
1786400695312,4999168,1381248,1565008,1181328,8236208,0,2964306,0,2960908,0,10708980,0,10442957,4593,3217,12881,15311399,14246369,4498,4459,533
1786400695815,4999168,1381248,1565008,1181328,8236208,0,2964306,0,2960908,0,10708980,0,10442957,4593,3217,12881,15311399,14246369,4498,4459,533
1786400696326,4999168,1381248,1565008,1181328,8236208,0,2964306,0,2960908,0,10708980,0,10442957,4593,3217,12881,15311399,14246369,4498,4459,533
1786400696828,4999168,1381248,1565008,1181328,8236208,0,2964306,0,2960908,0,10708980,0,10442957,4593,3217,12881,15311399,14246369,4498,4459,533
1786400697337,4999168,1381248,1565008,1181328,8236208,0,2964306,0,2960908,0,10708980,0,10442957,4593,3217,12881,15311399,14246369,4498,4459,533
1786400697844,4999168,1381840,1565600,1181328,8236208,0,2964306,0,2960908,0,10708980,0,10442957,4593,3217,12881,15311399,14246369,4498,4459,533
1786400698350,4999168,1381872,1565632,1181328,8236208,0,2964306,0,2960908,0,10708980,0,10442957,4593,3217,12881,15311399,14246369,4498,4459,533
1786400698861,4999168,1381872,1565632,1181328,8236208,0,2964306,0,2960908,0,10708980,0,10442957,4593,3217,12881,15311399,14246369,4498,4459,533
1786400699369,4999168,1381872,1565632,1181328,8236208,0,2964306,0,2960908,0,10708980,0,10442957,4593,3217,12881,15311399,14246369,4498,4459,533
1786400699879,4999168,1381872,1565632,1181328,8236208,0,2964306,0,2960908,0,10708980,0,10442957,4593,3217,12881,15311399,14246369,4498,4459,533
1786400700389,4999168,1381872,1565632,1181328,8236208,0,2964306,0,2960908,0,10708980,0,10442957,4593,3217,12881,15311399,14246369,4498,4459,533
1786400700895,4999168,1381872,1565632,1181328,8236208,0,2964306,0,2960908,0,10708980,0,10442957,4593,3217,12881,15311399,14246369,4498,4459,533
1786400701407,4999168,1381872,1565632,1181328,8236208,0,2964306,0,2960908,0,10708980,0,10442957,4593,3217,12881,15311399,14246369,4498,4459,533
1786400701917,4999168,1381872,1565632,1181328,8236208,0,2964306,0,2960908,0,10708980,0,10442957,4593,3217,12881,15311399,14246369,4498,4459,533
1786400702425,4999168,1381872,1565632,1181328,8236208,0,2964306,0,2960908,0,10708980,0,10442957,4593,3217,12881,15311399,14246369,4498,4459,533
1786400702926,4999168,1381872,1565632,1181328,8236208,0,2964306,0,2960908,0,10708980,0,10442957,4593,3217,12881,15311399,14246369,4498,4459,533
1786400703428,4999168,1381872,1565632,1181328,8236208,0,2964306,0,2960908,0,10708980,0,10442957,4593,3217,12881,15311399,14246369,4498,4459,533
1786400703939,4999168,1381872,1565632,1181328,8236208,0,2964306,0,2960908,0,10708980,0,10442957,4593,3217,12881,15311399,14246369,4498,4459,533
1786400704444,4999168,1382272,1566032,1181328,8236208,0,2964306,0,2960908,0,10708980,0,10442957,4593,3217,12881,15311399,14246369,4498,4459,533
1786400704952,4999168,1382832,1566592,1181328,8236208,0,2964306,0,2960908,0,10708980,0,10442957,4593,3217,12881,15311399,14246369,4498,4459,533
1786400705464,4999168,1382832,1566592,1181328,8236208,0,2964306,0,2960908,0,10708980,0,10442957,4593,3217,12881,15311399,14246369,4498,4459,533
1786400705969,4999168,1382832,1566592,1181328,8236208,0,2964306,0,2960908,0,10708980,0,10442957,4593,3217,12881,15311399,14246369,4498,4459,533
1786400706476,4999168,1382832,1566592,1181328,8236208,0,2964306,0,2960908,0,10708980,0,10442957,4593,3217,12881,15311399,14246369,4498,4459,533
1786400706978,4999168,1382832,1566592,1181328,8236208,0,2964306,0,2960908,0,10708980,0,10442957,4593,3217,12881,15311399,14246369,4498,4459,533
1786400707482,4999168,1382832,1566592,1181328,8236208,0,2964306,0,2960908,0,10708980,0,10442957,4593,3217,12881,15311399,14246369,4498,4459,533
1786400707988,4999168,1382832,1566592,1181328,8236208,0,2964306,0,2960908,0,10708980,0,10442957,4593,3217,12881,15311399,14246369,4498,4459,533
1786400708493,4999168,1383376,1567136,1181344,8236208,0,2964306,0,2960908,0,10708980,0,10442957,4593,3217,12881,15311399,14246369,4498,4459,533
1786400708998,4999168,1383376,1567136,1181344,8236208,0,2964306,0,2960908,0,10708980,0,10442957,4593,3217,12881,15311399,14246369,4498,4459,533
1786400709504,4999168,1383376,1567136,1181344,8236208,0,2964306,0,2960908,0,10708980,0,10442957,4593,3217,12881,15311399,14246369,4498,4459,533
1786400710010,4999168,1383376,1567136,1181344,8236208,0,2964306,0,2960908,0,10708980,0,10442957,4593,3217,12881,15311399,14246369,4498,4459,533
1786400710524,4999168,1383376,1567136,1181344,8236208,0,2964306,0,2960908,0,10708980,0,10442957,4593,3217,12881,15311399,14246369,4498,4459,533
1786400711033,4999168,1383376,1567136,1181344,8236208,0,2964306,0,2960908,0,10708980,0,10442957,4593,3217,12881,15311399,14246369,4498,4459,533
1786400711545,4999168,1383376,1567136,1181344,8236208,0,2964306,0,2960908,0,10708980,0,10442957,4593,3217,12881,15311399,14246369,4498,4459,533
1786400712056,4999168,1383376,1567136,1181344,8236208,0,2964306,0,2960908,0,10708980,0,10442957,4593,3217,12881,15311399,14246369,4498,4459,533
1786400712564,4999168,1383376,1567136,1181344,8236208,0,2964306,0,2960908,0,10708980,0,10442957,4593,3217,12881,15311399,14246369,4498,4459,533
1786400713077,4999168,1383648,1567408,1181344,8236208,0,2964306,0,2960908,0,10708980,0,10442957,4593,3217,12881,15311399,14246369,4498,4459,533
1786400713580,4999168,1383648,1567408,1181344,8236224,0,2964306,0,2960908,0,10708980,0,10442957,4594,3218,12881,15311399,14246369,4498,4459,533
1786400714092,4999168,1383648,1567408,1181344,8236224,0,2964306,0,2960908,0,10708980,0,10442957,4594,3218,12881,15311399,14246369,4498,4459,533
1786400714594,4999168,1383648,1567408,1181344,8236224,0,2964306,0,2960908,0,10708980,0,10442957,4594,3218,12881,15311399,14246369,4498,4459,533
1786400715102,4999168,1383648,1567408,1181344,8236224,0,2964306,0,2960908,0,10708980,0,10442957,4594,3218,12881,15311399,14246369,4498,4459,533
1786400715610,4999168,1383648,1567408,1181344,8236224,0,2964306,0,2960908,0,10708980,0,10442957,4594,3218,12881,15311399,14246369,4498,4459,533
1786400716114,4999168,1383648,1567408,1181344,8236224,0,2964306,0,2960908,0,10708980,0,10442957,4594,3218,12881,15311399,14246369,4498,4459,533
1786400716624,4999168,1383648,1567408,1181344,8236224,0,2964306,0,2960908,0,10708980,0,10442957,4594,3218,12881,15311399,14246369,4498,4459,533
1786400717135,4999168,1383648,1567408,1181344,8236224,0,2964306,0,2960908,0,10708980,0,10442957,4594,3218,12881,15311399,14246369,4498,4459,533
1786400717642,4999168,1383648,1567408,1181344,8236224,0,2964306,0,2960908,0,10708980,0,10442957,4594,3218,12881,15311399,14246369,4498,4459,533
1786400718146,4999168,1383648,1567408,1181344,8236224,0,2964306,0,2960908,0,10708980,0,10442957,4594,3218,12881,15311399,14246369,4498,4459,533
1786400718652,4999168,1383648,1567408,1181344,8236224,0,2964306,0,2960908,0,10708980,0,10442957,4594,3218,12881,15311399,14246369,4498,4459,533
1786400719153,4999168,1383648,1567408,1181344,8236224,0,2964306,0,2960908,0,10708980,0,10442957,4594,3218,12881,15311399,14246369,4498,4459,533
1786400719655,4999168,1383648,1567408,1181344,8236224,0,2964306,0,2960908,0,10708980,0,10442957,4594,3218,12881,15311399,14246369,4498,4459,533
1786400720157,4999168,1383648,1567408,1181344,8236224,0,2964306,0,2960908,0,10708980,0,10442957,4594,3218,12881,15311399,14246369,4498,4459,533
1786400720665,4999168,1383648,1567408,1181344,8236224,0,2964306,0,2960908,0,10708980,0,10442957,4594,3218,12881,15311399,14246369,4498,4459,533
1786400721177,4999168,1383648,1567408,1181344,8236224,0,2964306,0,2960908,0,10708980,0,10442957,4594,3218,12881,15311399,14246369,4498,4459,533
1786400721689,4999168,1383648,1567408,1181344,8236224,0,2964306,0,2960908,0,10708980,0,10442957,4594,3218,12881,15311399,14246369,4498,4459,533
1786400722201,4999168,1383648,1567408,1181344,8236224,0,2964306,0,2960908,0,10708980,0,10442957,4594,3218,12881,15311399,14246369,4498,4459,533
1786400722703,4999168,1383648,1567408,1181344,8236224,0,2964306,0,2960908,0,10708980,0,10442957,4594,3218,12881,15311399,14246369,4498,4459,533
1786400723210,4999168,1383408,1567168,1181344,8236224,0,2964306,0,2960908,0,10708980,0,10442957,4594,3218,12881,15311399,14246369,4498,4459,533
1786400723713,4999168,1383408,1567168,1181344,8236224,0,2964306,0,2960908,0,10708980,0,10442957,4594,3218,12881,15311399,14246369,4498,4459,533
1786400724214,4999168,1383408,1567168,1181344,8236224,0,2964306,0,2960908,0,10708980,0,10442957,4594,3218,12881,15311399,14246369,4498,4459,533
1786400724721,4999168,1383408,1567168,1181344,8236224,0,2964306,0,2960908,0,10708980,0,10442957,4594,3218,12881,15311399,14246369,4498,4459,533
1786400725225,4999168,1383408,1567168,1181344,8236224,0,2964306,0,2960908,0,10708980,0,10442957,4594,3218,12881,15311399,14246369,4498,4459,533
1786400725737,4999168,1383408,1567168,1181344,8236224,0,2964306,0,2960908,0,10708980,0,10442957,4594,3218,12881,15311399,14246369,4498,4459,533
1786400726244,4999168,1383408,1567168,1181344,8236224,0,2964306,0,2960908,0,10708980,0,10442957,4594,3218,12881,15311399,14246369,4498,4459,533
1786400726747,4999168,1383408,1567168,1181344,8236224,0,2964306,0,2960908,0,10708980,0,10442957,4594,3218,12881,15311399,14246369,4498,4459,533
1786400727257,4999168,1383408,1567168,1181344,8236224,0,2964306,0,2960908,0,10708980,0,10442957,4594,3218,12881,15311399,14246369,4498,4459,533
1786400727759,4999168,1383408,1567168,1181344,8236224,0,2964306,0,2960908,0,10708980,0,10442957,4594,3218,12881,15311399,14246369,4498,4459,533
1786400728262,4999168,1383408,1567168,1181344,8236224,0,2964306,0,2960908,0,10708980,0,10442957,4594,3218,12881,15311399,14246369,4498,4459,533
1786400728766,4999168,1383408,1567168,1181344,8236224,0,2964306,0,2960908,0,10708980,0,10442957,4594,3218,12881,15311399,14246369,4498,4459,533
1786400729279,4999168,1383408,1567168,1181344,8236224,0,2964306,0,2960908,0,10708980,0,10442957,4594,3218,12881,15311399,14246369,4498,4459,533
1786400729789,4999168,1383408,1567168,1181344,8236224,0,2964306,0,2960908,0,10708980,0,10442957,4594,3218,12881,15311399,14246369,4498,4459,533
1786400730297,4999168,1383408,1567168,1181344,8236224,0,2964306,0,2960908,0,10708980,0,10442957,4594,3218,12881,15311399,14246369,4498,4459,533
1786400730801,4999168,1383408,1567168,1181344,8236224,0,2964306,0,2960908,0,10708980,0,10442957,4594,3218,12881,15311399,14246369,4498,4459,533
1786400731308,4999168,1383408,1567168,1181344,8236224,0,2964306,0,2960908,0,10708980,0,10442957,4594,3218,12881,15311399,14246369,4498,4459,533
1786400731817,4999168,1383408,1567168,1181344,8236224,0,2964306,0,2960908,0,10708980,0,10442957,4594,3218,12881,15311399,14246369,4498,4459,533
1786400732320,4999168,1383408,1567168,1181344,8236224,0,2964306,0,2960908,0,10708980,0,10442957,4594,3218,12881,15311399,14246369,4498,4459,533
1786400732828,4999168,1383408,1567168,1181344,8236224,0,2964306,0,2960908,0,10708980,0,10442957,4594,3218,12881,15311399,14246369,4498,4459,533
1786400733330,4999168,1383408,1567168,1181344,8236224,0,2964306,0,2960908,0,10708980,0,10442957,4594,3218,12881,15311399,14246369,4498,4459,533
1786400733843,4999168,1383408,1567168,1181344,8236224,0,2964306,0,2960908,0,10708980,0,10442957,4594,3218,12881,15311399,14246369,4498,4459,533
1786400734348,4999168,1383408,1567168,1181344,8236224,0,2964306,0,2960908,0,10708980,0,10442957,4594,3218,12881,15311399,14246369,4498,4459,533
1786400734855,4999168,1383408,1567168,1181344,8236224,0,2964306,0,2960908,0,10708980,0,10442957,4594,3218,12881,15311399,14246369,4498,4459,533
1786400735365,4999168,1383408,1567168,1181344,8236224,0,2964306,0,2960908,0,10708980,0,10442957,4594,3218,12881,15311399,14246369,4498,4459,533
1786400735870,4999168,1383408,1567168,1181344,8236224,0,2964306,0,2960908,0,10708980,0,10442957,4594,3218,12881,15311399,14246369,4498,4459,533
1786400736379,4999168,1383408,1567168,1181344,8236224,0,2964306,0,2960908,0,10708980,0,10442957,4594,3218,12881,15311399,14246369,4498,4459,533
1786400736889,4999168,1383408,1567168,1181344,8236224,0,2964306,0,2960908,0,10708980,0,10442957,4594,3218,12881,15311399,14246369,4498,4459,533
1786400737395,4999168,1383408,1567168,1181344,8236224,0,2964306,0,2960908,0,10708980,0,10442957,4594,3218,12881,15311399,14246369,4498,4459,533
1786400737899,4999168,1383408,1567168,1181344,8236224,0,2964306,0,2960908,0,10708980,0,10442957,4594,3218,12881,15311399,14246369,4498,4459,533
1786400738407,4999168,1383408,1567168,1181344,8236224,0,2964306,0,2960908,0,10708980,0,10442957,4594,3218,12881,15311399,14246369,4498,4459,533
1786400738914,4999168,1383408,1567168,1181344,8236224,0,2964306,0,2960908,0,10708980,0,10442957,4594,3218,12881,15311399,14246369,4498,4459,533
1786400739417,4737024,1130208,1313968,1181344,8236224,0,2964306,0,2960908,0,10708980,0,10442957,4594,3218,12881,15311399,14246369,4498,4459,533
1786400739928,4737024,1130208,1313968,1181344,8236224,0,2964306,0,2960908,0,10708980,0,10442957,4594,3218,12881,15311399,14246369,4498,4459,533
1786400740430,4737024,1130208,1313968,1181344,8236224,0,2964306,0,2960908,0,10708980,0,10442957,4594,3218,12881,15311399,14246369,4498,4459,533
1786400740932,4737024,1130208,1313968,1181344,8236224,0,2964306,0,2960908,0,10708980,0,10442957,4594,3218,12881,15311399,14246369,4498,4459,533
1786400741434,4474880,869328,1053088,1181344,8236224,0,2964306,0,2960908,0,10708980,0,10442957,4594,3218,12881,15311399,14246369,4498,4459,533
1786400741945,4474880,869328,1053088,1181344,8236224,0,2964306,0,2960908,0,10708980,0,10442957,4594,3218,12881,15311399,14246369,4498,4459,533
1786400742451,4474880,869328,1053088,1181344,8236224,0,2964306,0,2960908,0,10708980,0,10442957,4594,3218,12881,15311399,14246369,4498,4459,533
1786400742961,4474880,869328,1053088,1181344,8236224,0,2964306,0,2960908,0,10708980,0,10442957,4594,3218,12881,15311399,14246369,4498,4459,533
1786400743473,4212736,608208,791968,1181344,8236224,0,2964306,0,2960908,0,10708980,0,10442957,4594,3218,12881,15311399,14246369,4498,4459,533
1786400743985,4212736,608208,791968,1181344,8236224,0,2964306,0,2960908,0,10708980,0,10442957,4594,3218,12881,15311399,14246369,4498,4459,533
1786400744489,4212736,608208,791968,1181344,8236224,0,2964306,0,2960908,0,10708980,0,10442957,4594,3218,12881,15311399,14246369,4498,4459,533
1786400744992,4212736,608208,791968,1181344,8236224,0,2964306,0,2960908,0,10708980,0,10442957,4594,3218,12881,15311399,14246369,4498,4459,533
1786400745495,3950592,996304,733440,567216,8227856,0,2989412,0,2985451,0,10712508,0,10445952,4602,3218,13400,15483861,14285408,4498,4459,539
1786400745997,3950592,996304,733536,567840,8227856,0,2989412,0,2985451,0,10713449,0,10446893,4603,3218,13400,15483861,14285408,4498,4459,539
1786400746508,3950592,548928,579984,1028816,8226224,0,2996783,0,2992785,0,10767757,0,10500548,4637,3236,13521,15501190,14302634,4498,4459,540
1786400747017,3950592,548928,579984,1028816,8226240,0,2996783,0,2992785,0,10767757,0,10500548,4638,3237,13521,15501190,14302634,4498,4459,540
1786400747519,3894896,527824,515856,984848,8225696,18,2997568,18,2993569,36,10772157,36,10504939,4638,3237,13555,15507523,14308959,4498,4459,541
1786400748025,3894896,591248,508192,914064,8221248,18,2998998,18,2994999,36,10925832,36,10657994,4640,3239,13835,15660653,14330743,4498,4459,543
1786400748531,3894896,591120,508400,914496,8221248,18,2998998,18,2994999,36,10925832,36,10657994,4640,3239,13835,15660667,14330757,4498,4459,543
1786400749035,3894896,531984,528672,994016,8221008,18,3002596,18,2998597,36,10954479,36,10686628,4640,3239,13850,15713709,14383795,4498,4459,545
1786400749555,3894896,582000,530496,945824,8221008,14,3003897,14,2999899,192,10954847,192,10686940,4640,3239,13850,15716721,14386807,4498,4459,545
1786400750061,3894896,582000,530496,945824,8221008,14,3003897,14,2999899,192,10954847,192,10686940,4640,3239,13850,15716721,14386807,4498,4459,545
1786400750562,3894896,553104,521984,966080,8221008,14,3008089,14,3004090,192,10987981,192,10720069,4641,3239,13850,15770557,14440643,4498,4459,547
1786400751068,3894896,553104,521984,966080,8221008,14,3008089,14,3004090,192,10987981,192,10720069,4641,3239,13850,15770557,14440643,4498,4459,547
1786400751581,3894896,554240,520448,963456,8221008,12,3015283,12,3011269,175,11008119,175,10740151,4641,3239,13850,15824317,14494401,4498,4459,548
1786400752081,3894896,554240,520448,963456,8221008,12,3015283,12,3011269,175,11008119,175,10740151,4641,3239,13850,15824317,14494401,4498,4459,548
1786400752583,3894896,554064,521024,964288,8221008,12,3015283,12,3011269,175,11008119,175,10740151,4641,3239,13850,15824317,14494401,4498,4459,548
1786400753094,3894896,553008,518592,962464,8220976,12,3020270,12,3016256,175,11026602,175,10758392,4641,3239,13852,15878045,14548129,4498,4459,550
1786400753598,3894896,553008,518592,962464,8220976,9,3020270,9,3016256,162,11026602,162,10758392,4641,3239,13852,15878045,14548129,4498,4459,550
1786400754105,3894896,554496,519184,961872,8220976,9,3022306,9,3018292,162,11051952,162,10783553,4641,3239,13852,15931700,14601784,4498,4459,552
1786400754610,3894896,554928,519456,961712,8220976,9,3022306,9,3018292,162,11051952,162,10783553,4641,3239,13852,15931700,14601784,4498,4459,552
1786400755112,3894896,554928,519904,961792,8221072,9,3022306,9,3018292,162,11057067,162,10788640,4648,3245,13852,15931700,14601784,4498,4459,552
1786400755615,3894896,546976,510608,961088,8221072,8,3024474,8,3020459,168,11091113,168,10822609,4648,3245,13852,15985350,14655434,4498,4459,554
1786400756119,3894896,546976,510608,961088,8221072,8,3024474,8,3020459,168,11091113,168,10822609,4648,3245,13852,15985350,14655434,4498,4459,554
1786400756626,3894896,558864,524992,963232,8221072,8,3026162,8,3022147,168,11115391,168,10846796,4648,3245,13852,16038854,14708938,4498,4459,555
1786400757132,3894896,558864,524992,963232,8221072,8,3026162,8,3022147,168,11115391,168,10846796,4648,3245,13852,16038854,14708938,4498,4459,555
1786400757633,3894896,505552,519504,1011056,8221072,6,3026162,6,3022147,156,11115563,156,10846967,4648,3245,13852,16038854,14708938,4498,4459,555
1786400758139,3894896,550256,515120,962784,8221072,6,3029661,6,3025646,156,11145474,156,10876850,4648,3245,13852,16092486,14762570,4498,4459,557
1786400758642,3894896,550416,515600,962784,8221072,6,3029661,6,3025646,156,11145474,156,10876850,4648,3245,13852,16092486,14762570,4498,4459,557
1786400759148,3894896,558192,522064,960816,8221072,6,3033347,6,3029331,156,11157457,156,10888726,4648,3245,13852,16146182,14816266,4498,4459,559
1786400759659,3894896,558192,522064,960816,8221072,5,3033347,5,3029331,164,11157457,164,10888726,4648,3245,13852,16146182,14816266,4498,4459,559
1786400760161,3894896,562320,519504,954944,8221072,5,3033507,5,3029491,164,11159202,164,10890456,4648,3245,13852,16155078,14825162,4498,4459,559
1786400760670,3894896,543440,521504,975088,8222448,5,3036364,5,3032349,164,11196152,164,10926993,4747,3330,13852,16199750,14869834,4498,4459,561
1786400761176,3894896,543440,521856,975328,8223152,5,3036364,5,3032349,164,11198453,164,10929174,4794,3374,13852,16199750,14869834,4498,4459,561
1786400761688,3894896,570480,507648,934704,8223152,4,3039537,4,3035516,170,11227338,170,10958042,4794,3374,13852,16255878,14925962,4498,4459,562
1786400762198,3894896,570480,507648,934704,8223152,4,3039537,4,3035516,170,11227338,170,10958042,4794,3374,13852,16255878,14925962,4498,4459,562
1786400762700,3911536,543984,530464,983728,8223152,4,3040321,4,3036300,170,11239042,170,10969657,4794,3374,13852,16291398,14961482,4498,4459,564
1786400763201,3911536,600720,541248,938208,8223152,3,3041503,3,3037482,176,11245471,176,10976069,4794,3374,13852,16309254,14979338,4498,4459,564
1786400763707,3911536,600720,541248,938208,8223152,3,3041503,3,3037482,176,11245471,176,10976069,4794,3374,13852,16309254,14979338,4498,4459,564
1786400764210,3911536,613200,551824,935584,8223152,3,3048345,3,3044323,176,11267905,176,10998468,4794,3374,13852,16363014,15033098,4498,4459,566
1786400764719,3884000,583408,522128,935584,8223152,3,3048345,3,3044323,176,11267905,176,10998468,4794,3374,13852,16363014,15033098,4498,4459,566
1786400765221,3884000,590560,522832,929808,8223152,2,3051276,2,3047251,162,11280182,162,11010569,4794,3374,13852,16407430,15077514,4498,4459,567
1786400765722,3884000,579088,522720,940400,8223152,2,3051699,2,3047674,162,11288896,162,11019237,4794,3374,13852,16416326,15086410,4498,4459,568
1786400766230,3884000,579088,522720,940400,8223152,2,3051699,2,3047674,162,11288896,162,11019237,4794,3374,13852,16416326,15086410,4498,4459,568
1786400766732,3884000,571616,518544,944096,8223152,2,3053635,2,3049609,162,11314533,162,11044844,4794,3374,13852,16469702,15139786,4498,4459,570
1786400767242,3884000,571616,518544,944096,8223152,2,3053635,2,3049609,151,11314533,151,11044844,4794,3374,13852,16469702,15139786,4498,4459,570
1786400767745,3884000,492832,517312,1021664,8223152,2,3054481,2,3050455,151,11337966,151,11068277,4794,3374,13852,16514118,15184202,4498,4459,571
1786400768256,3884000,562208,522688,957472,8225088,2,3056708,2,3052666,151,11351555,151,11081442,4935,3495,13852,16523014,15193098,4498,4459,571
1786400768765,3884000,557712,518224,957504,8225152,2,3056708,2,3052666,151,11351555,151,11081442,4939,3499,13852,16523014,15193098,4498,4459,571
1786400769269,3884000,547552,518032,967536,8225152,1,3058211,1,3054169,178,11377096,178,11106964,4939,3499,13852,16576006,15246090,4498,4459,573
1786400769772,3884000,547552,518032,967536,8225152,1,3058211,1,3054169,178,11377096,178,11106964,4939,3499,13852,16576006,15246090,4498,4459,573
1786400770274,3884000,527632,508288,977568,8225152,1,3060407,1,3056366,178,11397413,178,11127078,4939,3499,13852,16628998,15299082,4498,4459,575
1786400770783,3884000,575152,508704,930464,8225152,1,3061673,1,3057632,178,11397413,178,11127078,4939,3499,13852,16631942,15302026,4498,4459,575
1786400771287,3884000,575152,508704,930464,8225152,1,3061673,1,3057632,163,11397413,163,11127078,4939,3499,13852,16631942,15302026,4498,4459,575
1786400771797,3884000,570656,513712,940560,8225152,1,3063718,1,3059676,163,11423713,163,11153076,4939,3499,13852,16684934,15355018,4498,4459,577
1786400772302,3884000,571312,514000,940192,8225152,1,3063718,1,3059676,163,11423713,163,11153076,4939,3499,13852,16684934,15355018,4498,4459,577
1786400772804,3884000,564128,516480,949872,8225152,1,3067669,1,3063627,163,11445457,163,11174705,4939,3499,13852,16737926,15408010,4498,4459,578
1786400773309,3884000,564128,516480,949872,8225152,1,3067669,1,3063627,170,11445457,170,11174705,4939,3499,13852,16737926,15408010,4498,4459,578
1786400773813,3884000,564128,516976,950016,8225200,1,3067936,1,3063867,170,11447018,170,11176214,4948,3502,13852,16737926,15408010,4498,4459,578
1786400774314,3884000,552304,515840,960640,8225200,1,3069964,1,3065895,170,11476296,170,11205492,4948,3502,13852,16790918,15461002,4498,4459,580
1786400774823,3884000,552304,515840,960640,8225200,1,3069964,1,3065895,170,11476296,170,11205492,4948,3502,13852,16790918,15461002,4498,4459,580
1786400775331,3884000,545632,518128,969648,8225200,0,3071833,0,3067764,157,11504189,157,11233366,4948,3502,13852,16843974,15514058,4498,4459,582
1786400775841,3884000,545632,518512,969648,8225200,0,3071833,0,3067764,157,11504189,157,11233366,4948,3502,13852,16843974,15514058,4498,4459,582
1786400776344,3884000,545632,518512,969648,8225200,0,3071833,0,3067764,157,11504189,157,11233366,4948,3502,13852,16843974,15514058,4498,4459,582
1786400776855,3884000,534240,516400,979264,8225200,0,3073164,0,3069095,157,11536304,157,11265441,4948,3502,13852,16897030,15567114,4498,4459,584
1786400777359,3884000,534272,515824,978656,8225200,0,3073164,0,3069095,165,11536304,165,11265441,4948,3502,13852,16897030,15567114,4498,4459,584
1786400777871,3884000,513872,505472,988720,8225200,0,3076009,0,3071940,165,11550552,165,11279626,4948,3502,13852,16950022,15620106,4498,4459,585
1786400778372,3891168,561808,505920,941248,8225200,0,3077194,0,3073125,165,11550552,165,11279626,4948,3502,13852,16952966,15623050,4498,4459,585
1786400778881,3902352,561808,505872,941248,8225200,0,3077194,0,3073125,165,11550552,165,11279626,4948,3502,13852,16952966,15623050,4498,4459,585
1786400779382,3902352,560336,514224,950928,8225200,0,3083824,0,3079755,171,11578824,171,11307224,4948,3502,13852,17005958,15676042,4498,4459,587
1786400779887,3902352,560336,514224,950928,8225200,0,3083824,0,3079755,171,11578824,171,11307224,4948,3502,13852,17005958,15676042,4498,4459,587
1786400780391,3902352,569216,527760,955632,8225200,0,3089912,0,3085843,171,11601795,171,11329998,4948,3502,13852,17059270,15729354,4498,4459,589
1786400780894,3902352,569216,527760,955632,8225200,0,3089912,0,3085843,171,11601795,171,11329998,4948,3502,13852,17059270,15729354,4498,4459,589
1786400781396,3902352,569216,527760,955632,8225200,0,3089912,0,3085843,158,11601795,158,11329998,4948,3502,13852,17059270,15729354,4498,4459,589
1786400781905,3902352,571056,533296,959712,8225200,0,3092537,0,3088467,158,11638727,158,11366470,4948,3502,13852,17112646,15782730,4498,4459,591
1786400782413,3902352,571136,533136,959472,8225200,0,3092537,0,3088467,158,11638727,158,11366470,4948,3502,13852,17112646,15782730,4498,4459,591
1786400782919,3902352,566256,532304,962992,8225200,0,3097517,0,3093447,158,11659785,158,11387202,4948,3502,13852,17166022,15836106,4498,4459,593
1786400783427,3902352,566256,532304,962992,8225200,0,3097517,0,3093447,184,11659785,166,11387202,4948,3502,13852,17166022,15836106,4498,4459,593
1786400783929,3902352,525808,531424,1002576,8225200,0,3097517,0,3093447,184,11660046,166,11387463,4948,3502,13852,17166022,15836106,4498,4459,593
1786400784432,3902352,556848,528048,968432,8225200,0,3102264,0,3098194,184,11687191,166,11414355,4948,3502,13852,17219270,15889354,4498,4459,594
1786400784942,3902352,556848,528048,968432,8225200,0,3102264,0,3098194,184,11687191,166,11414355,4948,3502,13852,17219270,15889354,4498,4459,594
1786400785455,3902352,553440,528000,972112,8225200,0,3109307,0,3105234,169,11710955,154,11437942,4948,3502,13852,17272646,15942730,4498,4459,596
1786400785965,3902352,553440,528720,972112,8225200,0,3109307,0,3105234,169,11710955,154,11437942,4948,3502,13852,17272646,15942730,4498,4459,596
1786400786466,3902352,581552,537360,953696,8225200,0,3110049,0,3105976,169,11721781,154,11448765,4948,3502,13852,17290374,15960458,4498,4459,597
1786400786977,3902352,555920,533888,975072,8225200,0,3113993,0,3109920,169,11739133,154,11466062,4948,3502,13852,17326086,15996170,4498,4459,598
1786400787482,3902352,555968,533840,974976,8225200,0,3113993,0,3109920,156,11739133,144,11466062,4948,3502,13852,17326086,15996170,4498,4459,598
1786400787994,3902352,550672,532144,978400,8225200,0,3115675,0,3111602,156,11761090,144,11487765,4948,3502,13852,17379462,16049546,4498,4459,600
1786400788498,3902352,550448,532064,978592,8225200,0,3115675,0,3111602,156,11761090,144,11487765,4948,3502,13852,17379462,16049546,4498,4459,600
1786400789006,3902352,504624,534496,1028128,8225200,0,3117495,0,3113422,156,11771503,144,11498130,4948,3502,13852,17414982,16085066,4498,4459,601
1786400789507,3902352,553424,538480,982336,8225200,0,3118033,0,3113960,164,11779280,136,11505731,4948,3502,13852,17432838,16102922,4498,4459,601
1786400790019,3902352,553424,538480,982336,8225200,0,3118033,0,3113960,164,11779280,136,11505731,4948,3502,13852,17432838,16102922,4498,4459,601
1786400790525,3902352,538992,527344,985808,8225200,0,3119196,0,3115123,164,11819927,136,11546110,4948,3502,13852,17486214,16156298,4498,4459,603
1786400791029,3902352,538992,527344,985808,8225200,0,3119196,0,3115123,164,11819927,136,11546110,4948,3502,13852,17486214,16156298,4498,4459,603
1786400791531,3902352,530336,525424,992256,8225200,0,3122097,0,3118024,152,11857606,129,11583130,4948,3502,13852,17539398,16209482,4498,4459,605
1786400792041,3902352,577232,525632,945568,8225200,0,3122740,0,3118667,152,11857606,129,11583130,4948,3502,13852,17542342,16212426,4498,4459,605
1786400792543,3902352,577232,525632,945568,8225200,0,3122740,0,3118667,152,11857606,129,11583130,4948,3502,13852,17542342,16212426,4498,4459,605
1786400793049,3902352,573392,528928,952768,8225200,0,3124449,0,3120376,152,11881578,129,11606869,4948,3502,13852,17595526,16265610,4498,4459,607
1786400793557,3902352,573392,528352,952192,8225200,0,3124449,0,3120376,179,11881578,160,11606869,4948,3502,13852,17595526,16265610,4498,4459,607
1786400794059,3902352,574832,533056,955472,8225200,0,3126941,0,3122868,179,11905738,160,11631024,4948,3502,13852,17648902,16318986,4498,4459,609
1786400794568,3902352,574832,533056,955472,8225200,0,3126941,0,3122868,179,11905738,160,11631024,4948,3502,13852,17648902,16318986,4498,4459,609
1786400795071,3902352,574832,533056,955472,8225200,0,3126941,0,3122868,179,11905738,160,11631024,4948,3502,13852,17648902,16318986,4498,4459,609
1786400795582,3902352,571120,531136,956832,8225200,0,3128467,0,3124394,183,11935357,167,11660304,4948,3502,13852,17702406,16372490,4498,4459,610
1786400796088,3902352,571120,531136,956832,8225200,0,3128467,0,3124394,183,11935357,167,11660304,4948,3502,13852,17702406,16372490,4498,4459,610
1786400796599,3902352,566416,529568,960752,8225200,0,3131098,0,3127025,183,11964968,167,11689911,4948,3502,13852,17755782,16425866,4498,4459,612
1786400797110,3902352,566416,529568,960752,8225200,0,3131098,0,3127025,183,11964968,167,11689911,4948,3502,13852,17755782,16425866,4498,4459,612
1786400797614,3902352,565888,529408,960720,8225200,0,3131098,0,3127025,186,11964968,173,11689911,4948,3502,13852,17755782,16425866,4498,4459,612
1786400798118,3902352,573216,538784,962560,8225200,0,3133656,0,3129583,186,11998506,173,11723440,4948,3502,13852,17809286,16479370,4498,4459,614
1786400798628,3902352,573216,538784,962560,8225200,0,3133656,0,3129583,186,11998506,173,11723440,4948,3502,13852,17809286,16479370,4498,4459,614
1786400799140,3902352,568528,538272,966560,8225200,0,3139488,0,3135415,186,12016716,173,11741512,4948,3502,13852,17862662,16532746,4498,4459,616
1786400799650,3902352,568800,537952,965968,8225200,0,3139488,0,3135415,188,12016716,178,11741512,4948,3502,13852,17862662,16532746,4498,4459,616
1786400800152,3902352,500592,537952,1034176,8225200,0,3139488,0,3135415,188,12017183,178,11741959,4948,3502,13852,17862662,16532746,4498,4459,616
1786400800661,3902352,566032,535680,966608,8225200,0,3141687,0,3137610,188,12049251,178,11773905,4948,3502,13852,17916230,16586314,4498,4459,618
1786400801171,3902352,566032,535680,966608,8225200,0,3141687,0,3137610,188,12049251,178,11773905,4948,3502,13852,17916230,16586314,4498,4459,618
1786400801683,3902352,550880,525120,971376,8225200,0,3143294,0,3139214,172,12077399,164,11802039,4948,3502,13852,17969542,16639626,4498,4459,619
1786400802190,3902352,550880,525120,971376,8225200,0,3143294,0,3139214,172,12077399,164,11802039,4948,3502,13852,17969542,16639626,4498,4459,619
1786400802691,3902352,465696,530288,1061840,8225200,0,3144149,0,3140068,172,12093758,164,11818395,4948,3502,13852,17996230,16666314,4498,4459,620
1786400803196,3902352,554272,532304,975264,8225200,0,3145221,0,3141140,172,12109728,164,11834365,4948,3502,13852,18022918,16693002,4498,4459,621
1786400803700,3902352,554272,532304,975264,8225216,0,3145221,0,3141140,195,12109728,188,11834365,4949,3503,13852,18022918,16693002,4498,4459,621
1786400804212,3902352,549472,532576,980176,8225216,0,3148037,0,3143956,195,12132540,188,11856831,4949,3503,13852,18076230,16746314,4498,4459,623
1786400804713,3902352,549472,532576,980176,8225216,0,3148037,0,3143956,195,12132540,188,11856831,4949,3503,13852,18076230,16746314,4498,4459,623
1786400805215,3902352,514912,530640,1013792,8225216,0,3152048,0,3147967,178,12141813,172,11865971,4949,3503,13852,18111814,16781898,4498,4459,624
1786400805725,3902352,545984,532416,983696,8225216,0,3152759,0,3148679,178,12154715,172,11878867,4949,3503,13852,18129606,16799690,4498,4459,625
1786400806229,3902352,546512,533312,983616,8225216,0,3152759,0,3148679,178,12154715,172,11878867,4949,3503,13852,18129606,16799690,4498,4459,625
1786400806741,3902352,540272,531024,987888,8225216,0,3153930,0,3149849,178,12181508,172,11905654,4949,3503,13852,18182918,16853002,4498,4459,627
1786400807244,3902352,540272,531024,987888,8225216,0,3153930,0,3149849,164,12181508,159,11905654,4949,3503,13852,18182918,16853002,4498,4459,627
1786400807746,3902352,492688,533152,1037712,8225216,0,3159591,0,3155510,164,12204701,159,11928840,4949,3503,13852,18227398,16897482,4498,4459,628
1786400808248,3902352,534128,528720,991744,8225216,0,3160118,0,3156037,164,12208873,159,11933011,4949,3503,13852,18236294,16906378,4498,4459,628
1786400808753,3902352,534272,528624,991504,8225216,0,3160118,0,3156037,164,12208873,159,11933011,4949,3503,13852,18236294,16906378,4498,4459,628
1786400809265,3902352,576032,527328,948288,8225216,0,3167731,0,3163642,170,12234453,166,11958588,4949,3503,13852,18292614,16962698,4498,4459,630
1786400809769,3902352,576032,527328,948288,8225216,0,3167731,0,3163642,170,12234453,166,11958588,4949,3503,13852,18292614,16962698,4498,4459,630
1786400810271,3902352,534064,530672,995200,8225216,0,3173966,0,3169877,170,12259572,166,11983656,4949,3503,13852,18342534,17012554,4498,4459,632
1786400810781,3902352,581424,536288,952176,8225216,0,3174310,0,3170221,170,12260750,166,11984834,4949,3503,13852,18345990,17016074,4498,4459,632
1786400811289,3902352,581424,536288,952176,8225216,0,3174310,0,3170221,157,12260750,154,11984834,4949,3503,13852,18345990,17016074,4498,4459,632
1786400811795,3902352,575520,534176,956048,8225216,0,3176941,0,3172852,157,12287867,154,12011946,4949,3503,13852,18399366,17069450,4498,4459,634
1786400812306,3902352,575664,534080,955808,8225216,0,3176941,0,3172852,157,12287867,154,12011946,4949,3503,13852,18399366,17069450,4498,4459,634
1786400812812,3902352,573536,531728,955280,8225216,0,3178631,0,3174542,157,12318636,154,12042478,4949,3503,13852,18452998,17123082,4498,4459,635
1786400813320,3902352,573536,531728,955280,8225216,0,3178631,0,3174542,165,12318636,162,12042478,4949,3503,13852,18452998,17123082,4498,4459,635
1786400813831,3902352,573536,531728,955280,8225216,0,3178631,0,3174542,165,12318636,162,12042478,4949,3503,13852,18452998,17123082,4498,4459,635
1786400814342,3902352,570448,529952,956528,8225216,0,3182483,0,3178393,165,12333793,162,12057534,4949,3503,13852,18506502,17176586,4498,4459,637
1786400814854,3902352,570448,529952,956528,8225216,0,3182483,0,3178393,165,12333793,162,12057534,4949,3503,13852,18506502,17176586,4498,4459,637
1786400815356,3902352,579200,539104,957008,8225216,0,3183824,0,3179734,153,12357565,151,12081219,4949,3503,13852,18560070,17230154,4498,4459,639
1786400815866,3902352,579200,539104,957008,8225216,0,3183824,0,3179734,153,12357565,151,12081219,4949,3503,13852,18560070,17230154,4498,4459,639
1786400816376,3902352,579200,539104,957008,8225216,0,3183824,0,3179734,153,12357565,151,12081219,4949,3503,13852,18560070,17230154,4498,4459,639
1786400816886,3902352,575872,535408,956352,8225216,0,3186183,0,3182094,153,12393211,151,12116417,4949,3503,13852,18613702,17283786,4498,4459,641
1786400817389,3902352,576320,535776,956512,8225216,0,3186183,0,3182094,143,12393211,142,12116417,4949,3503,13852,18613702,17283786,4498,4459,641
1786400817892,3902352,575600,533008,954752,8225216,0,3188135,0,3184046,143,12420599,142,12143578,4949,3503,13852,18667398,17337482,4498,4459,642
1786400818403,3902352,575600,533008,954752,8225216,0,3188135,0,3184046,143,12420599,142,12143578,4949,3503,13852,18667398,17337482,4498,4459,642
1786400818904,3902352,568544,526736,955536,8225216,0,3188135,0,3184046,143,12420606,142,12143585,4949,3503,13852,18667398,17337482,4498,4459,642
1786400819412,3902352,569696,531456,958880,8225216,0,3191583,0,3187494,172,12458832,170,12181811,4949,3503,13852,18720774,17390858,4498,4459,644
1786400819924,3902352,569840,531360,958640,8225216,0,3191583,0,3187494,172,12458832,170,12181811,4949,3503,13852,18720774,17390858,4498,4459,644
1786400820427,3902352,571024,533632,960176,8225216,0,3195107,0,3191017,172,12480863,170,12203656,4949,3503,13852,18774278,17444362,4498,4459,646
1786400820931,3902352,571024,533632,960176,8225216,0,3195107,0,3191017,172,12480863,170,12203656,4949,3503,13852,18774278,17444362,4498,4459,646
1786400821433,3902352,464208,538512,1071120,8225216,0,3195107,0,3191017,159,12482162,157,12204931,4949,3503,13852,18774278,17444362,4498,4459,646
1786400821942,3902352,574272,535072,957744,8225216,0,3199001,0,3194912,159,12523795,157,12246556,4949,3503,13852,18828038,17498122,4498,4459,648
1786400822447,3902352,574272,535072,957744,8225216,0,3199001,0,3194912,159,12523795,157,12246556,4949,3503,13852,18828038,17498122,4498,4459,648
1786400822959,3902352,570192,531744,958576,8225216,0,3201488,0,3197399,159,12557996,157,12280747,4949,3503,13852,18881606,17551690,4498,4459,650
1786400823461,3902352,570192,531744,958576,8225216,0,3201488,0,3197399,184,12557996,183,12280747,4949,3503,13852,18881606,17551690,4498,4459,650
1786400823963,3902352,499296,534304,1031840,8225216,0,3201736,0,3197646,184,12561460,183,12284212,4949,3503,13852,18890502,17560586,4498,4459,650
1786400824473,3902352,574288,538576,961440,8225216,0,3204412,0,3200322,184,12590141,183,12312893,4949,3503,13852,18935046,17605130,4498,4459,651
1786400824980,3902352,574288,538576,961440,8225216,0,3204412,0,3200322,184,12590141,183,12312893,4949,3503,13852,18935046,17605130,4498,4459,651
1786400825482,3902352,569968,536256,963280,8225216,0,3206934,0,3202844,187,12619370,186,12342120,4949,3503,13852,18988550,17658634,4498,4459,653
1786400825985,3902352,569968,536256,963280,8225216,0,3206934,0,3202844,187,12619370,186,12342120,4949,3503,13852,18988550,17658634,4498,4459,653
1786400826488,3902352,498256,533856,1032704,8225216,0,3207666,0,3203577,187,12624645,186,12347233,4949,3503,13852,19006342,17676426,4498,4459,654
1786400826996,3902352,563488,534400,967744,8225216,0,3209116,0,3205027,187,12640801,186,12363276,4949,3503,13852,19041926,17712010,4498,4459,655
1786400827499,3902352,563632,533968,967168,8225216,0,3209116,0,3205027,171,12640801,170,12363276,4949,3503,13852,19041926,17712010,4498,4459,655
1786400828009,3902352,558192,529936,968816,8225216,0,3216511,0,3212421,171,12663258,170,12384942,4949,3503,13852,19095430,17765514,4498,4459,657
1786400828520,3902352,558192,529936,968816,8225216,0,3216511,0,3212421,171,12663258,170,12384942,4949,3503,13852,19095430,17765514,4498,4459,657
1786400829022,3902352,542672,529392,984400,8225216,0,3217492,0,3213403,171,12695492,170,12416859,4949,3503,13852,19139974,17810058,4498,4459,658
1786400829524,3902352,553488,527904,971680,8225216,0,3217722,0,3213632,194,12702713,176,12424033,4949,3503,13852,19148870,17818954,4498,4459,658
1786400830033,3902352,553488,527904,971680,8225216,0,3217722,0,3213632,194,12702713,176,12424033,4949,3503,13852,19148870,17818954,4498,4459,658
1786400830546,3902352,554128,532480,975456,8225216,0,3218814,0,3214724,194,12727660,176,12448638,4949,3503,13852,19202182,17872266,4498,4459,660
1786400831058,3902352,554128,532480,975456,8225216,0,3218814,0,3214724,194,12727660,176,12448638,4949,3503,13852,19202182,17872266,4498,4459,660
1786400831560,3902352,481232,537824,1053424,8225216,0,3220315,0,3216225,177,12752013,162,12472960,4949,3503,13852,19246598,17916682,4498,4459,662
1786400832071,3902352,547152,529952,979904,8225216,0,3221597,0,3217507,177,12753439,162,12474249,4949,3503,13852,19255494,17925578,4498,4459,662
1786400832573,3902352,546944,529856,980144,8225216,0,3221597,0,3217507,177,12753439,162,12474249,4949,3503,13852,19255494,17925578,4498,4459,662
1786400833086,3902352,545744,532448,983872,8225216,0,3223857,0,3219767,177,12786089,162,12506894,4949,3503,13852,19308870,17978954,4498,4459,664
1786400833597,3902352,545744,532448,983872,8225216,0,3223857,0,3219767,181,12786089,169,12506894,4949,3503,13852,19308870,17978954,4498,4459,664
1786400834109,3902352,537472,529472,989216,8225216,0,3227722,0,3223633,181,12799153,169,12519695,4949,3503,13852,19362182,18032266,4498,4459,666
1786400834619,3902352,538192,529552,988544,8225216,0,3227722,0,3223633,181,12799153,169,12519695,4949,3503,13852,19362182,18032266,4498,4459,666
1786400835128,3902352,538192,529552,988544,8225216,0,3227722,0,3223633,181,12799153,169,12519695,4949,3503,13852,19362182,18032266,4498,4459,666
1786400835639,3902352,531920,526848,992176,8225216,0,3230401,0,3226311,166,12832609,156,12553148,4949,3503,13852,19415558,18085642,4498,4459,667
1786400836151,3902352,531920,526848,992176,8225216,0,3230401,0,3226311,166,12832609,156,12553148,4949,3503,13852,19415558,18085642,4498,4459,667
1786400836660,3902352,532256,531088,996000,8225216,0,3233398,0,3229308,166,12855086,156,12575584,4949,3503,13852,19468934,18139018,4498,4459,669
1786400837164,3902352,532256,531424,996000,8225216,0,3233398,0,3229308,166,12855086,156,12575584,4949,3503,13852,19468934,18139018,4498,4459,669
1786400837671,3902352,532688,531808,995952,8225216,0,3233398,0,3229308,172,12855086,164,12575584,4949,3503,13852,19468934,18139018,4498,4459,669
1786400838182,3902352,536528,537152,997632,8225216,0,3236839,0,3232749,172,12891771,164,12612229,4949,3503,13852,19522438,18192522,4498,4459,671
1786400838692,3902352,536528,537152,997632,8225216,0,3236839,0,3232749,172,12891771,164,12612229,4949,3503,13852,19522438,18192522,4498,4459,671
1786400839195,3902352,576848,535440,955440,8225216,0,3238991,0,3234902,172,12917238,164,12637695,4949,3503,13852,19578694,18248778,4498,4459,673
1786400839700,3902352,576848,535440,955440,8225216,0,3238991,0,3234902,195,12917238,189,12637695,4949,3503,13852,19578694,18248778,4498,4459,673
1786400840202,3902352,554112,535264,978416,8225216,0,3238991,0,3234902,195,12917294,189,12637751,4949,3503,13852,19578694,18248778,4498,4459,673
1786400840708,3902352,571520,532512,958688,8225216,0,3242369,0,3238241,195,12953690,189,12674139,4951,3503,13852,19632134,18302218,4498,4459,675
1786400841221,3902352,571520,532512,958688,8225216,0,3242369,0,3238241,195,12953690,189,12674139,4951,3503,13852,19632134,18302218,4498,4459,675
1786400841731,3902352,571040,535280,961536,8225216,0,3243961,0,3239833,178,12981152,172,12701370,4951,3503,13852,19685574,18355658,4498,4459,676
1786400842234,3902352,571040,535280,961536,8225216,0,3243961,0,3239833,178,12981152,172,12701370,4951,3503,13852,19685574,18355658,4498,4459,676
1786400842737,3902352,509344,529760,1018416,8225216,0,3245875,0,3241747,178,12983532,172,12703642,4951,3503,13852,19694470,18364554,4498,4459,677
1786400843247,3902352,567536,535232,965408,8225216,0,3247724,0,3243595,182,13010212,177,12729708,4951,3503,13852,19738950,18409034,4498,4459,678
1786400843759,3902352,567536,535232,965408,8225216,0,3247724,0,3243595,182,13010212,177,12729708,4951,3503,13852,19738950,18409034,4498,4459,678
1786400844263,3902352,562976,533168,967360,8225216,0,3255900,0,3251771,182,13033813,177,12753309,4951,3503,13852,19792390,18462474,4498,4459,680
1786400844771,3902352,562976,533168,967360,8225216,0,3255900,0,3251771,182,13033813,177,12753309,4951,3503,13852,19792390,18462474,4498,4459,680
1786400845274,3902352,576320,530560,951920,8225216,0,3260827,0,3256696,167,13039412,163,12758715,4951,3503,13852,19819078,18489162,4498,4459,681
1786400845775,3902352,557696,530928,970912,8225216,0,3261488,0,3257357,167,13063327,163,12782404,4951,3503,13852,19845766,18515850,4498,4459,682
1786400846279,3902352,557696,530928,970912,8225216,0,3261488,0,3257357,167,13063327,163,12782404,4951,3503,13852,19845766,18515850,4498,4459,682
1786400846791,3902352,553296,529216,973712,8225216,0,3268741,0,3264610,167,13079468,163,12798497,4951,3503,13852,19899206,18569290,4498,4459,684
1786400847300,3902352,553296,530176,973712,8225216,0,3268741,0,3264610,155,13079468,152,12798497,4951,3503,13852,19899206,18569290,4498,4459,684
1786400847802,3902352,497440,531760,1030768,8225216,0,3273318,0,3269187,155,13093404,152,12812372,4951,3503,13852,19925894,18595978,4498,4459,684
1786400848313,3902352,551792,531264,976464,8225216,0,3274460,0,3270330,155,13111543,152,12830422,4951,3503,13852,19952582,18622666,4498,4459,685
1786400848816,3902352,551792,531264,976464,8225216,0,3274460,0,3270330,155,13111543,152,12830422,4951,3503,13852,19952582,18622666,4498,4459,685
1786400849320,3902352,552560,535856,980608,8225216,0,3277212,0,3273081,163,13135755,160,12854290,4951,3503,13852,20005894,18675978,4498,4459,687
1786400849824,3902352,552032,535600,981216,8225216,0,3277212,0,3273081,163,13135755,160,12854290,4951,3503,13852,20005894,18675978,4498,4459,687
1786400850325,3902352,484816,532864,1045056,8225216,0,3281535,0,3277404,163,13148692,160,12867046,4951,3503,13852,20041478,18711562,4498,4459,689
1786400850827,3902352,538544,526048,984336,8225216,0,3282065,0,3277934,163,13160273,160,12878497,4951,3503,13852,20059270,18729354,4498,4459,689
1786400851339,3902352,538544,526048,984336,8225216,0,3282065,0,3277934,151,13160273,149,12878497,4951,3503,13852,20059270,18729354,4498,4459,689
1786400851851,3902352,541264,533392,989360,8225216,0,3284297,0,3280166,151,13180720,149,12898944,4951,3503,13852,20112582,18782666,4498,4459,691
1786400852363,3902352,541264,533392,989360,8225216,0,3284297,0,3280166,151,13180720,149,12898944,4951,3503,13852,20112582,18782666,4498,4459,691
1786400852864,3902352,510576,527872,1015008,8225216,0,3287280,0,3283150,151,13192554,149,12910444,4951,3503,13852,20157062,18827146,4498,4459,693
1786400853370,3902352,538144,533408,992192,8225216,0,3287661,0,3283530,142,13199189,140,12917079,4951,3503,13852,20166022,18836106,4498,4459,693
1786400853873,3902352,538144,533408,992192,8225216,0,3287661,0,3283530,142,13199189,140,12917079,4951,3503,13852,20166022,18836106,4498,4459,693
1786400854385,3902352,569520,522944,950576,8225216,0,3290738,0,3286607,142,13225473,140,12943363,4951,3503,13852,20222214,18892298,4498,4459,695
1786400854890,3902352,569520,522944,950576,8225216,0,3290738,0,3286607,142,13225473,140,12943363,4951,3503,13852,20222214,18892298,4498,4459,695
1786400855391,3902352,571632,527776,954336,8225216,0,3294289,0,3290158,134,13254934,133,12972793,4951,3503,13852,20275590,18945674,4498,4459,698
1786400855892,3902352,571632,528688,954400,8225216,0,3294289,0,3290158,134,13254934,133,12972793,4951,3503,13852,20275590,18945674,4498,4459,698
1786400856397,3902352,571632,528688,954400,8225216,0,3294289,0,3290158,134,13254934,133,12972793,4951,3503,13852,20275590,18945674,4498,4459,698
1786400856909,3902352,566400,527760,958592,8225216,0,3296534,0,3292403,134,13279187,133,12997038,4951,3503,13852,20328966,18999050,4498,4459,699
1786400857412,3902352,566496,527584,957920,8225216,0,3296534,0,3292403,146,13279187,145,12997038,4951,3503,13852,20328966,18999050,4498,4459,699
1786400857914,3902352,565200,529632,962128,8225776,0,3299604,0,3295473,146,13308194,145,13025181,4990,3538,13852,20382342,19052426,4498,4459,701
1786400858418,3902352,564912,530112,962592,8225792,0,3299604,0,3295473,146,13308194,145,13025181,4991,3539,13852,20382342,19052426,4498,4459,701
1786400859650,3902352,564912,531408,963824,8225920,0,3299604,0,3295473,138,13314665,137,13031635,5003,3547,13852,20382342,19052426,4498,4459,701
1786400860151,3902352,565392,535616,967472,8225920,0,3301315,0,3297182,138,13345630,137,13062587,5003,3547,13852,20435718,19105802,4498,4459,703
1786400860653,3902352,564672,535344,968048,8225920,0,3301315,0,3297182,138,13345630,137,13062587,5003,3547,13852,20435718,19105802,4498,4459,703
1786400861153,3902352,566752,540640,971040,8225920,0,3305231,0,3301098,138,13366162,137,13083114,5003,3547,13852,20489158,19159242,4498,4459,705
1786400861656,3902352,566752,540640,971040,8225920,0,3305231,0,3301098,167,13366162,166,13083114,5003,3547,13852,20489158,19159242,4498,4459,705
1786400862157,3902352,574192,530944,954528,8225920,0,3307614,0,3303481,167,13388712,166,13104913,5003,3547,13852,20533638,19203722,4498,4459,706
1786400862657,3902352,559648,536496,974032,8225920,0,3307929,0,3303795,167,13397974,166,13114013,5003,3547,13852,20542534,19212618,4498,4459,707
1786400863168,3902352,559648,536496,974032,8225920,0,3307929,0,3303795,167,13397974,166,13114013,5003,3547,13852,20542534,19212618,4498,4459,707
1786400863673,3902352,545216,527008,978640,8225920,0,3311767,0,3307634,173,13429845,154,13145754,5003,3547,13852,20595846,19265930,4498,4459,709
1786400864175,3902352,545216,527008,978640,8225920,0,3311767,0,3307634,173,13429845,154,13145754,5003,3547,13852,20595846,19265930,4498,4459,709
1786400864679,3902352,536640,524368,984560,8225920,0,3314272,0,3310139,173,13462221,154,13178125,5003,3547,13852,20649094,19319178,4498,4459,711
1786400865189,3902352,536640,524368,984560,8225920,0,3314272,0,3310139,173,13462221,154,13178125,5003,3547,13852,20649094,19319178,4498,4459,711
1786400865689,3902352,574384,528752,951888,8225920,0,3316118,0,3311985,178,13473693,162,13189187,5003,3547,13852,20684550,19354634,4498,4459,712
1786400866195,3902352,541296,534496,990032,8225920,0,3316651,0,3312517,178,13487014,162,13202318,5003,3547,13852,20702342,19372426,4498,4459,713
1786400866697,3902352,541296,534496,990032,8225920,0,3316651,0,3312517,178,13487014,162,13202318,5003,3547,13852,20702342,19372426,4498,4459,713
1786400867207,3902352,540528,536288,993056,8225920,0,3320510,0,3316377,178,13511536,162,13226817,5003,3547,13852,20755718,19425802,4498,4459,715
1786400867709,3922832,540560,537120,993472,8225920,0,3320510,0,3316377,182,13511536,169,13226817,5003,3547,13852,20755718,19425802,4498,4459,715
1786400868211,4938016,1289616,1406048,1114672,8225920,0,3320510,0,3316377,182,13514111,169,13229384,5003,3547,13852,20755718,19425802,4498,4459,715
1786400868712,4952352,1304400,1420832,1114672,8225920,0,3320510,0,3316377,182,13514111,169,13229384,5003,3547,13852,20755718,19425802,4498,4459,715
1786400869216,5104832,1458576,1575280,1114672,8225920,0,3320510,0,3316377,182,13514111,169,13229384,5003,3547,13852,20755718,19425802,4498,4459,715
1786400869725,5104832,1458336,1575392,1114672,8225920,0,3320510,0,3316377,149,13514111,138,13229384,5003,3547,13852,20755718,19425802,4498,4459,715
1786400870227,5104832,1458336,1575392,1114672,8225920,0,3320510,0,3316377,149,13514111,138,13229384,5003,3547,13852,20755718,19425802,4498,4459,715
1786400870733,5104832,1458336,1575600,1114672,8225920,0,3320510,0,3316377,149,13514111,138,13229384,5003,3547,13852,20755718,19425802,4498,4459,715
1786400871239,5104832,1458096,1575360,1114672,8225920,0,3320510,0,3316377,149,13514111,138,13229384,5003,3547,13852,20755718,19425802,4498,4459,715
1786400871748,5104832,1457856,1575120,1114672,8225920,0,3320510,0,3316377,122,13514111,112,13229384,5003,3547,13852,20755718,19425802,4498,4459,715
1786400872253,5104832,1457856,1575120,1114672,8225920,0,3320510,0,3316377,122,13514111,112,13229384,5003,3547,13852,20755718,19425802,4498,4459,715
1786400872758,5104832,1465056,1582320,1114672,8225920,0,3320510,0,3316377,122,13514111,112,13229384,5003,3547,13852,20755718,19425802,4498,4459,715
1786400873264,5104832,1472496,1589760,1114672,8225920,0,3320510,0,3316377,99,13514111,93,13229384,5003,3547,13852,20755718,19425802,4498,4459,715
1786400873766,5087936,1472016,1589344,1114672,8225920,0,3320510,0,3316377,99,13514111,93,13229384,5003,3547,13852,20755718,19425802,4498,4459,715
1786400874276,5087936,1472016,1589344,1114672,8225920,0,3320510,0,3316377,99,13514111,93,13229384,5003,3547,13852,20755718,19425802,4498,4459,715
1786400874783,5087936,1472016,1589344,1114672,8225920,0,3320510,0,3316377,99,13514111,93,13229384,5003,3547,13852,20755718,19425802,4498,4459,715
1786400875295,5087936,1490736,1608064,1114672,8225920,0,3320510,0,3316377,81,13514111,76,13229384,5003,3547,13852,20755718,19425802,4498,4459,715
1786400875804,5045056,1498416,1615920,1114672,8225920,0,3320510,0,3316377,81,13514111,76,13229384,5003,3547,13852,20755718,19425802,4498,4459,715
1786400876314,5045056,1498416,1615920,1114672,8225920,0,3320510,0,3316377,81,13514111,76,13229384,5003,3547,13852,20755718,19425802,4498,4459,715
1786400876825,5045056,1498416,1615920,1114672,8225920,0,3320510,0,3316377,81,13514111,76,13229384,5003,3547,13852,20755718,19425802,4498,4459,715
1786400877329,5045056,1498416,1615920,1114672,8225920,0,3320510,0,3316377,66,13514111,62,13229384,5003,3547,13852,20755718,19425802,4498,4459,715
1786400877840,5002240,1498176,1615840,1114672,8225920,0,3320510,0,3316377,66,13514111,62,13229384,5003,3547,13852,20755718,19425802,4498,4459,715
1786400878341,5002240,1497936,1615600,1114672,8225920,0,3320510,0,3316377,66,13514111,62,13229384,5003,3547,13852,20755718,19425802,4498,4459,715
1786400878844,5002240,1497936,1615600,1114672,8225920,0,3320510,0,3316377,66,13514111,62,13229384,5003,3547,13852,20755718,19425802,4498,4459,715
1786400879356,5002240,1497936,1615600,1114672,8225920,0,3320510,0,3316377,54,13514111,51,13229384,5003,3547,13852,20755718,19425802,4498,4459,715
1786400879868,4960464,1458816,1576608,1114672,8225920,0,3320510,0,3316377,54,13514111,51,13229384,5003,3547,13852,20755718,19425802,4498,4459,715
1786400880376,4960464,1458816,1576608,1114672,8225920,0,3320510,0,3316377,54,13514111,51,13229384,5003,3547,13852,20755718,19425802,4498,4459,715
1786400880888,4960464,1458816,1576608,1114672,8225920,0,3320510,0,3316377,54,13514111,51,13229384,5003,3547,13852,20755718,19425802,4498,4459,715
1786400881400,4960464,1458816,1576608,1114688,8225920,0,3320510,0,3316377,44,13514111,41,13229384,5003,3547,13852,20755718,19425802,4498,4459,715
1786400881912,4960464,1458816,1576608,1114688,8225920,0,3320510,0,3316377,44,13514111,41,13229384,5003,3547,13852,20755718,19425802,4498,4459,715
1786400882423,4960464,1458816,1576608,1114688,8225920,0,3320510,0,3316377,44,13514111,41,13229384,5003,3547,13852,20755718,19425802,4498,4459,715
1786400882925,4960464,1458816,1576608,1114688,8225920,0,3320510,0,3316377,44,13514111,41,13229384,5003,3547,13852,20755718,19425802,4498,4459,715
1786400883427,4960464,1458816,1576608,1114688,8225920,0,3320510,0,3316377,36,13514111,34,13229384,5003,3547,13852,20755718,19425802,4498,4459,715
1786400883932,4960464,1458816,1576608,1114688,8225920,0,3320510,0,3316377,36,13514111,34,13229384,5003,3547,13852,20755718,19425802,4498,4459,715
1786400884440,4960464,1458816,1576608,1114688,8225920,0,3320510,0,3316377,36,13514111,34,13229384,5003,3547,13852,20755718,19425802,4498,4459,715
1786400884946,4960464,1458816,1576608,1114688,8225920,0,3320510,0,3316377,36,13514111,34,13229384,5003,3547,13852,20755718,19425802,4498,4459,715
1786400885458,4960464,1458816,1576608,1114688,8225920,0,3320510,0,3316377,30,13514111,27,13229384,5003,3547,13852,20755718,19425802,4498,4459,715
1786400885963,4960464,1458816,1576608,1114688,8225920,0,3320510,0,3316377,30,13514111,27,13229384,5003,3547,13852,20755718,19425802,4498,4459,715
1786400886467,4960464,1458816,1576608,1114688,8225920,0,3320510,0,3316377,30,13514111,27,13229384,5003,3547,13852,20755718,19425802,4498,4459,715
1786400886971,4960464,1458816,1576608,1114688,8225920,0,3320510,0,3316377,30,13514111,27,13229384,5003,3547,13852,20755718,19425802,4498,4459,715
1786400887474,4960464,1458576,1576368,1114688,8225920,0,3320510,0,3316377,24,13514111,22,13229384,5003,3547,13852,20755718,19425802,4498,4459,715
1786400887976,4960464,1458576,1576368,1114688,8225920,0,3320510,0,3316377,24,13514111,22,13229384,5003,3547,13852,20755718,19425802,4498,4459,715
1786400888488,4960464,1458576,1576368,1114688,8225920,0,3320510,0,3316377,24,13514111,22,13229384,5003,3547,13852,20755718,19425802,4498,4459,715
1786400888996,4960464,1458576,1576368,1114688,8225920,0,3320510,0,3316377,24,13514111,22,13229384,5003,3547,13852,20755718,19425802,4498,4459,715
1786400889502,4960464,1458576,1576368,1114688,8225920,0,3320510,0,3316377,20,13514111,18,13229384,5003,3547,13852,20755718,19425802,4498,4459,715
1786400890014,4960464,1458336,1576128,1114688,8225920,0,3320510,0,3316377,20,13514111,18,13229384,5003,3547,13852,20755718,19425802,4498,4459,715
1786400890526,4960464,1458336,1576128,1114688,8225920,0,3320510,0,3316377,20,13514111,18,13229384,5003,3547,13852,20755718,19425802,4498,4459,715
1786400891037,4960464,1458336,1576128,1114688,8225920,0,3320510,0,3316377,20,13514111,18,13229384,5003,3547,13852,20755718,19425802,4498,4459,715
1786400891539,4960464,1458336,1576128,1114688,8225920,0,3320510,0,3316377,16,13514111,15,13229384,5003,3547,13852,20755718,19425802,4498,4459,715
1786400892042,4960464,1458336,1576128,1114688,8225920,0,3320510,0,3316377,16,13514111,15,13229384,5003,3547,13852,20755718,19425802,4498,4459,715
1786400892551,4960464,1458336,1576128,1114688,8225920,0,3320510,0,3316377,16,13514111,15,13229384,5003,3547,13852,20755718,19425802,4498,4459,715
1786400893053,4960464,1458336,1576128,1114688,8225920,0,3320510,0,3316377,16,13514111,15,13229384,5003,3547,13852,20755718,19425802,4498,4459,715
1786400893560,4960464,1457856,1575648,1114688,8225920,0,3320510,0,3316377,13,13514111,12,13229384,5003,3547,13852,20755718,19425802,4498,4459,715
1786400894065,4960464,1457856,1575648,1114688,8225920,0,3320510,0,3316377,13,13514111,12,13229384,5003,3547,13852,20755718,19425802,4498,4459,715
1786400894569,4960464,1457856,1575648,1114688,8225920,0,3320510,0,3316377,13,13514111,12,13229384,5003,3547,13852,20755718,19425802,4498,4459,715
1786400895079,4960464,1457856,1575648,1114688,8225920,0,3320510,0,3316377,13,13514111,12,13229384,5003,3547,13852,20755718,19425802,4498,4459,715
1786400895589,4960464,1457856,1575648,1114688,8225920,0,3320510,0,3316377,10,13514111,10,13229384,5003,3547,13852,20755718,19425802,4498,4459,715
1786400896092,4960464,1457856,1575648,1114688,8225920,0,3320510,0,3316377,10,13514111,10,13229384,5003,3547,13852,20755718,19425802,4498,4459,715
1786400896594,4960464,1457376,1575168,1114688,8225920,0,3320510,0,3316377,10,13514111,10,13229384,5003,3547,13852,20755718,19425802,4498,4459,715
1786400897098,4960464,1457136,1574928,1114688,8225920,0,3320510,0,3316377,10,13514111,10,13229384,5003,3547,13852,20755718,19425802,4498,4459,715
1786400897608,4960464,1457136,1574928,1114688,8225920,0,3320510,0,3316377,8,13514111,8,13229384,5003,3547,13852,20755718,19425802,4498,4459,715
1786400898120,4960464,1457136,1574928,1114688,8225920,0,3320510,0,3316377,8,13514111,8,13229384,5003,3547,13852,20755718,19425802,4498,4459,715
1786400898626,4960464,1457136,1574928,1114688,8225920,0,3320510,0,3316377,8,13514111,8,13229384,5003,3547,13852,20755718,19425802,4498,4459,715
1786400899137,4960464,1456656,1574448,1114688,8225920,0,3320510,0,3316377,8,13514111,8,13229384,5003,3547,13852,20755718,19425802,4498,4459,715
1786400899644,4960464,1456656,1574448,1114688,8225920,0,3320510,0,3316377,7,13514111,6,13229384,5003,3547,13852,20755718,19425802,4498,4459,715
1786400900155,4960464,1456656,1574448,1114688,8225920,0,3320510,0,3316377,7,13514111,6,13229384,5003,3547,13852,20755718,19425802,4498,4459,715
1786400900658,4960464,1456656,1574448,1114688,8225920,0,3320510,0,3316377,7,13514111,6,13229384,5003,3547,13852,20755718,19425802,4498,4459,715
1786400901166,4960464,1456656,1574448,1114688,8225920,0,3320510,0,3316377,7,13514111,6,13229384,5003,3547,13852,20755718,19425802,4498,4459,715
1786400901675,4960464,1456176,1573968,1114688,8225920,0,3320510,0,3316377,5,13514111,5,13229384,5003,3547,13852,20755718,19425802,4498,4459,715
1786400902187,4960464,1456176,1573968,1114688,8225920,0,3320510,0,3316377,5,13514111,5,13229384,5003,3547,13852,20755718,19425802,4498,4459,715
1786400902699,4960464,1456176,1573968,1114688,8225920,0,3320510,0,3316377,5,13514111,5,13229384,5003,3547,13852,20755718,19425802,4498,4459,715
1786400903207,4960464,1456176,1573968,1114688,8225920,0,3320510,0,3316377,5,13514111,5,13229384,5003,3547,13852,20755718,19425802,4498,4459,715
1786400903713,4960464,1455696,1573488,1114688,8225920,0,3320510,0,3316377,4,13514111,4,13229384,5003,3547,13852,20755718,19425802,4498,4459,715
1786400904214,4960464,1455696,1573488,1114688,8225920,0,3320510,0,3316377,4,13514111,4,13229384,5003,3547,13852,20755718,19425802,4498,4459,715
1786400904720,4960464,1455456,1573248,1114688,8225920,0,3320510,0,3316377,4,13514111,4,13229384,5003,3547,13852,20755718,19425802,4498,4459,715
1786400905224,4960464,1455456,1573248,1114688,8225920,0,3320510,0,3316377,4,13514111,4,13229384,5003,3547,13852,20755718,19425802,4498,4459,715
1786400905733,4960464,1455456,1573248,1114688,8225920,0,3320510,0,3316377,3,13514111,3,13229384,5003,3547,13852,20755718,19425802,4498,4459,715
1786400906239,4960464,1455216,1573008,1114688,8225920,0,3320510,0,3316377,3,13514111,3,13229384,5003,3547,13852,20755718,19425802,4498,4459,715
1786400906744,4960464,1455216,1573008,1114688,8225920,0,3320510,0,3316377,3,13514111,3,13229384,5003,3547,13852,20755718,19425802,4498,4459,715
1786400907249,4960464,1454976,1572768,1114688,8225920,0,3320510,0,3316377,3,13514111,3,13229384,5003,3547,13852,20755718,19425802,4498,4459,715
1786400907760,4960464,1454976,1572768,1114688,8225920,0,3320510,0,3316377,3,13514111,3,13229384,5003,3547,13852,20755718,19425802,4498,4459,715
1786400908272,4960464,1454496,1572288,1114688,8225920,0,3320510,0,3316377,3,13514111,3,13229384,5003,3547,13852,20755718,19425802,4498,4459,715
1786400908781,4960464,1454496,1572288,1114688,8225920,0,3320510,0,3316377,3,13514111,3,13229384,5003,3547,13852,20755718,19425802,4498,4459,715
1786400909283,4960464,1454256,1572048,1114688,8225920,0,3320510,0,3316377,2,13514111,2,13229384,5003,3547,13852,20755718,19425802,4498,4459,715
1786400909787,4960464,1454256,1572048,1114688,8225920,0,3320510,0,3316377,2,13514111,2,13229384,5003,3547,13852,20755718,19425802,4498,4459,715
1786400910313,4960464,1454256,1572048,1114688,8225920,0,3320510,0,3316377,2,13514111,2,13229384,5003,3547,13852,20755718,19425802,4498,4459,715
1786400910824,4960464,1454256,1572048,1114688,8225920,0,3320510,0,3316377,2,13514111,2,13229384,5003,3547,13852,20755718,19425802,4498,4459,715
1786400911327,4960464,1453776,1571568,1114688,8225920,0,3320510,0,3316377,2,13514111,1,13229384,5003,3547,13852,20755718,19425802,4498,4459,715
1786400911839,4960464,1453776,1571568,1114688,8225920,0,3320510,0,3316377,2,13514111,1,13229384,5003,3547,13852,20755718,19425802,4498,4459,715
1786400912346,4960464,1453776,1571568,1114688,8225920,0,3320510,0,3316377,2,13514111,1,13229384,5003,3547,13852,20755718,19425802,4498,4459,715
1786400912859,4960464,1453776,1571568,1114688,8225920,0,3320510,0,3316377,2,13514111,1,13229384,5003,3547,13852,20755718,19425802,4498,4459,715
1786400913366,4960464,1453776,1571568,1114688,8225920,0,3320510,0,3316377,1,13514111,1,13229384,5003,3547,13852,20755718,19425802,4498,4459,715
1786400913869,4960464,1453056,1570848,1114688,8225920,0,3320510,0,3316377,1,13514111,1,13229384,5003,3547,13852,20755718,19425802,4498,4459,715
1786400914374,4960464,1453056,1570848,1114688,8225920,0,3320510,0,3316377,1,13514111,1,13229384,5003,3547,13852,20755718,19425802,4498,4459,715
1786400914876,4960464,1453056,1570848,1114688,8225920,0,3320510,0,3316377,1,13514111,1,13229384,5003,3547,13852,20755718,19425802,4498,4459,715
1786400915388,4960464,1453056,1570848,1114688,8225920,0,3320510,0,3316377,1,13514111,1,13229384,5003,3547,13852,20755718,19425802,4498,4459,715
1786400915900,4960464,1452816,1570608,1114688,8225920,0,3320510,0,3316377,1,13514111,1,13229384,5003,3547,13852,20755718,19425802,4498,4459,715
1786400916407,4960464,1452576,1570368,1114688,8225920,0,3320510,0,3316377,1,13514111,1,13229384,5003,3547,13852,20755718,19425802,4498,4459,715
1786400916911,4960464,1452576,1570368,1114688,8225920,0,3320510,0,3316377,1,13514111,1,13229384,5003,3547,13852,20755718,19425802,4498,4459,715
1786400917424,4960464,1452576,1570368,1114688,8225920,0,3320510,0,3316377,1,13514111,1,13229384,5003,3547,13852,20755718,19425802,4498,4459,715
1786400917934,4960464,1452576,1570368,1114688,8225920,0,3320510,0,3316377,1,13514111,1,13229384,5003,3547,13852,20755718,19425802,4498,4459,715
1786400918436,4960464,1451856,1569648,1114688,8225920,0,3320510,0,3316377,1,13514111,1,13229384,5003,3547,13852,20755718,19425802,4498,4459,715
1786400918946,4960464,1451856,1569648,1114688,8225920,0,3320510,0,3316377,1,13514111,1,13229384,5003,3547,13852,20755718,19425802,4498,4459,715
1786400919450,4960464,1451856,1569648,1114688,8225920,0,3320510,0,3316377,0,13514111,0,13229384,5003,3547,13852,20755718,19425802,4498,4459,715
1786400919960,4960464,1451856,1569648,1114688,8225920,0,3320510,0,3316377,0,13514111,0,13229384,5003,3547,13852,20755718,19425802,4498,4459,715
1786400920463,4960464,1451616,1569408,1114688,8225920,0,3320510,0,3316377,0,13514111,0,13229384,5003,3547,13852,20755718,19425802,4498,4459,715
1786400920976,4960464,1451616,1569408,1114688,8225920,0,3320510,0,3316377,0,13514111,0,13229384,5003,3547,13852,20755718,19425802,4498,4459,715
1786400921478,4960464,1451616,1569408,1114688,8225920,0,3320510,0,3316377,0,13514111,0,13229384,5003,3547,13852,20755718,19425802,4498,4459,715
1786400921981,4960464,1451616,1569408,1114688,8225920,0,3320510,0,3316377,0,13514111,0,13229384,5003,3547,13852,20755718,19425802,4498,4459,715
1786400922485,4960464,1451376,1569168,1114688,8225920,0,3320510,0,3316377,0,13514111,0,13229384,5003,3547,13852,20755718,19425802,4498,4459,715
1786400922986,4960464,1451376,1569168,1114688,8225920,0,3320510,0,3316377,0,13514111,0,13229384,5003,3547,13852,20755718,19425802,4498,4459,715
1786400923491,4960464,1451376,1569168,1114688,8225920,0,3320510,0,3316377,0,13514111,0,13229384,5003,3547,13852,20755718,19425802,4498,4459,715
1786400923995,4960464,1451376,1569168,1114688,8225920,0,3320510,0,3316377,0,13514111,0,13229384,5003,3547,13852,20755718,19425802,4498,4459,715
1786400924510,4960464,1451376,1569168,1114688,8225920,0,3320510,0,3316377,0,13514111,0,13229384,5003,3547,13852,20755718,19425802,4498,4459,715
1786400925014,4960464,1451376,1569168,1114688,8225920,0,3320510,0,3316377,0,13514111,0,13229384,5003,3547,13852,20755718,19425802,4498,4459,715
1786400925519,4960464,1450656,1568448,1114688,8225920,0,3320510,0,3316377,0,13514111,0,13229384,5003,3547,13852,20755718,19425802,4498,4459,715
1786400926023,4960464,1450656,1568448,1114688,8225920,0,3320510,0,3316377,0,13514111,0,13229384,5003,3547,13852,20755718,19425802,4498,4459,715
1786400926524,4960464,1450656,1568448,1114688,8225920,0,3320510,0,3316377,0,13514111,0,13229384,5003,3547,13852,20755718,19425802,4498,4459,715
1786400927026,4960464,1450656,1568448,1114688,8225920,0,3320510,0,3316377,0,13514111,0,13229384,5003,3547,13852,20755718,19425802,4498,4459,715
1786400927528,4960464,1404832,1572544,1165056,8232032,0,3321219,0,3317009,18,13565038,18,13277987,5499,3929,13852,20755718,19425802,4498,4459,715
1786400928029,4960464,3390608,3625200,1231456,8234576,0,3321219,0,3317009,18,13617821,18,13329324,5532,3939,13852,20755718,19425802,4498,4459,715
