ts_ms,mem_total_kib,mem_free_kib,mem_available_kib,cached_kib,swap_free_kib,mem_some_avg10,mem_some_total_us,mem_full_avg10,mem_full_total_us,io_some_avg10,io_some_total_us,io_full_avg10,io_full_total_us,pgmajfault,pswpin,pswpout,pgscan_kswapd,pgsteal_kswapd,pgscan_direct,pgsteal_direct,kswapd_cpu_ticks
1786372101311,6036756,5370928,5555848,318568,6036476,0,56,0,8,224,516571,175,433523,276,0,0,0,0,0,0,0
1786372101561,6036756,5370376,5555580,318796,6036476,0,56,0,8,274,535807,234,451669,276,0,0,0,0,0,0,0
1786372101812,6036756,5370316,5555844,319044,6036476,0,56,0,8,274,546456,234,462270,276,0,0,0,0,0,0,0
1786372102062,6036756,5369844,5555568,319300,6036476,0,56,0,8,274,576766,234,492428,276,0,0,0,0,0,0,0
1786372102313,6036756,4787212,5552256,897888,6036476,0,56,0,8,274,584178,234,493869,277,0,0,0,0,0,0,0
1786372102568,6036756,4246900,5547124,1432752,6036476,0,56,0,8,274,622228,234,526327,277,0,0,0,0,0,0,0
1786372102818,6036756,3765100,5553764,1920252,6036476,0,56,0,8,274,630877,234,528188,277,0,0,0,0,0,0,0
1786372103073,6036756,3155964,5552160,2527264,6036476,0,56,0,8,274,632061,234,528246,277,0,0,0,0,0,0,0
1786372103330,6036756,2605168,5544808,3070132,6036476,0,56,0,8,274,652337,234,546829,277,0,0,0,0,0,0,0
1786372103582,6036756,2214724,5555824,3471020,6036476,0,56,0,8,274,662311,234,552762,277,0,0,0,0,0,0,0
1786372103833,6036756,2216800,5558504,3471580,6036476,0,56,0,8,333,703298,282,590245,277,0,0,0,0,0,0,0
1786372104093,5774612,1947144,5288836,3471572,6036476,0,56,0,8,333,703298,282,590245,277,0,0,0,0,0,0,0
1786372104348,5774612,1946892,5288584,3471572,6036476,0,56,0,8,333,703298,282,590245,277,0,0,0,0,0,0,0
1786372104600,5774612,1946892,5288584,3471572,6036476,0,56,0,8,333,703298,282,590245,277,0,0,0,0,0,0,0
1786372104860,5774612,1946892,5288584,3471572,6036476,0,56,0,8,333,703298,282,590245,277,0,0,0,0,0,0,0
1786372105111,5774612,1941760,5283460,3471584,6036476,0,56,0,8,333,718308,282,605188,277,0,0,0,0,0,0,0
1786372105362,5774612,1941660,5283368,3471588,6036476,0,56,0,8,333,718308,282,605188,277,0,0,0,0,0,0,0
1786372105617,5774612,1941660,5283368,3471588,6036476,0,56,0,8,309,718308,267,605188,277,0,0,0,0,0,0,0
1786372105869,5774612,1941660,5283368,3471588,6036476,0,56,0,8,309,718308,267,605188,277,0,0,0,0,0,0,0
1786372106123,5774612,1941660,5283364,3471584,6036476,0,56,0,8,309,718308,267,605188,277,0,0,0,0,0,0,0
1786372106374,5774612,1938892,5280616,3471616,6036476,0,56,0,8,309,736076,267,622850,277,0,0,0,0,0,0,0
1786372106625,5512468,1597064,4984496,3517236,6036476,0,56,0,8,309,747121,267,633715,282,0,0,0,0,0,0,0
1786372106875,5512468,1593364,4938296,3474748,6036476,0,56,0,8,309,819043,267,692113,282,0,0,0,0,0,0,0
1786372107126,5512468,1588212,4981928,3517816,6036476,0,56,0,8,309,849863,267,722879,283,0,0,0,0,0,0,0
1786372107376,5512468,1533820,4958776,3548932,6036476,0,56,0,8,309,864066,267,736373,300,0,0,0,0,0,0,0
1786372107627,5512468,1526452,4908992,3506464,6036476,0,56,0,8,398,898922,364,768195,301,0,0,0,0,0,0,0
1786372107880,5512468,1526452,4908992,3506464,6036476,0,56,0,8,398,898922,364,768195,301,0,0,0,0,0,0,0
1786372108137,5512468,1527588,4910196,3506536,6036476,0,56,0,8,398,901421,364,770283,301,0,0,0,0,0,0,0
1786372108388,5512468,1527588,4910196,3506536,6036476,0,56,0,8,398,901421,364,770283,301,0,0,0,0,0,0,0
1786372108647,5512468,1527588,4910196,3506536,6036476,0,56,0,8,398,901421,364,770283,301,0,0,0,0,0,0,0
1786372108898,5512468,1526432,4909088,3506580,6036476,0,56,0,8,398,916873,364,785729,301,0,0,0,0,0,0,0
1786372109150,5250324,1276596,4659264,3506588,6036476,0,56,0,8,398,916873,364,785729,301,0,0,0,0,0,0,0
1786372109410,5250324,1276596,4659264,3506588,6036476,0,56,0,8,398,916873,364,785729,301,0,0,0,0,0,0,0
1786372109662,5250324,1276596,4659264,3506588,6036476,0,56,0,8,326,916873,298,785729,301,0,0,0,0,0,0,0
1786372109919,5250324,1276596,4659264,3506588,6036476,0,56,0,8,326,916873,298,785729,301,0,0,0,0,0,0,0
1786372110170,5250324,1276596,4659280,3506600,6036476,0,56,0,8,326,940189,298,808508,301,0,0,0,0,0,0,0
1786372110430,5250324,1276596,4659160,3506600,6036476,0,56,0,8,326,940189,298,808508,301,0,0,0,0,0,0,0
1786372110683,5250324,1276596,4659160,3506612,6036476,0,56,0,8,326,940189,298,808508,301,0,0,0,0,0,0,0
1786372110935,5250324,1276596,4659160,3506612,6036476,0,56,0,8,326,940189,298,808508,301,0,0,0,0,0,0,0
1786372111188,5250324,1277712,4660276,3506612,6036476,0,56,0,8,326,940189,298,808508,301,0,0,0,0,0,0,0
1786372111439,5250324,1279192,4661772,3506640,6036476,0,56,0,8,326,952991,298,821287,301,0,0,0,0,0,0,0
1786372111700,4988180,1013400,4395968,3506624,6036476,0,56,0,8,285,952991,262,821287,301,0,0,0,0,0,0,0
1786372111951,4988180,1013652,4396220,3506628,6036476,0,56,0,8,285,952991,262,821287,301,0,0,0,0,0,0,0
1786372112205,4988180,1015292,4397860,3506628,6036476,0,56,0,8,285,952991,262,821287,301,0,0,0,0,0,0,0
1786372112459,4988180,1015292,4397860,3506628,6036476,0,56,0,8,285,952991,262,821287,301,0,0,0,0,0,0,0
1786372112710,4988180,1018928,4401560,3506692,6036476,0,56,0,8,285,978791,262,846518,301,0,0,0,0,0,0,0
1786372112961,4988180,1018808,4401424,3506668,6036476,0,56,0,8,285,978791,262,846518,301,0,0,0,0,0,0,0
1786372113213,4988180,1018808,4401428,3506672,6036476,0,56,0,8,285,978791,262,846518,301,0,0,0,0,0,0,0
1786372113467,4988180,1020964,4403584,3506672,6036476,0,56,0,8,285,978791,262,846518,301,0,0,0,0,0,0,0
1786372113726,4988180,1020964,4403584,3506672,6036476,0,56,0,8,250,978791,231,846518,301,0,0,0,0,0,0,0
1786372113977,4988180,1020416,4403112,3506736,6036476,0,56,0,8,250,993259,231,860771,301,0,0,0,0,0,0,0
1786372114235,4726036,771688,4154360,3506716,6036476,0,56,0,8,250,993259,231,860771,301,0,0,0,0,0,0,0
1786372114490,4726036,778892,4161568,3506720,6036476,0,56,0,8,250,1000674,231,868075,301,0,0,0,0,0,0,0
1786372114743,4726036,778892,4161568,3506720,6036476,0,56,0,8,250,1000674,231,868075,301,0,0,0,0,0,0,0
1786372114995,4726036,778892,4161568,3506720,6036476,0,56,0,8,250,1000674,231,868075,301,0,0,0,0,0,0,0
1786372115246,4726036,786356,4169100,3506784,6036476,0,56,0,8,250,1020110,231,887467,301,0,0,0,0,0,0,0
1786372115499,4726036,786488,4169216,3506764,6036476,0,56,0,8,250,1020110,231,887467,301,0,0,0,0,0,0,0
1786372115751,4726036,786488,4169220,3506768,6036476,0,56,0,8,242,1020110,225,887467,301,0,0,0,0,0,0,0
1786372116008,4726036,786488,4169220,3506768,6036476,0,56,0,8,242,1020110,225,887467,301,0,0,0,0,0,0,0
1786372116261,4726036,794556,4177288,3506768,6036476,0,56,0,8,242,1020110,225,887467,301,0,0,0,0,0,0,0
1786372116513,4726036,798060,4180812,3506780,6036476,0,56,0,8,242,1035398,225,901924,301,0,0,0,0,0,0,0
1786372116765,4463892,532340,3915112,3506800,6036476,0,56,0,8,242,1035398,225,901924,301,0,0,0,0,0,0,0
1786372117017,4463892,532340,3915112,3506800,6036476,0,56,0,8,242,1035398,225,901924,301,0,0,0,0,0,0,0
1786372117284,4463892,538680,3921452,3506800,6036476,0,56,0,8,242,1035398,225,901924,301,0,0,0,0,0,0,0
1786372117541,4463892,538176,3920960,3506812,6036476,0,56,0,8,242,1052282,225,918767,301,0,0,0,0,0,0,0
1786372117792,4463892,536432,3919844,3507380,6036476,0,56,0,8,216,1085817,202,950679,301,0,0,0,0,0,0,0
1786372118042,4463892,459492,3886328,3550768,6036476,0,56,0,8,216,1099066,202,963416,301,0,0,0,0,0,0,0
1786372118303,4463892,469024,3852212,3507132,6036476,0,56,0,8,216,1111449,202,975446,301,0,0,0,0,0,0,0
1786372118561,4463892,469024,3852212,3507132,6036476,0,56,0,8,216,1111449,202,975446,301,0,0,0,0,0,0,0
1786372118818,4463892,469024,3852212,3507132,6036476,0,56,0,8,216,1111449,202,975446,301,0,0,0,0,0,0,0
1786372119069,4463892,469644,3852840,3507144,6036476,0,56,0,8,216,1116624,202,980577,301,0,0,0,0,0,0,0
1786372119326,4206868,218184,3601384,3507148,6036476,0,56,0,8,216,1137566,202,1000756,301,0,0,0,0,0,0,0
1786372119581,4201748,210120,3593320,3507148,6036476,0,56,0,8,216,1137566,202,1000756,301,0,0,0,0,0,0,0
1786372119833,4201748,210120,3593320,3507148,6036476,0,56,0,8,249,1137566,239,1000756,301,0,0,0,0,0,0,0
1786372120086,4201748,210120,3593320,3507148,6036476,0,56,0,8,249,1137566,239,1000756,301,0,0,0,0,0,0,0
1786372120338,4201748,221828,3605048,3507156,6036476,0,56,0,8,249,1142409,239,1005521,301,0,0,0,0,0,0,0
1786372120598,4201748,222660,3605888,3507164,6036476,0,56,0,8,249,1162499,239,1025026,301,0,0,0,0,0,0,0
1786372120858,4201748,222660,3605888,3507168,6036476,0,56,0,8,249,1162499,239,1025026,301,0,0,0,0,0,0,0
1786372121111,4201748,222660,3605888,3507168,6036476,0,56,0,8,249,1162499,239,1025026,301,0,0,0,0,0,0,0
1786372121365,4201748,234176,3617404,3507168,6036476,0,56,0,8,249,1162499,239,1025026,301,0,0,0,0,0,0,0
1786372121617,4201748,234520,3617760,3507180,6036476,0,56,0,8,249,1164693,239,1027172,301,0,0,0,0,0,0,0
1786372121868,3939604,82000,3395992,3437920,6036476,0,1011,0,962,240,1182001,231,1044280,301,0,0,17460,17344,0,0,0
1786372122122,3939604,82356,3396440,3437808,6036476,0,1011,0,962,240,1182001,231,1044280,301,0,0,17460,17344,0,0,0
1786372122374,3939604,86636,3400720,3437808,6036476,0,1011,0,962,240,1182001,231,1044280,301,0,0,17460,17344,0,0,0
1786372122635,3939604,86636,3400720,3437808,6036476,0,1011,0,962,240,1182001,231,1044280,301,0,0,17460,17344,0,0,0
1786372122888,3939604,87140,3401232,3437812,6036476,0,1011,0,962,240,1185012,231,1047290,301,0,0,17460,17344,0,0,0
1786372123148,3939604,88252,3402828,3438300,6036476,0,1011,0,962,240,1199147,231,1060963,307,0,0,17460,17344,0,0,0
1786372123407,3939604,93472,3408160,3438416,6036476,0,1011,0,962,240,1199147,231,1060963,307,0,0,17460,17344,0,0,0
1786372123660,3939604,93472,3408160,3438416,6036476,0,1011,0,962,197,1199147,190,1060963,307,0,0,17460,17344,0,0,0
1786372123918,3939604,93472,3408160,3438416,6036476,0,1011,0,962,197,1199147,190,1060963,307,0,0,17460,17344,0,0,0
1786372124170,3939604,99364,3414060,3438420,6036476,0,1011,0,962,197,1206172,190,1067305,307,0,0,17460,17344,0,0,0
1786372124426,3677460,106576,3151640,3168452,6036468,0,11959,0,11884,197,1228104,190,1089237,307,0,2,85664,84996,0,0,2
1786372124678,3677460,106576,3151640,3168456,6036468,0,11959,0,11884,197,1228104,190,1089237,307,0,2,85664,84996,0,0,2
1786372124929,3677460,106576,3151640,3168496,6036468,0,11959,0,11884,197,1229465,190,1090598,308,0,2,85664,84996,0,0,2
1786372125186,3677460,106832,3151896,3168496,6036468,0,11959,0,11884,197,1229465,190,1090598,308,0,2,85664,84996,0,0,2
1786372125438,3677460,116320,3161488,3168592,6036468,0,11959,0,11884,197,1234183,190,1094482,312,0,2,85664,84996,0,0,2
1786372125689,3677460,114900,3160640,3169172,6036468,0,11959,0,11884,197,1249752,191,1109304,312,0,2,85664,84996,0,0,2
1786372125946,3677460,114900,3160644,3169172,6036468,0,11959,0,11884,197,1249752,191,1109304,312,0,2,85664,84996,0,0,2
1786372126201,3677460,118892,3164636,3169172,6036468,0,11959,0,11884,197,1249752,191,1109304,312,0,2,85664,84996,0,0,2
1786372126457,3677460,118892,3164636,3169172,6036468,0,11959,0,11884,197,1249752,191,1109304,312,0,2,85664,84996,0,0,2
1786372126709,3677460,120164,3166040,3169260,6036468,0,11959,0,11884,197,1254361,191,1112064,312,0,2,85664,84996,0,0,2
1786372126969,3415316,68852,2912800,2966444,6036468,0,18275,0,18190,197,1274223,191,1131925,312,0,2,136507,135719,0,0,4
1786372127233,3415316,137692,2913864,2898992,6036468,0,22847,0,22763,197,1274223,191,1131925,312,0,2,153518,152665,0,0,4
1786372127485,3415316,139636,2915808,2898992,6036468,0,22847,0,22763,197,1274223,191,1131925,312,0,2,153518,152665,0,0,4
1786372127747,3415316,142508,2918716,2899028,6036468,0,22847,0,22763,198,1292344,175,1149794,312,0,2,153518,152665,0,0,4
1786372128000,3415316,141792,2918024,2899056,6036468,0,22847,0,22763,198,1312690,175,1170011,312,0,2,153518,152665,0,0,4
1786372128259,3415316,143448,2919916,2899296,6036468,0,22847,0,22763,198,1318917,175,1176193,318,0,2,153518,152665,0,0,4
1786372128511,3415316,144240,2920716,2899304,6036468,0,22847,0,22763,198,1319281,175,1176527,321,0,2,153518,152665,0,0,4
1786372128761,3415316,145064,2922708,2900520,6036468,0,22847,0,22763,198,1378685,175,1234246,323,0,2,153518,152665,0,0,4
1786372129012,3415316,169516,2923296,2876992,6036468,0,23327,0,23242,198,1379579,175,1235134,332,0,2,170569,169582,0,0,5
1786372129269,3287316,61960,2772424,2833672,6036468,0,23327,0,23242,198,1397865,175,1251106,333,0,2,170569,169582,0,0,5
1786372129520,3153172,82048,2655340,2699804,6035060,0,33198,0,33045,198,1398364,175,1251605,333,0,353,205446,203434,0,0,6
1786372129773,3153172,82048,2655352,2699804,6035060,0,33198,0,33045,252,1398364,234,1251605,333,0,353,205446,203434,0,0,6
1786372130032,3153172,82048,2655352,2699804,6035060,0,33198,0,33045,252,1398364,234,1251605,333,0,353,205446,203434,0,0,6
1786372130283,3153172,83344,2656648,2699804,6035060,0,33198,0,33045,252,1398364,234,1251605,333,0,353,205446,203434,0,0,6
1786372130545,3153172,79212,2653928,2701252,6035060,0,33198,0,33045,252,1419503,234,1272055,343,0,353,205446,203434,0,0,6
1786372130796,3153172,79212,2653960,2701256,6035060,0,33198,0,33045,252,1419503,234,1272055,343,0,353,205446,203434,0,0,6
1786372131057,3153172,79212,2653960,2701256,6035060,0,33198,0,33045,252,1419503,234,1272055,343,0,353,205446,203434,0,0,6
1786372131309,3153172,79088,2653956,2701372,6035060,0,33198,0,33045,252,1419503,234,1272055,343,0,353,205446,203434,0,0,6
1786372131561,3153172,79088,2653956,2701372,6035060,0,33198,0,33045,252,1419503,234,1272055,343,0,353,205446,203434,0,0,6
1786372131813,3013908,82592,2524840,2564224,6035056,0,38864,0,38708,225,1436984,209,1289308,343,0,354,239994,237778,0,0,8
1786372132073,2891028,94952,2402296,2428952,6035056,0,43808,0,43640,225,1436984,209,1289308,343,0,354,273929,271623,0,0,9
1786372132332,2891028,94952,2402296,2428952,6035056,0,43808,0,43640,225,1436984,209,1289308,343,0,354,273929,271623,0,0,9
1786372132586,2891028,94952,2402296,2428952,6035056,0,43808,0,43640,225,1436984,209,1289308,343,0,354,273929,271623,0,0,9
1786372132838,2891028,94952,2402296,2428952,6035056,0,43808,0,43640,225,1436984,209,1289308,343,0,354,273929,271623,0,0,9
1786372133099,2891028,92716,2401548,2430436,6035056,0,43808,0,43640,225,1454513,209,1306558,352,0,354,273929,271623,0,0,9
1786372133354,2891028,93924,2402756,2430440,6035056,0,43808,0,43640,225,1454513,209,1306558,352,0,354,273929,271623,0,0,9
1786372133609,2891028,93924,2402756,2430440,6035056,0,43808,0,43640,225,1454513,209,1306558,352,0,354,273929,271623,0,0,9
1786372133861,2891028,93924,2402756,2430440,6035056,0,43808,0,43640,202,1454513,189,1306558,352,0,354,273929,271623,0,0,9
1786372134113,2891028,93924,2402756,2430440,6035056,0,43808,0,43640,202,1454513,189,1306558,352,0,354,273929,271623,0,0,9
1786372134364,2674964,87020,2198908,2232808,6034116,0,53203,0,53023,202,1478375,189,1327098,352,0,584,325171,322404,0,0,10
1786372134619,2628884,104256,2148644,2165060,6034048,0,56556,0,56376,202,1478375,189,1327098,352,0,600,342142,339344,0,0,11
1786372134871,2628884,104256,2148644,2165060,6034048,0,56556,0,56376,202,1478375,189,1327098,352,0,600,342142,339344,0,0,11
1786372135125,2628884,104256,2148644,2165060,6034048,0,56556,0,56376,202,1478779,189,1327485,352,0,600,342142,339344,0,0,11
1786372135377,2628884,104360,2148748,2165060,6034048,0,56556,0,56376,202,1478779,189,1327485,352,0,600,342142,339344,0,0,11
1786372135632,2628884,101152,2146512,2166032,6034048,0,56556,0,56376,200,1503039,191,1350883,359,0,600,342142,339344,0,0,11
1786372135888,2628884,101152,2146528,2166052,6034048,0,56556,0,56376,200,1503039,191,1350883,359,0,600,342142,339344,0,0,11
1786372136143,2628884,101152,2146528,2166052,6034048,0,56556,0,56376,200,1503039,191,1350883,359,0,600,342142,339344,0,0,11
1786372136403,2628884,101088,2146592,2166180,6034048,0,56556,0,56376,200,1503039,191,1350883,359,0,600,342142,339344,0,0,11
1786372136655,2628884,100200,2145708,2166180,6034048,0,56556,0,56376,200,1503039,191,1350883,359,0,600,342142,339344,0,0,11
1786372136909,2415892,88432,1931916,1963324,6034048,0,63635,0,63453,200,1520484,191,1367182,359,0,600,392975,390100,0,0,13
1786372137161,2366740,108340,1884376,1895688,6034048,0,66159,0,65976,200,1520484,191,1367182,359,0,600,409899,407011,0,0,13
1786372137414,2366740,108340,1884376,1895688,6034048,0,66159,0,65976,200,1520484,191,1367182,359,0,600,409899,407011,0,0,13
1786372137667,2366740,108340,1884376,1895688,6034048,0,66159,0,65976,165,1520484,156,1367182,359,0,600,409899,407011,0,0,13
1786372137919,2366740,106700,1882736,1895688,6034048,0,66159,0,65976,165,1520503,156,1367200,360,0,600,409899,407011,0,0,13
1786372138179,2366740,104232,1880752,1896188,6034048,0,66159,0,65976,165,1541112,156,1387532,362,0,600,409899,407011,0,0,13
1786372138432,2366740,104232,1880768,1896200,6034048,0,66159,0,65976,165,1541112,156,1387532,362,0,600,409899,407011,0,0,13
1786372138684,2366740,104232,1880768,1896200,6034048,0,66159,0,65976,165,1541112,156,1387532,362,0,600,409899,407011,0,0,13
1786372138939,2366740,104232,1880768,1896200,6034048,0,66159,0,65976,165,1541112,156,1387532,362,0,600,409899,407011,0,0,13
1786372139190,2366740,104656,1881208,1896200,6034048,0,66159,0,65976,165,1541112,156,1387532,362,0,600,409899,407011,0,0,13
1786372139441,2216816,97856,1739972,1761316,6034048,0,70073,0,69882,165,1568871,156,1414763,362,0,600,443757,440822,0,0,14
1786372139692,2104596,188452,1628900,1559192,6034048,0,72036,0,71845,206,1621798,200,1466973,369,0,600,494576,491583,0,0,15
1786372139942,2104596,107704,1597056,1608028,6034048,0,72036,0,71845,206,1630142,200,1474971,390,0,600,494576,491583,0,0,15
1786372140193,2104596,125208,1571352,1564888,6034048,0,72036,0,71845,206,1635452,200,1480188,393,0,600,494576,491583,0,0,15
1786372140443,2104596,125564,1571844,1564924,6034048,0,72036,0,71845,206,1643069,200,1486984,394,0,600,494576,491583,0,0,15
1786372140704,2104596,125512,1572156,1565372,6034048,0,72036,0,71845,206,1664580,200,1508059,395,0,600,494576,491583,0,0,15
1786372140965,2104596,125512,1572240,1565376,6034048,0,72036,0,71845,206,1664580,200,1508059,395,0,600,494576,491583,0,0,15
1786372141217,2104596,125512,1572240,1565376,6034048,0,72036,0,71845,206,1664580,200,1508059,395,0,600,494576,491583,0,0,15
1786372141475,2104596,131292,1578020,1565376,6034048,0,72036,0,71845,206,1664580,200,1508059,395,0,600,494576,491583,0,0,15
1786372141726,2104596,131068,1577808,1565408,6034048,0,72036,0,71845,206,1672746,200,1515780,395,0,600,494576,491583,0,0,15
1786372141987,1842452,80156,1325044,1362464,6034048,0,85891,0,84020,206,1688967,200,1531973,395,0,600,545349,542346,0,0,17
1786372142239,1842452,84644,1329452,1362452,6034048,0,85891,0,84020,206,1688967,200,1531973,395,0,600,545349,542346,0,0,17
1786372142503,1842452,84644,1329452,1362452,6034048,0,85891,0,84020,206,1688967,200,1531973,395,0,600,545349,542346,0,0,17
1786372142759,1842452,84644,1329452,1362452,6034048,0,85891,0,84020,206,1688967,200,1531973,395,0,600,545349,542346,0,0,17
1786372143011,1842452,85496,1330380,1362516,6034048,0,85891,0,84020,206,1689123,200,1532128,396,0,600,545349,542346,0,0,17
1786372143266,1842452,86892,1331976,1362724,6034048,0,85891,0,84020,206,1712474,200,1555442,396,0,600,545349,542346,0,0,17
1786372143521,1842452,91400,1336484,1362724,6034048,0,85891,0,84020,206,1712474,200,1555442,396,0,600,545349,542346,0,0,17
1786372143782,1842452,91400,1336484,1362724,6034048,0,85891,0,84020,204,1712474,200,1555442,396,0,600,545349,542346,0,0,17
1786372144034,1842452,91400,1336484,1362724,6034048,0,85891,0,84020,204,1712474,200,1555442,396,0,600,545349,542346,0,0,17
1786372144285,1842452,97464,1342560,1362732,6034048,0,85891,0,84020,204,1718048,200,1560277,396,0,600,545349,542346,0,0,17
1786372144543,1842452,96556,1341708,1362788,6034048,0,85891,0,84020,204,1728528,200,1570673,396,0,600,545349,542346,0,0,17
1786372144802,1842452,96556,1341708,1362788,6034048,0,85891,0,84020,204,1728528,200,1570673,396,0,600,545349,542346,0,0,17
1786372145056,1842452,96556,1341708,1362788,6034048,0,85891,0,84020,204,1728528,200,1570673,396,0,600,545349,542346,0,0,17
1786372145308,1842452,99708,1344860,1362788,6034048,0,85891,0,84020,204,1728528,200,1570673,396,0,600,545349,542346,0,0,17
1786372145560,1842452,99456,1344640,1362812,6034048,0,85891,0,84020,204,1738608,200,1580745,396,0,600,545349,542346,0,0,17
1786372145815,1842452,99344,1344548,1362832,6034048,0,85891,0,84020,186,1741176,182,1583313,396,0,600,545349,542346,0,0,17
1786372146068,1842452,99344,1344548,1362832,6034048,0,85891,0,84020,186,1741176,182,1583313,396,0,600,545349,542346,0,0,17
1786372146327,1842452,102280,1347484,1362832,6034048,0,85891,0,84020,186,1741176,182,1583313,396,0,600,545349,542346,0,0,17
1786372146580,1842452,102280,1347484,1362832,6034048,0,85891,0,84020,186,1741176,182,1583313,396,0,600,545349,542346,0,0,17
1786372146832,1842452,102028,1347272,1362872,6034048,0,85891,0,84020,186,1752770,182,1594890,396,0,600,545349,542346,0,0,17
1786372147083,1842452,102884,1348112,1362860,6034048,0,85891,0,84020,186,1766125,182,1607957,396,0,600,545349,542346,0,0,17
1786372147336,1842452,105168,1350404,1362868,6034048,0,85891,0,84020,186,1766125,182,1607957,396,0,600,545349,542346,0,0,17
1786372147587,1842452,105168,1350404,1362868,6034048,0,85891,0,84020,186,1766125,182,1607957,396,0,600,545349,542346,0,0,17
1786372147846,1842452,105168,1350404,1362868,6034048,0,85891,0,84020,170,1766125,167,1607957,396,0,600,545349,542346,0,0,17
1786372148098,1842452,104916,1350176,1362896,6034048,0,85891,0,84020,170,1781521,167,1623262,396,0,600,545349,542346,0,0,17
1786372148349,1842452,108748,1353996,1362884,6034048,0,85891,0,84020,170,1784986,167,1626636,396,0,600,545349,542346,0,0,17
1786372148605,1842452,108748,1353996,1362884,6034048,0,85891,0,84020,170,1784986,167,1626636,396,0,600,545349,542346,0,0,17
1786372148859,1842452,108748,1353996,1362884,6034048,0,85891,0,84020,170,1784986,167,1626636,396,0,600,545349,542346,0,0,17
1786372149112,1842452,108748,1353996,1362884,6034048,0,85891,0,84020,170,1784986,167,1626636,396,0,600,545349,542346,0,0,17
1786372149363,1842452,109668,1354944,1362912,6034048,0,85891,0,84020,170,1799626,167,1641268,396,0,600,545349,542346,0,0,17
1786372149614,1842452,107296,1352588,1362920,6034048,0,85891,0,84020,170,1806187,167,1647348,396,0,600,545349,542346,0,0,17
1786372149873,1842452,107296,1352588,1362920,6034048,0,85891,0,84020,157,1806187,155,1647348,396,0,600,545349,542346,0,0,17
1786372150126,1842452,107296,1352588,1362920,6034048,0,85891,0,84020,157,1806187,155,1647348,396,0,600,545349,542346,0,0,17
1786372150378,1842452,108144,1353436,1362932,6034048,0,85891,0,84020,157,1806187,155,1647348,396,0,600,545349,542346,0,0,17
1786372150629,1842452,122652,1344392,1339344,6033524,0,87134,0,85257,157,1815738,155,1656485,398,0,731,562484,559260,0,0,17
1786372150880,1842452,104948,1328960,1341620,6033524,0,87134,0,85257,157,1859171,155,1697150,399,0,731,562484,559260,0,0,17
1786372151130,1842452,75612,1256332,1298324,6033524,0,87134,0,85257,157,1859492,155,1697471,399,0,731,562484,559260,0,0,17
1786372151381,1842452,92604,1273320,1298356,6033524,0,87134,0,85257,157,1876443,155,1713983,399,0,731,562484,559260,0,0,17
1786372151634,1842452,92604,1273320,1298356,6033524,0,87134,0,85257,183,1876443,181,1713983,399,0,731,562484,559260,0,0,17
1786372151885,1842452,92604,1273320,1298356,6033524,0,87134,0,85257,183,1876443,181,1713983,399,0,731,562484,559260,0,0,17
1786372152137,1842452,91120,1272024,1298516,6033524,0,87134,0,85257,183,1903526,181,1738890,400,0,731,562484,559260,0,0,17
1786372152392,1842452,100384,1281288,1298528,6033524,0,87134,0,85257,183,1903526,181,1738890,400,0,731,562484,559260,0,0,17
1786372152645,1842452,100384,1281288,1298528,6033524,0,87134,0,85257,183,1903526,181,1738890,400,0,731,562484,559260,0,0,17
1786372152897,1842452,100384,1281288,1298528,6033524,0,87134,0,85257,183,1903526,181,1738890,400,0,731,562484,559260,0,0,17
1786372153148,1842452,105564,1286468,1298528,6033524,0,87134,0,85257,183,1903526,181,1738890,400,0,731,562484,559260,0,0,17
1786372153406,1842452,109900,1290828,1298536,6033524,0,87134,0,85257,183,1917505,181,1752869,400,0,731,562484,559260,0,0,17
1786372153659,1842452,109900,1290828,1298540,6033524,0,87134,0,85257,186,1917505,166,1752869,400,0,731,562484,559260,0,0,17
1786372153912,1842452,109900,1290816,1298540,6033524,0,87134,0,85257,186,1917505,166,1752869,400,0,731,562484,559260,0,0,17
1786372154168,1842452,109900,1290816,1298540,6033524,0,87134,0,85257,186,1917505,166,1752869,400,0,731,562484,559260,0,0,17
1786372154419,1842452,118860,1299776,1298540,6033524,0,87134,0,85257,186,1917505,166,1752869,400,0,731,562484,559260,0,0,17
1786372154679,1842452,120708,1301692,1298604,6033524,0,87134,0,85257,186,1934642,166,1769387,400,0,731,562484,559260,0,0,17
1786372154932,1842452,120708,1301692,1298604,6033524,0,87134,0,85257,186,1934642,166,1769387,400,0,731,562484,559260,0,0,17
1786372155185,1842452,120708,1301772,1298696,6033524,0,87134,0,85257,186,1936775,166,1771520,402,0,731,562484,559260,0,0,17
1786372155445,1842452,120708,1301772,1298704,6033524,0,87134,0,85257,186,1937371,166,1772115,403,0,731,562484,559260,0,0,17
1786372155696,1842452,120708,1301804,1298724,6033524,0,87134,0,85257,170,1937847,136,1772592,403,0,731,562484,559260,0,0,17
1786372155957,1842452,118440,1299552,1298740,6033524,0,87134,0,85257,170,1954067,136,1788777,403,0,731,562484,559260,0,0,17
1786372156213,1842452,125104,1306216,1298740,6033524,0,87134,0,85257,170,1954067,136,1788777,403,0,731,562484,559260,0,0,17
1786372156470,1842452,125104,1306216,1298740,6033524,0,87134,0,85257,170,1954067,136,1788777,403,0,731,562484,559260,0,0,17
1786372156725,1842452,125104,1306216,1298740,6033524,0,87134,0,85257,170,1954067,136,1788777,403,0,731,562484,559260,0,0,17
1786372156977,1842452,124852,1305968,1298740,6033524,0,87134,0,85257,170,1954067,136,1788777,403,0,731,562484,559260,0,0,17
1786372157237,1842452,129444,1310616,1298804,6033524,0,87134,0,85257,170,1983604,136,1816536,403,0,731,562484,559260,0,0,17
1786372157496,1842452,133592,1314764,1298804,6033524,0,87134,0,85257,170,1983604,136,1816536,403,0,731,562484,559260,0,0,17
1786372157749,1842452,133592,1314764,1298804,6033524,0,87134,0,85257,176,1983604,147,1816536,403,0,731,562484,559260,0,0,17
1786372158009,1842452,133592,1314764,1298804,6033524,0,87134,0,85257,176,1983604,147,1816536,403,0,731,562484,559260,0,0,17
1786372158261,1842452,141292,1322480,1298804,6033524,0,87134,0,85257,176,1983604,147,1816536,403,0,731,562484,559260,0,0,17
1786372158514,1842452,143508,1324744,1298868,6033524,0,87134,0,85257,176,1996181,147,1829077,403,0,731,562484,559260,0,0,17
1786372158768,1842452,143508,1324744,1298868,6033524,0,87134,0,85257,176,1996181,147,1829077,403,0,731,562484,559260,0,0,17
1786372159021,1842452,143508,1324744,1298868,6033524,0,87134,0,85257,176,1996181,147,1829077,403,0,731,562484,559260,0,0,17
1786372159282,1842452,147968,1329204,1298868,6033524,0,87134,0,85257,176,1996181,147,1829077,403,0,731,562484,559260,0,0,17
1786372159534,1842452,147716,1328956,1298868,6033524,0,87134,0,85257,176,1996181,147,1829077,403,0,731,562484,559260,0,0,17
1786372159789,1842452,147044,1328316,1298908,6033524,0,87134,0,85257,162,2012848,139,1845731,403,0,731,562484,559260,0,0,17
1786372160047,1842452,147044,1328316,1298908,6033524,0,87134,0,85257,162,2012848,139,1845731,403,0,731,562484,559260,0,0,17
1786372160307,1842452,149676,1330972,1298920,6033524,0,87134,0,85257,162,2012848,139,1845731,403,0,731,562484,559260,0,0,17
1786372160558,1842452,152096,1333392,1298920,6033524,0,87134,0,85257,162,2012848,139,1845731,403,0,731,562484,559260,0,0,17
1786372160810,1842452,151844,1333148,1298920,6033524,0,87134,0,85257,162,2016090,139,1848848,403,0,731,562484,559260,0,0,17
1786372161065,1842452,153332,1334652,1298948,6033524,0,87134,0,85257,162,2036720,139,1869478,403,0,731,562484,559260,0,0,17
1786372161317,1842452,158556,1339876,1298948,6033524,0,87134,0,85257,162,2036720,139,1869478,403,0,731,562484,559260,0,0,17
1786372161568,1842452,157824,1339436,1299236,6033524,0,87134,0,85257,162,2055703,139,1888135,407,0,731,562484,559260,0,0,17
1786372161820,1842452,102340,1287668,1302972,6033524,0,87134,0,85257,169,2090176,150,1919934,407,0,731,562484,559260,0,0,17
1786372162070,1842452,187360,1302756,1233140,6033328,0,87647,0,85767,169,2102235,150,1931119,410,0,778,579444,576156,0,0,18
1786372162325,1842452,196036,1311364,1232936,6033328,0,87647,0,85767,169,2117703,150,1946132,410,0,778,579444,576156,0,0,18
1786372162582,1842452,196036,1311364,1232936,6033328,0,87647,0,85767,169,2117703,150,1946132,410,0,778,579444,576156,0,0,18
1786372162840,1842452,196036,1311364,1232936,6033328,0,87647,0,85767,169,2117703,150,1946132,410,0,778,579444,576156,0,0,18
1786372163094,1842452,196036,1311364,1232936,6033328,0,87647,0,85767,169,2117703,150,1946132,410,0,778,579444,576156,0,0,18
1786372163346,1842452,197960,1313304,1232944,6033328,0,87647,0,85767,169,2134349,150,1962751,410,0,778,579444,576156,0,0,18
1786372163597,1842452,197896,1313236,1232952,6033328,0,87647,0,85767,169,2139615,150,1967179,410,0,778,579444,576156,0,0,18
1786372163860,1842452,197896,1313236,1232952,6033328,0,87647,0,85767,210,2139615,177,1967179,410,0,778,579444,576156,0,0,18
1786372164119,1842452,197896,1313236,1232952,6033328,0,87647,0,85767,210,2139615,177,1967179,410,0,778,579444,576156,0,0,18
1786372164373,1842452,202316,1317668,1232972,6033328,0,87647,0,85767,210,2139615,177,1967179,410,0,778,579444,576156,0,0,18
1786372164624,1842452,202316,1317696,1233000,6033328,0,87647,0,85767,210,2157965,177,1985351,410,0,778,579444,576156,0,0,18
1786372164877,1842452,206736,1322104,1233000,6033328,0,87647,0,85767,210,2158896,177,1985938,410,0,778,579444,576156,0,0,18
1786372165129,1842452,206736,1322104,1233000,6033328,0,87647,0,85767,210,2158896,177,1985938,410,0,778,579444,576156,0,0,18
1786372165386,1842452,209952,1325320,1233000,6033328,0,87647,0,85767,210,2158896,177,1985938,410,0,778,579444,576156,0,0,18
1786372165638,1842452,209952,1325320,1233000,6033328,0,87647,0,85767,210,2158896,177,1985938,410,0,778,579444,576156,0,0,18
1786372165890,1842452,210736,1326244,1233140,6033328,0,87647,0,85767,172,2180576,145,2007580,410,0,778,579444,576156,0,0,18
1786372166146,1842452,211252,1326740,1233132,6033328,0,87647,0,85767,172,2180576,145,2007580,410,0,778,579444,576156,0,0,18
1786372166398,1842452,214000,1329488,1233132,6033328,0,87647,0,85767,172,2180576,145,2007580,410,0,778,579444,576156,0,0,18
1786372166653,1842452,214000,1329488,1233132,6033328,0,87647,0,85767,172,2180576,145,2007580,410,0,778,579444,576156,0,0,18
1786372166909,1842452,214000,1329488,1233132,6033328,0,87647,0,85767,172,2180576,145,2007580,410,0,778,579444,576156,0,0,18
1786372167161,1842452,214252,1329824,1233232,6033328,0,87647,0,85767,172,2195231,145,2022056,411,0,778,579444,576156,0,0,18
1786372167412,1842452,220036,1335672,1233272,6033328,0,87647,0,85767,172,2201896,145,2027970,411,0,778,579444,576156,0,0,18
1786372167672,1842452,220036,1335684,1233272,6033328,0,87647,0,85767,177,2201896,155,2027970,411,0,778,579444,576156,0,0,18
1786372167924,1842452,220036,1335684,1233272,6033328,0,87647,0,85767,177,2201896,155,2027970,411,0,778,579444,576156,0,0,18
1786372168177,1842452,220036,1335684,1233272,6033328,0,87647,0,85767,177,2201896,155,2027970,411,0,778,579444,576156,0,0,18
1786372168429,1842452,222464,1338128,1233284,6033328,0,87647,0,85767,177,2215531,155,2041421,411,0,778,579444,576156,0,0,18
1786372168685,1842452,222048,1337692,1233264,6033328,0,87647,0,85767,177,2215531,155,2041421,411,0,778,579444,576156,0,0,18
1786372168941,1842452,222048,1337692,1233268,6033328,0,87647,0,85767,177,2215531,155,2041421,411,0,778,579444,576156,0,0,18
1786372169193,1842452,222048,1337692,1233268,6033328,0,87647,0,85767,177,2215531,155,2041421,411,0,778,579444,576156,0,0,18
1786372169446,1842452,222048,1337692,1233268,6033328,0,87647,0,85767,177,2215531,155,2041421,411,0,778,579444,576156,0,0,18
1786372169698,1842452,222972,1338668,1233324,6033328,0,87647,0,85767,163,2227814,145,2053573,411,0,778,579444,576156,0,0,18
1786372169956,1842452,223800,1339496,1233320,6033328,0,87647,0,85767,163,2227814,145,2053573,411,0,778,579444,576156,0,0,18
1786372170208,1842452,225872,1341568,1233324,6033328,0,87647,0,85767,163,2227814,145,2053573,411,0,778,579444,576156,0,0,18
1786372170460,1842452,225872,1341568,1233324,6033328,0,87647,0,85767,163,2227814,145,2053573,411,0,778,579444,576156,0,0,18
1786372170712,1842452,225872,1341568,1233324,6033328,0,87647,0,85767,163,2227814,145,2053573,411,0,778,579444,576156,0,0,18
1786372170963,1842452,226728,1342436,1233344,6033328,0,87647,0,85767,163,2243721,145,2068720,411,0,778,579444,576156,0,0,18
1786372171214,1842452,228812,1344540,1233352,6033328,0,87647,0,85767,163,2243721,145,2068720,411,0,778,579444,576156,0,0,18
1786372171466,1842452,229064,1344792,1233356,6033328,0,87647,0,85767,163,2243721,145,2068720,411,0,778,579444,576156,0,0,18
1786372171723,1842452,229064,1344792,1233356,6033328,0,87647,0,85767,133,2243721,118,2068720,411,0,778,579444,576156,0,0,18
1786372171974,1842452,229064,1344792,1233360,6033328,0,87647,0,85767,133,2243721,118,2068720,411,0,778,579444,576156,0,0,18
1786372172226,1842452,231896,1347652,1233392,6033328,0,87647,0,85767,133,2259579,118,2084572,411,0,778,579444,576156,0,0,18
1786372172476,1842452,233204,1348944,1233380,6033328,0,87647,0,85767,133,2267457,118,2092114,411,0,778,579444,576156,0,0,18
1786372172727,1842452,193804,1310060,1233780,6033328,0,87647,0,85767,133,2314763,118,2138167,411,0,778,579444,576156,0,0,18
1786372172978,1842452,119556,1280564,1278572,6033328,0,87647,0,85767,133,2317396,118,2140627,412,0,778,579444,576156,0,0,18
1786372173229,1842452,171908,1289432,1235096,6033328,0,87647,0,85767,133,2323141,118,2146269,412,0,778,579444,576156,0,0,18
1786372173479,1842452,171256,1288840,1235160,6033328,0,87647,0,85767,133,2348037,118,2171041,412,0,778,579444,576156,0,0,18
1786372173731,1842452,170900,1288500,1235172,6033328,0,87647,0,85767,200,2354686,187,2176465,412,0,778,579444,576156,0,0,18
1786372173988,1842452,170900,1288504,1235176,6033328,0,87647,0,85767,200,2354686,187,2176465,412,0,778,579444,576156,0,0,18
1786372174240,1842452,170900,1288504,1235176,6033328,0,87647,0,85767,200,2354686,187,2176465,412,0,778,579444,576156,0,0,18
1786372174496,1842452,175440,1293044,1235176,6033328,0,87647,0,85767,200,2354686,187,2176465,412,0,778,579444,576156,0,0,18
1786372174747,1842452,175692,1293340,1235224,6033328,0,87647,0,85767,200,2368809,187,2190576,412,0,778,579444,576156,0,0,18
1786372175005,1842452,174684,1292316,1235204,6033328,0,87647,0,85767,200,2375147,187,2196453,412,0,778,579444,576156,0,0,18
1786372175258,1842452,177852,1295484,1235208,6033328,0,87647,0,85767,200,2375147,187,2196453,412,0,778,579444,576156,0,0,18
1786372175510,1842452,177852,1295484,1235208,6033328,0,87647,0,85767,200,2375147,187,2196453,412,0,778,579444,576156,0,0,18
1786372175762,1842452,179924,1297556,1235208,6033328,0,87647,0,85767,182,2375147,171,2196453,412,0,778,579444,576156,0,0,18
1786372176014,1842452,181504,1299160,1235236,6033328,0,87647,0,85767,182,2391893,171,2213190,412,0,778,579444,576156,0,0,18
1786372176265,1842452,183612,1301264,1235228,6033328,0,87647,0,85767,182,2391893,171,2213190,412,0,778,579444,576156,0,0,18
1786372176519,1842452,186624,1304276,1235228,6033328,0,87647,0,85767,182,2391893,171,2213190,412,0,778,579444,576156,0,0,18
1786372176770,1842452,186624,1304276,1235228,6033328,0,87647,0,85767,182,2391893,171,2213190,412,0,778,579444,576156,0,0,18
1786372177030,1842452,186624,1304276,1235228,6033328,0,87647,0,85767,182,2391893,171,2213190,412,0,778,579444,576156,0,0,18
1786372177281,1842452,195008,1312700,1235288,6033328,0,87647,0,85767,182,2407176,171,2228459,412,0,778,579444,576156,0,0,18
1786372177534,1842452,194504,1312212,1235292,6033328,0,87647,0,85767,182,2407176,171,2228459,412,0,778,579444,576156,0,0,18
1786372177787,1842452,194504,1312212,1235292,6033328,0,87647,0,85767,167,2407176,158,2228459,412,0,778,579444,576156,0,0,18
1786372178048,1842452,194504,1312212,1235292,6033328,0,87647,0,85767,167,2407176,158,2228459,412,0,778,579444,576156,0,0,18
1786372178305,1842452,195580,1313288,1235292,6033328,0,87647,0,85767,167,2407176,158,2228459,412,0,778,579444,576156,0,0,18
1786372178556,1842452,198276,1316036,1235368,6033328,0,87647,0,85767,167,2422500,158,2242593,412,0,778,579444,576156,0,0,18
1786372178812,1842452,200300,1318180,1235452,6033328,0,87647,0,85767,167,2425169,158,2244957,412,0,778,579444,576156,0,0,18
1786372179066,1842452,200300,1318180,1235452,6033328,0,87647,0,85767,167,2425169,158,2244957,412,0,778,579444,576156,0,0,18
1786372179318,1842452,202808,1320688,1235452,6033328,0,87647,0,85767,167,2425169,158,2244957,412,0,778,579444,576156,0,0,18
1786372179578,1842452,202808,1320688,1235452,6033328,0,87647,0,85767,167,2425169,158,2244957,412,0,778,579444,576156,0,0,18
1786372179831,1842452,204500,1322456,1235528,6033328,0,87647,0,85767,136,2443516,130,2263284,412,0,778,579444,576156,0,0,18
1786372180085,1842452,206128,1324076,1235532,6033328,0,87647,0,85767,136,2443516,130,2263284,412,0,778,579444,576156,0,0,18
1786372180338,1842452,208312,1326260,1235536,6033328,0,87647,0,85767,136,2443516,130,2263284,412,0,778,579444,576156,0,0,18
1786372180598,1842452,208312,1326260,1235536,6033328,0,87647,0,85767,136,2443516,130,2263284,412,0,778,579444,576156,0,0,18
1786372180853,1842452,208312,1326260,1235536,6033328,0,87647,0,85767,136,2443516,130,2263284,412,0,778,579444,576156,0,0,18
1786372181104,1842452,207792,1325800,1235620,6033328,0,87647,0,85767,136,2455843,130,2273280,412,0,778,579444,576156,0,0,18
1786372181358,1842452,208560,1326652,1235676,6033328,0,87647,0,85767,136,2455843,130,2273280,412,0,778,579444,576156,0,0,18
1786372181617,1842452,209272,1327364,1235676,6033328,0,87647,0,85767,136,2455843,130,2273280,412,0,778,579444,576156,0,0,18
1786372181871,1842452,209272,1327364,1235676,6033328,0,87647,0,85767,130,2455843,124,2273280,412,0,778,579444,576156,0,0,18
1786372182126,1842452,209272,1327364,1235676,6033328,0,87647,0,85767,130,2455843,124,2273280,412,0,778,579444,576156,0,0,18
1786372182377,1842452,209080,1327196,1235736,6033328,0,87647,0,85767,130,2469648,124,2287055,412,0,778,579444,576156,0,0,18
1786372182634,1842452,211612,1329764,1235740,6033328,0,87647,0,85767,130,2469648,124,2287055,412,0,778,579444,576156,0,0,18
1786372182888,1842452,211612,1329764,1235740,6033328,0,87647,0,85767,130,2469648,124,2287055,412,0,778,579444,576156,0,0,18
1786372183149,1842452,211612,1329764,1235740,6033328,0,87647,0,85767,130,2469648,124,2287055,412,0,778,579444,576156,0,0,18
1786372183410,1842452,212600,1330752,1235740,6033328,0,87647,0,85767,130,2469648,124,2287055,412,0,778,579444,576156,0,0,18
1786372183663,1842452,142136,1303732,1279180,6033328,0,87647,0,85767,142,2501582,138,2317088,412,0,778,579444,576156,0,0,18
1786372183915,1842452,114372,1276512,1279720,6033328,0,87647,0,85767,142,2534566,138,2345514,412,0,778,579444,576156,0,0,18
1786372184166,1842452,149940,1268604,1236220,6033328,0,87647,0,85767,142,2546122,138,2356803,412,0,778,579444,576156,0,0,18
1786372184418,1842452,151880,1270536,1236220,6033328,0,87647,0,85767,142,2554770,138,2365450,412,0,778,579444,576156,0,0,18
1786372184670,1842452,151880,1270536,1236220,6033328,0,87647,0,85767,142,2554770,138,2365450,412,0,778,579444,576156,0,0,18
1786372184922,1842452,151880,1270536,1236220,6033328,0,87647,0,85767,142,2560585,138,2371266,412,0,778,579444,576156,0,0,18
1786372185183,1842452,155220,1273904,1236248,6033328,0,87647,0,85767,142,2579065,138,2389199,412,0,778,579444,576156,0,0,18
1786372185435,1842452,160116,1278804,1236256,6033328,0,87647,0,85767,142,2579065,138,2389199,412,0,778,579444,576156,0,0,18
1786372185688,1842452,160116,1278804,1236256,6033328,0,87647,0,85767,171,2579065,167,2389199,412,0,778,579444,576156,0,0,18
1786372185940,1842452,160116,1278804,1236256,6033328,0,87647,0,85767,171,2579065,167,2389199,412,0,778,579444,576156,0,0,18
1786372186192,1842452,163640,1282332,1236256,6033328,0,87647,0,85767,171,2581417,167,2391390,412,0,778,579444,576156,0,0,18
1786372186447,1842452,163556,1282288,1236304,6033328,0,87647,0,85767,171,2595486,167,2405403,412,0,778,579444,576156,0,0,18
1786372186700,1842452,163556,1282288,1236304,6033328,0,87647,0,85767,171,2595486,167,2405403,412,0,778,579444,576156,0,0,18
1786372186954,1842452,164556,1283276,1236304,6033328,0,87647,0,85767,171,2595486,167,2405403,412,0,778,579444,576156,0,0,18
1786372187207,1842452,169764,1288484,1236304,6033328,0,87647,0,85767,171,2595486,167,2405403,412,0,778,579444,576156,0,0,18
1786372187461,1842452,173804,1292524,1236304,6033328,0,87647,0,85767,171,2595486,167,2405403,412,0,778,579444,576156,0,0,18
1786372187713,1842452,173552,1292288,1236316,6033328,0,87647,0,85767,158,2609290,155,2419207,412,0,778,579444,576156,0,0,18
1786372187972,1842452,173552,1292288,1236316,6033328,0,87647,0,85767,158,2609290,155,2419207,412,0,778,579444,576156,0,0,18
1786372188228,1842452,177836,1296572,1236316,6033328,0,87647,0,85767,158,2609290,155,2419207,412,0,778,579444,576156,0,0,18
1786372188490,1842452,180836,1299572,1236316,6033328,0,87647,0,85767,158,2609290,155,2419207,412,0,778,579444,576156,0,0,18
1786372188742,1842452,182212,1300956,1236320,6033328,0,87647,0,85767,158,2612852,155,2421998,412,0,778,579444,576156,0,0,18
1786372188992,1842452,88664,1369876,1398440,6030260,0,107766,0,101452,158,2626148,155,2435193,412,0,1537,758455,754271,1501,1204,24
1786372189243,1842452,93328,1342252,1400416,6030256,0,134321,0,124205,158,2626878,155,2435504,412,0,1538,1006755,1001732,8354,8057,32
1786372189493,1842452,91468,1383260,1410128,6030256,0,158656,0,145996,158,2628471,155,2435742,412,0,1538,1274610,1269579,15906,15609,40
1786372189744,1842452,63392,1382300,1437476,6030256,72,178764,54,163777,147,2631634,127,2438087,414,0,1538,1480946,1475915,20450,20153,46
1786372189997,1842452,89844,1364820,1418312,6030256,72,203961,54,186067,147,2637020,127,2439521,426,0,1538,1749042,1743947,29346,29049,54
1786372190247,1842452,58576,1382380,1442352,6030256,72,223074,54,202573,147,2661548,127,2456770,449,0,1538,1934267,1929228,37410,37113,60
1786372190498,1842452,63024,1377076,1432484,6030256,72,243433,54,221547,147,2667856,127,2461947,449,0,1538,2175611,2170572,45410,45113,67
1786372190749,1842452,101852,1361504,1402356,6030256,72,268381,54,243804,147,2670482,127,2463218,449,0,1538,2443835,2438796,55458,55161,75
1786372190999,1842452,72288,1369496,1415712,6030256,72,285112,54,259861,147,2674126,127,2465101,449,0,1538,2645243,2640204,65186,64889,80
1786372191250,1842452,71140,1378648,1426092,6030256,72,307709,54,280206,147,2676954,127,2466346,449,0,1538,2900027,2894988,77730,77433,88
1786372191501,1842452,103732,1391148,1405944,6030256,72,327385,54,296533,147,2699119,127,2480867,470,0,1538,3088241,3083202,87074,86777,94
1786372191752,1842452,57980,1363204,1423888,6030256,204,349157,171,316603,175,2702965,140,2483061,470,0,1538,3338097,3333058,99746,99449,101
1786372192004,1842452,81524,1376500,1430008,6030256,204,372182,171,337218,175,2706425,140,2484097,470,0,1538,3586097,3580994,111714,111417,108
1786372192255,1842452,105208,1373556,1403360,6030256,204,391991,171,355009,175,2712552,140,2488643,470,0,1538,3800945,3795906,125410,125113,114
1786372192505,1842452,67124,1374152,1433828,6030256,204,415984,171,376299,175,2716286,140,2490329,470,0,1538,4042225,4037122,137762,137465,122
1786372192755,1842452,61604,1381488,1438368,6030256,204,432535,171,391232,175,2736619,140,2506003,491,0,1538,4225705,4220666,140130,139833,127
1786372193006,1842452,85756,1391356,1424448,6030256,204,455680,171,411905,175,2739710,140,2506970,491,0,1538,4486697,4481658,150242,149945,134
1786372193256,1842452,63944,1382532,1437292,6030256,204,475200,171,429502,175,2744002,140,2509582,491,0,1538,4697193,4692154,161698,161401,141
1786372193508,1842452,107396,1383268,1402492,6030256,204,495937,171,448755,175,2750816,140,2515472,491,0,1538,4944425,4939386,175778,175481,148
1786372193758,1842452,59548,1378392,1437352,6030256,312,517777,267,469089,179,2753645,133,2516506,491,0,1538,5172777,5167738,189218,188921,155
1786372194010,1842452,61580,1371044,1427944,6030256,312,536076,267,484300,179,2773978,133,2529967,512,0,1538,5361516,5356477,194003,193706,160
1786372194263,1842452,89732,1367172,1420640,6030256,312,560507,267,505493,179,2776557,133,2531378,512,0,1538,5623660,5618557,205331,205034,168
1786372194514,1842452,61112,1381524,1439056,6030256,312,576579,267,520934,179,2790499,133,2542638,518,0,1538,5808812,5803773,212755,212458,174
1786372194764,1842452,89660,1373632,1402432,6029532,312,593832,267,536239,179,2834585,133,2574807,530,0,1717,5979672,5974380,224086,223789,179
1786372195015,1842452,75324,1354732,1397844,6029536,312,616770,267,556013,179,2842445,133,2577824,541,0,1717,6196440,6191148,235734,235437,186
1786372195266,1842452,61388,1365596,1422540,6029536,312,633562,267,569966,179,2870342,133,2592694,565,0,1717,6359060,6353760,241429,241132,191
1786372195516,1842452,64684,1377092,1439388,6029536,312,649574,267,583933,179,2887805,133,2603762,568,0,1717,6528212,6522848,245845,245548,196
1786372195766,1842452,86668,1373996,1405692,6029536,382,675262,327,604884,256,2891010,181,2604837,568,0,1717,6780948,6775648,260629,260332,203
1786372196017,1842452,73068,1380924,1426332,6029536,382,692250,327,620193,256,2901524,181,2612965,569,0,1717,6967508,6962208,268117,267820,209
1786372196267,1842452,100052,1367636,1386040,6029536,382,717839,327,642509,256,2905893,181,2615464,569,0,1717,7221076,7215776,280085,279788,217
1786372196518,1842452,83856,1373888,1416928,6029536,382,736571,327,659848,256,2928621,181,2627884,584,0,1717,7418678,7413314,286832,286535,223
1786372196768,1842452,68516,1377664,1427656,6029536,382,756398,327,676944,256,2932294,181,2630116,584,0,1717,7625398,7620098,293872,293575,229
1786372197019,1842452,70180,1377520,1425668,6029536,382,777264,327,696684,256,2935188,181,2631014,584,0,1717,7861238,7855938,311344,311047,236
1786372197270,1842452,59740,1366728,1425364,6029536,382,796649,327,714211,256,2938766,181,2633631,584,0,1717,8070198,8064898,317552,317255,243
1786372197520,1842452,86448,1374896,1415064,6029536,382,817981,327,734392,256,2941643,181,2634612,584,0,1717,8304310,8299010,331760,331463,250
1786372197771,1842452,105704,1372160,1401140,6029536,458,840120,394,754449,264,2958205,184,2644948,599,0,1717,8522715,8517415,345805,345508,256
1786372198021,1842452,64272,1379812,1442076,6029536,458,858006,394,770584,264,2962488,184,2647798,599,0,1717,8719195,8713895,353805,353508,262
1786372198272,1842452,57328,1378976,1440360,6029536,458,879491,394,790538,264,2965571,184,2649306,599,0,1717,8968923,8963623,365197,364900,269
1786372198522,1842452,64072,1374644,1437252,6029536,458,901002,394,808852,264,2970376,184,2651863,599,0,1717,9164635,9159271,376461,376164,276
1786372198775,1842452,67088,1380956,1432176,6029536,458,924748,394,829542,264,2973826,184,2652687,599,0,1717,9409499,9404199,392589,392292,283
1786372199026,1842452,73880,1372444,1433400,6029536,458,946804,394,850085,264,2994147,184,2665025,614,0,1717,9620059,9614687,402317,402020,290
1786372199276,1842452,62644,1374100,1438044,6029536,458,966598,394,867563,264,2997000,184,2666791,614,0,1717,9824731,9819423,410189,409892,296
1786372199527,1842452,95260,1362712,1410844,6029536,458,992110,394,890033,264,3000301,184,2668724,614,0,1717,10075931,10070559,422925,422628,304
1786372199777,1842452,60628,1385740,1443532,6029536,520,1009746,450,905178,252,3005867,169,2672531,614,0,1717,10256667,10251359,433677,433380,310
1786372200029,1842452,57328,1373068,1442444,6029536,520,1034371,450,926354,252,3007823,169,2673481,614,0,1717,10518235,10512927,443469,443172,317
1786372200280,1842452,111016,1365132,1397348,6029536,520,1058060,450,946508,252,3029340,169,2685682,629,0,1717,10725851,10720479,458979,458670,324
1786372200530,1842452,60216,1385752,1444008,6029536,520,1074444,450,962318,252,3032035,169,2687464,629,0,1717,10919451,10914143,462371,462062,330
1786372200781,1842452,78484,1388568,1428484,6029536,520,1100015,450,985405,252,3033633,169,2687936,629,0,1717,11178203,11172895,474339,474030,338
1786372201031,1842452,81760,1382576,1419288,6029536,520,1119584,450,1002925,252,3038440,169,2691729,629,0,1717,11382171,11376863,480163,479854,345
1786372201283,1842452,63732,1375924,1430396,6029536,520,1141702,450,1022755,252,3041743,169,2692711,629,0,1717,11631451,11626143,490467,490158,352
1786372201533,1842452,99372,1365568,1409248,6029536,520,1164311,450,1043094,252,3065415,169,2708706,644,0,1717,11833105,11827733,504035,503726,359
1786372201784,1842452,87944,1373332,1412148,6029536,570,1182398,495,1059514,261,3069049,156,2710446,644,0,1717,12031121,12025813,513699,513390,364
1786372202035,1842452,73008,1384536,1430060,6029536,570,1203726,495,1079074,261,3072882,156,2712470,644,0,1717,12266961,12261653,529955,529646,371
1786372202289,1842452,75096,1375104,1434912,6029536,570,1223613,495,1096801,261,3076432,156,2714778,644,0,1717,12468881,12463573,536803,536494,378
1786372202540,1842452,83220,1360116,1419968,6029536,570,1246351,495,1118435,261,3078822,156,2715734,644,0,1717,12710673,12705301,551011,550702,385
1786372202790,1842452,71508,1387296,1434332,6029536,570,1268887,495,1137456,261,3093330,156,2726542,659,0,1717,12921357,12916041,557155,556846,392
1786372203045,1842452,65788,1369732,1430636,6029536,570,1287281,495,1155083,261,3098082,156,2730063,659,0,1717,13134093,13128713,564259,563950,399
1786372203297,1842452,73684,1363128,1424276,6029536,570,1310628,495,1175924,261,3100235,156,2730623,659,0,1717,13380429,13375113,578723,578414,406
1786372203548,1842452,72592,1386024,1431932,6029536,570,1330416,495,1194058,261,3103444,156,2732430,659,0,1717,13581133,13575817,585123,584814,412
1786372203799,1842452,75220,1367316,1418728,6029536,612,1352176,532,1214338,231,3106484,146,2733692,659,0,1717,13829965,13824649,601315,601006,419
1786372204050,1842452,62692,1376956,1440736,6029536,612,1373647,532,1232424,231,3124099,146,2745661,674,0,1717,14039061,14033737,609507,609198,426
1786372204300,1842452,95580,1363680,1411072,6029536,612,1392586,532,1250367,231,3126622,146,2746971,674,0,1717,14268181,14262793,616099,615790,432
1786372204551,1842452,67556,1375436,1426488,6029536,612,1416564,532,1271499,231,3128968,146,2747920,674,0,1717,14514133,14508745,627427,627118,440
1786372204801,1842452,69408,1374944,1423876,6029536,612,1433901,532,1287880,231,3132117,146,2750128,674,0,1717,14721621,14716297,632547,632238,446
1786372205052,1842452,59376,1375108,1434160,6029536,612,1458850,532,1309833,231,3134226,146,2750601,674,0,1717,14966549,14961225,643619,643310,454
1786372205302,1842452,65644,1379008,1432056,6029536,612,1478713,532,1327906,231,3155210,146,2762547,689,0,1717,15156565,15151241,651363,651054,460
1786372205553,1842452,64040,1355872,1410324,6029536,612,1498368,532,1344640,231,3170077,146,2773525,693,0,1717,15352116,15346788,660048,659735,466
1786372205804,1842452,78772,1348088,1404680,6028840,646,1516072,562,1359516,262,3201657,156,2793233,693,0,1889,15526143,15520559,672080,671767,472
1786372206054,1842452,70968,1325332,1389252,6028844,646,1535983,562,1376252,262,3206396,156,2795699,695,0,1889,15726016,15720368,678800,678487,478
1786372206305,1842452,82156,1379340,1415520,6028844,646,1551796,562,1389721,262,3217116,156,2803663,695,0,1889,15884672,15879024,683152,682839,482
1786372206555,1842452,104160,1378112,1392220,6028844,646,1572385,562,1407040,262,3246136,156,2824602,710,0,1889,16087645,16082061,692651,692338,488
1786372206806,1842452,103396,1383552,1398592,6028844,646,1589602,562,1424065,262,3251066,156,2828117,710,0,1889,16287645,16282061,700971,700658,495
1786372207058,1842452,66304,1377412,1429580,6028844,646,1610483,562,1443152,262,3254331,156,2830022,710,0,1889,16522589,16517005,709739,709426,501
1786372207309,1842452,58336,1366576,1434680,6028844,646,1634942,562,1464531,262,3257344,156,2831277,710,0,1889,16767709,16762061,722475,722162,509
1786372207560,1842452,100744,1369264,1403284,6028844,646,1654255,562,1481289,262,3260901,156,2833403,710,0,1889,16977629,16971981,731883,731570,515
1786372207811,1842452,89528,1381200,1410232,6028844,656,1675644,569,1499829,269,3275858,164,2843860,725,0,1889,17187485,17181901,741355,741042,522
1786372208061,1842452,72636,1362212,1425208,6028844,656,1694757,569,1516254,269,3279263,164,2845700,725,0,1889,17380664,17375016,752066,751753,528
1786372208312,1842452,98012,1378088,1398432,6028844,656,1717347,569,1536805,269,3282199,164,2846918,725,0,1889,17634680,17629096,764674,764361,535
1786372208563,1842452,73436,1370108,1431268,6028844,656,1740435,569,1556860,269,3284287,164,2847846,725,0,1889,17882680,17877032,771074,770761,543
1786372208813,1842452,79780,1382896,1421364,6028844,656,1758358,569,1572930,269,3289100,164,2851912,725,0,1889,18086456,18080872,779778,779465,549
1786372209064,1842452,83024,1381392,1416688,6028844,656,1779356,569,1592654,269,3307395,164,2862977,735,0,1889,18304888,18299304,788866,788553,556
1786372209314,1842452,64872,1367944,1421564,6028844,656,1796529,569,1608829,269,3311803,164,2865764,740,0,1889,18491638,18486046,798914,798601,562
1786372209565,1842452,59500,1387524,1446448,6028844,656,1818966,569,1629112,269,3314049,164,2866332,740,0,1889,18726902,18721310,806274,805961,569
1786372209815,1842452,104572,1377024,1391024,6028844,682,1843439,593,1650517,256,3316566,152,2867196,740,0,1889,18975350,18969758,819458,819145,577
1786372210068,1842452,66040,1373628,1442692,6028844,682,1863415,593,1668397,256,3320640,152,2869933,740,0,1889,19157494,19151838,830594,830281,583
1786372210318,1842452,74300,1361152,1429712,6028844,682,1885756,593,1688788,256,3333578,152,2878246,745,0,1889,19380790,19375134,840514,840201,590
1786372210569,1842452,75076,1384256,1427636,6028844,682,1905813,593,1706566,256,3338579,152,2880697,755,0,1889,19574931,19569339,850653,850340,596
1786372210819,1842452,67916,1377720,1428284,6028844,682,1928855,593,1726881,256,3344842,152,2884522,755,0,1889,19805267,19799675,862493,862180,604
1786372211070,1842452,72448,1365572,1436256,6028844,682,1951857,593,1747031,256,3347493,152,2885362,755,0,1889,20045651,20040059,876381,876004,611
1786372211321,1842452,74100,1364308,1433464,6028844,682,1971988,593,1763963,256,3350954,152,2887270,755,0,1889,20246419,20240763,884765,884452,617
1786372211571,1842452,81448,1362252,1423712,6028844,682,1993775,593,1782751,256,3368255,152,2900406,755,0,1889,20468691,20463035,893789,893476,624
1786372211823,1842452,109448,1371964,1397392,6028844,703,2015892,612,1801289,264,3377333,143,2905520,770,0,1889,20680455,20674863,901085,900772,631
1786372212074,1842452,82840,1360640,1412380,6028844,703,2039898,612,1821017,264,3381457,143,2908014,770,0,1889,20901639,20895983,910557,910244,638
1786372212325,1842452,66464,1366844,1418684,6028844,703,2062794,612,1842071,264,3384055,143,2908926,770,0,1889,21151751,21146159,921693,921380,645
1786372212575,1842452,65400,1381308,1434448,6028844,703,2081947,612,1858841,264,3387726,143,2911324,770,0,1889,21351623,21346031,931037,930724,651
1786372212825,1842452,69348,1362980,1420280,6028844,703,2105295,612,1878934,264,3399811,143,2919223,770,0,1889,21591943,21586351,942685,942372,658
1786372213076,1842452,82344,1384464,1420648,6028844,703,2126258,612,1895818,264,3404654,143,2921497,785,0,1889,21788386,21782794,946422,946109,664
1786372213327,1842452,98544,1371968,1408300,6028844,703,2149678,612,1916248,264,3406972,143,2922910,785,0,1889,22044194,22038538,955510,955197,671
1786372213577,1842452,61596,1374872,1439996,6028844,703,2171796,612,1935883,264,3409480,143,2924240,785,0,1889,22286882,22281226,962422,962109,679
1786372213828,1842452,91700,1389936,1416632,6028844,721,2190671,628,1953487,234,3413845,135,2927100,785,0,1889,22491042,22485450,974518,974205,685
1786372214078,1842452,72932,1375668,1429460,6028844,721,2211140,628,1972450,234,3424072,135,2933729,785,0,1889,22719202,22713546,983286,982973,692
1786372214331,1842452,79272,1360248,1415720,6028844,721,2229884,628,1989164,234,3433766,135,2938486,800,0,1889,22904658,22899066,993206,992893,697
1786372214582,1842452,62796,1381840,1445936,6028844,721,2252863,628,2009346,234,3435414,135,2939213,800,0,1889,23155090,23149434,999414,999101,705
1786372214832,1842452,69476,1371728,1421032,6028844,721,2275106,628,2030221,234,3438388,135,2939979,800,0,1889,23407506,23401914,1010166,1009853,712
1786372215083,1842452,89996,1370588,1398892,6028844,721,2292793,628,2046857,234,3443223,135,2943399,800,0,1889,23606738,23601146,1023862,1023549,718
1786372215334,1842452,77696,1362748,1428060,6028844,721,2313973,628,2066606,234,3455974,135,2950100,800,0,1889,23831826,23826170,1035254,1034941,725
1786372215584,1842452,81804,1389072,1425828,6028844,721,2331198,628,2082316,234,3469683,135,2959576,815,0,1889,24016518,24010926,1041782,1041469,731
1786372215838,1842452,99960,1382692,1401664,6028840,735,2354933,641,2103268,227,3473114,128,2960421,817,0,1890,24274064,24268472,1050627,1050314,738
1786372216088,1842452,73764,1380712,1425680,6028840,735,2375993,641,2123051,227,3478016,128,2963286,817,0,1890,24507792,24502136,1064131,1063818,745
1786372216340,1842452,65540,1376792,1437980,6028840,735,2393280,641,2138938,227,3481155,128,2965505,817,0,1890,24710736,24705080,1072579,1072266,751
1786372216591,1842452,57508,1375568,1436620,6028840,735,2414954,641,2156309,227,3501320,128,2980950,821,0,1890,24909328,24903672,1086339,1086026,757
1786372216842,1842452,70584,1368296,1416104,6028128,735,2434753,641,2173197,227,3551635,128,3014093,831,0,2067,25084455,25078671,1094445,1094072,763
1786372217094,1842452,81456,1375636,1420696,6028132,735,2450820,641,2187742,227,3562149,128,3021412,838,0,2067,25263897,25258113,1100845,1100472,768
1786372217345,1842452,99180,1340608,1359720,6028132,735,2473271,641,2206380,227,3566135,128,3023521,838,0,2067,25486745,25480961,1111405,1111032,775
1786372217595,1842452,60656,1368004,1425872,6028132,735,2488349,641,2219380,227,3587428,128,3038989,838,0,2067,25635097,25629313,1119661,1119288,780
1786372217846,1842452,76236,1380032,1422188,6028132,728,2507903,633,2236504,277,3591893,159,3042303,838,0,2067,25841497,25835713,1127533,1127160,786
1786372218097,1842452,76140,1372760,1423316,6028132,728,2528654,633,2254754,277,3607975,159,3052170,838,0,2067,26060377,26054593,1140269,1139896,792
1786372218351,1842452,77988,1377116,1417444,6028132,728,2545692,633,2270182,277,3618373,159,3060066,853,0,2067,26248717,26242933,1148717,1148344,798
1786372218601,1842452,75336,1376888,1420332,6028132,728,2567354,633,2289899,277,3622664,159,3062572,853,0,2067,26495053,26489269,1160173,1159800,805
1786372218852,1842452,68756,1374508,1424200,6028132,728,2590932,633,2309686,277,3625907,159,3063893,853,0,2067,26737357,26731573,1170093,1169720,812
1786372219103,1842452,71504,1377924,1424856,6028132,728,2610343,633,2327067,277,3629262,159,3066311,853,0,2067,26943821,26938037,1176621,1176248,819
1786372219353,1842452,56476,1371280,1433092,6028132,728,2631713,633,2345353,277,3642828,159,3076274,853,0,2067,27159373,27153589,1188205,1187832,825
1786372219604,1842452,88020,1370348,1400800,6028132,728,2651187,633,2361248,277,3654186,159,3083591,868,0,2067,27343229,27337445,1197933,1197560,831
1786372219854,1842452,65460,1377508,1430480,6028132,741,2673250,645,2380773,281,3656115,167,3084561,868,0,2067,27585981,27580197,1206445,1206072,838
1786372220105,1842452,62368,1372824,1437200,6028132,741,2697340,645,2400875,281,3659088,167,3085485,868,0,2067,27818813,27813029,1221869,1221496,845
1786372220355,1842452,58556,1382848,1442820,6028132,741,2715425,645,2417646,281,3661869,167,3087092,868,0,2067,28020989,28015141,1230829,1230456,851
1786372220606,1842452,85156,1363184,1420872,6028132,741,2740797,645,2438055,281,3667969,167,3090928,868,0,2067,28267517,28261669,1237101,1236728,858
1786372220857,1842452,82948,1389292,1424764,6028132,741,2757335,645,2453040,281,3680175,167,3100043,883,0,2067,28453037,28447253,1245613,1245240,864
1786372221107,1842452,74112,1375868,1436552,6028132,741,2778717,645,2472903,281,3683181,167,3101682,883,0,2067,28695085,28689301,1256365,1255992,871
1786372221357,1842452,58244,1383412,1443452,6028132,741,2800200,645,2493160,281,3686341,167,3102293,883,0,2067,28929453,28923669,1269677,1269304,878
1786372221608,1842452,79024,1386008,1425436,6028132,741,2820572,645,2511307,281,3690236,167,3105663,883,0,2067,29145581,29139797,1277549,1277176,885
1786372221858,1842452,71696,1380292,1426964,6028132,752,2843288,655,2531925,248,3693307,154,3106565,883,0,2067,29383405,29377621,1287917,1287544,892
1786372222110,1842452,108412,1387048,1396968,6028132,752,2860575,655,2547470,248,3711521,154,3120897,898,0,2067,29568194,29562410,1292424,1292051,898
1786372222361,1842452,81000,1367460,1429484,6028132,752,2882153,655,2567534,248,3714050,154,3122122,898,0,2067,29814082,29808234,1300616,1300243,905
1786372222611,1842452,117200,1374916,1392576,6028132,752,2903746,655,2588283,248,3716495,154,3123008,898,0,2067,30063106,30057322,1310088,1309715,913
1786372222862,1842452,109268,1383976,1393116,6028132,752,2924643,655,2606255,248,3719544,154,3125229,898,0,2067,30278850,30273066,1319368,1318995,919
1786372223112,1842452,58076,1372920,1441208,6028132,752,2947709,655,2627443,248,3723925,154,3127093,898,0,2067,30508354,30502570,1329992,1329619,927
1786372223363,1842452,92296,1380324,1406424,6028132,752,2965015,655,2643704,248,3741881,154,3139575,913,0,2067,30688192,30682408,1337288,1336915,933
1786372223613,1842452,68308,1368400,1426728,6028132,752,2990171,655,2665018,248,3744617,154,3141453,913,0,2067,30939328,30933544,1348936,1348563,940
1786372223864,1842452,62092,1384056,1440304,6028132,760,3011703,663,2683809,239,3748126,144,3143046,913,0,2067,31154560,31148776,1365768,1365395,947
1786372224114,1842452,57396,1386108,1447152,6028132,760,3031115,663,2702186,239,3750806,144,3144386,913,0,2067,31383744,31377960,1372936,1372563,953
1786372224366,1842452,89764,1389416,1417904,6028132,760,3053825,663,2723562,239,3753692,144,3145844,913,0,2067,31635648,31629864,1384200,1383827,961
1786372224617,1842452,62508,1375456,1439756,6028132,760,3069878,663,2738730,239,3771103,144,3157393,928,0,2067,31805729,31799881,1389987,1389614,966
1786372224869,1842452,73828,1375364,1436436,6028132,760,3093836,663,2759860,239,3773701,144,3158061,928,0,2067,32054625,32048777,1400867,1400494,974
1786372225123,1842452,75868,1386572,1429100,6028132,760,3114513,663,2778465,239,3778207,144,3160841,928,0,2067,32268961,32263177,1406755,1406382,981
1786372225373,1842452,59912,1371752,1430120,6028132,760,3136064,663,2797742,239,3781073,144,3162869,928,0,2067,32512161,32506377,1415139,1414766,988
1786372225624,1842452,64292,1375228,1429108,6028132,760,3159211,663,2818880,239,3783762,144,3163498,928,0,2067,32754913,32749129,1429987,1429614,995
1786372225874,1842452,68224,1375140,1441980,6028132,768,3173171,670,2831491,231,3805962,136,3178819,943,0,2067,32916540,32910756,1439229,1438856,1000
1786372226125,1842452,79624,1375112,1414132,6028132,768,3197191,670,2851571,231,3815642,136,3186399,943,0,2067,33164604,33158820,1450429,1450056,1007
1786372226375,1842452,97472,1372648,1401892,6028132,768,3217031,670,2869721,231,3820813,136,3189606,943,0,2067,33379900,33374116,1460989,1460616,1014
1786372226626,1842452,59492,1355892,1423868,6028132,768,3238650,670,2889647,231,3824193,136,3191378,946,0,2067,33614396,33608548,1469693,1469256,1021
1786372226877,1842452,72360,1385376,1431184,6028132,768,3261133,670,2910165,231,3826764,136,3192152,946,0,2067,33857020,33851236,1481853,1481480,1028
1786372227127,1842452,71976,1389744,1436260,6028132,768,3277329,670,2924688,231,3846194,136,3209588,961,0,2067,34022693,34016909,1489176,1488803,1033
1786372227378,1842452,74240,1376248,1436792,6028132,768,3300600,670,2944782,231,3851807,136,3213496,961,0,2067,34268133,34262285,1503064,1502691,1040
1786372227628,1842452,84340,1383040,1417220,6028132,768,3320831,670,2961840,231,3869805,136,3227866,965,0,2067,34471909,34466125,1509016,1508643,1047
1786372227879,1842452,96028,1369520,1399912,6027404,755,3335888,675,2974482,244,3918224,148,3259861,965,0,2246,34622501,34616465,1516782,1516408,1051
1786372228130,1842452,65776,1361292,1421976,6027408,755,3358831,675,2993008,244,3920580,148,3260533,967,0,2246,34842981,34836881,1529262,1528888,1058
1786372228380,1842452,78040,1335764,1376340,6027408,755,3380364,675,3010189,244,3942285,148,3272102,982,0,2246,35032404,35026368,1539182,1538808,1064
1786372228631,1842452,74772,1379212,1422804,6027408,755,3393610,675,3021960,244,3956206,148,3281033,982,0,2246,35167124,35161088,1543022,1542648,1068
1786372228881,1842452,73604,1366572,1411328,6027408,755,3416473,675,3042137,244,3963044,148,3285107,982,0,2246,35408084,35402048,1555566,1555192,1075
1786372229132,1842452,93240,1368900,1393908,6027408,755,3436180,675,3059758,244,3966767,148,3287175,982,0,2246,35613908,35607872,1564462,1564088,1081
1786372229384,1842452,68396,1365244,1423484,6027408,755,3459148,675,3079738,244,3970046,148,3288989,982,0,2246,35851796,35845696,1574574,1574200,1088
1786372229634,1842452,84764,1382272,1415944,6027408,755,3478732,675,3097860,244,3991703,148,3301226,997,0,2246,36056212,36050176,1583397,1583015,1095
1786372229885,1842452,66576,1372016,1423928,6027408,763,3496676,662,3114588,291,3995778,175,3304256,997,0,2246,36257044,36251008,1591205,1590823,1101
1786372230135,1842452,97620,1368316,1405576,6027408,763,3517085,662,3134233,291,3998373,175,3305084,997,0,2246,36507348,36501248,1603941,1603559,1108
1786372230386,1842452,62232,1359316,1423656,6027408,763,3536101,662,3151001,291,4000914,175,3306919,997,0,2246,36709268,36703232,1611109,1610727,1114
1786372230638,1842452,59040,1381876,1441388,6027408,763,3559287,662,3172257,291,4003359,175,3307304,997,0,2246,36954196,36948160,1624421,1624039,1122
1786372230888,1842452,89064,1373500,1411056,6027408,763,3579260,662,3190341,291,4023958,175,3322694,1012,0,2246,37164456,37158420,1636288,1635906,1128
1786372231139,1842452,58636,1356136,1424360,6027408,763,3597134,662,3207831,291,4026848,175,3324654,1012,0,2246,37353704,37347604,1642368,1641986,1134
1786372231389,1842452,67588,1383364,1434380,6027408,763,3622450,662,3228351,291,4029104,175,3325455,1012,0,2246,37603944,37597908,1654592,1654210,1142
1786372231640,1842452,75992,1369128,1428312,6027408,763,3639469,662,3244582,291,4032343,175,3327062,1012,0,2246,37810472,37804436,1661952,1661570,1148
1786372231891,1842452,111080,1389212,1396612,6027408,770,3665969,668,3266712,274,4037633,162,3331193,1012,0,2246,38073384,38067348,1678272,1677890,1156
1786372232142,1842452,60636,1370780,1428940,6027408,770,3687053,668,3284528,274,4052911,162,3340238,1027,0,2246,38278888,38272852,1689199,1688817,1162
1786372232393,1842452,71040,1380036,1427424,6027408,770,3705972,668,3301108,274,4056725,162,3342997,1027,0,2246,38481192,38475156,1698671,1698289,1168
1786372232644,1842452,71068,1385552,1432808,6027408,770,3728000,668,3321562,274,4059641,162,3344884,1027,0,2246,38727272,38721236,1712367,1711985,1175
1786372232894,1842452,62688,1379212,1434928,6027408,770,3748766,668,3339288,274,4063994,162,3347788,1027,0,2246,38929896,38923860,1717807,1717425,1182
1786372233145,1842452,69840,1373000,1438012,6027408,770,3772812,668,3361687,274,4064866,162,3348150,1027,0,2246,39199656,39193556,1725999,1725617,1190
1786372233395,1842452,70380,1373812,1438280,6027408,770,3794971,668,3380694,274,4086771,162,3360911,1042,0,2246,39408855,39402755,1731759,1731377,1196
1786372233645,1842452,66976,1363904,1415412,6027408,770,3816161,668,3399394,274,4091335,162,3364666,1042,0,2246,39613719,39607683,1741167,1740785,1203
1786372233896,1842452,67164,1374576,1433892,6027408,775,3840443,674,3419600,261,4093346,150,3365184,1042,0,2246,39867543,39861443,1751599,1751217,1210
1786372234147,1842452,66068,1374184,1442980,6027408,775,3858549,674,3436447,261,4096845,150,3367179,1042,0,2246,40062679,40056643,1761775,1761393,1216
1786372234398,1842452,87388,1353684,1409336,6027408,775,3881032,674,3457747,261,4099608,150,3368715,1042,0,2246,40319063,40312963,1771823,1771441,1224
1786372234652,1842452,69092,1364904,1422492,6027408,775,3903371,674,3476220,261,4119715,150,3384240,1055,0,2246,40538135,40532099,1777903,1777521,1231
1786372234905,1842452,88176,1359144,1414388,6027408,775,3921440,674,3492735,261,4123143,150,3386717,1057,0,2246,40742346,40736310,1787759,1787377,1237
1786372235156,1842452,76348,1390076,1432212,6027408,775,3944179,674,3512928,261,4125437,150,3387200,1057,0,2246,40991562,40985526,1799791,1799409,1244
1786372235406,1842452,55796,1370816,1433508,6027408,775,3961597,674,3529151,261,4128766,150,3389109,1057,0,2246,41190026,41183990,1806703,1806321,1250
1786372235657,1842452,66140,1380936,1433280,6027408,775,3984541,674,3549865,261,4131076,150,3389639,1057,0,2246,41441034,41434998,1819439,1819057,1258
1786372235907,1842452,75360,1371016,1430716,6027408,780,4003442,679,3566795,249,4148837,141,3402048,1072,0,2246,41645194,41639094,1828143,1827761,1264
1786372236161,1842452,87708,1385052,1415876,6027408,780,4023461,679,3584934,249,4155773,141,3408011,1072,0,2246,41876261,41870225,1837063,1836681,1270
1786372236411,1842452,66048,1382644,1435032,6027408,780,4045881,679,3604371,249,4157510,141,3408657,1072,0,2246,42118565,42112529,1846727,1846345,1277
1786372236662,1842452,66712,1364936,1424972,6027408,780,4063564,679,3620454,249,4161885,141,3411700,1072,0,2246,42323621,42317521,1852359,1851977,1283
1786372236912,1842452,63384,1373924,1428924,6027408,780,4086220,679,3640862,249,4164008,141,3412961,1072,0,2246,42567653,42561617,1864519,1864137,1291
1786372237163,1842452,75120,1385848,1429416,6027408,780,4103319,679,3656692,249,4178814,141,3421550,1087,0,2246,42760613,42754577,1869575,1869193,1296
1786372237413,1842452,64704,1375928,1437968,6027408,780,4124204,679,3675844,249,4181707,141,3422831,1087,0,2246,43000128,42994028,1875615,1875233,1303
1786372237664,1842452,85228,1373028,1422696,6027408,780,4146198,679,3695929,249,4184826,141,3423775,1087,0,2246,43253312,43247212,1886431,1886049,1310
1786372237914,1842452,72160,1368300,1422960,6027408,783,4164811,683,3713271,240,4188348,133,3426904,1087,0,2246,43465216,43459180,1891871,1891489,1317
1786372238165,1842452,63464,1374516,1429672,6027408,783,4190050,683,3734029,240,4191388,133,3427950,1087,0,2246,43711808,43705772,1905951,1905569,1324
1786372238415,1842452,87916,1365956,1412940,6027408,783,4206524,683,3748540,240,4208014,133,3442345,1097,0,2246,43891456,43885420,1910239,1909857,1330
1786372238666,1842452,70736,1346340,1410472,6027408,783,4232180,683,3768172,240,4233610,133,3459671,1106,0,2246,44098907,44092807,1922359,1921977,1336
1786372238917,1842452,92708,1365880,1399812,6026596,783,4251479,683,3785468,240,4262075,133,3480280,1106,0,2447,44286999,44280734,1928254,1927872,1342
1786372239168,1842452,82356,1376528,1412656,6026600,783,4269992,683,3801312,240,4266954,133,3482554,1108,0,2447,44473431,44467166,1935550,1935168,1348
1786372239418,1842452,94192,1365512,1389596,6026600,783,4289451,683,3819182,240,4269671,133,3484050,1108,0,2447,44687703,44681438,1947006,1946624,1354
1786372239670,1842452,52568,1360536,1434408,6026600,783,4304696,683,3833951,240,4292675,133,3498798,1108,0,2447,44851479,44845214,1955838,1955456,1359
1786372239921,1842452,78392,1367704,1424144,6026600,768,4325161,667,3850726,287,4303903,164,3505734,1123,0,2447,45044102,45037837,1959230,1958848,1365
1786372240171,1842452,101200,1376212,1393500,6026600,768,4347982,667,3871304,287,4307362,164,3508441,1123,0,2447,45293638,45287373,1973182,1972800,1373
1786372240421,1842452,83400,1377016,1412048,6026600,768,4370963,667,3891438,287,4310689,164,3509399,1123,0,2447,45520838,45514573,1986686,1986304,1380
1786372240675,1842452,73928,1368692,1429720,6026600,768,4391583,667,3909190,287,4313406,164,3511632,1123,0,2447,45743085,45736756,1992318,1991936,1386
1786372240925,1842452,77604,1382540,1423256,6026600,768,4413531,667,3929138,287,4325837,164,3519799,1123,0,2447,45955437,45949172,2006078,2005696,1393
1786372241176,1842452,75820,1368344,1427508,6026600,768,4430317,667,3944112,287,4338529,164,3528406,1138,0,2447,46135725,46129396,2012909,2012527,1399
1786372241427,1842452,58312,1378144,1438360,6026600,768,4451694,667,3964019,287,4340979,164,3529013,1138,0,2447,46376173,46369908,2021933,2021551,1406
1786372241677,1842452,85480,1369308,1404368,6026600,768,4476711,667,3985356,287,4344427,164,3529626,1138,0,2447,46612461,46606196,2035565,2035183,1414
1786372241928,1842452,63836,1378172,1432588,6026600,774,4494038,673,4001406,271,4350105,152,3533720,1138,0,2447,46814381,46808116,2042157,2041775,1420
1786372242178,1842452,74036,1383728,1427992,6026600,774,4517465,673,4020916,271,4360544,152,3540086,1138,0,2447,47048109,47041844,2049837,2049455,1427
1786372242429,1842452,94088,1373256,1413952,6026600,774,4536071,673,4037303,271,4368795,152,3545645,1153,0,2447,47237192,47230927,2054529,2054147,1433
1786372242679,1842452,82212,1360768,1421548,6026600,774,4559061,673,4058602,271,4372054,152,3547304,1153,0,2447,47486344,47480015,2072321,2071939,1440
1786372242930,1842452,79308,1387356,1426360,6026600,774,4580533,673,4077822,271,4374894,152,3548306,1153,0,2447,47722184,47715919,2081025,2080643,1447
1786372243182,1842452,79168,1389852,1429144,6026600,774,4600439,673,4094631,271,4378193,152,3551178,1153,0,2447,47937160,47930895,2086977,2086595,1454
1786372243435,1842452,71140,1377844,1425012,6026600,774,4622160,673,4113511,271,4390659,152,3558907,1153,0,2447,48161416,48155151,2102145,2101763,1460
1786372243685,1842452,69140,1375924,1433440,6026600,779,4639316,678,4128659,258,4401969,142,3565609,1168,0,2447,48346999,48340670,2106945,2106563,1466
1786372243936,1842452,72140,1374496,1437160,6026600,779,4661541,678,4148349,258,4403763,142,3566058,1168,0,2447,48595959,48589630,2116801,2116419,1473
1786372244186,1842452,77320,1380104,1421120,6026600,779,4683729,678,4168281,258,4406741,142,3567604,1168,0,2447,48835639,48829374,2124737,2124355,1480
1786372244438,1842452,75896,1379060,1421448,6026600,779,4704352,678,4188041,258,4409452,142,3568965,1168,0,2447,49050999,49044734,2131393,2131011,1488
1786372244688,1842452,68884,1378936,1428464,6026600,779,4726355,678,4207940,258,4411238,142,3569424,1168,0,2447,49289207,49282942,2140993,2140611,1495
1786372244939,1842452,63468,1360448,1423548,6026600,779,4742874,678,4222553,258,4429400,142,3582541,1183,0,2447,49460070,49453805,2146945,2146563,1500
1786372245189,1842452,54260,1365344,1429368,6026600,779,4766208,678,4242614,258,4432999,142,3584721,1183,0,2447,49697830,49691501,2165185,2164803,1507
1786372245440,1842452,59580,1384228,1443016,6026600,779,4786877,678,4261772,258,4436858,142,3585625,1183,0,2447,49926118,49919853,2175937,2175555,1514
1786372245690,1842452,65356,1375352,1444692,6026600,782,4805294,682,4278535,229,4439861,135,3588152,1183,0,2447,50138086,50131757,2184961,2184579,1520
1786372245941,1842452,62192,1366824,1423220,6026600,782,4831519,682,4299515,229,4443007,135,3589138,1183,0,2447,50387430,50381101,2194305,2193923,1528
1786372246191,1842452,61988,1385004,1441528,6026600,782,4845797,682,4312527,229,4464839,135,3603222,1198,0,2447,50552897,50546568,2199192,2198810,1533
1786372246441,1842452,60056,1379912,1446644,6026600,782,4869450,682,4333832,229,4468623,135,3605692,1198,0,2447,50798657,50792328,2215576,2215194,1540
1786372246692,1842452,63364,1383552,1438716,6026600,782,4890393,682,4353258,229,4472551,135,3606962,1198,0,2447,51030017,51023688,2225176,2224794,1547
1786372246942,1842452,54840,1371420,1442916,6026600,782,4908333,682,4370157,229,4475846,135,3609392,1198,0,2447,51238785,51232520,2236760,2236378,1553
1786372247193,1842452,86668,1379512,1411324,6026600,782,4931720,682,4391126,229,4477333,135,3609903,1198,0,2447,51486657,51480392,2245144,2244762,1561
1786372247443,1842452,62988,1379540,1435128,6026600,782,4947938,682,4404758,229,4504792,135,3629439,1213,0,2447,51638511,51632182,2254744,2254362,1566
1786372247694,1842452,62588,1376480,1440648,6026600,785,4971617,685,4426308,242,4506880,146,3630481,1213,0,2447,51886767,51880502,2267352,2266970,1573
1786372247944,1842452,66484,1379820,1431628,6026600,785,4995227,685,4446102,242,4509370,146,3631094,1213,0,2447,52119535,52113270,2284952,2284570,1580
1786372248194,1842452,66420,1374588,1442984,6026600,785,5013266,685,4462338,242,4515437,146,3635437,1213,0,2447,52323759,52317430,2295448,2295066,1586
1786372248445,1842452,63888,1375524,1438196,6026600,785,5039468,685,4482560,242,4517677,146,3636211,1213,0,2447,52561903,52555574,2304280,2303898,1593
1786372248696,1842452,97684,1386904,1407656,6026600,785,5055155,685,4496587,242,4541230,146,3654026,1228,0,2447,52729994,52723729,2311275,2310893,1598
1786372248946,1842452,63508,1376432,1431692,6026600,785,5078220,685,4517058,242,4543642,146,3654795,1228,0,2447,52974858,52968529,2322283,2321901,1606
1786372249196,1842452,64572,1376480,1430328,6026600,785,5100369,685,4537594,242,4546593,146,3655987,1228,0,2447,53221258,53214993,2334187,2333805,1613
1786372249447,1842452,71888,1381304,1436104,6026600,785,5120401,685,4555469,242,4548984,146,3657391,1228,0,2447,53428490,53422225,2342379,2341997,1619
1786372249698,1842452,116592,1361140,1371176,6026600,788,5143615,688,4573768,252,4572859,156,3671079,1232,0,2447,53634954,53628689,2349163,2348781,1626
1786372249948,1842452,69804,1362696,1411472,6025880,788,5162318,688,4588609,252,4611219,156,3688443,1249,0,2626,53787654,53781139,2359667,2359285,1631
1786372250199,1842452,60528,1352512,1410152,6025880,788,5179322,688,4602661,252,4615653,156,3691649,1249,0,2626,53948294,53941779,2369587,2369205,1636
1786372250450,1842452,80276,1370068,1408392,6025880,788,5198555,688,4619404,252,4641010,156,3709420,1251,0,2626,54152582,54146067,2374835,2374453,1642
1786372250701,1842452,65896,1366340,1427096,6025880,788,5216797,688,4635040,252,4646903,156,3714146,1251,0,2626,54348806,54342291,2383027,2382645,1648
1786372250951,1842452,80512,1366704,1412868,6025880,788,5240033,688,4656452,252,4649571,156,3715425,1251,0,2626,54595526,54588947,2393203,2392821,1656
1786372251202,1842452,53508,1361764,1427296,6025880,788,5263396,688,4677104,252,4668307,156,3726077,1262,0,2626,54817158,54810579,2397427,2397045,1663
1786372251455,1842452,97228,1369820,1399312,6025880,788,5281184,688,4693714,252,4679143,156,3734185,1265,0,2626,55013874,55007359,2406131,2405749,1669
1786372251706,1842452,62228,1363296,1419428,6025880,772,5303875,672,4714342,297,4681459,182,3734804,1265,0,2626,55264306,55257791,2416307,2415925,1677
1786372251956,1842452,97212,1364540,1402240,6025880,772,5323698,672,4732144,297,4685090,182,3737099,1265,0,2626,55467954,55461375,2421811,2421429,1683
1786372252208,1842452,60952,1369116,1426548,6025880,772,5345112,672,4750879,297,4687486,182,3738745,1265,0,2626,55710066,55703551,2428915,2428533,1690
1786372252459,1842452,58212,1370736,1430940,6025880,772,5369708,672,4769791,297,4701339,182,3747909,1270,0,2626,55932786,55926271,2435379,2434997,1698
1786372252710,1842452,74816,1365020,1408904,6025880,772,5388425,672,4787066,297,4707151,182,3751171,1279,0,2626,56124530,56118015,2442719,2442337,1704
1786372252960,1842452,73992,1370468,1414864,6025880,772,5410636,672,4806675,297,4709704,182,3752086,1279,0,2626,56374706,56368191,2449695,2449313,1711
1786372253211,1842452,72004,1377068,1423476,6025880,772,5431259,672,4824076,297,4713443,182,3754217,1279,0,2626,56580658,56574143,2455327,2454945,1717
1786372253461,1842452,81264,1355996,1409304,6025880,772,5454297,672,4845398,297,4716698,182,3756420,1279,0,2626,56839154,56832575,2463967,2463585,1725
1786372253713,1842452,61264,1364700,1421808,6025880,777,5473768,677,4863183,280,4732467,167,3768730,1279,0,2626,57059314,57052799,2469791,2469409,1732
1786372253965,1842452,104652,1374256,1388172,6025880,777,5492360,677,4879627,280,4742571,167,3775360,1293,0,2626,57252062,57245547,2473375,2472993,1738
1786372254215,1842452,56148,1374552,1436880,6025880,777,5512993,677,4898608,280,4744855,167,3775923,1293,0,2626,57489630,57483115,2479583,2479201,1745
1786372254466,1842452,71196,1374880,1422096,6025880,777,5530889,677,4915977,280,4748134,167,3777231,1293,0,2626,57700382,57693867,2484127,2483745,1751
1786372254716,1842452,76648,1354352,1412600,6025880,777,5555951,677,4936638,280,4751294,167,3778771,1293,0,2626,57951198,57944683,2494175,2493793,1758
1786372254967,1842452,85200,1371132,1404188,6025880,777,5580024,677,4956867,280,4765515,167,3789044,1293,0,2626,58174430,58167915,2501407,2501025,1766
1786372255219,1842452,73388,1379268,1424352,6025880,777,5595815,677,4972038,280,4773228,167,3793554,1307,0,2626,58357690,58351175,2508861,2508479,1771
1786372255469,1842452,73820,1374072,1427244,6025880,777,5619094,677,4992931,280,4775424,167,3794060,1307,0,2626,58608634,58602055,2519293,2518911,1779
1786372255719,1842452,60188,1376180,1434436,6025880,781,5638100,681,5009937,265,4778750,155,3796195,1307,0,2626,58811194,58804679,2525117,2524735,1785
1786372255970,1842452,63664,1370656,1442204,6025880,781,5660850,681,5030400,265,4780478,155,3796742,1307,0,2626,59062330,59055751,2533245,2532799,1792
1786372256221,1842452,68616,1371872,1421636,6025880,781,5683537,681,5050222,265,4788261,155,3802440,1307,0,2626,59303226,59296711,2539261,2538879,1800
1786372256471,1842452,75864,1377520,1428180,6025880,781,5697928,681,5063379,265,4808988,155,3818007,1321,0,2626,59482260,59475745,2545623,2545241,1805
1786372256728,1842452,56336,1370444,1432596,6025880,781,5722853,681,5084140,265,4811401,155,3818927,1321,0,2626,59739604,59733025,2554071,2553689,1813
1786372256979,1842452,90924,1368700,1412692,6025880,781,5741710,681,5100746,265,4814979,155,3820366,1321,0,2626,59944852,59938273,2560983,2560601,1819
1786372257229,1842452,62800,1375656,1439536,6025880,781,5765254,681,5120852,265,4818332,155,3822763,1321,0,2626,60196436,60189921,2569111,2568729,1826
1786372257480,1842452,89656,1367540,1404332,6025880,781,5787008,681,5140577,265,4821990,155,3824715,1321,0,2626,60437268,60430753,2575959,2575577,1833
1786372257730,1842452,74492,1368896,1413240,6025880,784,5802955,684,5154913,271,4841362,163,3839455,1335,0,2626,60613588,60607009,2581379,2580997,1839
1786372257981,1842452,69548,1376556,1425412,6025880,784,5826006,684,5174271,271,4844749,163,3840843,1335,0,2626,60851924,60845345,2591427,2591045,1846
1786372258231,1842452,55872,1375772,1438724,6025880,784,5843978,684,5190111,271,4848683,163,3843557,1335,0,2626,61051220,61044705,2596995,2596613,1852
1786372258482,1842452,90140,1386592,1414716,6025880,784,5867667,684,5210416,271,4857204,163,3849884,1335,0,2626,61297684,61291169,2605315,2604933,1859
1786372258734,1842452,68996,1373604,1430872,6025880,784,5889971,684,5230944,271,4860263,163,3850740,1335,0,2626,61539284,61532705,2612995,2612613,1866
1786372258984,1842452,62080,1377636,1442372,6025880,784,5905222,684,5245369,271,4876164,163,3862754,1349,0,2626,61727214,61720699,2617685,2617303,1872
1786372259235,1842452,66876,1369312,1437328,6025880,784,5933044,684,5267792,271,4878579,163,3863457,1349,0,2626,61987438,61980859,2627221,2626839,1880
1786372259485,1842452,63076,1378476,1442088,6025880,784,5952671,684,5285884,271,4882437,163,3866107,1349,0,2626,62194478,62187899,2633429,2633047,1886
1786372259736,1842452,68328,1368432,1435224,6025880,787,5975834,687,5306676,258,4884878,151,3867778,1349,0,2626,62446190,62439611,2642965,2642583,1894
1786372259986,1842452,83232,1379384,1414704,6025880,787,5997710,687,5326799,258,4891213,151,3870029,1349,0,2626,62685038,62678523,2650517,2650135,1901
1786372260237,1842452,88444,1368468,1414904,6025880,787,6016222,687,5343973,258,4908938,151,3885831,1363,0,2626,62851216,62844633,2654963,2654577,1907
1786372260487,1842452,72332,1370928,1416976,6025880,787,6038505,687,5363588,258,4914215,151,3888150,1367,0,2626,63087696,63081177,2663347,2662961,1914
1786372260738,1842452,100796,1359532,1377108,6025880,787,6056837,687,5379018,258,4949254,151,3912058,1367,0,2626,63254160,63247641,2673459,2673073,1920
1786372260988,1842452,63188,1334028,1389368,6025164,787,6073297,687,5393620,258,4963766,151,3922170,1367,0,2803,63421604,63414894,2679583,2679138,1925
1786372261239,1842452,76504,1365448,1407464,6025168,787,6094405,687,5410899,258,4969071,151,3925831,1369,0,2803,63614884,63608110,2688095,2687650,1931
1786372261491,1842452,71908,1376100,1422612,6025168,787,6112510,687,5426877,258,5003530,151,3949625,1383,0,2803,63792054,63785344,2696505,2696060,1936
1786372261741,1842452,78944,1379796,1419368,6025168,771,6129487,671,5443117,302,5006177,196,3951441,1383,0,2803,63992502,63985792,2707577,2707132,1942
1786372261992,1842452,63320,1359888,1415136,6025168,771,6153193,671,5464273,302,5009698,196,3952778,1383,0,2803,64241974,64235264,2716601,2716156,1950
1786372262242,1842452,90156,1369768,1398028,6025168,771,6172414,671,5481557,302,5013518,196,3955502,1383,0,2803,64455350,64448640,2722105,2721660,1956
1786372262493,1842452,78964,1370920,1410388,6025168,771,6196207,671,5502267,302,5015934,196,3956602,1383,0,2803,64695926,64689216,2730297,2729852,1964
1786372262743,1842452,74176,1370120,1422604,6025168,771,6216856,671,5520588,302,5029680,196,3964233,1397,0,2803,64901456,64894746,2737675,2737230,1971
1786372262994,1842452,70656,1362940,1427376,6025168,771,6236916,671,5538692,302,5033103,196,3966986,1397,0,2803,65115792,65109082,2743691,2743246,1977
1786372263244,1842452,63964,1365448,1419848,6025168,771,6261004,671,5558875,302,5035816,196,3967649,1397,0,2803,65368208,65361498,2753675,2753230,1985
1786372263494,1842452,60552,1364576,1422384,6025168,771,6277873,671,5574622,302,5039558,196,3970020,1397,0,2803,65572816,65566106,2760011,2759566,1991
1786372263745,1842452,51156,1361224,1436948,6025168,776,6303036,676,5595999,265,5041924,161,3971178,1397,0,2803,65826064,65819354,2768651,2768078,1999
1786372263996,1842452,60536,1367788,1425964,6025168,776,6324452,676,5613407,265,5062940,161,3983239,1411,0,2803,66017148,66010438,2776843,2776398,2005
1786372264247,1842452,73192,1362280,1423920,6025168,776,6346281,676,5632149,265,5065570,161,3985167,1411,0,2803,66244796,66238022,2782987,2782542,2012
1786372264498,1842452,65832,1374800,1436008,6025168,776,6369974,676,5652964,265,5068236,161,3985790,1411,0,2803,66492860,66486086,2790923,2790478,2020
1786372264748,1842452,73688,1370024,1414756,6025168,776,6385731,676,5668687,265,5071392,161,3987605,1411,0,2803,66701372,66694598,2795531,2795086,2026
1786372264999,1842452,82476,1364080,1408152,6025168,776,6407995,676,5689162,265,5073026,161,3987880,1411,0,2803,66961084,66954374,2803147,2802702,2033
1786372265249,1842452,60444,1379404,1437388,6025168,776,6427467,676,5705300,265,5089644,161,3997844,1425,0,2803,67140200,67133490,2810059,2809614,2039
1786372265501,1842452,72068,1367860,1430460,6025168,776,6452116,676,5727111,265,5092680,161,3999335,1425,0,2803,67381800,67375026,2822539,2822094,2047
1786372265752,1842452,64272,1379668,1434256,6025168,781,6474947,681,5747586,252,5095650,150,4000264,1425,0,2803,67635816,67629106,2830859,2830414,2054
1786372266003,1842452,74876,1382132,1425988,6025168,781,6490714,681,5762812,252,5100647,150,4003868,1425,0,2803,67835112,67828338,2836939,2836494,2060
1786372266257,1842452,95424,1374732,1406196,6025168,781,6513807,681,5783761,252,5104739,150,4005677,1425,0,2803,68100136,68093426,2847691,2847246,2068
1786372266507,1842452,69856,1374688,1423340,6025168,781,6529242,681,5796682,252,5124756,150,4020654,1439,0,2803,68266152,68259442,2852919,2852474,2073
1786372266759,1842452,73672,1379136,1423724,6025168,781,6552016,681,5816449,252,5127907,150,4021877,1439,0,2803,68517352,68510642,2861495,2861050,2080
1786372267011,1842452,64164,1368364,1439196,6025168,781,6576906,681,5837180,252,5130701,150,4023271,1439,0,2803,68768168,68761394,2871159,2870650,2088
1786372267262,1842452,78312,1360264,1408536,6025168,781,6595183,681,5855067,252,5134048,150,4025329,1439,0,2803,68978408,68971698,2878007,2877562,2094
1786372267513,1842452,96532,1371128,1401172,6025168,781,6618058,681,5876012,252,5136802,150,4026201,1439,0,2803,69238248,69231538,2886775,2886330,2102
1786372267763,1842452,90256,1365612,1410156,6025168,766,6632353,684,5889001,262,5160900,159,4044368,1453,0,2803,69404474,69397700,2889489,2889044,2107
1786372268014,1842452,66400,1367664,1435964,6025168,766,6655233,684,5908615,262,5163231,159,4045528,1453,0,2803,69649786,69643012,2900689,2900244,2114
1786372268266,1842452,95600,1367180,1406528,6025168,766,6679033,684,5930096,262,5166379,159,4046841,1453,0,2803,69902458,69895684,2914001,2913556,2122
1786372268518,1842452,61256,1374800,1432020,6025168,766,6697638,684,5946604,262,5170045,159,4049636,1453,0,2803,70106554,70099844,2920529,2920084,2128
1786372268768,1842452,62544,1374912,1430872,6025168,766,6719474,684,5966670,262,5172135,159,4050146,1453,0,2803,70361722,70355012,2929105,2928660,2135
1786372269018,1842452,105764,1383880,1396596,6025168,766,6736160,684,5982326,262,5186483,159,4061435,1467,0,2803,70536422,70529712,2934609,2934164,2141
1786372269269,1842452,70220,1352120,1408516,6025168,766,6758088,684,6002523,262,5188879,159,4062385,1467,0,2803,70786790,70780080,2943441,2942996,2149
1786372269519,1842452,76912,1369176,1410844,6025168,766,6779902,684,6022015,262,5192066,159,4063276,1467,0,2803,71018982,71012272,2953937,2953492,2156
1786372269769,1842452,58688,1371912,1432004,6025168,772,6799634,687,6039329,231,5195496,148,4065867,1467,0,2803,71231910,71225136,2962961,2962516,2162
1786372270020,1842452,72460,1361600,1423812,6025168,772,6824072,687,6060076,231,5198118,148,4066819,1467,0,2803,71486246,71479472,2974673,2974228,2170
1786372270271,1842452,88672,1372508,1402096,6025168,772,6840321,687,6073449,231,5221645,148,4084700,1481,0,2803,71650134,71643424,2982289,2981844,2174
1786372270521,1842452,104436,1384912,1398884,6025168,772,6864786,687,6094242,231,5225869,148,4087674,1481,0,2803,71900758,71894048,2992977,2992532,2182
1786372270772,1842452,108524,1375092,1393232,6025168,772,6885834,687,6113244,231,5230313,148,4090727,1481,0,2803,72128598,72121888,3002897,3002452,2189
1786372271022,1842452,60256,1371976,1430276,6025168,772,6907405,687,6132227,231,5232653,148,4091942,1481,0,2803,72349654,72342880,3011793,3011348,2196
1786372271273,1842452,53252,1367024,1432188,6025168,772,6930615,687,6153690,231,5234619,148,4092752,1481,0,2803,72607062,72600352,3018961,3018516,2204
1786372271524,1842452,97740,1355892,1392952,6025168,772,6949072,687,6169254,231,5265040,148,4112338,1489,0,2803,72780630,72773920,3024273,3023828,2209
1786372271774,1842452,62432,1361608,1425912,6024456,777,6969844,689,6184537,281,5310601,175,4141287,1499,0,2979,72927404,72920414,3034346,3033863,2214
1786372272024,1842452,62092,1330976,1387324,6024460,777,6992795,689,6203311,281,5312655,175,4141468,1501,0,2979,73154605,73147615,3039850,3039367,2221
1786372272275,1842452,63916,1352884,1407264,6024460,777,7006370,689,6214800,281,5328076,175,4152560,1501,0,2979,73289325,73282399,3043434,3042951,2225
1786372272525,1842452,78336,1373764,1413912,6024460,777,7027985,689,6235379,281,5329645,175,4152879,1501,0,2979,73538989,73532063,3050090,3049607,2233
1786372272776,1842452,99688,1373556,1392024,6024460,777,7052151,689,6256254,281,5341330,175,4160290,1501,0,2979,73770349,73763423,3062314,3061831,2240
1786372273027,1842452,71980,1359032,1422568,6024460,777,7066394,689,6269697,281,5359112,175,4176120,1516,0,2979,73939593,73932585,3064298,3063815,2246
1786372273277,1842452,90852,1372856,1400208,6024460,777,7091365,689,6290691,281,5361407,175,4176880,1516,0,2979,74192649,74185705,3075946,3075463,2253
1786372273529,1842452,58204,1376656,1436764,6024460,777,7109872,689,6307177,281,5364476,175,4179159,1516,0,2979,74396425,74389481,3082090,3081607,2259
1786372273779,1842452,61420,1362232,1419008,6024460,781,7133317,691,6329185,284,5366471,180,4180120,1516,0,2979,74656905,74649897,3090282,3089799,2268
1786372274030,1842452,109992,1363960,1380300,6024460,781,7157985,691,6349834,284,5370358,180,4182437,1516,0,2979,74901769,74894825,3102122,3101639,2275
1786372274280,1842452,100004,1372868,1390908,6024460,781,7172085,691,6363137,284,5393866,180,4202083,1530,0,2979,75066339,75059395,3112380,3111897,2280
1786372274531,1842452,68204,1372540,1422536,6024460,781,7195252,691,6384206,284,5396292,180,4203302,1530,0,2979,75310115,75303171,3124028,3123545,2287
1786372274782,1842452,69956,1373780,1422404,6024460,781,7214693,691,6401640,284,5398997,180,4205353,1530,0,2979,75519267,75512323,3130300,3129817,2294
1786372275032,1842452,70224,1359156,1415292,6024460,781,7239662,691,6423280,284,5400794,180,4205940,1530,0,2979,75773411,75766403,3141372,3140889,2302
1786372275283,1842452,56888,1372120,1433444,6024460,781,7259315,691,6441613,284,5404018,180,4207621,1530,0,2979,75995427,75988483,3150268,3149785,2308
1786372275534,1842452,72672,1364144,1409900,6024460,781,7278509,691,6457569,284,5421345,180,4221490,1544,0,2979,76187381,76180437,3157462,3156979,2314
1786372275785,1842452,76172,1368744,1418980,6024460,784,7301372,693,6478245,269,5423770,183,4222080,1544,0,2979,76437045,76430101,3170966,3170483,2322
1786372276035,1842452,63180,1373004,1428196,6024460,784,7320616,693,6495888,269,5427022,183,4224516,1544,0,2979,76638197,76631253,3176086,3175603,2328
1786372276286,1842452,59016,1380000,1439292,6024460,784,7341926,693,6515699,269,5429253,183,4225080,1544,0,2979,76888053,76881045,3187094,3186611,2335
1786372276537,1842452,61548,1371544,1436388,6024460,784,7363087,693,6533634,269,5431913,183,4226124,1544,0,2979,77103989,77097045,3197526,3197043,2342
1786372276787,1842452,77844,1374532,1415092,6024460,784,7381720,693,6550545,269,5448535,183,4238811,1558,0,2979,77316295,77309351,3202864,3202381,2348
1786372277038,1842452,92108,1360928,1403484,6024460,784,7407190,693,6571254,269,5453713,183,4242941,1558,0,2979,77573831,77566887,3217520,3217037,2356
1786372277288,1842452,66068,1365940,1434716,6024460,784,7424344,693,6586482,269,5459081,183,4247024,1558,0,2979,77766855,77759847,3228464,3227981,2362
1786372277539,1842452,62652,1373168,1428828,6024460,784,7448994,693,6608006,269,5462098,183,4248859,1558,0,2979,78019399,78012455,3239984,3239501,2369
1786372277789,1842452,77656,1367532,1408436,6024460,787,7469262,694,6626223,256,5465213,168,4250760,1558,0,2979,78236039,78229031,3246320,3245837,2376
1786372278039,1842452,53432,1374292,1439004,6024460,787,7492022,694,6643567,256,5483556,168,4261966,1572,0,2979,78447009,78440065,3255234,3254751,2382
1786372278290,1842452,60924,1368848,1434304,6024460,787,7515433,694,6664482,256,5486293,168,4263880,1572,0,2979,78705953,78699009,3263106,3262623,2390
1786372278541,1842452,60408,1364832,1422744,6024460,787,7535179,694,6681761,256,5494412,168,4270190,1572,0,2979,78910881,78903937,3270914,3270431,2396
1786372278791,1842452,57864,1376072,1436412,6024460,787,7558251,694,6702213,256,5496880,168,4271470,1572,0,2979,79165473,79158529,3281602,3281119,2404
1786372279042,1842452,86444,1368364,1400228,6024460,787,7576936,694,6719559,256,5501919,168,4275507,1572,0,2979,79374881,79367937,3289922,3289439,2411
1786372279292,1842452,88588,1374192,1403864,6024460,787,7596085,694,6737117,256,5516529,168,4285098,1586,0,2979,79588429,79581485,3301506,3301023,2417
1786372279543,1842452,75952,1374760,1417176,6024460,787,7620079,694,6758069,256,5518595,168,4286226,1586,0,2979,79838221,79831277,3311426,3310943,2424
1786372279795,1842452,57112,1370696,1432072,6024460,789,7637959,695,6775283,246,5521427,156,4288091,1586,0,2979,80034701,80027693,3323138,3322655,2431
1786372280046,1842452,76396,1359368,1417780,6024460,789,7660581,695,6795389,246,5523594,156,4288682,1586,0,2979,80285773,80278765,3335682,3335199,2438
1786372280297,1842452,83528,1374812,1409412,6024460,789,7677139,695,6811425,246,5527147,156,4290636,1586,0,2979,80479821,80472877,3347202,3346719,2444
1786372280548,1842452,59292,1364536,1423480,6024460,789,7696370,695,6828740,246,5547348,156,4300369,1600,0,2979,80693799,80686855,3357528,3357045,2450
1786372280799,1842452,61160,1370136,1427656,6024460,789,7718710,695,6848935,246,5548735,156,4300644,1600,0,2979,80948263,80941319,3366296,3365813,2458
1786372281050,1842452,75228,1376824,1419944,6024460,789,7738952,695,6866662,246,5552564,156,4303633,1600,0,2979,81163175,81156231,3373528,3373045,2464
1786372281301,1842452,102060,1364820,1397392,6024460,789,7763785,695,6887667,246,5553885,156,4304239,1600,0,2979,81416871,81409863,3384856,3384373,2472
1786372281553,1842452,69228,1365076,1422156,6024460,789,7781216,695,6903794,246,5558907,156,4307592,1600,0,2979,81613607,81606663,3393368,3392885,2478
1786372281803,1842452,89632,1372260,1401332,6024460,791,7804744,696,6924287,237,5572985,146,4317048,1614,0,2979,81841409,81834465,3403114,3402631,2485
1786372282053,1842452,68064,1375336,1425476,6024460,791,7823066,696,6942332,237,5575758,146,4319135,1614,0,2979,82069569,82062625,3409386,3408903,2492
1786372282304,1842452,61732,1371316,1436552,6024460,791,7842820,696,6960188,237,5579327,146,4321331,1614,0,2979,82297025,82290017,3421098,3420615,2498
1786372282555,1842452,72608,1356980,1402740,6024460,791,7865145,696,6979286,237,5590979,146,4329085,1618,0,2979,82531841,82524897,3428138,3427655,2505
1786372282806,1842452,70724,1357112,1404784,6023576,791,7876712,696,6989648,237,5631289,146,4357161,1618,0,3198,82654781,82647629,3431786,3431303,2509
1786372283060,1842452,65264,1335544,1388456,6023580,791,7896923,696,7006569,237,5654525,146,4367076,1634,0,3198,82846303,82839151,3439560,3439077,2516
1786372283310,1842452,55180,1346588,1409484,6023580,791,7917599,696,7024118,237,5656276,146,4367981,1634,0,3198,83054431,83047279,3445960,3445477,2522
1786372283561,1842452,60284,1367400,1433776,6023580,791,7933050,696,7037630,237,5674407,146,4381564,1634,0,3198,83220319,83213103,3450824,3450341,2527
1786372283811,1842452,53852,1362644,1427112,6023580,775,7958507,678,7059693,285,5675798,173,4382846,1634,0,3198,83481695,83474543,3455752,3455269,2535
1786372284061,1842452,80820,1375168,1412632,6023580,775,7981249,678,7080421,285,5676928,173,4383401,1634,0,3198,83744799,83737647,3458504,3458021,2543
1786372284312,1842452,90168,1372796,1400836,6023580,775,8000447,678,7096432,285,5702234,173,4401123,1648,0,3198,83926687,83919535,3462920,3462437,2549
1786372284562,1842452,80452,1362588,1400380,6023580,775,8025812,678,7117740,285,5706656,173,4404622,1648,0,3198,84189067,84181915,3467208,3466725,2557
1786372284813,1842452,53012,1371276,1436692,6023580,775,8044218,678,7134894,285,5708903,173,4406013,1648,0,3198,84394891,84387675,3469640,3469157,2563
1786372285063,1842452,78212,1376472,1416240,6023580,775,8069786,678,7157086,285,5709620,173,4406263,1648,0,3198,84675019,84667803,3472648,3472165,2572
1786372285314,1842452,66696,1370860,1422500,6023580,775,8088636,678,7174866,285,5711848,173,4407749,1648,0,3198,84894219,84887067,3477640,3477157,2578
1786372285565,1842452,62732,1366400,1422252,6023580,775,8112260,678,7194489,285,5728007,173,4417517,1658,0,3198,85125451,85118299,3480904,3480421,2586
1786372285815,1842452,56544,1368352,1430136,6023580,797,8139138,682,7217535,269,5731578,160,4418706,1662,0,3198,85379805,85372653,3486370,3485887,2594
1786372286065,1842452,50912,1372764,1440016,6023580,797,8159269,682,7234390,269,5734136,160,4420272,1662,0,3198,85585501,85578349,3490978,3490495,2601
1786372286316,1842452,58128,1363176,1423408,6023580,797,8183219,682,7256815,269,5734862,160,4420493,1662,0,3198,85864669,85857453,3493922,3493439,2609
1786372286567,1842452,64944,1372652,1426016,6023580,797,8203170,682,7274515,269,5737118,160,4421843,1662,0,3198,86077149,86069933,3498978,3498495,2616
1786372286819,1842452,60412,1359696,1417504,6023580,797,8222844,682,7292709,269,5753661,160,4434106,1671,0,3198,86301405,86294253,3501666,3501183,2623
1786372287069,1842452,55792,1371880,1434664,6023580,797,8245615,682,7312610,269,5755948,160,4435354,1676,0,3198,86557047,86549895,3507316,3506833,2630
1786372287321,1842452,60700,1368348,1425988,6023580,797,8264752,682,7329997,269,5759153,160,4437720,1676,0,3198,86771575,86764423,3510708,3510225,2637
1786372287572,1842452,57476,1364444,1425072,6023580,797,8290201,682,7351406,269,5759825,160,4438069,1676,0,3198,87036023,87028871,3515636,3515153,2645
1786372287822,1842452,69076,1374868,1424164,6023580,798,8310186,685,7369090,239,5763646,149,4441219,1676,0,3198,87246199,87239047,3520884,3520401,2651
1786372288074,1842452,63716,1362436,1417036,6023580,798,8333987,685,7389255,239,5779300,149,4449120,1685,0,3198,87479159,87472007,3524916,3524433,2659
1786372288324,1842452,62652,1374472,1430104,6023580,798,8353661,685,7406149,239,5782223,149,4451564,1690,0,3198,87702883,87695731,3528116,3527633,2666
1786372288575,1842452,60948,1370132,1427384,6023580,798,8375158,685,7425842,239,5785477,149,4454394,1690,0,3198,87958115,87950963,3531188,3530705,2673
1786372288825,1842452,53208,1355236,1420384,6023580,798,8397942,685,7446658,239,5790510,149,4458641,1690,0,3198,88222819,88215667,3532916,3532433,2681
1786372289076,1842452,56944,1371564,1433060,6023580,798,8416897,685,7464741,239,5793657,149,4461075,1690,0,3198,88439139,88431987,3534644,3534161,2688
1786372289326,1842452,69188,1373740,1422676,6023580,798,8438026,685,7483712,239,5803902,149,4468421,1690,0,3198,88678243,88671091,3538612,3538129,2695
1786372289577,1842452,51188,1356216,1423424,6023580,798,8457516,685,7501394,239,5810717,149,4472545,1704,0,3198,88876111,88868959,3541300,3540817,2702
1786372289828,1842452,56672,1375148,1436988,6023580,798,8480816,688,7521761,231,5813209,140,4474533,1704,0,3198,89134799,89127647,3546228,3545745,2710
1786372290078,1842452,57060,1360596,1421844,6023580,798,8503702,688,7542819,231,5815730,140,4475325,1704,0,3198,89393679,89386527,3552308,3551761,2718
1786372290329,1842452,64276,1357628,1419968,6023580,798,8524468,688,7559959,231,5818049,140,4476975,1704,0,3198,89614287,89607071,3555636,3555153,2724
1786372290580,1842452,89532,1361724,1398536,6023580,798,8552317,688,7582532,231,5818872,140,4477674,1704,0,3198,89889551,89882399,3558516,3558033,2733
1786372290830,1842452,58128,1369400,1429480,6023580,798,8566640,688,7595878,231,5838999,140,4492796,1718,0,3198,90055163,90048011,3560116,3559633,2738
1786372291082,1842452,53792,1372940,1436944,6023580,798,8590437,688,7616781,231,5840118,140,4493399,1718,0,3198,90328891,90321675,3563316,3562833,2746
1786372291333,1842452,56692,1366284,1427944,6023580,798,8612603,688,7635788,231,5842341,140,4495020,1718,0,3198,90556539,90549387,3565748,3565265,2753
1786372291583,1842452,55088,1365244,1428412,6023580,798,8635060,688,7656060,231,5844298,140,4496519,1718,0,3198,90815995,90808843,3570420,3569937,2760
1786372291834,1842452,56004,1368376,1430704,6023580,798,8657668,690,7677295,208,5845017,133,4496816,1718,0,3198,91075835,91068683,3573940,3573457,2768
1786372292084,1842452,93324,1375796,1400620,6023580,798,8675818,690,7693105,208,5858900,133,4506383,1732,0,3198,91280615,91273463,3576948,3576465,2774
1786372292335,1842452,60928,1371780,1437212,6023580,798,8701026,690,7715176,208,5862864,133,4508584,1732,0,3198,91546599,91539447,3583220,3582737,2782
1786372292585,1842452,59396,1371904,1430940,6023580,798,8719044,690,7731286,208,5866286,133,4511089,1732,0,3198,91755303,91748151,3586740,3586257,2789
1786372292836,1842452,65860,1370720,1423376,6023580,798,8742265,690,7753388,208,5867311,133,4511918,1732,0,3198,92032551,92025399,3590196,3589713,2797
1786372293086,1842452,59492,1363652,1422236,6023580,798,8762561,690,7772227,208,5869934,133,4513762,1732,0,3198,92252519,92245367,3592244,3591761,2804
1786372293336,1842452,75504,1378104,1420724,6023580,798,8780930,690,7788965,208,5894030,133,4534119,1746,0,3198,92471443,92464291,3594932,3594449,2811
1786372293587,1842452,69708,1349196,1397624,6023580,798,8803934,690,7809088,208,5903968,133,4540000,1750,0,3198,92716819,92709667,3596660,3596177,2819
1786372293838,1842452,63004,1346512,1402040,6022660,799,8816239,692,7821199,224,5938330,145,4563627,1750,0,3425,92864915,92857560,3597684,3597201,2823
1786372294090,1842452,95476,1323156,1345844,6022664,799,8839903,692,7841107,224,5941455,145,4565930,1752,0,3425,93111635,93104280,3601204,3600721,2831
1786372294342,1842452,60228,1337684,1395552,6022664,799,8863037,692,7859663,224,5943642,145,4567759,1752,0,3425,93301331,93293976,3605620,3605137,2837
1786372294592,1842452,68516,1363164,1412864,6022664,799,8878515,692,7874023,224,5966374,145,4583659,1766,0,3425,93466367,93459012,3606772,3606289,2843
1786372294844,1842452,74024,1366872,1410972,6022664,799,8903120,692,7895336,224,5968268,145,4584822,1766,0,3425,93733375,93726020,3615156,3614673,2851
1786372295095,1842452,57616,1370512,1431052,6022664,799,8923828,692,7913881,224,5971329,145,4587147,1766,0,3425,93947007,93939652,3618804,3618321,2857
1786372295346,1842452,66316,1356020,1416448,6022664,799,8946589,692,7933923,224,5973594,145,4588698,1766,0,3425,94199999,94192580,3627956,3627473,2865
1786372295597,1842452,58464,1371960,1431912,6022664,799,8971144,692,7955094,224,5975516,145,4589855,1766,0,3425,94462847,94455492,3634484,3634001,2873
1786372295847,1842452,51992,1368532,1434792,6022664,799,8985287,693,7967907,238,5997815,155,4609024,1780,0,3425,94627345,94619990,3638734,3638251,2878
1786372296098,1842452,67548,1371140,1422036,6022664,799,9013576,693,7990917,238,5999144,155,4609969,1780,0,3425,94899217,94891862,3643790,3643307,2886
1786372296349,1842452,54152,1370804,1434944,6022664,799,9034495,693,8007854,238,6002998,155,4612817,1780,0,3425,95102161,95094806,3649358,3648875,2893
1786372296599,1842452,58920,1354952,1414244,6022664,799,9062965,693,8030324,238,6004906,155,4613711,1780,0,3425,95366801,95359446,3656078,3655595,2901
1786372296849,1842452,82276,1367668,1403668,6022664,799,9087976,693,8051192,238,6005952,155,4614165,1780,0,3425,95625169,95617814,3659534,3659051,2909
1786372297100,1842452,67764,1363220,1413680,6022664,799,9106615,693,8066841,238,6026121,155,4629779,1794,0,3425,95806909,95799490,3664206,3663723,2915
1786372297351,1842452,54116,1370456,1434480,6022664,799,9131557,693,8088354,238,6027817,155,4630570,1794,0,3425,96068413,96060994,3670862,3670379,2923
1786372297601,1842452,55272,1360284,1423212,6022664,799,9150593,693,8105238,238,6030863,155,4632984,1794,0,3425,96282173,96274818,3675662,3675179,2929
1786372297851,1842452,83132,1370044,1405228,6022664,817,9176370,694,8127254,213,6032291,145,4633380,1794,0,3425,96552253,96544834,3682510,3682027,2937
1786372298102,1842452,86748,1371952,1403536,6022664,817,9198334,694,8145937,213,6034588,145,4635366,1794,0,3425,96773629,96766274,3685582,3685099,2945
1786372298352,1842452,87080,1368340,1407712,6022664,817,9220150,694,8164831,213,6053348,145,4646158,1808,0,3425,96992041,96984686,3692622,3692139,2952
1786372298603,1842452,68468,1369992,1419676,6022664,817,9246145,694,8186131,213,6056510,145,4648323,1808,0,3425,97255977,97248622,3698382,3697899,2959
1786372298854,1842452,65828,1366096,1418748,6022664,817,9265704,694,8204009,213,6059072,145,4650473,1808,0,3425,97474985,97467630,3701390,3700907,2966
1786372299104,1842452,67144,1377780,1428984,6022664,817,9291442,694,8226157,213,6060161,145,4650941,1808,0,3425,97748329,97740910,3706510,3706027,2974
1786372299355,1842452,66136,1369848,1422140,6022664,817,9310485,694,8243818,213,6062439,145,4652701,1808,0,3425,97966889,97959534,3707726,3707243,2981
1786372299606,1842452,83648,1374964,1409764,6022664,817,9331009,694,8262216,213,6081274,145,4663297,1822,0,3425,98199061,98191706,3712014,3711531,2988
1786372299856,1842452,54532,1364032,1427728,6022664,814,9352845,695,8282129,210,6082584,137,4664432,1822,0,3425,98444949,98437594,3714446,3713963,2996
1786372300107,1842452,66424,1372972,1424716,6022664,814,9374397,695,8302046,210,6085786,137,4666957,1822,0,3425,98686485,98679130,3717838,3717355,3003
1786372300357,1842452,56420,1364060,1425856,6022664,814,9399195,695,8323648,210,6087218,137,4668129,1822,0,3425,98959445,98952090,3723214,3722731,3011
1786372300608,1842452,60076,1359936,1418148,6022664,814,9419296,695,8341443,210,6090463,137,4670956,1822,0,3425,99178709,99171354,3725454,3724971,3018
1786372300858,1842452,61120,1371444,1428740,6022664,814,9439793,695,8360384,210,6109957,137,4683778,1836,0,3425,99397697,99390342,3729934,3729451,3025
1786372301108,1842452,58228,1366896,1427084,6022664,814,9461169,695,8377809,210,6114614,137,4687507,1836,0,3425,99611713,99604358,3736270,3735787,3032
1786372301359,1842452,66292,1362708,1414792,6022664,814,9486366,695,8399708,210,6115871,137,4688227,1836,0,3425,99880001,99872646,3742222,3741739,3040
1786372301610,1842452,66408,1371640,1423500,6022664,814,9508241,695,8420073,210,6117711,137,4689237,1836,0,3425,100138369,100131014,3746254,3745771,3048
1786372301860,1842452,58404,1356716,1416564,6022664,811,9527157,696,8437561,190,6119502,130,4690509,1836,0,3425,100370625,100363270,3749198,3748715,3054
1786372302112,1842452,56796,1359760,1421304,6022664,811,9550667,696,8458073,190,6132631,130,4697634,1850,0,3425,100607361,100600006,3752992,3752509,3062
1786372302362,1842452,66700,1373556,1425020,6022664,811,9569229,696,8475233,190,6137022,130,4701139,1850,0,3425,100817307,100809952,3754784,3754301,3068
1786372302612,1842452,62844,1364656,1419844,6022664,811,9596004,696,8496545,190,6139046,130,4702409,1850,0,3425,101085851,101078496,3758240,3757757,3076
1786372302863,1842452,67744,1369568,1420012,6022664,811,9614897,696,8514550,190,6141297,130,4703780,1850,0,3425,101302043,101294624,3761696,3761213,3083
1786372303114,1842452,64468,1367032,1420848,6022664,811,9639780,696,8535050,190,6143429,130,4705228,1850,0,3425,101563547,101556192,3765856,3765373,3091
1786372303364,1842452,70960,1369412,1416584,6022664,811,9663131,696,8554651,190,6157094,130,4715529,1859,0,3425,101800091,101792736,3769824,3769341,3098
1786372303616,1842452,72420,1362356,1408288,6022664,811,9682091,696,8571805,190,6161429,130,4718610,1864,0,3425,102010101,102002746,3772594,3772111,3105
1786372303867,1842452,86576,1370024,1401536,6022664,809,9705346,697,8593151,192,6162604,124,4719096,1864,0,3425,102278389,102271034,3776882,3776399,3113
1786372304121,1842452,76888,1367824,1417592,6022664,809,9723764,697,8610047,192,6164893,124,4720999,1864,0,3425,102491317,102483898,3780210,3779727,3119
1786372304372,1842452,55524,1377456,1440120,6022664,809,9748199,697,8631511,192,6167824,124,4722744,1864,0,3425,102742389,102734970,3786610,3786127,3127
1786372304623,1842452,81952,1359444,1395696,6022664,809,9773401,697,8651508,192,6189812,124,4734988,1868,0,3425,102953525,102946106,3793266,3792783,3134
1786372304873,1842452,60124,1358220,1416212,6022056,809,9785570,697,8661171,192,6239846,124,4770873,1884,0,3576,103063327,103055822,3799410,3798799,3138
1786372305124,1842452,62736,1354936,1410388,6022056,809,9805881,697,8678369,192,6242300,124,4772694,1884,0,3576,103275935,103268430,3805234,3804623,3144
1786372305374,1842452,66944,1364404,1415688,6022056,809,9824139,697,8694397,192,6262685,124,4786880,1884,0,3576,103467487,103459982,3807922,3807311,3150
1786372305626,1842452,57468,1359668,1420588,6022056,809,9843000,697,8711840,192,6265133,124,4788582,1884,0,3576,103676575,103669070,3811314,3810703,3157
1786372305877,1842452,52080,1372808,1438940,6022056,789,9867029,679,8733551,248,6265876,156,4788904,1884,0,3576,103944287,103936718,3814386,3813775,3165
1786372306127,1842452,70236,1366764,1414960,6022056,789,9884218,679,8748860,248,6289302,156,4809572,1898,0,3576,104121375,104113870,3816242,3815631,3171
1786372306380,1842452,53148,1363496,1428616,6022056,789,9910630,679,8770420,248,6294872,156,4813409,1898,0,3576,104384407,104376838,3820466,3819855,3179
1786372306632,1842452,60488,1369112,1426740,6022056,789,9935768,679,8791948,248,6296541,156,4814668,1898,0,3576,104651607,104644102,3826930,3826319,3187
1786372306882,1842452,46324,1343404,1415492,6022056,789,9955240,679,8808817,248,6298510,156,4816083,1898,0,3576,104869271,104861702,3829618,3828943,3193
1786372307132,1842452,74672,1371132,1414524,6022056,789,9981209,679,8831099,248,6299691,156,4817011,1898,0,3576,105144599,105137030,3833586,3832975,3202
1786372307383,1842452,64384,1360860,1414436,6022056,789,9997742,679,8845767,248,6314885,156,4828732,1912,0,3576,105322519,105315014,3835442,3834831,3207
1786372307633,1842452,52900,1362616,1427952,6022056,789,10020602,679,8866423,248,6315463,156,4828851,1912,0,3576,105589105,105581600,3838404,3837793,3215
1786372307884,1842452,80936,1370596,1408036,6022056,809,10040898,683,8883943,239,6318360,146,4830923,1912,0,3576,105820273,105812768,3840324,3839713,3222
1786372308134,1842452,76596,1364384,1405980,6022056,809,10066678,683,8905875,239,6319696,146,4831469,1912,0,3576,106083505,106076000,3846468,3845857,3230
1786372308385,1842452,67344,1373100,1424008,6022056,809,10091501,683,8927951,239,6320804,146,4832186,1912,0,3576,106346737,106339232,3849796,3849185,3239
1786372308636,1842452,63504,1361136,1424212,6022056,809,10107708,683,8942410,239,6342846,146,4849067,1921,0,3576,106518769,106511264,3852996,3852385,3244
1786372308887,1842452,58984,1374876,1433952,6022056,809,10131215,683,8963727,239,6344669,146,4849494,1926,0,3576,106774275,106766706,3855134,3854523,3252
1786372309137,1842452,81292,1373700,1410916,6022056,809,10149021,683,8978734,239,6358384,146,4858414,1939,0,3576,106961623,106954118,3859486,3858875,3258
1786372309388,1842452,59716,1353468,1411872,6022056,809,10167814,683,8994928,239,6370814,146,4866597,1954,0,3576,107134743,107127238,3864606,3863995,3263
