ts_ms,mem_total_kib,mem_free_kib,mem_available_kib,cached_kib,swap_free_kib,mem_some_avg10,mem_some_total_us,mem_full_avg10,mem_full_total_us,io_some_avg10,io_some_total_us,io_full_avg10,io_full_total_us,pgmajfault,pswpin,pswpout,pgscan_kswapd,pgsteal_kswapd,pgscan_direct,pgsteal_direct,kswapd_cpu_ticks
1786373187884,3982624,3348072,3542944,320444,3982332,0,22,0,4,199,512809,159,420586,277,0,0,0,0,0,0,0
1786373188135,3982624,3344556,3539692,320684,3982332,0,22,0,4,199,528246,159,435147,277,0,0,0,0,0,0,0
1786373188389,3982624,3343884,3539476,321080,3982332,0,22,0,4,199,546991,159,453836,277,0,0,0,0,0,0,0
1786373188640,3982624,3340104,3536152,321552,3982332,0,22,0,4,199,565066,159,471591,278,0,0,0,0,0,0,0
1786373188896,3982624,2963400,3526408,688044,3982332,0,22,0,4,199,591625,159,484522,278,0,0,0,0,0,0,0
1786373189146,3982624,2304576,3529228,1349012,3982332,0,22,0,4,199,628152,159,516644,278,0,0,0,0,0,0,0
1786373189397,3982624,1728364,3527976,1923324,3982332,0,22,0,4,326,640069,275,521176,278,0,0,0,0,0,0,0
1786373189647,3982624,1080492,3525700,2568232,3982332,0,22,0,4,326,645747,275,522481,278,0,0,0,0,0,0,0
1786373189898,3982624,408096,3521428,3235540,3982332,0,22,0,4,326,653779,275,524764,278,0,0,0,0,0,0,0
1786373190151,3982624,166840,3518416,3473612,3982332,0,22,0,4,326,704315,275,567045,278,0,0,0,0,0,0,0
1786373190402,3982624,168836,3520488,3473604,3982332,0,22,0,4,326,709144,275,571853,278,0,0,0,0,0,0,0
1786373190653,3982624,168900,3520636,3473608,3982332,0,22,0,4,326,709144,275,571853,278,0,0,0,0,0,0,0
1786373190913,3982624,168900,3520636,3473612,3982332,0,22,0,4,326,709144,275,571853,278,0,0,0,0,0,0,0
1786373191165,3982624,168900,3520636,3473612,3982332,0,22,0,4,321,709144,261,571853,278,0,0,0,0,0,0,0
1786373191425,3982624,168900,3520636,3473612,3982332,0,22,0,4,321,709144,261,571853,278,0,0,0,0,0,0,0
1786373191680,3982624,168900,3520636,3473612,3982332,0,22,0,4,321,709144,261,571853,278,0,0,0,0,0,0,0
1786373191933,3982624,168900,3520636,3473612,3982332,0,22,0,4,321,709144,261,571853,278,0,0,0,0,0,0,0
1786373192193,3982624,168900,3520636,3473612,3982332,0,22,0,4,321,709144,261,571853,278,0,0,0,0,0,0,0
1786373192445,3982624,168900,3520636,3473612,3982332,0,22,0,4,321,709144,261,571853,278,0,0,0,0,0,0,0
1786373192696,3982624,181068,3517292,3457912,3982332,0,251,0,233,321,745127,261,607592,283,0,0,15580,15359,0,0,0
1786373192947,3982624,186744,3497132,3432020,3982332,0,251,0,233,321,782479,261,643553,287,0,0,15580,15359,0,0,0
1786373193198,3982624,159036,3464400,3421392,3982332,0,676,0,657,335,801081,286,660402,304,0,0,32599,32307,0,0,0
1786373193448,3982624,213896,3477700,3379732,3982332,0,676,0,657,335,816486,286,675501,311,0,0,32599,32307,0,0,0
1786373193699,3982624,211188,3475012,3379740,3982332,0,676,0,657,335,832854,286,691612,311,0,0,32599,32307,0,0,0
1786373193949,3982624,223232,3487112,3379780,3982332,0,676,0,657,335,851607,286,710064,311,0,0,32599,32307,0,0,0
1786373194200,3982624,223008,3486980,3379868,3982332,0,676,0,657,335,868534,286,726777,311,0,0,32599,32307,0,0,0
1786373194450,3774752,81700,3278460,3312380,3982332,0,3799,0,3546,335,886464,286,744675,312,0,0,49570,49249,0,0,1
1786373194703,3173664,62448,2691016,2744460,3981660,0,61572,0,52706,335,886467,286,744678,313,0,166,193409,191641,0,0,6
1786373194954,2581900,123508,2128780,2138948,3981652,0,118306,0,101884,335,886467,286,744678,313,0,168,346139,343387,0,0,11
1786373195205,2052384,95436,1610792,1632448,3981652,108,136713,90,120290,347,886529,307,744700,314,0,168,473099,469995,0,0,14
1786373195456,1885472,132964,1437000,1421128,3981652,108,145964,90,129540,347,886529,307,744700,314,0,168,526023,522829,0,0,16
1786373195708,1885472,132964,1437000,1421128,3981652,108,145968,90,129544,347,886529,307,744700,314,0,168,526023,522829,0,0,16
1786373195960,1885472,132964,1437000,1421144,3981652,108,145968,90,129544,347,888094,307,746234,315,0,168,526023,522829,0,0,16
1786373196217,1885472,132964,1437000,1421144,3981652,108,145968,90,129544,347,888094,307,746234,315,0,168,526023,522829,0,0,16
1786373196469,1885472,132964,1437000,1421256,3981652,108,145968,90,129544,347,889282,307,747307,317,0,168,526023,522829,0,0,16
1786373196730,1885472,132964,1437000,1421256,3981652,108,145968,90,129544,347,889282,307,747307,317,0,168,526023,522829,0,0,16
1786373196989,1885472,132964,1437000,1421256,3981652,108,145968,90,129544,347,889282,307,747307,317,0,168,526023,522829,0,0,16
1786373197250,1885472,132964,1437000,1421256,3981652,88,145968,74,129544,284,889282,250,747307,317,0,168,526023,522829,0,0,16
1786373197507,1885472,132964,1437000,1421260,3981652,88,145968,74,129544,284,889282,250,747307,317,0,168,526023,522829,0,0,16
1786373197759,1885472,132964,1437000,1421260,3981652,88,145968,74,129544,284,889282,250,747307,317,0,168,526023,522829,0,0,16
1786373198012,1885472,132964,1437000,1421260,3981652,88,145968,74,129544,284,889282,250,747307,317,0,168,526023,522829,0,0,16
1786373198271,1885472,132964,1437000,1421260,3981652,88,145968,74,129544,284,889282,250,747307,317,0,168,526023,522829,0,0,16
1786373198529,1885472,132964,1437000,1421260,3981652,88,145968,74,129544,284,889282,250,747307,317,0,168,526023,522829,0,0,16
1786373198787,1885472,132964,1437000,1421260,3981652,88,145968,74,129544,284,889282,250,747307,317,0,168,526023,522829,0,0,16
1786373199040,1885472,132964,1437000,1421260,3981652,88,145968,74,129544,284,889282,250,747307,317,0,168,526023,522829,0,0,16
1786373199299,1885472,132964,1437000,1421260,3981652,72,145968,60,129544,231,889282,206,747307,317,0,168,526023,522829,0,0,16
1786373199553,1885472,132964,1437000,1421260,3981652,72,145968,60,129544,231,889282,206,747307,317,0,168,526023,522829,0,0,16
1786373199812,1885472,132964,1437000,1421260,3981652,72,145968,60,129544,231,889282,206,747307,317,0,168,526023,522829,0,0,16
1786373200064,1885472,132964,1437000,1421260,3981652,72,145968,60,129544,231,889282,206,747307,317,0,168,526023,522829,0,0,16
1786373200326,1885472,132964,1437000,1421260,3981652,72,145968,60,129544,231,889282,206,747307,317,0,168,526023,522829,0,0,16
1786373200587,1885472,132964,1437000,1421260,3981652,72,145968,60,129544,231,889282,206,747307,317,0,168,526023,522829,0,0,16
1786373200843,1885472,132964,1437000,1421260,3981652,72,145968,60,129544,231,889282,206,747307,317,0,168,526023,522829,0,0,16
1786373201103,1885472,132964,1437000,1421260,3981652,72,145968,60,129544,231,889282,206,747307,317,0,168,526023,522829,0,0,16
1786373201354,1885472,132964,1437000,1421260,3981652,59,145968,49,129544,190,889282,168,747307,317,0,168,526023,522829,0,0,16
1786373201608,1885472,132964,1437000,1421260,3981652,59,145968,49,129544,190,889994,168,747807,318,0,168,526023,522829,0,0,16
1786373201866,1885472,132964,1437000,1421260,3981652,59,145968,49,129544,190,889994,168,747807,318,0,168,526023,522829,0,0,16
1786373202125,1885472,132964,1437000,1421260,3981652,59,145968,49,129544,190,889994,168,747807,318,0,168,526023,522829,0,0,16
1786373202380,1885472,132964,1437108,1421336,3981652,59,145968,49,129544,190,891051,168,748825,319,0,168,526023,522829,0,0,16
1786373202634,1885472,132964,1437108,1421336,3981652,59,145968,49,129544,190,891051,168,748825,319,0,168,526023,522829,0,0,16
1786373202886,1885472,132964,1437108,1421336,3981652,59,145968,49,129544,190,891051,168,748825,319,0,168,526023,522829,0,0,16
1786373203143,1885472,132964,1437108,1421336,3981652,48,145968,40,129544,156,891051,138,748825,319,0,168,526023,522829,0,0,16
1786373203399,1885472,132964,1437108,1421336,3981652,48,145968,40,129544,156,891051,138,748825,319,0,168,526023,522829,0,0,16
1786373203651,1885472,72712,1422028,1466428,3981652,48,145968,40,129544,156,906864,138,764152,348,0,168,526023,522829,0,0,16
1786373203906,1885472,108680,1415876,1424332,3981784,48,145968,40,129544,156,941182,138,796843,391,33,168,526023,522829,0,0,16
1786373204157,1885472,122540,1413296,1407912,3981784,48,146914,40,130490,156,944114,138,799409,406,33,168,542923,539727,0,0,16
1786373204408,1885472,158196,1416620,1375484,3981784,48,146914,40,130490,156,947737,138,802939,424,33,168,542923,539727,0,0,16
1786373204668,1885472,145996,1404596,1375696,3981784,48,146914,40,130490,156,959278,138,814256,427,33,168,542923,539727,0,0,16
1786373204921,1885472,145996,1404596,1375700,3981784,48,146914,40,130490,156,959278,138,814256,427,33,168,542923,539727,0,0,16
1786373205180,1885472,145996,1404596,1375700,3981784,39,146914,33,130490,182,959278,167,814256,427,33,168,542923,539727,0,0,16
1786373205436,1885472,146260,1404860,1375700,3981784,39,146914,33,130490,182,959278,167,814256,427,33,168,542923,539727,0,0,16
1786373205696,1885472,146260,1404860,1375700,3981784,39,146914,33,130490,182,959278,167,814256,427,33,168,542923,539727,0,0,16
1786373205958,1885472,146260,1404860,1375700,3981784,39,146914,33,130490,182,959278,167,814256,427,33,168,542923,539727,0,0,16
1786373206210,1885472,147880,1406480,1375700,3981784,39,146914,33,130490,182,959278,167,814256,427,33,168,542923,539727,0,0,16
1786373206464,1885472,147880,1406480,1375700,3981784,39,146914,33,130490,182,959278,167,814256,427,33,168,542923,539727,0,0,16
1786373206716,1885472,147880,1406480,1375700,3981784,39,146914,33,130490,182,959278,167,814256,427,33,168,542923,539727,0,0,16
1786373206976,1885472,147880,1406480,1375700,3981784,39,146914,33,130490,182,959278,167,814256,427,33,168,542923,539727,0,0,16
1786373207233,1885472,148568,1407168,1375700,3981784,32,146914,27,130490,149,959278,137,814256,427,33,168,542923,539727,0,0,16
1786373207491,1885472,148568,1407168,1375700,3981784,32,146914,27,130490,149,959278,137,814256,427,33,168,542923,539727,0,0,16
1786373207747,1885472,148568,1407168,1375700,3981784,32,146914,27,130490,149,959278,137,814256,427,33,168,542923,539727,0,0,16
1786373208000,1885472,148568,1407168,1375700,3981784,32,146914,27,130490,149,959278,137,814256,427,33,168,542923,539727,0,0,16
1786373208256,1885472,150580,1409180,1375700,3981784,32,146914,27,130490,149,959278,137,814256,427,33,168,542923,539727,0,0,16
1786373208509,1885472,150580,1409180,1375700,3981784,32,146914,27,130490,149,959278,137,814256,427,33,168,542923,539727,0,0,16
1786373208769,1885472,150580,1409180,1375700,3981784,32,146914,27,130490,149,959278,137,814256,427,33,168,542923,539727,0,0,16
1786373209026,1885472,150580,1409180,1375700,3981784,32,146914,27,130490,149,959278,137,814256,427,33,168,542923,539727,0,0,16
1786373209286,1885472,152340,1410940,1375700,3981784,26,146914,22,130490,122,959278,112,814256,427,33,168,542923,539727,0,0,16
1786373209546,1885472,152340,1410940,1375700,3981784,26,146914,22,130490,122,959278,112,814256,427,33,168,542923,539727,0,0,16
1786373209812,1885472,152340,1410940,1375700,3981784,26,146914,22,130490,122,959278,112,814256,427,33,168,542923,539727,0,0,16
1786373210066,1885472,152340,1410940,1375700,3981784,26,146914,22,130490,122,959278,112,814256,427,33,168,542923,539727,0,0,16
1786373210318,1885472,153372,1411972,1375700,3981784,26,146914,22,130490,122,959278,112,814256,427,33,168,542923,539727,0,0,16
1786373210577,1885472,153372,1411972,1375700,3981784,26,146914,22,130490,122,959278,112,814256,427,33,168,542923,539727,0,0,16
1786373210836,1885472,155700,1414300,1375724,3981784,26,146914,22,130490,122,960231,112,815209,428,33,168,542923,539727,0,0,16
1786373211089,1885472,155700,1414300,1375724,3981784,26,146914,22,130490,122,960231,112,815209,428,33,168,542923,539727,0,0,16
1786373211341,1885472,155700,1414300,1375724,3981784,21,146914,18,130490,99,960231,91,815209,428,33,168,542923,539727,0,0,16
1786373211592,1885472,155700,1414300,1375724,3981784,21,146914,18,130490,99,960231,91,815209,428,33,168,542923,539727,0,0,16
1786373211848,1885472,155700,1414300,1375724,3981784,21,146914,18,130490,99,960231,91,815209,428,33,168,542923,539727,0,0,16
1786373212102,1885472,155700,1414300,1375724,3981784,21,146914,18,130490,99,960231,91,815209,428,33,168,542923,539727,0,0,16
1786373212354,1885472,160504,1419116,1375772,3981784,21,146914,18,130490,99,967360,91,821527,429,33,168,542923,539727,0,0,16
1786373212617,1885472,160504,1419236,1375840,3981784,21,146914,18,130490,99,967819,91,821986,429,33,168,542923,539727,0,0,16
1786373212872,1885472,160504,1419236,1375840,3981784,21,146914,18,130490,99,967819,91,821986,429,33,168,542923,539727,0,0,16
1786373213133,1885472,160504,1419236,1375840,3981784,21,146914,18,130490,99,967819,91,821986,429,33,168,542923,539727,0,0,16
1786373213391,1885472,160504,1419236,1375844,3981784,17,146914,14,130490,81,967819,75,821986,429,33,168,542923,539727,0,0,16
1786373213648,1885472,160504,1419236,1375844,3981784,17,146914,14,130490,81,967819,75,821986,429,33,168,542923,539727,0,0,16
1786373213904,1885472,160504,1419236,1375844,3981784,17,146914,14,130490,81,967819,75,821986,429,33,168,542923,539727,0,0,16
1786373214165,1885472,160504,1419236,1375844,3981784,17,146914,14,130490,81,967819,75,821986,429,33,168,542923,539727,0,0,16
1786373214420,1885472,160504,1419320,1375944,3981784,17,146914,14,130490,81,983960,75,838070,431,33,168,542923,539727,0,0,16
1786373214672,1885472,88860,1391048,1419292,3981784,17,146914,14,130490,81,1001993,75,855889,431,33,168,542923,539727,0,0,16
1786373214923,1885472,131476,1366744,1352368,3981784,17,147662,14,131238,81,1020767,75,874245,431,33,168,559834,556638,0,0,17
1786373215174,1885472,144832,1336612,1308896,3981784,14,147662,12,131238,121,1028672,97,882099,431,33,168,559834,556638,0,0,17
1786373215425,1885472,144848,1336628,1308896,3981784,14,147662,12,131238,121,1028672,97,882099,431,33,168,559834,556638,0,0,17
1786373215676,1885472,144848,1336628,1308896,3981784,14,147662,12,131238,121,1028672,97,882099,431,33,168,559834,556638,0,0,17
1786373215930,1885472,144848,1336628,1308896,3981784,14,147662,12,131238,121,1028672,97,882099,431,33,168,559834,556638,0,0,17
1786373216183,1885472,144848,1336628,1308896,3981784,14,147662,12,131238,121,1028672,97,882099,431,33,168,559834,556638,0,0,17
1786373216437,1885472,149420,1341200,1308896,3981784,14,147662,12,131238,121,1028672,97,882099,431,33,168,559834,556638,0,0,17
1786373216696,1885472,149420,1341200,1308896,3981784,14,147662,12,131238,121,1028672,97,882099,431,33,168,559834,556638,0,0,17
1786373216959,1885472,149420,1341200,1308896,3981784,14,147662,12,131238,121,1028672,97,882099,431,33,168,559834,556638,0,0,17
1786373217220,1885472,149420,1341200,1308896,3981784,11,147662,9,131238,99,1028672,80,882099,431,33,168,559834,556638,0,0,17
1786373217476,1885472,158472,1350252,1308896,3981784,11,147662,9,131238,99,1028672,80,882099,431,33,168,559834,556638,0,0,17
1786373217728,1885472,158472,1350252,1308896,3981784,11,147662,9,131238,99,1028672,80,882099,431,33,168,559834,556638,0,0,17
1786373217985,1885472,158472,1350252,1308896,3981784,11,147662,9,131238,99,1028672,80,882099,431,33,168,559834,556638,0,0,17
1786373218241,1885472,163796,1355576,1308896,3981784,11,147662,9,131238,99,1028672,80,882099,431,33,168,559834,556638,0,0,17
1786373218500,1885472,163796,1355576,1308896,3981784,11,147662,9,131238,99,1028672,80,882099,431,33,168,559834,556638,0,0,17
1786373218755,1885472,163796,1355576,1308896,3981784,11,147662,9,131238,99,1028672,80,882099,431,33,168,559834,556638,0,0,17
1786373219008,1885472,163796,1355576,1308896,3981784,11,147662,9,131238,99,1028672,80,882099,431,33,168,559834,556638,0,0,17
1786373219275,1885472,175204,1366984,1308896,3981784,9,147662,8,131238,81,1028672,65,882099,431,33,168,559834,556638,0,0,17
1786373219529,1885472,175204,1366984,1308896,3981784,9,147662,8,131238,81,1028672,65,882099,431,33,168,559834,556638,0,0,17
1786373219781,1885472,175204,1366984,1308896,3981784,9,147662,8,131238,81,1028672,65,882099,431,33,168,559834,556638,0,0,17
1786373220050,1885472,175204,1366984,1308896,3981784,9,147662,8,131238,81,1028672,65,882099,431,33,168,559834,556638,0,0,17
1786373220303,1885472,181108,1372888,1308896,3981784,9,147662,8,131238,81,1028672,65,882099,431,33,168,559834,556638,0,0,17
1786373220565,1885472,185184,1376964,1308896,3981784,9,147662,8,131238,81,1028672,65,882099,431,33,168,559834,556638,0,0,17
1786373220824,1885472,185184,1376964,1308896,3981784,9,147662,8,131238,81,1028672,65,882099,431,33,168,559834,556638,0,0,17
1786373221084,1885472,187572,1379352,1308896,3981784,9,147662,8,131238,81,1029087,65,882514,431,33,168,559834,556638,0,0,17
1786373221336,1885472,188792,1380572,1308896,3981784,7,147662,6,131238,66,1029087,53,882514,431,33,168,559834,556638,0,0,17
1786373221590,1885472,196364,1388144,1309044,3981784,7,147662,6,131238,66,1071558,53,924608,431,33,168,559834,556638,0,0,17
1786373221843,1885472,196364,1388144,1309048,3981784,7,147662,6,131238,66,1071558,53,924608,431,33,168,559834,556638,0,0,17
1786373222101,1885472,196364,1388144,1309048,3981784,7,147662,6,131238,66,1071558,53,924608,431,33,168,559834,556638,0,0,17
1786373222361,1885472,196364,1388144,1309048,3981784,7,147662,6,131238,66,1071558,53,924608,431,33,168,559834,556638,0,0,17
1786373222613,1885472,199480,1391260,1309048,3981784,7,147662,6,131238,66,1071558,53,924608,431,33,168,559834,556638,0,0,17
1786373222873,1885472,199480,1391260,1309048,3981784,7,147662,6,131238,66,1071558,53,924608,431,33,168,559834,556638,0,0,17
1786373223128,1885472,199480,1391260,1309048,3981784,7,147662,6,131238,66,1071558,53,924608,431,33,168,559834,556638,0,0,17
1786373223384,1885472,206724,1398628,1309092,3981784,6,147662,5,131238,90,1071558,80,924608,431,33,168,559834,556638,0,0,17
1786373223637,1885472,206724,1398628,1309092,3981784,6,147662,5,131238,90,1071558,80,924608,431,33,168,559834,556638,0,0,17
1786373223895,1885472,206724,1398628,1309092,3981784,6,147662,5,131238,90,1071558,80,924608,431,33,168,559834,556638,0,0,17
1786373224147,1885472,206724,1398628,1309092,3981784,6,147662,5,131238,90,1071558,80,924608,431,33,168,559834,556638,0,0,17
1786373224401,1885472,208816,1400720,1309092,3981784,6,147662,5,131238,90,1071558,80,924608,431,33,168,559834,556638,0,0,17
1786373224654,1885472,212772,1404676,1309092,3981784,6,147662,5,131238,90,1071558,80,924608,431,33,168,559834,556638,0,0,17
1786373224911,1885472,212772,1404676,1309092,3981784,6,147662,5,131238,90,1071558,80,924608,431,33,168,559834,556638,0,0,17
1786373225163,1885472,212772,1404676,1309092,3981784,5,147662,4,131238,74,1071558,65,924608,431,33,168,559834,556638,0,0,17
1786373225421,1885472,214600,1406504,1309092,3981784,5,147662,4,131238,74,1071558,65,924608,431,33,168,559834,556638,0,0,17
1786373225672,1885472,150716,1386268,1352580,3981784,5,147662,4,131238,74,1096564,65,948846,431,33,168,559834,556638,0,0,17
1786373225923,1885472,130548,1366620,1353236,3981784,5,147662,4,131238,74,1110038,65,961643,431,33,168,559834,556638,0,0,17
1786373226173,1885472,182664,1375224,1309716,3981784,5,147662,4,131238,74,1110038,65,961643,431,33,168,559834,556638,0,0,17
1786373226425,1885472,183048,1375656,1309732,3981784,5,147662,4,131238,74,1125402,65,976922,431,33,168,559834,556638,0,0,17
1786373226677,1885472,183048,1375656,1309732,3981784,5,147662,4,131238,74,1125402,65,976922,431,33,168,559834,556638,0,0,17
1786373226930,1885472,183048,1375656,1309732,3981784,5,147662,4,131238,74,1125402,65,976922,431,33,168,559834,556638,0,0,17
1786373227181,1885472,183048,1375656,1309732,3981784,4,147662,3,131238,97,1125402,89,976922,431,33,168,559834,556638,0,0,17
1786373227434,1885472,188708,1381316,1309732,3981784,4,147662,3,131238,97,1125402,89,976922,431,33,168,559834,556638,0,0,17
1786373227694,1885472,188708,1381316,1309732,3981784,4,147662,3,131238,97,1125402,89,976922,431,33,168,559834,556638,0,0,17
1786373227952,1885472,188708,1381316,1309732,3981784,4,147662,3,131238,97,1125402,89,976922,431,33,168,559834,556638,0,0,17
1786373228210,1885472,192112,1384868,1309732,3981784,4,147662,3,131238,97,1125402,89,976922,431,33,168,559834,556638,0,0,17
1786373228462,1885472,193820,1386428,1309732,3981784,4,147662,3,131238,97,1125402,89,976922,431,33,168,559834,556638,0,0,17
1786373228719,1885472,193820,1386428,1309732,3981784,4,147662,3,131238,97,1125402,89,976922,431,33,168,559834,556638,0,0,17
1786373228972,1885472,193820,1386428,1309732,3981784,4,147662,3,131238,97,1125402,89,976922,431,33,168,559834,556638,0,0,17
1786373229232,1885472,198292,1390900,1309732,3981784,3,147662,2,131238,79,1125402,73,976922,431,33,168,559834,556638,0,0,17
1786373229490,1885472,198292,1390900,1309732,3981784,3,147662,2,131238,79,1125402,73,976922,431,33,168,559834,556638,0,0,17
1786373229743,1885472,198292,1390900,1309732,3981784,3,147662,2,131238,79,1125402,73,976922,431,33,168,559834,556638,0,0,17
1786373230000,1885472,198292,1390900,1309732,3981784,3,147662,2,131238,79,1125402,73,976922,431,33,168,559834,556638,0,0,17
1786373230252,1885472,202204,1394812,1309736,3981784,3,147662,2,131238,79,1125402,73,976922,431,33,168,559834,556638,0,0,17
1786373230507,1885472,202204,1394812,1309736,3981784,3,147662,2,131238,79,1125402,73,976922,431,33,168,559834,556638,0,0,17
1786373230762,1885472,202204,1394812,1309736,3981784,3,147662,2,131238,79,1125402,73,976922,431,33,168,559834,556638,0,0,17
1786373231022,1885472,202204,1394812,1309736,3981784,3,147662,2,131238,79,1125402,73,976922,431,33,168,559834,556638,0,0,17
1786373231279,1885472,205628,1398236,1309736,3981784,2,147662,2,131238,65,1125402,60,976922,431,33,168,559834,556638,0,0,17
1786373231541,1885472,205628,1398236,1309736,3981784,2,147662,2,131238,65,1125402,60,976922,431,33,168,559834,556638,0,0,17
1786373231793,1885472,205628,1398236,1309736,3981784,2,147662,2,131238,65,1125402,60,976922,431,33,168,559834,556638,0,0,17
1786373232046,1885472,205628,1398236,1309736,3981784,2,147662,2,131238,65,1125402,60,976922,431,33,168,559834,556638,0,0,17
1786373232300,1885472,208624,1401232,1309736,3981784,2,147662,2,131238,65,1125402,60,976922,431,33,168,559834,556638,0,0,17
1786373232559,1885472,208624,1401232,1309736,3981784,2,147662,2,131238,65,1125402,60,976922,431,33,168,559834,556638,0,0,17
1786373232817,1885472,208624,1401232,1309736,3981784,2,147662,2,131238,65,1125402,60,976922,431,33,168,559834,556638,0,0,17
1786373233079,1885472,208624,1401232,1309736,3981784,2,147662,2,131238,65,1125402,60,976922,431,33,168,559834,556638,0,0,17
1786373233332,1885472,211244,1403852,1309736,3981784,2,147662,1,131238,53,1125402,49,976922,431,33,168,559834,556638,0,0,17
1786373233592,1885472,211244,1403852,1309736,3981784,2,147662,1,131238,53,1125402,49,976922,431,33,168,559834,556638,0,0,17
1786373233844,1885472,211244,1403852,1309736,3981784,2,147662,1,131238,53,1125402,49,976922,431,33,168,559834,556638,0,0,17
1786373234102,1885472,211244,1403852,1309736,3981784,2,147662,1,131238,53,1125402,49,976922,431,33,168,559834,556638,0,0,17
1786373234365,1885472,211244,1403852,1309736,3981784,2,147662,1,131238,53,1125402,49,976922,431,33,168,559834,556638,0,0,17
1786373234623,1885472,211244,1403852,1309736,3981784,2,147662,1,131238,53,1125402,49,976922,431,33,168,559834,556638,0,0,17
1786373234875,1885472,213536,1406144,1309736,3981784,2,147662,1,131238,53,1125402,49,976922,431,33,168,559834,556638,0,0,17
1786373235127,1885472,213536,1406144,1309736,3981784,2,147662,1,131238,53,1125402,49,976922,431,33,168,559834,556638,0,0,17
1786373235380,1885472,213536,1406144,1309736,3981784,1,147662,1,131238,43,1125402,40,976922,431,33,168,559834,556638,0,0,17
1786373235637,1885472,213536,1406144,1309736,3981784,1,147662,1,131238,43,1125402,40,976922,431,33,168,559834,556638,0,0,17
1786373235889,1885472,213536,1406144,1309736,3981784,1,147662,1,131238,43,1125402,40,976922,431,33,168,559834,556638,0,0,17
1786373236149,1885472,213536,1406144,1309736,3981784,1,147662,1,131238,43,1125402,40,976922,431,33,168,559834,556638,0,0,17
1786373236404,1885472,213536,1406144,1309736,3981784,1,147662,1,131238,43,1125402,40,976922,431,33,168,559834,556638,0,0,17
1786373236655,1885472,138916,1373980,1352152,3981784,1,147662,1,131238,43,1147700,40,996356,434,33,168,559834,556638,0,0,17
1786373236907,1885472,117068,1355652,1355824,3981784,1,147662,1,131238,43,1174650,40,1022214,434,33,168,559834,556638,0,0,17
1786373237158,1885472,171852,1366912,1312304,3981784,1,147662,1,131238,43,1177765,40,1025214,434,33,168,559834,556638,0,0,17
1786373237415,1885472,171852,1366912,1312308,3981784,1,147662,1,131238,71,1188018,69,1035346,434,33,168,559834,556638,0,0,17
1786373237669,1885472,171852,1366912,1312308,3981784,1,147662,1,131238,71,1188018,69,1035346,434,33,168,559834,556638,0,0,17
1786373237923,1885472,171852,1366912,1312308,3981784,1,147662,1,131238,71,1188018,69,1035346,434,33,168,559834,556638,0,0,17
1786373238178,1885472,171852,1366912,1312308,3981784,1,147662,1,131238,71,1188018,69,1035346,434,33,168,559834,556638,0,0,17
1786373238433,1885472,171852,1366912,1312308,3981784,1,147662,1,131238,71,1188018,69,1035346,434,33,168,559834,556638,0,0,17
1786373238691,1885472,175148,1370368,1312296,3981784,1,147662,1,131238,71,1188018,69,1035346,434,33,168,559834,556638,0,0,17
1786373238951,1885472,175148,1370368,1312296,3981784,1,147662,1,131238,71,1188018,69,1035346,434,33,168,559834,556638,0,0,17
1786373239206,1885472,175148,1370368,1312296,3981784,1,147662,0,131238,57,1188018,56,1035346,434,33,168,559834,556638,0,0,17
1786373239461,1885472,175148,1370368,1312296,3981784,1,147662,0,131238,57,1188018,56,1035346,434,33,168,559834,556638,0,0,17
1786373239716,1885472,176752,1371960,1312296,3981784,1,147662,0,131238,57,1188018,56,1035346,434,33,168,559834,556638,0,0,17
1786373239976,1885472,176752,1371960,1312296,3981784,1,147662,0,131238,57,1188018,56,1035346,434,33,168,559834,556638,0,0,17
1786373240237,1885472,182572,1377780,1312296,3981784,1,147662,0,131238,57,1188018,56,1035346,434,33,168,559834,556638,0,0,17
1786373240490,1885472,182572,1377780,1312296,3981784,1,147662,0,131238,57,1188018,56,1035346,434,33,168,559834,556638,0,0,17
1786373240750,1885472,184200,1379408,1312296,3981784,1,147662,0,131238,57,1188018,56,1035346,434,33,168,559834,556638,0,0,17
1786373241001,1885472,184200,1379408,1312296,3981784,1,147662,0,131238,57,1188018,56,1035346,434,33,168,559834,556638,0,0,17
1786373241262,1885472,184200,1379408,1312296,3981784,0,147662,0,131238,48,1188018,46,1035346,434,33,168,559834,556638,0,0,17
1786373241524,1885472,188116,1383324,1312296,3981784,0,147662,0,131238,48,1188018,46,1035346,434,33,168,559834,556638,0,0,17
1786373241784,1885472,188116,1383324,1312296,3981784,0,147662,0,131238,48,1188018,46,1035346,434,33,168,559834,556638,0,0,17
1786373242045,1885472,188116,1383324,1312296,3981784,0,147662,0,131238,48,1188018,46,1035346,434,33,168,559834,556638,0,0,17
1786373242298,1885472,188116,1383324,1312296,3981784,0,147662,0,131238,48,1188018,46,1035346,434,33,168,559834,556638,0,0,17
1786373242557,1885472,189748,1384956,1312296,3981784,0,147662,0,131238,48,1188018,46,1035346,434,33,168,559834,556638,0,0,17
1786373242815,1885472,189748,1384956,1312296,3981784,0,147662,0,131238,48,1188018,46,1035346,434,33,168,559834,556638,0,0,17
1786373243067,1885472,189748,1384956,1312296,3981784,0,147662,0,131238,48,1188018,46,1035346,434,33,168,559834,556638,0,0,17
1786373243320,1885472,192992,1388200,1312296,3981784,0,147662,0,131238,39,1188018,37,1035346,434,33,168,559834,556638,0,0,17
1786373243576,1885472,192992,1388200,1312296,3981784,0,147662,0,131238,39,1188018,37,1035346,434,33,168,559834,556638,0,0,17
1786373243832,1885472,192992,1388200,1312296,3981784,0,147662,0,131238,39,1188018,37,1035346,434,33,168,559834,556638,0,0,17
1786373244093,1885472,192992,1388200,1312296,3981784,0,147662,0,131238,39,1188018,37,1035346,434,33,168,559834,556638,0,0,17
1786373244346,1885472,197236,1392444,1312296,3981784,0,147662,0,131238,39,1188018,37,1035346,434,33,168,559834,556638,0,0,17
1786373244598,1885472,197236,1392444,1312296,3981784,0,147662,0,131238,39,1188018,37,1035346,434,33,168,559834,556638,0,0,17
1786373244853,1885472,197236,1392444,1312296,3981784,0,147662,0,131238,39,1188018,37,1035346,434,33,168,559834,556638,0,0,17
1786373245112,1885472,197236,1392444,1312296,3981784,0,147662,0,131238,39,1188018,37,1035346,434,33,168,559834,556638,0,0,17
1786373245369,1885472,197236,1392444,1312296,3981784,0,147662,0,131238,32,1188018,31,1035346,434,33,168,559834,556638,0,0,17
1786373245622,1885472,197236,1392444,1312296,3981784,0,147662,0,131238,32,1188018,31,1035346,434,33,168,559834,556638,0,0,17
1786373245875,1885472,197236,1392444,1312296,3981784,0,147662,0,131238,32,1188018,31,1035346,434,33,168,559834,556638,0,0,17
1786373246130,1885472,200948,1396156,1312296,3981784,0,147662,0,131238,32,1188018,31,1035346,434,33,168,559834,556638,0,0,17
1786373246389,1885472,200948,1396156,1312296,3981784,0,147662,0,131238,32,1188018,31,1035346,434,33,168,559834,556638,0,0,17
1786373246646,1885472,200948,1396156,1312296,3981784,0,147662,0,131238,32,1188018,31,1035346,434,33,168,559834,556638,0,0,17
1786373246900,1885472,200948,1396156,1312296,3981784,0,147662,0,131238,32,1188018,31,1035346,434,33,168,559834,556638,0,0,17
1786373247162,1885472,200948,1396156,1312296,3981784,0,147662,0,131238,32,1188018,31,1035346,434,33,168,559834,556638,0,0,17
1786373247415,1885472,204196,1399404,1312300,3981784,0,147662,0,131238,26,1188018,25,1035346,434,33,168,559834,556638,0,0,17
1786373247667,1885472,120360,1358796,1355624,3981784,0,147662,0,131238,26,1205215,25,1050302,434,33,168,559834,556638,0,0,17
1786373247917,1885472,105724,1344872,1356260,3981784,0,147662,0,131238,26,1232129,25,1075489,434,33,168,559834,556638,0,0,17
1786373248168,1885472,120920,1316776,1312916,3981784,0,147662,0,131238,26,1232129,25,1075489,434,33,168,559834,556638,0,0,17
1786373248420,1885472,139836,1335568,1312840,3981784,0,147662,0,131238,26,1248007,25,1091047,434,33,168,559834,556638,0,0,17
1786373248673,1885472,139836,1335600,1312840,3981784,0,147662,0,131238,26,1248007,25,1091047,434,33,168,559834,556638,0,0,17
1786373248935,1885472,139836,1335600,1312840,3981784,0,147662,0,131238,26,1248007,25,1091047,434,33,168,559834,556638,0,0,17
1786373249188,1885472,139836,1335600,1312840,3981784,0,147662,0,131238,75,1248007,56,1091047,434,33,168,559834,556638,0,0,17
1786373249439,1885472,151044,1346808,1312840,3981784,0,147662,0,131238,75,1248007,56,1091047,434,33,168,559834,556638,0,0,17
1786373249699,1885472,151044,1346808,1312840,3981784,0,147662,0,131238,75,1248007,56,1091047,434,33,168,559834,556638,0,0,17
1786373249960,1885472,151044,1346808,1312840,3981784,0,147662,0,131238,75,1248007,56,1091047,434,33,168,559834,556638,0,0,17
1786373250220,1885472,153124,1348888,1312840,3981784,0,147662,0,131238,75,1248007,56,1091047,434,33,168,559834,556638,0,0,17
1786373250476,1885472,163444,1359208,1312840,3981784,0,147662,0,131238,75,1248007,56,1091047,434,33,168,559834,556638,0,0,17
1786373250736,1885472,165604,1361356,1312840,3981784,0,147662,0,131238,75,1248007,56,1091047,434,33,168,559834,556638,0,0,17
1786373250996,1885472,165604,1361356,1312840,3981784,0,147662,0,131238,75,1248007,56,1091047,434,33,168,559834,556638,0,0,17
1786373251252,1885472,176100,1371852,1312840,3981784,0,147662,0,131238,62,1248007,46,1091047,434,33,168,559834,556638,0,0,17
1786373251507,1885472,176100,1371852,1312840,3981784,0,147662,0,131238,62,1248007,46,1091047,434,33,168,559834,556638,0,0,17
1786373251768,1885472,176100,1371852,1312840,3981784,0,147662,0,131238,62,1248007,46,1091047,434,33,168,559834,556638,0,0,17
1786373252019,1885472,176100,1371852,1312840,3981784,0,147662,0,131238,62,1248007,46,1091047,434,33,168,559834,556638,0,0,17
1786373252271,1885472,180992,1376744,1312856,3981784,0,147662,0,131238,62,1248526,46,1091494,434,33,168,559834,556638,0,0,17
1786373252525,1885472,185500,1381252,1312856,3981784,0,147662,0,131238,62,1248526,46,1091494,434,33,168,559834,556638,0,0,17
1786373252786,1885472,185500,1381252,1312856,3981784,0,147662,0,131238,62,1248526,46,1091494,434,33,168,559834,556638,0,0,17
1786373253039,1885472,185500,1381252,1312856,3981784,0,147662,0,131238,62,1248526,46,1091494,434,33,168,559834,556638,0,0,17
1786373253290,1885472,192440,1388192,1312856,3981784,0,147662,0,131238,50,1248526,38,1091494,434,33,168,559834,556638,0,0,17
1786373253551,1885472,192440,1388192,1312856,3981784,0,147662,0,131238,50,1248526,38,1091494,434,33,168,559834,556638,0,0,17
1786373253804,1885472,192440,1388192,1312856,3981784,0,147662,0,131238,50,1248526,38,1091494,434,33,168,559834,556638,0,0,17
1786373254063,1885472,192440,1388192,1312856,3981784,0,147662,0,131238,50,1248526,38,1091494,434,33,168,559834,556638,0,0,17
1786373254324,1885472,198512,1394264,1312856,3981784,0,147662,0,131238,50,1248526,38,1091494,434,33,168,559834,556638,0,0,17
1786373254579,1885472,198512,1394264,1312856,3981784,0,147662,0,131238,50,1248526,38,1091494,434,33,168,559834,556638,0,0,17
1786373254832,1885472,198512,1394264,1312856,3981784,0,147662,0,131238,50,1248526,38,1091494,434,33,168,559834,556638,0,0,17
1786373255090,1885472,198512,1394264,1312856,3981784,0,147662,0,131238,50,1248526,38,1091494,434,33,168,559834,556638,0,0,17
1786373255342,1885472,203820,1399572,1312860,3981784,0,147662,0,131238,41,1248526,31,1091494,434,33,168,559834,556638,0,0,17
1786373255603,1885472,203820,1399572,1312860,3981784,0,147662,0,131238,41,1248526,31,1091494,434,33,168,559834,556638,0,0,17
1786373255859,1885472,203820,1399572,1312860,3981784,0,147662,0,131238,41,1248526,31,1091494,434,33,168,559834,556638,0,0,17
1786373256120,1885472,203820,1399572,1312860,3981784,0,147662,0,131238,41,1248526,31,1091494,434,33,168,559834,556638,0,0,17
1786373256373,1885472,206960,1402712,1312860,3981784,0,147662,0,131238,41,1248526,31,1091494,434,33,168,559834,556638,0,0,17
1786373256625,1885472,205552,1403136,1315152,3981784,0,147662,0,131238,41,1291910,31,1134524,452,33,168,559834,556638,0,0,17
1786373256875,1885472,205264,1403780,1315636,3981784,0,147662,0,131238,41,1309941,31,1151938,452,33,168,559834,556638,0,0,17
1786373257126,1478944,95264,997520,1035708,3978448,0,160400,0,143960,41,1310124,31,1152121,453,33,996,631556,627432,64,64,19
1786373257377,877856,110664,397328,420244,3977676,0,184197,0,167747,88,1310124,79,1152121,453,33,1187,786523,782065,64,64,24
1786373257635,592160,70588,134876,223624,3964352,0,222198,0,204776,88,1311192,79,1152888,546,118,4592,843106,834043,1447,1321,30
1786373257897,572460,73108,139660,211296,3958656,0,244778,0,227355,88,1311192,79,1152888,588,159,6061,847968,838043,1986,1831,33
1786373258152,552848,64912,125932,201620,3955292,0,261652,0,244230,88,1311192,79,1152888,588,159,6902,851853,841151,2143,1983,35
1786373258407,495056,63916,74284,151112,3945380,0,302158,0,284601,88,1312314,79,1153875,588,159,9312,866987,854151,4735,4133,41
1786373258657,473744,78144,74956,121476,3924608,0,363633,0,343583,88,1345751,79,1184810,1514,970,15289,888895,871681,11168,9177,48
1786373258908,453264,75096,55596,108528,3907864,0,405233,0,384748,88,1386455,79,1222103,1774,1191,19749,926032,904644,14526,12090,52
1786373259171,383896,69268,30656,70040,3885404,235,434547,235,413954,144,1392116,119,1226649,2389,1768,25888,951945,925535,16440,13493,58
1786373259423,359320,63572,21764,66804,3849856,235,469882,235,448984,144,1409187,119,1241870,3457,2712,35915,983493,950809,20963,16758,67
1786373259674,337088,62788,25056,50540,3840644,235,482142,235,461108,144,1439851,119,1267305,3966,3039,38495,1033053,996337,23406,18719,72
1786373259925,331084,51340,5284,44624,3818140,235,504978,235,483456,144,1465203,119,1290535,6111,5029,46040,1070512,1027420,26929,21382,79
1786373260176,312608,52592,13320,56000,3819132,235,532687,235,510807,144,1495448,119,1318230,9996,8708,54308,1108910,1059205,28753,22853,86
1786373260428,312608,50992,11380,55108,3821400,235,539019,235,516829,144,1526945,119,1346914,10603,9202,54594,1146690,1094893,29432,23375,88
1786373260679,312608,68324,21816,41160,3823076,235,547801,235,525354,144,1559551,119,1378096,11569,10060,56059,1168129,1112581,30281,24001,91
1786373260933,312608,52252,14764,59392,3823344,235,548479,235,526033,144,1583262,119,1396007,11670,10147,56080,1168667,1112949,30281,24001,91
1786373261187,312608,52252,14764,59392,3823344,283,548479,283,526033,281,1583262,243,1396007,11670,10147,56080,1168667,1112949,30281,24001,91
1786373261441,312608,52252,14764,59392,3823344,283,548479,283,526033,281,1583262,243,1396007,11670,10147,56080,1168667,1112949,30281,24001,91
1786373261702,312608,50540,13204,59692,3823576,283,548479,283,526033,281,1585285,243,1397990,11730,10205,56080,1168667,1112949,30281,24001,91
1786373261954,312608,50540,13204,59692,3823576,283,548479,283,526033,281,1585285,243,1397990,11730,10205,56080,1168667,1112949,30281,24001,91
1786373262207,312608,50540,13428,60076,3823632,283,548962,283,526516,281,1589015,243,1401614,11749,10219,56080,1168667,1112949,30281,24001,91
1786373262460,312608,50288,13200,60092,3823720,283,548970,283,526524,281,1589300,243,1401853,11771,10241,56080,1168667,1112949,30281,24001,91
1786373262716,312608,48076,11576,61280,3827316,283,548970,283,526524,281,1595452,243,1407341,11902,10401,56080,1168667,1112949,30281,24001,91
1786373262968,312608,48076,11576,61280,3827316,283,548970,283,526524,281,1595452,243,1407341,11902,10401,56080,1168667,1112949,30281,24001,91
1786373263227,312608,48076,11576,61284,3827316,231,548970,231,526524,229,1595452,199,1407341,11902,10401,56080,1168667,1112949,30281,24001,91
1786373263480,312608,48020,11584,61396,3827316,231,548970,231,526524,229,1595452,199,1407341,11902,10401,56080,1168667,1112949,30281,24001,91
1786373263734,312608,48020,11584,61396,3827316,231,550097,231,527599,229,1595902,199,1407739,11903,10401,56080,1168667,1112949,30281,24001,91
1786373263994,312608,48020,11660,61544,3827316,231,550097,231,527599,229,1595902,199,1407739,11903,10401,56080,1168667,1112949,30281,24001,91
1786373264249,312608,48020,11660,61544,3827316,231,550097,231,527599,229,1595902,199,1407739,11903,10401,56080,1168667,1112949,30281,24001,91
1786373264506,312608,48020,11660,61544,3827316,231,550097,231,527599,229,1595902,199,1407739,11903,10401,56080,1168667,1112949,30281,24001,91
1786373264759,312608,48020,11660,61544,3827316,231,550097,231,527599,229,1595902,199,1407739,11903,10401,56080,1168667,1112949,30281,24001,91
1786373265016,312608,48020,11660,61544,3827316,231,550097,231,527599,229,1595902,199,1407739,11903,10401,56080,1168667,1112949,30281,24001,91
1786373265269,312608,48020,11688,61632,3827316,190,550097,190,527599,188,1595902,162,1407739,11903,10401,56080,1168667,1112949,30281,24001,91
1786373265522,312608,48020,11688,61632,3827316,190,550097,190,527599,188,1595902,162,1407739,11903,10401,56080,1168667,1112949,30281,24001,91
1786373265778,312608,48020,11688,61632,3827316,190,550097,190,527599,188,1595902,162,1407739,11903,10401,56080,1168667,1112949,30281,24001,91
1786373266035,312608,48020,11688,61632,3827316,190,550097,190,527599,188,1595902,162,1407739,11903,10401,56080,1168667,1112949,30281,24001,91
1786373266294,312608,48020,11688,61632,3827316,190,550097,190,527599,188,1595902,162,1407739,11903,10401,56080,1168667,1112949,30281,24001,91
1786373266546,312608,48020,11688,61632,3827316,190,550097,190,527599,188,1595902,162,1407739,11903,10401,56080,1168667,1112949,30281,24001,91
1786373266802,312608,48020,11688,61632,3827316,190,550097,190,527599,188,1595902,162,1407739,11903,10401,56080,1168667,1112949,30281,24001,91
1786373267058,312608,48020,11688,61632,3827316,190,550097,190,527599,188,1595902,162,1407739,11904,10401,56080,1168667,1112949,30281,24001,91
1786373267317,312608,48020,11748,61736,3827316,155,550097,155,527599,154,1596714,133,1408528,11904,10401,56080,1168667,1112949,30281,24001,91
1786373267580,312608,48020,11748,61736,3827316,155,550097,155,527599,154,1596714,133,1408528,11904,10401,56080,1168667,1112949,30281,24001,91
1786373267835,312608,48020,11748,61736,3827316,155,550097,155,527599,154,1596714,133,1408528,11904,10401,56080,1168667,1112949,30281,24001,91
1786373268092,312608,48020,11748,61736,3827316,155,550097,155,527599,154,1596714,133,1408528,11904,10401,56080,1168667,1112949,30281,24001,91
1786373268345,312608,48020,11748,61736,3827316,155,550097,155,527599,154,1596714,133,1408528,11904,10401,56080,1168667,1112949,30281,24001,91
1786373268597,312608,48020,11748,61736,3827316,155,550097,155,527599,154,1596714,133,1408528,11904,10401,56080,1168667,1112949,30281,24001,91
1786373268856,312608,48020,11748,61736,3827316,155,550097,155,527599,154,1596714,133,1408528,11904,10401,56080,1168667,1112949,30281,24001,91
1786373269115,312608,48020,11748,61736,3827316,155,550097,155,527599,154,1596714,133,1408528,11904,10401,56080,1168667,1112949,30281,24001,91
1786373269370,312608,48020,11748,61736,3827316,127,550097,127,527599,126,1596714,109,1408528,11904,10401,56080,1168667,1112949,30281,24001,91
1786373269622,312608,59144,15492,47124,3834640,127,564126,127,540400,126,1631436,109,1439113,14343,12830,56422,1188723,1129378,31259,24698,95
1786373269878,312608,53732,12248,52348,3828376,127,582594,127,558060,126,1677117,109,1477286,16193,14000,59147,1231263,1165372,37128,28447,99
1786373270128,312608,55492,15340,54836,3828628,127,592665,127,567146,126,1712987,109,1506888,17402,15130,60081,1256730,1187082,37882,29031,101
1786373270379,312608,43168,244,49172,3821480,127,608178,127,582572,126,1741023,109,1532433,18578,16132,62852,1294771,1219900,39395,29992,105
1786373270630,312608,68092,18664,36260,3811700,127,631012,127,603261,126,1782829,109,1563543,19813,17115,66314,1350144,1269617,44871,34043,110
1786373270882,312608,54528,13956,53656,3798104,127,677615,127,648078,126,1813838,109,1590819,23371,20416,72809,1402266,1315268,51103,39477,117
1786373271133,312608,60612,15056,44000,3776064,127,699490,127,669647,126,1841656,109,1616262,25464,22347,80061,1441526,1347952,56513,43624,123
1786373271385,312608,54144,14816,56132,3813280,231,712924,231,682365,321,1873920,270,1645557,30172,26785,81488,1479725,1381231,58786,45441,127
1786373271636,312608,50276,10200,54684,3817536,231,720328,231,689721,321,1907227,270,1675462,31139,27656,81813,1519506,1418359,60220,46740,129
1786373271889,312608,65040,21948,48720,3820600,231,733506,231,702818,321,1941439,270,1708165,33590,29968,84111,1540348,1435917,61901,47750,131
1786373272149,312608,66248,23536,49448,3820852,231,737509,231,706770,321,1964379,270,1723916,33833,30197,84278,1546550,1440817,61964,47795,133
1786373272406,312608,65744,23220,49852,3820908,231,737804,231,707064,321,1966537,270,1725882,33851,30211,84278,1546550,1440817,61964,47795,133
1786373272665,312608,59892,18056,51268,3821064,231,737804,231,707064,321,1966885,270,1726230,33891,30250,84278,1546550,1440817,61964,47795,133
1786373272917,312608,59680,17836,51268,3821180,231,737804,231,707064,321,1966885,270,1726230,33920,30279,84278,1546550,1440817,61964,47795,133
1786373273168,312608,59680,17836,51268,3821180,231,737804,231,707064,321,1966885,270,1726230,33920,30279,84278,1546550,1440817,61964,47795,133
1786373273421,312608,59464,17588,51268,3821180,206,737804,206,707064,353,1966885,312,1726230,33920,30279,84278,1546550,1440817,61964,47795,133
1786373273683,312608,55684,14220,51956,3824932,206,737804,206,707064,353,1969847,312,1728986,34088,30467,84278,1546550,1440817,61964,47795,133
1786373273935,312608,55684,14220,51956,3824932,206,737804,206,707064,353,1969847,312,1728986,34088,30467,84278,1546550,1440817,61964,47795,133
1786373274192,312608,55684,14220,51956,3824932,206,737804,206,707064,353,1969847,312,1728986,34088,30467,84278,1546550,1440817,61964,47795,133
1786373274447,312608,55684,14228,52020,3825036,206,737804,206,707064,353,1971182,312,1730096,34117,30495,84278,1546550,1440817,61964,47795,133
1786373274703,312608,55684,14348,52256,3825076,206,737811,206,707072,353,1972281,312,1731093,34126,30503,84278,1546550,1440817,61964,47795,133
1786373274961,312608,55684,14348,52256,3825076,206,737811,206,707072,353,1972281,312,1731093,34126,30503,84278,1546550,1440817,61964,47795,133
1786373275219,312608,55684,14364,52376,3825076,169,737811,169,707072,289,1972281,254,1731093,34126,30503,84278,1546550,1440817,61964,47795,133
1786373275472,312608,55684,14364,52376,3825076,169,737811,169,707072,289,1972281,254,1731093,34126,30503,84278,1546550,1440817,61964,47795,133
1786373275725,312608,55684,14364,52376,3825076,169,737811,169,707072,289,1972281,254,1731093,34126,30503,84278,1546550,1440817,61964,47795,133
1786373275977,312608,55684,14364,52376,3825076,169,737811,169,707072,289,1972281,254,1731093,34126,30503,84278,1546550,1440817,61964,47795,133
1786373276233,312608,55684,14364,52376,3825076,169,737811,169,707072,289,1972281,254,1731093,34126,30503,84278,1546550,1440817,61964,47795,133
1786373276489,312608,55684,14364,52376,3825076,169,737811,169,707072,289,1972281,254,1731093,34126,30503,84278,1546550,1440817,61964,47795,133
1786373276749,312608,55684,14364,52376,3825076,169,737811,169,707072,289,1972281,254,1731093,34126,30503,84278,1546550,1440817,61964,47795,133
1786373277011,312608,55684,14364,52376,3825076,169,737811,169,707072,289,1972281,254,1731093,34126,30503,84278,1546550,1440817,61964,47795,133
1786373277272,312608,55684,14364,52376,3825076,138,737811,138,707072,237,1972281,209,1731093,34126,30503,84278,1546550,1440817,61964,47795,133
1786373277533,312608,55684,14364,52376,3825076,138,737811,138,707072,237,1972281,209,1731093,34126,30503,84278,1546550,1440817,61964,47795,133
1786373277794,312608,55684,14364,52380,3825076,138,737811,138,707072,237,1972281,209,1731093,34126,30503,84278,1546550,1440817,61964,47795,133
1786373278046,312608,55684,14364,52380,3825076,138,737811,138,707072,237,1972281,209,1731093,34126,30503,84278,1546550,1440817,61964,47795,133
1786373278307,312608,55684,14364,52380,3825076,138,737811,138,707072,237,1972281,209,1731093,34126,30503,84278,1546550,1440817,61964,47795,133
1786373278567,312608,55684,14364,52380,3825076,138,737811,138,707072,237,1972281,209,1731093,34126,30503,84278,1546550,1440817,61964,47795,133
1786373278827,312608,55684,14364,52380,3825076,138,737811,138,707072,237,1972281,209,1731093,34126,30503,84278,1546550,1440817,61964,47795,133
1786373279082,312608,55684,14364,52380,3825076,138,737811,138,707072,237,1972281,209,1731093,34126,30503,84278,1546550,1440817,61964,47795,133
1786373279340,312608,55684,14364,52380,3825076,112,737811,112,707072,194,1972281,171,1731093,34126,30503,84278,1546550,1440817,61964,47795,133
1786373279594,312608,55684,14364,52380,3825076,112,737811,112,707072,194,1972281,171,1731093,34126,30503,84278,1546550,1440817,61964,47795,133
1786373279847,312608,55684,14364,52380,3825076,112,737811,112,707072,194,1972281,171,1731093,34126,30503,84278,1546550,1440817,61964,47795,133
1786373280101,312608,55684,14364,52380,3825076,112,737811,112,707072,194,1972281,171,1731093,34126,30503,84278,1546550,1440817,61964,47795,133
1786373280357,312608,55684,14364,52380,3825076,112,737811,112,707072,194,1972281,171,1731093,34126,30503,84278,1546550,1440817,61964,47795,133
1786373280609,312608,48640,6192,50000,3829460,112,746524,112,714643,194,1998855,171,1753435,36688,33115,85445,1561602,1453034,64540,49705,135
1786373280861,312608,57856,16684,52576,3825268,112,757861,112,725593,194,2049793,171,1798820,38260,34286,87639,1603404,1486786,67395,51885,138
1786373281117,312608,58824,15144,47700,3820020,112,778221,112,743534,194,2110267,171,1840141,40351,36087,90939,1658555,1533112,70974,54619,144
1786373281372,312608,57648,15236,50476,3817936,129,803912,111,768148,285,2148809,249,1871576,43508,38682,95337,1701671,1571410,77055,59258,149
1786373281623,312608,54572,8012,42244,3801792,129,822458,111,786596,285,2178483,249,1896718,44352,39278,99903,1761018,1624854,81603,62793,155
1786373281874,312608,55720,9732,43536,3798408,129,843667,111,807431,285,2209978,249,1925037,47846,42539,103862,1808531,1665043,85387,65733,160
1786373282126,312608,60808,15708,45364,3812164,129,861088,111,824800,285,2236866,249,1949395,52226,46723,110138,1850311,1699952,87251,67069,166
1786373282376,312608,58204,18536,56192,3811268,129,872587,111,835937,285,2273249,249,1981471,52843,47146,110948,1901983,1746594,89724,69139,170
1786373282627,312608,53132,8804,47040,3812796,129,880395,111,843680,285,2302803,249,2008984,54252,48410,112223,1933026,1773777,90642,69805,172
1786373282880,312608,61120,19024,51016,3818780,129,889970,111,853058,285,2332137,249,2036542,57837,51864,115177,1951704,1789793,91856,70830,175
1786373283131,312608,61120,19024,51020,3818784,129,889970,111,853058,285,2332137,249,2036542,57837,51865,115177,1951704,1789793,91856,70830,175
1786373283388,312608,56064,13928,51020,3818788,196,889970,181,853058,415,2332137,366,2036542,57838,51866,115177,1951704,1789793,91856,70830,175
1786373283643,312608,56064,13928,51020,3818792,196,889970,181,853058,415,2332137,366,2036542,57839,51867,115177,1951704,1789793,91856,70830,175
1786373283899,312608,56064,13928,51020,3818792,196,889970,181,853058,415,2332137,366,2036542,57839,51867,115177,1951704,1789793,91856,70830,175
1786373284150,312608,56064,13928,51020,3818792,196,889970,181,853058,415,2332137,366,2036542,57839,51867,115177,1951704,1789793,91856,70830,175
1786373284410,312608,56064,13928,51020,3818792,196,889970,181,853058,415,2332137,366,2036542,57839,51867,115177,1951704,1789793,91856,70830,175
1786373284663,312608,55308,13496,51712,3822412,196,889970,181,853058,415,2335356,366,2039329,57974,52020,115177,1951704,1789793,91856,70830,175
1786373284915,312608,55308,13496,51712,3822412,196,889970,181,853058,415,2335356,366,2039329,57974,52020,115177,1951704,1789793,91856,70830,175
1786373285168,312608,55308,13496,51716,3822412,196,889970,181,853058,415,2335356,366,2039329,57974,52020,115177,1951704,1789793,91856,70830,175
1786373285421,312608,55308,13496,51716,3822412,160,889970,148,853058,339,2335356,300,2039329,57974,52020,115177,1951704,1789793,91856,70830,175
1786373285679,312608,55420,13632,51780,3822512,160,889970,148,853058,339,2336218,300,2040129,57999,52045,115177,1951704,1789793,91856,70830,175
1786373285931,312608,55420,13632,51780,3822512,160,889970,148,853058,339,2336218,300,2040129,57999,52045,115177,1951704,1789793,91856,70830,175
1786373286191,312608,55420,13632,51780,3822512,160,889970,148,853058,339,2336218,300,2040129,57999,52045,115177,1951704,1789793,91856,70830,175
1786373286442,312608,55420,13632,51780,3822512,160,889970,148,853058,339,2336218,300,2040129,57999,52045,115177,1951704,1789793,91856,70830,175
1786373286694,312608,55672,13912,51820,3822548,160,889970,148,853058,339,2336775,300,2040584,58008,52054,115177,1951704,1789793,91856,70830,175
1786373286947,312608,55672,13912,51820,3822548,160,889970,148,853058,339,2336775,300,2040584,58008,52054,115177,1951704,1789793,91856,70830,175
1786373287200,312608,55672,13912,51820,3822548,131,889970,121,853058,278,2336775,246,2040584,58008,52054,115177,1951704,1789793,91856,70830,175
1786373287452,312608,56004,14244,51820,3822548,131,889970,121,853058,278,2336775,246,2040584,58008,52054,115177,1951704,1789793,91856,70830,175
1786373287709,312608,56004,14244,51820,3822548,131,889970,121,853058,278,2342746,246,2046141,58008,52054,115177,1951704,1789793,91856,70830,175
1786373287961,312608,56004,14244,51820,3822548,131,889970,121,853058,278,2342746,246,2046141,58008,52054,115177,1951704,1789793,91856,70830,175
1786373288221,312608,56500,14740,51820,3822548,131,889970,121,853058,278,2342746,246,2046141,58008,52054,115177,1951704,1789793,91856,70830,175
1786373288482,312608,56500,14740,51820,3822548,131,889970,121,853058,278,2342746,246,2046141,58008,52054,115177,1951704,1789793,91856,70830,175
1786373288739,312608,56500,14740,51820,3822548,131,889970,121,853058,278,2342746,246,2046141,58008,52054,115177,1951704,1789793,91856,70830,175
1786373288997,312608,56500,14740,51820,3822548,131,889970,121,853058,278,2342746,246,2046141,58008,52054,115177,1951704,1789793,91856,70830,175
1786373289250,312608,57188,15452,51924,3822564,107,890013,99,853101,227,2345164,200,2048230,58013,52058,115177,1951704,1789793,91856,70830,175
1786373289503,312608,57188,15452,51924,3822564,107,890013,99,853101,227,2345164,200,2048230,58013,52058,115177,1951704,1789793,91856,70830,175
1786373289760,312608,57188,15452,51924,3822564,107,890013,99,853101,227,2345164,200,2048230,58013,52058,115177,1951704,1789793,91856,70830,175
1786373290011,312608,57188,15452,51924,3822564,107,890013,99,853101,227,2345164,200,2048230,58013,52058,115177,1951704,1789793,91856,70830,175
1786373290267,312608,57256,15520,51924,3822564,107,890013,99,853101,227,2345164,200,2048230,58013,52058,115177,1951704,1789793,91856,70830,175
1786373290519,312608,57256,15520,51924,3822564,107,890013,99,853101,227,2345164,200,2048230,58013,52058,115177,1951704,1789793,91856,70830,175
1786373290775,312608,57256,15520,51924,3822564,107,890013,99,853101,227,2345164,200,2048230,58013,52058,115177,1951704,1789793,91856,70830,175
1786373291033,312608,57256,15520,51924,3822564,107,890013,99,853101,227,2345164,200,2048230,58013,52058,115177,1951704,1789793,91856,70830,175
1786373291285,312608,57256,15520,51924,3822564,88,890013,81,853101,186,2345164,164,2048230,58013,52058,115177,1951704,1789793,91856,70830,175
1786373291537,312608,59300,18880,54588,3824208,88,893542,81,856057,186,2356762,164,2058665,58461,52479,115180,1957982,1795387,92695,71398,176
1786373291788,312608,62508,15736,41448,3826436,88,909136,81,871308,186,2406680,164,2099744,61673,55597,117609,2000071,1831967,98038,74651,180
1786373292041,312608,62800,16684,43100,3823680,88,919569,81,881398,186,2446126,164,2133467,63424,57119,119750,2032581,1858439,99954,76161,183
1786373292304,312608,66824,20356,42376,3823200,88,922254,81,884004,186,2452612,164,2139235,63622,57285,120042,2039520,1864519,100482,76585,184
1786373292557,312608,53720,7052,41980,3816972,88,931822,81,893571,186,2484975,164,2169310,64252,57781,122078,2065113,1886332,101570,77352,188
1786373292807,312608,48364,4920,48172,3809744,88,949831,81,911074,186,2516152,164,2194648,66264,59566,125770,2117376,1933148,105193,80299,193
1786373293059,312608,53896,2888,33544,3798432,88,966142,81,927311,186,2548801,164,2224338,67358,60516,129412,2154459,1964319,106849,81670,197
1786373293311,312608,52300,5608,42408,3776052,162,999812,139,959759,352,2580259,298,2250343,71489,64363,138581,2212981,2014212,114382,87718,205
1786373293564,312608,49760,11092,58140,3809488,162,1009590,139,969340,352,2612344,298,2279944,74836,67489,139776,2244856,2042375,115788,88844,208
1786373293815,312608,57628,12292,44884,3813476,162,1017640,139,976947,352,2641099,298,2305780,75936,68443,140083,2289185,2083190,117142,90117,210
1786373294066,312608,53920,14404,56312,3816088,162,1031774,139,990711,352,2683988,298,2341864,79373,71744,143990,2311565,2102446,118942,91540,214
1786373294324,312608,59372,18036,52612,3816068,162,1032313,139,991250,352,2684688,298,2342540,79465,71832,143990,2311565,2102446,118942,91540,214
1786373294577,312608,59172,17836,52612,3816184,162,1032399,139,991336,352,2686410,298,2344262,79494,71861,143990,2311565,2102446,118942,91540,214
1786373294830,312608,53684,12944,53932,3816428,162,1032399,139,991336,352,2687063,298,2344735,79561,71923,143990,2311565,2102446,118942,91540,214
1786373295091,312608,53684,12944,53932,3816428,162,1032399,139,991336,352,2687063,298,2344735,79561,71923,143990,2311565,2102446,118942,91540,214
1786373295349,312608,53684,12944,53932,3816428,169,1032399,150,991336,378,2687063,334,2344735,79561,71923,143990,2311565,2102446,118942,91540,214
1786373295603,312608,52384,11992,54672,3820064,169,1032569,150,991507,378,2689878,334,2346835,79701,72065,143990,2311565,2102446,118942,91540,214
1786373295855,312608,52384,11992,54672,3820064,169,1032569,150,991507,378,2689878,334,2346835,79701,72065,143990,2311565,2102446,118942,91540,214
1786373296107,312608,52384,11992,54672,3820064,169,1032569,150,991507,378,2689878,334,2346835,79701,72065,143990,2311565,2102446,118942,91540,214
1786373296362,312608,52384,11992,54672,3820064,169,1032569,150,991507,378,2689878,334,2346835,79701,72065,143990,2311565,2102446,118942,91540,214
1786373296616,312608,52364,12080,54732,3820064,169,1032569,150,991507,378,2689878,334,2346835,79701,72065,143990,2311565,2102446,118942,91540,214
1786373296875,312608,52364,12148,54836,3820096,169,1032580,150,991518,378,2691053,334,2347697,79710,72073,143990,2311565,2102446,118942,91540,214
1786373297127,312608,52364,12148,54836,3820096,169,1032580,150,991518,378,2691053,334,2347697,79710,72073,143990,2311565,2102446,118942,91540,214
1786373297380,312608,52364,12148,54836,3820096,138,1032580,123,991518,310,2691053,274,2347697,79710,72073,143990,2311565,2102446,118942,91540,214
1786373297638,312608,52364,12148,54900,3820160,138,1032580,123,991518,310,2693558,274,2350202,79726,72089,143990,2311565,2102446,118942,91540,214
1786373297901,312608,52364,12148,54900,3820160,138,1032580,123,991518,310,2693558,274,2350202,79726,72089,143990,2311565,2102446,118942,91540,214
1786373298156,312608,52364,12148,54900,3820160,138,1032580,123,991518,310,2693558,274,2350202,79726,72089,143990,2311565,2102446,118942,91540,214
1786373298410,312608,52364,12148,54900,3820160,138,1032580,123,991518,310,2693558,274,2350202,79726,72089,143990,2311565,2102446,118942,91540,214
1786373298661,312608,52364,12148,54900,3820160,138,1032580,123,991518,310,2693558,274,2350202,79726,72089,143990,2311565,2102446,118942,91540,214
1786373298921,312608,52364,12148,54900,3820160,138,1032580,123,991518,310,2693558,274,2350202,79726,72089,143990,2311565,2102446,118942,91540,214
1786373299180,312608,52364,12148,54900,3820160,138,1032580,123,991518,310,2693558,274,2350202,79726,72089,143990,2311565,2102446,118942,91540,214
1786373299432,312608,52436,12220,54900,3820160,112,1032580,100,991518,254,2693558,224,2350202,79726,72089,143990,2311565,2102446,118942,91540,214
1786373299689,312608,52436,12220,54900,3820160,112,1032580,100,991518,254,2693558,224,2350202,79726,72089,143990,2311565,2102446,118942,91540,214
1786373299940,312608,52436,12220,54900,3820160,112,1032580,100,991518,254,2693558,224,2350202,79726,72089,143990,2311565,2102446,118942,91540,214
1786373300195,312608,52436,12220,54900,3820160,112,1032580,100,991518,254,2693558,224,2350202,79726,72089,143990,2311565,2102446,118942,91540,214
1786373300454,312608,52436,12220,54904,3820160,112,1032580,100,991518,254,2693558,224,2350202,79726,72089,143990,2311565,2102446,118942,91540,214
1786373300709,312608,52436,12220,54904,3820160,112,1032580,100,991518,254,2693558,224,2350202,79726,72089,143990,2311565,2102446,118942,91540,214
1786373300966,312608,52436,12220,54904,3820160,112,1032580,100,991518,254,2693558,224,2350202,79726,72089,143990,2311565,2102446,118942,91540,214
1786373301221,312608,52436,12220,54904,3820160,93,1032580,82,991518,206,2693558,183,2350202,79726,72089,143990,2311565,2102446,118942,91540,214
1786373301473,312608,53084,12944,55052,3820288,93,1032580,82,991518,206,2695821,183,2352229,79759,72121,143990,2311565,2102446,118942,91540,214
1786373301725,312608,51856,12084,55792,3820632,93,1032603,82,991541,206,2698607,183,2354747,79850,72207,143990,2311565,2102446,118942,91540,214
1786373301977,312608,62336,21824,54312,3820752,93,1033393,82,992331,206,2698607,183,2354747,79880,72237,143990,2311927,2102808,118981,91579,214
1786373302229,312608,60832,20492,54836,3820804,93,1033657,82,992595,206,2700572,183,2356591,79898,72250,143990,2311927,2102808,118981,91579,214
1786373302480,312608,49192,11676,60488,3827296,93,1039138,82,998072,206,2715404,183,2366733,81268,73548,144007,2320938,2110841,119306,91772,215
1786373302731,312608,59764,14572,44928,3830984,93,1056777,82,1013510,206,2760355,183,2402754,84263,76459,145890,2358627,2143936,126948,96396,219
1786373302982,312608,53920,9556,46476,3830648,93,1065811,82,1022165,206,2804480,183,2441048,85672,77595,147239,2395471,2177386,129677,98532,222
1786373303235,312608,54216,14144,55572,3818448,112,1084186,103,1039540,297,2836384,241,2466993,86642,78356,151035,2431182,2207578,132296,100304,226
1786373303487,312608,56924,17636,56884,3815876,112,1094284,103,1049594,297,2863474,241,2491189,87190,78707,152302,2470027,2243323,134071,101702,230
1786373303737,312608,46276,1604,46276,3806364,112,1115010,103,1069641,297,2906912,241,2523680,89482,80778,156719,2526266,2291675,138135,104611,236
1786373303991,312608,58920,2496,22548,3794348,112,1137146,103,1091060,297,2939770,241,2553489,91353,82465,161151,2573055,2330558,143834,109586,242
1786373304252,312608,57460,18096,56844,3810576,112,1160949,103,1114648,297,2971378,241,2581565,97127,87937,168262,2618845,2369324,147324,112232,248
1786373304503,312608,68164,20056,39224,3810380,112,1168979,103,1122614,297,3006996,241,2614503,97688,88379,168876,2665604,2413600,149490,114250,251
1786373304755,312608,56020,12380,48200,3810320,112,1180555,103,1134186,297,3044303,241,2649719,100924,91481,172380,2691983,2436032,151867,116110,254
1786373305012,312608,64960,20668,46864,3817736,112,1180681,103,1134312,297,3047818,241,2653023,101750,92288,172380,2693184,2437207,151936,116174,254
1786373305271,312608,58136,15720,50604,3818692,182,1186260,175,1138837,459,3074270,378,2675153,102005,92530,172384,2697151,2440851,152101,116299,255
1786373305532,312608,58136,15744,50700,3818804,182,1186260,175,1138837,459,3075562,378,2676445,102033,92558,172384,2697151,2440851,152101,116299,255
1786373305784,312608,58136,15744,50700,3818804,182,1186260,175,1138837,459,3075562,378,2676445,102033,92558,172384,2697151,2440851,152101,116299,255
1786373306037,312608,58136,15744,50700,3818804,182,1186260,175,1138837,459,3075562,378,2676445,102033,92558,172384,2697151,2440851,152101,116299,255
1786373306289,312608,58136,15744,50700,3818804,182,1186260,175,1138837,459,3075562,378,2676445,102033,92558,172384,2697151,2440851,152101,116299,255
1786373306548,312608,57936,15652,50864,3818944,182,1186306,175,1138884,459,3076497,378,2677300,102070,92594,172384,2697151,2440851,152101,116299,255
1786373306801,312608,57948,16156,51936,3822556,182,1186306,175,1138884,459,3080699,378,2681259,102202,92729,172384,2697151,2440851,152101,116299,255
1786373307059,312608,57948,16156,51936,3822556,182,1186306,175,1138884,459,3080699,378,2681259,102202,92729,172384,2697151,2440851,152101,116299,255
1786373307314,312608,57948,16156,51936,3822556,149,1186306,143,1138884,377,3080699,309,2681259,102202,92729,172384,2697151,2440851,152101,116299,255
1786373307571,312608,57884,16108,51956,3822556,149,1186306,143,1138884,377,3080699,309,2681259,102202,92729,172384,2697151,2440851,152101,116299,255
1786373307826,312608,57884,16108,51956,3822556,149,1186306,143,1138884,377,3080699,309,2681259,102202,92729,172384,2697151,2440851,152101,116299,255
1786373308081,312608,57884,16108,51956,3822560,149,1186306,143,1138884,377,3080699,309,2681259,102203,92730,172384,2697151,2440851,152101,116299,255
1786373308336,312608,57884,16108,51956,3822580,149,1186440,143,1139018,377,3080699,309,2681259,102224,92752,172384,2697151,2440851,152101,116299,255
1786373308597,312608,54232,13560,54312,3823988,149,1187235,143,1139813,377,3087661,309,2686991,102572,93085,172384,2698349,2442026,152101,116299,256
1786373308852,312608,54232,13560,54312,3823988,149,1187235,143,1139813,377,3087661,309,2686991,102572,93085,172384,2698349,2442026,152101,116299,256
1786373309109,312608,54232,13560,54312,3823988,149,1187235,143,1139813,377,3087661,309,2686991,102572,93085,172384,2698349,2442026,152101,116299,256
1786373309364,312608,54232,13560,54312,3823988,122,1187235,117,1139813,308,3087661,252,2686991,102572,93085,172384,2698349,2442026,152101,116299,256
1786373309617,312608,54320,13692,54200,3823988,122,1187235,117,1139813,308,3087661,252,2686991,102572,93085,172384,2698349,2442026,152101,116299,256
1786373309874,312608,54320,13692,54200,3823988,122,1187235,117,1139813,308,3087661,252,2686991,102572,93085,172384,2698349,2442026,152101,116299,256
1786373310133,312608,54320,13692,54200,3823988,122,1187235,117,1139813,308,3087661,252,2686991,102572,93085,172384,2698349,2442026,152101,116299,256
1786373310391,312608,53312,13156,55120,3823988,122,1187235,117,1139813,308,3087820,252,2687124,102573,93085,172384,2698349,2442026,152101,116299,256
1786373310650,312608,53312,13156,55120,3823988,122,1187235,117,1139813,308,3087820,252,2687124,102573,93085,172384,2698349,2442026,152101,116299,256
1786373310905,312608,53312,13208,55224,3824020,122,1187235,117,1139813,308,3089380,252,2688486,102582,93093,172384,2698349,2442026,152101,116299,256
1786373311157,312608,53312,13208,55224,3824020,122,1187235,117,1139813,308,3089380,252,2688486,102582,93093,172384,2698349,2442026,152101,116299,256
1786373311418,312608,53312,13208,55224,3824020,100,1187235,96,1139813,252,3089380,206,2688486,102582,93093,172384,2698349,2442026,152101,116299,256
1786373311673,312608,53060,13044,55400,3824148,100,1187235,96,1139813,252,3091097,206,2690045,102615,93125,172384,2698349,2442026,152101,116299,256
1786373311925,312608,53060,13044,55400,3824148,100,1187235,96,1139813,252,3091097,206,2690045,102615,93125,172384,2698349,2442026,152101,116299,256
1786373312184,312608,52052,12232,55800,3824200,100,1187235,96,1139813,252,3095495,206,2694193,102633,93138,172384,2698349,2442026,152101,116299,256
1786373312435,312608,53284,13728,56428,3825116,100,1189764,96,1142342,252,3101071,206,2699016,102773,93263,172385,2700264,2443621,152174,116334,257
1786373312696,312608,53032,13580,56428,3825380,100,1189764,96,1142342,252,3101071,206,2699016,102839,93329,172385,2700264,2443621,152174,116334,257
1786373312948,312608,53032,13580,56428,3825380,100,1189764,96,1142342,252,3101071,206,2699016,102839,93329,172385,2700264,2443621,152174,116334,257
1786373313204,312608,53032,13580,56428,3825380,82,1189764,78,1142342,206,3101071,170,2699016,102839,93329,172385,2700264,2443621,152174,116334,257
1786373313456,312608,52360,13252,57276,3825532,82,1189764,78,1142342,206,3104592,170,2702391,102882,93376,172385,2700264,2443621,152174,116334,257
1786373313709,312608,56760,13600,49656,3828572,82,1206340,78,1157919,206,3151952,170,2744800,106066,96454,174450,2733554,2470786,154210,117689,261
1786373313964,312608,52268,8208,47780,3824192,82,1225423,78,1175045,206,3211017,170,2787583,107464,97746,176957,2787250,2517543,156768,119859,266
1786373314222,312608,55892,13388,50564,3816236,82,1241658,78,1190369,206,3252562,170,2821289,109006,99045,180445,2832614,2556801,161054,123375,271
1786373314475,312608,58232,18476,56192,3812600,82,1263561,78,1211523,206,3289107,170,2847618,111422,101199,185055,2892916,2611422,166631,127914,277
1786373314727,312608,62912,17336,44832,3796544,82,1286960,78,1233909,206,3320221,170,2875748,113776,103340,191104,2943319,2655618,171389,131834,283
1786373314980,312608,59684,9892,36312,3776512,82,1307996,78,1254840,206,3350054,170,2902884,115597,104969,197501,2986260,2691164,175069,134590,289
1786373315239,312608,52460,9852,50196,3809064,175,1328864,173,1275197,405,3384545,338,2933346,121212,110276,201615,3034373,2734093,179039,137724,294
1786373315490,312608,53436,9320,47452,3808840,175,1336791,173,1283063,405,3419534,338,2965804,122051,110963,202536,3077109,2774104,180185,138658,297
1786373315741,312608,62480,17452,45492,3812868,175,1350622,173,1296163,405,3457175,338,3001312,125788,114544,206039,3106634,2798341,182519,140392,301
1786373316001,312608,66116,23916,51072,3816848,175,1351529,173,1297071,405,3466900,338,3007916,126410,115142,206039,3110346,2802011,183122,140947,301
1786373316256,312608,65468,23300,51096,3816852,175,1351529,173,1297071,405,3466992,338,3007956,126412,115143,206039,3110346,2802011,183122,140947,301
1786373316508,312608,65468,23300,51096,3816852,175,1351529,173,1297071,405,3466992,338,3007956,126412,115143,206039,3110346,2802011,183122,140947,301
1786373316768,312608,65468,23300,51096,3816852,175,1351529,173,1297071,405,3466992,338,3007956,126412,115143,206039,3110346,2802011,183122,140947,301
1786373317024,312608,65468,23300,51096,3816852,175,1351529,173,1297071,405,3466992,338,3007956,126412,115143,206039,3110346,2802011,183122,140947,301
1786373317278,312608,65468,23300,51096,3816852,162,1351529,160,1297071,404,3466992,331,3007956,126412,115143,206039,3110346,2802011,183122,140947,301
1786373317530,312608,63704,21544,51176,3816964,162,1351529,160,1297071,404,3468128,331,3008984,126440,115171,206039,3110346,2802011,183122,140947,301
1786373317782,312608,58968,17360,52292,3820764,162,1351529,160,1297071,404,3472160,331,3012654,126622,115367,206039,3110346,2802011,183122,140947,301
1786373318040,312608,58716,17144,52420,3820768,162,1351529,160,1297071,404,3472861,331,3013355,126624,115368,206039,3110346,2802011,183122,140947,301
1786373318295,312608,58716,17144,52420,3820768,162,1351529,160,1297071,404,3472861,331,3013355,126624,115368,206039,3110346,2802011,183122,140947,301
1786373318547,312608,58716,17192,52436,3820876,162,1351529,160,1297071,404,3473760,331,3014254,126651,115395,206039,3110346,2802011,183122,140947,301
1786373318799,312608,58716,17192,52436,3820876,162,1351529,160,1297071,404,3473760,331,3014254,126651,115395,206039,3110346,2802011,183122,140947,301
1786373319061,312608,58716,17192,52436,3820876,162,1351529,160,1297071,404,3473760,331,3014254,126651,115395,206039,3110346,2802011,183122,140947,301
1786373319317,312608,58716,17192,52436,3820876,132,1351529,131,1297071,330,3473760,271,3014254,126651,115395,206039,3110346,2802011,183122,140947,301
1786373319575,312608,58664,17144,52484,3820876,132,1351529,131,1297071,330,3473760,271,3014254,126651,115395,206039,3110346,2802011,183122,140947,301
1786373319827,312608,58664,17144,52484,3820876,132,1351529,131,1297071,330,3473760,271,3014254,126651,115395,206039,3110346,2802011,183122,140947,301
1786373320079,312608,58664,17144,52484,3820876,132,1351529,131,1297071,330,3473760,271,3014254,126651,115395,206039,3110346,2802011,183122,140947,301
1786373320331,312608,58664,17144,52484,3820876,132,1351529,131,1297071,330,3480831,271,3020911,126651,115395,206039,3110346,2802011,183122,140947,301
1786373320589,312608,58664,17144,52484,3820876,132,1351529,131,1297071,330,3480831,271,3020911,126651,115395,206039,3110346,2802011,183122,140947,301
1786373320843,312608,58664,17144,52484,3820876,132,1351529,131,1297071,330,3480831,271,3020911,126651,115395,206039,3110346,2802011,183122,140947,301
1786373321100,312608,58664,17144,52484,3820876,132,1351529,131,1297071,330,3480831,271,3020911,126651,115395,206039,3110346,2802011,183122,140947,301
1786373321358,312608,58664,17144,52484,3820876,108,1351529,107,1297071,270,3480831,222,3020911,126651,115395,206039,3110346,2802011,183122,140947,301
1786373321618,312608,58664,17232,52664,3821000,108,1351529,107,1297071,270,3482987,222,3022839,126683,115426,206039,3110346,2802011,183122,140947,301
1786373321873,312608,58664,17232,52664,3821000,108,1351529,107,1297071,270,3482987,222,3022839,126683,115426,206039,3110346,2802011,183122,140947,301
1786373322134,312608,58664,17232,52664,3821000,108,1351529,107,1297071,270,3482987,222,3022839,126683,115426,206039,3110346,2802011,183122,140947,301
1786373322386,312608,58212,16944,53036,3821052,108,1351540,107,1297081,270,3486436,222,3026081,126701,115439,206039,3110346,2802011,183122,140947,301
1786373322641,312608,58212,16944,53036,3821052,108,1351540,107,1297081,270,3486436,222,3026081,126701,115439,206039,3110346,2802011,183122,140947,301
1786373322897,312608,58212,16944,53036,3821052,108,1351540,107,1297081,270,3486436,222,3026081,126701,115439,206039,3110346,2802011,183122,140947,301
1786373323149,312608,58212,16944,53036,3821052,108,1351540,107,1297081,270,3486436,222,3026081,126701,115439,206039,3110346,2802011,183122,140947,301
1786373323403,312608,58160,16908,53064,3821052,88,1351540,87,1297081,221,3486436,181,3026081,126701,115439,206039,3110346,2802011,183122,140947,301
1786373323655,312608,58160,16908,53064,3821052,88,1351540,87,1297081,221,3486436,181,3026081,126701,115439,206039,3110346,2802011,183122,140947,301
1786373323912,312608,58160,16908,53064,3821124,88,1351540,87,1297081,221,3486436,181,3026081,126719,115457,206039,3110346,2802011,183122,140947,301
1786373324164,312608,58160,16908,53064,3821124,88,1351540,87,1297081,221,3486436,181,3026081,126719,115457,206039,3110346,2802011,183122,140947,301
1786373324417,312608,58160,16908,53064,3821124,88,1351540,87,1297081,221,3486436,181,3026081,126719,115457,206039,3110346,2802011,183122,140947,301
1786373324675,312608,59408,14144,45192,3822428,88,1369685,87,1313056,221,3533163,181,3067011,129594,118244,208184,3137591,2823785,187843,144181,305
1786373324928,312608,57748,10188,40328,3820648,88,1382807,87,1325496,221,3570721,181,3099788,131343,119659,209994,3187512,2865810,190171,145620,309
1786373325190,312608,54188,12060,51424,3822108,88,1385021,87,1327634,221,3589183,181,3114381,132117,120390,210505,3195249,2872751,190235,145684,309
1786373325442,312608,57676,12956,45916,3816616,90,1395438,90,1338048,272,3607762,221,3131566,132594,120763,212253,3216198,2889642,190710,145960,313
1786373325694,312608,52856,12392,54684,3811432,90,1412651,90,1354356,272,3636690,221,3156400,134676,122464,215452,3254236,2923002,193330,148028,317
1786373325946,312608,56088,7784,38756,3804324,90,1429528,90,1371134,272,3666450,221,3183112,136848,124380,219146,3302617,2965436,196849,150889,321
1786373326199,312608,57700,7436,35128,3787648,90,1455724,90,1396310,272,3696588,221,3210495,138465,125799,224515,3342629,2997955,200988,154313,327
1786373326451,312608,56952,5876,33228,3784596,90,1484495,90,1424189,272,3728364,221,3237149,145321,132354,231668,3395993,3044017,209399,161165,334
1786373326703,312608,50960,10880,55424,3811528,90,1506565,90,1445644,272,3784161,221,3283971,147438,134177,236995,3446239,3087674,214626,165901,339
1786373326954,312608,58516,14912,48120,3808216,90,1521391,90,1460004,272,3819001,221,3313946,149508,136099,239947,3496529,3132521,217707,168522,344
1786373327206,312608,49792,5672,46992,3804688,200,1539835,200,1478341,458,3856616,380,3346251,152423,138785,243975,3537436,3168284,221940,171263,349
1786373327461,312608,63700,18492,45120,3815916,200,1552968,200,1491315,458,3897991,380,3385437,157713,143891,247450,3566588,3193999,223636,172398,353
1786373327715,312608,63724,18592,45288,3815920,200,1552968,200,1491315,458,3897991,380,3385437,157714,143892,247450,3566588,3193999,223636,172398,353
1786373327978,312608,63472,18496,45392,3816980,200,1553012,200,1491359,458,3898352,380,3385765,157980,144157,247450,3566588,3193999,223636,172398,353
1786373328231,312608,63472,18496,45392,3816980,200,1553012,200,1491359,458,3898352,380,3385765,157980,144157,247450,3566588,3193999,223636,172398,353
1786373328484,312608,63520,18576,45468,3816980,200,1553012,200,1491359,458,3898352,380,3385765,157980,144157,247450,3566588,3193999,223636,172398,353
1786373328736,312608,62064,17404,46184,3820596,200,1553012,200,1491359,458,3900624,380,3387836,158116,144299,247450,3566588,3193999,223636,172398,353
1786373328988,312608,62064,17404,46184,3820596,200,1553012,200,1491359,458,3900624,380,3387836,158116,144299,247450,3566588,3193999,223636,172398,353
1786373329241,312608,62064,17404,46184,3820596,164,1553012,164,1491359,411,3900624,347,3387836,158116,144299,247450,3566588,3193999,223636,172398,353
1786373329499,312608,62008,17384,46220,3820696,164,1553012,164,1491359,411,3901861,347,3389073,158141,144324,247450,3566588,3193999,223636,172398,353
1786373329750,312608,62008,17384,46220,3820696,164,1553012,164,1491359,411,3901861,347,3389073,158141,144324,247450,3566588,3193999,223636,172398,353
1786373330004,312608,62008,17384,46220,3820696,164,1553012,164,1491359,411,3901861,347,3389073,158141,144324,247450,3566588,3193999,223636,172398,353
1786373330257,312608,62008,17384,46220,3820696,164,1553012,164,1491359,411,3901861,347,3389073,158141,144324,247450,3566588,3193999,223636,172398,353
1786373330517,312608,62008,17416,46236,3820804,164,1553012,164,1491359,411,3902131,347,3389343,158168,144351,247450,3566588,3193999,223636,172398,353
1786373330770,312608,62008,17416,46236,3820804,164,1553012,164,1491359,411,3902131,347,3389343,158168,144351,247450,3566588,3193999,223636,172398,353
1786373331021,312608,62008,17416,46236,3820804,164,1553012,164,1491359,411,3902131,347,3389343,158168,144351,247450,3566588,3193999,223636,172398,353
1786373331274,312608,62008,17416,46236,3820804,134,1553012,134,1491359,337,3902131,284,3389343,158168,144351,247450,3566588,3193999,223636,172398,353
1786373331529,312608,61504,17020,46312,3820928,134,1553012,134,1491359,337,3902975,284,3390076,158200,144382,247450,3566588,3193999,223636,172398,353
1786373331780,312608,59544,15904,48144,3821316,134,1553012,134,1491359,337,3907741,284,3394568,158310,144483,247450,3566588,3193999,223636,172398,353
1786373332036,312608,59544,15980,48292,3821460,134,1553012,134,1491359,337,3907916,284,3394742,158342,144515,247450,3566588,3193999,223636,172398,353
1786373332298,312608,59488,16112,48692,3821512,134,1553012,134,1491359,337,3911036,284,3397625,158360,144528,247450,3566588,3193999,223636,172398,353
1786373332555,312608,59488,16112,48692,3821512,134,1553012,134,1491359,337,3911036,284,3397625,158360,144528,247450,3566588,3193999,223636,172398,353
1786373332808,312608,59488,16116,48692,3821512,134,1553012,134,1491359,337,3929049,284,3415638,158360,144528,247450,3566588,3193999,223636,172398,353
1786373333060,312608,59488,16116,48692,3821512,134,1553012,134,1491359,337,3929049,284,3415638,158360,144528,247450,3566588,3193999,223636,172398,353
1786373333320,312608,59488,16116,48692,3821512,110,1553012,110,1491359,294,3929049,250,3415638,158360,144528,247450,3566588,3193999,223636,172398,353
1786373333578,312608,59488,16116,48692,3821512,110,1553012,110,1491359,294,3929049,250,3415638,158360,144528,247450,3566588,3193999,223636,172398,353
1786373333829,312608,59488,16116,48692,3821512,110,1553012,110,1491359,294,3929049,250,3415638,158360,144528,247450,3566588,3193999,223636,172398,353
1786373334082,312608,59488,16116,48692,3821512,110,1553012,110,1491359,294,3929049,250,3415638,158360,144528,247450,3566588,3193999,223636,172398,353
1786373334338,312608,59488,16116,48692,3821512,110,1553012,110,1491359,294,3929049,250,3415638,158360,144528,247450,3566588,3193999,223636,172398,353
1786373334591,312608,59704,16332,48696,3821512,110,1553012,110,1491359,294,3929049,250,3415638,158360,144528,247450,3566588,3193999,223636,172398,353
1786373334850,312608,59704,16332,48696,3821512,110,1553012,110,1491359,294,3929049,250,3415638,158360,144528,247450,3566588,3193999,223636,172398,353
1786373335106,312608,59704,16332,48696,3821512,110,1553012,110,1491359,294,3929049,250,3415638,158360,144528,247450,3566588,3193999,223636,172398,353
1786373335370,312608,59704,16332,48696,3821512,90,1553012,90,1491359,240,3929049,204,3415638,158360,144528,247450,3566588,3193999,223636,172398,353
1786373335621,312608,52568,8364,47056,3827172,90,1559704,90,1497236,240,3960808,204,3444501,160477,146640,247904,3581402,3205238,223858,172530,355
1786373335873,312608,64616,18192,42748,3817572,90,1583371,90,1518365,240,4015355,204,3484678,161884,147789,251454,3638408,3251209,232512,177645,361
1786373336126,312608,51608,8172,48796,3820088,90,1596390,90,1530573,240,4055033,204,3517764,163824,149668,252879,3662987,3271973,234757,179480,363
1786373336378,312608,55908,2416,28628,3810160,90,1609632,90,1543712,240,4083903,204,3543171,165087,150766,256442,3705449,3308170,237709,181595,368
1786373336630,312608,55140,14356,53632,3801792,90,1625822,90,1558820,240,4126776,204,3573955,166014,151395,259219,3766247,3363737,240349,183498,373
1786373336882,312608,49372,536,37868,3792880,90,1645372,90,1578116,240,4160799,204,3604035,168850,154017,263881,3814958,3404945,242255,184858,379
1786373337134,312608,59036,11272,39964,3770932,90,1670768,90,1602841,240,4189329,204,3628842,171526,156444,271561,3861406,3443698,246486,188132,386
1786373337388,312608,56844,16016,54348,3804620,182,1685502,182,1617504,432,4223090,367,3659732,175891,160483,273626,3908112,3484476,248157,189335,390
1786373337638,312608,58200,16704,52652,3807520,182,1692008,182,1623932,432,4256949,367,3690063,176518,160990,273947,3951010,3524843,251277,191977,392
1786373337889,312608,54548,8320,43060,3811760,182,1710322,182,1641844,432,4294248,367,3724670,179702,163998,276819,3982720,3551131,254165,193900,396
1786373338150,312608,51120,10052,53200,3812708,182,1711150,182,1642671,432,4314446,367,3740414,179965,164243,276828,3984271,3552618,254303,193976,396
1786373338403,312608,51424,10404,53384,3812716,182,1711150,182,1642671,432,4314446,367,3740414,179966,164245,276828,3984271,3552618,254303,193976,396
1786373338656,312608,51424,10420,53416,3812832,182,1711150,182,1642671,432,4315538,367,3741506,179995,164274,276828,3984271,3552618,254303,193976,396
1786373338913,312608,51424,10420,53416,3812832,182,1711150,182,1642671,432,4315538,367,3741506,179995,164274,276828,3984271,3552618,254303,193976,396
1786373339165,312608,51224,10220,53416,3812864,182,1711150,182,1642671,432,4317272,367,3743034,180004,164282,276828,3984271,3552618,254303,193976,396
1786373339425,312608,51172,10176,53520,3812864,167,1711150,167,1642671,444,4317272,373,3743034,180004,164282,276828,3984271,3552618,254303,193976,396
1786373339681,312608,51224,10684,54476,3816496,167,1711150,167,1642671,444,4319726,373,3745252,180141,164435,276828,3984271,3552618,254303,193976,396
1786373339934,312608,51224,10684,54476,3816496,167,1711150,167,1642671,444,4319726,373,3745252,180141,164435,276828,3984271,3552618,254303,193976,396
1786373340189,312608,51224,10684,54476,3816496,167,1711150,167,1642671,444,4319726,373,3745252,180141,164435,276828,3984271,3552618,254303,193976,396
1786373340443,312608,51172,10808,54684,3816580,167,1711150,167,1642671,444,4322570,373,3747982,180163,164455,276828,3984271,3552618,254303,193976,396
1786373340698,312608,51172,10808,54684,3816580,167,1711150,167,1642671,444,4322570,373,3747982,180163,164455,276828,3984271,3552618,254303,193976,396
1786373340961,312608,51172,10808,54684,3816580,167,1711150,167,1642671,444,4322570,373,3747982,180163,164455,276828,3984271,3552618,254303,193976,396
1786373341217,312608,51172,10808,54684,3816580,137,1711150,137,1642671,364,4322570,305,3747982,180163,164455,276828,3984271,3552618,254303,193976,396
1786373341469,312608,51224,10860,54760,3816704,137,1711150,137,1642671,364,4323731,305,3749120,180195,164486,276828,3984271,3552618,254303,193976,396
1786373341726,312608,51224,10860,54764,3816704,137,1711150,137,1642671,364,4323731,305,3749120,180195,164486,276828,3984271,3552618,254303,193976,396
1786373341978,312608,51224,10860,54764,3816704,137,1711150,137,1642671,364,4323731,305,3749120,180195,164486,276828,3984271,3552618,254303,193976,396
1786373342232,312608,51024,10808,55060,3816756,137,1711169,137,1642691,364,4327501,305,3752791,180213,164499,276828,3984271,3552618,254303,193976,396
1786373342486,312608,50920,10788,55280,3816756,137,1711169,137,1642691,364,4327501,305,3752791,180213,164499,276828,3984271,3552618,254303,193976,396
1786373342745,312608,50920,10788,55280,3816756,137,1711169,137,1642691,364,4327501,305,3752791,180213,164499,276828,3984271,3552618,254303,193976,396
1786373343005,312608,50920,10788,55280,3816772,137,1711169,137,1642691,364,4327501,305,3752791,180217,164503,276828,3984271,3552618,254303,193976,396
1786373343262,312608,50920,10788,55280,3816772,112,1711169,112,1642691,298,4327501,250,3752791,180217,164503,276828,3984271,3552618,254303,193976,396
1786373343518,312608,50920,10788,55280,3816772,112,1711169,112,1642691,298,4327501,250,3752791,180217,164503,276828,3984271,3552618,254303,193976,396
1786373343778,312608,50920,10788,55280,3816772,112,1711169,112,1642691,298,4327501,250,3752791,180217,164503,276828,3984271,3552618,254303,193976,396
1786373344039,312608,50920,10788,55280,3816772,112,1711169,112,1642691,298,4327501,250,3752791,180217,164503,276828,3984271,3552618,254303,193976,396
1786373344295,312608,50920,10788,55280,3816772,112,1711169,112,1642691,298,4327501,250,3752791,180217,164503,276828,3984271,3552618,254303,193976,396
1786373344548,312608,50920,10788,55280,3816772,112,1711169,112,1642691,298,4327501,250,3752791,180217,164503,276828,3984271,3552618,254303,193976,396
1786373344807,312608,50920,10788,55280,3816772,112,1711169,112,1642691,298,4327501,250,3752791,180217,164503,276828,3984271,3552618,254303,193976,396
1786373345062,312608,50920,10788,55280,3816772,112,1711169,112,1642691,298,4327501,250,3752791,180217,164503,276828,3984271,3552618,254303,193976,396
1786373345321,312608,50920,10788,55280,3816772,92,1711169,91,1642691,244,4327501,204,3752791,180217,164503,276828,3984271,3552618,254303,193976,396
1786373345580,312608,50920,10788,55280,3816772,92,1711169,91,1642691,244,4327501,204,3752791,180217,164503,276828,3984271,3552618,254303,193976,396
1786373345832,312608,50920,10788,55280,3816772,92,1711169,91,1642691,244,4327501,204,3752791,180217,164503,276828,3984271,3552618,254303,193976,396
1786373346093,312608,50920,10788,55280,3816772,92,1711169,91,1642691,244,4327501,204,3752791,180217,164503,276828,3984271,3552618,254303,193976,396
1786373346346,312608,50920,10788,55280,3816772,92,1711169,91,1642691,244,4327501,204,3752791,180217,164503,276828,3984271,3552618,254303,193976,396
1786373346598,312608,55408,12012,49188,3822408,92,1717724,91,1649197,244,4351555,204,3774212,182271,166559,277233,3999829,3566292,256052,195048,398
1786373346848,312608,53112,9416,47824,3817536,92,1734254,91,1663090,244,4399986,204,3815670,183825,167997,279859,4038744,3600564,261522,198515,402
1786373347104,312608,46112,3204,49788,3819640,92,1741929,91,1670579,244,4432275,204,3842624,185228,169272,280865,4064019,3622848,265037,201312,404
1786373347355,312608,61384,15564,44048,3820236,93,1744882,93,1673518,290,4441305,240,3851239,185680,169710,281148,4069655,3627606,265172,201414,405
1786373347608,312608,49816,320,36600,3808968,93,1761441,93,1689859,290,4472814,240,3879854,187105,170965,285213,4110928,3662541,266909,202504,410
1786373347861,312608,55596,8792,42456,3798984,93,1779496,93,1707655,290,4503908,240,3906947,187720,171366,288174,4158832,3705184,270763,205433,415
1786373348113,312608,54016,5608,38752,3790264,93,1803284,93,1730808,290,4538955,240,3938477,190744,174159,292922,4205990,3745590,274445,208500,421
1786373348364,312608,61024,7560,28560,3776096,93,1834927,93,1761922,290,4573033,240,3967349,196736,179936,302083,4259670,3791025,281643,213994,429
1786373348618,312608,53464,9904,48460,3802564,93,1844156,93,1771034,290,4606590,240,3998451,197442,180423,302770,4299169,3826286,282577,214740,431
1786373348870,312608,53648,9336,47036,3804408,93,1853418,93,1779730,290,4635578,240,4025102,198413,181263,303703,4345292,3868848,283803,215700,434
1786373349127,312608,57600,15268,51112,3810136,93,1872014,93,1797177,290,4677619,240,4058870,202788,185416,307429,4382037,3900694,287048,218334,439
1786373349383,312608,56812,14836,51580,3810188,185,1872014,185,1797177,455,4677619,378,4058870,202798,185426,307429,4382037,3900694,287048,218334,439
1786373349638,312608,56812,14892,51644,3810296,185,1872014,185,1797177,455,4678763,378,4059932,202825,185453,307429,4382037,3900694,287048,218334,439
1786373349889,312608,58740,13928,46272,3813656,185,1884055,185,1808161,455,4717631,378,4094282,205249,187785,308868,4404534,3918321,291415,220941,442
1786373350144,312608,59624,15768,47948,3815540,185,1898124,185,1821536,455,4755605,378,4126547,207068,189298,310709,4449447,3958040,294423,223138,446
1786373350398,312608,57932,13848,47208,3812584,185,1911110,185,1834290,455,4796405,378,4163749,208479,190618,312532,4475234,3976648,297493,225090,449
1786373350660,312608,59128,14908,46912,3819292,185,1914475,185,1837475,455,4809218,378,4174116,209425,191432,312901,4489917,3990436,297813,225330,450
1786373350912,312608,58372,14160,46952,3820248,185,1914475,185,1837475,455,4809297,378,4174167,209665,191671,312901,4489917,3990436,297813,225330,450
1786373351163,312608,58372,14160,46952,3820248,185,1914475,185,1837475,455,4809297,378,4174167,209665,191671,312901,4489917,3990436,297813,225330,450
1786373351419,312608,58372,14160,46952,3820248,187,1914475,169,1837475,480,4809297,400,4174167,209665,191671,312901,4489917,3990436,297813,225330,450
1786373351671,312608,58120,13964,47112,3820372,187,1914475,169,1837475,480,4811176,400,4175846,209697,191702,312901,4489917,3990436,297813,225330,450
1786373351922,312608,58120,13964,47112,3820372,187,1914475,169,1837475,480,4811176,400,4175846,209697,191702,312901,4489917,3990436,297813,225330,450
1786373352174,312608,58120,14040,47260,3820404,187,1914475,169,1837475,480,4813318,400,4177772,209709,191711,312901,4489917,3990436,297813,225330,450
1786373352431,312608,57868,13908,47528,3820424,187,1914475,169,1837475,480,4815415,400,4179809,209715,191715,312901,4489917,3990436,297813,225330,450
1786373352690,312608,57868,13908,47528,3820424,187,1914475,169,1837475,480,4815415,400,4179809,209715,191715,312901,4489917,3990436,297813,225330,450
1786373352942,312608,57868,13908,47528,3820424,187,1914475,169,1837475,480,4815415,400,4179809,209715,191715,312901,4489917,3990436,297813,225330,450
1786373353203,312608,57868,13908,47528,3820456,187,1914475,169,1837475,480,4816369,400,4180505,209724,191723,312901,4489917,3990436,297813,225330,450
1786373353455,312608,57868,13924,47600,3820468,153,1914475,138,1837475,394,4816369,327,4180505,209728,191727,312901,4489917,3990436,297813,225330,450
1786373353717,312608,57868,13924,47600,3820488,153,1914475,138,1837475,394,4817141,327,4181162,209732,191731,312901,4489917,3990436,297813,225330,450
1786373353969,312608,57868,13924,47600,3820488,153,1914475,138,1837475,394,4817141,327,4181162,209732,191731,312901,4489917,3990436,297813,225330,450
1786373354226,312608,57868,13924,47600,3820488,153,1914475,138,1837475,394,4817141,327,4181162,209732,191731,312901,4489917,3990436,297813,225330,450
1786373354487,312608,57868,13924,47616,3820488,153,1914475,138,1837475,394,4817141,327,4181162,209732,191731,312901,4489917,3990436,297813,225330,450
1786373354747,312608,57868,13924,47616,3820488,153,1914475,138,1837475,394,4817141,327,4181162,209732,191731,312901,4489917,3990436,297813,225330,450
1786373354999,312608,57868,13924,47616,3820488,153,1914475,138,1837475,394,4817141,327,4181162,209732,191731,312901,4489917,3990436,297813,225330,450
1786373355251,312608,57868,13924,47616,3820488,126,1914475,112,1837475,322,4817141,268,4181162,209732,191731,312901,4489917,3990436,297813,225330,450
1786373355505,312608,57868,13924,47616,3820488,126,1914475,112,1837475,322,4817141,268,4181162,209732,191731,312901,4489917,3990436,297813,225330,450
1786373355766,312608,57868,13960,47652,3820488,126,1914475,112,1837475,322,4823514,268,4187186,209732,191731,312901,4489917,3990436,297813,225330,450
1786373356028,312608,57868,13960,47652,3820488,126,1914475,112,1837475,322,4823514,268,4187186,209732,191731,312901,4489917,3990436,297813,225330,450
1786373356284,312608,57868,14012,47716,3820488,126,1914475,112,1837475,322,4823514,268,4187186,209732,191731,312901,4489917,3990436,297813,225330,450
1786373356540,312608,57868,14012,47716,3820488,126,1914475,112,1837475,322,4823514,268,4187186,209732,191731,312901,4489917,3990436,297813,225330,450
1786373356802,312608,57868,14012,47716,3820488,126,1914475,112,1837475,322,4823514,268,4187186,209732,191731,312901,4489917,3990436,297813,225330,450
1786373357057,312608,57868,14012,47716,3820488,126,1914475,112,1837475,322,4823514,268,4187186,209732,191731,312901,4489917,3990436,297813,225330,450
1786373357318,312608,57868,14012,47716,3820488,103,1914475,93,1837475,264,4823514,219,4187186,209732,191731,312901,4489917,3990436,297813,225330,450
1786373357570,312608,64620,16940,40316,3819968,103,1921468,93,1844208,264,4840737,219,4201895,210460,192371,313648,4508478,4005203,298886,225906,452
1786373357840,312608,49040,4928,47560,3817856,103,1937072,93,1859119,264,4896860,219,4251843,212342,194023,315561,4549496,4040099,304968,229545,456
1786373358092,312608,57476,12824,46828,3817452,103,1947652,93,1868918,264,4922821,219,4270469,213597,195225,316815,4572867,4059404,305400,229842,459
1786373358345,312608,54620,8044,42628,3809700,103,1962068,93,1883000,264,4959464,219,4301049,214501,195927,319506,4610873,4092097,307228,231048,463
1786373358598,312608,53688,11992,52284,3801524,103,1985069,93,1903795,264,5000385,219,4332047,217139,198272,324044,4671627,4147034,310608,233748,470
1786373358850,312608,54080,6652,40756,3789584,103,2006269,93,1924558,264,5030183,219,4358546,218687,199594,328267,4728482,4194621,313784,235938,476
1786373359105,312608,51752,4508,41080,3764784,103,2029671,93,1947480,264,5058952,219,4384183,221370,202083,336563,4767400,4227253,318403,239702,482
1786373359357,312608,59880,14708,45196,3800764,193,2049016,184,1966500,433,5090373,361,4412434,225445,205886,341176,4810233,4265618,321825,242200,487
1786373359608,312608,58832,16012,49988,3803188,193,2058193,184,1975059,433,5123469,361,4442589,226108,206407,341605,4854861,4307141,322692,242985,490
1786373359859,312608,50452,6732,48092,3806420,193,2074964,184,1991444,433,5165987,361,4482230,229722,209824,345147,4890835,4337070,324027,243905,494
1786373360110,312608,52096,10748,52696,3808284,193,2079652,184,1995998,433,5189607,361,4498999,230260,210347,345221,4895027,4340709,324368,244116,495
1786373360371,312608,51576,10544,53556,3808316,193,2080079,184,1996425,433,5190550,361,4499847,230270,210355,345221,4895197,4340849,324368,244116,496
1786373360624,312608,51576,10544,53556,3808316,193,2080085,184,1996431,433,5190550,361,4499847,230270,210355,345221,4895197,4340849,324368,244116,496
1786373360877,312608,51576,10544,53556,3808316,193,2080085,184,1996431,433,5190550,361,4499847,230270,210355,345221,4895197,4340849,324368,244116,496
1786373361139,312608,51576,10544,53556,3808316,193,2080085,184,1996431,433,5190550,361,4499847,230270,210355,345221,4895197,4340849,324368,244116,496
1786373361399,312608,51576,10544,53556,3808316,176,2080085,169,1996431,445,5190550,368,4499847,230270,210355,345221,4895197,4340849,324368,244116,496
1786373361652,312608,51072,10716,54888,3812176,176,2080085,169,1996431,445,5194623,368,4503663,230465,210565,345221,4895197,4340849,324368,244116,496
1786373361905,312608,50068,10248,55980,3812656,176,2080085,169,1996431,445,5196552,368,4505380,230592,210685,345221,4895197,4340849,324368,244116,496
1786373362158,312608,50068,10248,55980,3812656,176,2080085,169,1996431,445,5196552,368,4505380,230592,210685,345221,4895197,4340849,324368,244116,496
1786373362412,312608,61320,19052,51176,3812708,176,2083348,169,1999694,445,5199659,368,4508120,230610,210698,345221,4896709,4342121,324440,244155,496
1786373362664,312608,60816,18592,51196,3812824,176,2083348,169,1999694,445,5200282,368,4508743,230639,210727,345221,4896709,4342121,324440,244155,496
1786373362918,312608,60816,18592,51196,3812824,176,2083348,169,1999694,445,5200282,368,4508743,230639,210727,345221,4896709,4342121,324440,244155,496
1786373363178,312608,60816,18592,51196,3812824,176,2083348,169,1999694,445,5200282,368,4508743,230639,210727,345221,4896709,4342121,324440,244155,496
1786373363430,312608,60824,18608,51088,3812824,144,2083348,138,1999694,365,5200282,301,4508743,230639,210727,345221,4896709,4342121,324440,244155,496
1786373363682,312608,60824,18608,51088,3812824,144,2083348,138,1999694,365,5200282,301,4508743,230639,210727,345221,4896709,4342121,324440,244155,496
1786373363934,312608,60824,18608,51088,3812824,144,2083348,138,1999694,365,5200282,301,4508743,230639,210727,345221,4896709,4342121,324440,244155,496
1786373364196,312608,60824,18608,51088,3812824,144,2083348,138,1999694,365,5200282,301,4508743,230639,210727,345221,4896709,4342121,324440,244155,496
1786373364453,312608,60824,18608,51088,3812824,144,2083348,138,1999694,365,5200282,301,4508743,230639,210727,345221,4896709,4342121,324440,244155,496
1786373364706,312608,60824,18608,51088,3812824,144,2083348,138,1999694,365,5200282,301,4508743,230639,210727,345221,4896709,4342121,324440,244155,496
1786373364961,312608,60824,18608,51088,3812824,144,2083348,138,1999694,365,5200282,301,4508743,230639,210727,345221,4896709,4342121,324440,244155,496
1786373365214,312608,60824,18608,51088,3812824,144,2083348,138,1999694,365,5200282,301,4508743,230639,210727,345221,4896709,4342121,324440,244155,496
1786373365465,312608,60824,18608,51088,3812824,118,2083348,112,1999694,298,5200282,246,4508743,230639,210727,345221,4896709,4342121,324440,244155,496
1786373365717,312608,60824,18608,51088,3812824,118,2083348,112,1999694,298,5200282,246,4508743,230639,210727,345221,4896709,4342121,324440,244155,496
1786373365969,312608,60824,18608,51088,3812824,118,2083348,112,1999694,298,5200282,246,4508743,230639,210727,345221,4896709,4342121,324440,244155,496
1786373366222,312608,60824,18608,51088,3812824,118,2083348,112,1999694,298,5200282,246,4508743,230639,210727,345221,4896709,4342121,324440,244155,496
1786373366477,312608,60824,18608,51088,3812824,118,2083348,112,1999694,298,5200282,246,4508743,230639,210727,345221,4896709,4342121,324440,244155,496
1786373366729,312608,60824,18608,51088,3812824,118,2083348,112,1999694,298,5200282,246,4508743,230639,210727,345221,4896709,4342121,324440,244155,496
1786373366981,312608,60824,18608,51088,3812824,118,2083348,112,1999694,298,5200282,246,4508743,230639,210727,345221,4896709,4342121,324440,244155,496
1786373367236,312608,60824,18608,51088,3812824,96,2083348,93,1999694,244,5200282,202,4508743,230639,210727,345221,4896709,4342121,324440,244155,496
1786373367495,312608,60824,18608,51088,3812824,96,2083348,93,1999694,244,5200282,202,4508743,230639,210727,345221,4896709,4342121,324440,244155,496
1786373367748,312608,60824,18608,51088,3812824,96,2083348,93,1999694,244,5200282,202,4508743,230639,210727,345221,4896709,4342121,324440,244155,496
1786373368004,312608,60824,18608,51088,3812824,96,2083348,93,1999694,244,5200282,202,4508743,230639,210727,345221,4896709,4342121,324440,244155,496
1786373368257,312608,60824,18608,51088,3812824,96,2083348,93,1999694,244,5200282,202,4508743,230639,210727,345221,4896709,4342121,324440,244155,496
1786373368509,312608,58548,14716,48276,3814380,96,2084075,93,2000421,244,5208289,202,4515551,231044,211127,345221,4899926,4345171,324440,244155,497
1786373368759,312608,56820,8708,39392,3815076,96,2101283,93,2017117,244,5254898,202,4553739,234430,214473,348190,4938862,4376759,329875,247289,502
1786373369021,312608,57160,13124,47980,3813124,96,2127376,93,2039318,244,5326923,202,4600196,237006,216926,351113,4993091,4423594,336278,251432,507
1786373369274,312608,52664,9884,50212,3805760,133,2148109,112,2059189,345,5368579,274,4633468,238291,217950,354009,5043516,4467403,341900,255671,512
1786373369527,312608,49584,9276,55144,3801072,133,2167686,112,2078483,345,5402756,274,4660379,240506,219922,357534,5099315,4517474,345588,258645,517
1786373369779,312608,61836,8856,29632,3793300,133,2190763,112,2101381,345,5435808,274,4690959,242871,222090,361626,5149452,4559858,350577,262319,522
1786373370030,312608,61068,9068,31456,3774336,133,2212652,112,2123168,345,5464896,274,4717252,244940,223957,368005,5190621,4593514,354491,265083,528
1786373370289,312608,51420,8448,49836,3797892,133,2242007,112,2151769,345,5498709,274,4746170,250849,229562,376110,5245301,4640847,362585,271455,536
1786373370542,312608,52124,8372,48004,3799204,133,2247828,112,2157518,345,5532731,274,4777174,251353,229891,376329,5285093,4677943,362961,271774,538
1786373370793,312608,53452,7456,43424,3797300,133,2264312,112,2173755,345,5572037,274,4813569,254421,232757,379970,5325570,4711969,363912,272542,543
1786373371055,312608,63492,17916,44320,3805844,133,2267679,112,2177101,345,5585539,274,4826684,255577,233875,379970,5327564,4713621,364024,272584,543
1786373371307,312608,52076,6384,44312,3806880,218,2270777,200,2180118,500,5610449,405,4847046,255852,234133,379970,5330709,4716604,364605,273114,544
1786373371570,312608,51572,5984,44488,3807008,218,2270777,200,2180118,500,5611616,405,4848115,255885,234165,379970,5330709,4716604,364605,273114,544
1786373371823,312608,51572,5984,44488,3807008,218,2270777,200,2180118,500,5611616,405,4848115,255885,234165,379970,5330709,4716604,364605,273114,544
1786373372084,312608,51572,5984,44488,3807008,218,2270777,200,2180118,500,5611616,405,4848115,255885,234165,379970,5330709,4716604,364605,273114,544
1786373372337,312608,50760,5404,44936,3807060,218,2270777,200,2180118,500,5615764,405,4851986,255903,234178,379970,5330709,4716604,364605,273114,544
1786373372590,312608,45224,1872,48844,3810652,218,2270777,200,2180118,500,5623288,405,4858165,256042,234331,379970,5330709,4716604,364605,273114,544
1786373372848,312608,45216,1868,48844,3810652,218,2270777,200,2180118,500,5623288,405,4858165,256042,234331,379970,5330709,4716604,364605,273114,544
1786373373109,312608,45216,1868,48844,3810652,218,2270777,200,2180118,500,5623288,405,4858165,256042,234331,379970,5330709,4716604,364605,273114,544
1786373373368,312608,45216,1868,48844,3810652,178,2270777,164,2180118,409,5623288,332,4858165,256042,234331,379970,5330709,4716604,364605,273114,544
1786373373625,312608,45216,1924,48924,3810752,178,2270777,164,2180118,409,5624784,332,4859649,256067,234356,379970,5330709,4716604,364605,273114,544
1786373373885,312608,45216,1924,48924,3810752,178,2270777,164,2180118,409,5624784,332,4859649,256067,234356,379970,5330709,4716604,364605,273114,544
1786373374139,312608,45216,1924,48924,3810752,178,2270777,164,2180118,409,5624784,332,4859649,256067,234356,379970,5330709,4716604,364605,273114,544
1786373374391,312608,45216,1924,48924,3810752,178,2270777,164,2180118,409,5624784,332,4859649,256067,234356,379970,5330709,4716604,364605,273114,544
1786373374643,312608,45216,1924,49044,3810788,178,2270777,164,2180118,409,5626328,332,4861053,256077,234365,379970,5330709,4716604,364605,273114,544
1786373374896,312608,45216,1924,49044,3810788,178,2270777,164,2180118,409,5626328,332,4861053,256077,234365,379970,5330709,4716604,364605,273114,544
1786373375156,312608,45216,1924,49044,3810788,178,2270777,164,2180118,409,5626328,332,4861053,256077,234365,379970,5330709,4716604,364605,273114,544
1786373375409,312608,45216,1924,49044,3810788,146,2270777,134,2180118,335,5626328,271,4861053,256077,234365,379970,5330709,4716604,364605,273114,544
1786373375663,312608,45216,1924,49044,3810788,146,2270777,134,2180118,335,5626328,271,4861053,256077,234365,379970,5330709,4716604,364605,273114,544
1786373375922,312608,45216,1924,49044,3810788,146,2270777,134,2180118,335,5626328,271,4861053,256077,234365,379970,5330709,4716604,364605,273114,544
1786373376179,312608,45216,1924,49044,3810788,146,2270777,134,2180118,335,5626328,271,4861053,256077,234365,379970,5330709,4716604,364605,273114,544
1786373376438,312608,45216,1924,49044,3810788,146,2270777,134,2180118,335,5626328,271,4861053,256077,234365,379970,5330709,4716604,364605,273114,544
1786373376698,312608,45216,1924,49044,3810788,146,2270777,134,2180118,335,5626328,271,4861053,256077,234365,379970,5330709,4716604,364605,273114,544
1786373376955,312608,45216,1924,49044,3810788,146,2270777,134,2180118,335,5626328,271,4861053,256077,234365,379970,5330709,4716604,364605,273114,544
1786373377207,312608,45216,1924,49048,3810788,146,2270777,134,2180118,335,5626328,271,4861053,256077,234365,379970,5330709,4716604,364605,273114,544
1786373377458,312608,45216,1924,49048,3810788,119,2270777,110,2180118,274,5626328,222,4861053,256077,234365,379970,5330709,4716604,364605,273114,544
1786373377718,312608,45216,1924,49048,3810788,119,2270777,110,2180118,274,5626328,222,4861053,256077,234365,379970,5330709,4716604,364605,273114,544
1786373377974,312608,45216,1924,49048,3810788,119,2270777,110,2180118,274,5626328,222,4861053,256077,234365,379970,5330709,4716604,364605,273114,544
1786373378231,312608,45216,1924,49048,3810788,119,2270777,110,2180118,274,5626328,222,4861053,256077,234365,379970,5330709,4716604,364605,273114,544
1786373378491,312608,45216,1924,49048,3810788,119,2270777,110,2180118,274,5626328,222,4861053,256077,234365,379970,5330709,4716604,364605,273114,544
1786373378743,312608,45216,1924,49048,3810788,119,2270777,110,2180118,274,5626328,222,4861053,256077,234365,379970,5330709,4716604,364605,273114,544
1786373378996,312608,45216,1924,49048,3810788,119,2270777,110,2180118,274,5626328,222,4861053,256077,234365,379970,5330709,4716604,364605,273114,544
1786373379249,312608,45216,1924,49048,3810788,97,2270777,90,2180118,224,5626328,182,4861053,256077,234365,379970,5330709,4716604,364605,273114,544
1786373379500,312608,59876,16216,48676,3812244,97,2272702,90,2181488,224,5633659,182,4867166,256454,234742,379972,5333017,4718468,364709,273191,544
1786373379751,312608,59392,12872,42556,3812824,97,2288142,90,2196761,224,5675336,182,4902238,259630,237838,382789,5370080,4747644,369528,276368,549
1786373380005,312608,56156,11232,45912,3813408,97,2307982,90,2214922,224,5734401,182,4944537,262314,240077,384978,5423344,4791678,377259,280950,553
1786373380256,312608,57560,10060,40596,3802980,97,2328560,90,2234799,224,5775042,182,4976893,263583,241081,388668,5473036,4834042,383815,285451,559
1786373380510,312608,54928,11376,48600,3801996,97,2349987,90,2255052,224,5805240,182,5000845,266273,243505,392189,5526725,4882433,391379,291417,564
1786373380762,312608,52936,5340,40592,3791404,97,2367905,90,2272579,224,5836079,182,5028222,268383,245395,396705,5575143,4924308,394831,294001,569
1786373381018,312608,48752,0,29404,3779272,97,2392391,90,2296925,224,5869418,182,5056376,270287,247037,401162,5625525,4967031,399875,298132,575
1786373381273,312608,60792,8596,31440,3761344,206,2427263,200,2330250,419,5906870,348,5086802,275163,251602,409984,5690211,5023041,407250,303636,583
1786373381534,312608,48308,7008,52796,3794976,206,2449256,200,2351522,419,5954877,348,5126372,279403,255545,415060,5745035,5069101,410695,306379,589
1786373381799,312608,52984,8588,46160,3796344,206,2481701,200,2380864,419,6039055,348,5190181,284008,259820,419265,5811054,5124341,421500,313246,597
1786373382055,312608,63896,15168,37880,3787500,206,2510563,200,2407133,419,6124399,348,5257641,285767,261314,423462,5886702,5191721,430708,319906,604
1786373382308,726304,355036,347244,114412,3807800,206,2521734,200,2416125,419,6172562,348,5293058,290545,265730,424167,5913330,5214793,433715,322172,606
1786373382561,1407264,1044124,1036588,115008,3809960,206,2521734,200,2416125,419,6184514,348,5304810,290771,265955,424167,5913330,5214793,433715,322172,606
1786373382812,2125088,1761820,1754256,115008,3809964,206,2521734,200,2416125,419,6184514,348,5304810,290772,265956,424167,5913330,5214793,433715,322172,606
1786373383062,2849056,2479516,2471916,115008,3810720,206,2521734,200,2416125,419,6184514,348,5304810,290961,266145,424167,5913330,5214793,433715,322172,606
1786373383322,3599648,3234004,3226136,115008,3810720,241,2521734,236,2416125,579,6184514,466,5304810,290961,266145,424167,5913330,5214793,433715,322172,606
1786373383573,3982624,3613012,3604356,115668,3814332,241,2521734,236,2416125,579,6185027,466,5305267,291096,266292,424167,5913330,5214793,433715,322172,606
1786373383830,3982624,3613012,3604356,115668,3814332,241,2521734,236,2416125,579,6185027,466,5305267,291096,266292,424167,5913330,5214793,433715,322172,606
1786373384082,3982624,3613012,3604356,115668,3814332,241,2521734,236,2416125,579,6185027,466,5305267,291096,266292,424167,5913330,5214793,433715,322172,606
1786373384341,3982624,3613012,3604356,115668,3814332,241,2521734,236,2416125,579,6185027,466,5305267,291096,266292,424167,5913330,5214793,433715,322172,606
1786373384596,3982624,3613012,3604356,115668,3814332,241,2521734,236,2416125,579,6185027,466,5305267,291096,266292,424167,5913330,5214793,433715,322172,606
1786373384850,3982624,3613012,3604356,115668,3814332,241,2521734,236,2416125,579,6185027,466,5305267,291096,266292,424167,5913330,5214793,433715,322172,606
1786373385109,3982624,3613012,3604356,115668,3814332,241,2521734,236,2416125,579,6185027,466,5305267,291096,266292,424167,5913330,5214793,433715,322172,606
1786373385369,3982624,3613444,3604788,115668,3814332,198,2521734,193,2416125,474,6185027,382,5305267,291096,266292,424167,5913330,5214793,433715,322172,606
1786373385629,3982624,3613444,3604788,115668,3814364,198,2521734,193,2416125,474,6185027,382,5305267,291104,266300,424167,5913330,5214793,433715,322172,606
1786373385883,3982624,3613444,3604788,115668,3814364,198,2521734,193,2416125,474,6185027,382,5305267,291104,266300,424167,5913330,5214793,433715,322172,606
1786373386143,3982624,3613444,3604788,115668,3814364,198,2521734,193,2416125,474,6185027,382,5305267,291104,266300,424167,5913330,5214793,433715,322172,606
1786373386399,3982624,3614240,3605584,115668,3814364,198,2521734,193,2416125,474,6185027,382,5305267,291104,266300,424167,5913330,5214793,433715,322172,606
1786373386653,3982624,3614240,3605584,115668,3814364,198,2521734,193,2416125,474,6185027,382,5305267,291104,266300,424167,5913330,5214793,433715,322172,606
1786373386914,3982624,3614240,3605584,115668,3814364,198,2521734,193,2416125,474,6185027,382,5305267,291104,266300,424167,5913330,5214793,433715,322172,606
1786373387176,3982624,3614240,3605584,115668,3814364,198,2521734,193,2416125,474,6185027,382,5305267,291104,266300,424167,5913330,5214793,433715,322172,606
