ts_ms,mem_total_kib,mem_free_kib,mem_available_kib,cached_kib,swap_free_kib,mem_some_avg10,mem_some_total_us,mem_full_avg10,mem_full_total_us,io_some_avg10,io_some_total_us,io_full_avg10,io_full_total_us,pgmajfault,pswpin,pswpout,pgscan_kswapd,pgsteal_kswapd,pgscan_direct,pgsteal_direct,kswapd_cpu_ticks
1786394727597,12368896,8263184,8685584,1440304,8388592,0,331,0,296,448,930385,389,803748,561,0,0,0,0,0,0,0
1786394728098,12368896,8265664,8688480,1440816,8388592,0,331,0,296,438,959552,391,831930,563,0,0,0,0,0,0,0
1786394728604,12368896,8265664,8688544,1440800,8388592,0,331,0,296,438,959552,391,831930,563,0,0,0,0,0,0,0
1786394729113,12368896,8265664,8688544,1440800,8388592,0,331,0,296,438,959552,391,831930,563,0,0,0,0,0,0,0
1786394729625,12368896,8265664,8688544,1440816,8388592,0,331,0,296,438,959552,391,831930,563,0,0,0,0,0,0,0
1786394730128,12368896,8265664,8688544,1440816,8388592,0,331,0,296,360,959552,320,831930,563,0,0,0,0,0,0,0
1786394730639,12368896,8265664,8688544,1440816,8388592,0,331,0,296,360,959552,320,831930,563,0,0,0,0,0,0,0
1786394731146,12368896,8265664,8688544,1440816,8388592,0,331,0,296,360,959552,320,831930,563,0,0,0,0,0,0,0
1786394731649,12368896,8265664,8688560,1440816,8388592,0,331,0,296,360,959552,320,831930,563,0,0,0,0,0,0,0
1786394732154,12368896,8265664,8688560,1440816,8388592,0,331,0,296,294,959552,262,831930,563,0,0,0,0,0,0,0
1786394732658,12368896,8265664,8688560,1440816,8388592,0,331,0,296,294,959552,262,831930,563,0,0,0,0,0,0,0
1786394733169,12368896,8265664,8688560,1440816,8388592,0,331,0,296,294,959552,262,831930,563,0,0,0,0,0,0,0
1786394733671,12368896,8265664,8688560,1440816,8388592,0,331,0,296,294,959552,262,831930,563,0,0,0,0,0,0,0
1786394734177,12368896,8265664,8688560,1440816,8388592,0,331,0,296,241,959552,214,831930,563,0,0,0,0,0,0,0
1786394734689,12368896,8265664,8688560,1440816,8388592,0,331,0,296,241,959552,214,831930,563,0,0,0,0,0,0,0
1786394735196,12368896,8265664,8688560,1440816,8388592,0,331,0,296,241,959552,214,831930,563,0,0,0,0,0,0,0
1786394735706,12368896,8265664,8688560,1440816,8388592,0,331,0,296,241,959552,214,831930,563,0,0,0,0,0,0,0
1786394736218,12368896,8265664,8688560,1440816,8388592,0,331,0,296,197,959552,175,831930,563,0,0,0,0,0,0,0
1786394736723,12368896,8265664,8688560,1440816,8388592,0,331,0,296,197,959552,175,831930,563,0,0,0,0,0,0,0
1786394737228,12368896,8265664,8688560,1440816,8388592,0,331,0,296,197,959552,175,831930,563,0,0,0,0,0,0,0
1786394737729,12368896,8265664,8688560,1440816,8388592,0,331,0,296,197,959552,175,831930,563,0,0,0,0,0,0,0
1786394738231,12368896,8265664,8688560,1440816,8388592,0,331,0,296,161,959552,143,831930,563,0,0,0,0,0,0,0
1786394738734,12368896,8265664,8688560,1440816,8388592,0,331,0,296,161,959552,143,831930,563,0,0,0,0,0,0,0
1786394739241,12368896,8265664,8688560,1440816,8388592,0,331,0,296,161,959552,143,831930,563,0,0,0,0,0,0,0
1786394739752,12368896,8265664,8688560,1440816,8388592,0,331,0,296,161,959552,143,831930,563,0,0,0,0,0,0,0
1786394740263,12368896,8265664,8688560,1440816,8388592,0,331,0,296,132,959552,117,831930,563,0,0,0,0,0,0,0
1786394740773,12368896,8265664,8688560,1440816,8388592,0,331,0,296,132,959552,117,831930,563,0,0,0,0,0,0,0
1786394741282,12368896,8265664,8688560,1440816,8388592,0,331,0,296,132,959552,117,831930,563,0,0,0,0,0,0,0
1786394741794,12368896,8265664,8688560,1440816,8388592,0,331,0,296,132,959552,117,831930,563,0,0,0,0,0,0,0
1786394742299,12368896,8265664,8688560,1440816,8388592,0,331,0,296,108,959552,96,831930,563,0,0,0,0,0,0,0
1786394742804,12368896,8265664,8688560,1440816,8388592,0,331,0,296,108,959552,96,831930,563,0,0,0,0,0,0,0
1786394743308,12368896,8265664,8688560,1440816,8388592,0,331,0,296,108,959552,96,831930,563,0,0,0,0,0,0,0
1786394743810,12368896,8265664,8688560,1440816,8388592,0,331,0,296,108,959552,96,831930,563,0,0,0,0,0,0,0
1786394744321,12368896,8265664,8688560,1440816,8388592,0,331,0,296,88,959552,78,831930,563,0,0,0,0,0,0,0
1786394744833,12368896,8265664,8688560,1440816,8388592,0,331,0,296,88,959552,78,831930,563,0,0,0,0,0,0,0
1786394745340,12368896,8265664,8688560,1440816,8388592,0,331,0,296,88,959552,78,831930,563,0,0,0,0,0,0,0
1786394745842,12368896,8265664,8688560,1440816,8388592,0,331,0,296,88,959552,78,831930,563,0,0,0,0,0,0,0
1786394746351,12368896,8265664,8688560,1440816,8388592,0,331,0,296,72,959552,64,831930,563,0,0,0,0,0,0,0
1786394746861,12368896,8265664,8688560,1440816,8388592,0,331,0,296,72,959552,64,831930,563,0,0,0,0,0,0,0
1786394747373,12368896,8265664,8688560,1440816,8388592,0,331,0,296,72,959552,64,831930,563,0,0,0,0,0,0,0
1786394747882,12368896,8265664,8688560,1440816,8388592,0,331,0,296,72,959552,64,831930,563,0,0,0,0,0,0,0
1786394748394,12368896,8265664,8688704,1440960,8388592,0,331,0,296,59,972313,52,844666,563,0,0,0,0,0,0,0
1786394748900,12368896,8265664,8688704,1440960,8388592,0,331,0,296,59,972313,52,844666,563,0,0,0,0,0,0,0
1786394749410,12368896,8265664,8688704,1440960,8388592,0,331,0,296,59,972313,52,844666,563,0,0,0,0,0,0,0
1786394749920,12368896,8265664,8688704,1440960,8388592,0,331,0,296,59,972313,52,844666,563,0,0,0,0,0,0,0
1786394750423,12368896,8265664,8688704,1440960,8388592,0,331,0,296,48,972313,43,844666,563,0,0,0,0,0,0,0
1786394750924,12368896,8265664,8688704,1440960,8388592,0,331,0,296,48,972313,43,844666,563,0,0,0,0,0,0,0
1786394751430,12368896,8265664,8688704,1440960,8388592,0,331,0,296,48,972313,43,844666,563,0,0,0,0,0,0,0
1786394751941,12368896,8265664,8688704,1440960,8388592,0,331,0,296,39,972313,35,844666,563,0,0,0,0,0,0,0
1786394752455,12368896,8265664,8688704,1440960,8388592,0,331,0,296,39,972313,35,844666,563,0,0,0,0,0,0,0
1786394752967,12368896,8265664,8688704,1440960,8388592,0,331,0,296,39,972313,35,844666,563,0,0,0,0,0,0,0
1786394753472,12368896,8265664,8688704,1440960,8388592,0,331,0,296,39,972313,35,844666,563,0,0,0,0,0,0,0
1786394753984,12368896,8265664,8688704,1440960,8388592,0,331,0,296,32,972313,28,844666,563,0,0,0,0,0,0,0
1786394754492,12368896,8265664,8688704,1440960,8388592,0,331,0,296,32,972313,28,844666,563,0,0,0,0,0,0,0
1786394755004,12368896,8265664,8688704,1440960,8388592,0,331,0,296,32,972313,28,844666,563,0,0,0,0,0,0,0
1786394755506,12368896,8265664,8688704,1440960,8388592,0,331,0,296,32,972313,28,844666,563,0,0,0,0,0,0,0
1786394756008,12368896,8265664,8688704,1440960,8388592,0,331,0,296,26,975063,23,847416,563,0,0,0,0,0,0,0
1786394756517,12368896,8265664,8688800,1441056,8388592,0,331,0,296,26,980223,23,852366,563,0,0,0,0,0,0,0
1786394757023,12368896,8265664,8689536,1442256,8388592,0,331,0,296,26,1025192,23,897271,563,0,0,0,0,0,0,0
1786394757526,12368896,8265664,8689616,1442256,8388592,0,331,0,296,26,1025192,23,897271,563,0,0,0,0,0,0,0
1786394758032,12368896,8265664,8689616,1442256,8388592,0,331,0,296,57,1025192,55,897271,563,0,0,0,0,0,0,0
1786394758543,12368896,8265664,8689616,1442256,8388592,0,331,0,296,57,1025192,55,897271,563,0,0,0,0,0,0,0
1786394759049,12368896,8265664,8689616,1442256,8388592,0,331,0,296,57,1025192,55,897271,563,0,0,0,0,0,0,0
1786394759555,12368896,8265664,8690080,1442336,8388592,0,331,0,296,57,1025192,55,897271,563,0,0,0,0,0,0,0
1786394760056,12368896,8265664,8690080,1442336,8388592,0,331,0,296,47,1025192,45,897271,563,0,0,0,0,0,0,0
1786394760562,12368896,8265664,8690080,1442336,8388592,0,331,0,296,47,1025192,45,897271,563,0,0,0,0,0,0,0
1786394761069,12368896,8265664,8690080,1442336,8388592,0,331,0,296,47,1025192,45,897271,563,0,0,0,0,0,0,0
1786394761582,12368896,8265664,8690080,1442336,8388592,0,331,0,296,47,1025192,45,897271,563,0,0,0,0,0,0,0
1786394762094,12368896,8265664,8690080,1442336,8388592,0,331,0,296,38,1025192,37,897271,563,0,0,0,0,0,0,0
1786394762599,12368896,8265664,8690080,1442336,8388592,0,331,0,296,38,1025192,37,897271,563,0,0,0,0,0,0,0
1786394763107,12368896,8265664,8690080,1442336,8388592,0,331,0,296,38,1025192,37,897271,563,0,0,0,0,0,0,0
1786394763619,12368896,8265664,8690080,1442336,8388592,0,331,0,296,38,1025192,37,897271,563,0,0,0,0,0,0,0
1786394764132,12368896,8265664,8690080,1442336,8388592,0,331,0,296,31,1025192,30,897271,563,0,0,0,0,0,0,0
1786394764642,12368896,8265664,8690080,1442336,8388592,0,331,0,296,31,1025192,30,897271,563,0,0,0,0,0,0,0
1786394765153,12368896,8265664,8690080,1442336,8388592,0,331,0,296,31,1025192,30,897271,563,0,0,0,0,0,0,0
1786394765657,12368896,8265664,8690080,1442336,8388592,0,331,0,296,31,1025192,30,897271,563,0,0,0,0,0,0,0
1786394766160,12368896,8265664,8690080,1442336,8388592,0,331,0,296,26,1025192,24,897271,563,0,0,0,0,0,0,0
1786394766671,12368896,8265664,8690080,1442336,8388592,0,331,0,296,26,1025192,24,897271,563,0,0,0,0,0,0,0
1786394767177,12368896,8265664,8690080,1442336,8388592,0,331,0,296,26,1025192,24,897271,563,0,0,0,0,0,0,0
1786394767683,12368896,8265664,8690080,1442336,8388592,0,331,0,296,26,1025192,24,897271,563,0,0,0,0,0,0,0
1786394768194,12368896,8265664,8690080,1442336,8388592,0,331,0,296,21,1025192,20,897271,563,0,0,0,0,0,0,0
1786394768706,12368896,8265664,8690080,1442336,8388592,0,331,0,296,21,1025192,20,897271,563,0,0,0,0,0,0,0
1786394769212,12368896,8265664,8690080,1442336,8388592,0,331,0,296,21,1025192,20,897271,563,0,0,0,0,0,0,0
1786394769724,12368896,8265664,8690080,1442336,8388592,0,331,0,296,21,1025192,20,897271,563,0,0,0,0,0,0,0
1786394770235,12368896,8265664,8690080,1442336,8388592,0,331,0,296,17,1025192,16,897271,563,0,0,0,0,0,0,0
1786394770738,12368896,8265664,8690080,1442336,8388592,0,331,0,296,17,1025192,16,897271,563,0,0,0,0,0,0,0
1786394771247,12368896,8265664,8690080,1442336,8388592,0,331,0,296,17,1025192,16,897271,563,0,0,0,0,0,0,0
1786394771753,12368896,8265664,8690080,1442336,8388592,0,331,0,296,17,1025192,16,897271,563,0,0,0,0,0,0,0
1786394772263,12368896,8265664,8690080,1442336,8388592,0,331,0,296,14,1025192,13,897271,563,0,0,0,0,0,0,0
1786394772766,12368896,8265664,8690080,1442336,8388592,0,331,0,296,14,1025192,13,897271,563,0,0,0,0,0,0,0
1786394773277,12368896,8265664,8690080,1442336,8388592,0,331,0,296,14,1025192,13,897271,563,0,0,0,0,0,0,0
1786394773787,12368896,8265664,8690080,1442336,8388592,0,331,0,296,14,1025192,13,897271,563,0,0,0,0,0,0,0
1786394774290,12368896,8265664,8690080,1442336,8388592,0,331,0,296,11,1025192,11,897271,563,0,0,0,0,0,0,0
1786394774797,12368896,8265664,8690080,1442336,8388592,0,331,0,296,11,1025192,11,897271,563,0,0,0,0,0,0,0
1786394775301,12368896,8265664,8690080,1442336,8388592,0,331,0,296,11,1025192,11,897271,563,0,0,0,0,0,0,0
1786394775803,12368896,8265664,8690080,1442336,8388592,0,331,0,296,11,1025192,11,897271,563,0,0,0,0,0,0,0
1786394776314,12368896,8265664,8690080,1442336,8388592,0,331,0,296,9,1025192,9,897271,563,0,0,0,0,0,0,0
1786394776825,12368896,8265664,8690080,1442336,8388592,0,331,0,296,9,1025192,9,897271,563,0,0,0,0,0,0,0
1786394777327,12368896,8265664,8690080,1442336,8388592,0,331,0,296,9,1025192,9,897271,563,0,0,0,0,0,0,0
1786394777831,12368896,8265664,8690080,1442336,8388592,0,331,0,296,9,1025192,9,897271,563,0,0,0,0,0,0,0
1786394778343,12368896,8265664,8690080,1442336,8388592,0,331,0,296,7,1025192,7,897271,563,0,0,0,0,0,0,0
1786394778846,12368896,8265664,8690080,1442336,8388592,0,331,0,296,7,1025192,7,897271,563,0,0,0,0,0,0,0
1786394779349,12368896,8265664,8690080,1442336,8388592,0,331,0,296,7,1025192,7,897271,563,0,0,0,0,0,0,0
1786394779861,12368896,8265664,8690080,1442336,8388592,0,331,0,296,7,1025192,7,897271,563,0,0,0,0,0,0,0
1786394780366,12368896,8265664,8690080,1442336,8388592,0,331,0,296,6,1025192,6,897271,563,0,0,0,0,0,0,0
1786394780869,12368896,8265664,8690080,1442336,8388592,0,331,0,296,6,1025192,6,897271,563,0,0,0,0,0,0,0
1786394781372,12368896,8265664,8690080,1442336,8388592,0,331,0,296,6,1025192,6,897271,563,0,0,0,0,0,0,0
1786394781881,12368896,8265664,8690080,1442336,8388592,0,331,0,296,6,1025192,6,897271,563,0,0,0,0,0,0,0
1786394782392,12368896,8265664,8690080,1442336,8388592,0,331,0,296,5,1025192,4,897271,563,0,0,0,0,0,0,0
1786394782898,12368896,8265664,8690080,1442336,8388592,0,331,0,296,5,1025192,4,897271,563,0,0,0,0,0,0,0
1786394783409,12368896,8265664,8690080,1442336,8388592,0,331,0,296,5,1025192,4,897271,563,0,0,0,0,0,0,0
1786394783921,12368896,8265664,8690080,1442336,8388592,0,331,0,296,5,1025192,4,897271,563,0,0,0,0,0,0,0
1786394784428,12368896,8265664,8690080,1442336,8388592,0,331,0,296,4,1025192,4,897271,563,0,0,0,0,0,0,0
1786394784934,12368896,8265664,8690080,1442336,8388592,0,331,0,296,4,1025192,4,897271,563,0,0,0,0,0,0,0
1786394785446,12368896,8265664,8690080,1442336,8388592,0,331,0,296,4,1025192,4,897271,563,0,0,0,0,0,0,0
1786394785952,12368896,8265664,8690080,1442336,8388592,0,331,0,296,4,1025192,4,897271,563,0,0,0,0,0,0,0
1786394786464,12368896,8265664,8690080,1442336,8388592,0,331,0,296,3,1025192,3,897271,563,0,0,0,0,0,0,0
1786394786967,12368896,8265664,8690080,1442336,8388592,0,331,0,296,3,1025192,3,897271,563,0,0,0,0,0,0,0
1786394787468,12368896,8265664,8690080,1442336,8388592,0,331,0,296,3,1025192,3,897271,563,0,0,0,0,0,0,0
1786394787970,12368896,8265664,8690064,1442336,8388592,0,331,0,296,2,1025192,2,897271,563,0,0,0,0,0,0,0
1786394788471,12368896,8265664,8690064,1442336,8388592,0,331,0,296,2,1025192,2,897271,563,0,0,0,0,0,0,0
1786394788978,12368896,8265664,8690064,1442336,8388592,0,331,0,296,2,1025192,2,897271,563,0,0,0,0,0,0,0
1786394789481,12368896,8265664,8690064,1442336,8388592,0,331,0,296,2,1025192,2,897271,563,0,0,0,0,0,0,0
1786394789986,12368896,8265664,8690064,1442688,8388592,0,331,0,296,2,1044482,2,916536,563,0,0,0,0,0,0,0
1786394790496,12368896,8265664,8690064,1442688,8388592,0,331,0,296,2,1044482,2,916536,563,0,0,0,0,0,0,0
1786394791000,12368896,8265664,8690416,1442688,8388592,0,331,0,296,2,1044482,2,916536,563,0,0,0,0,0,0,0
1786394791508,12368896,8265664,8690416,1442688,8388592,0,331,0,296,2,1044482,2,916536,563,0,0,0,0,0,0,0
1786394792008,12368896,8265664,8690416,1442688,8388592,0,331,0,296,1,1044482,1,916536,563,0,0,0,0,0,0,0
1786394792510,12368896,8265664,8690416,1442688,8388592,0,331,0,296,1,1044482,1,916536,563,0,0,0,0,0,0,0
1786394793020,12368896,8265664,8690416,1442688,8388592,0,331,0,296,1,1044482,1,916536,563,0,0,0,0,0,0,0
1786394793523,12368896,8265664,8690416,1442688,8388592,0,331,0,296,1,1044482,1,916536,563,0,0,0,0,0,0,0
1786394794264,12368896,8265664,8690416,1442688,8388592,0,331,0,296,1,1044482,1,916536,563,0,0,0,0,0,0,0
1786394794768,12368896,8265664,8690416,1442688,8388592,0,331,0,296,1,1044482,1,916536,563,0,0,0,0,0,0,0
1786394795278,12368896,8265664,8690416,1442688,8388592,0,331,0,296,1,1044482,1,916536,563,0,0,0,0,0,0,0
1786394795781,12368896,8265664,8690432,1442688,8388592,0,331,0,296,1,1044482,1,916536,563,0,0,0,0,0,0,0
1786394796281,12368896,8265664,8690432,1442688,8388592,0,331,0,296,1,1044482,1,916536,563,0,0,0,0,0,0,0
1786394796792,12368896,8265664,8690432,1442688,8388592,0,331,0,296,1,1044482,1,916536,563,0,0,0,0,0,0,0
1786394797302,12368896,8265664,8690432,1442688,8388592,0,331,0,296,1,1044482,1,916536,563,0,0,0,0,0,0,0
1786394797813,12368896,8265664,8690432,1442688,8388592,0,331,0,296,1,1044482,1,916536,563,0,0,0,0,0,0,0
1786394798323,12368896,8265664,8690432,1442688,8388592,0,331,0,296,0,1044482,0,916536,563,0,0,0,0,0,0,0
1786394798824,12110848,8035952,8461728,1442688,8388592,0,331,0,296,0,1044482,0,916536,563,0,0,0,0,0,0,0
1786394799332,12106752,8035504,8461296,1442688,8388592,0,331,0,296,0,1044482,0,916536,563,0,0,0,0,0,0,0
1786394799843,12106752,8035504,8461296,1442688,8388592,0,331,0,296,0,1044482,0,916536,563,0,0,0,0,0,0,0
1786394800346,12106752,8035504,8461296,1442688,8388592,0,331,0,296,0,1044482,0,916536,563,0,0,0,0,0,0,0
1786394800849,11844608,7774384,8201200,1442688,8388592,0,331,0,296,0,1044482,0,916536,563,0,0,0,0,0,0,0
1786394801352,11844608,7774384,8201200,1442688,8388592,0,331,0,296,0,1044482,0,916536,563,0,0,0,0,0,0,0
1786394801855,11844608,7774384,8201200,1442688,8388592,0,331,0,296,0,1044482,0,916536,563,0,0,0,0,0,0,0
1786394802365,11844608,7774384,8201200,1442688,8388592,0,331,0,296,0,1044482,0,916536,563,0,0,0,0,0,0,0
1786394802865,11582464,7513264,7941104,1442688,8388592,0,331,0,296,0,1044482,0,916536,563,0,0,0,0,0,0,0
1786394803376,11582464,7513264,7941104,1442688,8388592,0,331,0,296,0,1044482,0,916536,563,0,0,0,0,0,0,0
1786394803876,11582464,7513264,7941104,1442688,8388592,0,331,0,296,0,1044482,0,916536,563,0,0,0,0,0,0,0
1786394804386,11582464,7513264,7941104,1442688,8388592,0,331,0,296,0,1044482,0,916536,563,0,0,0,0,0,0,0
1786394804890,11320320,7244464,7673328,1442688,8388592,0,331,0,296,0,1044482,0,916536,563,0,0,0,0,0,0,0
1786394805392,11320320,7244464,7673328,1442688,8388592,0,331,0,296,0,1044482,0,916536,563,0,0,0,0,0,0,0
1786394805902,11320320,7244464,7673328,1442704,8388592,0,331,0,296,0,1044482,0,916536,563,0,0,0,0,0,0,0
1786394806410,11320320,7244464,7673328,1442704,8388592,0,331,0,296,0,1044482,0,916536,563,0,0,0,0,0,0,0
1786394806911,11058176,6983584,7413472,1442704,8388592,0,331,0,296,0,1044482,0,916536,563,0,0,0,0,0,0,0
1786394807422,11058176,6983584,7413472,1442704,8388592,0,331,0,296,0,1044482,0,916536,563,0,0,0,0,0,0,0
1786394807934,11058176,6983584,7413472,1442704,8388592,0,331,0,296,0,1044482,0,916536,563,0,0,0,0,0,0,0
1786394808436,11058176,6983584,7413472,1442704,8388592,0,331,0,296,0,1044482,0,916536,563,0,0,0,0,0,0,0
1786394808938,10796032,6722704,7153616,1442704,8388592,0,331,0,296,0,1044482,0,916536,563,0,0,0,0,0,0,0
1786394809441,10796032,6722704,7153616,1442704,8388592,0,331,0,296,0,1044482,0,916536,563,0,0,0,0,0,0,0
1786394809954,10796032,6722704,7153616,1442704,8388592,0,331,0,296,0,1044482,0,916536,563,0,0,0,0,0,0,0
1786394810467,10796032,6722704,7153616,1442704,8388592,0,331,0,296,0,1044482,0,916536,563,0,0,0,0,0,0,0
1786394810974,10533888,6461824,6893760,1442704,8388592,0,331,0,296,0,1044482,0,916536,563,0,0,0,0,0,0,0
1786394811475,10533888,6461824,6893760,1442704,8388592,0,331,0,296,0,1044482,0,916536,563,0,0,0,0,0,0,0
1786394811986,10533888,6461824,6893760,1442704,8388592,0,331,0,296,0,1044482,0,916536,563,0,0,0,0,0,0,0
1786394812492,10533888,6461824,6893760,1442704,8388592,0,331,0,296,0,1044482,0,916536,563,0,0,0,0,0,0,0
1786394813002,10271744,6200944,6633904,1442704,8388592,0,331,0,296,0,1044482,0,916536,563,0,0,0,0,0,0,0
1786394813506,10271744,6200944,6633904,1442704,8388592,0,331,0,296,0,1044482,0,916536,563,0,0,0,0,0,0,0
1786394814017,10271744,6200944,6633904,1442704,8388592,0,331,0,296,0,1044482,0,916536,563,0,0,0,0,0,0,0
1786394814522,10271744,6200944,6633904,1442704,8388592,0,331,0,296,0,1044482,0,916536,563,0,0,0,0,0,0,0
1786394815026,10009600,5939824,6373808,1442704,8388592,0,331,0,296,0,1044482,0,916536,563,0,0,0,0,0,0,0
1786394815537,10009600,5939824,6373808,1442704,8388592,0,331,0,296,0,1044482,0,916536,563,0,0,0,0,0,0,0
1786394816039,10009600,5939824,6373808,1442704,8388592,0,331,0,296,0,1044482,0,916536,563,0,0,0,0,0,0,0
1786394816550,10009600,5932144,6366128,1442704,8388592,0,331,0,296,0,1044482,0,916536,563,0,0,0,0,0,0,0
1786394817058,9747456,5671264,6106272,1442704,8388592,0,331,0,296,0,1044482,0,916536,563,0,0,0,0,0,0,0
1786394817560,9747456,5671264,6106272,1442704,8388592,0,331,0,296,0,1044482,0,916536,563,0,0,0,0,0,0,0
1786394818065,9747456,5671264,6106272,1442704,8388592,0,331,0,296,0,1044482,0,916536,563,0,0,0,0,0,0,0
1786394818577,9747456,5671264,6106272,1442704,8388592,0,331,0,296,0,1044482,0,916536,563,0,0,0,0,0,0,0
1786394819089,9485312,5410384,5846416,1442704,8388592,0,331,0,296,0,1044482,0,916536,563,0,0,0,0,0,0,0
1786394819600,9485312,5410384,5846416,1442704,8388592,0,331,0,296,0,1044482,0,916536,563,0,0,0,0,0,0,0
1786394820106,9485312,5410384,5846416,1442704,8388592,0,331,0,296,0,1044482,0,916536,563,0,0,0,0,0,0,0
1786394820610,9485312,5410384,5846416,1442704,8388592,0,331,0,296,0,1044482,0,916536,563,0,0,0,0,0,0,0
1786394821120,9223168,5149504,5586560,1442704,8388592,0,331,0,296,0,1044482,0,916536,563,0,0,0,0,0,0,0
1786394821630,9223168,5149504,5586560,1442704,8388592,0,331,0,296,0,1044482,0,916536,563,0,0,0,0,0,0,0
1786394822131,9223168,5149504,5586560,1442704,8388592,0,331,0,296,0,1044482,0,916536,563,0,0,0,0,0,0,0
1786394822639,9223168,5149504,5586560,1442704,8388592,0,331,0,296,0,1044482,0,916536,563,0,0,0,0,0,0,0
1786394823146,8961024,4888624,5326704,1442704,8388592,0,331,0,296,0,1044482,0,916536,563,0,0,0,0,0,0,0
1786394823649,8961024,4888624,5326704,1442704,8388592,0,331,0,296,0,1044482,0,916536,563,0,0,0,0,0,0,0
1786394824157,8961024,4888624,5326704,1442704,8388592,0,331,0,296,0,1044482,0,916536,563,0,0,0,0,0,0,0
1786394824666,8961024,4888624,5326704,1442704,8388592,0,331,0,296,0,1044482,0,916536,563,0,0,0,0,0,0,0
1786394825170,8698880,4627744,5066848,1442704,8388592,0,331,0,296,0,1044482,0,916536,563,0,0,0,0,0,0,0
1786394825677,8698880,4627744,5066848,1442704,8388592,0,331,0,296,0,1044482,0,916536,563,0,0,0,0,0,0,0
1786394826188,8698880,4627744,5066848,1442704,8388592,0,331,0,296,0,1044482,0,916536,563,0,0,0,0,0,0,0
1786394826691,8698880,4627744,5066848,1442704,8388592,0,331,0,296,0,1044482,0,916536,563,0,0,0,0,0,0,0
1786394827196,8436736,4359184,4799312,1442704,8388592,0,331,0,296,0,1044482,0,916536,563,0,0,0,0,0,0,0
1786394827698,8436736,4359184,4799312,1442704,8388592,0,331,0,296,0,1044482,0,916536,563,0,0,0,0,0,0,0
1786394828201,8436736,4359184,4799312,1442704,8388592,0,331,0,296,0,1044482,0,916536,563,0,0,0,0,0,0,0
1786394828711,8436736,4359184,4799312,1442704,8388592,0,331,0,296,0,1044482,0,916536,563,0,0,0,0,0,0,0
1786394829223,8174592,4098304,4539456,1442704,8388592,0,331,0,296,0,1044482,0,916536,563,0,0,0,0,0,0,0
1786394829735,8174592,4098304,4539456,1442704,8388592,0,331,0,296,0,1044482,0,916536,563,0,0,0,0,0,0,0
1786394830244,8174592,4098304,4539456,1442704,8388592,0,331,0,296,0,1044482,0,916536,563,0,0,0,0,0,0,0
1786394830750,8174592,4098304,4539456,1442704,8388592,0,331,0,296,0,1044482,0,916536,563,0,0,0,0,0,0,0
1786394831257,7912448,3837424,4279600,1442704,8388592,0,331,0,296,0,1044482,0,916536,563,0,0,0,0,0,0,0
1786394831767,7912448,3837424,4279600,1442704,8388592,0,331,0,296,0,1044482,0,916536,563,0,0,0,0,0,0,0
1786394832272,7912448,3837424,4279600,1442704,8388592,0,331,0,296,0,1044482,0,916536,563,0,0,0,0,0,0,0
1786394832778,7912448,3837424,4279600,1442704,8388592,0,331,0,296,0,1044482,0,916536,563,0,0,0,0,0,0,0
1786394833285,7650304,3576544,4019744,1442704,8388592,0,331,0,296,0,1044482,0,916536,563,0,0,0,0,0,0,0
1786394833788,7650304,3576544,4019744,1442704,8388592,0,331,0,296,0,1044482,0,916536,563,0,0,0,0,0,0,0
1786394834300,7650304,3576544,4019744,1442704,8388592,0,331,0,296,0,1044482,0,916536,563,0,0,0,0,0,0,0
1786394834808,7650304,3576544,4019744,1442704,8388592,0,331,0,296,0,1044482,0,916536,563,0,0,0,0,0,0,0
1786394835318,7388160,3324304,3768400,1442704,8388592,0,331,0,296,0,1044482,0,916536,563,0,0,0,0,0,0,0
1786394835819,7388160,3324304,3768400,1442704,8388592,0,331,0,296,0,1044482,0,916536,563,0,0,0,0,0,0,0
1786394836330,7388160,3314464,3758560,1442688,8388592,0,331,0,296,0,1044482,0,916536,563,0,0,0,0,0,0,0
1786394836837,7388160,3314464,3758560,1442688,8388592,0,331,0,296,0,1044482,0,916536,563,0,0,0,0,0,0,0
1786394837338,7126016,3045424,3489552,1442704,8388592,0,331,0,296,0,1044482,0,916536,563,0,0,0,0,0,0,0
1786394837841,7126016,3045424,3489552,1442704,8388592,0,331,0,296,0,1044482,0,916536,563,0,0,0,0,0,0,0
1786394838351,7126016,3045424,3489552,1442704,8388592,0,331,0,296,0,1044482,0,916536,563,0,0,0,0,0,0,0
1786394838861,7126016,3045424,3489552,1442704,8388592,0,331,0,296,0,1044482,0,916536,563,0,0,0,0,0,0,0
1786394839363,6863872,2784544,3228672,1442704,8388592,0,331,0,296,0,1044482,0,916536,563,0,0,0,0,0,0,0
1786394839872,6863872,2784544,3228672,1442704,8388592,0,331,0,296,0,1044482,0,916536,563,0,0,0,0,0,0,0
1786394840384,6863872,2784544,3228672,1442704,8388592,0,331,0,296,0,1044482,0,916536,563,0,0,0,0,0,0,0
1786394840888,6863872,2784544,3228672,1442704,8388592,0,331,0,296,0,1044482,0,916536,563,0,0,0,0,0,0,0
1786394841394,6601728,2523664,2967792,1442704,8388592,0,331,0,296,0,1044482,0,916536,563,0,0,0,0,0,0,0
1786394841896,6601728,2523664,2967792,1442704,8388592,0,331,0,296,0,1044482,0,916536,563,0,0,0,0,0,0,0
1786394842408,6601728,2523664,2967792,1442704,8388592,0,331,0,296,0,1044482,0,916536,563,0,0,0,0,0,0,0
1786394842911,6601728,2523664,2967792,1442704,8388592,0,331,0,296,0,1044482,0,916536,563,0,0,0,0,0,0,0
1786394843422,6339584,2262784,2706912,1442704,8388592,0,331,0,296,0,1044482,0,916536,563,0,0,0,0,0,0,0
1786394843924,6339584,2262784,2706912,1442704,8388592,0,331,0,296,0,1044482,0,916536,563,0,0,0,0,0,0,0
1786394844430,6339584,2262784,2706912,1442704,8388592,0,331,0,296,0,1044482,0,916536,563,0,0,0,0,0,0,0
1786394844933,6339584,2262544,2706672,1442704,8388592,0,331,0,296,0,1044482,0,916536,563,0,0,0,0,0,0,0
1786394845442,6077440,2001664,2445792,1442704,8388592,0,331,0,296,0,1044482,0,916536,563,0,0,0,0,0,0,0
1786394845948,6077440,2001664,2445792,1442704,8388592,0,331,0,296,0,1044482,0,916536,563,0,0,0,0,0,0,0
1786394846458,6077440,2001664,2445792,1442704,8388592,0,331,0,296,0,1044482,0,916536,563,0,0,0,0,0,0,0
1786394846964,6077440,2001664,2445792,1442704,8388592,0,331,0,296,0,1044482,0,916536,563,0,0,0,0,0,0,0
1786394847476,5815296,1733104,2177232,1442704,8388592,0,331,0,296,0,1044482,0,916536,563,0,0,0,0,0,0,0
1786394847980,5815296,1733104,2177232,1442704,8388592,0,331,0,296,0,1044482,0,916536,563,0,0,0,0,0,0,0
1786394848487,5815296,1733104,2177232,1442704,8388592,0,331,0,296,0,1044482,0,916536,563,0,0,0,0,0,0,0
1786394848992,5797888,1717984,2162112,1442704,8388592,0,331,0,296,0,1044482,0,916536,563,0,0,0,0,0,0,0
1786394849500,5553152,1472224,1916352,1442704,8388592,0,331,0,296,0,1044482,0,916536,563,0,0,0,0,0,0,0
1786394850005,5553152,1472224,1916352,1442704,8388592,0,331,0,296,0,1044482,0,916536,563,0,0,0,0,0,0,0
1786394850509,5553152,1472224,1916352,1442704,8388592,0,331,0,296,0,1044482,0,916536,563,0,0,0,0,0,0,0
1786394851015,5523456,1442320,1886448,1442704,8388592,0,331,0,296,0,1044482,0,916536,563,0,0,0,0,0,0,0
1786394851515,5291008,1211344,1655472,1442704,8388592,0,331,0,296,0,1044482,0,916536,563,0,0,0,0,0,0,0
1786394852026,5291008,1211344,1655472,1442704,8388592,0,331,0,296,0,1044482,0,916536,563,0,0,0,0,0,0,0
1786394852529,5291008,1211344,1655472,1442704,8388592,0,331,0,296,0,1044482,0,916536,563,0,0,0,0,0,0,0
1786394853033,5244928,1166080,1610208,1442704,8388592,0,331,0,296,0,1044482,0,916536,563,0,0,0,0,0,0,0
1786394853544,5028864,950464,1394592,1442704,8388592,0,331,0,296,0,1044482,0,916536,563,0,0,0,0,0,0,0
1786394854046,5028864,950464,1394592,1442704,8388592,0,331,0,296,0,1044482,0,916536,563,0,0,0,0,0,0,0
1786394854556,5028864,950464,1394592,1442704,8388592,0,331,0,296,0,1044482,0,916536,563,0,0,0,0,0,0,0
1786394855061,5027840,950464,1394592,1442704,8388592,0,331,0,296,0,1044482,0,916536,563,0,0,0,0,0,0,0
1786394855569,4766720,688384,1132704,1442784,8388592,0,331,0,296,0,1052993,0,925039,564,0,0,0,0,0,0,0
1786394856071,4766720,688384,1132768,1442784,8388592,0,331,0,296,0,1052993,0,925039,564,0,0,0,0,0,0,0
1786394856581,4766720,688384,1132768,1442784,8388592,0,331,0,296,0,1052993,0,925039,564,0,0,0,0,0,0,0
1786394857092,4702208,620080,1064480,1442800,8388592,0,331,0,296,0,1052993,0,925039,564,0,0,0,0,0,0,0
1786394857600,4504576,537712,920480,1383216,8388592,0,22000,0,15569,0,1053001,0,925047,565,0,0,4470,3861,0,0,1
1786394858104,4504576,536992,919840,1383296,8388592,18,22000,0,15569,0,1053473,0,925519,566,0,0,4470,3861,0,0,1
1786394858611,4504576,537232,920128,1383344,8388592,18,22000,0,15569,0,1053473,0,925519,566,0,0,4470,3861,0,0,1
1786394859113,4419584,522624,846192,1319952,8388592,18,25310,0,18265,0,1053473,0,925519,566,0,0,8809,7826,0,0,2
1786394859624,4242432,544608,671040,1122448,8388592,18,29492,0,22005,0,1053473,0,925519,566,0,0,21164,20218,0,0,2
1786394860136,4242432,544608,671040,1122496,8388592,14,29492,0,22005,0,1056520,0,928515,567,0,0,21164,20218,0,0,2
1786394860638,4242432,629200,728240,1095344,8387568,14,35122,0,27634,0,1100900,0,972680,579,9,53,88772,87552,0,0,5
1786394861141,4199424,583984,683024,1095344,8387696,14,35122,0,27634,0,1100900,0,972680,587,17,53,88772,87552,0,0,5
1786394861642,4038480,553504,543488,986656,8364656,14,52756,0,45215,0,1113538,0,985255,609,35,1440,255251,133518,12332,44,12
1786394862145,4038480,522624,540704,1014688,8365984,30,53704,18,46163,54,1128282,54,999902,690,114,1440,281275,159482,12332,44,13
1786394862650,4038480,522624,540704,1014688,8365984,30,53704,18,46163,54,1128282,54,999902,690,114,1440,281275,159482,12332,44,13
1786394863152,4009472,575888,522816,943520,8356768,30,66865,18,59324,54,1151867,54,1023431,710,124,2056,351720,229512,12332,44,16
1786394863663,4009472,575888,522816,943520,8356848,30,66865,18,59324,54,1151867,54,1023431,715,129,2056,351720,229512,12332,44,16
1786394864165,4009472,539520,525504,982416,8355680,24,68240,14,60699,62,1171131,62,1042686,716,130,2130,386293,264082,12332,44,17
1786394864673,4009472,555200,527040,968272,8355680,24,69220,14,61678,62,1185732,62,1057284,716,130,2130,415093,292882,12332,44,18
1786394865184,4009472,555200,527040,968272,8355680,24,69220,14,61678,62,1185732,62,1057284,716,130,2130,415093,292882,12332,44,18
1786394865690,4009472,607120,518688,908336,8355680,24,71346,14,63805,62,1212191,62,1083725,723,130,2130,483637,361426,12332,44,20
1786394866196,4009472,607120,518688,908560,8355680,20,73577,12,65924,105,1215782,105,1087284,726,130,2130,483637,361426,12332,44,20
1786394866698,4009472,505856,513280,1004272,8355680,20,74840,12,67187,105,1237964,105,1109457,726,130,2130,535349,413138,12332,44,21
1786394867201,4009472,535408,519600,980688,8355680,20,75178,12,67525,105,1248025,105,1119270,726,130,2130,543925,421714,12332,44,22
1786394867705,4009472,535408,519600,981088,8355680,20,75178,12,67525,105,1268509,105,1139725,726,130,2130,543925,421714,12332,44,22
1786394868217,4009472,593264,517680,920848,8355680,16,80086,9,72433,140,1291480,140,1162525,726,130,2130,612469,490258,12332,44,24
1786394868727,4009472,593264,517680,920848,8355680,16,80086,9,72433,140,1291480,140,1162525,726,130,2130,612469,490258,12332,44,24
1786394869229,4009472,526304,516256,986560,8355680,16,81409,9,73756,140,1319035,140,1189828,726,130,2130,672501,550290,12332,44,26
1786394869731,4009472,564704,518992,950720,8355680,16,81589,9,73936,140,1319374,140,1190167,726,130,2130,675381,553170,12332,44,26
1786394870242,4009472,564704,518992,950720,8355680,13,81589,8,73936,133,1319374,133,1190167,726,130,2130,675381,553170,12332,44,26
1786394870751,4009472,541808,522048,976736,8355680,13,83721,8,76068,133,1338972,133,1209548,726,130,2130,738485,616274,12332,44,28
1786394871264,4009472,541808,522048,976736,8355680,13,83721,8,76068,133,1338972,133,1209548,726,130,2130,738485,616274,12332,44,28
1786394871774,4009472,489744,537968,1044784,8355680,13,90021,8,82369,133,1350510,133,1220716,726,130,2130,798965,676754,12332,44,30
1786394872279,4009472,535824,537968,998704,8355680,11,91223,6,83570,127,1350510,127,1220716,726,130,2130,801845,679634,12332,44,30
1786394872793,4009472,535824,537968,998704,8355680,11,91223,6,83570,127,1350510,127,1220716,726,130,2130,801845,679634,12332,44,30
1786394873297,4009472,603472,537648,930544,8355680,11,93960,6,86307,127,1383758,127,1253815,726,130,2130,870901,748690,12332,44,32
1786394873801,4009472,603472,537648,930544,8355680,11,93960,6,86307,127,1383758,127,1253815,726,130,2130,870901,748690,12332,44,32
1786394874303,4009472,528192,529536,998480,8355680,9,97234,5,89581,122,1411915,122,1281721,726,130,2130,931381,809170,12332,44,34
1786394874809,4009472,527728,529824,998832,8355680,9,97234,5,89581,122,1411915,122,1281721,726,130,2130,931381,809170,12332,44,34
1786394875313,4009472,527728,529824,998832,8355680,9,97234,5,89581,122,1411915,122,1281721,726,130,2130,931381,809170,12332,44,34
1786394875823,4009472,596640,529760,929408,8355680,9,101971,5,94318,122,1439163,122,1308843,726,130,2130,1000437,878226,12332,44,36
1786394876333,4009472,596448,530064,929904,8355680,7,101971,4,94318,136,1439163,136,1308843,726,130,2130,1000437,878226,12332,44,36
1786394876835,4009472,527824,529584,998528,8355680,7,104369,4,96716,136,1460869,136,1330441,726,130,2130,1060917,938706,12332,44,38
1786394877346,4009472,528048,529584,998304,8355680,7,104369,4,96716,136,1460869,136,1330441,726,130,2130,1060917,938706,12332,44,38
1786394877848,4009472,513152,529584,1013200,8355680,7,104369,4,96716,136,1460924,136,1330496,726,130,2130,1060917,938706,12332,44,38
1786394878355,4009472,599616,532464,929504,8355680,6,110551,3,102899,147,1497240,147,1366812,726,130,2130,1129973,1007762,12332,44,40
1786394878858,4009472,599616,532464,929504,8355680,6,110551,3,102899,147,1497240,147,1366812,726,130,2130,1129973,1007762,12332,44,40
1786394879369,4009472,531024,531760,997552,8355680,6,114256,3,106603,147,1513855,147,1383233,726,130,2130,1190453,1068242,12332,44,42
1786394879877,4009472,530976,532656,997920,8355680,6,114256,3,106603,147,1513855,147,1383233,726,130,2130,1190453,1068242,12332,44,42
1786394880379,4009472,547280,532240,981584,8355680,4,118736,2,111083,121,1552403,121,1421633,727,130,2130,1241269,1119058,12332,44,44
1786394880890,4009472,599312,531616,928800,8355680,4,119412,2,111759,121,1560191,121,1429416,727,130,2130,1259509,1137298,12332,44,45
1786394881401,4009472,599856,531920,928560,8355680,4,119412,2,111759,121,1560191,121,1429416,727,130,2130,1259509,1137298,12332,44,45
1786394881913,4009472,531456,532048,997344,8355680,4,126486,2,118833,121,1577257,121,1446424,727,130,2130,1319989,1197778,12332,44,46
1786394882424,4009472,531456,532048,997344,8355680,3,126486,2,118833,153,1577257,153,1446424,727,130,2130,1319989,1197778,12332,44,46
1786394882926,4009472,466832,536288,1066048,8355680,3,132935,2,125283,153,1593702,153,1462755,727,130,2130,1380469,1258258,12332,44,49
1786394883437,4009472,604352,536592,928832,8355680,3,135239,2,127587,153,1593702,153,1462755,727,130,2130,1389045,1266834,12332,44,49
1786394883939,4009472,604352,536592,928832,8355680,3,135239,2,127587,153,1593702,153,1462755,727,130,2130,1389045,1266834,12332,44,49
1786394884446,4009472,534688,535200,997024,8355680,3,136925,1,129272,143,1627038,143,1495842,727,130,2130,1449525,1327314,12332,44,51
1786394884951,4009472,534688,535200,997024,8355680,3,136925,1,129272,143,1627038,143,1495842,727,130,2130,1449525,1327314,12332,44,51
1786394885464,4009472,610128,542064,928592,8355680,3,140584,1,132931,143,1646178,143,1514883,727,130,2130,1518581,1396370,12332,44,53
1786394885965,4009472,610128,542064,928592,8355680,3,140584,1,132931,143,1646178,143,1514883,727,130,2130,1518581,1396370,12332,44,53
1786394886465,3991360,541744,515776,970752,8355680,2,144176,1,136523,154,1663104,154,1531760,727,130,2130,1560117,1437842,12332,44,54
1786394886966,3991360,560864,518512,954160,8355680,2,145026,1,137374,154,1672891,154,1541547,727,130,2130,1581749,1459538,12332,44,55
1786394887477,3991360,561168,518704,954048,8355680,2,145026,1,137374,154,1672891,154,1541547,727,130,2130,1581749,1459538,12332,44,55
1786394887978,3991360,535488,518528,979456,8355680,2,148315,1,140662,154,1699844,154,1568472,727,130,2130,1644917,1522706,12332,44,57
1786394888483,3991360,535488,518528,979456,8355680,2,148315,1,140662,162,1699844,162,1568472,727,130,2130,1644917,1522706,12332,44,57
1786394888986,3991360,595920,519120,919888,8355680,2,150477,1,142824,162,1720116,162,1588488,727,130,2130,1713461,1591250,12332,44,60
1786394889492,3991360,596448,518976,919216,8355680,2,150477,1,142824,162,1720116,162,1588488,727,130,2130,1713461,1591250,12332,44,60
1786394889992,3991360,489696,516432,1023648,8355680,2,152672,1,145020,162,1731975,162,1600232,727,130,2130,1739317,1617106,12332,44,61
1786394890498,3991360,560928,511888,948064,8355680,1,153938,0,146286,169,1746509,169,1614360,727,130,2130,1776437,1654226,12332,44,62
1786394891001,3991360,560928,511888,948064,8355680,1,153938,0,146286,169,1746509,169,1614360,727,130,2130,1776437,1654226,12332,44,62
1786394891511,3991360,537904,516704,975440,8355680,1,157071,0,149419,169,1769949,169,1637656,727,130,2130,1839477,1717266,12332,44,64
1786394892019,3991360,537904,516704,975440,8355680,1,157071,0,149419,156,1769949,156,1637656,727,130,2130,1839477,1717266,12332,44,64
1786394892522,3991360,470048,519744,1046368,8355680,1,160277,0,152624,156,1798069,156,1665767,727,130,2130,1900213,1777938,12332,44,66
1786394893032,3991360,604560,520656,912768,8355680,1,162386,0,154734,156,1798069,156,1665767,727,130,2130,1908149,1785938,12332,44,66
1786394893533,3991360,540000,513312,970176,8355680,1,163363,0,155711,156,1811463,156,1679157,727,130,2130,1933877,1811666,12332,44,67
1786394894037,3991360,529424,519696,987024,8355680,1,164333,0,156681,164,1829744,164,1697438,727,130,2130,1968309,1846098,12332,44,68
1786394894547,3991360,529920,519664,986496,8355680,1,164333,0,156681,164,1829744,164,1697438,727,130,2130,1968309,1846098,12332,44,68
1786394895054,3991360,592544,519744,924032,8355680,1,166095,0,158443,164,1854543,164,1722237,727,130,2130,2036981,1914770,12332,44,71
1786394895566,3991360,592544,519744,924032,8355680,1,166095,0,158443,164,1854543,164,1722237,727,130,2130,2036981,1914770,12332,44,71
1786394896068,3991360,517408,519264,998448,8355680,0,168333,0,160678,170,1883846,170,1751163,729,130,2130,2097141,1974930,12332,44,73
1786394896578,3991360,564512,519760,951840,8355680,0,169425,0,161770,170,1883846,170,1751163,729,130,2130,2100021,1977810,12332,44,73
1786394897081,3991360,564512,519760,951840,8355680,0,169425,0,161770,170,1883846,170,1751163,729,130,2130,2100021,1977810,12332,44,73
1786394897583,3991360,539648,521440,978464,8355680,0,172018,0,164363,170,1911987,170,1779142,729,130,2130,2163125,2040914,12332,44,75
1786394898088,3991360,539648,521440,978464,8355680,0,172018,0,164363,158,1911987,158,1779142,729,130,2130,2163125,2040914,12332,44,75
1786394898600,3991360,462608,520176,1054240,8355680,0,173551,0,165897,158,1947329,158,1814473,729,130,2130,2223157,2100946,12332,44,77
1786394899100,3991360,599408,520784,918048,8355680,0,174078,0,166423,158,1947329,158,1814473,729,130,2130,2231669,2109458,12332,44,77
1786394899610,3991360,599408,520784,918048,8355680,0,174078,0,166423,158,1947329,158,1814473,729,130,2130,2231669,2109458,12332,44,77
1786394900112,3991360,528192,520768,989168,8355680,0,176478,0,168823,183,1979583,183,1846726,729,130,2130,2292021,2169810,12332,44,80
1786394900624,3991360,528368,520816,988704,8355680,0,176478,0,168823,183,1979583,183,1846726,729,130,2130,2292021,2169810,12332,44,80
1786394901137,3991360,589888,519872,926240,8355680,0,178014,0,170359,183,2003978,183,1871119,729,130,2130,2360693,2238482,12332,44,82
1786394901639,3991360,590384,520368,926240,8355680,0,178014,0,170359,183,2003978,183,1871119,729,130,2130,2360693,2238482,12332,44,82
1786394902141,3991360,540512,521520,978048,8355680,0,179172,0,171517,168,2006304,168,1873445,729,130,2130,2366773,2244498,12332,44,82
1786394902642,3991360,522512,523152,996896,8355680,0,182632,0,174976,168,2032124,168,1899247,729,130,2130,2421045,2298834,12332,44,84
1786394903146,3991360,522512,523152,996896,8355680,0,182632,0,174976,168,2032124,168,1899247,729,130,2130,2421045,2298834,12332,44,84
1786394903657,3991360,593648,527920,930720,8355680,0,187096,0,179441,168,2057675,168,1924702,729,130,2130,2489909,2367698,12332,44,86
1786394904157,3991360,593648,527920,930720,8355680,0,187096,0,179441,174,2057675,174,1924702,729,130,2130,2489909,2367698,12332,44,86
1786394904659,3991360,528064,525520,993904,8355680,0,188036,0,180381,174,2070825,174,1937824,729,130,2130,2524469,2402258,12332,44,87
1786394905166,3991360,528048,531008,999408,8355680,0,188912,0,181257,174,2084848,174,1951388,729,130,2130,2550389,2428178,12332,44,88
1786394905671,3991360,527696,531008,999760,8355680,0,188912,0,181257,174,2084848,174,1951388,729,130,2130,2550389,2428178,12332,44,88
1786394906181,3991360,598064,530576,930528,8355680,0,197058,0,189399,179,2109209,179,1975737,729,130,2130,2619445,2497234,12332,44,91
1786394906683,3991360,598304,532288,930960,8355680,0,197058,0,189399,179,2109209,179,1975737,729,130,2130,2619445,2497234,12332,44,91
1786394907185,3991360,538240,528144,987232,8355680,0,197882,0,190224,179,2126142,179,1992452,729,130,2130,2662645,2540434,12332,44,92
1786394907690,3991360,530512,532944,999280,8355680,0,198303,0,190644,179,2136124,179,2002433,729,130,2130,2679925,2557714,12332,44,92
1786394908200,3991360,530512,532944,999280,8355680,0,198303,0,190644,164,2136124,164,2002433,729,130,2130,2679925,2557714,12332,44,92
1786394908712,3991360,598848,532768,930560,8355680,0,200550,0,192891,164,2163021,164,2029328,729,130,2130,2748981,2626770,12332,44,95
1786394909219,3991360,599152,532896,930384,8355680,0,200550,0,192891,164,2163021,164,2029328,729,130,2130,2748981,2626770,12332,44,95
1786394909723,3991360,529312,531072,998704,8355680,0,202024,0,194366,164,2193157,164,2059464,729,130,2130,2809461,2687250,12332,44,97
1786394910238,3991360,529312,531760,998704,8355680,0,202024,0,194366,171,2193157,171,2059464,729,130,2130,2809461,2687250,12332,44,97
1786394910740,3991360,529312,531760,998704,8355680,0,202024,0,194366,171,2193157,171,2059464,729,130,2130,2809461,2687250,12332,44,97
1786394911245,3991360,597296,531584,930832,8355680,0,204450,0,196792,171,2224310,171,2090617,729,130,2130,2878453,2756242,12332,44,99
1786394911750,3991360,597296,531584,930832,8355680,0,204450,0,196792,171,2224310,171,2090617,729,130,2130,2878453,2756242,12332,44,99
1786394912262,3991360,528064,530880,999152,8355680,0,206189,0,198530,158,2256342,158,2122649,729,130,2130,2938933,2816722,12332,44,101
1786394912775,3991360,528064,530880,999152,8355680,0,206189,0,198530,158,2256342,158,2122649,729,130,2130,2938933,2816722,12332,44,101
1786394913277,3991360,466912,533232,1062656,8355680,0,206189,0,198530,158,2256591,158,2122898,729,130,2130,2938933,2816722,12332,44,101
1786394913778,3991360,596976,530464,929744,8355680,0,212313,0,204655,158,2289180,158,2155477,729,130,2130,3007989,2885778,12332,44,104
1786394914290,3991360,596752,530752,930256,8355680,0,212313,0,204655,183,2289180,183,2155477,729,130,2130,3007989,2885778,12332,44,104
1786394914799,3991360,529280,531536,998512,8355680,0,220007,0,212348,183,2312301,183,2178516,729,130,2130,3068469,2946258,12332,44,106
1786394915309,3991360,529248,531568,998576,8355680,0,220007,0,212348,183,2312301,183,2178516,729,130,2130,3068469,2946258,12332,44,106
1786394915810,3991360,518128,523328,1002240,8355680,0,222021,0,214362,183,2313400,183,2179537,729,130,2130,3077109,2954898,12332,44,106
1786394916320,3991360,593424,526544,929680,8355680,0,226170,0,218511,186,2344236,186,2210079,729,130,2130,3137525,3015314,12332,44,108
1786394916832,3991360,593424,529024,932016,8355680,0,226170,0,218511,186,2351056,186,2215399,733,130,2130,3137525,3015314,12332,44,108
1786394917339,3991360,566624,528096,958144,8355680,0,229051,0,221392,186,2380976,186,2245111,736,130,2130,3200693,3078482,12332,44,110
1786394917844,3991360,566624,528096,958144,8355680,0,229051,0,221392,186,2380976,186,2245111,736,130,2130,3200693,3078482,12332,44,110
1786394918345,3991360,572896,524960,948736,8355680,0,229265,0,221606,171,2384260,171,2248388,736,130,2130,3217909,3095698,12332,44,110
1786394919283,3991360,497632,525856,1024784,8355680,0,230763,0,223105,171,2407645,171,2270987,736,130,2130,3261557,3139282,12332,44,112
1786394919793,3991360,605888,526400,917168,8355680,0,234052,0,226394,171,2435052,171,2298166,736,130,2130,3332725,3210514,12332,44,114
1786394920294,3991360,605888,526400,917168,8355680,0,234052,0,226394,176,2435052,176,2298166,736,130,2130,3332725,3210514,12332,44,114
1786394920796,4803392,943504,1159104,1217568,8355680,0,234052,0,226394,176,2439194,176,2302308,736,130,2130,3332725,3210514,12332,44,114
1786394921296,6369088,2516912,2732576,1217632,8355680,0,234052,0,226394,176,2439194,176,2302308,736,130,2130,3332725,3210514,12332,44,114
1786394921796,7915328,4068848,4282576,1217632,8355680,0,234052,0,226394,176,2439194,176,2302308,736,130,2130,3332725,3210514,12332,44,114
1786394922297,9431872,5597168,5805296,1217632,8355680,0,234052,0,226394,144,2439194,144,2302308,736,130,2130,3332725,3210514,12332,44,114
1786394922801,11009856,7179248,7381200,1217632,8355680,0,234052,0,226394,144,2439194,144,2302308,736,130,2130,3332725,3210514,12332,44,114
1786394923302,12368896,8546288,8742944,1217632,8355680,0,234052,0,226394,144,2439194,144,2302308,736,130,2130,3332725,3210514,12332,44,114
1786394923808,12368896,8546288,8742944,1217632,8355680,0,234052,0,226394,144,2439194,144,2302308,736,130,2130,3332725,3210514,12332,44,114
1786394924311,12368896,8553728,8750384,1217632,8355680,0,234052,0,226394,118,2439194,118,2302308,736,130,2130,3332725,3210514,12332,44,114
1786394924822,12368896,8553728,8750384,1217632,8355680,0,234052,0,226394,118,2439194,118,2302308,736,130,2130,3332725,3210514,12332,44,114
1786394925329,12368896,8561168,8757824,1217632,8355680,0,234052,0,226394,118,2439194,118,2302308,736,130,2130,3332725,3210514,12332,44,114
1786394925839,12368896,8561168,8757824,1217632,8355680,0,234052,0,226394,118,2439194,118,2302308,736,130,2130,3332725,3210514,12332,44,114
1786394926341,12368896,8568608,8765264,1217632,8355680,0,234052,0,226394,96,2439194,96,2302308,736,130,2130,3332725,3210514,12332,44,114
1786394926852,12368896,8568608,8765264,1217632,8355680,0,234052,0,226394,96,2439194,96,2302308,736,130,2130,3332725,3210514,12332,44,114
1786394927352,12368896,8576288,8772944,1217632,8355680,0,234052,0,226394,96,2439194,96,2302308,736,130,2130,3332725,3210514,12332,44,114
1786394927859,12368896,8576288,8772944,1217632,8355680,0,234052,0,226394,96,2439194,96,2302308,736,130,2130,3332725,3210514,12332,44,114
1786394928371,12368896,8583488,8780144,1217632,8355680,0,234052,0,226394,79,2439194,79,2302308,736,130,2130,3332725,3210514,12332,44,114
1786394928875,12368896,8583488,8780144,1217632,8355680,0,234052,0,226394,79,2439194,79,2302308,736,130,2130,3332725,3210514,12332,44,114
1786394929380,12368896,8590448,8787104,1217632,8355680,0,234052,0,226394,79,2439194,79,2302308,736,130,2130,3332725,3210514,12332,44,114
1786394929892,12368896,8590448,8787104,1217632,8355680,0,234052,0,226394,79,2439194,79,2302308,736,130,2130,3332725,3210514,12332,44,114
1786394930404,12368896,8589968,8786624,1217632,8355680,0,234052,0,226394,64,2439194,64,2302308,736,130,2130,3332725,3210514,12332,44,114
1786394930911,12368896,8589968,8786624,1217632,8355680,0,234052,0,226394,64,2439194,64,2302308,736,130,2130,3332725,3210514,12332,44,114
1786394931417,12368896,8589968,8786624,1217632,8355680,0,234052,0,226394,64,2439194,64,2302308,736,130,2130,3332725,3210514,12332,44,114
1786394931921,12368896,8589968,8786624,1217632,8355680,0,234052,0,226394,64,2439194,64,2302308,736,130,2130,3332725,3210514,12332,44,114
1786394932432,12368896,8589488,8786144,1217632,8355680,0,234052,0,226394,53,2439194,53,2302308,736,130,2130,3332725,3210514,12332,44,114
1786394932938,12368896,8589488,8786144,1217632,8355680,0,234052,0,226394,53,2439194,53,2302308,736,130,2130,3332725,3210514,12332,44,114
1786394933448,12368896,8589248,8785904,1217632,8355680,0,234052,0,226394,53,2439194,53,2302308,736,130,2130,3332725,3210514,12332,44,114
1786394933957,12368896,8589248,8785904,1217632,8355680,0,234052,0,226394,53,2439194,53,2302308,736,130,2130,3332725,3210514,12332,44,114
1786394934466,12368896,8589248,8785904,1217632,8355680,0,234052,0,226394,43,2439194,43,2302308,736,130,2130,3332725,3210514,12332,44,114
1786394934977,12368896,8589248,8785904,1217632,8355680,0,234052,0,226394,43,2439194,43,2302308,736,130,2130,3332725,3210514,12332,44,114
1786394935480,12368896,8589184,8785840,1217632,8355680,0,234052,0,226394,43,2439194,43,2302308,736,130,2130,3332725,3210514,12332,44,114
1786394935989,12368896,8589184,8785840,1217632,8355680,0,234052,0,226394,43,2439194,43,2302308,736,130,2130,3332725,3210514,12332,44,114
1786394936491,12368896,8589184,8785840,1217632,8355680,0,234052,0,226394,35,2439194,35,2302308,736,130,2130,3332725,3210514,12332,44,114
1786394937003,12368896,8589184,8785840,1217632,8355680,0,234052,0,226394,35,2439194,35,2302308,736,130,2130,3332725,3210514,12332,44,114
1786394937504,12368896,8588944,8785600,1217632,8355680,0,234052,0,226394,35,2439194,35,2302308,736,130,2130,3332725,3210514,12332,44,114
1786394938015,12368896,8588704,8785360,1217632,8355680,0,234052,0,226394,35,2439194,35,2302308,736,130,2130,3332725,3210514,12332,44,114
1786394938523,12368896,8588704,8785360,1217632,8355680,0,234052,0,226394,28,2439194,28,2302308,736,130,2130,3332725,3210514,12332,44,114
1786394939026,12368896,8588704,8785360,1217632,8355680,0,234052,0,226394,28,2439194,28,2302308,736,130,2130,3332725,3210514,12332,44,114
1786394939533,12368896,8588464,8785120,1217632,8355680,0,234052,0,226394,28,2439194,28,2302308,736,130,2130,3332725,3210514,12332,44,114
1786394940037,12368896,8588224,8784880,1217632,8355680,0,234052,0,226394,23,2439194,23,2302308,736,130,2130,3332725,3210514,12332,44,114
1786394940548,12368896,8588224,8784880,1217632,8355680,0,234052,0,226394,23,2439194,23,2302308,736,130,2130,3332725,3210514,12332,44,114
1786394941051,12368896,8588224,8784880,1217632,8355680,0,234052,0,226394,23,2439194,23,2302308,736,130,2130,3332725,3210514,12332,44,114
1786394941553,12368896,8587984,8784640,1217632,8355680,0,234052,0,226394,23,2439194,23,2302308,736,130,2130,3332725,3210514,12332,44,114
1786394942056,12368896,8587984,8784640,1217632,8355680,0,234052,0,226394,19,2439194,19,2302308,736,130,2130,3332725,3210514,12332,44,114
1786394942561,12368896,8587744,8784400,1217648,8355680,0,234052,0,226394,19,2439194,19,2302308,736,130,2130,3332725,3210514,12332,44,114
1786394943064,12368896,8587744,8784400,1217648,8355680,0,234052,0,226394,19,2439194,19,2302308,736,130,2130,3332725,3210514,12332,44,114
1786394943576,12368896,8587744,8784400,1217648,8355680,0,234052,0,226394,19,2439194,19,2302308,736,130,2130,3332725,3210514,12332,44,114
1786394944080,12368896,8587744,8784400,1217648,8355680,0,234052,0,226394,15,2439194,15,2302308,736,130,2130,3332725,3210514,12332,44,114
1786394944591,12368896,8587504,8784160,1217648,8355680,0,234052,0,226394,15,2439194,15,2302308,736,130,2130,3332725,3210514,12332,44,114
1786394945099,12368896,8587504,8784160,1217648,8355680,0,234052,0,226394,15,2439194,15,2302308,736,130,2130,3332725,3210514,12332,44,114
1786394945601,12368896,8587808,8784464,1217648,8355680,0,234052,0,226394,15,2439194,15,2302308,736,130,2130,3332725,3210514,12332,44,114
1786394946111,12368896,8587808,8784464,1217648,8355680,0,234052,0,226394,12,2439194,12,2302308,736,130,2130,3332725,3210514,12332,44,114
1786394946616,12368896,8587328,8783984,1217648,8355680,0,234052,0,226394,12,2439194,12,2302308,736,130,2130,3332725,3210514,12332,44,114
1786394947125,12368896,8587328,8783984,1217648,8355680,0,234052,0,226394,12,2439194,12,2302308,736,130,2130,3332725,3210514,12332,44,114
1786394947628,12368896,8587328,8783984,1217648,8355680,0,234052,0,226394,12,2445181,12,2308063,736,130,2130,3332725,3210514,12332,44,114
1786394948140,12368896,8587328,8783984,1217648,8355680,0,234052,0,226394,10,2445181,10,2308063,736,130,2130,3332725,3210514,12332,44,114
1786394948644,12368896,8587216,8783952,1217728,8355680,0,234052,0,226394,10,2445181,10,2308063,736,130,2130,3332725,3210514,12332,44,114
1786394949150,12368896,8587216,8783952,1217728,8355680,0,234052,0,226394,10,2445181,10,2308063,736,130,2130,3332725,3210514,12332,44,114
1786394949660,12368896,8587216,8783952,1217728,8355680,0,234052,0,226394,10,2445181,10,2308063,736,130,2130,3332725,3210514,12332,44,114
1786394950166,12368896,8587216,8783952,1217728,8355680,0,234052,0,226394,8,2445181,8,2308063,736,130,2130,3332725,3210514,12332,44,114
1786394950673,12368896,8586736,8783472,1217728,8355680,0,234052,0,226394,8,2445181,8,2308063,736,130,2130,3332725,3210514,12332,44,114
1786394951184,12368896,8586736,8783472,1217728,8355680,0,234052,0,226394,8,2445181,8,2308063,736,130,2130,3332725,3210514,12332,44,114
1786394951690,12368896,8586496,8783232,1217728,8355680,0,234052,0,226394,8,2445181,8,2308063,736,130,2130,3332725,3210514,12332,44,114
1786394952195,12368896,8586496,8783232,1217728,8355680,0,234052,0,226394,7,2445181,7,2308063,736,130,2130,3332725,3210514,12332,44,114
1786394952699,12368896,8586496,8783232,1217728,8355680,0,234052,0,226394,7,2445181,7,2308063,736,130,2130,3332725,3210514,12332,44,114
1786394953209,12368896,8586496,8783232,1217728,8355680,0,234052,0,226394,7,2445181,7,2308063,736,130,2130,3332725,3210514,12332,44,114
1786394953710,12368896,8586496,8783232,1217728,8355680,0,234052,0,226394,7,2445181,7,2308063,736,130,2130,3332725,3210514,12332,44,114
1786394954212,12368896,8586496,8783232,1217728,8355680,0,234052,0,226394,5,2445181,5,2308063,736,130,2130,3332725,3210514,12332,44,114
1786394954720,12368896,8586256,8783776,1218512,8355680,0,234052,0,226394,5,2445275,5,2308157,737,130,2130,3332725,3210514,12332,44,114
1786394955226,12368896,8586256,8785696,1220432,8355680,0,234052,0,226394,5,2448510,5,2311350,737,130,2130,3332725,3210514,12332,44,114
1786394955728,12368896,8586256,8785696,1220432,8355680,0,234052,0,226394,5,2448510,5,2311350,737,130,2130,3332725,3210514,12332,44,114
1786394956232,12368896,8586256,8785696,1220432,8355680,0,234052,0,226394,4,2448510,4,2311350,737,130,2130,3332725,3210514,12332,44,114
1786394956738,12368896,8586256,8785696,1220432,8355680,0,234052,0,226394,4,2448510,4,2311350,737,130,2130,3332725,3210514,12332,44,114
1786394957250,12368896,8585776,8785216,1220432,8355680,0,234052,0,226394,4,2448510,4,2311350,737,130,2130,3332725,3210514,12332,44,114
1786394957755,12368896,8585776,8785216,1220432,8355680,0,234052,0,226394,4,2448510,4,2311350,737,130,2130,3332725,3210514,12332,44,114
1786394958256,12368896,8585776,8785216,1220432,8355680,0,234052,0,226394,3,2448510,3,2311350,737,130,2130,3332725,3210514,12332,44,114
1786394958760,12368896,8585776,8785216,1220432,8355680,0,234052,0,226394,3,2448510,3,2311350,737,130,2130,3332725,3210514,12332,44,114
1786394959264,12368896,8585776,8785216,1220432,8355680,0,234052,0,226394,3,2448510,3,2311350,737,130,2130,3332725,3210514,12332,44,114
1786394959767,12368896,8585776,8785216,1220432,8355680,0,234052,0,226394,3,2448510,3,2311350,737,130,2130,3332725,3210514,12332,44,114
1786394960279,12368896,8585776,8785216,1220432,8355680,0,234052,0,226394,3,2448510,3,2311350,737,130,2130,3332725,3210514,12332,44,114
1786394960784,12368896,8585536,8784976,1220432,8355680,0,234052,0,226394,3,2448510,3,2311350,737,130,2130,3332725,3210514,12332,44,114
1786394961290,12368896,8585536,8784976,1220432,8355680,0,234052,0,226394,3,2448510,3,2311350,737,130,2130,3332725,3210514,12332,44,114
1786394961792,12368896,8585296,8784736,1220432,8355680,0,234052,0,226394,3,2448510,3,2311350,737,130,2130,3332725,3210514,12332,44,114
1786394962302,12368896,8585296,8784736,1220432,8355680,0,234052,0,226394,2,2448510,2,2311350,737,130,2130,3332725,3210514,12332,44,114
1786394962805,12368896,8585296,8784736,1220432,8355680,0,234052,0,226394,2,2448510,2,2311350,737,130,2130,3332725,3210514,12332,44,114
1786394963306,12368896,8585296,8784736,1220432,8355680,0,234052,0,226394,2,2448510,2,2311350,737,130,2130,3332725,3210514,12332,44,114
1786394963812,12368896,8585296,8784736,1220432,8355680,0,234052,0,226394,2,2448510,2,2311350,737,130,2130,3332725,3210514,12332,44,114
1786394964317,12368896,8585056,8784496,1220432,8355680,0,234052,0,226394,2,2448510,2,2311350,737,130,2130,3332725,3210514,12332,44,114
1786394964824,12368896,8585056,8784496,1220432,8355680,0,234052,0,226394,2,2448510,2,2311350,737,130,2130,3332725,3210514,12332,44,114
1786394965334,12368896,8585056,8784496,1220432,8355680,0,234052,0,226394,2,2448510,2,2311350,737,130,2130,3332725,3210514,12332,44,114
1786394965844,12368896,8585056,8784496,1220432,8355680,0,234052,0,226394,2,2448510,2,2311350,737,130,2130,3332725,3210514,12332,44,114
1786394966349,12368896,8584816,8784256,1220432,8355680,0,234052,0,226394,1,2448510,1,2311350,737,130,2130,3332725,3210514,12332,44,114
1786394966859,12368896,8584816,8784256,1220432,8355680,0,234052,0,226394,1,2448510,1,2311350,737,130,2130,3332725,3210514,12332,44,114
1786394967368,12368896,8584816,8784256,1220432,8355680,0,234052,0,226394,1,2448510,1,2311350,737,130,2130,3332725,3210514,12332,44,114
1786394967874,12368896,8584816,8784256,1220432,8355680,0,234052,0,226394,1,2448510,1,2311350,737,130,2130,3332725,3210514,12332,44,114
1786394968380,12368896,8584816,8784256,1220432,8355680,0,234052,0,226394,1,2448510,1,2311350,737,130,2130,3332725,3210514,12332,44,114
1786394968883,12368896,8584816,8784256,1220432,8355680,0,234052,0,226394,1,2448510,1,2311350,737,130,2130,3332725,3210514,12332,44,114
1786394969384,12368896,8584576,8784016,1220432,8355680,0,234052,0,226394,1,2448510,1,2311350,737,130,2130,3332725,3210514,12332,44,114
1786394969890,12368896,8584576,8784016,1220432,8355680,0,234052,0,226394,1,2448510,1,2311350,737,130,2130,3332725,3210514,12332,44,114
1786394970394,12368896,8584576,8785888,1222544,8355680,0,234056,0,226397,1,2450177,1,2312914,743,130,2130,3332725,3210514,12332,44,114
1786394970904,12368896,8584320,8785904,1222816,8355680,0,234056,0,226397,1,2450177,1,2312914,743,130,2130,3332725,3210514,12332,44,114
1786394971415,12368896,8584320,8785904,1222816,8355680,0,234056,0,226397,1,2450177,1,2312914,743,130,2130,3332725,3210514,12332,44,114
1786394971922,12368896,8583840,8785552,1222816,8355680,0,234056,0,226397,1,2450177,1,2312914,743,130,2130,3332725,3210514,12332,44,114
1786394972428,12368896,8583840,8785552,1222816,8355680,0,234056,0,226397,0,2450177,0,2312914,743,130,2130,3332725,3210514,12332,44,114
1786394972937,12368896,8583840,8785664,1222816,8355680,0,234056,0,226397,0,2450177,0,2312914,743,130,2130,3332725,3210514,12332,44,114
1786394973448,12368896,8583840,8785664,1222816,8355680,0,234056,0,226397,0,2450177,0,2312914,743,130,2130,3332725,3210514,12332,44,114
1786394973951,12368896,8583840,8785664,1222816,8355680,0,234056,0,226397,0,2450177,0,2312914,743,130,2130,3332725,3210514,12332,44,114
1786394974458,12368896,8583840,8785664,1222816,8355680,0,234056,0,226397,0,2450177,0,2312914,743,130,2130,3332725,3210514,12332,44,114
1786394974962,12368896,8583840,8785664,1222816,8355680,0,234056,0,226397,0,2450177,0,2312914,743,130,2130,3332725,3210514,12332,44,114
1786394975464,12368896,8583600,8785424,1222816,8355680,0,234056,0,226397,0,2450177,0,2312914,743,130,2130,3332725,3210514,12332,44,114
1786394975973,12368896,8583600,8785424,1222816,8355680,0,234056,0,226397,0,2450177,0,2312914,743,130,2130,3332725,3210514,12332,44,114
1786394976475,12368896,8583600,8785424,1222816,8355680,0,234056,0,226397,0,2450177,0,2312914,743,130,2130,3332725,3210514,12332,44,114
1786394976986,12368896,8583600,8785424,1222816,8355680,0,234056,0,226397,0,2450177,0,2312914,743,130,2130,3332725,3210514,12332,44,114
1786394977492,12368896,8583600,8785424,1222816,8355680,0,234056,0,226397,0,2450177,0,2312914,743,130,2130,3332725,3210514,12332,44,114
1786394977994,12368896,8583600,8785424,1222816,8355680,0,234056,0,226397,0,2476550,0,2339255,743,130,2130,3332725,3210514,12332,44,114
1786394978495,12368896,8583360,8785184,1223024,8355680,0,234056,0,226397,18,2476550,18,2339255,743,130,2130,3332725,3210514,12332,44,114
1786394979003,12368896,8583120,8785152,1223024,8355680,0,234056,0,226397,18,2476550,18,2339255,743,130,2130,3332725,3210514,12332,44,114
1786394979505,12368896,8583120,8785152,1223024,8355680,0,234056,0,226397,18,2476550,18,2339255,743,130,2130,3332725,3210514,12332,44,114
1786394980013,12368896,8583120,8785152,1223024,8355680,0,234056,0,226397,18,2476550,18,2339255,743,130,2130,3332725,3210514,12332,44,114
1786394980516,12368896,8557072,8786720,1250896,8359696,0,234666,0,226927,15,2505634,15,2367241,1095,381,2130,3332725,3210514,12332,44,114
1786394981026,12368896,8556112,8786448,1251344,8359696,0,234666,0,226927,15,2506325,15,2367933,1095,381,2130,3332725,3210514,12332,44,114
1786394981536,12368896,8556048,8787104,1251936,8359696,0,234666,0,226927,15,2506325,15,2367933,1095,381,2130,3332725,3210514,12332,44,114
1786394982043,12368896,8556048,8787104,1251936,8359696,0,234666,0,226927,15,2506325,15,2367933,1095,381,2130,3332725,3210514,12332,44,114
1786394982551,12368896,8556048,8787104,1251936,8359696,0,234666,0,226927,30,2506325,30,2367933,1095,381,2130,3332725,3210514,12332,44,114
1786394983061,12368896,8556048,8787104,1251936,8359696,0,234666,0,226927,30,2506325,30,2367933,1095,381,2130,3332725,3210514,12332,44,114
1786394983572,12368896,8555808,8786864,1251936,8359696,0,234666,0,226927,30,2506325,30,2367933,1095,381,2130,3332725,3210514,12332,44,114
1786394984084,12368896,8555808,8786864,1251936,8359696,0,234666,0,226927,25,2506325,25,2367933,1095,381,2130,3332725,3210514,12332,44,114
1786394984589,12368896,8555808,8786864,1251936,8359696,0,234666,0,226927,25,2506325,25,2367933,1095,381,2130,3332725,3210514,12332,44,114
1786394985092,12368896,8555808,8786864,1251936,8359696,0,234666,0,226927,25,2506325,25,2367933,1095,381,2130,3332725,3210514,12332,44,114
1786394985603,12368896,8555328,8786384,1251936,8359696,0,234666,0,226927,25,2506325,25,2367933,1095,381,2130,3332725,3210514,12332,44,114
1786394986109,12368896,8555328,8786384,1251936,8359696,0,234666,0,226927,20,2506325,20,2367933,1095,381,2130,3332725,3210514,12332,44,114
1786394986611,12368896,8555328,8786384,1251936,8359696,0,234666,0,226927,20,2506325,20,2367933,1095,381,2130,3332725,3210514,12332,44,114
1786394987114,12368896,8555328,8786384,1251936,8359696,0,234666,0,226927,20,2506325,20,2367933,1095,381,2130,3332725,3210514,12332,44,114
1786394987621,12368896,8555088,8786144,1251936,8359696,0,234666,0,226927,20,2506325,20,2367933,1095,381,2130,3332725,3210514,12332,44,114
1786394988133,12368896,8554848,8785904,1251936,8359696,0,234666,0,226927,16,2506325,16,2367933,1095,381,2130,3332725,3210514,12332,44,114
1786394988637,12368896,8554848,8785904,1251936,8359696,0,234666,0,226927,16,2506325,16,2367933,1095,381,2130,3332725,3210514,12332,44,114
1786394989142,12368896,8554848,8785904,1251936,8359696,0,234666,0,226927,16,2506325,16,2367933,1095,381,2130,3332725,3210514,12332,44,114
1786394989649,12368896,8554608,8785664,1251936,8359696,0,234666,0,226927,16,2506325,16,2367933,1095,381,2130,3332725,3210514,12332,44,114
1786394990151,12368896,8554368,8785424,1251936,8359696,0,234666,0,226927,13,2506325,13,2367933,1095,381,2130,3332725,3210514,12332,44,114
1786394990651,12368896,8554368,8785424,1251936,8359696,0,234666,0,226927,13,2506325,13,2367933,1095,381,2130,3332725,3210514,12332,44,114
1786394991153,12368896,8554368,8785424,1251936,8359696,0,234666,0,226927,13,2506325,13,2367933,1095,381,2130,3332725,3210514,12332,44,114
1786394991665,12368896,8554368,8785424,1251936,8359696,0,234666,0,226927,13,2506325,13,2367933,1095,381,2130,3332725,3210514,12332,44,114
1786394992167,12368896,8554368,8785424,1251936,8359696,0,234666,0,226927,11,2506325,11,2367933,1095,381,2130,3332725,3210514,12332,44,114
1786394992679,12368896,8553888,8784944,1251936,8359696,0,234666,0,226927,11,2506325,11,2367933,1095,381,2130,3332725,3210514,12332,44,114
1786394993191,12368896,8553888,8784944,1251936,8359696,0,234666,0,226927,11,2506325,11,2367933,1095,381,2130,3332725,3210514,12332,44,114
1786394993696,12368896,8553888,8784944,1251936,8359696,0,234666,0,226927,11,2506325,11,2367933,1095,381,2130,3332725,3210514,12332,44,114
1786394994203,12368896,8553888,8784944,1251936,8359696,0,234666,0,226927,9,2506325,9,2367933,1095,381,2130,3332725,3210514,12332,44,114
1786394994709,12368896,8553888,8784944,1251936,8359696,0,234666,0,226927,9,2506325,9,2367933,1095,381,2130,3332725,3210514,12332,44,114
1786394995211,12368896,8553408,8784464,1251936,8359696,0,234666,0,226927,9,2506325,9,2367933,1095,381,2130,3332725,3210514,12332,44,114
1786394995716,12368896,8553408,8784464,1251936,8359696,0,234666,0,226927,9,2506325,9,2367933,1095,381,2130,3332725,3210514,12332,44,114
1786394996220,12368896,8552928,8783984,1251936,8359696,0,234666,0,226927,7,2506325,7,2367933,1095,381,2130,3332725,3210514,12332,44,114
1786394996723,12368896,8552928,8783984,1251936,8359696,0,234666,0,226927,7,2506325,7,2367933,1095,381,2130,3332725,3210514,12332,44,114
1786394997226,12368896,8552928,8783984,1251936,8359696,0,234666,0,226927,7,2510952,7,2372468,1095,381,2130,3332725,3210514,12332,44,114
1786394997729,12368896,8552928,8783984,1251936,8359696,0,234666,0,226927,7,2510952,7,2372468,1095,381,2130,3332725,3210514,12332,44,114
1786394998230,12368896,8552448,8783504,1251936,8359696,0,234666,0,226927,6,2510952,6,2372468,1095,381,2130,3332725,3210514,12332,44,114
1786394998731,12368896,8552448,8783504,1251936,8359696,0,234666,0,226927,6,2510952,6,2372468,1095,381,2130,3332725,3210514,12332,44,114
1786394999236,12368896,8552448,8783504,1251936,8359696,0,234666,0,226927,6,2510952,6,2372468,1095,381,2130,3332725,3210514,12332,44,114
1786394999740,12368896,8552448,8783504,1251936,8359696,0,234666,0,226927,6,2510952,6,2372468,1095,381,2130,3332725,3210514,12332,44,114
1786395000253,12368896,8552448,8783504,1251936,8359696,0,234666,0,226927,4,2510952,4,2372468,1095,381,2130,3332725,3210514,12332,44,114
1786395000770,12368896,8552448,8783504,1251936,8359696,0,234666,0,226927,4,2510952,4,2372468,1095,381,2130,3332725,3210514,12332,44,114
1786395001278,12368896,8552448,8783504,1251936,8359696,0,234666,0,226927,4,2510952,4,2372468,1095,381,2130,3332725,3210514,12332,44,114
1786395001781,12368896,8552448,8783504,1251936,8359696,0,234666,0,226927,4,2510952,4,2372468,1095,381,2130,3332725,3210514,12332,44,114
1786395002291,12368896,8551968,8783024,1251936,8359696,0,234666,0,226927,4,2510952,4,2372468,1095,381,2130,3332725,3210514,12332,44,114
1786395002792,12368896,8551968,8783024,1251936,8359696,0,234666,0,226927,4,2510952,4,2372468,1095,381,2130,3332725,3210514,12332,44,114
1786395003303,12368896,8551728,8782784,1251952,8359696,0,234666,0,226927,4,2510952,4,2372468,1095,381,2130,3332725,3210514,12332,44,114
1786395003814,12368896,8551728,8782784,1251952,8359696,0,234666,0,226927,4,2510952,4,2372468,1095,381,2130,3332725,3210514,12332,44,114
1786395004324,12368896,8551728,8782784,1251952,8359696,0,234666,0,226927,3,2510952,3,2372468,1095,381,2130,3332725,3210514,12332,44,114
1786395004836,12368896,8551488,8782544,1251952,8359696,0,234666,0,226927,3,2510952,3,2372468,1095,381,2130,3332725,3210514,12332,44,114
1786395005348,12368896,8551248,8782304,1251952,8359696,0,234666,0,226927,3,2510952,3,2372468,1095,381,2130,3332725,3210514,12332,44,114
1786395005855,12368896,8551248,8782304,1251952,8359696,0,234666,0,226927,3,2510952,3,2372468,1095,381,2130,3332725,3210514,12332,44,114
1786395006366,12368896,8551248,8782304,1251952,8359696,0,234666,0,226927,2,2510952,2,2372468,1095,381,2130,3332725,3210514,12332,44,114
1786395006875,12368896,8551248,8782304,1251952,8359696,0,234666,0,226927,2,2510952,2,2372468,1095,381,2130,3332725,3210514,12332,44,114
1786395007376,12368896,8551248,8782304,1251952,8359696,0,234666,0,226927,2,2510952,2,2372468,1095,381,2130,3332725,3210514,12332,44,114
1786395007881,12368896,8551248,8782304,1251952,8359696,0,234666,0,226927,2,2510952,2,2372468,1095,381,2130,3332725,3210514,12332,44,114
1786395008385,12368896,8550768,8781824,1251952,8359696,0,234666,0,226927,2,2510952,2,2372468,1095,381,2130,3332725,3210514,12332,44,114
1786395008897,12368896,8550768,8781824,1251952,8359696,0,234666,0,226927,2,2510952,2,2372468,1095,381,2130,3332725,3210514,12332,44,114
1786395009409,12368896,8550768,8781824,1251952,8359696,0,234666,0,226927,2,2510952,2,2372468,1095,381,2130,3332725,3210514,12332,44,114
1786395009921,12368896,8550768,8781824,1251952,8359696,0,234666,0,226927,2,2510952,2,2372468,1095,381,2130,3332725,3210514,12332,44,114
1786395010429,12368896,8550048,8781104,1251952,8359696,0,234666,0,226927,1,2510952,1,2372468,1095,381,2130,3332725,3210514,12332,44,114
1786395010931,12368896,8550048,8781104,1251952,8359696,0,234666,0,226927,1,2510952,1,2372468,1095,381,2130,3332725,3210514,12332,44,114
1786395011432,12368896,8550048,8781712,1252560,8359696,0,234666,0,226927,1,2532083,1,2393430,1095,381,2130,3332725,3210514,12332,44,114
1786395011942,12368896,8550048,8781792,1252656,8359696,0,234666,0,226927,1,2534926,1,2396246,1095,381,2130,3332725,3210514,12332,44,114
1786395012445,12368896,8550048,8781808,1252656,8359696,0,234666,0,226927,19,2534926,19,2396246,1095,381,2130,3332725,3210514,12332,44,114
1786395012949,12368896,8550048,8781808,1252656,8359696,0,234666,0,226927,19,2534926,19,2396246,1095,381,2130,3332725,3210514,12332,44,114
1786395013461,12368896,8550048,8781808,1252656,8359696,0,234666,0,226927,19,2534926,19,2396246,1095,381,2130,3332725,3210514,12332,44,114
1786395013973,12368896,8550048,8781808,1252656,8359696,0,234666,0,226927,19,2534926,19,2396246,1095,381,2130,3332725,3210514,12332,44,114
1786395014481,12368896,8550048,8781840,1252720,8359696,0,234666,0,226927,16,2569980,16,2431165,1095,381,2130,3332725,3210514,12332,44,114
1786395014986,12368896,8550048,8781840,1252720,8359696,0,234666,0,226927,16,2569980,16,2431165,1095,381,2130,3332725,3210514,12332,44,114
1786395015488,12368896,8550048,8781872,1252752,8359696,0,234666,0,226927,16,2569980,16,2431165,1095,381,2130,3332725,3210514,12332,44,114
1786395015998,12368896,8550048,8781872,1252752,8359696,0,234666,0,226927,16,2569980,16,2431165,1095,381,2130,3332725,3210514,12332,44,114
1786395016500,12368896,8550048,8781904,1252832,8359696,0,235399,0,227628,31,2570579,31,2431754,1095,381,2130,3332725,3210514,12332,44,114
1786395017009,12368896,8550048,8781904,1252832,8359696,0,235399,0,227628,31,2570579,31,2431754,1095,381,2130,3332725,3210514,12332,44,114
1786395017516,12368896,8550048,8781920,1252848,8359696,0,235399,0,227628,31,2570579,31,2431754,1095,381,2130,3332725,3210514,12332,44,114
1786395018020,12368896,8550048,8781920,1252848,8359696,0,235399,0,227628,31,2570579,31,2431754,1095,381,2130,3332725,3210514,12332,44,114
1786395018526,12368896,8550048,8781920,1252848,8359696,0,235399,0,227628,25,2570579,25,2431754,1095,381,2130,3332725,3210514,12332,44,114
1786395019037,12368896,8550048,8781920,1252848,8359696,0,235399,0,227628,25,2570579,25,2431754,1095,381,2130,3332725,3210514,12332,44,114
1786395019546,12368896,8550048,8782000,1252848,8359696,0,235399,0,227628,25,2570579,25,2431754,1095,381,2130,3332725,3210514,12332,44,114
1786395020049,12368896,8550048,8782000,1252848,8359696,0,235399,0,227628,25,2570579,25,2431754,1095,381,2130,3332725,3210514,12332,44,114
1786395020560,12368896,8550048,8782000,1252848,8359696,0,235399,0,227628,20,2570579,20,2431754,1095,381,2130,3332725,3210514,12332,44,114
1786395021072,12368896,8550048,8782000,1252848,8359696,0,235399,0,227628,20,2570579,20,2431754,1095,381,2130,3332725,3210514,12332,44,114
1786395021582,12368896,8550048,8782000,1252848,8359696,0,235399,0,227628,20,2570579,20,2431754,1095,381,2130,3332725,3210514,12332,44,114
1786395022086,12368896,8550048,8782000,1252848,8359696,0,235399,0,227628,17,2570579,17,2431754,1095,381,2130,3332725,3210514,12332,44,114
1786395022591,12368896,8550048,8782000,1252848,8359696,0,235399,0,227628,17,2570579,17,2431754,1095,381,2130,3332725,3210514,12332,44,114
1786395023094,12368896,8550048,8782000,1252848,8359696,0,235399,0,227628,17,2570579,17,2431754,1095,381,2130,3332725,3210514,12332,44,114
1786395023597,12368896,8550048,8782000,1252848,8359696,0,235399,0,227628,17,2570579,17,2431754,1095,381,2130,3332725,3210514,12332,44,114
1786395024099,12368896,8550048,8782000,1252848,8359696,0,235399,0,227628,14,2570579,14,2431754,1095,381,2130,3332725,3210514,12332,44,114
1786395024603,12368896,8550048,8782000,1252848,8359696,0,235399,0,227628,14,2570579,14,2431754,1095,381,2130,3332725,3210514,12332,44,114
1786395025114,12368896,8550048,8782000,1252848,8359696,0,235399,0,227628,14,2570579,14,2431754,1095,381,2130,3332725,3210514,12332,44,114
1786395025626,12368896,8550048,8782000,1252848,8359696,0,235399,0,227628,14,2570579,14,2431754,1095,381,2130,3332725,3210514,12332,44,114
1786395026138,12368896,8550048,8782000,1252848,8359696,0,235399,0,227628,11,2570579,11,2431754,1095,381,2130,3332725,3210514,12332,44,114
1786395026649,12368896,8550048,8782000,1252848,8359696,0,235399,0,227628,11,2570579,11,2431754,1095,381,2130,3332725,3210514,12332,44,114
1786395027158,12368896,8550048,8782000,1252848,8359696,0,235399,0,227628,11,2570579,11,2431754,1095,381,2130,3332725,3210514,12332,44,114
1786395027668,12368896,8550048,8782000,1252848,8359696,0,235399,0,227628,11,2570579,11,2431754,1095,381,2130,3332725,3210514,12332,44,114
1786395028173,12368896,8550048,8782000,1252848,8359696,0,235399,0,227628,9,2570579,9,2431754,1095,381,2130,3332725,3210514,12332,44,114
1786395028681,12368896,8550048,8782000,1252848,8359696,0,235399,0,227628,9,2570579,9,2431754,1095,381,2130,3332725,3210514,12332,44,114
1786395029183,12368896,8550048,8782000,1252848,8359696,0,235399,0,227628,9,2570579,9,2431754,1095,381,2130,3332725,3210514,12332,44,114
1786395029691,12368896,8550048,8782000,1252848,8359696,0,235399,0,227628,9,2570579,9,2431754,1095,381,2130,3332725,3210514,12332,44,114
1786395030194,12368896,8550048,8782000,1252848,8359696,0,235399,0,227628,7,2570579,7,2431754,1095,381,2130,3332725,3210514,12332,44,114
1786395030700,12368896,8550048,8782000,1252848,8359696,0,235399,0,227628,7,2570579,7,2431754,1095,381,2130,3332725,3210514,12332,44,114
1786395031212,12368896,8549808,8781760,1252848,8359696,0,235399,0,227628,7,2570579,7,2431754,1095,381,2130,3332725,3210514,12332,44,114
1786395031723,12368896,8549808,8781744,1252848,8359696,0,235399,0,227628,7,2570579,7,2431754,1095,381,2130,3332725,3210514,12332,44,114
1786395032230,12368896,8549808,8781744,1252848,8359696,0,235399,0,227628,6,2570579,6,2431754,1095,381,2130,3332725,3210514,12332,44,114
1786395032734,12368896,8549568,8781520,1252848,8359696,0,235399,0,227628,6,2570579,6,2431754,1095,381,2130,3332725,3210514,12332,44,114
1786395033239,12368896,8549568,8781520,1252848,8359696,0,235399,0,227628,6,2570579,6,2431754,1095,381,2130,3332725,3210514,12332,44,114
1786395033743,12368896,8549568,8781520,1252848,8359696,0,235399,0,227628,6,2570579,6,2431754,1095,381,2130,3332725,3210514,12332,44,114
1786395034250,12368896,8549568,8781520,1252848,8359696,0,235399,0,227628,5,2570579,5,2431754,1095,381,2130,3332725,3210514,12332,44,114
1786395034752,12368896,8549568,8781520,1252848,8359696,0,235399,0,227628,5,2570579,5,2431754,1095,381,2130,3332725,3210514,12332,44,114
1786395035264,12368896,8549568,8781520,1252848,8359696,0,235399,0,227628,5,2570579,5,2431754,1095,381,2130,3332725,3210514,12332,44,114
1786395035770,12368896,8549568,8781776,1253088,8359712,0,235399,0,227628,5,2579013,5,2440143,1098,382,2130,3332725,3210514,12332,44,114
1786395036273,12368896,8549568,8781840,1253184,8359712,0,235399,0,227628,4,2579013,4,2440143,1098,382,2130,3332725,3210514,12332,44,114
1786395036789,12368896,8549568,8781840,1253184,8359712,0,235399,0,227628,4,2579013,4,2440143,1098,382,2130,3332725,3210514,12332,44,114
1786395037297,12368896,8549568,8781840,1253184,8359712,0,235399,0,227628,4,2579013,4,2440143,1098,382,2130,3332725,3210514,12332,44,114
1786395037800,12368896,8549568,8781840,1253184,8359712,0,235399,0,227628,4,2579013,4,2440143,1098,382,2130,3332725,3210514,12332,44,114
1786395038304,12368896,8549328,8781600,1253184,8359712,0,235399,0,227628,3,2579013,3,2440143,1098,382,2130,3332725,3210514,12332,44,114
1786395038806,12368896,8549328,8781600,1253184,8359712,0,235399,0,227628,3,2579013,3,2440143,1098,382,2130,3332725,3210514,12332,44,114
1786395039317,12368896,8549328,8781600,1253184,8359712,0,235399,0,227628,3,2579013,3,2440143,1098,382,2130,3332725,3210514,12332,44,114
1786395039819,12368896,8549328,8781600,1253184,8359712,0,235399,0,227628,3,2579013,3,2440143,1098,382,2130,3332725,3210514,12332,44,114
1786395040330,12368896,8549328,8781600,1253184,8359712,0,235399,0,227628,2,2579013,2,2440143,1098,382,2130,3332725,3210514,12332,44,114
1786395040841,12368896,8549088,8781360,1253184,8359712,0,235399,0,227628,2,2579013,2,2440143,1098,382,2130,3332725,3210514,12332,44,114
1786395041344,12368896,8549088,8781360,1253184,8359712,0,235399,0,227628,2,2595484,2,2456614,1098,382,2130,3332725,3210514,12332,44,114
1786395041844,12368896,8549088,8781360,1253184,8359712,0,235399,0,227628,2,2595484,2,2456614,1098,382,2130,3332725,3210514,12332,44,114
1786395042353,12368896,8548848,8781376,1253472,8359712,0,235399,0,227628,2,2595484,2,2456614,1098,382,2130,3332725,3210514,12332,44,114
1786395042857,12368896,8548848,8781376,1253472,8359712,0,235399,0,227628,2,2595484,2,2456614,1098,382,2130,3332725,3210514,12332,44,114
1786395043359,12368896,8548848,8781424,1253472,8359712,0,235399,0,227628,2,2595484,2,2456614,1098,382,2130,3332725,3210514,12332,44,114
1786395043869,12368896,8548848,8781424,1253472,8359712,0,235399,0,227628,2,2595484,2,2456614,1098,382,2130,3332725,3210514,12332,44,114
1786395044373,12368896,8548848,8781424,1253472,8359712,0,235399,0,227628,1,2595484,1,2456614,1098,382,2130,3332725,3210514,12332,44,114
1786395044883,12368896,8548608,8781184,1253472,8359712,0,235399,0,227628,1,2595484,1,2456614,1098,382,2130,3332725,3210514,12332,44,114
1786395045394,12368896,8548608,8781184,1253472,8359712,0,235399,0,227628,1,2595828,1,2456958,1098,382,2130,3332725,3210514,12332,44,114
1786395045895,12368896,8548608,8781184,1253472,8359712,0,235399,0,227628,1,2595828,1,2456958,1098,382,2130,3332725,3210514,12332,44,114
1786395046399,12368896,8548608,8781184,1253472,8359712,0,235399,0,227628,1,2595828,1,2456958,1098,382,2130,3332725,3210514,12332,44,114
1786395046905,12368896,8548608,8781184,1253472,8359712,0,235399,0,227628,1,2595828,1,2456958,1098,382,2130,3332725,3210514,12332,44,114
1786395047410,12368896,8548608,8781184,1253472,8359712,0,235399,0,227628,1,2595828,1,2456958,1098,382,2130,3332725,3210514,12332,44,114
1786395047920,12368896,8548608,8781184,1253472,8359712,0,235399,0,227628,1,2595828,1,2456958,1098,382,2130,3332725,3210514,12332,44,114
1786395048430,12368896,8548368,8780944,1253472,8359712,0,235399,0,227628,1,2595828,1,2456958,1098,382,2130,3332725,3210514,12332,44,114
1786395048937,12368896,8548368,8780944,1253472,8359712,0,235399,0,227628,1,2595828,1,2456958,1098,382,2130,3332725,3210514,12332,44,114
1786395049441,12368896,8548368,8780944,1253472,8359712,0,235399,0,227628,1,2595828,1,2456958,1098,382,2130,3332725,3210514,12332,44,114
1786395049946,12368896,8548368,8780944,1253472,8359712,0,235399,0,227628,1,2595828,1,2456958,1098,382,2130,3332725,3210514,12332,44,114
1786395050449,12368896,8548368,8780944,1253472,8359712,0,235399,0,227628,0,2595828,0,2456958,1098,382,2130,3332725,3210514,12332,44,114
1786395050955,12368896,8548368,8780944,1253472,8359712,0,235399,0,227628,0,2595828,0,2456958,1098,382,2130,3332725,3210514,12332,44,114
1786395051458,12368896,8548368,8780944,1253472,8359712,0,235399,0,227628,0,2595828,0,2456958,1098,382,2130,3332725,3210514,12332,44,114
1786395051969,12368896,8548368,8780944,1253472,8359712,0,235399,0,227628,0,2595828,0,2456958,1098,382,2130,3332725,3210514,12332,44,114
1786395052476,12368896,8548368,8780944,1253472,8359712,0,235399,0,227628,0,2595828,0,2456958,1098,382,2130,3332725,3210514,12332,44,114
1786395052986,12368896,8548368,8780944,1253472,8359712,0,235399,0,227628,0,2595828,0,2456958,1098,382,2130,3332725,3210514,12332,44,114
1786395053490,12368896,8548128,8780704,1253472,8359712,0,235399,0,227628,0,2595828,0,2456958,1098,382,2130,3332725,3210514,12332,44,114
1786395053992,12368896,8548128,8780704,1253472,8359712,0,235399,0,227628,0,2595828,0,2456958,1098,382,2130,3332725,3210514,12332,44,114
1786395054499,12368896,8548128,8780704,1253472,8359712,0,235399,0,227628,0,2595828,0,2456958,1098,382,2130,3332725,3210514,12332,44,114
1786395055006,12368896,8548128,8780704,1253472,8359712,0,235399,0,227628,0,2595828,0,2456958,1098,382,2130,3332725,3210514,12332,44,114
1786395055521,12368896,8548128,8780704,1253472,8359712,0,235399,0,227628,0,2595828,0,2456958,1098,382,2130,3332725,3210514,12332,44,114
1786395056029,12368896,8548128,8780704,1253472,8359712,0,235399,0,227628,0,2595828,0,2456958,1098,382,2130,3332725,3210514,12332,44,114
1786395056536,12368896,8548128,8780704,1253472,8359712,0,235399,0,227628,0,2595828,0,2456958,1098,382,2130,3332725,3210514,12332,44,114
1786395057043,12368896,8548128,8780704,1253472,8359712,0,235399,0,227628,0,2595828,0,2456958,1098,382,2130,3332725,3210514,12332,44,114
1786395057551,12368896,8548128,8780704,1253472,8359712,0,235399,0,227628,0,2595828,0,2456958,1098,382,2130,3332725,3210514,12332,44,114
1786395058053,12368896,8548128,8780704,1253472,8359712,0,235399,0,227628,0,2595828,0,2456958,1098,382,2130,3332725,3210514,12332,44,114
1786395058564,12368896,8548128,8780704,1253472,8359712,0,235399,0,227628,0,2595828,0,2456958,1098,382,2130,3332725,3210514,12332,44,114
1786395059075,12368896,8547888,8780464,1253472,8359712,0,235399,0,227628,0,2595828,0,2456958,1098,382,2130,3332725,3210514,12332,44,114
1786395059578,12368896,8547888,8780464,1253472,8359712,0,235399,0,227628,0,2595828,0,2456958,1098,382,2130,3332725,3210514,12332,44,114
1786395060086,12368896,8547888,8780464,1253472,8359712,0,235399,0,227628,0,2595828,0,2456958,1098,382,2130,3332725,3210514,12332,44,114
1786395060594,12368896,8547888,8780464,1253472,8359712,0,235399,0,227628,0,2595828,0,2456958,1098,382,2130,3332725,3210514,12332,44,114
1786395061103,12368896,8547648,8780224,1253472,8359712,0,235399,0,227628,0,2595828,0,2456958,1098,382,2130,3332725,3210514,12332,44,114
1786395061614,12368896,8547648,8780224,1253472,8359712,0,235399,0,227628,0,2595828,0,2456958,1098,382,2130,3332725,3210514,12332,44,114
1786395062124,12368896,8547648,8780224,1253472,8359712,0,235399,0,227628,0,2595828,0,2456958,1098,382,2130,3332725,3210514,12332,44,114
1786395062635,12368896,8547648,8780224,1253472,8359712,0,235399,0,227628,0,2595828,0,2456958,1098,382,2130,3332725,3210514,12332,44,114
1786395063146,12368896,8547648,8780224,1253472,8359712,0,235399,0,227628,0,2595828,0,2456958,1098,382,2130,3332725,3210514,12332,44,114
1786395063653,12368896,8547648,8780224,1253472,8359712,0,235399,0,227628,0,2595828,0,2456958,1098,382,2130,3332725,3210514,12332,44,114
1786395064161,12368896,8547648,8780224,1253472,8359712,0,235399,0,227628,0,2595828,0,2456958,1098,382,2130,3332725,3210514,12332,44,114
1786395064665,12368896,8547648,8780224,1253488,8359712,0,235399,0,227628,0,2595828,0,2456958,1098,382,2130,3332725,3210514,12332,44,114
1786395065167,12368896,8547648,8780224,1253488,8359712,0,235399,0,227628,0,2595828,0,2456958,1098,382,2130,3332725,3210514,12332,44,114
1786395065678,12368896,8547648,8780224,1253488,8359712,0,235399,0,227628,0,2595828,0,2456958,1098,382,2130,3332725,3210514,12332,44,114
1786395066188,12368896,8547648,8780224,1253488,8359712,0,235399,0,227628,0,2595828,0,2456958,1098,382,2130,3332725,3210514,12332,44,114
1786395066690,12368896,8547648,8780224,1253488,8359712,0,235399,0,227628,0,2595828,0,2456958,1098,382,2130,3332725,3210514,12332,44,114
1786395067201,12368896,8547648,8780224,1253568,8359712,0,235399,0,227628,0,2595832,0,2456962,1098,382,2130,3332725,3210514,12332,44,114
1786395067704,12368896,8547648,8780224,1253568,8359712,0,235399,0,227628,0,2595832,0,2456962,1098,382,2130,3332725,3210514,12332,44,114
1786395068216,12368896,8547408,8780064,1253568,8359712,0,235399,0,227628,0,2595832,0,2456962,1098,382,2130,3332725,3210514,12332,44,114
1786395068726,12368896,8547408,8780064,1253568,8359712,0,235399,0,227628,0,2595832,0,2456962,1098,382,2130,3332725,3210514,12332,44,114
1786395069234,12368896,8547408,8780064,1253568,8359712,0,235399,0,227628,0,2595832,0,2456962,1098,382,2130,3332725,3210514,12332,44,114
1786395069738,12368896,8547408,8780064,1253568,8359712,0,235399,0,227628,0,2595832,0,2456962,1098,382,2130,3332725,3210514,12332,44,114
1786395070249,12368896,8547408,8780064,1253568,8359712,0,235399,0,227628,0,2595832,0,2456962,1098,382,2130,3332725,3210514,12332,44,114
1786395070750,12368896,8547408,8780064,1253568,8359712,0,235399,0,227628,0,2595832,0,2456962,1098,382,2130,3332725,3210514,12332,44,114
1786395071259,12368896,8547408,8780064,1253568,8359712,0,235399,0,227628,0,2595832,0,2456962,1098,382,2130,3332725,3210514,12332,44,114
1786395071764,12368896,8547408,8780064,1253568,8359712,0,235399,0,227628,0,2595832,0,2456962,1098,382,2130,3332725,3210514,12332,44,114
1786395072266,12368896,8547408,8780064,1253568,8359712,0,235399,0,227628,0,2595832,0,2456962,1098,382,2130,3332725,3210514,12332,44,114
1786395072778,12368896,8547408,8780064,1253568,8359712,0,235399,0,227628,0,2595832,0,2456962,1098,382,2130,3332725,3210514,12332,44,114
1786395073288,12368896,8547408,8780064,1253568,8359712,0,235399,0,227628,0,2595832,0,2456962,1098,382,2130,3332725,3210514,12332,44,114
1786395073794,12368896,8547408,8780064,1253568,8359712,0,235399,0,227628,0,2595832,0,2456962,1098,382,2130,3332725,3210514,12332,44,114
1786395074305,12368896,8547408,8780064,1253568,8359712,0,235399,0,227628,0,2595832,0,2456962,1098,382,2130,3332725,3210514,12332,44,114
1786395074812,12368896,8547408,8780064,1253568,8359712,0,235399,0,227628,0,2595832,0,2456962,1098,382,2130,3332725,3210514,12332,44,114
1786395075322,12368896,8547408,8780064,1253568,8359712,0,235399,0,227628,0,2595832,0,2456962,1098,382,2130,3332725,3210514,12332,44,114
1786395075825,12368896,8547408,8780064,1253568,8359712,0,235399,0,227628,0,2595832,0,2456962,1098,382,2130,3332725,3210514,12332,44,114
1786395076337,12368896,8547408,8780064,1253568,8359712,0,235399,0,227628,0,2595832,0,2456962,1098,382,2130,3332725,3210514,12332,44,114
1786395076850,12368896,8547408,8780064,1253568,8359712,0,235399,0,227628,0,2618991,0,2480066,1098,382,2130,3332725,3210514,12332,44,114
1786395077362,12368896,8547408,8780256,1253760,8359712,0,235399,0,227628,0,2618991,0,2480066,1098,382,2130,3332725,3210514,12332,44,114
1786395077874,12368896,8547408,8780256,1253760,8359712,0,235399,0,227628,0,2618991,0,2480066,1098,382,2130,3332725,3210514,12332,44,114
1786395078379,12368896,8547408,8780256,1253760,8359712,0,235399,0,227628,18,2618991,18,2480066,1098,382,2130,3332725,3210514,12332,44,114
1786395078889,12368896,8547408,8780256,1253760,8359712,0,235399,0,227628,18,2618991,18,2480066,1098,382,2130,3332725,3210514,12332,44,114
1786395079394,12368896,8547408,8780256,1253760,8359712,0,235399,0,227628,18,2618991,18,2480066,1098,382,2130,3332725,3210514,12332,44,114
1786395079900,12368896,8547408,8780256,1253760,8359712,0,235399,0,227628,18,2618991,18,2480066,1098,382,2130,3332725,3210514,12332,44,114
1786395080403,12368896,8547408,8780256,1253760,8359712,0,235399,0,227628,14,2618991,14,2480066,1098,382,2130,3332725,3210514,12332,44,114
1786395080905,12368896,8547408,8780256,1253760,8359712,0,235399,0,227628,14,2618991,14,2480066,1098,382,2130,3332725,3210514,12332,44,114
1786395081415,12368896,8547408,8780256,1253760,8359712,0,235399,0,227628,14,2618991,14,2480066,1098,382,2130,3332725,3210514,12332,44,114
1786395081922,12368896,8547408,8780256,1253760,8359712,0,235399,0,227628,14,2618991,14,2480066,1098,382,2130,3332725,3210514,12332,44,114
1786395082425,12368896,8547408,8780256,1253760,8359712,0,235399,0,227628,12,2618991,12,2480066,1098,382,2130,3332725,3210514,12332,44,114
1786395082929,12368896,8547408,8780256,1253760,8359712,0,235399,0,227628,12,2618991,12,2480066,1098,382,2130,3332725,3210514,12332,44,114
1786395083435,12368896,8547408,8780256,1253760,8359712,0,235399,0,227628,12,2618991,12,2480066,1098,382,2130,3332725,3210514,12332,44,114
1786395083945,12368896,8547408,8780256,1253760,8359712,0,235399,0,227628,12,2618991,12,2480066,1098,382,2130,3332725,3210514,12332,44,114
1786395084449,12368896,8547408,8780256,1253760,8359712,0,235399,0,227628,9,2618991,9,2480066,1098,382,2130,3332725,3210514,12332,44,114
1786395084958,12368896,8547408,8780256,1253760,8359712,0,235399,0,227628,9,2618991,9,2480066,1098,382,2130,3332725,3210514,12332,44,114
1786395085464,12368896,8547408,8780256,1253760,8359712,0,235399,0,227628,9,2618991,9,2480066,1098,382,2130,3332725,3210514,12332,44,114
1786395085969,12368896,8547408,8780256,1253760,8359712,0,235399,0,227628,9,2618991,9,2480066,1098,382,2130,3332725,3210514,12332,44,114
1786395086479,12368896,8547408,8780256,1253760,8359712,0,235399,0,227628,8,2618991,8,2480066,1098,382,2130,3332725,3210514,12332,44,114
1786395086988,12368896,8547408,8780256,1253760,8359712,0,235399,0,227628,8,2618991,8,2480066,1098,382,2130,3332725,3210514,12332,44,114
1786395087489,12368896,8547408,8780256,1253760,8359712,0,235399,0,227628,8,2618991,8,2480066,1098,382,2130,3332725,3210514,12332,44,114
1786395087996,12368896,8547408,8780256,1253760,8359712,0,235399,0,227628,8,2618991,8,2480066,1098,382,2130,3332725,3210514,12332,44,114
1786395088506,12368896,8547408,8780256,1253760,8359712,0,235399,0,227628,6,2618991,6,2480066,1098,382,2130,3332725,3210514,12332,44,114
1786395089011,12368896,8547408,8780256,1253760,8359712,0,235399,0,227628,6,2618991,6,2480066,1098,382,2130,3332725,3210514,12332,44,114
1786395089513,12368896,8547408,8780256,1253760,8359712,0,235399,0,227628,6,2618991,6,2480066,1098,382,2130,3332725,3210514,12332,44,114
1786395090017,12368896,8547408,8780256,1253760,8359712,0,235399,0,227628,6,2618991,6,2480066,1098,382,2130,3332725,3210514,12332,44,114
1786395090520,12368896,8547408,8780256,1253760,8359712,0,235399,0,227628,5,2618991,5,2480066,1098,382,2130,3332725,3210514,12332,44,114
1786395091029,12368896,8547408,8780256,1253760,8359712,0,235399,0,227628,5,2618991,5,2480066,1098,382,2130,3332725,3210514,12332,44,114
1786395091530,12368896,8547408,8780256,1253760,8359712,0,235399,0,227628,5,2618991,5,2480066,1098,382,2130,3332725,3210514,12332,44,114
1786395092034,12368896,8547408,8780256,1253760,8359712,0,235399,0,227628,5,2618991,5,2480066,1098,382,2130,3332725,3210514,12332,44,114
1786395092545,12368896,8547408,8780256,1253760,8359712,0,235399,0,227628,4,2618991,4,2480066,1098,382,2130,3332725,3210514,12332,44,114
1786395093057,12368896,8547408,8780256,1253760,8359712,0,235399,0,227628,4,2618991,4,2480066,1098,382,2130,3332725,3210514,12332,44,114
1786395093570,12368896,8547408,8780256,1253760,8359712,0,235399,0,227628,4,2618991,4,2480066,1098,382,2130,3332725,3210514,12332,44,114
1786395094075,12368896,8547408,8780256,1253760,8359712,0,235399,0,227628,4,2618991,4,2480066,1098,382,2130,3332725,3210514,12332,44,114
1786395094586,12368896,8547408,8780256,1253760,8359712,0,235399,0,227628,3,2618991,3,2480066,1098,382,2130,3332725,3210514,12332,44,114
1786395095091,12368896,8547408,8780256,1253760,8359712,0,235399,0,227628,3,2618991,3,2480066,1098,382,2130,3332725,3210514,12332,44,114
1786395095593,12368896,8547408,8780256,1253760,8359712,0,235399,0,227628,3,2618991,3,2480066,1098,382,2130,3332725,3210514,12332,44,114
1786395096099,12368896,8547408,8780256,1253760,8359712,0,235399,0,227628,3,2618991,3,2480066,1098,382,2130,3332725,3210514,12332,44,114
1786395096609,12368896,8547408,8780256,1253760,8359712,0,235399,0,227628,2,2618991,2,2480066,1098,382,2130,3332725,3210514,12332,44,114
1786395097121,12368896,8547408,8780256,1253760,8359712,0,235399,0,227628,2,2618991,2,2480066,1098,382,2130,3332725,3210514,12332,44,114
1786395097624,12368896,8547408,8780256,1253760,8359712,0,235399,0,227628,2,2618991,2,2480066,1098,382,2130,3332725,3210514,12332,44,114
1786395098135,12368896,8547408,8780256,1253760,8359712,0,235399,0,227628,2,2618991,2,2480066,1098,382,2130,3332725,3210514,12332,44,114
1786395098641,12368896,8547408,8780256,1253760,8359712,0,235399,0,227628,2,2618991,2,2480066,1098,382,2130,3332725,3210514,12332,44,114
1786395099153,12368896,8547168,8780016,1253760,8359712,0,235399,0,227628,2,2618991,2,2480066,1098,382,2130,3332725,3210514,12332,44,114
1786395099660,12368896,8547168,8780016,1253760,8359712,0,235399,0,227628,2,2618991,2,2480066,1098,382,2130,3332725,3210514,12332,44,114
1786395100171,12368896,8547168,8780016,1253760,8359712,0,235399,0,227628,1,2618991,1,2480066,1098,382,2130,3332725,3210514,12332,44,114
1786395100678,12368896,8547168,8780016,1253760,8359712,0,235399,0,227628,1,2618991,1,2480066,1098,382,2130,3332725,3210514,12332,44,114
1786395101181,12368896,8547168,8780016,1253760,8359712,0,235399,0,227628,1,2618991,1,2480066,1098,382,2130,3332725,3210514,12332,44,114
1786395101688,12368896,8547168,8780016,1253760,8359712,0,235399,0,227628,1,2618991,1,2480066,1098,382,2130,3332725,3210514,12332,44,114
1786395102198,12368896,8547168,8780016,1253760,8359712,0,235399,0,227628,1,2618991,1,2480066,1098,382,2130,3332725,3210514,12332,44,114
1786395102709,12368896,8547168,8780016,1253760,8359712,0,235399,0,227628,1,2618991,1,2480066,1098,382,2130,3332725,3210514,12332,44,114
1786395103220,12368896,8547168,8780016,1253760,8359712,0,235399,0,227628,1,2618991,1,2480066,1098,382,2130,3332725,3210514,12332,44,114
1786395103725,12368896,8547168,8780016,1253760,8359712,0,235399,0,227628,1,2618991,1,2480066,1098,382,2130,3332725,3210514,12332,44,114
1786395104229,12368896,8547168,8780016,1253760,8359712,0,235399,0,227628,1,2618991,1,2480066,1098,382,2130,3332725,3210514,12332,44,114
1786395104741,12368896,8546928,8779776,1253760,8359712,0,235399,0,227628,1,2618991,1,2480066,1098,382,2130,3332725,3210514,12332,44,114
1786395105247,12368896,8546928,8779776,1253760,8359712,0,235399,0,227628,1,2618991,1,2480066,1098,382,2130,3332725,3210514,12332,44,114
1786395105749,12368896,8546928,8779776,1253760,8359712,0,235399,0,227628,1,2618991,1,2480066,1098,382,2130,3332725,3210514,12332,44,114
1786395106251,12368896,8546928,8779760,1253760,8359712,0,235399,0,227628,0,2618991,0,2480066,1098,382,2130,3332725,3210514,12332,44,114
1786395106754,12368896,8546928,8779760,1253760,8359712,0,235399,0,227628,0,2618991,0,2480066,1098,382,2130,3332725,3210514,12332,44,114
1786395107258,12368896,8546928,8779776,1253760,8359712,0,235399,0,227628,0,2618991,0,2480066,1098,382,2130,3332725,3210514,12332,44,114
1786395107761,12368896,8546928,8779776,1253760,8359712,0,235399,0,227628,0,2618991,0,2480066,1098,382,2130,3332725,3210514,12332,44,114
1786395108265,12368896,8546928,8779776,1253760,8359712,0,235399,0,227628,0,2618991,0,2480066,1098,382,2130,3332725,3210514,12332,44,114
1786395108776,12368896,8546928,8779776,1253760,8359712,0,235399,0,227628,0,2618991,0,2480066,1098,382,2130,3332725,3210514,12332,44,114
1786395109288,12368896,8546688,8779536,1253760,8359712,0,235399,0,227628,0,2618991,0,2480066,1098,382,2130,3332725,3210514,12332,44,114
1786395109800,12368896,8546688,8779536,1253760,8359712,0,235399,0,227628,0,2618991,0,2480066,1098,382,2130,3332725,3210514,12332,44,114
1786395110302,12368896,8546688,8779536,1253760,8359712,0,235399,0,227628,0,2618991,0,2480066,1098,382,2130,3332725,3210514,12332,44,114
1786395110814,12368896,8546688,8779536,1253760,8359712,0,235399,0,227628,0,2618991,0,2480066,1098,382,2130,3332725,3210514,12332,44,114
1786395111316,12368896,8546688,8779536,1253760,8359712,0,235399,0,227628,0,2618991,0,2480066,1098,382,2130,3332725,3210514,12332,44,114
1786395111828,12368896,8546448,8779296,1253760,8359712,0,235399,0,227628,0,2618991,0,2480066,1098,382,2130,3332725,3210514,12332,44,114
1786395112335,12368896,8546448,8779296,1253760,8359712,0,235399,0,227628,0,2618991,0,2480066,1098,382,2130,3332725,3210514,12332,44,114
1786395112837,12368896,8546448,8779296,1253760,8359712,0,235399,0,227628,0,2618991,0,2480066,1098,382,2130,3332725,3210514,12332,44,114
1786395113348,12368896,8546448,8779296,1253760,8359712,0,235399,0,227628,0,2618991,0,2480066,1098,382,2130,3332725,3210514,12332,44,114
1786395113850,12368896,8546448,8779296,1253760,8359712,0,235399,0,227628,0,2618991,0,2480066,1098,382,2130,3332725,3210514,12332,44,114
1786395114362,12368896,8546208,8779056,1253760,8359712,0,235399,0,227628,0,2618991,0,2480066,1098,382,2130,3332725,3210514,12332,44,114
1786395114870,12368896,8546208,8779056,1253760,8359712,0,235399,0,227628,0,2618991,0,2480066,1098,382,2130,3332725,3210514,12332,44,114
1786395115378,12368896,8546208,8779056,1253760,8359712,0,235399,0,227628,0,2618991,0,2480066,1098,382,2130,3332725,3210514,12332,44,114
1786395115882,12368896,8546208,8779056,1253760,8359712,0,235399,0,227628,0,2618991,0,2480066,1098,382,2130,3332725,3210514,12332,44,114
1786395116384,12368896,8546208,8779056,1253760,8359712,0,235399,0,227628,0,2618991,0,2480066,1098,382,2130,3332725,3210514,12332,44,114
1786395116891,12368896,8546208,8779056,1253760,8359712,0,235399,0,227628,0,2618991,0,2480066,1098,382,2130,3332725,3210514,12332,44,114
1786395117397,12368896,8546208,8779056,1253760,8359712,0,235399,0,227628,0,2618991,0,2480066,1098,382,2130,3332725,3210514,12332,44,114
1786395117908,12368896,8546208,8779056,1253760,8359712,0,235399,0,227628,0,2618991,0,2480066,1098,382,2130,3332725,3210514,12332,44,114
1786395118418,12368896,8546208,8779056,1253760,8359712,0,235399,0,227628,0,2618991,0,2480066,1098,382,2130,3332725,3210514,12332,44,114
1786395118923,12368896,8546208,8779056,1253760,8359712,0,235399,0,227628,0,2618991,0,2480066,1098,382,2130,3332725,3210514,12332,44,114
1786395119434,12368896,8546208,8779056,1253760,8359712,0,235399,0,227628,0,2618991,0,2480066,1098,382,2130,3332725,3210514,12332,44,114
1786395119938,12368896,8546208,8779056,1253760,8359712,0,235399,0,227628,0,2618991,0,2480066,1098,382,2130,3332725,3210514,12332,44,114
1786395120442,12368896,8546208,8779056,1253760,8359712,0,235399,0,227628,0,2618991,0,2480066,1098,382,2130,3332725,3210514,12332,44,114
1786395120952,12368896,8546208,8779056,1253760,8359712,0,235399,0,227628,0,2618991,0,2480066,1098,382,2130,3332725,3210514,12332,44,114
1786395121462,12368896,8546208,8779056,1253760,8359712,0,235399,0,227628,0,2618991,0,2480066,1098,382,2130,3332725,3210514,12332,44,114
1786395121971,12368896,8546208,8779056,1253760,8359712,0,235399,0,227628,0,2618991,0,2480066,1098,382,2130,3332725,3210514,12332,44,114
1786395122481,12368896,8546208,8779056,1253760,8359712,0,235399,0,227628,0,2618991,0,2480066,1098,382,2130,3332725,3210514,12332,44,114
1786395122991,12368896,8546208,8779056,1253760,8359712,0,235399,0,227628,0,2618991,0,2480066,1098,382,2130,3332725,3210514,12332,44,114
1786395123498,12368896,8546208,8779056,1253760,8359712,0,235399,0,227628,0,2618991,0,2480066,1098,382,2130,3332725,3210514,12332,44,114
1786395123999,12368896,8546208,8779056,1253760,8359712,0,235399,0,227628,0,2618991,0,2480066,1098,382,2130,3332725,3210514,12332,44,114
1786395124503,12368896,8546208,8779056,1253760,8359712,0,235399,0,227628,0,2618991,0,2480066,1098,382,2130,3332725,3210514,12332,44,114
1786395125014,12368896,8546208,8779056,1253760,8359712,0,235399,0,227628,0,2618991,0,2480066,1098,382,2130,3332725,3210514,12332,44,114
1786395125517,12368896,8546208,8779056,1253776,8359712,0,235399,0,227628,0,2618991,0,2480066,1098,382,2130,3332725,3210514,12332,44,114
1786395126020,12368896,8546208,8779056,1253776,8359712,0,235399,0,227628,0,2618991,0,2480066,1098,382,2130,3332725,3210514,12332,44,114
1786395126521,12368896,8546208,8779056,1253776,8359712,0,235399,0,227628,0,2618991,0,2480066,1098,382,2130,3332725,3210514,12332,44,114
1786395127027,12368896,8546208,8779056,1253776,8359712,0,235399,0,227628,0,2618991,0,2480066,1098,382,2130,3332725,3210514,12332,44,114
1786395127538,12368896,8546208,8779056,1253776,8359712,0,235399,0,227628,0,2618991,0,2480066,1098,382,2130,3332725,3210514,12332,44,114
1786395128040,12368896,8546208,8779056,1253776,8359712,0,235399,0,227628,0,2618991,0,2480066,1098,382,2130,3332725,3210514,12332,44,114
1786395128544,12368896,8546208,8779056,1253776,8359712,0,235399,0,227628,0,2618991,0,2480066,1098,382,2130,3332725,3210514,12332,44,114
1786395129050,12368896,8546208,8779056,1253776,8359712,0,235399,0,227628,0,2618991,0,2480066,1098,382,2130,3332725,3210514,12332,44,114
1786395129562,12368896,8546208,8779056,1253776,8359712,0,235399,0,227628,0,2618991,0,2480066,1098,382,2130,3332725,3210514,12332,44,114
1786395130067,12368896,8546208,8779056,1253776,8359712,0,235399,0,227628,0,2618991,0,2480066,1098,382,2130,3332725,3210514,12332,44,114
1786395130575,12368896,8546208,8779056,1253776,8359712,0,235399,0,227628,0,2618991,0,2480066,1098,382,2130,3332725,3210514,12332,44,114
1786395131077,12368896,8546208,8779056,1253776,8359712,0,235399,0,227628,0,2618991,0,2480066,1098,382,2130,3332725,3210514,12332,44,114
1786395131580,12368896,8546208,8779056,1253776,8359712,0,235399,0,227628,0,2618991,0,2480066,1098,382,2130,3332725,3210514,12332,44,114
1786395132082,12368896,8546208,8779056,1253776,8359712,0,235399,0,227628,0,2618991,0,2480066,1098,382,2130,3332725,3210514,12332,44,114
1786395132587,12368896,8546208,8779056,1253776,8359712,0,235399,0,227628,0,2618991,0,2480066,1098,382,2130,3332725,3210514,12332,44,114
1786395133099,12368896,8546208,8779056,1253776,8359712,0,235399,0,227628,0,2618991,0,2480066,1098,382,2130,3332725,3210514,12332,44,114
1786395133600,12368896,8546208,8779056,1253776,8359712,0,235399,0,227628,0,2618991,0,2480066,1098,382,2130,3332725,3210514,12332,44,114
1786395134104,12368896,8546208,8779056,1253776,8359712,0,235399,0,227628,0,2618991,0,2480066,1098,382,2130,3332725,3210514,12332,44,114
1786395134613,12368896,8546208,8779056,1253776,8359712,0,235399,0,227628,0,2618991,0,2480066,1098,382,2130,3332725,3210514,12332,44,114
1786395135123,12368896,8546208,8779056,1253776,8359712,0,235399,0,227628,0,2618991,0,2480066,1098,382,2130,3332725,3210514,12332,44,114
1786395135626,12368896,8546208,8779056,1253776,8359712,0,235399,0,227628,0,2618991,0,2480066,1098,382,2130,3332725,3210514,12332,44,114
1786395136128,12368896,8546208,8779056,1253776,8359712,0,235399,0,227628,0,2618991,0,2480066,1098,382,2130,3332725,3210514,12332,44,114
1786395136630,12368896,8546208,8779056,1253776,8359712,0,235399,0,227628,0,2618991,0,2480066,1098,382,2130,3332725,3210514,12332,44,114
1786395137134,12368896,8546208,8779056,1253776,8359712,0,235399,0,227628,0,2618991,0,2480066,1098,382,2130,3332725,3210514,12332,44,114
1786395137637,12368896,8546208,8779056,1253776,8359712,0,235399,0,227628,0,2618991,0,2480066,1098,382,2130,3332725,3210514,12332,44,114
1786395138146,12368896,8546208,8779056,1253776,8359712,0,235399,0,227628,0,2618991,0,2480066,1098,382,2130,3332725,3210514,12332,44,114
1786395138657,12368896,8546208,8779056,1253776,8359712,0,235399,0,227628,0,2618991,0,2480066,1098,382,2130,3332725,3210514,12332,44,114
1786395139162,12368896,8546208,8779056,1253776,8359712,0,235399,0,227628,0,2618991,0,2480066,1098,382,2130,3332725,3210514,12332,44,114
1786395139672,12368896,8546208,8779056,1253776,8359712,0,235399,0,227628,0,2618991,0,2480066,1098,382,2130,3332725,3210514,12332,44,114
1786395140178,12368896,8546208,8779056,1253776,8359712,0,235399,0,227628,0,2618991,0,2480066,1098,382,2130,3332725,3210514,12332,44,114
1786395140683,12368896,8546208,8779056,1253776,8359712,0,235399,0,227628,0,2618991,0,2480066,1098,382,2130,3332725,3210514,12332,44,114
1786395141192,12368896,8546208,8779056,1253776,8359712,0,235399,0,227628,0,2618991,0,2480066,1098,382,2130,3332725,3210514,12332,44,114
1786395141703,12368896,8546208,8779056,1253776,8359712,0,235399,0,227628,0,2618991,0,2480066,1098,382,2130,3332725,3210514,12332,44,114
1786395142214,12368896,8546208,8779056,1253776,8359712,0,235399,0,227628,0,2618991,0,2480066,1098,382,2130,3332725,3210514,12332,44,114
1786395142726,12368896,8545968,8778816,1253776,8359712,0,235399,0,227628,0,2618991,0,2480066,1098,382,2130,3332725,3210514,12332,44,114
1786395143233,12368896,8545968,8778816,1253776,8359712,0,235399,0,227628,0,2618991,0,2480066,1098,382,2130,3332725,3210514,12332,44,114
1786395143744,12368896,8545968,8778816,1253776,8359712,0,235399,0,227628,0,2618991,0,2480066,1098,382,2130,3332725,3210514,12332,44,114
1786395144249,12368896,8545968,8778816,1253776,8359712,0,235399,0,227628,0,2618991,0,2480066,1098,382,2130,3332725,3210514,12332,44,114
1786395144753,12368896,8545968,8778816,1253776,8359712,0,235399,0,227628,0,2618991,0,2480066,1098,382,2130,3332725,3210514,12332,44,114
1786395145264,12368896,8545968,8778816,1253776,8359712,0,235399,0,227628,0,2618991,0,2480066,1098,382,2130,3332725,3210514,12332,44,114
1786395145765,12368896,8545968,8778816,1253776,8359712,0,235399,0,227628,0,2618991,0,2480066,1098,382,2130,3332725,3210514,12332,44,114
1786395146276,12368896,8545968,8778816,1253776,8359712,0,235399,0,227628,0,2618991,0,2480066,1098,382,2130,3332725,3210514,12332,44,114
1786395146796,12368896,8545968,8778816,1253776,8359712,0,235399,0,227628,0,2618991,0,2480066,1098,382,2130,3332725,3210514,12332,44,114
1786395147299,12368896,8545968,8778816,1253776,8359712,0,235399,0,227628,0,2618991,0,2480066,1098,382,2130,3332725,3210514,12332,44,114
1786395147808,12368896,8545968,8778816,1253776,8359712,0,235399,0,227628,0,2618991,0,2480066,1098,382,2130,3332725,3210514,12332,44,114
1786395148320,12368896,8545968,8778816,1253776,8359712,0,235399,0,227628,0,2618991,0,2480066,1098,382,2130,3332725,3210514,12332,44,114
1786395148831,12368896,8545968,8778816,1253776,8359712,0,235399,0,227628,0,2618991,0,2480066,1098,382,2130,3332725,3210514,12332,44,114
1786395149342,12368896,8545968,8778816,1253776,8359712,0,235399,0,227628,0,2618991,0,2480066,1098,382,2130,3332725,3210514,12332,44,114
1786395149853,12368896,8545968,8778816,1253776,8359712,0,235399,0,227628,0,2618991,0,2480066,1098,382,2130,3332725,3210514,12332,44,114
1786395150356,12368896,8545968,8778816,1253776,8359712,0,235399,0,227628,0,2618991,0,2480066,1098,382,2130,3332725,3210514,12332,44,114
1786395150864,12368896,8545968,8778816,1253776,8359712,0,235399,0,227628,0,2618991,0,2480066,1098,382,2130,3332725,3210514,12332,44,114
1786395151376,12368896,8545968,8778816,1253776,8359712,0,235399,0,227628,0,2618991,0,2480066,1098,382,2130,3332725,3210514,12332,44,114
1786395151889,12368896,8545968,8778816,1253776,8359712,0,235399,0,227628,0,2618991,0,2480066,1098,382,2130,3332725,3210514,12332,44,114
1786395152399,12368896,8545728,8778576,1253776,8359712,0,235399,0,227628,0,2618991,0,2480066,1098,382,2130,3332725,3210514,12332,44,114
1786395152911,12368896,8545728,8778576,1253776,8359712,0,235399,0,227628,0,2618991,0,2480066,1098,382,2130,3332725,3210514,12332,44,114
1786395153418,12368896,8545728,8778576,1253776,8359712,0,235399,0,227628,0,2618991,0,2480066,1098,382,2130,3332725,3210514,12332,44,114
1786395153922,12368896,8545728,8778576,1253776,8359712,0,235399,0,227628,0,2618991,0,2480066,1098,382,2130,3332725,3210514,12332,44,114
1786395154432,12368896,8545728,8778576,1253776,8359712,0,235399,0,227628,0,2618991,0,2480066,1098,382,2130,3332725,3210514,12332,44,114
1786395154938,12368896,8545728,8778576,1253776,8359712,0,235399,0,227628,0,2618991,0,2480066,1098,382,2130,3332725,3210514,12332,44,114
1786395155448,12368896,8545488,8778336,1253776,8359712,0,235399,0,227628,0,2618991,0,2480066,1098,382,2130,3332725,3210514,12332,44,114
1786395155956,12368896,8545488,8778336,1253776,8359712,0,235399,0,227628,0,2618991,0,2480066,1098,382,2130,3332725,3210514,12332,44,114
1786395156464,12368896,8545488,8778336,1253776,8359712,0,235399,0,227628,0,2618991,0,2480066,1098,382,2130,3332725,3210514,12332,44,114
1786395156973,12368896,8545488,8778336,1253776,8359712,0,235399,0,227628,0,2618991,0,2480066,1098,382,2130,3332725,3210514,12332,44,114
1786395157478,12368896,8545488,8778336,1253776,8359712,0,235399,0,227628,0,2618991,0,2480066,1098,382,2130,3332725,3210514,12332,44,114
1786395157987,12368896,8545488,8778336,1253776,8359712,0,235399,0,227628,0,2618991,0,2480066,1098,382,2130,3332725,3210514,12332,44,114
1786395158488,12368896,8545248,8778096,1253776,8359712,0,235399,0,227628,0,2618991,0,2480066,1098,382,2130,3332725,3210514,12332,44,114
1786395158989,12368896,8545248,8778096,1253776,8359712,0,235399,0,227628,0,2618991,0,2480066,1098,382,2130,3332725,3210514,12332,44,114
1786395159503,12368896,8545248,8778096,1253776,8359712,0,235399,0,227628,0,2618991,0,2480066,1098,382,2130,3332725,3210514,12332,44,114
1786395160006,12368896,8545248,8778096,1253776,8359712,0,235399,0,227628,0,2618991,0,2480066,1098,382,2130,3332725,3210514,12332,44,114
1786395160513,12368896,8545248,8778096,1253776,8359712,0,235399,0,227628,0,2618991,0,2480066,1098,382,2130,3332725,3210514,12332,44,114
1786395161025,12368896,8545248,8778096,1253776,8359712,0,235399,0,227628,0,2618991,0,2480066,1098,382,2130,3332725,3210514,12332,44,114
1786395161530,12368896,8545248,8778096,1253776,8359712,0,235399,0,227628,0,2618991,0,2480066,1098,382,2130,3332725,3210514,12332,44,114
1786395162034,12368896,8545248,8778096,1253776,8359712,0,235399,0,227628,0,2618991,0,2480066,1098,382,2130,3332725,3210514,12332,44,114
1786395162542,12368896,8545248,8778096,1253776,8359712,0,235399,0,227628,0,2618991,0,2480066,1098,382,2130,3332725,3210514,12332,44,114
1786395163045,12368896,8545248,8778096,1253776,8359712,0,235399,0,227628,0,2618991,0,2480066,1098,382,2130,3332725,3210514,12332,44,114
1786395163557,12368896,8545248,8778096,1253776,8359712,0,235399,0,227628,0,2618991,0,2480066,1098,382,2130,3332725,3210514,12332,44,114
1786395164069,12368896,8545248,8778096,1253776,8359712,0,235399,0,227628,0,2618991,0,2480066,1098,382,2130,3332725,3210514,12332,44,114
1786395164572,12368896,8545248,8778096,1253776,8359712,0,235399,0,227628,0,2618991,0,2480066,1098,382,2130,3332725,3210514,12332,44,114
1786395165083,12368896,8545248,8778096,1253776,8359712,0,235399,0,227628,0,2618991,0,2480066,1098,382,2130,3332725,3210514,12332,44,114
1786395165595,12368896,8545008,8777856,1253776,8359712,0,235399,0,227628,0,2618991,0,2480066,1098,382,2130,3332725,3210514,12332,44,114
1786395166101,12368896,8545008,8777856,1253776,8359712,0,235399,0,227628,0,2618991,0,2480066,1098,382,2130,3332725,3210514,12332,44,114
1786395166602,12368896,8545008,8777856,1253776,8359712,0,235399,0,227628,0,2618991,0,2480066,1098,382,2130,3332725,3210514,12332,44,114
1786395167107,12368896,8545008,8777856,1253776,8359712,0,235399,0,227628,0,2618991,0,2480066,1098,382,2130,3332725,3210514,12332,44,114
1786395167618,12368896,8544768,8777616,1253776,8359712,0,235399,0,227628,0,2618991,0,2480066,1098,382,2130,3332725,3210514,12332,44,114
1786395168130,12368896,8544768,8777616,1253776,8359712,0,235399,0,227628,0,2618991,0,2480066,1098,382,2130,3332725,3210514,12332,44,114
1786395168642,12368896,8544768,8777616,1253776,8359712,0,235399,0,227628,0,2618991,0,2480066,1098,382,2130,3332725,3210514,12332,44,114
1786395169154,12368896,8544768,8777616,1253776,8359712,0,235399,0,227628,0,2618991,0,2480066,1098,382,2130,3332725,3210514,12332,44,114
1786395169666,12368896,8544768,8777616,1253776,8359712,0,235399,0,227628,0,2618991,0,2480066,1098,382,2130,3332725,3210514,12332,44,114
1786395170171,12368896,8544768,8777616,1253776,8359712,0,235399,0,227628,0,2618991,0,2480066,1098,382,2130,3332725,3210514,12332,44,114
1786395170681,12368896,8544528,8777376,1253776,8359712,0,235399,0,227628,0,2618991,0,2480066,1098,382,2130,3332725,3210514,12332,44,114
1786395171192,12368896,8544528,8777376,1253776,8359712,0,235399,0,227628,0,2618991,0,2480066,1098,382,2130,3332725,3210514,12332,44,114
1786395171703,12368896,8544528,8777376,1253776,8359712,0,235399,0,227628,0,2618991,0,2480066,1098,382,2130,3332725,3210514,12332,44,114
1786395172205,12368896,8544528,8777376,1253776,8359712,0,235399,0,227628,0,2618991,0,2480066,1098,382,2130,3332725,3210514,12332,44,114
1786395172710,12368896,8544288,8777136,1253776,8359712,0,235399,0,227628,0,2618991,0,2480066,1098,382,2130,3332725,3210514,12332,44,114
1786395173214,12368896,8544288,8777136,1253776,8359712,0,235399,0,227628,0,2618991,0,2480066,1098,382,2130,3332725,3210514,12332,44,114
1786395173726,12368896,8544288,8777136,1253776,8359712,0,235399,0,227628,0,2618991,0,2480066,1098,382,2130,3332725,3210514,12332,44,114
1786395174237,12368896,8544288,8777136,1253776,8359712,0,235399,0,227628,0,2618991,0,2480066,1098,382,2130,3332725,3210514,12332,44,114
1786395174749,12368896,8544048,8776896,1253776,8359712,0,235399,0,227628,0,2618991,0,2480066,1098,382,2130,3332725,3210514,12332,44,114
1786395175253,12368896,8544048,8776896,1253776,8359712,0,235399,0,227628,0,2618991,0,2480066,1098,382,2130,3332725,3210514,12332,44,114
1786395175757,12368896,8544048,8776896,1253776,8359712,0,235399,0,227628,0,2618991,0,2480066,1098,382,2130,3332725,3210514,12332,44,114
1786395176261,12368896,8544048,8776896,1253776,8359712,0,235399,0,227628,0,2618991,0,2480066,1098,382,2130,3332725,3210514,12332,44,114
1786395176764,12368896,8544048,8776896,1253776,8359712,0,235399,0,227628,0,2618991,0,2480066,1098,382,2130,3332725,3210514,12332,44,114
1786395177276,12368896,8544048,8776896,1253776,8359712,0,235399,0,227628,0,2618991,0,2480066,1098,382,2130,3332725,3210514,12332,44,114
1786395177779,12368896,8544048,8776896,1253776,8359712,0,235399,0,227628,0,2618991,0,2480066,1098,382,2130,3332725,3210514,12332,44,114
1786395178291,12368896,8544048,8776896,1253776,8359712,0,235399,0,227628,0,2618991,0,2480066,1098,382,2130,3332725,3210514,12332,44,114
1786395178799,12368896,8544048,8776896,1253776,8359712,0,235399,0,227628,0,2618991,0,2480066,1098,382,2130,3332725,3210514,12332,44,114
1786395179310,12368896,8544048,8776896,1253776,8359712,0,235399,0,227628,0,2618991,0,2480066,1098,382,2130,3332725,3210514,12332,44,114
1786395179813,12368896,8544048,8776896,1253776,8359712,0,235399,0,227628,0,2618991,0,2480066,1098,382,2130,3332725,3210514,12332,44,114
1786395180314,12368896,8544048,8776896,1253776,8359712,0,235399,0,227628,0,2618991,0,2480066,1098,382,2130,3332725,3210514,12332,44,114
1786395180827,12368896,8544048,8776896,1253776,8359712,0,235399,0,227628,0,2618991,0,2480066,1098,382,2130,3332725,3210514,12332,44,114
1786395181339,12368896,8544048,8776896,1253776,8359712,0,235399,0,227628,0,2618991,0,2480066,1098,382,2130,3332725,3210514,12332,44,114
1786395181846,12368896,8544048,8776896,1253776,8359712,0,235399,0,227628,0,2618991,0,2480066,1098,382,2130,3332725,3210514,12332,44,114
1786395182356,12368896,8544048,8776880,1253776,8359712,0,235399,0,227628,0,2618991,0,2480066,1098,382,2130,3332725,3210514,12332,44,114
1786395182867,12368896,8544048,8776896,1253776,8359712,0,235399,0,227628,0,2618991,0,2480066,1098,382,2130,3332725,3210514,12332,44,114
1786395183369,12368896,8544048,8776896,1253776,8359712,0,235399,0,227628,0,2618991,0,2480066,1098,382,2130,3332725,3210514,12332,44,114
1786395183870,12368896,8544048,8776896,1253776,8359712,0,235399,0,227628,0,2618991,0,2480066,1098,382,2130,3332725,3210514,12332,44,114
1786395184381,12368896,8544048,8776896,1253776,8359712,0,235399,0,227628,0,2618991,0,2480066,1098,382,2130,3332725,3210514,12332,44,114
1786395184886,12368896,8544048,8776896,1253776,8359712,0,235399,0,227628,0,2618991,0,2480066,1098,382,2130,3332725,3210514,12332,44,114
1786395185398,12368896,8544048,8776896,1253776,8359712,0,235399,0,227628,0,2618991,0,2480066,1098,382,2130,3332725,3210514,12332,44,114
1786395185905,12368896,8544048,8776896,1253792,8359712,0,235399,0,227628,0,2618991,0,2480066,1098,382,2130,3332725,3210514,12332,44,114
1786395186417,12368896,8544048,8776896,1253792,8359712,0,235399,0,227628,0,2618991,0,2480066,1098,382,2130,3332725,3210514,12332,44,114
1786395186926,12368896,8544048,8776896,1253792,8359712,0,235399,0,227628,0,2618991,0,2480066,1098,382,2130,3332725,3210514,12332,44,114
1786395187439,12368896,8544048,8776896,1253792,8359712,0,235399,0,227628,0,2618991,0,2480066,1098,382,2130,3332725,3210514,12332,44,114
1786395187949,12368896,8544048,8776896,1253792,8359712,0,235399,0,227628,0,2618991,0,2480066,1098,382,2130,3332725,3210514,12332,44,114
1786395188460,12368896,8544048,8776896,1253792,8359712,0,235399,0,227628,0,2618991,0,2480066,1098,382,2130,3332725,3210514,12332,44,114
1786395188962,12368896,8544048,8776896,1253792,8359712,0,235399,0,227628,0,2618991,0,2480066,1098,382,2130,3332725,3210514,12332,44,114
1786395189474,12368896,8544048,8776896,1253792,8359712,0,235399,0,227628,0,2618991,0,2480066,1098,382,2130,3332725,3210514,12332,44,114
1786395189978,12368896,8544048,8776896,1253792,8359712,0,235399,0,227628,0,2618991,0,2480066,1098,382,2130,3332725,3210514,12332,44,114
1786395190488,12368896,8544048,8776896,1253792,8359712,0,235399,0,227628,0,2618991,0,2480066,1098,382,2130,3332725,3210514,12332,44,114
1786395190999,12368896,8544048,8776896,1253792,8359712,0,235399,0,227628,0,2618991,0,2480066,1098,382,2130,3332725,3210514,12332,44,114
1786395191510,12368896,8544048,8776896,1253792,8359712,0,235399,0,227628,0,2618991,0,2480066,1098,382,2130,3332725,3210514,12332,44,114
1786395192012,12368896,8544048,8776896,1253792,8359712,0,235399,0,227628,0,2618991,0,2480066,1098,382,2130,3332725,3210514,12332,44,114
1786395192523,12368896,8544048,8776896,1253792,8359712,0,235399,0,227628,0,2618991,0,2480066,1098,382,2130,3332725,3210514,12332,44,114
1786395193026,12368896,8544048,8776896,1253792,8359712,0,235399,0,227628,0,2618991,0,2480066,1098,382,2130,3332725,3210514,12332,44,114
1786395193538,12368896,8544048,8776896,1253792,8359712,0,235399,0,227628,0,2618991,0,2480066,1098,382,2130,3332725,3210514,12332,44,114
1786395194050,12368896,8544048,8776896,1253792,8359712,0,235399,0,227628,0,2618991,0,2480066,1098,382,2130,3332725,3210514,12332,44,114
1786395194562,12368896,8544048,8776896,1253792,8359712,0,235399,0,227628,0,2618991,0,2480066,1098,382,2130,3332725,3210514,12332,44,114
1786395195074,12368896,8544048,8776896,1253792,8359712,0,235399,0,227628,0,2618991,0,2480066,1098,382,2130,3332725,3210514,12332,44,114
1786395195585,12368896,8544048,8776896,1253792,8359712,0,235399,0,227628,0,2618991,0,2480066,1098,382,2130,3332725,3210514,12332,44,114
1786395196090,12368896,8544048,8776896,1253792,8359712,0,235399,0,227628,0,2618991,0,2480066,1098,382,2130,3332725,3210514,12332,44,114
1786395196598,12368896,8544048,8776896,1253792,8359712,0,235399,0,227628,0,2618991,0,2480066,1098,382,2130,3332725,3210514,12332,44,114
1786395197106,12368896,8544048,8776896,1253792,8359712,0,235399,0,227628,0,2618991,0,2480066,1098,382,2130,3332725,3210514,12332,44,114
1786395197607,12368896,8544048,8776896,1253792,8359712,0,235399,0,227628,0,2618991,0,2480066,1098,382,2130,3332725,3210514,12332,44,114
1786395198116,12368896,8544048,8776896,1253792,8359712,0,235399,0,227628,0,2618991,0,2480066,1098,382,2130,3332725,3210514,12332,44,114
1786395198626,12368896,8544048,8776896,1253792,8359712,0,235399,0,227628,0,2618991,0,2480066,1098,382,2130,3332725,3210514,12332,44,114
1786395199136,12368896,8544048,8776896,1253792,8359712,0,235399,0,227628,0,2618991,0,2480066,1098,382,2130,3332725,3210514,12332,44,114
1786395199641,12368896,8544048,8776896,1253792,8359712,0,235399,0,227628,0,2618991,0,2480066,1098,382,2130,3332725,3210514,12332,44,114
1786395200146,12368896,8544048,8776896,1253792,8359712,0,235399,0,227628,0,2618991,0,2480066,1098,382,2130,3332725,3210514,12332,44,114
1786395200650,12368896,8544048,8776896,1253792,8359712,0,235399,0,227628,0,2618991,0,2480066,1098,382,2130,3332725,3210514,12332,44,114
1786395201150,12368896,8544048,8776896,1253792,8359712,0,235399,0,227628,0,2618991,0,2480066,1098,382,2130,3332725,3210514,12332,44,114
1786395201654,12368896,8544048,8776896,1253792,8359712,0,235399,0,227628,0,2618991,0,2480066,1098,382,2130,3332725,3210514,12332,44,114
1786395202160,12368896,8544048,8776896,1253792,8359712,0,235399,0,227628,0,2618991,0,2480066,1098,382,2130,3332725,3210514,12332,44,114
1786395202660,12368896,8544048,8776896,1253792,8359712,0,235399,0,227628,0,2618991,0,2480066,1098,382,2130,3332725,3210514,12332,44,114
1786395203170,12368896,8544048,8776896,1253792,8359712,0,235399,0,227628,0,2618991,0,2480066,1098,382,2130,3332725,3210514,12332,44,114
1786395203676,12368896,8543808,8776656,1253792,8359712,0,235399,0,227628,0,2618991,0,2480066,1098,382,2130,3332725,3210514,12332,44,114
1786395204183,12368896,8543808,8776656,1253792,8359712,0,235399,0,227628,0,2618991,0,2480066,1098,382,2130,3332725,3210514,12332,44,114
1786395204694,12368896,8543808,8776656,1253792,8359712,0,235399,0,227628,0,2618991,0,2480066,1098,382,2130,3332725,3210514,12332,44,114
1786395205203,12368896,8543808,8776656,1253792,8359712,0,235399,0,227628,0,2618991,0,2480066,1098,382,2130,3332725,3210514,12332,44,114
1786395205711,12368896,8543808,8776656,1253792,8359712,0,235399,0,227628,0,2618991,0,2480066,1098,382,2130,3332725,3210514,12332,44,114
1786395206216,12368896,8543808,8776656,1253792,8359712,0,235399,0,227628,0,2618991,0,2480066,1098,382,2130,3332725,3210514,12332,44,114
1786395206728,12368896,8543808,8776656,1253792,8359712,0,235399,0,227628,0,2618991,0,2480066,1098,382,2130,3332725,3210514,12332,44,114
1786395207234,12368896,8543808,8776656,1253792,8359712,0,235399,0,227628,0,2618991,0,2480066,1098,382,2130,3332725,3210514,12332,44,114
1786395207740,12368896,8543568,8776416,1253792,8359712,0,235399,0,227628,0,2618991,0,2480066,1098,382,2130,3332725,3210514,12332,44,114
1786395208243,12368896,8543568,8776416,1253792,8359712,0,235399,0,227628,0,2618991,0,2480066,1098,382,2130,3332725,3210514,12332,44,114
1786395208745,12368896,8543568,8776416,1253792,8359712,0,235399,0,227628,0,2618991,0,2480066,1098,382,2130,3332725,3210514,12332,44,114
1786395209250,12368896,8543568,8776416,1253792,8359712,0,235399,0,227628,0,2618991,0,2480066,1098,382,2130,3332725,3210514,12332,44,114
1786395209754,12368896,8543568,8776416,1253792,8359712,0,235399,0,227628,0,2618991,0,2480066,1098,382,2130,3332725,3210514,12332,44,114
1786395210266,12368896,8543568,8776416,1253792,8359712,0,235399,0,227628,0,2618991,0,2480066,1098,382,2130,3332725,3210514,12332,44,114
1786395210774,12368896,8543568,8776416,1253792,8359712,0,235399,0,227628,0,2618991,0,2480066,1098,382,2130,3332725,3210514,12332,44,114
1786395211278,12368896,8543568,8776416,1253792,8359712,0,235399,0,227628,0,2618991,0,2480066,1098,382,2130,3332725,3210514,12332,44,114
1786395211781,12368896,8543568,8776416,1253792,8359712,0,235399,0,227628,0,2618991,0,2480066,1098,382,2130,3332725,3210514,12332,44,114
1786395212294,12368896,8543568,8776416,1253792,8359712,0,235399,0,227628,0,2618991,0,2480066,1098,382,2130,3332725,3210514,12332,44,114
1786395212799,12368896,8543568,8776416,1253792,8359712,0,235399,0,227628,0,2618991,0,2480066,1098,382,2130,3332725,3210514,12332,44,114
1786395213309,12368896,8543568,8776416,1253792,8359712,0,235399,0,227628,0,2618991,0,2480066,1098,382,2130,3332725,3210514,12332,44,114
1786395213811,12368896,8543568,8776416,1253792,8359712,0,235399,0,227628,0,2618991,0,2480066,1098,382,2130,3332725,3210514,12332,44,114
1786395214320,12368896,8543328,8776176,1253792,8359712,0,235399,0,227628,0,2618991,0,2480066,1098,382,2130,3332725,3210514,12332,44,114
1786395214823,12368896,8543328,8776176,1253792,8359712,0,235399,0,227628,0,2618991,0,2480066,1098,382,2130,3332725,3210514,12332,44,114
1786395215328,12368896,8543328,8776176,1253792,8359712,0,235399,0,227628,0,2618991,0,2480066,1098,382,2130,3332725,3210514,12332,44,114
1786395215839,12368896,8543328,8776176,1253792,8359712,0,235399,0,227628,0,2618991,0,2480066,1098,382,2130,3332725,3210514,12332,44,114
1786395216346,12368896,8543088,8775936,1253792,8359712,0,235399,0,227628,0,2618991,0,2480066,1098,382,2130,3332725,3210514,12332,44,114
1786395216848,12368896,8543088,8775936,1253792,8359712,0,235399,0,227628,0,2618991,0,2480066,1098,382,2130,3332725,3210514,12332,44,114
1786395217349,12368896,8543088,8775936,1253792,8359712,0,235399,0,227628,0,2618991,0,2480066,1098,382,2130,3332725,3210514,12332,44,114
1786395217852,12368896,8543088,8775936,1253792,8359712,0,235399,0,227628,0,2618991,0,2480066,1098,382,2130,3332725,3210514,12332,44,114
1786395218355,12368896,8542848,8775696,1253792,8359712,0,235399,0,227628,0,2618991,0,2480066,1098,382,2130,3332725,3210514,12332,44,114
1786395218859,12368896,8542848,8775696,1253792,8359712,0,235399,0,227628,0,2618991,0,2480066,1098,382,2130,3332725,3210514,12332,44,114
1786395219361,12368896,8542848,8775696,1253792,8359712,0,235399,0,227628,0,2618991,0,2480066,1098,382,2130,3332725,3210514,12332,44,114
1786395219863,12368896,8542848,8775696,1253792,8359712,0,235399,0,227628,0,2618991,0,2480066,1098,382,2130,3332725,3210514,12332,44,114
1786395220374,12368896,8542848,8775696,1253792,8359712,0,235399,0,227628,0,2618991,0,2480066,1098,382,2130,3332725,3210514,12332,44,114
1786395220875,12368896,8542848,8775696,1253792,8359712,0,235399,0,227628,0,2618991,0,2480066,1098,382,2130,3332725,3210514,12332,44,114
1786395221381,12368896,8542848,8775696,1253792,8359712,0,235399,0,227628,0,2618991,0,2480066,1098,382,2130,3332725,3210514,12332,44,114
1786395221885,12368896,8542848,8775696,1253792,8359712,0,235399,0,227628,0,2618991,0,2480066,1098,382,2130,3332725,3210514,12332,44,114
1786395222396,12368896,8542848,8775696,1253792,8359712,0,235399,0,227628,0,2618991,0,2480066,1098,382,2130,3332725,3210514,12332,44,114
1786395222906,12368896,8542848,8775696,1253792,8359712,0,235399,0,227628,0,2618991,0,2480066,1098,382,2130,3332725,3210514,12332,44,114
1786395223418,12368896,8542848,8775696,1253792,8359712,0,235399,0,227628,0,2618991,0,2480066,1098,382,2130,3332725,3210514,12332,44,114
1786395223929,12368896,8542848,8775696,1253792,8359712,0,235399,0,227628,0,2618991,0,2480066,1098,382,2130,3332725,3210514,12332,44,114
1786395224430,12368896,8542848,8775696,1253792,8359712,0,235399,0,227628,0,2618991,0,2480066,1098,382,2130,3332725,3210514,12332,44,114
1786395224932,12368896,8542848,8775696,1253792,8359712,0,235399,0,227628,0,2618991,0,2480066,1098,382,2130,3332725,3210514,12332,44,114
1786395225435,12368896,8542848,8775696,1253792,8359712,0,235399,0,227628,0,2618991,0,2480066,1098,382,2130,3332725,3210514,12332,44,114
1786395225937,12368896,8542848,8775696,1253792,8359712,0,235399,0,227628,0,2618991,0,2480066,1098,382,2130,3332725,3210514,12332,44,114
1786395226443,12368896,8542848,8775696,1253792,8359712,0,235399,0,227628,0,2618991,0,2480066,1098,382,2130,3332725,3210514,12332,44,114
1786395226947,12368896,8542848,8775696,1253792,8359712,0,235399,0,227628,0,2618991,0,2480066,1098,382,2130,3332725,3210514,12332,44,114
1786395227459,12368896,8542848,8775696,1253792,8359712,0,235399,0,227628,0,2618991,0,2480066,1098,382,2130,3332725,3210514,12332,44,114
1786395227970,12368896,8542848,8775696,1253792,8359712,0,235399,0,227628,0,2618991,0,2480066,1098,382,2130,3332725,3210514,12332,44,114
1786395228475,12368896,8542848,8775696,1253792,8359712,0,235399,0,227628,0,2618991,0,2480066,1098,382,2130,3332725,3210514,12332,44,114
1786395228984,12368896,8542848,8775696,1253792,8359712,0,235399,0,227628,0,2618991,0,2480066,1098,382,2130,3332725,3210514,12332,44,114
1786395229489,12368896,8542848,8775696,1253792,8359712,0,235399,0,227628,0,2618991,0,2480066,1098,382,2130,3332725,3210514,12332,44,114
1786395230000,12368896,8542848,8775696,1253792,8359712,0,235399,0,227628,0,2618991,0,2480066,1098,382,2130,3332725,3210514,12332,44,114
1786395230511,12368896,8542848,8775696,1253792,8359712,0,235399,0,227628,0,2618991,0,2480066,1098,382,2130,3332725,3210514,12332,44,114
1786395231022,12368896,8542848,8775696,1253792,8359712,0,235399,0,227628,0,2618991,0,2480066,1098,382,2130,3332725,3210514,12332,44,114
1786395231534,12368896,8542848,8775696,1253792,8359712,0,235399,0,227628,0,2618991,0,2480066,1098,382,2130,3332725,3210514,12332,44,114
1786395232042,12368896,8542848,8775696,1253792,8359712,0,235399,0,227628,0,2618991,0,2480066,1098,382,2130,3332725,3210514,12332,44,114
1786395232550,12368896,8542848,8775696,1253792,8359712,0,235399,0,227628,0,2618991,0,2480066,1098,382,2130,3332725,3210514,12332,44,114
1786395233062,12368896,8542848,8775696,1253792,8359712,0,235399,0,227628,0,2618991,0,2480066,1098,382,2130,3332725,3210514,12332,44,114
1786395233567,12368896,8542848,8775696,1253792,8359712,0,235399,0,227628,0,2618991,0,2480066,1098,382,2130,3332725,3210514,12332,44,114
1786395234079,12368896,8542848,8775696,1253792,8359712,0,235399,0,227628,0,2618991,0,2480066,1098,382,2130,3332725,3210514,12332,44,114
1786395234589,12368896,8542848,8775696,1253792,8359712,0,235399,0,227628,0,2618991,0,2480066,1098,382,2130,3332725,3210514,12332,44,114
1786395235092,12368896,8542848,8775696,1253792,8359712,0,235399,0,227628,0,2618991,0,2480066,1098,382,2130,3332725,3210514,12332,44,114
1786395235604,12368896,8542848,8775696,1253792,8359712,0,235399,0,227628,0,2618991,0,2480066,1098,382,2130,3332725,3210514,12332,44,114
1786395236114,12368896,8542848,8775696,1253792,8359712,0,235399,0,227628,0,2618991,0,2480066,1098,382,2130,3332725,3210514,12332,44,114
1786395236622,12368896,8542848,8775696,1253792,8359712,0,235399,0,227628,0,2618991,0,2480066,1098,382,2130,3332725,3210514,12332,44,114
1786395237130,12368896,8542848,8775696,1253792,8359712,0,235399,0,227628,0,2618991,0,2480066,1098,382,2130,3332725,3210514,12332,44,114
1786395237633,12368896,8542848,8775696,1253792,8359712,0,235399,0,227628,0,2618991,0,2480066,1098,382,2130,3332725,3210514,12332,44,114
1786395238136,12368896,8542848,8775696,1253792,8359712,0,235399,0,227628,0,2618991,0,2480066,1098,382,2130,3332725,3210514,12332,44,114
1786395238643,12368896,8542848,8775696,1253792,8359712,0,235399,0,227628,0,2618991,0,2480066,1098,382,2130,3332725,3210514,12332,44,114
1786395239145,12368896,8542848,8775696,1253792,8359712,0,235399,0,227628,0,2618991,0,2480066,1098,382,2130,3332725,3210514,12332,44,114
1786395239651,12368896,8542848,8775696,1253792,8359712,0,235399,0,227628,0,2618991,0,2480066,1098,382,2130,3332725,3210514,12332,44,114
1786395240154,12368896,8542848,8775696,1253792,8359712,0,235399,0,227628,0,2618991,0,2480066,1098,382,2130,3332725,3210514,12332,44,114
1786395240665,12368896,8542848,8775696,1253792,8359712,0,235399,0,227628,0,2618991,0,2480066,1098,382,2130,3332725,3210514,12332,44,114
1786395241176,12368896,8542848,8775696,1253792,8359712,0,235399,0,227628,0,2618991,0,2480066,1098,382,2130,3332725,3210514,12332,44,114
1786395241677,12368896,8542848,8775696,1253792,8359712,0,235399,0,227628,0,2618991,0,2480066,1098,382,2130,3332725,3210514,12332,44,114
1786395242178,12368896,8542848,8775696,1253792,8359712,0,235399,0,227628,0,2618991,0,2480066,1098,382,2130,3332725,3210514,12332,44,114
1786395242682,12368896,8542848,8775696,1253792,8359712,0,235399,0,227628,0,2618991,0,2480066,1098,382,2130,3332725,3210514,12332,44,114
1786395243186,12368896,8542848,8775696,1253792,8359712,0,235399,0,227628,0,2618991,0,2480066,1098,382,2130,3332725,3210514,12332,44,114
1786395243698,12368896,8542848,8775696,1253792,8359712,0,235399,0,227628,0,2618991,0,2480066,1098,382,2130,3332725,3210514,12332,44,114
1786395244210,12368896,8542848,8775696,1253792,8359712,0,235399,0,227628,0,2618991,0,2480066,1098,382,2130,3332725,3210514,12332,44,114
1786395244715,12368896,8542848,8775696,1253792,8359712,0,235399,0,227628,0,2618991,0,2480066,1098,382,2130,3332725,3210514,12332,44,114
1786395245217,12368896,8542848,8775696,1253792,8359712,0,235399,0,227628,0,2618991,0,2480066,1098,382,2130,3332725,3210514,12332,44,114
1786395245723,12368896,8542848,8775696,1253792,8359712,0,235399,0,227628,0,2618991,0,2480066,1098,382,2130,3332725,3210514,12332,44,114
1786395246233,12368896,8542848,8775696,1253792,8359712,0,235399,0,227628,0,2618991,0,2480066,1098,382,2130,3332725,3210514,12332,44,114
1786395246740,12368896,8542848,8775696,1253792,8359712,0,235399,0,227628,0,2618991,0,2480066,1098,382,2130,3332725,3210514,12332,44,114
1786395247249,12368896,8542848,8775696,1253808,8359712,0,235399,0,227628,0,2618991,0,2480066,1098,382,2130,3332725,3210514,12332,44,114
1786395247757,12368896,8542848,8775696,1253808,8359712,0,235399,0,227628,0,2618991,0,2480066,1098,382,2130,3332725,3210514,12332,44,114
1786395248271,12368896,8542848,8775696,1253808,8359712,0,235399,0,227628,0,2618991,0,2480066,1098,382,2130,3332725,3210514,12332,44,114
1786395248775,12368896,8542848,8775696,1253808,8359712,0,235399,0,227628,0,2618991,0,2480066,1098,382,2130,3332725,3210514,12332,44,114
1786395249278,12368896,8542848,8775696,1253808,8359712,0,235399,0,227628,0,2618991,0,2480066,1098,382,2130,3332725,3210514,12332,44,114
1786395249782,12368896,8542848,8775696,1253808,8359712,0,235399,0,227628,0,2618991,0,2480066,1098,382,2130,3332725,3210514,12332,44,114
1786395250287,12368896,8542608,8775456,1253808,8359712,0,235399,0,227628,0,2618991,0,2480066,1098,382,2130,3332725,3210514,12332,44,114
1786395250798,12368896,8542608,8775456,1253808,8359712,0,235399,0,227628,0,2618991,0,2480066,1098,382,2130,3332725,3210514,12332,44,114
1786395251310,12368896,8542608,8775456,1253808,8359712,0,235399,0,227628,0,2618991,0,2480066,1098,382,2130,3332725,3210514,12332,44,114
1786395251817,12368896,8542608,8775456,1253808,8359712,0,235399,0,227628,0,2618991,0,2480066,1098,382,2130,3332725,3210514,12332,44,114
1786395252329,12368896,8542608,8775456,1253808,8359712,0,235399,0,227628,0,2618991,0,2480066,1098,382,2130,3332725,3210514,12332,44,114
1786395252841,12368896,8542608,8775456,1253808,8359712,0,235399,0,227628,0,2618991,0,2480066,1098,382,2130,3332725,3210514,12332,44,114
1786395253349,12368896,8542608,8775456,1253808,8359712,0,235399,0,227628,0,2618991,0,2480066,1098,382,2130,3332725,3210514,12332,44,114
1786395253858,12368896,8542608,8775456,1253808,8359712,0,235399,0,227628,0,2618991,0,2480066,1098,382,2130,3332725,3210514,12332,44,114
1786395254368,12368896,8542608,8775456,1253808,8359712,0,235399,0,227628,0,2618991,0,2480066,1098,382,2130,3332725,3210514,12332,44,114
1786395254870,12368896,8542368,8775216,1253808,8359712,0,235399,0,227628,0,2618991,0,2480066,1098,382,2130,3332725,3210514,12332,44,114
1786395255381,12368896,8542368,8775216,1253808,8359712,0,235399,0,227628,0,2618991,0,2480066,1098,382,2130,3332725,3210514,12332,44,114
1786395255890,12368896,8542368,8775216,1253808,8359712,0,235399,0,227628,0,2618991,0,2480066,1098,382,2130,3332725,3210514,12332,44,114
1786395256399,12368896,8542368,8775216,1253808,8359712,0,235399,0,227628,0,2618991,0,2480066,1098,382,2130,3332725,3210514,12332,44,114
1786395256911,12368896,8542368,8775216,1253808,8359712,0,235399,0,227628,0,2618991,0,2480066,1098,382,2130,3332725,3210514,12332,44,114
1786395257415,12368896,8542368,8775216,1253808,8359712,0,235399,0,227628,0,2618991,0,2480066,1098,382,2130,3332725,3210514,12332,44,114
1786395257922,12368896,8542368,8775216,1253808,8359712,0,235399,0,227628,0,2618991,0,2480066,1098,382,2130,3332725,3210514,12332,44,114
1786395258432,12368896,8542368,8775216,1253808,8359712,0,235399,0,227628,0,2618991,0,2480066,1098,382,2130,3332725,3210514,12332,44,114
1786395258938,12368896,8542368,8775216,1253808,8359712,0,235399,0,227628,0,2618991,0,2480066,1098,382,2130,3332725,3210514,12332,44,114
1786395259440,12368896,8542128,8774976,1253808,8359712,0,235399,0,227628,0,2618991,0,2480066,1098,382,2130,3332725,3210514,12332,44,114
1786395259951,12368896,8542128,8774976,1253808,8359712,0,235399,0,227628,0,2618991,0,2480066,1098,382,2130,3332725,3210514,12332,44,114
1786395260456,12368896,8542128,8774976,1253808,8359712,0,235399,0,227628,0,2618991,0,2480066,1098,382,2130,3332725,3210514,12332,44,114
1786395260968,12368896,8542128,8774976,1253808,8359712,0,235399,0,227628,0,2618991,0,2480066,1098,382,2130,3332725,3210514,12332,44,114
1786395261477,12368896,8542128,8774976,1253808,8359712,0,235399,0,227628,0,2618991,0,2480066,1098,382,2130,3332725,3210514,12332,44,114
1786395261989,12368896,8541888,8774736,1253808,8359712,0,235399,0,227628,0,2618991,0,2480066,1098,382,2130,3332725,3210514,12332,44,114
1786395262499,12368896,8541888,8774736,1253808,8359712,0,235399,0,227628,0,2618991,0,2480066,1098,382,2130,3332725,3210514,12332,44,114
1786395263011,12368896,8541888,8774736,1253808,8359712,0,235399,0,227628,0,2618991,0,2480066,1098,382,2130,3332725,3210514,12332,44,114
1786395263519,12368896,8541888,8774736,1253808,8359712,0,235399,0,227628,0,2618991,0,2480066,1098,382,2130,3332725,3210514,12332,44,114
1786395264021,12368896,8541888,8774736,1253808,8359712,0,235399,0,227628,0,2618991,0,2480066,1098,382,2130,3332725,3210514,12332,44,114
1786395264522,12368896,8541888,8774736,1253808,8359712,0,235399,0,227628,0,2618991,0,2480066,1098,382,2130,3332725,3210514,12332,44,114
1786395265032,12368896,8541888,8774736,1253808,8359712,0,235399,0,227628,0,2618991,0,2480066,1098,382,2130,3332725,3210514,12332,44,114
1786395265535,12368896,8541888,8774736,1253808,8359712,0,235399,0,227628,0,2618991,0,2480066,1098,382,2130,3332725,3210514,12332,44,114
1786395266047,12368896,8541888,8774736,1253808,8359712,0,235399,0,227628,0,2618991,0,2480066,1098,382,2130,3332725,3210514,12332,44,114
1786395266554,12368896,8541648,8774496,1253808,8359712,0,235399,0,227628,0,2618991,0,2480066,1098,382,2130,3332725,3210514,12332,44,114
1786395267058,12368896,8541648,8774496,1253808,8359712,0,235399,0,227628,0,2618991,0,2480066,1098,382,2130,3332725,3210514,12332,44,114
1786395267560,12368896,8541648,8774496,1253808,8359712,0,235399,0,227628,0,2618991,0,2480066,1098,382,2130,3332725,3210514,12332,44,114
1786395268070,12368896,8541648,8774496,1253808,8359712,0,235399,0,227628,0,2618991,0,2480066,1098,382,2130,3332725,3210514,12332,44,114
1786395268573,12368896,8541648,8774496,1253808,8359712,0,235399,0,227628,0,2618991,0,2480066,1098,382,2130,3332725,3210514,12332,44,114
1786395269083,12368896,8541648,8774496,1253808,8359712,0,235399,0,227628,0,2618991,0,2480066,1098,382,2130,3332725,3210514,12332,44,114
1786395269594,12368896,8541648,8774496,1253808,8359712,0,235399,0,227628,0,2618991,0,2480066,1098,382,2130,3332725,3210514,12332,44,114
1786395270106,12368896,8541648,8774496,1253808,8359712,0,235399,0,227628,0,2618991,0,2480066,1098,382,2130,3332725,3210514,12332,44,114
1786395270618,12368896,8541648,8774496,1253808,8359712,0,235399,0,227628,0,2618991,0,2480066,1098,382,2130,3332725,3210514,12332,44,114
1786395271122,12368896,8541648,8774496,1253808,8359712,0,235399,0,227628,0,2618991,0,2480066,1098,382,2130,3332725,3210514,12332,44,114
1786395271633,12368896,8541648,8774496,1253808,8359712,0,235399,0,227628,0,2618991,0,2480066,1098,382,2130,3332725,3210514,12332,44,114
1786395272135,12368896,8541648,8774496,1253808,8359712,0,235399,0,227628,0,2618991,0,2480066,1098,382,2130,3332725,3210514,12332,44,114
1786395272637,12368896,8541648,8774496,1253808,8359712,0,235399,0,227628,0,2618991,0,2480066,1098,382,2130,3332725,3210514,12332,44,114
1786395273143,12368896,8541648,8774496,1253808,8359712,0,235399,0,227628,0,2618991,0,2480066,1098,382,2130,3332725,3210514,12332,44,114
1786395273650,12368896,8541648,8774496,1253808,8359712,0,235399,0,227628,0,2618991,0,2480066,1098,382,2130,3332725,3210514,12332,44,114
1786395274161,12368896,8541648,8774496,1253808,8359712,0,235399,0,227628,0,2618991,0,2480066,1098,382,2130,3332725,3210514,12332,44,114
1786395274671,12368896,8541648,8774496,1253808,8359712,0,235399,0,227628,0,2618991,0,2480066,1098,382,2130,3332725,3210514,12332,44,114
1786395275181,12368896,8541648,8774496,1253808,8359712,0,235399,0,227628,0,2618991,0,2480066,1098,382,2130,3332725,3210514,12332,44,114
1786395275692,12368896,8541648,8774496,1253808,8359712,0,235399,0,227628,0,2618991,0,2480066,1098,382,2130,3332725,3210514,12332,44,114
1786395276197,12368896,8541648,8774496,1253808,8359712,0,235399,0,227628,0,2618991,0,2480066,1098,382,2130,3332725,3210514,12332,44,114
1786395276707,12368896,8541648,8774496,1253808,8359712,0,235399,0,227628,0,2618991,0,2480066,1098,382,2130,3332725,3210514,12332,44,114
1786395277217,12368896,8541648,8774496,1253808,8359712,0,235399,0,227628,0,2618991,0,2480066,1098,382,2130,3332725,3210514,12332,44,114
1786395277728,12368896,8541648,8774496,1253808,8359712,0,235399,0,227628,0,2618991,0,2480066,1098,382,2130,3332725,3210514,12332,44,114
1786395278236,12368896,8541648,8774496,1253808,8359712,0,235399,0,227628,0,2618991,0,2480066,1098,382,2130,3332725,3210514,12332,44,114
1786395278744,12368896,8541648,8774496,1253808,8359712,0,235399,0,227628,0,2618991,0,2480066,1098,382,2130,3332725,3210514,12332,44,114
1786395279249,12368896,8541648,8774496,1253808,8359712,0,235399,0,227628,0,2618991,0,2480066,1098,382,2130,3332725,3210514,12332,44,114
1786395279750,12368896,8541648,8774496,1253808,8359712,0,235399,0,227628,0,2618991,0,2480066,1098,382,2130,3332725,3210514,12332,44,114
1786395280258,12368896,8541648,8774496,1253808,8359712,0,235399,0,227628,0,2618991,0,2480066,1098,382,2130,3332725,3210514,12332,44,114
1786395280768,12368896,8541648,8774496,1253808,8359712,0,235399,0,227628,0,2618991,0,2480066,1098,382,2130,3332725,3210514,12332,44,114
1786395281279,12368896,8541648,8774496,1253808,8359712,0,235399,0,227628,0,2618991,0,2480066,1098,382,2130,3332725,3210514,12332,44,114
1786395281793,12368896,8541648,8774496,1253808,8359712,0,235399,0,227628,0,2618991,0,2480066,1098,382,2130,3332725,3210514,12332,44,114
1786395282298,12368896,8541648,8774496,1253808,8359712,0,235399,0,227628,0,2618991,0,2480066,1098,382,2130,3332725,3210514,12332,44,114
1786395282804,12368896,8541648,8774496,1253808,8359712,0,235399,0,227628,0,2618991,0,2480066,1098,382,2130,3332725,3210514,12332,44,114
1786395283309,12368896,8541648,8774496,1253808,8359712,0,235399,0,227628,0,2618991,0,2480066,1098,382,2130,3332725,3210514,12332,44,114
1786395283810,12368896,8541648,8774496,1253808,8359712,0,235399,0,227628,0,2618991,0,2480066,1098,382,2130,3332725,3210514,12332,44,114
1786395284313,12368896,8541648,8774496,1253808,8359712,0,235399,0,227628,0,2618991,0,2480066,1098,382,2130,3332725,3210514,12332,44,114
1786395284817,12368896,8541648,8774496,1253808,8359712,0,235399,0,227628,0,2618991,0,2480066,1098,382,2130,3332725,3210514,12332,44,114
1786395285329,12368896,8541648,8774496,1253808,8359712,0,235399,0,227628,0,2618991,0,2480066,1098,382,2130,3332725,3210514,12332,44,114
1786395285841,12368896,8541648,8774496,1253808,8359712,0,235399,0,227628,0,2618991,0,2480066,1098,382,2130,3332725,3210514,12332,44,114
1786395286350,12368896,8541648,8774496,1253808,8359712,0,235399,0,227628,0,2618991,0,2480066,1098,382,2130,3332725,3210514,12332,44,114
1786395286862,12368896,8541648,8774496,1253808,8359712,0,235399,0,227628,0,2618991,0,2480066,1098,382,2130,3332725,3210514,12332,44,114
1786395287364,12368896,8541648,8774496,1253808,8359712,0,235399,0,227628,0,2618991,0,2480066,1098,382,2130,3332725,3210514,12332,44,114
1786395287875,12368896,8541648,8774496,1253808,8359712,0,235399,0,227628,0,2618991,0,2480066,1098,382,2130,3332725,3210514,12332,44,114
1786395288376,12368896,8541648,8774496,1253808,8359712,0,235399,0,227628,0,2618991,0,2480066,1098,382,2130,3332725,3210514,12332,44,114
1786395288881,12368896,8541648,8774496,1253808,8359712,0,235399,0,227628,0,2618991,0,2480066,1098,382,2130,3332725,3210514,12332,44,114
1786395289388,12368896,8541648,8774496,1253808,8359712,0,235399,0,227628,0,2618991,0,2480066,1098,382,2130,3332725,3210514,12332,44,114
1786395289895,12368896,8541648,8774496,1253808,8359712,0,235399,0,227628,0,2618991,0,2480066,1098,382,2130,3332725,3210514,12332,44,114
1786395290399,12368896,8541648,8774496,1253808,8359712,0,235399,0,227628,0,2618991,0,2480066,1098,382,2130,3332725,3210514,12332,44,114
1786395290910,12368896,8541648,8774496,1253808,8359712,0,235399,0,227628,0,2618991,0,2480066,1098,382,2130,3332725,3210514,12332,44,114
1786395291412,12368896,8541648,8774496,1253808,8359712,0,235399,0,227628,0,2618991,0,2480066,1098,382,2130,3332725,3210514,12332,44,114
1786395291914,12368896,8541648,8774496,1253808,8359712,0,235399,0,227628,0,2618991,0,2480066,1098,382,2130,3332725,3210514,12332,44,114
1786395292416,12368896,8541648,8774496,1253808,8359712,0,235399,0,227628,0,2618991,0,2480066,1098,382,2130,3332725,3210514,12332,44,114
1786395292918,12368896,8541648,8774496,1253808,8359712,0,235399,0,227628,0,2618991,0,2480066,1098,382,2130,3332725,3210514,12332,44,114
1786395293442,12368896,8541408,8774256,1253808,8359712,0,235399,0,227628,0,2618991,0,2480066,1098,382,2130,3332725,3210514,12332,44,114
1786395293947,12368896,8541408,8774256,1253808,8359712,0,235399,0,227628,0,2618991,0,2480066,1098,382,2130,3332725,3210514,12332,44,114
1786395294457,12368896,8541408,8774256,1253808,8359712,0,235399,0,227628,0,2618991,0,2480066,1098,382,2130,3332725,3210514,12332,44,114
1786395294970,12368896,8541408,8774256,1253808,8359712,0,235399,0,227628,0,2618991,0,2480066,1098,382,2130,3332725,3210514,12332,44,114
1786395295472,12368896,8541408,8774256,1253808,8359712,0,235399,0,227628,0,2618991,0,2480066,1098,382,2130,3332725,3210514,12332,44,114
1786395295981,12368896,8541408,8774256,1253808,8359712,0,235399,0,227628,0,2618991,0,2480066,1098,382,2130,3332725,3210514,12332,44,114
1786395296482,12368896,8541408,8774256,1253808,8359712,0,235399,0,227628,0,2618991,0,2480066,1098,382,2130,3332725,3210514,12332,44,114
1786395296984,12368896,8541408,8774256,1253808,8359712,0,235399,0,227628,0,2618991,0,2480066,1098,382,2130,3332725,3210514,12332,44,114
1786395297486,12368896,8541408,8774256,1253808,8359712,0,235399,0,227628,0,2618991,0,2480066,1098,382,2130,3332725,3210514,12332,44,114
1786395297988,12368896,8541408,8774256,1253808,8359712,0,235399,0,227628,0,2618991,0,2480066,1098,382,2130,3332725,3210514,12332,44,114
1786395298493,12368896,8541408,8774256,1253808,8359712,0,235399,0,227628,0,2618991,0,2480066,1098,382,2130,3332725,3210514,12332,44,114
1786395299005,12368896,8541408,8774256,1253808,8359712,0,235399,0,227628,0,2618991,0,2480066,1098,382,2130,3332725,3210514,12332,44,114
1786395299506,12368896,8541408,8774256,1253808,8359712,0,235399,0,227628,0,2618991,0,2480066,1098,382,2130,3332725,3210514,12332,44,114
1786395300017,12368896,8541408,8774256,1253808,8359712,0,235399,0,227628,0,2618991,0,2480066,1098,382,2130,3332725,3210514,12332,44,114
1786395300519,12368896,8541408,8774256,1253808,8359712,0,235399,0,227628,0,2618991,0,2480066,1098,382,2130,3332725,3210514,12332,44,114
1786395301027,12368896,8541408,8774256,1253808,8359712,0,235399,0,227628,0,2618991,0,2480066,1098,382,2130,3332725,3210514,12332,44,114
1786395301528,12368896,8541408,8774256,1253808,8359712,0,235399,0,227628,0,2618991,0,2480066,1098,382,2130,3332725,3210514,12332,44,114
1786395302044,12368896,8541408,8774256,1253808,8359712,0,235399,0,227628,0,2618991,0,2480066,1098,382,2130,3332725,3210514,12332,44,114
1786395302550,12368896,8541408,8774256,1253808,8359712,0,235399,0,227628,0,2618991,0,2480066,1098,382,2130,3332725,3210514,12332,44,114
1786395303062,12368896,8541408,8774256,1253808,8359712,0,235399,0,227628,0,2618991,0,2480066,1098,382,2130,3332725,3210514,12332,44,114
1786395303566,12368896,8541408,8774256,1253808,8359712,0,235399,0,227628,0,2618991,0,2480066,1098,382,2130,3332725,3210514,12332,44,114
1786395304068,12368896,8541408,8774256,1253808,8359712,0,235399,0,227628,0,2618991,0,2480066,1098,382,2130,3332725,3210514,12332,44,114
1786395304579,12368896,8541408,8774256,1253808,8359712,0,235399,0,227628,0,2618991,0,2480066,1098,382,2130,3332725,3210514,12332,44,114
1786395305083,12368896,8541408,8774256,1253808,8359712,0,235399,0,227628,0,2618991,0,2480066,1098,382,2130,3332725,3210514,12332,44,114
1786395305586,12368896,8541408,8774256,1253808,8359712,0,235399,0,227628,0,2618991,0,2480066,1098,382,2130,3332725,3210514,12332,44,114
1786395306098,12368896,8541408,8774256,1253808,8359712,0,235399,0,227628,0,2618991,0,2480066,1098,382,2130,3332725,3210514,12332,44,114
1786395306604,12368896,8541408,8774256,1253808,8359712,0,235399,0,227628,0,2618991,0,2480066,1098,382,2130,3332725,3210514,12332,44,114
1786395307116,12368896,8541408,8774256,1253808,8359712,0,235399,0,227628,0,2618991,0,2480066,1098,382,2130,3332725,3210514,12332,44,114
1786395307628,12368896,8541408,8774256,1253808,8359712,0,235399,0,227628,0,2618991,0,2480066,1098,382,2130,3332725,3210514,12332,44,114
1786395308140,12368896,8541408,8774256,1253808,8359712,0,235399,0,227628,0,2618991,0,2480066,1098,382,2130,3332725,3210514,12332,44,114
1786395308651,12368896,8541408,8774256,1253824,8359712,0,235399,0,227628,0,2618991,0,2480066,1098,382,2130,3332725,3210514,12332,44,114
1786395309162,12368896,8541408,8774256,1253824,8359712,0,235399,0,227628,0,2618991,0,2480066,1098,382,2130,3332725,3210514,12332,44,114
1786395309670,12368896,8541408,8774256,1253824,8359712,0,235399,0,227628,0,2618991,0,2480066,1098,382,2130,3332725,3210514,12332,44,114
1786395310172,12368896,8541408,8774256,1253824,8359712,0,235399,0,227628,0,2618991,0,2480066,1098,382,2130,3332725,3210514,12332,44,114
1786395310684,12368896,8541408,8774256,1253824,8359712,0,235399,0,227628,0,2618991,0,2480066,1098,382,2130,3332725,3210514,12332,44,114
1786395311196,12368896,8541408,8774256,1253824,8359712,0,235399,0,227628,0,2618991,0,2480066,1098,382,2130,3332725,3210514,12332,44,114
1786395311701,12368896,8541408,8774256,1253824,8359712,0,235399,0,227628,0,2618991,0,2480066,1098,382,2130,3332725,3210514,12332,44,114
1786395312207,12368896,8541408,8774256,1253824,8359712,0,235399,0,227628,0,2618991,0,2480066,1098,382,2130,3332725,3210514,12332,44,114
1786395312710,12368896,8541408,8774256,1253824,8359712,0,235399,0,227628,0,2618991,0,2480066,1098,382,2130,3332725,3210514,12332,44,114
1786395313211,12368896,8541408,8774256,1253824,8359712,0,235399,0,227628,0,2618991,0,2480066,1098,382,2130,3332725,3210514,12332,44,114
1786395313714,12368896,8541408,8774256,1253824,8359712,0,235399,0,227628,0,2618991,0,2480066,1098,382,2130,3332725,3210514,12332,44,114
1786395314222,12368896,8541408,8774256,1253824,8359712,0,235399,0,227628,0,2618991,0,2480066,1098,382,2130,3332725,3210514,12332,44,114
1786395314735,12368896,8541408,8774256,1253824,8359712,0,235399,0,227628,0,2618991,0,2480066,1098,382,2130,3332725,3210514,12332,44,114
1786395315245,12368896,8541408,8774256,1253824,8359712,0,235399,0,227628,0,2618991,0,2480066,1098,382,2130,3332725,3210514,12332,44,114
1786395315757,12368896,8541168,8774704,1254960,8359712,0,235399,0,227628,0,2655783,0,2516604,1102,382,2130,3332725,3210514,12332,44,114
1786395316259,12368896,8541168,8774704,1254960,8359712,0,235399,0,227628,18,2655783,18,2516604,1102,382,2130,3332725,3210514,12332,44,114
1786395316771,12368896,8541168,8775536,1255472,8359712,0,235399,0,227628,18,2655783,18,2516604,1102,382,2130,3332725,3210514,12332,44,114
1786395317276,12368896,8541168,8775536,1255472,8359712,0,235399,0,227628,18,2655783,18,2516604,1102,382,2130,3332725,3210514,12332,44,114
1786395317783,12368896,8540976,8775344,1255472,8359712,0,235399,0,227628,18,2655783,18,2516604,1102,382,2130,3332725,3210514,12332,44,114
1786395318294,12368896,8540976,8775472,1255472,8359712,0,235399,0,227628,14,2655783,14,2516604,1102,382,2130,3332725,3210514,12332,44,114
1786395318799,12368896,8540976,8775472,1255472,8359712,0,235399,0,227628,14,2655783,14,2516604,1102,382,2130,3332725,3210514,12332,44,114
1786395319311,12368896,8540976,8775472,1255472,8359712,0,235399,0,227628,14,2655783,14,2516604,1102,382,2130,3332725,3210514,12332,44,114
1786395319814,12368896,8540976,8775472,1255472,8359712,0,235399,0,227628,14,2655783,14,2516604,1102,382,2130,3332725,3210514,12332,44,114
1786395320325,12368896,8540976,8775472,1255472,8359712,0,235399,0,227628,12,2655783,12,2516604,1102,382,2130,3332725,3210514,12332,44,114
1786395320833,12368896,8540976,8775472,1255472,8359712,0,235399,0,227628,12,2655783,12,2516604,1102,382,2130,3332725,3210514,12332,44,114
1786395321345,12368896,8540976,8775472,1255472,8359712,0,235399,0,227628,12,2655783,12,2516604,1102,382,2130,3332725,3210514,12332,44,114
1786395321855,12368896,8540976,8775472,1255472,8359712,0,235399,0,227628,12,2655783,12,2516604,1102,382,2130,3332725,3210514,12332,44,114
1786395322360,12368896,8540976,8775472,1255472,8359712,0,235399,0,227628,9,2655783,9,2516604,1102,382,2130,3332725,3210514,12332,44,114
1786395322871,12368896,8540976,8775472,1255472,8359712,0,235399,0,227628,9,2655783,9,2516604,1102,382,2130,3332725,3210514,12332,44,114
1786395323379,12368896,8540976,8775472,1255472,8359712,0,235399,0,227628,9,2655783,9,2516604,1102,382,2130,3332725,3210514,12332,44,114
1786395323890,12368896,8540976,8775472,1255472,8359712,0,235399,0,227628,9,2655783,9,2516604,1102,382,2130,3332725,3210514,12332,44,114
1786395324400,12368896,8540976,8775472,1255472,8359712,0,235399,0,227628,8,2655783,8,2516604,1102,382,2130,3332725,3210514,12332,44,114
1786395324905,12368896,8540976,8775472,1255472,8359712,0,235399,0,227628,8,2655783,8,2516604,1102,382,2130,3332725,3210514,12332,44,114
1786395325412,12368896,8540976,8775472,1255472,8359712,0,235399,0,227628,8,2655783,8,2516604,1102,382,2130,3332725,3210514,12332,44,114
1786395325918,12368896,8540976,8775472,1255472,8359712,0,235399,0,227628,8,2655783,8,2516604,1102,382,2130,3332725,3210514,12332,44,114
1786395326429,12368896,8540976,8775472,1255472,8359712,0,235399,0,227628,6,2655783,6,2516604,1102,382,2130,3332725,3210514,12332,44,114
1786395326937,12368896,8540976,8775472,1255472,8359712,0,235399,0,227628,6,2655783,6,2516604,1102,382,2130,3332725,3210514,12332,44,114
1786395327449,12368896,8540976,8775472,1255472,8359712,0,235399,0,227628,6,2655783,6,2516604,1102,382,2130,3332725,3210514,12332,44,114
1786395327956,12368896,8540976,8775472,1255472,8359712,0,235399,0,227628,6,2655783,6,2516604,1102,382,2130,3332725,3210514,12332,44,114
1786395328468,12368896,8540976,8775472,1255472,8359712,0,235399,0,227628,5,2655783,5,2516604,1102,382,2130,3332725,3210514,12332,44,114
1786395328981,12368896,8540976,8775472,1255472,8359712,0,235399,0,227628,5,2655783,5,2516604,1102,382,2130,3332725,3210514,12332,44,114
1786395329485,12368896,8540976,8775472,1255472,8359712,0,235399,0,227628,5,2655783,5,2516604,1102,382,2130,3332725,3210514,12332,44,114
1786395329986,12368896,8540976,8775472,1255472,8359712,0,235399,0,227628,5,2655783,5,2516604,1102,382,2130,3332725,3210514,12332,44,114
1786395330488,12368896,8540976,8775472,1255472,8359712,0,235399,0,227628,4,2655783,4,2516604,1102,382,2130,3332725,3210514,12332,44,114
1786395330994,12368896,8540976,8775472,1255472,8359712,0,235399,0,227628,4,2655783,4,2516604,1102,382,2130,3332725,3210514,12332,44,114
1786395331503,12368896,8540976,8775472,1255472,8359712,0,235399,0,227628,4,2655783,4,2516604,1102,382,2130,3332725,3210514,12332,44,114
1786395332014,12368896,8540976,8775472,1255472,8359712,0,235399,0,227628,4,2655783,4,2516604,1102,382,2130,3332725,3210514,12332,44,114
1786395332519,12368896,8540736,8775216,1255472,8359712,0,235399,0,227628,3,2655783,3,2516604,1102,382,2130,3332725,3210514,12332,44,114
1786395333030,12368896,8540736,8775216,1255472,8359712,0,235399,0,227628,3,2655783,3,2516604,1102,382,2130,3332725,3210514,12332,44,114
1786395333536,12368896,8540736,8775216,1255472,8359712,0,235399,0,227628,3,2655783,3,2516604,1102,382,2130,3332725,3210514,12332,44,114
1786395334044,12368896,8540736,8775216,1255472,8359712,0,235399,0,227628,3,2655783,3,2516604,1102,382,2130,3332725,3210514,12332,44,114
1786395334554,12368896,8540736,8775216,1255472,8359712,0,235399,0,227628,2,2655783,2,2516604,1102,382,2130,3332725,3210514,12332,44,114
1786395335056,12368896,8540496,8774992,1255472,8359712,0,235399,0,227628,2,2655783,2,2516604,1102,382,2130,3332725,3210514,12332,44,114
1786395335565,12368896,8540496,8774992,1255472,8359712,0,235399,0,227628,2,2655783,2,2516604,1102,382,2130,3332725,3210514,12332,44,114
1786395336072,12368896,8540496,8774992,1255504,8359712,0,235399,0,227628,2,2672531,2,2533351,1102,382,2130,3332725,3210514,12332,44,114
1786395336582,12368896,8540496,8775024,1255504,8359712,0,235399,0,227628,2,2672531,2,2533351,1102,382,2130,3332725,3210514,12332,44,114
1786395337087,12368896,8540496,8775024,1255504,8359712,0,235399,0,227628,2,2672531,2,2533351,1102,382,2130,3332725,3210514,12332,44,114
1786395337599,12368896,8540496,8775024,1255504,8359712,0,235399,0,227628,2,2672531,2,2533351,1102,382,2130,3332725,3210514,12332,44,114
1786395338103,12368896,8540496,8775024,1255504,8359712,0,235399,0,227628,2,2672531,2,2533351,1102,382,2130,3332725,3210514,12332,44,114
1786395338604,12368896,8540256,8774784,1255504,8359712,0,235399,0,227628,1,2672531,1,2533351,1102,382,2130,3332725,3210514,12332,44,114
1786395339112,12368896,8540256,8774784,1255504,8359712,0,235399,0,227628,1,2672531,1,2533351,1102,382,2130,3332725,3210514,12332,44,114
1786395339622,12368896,8540256,8774784,1255504,8359712,0,235399,0,227628,1,2672531,1,2533351,1102,382,2130,3332725,3210514,12332,44,114
1786395340133,12368896,8540256,8774784,1255504,8359712,0,235399,0,227628,1,2672531,1,2533351,1102,382,2130,3332725,3210514,12332,44,114
1786395340636,12368896,8540256,8774784,1255504,8359712,0,235399,0,227628,1,2672531,1,2533351,1102,382,2130,3332725,3210514,12332,44,114
1786395341148,12368896,8540256,8774784,1255504,8359712,0,235399,0,227628,1,2672531,1,2533351,1102,382,2130,3332725,3210514,12332,44,114
1786395341651,12368896,8540256,8774784,1255504,8359712,0,235399,0,227628,1,2672531,1,2533351,1102,382,2130,3332725,3210514,12332,44,114
1786395342163,12368896,8540256,8774784,1255504,8359712,0,235399,0,227628,1,2672531,1,2533351,1102,382,2130,3332725,3210514,12332,44,114
1786395342674,12368896,8540256,8774784,1255504,8359712,0,235399,0,227628,1,2672531,1,2533351,1102,382,2130,3332725,3210514,12332,44,114
1786395343181,12368896,8540256,8774784,1255504,8359712,0,235399,0,227628,1,2672531,1,2533351,1102,382,2130,3332725,3210514,12332,44,114
1786395343682,12368896,8540256,8774784,1255504,8359712,0,235399,0,227628,1,2672531,1,2533351,1102,382,2130,3332725,3210514,12332,44,114
1786395344188,12368896,8540256,8774784,1255504,8359712,0,235399,0,227628,1,2672531,1,2533351,1102,382,2130,3332725,3210514,12332,44,114
1786395344690,12368896,8540256,8774784,1255504,8359712,0,235399,0,227628,0,2672531,0,2533351,1102,382,2130,3332725,3210514,12332,44,114
1786395345194,12368896,8540256,8774784,1255504,8359712,0,235399,0,227628,0,2672531,0,2533351,1102,382,2130,3332725,3210514,12332,44,114
1786395345705,12368896,8540256,8774784,1255504,8359712,0,235399,0,227628,0,2672531,0,2533351,1102,382,2130,3332725,3210514,12332,44,114
1786395346210,12368896,8540256,8774784,1255504,8359712,0,235399,0,227628,0,2672531,0,2533351,1102,382,2130,3332725,3210514,12332,44,114
1786395346722,12368896,8540016,8774544,1255504,8359712,0,235399,0,227628,0,2672531,0,2533351,1102,382,2130,3332725,3210514,12332,44,114
1786395347228,12368896,8540016,8774544,1255504,8359712,0,235399,0,227628,0,2672531,0,2533351,1102,382,2130,3332725,3210514,12332,44,114
1786395347735,12368896,8540016,8774544,1255936,8359712,0,235399,0,227628,0,2700621,0,2561373,1102,382,2130,3332725,3210514,12332,44,114
1786395348241,12368896,8540016,8774976,1255936,8359712,0,235399,0,227628,18,2700621,18,2561373,1102,382,2130,3332725,3210514,12332,44,114
1786395348749,12368896,8540016,8774976,1255936,8359712,0,235399,0,227628,18,2700621,18,2561373,1102,382,2130,3332725,3210514,12332,44,114
1786395349262,12368896,8540016,8774976,1255936,8359712,0,235399,0,227628,18,2700621,18,2561373,1102,382,2130,3332725,3210514,12332,44,114
1786395349774,12368896,8540016,8774976,1255936,8359712,0,235399,0,227628,18,2700621,18,2561373,1102,382,2130,3332725,3210514,12332,44,114
1786395350277,12368896,8540016,8774976,1255936,8359712,0,235399,0,227628,15,2700621,15,2561373,1102,382,2130,3332725,3210514,12332,44,114
1786395350781,12368896,8540016,8774976,1255936,8359712,0,235399,0,227628,15,2700621,15,2561373,1102,382,2130,3332725,3210514,12332,44,114
1786395351294,12368896,8539776,8774736,1255936,8359712,0,235399,0,227628,15,2700621,15,2561373,1102,382,2130,3332725,3210514,12332,44,114
1786395351795,12368896,8539776,8774736,1255936,8359712,0,235399,0,227628,15,2700621,15,2561373,1102,382,2130,3332725,3210514,12332,44,114
1786395352295,12368896,8539776,8774736,1255936,8359712,0,235399,0,227628,12,2700621,12,2561373,1102,382,2130,3332725,3210514,12332,44,114
1786395352806,12368896,8539776,8774736,1255936,8359712,0,235399,0,227628,12,2700621,12,2561373,1102,382,2130,3332725,3210514,12332,44,114
1786395353308,12368896,8539776,8774736,1255936,8359712,0,235399,0,227628,12,2700621,12,2561373,1102,382,2130,3332725,3210514,12332,44,114
1786395353819,12368896,8539776,8774736,1255936,8359712,0,235399,0,227628,12,2700621,12,2561373,1102,382,2130,3332725,3210514,12332,44,114
1786395354326,12368896,8539776,8774736,1255936,8359712,0,235399,0,227628,10,2700621,10,2561373,1102,382,2130,3332725,3210514,12332,44,114
1786395354837,12368896,8539776,8774736,1255936,8359712,0,235399,0,227628,10,2700621,10,2561373,1102,382,2130,3332725,3210514,12332,44,114
1786395355340,12368896,8539536,8774496,1255936,8359712,0,235399,0,227628,10,2700621,10,2561373,1102,382,2130,3332725,3210514,12332,44,114
1786395355847,12368896,8539536,8774496,1255936,8359712,0,235399,0,227628,10,2700621,10,2561373,1102,382,2130,3332725,3210514,12332,44,114
1786395356357,12368896,8539536,8774496,1255936,8359712,0,235399,0,227628,8,2700621,8,2561373,1102,382,2130,3332725,3210514,12332,44,114
1786395356864,12368896,8539536,8774496,1255936,8359712,0,235399,0,227628,8,2700621,8,2561373,1102,382,2130,3332725,3210514,12332,44,114
1786395357374,12368896,8539296,8774256,1255936,8359712,0,235399,0,227628,8,2700621,8,2561373,1102,382,2130,3332725,3210514,12332,44,114
1786395357885,12368896,8539296,8774256,1255936,8359712,0,235399,0,227628,8,2700621,8,2561373,1102,382,2130,3332725,3210514,12332,44,114
1786395358387,12368896,8539296,8774256,1255936,8359712,0,235399,0,227628,6,2700621,6,2561373,1102,382,2130,3332725,3210514,12332,44,114
1786395358897,12368896,8539296,8774256,1255936,8359712,0,235399,0,227628,6,2700621,6,2561373,1102,382,2130,3332725,3210514,12332,44,114
1786395359402,12368896,8539056,8774016,1255936,8359712,0,235399,0,227628,6,2700621,6,2561373,1102,382,2130,3332725,3210514,12332,44,114
1786395359904,12368896,8539056,8774016,1255936,8359712,0,235399,0,227628,6,2700621,6,2561373,1102,382,2130,3332725,3210514,12332,44,114
1786395360408,12368896,8539056,8774016,1255936,8359712,0,235399,0,227628,5,2700621,5,2561373,1102,382,2130,3332725,3210514,12332,44,114
1786395360918,12368896,8539056,8774016,1255936,8359712,0,235399,0,227628,5,2700621,5,2561373,1102,382,2130,3332725,3210514,12332,44,114
1786395361428,12368896,8539056,8774016,1255936,8359712,0,235399,0,227628,5,2700621,5,2561373,1102,382,2130,3332725,3210514,12332,44,114
1786395361932,12368896,8539056,8774016,1255936,8359712,0,235399,0,227628,5,2700621,5,2561373,1102,382,2130,3332725,3210514,12332,44,114
1786395362445,12368896,8539056,8774016,1255936,8359712,0,235399,0,227628,4,2700621,4,2561373,1102,382,2130,3332725,3210514,12332,44,114
1786395362951,12368896,8539056,8774016,1255936,8359712,0,235399,0,227628,4,2700621,4,2561373,1102,382,2130,3332725,3210514,12332,44,114
1786395363455,12368896,8539056,8774016,1255936,8359712,0,235399,0,227628,4,2700621,4,2561373,1102,382,2130,3332725,3210514,12332,44,114
1786395363966,12368896,8539056,8774016,1255936,8359712,0,235399,0,227628,4,2700621,4,2561373,1102,382,2130,3332725,3210514,12332,44,114
1786395364478,12368896,8538816,8773776,1255936,8359712,0,235399,0,227628,3,2700621,3,2561373,1102,382,2130,3332725,3210514,12332,44,114
1786395364987,12368896,8538816,8773776,1255936,8359712,0,235399,0,227628,3,2700621,3,2561373,1102,382,2130,3332725,3210514,12332,44,114
1786395365492,12368896,8538816,8773776,1255936,8359712,0,235399,0,227628,3,2700621,3,2561373,1102,382,2130,3332725,3210514,12332,44,114
1786395366001,12368896,8538816,8773776,1255936,8359712,0,235399,0,227628,3,2700621,3,2561373,1102,382,2130,3332725,3210514,12332,44,114
1786395366509,12368896,8538816,8773776,1255936,8359712,0,235399,0,227628,3,2700621,3,2561373,1102,382,2130,3332725,3210514,12332,44,114
1786395367012,12368896,8538576,8773536,1255936,8359712,0,235399,0,227628,3,2700621,3,2561373,1102,382,2130,3332725,3210514,12332,44,114
1786395367517,12368896,8538576,8773536,1255936,8359712,0,235399,0,227628,3,2700621,3,2561373,1102,382,2130,3332725,3210514,12332,44,114
1786395368019,12368896,8538576,8773536,1255936,8359712,0,235399,0,227628,3,2700621,3,2561373,1102,382,2130,3332725,3210514,12332,44,114
1786395368522,12368896,8538576,8773536,1255936,8359712,0,235399,0,227628,2,2700621,2,2561373,1102,382,2130,3332725,3210514,12332,44,114
1786395369027,12368896,8538576,8773536,1255952,8359712,0,235399,0,227628,2,2700621,2,2561373,1102,382,2130,3332725,3210514,12332,44,114
1786395369538,12368896,8538576,8773536,1255952,8359712,0,235399,0,227628,2,2700621,2,2561373,1102,382,2130,3332725,3210514,12332,44,114
1786395370043,12368896,8538576,8773536,1255952,8359712,0,235399,0,227628,2,2700621,2,2561373,1102,382,2130,3332725,3210514,12332,44,114
1786395370546,12368896,8538576,8773536,1255952,8359712,0,235399,0,227628,1,2700621,1,2561373,1102,382,2130,3332725,3210514,12332,44,114
1786395371048,12368896,8538576,8773536,1255952,8359712,0,235399,0,227628,1,2700621,1,2561373,1102,382,2130,3332725,3210514,12332,44,114
1786395371559,12368896,8538576,8773536,1255952,8359712,0,235399,0,227628,1,2700621,1,2561373,1102,382,2130,3332725,3210514,12332,44,114
1786395372068,12368896,8538576,8773536,1255952,8359712,0,235399,0,227628,1,2700621,1,2561373,1102,382,2130,3332725,3210514,12332,44,114
1786395372569,12368896,8538576,8773536,1255952,8359712,0,235399,0,227628,1,2700621,1,2561373,1102,382,2130,3332725,3210514,12332,44,114
1786395373078,12368896,8538576,8773536,1255952,8359712,0,235399,0,227628,1,2700621,1,2561373,1102,382,2130,3332725,3210514,12332,44,114
1786395373590,12368896,8538576,8773536,1255952,8359712,0,235399,0,227628,1,2700621,1,2561373,1102,382,2130,3332725,3210514,12332,44,114
1786395374103,12368896,8538576,8773536,1255952,8359712,0,235399,0,227628,1,2700621,1,2561373,1102,382,2130,3332725,3210514,12332,44,114
1786395374615,12368896,8538576,8773536,1255952,8359712,0,235399,0,227628,1,2700621,1,2561373,1102,382,2130,3332725,3210514,12332,44,114
1786395375126,12368896,8538576,8773536,1255952,8359712,0,235399,0,227628,1,2700621,1,2561373,1102,382,2130,3332725,3210514,12332,44,114
1786395375637,12368896,8538576,8773536,1255952,8359712,0,235399,0,227628,1,2700621,1,2561373,1102,382,2130,3332725,3210514,12332,44,114
1786395376140,12368896,8538336,8773296,1255952,8359712,0,235399,0,227628,1,2700621,1,2561373,1102,382,2130,3332725,3210514,12332,44,114
1786395376649,12368896,8538336,8773296,1255952,8359712,0,235399,0,227628,1,2700621,1,2561373,1102,382,2130,3332725,3210514,12332,44,114
1786395377153,12368896,8538336,8773296,1255952,8359712,0,235399,0,227628,1,2700621,1,2561373,1102,382,2130,3332725,3210514,12332,44,114
1786395377661,12368896,8538336,8773296,1255952,8359712,0,235399,0,227628,1,2700621,1,2561373,1102,382,2130,3332725,3210514,12332,44,114
1786395378165,12368896,8538336,8773296,1255952,8359712,0,235399,0,227628,1,2700621,1,2561373,1102,382,2130,3332725,3210514,12332,44,114
1786395378677,12368896,8538336,8773296,1255952,8359712,0,235399,0,227628,0,2700621,0,2561373,1102,382,2130,3332725,3210514,12332,44,114
1786395379188,12368896,8538336,8773296,1255952,8359712,0,235399,0,227628,0,2700621,0,2561373,1102,382,2130,3332725,3210514,12332,44,114
1786395379700,12368896,8538336,8773296,1255952,8359712,0,235399,0,227628,0,2700621,0,2561373,1102,382,2130,3332725,3210514,12332,44,114
1786395380201,12368896,8538336,8773296,1255952,8359712,0,235399,0,227628,0,2700621,0,2561373,1102,382,2130,3332725,3210514,12332,44,114
1786395380704,12368896,8538336,8773296,1255952,8359712,0,235399,0,227628,0,2700621,0,2561373,1102,382,2130,3332725,3210514,12332,44,114
1786395381222,12368896,8538336,8773296,1255952,8359712,0,235399,0,227628,0,2700621,0,2561373,1102,382,2130,3332725,3210514,12332,44,114
1786395381732,12368896,8538336,8773296,1255952,8359712,0,235399,0,227628,0,2700621,0,2561373,1102,382,2130,3332725,3210514,12332,44,114
1786395382236,12368896,8538336,8773296,1255952,8359712,0,235399,0,227628,0,2700621,0,2561373,1102,382,2130,3332725,3210514,12332,44,114
1786395382748,12368896,8538336,8773296,1255952,8359712,0,235399,0,227628,0,2700621,0,2561373,1102,382,2130,3332725,3210514,12332,44,114
1786395383259,12368896,8538336,8773296,1255952,8359712,0,235399,0,227628,0,2700621,0,2561373,1102,382,2130,3332725,3210514,12332,44,114
1786395383769,12368896,8538336,8773296,1255952,8359712,0,235399,0,227628,0,2700621,0,2561373,1102,382,2130,3332725,3210514,12332,44,114
1786395384276,12368896,8538336,8773296,1255952,8359712,0,235399,0,227628,0,2700621,0,2561373,1102,382,2130,3332725,3210514,12332,44,114
1786395384781,12368896,8538336,8773296,1255952,8359712,0,235399,0,227628,0,2700621,0,2561373,1102,382,2130,3332725,3210514,12332,44,114
1786395385288,12368896,8538336,8773296,1255952,8359712,0,235399,0,227628,0,2700621,0,2561373,1102,382,2130,3332725,3210514,12332,44,114
1786395385799,12368896,8538336,8773296,1255952,8359712,0,235399,0,227628,0,2700621,0,2561373,1102,382,2130,3332725,3210514,12332,44,114
1786395386305,12368896,8538336,8773296,1255952,8359712,0,235399,0,227628,0,2700621,0,2561373,1102,382,2130,3332725,3210514,12332,44,114
1786395386812,12368896,8538336,8773296,1255952,8359712,0,235399,0,227628,0,2700621,0,2561373,1102,382,2130,3332725,3210514,12332,44,114
1786395387324,12368896,8538336,8773296,1255952,8359712,0,235399,0,227628,0,2700621,0,2561373,1102,382,2130,3332725,3210514,12332,44,114
1786395387831,12368896,8538336,8773296,1255952,8359712,0,235399,0,227628,0,2700621,0,2561373,1102,382,2130,3332725,3210514,12332,44,114
1786395388337,12368896,8538336,8773296,1255952,8359712,0,235399,0,227628,0,2700621,0,2561373,1102,382,2130,3332725,3210514,12332,44,114
1786395388839,12368896,8538336,8773296,1255952,8359712,0,235399,0,227628,0,2700621,0,2561373,1102,382,2130,3332725,3210514,12332,44,114
1786395389349,12368896,8538336,8773296,1255952,8359712,0,235399,0,227628,0,2700621,0,2561373,1102,382,2130,3332725,3210514,12332,44,114
1786395389851,12368896,8538336,8773296,1255952,8359712,0,235399,0,227628,0,2700621,0,2561373,1102,382,2130,3332725,3210514,12332,44,114
1786395390353,12368896,8538336,8773296,1255952,8359712,0,235399,0,227628,0,2700621,0,2561373,1102,382,2130,3332725,3210514,12332,44,114
1786395390861,12368896,8538336,8773296,1255952,8359712,0,235399,0,227628,0,2700621,0,2561373,1102,382,2130,3332725,3210514,12332,44,114
1786395391362,12368896,8538336,8773296,1255952,8359712,0,235399,0,227628,0,2700621,0,2561373,1102,382,2130,3332725,3210514,12332,44,114
1786395391873,12368896,8538336,8773296,1255952,8359712,0,235399,0,227628,0,2700621,0,2561373,1102,382,2130,3332725,3210514,12332,44,114
1786395392385,12368896,8538336,8773296,1255952,8359712,0,235399,0,227628,0,2700621,0,2561373,1102,382,2130,3332725,3210514,12332,44,114
1786395392888,12368896,8538336,8773296,1255952,8359712,0,235399,0,227628,0,2700621,0,2561373,1102,382,2130,3332725,3210514,12332,44,114
1786395393390,12368896,8538336,8773296,1255952,8359712,0,235399,0,227628,0,2700621,0,2561373,1102,382,2130,3332725,3210514,12332,44,114
1786395393901,12368896,8538336,8773296,1255952,8359712,0,235399,0,227628,0,2700621,0,2561373,1102,382,2130,3332725,3210514,12332,44,114
1786395394409,12368896,8538336,8773296,1255952,8359712,0,235399,0,227628,0,2700621,0,2561373,1102,382,2130,3332725,3210514,12332,44,114
1786395394912,12368896,8538336,8773296,1255952,8359712,0,235399,0,227628,0,2700621,0,2561373,1102,382,2130,3332725,3210514,12332,44,114
1786395395424,12368896,8538336,8773296,1255952,8359712,0,235399,0,227628,0,2700621,0,2561373,1102,382,2130,3332725,3210514,12332,44,114
1786395395935,12368896,8538336,8773296,1255952,8359712,0,235399,0,227628,0,2700621,0,2561373,1102,382,2130,3332725,3210514,12332,44,114
1786395396440,12368896,8538336,8773296,1255952,8359712,0,235399,0,227628,0,2700621,0,2561373,1102,382,2130,3332725,3210514,12332,44,114
1786395396950,12368896,8538336,8773296,1255952,8359712,0,235399,0,227628,0,2700621,0,2561373,1102,382,2130,3332725,3210514,12332,44,114
1786395397451,12368896,8538336,8773296,1255952,8359712,0,235399,0,227628,0,2700621,0,2561373,1102,382,2130,3332725,3210514,12332,44,114
1786395397955,12368896,8538336,8773296,1255952,8359712,0,235399,0,227628,0,2700621,0,2561373,1102,382,2130,3332725,3210514,12332,44,114
1786395398466,12368896,8538336,8773296,1255952,8359712,0,235399,0,227628,0,2700621,0,2561373,1102,382,2130,3332725,3210514,12332,44,114
1786395398975,12368896,8538336,8773296,1255952,8359712,0,235399,0,227628,0,2700621,0,2561373,1102,382,2130,3332725,3210514,12332,44,114
1786395399476,12368896,8538336,8773296,1255952,8359712,0,235399,0,227628,0,2700621,0,2561373,1102,382,2130,3332725,3210514,12332,44,114
1786395399982,12368896,8538336,8773296,1255952,8359712,0,235399,0,227628,0,2700621,0,2561373,1102,382,2130,3332725,3210514,12332,44,114
1786395400491,12368896,8538336,8773296,1255952,8359712,0,235399,0,227628,0,2700621,0,2561373,1102,382,2130,3332725,3210514,12332,44,114
1786395400996,12368896,8538336,8773296,1255952,8359712,0,235399,0,227628,0,2700621,0,2561373,1102,382,2130,3332725,3210514,12332,44,114
1786395401511,12106752,8331216,8567200,1255952,8359712,0,235399,0,227628,0,2700621,0,2561373,1102,382,2130,3332725,3210514,12332,44,114
1786395402029,12106752,8331216,8567200,1255952,8359712,0,235399,0,227628,0,2700621,0,2561373,1102,382,2130,3332725,3210514,12332,44,114
1786395402541,12106752,8331216,8567200,1255952,8359712,0,235399,0,227628,0,2700621,0,2561373,1102,382,2130,3332725,3210514,12332,44,114
1786395403053,12106752,8331216,8567200,1255952,8359712,0,235399,0,227628,0,2700621,0,2561373,1102,382,2130,3332725,3210514,12332,44,114
1786395403558,11844608,8071056,8308064,1255952,8359712,0,235399,0,227628,0,2700621,0,2561373,1102,382,2130,3332725,3210514,12332,44,114
1786395404063,11844608,8071056,8308064,1255952,8359712,0,235399,0,227628,0,2700621,0,2561373,1102,382,2130,3332725,3210514,12332,44,114
1786395404569,11844608,8071056,8308064,1255952,8359712,0,235399,0,227628,0,2700621,0,2561373,1102,382,2130,3332725,3210514,12332,44,114
1786395405080,11844608,8071056,8308064,1255952,8359712,0,235399,0,227628,0,2700621,0,2561373,1102,382,2130,3332725,3210514,12332,44,114
1786395405582,11582464,7809936,8047968,1255952,8359712,0,235399,0,227628,0,2700621,0,2561373,1102,382,2130,3332725,3210514,12332,44,114
1786395406086,11582464,7809936,8047968,1255952,8359712,0,235399,0,227628,0,2700621,0,2561373,1102,382,2130,3332725,3210514,12332,44,114
1786395406598,11582464,7809936,8047968,1255952,8359712,0,235399,0,227628,0,2700621,0,2561373,1102,382,2130,3332725,3210514,12332,44,114
1786395407110,11582464,7809936,8047968,1255952,8359712,0,235399,0,227628,0,2700621,0,2561373,1102,382,2130,3332725,3210514,12332,44,114
1786395407613,11320320,7549056,7788112,1255952,8359712,0,235399,0,227628,0,2700621,0,2561373,1102,382,2130,3332725,3210514,12332,44,114
1786395408124,11320320,7549056,7788112,1255952,8359712,0,235399,0,227628,0,2700621,0,2561373,1102,382,2130,3332725,3210514,12332,44,114
1786395408633,11320320,7549056,7788112,1255952,8359712,0,235399,0,227628,0,2700621,0,2561373,1102,382,2130,3332725,3210514,12332,44,114
1786395409145,11320320,7549056,7788112,1255952,8359712,0,235399,0,227628,0,2700621,0,2561373,1102,382,2130,3332725,3210514,12332,44,114
1786395409653,11058176,7288176,7528256,1255952,8359712,0,235399,0,227628,0,2700621,0,2561373,1102,382,2130,3332725,3210514,12332,44,114
1786395410161,11058176,7288176,7528256,1255952,8359712,0,235399,0,227628,0,2700621,0,2561373,1102,382,2130,3332725,3210514,12332,44,114
1786395410671,11058176,7288176,7528256,1255952,8359712,0,235399,0,227628,0,2700621,0,2561373,1102,382,2130,3332725,3210514,12332,44,114
1786395411176,11058176,7288176,7528256,1255952,8359712,0,235399,0,227628,0,2700621,0,2561373,1102,382,2130,3332725,3210514,12332,44,114
1786395411680,10796032,7027056,7268160,1255952,8359712,0,235399,0,227628,0,2700621,0,2561373,1102,382,2130,3332725,3210514,12332,44,114
1786395412192,10796032,7027056,7268160,1255952,8359712,0,235399,0,227628,0,2700621,0,2561373,1102,382,2130,3332725,3210514,12332,44,114
1786395412697,10796032,7027056,7268160,1255952,8359712,0,235399,0,227628,0,2700621,0,2561373,1102,382,2130,3332725,3210514,12332,44,114
1786395413200,10796032,7027056,7268160,1255952,8359712,0,235399,0,227628,0,2700621,0,2561373,1102,382,2130,3332725,3210514,12332,44,114
1786395413703,10533888,6758496,7000624,1255952,8359712,0,235399,0,227628,0,2700621,0,2561373,1102,382,2130,3332725,3210514,12332,44,114
1786395414211,10533888,6758496,7000624,1255952,8359712,0,235399,0,227628,0,2700621,0,2561373,1102,382,2130,3332725,3210514,12332,44,114
1786395414713,10533888,6758496,7000624,1255952,8359712,0,235399,0,227628,0,2700621,0,2561373,1102,382,2130,3332725,3210514,12332,44,114
1786395415219,10533888,6758496,7000624,1255952,8359712,0,235399,0,227628,0,2700621,0,2561373,1102,382,2130,3332725,3210514,12332,44,114
1786395415721,10311680,6536640,6779632,1255952,8359712,0,235399,0,227628,0,2700621,0,2561373,1102,382,2130,3332725,3210514,12332,44,114
1786395416223,10271744,6497616,6740768,1255952,8359712,0,235399,0,227628,0,2700621,0,2561373,1102,382,2130,3332725,3210514,12332,44,114
1786395416737,10271744,6497616,6740768,1255952,8359712,0,235399,0,227628,0,2700621,0,2561373,1102,382,2130,3332725,3210514,12332,44,114
1786395417241,10271744,6497616,6740768,1255952,8359712,0,235399,0,227628,0,2700621,0,2561373,1102,382,2130,3332725,3210514,12332,44,114
1786395417743,10009600,6236496,6480672,1255952,8359712,0,235399,0,227628,0,2700621,0,2561373,1102,382,2130,3332725,3210514,12332,44,114
1786395418249,10009600,6236496,6480672,1255952,8359712,0,235399,0,227628,0,2700621,0,2561373,1102,382,2130,3332725,3210514,12332,44,114
1786395418753,10009600,6236496,6480672,1255952,8359712,0,235399,0,227628,0,2700621,0,2561373,1102,382,2130,3332725,3210514,12332,44,114
1786395419255,10009600,6236496,6480672,1255952,8359712,0,235399,0,227628,0,2700621,0,2561373,1102,382,2130,3332725,3210514,12332,44,114
1786395419762,9747456,5975616,6220816,1255952,8359712,0,235399,0,227628,0,2700621,0,2561373,1102,382,2130,3332725,3210514,12332,44,114
1786395420273,9747456,5975616,6220816,1255952,8359712,0,235399,0,227628,0,2700621,0,2561373,1102,382,2130,3332725,3210514,12332,44,114
1786395420784,9747456,5975616,6220816,1255952,8359712,0,235399,0,227628,0,2700621,0,2561373,1102,382,2130,3332725,3210514,12332,44,114
1786395421294,9747456,5975616,6220816,1255952,8359712,0,235399,0,227628,0,2700621,0,2561373,1102,382,2130,3332725,3210514,12332,44,114
1786395421806,9485312,5714736,5960960,1255952,8359712,0,235399,0,227628,0,2700621,0,2561373,1102,382,2130,3332725,3210514,12332,44,114
1786395422311,9485312,5714736,5960960,1255952,8359712,0,235399,0,227628,0,2700621,0,2561373,1102,382,2130,3332725,3210514,12332,44,114
1786395422823,9485312,5714736,5960960,1255952,8359712,0,235399,0,227628,0,2700621,0,2561373,1102,382,2130,3332725,3210514,12332,44,114
1786395423334,9485312,5714736,5960960,1255952,8359712,0,235399,0,227628,0,2700621,0,2561373,1102,382,2130,3332725,3210514,12332,44,114
1786395423836,9299968,5530656,5777600,1255952,8359712,0,235399,0,227628,0,2700621,0,2561373,1102,382,2130,3332725,3210514,12332,44,114
1786395424344,9223168,5453856,5701104,1255952,8359712,0,235399,0,227628,0,2700621,0,2561373,1102,382,2130,3332725,3210514,12332,44,114
1786395424849,9223168,5453856,5701104,1255952,8359712,0,235399,0,227628,0,2700621,0,2561373,1102,382,2130,3332725,3210514,12332,44,114
1786395425351,9223168,5453856,5701104,1255952,8359712,0,235399,0,227628,0,2700621,0,2561373,1102,382,2130,3332725,3210514,12332,44,114
1786395425863,8961024,5192976,5441248,1255952,8359712,0,235399,0,227628,0,2700621,0,2561373,1102,382,2130,3332725,3210514,12332,44,114
1786395426381,8961024,5192976,5441248,1255952,8359712,0,235399,0,227628,0,2700621,0,2561373,1102,382,2130,3332725,3210514,12332,44,114
1786395426885,8961024,5192976,5441248,1255952,8359712,0,235399,0,227628,0,2700621,0,2561373,1102,382,2130,3332725,3210514,12332,44,114
1786395427398,8961024,5192976,5441248,1255952,8359712,0,235399,0,227628,0,2700621,0,2561373,1102,382,2130,3332725,3210514,12332,44,114
1786395427903,8698880,4924416,5173712,1255952,8359712,0,235399,0,227628,0,2700621,0,2561373,1102,382,2130,3332725,3210514,12332,44,114
1786395428415,8698880,4924416,5173712,1255952,8359712,0,235399,0,227628,0,2700621,0,2561373,1102,382,2130,3332725,3210514,12332,44,114
1786395428923,8698880,4924416,5173712,1255952,8359712,0,235399,0,227628,0,2700621,0,2561373,1102,382,2130,3332725,3210514,12332,44,114
1786395429425,8698880,4924416,5173712,1255952,8359712,0,235399,0,227628,0,2700621,0,2561373,1102,382,2130,3332725,3210514,12332,44,114
1786395429936,8436736,4663536,4913856,1255952,8359712,0,235399,0,227628,0,2700621,0,2561373,1102,382,2130,3332725,3210514,12332,44,114
1786395430446,8436736,4663536,4913856,1255968,8359712,0,235399,0,227628,0,2700621,0,2561373,1102,382,2130,3332725,3210514,12332,44,114
1786395430956,8436736,4663536,4913856,1255968,8359712,0,235399,0,227628,0,2700621,0,2561373,1102,382,2130,3332725,3210514,12332,44,114
1786395431465,8436736,4663536,4913856,1255968,8359712,0,235399,0,227628,0,2700621,0,2561373,1102,382,2130,3332725,3210514,12332,44,114
1786395431970,8174592,4402656,4654000,1255968,8359712,0,235399,0,227628,0,2700621,0,2561373,1102,382,2130,3332725,3210514,12332,44,114
1786395432475,8174592,4402656,4654000,1255968,8359712,0,235399,0,227628,0,2700621,0,2561373,1102,382,2130,3332725,3210514,12332,44,114
1786395432985,8174592,4402656,4654000,1255968,8359712,0,235399,0,227628,0,2700621,0,2561373,1102,382,2130,3332725,3210514,12332,44,114
1786395433486,8174592,4402656,4654000,1255968,8359712,0,235399,0,227628,0,2700621,0,2561373,1102,382,2130,3332725,3210514,12332,44,114
1786395433987,7912448,4141776,4394144,1255968,8359712,0,235399,0,227628,0,2700621,0,2561373,1102,382,2130,3332725,3210514,12332,44,114
1786395434498,7912448,4141776,4394144,1255968,8359712,0,235399,0,227628,0,2700621,0,2561373,1102,382,2130,3332725,3210514,12332,44,114
1786395434998,7912448,4141776,4394144,1255968,8359712,0,235399,0,227628,0,2700621,0,2561373,1102,382,2130,3332725,3210514,12332,44,114
1786395435505,7912448,4141776,4394144,1255968,8359712,0,235399,0,227628,0,2700621,0,2561373,1102,382,2130,3332725,3210514,12332,44,114
1786395436016,7650304,3880896,4134288,1255968,8359712,0,235399,0,227628,0,2700621,0,2561373,1102,382,2130,3332725,3210514,12332,44,114
1786395436524,7650304,3880896,4134288,1255968,8359712,0,235399,0,227628,0,2700621,0,2561373,1102,382,2130,3332725,3210514,12332,44,114
1786395437032,7650304,3880896,4134288,1255968,8359712,0,235399,0,227628,0,2700621,0,2561373,1102,382,2130,3332725,3210514,12332,44,114
1786395437540,7650304,3880896,4134288,1255968,8359712,0,235399,0,227628,0,2700621,0,2561373,1102,382,2130,3332725,3210514,12332,44,114
1786395438043,7388160,3620016,3874432,1255968,8359712,0,235399,0,227628,0,2700621,0,2561373,1102,382,2130,3332725,3210514,12332,44,114
1786395438546,7388160,3620016,3874432,1255968,8359712,0,235399,0,227628,0,2700621,0,2561373,1102,382,2130,3332725,3210514,12332,44,114
1786395439058,7388160,3620016,3874432,1255968,8359712,0,235399,0,227628,0,2700621,0,2561373,1102,382,2130,3332725,3210514,12332,44,114
1786395439561,7388160,3620016,3874432,1255968,8359712,0,235399,0,227628,0,2700621,0,2561373,1102,382,2130,3332725,3210514,12332,44,114
1786395440067,7126016,3359136,3614576,1255968,8359712,0,235399,0,227628,0,2700621,0,2561373,1102,382,2130,3332725,3210514,12332,44,114
1786395440578,7126016,3359136,3614576,1255968,8359712,0,235399,0,227628,0,2700621,0,2561373,1102,382,2130,3332725,3210514,12332,44,114
1786395441089,7126016,3359136,3614576,1255968,8359712,0,235399,0,227628,0,2700621,0,2561373,1102,382,2130,3332725,3210514,12332,44,114
1786395441591,7126016,3359136,3614576,1255968,8359712,0,235399,0,227628,0,2700621,0,2561373,1102,382,2130,3332725,3210514,12332,44,114
1786395442101,6863872,3098016,3353568,1255968,8359712,0,235399,0,227628,0,2700621,0,2561373,1102,382,2130,3332725,3210514,12332,44,114
1786395442604,6863872,3098016,3353568,1255968,8359712,0,235399,0,227628,0,2700621,0,2561373,1102,382,2130,3332725,3210514,12332,44,114
1786395443114,6863872,3097424,3352976,1255968,8359712,0,235399,0,227628,0,2700621,0,2561373,1102,382,2130,3332725,3210514,12332,44,114
1786395443618,6860800,3097424,3352976,1255968,8359712,0,235399,0,227628,0,2700621,0,2561373,1102,382,2130,3332725,3210514,12332,44,114
1786395444130,6601728,2836544,3092096,1255968,8359712,0,235399,0,227628,0,2700621,0,2561373,1102,382,2130,3332725,3210514,12332,44,114
1786395444635,6601728,2835936,3091488,1255968,8359712,0,235399,0,227628,0,2700621,0,2561373,1102,382,2130,3332725,3210514,12332,44,114
1786395445139,6601728,2835936,3091488,1255968,8359712,0,235399,0,227628,0,2700621,0,2561373,1102,382,2130,3332725,3210514,12332,44,114
1786395445640,6599680,2835936,3091488,1255968,8359712,0,235399,0,227628,0,2700621,0,2561373,1102,382,2130,3332725,3210514,12332,44,114
1786395446145,6339584,2574576,2830128,1255968,8359712,0,235399,0,227628,0,2700621,0,2561373,1102,382,2130,3332725,3210514,12332,44,114
1786395446646,6339584,2574576,2830128,1255968,8359712,0,235399,0,227628,0,2700621,0,2561373,1102,382,2130,3332725,3210514,12332,44,114
1786395447154,6339584,2574576,2830128,1255968,8359712,0,235399,0,227628,0,2700621,0,2561373,1102,382,2130,3332725,3210514,12332,44,114
1786395447656,6339584,2574576,2830128,1255968,8359712,0,235399,0,227628,0,2700621,0,2561373,1102,382,2130,3332725,3210514,12332,44,114
1786395448160,6077440,2313696,2569248,1255968,8359712,0,235399,0,227628,0,2700621,0,2561373,1102,382,2130,3332725,3210514,12332,44,114
1786395448670,6077440,2313696,2569248,1255968,8359712,0,235399,0,227628,0,2700621,0,2561373,1102,382,2130,3332725,3210514,12332,44,114
1786395449173,6077440,2313696,2569248,1255968,8359712,0,235399,0,227628,0,2700621,0,2561373,1102,382,2130,3332725,3210514,12332,44,114
1786395449676,6077440,2313696,2569248,1255968,8359712,0,235399,0,227628,0,2700621,0,2561373,1102,382,2130,3332725,3210514,12332,44,114
1786395450186,5815296,2052816,2308368,1255968,8359712,0,235399,0,227628,0,2700621,0,2561373,1102,382,2130,3332725,3210514,12332,44,114
1786395450688,5815296,2052576,2308128,1255968,8359712,0,235399,0,227628,0,2700621,0,2561373,1102,382,2130,3332725,3210514,12332,44,114
1786395451199,5815296,2052576,2308128,1255968,8359712,0,235399,0,227628,0,2700621,0,2561373,1102,382,2130,3332725,3210514,12332,44,114
1786395451704,5813248,2052576,2308128,1255968,8359712,0,235399,0,227628,0,2700621,0,2561373,1102,382,2130,3332725,3210514,12332,44,114
1786395452217,5553152,1791696,2047248,1255968,8359712,0,235399,0,227628,0,2700621,0,2561373,1102,382,2130,3332725,3210514,12332,44,114
1786395452722,5553152,1791696,2047248,1255968,8359712,0,235399,0,227628,0,2700621,0,2561373,1102,382,2130,3332725,3210514,12332,44,114
1786395453226,5553152,1791696,2047248,1255968,8359712,0,235399,0,227628,0,2700621,0,2561373,1102,382,2130,3332725,3210514,12332,44,114
1786395453736,5534720,1769472,2025024,1255968,8359712,0,235399,0,227628,0,2700621,0,2561373,1102,382,2130,3332725,3210514,12332,44,114
1786395454242,5291008,1522544,1778096,1255968,8359712,0,235399,0,227628,0,2700621,0,2561373,1102,382,2130,3332725,3210514,12332,44,114
1786395454749,5291008,1522544,1778096,1255968,8359712,0,235399,0,227628,0,2700621,0,2561373,1102,382,2130,3332725,3210514,12332,44,114
1786395455256,5291008,1522416,1777968,1255968,8359712,0,235399,0,227628,0,2700621,0,2561373,1102,382,2130,3332725,3210514,12332,44,114
1786395455761,5271552,1507296,1762848,1255968,8359712,0,235399,0,227628,0,2700621,0,2561373,1102,382,2130,3332725,3210514,12332,44,114
1786395456262,5028864,1261536,1517088,1255968,8359712,0,235399,0,227628,0,2700621,0,2561373,1102,382,2130,3332725,3210514,12332,44,114
1786395456766,5028864,1261536,1517088,1255968,8359712,0,235399,0,227628,0,2700621,0,2561373,1102,382,2130,3332725,3210514,12332,44,114
1786395457278,5028864,1261536,1517088,1255968,8359712,0,235399,0,227628,0,2700621,0,2561373,1102,382,2130,3332725,3210514,12332,44,114
1786395457783,5003264,1238736,1494288,1255968,8359712,0,235399,0,227628,0,2700621,0,2561373,1102,382,2130,3332725,3210514,12332,44,114
1786395458294,4766720,1000656,1256208,1255968,8359712,0,235399,0,227628,0,2700621,0,2561373,1102,382,2130,3332725,3210514,12332,44,114
1786395458802,4766720,1000656,1256208,1255968,8359712,0,235399,0,227628,0,2700621,0,2561373,1102,382,2130,3332725,3210514,12332,44,114
1786395459305,4766720,1000656,1256208,1255968,8359712,0,235399,0,227628,0,2700621,0,2561373,1102,382,2130,3332725,3210514,12332,44,114
1786395459807,4694016,931776,1187328,1255968,8359712,0,235399,0,227628,0,2700621,0,2561373,1102,382,2130,3332725,3210514,12332,44,114
1786395460310,4504576,739776,995328,1255968,8359712,0,235399,0,227628,0,2700621,0,2561373,1102,382,2130,3332725,3210514,12332,44,114
1786395460816,4504576,739776,995328,1255968,8359712,0,235399,0,227628,0,2700621,0,2561373,1102,382,2130,3332725,3210514,12332,44,114
1786395461319,4504576,739296,994848,1255968,8359712,0,235399,0,227628,0,2700621,0,2561373,1102,382,2130,3332725,3210514,12332,44,114
1786395461824,4407296,639696,895248,1255968,8359712,0,235399,0,227628,0,2700621,0,2561373,1102,382,2130,3332725,3210514,12332,44,114
1786395462333,4242432,593520,793136,1200384,8328208,18,260005,18,251953,0,2700621,0,2561373,1113,393,4103,3439381,3215958,12332,44,121
1786395462842,4242432,594608,793792,1199760,8328400,18,260005,18,251953,0,2700621,0,2561373,1123,403,4103,3439416,3215967,12332,44,121
1786395463348,4242432,592928,792240,1199984,8328400,18,260005,18,251953,0,2700765,0,2561517,1123,403,4103,3439416,3215967,12332,44,121
1786395463850,4129792,478496,678224,1200000,8328464,18,260005,18,251953,0,2702278,0,2563030,1127,407,4103,3439416,3215967,12332,44,121
1786395464351,3980288,481328,540944,1059280,8312512,32,301659,32,293606,0,2718848,0,2579591,1128,407,5044,3518827,3261782,12332,44,125
1786395464862,3980288,616096,548656,932352,8310848,32,312723,32,304670,0,2724000,0,2584744,1164,443,5184,3536913,3279840,12332,44,127
1786395465366,3980288,616240,548352,931616,8310848,32,312723,32,304670,0,2724000,0,2584744,1164,443,5184,3536926,3279840,12332,44,127
1786395465877,3954816,555296,527856,970192,8295296,32,347939,32,339550,0,2746058,0,2606323,1169,444,6149,3601839,3343640,12332,44,132
1786395466388,3954816,555296,528064,970576,8295296,63,347939,63,339550,18,2746058,18,2606323,1169,444,6149,3601839,3343640,12332,44,132
1786395466890,3954816,714848,598640,862032,8248080,63,392483,63,383955,18,2754155,18,2614318,1220,486,9135,3763649,3372984,12332,44,140
1786395467398,3954816,715504,599152,861824,8248192,63,392483,63,383955,18,2756337,18,2616414,1228,493,9135,3763649,3372984,12332,44,140
1786395467902,3879856,634240,519440,864992,8248384,63,392625,63,384095,18,2758305,18,2618374,1243,505,9135,3763649,3372984,12332,44,140
1786395468411,3879856,560144,497824,935312,8243600,106,424554,106,415855,32,2776496,32,2636392,1244,505,9434,3808537,3417844,12332,44,142
1786395468914,3906320,560144,497728,935312,8243600,106,424554,106,415855,32,2776496,32,2636392,1244,505,9434,3808537,3417844,12332,44,142
1786395469426,3906320,551664,520912,967424,8242080,106,427099,106,418165,32,2783365,32,2643013,1245,506,9530,3824756,3434057,12332,44,143
1786395469930,3906320,551664,520912,967424,8242080,106,427099,106,418165,32,2783365,32,2643013,1245,506,9530,3824756,3434057,12332,44,143
1786395470435,3906320,632368,534320,898224,8231152,86,431214,86,422268,26,2786312,26,2645945,1245,506,10209,3837304,3446470,12332,44,145
1786395470946,3906320,632368,534320,898224,8231216,86,431214,86,422268,26,2786312,26,2645945,1249,510,10209,3837304,3446470,12332,44,145
1786395471448,3906320,632368,534320,898224,8231216,86,431214,86,422268,26,2786312,26,2645945,1249,510,10209,3837304,3446470,12332,44,145
1786395471949,3906320,579568,531344,950608,8230304,86,438043,86,429097,26,2790918,26,2650505,1253,510,10266,3845747,3454876,12332,44,146
1786395472459,3906320,578560,531792,951312,8230304,71,438043,71,429097,22,2790918,22,2650505,1253,510,10266,3845747,3454876,12332,44,146
1786395472970,3713712,798304,525888,548384,8219504,71,442931,71,433955,22,2794724,22,2654308,1253,510,10920,4012191,3489810,12332,44,148
1786395473471,3713712,798704,526416,548176,8219520,71,442946,71,433969,22,2794724,22,2654308,1253,511,10920,4012191,3489810,12332,44,148
1786395473973,3713712,505600,377856,837296,8218992,71,458969,71,449873,22,2815837,22,2675269,1255,511,10953,4037671,3515283,12332,44,149
1786395474479,3713712,550240,399968,792224,8218896,76,460269,76,451174,36,2815837,36,2675269,1255,511,10959,4040494,3518106,12332,44,149
1786395474989,3837920,595712,445056,792752,8218896,76,460269,76,451174,36,2815837,36,2675269,1255,511,10959,4040497,3518109,12332,44,149
1786395475494,3837920,534256,474624,937712,8218800,76,468921,76,459670,36,2842770,36,2702092,1256,511,10965,4078776,3556388,12332,44,151
1786395476005,3887584,534256,474432,937712,8218800,76,468921,76,459670,36,2842770,36,2702092,1256,511,10965,4078776,3556388,12332,44,151
1786395476514,3887584,589472,524416,932672,8218800,62,472353,62,463101,47,2854300,47,2713596,1256,511,10965,4114750,3592362,12332,44,152
1786395477016,3887584,589472,524416,932672,8218800,62,472353,62,463101,47,2854300,47,2713596,1256,511,10965,4114750,3592362,12332,44,152
1786395477518,3887584,560560,520048,957216,8218800,62,472549,62,463296,47,2863285,47,2722514,1256,511,10965,4132737,3610349,12332,44,152
1786395478028,3887584,593600,524560,928992,8218944,62,473107,62,463854,47,2875786,47,2734878,1267,520,10965,4150660,3628272,12332,44,153
1786395478531,3887584,593792,524112,928736,8218944,51,473107,51,463854,56,2875786,56,2734878,1267,520,10965,4150663,3628275,12332,44,153
1786395479044,3887584,587088,513376,925104,8218944,51,475696,51,466442,56,2885971,56,2744786,1267,520,10965,4186506,3664118,12332,44,154
1786395479550,3887584,587088,513376,925104,8218944,51,475696,51,466442,56,2885971,56,2744786,1267,520,10965,4186506,3664118,12332,44,154
1786395480062,3887584,599472,519808,918688,8218944,51,478223,51,468969,56,2905986,56,2764018,1267,520,10965,4222484,3700096,12332,44,155
1786395480572,3887584,599408,520624,919568,8218976,41,478223,41,468969,65,2911488,65,2769489,1269,522,10965,4222484,3700096,12332,44,155
1786395481074,3887584,596032,521296,923616,8218976,41,478223,41,468969,65,2911603,65,2769604,1269,522,10965,4222484,3700096,12332,44,155
1786395481578,3887584,602528,520032,915344,8218976,41,479301,41,470043,65,2935234,65,2793225,1270,522,10965,4258388,3736000,12332,44,156
1786395482086,3887584,602528,520032,915344,8218976,41,479301,41,470043,65,2935234,65,2793225,1270,522,10965,4258388,3736000,12332,44,156
1786395482589,3887584,600512,520640,918816,8220608,34,486783,34,477339,71,2962355,71,2819145,1345,583,10965,4294356,3771968,12332,44,157
1786395483096,3887584,600272,522352,920736,8220608,34,486783,34,477339,71,2965116,71,2821788,1351,583,10965,4294356,3771968,12332,44,157
1786395483598,3887584,499184,521664,1021264,8220608,34,490326,34,480882,71,2970587,71,2827195,1351,583,10965,4316244,3793792,12332,44,158
1786395484107,3887584,604576,524544,917968,8220608,34,491169,34,481725,71,2975830,71,2832438,1351,583,10965,4330196,3807808,12332,44,159
1786395484611,3887584,604576,524544,917968,8220608,28,491169,28,481725,76,2975830,76,2832438,1351,583,10965,4330196,3807808,12332,44,159
1786395485114,3887584,608112,525088,914656,8220608,28,492371,28,482927,76,2994305,76,2850913,1351,583,10965,4366036,3843648,12332,44,160
1786395485616,3887584,608112,525088,914656,8220608,28,492371,28,482927,76,2994305,76,2850913,1351,583,10965,4366036,3843648,12332,44,160
1786395486123,3887584,497504,518368,1019344,8220608,28,493234,28,483789,76,3016045,76,2872653,1351,583,10965,4395476,3873088,12332,44,161
1786395486625,3887584,604368,519344,912672,8220608,22,495760,22,486315,98,3016045,98,2872653,1351,583,10965,4401812,3879424,12332,44,161
1786395487132,3887584,604368,519344,912672,8220608,22,495760,22,486315,98,3016045,98,2872653,1351,583,10965,4401812,3879424,12332,44,161
1786395487635,3887584,600704,513632,910688,8220608,22,496781,22,487336,98,3040577,98,2897165,1351,583,10965,4437588,3915200,12332,44,162
1786395488138,3887584,600704,513632,910688,8220608,22,496781,22,487336,98,3040577,98,2897165,1351,583,10965,4437588,3915200,12332,44,162
1786395488640,3887584,608336,521072,910416,8220608,18,500662,18,491217,99,3059204,99,2915622,1351,583,10965,4473236,3950848,12332,44,164
1786395489150,3887584,608336,521072,910416,8220608,18,500662,18,491217,99,3059204,99,2915622,1351,583,10965,4473236,3950848,12332,44,164
1786395489651,3887584,552000,518944,965072,8220608,18,503664,18,494218,99,3068471,99,2924773,1351,583,10965,4491092,3968704,12332,44,164
1786395490154,3887584,605568,518784,911136,8220608,18,504508,18,495062,99,3078715,99,2934891,1351,583,10965,4508884,3986496,12332,44,165
1786395490664,3887584,605568,518784,911136,8220608,15,504508,15,495062,99,3078715,99,2934891,1351,583,10965,4508884,3986496,12332,44,165
1786395491168,3887584,608752,521088,910064,8220608,15,508928,15,499473,99,3089684,99,2945787,1351,583,10965,4544596,4022208,12332,44,166
1786395491676,3887584,608832,520880,909792,8220608,15,508928,15,499473,99,3089684,99,2945787,1351,583,10965,4544596,4022208,12332,44,166
1786395492187,3887584,610480,520928,908224,8220608,15,510199,15,500735,99,3112174,99,2968272,1351,583,10965,4580372,4057984,12332,44,167
1786395492688,3887584,610512,520544,907808,8220608,12,510199,12,500735,99,3112174,99,2968272,1351,583,10965,4580372,4057984,12332,44,167
1786395493190,3887584,610512,520544,907808,8220608,12,510199,12,500735,99,3112174,99,2968272,1351,583,10965,4580372,4057984,12332,44,167
1786395493699,3887584,607632,518016,908080,8220608,12,512031,12,502567,99,3129007,99,2984862,1351,583,10965,4615956,4093568,12332,44,169
1786395494204,3887584,606976,518096,908816,8220608,12,512031,12,502567,99,3129007,99,2984862,1351,583,10965,4615956,4093568,12332,44,169
1786395494706,3887584,611488,520080,906640,8220608,10,512643,10,503179,81,3138929,81,2994590,1351,583,10965,4651732,4129344,12332,44,170
1786395495211,3887584,611488,520080,906640,8220608,10,512643,10,503179,81,3138929,81,2994590,1351,583,10965,4651732,4129344,12332,44,170
1786395495713,3887584,473776,520720,1045296,8220608,10,513039,10,503576,81,3162367,81,3017821,1351,583,10965,4678676,4156288,12332,44,171
1786395496224,3887584,615616,521248,903984,8220608,10,516605,10,507141,81,3162367,81,3017821,1351,583,10965,4687508,4165120,12332,44,171
1786395496728,3887584,615616,521248,903984,8220608,8,516605,8,507141,84,3162367,84,3017821,1351,583,10965,4687508,4165120,12332,44,171
1786395497235,3887584,617776,523280,903312,8221120,8,518130,8,508660,84,3186999,84,3042335,1389,615,10965,4723220,4200832,12332,44,172
1786395497742,3887584,617776,523280,903312,8221120,8,518130,8,508660,84,3186999,84,3042335,1389,615,10965,4723220,4200832,12332,44,172
1786395498250,3887584,528528,526048,995216,8221120,8,518738,8,509268,84,3205328,84,3060498,1389,615,10965,4753108,4230720,12332,44,173
1786395498753,3887584,527968,525600,995328,8221120,6,518738,6,509268,105,3205328,105,3060498,1389,615,10965,4753108,4230720,12332,44,173
1786395499255,3887584,544432,517216,970576,8221120,6,519397,6,509928,105,3213987,105,3068977,1389,615,10965,4778644,4256192,12332,44,174
1786395499761,3887584,574784,521696,944752,8221120,6,520670,6,511201,105,3220665,105,3075393,1389,615,10965,4791892,4269504,12332,44,175
1786395500274,3887584,574784,521696,944752,8221120,6,520670,6,511201,105,3220665,105,3075393,1389,615,10965,4791892,4269504,12332,44,175
1786395500780,3887584,577232,520496,941072,8221120,5,521372,5,511901,86,3241381,86,3096077,1389,615,10965,4827732,4305344,12332,44,176
1786395501286,3887584,577184,520736,941360,8221120,5,521372,5,511901,86,3241381,86,3096077,1389,615,10965,4827732,4305344,12332,44,176
1786395501798,3887584,582208,522992,938576,8221120,5,521938,5,512464,86,3264843,86,3119523,1389,615,10965,4863572,4341184,12332,44,177
1786395502309,3887584,582224,522672,938240,8221120,5,521938,5,512464,86,3264843,86,3119523,1389,615,10965,4863572,4341184,12332,44,177
1786395502811,3887584,503888,514784,1009472,8221120,4,522758,4,513285,107,3267647,107,3122327,1389,615,10965,4867348,4344896,12332,44,177
1786395503321,3887584,578624,515680,935136,8221120,4,523569,4,514095,107,3288238,107,3142772,1389,615,10965,4899412,4377024,12332,44,178
1786395503824,3887584,578624,515680,935136,8221120,4,523569,4,514095,107,3288238,107,3142772,1389,615,10965,4899412,4377024,12332,44,178
1786395504337,3887584,581264,516416,933152,8221120,3,528176,3,518702,123,3305989,123,3160511,1389,615,10965,4935188,4412800,12332,44,179
1786395504841,3887584,581264,516416,933152,8221120,3,528176,3,518702,123,3305989,123,3160511,1389,615,10965,4935188,4412800,12332,44,179
1786395505343,3887584,585824,519184,931168,8221120,3,533514,3,524040,123,3321191,123,3175697,1389,615,10965,4970964,4448576,12332,44,180
1786395505848,3887584,585824,519184,931168,8221120,3,533514,3,524040,123,3321191,123,3175697,1389,615,10965,4970964,4448576,12332,44,180
1786395506350,3887584,585824,519184,931168,8221120,3,533514,3,524040,101,3321191,101,3175697,1389,615,10965,4970964,4448576,12332,44,180
1786395506855,3887584,588960,521392,930448,8221120,3,535211,3,525733,101,3343811,101,3198275,1389,615,10965,5006676,4484288,12332,44,181
1786395507360,3887584,588960,521392,930448,8221120,3,535211,3,525733,101,3343811,101,3198275,1389,615,10965,5006676,4484288,12332,44,181
1786395507870,3887584,592704,522096,927104,8221120,3,536195,3,526715,101,3364985,101,3219432,1389,615,10965,5042516,4520128,12332,44,183
1786395508380,3887584,592720,521824,926816,8221120,2,536195,2,526715,119,3364985,119,3219432,1389,615,10965,5042516,4520128,12332,44,183
1786395508882,3887584,592240,516304,921760,8221120,2,537173,2,527691,119,3385152,119,3239583,1389,615,10965,5078484,4556096,12332,44,184
1786395509387,3887584,592240,516304,921760,8221120,2,537173,2,527691,119,3385152,119,3239583,1389,615,10965,5078484,4556096,12332,44,184
1786395509888,3887584,553312,517552,962240,8221120,2,537768,2,528282,119,3402698,119,3257117,1389,615,10965,5105300,4582912,12332,44,185
1786395510398,3887584,597280,518880,919776,8221120,1,538115,1,528629,133,3405993,133,3260412,1389,615,10965,5114260,4591872,12332,44,185
1786395510909,3887584,597280,518880,919776,8221120,1,538115,1,528629,133,3405993,133,3260412,1389,615,10965,5114260,4591872,12332,44,185
1786395511419,3887584,600256,519248,916768,8221120,1,539415,1,529927,133,3424872,133,3279268,1389,615,10965,5150100,4627712,12332,44,187
1786395511923,3887584,600256,519248,916768,8221120,1,539415,1,529927,133,3424872,133,3279268,1389,615,10965,5150100,4627712,12332,44,187
1786395512431,3887584,604816,521824,914784,8221120,1,540619,1,531125,127,3445311,127,3299683,1389,615,10965,5185876,4663488,12332,44,188
1786395512941,3887584,604816,521824,914784,8221120,1,540619,1,531125,127,3445311,127,3299683,1389,615,10965,5185876,4663488,12332,44,188
1786395513451,3887584,463776,521904,1055904,8221120,1,541121,1,531627,127,3461152,127,3315510,1389,615,10965,5212756,4690368,12332,44,189
1786395513962,3887584,606464,521904,913216,8221120,1,543288,1,533793,127,3461152,127,3315510,1389,615,10965,5221652,4699264,12332,44,189
1786395514464,3887584,606736,521840,912800,8221120,1,543288,1,533793,104,3461152,104,3315510,1389,615,10965,5221652,4699264,12332,44,189
1786395514968,3887584,602832,516352,911840,8221120,1,546969,1,537475,104,3473563,104,3327829,1389,615,10965,5257364,4734976,12332,44,190
1786395515479,3887584,602832,516352,911840,8221120,1,546969,1,537475,104,3473563,104,3327829,1389,615,10965,5257364,4734976,12332,44,190
1786395515989,3887584,597824,511552,912032,8221120,1,547548,1,538053,104,3489458,104,3343713,1389,615,10965,5293012,4770624,12332,44,191
1786395516497,3887584,598032,511360,911632,8221120,1,547548,1,538053,103,3489458,103,3343713,1389,615,10965,5293012,4770624,12332,44,191
1786395517001,3887584,485136,507728,1020384,8221120,1,550466,1,540972,103,3498506,103,3352754,1389,615,10965,5310868,4788480,12332,44,192
1786395517504,3887584,600768,514096,911376,8221120,1,551339,1,541844,103,3504442,103,3358690,1389,615,10965,5328660,4806272,12332,44,193
1786395518017,3887584,600768,514096,911376,8221120,1,551339,1,541844,103,3504442,103,3358690,1389,615,10965,5328660,4806272,12332,44,193
1786395518522,3887584,602304,513904,910016,8221120,0,552636,0,543134,103,3523537,103,3377422,1389,615,10965,5364372,4841984,12332,44,194
1786395519025,3887584,602304,514256,910016,8221152,0,552636,0,543134,103,3523537,103,3377422,1391,617,10965,5364372,4841984,12332,44,194
1786395519531,3887584,500704,515200,1012624,8221152,0,553043,0,543542,103,3541695,103,3395570,1391,617,10965,5393940,4871488,12332,44,195
1786395520033,3887584,604192,515984,909920,8221152,0,554702,0,545200,103,3541695,103,3395570,1391,617,10965,5400020,4877632,12332,44,195
1786395520534,3887584,604464,515856,909520,8221152,0,554702,0,545200,84,3541695,84,3395570,1391,617,10965,5400020,4877632,12332,44,195
1786395521653,3887584,604400,516224,909584,8221152,0,556256,0,546747,84,3564928,84,3418777,1391,617,10965,5435668,4913280,12332,44,196
1786395522163,3887584,609888,520256,908064,8221152,0,558608,0,549099,84,3583144,84,3436543,1391,617,10965,5471444,4949056,12332,44,198
1786395522664,3890656,609888,520240,908064,8221152,0,558608,0,549099,105,3583144,105,3436543,1391,617,10965,5471444,4949056,12332,44,198
1786395523168,5314016,1769472,1850480,1080352,8221152,0,558608,0,549099,105,3586363,105,3439750,1391,617,10965,5471444,4949056,12332,44,198
1786395523670,6881760,3344016,3424240,1079568,8221152,0,558608,0,549099,105,3586363,105,3439750,1391,617,10965,5471444,4949056,12332,44,198
1786395524181,8461792,4918992,4994224,1079568,8221152,0,558608,0,549099,105,3586363,105,3439750,1391,617,10965,5471444,4949056,12332,44,198
1786395524681,10076640,6531328,6600256,1079568,8221152,0,558608,0,549099,86,3586363,86,3439750,1391,617,10965,5471444,4949056,12332,44,198
1786395525185,11619808,8075472,8138368,1079568,8221152,0,558608,0,549099,86,3586363,86,3439750,1391,617,10965,5471444,4949056,12332,44,198
1786395525691,12368896,8820432,8880416,1079568,8221152,0,558608,0,549099,86,3586363,86,3439750,1391,617,10965,5471444,4949056,12332,44,198
1786395526193,12368896,8820432,8880416,1079568,8221152,0,558608,0,549099,86,3586363,86,3439750,1391,617,10965,5471444,4949056,12332,44,198
1786395526700,12368896,8808992,8876736,1087312,8223168,0,558859,0,549344,70,3589306,70,3442271,1536,743,10965,5471444,4949056,12332,44,198
1786395527203,12368896,8808992,8876736,1087312,8223168,0,558859,0,549344,70,3589306,70,3442271,1536,743,10965,5471444,4949056,12332,44,198
1786395527708,12368896,8808432,8876992,1088128,8223168,0,558859,0,549344,70,3589306,70,3442271,1536,743,10965,5471444,4949056,12332,44,198
1786395528221,12368896,8808432,8876992,1088128,8223168,0,558859,0,549344,70,3589306,70,3442271,1536,743,10965,5471444,4949056,12332,44,198
1786395528732,12368896,8808432,8876992,1088128,8223168,0,558859,0,549344,56,3589306,56,3442271,1536,743,10965,5471444,4949056,12332,44,198
1786395529233,12368896,8808192,8876752,1088128,8223168,0,558859,0,549344,56,3589306,56,3442271,1536,743,10965,5471444,4949056,12332,44,198
1786395529745,12368896,8807472,8876032,1088128,8223168,0,558859,0,549344,56,3589306,56,3442271,1536,743,10965,5471444,4949056,12332,44,198
1786395530252,12368896,8807472,8876032,1088128,8223168,0,558859,0,549344,56,3589306,56,3442271,1536,743,10965,5471444,4949056,12332,44,198
1786395530763,12368896,8807472,8876032,1088128,8223168,0,558859,0,549344,47,3589306,47,3442271,1536,743,10965,5471444,4949056,12332,44,198
1786395531274,12368896,8807472,8876032,1088128,8223168,0,558859,0,549344,47,3589306,47,3442271,1536,743,10965,5471444,4949056,12332,44,198
1786395531777,12368896,8807472,8876032,1088128,8223168,0,558859,0,549344,47,3589306,47,3442271,1536,743,10965,5471444,4949056,12332,44,198
1786395532289,12368896,8807472,8876032,1088128,8223168,0,558859,0,549344,47,3589306,47,3442271,1536,743,10965,5471444,4949056,12332,44,198
1786395532800,12368896,8807472,8876032,1088128,8223168,0,558859,0,549344,38,3589306,38,3442271,1536,743,10965,5471444,4949056,12332,44,198
1786395533312,12368896,8807472,8876032,1088128,8223168,0,558859,0,549344,38,3589306,38,3442271,1536,743,10965,5471444,4949056,12332,44,198
1786395533824,12368896,8807472,8876032,1088128,8223168,0,558859,0,549344,38,3589306,38,3442271,1536,743,10965,5471444,4949056,12332,44,198
1786395534334,12368896,8807472,8876032,1088128,8223168,0,558859,0,549344,31,3589306,31,3442271,1536,743,10965,5471444,4949056,12332,44,198
1786395534838,12368896,8807472,8876032,1088128,8223168,0,558859,0,549344,31,3589306,31,3442271,1536,743,10965,5471444,4949056,12332,44,198
1786395535343,12368896,8807472,8876032,1088128,8223168,0,558859,0,549344,31,3589306,31,3442271,1536,743,10965,5471444,4949056,12332,44,198
1786395535849,12368896,8807472,8876032,1088128,8223168,0,558859,0,549344,31,3589306,31,3442271,1536,743,10965,5471444,4949056,12332,44,198
1786395536361,12368896,8807472,8876032,1088128,8223168,0,558859,0,549344,25,3589306,25,3442271,1536,743,10965,5471444,4949056,12332,44,198
1786395536863,12368896,8807472,8876032,1088128,8223168,0,558859,0,549344,25,3589306,25,3442271,1536,743,10965,5471444,4949056,12332,44,198
1786395537371,12368896,8807472,8876032,1088128,8223168,0,558859,0,549344,25,3589306,25,3442271,1536,743,10965,5471444,4949056,12332,44,198
1786395537880,12368896,8807472,8876032,1088128,8223168,0,558859,0,549344,25,3589306,25,3442271,1536,743,10965,5471444,4949056,12332,44,198
1786395538388,12368896,8807472,8876032,1088128,8223168,0,558859,0,549344,21,3589306,21,3442271,1536,743,10965,5471444,4949056,12332,44,198
1786395538899,12368896,8807472,8876032,1088128,8223168,0,558859,0,549344,21,3589306,21,3442271,1536,743,10965,5471444,4949056,12332,44,198
1786395539405,12368896,8807472,8876032,1088128,8223168,0,558859,0,549344,21,3589306,21,3442271,1536,743,10965,5471444,4949056,12332,44,198
1786395539914,12368896,8807472,8876032,1088128,8223168,0,558859,0,549344,21,3589306,21,3442271,1536,743,10965,5471444,4949056,12332,44,198
1786395540418,12368896,8807472,8876032,1088128,8223168,0,558859,0,549344,17,3589306,17,3442271,1536,743,10965,5471444,4949056,12332,44,198
1786395540930,12368896,8807472,8876032,1088128,8223168,0,558859,0,549344,17,3589306,17,3442271,1536,743,10965,5471444,4949056,12332,44,198
1786395541437,12368896,8806992,8875552,1088128,8223168,0,558859,0,549344,17,3589306,17,3442271,1536,743,10965,5471444,4949056,12332,44,198
1786395541949,12368896,8806992,8875552,1088128,8223168,0,558859,0,549344,17,3589306,17,3442271,1536,743,10965,5471444,4949056,12332,44,198
1786395542461,12368896,8806992,8875552,1088128,8223168,0,558859,0,549344,14,3589306,14,3442271,1536,743,10965,5471444,4949056,12332,44,198
1786395542970,12368896,8806992,8875552,1088128,8223168,0,558859,0,549344,14,3589306,14,3442271,1536,743,10965,5471444,4949056,12332,44,198
1786395543479,12368896,8806992,8875552,1088128,8223168,0,558859,0,549344,14,3589306,14,3442271,1536,743,10965,5471444,4949056,12332,44,198
1786395543987,12368896,8806992,8875552,1088128,8223168,0,558859,0,549344,14,3589306,14,3442271,1536,743,10965,5471444,4949056,12332,44,198
1786395544498,12368896,8806752,8875312,1088128,8223168,0,558859,0,549344,11,3589306,11,3442271,1536,743,10965,5471444,4949056,12332,44,198
1786395545005,12368896,8806752,8875312,1088128,8223168,0,558859,0,549344,11,3589306,11,3442271,1536,743,10965,5471444,4949056,12332,44,198
1786395545508,12368896,8806752,8875312,1088128,8223168,0,558859,0,549344,11,3589306,11,3442271,1536,743,10965,5471444,4949056,12332,44,198
1786395546017,12368896,8806752,8875312,1088128,8223168,0,558859,0,549344,11,3589306,11,3442271,1536,743,10965,5471444,4949056,12332,44,198
1786395546529,12368896,8806752,8875312,1088128,8223168,0,558859,0,549344,9,3589306,9,3442271,1536,743,10965,5471444,4949056,12332,44,198
1786395547042,12368896,8806752,8875312,1088128,8223168,0,558859,0,549344,9,3589306,9,3442271,1536,743,10965,5471444,4949056,12332,44,198
1786395547553,12368896,8806752,8875312,1088128,8223168,0,558859,0,549344,9,3589306,9,3442271,1536,743,10965,5471444,4949056,12332,44,198
1786395548063,12368896,8806752,8875312,1088128,8223168,0,558859,0,549344,9,3589306,9,3442271,1536,743,10965,5471444,4949056,12332,44,198
1786395548564,12368896,8806752,8875312,1088128,8223168,0,558859,0,549344,7,3589306,7,3442271,1536,743,10965,5471444,4949056,12332,44,198
1786395549073,12368896,8806752,8875312,1088128,8223168,0,558859,0,549344,7,3589306,7,3442271,1536,743,10965,5471444,4949056,12332,44,198
1786395549579,12368896,8806752,8875312,1088128,8223168,0,558859,0,549344,7,3589306,7,3442271,1536,743,10965,5471444,4949056,12332,44,198
1786395550085,12368896,8806752,8875312,1088128,8223168,0,558859,0,549344,7,3589306,7,3442271,1536,743,10965,5471444,4949056,12332,44,198
1786395550597,12368896,8806752,8875312,1088128,8223168,0,558859,0,549344,6,3589306,6,3442271,1536,743,10965,5471444,4949056,12332,44,198
1786395551101,12368896,8806752,8875312,1088128,8223168,0,558859,0,549344,6,3589306,6,3442271,1536,743,10965,5471444,4949056,12332,44,198
1786395551613,12368896,8806752,8875312,1088128,8223168,0,558859,0,549344,6,3589306,6,3442271,1536,743,10965,5471444,4949056,12332,44,198
1786395552114,12368896,8806752,8875312,1088128,8223168,0,558859,0,549344,6,3589306,6,3442271,1536,743,10965,5471444,4949056,12332,44,198
1786395552618,12368896,8806752,8875312,1088144,8223168,0,558859,0,549344,5,3589306,5,3442271,1536,743,10965,5471444,4949056,12332,44,198
1786395553129,12368896,8806752,8875312,1088144,8223168,0,558859,0,549344,5,3589306,5,3442271,1536,743,10965,5471444,4949056,12332,44,198
1786395553634,12368896,8806752,8875312,1088144,8223168,0,558859,0,549344,5,3589306,5,3442271,1536,743,10965,5471444,4949056,12332,44,198
1786395554142,12368896,8806752,8875312,1088144,8223168,0,558859,0,549344,5,3589306,5,3442271,1536,743,10965,5471444,4949056,12332,44,198
1786395554645,12368896,8807296,8875856,1088144,8223168,0,558859,0,549344,4,3589306,4,3442271,1536,743,10965,5471444,4949056,12332,44,198
1786395555154,12368896,8807296,8875856,1088144,8223168,0,558859,0,549344,4,3589306,4,3442271,1536,743,10965,5471444,4949056,12332,44,198
1786395555656,12368896,8807296,8875856,1088144,8223168,0,558859,0,549344,4,3589306,4,3442271,1536,743,10965,5471444,4949056,12332,44,198
1786395556162,12368896,8807296,8875856,1088144,8223168,0,558859,0,549344,4,3589306,4,3442271,1536,743,10965,5471444,4949056,12332,44,198
1786395556672,12368896,8807856,8876416,1088144,8223168,0,558859,0,549344,3,3589306,3,3442271,1536,743,10965,5471444,4949056,12332,44,198
1786395557184,12368896,8807616,8876176,1088144,8223168,0,558859,0,549344,3,3589306,3,3442271,1536,743,10965,5471444,4949056,12332,44,198
1786395557691,12368896,8807616,8876176,1088144,8223168,0,558859,0,549344,3,3589306,3,3442271,1536,743,10965,5471444,4949056,12332,44,198
1786395558193,12368896,8807616,8876176,1088144,8223168,0,558859,0,549344,3,3589306,3,3442271,1536,743,10965,5471444,4949056,12332,44,198
1786395558695,12368896,8807376,8875936,1088144,8223168,0,558859,0,549344,2,3589306,2,3442271,1536,743,10965,5471444,4949056,12332,44,198
1786395559199,12368896,8807376,8875936,1088144,8223168,0,558859,0,549344,2,3589306,2,3442271,1536,743,10965,5471444,4949056,12332,44,198
1786395559704,12368896,8807920,8876480,1088144,8223168,0,558859,0,549344,2,3589306,2,3442271,1536,743,10965,5471444,4949056,12332,44,198
1786395560211,12368896,8807920,8876480,1088144,8223168,0,558859,0,549344,2,3589306,2,3442271,1536,743,10965,5471444,4949056,12332,44,198
1786395560716,12368896,8807920,8876480,1088144,8223168,0,558859,0,549344,2,3589306,2,3442271,1536,743,10965,5471444,4949056,12332,44,198
1786395561218,12368896,8807920,8876480,1088144,8223168,0,558859,0,549344,2,3589306,2,3442271,1536,743,10965,5471444,4949056,12332,44,198
1786395561723,12368896,8807920,8876480,1088144,8223168,0,558859,0,549344,2,3589306,2,3442271,1536,743,10965,5471444,4949056,12332,44,198
1786395562226,12368896,8807920,8876480,1088144,8223168,0,558859,0,549344,2,3589306,2,3442271,1536,743,10965,5471444,4949056,12332,44,198
1786395562738,12368896,8807920,8876480,1088144,8223168,0,558859,0,549344,1,3589306,1,3442271,1536,743,10965,5471444,4949056,12332,44,198
1786395563242,12368896,8807920,8876480,1088144,8223168,0,558859,0,549344,1,3589306,1,3442271,1536,743,10965,5471444,4949056,12332,44,198
1786395563751,12368896,8807920,8876480,1088144,8223168,0,558859,0,549344,1,3589306,1,3442271,1536,743,10965,5471444,4949056,12332,44,198
1786395564262,12368896,8807920,8876480,1088144,8223168,0,558859,0,549344,1,3589306,1,3442271,1536,743,10965,5471444,4949056,12332,44,198
1786395564771,12368896,8807920,8876480,1088144,8223168,0,558859,0,549344,1,3589306,1,3442271,1536,743,10965,5471444,4949056,12332,44,198
1786395565277,12368896,8807920,8876480,1088144,8223168,0,558859,0,549344,1,3589306,1,3442271,1536,743,10965,5471444,4949056,12332,44,198
1786395565788,12368896,8807920,8876480,1088144,8223168,0,558859,0,549344,1,3589306,1,3442271,1536,743,10965,5471444,4949056,12332,44,198
1786395566296,12368896,8807920,8876480,1088144,8223168,0,558859,0,549344,1,3589306,1,3442271,1536,743,10965,5471444,4949056,12332,44,198
1786395566801,12368896,8807920,8876480,1088144,8223168,0,558859,0,549344,1,3589306,1,3442271,1536,743,10965,5471444,4949056,12332,44,198
1786395567309,12368896,8807920,8876480,1088144,8223168,0,558859,0,549344,1,3589306,1,3442271,1536,743,10965,5471444,4949056,12332,44,198
1786395567822,12368896,8807920,8876480,1088144,8223168,0,558859,0,549344,1,3589306,1,3442271,1536,743,10965,5471444,4949056,12332,44,198
1786395568334,12368896,8807920,8876480,1088144,8223168,0,558859,0,549344,1,3589306,1,3442271,1536,743,10965,5471444,4949056,12332,44,198
1786395568846,12368896,8807760,8876320,1088144,8223168,0,558859,0,549344,0,3589306,0,3442271,1536,743,10965,5471444,4949056,12332,44,198
1786395569357,12368896,8807520,8876080,1088144,8223168,0,558859,0,549344,0,3589306,0,3442271,1536,743,10965,5471444,4949056,12332,44,198
1786395569869,12368896,8807520,8876080,1088144,8223168,0,558859,0,549344,0,3589306,0,3442271,1536,743,10965,5471444,4949056,12332,44,198
1786395570370,12368896,8807520,8876080,1088144,8223168,0,558859,0,549344,0,3589306,0,3442271,1536,743,10965,5471444,4949056,12332,44,198
1786395570877,12368896,8807520,8876080,1088144,8223168,0,558859,0,549344,0,3589306,0,3442271,1536,743,10965,5471444,4949056,12332,44,198
1786395571388,12368896,8807520,8876080,1088144,8223168,0,558859,0,549344,0,3589306,0,3442271,1536,743,10965,5471444,4949056,12332,44,198
1786395571900,12368896,8807936,8876496,1088144,8223168,0,558859,0,549344,0,3589306,0,3442271,1536,743,10965,5471444,4949056,12332,44,198
1786395572412,12368896,8807216,8875776,1088144,8223168,0,558859,0,549344,0,3589306,0,3442271,1536,743,10965,5471444,4949056,12332,44,198
1786395572921,12368896,8807216,8875776,1088144,8223168,0,558859,0,549344,0,3589306,0,3442271,1536,743,10965,5471444,4949056,12332,44,198
1786395573434,12368896,8807216,8875776,1088144,8223168,0,558859,0,549344,0,3589306,0,3442271,1536,743,10965,5471444,4949056,12332,44,198
1786395573938,12368896,8807216,8875776,1088144,8223168,0,558859,0,549344,0,3589306,0,3442271,1536,743,10965,5471444,4949056,12332,44,198
1786395574445,12368896,8807568,8876128,1088144,8223168,0,558859,0,549344,0,3589306,0,3442271,1536,743,10965,5471444,4949056,12332,44,198
1786395574955,12368896,8807568,8876128,1088144,8223168,0,558859,0,549344,0,3589306,0,3442271,1536,743,10965,5471444,4949056,12332,44,198
1786395575458,12368896,8807568,8876128,1088144,8223168,0,558859,0,549344,0,3589306,0,3442271,1536,743,10965,5471444,4949056,12332,44,198
1786395575961,12368896,8807568,8876128,1088144,8223168,0,558859,0,549344,0,3589306,0,3442271,1536,743,10965,5471444,4949056,12332,44,198
1786395576473,12368896,8807568,8876128,1088144,8223168,0,558859,0,549344,0,3589306,0,3442271,1536,743,10965,5471444,4949056,12332,44,198
1786395576977,12368896,8807568,8876128,1088144,8223168,0,558859,0,549344,0,3589306,0,3442271,1536,743,10965,5471444,4949056,12332,44,198
1786395577481,12368896,8807776,8876336,1088144,8223168,0,558859,0,549344,0,3589306,0,3442271,1536,743,10965,5471444,4949056,12332,44,198
1786395577985,12368896,8808160,8876720,1088144,8223168,0,558859,0,549344,0,3589306,0,3442271,1536,743,10965,5471444,4949056,12332,44,198
1786395578490,12368896,8808160,8876720,1088144,8223168,0,558859,0,549344,0,3589306,0,3442271,1536,743,10965,5471444,4949056,12332,44,198
1786395578994,12368896,8808160,8876720,1088144,8223168,0,558859,0,549344,0,3589306,0,3442271,1536,743,10965,5471444,4949056,12332,44,198
1786395579504,12368896,8807920,8876480,1088144,8223168,0,558859,0,549344,0,3589306,0,3442271,1536,743,10965,5471444,4949056,12332,44,198
1786395580006,12368896,8807920,8876480,1088144,8223168,0,558859,0,549344,0,3589306,0,3442271,1536,743,10965,5471444,4949056,12332,44,198
1786395580516,12368896,8807680,8876240,1088144,8223168,0,558859,0,549344,0,3589306,0,3442271,1536,743,10965,5471444,4949056,12332,44,198
1786395581018,12368896,8807680,8876240,1088144,8223168,0,558859,0,549344,0,3589306,0,3442271,1536,743,10965,5471444,4949056,12332,44,198
1786395581526,12368896,8807680,8876240,1088144,8223168,0,558859,0,549344,0,3589306,0,3442271,1536,743,10965,5471444,4949056,12332,44,198
1786395582032,12368896,8807680,8876240,1088144,8223168,0,558859,0,549344,0,3589306,0,3442271,1536,743,10965,5471444,4949056,12332,44,198
1786395582537,12368896,8807200,8875760,1088144,8223168,0,558859,0,549344,0,3589306,0,3442271,1536,743,10965,5471444,4949056,12332,44,198
1786395583040,12368896,8738016,8868784,1151552,8235360,0,560782,0,551155,0,3651617,0,3500822,2429,1512,10965,5471444,4949056,12332,44,198
1786395583540,12368896,8737872,8870112,1151808,8235360,0,560782,0,551155,0,3651617,0,3500822,2429,1512,10965,5471444,4949056,12332,44,198
1786395584051,12368896,8737872,8870112,1151808,8235360,0,560782,0,551155,0,3651617,0,3500822,2429,1512,10965,5471444,4949056,12332,44,198
1786395584561,12368896,8737872,8870112,1151808,8235360,0,560782,0,551155,54,3651617,36,3500822,2429,1512,10965,5471444,4949056,12332,44,198
1786395585066,12368896,8737872,8870112,1151808,8235360,0,560782,0,551155,54,3651617,36,3500822,2429,1512,10965,5471444,4949056,12332,44,198
1786395585566,12368896,8737872,8870112,1151808,8235360,0,560782,0,551155,54,3651617,36,3500822,2429,1512,10965,5471444,4949056,12332,44,198
1786395586077,12368896,8737872,8870112,1151808,8235360,0,560782,0,551155,54,3651617,36,3500822,2429,1512,10965,5471444,4949056,12332,44,198
1786395586587,12368896,8737872,8870112,1151808,8235360,0,560782,0,551155,44,3651617,28,3500822,2429,1512,10965,5471444,4949056,12332,44,198
1786395587089,12368896,8737872,8870112,1151808,8235360,0,560782,0,551155,44,3651617,28,3500822,2429,1512,10965,5471444,4949056,12332,44,198
1786395587599,12368896,8737872,8870112,1151808,8235360,0,560782,0,551155,44,3651617,28,3500822,2429,1512,10965,5471444,4949056,12332,44,198
1786395588108,12368896,8737872,8870112,1151808,8235360,0,560782,0,551155,44,3651617,28,3500822,2429,1512,10965,5471444,4949056,12332,44,198
1786395588612,12368896,8737872,8870112,1151808,8235360,0,560782,0,551155,36,3651617,24,3500822,2429,1512,10965,5471444,4949056,12332,44,198
1786395589113,12368896,8737872,8870112,1151808,8235360,0,560782,0,551155,36,3651617,24,3500822,2429,1512,10965,5471444,4949056,12332,44,198
1786395589618,12368896,8737632,8869872,1151808,8235360,0,560782,0,551155,36,3651617,24,3500822,2429,1512,10965,5471444,4949056,12332,44,198
1786395590130,12368896,8737632,8869872,1151808,8235360,0,560782,0,551155,36,3651617,24,3500822,2429,1512,10965,5471444,4949056,12332,44,198
1786395590634,12368896,8737632,8869872,1151808,8235360,0,560782,0,551155,28,3651617,19,3500822,2429,1512,10965,5471444,4949056,12332,44,198
1786395591137,12368896,8737632,8869872,1151808,8235360,0,560782,0,551155,28,3651617,19,3500822,2429,1512,10965,5471444,4949056,12332,44,198
1786395591639,12368896,8737632,8869872,1151808,8235360,0,560782,0,551155,28,3651617,19,3500822,2429,1512,10965,5471444,4949056,12332,44,198
1786395592149,12368896,8737632,8869872,1151808,8235360,0,560782,0,551155,28,3651617,19,3500822,2429,1512,10965,5471444,4949056,12332,44,198
1786395592656,12368896,8737632,8869872,1151808,8235360,0,560782,0,551155,24,3651617,16,3500822,2429,1512,10965,5471444,4949056,12332,44,198
1786395593164,12368896,8737632,8869872,1151808,8235360,0,560782,0,551155,24,3651617,16,3500822,2429,1512,10965,5471444,4949056,12332,44,198
1786395593667,12368896,8737632,8869872,1151808,8235360,0,560782,0,551155,24,3651617,16,3500822,2429,1512,10965,5471444,4949056,12332,44,198
1786395594169,12368896,8737632,8869872,1151808,8235360,0,560782,0,551155,24,3651617,16,3500822,2429,1512,10965,5471444,4949056,12332,44,198
1786395594674,12368896,8737632,8869872,1151808,8235360,0,560782,0,551155,19,3651617,13,3500822,2429,1512,10965,5471444,4949056,12332,44,198
1786395595176,12368896,8737632,8869872,1151808,8235360,0,560782,0,551155,19,3651617,13,3500822,2429,1512,10965,5471444,4949056,12332,44,198
1786395595678,12368896,8737632,8869872,1151808,8235360,0,560782,0,551155,19,3651617,13,3500822,2429,1512,10965,5471444,4949056,12332,44,198
1786395596181,12368896,8737632,8869872,1151808,8235360,0,560782,0,551155,19,3651617,13,3500822,2429,1512,10965,5471444,4949056,12332,44,198
1786395596684,12368896,8737632,8869872,1151808,8235360,0,560782,0,551155,16,3651617,10,3500822,2429,1512,10965,5471444,4949056,12332,44,198
1786395597188,12368896,8737632,8869872,1151808,8235360,0,560782,0,551155,16,3651617,10,3500822,2429,1512,10965,5471444,4949056,12332,44,198
1786395597699,12368896,8737632,8869872,1151808,8235360,0,560782,0,551155,16,3651617,10,3500822,2429,1512,10965,5471444,4949056,12332,44,198
1786395598203,12368896,8737632,8869872,1151808,8235360,0,560782,0,551155,16,3651617,10,3500822,2429,1512,10965,5471444,4949056,12332,44,198
1786395598708,12368896,8737632,8869872,1151808,8235360,0,560782,0,551155,13,3651617,8,3500822,2429,1512,10965,5471444,4949056,12332,44,198
1786395599210,12368896,8737632,8869872,1151808,8235360,0,560782,0,551155,13,3651617,8,3500822,2429,1512,10965,5471444,4949056,12332,44,198
1786395599721,12368896,8737632,8869872,1151808,8235360,0,560782,0,551155,13,3651617,8,3500822,2429,1512,10965,5471444,4949056,12332,44,198
1786395600223,12368896,8737632,8869872,1151808,8235360,0,560782,0,551155,13,3651617,8,3500822,2429,1512,10965,5471444,4949056,12332,44,198
1786395600734,12368896,8737632,8869872,1151808,8235360,0,560782,0,551155,10,3651617,7,3500822,2429,1512,10965,5471444,4949056,12332,44,198
1786395601238,12368896,8737632,8869872,1151808,8235360,0,560782,0,551155,10,3651617,7,3500822,2429,1512,10965,5471444,4949056,12332,44,198
1786395601749,12368896,8737632,8869872,1151808,8235360,0,560782,0,551155,10,3651617,7,3500822,2429,1512,10965,5471444,4949056,12332,44,198
1786395602260,12368896,8737632,8869872,1151808,8235360,0,560782,0,551155,10,3651617,7,3500822,2429,1512,10965,5471444,4949056,12332,44,198
1786395602772,12368896,8737632,8869872,1151808,8235360,0,560782,0,551155,8,3651617,5,3500822,2429,1512,10965,5471444,4949056,12332,44,198
1786395603282,12368896,8737632,8869872,1151808,8235360,0,560782,0,551155,8,3651617,5,3500822,2429,1512,10965,5471444,4949056,12332,44,198
1786395603794,12368896,8737632,8869872,1151808,8235360,0,560782,0,551155,8,3651617,5,3500822,2429,1512,10965,5471444,4949056,12332,44,198
1786395604299,12368896,8737632,8869872,1151808,8235360,0,560782,0,551155,8,3651617,5,3500822,2429,1512,10965,5471444,4949056,12332,44,198
1786395604805,12368896,8737632,8869872,1151808,8235360,0,560782,0,551155,7,3651617,4,3500822,2429,1512,10965,5471444,4949056,12332,44,198
1786395605312,12368896,8737392,8869632,1151808,8235360,0,560782,0,551155,7,3651617,4,3500822,2429,1512,10965,5471444,4949056,12332,44,198
1786395605813,12368896,8737392,8869632,1151808,8235360,0,560782,0,551155,7,3651617,4,3500822,2429,1512,10965,5471444,4949056,12332,44,198
1786395606319,12368896,8737392,8869632,1151808,8235360,0,560782,0,551155,7,3651617,4,3500822,2429,1512,10965,5471444,4949056,12332,44,198
1786395606824,12368896,8737392,8869632,1151808,8235360,0,560782,0,551155,5,3651617,3,3500822,2429,1512,10965,5471444,4949056,12332,44,198
1786395607335,12368896,8737392,8869632,1151808,8235360,0,560782,0,551155,5,3651617,3,3500822,2429,1512,10965,5471444,4949056,12332,44,198
1786395607837,12368896,8737392,8869632,1151808,8235360,0,560782,0,551155,5,3651617,3,3500822,2429,1512,10965,5471444,4949056,12332,44,198
1786395608348,12368896,8737152,8869392,1151808,8235360,0,560782,0,551155,5,3651617,3,3500822,2429,1512,10965,5471444,4949056,12332,44,198
1786395608849,12368896,8737152,8869392,1151808,8235360,0,560782,0,551155,4,3651617,3,3500822,2429,1512,10965,5471444,4949056,12332,44,198
1786395609359,12368896,8737152,8869392,1151808,8235360,0,560782,0,551155,4,3651617,3,3500822,2429,1512,10965,5471444,4949056,12332,44,198
1786395609863,12368896,8737152,8869392,1151808,8235360,0,560782,0,551155,4,3651617,3,3500822,2429,1512,10965,5471444,4949056,12332,44,198
1786395610369,12368896,8736912,8869152,1151808,8235360,0,560782,0,551155,3,3651617,2,3500822,2429,1512,10965,5471444,4949056,12332,44,198
1786395610879,12368896,8736912,8869152,1151808,8235360,0,560782,0,551155,3,3651617,2,3500822,2429,1512,10965,5471444,4949056,12332,44,198
1786395611385,12368896,8736912,8869152,1151808,8235360,0,560782,0,551155,3,3651617,2,3500822,2429,1512,10965,5471444,4949056,12332,44,198
1786395611896,12368896,8736912,8869152,1151808,8235360,0,560782,0,551155,3,3651617,2,3500822,2429,1512,10965,5471444,4949056,12332,44,198
1786395612405,12368896,8736912,8869152,1151824,8235360,0,560782,0,551155,3,3651617,2,3500822,2429,1512,10965,5471444,4949056,12332,44,198
1786395612921,12368896,8736912,8869152,1151824,8235360,0,560782,0,551155,3,3651617,2,3500822,2429,1512,10965,5471444,4949056,12332,44,198
1786395613433,12368896,8736912,8869152,1151824,8235360,0,560782,0,551155,3,3651617,2,3500822,2429,1512,10965,5471444,4949056,12332,44,198
1786395613936,12368896,8736912,8869280,1151984,8235360,0,560782,0,551155,3,3659685,2,3507458,2429,1512,10965,5471444,4949056,12332,44,198
1786395614448,12368896,8736912,8869776,1152528,8235360,0,560782,0,551155,38,3700568,38,3548341,2429,1512,10965,5471444,4949056,12332,44,198
1786395614949,12368896,8736912,8869776,1152528,8235360,0,560782,0,551155,38,3700568,38,3548341,2429,1512,10965,5471444,4949056,12332,44,198
1786395615459,12368896,8736912,8869872,1152528,8235360,0,560782,0,551155,38,3700568,38,3548341,2429,1512,10965,5471444,4949056,12332,44,198
1786395615960,12368896,8736912,8869872,1152528,8235360,0,560782,0,551155,38,3700568,38,3548341,2429,1512,10965,5471444,4949056,12332,44,198
1786395616471,12368896,8736912,8869872,1152528,8235440,0,560782,0,551155,31,3700568,31,3548341,2434,1517,10965,5471444,4949056,12332,44,198
1786395616972,12368896,8736912,8869872,1152528,8235456,0,560782,0,551155,31,3700568,31,3548341,2435,1518,10965,5471444,4949056,12332,44,198
1786395617478,12368896,8736912,8869872,1152528,8235456,0,560782,0,551155,31,3700568,31,3548341,2435,1518,10965,5471444,4949056,12332,44,198
1786395617990,12368896,8736912,8869872,1152528,8235456,0,560782,0,551155,31,3700568,31,3548341,2435,1518,10965,5471444,4949056,12332,44,198
1786395618502,12368896,8736912,8869872,1152528,8235456,0,560782,0,551155,26,3700568,25,3548341,2435,1518,10965,5471444,4949056,12332,44,198
1786395619011,12368896,8736912,8869872,1152528,8235456,0,560782,0,551155,26,3700568,25,3548341,2435,1518,10965,5471444,4949056,12332,44,198
1786395619514,12368896,8736912,8869872,1152528,8235456,0,560782,0,551155,26,3700568,25,3548341,2435,1518,10965,5471444,4949056,12332,44,198
1786395620025,12368896,8736912,8869872,1152528,8235456,0,560782,0,551155,26,3700568,25,3548341,2435,1518,10965,5471444,4949056,12332,44,198
1786395620528,12368896,8736912,8869872,1152528,8235456,0,560782,0,551155,21,3700568,20,3548341,2435,1518,10965,5471444,4949056,12332,44,198
1786395621039,12368896,8736912,8869872,1152528,8235456,0,560782,0,551155,21,3700568,20,3548341,2435,1518,10965,5471444,4949056,12332,44,198
1786395621543,12368896,8736912,8869872,1152528,8235456,0,560782,0,551155,21,3700568,20,3548341,2435,1518,10965,5471444,4949056,12332,44,198
1786395622049,12368896,8736912,8869872,1152528,8235456,0,560782,0,551155,21,3700568,20,3548341,2435,1518,10965,5471444,4949056,12332,44,198
1786395622555,12368896,8736912,8869872,1152528,8235456,0,560782,0,551155,17,3700568,16,3548341,2435,1518,10965,5471444,4949056,12332,44,198
1786395623065,12368896,8736912,8869872,1152528,8235456,0,560782,0,551155,17,3700568,16,3548341,2435,1518,10965,5471444,4949056,12332,44,198
1786395623573,12368896,8736912,8869872,1152528,8235456,0,560782,0,551155,17,3700568,16,3548341,2435,1518,10965,5471444,4949056,12332,44,198
1786395624085,12368896,8736912,8869872,1152528,8235456,0,560782,0,551155,17,3700568,16,3548341,2435,1518,10965,5471444,4949056,12332,44,198
1786395624593,12368896,8736912,8869872,1152528,8235456,0,560782,0,551155,14,3700568,13,3548341,2435,1518,10965,5471444,4949056,12332,44,198
1786395625097,12368896,8736912,8869872,1152528,8235456,0,560782,0,551155,14,3700568,13,3548341,2435,1518,10965,5471444,4949056,12332,44,198
1786395625599,12368896,8736912,8869872,1152528,8235456,0,560782,0,551155,14,3700568,13,3548341,2435,1518,10965,5471444,4949056,12332,44,198
1786395626102,12368896,8736912,8869872,1152528,8235456,0,560782,0,551155,14,3700568,13,3548341,2435,1518,10965,5471444,4949056,12332,44,198
1786395626613,12368896,8736912,8869872,1152528,8235456,0,560782,0,551155,11,3700568,11,3548341,2435,1518,10965,5471444,4949056,12332,44,198
1786395627124,12368896,8736912,8869872,1152528,8235456,0,560782,0,551155,11,3700568,11,3548341,2435,1518,10965,5471444,4949056,12332,44,198
1786395627636,12368896,8736912,8869872,1152528,8235456,0,560782,0,551155,11,3700568,11,3548341,2435,1518,10965,5471444,4949056,12332,44,198
1786395628148,12368896,8736912,8869872,1152528,8235456,0,560782,0,551155,11,3700568,11,3548341,2435,1518,10965,5471444,4949056,12332,44,198
1786395628658,12368896,8736912,8869872,1152528,8235456,0,560782,0,551155,9,3700568,9,3548341,2435,1518,10965,5471444,4949056,12332,44,198
1786395629168,12368896,8736912,8869872,1152528,8235456,0,560782,0,551155,9,3700568,9,3548341,2435,1518,10965,5471444,4949056,12332,44,198
1786395629672,12368896,8736912,8869872,1152528,8235456,0,560782,0,551155,9,3700568,9,3548341,2435,1518,10965,5471444,4949056,12332,44,198
1786395630180,12368896,8736912,8869872,1152528,8235456,0,560782,0,551155,9,3700568,9,3548341,2435,1518,10965,5471444,4949056,12332,44,198
1786395630681,12368896,8736912,8869872,1152528,8235456,0,560782,0,551155,7,3700568,7,3548341,2435,1518,10965,5471444,4949056,12332,44,198
1786395631193,12368896,8736912,8869872,1152528,8235456,0,560782,0,551155,7,3700568,7,3548341,2435,1518,10965,5471444,4949056,12332,44,198
1786395631699,12368896,8736912,8869872,1152528,8235456,0,560782,0,551155,7,3700568,7,3548341,2435,1518,10965,5471444,4949056,12332,44,198
1786395632204,12368896,8736912,8869872,1152528,8235456,0,560782,0,551155,7,3700568,7,3548341,2435,1518,10965,5471444,4949056,12332,44,198
1786395632713,12368896,8736912,8869872,1152528,8235456,0,560782,0,551155,6,3700568,6,3548341,2435,1518,10965,5471444,4949056,12332,44,198
1786395633219,12368896,8736912,8869872,1152528,8236224,0,560782,0,551155,6,3700568,6,3548341,2444,1527,10965,5471444,4949056,12332,44,198
1786395633726,12368896,8736912,8869856,1152528,8236224,0,560782,0,551155,6,3700568,6,3548341,2444,1527,10965,5471444,4949056,12332,44,198
1786395634231,12368896,8736912,8869856,1152528,8236224,0,560782,0,551155,6,3700568,6,3548341,2444,1527,10965,5471444,4949056,12332,44,198
1786395634740,12368896,8736912,8869856,1152528,8236224,0,560782,0,551155,5,3700568,5,3548341,2444,1527,10965,5471444,4949056,12332,44,198
1786395635249,12368896,8736912,8869856,1152528,8236224,0,560782,0,551155,5,3700568,5,3548341,2444,1527,10965,5471444,4949056,12332,44,198
1786395635755,12368896,8727072,8864416,1156864,8238272,0,560783,0,551156,5,3711027,5,3558095,2577,1655,10965,5471444,4949056,12332,44,198
1786395636257,12368896,8727072,8864416,1156896,8238272,0,560783,0,551156,5,3711027,5,3558095,2577,1655,10965,5471444,4949056,12332,44,198
1786395636767,12368896,8726832,8864432,1157168,8238272,0,560783,0,551156,4,3711027,4,3558095,2577,1655,10965,5471444,4949056,12332,44,198
1786395637276,12368896,8726832,8864464,1157168,8238272,0,560783,0,551156,4,3711027,4,3558095,2577,1655,10965,5471444,4949056,12332,44,198
1786395637780,12368896,8726592,8864224,1157168,8238272,0,560783,0,551156,4,3711027,4,3558095,2577,1655,10965,5471444,4949056,12332,44,198
1786395638281,12368896,8726592,8864224,1157168,8238272,0,560783,0,551156,4,3711027,4,3558095,2577,1655,10965,5471444,4949056,12332,44,198
1786395638785,12368896,8726592,8864224,1157168,8238272,0,560783,0,551156,3,3711027,3,3558095,2577,1655,10965,5471444,4949056,12332,44,198
1786395639291,12368896,8726592,8864224,1157168,8238272,0,560783,0,551156,3,3711027,3,3558095,2577,1655,10965,5471444,4949056,12332,44,198
1786395639794,12368896,8726592,8864224,1157168,8238272,0,560783,0,551156,3,3711027,3,3558095,2577,1655,10965,5471444,4949056,12332,44,198
1786395640301,12368896,8726592,8864224,1157168,8238272,0,560783,0,551156,3,3711027,3,3558095,2577,1655,10965,5471444,4949056,12332,44,198
1786395640815,12368896,8726592,8864224,1157168,8238272,0,560783,0,551156,2,3711027,2,3558095,2577,1655,10965,5471444,4949056,12332,44,198
1786395641326,12368896,8726352,8863984,1157168,8238272,0,560783,0,551156,2,3711027,2,3558095,2577,1655,10965,5471444,4949056,12332,44,198
1786395641838,12368896,8726352,8863984,1157168,8238272,0,560783,0,551156,2,3711027,2,3558095,2577,1655,10965,5471444,4949056,12332,44,198
1786395642349,12368896,8726352,8863984,1157168,8238272,0,560783,0,551156,2,3711027,2,3558095,2577,1655,10965,5471444,4949056,12332,44,198
1786395642859,12368896,8726352,8863984,1157168,8238272,0,560783,0,551156,2,3711027,2,3558095,2577,1655,10965,5471444,4949056,12332,44,198
1786395643361,12368896,8726112,8863744,1157200,8238288,0,560783,0,551156,2,3712065,2,3559133,2579,1656,10965,5471444,4949056,12332,44,198
1786395643868,12368896,8726112,8863744,1157200,8238288,0,560783,0,551156,2,3712065,2,3559133,2579,1656,10965,5471444,4949056,12332,44,198
1786395644371,12368896,8726112,8863792,1157200,8238288,0,560783,0,551156,2,3712065,2,3559133,2579,1656,10965,5471444,4949056,12332,44,198
1786395644876,12368896,8726112,8863792,1157200,8238288,0,560783,0,551156,1,3712065,1,3559133,2579,1656,10965,5471444,4949056,12332,44,198
1786395645378,12368896,8726112,8863792,1157200,8238288,0,560783,0,551156,1,3712065,1,3559133,2579,1656,10965,5471444,4949056,12332,44,198
1786395645888,12368896,8725872,8863552,1157200,8238288,0,560783,0,551156,1,3712065,1,3559133,2579,1656,10965,5471444,4949056,12332,44,198
1786395646394,12368896,8725872,8863552,1157200,8238288,0,560783,0,551156,1,3712065,1,3559133,2579,1656,10965,5471444,4949056,12332,44,198
1786395646895,12368896,8725872,8863552,1157200,8238288,0,560783,0,551156,1,3712065,1,3559133,2579,1656,10965,5471444,4949056,12332,44,198
1786395647405,12368896,8725872,8863552,1157200,8238288,0,560783,0,551156,1,3712065,1,3559133,2579,1656,10965,5471444,4949056,12332,44,198
1786395647910,12368896,8725632,8863312,1157200,8238288,0,560783,0,551156,1,3712065,1,3559133,2579,1656,10965,5471444,4949056,12332,44,198
1786395648420,12368896,8725632,8863312,1157200,8238288,0,560783,0,551156,1,3712065,1,3559133,2579,1656,10965,5471444,4949056,12332,44,198
1786395648930,12368896,8725632,8863312,1157200,8238288,0,560783,0,551156,1,3712065,1,3559133,2579,1656,10965,5471444,4949056,12332,44,198
1786395649433,12368896,8725632,8863312,1157200,8238288,0,560783,0,551156,1,3712065,1,3559133,2579,1656,10965,5471444,4949056,12332,44,198
1786395649943,12368896,8725632,8863312,1157200,8238288,0,560783,0,551156,1,3712065,1,3559133,2579,1656,10965,5471444,4949056,12332,44,198
1786395650447,12368896,8725392,8863072,1157200,8238288,0,560783,0,551156,0,3712065,0,3559133,2579,1656,10965,5471444,4949056,12332,44,198
1786395650950,12368896,8725392,8863072,1157200,8238288,0,560783,0,551156,0,3712065,0,3559133,2579,1656,10965,5471444,4949056,12332,44,198
1786395651454,12368896,8724672,8862352,1157200,8238288,0,560783,0,551156,0,3712065,0,3559133,2579,1656,10965,5471444,4949056,12332,44,198
1786395651959,12368896,8724672,8862352,1157200,8238288,0,560783,0,551156,0,3712065,0,3559133,2579,1656,10965,5471444,4949056,12332,44,198
1786395652465,12368896,8724432,8862112,1157200,8238288,0,560783,0,551156,0,3712065,0,3559133,2579,1656,10965,5471444,4949056,12332,44,198
1786395652968,12368896,8724432,8862112,1157200,8238288,0,560783,0,551156,0,3712065,0,3559133,2579,1656,10965,5471444,4949056,12332,44,198
1786395653469,12368896,8724432,8862112,1157200,8238288,0,560783,0,551156,0,3712065,0,3559133,2579,1656,10965,5471444,4949056,12332,44,198
1786395653970,12368896,8724432,8862112,1157200,8238288,0,560783,0,551156,0,3712065,0,3559133,2579,1656,10965,5471444,4949056,12332,44,198
1786395654473,12368896,8723952,8861632,1157200,8238288,0,560783,0,551156,0,3712065,0,3559133,2579,1656,10965,5471444,4949056,12332,44,198
1786395654984,12368896,8723952,8861632,1157200,8238288,0,560783,0,551156,0,3712065,0,3559133,2579,1656,10965,5471444,4949056,12332,44,198
1786395655488,12368896,8723952,8861632,1157200,8238288,0,560783,0,551156,0,3712065,0,3559133,2579,1656,10965,5471444,4949056,12332,44,198
1786395655993,12368896,8723952,8861632,1157200,8238288,0,560783,0,551156,0,3712065,0,3559133,2579,1656,10965,5471444,4949056,12332,44,198
1786395656504,12368896,8723952,8861632,1157200,8238288,0,560783,0,551156,0,3712065,0,3559133,2579,1656,10965,5471444,4949056,12332,44,198
1786395657005,12368896,8723472,8861152,1157200,8238288,0,560783,0,551156,0,3712065,0,3559133,2579,1656,10965,5471444,4949056,12332,44,198
1786395657511,12368896,8723472,8861152,1157200,8238288,0,560783,0,551156,0,3712065,0,3559133,2579,1656,10965,5471444,4949056,12332,44,198
1786395658014,12368896,8723472,8861152,1157200,8238288,0,560783,0,551156,0,3712065,0,3559133,2579,1656,10965,5471444,4949056,12332,44,198
1786395658522,12368896,8723472,8861152,1157200,8238288,0,560783,0,551156,0,3712065,0,3559133,2579,1656,10965,5471444,4949056,12332,44,198
1786395659024,12368896,8723472,8861152,1157200,8238288,0,560783,0,551156,0,3712065,0,3559133,2579,1656,10965,5471444,4949056,12332,44,198
1786395659534,12368896,8723472,8861152,1157200,8238288,0,560783,0,551156,0,3712065,0,3559133,2579,1656,10965,5471444,4949056,12332,44,198
1786395660035,12368896,8723472,8861152,1157200,8238288,0,560783,0,551156,0,3712065,0,3559133,2579,1656,10965,5471444,4949056,12332,44,198
1786395660538,12368896,8720592,8862368,1161744,8238304,0,560783,0,551156,0,3713607,0,3560353,2586,1658,10965,5471444,4949056,12332,44,198
1786395661044,12368896,8720592,8862368,1161760,8238304,0,560783,0,551156,0,3713607,0,3560353,2586,1658,10965,5471444,4949056,12332,44,198
1786395661545,12368896,8720592,8862832,1161760,8238304,0,560783,0,551156,0,3713607,0,3560353,2586,1658,10965,5471444,4949056,12332,44,198
1786395662049,12368896,8720592,8862832,1161760,8238304,0,560783,0,551156,0,3713607,0,3560353,2586,1658,10965,5471444,4949056,12332,44,198
1786395662550,12368896,8720592,8862832,1161760,8238304,0,560783,0,551156,0,3713607,0,3560353,2586,1658,10965,5471444,4949056,12332,44,198
1786395663056,12368896,8720592,8862832,1161760,8238304,0,560783,0,551156,0,3713607,0,3560353,2586,1658,10965,5471444,4949056,12332,44,198
1786395663566,12368896,8720592,8862832,1161760,8238304,0,560783,0,551156,0,3713607,0,3560353,2586,1658,10965,5471444,4949056,12332,44,198
1786395664068,12368896,8720592,8862832,1161760,8238304,0,560783,0,551156,0,3713607,0,3560353,2586,1658,10965,5471444,4949056,12332,44,198
1786395664569,12368896,8720592,8862832,1161760,8238304,0,560783,0,551156,0,3713607,0,3560353,2586,1658,10965,5471444,4949056,12332,44,198
1786395665074,12368896,8720592,8862832,1161760,8238304,0,560783,0,551156,0,3713607,0,3560353,2586,1658,10965,5471444,4949056,12332,44,198
1786395665581,12368896,8720592,8862832,1161760,8238304,0,560783,0,551156,0,3713607,0,3560353,2586,1658,10965,5471444,4949056,12332,44,198
1786395666082,12368896,8720592,8862832,1161760,8238304,0,560783,0,551156,0,3713607,0,3560353,2586,1658,10965,5471444,4949056,12332,44,198
1786395666586,12368896,8719872,8862528,1162320,8238304,0,560783,0,551156,18,3742797,18,3589244,2586,1658,10965,5471444,4949056,12332,44,198
1786395667096,12368896,8719872,8862608,1162352,8238304,0,560783,0,551156,18,3742797,18,3589244,2586,1658,10965,5471444,4949056,12332,44,198
1786395667600,12368896,8719872,8862736,1162480,8238304,0,560783,0,551156,18,3742797,18,3589244,2586,1658,10965,5471444,4949056,12332,44,198
1786395668111,12368896,8719872,8862736,1162480,8238304,0,560783,0,551156,18,3742797,18,3589244,2586,1658,10965,5471444,4949056,12332,44,198
1786395668614,12368896,8719872,8862736,1162480,8238304,0,560783,0,551156,14,3742797,14,3589244,2586,1658,10965,5471444,4949056,12332,44,198
1786395669121,12368896,8719872,8862832,1162480,8238304,0,560783,0,551156,14,3742797,14,3589244,2586,1658,10965,5471444,4949056,12332,44,198
1786395669624,12368896,8719872,8862832,1162480,8238304,0,560783,0,551156,14,3742797,14,3589244,2586,1658,10965,5471444,4949056,12332,44,198
1786395670129,12368896,8719872,8862832,1162480,8238304,0,560783,0,551156,14,3742797,14,3589244,2586,1658,10965,5471444,4949056,12332,44,198
1786395670631,12368896,8719872,8862832,1162480,8238304,0,560783,0,551156,12,3742797,12,3589244,2586,1658,10965,5471444,4949056,12332,44,198
1786395671138,12368896,8719872,8862832,1162480,8238304,0,560783,0,551156,12,3742797,12,3589244,2586,1658,10965,5471444,4949056,12332,44,198
1786395671649,12368896,8719872,8862832,1162480,8238304,0,560783,0,551156,12,3742797,12,3589244,2586,1658,10965,5471444,4949056,12332,44,198
1786395672161,12368896,8719872,8862832,1162480,8238304,0,560783,0,551156,12,3742797,12,3589244,2586,1658,10965,5471444,4949056,12332,44,198
1786395672664,12368896,8719872,8862832,1162496,8238304,0,560783,0,551156,9,3742797,9,3589244,2586,1658,10965,5471444,4949056,12332,44,198
1786395673170,12368896,8719872,8862832,1162496,8238304,0,560783,0,551156,9,3742797,9,3589244,2586,1658,10965,5471444,4949056,12332,44,198
1786395673681,12368896,8719392,8862352,1162496,8238304,0,560783,0,551156,9,3742797,9,3589244,2586,1658,10965,5471444,4949056,12332,44,198
1786395674186,12368896,8719392,8862352,1162496,8238304,0,560783,0,551156,9,3742797,9,3589244,2586,1658,10965,5471444,4949056,12332,44,198
1786395674687,12368896,8719392,8862352,1162496,8238304,0,560783,0,551156,8,3742797,8,3589244,2586,1658,10965,5471444,4949056,12332,44,198
1786395675188,12368896,8719392,8862352,1162496,8238304,0,560783,0,551156,8,3742797,8,3589244,2586,1658,10965,5471444,4949056,12332,44,198
1786395675697,12368896,8719152,8862112,1162496,8238304,0,560783,0,551156,8,3742797,8,3589244,2586,1658,10965,5471444,4949056,12332,44,198
1786395676209,12368896,8719152,8862112,1162496,8238304,0,560783,0,551156,8,3742797,8,3589244,2586,1658,10965,5471444,4949056,12332,44,198
1786395676712,12368896,8719152,8862112,1162496,8238304,0,560783,0,551156,6,3742797,6,3589244,2586,1658,10965,5471444,4949056,12332,44,198
1786395677222,12368896,8719152,8862112,1162496,8238304,0,560783,0,551156,6,3742797,6,3589244,2586,1658,10965,5471444,4949056,12332,44,198
1786395677723,12368896,8719152,8862112,1162496,8238304,0,560783,0,551156,6,3742797,6,3589244,2586,1658,10965,5471444,4949056,12332,44,198
1786395678227,12368896,8719152,8862112,1162496,8238304,0,560783,0,551156,6,3742797,6,3589244,2586,1658,10965,5471444,4949056,12332,44,198
1786395678729,12368896,8718912,8861872,1162496,8238304,0,560783,0,551156,5,3742797,5,3589244,2586,1658,10965,5471444,4949056,12332,44,198
1786395679235,12368896,8718672,8861632,1162496,8238304,0,560783,0,551156,5,3742797,5,3589244,2586,1658,10965,5471444,4949056,12332,44,198
1786395679745,12368896,8718672,8861632,1162496,8238304,0,560783,0,551156,5,3742797,5,3589244,2586,1658,10965,5471444,4949056,12332,44,198
1786395680258,12368896,8718672,8861632,1162496,8238304,0,560783,0,551156,5,3742797,5,3589244,2586,1658,10965,5471444,4949056,12332,44,198
1786395680763,12368896,8718672,8861632,1162496,8238304,0,560783,0,551156,4,3742797,4,3589244,2586,1658,10965,5471444,4949056,12332,44,198
1786395681274,12368896,8718432,8861392,1162496,8238304,0,560783,0,551156,4,3742797,4,3589244,2586,1658,10965,5471444,4949056,12332,44,198
1786395681778,12368896,8718432,8861392,1162496,8238304,0,560783,0,551156,4,3742797,4,3589244,2586,1658,10965,5471444,4949056,12332,44,198
1786395682290,12368896,8718432,8861392,1162496,8238304,0,560783,0,551156,4,3742797,4,3589244,2586,1658,10965,5471444,4949056,12332,44,198
1786395682800,12368896,8718432,8861392,1162496,8238304,0,560783,0,551156,3,3742797,3,3589244,2586,1658,10965,5471444,4949056,12332,44,198
1786395683311,12368896,8718432,8861392,1162496,8238304,0,560783,0,551156,3,3742797,3,3589244,2586,1658,10965,5471444,4949056,12332,44,198
1786395683813,12368896,8718432,8861392,1162496,8238304,0,560783,0,551156,3,3742797,3,3589244,2586,1658,10965,5471444,4949056,12332,44,198
1786395684324,12368896,8718432,8861392,1162496,8238304,0,560783,0,551156,3,3742797,3,3589244,2586,1658,10965,5471444,4949056,12332,44,198
1786395684837,12368896,8717952,8860912,1162496,8238304,0,560783,0,551156,2,3742797,2,3589244,2586,1658,10965,5471444,4949056,12332,44,198
1786395685344,12368896,8717952,8860912,1162496,8238304,0,560783,0,551156,2,3742797,2,3589244,2586,1658,10965,5471444,4949056,12332,44,198
1786395685849,12368896,8717952,8860912,1162496,8238304,0,560783,0,551156,2,3742797,2,3589244,2586,1658,10965,5471444,4949056,12332,44,198
1786395686363,12368896,8717952,8860912,1162496,8238304,0,560783,0,551156,2,3742797,2,3589244,2586,1658,10965,5471444,4949056,12332,44,198
1786395686868,12368896,8717952,8860912,1162496,8238304,0,560783,0,551156,2,3742797,2,3589244,2586,1658,10965,5471444,4949056,12332,44,198
1786395687374,12368896,8717952,8860912,1162496,8238304,0,560783,0,551156,2,3742797,2,3589244,2586,1658,10965,5471444,4949056,12332,44,198
1786395687876,12368896,8717952,8860912,1162496,8238304,0,560783,0,551156,2,3742797,2,3589244,2586,1658,10965,5471444,4949056,12332,44,198
1786395688378,12368896,8717472,8860432,1162496,8238304,0,560783,0,551156,2,3742797,2,3589244,2586,1658,10965,5471444,4949056,12332,44,198
1786395688889,12368896,8717472,8860432,1162496,8238304,0,560783,0,551156,1,3742797,1,3589244,2586,1658,10965,5471444,4949056,12332,44,198
1786395689399,12368896,8717472,8860432,1162496,8238304,0,560783,0,551156,1,3742797,1,3589244,2586,1658,10965,5471444,4949056,12332,44,198
1786395689911,12368896,8717472,8860432,1162496,8238304,0,560783,0,551156,1,3742797,1,3589244,2586,1658,10965,5471444,4949056,12332,44,198
1786395690429,12368896,8717472,8860432,1162496,8238304,0,560783,0,551156,1,3742797,1,3589244,2586,1658,10965,5471444,4949056,12332,44,198
1786395690939,12368896,8717472,8860432,1162496,8238304,0,560783,0,551156,1,3742797,1,3589244,2586,1658,10965,5471444,4949056,12332,44,198
1786395691452,12368896,8717472,8860432,1162496,8238304,0,560783,0,551156,1,3742797,1,3589244,2586,1658,10965,5471444,4949056,12332,44,198
1786395691964,12368896,8717472,8860432,1162496,8238304,0,560783,0,551156,1,3742797,1,3589244,2586,1658,10965,5471444,4949056,12332,44,198
1786395692469,12368896,8717472,8860432,1162496,8238304,0,560783,0,551156,1,3742797,1,3589244,2586,1658,10965,5471444,4949056,12332,44,198
1786395692978,12368896,8717472,8860464,1162528,8238320,0,560783,0,551156,1,3742797,1,3589244,2587,1659,10965,5471444,4949056,12332,44,198
1786395693481,12368896,8717472,8860464,1162528,8238320,0,560783,0,551156,1,3742797,1,3589244,2587,1659,10965,5471444,4949056,12332,44,198
1786395693993,12368896,8717472,8860464,1162528,8238320,0,560783,0,551156,1,3742797,1,3589244,2587,1659,10965,5471444,4949056,12332,44,198
1786395694501,12368896,8717472,8860480,1162528,8238320,0,560783,0,551156,0,3742797,0,3589244,2587,1659,10965,5471444,4949056,12332,44,198
1786395695005,12368896,8717472,8860480,1162528,8238320,0,560783,0,551156,0,3742797,0,3589244,2587,1659,10965,5471444,4949056,12332,44,198
1786395695514,12368896,8717472,8860480,1162528,8238320,0,560783,0,551156,0,3742797,0,3589244,2587,1659,10965,5471444,4949056,12332,44,198
1786395696024,12368896,8717472,8860480,1162528,8238320,0,560783,0,551156,0,3742797,0,3589244,2587,1659,10965,5471444,4949056,12332,44,198
1786395696528,12368896,8717472,8860480,1162528,8238320,0,560783,0,551156,0,3742797,0,3589244,2587,1659,10965,5471444,4949056,12332,44,198
1786395697035,12368896,8717472,8860480,1162768,8238320,0,560783,0,551156,0,3765445,0,3611832,2587,1659,10965,5471444,4949056,12332,44,198
1786395697548,12368896,8717472,8860480,1162768,8238320,0,560783,0,551156,0,3765445,0,3611832,2587,1659,10965,5471444,4949056,12332,44,198
1786395698049,12368896,8716992,8860000,1162768,8238320,0,560783,0,551156,0,3765445,0,3611832,2587,1659,10965,5471444,4949056,12332,44,198
1786395698562,12368896,8716992,8860000,1162768,8238320,0,560783,0,551156,18,3765445,18,3611832,2587,1659,10965,5471444,4949056,12332,44,198
1786395699069,12368896,8716752,8859760,1162768,8238320,0,560783,0,551156,18,3765445,18,3611832,2587,1659,10965,5471444,4949056,12332,44,198
1786395699571,12368896,8716752,8860000,1162768,8238320,0,560783,0,551156,18,3765445,18,3611832,2587,1659,10965,5471444,4949056,12332,44,198
1786395700082,12368896,8716752,8860000,1162768,8238320,0,560783,0,551156,18,3765445,18,3611832,2587,1659,10965,5471444,4949056,12332,44,198
1786395700593,12368896,8716752,8860000,1162768,8238320,0,560783,0,551156,15,3765445,15,3611832,2587,1659,10965,5471444,4949056,12332,44,198
1786395701102,12368896,8716752,8860000,1162768,8238320,0,560783,0,551156,15,3765445,15,3611832,2587,1659,10965,5471444,4949056,12332,44,198
1786395701607,12368896,8716752,8860000,1162768,8238320,0,560783,0,551156,15,3765445,15,3611832,2587,1659,10965,5471444,4949056,12332,44,198
1786395702119,12368896,8716752,8860000,1162768,8238320,0,560783,0,551156,15,3765445,15,3611832,2587,1659,10965,5471444,4949056,12332,44,198
1786395702630,12368896,8716512,8859760,1162768,8238320,0,560783,0,551156,12,3765445,12,3611832,2587,1659,10965,5471444,4949056,12332,44,198
1786395703140,12368896,8716512,8859760,1162768,8238320,0,560783,0,551156,12,3765445,12,3611832,2587,1659,10965,5471444,4949056,12332,44,198
1786395703649,12368896,8716512,8859760,1162768,8238320,0,560783,0,551156,12,3765445,12,3611832,2587,1659,10965,5471444,4949056,12332,44,198
1786395704159,12368896,8716512,8859760,1162768,8238320,0,560783,0,551156,12,3765445,12,3611832,2587,1659,10965,5471444,4949056,12332,44,198
1786395704668,12368896,8716272,8859520,1162768,8238320,0,560783,0,551156,10,3765445,10,3611832,2587,1659,10965,5471444,4949056,12332,44,198
1786395705171,12368896,8716272,8859520,1162768,8238320,0,560783,0,551156,10,3765445,10,3611832,2587,1659,10965,5471444,4949056,12332,44,198
1786395705688,12368896,8716272,8859520,1162768,8238320,0,560783,0,551156,10,3765445,10,3611832,2587,1659,10965,5471444,4949056,12332,44,198
1786395706190,12368896,8716272,8859520,1162768,8238320,0,560783,0,551156,10,3765445,10,3611832,2587,1659,10965,5471444,4949056,12332,44,198
1786395706700,12368896,8716272,8859520,1162768,8238320,0,560783,0,551156,8,3765445,8,3611832,2587,1659,10965,5471444,4949056,12332,44,198
1786395707211,12368896,8715792,8859040,1162768,8238320,0,560783,0,551156,8,3765445,8,3611832,2587,1659,10965,5471444,4949056,12332,44,198
1786395707713,12368896,8715792,8859040,1162768,8238320,0,560783,0,551156,8,3765445,8,3611832,2587,1659,10965,5471444,4949056,12332,44,198
1786395708222,12368896,8715552,8858800,1162768,8238320,0,560783,0,551156,8,3765445,8,3611832,2587,1659,10965,5471444,4949056,12332,44,198
1786395708730,12368896,8715552,8858800,1162768,8238320,0,560783,0,551156,6,3765445,6,3611832,2587,1659,10965,5471444,4949056,12332,44,198
1786395709236,12368896,8715552,8858800,1162768,8238320,0,560783,0,551156,6,3765445,6,3611832,2587,1659,10965,5471444,4949056,12332,44,198
1786395709747,12368896,8715552,8858800,1162768,8238320,0,560783,0,551156,6,3765445,6,3611832,2587,1659,10965,5471444,4949056,12332,44,198
1786395710249,12368896,8715312,8858560,1162768,8238320,0,560783,0,551156,6,3765445,6,3611832,2587,1659,10965,5471444,4949056,12332,44,198
1786395710750,12368896,8715312,8858560,1162768,8238320,0,560783,0,551156,5,3765445,5,3611832,2587,1659,10965,5471444,4949056,12332,44,198
1786395711251,12368896,8715072,8858304,1162768,8239008,0,560783,0,551156,5,3765445,5,3611832,2593,1665,10965,5471444,4949056,12332,44,198
1786395711761,12368896,8715072,8858304,1162768,8239008,0,560783,0,551156,5,3765445,5,3611832,2593,1665,10965,5471444,4949056,12332,44,198
1786395712268,12368896,8715072,8858304,1162768,8239008,0,560783,0,551156,5,3765445,5,3611832,2593,1665,10965,5471444,4949056,12332,44,198
1786395712773,12368896,8715072,8858304,1162768,8239008,0,560783,0,551156,4,3765445,4,3611832,2593,1665,10965,5471444,4949056,12332,44,198
1786395713279,12368896,8715072,8858304,1162768,8239008,0,560783,0,551156,4,3765445,4,3611832,2593,1665,10965,5471444,4949056,12332,44,198
1786395713792,12368896,8715072,8858320,1162768,8239008,0,560783,0,551156,4,3765445,4,3611832,2593,1665,10965,5471444,4949056,12332,44,198
1786395714293,12368896,8715072,8858320,1162768,8239008,0,560783,0,551156,4,3765445,4,3611832,2593,1665,10965,5471444,4949056,12332,44,198
1786395714805,12368896,8714592,8857840,1162768,8239008,0,560783,0,551156,3,3765445,3,3611832,2593,1665,10965,5471444,4949056,12332,44,198
1786395715315,12368896,8714592,8857840,1162768,8239008,0,560783,0,551156,3,3765445,3,3611832,2593,1665,10965,5471444,4949056,12332,44,198
1786395715817,12368896,8714592,8857840,1162768,8239008,0,560783,0,551156,3,3765445,3,3611832,2593,1665,10965,5471444,4949056,12332,44,198
1786395716328,12368896,8713872,8857120,1162768,8239008,0,560783,0,551156,3,3765445,3,3611832,2593,1665,10965,5471444,4949056,12332,44,198
1786395716830,12368896,8713872,8857120,1162768,8239008,0,560783,0,551156,3,3765445,3,3611832,2593,1665,10965,5471444,4949056,12332,44,198
1786395717340,12368896,8713872,8857120,1162768,8239008,0,560783,0,551156,3,3765445,3,3611832,2593,1665,10965,5471444,4949056,12332,44,198
1786395717849,12368896,8713872,8857120,1162768,8239008,0,560783,0,551156,3,3765445,3,3611832,2593,1665,10965,5471444,4949056,12332,44,198
1786395718353,12368896,8713872,8857120,1162768,8239008,0,560783,0,551156,3,3765445,3,3611832,2593,1665,10965,5471444,4949056,12332,44,198
1786395718858,12368896,8713872,8857120,1162768,8239008,0,560783,0,551156,2,3765445,2,3611832,2593,1665,10965,5471444,4949056,12332,44,198
1786395719368,12368896,8713872,8857120,1162768,8239008,0,560783,0,551156,2,3765445,2,3611832,2593,1665,10965,5471444,4949056,12332,44,198
1786395719871,12368896,8713872,8857120,1162768,8239008,0,560783,0,551156,2,3765445,2,3611832,2593,1665,10965,5471444,4949056,12332,44,198
1786395720383,12368896,8713872,8857120,1162768,8239008,0,560783,0,551156,2,3765445,2,3611832,2593,1665,10965,5471444,4949056,12332,44,198
1786395720893,12368896,8713872,8857120,1162768,8239008,0,560783,0,551156,1,3765445,1,3611832,2593,1665,10965,5471444,4949056,12332,44,198
1786395721395,12368896,8713872,8857120,1162768,8239008,0,560783,0,551156,1,3765445,1,3611832,2593,1665,10965,5471444,4949056,12332,44,198
1786395721900,12368896,8713872,8857120,1162768,8239008,0,560783,0,551156,1,3765445,1,3611832,2593,1665,10965,5471444,4949056,12332,44,198
1786395722410,12368896,8713872,8857120,1162768,8239008,0,560783,0,551156,1,3765445,1,3611832,2593,1665,10965,5471444,4949056,12332,44,198
1786395722913,12368896,8713872,8857120,1162768,8239008,0,560783,0,551156,1,3765445,1,3611832,2593,1665,10965,5471444,4949056,12332,44,198
1786395723418,12368896,8713872,8857120,1162768,8239008,0,560783,0,551156,1,3765445,1,3611832,2593,1665,10965,5471444,4949056,12332,44,198
1786395723922,12368896,8713872,8857120,1162768,8239008,0,560783,0,551156,1,3765445,1,3611832,2593,1665,10965,5471444,4949056,12332,44,198
1786395724434,12368896,8713872,8857120,1162768,8239008,0,560783,0,551156,1,3765445,1,3611832,2593,1665,10965,5471444,4949056,12332,44,198
1786395724946,12368896,8713872,8857120,1162768,8239008,0,560783,0,551156,1,3765445,1,3611832,2593,1665,10965,5471444,4949056,12332,44,198
1786395725449,12368896,8713872,8857120,1162768,8239008,0,560783,0,551156,1,3765445,1,3611832,2593,1665,10965,5471444,4949056,12332,44,198
1786395725951,12368896,8713872,8857120,1162768,8239008,0,560783,0,551156,1,3765445,1,3611832,2593,1665,10965,5471444,4949056,12332,44,198
1786395726452,12368896,8713872,8857120,1162768,8239008,0,560783,0,551156,1,3765445,1,3611832,2593,1665,10965,5471444,4949056,12332,44,198
1786395726962,12368896,8713872,8857120,1162768,8239008,0,560783,0,551156,1,3765445,1,3611832,2593,1665,10965,5471444,4949056,12332,44,198
1786395727474,12368896,8713872,8857120,1162768,8239008,0,560783,0,551156,1,3765445,1,3611832,2593,1665,10965,5471444,4949056,12332,44,198
1786395727976,12368896,8713872,8857120,1162768,8239008,0,560783,0,551156,1,3765445,1,3611832,2593,1665,10965,5471444,4949056,12332,44,198
1786395728489,12368896,8713872,8857120,1162768,8239008,0,560783,0,551156,0,3765445,0,3611832,2593,1665,10965,5471444,4949056,12332,44,198
1786395729000,12368896,8713872,8857120,1162768,8239008,0,560783,0,551156,0,3765445,0,3611832,2593,1665,10965,5471444,4949056,12332,44,198
1786395729511,12368896,8713872,8857120,1162768,8239008,0,560783,0,551156,0,3765445,0,3611832,2593,1665,10965,5471444,4949056,12332,44,198
1786395730022,12368896,8713872,8857120,1162768,8239008,0,560783,0,551156,0,3765445,0,3611832,2593,1665,10965,5471444,4949056,12332,44,198
1786395730532,12368896,8713872,8857120,1162768,8239008,0,560783,0,551156,0,3765445,0,3611832,2593,1665,10965,5471444,4949056,12332,44,198
1786395731042,12368896,8713872,8857120,1162768,8239008,0,560783,0,551156,0,3765445,0,3611832,2593,1665,10965,5471444,4949056,12332,44,198
1786395731543,12368896,8713872,8857120,1162768,8239008,0,560783,0,551156,0,3765445,0,3611832,2593,1665,10965,5471444,4949056,12332,44,198
1786395732050,12368896,8713872,8857120,1162768,8239008,0,560783,0,551156,0,3765445,0,3611832,2593,1665,10965,5471444,4949056,12332,44,198
1786395732562,12368896,8713872,8857120,1162784,8239008,0,560783,0,551156,0,3765445,0,3611832,2593,1665,10965,5471444,4949056,12332,44,198
1786395733070,12368896,8713872,8857120,1162784,8239008,0,560783,0,551156,0,3765445,0,3611832,2593,1665,10965,5471444,4949056,12332,44,198
1786395733581,12368896,8713872,8857120,1162784,8239008,0,560783,0,551156,0,3765445,0,3611832,2593,1665,10965,5471444,4949056,12332,44,198
1786395734087,12368896,8713872,8857120,1162784,8239008,0,560783,0,551156,0,3765445,0,3611832,2593,1665,10965,5471444,4949056,12332,44,198
1786395734595,12368896,8713872,8857120,1162784,8239008,0,560783,0,551156,0,3765445,0,3611832,2593,1665,10965,5471444,4949056,12332,44,198
1786395735098,12368896,8713872,8857120,1162784,8239008,0,560783,0,551156,0,3765445,0,3611832,2593,1665,10965,5471444,4949056,12332,44,198
1786395735599,12368896,8713872,8857120,1162784,8239008,0,560783,0,551156,0,3765445,0,3611832,2593,1665,10965,5471444,4949056,12332,44,198
1786395736100,12368896,8713872,8857120,1162784,8239008,0,560783,0,551156,0,3765445,0,3611832,2593,1665,10965,5471444,4949056,12332,44,198
1786395736609,12368896,8713872,8857120,1162784,8239008,0,560783,0,551156,0,3765445,0,3611832,2593,1665,10965,5471444,4949056,12332,44,198
1786395737111,12368896,8713872,8857120,1162784,8239008,0,560783,0,551156,0,3765445,0,3611832,2593,1665,10965,5471444,4949056,12332,44,198
1786395737621,12368896,8713872,8857120,1162784,8239008,0,560783,0,551156,0,3765445,0,3611832,2593,1665,10965,5471444,4949056,12332,44,198
1786395738131,12368896,8713872,8857120,1162784,8239008,0,560783,0,551156,0,3765445,0,3611832,2593,1665,10965,5471444,4949056,12332,44,198
1786395738642,12368896,8713872,8857120,1162784,8239008,0,560783,0,551156,0,3765445,0,3611832,2593,1665,10965,5471444,4949056,12332,44,198
1786395739149,12368896,8713872,8857120,1162784,8239008,0,560783,0,551156,0,3765445,0,3611832,2593,1665,10965,5471444,4949056,12332,44,198
1786395739660,12368896,8713872,8857120,1162784,8239008,0,560783,0,551156,0,3765445,0,3611832,2593,1665,10965,5471444,4949056,12332,44,198
1786395740170,12368896,8713872,8857120,1162784,8239008,0,560783,0,551156,0,3765445,0,3611832,2593,1665,10965,5471444,4949056,12332,44,198
1786395740674,12368896,8713872,8857120,1162784,8239008,0,560783,0,551156,0,3765445,0,3611832,2593,1665,10965,5471444,4949056,12332,44,198
1786395741184,12368896,8713872,8857120,1162784,8239008,0,560783,0,551156,0,3765445,0,3611832,2593,1665,10965,5471444,4949056,12332,44,198
1786395741695,12368896,8713872,8857120,1162784,8239008,0,560783,0,551156,0,3765445,0,3611832,2593,1665,10965,5471444,4949056,12332,44,198
1786395742205,12368896,8713872,8857120,1162784,8239008,0,560783,0,551156,0,3765445,0,3611832,2593,1665,10965,5471444,4949056,12332,44,198
1786395742716,12368896,8713872,8857120,1162784,8239008,0,560783,0,551156,0,3765445,0,3611832,2593,1665,10965,5471444,4949056,12332,44,198
1786395743220,12368896,8713872,8857120,1162784,8239008,0,560783,0,551156,0,3765445,0,3611832,2593,1665,10965,5471444,4949056,12332,44,198
1786395743723,12368896,8713872,8857120,1162784,8239008,0,560783,0,551156,0,3765445,0,3611832,2593,1665,10965,5471444,4949056,12332,44,198
1786395744234,12368896,8713872,8857120,1162784,8239008,0,560783,0,551156,0,3765445,0,3611832,2593,1665,10965,5471444,4949056,12332,44,198
1786395744744,12368896,8713872,8857120,1162784,8239008,0,560783,0,551156,0,3765445,0,3611832,2593,1665,10965,5471444,4949056,12332,44,198
1786395745249,12368896,8713872,8857120,1162784,8239008,0,560783,0,551156,0,3765445,0,3611832,2593,1665,10965,5471444,4949056,12332,44,198
1786395745760,12368896,8713872,8857120,1162784,8239008,0,560783,0,551156,0,3765445,0,3611832,2593,1665,10965,5471444,4949056,12332,44,198
1786395746272,12368896,8713872,8857120,1162784,8239008,0,560783,0,551156,0,3765445,0,3611832,2593,1665,10965,5471444,4949056,12332,44,198
1786395746783,12368896,8713872,8857120,1162784,8239008,0,560783,0,551156,0,3765445,0,3611832,2593,1665,10965,5471444,4949056,12332,44,198
1786395747295,12368896,8713872,8857120,1162784,8239008,0,560783,0,551156,0,3765445,0,3611832,2593,1665,10965,5471444,4949056,12332,44,198
1786395747796,12368896,8713872,8857120,1162784,8239008,0,560783,0,551156,0,3765445,0,3611832,2593,1665,10965,5471444,4949056,12332,44,198
1786395748298,12368896,8713872,8857120,1162784,8239008,0,560783,0,551156,0,3765445,0,3611832,2593,1665,10965,5471444,4949056,12332,44,198
1786395748802,12368896,8713872,8857120,1162784,8239008,0,560783,0,551156,0,3765445,0,3611832,2593,1665,10965,5471444,4949056,12332,44,198
1786395749310,12368896,8713872,8857120,1162784,8239008,0,560783,0,551156,0,3765445,0,3611832,2593,1665,10965,5471444,4949056,12332,44,198
1786395749815,12368896,8713872,8857120,1162784,8239008,0,560783,0,551156,0,3765445,0,3611832,2593,1665,10965,5471444,4949056,12332,44,198
1786395750317,12368896,8713872,8857120,1162784,8239008,0,560783,0,551156,0,3765445,0,3611832,2593,1665,10965,5471444,4949056,12332,44,198
1786395750828,12368896,8713872,8857120,1162784,8239008,0,560783,0,551156,0,3765445,0,3611832,2593,1665,10965,5471444,4949056,12332,44,198
1786395751330,12368896,8713872,8857120,1162784,8239008,0,560783,0,551156,0,3765445,0,3611832,2593,1665,10965,5471444,4949056,12332,44,198
1786395751836,12368896,8713872,8857120,1162784,8239008,0,560783,0,551156,0,3765445,0,3611832,2593,1665,10965,5471444,4949056,12332,44,198
1786395752343,12368896,8713872,8857120,1162784,8239008,0,560783,0,551156,0,3765445,0,3611832,2593,1665,10965,5471444,4949056,12332,44,198
1786395752855,12368896,8713872,8857120,1162784,8239008,0,560783,0,551156,0,3765445,0,3611832,2593,1665,10965,5471444,4949056,12332,44,198
1786395753362,12368896,8713872,8857120,1162784,8239008,0,560783,0,551156,0,3765445,0,3611832,2593,1665,10965,5471444,4949056,12332,44,198
1786395753868,12368896,8713872,8857120,1162784,8239008,0,560783,0,551156,0,3765445,0,3611832,2593,1665,10965,5471444,4949056,12332,44,198
1786395754383,12368896,8713872,8857120,1162784,8239008,0,560783,0,551156,0,3765445,0,3611832,2593,1665,10965,5471444,4949056,12332,44,198
1786395754894,12368896,8713872,8857120,1162784,8239008,0,560783,0,551156,0,3765445,0,3611832,2593,1665,10965,5471444,4949056,12332,44,198
1786395755400,12368896,8713872,8857120,1162784,8239008,0,560783,0,551156,0,3765445,0,3611832,2593,1665,10965,5471444,4949056,12332,44,198
1786395755907,12368896,8713872,8857120,1162784,8239008,0,560783,0,551156,0,3765445,0,3611832,2593,1665,10965,5471444,4949056,12332,44,198
1786395756414,12368896,8713872,8857120,1162784,8239008,0,560783,0,551156,0,3765445,0,3611832,2593,1665,10965,5471444,4949056,12332,44,198
1786395756924,12368896,8713872,8857120,1162784,8239008,0,560783,0,551156,0,3765445,0,3611832,2593,1665,10965,5471444,4949056,12332,44,198
1786395757425,12368896,8713872,8857120,1162784,8239008,0,560783,0,551156,0,3765445,0,3611832,2593,1665,10965,5471444,4949056,12332,44,198
1786395757932,12368896,8713872,8857120,1162784,8239008,0,560783,0,551156,0,3765445,0,3611832,2593,1665,10965,5471444,4949056,12332,44,198
1786395758444,12368896,8713872,8857120,1162784,8239008,0,560783,0,551156,0,3765445,0,3611832,2593,1665,10965,5471444,4949056,12332,44,198
1786395758948,12368896,8713872,8857120,1162784,8239008,0,560783,0,551156,0,3765445,0,3611832,2593,1665,10965,5471444,4949056,12332,44,198
1786395759459,12368896,8713872,8857120,1162784,8239008,0,560783,0,551156,0,3765445,0,3611832,2593,1665,10965,5471444,4949056,12332,44,198
1786395759963,12368896,8713872,8857120,1162784,8239008,0,560783,0,551156,0,3765445,0,3611832,2593,1665,10965,5471444,4949056,12332,44,198
1786395760464,12368896,8713872,8857120,1162784,8239008,0,560783,0,551156,0,3765445,0,3611832,2593,1665,10965,5471444,4949056,12332,44,198
1786395760977,12368896,8713872,8857120,1162784,8239008,0,560783,0,551156,0,3765445,0,3611832,2593,1665,10965,5471444,4949056,12332,44,198
1786395761478,12368896,8713872,8857120,1162784,8239008,0,560783,0,551156,0,3765445,0,3611832,2593,1665,10965,5471444,4949056,12332,44,198
1786395761985,12368896,8713872,8857120,1162784,8239008,0,560783,0,551156,0,3765445,0,3611832,2593,1665,10965,5471444,4949056,12332,44,198
1786395762490,12368896,8713872,8857120,1162784,8239008,0,560783,0,551156,0,3765445,0,3611832,2593,1665,10965,5471444,4949056,12332,44,198
1786395762998,12368896,8713872,8857120,1162784,8239008,0,560783,0,551156,0,3765445,0,3611832,2593,1665,10965,5471444,4949056,12332,44,198
1786395763510,12368896,8713872,8857120,1162784,8239008,0,560783,0,551156,0,3765445,0,3611832,2593,1665,10965,5471444,4949056,12332,44,198
1786395764013,12368896,8713872,8857120,1162784,8239008,0,560783,0,551156,0,3765445,0,3611832,2593,1665,10965,5471444,4949056,12332,44,198
1786395764526,12368896,8713872,8857120,1162784,8239008,0,560783,0,551156,0,3765445,0,3611832,2593,1665,10965,5471444,4949056,12332,44,198
1786395765029,12368896,8713872,8857120,1162784,8239008,0,560783,0,551156,0,3765445,0,3611832,2593,1665,10965,5471444,4949056,12332,44,198
1786395765535,12368896,8713872,8857120,1162784,8239008,0,560783,0,551156,0,3765445,0,3611832,2593,1665,10965,5471444,4949056,12332,44,198
1786395766046,12368896,8713872,8857120,1162784,8239008,0,560783,0,551156,0,3765445,0,3611832,2593,1665,10965,5471444,4949056,12332,44,198
1786395766548,12368896,8713872,8857120,1162784,8239008,0,560783,0,551156,0,3765445,0,3611832,2593,1665,10965,5471444,4949056,12332,44,198
1786395767054,12368896,8713872,8857120,1162784,8239008,0,560783,0,551156,0,3765445,0,3611832,2593,1665,10965,5471444,4949056,12332,44,198
1786395767556,12368896,8713872,8857120,1162784,8239008,0,560783,0,551156,0,3765445,0,3611832,2593,1665,10965,5471444,4949056,12332,44,198
1786395768069,12368896,8713872,8857120,1162784,8239008,0,560783,0,551156,0,3765445,0,3611832,2593,1665,10965,5471444,4949056,12332,44,198
1786395768581,12368896,8713872,8857120,1162784,8239008,0,560783,0,551156,0,3765445,0,3611832,2593,1665,10965,5471444,4949056,12332,44,198
1786395769092,12368896,8713872,8857120,1162784,8239008,0,560783,0,551156,0,3765445,0,3611832,2593,1665,10965,5471444,4949056,12332,44,198
1786395769604,12368896,8713872,8857120,1162784,8239008,0,560783,0,551156,0,3765445,0,3611832,2593,1665,10965,5471444,4949056,12332,44,198
1786395770106,12368896,8713872,8857120,1162784,8239008,0,560783,0,551156,0,3765445,0,3611832,2593,1665,10965,5471444,4949056,12332,44,198
1786395770610,12368896,8713872,8857120,1162784,8239008,0,560783,0,551156,0,3765445,0,3611832,2593,1665,10965,5471444,4949056,12332,44,198
1786395771111,12368896,8713872,8857120,1162784,8239008,0,560783,0,551156,0,3765445,0,3611832,2593,1665,10965,5471444,4949056,12332,44,198
1786395771629,12368896,8713872,8857120,1162784,8239008,0,560783,0,551156,0,3765445,0,3611832,2593,1665,10965,5471444,4949056,12332,44,198
1786395772137,12368896,8713872,8857120,1162784,8239008,0,560783,0,551156,0,3765445,0,3611832,2593,1665,10965,5471444,4949056,12332,44,198
1786395772643,12368896,8713872,8857120,1162784,8239008,0,560783,0,551156,0,3765445,0,3611832,2593,1665,10965,5471444,4949056,12332,44,198
1786395773153,12368896,8713872,8857120,1162784,8239008,0,560783,0,551156,0,3765445,0,3611832,2593,1665,10965,5471444,4949056,12332,44,198
1786395773669,12368896,8713872,8857120,1162784,8239008,0,560783,0,551156,0,3765445,0,3611832,2593,1665,10965,5471444,4949056,12332,44,198
1786395774176,12368896,8713872,8857120,1162784,8239008,0,560783,0,551156,0,3765445,0,3611832,2593,1665,10965,5471444,4949056,12332,44,198
1786395774678,12368896,8713872,8857120,1162784,8239008,0,560783,0,551156,0,3765445,0,3611832,2593,1665,10965,5471444,4949056,12332,44,198
1786395775186,12368896,8713872,8857120,1162784,8239008,0,560783,0,551156,0,3765445,0,3611832,2593,1665,10965,5471444,4949056,12332,44,198
1786395775692,12368896,8713872,8857120,1162784,8239008,0,560783,0,551156,0,3765445,0,3611832,2593,1665,10965,5471444,4949056,12332,44,198
1786395776199,12368896,8713872,8857120,1162784,8239008,0,560783,0,551156,0,3765445,0,3611832,2593,1665,10965,5471444,4949056,12332,44,198
1786395776700,12368896,8713872,8857120,1162784,8239008,0,560783,0,551156,0,3765445,0,3611832,2593,1665,10965,5471444,4949056,12332,44,198
1786395777201,12368896,8713872,8857120,1162784,8239008,0,560783,0,551156,0,3765445,0,3611832,2593,1665,10965,5471444,4949056,12332,44,198
1786395777703,12368896,8713872,8857120,1162784,8239008,0,560783,0,551156,0,3765445,0,3611832,2593,1665,10965,5471444,4949056,12332,44,198
1786395778206,12368896,8713872,8857120,1162784,8239008,0,560783,0,551156,0,3765445,0,3611832,2593,1665,10965,5471444,4949056,12332,44,198
1786395778717,12368896,8713872,8857120,1162784,8239008,0,560783,0,551156,0,3765445,0,3611832,2593,1665,10965,5471444,4949056,12332,44,198
1786395779229,12368896,8713872,8857120,1162784,8239008,0,560783,0,551156,0,3765445,0,3611832,2593,1665,10965,5471444,4949056,12332,44,198
1786395779733,12368896,8713632,8856880,1162784,8239008,0,560783,0,551156,0,3765445,0,3611832,2593,1665,10965,5471444,4949056,12332,44,198
1786395780245,12368896,8713632,8856880,1162784,8239008,0,560783,0,551156,0,3765445,0,3611832,2593,1665,10965,5471444,4949056,12332,44,198
1786395780747,12368896,8713632,8856880,1162784,8239008,0,560783,0,551156,0,3765445,0,3611832,2593,1665,10965,5471444,4949056,12332,44,198
1786395781253,12368896,8713632,8856880,1162784,8239008,0,560783,0,551156,0,3765445,0,3611832,2593,1665,10965,5471444,4949056,12332,44,198
1786395781763,12368896,8713392,8856640,1162784,8239008,0,560783,0,551156,0,3765445,0,3611832,2593,1665,10965,5471444,4949056,12332,44,198
1786395782266,12368896,8713392,8856640,1162784,8239008,0,560783,0,551156,0,3765445,0,3611832,2593,1665,10965,5471444,4949056,12332,44,198
1786395782778,12368896,8713392,8856640,1162784,8239008,0,560783,0,551156,0,3765445,0,3611832,2593,1665,10965,5471444,4949056,12332,44,198
1786395783283,12368896,8713392,8856640,1162784,8239008,0,560783,0,551156,0,3765445,0,3611832,2593,1665,10965,5471444,4949056,12332,44,198
1786395783794,12368896,8713152,8856400,1162784,8239008,0,560783,0,551156,0,3765445,0,3611832,2593,1665,10965,5471444,4949056,12332,44,198
1786395784307,12368896,8713152,8856400,1162784,8239008,0,560783,0,551156,0,3765445,0,3611832,2593,1665,10965,5471444,4949056,12332,44,198
1786395784817,12368896,8713152,8856400,1162784,8239008,0,560783,0,551156,0,3765445,0,3611832,2593,1665,10965,5471444,4949056,12332,44,198
1786395785328,12368896,8713152,8856400,1162784,8239008,0,560783,0,551156,0,3765445,0,3611832,2593,1665,10965,5471444,4949056,12332,44,198
1786395785830,12368896,8713152,8856400,1162784,8239008,0,560783,0,551156,0,3765445,0,3611832,2593,1665,10965,5471444,4949056,12332,44,198
1786395786339,12368896,8712912,8856144,1162784,8239008,0,560783,0,551156,0,3765445,0,3611832,2593,1665,10965,5471444,4949056,12332,44,198
1786395786850,12368896,8712912,8856144,1162784,8239008,0,560783,0,551156,0,3765445,0,3611832,2593,1665,10965,5471444,4949056,12332,44,198
1786395787352,12368896,8712672,8855920,1162784,8239008,0,560783,0,551156,0,3765445,0,3611832,2593,1665,10965,5471444,4949056,12332,44,198
1786395787856,12368896,8712672,8855920,1162784,8239008,0,560783,0,551156,0,3765445,0,3611832,2593,1665,10965,5471444,4949056,12332,44,198
1786395788367,12368896,8712672,8855920,1162784,8239008,0,560783,0,551156,0,3765445,0,3611832,2593,1665,10965,5471444,4949056,12332,44,198
1786395788875,12368896,8712672,8855920,1162784,8239008,0,560783,0,551156,0,3765445,0,3611832,2593,1665,10965,5471444,4949056,12332,44,198
1786395789386,12368896,8712192,8855440,1162784,8239008,0,560783,0,551156,0,3765445,0,3611832,2593,1665,10965,5471444,4949056,12332,44,198
1786395789896,12368896,8712192,8855440,1162784,8239008,0,560783,0,551156,0,3765445,0,3611832,2593,1665,10965,5471444,4949056,12332,44,198
1786395790402,12368896,8712192,8855440,1162784,8239008,0,560783,0,551156,0,3765445,0,3611832,2593,1665,10965,5471444,4949056,12332,44,198
1786395790906,12368896,8712192,8855440,1162784,8239008,0,560783,0,551156,0,3765445,0,3611832,2593,1665,10965,5471444,4949056,12332,44,198
1786395791410,12368896,8712192,8855440,1162784,8239008,0,560783,0,551156,0,3765445,0,3611832,2593,1665,10965,5471444,4949056,12332,44,198
1786395791911,12368896,8711712,8854960,1162784,8239008,0,560783,0,551156,0,3765445,0,3611832,2593,1665,10965,5471444,4949056,12332,44,198
1786395792421,12368896,8711712,8854960,1162784,8239008,0,560783,0,551156,0,3765445,0,3611832,2593,1665,10965,5471444,4949056,12332,44,198
1786395792934,12368896,8711712,8854960,1162784,8239008,0,560783,0,551156,0,3765445,0,3611832,2593,1665,10965,5471444,4949056,12332,44,198
1786395793448,12368896,8711472,8854720,1162800,8239008,0,560783,0,551156,0,3765445,0,3611832,2593,1665,10965,5471444,4949056,12332,44,198
1786395793952,12368896,8711232,8854480,1162800,8239008,0,560783,0,551156,0,3765445,0,3611832,2593,1665,10965,5471444,4949056,12332,44,198
1786395794459,12368896,8711232,8854480,1162800,8239008,0,560783,0,551156,0,3765445,0,3611832,2593,1665,10965,5471444,4949056,12332,44,198
1786395794961,12368896,8711232,8854480,1162800,8239008,0,560783,0,551156,0,3765445,0,3611832,2593,1665,10965,5471444,4949056,12332,44,198
1786395795469,12368896,8710992,8854240,1162800,8239008,0,560783,0,551156,0,3765445,0,3611832,2593,1665,10965,5471444,4949056,12332,44,198
1786395795977,12368896,8710992,8854240,1162800,8239008,0,560783,0,551156,0,3765445,0,3611832,2593,1665,10965,5471444,4949056,12332,44,198
1786395796480,12368896,8710752,8854000,1162800,8239008,0,560783,0,551156,0,3765445,0,3611832,2593,1665,10965,5471444,4949056,12332,44,198
1786395796989,12368896,8710752,8854000,1162800,8239008,0,560783,0,551156,0,3765445,0,3611832,2593,1665,10965,5471444,4949056,12332,44,198
1786395797492,12368896,8710512,8853760,1162800,8239008,0,560783,0,551156,0,3765445,0,3611832,2593,1665,10965,5471444,4949056,12332,44,198
1786395798002,12368896,8710512,8853760,1162800,8239008,0,560783,0,551156,0,3765445,0,3611832,2593,1665,10965,5471444,4949056,12332,44,198
1786395798514,12368896,8710512,8853760,1162800,8239008,0,560783,0,551156,0,3765445,0,3611832,2593,1665,10965,5471444,4949056,12332,44,198
1786395799018,12368896,8710512,8853760,1162800,8239008,0,560783,0,551156,0,3765445,0,3611832,2593,1665,10965,5471444,4949056,12332,44,198
1786395799530,12368896,8710512,8853760,1162800,8239008,0,560783,0,551156,0,3765445,0,3611832,2593,1665,10965,5471444,4949056,12332,44,198
1786395800041,12368896,8710512,8853760,1162800,8239008,0,560783,0,551156,0,3765445,0,3611832,2593,1665,10965,5471444,4949056,12332,44,198
1786395800546,12368896,8710512,8853760,1162800,8239008,0,560783,0,551156,0,3765445,0,3611832,2593,1665,10965,5471444,4949056,12332,44,198
1786395801057,12368896,8710512,8853760,1162800,8239008,0,560783,0,551156,0,3765445,0,3611832,2593,1665,10965,5471444,4949056,12332,44,198
1786395801569,12368896,8710032,8853280,1162800,8239008,0,560783,0,551156,0,3765445,0,3611832,2593,1665,10965,5471444,4949056,12332,44,198
1786395802075,12368896,8710032,8853280,1162800,8239008,0,560783,0,551156,0,3765445,0,3611832,2593,1665,10965,5471444,4949056,12332,44,198
1786395802579,12368896,8710032,8853280,1162800,8239008,0,560783,0,551156,0,3765445,0,3611832,2593,1665,10965,5471444,4949056,12332,44,198
1786395803091,12368896,8710032,8853280,1162800,8239008,0,560783,0,551156,0,3765445,0,3611832,2593,1665,10965,5471444,4949056,12332,44,198
1786395803596,12368896,8709552,8852800,1162800,8239008,0,560783,0,551156,0,3765445,0,3611832,2593,1665,10965,5471444,4949056,12332,44,198
1786395804099,12368896,8709552,8852800,1162800,8239008,0,560783,0,551156,0,3765445,0,3611832,2593,1665,10965,5471444,4949056,12332,44,198
1786395804610,12368896,8709552,8852800,1162800,8239008,0,560783,0,551156,0,3765445,0,3611832,2593,1665,10965,5471444,4949056,12332,44,198
1786395805121,12368896,8709552,8852800,1162800,8239008,0,560783,0,551156,0,3765445,0,3611832,2593,1665,10965,5471444,4949056,12332,44,198
1786395805624,12368896,8709072,8852320,1162800,8239008,0,560783,0,551156,0,3765445,0,3611832,2593,1665,10965,5471444,4949056,12332,44,198
1786395806127,12368896,8709072,8852320,1162800,8239008,0,560783,0,551156,0,3765445,0,3611832,2593,1665,10965,5471444,4949056,12332,44,198
1786395806638,12368896,8709072,8852320,1162800,8239008,0,560783,0,551156,0,3765445,0,3611832,2593,1665,10965,5471444,4949056,12332,44,198
1786395807151,12368896,8709072,8852320,1162800,8239008,0,560783,0,551156,0,3765445,0,3611832,2593,1665,10965,5471444,4949056,12332,44,198
1786395807662,12368896,8708832,8852080,1162800,8239008,0,560783,0,551156,0,3765445,0,3611832,2593,1665,10965,5471444,4949056,12332,44,198
1786395808170,12368896,8708832,8852080,1162800,8239008,0,560783,0,551156,0,3765445,0,3611832,2593,1665,10965,5471444,4949056,12332,44,198
1786395808678,12368896,8708832,8852080,1162800,8239008,0,560783,0,551156,0,3765445,0,3611832,2593,1665,10965,5471444,4949056,12332,44,198
1786395809189,12368896,8708832,8852080,1162800,8239008,0,560783,0,551156,0,3765445,0,3611832,2593,1665,10965,5471444,4949056,12332,44,198
1786395809693,12368896,8708832,8852080,1162800,8239008,0,560783,0,551156,0,3765445,0,3611832,2593,1665,10965,5471444,4949056,12332,44,198
1786395810203,12368896,8708832,8852080,1162800,8239008,0,560783,0,551156,0,3765445,0,3611832,2593,1665,10965,5471444,4949056,12332,44,198
1786395810715,12368896,8708832,8852080,1162800,8239008,0,560783,0,551156,0,3765445,0,3611832,2593,1665,10965,5471444,4949056,12332,44,198
1786395811228,12368896,8708352,8851600,1162800,8239008,0,560783,0,551156,0,3765445,0,3611832,2593,1665,10965,5471444,4949056,12332,44,198
1786395811743,12368896,8708352,8851600,1162800,8239008,0,560783,0,551156,0,3765445,0,3611832,2593,1665,10965,5471444,4949056,12332,44,198
1786395812248,12368896,8708352,8851600,1162800,8239008,0,560783,0,551156,0,3765445,0,3611832,2593,1665,10965,5471444,4949056,12332,44,198
1786395812758,12368896,8708112,8851360,1162800,8239008,0,560783,0,551156,0,3765445,0,3611832,2593,1665,10965,5471444,4949056,12332,44,198
1786395813261,12368896,8707872,8851120,1162800,8239008,0,560783,0,551156,0,3765445,0,3611832,2593,1665,10965,5471444,4949056,12332,44,198
1786395813764,12368896,8707872,8851120,1162800,8239008,0,560783,0,551156,0,3765445,0,3611832,2593,1665,10965,5471444,4949056,12332,44,198
1786395814274,12368896,8707872,8851120,1162800,8239008,0,560783,0,551156,0,3765445,0,3611832,2593,1665,10965,5471444,4949056,12332,44,198
1786395814783,12368896,8707632,8850880,1162800,8239008,0,560783,0,551156,0,3765445,0,3611832,2593,1665,10965,5471444,4949056,12332,44,198
1786395815292,12368896,8707392,8850640,1162800,8239008,0,560783,0,551156,0,3765445,0,3611832,2593,1665,10965,5471444,4949056,12332,44,198
1786395815802,12368896,8707392,8850640,1162800,8239008,0,560783,0,551156,0,3765445,0,3611832,2593,1665,10965,5471444,4949056,12332,44,198
1786395816303,12368896,8707392,8850640,1162800,8239008,0,560783,0,551156,0,3765445,0,3611832,2593,1665,10965,5471444,4949056,12332,44,198
1786395816813,12368896,8707392,8850640,1162800,8239008,0,560783,0,551156,0,3765445,0,3611832,2593,1665,10965,5471444,4949056,12332,44,198
1786395817318,12368896,8707152,8850400,1162800,8239008,0,560783,0,551156,0,3765445,0,3611832,2593,1665,10965,5471444,4949056,12332,44,198
1786395817827,12368896,8706672,8849920,1162800,8239008,0,560783,0,551156,0,3765445,0,3611832,2593,1665,10965,5471444,4949056,12332,44,198
1786395818338,12368896,8706672,8849920,1162800,8239008,0,560783,0,551156,0,3765445,0,3611832,2593,1665,10965,5471444,4949056,12332,44,198
1786395818850,12368896,8706992,8850240,1162800,8239008,0,560783,0,551156,0,3765445,0,3611832,2593,1665,10965,5471444,4949056,12332,44,198
1786395819363,12368896,8706992,8850240,1162800,8239008,0,560783,0,551156,0,3765445,0,3611832,2593,1665,10965,5471444,4949056,12332,44,198
1786395819866,12368896,8706992,8850240,1162800,8239008,0,560783,0,551156,0,3765445,0,3611832,2593,1665,10965,5471444,4949056,12332,44,198
1786395820370,12368896,8707360,8850608,1162800,8239008,0,560783,0,551156,0,3765445,0,3611832,2593,1665,10965,5471444,4949056,12332,44,198
1786395820875,12368896,8707120,8850368,1162800,8239008,0,560783,0,551156,0,3765445,0,3611832,2593,1665,10965,5471444,4949056,12332,44,198
1786395821386,12368896,8707120,8850368,1162800,8239008,0,560783,0,551156,0,3765445,0,3611832,2593,1665,10965,5471444,4949056,12332,44,198
1786395821890,12368896,8707120,8850368,1162800,8239008,0,560783,0,551156,0,3765445,0,3611832,2593,1665,10965,5471444,4949056,12332,44,198
1786395822401,12368896,8707728,8850976,1162800,8239008,0,560783,0,551156,0,3765445,0,3611832,2593,1665,10965,5471444,4949056,12332,44,198
1786395822911,12368896,8707728,8850976,1162800,8239008,0,560783,0,551156,0,3765445,0,3611832,2593,1665,10965,5471444,4949056,12332,44,198
1786395823417,12368896,8707248,8850496,1162800,8239008,0,560783,0,551156,0,3765445,0,3611832,2593,1665,10965,5471444,4949056,12332,44,198
1786395823919,12368896,8707248,8850496,1162800,8239008,0,560783,0,551156,0,3765445,0,3611832,2593,1665,10965,5471444,4949056,12332,44,198
1786395824431,12368896,8707248,8850496,1162800,8239008,0,560783,0,551156,0,3765445,0,3611832,2593,1665,10965,5471444,4949056,12332,44,198
1786395824941,12368896,8707248,8850496,1162800,8239008,0,560783,0,551156,0,3765445,0,3611832,2593,1665,10965,5471444,4949056,12332,44,198
1786395825453,12368896,8706768,8850016,1162800,8239008,0,560783,0,551156,0,3765445,0,3611832,2593,1665,10965,5471444,4949056,12332,44,198
1786395825956,12368896,8706768,8850016,1162800,8239008,0,560783,0,551156,0,3765445,0,3611832,2593,1665,10965,5471444,4949056,12332,44,198
1786395826465,12368896,8706768,8850016,1162800,8239024,0,560783,0,551156,0,3765445,0,3611832,2594,1666,10965,5471444,4949056,12332,44,198
1786395826968,12368896,8707008,8850256,1162800,8239024,0,560783,0,551156,0,3765445,0,3611832,2594,1666,10965,5471444,4949056,12332,44,198
1786395827470,12368896,8707008,8850256,1162800,8239024,0,560783,0,551156,0,3765445,0,3611832,2594,1666,10965,5471444,4949056,12332,44,198
1786395827983,12368896,8707424,8850672,1162800,8239024,0,560783,0,551156,0,3765445,0,3611832,2594,1666,10965,5471444,4949056,12332,44,198
1786395828489,12368896,8706944,8850192,1162800,8239024,0,560783,0,551156,0,3765445,0,3611832,2594,1666,10965,5471444,4949056,12332,44,198
1786395829002,12368896,8706704,8849952,1162800,8239024,0,560783,0,551156,0,3765445,0,3611832,2594,1666,10965,5471444,4949056,12332,44,198
1786395829504,12368896,8706704,8849952,1162800,8239024,0,560783,0,551156,0,3765445,0,3611832,2594,1666,10965,5471444,4949056,12332,44,198
1786395830016,12368896,8706464,8849712,1162800,8239024,0,560783,0,551156,0,3765445,0,3611832,2594,1666,10965,5471444,4949056,12332,44,198
1786395830527,12368896,8706464,8849712,1162800,8239024,0,560783,0,551156,0,3765445,0,3611832,2594,1666,10965,5471444,4949056,12332,44,198
1786395831033,12368896,8706464,8849712,1162800,8239024,0,560783,0,551156,0,3765445,0,3611832,2594,1666,10965,5471444,4949056,12332,44,198
1786395831536,12368896,8706768,8850016,1162800,8239024,0,560783,0,551156,0,3765445,0,3611832,2594,1666,10965,5471444,4949056,12332,44,198
1786395832041,12368896,8706768,8850016,1162800,8239024,0,560783,0,551156,0,3765445,0,3611832,2594,1666,10965,5471444,4949056,12332,44,198
1786395832549,12368896,8706768,8850016,1162800,8239024,0,560783,0,551156,0,3765445,0,3611832,2594,1666,10965,5471444,4949056,12332,44,198
1786395833055,12368896,8706768,8850016,1162800,8239024,0,560783,0,551156,0,3765445,0,3611832,2594,1666,10965,5471444,4949056,12332,44,198
1786395833559,12368896,8706288,8849536,1162800,8239024,0,560783,0,551156,0,3765445,0,3611832,2594,1666,10965,5471444,4949056,12332,44,198
1786395834061,12368896,8706288,8849536,1162800,8239024,0,560783,0,551156,0,3765445,0,3611832,2594,1666,10965,5471444,4949056,12332,44,198
1786395834562,12368896,8706288,8849536,1162800,8239024,0,560783,0,551156,0,3765445,0,3611832,2594,1666,10965,5471444,4949056,12332,44,198
1786395835073,12368896,8706288,8849536,1162800,8239024,0,560783,0,551156,0,3765445,0,3611832,2594,1666,10965,5471444,4949056,12332,44,198
1786395835575,12368896,8706288,8849536,1162800,8239024,0,560783,0,551156,0,3765445,0,3611832,2594,1666,10965,5471444,4949056,12332,44,198
1786395836082,12368896,8706288,8849536,1162800,8239024,0,560783,0,551156,0,3765445,0,3611832,2594,1666,10965,5471444,4949056,12332,44,198
1786395836594,12368896,8705328,8848576,1162800,8239024,0,560783,0,551156,0,3765445,0,3611832,2594,1666,10965,5471444,4949056,12332,44,198
1786395837103,12368896,8705328,8848576,1162800,8239024,0,560783,0,551156,0,3765445,0,3611832,2594,1666,10965,5471444,4949056,12332,44,198
1786395837608,12368896,8705328,8848576,1162800,8239024,0,560783,0,551156,0,3765445,0,3611832,2594,1666,10965,5471444,4949056,12332,44,198
1786395838120,12368896,8705328,8848576,1162800,8239024,0,560783,0,551156,0,3765445,0,3611832,2594,1666,10965,5471444,4949056,12332,44,198
1786395838628,12368896,8704848,8848096,1162800,8239024,0,560783,0,551156,0,3765445,0,3611832,2594,1666,10965,5471444,4949056,12332,44,198
1786395839133,12368896,8704608,8847856,1162800,8239024,0,560783,0,551156,0,3765445,0,3611832,2594,1666,10965,5471444,4949056,12332,44,198
1786395839637,12368896,8704608,8847856,1162800,8239024,0,560783,0,551156,0,3765445,0,3611832,2594,1666,10965,5471444,4949056,12332,44,198
1786395840149,12368896,8704608,8847856,1162800,8239024,0,560783,0,551156,0,3765445,0,3611832,2594,1666,10965,5471444,4949056,12332,44,198
1786395840657,12368896,8704608,8847856,1162800,8239024,0,560783,0,551156,0,3765445,0,3611832,2594,1666,10965,5471444,4949056,12332,44,198
1786395841160,12368896,8704608,8847856,1162800,8239024,0,560783,0,551156,0,3765445,0,3611832,2594,1666,10965,5471444,4949056,12332,44,198
1786395841662,12368896,8704128,8847376,1162800,8239024,0,560783,0,551156,0,3765445,0,3611832,2594,1666,10965,5471444,4949056,12332,44,198
1786395842165,12368896,8704128,8847376,1162800,8239024,0,560783,0,551156,0,3765445,0,3611832,2594,1666,10965,5471444,4949056,12332,44,198
1786395842678,12368896,8703888,8847136,1162800,8239024,0,560783,0,551156,0,3765445,0,3611832,2594,1666,10965,5471444,4949056,12332,44,198
1786395843184,12368896,8703888,8847136,1162800,8239024,0,560783,0,551156,0,3765445,0,3611832,2594,1666,10965,5471444,4949056,12332,44,198
1786395843687,12368896,8703888,8847136,1162800,8239024,0,560783,0,551156,0,3765445,0,3611832,2594,1666,10965,5471444,4949056,12332,44,198
1786395844198,12368896,8703888,8847136,1162800,8239024,0,560783,0,551156,0,3765445,0,3611832,2594,1666,10965,5471444,4949056,12332,44,198
1786395844710,12368896,8704224,8847472,1162800,8239024,0,560783,0,551156,0,3765445,0,3611832,2594,1666,10965,5471444,4949056,12332,44,198
1786395845220,12368896,8703744,8846992,1162800,8239024,0,560783,0,551156,0,3765445,0,3611832,2594,1666,10965,5471444,4949056,12332,44,198
1786395845725,12368896,8703744,8846992,1162800,8239024,0,560783,0,551156,0,3765445,0,3611832,2594,1666,10965,5471444,4949056,12332,44,198
1786395846236,12368896,8703744,8846992,1162800,8239024,0,560783,0,551156,0,3765445,0,3611832,2594,1666,10965,5471444,4949056,12332,44,198
1786395846738,12368896,8703744,8846992,1162800,8239024,0,560783,0,551156,0,3765445,0,3611832,2594,1666,10965,5471444,4949056,12332,44,198
1786395847241,12368896,8703264,8846512,1162800,8239024,0,560783,0,551156,0,3765445,0,3611832,2594,1666,10965,5471444,4949056,12332,44,198
1786395847742,12368896,8703264,8846512,1162800,8239024,0,560783,0,551156,0,3765445,0,3611832,2594,1666,10965,5471444,4949056,12332,44,198
1786395848249,12368896,8703264,8846512,1162800,8239024,0,560783,0,551156,0,3765445,0,3611832,2594,1666,10965,5471444,4949056,12332,44,198
1786395848760,12368896,8703264,8846512,1162800,8239024,0,560783,0,551156,0,3765445,0,3611832,2594,1666,10965,5471444,4949056,12332,44,198
1786395849264,12368896,8703264,8846512,1162800,8239024,0,560783,0,551156,0,3765445,0,3611832,2594,1666,10965,5471444,4949056,12332,44,198
1786395849776,12368896,8703696,8846944,1162800,8239024,0,560783,0,551156,0,3765445,0,3611832,2594,1666,10965,5471444,4949056,12332,44,198
1786395850288,12368896,8703696,8846944,1162800,8239024,0,560783,0,551156,0,3765445,0,3611832,2594,1666,10965,5471444,4949056,12332,44,198
1786395850799,12368896,8703456,8846704,1162800,8239024,0,560783,0,551156,0,3765445,0,3611832,2594,1666,10965,5471444,4949056,12332,44,198
1786395851305,12368896,8703456,8846704,1162800,8239024,0,560783,0,551156,0,3765445,0,3611832,2594,1666,10965,5471444,4949056,12332,44,198
1786395851806,12368896,8703216,8846464,1162800,8239024,0,560783,0,551156,0,3765445,0,3611832,2594,1666,10965,5471444,4949056,12332,44,198
1786395852306,12368896,8702976,8846224,1162800,8239024,0,560783,0,551156,0,3765445,0,3611832,2594,1666,10965,5471444,4949056,12332,44,198
1786395852817,12368896,8702976,8846224,1162800,8239024,0,560783,0,551156,0,3765445,0,3611832,2594,1666,10965,5471444,4949056,12332,44,198
1786395853328,12368896,8702736,8845984,1162800,8239024,0,560783,0,551156,0,3765445,0,3611832,2594,1666,10965,5471444,4949056,12332,44,198
1786395853831,12368896,8702736,8845984,1162816,8239024,0,560783,0,551156,0,3765445,0,3611832,2594,1666,10965,5471444,4949056,12332,44,198
1786395854338,12368896,8702736,8845984,1162816,8239024,0,560783,0,551156,0,3765445,0,3611832,2594,1666,10965,5471444,4949056,12332,44,198
1786395854845,12368896,8702496,8845744,1162816,8239024,0,560783,0,551156,0,3765445,0,3611832,2594,1666,10965,5471444,4949056,12332,44,198
1786395855357,12368896,8702256,8845504,1162816,8239024,0,560783,0,551156,0,3765445,0,3611832,2594,1666,10965,5471444,4949056,12332,44,198
1786395855867,12368896,8702256,8845504,1162816,8239024,0,560783,0,551156,0,3765445,0,3611832,2594,1666,10965,5471444,4949056,12332,44,198
1786395856369,12368896,8702256,8845504,1162816,8239024,0,560783,0,551156,0,3765445,0,3611832,2594,1666,10965,5471444,4949056,12332,44,198
1786395856873,12368896,8702256,8845504,1162816,8239024,0,560783,0,551156,0,3765445,0,3611832,2594,1666,10965,5471444,4949056,12332,44,198
1786395857377,12368896,8702016,8845264,1162816,8239024,0,560783,0,551156,0,3765445,0,3611832,2594,1666,10965,5471444,4949056,12332,44,198
1786395857889,12368896,8701776,8845024,1162816,8239024,0,560783,0,551156,0,3765445,0,3611832,2594,1666,10965,5471444,4949056,12332,44,198
1786395858400,12368896,8701776,8845024,1162816,8239024,0,560783,0,551156,0,3765445,0,3611832,2594,1666,10965,5471444,4949056,12332,44,198
1786395858913,12368896,8701776,8845024,1162816,8239024,0,560783,0,551156,0,3765445,0,3611832,2594,1666,10965,5471444,4949056,12332,44,198
1786395859418,12368896,8701776,8845024,1162816,8239024,0,560783,0,551156,0,3765445,0,3611832,2594,1666,10965,5471444,4949056,12332,44,198
1786395859920,12368896,8701296,8844544,1162816,8239024,0,560783,0,551156,0,3765445,0,3611832,2594,1666,10965,5471444,4949056,12332,44,198
1786395860425,12368896,8701296,8844544,1162816,8239024,0,560783,0,551156,0,3765445,0,3611832,2594,1666,10965,5471444,4949056,12332,44,198
1786395860927,12368896,8701296,8844544,1162816,8239024,0,560783,0,551156,0,3765445,0,3611832,2594,1666,10965,5471444,4949056,12332,44,198
1786395861441,12368896,8701056,8844304,1162816,8239024,0,560783,0,551156,0,3765445,0,3611832,2594,1666,10965,5471444,4949056,12332,44,198
1786395861953,12368896,8701056,8844304,1162816,8239024,0,560783,0,551156,0,3765445,0,3611832,2594,1666,10965,5471444,4949056,12332,44,198
1786395862455,12368896,8701056,8844304,1162816,8239024,0,560783,0,551156,0,3765445,0,3611832,2594,1666,10965,5471444,4949056,12332,44,198
1786395862968,12368896,8701056,8844304,1162816,8239024,0,560783,0,551156,0,3765445,0,3611832,2594,1666,10965,5471444,4949056,12332,44,198
1786395863474,12368896,8700960,8844208,1162816,8239024,0,560783,0,551156,0,3765445,0,3611832,2594,1666,10965,5471444,4949056,12332,44,198
1786395863976,12368896,8700960,8844208,1162816,8239024,0,560783,0,551156,0,3765445,0,3611832,2594,1666,10965,5471444,4949056,12332,44,198
1786395864479,12368896,8700960,8844208,1162816,8239024,0,560783,0,551156,0,3765445,0,3611832,2594,1666,10965,5471444,4949056,12332,44,198
1786395864986,12368896,8700960,8844208,1162816,8239024,0,560783,0,551156,0,3765445,0,3611832,2594,1666,10965,5471444,4949056,12332,44,198
1786395865494,12368896,8700480,8843728,1162816,8239024,0,560783,0,551156,0,3765445,0,3611832,2594,1666,10965,5471444,4949056,12332,44,198
1786395866006,12368896,8700480,8843728,1162816,8239024,0,560783,0,551156,0,3765445,0,3611832,2594,1666,10965,5471444,4949056,12332,44,198
1786395866511,12368896,8700480,8843728,1162816,8239024,0,560783,0,551156,0,3765445,0,3611832,2594,1666,10965,5471444,4949056,12332,44,198
1786395867014,12368896,8700480,8843728,1162816,8239024,0,560783,0,551156,0,3765445,0,3611832,2594,1666,10965,5471444,4949056,12332,44,198
1786395867517,12368896,8700480,8843728,1162816,8239024,0,560783,0,551156,0,3765445,0,3611832,2594,1666,10965,5471444,4949056,12332,44,198
1786395868025,12368896,8700480,8843728,1162816,8239024,0,560783,0,551156,0,3765445,0,3611832,2594,1666,10965,5471444,4949056,12332,44,198
1786395868535,12368896,8700480,8843728,1162816,8239024,0,560783,0,551156,0,3765445,0,3611832,2594,1666,10965,5471444,4949056,12332,44,198
1786395869047,12368896,8700480,8843728,1162816,8239024,0,560783,0,551156,0,3765445,0,3611832,2594,1666,10965,5471444,4949056,12332,44,198
1786395869550,12368896,8700240,8843488,1162816,8239024,0,560783,0,551156,0,3765445,0,3611832,2594,1666,10965,5471444,4949056,12332,44,198
1786395870055,12368896,8700240,8843488,1162816,8239024,0,560783,0,551156,0,3765445,0,3611832,2594,1666,10965,5471444,4949056,12332,44,198
1786395870566,12368896,8700240,8843488,1162816,8239024,0,560783,0,551156,0,3765445,0,3611832,2594,1666,10965,5471444,4949056,12332,44,198
1786395871072,12368896,8700240,8843488,1162816,8239024,0,560783,0,551156,0,3765445,0,3611832,2594,1666,10965,5471444,4949056,12332,44,198
1786395871584,12368896,8700240,8843488,1162816,8239024,0,560783,0,551156,0,3765445,0,3611832,2594,1666,10965,5471444,4949056,12332,44,198
1786395872095,12368896,8700240,8843488,1162816,8239024,0,560783,0,551156,0,3765445,0,3611832,2594,1666,10965,5471444,4949056,12332,44,198
1786395872608,12368896,8699280,8842528,1162816,8239024,0,560783,0,551156,0,3765445,0,3611832,2594,1666,10965,5471444,4949056,12332,44,198
1786395873109,12368896,8699280,8842528,1162816,8239024,0,560783,0,551156,0,3765445,0,3611832,2594,1666,10965,5471444,4949056,12332,44,198
1786395873614,12368896,8699280,8842528,1162816,8239024,0,560783,0,551156,0,3765445,0,3611832,2594,1666,10965,5471444,4949056,12332,44,198
1786395874124,12368896,8699280,8842528,1162816,8239024,0,560783,0,551156,0,3765445,0,3611832,2594,1666,10965,5471444,4949056,12332,44,198
1786395874626,12368896,8699040,8842288,1162816,8239024,0,560783,0,551156,0,3765445,0,3611832,2594,1666,10965,5471444,4949056,12332,44,198
1786395875137,12368896,8699040,8842288,1162816,8239024,0,560783,0,551156,0,3765445,0,3611832,2594,1666,10965,5471444,4949056,12332,44,198
1786395875641,12368896,8699040,8842288,1162816,8239024,0,560783,0,551156,0,3765445,0,3611832,2594,1666,10965,5471444,4949056,12332,44,198
1786395876147,12368896,8699040,8842288,1162816,8239024,0,560783,0,551156,0,3765445,0,3611832,2594,1666,10965,5471444,4949056,12332,44,198
1786395876656,12368896,8699472,8842720,1162816,8239024,0,560783,0,551156,0,3765445,0,3611832,2594,1666,10965,5471444,4949056,12332,44,198
1786395877169,12368896,8699472,8842720,1162816,8239024,0,560783,0,551156,0,3765445,0,3611832,2594,1666,10965,5471444,4949056,12332,44,198
1786395877681,12368896,8699472,8842720,1162816,8239024,0,560783,0,551156,0,3765445,0,3611832,2594,1666,10965,5471444,4949056,12332,44,198
1786395878184,12368896,8698688,8841936,1162816,8239024,0,560783,0,551156,0,3765445,0,3611832,2594,1666,10965,5471444,4949056,12332,44,198
1786395878689,12368896,8698688,8841936,1162816,8239024,0,560783,0,551156,0,3765445,0,3611832,2594,1666,10965,5471444,4949056,12332,44,198
1786395879199,12368896,8698512,8841760,1162816,8239024,0,560783,0,551156,0,3765445,0,3611832,2594,1666,10965,5471444,4949056,12332,44,198
1786395879710,12368896,8698512,8841760,1162816,8239024,0,560783,0,551156,0,3765445,0,3611832,2594,1666,10965,5471444,4949056,12332,44,198
1786395880220,12368896,8698512,8841760,1162816,8239024,0,560783,0,551156,0,3765445,0,3611832,2594,1666,10965,5471444,4949056,12332,44,198
1786395880731,12368896,8698512,8841760,1162816,8239024,0,560783,0,551156,0,3765445,0,3611832,2594,1666,10965,5471444,4949056,12332,44,198
1786395881241,12368896,8698512,8841760,1162816,8239024,0,560783,0,551156,0,3765445,0,3611832,2594,1666,10965,5471444,4949056,12332,44,198
1786395881752,12368896,8698512,8841760,1162816,8239024,0,560783,0,551156,0,3765445,0,3611832,2594,1666,10965,5471444,4949056,12332,44,198
1786395882265,12368896,8698512,8841760,1162816,8239024,0,560783,0,551156,0,3765445,0,3611832,2594,1666,10965,5471444,4949056,12332,44,198
1786395882777,12368896,8698528,8841776,1162880,8239056,0,560783,0,551156,0,3783094,0,3629424,2596,1668,10965,5471444,4949056,12332,44,198
1786395883283,12368896,8698528,8841840,1162880,8239056,0,560783,0,551156,0,3783094,0,3629424,2596,1668,10965,5471444,4949056,12332,44,198
1786395883796,12368896,8698528,8841840,1162880,8239056,0,560783,0,551156,0,3783094,0,3629424,2596,1668,10965,5471444,4949056,12332,44,198
1786395884299,12368896,8698288,8841600,1162880,8239056,0,560783,0,551156,0,3783094,0,3629424,2596,1668,10965,5471444,4949056,12332,44,198
1786395884806,12368896,8698048,8841360,1162880,8239056,0,560783,0,551156,0,3783094,0,3629424,2596,1668,10965,5471444,4949056,12332,44,198
1786395885314,12368896,8698048,8841360,1162880,8239056,0,560783,0,551156,0,3783094,0,3629424,2596,1668,10965,5471444,4949056,12332,44,198
1786395885819,12368896,8698048,8841360,1162880,8239056,0,560783,0,551156,0,3783094,0,3629424,2596,1668,10965,5471444,4949056,12332,44,198
1786395886325,12368896,8698048,8841360,1162880,8239056,0,560783,0,551156,0,3783094,0,3629424,2596,1668,10965,5471444,4949056,12332,44,198
1786395886827,12368896,8698048,8841360,1162880,8239056,0,560783,0,551156,0,3783094,0,3629424,2596,1668,10965,5471444,4949056,12332,44,198
1786395887330,12368896,8698048,8841360,1162880,8239056,0,560783,0,551156,0,3783094,0,3629424,2596,1668,10965,5471444,4949056,12332,44,198
1786395887839,12368896,8697568,8840880,1162880,8239056,0,560783,0,551156,0,3783094,0,3629424,2596,1668,10965,5471444,4949056,12332,44,198
1786395888351,12368896,8697568,8840880,1162880,8239056,0,560783,0,551156,0,3783094,0,3629424,2596,1668,10965,5471444,4949056,12332,44,198
1786395888855,12368896,8697568,8840880,1162880,8239056,0,560783,0,551156,0,3783094,0,3629424,2596,1668,10965,5471444,4949056,12332,44,198
1786395889365,12368896,8697568,8840880,1162880,8239056,0,560783,0,551156,0,3783094,0,3629424,2596,1668,10965,5471444,4949056,12332,44,198
1786395889872,12368896,8697568,8840880,1162880,8239056,0,560783,0,551156,0,3783094,0,3629424,2596,1668,10965,5471444,4949056,12332,44,198
1786395890374,12368896,8696848,8840160,1162880,8239056,0,560783,0,551156,0,3783094,0,3629424,2596,1668,10965,5471444,4949056,12332,44,198
1786395890884,12368896,8696848,8840160,1162880,8239056,0,560783,0,551156,0,3783094,0,3629424,2596,1668,10965,5471444,4949056,12332,44,198
1786395891388,12368896,8696608,8839920,1162880,8239056,0,560783,0,551156,0,3783094,0,3629424,2596,1668,10965,5471444,4949056,12332,44,198
1786395891891,12368896,8696608,8839920,1162880,8239056,0,560783,0,551156,0,3783094,0,3629424,2596,1668,10965,5471444,4949056,12332,44,198
1786395892401,12368896,8696608,8839920,1162880,8239056,0,560783,0,551156,0,3783094,0,3629424,2596,1668,10965,5471444,4949056,12332,44,198
1786395892911,12368896,8696608,8839920,1162880,8239056,0,560783,0,551156,0,3783094,0,3629424,2596,1668,10965,5471444,4949056,12332,44,198
1786395893419,12368896,8696368,8839680,1162880,8239056,0,560783,0,551156,0,3783094,0,3629424,2596,1668,10965,5471444,4949056,12332,44,198
1786395893929,12368896,8696128,8839440,1162880,8239056,0,560783,0,551156,0,3783094,0,3629424,2596,1668,10965,5471444,4949056,12332,44,198
1786395894440,12368896,8696128,8839440,1162880,8239056,0,560783,0,551156,0,3783094,0,3629424,2596,1668,10965,5471444,4949056,12332,44,198
1786395894949,12368896,8695888,8839200,1162880,8239056,0,560783,0,551156,0,3783094,0,3629424,2596,1668,10965,5471444,4949056,12332,44,198
1786395895460,12368896,8695888,8839200,1162880,8239056,0,560783,0,551156,0,3783094,0,3629424,2596,1668,10965,5471444,4949056,12332,44,198
1786395895967,12368896,8695888,8839200,1162880,8239056,0,560783,0,551156,0,3783094,0,3629424,2596,1668,10965,5471444,4949056,12332,44,198
1786395896469,12368896,8695888,8839200,1162880,8239056,0,560783,0,551156,0,3783094,0,3629424,2596,1668,10965,5471444,4949056,12332,44,198
1786395896981,12368896,8695888,8839200,1162880,8239056,0,560783,0,551156,0,3783094,0,3629424,2596,1668,10965,5471444,4949056,12332,44,198
1786395897487,12368896,8695168,8838480,1162880,8239056,0,560783,0,551156,0,3783094,0,3629424,2596,1668,10965,5471444,4949056,12332,44,198
1786395897988,12368896,8695168,8838480,1162880,8239056,0,560783,0,551156,0,3783094,0,3629424,2596,1668,10965,5471444,4949056,12332,44,198
1786395898491,12368896,8694688,8838000,1162880,8239056,0,560783,0,551156,0,3783094,0,3629424,2596,1668,10965,5471444,4949056,12332,44,198
1786395898993,12368896,8694688,8838000,1162880,8239056,0,560783,0,551156,0,3783094,0,3629424,2596,1668,10965,5471444,4949056,12332,44,198
1786395899503,12368896,8694688,8838000,1162880,8239056,0,560783,0,551156,0,3783094,0,3629424,2596,1668,10965,5471444,4949056,12332,44,198
1786395900006,12368896,8694688,8838000,1162880,8239056,0,560783,0,551156,0,3783094,0,3629424,2596,1668,10965,5471444,4949056,12332,44,198
1786395900518,12368896,8694688,8838000,1162880,8239056,0,560783,0,551156,0,3783094,0,3629424,2596,1668,10965,5471444,4949056,12332,44,198
1786395901021,12368896,8694688,8838000,1162880,8239056,0,560783,0,551156,0,3783094,0,3629424,2596,1668,10965,5471444,4949056,12332,44,198
1786395901524,12368896,8694448,8837760,1162880,8239056,0,560783,0,551156,0,3783094,0,3629424,2596,1668,10965,5471444,4949056,12332,44,198
1786395902028,12368896,8694448,8837760,1162880,8239056,0,560783,0,551156,0,3783094,0,3629424,2596,1668,10965,5471444,4949056,12332,44,198
1786395902540,12368896,8694448,8837760,1162880,8239056,0,560783,0,551156,0,3783094,0,3629424,2596,1668,10965,5471444,4949056,12332,44,198
1786395903042,12368896,8693968,8837280,1162880,8239056,0,560783,0,551156,0,3783094,0,3629424,2596,1668,10965,5471444,4949056,12332,44,198
1786395903550,12368896,8693968,8837280,1162880,8239056,0,560783,0,551156,0,3783094,0,3629424,2596,1668,10965,5471444,4949056,12332,44,198
1786395904053,12368896,8693968,8837280,1162880,8239056,0,560783,0,551156,0,3783094,0,3629424,2596,1668,10965,5471444,4949056,12332,44,198
1786395904565,12368896,8693968,8837280,1162880,8239056,0,560783,0,551156,0,3783094,0,3629424,2596,1668,10965,5471444,4949056,12332,44,198
1786395905073,12368896,8693488,8836800,1162880,8239056,0,560783,0,551156,0,3783094,0,3629424,2596,1668,10965,5471444,4949056,12332,44,198
1786395905577,12368896,8693968,8837280,1162880,8239056,0,560783,0,551156,0,3783094,0,3629424,2596,1668,10965,5471444,4949056,12332,44,198
1786395906079,12368896,8693968,8837280,1162880,8239056,0,560783,0,551156,0,3783094,0,3629424,2596,1668,10965,5471444,4949056,12332,44,198
1786395906590,12368896,8693968,8837280,1162880,8239056,0,560783,0,551156,0,3783094,0,3629424,2596,1668,10965,5471444,4949056,12332,44,198
1786395907094,12368896,8693968,8837280,1162880,8239056,0,560783,0,551156,0,3783094,0,3629424,2596,1668,10965,5471444,4949056,12332,44,198
1786395907601,12368896,8693968,8837280,1162880,8239056,0,560783,0,551156,0,3783094,0,3629424,2596,1668,10965,5471444,4949056,12332,44,198
1786395908109,12368896,8693968,8837280,1162880,8239056,0,560783,0,551156,0,3783094,0,3629424,2596,1668,10965,5471444,4949056,12332,44,198
1786395908621,12368896,8693488,8836800,1162880,8239056,0,560783,0,551156,0,3783094,0,3629424,2596,1668,10965,5471444,4949056,12332,44,198
1786395909134,12368896,8693488,8836800,1162880,8239056,0,560783,0,551156,0,3783094,0,3629424,2596,1668,10965,5471444,4949056,12332,44,198
1786395909635,12368896,8693488,8836800,1162880,8239056,0,560783,0,551156,0,3783094,0,3629424,2596,1668,10965,5471444,4949056,12332,44,198
1786395910146,12368896,8693488,8836800,1162880,8239056,0,560783,0,551156,0,3783094,0,3629424,2596,1668,10965,5471444,4949056,12332,44,198
1786395910649,12368896,8693008,8836320,1162880,8239056,0,560783,0,551156,0,3783094,0,3629424,2596,1668,10965,5471444,4949056,12332,44,198
1786395911150,12368896,8693008,8836320,1162880,8239056,0,560783,0,551156,0,3783094,0,3629424,2596,1668,10965,5471444,4949056,12332,44,198
1786395911654,12368896,8693008,8836320,1162880,8239056,0,560783,0,551156,0,3783094,0,3629424,2596,1668,10965,5471444,4949056,12332,44,198
1786395912157,12368896,8692768,8836080,1162880,8239056,0,560783,0,551156,0,3783094,0,3629424,2596,1668,10965,5471444,4949056,12332,44,198
1786395912668,12368896,8692768,8836080,1162880,8239056,0,560783,0,551156,0,3783094,0,3629424,2596,1668,10965,5471444,4949056,12332,44,198
1786395913178,12368896,8692768,8836080,1162880,8239056,0,560783,0,551156,0,3783094,0,3629424,2596,1668,10965,5471444,4949056,12332,44,198
1786395913691,12368896,8692528,8835840,1162896,8239056,0,560783,0,551156,0,3783094,0,3629424,2596,1668,10965,5471444,4949056,12332,44,198
1786395914194,12368896,8692528,8835840,1163056,8239056,0,560783,0,551156,0,3790995,0,3637323,2596,1668,10965,5471444,4949056,12332,44,198
1786395914698,12368896,8692528,8835840,1163056,8239056,0,560783,0,551156,0,3790995,0,3637323,2596,1668,10965,5471444,4949056,12332,44,198
1786395915200,12368896,8692048,8835520,1163056,8239056,0,560783,0,551156,0,3790995,0,3637323,2596,1668,10965,5471444,4949056,12332,44,198
1786395915707,12368896,8692048,8835520,1163056,8239312,0,560783,0,551156,0,3791322,0,3637564,2613,1684,10965,5471444,4949056,12332,44,198
1786395916220,12368896,8692048,8835520,1163056,8239328,0,560783,0,551156,0,3791322,0,3637564,2614,1685,10965,5471444,4949056,12332,44,198
1786395916722,12368896,8692048,8836144,1163680,8239376,0,560783,0,551156,0,3791322,0,3637564,2617,1688,10965,5471444,4949056,12332,44,198
1786395917226,12368896,8692048,8836144,1163680,8239376,0,560783,0,551156,0,3791322,0,3637564,2617,1688,10965,5471444,4949056,12332,44,198
1786395917738,12368896,8692416,8836512,1163680,8239376,0,560783,0,551156,0,3791322,0,3637564,2617,1688,10965,5471444,4949056,12332,44,198
1786395918249,12368896,8692416,8836512,1163680,8239376,0,560783,0,551156,0,3791322,0,3637564,2617,1688,10965,5471444,4949056,12332,44,198
1786395918760,12368896,8692416,8836512,1163680,8239376,0,560783,0,551156,0,3791322,0,3637564,2617,1688,10965,5471444,4949056,12332,44,198
1786395919261,12368896,8692176,8836272,1163680,8239376,0,560783,0,551156,0,3791322,0,3637564,2617,1688,10965,5471444,4949056,12332,44,198
1786395919763,12368896,8691936,8836032,1163680,8239376,0,560783,0,551156,0,3791322,0,3637564,2617,1688,10965,5471444,4949056,12332,44,198
1786395920268,12368896,8691936,8836032,1163680,8239376,0,560783,0,551156,0,3791322,0,3637564,2617,1688,10965,5471444,4949056,12332,44,198
1786395920781,12368896,8691936,8836032,1163680,8239376,0,560783,0,551156,0,3791322,0,3637564,2617,1688,10965,5471444,4949056,12332,44,198
1786395921290,12368896,8691456,8835552,1163680,8239376,0,560783,0,551156,0,3791322,0,3637564,2617,1688,10965,5471444,4949056,12332,44,198
1786395921803,12368896,8691456,8835552,1163680,8239376,0,560783,0,551156,0,3791322,0,3637564,2617,1688,10965,5471444,4949056,12332,44,198
1786395922315,12368896,8691904,8836000,1163680,8239376,0,560783,0,551156,0,3791322,0,3637564,2617,1688,10965,5471444,4949056,12332,44,198
1786395922824,12368896,8691904,8836000,1163680,8239376,0,560783,0,551156,0,3791322,0,3637564,2617,1688,10965,5471444,4949056,12332,44,198
1786395923336,12368896,8691904,8836000,1163680,8239376,0,560783,0,551156,0,3791322,0,3637564,2617,1688,10965,5471444,4949056,12332,44,198
1786395923842,12368896,8691904,8836000,1163680,8239376,0,560783,0,551156,0,3791322,0,3637564,2617,1688,10965,5471444,4949056,12332,44,198
1786395924344,12368896,8692464,8836560,1163680,8239376,0,560783,0,551156,0,3791322,0,3637564,2617,1688,10965,5471444,4949056,12332,44,198
1786395924849,12368896,8692464,8836560,1163680,8239376,0,560783,0,551156,0,3791322,0,3637564,2617,1688,10965,5471444,4949056,12332,44,198
1786395925361,12368896,8692224,8836320,1163680,8239376,0,560783,0,551156,0,3791322,0,3637564,2617,1688,10965,5471444,4949056,12332,44,198
1786395925869,12368896,8691984,8836080,1163680,8239376,0,560783,0,551156,0,3791322,0,3637564,2617,1688,10965,5471444,4949056,12332,44,198
1786395926381,12368896,8691984,8836080,1163680,8239376,0,560783,0,551156,0,3791322,0,3637564,2617,1688,10965,5471444,4949056,12332,44,198
1786395926886,12368896,8691984,8836080,1163680,8239376,0,560783,0,551156,0,3791322,0,3637564,2617,1688,10965,5471444,4949056,12332,44,198
1786395927398,12368896,8691744,8835840,1163680,8239376,0,560783,0,551156,0,3791322,0,3637564,2617,1688,10965,5471444,4949056,12332,44,198
1786395927909,12368896,8691504,8835600,1163680,8239376,0,560783,0,551156,0,3791322,0,3637564,2617,1688,10965,5471444,4949056,12332,44,198
1786395928411,12368896,8691504,8835600,1163680,8239376,0,560783,0,551156,0,3791322,0,3637564,2617,1688,10965,5471444,4949056,12332,44,198
1786395928918,12368896,8691504,8835600,1163680,8239376,0,560783,0,551156,0,3791322,0,3637564,2617,1688,10965,5471444,4949056,12332,44,198
1786395929428,12368896,8691504,8835600,1163680,8239376,0,560783,0,551156,0,3791322,0,3637564,2617,1688,10965,5471444,4949056,12332,44,198
1786395929939,12368896,8691504,8835600,1163680,8239376,0,560783,0,551156,0,3791322,0,3637564,2617,1688,10965,5471444,4949056,12332,44,198
1786395930451,12368896,8691504,8835600,1163680,8239376,0,560783,0,551156,0,3791322,0,3637564,2617,1688,10965,5471444,4949056,12332,44,198
1786395930954,12368896,8691504,8835600,1163680,8239376,0,560783,0,551156,0,3791322,0,3637564,2617,1688,10965,5471444,4949056,12332,44,198
1786395931462,12368896,8691264,8835360,1163680,8239376,0,560783,0,551156,0,3791322,0,3637564,2617,1688,10965,5471444,4949056,12332,44,198
1786395931966,12368896,8691264,8835360,1163680,8239376,0,560783,0,551156,0,3791322,0,3637564,2617,1688,10965,5471444,4949056,12332,44,198
1786395932474,12368896,8691264,8835360,1163680,8239376,0,560783,0,551156,0,3791322,0,3637564,2617,1688,10965,5471444,4949056,12332,44,198
1786395932976,12368896,8691264,8835360,1163680,8239376,0,560783,0,551156,0,3791322,0,3637564,2617,1688,10965,5471444,4949056,12332,44,198
1786395933481,12368896,8691264,8835360,1163680,8239376,0,560783,0,551156,0,3791322,0,3637564,2617,1688,10965,5471444,4949056,12332,44,198
1786395933987,12368896,8691264,8835360,1163680,8239376,0,560783,0,551156,0,3791322,0,3637564,2617,1688,10965,5471444,4949056,12332,44,198
1786395934499,12368896,8691840,8835936,1163680,8239376,0,560783,0,551156,0,3791322,0,3637564,2617,1688,10965,5471444,4949056,12332,44,198
1786395935011,12368896,8691840,8835936,1163680,8239376,0,560783,0,551156,0,3791322,0,3637564,2617,1688,10965,5471444,4949056,12332,44,198
1786395935518,12368896,8691840,8835936,1163680,8239376,0,560783,0,551156,0,3791322,0,3637564,2617,1688,10965,5471444,4949056,12332,44,198
1786395936030,12368896,8692464,8836560,1163680,8239376,0,560783,0,551156,0,3791322,0,3637564,2617,1688,10965,5471444,4949056,12332,44,198
1786395936540,12368896,8692464,8836560,1163680,8239376,0,560783,0,551156,0,3791322,0,3637564,2617,1688,10965,5471444,4949056,12332,44,198
1786395937053,12368896,8692464,8836560,1163680,8239376,0,560783,0,551156,0,3791322,0,3637564,2617,1688,10965,5471444,4949056,12332,44,198
1786395937562,12368896,8692464,8836544,1163680,8239376,0,560783,0,551156,0,3791322,0,3637564,2617,1688,10965,5471444,4949056,12332,44,198
1786395938075,12368896,8692464,8836544,1163680,8239376,0,560783,0,551156,0,3791322,0,3637564,2617,1688,10965,5471444,4949056,12332,44,198
1786395938585,12368896,8692224,8836320,1163680,8239376,0,560783,0,551156,0,3791322,0,3637564,2617,1688,10965,5471444,4949056,12332,44,198
1786395939098,12368896,8692224,8836320,1163680,8239376,0,560783,0,551156,0,3791322,0,3637564,2617,1688,10965,5471444,4949056,12332,44,198
1786395939604,12368896,8692224,8836320,1163680,8239376,0,560783,0,551156,0,3791322,0,3637564,2617,1688,10965,5471444,4949056,12332,44,198
1786395940117,12368896,8692224,8836320,1163680,8239376,0,560783,0,551156,0,3791322,0,3637564,2617,1688,10965,5471444,4949056,12332,44,198
1786395940621,12368896,8692224,8836320,1163680,8239376,0,560783,0,551156,0,3791322,0,3637564,2617,1688,10965,5471444,4949056,12332,44,198
1786395941123,12368896,8692224,8836320,1163680,8239376,0,560783,0,551156,0,3791322,0,3637564,2617,1688,10965,5471444,4949056,12332,44,198
1786395941631,12368896,8692224,8836320,1163680,8239376,0,560783,0,551156,0,3791322,0,3637564,2617,1688,10965,5471444,4949056,12332,44,198
1786395942135,12368896,8692224,8836320,1163680,8239376,0,560783,0,551156,0,3791322,0,3637564,2617,1688,10965,5471444,4949056,12332,44,198
1786395942642,12368896,8692224,8836320,1163680,8239376,0,560783,0,551156,0,3791322,0,3637564,2617,1688,10965,5471444,4949056,12332,44,198
1786395943153,12368896,8692224,8836320,1163680,8239376,0,560783,0,551156,0,3791322,0,3637564,2617,1688,10965,5471444,4949056,12332,44,198
1786395943664,12368896,8692224,8836320,1163680,8239376,0,560783,0,551156,0,3791322,0,3637564,2617,1688,10965,5471444,4949056,12332,44,198
1786395944177,12368896,8692224,8836320,1163680,8239376,0,560783,0,551156,0,3791322,0,3637564,2617,1688,10965,5471444,4949056,12332,44,198
1786395944685,12368896,8692224,8836320,1163680,8239376,0,560783,0,551156,0,3791322,0,3637564,2617,1688,10965,5471444,4949056,12332,44,198
1786395945187,12368896,8692224,8836320,1163680,8239376,0,560783,0,551156,0,3791322,0,3637564,2617,1688,10965,5471444,4949056,12332,44,198
1786395945698,12368896,8692224,8836320,1163680,8239376,0,560783,0,551156,0,3791322,0,3637564,2617,1688,10965,5471444,4949056,12332,44,198
1786395946199,12368896,8692224,8836320,1163680,8239376,0,560783,0,551156,0,3791322,0,3637564,2617,1688,10965,5471444,4949056,12332,44,198
1786395946709,12368896,8692704,8836800,1163680,8239376,0,560783,0,551156,0,3791322,0,3637564,2617,1688,10965,5471444,4949056,12332,44,198
1786395947223,12368896,8692704,8836800,1163680,8239376,0,560783,0,551156,0,3791322,0,3637564,2617,1688,10965,5471444,4949056,12332,44,198
1786395947725,12368896,8692704,8836800,1163680,8239376,0,560783,0,551156,0,3791322,0,3637564,2617,1688,10965,5471444,4949056,12332,44,198
1786395948230,12368896,8692704,8836800,1163680,8239376,0,560783,0,551156,0,3791322,0,3637564,2617,1688,10965,5471444,4949056,12332,44,198
1786395948740,12368896,8692704,8836800,1163680,8239376,0,560783,0,551156,0,3791322,0,3637564,2617,1688,10965,5471444,4949056,12332,44,198
1786395949253,12368896,8692704,8836800,1163680,8239376,0,560783,0,551156,0,3791322,0,3637564,2617,1688,10965,5471444,4949056,12332,44,198
1786395949765,12368896,8692704,8836800,1163680,8239376,0,560783,0,551156,0,3791322,0,3637564,2617,1688,10965,5471444,4949056,12332,44,198
1786395950266,12368896,8692704,8836800,1163680,8239376,0,560783,0,551156,0,3791322,0,3637564,2617,1688,10965,5471444,4949056,12332,44,198
1786395950767,12368896,8692704,8836800,1163680,8239376,0,560783,0,551156,0,3791322,0,3637564,2617,1688,10965,5471444,4949056,12332,44,198
1786395951268,12368896,8692704,8836800,1163680,8239376,0,560783,0,551156,0,3791322,0,3637564,2617,1688,10965,5471444,4949056,12332,44,198
1786395951778,12368896,8692704,8836800,1163680,8239376,0,560783,0,551156,0,3791322,0,3637564,2617,1688,10965,5471444,4949056,12332,44,198
1786395952308,12368896,8692704,8836800,1163680,8239376,0,560783,0,551156,0,3791322,0,3637564,2617,1688,10965,5471444,4949056,12332,44,198
1786395952815,12368896,8692704,8836800,1163680,8239376,0,560783,0,551156,0,3791322,0,3637564,2617,1688,10965,5471444,4949056,12332,44,198
1786395953322,12368896,8692704,8836800,1163680,8239376,0,560783,0,551156,0,3791322,0,3637564,2617,1688,10965,5471444,4949056,12332,44,198
1786395953834,12368896,8692704,8836800,1163680,8239376,0,560783,0,551156,0,3791322,0,3637564,2617,1688,10965,5471444,4949056,12332,44,198
1786395954338,12368896,8692704,8836800,1163680,8239376,0,560783,0,551156,0,3791322,0,3637564,2617,1688,10965,5471444,4949056,12332,44,198
1786395954843,12368896,8692704,8836800,1163680,8239376,0,560783,0,551156,0,3791322,0,3637564,2617,1688,10965,5471444,4949056,12332,44,198
1786395955354,12368896,8693104,8837200,1163680,8239376,0,560783,0,551156,0,3791322,0,3637564,2617,1688,10965,5471444,4949056,12332,44,198
1786395955860,12368896,8693104,8837200,1163680,8239376,0,560783,0,551156,0,3791322,0,3637564,2617,1688,10965,5471444,4949056,12332,44,198
1786395956361,12368896,8693104,8837200,1163680,8239376,0,560783,0,551156,0,3791322,0,3637564,2617,1688,10965,5471444,4949056,12332,44,198
1786395956872,12368896,8693104,8837200,1163680,8239376,0,560783,0,551156,0,3791322,0,3637564,2617,1688,10965,5471444,4949056,12332,44,198
1786395957385,12368896,8693104,8837200,1163680,8239376,0,560783,0,551156,0,3791322,0,3637564,2617,1688,10965,5471444,4949056,12332,44,198
1786395957897,12368896,8693104,8837200,1163680,8239376,0,560783,0,551156,0,3791322,0,3637564,2617,1688,10965,5471444,4949056,12332,44,198
1786395958402,12368896,8693104,8837200,1163680,8239376,0,560783,0,551156,0,3791322,0,3637564,2617,1688,10965,5471444,4949056,12332,44,198
1786395958914,12368896,8693104,8837200,1163680,8239376,0,560783,0,551156,0,3791322,0,3637564,2617,1688,10965,5471444,4949056,12332,44,198
1786395959421,12368896,8693360,8837456,1163680,8239376,0,560783,0,551156,0,3791322,0,3637564,2617,1688,10965,5471444,4949056,12332,44,198
1786395959928,12368896,8693840,8837936,1163680,8239376,0,560783,0,551156,0,3791322,0,3637564,2617,1688,10965,5471444,4949056,12332,44,198
1786395960439,12368896,8693840,8837936,1163680,8239376,0,560783,0,551156,0,3791322,0,3637564,2617,1688,10965,5471444,4949056,12332,44,198
1786395960943,12368896,8693840,8837936,1163680,8239376,0,560783,0,551156,0,3791322,0,3637564,2617,1688,10965,5471444,4949056,12332,44,198
1786395961445,12368896,8693840,8837936,1163680,8239376,0,560783,0,551156,0,3791322,0,3637564,2617,1688,10965,5471444,4949056,12332,44,198
1786395961949,12368896,8693840,8837936,1163680,8239376,0,560783,0,551156,0,3791322,0,3637564,2617,1688,10965,5471444,4949056,12332,44,198
1786395962455,12368896,8694256,8838352,1163680,8239376,0,560783,0,551156,0,3791322,0,3637564,2617,1688,10965,5471444,4949056,12332,44,198
1786395962963,12368896,8694256,8838352,1163680,8239376,0,560783,0,551156,0,3791322,0,3637564,2617,1688,10965,5471444,4949056,12332,44,198
1786395963475,12368896,8694784,8838880,1163680,8239376,0,560783,0,551156,0,3791322,0,3637564,2617,1688,10965,5471444,4949056,12332,44,198
1786395963986,12368896,8694784,8838880,1163680,8239376,0,560783,0,551156,0,3791322,0,3637564,2617,1688,10965,5471444,4949056,12332,44,198
1786395964495,12368896,8694784,8838880,1163680,8239376,0,560783,0,551156,0,3791322,0,3637564,2617,1688,10965,5471444,4949056,12332,44,198
1786395965001,12368896,8694784,8838880,1163680,8239376,0,560783,0,551156,0,3791322,0,3637564,2617,1688,10965,5471444,4949056,12332,44,198
1786395965506,12368896,8694784,8838880,1163680,8239376,0,560783,0,551156,0,3791322,0,3637564,2617,1688,10965,5471444,4949056,12332,44,198
1786395966016,12368896,8694784,8838880,1163680,8239376,0,560783,0,551156,0,3791322,0,3637564,2617,1688,10965,5471444,4949056,12332,44,198
1786395966517,12368896,8695296,8839392,1163680,8239376,0,560783,0,551156,0,3791322,0,3637564,2617,1688,10965,5471444,4949056,12332,44,198
1786395967027,12368896,8695296,8839392,1163680,8239376,0,560783,0,551156,0,3791322,0,3637564,2617,1688,10965,5471444,4949056,12332,44,198
1786395967529,12368896,8695296,8839392,1163680,8239376,0,560783,0,551156,0,3791322,0,3637564,2617,1688,10965,5471444,4949056,12332,44,198
1786395968029,12368896,8695296,8839392,1163680,8239376,0,560783,0,551156,0,3791322,0,3637564,2617,1688,10965,5471444,4949056,12332,44,198
1786395968540,12368896,8694576,8838672,1163680,8239376,0,560783,0,551156,0,3791322,0,3637564,2617,1688,10965,5471444,4949056,12332,44,198
1786395969048,12368896,8694336,8838432,1163680,8239376,0,560783,0,551156,0,3791322,0,3637564,2617,1688,10965,5471444,4949056,12332,44,198
1786395969549,12368896,8694336,8838432,1163680,8239376,0,560783,0,551156,0,3791322,0,3637564,2617,1688,10965,5471444,4949056,12332,44,198
1786395970059,12368896,8694336,8838432,1163680,8239376,0,560783,0,551156,0,3791322,0,3637564,2617,1688,10965,5471444,4949056,12332,44,198
1786395970561,12368896,8694336,8838432,1163680,8239376,0,560783,0,551156,0,3791322,0,3637564,2617,1688,10965,5471444,4949056,12332,44,198
1786395971071,12368896,8694096,8838192,1163680,8239376,0,560783,0,551156,0,3791322,0,3637564,2617,1688,10965,5471444,4949056,12332,44,198
1786395971580,12368896,8694096,8838192,1163680,8239376,0,560783,0,551156,0,3791322,0,3637564,2617,1688,10965,5471444,4949056,12332,44,198
1786395972086,12368896,8694096,8838192,1163680,8239376,0,560783,0,551156,0,3791322,0,3637564,2617,1688,10965,5471444,4949056,12332,44,198
1786395972594,12368896,8693616,8837712,1163680,8239376,0,560783,0,551156,0,3791322,0,3637564,2617,1688,10965,5471444,4949056,12332,44,198
1786395973098,12368896,8693616,8837712,1163680,8239376,0,560783,0,551156,0,3791322,0,3637564,2617,1688,10965,5471444,4949056,12332,44,198
1786395973600,12368896,8693616,8837712,1163696,8239376,0,560783,0,551156,0,3791322,0,3637564,2617,1688,10965,5471444,4949056,12332,44,198
1786395974110,12368896,8693616,8837712,1163696,8239376,0,560783,0,551156,0,3791322,0,3637564,2617,1688,10965,5471444,4949056,12332,44,198
1786395974620,12368896,8693376,8837472,1163696,8239376,0,560783,0,551156,0,3791322,0,3637564,2617,1688,10965,5471444,4949056,12332,44,198
1786395975130,12368896,8693376,8837472,1163696,8239376,0,560783,0,551156,0,3791322,0,3637564,2617,1688,10965,5471444,4949056,12332,44,198
1786395975642,12368896,8693376,8837472,1163696,8239376,0,560783,0,551156,0,3791322,0,3637564,2617,1688,10965,5471444,4949056,12332,44,198
1786395976146,12368896,8693376,8837472,1163696,8239376,0,560783,0,551156,0,3791322,0,3637564,2617,1688,10965,5471444,4949056,12332,44,198
1786395976657,12368896,8693376,8837472,1163696,8239376,0,560783,0,551156,0,3791322,0,3637564,2617,1688,10965,5471444,4949056,12332,44,198
1786395977168,12368896,8693376,8837472,1163696,8239376,0,560783,0,551156,0,3791322,0,3637564,2617,1688,10965,5471444,4949056,12332,44,198
1786395977672,12368896,8693376,8837472,1163696,8239376,0,560783,0,551156,0,3791322,0,3637564,2617,1688,10965,5471444,4949056,12332,44,198
1786395978173,12368896,8693376,8837472,1163696,8239376,0,560783,0,551156,0,3791322,0,3637564,2617,1688,10965,5471444,4949056,12332,44,198
1786395978677,12368896,8693376,8837472,1163696,8239376,0,560783,0,551156,0,3791322,0,3637564,2617,1688,10965,5471444,4949056,12332,44,198
1786395979187,12368896,8693376,8837472,1163696,8239376,0,560783,0,551156,0,3791322,0,3637564,2617,1688,10965,5471444,4949056,12332,44,198
1786395979690,12368896,8693376,8837472,1163696,8239376,0,560783,0,551156,0,3791322,0,3637564,2617,1688,10965,5471444,4949056,12332,44,198
1786395980193,12368896,8693136,8837232,1163696,8239376,0,560783,0,551156,0,3791322,0,3637564,2617,1688,10965,5471444,4949056,12332,44,198
1786395980699,12368896,8693136,8837232,1163696,8239376,0,560783,0,551156,0,3791322,0,3637564,2617,1688,10965,5471444,4949056,12332,44,198
1786395981203,12368896,8693136,8837232,1163696,8239376,0,560783,0,551156,0,3791322,0,3637564,2617,1688,10965,5471444,4949056,12332,44,198
1786395981707,12368896,8693136,8837232,1163696,8239376,0,560783,0,551156,0,3791322,0,3637564,2617,1688,10965,5471444,4949056,12332,44,198
1786395982209,12368896,8693136,8837232,1163696,8239376,0,560783,0,551156,0,3791322,0,3637564,2617,1688,10965,5471444,4949056,12332,44,198
1786395982720,12368896,8693136,8837232,1163696,8239376,0,560783,0,551156,0,3791322,0,3637564,2617,1688,10965,5471444,4949056,12332,44,198
1786395983229,12368896,8693136,8837232,1163696,8239376,0,560783,0,551156,0,3791322,0,3637564,2617,1688,10965,5471444,4949056,12332,44,198
1786395983732,12368896,8692176,8836272,1163696,8239376,0,560783,0,551156,0,3791322,0,3637564,2617,1688,10965,5471444,4949056,12332,44,198
1786395984241,12368896,8692176,8836272,1163696,8239376,0,560783,0,551156,0,3791322,0,3637564,2617,1688,10965,5471444,4949056,12332,44,198
1786395984746,12368896,8692176,8836272,1163696,8239376,0,560783,0,551156,0,3791322,0,3637564,2617,1688,10965,5471444,4949056,12332,44,198
1786395985256,12368896,8692624,8836720,1163696,8239376,0,560783,0,551156,0,3791322,0,3637564,2617,1688,10965,5471444,4949056,12332,44,198
1786395985765,12368896,8692384,8836480,1163696,8239376,0,560783,0,551156,0,3791322,0,3637564,2617,1688,10965,5471444,4949056,12332,44,198
1786395986275,12368896,8692384,8836480,1163696,8239376,0,560783,0,551156,0,3791322,0,3637564,2617,1688,10965,5471444,4949056,12332,44,198
1786395986780,12368896,8692384,8836480,1163696,8239376,0,560783,0,551156,0,3791322,0,3637564,2617,1688,10965,5471444,4949056,12332,44,198
1786395987291,12368896,8692384,8836480,1163696,8239376,0,560783,0,551156,0,3791322,0,3637564,2617,1688,10965,5471444,4949056,12332,44,198
1786395987793,12368896,8691904,8836000,1163696,8239376,0,560783,0,551156,0,3791322,0,3637564,2617,1688,10965,5471444,4949056,12332,44,198
1786395988304,12368896,8691904,8836000,1163696,8239376,0,560783,0,551156,0,3791322,0,3637564,2617,1688,10965,5471444,4949056,12332,44,198
1786395988815,12368896,8691904,8836000,1163696,8239376,0,560783,0,551156,0,3791322,0,3637564,2617,1688,10965,5471444,4949056,12332,44,198
1786395989327,12368896,8691904,8836000,1163696,8239376,0,560783,0,551156,0,3791322,0,3637564,2617,1688,10965,5471444,4949056,12332,44,198
1786395989838,12368896,8691424,8835520,1163696,8239376,0,560783,0,551156,0,3791322,0,3637564,2617,1688,10965,5471444,4949056,12332,44,198
1786395990340,12368896,8691424,8835520,1163696,8239376,0,560783,0,551156,0,3791322,0,3637564,2617,1688,10965,5471444,4949056,12332,44,198
1786395990850,12368896,8691424,8835520,1163696,8239376,0,560783,0,551156,0,3791322,0,3637564,2617,1688,10965,5471444,4949056,12332,44,198
1786395991356,12368896,8691184,8835280,1163696,8239376,0,560783,0,551156,0,3791322,0,3637564,2617,1688,10965,5471444,4949056,12332,44,198
1786395991867,12368896,8691184,8835280,1163696,8239376,0,560783,0,551156,0,3791322,0,3637564,2617,1688,10965,5471444,4949056,12332,44,198
1786395992371,12368896,8690704,8834800,1163696,8239376,0,560783,0,551156,0,3791322,0,3637564,2617,1688,10965,5471444,4949056,12332,44,198
1786395992882,12368896,8690704,8834800,1163696,8239376,0,560783,0,551156,0,3791322,0,3637564,2617,1688,10965,5471444,4949056,12332,44,198
1786395993387,12368896,8690704,8834800,1163696,8239376,0,560783,0,551156,0,3791322,0,3637564,2617,1688,10965,5471444,4949056,12332,44,198
1786395993898,12368896,8690704,8834800,1163696,8239376,0,560783,0,551156,0,3791322,0,3637564,2617,1688,10965,5471444,4949056,12332,44,198
1786395994408,12368896,8691296,8835392,1163696,8239376,0,560783,0,551156,0,3791322,0,3637564,2617,1688,10965,5471444,4949056,12332,44,198
1786395994920,12368896,8691296,8835392,1163696,8239376,0,560783,0,551156,0,3791322,0,3637564,2617,1688,10965,5471444,4949056,12332,44,198
1786395995422,12368896,8691296,8835392,1163696,8239376,0,560783,0,551156,0,3791322,0,3637564,2617,1688,10965,5471444,4949056,12332,44,198
1786395995925,12368896,8691296,8835392,1163696,8239376,0,560783,0,551156,0,3791322,0,3637564,2617,1688,10965,5471444,4949056,12332,44,198
1786395996434,12368896,8691936,8836032,1163696,8239376,0,560783,0,551156,0,3791322,0,3637564,2617,1688,10965,5471444,4949056,12332,44,198
1786395996938,12368896,8691936,8836032,1163696,8239376,0,560783,0,551156,0,3791322,0,3637564,2617,1688,10965,5471444,4949056,12332,44,198
1786395997448,12368896,8691936,8836032,1163696,8239376,0,560783,0,551156,0,3791322,0,3637564,2617,1688,10965,5471444,4949056,12332,44,198
1786395997952,12368896,8691936,8836032,1163696,8239376,0,560783,0,551156,0,3791322,0,3637564,2617,1688,10965,5471444,4949056,12332,44,198
1786395998456,12368896,8691936,8836032,1163696,8239376,0,560783,0,551156,0,3791322,0,3637564,2617,1688,10965,5471444,4949056,12332,44,198
1786395998965,12368896,8691936,8836032,1163696,8239376,0,560783,0,551156,0,3791322,0,3637564,2617,1688,10965,5471444,4949056,12332,44,198
1786395999467,12368896,8692400,8836496,1163696,8239376,0,560783,0,551156,0,3791322,0,3637564,2617,1688,10965,5471444,4949056,12332,44,198
1786395999978,12368896,8692400,8836496,1163696,8239376,0,560783,0,551156,0,3791322,0,3637564,2617,1688,10965,5471444,4949056,12332,44,198
1786396000482,12368896,8692400,8836496,1163696,8239376,0,560783,0,551156,0,3791322,0,3637564,2617,1688,10965,5471444,4949056,12332,44,198
1786396000993,12368896,8692400,8836496,1163696,8239376,0,560783,0,551156,0,3791322,0,3637564,2617,1688,10965,5471444,4949056,12332,44,198
1786396001499,12368896,8693056,8837152,1163696,8239376,0,560783,0,551156,0,3791322,0,3637564,2617,1688,10965,5471444,4949056,12332,44,198
1786396002010,12368896,8693056,8837152,1163696,8239376,0,560783,0,551156,0,3791322,0,3637564,2617,1688,10965,5471444,4949056,12332,44,198
1786396002517,12368896,8693056,8837152,1163696,8239376,0,560783,0,551156,0,3791322,0,3637564,2617,1688,10965,5471444,4949056,12332,44,198
1786396003027,12368896,8693056,8837152,1163696,8239376,0,560783,0,551156,0,3791322,0,3637564,2617,1688,10965,5471444,4949056,12332,44,198
1786396003534,12368896,8693056,8837152,1163696,8239376,0,560783,0,551156,0,3791322,0,3637564,2617,1688,10965,5471444,4949056,12332,44,198
1786396004040,12106752,8501296,8646416,1163696,8239376,0,560783,0,551156,0,3791322,0,3637564,2617,1688,10965,5471444,4949056,12332,44,198
1786396004546,12106752,8501296,8646416,1163696,8239376,0,560783,0,551156,0,3791322,0,3637564,2617,1688,10965,5471444,4949056,12332,44,198
1786396005057,12106752,8501296,8646416,1163696,8239376,0,560783,0,551156,0,3791322,0,3637564,2617,1688,10965,5471444,4949056,12332,44,198
1786396005569,12106752,8501296,8646416,1163696,8239376,0,560783,0,551156,0,3791322,0,3637564,2617,1688,10965,5471444,4949056,12332,44,198
1786396006081,11844608,8240416,8386560,1163696,8239376,0,560783,0,551156,0,3791322,0,3637564,2617,1688,10965,5471444,4949056,12332,44,198
1786396006592,11844608,8240416,8386560,1163696,8239376,0,560783,0,551156,0,3791322,0,3637564,2617,1688,10965,5471444,4949056,12332,44,198
1786396007104,11844608,8240416,8386560,1163696,8239376,0,560783,0,551156,0,3791322,0,3637564,2617,1688,10965,5471444,4949056,12332,44,198
1786396007607,11844608,8240416,8386560,1163696,8239376,0,560783,0,551156,0,3791322,0,3637564,2617,1688,10965,5471444,4949056,12332,44,198
1786396008111,11582464,7979536,8126704,1163696,8239376,0,560783,0,551156,0,3791322,0,3637564,2617,1688,10965,5471444,4949056,12332,44,198
1786396008612,11582464,7979536,8126704,1163696,8239376,0,560783,0,551156,0,3791322,0,3637564,2617,1688,10965,5471444,4949056,12332,44,198
1786396009117,11582464,7979536,8126704,1163696,8239376,0,560783,0,551156,0,3791322,0,3637564,2617,1688,10965,5471444,4949056,12332,44,198
1786396009627,11582464,7979536,8126704,1163696,8239376,0,560783,0,551156,0,3791322,0,3637564,2617,1688,10965,5471444,4949056,12332,44,198
1786396010156,11320320,7718656,7866848,1163696,8239376,0,560783,0,551156,0,3791322,0,3637564,2617,1688,10965,5471444,4949056,12332,44,198
1786396010663,11320320,7718656,7866848,1163696,8239376,0,560783,0,551156,0,3791322,0,3637564,2617,1688,10965,5471444,4949056,12332,44,198
1786396011172,11320320,7718656,7866848,1163696,8239376,0,560783,0,551156,0,3791322,0,3637564,2617,1688,10965,5471444,4949056,12332,44,198
1786396011674,11288576,7688176,7836480,1163696,8239376,0,560783,0,551156,0,3791322,0,3637564,2617,1688,10965,5471444,4949056,12332,44,198
1786396012177,11058176,7457776,7606976,1163696,8239376,0,560783,0,551156,0,3791322,0,3637564,2617,1688,10965,5471444,4949056,12332,44,198
1786396012682,11058176,7457776,7606976,1163696,8239376,0,560783,0,551156,0,3791322,0,3637564,2617,1688,10965,5471444,4949056,12332,44,198
1786396013186,11058176,7457776,7606976,1163696,8239376,0,560783,0,551156,0,3791322,0,3637564,2617,1688,10965,5471444,4949056,12332,44,198
1786396013687,11048960,7450336,7599568,1163696,8239376,0,560783,0,551156,0,3791322,0,3637564,2617,1688,10965,5471444,4949056,12332,44,198
1786396014194,10796032,7196896,7347120,1163696,8239376,0,560783,0,551156,0,3791322,0,3637564,2617,1688,10965,5471444,4949056,12332,44,198
1786396014700,10796032,7196896,7347136,1163696,8239376,0,560783,0,551156,0,3791322,0,3637564,2617,1688,10965,5471444,4949056,12332,44,198
1786396015205,10796032,7196896,7347136,1163696,8239376,0,560783,0,551156,0,3791322,0,3637564,2617,1688,10965,5471444,4949056,12332,44,198
1786396015706,10780672,7181536,7331824,1163696,8239376,0,560783,0,551156,0,3791322,0,3637564,2617,1688,10965,5471444,4949056,12332,44,198
1786396016214,10533888,6927856,7079120,1163696,8239376,0,560783,0,551156,0,3791322,0,3637564,2617,1688,10965,5471444,4949056,12332,44,198
1786396016722,10533888,6927856,7079120,1163696,8239376,0,560783,0,551156,0,3791322,0,3637564,2617,1688,10965,5471444,4949056,12332,44,198
1786396017227,10533888,6927856,7079120,1163696,8239376,0,560783,0,551156,0,3791322,0,3637564,2617,1688,10965,5471444,4949056,12332,44,198
1786396017728,10517504,6912736,7064064,1163696,8239376,0,560783,0,551156,0,3791322,0,3637564,2617,1688,10965,5471444,4949056,12332,44,198
1786396018230,10343424,6743776,6895776,1163696,8239376,0,560783,0,551156,0,3791322,0,3637564,2617,1688,10965,5471444,4949056,12332,44,198
1786396018731,10326016,6720736,6872800,1163696,8239376,0,560783,0,551156,0,3791322,0,3637564,2617,1688,10965,5471444,4949056,12332,44,198
1786396019232,10271744,6666976,6819264,1163696,8239376,0,560783,0,551156,0,3791322,0,3637564,2617,1688,10965,5471444,4949056,12332,44,198
1786396019734,10257408,6651856,6804192,1163696,8239376,0,560783,0,551156,0,3791322,0,3637564,2617,1688,10965,5471444,4949056,12332,44,198
1786396020241,10009600,6406096,6559408,1163696,8239376,0,560783,0,551156,0,3791322,0,3637564,2617,1688,10965,5471444,4949056,12332,44,198
1786396020745,10009600,6405856,6559168,1163696,8239376,0,560783,0,551156,0,3791322,0,3637564,2617,1688,10965,5471444,4949056,12332,44,198
1786396021249,10009600,6405856,6559168,1163696,8239376,0,560783,0,551156,0,3791322,0,3637564,2617,1688,10965,5471444,4949056,12332,44,198
1786396021752,9935872,6336976,6490576,1163696,8239376,0,560783,0,551156,0,3791322,0,3637564,2617,1688,10965,5471444,4949056,12332,44,198
1786396022263,9747456,6144736,6299072,1163696,8239376,0,560783,0,551156,0,3791322,0,3637564,2617,1688,10965,5471444,4949056,12332,44,198
1786396022769,9747456,6144736,6299072,1163696,8239376,0,560783,0,551156,0,3791322,0,3637564,2617,1688,10965,5471444,4949056,12332,44,198
1786396023280,9747456,6144736,6299072,1163696,8239376,0,560783,0,551156,0,3791322,0,3637564,2617,1688,10965,5471444,4949056,12332,44,198
1786396023782,9672704,6068176,6222800,1163696,8239376,0,560783,0,551156,0,3791322,0,3637564,2617,1688,10965,5471444,4949056,12332,44,198
1786396024293,9485312,5883856,6039216,1163696,8239376,0,560783,0,551156,0,3791322,0,3637564,2617,1688,10965,5471444,4949056,12332,44,198
1786396024799,9485312,5883856,6039216,1163696,8239376,0,560783,0,551156,0,3791322,0,3637564,2617,1688,10965,5471444,4949056,12332,44,198
1786396025311,9485312,5885904,6041264,1163696,8239376,0,560783,0,551156,0,3791322,0,3637564,2617,1688,10965,5471444,4949056,12332,44,198
1786396025822,9389056,5786688,5942416,1163696,8239376,0,560783,0,551156,0,3791322,0,3637564,2617,1688,10965,5471444,4949056,12332,44,198
1786396026326,9223168,5624784,5781168,1163696,8239376,0,560783,0,551156,0,3791322,0,3637564,2617,1688,10965,5471444,4949056,12332,44,198
1786396026838,9223168,5624784,5781168,1163696,8239376,0,560783,0,551156,0,3791322,0,3637564,2617,1688,10965,5471444,4949056,12332,44,198
1786396027348,9223168,5624784,5781168,1163696,8239376,0,560783,0,551156,0,3791322,0,3637564,2617,1688,10965,5471444,4949056,12332,44,198
1786396027849,9153536,5555904,5712560,1163696,8239376,0,560783,0,551156,0,3791322,0,3637564,2617,1688,10965,5471444,4949056,12332,44,198
1786396028355,8961024,5363904,5521312,1163696,8239376,0,560783,0,551156,0,3791322,0,3637564,2617,1688,10965,5471444,4949056,12332,44,198
1786396028857,8961024,5363904,5521312,1163696,8239376,0,560783,0,551156,0,3791322,0,3637564,2617,1688,10965,5471444,4949056,12332,44,198
1786396029364,8961024,5363904,5521312,1163696,8239376,0,560783,0,551156,0,3791322,0,3637564,2617,1688,10965,5471444,4949056,12332,44,198
1786396029867,8896512,5295024,5452672,1163696,8239376,0,560783,0,551156,0,3791322,0,3637564,2617,1688,10965,5471444,4949056,12332,44,198
1786396030369,8709120,5110704,5269088,1163696,8239376,0,560783,0,551156,0,3791322,0,3637564,2617,1688,10965,5471444,4949056,12332,44,198
1786396030881,8698880,5095344,5253776,1163696,8239376,0,560783,0,551156,0,3791322,0,3637564,2617,1688,10965,5471444,4949056,12332,44,198
1786396031384,8698880,5095344,5253776,1163696,8239376,0,560783,0,551156,0,3791322,0,3637564,2617,1688,10965,5471444,4949056,12332,44,198
1786396031887,8543232,4941984,5101024,1163696,8239376,0,560783,0,551156,0,3791322,0,3637564,2617,1688,10965,5471444,4949056,12332,44,198
1786396032388,8436736,4834464,4993920,1163696,8239376,0,560783,0,551156,0,3791322,0,3637564,2617,1688,10965,5471444,4949056,12332,44,198
1786396032890,8436736,4834464,4993920,1163696,8239376,0,560783,0,551156,0,3791322,0,3637564,2617,1688,10965,5471444,4949056,12332,44,198
1786396033398,8436736,4834464,4993920,1163696,8239376,0,560783,0,551156,0,3791322,0,3637564,2617,1688,10965,5471444,4949056,12332,44,198
1786396033901,8332288,4734864,4894720,1163712,8239376,0,560783,0,551156,0,3791322,0,3637564,2617,1688,10965,5471444,4949056,12332,44,198
1786396034412,8174592,4573584,4734064,1163712,8239376,0,560783,0,551156,0,3791322,0,3637564,2617,1688,10965,5471444,4949056,12332,44,198
1786396034920,8174592,4573584,4734064,1163712,8239376,0,560783,0,551156,0,3791322,0,3637564,2617,1688,10965,5471444,4949056,12332,44,198
1786396035432,8174592,4573584,4734064,1163712,8239376,0,560783,0,551156,0,3791322,0,3637564,2617,1688,10965,5471444,4949056,12332,44,198
1786396035937,8020992,4420224,4581296,1163712,8239376,0,560783,0,551156,0,3791322,0,3637564,2617,1688,10965,5471444,4949056,12332,44,198
1786396036448,7912448,4313664,4475168,1163712,8239376,0,560783,0,551156,0,3791322,0,3637564,2617,1688,10965,5471444,4949056,12332,44,198
1786396036959,7912448,4313664,4475168,1163712,8239376,0,560783,0,551156,0,3791322,0,3637564,2617,1688,10965,5471444,4949056,12332,44,198
1786396037466,7912448,4313664,4475168,1163712,8239376,0,560783,0,551156,0,3791322,0,3637564,2617,1688,10965,5471444,4949056,12332,44,198
1786396037967,7729152,4130208,4292416,1163712,8239376,0,560783,0,551156,0,3791322,0,3637564,2617,1688,10965,5471444,4949056,12332,44,198
1786396038467,7650304,4052784,4215312,1163712,8239376,0,560783,0,551156,0,3791322,0,3637564,2617,1688,10965,5471444,4949056,12332,44,198
1786396038983,7650304,4052544,4215072,1163712,8239376,0,560783,0,551156,0,3791322,0,3637564,2617,1688,10965,5471444,4949056,12332,44,198
1786396039490,7650304,4052544,4215072,1163712,8239376,0,560783,0,551156,0,3791322,0,3637564,2617,1688,10965,5471444,4949056,12332,44,198
1786396039999,7418880,3822144,3985568,1163712,8239376,0,560783,0,551156,0,3791322,0,3637564,2617,1688,10965,5471444,4949056,12332,44,198
1786396040509,7388160,3791424,3954976,1163712,8239376,0,560783,0,551156,0,3791322,0,3637564,2617,1688,10965,5471444,4949056,12332,44,198
1786396041021,7388160,3791424,3954976,1163712,8239376,0,560783,0,551156,0,3791322,0,3637564,2617,1688,10965,5471444,4949056,12332,44,198
1786396041524,7388160,3791424,3954976,1163712,8239376,0,560783,0,551156,0,3791322,0,3637564,2617,1688,10965,5471444,4949056,12332,44,198
1786396042032,7144448,3542544,3707040,1163712,8239376,0,560783,0,551156,0,3791322,0,3637564,2617,1688,10965,5471444,4949056,12332,44,198
1786396042543,7126016,3527184,3691760,1163712,8239376,0,560783,0,551156,0,3791322,0,3637564,2617,1688,10965,5471444,4949056,12332,44,198
1786396043053,7126016,3527184,3691760,1163712,8239376,0,560783,0,551156,0,3791322,0,3637564,2617,1688,10965,5471444,4949056,12332,44,198
1786396043564,7126016,3527184,3691760,1163712,8239376,0,560783,0,551156,0,3791322,0,3637564,2617,1688,10965,5471444,4949056,12332,44,198
1786396044065,6969344,3366768,3531952,1163712,8239376,0,560783,0,551156,0,3791322,0,3637564,2617,1688,10965,5471444,4949056,12332,44,198
1786396044572,6863872,3281904,3447296,1163712,8239376,0,560783,0,551156,0,3791322,0,3637564,2617,1688,10965,5471444,4949056,12332,44,198
1786396045076,6863872,3281664,3447056,1163712,8239376,0,560783,0,551156,0,3791322,0,3637564,2617,1688,10965,5471444,4949056,12332,44,198
1786396045586,6863872,3280944,3446336,1163712,8239376,0,560783,0,551156,0,3791322,0,3637564,2617,1688,10965,5471444,4949056,12332,44,198
1786396046097,6601728,3021024,3186416,1163712,8239376,0,560783,0,551156,0,3791322,0,3637564,2617,1688,10965,5471444,4949056,12332,44,198
1786396046607,6601728,3020784,3186176,1163712,8239376,0,560783,0,551156,0,3791322,0,3637564,2617,1688,10965,5471444,4949056,12332,44,198
1786396047112,6601728,3020784,3186176,1163712,8239376,0,560783,0,551156,0,3791322,0,3637564,2617,1688,10965,5471444,4949056,12332,44,198
1786396047622,6601728,3020784,3186176,1163712,8239376,0,560783,0,551156,0,3791322,0,3637564,2617,1688,10965,5471444,4949056,12332,44,198
1786396048133,6339584,2759904,2925296,1163712,8239376,0,560783,0,551156,0,3791322,0,3637564,2617,1688,10965,5471444,4949056,12332,44,198
1786396048644,6339584,2759904,2925296,1163712,8239376,0,560783,0,551156,0,3791322,0,3637564,2617,1688,10965,5471444,4949056,12332,44,198
1786396049149,6339584,2759904,2925296,1163712,8239376,0,560783,0,551156,0,3791322,0,3637564,2617,1688,10965,5471444,4949056,12332,44,198
1786396049661,6339584,2759664,2925056,1163712,8239376,0,560783,0,551156,0,3791322,0,3637564,2617,1688,10965,5471444,4949056,12332,44,198
1786396050172,6077440,2491104,2656496,1163712,8239376,0,560783,0,551156,0,3791322,0,3637564,2617,1688,10965,5471444,4949056,12332,44,198
1786396050672,6077440,2491104,2656496,1163712,8239376,0,560783,0,551156,0,3791322,0,3637564,2617,1688,10965,5471444,4949056,12332,44,198
1786396051176,6077440,2491104,2656496,1163712,8239376,0,560783,0,551156,0,3791322,0,3637564,2617,1688,10965,5471444,4949056,12332,44,198
1786396051688,6077440,2491104,2656496,1163712,8239376,0,560783,0,551156,0,3791322,0,3637564,2617,1688,10965,5471444,4949056,12332,44,198
1786396052199,5815296,2230224,2395616,1163712,8239376,0,560783,0,551156,0,3791322,0,3637564,2617,1688,10965,5471444,4949056,12332,44,198
1786396052701,5815296,2230224,2395616,1163712,8239376,0,560783,0,551156,0,3791322,0,3637564,2617,1688,10965,5471444,4949056,12332,44,198
1786396053206,5815296,2230224,2395616,1163712,8239376,0,560783,0,551156,0,3791322,0,3637564,2617,1688,10965,5471444,4949056,12332,44,198
1786396053715,5815296,2230224,2395616,1163712,8239376,0,560783,0,551156,0,3791322,0,3637564,2617,1688,10965,5471444,4949056,12332,44,198
1786396054223,5553152,1969344,2134736,1163712,8239376,0,560783,0,551156,0,3791322,0,3637564,2617,1688,10965,5471444,4949056,12332,44,198
1786396054725,5553152,1969344,2134736,1163712,8239376,0,560783,0,551156,0,3791322,0,3637564,2617,1688,10965,5471444,4949056,12332,44,198
1786396055228,5553152,1969344,2134736,1163696,8239376,0,560783,0,551156,0,3791322,0,3637564,2617,1688,10965,5471444,4949056,12332,44,198
1786396055729,5553152,1969344,2134736,1163712,8239376,0,560783,0,551156,0,3791322,0,3637564,2617,1688,10965,5471444,4949056,12332,44,198
1786396056235,5291008,1709424,1874816,1163712,8239376,0,560783,0,551156,0,3791322,0,3637564,2617,1688,10965,5471444,4949056,12332,44,198
1786396056746,5291008,1709424,1874816,1163712,8239376,0,560783,0,551156,0,3791322,0,3637564,2617,1688,10965,5471444,4949056,12332,44,198
1786396057249,5291008,1709424,1874816,1163712,8239376,0,560783,0,551156,0,3791322,0,3637564,2617,1688,10965,5471444,4949056,12332,44,198
1786396057760,5291008,1709424,1874816,1163712,8239376,0,560783,0,551156,0,3791322,0,3637564,2617,1688,10965,5471444,4949056,12332,44,198
1786396058266,5028864,1448544,1613936,1163712,8239376,0,560783,0,551156,0,3791322,0,3637564,2617,1688,10965,5471444,4949056,12332,44,198
1786396058777,5028864,1448304,1613696,1163712,8239376,0,560783,0,551156,0,3791322,0,3637564,2617,1688,10965,5471444,4949056,12332,44,198
1786396059278,5028864,1448304,1613696,1163712,8239376,0,560783,0,551156,0,3791322,0,3637564,2617,1688,10965,5471444,4949056,12332,44,198
1786396059781,5028864,1448064,1613456,1163712,8239376,0,560783,0,551156,0,3791322,0,3637564,2617,1688,10965,5471444,4949056,12332,44,198
1786396060283,4766720,1179504,1344896,1163712,8239376,0,560783,0,551156,0,3791322,0,3637564,2617,1688,10965,5471444,4949056,12332,44,198
1786396060791,4766720,1179504,1344896,1163712,8239376,0,560783,0,551156,0,3791322,0,3637564,2617,1688,10965,5471444,4949056,12332,44,198
1786396061309,4766720,1179504,1344896,1163712,8239376,0,560783,0,551156,0,3791322,0,3637564,2617,1688,10965,5471444,4949056,12332,44,198
1786396061812,4766720,1179504,1344896,1163712,8239376,0,560783,0,551156,0,3791322,0,3637564,2617,1688,10965,5471444,4949056,12332,44,198
1786396062317,4504576,919104,1084496,1163712,8239376,0,560783,0,551156,0,3791322,0,3637564,2617,1688,10965,5471444,4949056,12332,44,198
1786396062824,4504576,919104,1084496,1163712,8239376,0,560783,0,551156,0,3791322,0,3637564,2617,1688,10965,5471444,4949056,12332,44,198
1786396063336,4504576,919104,1084496,1163712,8239376,0,560783,0,551156,0,3791322,0,3637564,2617,1688,10965,5471444,4949056,12332,44,198
1786396063837,4504576,919104,1084496,1163712,8239376,0,560783,0,551156,0,3791322,0,3637564,2617,1688,10965,5471444,4949056,12332,44,198
1786396064348,4242432,658224,823616,1163712,8239376,0,560783,0,551156,0,3791322,0,3637564,2617,1688,10965,5471444,4949056,12332,44,198
1786396064850,4242432,658224,823616,1163712,8239376,0,560783,0,551156,0,3791322,0,3637564,2617,1688,10965,5471444,4949056,12332,44,198
1786396065352,4242432,658224,823616,1163712,8239376,0,560783,0,551156,0,3791322,0,3637564,2617,1688,10965,5471444,4949056,12332,44,198
1786396065862,4242432,658224,823616,1163712,8239376,0,560783,0,551156,0,3791322,0,3637564,2617,1688,10965,5471444,4949056,12332,44,198
1786396066374,3980288,662912,565920,900848,8238144,0,562866,0,553239,0,3791322,0,3637564,2617,1688,11039,5488226,4965564,12332,44,199
1786396066879,3980288,539376,558768,1017808,8238112,0,578843,0,568680,0,3805124,0,3650787,2621,1688,11041,5505932,4983261,12332,44,199
1786396067384,3980288,539552,559200,1017760,8238112,0,578843,0,568680,0,3805124,0,3650787,2621,1688,11041,5505939,4983267,12332,44,199
1786396067896,3980288,577280,579536,1000560,8236832,0,595209,0,584864,0,3824095,0,3669733,2627,1692,11126,5662624,5008277,12332,44,201
1786396068407,3924608,514576,518992,1003088,8236832,0,595209,0,584864,0,3825807,0,3671338,2633,1692,11126,5662624,5008277,12332,44,201
1786396068908,3924608,532464,510352,976656,8236832,0,599825,0,589417,18,3832655,18,3678145,2634,1692,11126,5671504,5017156,12332,44,201
1786396069419,3924608,579984,510880,929328,8236832,0,600847,0,590440,18,3832655,18,3678145,2634,1692,11126,5674462,5020114,12332,44,201
1786396069921,3924608,579984,510880,929328,8236832,0,600847,0,590440,18,3832655,18,3678145,2634,1692,11126,5674462,5020114,12332,44,201
1786396070432,3924608,604560,520752,914640,8236832,0,626300,0,615690,18,3849938,18,3695346,2634,1692,11126,5709943,5055584,12332,44,202
1786396070944,3924608,604560,520752,914640,8236832,18,626300,18,615690,32,3849938,32,3695346,2634,1692,11126,5709943,5055584,12332,44,202
1786396071450,3924608,558992,506128,945312,8236448,18,635557,18,624836,32,3862582,32,3707879,2634,1692,11146,5726478,5071685,12332,44,203
1786396071961,3924608,558992,506128,945344,8236448,18,635557,18,624836,32,3862582,32,3707879,2634,1692,11146,5726478,5071685,12332,44,203
1786396072472,3942768,562976,531216,966512,8236416,18,641073,18,630225,32,3869227,32,3714387,2638,1692,11148,5735508,5080672,12332,44,203
1786396072979,3942768,562976,531216,966512,8236416,14,641073,14,630225,26,3869227,26,3714387,2638,1692,11148,5735508,5080672,12332,44,203
1786396073480,3942768,571760,538384,964752,8236288,14,644766,14,633918,26,3871998,26,3717157,2638,1692,11156,5744561,5089708,12332,44,204
1786396073990,3942768,605664,547152,940400,8235872,14,670339,14,659404,26,3890711,26,3735794,2638,1692,11182,5771739,5116785,12332,44,205
1786396074494,3919904,582976,525216,940560,8235872,14,670339,14,659404,26,3890711,26,3735794,2638,1692,11182,5771739,5116785,12332,44,205
1786396075006,3919904,624896,530400,904096,8224944,30,677386,30,666438,40,3898213,40,3743243,2639,1692,11859,5918244,5130583,12332,44,207
1786396075516,3919904,624896,530400,904160,8224960,30,677386,30,666438,40,3900705,40,3745727,2640,1693,11859,5918244,5130583,12332,44,207
1786396076027,3919904,541200,537104,995312,8224960,30,685030,30,673956,40,3909044,40,3754061,2643,1693,11859,5928566,5140905,12332,44,207
1786396076529,3919904,541904,538240,994560,8224960,30,685030,30,673956,40,3909574,40,3754516,2643,1693,11859,5928566,5140905,12332,44,207
1786396077031,3919904,534608,538912,1002400,8224960,24,685157,24,674083,32,3909670,32,3754613,2643,1693,11859,5928566,5140905,12332,44,207
1786396077538,3919904,674384,559072,863952,8224944,24,693255,24,682181,32,3915074,32,3760016,2643,1693,11860,5941924,5154253,12332,44,208
1786396078043,3919904,674384,559072,863952,8224944,24,693255,24,682181,32,3915074,32,3760016,2643,1693,11860,5941924,5154253,12332,44,208
1786396078554,3885120,543584,505920,960400,8224736,24,694667,24,683547,32,3925033,32,3769948,2643,1693,11873,5951019,5163317,12332,44,208
1786396079066,3885120,543584,505920,960400,8224736,20,694667,20,683547,26,3925033,26,3769948,2643,1693,11873,5951019,5163317,12332,44,208
1786396079578,3903488,530544,525520,992896,8224736,20,708192,20,696978,26,3938047,26,3782833,2649,1693,11873,5963061,5175350,12332,44,209
1786396080081,3903488,530544,525520,992896,8224736,20,708192,20,696978,26,3938047,26,3782833,2649,1693,11873,5963061,5175350,12332,44,209
1786396080584,3903488,550640,525936,974320,8224640,20,739993,20,728412,26,3967266,26,3811912,2650,1693,11879,5990275,5202540,12332,44,210
1786396081090,3903488,543104,524320,980624,8224640,52,749562,52,737854,57,3974356,57,3818982,2650,1693,11879,5999325,5211589,12332,44,210
1786396081602,3903488,543264,524752,980016,8224640,52,749562,52,737854,57,3974356,57,3818982,2650,1693,11879,5999344,5211604,12332,44,210
1786396082109,3903488,608224,519424,909440,8224640,52,749866,52,738158,57,3983084,57,3827710,2650,1693,11879,6017328,5229583,12332,44,211
1786396082615,3903488,608224,519424,909440,8224640,43,749866,43,738158,47,3983084,47,3827710,2650,1693,11879,6017328,5229583,12332,44,211
1786396083126,3903488,537584,521808,982096,8224640,43,749951,43,738243,47,3992478,47,3837020,2650,1693,11879,6026326,5238581,12332,44,211
1786396083633,3903488,537504,522320,982736,8224640,43,749951,43,738243,47,3992478,47,3837020,2650,1693,11879,6026326,5238581,12332,44,211
1786396084136,3903488,474544,521664,1045632,8224640,43,752106,43,740399,47,3997916,47,3842299,2650,1693,11879,6035385,5247640,12332,44,211
1786396084647,3903488,611440,524016,910896,8224640,35,752990,35,741283,39,3998861,39,3843245,2650,1693,11879,6044381,5256636,12332,44,212
1786396085152,3903488,611440,524016,910896,8224640,35,752990,35,741283,39,3998861,39,3843245,2650,1693,11879,6044381,5256636,12332,44,212
1786396085664,3903488,531888,517888,984208,8224640,35,753049,35,741341,39,4007709,39,3852018,2650,1693,11879,6053360,5265615,12332,44,212
1786396086166,3903488,531888,517888,984208,8224640,35,753049,35,741341,39,4007709,39,3852018,2650,1693,11879,6053360,5265615,12332,44,212
1786396086674,3903488,599840,514704,912912,8224640,28,753278,28,741571,31,4015189,31,3859495,2651,1694,11879,6071395,5283638,12332,44,213
1786396087181,3903488,599840,514704,912912,8224656,28,753278,28,741571,31,4015189,31,3859495,2651,1694,11879,6071395,5283638,12332,44,213
1786396087684,3903488,532656,513648,979984,8225136,28,760999,28,749284,31,4035692,31,3879402,2682,1711,11904,6080331,5292560,12332,44,213
1786396088194,3903488,566368,517408,948896,8224944,28,762073,28,750358,31,4037739,31,3881450,2682,1711,11916,6083361,5295589,12332,44,213
1786396088706,3903488,566368,517408,948896,8224944,23,762073,23,750358,44,4037739,44,3881450,2682,1711,11916,6083361,5295589,12332,44,213
1786396089211,3903488,538928,515072,974384,8224448,23,764159,23,752445,44,4047055,44,3890730,2682,1711,11947,6095382,5307600,12332,44,213
1786396089716,3903488,538928,515072,974384,8224448,23,764159,23,752445,44,4047055,44,3890730,2682,1711,11947,6095382,5307600,12332,44,213
1786396090218,3903488,613280,520864,906640,8224448,23,767453,23,755738,44,4051421,44,3895037,2682,1711,11947,6113195,5325409,12332,44,214
1786396090729,3903488,613808,521424,906208,8224448,19,767453,19,755738,36,4051421,36,3895037,2682,1711,11947,6113200,5325414,12332,44,214
1786396091230,3903488,543488,524208,979120,8224448,19,767595,19,755880,36,4063704,36,3907219,2682,1711,11947,6122167,5334381,12332,44,214
1786396091732,3903488,543488,524704,979568,8224448,19,767595,19,755880,36,4063704,36,3907219,2682,1711,11947,6122167,5334381,12332,44,214
1786396092234,3903488,543488,524704,979568,8224448,19,767595,19,755880,36,4063704,36,3907219,2682,1711,11947,6122167,5334381,12332,44,214
1786396092739,3903488,599968,510976,909456,8224448,15,769894,15,758179,47,4073737,47,3917189,2682,1711,11947,6140096,5352310,12332,44,215
1786396093252,3903488,600368,511376,909456,8224448,15,769894,15,758179,47,4073737,47,3917189,2682,1711,11947,6140101,5352315,12332,44,215
1786396093756,3903488,569152,506864,936480,8224448,15,772015,15,760300,47,4078719,47,3922037,2682,1711,11947,6151947,5364161,12332,44,215
1786396094274,3920912,568448,506624,936608,8224448,15,772015,15,760300,47,4078719,47,3922037,2682,1711,11947,6151947,5364161,12332,44,215
1786396094778,3920912,543344,524640,980496,8224448,12,772449,12,760728,39,4093420,39,3936732,2682,1711,11947,6163149,5375299,12332,44,216
1786396095290,3920912,561008,525520,962928,8224448,12,772601,12,760880,39,4093420,39,3936732,2682,1711,11947,6163854,5376068,12332,44,216
1786396095792,3920912,561008,525520,962928,8224448,12,772601,12,760880,39,4093420,39,3936732,2682,1711,11947,6163854,5376068,12332,44,216
1786396096300,3920912,544720,534864,988592,8224448,12,772943,12,761222,39,4102289,39,3945562,2682,1711,11947,6175827,5388041,12332,44,216
1786396096812,3920912,544720,534864,988592,8224448,10,772943,10,761222,50,4102289,50,3945562,2682,1711,11947,6175827,5388041,12332,44,216
1786396097323,3920912,612720,531664,917344,8224016,10,773344,10,761620,50,4107207,50,3950398,2682,1711,11974,6193840,5406054,12332,44,217
1786396097827,3920912,612720,531664,917344,8224016,10,773344,10,761620,50,4107207,50,3950398,2682,1711,11974,6193840,5406054,12332,44,217
1786396098339,3920912,537824,532736,993504,8223792,10,773928,10,762197,50,4119858,50,3962306,2703,1712,11989,6202879,5415093,12332,44,217
1786396098841,3920912,537120,532144,993760,8223792,8,773928,8,762197,41,4119858,41,3962306,2703,1712,11989,6202879,5415093,12332,44,217
1786396099342,3920912,466512,534176,1066288,8223552,8,775400,8,763669,41,4126208,41,3968631,2703,1712,12004,6211908,5424122,12332,44,218
1786396099847,3920912,610768,534960,922816,8223328,8,776772,8,765041,41,4126208,41,3968631,2703,1712,12018,6220883,5433097,12332,44,218
1786396100357,3920912,611040,535216,922800,8223328,8,776772,8,765041,41,4126208,41,3968631,2703,1712,12018,6220892,5433106,12332,44,218
1786396100861,3920912,539968,536832,995040,8223120,7,776913,7,765182,33,4135031,33,3977329,2703,1712,12031,6229929,5442143,12332,44,218
1786396101366,3920912,539280,536608,995344,8223120,7,776913,7,765182,33,4135031,33,3977329,2703,1712,12031,6229929,5442143,12332,44,218
1786396101878,3920912,607952,534000,924064,8222864,7,777324,7,765593,33,4143488,33,3985783,2703,1712,12047,6247929,5460143,12332,44,219
1786396102386,3920912,607648,534064,924800,8222864,7,777324,7,765593,33,4143488,33,3985783,2703,1712,12047,6247929,5460143,12332,44,219
1786396102888,3920912,534560,533520,996944,8222864,5,777536,5,765805,27,4153596,27,3995594,2703,1712,12047,6256953,5469167,12332,44,219
1786396103399,3920912,534416,534032,997616,8222864,5,777536,5,765805,27,4153596,27,3995594,2703,1712,12047,6256953,5469167,12332,44,219
1786396103900,3920912,534416,534032,997616,8222864,5,777536,5,765805,27,4153596,27,3995594,2703,1712,12047,6256953,5469167,12332,44,219
1786396104411,3920912,599456,528176,926720,8222864,5,779726,5,767995,27,4164046,27,4005956,2703,1712,12047,6274937,5487151,12332,44,220
1786396104922,3920912,599456,528176,926720,8222864,4,779726,4,767995,40,4164046,40,4005956,2703,1712,12047,6274937,5487151,12332,44,220
1786396105434,3920912,528896,530048,999600,8222864,4,781097,4,769366,40,4170493,40,4012310,2703,1712,12047,6283961,5496175,12332,44,220
1786396105944,3920912,528896,530048,999600,8222864,4,781097,4,769366,40,4170493,40,4012310,2703,1712,12047,6283961,5496175,12332,44,220
1786396106453,3920912,602064,532768,928688,8222864,4,783200,4,771468,40,4181887,40,4023620,2703,1712,12047,6301945,5514159,12332,44,221
1786396106954,3920912,602064,532768,928688,8222864,3,783200,3,771468,33,4181887,33,4023620,2703,1712,12047,6301945,5514159,12332,44,221
1786396107462,3920912,602336,533024,928672,8222864,3,783200,3,771468,33,4181887,33,4023620,2703,1712,12047,6301945,5514159,12332,44,221
1786396107973,3920912,531056,535200,1002576,8222864,3,783831,3,772100,33,4196483,33,4038027,2703,1712,12047,6310905,5523119,12332,44,221
1786396108485,3920912,531056,535680,1002576,8222864,3,783831,3,772100,33,4196483,33,4038027,2703,1712,12047,6310905,5523119,12332,44,221
1786396108991,3920912,596096,529792,932096,8222864,3,785643,3,773912,45,4208272,45,4049681,2703,1712,12047,6328889,5541103,12332,44,222
1786396109498,3920912,596096,529792,932096,8222864,3,785643,3,773912,45,4208272,45,4049681,2703,1712,12047,6328889,5541103,12332,44,222
1786396110011,3920912,530336,537488,1005968,8222864,3,787114,3,775382,45,4212445,45,4053779,2703,1712,12047,6337849,5550063,12332,44,222
1786396110522,3920912,530816,537392,1005552,8222864,3,787114,3,775382,45,4212445,45,4053779,2703,1712,12047,6337849,5550063,12332,44,222
1786396111024,3920912,530720,533216,1000928,8222864,2,789499,2,777768,37,4215584,37,4056909,2703,1712,12047,6346873,5559087,12332,44,222
1786396111532,3920912,596576,532720,934528,8222864,2,789656,2,777924,37,4223587,37,4064907,2703,1712,12047,6355833,5568047,12332,44,223
1786396112043,3920912,596576,532720,934528,8222864,2,789656,2,777924,37,4223587,37,4064907,2703,1712,12047,6355833,5568047,12332,44,223
1786396112555,3920912,572576,534064,959920,8222864,2,791490,2,779758,37,4232708,37,4074024,2703,1712,12047,6367801,5580015,12332,44,223
1786396113060,3920912,572576,534064,959920,8222864,2,791490,2,779758,48,4232708,48,4074024,2703,1712,12047,6367801,5580015,12332,44,223
1786396113571,3920912,548960,535680,985104,8222864,2,791674,2,779942,48,4248749,48,4090064,2703,1712,12047,6379833,5592047,12332,44,223
1786396114074,3920912,548960,535680,985136,8222864,2,792585,2,780798,48,4249587,48,4090884,2704,1712,12047,6379833,5592047,12332,44,223
1786396114577,3920912,475616,534688,1057152,8222864,2,792745,2,780957,48,4258544,48,4099839,2704,1712,12047,6388857,5601071,12332,44,224
1786396115079,3920912,617936,534672,914816,8222864,1,795755,1,783968,56,4258544,56,4099839,2704,1712,12047,6397753,5609967,12332,44,224
1786396115582,3920912,617936,534672,914816,8222864,1,795755,1,783968,56,4258544,56,4099839,2704,1712,12047,6397753,5609967,12332,44,224
1786396116092,3920912,542224,533136,989296,8222864,1,797024,1,785237,56,4270057,56,4111219,2704,1712,12047,6406713,5618927,12332,44,224
1786396116601,3920912,542816,533056,988624,8222864,1,797024,1,785237,56,4270057,56,4111219,2704,1712,12047,6406713,5618927,12332,44,224
1786396117113,3920912,613616,532848,917680,8222864,1,800591,1,788804,47,4278805,47,4119963,2704,1712,12047,6424697,5636911,12332,44,225
1786396117624,3920912,613616,532928,917760,8222864,1,800591,1,788804,47,4278805,47,4119963,2704,1712,12047,6424697,5636911,12332,44,225
1786396118132,3920912,539824,533264,991952,8222864,1,801268,1,789481,47,4293312,47,4134470,2704,1712,12047,6433657,5645871,12332,44,225
1786396118642,3920912,540416,533744,991280,8222864,1,801268,1,789481,56,4293312,56,4134470,2704,1712,12047,6433657,5645871,12332,44,225
1786396119142,3920912,470336,535536,1063632,8222864,1,802536,1,790749,56,4306913,56,4148047,2704,1712,12047,6442681,5654895,12332,44,226
1786396119652,3920912,613616,536032,920800,8222864,1,803237,1,791450,56,4307098,56,4148232,2704,1712,12047,6451641,5663855,12332,44,226
1786396120161,3920912,613616,536032,920800,8222864,1,803237,1,791450,56,4307098,56,4148232,2704,1712,12047,6451641,5663855,12332,44,226
1786396120671,3920912,539456,534304,993248,8222864,0,804095,0,792308,64,4314859,64,4155888,2704,1712,12047,6460665,5672879,12332,44,226
1786396121181,3920912,539456,534304,993248,8222864,0,804095,0,792308,64,4314859,64,4155888,2704,1712,12047,6460665,5672879,12332,44,226
1786396121692,3903888,605872,530352,922624,8222864,0,807801,0,796006,64,4322601,64,4163445,2704,1712,12047,6478649,5690863,12332,44,227
1786396122202,3903888,605872,530352,922624,8222864,0,807801,0,796006,64,4322601,64,4163445,2704,1712,12047,6478649,5690863,12332,44,227
1786396122713,3903888,528160,525712,995632,8222864,0,808448,0,796652,53,4333857,53,4174509,2704,1712,12047,6487609,5699823,12332,44,227
1786396123214,3903888,527696,525728,996336,8222864,0,808448,0,796652,53,4333857,53,4174509,2704,1712,12047,6487609,5699823,12332,44,227
1786396124414,3903888,590576,518688,926448,8222864,0,810182,0,798387,53,4345524,53,4186038,2704,1712,12047,6505529,5717743,12332,44,228
1786396124923,3903888,566576,520176,951984,8222864,0,810630,0,798835,43,4358579,43,4198703,2704,1712,12047,6517497,5729711,12332,44,228
1786396125425,3903888,566576,520176,951984,8222864,0,810630,0,798835,43,4358579,43,4198703,2704,1712,12047,6517497,5729711,12332,44,228
1786396125928,5285264,1643648,1724880,1079856,8222864,0,810630,0,798835,43,4362217,43,4202336,2704,1712,12047,6517497,5729711,12332,44,228
1786396126429,6847888,3208464,3296944,1087104,8224144,0,810959,0,799140,43,4364100,43,4204122,2797,1792,12047,6517497,5729711,12332,44,228
1786396126933,8406416,4829520,4912192,1087104,8224144,0,810959,0,799140,35,4364100,35,4204122,2797,1792,12047,6517497,5729711,12332,44,228
1786396127435,9983376,6411136,6487648,1087104,8224144,0,810959,0,799140,35,4364100,35,4204122,2797,1792,12047,6517497,5729711,12332,44,228
1786396127937,11540880,7962960,8033392,1087104,8224144,0,810959,0,799140,35,4364100,35,4204122,2797,1792,12047,6517497,5729711,12332,44,228
1786396128438,12368896,8792400,8859600,1087104,8224144,0,810959,0,799140,35,4364100,35,4204122,2797,1792,12047,6517497,5729711,12332,44,228
1786396128940,12368896,8792400,8859792,1087104,8224144,0,810959,0,799140,28,4364100,28,4204122,2797,1792,12047,6517497,5729711,12332,44,228
1786396129442,12368896,8792400,8859792,1087104,8224144,0,810959,0,799140,28,4364100,28,4204122,2797,1792,12047,6517497,5729711,12332,44,228
1786396129952,12368896,8792400,8859792,1087104,8224144,0,810959,0,799140,28,4364100,28,4204122,2797,1792,12047,6517497,5729711,12332,44,228
1786396130461,12368896,8792400,8859792,1087104,8224144,0,810959,0,799140,28,4364100,28,4204122,2797,1792,12047,6517497,5729711,12332,44,228
1786396130972,12368896,8792400,8859792,1087104,8224144,0,810959,0,799140,23,4364100,23,4204122,2797,1792,12047,6517497,5729711,12332,44,228
1786396131479,12368896,8792400,8859792,1087104,8224144,0,810959,0,799140,23,4364100,23,4204122,2797,1792,12047,6517497,5729711,12332,44,228
1786396131985,12368896,8792400,8859792,1087104,8224144,0,810959,0,799140,23,4364100,23,4204122,2797,1792,12047,6517497,5729711,12332,44,228
1786396132488,12368896,8792400,8859792,1087104,8224144,0,810959,0,799140,23,4364100,23,4204122,2797,1792,12047,6517497,5729711,12332,44,228
1786396132999,12368896,8792400,8859792,1087104,8224144,0,810959,0,799140,19,4364100,19,4204122,2797,1792,12047,6517497,5729711,12332,44,228
1786396133505,12368896,8792400,8859792,1087104,8224144,0,810959,0,799140,19,4364100,19,4204122,2797,1792,12047,6517497,5729711,12332,44,228
1786396134009,12368896,8793184,8860576,1087104,8224144,0,810959,0,799140,19,4364100,19,4204122,2797,1792,12047,6517497,5729711,12332,44,228
1786396134520,12368896,8793488,8860880,1087104,8224144,0,810959,0,799140,19,4364100,19,4204122,2797,1792,12047,6517497,5729711,12332,44,228
1786396135028,12368896,8793488,8860880,1087104,8224144,0,810959,0,799140,15,4364100,15,4204122,2797,1792,12047,6517497,5729711,12332,44,228
1786396135538,12368896,8793488,8860880,1087104,8224144,0,810959,0,799140,15,4364100,15,4204122,2797,1792,12047,6517497,5729711,12332,44,228
1786396136045,12368896,8793488,8860880,1087104,8224144,0,810959,0,799140,15,4364100,15,4204122,2797,1792,12047,6517497,5729711,12332,44,228
1786396136549,12368896,8793488,8860880,1087104,8224144,0,810959,0,799140,15,4364100,15,4204122,2797,1792,12047,6517497,5729711,12332,44,228
1786396137052,12368896,8793488,8860880,1087104,8224144,0,810959,0,799140,12,4364100,12,4204122,2797,1792,12047,6517497,5729711,12332,44,228
1786396137563,12368896,8793488,8860880,1087104,8224144,0,810959,0,799140,12,4364100,12,4204122,2797,1792,12047,6517497,5729711,12332,44,228
1786396138070,12368896,8793488,8860880,1087104,8224144,0,810959,0,799140,12,4364100,12,4204122,2797,1792,12047,6517497,5729711,12332,44,228
1786396138580,12368896,8793488,8860880,1087104,8224144,0,810959,0,799140,12,4364100,12,4204122,2797,1792,12047,6517497,5729711,12332,44,228
1786396139083,12368896,8793488,8860880,1087104,8224144,0,810959,0,799140,10,4364100,10,4204122,2797,1792,12047,6517497,5729711,12332,44,228
1786396139596,12368896,8793488,8860880,1087104,8224144,0,810959,0,799140,10,4364100,10,4204122,2797,1792,12047,6517497,5729711,12332,44,228
1786396140099,12368896,8793488,8860880,1087104,8224144,0,810959,0,799140,10,4364100,10,4204122,2797,1792,12047,6517497,5729711,12332,44,228
1786396140603,12368896,8793488,8860880,1087104,8224144,0,810959,0,799140,10,4364100,10,4204122,2797,1792,12047,6517497,5729711,12332,44,228
1786396141107,12368896,8793488,8860880,1087104,8224144,0,810959,0,799140,8,4364100,8,4204122,2797,1792,12047,6517497,5729711,12332,44,228
1786396141608,12368896,8793488,8860880,1087104,8224144,0,810959,0,799140,8,4364100,8,4204122,2797,1792,12047,6517497,5729711,12332,44,228
1786396142120,12368896,8793488,8860880,1087104,8224144,0,810959,0,799140,8,4364100,8,4204122,2797,1792,12047,6517497,5729711,12332,44,228
1786396142632,12368896,8793936,8861328,1087104,8224144,0,810959,0,799140,7,4364100,7,4204122,2797,1792,12047,6517497,5729711,12332,44,228
1786396143135,12368896,8793936,8861328,1087104,8224144,0,810959,0,799140,7,4364100,7,4204122,2797,1792,12047,6517497,5729711,12332,44,228
1786396143637,12368896,8793936,8861328,1087104,8224144,0,810959,0,799140,7,4364100,7,4204122,2797,1792,12047,6517497,5729711,12332,44,228
1786396144146,12368896,8793936,8861328,1087104,8224144,0,810959,0,799140,7,4364100,7,4204122,2797,1792,12047,6517497,5729711,12332,44,228
1786396144657,12368896,8793936,8861328,1087104,8224144,0,810959,0,799140,5,4364100,5,4204122,2797,1792,12047,6517497,5729711,12332,44,228
1786396145159,12368896,8793936,8861328,1087104,8224144,0,810959,0,799140,5,4364100,5,4204122,2797,1792,12047,6517497,5729711,12332,44,228
1786396145667,12368896,8794240,8861632,1087104,8224144,0,810959,0,799140,5,4364100,5,4204122,2797,1792,12047,6517497,5729711,12332,44,228
1786396146176,12368896,8794240,8861632,1087104,8224144,0,810959,0,799140,5,4364100,5,4204122,2797,1792,12047,6517497,5729711,12332,44,228
1786396146688,12368896,8794576,8861968,1087104,8224144,0,810959,0,799140,4,4364100,4,4204122,2797,1792,12047,6517497,5729711,12332,44,228
1786396147191,12368896,8794576,8861968,1087104,8224144,0,810959,0,799140,4,4364100,4,4204122,2797,1792,12047,6517497,5729711,12332,44,228
1786396147698,12368896,8794576,8861968,1087104,8224144,0,810959,0,799140,4,4364100,4,4204122,2797,1792,12047,6517497,5729711,12332,44,228
1786396148201,12368896,8794576,8861968,1087104,8224144,0,810959,0,799140,4,4364100,4,4204122,2797,1792,12047,6517497,5729711,12332,44,228
1786396148707,12368896,8794992,8862384,1087104,8224144,0,810959,0,799140,3,4364100,3,4204122,2797,1792,12047,6517497,5729711,12332,44,228
1786396149214,12368896,8794992,8862384,1087104,8224144,0,810959,0,799140,3,4364100,3,4204122,2797,1792,12047,6517497,5729711,12332,44,228
1786396149717,12368896,8794992,8862384,1087104,8224144,0,810959,0,799140,3,4364100,3,4204122,2797,1792,12047,6517497,5729711,12332,44,228
1786396150218,12368896,8795552,8862944,1087104,8224144,0,810959,0,799140,3,4364100,3,4204122,2797,1792,12047,6517497,5729711,12332,44,228
1786396150726,12368896,8795552,8862944,1087104,8224144,0,810959,0,799140,3,4364100,3,4204122,2797,1792,12047,6517497,5729711,12332,44,228
1786396151227,12368896,8795552,8862944,1087104,8224144,0,810959,0,799140,3,4364100,3,4204122,2797,1792,12047,6517497,5729711,12332,44,228
1786396151729,12368896,8795552,8862944,1087104,8224144,0,810959,0,799140,3,4364100,3,4204122,2797,1792,12047,6517497,5729711,12332,44,228
1786396152234,12368896,8796112,8863504,1087104,8224144,0,810959,0,799140,3,4364100,3,4204122,2797,1792,12047,6517497,5729711,12332,44,228
1786396152737,12368896,8796112,8863504,1087104,8224144,0,810959,0,799140,2,4364100,2,4204122,2797,1792,12047,6517497,5729711,12332,44,228
1786396153249,12368896,8795872,8863264,1087104,8224144,0,810959,0,799140,2,4364100,2,4204122,2797,1792,12047,6517497,5729711,12332,44,228
1786396153755,12368896,8795872,8863264,1087104,8224144,0,810959,0,799140,2,4364100,2,4204122,2797,1792,12047,6517497,5729711,12332,44,228
1786396154256,12368896,8795632,8863024,1087104,8224144,0,810959,0,799140,2,4364100,2,4204122,2797,1792,12047,6517497,5729711,12332,44,228
1786396154761,12368896,8795632,8863024,1087104,8224144,0,810959,0,799140,2,4364100,2,4204122,2797,1792,12047,6517497,5729711,12332,44,228
1786396155265,12368896,8795632,8863024,1087120,8224144,0,810959,0,799140,2,4364100,2,4204122,2797,1792,12047,6517497,5729711,12332,44,228
1786396155777,12368896,8795632,8863024,1087120,8224144,0,810959,0,799140,2,4364100,2,4204122,2797,1792,12047,6517497,5729711,12332,44,228
1786396156287,12368896,8795632,8863024,1087120,8224144,0,810959,0,799140,2,4364100,2,4204122,2797,1792,12047,6517497,5729711,12332,44,228
1786396156791,12368896,8795632,8863024,1087120,8224144,0,810959,0,799140,1,4364100,1,4204122,2797,1792,12047,6517497,5729711,12332,44,228
1786396157303,12368896,8795632,8863024,1087120,8224144,0,810959,0,799140,1,4364100,1,4204122,2797,1792,12047,6517497,5729711,12332,44,228
1786396157815,12368896,8795632,8863024,1087120,8224144,0,810959,0,799140,1,4364100,1,4204122,2797,1792,12047,6517497,5729711,12332,44,228
1786396158322,12368896,8795632,8863024,1087120,8224144,0,810959,0,799140,1,4364100,1,4204122,2797,1792,12047,6517497,5729711,12332,44,228
1786396158824,12368896,8795632,8863024,1087120,8224144,0,810959,0,799140,1,4364100,1,4204122,2797,1792,12047,6517497,5729711,12332,44,228
1786396159334,12368896,8795632,8863024,1087120,8224144,0,810959,0,799140,1,4364100,1,4204122,2797,1792,12047,6517497,5729711,12332,44,228
1786396159842,12368896,8796224,8863616,1087120,8224144,0,810959,0,799140,1,4364100,1,4204122,2797,1792,12047,6517497,5729711,12332,44,228
1786396160346,12368896,8796224,8863616,1087120,8224144,0,810959,0,799140,1,4364100,1,4204122,2797,1792,12047,6517497,5729711,12332,44,228
1786396160849,12368896,8796224,8863616,1087120,8224144,0,810959,0,799140,1,4364100,1,4204122,2797,1792,12047,6517497,5729711,12332,44,228
1786396161352,12368896,8796224,8863616,1087120,8224144,0,810959,0,799140,1,4364100,1,4204122,2797,1792,12047,6517497,5729711,12332,44,228
1786396161857,12368896,8796880,8864272,1087120,8224144,0,810959,0,799140,1,4364100,1,4204122,2797,1792,12047,6517497,5729711,12332,44,228
1786396162364,12368896,8796880,8864272,1087120,8224144,0,810959,0,799140,1,4364100,1,4204122,2797,1792,12047,6517497,5729711,12332,44,228
1786396162870,12368896,8796880,8864272,1087120,8224144,0,810959,0,799140,0,4364100,0,4204122,2797,1792,12047,6517497,5729711,12332,44,228
1786396163377,12368896,8796880,8864272,1087120,8224144,0,810959,0,799140,0,4364100,0,4204122,2797,1792,12047,6517497,5729711,12332,44,228
1786396163889,12368896,8796880,8864272,1087120,8224144,0,810959,0,799140,0,4364100,0,4204122,2797,1792,12047,6517497,5729711,12332,44,228
1786396164401,12368896,8796880,8864272,1087120,8224144,0,810959,0,799140,0,4364100,0,4204122,2797,1792,12047,6517497,5729711,12332,44,228
1786396164906,12368896,8796880,8864272,1087120,8224144,0,810959,0,799140,0,4364100,0,4204122,2797,1792,12047,6517497,5729711,12332,44,228
1786396165410,12368896,8796880,8864272,1087120,8224144,0,810959,0,799140,0,4364100,0,4204122,2797,1792,12047,6517497,5729711,12332,44,228
1786396165922,12368896,8797104,8864496,1087120,8224144,0,810959,0,799140,0,4364100,0,4204122,2797,1792,12047,6517497,5729711,12332,44,228
1786396166427,12368896,8797104,8864496,1087120,8224144,0,810959,0,799140,0,4364100,0,4204122,2797,1792,12047,6517497,5729711,12332,44,228
1786396166940,12368896,8797104,8864496,1087120,8224144,0,810959,0,799140,0,4364100,0,4204122,2797,1792,12047,6517497,5729711,12332,44,228
1786396167450,12368896,8797104,8864496,1087120,8224144,0,810959,0,799140,0,4364100,0,4204122,2797,1792,12047,6517497,5729711,12332,44,228
1786396167953,12368896,8797104,8864496,1087120,8224144,0,810959,0,799140,0,4364100,0,4204122,2797,1792,12047,6517497,5729711,12332,44,228
1786396168455,12368896,8797104,8864496,1087120,8224144,0,810959,0,799140,0,4364100,0,4204122,2797,1792,12047,6517497,5729711,12332,44,228
1786396168967,12368896,8796864,8864256,1087120,8224144,0,810959,0,799140,0,4364100,0,4204122,2797,1792,12047,6517497,5729711,12332,44,228
1786396169469,12368896,8796864,8864256,1087120,8224144,0,810959,0,799140,0,4364100,0,4204122,2797,1792,12047,6517497,5729711,12332,44,228
1786396169974,12368896,8796864,8864256,1087120,8224144,0,810959,0,799140,0,4364100,0,4204122,2797,1792,12047,6517497,5729711,12332,44,228
1786396170481,12368896,8796624,8864016,1087120,8224144,0,810959,0,799140,0,4364100,0,4204122,2797,1792,12047,6517497,5729711,12332,44,228
1786396170987,12368896,8796624,8864016,1087120,8224144,0,810959,0,799140,0,4364100,0,4204122,2797,1792,12047,6517497,5729711,12332,44,228
1786396171490,12368896,8797008,8864400,1087120,8224144,0,810959,0,799140,0,4364100,0,4204122,2797,1792,12047,6517497,5729711,12332,44,228
1786396172002,12368896,8797008,8864400,1087120,8224144,0,810959,0,799140,0,4364100,0,4204122,2797,1792,12047,6517497,5729711,12332,44,228
1786396172514,12368896,8797280,8864672,1087120,8224144,0,810959,0,799140,0,4364100,0,4204122,2797,1792,12047,6517497,5729711,12332,44,228
1786396173017,12368896,8797280,8864672,1087120,8224144,0,810959,0,799140,0,4364100,0,4204122,2797,1792,12047,6517497,5729711,12332,44,228
1786396173520,12368896,8797280,8864672,1087120,8224144,0,810959,0,799140,0,4364100,0,4204122,2797,1792,12047,6517497,5729711,12332,44,228
1786396174025,12368896,8797280,8864672,1087120,8224144,0,810959,0,799140,0,4364100,0,4204122,2797,1792,12047,6517497,5729711,12332,44,228
1786396174530,12368896,8797280,8864672,1087120,8224144,0,810959,0,799140,0,4364100,0,4204122,2797,1792,12047,6517497,5729711,12332,44,228
1786396175034,12368896,8797280,8864672,1087120,8224144,0,810959,0,799140,0,4364100,0,4204122,2797,1792,12047,6517497,5729711,12332,44,228
1786396175538,12368896,8797520,8864912,1087120,8224144,0,810959,0,799140,0,4364100,0,4204122,2797,1792,12047,6517497,5729711,12332,44,228
1786396176049,12368896,8797280,8864672,1087120,8224144,0,810959,0,799140,0,4364100,0,4204122,2797,1792,12047,6517497,5729711,12332,44,228
1786396176557,12368896,8797280,8864672,1087120,8224144,0,810959,0,799140,0,4364100,0,4204122,2797,1792,12047,6517497,5729711,12332,44,228
1786396177069,12368896,8797280,8864672,1087120,8224144,0,810959,0,799140,0,4364100,0,4204122,2797,1792,12047,6517497,5729711,12332,44,228
1786396177574,12368896,8797280,8864672,1087120,8224144,0,810959,0,799140,0,4364100,0,4204122,2797,1792,12047,6517497,5729711,12332,44,228
1786396178076,12368896,8797280,8864672,1087120,8224144,0,810959,0,799140,0,4364100,0,4204122,2797,1792,12047,6517497,5729711,12332,44,228
1786396178587,12368896,8797280,8864672,1087120,8224144,0,810959,0,799140,0,4364100,0,4204122,2797,1792,12047,6517497,5729711,12332,44,228
1786396179096,12368896,8797280,8864672,1087120,8224144,0,810959,0,799140,0,4364100,0,4204122,2797,1792,12047,6517497,5729711,12332,44,228
1786396179609,12368896,8797040,8864432,1087120,8224144,0,810959,0,799140,0,4364100,0,4204122,2797,1792,12047,6517497,5729711,12332,44,228
1786396180119,12368896,8797040,8864432,1087120,8224144,0,810959,0,799140,0,4364100,0,4204122,2797,1792,12047,6517497,5729711,12332,44,228
1786396180632,12368896,8797040,8864432,1087120,8224144,0,810959,0,799140,0,4364100,0,4204122,2797,1792,12047,6517497,5729711,12332,44,228
1786396181139,12368896,8797040,8864432,1087120,8224144,0,810959,0,799140,0,4364100,0,4204122,2797,1792,12047,6517497,5729711,12332,44,228
1786396181647,12368896,8797248,8864640,1087120,8224144,0,810959,0,799140,0,4364100,0,4204122,2797,1792,12047,6517497,5729711,12332,44,228
1786396182150,12368896,8797248,8864640,1087120,8224144,0,810959,0,799140,0,4364100,0,4204122,2797,1792,12047,6517497,5729711,12332,44,228
1786396182652,12368896,8797248,8864640,1087120,8224144,0,810959,0,799140,0,4364100,0,4204122,2797,1792,12047,6517497,5729711,12332,44,228
1786396183154,12368896,8797248,8864640,1087120,8224144,0,810959,0,799140,0,4364100,0,4204122,2797,1792,12047,6517497,5729711,12332,44,228
1786396183667,12368896,8797248,8864640,1087120,8224144,0,810959,0,799140,0,4364100,0,4204122,2797,1792,12047,6517497,5729711,12332,44,228
1786396184178,12368896,8797248,8864640,1087120,8224144,0,810959,0,799140,0,4364100,0,4204122,2797,1792,12047,6517497,5729711,12332,44,228
1786396184690,12368896,8797008,8864400,1087120,8224144,0,810959,0,799140,0,4364100,0,4204122,2797,1792,12047,6517497,5729711,12332,44,228
1786396185195,12368896,8797008,8864400,1087120,8224144,0,810959,0,799140,0,4364100,0,4204122,2797,1792,12047,6517497,5729711,12332,44,228
1786396185700,12368896,8752496,8883264,1151920,8231648,0,814171,0,802139,0,4412471,0,4250791,3392,2273,12047,6517497,5729711,12332,44,228
1786396186211,12368896,8752496,8884512,1151920,8231648,0,814171,0,802139,0,4412471,0,4250791,3392,2273,12047,6517497,5729711,12332,44,228
1786396186714,12368896,8751440,8884224,1152528,8231648,0,814171,0,802139,36,4412471,36,4250791,3392,2273,12047,6517497,5729711,12332,44,228
1786396187215,12368896,8751440,8884224,1152528,8231648,0,814171,0,802139,36,4412471,36,4250791,3392,2273,12047,6517497,5729711,12332,44,228
1786396187715,12368896,8751440,8884224,1152528,8231648,0,814171,0,802139,36,4412471,36,4250791,3392,2273,12047,6517497,5729711,12332,44,228
1786396188217,12368896,8751440,8884224,1152528,8231648,0,814171,0,802139,36,4412471,36,4250791,3392,2273,12047,6517497,5729711,12332,44,228
1786396188728,12368896,8751440,8884224,1152528,8231648,0,814171,0,802139,28,4412471,28,4250791,3392,2273,12047,6517497,5729711,12332,44,228
1786396189234,12368896,8751440,8884272,1152528,8231648,0,814171,0,802139,28,4412471,28,4250791,3392,2273,12047,6517497,5729711,12332,44,228
1786396189737,12368896,8751440,8884272,1152528,8231648,0,814171,0,802139,28,4412471,28,4250791,3392,2273,12047,6517497,5729711,12332,44,228
1786396190249,12368896,8751200,8884032,1152528,8231648,0,814171,0,802139,28,4412471,28,4250791,3392,2273,12047,6517497,5729711,12332,44,228
1786396190752,12368896,8751200,8884032,1152528,8231648,0,814171,0,802139,24,4412471,24,4250791,3392,2273,12047,6517497,5729711,12332,44,228
1786396191257,12368896,8751200,8884032,1152528,8231648,0,814171,0,802139,24,4412471,24,4250791,3392,2273,12047,6517497,5729711,12332,44,228
1786396191763,12368896,8751200,8884032,1152528,8231648,0,814171,0,802139,24,4412471,24,4250791,3392,2273,12047,6517497,5729711,12332,44,228
1786396192274,12368896,8751200,8884032,1152528,8231648,0,814171,0,802139,24,4412471,24,4250791,3392,2273,12047,6517497,5729711,12332,44,228
1786396192776,12368896,8751200,8884032,1152528,8231648,0,814171,0,802139,19,4412471,19,4250791,3392,2273,12047,6517497,5729711,12332,44,228
1786396193278,12368896,8750960,8883792,1152528,8231648,0,814171,0,802139,19,4412471,19,4250791,3392,2273,12047,6517497,5729711,12332,44,228
1786396193784,12368896,8750960,8883792,1152528,8231648,0,814171,0,802139,19,4412471,19,4250791,3392,2273,12047,6517497,5729711,12332,44,228
1786396194294,12368896,8750960,8883792,1152528,8231648,0,814171,0,802139,19,4412471,19,4250791,3392,2273,12047,6517497,5729711,12332,44,228
1786396194797,12368896,8750960,8883792,1152528,8231648,0,814171,0,802139,16,4412471,16,4250791,3392,2273,12047,6517497,5729711,12332,44,228
1786396195303,12368896,8750720,8883552,1152528,8231648,0,814171,0,802139,16,4412471,16,4250791,3392,2273,12047,6517497,5729711,12332,44,228
1786396195812,12368896,8750720,8883552,1152528,8231648,0,814171,0,802139,16,4412471,16,4250791,3392,2273,12047,6517497,5729711,12332,44,228
1786396196313,12368896,8750720,8883552,1152528,8231648,0,814171,0,802139,16,4412471,16,4250791,3392,2273,12047,6517497,5729711,12332,44,228
1786396196819,12368896,8750720,8883552,1152528,8231648,0,814171,0,802139,13,4412471,13,4250791,3392,2273,12047,6517497,5729711,12332,44,228
1786396197330,12368896,8750720,8883552,1152528,8231648,0,814171,0,802139,13,4412471,13,4250791,3392,2273,12047,6517497,5729711,12332,44,228
1786396197840,12368896,8750480,8883312,1152528,8231648,0,814171,0,802139,13,4412471,13,4250791,3392,2273,12047,6517497,5729711,12332,44,228
1786396198341,12368896,8750240,8883072,1152528,8231648,0,814171,0,802139,13,4412471,13,4250791,3392,2273,12047,6517497,5729711,12332,44,228
1786396198850,12368896,8750240,8883072,1152528,8231648,0,814171,0,802139,10,4412471,10,4250791,3392,2273,12047,6517497,5729711,12332,44,228
1786396199351,12368896,8750240,8883072,1152528,8231648,0,814171,0,802139,10,4412471,10,4250791,3392,2273,12047,6517497,5729711,12332,44,228
1786396199853,12368896,8750240,8883072,1152528,8231648,0,814171,0,802139,10,4412471,10,4250791,3392,2273,12047,6517497,5729711,12332,44,228
1786396200358,12368896,8750240,8883072,1152528,8231648,0,814171,0,802139,10,4412471,10,4250791,3392,2273,12047,6517497,5729711,12332,44,228
1786396200865,12368896,8750240,8883072,1152528,8231648,0,814171,0,802139,8,4412471,8,4250791,3392,2273,12047,6517497,5729711,12332,44,228
1786396201368,12368896,8750240,8883072,1152528,8231648,0,814171,0,802139,8,4412471,8,4250791,3392,2273,12047,6517497,5729711,12332,44,228
1786396201881,12368896,8749760,8882592,1152528,8231648,0,814171,0,802139,8,4412471,8,4250791,3392,2273,12047,6517497,5729711,12332,44,228
1786396202385,12368896,8749760,8882592,1152528,8231648,0,814171,0,802139,8,4412471,8,4250791,3392,2273,12047,6517497,5729711,12332,44,228
1786396202887,12368896,8749760,8882592,1152528,8231648,0,814171,0,802139,7,4412471,7,4250791,3392,2273,12047,6517497,5729711,12332,44,228
1786396203391,12368896,8749760,8882592,1152528,8231648,0,814171,0,802139,7,4412471,7,4250791,3392,2273,12047,6517497,5729711,12332,44,228
1786396203898,12368896,8749760,8882592,1152528,8231648,0,814171,0,802139,7,4412471,7,4250791,3392,2273,12047,6517497,5729711,12332,44,228
1786396204399,12368896,8749760,8882592,1152528,8231648,0,814171,0,802139,7,4412471,7,4250791,3392,2273,12047,6517497,5729711,12332,44,228
1786396204912,12368896,8749760,8882592,1152528,8231648,0,814171,0,802139,5,4412471,5,4250791,3392,2273,12047,6517497,5729711,12332,44,228
1786396205420,12368896,8749040,8881872,1152528,8231648,0,814171,0,802139,5,4412471,5,4250791,3392,2273,12047,6517497,5729711,12332,44,228
1786396205932,12368896,8749040,8881872,1152528,8231648,0,814171,0,802139,5,4412471,5,4250791,3392,2273,12047,6517497,5729711,12332,44,228
1786396206444,12368896,8748800,8881632,1152528,8231648,0,814171,0,802139,5,4412471,5,4250791,3392,2273,12047,6517497,5729711,12332,44,228
1786396206950,12368896,8748800,8881632,1152528,8231648,0,814171,0,802139,4,4412471,4,4250791,3392,2273,12047,6517497,5729711,12332,44,228
1786396207452,12368896,8748800,8881632,1152528,8231648,0,814171,0,802139,4,4412471,4,4250791,3392,2273,12047,6517497,5729711,12332,44,228
1786396207955,12368896,8748800,8881632,1152528,8231648,0,814171,0,802139,4,4412471,4,4250791,3392,2273,12047,6517497,5729711,12332,44,228
1786396208463,12368896,8748800,8881632,1152528,8231648,0,814171,0,802139,4,4412471,4,4250791,3392,2273,12047,6517497,5729711,12332,44,228
1786396208969,12368896,8748800,8881632,1152528,8231648,0,814171,0,802139,3,4412471,3,4250791,3392,2273,12047,6517497,5729711,12332,44,228
1786396209472,12368896,8748800,8881632,1152528,8231648,0,814171,0,802139,3,4412471,3,4250791,3392,2273,12047,6517497,5729711,12332,44,228
1786396209980,12368896,8748800,8881632,1152528,8231648,0,814171,0,802139,3,4412471,3,4250791,3392,2273,12047,6517497,5729711,12332,44,228
1786396210490,12368896,8748800,8881632,1152528,8231648,0,814171,0,802139,3,4412471,3,4250791,3392,2273,12047,6517497,5729711,12332,44,228
1786396210994,12368896,8748800,8881632,1152528,8231648,0,814171,0,802139,3,4412471,3,4250791,3392,2273,12047,6517497,5729711,12332,44,228
1786396211497,12368896,8748560,8881392,1152528,8231648,0,814171,0,802139,3,4412471,3,4250791,3392,2273,12047,6517497,5729711,12332,44,228
1786396212009,12368896,8748560,8881392,1152528,8231648,0,814171,0,802139,3,4412471,3,4250791,3392,2273,12047,6517497,5729711,12332,44,228
1786396212519,12368896,8748560,8881392,1152528,8231648,0,814171,0,802139,3,4412471,3,4250791,3392,2273,12047,6517497,5729711,12332,44,228
1786396213024,12368896,8748560,8881392,1152528,8231648,0,814171,0,802139,2,4412471,2,4250791,3392,2273,12047,6517497,5729711,12332,44,228
1786396213534,12368896,8748560,8881392,1152528,8231648,0,814171,0,802139,2,4412471,2,4250791,3392,2273,12047,6517497,5729711,12332,44,228
1786396214036,12368896,8748560,8881392,1152528,8231648,0,814171,0,802139,2,4412471,2,4250791,3392,2273,12047,6517497,5729711,12332,44,228
1786396214548,12368896,8748560,8881392,1152528,8231648,0,814171,0,802139,2,4412471,2,4250791,3392,2273,12047,6517497,5729711,12332,44,228
1786396215054,12368896,8748560,8881392,1152528,8231648,0,814171,0,802139,2,4412471,2,4250791,3392,2273,12047,6517497,5729711,12332,44,228
1786396215566,12368896,8748320,8881152,1152544,8231648,0,814171,0,802139,2,4412471,2,4250791,3392,2273,12047,6517497,5729711,12332,44,228
1786396216068,12368896,8748320,8881152,1152544,8231648,0,814171,0,802139,2,4412471,2,4250791,3392,2273,12047,6517497,5729711,12332,44,228
1786396216571,12368896,8748080,8881440,1153056,8231680,0,814171,0,802139,2,4460145,2,4296779,3394,2275,12047,6517497,5729711,12332,44,228
1786396217083,12368896,8748080,8881440,1153120,8231680,0,814171,0,802139,37,4460387,37,4297021,3394,2275,12047,6517497,5729711,12332,44,228
1786396217587,12368896,8748080,8881808,1153520,8231680,0,814171,0,802139,37,4460387,37,4297021,3394,2275,12047,6517497,5729711,12332,44,228
1786396218088,12368896,8748080,8881808,1153520,8231680,0,814171,0,802139,37,4460387,37,4297021,3394,2275,12047,6517497,5729711,12332,44,228
1786396218600,12368896,8747360,8881152,1153520,8231680,0,814171,0,802139,37,4460387,37,4297021,3394,2275,12047,6517497,5729711,12332,44,228
1786396219103,12368896,8747360,8881152,1153520,8231680,0,814171,0,802139,31,4460387,31,4297021,3394,2275,12047,6517497,5729711,12332,44,228
1786396219607,12368896,8747360,8881184,1153520,8231680,0,814171,0,802139,31,4460387,31,4297021,3394,2275,12047,6517497,5729711,12332,44,228
1786396220120,12368896,8747360,8881184,1153520,8231680,0,814171,0,802139,31,4460387,31,4297021,3394,2275,12047,6517497,5729711,12332,44,228
1786396220630,12368896,8747120,8880944,1153520,8231680,0,814171,0,802139,31,4460387,31,4297021,3394,2275,12047,6517497,5729711,12332,44,228
1786396221139,12368896,8747120,8880944,1153520,8231680,0,814171,0,802139,25,4460387,25,4297021,3394,2275,12047,6517497,5729711,12332,44,228
1786396221649,12368896,8747120,8880944,1153520,8231680,0,814171,0,802139,25,4460387,25,4297021,3394,2275,12047,6517497,5729711,12332,44,228
1786396222160,12368896,8747120,8880944,1153520,8231680,0,814171,0,802139,25,4460387,25,4297021,3394,2275,12047,6517497,5729711,12332,44,228
1786396222669,12368896,8747120,8880944,1153520,8231680,0,814171,0,802139,25,4460387,25,4297021,3394,2275,12047,6517497,5729711,12332,44,228
1786396223179,12368896,8747120,8880944,1153520,8231680,0,814171,0,802139,20,4460387,20,4297021,3394,2275,12047,6517497,5729711,12332,44,228
1786396223690,12368896,8747120,8880944,1153520,8231680,0,814171,0,802139,20,4460387,20,4297021,3394,2275,12047,6517497,5729711,12332,44,228
1786396224194,12368896,8747120,8880944,1153520,8231680,0,814171,0,802139,20,4460387,20,4297021,3394,2275,12047,6517497,5729711,12332,44,228
1786396224700,12368896,8747120,8880944,1153520,8231680,0,814171,0,802139,16,4460387,16,4297021,3394,2275,12047,6517497,5729711,12332,44,228
1786396225212,12368896,8747120,8880944,1153520,8231680,0,814171,0,802139,16,4460387,16,4297021,3394,2275,12047,6517497,5729711,12332,44,228
1786396225720,12368896,8747120,8880944,1153520,8231680,0,814171,0,802139,16,4460387,16,4297021,3394,2275,12047,6517497,5729711,12332,44,228
1786396226225,12368896,8747120,8880944,1153520,8231680,0,814171,0,802139,16,4460387,16,4297021,3394,2275,12047,6517497,5729711,12332,44,228
1786396226727,12368896,8747120,8880944,1153520,8231680,0,814171,0,802139,13,4460387,13,4297021,3394,2275,12047,6517497,5729711,12332,44,228
1786396227238,12368896,8747120,8880944,1153520,8231680,0,814171,0,802139,13,4460387,13,4297021,3394,2275,12047,6517497,5729711,12332,44,228
1786396227748,12368896,8747120,8880944,1153520,8231680,0,814171,0,802139,13,4460387,13,4297021,3394,2275,12047,6517497,5729711,12332,44,228
1786396228259,12368896,8747120,8880944,1153520,8231680,0,814171,0,802139,13,4460387,13,4297021,3394,2275,12047,6517497,5729711,12332,44,228
1786396228776,12368896,8747120,8880944,1153520,8231680,0,814171,0,802139,11,4460387,11,4297021,3394,2275,12047,6517497,5729711,12332,44,228
1786396229280,12368896,8747120,8880944,1153520,8231680,0,814171,0,802139,11,4460387,11,4297021,3394,2275,12047,6517497,5729711,12332,44,228
1786396229787,12368896,8747120,8880944,1153520,8231680,0,814171,0,802139,11,4460387,11,4297021,3394,2275,12047,6517497,5729711,12332,44,228
1786396230298,12368896,8747120,8880944,1153520,8231680,0,814171,0,802139,11,4460387,11,4297021,3394,2275,12047,6517497,5729711,12332,44,228
1786396230804,12368896,8747120,8880944,1153520,8231680,0,814171,0,802139,9,4460387,9,4297021,3394,2275,12047,6517497,5729711,12332,44,228
1786396231309,12368896,8747120,8880944,1153520,8231680,0,814171,0,802139,9,4460387,9,4297021,3394,2275,12047,6517497,5729711,12332,44,228
1786396231820,12368896,8747120,8880944,1153520,8231680,0,814171,0,802139,9,4460387,9,4297021,3394,2275,12047,6517497,5729711,12332,44,228
1786396232331,12368896,8747120,8880944,1153520,8231680,0,814171,0,802139,9,4460387,9,4297021,3394,2275,12047,6517497,5729711,12332,44,228
1786396232843,12368896,8747120,8880944,1153520,8231680,0,814171,0,802139,7,4460387,7,4297021,3394,2275,12047,6517497,5729711,12332,44,228
1786396233344,12368896,8747120,8880944,1153520,8231680,0,814171,0,802139,7,4460387,7,4297021,3394,2275,12047,6517497,5729711,12332,44,228
1786396233848,12368896,8747120,8880944,1153520,8231680,0,814171,0,802139,7,4460387,7,4297021,3394,2275,12047,6517497,5729711,12332,44,228
1786396234350,12368896,8747120,8880944,1153520,8231680,0,814171,0,802139,7,4460387,7,4297021,3394,2275,12047,6517497,5729711,12332,44,228
1786396234862,12368896,8747120,8880944,1153520,8231680,0,814171,0,802139,6,4460387,6,4297021,3394,2275,12047,6517497,5729711,12332,44,228
1786396235370,12368896,8747120,8880944,1153520,8231680,0,814171,0,802139,6,4460387,6,4297021,3394,2275,12047,6517497,5729711,12332,44,228
1786396235875,12368896,8747120,8880944,1153520,8231680,0,814171,0,802139,6,4460387,6,4297021,3394,2275,12047,6517497,5729711,12332,44,228
1786396236386,12368896,8747120,8880944,1153520,8231680,0,814171,0,802139,6,4460387,6,4297021,3394,2275,12047,6517497,5729711,12332,44,228
1786396236891,12368896,8747120,8880944,1153520,8231680,0,814171,0,802139,5,4460387,5,4297021,3394,2275,12047,6517497,5729711,12332,44,228
1786396237404,12368896,8747120,8880944,1153520,8231680,0,814171,0,802139,5,4460387,5,4297021,3394,2275,12047,6517497,5729711,12332,44,228
1786396237917,12368896,8747120,8880944,1153520,8231680,0,814171,0,802139,5,4460387,5,4297021,3394,2275,12047,6517497,5729711,12332,44,228
1786396238430,12368896,8746880,8880704,1153520,8231680,0,814171,0,802139,5,4460387,5,4297021,3394,2275,12047,6517497,5729711,12332,44,228
1786396238941,12368896,8746880,8880704,1153520,8231680,0,814171,0,802139,4,4460387,4,4297021,3394,2275,12047,6517497,5729711,12332,44,228
1786396239454,12368896,8746880,8880704,1153520,8231680,0,814171,0,802139,4,4460387,4,4297021,3394,2275,12047,6517497,5729711,12332,44,228
1786396239959,12368896,8746880,8880704,1153520,8231680,0,814171,0,802139,4,4460387,4,4297021,3394,2275,12047,6517497,5729711,12332,44,228
1786396240461,12368896,8746880,8880704,1153520,8231680,0,814171,0,802139,4,4460387,4,4297021,3394,2275,12047,6517497,5729711,12332,44,228
1786396240972,12368896,8746880,8880704,1153520,8231680,0,814171,0,802139,3,4460387,3,4297021,3394,2275,12047,6517497,5729711,12332,44,228
1786396241474,12368896,8746880,8880704,1153520,8231680,0,814171,0,802139,3,4460387,3,4297021,3394,2275,12047,6517497,5729711,12332,44,228
1786396241986,12368896,8746880,8880704,1153520,8231680,0,814171,0,802139,3,4460387,3,4297021,3394,2275,12047,6517497,5729711,12332,44,228
1786396242499,12368896,8746880,8880704,1153520,8231680,0,814171,0,802139,3,4460387,3,4297021,3394,2275,12047,6517497,5729711,12332,44,228
1786396243002,12368896,8746880,8880704,1153520,8231680,0,814171,0,802139,2,4460387,2,4297021,3394,2275,12047,6517497,5729711,12332,44,228
1786396243505,12368896,8746880,8880704,1153520,8231680,0,814171,0,802139,2,4460387,2,4297021,3394,2275,12047,6517497,5729711,12332,44,228
1786396244016,12368896,8746880,8880704,1153520,8231680,0,814171,0,802139,2,4460387,2,4297021,3394,2275,12047,6517497,5729711,12332,44,228
1786396244526,12368896,8746880,8880704,1153520,8231680,0,814171,0,802139,2,4460387,2,4297021,3394,2275,12047,6517497,5729711,12332,44,228
1786396245037,12368896,8746880,8880704,1153520,8231680,0,814171,0,802139,2,4460387,2,4297021,3394,2275,12047,6517497,5729711,12332,44,228
1786396245548,12368896,8746880,8880704,1153520,8231680,0,814171,0,802139,2,4460387,2,4297021,3394,2275,12047,6517497,5729711,12332,44,228
1786396246055,12368896,8746880,8880704,1153520,8231680,0,814171,0,802139,2,4460387,2,4297021,3394,2275,12047,6517497,5729711,12332,44,228
1786396246560,12368896,8746400,8880704,1154048,8231680,0,814171,0,802139,2,4466407,2,4303034,3394,2275,12047,6517497,5729711,12332,44,228
1786396247063,12368896,8746400,8880704,1154048,8231680,0,814171,0,802139,1,4466407,1,4303034,3394,2275,12047,6517497,5729711,12332,44,228
1786396247564,12368896,8746400,8880752,1154048,8231680,0,814171,0,802139,1,4466407,1,4303034,3394,2275,12047,6517497,5729711,12332,44,228
1786396248068,12368896,8746400,8880752,1154048,8231680,0,814171,0,802139,1,4466407,1,4303034,3394,2275,12047,6517497,5729711,12332,44,228
1786396248578,12368896,8746400,8880752,1154048,8231680,0,814171,0,802139,1,4466407,1,4303034,3394,2275,12047,6517497,5729711,12332,44,228
1786396249084,12368896,8746400,8880752,1154048,8231680,0,814171,0,802139,1,4466407,1,4303034,3394,2275,12047,6517497,5729711,12332,44,228
1786396249592,12368896,8745680,8880032,1154048,8231680,0,814171,0,802139,1,4466407,1,4303034,3394,2275,12047,6517497,5729711,12332,44,228
1786396250101,12368896,8745680,8880032,1154048,8231680,0,814171,0,802139,1,4466407,1,4303034,3394,2275,12047,6517497,5729711,12332,44,228
1786396250610,12368896,8745680,8880032,1154048,8231680,0,814171,0,802139,1,4466407,1,4303034,3394,2275,12047,6517497,5729711,12332,44,228
1786396251116,12368896,8745680,8880032,1154048,8231680,0,814171,0,802139,1,4466407,1,4303034,3394,2275,12047,6517497,5729711,12332,44,228
1786396251619,12368896,8745200,8879552,1154048,8231680,0,814171,0,802139,1,4466407,1,4303034,3394,2275,12047,6517497,5729711,12332,44,228
1786396252130,12368896,8745200,8879552,1154048,8231680,0,814171,0,802139,1,4466407,1,4303034,3394,2275,12047,6517497,5729711,12332,44,228
1786396252642,12368896,8745200,8879552,1154048,8231680,0,814171,0,802139,1,4466407,1,4303034,3394,2275,12047,6517497,5729711,12332,44,228
1786396253152,12368896,8745200,8879552,1154048,8231680,0,814171,0,802139,0,4466407,0,4303034,3394,2275,12047,6517497,5729711,12332,44,228
1786396253662,12368896,8745200,8879552,1154048,8231680,0,814171,0,802139,0,4466407,0,4303034,3394,2275,12047,6517497,5729711,12332,44,228
1786396254168,12368896,8745200,8879552,1154048,8231680,0,814171,0,802139,0,4466407,0,4303034,3394,2275,12047,6517497,5729711,12332,44,228
1786396254678,12368896,8744720,8879072,1154048,8231680,0,814171,0,802139,0,4466407,0,4303034,3394,2275,12047,6517497,5729711,12332,44,228
1786396255188,12368896,8744480,8878832,1154048,8231680,0,814171,0,802139,0,4466407,0,4303034,3394,2275,12047,6517497,5729711,12332,44,228
1786396255699,12368896,8744480,8878832,1154048,8231680,0,814171,0,802139,0,4466407,0,4303034,3394,2275,12047,6517497,5729711,12332,44,228
1786396256208,12368896,8744240,8878592,1154048,8231680,0,814171,0,802139,0,4466407,0,4303034,3394,2275,12047,6517497,5729711,12332,44,228
1786396256713,12368896,8744240,8878592,1154048,8231680,0,814171,0,802139,0,4466407,0,4303034,3394,2275,12047,6517497,5729711,12332,44,228
1786396257217,12368896,8744240,8878592,1154048,8231680,0,814171,0,802139,0,4466407,0,4303034,3394,2275,12047,6517497,5729711,12332,44,228
1786396257727,12368896,8744240,8878592,1154048,8231680,0,814171,0,802139,0,4466407,0,4303034,3394,2275,12047,6517497,5729711,12332,44,228
1786396258238,12368896,8744240,8878592,1154048,8231680,0,814171,0,802139,0,4466407,0,4303034,3394,2275,12047,6517497,5729711,12332,44,228
1786396258747,12368896,8744240,8878592,1154048,8231680,0,814171,0,802139,0,4466407,0,4303034,3394,2275,12047,6517497,5729711,12332,44,228
1786396259249,12368896,8744000,8878352,1154048,8231680,0,814171,0,802139,0,4466407,0,4303034,3394,2275,12047,6517497,5729711,12332,44,228
1786396259753,12368896,8744000,8878352,1154048,8231680,0,814171,0,802139,0,4466407,0,4303034,3394,2275,12047,6517497,5729711,12332,44,228
1786396260257,12368896,8744000,8878352,1154048,8231680,0,814171,0,802139,0,4466407,0,4303034,3394,2275,12047,6517497,5729711,12332,44,228
1786396260763,12368896,8744000,8878352,1154080,8231680,0,814171,0,802139,0,4469991,0,4306618,3396,2275,12047,6517497,5729711,12332,44,228
1786396261265,12368896,8743520,8878160,1154384,8232448,0,814171,0,802139,0,4469991,0,4306618,3405,2284,12047,6517497,5729711,12332,44,228
1786396261766,12368896,8743520,8878160,1154384,8232448,0,814171,0,802139,0,4469991,0,4306618,3405,2284,12047,6517497,5729711,12332,44,228
1786396262269,12368896,8743520,8878208,1154384,8232448,0,814171,0,802139,0,4469991,0,4306618,3405,2284,12047,6517497,5729711,12332,44,228
1786396262773,12368896,8743520,8878208,1154384,8232448,0,814171,0,802139,0,4469991,0,4306618,3405,2284,12047,6517497,5729711,12332,44,228
1786396263281,12368896,8743520,8878208,1154384,8232448,0,814171,0,802139,0,4469991,0,4306618,3405,2284,12047,6517497,5729711,12332,44,228
1786396263792,12368896,8743520,8878208,1154384,8232448,0,814171,0,802139,0,4469991,0,4306618,3405,2284,12047,6517497,5729711,12332,44,228
1786396264294,12368896,8743520,8878208,1154384,8232448,0,814171,0,802139,0,4469991,0,4306618,3405,2284,12047,6517497,5729711,12332,44,228
1786396264802,12368896,8743520,8878208,1154384,8232448,0,814171,0,802139,0,4469991,0,4306618,3405,2284,12047,6517497,5729711,12332,44,228
1786396265314,12368896,8743520,8878208,1154384,8232448,0,814171,0,802139,0,4469991,0,4306618,3405,2284,12047,6517497,5729711,12332,44,228
1786396265816,12368896,8743520,8878208,1154384,8232448,0,814171,0,802139,0,4469991,0,4306618,3405,2284,12047,6517497,5729711,12332,44,228
1786396266320,12368896,8743520,8878208,1154384,8232448,0,814171,0,802139,0,4469991,0,4306618,3405,2284,12047,6517497,5729711,12332,44,228
1786396266827,12368896,8743520,8878208,1154384,8232448,0,814171,0,802139,0,4469991,0,4306618,3405,2284,12047,6517497,5729711,12332,44,228
1786396267329,12368896,8743520,8878208,1154384,8232448,0,814171,0,802139,0,4469991,0,4306618,3405,2284,12047,6517497,5729711,12332,44,228
1786396267840,12368896,8743520,8878208,1154384,8232448,0,814171,0,802139,0,4469991,0,4306618,3405,2284,12047,6517497,5729711,12332,44,228
1786396268349,12368896,8743280,8877968,1154384,8232448,0,814171,0,802139,0,4469991,0,4306618,3405,2284,12047,6517497,5729711,12332,44,228
1786396268850,12368896,8743280,8877968,1154384,8232448,0,814171,0,802139,0,4469991,0,4306618,3405,2284,12047,6517497,5729711,12332,44,228
1786396269351,12368896,8743280,8877968,1154384,8232448,0,814171,0,802139,0,4469991,0,4306618,3405,2284,12047,6517497,5729711,12332,44,228
1786396269861,12368896,8743280,8877968,1154384,8232448,0,814171,0,802139,0,4469991,0,4306618,3405,2284,12047,6517497,5729711,12332,44,228
1786396270366,12368896,8743280,8877968,1154384,8232448,0,814171,0,802139,0,4469991,0,4306618,3405,2284,12047,6517497,5729711,12332,44,228
1786396270875,12368896,8743280,8877968,1154384,8232448,0,814171,0,802139,0,4469991,0,4306618,3405,2284,12047,6517497,5729711,12332,44,228
1786396271383,12368896,8743280,8877968,1154384,8232448,0,814171,0,802139,0,4469991,0,4306618,3405,2284,12047,6517497,5729711,12332,44,228
1786396271890,12368896,8743280,8877968,1154384,8232448,0,814171,0,802139,0,4469991,0,4306618,3405,2284,12047,6517497,5729711,12332,44,228
1786396272400,12368896,8743280,8877968,1154384,8232448,0,814171,0,802139,0,4469991,0,4306618,3405,2284,12047,6517497,5729711,12332,44,228
1786396272905,12368896,8743280,8877968,1154384,8232448,0,814171,0,802139,0,4469991,0,4306618,3405,2284,12047,6517497,5729711,12332,44,228
1786396273406,12368896,8743280,8877968,1154384,8232448,0,814171,0,802139,0,4469991,0,4306618,3405,2284,12047,6517497,5729711,12332,44,228
1786396273912,12368896,8742496,8877184,1154384,8232448,0,814171,0,802139,0,4469991,0,4306618,3405,2284,12047,6517497,5729711,12332,44,228
1786396274422,12368896,8742080,8876768,1154384,8232448,0,814171,0,802139,0,4469991,0,4306618,3405,2284,12047,6517497,5729711,12332,44,228
1786396274929,12368896,8742080,8876768,1154384,8232448,0,814171,0,802139,0,4469991,0,4306618,3405,2284,12047,6517497,5729711,12332,44,228
1786396275430,12368896,8742080,8876768,1154400,8232448,0,814171,0,802139,0,4469991,0,4306618,3405,2284,12047,6517497,5729711,12332,44,228
1786396275931,12368896,8742080,8876768,1154400,8232448,0,814171,0,802139,0,4469991,0,4306618,3405,2284,12047,6517497,5729711,12332,44,228
1786396276449,12368896,8742080,8876768,1154400,8232448,0,814171,0,802139,0,4469991,0,4306618,3405,2284,12047,6517497,5729711,12332,44,228
1786396276958,12368896,8742080,8876768,1154400,8232448,0,814171,0,802139,0,4469991,0,4306618,3405,2284,12047,6517497,5729711,12332,44,228
1786396277462,12368896,8742080,8876768,1154400,8232448,0,814171,0,802139,0,4469991,0,4306618,3405,2284,12047,6517497,5729711,12332,44,228
1786396277973,12368896,8742080,8876768,1154400,8232448,0,814171,0,802139,0,4469991,0,4306618,3405,2284,12047,6517497,5729711,12332,44,228
1786396278475,12368896,8742080,8876768,1154400,8232448,0,814171,0,802139,0,4469991,0,4306618,3405,2284,12047,6517497,5729711,12332,44,228
1786396278978,12368896,8742080,8876768,1154400,8232448,0,814171,0,802139,0,4469991,0,4306618,3405,2284,12047,6517497,5729711,12332,44,228
1786396279479,12368896,8742080,8876768,1154400,8232448,0,814171,0,802139,0,4469991,0,4306618,3405,2284,12047,6517497,5729711,12332,44,228
1786396279985,12368896,8742080,8876768,1154400,8232448,0,814171,0,802139,0,4469991,0,4306618,3405,2284,12047,6517497,5729711,12332,44,228
1786396280490,12368896,8742080,8876768,1154400,8232448,0,814171,0,802139,0,4469991,0,4306618,3405,2284,12047,6517497,5729711,12332,44,228
1786396281002,12368896,8742080,8876768,1154400,8232448,0,814171,0,802139,0,4469991,0,4306618,3405,2284,12047,6517497,5729711,12332,44,228
1786396281508,12368896,8742080,8876768,1154400,8232448,0,814171,0,802139,0,4469991,0,4306618,3405,2284,12047,6517497,5729711,12332,44,228
1786396282021,12368896,8742080,8876768,1154400,8232448,0,814171,0,802139,0,4469991,0,4306618,3405,2284,12047,6517497,5729711,12332,44,228
1786396282534,12368896,8742080,8876768,1154400,8232448,0,814171,0,802139,0,4469991,0,4306618,3405,2284,12047,6517497,5729711,12332,44,228
1786396283043,12368896,8742080,8876768,1154400,8232448,0,814171,0,802139,0,4469991,0,4306618,3405,2284,12047,6517497,5729711,12332,44,228
1786396283547,12368896,8742080,8876768,1154400,8232448,0,814171,0,802139,0,4469991,0,4306618,3405,2284,12047,6517497,5729711,12332,44,228
1786396284049,12368896,8742080,8876768,1154400,8232448,0,814171,0,802139,0,4469991,0,4306618,3405,2284,12047,6517497,5729711,12332,44,228
1786396284560,12368896,8742080,8876768,1154400,8232448,0,814171,0,802139,0,4469991,0,4306618,3405,2284,12047,6517497,5729711,12332,44,228
1786396285063,12368896,8742080,8876768,1154400,8232448,0,814171,0,802139,0,4469991,0,4306618,3405,2284,12047,6517497,5729711,12332,44,228
1786396285572,12368896,8741840,8876528,1154400,8232448,0,814171,0,802139,0,4469991,0,4306618,3405,2284,12047,6517497,5729711,12332,44,228
1786396286079,12368896,8741840,8876528,1154400,8232448,0,814171,0,802139,0,4469991,0,4306618,3405,2284,12047,6517497,5729711,12332,44,228
1786396286590,12368896,8741600,8876288,1154400,8232448,0,814171,0,802139,0,4469991,0,4306618,3405,2284,12047,6517497,5729711,12332,44,228
1786396287096,12368896,8741600,8876288,1154400,8232448,0,814171,0,802139,0,4469991,0,4306618,3405,2284,12047,6517497,5729711,12332,44,228
1786396287607,12368896,8741360,8876048,1154400,8232448,0,814171,0,802139,0,4469991,0,4306618,3405,2284,12047,6517497,5729711,12332,44,228
1786396288115,12368896,8741360,8876048,1154400,8232448,0,814171,0,802139,0,4469991,0,4306618,3405,2284,12047,6517497,5729711,12332,44,228
1786396288616,12368896,8741360,8876048,1154400,8232448,0,814171,0,802139,0,4469991,0,4306618,3405,2284,12047,6517497,5729711,12332,44,228
1786396289127,12368896,8741360,8876048,1154400,8232448,0,814171,0,802139,0,4469991,0,4306618,3405,2284,12047,6517497,5729711,12332,44,228
1786396289639,12368896,8741360,8876048,1154400,8232448,0,814171,0,802139,0,4469991,0,4306618,3405,2284,12047,6517497,5729711,12332,44,228
1786396290146,12368896,8741360,8876048,1154400,8232448,0,814171,0,802139,0,4469991,0,4306618,3405,2284,12047,6517497,5729711,12332,44,228
1786396290657,12368896,8741360,8876048,1154400,8232448,0,814171,0,802139,0,4469991,0,4306618,3405,2284,12047,6517497,5729711,12332,44,228
1786396291164,12368896,8741360,8876080,1154432,8232448,0,814171,0,802139,0,4474629,0,4311187,3405,2284,12047,6517497,5729711,12332,44,228
1786396291675,12368896,8741120,8876192,1154976,8232448,0,814171,0,802139,0,4474629,0,4311187,3405,2284,12047,6517497,5729711,12332,44,228
1786396292182,12368896,8741120,8876192,1154976,8232448,0,814171,0,802139,0,4474629,0,4311187,3405,2284,12047,6517497,5729711,12332,44,228
1786396292683,12368896,8740640,8875712,1154976,8232448,0,814171,0,802139,0,4474629,0,4311187,3405,2284,12047,6517497,5729711,12332,44,228
1786396293185,12368896,8740400,8875664,1154976,8232448,0,814171,0,802139,0,4474629,0,4311187,3405,2284,12047,6517497,5729711,12332,44,228
1786396293687,12368896,8740400,8875664,1154976,8232448,0,814171,0,802139,0,4474629,0,4311187,3405,2284,12047,6517497,5729711,12332,44,228
1786396294189,12368896,8740400,8875664,1154976,8232448,0,814171,0,802139,0,4474629,0,4311187,3405,2284,12047,6517497,5729711,12332,44,228
1786396294699,12368896,8740400,8875664,1154976,8232448,0,814171,0,802139,0,4474629,0,4311187,3405,2284,12047,6517497,5729711,12332,44,228
1786396295210,12368896,8740400,8875664,1154976,8232448,0,814171,0,802139,0,4474629,0,4311187,3405,2284,12047,6517497,5729711,12332,44,228
1786396295714,12368896,8740400,8875664,1154976,8232448,0,814171,0,802139,0,4474629,0,4311187,3405,2284,12047,6517497,5729711,12332,44,228
1786396296225,12368896,8740400,8875664,1154976,8232448,0,814171,0,802139,0,4474629,0,4311187,3405,2284,12047,6517497,5729711,12332,44,228
1786396296727,12368896,8740400,8875664,1154976,8232448,0,814171,0,802139,0,4474629,0,4311187,3405,2284,12047,6517497,5729711,12332,44,228
1786396297228,12368896,8740400,8875664,1154976,8232448,0,814171,0,802139,0,4474629,0,4311187,3405,2284,12047,6517497,5729711,12332,44,228
1786396297739,12368896,8740400,8875664,1154976,8232448,0,814171,0,802139,0,4474629,0,4311187,3405,2284,12047,6517497,5729711,12332,44,228
1786396298244,12368896,8740400,8875664,1154976,8232448,0,814171,0,802139,0,4474629,0,4311187,3405,2284,12047,6517497,5729711,12332,44,228
1786396298749,12368896,8740400,8875664,1154976,8232448,0,814171,0,802139,0,4474629,0,4311187,3405,2284,12047,6517497,5729711,12332,44,228
1786396299260,12368896,8740400,8875664,1154976,8232448,0,814171,0,802139,0,4474629,0,4311187,3405,2284,12047,6517497,5729711,12332,44,228
1786396299767,12368896,8740400,8875664,1154976,8232448,0,814171,0,802139,0,4474629,0,4311187,3405,2284,12047,6517497,5729711,12332,44,228
1786396300278,12368896,8740400,8875664,1154976,8232448,0,814171,0,802139,0,4474629,0,4311187,3405,2284,12047,6517497,5729711,12332,44,228
1786396300788,12368896,8740400,8875664,1154976,8232448,0,814171,0,802139,0,4474629,0,4311187,3405,2284,12047,6517497,5729711,12332,44,228
1786396301295,12368896,8740400,8875664,1154976,8232448,0,814171,0,802139,0,4474629,0,4311187,3405,2284,12047,6517497,5729711,12332,44,228
1786396301804,12368896,8740400,8875664,1154976,8232448,0,814171,0,802139,0,4474629,0,4311187,3405,2284,12047,6517497,5729711,12332,44,228
1786396302315,12368896,8740400,8875664,1154976,8232448,0,814171,0,802139,0,4474629,0,4311187,3405,2284,12047,6517497,5729711,12332,44,228
1786396302820,12368896,8740400,8875664,1154976,8232448,0,814171,0,802139,0,4474629,0,4311187,3405,2284,12047,6517497,5729711,12332,44,228
1786396303322,12368896,8740400,8875664,1154976,8232448,0,814171,0,802139,0,4474629,0,4311187,3405,2284,12047,6517497,5729711,12332,44,228
1786396303827,12368896,8740400,8875664,1154976,8232448,0,814171,0,802139,0,4474629,0,4311187,3405,2284,12047,6517497,5729711,12332,44,228
1786396304332,12368896,8740400,8875664,1154976,8232448,0,814171,0,802139,0,4474629,0,4311187,3405,2284,12047,6517497,5729711,12332,44,228
1786396304835,12368896,8740400,8875664,1154976,8232448,0,814171,0,802139,0,4474629,0,4311187,3405,2284,12047,6517497,5729711,12332,44,228
1786396305346,12368896,8740400,8875664,1154976,8232448,0,814171,0,802139,0,4474629,0,4311187,3405,2284,12047,6517497,5729711,12332,44,228
1786396305849,12368896,8740400,8875664,1154976,8232448,0,814171,0,802139,0,4474629,0,4311187,3405,2284,12047,6517497,5729711,12332,44,228
1786396306360,12368896,8740400,8875664,1154976,8232448,0,814171,0,802139,0,4474629,0,4311187,3405,2284,12047,6517497,5729711,12332,44,228
1786396306871,12368896,8740400,8875664,1154976,8232448,0,814171,0,802139,0,4474629,0,4311187,3405,2284,12047,6517497,5729711,12332,44,228
1786396307378,12368896,8740400,8875664,1154976,8232448,0,814171,0,802139,0,4474629,0,4311187,3405,2284,12047,6517497,5729711,12332,44,228
1786396307880,12368896,8740400,8875664,1154976,8232448,0,814171,0,802139,0,4474629,0,4311187,3405,2284,12047,6517497,5729711,12332,44,228
1786396308389,12368896,8740400,8875664,1154976,8232448,0,814171,0,802139,0,4474629,0,4311187,3405,2284,12047,6517497,5729711,12332,44,228
1786396308891,12368896,8740400,8875664,1154976,8232448,0,814171,0,802139,0,4474629,0,4311187,3405,2284,12047,6517497,5729711,12332,44,228
1786396309404,12368896,8740400,8875664,1154976,8232448,0,814171,0,802139,0,4474629,0,4311187,3405,2284,12047,6517497,5729711,12332,44,228
1786396309916,12368896,8740400,8875664,1154976,8232448,0,814171,0,802139,0,4474629,0,4311187,3405,2284,12047,6517497,5729711,12332,44,228
1786396310427,12368896,8740400,8875664,1154976,8232448,0,814171,0,802139,0,4474629,0,4311187,3405,2284,12047,6517497,5729711,12332,44,228
1786396310938,12368896,8740400,8875664,1154976,8232448,0,814171,0,802139,0,4474629,0,4311187,3405,2284,12047,6517497,5729711,12332,44,228
1786396311447,12368896,8740400,8875664,1154976,8232448,0,814171,0,802139,0,4474629,0,4311187,3405,2284,12047,6517497,5729711,12332,44,228
1786396311952,12368896,8740400,8875664,1154976,8232448,0,814171,0,802139,0,4474629,0,4311187,3405,2284,12047,6517497,5729711,12332,44,228
1786396312464,12368896,8740400,8875664,1154976,8232448,0,814171,0,802139,0,4474629,0,4311187,3405,2284,12047,6517497,5729711,12332,44,228
1786396312968,12368896,8740400,8875664,1154976,8232448,0,814171,0,802139,0,4474629,0,4311187,3405,2284,12047,6517497,5729711,12332,44,228
1786396313469,12368896,8740400,8875664,1154976,8232448,0,814171,0,802139,0,4474629,0,4311187,3405,2284,12047,6517497,5729711,12332,44,228
1786396313975,12368896,8740400,8875664,1154976,8232448,0,814171,0,802139,0,4474629,0,4311187,3405,2284,12047,6517497,5729711,12332,44,228
1786396314479,12368896,8740400,8875664,1154976,8232448,0,814171,0,802139,0,4474629,0,4311187,3405,2284,12047,6517497,5729711,12332,44,228
1786396314993,12368896,8740400,8875664,1154976,8232448,0,814171,0,802139,0,4474629,0,4311187,3405,2284,12047,6517497,5729711,12332,44,228
1786396315503,12368896,8740400,8875664,1154976,8232448,0,814171,0,802139,0,4474629,0,4311187,3405,2284,12047,6517497,5729711,12332,44,228
1786396316017,12368896,8740400,8875664,1154976,8232448,0,814171,0,802139,0,4474629,0,4311187,3405,2284,12047,6517497,5729711,12332,44,228
1786396316529,12368896,8740400,8875664,1154976,8232448,0,814171,0,802139,0,4474629,0,4311187,3405,2284,12047,6517497,5729711,12332,44,228
1786396317040,12368896,8740400,8875664,1154976,8232448,0,814171,0,802139,0,4474629,0,4311187,3405,2284,12047,6517497,5729711,12332,44,228
1786396317550,12368896,8740400,8875664,1154976,8232448,0,814171,0,802139,0,4474629,0,4311187,3405,2284,12047,6517497,5729711,12332,44,228
1786396318061,12368896,8740400,8875664,1154976,8232448,0,814171,0,802139,0,4474629,0,4311187,3405,2284,12047,6517497,5729711,12332,44,228
1786396318565,12368896,8740400,8875664,1154976,8232448,0,814171,0,802139,0,4474629,0,4311187,3405,2284,12047,6517497,5729711,12332,44,228
1786396319068,12368896,8740400,8875664,1154976,8232448,0,814171,0,802139,0,4474629,0,4311187,3405,2284,12047,6517497,5729711,12332,44,228
1786396319579,12368896,8740400,8875664,1154976,8232448,0,814171,0,802139,0,4474629,0,4311187,3405,2284,12047,6517497,5729711,12332,44,228
1786396320090,12368896,8740400,8875664,1154976,8232448,0,814171,0,802139,0,4474629,0,4311187,3405,2284,12047,6517497,5729711,12332,44,228
1786396320594,12368896,8740400,8875664,1154976,8232448,0,814171,0,802139,0,4474629,0,4311187,3405,2284,12047,6517497,5729711,12332,44,228
1786396321098,12368896,8740400,8875664,1154976,8232448,0,814171,0,802139,0,4474629,0,4311187,3405,2284,12047,6517497,5729711,12332,44,228
1786396321607,12368896,8740400,8875664,1155392,8232448,0,814171,0,802139,0,4482848,0,4319371,3405,2284,12047,6517497,5729711,12332,44,228
1786396322111,12368896,8740400,8875664,1155392,8232448,0,814171,0,802139,0,4482848,0,4319371,3405,2284,12047,6517497,5729711,12332,44,228
1786396322624,12368896,8740400,8875664,1155392,8232448,0,814171,0,802139,0,4482848,0,4319371,3405,2284,12047,6517497,5729711,12332,44,228
1786396323131,12368896,8740400,8875664,1155392,8232448,0,814171,0,802139,0,4482848,0,4319371,3405,2284,12047,6517497,5729711,12332,44,228
1786396323635,12368896,8740400,8875664,1155392,8232448,0,814171,0,802139,0,4482848,0,4319371,3405,2284,12047,6517497,5729711,12332,44,228
1786396324146,12368896,8740400,8875664,1155392,8232448,0,814171,0,802139,0,4482848,0,4319371,3405,2284,12047,6517497,5729711,12332,44,228
1786396324650,12368896,8740400,8876080,1155392,8232448,0,814171,0,802139,0,4482848,0,4319371,3405,2284,12047,6517497,5729711,12332,44,228
1786396325154,12368896,8740400,8876080,1155392,8232448,0,814171,0,802139,0,4482848,0,4319371,3405,2284,12047,6517497,5729711,12332,44,228
1786396325656,12368896,8740400,8876080,1155392,8232448,0,814171,0,802139,0,4482848,0,4319371,3405,2284,12047,6517497,5729711,12332,44,228
1786396326165,12368896,8740400,8876080,1155392,8232448,0,814171,0,802139,0,4482848,0,4319371,3405,2284,12047,6517497,5729711,12332,44,228
1786396326667,12368896,8740400,8876080,1155392,8232448,0,814171,0,802139,0,4482848,0,4319371,3405,2284,12047,6517497,5729711,12332,44,228
1786396327178,12368896,8740400,8876080,1155392,8232448,0,814171,0,802139,0,4482848,0,4319371,3405,2284,12047,6517497,5729711,12332,44,228
1786396327682,12368896,8740400,8876080,1155392,8232448,0,814171,0,802139,0,4482848,0,4319371,3405,2284,12047,6517497,5729711,12332,44,228
1786396328184,12368896,8740400,8876080,1155392,8232448,0,814171,0,802139,0,4482848,0,4319371,3405,2284,12047,6517497,5729711,12332,44,228
1786396328690,12368896,8740400,8876080,1155392,8232448,0,814171,0,802139,0,4482848,0,4319371,3405,2284,12047,6517497,5729711,12332,44,228
1786396329192,12368896,8740400,8876080,1155392,8232448,0,814171,0,802139,0,4482848,0,4319371,3405,2284,12047,6517497,5729711,12332,44,228
1786396329700,12368896,8740400,8876080,1155392,8232448,0,814171,0,802139,0,4482848,0,4319371,3405,2284,12047,6517497,5729711,12332,44,228
1786396330209,12368896,8740400,8876080,1155392,8232448,0,814171,0,802139,0,4482848,0,4319371,3405,2284,12047,6517497,5729711,12332,44,228
1786396330718,12368896,8740400,8876080,1155392,8232448,0,814171,0,802139,0,4482848,0,4319371,3405,2284,12047,6517497,5729711,12332,44,228
1786396331227,12368896,8740400,8876080,1155392,8232448,0,814171,0,802139,0,4482848,0,4319371,3405,2284,12047,6517497,5729711,12332,44,228
1786396331739,12368896,8740400,8876080,1155392,8232448,0,814171,0,802139,0,4482848,0,4319371,3405,2284,12047,6517497,5729711,12332,44,228
1786396332250,12368896,8740400,8876080,1155392,8232448,0,814171,0,802139,0,4482848,0,4319371,3405,2284,12047,6517497,5729711,12332,44,228
1786396332762,12368896,8740400,8876080,1155392,8232448,0,814171,0,802139,0,4482848,0,4319371,3405,2284,12047,6517497,5729711,12332,44,228
1786396333272,12368896,8740400,8876080,1155392,8232448,0,814171,0,802139,0,4482848,0,4319371,3405,2284,12047,6517497,5729711,12332,44,228
1786396333773,12368896,8740400,8876080,1155392,8232448,0,814171,0,802139,0,4482848,0,4319371,3405,2284,12047,6517497,5729711,12332,44,228
1786396334284,12368896,8740400,8876080,1155392,8232448,0,814171,0,802139,0,4482848,0,4319371,3405,2284,12047,6517497,5729711,12332,44,228
1786396334785,12368896,8740400,8876080,1155392,8232448,0,814171,0,802139,0,4482848,0,4319371,3405,2284,12047,6517497,5729711,12332,44,228
1786396335289,12368896,8740400,8876080,1155392,8232448,0,814171,0,802139,0,4482848,0,4319371,3405,2284,12047,6517497,5729711,12332,44,228
1786396335795,12368896,8740400,8876080,1155392,8232448,0,814171,0,802139,0,4482848,0,4319371,3405,2284,12047,6517497,5729711,12332,44,228
1786396336298,12368896,8740400,8876080,1155392,8233216,0,814171,0,802139,0,4482848,0,4319371,3414,2293,12047,6517497,5729711,12332,44,228
1786396336800,12368896,8740400,8876064,1155408,8233216,0,814171,0,802139,0,4482848,0,4319371,3414,2293,12047,6517497,5729711,12332,44,228
1786396337306,12368896,8740400,8876080,1155408,8233216,0,814171,0,802139,0,4482848,0,4319371,3414,2293,12047,6517497,5729711,12332,44,228
1786396337813,12368896,8740400,8876080,1155408,8233216,0,814171,0,802139,0,4482848,0,4319371,3414,2293,12047,6517497,5729711,12332,44,228
1786396338322,12368896,8740400,8876080,1155408,8233216,0,814171,0,802139,0,4482848,0,4319371,3414,2293,12047,6517497,5729711,12332,44,228
1786396338829,12368896,8740400,8876080,1155408,8233216,0,814171,0,802139,0,4482848,0,4319371,3414,2293,12047,6517497,5729711,12332,44,228
1786396339337,12368896,8740400,8876080,1155408,8233216,0,814171,0,802139,0,4482848,0,4319371,3414,2293,12047,6517497,5729711,12332,44,228
1786396339840,12368896,8740400,8876080,1155408,8233216,0,814171,0,802139,0,4482848,0,4319371,3414,2293,12047,6517497,5729711,12332,44,228
1786396340348,12368896,8740400,8876080,1155408,8233216,0,814171,0,802139,0,4482848,0,4319371,3414,2293,12047,6517497,5729711,12332,44,228
1786396340853,12368896,8740400,8876080,1155408,8233216,0,814171,0,802139,0,4482848,0,4319371,3414,2293,12047,6517497,5729711,12332,44,228
1786396341363,12368896,8740400,8876080,1155408,8233216,0,814171,0,802139,0,4482848,0,4319371,3414,2293,12047,6517497,5729711,12332,44,228
1786396341874,12368896,8740400,8876080,1155408,8233216,0,814171,0,802139,0,4482848,0,4319371,3414,2293,12047,6517497,5729711,12332,44,228
1786396342385,12368896,8740400,8876080,1155408,8233216,0,814171,0,802139,0,4482848,0,4319371,3414,2293,12047,6517497,5729711,12332,44,228
1786396342894,12368896,8740400,8876080,1155408,8233216,0,814171,0,802139,0,4482848,0,4319371,3414,2293,12047,6517497,5729711,12332,44,228
1786396343395,12368896,8740400,8876080,1155408,8233216,0,814171,0,802139,0,4482848,0,4319371,3414,2293,12047,6517497,5729711,12332,44,228
1786396343900,12368896,8740400,8876080,1155408,8233216,0,814171,0,802139,0,4482848,0,4319371,3414,2293,12047,6517497,5729711,12332,44,228
1786396344408,12368896,8740400,8876080,1155408,8233216,0,814171,0,802139,0,4482848,0,4319371,3414,2293,12047,6517497,5729711,12332,44,228
1786396344909,12368896,8740400,8876080,1155408,8233216,0,814171,0,802139,0,4482848,0,4319371,3414,2293,12047,6517497,5729711,12332,44,228
1786396345411,12368896,8740400,8876080,1155408,8233216,0,814171,0,802139,0,4482848,0,4319371,3414,2293,12047,6517497,5729711,12332,44,228
1786396345922,12368896,8740400,8876080,1155408,8233216,0,814171,0,802139,0,4482848,0,4319371,3414,2293,12047,6517497,5729711,12332,44,228
1786396346432,12368896,8740400,8876080,1155408,8233216,0,814171,0,802139,0,4482848,0,4319371,3414,2293,12047,6517497,5729711,12332,44,228
1786396346940,12368896,8740400,8876080,1155408,8233216,0,814171,0,802139,0,4482848,0,4319371,3414,2293,12047,6517497,5729711,12332,44,228
1786396347449,12368896,8740400,8876080,1155408,8233216,0,814171,0,802139,0,4482848,0,4319371,3414,2293,12047,6517497,5729711,12332,44,228
1786396347956,12368896,8740400,8876080,1155408,8233216,0,814171,0,802139,0,4482848,0,4319371,3414,2293,12047,6517497,5729711,12332,44,228
1786396348467,12368896,8740400,8876080,1155408,8233216,0,814171,0,802139,0,4482848,0,4319371,3414,2293,12047,6517497,5729711,12332,44,228
1786396348972,12368896,8740400,8876080,1155408,8233216,0,814171,0,802139,0,4482848,0,4319371,3414,2293,12047,6517497,5729711,12332,44,228
1786396349475,12368896,8740400,8876080,1155408,8233216,0,814171,0,802139,0,4482848,0,4319371,3414,2293,12047,6517497,5729711,12332,44,228
1786396349980,12368896,8740400,8876080,1155408,8233216,0,814171,0,802139,0,4482848,0,4319371,3414,2293,12047,6517497,5729711,12332,44,228
1786396350481,12368896,8740400,8876080,1155408,8233216,0,814171,0,802139,0,4482848,0,4319371,3414,2293,12047,6517497,5729711,12332,44,228
1786396350992,12368896,8740400,8876080,1155408,8233216,0,814171,0,802139,0,4482848,0,4319371,3414,2293,12047,6517497,5729711,12332,44,228
1786396351494,12368896,8740400,8876080,1155408,8233216,0,814171,0,802139,0,4482848,0,4319371,3414,2293,12047,6517497,5729711,12332,44,228
1786396352008,12368896,8740400,8876080,1155408,8233216,0,814171,0,802139,0,4482848,0,4319371,3414,2293,12047,6517497,5729711,12332,44,228
1786396352522,12368896,8740160,8875840,1155408,8233216,0,814171,0,802139,0,4482848,0,4319371,3414,2293,12047,6517497,5729711,12332,44,228
1786396353033,12368896,8739680,8875360,1155408,8233216,0,814171,0,802139,0,4482848,0,4319371,3414,2293,12047,6517497,5729711,12332,44,228
1786396353535,12368896,8739680,8875360,1155408,8233216,0,814171,0,802139,0,4482848,0,4319371,3414,2293,12047,6517497,5729711,12332,44,228
1786396354047,12368896,8739680,8875360,1155408,8233216,0,814171,0,802139,0,4482848,0,4319371,3414,2293,12047,6517497,5729711,12332,44,228
1786396354555,12368896,8739680,8875360,1155408,8233216,0,814171,0,802139,0,4482848,0,4319371,3414,2293,12047,6517497,5729711,12332,44,228
1786396355068,12368896,8739680,8875360,1155408,8233216,0,814171,0,802139,0,4482848,0,4319371,3414,2293,12047,6517497,5729711,12332,44,228
1786396355571,12368896,8739680,8875360,1155408,8233216,0,814171,0,802139,0,4482848,0,4319371,3414,2293,12047,6517497,5729711,12332,44,228
1786396356072,12368896,8739680,8875360,1155408,8233216,0,814171,0,802139,0,4482848,0,4319371,3414,2293,12047,6517497,5729711,12332,44,228
1786396356583,12368896,8739680,8875360,1155408,8233216,0,814171,0,802139,0,4482848,0,4319371,3414,2293,12047,6517497,5729711,12332,44,228
1786396357087,12368896,8739680,8875360,1155408,8233216,0,814171,0,802139,0,4482848,0,4319371,3414,2293,12047,6517497,5729711,12332,44,228
1786396357598,12368896,8739680,8875360,1155408,8233216,0,814171,0,802139,0,4482848,0,4319371,3414,2293,12047,6517497,5729711,12332,44,228
1786396358106,12368896,8739680,8875360,1155408,8233216,0,814171,0,802139,0,4482848,0,4319371,3414,2293,12047,6517497,5729711,12332,44,228
1786396358614,12368896,8739680,8875360,1155408,8233216,0,814171,0,802139,0,4482848,0,4319371,3414,2293,12047,6517497,5729711,12332,44,228
1786396359121,12368896,8739680,8875360,1155408,8233216,0,814171,0,802139,0,4482848,0,4319371,3414,2293,12047,6517497,5729711,12332,44,228
1786396359631,12368896,8739680,8875360,1155408,8233216,0,814171,0,802139,0,4482848,0,4319371,3414,2293,12047,6517497,5729711,12332,44,228
1786396360140,12368896,8739680,8875360,1155408,8233216,0,814171,0,802139,0,4482848,0,4319371,3414,2293,12047,6517497,5729711,12332,44,228
1786396360649,12368896,8739680,8875360,1155408,8233216,0,814171,0,802139,0,4482848,0,4319371,3414,2293,12047,6517497,5729711,12332,44,228
1786396361150,12368896,8739680,8875360,1155408,8233216,0,814171,0,802139,0,4482848,0,4319371,3414,2293,12047,6517497,5729711,12332,44,228
1786396361654,12368896,8739680,8875360,1155408,8233216,0,814171,0,802139,0,4482848,0,4319371,3414,2293,12047,6517497,5729711,12332,44,228
1786396362162,12368896,8739680,8875360,1155408,8233216,0,814171,0,802139,0,4482848,0,4319371,3414,2293,12047,6517497,5729711,12332,44,228
1786396362665,12368896,8739680,8875360,1155408,8233216,0,814171,0,802139,0,4482848,0,4319371,3414,2293,12047,6517497,5729711,12332,44,228
1786396363177,12368896,8739680,8875360,1155408,8233216,0,814171,0,802139,0,4482848,0,4319371,3414,2293,12047,6517497,5729711,12332,44,228
1786396363685,12368896,8739440,8875120,1155408,8233216,0,814171,0,802139,0,4482848,0,4319371,3414,2293,12047,6517497,5729711,12332,44,228
1786396364187,12368896,8739440,8875120,1155408,8233216,0,814171,0,802139,0,4482848,0,4319371,3414,2293,12047,6517497,5729711,12332,44,228
1786396364694,12368896,8739440,8875120,1155408,8233216,0,814171,0,802139,0,4482848,0,4319371,3414,2293,12047,6517497,5729711,12332,44,228
1786396365197,12368896,8739440,8875120,1155408,8233216,0,814171,0,802139,0,4482848,0,4319371,3414,2293,12047,6517497,5729711,12332,44,228
1786396365698,12368896,8739440,8875120,1155408,8233216,0,814171,0,802139,0,4482848,0,4319371,3414,2293,12047,6517497,5729711,12332,44,228
1786396366210,12368896,8739440,8875120,1155408,8233216,0,814171,0,802139,0,4482848,0,4319371,3414,2293,12047,6517497,5729711,12332,44,228
1786396366721,12368896,8739440,8875120,1155408,8233216,0,814171,0,802139,0,4482848,0,4319371,3414,2293,12047,6517497,5729711,12332,44,228
1786396367228,12368896,8739440,8875120,1155408,8233216,0,814171,0,802139,0,4482848,0,4319371,3414,2293,12047,6517497,5729711,12332,44,228
1786396367733,12368896,8738960,8874640,1155408,8233216,0,814171,0,802139,0,4482848,0,4319371,3414,2293,12047,6517497,5729711,12332,44,228
1786396368245,12368896,8738960,8874640,1155408,8233216,0,814171,0,802139,0,4482848,0,4319371,3414,2293,12047,6517497,5729711,12332,44,228
1786396368757,12368896,8738960,8874640,1155408,8233216,0,814171,0,802139,0,4482848,0,4319371,3414,2293,12047,6517497,5729711,12332,44,228
1786396369264,12368896,8738960,8874640,1155408,8233216,0,814171,0,802139,0,4482848,0,4319371,3414,2293,12047,6517497,5729711,12332,44,228
1786396369768,12368896,8738960,8874640,1155408,8233216,0,814171,0,802139,0,4482848,0,4319371,3414,2293,12047,6517497,5729711,12332,44,228
1786396370271,12368896,8738480,8874160,1155408,8233216,0,814171,0,802139,0,4482848,0,4319371,3414,2293,12047,6517497,5729711,12332,44,228
1786396370774,12368896,8738480,8874160,1155408,8233216,0,814171,0,802139,0,4482848,0,4319371,3414,2293,12047,6517497,5729711,12332,44,228
1786396371280,12368896,8738000,8873680,1155408,8233216,0,814171,0,802139,0,4482848,0,4319371,3414,2293,12047,6517497,5729711,12332,44,228
1786396371793,12368896,8738000,8873680,1155408,8233216,0,814171,0,802139,0,4482848,0,4319371,3414,2293,12047,6517497,5729711,12332,44,228
1786396372294,12368896,8738000,8873680,1155408,8233216,0,814171,0,802139,0,4482848,0,4319371,3414,2293,12047,6517497,5729711,12332,44,228
1786396372798,12368896,8738000,8873680,1155408,8233216,0,814171,0,802139,0,4482848,0,4319371,3414,2293,12047,6517497,5729711,12332,44,228
1786396373306,12368896,8738000,8873680,1155408,8233216,0,814171,0,802139,0,4482848,0,4319371,3414,2293,12047,6517497,5729711,12332,44,228
1786396373816,12368896,8738000,8873680,1155408,8233216,0,814171,0,802139,0,4482848,0,4319371,3414,2293,12047,6517497,5729711,12332,44,228
1786396374324,12368896,8738000,8873680,1155408,8233216,0,814171,0,802139,0,4482848,0,4319371,3414,2293,12047,6517497,5729711,12332,44,228
1786396374833,12368896,8738000,8873680,1155408,8233216,0,814171,0,802139,0,4482848,0,4319371,3414,2293,12047,6517497,5729711,12332,44,228
1786396375334,12368896,8738000,8873680,1155408,8233216,0,814171,0,802139,0,4482848,0,4319371,3414,2293,12047,6517497,5729711,12332,44,228
1786396375840,12368896,8738000,8873680,1155408,8233216,0,814171,0,802139,0,4482848,0,4319371,3414,2293,12047,6517497,5729711,12332,44,228
1786396376350,12368896,8738000,8873680,1155408,8233216,0,814171,0,802139,0,4482848,0,4319371,3414,2293,12047,6517497,5729711,12332,44,228
1786396376857,12368896,8737520,8873200,1155408,8233216,0,814171,0,802139,0,4482848,0,4319371,3414,2293,12047,6517497,5729711,12332,44,228
1786396377361,12368896,8737520,8873200,1155408,8233216,0,814171,0,802139,0,4482848,0,4319371,3414,2293,12047,6517497,5729711,12332,44,228
1786396377864,12368896,8737520,8873200,1155408,8233216,0,814171,0,802139,0,4482848,0,4319371,3414,2293,12047,6517497,5729711,12332,44,228
1786396378367,12368896,8737280,8872960,1155408,8233216,0,814171,0,802139,0,4482848,0,4319371,3414,2293,12047,6517497,5729711,12332,44,228
1786396378879,12368896,8737280,8872960,1155408,8233216,0,814171,0,802139,0,4482848,0,4319371,3414,2293,12047,6517497,5729711,12332,44,228
1786396379390,12368896,8737280,8872960,1155408,8233216,0,814171,0,802139,0,4482848,0,4319371,3414,2293,12047,6517497,5729711,12332,44,228
1786396379898,12368896,8737280,8872960,1155408,8233216,0,814171,0,802139,0,4482848,0,4319371,3414,2293,12047,6517497,5729711,12332,44,228
1786396380399,12368896,8737280,8872960,1155408,8233216,0,814171,0,802139,0,4482848,0,4319371,3414,2293,12047,6517497,5729711,12332,44,228
1786396380900,12368896,8736800,8872480,1155408,8233216,0,814171,0,802139,0,4482848,0,4319371,3414,2293,12047,6517497,5729711,12332,44,228
1786396381410,12368896,8736800,8872480,1155408,8233216,0,814171,0,802139,0,4482848,0,4319371,3414,2293,12047,6517497,5729711,12332,44,228
1786396381915,12368896,8736800,8872480,1155408,8233216,0,814171,0,802139,0,4482848,0,4319371,3414,2293,12047,6517497,5729711,12332,44,228
1786396382420,12368896,8736560,8872240,1155408,8233216,0,814171,0,802139,0,4482848,0,4319371,3414,2293,12047,6517497,5729711,12332,44,228
1786396382932,12368896,8736560,8872240,1155408,8233216,0,814171,0,802139,0,4482848,0,4319371,3414,2293,12047,6517497,5729711,12332,44,228
1786396383445,12368896,8736320,8872000,1155408,8233216,0,814171,0,802139,0,4482848,0,4319371,3414,2293,12047,6517497,5729711,12332,44,228
1786396383950,12368896,8736320,8872000,1155408,8233216,0,814171,0,802139,0,4482848,0,4319371,3414,2293,12047,6517497,5729711,12332,44,228
1786396384461,12368896,8736320,8872000,1155408,8233216,0,814171,0,802139,0,4482848,0,4319371,3414,2293,12047,6517497,5729711,12332,44,228
1786396384963,12368896,8736320,8872000,1155408,8233216,0,814171,0,802139,0,4482848,0,4319371,3414,2293,12047,6517497,5729711,12332,44,228
1786396385470,12368896,8736320,8872000,1155408,8233216,0,814171,0,802139,0,4482848,0,4319371,3414,2293,12047,6517497,5729711,12332,44,228
1786396385971,12368896,8736320,8872000,1155408,8233216,0,814171,0,802139,0,4482848,0,4319371,3414,2293,12047,6517497,5729711,12332,44,228
1786396386482,12368896,8736080,8871760,1155408,8233216,0,814171,0,802139,0,4482848,0,4319371,3414,2293,12047,6517497,5729711,12332,44,228
1786396386987,12368896,8736080,8871760,1155408,8233216,0,814171,0,802139,0,4482848,0,4319371,3414,2293,12047,6517497,5729711,12332,44,228
1786396387494,12368896,8736080,8871760,1155408,8233216,0,814171,0,802139,0,4482848,0,4319371,3414,2293,12047,6517497,5729711,12332,44,228
1786396388001,12368896,8736080,8871760,1155408,8233216,0,814171,0,802139,0,4482848,0,4319371,3414,2293,12047,6517497,5729711,12332,44,228
1786396388510,12368896,8736080,8871760,1155408,8233216,0,814171,0,802139,0,4482848,0,4319371,3414,2293,12047,6517497,5729711,12332,44,228
1786396389013,12368896,8736080,8871760,1155408,8233216,0,814171,0,802139,0,4482848,0,4319371,3414,2293,12047,6517497,5729711,12332,44,228
1786396389518,12368896,8735600,8871280,1155408,8233216,0,814171,0,802139,0,4482848,0,4319371,3414,2293,12047,6517497,5729711,12332,44,228
1786396390030,12368896,8735120,8870800,1155408,8233216,0,814171,0,802139,0,4482848,0,4319371,3414,2293,12047,6517497,5729711,12332,44,228
1786396390531,12368896,8735120,8870800,1155408,8233216,0,814171,0,802139,0,4482848,0,4319371,3414,2293,12047,6517497,5729711,12332,44,228
1786396391043,12368896,8735120,8870800,1155408,8233216,0,814171,0,802139,0,4482848,0,4319371,3414,2293,12047,6517497,5729711,12332,44,228
1786396391554,12368896,8735120,8870800,1155408,8233216,0,814171,0,802139,0,4482848,0,4319371,3414,2293,12047,6517497,5729711,12332,44,228
1786396392056,12368896,8735120,8870800,1155408,8233216,0,814171,0,802139,0,4482848,0,4319371,3414,2293,12047,6517497,5729711,12332,44,228
1786396392562,12368896,8735120,8870800,1155408,8233216,0,814171,0,802139,0,4482848,0,4319371,3414,2293,12047,6517497,5729711,12332,44,228
1786396393070,12368896,8735120,8870800,1155408,8233216,0,814171,0,802139,0,4482848,0,4319371,3414,2293,12047,6517497,5729711,12332,44,228
1786396393582,12368896,8735120,8870800,1155408,8233216,0,814171,0,802139,0,4482848,0,4319371,3414,2293,12047,6517497,5729711,12332,44,228
1786396394095,12368896,8735120,8870800,1155408,8233216,0,814171,0,802139,0,4482848,0,4319371,3414,2293,12047,6517497,5729711,12332,44,228
1786396394607,12368896,8735120,8870800,1155408,8233216,0,814171,0,802139,0,4482848,0,4319371,3414,2293,12047,6517497,5729711,12332,44,228
1786396395110,12368896,8735120,8870800,1155408,8233216,0,814171,0,802139,0,4482848,0,4319371,3414,2293,12047,6517497,5729711,12332,44,228
1786396395613,12368896,8734400,8870080,1155424,8233216,0,814171,0,802139,0,4482848,0,4319371,3414,2293,12047,6517497,5729711,12332,44,228
1786396396125,12368896,8734400,8870080,1155424,8233216,0,814171,0,802139,0,4482848,0,4319371,3414,2293,12047,6517497,5729711,12332,44,228
1786396396627,12368896,8734400,8870080,1155424,8233216,0,814171,0,802139,0,4482848,0,4319371,3414,2293,12047,6517497,5729711,12332,44,228
1786396397129,12368896,8734400,8870080,1155424,8233216,0,814171,0,802139,0,4482848,0,4319371,3414,2293,12047,6517497,5729711,12332,44,228
1786396397632,12368896,8734400,8870080,1155424,8233216,0,814171,0,802139,0,4482848,0,4319371,3414,2293,12047,6517497,5729711,12332,44,228
1786396398144,12368896,8734400,8870080,1155424,8233216,0,814171,0,802139,0,4482848,0,4319371,3414,2293,12047,6517497,5729711,12332,44,228
1786396398648,12368896,8734400,8870080,1155424,8233216,0,814171,0,802139,0,4482848,0,4319371,3414,2293,12047,6517497,5729711,12332,44,228
1786396399156,12368896,8734400,8870080,1155424,8233216,0,814171,0,802139,0,4482848,0,4319371,3414,2293,12047,6517497,5729711,12332,44,228
1786396399666,12368896,8734400,8870080,1155424,8233216,0,814171,0,802139,0,4482848,0,4319371,3414,2293,12047,6517497,5729711,12332,44,228
1786396400171,12368896,8734400,8870080,1155424,8233216,0,814171,0,802139,0,4482848,0,4319371,3414,2293,12047,6517497,5729711,12332,44,228
1786396400677,12368896,8734400,8870080,1155424,8233216,0,814171,0,802139,0,4482848,0,4319371,3414,2293,12047,6517497,5729711,12332,44,228
1786396401177,12368896,8734400,8870080,1155424,8233216,0,814171,0,802139,0,4482848,0,4319371,3414,2293,12047,6517497,5729711,12332,44,228
1786396401682,12368896,8734400,8870080,1155424,8233216,0,814171,0,802139,0,4482848,0,4319371,3414,2293,12047,6517497,5729711,12332,44,228
1786396402183,12368896,8734400,8870080,1155424,8233216,0,814171,0,802139,0,4482848,0,4319371,3414,2293,12047,6517497,5729711,12332,44,228
1786396402694,12368896,8734400,8870080,1155424,8233216,0,814171,0,802139,0,4482848,0,4319371,3414,2293,12047,6517497,5729711,12332,44,228
1786396403201,12368896,8734400,8870080,1155424,8233216,0,814171,0,802139,0,4482848,0,4319371,3414,2293,12047,6517497,5729711,12332,44,228
1786396403713,12368896,8734400,8870080,1155424,8233216,0,814171,0,802139,0,4482848,0,4319371,3414,2293,12047,6517497,5729711,12332,44,228
1786396404221,12368896,8734400,8870080,1155424,8233216,0,814171,0,802139,0,4482848,0,4319371,3414,2293,12047,6517497,5729711,12332,44,228
1786396404733,12368896,8734400,8870080,1155424,8233216,0,814171,0,802139,0,4482848,0,4319371,3414,2293,12047,6517497,5729711,12332,44,228
1786396405243,12368896,8734400,8870080,1155424,8233216,0,814171,0,802139,0,4482848,0,4319371,3414,2293,12047,6517497,5729711,12332,44,228
1786396405750,12368896,8734400,8870080,1155424,8233216,0,814171,0,802139,0,4482848,0,4319371,3414,2293,12047,6517497,5729711,12332,44,228
1786396406250,12368896,8554032,8705648,1171392,8233920,0,814172,0,802139,0,4534786,0,4369271,3492,2338,12047,6517497,5729711,12332,44,228
1786396406751,12368896,8484944,8679680,1210384,8234096,0,814172,0,802139,0,4751433,0,4585703,3504,2346,12047,6517497,5729711,12332,44,228
1786396407260,12368896,8509376,8723888,1226240,8234096,0,814172,0,802139,235,4881258,235,4715505,3504,2346,12047,6517497,5729711,12332,44,228
1786396407766,12368896,8509376,8723888,1226304,8234096,0,814172,0,802139,235,4882040,235,4716287,3504,2346,12047,6517497,5729711,12332,44,228
1786396408279,12368896,8516784,8731408,1226304,8234096,0,814172,0,802139,235,4882040,235,4716287,3504,2346,12047,6517497,5729711,12332,44,228
1786396408791,12368896,8516784,8731408,1226304,8234096,0,814172,0,802139,301,4882040,301,4716287,3504,2346,12047,6517497,5729711,12332,44,228
1786396409296,12368896,8523984,8738608,1226304,8234096,0,814172,0,802139,301,4882040,301,4716287,3504,2346,12047,6517497,5729711,12332,44,228
1786396409800,12368896,8523984,8738608,1226304,8234096,0,814172,0,802139,301,4882040,301,4716287,3504,2346,12047,6517497,5729711,12332,44,228
1786396410310,12368896,8531456,8746080,1226304,8234096,0,814172,0,802139,301,4882040,301,4716287,3504,2346,12047,6517497,5729711,12332,44,228
1786396410822,12368896,8531456,8746080,1226304,8234096,0,814172,0,802139,246,4882040,246,4716287,3504,2346,12047,6517497,5729711,12332,44,228
1786396411324,12368896,8532048,8746672,1226304,8234096,0,814172,0,802139,246,4882040,246,4716287,3504,2346,12047,6517497,5729711,12332,44,228
1786396411831,12368896,8532048,8746672,1226304,8234096,0,814172,0,802139,246,4882040,246,4716287,3504,2346,12047,6517497,5729711,12332,44,228
1786396412337,12368896,8532048,8746672,1226304,8234096,0,814172,0,802139,246,4882040,246,4716287,3504,2346,12047,6517497,5729711,12332,44,228
1786396412840,12368896,8532240,8746864,1226304,8234096,0,814172,0,802139,202,4882040,202,4716287,3504,2346,12047,6517497,5729711,12332,44,228
1786396413352,12368896,8532272,8746896,1226304,8234096,0,814172,0,802139,202,4882040,202,4716287,3504,2346,12047,6517497,5729711,12332,44,228
1786396413857,12368896,8532816,8747440,1226304,8234096,0,814172,0,802139,202,4882040,202,4716287,3504,2346,12047,6517497,5729711,12332,44,228
1786396414369,12368896,8532816,8747440,1226304,8234096,0,814172,0,802139,202,4882040,202,4716287,3504,2346,12047,6517497,5729711,12332,44,228
1786396414874,12368896,8532816,8747440,1226304,8234096,0,814172,0,802139,165,4882040,165,4716287,3504,2346,12047,6517497,5729711,12332,44,228
1786396415385,12368896,8532224,8746848,1226304,8234096,0,814172,0,802139,165,4882040,165,4716287,3504,2346,12047,6517497,5729711,12332,44,228
1786396415894,12368896,8532624,8747248,1226304,8234096,0,814172,0,802139,165,4882040,165,4716287,3504,2346,12047,6517497,5729711,12332,44,228
1786396416397,12368896,8532624,8747248,1226304,8234096,0,814172,0,802139,165,4882040,165,4716287,3504,2346,12047,6517497,5729711,12332,44,228
1786396416899,12368896,8532624,8747248,1226304,8234096,0,814172,0,802139,135,4882040,135,4716287,3504,2346,12047,6517497,5729711,12332,44,228
1786396417409,12368896,8532624,8747248,1226304,8234096,0,814172,0,802139,135,4882040,135,4716287,3504,2346,12047,6517497,5729711,12332,44,228
1786396417912,12368896,8532624,8747248,1226304,8234096,0,814172,0,802139,135,4882040,135,4716287,3504,2346,12047,6517497,5729711,12332,44,228
1786396418414,12368896,8532384,8747008,1226304,8234096,0,814172,0,802139,135,4882040,135,4716287,3504,2346,12047,6517497,5729711,12332,44,228
1786396418920,12368896,8532384,8747008,1226304,8234096,0,814172,0,802139,110,4882040,110,4716287,3504,2346,12047,6517497,5729711,12332,44,228
1786396419431,12368896,8532384,8747008,1226304,8234096,0,814172,0,802139,110,4882040,110,4716287,3504,2346,12047,6517497,5729711,12332,44,228
1786396419933,12368896,8532384,8747008,1226304,8234096,0,814172,0,802139,110,4882040,110,4716287,3504,2346,12047,6517497,5729711,12332,44,228
1786396420435,12368896,8532144,8746768,1226304,8234096,0,814172,0,802139,110,4882040,110,4716287,3504,2346,12047,6517497,5729711,12332,44,228
1786396420945,12368896,8532144,8746768,1226304,8234096,0,814172,0,802139,90,4882040,90,4716287,3504,2346,12047,6517497,5729711,12332,44,228
1786396421453,12368896,8532144,8746768,1226304,8234096,0,814172,0,802139,90,4882040,90,4716287,3504,2346,12047,6517497,5729711,12332,44,228
1786396421962,12368896,8532144,8746768,1226304,8234096,0,814172,0,802139,90,4882040,90,4716287,3504,2346,12047,6517497,5729711,12332,44,228
1786396422462,12368896,8531904,8746528,1226304,8234096,0,814172,0,802139,90,4882040,90,4716287,3504,2346,12047,6517497,5729711,12332,44,228
1786396422966,12368896,8531904,8746528,1226304,8234096,0,814172,0,802139,74,4882040,74,4716287,3504,2346,12047,6517497,5729711,12332,44,228
1786396423476,12368896,8531904,8746528,1226304,8234096,0,814172,0,802139,74,4882040,74,4716287,3504,2346,12047,6517497,5729711,12332,44,228
1786396423986,12368896,8531904,8746528,1226304,8234096,0,814172,0,802139,74,4882040,74,4716287,3504,2346,12047,6517497,5729711,12332,44,228
1786396424488,12368896,8531904,8746528,1226304,8234096,0,814172,0,802139,74,4882040,74,4716287,3504,2346,12047,6517497,5729711,12332,44,228
1786396424999,12368896,8531904,8746528,1226304,8234096,0,814172,0,802139,60,4882040,60,4716287,3504,2346,12047,6517497,5729711,12332,44,228
1786396425511,12368896,8531904,8746528,1226304,8234096,0,814172,0,802139,60,4882040,60,4716287,3504,2346,12047,6517497,5729711,12332,44,228
1786396426018,12368896,8531904,8746528,1226304,8234096,0,814172,0,802139,60,4882040,60,4716287,3504,2346,12047,6517497,5729711,12332,44,228
1786396426522,12368896,8531904,8746528,1226304,8234096,0,814172,0,802139,60,4882040,60,4716287,3504,2346,12047,6517497,5729711,12332,44,228
1786396427033,12368896,8531904,8746528,1226304,8234096,0,814172,0,802139,49,4882040,49,4716287,3504,2346,12047,6517497,5729711,12332,44,228
1786396427535,12368896,8531904,8746528,1226304,8234096,0,814172,0,802139,49,4882040,49,4716287,3504,2346,12047,6517497,5729711,12332,44,228
1786396428036,12368896,8531664,8746288,1226304,8234096,0,814172,0,802139,49,4882040,49,4716287,3504,2346,12047,6517497,5729711,12332,44,228
1786396428546,12368896,8531664,8746288,1226304,8234096,0,814172,0,802139,49,4882040,49,4716287,3504,2346,12047,6517497,5729711,12332,44,228
1786396429048,12368896,8531664,8746288,1226304,8234096,0,814172,0,802139,40,4882040,40,4716287,3504,2346,12047,6517497,5729711,12332,44,228
1786396429549,12368896,8531664,8746288,1226304,8234096,0,814172,0,802139,40,4882040,40,4716287,3504,2346,12047,6517497,5729711,12332,44,228
1786396430065,12368896,8531664,8746288,1226304,8234096,0,814172,0,802139,40,4882040,40,4716287,3504,2346,12047,6517497,5729711,12332,44,228
1786396430571,12368896,8531424,8746048,1226304,8234096,0,814172,0,802139,40,4882040,40,4716287,3504,2346,12047,6517497,5729711,12332,44,228
1786396431074,12368896,8531424,8746048,1226304,8234096,0,814172,0,802139,33,4882040,33,4716287,3504,2346,12047,6517497,5729711,12332,44,228
1786396431578,12368896,8531424,8746048,1226304,8234096,0,814172,0,802139,33,4882040,33,4716287,3504,2346,12047,6517497,5729711,12332,44,228
1786396432079,12368896,8531424,8746048,1226304,8234096,0,814172,0,802139,33,4882040,33,4716287,3504,2346,12047,6517497,5729711,12332,44,228
1786396432586,12368896,8531184,8745808,1226304,8234096,0,814172,0,802139,33,4882040,33,4716287,3504,2346,12047,6517497,5729711,12332,44,228
1786396433097,12368896,8531184,8745808,1226304,8234096,0,814172,0,802139,27,4882040,27,4716287,3504,2346,12047,6517497,5729711,12332,44,228
1786396433603,12368896,8531184,8745808,1226304,8234096,0,814172,0,802139,27,4882040,27,4716287,3504,2346,12047,6517497,5729711,12332,44,228
1786396434110,12368896,8531184,8745808,1226304,8234096,0,814172,0,802139,27,4882040,27,4716287,3504,2346,12047,6517497,5729711,12332,44,228
1786396434610,12368896,8531184,8745808,1226304,8234096,0,814172,0,802139,27,4882040,27,4716287,3504,2346,12047,6517497,5729711,12332,44,228
1786396435121,12368896,8531184,8745808,1226304,8234096,0,814172,0,802139,22,4882040,22,4716287,3504,2346,12047,6517497,5729711,12332,44,228
1786396435628,12368896,8531184,8745808,1226304,8234096,0,814172,0,802139,22,4882040,22,4716287,3504,2346,12047,6517497,5729711,12332,44,228
1786396436140,12368896,8531184,8745808,1226304,8234096,0,814172,0,802139,22,4882040,22,4716287,3504,2346,12047,6517497,5729711,12332,44,228
1786396436648,12368896,8531184,8745808,1226304,8234096,0,814172,0,802139,22,4882040,22,4716287,3504,2346,12047,6517497,5729711,12332,44,228
1786396437155,12368896,8528048,8744352,1227984,8234096,0,814172,0,802139,18,4907867,18,4740845,3504,2346,12047,6517497,5729711,12332,44,228
1786396437666,12368896,8528048,8744352,1228064,8234096,0,814172,0,802139,18,4908157,18,4741134,3504,2346,12047,6517497,5729711,12332,44,228
1786396438171,12368896,8528048,8744432,1228064,8234096,0,814172,0,802139,18,4908157,18,4741134,3504,2346,12047,6517497,5729711,12332,44,228
1786396438675,12368896,8527584,8744592,1228688,8234096,0,814172,0,802139,18,4908157,18,4741134,3504,2346,12047,6517497,5729711,12332,44,228
1786396439186,12368896,8527584,8744592,1228688,8234096,0,814172,0,802139,33,4908157,33,4741134,3504,2346,12047,6517497,5729711,12332,44,228
1786396439691,12368896,8527584,8744592,1228688,8234096,0,814172,0,802139,33,4908157,33,4741134,3504,2346,12047,6517497,5729711,12332,44,228
1786396440193,12368896,8527584,8744592,1228688,8234096,0,814172,0,802139,33,4908157,33,4741134,3504,2346,12047,6517497,5729711,12332,44,228
1786396440699,12368896,8527584,8744592,1228688,8234096,0,814172,0,802139,33,4908157,33,4741134,3504,2346,12047,6517497,5729711,12332,44,228
1786396441203,12368896,8527584,8744592,1228688,8234096,0,814172,0,802139,27,4908157,27,4741134,3504,2346,12047,6517497,5729711,12332,44,228
1786396441709,12368896,8527584,8744592,1228688,8234096,0,814172,0,802139,27,4908157,27,4741134,3504,2346,12047,6517497,5729711,12332,44,228
1786396442212,12368896,8527584,8744592,1228688,8234096,0,814172,0,802139,27,4908157,27,4741134,3504,2346,12047,6517497,5729711,12332,44,228
1786396442713,12368896,8527584,8744592,1228688,8234096,0,814172,0,802139,27,4908157,27,4741134,3504,2346,12047,6517497,5729711,12332,44,228
1786396443224,12368896,8527584,8744592,1228688,8234096,0,814172,0,802139,22,4908157,22,4741134,3504,2346,12047,6517497,5729711,12332,44,228
1786396443734,12368896,8527584,8744592,1228688,8234096,0,814172,0,802139,22,4908157,22,4741134,3504,2346,12047,6517497,5729711,12332,44,228
1786396444241,12368896,8527584,8744592,1228688,8234096,0,814172,0,802139,22,4908157,22,4741134,3504,2346,12047,6517497,5729711,12332,44,228
1786396444742,12368896,8527584,8744592,1228688,8234096,0,814172,0,802139,22,4908157,22,4741134,3504,2346,12047,6517497,5729711,12332,44,228
1786396445243,12368896,8527584,8744592,1228688,8234096,0,814172,0,802139,18,4908157,18,4741134,3504,2346,12047,6517497,5729711,12332,44,228
1786396445753,12368896,8527584,8744592,1228688,8234096,0,814172,0,802139,18,4908157,18,4741134,3504,2346,12047,6517497,5729711,12332,44,228
1786396446255,12368896,8527584,8744592,1228688,8234096,0,814172,0,802139,18,4908157,18,4741134,3504,2346,12047,6517497,5729711,12332,44,228
1786396446758,12368896,8527584,8744592,1228688,8234096,0,814172,0,802139,18,4908157,18,4741134,3504,2346,12047,6517497,5729711,12332,44,228
1786396447267,12368896,8527584,8744592,1228688,8234096,0,814172,0,802139,14,4908157,14,4741134,3504,2346,12047,6517497,5729711,12332,44,228
1786396447780,12368896,8527584,8744592,1228688,8234096,0,814172,0,802139,14,4908157,14,4741134,3504,2346,12047,6517497,5729711,12332,44,228
1786396448292,12368896,8527584,8744592,1228688,8234096,0,814172,0,802139,14,4908157,14,4741134,3504,2346,12047,6517497,5729711,12332,44,228
1786396448803,12368896,8527584,8744592,1228688,8234096,0,814172,0,802139,12,4908157,12,4741134,3504,2346,12047,6517497,5729711,12332,44,228
1786396449305,12368896,8527584,8744592,1228688,8234096,0,814172,0,802139,12,4908157,12,4741134,3504,2346,12047,6517497,5729711,12332,44,228
1786396449811,12368896,8527584,8744592,1228688,8234096,0,814172,0,802139,12,4908157,12,4741134,3504,2346,12047,6517497,5729711,12332,44,228
1786396450313,12368896,8527584,8744592,1228688,8234096,0,814172,0,802139,12,4908157,12,4741134,3504,2346,12047,6517497,5729711,12332,44,228
1786396450825,12368896,8527584,8744592,1228688,8234096,0,814172,0,802139,9,4908157,9,4741134,3504,2346,12047,6517497,5729711,12332,44,228
1786396451332,12368896,8527584,8744592,1228688,8234096,0,814172,0,802139,9,4908157,9,4741134,3504,2346,12047,6517497,5729711,12332,44,228
1786396451840,12368896,8527584,8744592,1228688,8234096,0,814172,0,802139,9,4908157,9,4741134,3504,2346,12047,6517497,5729711,12332,44,228
1786396452349,12368896,8527584,8744592,1228688,8234096,0,814172,0,802139,9,4908157,9,4741134,3504,2346,12047,6517497,5729711,12332,44,228
1786396452861,12368896,8527584,8744592,1228688,8234096,0,814172,0,802139,8,4908157,8,4741134,3504,2346,12047,6517497,5729711,12332,44,228
1786396453373,12368896,8527584,8744592,1228688,8234096,0,814172,0,802139,8,4908157,8,4741134,3504,2346,12047,6517497,5729711,12332,44,228
1786396453885,12368896,8527584,8744592,1228688,8234096,0,814172,0,802139,8,4908157,8,4741134,3504,2346,12047,6517497,5729711,12332,44,228
1786396454400,12368896,8527584,8744592,1228688,8234096,0,814172,0,802139,8,4908157,8,4741134,3504,2346,12047,6517497,5729711,12332,44,228
1786396454902,12368896,8527584,8744592,1228688,8234096,0,814172,0,802139,6,4908157,6,4741134,3504,2346,12047,6517497,5729711,12332,44,228
1786396455413,12368896,8527584,8744592,1228704,8234096,0,814172,0,802139,6,4908157,6,4741134,3504,2346,12047,6517497,5729711,12332,44,228
1786396455916,12368896,8527584,8744592,1228704,8234096,0,814172,0,802139,6,4908157,6,4741134,3504,2346,12047,6517497,5729711,12332,44,228
1786396456418,12368896,8527584,8744592,1228704,8234096,0,814172,0,802139,6,4908157,6,4741134,3504,2346,12047,6517497,5729711,12332,44,228
1786396456927,12368896,8527584,8744592,1228704,8234096,0,814172,0,802139,5,4908157,5,4741134,3504,2346,12047,6517497,5729711,12332,44,228
1786396457429,12368896,8527584,8744592,1228704,8234096,0,814172,0,802139,5,4908157,5,4741134,3504,2346,12047,6517497,5729711,12332,44,228
1786396457934,12368896,8527584,8744592,1228704,8234096,0,814172,0,802139,5,4908157,5,4741134,3504,2346,12047,6517497,5729711,12332,44,228
1786396458444,12368896,8527584,8744592,1228704,8234096,0,814172,0,802139,5,4908157,5,4741134,3504,2346,12047,6517497,5729711,12332,44,228
1786396458946,12368896,8527584,8744592,1228704,8234096,0,814172,0,802139,4,4908157,4,4741134,3504,2346,12047,6517497,5729711,12332,44,228
1786396459449,12368896,8527584,8744592,1228704,8234096,0,814172,0,802139,4,4908157,4,4741134,3504,2346,12047,6517497,5729711,12332,44,228
1786396459967,12368896,8527584,8744592,1228704,8234096,0,814172,0,802139,4,4908157,4,4741134,3504,2346,12047,6517497,5729711,12332,44,228
1786396460471,12368896,8527584,8744592,1228704,8234096,0,814172,0,802139,4,4908157,4,4741134,3504,2346,12047,6517497,5729711,12332,44,228
1786396460978,12368896,8527584,8744592,1228704,8234096,0,814172,0,802139,3,4908157,3,4741134,3504,2346,12047,6517497,5729711,12332,44,228
1786396461481,12368896,8527584,8744592,1228704,8234096,0,814172,0,802139,3,4908157,3,4741134,3504,2346,12047,6517497,5729711,12332,44,228
1786396461993,12368896,8527584,8744592,1228704,8234096,0,814172,0,802139,3,4908157,3,4741134,3504,2346,12047,6517497,5729711,12332,44,228
1786396462498,12368896,8527584,8744592,1228704,8234096,0,814172,0,802139,3,4908157,3,4741134,3504,2346,12047,6517497,5729711,12332,44,228
1786396463003,12368896,8527584,8744592,1228704,8234096,0,814172,0,802139,2,4908157,2,4741134,3504,2346,12047,6517497,5729711,12332,44,228
1786396463511,12368896,8527584,8744592,1228704,8234096,0,814172,0,802139,2,4908157,2,4741134,3504,2346,12047,6517497,5729711,12332,44,228
1786396464020,12368896,8527584,8744592,1228704,8234096,0,814172,0,802139,2,4908157,2,4741134,3504,2346,12047,6517497,5729711,12332,44,228
1786396464525,12368896,8527584,8744592,1228704,8234096,0,814172,0,802139,2,4908157,2,4741134,3504,2346,12047,6517497,5729711,12332,44,228
1786396465038,12368896,8527584,8744592,1228704,8234096,0,814172,0,802139,2,4908157,2,4741134,3504,2346,12047,6517497,5729711,12332,44,228
1786396465541,12368896,8527584,8744592,1228704,8234096,0,814172,0,802139,2,4908157,2,4741134,3504,2346,12047,6517497,5729711,12332,44,228
1786396466050,12368896,8527584,8744592,1228704,8234096,0,814172,0,802139,2,4908157,2,4741134,3504,2346,12047,6517497,5729711,12332,44,228
1786396466552,12368896,8527584,8744592,1228704,8234096,0,814172,0,802139,2,4908157,2,4741134,3504,2346,12047,6517497,5729711,12332,44,228
1786396467057,12368896,8527584,8744592,1228704,8234096,0,814172,0,802139,1,4908157,1,4741134,3504,2346,12047,6517497,5729711,12332,44,228
1786396467568,12368896,8527584,8744592,1228928,8234096,0,814172,0,802139,1,4923715,1,4756693,3504,2346,12047,6517497,5729711,12332,44,228
1786396468070,12368896,8527584,8744592,1228928,8234096,0,814172,0,802139,1,4923715,1,4756693,3504,2346,12047,6517497,5729711,12332,44,228
1786396468574,12368896,8527584,8744816,1228928,8234096,0,814172,0,802139,1,4923715,1,4756693,3504,2346,12047,6517497,5729711,12332,44,228
1786396469084,12368896,8527584,8744816,1228928,8234096,0,814172,0,802139,1,4923715,1,4756693,3504,2346,12047,6517497,5729711,12332,44,228
1786396469589,12368896,8527584,8744816,1228928,8234096,0,814172,0,802139,1,4923715,1,4756693,3504,2346,12047,6517497,5729711,12332,44,228
1786396470099,12368896,8527584,8744816,1228928,8234096,0,814172,0,802139,1,4923715,1,4756693,3504,2346,12047,6517497,5729711,12332,44,228
1786396470606,12368896,8527584,8744816,1228928,8234096,0,814172,0,802139,1,4923715,1,4756693,3504,2346,12047,6517497,5729711,12332,44,228
1786396471114,12368896,8527584,8744816,1228928,8234096,0,814172,0,802139,1,4923715,1,4756693,3504,2346,12047,6517497,5729711,12332,44,228
1786396471618,12368896,8527584,8744816,1228928,8234096,0,814172,0,802139,1,4923715,1,4756693,3504,2346,12047,6517497,5729711,12332,44,228
1786396472130,12368896,8527584,8744816,1228928,8234096,0,814172,0,802139,1,4923715,1,4756693,3504,2346,12047,6517497,5729711,12332,44,228
1786396472632,12368896,8527584,8744816,1228928,8234096,0,814172,0,802139,1,4923715,1,4756693,3504,2346,12047,6517497,5729711,12332,44,228
1786396473134,12368896,8527584,8744816,1228928,8234096,0,814172,0,802139,0,4923715,0,4756693,3504,2346,12047,6517497,5729711,12332,44,228
1786396473637,12368896,8527584,8744816,1228928,8234096,0,814172,0,802139,0,4923715,0,4756693,3504,2346,12047,6517497,5729711,12332,44,228
1786396474140,12368896,8527584,8744816,1228928,8234096,0,814172,0,802139,0,4923715,0,4756693,3504,2346,12047,6517497,5729711,12332,44,228
1786396474650,12368896,8527584,8744816,1228928,8234096,0,814172,0,802139,0,4923715,0,4756693,3504,2346,12047,6517497,5729711,12332,44,228
1786396475152,12368896,8527584,8744816,1228928,8234096,0,814172,0,802139,0,4923715,0,4756693,3504,2346,12047,6517497,5729711,12332,44,228
1786396475663,12368896,8527584,8744816,1228928,8234096,0,814172,0,802139,0,4923715,0,4756693,3504,2346,12047,6517497,5729711,12332,44,228
1786396476167,12368896,8527584,8744816,1228928,8234096,0,814172,0,802139,0,4923715,0,4756693,3504,2346,12047,6517497,5729711,12332,44,228
1786396476671,12368896,8527584,8744816,1228928,8234096,0,814172,0,802139,0,4923715,0,4756693,3504,2346,12047,6517497,5729711,12332,44,228
1786396477182,12368896,8527584,8744816,1228928,8234096,0,814172,0,802139,0,4923715,0,4756693,3504,2346,12047,6517497,5729711,12332,44,228
1786396477693,12368896,8527584,8744816,1228928,8234096,0,814172,0,802139,0,4923715,0,4756693,3504,2346,12047,6517497,5729711,12332,44,228
1786396478198,12368896,8527584,8744816,1228928,8234096,0,814172,0,802139,0,4923715,0,4756693,3504,2346,12047,6517497,5729711,12332,44,228
1786396478702,12368896,8527584,8744816,1228928,8234096,0,814172,0,802139,0,4923715,0,4756693,3504,2346,12047,6517497,5729711,12332,44,228
1786396479208,12368896,8527584,8744816,1228928,8234096,0,814172,0,802139,0,4923715,0,4756693,3504,2346,12047,6517497,5729711,12332,44,228
1786396479720,12368896,8527584,8744816,1228928,8234096,0,814172,0,802139,0,4923715,0,4756693,3504,2346,12047,6517497,5729711,12332,44,228
1786396480231,12368896,8527584,8744816,1228928,8234096,0,814172,0,802139,0,4923715,0,4756693,3504,2346,12047,6517497,5729711,12332,44,228
1786396480739,12368896,8527584,8744816,1228928,8234096,0,814172,0,802139,0,4923715,0,4756693,3504,2346,12047,6517497,5729711,12332,44,228
1786396481250,12368896,8527584,8744816,1228928,8234096,0,814172,0,802139,0,4923715,0,4756693,3504,2346,12047,6517497,5729711,12332,44,228
1786396481756,12368896,8527584,8744816,1228928,8234096,0,814172,0,802139,0,4923715,0,4756693,3504,2346,12047,6517497,5729711,12332,44,228
1786396482267,12368896,8527584,8744816,1228928,8234096,0,814172,0,802139,0,4923715,0,4756693,3504,2346,12047,6517497,5729711,12332,44,228
1786396482778,12368896,8527584,8744816,1228928,8234096,0,814172,0,802139,0,4923715,0,4756693,3504,2346,12047,6517497,5729711,12332,44,228
1786396483292,12368896,8527584,8744816,1228928,8234096,0,814172,0,802139,0,4923715,0,4756693,3504,2346,12047,6517497,5729711,12332,44,228
1786396483803,12368896,8527584,8744816,1228928,8234096,0,814172,0,802139,0,4923715,0,4756693,3504,2346,12047,6517497,5729711,12332,44,228
1786396484309,12368896,8527584,8744816,1228928,8234096,0,814172,0,802139,0,4923715,0,4756693,3504,2346,12047,6517497,5729711,12332,44,228
1786396484821,12368896,8527584,8744816,1228928,8234096,0,814172,0,802139,0,4923715,0,4756693,3504,2346,12047,6517497,5729711,12332,44,228
1786396485333,12368896,8527584,8744816,1228928,8234096,0,814172,0,802139,0,4923715,0,4756693,3504,2346,12047,6517497,5729711,12332,44,228
1786396485843,12368896,8527584,8744848,1228960,8234096,0,814172,0,802139,0,4932868,0,4765805,3504,2346,12047,6517497,5729711,12332,44,228
1786396486351,12368896,8527584,8744848,1228960,8234096,0,814172,0,802139,0,4932868,0,4765805,3504,2346,12047,6517497,5729711,12332,44,228
1786396486860,12368896,8527584,8744848,1228960,8234096,0,814172,0,802139,0,4932868,0,4765805,3504,2346,12047,6517497,5729711,12332,44,228
1786396487365,12368896,8527584,8744848,1228960,8234096,0,814172,0,802139,0,4932868,0,4765805,3504,2346,12047,6517497,5729711,12332,44,228
1786396487868,12368896,8527584,8744848,1228960,8234096,0,814172,0,802139,0,4932868,0,4765805,3504,2346,12047,6517497,5729711,12332,44,228
1786396488380,12368896,8527584,8744848,1228960,8234096,0,814172,0,802139,0,4932868,0,4765805,3504,2346,12047,6517497,5729711,12332,44,228
1786396488886,12368896,8527584,8744848,1228960,8234112,0,814172,0,802139,0,4932868,0,4765805,3505,2347,12047,6517497,5729711,12332,44,228
1786396489395,12368896,8527584,8744848,1228960,8234112,0,814172,0,802139,0,4932868,0,4765805,3505,2347,12047,6517497,5729711,12332,44,228
1786396489906,12368896,8527584,8744848,1228960,8234112,0,814172,0,802139,0,4932868,0,4765805,3505,2347,12047,6517497,5729711,12332,44,228
1786396490418,12368896,8527584,8744848,1228960,8234112,0,814172,0,802139,0,4932868,0,4765805,3505,2347,12047,6517497,5729711,12332,44,228
1786396490924,12368896,8527584,8744848,1228960,8234112,0,814172,0,802139,0,4932868,0,4765805,3505,2347,12047,6517497,5729711,12332,44,228
1786396491435,12368896,8527584,8744848,1228960,8234112,0,814172,0,802139,0,4932868,0,4765805,3505,2347,12047,6517497,5729711,12332,44,228
1786396491937,12368896,8527584,8744848,1228960,8234112,0,814172,0,802139,0,4932868,0,4765805,3505,2347,12047,6517497,5729711,12332,44,228
1786396492447,12368896,8527584,8744848,1228960,8234112,0,814172,0,802139,0,4932868,0,4765805,3505,2347,12047,6517497,5729711,12332,44,228
1786396492950,12368896,8527584,8744848,1228960,8234112,0,814172,0,802139,0,4932868,0,4765805,3505,2347,12047,6517497,5729711,12332,44,228
1786396493462,12368896,8527584,8744848,1228960,8234112,0,814172,0,802139,0,4932868,0,4765805,3505,2347,12047,6517497,5729711,12332,44,228
1786396493965,12368896,8527584,8744848,1228960,8234112,0,814172,0,802139,0,4932868,0,4765805,3505,2347,12047,6517497,5729711,12332,44,228
1786396494477,12368896,8527584,8744848,1228960,8234112,0,814172,0,802139,0,4932868,0,4765805,3505,2347,12047,6517497,5729711,12332,44,228
1786396494987,12368896,8527584,8744848,1228960,8234112,0,814172,0,802139,0,4932868,0,4765805,3505,2347,12047,6517497,5729711,12332,44,228
1786396495488,12368896,8527584,8744848,1228960,8234112,0,814172,0,802139,0,4932868,0,4765805,3505,2347,12047,6517497,5729711,12332,44,228
1786396495995,12368896,8527584,8744848,1228960,8234112,0,814172,0,802139,0,4932868,0,4765805,3505,2347,12047,6517497,5729711,12332,44,228
1786396496505,12368896,8527584,8744848,1228960,8234112,0,814172,0,802139,0,4932868,0,4765805,3505,2347,12047,6517497,5729711,12332,44,228
1786396497016,12368896,8527584,8744848,1228960,8234112,0,814172,0,802139,0,4932868,0,4765805,3505,2347,12047,6517497,5729711,12332,44,228
1786396497520,12368896,8527344,8744608,1228960,8234112,0,814172,0,802139,0,4932868,0,4765805,3505,2347,12047,6517497,5729711,12332,44,228
1786396498031,12368896,8527104,8744368,1228960,8234112,0,814172,0,802139,0,4932868,0,4765805,3505,2347,12047,6517497,5729711,12332,44,228
1786396498541,12368896,8527104,8744368,1228960,8234112,0,814172,0,802139,0,4932868,0,4765805,3505,2347,12047,6517497,5729711,12332,44,228
1786396499042,12368896,8527104,8744368,1228960,8234112,0,814172,0,802139,0,4932868,0,4765805,3505,2347,12047,6517497,5729711,12332,44,228
1786396499553,12368896,8527104,8744368,1228960,8234112,0,814172,0,802139,0,4932868,0,4765805,3505,2347,12047,6517497,5729711,12332,44,228
1786396500063,12368896,8527104,8744368,1228960,8234112,0,814172,0,802139,0,4932868,0,4765805,3505,2347,12047,6517497,5729711,12332,44,228
1786396500575,12368896,8526864,8744128,1228960,8234112,0,814172,0,802139,0,4932868,0,4765805,3505,2347,12047,6517497,5729711,12332,44,228
1786396501079,12368896,8526864,8744128,1228960,8234112,0,814172,0,802139,0,4932868,0,4765805,3505,2347,12047,6517497,5729711,12332,44,228
1786396501587,12368896,8526864,8744128,1228960,8234112,0,814172,0,802139,0,4932868,0,4765805,3505,2347,12047,6517497,5729711,12332,44,228
1786396502098,12368896,8526864,8744128,1228960,8234112,0,814172,0,802139,0,4932868,0,4765805,3505,2347,12047,6517497,5729711,12332,44,228
1786396502609,12368896,8526624,8743888,1228960,8234112,0,814172,0,802139,0,4932868,0,4765805,3505,2347,12047,6517497,5729711,12332,44,228
1786396503114,12368896,8526624,8743888,1228960,8234112,0,814172,0,802139,0,4932868,0,4765805,3505,2347,12047,6517497,5729711,12332,44,228
1786396503616,12368896,8526624,8743888,1228960,8234112,0,814172,0,802139,0,4932868,0,4765805,3505,2347,12047,6517497,5729711,12332,44,228
1786396504122,12368896,8526624,8743888,1228960,8234112,0,814172,0,802139,0,4932868,0,4765805,3505,2347,12047,6517497,5729711,12332,44,228
1786396504624,12368896,8526624,8743888,1228960,8234112,0,814172,0,802139,0,4932868,0,4765805,3505,2347,12047,6517497,5729711,12332,44,228
1786396505129,12368896,8526624,8743888,1228960,8234112,0,814172,0,802139,0,4932868,0,4765805,3505,2347,12047,6517497,5729711,12332,44,228
1786396505633,12368896,8526624,8743888,1228960,8234112,0,814172,0,802139,0,4932868,0,4765805,3505,2347,12047,6517497,5729711,12332,44,228
1786396506139,12368896,8526624,8743888,1228960,8234112,0,814172,0,802139,0,4932868,0,4765805,3505,2347,12047,6517497,5729711,12332,44,228
1786396506643,12368896,8526624,8743888,1228960,8234112,0,814172,0,802139,0,4932868,0,4765805,3505,2347,12047,6517497,5729711,12332,44,228
1786396507146,12368896,8526624,8743888,1228960,8234112,0,814172,0,802139,0,4932868,0,4765805,3505,2347,12047,6517497,5729711,12332,44,228
1786396507650,12368896,8526624,8743888,1228960,8234112,0,814172,0,802139,0,4932868,0,4765805,3505,2347,12047,6517497,5729711,12332,44,228
1786396508162,12368896,8526624,8743888,1228960,8234112,0,814172,0,802139,0,4932868,0,4765805,3505,2347,12047,6517497,5729711,12332,44,228
1786396508665,12368896,8526384,8743648,1228960,8234112,0,814172,0,802139,0,4932868,0,4765805,3505,2347,12047,6517497,5729711,12332,44,228
1786396509170,12368896,8526384,8743648,1228960,8234112,0,814172,0,802139,0,4932868,0,4765805,3505,2347,12047,6517497,5729711,12332,44,228
1786396509677,12368896,8526384,8743648,1228960,8234112,0,814172,0,802139,0,4932868,0,4765805,3505,2347,12047,6517497,5729711,12332,44,228
1786396510182,12368896,8526384,8743648,1228960,8234112,0,814172,0,802139,0,4932868,0,4765805,3505,2347,12047,6517497,5729711,12332,44,228
1786396510694,12368896,8526384,8743648,1228960,8234112,0,814172,0,802139,0,4932868,0,4765805,3505,2347,12047,6517497,5729711,12332,44,228
1786396511205,12368896,8526384,8743648,1228960,8234112,0,814172,0,802139,0,4932868,0,4765805,3505,2347,12047,6517497,5729711,12332,44,228
1786396511717,12368896,8526384,8743648,1228960,8234112,0,814172,0,802139,0,4932868,0,4765805,3505,2347,12047,6517497,5729711,12332,44,228
1786396512218,12368896,8526384,8743648,1228960,8234112,0,814172,0,802139,0,4932868,0,4765805,3505,2347,12047,6517497,5729711,12332,44,228
1786396512720,12368896,8526384,8743648,1228960,8234112,0,814172,0,802139,0,4932868,0,4765805,3505,2347,12047,6517497,5729711,12332,44,228
1786396513224,12368896,8526384,8743648,1228960,8234112,0,814172,0,802139,0,4932868,0,4765805,3505,2347,12047,6517497,5729711,12332,44,228
1786396513728,12368896,8526384,8743648,1228960,8234112,0,814172,0,802139,0,4932868,0,4765805,3505,2347,12047,6517497,5729711,12332,44,228
1786396514232,12368896,8526384,8743648,1228960,8234112,0,814172,0,802139,0,4932868,0,4765805,3505,2347,12047,6517497,5729711,12332,44,228
1786396514740,12368896,8526384,8743648,1228960,8234112,0,814172,0,802139,0,4932868,0,4765805,3505,2347,12047,6517497,5729711,12332,44,228
1786396515253,12368896,8526144,8743408,1228976,8234112,0,814172,0,802139,0,4932868,0,4765805,3505,2347,12047,6517497,5729711,12332,44,228
1786396515760,12368896,8526144,8744192,1229824,8234240,0,814175,0,802143,0,4935247,0,4767936,3517,2355,12047,6517497,5729711,12332,44,228
1786396516263,12368896,8525184,8753040,1239584,8235136,0,814175,0,802143,0,4952857,0,4784665,3598,2415,12047,6517497,5729711,12332,44,228
1786396516770,12368896,8525184,8753040,1239616,8235136,0,814175,0,802143,0,4958952,0,4790659,3598,2415,12047,6517497,5729711,12332,44,228
1786396517271,12368896,8525184,8753312,1239920,8235136,0,814175,0,802143,36,4983426,36,4815047,3598,2415,12047,6517497,5729711,12332,44,228
1786396517776,12368896,8525184,8753312,1239920,8235136,0,814175,0,802143,36,4983426,36,4815047,3598,2415,12047,6517497,5729711,12332,44,228
1786396518276,12368896,8525184,8753392,1239920,8235136,0,814175,0,802143,36,4983426,36,4815047,3598,2415,12047,6517497,5729711,12332,44,228
1786396518779,12368896,8525184,8753392,1239920,8235136,0,814175,0,802143,36,4983426,36,4815047,3598,2415,12047,6517497,5729711,12332,44,228
1786396519284,12368896,8525184,8753392,1239920,8235136,0,814175,0,802143,28,4983426,28,4815047,3598,2415,12047,6517497,5729711,12332,44,228
1786396519795,12368896,8525184,8753392,1239920,8235136,0,814175,0,802143,28,4983426,28,4815047,3598,2415,12047,6517497,5729711,12332,44,228
1786396520301,12368896,8525184,8753392,1239920,8235136,0,814175,0,802143,28,4983426,28,4815047,3598,2415,12047,6517497,5729711,12332,44,228
1786396520810,12368896,8524944,8753152,1239920,8235136,0,814175,0,802143,28,4983426,28,4815047,3598,2415,12047,6517497,5729711,12332,44,228
1786396521317,12368896,8524944,8753152,1239920,8235136,0,814175,0,802143,24,4983426,24,4815047,3598,2415,12047,6517497,5729711,12332,44,228
1786396521826,12368896,8524944,8753152,1239920,8235136,0,814175,0,802143,24,4983426,24,4815047,3598,2415,12047,6517497,5729711,12332,44,228
1786396522329,12368896,8524944,8753152,1239920,8235136,0,814175,0,802143,24,4983426,24,4815047,3598,2415,12047,6517497,5729711,12332,44,228
1786396522831,12368896,8524944,8753152,1239920,8235136,0,814175,0,802143,19,4983426,19,4815047,3598,2415,12047,6517497,5729711,12332,44,228
1786396523342,12368896,8524944,8753152,1239920,8235136,0,814175,0,802143,19,4983426,19,4815047,3598,2415,12047,6517497,5729711,12332,44,228
1786396523844,12368896,8524944,8753152,1239920,8235136,0,814175,0,802143,19,4983426,19,4815047,3598,2415,12047,6517497,5729711,12332,44,228
1786396524354,12368896,8524704,8752912,1239920,8235136,0,814175,0,802143,19,4983426,19,4815047,3598,2415,12047,6517497,5729711,12332,44,228
1786396524856,12368896,8524704,8752912,1239920,8235136,0,814175,0,802143,16,4983426,16,4815047,3598,2415,12047,6517497,5729711,12332,44,228
1786396525359,12368896,8524704,8752912,1239920,8235136,0,814175,0,802143,16,4983426,16,4815047,3598,2415,12047,6517497,5729711,12332,44,228
1786396525869,12368896,8524704,8752912,1239920,8235136,0,814175,0,802143,16,4983426,16,4815047,3598,2415,12047,6517497,5729711,12332,44,228
1786396526380,12368896,8524704,8752896,1239904,8235152,0,814175,0,802143,16,4983426,16,4815047,3599,2416,12047,6517497,5729711,12332,44,228
1786396526888,12368896,8524704,8752896,1239936,8235152,0,814175,0,802143,13,4983426,13,4815047,3599,2416,12047,6517497,5729711,12332,44,228
1786396527395,12368896,8524704,8752896,1239936,8235152,0,814175,0,802143,13,4983426,13,4815047,3599,2416,12047,6517497,5729711,12332,44,228
1786396527906,12368896,8524704,8752896,1239936,8235152,0,814175,0,802143,13,4983426,13,4815047,3599,2416,12047,6517497,5729711,12332,44,228
1786396528418,12368896,8524704,8752928,1239936,8235152,0,814175,0,802143,13,4983426,13,4815047,3599,2416,12047,6517497,5729711,12332,44,228
1786396528930,12368896,8524704,8752928,1239936,8235152,0,814175,0,802143,10,4983426,10,4815047,3599,2416,12047,6517497,5729711,12332,44,228
1786396529440,12368896,8524704,8752928,1239936,8235152,0,814175,0,802143,10,4983426,10,4815047,3599,2416,12047,6517497,5729711,12332,44,228
1786396529951,12368896,8524704,8752928,1239936,8235152,0,814175,0,802143,10,4983426,10,4815047,3599,2416,12047,6517497,5729711,12332,44,228
1786396530454,12368896,8524464,8752688,1239936,8235152,0,814175,0,802143,10,4983426,10,4815047,3599,2416,12047,6517497,5729711,12332,44,228
1786396530958,12368896,8524464,8752688,1239936,8235152,0,814175,0,802143,8,4983426,8,4815047,3599,2416,12047,6517497,5729711,12332,44,228
1786396531459,12368896,8524464,8752688,1239936,8235168,0,814175,0,802143,8,4983426,8,4815047,3600,2417,12047,6517497,5729711,12332,44,228
1786396531964,12368896,8524464,8752688,1239936,8235168,0,814175,0,802143,8,4983426,8,4815047,3600,2417,12047,6517497,5729711,12332,44,228
1786396532473,12368896,8524464,8752688,1239936,8235168,0,814175,0,802143,8,4983426,8,4815047,3600,2417,12047,6517497,5729711,12332,44,228
1786396532978,12368896,8524464,8752688,1239936,8235168,0,814175,0,802143,7,4983426,7,4815047,3600,2417,12047,6517497,5729711,12332,44,228
1786396533481,12368896,8524224,8752448,1239936,8235168,0,814175,0,802143,7,4983426,7,4815047,3600,2417,12047,6517497,5729711,12332,44,228
1786396533989,12368896,8524224,8752448,1239936,8235168,0,814175,0,802143,7,4983426,7,4815047,3600,2417,12047,6517497,5729711,12332,44,228
1786396534501,12368896,8524224,8752448,1239936,8235168,0,814175,0,802143,7,4983426,7,4815047,3600,2417,12047,6517497,5729711,12332,44,228
1786396535010,12368896,8524224,8752448,1239936,8235168,0,814175,0,802143,5,4983426,5,4815047,3600,2417,12047,6517497,5729711,12332,44,228
1786396535521,12368896,8524224,8752448,1239936,8235168,0,814175,0,802143,5,4983426,5,4815047,3600,2417,12047,6517497,5729711,12332,44,228
1786396536032,12368896,8524224,8752448,1239936,8235168,0,814175,0,802143,5,4983426,5,4815047,3600,2417,12047,6517497,5729711,12332,44,228
1786396536535,12368896,8523984,8752208,1239936,8235168,0,814175,0,802143,5,4983426,5,4815047,3600,2417,12047,6517497,5729711,12332,44,228
1786396537042,12368896,8523984,8752208,1239936,8235168,0,814175,0,802143,4,4983426,4,4815047,3600,2417,12047,6517497,5729711,12332,44,228
1786396537546,12368896,8523984,8752208,1239936,8235168,0,814175,0,802143,4,4983426,4,4815047,3600,2417,12047,6517497,5729711,12332,44,228
1786396538050,12368896,8523984,8752208,1239936,8235168,0,814175,0,802143,4,4983426,4,4815047,3600,2417,12047,6517497,5729711,12332,44,228
1786396538561,12368896,8523744,8751968,1239936,8235168,0,814175,0,802143,4,4983426,4,4815047,3600,2417,12047,6517497,5729711,12332,44,228
1786396539073,12368896,8523744,8751968,1239936,8235168,0,814175,0,802143,3,4983426,3,4815047,3600,2417,12047,6517497,5729711,12332,44,228
1786396539577,12368896,8523744,8751968,1239936,8235168,0,814175,0,802143,3,4983426,3,4815047,3600,2417,12047,6517497,5729711,12332,44,228
1786396540082,12368896,8523744,8751968,1239936,8235168,0,814175,0,802143,3,4983426,3,4815047,3600,2417,12047,6517497,5729711,12332,44,228
1786396540593,12368896,8523744,8751968,1239936,8235168,0,814175,0,802143,3,4983426,3,4815047,3600,2417,12047,6517497,5729711,12332,44,228
1786396541094,12368896,8523744,8751968,1239936,8235168,0,814175,0,802143,3,4983426,3,4815047,3600,2417,12047,6517497,5729711,12332,44,228
1786396541604,12368896,8523504,8751728,1239936,8235168,0,814175,0,802143,3,4983426,3,4815047,3600,2417,12047,6517497,5729711,12332,44,228
1786396542114,12368896,8523504,8751728,1239936,8235168,0,814175,0,802143,3,4983426,3,4815047,3600,2417,12047,6517497,5729711,12332,44,228
1786396542618,12368896,8523504,8751728,1239936,8235168,0,814175,0,802143,3,4983426,3,4815047,3600,2417,12047,6517497,5729711,12332,44,228
1786396543121,12368896,8523504,8751728,1239936,8235168,0,814175,0,802143,2,4983426,2,4815047,3600,2417,12047,6517497,5729711,12332,44,228
1786396543627,12368896,8523504,8751728,1239936,8235168,0,814175,0,802143,2,4983426,2,4815047,3600,2417,12047,6517497,5729711,12332,44,228
1786396544132,12368896,8523504,8751728,1239936,8235168,0,814175,0,802143,2,4983426,2,4815047,3600,2417,12047,6517497,5729711,12332,44,228
1786396544638,12368896,8523504,8751728,1239936,8235168,0,814175,0,802143,2,4983426,2,4815047,3600,2417,12047,6517497,5729711,12332,44,228
1786396545144,12368896,8523504,8751728,1239936,8235168,0,814175,0,802143,2,4983426,2,4815047,3600,2417,12047,6517497,5729711,12332,44,228
1786396545647,12368896,8523504,8751728,1239936,8235168,0,814175,0,802143,2,4983426,2,4815047,3600,2417,12047,6517497,5729711,12332,44,228
1786396546152,12368896,8523504,8751728,1239936,8235168,0,814175,0,802143,2,4983426,2,4815047,3600,2417,12047,6517497,5729711,12332,44,228
1786396546659,12368896,8523504,8751728,1239936,8235168,0,814175,0,802143,2,4983426,2,4815047,3600,2417,12047,6517497,5729711,12332,44,228
1786396547172,12368896,8523504,8751728,1240016,8235168,0,814175,0,802143,1,4983426,1,4815047,3600,2417,12047,6517497,5729711,12332,44,228
1786396547684,12368896,8523504,8751728,1240016,8235168,0,814175,0,802143,1,4983426,1,4815047,3600,2417,12047,6517497,5729711,12332,44,228
1786396548191,12368896,8523504,8751728,1240016,8235168,0,814175,0,802143,1,4983426,1,4815047,3600,2417,12047,6517497,5729711,12332,44,228
1786396548695,12368896,8523504,8751808,1240016,8235168,0,814175,0,802143,1,4983426,1,4815047,3600,2417,12047,6517497,5729711,12332,44,228
1786396549197,12368896,8523504,8751808,1240016,8235168,0,814175,0,802143,1,4983426,1,4815047,3600,2417,12047,6517497,5729711,12332,44,228
1786396549706,12368896,8523504,8751808,1240016,8235168,0,814175,0,802143,1,4983426,1,4815047,3600,2417,12047,6517497,5729711,12332,44,228
1786396550215,12368896,8523504,8751808,1240016,8235168,0,814175,0,802143,1,4983426,1,4815047,3600,2417,12047,6517497,5729711,12332,44,228
1786396550725,12368896,8523504,8751808,1240016,8235168,0,814175,0,802143,1,4983426,1,4815047,3600,2417,12047,6517497,5729711,12332,44,228
1786396551234,12368896,8523504,8751808,1240016,8235168,0,814175,0,802143,1,4983426,1,4815047,3600,2417,12047,6517497,5729711,12332,44,228
1786396551747,12368896,8523504,8751808,1240016,8235168,0,814175,0,802143,1,4983426,1,4815047,3600,2417,12047,6517497,5729711,12332,44,228
1786396552249,12368896,8523504,8751808,1240016,8235168,0,814175,0,802143,1,4983426,1,4815047,3600,2417,12047,6517497,5729711,12332,44,228
1786396552753,12368896,8523504,8751808,1240016,8235168,0,814175,0,802143,1,4983426,1,4815047,3600,2417,12047,6517497,5729711,12332,44,228
1786396553264,12368896,8523504,8751808,1240016,8235168,0,814175,0,802143,0,4983426,0,4815047,3600,2417,12047,6517497,5729711,12332,44,228
1786396553772,12368896,8523504,8751808,1240016,8235168,0,814175,0,802143,0,4983426,0,4815047,3600,2417,12047,6517497,5729711,12332,44,228
1786396554275,12368896,8523504,8751808,1240016,8235168,0,814175,0,802143,0,4983426,0,4815047,3600,2417,12047,6517497,5729711,12332,44,228
1786396554779,12368896,8523504,8751808,1240016,8235168,0,814175,0,802143,0,4983426,0,4815047,3600,2417,12047,6517497,5729711,12332,44,228
1786396555282,12368896,8523504,8751808,1240016,8235168,0,814175,0,802143,0,4983426,0,4815047,3600,2417,12047,6517497,5729711,12332,44,228
1786396555792,12368896,8523504,8751808,1240016,8235168,0,814175,0,802143,0,4983426,0,4815047,3600,2417,12047,6517497,5729711,12332,44,228
1786396556299,12368896,8523504,8751808,1240016,8235168,0,814175,0,802143,0,4983426,0,4815047,3600,2417,12047,6517497,5729711,12332,44,228
1786396556808,12368896,8523504,8751808,1240016,8235168,0,814175,0,802143,0,4987082,0,4818624,3600,2417,12047,6517497,5729711,12332,44,228
1786396557311,12368896,8523504,8752192,1240416,8235168,0,814175,0,802143,0,4989596,0,4821132,3600,2417,12047,6517497,5729711,12332,44,228
1786396557822,12368896,8523504,8752192,1240416,8235168,0,814175,0,802143,0,4989596,0,4821132,3600,2417,12047,6517497,5729711,12332,44,228
1786396558322,12368896,8523264,8751952,1240416,8235168,0,814175,0,802143,0,4989596,0,4821132,3600,2417,12047,6517497,5729711,12332,44,228
1786396558827,12368896,8523264,8751952,1240416,8235168,0,814175,0,802143,0,4989596,0,4821132,3600,2417,12047,6517497,5729711,12332,44,228
1786396559330,12368896,8523264,8751952,1240416,8235168,0,814175,0,802143,0,4989596,0,4821132,3600,2417,12047,6517497,5729711,12332,44,228
1786396559840,12368896,8523264,8751968,1240416,8235168,0,814175,0,802143,0,4989596,0,4821132,3600,2417,12047,6517497,5729711,12332,44,228
1786396560348,12368896,8523264,8751968,1240416,8235168,0,814175,0,802143,0,4989596,0,4821132,3600,2417,12047,6517497,5729711,12332,44,228
1786396560859,12368896,8523264,8751968,1240416,8235168,0,814175,0,802143,0,4989596,0,4821132,3600,2417,12047,6517497,5729711,12332,44,228
1786396561372,12368896,8523264,8751968,1240416,8235168,0,814175,0,802143,0,4989596,0,4821132,3600,2417,12047,6517497,5729711,12332,44,228
1786396561877,12368896,8523264,8751968,1240416,8235168,0,814175,0,802143,0,4989596,0,4821132,3600,2417,12047,6517497,5729711,12332,44,228
1786396562381,12368896,8523264,8751968,1240416,8235168,0,814175,0,802143,0,4989596,0,4821132,3600,2417,12047,6517497,5729711,12332,44,228
1786396562893,12368896,8523264,8751968,1240416,8235168,0,814175,0,802143,0,4989596,0,4821132,3600,2417,12047,6517497,5729711,12332,44,228
1786396563399,12368896,8523264,8751968,1240416,8235168,0,814175,0,802143,0,4989596,0,4821132,3600,2417,12047,6517497,5729711,12332,44,228
1786396563903,12368896,8523264,8751968,1240416,8235168,0,814175,0,802143,0,4989596,0,4821132,3600,2417,12047,6517497,5729711,12332,44,228
1786396564413,12368896,8523264,8751968,1240416,8235168,0,814175,0,802143,0,4989596,0,4821132,3600,2417,12047,6517497,5729711,12332,44,228
1786396564919,12368896,8523264,8751968,1240416,8235168,0,814175,0,802143,0,4989596,0,4821132,3600,2417,12047,6517497,5729711,12332,44,228
1786396565422,12368896,8523264,8751968,1240416,8235168,0,814175,0,802143,0,4989596,0,4821132,3600,2417,12047,6517497,5729711,12332,44,228
1786396565936,12368896,8523264,8751968,1240416,8235168,0,814175,0,802143,0,4989596,0,4821132,3600,2417,12047,6517497,5729711,12332,44,228
1786396566448,12368896,8523264,8751968,1240416,8235168,0,814175,0,802143,0,4989596,0,4821132,3600,2417,12047,6517497,5729711,12332,44,228
1786396566956,12368896,8523264,8751968,1240416,8235168,0,814175,0,802143,0,4989596,0,4821132,3600,2417,12047,6517497,5729711,12332,44,228
1786396567461,12368896,8523264,8751968,1240416,8235168,0,814175,0,802143,0,4989596,0,4821132,3600,2417,12047,6517497,5729711,12332,44,228
1786396567971,12368896,8523264,8751968,1240416,8235168,0,814175,0,802143,0,4989596,0,4821132,3600,2417,12047,6517497,5729711,12332,44,228
1786396568474,12368896,8523264,8751968,1240416,8235168,0,814175,0,802143,0,4989596,0,4821132,3600,2417,12047,6517497,5729711,12332,44,228
1786396568984,12368896,8523264,8751968,1240416,8235168,0,814175,0,802143,0,4989596,0,4821132,3600,2417,12047,6517497,5729711,12332,44,228
1786396569490,12368896,8523264,8751968,1240416,8235168,0,814175,0,802143,0,4989596,0,4821132,3600,2417,12047,6517497,5729711,12332,44,228
1786396569999,12368896,8523264,8751968,1240416,8235168,0,814175,0,802143,0,4989596,0,4821132,3600,2417,12047,6517497,5729711,12332,44,228
1786396570503,12368896,8523264,8751968,1240416,8235168,0,814175,0,802143,0,4989596,0,4821132,3600,2417,12047,6517497,5729711,12332,44,228
1786396571013,12368896,8523264,8751968,1240416,8235168,0,814175,0,802143,0,4989596,0,4821132,3600,2417,12047,6517497,5729711,12332,44,228
1786396571518,12368896,8523264,8751968,1240416,8235168,0,814175,0,802143,0,4989596,0,4821132,3600,2417,12047,6517497,5729711,12332,44,228
1786396572028,12368896,8523264,8751968,1240416,8235168,0,814175,0,802143,0,4989596,0,4821132,3600,2417,12047,6517497,5729711,12332,44,228
1786396572538,12368896,8523264,8751968,1240416,8235168,0,814175,0,802143,0,4989596,0,4821132,3600,2417,12047,6517497,5729711,12332,44,228
1786396573046,12368896,8523264,8751968,1240416,8235168,0,814175,0,802143,0,4989596,0,4821132,3600,2417,12047,6517497,5729711,12332,44,228
1786396573554,12368896,8523264,8751968,1240416,8235168,0,814175,0,802143,0,4989596,0,4821132,3600,2417,12047,6517497,5729711,12332,44,228
1786396574064,12368896,8523264,8751968,1240416,8235168,0,814175,0,802143,0,4989596,0,4821132,3600,2417,12047,6517497,5729711,12332,44,228
1786396574573,12368896,8523264,8751968,1240416,8235168,0,814175,0,802143,0,4989596,0,4821132,3600,2417,12047,6517497,5729711,12332,44,228
1786396575074,12368896,8523264,8751968,1240416,8235168,0,814175,0,802143,0,4989596,0,4821132,3600,2417,12047,6517497,5729711,12332,44,228
1786396575579,12368896,8523264,8751968,1240416,8235168,0,814175,0,802143,0,4989596,0,4821132,3600,2417,12047,6517497,5729711,12332,44,228
1786396576090,12368896,8523024,8751728,1240416,8235168,0,814175,0,802143,0,4989596,0,4821132,3600,2417,12047,6517497,5729711,12332,44,228
1786396576595,12368896,8522784,8751488,1240432,8235168,0,814175,0,802143,0,4989596,0,4821132,3600,2417,12047,6517497,5729711,12332,44,228
1786396577102,12368896,8522784,8751488,1240432,8235168,0,814175,0,802143,0,4989596,0,4821132,3600,2417,12047,6517497,5729711,12332,44,228
1786396577614,12368896,8522784,8751488,1240432,8235168,0,814175,0,802143,0,4989596,0,4821132,3600,2417,12047,6517497,5729711,12332,44,228
1786396578117,12368896,8522784,8751488,1240432,8235168,0,814175,0,802143,0,4989596,0,4821132,3600,2417,12047,6517497,5729711,12332,44,228
1786396578627,12368896,8522544,8751248,1240432,8235168,0,814175,0,802143,0,4989596,0,4821132,3600,2417,12047,6517497,5729711,12332,44,228
1786396579129,12368896,8522544,8751248,1240432,8235168,0,814175,0,802143,0,4989596,0,4821132,3600,2417,12047,6517497,5729711,12332,44,228
1786396579641,12368896,8522544,8751248,1240432,8235168,0,814175,0,802143,0,4989596,0,4821132,3600,2417,12047,6517497,5729711,12332,44,228
1786396580143,12368896,8522544,8751248,1240432,8235168,0,814175,0,802143,0,4989596,0,4821132,3600,2417,12047,6517497,5729711,12332,44,228
1786396580650,12368896,8522544,8751248,1240432,8235168,0,814175,0,802143,0,4989596,0,4821132,3600,2417,12047,6517497,5729711,12332,44,228
1786396581152,12368896,8522544,8751248,1240432,8235168,0,814175,0,802143,0,4989596,0,4821132,3600,2417,12047,6517497,5729711,12332,44,228
1786396581656,12368896,8522544,8751248,1240432,8235168,0,814175,0,802143,0,4989596,0,4821132,3600,2417,12047,6517497,5729711,12332,44,228
1786396582168,12368896,8522544,8751232,1240432,8235168,0,814175,0,802143,0,4989596,0,4821132,3600,2417,12047,6517497,5729711,12332,44,228
1786396582672,12368896,8522544,8751232,1240432,8235168,0,814175,0,802143,0,4989596,0,4821132,3600,2417,12047,6517497,5729711,12332,44,228
1786396583176,12368896,8522544,8751232,1240432,8235168,0,814175,0,802143,0,4989596,0,4821132,3600,2417,12047,6517497,5729711,12332,44,228
1786396583681,12368896,8522544,8751248,1240432,8235168,0,814175,0,802143,0,4989596,0,4821132,3600,2417,12047,6517497,5729711,12332,44,228
1786396584183,12368896,8522544,8751248,1240432,8235168,0,814175,0,802143,0,4989596,0,4821132,3600,2417,12047,6517497,5729711,12332,44,228
1786396584694,12368896,8522544,8751248,1240432,8235168,0,814175,0,802143,0,4989596,0,4821132,3600,2417,12047,6517497,5729711,12332,44,228
1786396585203,12368896,8522544,8751248,1240432,8235168,0,814175,0,802143,0,4989596,0,4821132,3600,2417,12047,6517497,5729711,12332,44,228
1786396585712,12368896,8522544,8751248,1240432,8235168,0,814175,0,802143,0,4989596,0,4821132,3600,2417,12047,6517497,5729711,12332,44,228
1786396586223,12368896,8522544,8751248,1240432,8235168,0,814175,0,802143,0,4989596,0,4821132,3600,2417,12047,6517497,5729711,12332,44,228
1786396586730,12368896,8522544,8751248,1240432,8235168,0,814175,0,802143,0,4989596,0,4821132,3600,2417,12047,6517497,5729711,12332,44,228
1786396587237,12368896,8522544,8751248,1240432,8235168,0,814175,0,802143,0,4989596,0,4821132,3600,2417,12047,6517497,5729711,12332,44,228
1786396587749,12368896,8522544,8751248,1240432,8235168,0,814175,0,802143,0,4989596,0,4821132,3600,2417,12047,6517497,5729711,12332,44,228
1786396588260,12368896,8522544,8751248,1240432,8235168,0,814175,0,802143,0,4989596,0,4821132,3600,2417,12047,6517497,5729711,12332,44,228
1786396588770,12368896,8522544,8751248,1240432,8235168,0,814175,0,802143,0,4989596,0,4821132,3600,2417,12047,6517497,5729711,12332,44,228
1786396589280,12368896,8522544,8751248,1240432,8235168,0,814175,0,802143,0,4989596,0,4821132,3600,2417,12047,6517497,5729711,12332,44,228
1786396589785,12368896,8523488,8752192,1240432,8235168,0,814175,0,802143,0,4989596,0,4821132,3600,2417,12047,6517497,5729711,12332,44,228
1786396590286,12368896,8523488,8752192,1240432,8235168,0,814175,0,802143,0,4989596,0,4821132,3600,2417,12047,6517497,5729711,12332,44,228
1786396590802,12368896,8523488,8752192,1240432,8235168,0,814175,0,802143,0,4989596,0,4821132,3600,2417,12047,6517497,5729711,12332,44,228
1786396591310,12368896,8523488,8752192,1240432,8235168,0,814175,0,802143,0,4989596,0,4821132,3600,2417,12047,6517497,5729711,12332,44,228
1786396591820,12368896,8523488,8752192,1240432,8235168,0,814175,0,802143,0,4989596,0,4821132,3600,2417,12047,6517497,5729711,12332,44,228
1786396592332,12368896,8523488,8752192,1240432,8235168,0,814175,0,802143,0,4989596,0,4821132,3600,2417,12047,6517497,5729711,12332,44,228
1786396592839,12368896,8523488,8752192,1240432,8235168,0,814175,0,802143,0,4989596,0,4821132,3600,2417,12047,6517497,5729711,12332,44,228
1786396593346,12368896,8523248,8751952,1240432,8235168,0,814175,0,802143,0,4989596,0,4821132,3600,2417,12047,6517497,5729711,12332,44,228
1786396593857,12368896,8523248,8751952,1240432,8235168,0,814175,0,802143,0,4989596,0,4821132,3600,2417,12047,6517497,5729711,12332,44,228
1786396594366,12368896,8523248,8751952,1240432,8235168,0,814175,0,802143,0,4989596,0,4821132,3600,2417,12047,6517497,5729711,12332,44,228
1786396594877,12368896,8523248,8751952,1240432,8235168,0,814175,0,802143,0,4989596,0,4821132,3600,2417,12047,6517497,5729711,12332,44,228
1786396595389,12368896,8523792,8752496,1240432,8235168,0,814175,0,802143,0,4989596,0,4821132,3600,2417,12047,6517497,5729711,12332,44,228
1786396595891,12368896,8523792,8752496,1240432,8235168,0,814175,0,802143,0,4989596,0,4821132,3600,2417,12047,6517497,5729711,12332,44,228
1786396596404,12368896,8523792,8752496,1240432,8235168,0,814175,0,802143,0,4989596,0,4821132,3600,2417,12047,6517497,5729711,12332,44,228
1786396596915,12368896,8523792,8752496,1240432,8235168,0,814175,0,802143,0,4989596,0,4821132,3600,2417,12047,6517497,5729711,12332,44,228
1786396597425,12368896,8524320,8753024,1240432,8235168,0,814175,0,802143,0,4989596,0,4821132,3600,2417,12047,6517497,5729711,12332,44,228
1786396597928,12368896,8524320,8753024,1240432,8235168,0,814175,0,802143,0,4989596,0,4821132,3600,2417,12047,6517497,5729711,12332,44,228
1786396598438,12368896,8524320,8753024,1240432,8235168,0,814175,0,802143,0,4989596,0,4821132,3600,2417,12047,6517497,5729711,12332,44,228
1786396598945,12368896,8524320,8753024,1240432,8235168,0,814175,0,802143,0,4989596,0,4821132,3600,2417,12047,6517497,5729711,12332,44,228
1786396599456,12368896,8524320,8753024,1240432,8235168,0,814175,0,802143,0,4989596,0,4821132,3600,2417,12047,6517497,5729711,12332,44,228
1786396599961,12368896,8524832,8753536,1240432,8235168,0,814175,0,802143,0,4989596,0,4821132,3600,2417,12047,6517497,5729711,12332,44,228
1786396600474,12368896,8524832,8753536,1240432,8235168,0,814175,0,802143,0,4989596,0,4821132,3600,2417,12047,6517497,5729711,12332,44,228
1786396600982,12368896,8524832,8753536,1240464,8235168,0,814175,0,802143,0,4992383,0,4823919,3601,2417,12047,6517497,5729711,12332,44,228
1786396601491,12368896,8524832,8753536,1240464,8235168,0,814175,0,802143,0,4992383,0,4823919,3601,2417,12047,6517497,5729711,12332,44,228
1786396601999,12368896,8524832,8753536,1240464,8235168,0,814175,0,802143,0,4992383,0,4823919,3601,2417,12047,6517497,5729711,12332,44,228
1786396602507,12368896,8524592,8753344,1240464,8235168,0,814175,0,802143,0,4992383,0,4823919,3601,2417,12047,6517497,5729711,12332,44,228
1786396603017,12368896,8524592,8753344,1240464,8235168,0,814175,0,802143,0,4992383,0,4823919,3601,2417,12047,6517497,5729711,12332,44,228
1786396603519,12368896,8524592,8753344,1240464,8235168,0,814175,0,802143,0,4992383,0,4823919,3601,2417,12047,6517497,5729711,12332,44,228
1786396604049,12368896,8523872,8752624,1240464,8235168,0,814175,0,802143,0,4992383,0,4823919,3601,2417,12047,6517497,5729711,12332,44,228
1786396604559,12368896,8523872,8752624,1240464,8235168,0,814175,0,802143,0,4992383,0,4823919,3601,2417,12047,6517497,5729711,12332,44,228
1786396605065,12368896,8523872,8752624,1240464,8235168,0,814175,0,802143,0,4992383,0,4823919,3601,2417,12047,6517497,5729711,12332,44,228
1786396605568,12368896,8523872,8752624,1240464,8235168,0,814175,0,802143,0,4992383,0,4823919,3601,2417,12047,6517497,5729711,12332,44,228
1786396606080,12368896,8523872,8752624,1240464,8235168,0,814175,0,802143,0,4992383,0,4823919,3601,2417,12047,6517497,5729711,12332,44,228
1786396606582,12368896,8523872,8752624,1240464,8235168,0,814175,0,802143,0,4992383,0,4823919,3601,2417,12047,6517497,5729711,12332,44,228
1786396607089,12106752,8309840,8539616,1240464,8235168,0,814175,0,802143,0,4992383,0,4823919,3601,2417,12047,6517497,5729711,12332,44,228
1786396607599,12106752,8309072,8538848,1240464,8235168,0,814175,0,802143,0,4992383,0,4823919,3601,2417,12047,6517497,5729711,12332,44,228
1786396608102,12106752,8309072,8538848,1240464,8235168,0,814175,0,802143,0,4992383,0,4823919,3601,2417,12047,6517497,5729711,12332,44,228
1786396608608,12106752,8301392,8531168,1240464,8235168,0,814175,0,802143,0,4992383,0,4823919,3601,2417,12047,6517497,5729711,12332,44,228
1786396609120,11844608,8040512,8271312,1240464,8235168,0,814175,0,802143,0,4992383,0,4823919,3601,2417,12047,6517497,5729711,12332,44,228
1786396609625,11844608,8040512,8271312,1240464,8235168,0,814175,0,802143,0,4992383,0,4823919,3601,2417,12047,6517497,5729711,12332,44,228
1786396610134,11844608,8040512,8271312,1240464,8235168,0,814175,0,802143,0,4992383,0,4823919,3601,2417,12047,6517497,5729711,12332,44,228
1786396610644,11844608,8040272,8271072,1240464,8235168,0,814175,0,802143,0,4992383,0,4823919,3601,2417,12047,6517497,5729711,12332,44,228
1786396611148,11582464,7779392,8011216,1240464,8235168,0,814175,0,802143,0,4992383,0,4823919,3601,2417,12047,6517497,5729711,12332,44,228
1786396611650,11582464,7779392,8011216,1240464,8235168,0,814175,0,802143,0,4992383,0,4823919,3601,2417,12047,6517497,5729711,12332,44,228
1786396612160,11582464,7779392,8011216,1240464,8235168,0,814175,0,802143,0,4992383,0,4823919,3601,2417,12047,6517497,5729711,12332,44,228
1786396612668,11582464,7779392,8011216,1240464,8235168,0,814175,0,802143,0,4992383,0,4823919,3601,2417,12047,6517497,5729711,12332,44,228
1786396613171,11320320,7514912,7747760,1240464,8235168,0,814175,0,802143,0,4992383,0,4823919,3601,2417,12047,6517497,5729711,12332,44,228
1786396613677,11320320,7514912,7747760,1240464,8235168,0,814175,0,802143,0,4992383,0,4823919,3601,2417,12047,6517497,5729711,12332,44,228
1786396614180,11320320,7514672,7747520,1240464,8235168,0,814175,0,802143,0,4992383,0,4823919,3601,2417,12047,6517497,5729711,12332,44,228
1786396614681,11320320,7514672,7747520,1240464,8235168,0,814175,0,802143,0,4992383,0,4823919,3601,2417,12047,6517497,5729711,12332,44,228
1786396615192,11058176,7253792,7487664,1240464,8235168,0,814175,0,802143,0,4992383,0,4823919,3601,2417,12047,6517497,5729711,12332,44,228
1786396615703,11058176,7253792,7487664,1240464,8235168,0,814175,0,802143,0,4992383,0,4823919,3601,2417,12047,6517497,5729711,12332,44,228
1786396616205,11058176,7253792,7487664,1240464,8235168,0,814175,0,802143,0,4992383,0,4823919,3601,2417,12047,6517497,5729711,12332,44,228
1786396616711,11058176,7253792,7487664,1240464,8235168,0,814175,0,802143,0,4992383,0,4823919,3601,2417,12047,6517497,5729711,12332,44,228
1786396617223,10796032,6992912,7227808,1240464,8235168,0,814175,0,802143,0,4992383,0,4823919,3601,2417,12047,6517497,5729711,12332,44,228
1786396617731,10796032,6992672,7227568,1240464,8235168,0,814175,0,802143,0,4992383,0,4823919,3601,2417,12047,6517497,5729711,12332,44,228
1786396618236,10796032,6992672,7227568,1240464,8235168,0,814175,0,802143,0,4992383,0,4823919,3601,2417,12047,6517497,5729711,12332,44,228
1786396618748,10796032,6992672,7227568,1240464,8235168,0,814175,0,802143,0,4992383,0,4823919,3601,2417,12047,6517497,5729711,12332,44,228
1786396619250,10533888,6731792,6967712,1240464,8235168,0,814175,0,802143,0,4992383,0,4823919,3601,2417,12047,6517497,5729711,12332,44,228
1786396619760,10533888,6731552,6967472,1240464,8235168,0,814175,0,802143,0,4992383,0,4823919,3601,2417,12047,6517497,5729711,12332,44,228
1786396620266,10533888,6731552,6967472,1240464,8235168,0,814175,0,802143,0,4992383,0,4823919,3601,2417,12047,6517497,5729711,12332,44,228
1786396620768,10533888,6731552,6967472,1240464,8235168,0,814175,0,802143,0,4992383,0,4823919,3601,2417,12047,6517497,5729711,12332,44,228
1786396621279,10271744,6470672,6707616,1240464,8235168,0,814175,0,802143,0,4992383,0,4823919,3601,2417,12047,6517497,5729711,12332,44,228
1786396621788,10271744,6470672,6707616,1240464,8235168,0,814175,0,802143,0,4992383,0,4823919,3601,2417,12047,6517497,5729711,12332,44,228
1786396622302,10271744,6470432,6707376,1240464,8235168,0,814175,0,802143,0,4992383,0,4823919,3601,2417,12047,6517497,5729711,12332,44,228
1786396622813,10271744,6470432,6707376,1240464,8235168,0,814175,0,802143,0,4992383,0,4823919,3601,2417,12047,6517497,5729711,12332,44,228
1786396623321,10037248,6232592,6470448,1240464,8235168,0,814175,0,802143,0,4992383,0,4823919,3601,2417,12047,6517497,5729711,12332,44,228
1786396623829,10018816,6217232,6455152,1240464,8235168,0,814175,0,802143,0,4992383,0,4823919,3601,2417,12047,6517497,5729711,12332,44,228
1786396624340,10009600,6201872,6439840,1240464,8235168,0,814175,0,802143,0,4992383,0,4823919,3601,2417,12047,6517497,5729711,12332,44,228
1786396624846,10009600,6201872,6439840,1240464,8235168,0,814175,0,802143,0,4992383,0,4823919,3601,2417,12047,6517497,5729711,12332,44,228
1786396625358,9747456,5940752,6179744,1240464,8235168,0,814175,0,802143,0,4992383,0,4823919,3601,2417,12047,6517497,5729711,12332,44,228
1786396625868,9747456,5940752,6179744,1240464,8235168,0,814175,0,802143,0,4992383,0,4823919,3601,2417,12047,6517497,5729711,12332,44,228
1786396626376,9747456,5940752,6179744,1240464,8235168,0,814175,0,802143,0,4992383,0,4823919,3601,2417,12047,6517497,5729711,12332,44,228
1786396626878,9747456,5940752,6179744,1240464,8235168,0,814175,0,802143,0,4992383,0,4823919,3601,2417,12047,6517497,5729711,12332,44,228
1786396627389,9485312,5679872,5919888,1240464,8235168,0,814175,0,802143,0,4992383,0,4823919,3601,2417,12047,6517497,5729711,12332,44,228
1786396627892,9485312,5672192,5912208,1240464,8235168,0,814175,0,802143,0,4992383,0,4823919,3601,2417,12047,6517497,5729711,12332,44,228
1786396628401,9485312,5672192,5912208,1240464,8235168,0,814175,0,802143,0,4992383,0,4823919,3601,2417,12047,6517497,5729711,12332,44,228
1786396628911,9485312,5672192,5912208,1240464,8235168,0,814175,0,802143,0,4992383,0,4823919,3601,2417,12047,6517497,5729711,12332,44,228
1786396629420,9223168,5411312,5652352,1240464,8235168,0,814175,0,802143,0,4992383,0,4823919,3601,2417,12047,6517497,5729711,12332,44,228
1786396629922,9223168,5411312,5652352,1240464,8235168,0,814175,0,802143,0,4992383,0,4823919,3601,2417,12047,6517497,5729711,12332,44,228
1786396630427,9223168,5411312,5652352,1240464,8235168,0,814175,0,802143,0,4992383,0,4823919,3601,2417,12047,6517497,5729711,12332,44,228
1786396630929,9223168,5411312,5652352,1240464,8235168,0,814175,0,802143,0,4992383,0,4823919,3601,2417,12047,6517497,5729711,12332,44,228
1786396631437,8961024,5150432,5392496,1240464,8235168,0,814175,0,802143,0,4992383,0,4823919,3601,2417,12047,6517497,5729711,12332,44,228
1786396631940,8961024,5150432,5392496,1240464,8235168,0,814175,0,802143,0,4992383,0,4823919,3601,2417,12047,6517497,5729711,12332,44,228
1786396632452,8961024,5150432,5392496,1240464,8235168,0,814175,0,802143,0,4992383,0,4823919,3601,2417,12047,6517497,5729711,12332,44,228
1786396632958,8961024,5150432,5392496,1240464,8235168,0,814175,0,802143,0,4992383,0,4823919,3601,2417,12047,6517497,5729711,12332,44,228
1786396633460,8698880,4889552,5132640,1240464,8235168,0,814175,0,802143,0,4992383,0,4823919,3601,2417,12047,6517497,5729711,12332,44,228
1786396633967,8698880,4889552,5132640,1240464,8235168,0,814175,0,802143,0,4992383,0,4823919,3601,2417,12047,6517497,5729711,12332,44,228
1786396634469,8698880,4889552,5132640,1240464,8235168,0,814175,0,802143,0,4992383,0,4823919,3601,2417,12047,6517497,5729711,12332,44,228
1786396634980,8698880,4889552,5132640,1240464,8235168,0,814175,0,802143,0,4992383,0,4823919,3601,2417,12047,6517497,5729711,12332,44,228
1786396635482,8436736,4620992,4865104,1240480,8235168,0,814175,0,802143,0,4992383,0,4823919,3601,2417,12047,6517497,5729711,12332,44,228
1786396635987,8436736,4620992,4865104,1240480,8235168,0,814175,0,802143,0,4992383,0,4823919,3601,2417,12047,6517497,5729711,12332,44,228
1786396636493,8436736,4620992,4865104,1240480,8235168,0,814175,0,802143,0,4992383,0,4823919,3601,2417,12047,6517497,5729711,12332,44,228
1786396637003,8436736,4620992,4865104,1240480,8235168,0,814175,0,802143,0,4992383,0,4823919,3601,2417,12047,6517497,5729711,12332,44,228
1786396637505,8174592,4360112,4605248,1240480,8235168,0,814175,0,802143,0,4992383,0,4823919,3601,2417,12047,6517497,5729711,12332,44,228
1786396638017,8174592,4360112,4605248,1240480,8235168,0,814175,0,802143,0,4992383,0,4823919,3601,2417,12047,6517497,5729711,12332,44,228
1786396638522,8174592,4360112,4605248,1240480,8235168,0,814175,0,802143,0,4992383,0,4823919,3601,2417,12047,6517497,5729711,12332,44,228
1786396639024,8174592,4360112,4605248,1240480,8235168,0,814175,0,802143,0,4992383,0,4823919,3601,2417,12047,6517497,5729711,12332,44,228
1786396639534,7912448,4099232,4345392,1240480,8235168,0,814175,0,802143,0,4992383,0,4823919,3601,2417,12047,6517497,5729711,12332,44,228
1786396640034,7912448,4099232,4345392,1240480,8235168,0,814175,0,802143,0,4992383,0,4823919,3601,2417,12047,6517497,5729711,12332,44,228
1786396640541,7912448,4099232,4345392,1240480,8235168,0,814175,0,802143,0,4992383,0,4823919,3601,2417,12047,6517497,5729711,12332,44,228
1786396641049,7912448,4099232,4345392,1240480,8235168,0,814175,0,802143,0,4992383,0,4823919,3601,2417,12047,6517497,5729711,12332,44,228
1786396641559,7650304,3838992,4086176,1240480,8235168,0,814175,0,802143,0,4992383,0,4823919,3601,2417,12047,6517497,5729711,12332,44,228
1786396642066,7650304,3838992,4086176,1240480,8235168,0,814175,0,802143,0,4992383,0,4823919,3601,2417,12047,6517497,5729711,12332,44,228
1786396642578,7650304,3838992,4086176,1240480,8235168,0,814175,0,802143,0,4992383,0,4823919,3601,2417,12047,6517497,5729711,12332,44,228
1786396643082,7650304,3838992,4086176,1240480,8235168,0,814175,0,802143,0,4992383,0,4823919,3601,2417,12047,6517497,5729711,12332,44,228
1786396643588,7388160,3577872,3826080,1240480,8235168,0,814175,0,802143,0,4992383,0,4823919,3601,2417,12047,6517497,5729711,12332,44,228
1786396644099,7388160,3577872,3826080,1240480,8235168,0,814175,0,802143,0,4992383,0,4823919,3601,2417,12047,6517497,5729711,12332,44,228
1786396644603,7388160,3578336,3826544,1240480,8235168,0,814175,0,802143,0,4992383,0,4823919,3601,2417,12047,6517497,5729711,12332,44,228
1786396645114,7388160,3578336,3826544,1240480,8235168,0,814175,0,802143,0,4992383,0,4823919,3601,2417,12047,6517497,5729711,12332,44,228
1786396645624,7126016,3317456,3566688,1240480,8235168,0,814175,0,802143,0,4992383,0,4823919,3601,2417,12047,6517497,5729711,12332,44,228
1786396646128,7126016,3317456,3566688,1240480,8235168,0,814175,0,802143,0,4992383,0,4823919,3601,2417,12047,6517497,5729711,12332,44,228
1786396646629,7126016,3317456,3566688,1240480,8235168,0,814175,0,802143,0,4992383,0,4823919,3601,2417,12047,6517497,5729711,12332,44,228
1786396647132,7126016,3317856,3567088,1240480,8235168,0,814175,0,802143,0,4992383,0,4823919,3601,2417,12047,6517497,5729711,12332,44,228
1786396647643,6863872,3065616,3314960,1240480,8235168,0,814175,0,802143,0,4992383,0,4823919,3601,2417,12047,6517497,5729711,12332,44,228
1786396648149,6863872,3057936,3307280,1240480,8235168,0,814175,0,802143,0,4992383,0,4823919,3601,2417,12047,6517497,5729711,12332,44,228
1786396648650,6863872,3057936,3307280,1240480,8235168,0,814175,0,802143,0,4992383,0,4823919,3601,2417,12047,6517497,5729711,12332,44,228
1786396649153,6858752,3056256,3305600,1240480,8235168,0,814175,0,802143,0,4992383,0,4823919,3601,2417,12047,6517497,5729711,12332,44,228
1786396649654,6601728,2797056,3046400,1240480,8235168,0,814175,0,802143,0,4992383,0,4823919,3601,2417,12047,6517497,5729711,12332,44,228
1786396650158,6601728,2797056,3046400,1240480,8235168,0,814175,0,802143,0,4992383,0,4823919,3601,2417,12047,6517497,5729711,12332,44,228
1786396650668,6601728,2797056,3046400,1240480,8235168,0,814175,0,802143,0,4992383,0,4823919,3601,2417,12047,6517497,5729711,12332,44,228
1786396651172,6597632,2795376,3044720,1240480,8235168,0,814175,0,802143,0,4992383,0,4823919,3601,2417,12047,6517497,5729711,12332,44,228
1786396651680,6339584,2534992,2784336,1240480,8235168,0,814175,0,802143,0,4992383,0,4823919,3601,2417,12047,6517497,5729711,12332,44,228
1786396652184,6339584,2534992,2784336,1240480,8235168,0,814175,0,802143,0,4992383,0,4823919,3601,2417,12047,6517497,5729711,12332,44,228
1786396652696,6339584,2534256,2783600,1240480,8235168,0,814175,0,802143,0,4992383,0,4823919,3601,2417,12047,6517497,5729711,12332,44,228
1786396653199,6332416,2526816,2776160,1240480,8235168,0,814175,0,802143,0,4992383,0,4823919,3601,2417,12047,6517497,5729711,12332,44,228
1786396653711,6077440,2265696,2515040,1240480,8235168,0,814175,0,802143,0,4992383,0,4823919,3601,2417,12047,6517497,5729711,12332,44,228
1786396654214,6077440,2265696,2515040,1240480,8235168,0,814175,0,802143,0,4992383,0,4823919,3601,2417,12047,6517497,5729711,12332,44,228
1786396654720,6077440,2265696,2515040,1240480,8235168,0,814175,0,802143,0,4992383,0,4823919,3601,2417,12047,6517497,5729711,12332,44,228
1786396655220,6065152,2258544,2507888,1240480,8235168,0,814175,0,802143,0,4992383,0,4823919,3601,2417,12047,6517497,5729711,12332,44,228
1786396655731,5815296,2004816,2254160,1240480,8235168,0,814175,0,802143,0,4992383,0,4823919,3601,2417,12047,6517497,5729711,12332,44,228
1786396656241,5815296,2004816,2254160,1240480,8235168,0,814175,0,802143,0,4992383,0,4823919,3601,2417,12047,6517497,5729711,12332,44,228
1786396656750,5815296,2004816,2254160,1240480,8235168,0,814175,0,802143,0,4992383,0,4823919,3601,2417,12047,6517497,5729711,12332,44,228
1786396657252,5793792,1982016,2231344,1240480,8235168,0,814175,0,802143,0,4992383,0,4823919,3601,2417,12047,6517497,5729711,12332,44,228
1786396657763,5553152,1743936,1993264,1240480,8235168,0,814175,0,802143,0,4992383,0,4823919,3601,2417,12047,6517497,5729711,12332,44,228
1786396658275,5553152,1743936,1993264,1240480,8235168,0,814175,0,802143,0,4992383,0,4823919,3601,2417,12047,6517497,5729711,12332,44,228
1786396658786,5553152,1743936,1993264,1240480,8235168,0,814175,0,802143,0,4992383,0,4823919,3601,2417,12047,6517497,5729711,12332,44,228
1786396659289,5450752,1644816,1894144,1240480,8235168,0,814175,0,802143,0,4992383,0,4823919,3601,2417,12047,6517497,5729711,12332,44,228
1786396659800,5291008,1483536,1732864,1240480,8235168,0,814175,0,802143,0,4992383,0,4823919,3601,2417,12047,6517497,5729711,12332,44,228
1786396660302,5291008,1483536,1732864,1240480,8235168,0,814175,0,802143,0,4992383,0,4823919,3601,2417,12047,6517497,5729711,12332,44,228
1786396660813,5291008,1482944,1732272,1240480,8235168,0,814175,0,802143,0,4992383,0,4823919,3601,2417,12047,6517497,5729711,12332,44,228
1786396661316,5251072,1444656,1694000,1240480,8235168,0,814175,0,802143,0,4992383,0,4823919,3601,2417,12047,6517497,5729711,12332,44,228
1786396661828,5028864,1221936,1471280,1240480,8235168,0,814175,0,802143,0,4992383,0,4823919,3601,2417,12047,6517497,5729711,12332,44,228
1786396662330,5028864,1221696,1471040,1240480,8235168,0,814175,0,802143,0,4992383,0,4823919,3601,2417,12047,6517497,5729711,12332,44,228
1786396662842,5028864,1221696,1471040,1240480,8235168,0,814175,0,802143,0,4992383,0,4823919,3601,2417,12047,6517497,5729711,12332,44,228
1786396663355,4970496,1160256,1409600,1240480,8235168,0,814175,0,802143,0,4992383,0,4823919,3601,2417,12047,6517497,5729711,12332,44,228
1786396663858,4766720,960336,1209680,1240480,8235168,0,814175,0,802143,0,4992383,0,4823919,3601,2417,12047,6517497,5729711,12332,44,228
1786396664366,4766720,960336,1209680,1240480,8235168,0,814175,0,802143,0,4992383,0,4823919,3601,2417,12047,6517497,5729711,12332,44,228
1786396664867,4766720,960336,1209680,1240480,8235168,0,814175,0,802143,0,4992383,0,4823919,3601,2417,12047,6517497,5729711,12332,44,228
1786396665368,4709376,899472,1148816,1240480,8235168,0,814175,0,802143,0,4992383,0,4823919,3601,2417,12047,6517497,5729711,12332,44,228
1786396665879,4504576,691536,940880,1240480,8235168,0,814175,0,802143,0,4992383,0,4823919,3601,2417,12047,6517497,5729711,12332,44,228
1786396666387,4504576,690816,940160,1240480,8235168,0,814175,0,802143,0,4992383,0,4823919,3601,2417,12047,6517497,5729711,12332,44,228
1786396666890,4504576,690816,940160,1240480,8235168,0,814175,0,802143,0,4992383,0,4823919,3601,2417,12047,6517497,5729711,12332,44,228
1786396667394,4450304,638016,887360,1240480,8235168,0,814175,0,802143,0,4992383,0,4823919,3601,2417,12047,6517497,5729711,12332,44,228
1786396667899,4242432,731504,691968,958144,8232992,0,828062,0,815824,0,4992383,0,4823919,3601,2417,12181,6666828,5747499,12332,44,231
1786396668401,4242432,578768,696080,1115328,8232992,0,828152,0,815915,0,5001352,0,4832800,3602,2417,12181,6666828,5747499,12332,44,231
1786396668912,4242432,692800,702816,1007632,8232992,0,828544,0,816307,0,5011517,0,4842940,3602,2417,12182,6678746,5759286,12332,44,231
1786396669415,4156416,609824,619760,1007408,8232992,0,828544,0,816307,0,5011517,0,4842940,3602,2417,12182,6678756,5759287,12332,44,231
1786396669918,4063680,545600,521504,973152,8232480,0,844328,0,831915,0,5023865,0,4855208,3608,2417,12214,6696418,5776875,12332,44,232
1786396670422,4063680,545600,521504,973152,8232480,0,844328,0,831915,0,5023865,0,4855208,3608,2417,12214,6696418,5776875,12332,44,232
1786396670926,4063680,608576,584544,973168,8230608,18,860562,18,848021,18,5033847,18,4865153,3608,2417,12331,6731991,5812330,12332,44,234
1786396671432,4003424,547392,523696,973088,8230608,18,860562,18,848021,18,5033847,18,4865153,3608,2417,12331,6731991,5812374,12332,44,234
1786396671932,4003424,547392,523696,973088,8230608,18,860562,18,848021,18,5033847,18,4865153,3608,2417,12331,6731991,5812374,12332,44,234
1786396672438,4003424,582288,525504,941936,8224064,18,864842,18,852200,18,5043484,18,4874780,3608,2417,12741,6882710,5829572,12332,44,236
1786396672950,4003424,582288,525504,942032,8224064,14,864842,14,852200,14,5044961,14,4876241,3609,2417,12741,6882710,5829572,12332,44,236
1786396673453,4003424,559728,524016,962784,8223936,14,886678,14,873926,14,5069319,14,4900597,3609,2417,12749,6900580,5847427,12332,44,236
1786396673955,4003424,559728,524016,962784,8223936,14,886678,14,873926,14,5069319,14,4900597,3609,2417,12749,6900580,5847427,12332,44,236
1786396674458,4003424,569744,519664,948144,8223744,14,909925,14,896863,14,5085370,14,4916569,3609,2417,12761,6936413,5883215,12332,44,238
1786396674960,4003424,569440,519632,948256,8223744,48,909925,48,896863,48,5085370,48,4916569,3609,2417,12761,6936413,5883215,12332,44,238
1786396675469,4003424,569440,519632,948256,8223744,48,909925,48,896863,48,5085370,48,4916569,3609,2417,12761,6936413,5883215,12332,44,238
1786396675970,4003424,552288,516928,962496,8223728,48,910168,48,897103,48,5093906,48,4925098,3609,2417,12762,6945298,5892096,12332,44,238
1786396676473,4003424,552880,517008,962032,8223728,48,910168,48,897103,48,5096963,48,4927532,3610,2417,12762,6945323,5892117,12332,44,238
1786396676983,4003424,532656,515376,980640,8223728,39,912263,39,899198,56,5107987,56,4938472,3611,2417,12762,6957259,5904041,12332,44,238
1786396677486,4003424,532656,515376,980640,8223728,39,912263,39,899198,56,5107987,56,4938472,3611,2417,12762,6957259,5904041,12332,44,238
1786396677988,4003424,489696,520096,1028720,8223728,39,912885,39,899820,56,5112137,56,4942505,3611,2417,12762,6966161,5912937,12332,44,239
1786396678498,4003424,618096,523248,903408,8223728,39,915615,39,902550,56,5113921,56,4944278,3611,2417,12762,6975058,5921834,12332,44,239
1786396679011,4003424,618096,523248,903408,8223728,32,915615,32,902550,47,5113921,47,4944278,3611,2417,12762,6975058,5921834,12332,44,239
1786396679520,4003424,553120,523120,968128,8223728,32,915687,32,902622,47,5123327,47,4953681,3611,2417,12762,6983953,5930729,12332,44,239
1786396680033,4003424,553120,523120,968128,8223728,32,915687,32,902622,47,5123327,47,4953681,3611,2417,12762,6983953,5930729,12332,44,239
1786396680538,4003424,537456,524080,985072,8223728,32,915979,32,902914,47,5132854,47,4963041,3612,2417,12762,6995872,5942648,12332,44,240
1786396681045,4003424,537456,524080,985072,8223728,26,915979,26,902914,56,5146652,56,4976839,3612,2417,12762,6995872,5942648,12332,44,240
1786396681553,4003424,497872,531328,1032256,8223728,26,916908,26,903843,56,5156607,56,4986765,3612,2417,12762,7004851,5951627,12332,44,240
1786396682060,4003424,531120,532816,1000032,8223728,26,917042,26,903977,56,5157848,56,4988006,3612,2417,12762,7007907,5954683,12332,44,240
1786396682568,4003424,531216,532912,999536,8223824,26,917042,26,903977,56,5157848,56,4988006,3618,2423,12762,7007909,5954684,12332,44,240
1786396683075,4003424,609936,532960,921312,8223824,21,917346,21,904281,64,5166992,64,4997149,3618,2423,12762,7025756,5972531,12332,44,241
1786396683578,4003424,609936,532960,921312,8223824,21,917346,21,904281,64,5166992,64,4997149,3618,2423,12762,7025756,5972531,12332,44,241
1786396684082,4003424,544704,532864,986016,8223824,21,917429,21,904364,64,5176374,64,5006531,3618,2423,12762,7034678,5981453,12332,44,241
1786396684588,4003424,544704,532864,986016,8223824,21,917429,21,904364,64,5176374,64,5006531,3618,2423,12762,7034678,5981453,12332,44,241
1786396685090,4003424,474480,525936,1049312,8223824,17,917590,17,904525,52,5189292,52,5019275,3618,2423,12762,7043663,5990438,12332,44,241
1786396685592,4003424,615792,525888,908000,8223824,17,919996,17,906931,52,5189292,52,5019275,3618,2423,12762,7052519,5999294,12332,44,241
1786396686104,4003424,615792,525888,908000,8223824,17,919996,17,906931,52,5189292,52,5019275,3618,2423,12762,7052519,5999294,12332,44,241
1786396686611,4003424,551232,526048,972720,8223824,17,920089,17,907024,52,5200419,52,5030402,3618,2423,12762,7061437,6008212,12332,44,242
1786396687117,4003424,551232,526048,972720,8223824,14,920089,14,907024,61,5200419,61,5030402,3618,2423,12762,7061437,6008212,12332,44,242
1786396687619,4003424,535456,527952,990352,8223824,14,921985,14,908920,61,5205595,61,5035525,3618,2423,12762,7073305,6020080,12332,44,242
1786396688120,4003424,535456,527952,990352,8223824,14,921985,14,908920,61,5205595,61,5035525,3618,2423,12762,7073305,6020080,12332,44,242
1786396688623,4003424,464144,520640,1054608,8223824,14,922059,14,908993,61,5212985,61,5042854,3618,2423,12762,7082222,6028997,12332,44,242
1786396689134,4003424,605264,520720,913440,8223824,11,924838,11,911773,50,5212985,50,5042854,3618,2423,12762,7091073,6037848,12332,44,243
1786396689642,4003424,605264,520720,913440,8223824,11,924838,11,911773,50,5212985,50,5042854,3618,2423,12762,7091073,6037848,12332,44,243
1786396690158,4003424,538720,520368,979616,8223824,11,924909,11,911844,50,5224627,50,5054495,3618,2423,12762,7099923,6046698,12332,44,243
1786396690668,4003424,539200,520448,979216,8223824,11,924909,11,911844,50,5224627,50,5054495,3618,2423,12762,7099923,6046698,12332,44,243
1786396691178,4003424,615904,520432,902480,8223824,9,925401,9,912335,59,5234289,59,5064155,3618,2423,12762,7117685,6064460,12332,44,244
1786396691686,4003424,615904,520432,902480,8223824,9,925401,9,912335,59,5234289,59,5064155,3618,2423,12762,7117685,6064460,12332,44,244
1786396692196,4003424,552272,521376,966944,8223824,9,925468,9,912401,59,5245865,59,5075732,3618,2423,12762,7126597,6073372,12332,44,244
1786396692707,4003424,551584,521088,967344,8223824,9,925468,9,912401,59,5245865,59,5075732,3618,2423,12762,7126597,6073372,12332,44,244
1786396693208,4003424,551584,521088,967344,8223824,7,925468,7,912401,48,5245865,48,5075732,3618,2423,12762,7126597,6073372,12332,44,244
1786396693710,4003424,541808,527840,984832,8223824,7,925628,7,912561,48,5255574,48,5085228,3618,2423,12762,7138457,6085232,12332,44,244
1786396694212,4003424,541728,528304,985040,8223824,7,925628,7,912561,48,5255574,48,5085228,3618,2423,12762,7138457,6085232,12332,44,244
1786396694723,4003424,613488,523392,908224,8223824,7,925844,7,912778,48,5263210,48,5092771,3618,2423,12762,7156213,6102988,12332,44,245
1786396695229,4003424,613488,523392,908224,8223824,6,925844,6,912778,39,5263210,39,5092771,3618,2423,12762,7156213,6102988,12332,44,245
1786396695741,4003424,549808,524064,972912,8223824,6,926162,6,913096,39,5272781,39,5102316,3618,2423,12762,7165113,6111888,12332,44,245
1786396696248,4003424,549808,524064,972912,8223824,6,926162,6,913096,39,5272781,39,5102316,3618,2423,12762,7165113,6111888,12332,44,245
1786396696751,4003424,536720,528448,990304,8223824,6,926244,6,913178,39,5277610,39,5107088,3618,2423,12762,7173966,6120741,12332,44,245
1786396697257,4003424,537584,529296,989936,8223824,5,927198,5,914131,50,5283337,50,5112798,3618,2423,12762,7176978,6123753,12332,44,246
1786396697769,4003424,537584,529296,989936,8223824,5,927198,5,914131,50,5283337,50,5112798,3618,2423,12762,7176978,6123753,12332,44,246
1786396698272,4003424,617328,530256,911936,8223824,5,930373,5,917307,50,5292522,50,5121901,3618,2423,12762,7194794,6141569,12332,44,246
1786396698775,4003424,617184,530752,911968,8223824,5,930373,5,917307,50,5292522,50,5121901,3618,2423,12762,7194794,6141569,12332,44,246
1786396699284,4003424,554304,531984,976016,8223824,4,931795,4,918728,41,5302591,41,5131873,3620,2423,12762,7203764,6150539,12332,44,246
1786396699793,4003424,554304,531984,976016,8223824,4,931795,4,918728,41,5302591,41,5131873,3620,2423,12762,7203764,6150539,12332,44,246
1786396700297,4003424,499328,522512,1021312,8223824,4,933888,4,920821,41,5308425,41,5137473,3620,2423,12762,7212798,6159573,12332,44,247
1786396700800,4003424,531744,523808,990752,8223824,4,933989,4,920922,41,5310256,41,5139304,3620,2423,12762,7215809,6162584,12332,44,247
1786396701303,4003424,531744,523808,990752,8223824,3,933989,3,920922,33,5310256,33,5139304,3620,2423,12762,7215809,6162584,12332,44,247
1786396701810,4003424,605568,520448,913456,8223824,3,937119,3,924053,33,5315448,33,5144448,3620,2423,12762,7233550,6180325,12332,44,248
1786396702318,4003424,605664,521760,913952,8223824,3,937119,3,924053,33,5315448,33,5144448,3620,2423,12762,7233556,6180331,12332,44,248
1786396702820,4003424,541344,521808,978448,8223824,3,937210,3,924144,33,5331671,33,5160490,3620,2423,12762,7242461,6189236,12332,44,248
1786396703331,4003424,541344,521808,978448,8223824,2,937210,2,924144,45,5331671,45,5160490,3620,2423,12762,7242461,6189236,12332,44,248
1786396703832,4003424,545952,524416,976864,8223824,2,937493,2,924427,45,5333934,45,5162621,3620,2423,12762,7251366,6198141,12332,44,248
1786396704343,4003424,532496,529120,995104,8223824,2,937537,2,924471,45,5341772,45,5170458,3620,2423,12762,7254374,6201149,12332,44,248
1786396704852,4003424,532720,529264,995024,8223824,2,937537,2,924471,45,5341772,45,5170458,3620,2423,12762,7254377,6201152,12332,44,248
1786396705362,4003424,610240,529312,917456,8223824,2,939042,2,925976,37,5356275,37,5184872,3620,2423,12762,7272182,6218957,12332,44,249
1786396705871,4003424,610240,529312,917456,8223824,2,939042,2,925976,37,5356275,37,5184872,3620,2423,12762,7272182,6218957,12332,44,249
1786396706378,4003424,545920,528336,980912,8223824,2,940470,2,927404,37,5361475,37,5190005,3620,2423,12762,7281149,6227924,12332,44,249
1786396706881,4003424,545920,528336,980912,8223824,2,940470,2,927404,37,5361475,37,5190005,3620,2423,12762,7281149,6227924,12332,44,249
1786396707383,4003424,473904,524224,1048768,8223888,1,942699,1,929562,30,5371080,30,5199194,3632,2425,12762,7290116,6236891,12332,44,249
1786396707887,4003424,620512,529712,907648,8223888,1,945732,1,932595,30,5371080,30,5199194,3632,2425,12762,7298950,6245725,12332,44,250
1786396708390,4003424,620608,529584,907424,8223888,1,945732,1,932595,30,5371080,30,5199194,3632,2425,12762,7298950,6245725,12332,44,250
1786396708900,4003424,554848,528336,971952,8223888,1,947179,1,934042,30,5380283,30,5208389,3632,2425,12762,7307846,6254621,12332,44,250
1786396709409,4003424,554848,528336,971952,8223888,1,947179,1,934042,25,5380283,25,5208389,3632,2425,12762,7307846,6254621,12332,44,250
1786396709921,4003424,535184,525056,988608,8223888,1,947752,1,934615,25,5392728,25,5220481,3632,2425,12762,7319750,6266525,12332,44,250
1786396710428,4003424,535184,525056,988608,8223888,1,947752,1,934615,25,5392728,25,5220481,3632,2425,12762,7319750,6266525,12332,44,250
1786396710930,4003424,487120,523872,1035840,8223888,1,950076,1,936939,20,5399305,20,5226756,3632,2425,12762,7328647,6275422,12332,44,251
1786396711435,4003424,612960,525584,911488,8223888,1,953077,1,939940,20,5400305,20,5227756,3632,2425,12762,7337479,6284254,12332,44,251
1786396711950,4003424,612960,525584,911488,8223888,1,953077,1,939940,20,5400305,20,5227756,3632,2425,12762,7337479,6284254,12332,44,251
1786396712462,4003424,549776,528704,976784,8223888,1,954241,1,941104,20,5406332,20,5233673,3632,2425,12762,7346377,6293152,12332,44,251
1786396712971,4003424,549776,528704,976784,8223888,0,954241,0,941104,16,5406332,16,5233673,3632,2425,12762,7346377,6293152,12332,44,251
1786396713475,4003424,619136,521872,900096,8223888,0,957196,0,944056,16,5411336,16,5238644,3632,2425,12762,7364118,6310893,12332,44,252
1786396713988,4003424,619136,521872,900096,8223888,0,957196,0,944056,16,5411336,16,5238644,3632,2425,12762,7364118,6310893,12332,44,252
1786396714490,4003424,560336,527648,965904,8223888,0,958603,0,945462,16,5416435,16,5243634,3632,2425,12762,7372956,6319731,12332,44,252
1786396714992,4003424,560336,527648,965904,8223888,0,958603,0,945462,13,5416435,13,5243634,3632,2425,12762,7372956,6319731,12332,44,252
1786396715496,4003424,560336,527648,965904,8223888,0,958603,0,945462,13,5416435,13,5243634,3632,2425,12762,7372956,6319731,12332,44,252
1786396716000,4003424,546288,528992,981520,8223888,0,960078,0,946938,13,5422588,13,5249667,3632,2425,12762,7384930,6331705,12332,44,253
1786396716504,4003424,546288,528992,981520,8223888,0,960078,0,946938,13,5422588,13,5249667,3632,2425,12762,7384930,6331705,12332,44,253
1786396717017,4003424,531488,529888,997120,8223888,0,960448,0,947308,28,5439388,28,5266354,3632,2425,12762,7396906,6343681,12332,44,253
1786396717521,4003424,531536,529248,996432,8223888,0,960448,0,947308,28,5439388,28,5266354,3632,2425,12762,7396908,6343683,12332,44,253
1786396718031,4003424,466496,528960,1060960,8223888,0,962266,0,949126,28,5444413,28,5271336,3632,2425,12762,7405810,6352585,12332,44,253
1786396718534,4003424,607616,528752,919632,8223888,0,964152,0,951011,28,5444413,28,5271336,3632,2425,12762,7414643,6361418,12332,44,254
1786396719042,4003424,607616,528752,919632,8223888,0,964152,0,951011,24,5444413,24,5271336,3632,2425,12762,7414643,6361418,12332,44,254
1786396719543,4003424,544256,529376,983472,8223888,0,965028,0,951888,24,5451334,24,5278134,3632,2425,12762,7423604,6370379,12332,44,254
1786396720046,4003424,544256,529376,983472,8223888,0,965028,0,951888,24,5451334,24,5278134,3632,2425,12762,7423604,6370379,12332,44,254
1786396720556,4003424,621424,528816,905872,8223888,0,966891,0,953751,24,5457697,24,5284435,3632,2425,12762,7441396,6388171,12332,44,254
1786396721062,4003424,621424,528816,905872,8223888,0,966891,0,953751,19,5457697,19,5284435,3632,2425,12762,7441396,6388171,12332,44,254
1786396721573,4003424,557696,529552,970256,8223888,0,967573,0,954432,19,5472197,19,5298609,3632,2425,12762,7450292,6397067,12332,44,255
1786396722083,4003424,557696,529552,970256,8223888,0,967573,0,954432,19,5472197,19,5298609,3632,2425,12762,7450292,6397067,12332,44,255
1786396722590,4003424,493744,530288,1034784,8223888,0,968490,0,955349,19,5479406,19,5305555,3632,2425,12762,7459252,6406027,12332,44,255
1786396723099,4003424,542352,530672,986176,8223888,0,968490,0,955349,34,5479406,34,5305555,3632,2425,12762,7462260,6409035,12332,44,255
1786396723600,4003424,590496,528432,936096,8223888,0,970083,0,956943,34,5482228,34,5308370,3632,2425,12762,7471220,6417995,12332,44,256
1786396724110,4003424,531296,534800,1001920,8223888,0,970097,0,956957,34,5488192,34,5314295,3632,2425,12762,7474228,6421003,12332,44,256
1786396724615,4003424,531296,534800,1001920,8223888,0,970097,0,956957,34,5488192,34,5314295,3632,2425,12762,7474228,6421003,12332,44,256
1786396725125,4003424,608464,534208,924496,8223888,0,973517,0,960377,28,5496037,28,5321983,3632,2425,12762,7492020,6438795,12332,44,256
1786396725631,4003424,608464,534208,924496,8223888,0,973517,0,960377,28,5496037,28,5321983,3632,2425,12762,7492020,6438795,12332,44,256
1786396726143,4003424,536832,527504,989072,8223888,0,974865,0,961725,28,5501511,28,5327372,3632,2425,12762,7500916,6447691,12332,44,257
1786396727238,4003424,533456,530688,995264,8224816,0,975990,0,962849,22,5507791,22,5333260,3703,2483,12762,7500916,6447691,12332,44,257
1786396727749,4003424,609600,530976,919664,8224816,0,977631,0,964491,22,5518085,22,5343363,3703,2483,12762,7518644,6465419,12332,44,257
1786396728249,4008544,610256,531008,919040,8224816,0,977631,0,964491,22,5518085,22,5343363,3703,2483,12762,7518644,6465419,12332,44,257
1786396728750,5506656,1739120,1840816,1100800,8224816,0,977631,0,964491,22,5527150,22,5352427,3703,2483,12762,7518644,6465419,12332,44,257
1786396729250,7103072,3344816,3446480,1100800,8224816,0,977631,0,964491,36,5527150,36,5352427,3703,2483,12762,7518644,6465419,12332,44,257
1786396729751,8666720,4911296,5007040,1100800,8224816,0,977631,0,964491,36,5527150,36,5352427,3703,2483,12762,7518644,6465419,12332,44,257
1786396730251,10220128,6478016,6567696,1100800,8224816,0,977631,0,964491,36,5527150,36,5352427,3703,2483,12762,7518644,6465419,12332,44,257
1786396730751,11801184,8059472,8142976,1100800,8224816,0,977631,0,964491,36,5527150,36,5352427,3703,2483,12762,7518644,6465419,12332,44,257
1786396731252,12368896,8635472,8716768,1100800,8224816,0,977631,0,964491,30,5527150,30,5352427,3703,2483,12762,7518644,6465419,12332,44,257
1786396731754,12368896,8635856,8717152,1100800,8224816,0,977631,0,964491,30,5527150,30,5352427,3703,2483,12762,7518644,6465419,12332,44,257
1786396732262,12368896,8643936,8725248,1100800,8224816,0,977631,0,964491,30,5527150,30,5352427,3703,2483,12762,7518644,6465419,12332,44,257
1786396732766,12368896,8643936,8725248,1100800,8224816,0,977631,0,964491,30,5527150,30,5352427,3703,2483,12762,7518644,6465419,12332,44,257
1786396733273,12368896,8646960,8728272,1100800,8224816,0,977631,0,964491,24,5527150,24,5352427,3703,2483,12762,7518644,6465419,12332,44,257
1786396733776,12368896,8652288,8733600,1100800,8224816,0,977631,0,964491,24,5527150,24,5352427,3703,2483,12762,7518644,6465419,12332,44,257
1786396734282,12368896,8652688,8734000,1100800,8224816,0,977631,0,964491,24,5527150,24,5352427,3703,2483,12762,7518644,6465419,12332,44,257
1786396734792,12368896,8660368,8741680,1100800,8224816,0,977631,0,964491,24,5527150,24,5352427,3703,2483,12762,7518644,6465419,12332,44,257
1786396735297,12368896,8668048,8749360,1100800,8224816,0,977631,0,964491,20,5527150,20,5352427,3703,2483,12762,7518644,6465419,12332,44,257
1786396735807,12368896,8668048,8749360,1100800,8224816,0,977631,0,964491,20,5527150,20,5352427,3703,2483,12762,7518644,6465419,12332,44,257
1786396736309,12368896,8675728,8757040,1100800,8224816,0,977631,0,964491,20,5527150,20,5352427,3703,2483,12762,7518644,6465419,12332,44,257
1786396736811,12368896,8675728,8757040,1100800,8224816,0,977631,0,964491,20,5527150,20,5352427,3703,2483,12762,7518644,6465419,12332,44,257
1786396737318,12368896,8683408,8764720,1100800,8224816,0,977631,0,964491,16,5527150,16,5352427,3703,2483,12762,7518644,6465419,12332,44,257
1786396737830,12368896,8683568,8764880,1100800,8224816,0,977631,0,964491,16,5527150,16,5352427,3703,2483,12762,7518644,6465419,12332,44,257
1786396738342,12368896,8686096,8767408,1100800,8224816,0,977631,0,964491,16,5527150,16,5352427,3703,2483,12762,7518644,6465419,12332,44,257
1786396738853,12368896,8686096,8767408,1100800,8224816,0,977631,0,964491,16,5527150,16,5352427,3703,2483,12762,7518644,6465419,12332,44,257
1786396739355,12368896,8685856,8767168,1100800,8224816,0,977631,0,964491,13,5527150,13,5352427,3703,2483,12762,7518644,6465419,12332,44,257
1786396739857,12368896,8685856,8767168,1100800,8224816,0,977631,0,964491,13,5527150,13,5352427,3703,2483,12762,7518644,6465419,12332,44,257
1786396740363,12368896,8686272,8767584,1100800,8224816,0,977631,0,964491,13,5527150,13,5352427,3703,2483,12762,7518644,6465419,12332,44,257
1786396740866,12368896,8686272,8767584,1100800,8224816,0,977631,0,964491,13,5527150,13,5352427,3703,2483,12762,7518644,6465419,12332,44,257
1786396741378,12368896,8686576,8767888,1100800,8224816,0,977631,0,964491,11,5527150,11,5352427,3703,2483,12762,7518644,6465419,12332,44,257
1786396741889,12368896,8686576,8767888,1100800,8224816,0,977631,0,964491,11,5527150,11,5352427,3703,2483,12762,7518644,6465419,12332,44,257
1786396742400,12368896,8686336,8767648,1100800,8224816,0,977631,0,964491,11,5527150,11,5352427,3703,2483,12762,7518644,6465419,12332,44,257
1786396742912,12368896,8686336,8767648,1100800,8224816,0,977631,0,964491,11,5527150,11,5352427,3703,2483,12762,7518644,6465419,12332,44,257
1786396743424,12368896,8686336,8767648,1100800,8224816,0,977631,0,964491,9,5527150,9,5352427,3703,2483,12762,7518644,6465419,12332,44,257
1786396743935,12368896,8686336,8767648,1100800,8224816,0,977631,0,964491,9,5527150,9,5352427,3703,2483,12762,7518644,6465419,12332,44,257
1786396744436,12368896,8686336,8767648,1100800,8224816,0,977631,0,964491,9,5527150,9,5352427,3703,2483,12762,7518644,6465419,12332,44,257
1786396744937,12368896,8686336,8767648,1100800,8224816,0,977631,0,964491,7,5527150,7,5352427,3703,2483,12762,7518644,6465419,12332,44,257
1786396745450,12368896,8686656,8767968,1100800,8224816,0,977631,0,964491,7,5527150,7,5352427,3703,2483,12762,7518644,6465419,12332,44,257
1786396745955,12368896,8687024,8768336,1100800,8224816,0,977631,0,964491,7,5527150,7,5352427,3703,2483,12762,7518644,6465419,12332,44,257
1786396746466,12368896,8687024,8768336,1100800,8224816,0,977631,0,964491,7,5527150,7,5352427,3703,2483,12762,7518644,6465419,12332,44,257
1786396746978,12368896,8687024,8768336,1100800,8224816,0,977631,0,964491,6,5527150,6,5352427,3703,2483,12762,7518644,6465419,12332,44,257
1786396747481,12368896,8686752,8768064,1100800,8224816,0,977631,0,964491,6,5527150,6,5352427,3703,2483,12762,7518644,6465419,12332,44,257
1786396747992,12368896,8687392,8768704,1100800,8224816,0,977631,0,964491,6,5527150,6,5352427,3703,2483,12762,7518644,6465419,12332,44,257
1786396748501,12368896,8687392,8768704,1100800,8224816,0,977631,0,964491,6,5527150,6,5352427,3703,2483,12762,7518644,6465419,12332,44,257
1786396749005,12368896,8687392,8768704,1100800,8224816,0,977631,0,964491,4,5527150,4,5352427,3703,2483,12762,7518644,6465419,12332,44,257
1786396749509,12368896,8686672,8767984,1100800,8224816,0,977631,0,964491,4,5527150,4,5352427,3703,2483,12762,7518644,6465419,12332,44,257
1786396750011,12368896,8686672,8767984,1100800,8224816,0,977631,0,964491,4,5527150,4,5352427,3703,2483,12762,7518644,6465419,12332,44,257
1786396750518,12368896,8686960,8768272,1100800,8224816,0,977631,0,964491,4,5527150,4,5352427,3703,2483,12762,7518644,6465419,12332,44,257
1786396751027,12368896,8686960,8768272,1100800,8224816,0,977631,0,964491,3,5527150,3,5352427,3703,2483,12762,7518644,6465419,12332,44,257
1786396751533,12368896,8687200,8768512,1100800,8224816,0,977631,0,964491,3,5527150,3,5352427,3703,2483,12762,7518644,6465419,12332,44,257
1786396752044,12368896,8687200,8768512,1100800,8224816,0,977631,0,964491,3,5527150,3,5352427,3703,2483,12762,7518644,6465419,12332,44,257
1786396752546,12368896,8687200,8768512,1100800,8224816,0,977631,0,964491,3,5527150,3,5352427,3703,2483,12762,7518644,6465419,12332,44,257
1786396753055,12368896,8687200,8768512,1100800,8224816,0,977631,0,964491,3,5527150,3,5352427,3703,2483,12762,7518644,6465419,12332,44,257
1786396753561,12368896,8687824,8769136,1100800,8224816,0,977631,0,964491,3,5527150,3,5352427,3703,2483,12762,7518644,6465419,12332,44,257
1786396754068,12368896,8687824,8769136,1100800,8224816,0,977631,0,964491,3,5527150,3,5352427,3703,2483,12762,7518644,6465419,12332,44,257
1786396754573,12368896,8687824,8769136,1100800,8224816,0,977631,0,964491,3,5527150,3,5352427,3703,2483,12762,7518644,6465419,12332,44,257
1786396755085,12368896,8687824,8769136,1100800,8224816,0,977631,0,964491,2,5527150,2,5352427,3703,2483,12762,7518644,6465419,12332,44,257
1786396755591,12368896,8687584,8768896,1100800,8224816,0,977631,0,964491,2,5527150,2,5352427,3703,2483,12762,7518644,6465419,12332,44,257
1786396756099,12368896,8688192,8769504,1100800,8224816,0,977631,0,964491,2,5527150,2,5352427,3703,2483,12762,7518644,6465419,12332,44,257
1786396756610,12368896,8688192,8769504,1100800,8224816,0,977631,0,964491,2,5527150,2,5352427,3703,2483,12762,7518644,6465419,12332,44,257
1786396757115,12368896,8688192,8769504,1100800,8224816,0,977631,0,964491,2,5527150,2,5352427,3703,2483,12762,7518644,6465419,12332,44,257
1786396757619,12368896,8687952,8769264,1100816,8224816,0,977631,0,964491,2,5527150,2,5352427,3703,2483,12762,7518644,6465419,12332,44,257
1786396758130,12368896,8687952,8769264,1100816,8224816,0,977631,0,964491,2,5527150,2,5352427,3703,2483,12762,7518644,6465419,12332,44,257
1786396758641,12368896,8687952,8769264,1100816,8224816,0,977631,0,964491,2,5527150,2,5352427,3703,2483,12762,7518644,6465419,12332,44,257
1786396759154,12368896,8687952,8769264,1100816,8224816,0,977631,0,964491,1,5527150,1,5352427,3703,2483,12762,7518644,6465419,12332,44,257
1786396759666,12368896,8687952,8769264,1100816,8224816,0,977631,0,964491,1,5527150,1,5352427,3703,2483,12762,7518644,6465419,12332,44,257
1786396760179,12368896,8687952,8769264,1100816,8224816,0,977631,0,964491,1,5527150,1,5352427,3703,2483,12762,7518644,6465419,12332,44,257
1786396760690,12368896,8687952,8769264,1100816,8224816,0,977631,0,964491,1,5527150,1,5352427,3703,2483,12762,7518644,6465419,12332,44,257
1786396761200,12368896,8687952,8769264,1100816,8224816,0,977631,0,964491,1,5527150,1,5352427,3703,2483,12762,7518644,6465419,12332,44,257
1786396761704,12368896,8687952,8769264,1100816,8224816,0,977631,0,964491,1,5527150,1,5352427,3703,2483,12762,7518644,6465419,12332,44,257
1786396762214,12368896,8687712,8769024,1100816,8224816,0,977631,0,964491,1,5527150,1,5352427,3703,2483,12762,7518644,6465419,12332,44,257
1786396762727,12368896,8687712,8769024,1100816,8224816,0,977631,0,964491,1,5527150,1,5352427,3703,2483,12762,7518644,6465419,12332,44,257
1786396763239,12368896,8687712,8769024,1100816,8224816,0,977631,0,964491,1,5527150,1,5352427,3703,2483,12762,7518644,6465419,12332,44,257
1786396763747,12368896,8687472,8768784,1100816,8224816,0,977631,0,964491,1,5527150,1,5352427,3703,2483,12762,7518644,6465419,12332,44,257
1786396764259,12368896,8687472,8768784,1100816,8224816,0,977631,0,964491,1,5527150,1,5352427,3703,2483,12762,7518644,6465419,12332,44,257
1786396764761,12368896,8687472,8768784,1100816,8224816,0,977631,0,964491,1,5527150,1,5352427,3703,2483,12762,7518644,6465419,12332,44,257
1786396765271,12368896,8686752,8768064,1100816,8224816,0,977631,0,964491,0,5527150,0,5352427,3703,2483,12762,7518644,6465419,12332,44,257
1786396765778,12368896,8686752,8768064,1100816,8224816,0,977631,0,964491,0,5527150,0,5352427,3703,2483,12762,7518644,6465419,12332,44,257
1786396766283,12368896,8686752,8768064,1100816,8224816,0,977631,0,964491,0,5527150,0,5352427,3703,2483,12762,7518644,6465419,12332,44,257
1786396766794,12368896,8686752,8768064,1100816,8224816,0,977631,0,964491,0,5527150,0,5352427,3703,2483,12762,7518644,6465419,12332,44,257
1786396767297,12368896,8686752,8768064,1100816,8224816,0,977631,0,964491,0,5527150,0,5352427,3703,2483,12762,7518644,6465419,12332,44,257
1786396767809,12368896,8686512,8767824,1100816,8224816,0,977631,0,964491,0,5527150,0,5352427,3703,2483,12762,7518644,6465419,12332,44,257
1786396768319,12368896,8686512,8767824,1100816,8224816,0,977631,0,964491,0,5527150,0,5352427,3703,2483,12762,7518644,6465419,12332,44,257
1786396768831,12368896,8687184,8768496,1100816,8224816,0,977631,0,964491,0,5527150,0,5352427,3703,2483,12762,7518644,6465419,12332,44,257
1786396769342,12368896,8687184,8768496,1100816,8224816,0,977631,0,964491,0,5527150,0,5352427,3703,2483,12762,7518644,6465419,12332,44,257
1786396769854,12368896,8687184,8768496,1100816,8224816,0,977631,0,964491,0,5527150,0,5352427,3703,2483,12762,7518644,6465419,12332,44,257
1786396770364,12368896,8687184,8768496,1100816,8224816,0,977631,0,964491,0,5527150,0,5352427,3703,2483,12762,7518644,6465419,12332,44,257
1786396770868,12368896,8687184,8768496,1100816,8224816,0,977631,0,964491,0,5527150,0,5352427,3703,2483,12762,7518644,6465419,12332,44,257
1786396771370,12368896,8687184,8768496,1100816,8224816,0,977631,0,964491,0,5527150,0,5352427,3703,2483,12762,7518644,6465419,12332,44,257
1786396771880,12368896,8686944,8768256,1100816,8224816,0,977631,0,964491,0,5527150,0,5352427,3703,2483,12762,7518644,6465419,12332,44,257
1786396772392,12368896,8686944,8768256,1100816,8224816,0,977631,0,964491,0,5527150,0,5352427,3703,2483,12762,7518644,6465419,12332,44,257
1786396772900,12368896,8686944,8768256,1100816,8224816,0,977631,0,964491,0,5527150,0,5352427,3703,2483,12762,7518644,6465419,12332,44,257
1786396773412,12368896,8686944,8768256,1100816,8224816,0,977631,0,964491,0,5527150,0,5352427,3703,2483,12762,7518644,6465419,12332,44,257
1786396773914,12368896,8686464,8767776,1100816,8224816,0,977631,0,964491,0,5527150,0,5352427,3703,2483,12762,7518644,6465419,12332,44,257
1786396774416,12368896,8686464,8767776,1100816,8224816,0,977631,0,964491,0,5527150,0,5352427,3703,2483,12762,7518644,6465419,12332,44,257
1786396774927,12368896,8686464,8767776,1100816,8224816,0,977631,0,964491,0,5527150,0,5352427,3703,2483,12762,7518644,6465419,12332,44,257
1786396775439,12368896,8686464,8767776,1100816,8224816,0,977631,0,964491,0,5527150,0,5352427,3703,2483,12762,7518644,6465419,12332,44,257
1786396775941,12368896,8686768,8768080,1100816,8224816,0,977631,0,964491,0,5527150,0,5352427,3703,2483,12762,7518644,6465419,12332,44,257
1786396776450,12368896,8686768,8768080,1100816,8224816,0,977631,0,964491,0,5527150,0,5352427,3703,2483,12762,7518644,6465419,12332,44,257
1786396776962,12368896,8687280,8768592,1100816,8224816,0,977631,0,964491,0,5527150,0,5352427,3703,2483,12762,7518644,6465419,12332,44,257
1786396777474,12368896,8687280,8768592,1100816,8224816,0,977631,0,964491,0,5527150,0,5352427,3703,2483,12762,7518644,6465419,12332,44,257
1786396777981,12368896,8687280,8768592,1100816,8224816,0,977631,0,964491,0,5527150,0,5352427,3703,2483,12762,7518644,6465419,12332,44,257
1786396778483,12368896,8687280,8768592,1100816,8224816,0,977631,0,964491,0,5527150,0,5352427,3703,2483,12762,7518644,6465419,12332,44,257
1786396778984,12368896,8687280,8768592,1100816,8224816,0,977631,0,964491,0,5527150,0,5352427,3703,2483,12762,7518644,6465419,12332,44,257
1786396779485,12368896,8687280,8768592,1100816,8224816,0,977631,0,964491,0,5527150,0,5352427,3703,2483,12762,7518644,6465419,12332,44,257
1786396779992,12368896,8687312,8768624,1100816,8224816,0,977631,0,964491,0,5527150,0,5352427,3703,2483,12762,7518644,6465419,12332,44,257
1786396780504,12368896,8687312,8768624,1100816,8224816,0,977631,0,964491,0,5527150,0,5352427,3703,2483,12762,7518644,6465419,12332,44,257
1786396781013,12368896,8687312,8768624,1100816,8224816,0,977631,0,964491,0,5527150,0,5352427,3703,2483,12762,7518644,6465419,12332,44,257
1786396781519,12368896,8686832,8768144,1100816,8224816,0,977631,0,964491,0,5527150,0,5352427,3703,2483,12762,7518644,6465419,12332,44,257
1786396782032,12368896,8686832,8768144,1100816,8224816,0,977631,0,964491,0,5527150,0,5352427,3703,2483,12762,7518644,6465419,12332,44,257
1786396782536,12368896,8686592,8767904,1100816,8224816,0,977631,0,964491,0,5527150,0,5352427,3703,2483,12762,7518644,6465419,12332,44,257
1786396783047,12368896,8686592,8767904,1100816,8224816,0,977631,0,964491,0,5527150,0,5352427,3703,2483,12762,7518644,6465419,12332,44,257
1786396783549,12368896,8686592,8767904,1100816,8224816,0,977631,0,964491,0,5527150,0,5352427,3703,2483,12762,7518644,6465419,12332,44,257
1786396784050,12368896,8686592,8767904,1100816,8224816,0,977631,0,964491,0,5527150,0,5352427,3703,2483,12762,7518644,6465419,12332,44,257
1786396784553,12368896,8686592,8767904,1100816,8224816,0,977631,0,964491,0,5527150,0,5352427,3703,2483,12762,7518644,6465419,12332,44,257
1786396785065,12368896,8686592,8767904,1100816,8224816,0,977631,0,964491,0,5527150,0,5352427,3703,2483,12762,7518644,6465419,12332,44,257
1786396785571,12368896,8687104,8768416,1100816,8224816,0,977631,0,964491,0,5527150,0,5352427,3703,2483,12762,7518644,6465419,12332,44,257
1786396786084,12368896,8687104,8768416,1100816,8224816,0,977631,0,964491,0,5527150,0,5352427,3703,2483,12762,7518644,6465419,12332,44,257
1786396786591,12368896,8687104,8768416,1100816,8224816,0,977631,0,964491,0,5527150,0,5352427,3703,2483,12762,7518644,6465419,12332,44,257
1786396787096,12368896,8686864,8768176,1100816,8224816,0,977631,0,964491,0,5527150,0,5352427,3703,2483,12762,7518644,6465419,12332,44,257
1786396787602,12368896,8686864,8768176,1100816,8224816,0,977631,0,964491,0,5527150,0,5352427,3703,2483,12762,7518644,6465419,12332,44,257
1786396788107,12368896,8686864,8768176,1100816,8224816,0,977631,0,964491,0,5527150,0,5352427,3703,2483,12762,7518644,6465419,12332,44,257
1786396788619,12368896,8635120,8762672,1147856,8230864,0,978288,0,965108,0,5559835,0,5383802,4190,2862,12762,7518644,6465419,12332,44,257
1786396789121,12368896,8635120,8763456,1149424,8231888,0,978288,0,965108,18,5561935,18,5385840,4261,2926,12762,7518644,6465419,12332,44,257
1786396789628,12368896,8632640,8764032,1150896,8231888,0,978288,0,965108,18,5561935,18,5385840,4261,2926,12762,7518644,6465419,12332,44,257
1786396790130,12368896,8632640,8764032,1150896,8231888,0,978288,0,965108,18,5561935,18,5385840,4261,2926,12762,7518644,6465419,12332,44,257
1786396790637,12368896,8632640,8764032,1150896,8231888,0,978288,0,965108,18,5561935,18,5385840,4261,2926,12762,7518644,6465419,12332,44,257
1786396791143,12368896,8632640,8764032,1150896,8231888,0,978288,0,965108,14,5561935,14,5385840,4261,2926,12762,7518644,6465419,12332,44,257
1786396791646,12368896,8632640,8764064,1150896,8231888,0,978288,0,965108,14,5561935,14,5385840,4261,2926,12762,7518644,6465419,12332,44,257
1786396792147,12368896,8632640,8764064,1150896,8231888,0,978288,0,965108,14,5561935,14,5385840,4261,2926,12762,7518644,6465419,12332,44,257
1786396792653,12368896,8632640,8764064,1150896,8231888,0,978288,0,965108,14,5561935,14,5385840,4261,2926,12762,7518644,6465419,12332,44,257
1786396793165,12368896,8632640,8764064,1150896,8231888,0,978288,0,965108,12,5561935,12,5385840,4261,2926,12762,7518644,6465419,12332,44,257
1786396793668,12368896,8632640,8764064,1150896,8231888,0,978288,0,965108,12,5561935,12,5385840,4261,2926,12762,7518644,6465419,12332,44,257
1786396794171,12368896,8632640,8764064,1150896,8231888,0,978288,0,965108,12,5561935,12,5385840,4261,2926,12762,7518644,6465419,12332,44,257
1786396794680,12368896,8632640,8764080,1150896,8231888,0,978288,0,965108,12,5561935,12,5385840,4261,2926,12762,7518644,6465419,12332,44,257
1786396795191,12368896,8632640,8764080,1150896,8231888,0,978288,0,965108,9,5561935,9,5385840,4261,2926,12762,7518644,6465419,12332,44,257
1786396795697,12368896,8632640,8764080,1150896,8231888,0,978288,0,965108,9,5561935,9,5385840,4261,2926,12762,7518644,6465419,12332,44,257
1786396796197,12368896,8632640,8764080,1150896,8231888,0,978288,0,965108,9,5561935,9,5385840,4261,2926,12762,7518644,6465419,12332,44,257
1786396796708,12368896,8632640,8764080,1150896,8231888,0,978288,0,965108,9,5561935,9,5385840,4261,2926,12762,7518644,6465419,12332,44,257
1786396797211,12368896,8632640,8764080,1150896,8231888,0,978288,0,965108,8,5561935,8,5385840,4261,2926,12762,7518644,6465419,12332,44,257
1786396797721,12368896,8632640,8764080,1150896,8231888,0,978288,0,965108,8,5561935,8,5385840,4261,2926,12762,7518644,6465419,12332,44,257
1786396798232,12368896,8632640,8764080,1150896,8231888,0,978288,0,965108,8,5561935,8,5385840,4261,2926,12762,7518644,6465419,12332,44,257
1786396798737,12368896,8632640,8764080,1150896,8231888,0,978288,0,965108,8,5561935,8,5385840,4261,2926,12762,7518644,6465419,12332,44,257
1786396799247,12368896,8632640,8764080,1150896,8231888,0,978288,0,965108,6,5561935,6,5385840,4261,2926,12762,7518644,6465419,12332,44,257
1786396799751,12368896,8632640,8764080,1150896,8231888,0,978288,0,965108,6,5561935,6,5385840,4261,2926,12762,7518644,6465419,12332,44,257
1786396800258,12368896,8632640,8764080,1150896,8231888,0,978288,0,965108,6,5561935,6,5385840,4261,2926,12762,7518644,6465419,12332,44,257
1786396800769,12368896,8632640,8764080,1150896,8231888,0,978288,0,965108,6,5561935,6,5385840,4261,2926,12762,7518644,6465419,12332,44,257
1786396801274,12368896,8632640,8764080,1150896,8231888,0,978288,0,965108,5,5561935,5,5385840,4261,2926,12762,7518644,6465419,12332,44,257
1786396801778,12368896,8632640,8764080,1150896,8231888,0,978288,0,965108,5,5561935,5,5385840,4261,2926,12762,7518644,6465419,12332,44,257
1786396802286,12368896,8632640,8764080,1150896,8231888,0,978288,0,965108,5,5561935,5,5385840,4261,2926,12762,7518644,6465419,12332,44,257
1786396802789,12368896,8632640,8764080,1150896,8231888,0,978288,0,965108,5,5561935,5,5385840,4261,2926,12762,7518644,6465419,12332,44,257
1786396803297,12368896,8632640,8764080,1150896,8231888,0,978288,0,965108,4,5561935,4,5385840,4261,2926,12762,7518644,6465419,12332,44,257
1786396803801,12368896,8632640,8764080,1150896,8231888,0,978288,0,965108,4,5561935,4,5385840,4261,2926,12762,7518644,6465419,12332,44,257
1786396804313,12368896,8632640,8764080,1150896,8231888,0,978288,0,965108,4,5561935,4,5385840,4261,2926,12762,7518644,6465419,12332,44,257
1786396804823,12368896,8632640,8764080,1150896,8231888,0,978288,0,965108,4,5561935,4,5385840,4261,2926,12762,7518644,6465419,12332,44,257
1786396805335,12368896,8632640,8764080,1150896,8231888,0,978288,0,965108,3,5561935,3,5385840,4261,2926,12762,7518644,6465419,12332,44,257
1786396805846,12368896,8632640,8764080,1150896,8231888,0,978288,0,965108,3,5561935,3,5385840,4261,2926,12762,7518644,6465419,12332,44,257
1786396806349,12368896,8632640,8764080,1150896,8231888,0,978288,0,965108,3,5561935,3,5385840,4261,2926,12762,7518644,6465419,12332,44,257
1786396806852,12368896,8632640,8764080,1150896,8231888,0,978288,0,965108,3,5561935,3,5385840,4261,2926,12762,7518644,6465419,12332,44,257
1786396807357,12368896,8632640,8764080,1150896,8231888,0,978288,0,965108,2,5561935,2,5385840,4261,2926,12762,7518644,6465419,12332,44,257
1786396807861,12368896,8632640,8764080,1150896,8231888,0,978288,0,965108,2,5561935,2,5385840,4261,2926,12762,7518644,6465419,12332,44,257
1786396808373,12368896,8632640,8764080,1150896,8231888,0,978288,0,965108,2,5561935,2,5385840,4261,2926,12762,7518644,6465419,12332,44,257
1786396808880,12368896,8632640,8764080,1150896,8231888,0,978288,0,965108,2,5561935,2,5385840,4261,2926,12762,7518644,6465419,12332,44,257
1786396809385,12368896,8632640,8764080,1150896,8231888,0,978288,0,965108,2,5561935,2,5385840,4261,2926,12762,7518644,6465419,12332,44,257
1786396809895,12368896,8632640,8764080,1150896,8231888,0,978288,0,965108,2,5561935,2,5385840,4261,2926,12762,7518644,6465419,12332,44,257
1786396810404,12368896,8632640,8764080,1150896,8231888,0,978288,0,965108,2,5561935,2,5385840,4261,2926,12762,7518644,6465419,12332,44,257
1786396810908,12368896,8632640,8764080,1150896,8231888,0,978288,0,965108,2,5561935,2,5385840,4261,2926,12762,7518644,6465419,12332,44,257
1786396811418,12368896,8632640,8764080,1150896,8231888,0,978288,0,965108,1,5561935,1,5385840,4261,2926,12762,7518644,6465419,12332,44,257
1786396811926,12368896,8632400,8763840,1150896,8231888,0,978288,0,965108,1,5561935,1,5385840,4261,2926,12762,7518644,6465419,12332,44,257
1786396812435,12368896,8632400,8763840,1150896,8231888,0,978288,0,965108,1,5561935,1,5385840,4261,2926,12762,7518644,6465419,12332,44,257
1786396812945,12368896,8632400,8763840,1150896,8231888,0,978288,0,965108,1,5561935,1,5385840,4261,2926,12762,7518644,6465419,12332,44,257
1786396813457,12368896,8632400,8763840,1150896,8231888,0,978288,0,965108,1,5561935,1,5385840,4261,2926,12762,7518644,6465419,12332,44,257
1786396813961,12368896,8632400,8763840,1150896,8231888,0,978288,0,965108,1,5561935,1,5385840,4261,2926,12762,7518644,6465419,12332,44,257
1786396814471,12368896,8632400,8763840,1150896,8231888,0,978288,0,965108,1,5561935,1,5385840,4261,2926,12762,7518644,6465419,12332,44,257
1786396814979,12368896,8632400,8763840,1150896,8231888,0,978288,0,965108,1,5561935,1,5385840,4261,2926,12762,7518644,6465419,12332,44,257
1786396815484,12368896,8632400,8763840,1150896,8231888,0,978288,0,965108,1,5561935,1,5385840,4261,2926,12762,7518644,6465419,12332,44,257
1786396815987,12368896,8632400,8763840,1150896,8231888,0,978288,0,965108,1,5561935,1,5385840,4261,2926,12762,7518644,6465419,12332,44,257
1786396816490,12368896,8632400,8764016,1151136,8231952,0,978292,0,965112,1,5608690,1,5432268,4265,2930,12762,7518644,6465419,12332,44,257
1786396816993,12368896,8632400,8764048,1151136,8231952,0,978292,0,965112,37,5608690,37,5432268,4265,2930,12762,7518644,6465419,12332,44,257
1786396817499,12368896,8632400,8764048,1151152,8231952,0,978292,0,965112,37,5608690,37,5432268,4265,2930,12762,7518644,6465419,12332,44,257
1786396818012,12368896,8632400,8764048,1151152,8231952,0,978292,0,965112,37,5608690,37,5432268,4265,2930,12762,7518644,6465419,12332,44,257
1786396818517,12368896,8632400,8764048,1151152,8231952,0,978292,0,965112,37,5608690,37,5432268,4265,2930,12762,7518644,6465419,12332,44,257
1786396819028,12368896,8632400,8764048,1151152,8231952,0,978292,0,965112,30,5608690,30,5432268,4265,2930,12762,7518644,6465419,12332,44,257
1786396819539,12368896,8631680,8763984,1152000,8231952,0,978292,0,965112,30,5633762,30,5456895,4265,2930,12762,7518644,6465419,12332,44,257
1786396820043,12368896,8631680,8763984,1152000,8231952,0,978292,0,965112,30,5633762,30,5456895,4265,2930,12762,7518644,6465419,12332,44,257
1786396820553,12368896,8631680,8764192,1152000,8231952,0,978292,0,965112,30,5633762,30,5456895,4265,2930,12762,7518644,6465419,12332,44,257
1786396821059,12368896,8631680,8764336,1152144,8231952,0,978292,0,965112,43,5633762,43,5456895,4265,2930,12762,7518644,6465419,12332,44,257
1786396821565,12368896,8631680,8764336,1152144,8231952,0,978292,0,965112,43,5633762,43,5456895,4265,2930,12762,7518644,6465419,12332,44,257
1786396822069,12368896,8631680,8764336,1152144,8231952,0,978292,0,965112,43,5633762,43,5456895,4265,2930,12762,7518644,6465419,12332,44,257
1786396822576,12368896,8631680,8764336,1152144,8231952,0,978292,0,965112,43,5633762,43,5456895,4265,2930,12762,7518644,6465419,12332,44,257
1786396823078,12368896,8631680,8764336,1152144,8231952,0,978292,0,965112,35,5633762,35,5456895,4265,2930,12762,7518644,6465419,12332,44,257
1786396823579,12368896,8631440,8764128,1152144,8231952,0,978292,0,965112,35,5633762,35,5456895,4265,2930,12762,7518644,6465419,12332,44,257
1786396824087,12368896,8631440,8764128,1152144,8231952,0,978292,0,965112,35,5633762,35,5456895,4265,2930,12762,7518644,6465419,12332,44,257
1786396824591,12368896,8631440,8764128,1152144,8231952,0,978292,0,965112,35,5633762,35,5456895,4265,2930,12762,7518644,6465419,12332,44,257
1786396825098,12368896,8631440,8764128,1152144,8231952,0,978292,0,965112,28,5633762,28,5456895,4265,2930,12762,7518644,6465419,12332,44,257
1786396825610,12368896,8631440,8764128,1152144,8231952,0,978292,0,965112,28,5633762,28,5456895,4265,2930,12762,7518644,6465419,12332,44,257
1786396826122,12368896,8631440,8764128,1152144,8231952,0,978292,0,965112,28,5633762,28,5456895,4265,2930,12762,7518644,6465419,12332,44,257
1786396826626,12368896,8631440,8764128,1152144,8231952,0,978292,0,965112,28,5633762,28,5456895,4265,2930,12762,7518644,6465419,12332,44,257
1786396827130,12368896,8631440,8764128,1152144,8231952,0,978292,0,965112,23,5633762,23,5456895,4265,2930,12762,7518644,6465419,12332,44,257
1786396827634,12368896,8631440,8764128,1152144,8231952,0,978292,0,965112,23,5633762,23,5456895,4265,2930,12762,7518644,6465419,12332,44,257
1786396828136,12368896,8631440,8764128,1152144,8231952,0,978292,0,965112,23,5633762,23,5456895,4265,2930,12762,7518644,6465419,12332,44,257
1786396828646,12368896,8631440,8764128,1152144,8231952,0,978292,0,965112,23,5633762,23,5456895,4265,2930,12762,7518644,6465419,12332,44,257
1786396829150,12368896,8631440,8764128,1152144,8231952,0,978292,0,965112,19,5633762,19,5456895,4265,2930,12762,7518644,6465419,12332,44,257
1786396829662,12368896,8631440,8764128,1152144,8231952,0,978292,0,965112,19,5633762,19,5456895,4265,2930,12762,7518644,6465419,12332,44,257
1786396830170,12368896,8631440,8764128,1152144,8231952,0,978292,0,965112,19,5633762,19,5456895,4265,2930,12762,7518644,6465419,12332,44,257
1786396830679,12368896,8631440,8764128,1152144,8231952,0,978292,0,965112,19,5633762,19,5456895,4265,2930,12762,7518644,6465419,12332,44,257
1786396831186,12368896,8631440,8764128,1152144,8231952,0,978292,0,965112,15,5633762,15,5456895,4265,2930,12762,7518644,6465419,12332,44,257
1786396831696,12368896,8631200,8763888,1152144,8231952,0,978292,0,965112,15,5633762,15,5456895,4265,2930,12762,7518644,6465419,12332,44,257
1786396832199,12368896,8631200,8763888,1152144,8231952,0,978292,0,965112,15,5633762,15,5456895,4265,2930,12762,7518644,6465419,12332,44,257
1786396832701,12368896,8631200,8763888,1152144,8231952,0,978292,0,965112,15,5633762,15,5456895,4265,2930,12762,7518644,6465419,12332,44,257
1786396833204,12368896,8631200,8763888,1152144,8231952,0,978292,0,965112,12,5633762,12,5456895,4265,2930,12762,7518644,6465419,12332,44,257
1786396833715,12368896,8630960,8763648,1152144,8231952,0,978292,0,965112,12,5633762,12,5456895,4265,2930,12762,7518644,6465419,12332,44,257
1786396834227,12368896,8630960,8763648,1152144,8231952,0,978292,0,965112,12,5633762,12,5456895,4265,2930,12762,7518644,6465419,12332,44,257
1786396834739,12368896,8630960,8763648,1152144,8231952,0,978292,0,965112,12,5633762,12,5456895,4265,2930,12762,7518644,6465419,12332,44,257
1786396835250,12368896,8630960,8763648,1152144,8231952,0,978292,0,965112,10,5633762,10,5456895,4265,2930,12762,7518644,6465419,12332,44,257
1786396835755,12368896,8630960,8763648,1152144,8231952,0,978292,0,965112,10,5633762,10,5456895,4265,2930,12762,7518644,6465419,12332,44,257
1786396836266,12368896,8630960,8763648,1152144,8231952,0,978292,0,965112,10,5633762,10,5456895,4265,2930,12762,7518644,6465419,12332,44,257
1786396836769,12368896,8630960,8763648,1152144,8231952,0,978292,0,965112,10,5633762,10,5456895,4265,2930,12762,7518644,6465419,12332,44,257
1786396837273,12368896,8630960,8763648,1152144,8231952,0,978292,0,965112,8,5633762,8,5456895,4265,2930,12762,7518644,6465419,12332,44,257
1786396837781,12368896,8630960,8763648,1152144,8231952,0,978292,0,965112,8,5633762,8,5456895,4265,2930,12762,7518644,6465419,12332,44,257
1786396838283,12368896,8630960,8763648,1152144,8231952,0,978292,0,965112,8,5633762,8,5456895,4265,2930,12762,7518644,6465419,12332,44,257
1786396838793,12368896,8630960,8763648,1152144,8231952,0,978292,0,965112,8,5633762,8,5456895,4265,2930,12762,7518644,6465419,12332,44,257
1786396839305,12368896,8630960,8763648,1152144,8231952,0,978292,0,965112,7,5633762,7,5456895,4265,2930,12762,7518644,6465419,12332,44,257
1786396839817,12368896,8630960,8763648,1152144,8231952,0,978292,0,965112,7,5633762,7,5456895,4265,2930,12762,7518644,6465419,12332,44,257
1786396840324,12368896,8630960,8763648,1152144,8231952,0,978292,0,965112,7,5633762,7,5456895,4265,2930,12762,7518644,6465419,12332,44,257
1786396840837,12368896,8630960,8763648,1152144,8231952,0,978292,0,965112,7,5633762,7,5456895,4265,2930,12762,7518644,6465419,12332,44,257
1786396841344,12368896,8630960,8763648,1152144,8231952,0,978292,0,965112,5,5633762,5,5456895,4265,2930,12762,7518644,6465419,12332,44,257
1786396841849,12368896,8630960,8763648,1152144,8231952,0,978292,0,965112,5,5633762,5,5456895,4265,2930,12762,7518644,6465419,12332,44,257
1786396842360,12368896,8630960,8763648,1152144,8231952,0,978292,0,965112,5,5633762,5,5456895,4265,2930,12762,7518644,6465419,12332,44,257
1786396842868,12368896,8630960,8763648,1152144,8231952,0,978292,0,965112,5,5633762,5,5456895,4265,2930,12762,7518644,6465419,12332,44,257
1786396843381,12368896,8630960,8763648,1152144,8231952,0,978292,0,965112,4,5633762,4,5456895,4265,2930,12762,7518644,6465419,12332,44,257
1786396843885,12368896,8630960,8763648,1152144,8231952,0,978292,0,965112,4,5633762,4,5456895,4265,2930,12762,7518644,6465419,12332,44,257
1786396844394,12368896,8630720,8763408,1152144,8231952,0,978292,0,965112,4,5633762,4,5456895,4265,2930,12762,7518644,6465419,12332,44,257
1786396844895,12368896,8630720,8763408,1152144,8231952,0,978292,0,965112,4,5633762,4,5456895,4265,2930,12762,7518644,6465419,12332,44,257
1786396845398,12368896,8630720,8763408,1152144,8231952,0,978292,0,965112,3,5633762,3,5456895,4265,2930,12762,7518644,6465419,12332,44,257
1786396845899,12368896,8630720,8763408,1152144,8231952,0,978292,0,965112,3,5633762,3,5456895,4265,2930,12762,7518644,6465419,12332,44,257
1786396846405,12368896,8630720,8763408,1152144,8231952,0,978292,0,965112,3,5633762,3,5456895,4265,2930,12762,7518644,6465419,12332,44,257
1786396846908,12368896,8630720,8763408,1152144,8231952,0,978292,0,965112,3,5633762,3,5456895,4265,2930,12762,7518644,6465419,12332,44,257
1786396847418,12368896,8630720,8763408,1152144,8231952,0,978292,0,965112,3,5633762,3,5456895,4265,2930,12762,7518644,6465419,12332,44,257
1786396847922,12368896,8630720,8763408,1152144,8231952,0,978292,0,965112,3,5633762,3,5456895,4265,2930,12762,7518644,6465419,12332,44,257
1786396848431,12368896,8630720,8763408,1152144,8231952,0,978292,0,965112,3,5633762,3,5456895,4265,2930,12762,7518644,6465419,12332,44,257
1786396848937,12368896,8630720,8763408,1152144,8231952,0,978292,0,965112,3,5633762,3,5456895,4265,2930,12762,7518644,6465419,12332,44,257
1786396849439,12368896,8630480,8763168,1152144,8231952,0,978292,0,965112,2,5633762,2,5456895,4265,2930,12762,7518644,6465419,12332,44,257
1786396849941,12368896,8630240,8762928,1152144,8231952,0,978292,0,965112,2,5633762,2,5456895,4265,2930,12762,7518644,6465419,12332,44,257
1786396850452,12368896,8630240,8762928,1152144,8231952,0,978292,0,965112,2,5633762,2,5456895,4265,2930,12762,7518644,6465419,12332,44,257
1786396850953,12368896,8630240,8762928,1152144,8231952,0,978292,0,965112,2,5633762,2,5456895,4265,2930,12762,7518644,6465419,12332,44,257
1786396851464,12368896,8630240,8762928,1152144,8231952,0,978292,0,965112,2,5633762,2,5456895,4265,2930,12762,7518644,6465419,12332,44,257
1786396851969,12368896,8630240,8762928,1152144,8231952,0,978292,0,965112,2,5633762,2,5456895,4265,2930,12762,7518644,6465419,12332,44,257
1786396852480,12368896,8630240,8762928,1152144,8231952,0,978292,0,965112,2,5633762,2,5456895,4265,2930,12762,7518644,6465419,12332,44,257
1786396852990,12368896,8630240,8762928,1152144,8231952,0,978292,0,965112,1,5633762,1,5456895,4265,2930,12762,7518644,6465419,12332,44,257
1786396853491,12368896,8630240,8762928,1152144,8231952,0,978292,0,965112,1,5633762,1,5456895,4265,2930,12762,7518644,6465419,12332,44,257
1786396854000,12368896,8630240,8762928,1152144,8231952,0,978292,0,965112,1,5633762,1,5456895,4265,2930,12762,7518644,6465419,12332,44,257
1786396854512,12368896,8630240,8762928,1152144,8231952,0,978292,0,965112,1,5633762,1,5456895,4265,2930,12762,7518644,6465419,12332,44,257
1786396855017,12368896,8630240,8762928,1152144,8231952,0,978292,0,965112,1,5633762,1,5456895,4265,2930,12762,7518644,6465419,12332,44,257
1786396855529,12368896,8630000,8762688,1152144,8231952,0,978292,0,965112,1,5633762,1,5456895,4265,2930,12762,7518644,6465419,12332,44,257
1786396856034,12368896,8630000,8762688,1152144,8231952,0,978292,0,965112,1,5633762,1,5456895,4265,2930,12762,7518644,6465419,12332,44,257
1786396856536,12368896,8630000,8762688,1152144,8231952,0,978292,0,965112,1,5633762,1,5456895,4265,2930,12762,7518644,6465419,12332,44,257
1786396857043,12368896,8630000,8762688,1152144,8231952,0,978292,0,965112,1,5633762,1,5456895,4265,2930,12762,7518644,6465419,12332,44,257
1786396857549,12368896,8630000,8762688,1152144,8231952,0,978292,0,965112,1,5633762,1,5456895,4265,2930,12762,7518644,6465419,12332,44,257
1786396858051,12368896,8630000,8762688,1152144,8231952,0,978292,0,965112,1,5633762,1,5456895,4265,2930,12762,7518644,6465419,12332,44,257
1786396858563,12368896,8630000,8762688,1152144,8231952,0,978292,0,965112,1,5633762,1,5456895,4265,2930,12762,7518644,6465419,12332,44,257
1786396859071,12368896,8630000,8762688,1152144,8231952,0,978292,0,965112,0,5633762,0,5456895,4265,2930,12762,7518644,6465419,12332,44,257
1786396859581,12368896,8630000,8762688,1152144,8231952,0,978292,0,965112,0,5633762,0,5456895,4265,2930,12762,7518644,6465419,12332,44,257
1786396860082,12368896,8630000,8762688,1152144,8231952,0,978292,0,965112,0,5633762,0,5456895,4265,2930,12762,7518644,6465419,12332,44,257
1786396860588,12368896,8630000,8762688,1152144,8231952,0,978292,0,965112,0,5633762,0,5456895,4265,2930,12762,7518644,6465419,12332,44,257
1786396861091,12368896,8630000,8762688,1152144,8231952,0,978292,0,965112,0,5633762,0,5456895,4265,2930,12762,7518644,6465419,12332,44,257
1786396861593,12368896,8630000,8762688,1152144,8231952,0,978292,0,965112,0,5633762,0,5456895,4265,2930,12762,7518644,6465419,12332,44,257
1786396862103,12368896,8630000,8762688,1152144,8231952,0,978292,0,965112,0,5633762,0,5456895,4265,2930,12762,7518644,6465419,12332,44,257
1786396862614,12368896,8630000,8762688,1152144,8231952,0,978292,0,965112,0,5633762,0,5456895,4265,2930,12762,7518644,6465419,12332,44,257
1786396863116,12368896,8630000,8762688,1152144,8231952,0,978292,0,965112,0,5633762,0,5456895,4265,2930,12762,7518644,6465419,12332,44,257
1786396863618,12368896,8630000,8762688,1152144,8231952,0,978292,0,965112,0,5633762,0,5456895,4265,2930,12762,7518644,6465419,12332,44,257
1786396864126,12368896,8630000,8762688,1152144,8231952,0,978292,0,965112,0,5633762,0,5456895,4265,2930,12762,7518644,6465419,12332,44,257
1786396864632,12368896,8629760,8762448,1152144,8231952,0,978292,0,965112,0,5633762,0,5456895,4265,2930,12762,7518644,6465419,12332,44,257
1786396865139,12368896,8629760,8762448,1152144,8231952,0,978292,0,965112,0,5633762,0,5456895,4265,2930,12762,7518644,6465419,12332,44,257
1786396865650,12368896,8629760,8762448,1152144,8231952,0,978292,0,965112,0,5633762,0,5456895,4265,2930,12762,7518644,6465419,12332,44,257
1786396866158,12368896,8629760,8762448,1152144,8231952,0,978292,0,965112,0,5633762,0,5456895,4265,2930,12762,7518644,6465419,12332,44,257
1786396866668,12368896,8629760,8762448,1152144,8231952,0,978292,0,965112,0,5633762,0,5456895,4265,2930,12762,7518644,6465419,12332,44,257
1786396867172,12368896,8629760,8762448,1152144,8231952,0,978292,0,965112,0,5633762,0,5456895,4265,2930,12762,7518644,6465419,12332,44,257
1786396867682,12368896,8629760,8762448,1152144,8231952,0,978292,0,965112,0,5633762,0,5456895,4265,2930,12762,7518644,6465419,12332,44,257
1786396868184,12368896,8629760,8762448,1152144,8231952,0,978292,0,965112,0,5633762,0,5456895,4265,2930,12762,7518644,6465419,12332,44,257
1786396868691,12368896,8629760,8762448,1152144,8231952,0,978292,0,965112,0,5633762,0,5456895,4265,2930,12762,7518644,6465419,12332,44,257
1786396869193,12368896,8629760,8762448,1152144,8231952,0,978292,0,965112,0,5633762,0,5456895,4265,2930,12762,7518644,6465419,12332,44,257
1786396869699,12368896,8629760,8762448,1152144,8231952,0,978292,0,965112,0,5633762,0,5456895,4265,2930,12762,7518644,6465419,12332,44,257
1786396870200,12368896,8629760,8762448,1152144,8231952,0,978292,0,965112,0,5633762,0,5456895,4265,2930,12762,7518644,6465419,12332,44,257
1786396870711,12368896,8629760,8762448,1152144,8231952,0,978292,0,965112,0,5633762,0,5456895,4265,2930,12762,7518644,6465419,12332,44,257
1786396871219,12368896,8629760,8762448,1152144,8231952,0,978292,0,965112,0,5633762,0,5456895,4265,2930,12762,7518644,6465419,12332,44,257
1786396871729,12368896,8629520,8762208,1152144,8231952,0,978292,0,965112,0,5633762,0,5456895,4265,2930,12762,7518644,6465419,12332,44,257
1786396872240,12368896,8629520,8762208,1152144,8231952,0,978292,0,965112,0,5633762,0,5456895,4265,2930,12762,7518644,6465419,12332,44,257
1786396872750,12368896,8629280,8761968,1152144,8231952,0,978292,0,965112,0,5633762,0,5456895,4265,2930,12762,7518644,6465419,12332,44,257
1786396873261,12368896,8629280,8761968,1152144,8231952,0,978292,0,965112,0,5633762,0,5456895,4265,2930,12762,7518644,6465419,12332,44,257
1786396873771,12368896,8629280,8761968,1152144,8231952,0,978292,0,965112,0,5633762,0,5456895,4265,2930,12762,7518644,6465419,12332,44,257
1786396874274,12368896,8629280,8761968,1152144,8231952,0,978292,0,965112,0,5633762,0,5456895,4265,2930,12762,7518644,6465419,12332,44,257
1786396874777,12368896,8629280,8761968,1152144,8231952,0,978292,0,965112,0,5633762,0,5456895,4265,2930,12762,7518644,6465419,12332,44,257
1786396875282,12368896,8629280,8761968,1152144,8231952,0,978292,0,965112,0,5633762,0,5456895,4265,2930,12762,7518644,6465419,12332,44,257
1786396875785,12368896,8629280,8761968,1152144,8231952,0,978292,0,965112,0,5633762,0,5456895,4265,2930,12762,7518644,6465419,12332,44,257
1786396876297,12368896,8629280,8761968,1152144,8231952,0,978292,0,965112,0,5633762,0,5456895,4265,2930,12762,7518644,6465419,12332,44,257
1786396876799,12368896,8629280,8761968,1152144,8231952,0,978292,0,965112,0,5633762,0,5456895,4265,2930,12762,7518644,6465419,12332,44,257
1786396877306,12368896,8629280,8761968,1152160,8231952,0,978292,0,965112,0,5633762,0,5456895,4265,2930,12762,7518644,6465419,12332,44,257
1786396877811,12368896,8629280,8761968,1152160,8231952,0,978292,0,965112,0,5633762,0,5456895,4265,2930,12762,7518644,6465419,12332,44,257
1786396878313,12368896,8629280,8761968,1152160,8231952,0,978292,0,965112,0,5633762,0,5456895,4265,2930,12762,7518644,6465419,12332,44,257
1786396878819,12368896,8629280,8761968,1152160,8231952,0,978292,0,965112,0,5633762,0,5456895,4265,2930,12762,7518644,6465419,12332,44,257
1786396879321,12368896,8629280,8761968,1152160,8231952,0,978292,0,965112,0,5633762,0,5456895,4265,2930,12762,7518644,6465419,12332,44,257
1786396879824,12368896,8629280,8761968,1152160,8231952,0,978292,0,965112,0,5633762,0,5456895,4265,2930,12762,7518644,6465419,12332,44,257
1786396880335,12368896,8629280,8761968,1152160,8231952,0,978292,0,965112,0,5633762,0,5456895,4265,2930,12762,7518644,6465419,12332,44,257
1786396880838,12368896,8629280,8761968,1152160,8231952,0,978292,0,965112,0,5633762,0,5456895,4265,2930,12762,7518644,6465419,12332,44,257
1786396881350,12368896,8629040,8761728,1152160,8231952,0,978292,0,965112,0,5633762,0,5456895,4265,2930,12762,7518644,6465419,12332,44,257
1786396881862,12368896,8629040,8761728,1152160,8231952,0,978292,0,965112,0,5633762,0,5456895,4265,2930,12762,7518644,6465419,12332,44,257
1786396882365,12368896,8629040,8761728,1152160,8231952,0,978292,0,965112,0,5633762,0,5456895,4265,2930,12762,7518644,6465419,12332,44,257
1786396882873,12368896,8629040,8761728,1152160,8231952,0,978292,0,965112,0,5633762,0,5456895,4265,2930,12762,7518644,6465419,12332,44,257
1786396883381,12368896,8629040,8761728,1152160,8231952,0,978292,0,965112,0,5633762,0,5456895,4265,2930,12762,7518644,6465419,12332,44,257
1786396883888,12368896,8629040,8761728,1152160,8231952,0,978292,0,965112,0,5633762,0,5456895,4265,2930,12762,7518644,6465419,12332,44,257
1786396884399,12368896,8629040,8761728,1152160,8231952,0,978292,0,965112,0,5633762,0,5456895,4265,2930,12762,7518644,6465419,12332,44,257
1786396884902,12368896,8629040,8761728,1152160,8231952,0,978292,0,965112,0,5633762,0,5456895,4265,2930,12762,7518644,6465419,12332,44,257
1786396885409,12368896,8628800,8761488,1152160,8231952,0,978292,0,965112,0,5633762,0,5456895,4265,2930,12762,7518644,6465419,12332,44,257
1786396885918,12368896,8628800,8761488,1152160,8231952,0,978292,0,965112,0,5633762,0,5456895,4265,2930,12762,7518644,6465419,12332,44,257
1786396886429,12368896,8628800,8761488,1152160,8231952,0,978292,0,965112,0,5633762,0,5456895,4265,2930,12762,7518644,6465419,12332,44,257
1786396886931,12368896,8628800,8761488,1152160,8231952,0,978292,0,965112,0,5633762,0,5456895,4265,2930,12762,7518644,6465419,12332,44,257
1786396887436,12368896,8628800,8761488,1152160,8231952,0,978292,0,965112,0,5633762,0,5456895,4265,2930,12762,7518644,6465419,12332,44,257
1786396887939,12368896,8628800,8761488,1152160,8231952,0,978292,0,965112,0,5633762,0,5456895,4265,2930,12762,7518644,6465419,12332,44,257
1786396888443,12368896,8628800,8761488,1152160,8231952,0,978292,0,965112,0,5633762,0,5456895,4265,2930,12762,7518644,6465419,12332,44,257
1786396888958,12368896,8628800,8761488,1152160,8231952,0,978292,0,965112,0,5633762,0,5456895,4265,2930,12762,7518644,6465419,12332,44,257
1786396889468,12368896,8628560,8761232,1152160,8232144,0,978292,0,965112,0,5633762,0,5456895,4265,2930,12762,7518644,6465419,12332,44,257
1786396889981,12368896,8628560,8761232,1152160,8232144,0,978292,0,965112,0,5633762,0,5456895,4265,2930,12762,7518644,6465419,12332,44,257
1786396890482,12368896,8628560,8761248,1152160,8232144,0,978292,0,965112,0,5633762,0,5456895,4265,2930,12762,7518644,6465419,12332,44,257
1786396890985,12368896,8628560,8761248,1152160,8232144,0,978292,0,965112,0,5633762,0,5456895,4265,2930,12762,7518644,6465419,12332,44,257
1786396891486,12368896,8628560,8761248,1152160,8232144,0,978292,0,965112,0,5633762,0,5456895,4265,2930,12762,7518644,6465419,12332,44,257
1786396891996,12368896,8628560,8761248,1152160,8232144,0,978292,0,965112,0,5633762,0,5456895,4265,2930,12762,7518644,6465419,12332,44,257
1786396892501,12368896,8628320,8761008,1152160,8232144,0,978292,0,965112,0,5633762,0,5456895,4265,2930,12762,7518644,6465419,12332,44,257
1786396893013,12368896,8628320,8761008,1152160,8232144,0,978292,0,965112,0,5633762,0,5456895,4265,2930,12762,7518644,6465419,12332,44,257
1786396893514,12368896,8628080,8760768,1152160,8232144,0,978292,0,965112,0,5633762,0,5456895,4265,2930,12762,7518644,6465419,12332,44,257
1786396894026,12368896,8628080,8760768,1152160,8232144,0,978292,0,965112,0,5633762,0,5456895,4265,2930,12762,7518644,6465419,12332,44,257
1786396894538,12368896,8628080,8760768,1152160,8232144,0,978292,0,965112,0,5633762,0,5456895,4265,2930,12762,7518644,6465419,12332,44,257
1786396895043,12368896,8628080,8760768,1152160,8232144,0,978292,0,965112,0,5633762,0,5456895,4265,2930,12762,7518644,6465419,12332,44,257
1786396895551,12368896,8628080,8760768,1152160,8232144,0,978292,0,965112,0,5633762,0,5456895,4265,2930,12762,7518644,6465419,12332,44,257
1786396896052,12368896,8628080,8760768,1152160,8232144,0,978292,0,965112,0,5633762,0,5456895,4265,2930,12762,7518644,6465419,12332,44,257
1786396896554,12368896,8628080,8760768,1152160,8232144,0,978292,0,965112,0,5633762,0,5456895,4265,2930,12762,7518644,6465419,12332,44,257
1786396897058,12368896,8628080,8760768,1152160,8232144,0,978292,0,965112,0,5633762,0,5456895,4265,2930,12762,7518644,6465419,12332,44,257
1786396897570,12368896,8628080,8760768,1152160,8232144,0,978292,0,965112,0,5633762,0,5456895,4265,2930,12762,7518644,6465419,12332,44,257
1786396898082,12368896,8628080,8760768,1152160,8232144,0,978292,0,965112,0,5633762,0,5456895,4265,2930,12762,7518644,6465419,12332,44,257
1786396898592,12368896,8628080,8760768,1152160,8232144,0,978292,0,965112,0,5633762,0,5456895,4265,2930,12762,7518644,6465419,12332,44,257
1786396899098,12368896,8628080,8760768,1152160,8232144,0,978292,0,965112,0,5633762,0,5456895,4265,2930,12762,7518644,6465419,12332,44,257
1786396899607,12368896,8628080,8760768,1152160,8232144,0,978292,0,965112,0,5633762,0,5456895,4265,2930,12762,7518644,6465419,12332,44,257
1786396900109,12368896,8628080,8760768,1152160,8232144,0,978292,0,965112,0,5633762,0,5456895,4265,2930,12762,7518644,6465419,12332,44,257
1786396900618,12368896,8628080,8760768,1152160,8232144,0,978292,0,965112,0,5633762,0,5456895,4265,2930,12762,7518644,6465419,12332,44,257
1786396901124,12368896,8628080,8760768,1152160,8232144,0,978292,0,965112,0,5633762,0,5456895,4265,2930,12762,7518644,6465419,12332,44,257
1786396901634,12368896,8628080,8760768,1152160,8232144,0,978292,0,965112,0,5633762,0,5456895,4265,2930,12762,7518644,6465419,12332,44,257
1786396902136,12368896,8628080,8760768,1152160,8232144,0,978292,0,965112,0,5633762,0,5456895,4265,2930,12762,7518644,6465419,12332,44,257
1786396902642,12368896,8628080,8760768,1152160,8232144,0,978292,0,965112,0,5633762,0,5456895,4265,2930,12762,7518644,6465419,12332,44,257
1786396903153,12368896,8628080,8760768,1152160,8232144,0,978292,0,965112,0,5633762,0,5456895,4265,2930,12762,7518644,6465419,12332,44,257
1786396903658,12368896,8628080,8760768,1152160,8232144,0,978292,0,965112,0,5633762,0,5456895,4265,2930,12762,7518644,6465419,12332,44,257
1786396904169,12368896,8628080,8760768,1152160,8232144,0,978292,0,965112,0,5633762,0,5456895,4265,2930,12762,7518644,6465419,12332,44,257
1786396904673,12368896,8628080,8760768,1152160,8232144,0,978292,0,965112,0,5633762,0,5456895,4265,2930,12762,7518644,6465419,12332,44,257
1786396905184,12368896,8628080,8760768,1152160,8232144,0,978292,0,965112,0,5633762,0,5456895,4265,2930,12762,7518644,6465419,12332,44,257
1786396905689,12368896,8628080,8760768,1152160,8232144,0,978292,0,965112,0,5633762,0,5456895,4265,2930,12762,7518644,6465419,12332,44,257
1786396906200,12368896,8628080,8760768,1152160,8232144,0,978292,0,965112,0,5633762,0,5456895,4265,2930,12762,7518644,6465419,12332,44,257
1786396906709,12368896,8628080,8760768,1152160,8232144,0,978292,0,965112,0,5633762,0,5456895,4265,2930,12762,7518644,6465419,12332,44,257
1786396907214,12368896,8628080,8760768,1152160,8232144,0,978292,0,965112,0,5633762,0,5456895,4265,2930,12762,7518644,6465419,12332,44,257
1786396907719,12368896,8628080,8760768,1152160,8232144,0,978292,0,965112,0,5633762,0,5456895,4265,2930,12762,7518644,6465419,12332,44,257
1786396908220,12368896,8628080,8760768,1152160,8232144,0,978292,0,965112,0,5633762,0,5456895,4265,2930,12762,7518644,6465419,12332,44,257
1786396908729,12368896,8628080,8760768,1152160,8232144,0,978292,0,965112,0,5633762,0,5456895,4265,2930,12762,7518644,6465419,12332,44,257
1786396909239,12368896,8628080,8760768,1152160,8232144,0,978292,0,965112,0,5633762,0,5456895,4265,2930,12762,7518644,6465419,12332,44,257
1786396909747,12368896,8628080,8760768,1152160,8232144,0,978292,0,965112,0,5633762,0,5456895,4265,2930,12762,7518644,6465419,12332,44,257
1786396910250,12368896,8628080,8760768,1152160,8232144,0,978292,0,965112,0,5633762,0,5456895,4265,2930,12762,7518644,6465419,12332,44,257
1786396910754,12368896,8628080,8760768,1152160,8232144,0,978292,0,965112,0,5633762,0,5456895,4265,2930,12762,7518644,6465419,12332,44,257
1786396911261,12368896,8628080,8760768,1152160,8232144,0,978292,0,965112,0,5633762,0,5456895,4265,2930,12762,7518644,6465419,12332,44,257
1786396911763,12368896,8628080,8760768,1152160,8232144,0,978292,0,965112,0,5633762,0,5456895,4265,2930,12762,7518644,6465419,12332,44,257
1786396912264,12368896,8628080,8760768,1152160,8232144,0,978292,0,965112,0,5633762,0,5456895,4265,2930,12762,7518644,6465419,12332,44,257
1786396912773,12368896,8628080,8760768,1152160,8232144,0,978292,0,965112,0,5633762,0,5456895,4265,2930,12762,7518644,6465419,12332,44,257
1786396913285,12368896,8628080,8760768,1152160,8232144,0,978292,0,965112,0,5633762,0,5456895,4265,2930,12762,7518644,6465419,12332,44,257
1786396913791,12368896,8628080,8760768,1152160,8232144,0,978292,0,965112,0,5633762,0,5456895,4265,2930,12762,7518644,6465419,12332,44,257
1786396914300,12368896,8628080,8760768,1152160,8232144,0,978292,0,965112,0,5633762,0,5456895,4265,2930,12762,7518644,6465419,12332,44,257
1786396914811,12368896,8628080,8760768,1152160,8232144,0,978292,0,965112,0,5633762,0,5456895,4265,2930,12762,7518644,6465419,12332,44,257
1786396915314,12368896,8628080,8760768,1152160,8232144,0,978292,0,965112,0,5633762,0,5456895,4265,2930,12762,7518644,6465419,12332,44,257
1786396915821,12368896,8628080,8760768,1152160,8232144,0,978292,0,965112,0,5633762,0,5456895,4265,2930,12762,7518644,6465419,12332,44,257
1786396916323,12368896,8628080,8760768,1152160,8232144,0,978292,0,965112,0,5633762,0,5456895,4265,2930,12762,7518644,6465419,12332,44,257
1786396916833,12368896,8628080,8760768,1152160,8232144,0,978292,0,965112,0,5633762,0,5456895,4265,2930,12762,7518644,6465419,12332,44,257
1786396917346,12368896,8628080,8760768,1152160,8232144,0,978292,0,965112,0,5633762,0,5456895,4265,2930,12762,7518644,6465419,12332,44,257
1786396917857,12368896,8628080,8760768,1152160,8232144,0,978292,0,965112,0,5633762,0,5456895,4265,2930,12762,7518644,6465419,12332,44,257
1786396918366,12368896,8628080,8760768,1152160,8232144,0,978292,0,965112,0,5633762,0,5456895,4265,2930,12762,7518644,6465419,12332,44,257
1786396918869,12368896,8628080,8760768,1152160,8232144,0,978292,0,965112,0,5633762,0,5456895,4265,2930,12762,7518644,6465419,12332,44,257
1786396919381,12368896,8628080,8760768,1152160,8232144,0,978292,0,965112,0,5633762,0,5456895,4265,2930,12762,7518644,6465419,12332,44,257
1786396919893,12368896,8628080,8760768,1152160,8232144,0,978292,0,965112,0,5633762,0,5456895,4265,2930,12762,7518644,6465419,12332,44,257
1786396920404,12368896,8628080,8760768,1152160,8232144,0,978292,0,965112,0,5633762,0,5456895,4265,2930,12762,7518644,6465419,12332,44,257
1786396920906,12368896,8628080,8760768,1152160,8232144,0,978292,0,965112,0,5633762,0,5456895,4265,2930,12762,7518644,6465419,12332,44,257
1786396921408,12368896,8628080,8760768,1152160,8232144,0,978292,0,965112,0,5633762,0,5456895,4265,2930,12762,7518644,6465419,12332,44,257
1786396921920,12368896,8628080,8760768,1152160,8232144,0,978292,0,965112,0,5633762,0,5456895,4265,2930,12762,7518644,6465419,12332,44,257
1786396922432,12368896,8628080,8760768,1152160,8232144,0,978292,0,965112,0,5633762,0,5456895,4265,2930,12762,7518644,6465419,12332,44,257
1786396922941,12368896,8628080,8760768,1152160,8232144,0,978292,0,965112,0,5633762,0,5456895,4265,2930,12762,7518644,6465419,12332,44,257
1786396923449,12368896,8628080,8760768,1152160,8232144,0,978292,0,965112,0,5633762,0,5456895,4265,2930,12762,7518644,6465419,12332,44,257
1786396923952,12368896,8628080,8760768,1152160,8232144,0,978292,0,965112,0,5633762,0,5456895,4265,2930,12762,7518644,6465419,12332,44,257
1786396924455,12368896,8628080,8760768,1152160,8232144,0,978292,0,965112,0,5633762,0,5456895,4265,2930,12762,7518644,6465419,12332,44,257
1786396924957,12368896,8628080,8760768,1152160,8232144,0,978292,0,965112,0,5633762,0,5456895,4265,2930,12762,7518644,6465419,12332,44,257
1786396925464,12368896,8628080,8760768,1152160,8232144,0,978292,0,965112,0,5633762,0,5456895,4265,2930,12762,7518644,6465419,12332,44,257
1786396925970,12368896,8628080,8760768,1152160,8232144,0,978292,0,965112,0,5633762,0,5456895,4265,2930,12762,7518644,6465419,12332,44,257
1786396926476,12368896,8628080,8760768,1152160,8232144,0,978292,0,965112,0,5633762,0,5456895,4265,2930,12762,7518644,6465419,12332,44,257
1786396926982,12368896,8628080,8760768,1152160,8232144,0,978292,0,965112,0,5633762,0,5456895,4265,2930,12762,7518644,6465419,12332,44,257
1786396927484,12368896,8628080,8760768,1152160,8232144,0,978292,0,965112,0,5633762,0,5456895,4265,2930,12762,7518644,6465419,12332,44,257
1786396927986,12368896,8628080,8760768,1152160,8232144,0,978292,0,965112,0,5633762,0,5456895,4265,2930,12762,7518644,6465419,12332,44,257
1786396928490,12368896,8628080,8760768,1152160,8232144,0,978292,0,965112,0,5633762,0,5456895,4265,2930,12762,7518644,6465419,12332,44,257
1786396929000,12368896,8628080,8760768,1152160,8232144,0,978292,0,965112,0,5633762,0,5456895,4265,2930,12762,7518644,6465419,12332,44,257
1786396929502,12368896,8628080,8760768,1152160,8232144,0,978292,0,965112,0,5633762,0,5456895,4265,2930,12762,7518644,6465419,12332,44,257
1786396930016,12368896,8628080,8760768,1152160,8232144,0,978292,0,965112,0,5633762,0,5456895,4265,2930,12762,7518644,6465419,12332,44,257
1786396930519,12368896,8628080,8760768,1152160,8232144,0,978292,0,965112,0,5633762,0,5456895,4265,2930,12762,7518644,6465419,12332,44,257
1786396931026,12368896,8628080,8760768,1152160,8232144,0,978292,0,965112,0,5633762,0,5456895,4265,2930,12762,7518644,6465419,12332,44,257
1786396931530,12368896,8627840,8760528,1152160,8232144,0,978292,0,965112,0,5633762,0,5456895,4265,2930,12762,7518644,6465419,12332,44,257
1786396932034,12368896,8627840,8760528,1152160,8232144,0,978292,0,965112,0,5633762,0,5456895,4265,2930,12762,7518644,6465419,12332,44,257
1786396932538,12368896,8627840,8760528,1152160,8232144,0,978292,0,965112,0,5633762,0,5456895,4265,2930,12762,7518644,6465419,12332,44,257
1786396933048,12368896,8627840,8760528,1152160,8232144,0,978292,0,965112,0,5633762,0,5456895,4265,2930,12762,7518644,6465419,12332,44,257
1786396933550,12368896,8627600,8760288,1152160,8232144,0,978292,0,965112,0,5633762,0,5456895,4265,2930,12762,7518644,6465419,12332,44,257
1786396934052,12368896,8627600,8760288,1152160,8232144,0,978292,0,965112,0,5633762,0,5456895,4265,2930,12762,7518644,6465419,12332,44,257
1786396934562,12368896,8627600,8760288,1152160,8232144,0,978292,0,965112,0,5633762,0,5456895,4265,2930,12762,7518644,6465419,12332,44,257
1786396935075,12368896,8627600,8760288,1152160,8232144,0,978292,0,965112,0,5633762,0,5456895,4265,2930,12762,7518644,6465419,12332,44,257
1786396935580,12368896,8627600,8760288,1152160,8232144,0,978292,0,965112,0,5633762,0,5456895,4265,2930,12762,7518644,6465419,12332,44,257
1786396936086,12368896,8627600,8760288,1152160,8232144,0,978292,0,965112,0,5633762,0,5456895,4265,2930,12762,7518644,6465419,12332,44,257
1786396936587,12368896,8624000,8758608,1154176,8232160,0,978292,0,965112,0,5636428,0,5459558,4271,2934,12762,7518644,6465419,12332,44,257
1786396937098,12368896,8623760,8758496,1154224,8232160,0,978292,0,965112,0,5636428,0,5459558,4271,2934,12762,7518644,6465419,12332,44,257
1786396937599,12368896,8623760,8759120,1154864,8232160,0,978292,0,965112,0,5636428,0,5459558,4271,2934,12762,7518644,6465419,12332,44,257
1786396938105,12368896,8623760,8759120,1154864,8232160,0,978292,0,965112,0,5636428,0,5459558,4271,2934,12762,7518644,6465419,12332,44,257
1786396938610,12368896,8623760,8759120,1154864,8232160,0,978292,0,965112,0,5636428,0,5459558,4271,2934,12762,7518644,6465419,12332,44,257
1786396939122,12368896,8623760,8759120,1154864,8232160,0,978292,0,965112,0,5636428,0,5459558,4271,2934,12762,7518644,6465419,12332,44,257
1786396939623,12368896,8623760,8759120,1154864,8232160,0,978292,0,965112,0,5636428,0,5459558,4271,2934,12762,7518644,6465419,12332,44,257
1786396940135,12368896,8623760,8759120,1154864,8232160,0,978292,0,965112,0,5636428,0,5459558,4271,2934,12762,7518644,6465419,12332,44,257
1786396940643,12368896,8623520,8758880,1154864,8232160,0,978292,0,965112,0,5636428,0,5459558,4271,2934,12762,7518644,6465419,12332,44,257
1786396941145,12368896,8623520,8758880,1154864,8232160,0,978292,0,965112,0,5636428,0,5459558,4271,2934,12762,7518644,6465419,12332,44,257
1786396941655,12368896,8623520,8758880,1154864,8232160,0,978292,0,965112,0,5636428,0,5459558,4271,2934,12762,7518644,6465419,12332,44,257
1786396942165,12368896,8623520,8758880,1154864,8232160,0,978292,0,965112,0,5636428,0,5459558,4271,2934,12762,7518644,6465419,12332,44,257
1786396942667,12368896,8623280,8758640,1154864,8232160,0,978292,0,965112,0,5636428,0,5459558,4271,2934,12762,7518644,6465419,12332,44,257
1786396943169,12368896,8623280,8758640,1154864,8232160,0,978292,0,965112,0,5636428,0,5459558,4271,2934,12762,7518644,6465419,12332,44,257
1786396943677,12368896,8623280,8758640,1154864,8232160,0,978292,0,965112,0,5636428,0,5459558,4271,2934,12762,7518644,6465419,12332,44,257
1786396944180,12368896,8623280,8758640,1154864,8232160,0,978292,0,965112,0,5636428,0,5459558,4271,2934,12762,7518644,6465419,12332,44,257
1786396944686,12368896,8623280,8758640,1154864,8232160,0,978292,0,965112,0,5636428,0,5459558,4271,2934,12762,7518644,6465419,12332,44,257
1786396945196,12368896,8623280,8758640,1154864,8232160,0,978292,0,965112,0,5636428,0,5459558,4271,2934,12762,7518644,6465419,12332,44,257
1786396945700,12368896,8623280,8758640,1154864,8232160,0,978292,0,965112,0,5636428,0,5459558,4271,2934,12762,7518644,6465419,12332,44,257
1786396946210,12368896,8623280,8758640,1154864,8232160,0,978292,0,965112,0,5636428,0,5459558,4271,2934,12762,7518644,6465419,12332,44,257
1786396946721,12368896,8623280,8758640,1154864,8232160,0,978292,0,965112,0,5636428,0,5459558,4271,2934,12762,7518644,6465419,12332,44,257
1786396947231,12368896,8623280,8758640,1154864,8232160,0,978292,0,965112,0,5636428,0,5459558,4271,2934,12762,7518644,6465419,12332,44,257
1786396947741,12368896,8623040,8758400,1154864,8232160,0,978292,0,965112,0,5636428,0,5459558,4271,2934,12762,7518644,6465419,12332,44,257
1786396948242,12368896,8622800,8758160,1154864,8232160,0,978292,0,965112,0,5636428,0,5459558,4271,2934,12762,7518644,6465419,12332,44,257
1786396948747,12368896,8622800,8758160,1154864,8232160,0,978292,0,965112,0,5636428,0,5459558,4271,2934,12762,7518644,6465419,12332,44,257
1786396949251,12368896,8622800,8758160,1154864,8232160,0,978292,0,965112,0,5636428,0,5459558,4271,2934,12762,7518644,6465419,12332,44,257
1786396949755,12368896,8622800,8758160,1154864,8232160,0,978292,0,965112,0,5636428,0,5459558,4271,2934,12762,7518644,6465419,12332,44,257
1786396950266,12368896,8622800,8758160,1154864,8232160,0,978292,0,965112,0,5636428,0,5459558,4271,2934,12762,7518644,6465419,12332,44,257
1786396950778,12368896,8622560,8757920,1154864,8232160,0,978292,0,965112,0,5636428,0,5459558,4271,2934,12762,7518644,6465419,12332,44,257
1786396951280,12368896,8622560,8757920,1154864,8232160,0,978292,0,965112,0,5636428,0,5459558,4271,2934,12762,7518644,6465419,12332,44,257
1786396951792,12368896,8622560,8757920,1154864,8232160,0,978292,0,965112,0,5636428,0,5459558,4271,2934,12762,7518644,6465419,12332,44,257
1786396952302,12368896,8622560,8757920,1154864,8232160,0,978292,0,965112,0,5636428,0,5459558,4271,2934,12762,7518644,6465419,12332,44,257
1786396952814,12368896,8622560,8757920,1154864,8232160,0,978292,0,965112,0,5636428,0,5459558,4271,2934,12762,7518644,6465419,12332,44,257
1786396953322,12368896,8622560,8757920,1154864,8232160,0,978292,0,965112,0,5636428,0,5459558,4271,2934,12762,7518644,6465419,12332,44,257
1786396953826,12368896,8622560,8757920,1154864,8232160,0,978292,0,965112,0,5636428,0,5459558,4271,2934,12762,7518644,6465419,12332,44,257
1786396954333,12368896,8622320,8757680,1154864,8232160,0,978292,0,965112,0,5636428,0,5459558,4271,2934,12762,7518644,6465419,12332,44,257
1786396954838,12368896,8622320,8757680,1154864,8232160,0,978292,0,965112,0,5636428,0,5459558,4271,2934,12762,7518644,6465419,12332,44,257
1786396955350,12368896,8621840,8757200,1154864,8232160,0,978292,0,965112,0,5636428,0,5459558,4271,2934,12762,7518644,6465419,12332,44,257
1786396955858,12368896,8621840,8757200,1154864,8232160,0,978292,0,965112,0,5636428,0,5459558,4271,2934,12762,7518644,6465419,12332,44,257
1786396956370,12368896,8621840,8757200,1154864,8232160,0,978292,0,965112,0,5636428,0,5459558,4271,2934,12762,7518644,6465419,12332,44,257
1786396956875,12368896,8621840,8757200,1154864,8232160,0,978292,0,965112,0,5636428,0,5459558,4271,2934,12762,7518644,6465419,12332,44,257
1786396957378,12368896,8621600,8756960,1154864,8232160,0,978292,0,965112,0,5636428,0,5459558,4271,2934,12762,7518644,6465419,12332,44,257
1786396957887,12368896,8621600,8756960,1154864,8232160,0,978292,0,965112,0,5636428,0,5459558,4271,2934,12762,7518644,6465419,12332,44,257
1786396958399,12368896,8621600,8756960,1154864,8232160,0,978292,0,965112,0,5636428,0,5459558,4271,2934,12762,7518644,6465419,12332,44,257
1786396958906,12368896,8621600,8756960,1154864,8232160,0,978292,0,965112,0,5636428,0,5459558,4271,2934,12762,7518644,6465419,12332,44,257
1786396959419,12368896,8621600,8756960,1154864,8232160,0,978292,0,965112,0,5636428,0,5459558,4271,2934,12762,7518644,6465419,12332,44,257
1786396959924,12368896,8621120,8756480,1154864,8232160,0,978292,0,965112,0,5636428,0,5459558,4271,2934,12762,7518644,6465419,12332,44,257
1786396960428,12368896,8621120,8756480,1154864,8232160,0,978292,0,965112,0,5636428,0,5459558,4271,2934,12762,7518644,6465419,12332,44,257
1786396960930,12368896,8620400,8755760,1154864,8232160,0,978292,0,965112,0,5636428,0,5459558,4271,2934,12762,7518644,6465419,12332,44,257
1786396961437,12368896,8620400,8755760,1154864,8232160,0,978292,0,965112,0,5636428,0,5459558,4271,2934,12762,7518644,6465419,12332,44,257
1786396961944,12368896,8620400,8755760,1154864,8232160,0,978292,0,965112,0,5636428,0,5459558,4271,2934,12762,7518644,6465419,12332,44,257
1786396962454,12368896,8620400,8755760,1154864,8232160,0,978292,0,965112,0,5636428,0,5459558,4271,2934,12762,7518644,6465419,12332,44,257
1786396962961,12368896,8620400,8755760,1154864,8232160,0,978292,0,965112,0,5636428,0,5459558,4271,2934,12762,7518644,6465419,12332,44,257
1786396963472,12368896,8620400,8755760,1154864,8232160,0,978292,0,965112,0,5636428,0,5459558,4271,2934,12762,7518644,6465419,12332,44,257
1786396963982,12368896,8620400,8755760,1154864,8232160,0,978292,0,965112,0,5636428,0,5459558,4271,2934,12762,7518644,6465419,12332,44,257
1786396964492,12368896,8619440,8754800,1154864,8232512,0,978292,0,965112,0,5636428,0,5459558,4272,2935,12762,7518644,6465419,12332,44,257
1786396965004,12368896,8619440,8754800,1154864,8232512,0,978292,0,965112,0,5636428,0,5459558,4272,2935,12762,7518644,6465419,12332,44,257
1786396965507,12368896,8618720,8754080,1154864,8232512,0,978292,0,965112,0,5636428,0,5459558,4272,2935,12762,7518644,6465419,12332,44,257
1786396966018,12368896,8618720,8754080,1154864,8232512,0,978292,0,965112,0,5636428,0,5459558,4272,2935,12762,7518644,6465419,12332,44,257
1786396966528,12368896,8619504,8754864,1154864,8232512,0,978292,0,965112,0,5636428,0,5459558,4272,2935,12762,7518644,6465419,12332,44,257
1786396967032,12368896,8619504,8754864,1154864,8232512,0,978292,0,965112,0,5636428,0,5459558,4272,2935,12762,7518644,6465419,12332,44,257
1786396967535,12368896,8619504,8754864,1154864,8232512,0,978292,0,965112,0,5636428,0,5459558,4272,2935,12762,7518644,6465419,12332,44,257
1786396968044,12368896,8618720,8754080,1154864,8232512,0,978292,0,965112,0,5636428,0,5459558,4272,2935,12762,7518644,6465419,12332,44,257
1786396968547,12368896,8618816,8754176,1154864,8232512,0,978292,0,965112,0,5636428,0,5459558,4272,2935,12762,7518644,6465419,12332,44,257
1786396969059,12368896,8618576,8753936,1154864,8232512,0,978292,0,965112,0,5636428,0,5459558,4272,2935,12762,7518644,6465419,12332,44,257
1786396969564,12368896,8618576,8753936,1154864,8232512,0,978292,0,965112,0,5636428,0,5459558,4272,2935,12762,7518644,6465419,12332,44,257
1786396970069,12368896,8618576,8753936,1154864,8232512,0,978292,0,965112,0,5636428,0,5459558,4272,2935,12762,7518644,6465419,12332,44,257
1786396970580,12368896,8618576,8753936,1154864,8232512,0,978292,0,965112,0,5636428,0,5459558,4272,2935,12762,7518644,6465419,12332,44,257
1786396971089,12368896,8619040,8754400,1154864,8232512,0,978292,0,965112,0,5636428,0,5459558,4272,2935,12762,7518644,6465419,12332,44,257
1786396971590,12368896,8619040,8754400,1154864,8232512,0,978292,0,965112,0,5636428,0,5459558,4272,2935,12762,7518644,6465419,12332,44,257
1786396972094,12368896,8619040,8754400,1154864,8232512,0,978292,0,965112,0,5636428,0,5459558,4272,2935,12762,7518644,6465419,12332,44,257
1786396972598,12368896,8619040,8754400,1154864,8232512,0,978292,0,965112,0,5636428,0,5459558,4272,2935,12762,7518644,6465419,12332,44,257
1786396973100,12368896,8618560,8753920,1154864,8232512,0,978292,0,965112,0,5636428,0,5459558,4272,2935,12762,7518644,6465419,12332,44,257
1786396973604,12368896,8618320,8753680,1154864,8232512,0,978292,0,965112,0,5636428,0,5459558,4272,2935,12762,7518644,6465419,12332,44,257
1786396974116,12368896,8618320,8753680,1154864,8232512,0,978292,0,965112,0,5636428,0,5459558,4272,2935,12762,7518644,6465419,12332,44,257
1786396974627,12368896,8618688,8754048,1154864,8232512,0,978292,0,965112,0,5636428,0,5459558,4272,2935,12762,7518644,6465419,12332,44,257
1786396975130,12368896,8618688,8754048,1154864,8232512,0,978292,0,965112,0,5636428,0,5459558,4272,2935,12762,7518644,6465419,12332,44,257
1786396975633,12368896,8618208,8753568,1154864,8232512,0,978292,0,965112,0,5636428,0,5459558,4272,2935,12762,7518644,6465419,12332,44,257
1786396976135,12368896,8618208,8753568,1154864,8232512,0,978292,0,965112,0,5636428,0,5459558,4272,2935,12762,7518644,6465419,12332,44,257
1786396976642,12368896,8618208,8753568,1154864,8232512,0,978292,0,965112,0,5636428,0,5459558,4272,2935,12762,7518644,6465419,12332,44,257
1786396977154,12368896,8618672,8754032,1154864,8232512,0,978292,0,965112,0,5636428,0,5459558,4272,2935,12762,7518644,6465419,12332,44,257
1786396977658,12368896,8618672,8754032,1154864,8232512,0,978292,0,965112,0,5636428,0,5459558,4272,2935,12762,7518644,6465419,12332,44,257
1786396978171,12368896,8618672,8754032,1154864,8232512,0,978292,0,965112,0,5636428,0,5459558,4272,2935,12762,7518644,6465419,12332,44,257
1786396978675,12368896,8618192,8753552,1154864,8232512,0,978292,0,965112,0,5636428,0,5459558,4272,2935,12762,7518644,6465419,12332,44,257
1786396979186,12368896,8617712,8753072,1154864,8232512,0,978292,0,965112,0,5636428,0,5459558,4272,2935,12762,7518644,6465419,12332,44,257
1786396979697,12368896,8618384,8753744,1154864,8232512,0,978292,0,965112,0,5636428,0,5459558,4272,2935,12762,7518644,6465419,12332,44,257
1786396980199,12368896,8618384,8753744,1154864,8232512,0,978292,0,965112,0,5636428,0,5459558,4272,2935,12762,7518644,6465419,12332,44,257
1786396980700,12368896,8618384,8753744,1154864,8232512,0,978292,0,965112,0,5636428,0,5459558,4272,2935,12762,7518644,6465419,12332,44,257
1786396981213,12368896,8618384,8753744,1154864,8232512,0,978292,0,965112,0,5636428,0,5459558,4272,2935,12762,7518644,6465419,12332,44,257
1786396981725,12368896,8618384,8753744,1154864,8232512,0,978292,0,965112,0,5636428,0,5459558,4272,2935,12762,7518644,6465419,12332,44,257
1786396982229,12368896,8618416,8753776,1154864,8232512,0,978292,0,965112,0,5636428,0,5459558,4272,2935,12762,7518644,6465419,12332,44,257
1786396982735,12368896,8618176,8753536,1154864,8232512,0,978292,0,965112,0,5636428,0,5459558,4272,2935,12762,7518644,6465419,12332,44,257
1786396983241,12368896,8618176,8753536,1154864,8232512,0,978292,0,965112,0,5636428,0,5459558,4272,2935,12762,7518644,6465419,12332,44,257
1786396983753,12368896,8618176,8753536,1154864,8232512,0,978292,0,965112,0,5636428,0,5459558,4272,2935,12762,7518644,6465419,12332,44,257
1786396984254,12368896,8618176,8753536,1154864,8232512,0,978292,0,965112,0,5636428,0,5459558,4272,2935,12762,7518644,6465419,12332,44,257
1786396984759,12368896,8618160,8753520,1154864,8232512,0,978292,0,965112,0,5636428,0,5459558,4272,2935,12762,7518644,6465419,12332,44,257
1786396985270,12368896,8618160,8753520,1154864,8232512,0,978292,0,965112,0,5636428,0,5459558,4272,2935,12762,7518644,6465419,12332,44,257
1786396985776,12368896,8618160,8753520,1154864,8232512,0,978292,0,965112,0,5636428,0,5459558,4272,2935,12762,7518644,6465419,12332,44,257
1786396986288,12368896,8618560,8753920,1154864,8232512,0,978292,0,965112,0,5636428,0,5459558,4272,2935,12762,7518644,6465419,12332,44,257
1786396986792,12368896,8618560,8753920,1154864,8232512,0,978292,0,965112,0,5636428,0,5459558,4272,2935,12762,7518644,6465419,12332,44,257
1786396987304,12368896,8618448,8753808,1154864,8232512,0,978292,0,965112,0,5636428,0,5459558,4272,2935,12762,7518644,6465419,12332,44,257
1786396987816,12368896,8618448,8753808,1154864,8232512,0,978292,0,965112,0,5636428,0,5459558,4272,2935,12762,7518644,6465419,12332,44,257
1786396988328,12368896,8618208,8753568,1154864,8232512,0,978292,0,965112,0,5636428,0,5459558,4272,2935,12762,7518644,6465419,12332,44,257
1786396988836,12368896,8618208,8753568,1154864,8232512,0,978292,0,965112,0,5636428,0,5459558,4272,2935,12762,7518644,6465419,12332,44,257
1786396989348,12368896,8618800,8754160,1154864,8232512,0,978292,0,965112,0,5636428,0,5459558,4272,2935,12762,7518644,6465419,12332,44,257
1786396989856,12368896,8618560,8753920,1154864,8232512,0,978292,0,965112,0,5636428,0,5459558,4272,2935,12762,7518644,6465419,12332,44,257
1786396990368,12368896,8618560,8753920,1154864,8232512,0,978292,0,965112,0,5636428,0,5459558,4272,2935,12762,7518644,6465419,12332,44,257
1786396990880,12368896,8618560,8753920,1154864,8232512,0,978292,0,965112,0,5636428,0,5459558,4272,2935,12762,7518644,6465419,12332,44,257
1786396991390,12368896,8618320,8753680,1154864,8232512,0,978292,0,965112,0,5636428,0,5459558,4272,2935,12762,7518644,6465419,12332,44,257
1786396991902,12368896,8618080,8753440,1154864,8232512,0,978292,0,965112,0,5636428,0,5459558,4272,2935,12762,7518644,6465419,12332,44,257
1786396992412,12368896,8618080,8753440,1154864,8232512,0,978292,0,965112,0,5636428,0,5459558,4272,2935,12762,7518644,6465419,12332,44,257
1786396992924,12368896,8618080,8753440,1154864,8232512,0,978292,0,965112,0,5636428,0,5459558,4272,2935,12762,7518644,6465419,12332,44,257
1786396993433,12368896,8618256,8753616,1154864,8232512,0,978292,0,965112,0,5636428,0,5459558,4272,2935,12762,7518644,6465419,12332,44,257
1786396993936,12368896,8618256,8753616,1154864,8232512,0,978292,0,965112,0,5636428,0,5459558,4272,2935,12762,7518644,6465419,12332,44,257
1786396994437,12368896,8617952,8753312,1154864,8232512,0,978292,0,965112,0,5636428,0,5459558,4272,2935,12762,7518644,6465419,12332,44,257
1786396994948,12368896,8617952,8753312,1154864,8232512,0,978292,0,965112,0,5636428,0,5459558,4272,2935,12762,7518644,6465419,12332,44,257
1786396995452,12368896,8617952,8753312,1154864,8232512,0,978292,0,965112,0,5636428,0,5459558,4272,2935,12762,7518644,6465419,12332,44,257
1786396995955,12368896,8617952,8753312,1154864,8232512,0,978292,0,965112,0,5636428,0,5459558,4272,2935,12762,7518644,6465419,12332,44,257
1786396996458,12368896,8617712,8753072,1154864,8232512,0,978292,0,965112,0,5636428,0,5459558,4272,2935,12762,7518644,6465419,12332,44,257
1786396996961,12368896,8617712,8753072,1154864,8232512,0,978292,0,965112,0,5636428,0,5459558,4272,2935,12762,7518644,6465419,12332,44,257
1786396997462,12368896,8617472,8752832,1154880,8232512,0,978292,0,965112,0,5636428,0,5459558,4272,2935,12762,7518644,6465419,12332,44,257
1786396997973,12368896,8617888,8753248,1154880,8232512,0,978292,0,965112,0,5636428,0,5459558,4272,2935,12762,7518644,6465419,12332,44,257
1786396998476,12368896,8617888,8753248,1154880,8232512,0,978292,0,965112,0,5636428,0,5459558,4272,2935,12762,7518644,6465419,12332,44,257
1786396998987,12368896,8617648,8753008,1154880,8232512,0,978292,0,965112,0,5636428,0,5459558,4272,2935,12762,7518644,6465419,12332,44,257
1786396999490,12368896,8617648,8753008,1154880,8232512,0,978292,0,965112,0,5636428,0,5459558,4272,2935,12762,7518644,6465419,12332,44,257
1786397000002,12368896,8618224,8753584,1154880,8232512,0,978292,0,965112,0,5636428,0,5459558,4272,2935,12762,7518644,6465419,12332,44,257
1786397000507,12368896,8618224,8753584,1154880,8232512,0,978292,0,965112,0,5636428,0,5459558,4272,2935,12762,7518644,6465419,12332,44,257
1786397001011,12368896,8618224,8753584,1154880,8232512,0,978292,0,965112,0,5636428,0,5459558,4272,2935,12762,7518644,6465419,12332,44,257
1786397001514,12368896,8618224,8753584,1154880,8232512,0,978292,0,965112,0,5636428,0,5459558,4272,2935,12762,7518644,6465419,12332,44,257
1786397002016,12368896,8618224,8753584,1154880,8232512,0,978292,0,965112,0,5636428,0,5459558,4272,2935,12762,7518644,6465419,12332,44,257
1786397002527,12368896,8618224,8753584,1154880,8232512,0,978292,0,965112,0,5636428,0,5459558,4272,2935,12762,7518644,6465419,12332,44,257
1786397003037,12368896,8618224,8753584,1154880,8232512,0,978292,0,965112,0,5636428,0,5459558,4272,2935,12762,7518644,6465419,12332,44,257
1786397003541,12368896,8618224,8753584,1154880,8232512,0,978292,0,965112,0,5636428,0,5459558,4272,2935,12762,7518644,6465419,12332,44,257
1786397004053,12368896,8618224,8753584,1154880,8232512,0,978292,0,965112,0,5636428,0,5459558,4272,2935,12762,7518644,6465419,12332,44,257
1786397004556,12368896,8617984,8753344,1154880,8232512,0,978292,0,965112,0,5636428,0,5459558,4272,2935,12762,7518644,6465419,12332,44,257
1786397005060,12368896,8617984,8753344,1154880,8232512,0,978292,0,965112,0,5636428,0,5459558,4272,2935,12762,7518644,6465419,12332,44,257
1786397005565,12368896,8617984,8753344,1154880,8232512,0,978292,0,965112,0,5636428,0,5459558,4272,2935,12762,7518644,6465419,12332,44,257
1786397006072,12368896,8618304,8753664,1154880,8232512,0,978292,0,965112,0,5636428,0,5459558,4272,2935,12762,7518644,6465419,12332,44,257
1786397006578,12368896,8618304,8753664,1154880,8232512,0,978292,0,965112,0,5636428,0,5459558,4272,2935,12762,7518644,6465419,12332,44,257
1786397007090,12368896,8617584,8752944,1154880,8232512,0,978292,0,965112,0,5636428,0,5459558,4272,2935,12762,7518644,6465419,12332,44,257
1786397007600,12368896,8617584,8752944,1154880,8232512,0,978292,0,965112,0,5636428,0,5459558,4272,2935,12762,7518644,6465419,12332,44,257
1786397008109,12368896,8617584,8752944,1154880,8232512,0,978292,0,965112,0,5636428,0,5459558,4272,2935,12762,7518644,6465419,12332,44,257
1786397008616,12368896,8617936,8753296,1154880,8232512,0,978292,0,965112,0,5636428,0,5459558,4272,2935,12762,7518644,6465419,12332,44,257
1786397009126,12368896,8617936,8753296,1154880,8232512,0,978292,0,965112,0,5636428,0,5459558,4272,2935,12762,7518644,6465419,12332,44,257
1786397009636,12368896,8617696,8753056,1154880,8232512,0,978292,0,965112,0,5636428,0,5459558,4272,2935,12762,7518644,6465419,12332,44,257
1786397010137,12368896,8617696,8753056,1154880,8232512,0,978292,0,965112,0,5636428,0,5459558,4272,2935,12762,7518644,6465419,12332,44,257
1786397010647,12368896,8617696,8753056,1154880,8232512,0,978292,0,965112,0,5636428,0,5459558,4272,2935,12762,7518644,6465419,12332,44,257
1786397011158,12368896,8617696,8753056,1154880,8232512,0,978292,0,965112,0,5636428,0,5459558,4272,2935,12762,7518644,6465419,12332,44,257
1786397011662,12368896,8617696,8753056,1154880,8232512,0,978292,0,965112,0,5636428,0,5459558,4272,2935,12762,7518644,6465419,12332,44,257
1786397012166,12368896,8617696,8753056,1154880,8232512,0,978292,0,965112,0,5636428,0,5459558,4272,2935,12762,7518644,6465419,12332,44,257
1786397012678,12368896,8617456,8752816,1154880,8232512,0,978292,0,965112,0,5636428,0,5459558,4272,2935,12762,7518644,6465419,12332,44,257
1786397013181,12368896,8617456,8752816,1154880,8232512,0,978292,0,965112,0,5636428,0,5459558,4272,2935,12762,7518644,6465419,12332,44,257
1786397013688,12368896,8617840,8753200,1154880,8232512,0,978292,0,965112,0,5636428,0,5459558,4272,2935,12762,7518644,6465419,12332,44,257
1786397014195,12368896,8617840,8753200,1154880,8232512,0,978292,0,965112,0,5636428,0,5459558,4272,2935,12762,7518644,6465419,12332,44,257
1786397014705,12368896,8617600,8752944,1154880,8232512,0,978292,0,965112,0,5636428,0,5459558,4272,2935,12762,7518644,6465419,12332,44,257
1786397015206,12368896,8617600,8752944,1154880,8232512,0,978292,0,965112,0,5636428,0,5459558,4272,2935,12762,7518644,6465419,12332,44,257
1786397015715,12368896,8618080,8753424,1154880,8232512,0,978292,0,965112,0,5636428,0,5459558,4272,2935,12762,7518644,6465419,12332,44,257
1786397016228,12368896,8618080,8753424,1154880,8232512,0,978292,0,965112,0,5636428,0,5459558,4272,2935,12762,7518644,6465419,12332,44,257
1786397016738,12368896,8618080,8753424,1154880,8232512,0,978292,0,965112,0,5636428,0,5459558,4272,2935,12762,7518644,6465419,12332,44,257
1786397017249,12368896,8618256,8753616,1154880,8232512,0,978292,0,965112,0,5636428,0,5459558,4272,2935,12762,7518644,6465419,12332,44,257
1786397017755,12368896,8618256,8753616,1154880,8232512,0,978292,0,965112,0,5636428,0,5459558,4272,2935,12762,7518644,6465419,12332,44,257
1786397018259,12368896,8618256,8753616,1154880,8232512,0,978292,0,965112,0,5636428,0,5459558,4272,2935,12762,7518644,6465419,12332,44,257
1786397018769,12368896,8618256,8753616,1154880,8232512,0,978292,0,965112,0,5636428,0,5459558,4272,2935,12762,7518644,6465419,12332,44,257
1786397019272,12368896,8618256,8753616,1154880,8232512,0,978292,0,965112,0,5636428,0,5459558,4272,2935,12762,7518644,6465419,12332,44,257
1786397019782,12368896,8618256,8753616,1154880,8232512,0,978292,0,965112,0,5636428,0,5459558,4272,2935,12762,7518644,6465419,12332,44,257
1786397020293,12368896,8618256,8753616,1154880,8232512,0,978292,0,965112,0,5636428,0,5459558,4272,2935,12762,7518644,6465419,12332,44,257
1786397020802,12368896,8618256,8753616,1154880,8232512,0,978292,0,965112,0,5636428,0,5459558,4272,2935,12762,7518644,6465419,12332,44,257
1786397021310,12368896,8618256,8753616,1154880,8232512,0,978292,0,965112,0,5636428,0,5459558,4272,2935,12762,7518644,6465419,12332,44,257
1786397021812,12368896,8618256,8753616,1154880,8232512,0,978292,0,965112,0,5636428,0,5459558,4272,2935,12762,7518644,6465419,12332,44,257
1786397022322,12368896,8618256,8753616,1154880,8232512,0,978292,0,965112,0,5636428,0,5459558,4272,2935,12762,7518644,6465419,12332,44,257
1786397022823,12368896,8618256,8753616,1154880,8232512,0,978292,0,965112,0,5636428,0,5459558,4272,2935,12762,7518644,6465419,12332,44,257
1786397023333,12368896,8618256,8753616,1154880,8232512,0,978292,0,965112,0,5636428,0,5459558,4272,2935,12762,7518644,6465419,12332,44,257
1786397023837,12368896,8618256,8753616,1154880,8232512,0,978292,0,965112,0,5636428,0,5459558,4272,2935,12762,7518644,6465419,12332,44,257
1786397024344,12368896,8618256,8753616,1154880,8232512,0,978292,0,965112,0,5636428,0,5459558,4272,2935,12762,7518644,6465419,12332,44,257
1786397024850,12368896,8618256,8753616,1154880,8232512,0,978292,0,965112,0,5636428,0,5459558,4272,2935,12762,7518644,6465419,12332,44,257
1786397025361,12368896,8618256,8753616,1154880,8232512,0,978292,0,965112,0,5636428,0,5459558,4272,2935,12762,7518644,6465419,12332,44,257
1786397025866,12368896,8618256,8753616,1154880,8232512,0,978292,0,965112,0,5636428,0,5459558,4272,2935,12762,7518644,6465419,12332,44,257
1786397026375,12368896,8618256,8753616,1154880,8232512,0,978292,0,965112,0,5636428,0,5459558,4272,2935,12762,7518644,6465419,12332,44,257
1786397026878,12368896,8618256,8753616,1154880,8232512,0,978292,0,965112,0,5636428,0,5459558,4272,2935,12762,7518644,6465419,12332,44,257
1786397027390,12368896,8618256,8753616,1154880,8232512,0,978292,0,965112,0,5636428,0,5459558,4272,2935,12762,7518644,6465419,12332,44,257
1786397027895,12368896,8618256,8753616,1154880,8232512,0,978292,0,965112,0,5636428,0,5459558,4272,2935,12762,7518644,6465419,12332,44,257
1786397028406,12368896,8618256,8753616,1154880,8232512,0,978292,0,965112,0,5636428,0,5459558,4272,2935,12762,7518644,6465419,12332,44,257
1786397028914,12368896,8618256,8753616,1154880,8232512,0,978292,0,965112,0,5636428,0,5459558,4272,2935,12762,7518644,6465419,12332,44,257
1786397029422,12368896,8618256,8753616,1154880,8232512,0,978292,0,965112,0,5636428,0,5459558,4272,2935,12762,7518644,6465419,12332,44,257
1786397029927,12368896,8618256,8753616,1154880,8232512,0,978292,0,965112,0,5636428,0,5459558,4272,2935,12762,7518644,6465419,12332,44,257
1786397030432,12368896,8618256,8753616,1154880,8232512,0,978292,0,965112,0,5636428,0,5459558,4272,2935,12762,7518644,6465419,12332,44,257
1786397030944,12368896,8618256,8753616,1154880,8232512,0,978292,0,965112,0,5636428,0,5459558,4272,2935,12762,7518644,6465419,12332,44,257
1786397031448,12368896,8618256,8753616,1154880,8232512,0,978292,0,965112,0,5636428,0,5459558,4272,2935,12762,7518644,6465419,12332,44,257
1786397031957,12368896,8618256,8753616,1154880,8232512,0,978292,0,965112,0,5636428,0,5459558,4272,2935,12762,7518644,6465419,12332,44,257
1786397032467,12368896,8618256,8753616,1154880,8232512,0,978292,0,965112,0,5636428,0,5459558,4272,2935,12762,7518644,6465419,12332,44,257
1786397032979,12368896,8618016,8753376,1154880,8232512,0,978292,0,965112,0,5636428,0,5459558,4272,2935,12762,7518644,6465419,12332,44,257
1786397033480,12368896,8618016,8753376,1154880,8232512,0,978292,0,965112,0,5636428,0,5459558,4272,2935,12762,7518644,6465419,12332,44,257
1786397033989,12368896,8618016,8753376,1154880,8232512,0,978292,0,965112,0,5636428,0,5459558,4272,2935,12762,7518644,6465419,12332,44,257
1786397034500,12368896,8618016,8753376,1154880,8232512,0,978292,0,965112,0,5636428,0,5459558,4272,2935,12762,7518644,6465419,12332,44,257
1786397035009,12368896,8618016,8753376,1154880,8232512,0,978292,0,965112,0,5636428,0,5459558,4272,2935,12762,7518644,6465419,12332,44,257
1786397035518,12368896,8618016,8753376,1154880,8232512,0,978292,0,965112,0,5636428,0,5459558,4272,2935,12762,7518644,6465419,12332,44,257
1786397036027,12368896,8618016,8753376,1154880,8232512,0,978292,0,965112,0,5636428,0,5459558,4272,2935,12762,7518644,6465419,12332,44,257
1786397036539,12368896,8618016,8753376,1154880,8232512,0,978292,0,965112,0,5636428,0,5459558,4272,2935,12762,7518644,6465419,12332,44,257
1786397037044,12368896,8618016,8753376,1154880,8232512,0,978292,0,965112,0,5636428,0,5459558,4272,2935,12762,7518644,6465419,12332,44,257
1786397037549,12368896,8618016,8753376,1154880,8232512,0,978292,0,965112,0,5636428,0,5459558,4272,2935,12762,7518644,6465419,12332,44,257
1786397038055,12368896,8618016,8753376,1154880,8232512,0,978292,0,965112,0,5636428,0,5459558,4272,2935,12762,7518644,6465419,12332,44,257
1786397038560,12368896,8617776,8753136,1154880,8232512,0,978292,0,965112,0,5636428,0,5459558,4272,2935,12762,7518644,6465419,12332,44,257
1786397039066,12368896,8617776,8753136,1154880,8232512,0,978292,0,965112,0,5636428,0,5459558,4272,2935,12762,7518644,6465419,12332,44,257
1786397039572,12368896,8617776,8753136,1154880,8232512,0,978292,0,965112,0,5636428,0,5459558,4272,2935,12762,7518644,6465419,12332,44,257
1786397040076,12368896,8617776,8753136,1154880,8232512,0,978292,0,965112,0,5636428,0,5459558,4272,2935,12762,7518644,6465419,12332,44,257
1786397040586,12368896,8617776,8753136,1154880,8232512,0,978292,0,965112,0,5636428,0,5459558,4272,2935,12762,7518644,6465419,12332,44,257
1786397041093,12368896,8617776,8753136,1154880,8232512,0,978292,0,965112,0,5636428,0,5459558,4272,2935,12762,7518644,6465419,12332,44,257
1786397041601,12368896,8617776,8753136,1154880,8232512,0,978292,0,965112,0,5636428,0,5459558,4272,2935,12762,7518644,6465419,12332,44,257
1786397042105,12368896,8617536,8752896,1154880,8232512,0,978292,0,965112,0,5636428,0,5459558,4272,2935,12762,7518644,6465419,12332,44,257
1786397042616,12368896,8617536,8752896,1154880,8232512,0,978292,0,965112,0,5636428,0,5459558,4272,2935,12762,7518644,6465419,12332,44,257
1786397043119,12368896,8617536,8752896,1154880,8232512,0,978292,0,965112,0,5636428,0,5459558,4272,2935,12762,7518644,6465419,12332,44,257
1786397043631,12368896,8617536,8752896,1154880,8232512,0,978292,0,965112,0,5636428,0,5459558,4272,2935,12762,7518644,6465419,12332,44,257
1786397044140,12368896,8617536,8752896,1154880,8232512,0,978292,0,965112,0,5636428,0,5459558,4272,2935,12762,7518644,6465419,12332,44,257
1786397044653,12368896,8617536,8752896,1154880,8232512,0,978292,0,965112,0,5636428,0,5459558,4272,2935,12762,7518644,6465419,12332,44,257
1786397045162,12368896,8617536,8752896,1154880,8232512,0,978292,0,965112,0,5636428,0,5459558,4272,2935,12762,7518644,6465419,12332,44,257
1786397045673,12368896,8617536,8752896,1154880,8232512,0,978292,0,965112,0,5636428,0,5459558,4272,2935,12762,7518644,6465419,12332,44,257
1786397046182,12368896,8617536,8752896,1154880,8232512,0,978292,0,965112,0,5636428,0,5459558,4272,2935,12762,7518644,6465419,12332,44,257
1786397046687,12368896,8617296,8752656,1154880,8232512,0,978292,0,965112,0,5636428,0,5459558,4272,2935,12762,7518644,6465419,12332,44,257
1786397047188,12368896,8617296,8752656,1154880,8232512,0,978292,0,965112,0,5636428,0,5459558,4272,2935,12762,7518644,6465419,12332,44,257
1786397047692,12368896,8617296,8752656,1154880,8232512,0,978292,0,965112,0,5636428,0,5459558,4272,2935,12762,7518644,6465419,12332,44,257
1786397048197,12368896,8617616,8752976,1154880,8232512,0,978292,0,965112,0,5636428,0,5459558,4272,2935,12762,7518644,6465419,12332,44,257
1786397048705,12368896,8617616,8752976,1154880,8232512,0,978292,0,965112,0,5636428,0,5459558,4272,2935,12762,7518644,6465419,12332,44,257
1786397049208,12368896,8617616,8752976,1154880,8232512,0,978292,0,965112,0,5636428,0,5459558,4272,2935,12762,7518644,6465419,12332,44,257
1786397049727,12368896,8617616,8752976,1154880,8232512,0,978292,0,965112,0,5636428,0,5459558,4272,2935,12762,7518644,6465419,12332,44,257
1786397050235,12368896,8617616,8752976,1154880,8232512,0,978292,0,965112,0,5636428,0,5459558,4272,2935,12762,7518644,6465419,12332,44,257
1786397050744,12368896,8618016,8753376,1154880,8232512,0,978292,0,965112,0,5636428,0,5459558,4272,2935,12762,7518644,6465419,12332,44,257
1786397051249,12368896,8618016,8753376,1154880,8232512,0,978292,0,965112,0,5636428,0,5459558,4272,2935,12762,7518644,6465419,12332,44,257
1786397051753,12368896,8618016,8753376,1154880,8232512,0,978292,0,965112,0,5636428,0,5459558,4272,2935,12762,7518644,6465419,12332,44,257
1786397052262,12368896,8618016,8753376,1154880,8232512,0,978292,0,965112,0,5636428,0,5459558,4272,2935,12762,7518644,6465419,12332,44,257
1786397052774,12368896,8618528,8753888,1154880,8232512,0,978292,0,965112,0,5636428,0,5459558,4272,2935,12762,7518644,6465419,12332,44,257
1786397053280,12368896,8618528,8753888,1154880,8232512,0,978292,0,965112,0,5636428,0,5459558,4272,2935,12762,7518644,6465419,12332,44,257
1786397053792,12368896,8618528,8753888,1154880,8232512,0,978292,0,965112,0,5636428,0,5459558,4272,2935,12762,7518644,6465419,12332,44,257
1786397054293,12368896,8618528,8753888,1154880,8232512,0,978292,0,965112,0,5636428,0,5459558,4272,2935,12762,7518644,6465419,12332,44,257
1786397054795,12368896,8618528,8753888,1154880,8232512,0,978292,0,965112,0,5636428,0,5459558,4272,2935,12762,7518644,6465419,12332,44,257
1786397055299,12368896,8618528,8753888,1154880,8232512,0,978292,0,965112,0,5636428,0,5459558,4272,2935,12762,7518644,6465419,12332,44,257
1786397055805,12368896,8618528,8753888,1154880,8232512,0,978292,0,965112,0,5636428,0,5459558,4272,2935,12762,7518644,6465419,12332,44,257
1786397056308,12368896,8618528,8753888,1154880,8232512,0,978292,0,965112,0,5636428,0,5459558,4272,2935,12762,7518644,6465419,12332,44,257
1786397056815,12368896,8619008,8754368,1154880,8232512,0,978292,0,965112,0,5636428,0,5459558,4272,2935,12762,7518644,6465419,12332,44,257
1786397057327,12368896,8619008,8754368,1154880,8232512,0,978292,0,965112,0,5636428,0,5459558,4272,2935,12762,7518644,6465419,12332,44,257
1786397057839,12368896,8619008,8754368,1154896,8232512,0,978292,0,965112,0,5636428,0,5459558,4272,2935,12762,7518644,6465419,12332,44,257
1786397058351,12368896,8619008,8754368,1154896,8232512,0,978292,0,965112,0,5636428,0,5459558,4272,2935,12762,7518644,6465419,12332,44,257
1786397058861,12368896,8619008,8754368,1154896,8232512,0,978292,0,965112,0,5636428,0,5459558,4272,2935,12762,7518644,6465419,12332,44,257
1786397059371,12368896,8619008,8754368,1154896,8232512,0,978292,0,965112,0,5636428,0,5459558,4272,2935,12762,7518644,6465419,12332,44,257
1786397059877,12368896,8619008,8754368,1154896,8232512,0,978292,0,965112,0,5636428,0,5459558,4272,2935,12762,7518644,6465419,12332,44,257
1786397060389,12368896,8619008,8754368,1154896,8232512,0,978292,0,965112,0,5636428,0,5459558,4272,2935,12762,7518644,6465419,12332,44,257
1786397060901,12368896,8619008,8754368,1154896,8232512,0,978292,0,965112,0,5636428,0,5459558,4272,2935,12762,7518644,6465419,12332,44,257
1786397061408,12368896,8619008,8754368,1154896,8232512,0,978292,0,965112,0,5636428,0,5459558,4272,2935,12762,7518644,6465419,12332,44,257
1786397061911,12368896,8619008,8754368,1154896,8232512,0,978292,0,965112,0,5636428,0,5459558,4272,2935,12762,7518644,6465419,12332,44,257
1786397062419,12368896,8619008,8754368,1154896,8232512,0,978292,0,965112,0,5636428,0,5459558,4272,2935,12762,7518644,6465419,12332,44,257
1786397062930,12368896,8619008,8754368,1154896,8232512,0,978292,0,965112,0,5636428,0,5459558,4272,2935,12762,7518644,6465419,12332,44,257
1786397063433,12368896,8619008,8754368,1154896,8232512,0,978292,0,965112,0,5636428,0,5459558,4272,2935,12762,7518644,6465419,12332,44,257
1786397063936,12368896,8619008,8754368,1154896,8232512,0,978292,0,965112,0,5636428,0,5459558,4272,2935,12762,7518644,6465419,12332,44,257
1786397064442,12368896,8619008,8754368,1154896,8232512,0,978292,0,965112,0,5636428,0,5459558,4272,2935,12762,7518644,6465419,12332,44,257
1786397064952,12368896,8619008,8754368,1154896,8232512,0,978292,0,965112,0,5636428,0,5459558,4272,2935,12762,7518644,6465419,12332,44,257
1786397065464,12368896,8619008,8754368,1154896,8232512,0,978292,0,965112,0,5636428,0,5459558,4272,2935,12762,7518644,6465419,12332,44,257
1786397065968,12368896,8619008,8754368,1154896,8232512,0,978292,0,965112,0,5636428,0,5459558,4272,2935,12762,7518644,6465419,12332,44,257
1786397066472,12368896,8619008,8754368,1154896,8232512,0,978292,0,965112,0,5636428,0,5459558,4272,2935,12762,7518644,6465419,12332,44,257
1786397066983,12368896,8619008,8754368,1154896,8232512,0,978292,0,965112,0,5636428,0,5459558,4272,2935,12762,7518644,6465419,12332,44,257
1786397067488,12368896,8619008,8754368,1154896,8232512,0,978292,0,965112,0,5636428,0,5459558,4272,2935,12762,7518644,6465419,12332,44,257
1786397067989,12368896,8619008,8754368,1154896,8232512,0,978292,0,965112,0,5636428,0,5459558,4272,2935,12762,7518644,6465419,12332,44,257
1786397068492,12368896,8619008,8754368,1154896,8232512,0,978292,0,965112,0,5636428,0,5459558,4272,2935,12762,7518644,6465419,12332,44,257
1786397069004,12368896,8619008,8754368,1154896,8232512,0,978292,0,965112,0,5636428,0,5459558,4272,2935,12762,7518644,6465419,12332,44,257
1786397069513,12368896,8619008,8754368,1154896,8232512,0,978292,0,965112,0,5636428,0,5459558,4272,2935,12762,7518644,6465419,12332,44,257
1786397070024,12368896,8619008,8754368,1154896,8232512,0,978292,0,965112,0,5636428,0,5459558,4272,2935,12762,7518644,6465419,12332,44,257
1786397070536,12368896,8619008,8754368,1154896,8232512,0,978292,0,965112,0,5636428,0,5459558,4272,2935,12762,7518644,6465419,12332,44,257
1786397071042,12368896,8618624,8753984,1154896,8232512,0,978292,0,965112,0,5636428,0,5459558,4272,2935,12762,7518644,6465419,12332,44,257
1786397071552,12368896,8618624,8753984,1154896,8232512,0,978292,0,965112,0,5636428,0,5459558,4272,2935,12762,7518644,6465419,12332,44,257
1786397072056,12368896,8618624,8753984,1154896,8232512,0,978292,0,965112,0,5636428,0,5459558,4272,2935,12762,7518644,6465419,12332,44,257
1786397072560,12368896,8619264,8754624,1154896,8232512,0,978292,0,965112,0,5636428,0,5459558,4272,2935,12762,7518644,6465419,12332,44,257
1786397073066,12368896,8619264,8754624,1154896,8232512,0,978292,0,965112,0,5636428,0,5459558,4272,2935,12762,7518644,6465419,12332,44,257
1786397073570,12368896,8619264,8754624,1154896,8232512,0,978292,0,965112,0,5636428,0,5459558,4272,2935,12762,7518644,6465419,12332,44,257
1786397074083,12368896,8619264,8754624,1154896,8232512,0,978292,0,965112,0,5636428,0,5459558,4272,2935,12762,7518644,6465419,12332,44,257
1786397074595,12368896,8619264,8754624,1154896,8232512,0,978292,0,965112,0,5636428,0,5459558,4272,2935,12762,7518644,6465419,12332,44,257
1786397075099,12368896,8619264,8754624,1154896,8232512,0,978292,0,965112,0,5636428,0,5459558,4272,2935,12762,7518644,6465419,12332,44,257
1786397075601,12368896,8619024,8754384,1154896,8232512,0,978292,0,965112,0,5636428,0,5459558,4272,2935,12762,7518644,6465419,12332,44,257
1786397076106,12368896,8619024,8754384,1154896,8232512,0,978292,0,965112,0,5636428,0,5459558,4272,2935,12762,7518644,6465419,12332,44,257
1786397076613,12368896,8619024,8754384,1154896,8232512,0,978292,0,965112,0,5636428,0,5459558,4272,2935,12762,7518644,6465419,12332,44,257
1786397077119,12368896,8619024,8754384,1154896,8232512,0,978292,0,965112,0,5636428,0,5459558,4272,2935,12762,7518644,6465419,12332,44,257
1786397077621,12368896,8619024,8754384,1154896,8232512,0,978292,0,965112,0,5636428,0,5459558,4272,2935,12762,7518644,6465419,12332,44,257
1786397078133,12368896,8619024,8754384,1154896,8232512,0,978292,0,965112,0,5636428,0,5459558,4272,2935,12762,7518644,6465419,12332,44,257
1786397078636,12368896,8618736,8754096,1154896,8232512,0,978292,0,965112,0,5636428,0,5459558,4272,2935,12762,7518644,6465419,12332,44,257
1786397079139,12368896,8618496,8753856,1154896,8232512,0,978292,0,965112,0,5636428,0,5459558,4272,2935,12762,7518644,6465419,12332,44,257
1786397079645,12368896,8618496,8753856,1154896,8232512,0,978292,0,965112,0,5636428,0,5459558,4272,2935,12762,7518644,6465419,12332,44,257
1786397080146,12368896,8618496,8753856,1154896,8232512,0,978292,0,965112,0,5636428,0,5459558,4272,2935,12762,7518644,6465419,12332,44,257
1786397080656,12368896,8618736,8754096,1154896,8232512,0,978292,0,965112,0,5636428,0,5459558,4272,2935,12762,7518644,6465419,12332,44,257
1786397081161,12368896,8619216,8754576,1154896,8232512,0,978292,0,965112,0,5636428,0,5459558,4272,2935,12762,7518644,6465419,12332,44,257
1786397081673,12368896,8619216,8754576,1154896,8232512,0,978292,0,965112,0,5636428,0,5459558,4272,2935,12762,7518644,6465419,12332,44,257
1786397082177,12368896,8619216,8754576,1154896,8232512,0,978292,0,965112,0,5636428,0,5459558,4272,2935,12762,7518644,6465419,12332,44,257
1786397082681,12368896,8619216,8754576,1154896,8232512,0,978292,0,965112,0,5636428,0,5459558,4272,2935,12762,7518644,6465419,12332,44,257
1786397083193,12368896,8619216,8754576,1154896,8232512,0,978292,0,965112,0,5636428,0,5459558,4272,2935,12762,7518644,6465419,12332,44,257
1786397083697,12368896,8618976,8754336,1154896,8232512,0,978292,0,965112,0,5636428,0,5459558,4272,2935,12762,7518644,6465419,12332,44,257
1786397084202,12368896,8618976,8754336,1154896,8232512,0,978292,0,965112,0,5636428,0,5459558,4272,2935,12762,7518644,6465419,12332,44,257
1786397084707,12368896,8618976,8754336,1154896,8232512,0,978292,0,965112,0,5636428,0,5459558,4272,2935,12762,7518644,6465419,12332,44,257
1786397085212,12368896,8618976,8754336,1154896,8232512,0,978292,0,965112,0,5636428,0,5459558,4272,2935,12762,7518644,6465419,12332,44,257
1786397085716,12368896,8618976,8754336,1154896,8232512,0,978292,0,965112,0,5636428,0,5459558,4272,2935,12762,7518644,6465419,12332,44,257
1786397086221,12368896,8618976,8754336,1154896,8232512,0,978292,0,965112,0,5636428,0,5459558,4272,2935,12762,7518644,6465419,12332,44,257
1786397086727,12368896,8618976,8754336,1154896,8232512,0,978292,0,965112,0,5636428,0,5459558,4272,2935,12762,7518644,6465419,12332,44,257
1786397087229,12368896,8618976,8754336,1154896,8232512,0,978292,0,965112,0,5636428,0,5459558,4272,2935,12762,7518644,6465419,12332,44,257
1786397087731,12368896,8618976,8754336,1154896,8232512,0,978292,0,965112,0,5636428,0,5459558,4272,2935,12762,7518644,6465419,12332,44,257
1786397088233,12368896,8618976,8754336,1154896,8232512,0,978292,0,965112,0,5636428,0,5459558,4272,2935,12762,7518644,6465419,12332,44,257
1786397088738,12368896,8618976,8754336,1154896,8232512,0,978292,0,965112,0,5636428,0,5459558,4272,2935,12762,7518644,6465419,12332,44,257
1786397089249,12368896,8618976,8754336,1154896,8232512,0,978292,0,965112,0,5636428,0,5459558,4272,2935,12762,7518644,6465419,12332,44,257
1786397089752,12368896,8618256,8753616,1154896,8232512,0,978292,0,965112,0,5636428,0,5459558,4272,2935,12762,7518644,6465419,12332,44,257
1786397090263,12368896,8618256,8753616,1154896,8232512,0,978292,0,965112,0,5636428,0,5459558,4272,2935,12762,7518644,6465419,12332,44,257
1786397090766,12368896,8618512,8753872,1154896,8232512,0,978292,0,965112,0,5636428,0,5459558,4272,2935,12762,7518644,6465419,12332,44,257
1786397091267,12368896,8618512,8753872,1154896,8232512,0,978292,0,965112,0,5636428,0,5459558,4272,2935,12762,7518644,6465419,12332,44,257
1786397091769,12368896,8618512,8753872,1154896,8232512,0,978292,0,965112,0,5636428,0,5459558,4272,2935,12762,7518644,6465419,12332,44,257
1786397092276,12368896,8618512,8753872,1154896,8232512,0,978292,0,965112,0,5636428,0,5459558,4272,2935,12762,7518644,6465419,12332,44,257
1786397092784,12368896,8618512,8753872,1154896,8232512,0,978292,0,965112,0,5636428,0,5459558,4272,2935,12762,7518644,6465419,12332,44,257
1786397093289,12368896,8618512,8753872,1154896,8232512,0,978292,0,965112,0,5636428,0,5459558,4272,2935,12762,7518644,6465419,12332,44,257
1786397093800,12368896,8618512,8753872,1154896,8232512,0,978292,0,965112,0,5636428,0,5459558,4272,2935,12762,7518644,6465419,12332,44,257
1786397094312,12368896,8618512,8753872,1154896,8232512,0,978292,0,965112,0,5636428,0,5459558,4272,2935,12762,7518644,6465419,12332,44,257
1786397094816,12368896,8618512,8753872,1154896,8232512,0,978292,0,965112,0,5636428,0,5459558,4272,2935,12762,7518644,6465419,12332,44,257
1786397095326,12368896,8618720,8754080,1154896,8232512,0,978292,0,965112,0,5636428,0,5459558,4272,2935,12762,7518644,6465419,12332,44,257
1786397095837,12368896,8618720,8754080,1154896,8232512,0,978292,0,965112,0,5636428,0,5459558,4272,2935,12762,7518644,6465419,12332,44,257
1786397096347,12368896,8618624,8753984,1154896,8232512,0,978292,0,965112,0,5636428,0,5459558,4272,2935,12762,7518644,6465419,12332,44,257
1786397096851,12368896,8618624,8753984,1154896,8232512,0,978292,0,965112,0,5636428,0,5459558,4272,2935,12762,7518644,6465419,12332,44,257
1786397097361,12368896,8618384,8753744,1154896,8232512,0,978292,0,965112,0,5636428,0,5459558,4272,2935,12762,7518644,6465419,12332,44,257
1786397097869,12368896,8618384,8753744,1154896,8232512,0,978292,0,965112,0,5636428,0,5459558,4272,2935,12762,7518644,6465419,12332,44,257
1786397098370,12368896,8618576,8753936,1154896,8232512,0,978292,0,965112,0,5636428,0,5459558,4272,2935,12762,7518644,6465419,12332,44,257
1786397098881,12368896,8618576,8753936,1154896,8232512,0,978292,0,965112,0,5636428,0,5459558,4272,2935,12762,7518644,6465419,12332,44,257
1786397099390,12368896,8618576,8753936,1154896,8232512,0,978292,0,965112,0,5636428,0,5459558,4272,2935,12762,7518644,6465419,12332,44,257
1786397099892,12368896,8618576,8753936,1154896,8232512,0,978292,0,965112,0,5636428,0,5459558,4272,2935,12762,7518644,6465419,12332,44,257
1786397100402,12368896,8618416,8753776,1154896,8232512,0,978292,0,965112,0,5636428,0,5459558,4272,2935,12762,7518644,6465419,12332,44,257
1786397100916,12368896,8618576,8753936,1154896,8232512,0,978292,0,965112,0,5636428,0,5459558,4272,2935,12762,7518644,6465419,12332,44,257
1786397101419,12368896,8618576,8753936,1154896,8232512,0,978292,0,965112,0,5636428,0,5459558,4272,2935,12762,7518644,6465419,12332,44,257
1786397101923,12368896,8618576,8753936,1154896,8232512,0,978292,0,965112,0,5636428,0,5459558,4272,2935,12762,7518644,6465419,12332,44,257
1786397102432,12368896,8618576,8753936,1154896,8232512,0,978292,0,965112,0,5636428,0,5459558,4272,2935,12762,7518644,6465419,12332,44,257
1786397102934,12368896,8618576,8753936,1154896,8232512,0,978292,0,965112,0,5636428,0,5459558,4272,2935,12762,7518644,6465419,12332,44,257
1786397103437,12368896,8618576,8753936,1154896,8232512,0,978292,0,965112,0,5636428,0,5459558,4272,2935,12762,7518644,6465419,12332,44,257
1786397103945,12368896,8618416,8753776,1154896,8232512,0,978292,0,965112,0,5636428,0,5459558,4272,2935,12762,7518644,6465419,12332,44,257
1786397104448,12368896,8618176,8753536,1154896,8232512,0,978292,0,965112,0,5636428,0,5459558,4272,2935,12762,7518644,6465419,12332,44,257
1786397104960,12368896,8618176,8753536,1154896,8232512,0,978292,0,965112,0,5636428,0,5459558,4272,2935,12762,7518644,6465419,12332,44,257
1786397105466,12368896,8617936,8753296,1154896,8232512,0,978292,0,965112,0,5636428,0,5459558,4272,2935,12762,7518644,6465419,12332,44,257
1786397105975,12368896,8617936,8753296,1154896,8232512,0,978292,0,965112,0,5636428,0,5459558,4272,2935,12762,7518644,6465419,12332,44,257
1786397106486,12368896,8617696,8753056,1154896,8232512,0,978292,0,965112,0,5636428,0,5459558,4272,2935,12762,7518644,6465419,12332,44,257
1786397106988,12368896,8617696,8753056,1154896,8232512,0,978292,0,965112,0,5636428,0,5459558,4272,2935,12762,7518644,6465419,12332,44,257
1786397107489,12368896,8617696,8753056,1154896,8232512,0,978292,0,965112,0,5636428,0,5459558,4272,2935,12762,7518644,6465419,12332,44,257
1786397108000,12368896,8617696,8753056,1154896,8232512,0,978292,0,965112,0,5636428,0,5459558,4272,2935,12762,7518644,6465419,12332,44,257
1786397108512,12368896,8617696,8753056,1154896,8232512,0,978292,0,965112,0,5636428,0,5459558,4272,2935,12762,7518644,6465419,12332,44,257
1786397109015,12368896,8617696,8753056,1154896,8232512,0,978292,0,965112,0,5636428,0,5459558,4272,2935,12762,7518644,6465419,12332,44,257
1786397109524,12368896,8617824,8753184,1154896,8232512,0,978292,0,965112,0,5636428,0,5459558,4272,2935,12762,7518644,6465419,12332,44,257
1786397110036,12368896,8617952,8753312,1154896,8232512,0,978292,0,965112,0,5636428,0,5459558,4272,2935,12762,7518644,6465419,12332,44,257
1786397110540,12368896,8617952,8753312,1154896,8232512,0,978292,0,965112,0,5636428,0,5459558,4272,2935,12762,7518644,6465419,12332,44,257
1786397111041,12368896,8617712,8753072,1154896,8232512,0,978292,0,965112,0,5636428,0,5459558,4272,2935,12762,7518644,6465419,12332,44,257
1786397111544,12368896,8617712,8753072,1154896,8232512,0,978292,0,965112,0,5636428,0,5459558,4272,2935,12762,7518644,6465419,12332,44,257
1786397112050,12368896,8617712,8753072,1154896,8232512,0,978292,0,965112,0,5636428,0,5459558,4272,2935,12762,7518644,6465419,12332,44,257
1786397112560,12368896,8617712,8753072,1154896,8232512,0,978292,0,965112,0,5636428,0,5459558,4272,2935,12762,7518644,6465419,12332,44,257
1786397113072,12368896,8617712,8753072,1154896,8232512,0,978292,0,965112,0,5636428,0,5459558,4272,2935,12762,7518644,6465419,12332,44,257
1786397113584,12368896,8617712,8753072,1154896,8232512,0,978292,0,965112,0,5636428,0,5459558,4272,2935,12762,7518644,6465419,12332,44,257
1786397114086,12368896,8617712,8753072,1154896,8232512,0,978292,0,965112,0,5636428,0,5459558,4272,2935,12762,7518644,6465419,12332,44,257
1786397114592,12368896,8617712,8753072,1154896,8232512,0,978292,0,965112,0,5636428,0,5459558,4272,2935,12762,7518644,6465419,12332,44,257
1786397115102,12368896,8617712,8753072,1154896,8232512,0,978292,0,965112,0,5636428,0,5459558,4272,2935,12762,7518644,6465419,12332,44,257
1786397115605,12368896,8617712,8753072,1155584,8232624,0,978292,0,965112,0,5639844,0,5462296,4283,2942,12762,7518644,6465419,12332,44,257
1786397116116,12368896,8617712,8753760,1155584,8232624,0,978292,0,965112,0,5639844,0,5462296,4283,2942,12762,7518644,6465419,12332,44,257
1786397116620,12368896,8617712,8754144,1156032,8232624,0,978292,0,965112,0,5639844,0,5462296,4283,2942,12762,7518644,6465419,12332,44,257
1786397117132,12368896,8616992,8753488,1156032,8232624,0,978292,0,965112,0,5639844,0,5462296,4283,2942,12762,7518644,6465419,12332,44,257
1786397117641,12368896,8616992,8753488,1156032,8232624,0,978292,0,965112,0,5639844,0,5462296,4283,2942,12762,7518644,6465419,12332,44,257
1786397118153,12368896,8616992,8753488,1156032,8232624,0,978292,0,965112,0,5639844,0,5462296,4283,2942,12762,7518644,6465419,12332,44,257
1786397118657,12368896,8616752,8753248,1156048,8232624,0,978292,0,965112,0,5639844,0,5462296,4283,2942,12762,7518644,6465419,12332,44,257
1786397119169,12368896,8616752,8753248,1156048,8232624,0,978292,0,965112,0,5639844,0,5462296,4283,2942,12762,7518644,6465419,12332,44,257
1786397119679,12368896,8616752,8753248,1156048,8232624,0,978292,0,965112,0,5639844,0,5462296,4283,2942,12762,7518644,6465419,12332,44,257
1786397120181,12368896,8616752,8753248,1156048,8232624,0,978292,0,965112,0,5639844,0,5462296,4283,2942,12762,7518644,6465419,12332,44,257
1786397120689,12368896,8617408,8753904,1156048,8232624,0,978292,0,965112,0,5639844,0,5462296,4283,2942,12762,7518644,6465419,12332,44,257
1786397121196,12368896,8617408,8753904,1156048,8232624,0,978292,0,965112,0,5639844,0,5462296,4283,2942,12762,7518644,6465419,12332,44,257
1786397121708,12368896,8617408,8753904,1156048,8232624,0,978292,0,965112,0,5639844,0,5462296,4283,2942,12762,7518644,6465419,12332,44,257
1786397122213,12368896,8617408,8753904,1156048,8232624,0,978292,0,965112,0,5639844,0,5462296,4283,2942,12762,7518644,6465419,12332,44,257
1786397122725,12368896,8617408,8753904,1156048,8232624,0,978292,0,965112,0,5639844,0,5462296,4283,2942,12762,7518644,6465419,12332,44,257
1786397123233,12368896,8617408,8753904,1156048,8232624,0,978292,0,965112,0,5639844,0,5462296,4283,2942,12762,7518644,6465419,12332,44,257
1786397123744,12368896,8617408,8753904,1156048,8232624,0,978292,0,965112,0,5639844,0,5462296,4283,2942,12762,7518644,6465419,12332,44,257
1786397124250,12368896,8617408,8753904,1156048,8232624,0,978292,0,965112,0,5639844,0,5462296,4283,2942,12762,7518644,6465419,12332,44,257
1786397124753,12368896,8617408,8753904,1156048,8232624,0,978292,0,965112,0,5639844,0,5462296,4283,2942,12762,7518644,6465419,12332,44,257
1786397125256,12368896,8617408,8753904,1156048,8232624,0,978292,0,965112,0,5639844,0,5462296,4283,2942,12762,7518644,6465419,12332,44,257
1786397125767,12368896,8617408,8753904,1156048,8232624,0,978292,0,965112,0,5639844,0,5462296,4283,2942,12762,7518644,6465419,12332,44,257
1786397126279,12368896,8617408,8753904,1156048,8232624,0,978292,0,965112,0,5639844,0,5462296,4283,2942,12762,7518644,6465419,12332,44,257
1786397126788,12368896,8617408,8753904,1156048,8232624,0,978292,0,965112,0,5639844,0,5462296,4283,2942,12762,7518644,6465419,12332,44,257
1786397127299,12368896,8617408,8753904,1156048,8232624,0,978292,0,965112,0,5639844,0,5462296,4283,2942,12762,7518644,6465419,12332,44,257
1786397127803,12368896,8617408,8753904,1156048,8232624,0,978292,0,965112,0,5639844,0,5462296,4283,2942,12762,7518644,6465419,12332,44,257
1786397128305,12368896,8617408,8753904,1156048,8232624,0,978292,0,965112,0,5639844,0,5462296,4283,2942,12762,7518644,6465419,12332,44,257
1786397128806,12368896,8617408,8753904,1156048,8232624,0,978292,0,965112,0,5639844,0,5462296,4283,2942,12762,7518644,6465419,12332,44,257
1786397129309,12368896,8617408,8753904,1156048,8232624,0,978292,0,965112,0,5639844,0,5462296,4283,2942,12762,7518644,6465419,12332,44,257
1786397129821,12368896,8617168,8753664,1156048,8232624,0,978292,0,965112,0,5639844,0,5462296,4283,2942,12762,7518644,6465419,12332,44,257
1786397130329,12368896,8617168,8753664,1156048,8232624,0,978292,0,965112,0,5639844,0,5462296,4283,2942,12762,7518644,6465419,12332,44,257
1786397130842,12368896,8617168,8753664,1156048,8232624,0,978292,0,965112,0,5639844,0,5462296,4283,2942,12762,7518644,6465419,12332,44,257
1786397131350,12368896,8617664,8754160,1156048,8232624,0,978292,0,965112,0,5639844,0,5462296,4283,2942,12762,7518644,6465419,12332,44,257
1786397131857,12368896,8617664,8754160,1156048,8232624,0,978292,0,965112,0,5639844,0,5462296,4283,2942,12762,7518644,6465419,12332,44,257
1786397132360,12368896,8617424,8753920,1156048,8232624,0,978292,0,965112,0,5639844,0,5462296,4283,2942,12762,7518644,6465419,12332,44,257
1786397132870,12368896,8617424,8753920,1156048,8232624,0,978292,0,965112,0,5639844,0,5462296,4283,2942,12762,7518644,6465419,12332,44,257
1786397133371,12368896,8617360,8753856,1156048,8232624,0,978292,0,965112,0,5639844,0,5462296,4283,2942,12762,7518644,6465419,12332,44,257
1786397133875,12368896,8617360,8753856,1156048,8232624,0,978292,0,965112,0,5639844,0,5462296,4283,2942,12762,7518644,6465419,12332,44,257
1786397134388,12368896,8618016,8754512,1156048,8232624,0,978292,0,965112,0,5639844,0,5462296,4283,2942,12762,7518644,6465419,12332,44,257
1786397134890,12368896,8617776,8754272,1156048,8232624,0,978292,0,965112,0,5639844,0,5462296,4283,2942,12762,7518644,6465419,12332,44,257
1786397135394,12368896,8617776,8754272,1156048,8232624,0,978292,0,965112,0,5639844,0,5462296,4283,2942,12762,7518644,6465419,12332,44,257
1786397135904,12368896,8617776,8754272,1156048,8232624,0,978292,0,965112,0,5639844,0,5462296,4283,2942,12762,7518644,6465419,12332,44,257
1786397136414,12368896,8617776,8754272,1156048,8232624,0,978292,0,965112,0,5639844,0,5462296,4283,2942,12762,7518644,6465419,12332,44,257
1786397136925,12368896,8617776,8754272,1156048,8232624,0,978292,0,965112,0,5639844,0,5462296,4283,2942,12762,7518644,6465419,12332,44,257
1786397137430,12368896,8617632,8754128,1156048,8232624,0,978292,0,965112,0,5639844,0,5462296,4283,2942,12762,7518644,6465419,12332,44,257
1786397137933,12368896,8618288,8754784,1156048,8232624,0,978292,0,965112,0,5639844,0,5462296,4283,2942,12762,7518644,6465419,12332,44,257
1786397138446,12368896,8618288,8754784,1156048,8232624,0,978292,0,965112,0,5639844,0,5462296,4283,2942,12762,7518644,6465419,12332,44,257
1786397138955,12368896,8618048,8754544,1156048,8232624,0,978292,0,965112,0,5639844,0,5462296,4283,2942,12762,7518644,6465419,12332,44,257
1786397139457,12368896,8618048,8754544,1156048,8232624,0,978292,0,965112,0,5639844,0,5462296,4283,2942,12762,7518644,6465419,12332,44,257
1786397139969,12368896,8617568,8754064,1156048,8232624,0,978292,0,965112,0,5639844,0,5462296,4283,2942,12762,7518644,6465419,12332,44,257
1786397140476,12368896,8617568,8754064,1156048,8232624,0,978292,0,965112,0,5639844,0,5462296,4283,2942,12762,7518644,6465419,12332,44,257
1786397140986,12368896,8617568,8754064,1156048,8232624,0,978292,0,965112,0,5639844,0,5462296,4283,2942,12762,7518644,6465419,12332,44,257
1786397141491,12368896,8617328,8753824,1156048,8232624,0,978292,0,965112,0,5639844,0,5462296,4283,2942,12762,7518644,6465419,12332,44,257
1786397142000,12368896,8617328,8753824,1156048,8232624,0,978292,0,965112,0,5639844,0,5462296,4283,2942,12762,7518644,6465419,12332,44,257
1786397142504,12368896,8617088,8753584,1156048,8232624,0,978292,0,965112,0,5639844,0,5462296,4283,2942,12762,7518644,6465419,12332,44,257
1786397143010,12368896,8617088,8753584,1156048,8232624,0,978292,0,965112,0,5639844,0,5462296,4283,2942,12762,7518644,6465419,12332,44,257
1786397143512,12368896,8616848,8753344,1156048,8232624,0,978292,0,965112,0,5639844,0,5462296,4283,2942,12762,7518644,6465419,12332,44,257
1786397144025,12368896,8616848,8753344,1156048,8232624,0,978292,0,965112,0,5639844,0,5462296,4283,2942,12762,7518644,6465419,12332,44,257
1786397144526,12368896,8616608,8753104,1156048,8232624,0,978292,0,965112,0,5639844,0,5462296,4283,2942,12762,7518644,6465419,12332,44,257
1786397145037,12368896,8617168,8753664,1156048,8232624,0,978292,0,965112,0,5639844,0,5462296,4283,2942,12762,7518644,6465419,12332,44,257
1786397145541,12368896,8616928,8753424,1156048,8232624,0,978292,0,965112,0,5639844,0,5462296,4283,2942,12762,7518644,6465419,12332,44,257
1786397146048,12368896,8616688,8753184,1156048,8232624,0,978292,0,965112,0,5639844,0,5462296,4283,2942,12762,7518644,6465419,12332,44,257
1786397146558,12368896,8616688,8753184,1156048,8232624,0,978292,0,965112,0,5639844,0,5462296,4283,2942,12762,7518644,6465419,12332,44,257
1786397147066,12368896,8616688,8753184,1156048,8232624,0,978292,0,965112,0,5639844,0,5462296,4283,2942,12762,7518644,6465419,12332,44,257
1786397147572,12368896,8616688,8753184,1156048,8232624,0,978292,0,965112,0,5639844,0,5462296,4283,2942,12762,7518644,6465419,12332,44,257
1786397148083,12368896,8615968,8752464,1156048,8232624,0,978292,0,965112,0,5639844,0,5462296,4283,2942,12762,7518644,6465419,12332,44,257
1786397148585,12368896,8615968,8752464,1156048,8232624,0,978292,0,965112,0,5639844,0,5462296,4283,2942,12762,7518644,6465419,12332,44,257
1786397149089,12368896,8615728,8752224,1156048,8232624,0,978292,0,965112,0,5639844,0,5462296,4283,2942,12762,7518644,6465419,12332,44,257
1786397149594,12368896,8615728,8752224,1156048,8232624,0,978292,0,965112,0,5639844,0,5462296,4283,2942,12762,7518644,6465419,12332,44,257
1786397150098,12368896,8615728,8752224,1156048,8232624,0,978292,0,965112,0,5639844,0,5462296,4283,2942,12762,7518644,6465419,12332,44,257
1786397150601,12368896,8615728,8752224,1156048,8232624,0,978292,0,965112,0,5639844,0,5462296,4283,2942,12762,7518644,6465419,12332,44,257
1786397151112,12368896,8615728,8752224,1156048,8232624,0,978292,0,965112,0,5639844,0,5462296,4283,2942,12762,7518644,6465419,12332,44,257
1786397151624,12368896,8615728,8752224,1156048,8232624,0,978292,0,965112,0,5639844,0,5462296,4283,2942,12762,7518644,6465419,12332,44,257
1786397152134,12368896,8615728,8752224,1156048,8232624,0,978292,0,965112,0,5639844,0,5462296,4283,2942,12762,7518644,6465419,12332,44,257
1786397152646,12368896,8615872,8752368,1156048,8232624,0,978292,0,965112,0,5639844,0,5462296,4283,2942,12762,7518644,6465419,12332,44,257
1786397153156,12368896,8615872,8752368,1156048,8232624,0,978292,0,965112,0,5639844,0,5462296,4283,2942,12762,7518644,6465419,12332,44,257
1786397153659,12368896,8615872,8752368,1156048,8232624,0,978292,0,965112,0,5639844,0,5462296,4283,2942,12762,7518644,6465419,12332,44,257
1786397154170,12368896,8615872,8752368,1156048,8232624,0,978292,0,965112,0,5639844,0,5462296,4283,2942,12762,7518644,6465419,12332,44,257
1786397154672,12368896,8615872,8752368,1156048,8232624,0,978292,0,965112,0,5639844,0,5462296,4283,2942,12762,7518644,6465419,12332,44,257
1786397155185,12368896,8615872,8752368,1156048,8232624,0,978292,0,965112,0,5639844,0,5462296,4283,2942,12762,7518644,6465419,12332,44,257
1786397155687,12368896,8615392,8751888,1156048,8232624,0,978292,0,965112,0,5639844,0,5462296,4283,2942,12762,7518644,6465419,12332,44,257
1786397156199,12368896,8615152,8751648,1156048,8232624,0,978292,0,965112,0,5639844,0,5462296,4283,2942,12762,7518644,6465419,12332,44,257
1786397156704,12368896,8615152,8751648,1156048,8232624,0,978292,0,965112,0,5639844,0,5462296,4283,2942,12762,7518644,6465419,12332,44,257
1786397157206,12368896,8614912,8751408,1156048,8232624,0,978292,0,965112,0,5639844,0,5462296,4283,2942,12762,7518644,6465419,12332,44,257
1786397157714,12368896,8614912,8751408,1156048,8232624,0,978292,0,965112,0,5639844,0,5462296,4283,2942,12762,7518644,6465419,12332,44,257
1786397158220,12368896,8614912,8751408,1156048,8232624,0,978292,0,965112,0,5639844,0,5462296,4283,2942,12762,7518644,6465419,12332,44,257
1786397158722,12368896,8614912,8751408,1156048,8232624,0,978292,0,965112,0,5639844,0,5462296,4283,2942,12762,7518644,6465419,12332,44,257
1786397159234,12368896,8614912,8751408,1156048,8232624,0,978292,0,965112,0,5639844,0,5462296,4283,2942,12762,7518644,6465419,12332,44,257
1786397159746,12368896,8614432,8750928,1156048,8232624,0,978292,0,965112,0,5639844,0,5462296,4283,2942,12762,7518644,6465419,12332,44,257
1786397160249,12368896,8614432,8750928,1156048,8232624,0,978292,0,965112,0,5639844,0,5462296,4283,2942,12762,7518644,6465419,12332,44,257
1786397160754,12368896,8614432,8750928,1156048,8232624,0,978292,0,965112,0,5639844,0,5462296,4283,2942,12762,7518644,6465419,12332,44,257
1786397161255,12368896,8614432,8750928,1156048,8232624,0,978292,0,965112,0,5639844,0,5462296,4283,2942,12762,7518644,6465419,12332,44,257
1786397161761,12368896,8614192,8750688,1156048,8232624,0,978292,0,965112,0,5639844,0,5462296,4283,2942,12762,7518644,6465419,12332,44,257
1786397162265,12368896,8614192,8750688,1156048,8232624,0,978292,0,965112,0,5639844,0,5462296,4283,2942,12762,7518644,6465419,12332,44,257
1786397162774,12368896,8614192,8750688,1156048,8232624,0,978292,0,965112,0,5639844,0,5462296,4283,2942,12762,7518644,6465419,12332,44,257
1786397163279,12368896,8614192,8750688,1156048,8232624,0,978292,0,965112,0,5639844,0,5462296,4283,2942,12762,7518644,6465419,12332,44,257
1786397163781,12368896,8614192,8750688,1156048,8232624,0,978292,0,965112,0,5639844,0,5462296,4283,2942,12762,7518644,6465419,12332,44,257
1786397164283,12368896,8613952,8750448,1156048,8232624,0,978292,0,965112,0,5639844,0,5462296,4283,2942,12762,7518644,6465419,12332,44,257
1786397164794,12368896,8613952,8750448,1156048,8232624,0,978292,0,965112,0,5639844,0,5462296,4283,2942,12762,7518644,6465419,12332,44,257
1786397165295,12368896,8613712,8750208,1156048,8232624,0,978292,0,965112,0,5639844,0,5462296,4283,2942,12762,7518644,6465419,12332,44,257
1786397165801,12368896,8613712,8750208,1156048,8232624,0,978292,0,965112,0,5639844,0,5462296,4283,2942,12762,7518644,6465419,12332,44,257
1786397166304,12368896,8613712,8750208,1156048,8232624,0,978292,0,965112,0,5639844,0,5462296,4283,2942,12762,7518644,6465419,12332,44,257
1786397166807,12368896,8613712,8750208,1156048,8232624,0,978292,0,965112,0,5639844,0,5462296,4283,2942,12762,7518644,6465419,12332,44,257
1786397167317,12368896,8613904,8750400,1156048,8232624,0,978292,0,965112,0,5639844,0,5462296,4283,2942,12762,7518644,6465419,12332,44,257
1786397167820,12368896,8613904,8750400,1156048,8232624,0,978292,0,965112,0,5639844,0,5462296,4283,2942,12762,7518644,6465419,12332,44,257
1786397168322,12368896,8613904,8750400,1156048,8232624,0,978292,0,965112,0,5639844,0,5462296,4283,2942,12762,7518644,6465419,12332,44,257
1786397168833,12368896,8613904,8750400,1156048,8232624,0,978292,0,965112,0,5639844,0,5462296,4283,2942,12762,7518644,6465419,12332,44,257
1786397169340,12368896,8613904,8750400,1156048,8232624,0,978292,0,965112,0,5639844,0,5462296,4283,2942,12762,7518644,6465419,12332,44,257
1786397169842,12368896,8613664,8750160,1156048,8232624,0,978292,0,965112,0,5639844,0,5462296,4283,2942,12762,7518644,6465419,12332,44,257
1786397170350,12368896,8613664,8750160,1156048,8232624,0,978292,0,965112,0,5639844,0,5462296,4283,2942,12762,7518644,6465419,12332,44,257
1786397170853,12368896,8613664,8750160,1156048,8232624,0,978292,0,965112,0,5639844,0,5462296,4283,2942,12762,7518644,6465419,12332,44,257
1786397171358,12368896,8613664,8750160,1156048,8232624,0,978292,0,965112,0,5639844,0,5462296,4283,2942,12762,7518644,6465419,12332,44,257
1786397171864,12368896,8613664,8750160,1156048,8232624,0,978292,0,965112,0,5639844,0,5462296,4283,2942,12762,7518644,6465419,12332,44,257
1786397172374,12368896,8613664,8750160,1156048,8232624,0,978292,0,965112,0,5639844,0,5462296,4283,2942,12762,7518644,6465419,12332,44,257
1786397172885,12368896,8613664,8750160,1156048,8232624,0,978292,0,965112,0,5639844,0,5462296,4283,2942,12762,7518644,6465419,12332,44,257
1786397173394,12368896,8613424,8749920,1156048,8232624,0,978292,0,965112,0,5639844,0,5462296,4283,2942,12762,7518644,6465419,12332,44,257
1786397173900,12368896,8613424,8749920,1156048,8232624,0,978292,0,965112,0,5639844,0,5462296,4283,2942,12762,7518644,6465419,12332,44,257
1786397174411,12368896,8613424,8749920,1156048,8232624,0,978292,0,965112,0,5639844,0,5462296,4283,2942,12762,7518644,6465419,12332,44,257
1786397174915,12368896,8613424,8749920,1156048,8232624,0,978292,0,965112,0,5639844,0,5462296,4283,2942,12762,7518644,6465419,12332,44,257
1786397175426,12368896,8613424,8749920,1156048,8232624,0,978292,0,965112,0,5639844,0,5462296,4283,2942,12762,7518644,6465419,12332,44,257
1786397175928,12368896,8613424,8749920,1156048,8232624,0,978292,0,965112,0,5639844,0,5462296,4283,2942,12762,7518644,6465419,12332,44,257
1786397176433,12368896,8613424,8749920,1156048,8232624,0,978292,0,965112,0,5639844,0,5462296,4283,2942,12762,7518644,6465419,12332,44,257
1786397176936,12368896,8613424,8749920,1156048,8232624,0,978292,0,965112,0,5639844,0,5462296,4283,2942,12762,7518644,6465419,12332,44,257
1786397177440,12368896,8613424,8749920,1156048,8232624,0,978292,0,965112,0,5639844,0,5462296,4283,2942,12762,7518644,6465419,12332,44,257
1786397177951,12368896,8613424,8749920,1156048,8232624,0,978292,0,965112,0,5639844,0,5462296,4283,2942,12762,7518644,6465419,12332,44,257
1786397178460,12368896,8613424,8749920,1156064,8232624,0,978292,0,965112,0,5639844,0,5462296,4283,2942,12762,7518644,6465419,12332,44,257
1786397178972,12368896,8613184,8749680,1156064,8232624,0,978292,0,965112,0,5639844,0,5462296,4283,2942,12762,7518644,6465419,12332,44,257
1786397179481,12368896,8613184,8749680,1156064,8232624,0,978292,0,965112,0,5639844,0,5462296,4283,2942,12762,7518644,6465419,12332,44,257
1786397179993,12368896,8613184,8749680,1156064,8232624,0,978292,0,965112,0,5639844,0,5462296,4283,2942,12762,7518644,6465419,12332,44,257
1786397180503,12368896,8613184,8749680,1156064,8232624,0,978292,0,965112,0,5639844,0,5462296,4283,2942,12762,7518644,6465419,12332,44,257
1786397181005,12368896,8613184,8749680,1156064,8232624,0,978292,0,965112,0,5639844,0,5462296,4283,2942,12762,7518644,6465419,12332,44,257
1786397181507,12368896,8612944,8749440,1156064,8232624,0,978292,0,965112,0,5639844,0,5462296,4283,2942,12762,7518644,6465419,12332,44,257
1786397182010,12368896,8612944,8749440,1156064,8232624,0,978292,0,965112,0,5639844,0,5462296,4283,2942,12762,7518644,6465419,12332,44,257
1786397182515,12368896,8612944,8749440,1156064,8232624,0,978292,0,965112,0,5639844,0,5462296,4283,2942,12762,7518644,6465419,12332,44,257
1786397183024,12368896,8612944,8749440,1156064,8232624,0,978292,0,965112,0,5639844,0,5462296,4283,2942,12762,7518644,6465419,12332,44,257
1786397183530,12368896,8612944,8749440,1156064,8232624,0,978292,0,965112,0,5639844,0,5462296,4283,2942,12762,7518644,6465419,12332,44,257
1786397184040,12368896,8612944,8749440,1156064,8232624,0,978292,0,965112,0,5639844,0,5462296,4283,2942,12762,7518644,6465419,12332,44,257
1786397184541,12368896,8612704,8749200,1156064,8232624,0,978292,0,965112,0,5639844,0,5462296,4283,2942,12762,7518644,6465419,12332,44,257
1786397185052,12368896,8612704,8749200,1156064,8232624,0,978292,0,965112,0,5639844,0,5462296,4283,2942,12762,7518644,6465419,12332,44,257
1786397185554,12368896,8612704,8749200,1156064,8232624,0,978292,0,965112,0,5639844,0,5462296,4283,2942,12762,7518644,6465419,12332,44,257
1786397186058,12368896,8612704,8749200,1156064,8232624,0,978292,0,965112,0,5639844,0,5462296,4283,2942,12762,7518644,6465419,12332,44,257
1786397186567,12368896,8612704,8749200,1156064,8232624,0,978292,0,965112,0,5639844,0,5462296,4283,2942,12762,7518644,6465419,12332,44,257
1786397187070,12368896,8612704,8749200,1156064,8232624,0,978292,0,965112,0,5639844,0,5462296,4283,2942,12762,7518644,6465419,12332,44,257
1786397187578,12368896,8612704,8749200,1156064,8232624,0,978292,0,965112,0,5639844,0,5462296,4283,2942,12762,7518644,6465419,12332,44,257
1786397188085,12368896,8612704,8749200,1156064,8232624,0,978292,0,965112,0,5639844,0,5462296,4283,2942,12762,7518644,6465419,12332,44,257
1786397188587,12368896,8612704,8749200,1156064,8232624,0,978292,0,965112,0,5639844,0,5462296,4283,2942,12762,7518644,6465419,12332,44,257
1786397189090,12368896,8612704,8749200,1156064,8232624,0,978292,0,965112,0,5639844,0,5462296,4283,2942,12762,7518644,6465419,12332,44,257
1786397189595,12368896,8612704,8749200,1156064,8232624,0,978292,0,965112,0,5639844,0,5462296,4283,2942,12762,7518644,6465419,12332,44,257
1786397190097,12368896,8612704,8749200,1156064,8232624,0,978292,0,965112,0,5639844,0,5462296,4283,2942,12762,7518644,6465419,12332,44,257
1786397190601,12368896,8612704,8749200,1156064,8232624,0,978292,0,965112,0,5639844,0,5462296,4283,2942,12762,7518644,6465419,12332,44,257
1786397191109,12368896,8612704,8749200,1156064,8232624,0,978292,0,965112,0,5639844,0,5462296,4283,2942,12762,7518644,6465419,12332,44,257
1786397191621,12368896,8612704,8749200,1156064,8232624,0,978292,0,965112,0,5639844,0,5462296,4283,2942,12762,7518644,6465419,12332,44,257
1786397192131,12368896,8612704,8749200,1156064,8232624,0,978292,0,965112,0,5639844,0,5462296,4283,2942,12762,7518644,6465419,12332,44,257
1786397192642,12368896,8612464,8748960,1156064,8232624,0,978292,0,965112,0,5639844,0,5462296,4283,2942,12762,7518644,6465419,12332,44,257
1786397193152,12368896,8612464,8748960,1156064,8232624,0,978292,0,965112,0,5639844,0,5462296,4283,2942,12762,7518644,6465419,12332,44,257
1786397193654,12368896,8612464,8748960,1156064,8232624,0,978292,0,965112,0,5639844,0,5462296,4283,2942,12762,7518644,6465419,12332,44,257
1786397194162,12368896,8612464,8748960,1156064,8232624,0,978292,0,965112,0,5639844,0,5462296,4283,2942,12762,7518644,6465419,12332,44,257
1786397194668,12368896,8612464,8748960,1156064,8232624,0,978292,0,965112,0,5639844,0,5462296,4283,2942,12762,7518644,6465419,12332,44,257
1786397195180,12368896,8612464,8748960,1156064,8232624,0,978292,0,965112,0,5639844,0,5462296,4283,2942,12762,7518644,6465419,12332,44,257
1786397195689,12368896,8612464,8748960,1156064,8232624,0,978292,0,965112,0,5639844,0,5462296,4283,2942,12762,7518644,6465419,12332,44,257
1786397196192,12368896,8612464,8748960,1156064,8232624,0,978292,0,965112,0,5639844,0,5462296,4283,2942,12762,7518644,6465419,12332,44,257
1786397196694,12368896,8612464,8748960,1156064,8232624,0,978292,0,965112,0,5639844,0,5462296,4283,2942,12762,7518644,6465419,12332,44,257
1786397197195,12368896,8612464,8748960,1156064,8232624,0,978292,0,965112,0,5639844,0,5462296,4283,2942,12762,7518644,6465419,12332,44,257
1786397197705,12368896,8612464,8748960,1156064,8232624,0,978292,0,965112,0,5639844,0,5462296,4283,2942,12762,7518644,6465419,12332,44,257
1786397198210,12368896,8612464,8748960,1156064,8232624,0,978292,0,965112,0,5639844,0,5462296,4283,2942,12762,7518644,6465419,12332,44,257
1786397198721,12368896,8612464,8748960,1156064,8232624,0,978292,0,965112,0,5639844,0,5462296,4283,2942,12762,7518644,6465419,12332,44,257
1786397199224,12368896,8612464,8748960,1156064,8232624,0,978292,0,965112,0,5639844,0,5462296,4283,2942,12762,7518644,6465419,12332,44,257
1786397199733,12368896,8612464,8748960,1156064,8232624,0,978292,0,965112,0,5639844,0,5462296,4283,2942,12762,7518644,6465419,12332,44,257
1786397200244,12368896,8612464,8748960,1156064,8232624,0,978292,0,965112,0,5639844,0,5462296,4283,2942,12762,7518644,6465419,12332,44,257
1786397200748,12368896,8612464,8748960,1156064,8232624,0,978292,0,965112,0,5639844,0,5462296,4283,2942,12762,7518644,6465419,12332,44,257
1786397201252,12368896,8612464,8748960,1156064,8232624,0,978292,0,965112,0,5639844,0,5462296,4283,2942,12762,7518644,6465419,12332,44,257
1786397201758,12368896,8612464,8748960,1156064,8232624,0,978292,0,965112,0,5639844,0,5462296,4283,2942,12762,7518644,6465419,12332,44,257
1786397202264,12368896,8612464,8748960,1156064,8232624,0,978292,0,965112,0,5639844,0,5462296,4283,2942,12762,7518644,6465419,12332,44,257
1786397202771,12368896,8612464,8748960,1156064,8232624,0,978292,0,965112,0,5639844,0,5462296,4283,2942,12762,7518644,6465419,12332,44,257
1786397203283,12368896,8612464,8748960,1156064,8232624,0,978292,0,965112,0,5639844,0,5462296,4283,2942,12762,7518644,6465419,12332,44,257
1786397203785,12368896,8612464,8748960,1156064,8232624,0,978292,0,965112,0,5639844,0,5462296,4283,2942,12762,7518644,6465419,12332,44,257
1786397204291,12368896,8612464,8748960,1156064,8232624,0,978292,0,965112,0,5639844,0,5462296,4283,2942,12762,7518644,6465419,12332,44,257
1786397204801,12368896,8612464,8748960,1156064,8232624,0,978292,0,965112,0,5639844,0,5462296,4283,2942,12762,7518644,6465419,12332,44,257
1786397205303,12368896,8612464,8748960,1156064,8232624,0,978292,0,965112,0,5639844,0,5462296,4283,2942,12762,7518644,6465419,12332,44,257
1786397205808,12368896,8612464,8748960,1156064,8232624,0,978292,0,965112,0,5639844,0,5462296,4283,2942,12762,7518644,6465419,12332,44,257
1786397206312,12368896,8612464,8748960,1156064,8232624,0,978292,0,965112,0,5639844,0,5462296,4283,2942,12762,7518644,6465419,12332,44,257
1786397206819,12368896,8612224,8748720,1156064,8232624,0,978292,0,965112,0,5639844,0,5462296,4283,2942,12762,7518644,6465419,12332,44,257
1786397207324,12368896,8612224,8748720,1156064,8232624,0,978292,0,965112,0,5639844,0,5462296,4283,2942,12762,7518644,6465419,12332,44,257
1786397207837,12368896,8612224,8748720,1156064,8232624,0,978292,0,965112,0,5639844,0,5462296,4283,2942,12762,7518644,6465419,12332,44,257
1786397208349,12368896,8612224,8748720,1156064,8232624,0,978292,0,965112,0,5639844,0,5462296,4283,2942,12762,7518644,6465419,12332,44,257
1786397208851,12368896,8612224,8748720,1156064,8232624,0,978292,0,965112,0,5639844,0,5462296,4283,2942,12762,7518644,6465419,12332,44,257
1786397209362,12368896,8612224,8748720,1156064,8232624,0,978292,0,965112,0,5639844,0,5462296,4283,2942,12762,7518644,6465419,12332,44,257
1786397209872,12106752,8428768,8566288,1156064,8232624,0,978292,0,965112,0,5639844,0,5462296,4283,2942,12762,7518644,6465419,12332,44,257
1786397210374,12106752,8428768,8566288,1156064,8232624,0,978292,0,965112,0,5639844,0,5462296,4283,2942,12762,7518644,6465419,12332,44,257
1786397210882,12106752,8427664,8565184,1156064,8232624,0,978292,0,965112,0,5639844,0,5462296,4283,2942,12762,7518644,6465419,12332,44,257
1786397211386,12106752,8427424,8564944,1156064,8232624,0,978292,0,965112,0,5639844,0,5462296,4283,2942,12762,7518644,6465419,12332,44,257
1786397211891,11844608,8166304,8304848,1156064,8232624,0,978292,0,965112,0,5639844,0,5462296,4283,2942,12762,7518644,6465419,12332,44,257
1786397212393,11844608,8166304,8304848,1156064,8232624,0,978292,0,965112,0,5639844,0,5462296,4283,2942,12762,7518644,6465419,12332,44,257
1786397212905,11844608,8166304,8304848,1156064,8232624,0,978292,0,965112,0,5639844,0,5462296,4283,2942,12762,7518644,6465419,12332,44,257
1786397213408,11844608,8166064,8304608,1156064,8232624,0,978292,0,965112,0,5639844,0,5462296,4283,2942,12762,7518644,6465419,12332,44,257
1786397213917,11582464,7905184,8044752,1156064,8232624,0,978292,0,965112,0,5639844,0,5462296,4283,2942,12762,7518644,6465419,12332,44,257
1786397214424,11582464,7904704,8044272,1156064,8232624,0,978292,0,965112,0,5639844,0,5462296,4283,2942,12762,7518644,6465419,12332,44,257
1786397214934,11582464,7904704,8044272,1156064,8232624,0,978292,0,965112,0,5639844,0,5462296,4283,2942,12762,7518644,6465419,12332,44,257
1786397215436,11582464,7904704,8044272,1156064,8232624,0,978292,0,965112,0,5639844,0,5462296,4283,2942,12762,7518644,6465419,12332,44,257
1786397215946,11320320,7643824,7784416,1156064,8232624,0,978292,0,965112,0,5639844,0,5462296,4283,2942,12762,7518644,6465419,12332,44,257
1786397216450,11320320,7643824,7784416,1156064,8232624,0,978292,0,965112,0,5639844,0,5462296,4283,2942,12762,7518644,6465419,12332,44,257
1786397216959,11320320,7643824,7784416,1156064,8232624,0,978292,0,965112,0,5639844,0,5462296,4283,2942,12762,7518644,6465419,12332,44,257
1786397217464,11320320,7643824,7784416,1156064,8232624,0,978292,0,965112,0,5639844,0,5462296,4283,2942,12762,7518644,6465419,12332,44,257
1786397217970,11058176,7381744,7523360,1156064,8232624,0,978292,0,965112,0,5639844,0,5462296,4283,2942,12762,7518644,6465419,12332,44,257
1786397218478,11058176,7381744,7523360,1156064,8232624,0,978292,0,965112,0,5639844,0,5462296,4283,2942,12762,7518644,6465419,12332,44,257
1786397218982,11058176,7381504,7523120,1156064,8232624,0,978292,0,965112,0,5639844,0,5462296,4283,2942,12762,7518644,6465419,12332,44,257
1786397219485,11058176,7381504,7523120,1156064,8232624,0,978292,0,965112,0,5639844,0,5462296,4283,2942,12762,7518644,6465419,12332,44,257
1786397219987,10796032,7120384,7263024,1156064,8232624,0,978292,0,965112,0,5639844,0,5462296,4283,2942,12762,7518644,6465419,12332,44,257
1786397220494,10796032,7120384,7263024,1156064,8232624,0,978292,0,965112,0,5639844,0,5462296,4283,2942,12762,7518644,6465419,12332,44,257
1786397220999,10796032,7120144,7262784,1156064,8232624,0,978292,0,965112,0,5639844,0,5462296,4283,2942,12762,7518644,6465419,12332,44,257
1786397221504,10796032,7120144,7262784,1156064,8232624,0,978292,0,965112,0,5639844,0,5462296,4283,2942,12762,7518644,6465419,12332,44,257
1786397222084,10714112,7035664,7178624,1156064,8232624,0,978292,0,965112,0,5639844,0,5462296,4283,2942,12762,7518644,6465419,12332,44,257
1786397222586,10712064,7028608,7171568,1156064,8232624,0,978292,0,965112,0,5639844,0,5462296,4283,2942,12762,7518644,6465419,12332,44,257
1786397223092,10533888,6851344,6995008,1156064,8232624,0,978292,0,965112,0,5639844,0,5462296,4283,2942,12762,7518644,6465419,12332,44,257
1786397223600,10533888,6851104,6994768,1156064,8232624,0,978292,0,965112,0,5639844,0,5462296,4283,2942,12762,7518644,6465419,12332,44,257
1786397224102,10276864,6597664,6742320,1156064,8232624,0,978292,0,965112,0,5639844,0,5462296,4283,2942,12762,7518644,6465419,12332,44,257
1786397224612,10271744,6589984,6734672,1156064,8232624,0,978292,0,965112,0,5639844,0,5462296,4283,2942,12762,7518644,6465419,12332,44,257
1786397225123,10271744,6589984,6734672,1156064,8232624,0,978292,0,965112,0,5639844,0,5462296,4283,2942,12762,7518644,6465419,12332,44,257
1786397225627,10271744,6589504,6734192,1156064,8232624,0,978292,0,965112,0,5639844,0,5462296,4283,2942,12762,7518644,6465419,12332,44,257
1786397226137,10009600,6328624,6474336,1156064,8232624,0,978292,0,965112,0,5639844,0,5462296,4283,2942,12762,7518644,6465419,12332,44,257
1786397226646,10009600,6328624,6474336,1156064,8232624,0,978292,0,965112,0,5639844,0,5462296,4283,2942,12762,7518644,6465419,12332,44,257
1786397227151,10009600,6328624,6474336,1156064,8232624,0,978292,0,965112,0,5639844,0,5462296,4283,2942,12762,7518644,6465419,12332,44,257
1786397227658,10009600,6328624,6474336,1156064,8232624,0,978292,0,965112,0,5639844,0,5462296,4283,2942,12762,7518644,6465419,12332,44,257
1786397228161,9747456,6067504,6214240,1156064,8232624,0,978292,0,965112,0,5639844,0,5462296,4283,2942,12762,7518644,6465419,12332,44,257
1786397228668,9747456,6067024,6213760,1156064,8232624,0,978292,0,965112,0,5639844,0,5462296,4283,2942,12762,7518644,6465419,12332,44,257
1786397229178,9747456,6067024,6213760,1156064,8232624,0,978292,0,965112,0,5639844,0,5462296,4283,2942,12762,7518644,6465419,12332,44,257
1786397229684,9747456,6067024,6213760,1156064,8232624,0,978292,0,965112,0,5639844,0,5462296,4283,2942,12762,7518644,6465419,12332,44,257
1786397230190,9485312,5805904,5953664,1156064,8232624,0,978292,0,965112,0,5639844,0,5462296,4283,2942,12762,7518644,6465419,12332,44,257
1786397230690,9485312,5805904,5953664,1156064,8232624,0,978292,0,965112,0,5639844,0,5462296,4283,2942,12762,7518644,6465419,12332,44,257
1786397231192,9485312,5805904,5953664,1156064,8232624,0,978292,0,965112,0,5639844,0,5462296,4283,2942,12762,7518644,6465419,12332,44,257
1786397231701,9485312,5805904,5953664,1156064,8232624,0,978292,0,965112,0,5639844,0,5462296,4283,2942,12762,7518644,6465419,12332,44,257
1786397232211,9334784,5652544,5800880,1156064,8232624,0,978292,0,965112,0,5639844,0,5462296,4283,2942,12762,7518644,6465419,12332,44,257
1786397232721,9223168,5545024,5693808,1156064,8232624,0,978292,0,965112,0,5639844,0,5462296,4283,2942,12762,7518644,6465419,12332,44,257
1786397233224,9223168,5544784,5693568,1156064,8232624,0,978292,0,965112,0,5639844,0,5462296,4283,2942,12762,7518644,6465419,12332,44,257
1786397233736,9223168,5544784,5693568,1156064,8232624,0,978292,0,965112,0,5639844,0,5462296,4283,2942,12762,7518644,6465419,12332,44,257
1786397234247,8961024,5283904,5433712,1156064,8232624,0,978292,0,965112,0,5639844,0,5462296,4283,2942,12762,7518644,6465419,12332,44,257
1786397234758,8961024,5283664,5433472,1156064,8232624,0,978292,0,965112,0,5639844,0,5462296,4283,2942,12762,7518644,6465419,12332,44,257
1786397235259,8961024,5283664,5433472,1156064,8232624,0,978292,0,965112,0,5639844,0,5462296,4283,2942,12762,7518644,6465419,12332,44,257
1786397235760,8961024,5283664,5433472,1156064,8232624,0,978292,0,965112,0,5639844,0,5462296,4283,2942,12762,7518644,6465419,12332,44,257
1786397236271,8698880,5014384,5165216,1156064,8232624,0,978292,0,965112,0,5639844,0,5462296,4283,2942,12762,7518644,6465419,12332,44,257
1786397236778,8698880,5014384,5165216,1156064,8232624,0,978292,0,965112,0,5639844,0,5462296,4283,2942,12762,7518644,6465419,12332,44,257
1786397237282,8698880,5014384,5165216,1156064,8232624,0,978292,0,965112,0,5639844,0,5462296,4283,2942,12762,7518644,6465419,12332,44,257
1786397237788,8698880,5014384,5165216,1156064,8232624,0,978292,0,965112,0,5639844,0,5462296,4283,2942,12762,7518644,6465419,12332,44,257
1786397238299,8436736,4753504,4905360,1156080,8232624,0,978292,0,965112,0,5639844,0,5462296,4283,2942,12762,7518644,6465419,12332,44,257
1786397238805,8436736,4753504,4905360,1156080,8232624,0,978292,0,965112,0,5639844,0,5462296,4283,2942,12762,7518644,6465419,12332,44,257
1786397239307,8436736,4753024,4904880,1156080,8232624,0,978292,0,965112,0,5639844,0,5462296,4283,2942,12762,7518644,6465419,12332,44,257
1786397239817,8436736,4753024,4904880,1156080,8232624,0,978292,0,965112,0,5639844,0,5462296,4283,2942,12762,7518644,6465419,12332,44,257
1786397240321,8174592,4492144,4645024,1156080,8232624,0,978292,0,965112,0,5639844,0,5462296,4283,2942,12762,7518644,6465419,12332,44,257
1786397240831,8174592,4492144,4645024,1156080,8232624,0,978292,0,965112,0,5639844,0,5462296,4283,2942,12762,7518644,6465419,12332,44,257
1786397241341,8174592,4492144,4645024,1156080,8232624,0,978292,0,965112,0,5639844,0,5462296,4283,2942,12762,7518644,6465419,12332,44,257
1786397241852,8174592,4491904,4644784,1156080,8232624,0,978292,0,965112,0,5639844,0,5462296,4283,2942,12762,7518644,6465419,12332,44,257
1786397242363,7912448,4230784,4384688,1156080,8232624,0,978292,0,965112,0,5639844,0,5462296,4283,2942,12762,7518644,6465419,12332,44,257
1786397242873,7912448,4230784,4384688,1156080,8232624,0,978292,0,965112,0,5639844,0,5462296,4283,2942,12762,7518644,6465419,12332,44,257
1786397243380,7912448,4230544,4384448,1156080,8232624,0,978292,0,965112,0,5639844,0,5462296,4283,2942,12762,7518644,6465419,12332,44,257
1786397243882,7912448,4230304,4384208,1156080,8232624,0,978292,0,965112,0,5639844,0,5462296,4283,2942,12762,7518644,6465419,12332,44,257
1786397244386,7650304,3969184,4124112,1156080,8232624,0,978292,0,965112,0,5639844,0,5462296,4283,2942,12762,7518644,6465419,12332,44,257
1786397244896,7650304,3969184,4124112,1156080,8232624,0,978292,0,965112,0,5639844,0,5462296,4283,2942,12762,7518644,6465419,12332,44,257
1786397245402,7650304,3969184,4124112,1156080,8232624,0,978292,0,965112,0,5639844,0,5462296,4283,2942,12762,7518644,6465419,12332,44,257
1786397245903,7650304,3969184,4124112,1156080,8232624,0,978292,0,965112,0,5639844,0,5462296,4283,2942,12762,7518644,6465419,12332,44,257
1786397246404,7388160,3708544,3864496,1156080,8232624,0,978292,0,965112,0,5639844,0,5462296,4283,2942,12762,7518644,6465419,12332,44,257
1786397246915,7388160,3708544,3864496,1156080,8232624,0,978292,0,965112,0,5639844,0,5462296,4283,2942,12762,7518644,6465419,12332,44,257
1786397247417,7388160,3708544,3864496,1156080,8232624,0,978292,0,965112,0,5639844,0,5462296,4283,2942,12762,7518644,6465419,12332,44,257
1786397247928,7388160,3708544,3864496,1156080,8232624,0,978292,0,965112,0,5639844,0,5462296,4283,2942,12762,7518644,6465419,12332,44,257
1786397248430,7126016,3439984,3596960,1156080,8232624,0,978292,0,965112,0,5639844,0,5462296,4283,2942,12762,7518644,6465419,12332,44,257
1786397248941,7126016,3439984,3596960,1156080,8232624,0,978292,0,965112,0,5639844,0,5462296,4283,2942,12762,7518644,6465419,12332,44,257
1786397249450,7126016,3439984,3596960,1156080,8232624,0,978292,0,965112,0,5639844,0,5462296,4283,2942,12762,7518644,6465419,12332,44,257
1786397249960,7126016,3439984,3596960,1156080,8232624,0,978292,0,965112,0,5639844,0,5462296,4283,2942,12762,7518644,6465419,12332,44,257
1786397250471,6863872,3202384,3360064,1156080,8232624,0,978292,0,965112,0,5639844,0,5462296,4283,2942,12762,7518644,6465419,12332,44,257
1786397250973,6863872,3202384,3360064,1156080,8232624,0,978292,0,965112,0,5639844,0,5462296,4283,2942,12762,7518644,6465419,12332,44,257
1786397251477,6863872,3202384,3360064,1156080,8232624,0,978292,0,965112,0,5639844,0,5462296,4283,2942,12762,7518644,6465419,12332,44,257
1786397251988,6863872,3202384,3360064,1156080,8232624,0,978292,0,965112,0,5639844,0,5462296,4283,2942,12762,7518644,6465419,12332,44,257
1786397252497,6863872,3202384,3360064,1156080,8232624,0,978292,0,965112,0,5639844,0,5462296,4283,2942,12762,7518644,6465419,12332,44,257
1786397253009,6863872,3202384,3360064,1156080,8232624,0,978292,0,965112,0,5639844,0,5462296,4283,2942,12762,7518644,6465419,12332,44,257
1786397253515,6601728,2933824,3091504,1156080,8232624,0,978292,0,965112,0,5639844,0,5462296,4283,2942,12762,7518644,6465419,12332,44,257
1786397254028,6601728,2933824,3091504,1156080,8232624,0,978292,0,965112,0,5639844,0,5462296,4283,2942,12762,7518644,6465419,12332,44,257
1786397254534,6601728,2933824,3091504,1156080,8232624,0,978292,0,965112,0,5639844,0,5462296,4283,2942,12762,7518644,6465419,12332,44,257
1786397255046,6601728,2933824,3091504,1156080,8232624,0,978292,0,965112,0,5639844,0,5462296,4283,2942,12762,7518644,6465419,12332,44,257
1786397255554,6339584,2673184,2830864,1156080,8232624,0,978292,0,965112,0,5639844,0,5462296,4283,2942,12762,7518644,6465419,12332,44,257
1786397256060,6339584,2673184,2830864,1156080,8232624,0,978292,0,965112,0,5639844,0,5462296,4283,2942,12762,7518644,6465419,12332,44,257
1786397256572,6339584,2673184,2830864,1156080,8232624,0,978292,0,965112,0,5639844,0,5462296,4283,2942,12762,7518644,6465419,12332,44,257
1786397257082,6339584,2673184,2830864,1156080,8232624,0,978292,0,965112,0,5639844,0,5462296,4283,2942,12762,7518644,6465419,12332,44,257
1786397257593,6077440,2412304,2569984,1156080,8232624,0,978292,0,965112,0,5639844,0,5462296,4283,2942,12762,7518644,6465419,12332,44,257
1786397258097,6077440,2412304,2569984,1156080,8232624,0,978292,0,965112,0,5639844,0,5462296,4283,2942,12762,7518644,6465419,12332,44,257
1786397258601,6077440,2412304,2569984,1156080,8232624,0,978292,0,965112,0,5639844,0,5462296,4283,2942,12762,7518644,6465419,12332,44,257
1786397259108,6077440,2412304,2569984,1156080,8232624,0,978292,0,965112,0,5639844,0,5462296,4283,2942,12762,7518644,6465419,12332,44,257
1786397259616,5815296,2151184,2308864,1156080,8232624,0,978292,0,965112,0,5639844,0,5462296,4283,2942,12762,7518644,6465419,12332,44,257
1786397260125,5815296,2151184,2308864,1156080,8232624,0,978292,0,965112,0,5639844,0,5462296,4283,2942,12762,7518644,6465419,12332,44,257
1786397260632,5815296,2151184,2308864,1156080,8232624,0,978292,0,965112,0,5639844,0,5462296,4283,2942,12762,7518644,6465419,12332,44,257
1786397261136,5815296,2150944,2308624,1156080,8232624,0,978292,0,965112,0,5639844,0,5462296,4283,2942,12762,7518644,6465419,12332,44,257
1786397261644,5553152,1889824,2047504,1156080,8232624,0,978292,0,965112,0,5639844,0,5462296,4283,2942,12762,7518644,6465419,12332,44,257
1786397262156,5553152,1889824,2047504,1156080,8232624,0,978292,0,965112,0,5639844,0,5462296,4283,2942,12762,7518644,6465419,12332,44,257
1786397262665,5553152,1889824,2047504,1156080,8232624,0,978292,0,965112,0,5639844,0,5462296,4283,2942,12762,7518644,6465419,12332,44,257
1786397263170,5541888,1874464,2032144,1156080,8232624,0,978292,0,965112,0,5639844,0,5462296,4283,2942,12762,7518644,6465419,12332,44,257
1786397263681,5291008,1628704,1786384,1156080,8232624,0,978292,0,965112,0,5639844,0,5462296,4283,2942,12762,7518644,6465419,12332,44,257
1786397264183,5291008,1628704,1786384,1156080,8232624,0,978292,0,965112,0,5639844,0,5462296,4283,2942,12762,7518644,6465419,12332,44,257
1786397264687,5291008,1628464,1786144,1156080,8232624,0,978292,0,965112,0,5639844,0,5462296,4283,2942,12762,7518644,6465419,12332,44,257
1786397265191,5282816,1620784,1778464,1156080,8232624,0,978292,0,965112,0,5639844,0,5462296,4283,2942,12762,7518644,6465419,12332,44,257
1786397265694,5028864,1366752,1524432,1156080,8232624,0,978292,0,965112,0,5639844,0,5462296,4283,2942,12762,7518644,6465419,12332,44,257
1786397266199,5028864,1366752,1524432,1156080,8232624,0,978292,0,965112,0,5639844,0,5462296,4283,2942,12762,7518644,6465419,12332,44,257
1786397266711,5028864,1366384,1524064,1156080,8232624,0,978292,0,965112,0,5639844,0,5462296,4283,2942,12762,7518644,6465419,12332,44,257
1786397267218,4976640,1312864,1470544,1156080,8232624,0,978292,0,965112,0,5639844,0,5462296,4283,2942,12762,7518644,6465419,12332,44,257
1786397267728,4766720,1097824,1255504,1156080,8232624,0,978292,0,965112,0,5639844,0,5462296,4283,2942,12762,7518644,6465419,12332,44,257
1786397268232,4766720,1097824,1255504,1156080,8232624,0,978292,0,965112,0,5639844,0,5462296,4283,2942,12762,7518644,6465419,12332,44,257
1786397268734,4766720,1097584,1255264,1156080,8232624,0,978292,0,965112,0,5639844,0,5462296,4283,2942,12762,7518644,6465419,12332,44,257
1786397269234,4744192,1078080,1233392,1156080,8232624,0,978292,0,965112,0,5639844,0,5462296,4283,2942,12762,7518644,6465419,12332,44,257
1786397269737,4504576,836464,994144,1156080,8232624,0,978292,0,965112,0,5639844,0,5462296,4283,2942,12762,7518644,6465419,12332,44,257
1786397270244,4504576,836464,994144,1156080,8232624,0,978292,0,965112,0,5639844,0,5462296,4283,2942,12762,7518644,6465419,12332,44,257
1786397270752,4504576,836464,994144,1156080,8232624,0,978292,0,965112,0,5639844,0,5462296,4283,2942,12762,7518644,6465419,12332,44,257
1786397271254,4431872,767680,925360,1156080,8232624,0,978292,0,965112,0,5639844,0,5462296,4283,2942,12762,7518644,6465419,12332,44,257
1786397271765,4242432,575104,732784,1156080,8232624,0,978292,0,965112,0,5639844,0,5462296,4283,2942,12762,7518644,6465419,12332,44,257
1786397272276,4242432,575104,732784,1156080,8232624,0,978292,0,965112,0,5639844,0,5462296,4283,2942,12762,7518644,6465419,12332,44,257
1786397272787,4242432,575104,732784,1156080,8232624,0,978292,0,965112,0,5639844,0,5462296,4283,2942,12762,7518644,6465419,12332,44,257
1786397273289,4154368,491200,648880,1156080,8232624,0,978292,0,965112,0,5639844,0,5462296,4283,2942,12762,7518644,6465419,12332,44,257
1786397273791,4033936,602608,594160,989920,8231472,0,980244,0,967062,0,5660819,0,5482870,4289,2942,12834,7678223,6492690,12332,44,259
1786397274303,4033936,602608,596016,992032,8231472,0,980244,0,967062,0,5660819,0,5482870,4289,2942,12834,7678223,6492690,12332,44,259
1786397274809,4033936,629952,595904,963952,8231472,0,988620,0,975296,0,5668533,0,5490563,4290,2942,12834,7687244,6501711,12332,44,259
1786397275312,3962320,553536,519408,964384,8231472,0,988620,0,975296,18,5668533,18,5490563,4290,2942,12834,7687259,6501725,12332,44,259
1786397275815,3962320,563712,530544,965456,8231472,0,995014,0,981609,18,5672619,18,5494581,4290,2942,12834,7696165,6510631,12332,44,259
1786397276317,3962320,563712,530544,965552,8231472,0,995014,0,981609,18,5675379,18,5497341,4291,2942,12834,7696165,6510631,12332,44,259
1786397276818,3962320,563712,530544,965552,8231472,0,995014,0,981609,18,5675461,18,5497423,4291,2942,12834,7696165,6510631,12332,44,259
1786397277329,3962320,614080,526400,910320,8231392,18,1010793,18,997205,14,5685619,14,5507499,4291,2942,12839,7731738,6546188,12332,44,261
1786397277831,3962320,614080,526400,910320,8231392,18,1010793,18,997205,14,5685619,14,5507499,4291,2942,12839,7731738,6546188,12332,44,261
1786397278338,3962320,565968,524416,956480,8231376,18,1011878,18,998290,14,5697245,14,5519006,4291,2942,12840,7743582,6558031,12332,44,261
1786397278847,3962320,565968,524416,956480,8231376,18,1011878,18,998290,14,5697245,14,5519006,4291,2942,12840,7743582,6558031,12332,44,261
1786397279349,3962320,462656,522240,1058848,8231376,14,1012129,14,998541,12,5706396,12,5527992,4291,2942,12840,7752493,6566942,12332,44,261
1786397279860,3962320,604256,528576,922880,8231376,14,1012849,14,999260,12,5706871,12,5528467,4291,2942,12840,7761393,6575842,12332,44,262
1786397280372,3962320,605024,528880,922416,8231376,14,1012849,14,999260,12,5706871,12,5528467,4291,2942,12840,7761403,6575852,12332,44,262
1786397280883,3962320,544880,529344,982752,8231376,14,1015877,14,1002289,12,5720995,12,5542591,4291,2942,12840,7773300,6587749,12332,44,262
1786397281395,3962320,544880,529344,982752,8231376,12,1015877,12,1002289,28,5720995,28,5542591,4291,2942,12840,7773300,6587749,12332,44,262
1786397281901,3962320,566608,518544,949264,8231376,12,1019094,12,1005505,28,5728318,28,5549871,4291,2942,12840,7791091,6605536,12332,44,263
1786397282411,3962320,567680,518704,949136,8231376,12,1019094,12,1005505,28,5728318,28,5549871,4291,2942,12840,7791099,6605544,12332,44,263
1786397282914,3962320,599840,516960,915296,8231376,12,1019709,12,1006121,28,5744373,28,5565774,4291,2942,12840,7808889,6623332,12332,44,263
1786397283421,3962320,599840,516960,915296,8231376,9,1019709,9,1006121,41,5744373,41,5565774,4291,2942,12840,7808889,6623332,12332,44,263
1786397283925,3962320,599840,516960,915296,8231376,9,1019709,9,1006121,41,5744373,41,5565774,4291,2942,12840,7808889,6623332,12332,44,263
1786397284437,3962320,536656,514832,976368,8231376,9,1019808,9,1006220,41,5760476,41,5581688,4291,2942,12840,7820763,6635206,12332,44,264
1786397284946,3962320,536656,514832,976368,8231376,9,1019808,9,1006220,41,5760476,41,5581688,4291,2942,12840,7820763,6635206,12332,44,264
1786397285458,3962320,574640,520752,944400,8231376,8,1020112,8,1006523,51,5773137,51,5594008,4291,2942,12840,7838464,6652904,12332,44,264
1786397285962,3962320,574640,521216,944400,8231376,8,1020112,8,1006523,51,5773137,51,5594008,4291,2942,12840,7838464,6652904,12332,44,264
1786397286463,3962320,477776,532800,1053232,8231376,8,1021433,8,1007845,51,5786401,51,5607246,4291,2942,12840,7847337,6661777,12332,44,265
1786397286974,3962320,619616,533088,911680,8231376,8,1023092,8,1009504,51,5786401,51,5607246,4291,2942,12840,7856185,6670624,12332,44,265
1786397287476,3962320,619616,533088,911680,8231376,6,1023092,6,1009504,42,5786401,42,5607246,4291,2942,12840,7856185,6670624,12332,44,265
1786397287987,3962320,558416,532208,972224,8231376,6,1023562,6,1009974,42,5798637,42,5618982,4291,2942,12840,7868107,6682541,12332,44,265
1786397288490,3962320,559104,532288,971616,8231376,6,1023562,6,1009974,42,5798637,42,5618982,4291,2942,12840,7868111,6682545,12332,44,265
1786397289000,3962320,591264,529904,937120,8231376,6,1025905,6,1012316,42,5812282,42,5632478,4291,2942,12840,7885932,6700363,12332,44,266
1786397289503,3962320,591264,529904,937120,8231376,5,1025905,5,1012316,52,5812282,52,5632478,4291,2942,12840,7885932,6700363,12332,44,266
1786397290006,3962320,535360,533264,996480,8231376,5,1027327,5,1013739,52,5828425,52,5648430,4291,2942,12840,7897917,6712348,12332,44,266
1786397290517,3962320,535584,532992,995984,8231376,5,1027327,5,1013739,52,5828425,52,5648430,4291,2942,12840,7897919,6712350,12332,44,266
1786397291026,3962320,535584,532992,995984,8231376,5,1027327,5,1013739,52,5828425,52,5648430,4291,2942,12840,7897919,6712350,12332,44,266
1786397291530,3962320,560304,523536,961680,8231376,4,1028682,4,1015093,61,5842170,61,5661900,4291,2942,12840,7915733,6730160,12332,44,267
1786397292035,3962320,560304,523536,961680,8231376,4,1028682,4,1015093,61,5842170,61,5661900,4291,2942,12840,7915733,6730160,12332,44,267
1786397292539,3962320,598464,528416,928480,8231376,4,1031442,4,1017853,61,5854837,61,5674393,4291,2942,12840,7933473,6747900,12332,44,268
1786397293049,3962320,598464,528416,928480,8231376,4,1031442,4,1017853,61,5854837,61,5674393,4291,2942,12840,7933473,6747900,12332,44,268
1786397293552,3962320,495328,534576,1037632,8231376,3,1033004,3,1019415,50,5861709,50,5681051,4291,2942,12840,7942371,6756798,12332,44,268
1786397294063,3962320,544720,535488,989024,8231376,3,1033944,3,1020356,50,5861709,50,5681051,4291,2942,12840,7945383,6759810,12332,44,268
1786397294570,3962320,544944,535632,988944,8231376,3,1033944,3,1020356,50,5861709,50,5681051,4291,2942,12840,7945385,6759812,12332,44,268
1786397295080,3962320,578512,532496,952240,8231376,3,1034249,3,1020661,50,5883355,50,5702597,4291,2942,12840,7963315,6777742,12332,44,269
1786397295583,3962320,578000,532256,952560,8231376,2,1034249,2,1020661,59,5883355,59,5702597,4291,2942,12840,7963315,6777742,12332,44,269
1786397296089,3962320,616832,537520,918512,8231376,2,1034470,2,1020882,59,5895164,59,5714400,4291,2942,12840,7981112,6795539,12332,44,269
1786397296596,3962320,617360,537920,918384,8231376,2,1034470,2,1020882,59,5895164,59,5714400,4291,2942,12840,7981115,6795542,12332,44,269
1786397297108,3962320,555632,535664,977872,8231376,2,1034714,2,1021126,59,5908392,59,5727623,4291,2942,12840,7993088,6807515,12332,44,270
1786397297618,3962320,555632,535664,977872,8231376,2,1034714,2,1021126,66,5908392,66,5727623,4291,2942,12840,7993088,6807515,12332,44,270
1786397298127,3962320,555632,535664,977872,8231376,2,1034714,2,1021126,66,5908392,66,5727623,4291,2942,12840,7993088,6807515,12332,44,270
1786397298633,3962320,589472,533072,942064,8231376,2,1036233,2,1022644,66,5923602,66,5742768,4291,2942,12840,8011016,6825443,12332,44,270
1786397299138,3962320,589472,533072,942080,8231376,2,1036233,2,1022644,66,5923602,66,5742768,4291,2942,12840,8011016,6825443,12332,44,270
1786397299650,3962320,620912,531168,908304,8231376,1,1036701,1,1023112,54,5941623,54,5760748,4291,2942,12840,8028816,6843243,12332,44,271
1786397300161,3962320,620912,531168,908304,8231376,1,1036701,1,1023112,54,5941623,54,5760748,4291,2942,12840,8028816,6843243,12332,44,271
1786397300668,3962320,506016,524832,1017536,8231376,1,1038094,1,1024504,54,5951626,54,5770659,4293,2942,12840,8037713,6852140,12332,44,271
1786397301171,3962320,553840,524048,969712,8231376,1,1038603,1,1025014,54,5951626,54,5770659,4293,2942,12840,8040724,6855151,12332,44,271
1786397301678,3962320,554608,524928,969040,8231376,1,1038603,1,1025014,62,5951626,62,5770659,4293,2942,12840,8040724,6855151,12332,44,271
1786397302189,3962320,593968,529776,933904,8231376,1,1039977,1,1026387,62,5966675,62,5785665,4293,2942,12840,8058586,6873013,12332,44,272
1786397302692,3962320,593968,529776,933904,8231376,1,1039977,1,1026387,62,5966675,62,5785665,4293,2942,12840,8058586,6873013,12332,44,272
1786397303196,3962320,532304,527280,993216,8231376,1,1040071,1,1026481,62,5978771,62,5797761,4293,2942,12840,8070557,6884984,12332,44,272
1786397303705,3962320,532528,527328,993040,8231376,1,1040071,1,1026481,69,5978771,69,5797761,4293,2942,12840,8070558,6884985,12332,44,272
1786397304210,3962320,572128,532176,958128,8231376,1,1040272,1,1026683,69,5991538,69,5810514,4293,2942,12840,8088420,6902847,12332,44,273
1786397304714,3962320,572128,532176,958128,8231376,1,1040272,1,1026683,69,5991538,69,5810514,4293,2942,12840,8088420,6902847,12332,44,273
1786397305220,3962320,572128,532176,958128,8231376,0,1040272,0,1026683,56,5991538,56,5810514,4293,2942,12840,8088420,6902847,12332,44,273
1786397305727,3962320,599968,526912,925264,8231456,0,1040852,0,1027262,56,6013477,56,5832277,4300,2947,12840,8106154,6920581,12332,44,273
1786397306237,3962320,599968,526912,925264,8231456,0,1040852,0,1027262,56,6013477,56,5832277,4300,2947,12840,8106154,6920581,12332,44,273
1786397306744,3962320,531440,578432,1044960,8231456,0,1040894,0,1027304,56,6024764,56,5843408,4300,2947,12840,8112300,6926727,12332,44,274
1786397307252,3962320,530976,578208,1045200,8231456,0,1040894,0,1027304,64,6024764,64,5843408,4300,2947,12840,8112300,6926727,12332,44,274
1786397307754,3908400,507872,521792,1011680,8231456,0,1041094,0,1027505,64,6036667,64,5855311,4300,2947,12840,8130031,6944458,12332,44,274
1786397308265,3908400,555360,521536,964112,8231456,0,1041355,0,1027766,64,6036667,64,5855311,4300,2947,12840,8133039,6947466,12332,44,274
1786397308774,3908400,555360,521536,964112,8231456,0,1041355,0,1027766,64,6036667,64,5855311,4300,2947,12840,8133039,6947466,12332,44,274
1786397309285,3908400,589264,522880,931760,8231456,0,1041593,0,1028003,71,6049280,71,5867911,4300,2947,12840,8150767,6965194,12332,44,275
1786397309796,3908400,589424,522496,931216,8231456,0,1041593,0,1028003,71,6049280,71,5867911,4300,2947,12840,8150767,6965194,12332,44,275
1786397310307,3908400,619904,522112,898320,8231456,0,1041785,0,1028195,71,6060276,71,5878907,4300,2947,12840,8168495,6982922,12332,44,275
1786397310817,3908400,619904,522112,898320,8231456,0,1041785,0,1028195,71,6060276,71,5878907,4300,2947,12840,8168495,6982922,12332,44,275
1786397311318,3908400,539328,522656,981664,8231456,0,1041869,0,1028279,57,6075080,57,5893709,4300,2947,12840,8177391,6991818,12332,44,276
1786397311827,3908400,555648,517728,960256,8231456,0,1041910,0,1028321,57,6078038,57,5896668,4300,2947,12840,8180335,6994762,12332,44,276
1786397312338,3908400,555648,517728,960256,8231456,0,1041910,0,1028321,57,6078038,57,5896668,4300,2947,12840,8180335,6994762,12332,44,276
1786397312841,3908400,592224,521248,927536,8231456,0,1042074,0,1028484,57,6092823,57,5911452,4300,2947,12840,8197999,7012426,12332,44,276
1786397313348,3908400,592224,521248,927536,8231456,0,1042074,0,1028484,65,6092823,65,5911452,4300,2947,12840,8197999,7012426,12332,44,276
1786397313850,3908400,532640,521248,987488,8231456,0,1045278,0,1031689,65,6102757,65,5921096,4300,2947,12840,8209903,7024330,12332,44,277
1786397314361,3908400,532640,521248,987488,8231456,0,1045278,0,1031689,65,6102757,65,5921096,4300,2947,12840,8209903,7024330,12332,44,277
1786397314864,3908400,553248,522160,967184,8231456,0,1047821,0,1034231,65,6104852,65,5923185,4300,2947,12840,8218799,7033226,12332,44,277
1786397315367,3908400,571024,526576,953264,8231456,0,1047900,0,1034311,72,6119014,72,5937347,4300,2947,12840,8227631,7042058,12332,44,277
1786397315879,3908400,570304,525840,953680,8231456,0,1047900,0,1034311,72,6121719,72,5940040,4300,2947,12840,8227631,7042058,12332,44,277
1786397316383,3908400,600112,522512,920288,8231456,0,1048405,0,1034816,72,6132930,72,5951160,4300,2947,12840,8245359,7059786,12332,44,278
1786397316890,3908400,600112,522768,920288,8231456,0,1048405,0,1034816,72,6132930,72,5951160,4300,2947,12840,8245359,7059786,12332,44,278
1786397317399,3908400,537152,519136,979984,8231456,0,1048582,0,1034993,57,6153600,57,5971825,4300,2947,12840,8257263,7071690,12332,44,278
1786397317909,3908400,537152,519136,979984,8231456,0,1048582,0,1034993,57,6153600,57,5971825,4300,2947,12840,8257263,7071690,12332,44,278
1786397318410,3908400,536720,519264,980672,8231456,0,1048582,0,1034993,57,6153600,57,5971825,4300,2947,12840,8257263,7071690,12332,44,278
1786397318911,3908400,574224,524208,948080,8231456,0,1048903,0,1035314,57,6172054,57,5990279,4300,2947,12840,8274991,7089418,12332,44,279
1786397319415,3908400,574608,524016,947504,8231456,0,1048903,0,1035314,66,6172054,66,5990279,4300,2947,12840,8274991,7089418,12332,44,279
1786397319923,3908400,615248,532240,914864,8231456,0,1052113,0,1038524,66,6183112,66,6001240,4300,2947,12840,8292719,7107146,12332,44,280
1786397320434,3908400,615328,531696,914240,8231456,0,1052113,0,1038524,66,6183112,66,6001240,4300,2947,12840,8292719,7107146,12332,44,280
1786397320937,3908400,553168,529456,974432,8231456,0,1052942,0,1039353,66,6200922,66,6019049,4300,2947,12840,8304623,7119050,12332,44,280
1786397321439,3908400,553168,529456,974432,8231456,0,1052942,0,1039353,72,6200922,72,6019049,4300,2947,12840,8304623,7119050,12332,44,280
1786397321942,3908400,470032,529232,1057072,8231456,0,1053976,0,1040387,72,6215460,72,6033565,4300,2947,12840,8313519,7127946,12332,44,280
1786397322446,3908400,589840,531824,939808,8231456,0,1054491,0,1040901,72,6217644,72,6035749,4300,2947,12840,8322479,7136906,12332,44,281
1786397322949,3908400,589840,531824,939808,8231456,0,1054491,0,1040901,72,6217644,72,6035749,4300,2947,12840,8322479,7136906,12332,44,281
1786397323450,3908400,620848,529392,906544,8231456,0,1056199,0,1042610,77,6234827,77,6052932,4300,2947,12840,8340207,7154634,12332,44,281
1786397323951,3908400,620848,529392,906544,8231456,0,1056199,0,1042610,77,6234827,77,6052932,4300,2947,12840,8340207,7154634,12332,44,281
1786397324451,3908400,558208,525792,965760,8231456,0,1057110,0,1043520,77,6252721,77,6070826,4300,2947,12840,8352175,7166602,12332,44,282
1786397324962,3908400,558208,525792,965760,8231456,0,1057110,0,1043520,77,6252721,77,6070826,4300,2947,12840,8352175,7166602,12332,44,282
1786397325474,3908400,596800,530800,931872,8231456,0,1059750,0,1046161,63,6265471,63,6083568,4300,2947,12840,8369967,7184394,12332,44,282
1786397325974,3908400,596800,530800,931872,8231456,0,1059750,0,1046161,63,6265471,63,6083568,4300,2947,12840,8369967,7184394,12332,44,282
1786397326476,3908400,594928,532816,936288,8231456,0,1059802,0,1046210,63,6270835,63,6088805,4308,2947,12840,8369967,7184394,12332,44,282
1786397326980,3908400,532560,530896,995968,8231456,0,1061435,0,1047843,63,6287201,63,6105171,4308,2947,12840,8381871,7196298,12332,44,283
1786397327485,3908400,532048,530960,996544,8231456,0,1061435,0,1047843,70,6287201,70,6105171,4308,2947,12840,8381871,7196298,12332,44,283
1786397327997,3908400,559072,523216,962096,8231456,0,1064331,0,1050739,70,6295299,70,6113106,4308,2947,12840,8399663,7214090,12332,44,283
1786397328507,3908400,559168,523792,962576,8231456,0,1064331,0,1050739,70,6295299,70,6113106,4308,2947,12840,8399663,7214090,12332,44,283
1786397329010,3908400,592192,524112,930160,8231456,0,1064489,0,1050897,70,6306688,70,6124463,4308,2947,12840,8417327,7231754,12332,44,284
1786397330047,3908400,591568,524096,930336,8231456,0,1064489,0,1050897,56,6306688,56,6124463,4308,2947,12840,8417327,7231754,12332,44,284
1786397330558,3908400,534752,527408,990464,8231456,0,1064754,0,1051162,56,6323448,56,6141220,4308,2947,12840,8429231,7243658,12332,44,284
1786397331060,3911472,534752,527408,990464,8231456,0,1064754,0,1051162,56,6323448,56,6141220,4308,2947,12840,8429231,7243658,12332,44,284
1786397331562,5332784,1752928,1852864,1098432,8231456,0,1064754,0,1051162,65,6326631,65,6144293,4308,2947,12840,8429231,7243658,12332,44,284
1786397332065,6919984,3335008,3434944,1098432,8231456,0,1064754,0,1051162,65,6326631,65,6144293,4308,2947,12840,8429231,7243658,12332,44,284
1786397332569,8470320,4884784,4979248,1098928,8231456,0,1064754,0,1051162,65,6326631,65,6144293,4308,2947,12840,8429231,7243658,12332,44,284
1786397333071,10074928,6489904,6578112,1098928,8231456,0,1064754,0,1051162,65,6326631,65,6144293,4308,2947,12840,8429231,7243658,12332,44,284
1786397333572,11630384,8049568,8131696,1098928,8231456,0,1064754,0,1051162,53,6326631,53,6144293,4308,2947,12840,8429231,7243658,12332,44,284
1786397334073,12368896,8786848,8866096,1098928,8231456,0,1064754,0,1051162,53,6326631,53,6144293,4308,2947,12840,8429231,7243658,12332,44,284
1786397334580,12368896,8786128,8865376,1098928,8231456,0,1064754,0,1051162,53,6326631,53,6144293,4308,2947,12840,8429231,7243658,12332,44,284
1786397335085,12368896,8786128,8865376,1098928,8231456,0,1064754,0,1051162,53,6326631,53,6144293,4308,2947,12840,8429231,7243658,12332,44,284
1786397335587,12368896,8786128,8865376,1098928,8231456,0,1064754,0,1051162,43,6326631,43,6144293,4308,2947,12840,8429231,7243658,12332,44,284
1786397336094,12368896,8785888,8865136,1098928,8231456,0,1064754,0,1051162,43,6326631,43,6144293,4308,2947,12840,8429231,7243658,12332,44,284
1786397336605,12368896,8785888,8865136,1098928,8231456,0,1064754,0,1051162,43,6326631,43,6144293,4308,2947,12840,8429231,7243658,12332,44,284
1786397337108,12368896,8785888,8865136,1098928,8231456,0,1064754,0,1051162,43,6326631,43,6144293,4308,2947,12840,8429231,7243658,12332,44,284
1786397337620,12368896,8785888,8865136,1098928,8231456,0,1064754,0,1051162,35,6326631,35,6144293,4308,2947,12840,8429231,7243658,12332,44,284
1786397338132,12368896,8785888,8865136,1098928,8231456,0,1064754,0,1051162,35,6326631,35,6144293,4308,2947,12840,8429231,7243658,12332,44,284
1786397338641,12368896,8785888,8865136,1098928,8231456,0,1064754,0,1051162,35,6326631,35,6144293,4308,2947,12840,8429231,7243658,12332,44,284
1786397339147,12368896,8785888,8865136,1098928,8231456,0,1064754,0,1051162,35,6326631,35,6144293,4308,2947,12840,8429231,7243658,12332,44,284
1786397339651,12368896,8785888,8865136,1098928,8231456,0,1064754,0,1051162,28,6326631,28,6144293,4308,2947,12840,8429231,7243658,12332,44,284
1786397340154,12368896,8785888,8865136,1098928,8231456,0,1064754,0,1051162,28,6326631,28,6144293,4308,2947,12840,8429231,7243658,12332,44,284
1786397340665,12368896,8785648,8864896,1098928,8231456,0,1064754,0,1051162,28,6326631,28,6144293,4308,2947,12840,8429231,7243658,12332,44,284
1786397341168,12368896,8785648,8864896,1098928,8231456,0,1064754,0,1051162,28,6326631,28,6144293,4308,2947,12840,8429231,7243658,12332,44,284
1786397341679,12368896,8785648,8864896,1098928,8231456,0,1064754,0,1051162,23,6326631,23,6144293,4308,2947,12840,8429231,7243658,12332,44,284
1786397342188,12368896,8785648,8864896,1098928,8231456,0,1064754,0,1051162,23,6326631,23,6144293,4308,2947,12840,8429231,7243658,12332,44,284
1786397342690,12368896,8785408,8864656,1098928,8231456,0,1064754,0,1051162,23,6326631,23,6144293,4308,2947,12840,8429231,7243658,12332,44,284
1786397343192,12368896,8785408,8864656,1098928,8231456,0,1064754,0,1051162,23,6326631,23,6144293,4308,2947,12840,8429231,7243658,12332,44,284
1786397343696,12368896,8785408,8864656,1098928,8231456,0,1064754,0,1051162,19,6326631,19,6144293,4308,2947,12840,8429231,7243658,12332,44,284
1786397344202,12368896,8785408,8864656,1098928,8231456,0,1064754,0,1051162,19,6326631,19,6144293,4308,2947,12840,8429231,7243658,12332,44,284
1786397344704,12368896,8785408,8864656,1098928,8231456,0,1064754,0,1051162,19,6326631,19,6144293,4308,2947,12840,8429231,7243658,12332,44,284
1786397345212,12368896,8785408,8864656,1098928,8231456,0,1064754,0,1051162,19,6326631,19,6144293,4308,2947,12840,8429231,7243658,12332,44,284
1786397345715,12368896,8785168,8864416,1098928,8231456,0,1064754,0,1051162,16,6326631,16,6144293,4308,2947,12840,8429231,7243658,12332,44,284
1786397346225,12368896,8785168,8864416,1098928,8231456,0,1064754,0,1051162,16,6326631,16,6144293,4308,2947,12840,8429231,7243658,12332,44,284
1786397346736,12368896,8785168,8864416,1098928,8231456,0,1064754,0,1051162,16,6326631,16,6144293,4308,2947,12840,8429231,7243658,12332,44,284
1786397347238,12368896,8785168,8864416,1098928,8231456,0,1064754,0,1051162,13,6326631,13,6144293,4308,2947,12840,8429231,7243658,12332,44,284
1786397347745,12368896,8785168,8864416,1098928,8231456,0,1064754,0,1051162,13,6326631,13,6144293,4308,2947,12840,8429231,7243658,12332,44,284
1786397348249,12368896,8785168,8864416,1098928,8231456,0,1064754,0,1051162,13,6326631,13,6144293,4308,2947,12840,8429231,7243658,12332,44,284
1786397348762,12368896,8785168,8864416,1098928,8231456,0,1064754,0,1051162,13,6326631,13,6144293,4308,2947,12840,8429231,7243658,12332,44,284
1786397349266,12368896,8785168,8864416,1098928,8231456,0,1064754,0,1051162,10,6326631,10,6144293,4308,2947,12840,8429231,7243658,12332,44,284
1786397349778,12368896,8784928,8864176,1098928,8231456,0,1064754,0,1051162,10,6326631,10,6144293,4308,2947,12840,8429231,7243658,12332,44,284
1786397350286,12368896,8784928,8864176,1098928,8231456,0,1064754,0,1051162,10,6326631,10,6144293,4308,2947,12840,8429231,7243658,12332,44,284
1786397350798,12368896,8784928,8864176,1098928,8231456,0,1064754,0,1051162,10,6326631,10,6144293,4308,2947,12840,8429231,7243658,12332,44,284
1786397351303,12368896,8784928,8864176,1098928,8231456,0,1064754,0,1051162,8,6326631,8,6144293,4308,2947,12840,8429231,7243658,12332,44,284
1786397351806,12368896,8784928,8864176,1098928,8231456,0,1064754,0,1051162,8,6326631,8,6144293,4308,2947,12840,8429231,7243658,12332,44,284
1786397352317,12368896,8784688,8863936,1098928,8231456,0,1064754,0,1051162,8,6326631,8,6144293,4308,2947,12840,8429231,7243658,12332,44,284
1786397352823,12368896,8784688,8863936,1098928,8231456,0,1064754,0,1051162,8,6326631,8,6144293,4308,2947,12840,8429231,7243658,12332,44,284
1786397353328,12368896,8784688,8863936,1098928,8231456,0,1064754,0,1051162,7,6326631,7,6144293,4308,2947,12840,8429231,7243658,12332,44,284
1786397353834,12368896,8784688,8863936,1098928,8231456,0,1064754,0,1051162,7,6326631,7,6144293,4308,2947,12840,8429231,7243658,12332,44,284
1786397354339,12368896,8784448,8863696,1098928,8231456,0,1064754,0,1051162,7,6326631,7,6144293,4308,2947,12840,8429231,7243658,12332,44,284
1786397354851,12368896,8784448,8863696,1098928,8231456,0,1064754,0,1051162,7,6326631,7,6144293,4308,2947,12840,8429231,7243658,12332,44,284
1786397355355,12368896,8784448,8863696,1098928,8231456,0,1064754,0,1051162,5,6326631,5,6144293,4308,2947,12840,8429231,7243658,12332,44,284
1786397355866,12368896,8784448,8863696,1098928,8231456,0,1064754,0,1051162,5,6326631,5,6144293,4308,2947,12840,8429231,7243658,12332,44,284
1786397356378,12368896,8784448,8863696,1098928,8231456,0,1064754,0,1051162,5,6326631,5,6144293,4308,2947,12840,8429231,7243658,12332,44,284
1786397356889,12368896,8784448,8863696,1098928,8231456,0,1064754,0,1051162,5,6326631,5,6144293,4308,2947,12840,8429231,7243658,12332,44,284
1786397357392,12368896,8784448,8863696,1098928,8231456,0,1064754,0,1051162,4,6326631,4,6144293,4308,2947,12840,8429231,7243658,12332,44,284
1786397357898,12368896,8784448,8863696,1098928,8231456,0,1064754,0,1051162,4,6326631,4,6144293,4308,2947,12840,8429231,7243658,12332,44,284
1786397358408,12368896,8784448,8863696,1098928,8231456,0,1064754,0,1051162,4,6326631,4,6144293,4308,2947,12840,8429231,7243658,12332,44,284
1786397358915,12368896,8784448,8863696,1098944,8231456,0,1064754,0,1051162,4,6326631,4,6144293,4308,2947,12840,8429231,7243658,12332,44,284
1786397359417,12368896,8784448,8863696,1098944,8231456,0,1064754,0,1051162,3,6326631,3,6144293,4308,2947,12840,8429231,7243658,12332,44,284
1786397359920,12368896,8784208,8863456,1098944,8231456,0,1064754,0,1051162,3,6326631,3,6144293,4308,2947,12840,8429231,7243658,12332,44,284
1786397360420,12368896,8784208,8863456,1098944,8231456,0,1064754,0,1051162,3,6326631,3,6144293,4308,2947,12840,8429231,7243658,12332,44,284
1786397360932,12368896,8784208,8863456,1098944,8231456,0,1064754,0,1051162,3,6326631,3,6144293,4308,2947,12840,8429231,7243658,12332,44,284
1786397361444,12368896,8784208,8863456,1098944,8231456,0,1064754,0,1051162,3,6326631,3,6144293,4308,2947,12840,8429231,7243658,12332,44,284
1786397361956,12368896,8784208,8863456,1098944,8231456,0,1064754,0,1051162,3,6326631,3,6144293,4308,2947,12840,8429231,7243658,12332,44,284
1786397362469,12368896,8784208,8863456,1098944,8231456,0,1064754,0,1051162,3,6326631,3,6144293,4308,2947,12840,8429231,7243658,12332,44,284
1786397362977,12368896,8784208,8863456,1098944,8231456,0,1064754,0,1051162,3,6326631,3,6144293,4308,2947,12840,8429231,7243658,12332,44,284
1786397363480,12368896,8784208,8863456,1098944,8231456,0,1064754,0,1051162,2,6326631,2,6144293,4308,2947,12840,8429231,7243658,12332,44,284
1786397363990,12368896,8784208,8863456,1098944,8231456,0,1064754,0,1051162,2,6326631,2,6144293,4308,2947,12840,8429231,7243658,12332,44,284
1786397364502,12368896,8784208,8863456,1098944,8231456,0,1064754,0,1051162,2,6326631,2,6144293,4308,2947,12840,8429231,7243658,12332,44,284
1786397365009,12368896,8784208,8863456,1098944,8231456,0,1064754,0,1051162,2,6326631,2,6144293,4308,2947,12840,8429231,7243658,12332,44,284
1786397365521,12368896,8784208,8863456,1098944,8231456,0,1064754,0,1051162,2,6326631,2,6144293,4308,2947,12840,8429231,7243658,12332,44,284
1786397366033,12368896,8784208,8863456,1098944,8231456,0,1064754,0,1051162,2,6326631,2,6144293,4308,2947,12840,8429231,7243658,12332,44,284
1786397366539,12368896,8784208,8863456,1098944,8231456,0,1064754,0,1051162,2,6326631,2,6144293,4308,2947,12840,8429231,7243658,12332,44,284
1786397367051,12368896,8784208,8863456,1098944,8231456,0,1064754,0,1051162,2,6326631,2,6144293,4308,2947,12840,8429231,7243658,12332,44,284
1786397367563,12368896,8784208,8863456,1098944,8231456,0,1064754,0,1051162,1,6326631,1,6144293,4308,2947,12840,8429231,7243658,12332,44,284
1786397368076,12368896,8784208,8863456,1098944,8231456,0,1064754,0,1051162,1,6326631,1,6144293,4308,2947,12840,8429231,7243658,12332,44,284
1786397368586,12368896,8784208,8863456,1098944,8231456,0,1064754,0,1051162,1,6326631,1,6144293,4308,2947,12840,8429231,7243658,12332,44,284
1786397369088,12368896,8784208,8863456,1098944,8231456,0,1064754,0,1051162,1,6326631,1,6144293,4308,2947,12840,8429231,7243658,12332,44,284
1786397369598,12368896,8784208,8863456,1098944,8231456,0,1064754,0,1051162,1,6326631,1,6144293,4308,2947,12840,8429231,7243658,12332,44,284
1786397370108,12368896,8784208,8863456,1098944,8231456,0,1064754,0,1051162,1,6326631,1,6144293,4308,2947,12840,8429231,7243658,12332,44,284
1786397370611,12368896,8784208,8863456,1098944,8231456,0,1064754,0,1051162,1,6326631,1,6144293,4308,2947,12840,8429231,7243658,12332,44,284
1786397371123,12368896,8784208,8863456,1098944,8231456,0,1064754,0,1051162,1,6326631,1,6144293,4308,2947,12840,8429231,7243658,12332,44,284
1786397371632,12368896,8784208,8863456,1098944,8231456,0,1064754,0,1051162,1,6326631,1,6144293,4308,2947,12840,8429231,7243658,12332,44,284
1786397372141,12368896,8784208,8863456,1098944,8231456,0,1064754,0,1051162,1,6326631,1,6144293,4308,2947,12840,8429231,7243658,12332,44,284
1786397372653,12368896,8783968,8863216,1098944,8231456,0,1064754,0,1051162,1,6326631,1,6144293,4308,2947,12840,8429231,7243658,12332,44,284
1786397373162,12368896,8783968,8863216,1098944,8231456,0,1064754,0,1051162,1,6326631,1,6144293,4308,2947,12840,8429231,7243658,12332,44,284
1786397373664,12368896,8783968,8863216,1098944,8231456,0,1064754,0,1051162,0,6326631,0,6144293,4308,2947,12840,8429231,7243658,12332,44,284
1786397374175,12368896,8783968,8863216,1098944,8231456,0,1064754,0,1051162,0,6326631,0,6144293,4308,2947,12840,8429231,7243658,12332,44,284
1786397374685,12368896,8783968,8863216,1098944,8231456,0,1064754,0,1051162,0,6326631,0,6144293,4308,2947,12840,8429231,7243658,12332,44,284
1786397375196,12368896,8783968,8863216,1098944,8231456,0,1064754,0,1051162,0,6326631,0,6144293,4308,2947,12840,8429231,7243658,12332,44,284
1786397375701,12368896,8783968,8863216,1098944,8231456,0,1064754,0,1051162,0,6326631,0,6144293,4308,2947,12840,8429231,7243658,12332,44,284
1786397376212,12368896,8783728,8862976,1098944,8231456,0,1064754,0,1051162,0,6326631,0,6144293,4308,2947,12840,8429231,7243658,12332,44,284
1786397376722,12368896,8783728,8862976,1098944,8231456,0,1064754,0,1051162,0,6326631,0,6144293,4308,2947,12840,8429231,7243658,12332,44,284
1786397377224,12368896,8783728,8862976,1098944,8231456,0,1064754,0,1051162,0,6326631,0,6144293,4308,2947,12840,8429231,7243658,12332,44,284
1786397377735,12368896,8783728,8862976,1098944,8231456,0,1064754,0,1051162,0,6326631,0,6144293,4308,2947,12840,8429231,7243658,12332,44,284
1786397378239,12368896,8783728,8862976,1098944,8231456,0,1064754,0,1051162,0,6326631,0,6144293,4308,2947,12840,8429231,7243658,12332,44,284
1786397378747,12368896,8783728,8862976,1098944,8231456,0,1064754,0,1051162,0,6326631,0,6144293,4308,2947,12840,8429231,7243658,12332,44,284
1786397379252,12368896,8783728,8862976,1098944,8231456,0,1064754,0,1051162,0,6326631,0,6144293,4308,2947,12840,8429231,7243658,12332,44,284
1786397379764,12368896,8783728,8862976,1098944,8231456,0,1064754,0,1051162,0,6326631,0,6144293,4308,2947,12840,8429231,7243658,12332,44,284
1786397380275,12368896,8783728,8862976,1098944,8231456,0,1064754,0,1051162,0,6326631,0,6144293,4308,2947,12840,8429231,7243658,12332,44,284
1786397380785,12368896,8783728,8862976,1098944,8231456,0,1064754,0,1051162,0,6326631,0,6144293,4308,2947,12840,8429231,7243658,12332,44,284
1786397381295,12368896,8783728,8862976,1098944,8231456,0,1064754,0,1051162,0,6326631,0,6144293,4308,2947,12840,8429231,7243658,12332,44,284
1786397381797,12368896,8783728,8862976,1098944,8231456,0,1064754,0,1051162,0,6326631,0,6144293,4308,2947,12840,8429231,7243658,12332,44,284
1786397382299,12368896,8783728,8862976,1098944,8231456,0,1064754,0,1051162,0,6326631,0,6144293,4308,2947,12840,8429231,7243658,12332,44,284
1786397382802,12368896,8783488,8862736,1098944,8231456,0,1064754,0,1051162,0,6326631,0,6144293,4308,2947,12840,8429231,7243658,12332,44,284
1786397383313,12368896,8783488,8862736,1098944,8231456,0,1064754,0,1051162,0,6326631,0,6144293,4308,2947,12840,8429231,7243658,12332,44,284
1786397383817,12368896,8783488,8862736,1098944,8231456,0,1064754,0,1051162,0,6326631,0,6144293,4308,2947,12840,8429231,7243658,12332,44,284
1786397384319,12368896,8783488,8862736,1098944,8231456,0,1064754,0,1051162,0,6326631,0,6144293,4308,2947,12840,8429231,7243658,12332,44,284
1786397384830,12368896,8783248,8862496,1098944,8231456,0,1064754,0,1051162,0,6326631,0,6144293,4308,2947,12840,8429231,7243658,12332,44,284
1786397385332,12368896,8783248,8862496,1098944,8231456,0,1064754,0,1051162,0,6326631,0,6144293,4308,2947,12840,8429231,7243658,12332,44,284
1786397385843,12368896,8783248,8862496,1098944,8231456,0,1064754,0,1051162,0,6326631,0,6144293,4308,2947,12840,8429231,7243658,12332,44,284
1786397386345,12368896,8783248,8862496,1098944,8231456,0,1064754,0,1051162,0,6326631,0,6144293,4308,2947,12840,8429231,7243658,12332,44,284
1786397386856,12368896,8783248,8862496,1098944,8231456,0,1064754,0,1051162,0,6326631,0,6144293,4308,2947,12840,8429231,7243658,12332,44,284
1786397387365,12368896,8783248,8862496,1098944,8231456,0,1064754,0,1051162,0,6326631,0,6144293,4308,2947,12840,8429231,7243658,12332,44,284
1786397387877,12368896,8783248,8862496,1098944,8231456,0,1064754,0,1051162,0,6326631,0,6144293,4308,2947,12840,8429231,7243658,12332,44,284
1786397388380,12368896,8783248,8862496,1098944,8231456,0,1064754,0,1051162,0,6326631,0,6144293,4308,2947,12840,8429231,7243658,12332,44,284
1786397388892,12368896,8783248,8862496,1098944,8231456,0,1064754,0,1051162,0,6326631,0,6144293,4308,2947,12840,8429231,7243658,12332,44,284
1786397389397,12368896,8783008,8862256,1098944,8231456,0,1064754,0,1051162,0,6326631,0,6144293,4308,2947,12840,8429231,7243658,12332,44,284
1786397389903,12368896,8783008,8862256,1098944,8231456,0,1064754,0,1051162,0,6326631,0,6144293,4308,2947,12840,8429231,7243658,12332,44,284
1786397390405,12368896,8783008,8862256,1098944,8231456,0,1064754,0,1051162,0,6326631,0,6144293,4308,2947,12840,8429231,7243658,12332,44,284
1786397390915,12368896,8783008,8862256,1098944,8231456,0,1064754,0,1051162,0,6326631,0,6144293,4308,2947,12840,8429231,7243658,12332,44,284
1786397391416,12368896,8699280,8858944,1179648,8232336,0,1065160,0,1051412,72,6477130,72,6286270,4481,3006,12840,8429231,7243658,12332,44,284
1786397391917,12368896,10630416,10838448,1227632,8234752,0,1065160,0,1051412,72,6664248,72,6466586,4493,3006,12840,8429231,7243658,12332,44,284
