ts_ms,target,actual,reclaimed,worker_footprint
1786394728367,0,0,0,5917759128
1786394728581,0,0,0,5917808280
1786394728790,0,0,0,5917808280
1786394729001,0,0,0,5917824664
1786394729212,0,0,0,5917841048
1786394729412,0,0,0,5917857432
1786394729624,0,0,0,5917873816
1786394729841,0,0,0,5917857432
1786394730061,0,0,0,5917873816
1786394730265,0,0,0,5917873816
1786394730476,0,0,0,5917873816
1786394730687,0,0,0,5917873816
1786394730901,0,0,0,5917873816
1786394731106,0,0,0,5917873816
1786394731310,0,0,0,5917906584
1786394731511,0,0,0,5917906584
1786394731722,0,0,0,5917922968
1786394731933,0,0,0,5917922968
1786394732143,0,0,0,5917922968
1786394732349,0,0,0,5917955736
1786394732559,0,0,0,5917939352
1786394732770,0,0,0,5917939352
1786394732981,0,0,0,5917939352
1786394733193,0,0,0,5917939352
1786394733398,0,0,0,5917955736
1786394733607,0,0,0,5917972120
1786394733813,0,0,0,5917955736
1786394734024,0,0,0,5917955736
1786394734235,0,0,0,5917955736
1786394734437,0,0,0,5917955736
1786394734648,0,0,0,5917955736
1786394734857,0,0,0,5917972120
1786394735066,0,0,0,5917988504
1786394735278,0,0,0,5917988504
1786394735481,0,0,0,5918021272
1786394735687,0,0,0,5918004888
1786394735895,0,0,0,5918021272
1786394736103,0,0,0,5918004888
1786394736314,0,0,0,5918021272
1786394736525,0,0,0,5918021272
1786394736736,0,0,0,5918021272
1786394736944,0,0,0,5918021272
1786394737154,0,0,0,5918021272
1786394737365,0,0,0,5918070424
1786394737577,0,0,0,5918054040
1786394737783,0,0,0,5918070424
1786394737992,0,0,0,5918070424
1786394738197,0,0,0,5918070424
1786394738398,0,0,0,5918070424
1786394738609,0,0,0,5918070424
1786394738815,0,0,0,5918070424
1786394739026,0,0,0,5918070424
1786394739237,0,0,0,5918086808
1786394739438,0,0,0,5918086808
1786394739649,0,0,0,5918086808
1786394739861,0,0,0,5918103192
1786394740072,0,0,0,5918103192
1786394740283,0,0,0,5918103192
1786394740489,0,0,0,5918103192
1786394740700,0,0,0,5918103192
1786394740912,0,0,0,5918135960
1786394741121,0,0,0,5918119576
1786394741331,0,0,0,5918119576
1786394741539,0,0,0,5918152344
1786394741750,0,0,0,5918152344
1786394741961,0,0,0,5918152344
1786394742164,0,0,0,5918152344
1786394742374,0,0,0,5918185112
1786394742575,0,0,0,5918168728
1786394742786,0,0,0,5918168728
1786394742997,0,0,0,5918185112
1786394743208,0,0,0,5918185112
1786394743413,0,0,0,5918217880
1786394743624,0,0,0,5918201496
1786394743835,0,0,0,5918201496
1786394744045,0,0,0,5918201496
1786394744256,0,0,0,5918201496
1786394744463,0,0,0,5918234264
1786394744675,0,0,0,5918234264
1786394744883,0,0,0,5918234264
1786394745094,0,0,0,5918234264
1786394745305,0,0,0,5918267032
1786394745515,0,0,0,5918283416
1786394745726,0,0,0,5918283416
1786394745928,0,0,0,5918299800
1786394746130,0,0,0,5918283416
1786394746341,0,0,0,5918316184
1786394746549,0,0,0,5918299800
1786394746760,0,0,0,5918299800
1786394746971,0,0,0,5918299800
1786394747173,0,0,0,5918316184
1786394747378,0,0,0,5918332568
1786394747589,0,0,0,5918348952
1786394747798,0,0,0,5918348952
1786394748003,0,0,0,5918398104
1786394748214,0,0,0,5918414488
1786394748424,0,0,0,5918414488
1786394748634,0,0,0,5918414488
1786394748844,0,0,0,5918414488
1786394749055,0,0,0,5918430872
1786394749260,0,0,0,5918430872
1786394749470,0,0,0,5918447256
1786394749678,0,0,0,5918447256
1786394749888,0,0,0,5918447256
1786394750100,0,0,0,5918463640
1786394750306,0,0,0,5918463640
1786394750511,0,0,0,5918480024
1786394750718,0,0,0,5918480024
1786394750921,0,0,0,5918496408
1786394751133,0,0,0,5918496408
1786394751341,0,0,0,5918480024
1786394751552,0,0,0,5918496408
1786394751763,0,0,0,5918512792
1786394751969,0,0,0,5918512792
1786394752174,0,0,0,5918529176
1786394752380,0,0,0,5918561944
1786394752585,0,0,0,5918561944
1786394752791,0,0,0,5918561944
1786394753002,0,0,0,5918578328
1786394753205,0,0,0,5918578328
1786394753416,0,0,0,5918594712
1786394753621,0,0,0,5918594712
1786394753831,0,0,0,5918594712
1786394754043,0,0,0,5918611096
1786394754249,0,0,0,5918627480
1786394754452,0,0,0,5918611096
1786394754664,0,0,0,5918611096
1786394754874,0,0,0,5918611096
1786394755077,0,0,0,5918611096
1786394755288,0,0,0,5918611096
1786394755496,0,0,0,5918627480
1786394755708,0,0,0,5918922392
1786394755920,0,0,0,5918922392
1786394756130,0,0,0,5919135384
1786394756340,0,0,0,5919135384
1786394756543,0,0,0,5919217304
1786394756755,0,0,0,5920380568
1786394756963,0,0,0,5920380568
1786394757170,0,0,0,5920380568
1786394757381,0,0,0,5920380568
1786394757587,0,0,0,5920380568
1786394757797,0,0,0,5920380568
1786394758002,0,0,0,5920396952
1786394758207,0,0,0,5920380568
1786394758410,0,0,0,5920380568
1786394758622,0,0,0,5920396952
1786394758833,0,0,0,5920380568
1786394759040,0,0,0,5920380568
1786394759249,0,0,0,5920380568
1786394759460,0,0,0,5920380568
1786394759670,0,0,0,5920380568
1786394759884,0,0,0,5920380568
1786394760089,0,0,0,5920380568
1786394760291,0,0,0,5920380568
1786394760502,0,0,0,5920380568
1786394760713,0,0,0,5920380568
1786394760924,0,0,0,5920396952
1786394761126,0,0,0,5920380568
1786394761337,0,0,0,5920380568
1786394761540,0,0,0,5920380568
1786394761742,0,0,0,5920380568
1786394761945,0,0,0,5920380568
1786394762157,0,0,0,5920380568
1786394762367,0,0,0,5920380568
1786394762568,0,0,0,5920380568
1786394762773,0,0,0,5920380568
1786394762983,0,0,0,5920380568
1786394763185,0,0,0,5920380568
1786394763396,0,0,0,5920380568
1786394763605,0,0,0,5920380568
1786394763816,0,0,0,5920380568
1786394764026,0,0,0,5920380568
1786394764238,0,0,0,5920413336
1786394764450,0,0,0,5920380568
1786394764660,0,0,0,5920380568
1786394764871,0,0,0,5920380568
1786394765076,0,0,0,5920380568
1786394765286,0,0,0,5920380568
1786394765497,0,0,0,5920380568
1786394765705,0,0,0,5920380568
1786394765911,0,0,0,5920380568
1786394766122,0,0,0,5920380568
1786394766332,0,0,0,5920380568
1786394766544,0,0,0,5920380568
1786394766746,0,0,0,5920396952
1786394766958,0,0,0,5920380568
1786394767169,0,0,0,5920396952
1786394767371,0,0,0,5920380568
1786394767582,0,0,0,5920380568
1786394767789,0,0,0,5920380568
1786394768000,0,0,0,5920380568
1786394768219,0,0,0,5920380568
1786394768424,0,0,0,5920380568
1786394768635,0,0,0,5920380568
1786394768839,0,0,0,5920380568
1786394769051,0,0,0,5920380568
1786394769253,0,0,0,5920380568
1786394769457,0,0,0,5920380568
1786394769667,0,0,0,5920380568
1786394769878,0,0,0,5920380568
1786394770084,0,0,0,5920380568
1786394770287,0,0,0,5920396952
1786394770497,0,0,0,5920396952
1786394770698,0,0,0,5920380568
1786394770901,0,0,0,5920380568
1786394771108,0,0,0,5920380568
1786394771311,0,0,0,5920380568
1786394771518,0,0,0,5920380568
1786394771725,0,0,0,5920380568
1786394771936,0,0,0,5920380568
1786394772138,0,0,0,5920380568
1786394772347,0,0,0,5920380568
1786394772562,0,0,0,5920396952
1786394772774,0,0,0,5920380568
1786394772980,0,0,0,5920380568
1786394773183,0,0,0,5920380568
1786394773394,0,0,0,5920380568
1786394773595,0,0,0,5920380568
1786394773799,0,0,0,5920380568
1786394774001,0,0,0,5920380568
1786394774212,0,0,0,5920380568
1786394774415,0,0,0,5920380568
1786394774626,0,0,0,5920396952
1786394774835,0,0,0,5920396952
1786394775045,0,0,0,5920396952
1786394775256,0,0,0,5920396952
1786394775457,0,0,0,5920413336
1786394775669,0,0,0,5920413336
1786394775880,0,0,0,5920413336
1786394776088,0,0,0,5920413336
1786394776291,0,0,0,5920413336
1786394776494,0,0,0,5920429720
1786394776705,0,0,0,5920446104
1786394776915,0,0,0,5920429720
1786394777122,0,0,0,5920429720
1786394777332,0,0,0,5920429720
1786394777543,0,0,0,5920429720
1786394777746,0,0,0,5920429720
1786394777958,0,0,0,5920429720
1786394778169,0,0,0,5920462488
1786394778380,0,0,0,5920446104
1786394778591,0,0,0,5920446104
1786394778802,0,0,0,5920446104
1786394779012,0,0,0,5920462488
1786394779219,0,0,0,5920446104
1786394779424,0,0,0,5920446104
1786394779630,0,0,0,5920446104
1786394779841,0,0,0,5920446104
1786394780045,0,0,0,5920446104
1786394780256,0,0,0,5920446104
1786394780478,0,0,0,5920446104
1786394780686,0,0,0,5920446104
1786394780906,0,0,0,5920462488
1786394781120,0,0,0,5920462488
1786394781326,0,0,0,5920446104
1786394781539,0,0,0,5920446104
1786394781745,0,0,0,5920446104
1786394781946,0,0,0,5920446104
1786394782153,0,0,0,5920446104
1786394782365,0,0,0,5920462488
1786394782575,0,0,0,5920446104
1786394782777,0,0,0,5920462488
1786394782982,0,0,0,5920446104
1786394783193,0,0,0,5920446104
1786394783404,0,0,0,5920446104
1786394783615,0,0,0,5920446104
1786394783818,0,0,0,5920446104
1786394784028,0,0,0,5920446104
1786394784239,0,0,0,5920446104
1786394784450,0,0,0,5920446104
1786394784656,0,0,0,5920446104
1786394784866,0,0,0,5920446104
1786394785067,0,0,0,5920446104
1786394785277,0,0,0,5920446104
1786394785489,0,0,0,5920446104
1786394785695,0,0,0,5920446104
1786394785904,0,0,0,5920446104
1786394786110,0,0,0,5920446104
1786394786317,0,0,0,5920446104
1786394786528,0,0,0,5920446104
1786394786734,0,0,0,5920446104
1786394786945,0,0,0,5920528024
1786394787157,0,0,0,5920544408
1786394787369,0,0,0,5920528024
1786394787579,0,0,0,5920528024
1786394787793,0,0,0,5920528024
1786394788002,0,0,0,5920528024
1786394788213,0,0,0,5920528024
1786394788440,0,0,0,5920528024
1786394788650,0,0,0,5920544408
1786394788852,0,0,0,5920544408
1786394789062,0,0,0,5920544408
1786394789273,0,0,0,5920544408
1786394789474,0,0,0,5920544408
1786394789676,0,0,0,5920544408
1786394789886,0,0,0,5920888472
1786394790094,0,0,0,5920888472
1786394790295,0,0,0,5920888472
1786394790503,0,0,0,5920888472
1786394790713,0,0,0,5920888472
1786394790920,0,0,0,5920888472
1786394791130,0,0,0,5920888472
1786394791334,0,0,0,5920888472
1786394791544,0,0,0,5920888472
1786394791745,0,0,0,5920888472
1786394791949,0,0,0,5920888472
1786394792160,0,0,0,5920888472
1786394792363,0,0,0,5920888472
1786394792573,0,0,0,5920888472
1786394792801,0,0,0,5920904856
1786394793011,0,0,0,5920904856
1786394793848,0,0,0,5920904856
1786394794251,0,0,0,5920904856
1786394794571,0,0,0,5920888472
1786394794773,0,0,0,5920888472
1786394794982,0,0,0,5920888472
1786394795183,0,0,0,5920888472
1786394795393,0,0,0,5920888472
1786394795599,0,0,0,5920888472
1786394795809,0,0,0,5920888472
1786394796010,0,0,0,5920888472
1786394796220,0,0,0,5920888472
1786394796421,0,0,0,5920888472
1786394796625,0,0,0,5920921240
1786394796835,0,0,0,5920888472
1786394797045,0,0,0,5920888472
1786394797251,0,0,0,5920888472
1786394797460,0,0,0,5920888472
1786394797670,0,0,0,5920904856
1786394797879,0,0,0,5920888472
1786394798090,0,0,0,5920888472
1786394798300,0,0,0,5920888472
1786394798503,0,0,0,5920888472
1786394798707,268435456,109051904,109051904,5886400200
1786394798917,268435456,268435456,268435456,5885450048
1786394799127,268435456,268435456,268435456,5885450048
1786394799337,268435456,268435456,268435456,5885450048
1786394799546,268435456,268435456,268435456,5885450048
1786394799756,268435456,268435456,268435456,5885450048
1786394799966,268435456,268435456,268435456,5885450048
1786394800176,268435456,268435456,268435456,5885450048
1786394800381,268435456,268435456,268435456,5885450048
1786394800592,268435456,268435456,268435456,5885450048
1786394800802,536870912,503316480,503693312,5886679016
1786394801006,536870912,536870912,536870912,5886154752
1786394801207,536870912,536870912,536870912,5886154752
1786394801417,536870912,536870912,536870912,5886154752
1786394801618,536870912,536870912,536870912,5886154752
1786394801825,536870912,536870912,536870912,5886171136
1786394802035,536870912,536870912,536870912,5886171136
1786394802245,536870912,536870912,536870912,5886171136
1786394802455,536870912,536870912,536870912,5886171136
1786394802658,805306368,554696704,555237376,5886580736
1786394802859,805306368,805306368,805306368,5886318784
1786394803069,805306368,805306368,805306368,5886318784
1786394803279,805306368,805306368,805306368,5886318784
1786394803489,805306368,805306368,805306368,5886318784
1786394803700,805306368,805306368,805306368,5886318784
1786394803906,805306368,805306368,805306368,5886318784
1786394804116,805306368,805306368,805306368,5886318784
1786394804326,805306368,805306368,805306368,5886318784
1786394804533,805306368,805306368,805306368,5886318784
1786394804736,1073741824,919601152,919601152,5887383816
1786394804940,1073741824,1073741824,1073741824,5888727424
1786394805145,1073741824,1073741824,1073741824,5888727424
1786394805356,1073741824,1073741824,1073741824,5888727424
1786394805566,1073741824,1073741824,1073741824,5888743808
1786394805769,1073741824,1073741824,1073741824,5888760192
1786394805979,1073741824,1073741824,1073741824,5888760192
1786394806189,1073741824,1073741824,1073741824,5889268096
1786394806395,1073741824,1073741824,1073741824,5889268096
1786394806598,1073741824,1073741824,1073741824,5889268096
1786394806799,1342177280,1266679808,1267662848,5890218512
1786394807009,1342177280,1342177280,1342177280,5889202752
1786394807212,1342177280,1342177280,1342177280,5889563200
1786394807423,1342177280,1342177280,1342177280,5889579584
1786394807629,1342177280,1342177280,1342177280,5889563200
1786394807839,1342177280,1342177280,1342177280,5889563200
1786394808046,1342177280,1342177280,1342177280,5889563200
1786394808257,1342177280,1342177280,1342177280,5889563200
1786394808468,1342177280,1342177280,1342177280,5889694272
1786394808679,1342177280,1342177280,1342177280,5889710656
1786394808882,1610612736,1555038208,1555300352,5890022096
1786394809093,1610612736,1610612736,1610612736,5889628928
1786394809304,1610612736,1610612736,1610612736,5889628928
1786394809507,1610612736,1610612736,1610612736,5889989376
1786394809718,1610612736,1610612736,1610612736,5889989376
1786394809923,1610612736,1610612736,1610612736,5889989376
1786394810134,1610612736,1610612736,1610612736,5889989376
1786394810337,1610612736,1610612736,1610612736,5889989376
1786394810542,1610612736,1610612736,1610612736,5890136832
1786394810743,1879048192,1655701504,1656340480,5890169624
1786394810954,1879048192,1879048192,1879048192,5890055104
1786394811165,1879048192,1879048192,1879048192,5890055104
1786394811372,1879048192,1879048192,1879048192,5890071488
1786394811578,1879048192,1879048192,1879048192,5890055104
1786394811789,1879048192,1879048192,1879048192,5890415552
1786394812000,1879048192,1879048192,1879048192,5890415552
1786394812207,1879048192,1879048192,1879048192,5890431936
1786394812412,1879048192,1879048192,1879048192,5890431936
1786394812624,1879048192,1879048192,1879048192,5890415552
1786394812830,2147483648,2023751680,2024030208,5897657376
1786394813039,2147483648,2147483648,2147483648,5897018496
1786394813240,2147483648,2147483648,2147483648,5897034880
1786394813450,2147483648,2147483648,2147483648,5897018496
1786394813663,2147483648,2147483648,2147483648,5897034880
1786394813865,2147483648,2147483648,2147483648,5897018496
1786394814076,2147483648,2147483648,2147483648,5897018496
1786394814287,2147483648,2147483648,2147483648,5897018496
1786394814498,2147483648,2147483648,2147483648,5897018496
1786394814702,2147483648,2147483648,2147483648,5897018496
1786394814904,2415919104,2415919104,2415919104,5897149760
1786394815105,2415919104,2415919104,2415919104,5897149760
1786394815316,2415919104,2415919104,2415919104,5897149760
1786394815528,2415919104,2415919104,2415919104,5897166144
1786394815733,2415919104,2415919104,2415919104,5897149760
1786394815936,2415919104,2415919104,2415919104,5897166144
1786394816143,2415919104,2415919104,2415919104,5897559360
1786394816354,2415919104,2415919104,2415919104,5897559360
1786394816566,2415919104,2415919104,2415919104,5897559360
1786394816776,2684354560,2450522112,2450964480,5897362776
1786394816977,2684354560,2684354560,2684354560,5897477632
1786394817187,2684354560,2684354560,2684354560,5897477632
1786394817398,2684354560,2684354560,2684354560,5897477632
1786394817610,2684354560,2684354560,2684354560,5897477632
1786394817821,2684354560,2684354560,2684354560,5897477632
1786394818030,2684354560,2684354560,2684354560,5897477632
1786394818238,2684354560,2684354560,2684354560,5897477632
1786394818446,2684354560,2684354560,2684354560,5897821696
1786394818657,2684354560,2684354560,2684354560,5897821696
1786394818861,2952790016,2834300928,2834415616,5898444384
1786394819072,2952790016,2952790016,2952790016,5897756352
1786394819283,2952790016,2952790016,2952790016,5897756352
1786394819493,2952790016,2952790016,2952790016,5898116800
1786394819703,2952790016,2952790016,2952790016,5898116800
1786394819915,2952790016,2952790016,2952790016,5898116800
1786394820123,2952790016,2952790016,2952790016,5898116800
1786394820334,2952790016,2952790016,2952790016,5898116800
1786394820538,2952790016,2952790016,2952790016,5898116800
1786394820750,2952790016,2952790016,2952790016,5898133184
1786394820955,3221225472,3221225472,3221225472,5898035072
1786394821165,3221225472,3221225472,3221225472,5898035072
1786394821371,3221225472,3221225472,3221225472,5898035072
1786394821582,3221225472,3221225472,3221225472,5898035072
1786394821793,3221225472,3221225472,3221225472,5898248064
1786394822004,3221225472,3221225472,3221225472,5898248064
1786394822212,3221225472,3221225472,3221225472,5898248064
1786394822415,3221225472,3221225472,3221225472,5898248064
1786394822617,3221225472,3221225472,3221225472,5898248064
1786394822827,3489660928,3316645888,3316924416,5898706888
1786394823038,3489660928,3489660928,3489660928,5898133568
1786394823249,3489660928,3489660928,3489660928,5898149952
1786394823461,3489660928,3489660928,3489660928,5898133568
1786394823663,3489660928,3489660928,3489660928,5898133568
1786394823874,3489660928,3489660928,3489660928,5898526784
1786394824075,3489660928,3489660928,3489660928,5898526784
1786394824286,3489660928,3489660928,3489660928,5898526784
1786394824495,3489660928,3489660928,3489660928,5898543168
1786394824705,3489660928,3489660928,3489660928,5898526784
1786394824912,3758096384,3645898752,3646357504,5898461368
1786394825122,3758096384,3758096384,3758096384,5898461440
1786394825334,3758096384,3758096384,3758096384,5898461440
1786394825541,3758096384,3758096384,3758096384,5898461440
1786394825745,3758096384,3758096384,3758096384,5898461440
1786394825956,3758096384,3758096384,3758096384,5898461440
1786394826162,3758096384,3758096384,3758096384,5898821888
1786394826375,3758096384,3758096384,3758096384,5898838272
1786394826579,3758096384,3758096384,3758096384,5898821888
1786394826790,3758096384,3758096384,3758096384,5898821888
1786394826991,4026531840,3903848448,3904389120,5912781176
1786394827202,4026531840,4026531840,4026531840,5912453592
1786394827414,4026531840,4026531840,4026531840,5912469976
1786394827622,4026531840,4026531840,4026531840,5912469976
1786394827830,4026531840,4026531840,4026531840,5912469976
1786394828039,4026531840,4026531840,4026531840,5912469976
1786394828243,4026531840,4026531840,4026531840,5912453592
1786394828454,4026531840,4026531840,4026531840,5912797656
1786394828665,4026531840,4026531840,4026531840,5912814040
1786394828876,4294967296,4106223616,4106764288,5912928776
1786394829086,4294967296,4294967296,4294967296,5912732312
1786394829298,4294967296,4294967296,4294967296,5912748696
1786394829508,4294967296,4294967296,4294967296,5913092760
1786394829719,4294967296,4294967296,4294967296,5913109144
1786394829925,4294967296,4294967296,4294967296,5913092760
1786394830129,4294967296,4294967296,4294967296,5913092760
1786394830334,4294967296,4294967296,4294967296,5913092760
1786394830544,4294967296,4294967296,4294967296,5913240216
1786394830755,4294967296,4294967296,4294967296,5913240216
1786394830956,4563402752,4452253696,4452253696,5913830160
1786394831166,4563402752,4563402752,4563402752,5913158488
1786394831377,4563402752,4563402752,4563402752,5913158488
1786394831587,4563402752,4563402752,4563402752,5913158488
1786394831798,4563402752,4563402752,4563402752,5913535320
1786394832010,4563402752,4563402752,4563402752,5913535320
1786394832221,4563402752,4563402752,4563402752,5913535320
1786394832430,4563402752,4563402752,4563402752,5913535320
1786394832636,4563402752,4563402752,4563402752,5913535320
1786394832839,4563402752,4563402752,4563402752,5913535320
1786394833041,4831838208,4831838208,4831838208,5913289752
1786394833252,4831838208,4831838208,4831838208,5913289752
1786394833456,4831838208,4831838208,4831838208,5913289752
1786394833664,4831838208,4831838208,4831838208,5913289752
1786394833865,4831838208,4831838208,4831838208,5913289752
1786394834067,4831838208,4831838208,4831838208,5913289752
1786394834278,4831838208,4831838208,4831838208,5913306136
1786394834490,4831838208,4831838208,4831838208,5913289752
1786394834696,4831838208,4831838208,4831838208,5913289752
1786394834903,5100273664,4849664000,4850286592,5913306160
1786394835108,5100273664,5100273664,5100273664,5897741504
1786394835310,5100273664,5100273664,5100273664,5897741504
1786394835517,5100273664,5100273664,5100273664,5897741504
1786394835728,5100273664,5100273664,5100273664,5897741504
1786394835933,5100273664,5100273664,5100273664,5897741504
1786394836143,5100273664,5100273664,5100273664,5899068608
1786394836346,5100273664,5100273664,5100273664,5899789504
1786394836553,5100273664,5100273664,5100273664,5899789504
1786394836764,5100273664,5100273664,5100273664,5899789504
1786394836965,5368709120,5232394240,5232427008,5895890160
1786394837176,5368709120,5368709120,5368709120,5895382352
1786394837386,5368709120,5368709120,5368709120,5895382352
1786394837597,5368709120,5368709120,5368709120,5895382352
1786394837806,5368709120,5368709120,5368709120,5895382352
1786394838007,5368709120,5368709120,5368709120,5895382352
1786394838213,5368709120,5368709120,5368709120,5895382352
1786394838417,5368709120,5368709120,5368709120,5896037712
1786394838628,5368709120,5368709120,5368709120,5896037712
1786394838836,5368709120,5368709120,5368709120,5896037712
1786394839038,5637144576,5524946944,5525733376,5896185288
1786394839249,5637144576,5637144576,5637144576,5895808528
1786394839459,5637144576,5637144576,5637144576,5895808528
1786394839670,5637144576,5637144576,5637144576,5895808528
1786394839882,5637144576,5637144576,5637144576,5895808528
1786394840094,5637144576,5637144576,5637144576,5895824912
1786394840303,5637144576,5637144576,5637144576,5895808528
1786394840505,5637144576,5637144576,5637144576,5896431120
1786394840716,5637144576,5637144576,5637144576,5896431120
1786394840927,5905580032,5640290304,5640781824,5896529424
1786394841130,5905580032,5905580032,5905580032,5896365776
1786394841338,5905580032,5905580032,5905580032,5896365776
1786394841544,5905580032,5905580032,5905580032,5896365776
1786394841746,5905580032,5905580032,5905580032,5896857296
1786394841956,5905580032,5905580032,5905580032,5896857296
1786394842167,5905580032,5905580032,5905580032,5896857296
1786394842370,5905580032,5905580032,5905580032,5896857296
1786394842578,5905580032,5905580032,5905580032,5896857296
1786394842783,5905580032,5905580032,5905580032,5896873680
1786394842984,6174015488,5948571648,5948784640,5896775400
1786394843191,6174015488,6174015488,6174015488,5896808336
1786394843403,6174015488,6174015488,6174015488,5896824720
1786394843612,6174015488,6174015488,6174015488,5896808336
1786394843822,6174015488,6174015488,6174015488,5896808336
1786394844028,6174015488,6174015488,6174015488,5897299856
1786394844231,6174015488,6174015488,6174015488,5897299856
1786394844441,6174015488,6174015488,6174015488,5897299856
1786394844653,6174015488,6174015488,6174015488,5897299856
1786394844864,6174015488,6174015488,6174015488,5897299856
1786394845066,6442450944,6331301888,6331449344,5897922568
1786394845277,6442450944,6442450944,6442450944,5897185360
1786394845488,6442450944,6442450944,6442450944,5897201744
1786394845694,6442450944,6442450944,6442450944,5897185360
1786394845905,6442450944,6442450944,6442450944,5897185360
1786394846110,6442450944,6442450944,6442450944,5897201744
1786394846314,6442450944,6442450944,6442450944,5897742416
1786394846525,6442450944,6442450944,6442450944,5897742416
1786394846730,6442450944,6442450944,6442450944,5897742416
1786394846941,6442450944,6442450944,6442450944,5897742416
1786394847145,6710886400,6665797632,6665863168,5898463480
1786394847355,6710886400,6710886400,6710886400,5897693456
1786394847567,6710886400,6710886400,6710886400,5897693456
1786394847774,6710886400,6710886400,6710886400,5897709840
1786394847985,6710886400,6710886400,6710886400,5897693456
1786394848188,6710886400,6710886400,6710886400,5897693456
1786394848398,6710886400,6710886400,6710886400,5898168592
1786394848610,6710886400,6710886400,6710886400,5898168592
1786394848813,6710886400,6710886400,6710886400,5898168592
1786394849022,6979321856,6776946688,6777077760,5898316096
1786394849232,6979321856,6979321856,6979321856,5897939408
1786394849442,6979321856,6979321856,6979321856,5897955792
1786394849653,6979321856,6979321856,6979321856,5897955792
1786394849863,6979321856,6979321856,6979321856,5897955792
1786394850074,6979321856,6979321856,6979321856,5897955792
1786394850284,6979321856,6979321856,6979321856,5897955792
1786394850486,6979321856,6979321856,6979321856,5898594768
1786394850697,6979321856,6979321856,6979321856,5898578384
1786394850904,6979321856,6979321856,6979321856,5898578384
1786394851108,7247757312,7155482624,7155777536,5899135560
1786394851318,7247757312,7247757312,7247757312,5898513040
1786394851520,7247757312,7247757312,7247757312,5899020944
1786394851731,7247757312,7247757312,7247757312,5899020944
1786394851936,7247757312,7247757312,7247757312,5899020944
1786394852146,7247757312,7247757312,7247757312,5899020944
1786394852349,7247757312,7247757312,7247757312,5899020944
1786394852560,7247757312,7247757312,7247757312,5899283088
1786394852770,7247757312,7247757312,7247757312,5899283088
1786394852971,7247757312,7247757312,7247757312,5899299472
1786394853178,7516192768,7499415552,7500316672,5899381584
1786394853381,7516192768,7516192768,7516192768,5899250512
1786394853591,7516192768,7516192768,7516192768,5899250512
1786394853795,7516192768,7516192768,7516192768,5899742032
1786394854005,7516192768,7516192768,7516192768,5899742032
1786394854215,7516192768,7516192768,7516192768,5899742032
1786394854426,7516192768,7516192768,7516192768,5899742032
1786394854636,7516192768,7516192768,7516192768,5899742032
1786394854846,7516192768,7516192768,7516192768,5900020560
1786394855056,7784628224,7516192768,7516192768,5909261136
1786394855259,7784628224,7600078848,7600537600,5927398320
1786394855460,7784628224,7784628224,7784628224,5928316064
1786394855671,7784628224,7784628224,7784628224,5928316064
1786394855881,7784628224,7784628224,7784628224,5928381600
1786394856091,7784628224,7784628224,7784628224,5928397984
1786394856301,7784628224,7784628224,7784628224,5928397984
1786394856511,7784628224,7784628224,7784628224,5928397984
1786394856721,7784628224,7784628224,7784628224,5928397984
1786394856931,7784628224,7784628224,7784628224,5928512672
1786394857132,8053063680,7913603072,7914455040,5928037632
1786394857334,8053063680,8053063680,8053063680,5894958408
1786394857545,8053063680,8053063680,8053063680,5894958408
1786394857750,8053063680,8053063680,8053063680,5894958408
1786394857951,8053063680,8053063680,8053063680,5894991176
1786394858162,8053063680,8053063680,8053063680,5894991176
1786394858372,8053063680,8053063680,8053063680,5894991176
1786394858573,8053063680,8053063680,8053063680,5894991176
1786394858791,8053063680,8053063680,8053063680,5895007560
1786394858995,8053063680,8053063680,8053063680,5894991176
1786394859201,8321499136,8321499136,8321499136,5546225016
1786394859412,8321499136,8321499136,8321499136,5546225016
1786394859623,8321499136,8321499136,8321499136,5546225016
1786394859835,8321499136,8321499136,8321499136,5546241400
1786394860042,8321499136,8321499136,8321499136,5546241400
1786394860249,8321499136,8321499136,8321499136,5590314840
1786394860460,8321499136,8321499136,8321499136,5677133680
1786394860671,8321499136,8321499136,8321499136,5677182832
1786394860880,8321499136,8321499136,8321499136,5677199216
1786394861087,8530345984,8325693440,8325890048,5669154672
1786394861289,8530345984,8530345984,8530345984,5285687152
1786394861499,8530345984,8530345984,8530345984,5285703536
1786394861702,8530345984,8530345984,8530345984,5493436368
1786394861913,8530345984,8530345984,8530345984,5493485520
1786394862120,8530345984,8530345984,8530345984,5493501904
1786394862331,8530345984,8530345984,8530345984,5493485520
1786394862543,8530345984,8530345984,8530345984,5493485520
1786394862744,8530345984,8530345984,8530345984,5493485520
1786394862949,8530345984,8530345984,8530345984,5502791632
1786394863159,8560050176,8560050176,8560050176,5446021072
1786394863364,8560050176,8560050176,8560050176,5446037456
1786394863571,8560050176,8560050176,8560050176,5446037456
1786394863776,8560050176,8560050176,8560050176,5446021072
1786394863986,8560050176,8560050176,8560050176,5446037456
1786394864191,8560050176,8560050176,8560050176,5449428944
1786394864401,8560050176,8560050176,8560050176,5449428944
1786394864612,8560050176,8560050176,8560050176,5449428944
1786394864815,8560050176,8560050176,8560050176,5449428944
1786394865020,8560050176,8560050176,8560050176,5449445328
1786394865223,8560050176,8560050176,8560050176,5449461712
1786394865432,8560050176,8560050176,8560050176,5449494480
1786394865637,8560050176,8560050176,8560050176,5449576400
1786394865848,8560050176,8560050176,8560050176,5449592784
1786394866052,8560050176,8560050176,8560050176,5449625552
1786394866258,8560050176,8560050176,8560050176,5449658320
1786394866465,8560050176,8560050176,8560050176,5449658320
1786394866670,8560050176,8560050176,8560050176,5449641936
1786394866881,8560050176,8560050176,8560050176,5449641936
1786394867092,8560050176,8560050176,8560050176,5449658320
1786394867295,8560050176,8560050176,8560050176,5449789392
1786394867506,8560050176,8560050176,8560050176,5449789392
1786394867712,8560050176,8560050176,8560050176,5450198992
1786394867914,8560050176,8560050176,8560050176,5450182608
1786394868124,8560050176,8560050176,8560050176,5450182608
1786394868335,8560050176,8560050176,8560050176,5450182608
1786394868546,8560050176,8560050176,8560050176,5450182608
1786394868757,8560050176,8560050176,8560050176,5450182608
1786394868968,8560050176,8560050176,8560050176,5450182608
1786394869173,8560050176,8560050176,8560050176,5450182608
1786394869384,8560050176,8560050176,8560050176,5450182608
1786394869595,8560050176,8560050176,8560050176,5450182608
1786394869797,8560050176,8560050176,8560050176,5450182608
1786394870001,8560050176,8560050176,8560050176,5450182608
1786394870206,8560050176,8560050176,8560050176,5450182608
1786394870415,8560050176,8560050176,8560050176,5450182608
1786394870626,8560050176,8560050176,8560050176,5450182608
1786394870837,8560050176,8560050176,8560050176,5450182608
1786394871046,8560050176,8560050176,8560050176,5450182608
1786394871254,8560050176,8560050176,8560050176,5450182608
1786394871461,8560050176,8560050176,8560050176,5450198992
1786394871663,8560050176,8560050176,8560050176,5468155856
1786394871874,8560050176,8560050176,8560050176,5468155856
1786394872087,8560050176,8560050176,8560050176,5468172240
1786394872295,8560050176,8560050176,8560050176,5468155856
1786394872506,8560050176,8560050176,8560050176,5468172240
1786394872713,8560050176,8560050176,8560050176,5468172240
1786394872918,8560050176,8560050176,8560050176,5468418000
1786394873118,8560050176,8560050176,8560050176,5468418000
1786394873328,8560050176,8560050176,8560050176,5468418000
1786394873539,8560050176,8560050176,8560050176,5468418000
1786394873751,8560050176,8560050176,8560050176,5468418000
1786394873965,8560050176,8560050176,8560050176,5468434384
1786394874170,8560050176,8560050176,8560050176,5468418000
1786394874374,8560050176,8560050176,8560050176,5468418000
1786394874585,8560050176,8560050176,8560050176,5468418000
1786394874789,8560050176,8560050176,8560050176,5468418000
1786394874992,8560050176,8560050176,8560050176,5468434384
1786394875195,8560050176,8560050176,8560050176,5468418000
1786394875406,8560050176,8560050176,8560050176,5468418000
1786394875616,8560050176,8560050176,8560050176,5468418000
1786394875828,8560050176,8560050176,8560050176,5468418000
1786394876036,8560050176,8560050176,8560050176,5468418000
1786394876246,8560050176,8560050176,8560050176,5468418000
1786394876454,8560050176,8560050176,8560050176,5468418000
1786394876664,8560050176,8560050176,8560050176,5468418000
1786394876874,8560050176,8560050176,8560050176,5468418000
1786394877086,8560050176,8560050176,8560050176,5468434384
1786394877297,8560050176,8560050176,8560050176,5468418000
1786394877507,8560050176,8560050176,8560050176,5468418000
1786394877716,8560050176,8560050176,8560050176,5468434384
1786394877922,8560050176,8560050176,8560050176,5468418000
1786394878132,8560050176,8560050176,8560050176,5468418000
1786394878343,8560050176,8560050176,8560050176,5468418000
1786394878551,8560050176,8560050176,8560050176,5468418000
1786394878762,8560050176,8560050176,8560050176,5468418000
1786394878973,8560050176,8560050176,8560050176,5468418000
1786394879176,8560050176,8560050176,8560050176,5468418000
1786394879387,8560050176,8560050176,8560050176,5468418000
1786394879595,8560050176,8560050176,8560050176,5468418000
1786394879807,8560050176,8560050176,8560050176,5468418000
1786394880026,8560050176,8560050176,8560050176,5468418000
1786394880237,8560050176,8560050176,8560050176,5468467152
1786394880438,8560050176,8560050176,8560050176,5468467152
1786394880649,8560050176,8560050176,8560050176,5468467152
1786394880857,8560050176,8560050176,8560050176,5468467152
1786394881068,8560050176,8560050176,8560050176,5468467152
1786394881271,8560050176,8560050176,8560050176,5468467152
1786394881472,8560050176,8560050176,8560050176,5468467152
1786394881673,8560050176,8560050176,8560050176,5468467152
1786394881884,8560050176,8560050176,8560050176,5468467152
1786394882095,8560050176,8560050176,8560050176,5468483536
1786394882304,8560050176,8560050176,8560050176,5468467152
1786394882515,8560050176,8560050176,8560050176,5468467152
1786394882725,8560050176,8560050176,8560050176,5468467152
1786394882936,8560050176,8560050176,8560050176,5468467152
1786394883147,8560050176,8560050176,8560050176,5468483536
1786394883350,8560050176,8560050176,8560050176,5468483536
1786394883552,8560050176,8560050176,8560050176,5468467152
1786394883757,8560050176,8560050176,8560050176,5468467152
1786394883961,8560050176,8560050176,8560050176,5468467152
1786394884171,8560050176,8560050176,8560050176,5468467152
1786394884382,8560050176,8560050176,8560050176,5468467152
1786394884591,8560050176,8560050176,8560050176,5468467152
1786394884795,8560050176,8560050176,8560050176,5468467152
1786394885006,8560050176,8560050176,8560050176,5468483536
1786394885207,8560050176,8560050176,8560050176,5468467152
1786394885418,8560050176,8560050176,8560050176,5468467152
1786394885628,8560050176,8560050176,8560050176,5468467152
1786394885838,8560050176,8560050176,8560050176,5468467152
1786394886048,8560050176,8560050176,8560050176,5468483536
1786394886253,8578596864,8564244480,8564506624,5458948048
1786394886454,8578596864,8578596864,8578596864,5431455696
1786394886658,8578596864,8578596864,8578596864,5431455696
1786394886868,8578596864,8578596864,8578596864,5431455696
1786394887078,8578596864,8578596864,8578596864,5431455696
1786394887289,8578596864,8578596864,8578596864,5431455696
1786394887499,8578596864,8578596864,8578596864,5431455696
1786394887701,8578596864,8578596864,8578596864,5431455696
1786394887902,8578596864,8578596864,8578596864,5431455696
1786394888110,8578596864,8578596864,8578596864,5431472080
1786394888318,8578596864,8578596864,8578596864,5431455696
1786394888519,8578596864,8578596864,8578596864,5431455696
1786394888729,8578596864,8578596864,8578596864,5431455696
1786394888940,8578596864,8578596864,8578596864,5431455696
1786394889150,8578596864,8578596864,8578596864,5431455696
1786394889351,8578596864,8578596864,8578596864,5431472080
1786394889562,8578596864,8578596864,8578596864,5431455696
1786394889772,8578596864,8578596864,8578596864,5431455696
1786394889973,8578596864,8578596864,8578596864,5431455696
1786394890174,8578596864,8578596864,8578596864,5431455696
1786394890380,8578596864,8578596864,8578596864,5431455696
1786394890586,8578596864,8578596864,8578596864,5431472080
1786394890796,8578596864,8578596864,8578596864,5431472080
1786394891007,8578596864,8578596864,8578596864,5431472080
1786394891208,8578596864,8578596864,8578596864,5431472080
1786394891419,8578596864,8578596864,8578596864,5431472080
1786394891629,8578596864,8578596864,8578596864,5431472080
1786394891839,8578596864,8578596864,8578596864,5431472080
1786394892050,8578596864,8578596864,8578596864,5431472080
1786394892253,8578596864,8578596864,8578596864,5431472080
1786394892463,8578596864,8578596864,8578596864,5431472080
1786394892669,8578596864,8578596864,8578596864,5431472080
1786394892870,8578596864,8578596864,8578596864,5431472080
1786394893080,8578596864,8578596864,8578596864,5431472080
1786394893290,8578596864,8578596864,8578596864,5431472080
1786394893492,8578596864,8578596864,8578596864,5431472080
1786394893703,8578596864,8578596864,8578596864,5431472080
1786394893915,8578596864,8578596864,8578596864,5431488464
1786394894126,8578596864,8578596864,8578596864,5431472080
1786394894333,8578596864,8578596864,8578596864,5431472080
1786394894545,8578596864,8578596864,8578596864,5431488464
1786394894756,8578596864,8578596864,8578596864,5431472080
1786394894958,8578596864,8578596864,8578596864,5431472080
1786394895169,8578596864,8578596864,8578596864,5431472080
1786394895373,8578596864,8578596864,8578596864,5431472080
1786394895585,8578596864,8578596864,8578596864,5431472080
1786394895791,8578596864,8578596864,8578596864,5431472080
1786394896002,8578596864,8578596864,8578596864,5431472080
1786394896212,8578596864,8578596864,8578596864,5431504848
1786394896421,8578596864,8578596864,8578596864,5431504848
1786394896631,8578596864,8578596864,8578596864,5431504848
1786394896838,8578596864,8578596864,8578596864,5431504848
1786394897049,8578596864,8578596864,8578596864,5431521232
1786394897251,8578596864,8578596864,8578596864,5431504848
1786394897462,8578596864,8578596864,8578596864,5431504848
1786394897673,8578596864,8578596864,8578596864,5431504848
1786394897885,8578596864,8578596864,8578596864,5431504848
1786394898096,8578596864,8578596864,8578596864,5431504848
1786394898307,8578596864,8578596864,8578596864,5431521232
1786394898512,8578596864,8578596864,8578596864,5431521232
1786394898723,8578596864,8578596864,8578596864,5431521232
1786394898934,8578596864,8578596864,8578596864,5431521232
1786394899136,8578596864,8578596864,8578596864,5431537616
1786394899346,8578596864,8578596864,8578596864,5431537616
1786394899548,8578596864,8578596864,8578596864,5431521232
1786394899751,8578596864,8578596864,8578596864,5431521232
1786394899961,8578596864,8578596864,8578596864,5431521232
1786394900173,8578596864,8578596864,8578596864,5431537616
1786394900382,8578596864,8578596864,8578596864,5431521232
1786394900593,8578596864,8578596864,8578596864,5431521232
1786394900804,8578596864,8578596864,8578596864,5431521232
1786394901006,8578596864,8578596864,8578596864,5431521232
1786394901215,8578596864,8578596864,8578596864,5431521232
1786394901426,8578596864,8578596864,8578596864,5431521232
1786394901637,8578596864,8578596864,8578596864,5431521232
1786394901845,8578596864,8578596864,8578596864,5431521232
1786394902052,8578596864,8578596864,8578596864,5431521232
1786394902255,8578596864,8578596864,8578596864,5431521232
1786394902466,8578596864,8578596864,8578596864,5431521232
1786394902677,8578596864,8578596864,8578596864,5431521232
1786394902879,8578596864,8578596864,8578596864,5431521232
1786394903082,8578596864,8578596864,8578596864,5431537616
1786394903293,8578596864,8578596864,8578596864,5431521232
1786394903495,8578596864,8578596864,8578596864,5431521232
1786394903705,8578596864,8578596864,8578596864,5431521232
1786394903916,8578596864,8578596864,8578596864,5431521232
1786394904119,8578596864,8578596864,8578596864,5431537616
1786394904330,8578596864,8578596864,8578596864,5431537616
1786394904537,8578596864,8578596864,8578596864,5431521232
1786394904740,8578596864,8578596864,8578596864,5431521232
1786394904951,8578596864,8578596864,8578596864,5431521232
1786394905163,8578596864,8578596864,8578596864,5431521232
1786394905365,8578596864,8578596864,8578596864,5431521232
1786394905574,8578596864,8578596864,8578596864,5431521232
1786394905778,8578596864,8578596864,8578596864,5431521232
1786394905989,8578596864,8578596864,8578596864,5431521232
1786394906201,8578596864,8578596864,8578596864,5431537616
1786394906403,8578596864,8578596864,8578596864,5431537616
1786394906612,8578596864,8578596864,8578596864,5431521232
1786394906821,8578596864,8578596864,8578596864,5431521232
1786394907029,8578596864,8578596864,8578596864,5431521232
1786394907231,8578596864,8578596864,8578596864,5431521232
1786394907442,8578596864,8578596864,8578596864,5431521232
1786394907651,8578596864,8578596864,8578596864,5431521232
1786394907859,8578596864,8578596864,8578596864,5431521232
1786394908067,8578596864,8578596864,8578596864,5431521232
1786394908270,8578596864,8578596864,8578596864,5431521232
1786394908481,8578596864,8578596864,8578596864,5431521232
1786394908691,8578596864,8578596864,8578596864,5431537616
1786394908898,8578596864,8578596864,8578596864,5431537616
1786394909106,8578596864,8578596864,8578596864,5431521232
1786394909317,8578596864,8578596864,8578596864,5431521232
1786394909528,8578596864,8578596864,8578596864,5431521232
1786394909738,8578596864,8578596864,8578596864,5431521232
1786394909949,8578596864,8578596864,8578596864,5431521232
1786394910151,8578596864,8578596864,8578596864,5431521232
1786394910363,8578596864,8578596864,8578596864,5431521232
1786394910571,8578596864,8578596864,8578596864,5431537616
1786394910782,8578596864,8578596864,8578596864,5431521232
1786394910992,8578596864,8578596864,8578596864,5431521232
1786394911203,8578596864,8578596864,8578596864,5431521232
1786394911414,8578596864,8578596864,8578596864,5431521232
1786394911626,8578596864,8578596864,8578596864,5431521232
1786394911837,8578596864,8578596864,8578596864,5431521232
1786394912048,8578596864,8578596864,8578596864,5431521232
1786394912258,8578596864,8578596864,8578596864,5431521232
1786394912469,8578596864,8578596864,8578596864,5431521232
1786394912675,8578596864,8578596864,8578596864,5431521232
1786394912879,8578596864,8578596864,8578596864,5431521232
1786394913083,8578596864,8578596864,8578596864,5431521232
1786394913288,8578596864,8578596864,8578596864,5431521232
1786394913495,8578596864,8578596864,8578596864,5431521232
1786394913706,8578596864,8578596864,8578596864,5431537616
1786394913913,8578596864,8578596864,8578596864,5431537616
1786394914125,8578596864,8578596864,8578596864,5431521232
1786394914330,8578596864,8578596864,8578596864,5431521232
1786394914539,8578596864,8578596864,8578596864,5431521232
1786394914745,8578596864,8578596864,8578596864,5431521232
1786394914957,8578596864,8578596864,8578596864,5431537616
1786394915164,8578596864,8578596864,8578596864,5431521232
1786394915375,8578596864,8578596864,8578596864,5431521232
1786394915585,8578596864,8578596864,8578596864,5431521232
1786394915792,8578596864,8578596864,8578596864,5431521232
1786394916003,8578596864,8578596864,8578596864,5431521232
1786394916214,8578596864,8578596864,8578596864,5431521232
1786394916416,8578596864,8578596864,8578596864,5431521232
1786394916627,8578596864,8578596864,8578596864,5431521232
1786394916838,8578596864,8578596864,8578596864,5431586768
1786394917049,8578596864,8578596864,8578596864,5431603152
1786394917260,8578596864,8578596864,8578596864,5431635920
1786394917465,8578596864,8578596864,8578596864,5431685072
1786394917677,8578596864,8578596864,8578596864,5431685072
1786394917888,8578596864,8578596864,8578596864,5431685072
1786394918097,8578596864,8578596864,8578596864,5431685072
1786394918304,8578596864,8578596864,8578596864,5431685072
1786394920322,8578596864,8578596864,8578596864,5431685072
1786394920539,0,8493662208,8578596864,5431717840
1786394920740,0,7909605376,8578596864,5423837160
1786394920951,0,7240613888,8578596864,5423837160
1786394921161,0,6559039488,8578596864,5423837160
1786394921371,0,5894242304,8578596864,5423837160
1786394921577,0,5230493696,8578596864,5423837160
1786394921788,0,4575133696,8578596864,5423853544
1786394921998,0,3933405184,8578596864,5423853544
1786394922208,0,3272802304,8578596864,5423853544
1786394922419,0,2605907968,8578596864,5423853544
1786394922625,0,1941110784,8578596864,5423853544
1786394922826,0,1298333696,8578596864,5423853544
1786394923036,0,654508032,8578596864,5423853544
1786394923245,0,0,8578596864,5423853544
1786394923455,0,0,8578596864,5423853544
1786394923664,0,0,8578596864,5423853544
1786394923876,0,0,8578596864,5423869928
1786394924085,0,0,8578596864,5423951848
1786394924295,0,0,8578596864,5423951848
1786394924506,0,0,8578596864,5423951848
1786394924711,0,0,8578596864,5423951848
1786394924922,0,0,8578596864,5423951848
1786394925126,0,0,8578596864,5424099304
1786394925336,0,0,8578596864,5424099304
1786394925548,0,0,8578596864,5424115688
1786394925758,0,0,8578596864,5424115688
1786394925964,0,0,8578596864,5424115688
1786394926178,0,0,8578596864,5424132072
1786394926386,0,0,8578596864,5424246760
1786394926597,0,0,8578596864,5424246760
1786394926804,0,0,8578596864,5424246760
1786394927013,0,0,8578596864,5424246760
1786394927215,0,0,8578596864,5424246760
1786394927423,0,0,8578596864,5424328680
1786394927634,0,0,8578596864,5424328680
1786394927845,0,0,8578596864,5424328680
1786394928057,0,0,8578596864,5424328680
1786394928268,0,0,8578596864,5424328680
1786394928470,0,0,8578596864,5424328680
1786394928678,0,0,8578596864,5424459752
1786394928889,0,0,8578596864,5424459752
1786394929100,0,0,8578596864,5424459752
1786394929312,0,0,8578596864,5424459752
1786394929519,0,0,8578596864,5424459752
1786394929722,0,0,8578596864,5424607208
1786394929925,0,0,8578596864,5424607208
1786394930134,0,0,8578596864,5424623592
1786394930340,0,0,8578596864,5424607208
1786394930550,0,0,8578596864,5424623592
1786394930753,0,0,8578596864,5424623592
1786394930964,0,0,8578596864,5424771048
1786394931175,0,0,8578596864,5424771048
1786394931387,0,0,8578596864,5424771048
1786394931597,0,0,8578596864,5424787432
1786394931807,0,0,8578596864,5424787432
1786394932011,0,0,8578596864,5424918504
1786394932215,0,0,8578596864,5424918504
1786394932419,0,0,8578596864,5424918504
1786394932629,0,0,8578596864,5424934888
1786394932841,0,0,8578596864,5424934888
1786394933051,0,0,8578596864,5424934888
1786394933261,0,0,8578596864,5425033192
1786394933472,0,0,8578596864,5425033192
1786394933676,0,0,8578596864,5425033192
1786394933887,0,0,8578596864,5425033192
1786394934096,0,0,8578596864,5425033192
1786394934307,0,0,8578596864,5425115112
1786394934511,0,0,8578596864,5425115112
1786394934716,0,0,8578596864,5425115112
1786394934923,0,0,8578596864,5425131496
1786394935133,0,0,8578596864,5425131496
1786394935352,0,0,8578596864,5425115112
1786394935563,0,0,8578596864,5425131496
1786394935774,0,0,8578596864,5425131496
1786394935983,0,0,8578596864,5425131496
1786394936185,0,0,8578596864,5425147880
1786394936396,0,0,8578596864,5425131496
1786394936598,0,0,8578596864,5425131496
1786394936803,0,0,8578596864,5425131496
1786394937014,0,0,8578596864,5425131496
1786394937225,0,0,8578596864,5425147880
1786394937429,0,0,8578596864,5425147880
1786394937636,0,0,8578596864,5425147880
1786394937846,0,0,8578596864,5425131496
1786394938057,0,0,8578596864,5425131496
1786394938265,0,0,8578596864,5425147880
1786394938476,0,0,8578596864,5425131496
1786394938688,0,0,8578596864,5425147880
1786394938891,0,0,8578596864,5425131496
1786394939100,0,0,8578596864,5425131496
1786394939311,0,0,8578596864,5425131496
1786394939521,0,0,8578596864,5425131496
1786394939726,0,0,8578596864,5425131496
1786394939937,0,0,8578596864,5425131496
1786394940149,0,0,8578596864,5425147880
1786394940360,0,0,8578596864,5425131496
1786394940567,0,0,8578596864,5425131496
1786394940776,0,0,8578596864,5425131496
1786394940978,0,0,8578596864,5425147880
1786394941189,0,0,8578596864,5425131496
1786394941401,0,0,8578596864,5425147880
1786394941613,0,0,8578596864,5425131496
1786394941820,0,0,8578596864,5425131496
1786394942029,0,0,8578596864,5425131496
1786394942236,0,0,8578596864,5425131496
1786394942446,0,0,8578596864,5425131496
1786394942651,0,0,8578596864,5425131496
1786394942861,0,0,8578596864,5425131496
1786394943072,0,0,8578596864,5425131496
1786394943281,0,0,8578596864,5425131496
1786394943492,0,0,8578596864,5425131496
1786394943703,0,0,8578596864,5425131496
1786394943914,0,0,8578596864,5425131496
1786394944125,0,0,8578596864,5425131496
1786394944336,0,0,8578596864,5425131496
1786394944540,0,0,8578596864,5425131496
1786394944751,0,0,8578596864,5425131496
1786394944962,0,0,8578596864,5425131496
1786394945173,0,0,8578596864,5425147880
1786394945384,0,0,8578596864,5425131496
1786394945587,0,0,8578596864,5425131496
1786394945793,0,0,8578596864,5425147880
1786394946004,0,0,8578596864,5425147880
1786394946213,0,0,8578596864,5425147880
1786394946424,0,0,8578596864,5425147880
1786394946629,0,0,8578596864,5425147880
1786394946838,0,0,8578596864,5425147880
1786394947046,0,0,8578596864,5425147880
1786394947252,0,0,8578596864,5425147880
1786394947455,0,0,8578596864,5425147880
1786394947664,0,0,8578596864,5425164264
1786394947876,0,0,8578596864,5425164264
1786394948086,0,0,8578596864,5425164264
1786394948297,0,0,8578596864,5425164264
1786394948509,0,0,8578596864,5425164264
1786394948720,0,0,8578596864,5425164264
1786394948925,0,0,8578596864,5425164264
1786394949127,0,0,8578596864,5425164264
1786394949338,0,0,8578596864,5425164264
1786394949549,0,0,8578596864,5425164264
1786394949759,0,0,8578596864,5425164264
1786394949970,0,0,8578596864,5425164264
1786394950176,0,0,8578596864,5425164264
1786394950381,0,0,8578596864,5425180648
1786394950591,0,0,8578596864,5425180648
1786394950802,0,0,8578596864,5425180648
1786394951013,0,0,8578596864,5425180648
1786394951223,0,0,8578596864,5425180648
1786394951427,0,0,8578596864,5425180648
1786394951638,0,0,8578596864,5425180648
1786394951841,0,0,8578596864,5425197032
1786394952044,0,0,8578596864,5425197032
1786394952253,0,0,8578596864,5425197032
1786394952464,0,0,8578596864,5425197032
1786394952675,0,0,8578596864,5425197032
1786394952886,0,0,8578596864,5425197032
1786394953094,0,0,8578596864,5425197032
1786394953299,0,0,8578596864,5425213416
1786394953503,0,0,8578596864,5425197032
1786394953708,0,0,8578596864,5425197032
1786394953920,0,0,8578596864,5425197032
1786394954126,0,0,8578596864,5425197032
1786394954341,0,0,8578596864,5425197032
1786394954552,0,0,8578596864,5425213416
1786394954754,0,0,8578596864,5425328128
1786394954965,0,0,8578596864,5425311744
1786394955176,0,0,8578596864,5425328128
1786394955384,0,0,8578596864,5425311744
1786394955594,0,0,8578596864,5425311744
1786394955798,0,0,8578596864,5425311744
1786394956002,0,0,8578596864,5425311744
1786394956212,0,0,8578596864,5425311744
1786394956423,0,0,8578596864,5425311744
1786394956635,0,0,8578596864,5425311744
1786394956846,0,0,8578596864,5425311744
1786394957057,0,0,8578596864,5425328128
1786394957263,0,0,8578596864,5425311744
1786394957474,0,0,8578596864,5425311744
1786394957683,0,0,8578596864,5425328128
1786394957887,0,0,8578596864,5425311744
1786394958098,0,0,8578596864,5425311744
1786394958299,0,0,8578596864,5425311744
1786394958510,0,0,8578596864,5425311744
1786394958721,0,0,8578596864,5425311744
1786394958933,0,0,8578596864,5425311744
1786394959144,0,0,8578596864,5425311744
1786394959355,0,0,8578596864,5425328128
1786394959566,0,0,8578596864,5425311744
1786394959777,0,0,8578596864,5425311744
1786394959983,0,0,8578596864,5425311744
1786394960194,0,0,8578596864,5425311744
1786394960396,0,0,8578596864,5425311744
1786394960605,0,0,8578596864,5425311744
1786394960816,0,0,8578596864,5425311744
1786394961027,0,0,8578596864,5425311744
1786394961238,0,0,8578596864,5425311744
1786394961449,0,0,8578596864,5425311744
1786394961661,0,0,8578596864,5425328128
1786394961869,0,0,8578596864,5425311744
1786394962077,0,0,8578596864,5425311744
1786394962287,0,0,8578596864,5425311744
1786394962499,0,0,8578596864,5425328128
1786394962701,0,0,8578596864,5425328128
1786394962906,0,0,8578596864,5425311744
1786394963117,0,0,8578596864,5425311744
1786394963328,0,0,8578596864,5425311744
1786394963539,0,0,8578596864,5425311744
1786394963744,0,0,8578596864,5425311744
1786394963954,0,0,8578596864,5425311744
1786394964164,0,0,8578596864,5425311744
1786394964375,0,0,8578596864,5425311744
1786394964579,0,0,8578596864,5425311744
1786394964789,0,0,8578596864,5425311744
1786394964999,0,0,8578596864,5425311744
1786394965210,0,0,8578596864,5425311744
1786394965420,0,0,8578596864,5425311744
1786394965630,0,0,8578596864,5425311744
1786394965840,0,0,8578596864,5425311744
1786394966045,0,0,8578596864,5425311744
1786394966256,0,0,8578596864,5425311744
1786394966466,0,0,8578596864,5425311744
1786394966676,0,0,8578596864,5425311744
1786394966886,0,0,8578596864,5425311744
1786394967094,0,0,8578596864,5425311744
1786394967304,0,0,8578596864,5425311744
1786394967514,0,0,8578596864,5425311744
1786394967725,0,0,8578596864,5425311744
1786394967935,0,0,8578596864,5425311744
1786394968145,0,0,8578596864,5425311744
1786394968346,0,0,8578596864,5425311744
1786394968557,0,0,8578596864,5425311744
1786394968767,0,0,8578596864,5425311744
1786394968977,0,0,8578596864,5425311744
1786394969187,0,0,8578596864,5425311744
1786394969397,0,0,8578596864,5425311744
1786394969608,0,0,8578596864,5425311744
1786394969818,0,0,8578596864,5425311744
1786394970028,0,0,8578596864,5425311744
1786394970239,0,0,8578596864,5425344512
1786394970440,0,0,8578596864,5425344512
1786394970650,0,0,8578596864,5425344512
1786394970861,0,0,8578596864,5425344512
1786394971071,0,0,8578596864,5425344512
1786394971281,0,0,8578596864,5425344512
1786394971484,0,0,8578596864,5425344512
1786394971687,0,0,8578596864,5425344512
1786394971893,0,0,8578596864,5425344512
1786394972095,0,0,8578596864,5425344512
1786394972306,0,0,8578596864,5425344512
1786394972517,0,0,8578596864,5425344512
1786394972726,0,0,8578596864,5425344512
1786394972934,0,0,8578596864,5425344512
1786394973145,0,0,8578596864,5425344512
1786394973352,0,0,8578596864,5425344512
1786394973564,0,0,8578596864,5425344512
1786394973775,0,0,8578596864,5425344512
1786394973983,0,0,8578596864,5425344512
1786394974184,0,0,8578596864,5425360896
1786394974396,0,0,8578596864,5425344512
1786394974607,0,0,8578596864,5425344512
1786394974818,0,0,8578596864,5425344512
1786394975023,0,0,8578596864,5425344512
1786394975230,0,0,8578596864,5425360896
1786394975434,0,0,8578596864,5425377280
1786394975639,0,0,8578596864,5425360896
1786394975845,0,0,8578596864,5425360896
1786394976046,0,0,8578596864,5425360896
1786394976256,0,0,8578596864,5425360896
1786394976467,0,0,8578596864,5425360896
1786394976678,0,0,8578596864,5425360896
1786394976889,0,0,8578596864,5425360896
1786394977096,0,0,8578596864,5425360896
1786394977304,0,0,8578596864,5425360896
1786394977515,0,0,8578596864,5425360896
1786394977726,0,0,8578596864,5425524736
1786394977935,0,0,8578596864,5425508352
1786394978143,0,0,8578596864,5425508352
1786394978346,0,0,8578596864,5425508352
1786394978549,0,0,8578596864,5425508352
1786394978760,0,0,8578596864,5425508352
1786394978970,0,0,8578596864,5425508352
1786394979182,0,0,8578596864,5425524736
1786394979391,0,0,8578596864,5425508352
1786394979602,0,0,8578596864,5425508352
1786394979810,0,0,8578596864,5425508352
1786394980021,0,0,8578596864,5425508352
1786394980223,0,0,8578596864,5425524736
1786394980796,0,0,8578596864,5427310616
1786394981012,0,0,8578596864,5427310616
1786394981217,0,0,8578596864,5427327000
1786394981420,0,0,8578596864,5427310616
1786394981629,0,0,8578596864,5427310616
1786394981831,0,0,8578596864,5427310616
1786394982039,0,0,8578596864,5427327000
1786394982252,0,0,8578596864,5427327000
1786394982455,0,0,8578596864,5427343384
1786394982663,0,0,8578596864,5427327000
1786394982877,0,0,8578596864,5427327000
1786394983088,0,0,8578596864,5427343384
1786394983299,0,0,8578596864,5427343384
1786394983510,0,0,8578596864,5427343384
1786394983721,0,0,8578596864,5427343384
1786394983933,0,0,8578596864,5427359768
1786394984137,0,0,8578596864,5427343384
1786394984341,0,0,8578596864,5427654680
1786394984550,0,0,8578596864,5427654680
1786394984755,0,0,8578596864,5427654680
1786394984960,0,0,8578596864,5427654680
1786394985164,0,0,8578596864,5427654680
1786394985366,0,0,8578596864,5427654680
1786394985576,0,0,8578596864,5427654680
1786394985787,0,0,8578596864,5427654680
1786394985992,0,0,8578596864,5427654680
1786394986198,0,0,8578596864,5427654680
1786394986400,0,0,8578596864,5427671064
1786394986603,0,0,8578596864,5427654680
1786394986814,0,0,8578596864,5427654680
1786394987025,0,0,8578596864,5427654680
1786394987231,0,0,8578596864,5427654680
1786394987438,0,0,8578596864,5427654680
1786394987647,0,0,8578596864,5427671064
1786394987851,0,0,8578596864,5427654680
1786394988062,0,0,8578596864,5427654680
1786394988271,0,0,8578596864,5427654680
1786394988477,0,0,8578596864,5427654680
1786394988689,0,0,8578596864,5427654680
1786394988892,0,0,8578596864,5427654680
1786394989103,0,0,8578596864,5427654680
1786394989314,0,0,8578596864,5427654680
1786394989526,0,0,8578596864,5427654680
1786394989737,0,0,8578596864,5427654680
1786394989946,0,0,8578596864,5427654680
1786394990150,0,0,8578596864,5427654680
1786394990361,0,0,8578596864,5427654680
1786394990567,0,0,8578596864,5427654680
1786394990778,0,0,8578596864,5427654680
1786394990984,0,0,8578596864,5427654680
1786394991188,0,0,8578596864,5427654680
1786394991398,0,0,8578596864,5427654680
1786394991610,0,0,8578596864,5427671064
1786394991816,0,0,8578596864,5427654680
1786394992026,0,0,8578596864,5427671064
1786394992234,0,0,8578596864,5427671064
1786394992436,0,0,8578596864,5427654680
1786394992647,0,0,8578596864,5427654680
1786394992858,0,0,8578596864,5427654680
1786394993070,0,0,8578596864,5427654680
1786394993279,0,0,8578596864,5427654680
1786394993490,0,0,8578596864,5427654680
1786394993696,0,0,8578596864,5427654680
1786394993907,0,0,8578596864,5427654680
1786394994111,0,0,8578596864,5427654680
1786394994316,0,0,8578596864,5427671064
1786394994527,0,0,8578596864,5427654680
1786394994730,0,0,8578596864,5427654680
1786394994942,0,0,8578596864,5427654680
1786394995146,0,0,8578596864,5427654680
1786394995357,0,0,8578596864,5427654680
1786394995565,0,0,8578596864,5427654680
1786394995771,0,0,8578596864,5427654680
1786394995982,0,0,8578596864,5427654680
1786394996193,0,0,8578596864,5427654680
1786394996404,0,0,8578596864,5427654680
1786394996615,0,0,8578596864,5427654680
1786394996821,0,0,8578596864,5427654680
1786394997030,0,0,8578596864,5427654680
1786394997238,0,0,8578596864,5427703832
1786394997446,0,0,8578596864,5427703832
1786394997657,0,0,8578596864,5427703832
1786394997859,0,0,8578596864,5427703832
1786394998064,0,0,8578596864,5427720216
1786394998275,0,0,8578596864,5427703832
1786394998486,0,0,8578596864,5427703832
1786394998697,0,0,8578596864,5427703832
1786394998901,0,0,8578596864,5427703832
1786394999112,0,0,8578596864,5427703832
1786394999323,0,0,8578596864,5427703832
1786394999534,0,0,8578596864,5427703832
1786394999746,0,0,8578596864,5427703832
1786394999957,0,0,8578596864,5427703832
1786395000168,0,0,8578596864,5427703832
1786395000375,0,0,8578596864,5427720216
1786395000580,0,0,8578596864,5427703832
1786395000795,0,0,8578596864,5427703832
1786395000996,0,0,8578596864,5427703832
1786395001207,0,0,8578596864,5427703832
1786395001415,0,0,8578596864,5427703832
1786395001619,0,0,8578596864,5427703832
1786395001830,0,0,8578596864,5427703832
1786395002041,0,0,8578596864,5427703832
1786395002263,0,0,8578596864,5427703832
1786395002474,0,0,8578596864,5427703832
1786395002683,0,0,8578596864,5427720216
1786395002894,0,0,8578596864,5427703832
1786395003105,0,0,8578596864,5427703832
1786395003309,0,0,8578596864,5427720216
1786395003514,0,0,8578596864,5427703832
1786395003726,0,0,8578596864,5427703832
1786395003936,0,0,8578596864,5427703832
1786395004143,0,0,8578596864,5427703832
1786395004354,0,0,8578596864,5427703832
1786395004564,0,0,8578596864,5427703832
1786395004775,0,0,8578596864,5427720216
1786395004983,0,0,8578596864,5427703832
1786395005187,0,0,8578596864,5427703832
1786395005398,0,0,8578596864,5427703832
1786395005607,0,0,8578596864,5427703832
1786395005818,0,0,8578596864,5427703832
1786395006029,0,0,8578596864,5427703832
1786395006233,0,0,8578596864,5427703832
1786395006434,0,0,8578596864,5427703832
1786395006645,0,0,8578596864,5427703832
1786395006854,0,0,8578596864,5427703832
1786395007065,0,0,8578596864,5427703832
1786395007272,0,0,8578596864,5427720216
1786395007477,0,0,8578596864,5427703832
1786395007688,0,0,8578596864,5427703832
1786395007896,0,0,8578596864,5427720216
1786395008100,0,0,8578596864,5427703832
1786395008303,0,0,8578596864,5427703832
1786395008512,0,0,8578596864,5427703832
1786395008723,0,0,8578596864,5427703832
1786395008934,0,0,8578596864,5427720216
1786395009142,0,0,8578596864,5427703832
1786395009354,0,0,8578596864,5427703832
1786395009557,0,0,8578596864,5427703832
1786395009760,0,0,8578596864,5427703832
1786395009971,0,0,8578596864,5427703832
1786395010177,0,0,8578596864,5427720216
1786395010379,0,0,8578596864,5427703832
1786395010581,0,0,8578596864,5427720216
1786395010790,0,0,8578596864,5427720216
1786395011001,0,0,8578596864,5427703832
1786395011212,0,0,8578596864,5427933208
1786395011424,0,0,8578596864,5427949592
1786395011631,0,0,8578596864,5427933208
1786395011841,0,0,8578596864,5427933208
1786395012052,0,0,8578596864,5427933208
1786395012263,0,0,8578596864,5427933208
1786395012468,0,0,8578596864,5427933208
1786395012677,0,0,8578596864,5427933208
1786395012888,0,0,8578596864,5427933208
1786395013098,0,0,8578596864,5427949592
1786395013309,0,0,8578596864,5427933208
1786395013520,0,0,8578596864,5427933208
1786395013731,0,0,8578596864,5427933208
1786395013941,0,0,8578596864,5427933208
1786395014152,0,0,8578596864,5427933208
1786395014358,0,0,8578596864,5427998744
1786395014569,0,0,8578596864,5427998744
1786395014773,0,0,8578596864,5427998744
1786395014984,0,0,8578596864,5427998744
1786395015186,0,0,8578596864,5427998744
1786395015396,0,0,8578596864,5428015128
1786395015599,0,0,8578596864,5427998744
1786395015810,0,0,8578596864,5427998744
1786395016019,0,0,8578596864,5427998744
1786395016229,0,0,8578596864,5428015128
1786395016432,0,0,8578596864,5428015128
1786395016634,0,0,8578596864,5428047896
1786395016845,0,0,8578596864,5428047896
1786395017056,0,0,8578596864,5428047896
1786395017263,0,0,8578596864,5428047896
1786395017472,0,0,8578596864,5428047896
1786395017674,0,0,8578596864,5428047896
1786395017880,0,0,8578596864,5428047896
1786395018090,0,0,8578596864,5428047896
1786395018295,0,0,8578596864,5428064280
1786395018506,0,0,8578596864,5428047896
1786395018715,0,0,8578596864,5428047896
1786395018917,0,0,8578596864,5428047896
1786395019128,0,0,8578596864,5428047896
1786395019339,0,0,8578596864,5428047896
1786395019544,0,0,8578596864,5428047896
1786395019756,0,0,8578596864,5428047896
1786395019960,0,0,8578596864,5428047896
1786395020164,0,0,8578596864,5428047896
1786395020375,0,0,8578596864,5428047896
1786395020581,0,0,8578596864,5428064280
1786395020783,0,0,8578596864,5428047896
1786395020994,0,0,8578596864,5428047896
1786395021196,0,0,8578596864,5428047896
1786395021406,0,0,8578596864,5428047896
1786395021610,0,0,8578596864,5428064280
1786395021817,0,0,8578596864,5428047896
1786395022028,0,0,8578596864,5428047896
1786395022239,0,0,8578596864,5428047896
1786395022450,0,0,8578596864,5428047896
1786395022661,0,0,8578596864,5428047896
1786395022873,0,0,8578596864,5428047896
1786395023084,0,0,8578596864,5428047896
1786395023290,0,0,8578596864,5428047896
1786395023501,0,0,8578596864,5428047896
1786395023711,0,0,8578596864,5428047896
1786395023922,0,0,8578596864,5428064280
1786395024125,0,0,8578596864,5428047896
1786395024329,0,0,8578596864,5428047896
1786395024540,0,0,8578596864,5428047896
1786395024750,0,0,8578596864,5428047896
1786395024961,0,0,8578596864,5428047896
1786395025164,0,0,8578596864,5428047896
1786395025376,0,0,8578596864,5428047896
1786395025583,0,0,8578596864,5428047896
1786395025791,0,0,8578596864,5428064280
1786395025996,0,0,8578596864,5428047896
1786395026207,0,0,8578596864,5428047896
1786395026418,0,0,8578596864,5428047896
1786395026620,0,0,8578596864,5428064280
1786395026831,0,0,8578596864,5428047896
1786395027032,0,0,8578596864,5428047896
1786395027243,0,0,8578596864,5428047896
1786395027451,0,0,8578596864,5428047896
1786395027656,0,0,8578596864,5428047896
1786395027862,0,0,8578596864,5428047896
1786395028068,0,0,8578596864,5428064280
1786395028279,0,0,8578596864,5428047896
1786395028485,0,0,8578596864,5428047896
1786395028696,0,0,8578596864,5428047896
1786395028902,0,0,8578596864,5428047896
1786395029117,0,0,8578596864,5428047896
1786395029322,0,0,8578596864,5428047896
1786395029536,0,0,8578596864,5428047896
1786395029747,0,0,8578596864,5428047896
1786395029950,0,0,8578596864,5428047896
1786395030169,0,0,8578596864,5428064280
1786395030381,0,0,8578596864,5428047896
1786395030592,0,0,8578596864,5428047896
1786395030803,0,0,8578596864,5428047896
1786395031010,0,0,8578596864,5428047896
1786395031215,0,0,8578596864,5428064280
1786395031426,0,0,8578596864,5428064280
1786395031634,0,0,8578596864,5428047896
1786395031841,0,0,8578596864,5428047896
1786395032052,0,0,8578596864,5428047896
1786395032266,0,0,8578596864,5428047896
1786395032477,0,0,8578596864,5428047896
1786395032687,0,0,8578596864,5428047896
1786395032897,0,0,8578596864,5428047896
1786395033108,0,0,8578596864,5428047896
1786395033319,0,0,8578596864,5428047896
1786395033529,0,0,8578596864,5428064280
1786395033740,0,0,8578596864,5428064280
1786395033945,0,0,8578596864,5428047896
1786395034156,0,0,8578596864,5428047896
1786395034360,0,0,8578596864,5428047896
1786395034571,0,0,8578596864,5428047896
1786395034782,0,0,8578596864,5428047896
1786395034987,0,0,8578596864,5428047896
1786395035190,0,0,8578596864,5428047896
1786395035401,0,0,8578596864,5428047896
1786395035606,0,0,8578596864,5428097048
1786395035817,0,0,8578596864,5428113432
1786395036028,0,0,8578596864,5428097048
1786395036236,0,0,8578596864,5428097048
1786395036447,0,0,8578596864,5428097048
1786395036654,0,0,8578596864,5428097048
1786395036856,0,0,8578596864,5428097048
1786395037065,0,0,8578596864,5428113432
1786395037267,0,0,8578596864,5428113432
1786395037477,0,0,8578596864,5428097048
1786395037688,0,0,8578596864,5428097048
1786395037900,0,0,8578596864,5428097048
1786395038110,0,0,8578596864,5428097048
1786395038312,0,0,8578596864,5428097048
1786395038519,0,0,8578596864,5428097048
1786395038730,0,0,8578596864,5428097048
1786395038933,0,0,8578596864,5428097048
1786395039144,0,0,8578596864,5428097048
1786395039348,0,0,8578596864,5428097048
1786395039560,0,0,8578596864,5428097048
1786395039771,0,0,8578596864,5428097048
1786395039982,0,0,8578596864,5428097048
1786395040183,0,0,8578596864,5428097048
1786395040388,0,0,8578596864,5428113432
1786395040598,0,0,8578596864,5428097048
1786395040832,0,0,8578596864,5428097048
1786395041042,0,0,8578596864,5428097048
1786395041252,0,0,8578596864,5428260888
1786395041463,0,0,8578596864,5428260888
1786395041673,0,0,8578596864,5428293656
1786395041881,0,0,8578596864,5428260888
1786395042086,0,0,8578596864,5428260888
1786395042286,0,0,8578596864,5428260888
1786395042494,0,0,8578596864,5428260888
1786395042704,0,0,8578596864,5428260888
1786395042914,0,0,8578596864,5428260888
1786395043125,0,0,8578596864,5428260888
1786395043335,0,0,8578596864,5428260888
1786395043545,0,0,8578596864,5428260888
1786395043755,0,0,8578596864,5428260888
1786395043966,0,0,8578596864,5428260888
1786395044176,0,0,8578596864,5428260888
1786395044377,0,0,8578596864,5428260888
1786395044587,0,0,8578596864,5428260888
1786395044797,0,0,8578596864,5428260888
1786395045007,0,0,8578596864,5428260888
1786395045217,0,0,8578596864,5428260888
1786395045422,0,0,8578596864,5428260888
1786395045632,0,0,8578596864,5428293656
1786395045834,0,0,8578596864,5428260888
1786395046045,0,0,8578596864,5428277272
1786395046255,0,0,8578596864,5428277272
1786395046462,0,0,8578596864,5428277272
1786395046665,0,0,8578596864,5428277272
1786395046875,0,0,8578596864,5428277272
1786395047079,0,0,8578596864,5428277272
1786395047289,0,0,8578596864,5428277272
1786395047499,0,0,8578596864,5428277272
1786395047709,0,0,8578596864,5428293656
1786395047917,0,0,8578596864,5428293656
1786395048126,0,0,8578596864,5428293656
1786395048336,0,0,8578596864,5428293656
1786395048546,0,0,8578596864,5428293656
1786395048757,0,0,8578596864,5428293656
1786395048963,0,0,8578596864,5428310040
1786395049164,0,0,8578596864,5428293656
1786395049371,0,0,8578596864,5428293656
1786395049581,0,0,8578596864,5428293656
1786395049792,0,0,8578596864,5428293656
1786395049997,0,0,8578596864,5428310040
1786395050206,0,0,8578596864,5428293656
1786395050416,0,0,8578596864,5428293656
1786395050619,0,0,8578596864,5428293656
1786395050830,0,0,8578596864,5428293656
1786395051047,0,0,8578596864,5428293656
1786395051258,0,0,8578596864,5428293656
1786395051467,0,0,8578596864,5428293656
1786395051674,0,0,8578596864,5428293656
1786395051885,0,0,8578596864,5428293656
1786395052096,0,0,8578596864,5428293656
1786395052307,0,0,8578596864,5428293656
1786395052512,0,0,8578596864,5428293656
1786395052715,0,0,8578596864,5428293656
1786395052918,0,0,8578596864,5428293656
1786395053128,0,0,8578596864,5428293656
1786395053339,0,0,8578596864,5428293656
1786395053549,0,0,8578596864,5428293656
1786395053753,0,0,8578596864,5428293656
1786395053955,0,0,8578596864,5428293656
1786395054166,0,0,8578596864,5428293656
1786395054377,0,0,8578596864,5428293656
1786395054584,0,0,8578596864,5428293656
1786395054791,0,0,8578596864,5428293656
1786395055007,0,0,8578596864,5428293656
1786395055213,0,0,8578596864,5428293656
1786395055423,0,0,8578596864,5428293656
1786395055631,0,0,8578596864,5428293656
1786395055842,0,0,8578596864,5428293656
1786395056049,0,0,8578596864,5428293656
1786395056254,0,0,8578596864,5428293656
1786395056464,0,0,8578596864,5428293656
1786395056676,0,0,8578596864,5428293656
1786395056879,0,0,8578596864,5428293656
1786395057091,0,0,8578596864,5428293656
1786395057297,0,0,8578596864,5428293656
1786395057498,0,0,8578596864,5428293656
1786395057709,0,0,8578596864,5428293656
1786395057914,0,0,8578596864,5428293656
1786395058126,0,0,8578596864,5428293656
1786395058330,0,0,8578596864,5428293656
1786395058538,0,0,8578596864,5428293656
1786395058748,0,0,8578596864,5428293656
1786395058959,0,0,8578596864,5428293656
1786395059163,0,0,8578596864,5428293656
1786395059365,0,0,8578596864,5428293656
1786395059567,0,0,8578596864,5428310040
1786395059771,0,0,8578596864,5428293656
1786395059983,0,0,8578596864,5428293656
1786395060190,0,0,8578596864,5428310040
1786395060397,0,0,8578596864,5428293656
1786395060602,0,0,8578596864,5428293656
1786395060809,0,0,8578596864,5428293656
1786395061019,0,0,8578596864,5428293656
1786395061233,0,0,8578596864,5428293656
1786395061442,0,0,8578596864,5428293656
1786395061645,0,0,8578596864,5428293656
1786395061850,0,0,8578596864,5428293656
1786395062055,0,0,8578596864,5428293656
1786395062265,0,0,8578596864,5428293656
1786395062477,0,0,8578596864,5428293656
1786395062684,0,0,8578596864,5428310040
1786395062891,0,0,8578596864,5428293656
1786395063095,0,0,8578596864,5428293656
1786395063297,0,0,8578596864,5428293656
1786395063508,0,0,8578596864,5428310040
1786395063716,0,0,8578596864,5428293656
1786395063919,0,0,8578596864,5428293656
1786395064124,0,0,8578596864,5428293656
1786395064330,0,0,8578596864,5428293656
1786395064540,0,0,8578596864,5428293656
1786395064751,0,0,8578596864,5428293656
1786395064963,0,0,8578596864,5428293656
1786395065167,0,0,8578596864,5428293656
1786395065379,0,0,8578596864,5428293656
1786395065582,0,0,8578596864,5428293656
1786395065793,0,0,8578596864,5428293656
1786395065996,0,0,8578596864,5428293656
1786395066202,0,0,8578596864,5428293656
1786395066413,0,0,8578596864,5428293656
1786395066624,0,0,8578596864,5428293656
1786395066834,0,0,8578596864,5428293656
1786395067045,0,0,8578596864,5428293656
1786395067257,0,0,8578596864,5428293656
1786395067468,0,0,8578596864,5428293656
1786395067678,0,0,8578596864,5428310040
1786395067888,0,0,8578596864,5428293656
1786395068100,0,0,8578596864,5428293656
1786395068307,0,0,8578596864,5428293656
1786395068518,0,0,8578596864,5428293656
1786395068722,0,0,8578596864,5428310040
1786395068927,0,0,8578596864,5428293656
1786395069134,0,0,8578596864,5428293656
1786395069349,0,0,8578596864,5428310040
1786395069558,0,0,8578596864,5428310040
1786395069770,0,0,8578596864,5428293656
1786395069979,0,0,8578596864,5428293656
1786395070189,0,0,8578596864,5428293656
1786395070400,0,0,8578596864,5428293656
1786395070612,0,0,8578596864,5428293656
1786395070822,0,0,8578596864,5428293656
1786395071028,0,0,8578596864,5428293656
1786395071245,0,0,8578596864,5428293656
1786395071456,0,0,8578596864,5428293656
1786395071667,0,0,8578596864,5428293656
1786395071878,0,0,8578596864,5428293656
1786395072089,0,0,8578596864,5428293656
1786395072292,0,0,8578596864,5428293656
1786395072498,0,0,8578596864,5428293656
1786395072709,0,0,8578596864,5428293656
1786395072914,0,0,8578596864,5428293656
1786395073125,0,0,8578596864,5428293656
1786395073327,0,0,8578596864,5428293656
1786395073538,0,0,8578596864,5428293656
1786395073748,0,0,8578596864,5428293656
1786395073959,0,0,8578596864,5428293656
1786395074164,0,0,8578596864,5428293656
1786395074371,0,0,8578596864,5428293656
1786395074573,0,0,8578596864,5428293656
1786395074775,0,0,8578596864,5428293656
1786395074986,0,0,8578596864,5428293656
1786395075193,0,0,8578596864,5428310040
1786395075404,0,0,8578596864,5428293656
1786395075609,0,0,8578596864,5428293656
1786395075820,0,0,8578596864,5428310040
1786395076027,0,0,8578596864,5428293656
1786395076238,0,0,8578596864,5428293656
1786395076444,0,0,8578596864,5428293656
1786395076653,0,0,8578596864,5428408344
1786395076860,0,0,8578596864,5428408344
1786395077065,0,0,8578596864,5428408344
1786395077275,0,0,8578596864,5428408344
1786395077486,0,0,8578596864,5428408344
1786395077694,0,0,8578596864,5428408344
1786395077905,0,0,8578596864,5428408344
1786395078116,0,0,8578596864,5428424728
1786395078327,0,0,8578596864,5428408344
1786395078534,0,0,8578596864,5428408344
1786395078746,0,0,8578596864,5428408344
1786395078957,0,0,8578596864,5428424728
1786395079163,0,0,8578596864,5428408344
1786395079365,0,0,8578596864,5428408344
1786395079575,0,0,8578596864,5428408344
1786395079786,0,0,8578596864,5428408344
1786395079997,0,0,8578596864,5428408344
1786395080205,0,0,8578596864,5428424728
1786395080411,0,0,8578596864,5428424728
1786395080615,0,0,8578596864,5428408344
1786395080826,0,0,8578596864,5428408344
1786395081028,0,0,8578596864,5428424728
1786395081256,0,0,8578596864,5428424728
1786395081463,0,0,8578596864,5428408344
1786395081669,0,0,8578596864,5428408344
1786395081879,0,0,8578596864,5428408344
1786395082090,0,0,8578596864,5428408344
1786395082293,0,0,8578596864,5428408344
1786395082504,0,0,8578596864,5428408344
1786395082715,0,0,8578596864,5428408344
1786395082919,0,0,8578596864,5428408344
1786395083130,0,0,8578596864,5428408344
1786395083336,0,0,8578596864,5428424728
1786395083540,0,0,8578596864,5428408344
1786395083747,0,0,8578596864,5428408344
1786395083954,0,0,8578596864,5428408344
1786395084164,0,0,8578596864,5428408344
1786395084375,0,0,8578596864,5428408344
1786395084586,0,0,8578596864,5428408344
1786395084794,0,0,8578596864,5428408344
1786395085006,0,0,8578596864,5428408344
1786395085209,0,0,8578596864,5428408344
1786395085420,0,0,8578596864,5428408344
1786395085629,0,0,8578596864,5428408344
1786395085841,0,0,8578596864,5428408344
1786395086051,0,0,8578596864,5428408344
1786395086255,0,0,8578596864,5428408344
1786395086465,0,0,8578596864,5428408344
1786395086676,0,0,8578596864,5428408344
1786395086881,0,0,8578596864,5428408344
1786395087083,0,0,8578596864,5428408344
1786395087291,0,0,8578596864,5428408344
1786395087499,0,0,8578596864,5428408344
1786395087711,0,0,8578596864,5428408344
1786395087914,0,0,8578596864,5428408344
1786395088116,0,0,8578596864,5428408344
1786395088327,0,0,8578596864,5428408344
1786395088532,0,0,8578596864,5428424728
1786395088743,0,0,8578596864,5428408344
1786395088953,0,0,8578596864,5428408344
1786395089164,0,0,8578596864,5428408344
1786395089375,0,0,8578596864,5428408344
1786395089583,0,0,8578596864,5428408344
1786395089783,0,0,8578596864,5428408344
1786395089989,0,0,8578596864,5428408344
1786395090201,0,0,8578596864,5428424728
1786395090410,0,0,8578596864,5428408344
1786395090613,0,0,8578596864,5428408344
1786395090819,0,0,8578596864,5428408344
1786395091021,0,0,8578596864,5428408344
1786395091232,0,0,8578596864,5428408344
1786395091450,0,0,8578596864,5428424728
1786395091660,0,0,8578596864,5428424728
1786395091866,0,0,8578596864,5428408344
1786395092077,0,0,8578596864,5428408344
1786395092287,0,0,8578596864,5428408344
1786395092499,0,0,8578596864,5428408344
1786395092704,0,0,8578596864,5428424728
1786395092915,0,0,8578596864,5428408344
1786395093127,0,0,8578596864,5428408344
1786395093337,0,0,8578596864,5428408344
1786395093548,0,0,8578596864,5428408344
1786395093754,0,0,8578596864,5428424728
1786395093966,0,0,8578596864,5428408344
1786395094168,0,0,8578596864,5428408344
1786395094373,0,0,8578596864,5428408344
1786395094581,0,0,8578596864,5428408344
1786395094792,0,0,8578596864,5428408344
1786395095003,0,0,8578596864,5428408344
1786395095210,0,0,8578596864,5428408344
1786395095413,0,0,8578596864,5428408344
1786395095614,0,0,8578596864,5428408344
1786395095825,0,0,8578596864,5428424728
1786395096036,0,0,8578596864,5428408344
1786395096240,0,0,8578596864,5428408344
1786395096451,0,0,8578596864,5428424728
1786395096660,0,0,8578596864,5428408344
1786395096871,0,0,8578596864,5428408344
1786395097082,0,0,8578596864,5428408344
1786395097292,0,0,8578596864,5428408344
1786395097503,0,0,8578596864,5428424728
1786395097715,0,0,8578596864,5428408344
1786395097923,0,0,8578596864,5428408344
1786395098126,0,0,8578596864,5428424728
1786395098332,0,0,8578596864,5428408344
1786395098533,0,0,8578596864,5428408344
1786395098745,0,0,8578596864,5428408344
1786395098948,0,0,8578596864,5428408344
1786395099159,0,0,8578596864,5428408344
1786395099370,0,0,8578596864,5428408344
1786395099577,0,0,8578596864,5428408344
1786395099787,0,0,8578596864,5428408344
1786395099990,0,0,8578596864,5428408344
1786395100197,0,0,8578596864,5428408344
1786395100408,0,0,8578596864,5428408344
1786395100618,0,0,8578596864,5428408344
1786395100825,0,0,8578596864,5428408344
1786395101033,0,0,8578596864,5428408344
1786395101238,0,0,8578596864,5428424728
1786395101467,0,0,8578596864,5428408344
1786395101681,0,0,8578596864,5428424728
1786395101887,0,0,8578596864,5428408344
1786395102091,0,0,8578596864,5428408344
1786395102294,0,0,8578596864,5428408344
1786395102498,0,0,8578596864,5428408344
1786395102709,0,0,8578596864,5428408344
1786395102920,0,0,8578596864,5428408344
1786395103128,0,0,8578596864,5428424728
1786395103338,0,0,8578596864,5428408344
1786395103540,0,0,8578596864,5428408344
1786395103750,0,0,8578596864,5428408344
1786395103961,0,0,8578596864,5428408344
1786395104170,0,0,8578596864,5428424728
1786395104372,0,0,8578596864,5428408344
1786395104583,0,0,8578596864,5428408344
1786395104784,0,0,8578596864,5428408344
1786395104989,0,0,8578596864,5428408344
1786395105201,0,0,8578596864,5428408344
1786395105410,0,0,8578596864,5428408344
1786395105621,0,0,8578596864,5428408344
1786395105832,0,0,8578596864,5428408344
1786395106035,0,0,8578596864,5428408344
1786395106246,0,0,8578596864,5428408344
1786395106456,0,0,8578596864,5428408344
1786395106667,0,0,8578596864,5428408344
1786395106870,0,0,8578596864,5428408344
1786395107072,0,0,8578596864,5428408344
1786395107282,0,0,8578596864,5428408344
1786395107493,0,0,8578596864,5428408344
1786395107696,0,0,8578596864,5428408344
1786395107898,0,0,8578596864,5428408344
1786395108109,0,0,8578596864,5428408344
1786395108314,0,0,8578596864,5428408344
1786395108525,0,0,8578596864,5428408344
1786395108736,0,0,8578596864,5428408344
1786395108942,0,0,8578596864,5428424728
1786395109149,0,0,8578596864,5428408344
1786395109355,0,0,8578596864,5428424728
1786395109557,0,0,8578596864,5428408344
1786395109768,0,0,8578596864,5428408344
1786395109979,0,0,8578596864,5428408344
1786395110184,0,0,8578596864,5428408344
1786395110391,0,0,8578596864,5428408344
1786395110595,0,0,8578596864,5428408344
1786395110804,0,0,8578596864,5428424728
1786395111015,0,0,8578596864,5428424728
1786395111224,0,0,8578596864,5428424728
1786395111435,0,0,8578596864,5428457496
1786395111657,0,0,8578596864,5428457496
1786395111867,0,0,8578596864,5428441112
1786395112078,0,0,8578596864,5428441112
1786395112289,0,0,8578596864,5428441112
1786395112499,0,0,8578596864,5428457496
1786395112707,0,0,8578596864,5428441112
1786395112912,0,0,8578596864,5428441112
1786395113123,0,0,8578596864,5428441112
1786395113334,0,0,8578596864,5428441112
1786395113538,0,0,8578596864,5428441112
1786395113746,0,0,8578596864,5428441112
1786395113959,0,0,8578596864,5428457496
1786395114169,0,0,8578596864,5428441112
1786395114373,0,0,8578596864,5428441112
1786395114582,0,0,8578596864,5428441112
1786395114788,0,0,8578596864,5428441112
1786395114997,0,0,8578596864,5428457496
1786395115201,0,0,8578596864,5428441112
1786395115412,0,0,8578596864,5428441112
1786395115623,0,0,8578596864,5428441112
1786395115829,0,0,8578596864,5428457496
1786395116040,0,0,8578596864,5428457496
1786395116251,0,0,8578596864,5428457496
1786395116453,0,0,8578596864,5428457496
1786395116660,0,0,8578596864,5428473880
1786395116872,0,0,8578596864,5428457496
1786395117082,0,0,8578596864,5428457496
1786395117294,0,0,8578596864,5428457496
1786395117496,0,0,8578596864,5428457496
1786395117707,0,0,8578596864,5428457496
1786395117918,0,0,8578596864,5428457496
1786395118120,0,0,8578596864,5428457496
1786395118331,0,0,8578596864,5428457496
1786395118534,0,0,8578596864,5428457496
1786395118738,0,0,8578596864,5428457496
1786395118941,0,0,8578596864,5428457496
1786395119151,0,0,8578596864,5428473880
1786395119361,0,0,8578596864,5428473880
1786395119571,0,0,8578596864,5428473880
1786395119773,0,0,8578596864,5428473880
1786395119983,0,0,8578596864,5428473880
1786395120193,0,0,8578596864,5428473880
1786395120397,0,0,8578596864,5428473880
1786395120598,0,0,8578596864,5428473880
1786395120805,0,0,8578596864,5428473880
1786395121006,0,0,8578596864,5428473880
1786395121216,0,0,8578596864,5428473880
1786395121426,0,0,8578596864,5428473880
1786395121636,0,0,8578596864,5428473880
1786395121850,0,0,8578596864,5428473880
1786395122060,0,0,8578596864,5428473880
1786395122270,0,0,8578596864,5428473880
1786395122480,0,0,8578596864,5428473880
1786395122691,0,0,8578596864,5428473880
1786395122901,0,0,8578596864,5428473880
1786395123111,0,0,8578596864,5428473880
1786395123321,0,0,8578596864,5428473880
1786395123531,0,0,8578596864,5428473880
1786395123742,0,0,8578596864,5428473880
1786395123952,0,0,8578596864,5428473880
1786395124162,0,0,8578596864,5428473880
1786395124364,0,0,8578596864,5428473880
1786395124568,0,0,8578596864,5428473880
1786395124778,0,0,8578596864,5428473880
1786395124988,0,0,8578596864,5428473880
1786395125198,0,0,8578596864,5428473880
1786395125408,0,0,8578596864,5428473880
1786395125619,0,0,8578596864,5428473880
1786395125829,0,0,8578596864,5428473880
1786395126040,0,0,8578596864,5428490264
1786395126246,0,0,8578596864,5428473880
1786395126457,0,0,8578596864,5428473880
1786395126668,0,0,8578596864,5428473880
1786395126870,0,0,8578596864,5428473880
1786395127080,0,0,8578596864,5428473880
1786395127291,0,0,8578596864,5428473880
1786395127494,0,0,8578596864,5428473880
1786395127705,0,0,8578596864,5428473880
1786395127913,0,0,8578596864,5428473880
1786395128124,0,0,8578596864,5428473880
1786395128328,0,0,8578596864,5428473880
1786395128532,0,0,8578596864,5428473880
1786395128739,0,0,8578596864,5428473880
1786395128950,0,0,8578596864,5428490264
1786395129157,0,0,8578596864,5428473880
1786395129369,0,0,8578596864,5428473880
1786395129580,0,0,8578596864,5428473880
1786395129783,0,0,8578596864,5428473880
1786395129994,0,0,8578596864,5428473880
1786395130201,0,0,8578596864,5428473880
1786395130404,0,0,8578596864,5428490264
1786395130608,0,0,8578596864,5428490264
1786395130817,0,0,8578596864,5428473880
1786395131027,0,0,8578596864,5428473880
1786395131238,0,0,8578596864,5428473880
1786395131450,0,0,8578596864,5428473880
1786395131661,0,0,8578596864,5428473880
1786395131880,0,0,8578596864,5428473880
1786395132084,0,0,8578596864,5428473880
1786395132294,0,0,8578596864,5428473880
1786395132504,0,0,8578596864,5428473880
1786395132712,0,0,8578596864,5428473880
1786395132923,0,0,8578596864,5428473880
1786395133125,0,0,8578596864,5428473880
1786395133336,0,0,8578596864,5428473880
1786395133547,0,0,8578596864,5428473880
1786395133753,0,0,8578596864,5428473880
1786395133956,0,0,8578596864,5428473880
1786395134157,0,0,8578596864,5428490264
1786395134368,0,0,8578596864,5428473880
1786395134579,0,0,8578596864,5428473880
1786395134788,0,0,8578596864,5428473880
1786395135000,0,0,8578596864,5428473880
1786395135208,0,0,8578596864,5428490264
1786395135411,0,0,8578596864,5428473880
1786395135622,0,0,8578596864,5428473880
1786395135832,0,0,8578596864,5428473880
1786395136039,0,0,8578596864,5428473880
1786395136246,0,0,8578596864,5428473880
1786395136449,0,0,8578596864,5428473880
1786395136658,0,0,8578596864,5428473880
1786395136869,0,0,8578596864,5428473880
1786395137075,0,0,8578596864,5428473880
1786395137284,0,0,8578596864,5428473880
1786395137490,0,0,8578596864,5428473880
1786395137694,0,0,8578596864,5428490264
1786395137902,0,0,8578596864,5428473880
1786395138111,0,0,8578596864,5428473880
1786395138323,0,0,8578596864,5428490264
1786395138531,0,0,8578596864,5428473880
1786395138742,0,0,8578596864,5428473880
1786395138947,0,0,8578596864,5428473880
1786395139158,0,0,8578596864,5428473880
1786395139369,0,0,8578596864,5428473880
1786395139574,0,0,8578596864,5428473880
1786395139779,0,0,8578596864,5428473880
1786395139989,0,0,8578596864,5428473880
1786395140199,0,0,8578596864,5428473880
1786395140409,0,0,8578596864,5428473880
1786395140621,0,0,8578596864,5428473880
1786395140832,0,0,8578596864,5428473880
1786395141038,0,0,8578596864,5428473880
1786395141242,0,0,8578596864,5428473880
1786395141453,0,0,8578596864,5428473880
1786395141664,0,0,8578596864,5428473880
1786395141880,0,0,8578596864,5428473880
1786395142083,0,0,8578596864,5428473880
1786395142295,0,0,8578596864,5428473880
1786395142505,0,0,8578596864,5428473880
1786395142717,0,0,8578596864,5428490264
1786395142928,0,0,8578596864,5428473880
1786395143139,0,0,8578596864,5428473880
1786395143350,0,0,8578596864,5428473880
1786395143557,0,0,8578596864,5428473880
1786395143768,0,0,8578596864,5428473880
1786395143976,0,0,8578596864,5428473880
1786395144184,0,0,8578596864,5428473880
1786395144389,0,0,8578596864,5428473880
1786395144594,0,0,8578596864,5428473880
1786395144805,0,0,8578596864,5428473880
1786395145008,0,0,8578596864,5428473880
1786395145219,0,0,8578596864,5428473880
1786395145431,0,0,8578596864,5428473880
1786395145642,0,0,8578596864,5428473880
1786395145847,0,0,8578596864,5428473880
1786395146058,0,0,8578596864,5428473880
1786395146269,0,0,8578596864,5428473880
1786395146478,0,0,8578596864,5428473880
1786395146679,0,0,8578596864,5428473880
1786395146888,0,0,8578596864,5428473880
1786395147091,0,0,8578596864,5428473880
1786395147302,0,0,8578596864,5428473880
1786395147512,0,0,8578596864,5428473880
1786395147718,0,0,8578596864,5428473880
1786395147926,0,0,8578596864,5428490264
1786395148137,0,0,8578596864,5428473880
1786395148338,0,0,8578596864,5428473880
1786395148549,0,0,8578596864,5428473880
1786395148758,0,0,8578596864,5428473880
1786395148968,0,0,8578596864,5428473880
1786395149176,0,0,8578596864,5428473880
1786395149386,0,0,8578596864,5428473880
1786395149598,0,0,8578596864,5428473880
1786395149806,0,0,8578596864,5428473880
1786395150017,0,0,8578596864,5428473880
1786395150230,0,0,8578596864,5428490264
1786395150434,0,0,8578596864,5428473880
1786395150638,0,0,8578596864,5428473880
1786395150849,0,0,8578596864,5428473880
1786395151058,0,0,8578596864,5428473880
1786395151266,0,0,8578596864,5428473880
1786395151468,0,0,8578596864,5428473880
1786395151679,0,0,8578596864,5428473880
1786395151893,0,0,8578596864,5428473880
1786395152104,0,0,8578596864,5428473880
1786395152314,0,0,8578596864,5428473880
1786395152516,0,0,8578596864,5428473880
1786395152718,0,0,8578596864,5428490264
1786395152924,0,0,8578596864,5428473880
1786395153135,0,0,8578596864,5428473880
1786395153339,0,0,8578596864,5428490264
1786395153541,0,0,8578596864,5428473880
1786395153748,0,0,8578596864,5428473880
1786395153955,0,0,8578596864,5428473880
1786395154166,0,0,8578596864,5428473880
1786395154368,0,0,8578596864,5428473880
1786395154581,0,0,8578596864,5428490264
1786395154791,0,0,8578596864,5428473880
1786395154992,0,0,8578596864,5428473880
1786395155203,0,0,8578596864,5428473880
1786395155414,0,0,8578596864,5428473880
1786395155623,0,0,8578596864,5428473880
1786395155832,0,0,8578596864,5428473880
1786395156036,0,0,8578596864,5428473880
1786395156246,0,0,8578596864,5428473880
1786395156456,0,0,8578596864,5428473880
1786395156668,0,0,8578596864,5428473880
1786395156875,0,0,8578596864,5428473880
1786395157077,0,0,8578596864,5428473880
1786395157286,0,0,8578596864,5428473880
1786395157497,0,0,8578596864,5428473880
1786395157708,0,0,8578596864,5428473880
1786395157919,0,0,8578596864,5428473880
1786395158130,0,0,8578596864,5428473880
1786395158341,0,0,8578596864,5428473880
1786395158552,0,0,8578596864,5428473880
1786395158754,0,0,8578596864,5428473880
1786395158957,0,0,8578596864,5428473880
1786395159163,0,0,8578596864,5428473880
1786395159374,0,0,8578596864,5428473880
1786395159590,0,0,8578596864,5428490264
1786395159801,0,0,8578596864,5428473880
1786395160012,0,0,8578596864,5428490264
1786395160224,0,0,8578596864,5428473880
1786395160435,0,0,8578596864,5428473880
1786395160646,0,0,8578596864,5428473880
1786395160849,0,0,8578596864,5428473880
1786395161060,0,0,8578596864,5428473880
1786395161272,0,0,8578596864,5428473880
1786395161484,0,0,8578596864,5428473880
1786395161695,0,0,8578596864,5428473880
1786395161915,0,0,8578596864,5428490264
1786395162125,0,0,8578596864,5428473880
1786395162336,0,0,8578596864,5428473880
1786395162544,0,0,8578596864,5428473880
1786395162756,0,0,8578596864,5428473880
1786395162967,0,0,8578596864,5428473880
1786395163176,0,0,8578596864,5428473880
1786395163383,0,0,8578596864,5428473880
1786395163593,0,0,8578596864,5428490264
1786395163796,0,0,8578596864,5428473880
1786395164008,0,0,8578596864,5428473880
1786395164218,0,0,8578596864,5428473880
1786395164429,0,0,8578596864,5428473880
1786395164631,0,0,8578596864,5428473880
1786395164838,0,0,8578596864,5428473880
1786395165045,0,0,8578596864,5428490264
1786395165259,0,0,8578596864,5428490264
1786395165467,0,0,8578596864,5428473880
1786395165678,0,0,8578596864,5428473880
1786395165888,0,0,8578596864,5428473880
1786395166091,0,0,8578596864,5428490264
1786395166295,0,0,8578596864,5428490264
1786395166507,0,0,8578596864,5428506648
1786395166714,0,0,8578596864,5428490264
1786395166925,0,0,8578596864,5428490264
1786395167128,0,0,8578596864,5428490264
1786395167336,0,0,8578596864,5428490264
1786395167547,0,0,8578596864,5428490264
1786395167757,0,0,8578596864,5428490264
1786395167968,0,0,8578596864,5428490264
1786395168179,0,0,8578596864,5428490264
1786395168390,0,0,8578596864,5428490264
1786395168597,0,0,8578596864,5428490264
1786395168808,0,0,8578596864,5428506648
1786395169013,0,0,8578596864,5428490264
1786395169224,0,0,8578596864,5428490264
1786395169435,0,0,8578596864,5428490264
1786395169639,0,0,8578596864,5428490264
1786395169845,0,0,8578596864,5428490264
1786395170054,0,0,8578596864,5428490264
1786395170264,0,0,8578596864,5428490264
1786395170475,0,0,8578596864,5428490264
1786395170687,0,0,8578596864,5428490264
1786395170890,0,0,8578596864,5428506648
1786395171097,0,0,8578596864,5428490264
1786395171305,0,0,8578596864,5428490264
1786395171507,0,0,8578596864,5428490264
1786395171719,0,0,8578596864,5428490264
1786395171942,0,0,8578596864,5428490264
1786395172153,0,0,8578596864,5428490264
1786395172358,0,0,8578596864,5428490264
1786395172568,0,0,8578596864,5428490264
1786395172784,0,0,8578596864,5428490264
1786395172989,0,0,8578596864,5428490264
1786395173200,0,0,8578596864,5428490264
1786395173411,0,0,8578596864,5428490264
1786395173622,0,0,8578596864,5428490264
1786395173833,0,0,8578596864,5428490264
1786395174035,0,0,8578596864,5428490264
1786395174239,0,0,8578596864,5428490264
1786395174450,0,0,8578596864,5428506648
1786395174657,0,0,8578596864,5428490264
1786395174865,0,0,8578596864,5428506648
1786395175077,0,0,8578596864,5428490264
1786395175282,0,0,8578596864,5428490264
1786395175494,0,0,8578596864,5428506648
1786395175704,0,0,8578596864,5428490264
1786395175915,0,0,8578596864,5428490264
1786395176126,0,0,8578596864,5428490264
1786395176328,0,0,8578596864,5428490264
1786395176532,0,0,8578596864,5428490264
1786395176744,0,0,8578596864,5428490264
1786395176955,0,0,8578596864,5428506648
1786395177169,0,0,8578596864,5428523032
1786395177380,0,0,8578596864,5428506648
1786395177588,0,0,8578596864,5428506648
1786395177794,0,0,8578596864,5428506648
1786395178000,0,0,8578596864,5428523032
1786395178210,0,0,8578596864,5428506648
1786395178421,0,0,8578596864,5428506648
1786395178637,0,0,8578596864,5428506648
1786395178848,0,0,8578596864,5428506648
1786395179059,0,0,8578596864,5428506648
1786395179264,0,0,8578596864,5428506648
1786395179475,0,0,8578596864,5428506648
1786395179683,0,0,8578596864,5428506648
1786395179889,0,0,8578596864,5428506648
1786395180101,0,0,8578596864,5428506648
1786395180312,0,0,8578596864,5428523032
1786395180522,0,0,8578596864,5428506648
1786395180733,0,0,8578596864,5428506648
1786395180941,0,0,8578596864,5428523032
1786395181152,0,0,8578596864,5428506648
1786395181363,0,0,8578596864,5428506648
1786395181574,0,0,8578596864,5428506648
1786395181785,0,0,8578596864,5428506648
1786395182005,0,0,8578596864,5428523032
1786395182207,0,0,8578596864,5428506648
1786395182419,0,0,8578596864,5428506648
1786395182627,0,0,8578596864,5428523032
1786395182837,0,0,8578596864,5428506648
1786395183048,0,0,8578596864,5428506648
1786395183259,0,0,8578596864,5428506648
1786395183466,0,0,8578596864,5428506648
1786395183675,0,0,8578596864,5428506648
1786395183884,0,0,8578596864,5428506648
1786395184089,0,0,8578596864,5428506648
1786395184295,0,0,8578596864,5428506648
1786395184501,0,0,8578596864,5428506648
1786395184706,0,0,8578596864,5428506648
1786395184919,0,0,8578596864,5428523032
1786395185130,0,0,8578596864,5428506648
1786395185341,0,0,8578596864,5428506648
1786395185547,0,0,8578596864,5428506648
1786395185752,0,0,8578596864,5428506648
1786395185961,0,0,8578596864,5428506648
1786395186172,0,0,8578596864,5428506648
1786395186383,0,0,8578596864,5428506648
1786395186587,0,0,8578596864,5428506648
1786395186790,0,0,8578596864,5428506648
1786395186997,0,0,8578596864,5428523032
1786395187209,0,0,8578596864,5428523032
1786395187416,0,0,8578596864,5428506648
1786395187627,0,0,8578596864,5428506648
1786395187832,0,0,8578596864,5428506648
1786395188039,0,0,8578596864,5428506648
1786395188247,0,0,8578596864,5428506648
1786395188450,0,0,8578596864,5428506648
1786395188661,0,0,8578596864,5428506648
1786395188872,0,0,8578596864,5428506648
1786395189080,0,0,8578596864,5428506648
1786395189292,0,0,8578596864,5428506648
1786395189496,0,0,8578596864,5428506648
1786395189698,0,0,8578596864,5428506648
1786395189909,0,0,8578596864,5428523032
1786395190118,0,0,8578596864,5428506648
1786395190326,0,0,8578596864,5428506648
1786395190537,0,0,8578596864,5428523032
1786395190738,0,0,8578596864,5428506648
1786395190949,0,0,8578596864,5428506648
1786395191158,0,0,8578596864,5428506648
1786395191361,0,0,8578596864,5428506648
1786395191563,0,0,8578596864,5428523032
1786395191774,0,0,8578596864,5428523032
1786395191978,0,0,8578596864,5428506648
1786395192189,0,0,8578596864,5428523032
1786395192395,0,0,8578596864,5428539416
1786395192606,0,0,8578596864,5428539416
1786395192807,0,0,8578596864,5428539416
1786395193019,0,0,8578596864,5428555800
1786395193226,0,0,8578596864,5428539416
1786395193437,0,0,8578596864,5428539416
1786395193649,0,0,8578596864,5428555800
1786395193855,0,0,8578596864,5428555800
1786395194066,0,0,8578596864,5428539416
1786395194267,0,0,8578596864,5428539416
1786395194472,0,0,8578596864,5428539416
1786395194683,0,0,8578596864,5428539416
1786395194888,0,0,8578596864,5428539416
1786395195096,0,0,8578596864,5428539416
1786395195298,0,0,8578596864,5428539416
1786395195500,0,0,8578596864,5428539416
1786395195711,0,0,8578596864,5428539416
1786395195913,0,0,8578596864,5428539416
1786395196124,0,0,8578596864,5428539416
1786395196325,0,0,8578596864,5428539416
1786395196527,0,0,8578596864,5428539416
1786395196738,0,0,8578596864,5428539416
1786395196948,0,0,8578596864,5428539416
1786395197158,0,0,8578596864,5428539416
1786395197361,0,0,8578596864,5428539416
1786395197567,0,0,8578596864,5428539416
1786395197777,0,0,8578596864,5428539416
1786395197988,0,0,8578596864,5428539416
1786395198198,0,0,8578596864,5428539416
1786395198407,0,0,8578596864,5428539416
1786395198617,0,0,8578596864,5428539416
1786395198828,0,0,8578596864,5428539416
1786395199038,0,0,8578596864,5428539416
1786395199248,0,0,8578596864,5428539416
1786395199458,0,0,8578596864,5428539416
1786395199669,0,0,8578596864,5428539416
1786395199879,0,0,8578596864,5428539416
1786395200089,0,0,8578596864,5428539416
1786395200299,0,0,8578596864,5428539416
1786395200510,0,0,8578596864,5428539416
1786395200720,0,0,8578596864,5428539416
1786395200930,0,0,8578596864,5428539416
1786395201139,0,0,8578596864,5428539416
1786395201349,0,0,8578596864,5428539416
1786395201559,0,0,8578596864,5428539416
1786395201770,0,0,8578596864,5428539416
1786395201970,0,0,8578596864,5428555800
1786395202171,0,0,8578596864,5428539416
1786395202384,0,0,8578596864,5428539416
1786395202594,0,0,8578596864,5428539416
1786395202804,0,0,8578596864,5428539416
1786395203014,0,0,8578596864,5428539416
1786395203225,0,0,8578596864,5428539416
1786395203435,0,0,8578596864,5428539416
1786395203640,0,0,8578596864,5428539416
1786395203847,0,0,8578596864,5428539416
1786395204057,0,0,8578596864,5428555800
1786395204263,0,0,8578596864,5428539416
1786395204474,0,0,8578596864,5428539416
1786395204678,0,0,8578596864,5428539416
1786395204890,0,0,8578596864,5428539416
1786395205098,0,0,8578596864,5428539416
1786395205309,0,0,8578596864,5428539416
1786395205520,0,0,8578596864,5428539416
1786395205731,0,0,8578596864,5428539416
1786395205939,0,0,8578596864,5428539416
1786395206143,0,0,8578596864,5428539416
1786395206345,0,0,8578596864,5428555800
1786395206549,0,0,8578596864,5428539416
1786395206760,0,0,8578596864,5428539416
1786395206964,0,0,8578596864,5428539416
1786395207169,0,0,8578596864,5428539416
1786395207372,0,0,8578596864,5428539416
1786395207577,0,0,8578596864,5428539416
1786395207787,0,0,8578596864,5428539416
1786395207994,0,0,8578596864,5428555800
1786395208199,0,0,8578596864,5428539416
1786395208407,0,0,8578596864,5428539416
1786395208618,0,0,8578596864,5428539416
1786395208825,0,0,8578596864,5428539416
1786395209036,0,0,8578596864,5428539416
1786395209242,0,0,8578596864,5428555800
1786395209452,0,0,8578596864,5428539416
1786395209657,0,0,8578596864,5428539416
1786395209865,0,0,8578596864,5428539416
1786395210076,0,0,8578596864,5428539416
1786395210280,0,0,8578596864,5428555800
1786395210489,0,0,8578596864,5428539416
1786395210701,0,0,8578596864,5428539416
1786395210911,0,0,8578596864,5428539416
1786395211115,0,0,8578596864,5428539416
1786395211326,0,0,8578596864,5428539416
1786395211537,0,0,8578596864,5428539416
1786395211747,0,0,8578596864,5428539416
1786395211958,0,0,8578596864,5428539416
1786395212169,0,0,8578596864,5428539416
1786395212380,0,0,8578596864,5428539416
1786395212597,0,0,8578596864,5428539416
1786395212799,0,0,8578596864,5428539416
1786395213011,0,0,8578596864,5428539416
1786395213223,0,0,8578596864,5428539416
1786395213430,0,0,8578596864,5428539416
1786395213641,0,0,8578596864,5428539416
1786395213848,0,0,8578596864,5428539416
1786395214060,0,0,8578596864,5428539416
1786395214261,0,0,8578596864,5428539416
1786395214470,0,0,8578596864,5428539416
1786395214673,0,0,8578596864,5428539416
1786395214884,0,0,8578596864,5428539416
1786395215087,0,0,8578596864,5428539416
1786395215289,0,0,8578596864,5428539416
1786395215494,0,0,8578596864,5428539416
1786395215705,0,0,8578596864,5428539416
1786395215916,0,0,8578596864,5428539416
1786395216128,0,0,8578596864,5428539416
1786395216337,0,0,8578596864,5428539416
1786395216539,0,0,8578596864,5428539416
1786395216750,0,0,8578596864,5428555800
1786395216961,0,0,8578596864,5428539416
1786395217172,0,0,8578596864,5428539416
1786395217383,0,0,8578596864,5428539416
1786395217589,0,0,8578596864,5428539416
1786395217801,0,0,8578596864,5428539416
1786395218005,0,0,8578596864,5428539416
1786395218216,0,0,8578596864,5428539416
1786395218427,0,0,8578596864,5428539416
1786395218638,0,0,8578596864,5428539416
1786395218848,0,0,8578596864,5428555800
1786395219060,0,0,8578596864,5428555800
1786395219267,0,0,8578596864,5428539416
1786395219478,0,0,8578596864,5428539416
1786395219688,0,0,8578596864,5428539416
1786395219896,0,0,8578596864,5428539416
1786395220101,0,0,8578596864,5428555800
1786395220310,0,0,8578596864,5428539416
1786395220521,0,0,8578596864,5428539416
1786395220724,0,0,8578596864,5428539416
1786395220929,0,0,8578596864,5428539416
1786395221140,0,0,8578596864,5428539416
1786395221351,0,0,8578596864,5428539416
1786395221562,0,0,8578596864,5428539416
1786395221782,0,0,8578596864,5428555800
1786395221989,0,0,8578596864,5428539416
1786395222200,0,0,8578596864,5428539416
1786395222407,0,0,8578596864,5428539416
1786395222629,0,0,8578596864,5428539416
1786395222840,0,0,8578596864,5428539416
1786395223051,0,0,8578596864,5428539416
1786395223255,0,0,8578596864,5428539416
1786395223464,0,0,8578596864,5428539416
1786395223671,0,0,8578596864,5428539416
1786395223882,0,0,8578596864,5428539416
1786395224095,0,0,8578596864,5428555800
1786395224306,0,0,8578596864,5428539416
1786395224515,0,0,8578596864,5428539416
1786395224723,0,0,8578596864,5428539416
1786395224932,0,0,8578596864,5428539416
1786395225143,0,0,8578596864,5428539416
1786395225354,0,0,8578596864,5428539416
1786395225556,0,0,8578596864,5428539416
1786395225763,0,0,8578596864,5428539416
1786395225974,0,0,8578596864,5428539416
1786395226185,0,0,8578596864,5428539416
1786395226396,0,0,8578596864,5428555800
1786395226600,0,0,8578596864,5428539416
1786395226812,0,0,8578596864,5428539416
1786395227023,0,0,8578596864,5428539416
1786395227228,0,0,8578596864,5428539416
1786395227432,0,0,8578596864,5428539416
1786395227639,0,0,8578596864,5428539416
1786395227850,0,0,8578596864,5428539416
1786395228055,0,0,8578596864,5428539416
1786395228264,0,0,8578596864,5428539416
1786395228465,0,0,8578596864,5428539416
1786395228676,0,0,8578596864,5428539416
1786395228886,0,0,8578596864,5428555800
1786395229097,0,0,8578596864,5428539416
1786395229299,0,0,8578596864,5428539416
1786395229504,0,0,8578596864,5428539416
1786395229715,0,0,8578596864,5428539416
1786395229926,0,0,8578596864,5428539416
1786395230132,0,0,8578596864,5428539416
1786395230339,0,0,8578596864,5428539416
1786395230545,0,0,8578596864,5428539416
1786395230748,0,0,8578596864,5428539416
1786395230959,0,0,8578596864,5428539416
1786395231165,0,0,8578596864,5428539416
1786395231376,0,0,8578596864,5428539416
1786395231582,0,0,8578596864,5428539416
1786395231792,0,0,8578596864,5428539416
1786395232003,0,0,8578596864,5428539416
1786395232214,0,0,8578596864,5428539416
1786395232416,0,0,8578596864,5428539416
1786395232632,0,0,8578596864,5428539416
1786395232841,0,0,8578596864,5428555800
1786395233051,0,0,8578596864,5428539416
1786395233262,0,0,8578596864,5428539416
1786395233469,0,0,8578596864,5428555800
1786395233678,0,0,8578596864,5428555800
1786395233888,0,0,8578596864,5428539416
1786395234099,0,0,8578596864,5428539416
1786395234310,0,0,8578596864,5428539416
1786395234521,0,0,8578596864,5428539416
1786395234728,0,0,8578596864,5428555800
1786395234939,0,0,8578596864,5428539416
1786395235143,0,0,8578596864,5428539416
1786395235354,0,0,8578596864,5428539416
1786395235565,0,0,8578596864,5428539416
1786395235772,0,0,8578596864,5428555800
1786395235977,0,0,8578596864,5428539416
1786395236180,0,0,8578596864,5428539416
1786395236390,0,0,8578596864,5428539416
1786395236601,0,0,8578596864,5428539416
1786395236812,0,0,8578596864,5428539416
1786395237023,0,0,8578596864,5428539416
1786395237225,0,0,8578596864,5428539416
1786395237431,0,0,8578596864,5428539416
1786395237641,0,0,8578596864,5428539416
1786395237852,0,0,8578596864,5428539416
1786395238057,0,0,8578596864,5428555800
1786395238268,0,0,8578596864,5428539416
1786395238479,0,0,8578596864,5428539416
1786395238690,0,0,8578596864,5428539416
1786395238901,0,0,8578596864,5428539416
1786395239112,0,0,8578596864,5428539416
1786395239323,0,0,8578596864,5428539416
1786395239532,0,0,8578596864,5428539416
1786395239735,0,0,8578596864,5428555800
1786395239938,0,0,8578596864,5428539416
1786395240150,0,0,8578596864,5428555800
1786395240360,0,0,8578596864,5428539416
1786395240563,0,0,8578596864,5428539416
1786395240766,0,0,8578596864,5428539416
1786395240976,0,0,8578596864,5428539416
1786395241187,0,0,8578596864,5428539416
1786395241398,0,0,8578596864,5428555800
1786395241609,0,0,8578596864,5428555800
1786395241816,0,0,8578596864,5428555800
1786395242026,0,0,8578596864,5428555800
1786395242235,0,0,8578596864,5428555800
1786395242446,0,0,8578596864,5428555800
1786395242671,0,0,8578596864,5428572184
1786395242882,0,0,8578596864,5428555800
1786395243088,0,0,8578596864,5428555800
1786395243295,0,0,8578596864,5428555800
1786395243505,0,0,8578596864,5428555800
1786395243717,0,0,8578596864,5428555800
1786395243929,0,0,8578596864,5428555800
1786395244136,0,0,8578596864,5428572184
1786395244339,0,0,8578596864,5428572184
1786395244542,0,0,8578596864,5428555800
1786395244753,0,0,8578596864,5428555800
1786395244958,0,0,8578596864,5428555800
1786395245162,0,0,8578596864,5428572184
1786395245371,0,0,8578596864,5428555800
1786395245576,0,0,8578596864,5428555800
1786395245786,0,0,8578596864,5428555800
1786395245997,0,0,8578596864,5428555800
1786395246200,0,0,8578596864,5428555800
1786395246407,0,0,8578596864,5428555800
1786395246617,0,0,8578596864,5428555800
1786395246820,0,0,8578596864,5428555800
1786395247031,0,0,8578596864,5428555800
1786395247241,0,0,8578596864,5428572184
1786395247448,0,0,8578596864,5428555800
1786395247651,0,0,8578596864,5428555800
1786395247860,0,0,8578596864,5428555800
1786395248071,0,0,8578596864,5428555800
1786395248291,0,0,8578596864,5428555800
1786395248503,0,0,8578596864,5428555800
1786395248714,0,0,8578596864,5428555800
1786395248924,0,0,8578596864,5428572184
1786395249130,0,0,8578596864,5428555800
1786395249341,0,0,8578596864,5428555800
1786395249551,0,0,8578596864,5428555800
1786395249762,0,0,8578596864,5428555800
1786395249967,0,0,8578596864,5428555800
1786395250172,0,0,8578596864,5428572184
1786395250381,0,0,8578596864,5428555800
1786395250592,0,0,8578596864,5428555800
1786395250803,0,0,8578596864,5428555800
1786395251011,0,0,8578596864,5428555800
1786395251222,0,0,8578596864,5428555800
1786395251433,0,0,8578596864,5428555800
1786395251640,0,0,8578596864,5428555800
1786395251850,0,0,8578596864,5428555800
1786395252058,0,0,8578596864,5428555800
1786395252269,0,0,8578596864,5428555800
1786395252470,0,0,8578596864,5428555800
1786395252686,0,0,8578596864,5428572184
1786395252897,0,0,8578596864,5428572184
1786395253107,0,0,8578596864,5428572184
1786395253319,0,0,8578596864,5428572184
1786395253526,0,0,8578596864,5428572184
1786395253727,0,0,8578596864,5428572184
1786395253928,0,0,8578596864,5428572184
1786395254133,0,0,8578596864,5428588568
1786395254339,0,0,8578596864,5428572184
1786395254549,0,0,8578596864,5428572184
1786395254753,0,0,8578596864,5428588568
1786395254959,0,0,8578596864,5428572184
1786395255170,0,0,8578596864,5428588568
1786395255375,0,0,8578596864,5428572184
1786395255581,0,0,8578596864,5428572184
1786395255786,0,0,8578596864,5428572184
1786395255990,0,0,8578596864,5428572184
1786395256200,0,0,8578596864,5428572184
1786395256412,0,0,8578596864,5428572184
1786395256614,0,0,8578596864,5428588568
1786395256820,0,0,8578596864,5428588568
1786395257025,0,0,8578596864,5428588568
1786395257233,0,0,8578596864,5428588568
1786395257438,0,0,8578596864,5428588568
1786395257649,0,0,8578596864,5428588568
1786395257861,0,0,8578596864,5428588568
1786395258072,0,0,8578596864,5428588568
1786395258280,0,0,8578596864,5428588568
1786395258487,0,0,8578596864,5428588568
1786395258698,0,0,8578596864,5428588568
1786395258907,0,0,8578596864,5428588568
1786395259112,0,0,8578596864,5428604952
1786395259323,0,0,8578596864,5428588568
1786395259533,0,0,8578596864,5428588568
1786395259744,0,0,8578596864,5428588568
1786395259952,0,0,8578596864,5428588568
1786395260157,0,0,8578596864,5428588568
1786395260368,0,0,8578596864,5428588568
1786395260575,0,0,8578596864,5428588568
1786395260785,0,0,8578596864,5428588568
1786395260996,0,0,8578596864,5428588568
1786395261207,0,0,8578596864,5428588568
1786395261416,0,0,8578596864,5428588568
1786395261626,0,0,8578596864,5428588568
1786395261832,0,0,8578596864,5428588568
1786395262043,0,0,8578596864,5428588568
1786395262254,0,0,8578596864,5428588568
1786395262466,0,0,8578596864,5428588568
1786395262679,0,0,8578596864,5428604952
1786395262899,0,0,8578596864,5428588568
1786395263110,0,0,8578596864,5428588568
1786395263322,0,0,8578596864,5428588568
1786395263532,0,0,8578596864,5428588568
1786395263740,0,0,8578596864,5428588568
1786395263946,0,0,8578596864,5428604952
1786395264154,0,0,8578596864,5428588568
1786395264365,0,0,8578596864,5428588568
1786395264577,0,0,8578596864,5428588568
1786395264781,0,0,8578596864,5428604952
1786395264986,0,0,8578596864,5428588568
1786395265190,0,0,8578596864,5428588568
1786395265399,0,0,8578596864,5428588568
1786395265610,0,0,8578596864,5428588568
1786395265821,0,0,8578596864,5428604952
1786395266032,0,0,8578596864,5428588568
1786395266238,0,0,8578596864,5428588568
1786395266441,0,0,8578596864,5428588568
1786395266651,0,0,8578596864,5428588568
1786395266859,0,0,8578596864,5428588568
1786395267062,0,0,8578596864,5428588568
1786395267273,0,0,8578596864,5428588568
1786395267479,0,0,8578596864,5428588568
1786395267687,0,0,8578596864,5428588568
1786395267898,0,0,8578596864,5428604952
1786395268106,0,0,8578596864,5428588568
1786395268308,0,0,8578596864,5428588568
1786395268518,0,0,8578596864,5428588568
1786395268728,0,0,8578596864,5428588568
1786395268939,0,0,8578596864,5428604952
1786395269146,0,0,8578596864,5428588568
1786395269357,0,0,8578596864,5428588568
1786395269563,0,0,8578596864,5428588568
1786395269768,0,0,8578596864,5428588568
1786395269978,0,0,8578596864,5428588568
1786395270191,0,0,8578596864,5428588568
1786395270402,0,0,8578596864,5428588568
1786395270607,0,0,8578596864,5428604952
1786395270816,0,0,8578596864,5428588568
1786395271020,0,0,8578596864,5428588568
1786395271231,0,0,8578596864,5428588568
1786395271441,0,0,8578596864,5428588568
1786395271653,0,0,8578596864,5428588568
1786395271858,0,0,8578596864,5428588568
1786395272092,0,0,8578596864,5428604952
1786395272303,0,0,8578596864,5428588568
1786395272514,0,0,8578596864,5428588568
1786395272724,0,0,8578596864,5428588568
1786395272937,0,0,8578596864,5428588568
1786395273148,0,0,8578596864,5428588568
1786395273349,0,0,8578596864,5428588568
1786395273554,0,0,8578596864,5428588568
1786395273758,0,0,8578596864,5428588568
1786395273960,0,0,8578596864,5428588568
1786395274170,0,0,8578596864,5428588568
1786395274373,0,0,8578596864,5428588568
1786395274583,0,0,8578596864,5428588568
1786395274793,0,0,8578596864,5428588568
1786395275003,0,0,8578596864,5428588568
1786395275214,0,0,8578596864,5428588568
1786395275424,0,0,8578596864,5428588568
1786395275634,0,0,8578596864,5428588568
1786395275844,0,0,8578596864,5428588568
1786395276046,0,0,8578596864,5428588568
1786395276256,0,0,8578596864,5428588568
1786395276466,0,0,8578596864,5428588568
1786395276677,0,0,8578596864,5428588568
1786395276887,0,0,8578596864,5428588568
1786395277097,0,0,8578596864,5428588568
1786395277307,0,0,8578596864,5428588568
1786395277518,0,0,8578596864,5428588568
1786395277728,0,0,8578596864,5428588568
1786395277938,0,0,8578596864,5428588568
1786395278142,0,0,8578596864,5428588568
1786395278352,0,0,8578596864,5428588568
1786395278562,0,0,8578596864,5428588568
1786395278771,0,0,8578596864,5428588568
1786395278981,0,0,8578596864,5428588568
1786395279191,0,0,8578596864,5428588568
1786395279402,0,0,8578596864,5428588568
1786395279605,0,0,8578596864,5428588568
1786395279807,0,0,8578596864,5428588568
1786395280017,0,0,8578596864,5428588568
1786395280227,0,0,8578596864,5428588568
1786395280438,0,0,8578596864,5428588568
1786395280648,0,0,8578596864,5428588568
1786395280858,0,0,8578596864,5428588568
1786395281064,0,0,8578596864,5428588568
1786395281272,0,0,8578596864,5428588568
1786395281475,0,0,8578596864,5428588568
1786395281686,0,0,8578596864,5428604952
1786395281889,0,0,8578596864,5428604952
1786395282097,0,0,8578596864,5428588568
1786395282307,0,0,8578596864,5428588568
1786395282516,0,0,8578596864,5428588568
1786395282727,0,0,8578596864,5428588568
1786395282951,0,0,8578596864,5428588568
1786395283161,0,0,8578596864,5428588568
1786395283366,0,0,8578596864,5428588568
1786395283577,0,0,8578596864,5428588568
1786395283788,0,0,8578596864,5428588568
1786395283999,0,0,8578596864,5428588568
1786395284205,0,0,8578596864,5428588568
1786395284416,0,0,8578596864,5428588568
1786395284627,0,0,8578596864,5428588568
1786395284835,0,0,8578596864,5428604952
1786395285044,0,0,8578596864,5428588568
1786395285254,0,0,8578596864,5428588568
1786395285462,0,0,8578596864,5428588568
1786395285674,0,0,8578596864,5428588568
1786395285885,0,0,8578596864,5428588568
1786395286090,0,0,8578596864,5428588568
1786395286301,0,0,8578596864,5428588568
1786395286510,0,0,8578596864,5428604952
1786395286718,0,0,8578596864,5428588568
1786395286921,0,0,8578596864,5428588568
1786395287129,0,0,8578596864,5428604952
1786395287340,0,0,8578596864,5428588568
1786395287548,0,0,8578596864,5428588568
1786395287757,0,0,8578596864,5428588568
1786395287968,0,0,8578596864,5428604952
1786395288174,0,0,8578596864,5428588568
1786395288379,0,0,8578596864,5428588568
1786395288582,0,0,8578596864,5428588568
1786395288795,0,0,8578596864,5428604952
1786395289003,0,0,8578596864,5428588568
1786395289207,0,0,8578596864,5428588568
1786395289417,0,0,8578596864,5428604952
1786395289629,0,0,8578596864,5428588568
1786395289839,0,0,8578596864,5428604952
1786395290042,0,0,8578596864,5428588568
1786395290253,0,0,8578596864,5428588568
1786395290465,0,0,8578596864,5428588568
1786395290676,0,0,8578596864,5428588568
1786395290882,0,0,8578596864,5428588568
1786395291089,0,0,8578596864,5428604952
1786395291300,0,0,8578596864,5428588568
1786395291511,0,0,8578596864,5428588568
1786395291722,0,0,8578596864,5428588568
1786395291933,0,0,8578596864,5428588568
1786395292139,0,0,8578596864,5428604952
1786395292350,0,0,8578596864,5428588568
1786395292561,0,0,8578596864,5428588568
1786395292772,0,0,8578596864,5428588568
1786395292996,0,0,8578596864,5428588568
1786395293214,0,0,8578596864,5428588568
1786395293425,0,0,8578596864,5428588568
1786395293636,0,0,8578596864,5428588568
1786395293847,0,0,8578596864,5428588568
1786395294051,0,0,8578596864,5428588568
1786395294263,0,0,8578596864,5428588568
1786395294464,0,0,8578596864,5428588568
1786395294675,0,0,8578596864,5428588568
1786395294882,0,0,8578596864,5428588568
1786395295093,0,0,8578596864,5428588568
1786395295304,0,0,8578596864,5428588568
1786395295516,0,0,8578596864,5428588568
1786395295718,0,0,8578596864,5428604952
1786395295929,0,0,8578596864,5428588568
1786395296140,0,0,8578596864,5428588568
1786395296348,0,0,8578596864,5428588568
1786395296559,0,0,8578596864,5428588568
1786395296760,0,0,8578596864,5428588568
1786395296971,0,0,8578596864,5428588568
1786395297182,0,0,8578596864,5428588568
1786395297393,0,0,8578596864,5428588568
1786395297598,0,0,8578596864,5428588568
1786395297802,0,0,8578596864,5428588568
1786395298006,0,0,8578596864,5428588568
1786395298212,0,0,8578596864,5428588568
1786395298422,0,0,8578596864,5428588568
1786395298633,0,0,8578596864,5428604952
1786395298838,0,0,8578596864,5428588568
1786395299048,0,0,8578596864,5428588568
1786395299255,0,0,8578596864,5428588568
1786395299466,0,0,8578596864,5428588568
1786395299677,0,0,8578596864,5428588568
1786395299880,0,0,8578596864,5428588568
1786395300089,0,0,8578596864,5428588568
1786395300300,0,0,8578596864,5428588568
1786395300511,0,0,8578596864,5428588568
1786395300715,0,0,8578596864,5428604952
1786395300925,0,0,8578596864,5428588568
1786395301130,0,0,8578596864,5428588568
1786395301341,0,0,8578596864,5428588568
1786395301551,0,0,8578596864,5428588568
1786395301762,0,0,8578596864,5428588568
1786395301973,0,0,8578596864,5428588568
1786395302178,0,0,8578596864,5428588568
1786395302388,0,0,8578596864,5428604952
1786395302599,0,0,8578596864,5428588568
1786395302800,0,0,8578596864,5428588568
1786395303014,0,0,8578596864,5428588568
1786395303217,0,0,8578596864,5428588568
1786395303427,0,0,8578596864,5428588568
1786395303638,0,0,8578596864,5428588568
1786395303848,0,0,8578596864,5428604952
1786395304056,0,0,8578596864,5428588568
1786395304267,0,0,8578596864,5428588568
1786395304477,0,0,8578596864,5428588568
1786395304680,0,0,8578596864,5428588568
1786395304891,0,0,8578596864,5428588568
1786395305102,0,0,8578596864,5428588568
1786395305313,0,0,8578596864,5428588568
1786395305515,0,0,8578596864,5428588568
1786395305726,0,0,8578596864,5428588568
1786395305937,0,0,8578596864,5428588568
1786395306148,0,0,8578596864,5428604952
1786395306359,0,0,8578596864,5428588568
1786395306570,0,0,8578596864,5428588568
1786395306785,0,0,8578596864,5428604952
1786395306996,0,0,8578596864,5428588568
1786395307204,0,0,8578596864,5428604952
1786395307410,0,0,8578596864,5428588568
1786395307621,0,0,8578596864,5428588568
1786395307833,0,0,8578596864,5428604952
1786395308039,0,0,8578596864,5428588568
1786395308247,0,0,8578596864,5428588568
1786395308455,0,0,8578596864,5428588568
1786395308663,0,0,8578596864,5428588568
1786395308870,0,0,8578596864,5428588568
1786395309081,0,0,8578596864,5428588568
1786395309292,0,0,8578596864,5428588568
1786395309503,0,0,8578596864,5428588568
1786395309708,0,0,8578596864,5428588568
1786395309914,0,0,8578596864,5428588568
1786395310120,0,0,8578596864,5428588568
1786395310331,0,0,8578596864,5428588568
1786395310543,0,0,8578596864,5428604952
1786395310751,0,0,8578596864,5428604952
1786395310962,0,0,8578596864,5428588568
1786395311172,0,0,8578596864,5428588568
1786395311384,0,0,8578596864,5428588568
1786395311595,0,0,8578596864,5428588568
1786395311799,0,0,8578596864,5428588568
1786395312005,0,0,8578596864,5428588568
1786395312216,0,0,8578596864,5428604952
1786395312423,0,0,8578596864,5428588568
1786395312626,0,0,8578596864,5428588568
1786395312837,0,0,8578596864,5428604952
1786395313060,0,0,8578596864,5428621336
1786395313271,0,0,8578596864,5428604952
1786395313482,0,0,8578596864,5428604952
1786395313693,0,0,8578596864,5428604952
1786395313896,0,0,8578596864,5428621336
1786395314107,0,0,8578596864,5428604952
1786395314312,0,0,8578596864,5428604952
1786395314523,0,0,8578596864,5428604952
1786395314727,0,0,8578596864,5428604952
1786395314936,0,0,8578596864,5428604952
1786395315143,0,0,8578596864,5428604952
1786395315354,0,0,8578596864,5428621336
1786395315560,0,0,8578596864,5428752408
1786395315771,0,0,8578596864,5428817944
1786395315976,0,0,8578596864,5428817944
1786395316187,0,0,8578596864,5428834328
1786395316395,0,0,8578596864,5428817944
1786395316599,0,0,8578596864,5428834328
1786395316801,0,0,8578596864,5428834328
1786395317012,0,0,8578596864,5428834328
1786395317223,0,0,8578596864,5428834328
1786395317427,0,0,8578596864,5428834328
1786395317631,0,0,8578596864,5428834328
1786395317839,0,0,8578596864,5428834328
1786395318046,0,0,8578596864,5428834328
1786395318249,0,0,8578596864,5428834328
1786395318460,0,0,8578596864,5428834328
1786395318663,0,0,8578596864,5428834328
1786395318864,0,0,8578596864,5428834328
1786395319075,0,0,8578596864,5428834328
1786395319286,0,0,8578596864,5428834328
1786395319495,0,0,8578596864,5428834328
1786395319706,0,0,8578596864,5428834328
1786395319918,0,0,8578596864,5428834328
1786395320128,0,0,8578596864,5428834328
1786395320343,0,0,8578596864,5428850712
1786395320545,0,0,8578596864,5428834328
1786395320755,0,0,8578596864,5428834328
1786395320958,0,0,8578596864,5428850712
1786395321163,0,0,8578596864,5428834328
1786395321367,0,0,8578596864,5428834328
1786395321577,0,0,8578596864,5428834328
1786395321789,0,0,8578596864,5428850712
1786395322000,0,0,8578596864,5428834328
1786395322211,0,0,8578596864,5428834328
1786395322414,0,0,8578596864,5428834328
1786395322625,0,0,8578596864,5428834328
1786395322827,0,0,8578596864,5428834328
1786395323030,0,0,8578596864,5428834328
1786395323253,0,0,8578596864,5428834328
1786395323464,0,0,8578596864,5428834328
1786395323674,0,0,8578596864,5428834328
1786395323885,0,0,8578596864,5428834328
1786395324089,0,0,8578596864,5428834328
1786395324300,0,0,8578596864,5428834328
1786395324504,0,0,8578596864,5428834328
1786395324708,0,0,8578596864,5428834328
1786395324917,0,0,8578596864,5428834328
1786395325129,0,0,8578596864,5428834328
1786395325339,0,0,8578596864,5428834328
1786395325543,0,0,8578596864,5428834328
1786395325745,0,0,8578596864,5428834328
1786395325956,0,0,8578596864,5428834328
1786395326167,0,0,8578596864,5428850712
1786395326376,0,0,8578596864,5428834328
1786395326587,0,0,8578596864,5428834328
1786395326795,0,0,8578596864,5428834328
1786395326997,0,0,8578596864,5428834328
1786395327207,0,0,8578596864,5428834328
1786395327410,0,0,8578596864,5428834328
1786395327621,0,0,8578596864,5428834328
1786395327827,0,0,8578596864,5428834328
1786395328039,0,0,8578596864,5428850712
1786395328246,0,0,8578596864,5428834328
1786395328457,0,0,8578596864,5428850712
1786395328668,0,0,8578596864,5428834328
1786395328872,0,0,8578596864,5428834328
1786395329083,0,0,8578596864,5428834328
1786395329285,0,0,8578596864,5428834328
1786395329488,0,0,8578596864,5428834328
1786395329699,0,0,8578596864,5428834328
1786395329909,0,0,8578596864,5428834328
1786395330115,0,0,8578596864,5428834328
1786395330320,0,0,8578596864,5428834328
1786395330524,0,0,8578596864,5428834328
1786395330735,0,0,8578596864,5428834328
1786395330938,0,0,8578596864,5428850712
1786395331149,0,0,8578596864,5428834328
1786395331360,0,0,8578596864,5428834328
1786395331568,0,0,8578596864,5428850712
1786395331775,0,0,8578596864,5428834328
1786395331986,0,0,8578596864,5428834328
1786395332197,0,0,8578596864,5428834328
1786395332407,0,0,8578596864,5428834328
1786395332610,0,0,8578596864,5428834328
1786395332811,0,0,8578596864,5428834328
1786395333021,0,0,8578596864,5428834328
1786395333233,0,0,8578596864,5428834328
1786395333454,0,0,8578596864,5428834328
1786395333665,0,0,8578596864,5428834328
1786395333871,0,0,8578596864,5428867096
1786395334077,0,0,8578596864,5428850712
1786395334288,0,0,8578596864,5428867096
1786395334499,0,0,8578596864,5428850712
1786395334709,0,0,8578596864,5428850712
1786395334916,0,0,8578596864,5428867096
1786395335121,0,0,8578596864,5428867096
1786395335332,0,0,8578596864,5428867096
1786395335543,0,0,8578596864,5428867096
1786395335755,0,0,8578596864,5428899864
1786395335966,0,0,8578596864,5428899864
1786395336171,0,0,8578596864,5428899864
1786395336375,0,0,8578596864,5428899864
1786395336586,0,0,8578596864,5428899864
1786395336796,0,0,8578596864,5428916248
1786395337006,0,0,8578596864,5428916248
1786395337208,0,0,8578596864,5428916248
1786395337413,0,0,8578596864,5428916248
1786395337623,0,0,8578596864,5428916248
1786395337835,0,0,8578596864,5428916248
1786395338046,0,0,8578596864,5428916248
1786395338257,0,0,8578596864,5428916248
1786395338469,0,0,8578596864,5428932632
1786395338679,0,0,8578596864,5428916248
1786395338890,0,0,8578596864,5428916248
1786395339098,0,0,8578596864,5428916248
1786395339310,0,0,8578596864,5428932632
1786395339521,0,0,8578596864,5428916248
1786395339731,0,0,8578596864,5428916248
1786395339942,0,0,8578596864,5428916248
1786395340151,0,0,8578596864,5428916248
1786395340363,0,0,8578596864,5428916248
1786395340574,0,0,8578596864,5428916248
1786395340784,0,0,8578596864,5428916248
1786395340989,0,0,8578596864,5428916248
1786395341200,0,0,8578596864,5428916248
1786395341412,0,0,8578596864,5428916248
1786395341622,0,0,8578596864,5428932632
1786395341828,0,0,8578596864,5428916248
1786395342035,0,0,8578596864,5428916248
1786395342247,0,0,8578596864,5428916248
1786395342458,0,0,8578596864,5428916248
1786395342659,0,0,8578596864,5428916248
1786395342867,0,0,8578596864,5428916248
1786395343075,0,0,8578596864,5428916248
1786395343280,0,0,8578596864,5428916248
1786395343487,0,0,8578596864,5428916248
1786395343698,0,0,8578596864,5428916248
1786395343909,0,0,8578596864,5428932632
1786395344113,0,0,8578596864,5428916248
1786395344324,0,0,8578596864,5428916248
1786395344535,0,0,8578596864,5428916248
1786395344739,0,0,8578596864,5428916248
1786395344949,0,0,8578596864,5428916248
1786395345157,0,0,8578596864,5428916248
1786395345364,0,0,8578596864,5428932632
1786395345575,0,0,8578596864,5428916248
1786395345786,0,0,8578596864,5428916248
1786395345995,0,0,8578596864,5428932632
1786395346206,0,0,8578596864,5428916248
1786395346410,0,0,8578596864,5428981784
1786395346615,0,0,8578596864,5428981784
1786395346826,0,0,8578596864,5428981784
1786395347037,0,0,8578596864,5428981784
1786395347248,0,0,8578596864,5428981784
1786395347460,0,0,8578596864,5429325848
1786395347670,0,0,8578596864,5429342232
1786395347881,0,0,8578596864,5429325848
1786395348091,0,0,8578596864,5429325848
1786395348295,0,0,8578596864,5429342232
1786395348506,0,0,8578596864,5429325848
1786395348711,0,0,8578596864,5429325848
1786395348914,0,0,8578596864,5429325848
1786395349126,0,0,8578596864,5429325848
1786395349337,0,0,8578596864,5429325848
1786395349547,0,0,8578596864,5429325848
1786395349759,0,0,8578596864,5429325848
1786395349978,0,0,8578596864,5429342232
1786395350189,0,0,8578596864,5429325848
1786395350394,0,0,8578596864,5429325848
1786395350601,0,0,8578596864,5429342232
1786395350811,0,0,8578596864,5429342232
1786395351021,0,0,8578596864,5429325848
1786395351231,0,0,8578596864,5429325848
1786395351438,0,0,8578596864,5429325848
1786395351648,0,0,8578596864,5429325848
1786395351858,0,0,8578596864,5429325848
1786395352069,0,0,8578596864,5429325848
1786395352277,0,0,8578596864,5429325848
1786395352480,0,0,8578596864,5429325848
1786395352688,0,0,8578596864,5429325848
1786395352898,0,0,8578596864,5429325848
1786395353109,0,0,8578596864,5429325848
1786395353319,0,0,8578596864,5429325848
1786395353532,0,0,8578596864,5429325848
1786395353742,0,0,8578596864,5429325848
1786395353953,0,0,8578596864,5429325848
1786395354163,0,0,8578596864,5429325848
1786395354370,0,0,8578596864,5429325848
1786395354580,0,0,8578596864,5429325848
1786395354791,0,0,8578596864,5429325848
1786395355001,0,0,8578596864,5429325848
1786395355211,0,0,8578596864,5429325848
1786395355421,0,0,8578596864,5429325848
1786395355632,0,0,8578596864,5429325848
1786395355837,0,0,8578596864,5429325848
1786395356038,0,0,8578596864,5429325848
1786395356248,0,0,8578596864,5429325848
1786395356456,0,0,8578596864,5429325848
1786395356659,0,0,8578596864,5429325848
1786395356870,0,0,8578596864,5429325848
1786395357080,0,0,8578596864,5429325848
1786395357290,0,0,8578596864,5429325848
1786395357500,0,0,8578596864,5429325848
1786395357711,0,0,8578596864,5429325848
1786395357919,0,0,8578596864,5429325848
1786395358129,0,0,8578596864,5429325848
1786395358339,0,0,8578596864,5429325848
1786395358550,0,0,8578596864,5429325848
1786395358753,0,0,8578596864,5429325848
1786395358963,0,0,8578596864,5429325848
1786395359175,0,0,8578596864,5429325848
1786395359377,0,0,8578596864,5429325848
1786395359588,0,0,8578596864,5429325848
1786395359799,0,0,8578596864,5429325848
1786395360006,0,0,8578596864,5429325848
1786395360218,0,0,8578596864,5429342232
1786395360429,0,0,8578596864,5429325848
1786395360638,0,0,8578596864,5429325848
1786395360850,0,0,8578596864,5429325848
1786395361060,0,0,8578596864,5429325848
1786395361271,0,0,8578596864,5429325848
1786395361482,0,0,8578596864,5429325848
1786395361693,0,0,8578596864,5429325848
1786395361898,0,0,8578596864,5429325848
1786395362109,0,0,8578596864,5429325848
1786395362311,0,0,8578596864,5429325848
1786395362522,0,0,8578596864,5429325848
1786395362733,0,0,8578596864,5429325848
1786395362939,0,0,8578596864,5429325848
1786395363147,0,0,8578596864,5429325848
1786395363349,0,0,8578596864,5429325848
1786395363566,0,0,8578596864,5429325848
1786395363777,0,0,8578596864,5429342232
1786395363988,0,0,8578596864,5429325848
1786395364199,0,0,8578596864,5429342232
1786395364409,0,0,8578596864,5429325848
1786395364612,0,0,8578596864,5429325848
1786395364823,0,0,8578596864,5429325848
1786395365032,0,0,8578596864,5429325848
1786395365238,0,0,8578596864,5429325848
1786395365449,0,0,8578596864,5429325848
1786395365659,0,0,8578596864,5429325848
1786395365863,0,0,8578596864,5429325848
1786395366074,0,0,8578596864,5429325848
1786395366286,0,0,8578596864,5429325848
1786395366494,0,0,8578596864,5429325848
1786395366703,0,0,8578596864,5429325848
1786395366905,0,0,8578596864,5429325848
1786395367116,0,0,8578596864,5429325848
1786395367327,0,0,8578596864,5429342232
1786395367539,0,0,8578596864,5429325848
1786395367746,0,0,8578596864,5429325848
1786395367957,0,0,8578596864,5429325848
1786395368167,0,0,8578596864,5429325848
1786395368379,0,0,8578596864,5429325848
1786395368589,0,0,8578596864,5429325848
1786395368800,0,0,8578596864,5429325848
1786395369009,0,0,8578596864,5429342232
1786395369220,0,0,8578596864,5429325848
1786395369422,0,0,8578596864,5429325848
1786395369625,0,0,8578596864,5429325848
1786395369835,0,0,8578596864,5429342232
1786395370038,0,0,8578596864,5429342232
1786395370249,0,0,8578596864,5429325848
1786395370459,0,0,8578596864,5429325848
1786395370670,0,0,8578596864,5429325848
1786395370873,0,0,8578596864,5429342232
1786395371077,0,0,8578596864,5429325848
1786395371282,0,0,8578596864,5429325848
1786395371493,0,0,8578596864,5429325848
1786395371703,0,0,8578596864,5429325848
1786395371912,0,0,8578596864,5429342232
1786395372118,0,0,8578596864,5429325848
1786395372330,0,0,8578596864,5429325848
1786395372540,0,0,8578596864,5429325848
1786395372751,0,0,8578596864,5429325848
1786395372962,0,0,8578596864,5429342232
1786395373173,0,0,8578596864,5429342232
1786395373384,0,0,8578596864,5429342232
1786395373607,0,0,8578596864,5429358616
1786395373813,0,0,8578596864,5429358616
1786395374024,0,0,8578596864,5429358616
1786395374235,0,0,8578596864,5429358616
1786395374439,0,0,8578596864,5429358616
1786395374652,0,0,8578596864,5429358616
1786395374863,0,0,8578596864,5429358616
1786395375074,0,0,8578596864,5429358616
1786395375284,0,0,8578596864,5429358616
1786395375496,0,0,8578596864,5429358616
1786395375701,0,0,8578596864,5429358616
1786395375912,0,0,8578596864,5429358616
1786395376122,0,0,8578596864,5429358616
1786395376334,0,0,8578596864,5429358616
1786395376538,0,0,8578596864,5429358616
1786395376742,0,0,8578596864,5429358616
1786395376951,0,0,8578596864,5429358616
1786395377161,0,0,8578596864,5429358616
1786395377372,0,0,8578596864,5429358616
1786395377583,0,0,8578596864,5429358616
1786395377794,0,0,8578596864,5429358616
1786395378002,0,0,8578596864,5429358616
1786395378208,0,0,8578596864,5429358616
1786395378416,0,0,8578596864,5429358616
1786395378627,0,0,8578596864,5429358616
1786395378839,0,0,8578596864,5429358616
1786395379050,0,0,8578596864,5429358616
1786395379262,0,0,8578596864,5429358616
1786395379468,0,0,8578596864,5429375000
1786395379672,0,0,8578596864,5429358616
1786395379883,0,0,8578596864,5429358616
1786395380089,0,0,8578596864,5429358616
1786395380300,0,0,8578596864,5429358616
1786395380510,0,0,8578596864,5429375000
1786395380721,0,0,8578596864,5429358616
1786395380933,0,0,8578596864,5429358616
1786395381144,0,0,8578596864,5429358616
1786395381347,0,0,8578596864,5429375000
1786395381558,0,0,8578596864,5429358616
1786395381764,0,0,8578596864,5429375000
1786395381975,0,0,8578596864,5429358616
1786395382186,0,0,8578596864,5429358616
1786395382389,0,0,8578596864,5429358616
1786395382600,0,0,8578596864,5429375000
1786395382809,0,0,8578596864,5429358616
1786395383012,0,0,8578596864,5429358616
1786395383217,0,0,8578596864,5429358616
1786395383429,0,0,8578596864,5429375000
1786395383649,0,0,8578596864,5429358616
1786395383859,0,0,8578596864,5429358616
1786395384070,0,0,8578596864,5429358616
1786395384276,0,0,8578596864,5429358616
1786395384487,0,0,8578596864,5429358616
1786395384690,0,0,8578596864,5429358616
1786395384898,0,0,8578596864,5429358616
1786395385109,0,0,8578596864,5429358616
1786395385320,0,0,8578596864,5429358616
1786395385530,0,0,8578596864,5429358616
1786395385741,0,0,8578596864,5429358616
1786395385952,0,0,8578596864,5429358616
1786395386157,0,0,8578596864,5429358616
1786395386368,0,0,8578596864,5429358616
1786395386578,0,0,8578596864,5429358616
1786395386789,0,0,8578596864,5429375000
1786395387000,0,0,8578596864,5429358616
1786395387212,0,0,8578596864,5429375000
1786395387422,0,0,8578596864,5429358616
1786395387626,0,0,8578596864,5429358616
1786395387836,0,0,8578596864,5429358616
1786395388048,0,0,8578596864,5429375000
1786395388257,0,0,8578596864,5429358616
1786395388466,0,0,8578596864,5429358616
1786395388671,0,0,8578596864,5429375000
1786395388881,0,0,8578596864,5429358616
1786395389093,0,0,8578596864,5429358616
1786395389301,0,0,8578596864,5429358616
1786395389504,0,0,8578596864,5429375000
1786395389714,0,0,8578596864,5429358616
1786395389919,0,0,8578596864,5429358616
1786395390129,0,0,8578596864,5429358616
1786395390339,0,0,8578596864,5429358616
1786395390550,0,0,8578596864,5429358616
1786395390760,0,0,8578596864,5429358616
1786395390971,0,0,8578596864,5429358616
1786395391181,0,0,8578596864,5429358616
1786395391385,0,0,8578596864,5429358616
1786395391595,0,0,8578596864,5429358616
1786395391797,0,0,8578596864,5429358616
1786395392002,0,0,8578596864,5429375000
1786395392210,0,0,8578596864,5429358616
1786395392421,0,0,8578596864,5429358616
1786395392630,0,0,8578596864,5429358616
1786395392832,0,0,8578596864,5429358616
1786395393038,0,0,8578596864,5429358616
1786395393249,0,0,8578596864,5429358616
1786395393460,0,0,8578596864,5429358616
1786395393673,0,0,8578596864,5429358616
1786395393884,0,0,8578596864,5429358616
1786395394088,0,0,8578596864,5429358616
1786395394300,0,0,8578596864,5429358616
1786395394510,0,0,8578596864,5429358616
1786395394721,0,0,8578596864,5429358616
1786395394927,0,0,8578596864,5429375000
1786395395129,0,0,8578596864,5429358616
1786395395340,0,0,8578596864,5429358616
1786395395540,0,0,8578596864,5429358616
1786395395747,0,0,8578596864,5429358616
1786395395958,0,0,8578596864,5429375000
1786395396169,0,0,8578596864,5429358616
1786395396379,0,0,8578596864,5429358616
1786395396587,0,0,8578596864,5429358616
1786395396797,0,0,8578596864,5429358616
1786395397007,0,0,8578596864,5429358616
1786395397212,0,0,8578596864,5429375000
1786395397424,0,0,8578596864,5429358616
1786395397626,0,0,8578596864,5429358616
1786395397837,0,0,8578596864,5429358616
1786395398050,0,0,8578596864,5429375000
1786395398255,0,0,8578596864,5429358616
1786395398457,0,0,8578596864,5429358616
1786395398663,0,0,8578596864,5429358616
1786395398868,0,0,8578596864,5429358616
1786395399071,0,0,8578596864,5429358616
1786395399283,0,0,8578596864,5429358616
1786395399491,0,0,8578596864,5429375000
1786395399703,0,0,8578596864,5429358616
1786395399915,0,0,8578596864,5429375000
1786395400125,0,0,8578596864,5429358616
1786395400336,0,0,8578596864,5429358616
1786395400539,0,0,8578596864,5429375000
1786395400740,0,0,8578596864,5429358616
1786395400953,0,0,8578596864,5429358616
1786395401167,0,0,8578596864,5429358616
1786395401369,268435456,169869312,8748466176,5429325848
1786395401580,268435456,268435456,8847032320,5362216984
1786395401791,268435456,268435456,8847032320,5362233368
1786395401996,268435456,268435456,8847032320,5362216984
1786395402208,268435456,268435456,8847032320,5362233368
1786395402419,268435456,268435456,8847032320,5362216984
1786395402632,268435456,268435456,8847032320,5362233368
1786395402834,268435456,268435456,8847032320,5362216984
1786395403045,268435456,268435456,8847032320,5362216984
1786395403256,268435456,268435456,8847032320,5362216984
1786395403467,536870912,509607936,9088892928,5354024984
1786395403678,536870912,536870912,9115467776,5353828376
1786395403888,536870912,536870912,9115467776,5353828376
1786395404107,536870912,536870912,9115467776,5353828376
1786395404318,536870912,536870912,9115467776,5353828376
1786395404523,536870912,536870912,9115467776,5353828376
1786395404734,536870912,536870912,9115467776,5353828376
1786395404939,536870912,536870912,9115467776,5353828376
1786395405147,536870912,536870912,9115467776,5353828376
1786395405350,805306368,563085312,9142370304,5353975832
1786395405561,805306368,805306368,9383903232,5368705048
1786395405771,805306368,805306368,9383903232,5368705048
1786395405983,805306368,805306368,9383903232,5368705048
1786395406187,805306368,805306368,9383903232,5368705048
1786395406399,805306368,805306368,9383903232,5368721432
1786395406611,805306368,805306368,9383903232,5368705048
1786395406819,805306368,805306368,9383903232,5369065496
1786395407023,805306368,805306368,9383903232,5369065496
1786395407234,805306368,805306368,9383903232,5369065496
1786395407443,1073741824,1000341504,9579020288,5336739864
1786395407653,1073741824,1073741824,9652338688,5335822360
1786395407855,1073741824,1073741824,9652338688,5335822360
1786395408064,1073741824,1073741824,9652338688,5335822360
1786395408275,1073741824,1073741824,9652338688,5335838744
1786395408478,1073741824,1073741824,9652338688,5335822360
1786395408688,1073741824,1073741824,9652338688,5335822360
1786395408900,1073741824,1073741824,9652338688,5335822360
1786395409105,1073741824,1073741824,9652338688,5336166424
1786395409309,1073741824,1073741824,9652338688,5336166424
1786395409520,1342177280,1256194048,9835184128,5336166424
1786395409729,1342177280,1342177280,9920774144,5335773208
1786395409940,1342177280,1342177280,9920774144,5335773208
1786395410150,1342177280,1342177280,9920774144,5335773208
1786395410355,1342177280,1342177280,9920774144,5335773208
1786395410558,1342177280,1342177280,9920774144,5335773208
1786395410767,1342177280,1342177280,9920774144,5335773208
1786395410975,1342177280,1342177280,9920774144,5335773208
1786395411185,1342177280,1342177280,9920774144,5335773208
1786395411388,1610612736,1440743424,10019487744,5336510488
1786395411599,1610612736,1610612736,10189209600,5335773208
1786395411809,1610612736,1610612736,10189209600,5335773208
1786395412021,1610612736,1610612736,10189209600,5335773208
1786395412230,1610612736,1610612736,10189209600,5335789592
1786395412441,1610612736,1610612736,10189209600,5336248344
1786395412652,1610612736,1610612736,10189209600,5336248344
1786395412858,1610612736,1610612736,10189209600,5336248344
1786395413066,1610612736,1610612736,10189209600,5336248344
1786395413277,1610612736,1610612736,10189209600,5336248344
1786395413479,1879048192,1722810368,10301407232,5336952856
1786395413689,1879048192,1879048192,10457645056,5336051736
1786395413901,1879048192,1879048192,10457645056,5336068120
1786395414105,1879048192,1879048192,10457645056,5336068120
1786395414312,1879048192,1879048192,10457645056,5336068120
1786395414524,1879048192,1879048192,10457645056,5336051736
1786395414735,1879048192,1879048192,10457645056,5336264728
1786395414943,1879048192,1879048192,10457645056,5336264728
1786395415147,1879048192,1879048192,10457645056,5336281112
1786395415352,1879048192,1879048192,10457645056,5336281112
1786395415559,2147483648,2065694720,10644471808,5336870936
1786395415823,2147483648,2110783488,10689380352,5336756248
1786395416045,2147483648,2131755008,10710351872,5337002008
1786395416257,2147483648,2147483648,10726080512,5336018968
1786395416469,2147483648,2147483648,10726080512,5336018968
1786395416681,2147483648,2147483648,10726080512,5336018968
1786395416882,2147483648,2147483648,10726080512,5336018968
1786395417093,2147483648,2147483648,10726080512,5336018968
1786395417304,2147483648,2147483648,10726080512,5336018968
1786395417507,2415919104,2211446784,10790043648,5336936472
1786395417709,2415919104,2415919104,10994515968,5336018968
1786395417920,2415919104,2415919104,10994515968,5336018968
1786395418121,2415919104,2415919104,10994515968,5336018968
1786395418332,2415919104,2415919104,10994515968,5336035352
1786395418544,2415919104,2415919104,10994515968,5336018968
1786395418755,2415919104,2415919104,10994515968,5336018968
1786395418960,2415919104,2415919104,10994515968,5336018968
1786395419162,2415919104,2415919104,10994515968,5336018968
1786395419373,2415919104,2415919104,10994515968,5336231960
1786395419576,2684354560,2618294272,11197726720,5336739864
1786395419787,2684354560,2684354560,11262951424,5336018968
1786395419998,2684354560,2684354560,11262951424,5336018968
1786395420201,2684354560,2684354560,11262951424,5336018968
1786395420411,2684354560,2684354560,11262951424,5336215576
1786395420622,2684354560,2684354560,11262951424,5336215576
1786395420833,2684354560,2684354560,11262951424,5336215576
1786395421038,2684354560,2684354560,11262951424,5336215576
1786395421244,2684354560,2684354560,11262951424,5336215576
1786395421453,2684354560,2684354560,11262951424,5336215576
1786395421663,2952790016,2952790016,11531386880,5335953432
1786395421874,2952790016,2952790016,11531386880,5335953432
1786395422085,2952790016,2952790016,11531386880,5335953432
1786395422289,2952790016,2952790016,11531386880,5335953432
1786395422496,2952790016,2952790016,11531386880,5335953432
1786395422699,2952790016,2952790016,11531386880,5336133656
1786395422911,2952790016,2952790016,11531386880,5336133656
1786395423115,2952790016,2952790016,11531386880,5336133656
1786395423318,2952790016,2952790016,11531386880,5336133656
1786395423529,3221225472,2984247296,11562844160,5336264728
1786395423745,3221225472,3101687808,11680284672,5336330264
1786395423956,3221225472,3221225472,11799822336,5335756824
1786395424167,3221225472,3221225472,11799822336,5335756824
1786395424378,3221225472,3221225472,11799822336,5335756824
1786395424588,3221225472,3221225472,11799822336,5335756824
1786395424792,3221225472,3221225472,11799822336,5335756824
1786395425003,3221225472,3221225472,11799822336,5336100888
1786395425207,3221225472,3221225472,11799822336,5336100888
1786395425418,3221225472,3221225472,11799822336,5336100888
1786395425625,3489660928,3398434816,11977359360,5336281112
1786395425836,3489660928,3489660928,12068257792,5335724056
1786395426046,3489660928,3489660928,12068257792,5335724056
1786395426252,3489660928,3489660928,12068257792,5335724056
1786395426463,3489660928,3489660928,12068257792,5335724056
1786395426674,3489660928,3489660928,12068257792,5335724056
1786395426888,3489660928,3489660928,12068257792,5335740440
1786395427099,3489660928,3489660928,12068257792,5335724056
1786395427310,3489660928,3489660928,12068257792,5336051736
1786395427513,3758096384,3498049536,12077137920,5336018968
1786395427724,3758096384,3758096384,12336693248,5335724056
1786395427939,3758096384,3758096384,12336693248,5335724056
1786395428152,3758096384,3758096384,12336693248,5335740440
1786395428357,3758096384,3758096384,12336693248,5335724056
1786395428567,3758096384,3758096384,12336693248,5335724056
1786395428777,3758096384,3758096384,12336693248,5335724056
1786395428987,3758096384,3758096384,12336693248,5335724056
1786395429189,3758096384,3758096384,12336693248,5335724056
1786395429389,3758096384,3758096384,12336693248,5336051736
1786395429599,4026531840,3890216960,12469288960,5336215576
1786395429810,4026531840,4026531840,12605128704,5335740440
1786395430020,4026531840,4026531840,12605128704,5335740440
1786395430221,4026531840,4026531840,12605128704,5335740440
1786395430431,4026531840,4026531840,12605128704,5335740440
1786395430631,4026531840,4026531840,12605128704,5336051736
1786395430842,4026531840,4026531840,12605128704,5336051736
1786395431052,4026531840,4026531840,12605128704,5336051736
1786395431262,4026531840,4026531840,12605128704,5336051736
1786395431463,4026531840,4026531840,12605128704,5336051736
1786395431663,4294967296,4236247040,12815466496,5335969816
1786395431873,4294967296,4294967296,12873564160,5335740440
1786395432083,4294967296,4294967296,12873564160,5335740440
1786395432287,4294967296,4294967296,12873564160,5335740440
1786395432497,4294967296,4294967296,12873564160,5335740440
1786395432708,4294967296,4294967296,12873564160,5336035352
1786395432913,4294967296,4294967296,12873564160,5336035352
1786395433123,4294967296,4294967296,12873564160,5336035352
1786395433334,4294967296,4294967296,12873564160,5336051736
1786395433535,4563402752,4310695936,12889800704,5335920664
1786395433745,4563402752,4563402752,13141999616,5335707672
1786395433955,4563402752,4563402752,13141999616,5335707672
1786395434166,4563402752,4563402752,13141999616,5335707672
1786395434369,4563402752,4563402752,13141999616,5335707672
1786395434579,4563402752,4563402752,13141999616,5335707672
1786395434786,4563402752,4563402752,13141999616,5336051736
1786395434988,4563402752,4563402752,13141999616,5336051736
1786395435198,4563402752,4563402752,13141999616,5336051736
1786395435408,4563402752,4563402752,13141999616,5336051736
1786395435619,4831838208,4674551808,13253148672,5336477720
1786395435829,4831838208,4831838208,13410435072,5335674904
1786395436038,4831838208,4831838208,13410435072,5335674904
1786395436248,4831838208,4831838208,13410435072,5335674904
1786395436460,4831838208,4831838208,13410435072,5335674904
1786395436671,4831838208,4831838208,13410435072,5335674904
1786395436875,4831838208,4831838208,13410435072,5335691288
1786395437077,4831838208,4831838208,13410435072,5336018968
1786395437288,4831838208,4831838208,13410435072,5336018968
1786395437496,4831838208,4831838208,13410435072,5336035352
1786395437697,5100273664,4982833152,13561708544,5336313880
1786395437907,5100273664,5100273664,13678870528,5335658520
1786395438118,5100273664,5100273664,13678870528,5335658520
1786395438319,5100273664,5100273664,13678870528,5336002584
1786395438530,5100273664,5100273664,13678870528,5336002584
1786395438738,5100273664,5100273664,13678870528,5336002584
1786395438943,5100273664,5100273664,13678870528,5336018968
1786395439149,5100273664,5100273664,13678870528,5336018968
1786395439358,5100273664,5100273664,13678870528,5336002584
1786395439569,5100273664,5100273664,13678870528,5336002584
1786395439773,5368709120,5347737600,13926449152,5336412184
1786395439976,5368709120,5368709120,13947305984,5335642136
1786395440184,5368709120,5368709120,13947305984,5335642136
1786395440395,5368709120,5368709120,13947305984,5335642136
1786395440605,5368709120,5368709120,13947305984,5335642136
1786395440817,5368709120,5368709120,13947305984,5335642136
1786395441028,5368709120,5368709120,13947305984,5335642136
1786395441230,5368709120,5368709120,13947305984,5335658520
1786395441442,5368709120,5368709120,13947305984,5335642136
1786395441643,5637144576,5455740928,14034337792,5336018968
1786395441853,5637144576,5637144576,14215741440,5335019544
1786395442065,5637144576,5637144576,14215741440,5335019544
1786395442276,5637144576,5637144576,14215741440,5335019544
1786395442477,5637144576,5637144576,14215741440,5335019544
1786395442685,5637144576,5637144576,14215741440,5335019544
1786395442895,5637144576,5637144576,14215741440,5336018968
1786395443106,5637144576,5637144576,14215741440,5336018968
1786395443318,5637144576,5637144576,14215741440,5336018968
1786395443525,5637144576,5637144576,14215741440,5336018968
1786395443726,5905580032,5765070848,14344273920,5336199192
1786395443927,5905580032,5905580032,14484176896,5336330264
1786395444138,5905580032,5905580032,14484176896,5336330264
1786395444342,5905580032,5905580032,14484176896,5336346648
1786395444551,5905580032,5905580032,14484176896,5336330264
1786395444759,5905580032,5905580032,14484176896,5336346648
1786395444962,5905580032,5905580032,14484176896,5336494104
1786395445172,5905580032,5905580032,14484176896,5336494104
1786395445379,5905580032,5905580032,14484176896,5336494104
1786395445591,5905580032,5905580032,14484176896,5336510488
1786395445802,6174015488,6123683840,14702280704,5337182232
1786395446013,6174015488,6174015488,14752612352,5336494104
1786395446223,6174015488,6174015488,14752612352,5336641560
1786395446434,6174015488,6174015488,14752612352,5336641560
1786395446644,6174015488,6174015488,14752612352,5336641560
1786395446853,6174015488,6174015488,14752612352,5336641560
1786395447061,6174015488,6174015488,14752612352,5336641560
1786395447265,6174015488,6174015488,14752612352,5336870936
1786395447470,6174015488,6174015488,14752612352,5336870936
1786395447672,6442450944,6185549824,14764294144,5337067544
1786395447882,6442450944,6442450944,15021047808,5336526872
1786395448085,6442450944,6442450944,15021047808,5336526872
1786395448295,6442450944,6442450944,15021047808,5336526872
1786395448500,6442450944,6442450944,15021047808,5336723480
1786395448701,6442450944,6442450944,15021047808,5336723480
1786395448911,6442450944,6442450944,15021047808,5336723480
1786395449114,6442450944,6442450944,15021047808,5336723480
1786395449318,6442450944,6442450944,15021047808,5336723480
1786395449522,6442450944,6442450944,15021047808,5336723480
1786395449723,6710886400,6532628480,15112241152,5337591832
1786395449933,6710886400,6710886400,15289483264,5336543256
1786395450144,6710886400,6710886400,15289483264,5336543256
1786395450352,6710886400,6710886400,15289483264,5336543256
1786395450564,6710886400,6710886400,15289483264,5336543256
1786395450773,6710886400,6710886400,15289483264,5336870936
1786395450984,6710886400,6710886400,15289483264,5336870936
1786395451188,6710886400,6710886400,15289483264,5336887320
1786395451399,6710886400,6710886400,15289483264,5336870936
1786395451611,6710886400,6710886400,15289483264,5336870936
1786395451813,6979321856,6852444160,15431090176,5337477144
1786395452021,6979321856,6979321856,15557918720,5336625176
1786395452233,6979321856,6979321856,15557918720,5336625176
1786395452439,6979321856,6979321856,15557918720,5336625176
1786395452651,6979321856,6979321856,15557918720,5336625176
1786395452857,6979321856,6979321856,15557918720,5336625176
1786395453068,6979321856,6979321856,15557918720,5336854552
1786395453280,6979321856,6979321856,15557918720,5336870936
1786395453484,6979321856,6979321856,15557918720,5336854552
1786395453695,6979321856,6979321856,15557918720,5336854552
1786395453897,7247757312,7247757312,15826354176,5336363032
1786395454108,7247757312,7247757312,15826354176,5336641560
1786395454319,7247757312,7247757312,15826354176,5336641560
1786395454529,7247757312,7247757312,15826354176,5336641560
1786395454731,7247757312,7247757312,15826354176,5336641560
1786395454943,7247757312,7247757312,15826354176,5336641560
1786395455144,7247757312,7247757312,15826354176,5336641560
1786395455354,7247757312,7247757312,15826354176,5336985624
1786395455566,7247757312,7247757312,15826354176,5336985624
1786395455773,7516192768,7286554624,15865954304,5337559064
1786395455984,7516192768,7516192768,16094789632,5336444952
1786395456195,7516192768,7516192768,16094789632,5336444952
1786395456406,7516192768,7516192768,16094789632,5336903704
1786395456617,7516192768,7516192768,16094789632,5336903704
1786395456828,7516192768,7516192768,16094789632,5336903704
1786395457032,7516192768,7516192768,16094789632,5336903704
1786395457235,7516192768,7516192768,16094789632,5336903704
1786395457438,7516192768,7516192768,16094789632,5336903704
1786395457649,7516192768,7516192768,16094789632,5336903704
1786395457851,7784628224,7654604800,16234250240,5337755672
1786395458062,7784628224,7784628224,16363225088,5336707096
1786395458273,7784628224,7784628224,16363225088,5336707096
1786395458482,7784628224,7784628224,16363225088,5336707096
1786395458685,7784628224,7784628224,16363225088,5337051160
1786395458893,7784628224,7784628224,16363225088,5337051160
1786395459096,7784628224,7784628224,16363225088,5337051160
1786395459304,7784628224,7784628224,16363225088,5337051160
1786395459509,7784628224,7784628224,16363225088,5337051160
1786395459716,7784628224,7784628224,16363225088,5337067544
1786395459918,8053063680,8050966528,16630022144,5337280536
1786395460129,8053063680,8053063680,16631660544,5336854552
1786395460340,8053063680,8053063680,16631660544,5336854552
1786395460549,8053063680,8053063680,16631660544,5336870936
1786395460759,8053063680,8053063680,16631660544,5336854552
1786395460968,8053063680,8053063680,16631660544,5337247768
1786395461175,8053063680,8053063680,16631660544,5337247768
1786395461387,8053063680,8053063680,16631660544,5337247768
1786395461598,8053063680,8053063680,16631660544,5337247768
1786395461807,8321499136,8142192640,16720789504,5337886744
1786395462018,8321499136,8321499136,16900096000,5336920088
1786395462220,8321499136,8321499136,16900096000,5336920088
1786395462432,8321499136,8321499136,16900096000,5336920088
1786395462642,8321499136,8321499136,16900096000,5336920088
1786395462853,8321499136,8321499136,16900096000,5336920088
1786395463064,8321499136,8321499136,16900096000,5336936472
1786395463270,8321499136,8321499136,16900096000,5336952856
1786395463481,8321499136,8321499136,16900096000,5336969240
1786395463684,8321499136,8321499136,16900096000,5336985624
1786395463892,8589934592,8541700096,17120346112,5134839832
1786395464104,8589934592,8589934592,17168531456,5039468568
1786395464309,8589934592,8589934592,17168531456,5048299592
1786395464514,8589934592,8589934592,17168531456,5064634440
1786395464725,8589934592,8589934592,17168531456,5064650824
1786395464928,8589934592,8589934592,17168531456,5064650824
1786395465139,8589934592,8589934592,17168531456,5064634440
1786395465346,8589934592,8589934592,17168531456,5064650824
1786395465557,8589934592,8589934592,17168531456,5135331568
1786395465759,8589934592,8589934592,17168531456,5139951856
1786395465971,8616017920,8616017920,17194614784,5089652976
1786395466182,8616017920,8616017920,17194614784,5089652976
1786395466385,8616017920,8616017920,17194614784,5089669360
1786395466593,8616017920,8616017920,17194614784,5089669360
1786395466802,8616017920,8616017920,17194614784,5102137584
1786395467012,8616017920,8616017920,17194614784,5105578224
1786395467221,8616017920,8616017920,17194614784,5105578224
1786395467430,8616017920,8616017920,17194614784,5105578224
1786395467639,8616017920,8616017920,17194614784,5105578224
1786395467844,8692776960,8655863808,17235279872,5055623408
1786395468055,8692776960,8692776960,17271373824,5007454448
1786395468266,8692776960,8692776960,17271373824,5007454448
1786395468473,8692776960,8692776960,17271373824,5007454448
1786395468685,8692776960,8692776960,17271373824,5007454448
1786395468892,8665677824,8665677824,17271373824,5007454448
1786395469103,8665677824,8665677824,17271373824,5007454448
1786395469314,8665677824,8665677824,17271373824,5008453872
1786395469525,8665677824,8665677824,17271373824,5008453872
1786395469736,8665677824,8665677824,17271373824,5008453872
1786395469946,8665677824,8665677824,17271373824,5008453872
1786395470152,8665677824,8665677824,17271373824,5008470256
1786395470359,8665677824,8665677824,17271373824,5009043696
1786395470569,8665677824,8665677824,17271373824,5009043696
1786395470780,8665677824,8665677824,17271373824,5009043696
1786395470984,8665677824,8665677824,17271373824,5009043696
1786395471192,8665677824,8665677824,17271373824,5009043696
1786395471394,8665677824,8665677824,17271373824,5009060080
1786395471596,8665677824,8665677824,17271373824,5017858288
1786395471807,8665677824,8665677824,17271373824,5017858288
1786395472019,8665677824,8665677824,17271373824,5017858288
1786395472229,8665677824,8665677824,17271373824,5017858288
1786395472438,8665677824,8665677824,17271373824,5017874672
1786395472649,8665677824,8665677824,17271373824,5017858288
1786395472854,8862908416,8687697920,17293639680,4986679536
1786395473064,8862908416,8862908416,17468604416,4713902320
1786395473275,8862908416,8862908416,17468604416,4713902320
1786395473486,8862908416,8862908416,17468604416,4713902320
1786395473694,8862908416,8862908416,17468604416,4713902320
1786395473898,8862908416,8862908416,17468604416,4713902320
1786395474102,8862908416,8862908416,17468604416,4714492144
1786395474313,8862908416,8862908416,17468604416,4714492144
1786395474522,8862908416,8862908416,17468604416,4714492144
1786395474725,8862908416,8862908416,17468604416,4714508528
1786395474930,8735719424,8747565056,17468604416,4714492144
1786395475131,8735719424,8735719424,17468604416,4712411376
1786395475342,8735719424,8735719424,17468604416,4712411376
1786395475548,8735719424,8735719424,17468604416,4712411376
1786395475760,8735719424,8735719424,17468604416,4712411376
1786395475965,8684863488,8684863488,17468604416,4712411376
1786395476176,8684863488,8684863488,17468604416,4712411376
1786395476387,8684863488,8684863488,17468604416,4711215344
1786395476591,8684863488,8684863488,17468604416,4711215344
1786395476794,8684863488,8684863488,17468604416,4711215344
1786395477006,8684863488,8684863488,17468604416,4711215344
1786395477210,8684863488,8684863488,17468604416,4711231728
1786395477411,8684863488,8684863488,17468604416,4711215344
1786395477621,8684863488,8684863488,17468604416,4711215344
1786395477832,8684863488,8684863488,17468604416,4711215344
1786395478043,8684863488,8684863488,17468604416,4711215344
1786395478248,8684863488,8684863488,17468604416,4711215344
1786395478455,8684863488,8684863488,17468604416,4711215344
1786395478663,8684863488,8684863488,17468604416,4711215344
1786395478873,8684863488,8684863488,17468604416,4711248112
1786395479084,8684863488,8684863488,17468604416,4711248112
1786395479296,8684863488,8684863488,17468604416,4711248112
1786395479504,8684863488,8684863488,17468604416,4711264496
1786395479717,8684863488,8684863488,17468604416,4711264496
1786395479920,8684863488,8684863488,17468604416,4711248112
1786395480131,8684863488,8684863488,17468604416,4711248112
1786395480343,8684863488,8684863488,17468604416,4711248112
1786395480553,8684863488,8684863488,17468604416,4711264496
1786395480758,8684863488,8684863488,17468604416,4711264496
1786395480964,8684863488,8684863488,17468604416,4711264496
1786395481169,8684863488,8684863488,17468604416,4711248112
1786395481376,8684863488,8684863488,17468604416,4711248112
1786395481582,8684863488,8684863488,17468604416,4711248112
1786395481791,8684863488,8684863488,17468604416,4711248112
1786395482003,8684863488,8684863488,17468604416,4711248112
1786395482214,8684863488,8684863488,17468604416,4711248112
1786395482424,8684863488,8684863488,17468604416,4711248112
1786395482631,8684863488,8684863488,17468604416,4711330032
1786395482843,8684863488,8684863488,17468604416,4711346416
1786395483048,8684863488,8684863488,17468604416,4711330032
1786395483260,8684863488,8684863488,17468604416,4711330032
1786395483461,8684863488,8684863488,17468604416,4711330032
1786395483672,8684863488,8684863488,17468604416,4711330032
1786395483886,8684863488,8684863488,17468604416,4711346416
1786395484100,8684863488,8684863488,17468604416,4711346416
1786395484302,8684863488,8684863488,17468604416,4711330032
1786395484510,8684863488,8684863488,17468604416,4711346416
1786395484711,8684863488,8684863488,17468604416,4711330032
1786395484911,8684863488,8684863488,17468604416,4711330032
1786395485119,8684863488,8684863488,17468604416,4711330032
1786395485327,8684863488,8684863488,17468604416,4711330032
1786395485538,8684863488,8684863488,17468604416,4711330032
1786395485742,8684863488,8684863488,17468604416,4711330032
1786395485945,8684863488,8684863488,17468604416,4711330032
1786395486156,8684863488,8684863488,17468604416,4711330032
1786395486367,8684863488,8684863488,17468604416,4711346416
1786395486577,8684863488,8684863488,17468604416,4711346416
1786395486789,8684863488,8684863488,17468604416,4711330032
1786395487000,8684863488,8684863488,17468604416,4711330032
1786395487203,8684863488,8684863488,17468604416,4711330032
1786395487414,8684863488,8684863488,17468604416,4711330032
1786395487621,8684863488,8684863488,17468604416,4711330032
1786395487832,8684863488,8684863488,17468604416,4711330032
1786395488039,8684863488,8684863488,17468604416,4711330032
1786395488247,8684863488,8684863488,17468604416,4711330032
1786395488448,8684863488,8684863488,17468604416,4711330032
1786395488659,8684863488,8684863488,17468604416,4711330032
1786395488866,8684863488,8684863488,17468604416,4711330032
1786395489077,8684863488,8684863488,17468604416,4711330032
1786395489288,8684863488,8684863488,17468604416,4711330032
1786395489499,8684863488,8684863488,17468604416,4711330032
1786395489705,8684863488,8684863488,17468604416,4711330032
1786395489916,8684863488,8684863488,17468604416,4711330032
1786395490126,8684863488,8684863488,17468604416,4711330032
1786395490332,8684863488,8684863488,17468604416,4711330032
1786395490543,8684863488,8684863488,17468604416,4711330032
1786395490750,8684863488,8684863488,17468604416,4711330032
1786395490960,8684863488,8684863488,17468604416,4711330032
1786395491171,8684863488,8684863488,17468604416,4711330032
1786395491376,8684863488,8684863488,17468604416,4711330032
1786395491587,8684863488,8684863488,17468604416,4711346416
1786395491797,8684863488,8684863488,17468604416,4711330032
1786395492008,8684863488,8684863488,17468604416,4711330032
1786395492215,8684863488,8684863488,17468604416,4711330032
1786395492426,8684863488,8684863488,17468604416,4711330032
1786395492638,8684863488,8684863488,17468604416,4711330032
1786395492843,8684863488,8684863488,17468604416,4711330032
1786395493053,8684863488,8684863488,17468604416,4711330032
1786395493264,8684863488,8684863488,17468604416,4711330032
1786395493474,8684863488,8684863488,17468604416,4711346416
1786395493686,8684863488,8684863488,17468604416,4711346416
1786395493895,8684863488,8684863488,17468604416,4711346416
1786395494099,8684863488,8684863488,17468604416,4711346416
1786395494303,8684863488,8684863488,17468604416,4711362800
1786395494507,8684863488,8684863488,17468604416,4711346416
1786395494718,8684863488,8684863488,17468604416,4711346416
1786395494923,8684863488,8684863488,17468604416,4711346416
1786395495134,8684863488,8684863488,17468604416,4711346416
1786395495341,8684863488,8684863488,17468604416,4711346416
1786395495544,8684863488,8684863488,17468604416,4711346416
1786395495752,8684863488,8684863488,17468604416,4711346416
1786395495965,8684863488,8684863488,17468604416,4711362800
1786395496168,8684863488,8684863488,17468604416,4711346416
1786395496379,8684863488,8684863488,17468604416,4711346416
1786395496588,8684863488,8684863488,17468604416,4711346416
1786395496793,8684863488,8684863488,17468604416,4711346416
1786395497004,8684863488,8684863488,17468604416,4711362800
1786395497215,8684863488,8684863488,17468604416,4711379184
1786395497425,8684863488,8684863488,17468604416,4711379184
1786395497629,8684863488,8684863488,17468604416,4711379184
1786395497838,8684863488,8684863488,17468604416,4711395568
1786395498046,8684863488,8684863488,17468604416,4711379184
1786395498257,8684863488,8684863488,17468604416,4711379184
1786395498468,8684863488,8684863488,17468604416,4711395568
1786395498681,8684863488,8684863488,17468604416,4711395568
1786395498890,8684863488,8684863488,17468604416,4711379184
1786395499096,8684863488,8684863488,17468604416,4711379184
1786395499307,8684863488,8684863488,17468604416,4711379184
1786395499518,8684863488,8684863488,17468604416,4711379184
1786395499728,8684863488,8684863488,17468604416,4711379184
1786395499931,8684863488,8684863488,17468604416,4711379184
1786395500137,8684863488,8684863488,17468604416,4711379184
1786395500348,8684863488,8684863488,17468604416,4711379184
1786395500549,8684863488,8684863488,17468604416,4711379184
1786395500760,8684863488,8684863488,17468604416,4711379184
1786395500968,8684863488,8684863488,17468604416,4711395568
1786395501171,8684863488,8684863488,17468604416,4711379184
1786395501382,8684863488,8684863488,17468604416,4711379184
1786395501589,8684863488,8684863488,17468604416,4711379184
1786395501800,8684863488,8684863488,17468604416,4711379184
1786395502011,8684863488,8684863488,17468604416,4711379184
1786395502222,8684863488,8684863488,17468604416,4711379184
1786395502433,8684863488,8684863488,17468604416,4711379184
1786395502635,8684863488,8684863488,17468604416,4711379184
1786395502838,8684863488,8684863488,17468604416,4711379184
1786395503049,8684863488,8684863488,17468604416,4711379184
1786395503260,8684863488,8684863488,17468604416,4711379184
1786395503466,8684863488,8684863488,17468604416,4711379184
1786395503676,8684863488,8684863488,17468604416,4711395568
1786395503889,8684863488,8684863488,17468604416,4711395568
1786395504090,8684863488,8684863488,17468604416,4711379184
1786395504301,8684863488,8684863488,17468604416,4711379184
1786395504512,8684863488,8684863488,17468604416,4711379184
1786395504723,8684863488,8684863488,17468604416,4711395568
1786395504935,8684863488,8684863488,17468604416,4711379184
1786395505143,8684863488,8684863488,17468604416,4711379184
1786395505353,8684863488,8684863488,17468604416,4711379184
1786395505564,8684863488,8684863488,17468604416,4711379184
1786395505767,8684863488,8684863488,17468604416,4711395568
1786395505969,8684863488,8684863488,17468604416,4711379184
1786395506170,8684863488,8684863488,17468604416,4711379184
1786395506380,8684863488,8684863488,17468604416,4711379184
1786395506587,8684863488,8684863488,17468604416,4711379184
1786395506787,8684863488,8684863488,17468604416,4711379184
1786395506994,8684863488,8684863488,17468604416,4711379184
1786395507204,8684863488,8684863488,17468604416,4711379184
1786395507414,8684863488,8684863488,17468604416,4711379184
1786395507621,8684863488,8684863488,17468604416,4711379184
1786395507831,8684863488,8684863488,17468604416,4711379184
1786395508041,8684863488,8684863488,17468604416,4711379184
1786395508251,8684863488,8684863488,17468604416,4711379184
1786395508455,8684863488,8684863488,17468604416,4711379184
1786395508665,8684863488,8684863488,17468604416,4711379184
1786395508875,8684863488,8684863488,17468604416,4711379184
1786395509085,8684863488,8684863488,17468604416,4711379184
1786395509287,8684863488,8684863488,17468604416,4711379184
1786395509497,8684863488,8684863488,17468604416,4711379184
1786395509707,8684863488,8684863488,17468604416,4711379184
1786395509908,8684863488,8684863488,17468604416,4711379184
1786395510118,8684863488,8684863488,17468604416,4711379184
1786395510323,8684863488,8684863488,17468604416,4711379184
1786395510533,8684863488,8684863488,17468604416,4711379184
1786395510738,8684863488,8684863488,17468604416,4711379184
1786395510946,8684863488,8684863488,17468604416,4711379184
1786395511157,8684863488,8684863488,17468604416,4711379184
1786395511361,8684863488,8684863488,17468604416,4711379184
1786395511569,8684863488,8684863488,17468604416,4711379184
1786395511779,8684863488,8684863488,17468604416,4711379184
1786395511989,8684863488,8684863488,17468604416,4711379184
1786395512191,8684863488,8684863488,17468604416,4711379184
1786395512400,8684863488,8684863488,17468604416,4711379184
1786395512610,8684863488,8684863488,17468604416,4711379184
1786395512820,8684863488,8684863488,17468604416,4711379184
1786395513031,8684863488,8684863488,17468604416,4711379184
1786395513235,8684863488,8684863488,17468604416,4711379184
1786395513440,8684863488,8684863488,17468604416,4711379184
1786395513651,8684863488,8684863488,17468604416,4711379184
1786395513857,8684863488,8684863488,17468604416,4711379184
1786395514063,8684863488,8684863488,17468604416,4711379184
1786395514266,8684863488,8684863488,17468604416,4711395568
1786395514476,8684863488,8684863488,17468604416,4711379184
1786395514687,8684863488,8684863488,17468604416,4711379184
1786395514898,8684863488,8684863488,17468604416,4711379184
1786395515110,8684863488,8684863488,17468604416,4711379184
1786395515319,8684863488,8684863488,17468604416,4711379184
1786395515530,8684863488,8684863488,17468604416,4711379184
1786395515742,8684863488,8684863488,17468604416,4711379184
1786395515952,8684863488,8684863488,17468604416,4711379184
1786395516159,8684863488,8684863488,17468604416,4711379184
1786395516373,8684863488,8684863488,17468604416,4711395568
1786395516584,8684863488,8684863488,17468604416,4711395568
1786395516790,8684863488,8684863488,17468604416,4711379184
1786395516998,8684863488,8684863488,17468604416,4711379184
1786395517205,8684863488,8684863488,17468604416,4711379184
1786395517416,8684863488,8684863488,17468604416,4711379184
1786395517626,8684863488,8684863488,17468604416,4711395568
1786395517829,8684863488,8684863488,17468604416,4711379184
1786395518039,8684863488,8684863488,17468604416,4711395568
1786395518248,8684863488,8684863488,17468604416,4711379184
1786395518459,8684863488,8684863488,17468604416,4711395568
1786395518671,8684863488,8684863488,17468604416,4711379184
1786395518883,8684863488,8684863488,17468604416,4711379184
1786395519089,8684863488,8684863488,17468604416,4711379184
1786395519296,8684863488,8684863488,17468604416,4711379184
1786395519507,8684863488,8684863488,17468604416,4711379184
1786395519718,8684863488,8684863488,17468604416,4711379184
1786395519920,8684863488,8684863488,17468604416,4711379184
1786395520125,8684863488,8684863488,17468604416,4711379184
1786395520336,8684863488,8684863488,17468604416,4711379184
1786395520547,8684863488,8684863488,17468604416,4711379184
1786395520752,8684863488,8684863488,17468604416,4711379184
1786395522681,0,8653406208,17468604416,4711379184
1786395522889,0,8072495104,17468604416,4706234608
1786395523099,0,7409795072,17468604416,4706234608
1786395523303,0,6760726528,17468604416,4706234608
1786395523507,0,6108512256,17468604416,4706234608
1786395523708,0,5469929472,17468604416,4706234608
1786395523918,0,4794646528,17468604416,4706234608
1786395524120,0,4165500928,17468604416,4706234608
1786395524326,0,3488120832,17468604416,4706234608
1786395524526,0,2825420800,17468604416,4706234608
1786395524729,0,2152235008,17468604416,4706234608
1786395524932,0,1503166464,17468604416,4706234608
1786395525134,0,891846656,17468604416,4706234608
1786395525345,0,230195200,17468604416,4706234608
1786395525555,0,0,17468604416,4706234608
1786395525766,0,0,17468604416,4706234608
1786395525971,0,0,17468604416,4706234608
1786395526182,0,0,17468604416,4706234608
1786395526392,0,0,17468604416,4706267400
1786395526604,0,0,17468604416,4706283784
1786395526811,0,0,17468604416,4706267400
1786395527016,0,0,17468604416,4706267400
1786395527227,0,0,17468604416,4706283784
1786395527434,0,0,17468604416,4706267400
1786395527645,0,0,17468604416,4706267400
1786395527848,0,0,17468604416,4706267400
1786395528052,0,0,17468604416,4706267400
1786395528260,0,0,17468604416,4706267400
1786395528461,0,0,17468604416,4706267400
1786395528672,0,0,17468604416,4706267400
1786395528883,0,0,17468604416,4706267400
1786395529089,0,0,17468604416,4706267400
1786395529300,0,0,17468604416,4706267400
1786395529511,0,0,17468604416,4706283784
1786395529722,0,0,17468604416,4706267400
1786395529933,0,0,17468604416,4706267400
1786395530139,0,0,17468604416,4706267400
1786395530351,0,0,17468604416,4706267400
1786395530558,0,0,17468604416,4706267400
1786395530769,0,0,17468604416,4706267400
1786395530980,0,0,17468604416,4706267400
1786395531192,0,0,17468604416,4706267400
1786395531403,0,0,17468604416,4706267400
1786395531611,0,0,17468604416,4706267400
1786395531822,0,0,17468604416,4706267400
1786395532031,0,0,17468604416,4706267400
1786395532242,0,0,17468604416,4706267400
1786395532449,0,0,17468604416,4706283784
1786395532660,0,0,17468604416,4706267400
1786395532871,0,0,17468604416,4706267400
1786395533072,0,0,17468604416,4706267400
1786395533284,0,0,17468604416,4706267400
1786395533494,0,0,17468604416,4706267400
1786395533700,0,0,17468604416,4706283784
1786395533907,0,0,17468604416,4706267400
1786395534115,0,0,17468604416,4706267400
1786395534324,0,0,17468604416,4706267400
1786395534535,0,0,17468604416,4706267400
1786395534741,0,0,17468604416,4706283784
1786395534952,0,0,17468604416,4706267400
1786395535163,0,0,17468604416,4706267400
1786395535373,0,0,17468604416,4706267400
1786395535583,0,0,17468604416,4706267400
1786395535788,0,0,17468604416,4706267400
1786395535990,0,0,17468604416,4706267400
1786395536198,0,0,17468604416,4706283784
1786395536404,0,0,17468604416,4706267400
1786395536615,0,0,17468604416,4706267400
1786395536825,0,0,17468604416,4706267400
1786395537036,0,0,17468604416,4706267400
1786395537241,0,0,17468604416,4706267400
1786395537448,0,0,17468604416,4706267400
1786395537658,0,0,17468604416,4706267400
1786395537870,0,0,17468604416,4706283784
1786395538080,0,0,17468604416,4706267400
1786395538283,0,0,17468604416,4706267400
1786395538493,0,0,17468604416,4706267400
1786395538704,0,0,17468604416,4706267400
1786395538908,0,0,17468604416,4706267400
1786395539119,0,0,17468604416,4706267400
1786395539324,0,0,17468604416,4706267400
1786395539536,0,0,17468604416,4706267400
1786395539738,0,0,17468604416,4706267400
1786395539944,0,0,17468604416,4706267400
1786395540155,0,0,17468604416,4706267400
1786395540366,0,0,17468604416,4706267400
1786395540578,0,0,17468604416,4706267400
1786395540784,0,0,17468604416,4706267400
1786395540993,0,0,17468604416,4706267400
1786395541202,0,0,17468604416,4706267400
1786395541413,0,0,17468604416,4706267400
1786395541623,0,0,17468604416,4706267400
1786395541831,0,0,17468604416,4706267400
1786395542041,0,0,17468604416,4706267400
1786395542242,0,0,17468604416,4706267400
1786395542453,0,0,17468604416,4706267400
1786395542663,0,0,17468604416,4706267400
1786395542875,0,0,17468604416,4706267400
1786395543085,0,0,17468604416,4706267400
1786395543295,0,0,17468604416,4706267400
1786395543506,0,0,17468604416,4706267400
1786395543717,0,0,17468604416,4706267400
1786395543923,0,0,17468604416,4706283784
1786395544134,0,0,17468604416,4706283784
1786395544342,0,0,17468604416,4706283784
1786395544543,0,0,17468604416,4706267400
1786395544754,0,0,17468604416,4706267400
1786395544960,0,0,17468604416,4706267400
1786395545164,0,0,17468604416,4706267400
1786395545366,0,0,17468604416,4706267400
1786395545579,0,0,17468604416,4706267400
1786395545790,0,0,17468604416,4706267400
1786395546001,0,0,17468604416,4706267400
1786395546226,0,0,17468604416,4706267400
1786395546437,0,0,17468604416,4706267400
1786395546649,0,0,17468604416,4706267400
1786395546859,0,0,17468604416,4706267400
1786395547070,0,0,17468604416,4706267400
1786395547274,0,0,17468604416,4706267400
1786395547485,0,0,17468604416,4706267400
1786395547693,0,0,17468604416,4706283784
1786395547903,0,0,17468604416,4706267400
1786395548111,0,0,17468604416,4706267400
1786395548322,0,0,17468604416,4706267400
1786395548532,0,0,17468604416,4706283784
1786395548740,0,0,17468604416,4706267400
1786395548951,0,0,17468604416,4706283784
1786395549162,0,0,17468604416,4706267400
1786395549367,0,0,17468604416,4706267400
1786395549578,0,0,17468604416,4706267400
1786395549782,0,0,17468604416,4706267400
1786395549993,0,0,17468604416,4706283784
1786395550202,0,0,17468604416,4706267400
1786395550413,0,0,17468604416,4706267400
1786395550624,0,0,17468604416,4706267400
1786395550835,0,0,17468604416,4706267400
1786395551046,0,0,17468604416,4706267400
1786395551256,0,0,17468604416,4706267400
1786395551464,0,0,17468604416,4706267400
1786395551675,0,0,17468604416,4706267400
1786395551891,0,0,17468604416,4706283784
1786395552102,0,0,17468604416,4706267400
1786395552314,0,0,17468604416,4706267400
1786395552523,0,0,17468604416,4706267400
1786395552734,0,0,17468604416,4706267400
1786395552945,0,0,17468604416,4706267400
1786395553149,0,0,17468604416,4706267400
1786395553357,0,0,17468604416,4706283784
1786395553564,0,0,17468604416,4706283784
1786395553775,0,0,17468604416,4706267400
1786395553986,0,0,17468604416,4706283784
1786395554189,0,0,17468604416,4706300168
1786395554391,0,0,17468604416,4706300168
1786395554601,0,0,17468604416,4706300168
1786395554807,0,0,17468604416,4706283784
1786395555018,0,0,17468604416,4706283784
1786395555229,0,0,17468604416,4706283784
1786395555439,0,0,17468604416,4706300168
1786395555649,0,0,17468604416,4706283784
1786395555860,0,0,17468604416,4706283784
1786395556071,0,0,17468604416,4706283784
1786395556282,0,0,17468604416,4706283784
1786395556493,0,0,17468604416,4706283784
1786395556705,0,0,17468604416,4706283784
1786395556916,0,0,17468604416,4706283784
1786395557119,0,0,17468604416,4706283784
1786395557330,0,0,17468604416,4706283784
1786395557536,0,0,17468604416,4706283784
1786395557747,0,0,17468604416,4706300168
1786395557958,0,0,17468604416,4706283784
1786395558163,0,0,17468604416,4706283784
1786395558374,0,0,17468604416,4706283784
1786395558585,0,0,17468604416,4706283784
1786395558796,0,0,17468604416,4706283784
1786395559003,0,0,17468604416,4706283784
1786395559214,0,0,17468604416,4706283784
1786395559425,0,0,17468604416,4706283784
1786395559636,0,0,17468604416,4706283784
1786395559845,0,0,17468604416,4706283784
1786395560049,0,0,17468604416,4706300168
1786395560255,0,0,17468604416,4706283784
1786395560457,0,0,17468604416,4706283784
1786395560667,0,0,17468604416,4706283784
1786395560878,0,0,17468604416,4706283784
1786395561088,0,0,17468604416,4706283784
1786395561290,0,0,17468604416,4706283784
1786395561501,0,0,17468604416,4706283784
1786395561711,0,0,17468604416,4706283784
1786395561922,0,0,17468604416,4706283784
1786395562129,0,0,17468604416,4706283784
1786395562334,0,0,17468604416,4706283784
1786395562536,0,0,17468604416,4706283784
1786395562740,0,0,17468604416,4706283784
1786395562951,0,0,17468604416,4706283784
1786395563164,0,0,17468604416,4706283784
1786395563370,0,0,17468604416,4706300168
1786395563580,0,0,17468604416,4706283784
1786395563789,0,0,17468604416,4706300168
1786395563992,0,0,17468604416,4706283784
1786395564204,0,0,17468604416,4706283784
1786395564415,0,0,17468604416,4706283784
1786395564626,0,0,17468604416,4706283784
1786395564834,0,0,17468604416,4706283784
1786395565037,0,0,17468604416,4706283784
1786395565238,0,0,17468604416,4706283784
1786395565449,0,0,17468604416,4706283784
1786395565657,0,0,17468604416,4706283784
1786395565868,0,0,17468604416,4706283784
1786395566076,0,0,17468604416,4706300168
1786395566287,0,0,17468604416,4706283784
1786395566495,0,0,17468604416,4706283784
1786395566707,0,0,17468604416,4706283784
1786395566918,0,0,17468604416,4706300168
1786395567130,0,0,17468604416,4706283784
1786395567340,0,0,17468604416,4706300168
1786395567543,0,0,17468604416,4706283784
1786395567754,0,0,17468604416,4706283784
1786395567965,0,0,17468604416,4706283784
1786395568176,0,0,17468604416,4706300168
1786395568385,0,0,17468604416,4706283784
1786395568596,0,0,17468604416,4706283784
1786395568807,0,0,17468604416,4706283784
1786395569018,0,0,17468604416,4706283784
1786395569229,0,0,17468604416,4706283784
1786395569439,0,0,17468604416,4706283784
1786395569645,0,0,17468604416,4706283784
1786395569855,0,0,17468604416,4706283784
1786395570066,0,0,17468604416,4706283784
1786395570274,0,0,17468604416,4706283784
1786395570485,0,0,17468604416,4706283784
1786395570697,0,0,17468604416,4706283784
1786395570907,0,0,17468604416,4706283784
1786395571119,0,0,17468604416,4706283784
1786395571331,0,0,17468604416,4706300168
1786395571538,0,0,17468604416,4706283784
1786395571746,0,0,17468604416,4706300168
1786395571952,0,0,17468604416,4706300168
1786395572161,0,0,17468604416,4706283784
1786395572372,0,0,17468604416,4706283784
1786395572575,0,0,17468604416,4706300168
1786395572781,0,0,17468604416,4706283784
1786395572986,0,0,17468604416,4706283784
1786395573190,0,0,17468604416,4706283784
1786395573396,0,0,17468604416,4706283784
1786395573608,0,0,17468604416,4706300168
1786395573816,0,0,17468604416,4706283784
1786395574021,0,0,17468604416,4706300168
1786395574230,0,0,17468604416,4706300168
1786395574441,0,0,17468604416,4706283784
1786395574652,0,0,17468604416,4706283784
1786395574862,0,0,17468604416,4706283784
1786395575073,0,0,17468604416,4706283784
1786395575281,0,0,17468604416,4706300168
1786395575486,0,0,17468604416,4706283784
1786395575697,0,0,17468604416,4706283784
1786395575907,0,0,17468604416,4706283784
1786395576118,0,0,17468604416,4706283784
1786395576326,0,0,17468604416,4706283784
1786395576533,0,0,17468604416,4706283784
1786395576739,0,0,17468604416,4706283784
1786395576941,0,0,17468604416,4706283784
1786395577143,0,0,17468604416,4706283784
1786395577353,0,0,17468604416,4706300168
1786395577564,0,0,17468604416,4706283784
1786395577772,0,0,17468604416,4706283784
1786395577974,0,0,17468604416,4706300168
1786395578186,0,0,17468604416,4706283784
1786395578388,0,0,17468604416,4706283784
1786395578589,0,0,17468604416,4706283784
1786395578793,0,0,17468604416,4706283784
1786395579003,0,0,17468604416,4706283784
1786395579214,0,0,17468604416,4706283784
1786395579422,0,0,17468604416,4706283784
1786395579632,0,0,17468604416,4706300168
1786395579840,0,0,17468604416,4706300168
1786395580042,0,0,17468604416,4706283784
1786395580253,0,0,17468604416,4706283784
1786395580458,0,0,17468604416,4706300168
1786395580665,0,0,17468604416,4706283784
1786395580872,0,0,17468604416,4706283784
1786395581074,0,0,17468604416,4706283784
1786395581281,0,0,17468604416,4706283784
1786395581492,0,0,17468604416,4706300168
1786395581701,0,0,17468604416,4706300168
1786395581905,0,0,17468604416,4706300168
1786395582111,0,0,17468604416,4706300168
1786395582319,0,0,17468604416,4706283784
1786395582530,0,0,17468604416,4706300168
1786395583211,0,0,17468604416,4707332360
1786395583416,0,0,17468604416,4707332360
1786395583626,0,0,17468604416,4707332360
1786395583837,0,0,17468604416,4707332360
1786395584038,0,0,17468604416,4707332360
1786395584248,0,0,17468604416,4707332360
1786395584459,0,0,17468604416,4707332360
1786395584669,0,0,17468604416,4707332360
1786395584879,0,0,17468604416,4707332360
1786395585090,0,0,17468604416,4707332360
1786395585297,0,0,17468604416,4707348744
1786395585508,0,0,17468604416,4707332360
1786395585718,0,0,17468604416,4707332360
1786395585925,0,0,17468604416,4707332360
1786395586135,0,0,17468604416,4707332360
1786395586346,0,0,17468604416,4707332360
1786395586548,0,0,17468604416,4707332360
1786395586758,0,0,17468604416,4707332360
1786395586968,0,0,17468604416,4707332360
1786395587169,0,0,17468604416,4707332360
1786395587380,0,0,17468604416,4707332360
1786395587588,0,0,17468604416,4707348744
1786395587798,0,0,17468604416,4707348744
1786395588009,0,0,17468604416,4707332360
1786395588219,0,0,17468604416,4707332360
1786395588429,0,0,17468604416,4707332360
1786395588639,0,0,17468604416,4707332360
1786395588850,0,0,17468604416,4707332360
1786395589061,0,0,17468604416,4707332360
1786395589268,0,0,17468604416,4707332360
1786395589480,0,0,17468604416,4707332360
1786395589689,0,0,17468604416,4707348744
1786395589890,0,0,17468604416,4707332360
1786395590098,0,0,17468604416,4707332360
1786395590309,0,0,17468604416,4707332360
1786395590521,0,0,17468604416,4707332360
1786395590732,0,0,17468604416,4707348744
1786395590940,0,0,17468604416,4707332360
1786395591141,0,0,17468604416,4707332360
1786395591353,0,0,17468604416,4707332360
1786395591562,0,0,17468604416,4707332360
1786395591775,0,0,17468604416,4707348744
1786395591979,0,0,17468604416,4707332360
1786395592189,0,0,17468604416,4707332360
1786395592400,0,0,17468604416,4707332360
1786395592611,0,0,17468604416,4707332360
1786395592819,0,0,17468604416,4707332360
1786395593031,0,0,17468604416,4707348744
1786395593236,0,0,17468604416,4707332360
1786395593444,0,0,17468604416,4707332360
1786395593656,0,0,17468604416,4707348744
1786395593867,0,0,17468604416,4707332360
1786395594073,0,0,17468604416,4707348744
1786395594282,0,0,17468604416,4707332360
1786395594486,0,0,17468604416,4707332360
1786395594697,0,0,17468604416,4707332360
1786395594908,0,0,17468604416,4707332360
1786395595114,0,0,17468604416,4707332360
1786395595317,0,0,17468604416,4707332360
1786395595529,0,0,17468604416,4707332360
1786395595740,0,0,17468604416,4707332360
1786395595951,0,0,17468604416,4707332360
1786395596157,0,0,17468604416,4707332360
1786395596361,0,0,17468604416,4707332360
1786395596568,0,0,17468604416,4707332360
1786395596770,0,0,17468604416,4707332360
1786395596981,0,0,17468604416,4707332360
1786395597192,0,0,17468604416,4707332360
1786395597394,0,0,17468604416,4707332360
1786395597606,0,0,17468604416,4707332360
1786395597808,0,0,17468604416,4707332360
1786395598019,0,0,17468604416,4707332360
1786395598229,0,0,17468604416,4707332360
1786395598440,0,0,17468604416,4707332360
1786395598652,0,0,17468604416,4707332360
1786395598863,0,0,17468604416,4707332360
1786395599074,0,0,17468604416,4707332360
1786395599284,0,0,17468604416,4707332360
1786395599496,0,0,17468604416,4707332360
1786395599705,0,0,17468604416,4707332360
1786395599906,0,0,17468604416,4707332360
1786395600117,0,0,17468604416,4707332360
1786395600328,0,0,17468604416,4707332360
1786395600539,0,0,17468604416,4707332360
1786395600742,0,0,17468604416,4707332360
1786395600945,0,0,17468604416,4707332360
1786395601156,0,0,17468604416,4707332360
1786395601367,0,0,17468604416,4707332360
1786395601577,0,0,17468604416,4707332360
1786395601779,0,0,17468604416,4707332360
1786395601991,0,0,17468604416,4707348744
1786395602200,0,0,17468604416,4707332360
1786395602410,0,0,17468604416,4707332360
1786395602621,0,0,17468604416,4707332360
1786395602832,0,0,17468604416,4707332360
1786395603039,0,0,17468604416,4707348744
1786395603246,0,0,17468604416,4707332360
1786395603458,0,0,17468604416,4707332360
1786395603669,0,0,17468604416,4707332360
1786395603879,0,0,17468604416,4707332360
1786395604091,0,0,17468604416,4707348744
1786395604301,0,0,17468604416,4707348744
1786395604507,0,0,17468604416,4707332360
1786395604718,0,0,17468604416,4707332360
1786395604928,0,0,17468604416,4707332360
1786395605139,0,0,17468604416,4707348744
1786395605350,0,0,17468604416,4707332360
1786395605554,0,0,17468604416,4707348744
1786395605759,0,0,17468604416,4707332360
1786395605969,0,0,17468604416,4707332360
1786395606180,0,0,17468604416,4707332360
1786395606388,0,0,17468604416,4707332360
1786395606597,0,0,17468604416,4707348744
1786395606801,0,0,17468604416,4707332360
1786395607002,0,0,17468604416,4707332360
1786395607207,0,0,17468604416,4707332360
1786395607418,0,0,17468604416,4707332360
1786395607626,0,0,17468604416,4707332360
1786395607837,0,0,17468604416,4707332360
1786395608047,0,0,17468604416,4707332360
1786395608254,0,0,17468604416,4707332360
1786395608471,0,0,17468604416,4707332360
1786395608679,0,0,17468604416,4707332360
1786395608891,0,0,17468604416,4707348744
1786395609094,0,0,17468604416,4707332360
1786395609302,0,0,17468604416,4707332360
1786395609513,0,0,17468604416,4707332360
1786395609717,0,0,17468604416,4707332360
1786395609928,0,0,17468604416,4707332360
1786395610132,0,0,17468604416,4707332360
1786395610335,0,0,17468604416,4707332360
1786395610545,0,0,17468604416,4707332360
1786395610756,0,0,17468604416,4707332360
1786395610967,0,0,17468604416,4707332360
1786395611175,0,0,17468604416,4707348744
1786395611384,0,0,17468604416,4707332360
1786395611594,0,0,17468604416,4707332360
1786395611805,0,0,17468604416,4707332360
1786395612014,0,0,17468604416,4707348744
1786395612226,0,0,17468604416,4707348744
1786395612437,0,0,17468604416,4707348744
1786395612648,0,0,17468604416,4707332360
1786395612857,0,0,17468604416,4707332360
1786395613066,0,0,17468604416,4707332360
1786395613277,0,0,17468604416,4707332360
1786395613485,0,0,17468604416,4707332360
1786395613689,0,0,17468604416,4707381512
1786395613900,0,0,17468604416,4707381512
1786395614111,0,0,17468604416,4707381512
1786395614318,0,0,17468604416,4707578120
1786395614529,0,0,17468604416,4707561736
1786395614740,0,0,17468604416,4707561736
1786395614950,0,0,17468604416,4707561736
1786395615160,0,0,17468604416,4707561736
1786395615373,0,0,17468604416,4707578120
1786395615578,0,0,17468604416,4707561736
1786395615789,0,0,17468604416,4707561736
1786395615999,0,0,17468604416,4707561736
1786395616203,0,0,17468604416,4707561736
1786395616412,0,0,17468604416,4707561736
1786395616623,0,0,17468604416,4707561736
1786395616837,0,0,17468604416,4707578120
1786395617040,0,0,17468604416,4707578120
1786395617247,0,0,17468604416,4707578120
1786395617453,0,0,17468604416,4707594504
1786395617664,0,0,17468604416,4707578120
1786395617875,0,0,17468604416,4707578120
1786395618079,0,0,17468604416,4707578120
1786395618286,0,0,17468604416,4707578120
1786395618487,0,0,17468604416,4707578120
1786395618696,0,0,17468604416,4707578120
1786395618907,0,0,17468604416,4707578120
1786395619118,0,0,17468604416,4707594504
1786395619320,0,0,17468604416,4707578120
1786395619531,0,0,17468604416,4707578120
1786395619742,0,0,17468604416,4707578120
1786395619954,0,0,17468604416,4707594504
1786395620158,0,0,17468604416,4707594504
1786395620369,0,0,17468604416,4707578120
1786395620577,0,0,17468604416,4707578120
1786395620788,0,0,17468604416,4707578120
1786395620995,0,0,17468604416,4707594504
1786395621196,0,0,17468604416,4707578120
1786395621407,0,0,17468604416,4707578120
1786395621616,0,0,17468604416,4707578120
1786395621827,0,0,17468604416,4707578120
1786395622041,0,0,17468604416,4707594504
1786395622248,0,0,17468604416,4707578120
1786395622459,0,0,17468604416,4707578120
1786395622670,0,0,17468604416,4707594504
1786395622875,0,0,17468604416,4707578120
1786395623084,0,0,17468604416,4707578120
1786395623295,0,0,17468604416,4707578120
1786395623504,0,0,17468604416,4707578120
1786395623713,0,0,17468604416,4707578120
1786395623920,0,0,17468604416,4707578120
1786395624129,0,0,17468604416,4707578120
1786395624341,0,0,17468604416,4707578120
1786395624550,0,0,17468604416,4707578120
1786395624757,0,0,17468604416,4707578120
1786395624969,0,0,17468604416,4707578120
1786395625180,0,0,17468604416,4707578120
1786395625390,0,0,17468604416,4707594504
1786395625595,0,0,17468604416,4707578120
1786395625806,0,0,17468604416,4707578120
1786395626011,0,0,17468604416,4707578120
1786395626215,0,0,17468604416,4707578120
1786395626425,0,0,17468604416,4707578120
1786395626637,0,0,17468604416,4707594504
1786395626839,0,0,17468604416,4707578120
1786395627047,0,0,17468604416,4707578120
1786395627258,0,0,17468604416,4707594504
1786395627469,0,0,17468604416,4707578120
1786395627680,0,0,17468604416,4707578120
1786395627889,0,0,17468604416,4707594504
1786395628097,0,0,17468604416,4707578120
1786395628302,0,0,17468604416,4707578120
1786395628510,0,0,17468604416,4707578120
1786395628721,0,0,17468604416,4707578120
1786395628928,0,0,17468604416,4707578120
1786395629139,0,0,17468604416,4707578120
1786395629345,0,0,17468604416,4707594504
1786395629557,0,0,17468604416,4707594504
1786395629762,0,0,17468604416,4707594504
1786395629966,0,0,17468604416,4707594504
1786395630176,0,0,17468604416,4707594504
1786395630378,0,0,17468604416,4707594504
1786395630589,0,0,17468604416,4707610888
1786395630800,0,0,17468604416,4707610888
1786395631003,0,0,17468604416,4707610888
1786395631214,0,0,17468604416,4707610888
1786395631416,0,0,17468604416,4707627272
1786395631622,0,0,17468604416,4707610888
1786395631831,0,0,17468604416,4707610888
1786395632038,0,0,17468604416,4707610888
1786395632249,0,0,17468604416,4707610888
1786395632460,0,0,17468604416,4707627272
1786395632667,0,0,17468604416,4707643656
1786395632872,0,0,17468604416,4707627272
1786395633079,0,0,17468604416,4707627272
1786395633290,0,0,17468604416,4707627272
1786395633502,0,0,17468604416,4707660040
1786395633705,0,0,17468604416,4707643656
1786395633916,0,0,17468604416,4707643656
1786395634127,0,0,17468604416,4707660040
1786395634338,0,0,17468604416,4707643656
1786395634549,0,0,17468604416,4707660040
1786395634756,0,0,17468604416,4707643656
1786395634967,0,0,17468604416,4707643656
1786395635178,0,0,17468604416,4707643656
1786395635389,0,0,17468604416,4707643656
1786395635599,0,0,17468604416,4707873032
1786395635810,0,0,17468604416,4707889416
1786395636022,0,0,17468604416,4707889416
1786395636232,0,0,17468604416,4707873032
1786395636439,0,0,17468604416,4707873032
1786395636647,0,0,17468604416,4707873032
1786395636859,0,0,17468604416,4707873032
1786395637068,0,0,17468604416,4707889416
1786395637280,0,0,17468604416,4707873032
1786395637484,0,0,17468604416,4707873032
1786395637688,0,0,17468604416,4707873032
1786395637891,0,0,17468604416,4707873032
1786395638103,0,0,17468604416,4707873032
1786395638313,0,0,17468604416,4707873032
1786395638524,0,0,17468604416,4707873032
1786395638734,0,0,17468604416,4707873032
1786395638938,0,0,17468604416,4707873032
1786395639149,0,0,17468604416,4707889416
1786395639358,0,0,17468604416,4707873032
1786395639560,0,0,17468604416,4707873032
1786395639771,0,0,17468604416,4707873032
1786395639979,0,0,17468604416,4707873032
1786395640189,0,0,17468604416,4707873032
1786395640391,0,0,17468604416,4707873032
1786395640594,0,0,17468604416,4707873032
1786395640804,0,0,17468604416,4707873032
1786395641015,0,0,17468604416,4707873032
1786395641220,0,0,17468604416,4707873032
1786395641430,0,0,17468604416,4707873032
1786395641641,0,0,17468604416,4707873032
1786395641846,0,0,17468604416,4707873032
1786395642058,0,0,17468604416,4707873032
1786395642259,0,0,17468604416,4707873032
1786395642470,0,0,17468604416,4707873032
1786395642682,0,0,17468604416,4707889416
1786395642885,0,0,17468604416,4707889416
1786395643090,0,0,17468604416,4707873032
1786395643318,0,0,17468604416,4707873032
1786395643528,0,0,17468604416,4707873032
1786395643738,0,0,17468604416,4707873032
1786395643942,0,0,17468604416,4707873032
1786395644152,0,0,17468604416,4707873032
1786395644353,0,0,17468604416,4707873032
1786395644559,0,0,17468604416,4707873032
1786395644769,0,0,17468604416,4707873032
1786395644978,0,0,17468604416,4707873032
1786395645188,0,0,17468604416,4707873032
1786395645398,0,0,17468604416,4707873032
1786395645609,0,0,17468604416,4707873032
1786395645813,0,0,17468604416,4707873032
1786395646019,0,0,17468604416,4707873032
1786395646230,0,0,17468604416,4707873032
1786395646440,0,0,17468604416,4707873032
1786395646644,0,0,17468604416,4707873032
1786395646854,0,0,17468604416,4707873032
1786395647065,0,0,17468604416,4707873032
1786395647275,0,0,17468604416,4707889416
1786395647485,0,0,17468604416,4707889416
1786395647696,0,0,17468604416,4707889416
1786395647906,0,0,17468604416,4707889416
1786395648113,0,0,17468604416,4707889416
1786395648324,0,0,17468604416,4707889416
1786395648535,0,0,17468604416,4707889416
1786395648739,0,0,17468604416,4707889416
1786395648947,0,0,17468604416,4707889416
1786395649159,0,0,17468604416,4707905800
1786395649365,0,0,17468604416,4707889416
1786395649576,0,0,17468604416,4707905800
1786395649781,0,0,17468604416,4707905800
1786395649992,0,0,17468604416,4707889416
1786395650202,0,0,17468604416,4707889416
1786395650406,0,0,17468604416,4707889416
1786395650611,0,0,17468604416,4707889416
1786395650823,0,0,17468604416,4707905800
1786395651034,0,0,17468604416,4707889416
1786395651239,0,0,17468604416,4707889416
1786395651450,0,0,17468604416,4707905800
1786395651658,0,0,17468604416,4707889416
1786395651867,0,0,17468604416,4707905800
1786395652078,0,0,17468604416,4707889416
1786395652282,0,0,17468604416,4707889416
1786395652493,0,0,17468604416,4707905800
1786395652705,0,0,17468604416,4707889416
1786395652916,0,0,17468604416,4707905800
1786395653121,0,0,17468604416,4707889416
1786395653336,0,0,17468604416,4707889416
1786395653538,0,0,17468604416,4707889416
1786395653750,0,0,17468604416,4707905800
1786395653953,0,0,17468604416,4707889416
1786395654165,0,0,17468604416,4707905800
1786395654370,0,0,17468604416,4707889416
1786395654580,0,0,17468604416,4707889416
1786395654791,0,0,17468604416,4707889416
1786395654993,0,0,17468604416,4707889416
1786395655204,0,0,17468604416,4707889416
1786395655412,0,0,17468604416,4707889416
1786395655615,0,0,17468604416,4707889416
1786395655826,0,0,17468604416,4707889416
1786395656030,0,0,17468604416,4707889416
1786395656242,0,0,17468604416,4707889416
1786395656452,0,0,17468604416,4707889416
1786395656663,0,0,17468604416,4707889416
1786395656870,0,0,17468604416,4707889416
1786395657081,0,0,17468604416,4707905800
1786395657289,0,0,17468604416,4707889416
1786395657500,0,0,17468604416,4707905800
1786395657709,0,0,17468604416,4707889416
1786395657912,0,0,17468604416,4707889416
1786395658123,0,0,17468604416,4707889416
1786395658329,0,0,17468604416,4707889416
1786395658535,0,0,17468604416,4707889416
1786395658739,0,0,17468604416,4707889416
1786395658941,0,0,17468604416,4707889416
1786395659151,0,0,17468604416,4707889416
1786395659362,0,0,17468604416,4707889416
1786395659572,0,0,17468604416,4707889416
1786395659782,0,0,17468604416,4707889416
1786395659990,0,0,17468604416,4707889416
1786395660200,0,0,17468604416,4707889416
1786395660402,0,0,17468604416,4708348168
1786395660612,0,0,17468604416,4708348168
1786395660822,0,0,17468604416,4708348168
1786395661033,0,0,17468604416,4708348168
1786395661238,0,0,17468604416,4708348168
1786395661441,0,0,17468604416,4708348168
1786395661651,0,0,17468604416,4708348168
1786395661856,0,0,17468604416,4708348168
1786395662067,0,0,17468604416,4708348168
1786395662277,0,0,17468604416,4708348168
1786395662478,0,0,17468604416,4708348168
1786395662688,0,0,17468604416,4708348168
1786395662898,0,0,17468604416,4708348168
1786395663103,0,0,17468604416,4708348168
1786395663314,0,0,17468604416,4708348168
1786395663527,0,0,17468604416,4708348168
1786395663732,0,0,17468604416,4708348168
1786395663943,0,0,17468604416,4708348168
1786395664143,0,0,17468604416,4708348168
1786395664347,0,0,17468604416,4708348168
1786395664558,0,0,17468604416,4708348168
1786395664768,0,0,17468604416,4708348168
1786395664978,0,0,17468604416,4708348168
1786395665188,0,0,17468604416,4708348168
1786395665393,0,0,17468604416,4708348168
1786395665603,0,0,17468604416,4708348168
1786395665814,0,0,17468604416,4708348168
1786395666024,0,0,17468604416,4708348168
1786395666237,0,0,17468604416,4708364552
1786395666447,0,0,17468604416,4708512008
1786395666648,0,0,17468604416,4708512008
1786395666854,0,0,17468604416,4708512008
1786395667065,0,0,17468604416,4708512008
1786395667268,0,0,17468604416,4708512008
1786395667479,0,0,17468604416,4708512008
1786395667687,0,0,17468604416,4708512008
1786395667887,0,0,17468604416,4708512008
1786395668098,0,0,17468604416,4708528392
1786395668305,0,0,17468604416,4708512008
1786395668516,0,0,17468604416,4708512008
1786395668722,0,0,17468604416,4708512008
1786395668925,0,0,17468604416,4708512008
1786395669130,0,0,17468604416,4708512008
1786395669341,0,0,17468604416,4708512008
1786395669552,0,0,17468604416,4708512008
1786395669763,0,0,17468604416,4708512008
1786395669971,0,0,17468604416,4708512008
1786395670172,0,0,17468604416,4708512008
1786395670383,0,0,17468604416,4708512008
1786395670594,0,0,17468604416,4708512008
1786395670805,0,0,17468604416,4708512008
1786395671016,0,0,17468604416,4708528392
1786395671217,0,0,17468604416,4708512008
1786395671428,0,0,17468604416,4708512008
1786395671639,0,0,17468604416,4708528392
1786395671848,0,0,17468604416,4708528392
1786395672055,0,0,17468604416,4708512008
1786395672260,0,0,17468604416,4708512008
1786395672471,0,0,17468604416,4708512008
1786395672682,0,0,17468604416,4708512008
1786395672890,0,0,17468604416,4708512008
1786395673095,0,0,17468604416,4708528392
1786395673299,0,0,17468604416,4708512008
1786395673510,0,0,17468604416,4708512008
1786395673724,0,0,17468604416,4708512008
1786395673927,0,0,17468604416,4708528392
1786395674136,0,0,17468604416,4708512008
1786395674347,0,0,17468604416,4708528392
1786395674549,0,0,17468604416,4708544776
1786395674758,0,0,17468604416,4708528392
1786395674968,0,0,17468604416,4708528392
1786395675177,0,0,17468604416,4708528392
1786395675388,0,0,17468604416,4708544776
1786395675598,0,0,17468604416,4708528392
1786395675800,0,0,17468604416,4708528392
1786395676005,0,0,17468604416,4708528392
1786395676216,0,0,17468604416,4708528392
1786395676425,0,0,17468604416,4708544776
1786395676637,0,0,17468604416,4708528392
1786395676848,0,0,17468604416,4708528392
1786395677049,0,0,17468604416,4708528392
1786395677260,0,0,17468604416,4708528392
1786395677469,0,0,17468604416,4708528392
1786395677675,0,0,17468604416,4708544776
1786395677885,0,0,17468604416,4708528392
1786395678091,0,0,17468604416,4708528392
1786395678301,0,0,17468604416,4708528392
1786395678513,0,0,17468604416,4708528392
1786395678719,0,0,17468604416,4708544776
1786395678931,0,0,17468604416,4708528392
1786395679141,0,0,17468604416,4708528392
1786395679351,0,0,17468604416,4708528392
1786395679563,0,0,17468604416,4708544776
1786395679772,0,0,17468604416,4708528392
1786395679974,0,0,17468604416,4708528392
1786395680185,0,0,17468604416,4708528392
1786395680390,0,0,17468604416,4708528392
1786395680601,0,0,17468604416,4708528392
1786395680813,0,0,17468604416,4708528392
1786395681024,0,0,17468604416,4708528392
1786395681231,0,0,17468604416,4708528392
1786395681438,0,0,17468604416,4708528392
1786395681640,0,0,17468604416,4708528392
1786395681851,0,0,17468604416,4708528392
1786395682062,0,0,17468604416,4708528392
1786395682270,0,0,17468604416,4708528392
1786395682472,0,0,17468604416,4708528392
1786395682682,0,0,17468604416,4708528392
1786395682893,0,0,17468604416,4708528392
1786395683104,0,0,17468604416,4708528392
1786395683308,0,0,17468604416,4708544776
1786395683520,0,0,17468604416,4708544776
1786395683739,0,0,17468604416,4708528392
1786395683949,0,0,17468604416,4708528392
1786395684160,0,0,17468604416,4708528392
1786395684368,0,0,17468604416,4708544776
1786395684572,0,0,17468604416,4708528392
1786395684777,0,0,17468604416,4708528392
1786395684983,0,0,17468604416,4708528392
1786395685195,0,0,17468604416,4708528392
1786395685406,0,0,17468604416,4708544776
1786395685611,0,0,17468604416,4708528392
1786395685823,0,0,17468604416,4708528392
1786395686031,0,0,17468604416,4708528392
1786395686242,0,0,17468604416,4708528392
1786395686453,0,0,17468604416,4708528392
1786395686654,0,0,17468604416,4708528392
1786395686865,0,0,17468604416,4708544776
1786395687070,0,0,17468604416,4708528392
1786395687273,0,0,17468604416,4708528392
1786395687477,0,0,17468604416,4708528392
1786395687687,0,0,17468604416,4708528392
1786395687898,0,0,17468604416,4708528392
1786395688110,0,0,17468604416,4708528392
1786395688317,0,0,17468604416,4708544776
1786395688520,0,0,17468604416,4708528392
1786395688730,0,0,17468604416,4708528392
1786395688937,0,0,17468604416,4708544776
1786395689142,0,0,17468604416,4708528392
1786395689353,0,0,17468604416,4708528392
1786395689562,0,0,17468604416,4708528392
1786395689773,0,0,17468604416,4708528392
1786395689984,0,0,17468604416,4708528392
1786395690196,0,0,17468604416,4708544776
1786395690417,0,0,17468604416,4708528392
1786395690628,0,0,17468604416,4708528392
1786395690838,0,0,17468604416,4708528392
1786395691050,0,0,17468604416,4708528392
1786395691258,0,0,17468604416,4708544776
1786395691460,0,0,17468604416,4708561160
1786395691671,0,0,17468604416,4708561160
1786395691881,0,0,17468604416,4708561160
1786395692092,0,0,17468604416,4708561160
1786395692301,0,0,17468604416,4708561160
1786395692511,0,0,17468604416,4708561160
1786395692722,0,0,17468604416,4708561160
1786395692932,0,0,17468604416,4708577544
1786395693138,0,0,17468604416,4708577544
1786395693349,0,0,17468604416,4708577544
1786395693558,0,0,17468604416,4708593928
1786395693784,0,0,17468604416,4708577544
1786395693996,0,0,17468604416,4708593928
1786395694198,0,0,17468604416,4708577544
1786395694408,0,0,17468604416,4708577544
1786395694619,0,0,17468604416,4708577544
1786395694824,0,0,17468604416,4708593928
1786395695029,0,0,17468604416,4708593928
1786395695234,0,0,17468604416,4708577544
1786395695444,0,0,17468604416,4708577544
1786395695655,0,0,17468604416,4708593928
1786395695863,0,0,17468604416,4708577544
1786395696074,0,0,17468604416,4708577544
1786395696285,0,0,17468604416,4708577544
1786395696486,0,0,17468604416,4708577544
1786395696697,0,0,17468604416,4708675848
1786395696907,0,0,17468604416,4708675848
1786395697119,0,0,17468604416,4708675848
1786395697330,0,0,17468604416,4708675848
1786395697538,0,0,17468604416,4708675848
1786395697749,0,0,17468604416,4708675848
1786395697959,0,0,17468604416,4708675848
1786395698164,0,0,17468604416,4708692232
1786395698370,0,0,17468604416,4708675848
1786395698576,0,0,17468604416,4708692232
1786395698786,0,0,17468604416,4708675848
1786395699001,0,0,17468604416,4708675848
1786395699206,0,0,17468604416,4708675848
1786395699417,0,0,17468604416,4708675848
1786395699626,0,0,17468604416,4708692232
1786395699831,0,0,17468604416,4708675848
1786395700042,0,0,17468604416,4708675848
1786395700250,0,0,17468604416,4708675848
1786395700455,0,0,17468604416,4708675848
1786395700664,0,0,17468604416,4708675848
1786395700875,0,0,17468604416,4708675848
1786395701084,0,0,17468604416,4708675848
1786395701288,0,0,17468604416,4708675848
1786395701496,0,0,17468604416,4708675848
1786395701701,0,0,17468604416,4708692232
1786395701907,0,0,17468604416,4708692232
1786395702109,0,0,17468604416,4708675848
1786395702312,0,0,17468604416,4708675848
1786395702523,0,0,17468604416,4708675848
1786395702734,0,0,17468604416,4708675848
1786395702938,0,0,17468604416,4708675848
1786395703149,0,0,17468604416,4708675848
1786395703359,0,0,17468604416,4708675848
1786395703562,0,0,17468604416,4708675848
1786395703776,0,0,17468604416,4708675848
1786395703982,0,0,17468604416,4708675848
1786395704185,0,0,17468604416,4708675848
1786395704392,0,0,17468604416,4708675848
1786395704603,0,0,17468604416,4708675848
1786395704814,0,0,17468604416,4708692232
1786395705025,0,0,17468604416,4708675848
1786395705236,0,0,17468604416,4708675848
1786395705439,0,0,17468604416,4708675848
1786395705651,0,0,17468604416,4708675848
1786395705861,0,0,17468604416,4708675848
1786395706067,0,0,17468604416,4708675848
1786395706277,0,0,17468604416,4708675848
1786395706480,0,0,17468604416,4708675848
1786395706690,0,0,17468604416,4708675848
1786395706901,0,0,17468604416,4708675848
1786395707112,0,0,17468604416,4708692232
1786395707320,0,0,17468604416,4708675848
1786395707524,0,0,17468604416,4708675848
1786395707725,0,0,17468604416,4708675848
1786395707936,0,0,17468604416,4708675848
1786395708150,0,0,17468604416,4708675848
1786395708361,0,0,17468604416,4708675848
1786395708572,0,0,17468604416,4708692232
1786395708783,0,0,17468604416,4708675848
1786395708984,0,0,17468604416,4708675848
1786395709195,0,0,17468604416,4708692232
1786395709402,0,0,17468604416,4708692232
1786395709607,0,0,17468604416,4708692232
1786395709813,0,0,17468604416,4708675848
1786395710023,0,0,17468604416,4708675848
1786395710234,0,0,17468604416,4708675848
1786395710445,0,0,17468604416,4708675848
1786395710654,0,0,17468604416,4708692232
1786395710867,0,0,17468604416,4708692232
1786395711071,0,0,17468604416,4708692232
1786395711281,0,0,17468604416,4708675848
1786395711492,0,0,17468604416,4708675848
1786395711693,0,0,17468604416,4708675848
1786395711905,0,0,17468604416,4708675848
1786395712116,0,0,17468604416,4708708616
1786395712319,0,0,17468604416,4708675848
1786395712529,0,0,17468604416,4708675848
1786395712738,0,0,17468604416,4708675848
1786395712949,0,0,17468604416,4708692232
1786395713161,0,0,17468604416,4708675848
1786395713370,0,0,17468604416,4708692232
1786395713573,0,0,17468604416,4708675848
1786395713785,0,0,17468604416,4708675848
1786395713988,0,0,17468604416,4708675848
1786395714201,0,0,17468604416,4708692232
1786395714409,0,0,17468604416,4708675848
1786395714620,0,0,17468604416,4708675848
1786395714831,0,0,17468604416,4708675848
1786395715034,0,0,17468604416,4708692232
1786395715239,0,0,17468604416,4708675848
1786395715450,0,0,17468604416,4708692232
1786395715659,0,0,17468604416,4708675848
1786395715870,0,0,17468604416,4708675848
1786395716081,0,0,17468604416,4708692232
1786395716291,0,0,17468604416,4708675848
1786395716501,0,0,17468604416,4708675848
1786395716705,0,0,17468604416,4708675848
1786395716909,0,0,17468604416,4708675848
1786395717133,0,0,17468604416,4708675848
1786395717344,0,0,17468604416,4708675848
1786395717550,0,0,17468604416,4708675848
1786395717761,0,0,17468604416,4708675848
1786395717966,0,0,17468604416,4708675848
1786395718171,0,0,17468604416,4708675848
1786395718383,0,0,17468604416,4708692232
1786395718588,0,0,17468604416,4708675848
1786395718793,0,0,17468604416,4708675848
1786395719002,0,0,17468604416,4708675848
1786395719208,0,0,17468604416,4708675848
1786395719416,0,0,17468604416,4708675848
1786395719621,0,0,17468604416,4708675848
1786395719832,0,0,17468604416,4708675848
1786395720039,0,0,17468604416,4708675848
1786395720240,0,0,17468604416,4708675848
1786395720451,0,0,17468604416,4708675848
1786395720657,0,0,17468604416,4708692232
1786395720869,0,0,17468604416,4708675848
1786395721072,0,0,17468604416,4708692232
1786395721283,0,0,17468604416,4708675848
1786395721494,0,0,17468604416,4708675848
1786395721705,0,0,17468604416,4708675848
1786395721911,0,0,17468604416,4708675848
1786395722122,0,0,17468604416,4708692232
1786395722325,0,0,17468604416,4708675848
1786395722536,0,0,17468604416,4708675848
1786395722738,0,0,17468604416,4708675848
1786395722950,0,0,17468604416,4708675848
1786395723163,0,0,17468604416,4708692232
1786395723367,0,0,17468604416,4708675848
1786395723568,0,0,17468604416,4708675848
1786395723778,0,0,17468604416,4708675848
1786395723995,0,0,17468604416,4708675848
1786395724201,0,0,17468604416,4708675848
1786395724413,0,0,17468604416,4708675848
1786395724618,0,0,17468604416,4708675848
1786395724820,0,0,17468604416,4708675848
1786395725031,0,0,17468604416,4708675848
1786395725235,0,0,17468604416,4708692232
1786395725439,0,0,17468604416,4708692232
1786395725643,0,0,17468604416,4708675848
1786395725850,0,0,17468604416,4708675848
1786395726055,0,0,17468604416,4708675848
1786395726256,0,0,17468604416,4708692232
1786395726467,0,0,17468604416,4708675848
1786395726679,0,0,17468604416,4708675848
1786395726887,0,0,17468604416,4708675848
1786395727094,0,0,17468604416,4708675848
1786395727305,0,0,17468604416,4708675848
1786395727511,0,0,17468604416,4708675848
1786395727721,0,0,17468604416,4708692232
1786395727925,0,0,17468604416,4708692232
1786395728130,0,0,17468604416,4708675848
1786395728339,0,0,17468604416,4708675848
1786395728550,0,0,17468604416,4708675848
1786395728761,0,0,17468604416,4708675848
1786395728963,0,0,17468604416,4708675848
1786395729170,0,0,17468604416,4708692232
1786395729381,0,0,17468604416,4708675848
1786395729592,0,0,17468604416,4708675848
1786395729799,0,0,17468604416,4708692232
1786395730008,0,0,17468604416,4708675848
1786395730220,0,0,17468604416,4708675848
1786395730429,0,0,17468604416,4708675848
1786395730632,0,0,17468604416,4708675848
1786395730844,0,0,17468604416,4708675848
1786395731049,0,0,17468604416,4708675848
1786395731260,0,0,17468604416,4708675848
1786395731467,0,0,17468604416,4708692232
1786395731678,0,0,17468604416,4708675848
1786395731889,0,0,17468604416,4708675848
1786395732090,0,0,17468604416,4708675848
1786395732301,0,0,17468604416,4708675848
1786395732507,0,0,17468604416,4708675848
1786395732718,0,0,17468604416,4708675848
1786395732929,0,0,17468604416,4708675848
1786395733142,0,0,17468604416,4708692232
1786395733351,0,0,17468604416,4708675848
1786395733554,0,0,17468604416,4708675848
1786395733765,0,0,17468604416,4708675848
1786395733975,0,0,17468604416,4708675848
1786395734190,0,0,17468604416,4708692232
1786395734401,0,0,17468604416,4708675848
1786395734606,0,0,17468604416,4708675848
1786395734815,0,0,17468604416,4708675848
1786395735016,0,0,17468604416,4708675848
1786395735219,0,0,17468604416,4708692232
1786395735429,0,0,17468604416,4708675848
1786395735640,0,0,17468604416,4708675848
1786395735850,0,0,17468604416,4708675848
1786395736050,0,0,17468604416,4708675848
1786395736259,0,0,17468604416,4708675848
1786395736469,0,0,17468604416,4708675848
1786395736675,0,0,17468604416,4708675848
1786395736885,0,0,17468604416,4708675848
1786395737088,0,0,17468604416,4708675848
1786395737298,0,0,17468604416,4708675848
1786395737508,0,0,17468604416,4708675848
1786395737719,0,0,17468604416,4708675848
1786395737929,0,0,17468604416,4708675848
1786395738138,0,0,17468604416,4708675848
1786395738342,0,0,17468604416,4708675848
1786395738552,0,0,17468604416,4708675848
1786395738763,0,0,17468604416,4708675848
1786395738963,0,0,17468604416,4708708616
1786395739173,0,0,17468604416,4708675848
1786395739384,0,0,17468604416,4708675848
1786395739594,0,0,17468604416,4708675848
1786395739804,0,0,17468604416,4708675848
1786395740014,0,0,17468604416,4708675848
1786395740222,0,0,17468604416,4708675848
1786395740423,0,0,17468604416,4708675848
1786395740633,0,0,17468604416,4708675848
1786395740844,0,0,17468604416,4708675848
1786395741054,0,0,17468604416,4708675848
1786395741264,0,0,17468604416,4708675848
1786395741474,0,0,17468604416,4708675848
1786395741684,0,0,17468604416,4708675848
1786395741894,0,0,17468604416,4708675848
1786395742105,0,0,17468604416,4708675848
1786395742312,0,0,17468604416,4708675848
1786395742528,0,0,17468604416,4708675848
1786395742738,0,0,17468604416,4708675848
1786395742950,0,0,17468604416,4708692232
1786395743157,0,0,17468604416,4708675848
1786395743365,0,0,17468604416,4708692232
1786395743569,0,0,17468604416,4708675848
1786395743773,0,0,17468604416,4708675848
1786395743978,0,0,17468604416,4708675848
1786395744196,0,0,17468604416,4708692232
1786395744407,0,0,17468604416,4708692232
1786395744613,0,0,17468604416,4708675848
1786395744824,0,0,17468604416,4708675848
1786395745026,0,0,17468604416,4708675848
1786395745232,0,0,17468604416,4708675848
1786395745443,0,0,17468604416,4708675848
1786395745654,0,0,17468604416,4708675848
1786395745864,0,0,17468604416,4708692232
1786395746067,0,0,17468604416,4708675848
1786395746273,0,0,17468604416,4708675848
1786395746484,0,0,17468604416,4708675848
1786395746695,0,0,17468604416,4708675848
1786395746899,0,0,17468604416,4708675848
1786395747105,0,0,17468604416,4708675848
1786395747316,0,0,17468604416,4708675848
1786395747527,0,0,17468604416,4708675848
1786395747728,0,0,17468604416,4708675848
1786395747940,0,0,17468604416,4708675848
1786395748146,0,0,17468604416,4708675848
1786395748349,0,0,17468604416,4708675848
1786395748553,0,0,17468604416,4708692232
1786395748762,0,0,17468604416,4708692232
1786395748965,0,0,17468604416,4708675848
1786395749175,0,0,17468604416,4708675848
1786395749382,0,0,17468604416,4708675848
1786395749593,0,0,17468604416,4708675848
1786395749804,0,0,17468604416,4708692232
1786395750014,0,0,17468604416,4708675848
1786395750221,0,0,17468604416,4708675848
1786395750432,0,0,17468604416,4708675848
1786395750639,0,0,17468604416,4708675848
1786395750850,0,0,17468604416,4708675848
1786395751061,0,0,17468604416,4708675848
1786395751267,0,0,17468604416,4708675848
1786395751479,0,0,17468604416,4708675848
1786395751685,0,0,17468604416,4708675848
1786395751888,0,0,17468604416,4708675848
1786395752111,0,0,17468604416,4708692232
1786395752316,0,0,17468604416,4708675848
1786395752522,0,0,17468604416,4708675848
1786395752727,0,0,17468604416,4708675848
1786395752930,0,0,17468604416,4708675848
1786395753140,0,0,17468604416,4708675848
1786395753352,0,0,17468604416,4708692232
1786395753563,0,0,17468604416,4708675848
1786395753775,0,0,17468604416,4708692232
1786395753985,0,0,17468604416,4708675848
1786395754200,0,0,17468604416,4708675848
1786395754412,0,0,17468604416,4708675848
1786395754617,0,0,17468604416,4708675848
1786395754824,0,0,17468604416,4708692232
1786395755035,0,0,17468604416,4708675848
1786395755239,0,0,17468604416,4708675848
1786395755450,0,0,17468604416,4708675848
1786395755661,0,0,17468604416,4708675848
1786395755864,0,0,17468604416,4708675848
1786395756067,0,0,17468604416,4708675848
1786395756277,0,0,17468604416,4708675848
1786395756488,0,0,17468604416,4708675848
1786395756699,0,0,17468604416,4708675848
1786395756900,0,0,17468604416,4708675848
1786395757112,0,0,17468604416,4708675848
1786395757321,0,0,17468604416,4708692232
1786395757528,0,0,17468604416,4708675848
1786395757739,0,0,17468604416,4708675848
1786395757950,0,0,17468604416,4708675848
1786395758160,0,0,17468604416,4708675848
1786395758366,0,0,17468604416,4708675848
1786395758567,0,0,17468604416,4708675848
1786395758771,0,0,17468604416,4708675848
1786395758982,0,0,17468604416,4708675848
1786395759193,0,0,17468604416,4708692232
1786395759405,0,0,17468604416,4708692232
1786395759611,0,0,17468604416,4708692232
1786395759821,0,0,17468604416,4708692232
1786395760033,0,0,17468604416,4708708616
1786395760238,0,0,17468604416,4708708616
1786395760441,0,0,17468604416,4708708616
1786395760652,0,0,17468604416,4708692232
1786395760853,0,0,17468604416,4708692232
1786395761054,0,0,17468604416,4708692232
1786395761264,0,0,17468604416,4708708616
1786395761469,0,0,17468604416,4708708616
1786395761675,0,0,17468604416,4708692232
1786395761878,0,0,17468604416,4708692232
1786395762087,0,0,17468604416,4708692232
1786395762299,0,0,17468604416,4708692232
1786395762510,0,0,17468604416,4708708616
1786395762716,0,0,17468604416,4708692232
1786395762927,0,0,17468604416,4708692232
1786395763132,0,0,17468604416,4708692232
1786395763334,0,0,17468604416,4708692232
1786395763546,0,0,17468604416,4708692232
1786395763753,0,0,17468604416,4708692232
1786395763964,0,0,17468604416,4708692232
1786395764175,0,0,17468604416,4708708616
1786395764388,0,0,17468604416,4708708616
1786395764599,0,0,17468604416,4708725000
1786395764806,0,0,17468604416,4708708616
1786395765010,0,0,17468604416,4708725000
1786395765217,0,0,17468604416,4708725000
1786395765427,0,0,17468604416,4708725000
1786395765638,0,0,17468604416,4708725000
1786395765849,0,0,17468604416,4708725000
1786395766057,0,0,17468604416,4708741384
1786395766259,0,0,17468604416,4708725000
1786395766462,0,0,17468604416,4708725000
1786395766672,0,0,17468604416,4708725000
1786395766883,0,0,17468604416,4708725000
1786395767090,0,0,17468604416,4708725000
1786395767301,0,0,17468604416,4708741384
1786395767506,0,0,17468604416,4708757768
1786395767707,0,0,17468604416,4708741384
1786395767909,0,0,17468604416,4708741384
1786395768119,0,0,17468604416,4708741384
1786395768331,0,0,17468604416,4708741384
1786395768536,0,0,17468604416,4708741384
1786395768741,0,0,17468604416,4708741384
1786395768952,0,0,17468604416,4708741384
1786395769163,0,0,17468604416,4708741384
1786395769367,0,0,17468604416,4708741384
1786395769578,0,0,17468604416,4708741384
1786395769789,0,0,17468604416,4708741384
1786395769990,0,0,17468604416,4708741384
1786395770199,0,0,17468604416,4708741384
1786395770410,0,0,17468604416,4708741384
1786395770620,0,0,17468604416,4708741384
1786395770831,0,0,17468604416,4708741384
1786395771038,0,0,17468604416,4708741384
1786395771249,0,0,17468604416,4708741384
1786395771460,0,0,17468604416,4708741384
1786395771669,0,0,17468604416,4708741384
1786395771880,0,0,17468604416,4708741384
1786395772089,0,0,17468604416,4708741384
1786395772295,0,0,17468604416,4708741384
1786395772495,0,0,17468604416,4708741384
1786395772706,0,0,17468604416,4708741384
1786395772912,0,0,17468604416,4708741384
1786395773117,0,0,17468604416,4708741384
1786395773327,0,0,17468604416,4708741384
1786395773538,0,0,17468604416,4708741384
1786395773749,0,0,17468604416,4708741384
1786395773959,0,0,17468604416,4708741384
1786395774160,0,0,17468604416,4708741384
1786395774371,0,0,17468604416,4708741384
1786395774580,0,0,17468604416,4708741384
1786395774794,0,0,17468604416,4708757768
1786395775001,0,0,17468604416,4708741384
1786395775203,0,0,17468604416,4708741384
1786395775407,0,0,17468604416,4708741384
1786395775613,0,0,17468604416,4708741384
1786395775823,0,0,17468604416,4708741384
1786395776028,0,0,17468604416,4708757768
1786395776238,0,0,17468604416,4708741384
1786395776449,0,0,17468604416,4708741384
1786395776658,0,0,17468604416,4708741384
1786395776869,0,0,17468604416,4708741384
1786395777080,0,0,17468604416,4708741384
1786395777290,0,0,17468604416,4708741384
1786395777501,0,0,17468604416,4708741384
1786395777711,0,0,17468604416,4708741384
1786395777914,0,0,17468604416,4708741384
1786395778125,0,0,17468604416,4708741384
1786395778329,0,0,17468604416,4708741384
1786395778537,0,0,17468604416,4708741384
1786395778740,0,0,17468604416,4708741384
1786395778948,0,0,17468604416,4708741384
1786395779154,0,0,17468604416,4708741384
1786395779365,0,0,17468604416,4708741384
1786395779577,0,0,17468604416,4708741384
1786395779782,0,0,17468604416,4708741384
1786395779984,0,0,17468604416,4708741384
1786395780194,0,0,17468604416,4708741384
1786395780402,0,0,17468604416,4708741384
1786395780612,0,0,17468604416,4708741384
1786395780815,0,0,17468604416,4708757768
1786395781018,0,0,17468604416,4708741384
1786395781222,0,0,17468604416,4708741384
1786395781423,0,0,17468604416,4708741384
1786395781638,0,0,17468604416,4708757768
1786395781841,0,0,17468604416,4708741384
1786395782043,0,0,17468604416,4708741384
1786395782254,0,0,17468604416,4708741384
1786395782461,0,0,17468604416,4708741384
1786395782672,0,0,17468604416,4708757768
1786395782875,0,0,17468604416,4708741384
1786395783083,0,0,17468604416,4708741384
1786395783286,0,0,17468604416,4708741384
1786395783494,0,0,17468604416,4708741384
1786395783705,0,0,17468604416,4708741384
1786395783917,0,0,17468604416,4708757768
1786395784126,0,0,17468604416,4708741384
1786395784337,0,0,17468604416,4708741384
1786395784549,0,0,17468604416,4708757768
1786395784774,0,0,17468604416,4708741384
1786395784984,0,0,17468604416,4708741384
1786395785197,0,0,17468604416,4708757768
1786395785407,0,0,17468604416,4708741384
1786395785615,0,0,17468604416,4708741384
1786395785825,0,0,17468604416,4708741384
1786395786036,0,0,17468604416,4708741384
1786395786247,0,0,17468604416,4708741384
1786395786452,0,0,17468604416,4708741384
1786395786662,0,0,17468604416,4708757768
1786395786872,0,0,17468604416,4708741384
1786395787082,0,0,17468604416,4708741384
1786395787293,0,0,17468604416,4708741384
1786395787504,0,0,17468604416,4708757768
1786395787708,0,0,17468604416,4708741384
1786395787914,0,0,17468604416,4708741384
1786395788118,0,0,17468604416,4708741384
1786395788319,0,0,17468604416,4708741384
1786395788530,0,0,17468604416,4708741384
1786395788734,0,0,17468604416,4708741384
1786395788946,0,0,17468604416,4708757768
1786395789157,0,0,17468604416,4708741384
1786395789363,0,0,17468604416,4708741384
1786395789575,0,0,17468604416,4708757768
1786395789779,0,0,17468604416,4708741384
1786395789990,0,0,17468604416,4708741384
1786395790192,0,0,17468604416,4708741384
1786395790401,0,0,17468604416,4708741384
1786395790612,0,0,17468604416,4708741384
1786395790822,0,0,17468604416,4708741384
1786395791033,0,0,17468604416,4708741384
1786395791244,0,0,17468604416,4708757768
1786395791447,0,0,17468604416,4708757768
1786395791656,0,0,17468604416,4708741384
1786395791867,0,0,17468604416,4708741384
1786395792076,0,0,17468604416,4708757768
1786395792286,0,0,17468604416,4708757768
1786395792492,0,0,17468604416,4708741384
1786395792703,0,0,17468604416,4708741384
1786395792914,0,0,17468604416,4708741384
1786395793117,0,0,17468604416,4708741384
1786395793328,0,0,17468604416,4708757768
1786395793531,0,0,17468604416,4708757768
1786395793742,0,0,17468604416,4708757768
1786395793949,0,0,17468604416,4708757768
1786395794160,0,0,17468604416,4708757768
1786395794372,0,0,17468604416,4708790536
1786395794579,0,0,17468604416,4708774152
1786395794796,0,0,17468604416,4708806920
1786395795006,0,0,17468604416,4708790536
1786395795217,0,0,17468604416,4708790536
1786395795419,0,0,17468604416,4708823304
1786395795625,0,0,17468604416,4708806920
1786395795836,0,0,17468604416,4708823304
1786395796041,0,0,17468604416,4708823304
1786395796245,0,0,17468604416,4708806920
1786395796462,0,0,17468604416,4708806920
1786395796673,0,0,17468604416,4708806920
1786395796881,0,0,17468604416,4708806920
1786395797088,0,0,17468604416,4708806920
1786395797295,0,0,17468604416,4708806920
1786395797500,0,0,17468604416,4708806920
1786395797712,0,0,17468604416,4708806920
1786395797923,0,0,17468604416,4708806920
1786395798134,0,0,17468604416,4708806920
1786395798338,0,0,17468604416,4708806920
1786395798539,0,0,17468604416,4708806920
1786395798750,0,0,17468604416,4708823304
1786395798962,0,0,17468604416,4708823304
1786395799172,0,0,17468604416,4708806920
1786395799374,0,0,17468604416,4708806920
1786395799575,0,0,17468604416,4708806920
1786395799783,0,0,17468604416,4708806920
1786395799994,0,0,17468604416,4708806920
1786395800198,0,0,17468604416,4708806920
1786395800409,0,0,17468604416,4708806920
1786395800619,0,0,17468604416,4708806920
1786395800830,0,0,17468604416,4708806920
1786395801042,0,0,17468604416,4708823304
1786395801245,0,0,17468604416,4708806920
1786395801456,0,0,17468604416,4708806920
1786395801666,0,0,17468604416,4708806920
1786395801874,0,0,17468604416,4708806920
1786395802084,0,0,17468604416,4708806920
1786395802295,0,0,17468604416,4708806920
1786395802498,0,0,17468604416,4708806920
1786395802709,0,0,17468604416,4708806920
1786395802913,0,0,17468604416,4708806920
1786395803124,0,0,17468604416,4708806920
1786395803335,0,0,17468604416,4708823304
1786395803547,0,0,17468604416,4708806920
1786395803748,0,0,17468604416,4708806920
1786395803951,0,0,17468604416,4708806920
1786395804161,0,0,17468604416,4708806920
1786395804373,0,0,17468604416,4708806920
1786395804583,0,0,17468604416,4708806920
1786395804803,0,0,17468604416,4708806920
1786395805006,0,0,17468604416,4708806920
1786395805212,0,0,17468604416,4708806920
1786395805423,0,0,17468604416,4708806920
1786395805630,0,0,17468604416,4708806920
1786395805841,0,0,17468604416,4708806920
1786395806050,0,0,17468604416,4708806920
1786395806254,0,0,17468604416,4708806920
1786395806465,0,0,17468604416,4708806920
1786395806677,0,0,17468604416,4708823304
1786395806888,0,0,17468604416,4708806920
1786395807091,0,0,17468604416,4708806920
1786395807302,0,0,17468604416,4708806920
1786395807511,0,0,17468604416,4708806920
1786395807719,0,0,17468604416,4708806920
1786395807931,0,0,17468604416,4708806920
1786395808138,0,0,17468604416,4708806920
1786395808346,0,0,17468604416,4708806920
1786395808550,0,0,17468604416,4708806920
1786395808761,0,0,17468604416,4708806920
1786395808972,0,0,17468604416,4708806920
1786395809184,0,0,17468604416,4708806920
1786395809387,0,0,17468604416,4708806920
1786395809596,0,0,17468604416,4708823304
1786395809802,0,0,17468604416,4708806920
1786395810013,0,0,17468604416,4708806920
1786395810224,0,0,17468604416,4708823304
1786395810428,0,0,17468604416,4708823304
1786395810633,0,0,17468604416,4708806920
1786395810836,0,0,17468604416,4708806920
1786395811046,0,0,17468604416,4708823304
1786395811255,0,0,17468604416,4708823304
1786395811467,0,0,17468604416,4708806920
1786395811677,0,0,17468604416,4708806920
1786395811879,0,0,17468604416,4708806920
1786395812084,0,0,17468604416,4708806920
1786395812294,0,0,17468604416,4708806920
1786395812503,0,0,17468604416,4708806920
1786395812714,0,0,17468604416,4708806920
1786395812922,0,0,17468604416,4708806920
1786395813129,0,0,17468604416,4708806920
1786395813338,0,0,17468604416,4708823304
1786395813548,0,0,17468604416,4708806920
1786395813759,0,0,17468604416,4708806920
1786395813969,0,0,17468604416,4708806920
1786395814179,0,0,17468604416,4708806920
1786395814389,0,0,17468604416,4708806920
1786395814596,0,0,17468604416,4708806920
1786395814809,0,0,17468604416,4708806920
1786395815015,0,0,17468604416,4708806920
1786395815218,0,0,17468604416,4708806920
1786395815429,0,0,17468604416,4708806920
1786395815639,0,0,17468604416,4708806920
1786395815849,0,0,17468604416,4708806920
1786395816054,0,0,17468604416,4708806920
1786395816264,0,0,17468604416,4708806920
1786395816475,0,0,17468604416,4708806920
1786395816682,0,0,17468604416,4708806920
1786395816887,0,0,17468604416,4708806920
1786395817097,0,0,17468604416,4708806920
1786395817307,0,0,17468604416,4708806920
1786395817518,0,0,17468604416,4708806920
1786395817719,0,0,17468604416,4708806920
1786395817929,0,0,17468604416,4708806920
1786395818138,0,0,17468604416,4708806920
1786395818349,0,0,17468604416,4708806920
1786395818554,0,0,17468604416,4708806920
1786395818764,0,0,17468604416,4708806920
1786395818975,0,0,17468604416,4708806920
1786395819179,0,0,17468604416,4708806920
1786395819394,0,0,17468604416,4708806920
1786395819598,0,0,17468604416,4708806920
1786395819809,0,0,17468604416,4708806920
1786395820020,0,0,17468604416,4708806920
1786395820223,0,0,17468604416,4708806920
1786395820424,0,0,17468604416,4708806920
1786395820634,0,0,17468604416,4708806920
1786395820836,0,0,17468604416,4708806920
1786395821047,0,0,17468604416,4708806920
1786395821249,0,0,17468604416,4708806920
1786395821453,0,0,17468604416,4708806920
1786395821664,0,0,17468604416,4708806920
1786395821867,0,0,17468604416,4708806920
1786395822078,0,0,17468604416,4708806920
1786395822289,0,0,17468604416,4708806920
1786395822492,0,0,17468604416,4708806920
1786395822702,0,0,17468604416,4708806920
1786395822909,0,0,17468604416,4708806920
1786395823119,0,0,17468604416,4708806920
1786395823330,0,0,17468604416,4708806920
1786395823539,0,0,17468604416,4708806920
1786395823743,0,0,17468604416,4708806920
1786395823952,0,0,17468604416,4708806920
1786395824160,0,0,17468604416,4708806920
1786395824370,0,0,17468604416,4708806920
1786395824581,0,0,17468604416,4708823304
1786395824793,0,0,17468604416,4708823304
1786395825011,0,0,17468604416,4708823304
1786395825219,0,0,17468604416,4708839688
1786395825429,0,0,17468604416,4708823304
1786395825640,0,0,17468604416,4708823304
1786395825845,0,0,17468604416,4708839688
1786395826054,0,0,17468604416,4708823304
1786395826260,0,0,17468604416,4708839688
1786395826461,0,0,17468604416,4708839688
1786395826672,0,0,17468604416,4708839688
1786395826883,0,0,17468604416,4708839688
1786395827094,0,0,17468604416,4708839688
1786395827301,0,0,17468604416,4708839688
1786395827512,0,0,17468604416,4708839688
1786395827723,0,0,17468604416,4708839688
1786395827933,0,0,17468604416,4708839688
1786395828137,0,0,17468604416,4708839688
1786395828343,0,0,17468604416,4708856072
1786395828554,0,0,17468604416,4708839688
1786395828756,0,0,17468604416,4708839688
1786395828967,0,0,17468604416,4708921608
1786395829175,0,0,17468604416,4708921608
1786395829386,0,0,17468604416,4708921608
1786395829598,0,0,17468604416,4708921608
1786395829809,0,0,17468604416,4708921608
1786395830020,0,0,17468604416,4708921608
1786395830230,0,0,17468604416,4708921608
1786395830442,0,0,17468604416,4708921608
1786395830654,0,0,17468604416,4708937992
1786395830862,0,0,17468604416,4708921608
1786395831064,0,0,17468604416,4708921608
1786395831269,0,0,17468604416,4708921608
1786395831480,0,0,17468604416,4708921608
1786395831689,0,0,17468604416,4708921608
1786395831895,0,0,17468604416,4708921608
1786395832105,0,0,17468604416,4708937992
1786395832314,0,0,17468604416,4708921608
1786395832525,0,0,17468604416,4708921608
1786395832735,0,0,17468604416,4708937992
1786395832939,0,0,17468604416,4708921608
1786395833142,0,0,17468604416,4708921608
1786395833353,0,0,17468604416,4708921608
1786395833563,0,0,17468604416,4708921608
1786395833775,0,0,17468604416,4708921608
1786395833981,0,0,17468604416,4708921608
1786395834192,0,0,17468604416,4708921608
1786395834395,0,0,17468604416,4708921608
1786395834604,0,0,17468604416,4708921608
1786395834809,0,0,17468604416,4708921608
1786395835033,0,0,17468604416,4708921608
1786395835244,0,0,17468604416,4708921608
1786395835453,0,0,17468604416,4708921608
1786395835655,0,0,17468604416,4708921608
1786395835865,0,0,17468604416,4708921608
1786395836076,0,0,17468604416,4708921608
1786395836284,0,0,17468604416,4708921608
1786395836492,0,0,17468604416,4708921608
1786395836702,0,0,17468604416,4708921608
1786395836910,0,0,17468604416,4708921608
1786395837121,0,0,17468604416,4708921608
1786395837332,0,0,17468604416,4708921608
1786395837539,0,0,17468604416,4708937992
1786395837740,0,0,17468604416,4708937992
1786395837944,0,0,17468604416,4708921608
1786395838155,0,0,17468604416,4708921608
1786395838366,0,0,17468604416,4708921608
1786395838573,0,0,17468604416,4708921608
1786395838777,0,0,17468604416,4708921608
1786395838988,0,0,17468604416,4708921608
1786395839198,0,0,17468604416,4708921608
1786395839403,0,0,17468604416,4708921608
1786395839613,0,0,17468604416,4708921608
1786395839824,0,0,17468604416,4708921608
1786395840035,0,0,17468604416,4708937992
1786395840237,0,0,17468604416,4708921608
1786395840448,0,0,17468604416,4708921608
1786395840659,0,0,17468604416,4708921608
1786395840863,0,0,17468604416,4708937992
1786395841076,0,0,17468604416,4708937992
1786395841283,0,0,17468604416,4708921608
1786395841488,0,0,17468604416,4708921608
1786395841698,0,0,17468604416,4708921608
1786395841909,0,0,17468604416,4708921608
1786395842120,0,0,17468604416,4708921608
1786395842331,0,0,17468604416,4708921608
1786395842542,0,0,17468604416,4708921608
1786395842752,0,0,17468604416,4708921608
1786395842962,0,0,17468604416,4708921608
1786395843176,0,0,17468604416,4708937992
1786395843381,0,0,17468604416,4708921608
1786395843588,0,0,17468604416,4708937992
1786395843792,0,0,17468604416,4708937992
1786395844003,0,0,17468604416,4708937992
1786395844211,0,0,17468604416,4708937992
1786395844421,0,0,17468604416,4708954376
1786395844628,0,0,17468604416,4708937992
1786395844838,0,0,17468604416,4708937992
1786395845053,0,0,17468604416,4708937992
1786395845265,0,0,17468604416,4708937992
1786395845467,0,0,17468604416,4708937992
1786395845673,0,0,17468604416,4708954376
1786395845884,0,0,17468604416,4708970760
1786395846088,0,0,17468604416,4708954376
1786395846300,0,0,17468604416,4708987144
1786395846509,0,0,17468604416,4708954376
1786395846720,0,0,17468604416,4708954376
1786395846932,0,0,17468604416,4708954376
1786395847140,0,0,17468604416,4708954376
1786395847351,0,0,17468604416,4708954376
1786395847562,0,0,17468604416,4708954376
1786395847768,0,0,17468604416,4708970760
1786395847979,0,0,17468604416,4708970760
1786395848190,0,0,17468604416,4708970760
1786395848391,0,0,17468604416,4708970760
1786395848602,0,0,17468604416,4708970760
1786395848812,0,0,17468604416,4708970760
1786395849024,0,0,17468604416,4708987144
1786395849225,0,0,17468604416,4708970760
1786395849433,0,0,17468604416,4708970760
1786395849644,0,0,17468604416,4708970760
1786395849855,0,0,17468604416,4708970760
1786395850064,0,0,17468604416,4708987144
1786395850269,0,0,17468604416,4708987144
1786395850475,0,0,17468604416,4708970760
1786395850678,0,0,17468604416,4708987144
1786395850889,0,0,17468604416,4708987144
1786395851096,0,0,17468604416,4708987144
1786395851304,0,0,17468604416,4708987144
1786395851515,0,0,17468604416,4708987144
1786395851718,0,0,17468604416,4708987144
1786395851929,0,0,17468604416,4709069064
1786395852140,0,0,17468604416,4709069064
1786395852342,0,0,17468604416,4709069064
1786395852553,0,0,17468604416,4709069064
1786395852764,0,0,17468604416,4709069064
1786395852969,0,0,17468604416,4709216520
1786395853179,0,0,17468604416,4709216520
1786395853390,0,0,17468604416,4709216520
1786395853602,0,0,17468604416,4709216520
1786395853804,0,0,17468604416,4709216520
1786395854010,0,0,17468604416,4709216520
1786395854221,0,0,17468604416,4709314824
1786395854433,0,0,17468604416,4709314824
1786395854642,0,0,17468604416,4709331208
1786395854850,0,0,17468604416,4709331208
1786395855075,0,0,17468604416,4709331208
1786395855281,0,0,17468604416,4709380360
1786395855492,0,0,17468604416,4709380360
1786395855703,0,0,17468604416,4709380360
1786395855912,0,0,17468604416,4709380360
1786395856120,0,0,17468604416,4709380360
1786395856322,0,0,17468604416,4709380360
1786395856533,0,0,17468604416,4709380360
1786395856744,0,0,17468604416,4709380360
1786395856951,0,0,17468604416,4709380360
1786395857162,0,0,17468604416,4709380360
1786395857373,0,0,17468604416,4709380360
1786395857584,0,0,17468604416,4709380360
1786395857795,0,0,17468604416,4709380360
1786395858002,0,0,17468604416,4709380360
1786395858214,0,0,17468604416,4709380360
1786395858424,0,0,17468604416,4709380360
1786395858629,0,0,17468604416,4709380360
1786395858840,0,0,17468604416,4709380360
1786395859046,0,0,17468604416,4709380360
1786395859257,0,0,17468604416,4709380360
1786395859461,0,0,17468604416,4709380360
1786395859671,0,0,17468604416,4709396744
1786395859880,0,0,17468604416,4709380360
1786395860091,0,0,17468604416,4709380360
1786395860303,0,0,17468604416,4709380360
1786395860513,0,0,17468604416,4709380360
1786395860724,0,0,17468604416,4709380360
1786395860925,0,0,17468604416,4709380360
1786395861130,0,0,17468604416,4709380360
1786395861341,0,0,17468604416,4709380360
1786395861544,0,0,17468604416,4709396744
1786395861755,0,0,17468604416,4709380360
1786395861964,0,0,17468604416,4709380360
1786395862175,0,0,17468604416,4709380360
1786395862386,0,0,17468604416,4709396744
1786395862594,0,0,17468604416,4709380360
1786395862802,0,0,17468604416,4709380360
1786395863010,0,0,17468604416,4709396744
1786395863215,0,0,17468604416,4709380360
1786395863426,0,0,17468604416,4709380360
1786395863637,0,0,17468604416,4709380360
1786395863845,0,0,17468604416,4709380360
1786395864052,0,0,17468604416,4709396744
1786395864255,0,0,17468604416,4709380360
1786395864461,0,0,17468604416,4709380360
1786395864671,0,0,17468604416,4709380360
1786395864883,0,0,17468604416,4709380360
1786395865105,0,0,17468604416,4709380360
1786395865317,0,0,17468604416,4709396744
1786395865521,0,0,17468604416,4709380360
1786395865732,0,0,17468604416,4709380360
1786395865939,0,0,17468604416,4709380360
1786395866150,0,0,17468604416,4709380360
1786395866359,0,0,17468604416,4709380360
1786395866566,0,0,17468604416,4709380360
1786395866776,0,0,17468604416,4709380360
1786395866987,0,0,17468604416,4709396744
1786395867191,0,0,17468604416,4709380360
1786395867398,0,0,17468604416,4709396744
1786395867607,0,0,17468604416,4709380360
1786395867813,0,0,17468604416,4709380360
1786395868024,0,0,17468604416,4709380360
1786395868226,0,0,17468604416,4709380360
1786395868437,0,0,17468604416,4709396744
1786395868644,0,0,17468604416,4709380360
1786395868855,0,0,17468604416,4709380360
1786395869065,0,0,17468604416,4709380360
1786395869276,0,0,17468604416,4709380360
1786395869480,0,0,17468604416,4709396744
1786395869689,0,0,17468604416,4709380360
1786395869901,0,0,17468604416,4709380360
1786395870111,0,0,17468604416,4709380360
1786395870322,0,0,17468604416,4709396744
1786395870530,0,0,17468604416,4709380360
1786395870741,0,0,17468604416,4709380360
1786395870952,0,0,17468604416,4709380360
1786395871156,0,0,17468604416,4709380360
1786395871363,0,0,17468604416,4709380360
1786395871574,0,0,17468604416,4709380360
1786395871783,0,0,17468604416,4709380360
1786395871987,0,0,17468604416,4709380360
1786395872198,0,0,17468604416,4709380360
1786395872408,0,0,17468604416,4709380360
1786395872615,0,0,17468604416,4709380360
1786395872827,0,0,17468604416,4709380360
1786395873032,0,0,17468604416,4709380360
1786395873242,0,0,17468604416,4709396744
1786395873447,0,0,17468604416,4709380360
1786395873658,0,0,17468604416,4709380360
1786395873869,0,0,17468604416,4709380360
1786395874075,0,0,17468604416,4709380360
1786395874281,0,0,17468604416,4709396744
1786395874492,0,0,17468604416,4709380360
1786395874694,0,0,17468604416,4709380360
1786395874905,0,0,17468604416,4709380360
1786395875125,0,0,17468604416,4709380360
1786395875336,0,0,17468604416,4709380360
1786395875547,0,0,17468604416,4709380360
1786395875754,0,0,17468604416,4709380360
1786395875958,0,0,17468604416,4709380360
1786395876169,0,0,17468604416,4709380360
1786395876379,0,0,17468604416,4709380360
1786395876590,0,0,17468604416,4709380360
1786395876794,0,0,17468604416,4709380360
1786395877000,0,0,17468604416,4709380360
1786395877211,0,0,17468604416,4709380360
1786395877415,0,0,17468604416,4709380360
1786395877625,0,0,17468604416,4709380360
1786395877826,0,0,17468604416,4709380360
1786395878037,0,0,17468604416,4709380360
1786395878244,0,0,17468604416,4709380360
1786395878454,0,0,17468604416,4709380360
1786395878660,0,0,17468604416,4709396744
1786395878865,0,0,17468604416,4709380360
1786395879069,0,0,17468604416,4709380360
1786395879280,0,0,17468604416,4709380360
1786395879488,0,0,17468604416,4709380360
1786395879698,0,0,17468604416,4709380360
1786395879907,0,0,17468604416,4709380360
1786395880117,0,0,17468604416,4709380360
1786395880323,0,0,17468604416,4709380360
1786395880534,0,0,17468604416,4709380360
1786395880739,0,0,17468604416,4709380360
1786395880946,0,0,17468604416,4709396744
1786395881156,0,0,17468604416,4709380360
1786395881356,0,0,17468604416,4709380360
1786395881567,0,0,17468604416,4709380360
1786395881778,0,0,17468604416,4709396744
1786395881988,0,0,17468604416,4709396744
1786395882199,0,0,17468604416,4709380360
1786395882408,0,0,17468604416,4709380360
1786395882618,0,0,17468604416,4709380360
1786395882829,0,0,17468604416,4709396744
1786395883038,0,0,17468604416,4709396744
1786395883249,0,0,17468604416,4709396744
1786395883460,0,0,17468604416,4709396744
1786395883671,0,0,17468604416,4709396744
1786395883882,0,0,17468604416,4709413128
1786395884088,0,0,17468604416,4709413128
1786395884300,0,0,17468604416,4709396744
1786395884510,0,0,17468604416,4709396744
1786395884716,0,0,17468604416,4709396744
1786395884919,0,0,17468604416,4709396744
1786395885136,0,0,17468604416,4709396744
1786395885345,0,0,17468604416,4709396744
1786395885553,0,0,17468604416,4709396744
1786395885758,0,0,17468604416,4709413128
1786395885961,0,0,17468604416,4709396744
1786395886172,0,0,17468604416,4709396744
1786395886383,0,0,17468604416,4709413128
1786395886588,0,0,17468604416,4709396744
1786395886792,0,0,17468604416,4709396744
1786395886994,0,0,17468604416,4709396744
1786395887196,0,0,17468604416,4709396744
1786395887408,0,0,17468604416,4709396744
1786395887610,0,0,17468604416,4709396744
1786395887815,0,0,17468604416,4709413128
1786395888026,0,0,17468604416,4709396744
1786395888232,0,0,17468604416,4709396744
1786395888442,0,0,17468604416,4709396744
1786395888647,0,0,17468604416,4709396744
1786395888857,0,0,17468604416,4709413128
1786395889063,0,0,17468604416,4709413128
1786395889266,0,0,17468604416,4709445896
1786395889477,0,0,17468604416,4709445896
1786395889687,0,0,17468604416,4709445896
1786395889888,0,0,17468604416,4709462280
1786395890098,0,0,17468604416,4709462280
1786395890300,0,0,17468604416,4709609736
1786395890511,0,0,17468604416,4709609736
1786395890721,0,0,17468604416,4709609736
1786395890931,0,0,17468604416,4709609736
1786395891141,0,0,17468604416,4709609736
1786395891351,0,0,17468604416,4709609736
1786395891557,0,0,17468604416,4709757192
1786395891767,0,0,17468604416,4709757192
1786395891978,0,0,17468604416,4709757192
1786395892188,0,0,17468604416,4709757192
1786395892398,0,0,17468604416,4709757192
1786395892608,0,0,17468604416,4709806344
1786395892816,0,0,17468604416,4709806344
1786395893026,0,0,17468604416,4709822728
1786395893237,0,0,17468604416,4709822728
1786395893439,0,0,17468604416,4709822728
1786395893650,0,0,17468604416,4709822728
1786395893855,0,0,17468604416,4709822728
1786395894057,0,0,17468604416,4709822728
1786395894267,0,0,17468604416,4709822728
1786395894478,0,0,17468604416,4709822728
1786395894682,0,0,17468604416,4709970184
1786395894894,0,0,17468604416,4709986568
1786395895097,0,0,17468604416,4709970184
1786395895320,0,0,17468604416,4709970184
1786395895530,0,0,17468604416,4709970184
1786395895738,0,0,17468604416,4709970184
1786395895949,0,0,17468604416,4710101256
1786395896161,0,0,17468604416,4710101256
1786395896370,0,0,17468604416,4710101256
1786395896578,0,0,17468604416,4710101256
1786395896784,0,0,17468604416,4710101256
1786395896984,0,0,17468604416,4710215944
1786395897196,0,0,17468604416,4710232328
1786395897403,0,0,17468604416,4710232328
1786395897608,0,0,17468604416,4710215944
1786395897818,0,0,17468604416,4710215944
1786395898023,0,0,17468604416,4710215944
1786395898227,0,0,17468604416,4710215944
1786395898431,0,0,17468604416,4710215944
1786395898643,0,0,17468604416,4710215944
1786395898856,0,0,17468604416,4710215944
1786395899059,0,0,17468604416,4710215944
1786395899263,0,0,17468604416,4710215944
1786395899464,0,0,17468604416,4710215944
1786395899676,0,0,17468604416,4710215944
1786395899887,0,0,17468604416,4710215944
1786395900095,0,0,17468604416,4710232328
1786395900302,0,0,17468604416,4710215944
1786395900513,0,0,17468604416,4710215944
1786395900723,0,0,17468604416,4710232328
1786395900927,0,0,17468604416,4710215944
1786395901139,0,0,17468604416,4710232328
1786395901344,0,0,17468604416,4710215944
1786395901547,0,0,17468604416,4710215944
1786395901752,0,0,17468604416,4710215944
1786395901959,0,0,17468604416,4710215944
1786395902170,0,0,17468604416,4710215944
1786395902376,0,0,17468604416,4710215944
1786395902587,0,0,17468604416,4710215944
1786395902798,0,0,17468604416,4710215944
1786395903011,0,0,17468604416,4710215944
1786395903214,0,0,17468604416,4710232328
1786395903422,0,0,17468604416,4710215944
1786395903633,0,0,17468604416,4710215944
1786395903835,0,0,17468604416,4710347016
1786395904039,0,0,17468604416,4710347016
1786395904248,0,0,17468604416,4710347016
1786395904450,0,0,17468604416,4710347016
1786395904661,0,0,17468604416,4710347016
1786395904872,0,0,17468604416,4710347016
1786395905083,0,0,17468604416,4710510856
1786395905294,0,0,17468604416,4710510856
1786395905515,0,0,17468604416,4710510856
1786395905719,0,0,17468604416,4710510856
1786395905926,0,0,17468604416,4710527240
1786395906128,0,0,17468604416,4710510856
1786395906335,0,0,17468604416,4710510856
1786395906543,0,0,17468604416,4710510856
1786395906754,0,0,17468604416,4710510856
1786395906962,0,0,17468604416,4710543624
1786395907170,0,0,17468604416,4710658312
1786395907379,0,0,17468604416,4710658312
1786395907590,0,0,17468604416,4710674696
1786395907802,0,0,17468604416,4710658312
1786395908008,0,0,17468604416,4710658312
1786395908219,0,0,17468604416,4710658312
1786395908430,0,0,17468604416,4710756616
1786395908641,0,0,17468604416,4710756616
1786395908852,0,0,17468604416,4710756616
1786395909054,0,0,17468604416,4710756616
1786395909265,0,0,17468604416,4710756616
1786395909467,0,0,17468604416,4710854920
1786395909672,0,0,17468604416,4710854920
1786395909883,0,0,17468604416,4710854920
1786395910094,0,0,17468604416,4710854920
1786395910305,0,0,17468604416,4710854920
1786395910508,0,0,17468604416,4710854920
1786395910718,0,0,17468604416,4711018760
1786395910929,0,0,17468604416,4711035144
1786395911138,0,0,17468604416,4711035144
1786395911347,0,0,17468604416,4711018760
1786395911557,0,0,17468604416,4711018760
1786395911768,0,0,17468604416,4711166216
1786395911978,0,0,17468604416,4711166216
1786395912189,0,0,17468604416,4711182600
1786395912392,0,0,17468604416,4711182600
1786395912594,0,0,17468604416,4711166216
1786395912797,0,0,17468604416,4711182600
1786395913002,0,0,17468604416,4711313672
1786395913213,0,0,17468604416,4711313672
1786395913416,0,0,17468604416,4711313672
1786395913627,0,0,17468604416,4711313672
1786395913838,0,0,17468604416,4711313672
1786395914043,0,0,17468604416,4711313672
1786395914244,0,0,17468604416,4711379208
1786395914455,0,0,17468604416,4711379208
1786395914661,0,0,17468604416,4711395592
1786395914862,0,0,17468604416,4711379208
1786395915073,0,0,17468604416,4711379208
1786395915280,0,0,17468604416,4711411976
1786395915491,0,0,17468604416,4711411976
1786395915711,0,0,17468604416,4711411976
1786395915918,0,0,17468604416,4711411976
1786395916124,0,0,17468604416,4711428360
1786395916327,0,0,17468604416,4711411976
1786395916539,0,0,17468604416,4711411976
1786395916740,0,0,17468604416,4711428360
1786395916952,0,0,17468604416,4711428360
1786395917160,0,0,17468604416,4711428360
1786395917368,0,0,17468604416,4711428360
1786395917579,0,0,17468604416,4711428360
1786395917789,0,0,17468604416,4711428360
1786395918000,0,0,17468604416,4711428360
1786395918211,0,0,17468604416,4711428360
1786395918414,0,0,17468604416,4711444744
1786395918616,0,0,17468604416,4711641352
1786395918824,0,0,17468604416,4711641352
1786395919035,0,0,17468604416,4711641352
1786395919247,0,0,17468604416,4711641352
1786395919457,0,0,17468604416,4711641352
1786395919660,0,0,17468604416,4711657736
1786395919871,0,0,17468604416,4711805192
1786395920082,0,0,17468604416,4711805192
1786395920292,0,0,17468604416,4711805192
1786395920496,0,0,17468604416,4711805192
1786395920701,0,0,17468604416,4711805192
1786395920902,0,0,17468604416,4711952648
1786395921113,0,0,17468604416,4711952648
1786395921324,0,0,17468604416,4711952648
1786395921538,0,0,17468604416,4711969032
1786395921747,0,0,17468604416,4711952648
1786395921958,0,0,17468604416,4711969032
1786395922169,0,0,17468604416,4711952648
1786395922374,0,0,17468604416,4711952648
1786395922579,0,0,17468604416,4711952648
1786395922791,0,0,17468604416,4711969032
1786395923005,0,0,17468604416,4711969032
1786395923205,0,0,17468604416,4711952648
1786395923416,0,0,17468604416,4712018184
1786395923627,0,0,17468604416,4712018184
1786395923834,0,0,17468604416,4712034568
1786395924045,0,0,17468604416,4712018184
1786395924255,0,0,17468604416,4712018184
1786395924464,0,0,17468604416,4712034568
1786395924672,0,0,17468604416,4712034568
1786395924884,0,0,17468604416,4712034568
1786395925088,0,0,17468604416,4712034568
1786395925299,0,0,17468604416,4712034568
1786395925508,0,0,17468604416,4712034568
1786395925721,0,0,17468604416,4712034568
1786395925933,0,0,17468604416,4712034568
1786395926139,0,0,17468604416,4712034568
1786395926344,0,0,17468604416,4712050952
1786395926550,0,0,17468604416,4712034568
1786395926758,0,0,17468604416,4712034568
1786395926969,0,0,17468604416,4712050952
1786395927176,0,0,17468604416,4712034568
1786395927387,0,0,17468604416,4712034568
1786395927598,0,0,17468604416,4712050952
1786395927801,0,0,17468604416,4712100104
1786395928012,0,0,17468604416,4712100104
1786395928214,0,0,17468604416,4712100104
1786395928426,0,0,17468604416,4712100104
1786395928635,0,0,17468604416,4712100104
1786395928838,0,0,17468604416,4712116488
1786395929049,0,0,17468604416,4712100104
1786395929260,0,0,17468604416,4712100104
1786395929471,0,0,17468604416,4712100104
1786395929678,0,0,17468604416,4712100104
1786395929889,0,0,17468604416,4712100104
1786395930095,0,0,17468604416,4712100104
1786395930306,0,0,17468604416,4712100104
1786395930517,0,0,17468604416,4712100104
1786395930727,0,0,17468604416,4712100104
1786395930938,0,0,17468604416,4712100104
1786395931149,0,0,17468604416,4712100104
1786395931359,0,0,17468604416,4712100104
1786395931567,0,0,17468604416,4712100104
1786395931771,0,0,17468604416,4712100104
1786395931972,0,0,17468604416,4712100104
1786395932178,0,0,17468604416,4712116488
1786395932379,0,0,17468604416,4712100104
1786395932583,0,0,17468604416,4712100104
1786395932788,0,0,17468604416,4712100104
1786395933007,0,0,17468604416,4712100104
1786395933216,0,0,17468604416,4712100104
1786395933427,0,0,17468604416,4712116488
1786395933634,0,0,17468604416,4712100104
1786395933845,0,0,17468604416,4712100104
1786395934054,0,0,17468604416,4712100104
1786395934262,0,0,17468604416,4712100104
1786395934473,0,0,17468604416,4712100104
1786395934684,0,0,17468604416,4712100104
1786395934896,0,0,17468604416,4712100104
1786395935107,0,0,17468604416,4712100104
1786395935317,0,0,17468604416,4712100104
1786395935527,0,0,17468604416,4712100104
1786395935751,0,0,17468604416,4712100104
1786395935962,0,0,17468604416,4712100104
1786395936168,0,0,17468604416,4712100104
1786395936379,0,0,17468604416,4712100104
1786395936589,0,0,17468604416,4712100104
1786395936797,0,0,17468604416,4712132872
1786395936998,0,0,17468604416,4712100104
1786395937208,0,0,17468604416,4712100104
1786395937416,0,0,17468604416,4712100104
1786395937624,0,0,17468604416,4712100104
1786395937830,0,0,17468604416,4712100104
1786395938031,0,0,17468604416,4712100104
1786395938242,0,0,17468604416,4712100104
1786395938453,0,0,17468604416,4712100104
1786395938660,0,0,17468604416,4712100104
1786395938862,0,0,17468604416,4712116488
1786395939067,0,0,17468604416,4712116488
1786395939268,0,0,17468604416,4712100104
1786395939479,0,0,17468604416,4712100104
1786395939690,0,0,17468604416,4712116488
1786395939900,0,0,17468604416,4712100104
1786395940114,0,0,17468604416,4712116488
1786395940324,0,0,17468604416,4712100104
1786395940526,0,0,17468604416,4712100104
1786395940737,0,0,17468604416,4712100104
1786395940944,0,0,17468604416,4712100104
1786395941155,0,0,17468604416,4712100104
1786395941360,0,0,17468604416,4712100104
1786395941571,0,0,17468604416,4712100104
1786395941780,0,0,17468604416,4712116488
1786395942008,0,0,17468604416,4712100104
1786395942211,0,0,17468604416,4712100104
1786395942423,0,0,17468604416,4712100104
1786395942624,0,0,17468604416,4712100104
1786395942834,0,0,17468604416,4712100104
1786395943045,0,0,17468604416,4712116488
1786395943251,0,0,17468604416,4712116488
1786395943459,0,0,17468604416,4712100104
1786395943663,0,0,17468604416,4712100104
1786395943874,0,0,17468604416,4712100104
1786395944085,0,0,17468604416,4712100104
1786395944288,0,0,17468604416,4712116488
1786395944501,0,0,17468604416,4712100104
1786395944702,0,0,17468604416,4712100104
1786395944913,0,0,17468604416,4712100104
1786395945123,0,0,17468604416,4712100104
1786395945334,0,0,17468604416,4712100104
1786395945539,0,0,17468604416,4712100104
1786395945761,0,0,17468604416,4712100104
1786395945966,0,0,17468604416,4712116488
1786395946172,0,0,17468604416,4712100104
1786395946379,0,0,17468604416,4712116488
1786395946588,0,0,17468604416,4712116488
1786395946795,0,0,17468604416,4712100104
1786395947006,0,0,17468604416,4712100104
1786395947214,0,0,17468604416,4712116488
1786395947424,0,0,17468604416,4712100104
1786395947632,0,0,17468604416,4712100104
1786395947838,0,0,17468604416,4712100104
1786395948049,0,0,17468604416,4712116488
1786395948256,0,0,17468604416,4712116488
1786395948467,0,0,17468604416,4712100104
1786395948677,0,0,17468604416,4712100104
1786395948887,0,0,17468604416,4712100104
1786395949100,0,0,17468604416,4712100104
1786395949311,0,0,17468604416,4712100104
1786395949518,0,0,17468604416,4712100104
1786395949727,0,0,17468604416,4712100104
1786395949939,0,0,17468604416,4712116488
1786395950142,0,0,17468604416,4712100104
1786395950354,0,0,17468604416,4712116488
1786395950557,0,0,17468604416,4712100104
1786395950768,0,0,17468604416,4712116488
1786395950979,0,0,17468604416,4712116488
1786395951187,0,0,17468604416,4712116488
1786395951396,0,0,17468604416,4712116488
1786395951599,0,0,17468604416,4712116488
1786395951802,0,0,17468604416,4712116488
1786395952012,0,0,17468604416,4712116488
1786395952224,0,0,17468604416,4712116488
1786395952433,0,0,17468604416,4712116488
1786395952642,0,0,17468604416,4712116488
1786395952850,0,0,17468604416,4712116488
1786395953053,0,0,17468604416,4712116488
1786395953265,0,0,17468604416,4712132872
1786395953473,0,0,17468604416,4712132872
1786395953675,0,0,17468604416,4712116488
1786395953879,0,0,17468604416,4712116488
1786395954087,0,0,17468604416,4712116488
1786395954297,0,0,17468604416,4712116488
1786395954509,0,0,17468604416,4712132872
1786395954721,0,0,17468604416,4712116488
1786395954922,0,0,17468604416,4712116488
1786395955128,0,0,17468604416,4712116488
1786395955335,0,0,17468604416,4712116488
1786395955546,0,0,17468604416,4712116488
1786395955769,0,0,17468604416,4712116488
1786395955976,0,0,17468604416,4712132872
1786395956183,0,0,17468604416,4712116488
1786395956392,0,0,17468604416,4712116488
1786395956603,0,0,17468604416,4712116488
1786395956814,0,0,17468604416,4712132872
1786395957023,0,0,17468604416,4712116488
1786395957233,0,0,17468604416,4712116488
1786395957442,0,0,17468604416,4712116488
1786395957650,0,0,17468604416,4712116488
1786395957861,0,0,17468604416,4712116488
1786395958073,0,0,17468604416,4712116488
1786395958282,0,0,17468604416,4712116488
1786395958493,0,0,17468604416,4712116488
1786395958703,0,0,17468604416,4712116488
1786395958905,0,0,17468604416,4712116488
1786395959116,0,0,17468604416,4712116488
1786395959327,0,0,17468604416,4712116488
1786395959537,0,0,17468604416,4712132872
1786395959745,0,0,17468604416,4712116488
1786395959956,0,0,17468604416,4712116488
1786395960167,0,0,17468604416,4712132872
1786395960379,0,0,17468604416,4712132872
1786395960593,0,0,17468604416,4712116488
1786395960803,0,0,17468604416,4712116488
1786395961007,0,0,17468604416,4712116488
1786395961217,0,0,17468604416,4712116488
1786395961428,0,0,17468604416,4712116488
1786395961636,0,0,17468604416,4712116488
1786395961846,0,0,17468604416,4712116488
1786395962052,0,0,17468604416,4712116488
1786395962263,0,0,17468604416,4712116488
1786395962471,0,0,17468604416,4712116488
1786395962679,0,0,17468604416,4712116488
1786395962886,0,0,17468604416,4712116488
1786395963093,0,0,17468604416,4712116488
1786395963303,0,0,17468604416,4712116488
1786395963514,0,0,17468604416,4712116488
1786395963725,0,0,17468604416,4712116488
1786395963934,0,0,17468604416,4712132872
1786395964145,0,0,17468604416,4712116488
1786395964346,0,0,17468604416,4712116488
1786395964552,0,0,17468604416,4712116488
1786395964762,0,0,17468604416,4712116488
1786395964972,0,0,17468604416,4712116488
1786395965177,0,0,17468604416,4712116488
1786395965385,0,0,17468604416,4712116488
1786395965593,0,0,17468604416,4712116488
1786395965799,0,0,17468604416,4712116488
1786395966006,0,0,17468604416,4712116488
1786395966216,0,0,17468604416,4712116488
1786395966420,0,0,17468604416,4712116488
1786395966630,0,0,17468604416,4712116488
1786395966838,0,0,17468604416,4712116488
1786395967048,0,0,17468604416,4712116488
1786395967258,0,0,17468604416,4712116488
1786395967469,0,0,17468604416,4712116488
1786395967678,0,0,17468604416,4712116488
1786395967883,0,0,17468604416,4712116488
1786395968089,0,0,17468604416,4712116488
1786395968299,0,0,17468604416,4712116488
1786395968510,0,0,17468604416,4712116488
1786395968713,0,0,17468604416,4712116488
1786395968924,0,0,17468604416,4712116488
1786395969134,0,0,17468604416,4712116488
1786395969344,0,0,17468604416,4712116488
1786395969545,0,0,17468604416,4712116488
1786395969746,0,0,17468604416,4712116488
1786395969957,0,0,17468604416,4712116488
1786395970160,0,0,17468604416,4712116488
1786395970370,0,0,17468604416,4712116488
1786395970581,0,0,17468604416,4712116488
1786395970790,0,0,17468604416,4712116488
1786395971000,0,0,17468604416,4712116488
1786395971209,0,0,17468604416,4712116488
1786395971419,0,0,17468604416,4712132872
1786395971623,0,0,17468604416,4712116488
1786395971832,0,0,17468604416,4712116488
1786395972041,0,0,17468604416,4712149256
1786395972253,0,0,17468604416,4712149256
1786395972457,0,0,17468604416,4712165640
1786395972660,0,0,17468604416,4712149256
1786395972867,0,0,17468604416,4712149256
1786395973078,0,0,17468604416,4712149256
1786395973288,0,0,17468604416,4712149256
1786395973499,0,0,17468604416,4712149256
1786395973701,0,0,17468604416,4712165640
1786395973913,0,0,17468604416,4712149256
1786395974119,0,0,17468604416,4712165640
1786395974330,0,0,17468604416,4712149256
1786395974540,0,0,17468604416,4712149256
1786395974751,0,0,17468604416,4712149256
1786395974958,0,0,17468604416,4712165640
1786395975169,0,0,17468604416,4712149256
1786395975370,0,0,17468604416,4712165640
1786395975581,0,0,17468604416,4712165640
1786395975791,0,0,17468604416,4712165640
1786395976015,0,0,17468604416,4712165640
1786395976227,0,0,17468604416,4712165640
1786395976432,0,0,17468604416,4712182024
1786395976635,0,0,17468604416,4712165640
1786395976846,0,0,17468604416,4712165640
1786395977054,0,0,17468604416,4712165640
1786395977266,0,0,17468604416,4712165640
1786395977470,0,0,17468604416,4712165640
1786395977678,0,0,17468604416,4712165640
1786395977889,0,0,17468604416,4712165640
1786395978100,0,0,17468604416,4712165640
1786395978311,0,0,17468604416,4712165640
1786395978522,0,0,17468604416,4712182024
1786395978729,0,0,17468604416,4712182024
1786395978937,0,0,17468604416,4712165640
1786395979138,0,0,17468604416,4712165640
1786395979349,0,0,17468604416,4712165640
1786395979553,0,0,17468604416,4712165640
1786395979764,0,0,17468604416,4712165640
1786395979974,0,0,17468604416,4712165640
1786395980182,0,0,17468604416,4712165640
1786395980393,0,0,17468604416,4712165640
1786395980604,0,0,17468604416,4712165640
1786395980813,0,0,17468604416,4712165640
1786395981021,0,0,17468604416,4712165640
1786395981222,0,0,17468604416,4712165640
1786395981433,0,0,17468604416,4712165640
1786395981643,0,0,17468604416,4712165640
1786395981852,0,0,17468604416,4712165640
1786395982055,0,0,17468604416,4712165640
1786395982259,0,0,17468604416,4712165640
1786395982460,0,0,17468604416,4712198408
1786395982671,0,0,17468604416,4712198408
1786395982878,0,0,17468604416,4712198408
1786395983089,0,0,17468604416,4712198408
1786395983300,0,0,17468604416,4712198408
1786395983510,0,0,17468604416,4712296712
1786395983722,0,0,17468604416,4712313096
1786395983933,0,0,17468604416,4712296712
1786395984139,0,0,17468604416,4712296712
1786395984345,0,0,17468604416,4712296712
1786395984546,0,0,17468604416,4712444168
1786395984748,0,0,17468604416,4712444168
1786395984958,0,0,17468604416,4712444168
1786395985160,0,0,17468604416,4712444168
1786395985365,0,0,17468604416,4712444168
1786395985574,0,0,17468604416,4712444168
1786395985780,0,0,17468604416,4712493320
1786395985981,0,0,17468604416,4712493320
1786395986191,0,0,17468604416,4712493320
1786395986402,0,0,17468604416,4712493320
1786395986614,0,0,17468604416,4712493320
1786395986825,0,0,17468604416,4712493320
1786395987036,0,0,17468604416,4712493320
1786395987252,0,0,17468604416,4712493320
1786395987463,0,0,17468604416,4712493320
1786395987675,0,0,17468604416,4712493320
1786395987883,0,0,17468604416,4712493320
1786395988088,0,0,17468604416,4712493320
1786395988299,0,0,17468604416,4712509704
1786395988507,0,0,17468604416,4712493320
1786395988710,0,0,17468604416,4712493320
1786395988921,0,0,17468604416,4712509704
1786395989127,0,0,17468604416,4712558856
1786395989339,0,0,17468604416,4712558856
1786395989547,0,0,17468604416,4712558856
1786395989756,0,0,17468604416,4712575240
1786395989961,0,0,17468604416,4712558856
1786395990163,0,0,17468604416,4712640776
1786395990374,0,0,17468604416,4712640776
1786395990581,0,0,17468604416,4712657160
1786395990790,0,0,17468604416,4712640776
1786395990994,0,0,17468604416,4712657160
1786395991196,0,0,17468604416,4712771848
1786395991399,0,0,17468604416,4712771848
1786395991610,0,0,17468604416,4712788232
1786395991817,0,0,17468604416,4712771848
1786395992023,0,0,17468604416,4712771848
1786395992236,0,0,17468604416,4712788232
1786395992448,0,0,17468604416,4712935688
1786395992651,0,0,17468604416,4712935688
1786395992860,0,0,17468604416,4712935688
1786395993067,0,0,17468604416,4712935688
1786395993278,0,0,17468604416,4712935688
1786395993486,0,0,17468604416,4712935688
1786395993697,0,0,17468604416,4712935688
1786395993908,0,0,17468604416,4712935688
1786395994119,0,0,17468604416,4712935688
1786395994321,0,0,17468604416,4712935688
1786395994522,0,0,17468604416,4712935688
1786395994732,0,0,17468604416,4712935688
1786395994934,0,0,17468604416,4712935688
1786395995145,0,0,17468604416,4712935688
1786395995352,0,0,17468604416,4712952072
1786395995556,0,0,17468604416,4712952072
1786395995767,0,0,17468604416,4712935688
1786395995978,0,0,17468604416,4712935688
1786395996180,0,0,17468604416,4712935688
1786395996408,0,0,17468604416,4712935688
1786395996610,0,0,17468604416,4712935688
1786395996813,0,0,17468604416,4712935688
1786395997023,0,0,17468604416,4712935688
1786395997233,0,0,17468604416,4712935688
1786395997444,0,0,17468604416,4712935688
1786395997650,0,0,17468604416,4712952072
1786395997854,0,0,17468604416,4712935688
1786395998059,0,0,17468604416,4712935688
1786395998270,0,0,17468604416,4712935688
1786395998481,0,0,17468604416,4712935688
1786395998685,0,0,17468604416,4712935688
1786395998889,0,0,17468604416,4712952072
1786395999100,0,0,17468604416,4712935688
1786395999310,0,0,17468604416,4712935688
1786395999522,0,0,17468604416,4712935688
1786395999726,0,0,17468604416,4712935688
1786395999937,0,0,17468604416,4712935688
1786396000147,0,0,17468604416,4712935688
1786396000357,0,0,17468604416,4712935688
1786396000558,0,0,17468604416,4712935688
1786396000768,0,0,17468604416,4712935688
1786396000978,0,0,17468604416,4712935688
1786396001185,0,0,17468604416,4712935688
1786396001389,0,0,17468604416,4712935688
1786396001598,0,0,17468604416,4712935688
1786396001809,0,0,17468604416,4712935688
1786396002019,0,0,17468604416,4712935688
1786396002226,0,0,17468604416,4712935688
1786396002429,0,0,17468604416,4712935688
1786396002633,0,0,17468604416,4712935688
1786396002844,0,0,17468604416,4712935688
1786396003058,0,0,17468604416,4712952072
1786396003261,0,0,17468604416,4712935688
1786396003470,0,0,17468604416,4712935688
1786396003685,268435456,213909504,17683349504,4629721352
1786396003887,268435456,268435456,17737039872,4578603272
1786396004100,268435456,268435456,17737039872,4578603272
1786396004304,268435456,268435456,17737039872,4578603272
1786396004508,268435456,268435456,17737039872,4578603272
1786396004711,268435456,268435456,17737039872,4578603272
1786396004922,268435456,268435456,17737039872,4578603272
1786396005133,268435456,268435456,17737039872,4578603272
1786396005340,268435456,268435456,17737039872,4578619656
1786396005542,268435456,268435456,17737039872,4578603272
1786396005744,536870912,490733568,17959337984,4508201224
1786396005954,536870912,536870912,18005475328,4499812616
1786396006166,536870912,536870912,18005475328,4499812616
1786396006370,536870912,536870912,18005475328,4499812616
1786396006582,536870912,536870912,18005475328,4499829000
1786396006785,536870912,536870912,18005475328,4499812616
1786396006992,536870912,536870912,18005475328,4499812616
1786396007202,536870912,536870912,18005475328,4499812616
1786396007407,536870912,536870912,18005475328,4499812616
1786396007623,805306368,538968064,18007752704,4500238600
1786396007828,805306368,805306368,18273910784,4495536392
1786396008039,805306368,805306368,18273910784,4495536392
1786396008249,805306368,805306368,18273910784,4495536392
1786396008451,805306368,805306368,18273910784,4495536392
1786396008656,805306368,805306368,18273910784,4495536392
1786396008861,805306368,805306368,18273910784,4495552776
1786396009071,805306368,805306368,18273910784,4495552776
1786396009281,805306368,805306368,18273910784,4495536392
1786396009492,805306368,805306368,18273910784,4495536392
1786396009702,1073741824,895483904,18364088320,4496388360
1786396009908,1073741824,1073741824,18542346240,4495520008
1786396010114,1073741824,1073741824,18542346240,4495520008
1786396010319,1073741824,1073741824,18542346240,4495520008
1786396010530,1073741824,1073741824,18542346240,4495520008
1786396010741,1073741824,1073741824,18542346240,4495520008
1786396010947,1073741824,1073741824,18542346240,4495520008
1786396011156,1073741824,1073741824,18542346240,4495520008
1786396011367,1073741824,1073741824,18542346240,4495520008
1786396011578,1073741824,1073741824,18542346240,4495520008
1786396011780,1342177280,1309671424,18778980352,4487180552
1786396011988,1342177280,1342177280,18810781696,4487131400
1786396012199,1342177280,1342177280,18810781696,4487131400
1786396012410,1342177280,1342177280,18810781696,4487131400
1786396012620,1342177280,1342177280,18810781696,4487131400
1786396012831,1342177280,1342177280,18810781696,4487524616
1786396013043,1342177280,1342177280,18810781696,4487524616
1786396013255,1342177280,1342177280,18810781696,4487524616
1786396013464,1342177280,1342177280,18810781696,4487541000
1786396013672,1610612736,1348468736,18817187840,4488081672
1786396013882,1610612736,1610612736,19079217152,4487328008
1786396014093,1610612736,1610612736,19079217152,4487328008
1786396014304,1610612736,1610612736,19079217152,4487328008
1786396014530,1610612736,1610612736,19079217152,4487328008
1786396014741,1610612736,1610612736,19079217152,4487344392
1786396014948,1610612736,1610612736,19079217152,4487328008
1786396015158,1610612736,1610612736,19079217152,4487328008
1786396015370,1610612736,1610612736,19079217152,4487328008
1786396015578,1610612736,1610612736,19079217152,4487328008
1786396015782,1879048192,1741684736,19211173888,4487983368
1786396015988,1879048192,1879048192,19347652608,4487328008
1786396016195,1879048192,1879048192,19347652608,4487328008
1786396016400,1879048192,1879048192,19347652608,4487344392
1786396016604,1879048192,1879048192,19347652608,4487328008
1786396016807,1879048192,1879048192,19347652608,4487328008
1786396017009,1879048192,1879048192,19347652608,4488081672
1786396017219,1879048192,1879048192,19347652608,4488081672
1786396017430,1879048192,1879048192,19347652608,4488081672
1786396017641,1879048192,1879048192,19347652608,4488081672
1786396017847,2147483648,2044723200,19513573376,4489801992
1786396018058,2147483648,2073034752,19541639168,4489195784
1786396018259,2147483648,2079326208,19548651520,4489326856
1786396018469,2147483648,2088763392,19557367808,4489048328
1786396018726,2147483648,2091909120,19560513536,4489425160
1786396018930,2147483648,2133852160,19603505152,4489703688
1786396019140,2147483648,2147483648,19616088064,4489015560
1786396019351,2147483648,2147483648,19616088064,4489359624
1786396019562,2147483648,2147483648,19616088064,4489359624
1786396019770,2415919104,2199912448,19668647936,4489294088
1786396019974,2415919104,2415919104,19884523520,4488687880
1786396020178,2415919104,2415919104,19884523520,4488687880
1786396020380,2415919104,2415919104,19884523520,4488687880
1786396020590,2415919104,2415919104,19884523520,4489048328
1786396020802,2415919104,2415919104,19884523520,4489048328
1786396021010,2415919104,2415919104,19884523520,4489048328
1786396021221,2415919104,2415919104,19884523520,4489048328
1786396021437,2415919104,2415919104,19884523520,4489064712
1786396021642,2415919104,2415919104,19884523520,4489048328
1786396021850,2684354560,2675965952,20145045504,4488458504
1786396022062,2684354560,2684354560,20152958976,4488442120
1786396022273,2684354560,2684354560,20152958976,4488442120
1786396022484,2684354560,2684354560,20152958976,4488425736
1786396022688,2684354560,2684354560,20152958976,4488425736
1786396022897,2684354560,2684354560,20152958976,4488950024
1786396023109,2684354560,2684354560,20152958976,4488950024
1786396023320,2684354560,2684354560,20152958976,4488950024
1786396023528,2684354560,2684354560,20152958976,4488966408
1786396023732,2952790016,2705326080,20174684160,4488769800
1786396023938,2952790016,2952790016,20421394432,4488753416
1786396024149,2952790016,2952790016,20421394432,4488769800
1786396024360,2952790016,2952790016,20421394432,4488769800
1786396024565,2952790016,2952790016,20421394432,4488753416
1786396024776,2952790016,2952790016,20421394432,4488753416
1786396024984,2952790016,2952790016,20421394432,4488753416
1786396025189,2952790016,2952790016,20421394432,4488753416
1786396025398,2952790016,2952790016,20421394432,4488769800
1786396025604,2952790016,2952790016,20421394432,4488753416
1786396025815,3221225472,3058696192,20528201728,4488786184
1786396026025,3221225472,3221225472,20689829888,4488753416
1786396026236,3221225472,3221225472,20689829888,4488753416
1786396026448,3221225472,3221225472,20689829888,4488753416
1786396026658,3221225472,3221225472,20689829888,4488753416
1786396026862,3221225472,3221225472,20689829888,4488753416
1786396027070,3221225472,3221225472,20689829888,4488753416
1786396027272,3221225472,3221225472,20689829888,4488950024
1786396027483,3221225472,3221225472,20689829888,4488950024
1786396027684,3221225472,3221225472,20689829888,4488950024
1786396027888,3489660928,3377463296,20846264320,4489179400
1786396028091,3489660928,3489660928,20958265344,4488507656
1786396028299,3489660928,3489660928,20958265344,4488507656
1786396028509,3489660928,3489660928,20958265344,4488868104
1786396028720,3489660928,3489660928,20958265344,4488868104
1786396028927,3489660928,3489660928,20958265344,4488868104
1786396029133,3489660928,3489660928,20958265344,4488868104
1786396029343,3489660928,3489660928,20958265344,4488868104
1786396029553,3489660928,3489660928,20958265344,4488868104
1786396029764,3489660928,3489660928,20958265344,4488884488
1786396029972,3758096384,3696230400,21165686784,4488360200
1786396030233,3758096384,3729784832,21198389248,4488900872
1786396030476,3758096384,3748659200,21217263616,4489228552
1786396030686,3758096384,3758096384,21226700800,4488179976
1786396030897,3758096384,3758096384,21226700800,4488179976
1786396031108,3758096384,3758096384,21226700800,4488179976
1786396031320,3758096384,3758096384,21226700800,4488196360
1786396031527,3758096384,3758096384,21226700800,4488179976
1786396031738,3758096384,3758096384,21226700800,4488671496
1786396031940,4026531840,4018143232,21487386624,4488524040
1786396032147,4026531840,4026531840,21495136256,4488474888
1786396032353,4026531840,4026531840,21495136256,4488474888
1786396032555,4026531840,4026531840,21495136256,4488474888
1786396032772,4026531840,4026531840,21495136256,4488491272
1786396032977,4026531840,4026531840,21495136256,4488835336
1786396033189,4026531840,4026531840,21495136256,4488835336
1786396033393,4026531840,4026531840,21495136256,4488835336
1786396033604,4026531840,4026531840,21495136256,4488835336
1786396033807,4294967296,4038066176,21507358720,4488622344
1786396034009,4294967296,4294967296,21763571712,4488622344
1786396034220,4294967296,4294967296,21763571712,4488638728
1786396034430,4294967296,4294967296,21763571712,4488622344
1786396034633,4294967296,4294967296,21763571712,4488622344
1786396034840,4294967296,4294967296,21763571712,4488622344
1786396035046,4294967296,4294967296,21763571712,4488622344
1786396035252,4294967296,4294967296,21763571712,4488818952
1786396035464,4294967296,4294967296,21763571712,4488835336
1786396035666,4294967296,4294967296,21763571712,4488851720
1786396035868,4563402752,4352638976,21821751296,4488687880
1786396036079,4563402752,4563402752,22032007168,4488442120
1786396036279,4563402752,4563402752,22032007168,4488442120
1786396036490,4563402752,4563402752,22032007168,4488442120
1786396036698,4563402752,4563402752,22032007168,4488442120
1786396036910,4563402752,4563402752,22032007168,4488442120
1786396037121,4563402752,4563402752,22032007168,4488442120
1786396037332,4563402752,4563402752,22032007168,4488442120
1786396037541,4563402752,4563402752,22032007168,4488638728
1786396037752,4563402752,4563402752,22032007168,4488638728
1786396037954,4831838208,4742709248,22211461120,4488868104
1786396038162,4831838208,4831838208,22300442624,4488196360
1786396038373,4831838208,4831838208,22300442624,4488196360
1786396038576,4831838208,4831838208,22300442624,4488540424
1786396038787,4831838208,4831838208,22300442624,4488540424
1786396038993,4831838208,4831838208,22300442624,4488556808
1786396039204,4831838208,4831838208,22300442624,4488540424
1786396039415,4831838208,4831838208,22300442624,4488540424
1786396039621,4831838208,4831838208,22300442624,4488540424
1786396039824,5100273664,4832886784,22301523968,4488491272
1786396040034,5100273664,5100273664,22568878080,4487934216
1786396040246,5100273664,5100273664,22568878080,4487934216
1786396040457,5100273664,5100273664,22568878080,4487934216
1786396040668,5100273664,5100273664,22568878080,4487934216
1786396040873,5100273664,5100273664,22568878080,4488261896
1786396041083,5100273664,5100273664,22568878080,4488261896
1786396041292,5100273664,5100273664,22568878080,4488261896
1786396041502,5100273664,5100273664,22568878080,4488261896
1786396041706,5100273664,5100273664,22568878080,4488261896
1786396041908,5368709120,5201985536,22670868480,4488605960
1786396042118,5368709120,5368709120,22837313536,4488081672
1786396042329,5368709120,5368709120,22837313536,4488098056
1786396042539,5368709120,5368709120,22837313536,4488081672
1786396042742,5368709120,5368709120,22837313536,4488081672
1786396042950,5368709120,5368709120,22837313536,4488442120
1786396043160,5368709120,5368709120,22837313536,4488442120
1786396043361,5368709120,5368709120,22837313536,4488442120
1786396043565,5368709120,5368709120,22837313536,4488442120
1786396043776,5368709120,5368709120,22837313536,4488442120
1786396043988,5637144576,5449449472,22918053888,4489228552
1786396044199,5637144576,5637144576,23105748992,4488343816
1786396044404,5637144576,5637144576,23105748992,4488343816
1786396044612,5637144576,5637144576,23105748992,4488343816
1786396044823,5637144576,5637144576,23105748992,4488343816
1786396045033,5637144576,5637144576,23105748992,4488343816
1786396045243,5637144576,5637144576,23105748992,4488900872
1786396045453,5637144576,5637144576,23105748992,4488900872
1786396045662,5637144576,5637144576,23105748992,4488900872
1786396045867,5905580032,5649727488,23118430208,4489179400
1786396046077,5905580032,5905580032,23374184448,4488605960
1786396046287,5905580032,5905580032,23374184448,4488769800
1786396046498,5905580032,5905580032,23374184448,4488769800
1786396046699,5905580032,5905580032,23374184448,4488769800
1786396046909,5905580032,5905580032,23374184448,4488769800
1786396047119,5905580032,5905580032,23374184448,4488769800
1786396047320,5905580032,5905580032,23374184448,4489113864
1786396047531,5905580032,5905580032,23374184448,4489113864
1786396047741,5905580032,5905580032,23374184448,4489113864
1786396047949,6174015488,5984223232,23453319168,4488982792
1786396048155,6174015488,6174015488,23642619904,4488917256
1786396048357,6174015488,6174015488,23642619904,4488917256
1786396048559,6174015488,6174015488,23642619904,4489277704
1786396048764,6174015488,6174015488,23642619904,4489277704
1786396048975,6174015488,6174015488,23642619904,4489277704
1786396049185,6174015488,6174015488,23642619904,4489294088
1786396049389,6174015488,6174015488,23642619904,4489277704
1786396049590,6174015488,6174015488,23642619904,4489441544
1786396049797,6174015488,6174015488,23642619904,4489441544
1786396050007,6442450944,6343884800,23812587520,4489736456
1786396050218,6442450944,6442450944,23911055360,4489244936
1786396050430,6442450944,6442450944,23911055360,4489244936
1786396050636,6442450944,6442450944,23911055360,4489244936
1786396050847,6442450944,6442450944,23911055360,4489589000
1786396051058,6442450944,6442450944,23911055360,4489589000
1786396051276,6442450944,6442450944,23911055360,4489589000
1786396051487,6442450944,6442450944,23911055360,4489589000
1786396051689,6442450944,6442450944,23911055360,4489589000
1786396051899,6710886400,6450839552,23919656960,4489933064
1786396052110,6710886400,6710886400,24179490816,4489179400
1786396052321,6710886400,6710886400,24179490816,4489195784
1786396052530,6710886400,6710886400,24179490816,4489195784
1786396052735,6710886400,6710886400,24179490816,4489179400
1786396052946,6710886400,6710886400,24179490816,4489572616
1786396053157,6710886400,6710886400,24179490816,4489589000
1786396053368,6710886400,6710886400,24179490816,4489589000
1786396053579,6710886400,6710886400,24179490816,4489589000
1786396053785,6710886400,6710886400,24179490816,4489589000
1786396053987,6979321856,6761218048,24230674432,4490440968
1786396054198,6979321856,6979321856,24447926272,4489392392
1786396054409,6979321856,6979321856,24447926272,4489408776
1786396054612,6979321856,6979321856,24447926272,4489392392
1786396054823,6979321856,6979321856,24447926272,4489392392
1786396055034,6979321856,6979321856,24447926272,4489392392
1786396055236,6979321856,6979321856,24447926272,4489736456
1786396055450,6979321856,6979321856,24447926272,4489736456
1786396055661,6979321856,6979321856,24447926272,4489736456
1786396055868,6979321856,6979321856,24447926272,4489752840
1786396056085,7247757312,7132413952,24601018368,4490473736
1786396056294,7247757312,7247757312,24716361728,4489474312
1786396056505,7247757312,7247757312,24716361728,4489474312
1786396056716,7247757312,7247757312,24716361728,4489474312
1786396056918,7247757312,7247757312,24716361728,4489474312
1786396057129,7247757312,7247757312,24716361728,4489490696
1786396057339,7247757312,7247757312,24716361728,4489474312
1786396057549,7247757312,7247757312,24716361728,4489883912
1786396057761,7247757312,7247757312,24716361728,4489900296
1786396057969,7516192768,7267680256,24736317440,4490653960
1786396058172,7516192768,7516192768,24984797184,4489687304
1786396058378,7516192768,7516192768,24984797184,4489687304
1786396058579,7516192768,7516192768,24984797184,4490047752
1786396058790,7516192768,7516192768,24984797184,4490047752
1786396059000,7516192768,7516192768,24984797184,4490047752
1786396059206,7516192768,7516192768,24984797184,4490047752
1786396059417,7516192768,7516192768,24984797184,4490047752
1786396059628,7516192768,7516192768,24984797184,4490047752
1786396059835,7516192768,7516192768,24984797184,4490260744
1786396060045,7784628224,7622098944,25090703360,4490850568
1786396060255,7784628224,7784628224,25253232640,4490064136
1786396060467,7784628224,7784628224,25253232640,4490080520
1786396060678,7784628224,7784628224,25253232640,4490064136
1786396060886,7784628224,7784628224,25253232640,4490260744
1786396061103,7784628224,7784628224,25253232640,4490277128
1786396061310,7784628224,7784628224,25253232640,4490260744
1786396061523,7784628224,7784628224,25253232640,4490260744
1786396061735,7784628224,7784628224,25253232640,4490260744
1786396061945,7784628224,7784628224,25253232640,4490342664
1786396062155,8053063680,8053063680,25521668096,4489851144
1786396062366,8053063680,8053063680,25521668096,4489851144
1786396062578,8053063680,8053063680,25521668096,4489867528
1786396062790,8053063680,8053063680,25521668096,4489867528
1786396062996,8053063680,8053063680,25521668096,4489851144
1786396063199,8053063680,8053063680,25521668096,4490195208
1786396063410,8053063680,8053063680,25521668096,4490195208
1786396063618,8053063680,8053063680,25521668096,4490195208
1786396063847,8053063680,8053063680,25521668096,4490211592
1786396064054,8321499136,8120172544,25588776960,4490752264
1786396064259,8321499136,8321499136,25790103552,4489933064
1786396064472,8321499136,8321499136,25790103552,4489949448
1786396064677,8321499136,8321499136,25790103552,4489933064
1786396064882,8321499136,8321499136,25790103552,4489949448
1786396065092,8321499136,8321499136,25790103552,4489933064
1786396065296,8321499136,8321499136,25790103552,4489933064
1786396065506,8321499136,8321499136,25790103552,4490342664
1786396065718,8321499136,8321499136,25790103552,4490342664
1786396065924,8321499136,8321499136,25790103552,4490359048
1786396066125,8589934592,8495562752,25964363776,4490785032
1786396066332,8589934592,8589934592,26058539008,4440584456
1786396066533,8589934592,8589934592,26058539008,4441649440
1786396066744,8589934592,8589934592,26058539008,4455035312
1786396066955,8589934592,8589934592,26058539008,4455035312
1786396067162,8589934592,8589934592,26058539008,4455035312
1786396067372,8589934592,8589934592,26058539008,4455035312
1786396067577,8589934592,8589934592,26058539008,4455035312
1786396067787,8589934592,8589934592,26058539008,4476826296
1786396067990,8589934592,8589934592,26058539008,4477088440
1786396068198,8646950912,8646950912,26115555328,4411552440
1786396068409,8646950912,8646950912,26115555328,4411552440
1786396068620,8646950912,8646950912,26115555328,4411568824
1786396068825,8646950912,8646950912,26115555328,4411568824
1786396069035,8646950912,8646950912,26115555328,4413207224
1786396069237,8646950912,8646950912,26115555328,4413207224
1786396069448,8646950912,8646950912,26115555328,4413207224
1786396069651,8646950912,8646950912,26115555328,4413207224
1786396069860,8646950912,8646950912,26115555328,4413207224
1786396070067,8646950912,8646950912,26115555328,4420022968
1786396070269,8646950912,8646950912,26115555328,4420022968
1786396070484,8646950912,8646950912,26115555328,4420039352
1786396070695,8646950912,8646950912,26115555328,4420039352
1786396070898,8646950912,8646950912,26115555328,4420022968
1786396071108,8646950912,8646950912,26115555328,4420022968
1786396071319,8646950912,8646950912,26115555328,4435555024
1786396071527,8646950912,8646950912,26115555328,4435571408
1786396071738,8646950912,8646950912,26115555328,4435571408
1786396071948,8646950912,8646950912,26115555328,4435571408
1786396072165,8628355072,8628355072,26115555328,4435571408
1786396072366,8628355072,8628355072,26115555328,4437668560
1786396072578,8628355072,8628355072,26115555328,4437668560
1786396072790,8628355072,8628355072,26115555328,4437668560
1786396073002,8628355072,8628355072,26115555328,4437668560
1786396073213,8628355072,8628355072,26115555328,4437684944
1786396073422,8628355072,8628355072,26115555328,4437668560
1786396073632,8628355072,8628355072,26115555328,4437062352
1786396073833,8628355072,8628355072,26115555328,4437078736
1786396074045,8651767808,8628355072,26115555328,4437078736
1786396074255,8651767808,8651767808,26138968064,4429574864
1786396074466,8651767808,8651767808,26138968064,4429542096
1786396074669,8651767808,8651767808,26138968064,4429542096
1786396074880,8651767808,8651767808,26138968064,4430295760
1786396075091,8651767808,8651767808,26138968064,4430295760
1786396075299,8651767808,8651767808,26138968064,4430295760
1786396075502,8651767808,8651767808,26138968064,4430312144
1786396075705,8651767808,8651767808,26138968064,4430312144
1786396075913,8651767808,8651767808,26138968064,4432802512
1786396076124,8651767808,8651767808,26138968064,4432802512
1786396076334,8651767808,8651767808,26138968064,4432818896
1786396076545,8651767808,8651767808,26138968064,4432818896
1786396076749,8651767808,8651767808,26138968064,4432802512
1786396076959,8651767808,8651767808,26138968064,4432802512
1786396077170,8651767808,8651767808,26138968064,4437209808
1786396077392,8651767808,8651767808,26138968064,4437226192
1786396077605,8651767808,8651767808,26138968064,4437226192
1786396077808,8651767808,8651767808,26138968064,4437209808
1786396078019,8651767808,8651767808,26138968064,4437209808
1786396078229,8687386624,8687386624,26174586880,4422906576
1786396078441,8687386624,8687386624,26174586880,4422906576
1786396078651,8687386624,8687386624,26174586880,4422906576
1786396078862,8687386624,8687386624,26174586880,4422906576
1786396079064,8687386624,8687386624,26174586880,4422922960
1786396079275,8668577792,8668577792,26174586880,4422906576
1786396079485,8668577792,8668577792,26174586880,4423201488
1786396079687,8668577792,8668577792,26174586880,4423201488
1786396079898,8668577792,8668577792,26174586880,4423201488
1786396080108,8668577792,8668577792,26174586880,4423217872
1786396080313,8668577792,8668577792,26174586880,4423217872
1786396080518,8668577792,8668577792,26174586880,4423709392
1786396080728,8668577792,8668577792,26174586880,4424315600
1786396080940,8668577792,8668577792,26174586880,4424315600
1786396081151,8668577792,8668577792,26174586880,4424315600
1786396081362,8668577792,8668577792,26174586880,4424331984
1786396081564,8668577792,8668577792,26174586880,4424315600
1786396081766,8668577792,8668577792,26174586880,4424315600
1786396081971,8668577792,8668577792,26174586880,4424331984
1786396082178,8668577792,8668577792,26174586880,4424315600
1786396082388,8668577792,8668577792,26174586880,4424315600
1786396082595,8668577792,8668577792,26174586880,4424315600
1786396082801,8668577792,8668577792,26174586880,4424315600
1786396083012,8668577792,8668577792,26174586880,4424331984
1786396083223,8668577792,8668577792,26174586880,4424331984
1786396083434,8668577792,8668577792,26174586880,4424331984
1786396083645,8668577792,8668577792,26174586880,4424348368
1786396083848,8668577792,8668577792,26174586880,4424348368
1786396084052,8668577792,8668577792,26174586880,4424331984
1786396084263,8668577792,8668577792,26174586880,4424233680
1786396084467,8668577792,8668577792,26174586880,4424233680
1786396084678,8668577792,8668577792,26174586880,4424250064
1786396084885,8668577792,8668577792,26174586880,4424266448
1786396085092,8668577792,8668577792,26174586880,4424250064
1786396085298,8668577792,8668577792,26174586880,4424250064
1786396085500,8668577792,8668577792,26174586880,4424250064
1786396085711,8668577792,8668577792,26174586880,4424266448
1786396085913,8668577792,8668577792,26174586880,4424250064
1786396086122,8668577792,8668577792,26174586880,4424250064
1786396086333,8668577792,8668577792,26174586880,4424250064
1786396086544,8668577792,8668577792,26174586880,4424266448
1786396086755,8668577792,8668577792,26174586880,4424266448
1786396086961,8668577792,8668577792,26174586880,4424266448
1786396087173,8668577792,8668577792,26174586880,4424266448
1786396087382,8668577792,8668577792,26174586880,4424315600
1786396087593,8668577792,8668577792,26174586880,4424315600
1786396087803,8668577792,8668577792,26174586880,4424708816
1786396088014,8668577792,8668577792,26174586880,4424708816
1786396088220,8668577792,8668577792,26174586880,4424725200
1786396088427,8668577792,8668577792,26174586880,4424725200
1786396088635,8668577792,8668577792,26174586880,4424708816
1786396088843,8668577792,8668577792,26174586880,4424823504
1786396089048,8668577792,8668577792,26174586880,4424823504
1786396089255,8668577792,8668577792,26174586880,4424823504
1786396089466,8668577792,8668577792,26174586880,4424823504
1786396089670,8668577792,8668577792,26174586880,4424839888
1786396089881,8668577792,8668577792,26174586880,4424823504
1786396090088,8668577792,8668577792,26174586880,4424954576
1786396090299,8668577792,8668577792,26174586880,4424954576
1786396090503,8668577792,8668577792,26174586880,4424970960
1786396090713,8668577792,8668577792,26174586880,4424970960
1786396090925,8668577792,8668577792,26174586880,4424954576
1786396091128,8668577792,8668577792,26174586880,4424954576
1786396091336,8668577792,8668577792,26174586880,4424954576
1786396091547,8668577792,8668577792,26174586880,4424954576
1786396091758,8668577792,8668577792,26174586880,4424954576
1786396091970,8668577792,8668577792,26174586880,4424954576
1786396092177,8668577792,8668577792,26174586880,4424970960
1786396092382,8668577792,8668577792,26174586880,4424954576
1786396092591,8668577792,8668577792,26174586880,4424954576
1786396092802,8668577792,8668577792,26174586880,4424954576
1786396093008,8668577792,8668577792,26174586880,4424970960
1786396093213,8668577792,8668577792,26174586880,4424954576
1786396093419,8668577792,8668577792,26174586880,4424954576
1786396093620,8668577792,8668577792,26174586880,4424954576
1786396093831,8668577792,8668577792,26174586880,4424954576
1786396094038,8668577792,8668577792,26174586880,4424954576
1786396094249,8650735616,8650735616,26174586880,4424954576
1786396094455,8650735616,8650735616,26174586880,4424954576
1786396094665,8650735616,8650735616,26174586880,4424954576
1786396094866,8650735616,8650735616,26174586880,4424905424
1786396095076,8650735616,8650735616,26174586880,4424905424
1786396095288,8650735616,8650735616,26174586880,4424905424
1786396095496,8650735616,8650735616,26174586880,4424921808
1786396095702,8650735616,8650735616,26174586880,4424905424
1786396095913,8650735616,8650735616,26174586880,4424905424
1786396096124,8650735616,8650735616,26174586880,4424905424
1786396096334,8650735616,8650735616,26174586880,4424905424
1786396096545,8650735616,8650735616,26174586880,4424905424
1786396096753,8650735616,8650735616,26174586880,4424921808
1786396096962,8650735616,8650735616,26174586880,4424905424
1786396097168,8650735616,8650735616,26174586880,4424905424
1786396097378,8650735616,8650735616,26174586880,4424905424
1786396097582,8650735616,8650735616,26174586880,4424905424
1786396097792,8650735616,8650735616,26174586880,4424921808
1786396098000,8650735616,8650735616,26174586880,4424921808
1786396098203,8650735616,8650735616,26174586880,4424905424
1786396098414,8650735616,8650735616,26174586880,4424905424
1786396098622,8650735616,8650735616,26174586880,4424905424
1786396098833,8650735616,8650735616,26174586880,4424905424
1786396099044,8650735616,8650735616,26174586880,4424905424
1786396099254,8650735616,8650735616,26174586880,4424905424
1786396099460,8650735616,8650735616,26174586880,4424905424
1786396099670,8650735616,8650735616,26174586880,4424905424
1786396099876,8650735616,8650735616,26174586880,4424905424
1786396100087,8650735616,8650735616,26174586880,4424905424
1786396100298,8650735616,8650735616,26174586880,4424905424
1786396100509,8650735616,8650735616,26174586880,4424921808
1786396100720,8650735616,8650735616,26174586880,4424921808
1786396100931,8650735616,8650735616,26174586880,4424938192
1786396101135,8650735616,8650735616,26174586880,4424921808
1786396101347,8650735616,8650735616,26174586880,4424921808
1786396101558,8650735616,8650735616,26174586880,4424921808
1786396101768,8650735616,8650735616,26174586880,4424987344
1786396101980,8650735616,8650735616,26174586880,4424987344
1786396102188,8650735616,8650735616,26174586880,4425003728
1786396102396,8650735616,8650735616,26174586880,4424987344
1786396102602,8650735616,8650735616,26174586880,4425003728
1786396102809,8650735616,8650735616,26174586880,4424970960
1786396103016,8650735616,8650735616,26174586880,4424970960
1786396103227,8650735616,8650735616,26174586880,4424987344
1786396103436,8650735616,8650735616,26174586880,4424970960
1786396103645,8650735616,8650735616,26174586880,4424987344
1786396103851,8650735616,8650735616,26174586880,4424970960
1786396104052,8650735616,8650735616,26174586880,4424970960
1786396104260,8650735616,8650735616,26174586880,4424987344
1786396104471,8650735616,8650735616,26174586880,4424987344
1786396104682,8650735616,8650735616,26174586880,4424970960
1786396104893,8650735616,8650735616,26174586880,4424970960
1786396105096,8650735616,8650735616,26174586880,4424970960
1786396105307,8650735616,8650735616,26174586880,4424970960
1786396105528,8650735616,8650735616,26174586880,4424970960
1786396105739,8650735616,8650735616,26174586880,4424970960
1786396105949,8650735616,8650735616,26174586880,4424970960
1786396106158,8650735616,8650735616,26174586880,4424970960
1786396106366,8650735616,8650735616,26174586880,4424970960
1786396106568,8650735616,8650735616,26174586880,4424970960
1786396106783,8650735616,8650735616,26174586880,4424987344
1786396106985,8650735616,8650735616,26174586880,4424970960
1786396107194,8650735616,8650735616,26174586880,4424987344
1786396107403,8650735616,8650735616,26174586880,4424987344
1786396107614,8650735616,8650735616,26174586880,4424970960
1786396107825,8650735616,8650735616,26174586880,4424970960
1786396108032,8650735616,8650735616,26174586880,4424987344
1786396108239,8650735616,8650735616,26174586880,4424987344
1786396108443,8650735616,8650735616,26174586880,4424987344
1786396108649,8650735616,8650735616,26174586880,4424970960
1786396108860,8650735616,8650735616,26174586880,4424970960
1786396109072,8650735616,8650735616,26174586880,4424970960
1786396109283,8650735616,8650735616,26174586880,4424970960
1786396109487,8650735616,8650735616,26174586880,4424970960
1786396109700,8650735616,8650735616,26174586880,4424987344
1786396109911,8650735616,8650735616,26174586880,4424970960
1786396110122,8650735616,8650735616,26174586880,4424970960
1786396110324,8650735616,8650735616,26174586880,4424970960
1786396110530,8650735616,8650735616,26174586880,4424987344
1786396110734,8650735616,8650735616,26174586880,4424987344
1786396110939,8650735616,8650735616,26174586880,4424970960
1786396111148,8650735616,8650735616,26174586880,4424970960
1786396111358,8650735616,8650735616,26174586880,4424970960
1786396111569,8650735616,8650735616,26174586880,4424970960
1786396111792,8650735616,8650735616,26174586880,4424987344
1786396111998,8650735616,8650735616,26174586880,4424987344
1786396112204,8650735616,8650735616,26174586880,4424970960
1786396112415,8650735616,8650735616,26174586880,4424970960
1786396112626,8650735616,8650735616,26174586880,4424970960
1786396112834,8650735616,8650735616,26174586880,4424970960
1786396113045,8650735616,8650735616,26174586880,4424987344
1786396113247,8650735616,8650735616,26174586880,4424970960
1786396113454,8650735616,8650735616,26174586880,4424970960
1786396113665,8650735616,8650735616,26174586880,4424987344
1786396113870,8650735616,8650735616,26174586880,4424970960
1786396114081,8650735616,8650735616,26174586880,4424970960
1786396114287,8650735616,8650735616,26174586880,4424970960
1786396114488,8650735616,8650735616,26174586880,4424970960
1786396114696,8650735616,8650735616,26174586880,4424970960
1786396114908,8650735616,8650735616,26174586880,4424970960
1786396115109,8650735616,8650735616,26174586880,4424970960
1786396115317,8650735616,8650735616,26174586880,4424970960
1786396115529,8650735616,8650735616,26174586880,4424987344
1786396115740,8650735616,8650735616,26174586880,4424970960
1786396115951,8650735616,8650735616,26174586880,4424970960
1786396116155,8650735616,8650735616,26174586880,4424970960
1786396116366,8650735616,8650735616,26174586880,4424970960
1786396116578,8650735616,8650735616,26174586880,4424970960
1786396116782,8650735616,8650735616,26174586880,4424970960
1786396116993,8650735616,8650735616,26174586880,4424970960
1786396117203,8650735616,8650735616,26174586880,4424970960
1786396117414,8650735616,8650735616,26174586880,4424970960
1786396117615,8650735616,8650735616,26174586880,4424970960
1786396117822,8650735616,8650735616,26174586880,4424970960
1786396118024,8650735616,8650735616,26174586880,4424970960
1786396118234,8650735616,8650735616,26174586880,4424970960
1786396118444,8650735616,8650735616,26174586880,4424970960
1786396118647,8650735616,8650735616,26174586880,4424970960
1786396118850,8650735616,8650735616,26174586880,4424970960
1786396119060,8650735616,8650735616,26174586880,4424970960
1786396119270,8650735616,8650735616,26174586880,4424970960
1786396119475,8650735616,8650735616,26174586880,4424970960
1786396119685,8650735616,8650735616,26174586880,4424970960
1786396119895,8650735616,8650735616,26174586880,4424970960
1786396120105,8650735616,8650735616,26174586880,4424970960
1786396120312,8650735616,8650735616,26174586880,4424970960
1786396120512,8650735616,8650735616,26174586880,4424970960
1786396120718,8650735616,8650735616,26174586880,4424970960
1786396120929,8650735616,8650735616,26174586880,4424970960
1786396121134,8650735616,8650735616,26174586880,4424970960
1786396121339,8650735616,8650735616,26174586880,4424970960
1786396121549,8668168192,8668168192,26192019456,4391154384
1786396121756,8668168192,8668168192,26192019456,4391170768
1786396121958,8668168192,8668168192,26192019456,4391170768
1786396122160,8668168192,8668168192,26192019456,4391154384
1786396122361,8668168192,8668168192,26192019456,4391154384
1786396122571,8668168192,8668168192,26192019456,4391154384
1786396122772,8668168192,8668168192,26192019456,4391154384
1786396122983,8668168192,8668168192,26192019456,4391154384
1786396123194,8668168192,8668168192,26192019456,4391154384
1786396123396,8668168192,8668168192,26192019456,4391154384
1786396125451,0,8650342400,26192019456,4391154384
1786396125665,0,8040071168,26192019456,4391154384
1786396125872,0,7421411328,26192019456,4398592720
1786396126083,0,6740885504,26192019456,4398592720
1786396126283,0,6104399872,26192019456,4404720336
1786396126494,0,5436456960,26192019456,4404720336
1786396126704,0,4752785408,26192019456,4404720336
1786396126905,0,4133076992,26192019456,4404720336
1786396127110,0,3481911296,26192019456,4404720336
1786396127315,0,2813968384,26192019456,4404720336
1786396127516,0,2168045568,26192019456,4404736720
1786396127717,0,1533657088,26192019456,4404736720
1786396127928,0,865714176,26192019456,4404736720
1786396128138,0,226082816,26192019456,4404736720
1786396128346,0,0,26192019456,4404736720
1786396128557,0,0,26192019456,4404736720
1786396128769,0,0,26192019456,4404736720
1786396128980,0,0,26192019456,4404736720
1786396129191,0,0,26192019456,4404851408
1786396129401,0,0,26192019456,4404851408
1786396129612,0,0,26192019456,4404851408
1786396129823,0,0,26192019456,4404867792
1786396130027,0,0,26192019456,4404851408
1786396130232,0,0,26192019456,4404851408
1786396130438,0,0,26192019456,4404851408
1786396130644,0,0,26192019456,4404851408
1786396130857,0,0,26192019456,4404867792
1786396131067,0,0,26192019456,4404851408
1786396131275,0,0,26192019456,4404867792
1786396131484,0,0,26192019456,4404851408
1786396131695,0,0,26192019456,4404851408
1786396131907,0,0,26192019456,4404867792
1786396132112,0,0,26192019456,4404851408
1786396132324,0,0,26192019456,4404867792
1786396132525,0,0,26192019456,4404867792
1786396132726,0,0,26192019456,4404867792
1786396132937,0,0,26192019456,4404867792
1786396133146,0,0,26192019456,4404884176
1786396133359,0,0,26192019456,4404867792
1786396133574,0,0,26192019456,4404884176
1786396133785,0,0,26192019456,4404867792
1786396133997,0,0,26192019456,4404884176
1786396134205,0,0,26192019456,4404867792
1786396134413,0,0,26192019456,4404884176
1786396134624,0,0,26192019456,4404867792
1786396134829,0,0,26192019456,4404867792
1786396135040,0,0,26192019456,4404867792
1786396135250,0,0,26192019456,4404884176
1786396135461,0,0,26192019456,4404867792
1786396135672,0,0,26192019456,4404884176
1786396135881,0,0,26192019456,4404867792
1786396136092,0,0,26192019456,4404867792
1786396136296,0,0,26192019456,4404867792
1786396136499,0,0,26192019456,4404867792
1786396136711,0,0,26192019456,4404884176
1786396136920,0,0,26192019456,4404867792
1786396137124,0,0,26192019456,4404867792
1786396137327,0,0,26192019456,4404867792
1786396137538,0,0,26192019456,4404867792
1786396137747,0,0,26192019456,4404867792
1786396137954,0,0,26192019456,4404867792
1786396138159,0,0,26192019456,4404867792
1786396138361,0,0,26192019456,4404867792
1786396138567,0,0,26192019456,4404867792
1786396138779,0,0,26192019456,4404884176
1786396138992,0,0,26192019456,4404884176
1786396139195,0,0,26192019456,4404867792
1786396139398,0,0,26192019456,4404867792
1786396139609,0,0,26192019456,4404867792
1786396139820,0,0,26192019456,4404867792
1786396140032,0,0,26192019456,4404884176
1786396140241,0,0,26192019456,4404867792
1786396140449,0,0,26192019456,4404867792
1786396140660,0,0,26192019456,4404867792
1786396140870,0,0,26192019456,4404867792
1786396141081,0,0,26192019456,4404867792
1786396141291,0,0,26192019456,4404867792
1786396141502,0,0,26192019456,4404867792
1786396141713,0,0,26192019456,4404867792
1786396141921,0,0,26192019456,4404867792
1786396142133,0,0,26192019456,4404867792
1786396142336,0,0,26192019456,4404867792
1786396142539,0,0,26192019456,4404867792
1786396142755,0,0,26192019456,4404867792
1786396142965,0,0,26192019456,4404867792
1786396143176,0,0,26192019456,4404867792
1786396143387,0,0,26192019456,4404867792
1786396143596,0,0,26192019456,4404884176
1786396143806,0,0,26192019456,4404867792
1786396144016,0,0,26192019456,4404867792
1786396144222,0,0,26192019456,4404867792
1786396144433,0,0,26192019456,4404867792
1786396144638,0,0,26192019456,4404884176
1786396144846,0,0,26192019456,4404867792
1786396145052,0,0,26192019456,4404884176
1786396145256,0,0,26192019456,4404867792
1786396145467,0,0,26192019456,4404867792
1786396145678,0,0,26192019456,4404884176
1786396145889,0,0,26192019456,4404867792
1786396146100,0,0,26192019456,4404867792
1786396146311,0,0,26192019456,4404867792
1786396146513,0,0,26192019456,4404867792
1786396146725,0,0,26192019456,4404867792
1786396146932,0,0,26192019456,4404867792
1786396147136,0,0,26192019456,4404867792
1786396147346,0,0,26192019456,4404867792
1786396147557,0,0,26192019456,4404867792
1786396147767,0,0,26192019456,4404867792
1786396147972,0,0,26192019456,4404867792
1786396148183,0,0,26192019456,4404867792
1786396148395,0,0,26192019456,4404867792
1786396148605,0,0,26192019456,4404867792
1786396148816,0,0,26192019456,4404867792
1786396149027,0,0,26192019456,4404867792
1786396149238,0,0,26192019456,4404884176
1786396149447,0,0,26192019456,4404884176
1786396149651,0,0,26192019456,4404884176
1786396149862,0,0,26192019456,4404884176
1786396150073,0,0,26192019456,4404884176
1786396150284,0,0,26192019456,4404884176
1786396150495,0,0,26192019456,4404884176
1786396150703,0,0,26192019456,4404900560
1786396150914,0,0,26192019456,4404884176
1786396151124,0,0,26192019456,4404884176
1786396151336,0,0,26192019456,4404884176
1786396151546,0,0,26192019456,4404884176
1786396151757,0,0,26192019456,4404884176
1786396151961,0,0,26192019456,4404884176
1786396152171,0,0,26192019456,4404884176
1786396152383,0,0,26192019456,4404900560
1786396152592,0,0,26192019456,4404884176
1786396152803,0,0,26192019456,4404884176
1786396153014,0,0,26192019456,4404884176
1786396153220,0,0,26192019456,4404884176
1786396153431,0,0,26192019456,4404884176
1786396153637,0,0,26192019456,4404884176
1786396153842,0,0,26192019456,4404884176
1786396154053,0,0,26192019456,4404884176
1786396154262,0,0,26192019456,4404884176
1786396154473,0,0,26192019456,4404884176
1786396154684,0,0,26192019456,4404884176
1786396154895,0,0,26192019456,4404900560
1786396155107,0,0,26192019456,4404884176
1786396155310,0,0,26192019456,4404900560
1786396155520,0,0,26192019456,4404884176
1786396155731,0,0,26192019456,4404884176
1786396155942,0,0,26192019456,4404884176
1786396156152,0,0,26192019456,4404884176
1786396156356,0,0,26192019456,4404884176
1786396156564,0,0,26192019456,4404884176
1786396156766,0,0,26192019456,4404884176
1786396156977,0,0,26192019456,4404900560
1786396157183,0,0,26192019456,4404884176
1786396157392,0,0,26192019456,4404884176
1786396157594,0,0,26192019456,4404900560
1786396157805,0,0,26192019456,4404900560
1786396158008,0,0,26192019456,4404900560
1786396158219,0,0,26192019456,4404900560
1786396158428,0,0,26192019456,4404900560
1786396158637,0,0,26192019456,4404916944
1786396158845,0,0,26192019456,4404916944
1786396159056,0,0,26192019456,4404916944
1786396159267,0,0,26192019456,4404916944
1786396159473,0,0,26192019456,4404916944
1786396159685,0,0,26192019456,4404916944
1786396159886,0,0,26192019456,4404916944
1786396160096,0,0,26192019456,4404916944
1786396160307,0,0,26192019456,4404916944
1786396160515,0,0,26192019456,4404916944
1786396160726,0,0,26192019456,4404933328
1786396160933,0,0,26192019456,4404933328
1786396161144,0,0,26192019456,4404933328
1786396161355,0,0,26192019456,4404933328
1786396161561,0,0,26192019456,4404933328
1786396161772,0,0,26192019456,4404933328
1786396161983,0,0,26192019456,4404933328
1786396162194,0,0,26192019456,4404933328
1786396162405,0,0,26192019456,4404933328
1786396162614,0,0,26192019456,4404933328
1786396162825,0,0,26192019456,4404933328
1786396163027,0,0,26192019456,4404933328
1786396163234,0,0,26192019456,4404933328
1786396163443,0,0,26192019456,4404933328
1786396163645,0,0,26192019456,4404949712
1786396163856,0,0,26192019456,4404949712
1786396164068,0,0,26192019456,4404966096
1786396164270,0,0,26192019456,4404949712
1786396164475,0,0,26192019456,4404966096
1786396164676,0,0,26192019456,4404966096
1786396164887,0,0,26192019456,4404966096
1786396165093,0,0,26192019456,4404966096
1786396165304,0,0,26192019456,4404966096
1786396165514,0,0,26192019456,4404966096
1786396165722,0,0,26192019456,4404966096
1786396165933,0,0,26192019456,4404966096
1786396166139,0,0,26192019456,4404982480
1786396166350,0,0,26192019456,4404966096
1786396166561,0,0,26192019456,4404966096
1786396166769,0,0,26192019456,4404966096
1786396166973,0,0,26192019456,4404966096
1786396167183,0,0,26192019456,4404966096
1786396167395,0,0,26192019456,4404966096
1786396167597,0,0,26192019456,4404966096
1786396167804,0,0,26192019456,4404966096
1786396168015,0,0,26192019456,4405031632
1786396168226,0,0,26192019456,4405048016
1786396168437,0,0,26192019456,4405031632
1786396168646,0,0,26192019456,4405048016
1786396168848,0,0,26192019456,4405031632
1786396169050,0,0,26192019456,4405031632
1786396169251,0,0,26192019456,4405031632
1786396169463,0,0,26192019456,4405048016
1786396169666,0,0,26192019456,4405048016
1786396169878,0,0,26192019456,4405031632
1786396170086,0,0,26192019456,4405048016
1786396170297,0,0,26192019456,4405031632
1786396170508,0,0,26192019456,4405031632
1786396170717,0,0,26192019456,4405048016
1786396170926,0,0,26192019456,4405031632
1786396171129,0,0,26192019456,4405031632
1786396171339,0,0,26192019456,4405080784
1786396171546,0,0,26192019456,4405080784
1786396171756,0,0,26192019456,4405080784
1786396171965,0,0,26192019456,4405080784
1786396172168,0,0,26192019456,4405080784
1786396172378,0,0,26192019456,4405080784
1786396172582,0,0,26192019456,4405080784
1786396172793,0,0,26192019456,4405080784
1786396173004,0,0,26192019456,4405080784
1786396173215,0,0,26192019456,4405097168
1786396173423,0,0,26192019456,4405097168
1786396173634,0,0,26192019456,4405080784
1786396173841,0,0,26192019456,4405080784
1786396174050,0,0,26192019456,4405080784
1786396174261,0,0,26192019456,4405080784
1786396174463,0,0,26192019456,4405080784
1786396174666,0,0,26192019456,4405080784
1786396174877,0,0,26192019456,4405080784
1786396175084,0,0,26192019456,4405080784
1786396175295,0,0,26192019456,4405080784
1786396175501,0,0,26192019456,4405080784
1786396175711,0,0,26192019456,4405080784
1786396175922,0,0,26192019456,4405195472
1786396176132,0,0,26192019456,4405195472
1786396176341,0,0,26192019456,4405195472
1786396176546,0,0,26192019456,4405195472
1786396176754,0,0,26192019456,4405195472
1786396176965,0,0,26192019456,4405211856
1786396177176,0,0,26192019456,4405211856
1786396177383,0,0,26192019456,4405228240
1786396177588,0,0,26192019456,4405228240
1786396177794,0,0,26192019456,4405211856
1786396178004,0,0,26192019456,4405211856
1786396178215,0,0,26192019456,4405211856
1786396178426,0,0,26192019456,4405228240
1786396178635,0,0,26192019456,4405211856
1786396178840,0,0,26192019456,4405211856
1786396179051,0,0,26192019456,4405228240
1786396179261,0,0,26192019456,4405211856
1786396179473,0,0,26192019456,4405228240
1786396179678,0,0,26192019456,4405211856
1786396179883,0,0,26192019456,4405211856
1786396180101,0,0,26192019456,4405228240
1786396180303,0,0,26192019456,4405211856
1786396180513,0,0,26192019456,4405211856
1786396180724,0,0,26192019456,4405211856
1786396180926,0,0,26192019456,4405211856
1786396181138,0,0,26192019456,4405211856
1786396181340,0,0,26192019456,4405211856
1786396181548,0,0,26192019456,4405293776
1786396181759,0,0,26192019456,4405293776
1786396181970,0,0,26192019456,4405310160
1786396182181,0,0,26192019456,4405310160
1786396182384,0,0,26192019456,4405310160
1786396182590,0,0,26192019456,4405293776
1786396182800,0,0,26192019456,4405326544
1786396183011,0,0,26192019456,4405326544
1786396183219,0,0,26192019456,4405326544
1786396183429,0,0,26192019456,4405342928
1786396183634,0,0,26192019456,4405326544
1786396183835,0,0,26192019456,4405326544
1786396184046,0,0,26192019456,4405326544
1786396184255,0,0,26192019456,4405326544
1786396184465,0,0,26192019456,4405326544
1786396184666,0,0,26192019456,4405326544
1786396184877,0,0,26192019456,4405326544
1786396185088,0,0,26192019456,4405326544
1786396185299,0,0,26192019456,4405342928
1786396185886,0,0,26192019456,4408341200
1786396186107,0,0,26192019456,4408341200
1786396186327,0,0,26192019456,4408341200
1786396186538,0,0,26192019456,4408341200
1786396186745,0,0,26192019456,4408341200
1786396186956,0,0,26192019456,4408341200
1786396187166,0,0,26192019456,4408341200
1786396187373,0,0,26192019456,4408341200
1786396187582,0,0,26192019456,4408341200
1786396187793,0,0,26192019456,4408341200
1786396187999,0,0,26192019456,4408341200
1786396188207,0,0,26192019456,4408341200
1786396188418,0,0,26192019456,4408341200
1786396188621,0,0,26192019456,4408357584
1786396188824,0,0,26192019456,4408357584
1786396189034,0,0,26192019456,4408341200
1786396189248,0,0,26192019456,4408341200
1786396189458,0,0,26192019456,4408341200
1786396189663,0,0,26192019456,4408341200
1786396189867,0,0,26192019456,4408341200
1786396190079,0,0,26192019456,4408341200
1786396190289,0,0,26192019456,4408357584
1786396190496,0,0,26192019456,4408341200
1786396190704,0,0,26192019456,4408341200
1786396190915,0,0,26192019456,4408357584
1786396191122,0,0,26192019456,4408341200
1786396191328,0,0,26192019456,4408341200
1786396191540,0,0,26192019456,4408341200
1786396191745,0,0,26192019456,4408341200
1786396191957,0,0,26192019456,4408341200
1786396192165,0,0,26192019456,4408341200
1786396192372,0,0,26192019456,4408341200
1786396192583,0,0,26192019456,4408341200
1786396192789,0,0,26192019456,4408341200
1786396192999,0,0,26192019456,4408341200
1786396193209,0,0,26192019456,4408341200
1786396193411,0,0,26192019456,4408341200
1786396193621,0,0,26192019456,4408341200
1786396193831,0,0,26192019456,4408341200
1786396194041,0,0,26192019456,4408341200
1786396194242,0,0,26192019456,4408341200
1786396194445,0,0,26192019456,4408341200
1786396194654,0,0,26192019456,4408341200
1786396194865,0,0,26192019456,4408341200
1786396195075,0,0,26192019456,4408341200
1786396195283,0,0,26192019456,4408357584
1786396195485,0,0,26192019456,4408341200
1786396195695,0,0,26192019456,4408341200
1786396195901,0,0,26192019456,4408341200
1786396196109,0,0,26192019456,4408341200
1786396196319,0,0,26192019456,4408341200
1786396196529,0,0,26192019456,4408341200
1786396196736,0,0,26192019456,4408341200
1786396196946,0,0,26192019456,4408373968
1786396197149,0,0,26192019456,4408341200
1786396197359,0,0,26192019456,4408341200
1786396197569,0,0,26192019456,4408341200
1786396197780,0,0,26192019456,4408341200
1786396197990,0,0,26192019456,4408341200
1786396198201,0,0,26192019456,4408341200
1786396198411,0,0,26192019456,4408341200
1786396198614,0,0,26192019456,4408341200
1786396198819,0,0,26192019456,4408357584
1786396199025,0,0,26192019456,4408341200
1786396199236,0,0,26192019456,4408341200
1786396199437,0,0,26192019456,4408341200
1786396199639,0,0,26192019456,4408341200
1786396199849,0,0,26192019456,4408341200
1786396200056,0,0,26192019456,4408341200
1786396200267,0,0,26192019456,4408341200
1786396200478,0,0,26192019456,4408341200
1786396200683,0,0,26192019456,4408341200
1786396200894,0,0,26192019456,4408341200
1786396201105,0,0,26192019456,4408341200
1786396201308,0,0,26192019456,4408341200
1786396201519,0,0,26192019456,4408341200
1786396201721,0,0,26192019456,4408341200
1786396201932,0,0,26192019456,4408341200
1786396202143,0,0,26192019456,4408341200
1786396202350,0,0,26192019456,4408341200
1786396202553,0,0,26192019456,4408341200
1786396202761,0,0,26192019456,4408341200
1786396202972,0,0,26192019456,4408341200
1786396203176,0,0,26192019456,4408341200
1786396203388,0,0,26192019456,4408357584
1786396203596,0,0,26192019456,4408341200
1786396203801,0,0,26192019456,4408341200
1786396204003,0,0,26192019456,4408341200
1786396204214,0,0,26192019456,4408341200
1786396204425,0,0,26192019456,4408341200
1786396204632,0,0,26192019456,4408341200
1786396204843,0,0,26192019456,4408341200
1786396205054,0,0,26192019456,4408341200
1786396205265,0,0,26192019456,4408341200
1786396205475,0,0,26192019456,4408357584
1786396205686,0,0,26192019456,4408341200
1786396205898,0,0,26192019456,4408341200
1786396206106,0,0,26192019456,4408341200
1786396206318,0,0,26192019456,4408341200
1786396206529,0,0,26192019456,4408341200
1786396206737,0,0,26192019456,4408341200
1786396206948,0,0,26192019456,4408341200
1786396207154,0,0,26192019456,4408341200
1786396207361,0,0,26192019456,4408341200
1786396207561,0,0,26192019456,4408341200
1786396207765,0,0,26192019456,4408341200
1786396207976,0,0,26192019456,4408341200
1786396208179,0,0,26192019456,4408357584
1786396208390,0,0,26192019456,4408357584
1786396208595,0,0,26192019456,4408341200
1786396208806,0,0,26192019456,4408357584
1786396209017,0,0,26192019456,4408341200
1786396209221,0,0,26192019456,4408341200
1786396209426,0,0,26192019456,4408357584
1786396209635,0,0,26192019456,4408357584
1786396209838,0,0,26192019456,4408357584
1786396210046,0,0,26192019456,4408357584
1786396210252,0,0,26192019456,4408373968
1786396210460,0,0,26192019456,4408357584
1786396210666,0,0,26192019456,4408357584
1786396210867,0,0,26192019456,4408357584
1786396211078,0,0,26192019456,4408357584
1786396211296,0,0,26192019456,4408373968
1786396211507,0,0,26192019456,4408357584
1786396211718,0,0,26192019456,4408357584
1786396211927,0,0,26192019456,4408357584
1786396212139,0,0,26192019456,4408373968
1786396212349,0,0,26192019456,4408373968
1786396212558,0,0,26192019456,4408357584
1786396212768,0,0,26192019456,4408357584
1786396212974,0,0,26192019456,4408357584
1786396213178,0,0,26192019456,4408357584
1786396213389,0,0,26192019456,4408357584
1786396213592,0,0,26192019456,4408357584
1786396213799,0,0,26192019456,4408357584
1786396214008,0,0,26192019456,4408357584
1786396214219,0,0,26192019456,4408357584
1786396214423,0,0,26192019456,4408357584
1786396214634,0,0,26192019456,4408357584
1786396214844,0,0,26192019456,4408357584
1786396215055,0,0,26192019456,4408390352
1786396215258,0,0,26192019456,4408357584
1786396215468,0,0,26192019456,4408357584
1786396215679,0,0,26192019456,4408357584
1786396215890,0,0,26192019456,4408357584
1786396216096,0,0,26192019456,4408357584
1786396216299,0,0,26192019456,4408521424
1786396216505,0,0,26192019456,4408521424
1786396216716,0,0,26192019456,4408554192
1786396216920,0,0,26192019456,4408554192
1786396217127,0,0,26192019456,4408554192
1786396217333,0,0,26192019456,4408554192
1786396217544,0,0,26192019456,4408554192
1786396217754,0,0,26192019456,4408554192
1786396217968,0,0,26192019456,4408570576
1786396218174,0,0,26192019456,4408554192
1786396218385,0,0,26192019456,4408554192
1786396218596,0,0,26192019456,4408554192
1786396218801,0,0,26192019456,4408554192
1786396219012,0,0,26192019456,4408554192
1786396219217,0,0,26192019456,4408554192
1786396219429,0,0,26192019456,4408554192
1786396219632,0,0,26192019456,4408554192
1786396219836,0,0,26192019456,4408554192
1786396220047,0,0,26192019456,4408554192
1786396220257,0,0,26192019456,4408554192
1786396220468,0,0,26192019456,4408554192
1786396220680,0,0,26192019456,4408554192
1786396220889,0,0,26192019456,4408554192
1786396221093,0,0,26192019456,4408554192
1786396221295,0,0,26192019456,4408554192
1786396221507,0,0,26192019456,4408586960
1786396221711,0,0,26192019456,4408603344
1786396221920,0,0,26192019456,4408603344
1786396222127,0,0,26192019456,4408586960
1786396222331,0,0,26192019456,4408586960
1786396222542,0,0,26192019456,4408586960
1786396222751,0,0,26192019456,4408586960
1786396222959,0,0,26192019456,4408586960
1786396223164,0,0,26192019456,4408586960
1786396223367,0,0,26192019456,4408586960
1786396223578,0,0,26192019456,4408586960
1786396223791,0,0,26192019456,4408603344
1786396224004,0,0,26192019456,4408603344
1786396224209,0,0,26192019456,4408586960
1786396224419,0,0,26192019456,4408586960
1786396224629,0,0,26192019456,4408586960
1786396224841,0,0,26192019456,4408586960
1786396225045,0,0,26192019456,4408586960
1786396225256,0,0,26192019456,4408586960
1786396225463,0,0,26192019456,4408603344
1786396225668,0,0,26192019456,4408586960
1786396225879,0,0,26192019456,4408586960
1786396226083,0,0,26192019456,4408586960
1786396226294,0,0,26192019456,4408586960
1786396226496,0,0,26192019456,4408603344
1786396226704,0,0,26192019456,4408586960
1786396226915,0,0,26192019456,4408586960
1786396227119,0,0,26192019456,4408586960
1786396227330,0,0,26192019456,4408586960
1786396227534,0,0,26192019456,4408586960
1786396227739,0,0,26192019456,4408586960
1786396227950,0,0,26192019456,4408586960
1786396228160,0,0,26192019456,4408586960
1786396228371,0,0,26192019456,4408586960
1786396228580,0,0,26192019456,4408586960
1786396228783,0,0,26192019456,4408603344
1786396228987,0,0,26192019456,4408586960
1786396229198,0,0,26192019456,4408586960
1786396229409,0,0,26192019456,4408586960
1786396229615,0,0,26192019456,4408586960
1786396229817,0,0,26192019456,4408586960
1786396230028,0,0,26192019456,4408586960
1786396230239,0,0,26192019456,4408586960
1786396230449,0,0,26192019456,4408586960
1786396230660,0,0,26192019456,4408603344
1786396230869,0,0,26192019456,4408586960
1786396231080,0,0,26192019456,4408586960
1786396231289,0,0,26192019456,4408586960
1786396231496,0,0,26192019456,4408586960
1786396231707,0,0,26192019456,4408586960
1786396231915,0,0,26192019456,4408586960
1786396232119,0,0,26192019456,4408586960
1786396232321,0,0,26192019456,4408586960
1786396232522,0,0,26192019456,4408586960
1786396232733,0,0,26192019456,4408603344
1786396232936,0,0,26192019456,4408586960
1786396233145,0,0,26192019456,4408603344
1786396233356,0,0,26192019456,4408586960
1786396233561,0,0,26192019456,4408586960
1786396233772,0,0,26192019456,4408603344
1786396233983,0,0,26192019456,4408603344
1786396234193,0,0,26192019456,4408603344
1786396234396,0,0,26192019456,4408586960
1786396234606,0,0,26192019456,4408603344
1786396234815,0,0,26192019456,4408586960
1786396235026,0,0,26192019456,4408586960
1786396235237,0,0,26192019456,4408586960
1786396235452,0,0,26192019456,4408603344
1786396235660,0,0,26192019456,4408586960
1786396235867,0,0,26192019456,4408586960
1786396236078,0,0,26192019456,4408586960
1786396236289,0,0,26192019456,4408586960
1786396236500,0,0,26192019456,4408603344
1786396236706,0,0,26192019456,4408603344
1786396236915,0,0,26192019456,4408586960
1786396237125,0,0,26192019456,4408586960
1786396237336,0,0,26192019456,4408586960
1786396237546,0,0,26192019456,4408586960
1786396237758,0,0,26192019456,4408586960
1786396237959,0,0,26192019456,4408586960
1786396238166,0,0,26192019456,4408603344
1786396238376,0,0,26192019456,4408603344
1786396238586,0,0,26192019456,4408603344
1786396238798,0,0,26192019456,4408619728
1786396239007,0,0,26192019456,4408603344
1786396239210,0,0,26192019456,4408619728
1786396239416,0,0,26192019456,4408619728
1786396239627,0,0,26192019456,4408619728
1786396239838,0,0,26192019456,4408619728
1786396240046,0,0,26192019456,4408636112
1786396240248,0,0,26192019456,4408619728
1786396240454,0,0,26192019456,4408619728
1786396240656,0,0,26192019456,4408619728
1786396240867,0,0,26192019456,4408619728
1786396241077,0,0,26192019456,4408619728
1786396241280,0,0,26192019456,4408619728
1786396241487,0,0,26192019456,4408619728
1786396241696,0,0,26192019456,4408619728
1786396241907,0,0,26192019456,4408619728
1786396242109,0,0,26192019456,4408619728
1786396242319,0,0,26192019456,4408619728
1786396242528,0,0,26192019456,4408619728
1786396242738,0,0,26192019456,4408619728
1786396242949,0,0,26192019456,4408619728
1786396243160,0,0,26192019456,4408619728
1786396243370,0,0,26192019456,4408619728
1786396243581,0,0,26192019456,4408619728
1786396243789,0,0,26192019456,4408619728
1786396243995,0,0,26192019456,4408619728
1786396244205,0,0,26192019456,4408619728
1786396244414,0,0,26192019456,4408619728
1786396244625,0,0,26192019456,4408619728
1786396244837,0,0,26192019456,4408619728
1786396245039,0,0,26192019456,4408619728
1786396245250,0,0,26192019456,4408619728
1786396245461,0,0,26192019456,4408619728
1786396245672,0,0,26192019456,4408619728
1786396245876,0,0,26192019456,4408619728
1786396246106,0,0,26192019456,4408619728
1786396246316,0,0,26192019456,4408619728
1786396246520,0,0,26192019456,4408734416
1786396246730,0,0,26192019456,4408734416
1786396246940,0,0,26192019456,4408734416
1786396247145,0,0,26192019456,4408734416
1786396247356,0,0,26192019456,4408734416
1786396247558,0,0,26192019456,4408734416
1786396247769,0,0,26192019456,4408734416
1786396247979,0,0,26192019456,4408734416
1786396248189,0,0,26192019456,4408734416
1786396248400,0,0,26192019456,4408734416
1786396248607,0,0,26192019456,4408734416
1786396248818,0,0,26192019456,4408734416
1786396249028,0,0,26192019456,4408734416
1786396249238,0,0,26192019456,4408734416
1786396249449,0,0,26192019456,4408734416
1786396249659,0,0,26192019456,4408734416
1786396249862,0,0,26192019456,4408734416
1786396250069,0,0,26192019456,4408734416
1786396250276,0,0,26192019456,4408734416
1786396250477,0,0,26192019456,4408734416
1786396250688,0,0,26192019456,4408734416
1786396250898,0,0,26192019456,4408734416
1786396251109,0,0,26192019456,4408734416
1786396251320,0,0,26192019456,4408734416
1786396251524,0,0,26192019456,4408750800
1786396251729,0,0,26192019456,4408734416
1786396251939,0,0,26192019456,4408734416
1786396252151,0,0,26192019456,4408750800
1786396252353,0,0,26192019456,4408734416
1786396252557,0,0,26192019456,4408734416
1786396252767,0,0,26192019456,4408734416
1786396252969,0,0,26192019456,4408734416
1786396253181,0,0,26192019456,4408734416
1786396253391,0,0,26192019456,4408734416
1786396253603,0,0,26192019456,4408750800
1786396253809,0,0,26192019456,4408750800
1786396254015,0,0,26192019456,4408734416
1786396254227,0,0,26192019456,4408734416
1786396254433,0,0,26192019456,4408750800
1786396254640,0,0,26192019456,4408750800
1786396254841,0,0,26192019456,4408734416
1786396255045,0,0,26192019456,4408734416
1786396255256,0,0,26192019456,4408734416
1786396255467,0,0,26192019456,4408734416
1786396255678,0,0,26192019456,4408734416
1786396255883,0,0,26192019456,4408734416
1786396256090,0,0,26192019456,4408734416
1786396256302,0,0,26192019456,4408734416
1786396256514,0,0,26192019456,4408734416
1786396256725,0,0,26192019456,4408734416
1786396256931,0,0,26192019456,4408734416
1786396257142,0,0,26192019456,4408750800
1786396257345,0,0,26192019456,4408734416
1786396257546,0,0,26192019456,4408734416
1786396257748,0,0,26192019456,4408734416
1786396257959,0,0,26192019456,4408734416
1786396258170,0,0,26192019456,4408734416
1786396258378,0,0,26192019456,4408734416
1786396258581,0,0,26192019456,4408734416
1786396258792,0,0,26192019456,4408734416
1786396259002,0,0,26192019456,4408734416
1786396259211,0,0,26192019456,4408750800
1786396259422,0,0,26192019456,4408734416
1786396259631,0,0,26192019456,4408734416
1786396259842,0,0,26192019456,4408734416
1786396260050,0,0,26192019456,4408734416
1786396260264,0,0,26192019456,4408734416
1786396260475,0,0,26192019456,4408734416
1786396260683,0,0,26192019456,4408734416
1786396260902,0,0,26192019456,4408734416
1786396261106,0,0,26192019456,4408734416
1786396261317,0,0,26192019456,4408734416
1786396261522,0,0,26192019456,4408750800
1786396261727,0,0,26192019456,4408734416
1786396261935,0,0,26192019456,4408734416
1786396262146,0,0,26192019456,4408734416
1786396262357,0,0,26192019456,4408734416
1786396262567,0,0,26192019456,4408750800
1786396262778,0,0,26192019456,4408734416
1786396262988,0,0,26192019456,4408734416
1786396263194,0,0,26192019456,4408734416
1786396263405,0,0,26192019456,4408734416
1786396263611,0,0,26192019456,4408734416
1786396263814,0,0,26192019456,4408734416
1786396264017,0,0,26192019456,4408734416
1786396264227,0,0,26192019456,4408734416
1786396264432,0,0,26192019456,4408734416
1786396264643,0,0,26192019456,4408734416
1786396264854,0,0,26192019456,4408734416
1786396265064,0,0,26192019456,4408734416
1786396265273,0,0,26192019456,4408734416
1786396265481,0,0,26192019456,4408734416
1786396265692,0,0,26192019456,4408734416
1786396265895,0,0,26192019456,4408734416
1786396266105,0,0,26192019456,4408750800
1786396266334,0,0,26192019456,4408734416
1786396266545,0,0,26192019456,4408734416
1786396266751,0,0,26192019456,4408734416
1786396266954,0,0,26192019456,4408734416
1786396267165,0,0,26192019456,4408750800
1786396267373,0,0,26192019456,4408734416
1786396267583,0,0,26192019456,4408734416
1786396267794,0,0,26192019456,4408734416
1786396267999,0,0,26192019456,4408734416
1786396268201,0,0,26192019456,4408734416
1786396268407,0,0,26192019456,4408734416
1786396268617,0,0,26192019456,4408734416
1786396268819,0,0,26192019456,4408734416
1786396269030,0,0,26192019456,4408734416
1786396269240,0,0,26192019456,4408734416
1786396269445,0,0,26192019456,4408734416
1786396269656,0,0,26192019456,4408734416
1786396269857,0,0,26192019456,4408734416
1786396270064,0,0,26192019456,4408734416
1786396270269,0,0,26192019456,4408734416
1786396270480,0,0,26192019456,4408734416
1786396270690,0,0,26192019456,4408734416
1786396270894,0,0,26192019456,4408734416
1786396271104,0,0,26192019456,4408734416
1786396271314,0,0,26192019456,4408750800
1786396271524,0,0,26192019456,4408734416
1786396271726,0,0,26192019456,4408734416
1786396271934,0,0,26192019456,4408734416
1786396272142,0,0,26192019456,4408734416
1786396272352,0,0,26192019456,4408734416
1786396272563,0,0,26192019456,4408734416
1786396272767,0,0,26192019456,4408734416
1786396272978,0,0,26192019456,4408734416
1786396273178,0,0,26192019456,4408734416
1786396273389,0,0,26192019456,4408734416
1786396273597,0,0,26192019456,4408734416
1786396273804,0,0,26192019456,4408734416
1786396274015,0,0,26192019456,4408734416
1786396274217,0,0,26192019456,4408734416
1786396274428,0,0,26192019456,4408734416
1786396274640,0,0,26192019456,4408734416
1786396274843,0,0,26192019456,4408750800
1786396275047,0,0,26192019456,4408734416
1786396275257,0,0,26192019456,4408734416
1786396275463,0,0,26192019456,4408734416
1786396275674,0,0,26192019456,4408734416
1786396275882,0,0,26192019456,4408734416
1786396276091,0,0,26192019456,4408734416
1786396276301,0,0,26192019456,4408734416
1786396276519,0,0,26192019456,4408734416
1786396276729,0,0,26192019456,4408734416
1786396276940,0,0,26192019456,4408750800
1786396277151,0,0,26192019456,4408750800
1786396277356,0,0,26192019456,4408734416
1786396277567,0,0,26192019456,4408734416
1786396277769,0,0,26192019456,4408734416
1786396277974,0,0,26192019456,4408734416
1786396278185,0,0,26192019456,4408734416
1786396278387,0,0,26192019456,4408734416
1786396278596,0,0,26192019456,4408734416
1786396278807,0,0,26192019456,4408734416
1786396279016,0,0,26192019456,4408734416
1786396279233,0,0,26192019456,4408734416
1786396279439,0,0,26192019456,4408734416
1786396279640,0,0,26192019456,4408734416
1786396279851,0,0,26192019456,4408734416
1786396280062,0,0,26192019456,4408734416
1786396280273,0,0,26192019456,4408734416
1786396280489,0,0,26192019456,4408734416
1786396280693,0,0,26192019456,4408734416
1786396280904,0,0,26192019456,4408734416
1786396281115,0,0,26192019456,4408734416
1786396281326,0,0,26192019456,4408734416
1786396281538,0,0,26192019456,4408750800
1786396281740,0,0,26192019456,4408734416
1786396281950,0,0,26192019456,4408734416
1786396282161,0,0,26192019456,4408750800
1786396282365,0,0,26192019456,4408750800
1786396282572,0,0,26192019456,4408750800
1786396282781,0,0,26192019456,4408734416
1786396282988,0,0,26192019456,4408734416
1786396283190,0,0,26192019456,4408734416
1786396283401,0,0,26192019456,4408734416
1786396283606,0,0,26192019456,4408734416
1786396283812,0,0,26192019456,4408734416
1786396284022,0,0,26192019456,4408734416
1786396284223,0,0,26192019456,4408734416
1786396284434,0,0,26192019456,4408734416
1786396284639,0,0,26192019456,4408734416
1786396284850,0,0,26192019456,4408750800
1786396285062,0,0,26192019456,4408750800
1786396285267,0,0,26192019456,4408734416
1786396285475,0,0,26192019456,4408734416
1786396285679,0,0,26192019456,4408734416
1786396285886,0,0,26192019456,4408750800
1786396286092,0,0,26192019456,4408734416
1786396286294,0,0,26192019456,4408734416
1786396286501,0,0,26192019456,4408734416
1786396286723,0,0,26192019456,4408750800
1786396286934,0,0,26192019456,4408734416
1786396287144,0,0,26192019456,4408734416
1786396287355,0,0,26192019456,4408750800
1786396287560,0,0,26192019456,4408734416
1786396287761,0,0,26192019456,4408734416
1786396287970,0,0,26192019456,4408734416
1786396288174,0,0,26192019456,4408734416
1786396288384,0,0,26192019456,4408734416
1786396288592,0,0,26192019456,4408734416
1786396288796,0,0,26192019456,4408734416
1786396289003,0,0,26192019456,4408734416
1786396289214,0,0,26192019456,4408734416
1786396289424,0,0,26192019456,4408750800
1786396289628,0,0,26192019456,4408734416
1786396289839,0,0,26192019456,4408734416
1786396290046,0,0,26192019456,4408734416
1786396290257,0,0,26192019456,4408750800
1786396290464,0,0,26192019456,4408734416
1786396290675,0,0,26192019456,4408734416
1786396290883,0,0,26192019456,4408734416
1786396291092,0,0,26192019456,4408816336
1786396291302,0,0,26192019456,4408816336
1786396291512,0,0,26192019456,4408816336
1786396291724,0,0,26192019456,4408816336
1786396291935,0,0,26192019456,4408816336
1786396292143,0,0,26192019456,4408816336
1786396292352,0,0,26192019456,4408816336
1786396292556,0,0,26192019456,4408816336
1786396292767,0,0,26192019456,4408832720
1786396292975,0,0,26192019456,4408816336
1786396293182,0,0,26192019456,4408816336
1786396293393,0,0,26192019456,4408816336
1786396293604,0,0,26192019456,4408832720
1786396293815,0,0,26192019456,4408816336
1786396294026,0,0,26192019456,4408816336
1786396294227,0,0,26192019456,4408816336
1786396294438,0,0,26192019456,4408816336
1786396294650,0,0,26192019456,4408832720
1786396294862,0,0,26192019456,4408816336
1786396295064,0,0,26192019456,4408816336
1786396295275,0,0,26192019456,4408816336
1786396295478,0,0,26192019456,4408816336
1786396295688,0,0,26192019456,4408816336
1786396295896,0,0,26192019456,4408816336
1786396296102,0,0,26192019456,4408816336
1786396296309,0,0,26192019456,4408816336
1786396296513,0,0,26192019456,4408816336
1786396296726,0,0,26192019456,4408816336
1786396296937,0,0,26192019456,4408816336
1786396297145,0,0,26192019456,4408816336
1786396297354,0,0,26192019456,4408816336
1786396297565,0,0,26192019456,4408816336
1786396297775,0,0,26192019456,4408816336
1786396297986,0,0,26192019456,4408832720
1786396298195,0,0,26192019456,4408816336
1786396298405,0,0,26192019456,4408816336
1786396298607,0,0,26192019456,4408816336
1786396298808,0,0,26192019456,4408816336
1786396299019,0,0,26192019456,4408816336
1786396299230,0,0,26192019456,4408816336
1786396299441,0,0,26192019456,4408816336
1786396299652,0,0,26192019456,4408816336
1786396299860,0,0,26192019456,4408816336
1786396300062,0,0,26192019456,4408816336
1786396300273,0,0,26192019456,4408816336
1786396300481,0,0,26192019456,4408816336
1786396300685,0,0,26192019456,4408816336
1786396300896,0,0,26192019456,4408816336
1786396301097,0,0,26192019456,4408816336
1786396301302,0,0,26192019456,4408816336
1786396301504,0,0,26192019456,4408816336
1786396301715,0,0,26192019456,4408816336
1786396301924,0,0,26192019456,4408832720
1786396302127,0,0,26192019456,4408816336
1786396302331,0,0,26192019456,4408816336
1786396302539,0,0,26192019456,4408816336
1786396302750,0,0,26192019456,4408832720
1786396302955,0,0,26192019456,4408816336
1786396303166,0,0,26192019456,4408816336
1786396303371,0,0,26192019456,4408816336
1786396303582,0,0,26192019456,4408832720
1786396303791,0,0,26192019456,4408816336
1786396304001,0,0,26192019456,4408832720
1786396304208,0,0,26192019456,4408816336
1786396304413,0,0,26192019456,4408816336
1786396304616,0,0,26192019456,4408816336
1786396304827,0,0,26192019456,4408816336
1786396305029,0,0,26192019456,4408816336
1786396305240,0,0,26192019456,4408816336
1786396305443,0,0,26192019456,4408832720
1786396305648,0,0,26192019456,4408816336
1786396305858,0,0,26192019456,4408816336
1786396306066,0,0,26192019456,4408832720
1786396306276,0,0,26192019456,4408816336
1786396306479,0,0,26192019456,4408816336
1786396306690,0,0,26192019456,4408816336
1786396306904,0,0,26192019456,4408816336
1786396307115,0,0,26192019456,4408816336
1786396307326,0,0,26192019456,4408816336
1786396307530,0,0,26192019456,4408816336
1786396307734,0,0,26192019456,4408832720
1786396307937,0,0,26192019456,4408816336
1786396308141,0,0,26192019456,4408816336
1786396308344,0,0,26192019456,4408816336
1786396308557,0,0,26192019456,4408816336
1786396308762,0,0,26192019456,4408832720
1786396308973,0,0,26192019456,4408816336
1786396309176,0,0,26192019456,4408816336
1786396309387,0,0,26192019456,4408816336
1786396309596,0,0,26192019456,4408816336
1786396309810,0,0,26192019456,4408816336
1786396310011,0,0,26192019456,4408816336
1786396310222,0,0,26192019456,4408816336
1786396310433,0,0,26192019456,4408816336
1786396310639,0,0,26192019456,4408816336
1786396310849,0,0,26192019456,4408816336
1786396311053,0,0,26192019456,4408816336
1786396311264,0,0,26192019456,4408816336
1786396311466,0,0,26192019456,4408816336
1786396311667,0,0,26192019456,4408816336
1786396311879,0,0,26192019456,4408849104
1786396312087,0,0,26192019456,4408816336
1786396312296,0,0,26192019456,4408816336
1786396312506,0,0,26192019456,4408816336
1786396312717,0,0,26192019456,4408816336
1786396312928,0,0,26192019456,4408816336
1786396313137,0,0,26192019456,4408816336
1786396313338,0,0,26192019456,4408816336
1786396313540,0,0,26192019456,4408816336
1786396313747,0,0,26192019456,4408816336
1786396313956,0,0,26192019456,4408816336
1786396314165,0,0,26192019456,4408832720
1786396314374,0,0,26192019456,4408816336
1786396314579,0,0,26192019456,4408816336
1786396314789,0,0,26192019456,4408816336
1786396314995,0,0,26192019456,4408816336
1786396315199,0,0,26192019456,4408816336
1786396315411,0,0,26192019456,4408816336
1786396315613,0,0,26192019456,4408816336
1786396315823,0,0,26192019456,4408816336
1786396316025,0,0,26192019456,4408832720
1786396316235,0,0,26192019456,4408832720
1786396316446,0,0,26192019456,4408816336
1786396316658,0,0,26192019456,4408832720
1786396316866,0,0,26192019456,4408816336
1786396317078,0,0,26192019456,4408832720
1786396317295,0,0,26192019456,4408816336
1786396317507,0,0,26192019456,4408816336
1786396317718,0,0,26192019456,4408832720
1786396317929,0,0,26192019456,4408816336
1786396318139,0,0,26192019456,4408816336
1786396318350,0,0,26192019456,4408816336
1786396318561,0,0,26192019456,4408832720
1786396318767,0,0,26192019456,4408816336
1786396318978,0,0,26192019456,4408849104
1786396319182,0,0,26192019456,4408816336
1786396319393,0,0,26192019456,4408816336
1786396319604,0,0,26192019456,4408816336
1786396319807,0,0,26192019456,4408816336
1786396320015,0,0,26192019456,4408816336
1786396320220,0,0,26192019456,4408816336
1786396320425,0,0,26192019456,4408816336
1786396320636,0,0,26192019456,4408816336
1786396320844,0,0,26192019456,4408816336
1786396321054,0,0,26192019456,4408832720
1786396321257,0,0,26192019456,4408996560
1786396321463,0,0,26192019456,4408996560
1786396321673,0,0,26192019456,4408996560
1786396321885,0,0,26192019456,4409012944
1786396322094,0,0,26192019456,4408996560
1786396322297,0,0,26192019456,4408996560
1786396322499,0,0,26192019456,4408996560
1786396322703,0,0,26192019456,4408996560
1786396322911,0,0,26192019456,4408996560
1786396323121,0,0,26192019456,4408996560
1786396323327,0,0,26192019456,4408996560
1786396323534,0,0,26192019456,4409012944
1786396323745,0,0,26192019456,4408996560
1786396323957,0,0,26192019456,4409012944
1786396324166,0,0,26192019456,4408996560
1786396324378,0,0,26192019456,4409012944
1786396324589,0,0,26192019456,4408996560
1786396324796,0,0,26192019456,4408996560
1786396325007,0,0,26192019456,4408996560
1786396325218,0,0,26192019456,4408996560
1786396325431,0,0,26192019456,4409012944
1786396325633,0,0,26192019456,4408996560
1786396325840,0,0,26192019456,4408996560
1786396326049,0,0,26192019456,4408996560
1786396326255,0,0,26192019456,4408996560
1786396326465,0,0,26192019456,4409012944
1786396326666,0,0,26192019456,4408996560
1786396326889,0,0,26192019456,4409012944
1786396327114,0,0,26192019456,4408996560
1786396327320,0,0,26192019456,4408996560
1786396327531,0,0,26192019456,4408996560
1786396327740,0,0,26192019456,4408996560
1786396327948,0,0,26192019456,4408996560
1786396328155,0,0,26192019456,4409029328
1786396328366,0,0,26192019456,4408996560
1786396328577,0,0,26192019456,4408996560
1786396328786,0,0,26192019456,4408996560
1786396328993,0,0,26192019456,4408996560
1786396329204,0,0,26192019456,4408996560
1786396329415,0,0,26192019456,4408996560
1786396329627,0,0,26192019456,4409012944
1786396329835,0,0,26192019456,4409012944
1786396330039,0,0,26192019456,4408996560
1786396330245,0,0,26192019456,4409012944
1786396330447,0,0,26192019456,4408996560
1786396330658,0,0,26192019456,4408996560
1786396330869,0,0,26192019456,4409029328
1786396331078,0,0,26192019456,4408996560
1786396331290,0,0,26192019456,4408996560
1786396331501,0,0,26192019456,4408996560
1786396331707,0,0,26192019456,4408996560
1786396331915,0,0,26192019456,4408996560
1786396332128,0,0,26192019456,4408996560
1786396332341,0,0,26192019456,4408996560
1786396332545,0,0,26192019456,4408996560
1786396332755,0,0,26192019456,4408996560
1786396332966,0,0,26192019456,4408996560
1786396333180,0,0,26192019456,4409012944
1786396333391,0,0,26192019456,4408996560
1786396333599,0,0,26192019456,4409012944
1786396333808,0,0,26192019456,4408996560
1786396334018,0,0,26192019456,4408996560
1786396334228,0,0,26192019456,4408996560
1786396334434,0,0,26192019456,4409012944
1786396334640,0,0,26192019456,4408996560
1786396334844,0,0,26192019456,4408996560
1786396335055,0,0,26192019456,4408996560
1786396335262,0,0,26192019456,4408996560
1786396335473,0,0,26192019456,4408996560
1786396335679,0,0,26192019456,4408996560
1786396335890,0,0,26192019456,4408996560
1786396336096,0,0,26192019456,4408996560
1786396336297,0,0,26192019456,4408996560
1786396336509,0,0,26192019456,4408996560
1786396336719,0,0,26192019456,4408996560
1786396336929,0,0,26192019456,4408996560
1786396337147,0,0,26192019456,4408996560
1786396337358,0,0,26192019456,4409012944
1786396337569,0,0,26192019456,4409029328
1786396337781,0,0,26192019456,4409012944
1786396337984,0,0,26192019456,4409012944
1786396338189,0,0,26192019456,4409012944
1786396338396,0,0,26192019456,4409012944
1786396338609,0,0,26192019456,4409029328
1786396338813,0,0,26192019456,4409012944
1786396339015,0,0,26192019456,4409012944
1786396339226,0,0,26192019456,4409012944
1786396339432,0,0,26192019456,4409012944
1786396339637,0,0,26192019456,4409012944
1786396339841,0,0,26192019456,4409012944
1786396340043,0,0,26192019456,4409012944
1786396340254,0,0,26192019456,4409012944
1786396340461,0,0,26192019456,4409012944
1786396340672,0,0,26192019456,4409012944
1786396340883,0,0,26192019456,4409012944
1786396341094,0,0,26192019456,4409012944
1786396341298,0,0,26192019456,4409029328
1786396341507,0,0,26192019456,4409012944
1786396341717,0,0,26192019456,4409012944
1786396341920,0,0,26192019456,4409012944
1786396342130,0,0,26192019456,4409012944
1786396342336,0,0,26192019456,4409029328
1786396342539,0,0,26192019456,4409012944
1786396342745,0,0,26192019456,4409012944
1786396342954,0,0,26192019456,4409012944
1786396343169,0,0,26192019456,4409029328
1786396343377,0,0,26192019456,4409012944
1786396343587,0,0,26192019456,4409012944
1786396343791,0,0,26192019456,4409012944
1786396344001,0,0,26192019456,4409012944
1786396344207,0,0,26192019456,4409012944
1786396344410,0,0,26192019456,4409012944
1786396344620,0,0,26192019456,4409012944
1786396344831,0,0,26192019456,4409012944
1786396345031,0,0,26192019456,4409012944
1786396345241,0,0,26192019456,4409012944
1786396345451,0,0,26192019456,4409012944
1786396345656,0,0,26192019456,4409012944
1786396345866,0,0,26192019456,4409012944
1786396346070,0,0,26192019456,4409012944
1786396346271,0,0,26192019456,4409012944
1786396346479,0,0,26192019456,4409012944
1786396346686,0,0,26192019456,4409012944
1786396346895,0,0,26192019456,4409012944
1786396347101,0,0,26192019456,4409012944
1786396347307,0,0,26192019456,4409012944
1786396347517,0,0,26192019456,4409012944
1786396347727,0,0,26192019456,4409012944
1786396347931,0,0,26192019456,4409045712
1786396348141,0,0,26192019456,4409012944
1786396348346,0,0,26192019456,4409012944
1786396348556,0,0,26192019456,4409012944
1786396348767,0,0,26192019456,4409012944
1786396348978,0,0,26192019456,4409029328
1786396349184,0,0,26192019456,4409012944
1786396349395,0,0,26192019456,4409012944
1786396349606,0,0,26192019456,4409012944
1786396349817,0,0,26192019456,4409012944
1786396350028,0,0,26192019456,4409012944
1786396350237,0,0,26192019456,4409012944
1786396350447,0,0,26192019456,4409012944
1786396350656,0,0,26192019456,4409012944
1786396350868,0,0,26192019456,4409029328
1786396351074,0,0,26192019456,4409029328
1786396351280,0,0,26192019456,4409012944
1786396351490,0,0,26192019456,4409012944
1786396351699,0,0,26192019456,4409012944
1786396351911,0,0,26192019456,4409012944
1786396352112,0,0,26192019456,4409012944
1786396352323,0,0,26192019456,4409012944
1786396352528,0,0,26192019456,4409012944
1786396352732,0,0,26192019456,4409012944
1786396352944,0,0,26192019456,4409029328
1786396353148,0,0,26192019456,4409012944
1786396353359,0,0,26192019456,4409029328
1786396353567,0,0,26192019456,4409012944
1786396353778,0,0,26192019456,4409012944
1786396353983,0,0,26192019456,4409012944
1786396354194,0,0,26192019456,4409012944
1786396354405,0,0,26192019456,4409012944
1786396354616,0,0,26192019456,4409012944
1786396354826,0,0,26192019456,4409029328
1786396355031,0,0,26192019456,4409012944
1786396355242,0,0,26192019456,4409012944
1786396355443,0,0,26192019456,4409012944
1786396355655,0,0,26192019456,4409012944
1786396355862,0,0,26192019456,4409012944
1786396356068,0,0,26192019456,4409012944
1786396356278,0,0,26192019456,4409012944
1786396356489,0,0,26192019456,4409012944
1786396356695,0,0,26192019456,4409029328
1786396356904,0,0,26192019456,4409029328
1786396357107,0,0,26192019456,4409012944
1786396357319,0,0,26192019456,4409012944
1786396357530,0,0,26192019456,4409012944
1786396357739,0,0,26192019456,4409012944
1786396357949,0,0,26192019456,4409012944
1786396358155,0,0,26192019456,4409012944
1786396358357,0,0,26192019456,4409012944
1786396358568,0,0,26192019456,4409012944
1786396358779,0,0,26192019456,4409012944
1786396358990,0,0,26192019456,4409012944
1786396359200,0,0,26192019456,4409012944
1786396359411,0,0,26192019456,4409012944
1786396359621,0,0,26192019456,4409012944
1786396359832,0,0,26192019456,4409012944
1786396360044,0,0,26192019456,4409012944
1786396360251,0,0,26192019456,4409012944
1786396360462,0,0,26192019456,4409012944
1786396360672,0,0,26192019456,4409012944
1786396360883,0,0,26192019456,4409012944
1786396361092,0,0,26192019456,4409029328
1786396361303,0,0,26192019456,4409012944
1786396361514,0,0,26192019456,4409012944
1786396361720,0,0,26192019456,4409012944
1786396361925,0,0,26192019456,4409012944
1786396362136,0,0,26192019456,4409012944
1786396362347,0,0,26192019456,4409012944
1786396362556,0,0,26192019456,4409012944
1786396362768,0,0,26192019456,4409029328
1786396362977,0,0,26192019456,4409012944
1786396363183,0,0,26192019456,4409012944
1786396363391,0,0,26192019456,4409012944
1786396363602,0,0,26192019456,4409012944
1786396363813,0,0,26192019456,4409012944
1786396364013,0,0,26192019456,4409012944
1786396364223,0,0,26192019456,4409012944
1786396364434,0,0,26192019456,4409012944
1786396364644,0,0,26192019456,4409012944
1786396364851,0,0,26192019456,4409012944
1786396365056,0,0,26192019456,4409012944
1786396365264,0,0,26192019456,4409012944
1786396365487,0,0,26192019456,4409012944
1786396365698,0,0,26192019456,4409029328
1786396365901,0,0,26192019456,4409012944
1786396366106,0,0,26192019456,4409029328
1786396366317,0,0,26192019456,4409012944
1786396366529,0,0,26192019456,4409012944
1786396366752,0,0,26192019456,4409029328
1786396366960,0,0,26192019456,4409029328
1786396367169,0,0,26192019456,4409012944
1786396367397,0,0,26192019456,4409012944
1786396367608,0,0,26192019456,4409012944
1786396367813,0,0,26192019456,4409029328
1786396368025,0,0,26192019456,4409012944
1786396368229,0,0,26192019456,4409029328
1786396368436,0,0,26192019456,4409012944
1786396368647,0,0,26192019456,4409012944
1786396368857,0,0,26192019456,4409012944
1786396369069,0,0,26192019456,4409012944
1786396369275,0,0,26192019456,4409012944
1786396369486,0,0,26192019456,4409029328
1786396369694,0,0,26192019456,4409012944
1786396369903,0,0,26192019456,4409012944
1786396370114,0,0,26192019456,4409012944
1786396370321,0,0,26192019456,4409012944
1786396370532,0,0,26192019456,4409012944
1786396370737,0,0,26192019456,4409012944
1786396370946,0,0,26192019456,4409012944
1786396371157,0,0,26192019456,4409029328
1786396371365,0,0,26192019456,4409012944
1786396371577,0,0,26192019456,4409012944
1786396371785,0,0,26192019456,4409012944
1786396371993,0,0,26192019456,4409012944
1786396372204,0,0,26192019456,4409012944
1786396372407,0,0,26192019456,4409012944
1786396372611,0,0,26192019456,4409012944
1786396372812,0,0,26192019456,4409012944
1786396373022,0,0,26192019456,4409012944
1786396373232,0,0,26192019456,4409012944
1786396373438,0,0,26192019456,4409012944
1786396373646,0,0,26192019456,4409012944
1786396373857,0,0,26192019456,4409012944
1786396374068,0,0,26192019456,4409012944
1786396374273,0,0,26192019456,4409012944
1786396374479,0,0,26192019456,4409012944
1786396374681,0,0,26192019456,4409012944
1786396374886,0,0,26192019456,4409012944
1786396375095,0,0,26192019456,4409012944
1786396375306,0,0,26192019456,4409012944
1786396375517,0,0,26192019456,4409012944
1786396375731,0,0,26192019456,4409029328
1786396375944,0,0,26192019456,4409029328
1786396376152,0,0,26192019456,4409012944
1786396376362,0,0,26192019456,4409012944
1786396376568,0,0,26192019456,4409012944
1786396376783,0,0,26192019456,4409029328
1786396376996,0,0,26192019456,4409029328
1786396377207,0,0,26192019456,4409012944
1786396377426,0,0,26192019456,4409012944
1786396377631,0,0,26192019456,4409012944
1786396377842,0,0,26192019456,4409012944
1786396378050,0,0,26192019456,4409029328
1786396378256,0,0,26192019456,4409012944
1786396378459,0,0,26192019456,4409012944
1786396378664,0,0,26192019456,4409012944
1786396378875,0,0,26192019456,4409012944
1786396379086,0,0,26192019456,4409012944
1786396379291,0,0,26192019456,4409029328
1786396379497,0,0,26192019456,4409029328
1786396379705,0,0,26192019456,4409012944
1786396379915,0,0,26192019456,4409012944
1786396380126,0,0,26192019456,4409012944
1786396380330,0,0,26192019456,4409029328
1786396380534,0,0,26192019456,4409012944
1786396380751,0,0,26192019456,4409012944
1786396380954,0,0,26192019456,4409012944
1786396381164,0,0,26192019456,4409012944
1786396381366,0,0,26192019456,4409012944
1786396381575,0,0,26192019456,4409012944
1786396381777,0,0,26192019456,4409012944
1786396381987,0,0,26192019456,4409012944
1786396382194,0,0,26192019456,4409012944
1786396382398,0,0,26192019456,4409012944
1786396382609,0,0,26192019456,4409029328
1786396382820,0,0,26192019456,4409012944
1786396383027,0,0,26192019456,4409012944
1786396383237,0,0,26192019456,4409012944
1786396383448,0,0,26192019456,4409012944
1786396383651,0,0,26192019456,4409029328
1786396383859,0,0,26192019456,4409012944
1786396384070,0,0,26192019456,4409012944
1786396384278,0,0,26192019456,4409012944
1786396384486,0,0,26192019456,4409012944
1786396384696,0,0,26192019456,4409012944
1786396384907,0,0,26192019456,4409012944
1786396385113,0,0,26192019456,4409012944
1786396385324,0,0,26192019456,4409012944
1786396385535,0,0,26192019456,4409029328
1786396385746,0,0,26192019456,4409012944
1786396385955,0,0,26192019456,4409012944
1786396386156,0,0,26192019456,4409012944
1786396386361,0,0,26192019456,4409012944
1786396386572,0,0,26192019456,4409012944
1786396386783,0,0,26192019456,4409029328
1786396386996,0,0,26192019456,4409012944
1786396387207,0,0,26192019456,4409012944
1786396387423,0,0,26192019456,4409012944
1786396387634,0,0,26192019456,4409012944
1786396387839,0,0,26192019456,4409012944
1786396388042,0,0,26192019456,4409012944
1786396388259,0,0,26192019456,4409012944
1786396388465,0,0,26192019456,4409029328
1786396388668,0,0,26192019456,4409012944
1786396388879,0,0,26192019456,4409012944
1786396389090,0,0,26192019456,4409012944
1786396389301,0,0,26192019456,4409012944
1786396389506,0,0,26192019456,4409012944
1786396389708,0,0,26192019456,4409012944
1786396389919,0,0,26192019456,4409012944
1786396390130,0,0,26192019456,4409012944
1786396390341,0,0,26192019456,4409012944
1786396390553,0,0,26192019456,4409012944
1786396390761,0,0,26192019456,4409029328
1786396390972,0,0,26192019456,4409012944
1786396391183,0,0,26192019456,4409012944
1786396391394,0,0,26192019456,4409012944
1786396391602,0,0,26192019456,4409012944
1786396391808,0,0,26192019456,4409012944
1786396392019,0,0,26192019456,4409012944
1786396392221,0,0,26192019456,4409012944
1786396392432,0,0,26192019456,4409029328
1786396392640,0,0,26192019456,4409012944
1786396392847,0,0,26192019456,4409012944
1786396393058,0,0,26192019456,4409012944
1786396393263,0,0,26192019456,4409012944
1786396393465,0,0,26192019456,4409012944
1786396393676,0,0,26192019456,4409029328
1786396393887,0,0,26192019456,4409012944
1786396394099,0,0,26192019456,4409029328
1786396394307,0,0,26192019456,4409029328
1786396394514,0,0,26192019456,4409029328
1786396394725,0,0,26192019456,4409029328
1786396394937,0,0,26192019456,4409029328
1786396395148,0,0,26192019456,4409045712
1786396395357,0,0,26192019456,4409062096
1786396395559,0,0,26192019456,4409045712
1786396395771,0,0,26192019456,4409045712
1786396395980,0,0,26192019456,4409062096
1786396396189,0,0,26192019456,4409045712
1786396396398,0,0,26192019456,4409062096
1786396396609,0,0,26192019456,4409062096
1786396396820,0,0,26192019456,4409078480
1786396397030,0,0,26192019456,4409062096
1786396397241,0,0,26192019456,4409062096
1786396397465,0,0,26192019456,4409094864
1786396397670,0,0,26192019456,4409094864
1786396397881,0,0,26192019456,4409094864
1786396398092,0,0,26192019456,4409094864
1786396398302,0,0,26192019456,4409094864
1786396398512,0,0,26192019456,4409094864
1786396398718,0,0,26192019456,4409094864
1786396398929,0,0,26192019456,4409094864
1786396399140,0,0,26192019456,4409111248
1786396399350,0,0,26192019456,4409094864
1786396399560,0,0,26192019456,4409111248
1786396399763,0,0,26192019456,4409111248
1786396399971,0,0,26192019456,4409094864
1786396400181,0,0,26192019456,4409094864
1786396400392,0,0,26192019456,4409094864
1786396400599,0,0,26192019456,4409094864
1786396400810,0,0,26192019456,4409094864
1786396401022,0,0,26192019456,4409111248
1786396401227,0,0,26192019456,4409094864
1786396401439,0,0,26192019456,4409127632
1786396401643,0,0,26192019456,4409111248
1786396401855,0,0,26192019456,4409127632
1786396402066,0,0,26192019456,4409111248
1786396402275,0,0,26192019456,4409111248
1786396402479,0,0,26192019456,4409111248
1786396402683,0,0,26192019456,4409111248
1786396402894,0,0,26192019456,4409111248
1786396403097,0,0,26192019456,4409111248
1786396403309,0,0,26192019456,4409127632
1786396403520,0,0,26192019456,4409111248
1786396403722,0,0,26192019456,4409111248
1786396403926,0,0,26192019456,4409111248
1786396404133,0,0,26192019456,4409111248
1786396404341,0,0,26192019456,4409111248
1786396404551,0,0,26192019456,4409111248
1786396404762,0,0,26192019456,4409111248
1786396404974,0,0,26192019456,4409111248
1786396405176,0,0,26192019456,4409111248
1786396405380,0,0,26192019456,4409111248
1786396405591,0,0,26192019456,4409127632
1786396405802,0,0,26192019456,4409111248
1786396406012,0,0,26192019456,4409127632
1786396406217,0,0,26192019456,4508152528
1786396406418,0,0,26192019456,4516262608
1786396406619,0,0,26192019456,4530909904
1786396406827,0,0,26192019456,4545802960
1786396407033,0,0,26192019456,4559139536
1786396407243,0,0,26192019456,4559286992
1786396407460,0,0,26192019456,4559319760
1786396407671,0,0,26192019456,4559319760
1786396407882,0,0,26192019456,4559319760
1786396408093,0,0,26192019456,4559319760
1786396408300,0,0,26192019456,4559319760
1786396408501,0,0,26192019456,4559319760
1786396408705,0,0,26192019456,4559319760
1786396408916,0,0,26192019456,4559336144
1786396409118,0,0,26192019456,4559319760
1786396409327,0,0,26192019456,4559319760
1786396409538,0,0,26192019456,4559319760
1786396409746,0,0,26192019456,4559319760
1786396409950,0,0,26192019456,4559336144
1786396410157,0,0,26192019456,4559319760
1786396410366,0,0,26192019456,4559319760
1786396410577,0,0,26192019456,4559319760
1786396410781,0,0,26192019456,4559319760
1786396410991,0,0,26192019456,4559319760
1786396411202,0,0,26192019456,4559319760
1786396411412,0,0,26192019456,4559319760
1786396411624,0,0,26192019456,4559319760
1786396411833,0,0,26192019456,4559336144
1786396412040,0,0,26192019456,4559319760
1786396412242,0,0,26192019456,4559319760
1786396412453,0,0,26192019456,4559319760
1786396412664,0,0,26192019456,4559319760
1786396412868,0,0,26192019456,4559319760
1786396413073,0,0,26192019456,4559336144
1786396413285,0,0,26192019456,4559319760
1786396413487,0,0,26192019456,4559319760
1786396413698,0,0,26192019456,4559319760
1786396413909,0,0,26192019456,4559319760
1786396414120,0,0,26192019456,4559319760
1786396414326,0,0,26192019456,4559319760
1786396414535,0,0,26192019456,4559319760
1786396414739,0,0,26192019456,4559319760
1786396414950,0,0,26192019456,4559336144
1786396415158,0,0,26192019456,4559319760
1786396415360,0,0,26192019456,4559319760
1786396415570,0,0,26192019456,4559319760
1786396415776,0,0,26192019456,4559319760
1786396415981,0,0,26192019456,4559319760
1786396416198,0,0,26192019456,4559336144
1786396416408,0,0,26192019456,4559319760
1786396416619,0,0,26192019456,4559319760
1786396416823,0,0,26192019456,4559319760
1786396417034,0,0,26192019456,4559319760
1786396417240,0,0,26192019456,4559319760
1786396417451,0,0,26192019456,4559319760
1786396417674,0,0,26192019456,4559336144
1786396417885,0,0,26192019456,4559319760
1786396418095,0,0,26192019456,4559319760
1786396418305,0,0,26192019456,4559319760
1786396418517,0,0,26192019456,4559319760
1786396418725,0,0,26192019456,4559319760
1786396418930,0,0,26192019456,4559319760
1786396419140,0,0,26192019456,4559319760
1786396419350,0,0,26192019456,4559319760
1786396419556,0,0,26192019456,4559319760
1786396419767,0,0,26192019456,4559319760
1786396419977,0,0,26192019456,4559319760
1786396420185,0,0,26192019456,4559319760
1786396420395,0,0,26192019456,4559319760
1786396420606,0,0,26192019456,4559319760
1786396420816,0,0,26192019456,4559319760
1786396421018,0,0,26192019456,4559319760
1786396421218,0,0,26192019456,4559319760
1786396421428,0,0,26192019456,4559319760
1786396421629,0,0,26192019456,4559319760
1786396421839,0,0,26192019456,4559319760
1786396422047,0,0,26192019456,4559319760
1786396422247,0,0,26192019456,4559319760
1786396422448,0,0,26192019456,4559319760
1786396422654,0,0,26192019456,4559319760
1786396422859,0,0,26192019456,4559319760
1786396423069,0,0,26192019456,4559319760
1786396423279,0,0,26192019456,4559319760
1786396423486,0,0,26192019456,4559319760
1786396423692,0,0,26192019456,4559319760
1786396423901,0,0,26192019456,4559319760
1786396424111,0,0,26192019456,4559319760
1786396424321,0,0,26192019456,4559319760
1786396424522,0,0,26192019456,4559319760
1786396424730,0,0,26192019456,4559319760
1786396424940,0,0,26192019456,4559319760
1786396425144,0,0,26192019456,4559319760
1786396425349,0,0,26192019456,4559319760
1786396425553,0,0,26192019456,4559336144
1786396425758,0,0,26192019456,4559319760
1786396425966,0,0,26192019456,4559319760
1786396426167,0,0,26192019456,4559336144
1786396426378,0,0,26192019456,4559336144
1786396426584,0,0,26192019456,4559336144
1786396426787,0,0,26192019456,4559336144
1786396426998,0,0,26192019456,4559336144
1786396427211,0,0,26192019456,4559352528
1786396427418,0,0,26192019456,4559336144
1786396427619,0,0,26192019456,4559336144
1786396427837,0,0,26192019456,4559336144
1786396428046,0,0,26192019456,4559336144
1786396428260,0,0,26192019456,4559352528
1786396428467,0,0,26192019456,4559336144
1786396428673,0,0,26192019456,4559336144
1786396428884,0,0,26192019456,4559336144
1786396429085,0,0,26192019456,4559336144
1786396429296,0,0,26192019456,4559336144
1786396429499,0,0,26192019456,4559336144
1786396429705,0,0,26192019456,4559352528
1786396429907,0,0,26192019456,4559336144
1786396430117,0,0,26192019456,4559336144
1786396430321,0,0,26192019456,4559336144
1786396430531,0,0,26192019456,4559336144
1786396430741,0,0,26192019456,4559336144
1786396430947,0,0,26192019456,4559336144
1786396431158,0,0,26192019456,4559336144
1786396431369,0,0,26192019456,4559336144
1786396431575,0,0,26192019456,4559336144
1786396431783,0,0,26192019456,4559336144
1786396431994,0,0,26192019456,4559336144
1786396432204,0,0,26192019456,4559336144
1786396432406,0,0,26192019456,4559336144
1786396432617,0,0,26192019456,4559336144
1786396432828,0,0,26192019456,4559336144
1786396433033,0,0,26192019456,4559336144
1786396433244,0,0,26192019456,4559336144
1786396433453,0,0,26192019456,4559336144
1786396433664,0,0,26192019456,4559336144
1786396433865,0,0,26192019456,4559336144
1786396434076,0,0,26192019456,4559336144
1786396434282,0,0,26192019456,4559336144
1786396434492,0,0,26192019456,4559336144
1786396434693,0,0,26192019456,4559336144
1786396434896,0,0,26192019456,4559336144
1786396435109,0,0,26192019456,4559352528
1786396435315,0,0,26192019456,4559336144
1786396435526,0,0,26192019456,4559336144
1786396435732,0,0,26192019456,4559336144
1786396435942,0,0,26192019456,4559336144
1786396436144,0,0,26192019456,4559336144
1786396436355,0,0,26192019456,4559336144
1786396436567,0,0,26192019456,4559352528
1786396436769,0,0,26192019456,4559336144
1786396436972,0,0,26192019456,4563382992
1786396437182,0,0,26192019456,4563382992
1786396437393,0,0,26192019456,4563382992
1786396437596,0,0,26192019456,4563382992
1786396437809,0,0,26192019456,4563382992
1786396438030,0,0,26192019456,4563382992
1786396438240,0,0,26192019456,4563382992
1786396438446,0,0,26192019456,4563382992
1786396438655,0,0,26192019456,4563382992
1786396438858,0,0,26192019456,4563382992
1786396439068,0,0,26192019456,4563382992
1786396439278,0,0,26192019456,4563382992
1786396439495,0,0,26192019456,4563382992
1786396439707,0,0,26192019456,4563399376
1786396439916,0,0,26192019456,4563382992
1786396440117,0,0,26192019456,4563382992
1786396440327,0,0,26192019456,4563382992
1786396440531,0,0,26192019456,4563382992
1786396440743,0,0,26192019456,4563382992
1786396440948,0,0,26192019456,4563382992
1786396441159,0,0,26192019456,4563382992
1786396441361,0,0,26192019456,4563382992
1786396441572,0,0,26192019456,4563382992
1786396441786,0,0,26192019456,4563382992
1786396441996,0,0,26192019456,4563382992
1786396442200,0,0,26192019456,4563382992
1786396442411,0,0,26192019456,4563382992
1786396442620,0,0,26192019456,4563382992
1786396442831,0,0,26192019456,4563382992
1786396443041,0,0,26192019456,4563382992
1786396443248,0,0,26192019456,4563382992
1786396443473,0,0,26192019456,4563382992
1786396443684,0,0,26192019456,4563382992
1786396443887,0,0,26192019456,4563382992
1786396444092,0,0,26192019456,4563382992
1786396444295,0,0,26192019456,4563382992
1786396444506,0,0,26192019456,4563382992
1786396444707,0,0,26192019456,4563382992
1786396444918,0,0,26192019456,4563382992
1786396445129,0,0,26192019456,4563382992
1786396445343,0,0,26192019456,4563382992
1786396445547,0,0,26192019456,4563382992
1786396445750,0,0,26192019456,4563382992
1786396445960,0,0,26192019456,4563382992
1786396446168,0,0,26192019456,4563382992
1786396446379,0,0,26192019456,4563382992
1786396446590,0,0,26192019456,4563382992
1786396446800,0,0,26192019456,4563382992
1786396447011,0,0,26192019456,4563382992
1786396447222,0,0,26192019456,4563382992
1786396447432,0,0,26192019456,4563382992
1786396447644,0,0,26192019456,4563382992
1786396447850,0,0,26192019456,4563399376
1786396448074,0,0,26192019456,4563382992
1786396448276,0,0,26192019456,4563382992
1786396448489,0,0,26192019456,4563382992
1786396448704,0,0,26192019456,4563399376
1786396448909,0,0,26192019456,4563382992
1786396449120,0,0,26192019456,4563382992
1786396449327,0,0,26192019456,4563382992
1786396449531,0,0,26192019456,4563382992
1786396449742,0,0,26192019456,4563382992
1786396449949,0,0,26192019456,4563382992
1786396450160,0,0,26192019456,4563382992
1786396450367,0,0,26192019456,4563382992
1786396450573,0,0,26192019456,4563382992
1786396450775,0,0,26192019456,4563382992
1786396450979,0,0,26192019456,4563382992
1786396451185,0,0,26192019456,4563382992
1786396451399,0,0,26192019456,4563382992
1786396451610,0,0,26192019456,4563382992
1786396451821,0,0,26192019456,4563382992
1786396452029,0,0,26192019456,4563382992
1786396452240,0,0,26192019456,4563382992
1786396452445,0,0,26192019456,4563399376
1786396452649,0,0,26192019456,4563382992
1786396452853,0,0,26192019456,4563382992
1786396453065,0,0,26192019456,4563382992
1786396453273,0,0,26192019456,4563382992
1786396453479,0,0,26192019456,4563382992
1786396453683,0,0,26192019456,4563382992
1786396453884,0,0,26192019456,4563382992
1786396454086,0,0,26192019456,4563382992
1786396454297,0,0,26192019456,4563382992
1786396454516,0,0,26192019456,4563382992
1786396454727,0,0,26192019456,4563382992
1786396454938,0,0,26192019456,4563382992
1786396455140,0,0,26192019456,4563382992
1786396455359,0,0,26192019456,4563382992
1786396455567,0,0,26192019456,4563382992
1786396455783,0,0,26192019456,4563382992
1786396455988,0,0,26192019456,4563382992
1786396456195,0,0,26192019456,4563382992
1786396456403,0,0,26192019456,4563399376
1786396456605,0,0,26192019456,4563382992
1786396456812,0,0,26192019456,4563399376
1786396457023,0,0,26192019456,4563382992
1786396457225,0,0,26192019456,4563382992
1786396457426,0,0,26192019456,4563382992
1786396457637,0,0,26192019456,4563382992
1786396457846,0,0,26192019456,4563399376
1786396458050,0,0,26192019456,4563399376
1786396458265,0,0,26192019456,4563399376
1786396458468,0,0,26192019456,4563399376
1786396458679,0,0,26192019456,4563399376
1786396458888,0,0,26192019456,4563399376
1786396459095,0,0,26192019456,4563415760
1786396459299,0,0,26192019456,4563399376
1786396459503,0,0,26192019456,4563399376
1786396459714,0,0,26192019456,4563399376
1786396459922,0,0,26192019456,4563399376
1786396460129,0,0,26192019456,4563399376
1786396460334,0,0,26192019456,4563399376
1786396460544,0,0,26192019456,4563399376
1786396460745,0,0,26192019456,4563399376
1786396460957,0,0,26192019456,4563399376
1786396461167,0,0,26192019456,4563399376
1786396461374,0,0,26192019456,4563399376
1786396461585,0,0,26192019456,4563399376
1786396461796,0,0,26192019456,4563399376
1786396462006,0,0,26192019456,4563399376
1786396462215,0,0,26192019456,4563399376
1786396462424,0,0,26192019456,4563399376
1786396462632,0,0,26192019456,4563399376
1786396462835,0,0,26192019456,4563399376
1786396463043,0,0,26192019456,4563399376
1786396463246,0,0,26192019456,4563399376
1786396463458,0,0,26192019456,4563399376
1786396463664,0,0,26192019456,4563399376
1786396463869,0,0,26192019456,4563399376
1786396464074,0,0,26192019456,4563399376
1786396464285,0,0,26192019456,4563399376
1786396464492,0,0,26192019456,4563399376
1786396464700,0,0,26192019456,4563399376
1786396464908,0,0,26192019456,4563399376
1786396465115,0,0,26192019456,4563399376
1786396465326,0,0,26192019456,4563399376
1786396465532,0,0,26192019456,4563415760
1786396465743,0,0,26192019456,4563415760
1786396465954,0,0,26192019456,4563399376
1786396466164,0,0,26192019456,4563399376
1786396466365,0,0,26192019456,4563399376
1786396466576,0,0,26192019456,4563399376
1786396466783,0,0,26192019456,4563399376
1786396466994,0,0,26192019456,4563399376
1786396467200,0,0,26192019456,4563710672
1786396467402,0,0,26192019456,4563710672
1786396467613,0,0,26192019456,4563710672
1786396467824,0,0,26192019456,4563710672
1786396468027,0,0,26192019456,4563710672
1786396468239,0,0,26192019456,4563727056
1786396468453,0,0,26192019456,4563710672
1786396468662,0,0,26192019456,4563710672
1786396468874,0,0,26192019456,4563710672
1786396469084,0,0,26192019456,4563727056
1786396469286,0,0,26192019456,4563710672
1786396469487,0,0,26192019456,4563727056
1786396469692,0,0,26192019456,4563710672
1786396469896,0,0,26192019456,4563710672
1786396470107,0,0,26192019456,4563710672
1786396470324,0,0,26192019456,4563710672
1786396470526,0,0,26192019456,4563710672
1786396470731,0,0,26192019456,4563710672
1786396470942,0,0,26192019456,4563710672
1786396471153,0,0,26192019456,4563727056
1786396471363,0,0,26192019456,4563710672
1786396471574,0,0,26192019456,4563710672
1786396471776,0,0,26192019456,4563710672
1786396471983,0,0,26192019456,4563710672
1786396472194,0,0,26192019456,4563710672
1786396472407,0,0,26192019456,4563727056
1786396472610,0,0,26192019456,4563710672
1786396472814,0,0,26192019456,4563710672
1786396473021,0,0,26192019456,4563710672
1786396473223,0,0,26192019456,4563710672
1786396473428,0,0,26192019456,4563710672
1786396473639,0,0,26192019456,4563710672
1786396473841,0,0,26192019456,4563710672
1786396474048,0,0,26192019456,4563710672
1786396474255,0,0,26192019456,4563710672
1786396474466,0,0,26192019456,4563710672
1786396474677,0,0,26192019456,4563710672
1786396474885,0,0,26192019456,4563710672
1786396475089,0,0,26192019456,4563710672
1786396475291,0,0,26192019456,4563710672
1786396475501,0,0,26192019456,4563710672
1786396475712,0,0,26192019456,4563710672
1786396475922,0,0,26192019456,4563710672
1786396476124,0,0,26192019456,4563710672
1786396476327,0,0,26192019456,4563710672
1786396476528,0,0,26192019456,4563710672
1786396476738,0,0,26192019456,4563710672
1786396476950,0,0,26192019456,4563710672
1786396477155,0,0,26192019456,4563710672
1786396477369,0,0,26192019456,4563710672
1786396477571,0,0,26192019456,4563710672
1786396477779,0,0,26192019456,4563710672
1786396477984,0,0,26192019456,4563710672
1786396478188,0,0,26192019456,4563710672
1786396478397,0,0,26192019456,4563710672
1786396478615,0,0,26192019456,4563710672
1786396478819,0,0,26192019456,4563710672
1786396479029,0,0,26192019456,4563710672
1786396479240,0,0,26192019456,4563710672
1786396479452,0,0,26192019456,4563710672
1786396479659,0,0,26192019456,4563710672
1786396479870,0,0,26192019456,4563710672
1786396480071,0,0,26192019456,4563710672
1786396480273,0,0,26192019456,4563710672
1786396480480,0,0,26192019456,4563710672
1786396480687,0,0,26192019456,4563710672
1786396480896,0,0,26192019456,4563710672
1786396481098,0,0,26192019456,4563710672
1786396481299,0,0,26192019456,4563710672
1786396481514,0,0,26192019456,4563710672
1786396481724,0,0,26192019456,4563727056
1786396481936,0,0,26192019456,4563727056
1786396482146,0,0,26192019456,4563710672
1786396482356,0,0,26192019456,4563710672
1786396482567,0,0,26192019456,4563710672
1786396482773,0,0,26192019456,4563727056
1786396482978,0,0,26192019456,4563710672
1786396483188,0,0,26192019456,4563727056
1786396483391,0,0,26192019456,4563710672
1786396483595,0,0,26192019456,4563710672
1786396483806,0,0,26192019456,4563710672
1786396484032,0,0,26192019456,4563710672
1786396484243,0,0,26192019456,4563710672
1786396484447,0,0,26192019456,4563710672
1786396484649,0,0,26192019456,4563710672
1786396484860,0,0,26192019456,4563727056
1786396485068,0,0,26192019456,4563727056
1786396485274,0,0,26192019456,4563710672
1786396485487,0,0,26192019456,4563743440
1786396485688,0,0,26192019456,4563743440
1786396485899,0,0,26192019456,4563743440
1786396486104,0,0,26192019456,4563743440
1786396486315,0,0,26192019456,4563743440
1786396486526,0,0,26192019456,4563743440
1786396486733,0,0,26192019456,4563743440
1786396486937,0,0,26192019456,4563743440
1786396487138,0,0,26192019456,4563743440
1786396487340,0,0,26192019456,4563759824
1786396487545,0,0,26192019456,4563759824
1786396487751,0,0,26192019456,4563759824
1786396487954,0,0,26192019456,4563743440
1786396488160,0,0,26192019456,4563743440
1786396488371,0,0,26192019456,4563759824
1786396488580,0,0,26192019456,4563743440
1786396488804,0,0,26192019456,4563743440
1786396489014,0,0,26192019456,4563743440
1786396489225,0,0,26192019456,4563743440
1786396489429,0,0,26192019456,4563743440
1786396489640,0,0,26192019456,4563743440
1786396489849,0,0,26192019456,4563759824
1786396490056,0,0,26192019456,4563743440
1786396490267,0,0,26192019456,4563743440
1786396490470,0,0,26192019456,4563743440
1786396490681,0,0,26192019456,4563759824
1786396490889,0,0,26192019456,4563759824
1786396491095,0,0,26192019456,4563743440
1786396491297,0,0,26192019456,4563743440
1786396491503,0,0,26192019456,4563743440
1786396491712,0,0,26192019456,4563743440
1786396491923,0,0,26192019456,4563743440
1786396492125,0,0,26192019456,4563743440
1786396492336,0,0,26192019456,4563743440
1786396492545,0,0,26192019456,4563743440
1786396492756,0,0,26192019456,4563743440
1786396492957,0,0,26192019456,4563743440
1786396493166,0,0,26192019456,4563759824
1786396493371,0,0,26192019456,4563743440
1786396493580,0,0,26192019456,4563743440
1786396493791,0,0,26192019456,4563743440
1786396493997,0,0,26192019456,4563759824
1786396494208,0,0,26192019456,4563743440
1786396494418,0,0,26192019456,4563743440
1786396494620,0,0,26192019456,4563743440
1786396494830,0,0,26192019456,4563743440
1786396495037,0,0,26192019456,4563743440
1786396495247,0,0,26192019456,4563743440
1786396495448,0,0,26192019456,4563743440
1786396495658,0,0,26192019456,4563743440
1786396495867,0,0,26192019456,4563743440
1786396496077,0,0,26192019456,4563743440
1786396496288,0,0,26192019456,4563743440
1786396496495,0,0,26192019456,4563743440
1786396496701,0,0,26192019456,4563743440
1786396496911,0,0,26192019456,4563776208
1786396497122,0,0,26192019456,4563776208
1786396497332,0,0,26192019456,4563776208
1786396497542,0,0,26192019456,4563776208
1786396497743,0,0,26192019456,4563776208
1786396497951,0,0,26192019456,4563923664
1786396498161,0,0,26192019456,4563923664
1786396498366,0,0,26192019456,4563923664
1786396498576,0,0,26192019456,4563940048
1786396498786,0,0,26192019456,4563923664
1786396498989,0,0,26192019456,4564071120
1786396499199,0,0,26192019456,4564071120
1786396499409,0,0,26192019456,4564071120
1786396499619,0,0,26192019456,4564071120
1786396499828,0,0,26192019456,4564071120
1786396500033,0,0,26192019456,4564071120
1786396500240,0,0,26192019456,4564218576
1786396500446,0,0,26192019456,4564218576
1786396500656,0,0,26192019456,4564218576
1786396500867,0,0,26192019456,4564234960
1786396501075,0,0,26192019456,4564234960
1786396501285,0,0,26192019456,4564218576
1786396501487,0,0,26192019456,4564218576
1786396501696,0,0,26192019456,4564218576
1786396501897,0,0,26192019456,4564218576
1786396502108,0,0,26192019456,4564218576
1786396502312,0,0,26192019456,4564218576
1786396502523,0,0,26192019456,4564218576
1786396502734,0,0,26192019456,4564218576
1786396502938,0,0,26192019456,4564218576
1786396503147,0,0,26192019456,4564218576
1786396503358,0,0,26192019456,4564234960
1786396503563,0,0,26192019456,4564218576
1786396503774,0,0,26192019456,4564218576
1786396503984,0,0,26192019456,4564218576
1786396504188,0,0,26192019456,4564218576
1786396504396,0,0,26192019456,4564218576
1786396504605,0,0,26192019456,4564218576
1786396504816,0,0,26192019456,4564218576
1786396505027,0,0,26192019456,4564234960
1786396505231,0,0,26192019456,4564218576
1786396505435,0,0,26192019456,4564218576
1786396505644,0,0,26192019456,4564218576
1786396505846,0,0,26192019456,4564218576
1786396506047,0,0,26192019456,4564218576
1786396506258,0,0,26192019456,4564218576
1786396506465,0,0,26192019456,4564218576
1786396506672,0,0,26192019456,4564234960
1786396506882,0,0,26192019456,4564234960
1786396507093,0,0,26192019456,4564366032
1786396507296,0,0,26192019456,4564366032
1786396507506,0,0,26192019456,4564366032
1786396507709,0,0,26192019456,4564366032
1786396507916,0,0,26192019456,4564366032
1786396508118,0,0,26192019456,4564366032
1786396508319,0,0,26192019456,4564366032
1786396508529,0,0,26192019456,4564366032
1786396508738,0,0,26192019456,4564382416
1786396508946,0,0,26192019456,4564382416
1786396509173,0,0,26192019456,4564366032
1786396509379,0,0,26192019456,4564513488
1786396509585,0,0,26192019456,4564513488
1786396509796,0,0,26192019456,4564513488
1786396510003,0,0,26192019456,4564513488
1786396510208,0,0,26192019456,4564513488
1786396510417,0,0,26192019456,4564513488
1786396510620,0,0,26192019456,4564513488
1786396510831,0,0,26192019456,4564513488
1786396511040,0,0,26192019456,4564513488
1786396511249,0,0,26192019456,4564513488
1786396511454,0,0,26192019456,4564513488
1786396511655,0,0,26192019456,4564513488
1786396511866,0,0,26192019456,4564513488
1786396512072,0,0,26192019456,4564513488
1786396512276,0,0,26192019456,4564529872
1786396512480,0,0,26192019456,4564513488
1786396512684,0,0,26192019456,4564513488
1786396512894,0,0,26192019456,4564513488
1786396513105,0,0,26192019456,4564513488
1786396513312,0,0,26192019456,4564513488
1786396513517,0,0,26192019456,4564529872
1786396513721,0,0,26192019456,4564529872
1786396513932,0,0,26192019456,4564513488
1786396514143,0,0,26192019456,4564513488
1786396514351,0,0,26192019456,4564529872
1786396514556,0,0,26192019456,4564513488
1786396514763,0,0,26192019456,4564513488
1786396514968,0,0,26192019456,4564513488
1786396515179,0,0,26192019456,4564513488
1786396515390,0,0,26192019456,4564513488
1786396515597,0,0,26192019456,4564546256
1786396515809,0,0,26192019456,4564529872
1786396516020,0,0,26192019456,4565185232
1786396516231,0,0,26192019456,4574294736
1786396516442,0,0,26192019456,4574343888
1786396516653,0,0,26192019456,4574343888
1786396516858,0,0,26192019456,4574687952
1786396517066,0,0,26192019456,4574687952
1786396517267,0,0,26192019456,4574819024
1786396517478,0,0,26192019456,4574819024
1786396517682,0,0,26192019456,4574819024
1786396517890,0,0,26192019456,4574819024
1786396518101,0,0,26192019456,4574819024
1786396518311,0,0,26192019456,4574950096
1786396518522,0,0,26192019456,4574950096
1786396518734,0,0,26192019456,4574950096
1786396518945,0,0,26192019456,4574950096
1786396519151,0,0,26192019456,4574950096
1786396519365,0,0,26192019456,4574950096
1786396519575,0,0,26192019456,4575130320
1786396519776,0,0,26192019456,4575130320
1786396519987,0,0,26192019456,4575130320
1786396520198,0,0,26192019456,4575130320
1786396520401,0,0,26192019456,4575130320
1786396520610,0,0,26192019456,4575261392
1786396520821,0,0,26192019456,4575261392
1786396521028,0,0,26192019456,4575261392
1786396521232,0,0,26192019456,4575261392
1786396521436,0,0,26192019456,4575261392
1786396521639,0,0,26192019456,4575261392
1786396521849,0,0,26192019456,4575425232
1786396522061,0,0,26192019456,4575425232
1786396522272,0,0,26192019456,4575458000
1786396522484,0,0,26192019456,4575425232
1786396522688,0,0,26192019456,4575425232
1786396522899,0,0,26192019456,4575425232
1786396523110,0,0,26192019456,4575425232
1786396523324,0,0,26192019456,4575425232
1786396523535,0,0,26192019456,4575425232
1786396523745,0,0,26192019456,4575425232
1786396523953,0,0,26192019456,4575425232
1786396524163,0,0,26192019456,4575572688
1786396524369,0,0,26192019456,4575572688
1786396524580,0,0,26192019456,4575572688
1786396524784,0,0,26192019456,4575572688
1786396524991,0,0,26192019456,4575572688
1786396525193,0,0,26192019456,4575720144
1786396525400,0,0,26192019456,4575720144
1786396525611,0,0,26192019456,4575720144
1786396525822,0,0,26192019456,4575720144
1786396526033,0,0,26192019456,4575720144
1786396526244,0,0,26192019456,4575720144
1786396526449,0,0,26192019456,4575720144
1786396526660,0,0,26192019456,4575736528
1786396526872,0,0,26192019456,4575736528
1786396527085,0,0,26192019456,4575736528
1786396527290,0,0,26192019456,4575720144
1786396527494,0,0,26192019456,4575720144
1786396527705,0,0,26192019456,4575720144
1786396527916,0,0,26192019456,4575720144
1786396528118,0,0,26192019456,4575720144
1786396528321,0,0,26192019456,4575736528
1786396528532,0,0,26192019456,4575720144
1786396528742,0,0,26192019456,4575720144
1786396528954,0,0,26192019456,4575720144
1786396529157,0,0,26192019456,4575720144
1786396529379,0,0,26192019456,4575720144
1786396529584,0,0,26192019456,4575720144
1786396529787,0,0,26192019456,4575834832
1786396529999,0,0,26192019456,4575851216
1786396530220,0,0,26192019456,4575834832
1786396530434,0,0,26192019456,4575851216
1786396530641,0,0,26192019456,4575834832
1786396530845,0,0,26192019456,4575998672
1786396531047,0,0,26192019456,4575998672
1786396531256,0,0,26192019456,4575998672
1786396531461,0,0,26192019456,4576015056
1786396531666,0,0,26192019456,4576015056
1786396531877,0,0,26192019456,4575998672
1786396532087,0,0,26192019456,4575998672
1786396532298,0,0,26192019456,4575998672
1786396532504,0,0,26192019456,4575998672
1786396532711,0,0,26192019456,4576015056
1786396532933,0,0,26192019456,4575998672
1786396533136,0,0,26192019456,4576146128
1786396533347,0,0,26192019456,4576162512
1786396533551,0,0,26192019456,4576146128
1786396533758,0,0,26192019456,4576146128
1786396533968,0,0,26192019456,4576146128
1786396534169,0,0,26192019456,4576146128
1786396534370,0,0,26192019456,4576309968
1786396534581,0,0,26192019456,4576309968
1786396534791,0,0,26192019456,4576326352
1786396535002,0,0,26192019456,4576309968
1786396535213,0,0,26192019456,4576326352
1786396535417,0,0,26192019456,4576457424
1786396535626,0,0,26192019456,4576457424
1786396535829,0,0,26192019456,4576457424
1786396536040,0,0,26192019456,4576457424
1786396536246,0,0,26192019456,4576457424
1786396536449,0,0,26192019456,4576457424
1786396536658,0,0,26192019456,4576604880
1786396536870,0,0,26192019456,4576604880
1786396537078,0,0,26192019456,4576604880
1786396537293,0,0,26192019456,4576604880
1786396537496,0,0,26192019456,4576604880
1786396537702,0,0,26192019456,4576752336
1786396537903,0,0,26192019456,4576752336
1786396538114,0,0,26192019456,4576752336
1786396538325,0,0,26192019456,4576768720
1786396538533,0,0,26192019456,4576768720
1786396538741,0,0,26192019456,4576768720
1786396538952,0,0,26192019456,4576883408
1786396539163,0,0,26192019456,4576883408
1786396539384,0,0,26192019456,4576899792
1786396539585,0,0,26192019456,4576883408
1786396539790,0,0,26192019456,4576883408
1786396539998,0,0,26192019456,4576883408
1786396540209,0,0,26192019456,4576883408
1786396540420,0,0,26192019456,4576883408
1786396540622,0,0,26192019456,4576883408
1786396540834,0,0,26192019456,4576899792
1786396541045,0,0,26192019456,4576883408
1786396541255,0,0,26192019456,4577047248
1786396541467,0,0,26192019456,4577047248
1786396541677,0,0,26192019456,4577047248
1786396541888,0,0,26192019456,4577047248
1786396542091,0,0,26192019456,4577047248
1786396542292,0,0,26192019456,4577047248
1786396542503,0,0,26192019456,4577047248
1786396542715,0,0,26192019456,4577063632
1786396542922,0,0,26192019456,4577063632
1786396543127,0,0,26192019456,4577047248
1786396543332,0,0,26192019456,4577047248
1786396543536,0,0,26192019456,4577047248
1786396543747,0,0,26192019456,4577063632
1786396543958,0,0,26192019456,4577047248
1786396544166,0,0,26192019456,4577047248
1786396544377,0,0,26192019456,4577047248
1786396544580,0,0,26192019456,4577047248
1786396544790,0,0,26192019456,4577047248
1786396545001,0,0,26192019456,4577063632
1786396545211,0,0,26192019456,4577047248
1786396545418,0,0,26192019456,4577047248
1786396545620,0,0,26192019456,4577047248
1786396545831,0,0,26192019456,4577047248
1786396546042,0,0,26192019456,4577047248
1786396546246,0,0,26192019456,4577047248
1786396546458,0,0,26192019456,4577063632
1786396546660,0,0,26192019456,4577063632
1786396546863,0,0,26192019456,4577047248
1786396547075,0,0,26192019456,4577063632
1786396547280,0,0,26192019456,4577047248
1786396547489,0,0,26192019456,4577047248
1786396547701,0,0,26192019456,4577129168
1786396547906,0,0,26192019456,4577129168
1786396548116,0,0,26192019456,4577129168
1786396548328,0,0,26192019456,4577145552
1786396548535,0,0,26192019456,4577129168
1786396548746,0,0,26192019456,4577145552
1786396548957,0,0,26192019456,4577129168
1786396549160,0,0,26192019456,4577129168
1786396549371,0,0,26192019456,4577129168
1786396549585,0,0,26192019456,4577145552
1786396549791,0,0,26192019456,4577129168
1786396549999,0,0,26192019456,4577129168
1786396550207,0,0,26192019456,4577129168
1786396550414,0,0,26192019456,4577129168
1786396550625,0,0,26192019456,4577129168
1786396550832,0,0,26192019456,4577129168
1786396551040,0,0,26192019456,4577129168
1786396551251,0,0,26192019456,4577129168
1786396551455,0,0,26192019456,4577129168
1786396551666,0,0,26192019456,4577129168
1786396551873,0,0,26192019456,4577129168
1786396552085,0,0,26192019456,4577145552
1786396552296,0,0,26192019456,4577129168
1786396552499,0,0,26192019456,4577129168
1786396552701,0,0,26192019456,4577129168
1786396552912,0,0,26192019456,4577129168
1786396553121,0,0,26192019456,4577129168
1786396553330,0,0,26192019456,4577129168
1786396553540,0,0,26192019456,4577129168
1786396553743,0,0,26192019456,4577129168
1786396553947,0,0,26192019456,4577129168
1786396554158,0,0,26192019456,4577129168
1786396554370,0,0,26192019456,4577145552
1786396554573,0,0,26192019456,4577129168
1786396554775,0,0,26192019456,4577129168
1786396554984,0,0,26192019456,4577129168
1786396555195,0,0,26192019456,4577129168
1786396555402,0,0,26192019456,4577145552
1786396555606,0,0,26192019456,4577145552
1786396555816,0,0,26192019456,4577145552
1786396556021,0,0,26192019456,4577129168
1786396556238,0,0,26192019456,4577129168
1786396556446,0,0,26192019456,4577129168
1786396556658,0,0,26192019456,4577129168
1786396556860,0,0,26192019456,4577129168
1786396557065,0,0,26192019456,4577129168
1786396557275,0,0,26192019456,4577538768
1786396557487,0,0,26192019456,4577538768
1786396557692,0,0,26192019456,4577538768
1786396557902,0,0,26192019456,4577538768
1786396558114,0,0,26192019456,4577555152
1786396558318,0,0,26192019456,4577686224
1786396558528,0,0,26192019456,4577702608
1786396558732,0,0,26192019456,4577702608
1786396558934,0,0,26192019456,4577686224
1786396559145,0,0,26192019456,4577686224
1786396559353,0,0,26192019456,4577686224
1786396559559,0,0,26192019456,4577833680
1786396559777,0,0,26192019456,4577850064
1786396559984,0,0,26192019456,4577833680
1786396560192,0,0,26192019456,4577850064
1786396560400,0,0,26192019456,4577833680
1786396560609,0,0,26192019456,4577833680
1786396560820,0,0,26192019456,4577850064
1786396561024,0,0,26192019456,4577850064
1786396561227,0,0,26192019456,4577850064
1786396561439,0,0,26192019456,4577833680
1786396561646,0,0,26192019456,4577833680
1786396561851,0,0,26192019456,4577833680
1786396562063,0,0,26192019456,4577850064
1786396562274,0,0,26192019456,4577833680
1786396562485,0,0,26192019456,4577833680
1786396562696,0,0,26192019456,4577850064
1786396562907,0,0,26192019456,4577833680
1786396563117,0,0,26192019456,4577833680
1786396563328,0,0,26192019456,4577850064
1786396563536,0,0,26192019456,4577833680
1786396563741,0,0,26192019456,4577833680
1786396563944,0,0,26192019456,4577833680
1786396564147,0,0,26192019456,4577833680
1786396564358,0,0,26192019456,4577833680
1786396564569,0,0,26192019456,4577850064
1786396564773,0,0,26192019456,4577850064
1786396564977,0,0,26192019456,4577850064
1786396565188,0,0,26192019456,4577833680
1786396565399,0,0,26192019456,4577833680
1786396565600,0,0,26192019456,4577833680
1786396565811,0,0,26192019456,4577833680
1786396566013,0,0,26192019456,4577850064
1786396566224,0,0,26192019456,4577833680
1786396566435,0,0,26192019456,4577833680
1786396566638,0,0,26192019456,4577833680
1786396566847,0,0,26192019456,4577833680
1786396567053,0,0,26192019456,4577833680
1786396567264,0,0,26192019456,4577850064
1786396567475,0,0,26192019456,4577833680
1786396567692,0,0,26192019456,4577833680
1786396567903,0,0,26192019456,4577833680
1786396568111,0,0,26192019456,4577833680
1786396568319,0,0,26192019456,4577833680
1786396568525,0,0,26192019456,4577833680
1786396568736,0,0,26192019456,4577833680
1786396568947,0,0,26192019456,4577833680
1786396569152,0,0,26192019456,4577833680
1786396569363,0,0,26192019456,4577833680
1786396569568,0,0,26192019456,4577833680
1786396569779,0,0,26192019456,4577833680
1786396569982,0,0,26192019456,4577833680
1786396570192,0,0,26192019456,4577833680
1786396570403,0,0,26192019456,4577833680
1786396570613,0,0,26192019456,4577833680
1786396570823,0,0,26192019456,4577833680
1786396571033,0,0,26192019456,4577833680
1786396571239,0,0,26192019456,4577833680
1786396571450,0,0,26192019456,4577833680
1786396571659,0,0,26192019456,4577833680
1786396571870,0,0,26192019456,4577833680
1786396572080,0,0,26192019456,4577833680
1786396572286,0,0,26192019456,4577833680
1786396572496,0,0,26192019456,4577833680
1786396572702,0,0,26192019456,4577833680
1786396572912,0,0,26192019456,4577833680
1786396573122,0,0,26192019456,4577833680
1786396573331,0,0,26192019456,4577833680
1786396573540,0,0,26192019456,4577833680
1786396573743,0,0,26192019456,4577833680
1786396573946,0,0,26192019456,4577833680
1786396574156,0,0,26192019456,4577833680
1786396574364,0,0,26192019456,4577833680
1786396574574,0,0,26192019456,4577833680
1786396574779,0,0,26192019456,4577833680
1786396574990,0,0,26192019456,4577833680
1786396575200,0,0,26192019456,4577833680
1786396575412,0,0,26192019456,4577850064
1786396575624,0,0,26192019456,4577833680
1786396575830,0,0,26192019456,4577833680
1786396576040,0,0,26192019456,4577833680
1786396576248,0,0,26192019456,4577964752
1786396576459,0,0,26192019456,4577981136
1786396576670,0,0,26192019456,4577964752
1786396576880,0,0,26192019456,4577964752
1786396577085,0,0,26192019456,4577964752
1786396577295,0,0,26192019456,4578128592
1786396577505,0,0,26192019456,4578128592
1786396577717,0,0,26192019456,4578144976
1786396577928,0,0,26192019456,4578128592
1786396578139,0,0,26192019456,4578144976
1786396578342,0,0,26192019456,4578161360
1786396578553,0,0,26192019456,4578292432
1786396578764,0,0,26192019456,4578308816
1786396578968,0,0,26192019456,4578292432
1786396579177,0,0,26192019456,4578292432
1786396579386,0,0,26192019456,4578292432
1786396579597,0,0,26192019456,4578292432
1786396579810,0,0,26192019456,4578292432
1786396580021,0,0,26192019456,4578292432
1786396580232,0,0,26192019456,4578292432
1786396580447,0,0,26192019456,4578292432
1786396580658,0,0,26192019456,4578292432
1786396580861,0,0,26192019456,4578292432
1786396581073,0,0,26192019456,4578308816
1786396581276,0,0,26192019456,4578292432
1786396581477,0,0,26192019456,4578292432
1786396581688,0,0,26192019456,4578292432
1786396581891,0,0,26192019456,4578292432
1786396582102,0,0,26192019456,4578292432
1786396582304,0,0,26192019456,4578308816
1786396582510,0,0,26192019456,4578292432
1786396582722,0,0,26192019456,4578292432
1786396582927,0,0,26192019456,4578292432
1786396583138,0,0,26192019456,4578292432
1786396583349,0,0,26192019456,4578308816
1786396583556,0,0,26192019456,4578292432
1786396583769,0,0,26192019456,4578292432
1786396583980,0,0,26192019456,4578292432
1786396584188,0,0,26192019456,4578292432
1786396584399,0,0,26192019456,4578292432
1786396584605,0,0,26192019456,4578292432
1786396584822,0,0,26192019456,4578308816
1786396585033,0,0,26192019456,4578292432
1786396585235,0,0,26192019456,4578292432
1786396585443,0,0,26192019456,4578292432
1786396585654,0,0,26192019456,4578292432
1786396585862,0,0,26192019456,4578292432
1786396586072,0,0,26192019456,4578292432
1786396586282,0,0,26192019456,4578308816
1786396586483,0,0,26192019456,4578292432
1786396586693,0,0,26192019456,4578292432
1786396586895,0,0,26192019456,4578308816
1786396587101,0,0,26192019456,4578292432
1786396587304,0,0,26192019456,4578292432
1786396587508,0,0,26192019456,4578292432
1786396587718,0,0,26192019456,4578292432
1786396587930,0,0,26192019456,4578292432
1786396588141,0,0,26192019456,4578292432
1786396588347,0,0,26192019456,4578308816
1786396588561,0,0,26192019456,4578308816
1786396588769,0,0,26192019456,4578292432
1786396588980,0,0,26192019456,4578292432
1786396589192,0,0,26192019456,4578292432
1786396589394,0,0,26192019456,4578308816
1786396589603,0,0,26192019456,4578292432
1786396589824,0,0,26192019456,4578292432
1786396590029,0,0,26192019456,4578292432
1786396590241,0,0,26192019456,4578308816
1786396590444,0,0,26192019456,4578292432
1786396590654,0,0,26192019456,4578292432
1786396590865,0,0,26192019456,4578308816
1786396591074,0,0,26192019456,4578292432
1786396591285,0,0,26192019456,4578292432
1786396591492,0,0,26192019456,4578308816
1786396591701,0,0,26192019456,4578292432
1786396591911,0,0,26192019456,4578292432
1786396592122,0,0,26192019456,4578292432
1786396592328,0,0,26192019456,4578292432
1786396592533,0,0,26192019456,4578292432
1786396592734,0,0,26192019456,4578292432
1786396592943,0,0,26192019456,4578292432
1786396593152,0,0,26192019456,4578308816
1786396593354,0,0,26192019456,4578292432
1786396593565,0,0,26192019456,4578292432
1786396593780,0,0,26192019456,4578292432
1786396593984,0,0,26192019456,4578292432
1786396594194,0,0,26192019456,4578292432
1786396594402,0,0,26192019456,4578292432
1786396594613,0,0,26192019456,4578292432
1786396594824,0,0,26192019456,4578292432
1786396595028,0,0,26192019456,4578292432
1786396595231,0,0,26192019456,4578292432
1786396595438,0,0,26192019456,4578292432
1786396595649,0,0,26192019456,4578292432
1786396595860,0,0,26192019456,4578292432
1786396596070,0,0,26192019456,4578292432
1786396596274,0,0,26192019456,4578292432
1786396596479,0,0,26192019456,4578308816
1786396596690,0,0,26192019456,4578292432
1786396596900,0,0,26192019456,4578292432
1786396597111,0,0,26192019456,4578292432
1786396597319,0,0,26192019456,4578292432
1786396597527,0,0,26192019456,4578292432
1786396597737,0,0,26192019456,4578308816
1786396597943,0,0,26192019456,4578292432
1786396598152,0,0,26192019456,4578292432
1786396598363,0,0,26192019456,4578292432
1786396598574,0,0,26192019456,4578292432
1786396598777,0,0,26192019456,4578292432
1786396598978,0,0,26192019456,4578292432
1786396599189,0,0,26192019456,4578292432
1786396599396,0,0,26192019456,4578308816
1786396599601,0,0,26192019456,4578292432
1786396599809,0,0,26192019456,4578308816
1786396600032,0,0,26192019456,4578292432
1786396600242,0,0,26192019456,4578292432
1786396600443,0,0,26192019456,4578292432
1786396600646,0,0,26192019456,4578292432
1786396600850,0,0,26192019456,4578308816
1786396601062,0,0,26192019456,4578292432
1786396601272,0,0,26192019456,4578292432
1786396601483,0,0,26192019456,4578292432
1786396601694,0,0,26192019456,4578292432
1786396601903,0,0,26192019456,4578292432
1786396602110,0,0,26192019456,4578292432
1786396602319,0,0,26192019456,4578292432
1786396602531,0,0,26192019456,4578292432
1786396602741,0,0,26192019456,4578292432
1786396602951,0,0,26192019456,4578292432
1786396603161,0,0,26192019456,4578292432
1786396603372,0,0,26192019456,4578292432
1786396603574,0,0,26192019456,4578292432
1786396603785,0,0,26192019456,4578423504
1786396603996,0,0,26192019456,4578423504
1786396604197,0,0,26192019456,4578423504
1786396604407,0,0,26192019456,4578423504
1786396604611,0,0,26192019456,4578423504
1786396604821,0,0,26192019456,4578603728
1786396605023,0,0,26192019456,4578603728
1786396605232,0,0,26192019456,4578603728
1786396605440,0,0,26192019456,4578603728
1786396605651,0,0,26192019456,4578603728
1786396605856,0,0,26192019456,4578603728
1786396606067,0,0,26192019456,4578734800
1786396606278,0,0,26192019456,4578734800
1786396606499,0,0,26192019456,4578734800
1786396606701,0,0,26192019456,4578734800
1786396606905,268435456,100663296,26292682752,4571886288
1786396607115,268435456,268435456,26460454912,4571230928
1786396607326,268435456,268435456,26460454912,4571230928
1786396607536,268435456,268435456,26460454912,4571230928
1786396607746,268435456,268435456,26460454912,4571230928
1786396607951,268435456,268435456,26460454912,4571230928
1786396608154,268435456,268435456,26460454912,4571230928
1786396608365,268435456,268435456,26460454912,4571230928
1786396608576,268435456,268435456,26460454912,4571230928
1786396608783,268435456,268435456,26460454912,4571230928
1786396608989,536870912,502267904,26694680576,4566168272
1786396609200,536870912,536870912,26728890368,4565955280
1786396609411,536870912,536870912,26728890368,4565938896
1786396609621,536870912,536870912,26728890368,4565938896
1786396609833,536870912,536870912,26728890368,4565938896
1786396610044,536870912,536870912,26728890368,4565955280
1786396610255,536870912,536870912,26728890368,4565955280
1786396610459,536870912,536870912,26728890368,4565938896
1786396610670,536870912,536870912,26728890368,4565938896
1786396610871,805306368,551550976,26744438784,4565856976
1786396611081,805306368,805306368,26997325824,4576473808
1786396611292,805306368,805306368,26997325824,4576490192
1786396611496,805306368,805306368,26997325824,4576473808
1786396611707,805306368,805306368,26997325824,4576473808
1786396611918,805306368,805306368,26997325824,4576473808
1786396612129,805306368,805306368,26997325824,4576473808
1786396612338,805306368,805306368,26997325824,4576473808
1786396612541,805306368,805306368,26997325824,4576473808
1786396612751,805306368,805306368,26997325824,4576473808
1786396612956,1073741824,1009778688,27202486272,4576735952
1786396613167,1073741824,1073741824,27265761280,4576752336
1786396613378,1073741824,1073741824,27265761280,4576752336
1786396613586,1073741824,1073741824,27265761280,4576735952
1786396613792,1073741824,1073741824,27265761280,4576735952
1786396613997,1073741824,1073741824,27265761280,4577096400
1786396614208,1073741824,1073741824,27265761280,4577096400
1786396614419,1073741824,1073741824,27265761280,4577112784
1786396614630,1073741824,1073741824,27265761280,4577096400
1786396614835,1073741824,1073741824,27265761280,4577096400
1786396615038,1342177280,1298137088,27490320384,4577997520
1786396615243,1342177280,1342177280,27534196736,4586255056
1786396615454,1342177280,1342177280,27534196736,4586255056
1786396615665,1342177280,1342177280,27534196736,4586255056
1786396615868,1342177280,1342177280,27534196736,4586255056
1786396616080,1342177280,1342177280,27534196736,4586255056
1786396616290,1342177280,1342177280,27534196736,4586648272
1786396616496,1342177280,1342177280,27534196736,4586648272
1786396616701,1342177280,1342177280,27534196736,4586648272
1786396616912,1610612736,1382023168,27574108160,4587254480
1786396617117,1610612736,1610612736,27802632192,4550046416
1786396617327,1610612736,1610612736,27802632192,4550046416
1786396617532,1610612736,1610612736,27802632192,4550423248
1786396617733,1610612736,1610612736,27802632192,4550423248
1786396617942,1610612736,1610612736,27802632192,4550423248
1786396618152,1610612736,1610612736,27802632192,4550423248
1786396618358,1610612736,1610612736,27802632192,4550439632
1786396618567,1610612736,1610612736,27802632192,4550587088
1786396618778,1610612736,1610612736,27802632192,4550587088
1786396618987,1879048192,1697644544,27890696192,4551406288
1786396619196,1879048192,1879048192,28071067648,4554453712
1786396619407,1879048192,1879048192,28071067648,4554453712
1786396619613,1879048192,1879048192,28071067648,4554453712
1786396619823,1879048192,1879048192,28071067648,4554797776
1786396620034,1879048192,1879048192,28071067648,4554797776
1786396620246,1879048192,1879048192,28071067648,4554814160
1786396620450,1879048192,1879048192,28071067648,4554814160
1786396620659,1879048192,1879048192,28071067648,4554797776
1786396620861,1879048192,1879048192,28071067648,4554928848
1786396621067,2147483648,2147483648,28339503104,4561482448
1786396621277,2147483648,2147483648,28339503104,4561498832
1786396621488,2147483648,2147483648,28339503104,4561482448
1786396621695,2147483648,2147483648,28339503104,4561482448
1786396621896,2147483648,2147483648,28339503104,4561482448
1786396622097,2147483648,2147483648,28339503104,4561842896
1786396622308,2147483648,2147483648,28339503104,4561859280
1786396622512,2147483648,2147483648,28339503104,4561842896
1786396622714,2147483648,2147483648,28339503104,4561859280
1786396622919,2415919104,2147483648,28339503104,4562694864
1786396623120,2415919104,2351955968,28544761856,4567954128
1786396623339,2415919104,2387607552,28579627008,4568543952
1786396623573,2415919104,2389704704,28581724160,4568396496
1786396623811,2415919104,2406481920,28598501376,4568380112
1786396624016,2415919104,2411724800,28603744256,4568052432
1786396624227,2415919104,2415919104,28607938560,4567708368
1786396624436,2415919104,2415919104,28607938560,4567708368
1786396624647,2415919104,2415919104,28607938560,4567708368
1786396624856,2415919104,2415919104,28607938560,4567708368
1786396625064,2684354560,2492465152,28684484608,4568511184
1786396625275,2684354560,2684354560,28876374016,4567708368
1786396625486,2684354560,2684354560,28876374016,4567708368
1786396625697,2684354560,2684354560,28876374016,4567708368
1786396625908,2684354560,2684354560,28876374016,4567708368
1786396626112,2684354560,2684354560,28876374016,4567708368
1786396626322,2684354560,2684354560,28876374016,4567708368
1786396626533,2684354560,2684354560,28876374016,4568085200
1786396626739,2684354560,2684354560,28876374016,4568085200
1786396626945,2684354560,2684354560,28876374016,4568085200
1786396627150,2952790016,2948595712,29140762624,4568478416
1786396627361,2952790016,2952790016,29144809472,4567839440
1786396627562,2952790016,2952790016,29144809472,4568216272
1786396627773,2952790016,2952790016,29144809472,4568216272
1786396627984,2952790016,2952790016,29144809472,4568232656
1786396628195,2952790016,2952790016,29144809472,4568216272
1786396628405,2952790016,2952790016,29144809472,4568216272
1786396628612,2952790016,2952790016,29144809472,4568232656
1786396628818,2952790016,2952790016,29144809472,4568380112
1786396629023,3221225472,2989490176,29181509632,4569051856
1786396629234,3221225472,3221225472,29413244928,4568167120
1786396629446,3221225472,3221225472,29413244928,4568167120
1786396629649,3221225472,3221225472,29413244928,4568167120
1786396629858,3221225472,3221225472,29413244928,4568167120
1786396630064,3221225472,3221225472,29413244928,4568527568
1786396630275,3221225472,3221225472,29413244928,4568527568
1786396630487,3221225472,3221225472,29413244928,4568543952
1786396630697,3221225472,3221225472,29413244928,4568527568
1786396630901,3221225472,3221225472,29413244928,4568527568
1786396631106,3489660928,3401580544,29593944064,4568396496
1786396631316,3489660928,3489660928,29681680384,4568167120
1786396631528,3489660928,3489660928,29681680384,4568167120
1786396631736,3489660928,3489660928,29681680384,4568167120
1786396631945,3489660928,3489660928,29681680384,4568167120
1786396632151,3489660928,3489660928,29681680384,4568167120
1786396632362,3489660928,3489660928,29681680384,4568658640
1786396632573,3489660928,3489660928,29681680384,4568658640
1786396632784,3489660928,3489660928,29681680384,4568658640
1786396632995,3489660928,3489660928,29681680384,4568658640
1786396633201,3758096384,3758096384,29950115840,4568462032
1786396633412,3758096384,3758096384,29950115840,4568462032
1786396633623,3758096384,3758096384,29950115840,4568462032
1786396633834,3758096384,3758096384,29950115840,4568462032
1786396634037,3758096384,3758096384,29950115840,4568478416
1786396634247,3758096384,3758096384,29950115840,4568462032
1786396634450,3758096384,3758096384,29950115840,4568822480
1786396634661,3758096384,3758096384,29950115840,4568822480
1786396634864,3758096384,3758096384,29950115840,4568838864
1786396635075,4026531840,3778019328,29970989056,4569232080
1786396635286,4026531840,4026531840,30218551296,4568625872
1786396635496,4026531840,4026531840,30218551296,4568625872
1786396635707,4026531840,4026531840,30218551296,4568822480
1786396635918,4026531840,4026531840,30218551296,4568822480
1786396636122,4026531840,4026531840,30218551296,4568822480
1786396636328,4026531840,4026531840,30218551296,4568822480
1786396636531,4026531840,4026531840,30218551296,4568822480
1786396636739,4026531840,4026531840,30218551296,4568822480
1786396636947,4026531840,4026531840,30218551296,4568822480
1786396637150,4294967296,4095737856,30288527360,4568756944
1786396637360,4294967296,4294967296,30486986752,4568494800
1786396637571,4294967296,4294967296,30486986752,4568511184
1786396637777,4294967296,4294967296,30486986752,4568494800
1786396637985,4294967296,4294967296,30486986752,4568494800
1786396638196,4294967296,4294967296,30486986752,4568494800
1786396638397,4294967296,4294967296,30486986752,4568527568
1786396638599,4294967296,4294967296,30486986752,4568511184
1786396638807,4294967296,4294967296,30486986752,4568511184
1786396639010,4294967296,4294967296,30486986752,4568707792
1786396639215,4563402752,4357881856,30549901312,4569051856
1786396639422,4563402752,4440719360,30633639936,4568396496
1786396639623,4563402752,4563402752,30755422208,4568396496
1786396639834,4563402752,4563402752,30755422208,4568396496
1786396640042,4563402752,4563402752,30755422208,4568396496
1786396640252,4563402752,4563402752,30755422208,4568756944
1786396640463,4563402752,4563402752,30755422208,4568756944
1786396640671,4563402752,4563402752,30755422208,4568756944
1786396640880,4563402752,4563402752,30755422208,4568773328
1786396641082,4563402752,4563402752,30755422208,4568756944
1786396641289,4831838208,4791992320,30984159232,4569019088
1786396641496,4831838208,4831838208,31023857664,4568396496
1786396641707,4831838208,4831838208,31023857664,4568396496
1786396641915,4831838208,4831838208,31023857664,4568396496
1786396642125,4831838208,4831838208,31023857664,4568412880
1786396642326,4831838208,4831838208,31023857664,4568396496
1786396642536,4831838208,4831838208,31023857664,4568396496
1786396642747,4831838208,4831838208,31023857664,4568412880
1786396642958,4831838208,4831838208,31023857664,4568396496
1786396643164,5100273664,4869586944,31061786624,4568969936
1786396643375,5100273664,5100273664,31292293120,4568396496
1786396643585,5100273664,5100273664,31292293120,4568396496
1786396643796,5100273664,5100273664,31292293120,4568396496
1786396644007,5100273664,5100273664,31292293120,4568396496
1786396644208,5100273664,5100273664,31292293120,4568396496
1786396644417,5100273664,5100273664,31292293120,4568396496
1786396644620,5100273664,5100273664,31292293120,4568396496
1786396644831,5100273664,5100273664,31292293120,4568756944
1786396645041,5100273664,5100273664,31292293120,4568756944
1786396645245,5368709120,5291114496,31483133952,4569314000
1786396645455,5368709120,5368709120,31560728576,4568265424
1786396645666,5368709120,5368709120,31560728576,4568265424
1786396645870,5368709120,5368709120,31560728576,4568265424
1786396646081,5368709120,5368709120,31560728576,4568265424
1786396646291,5368709120,5368709120,31560728576,4568265424
1786396646493,5368709120,5368709120,31560728576,4568298192
1786396646703,5368709120,5368709120,31560728576,4568265424
1786396646906,5368709120,5368709120,31560728576,4568265424
1786396647116,5368709120,5368709120,31560728576,4568265424
1786396647326,5637144576,5637144576,31829164032,4568265424
1786396647537,5637144576,5637144576,31829164032,4568265424
1786396647747,5637144576,5637144576,31829164032,4568265424
1786396647951,5637144576,5637144576,31829164032,4569117392
1786396648162,5637144576,5637144576,31829164032,4569117392
1786396648372,5637144576,5637144576,31829164032,4569117392
1786396648582,5637144576,5637144576,31829164032,4569117392
1786396648792,5637144576,5637144576,31829164032,4569117392
1786396649001,5637144576,5637144576,31829164032,4569281232
1786396649205,5905580032,5722079232,31914246144,4569756368
1786396649415,5905580032,5905580032,32097599488,4569019088
1786396649626,5905580032,5905580032,32097599488,4569019088
1786396649831,5905580032,5905580032,32097599488,4569019088
1786396650042,5905580032,5905580032,32097599488,4569019088
1786396650243,5905580032,5905580032,32097599488,4569412304
1786396650454,5905580032,5905580032,32097599488,4569412304
1786396650663,5905580032,5905580032,32097599488,4569412304
1786396650869,5905580032,5905580032,32097599488,4569428688
1786396651074,5905580032,5905580032,32097599488,4569412304
1786396651283,6174015488,6075449344,32268451840,4570247888
1786396651491,6174015488,6174015488,32366034944,4569690832
1786396651703,6174015488,6174015488,32366034944,4569690832
1786396651913,6174015488,6174015488,32366034944,4569707216
1786396652117,6174015488,6174015488,32366034944,4569690832
1786396652322,6174015488,6174015488,32366034944,4569690832
1786396652533,6174015488,6174015488,32366034944,4570247888
1786396652744,6174015488,6174015488,32366034944,4570247888
1786396652946,6174015488,6174015488,32366034944,4570247888
1786396653157,6174015488,6174015488,32366034944,4570247888
1786396653367,6442450944,6289358848,32481378304,4570510032
1786396653583,6442450944,6377439232,32569458688,4571083472
1786396653795,6442450944,6442450944,32634470400,4570067664
1786396654003,6442450944,6442450944,32634470400,4570051280
1786396654214,6442450944,6442450944,32634470400,4570051280
1786396654424,6442450944,6442450944,32634470400,4570051280
1786396654625,6442450944,6442450944,32634470400,4570280656
1786396654827,6442450944,6442450944,32634470400,4570280656
1786396655038,6442450944,6442450944,32634470400,4570280656
1786396655249,6710886400,6477053952,32669614080,4569936592
1786396655450,6710886400,6710886400,32902905856,4569936592
1786396655661,6710886400,6710886400,32902905856,4569936592
1786396655866,6710886400,6710886400,32902905856,4570313424
1786396656077,6710886400,6710886400,32902905856,4570313424
1786396656280,6710886400,6710886400,32902905856,4570313424
1786396656490,6710886400,6710886400,32902905856,4570329808
1786396656697,6710886400,6710886400,32902905856,4570313424
1786396656905,6710886400,6710886400,32902905856,4570313424
1786396657110,6710886400,6710886400,32902905856,4571050704
1786396657315,6979321856,6807355392,32999374848,4571722448
1786396657525,6979321856,6979321856,33171341312,4570870480
1786396657736,6979321856,6979321856,33171341312,4570870480
1786396657948,6979321856,6979321856,33171341312,4570886864
1786396658148,6979321856,6979321856,33171341312,4571296464
1786396658359,6979321856,6979321856,33171341312,4571296464
1786396658569,6979321856,6979321856,33171341312,4571296464
1786396658780,6979321856,6979321856,33171341312,4571296464
1786396658990,6979321856,6979321856,33171341312,4571296464
1786396659192,6979321856,6979321856,33171341312,4571574992
1786396659402,7247757312,7247757312,33439776768,4571362000
1786396659613,7247757312,7247757312,33439776768,4571362000
1786396659822,7247757312,7247757312,33439776768,4571362000
1786396660030,7247757312,7247757312,33439776768,4571378384
1786396660233,7247757312,7247757312,33439776768,4571378384
1786396660434,7247757312,7247757312,33439776768,4572099280
1786396660645,7247757312,7247757312,33439776768,4572099280
1786396660856,7247757312,7247757312,33439776768,4572115664
1786396661088,7247757312,7247757312,33439776768,4572099280
1786396661293,7516192768,7270825984,33463746560,4571804368
1786396661504,7516192768,7516192768,33708212224,4572279504
1786396661715,7516192768,7516192768,33708212224,4572279504
1786396661925,7516192768,7516192768,33708212224,4572295888
1786396662137,7516192768,7516192768,33708212224,4572295888
1786396662347,7516192768,7516192768,33708212224,4572279504
1786396662548,7516192768,7516192768,33708212224,4572279504
1786396662753,7516192768,7516192768,33708212224,4572459728
1786396662964,7516192768,7516192768,33708212224,4572459728
1786396663165,7516192768,7516192768,33708212224,4572459728
1786396663369,7784628224,7592738816,33785004032,4573115088
1786396663579,7784628224,7784628224,33976647680,4572459728
1786396663790,7784628224,7784628224,33976647680,4572721872
1786396664001,7784628224,7784628224,33976647680,4572738256
1786396664224,7784628224,7784628224,33976647680,4572738256
1786396664427,7784628224,7784628224,33976647680,4572721872
1786396664632,7784628224,7784628224,33976647680,4572721872
1786396664841,7784628224,7784628224,33976647680,4572721872
1786396665049,7784628224,7784628224,33976647680,4573000400
1786396665260,7784628224,7784628224,33976647680,4573000400
1786396665462,8053063680,8000634880,34192654336,4574032592
1786396665673,8053063680,8053063680,34245083136,4573000400
1786396665884,8053063680,8053063680,34245083136,4573000400
1786396666094,8053063680,8053063680,34245083136,4573262544
1786396666296,8053063680,8053063680,34245083136,4573278928
1786396666525,8053063680,8053063680,34245083136,4573262544
1786396666736,8053063680,8053063680,34245083136,4573262544
1786396666944,8053063680,8053063680,34245083136,4573262544
1786396667145,8053063680,8053063680,34245083136,4573262544
1786396667347,8321499136,8078229504,34271199232,4574556880
1786396667551,8321499136,8321499136,34513518592,4561597136
1786396667762,8321499136,8321499136,34513518592,4561597136
1786396667965,8321499136,8321499136,34513518592,4561597136
1786396668176,8321499136,8321499136,34513518592,4561597136
1786396668381,8321499136,8321499136,34513518592,4575277800
1786396668590,8321499136,8321499136,34513518592,4622594888
1786396668802,8321499136,8321499136,34513518592,4622594888
1786396669013,8321499136,8321499136,34513518592,4622594888
1786396669215,8321499136,8321499136,34513518592,4622594888
1786396669421,8504541184,8428453888,34620833792,4559418184
1786396669625,8504541184,8504541184,34696560640,4466144360
1786396669835,8504541184,8504541184,34696560640,4466144360
1786396670042,8504541184,8504541184,34696560640,4466144360
1786396670247,8504541184,8504541184,34696560640,4466144360
1786396670450,8504541184,8504541184,34696560640,4466160744
1786396670651,8504541184,8504541184,34696560640,4466144360
1786396670862,8504541184,8504541184,34696560640,4506891368
1786396671066,8504541184,8504541184,34696560640,4506891368
1786396671271,8504541184,8504541184,34696560640,4506891368
1786396671475,8566243328,8566243328,34758262784,4458247272
1786396671687,8566243328,8566243328,34758262784,4458247272
1786396671898,8566243328,8566243328,34758262784,4458247272
1786396672108,8566243328,8566243328,34758262784,4473844840
1786396672319,8566243328,8566243328,34758262784,4473844840
1786396672530,8566243328,8566243328,34758262784,4473861224
1786396672734,8566243328,8566243328,34758262784,4473861224
1786396672944,8566243328,8566243328,34758262784,4473910376
1786396673155,8566243328,8566243328,34758262784,4480529512
1786396673358,8566243328,8566243328,34758262784,4532057216
1786396673573,8566243328,8566243328,34758262784,4532057216
1786396673784,8566243328,8566243328,34758262784,4532057216
1786396673993,8566243328,8566243328,34758262784,4532057216
1786396674197,8566243328,8566243328,34758262784,4532073600
1786396674399,8566243328,8566243328,34758262784,4542592128
1786396674610,8566243328,8566243328,34758262784,4548048000
1786396674821,8566243328,8566243328,34758262784,4548048000
1786396675032,8566243328,8566243328,34758262784,4548048000
1786396675238,8566243328,8566243328,34758262784,4548064384
1786396675449,8566243328,8566243328,34758262784,4548064384
1786396675660,8566243328,8566243328,34758262784,4548048000
1786396675871,8566243328,8566243328,34758262784,4548048000
1786396676078,8566243328,8566243328,34758262784,4548048000
1786396676289,8566243328,8566243328,34758262784,4548048000
1786396676497,8566243328,8566243328,34758262784,4548146304
1786396676705,8566243328,8566243328,34758262784,4548146304
1786396676914,8566243328,8566243328,34758262784,4548146304
1786396677125,8566243328,8566243328,34758262784,4548146304
1786396677329,8566243328,8566243328,34758262784,4548146304
1786396677540,8566243328,8566243328,34758262784,4548146304
1786396677744,8566243328,8566243328,34758262784,4548146304
1786396677955,8566243328,8566243328,34758262784,4548146304
1786396678165,8566243328,8566243328,34758262784,4548146304
1786396678376,8566243328,8566243328,34758262784,4548146304
1786396678588,8566243328,8566243328,34758262784,4548162688
1786396678796,8566243328,8566243328,34758262784,4548146304
1786396679007,8566243328,8566243328,34758262784,4548162688
1786396679217,8566243328,8566243328,34758262784,4548146304
1786396679428,8566243328,8566243328,34758262784,4548146304
1786396679640,8566243328,8566243328,34758262784,4548146304
1786396679846,8566243328,8566243328,34758262784,4548146304
1786396680052,8566243328,8566243328,34758262784,4548146304
1786396680261,8566243328,8566243328,34758262784,4548146304
1786396680472,8566243328,8566243328,34758262784,4549227672
1786396680683,8566243328,8566243328,34758262784,4549227672
1786396680886,8566243328,8566243328,34758262784,4549227672
1786396681096,8566243328,8566243328,34758262784,4549227672
1786396681307,8566243328,8566243328,34758262784,4549227672
1786396681518,8566243328,8566243328,34758262784,4556567704
1786396681718,8566243328,8566243328,34758262784,4556567704
1786396681930,8566243328,8566243328,34758262784,4556584088
1786396682141,8566243328,8566243328,34758262784,4556584088
1786396682345,8566243328,8566243328,34758262784,4556567704
1786396682557,8566243328,8566243328,34758262784,4556584088
1786396682766,8566243328,8566243328,34758262784,4556584088
1786396682977,8566243328,8566243328,34758262784,4556600472
1786396683183,8566243328,8566243328,34758262784,4556584088
1786396683393,8566243328,8566243328,34758262784,4556584088
1786396683597,8566243328,8566243328,34758262784,4556600472
1786396683798,8566243328,8566243328,34758262784,4556600472
1786396684009,8566243328,8566243328,34758262784,4556600472
1786396684222,8566243328,8566243328,34758262784,4556600472
1786396684433,8566243328,8566243328,34758262784,4556600472
1786396684643,8566243328,8566243328,34758262784,4556600472
1786396684846,8566243328,8566243328,34758262784,4556600472
1786396685049,8566243328,8566243328,34758262784,4556600472
1786396685257,8566243328,8566243328,34758262784,4556600472
1786396685468,8566243328,8566243328,34758262784,4556600472
1786396685674,8566243328,8566243328,34758262784,4556616856
1786396685877,8566243328,8566243328,34758262784,4556600472
1786396686091,8566243328,8566243328,34758262784,4556600472
1786396686301,8566243328,8566243328,34758262784,4556600472
1786396686512,8566243328,8566243328,34758262784,4556600472
1786396686718,8566243328,8566243328,34758262784,4556600472
1786396686924,8566243328,8566243328,34758262784,4556600472
1786396687135,8566243328,8566243328,34758262784,4556600472
1786396687335,8566243328,8566243328,34758262784,4556600472
1786396687546,8566243328,8566243328,34758262784,4556600472
1786396687757,8566243328,8566243328,34758262784,4556600472
1786396687968,8566243328,8566243328,34758262784,4556600472
1786396688176,8566243328,8566243328,34758262784,4556600472
1786396688380,8566243328,8566243328,34758262784,4556600472
1786396688582,8566243328,8566243328,34758262784,4556600472
1786396688792,8566243328,8566243328,34758262784,4556600472
1786396688997,8566243328,8566243328,34758262784,4556600472
1786396689208,8566243328,8566243328,34758262784,4556616856
1786396689419,8566243328,8566243328,34758262784,4556600472
1786396689631,8566243328,8566243328,34758262784,4556616856
1786396689835,8566243328,8566243328,34758262784,4556600472
1786396690046,8566243328,8566243328,34758262784,4556600472
1786396690247,8566243328,8566243328,34758262784,4556600472
1786396690456,8566243328,8566243328,34758262784,4556600472
1786396690657,8566243328,8566243328,34758262784,4556600472
1786396690867,8566243328,8566243328,34758262784,4556600472
1786396691077,8566243328,8566243328,34758262784,4556600472
1786396691288,8566243328,8566243328,34758262784,4556600472
1786396691499,8566243328,8566243328,34758262784,4556616856
1786396691705,8566243328,8566243328,34758262784,4556600472
1786396691916,8566243328,8566243328,34758262784,4556600472
1786396692117,8566243328,8566243328,34758262784,4556993688
1786396692328,8566243328,8566243328,34758262784,4556993688
1786396692532,8566243328,8566243328,34758262784,4557010072
1786396692734,8566243328,8566243328,34758262784,4556993688
1786396692945,8566243328,8566243328,34758262784,4556993688
1786396693157,8566243328,8566243328,34758262784,4556993688
1786396693367,8566243328,8566243328,34758262784,4558697624
1786396693578,8566243328,8566243328,34758262784,4558714008
1786396693790,8566243328,8566243328,34758262784,4558697624
1786396694003,8566243328,8566243328,34758262784,4558714008
1786396694211,8566243328,8566243328,34758262784,4558697624
1786396694419,8566243328,8566243328,34758262784,4564989080
1786396694629,8566243328,8566243328,34758262784,4564989080
1786396694840,8566243328,8566243328,34758262784,4564989080
1786396695051,8566243328,8566243328,34758262784,4564989080
1786396695263,8566243328,8566243328,34758262784,4564989080
1786396695471,8566243328,8566243328,34758262784,4565005464
1786396695677,8566243328,8566243328,34758262784,4564989080
1786396695888,8566243328,8566243328,34758262784,4565005464
1786396696098,8566243328,8566243328,34758262784,4565005464
1786396696310,8566243328,8566243328,34758262784,4565005464
1786396696514,8566243328,8566243328,34758262784,4564989080
1786396696719,8566243328,8566243328,34758262784,4564989080
1786396696930,8566243328,8566243328,34758262784,4564989080
1786396697142,8566243328,8566243328,34758262784,4564989080
1786396697354,8566243328,8566243328,34758262784,4564989080
1786396697565,8566243328,8566243328,34758262784,4564989080
1786396697769,8566243328,8566243328,34758262784,4565005464
1786396697975,8566243328,8566243328,34758262784,4564989080
1786396698186,8566243328,8566243328,34758262784,4565005464
1786396698396,8566243328,8566243328,34758262784,4564989080
1786396698608,8566243328,8566243328,34758262784,4565005464
1786396698819,8566243328,8566243328,34758262784,4565005464
1786396699022,8566243328,8566243328,34758262784,4565005464
1786396699233,8566243328,8566243328,34758262784,4565005464
1786396699443,8566243328,8566243328,34758262784,4565021848
1786396699660,8566243328,8566243328,34758262784,4565021848
1786396699864,8566243328,8566243328,34758262784,4565021848
1786396700070,8566243328,8566243328,34758262784,4565021848
1786396700274,8566243328,8566243328,34758262784,4565021848
1786396700484,8566243328,8566243328,34758262784,4565021848
1786396700697,8566243328,8566243328,34758262784,4565038232
1786396700918,8566243328,8566243328,34758262784,4565021848
1786396701130,8566243328,8566243328,34758262784,4565038232
1786396701337,8566243328,8566243328,34758262784,4565038232
1786396701548,8566243328,8566243328,34758262784,4565021848
1786396701753,8566243328,8566243328,34758262784,4565038232
1786396701964,8566243328,8566243328,34758262784,4565021848
1786396702175,8566243328,8566243328,34758262784,4565021848
1786396702387,8566243328,8566243328,34758262784,4565038232
1786396702591,8566243328,8566243328,34758262784,4565021848
1786396702797,8566243328,8566243328,34758262784,4565021848
1786396703008,8566243328,8566243328,34758262784,4565038232
1786396703218,8566243328,8566243328,34758262784,4565021848
1786396703429,8566243328,8566243328,34758262784,4565021848
1786396703636,8566243328,8566243328,34758262784,4565021848
1786396703847,8566243328,8566243328,34758262784,4565021848
1786396704057,8566243328,8566243328,34758262784,4565021848
1786396704268,8566243328,8566243328,34758262784,4565021848
1786396704479,8566243328,8566243328,34758262784,4565021848
1786396704688,8566243328,8566243328,34758262784,4565021848
1786396704897,8566243328,8566243328,34758262784,4565021848
1786396705107,8566243328,8566243328,34758262784,4565021848
1786396705318,8566243328,8566243328,34758262784,4565021848
1786396705525,8566243328,8566243328,34758262784,4565038232
1786396705731,8566243328,8566243328,34758262784,4565021848
1786396705937,8566243328,8566243328,34758262784,4565021848
1786396706139,8566243328,8566243328,34758262784,4565021848
1786396706349,8566243328,8566243328,34758262784,4565021848
1786396706560,8566243328,8566243328,34758262784,4565021848
1786396706770,8566243328,8566243328,34758262784,4565021848
1786396706972,8566243328,8566243328,34758262784,4565021848
1786396707178,8566243328,8566243328,34758262784,4565038232
1786396707387,8566243328,8566243328,34758262784,4565251224
1786396707598,8566243328,8566243328,34758262784,4565251224
1786396707801,8566243328,8566243328,34758262784,4565251224
1786396708013,8566243328,8566243328,34758262784,4565267608
1786396708221,8566243328,8566243328,34758262784,4565251224
1786396708429,8566243328,8566243328,34758262784,4565251224
1786396708634,8566243328,8566243328,34758262784,4565251224
1786396708845,8566243328,8566243328,34758262784,4565251224
1786396709053,8566243328,8566243328,34758262784,4565251224
1786396709264,8566243328,8566243328,34758262784,4565251224
1786396709472,8566243328,8566243328,34758262784,4565251224
1786396709673,8566243328,8566243328,34758262784,4565251224
1786396709880,8566243328,8566243328,34758262784,4566316184
1786396710095,8566243328,8566243328,34758262784,4566299800
1786396710311,8566243328,8566243328,34758262784,4566316184
1786396710522,8566243328,8566243328,34758262784,4566316184
1786396710731,8566243328,8566243328,34758262784,4566299800
1786396710936,8566243328,8566243328,34758262784,4566299800
1786396711147,8566243328,8566243328,34758262784,4566299800
1786396711357,8566243328,8566243328,34758262784,4566299800
1786396711568,8566243328,8566243328,34758262784,4566299800
1786396711778,8566243328,8566243328,34758262784,4566299800
1786396711989,8566243328,8566243328,34758262784,4566299800
1786396712199,8566243328,8566243328,34758262784,4566299800
1786396712410,8566243328,8566243328,34758262784,4566299800
1786396712621,8566243328,8566243328,34758262784,4566299800
1786396712828,8566243328,8566243328,34758262784,4566299800
1786396713033,8566243328,8566243328,34758262784,4566299800
1786396713243,8566243328,8566243328,34758262784,4566299800
1786396713448,8566243328,8566243328,34758262784,4566299800
1786396713659,8566243328,8566243328,34758262784,4566299800
1786396713870,8566243328,8566243328,34758262784,4566299800
1786396714084,8566243328,8566243328,34758262784,4566316184
1786396714298,8566243328,8566243328,34758262784,4566316184
1786396714507,8566243328,8566243328,34758262784,4566299800
1786396714715,8566243328,8566243328,34758262784,4566299800
1786396714919,8566243328,8566243328,34758262784,4566316184
1786396715128,8566243328,8566243328,34758262784,4566299800
1786396715339,8566243328,8566243328,34758262784,4566299800
1786396715547,8566243328,8566243328,34758262784,4566299800
1786396715758,8566243328,8566243328,34758262784,4572591256
1786396715969,8566243328,8566243328,34758262784,4572591256
1786396716172,8566243328,8566243328,34758262784,4572607640
1786396716394,8566243328,8566243328,34758262784,4572591256
1786396716597,8566243328,8566243328,34758262784,4572607640
1786396716808,8566243328,8566243328,34758262784,4572591256
1786396717019,8566243328,8566243328,34758262784,4572591256
1786396717228,8566243328,8566243328,34758262784,4572591256
1786396717438,8566243328,8566243328,34758262784,4572591256
1786396717648,8566243328,8566243328,34758262784,4572607640
1786396717859,8566243328,8566243328,34758262784,4572591256
1786396718064,8566243328,8566243328,34758262784,4573639832
1786396718275,8566243328,8566243328,34758262784,4573639832
1786396718478,8566243328,8566243328,34758262784,4573639832
1786396718690,8566243328,8566243328,34758262784,4573656216
1786396718901,8566243328,8566243328,34758262784,4573656216
1786396719107,8566243328,8566243328,34758262784,4573639832
1786396719317,8566243328,8566243328,34758262784,4573639832
1786396719528,8566243328,8566243328,34758262784,4573639832
1786396719738,8566243328,8566243328,34758262784,4573639832
1786396719948,8566243328,8566243328,34758262784,4573639832
1786396720153,8566243328,8566243328,34758262784,4573639832
1786396720363,8566243328,8566243328,34758262784,4577834136
1786396720569,8566243328,8566243328,34758262784,4577834136
1786396720779,8566243328,8566243328,34758262784,4577834136
1786396720988,8566243328,8566243328,34758262784,4577834136
1786396721197,8566243328,8566243328,34758262784,4577834136
1786396721407,8566243328,8566243328,34758262784,4582028440
1786396721617,8566243328,8566243328,34758262784,4582028440
1786396721828,8566243328,8566243328,34758262784,4582028440
1786396722038,8566243328,8566243328,34758262784,4582028440
1786396722248,8566243328,8566243328,34758262784,4582028440
1786396722457,8566243328,8566243328,34758262784,4582028440
1786396722667,8566243328,8566243328,34758262784,4582028440
1786396722878,8566243328,8566243328,34758262784,4582028440
1786396723087,8566243328,8566243328,34758262784,4582028440
1786396723297,8566243328,8566243328,34758262784,4582028440
1786396723507,8566243328,8566243328,34758262784,4582028440
1786396723717,8566243328,8566243328,34758262784,4582028440
1786396723920,8566243328,8566243328,34758262784,4582028440
1786396724124,8566243328,8566243328,34758262784,4582028440
1786396724334,8566243328,8566243328,34758262784,4582028440
1786396724544,8566243328,8566243328,34758262784,4582028440
1786396724752,8566243328,8566243328,34758262784,4582028440
1786396724962,8566243328,8566243328,34758262784,4582028440
1786396725173,8566243328,8566243328,34758262784,4582028440
1786396725376,8566243328,8566243328,34758262784,4582028440
1786396725587,8566243328,8566243328,34758262784,4582028440
1786396725798,8566243328,8566243328,34758262784,4582044824
1786396726007,8566243328,8566243328,34758262784,4582028440
1786396726215,8566243328,8566243328,34758262784,4582061208
1786396728281,0,8473968640,34758262784,4582192280
1786396728487,0,7857405952,34758262784,4582159512
1786396728697,0,7186317312,34758262784,4582159512
1786396728906,0,6509985792,34758262784,4582159512
1786396729115,0,5824217088,34758262784,4582159512
1786396729316,0,5174099968,34758262784,4582159512
1786396729526,0,4491476992,34758262784,4582159512
1786396729737,0,3824582656,34758262784,4582159512
1786396729946,0,3158736896,34758262784,4582159512
1786396730157,0,2493939712,34758262784,4582159512
1786396730367,0,1809219584,34758262784,4582175896
1786396730576,0,1117159424,34758262784,4582175896
1786396730777,0,489062400,34758262784,4582175896
1786396730987,0,0,34758262784,4582175896
1786396731195,0,0,34758262784,4582175896
1786396731397,0,0,34758262784,4582192280
1786396731610,0,0,34758262784,4582192280
1786396731813,0,0,34758262784,4582536344
1786396732024,0,0,34758262784,4582536344
1786396732235,0,0,34758262784,4582552728
1786396732438,0,0,34758262784,4582536344
1786396732647,0,0,34758262784,4582536344
1786396732854,0,0,34758262784,4582536344
1786396733064,0,0,34758262784,4582536344
1786396733274,0,0,34758262784,4582569112
1786396733485,0,0,34758262784,4582552728
1786396733697,0,0,34758262784,4582552728
1786396733907,0,0,34758262784,4582552728
1786396734109,0,0,34758262784,4582552728
1786396734320,0,0,34758262784,4582552728
1786396734527,0,0,34758262784,4582552728
1786396734739,0,0,34758262784,4582552728
1786396734944,0,0,34758262784,4582552728
1786396735151,0,0,34758262784,4582552728
1786396735354,0,0,34758262784,4582552728
1786396735565,0,0,34758262784,4582552728
1786396735775,0,0,34758262784,4582552728
1786396735986,0,0,34758262784,4582552728
1786396736193,0,0,34758262784,4582552728
1786396736396,0,0,34758262784,4582552728
1786396736605,0,0,34758262784,4582552728
1786396736813,0,0,34758262784,4582552728
1786396737023,0,0,34758262784,4582552728
1786396737235,0,0,34758262784,4582552728
1786396737442,0,0,34758262784,4582552728
1786396737652,0,0,34758262784,4582552728
1786396737863,0,0,34758262784,4582552728
1786396738073,0,0,34758262784,4582552728
1786396738280,0,0,34758262784,4582552728
1786396738482,0,0,34758262784,4582552728
1786396738683,0,0,34758262784,4582585496
1786396738895,0,0,34758262784,4582585496
1786396739107,0,0,34758262784,4582601880
1786396739313,0,0,34758262784,4582585496
1786396739515,0,0,34758262784,4582585496
1786396739720,0,0,34758262784,4582585496
1786396739921,0,0,34758262784,4582585496
1786396740132,0,0,34758262784,4582585496
1786396740343,0,0,34758262784,4582585496
1786396740554,0,0,34758262784,4582585496
1786396740765,0,0,34758262784,4582585496
1786396740966,0,0,34758262784,4582585496
1786396741173,0,0,34758262784,4582585496
1786396741384,0,0,34758262784,4582585496
1786396741596,0,0,34758262784,4582585496
1786396741806,0,0,34758262784,4582601880
1786396742012,0,0,34758262784,4582601880
1786396742214,0,0,34758262784,4582651032
1786396742424,0,0,34758262784,4582651032
1786396742629,0,0,34758262784,4582651032
1786396742831,0,0,34758262784,4582651032
1786396743040,0,0,34758262784,4582651032
1786396743244,0,0,34758262784,4582798488
1786396743454,0,0,34758262784,4582798488
1786396743666,0,0,34758262784,4582814872
1786396743869,0,0,34758262784,4582798488
1786396744080,0,0,34758262784,4582798488
1786396744290,0,0,34758262784,4582814872
1786396744501,0,0,34758262784,4582798488
1786396744712,0,0,34758262784,4582814872
1786396744924,0,0,34758262784,4582798488
1786396745135,0,0,34758262784,4582798488
1786396745346,0,0,34758262784,4582798488
1786396745557,0,0,34758262784,4582798488
1786396745767,0,0,34758262784,4582798488
1786396745979,0,0,34758262784,4582798488
1786396746186,0,0,34758262784,4582798488
1786396746397,0,0,34758262784,4582814872
1786396746608,0,0,34758262784,4582814872
1786396746818,0,0,34758262784,4582798488
1786396747029,0,0,34758262784,4582798488
1786396747238,0,0,34758262784,4582798488
1786396747446,0,0,34758262784,4582798488
1786396747647,0,0,34758262784,4582798488
1786396747858,0,0,34758262784,4582798488
1786396748063,0,0,34758262784,4582798488
1786396748275,0,0,34758262784,4582798488
1786396748487,0,0,34758262784,4582814872
1786396748690,0,0,34758262784,4582798488
1786396748901,0,0,34758262784,4582798488
1786396749105,0,0,34758262784,4582798488
1786396749316,0,0,34758262784,4582798488
1786396749527,0,0,34758262784,4582814872
1786396749729,0,0,34758262784,4582798488
1786396749940,0,0,34758262784,4582798488
1786396750144,0,0,34758262784,4582798488
1786396750346,0,0,34758262784,4582798488
1786396750558,0,0,34758262784,4582798488
1786396750766,0,0,34758262784,4582798488
1786396750975,0,0,34758262784,4582798488
1786396751180,0,0,34758262784,4582798488
1786396751383,0,0,34758262784,4582798488
1786396751593,0,0,34758262784,4582798488
1786396751801,0,0,34758262784,4582798488
1786396752008,0,0,34758262784,4582798488
1786396752218,0,0,34758262784,4582798488
1786396752426,0,0,34758262784,4582798488
1786396752637,0,0,34758262784,4582798488
1786396752847,0,0,34758262784,4582798488
1786396753052,0,0,34758262784,4582814872
1786396753264,0,0,34758262784,4582814872
1786396753473,0,0,34758262784,4582798488
1786396753681,0,0,34758262784,4582798488
1786396753893,0,0,34758262784,4582798488
1786396754098,0,0,34758262784,4582798488
1786396754310,0,0,34758262784,4582798488
1786396754516,0,0,34758262784,4582798488
1786396754725,0,0,34758262784,4582798488
1786396754936,0,0,34758262784,4582798488
1786396755146,0,0,34758262784,4582798488
1786396755357,0,0,34758262784,4582798488
1786396755568,0,0,34758262784,4582798488
1786396755775,0,0,34758262784,4582798488
1786396755979,0,0,34758262784,4582798488
1786396756190,0,0,34758262784,4582798488
1786396756393,0,0,34758262784,4582798488
1786396756595,0,0,34758262784,4582798488
1786396756798,0,0,34758262784,4582798488
1786396757009,0,0,34758262784,4582814872
1786396757213,0,0,34758262784,4582880408
1786396757424,0,0,34758262784,4582880408
1786396757629,0,0,34758262784,4582880408
1786396757834,0,0,34758262784,4582880408
1786396758041,0,0,34758262784,4582880408
1786396758244,0,0,34758262784,4582880408
1786396758446,0,0,34758262784,4582978712
1786396758658,0,0,34758262784,4582995096
1786396758866,0,0,34758262784,4582978712
1786396759077,0,0,34758262784,4582978712
1786396759290,0,0,34758262784,4582995096
1786396759500,0,0,34758262784,4582978712
1786396759712,0,0,34758262784,4582978712
1786396759915,0,0,34758262784,4582978712
1786396760124,0,0,34758262784,4582995096
1786396760327,0,0,34758262784,4582978712
1786396760538,0,0,34758262784,4582978712
1786396760746,0,0,34758262784,4582978712
1786396760958,0,0,34758262784,4582978712
1786396761164,0,0,34758262784,4582978712
1786396761376,0,0,34758262784,4582978712
1786396761584,0,0,34758262784,4582978712
1786396761795,0,0,34758262784,4582978712
1786396762006,0,0,34758262784,4582978712
1786396762209,0,0,34758262784,4582978712
1786396762416,0,0,34758262784,4582978712
1786396762627,0,0,34758262784,4582978712
1786396762832,0,0,34758262784,4582978712
1786396763043,0,0,34758262784,4582978712
1786396763253,0,0,34758262784,4582978712
1786396763462,0,0,34758262784,4582978712
1786396763665,0,0,34758262784,4582978712
1786396763875,0,0,34758262784,4582978712
1786396764085,0,0,34758262784,4582978712
1786396764295,0,0,34758262784,4582978712
1786396764503,0,0,34758262784,4582978712
1786396764705,0,0,34758262784,4582995096
1786396764916,0,0,34758262784,4582995096
1786396765127,0,0,34758262784,4582978712
1786396765337,0,0,34758262784,4582978712
1786396765548,0,0,34758262784,4582978712
1786396765757,0,0,34758262784,4582995096
1786396765968,0,0,34758262784,4582978712
1786396766178,0,0,34758262784,4582995096
1786396766387,0,0,34758262784,4582978712
1786396766598,0,0,34758262784,4582978712
1786396766808,0,0,34758262784,4582995096
1786396767013,0,0,34758262784,4582978712
1786396767218,0,0,34758262784,4582978712
1786396767422,0,0,34758262784,4582978712
1786396767626,0,0,34758262784,4582978712
1786396767837,0,0,34758262784,4582978712
1786396768040,0,0,34758262784,4582978712
1786396768246,0,0,34758262784,4582978712
1786396768455,0,0,34758262784,4582978712
1786396768666,0,0,34758262784,4582978712
1786396768877,0,0,34758262784,4582978712
1786396769088,0,0,34758262784,4582978712
1786396769297,0,0,34758262784,4582978712
1786396769502,0,0,34758262784,4582978712
1786396769713,0,0,34758262784,4582978712
1786396769923,0,0,34758262784,4582978712
1786396770134,0,0,34758262784,4582978712
1786396770342,0,0,34758262784,4582978712
1786396770545,0,0,34758262784,4582978712
1786396770758,0,0,34758262784,4582978712
1786396770959,0,0,34758262784,4582978712
1786396771170,0,0,34758262784,4582978712
1786396771376,0,0,34758262784,4582978712
1786396771584,0,0,34758262784,4582978712
1786396771792,0,0,34758262784,4582978712
1786396772000,0,0,34758262784,4582978712
1786396772210,0,0,34758262784,4582978712
1786396772421,0,0,34758262784,4582978712
1786396772624,0,0,34758262784,4582978712
1786396772825,0,0,34758262784,4582978712
1786396773034,0,0,34758262784,4582978712
1786396773237,0,0,34758262784,4582978712
1786396773447,0,0,34758262784,4582978712
1786396773657,0,0,34758262784,4582978712
1786396773859,0,0,34758262784,4582978712
1786396774070,0,0,34758262784,4582978712
1786396774281,0,0,34758262784,4582978712
1786396774492,0,0,34758262784,4582978712
1786396774703,0,0,34758262784,4582978712
1786396774914,0,0,34758262784,4582978712
1786396775125,0,0,34758262784,4582995096
1786396775333,0,0,34758262784,4582978712
1786396775540,0,0,34758262784,4582978712
1786396775747,0,0,34758262784,4582978712
1786396775959,0,0,34758262784,4582995096
1786396776167,0,0,34758262784,4582978712
1786396776378,0,0,34758262784,4582995096
1786396776588,0,0,34758262784,4582978712
1786396776790,0,0,34758262784,4582978712
1786396777001,0,0,34758262784,4582978712
1786396777202,0,0,34758262784,4582978712
1786396777412,0,0,34758262784,4582978712
1786396777616,0,0,34758262784,4582978712
1786396777827,0,0,34758262784,4582978712
1786396778038,0,0,34758262784,4582978712
1786396778249,0,0,34758262784,4582978712
1786396778460,0,0,34758262784,4582978712
1786396778665,0,0,34758262784,4582978712
1786396778868,0,0,34758262784,4582978712
1786396779073,0,0,34758262784,4582978712
1786396779285,0,0,34758262784,4582995096
1786396779489,0,0,34758262784,4582978712
1786396779694,0,0,34758262784,4582978712
1786396779899,0,0,34758262784,4582978712
1786396780108,0,0,34758262784,4582978712
1786396780318,0,0,34758262784,4582978712
1786396780535,0,0,34758262784,4582978712
1786396780746,0,0,34758262784,4582978712
1786396780948,0,0,34758262784,4582995096
1786396781170,0,0,34758262784,4582978712
1786396781380,0,0,34758262784,4582978712
1786396781585,0,0,34758262784,4582978712
1786396781802,0,0,34758262784,4582978712
1786396782013,0,0,34758262784,4582978712
1786396782224,0,0,34758262784,4582978712
1786396782428,0,0,34758262784,4582978712
1786396782638,0,0,34758262784,4582978712
1786396782850,0,0,34758262784,4582978712
1786396783052,0,0,34758262784,4582978712
1786396783262,0,0,34758262784,4582978712
1786396783472,0,0,34758262784,4582995096
1786396783683,0,0,34758262784,4582978712
1786396783894,0,0,34758262784,4582978712
1786396784100,0,0,34758262784,4582978712
1786396784303,0,0,34758262784,4582995096
1786396784506,0,0,34758262784,4582978712
1786396784716,0,0,34758262784,4582978712
1786396784927,0,0,34758262784,4582978712
1786396785138,0,0,34758262784,4582978712
1786396785347,0,0,34758262784,4582978712
1786396785551,0,0,34758262784,4582978712
1786396785758,0,0,34758262784,4582978712
1786396785968,0,0,34758262784,4582978712
1786396786179,0,0,34758262784,4582978712
1786396786382,0,0,34758262784,4582978712
1786396786593,0,0,34758262784,4582978712
1786396786806,0,0,34758262784,4582978712
1786396787017,0,0,34758262784,4582978712
1786396787227,0,0,34758262784,4582978712
1786396787443,0,0,34758262784,4582995096
1786396787654,0,0,34758262784,4582978712
1786396787863,0,0,34758262784,4582978712
1786396788069,0,0,34758262784,4582978712
1786396788280,0,0,34758262784,4582978712
1786396788835,0,0,34758262784,4588041392
1786396789055,0,0,34758262784,4588041392
1786396789264,0,0,34758262784,4588041392
1786396789474,0,0,34758262784,4588041392
1786396789685,0,0,34758262784,4588057776
1786396789892,0,0,34758262784,4588057776
1786396790094,0,0,34758262784,4588057776
1786396790309,0,0,34758262784,4588057776
1786396790521,0,0,34758262784,4588057776
1786396790732,0,0,34758262784,4588057776
1786396790943,0,0,34758262784,4588057776
1786396791154,0,0,34758262784,4588057776
1786396791356,0,0,34758262784,4588057776
1786396791558,0,0,34758262784,4588057776
1786396791769,0,0,34758262784,4588057776
1786396791980,0,0,34758262784,4588057776
1786396792192,0,0,34758262784,4588090544
1786396792396,0,0,34758262784,4588090544
1786396792597,0,0,34758262784,4588074160
1786396792802,0,0,34758262784,4588074160
1786396793017,0,0,34758262784,4588074160
1786396793220,0,0,34758262784,4588074160
1786396793426,0,0,34758262784,4588106928
1786396793636,0,0,34758262784,4588074160
1786396793846,0,0,34758262784,4588090544
1786396794047,0,0,34758262784,4588074160
1786396794258,0,0,34758262784,4588090544
1786396794464,0,0,34758262784,4588074160
1786396794676,0,0,34758262784,4588090544
1786396794881,0,0,34758262784,4588074160
1786396795082,0,0,34758262784,4588074160
1786396795292,0,0,34758262784,4588074160
1786396795502,0,0,34758262784,4588074160
1786396795713,0,0,34758262784,4588074160
1786396795923,0,0,34758262784,4588074160
1786396796133,0,0,34758262784,4588074160
1786396796336,0,0,34758262784,4588074160
1786396796546,0,0,34758262784,4588074160
1786396796757,0,0,34758262784,4588074160
1786396796967,0,0,34758262784,4588074160
1786396797177,0,0,34758262784,4588074160
1786396797387,0,0,34758262784,4588074160
1786396797598,0,0,34758262784,4588090544
1786396797808,0,0,34758262784,4588074160
1786396798015,0,0,34758262784,4588074160
1786396798225,0,0,34758262784,4588074160
1786396798436,0,0,34758262784,4588074160
1786396798646,0,0,34758262784,4588074160
1786396798848,0,0,34758262784,4588074160
1786396799058,0,0,34758262784,4588074160
1786396799269,0,0,34758262784,4588074160
1786396799471,0,0,34758262784,4588074160
1786396799675,0,0,34758262784,4588074160
1786396799882,0,0,34758262784,4588074160
1786396800084,0,0,34758262784,4588090544
1786396800292,0,0,34758262784,4588090544
1786396800503,0,0,34758262784,4588074160
1786396800714,0,0,34758262784,4588074160
1786396800925,0,0,34758262784,4588074160
1786396801126,0,0,34758262784,4588074160
1786396801333,0,0,34758262784,4588074160
1786396801544,0,0,34758262784,4588074160
1786396801755,0,0,34758262784,4588074160
1786396801967,0,0,34758262784,4588074160
1786396802171,0,0,34758262784,4588074160
1786396802379,0,0,34758262784,4588074160
1786396802581,0,0,34758262784,4588074160
1786396802782,0,0,34758262784,4588074160
1786396802992,0,0,34758262784,4588074160
1786396803195,0,0,34758262784,4588074160
1786396803406,0,0,34758262784,4588074160
1786396803617,0,0,34758262784,4588074160
1786396803824,0,0,34758262784,4588074160
1786396804026,0,0,34758262784,4588074160
1786396804238,0,0,34758262784,4588090544
1786396804448,0,0,34758262784,4588074160
1786396804656,0,0,34758262784,4588074160
1786396804867,0,0,34758262784,4588074160
1786396805073,0,0,34758262784,4588074160
1786396805284,0,0,34758262784,4588074160
1786396805494,0,0,34758262784,4588074160
1786396805705,0,0,34758262784,4588074160
1786396805914,0,0,34758262784,4588074160
1786396806123,0,0,34758262784,4588090544
1786396806332,0,0,34758262784,4588074160
1786396806543,0,0,34758262784,4588074160
1786396806750,0,0,34758262784,4588074160
1786396806961,0,0,34758262784,4588074160
1786396807172,0,0,34758262784,4588074160
1786396807381,0,0,34758262784,4588074160
1786396807591,0,0,34758262784,4588074160
1786396807803,0,0,34758262784,4588090544
1786396808010,0,0,34758262784,4588074160
1786396808215,0,0,34758262784,4588090544
1786396808421,0,0,34758262784,4588074160
1786396808629,0,0,34758262784,4588074160
1786396808840,0,0,34758262784,4588090544
1786396809051,0,0,34758262784,4588074160
1786396809256,0,0,34758262784,4588074160
1786396809467,0,0,34758262784,4588074160
1786396809674,0,0,34758262784,4588074160
1786396809885,0,0,34758262784,4588074160
1786396810096,0,0,34758262784,4588074160
1786396810299,0,0,34758262784,4588074160
1786396810510,0,0,34758262784,4588074160
1786396810719,0,0,34758262784,4588074160
1786396810926,0,0,34758262784,4588074160
1786396811137,0,0,34758262784,4588074160
1786396811341,0,0,34758262784,4588074160
1786396811546,0,0,34758262784,4588074160
1786396811757,0,0,34758262784,4588074160
1786396811960,0,0,34758262784,4588074160
1786396812169,0,0,34758262784,4588074160
1786396812381,0,0,34758262784,4588090544
1786396812589,0,0,34758262784,4588074160
1786396812798,0,0,34758262784,4588074160
1786396813002,0,0,34758262784,4588074160
1786396813213,0,0,34758262784,4588074160
1786396813417,0,0,34758262784,4588074160
1786396813628,0,0,34758262784,4588074160
1786396813830,0,0,34758262784,4588090544
1786396814042,0,0,34758262784,4588074160
1786396814247,0,0,34758262784,4588074160
1786396814455,0,0,34758262784,4588074160
1786396814666,0,0,34758262784,4588074160
1786396814877,0,0,34758262784,4588090544
1786396815088,0,0,34758262784,4588074160
1786396815297,0,0,34758262784,4588074160
1786396815507,0,0,34758262784,4588074160
1786396815718,0,0,34758262784,4588074160
1786396815920,0,0,34758262784,4588074160
1786396816126,0,0,34758262784,4588074160
1786396816331,0,0,34758262784,4588090544
1786396816542,0,0,34758262784,4588090544
1786396816752,0,0,34758262784,4588106928
1786396816964,0,0,34758262784,4588139696
1786396817170,0,0,34758262784,4588139696
1786396817378,0,0,34758262784,4588139696
1786396817586,0,0,34758262784,4588123312
1786396817797,0,0,34758262784,4588123312
1786396818003,0,0,34758262784,4588123312
1786396818207,0,0,34758262784,4588139696
1786396818416,0,0,34758262784,4588123312
1786396818623,0,0,34758262784,4588123312
1786396818834,0,0,34758262784,4588123312
1786396819044,0,0,34758262784,4588123312
1786396819255,0,0,34758262784,4588123312
1786396819466,0,0,34758262784,4588238000
1786396819677,0,0,34758262784,4588238000
1786396819883,0,0,34758262784,4588238000
1786396820088,0,0,34758262784,4588238000
1786396820295,0,0,34758262784,4588238000
1786396820497,0,0,34758262784,4588238000
1786396820708,0,0,34758262784,4588238000
1786396820919,0,0,34758262784,4588238000
1786396821136,0,0,34758262784,4588238000
1786396821347,0,0,34758262784,4588238000
1786396821557,0,0,34758262784,4588238000
1786396821766,0,0,34758262784,4588254384
1786396821975,0,0,34758262784,4588238000
1786396822187,0,0,34758262784,4588238000
1786396822397,0,0,34758262784,4588238000
1786396822608,0,0,34758262784,4588238000
1786396822811,0,0,34758262784,4588238000
1786396823016,0,0,34758262784,4588238000
1786396823227,0,0,34758262784,4588238000
1786396823433,0,0,34758262784,4588254384
1786396823643,0,0,34758262784,4588238000
1786396823854,0,0,34758262784,4588238000
1786396824062,0,0,34758262784,4588238000
1786396824272,0,0,34758262784,4588254384
1786396824483,0,0,34758262784,4588238000
1786396824694,0,0,34758262784,4588238000
1786396824904,0,0,34758262784,4588238000
1786396825115,0,0,34758262784,4588238000
1786396825322,0,0,34758262784,4588238000
1786396825530,0,0,34758262784,4588238000
1786396825739,0,0,34758262784,4588238000
1786396825949,0,0,34758262784,4588238000
1786396826160,0,0,34758262784,4588238000
1786396826364,0,0,34758262784,4588254384
1786396826572,0,0,34758262784,4588238000
1786396826788,0,0,34758262784,4588238000
1786396826998,0,0,34758262784,4588238000
1786396827209,0,0,34758262784,4588238000
1786396827416,0,0,34758262784,4588254384
1786396827624,0,0,34758262784,4588238000
1786396827835,0,0,34758262784,4588238000
1786396828046,0,0,34758262784,4588238000
1786396828257,0,0,34758262784,4588238000
1786396828469,0,0,34758262784,4588254384
1786396828678,0,0,34758262784,4588238000
1786396828885,0,0,34758262784,4588238000
1786396829090,0,0,34758262784,4588254384
1786396829298,0,0,34758262784,4588238000
1786396829514,0,0,34758262784,4588254384
1786396829724,0,0,34758262784,4588238000
1786396829935,0,0,34758262784,4588238000
1786396830147,0,0,34758262784,4588238000
1786396830352,0,0,34758262784,4588238000
1786396830563,0,0,34758262784,4588238000
1786396830774,0,0,34758262784,4588238000
1786396830984,0,0,34758262784,4588238000
1786396831194,0,0,34758262784,4588238000
1786396831404,0,0,34758262784,4588254384
1786396831614,0,0,34758262784,4588238000
1786396831825,0,0,34758262784,4588238000
1786396832031,0,0,34758262784,4588238000
1786396832240,0,0,34758262784,4588254384
1786396832447,0,0,34758262784,4588238000
1786396832651,0,0,34758262784,4588238000
1786396832858,0,0,34758262784,4588238000
1786396833069,0,0,34758262784,4588238000
1786396833280,0,0,34758262784,4588254384
1786396833491,0,0,34758262784,4588238000
1786396833697,0,0,34758262784,4588238000
1786396833901,0,0,34758262784,4588238000
1786396834111,0,0,34758262784,4588238000
1786396834321,0,0,34758262784,4588238000
1786396834532,0,0,34758262784,4588238000
1786396834737,0,0,34758262784,4588270768
1786396834943,0,0,34758262784,4588238000
1786396835146,0,0,34758262784,4588238000
1786396835357,0,0,34758262784,4588238000
1786396835568,0,0,34758262784,4588238000
1786396835769,0,0,34758262784,4588238000
1786396835980,0,0,34758262784,4588238000
1786396836182,0,0,34758262784,4588238000
1786396836393,0,0,34758262784,4588238000
1786396836604,0,0,34758262784,4588238000
1786396836808,0,0,34758262784,4588254384
1786396837019,0,0,34758262784,4588238000
1786396837229,0,0,34758262784,4588238000
1786396837433,0,0,34758262784,4588238000
1786396837643,0,0,34758262784,4588238000
1786396837856,0,0,34758262784,4588254384
1786396838065,0,0,34758262784,4588238000
1786396838274,0,0,34758262784,4588254384
1786396838482,0,0,34758262784,4588238000
1786396838693,0,0,34758262784,4588238000
1786396838900,0,0,34758262784,4588238000
1786396839111,0,0,34758262784,4588238000
1786396839320,0,0,34758262784,4588238000
1786396839531,0,0,34758262784,4588238000
1786396839742,0,0,34758262784,4588238000
1786396839953,0,0,34758262784,4588238000
1786396840160,0,0,34758262784,4588238000
1786396840368,0,0,34758262784,4588238000
1786396840570,0,0,34758262784,4588238000
1786396840780,0,0,34758262784,4588238000
1786396840983,0,0,34758262784,4588238000
1786396841187,0,0,34758262784,4588238000
1786396841391,0,0,34758262784,4588238000
1786396841602,0,0,34758262784,4588238000
1786396841808,0,0,34758262784,4588238000
1786396842019,0,0,34758262784,4588238000
1786396842229,0,0,34758262784,4588238000
1786396842431,0,0,34758262784,4588238000
1786396842643,0,0,34758262784,4588238000
1786396842847,0,0,34758262784,4588238000
1786396843049,0,0,34758262784,4588238000
1786396843260,0,0,34758262784,4588238000
1786396843471,0,0,34758262784,4588238000
1786396843682,0,0,34758262784,4588238000
1786396843888,0,0,34758262784,4588238000
1786396844096,0,0,34758262784,4588238000
1786396844306,0,0,34758262784,4588254384
1786396844518,0,0,34758262784,4588254384
1786396844729,0,0,34758262784,4588254384
1786396844933,0,0,34758262784,4588254384
1786396845144,0,0,34758262784,4588254384
1786396845345,0,0,34758262784,4588254384
1786396845547,0,0,34758262784,4588401840
1786396845758,0,0,34758262784,4588418224
1786396845964,0,0,34758262784,4588401840
1786396846172,0,0,34758262784,4588401840
1786396846379,0,0,34758262784,4588401840
1786396846585,0,0,34758262784,4588401840
1786396846797,0,0,34758262784,4588418224
1786396847009,0,0,34758262784,4588401840
1786396847217,0,0,34758262784,4588401840
1786396847425,0,0,34758262784,4588418224
1786396847636,0,0,34758262784,4588549296
1786396847847,0,0,34758262784,4588549296
1786396848058,0,0,34758262784,4588565680
1786396848269,0,0,34758262784,4588549296
1786396848476,0,0,34758262784,4588565680
1786396848687,0,0,34758262784,4588565680
1786396848921,0,0,34758262784,4588696752
1786396849131,0,0,34758262784,4588696752
1786396849333,0,0,34758262784,4588696752
1786396849535,0,0,34758262784,4588696752
1786396849745,0,0,34758262784,4588696752
1786396849947,0,0,34758262784,4588844208
1786396850157,0,0,34758262784,4588844208
1786396850367,0,0,34758262784,4588844208
1786396850577,0,0,34758262784,4588844208
1786396850787,0,0,34758262784,4588844208
1786396850991,0,0,34758262784,4588844208
1786396851197,0,0,34758262784,4588860592
1786396851407,0,0,34758262784,4588844208
1786396851617,0,0,34758262784,4588844208
1786396851821,0,0,34758262784,4588844208
1786396852032,0,0,34758262784,4588844208
1786396852242,0,0,34758262784,4588844208
1786396852447,0,0,34758262784,4588844208
1786396852657,0,0,34758262784,4588844208
1786396852858,0,0,34758262784,4588844208
1786396853068,0,0,34758262784,4588844208
1786396853279,0,0,34758262784,4588844208
1786396853489,0,0,34758262784,4588844208
1786396853700,0,0,34758262784,4588844208
1786396853902,0,0,34758262784,4588860592
1786396854107,0,0,34758262784,4588844208
1786396854318,0,0,34758262784,4588991664
1786396854529,0,0,34758262784,4588991664
1786396854736,0,0,34758262784,4588991664
1786396854947,0,0,34758262784,4588991664
1786396855151,0,0,34758262784,4588991664
1786396855358,0,0,34758262784,4588991664
1786396855568,0,0,34758262784,4589139120
1786396855779,0,0,34758262784,4589139120
1786396855989,0,0,34758262784,4589139120
1786396856197,0,0,34758262784,4589139120
1786396856406,0,0,34758262784,4589155504
1786396856610,0,0,34758262784,4589253808
1786396856812,0,0,34758262784,4589270192
1786396857019,0,0,34758262784,4589253808
1786396857231,0,0,34758262784,4589253808
1786396857441,0,0,34758262784,4589270192
1786396857647,0,0,34758262784,4589253808
1786396857858,0,0,34758262784,4589253808
1786396858069,0,0,34758262784,4589253808
1786396858280,0,0,34758262784,4589253808
1786396858491,0,0,34758262784,4589253808
1786396858701,0,0,34758262784,4589253808
1786396858905,0,0,34758262784,4589417648
1786396859122,0,0,34758262784,4589417648
1786396859331,0,0,34758262784,4589434032
1786396859542,0,0,34758262784,4589434032
1786396859747,0,0,34758262784,4589417648
1786396859957,0,0,34758262784,4589417648
1786396860167,0,0,34758262784,4589417648
1786396860378,0,0,34758262784,4589417648
1786396860587,0,0,34758262784,4589417648
1786396860797,0,0,34758262784,4589417648
1786396861013,0,0,34758262784,4589434032
1786396861222,0,0,34758262784,4589417648
1786396861424,0,0,34758262784,4589417648
1786396861635,0,0,34758262784,4589417648
1786396861839,0,0,34758262784,4589417648
1786396862050,0,0,34758262784,4589417648
1786396862260,0,0,34758262784,4589434032
1786396862467,0,0,34758262784,4589434032
1786396862678,0,0,34758262784,4589434032
1786396862886,0,0,34758262784,4589434032
1786396863088,0,0,34758262784,4589434032
1786396863297,0,0,34758262784,4589434032
1786396863503,0,0,34758262784,4589581488
1786396863714,0,0,34758262784,4589581488
1786396863925,0,0,34758262784,4589581488
1786396864127,0,0,34758262784,4589597872
1786396864338,0,0,34758262784,4589597872
1786396864549,0,0,34758262784,4589581488
1786396864750,0,0,34758262784,4589581488
1786396864961,0,0,34758262784,4589581488
1786396865168,0,0,34758262784,4589581488
1786396865379,0,0,34758262784,4589581488
1786396865590,0,0,34758262784,4589581488
1786396865796,0,0,34758262784,4589581488
1786396865997,0,0,34758262784,4589581488
1786396866209,0,0,34758262784,4589581488
1786396866416,0,0,34758262784,4589597872
1786396866625,0,0,34758262784,4589581488
1786396866829,0,0,34758262784,4589581488
1786396867040,0,0,34758262784,4589581488
1786396867250,0,0,34758262784,4589581488
1786396867455,0,0,34758262784,4589581488
1786396867665,0,0,34758262784,4589581488
1786396867873,0,0,34758262784,4589581488
1786396868075,0,0,34758262784,4589581488
1786396868286,0,0,34758262784,4589728944
1786396868497,0,0,34758262784,4589728944
1786396868702,0,0,34758262784,4589745328
1786396868912,0,0,34758262784,4589728944
1786396869134,0,0,34758262784,4589728944
1786396869337,0,0,34758262784,4589728944
1786396869545,0,0,34758262784,4589728944
1786396869755,0,0,34758262784,4589728944
1786396869956,0,0,34758262784,4589728944
1786396870163,0,0,34758262784,4589728944
1786396870373,0,0,34758262784,4589876400
1786396870583,0,0,34758262784,4589876400
1786396870791,0,0,34758262784,4589876400
1786396871001,0,0,34758262784,4589892784
1786396871212,0,0,34758262784,4589876400
1786396871418,0,0,34758262784,4589876400
1786396871619,0,0,34758262784,4590023856
1786396871829,0,0,34758262784,4590023856
1786396872040,0,0,34758262784,4590040240
1786396872241,0,0,34758262784,4590023856
1786396872446,0,0,34758262784,4590056624
1786396872647,0,0,34758262784,4590154928
1786396872857,0,0,34758262784,4590154928
1786396873067,0,0,34758262784,4590154928
1786396873271,0,0,34758262784,4590154928
1786396873479,0,0,34758262784,4590154928
1786396873680,0,0,34758262784,4590318768
1786396873890,0,0,34758262784,4590318768
1786396874100,0,0,34758262784,4590318768
1786396874311,0,0,34758262784,4590318768
1786396874522,0,0,34758262784,4590318768
1786396874732,0,0,34758262784,4590318768
1786396874936,0,0,34758262784,4590318768
1786396875147,0,0,34758262784,4590318768
1786396875360,0,0,34758262784,4590335152
1786396875568,0,0,34758262784,4590318768
1786396875779,0,0,34758262784,4590318768
1786396875984,0,0,34758262784,4590318768
1786396876195,0,0,34758262784,4590318768
1786396876397,0,0,34758262784,4590318768
1786396876603,0,0,34758262784,4590335152
1786396876813,0,0,34758262784,4590318768
1786396877023,0,0,34758262784,4590318768
1786396877232,0,0,34758262784,4590318768
1786396877443,0,0,34758262784,4590318768
1786396877647,0,0,34758262784,4590335152
1786396877854,0,0,34758262784,4590335152
1786396878057,0,0,34758262784,4590318768
1786396878268,0,0,34758262784,4590318768
1786396878478,0,0,34758262784,4590318768
1786396878689,0,0,34758262784,4590318768
1786396878901,0,0,34758262784,4590318768
1786396879105,0,0,34758262784,4590318768
1786396879333,0,0,34758262784,4590318768
1786396879544,0,0,34758262784,4590318768
1786396879755,0,0,34758262784,4590318768
1786396879957,0,0,34758262784,4590335152
1786396880165,0,0,34758262784,4590335152
1786396880370,0,0,34758262784,4590351536
1786396880573,0,0,34758262784,4590498992
1786396880775,0,0,34758262784,4590498992
1786396880987,0,0,34758262784,4590515376
1786396881197,0,0,34758262784,4590498992
1786396881409,0,0,34758262784,4590498992
1786396881611,0,0,34758262784,4590498992
1786396881818,0,0,34758262784,4590646448
1786396882029,0,0,34758262784,4590646448
1786396882237,0,0,34758262784,4590646448
1786396882447,0,0,34758262784,4590646448
1786396882658,0,0,34758262784,4590646448
1786396882866,0,0,34758262784,4590810288
1786396883071,0,0,34758262784,4590810288
1786396883282,0,0,34758262784,4590810288
1786396883493,0,0,34758262784,4590810288
1786396883700,0,0,34758262784,4590810288
1786396883910,0,0,34758262784,4590826672
1786396884112,0,0,34758262784,4590810288
1786396884323,0,0,34758262784,4590810288
1786396884528,0,0,34758262784,4590826672
1786396884737,0,0,34758262784,4590810288
1786396884947,0,0,34758262784,4590826672
1786396885154,0,0,34758262784,4590810288
1786396885360,0,0,34758262784,4590810288
1786396885571,0,0,34758262784,4590810288
1786396885777,0,0,34758262784,4590810288
1786396885981,0,0,34758262784,4590810288
1786396886186,0,0,34758262784,4590810288
1786396886389,0,0,34758262784,4590810288
1786396886600,0,0,34758262784,4590810288
1786396886804,0,0,34758262784,4590826672
1786396887013,0,0,34758262784,4590826672
1786396887224,0,0,34758262784,4590810288
1786396887435,0,0,34758262784,4590810288
1786396887646,0,0,34758262784,4590810288
1786396887857,0,0,34758262784,4590810288
1786396888059,0,0,34758262784,4590810288
1786396888261,0,0,34758262784,4590810288
1786396888465,0,0,34758262784,4590826672
1786396888675,0,0,34758262784,4590810288
1786396888886,0,0,34758262784,4590810288
1786396889089,0,0,34758262784,4590810288
1786396889297,0,0,34758262784,4590810288
1786396889521,0,0,34758262784,4590810288
1786396889722,0,0,34758262784,4590810288
1786396889933,0,0,34758262784,4590941360
1786396890144,0,0,34758262784,4590941360
1786396890351,0,0,34758262784,4590941360
1786396890563,0,0,34758262784,4590957744
1786396890775,0,0,34758262784,4590941360
1786396890985,0,0,34758262784,4591105200
1786396891196,0,0,34758262784,4591105200
1786396891399,0,0,34758262784,4591121584
1786396891607,0,0,34758262784,4591105200
1786396891814,0,0,34758262784,4591105200
1786396892020,0,0,34758262784,4591105200
1786396892230,0,0,34758262784,4591252656
1786396892441,0,0,34758262784,4591252656
1786396892651,0,0,34758262784,4591252656
1786396892855,0,0,34758262784,4591252656
1786396893063,0,0,34758262784,4591252656
1786396893266,0,0,34758262784,4591252656
1786396893477,0,0,34758262784,4591252656
1786396893680,0,0,34758262784,4591252656
1786396893882,0,0,34758262784,4591252656
1786396894091,0,0,34758262784,4591252656
1786396894300,0,0,34758262784,4591252656
1786396894501,0,0,34758262784,4591252656
1786396894712,0,0,34758262784,4591269040
1786396894916,0,0,34758262784,4591252656
1786396895120,0,0,34758262784,4591252656
1786396895328,0,0,34758262784,4591252656
1786396895534,0,0,34758262784,4591252656
1786396895745,0,0,34758262784,4591252656
1786396895947,0,0,34758262784,4591252656
1786396896153,0,0,34758262784,4591252656
1786396896362,0,0,34758262784,4591252656
1786396896573,0,0,34758262784,4591252656
1786396896779,0,0,34758262784,4591252656
1786396896990,0,0,34758262784,4591269040
1786396897198,0,0,34758262784,4591252656
1786396897401,0,0,34758262784,4591252656
1786396897613,0,0,34758262784,4591252656
1786396897823,0,0,34758262784,4591252656
1786396898032,0,0,34758262784,4591252656
1786396898243,0,0,34758262784,4591252656
1786396898454,0,0,34758262784,4591269040
1786396898666,0,0,34758262784,4591252656
1786396898877,0,0,34758262784,4591252656
1786396899088,0,0,34758262784,4591252656
1786396899298,0,0,34758262784,4591252656
1786396899523,0,0,34758262784,4591269040
1786396899734,0,0,34758262784,4591252656
1786396899938,0,0,34758262784,4591252656
1786396900148,0,0,34758262784,4591252656
1786396900359,0,0,34758262784,4591252656
1786396900570,0,0,34758262784,4591252656
1786396900774,0,0,34758262784,4591252656
1786396900984,0,0,34758262784,4591252656
1786396901196,0,0,34758262784,4591252656
1786396901401,0,0,34758262784,4591252656
1786396901612,0,0,34758262784,4591269040
1786396901817,0,0,34758262784,4591269040
1786396902026,0,0,34758262784,4591252656
1786396902231,0,0,34758262784,4591269040
1786396902442,0,0,34758262784,4591252656
1786396902647,0,0,34758262784,4591252656
1786396902860,0,0,34758262784,4591252656
1786396903070,0,0,34758262784,4591252656
1786396903281,0,0,34758262784,4591252656
1786396903485,0,0,34758262784,4591252656
1786396903695,0,0,34758262784,4591252656
1786396903906,0,0,34758262784,4591269040
1786396904111,0,0,34758262784,4591252656
1786396904316,0,0,34758262784,4591252656
1786396904528,0,0,34758262784,4591269040
1786396904729,0,0,34758262784,4591252656
1786396904940,0,0,34758262784,4591252656
1786396905151,0,0,34758262784,4591252656
1786396905362,0,0,34758262784,4591252656
1786396905573,0,0,34758262784,4591252656
1786396905779,0,0,34758262784,4591252656
1786396905984,0,0,34758262784,4591252656
1786396906195,0,0,34758262784,4591252656
1786396906405,0,0,34758262784,4591252656
1786396906612,0,0,34758262784,4591269040
1786396906821,0,0,34758262784,4591269040
1786396907029,0,0,34758262784,4591252656
1786396907240,0,0,34758262784,4591252656
1786396907451,0,0,34758262784,4591252656
1786396907662,0,0,34758262784,4591252656
1786396907873,0,0,34758262784,4591252656
1786396908080,0,0,34758262784,4591252656
1786396908290,0,0,34758262784,4591252656
1786396908501,0,0,34758262784,4591252656
1786396908710,0,0,34758262784,4591252656
1786396908912,0,0,34758262784,4591252656
1786396909123,0,0,34758262784,4591252656
1786396909325,0,0,34758262784,4591252656
1786396909541,0,0,34758262784,4591252656
1786396909752,0,0,34758262784,4591252656
1786396909960,0,0,34758262784,4591252656
1786396910166,0,0,34758262784,4591252656
1786396910377,0,0,34758262784,4591269040
1786396910582,0,0,34758262784,4591252656
1786396910793,0,0,34758262784,4591252656
1786396911004,0,0,34758262784,4591252656
1786396911212,0,0,34758262784,4591252656
1786396911419,0,0,34758262784,4591252656
1786396911624,0,0,34758262784,4591252656
1786396911831,0,0,34758262784,4591252656
1786396912042,0,0,34758262784,4591269040
1786396912246,0,0,34758262784,4591252656
1786396912457,0,0,34758262784,4591252656
1786396912667,0,0,34758262784,4591252656
1786396912871,0,0,34758262784,4591252656
1786396913082,0,0,34758262784,4591252656
1786396913292,0,0,34758262784,4591252656
1786396913497,0,0,34758262784,4591252656
1786396913702,0,0,34758262784,4591252656
1786396913913,0,0,34758262784,4591269040
1786396914114,0,0,34758262784,4591252656
1786396914325,0,0,34758262784,4591252656
1786396914542,0,0,34758262784,4591269040
1786396914747,0,0,34758262784,4591252656
1786396914952,0,0,34758262784,4591252656
1786396915156,0,0,34758262784,4591252656
1786396915363,0,0,34758262784,4591252656
1786396915574,0,0,34758262784,4591252656
1786396915782,0,0,34758262784,4591252656
1786396915984,0,0,34758262784,4591252656
1786396916196,0,0,34758262784,4591252656
1786396916407,0,0,34758262784,4591252656
1786396916617,0,0,34758262784,4591252656
1786396916828,0,0,34758262784,4591252656
1786396917037,0,0,34758262784,4591269040
1786396917247,0,0,34758262784,4591252656
1786396917454,0,0,34758262784,4591252656
1786396917664,0,0,34758262784,4591252656
1786396917876,0,0,34758262784,4591252656
1786396918087,0,0,34758262784,4591269040
1786396918296,0,0,34758262784,4591252656
1786396918497,0,0,34758262784,4591252656
1786396918700,0,0,34758262784,4591252656
1786396918911,0,0,34758262784,4591252656
1786396919132,0,0,34758262784,4591252656
1786396919340,0,0,34758262784,4591269040
1786396919553,0,0,34758262784,4591269040
1786396919757,0,0,34758262784,4591269040
1786396919967,0,0,34758262784,4591269040
1786396920179,0,0,34758262784,4591285424
1786396920383,0,0,34758262784,4591269040
1786396920591,0,0,34758262784,4591269040
1786396920797,0,0,34758262784,4591269040
1786396920998,0,0,34758262784,4591269040
1786396921209,0,0,34758262784,4591269040
1786396921414,0,0,34758262784,4591269040
1786396921626,0,0,34758262784,4591269040
1786396921837,0,0,34758262784,4591269040
1786396922047,0,0,34758262784,4591269040
1786396922253,0,0,34758262784,4591269040
1786396922464,0,0,34758262784,4591269040
1786396922672,0,0,34758262784,4591269040
1786396922880,0,0,34758262784,4591269040
1786396923091,0,0,34758262784,4591269040
1786396923296,0,0,34758262784,4591269040
1786396923507,0,0,34758262784,4591269040
1786396923716,0,0,34758262784,4591269040
1786396923927,0,0,34758262784,4591269040
1786396924129,0,0,34758262784,4591269040
1786396924336,0,0,34758262784,4591269040
1786396924541,0,0,34758262784,4591269040
1786396924753,0,0,34758262784,4591269040
1786396924964,0,0,34758262784,4591269040
1786396925168,0,0,34758262784,4591269040
1786396925378,0,0,34758262784,4591285424
1786396925586,0,0,34758262784,4591269040
1786396925797,0,0,34758262784,4591269040
1786396925999,0,0,34758262784,4591269040
1786396926208,0,0,34758262784,4591269040
1786396926416,0,0,34758262784,4591285424
1786396926620,0,0,34758262784,4591269040
1786396926821,0,0,34758262784,4591269040
1786396927023,0,0,34758262784,4591269040
1786396927231,0,0,34758262784,4591269040
1786396927438,0,0,34758262784,4591285424
1786396927647,0,0,34758262784,4591269040
1786396927858,0,0,34758262784,4591269040
1786396928060,0,0,34758262784,4591269040
1786396928271,0,0,34758262784,4591269040
1786396928473,0,0,34758262784,4591285424
1786396928684,0,0,34758262784,4591269040
1786396928895,0,0,34758262784,4591285424
1786396929106,0,0,34758262784,4591269040
1786396929318,0,0,34758262784,4591269040
1786396929520,0,0,34758262784,4591269040
1786396929735,0,0,34758262784,4591269040
1786396929946,0,0,34758262784,4591269040
1786396930150,0,0,34758262784,4591269040
1786396930361,0,0,34758262784,4591269040
1786396930573,0,0,34758262784,4591285424
1786396930782,0,0,34758262784,4591269040
1786396930991,0,0,34758262784,4591269040
1786396931197,0,0,34758262784,4591269040
1786396931400,0,0,34758262784,4591269040
1786396931611,0,0,34758262784,4591269040
1786396931818,0,0,34758262784,4591269040
1786396932027,0,0,34758262784,4591269040
1786396932235,0,0,34758262784,4591269040
1786396932446,0,0,34758262784,4591269040
1786396932657,0,0,34758262784,4591269040
1786396932868,0,0,34758262784,4591269040
1786396933078,0,0,34758262784,4591269040
1786396933288,0,0,34758262784,4591269040
1786396933498,0,0,34758262784,4591269040
1786396933709,0,0,34758262784,4591269040
1786396933920,0,0,34758262784,4591269040
1786396934127,0,0,34758262784,4591269040
1786396934330,0,0,34758262784,4591269040
1786396934534,0,0,34758262784,4591269040
1786396934743,0,0,34758262784,4591269040
1786396934954,0,0,34758262784,4591269040
1786396935165,0,0,34758262784,4591269040
1786396935375,0,0,34758262784,4591269040
1786396935584,0,0,34758262784,4591269040
1786396935805,0,0,34758262784,4591269040
1786396936015,0,0,34758262784,4591269040
1786396936225,0,0,34758262784,4591269040
1786396936432,0,0,34758262784,4591269040
1786396936642,0,0,34758262784,4591531184
1786396936853,0,0,34758262784,4591531184
1786396937054,0,0,34758262784,4591531184
1786396937259,0,0,34758262784,4591531184
1786396937470,0,0,34758262784,4591531184
1786396937680,0,0,34758262784,4591547568
1786396937889,0,0,34758262784,4591531184
1786396938099,0,0,34758262784,4591531184
1786396938309,0,0,34758262784,4591531184
1786396938521,0,0,34758262784,4591531184
1786396938732,0,0,34758262784,4591531184
1786396938940,0,0,34758262784,4591531184
1786396939148,0,0,34758262784,4591531184
1786396939356,0,0,34758262784,4591531184
1786396939567,0,0,34758262784,4591531184
1786396939797,0,0,34758262784,4591531184
1786396940002,0,0,34758262784,4591547568
1786396940208,0,0,34758262784,4591547568
1786396940418,0,0,34758262784,4591547568
1786396940621,0,0,34758262784,4591547568
1786396940832,0,0,34758262784,4591547568
1786396941041,0,0,34758262784,4591547568
1786396941248,0,0,34758262784,4591563952
1786396941456,0,0,34758262784,4591547568
1786396941658,0,0,34758262784,4591547568
1786396941869,0,0,34758262784,4591547568
1786396942080,0,0,34758262784,4591547568
1786396942291,0,0,34758262784,4591547568
1786396942497,0,0,34758262784,4591547568
1786396942708,0,0,34758262784,4591547568
1786396942918,0,0,34758262784,4591547568
1786396943129,0,0,34758262784,4591547568
1786396943340,0,0,34758262784,4591547568
1786396943546,0,0,34758262784,4591547568
1786396943751,0,0,34758262784,4591547568
1786396943962,0,0,34758262784,4591547568
1786396944172,0,0,34758262784,4591547568
1786396944383,0,0,34758262784,4591547568
1786396944584,0,0,34758262784,4591547568
1786396944794,0,0,34758262784,4591563952
1786396944996,0,0,34758262784,4591547568
1786396945206,0,0,34758262784,4591547568
1786396945417,0,0,34758262784,4591547568
1786396945622,0,0,34758262784,4591547568
1786396945833,0,0,34758262784,4591547568
1786396946043,0,0,34758262784,4591547568
1786396946249,0,0,34758262784,4591547568
1786396946459,0,0,34758262784,4591547568
1786396946669,0,0,34758262784,4591547568
1786396946877,0,0,34758262784,4591547568
1786396947078,0,0,34758262784,4591547568
1786396947288,0,0,34758262784,4591547568
1786396947496,0,0,34758262784,4591547568
1786396947706,0,0,34758262784,4591547568
1786396947917,0,0,34758262784,4591547568
1786396948124,0,0,34758262784,4591547568
1786396948326,0,0,34758262784,4591547568
1786396948536,0,0,34758262784,4591547568
1786396948743,0,0,34758262784,4591547568
1786396948952,0,0,34758262784,4591547568
1786396949163,0,0,34758262784,4591563952
1786396949372,0,0,34758262784,4591547568
1786396949582,0,0,34758262784,4591547568
1786396949797,0,0,34758262784,4591547568
1786396950004,0,0,34758262784,4591547568
1786396950215,0,0,34758262784,4591563952
1786396950422,0,0,34758262784,4591547568
1786396950632,0,0,34758262784,4591547568
1786396950843,0,0,34758262784,4591547568
1786396951050,0,0,34758262784,4591563952
1786396951256,0,0,34758262784,4591547568
1786396951480,0,0,34758262784,4591547568
1786396951691,0,0,34758262784,4591547568
1786396951906,0,0,34758262784,4591547568
1786396952117,0,0,34758262784,4591547568
1786396952320,0,0,34758262784,4591547568
1786396952528,0,0,34758262784,4591563952
1786396952740,0,0,34758262784,4591547568
1786396952950,0,0,34758262784,4591547568
1786396953155,0,0,34758262784,4591547568
1786396953367,0,0,34758262784,4591563952
1786396953571,0,0,34758262784,4591547568
1786396953776,0,0,34758262784,4591563952
1786396953985,0,0,34758262784,4591547568
1786396954196,0,0,34758262784,4591547568
1786396954401,0,0,34758262784,4591547568
1786396954608,0,0,34758262784,4591547568
1786396954817,0,0,34758262784,4591547568
1786396955028,0,0,34758262784,4591547568
1786396955239,0,0,34758262784,4591547568
1786396955446,0,0,34758262784,4591547568
1786396955656,0,0,34758262784,4591547568
1786396955858,0,0,34758262784,4591563952
1786396956070,0,0,34758262784,4591547568
1786396956271,0,0,34758262784,4591547568
1786396956477,0,0,34758262784,4591547568
1786396956688,0,0,34758262784,4591547568
1786396956897,0,0,34758262784,4591547568
1786396957105,0,0,34758262784,4591547568
1786396957314,0,0,34758262784,4591547568
1786396957515,0,0,34758262784,4591547568
1786396957733,0,0,34758262784,4591547568
1786396957944,0,0,34758262784,4591547568
1786396958153,0,0,34758262784,4591547568
1786396958362,0,0,34758262784,4591547568
1786396958573,0,0,34758262784,4591547568
1786396958784,0,0,34758262784,4591547568
1786396958991,0,0,34758262784,4591547568
1786396959197,0,0,34758262784,4591547568
1786396959408,0,0,34758262784,4591547568
1786396959619,0,0,34758262784,4591547568
1786396959834,0,0,34758262784,4591547568
1786396960036,0,0,34758262784,4591547568
1786396960247,0,0,34758262784,4591547568
1786396960448,0,0,34758262784,4591547568
1786396960659,0,0,34758262784,4591547568
1786396960869,0,0,34758262784,4591547568
1786396961076,0,0,34758262784,4591547568
1786396961282,0,0,34758262784,4591547568
1786396961494,0,0,34758262784,4591563952
1786396961704,0,0,34758262784,4591547568
1786396961912,0,0,34758262784,4591547568
1786396962118,0,0,34758262784,4591547568
1786396962329,0,0,34758262784,4591547568
1786396962540,0,0,34758262784,4591547568
1786396962750,0,0,34758262784,4591547568
1786396962961,0,0,34758262784,4591547568
1786396963172,0,0,34758262784,4591547568
1786396963383,0,0,34758262784,4591547568
1786396963590,0,0,34758262784,4591563952
1786396963797,0,0,34758262784,4591547568
1786396964004,0,0,34758262784,4591563952
1786396964208,0,0,34758262784,4591547568
1786396964419,0,0,34758262784,4591547568
1786396964622,0,0,34758262784,4591547568
1786396964834,0,0,34758262784,4591547568
1786396965045,0,0,34758262784,4591547568
1786396965255,0,0,34758262784,4591547568
1786396965462,0,0,34758262784,4591547568
1786396965673,0,0,34758262784,4591547568
1786396965878,0,0,34758262784,4591547568
1786396966087,0,0,34758262784,4591563952
1786396966298,0,0,34758262784,4591547568
1786396966509,0,0,34758262784,4591563952
1786396966719,0,0,34758262784,4591563952
1786396966930,0,0,34758262784,4591563952
1786396967141,0,0,34758262784,4591563952
1786396967351,0,0,34758262784,4591563952
1786396967562,0,0,34758262784,4591563952
1786396967772,0,0,34758262784,4591563952
1786396967983,0,0,34758262784,4591563952
1786396968195,0,0,34758262784,4591563952
1786396968407,0,0,34758262784,4591580336
1786396968611,0,0,34758262784,4591563952
1786396968821,0,0,34758262784,4591563952
1786396969032,0,0,34758262784,4591563952
1786396969243,0,0,34758262784,4591563952
1786396969451,0,0,34758262784,4591580336
1786396969659,0,0,34758262784,4591580336
1786396969879,0,0,34758262784,4591563952
1786396970084,0,0,34758262784,4591563952
1786396970295,0,0,34758262784,4591563952
1786396970507,0,0,34758262784,4591563952
1786396970713,0,0,34758262784,4591563952
1786396970936,0,0,34758262784,4591580336
1786396971147,0,0,34758262784,4591563952
1786396971358,0,0,34758262784,4591563952
1786396971564,0,0,34758262784,4591580336
1786396971766,0,0,34758262784,4591563952
1786396971978,0,0,34758262784,4591580336
1786396972182,0,0,34758262784,4591563952
1786396972394,0,0,34758262784,4591563952
1786396972600,0,0,34758262784,4591563952
1786396972811,0,0,34758262784,4591563952
1786396973020,0,0,34758262784,4591563952
1786396973231,0,0,34758262784,4591563952
1786396973441,0,0,34758262784,4591563952
1786396973652,0,0,34758262784,4591563952
1786396973863,0,0,34758262784,4591563952
1786396974068,0,0,34758262784,4591563952
1786396974274,0,0,34758262784,4591563952
1786396974482,0,0,34758262784,4591563952
1786396974693,0,0,34758262784,4591563952
1786396974904,0,0,34758262784,4591563952
1786396975110,0,0,34758262784,4591580336
1786396975322,0,0,34758262784,4591563952
1786396975526,0,0,34758262784,4591563952
1786396975737,0,0,34758262784,4591563952
1786396975948,0,0,34758262784,4591563952
1786396976156,0,0,34758262784,4591580336
1786396976358,0,0,34758262784,4591563952
1786396976568,0,0,34758262784,4591563952
1786396976778,0,0,34758262784,4591563952
1786396976988,0,0,34758262784,4591563952
1786396977198,0,0,34758262784,4591563952
1786396977409,0,0,34758262784,4591563952
1786396977618,0,0,34758262784,4591563952
1786396977824,0,0,34758262784,4591563952
1786396978032,0,0,34758262784,4591563952
1786396978243,0,0,34758262784,4591580336
1786396978447,0,0,34758262784,4591563952
1786396978659,0,0,34758262784,4591563952
1786396978865,0,0,34758262784,4591580336
1786396979069,0,0,34758262784,4591563952
1786396979280,0,0,34758262784,4591580336
1786396979486,0,0,34758262784,4591563952
1786396979687,0,0,34758262784,4591563952
1786396979909,0,0,34758262784,4591563952
1786396980119,0,0,34758262784,4591563952
1786396980329,0,0,34758262784,4591563952
1786396980540,0,0,34758262784,4591563952
1786396980742,0,0,34758262784,4591563952
1786396980953,0,0,34758262784,4591563952
1786396981155,0,0,34758262784,4591563952
1786396981365,0,0,34758262784,4591563952
1786396981569,0,0,34758262784,4591580336
1786396981776,0,0,34758262784,4591563952
1786396981985,0,0,34758262784,4591563952
1786396982192,0,0,34758262784,4591563952
1786396982397,0,0,34758262784,4591563952
1786396982607,0,0,34758262784,4591563952
1786396982818,0,0,34758262784,4591563952
1786396983026,0,0,34758262784,4591563952
1786396983234,0,0,34758262784,4591563952
1786396983444,0,0,34758262784,4591563952
1786396983651,0,0,34758262784,4591563952
1786396983862,0,0,34758262784,4591563952
1786396984073,0,0,34758262784,4591563952
1786396984285,0,0,34758262784,4591563952
1786396984496,0,0,34758262784,4591563952
1786396984700,0,0,34758262784,4591563952
1786396984909,0,0,34758262784,4591563952
1786396985120,0,0,34758262784,4591563952
1786396985327,0,0,34758262784,4591563952
1786396985538,0,0,34758262784,4591563952
1786396985747,0,0,34758262784,4591563952
1786396985952,0,0,34758262784,4591563952
1786396986163,0,0,34758262784,4591563952
1786396986374,0,0,34758262784,4591563952
1786396986584,0,0,34758262784,4591580336
1786396986793,0,0,34758262784,4591580336
1786396986996,0,0,34758262784,4591563952
1786396987206,0,0,34758262784,4591563952
1786396987420,0,0,34758262784,4591563952
1786396987628,0,0,34758262784,4591563952
1786396987837,0,0,34758262784,4591563952
1786396988045,0,0,34758262784,4591563952
1786396988245,0,0,34758262784,4591563952
1786396988456,0,0,34758262784,4591563952
1786396988668,0,0,34758262784,4591563952
1786396988879,0,0,34758262784,4591563952
1786396989090,0,0,34758262784,4591563952
1786396989299,0,0,34758262784,4591563952
1786396989500,0,0,34758262784,4591563952
1786396989711,0,0,34758262784,4591563952
1786396989931,0,0,34758262784,4591563952
1786396990142,0,0,34758262784,4591563952
1786396990351,0,0,34758262784,4591563952
1786396990554,0,0,34758262784,4591563952
1786396990766,0,0,34758262784,4591563952
1786396990972,0,0,34758262784,4591563952
1786396991187,0,0,34758262784,4591580336
1786396991390,0,0,34758262784,4591563952
1786396991617,0,0,34758262784,4591563952
1786396991827,0,0,34758262784,4591563952
1786396992038,0,0,34758262784,4591563952
1786396992241,0,0,34758262784,4591563952
1786396992447,0,0,34758262784,4591563952
1786396992656,0,0,34758262784,4591563952
1786396992860,0,0,34758262784,4591563952
1786396993070,0,0,34758262784,4591563952
1786396993281,0,0,34758262784,4591563952
1786396993493,0,0,34758262784,4591563952
1786396993698,0,0,34758262784,4591563952
1786396993902,0,0,34758262784,4591563952
1786396994112,0,0,34758262784,4591563952
1786396994323,0,0,34758262784,4591563952
1786396994535,0,0,34758262784,4591580336
1786396994744,0,0,34758262784,4591580336
1786396994948,0,0,34758262784,4591563952
1786396995151,0,0,34758262784,4591563952
1786396995356,0,0,34758262784,4591563952
1786396995564,0,0,34758262784,4591563952
1786396995773,0,0,34758262784,4591580336
1786396995978,0,0,34758262784,4591580336
1786396996186,0,0,34758262784,4591580336
1786396996391,0,0,34758262784,4591563952
1786396996603,0,0,34758262784,4591580336
1786396996812,0,0,34758262784,4591563952
1786396997020,0,0,34758262784,4591563952
1786396997231,0,0,34758262784,4591563952
1786396997435,0,0,34758262784,4591563952
1786396997645,0,0,34758262784,4591563952
1786396997857,0,0,34758262784,4591580336
1786396998068,0,0,34758262784,4591563952
1786396998279,0,0,34758262784,4591563952
1786396998488,0,0,34758262784,4591563952
1786396998698,0,0,34758262784,4591563952
1786396998911,0,0,34758262784,4591580336
1786396999121,0,0,34758262784,4591563952
1786396999323,0,0,34758262784,4591563952
1786396999534,0,0,34758262784,4591563952
1786396999739,0,0,34758262784,4591563952
1786396999954,0,0,34758262784,4591563952
1786397000165,0,0,34758262784,4591563952
1786397000367,0,0,34758262784,4591580336
1786397000570,0,0,34758262784,4591580336
1786397000776,0,0,34758262784,4591580336
1786397000977,0,0,34758262784,4591580336
1786397001188,0,0,34758262784,4591580336
1786397001400,0,0,34758262784,4591580336
1786397001605,0,0,34758262784,4591596720
1786397001816,0,0,34758262784,4591580336
1786397002020,0,0,34758262784,4591580336
1786397002230,0,0,34758262784,4591580336
1786397002441,0,0,34758262784,4591580336
1786397002650,0,0,34758262784,4591580336
1786397002862,0,0,34758262784,4591580336
1786397003067,0,0,34758262784,4591596720
1786397003278,0,0,34758262784,4591580336
1786397003489,0,0,34758262784,4591580336
1786397003696,0,0,34758262784,4591596720
1786397003908,0,0,34758262784,4591596720
1786397004111,0,0,34758262784,4591580336
1786397004315,0,0,34758262784,4591580336
1786397004526,0,0,34758262784,4591580336
1786397004737,0,0,34758262784,4591580336
1786397004943,0,0,34758262784,4591580336
1786397005149,0,0,34758262784,4591596720
1786397005359,0,0,34758262784,4591580336
1786397005569,0,0,34758262784,4591580336
1786397005780,0,0,34758262784,4591580336
1786397005991,0,0,34758262784,4591580336
1786397006203,0,0,34758262784,4591596720
1786397006405,0,0,34758262784,4591580336
1786397006612,0,0,34758262784,4591580336
1786397006823,0,0,34758262784,4591580336
1786397007034,0,0,34758262784,4591613104
1786397007244,0,0,34758262784,4591580336
1786397007452,0,0,34758262784,4591596720
1786397007661,0,0,34758262784,4591580336
1786397007864,0,0,34758262784,4591580336
1786397008076,0,0,34758262784,4591580336
1786397008280,0,0,34758262784,4591580336
1786397008481,0,0,34758262784,4591580336
1786397008689,0,0,34758262784,4591580336
1786397008899,0,0,34758262784,4591580336
1786397009109,0,0,34758262784,4591580336
1786397009320,0,0,34758262784,4591580336
1786397009531,0,0,34758262784,4591580336
1786397009743,0,0,34758262784,4591580336
1786397009966,0,0,34758262784,4591580336
1786397010177,0,0,34758262784,4591580336
1786397010388,0,0,34758262784,4591580336
1786397010598,0,0,34758262784,4591580336
1786397010802,0,0,34758262784,4591580336
1786397011013,0,0,34758262784,4591580336
1786397011218,0,0,34758262784,4591580336
1786397011428,0,0,34758262784,4591580336
1786397011639,0,0,34758262784,4591580336
1786397011843,0,0,34758262784,4591580336
1786397012045,0,0,34758262784,4591580336
1786397012252,0,0,34758262784,4591580336
1786397012458,0,0,34758262784,4591580336
1786397012669,0,0,34758262784,4591580336
1786397012874,0,0,34758262784,4591580336
1786397013085,0,0,34758262784,4591580336
1786397013296,0,0,34758262784,4591580336
1786397013503,0,0,34758262784,4591580336
1786397013713,0,0,34758262784,4591580336
1786397013924,0,0,34758262784,4591580336
1786397014128,0,0,34758262784,4591580336
1786397014337,0,0,34758262784,4591580336
1786397014548,0,0,34758262784,4591580336
1786397014753,0,0,34758262784,4591580336
1786397014959,0,0,34758262784,4591580336
1786397015165,0,0,34758262784,4591580336
1786397015377,0,0,34758262784,4591580336
1786397015588,0,0,34758262784,4591596720
1786397015798,0,0,34758262784,4591596720
1786397016008,0,0,34758262784,4591580336
1786397016219,0,0,34758262784,4591580336
1786397016431,0,0,34758262784,4591580336
1786397016632,0,0,34758262784,4591596720
1786397016844,0,0,34758262784,4591580336
1786397017045,0,0,34758262784,4591580336
1786397017247,0,0,34758262784,4591580336
1786397017458,0,0,34758262784,4591580336
1786397017663,0,0,34758262784,4591580336
1786397017874,0,0,34758262784,4591580336
1786397018079,0,0,34758262784,4591596720
1786397018290,0,0,34758262784,4591580336
1786397018493,0,0,34758262784,4591580336
1786397018699,0,0,34758262784,4591580336
1786397018911,0,0,34758262784,4591596720
1786397019121,0,0,34758262784,4591580336
1786397019323,0,0,34758262784,4591580336
1786397019533,0,0,34758262784,4591580336
1786397019738,0,0,34758262784,4591580336
1786397019948,0,0,34758262784,4591580336
1786397020151,0,0,34758262784,4591580336
1786397020352,0,0,34758262784,4591580336
1786397020563,0,0,34758262784,4591580336
1786397020766,0,0,34758262784,4591580336
1786397020977,0,0,34758262784,4591580336
1786397021187,0,0,34758262784,4591580336
1786397021397,0,0,34758262784,4591580336
1786397021606,0,0,34758262784,4591580336
1786397021810,0,0,34758262784,4591580336
1786397022020,0,0,34758262784,4591580336
1786397022230,0,0,34758262784,4591580336
1786397022437,0,0,34758262784,4591580336
1786397022647,0,0,34758262784,4591580336
1786397022851,0,0,34758262784,4591613104
1786397023061,0,0,34758262784,4591580336
1786397023267,0,0,34758262784,4591580336
1786397023475,0,0,34758262784,4591580336
1786397023686,0,0,34758262784,4591580336
1786397023896,0,0,34758262784,4591580336
1786397024107,0,0,34758262784,4591580336
1786397024318,0,0,34758262784,4591580336
1786397024519,0,0,34758262784,4591580336
1786397024724,0,0,34758262784,4591580336
1786397024934,0,0,34758262784,4591580336
1786397025145,0,0,34758262784,4591580336
1786397025350,0,0,34758262784,4591580336
1786397025561,0,0,34758262784,4591580336
1786397025768,0,0,34758262784,4591580336
1786397025971,0,0,34758262784,4591580336
1786397026183,0,0,34758262784,4591580336
1786397026394,0,0,34758262784,4591580336
1786397026603,0,0,34758262784,4591580336
1786397026806,0,0,34758262784,4591580336
1786397027009,0,0,34758262784,4591580336
1786397027219,0,0,34758262784,4591580336
1786397027430,0,0,34758262784,4591580336
1786397027640,0,0,34758262784,4591580336
1786397027851,0,0,34758262784,4591580336
1786397028062,0,0,34758262784,4591580336
1786397028263,0,0,34758262784,4591580336
1786397028474,0,0,34758262784,4591580336
1786397028678,0,0,34758262784,4591580336
1786397028881,0,0,34758262784,4591580336
1786397029087,0,0,34758262784,4591580336
1786397029296,0,0,34758262784,4591580336
1786397029507,0,0,34758262784,4591580336
1786397029718,0,0,34758262784,4591580336
1786397029926,0,0,34758262784,4591596720
1786397030137,0,0,34758262784,4591580336
1786397030356,0,0,34758262784,4591580336
1786397030564,0,0,34758262784,4591580336
1786397030771,0,0,34758262784,4591580336
1786397030975,0,0,34758262784,4591580336
1786397031182,0,0,34758262784,4591596720
1786397031388,0,0,34758262784,4591596720
1786397031598,0,0,34758262784,4591613104
1786397031807,0,0,34758262784,4591596720
1786397032018,0,0,34758262784,4591596720
1786397032230,0,0,34758262784,4591596720
1786397032441,0,0,34758262784,4591596720
1786397032652,0,0,34758262784,4591596720
1786397032862,0,0,34758262784,4591596720
1786397033073,0,0,34758262784,4591596720
1786397033284,0,0,34758262784,4591613104
1786397033495,0,0,34758262784,4591596720
1786397033698,0,0,34758262784,4591596720
1786397033908,0,0,34758262784,4591613104
1786397034115,0,0,34758262784,4591596720
1786397034326,0,0,34758262784,4591596720
1786397034537,0,0,34758262784,4591596720
1786397034755,0,0,34758262784,4591613104
1786397034966,0,0,34758262784,4591596720
1786397035170,0,0,34758262784,4591596720
1786397035376,0,0,34758262784,4591596720
1786397035587,0,0,34758262784,4591596720
1786397035796,0,0,34758262784,4591596720
1786397036002,0,0,34758262784,4591613104
1786397036208,0,0,34758262784,4591613104
1786397036419,0,0,34758262784,4591596720
1786397036629,0,0,34758262784,4591596720
1786397036837,0,0,34758262784,4591596720
1786397037041,0,0,34758262784,4591613104
1786397037245,0,0,34758262784,4591596720
1786397037447,0,0,34758262784,4591596720
1786397037653,0,0,34758262784,4591596720
1786397037864,0,0,34758262784,4591596720
1786397038075,0,0,34758262784,4591596720
1786397038283,0,0,34758262784,4591613104
1786397038489,0,0,34758262784,4591596720
1786397038691,0,0,34758262784,4591596720
1786397038902,0,0,34758262784,4591596720
1786397039109,0,0,34758262784,4591596720
1786397039320,0,0,34758262784,4591596720
1786397039531,0,0,34758262784,4591596720
1786397039742,0,0,34758262784,4591596720
1786397039952,0,0,34758262784,4591596720
1786397040163,0,0,34758262784,4591613104
1786397040384,0,0,34758262784,4591613104
1786397040595,0,0,34758262784,4591596720
1786397040798,0,0,34758262784,4591596720
1786397041001,0,0,34758262784,4591596720
1786397041212,0,0,34758262784,4591596720
1786397041417,0,0,34758262784,4591613104
1786397041620,0,0,34758262784,4591596720
1786397041831,0,0,34758262784,4591596720
1786397042040,0,0,34758262784,4591596720
1786397042243,0,0,34758262784,4591596720
1786397042454,0,0,34758262784,4591596720
1786397042659,0,0,34758262784,4591596720
1786397042864,0,0,34758262784,4591596720
1786397043068,0,0,34758262784,4591596720
1786397043278,0,0,34758262784,4591596720
1786397043504,0,0,34758262784,4591596720
1786397043715,0,0,34758262784,4591596720
1786397043922,0,0,34758262784,4591596720
1786397044132,0,0,34758262784,4591596720
1786397044336,0,0,34758262784,4591596720
1786397044547,0,0,34758262784,4591596720
1786397044757,0,0,34758262784,4591596720
1786397044968,0,0,34758262784,4591596720
1786397045177,0,0,34758262784,4591596720
1786397045382,0,0,34758262784,4591596720
1786397045584,0,0,34758262784,4591596720
1786397045788,0,0,34758262784,4591596720
1786397045999,0,0,34758262784,4591596720
1786397046204,0,0,34758262784,4591613104
1786397046415,0,0,34758262784,4591613104
1786397046620,0,0,34758262784,4591613104
1786397046830,0,0,34758262784,4591613104
1786397047041,0,0,34758262784,4591613104
1786397047251,0,0,34758262784,4591613104
1786397047459,0,0,34758262784,4591613104
1786397047671,0,0,34758262784,4591629488
1786397047874,0,0,34758262784,4591613104
1786397048077,0,0,34758262784,4591613104
1786397048288,0,0,34758262784,4591613104
1786397048497,0,0,34758262784,4591613104
1786397048701,0,0,34758262784,4591613104
1786397048905,0,0,34758262784,4591629488
1786397049116,0,0,34758262784,4591613104
1786397049327,0,0,34758262784,4591613104
1786397049528,0,0,34758262784,4591613104
1786397049737,0,0,34758262784,4591613104
1786397049948,0,0,34758262784,4591613104
1786397050149,0,0,34758262784,4591613104
1786397050360,0,0,34758262784,4591613104
1786397050579,0,0,34758262784,4591613104
1786397050790,0,0,34758262784,4591629488
1786397050999,0,0,34758262784,4591629488
1786397051201,0,0,34758262784,4591645872
1786397051412,0,0,34758262784,4591645872
1786397051623,0,0,34758262784,4591645872
1786397051831,0,0,34758262784,4591645872
1786397052041,0,0,34758262784,4591645872
1786397052252,0,0,34758262784,4591645872
1786397052456,0,0,34758262784,4591645872
1786397052666,0,0,34758262784,4591645872
1786397052878,0,0,34758262784,4591645872
1786397053089,0,0,34758262784,4591645872
1786397053296,0,0,34758262784,4591662256
1786397053501,0,0,34758262784,4591645872
1786397053702,0,0,34758262784,4591645872
1786397053913,0,0,34758262784,4591645872
1786397054125,0,0,34758262784,4591645872
1786397054335,0,0,34758262784,4591662256
1786397054541,0,0,34758262784,4591645872
1786397054747,0,0,34758262784,4591645872
1786397054958,0,0,34758262784,4591645872
1786397055169,0,0,34758262784,4591645872
1786397055378,0,0,34758262784,4591645872
1786397055589,0,0,34758262784,4591645872
1786397055793,0,0,34758262784,4591645872
1786397056002,0,0,34758262784,4591645872
1786397056213,0,0,34758262784,4591645872
1786397056423,0,0,34758262784,4591645872
1786397056627,0,0,34758262784,4591662256
1786397056837,0,0,34758262784,4591645872
1786397057045,0,0,34758262784,4591645872
1786397057247,0,0,34758262784,4591645872
1786397057458,0,0,34758262784,4591645872
1786397057666,0,0,34758262784,4591645872
1786397057867,0,0,34758262784,4591645872
1786397058071,0,0,34758262784,4591645872
1786397058274,0,0,34758262784,4591645872
1786397058483,0,0,34758262784,4591645872
1786397058694,0,0,34758262784,4591645872
1786397058896,0,0,34758262784,4591645872
1786397059107,0,0,34758262784,4591645872
1786397059312,0,0,34758262784,4591645872
1786397059516,0,0,34758262784,4591645872
1786397059727,0,0,34758262784,4591645872
1786397059929,0,0,34758262784,4591645872
1786397060138,0,0,34758262784,4591645872
1786397060347,0,0,34758262784,4591662256
1786397060549,0,0,34758262784,4591645872
1786397060763,0,0,34758262784,4591645872
1786397060974,0,0,34758262784,4591662256
1786397061176,0,0,34758262784,4591645872
1786397061379,0,0,34758262784,4591645872
1786397061583,0,0,34758262784,4591645872
1786397061793,0,0,34758262784,4591645872
1786397062010,0,0,34758262784,4591662256
1786397062220,0,0,34758262784,4591645872
1786397062430,0,0,34758262784,4591645872
1786397062632,0,0,34758262784,4591645872
1786397062842,0,0,34758262784,4591645872
1786397063047,0,0,34758262784,4591645872
1786397063250,0,0,34758262784,4591645872
1786397063461,0,0,34758262784,4591645872
1786397063666,0,0,34758262784,4591645872
1786397063877,0,0,34758262784,4591662256
1786397064085,0,0,34758262784,4591645872
1786397064295,0,0,34758262784,4591645872
1786397064507,0,0,34758262784,4591662256
1786397064715,0,0,34758262784,4591662256
1786397064925,0,0,34758262784,4591645872
1786397065126,0,0,34758262784,4591645872
1786397065337,0,0,34758262784,4591645872
1786397065548,0,0,34758262784,4591645872
1786397065754,0,0,34758262784,4591645872
1786397065960,0,0,34758262784,4591645872
1786397066169,0,0,34758262784,4591645872
1786397066373,0,0,34758262784,4591645872
1786397066584,0,0,34758262784,4591645872
1786397066791,0,0,34758262784,4591662256
1786397066993,0,0,34758262784,4591645872
1786397067199,0,0,34758262784,4591645872
1786397067404,0,0,34758262784,4591645872
1786397067610,0,0,34758262784,4591645872
1786397067821,0,0,34758262784,4591645872
1786397068024,0,0,34758262784,4591645872
1786397068226,0,0,34758262784,4591645872
1786397068430,0,0,34758262784,4591645872
1786397068641,0,0,34758262784,4591645872
1786397068852,0,0,34758262784,4591645872
1786397069063,0,0,34758262784,4591645872
1786397069272,0,0,34758262784,4591645872
1786397069483,0,0,34758262784,4591662256
1786397069684,0,0,34758262784,4591645872
1786397069888,0,0,34758262784,4591645872
1786397070098,0,0,34758262784,4591645872
1786397070302,0,0,34758262784,4591645872
1786397070507,0,0,34758262784,4591645872
1786397070717,0,0,34758262784,4591645872
1786397070931,0,0,34758262784,4591645872
1786397071139,0,0,34758262784,4591645872
1786397071351,0,0,34758262784,4591662256
1786397071561,0,0,34758262784,4591645872
1786397071773,0,0,34758262784,4591662256
1786397071984,0,0,34758262784,4591662256
1786397072189,0,0,34758262784,4591645872
1786397072400,0,0,34758262784,4591645872
1786397072604,0,0,34758262784,4591645872
1786397072816,0,0,34758262784,4591645872
1786397073026,0,0,34758262784,4591645872
1786397073230,0,0,34758262784,4591645872
1786397073441,0,0,34758262784,4591645872
1786397073652,0,0,34758262784,4591645872
1786397073855,0,0,34758262784,4591645872
1786397074057,0,0,34758262784,4591645872
1786397074265,0,0,34758262784,4591645872
1786397074476,0,0,34758262784,4591645872
1786397074678,0,0,34758262784,4591645872
1786397074888,0,0,34758262784,4591662256
1786397075098,0,0,34758262784,4591645872
1786397075309,0,0,34758262784,4591645872
1786397075518,0,0,34758262784,4591645872
1786397075728,0,0,34758262784,4591645872
1786397075939,0,0,34758262784,4591645872
1786397076145,0,0,34758262784,4591645872
1786397076356,0,0,34758262784,4591645872
1786397076567,0,0,34758262784,4591645872
1786397076778,0,0,34758262784,4591645872
1786397076989,0,0,34758262784,4591645872
1786397077200,0,0,34758262784,4591645872
1786397077411,0,0,34758262784,4591645872
1786397077621,0,0,34758262784,4591662256
1786397077822,0,0,34758262784,4591645872
1786397078026,0,0,34758262784,4591645872
1786397078237,0,0,34758262784,4591662256
1786397078448,0,0,34758262784,4591645872
1786397078657,0,0,34758262784,4591645872
1786397078864,0,0,34758262784,4591645872
1786397079069,0,0,34758262784,4591645872
1786397079279,0,0,34758262784,4591645872
1786397079487,0,0,34758262784,4591645872
1786397079697,0,0,34758262784,4591662256
1786397079901,0,0,34758262784,4591645872
1786397080112,0,0,34758262784,4591645872
1786397080319,0,0,34758262784,4591645872
1786397080530,0,0,34758262784,4591645872
1786397080741,0,0,34758262784,4591645872
1786397080959,0,0,34758262784,4591662256
1786397081161,0,0,34758262784,4591645872
1786397081372,0,0,34758262784,4591645872
1786397081583,0,0,34758262784,4591645872
1786397081799,0,0,34758262784,4591662256
1786397082010,0,0,34758262784,4591645872
1786397082222,0,0,34758262784,4591645872
1786397082428,0,0,34758262784,4591645872
1786397082638,0,0,34758262784,4591645872
1786397082849,0,0,34758262784,4591645872
1786397083058,0,0,34758262784,4591645872
1786397083261,0,0,34758262784,4591645872
1786397083469,0,0,34758262784,4591645872
1786397083675,0,0,34758262784,4591645872
1786397083885,0,0,34758262784,4591645872
1786397084092,0,0,34758262784,4591645872
1786397084298,0,0,34758262784,4591645872
1786397084505,0,0,34758262784,4591645872
1786397084715,0,0,34758262784,4591645872
1786397084926,0,0,34758262784,4591645872
1786397085137,0,0,34758262784,4591662256
1786397085346,0,0,34758262784,4591662256
1786397085551,0,0,34758262784,4591645872
1786397085763,0,0,34758262784,4591662256
1786397085965,0,0,34758262784,4591645872
1786397086176,0,0,34758262784,4591645872
1786397086386,0,0,34758262784,4591662256
1786397086593,0,0,34758262784,4591645872
1786397086797,0,0,34758262784,4591645872
1786397087008,0,0,34758262784,4591645872
1786397087210,0,0,34758262784,4591645872
1786397087420,0,0,34758262784,4591645872
1786397087631,0,0,34758262784,4591645872
1786397087834,0,0,34758262784,4591645872
1786397088039,0,0,34758262784,4591645872
1786397088246,0,0,34758262784,4591645872
1786397088457,0,0,34758262784,4591645872
1786397088668,0,0,34758262784,4591645872
1786397088879,0,0,34758262784,4591645872
1786397089087,0,0,34758262784,4591645872
1786397089298,0,0,34758262784,4591662256
1786397089502,0,0,34758262784,4591645872
1786397089713,0,0,34758262784,4591645872
1786397089919,0,0,34758262784,4591645872
1786397090130,0,0,34758262784,4591645872
1786397090333,0,0,34758262784,4591645872
1786397090539,0,0,34758262784,4591645872
1786397090746,0,0,34758262784,4591645872
1786397090966,0,0,34758262784,4591645872
1786397091178,0,0,34758262784,4591645872
1786397091390,0,0,34758262784,4591662256
1786397091601,0,0,34758262784,4591662256
1786397091812,0,0,34758262784,4591645872
1786397092023,0,0,34758262784,4591645872
1786397092231,0,0,34758262784,4591645872
1786397092441,0,0,34758262784,4591645872
1786397092651,0,0,34758262784,4591645872
1786397092854,0,0,34758262784,4591645872
1786397093065,0,0,34758262784,4591645872
1786397093273,0,0,34758262784,4591645872
1786397093485,0,0,34758262784,4591645872
1786397093695,0,0,34758262784,4591645872
1786397093906,0,0,34758262784,4591645872
1786397094117,0,0,34758262784,4591645872
1786397094324,0,0,34758262784,4591645872
1786397094535,0,0,34758262784,4591645872
1786397094745,0,0,34758262784,4591645872
1786397094955,0,0,34758262784,4591645872
1786397095165,0,0,34758262784,4591645872
1786397095375,0,0,34758262784,4591645872
1786397095586,0,0,34758262784,4591645872
1786397095786,0,0,34758262784,4591645872
1786397095996,0,0,34758262784,4591645872
1786397096207,0,0,34758262784,4591645872
1786397096415,0,0,34758262784,4591645872
1786397096625,0,0,34758262784,4591645872
1786397096826,0,0,34758262784,4591645872
1786397097036,0,0,34758262784,4591645872
1786397097246,0,0,34758262784,4591645872
1786397097457,0,0,34758262784,4591645872
1786397097664,0,0,34758262784,4591645872
1786397097865,0,0,34758262784,4591678640
1786397098076,0,0,34758262784,4591645872
1786397098286,0,0,34758262784,4591645872
1786397098493,0,0,34758262784,4591645872
1786397098703,0,0,34758262784,4591645872
1786397098915,0,0,34758262784,4591645872
1786397099124,0,0,34758262784,4591645872
1786397099335,0,0,34758262784,4591645872
1786397099545,0,0,34758262784,4591645872
1786397099756,0,0,34758262784,4591645872
1786397099967,0,0,34758262784,4591645872
1786397100179,0,0,34758262784,4591645872
1786397100389,0,0,34758262784,4591645872
1786397100596,0,0,34758262784,4591645872
1786397100797,0,0,34758262784,4591645872
1786397101013,0,0,34758262784,4591645872
1786397101216,0,0,34758262784,4591645872
1786397101422,0,0,34758262784,4591662256
1786397101633,0,0,34758262784,4591645872
1786397101840,0,0,34758262784,4591645872
1786397102051,0,0,34758262784,4591645872
1786397102254,0,0,34758262784,4591645872
1786397102466,0,0,34758262784,4591662256
1786397102675,0,0,34758262784,4591645872
1786397102881,0,0,34758262784,4591645872
1786397103089,0,0,34758262784,4591645872
1786397103300,0,0,34758262784,4591645872
1786397103507,0,0,34758262784,4591645872
1786397103718,0,0,34758262784,4591645872
1786397103925,0,0,34758262784,4591645872
1786397104129,0,0,34758262784,4591645872
1786397104340,0,0,34758262784,4591645872
1786397104552,0,0,34758262784,4591662256
1786397104759,0,0,34758262784,4591645872
1786397104970,0,0,34758262784,4591645872
1786397105179,0,0,34758262784,4591645872
1786397105385,0,0,34758262784,4591645872
1786397105596,0,0,34758262784,4591645872
1786397105807,0,0,34758262784,4591662256
1786397106012,0,0,34758262784,4591645872
1786397106223,0,0,34758262784,4591645872
1786397106430,0,0,34758262784,4591645872
1786397106641,0,0,34758262784,4591645872
1786397106845,0,0,34758262784,4591645872
1786397107047,0,0,34758262784,4591662256
1786397107252,0,0,34758262784,4591645872
1786397107461,0,0,34758262784,4591662256
1786397107671,0,0,34758262784,4591645872
1786397107882,0,0,34758262784,4591645872
1786397108092,0,0,34758262784,4591645872
1786397108301,0,0,34758262784,4591645872
1786397108510,0,0,34758262784,4591662256
1786397108715,0,0,34758262784,4591645872
1786397108926,0,0,34758262784,4591645872
1786397109137,0,0,34758262784,4591645872
1786397109352,0,0,34758262784,4591645872
1786397109563,0,0,34758262784,4591645872
1786397109774,0,0,34758262784,4591662256
1786397109985,0,0,34758262784,4591645872
1786397110196,0,0,34758262784,4591645872
1786397110399,0,0,34758262784,4591645872
1786397110611,0,0,34758262784,4591645872
1786397110816,0,0,34758262784,4591662256
1786397111039,0,0,34758262784,4591645872
1786397111250,0,0,34758262784,4591645872
1786397111457,0,0,34758262784,4591645872
1786397111664,0,0,34758262784,4591645872
1786397111874,0,0,34758262784,4591645872
1786397112083,0,0,34758262784,4591645872
1786397112287,0,0,34758262784,4591645872
1786397112498,0,0,34758262784,4591645872
1786397112709,0,0,34758262784,4591645872
1786397112920,0,0,34758262784,4591645872
1786397113127,0,0,34758262784,4591645872
1786397113334,0,0,34758262784,4591645872
1786397113545,0,0,34758262784,4591645872
1786397113749,0,0,34758262784,4591645872
1786397113960,0,0,34758262784,4591645872
1786397114173,0,0,34758262784,4591662256
1786397114378,0,0,34758262784,4591645872
1786397114589,0,0,34758262784,4591645872
1786397114800,0,0,34758262784,4591645872
1786397115008,0,0,34758262784,4591662256
1786397115214,0,0,34758262784,4591645872
1786397115416,0,0,34758262784,4591645872
1786397115617,0,0,34758262784,4591645872
1786397115823,0,0,34758262784,4591645872
1786397116034,0,0,34758262784,4591645872
1786397116242,0,0,34758262784,4591662256
1786397116449,0,0,34758262784,4591645872
1786397116657,0,0,34758262784,4591662256
1786397116868,0,0,34758262784,4591645872
1786397117079,0,0,34758262784,4591645872
1786397117291,0,0,34758262784,4591645872
1786397117498,0,0,34758262784,4591662256
1786397117712,0,0,34758262784,4591662256
1786397117915,0,0,34758262784,4591645872
1786397118126,0,0,34758262784,4591645872
1786397118337,0,0,34758262784,4591645872
1786397118541,0,0,34758262784,4591645872
1786397118751,0,0,34758262784,4591645872
1786397118959,0,0,34758262784,4591678640
1786397119169,0,0,34758262784,4591662256
1786397119380,0,0,34758262784,4591662256
1786397119591,0,0,34758262784,4591662256
1786397119797,0,0,34758262784,4591662256
1786397120006,0,0,34758262784,4591662256
1786397120213,0,0,34758262784,4591662256
1786397120423,0,0,34758262784,4591662256
1786397120634,0,0,34758262784,4591662256
1786397120843,0,0,34758262784,4591678640
1786397121066,0,0,34758262784,4591678640
1786397121272,0,0,34758262784,4591678640
1786397121482,0,0,34758262784,4591678640
1786397121693,0,0,34758262784,4591678640
1786397121895,0,0,34758262784,4591678640
1786397122096,0,0,34758262784,4591678640
1786397122305,0,0,34758262784,4591678640
1786397122515,0,0,34758262784,4591678640
1786397122722,0,0,34758262784,4591695024
1786397122928,0,0,34758262784,4591678640
1786397123135,0,0,34758262784,4591695024
1786397123341,0,0,34758262784,4591695024
1786397123551,0,0,34758262784,4591711408
1786397123759,0,0,34758262784,4591695024
1786397123970,0,0,34758262784,4591695024
1786397124180,0,0,34758262784,4591711408
1786397124391,0,0,34758262784,4591711408
1786397124600,0,0,34758262784,4591727792
1786397124811,0,0,34758262784,4591711408
1786397125016,0,0,34758262784,4591711408
1786397125227,0,0,34758262784,4591711408
1786397125434,0,0,34758262784,4591711408
1786397125640,0,0,34758262784,4591711408
1786397125847,0,0,34758262784,4591727792
1786397126055,0,0,34758262784,4591711408
1786397126266,0,0,34758262784,4591711408
1786397126469,0,0,34758262784,4591727792
1786397126674,0,0,34758262784,4591711408
1786397126883,0,0,34758262784,4591727792
1786397127094,0,0,34758262784,4591711408
1786397127305,0,0,34758262784,4591711408
1786397127516,0,0,34758262784,4591711408
1786397127720,0,0,34758262784,4591711408
1786397127928,0,0,34758262784,4591711408
1786397128130,0,0,34758262784,4591711408
1786397128331,0,0,34758262784,4591711408
1786397128542,0,0,34758262784,4591711408
1786397128745,0,0,34758262784,4591711408
1786397128950,0,0,34758262784,4591727792
1786397129161,0,0,34758262784,4591711408
1786397129371,0,0,34758262784,4591711408
1786397129573,0,0,34758262784,4591711408
1786397129784,0,0,34758262784,4591711408
1786397129995,0,0,34758262784,4591727792
1786397130203,0,0,34758262784,4591711408
1786397130412,0,0,34758262784,4591711408
1786397130622,0,0,34758262784,4591711408
1786397130833,0,0,34758262784,4591727792
1786397131044,0,0,34758262784,4591711408
1786397131266,0,0,34758262784,4591711408
1786397131476,0,0,34758262784,4591727792
1786397131681,0,0,34758262784,4591711408
1786397131892,0,0,34758262784,4591711408
1786397132102,0,0,34758262784,4591711408
1786397132314,0,0,34758262784,4591711408
1786397132525,0,0,34758262784,4591711408
1786397132736,0,0,34758262784,4591711408
1786397132938,0,0,34758262784,4591711408
1786397133141,0,0,34758262784,4591711408
1786397133352,0,0,34758262784,4591711408
1786397133563,0,0,34758262784,4591711408
1786397133774,0,0,34758262784,4591711408
1786397133984,0,0,34758262784,4591711408
1786397134190,0,0,34758262784,4591711408
1786397134401,0,0,34758262784,4591711408
1786397134612,0,0,34758262784,4591711408
1786397134823,0,0,34758262784,4591711408
1786397135035,0,0,34758262784,4591711408
1786397135246,0,0,34758262784,4591711408
1786397135457,0,0,34758262784,4591711408
1786397135667,0,0,34758262784,4591711408
1786397135878,0,0,34758262784,4591727792
1786397136086,0,0,34758262784,4591711408
1786397136312,0,0,34758262784,4591711408
1786397136523,0,0,34758262784,4591711408
1786397136734,0,0,34758262784,4591711408
1786397136937,0,0,34758262784,4591711408
1786397137148,0,0,34758262784,4591711408
1786397137352,0,0,34758262784,4591711408
1786397137554,0,0,34758262784,4591711408
1786397137765,0,0,34758262784,4591711408
1786397137975,0,0,34758262784,4591711408
1786397138179,0,0,34758262784,4591727792
1786397138390,0,0,34758262784,4591711408
1786397138599,0,0,34758262784,4591727792
1786397138810,0,0,34758262784,4591711408
1786397139021,0,0,34758262784,4591711408
1786397139232,0,0,34758262784,4591711408
1786397139441,0,0,34758262784,4591711408
1786397139648,0,0,34758262784,4591711408
1786397139859,0,0,34758262784,4591711408
1786397140070,0,0,34758262784,4591711408
1786397140281,0,0,34758262784,4591711408
1786397140491,0,0,34758262784,4591727792
1786397140700,0,0,34758262784,4591711408
1786397140910,0,0,34758262784,4591711408
1786397141115,0,0,34758262784,4591711408
1786397141329,0,0,34758262784,4591727792
1786397141536,0,0,34758262784,4591711408
1786397141744,0,0,34758262784,4591711408
1786397141949,0,0,34758262784,4591711408
1786397142160,0,0,34758262784,4591711408
1786397142363,0,0,34758262784,4591711408
1786397142574,0,0,34758262784,4591711408
1786397142783,0,0,34758262784,4591711408
1786397142994,0,0,34758262784,4591711408
1786397143196,0,0,34758262784,4591727792
1786397143401,0,0,34758262784,4591711408
1786397143612,0,0,34758262784,4591711408
1786397143821,0,0,34758262784,4591711408
1786397144031,0,0,34758262784,4591727792
1786397144237,0,0,34758262784,4591727792
1786397144439,0,0,34758262784,4591711408
1786397144650,0,0,34758262784,4591711408
1786397144861,0,0,34758262784,4591711408
1786397145072,0,0,34758262784,4591711408
1786397145283,0,0,34758262784,4591727792
1786397145493,0,0,34758262784,4591711408
1786397145704,0,0,34758262784,4591711408
1786397145914,0,0,34758262784,4591711408
1786397146125,0,0,34758262784,4591711408
1786397146331,0,0,34758262784,4591727792
1786397146540,0,0,34758262784,4591711408
1786397146747,0,0,34758262784,4591711408
1786397146951,0,0,34758262784,4591711408
1786397147162,0,0,34758262784,4591711408
1786397147372,0,0,34758262784,4591711408
1786397147580,0,0,34758262784,4591727792
1786397147791,0,0,34758262784,4591711408
1786397148001,0,0,34758262784,4591711408
1786397148209,0,0,34758262784,4591711408
1786397148418,0,0,34758262784,4591711408
1786397148623,0,0,34758262784,4591727792
1786397148831,0,0,34758262784,4591727792
1786397149040,0,0,34758262784,4591711408
1786397149247,0,0,34758262784,4591711408
1786397149458,0,0,34758262784,4591711408
1786397149666,0,0,34758262784,4591711408
1786397149873,0,0,34758262784,4591711408
1786397150076,0,0,34758262784,4591711408
1786397150278,0,0,34758262784,4591711408
1786397150489,0,0,34758262784,4591711408
1786397150698,0,0,34758262784,4591711408
1786397150913,0,0,34758262784,4591711408
1786397151124,0,0,34758262784,4591711408
1786397151336,0,0,34758262784,4591711408
1786397151547,0,0,34758262784,4591711408
1786397151758,0,0,34758262784,4591711408
1786397151962,0,0,34758262784,4591711408
1786397152176,0,0,34758262784,4592235696
1786397152383,0,0,34758262784,4592268464
1786397152594,0,0,34758262784,4592268464
1786397152805,0,0,34758262784,4592268464
1786397153009,0,0,34758262784,4592268464
1786397153211,0,0,34758262784,4592268464
1786397153420,0,0,34758262784,4592268464
1786397153620,0,0,34758262784,4592268464
1786397153831,0,0,34758262784,4592268464
1786397154044,0,0,34758262784,4592284848
1786397154247,0,0,34758262784,4592268464
1786397154457,0,0,34758262784,4592268464
1786397154668,0,0,34758262784,4592268464
1786397154872,0,0,34758262784,4592268464
1786397155078,0,0,34758262784,4592268464
1786397155288,0,0,34758262784,4592268464
1786397155492,0,0,34758262784,4592284848
1786397155703,0,0,34758262784,4592268464
1786397155914,0,0,34758262784,4592284848
1786397156130,0,0,34758262784,4592268464
1786397156343,0,0,34758262784,4592284848
1786397156548,0,0,34758262784,4592268464
1786397156751,0,0,34758262784,4592268464
1786397156959,0,0,34758262784,4592268464
1786397157168,0,0,34758262784,4592268464
1786397157379,0,0,34758262784,4592268464
1786397157584,0,0,34758262784,4592268464
1786397157789,0,0,34758262784,4592268464
1786397157997,0,0,34758262784,4592268464
1786397158207,0,0,34758262784,4592284848
1786397158415,0,0,34758262784,4592284848
1786397158626,0,0,34758262784,4592284848
1786397158836,0,0,34758262784,4592301232
1786397159043,0,0,34758262784,4592284848
1786397159247,0,0,34758262784,4592284848
1786397159455,0,0,34758262784,4592284848
1786397159666,0,0,34758262784,4592284848
1786397159877,0,0,34758262784,4592284848
1786397160086,0,0,34758262784,4592284848
1786397160297,0,0,34758262784,4592301232
1786397160503,0,0,34758262784,4592284848
1786397160709,0,0,34758262784,4592284848
1786397160920,0,0,34758262784,4592284848
1786397161129,0,0,34758262784,4592284848
1786397161359,0,0,34758262784,4592284848
1786397161570,0,0,34758262784,4592284848
1786397161778,0,0,34758262784,4592284848
1786397161989,0,0,34758262784,4592284848
1786397162200,0,0,34758262784,4592301232
1786397162412,0,0,34758262784,4592301232
1786397162614,0,0,34758262784,4592284848
1786397162824,0,0,34758262784,4592301232
1786397163035,0,0,34758262784,4592284848
1786397163245,0,0,34758262784,4592301232
1786397163450,0,0,34758262784,4592301232
1786397163655,0,0,34758262784,4592284848
1786397163866,0,0,34758262784,4592284848
1786397164069,0,0,34758262784,4592284848
1786397164278,0,0,34758262784,4592284848
1786397164489,0,0,34758262784,4592284848
1786397164697,0,0,34758262784,4592284848
1786397164903,0,0,34758262784,4592284848
1786397165110,0,0,34758262784,4592284848
1786397165321,0,0,34758262784,4592284848
1786397165532,0,0,34758262784,4592284848
1786397165743,0,0,34758262784,4592284848
1786397165954,0,0,34758262784,4592284848
1786397166165,0,0,34758262784,4592284848
1786397166372,0,0,34758262784,4592776368
1786397166583,0,0,34758262784,4593530032
1786397166794,0,0,34758262784,4593530032
1786397167005,0,0,34758262784,4593546416
1786397167215,0,0,34758262784,4593579184
1786397167418,0,0,34758262784,4593759408
1786397167625,0,0,34758262784,4593759408
1786397167836,0,0,34758262784,4593775792
1786397168044,0,0,34758262784,4593759408
1786397168251,0,0,34758262784,4593775792
1786397168459,0,0,34758262784,4593759408
1786397168665,0,0,34758262784,4593759408
1786397168875,0,0,34758262784,4593759408
1786397169086,0,0,34758262784,4593759408
1786397169296,0,0,34758262784,4593759408
1786397169501,0,0,34758262784,4593759408
1786397169703,0,0,34758262784,4593759408
1786397169913,0,0,34758262784,4593759408
1786397170124,0,0,34758262784,4593759408
1786397170334,0,0,34758262784,4593759408
1786397170543,0,0,34758262784,4593759408
1786397170754,0,0,34758262784,4593759408
1786397170964,0,0,34758262784,4593759408
1786397171168,0,0,34758262784,4593759408
1786397171376,0,0,34758262784,4593759408
1786397171586,0,0,34758262784,4593792176
1786397171796,0,0,34758262784,4593759408
1786397171997,0,0,34758262784,4593759408
1786397172207,0,0,34758262784,4593759408
1786397172412,0,0,34758262784,4593759408
1786397172622,0,0,34758262784,4593759408
1786397172832,0,0,34758262784,4593759408
1786397173042,0,0,34758262784,4593759408
1786397173253,0,0,34758262784,4593759408
1786397173463,0,0,34758262784,4593759408
1786397173673,0,0,34758262784,4593759408
1786397173883,0,0,34758262784,4593775792
1786397174094,0,0,34758262784,4593759408
1786397174298,0,0,34758262784,4593759408
1786397174509,0,0,34758262784,4593759408
1786397174720,0,0,34758262784,4593759408
1786397174925,0,0,34758262784,4593759408
1786397175128,0,0,34758262784,4593759408
1786397175337,0,0,34758262784,4593759408
1786397175548,0,0,34758262784,4593775792
1786397175752,0,0,34758262784,4593792176
1786397175963,0,0,34758262784,4593792176
1786397176176,0,0,34758262784,4593775792
1786397176379,0,0,34758262784,4593775792
1786397176590,0,0,34758262784,4593775792
1786397176801,0,0,34758262784,4593775792
1786397177003,0,0,34758262784,4593775792
1786397177212,0,0,34758262784,4593775792
1786397177419,0,0,34758262784,4593775792
1786397177623,0,0,34758262784,4593775792
1786397177834,0,0,34758262784,4593775792
1786397178043,0,0,34758262784,4593792176
1786397178254,0,0,34758262784,4593775792
1786397178458,0,0,34758262784,4593775792
1786397178665,0,0,34758262784,4593775792
1786397178874,0,0,34758262784,4593775792
1786397179084,0,0,34758262784,4593775792
1786397179290,0,0,34758262784,4593775792
1786397179496,0,0,34758262784,4593775792
1786397179700,0,0,34758262784,4593775792
1786397179911,0,0,34758262784,4593775792
1786397180122,0,0,34758262784,4593775792
1786397180324,0,0,34758262784,4593775792
1786397180527,0,0,34758262784,4593775792
1786397180738,0,0,34758262784,4593775792
1786397180941,0,0,34758262784,4593775792
1786397181151,0,0,34758262784,4593792176
1786397181362,0,0,34758262784,4593808560
1786397181579,0,0,34758262784,4593824944
1786397181786,0,0,34758262784,4593824944
1786397181996,0,0,34758262784,4593808560
1786397182206,0,0,34758262784,4593808560
1786397182416,0,0,34758262784,4593808560
1786397182619,0,0,34758262784,4593824944
1786397182828,0,0,34758262784,4593824944
1786397183030,0,0,34758262784,4593824944
1786397183236,0,0,34758262784,4593824944
1786397183447,0,0,34758262784,4593841328
1786397183658,0,0,34758262784,4593841328
1786397183865,0,0,34758262784,4593857712
1786397184075,0,0,34758262784,4593841328
1786397184287,0,0,34758262784,4593841328
1786397184490,0,0,34758262784,4593841328
1786397184702,0,0,34758262784,4593857712
1786397184916,0,0,34758262784,4593841328
1786397185125,0,0,34758262784,4593841328
1786397185328,0,0,34758262784,4593841328
1786397185539,0,0,34758262784,4593874096
1786397185750,0,0,34758262784,4593857712
1786397185961,0,0,34758262784,4593857712
1786397186166,0,0,34758262784,4593857712
1786397186378,0,0,34758262784,4593857712
1786397186590,0,0,34758262784,4593874096
1786397186792,0,0,34758262784,4593874096
1786397186993,0,0,34758262784,4593874096
1786397187205,0,0,34758262784,4593874096
1786397187416,0,0,34758262784,4593874096
1786397187625,0,0,34758262784,4593874096
1786397187836,0,0,34758262784,4593890480
1786397188038,0,0,34758262784,4593874096
1786397188249,0,0,34758262784,4593890480
1786397188451,0,0,34758262784,4593890480
1786397188656,0,0,34758262784,4593890480
1786397188859,0,0,34758262784,4593874096
1786397189065,0,0,34758262784,4593874096
1786397189275,0,0,34758262784,4593874096
1786397189486,0,0,34758262784,4593874096
1786397189689,0,0,34758262784,4593874096
1786397189898,0,0,34758262784,4593874096
1786397190108,0,0,34758262784,4593874096
1786397190319,0,0,34758262784,4593874096
1786397190530,0,0,34758262784,4593874096
1786397190741,0,0,34758262784,4593874096
1786397190948,0,0,34758262784,4593874096
1786397191157,0,0,34758262784,4593874096
1786397191367,0,0,34758262784,4593874096
1786397191582,0,0,34758262784,4593874096
1786397191793,0,0,34758262784,4593874096
1786397191998,0,0,34758262784,4593890480
1786397192207,0,0,34758262784,4593874096
1786397192414,0,0,34758262784,4593874096
1786397192616,0,0,34758262784,4593874096
1786397192827,0,0,34758262784,4593890480
1786397193038,0,0,34758262784,4593874096
1786397193245,0,0,34758262784,4593874096
1786397193447,0,0,34758262784,4593874096
1786397193652,0,0,34758262784,4593874096
1786397193863,0,0,34758262784,4593874096
1786397194074,0,0,34758262784,4593890480
1786397194285,0,0,34758262784,4593874096
1786397194494,0,0,34758262784,4593874096
1786397194698,0,0,34758262784,4593874096
1786397194900,0,0,34758262784,4593874096
1786397195111,0,0,34758262784,4593874096
1786397195312,0,0,34758262784,4593874096
1786397195520,0,0,34758262784,4593874096
1786397195725,0,0,34758262784,4593874096
1786397195935,0,0,34758262784,4593874096
1786397196146,0,0,34758262784,4593874096
1786397196358,0,0,34758262784,4593890480
1786397196560,0,0,34758262784,4593874096
1786397196762,0,0,34758262784,4593874096
1786397196966,0,0,34758262784,4593874096
1786397197173,0,0,34758262784,4593874096
1786397197382,0,0,34758262784,4593874096
1786397197593,0,0,34758262784,4593874096
1786397197797,0,0,34758262784,4593874096
1786397198002,0,0,34758262784,4593890480
1786397198209,0,0,34758262784,4593874096
1786397198419,0,0,34758262784,4593874096
1786397198628,0,0,34758262784,4593874096
1786397198840,0,0,34758262784,4593874096
1786397199043,0,0,34758262784,4593874096
1786397199251,0,0,34758262784,4593874096
1786397199452,0,0,34758262784,4593874096
1786397199663,0,0,34758262784,4593874096
1786397199874,0,0,34758262784,4593874096
1786397200080,0,0,34758262784,4593890480
1786397200291,0,0,34758262784,4593874096
1786397200495,0,0,34758262784,4593890480
1786397200706,0,0,34758262784,4593874096
1786397200911,0,0,34758262784,4593874096
1786397201123,0,0,34758262784,4593874096
1786397201325,0,0,34758262784,4593874096
1786397201536,0,0,34758262784,4593890480
1786397201758,0,0,34758262784,4593874096
1786397201967,0,0,34758262784,4593874096
1786397202178,0,0,34758262784,4593890480
1786397202389,0,0,34758262784,4593874096
1786397202600,0,0,34758262784,4593890480
1786397202807,0,0,34758262784,4593890480
1786397203018,0,0,34758262784,4593874096
1786397203229,0,0,34758262784,4593874096
1786397203440,0,0,34758262784,4593874096
1786397203650,0,0,34758262784,4593890480
1786397203855,0,0,34758262784,4593874096
1786397204066,0,0,34758262784,4593874096
1786397204268,0,0,34758262784,4593874096
1786397204479,0,0,34758262784,4593874096
1786397204689,0,0,34758262784,4593874096
1786397204891,0,0,34758262784,4593890480
1786397205093,0,0,34758262784,4593874096
1786397205296,0,0,34758262784,4593874096
1786397205502,0,0,34758262784,4593874096
1786397205713,0,0,34758262784,4593874096
1786397205917,0,0,34758262784,4593874096
1786397206124,0,0,34758262784,4593874096
1786397206335,0,0,34758262784,4593874096
1786397206536,0,0,34758262784,4593874096
1786397206747,0,0,34758262784,4593890480
1786397206955,0,0,34758262784,4593890480
1786397207165,0,0,34758262784,4593890480
1786397207376,0,0,34758262784,4593906864
1786397207579,0,0,34758262784,4593890480
1786397207790,0,0,34758262784,4593890480
1786397208000,0,0,34758262784,4593906864
1786397208209,0,0,34758262784,4593906864
1786397208417,0,0,34758262784,4593906864
1786397208627,0,0,34758262784,4593890480
1786397208838,0,0,34758262784,4593890480
1786397209049,0,0,34758262784,4593890480
1786397209265,0,0,34758262784,4593890480
1786397209471,0,0,34758262784,4593906864
1786397209680,268435456,29360128,34788524032,4591367344
1786397209890,268435456,268435456,35026698240,4590318768
1786397210098,268435456,268435456,35026698240,4590318768
1786397210309,268435456,268435456,35026698240,4590318768
1786397210520,268435456,268435456,35026698240,4590318768
1786397210731,268435456,268435456,35026698240,4590318768
1786397210939,268435456,268435456,35026698240,4590318768
1786397211150,268435456,268435456,35026698240,4590318768
1786397211361,268435456,268435456,35026698240,4590318768
1786397211569,268435456,268435456,35026698240,4590318768
1786397211771,536870912,446693376,35205365760,4512806064
1786397211981,536870912,536870912,35295133696,4494980272
1786397212191,536870912,536870912,35295133696,4494980272
1786397212393,536870912,536870912,35295133696,4494980272
1786397212602,536870912,536870912,35295133696,4494980272
1786397212809,536870912,536870912,35295133696,4494996656
1786397213012,536870912,536870912,35295133696,4494980272
1786397213215,536870912,536870912,35295133696,4495013040
1786397213426,536870912,536870912,35295133696,4495013040
1786397213631,536870912,536870912,35295133696,4495013040
1786397213833,805306368,769654784,35528048640,4484183216
1786397214039,805306368,805306368,35563569152,4484347056
1786397214250,805306368,805306368,35563569152,4484363440
1786397214461,805306368,805306368,35563569152,4484494512
1786397214671,805306368,805306368,35563569152,4484494512
1786397214882,805306368,805306368,35563569152,4484494512
1786397215085,805306368,805306368,35563569152,4484510896
1786397215293,805306368,805306368,35563569152,4484494512
1786397215498,805306368,805306368,35563569152,4484510896
1786397215699,1073741824,816840704,35575103488,4498240688
1786397215909,1073741824,1073741824,35832004608,4626003120
1786397216120,1073741824,1073741824,35832004608,4626003120
1786397216329,1073741824,1073741824,35832004608,4626003120
1786397216537,1073741824,1073741824,35832004608,4626003120
1786397216741,1073741824,1073741824,35832004608,4626134192
1786397216944,1073741824,1073741824,35832004608,4626134192
1786397217156,1073741824,1073741824,35832004608,4626134192
1786397217359,1073741824,1073741824,35832004608,4626134192
1786397217563,1073741824,1073741824,35832004608,4626134192
1786397217765,1342177280,1177550848,35936141312,4660982960
1786397217968,1342177280,1342177280,36100440064,4690195632
1786397218180,1342177280,1342177280,36100440064,4690195632
1786397218385,1342177280,1342177280,36100440064,4690195632
1786397218592,1342177280,1342177280,36100440064,4690195632
1786397218798,1342177280,1342177280,36100440064,4690212016
1786397219000,1342177280,1342177280,36100440064,4690343088
1786397219211,1342177280,1342177280,36100440064,4690343088
1786397219417,1342177280,1342177280,36100440064,4690359472
1786397219625,1342177280,1342177280,36100440064,4690343088
1786397219826,1610612736,1485832192,36244258816,4691997872
1786397220029,1610612736,1610612736,36368875520,4691506352
1786397220240,1610612736,1610612736,36368875520,4691522736
1786397220450,1610612736,1610612736,36368875520,4691506352
1786397220656,1610612736,1610612736,36368875520,4691506352
1786397220868,1610612736,1610612736,36368875520,4691506352
1786397221075,1610612736,1610612736,36368875520,4691506352
1786397221278,1610612736,1610612736,36368875520,4691506352
1786397221489,1610612736,1610612736,36368875520,4691506352
1786397221698,1610612736,1610612736,36368875520,4691506352
1786397221939,1879048192,1692401664,36450664448,4692571312
1786397222202,1879048192,1696595968,36454858752,4692276400
1786397222681,1879048192,1696595968,36454858752,4692538544
1786397222891,1879048192,1710227456,36468850688,4692030640
1786397223102,1879048192,1879048192,36637310976,4691506352
1786397223312,1879048192,1879048192,36637310976,4691522736
1786397223519,1879048192,1879048192,36637310976,4691637424
1786397223734,1879048192,1879048192,36637310976,4691653808
1786397223939,2147483648,1917845504,36676616192,4691637424
1786397224150,2147483648,2147483648,36905746432,4691637424
1786397224352,2147483648,2147483648,36905746432,4691637424
1786397224558,2147483648,2147483648,36905746432,4692145328
1786397224760,2147483648,2147483648,36905746432,4692145328
1786397224971,2147483648,2147483648,36905746432,4692145328
1786397225182,2147483648,2147483648,36905746432,4692161712
1786397225392,2147483648,2147483648,36905746432,4692145328
1786397225598,2147483648,2147483648,36905746432,4692145328
1786397225808,2147483648,2147483648,36905746432,4692145328
1786397226014,2415919104,2290089984,37048352768,4692473008
1786397226216,2415919104,2415919104,37174181888,4691539120
1786397226427,2415919104,2415919104,37174181888,4691539120
1786397226638,2415919104,2415919104,37174181888,4691539120
1786397226844,2415919104,2415919104,37174181888,4691686576
1786397227055,2415919104,2415919104,37174181888,4691702960
1786397227257,2415919104,2415919104,37174181888,4691702960
1786397227469,2415919104,2415919104,37174181888,4691686576
1786397227673,2415919104,2415919104,37174181888,4691686576
1786397227880,2415919104,2415919104,37174181888,4691834032
1786397228091,2684354560,2684354560,37442617344,4691834032
1786397228302,2684354560,2684354560,37442617344,4691850416
1786397228508,2684354560,2684354560,37442617344,4691834032
1786397228713,2684354560,2684354560,37442617344,4691834032
1786397228915,2684354560,2684354560,37442617344,4691834032
1786397229125,2684354560,2684354560,37442617344,4691997872
1786397229332,2684354560,2684354560,37442617344,4691997872
1786397229543,2684354560,2684354560,37442617344,4691997872
1786397229754,2684354560,2684354560,37442617344,4691997872
1786397229965,2952790016,2715811840,37475106816,4693030064
1786397230176,2952790016,2952790016,37711052800,4691997872
1786397230384,2952790016,2952790016,37711052800,4691997872
1786397230593,2952790016,2952790016,37711052800,4691997872
1786397230801,2952790016,2952790016,37711052800,4691997872
1786397231011,2952790016,2952790016,37711052800,4692014256
1786397231213,2952790016,2952790016,37711052800,4692358320
1786397231424,2952790016,2952790016,37711052800,4692358320
1786397231635,2952790016,2952790016,37711052800,4692358320
1786397231842,2952790016,2952790016,37711052800,4692358320
1786397232045,3221225472,3040870400,37799968768,4692063408
1786397232267,3221225472,3106930688,37865193472,4692735152
1786397232511,3221225472,3133145088,37891407872,4693079216
1786397232722,3221225472,3221225472,37979488256,4692030640
1786397232930,3221225472,3221225472,37979488256,4692030640
1786397233141,3221225472,3221225472,37979488256,4692030640
1786397233352,3221225472,3221225472,37979488256,4692030640
1786397233563,3221225472,3221225472,37979488256,4692505776
1786397233766,3221225472,3221225472,37979488256,4692522160
1786397233972,3489660928,3229614080,37988597760,4692325552
1786397234179,3489660928,3485466624,38244548608,4692702384
1786397234390,3489660928,3489660928,38247923712,4692309168
1786397234597,3489660928,3489660928,38247923712,4692309168
1786397234805,3489660928,3489660928,38247923712,4692653232
1786397235005,3489660928,3489660928,38247923712,4692653232
1786397235216,3489660928,3489660928,38247923712,4692653232
1786397235426,3489660928,3489660928,38247923712,4692653232
1786397235637,3489660928,3489660928,38247923712,4692653232
1786397235848,3489660928,3489660928,38247923712,4692800688
1786397236054,3758096384,3627024384,38385385472,4693193904
1786397236264,3758096384,3758096384,38516359168,4692473008
1786397236475,3758096384,3758096384,38516359168,4692473008
1786397236682,3758096384,3758096384,38516359168,4692489392
1786397236887,3758096384,3758096384,38516359168,4692473008
1786397237097,3758096384,3758096384,38516359168,4692833456
1786397237308,3758096384,3758096384,38516359168,4692833456
1786397237511,3758096384,3758096384,38516359168,4692833456
1786397237722,3758096384,3758096384,38516359168,4692833456
1786397237925,3758096384,3758096384,38516359168,4692833456
1786397238136,4026531840,3948937216,38707200000,4693554352
1786397238346,4026531840,4026531840,38784794624,4692653232
1786397238557,4026531840,4026531840,38784794624,4692653232
1786397238766,4026531840,4026531840,38784794624,4692653232
1786397238967,4026531840,4026531840,38784794624,4692653232
1786397239170,4026531840,4026531840,38784794624,4692653232
1786397239375,4026531840,4026531840,38784794624,4692997296
1786397239586,4026531840,4026531840,38784794624,4692997296
1786397239791,4026531840,4026531840,38784794624,4692997296
1786397240001,4294967296,4028628992,38786891776,4693619888
1786397240208,4294967296,4290772992,39049035776,4693783728
1786397240419,4294967296,4294967296,39053230080,4692735152
1786397240630,4294967296,4294967296,39053230080,4692735152
1786397240840,4294967296,4294967296,39053230080,4692735152
1786397241056,4294967296,4294967296,39053230080,4692751536
1786397241266,4294967296,4294967296,39053230080,4692735152
1786397241476,4294967296,4294967296,39053230080,4692898992
1786397241682,4294967296,4294967296,39053230080,4692898992
1786397241884,4294967296,4294967296,39053230080,4692898992
1786397242087,4563402752,4350541824,39109525504,4693062832
1786397242295,4563402752,4563402752,39321665536,4692898992
1786397242505,4563402752,4563402752,39321665536,4692915376
1786397242716,4563402752,4563402752,39321665536,4693030064
1786397242927,4563402752,4563402752,39321665536,4693030064
1786397243138,4563402752,4563402752,39321665536,4693030064
1786397243348,4563402752,4563402752,39321665536,4693030064
1786397243558,4563402752,4563402752,39321665536,4693030064
1786397243763,4563402752,4563402752,39321665536,4693030064
1786397243972,4563402752,4563402752,39321665536,4693193904
1786397244173,4831838208,4765777920,39524941824,4693210288
1786397244383,4831838208,4831838208,39590100992,4693193904
1786397244587,4831838208,4831838208,39590100992,4693193904
1786397244793,4831838208,4831838208,39590100992,4693193904
1786397245003,4831838208,4831838208,39590100992,4693439664
1786397245213,4831838208,4831838208,39590100992,4693439664
1786397245416,4831838208,4831838208,39590100992,4693439664
1786397245626,4831838208,4831838208,39590100992,4693439664
1786397245837,4831838208,4831838208,39590100992,4693439664
1786397246045,5100273664,4849664000,39608582144,4693062832
1786397246247,5100273664,5100273664,39858536448,4692866224
1786397246457,5100273664,5100273664,39858536448,4692866224
1786397246667,5100273664,5100273664,39858536448,4692866224
1786397246874,5100273664,5100273664,39858536448,4692866224
1786397247075,5100273664,5100273664,39858536448,4693324976
1786397247285,5100273664,5100273664,39858536448,4693324976
1786397247495,5100273664,5100273664,39858536448,4693324976
1786397247699,5100273664,5100273664,39858536448,4693324976
1786397247909,5100273664,5100273664,39858536448,4693324976
1786397248110,5368709120,5214568448,39972978688,4693685424
1786397248317,5368709120,5368709120,40126971904,4693128368
1786397248527,5368709120,5368709120,40126971904,4693128368
1786397248737,5368709120,5368709120,40126971904,4693128368
1786397248943,5368709120,5368709120,40126971904,4693128368
1786397249153,5368709120,5368709120,40126971904,4693128368
1786397249363,5368709120,5368709120,40126971904,4693341360
1786397249573,5368709120,5368709120,40126971904,4693341360
1786397249776,5368709120,5368709120,40126971904,4693341360
1786397249987,5368709120,5368709120,40126971904,4693341360
1786397250192,5637144576,5513412608,40271675392,4693652656
1786397250400,5637144576,5637144576,40395407360,4691555504
1786397250611,5637144576,5637144576,40395407360,4691555504
1786397250819,5637144576,5637144576,40395407360,4691555504
1786397251021,5637144576,5637144576,40395407360,4691571888
1786397251232,5637144576,5637144576,40395407360,4691555504
1786397251440,5637144576,5637144576,40395407360,4691555504
1786397251648,5637144576,5637144576,40395407360,4691866800
1786397251859,5637144576,5637144576,40395407360,4691866800
1786397252070,5637144576,5637144576,40395407360,4691883184
1786397252282,5637144576,5637144576,40395407360,4691866800
1786397252494,5637144576,5637144576,40395407360,4691883184
1786397252698,5637144576,5637144576,40395407360,4691866800
1786397252909,5637144576,5637144576,40395407360,4691866800
1786397253110,5905580032,5656018944,40414674944,4691489968
1786397253319,5905580032,5905580032,40663842816,4691358896
1786397253530,5905580032,5905580032,40663842816,4691375280
1786397253737,5905580032,5905580032,40663842816,4691358896
1786397253948,5905580032,5905580032,40663842816,4691555504
1786397254159,5905580032,5905580032,40663842816,4691555504
1786397254369,5905580032,5905580032,40663842816,4691571888
1786397254582,5905580032,5905580032,40663842816,4691571888
1786397254794,5905580032,5905580032,40663842816,4691555504
1786397255005,5905580032,5905580032,40663842816,4691555504
1786397255205,6174015488,6079643648,40838086656,4691358896
1786397255416,6174015488,6174015488,40932278272,4692161712
1786397255627,6174015488,6174015488,40932278272,4692161712
1786397255831,6174015488,6174015488,40932278272,4692161712
1786397256037,6174015488,6174015488,40932278272,4692161712
1786397256248,6174015488,6174015488,40932278272,4692522160
1786397256459,6174015488,6174015488,40932278272,4694668464
1786397256663,6174015488,6174015488,40932278272,4694652080
1786397256872,6174015488,6174015488,40932278272,4694652080
1786397257083,6174015488,6174015488,40932278272,4694652080
1786397257290,6442450944,6431965184,41190342656,4696175792
1786397257502,6442450944,6442450944,41200713728,4695536816
1786397257713,6442450944,6442450944,41200713728,4695536816
1786397257915,6442450944,6442450944,41200713728,4695536816
1786397258123,6442450944,6442450944,41200713728,4695536816
1786397258335,6442450944,6442450944,41200713728,4695520432
1786397258537,6442450944,6442450944,41200713728,4695995568
1786397258748,6442450944,6442450944,41200713728,4696011952
1786397258955,6442450944,6442450944,41200713728,4696011952
1786397259165,6710886400,6479151104,41237561344,4696061104
1786397259375,6710886400,6710886400,41469149184,4695405744
1786397259578,6710886400,6710886400,41469149184,4695749808
1786397259789,6710886400,6710886400,41469149184,4695766192
1786397259998,6710886400,6710886400,41469149184,4695766192
1786397260209,6710886400,6710886400,41469149184,4695749808
1786397260420,6710886400,6710886400,41469149184,4695749808
1786397260624,6710886400,6710886400,41469149184,4695749808
1786397260834,6710886400,6710886400,41469149184,4695995568
1786397261045,6710886400,6710886400,41469149184,4695995568
1786397261252,6979321856,6840909824,41599598592,4696487088
1786397261463,6979321856,6979321856,41737584640,4696061104
1786397261674,6979321856,6979321856,41737584640,4696061104
1786397261875,6979321856,6979321856,41737584640,4696061104
1786397262086,6979321856,6979321856,41737584640,4696061104
1786397262291,6979321856,6979321856,41737584640,4696061104
1786397262498,6979321856,6979321856,41737584640,4696061104
1786397262704,6979321856,6979321856,41737584640,4696061104
1786397262920,6979321856,6979321856,41737584640,4696077488
1786397263130,6979321856,6979321856,41737584640,4696126640
1786397263341,7247757312,7247757312,42006020096,4696126640
1786397263551,7247757312,7247757312,42006020096,4696126640
1786397263756,7247757312,7247757312,42006020096,4696126640
1786397263967,7247757312,7247757312,42006020096,4696126640
1786397264174,7247757312,7247757312,42006020096,4696323248
1786397264386,7247757312,7247757312,42006020096,4696323248
1786397264595,7247757312,7247757312,42006020096,4696323248
1786397264798,7247757312,7247757312,42006020096,4696323248
1786397265005,7247757312,7247757312,42006020096,4696339632
1786397265207,7516192768,7265583104,42024828928,4696732848
1786397265418,7516192768,7516192768,42274455552,4696732848
1786397265629,7516192768,7516192768,42274455552,4696732848
1786397265831,7516192768,7516192768,42274455552,4696732848
1786397266033,7516192768,7516192768,42274455552,4696732848
1786397266240,7516192768,7516192768,42274455552,4696732848
1786397266444,7516192768,7516192768,42274455552,4697093296
1786397266655,7516192768,7516192768,42274455552,4697093296
1786397266866,7516192768,7516192768,42274455552,4697093296
1786397267071,7516192768,7516192768,42274455552,4697109680
1786397267281,7784628224,7682916352,42441981952,4697060528
1786397267492,7784628224,7784628224,42542891008,4696716464
1786397267695,7784628224,7784628224,42542891008,4696716464
1786397267907,7784628224,7784628224,42542891008,4696732848
1786397268118,7784628224,7784628224,42542891008,4696716464
1786397268336,7784628224,7784628224,42542891008,4696716464
1786397268547,7784628224,7784628224,42542891008,4696716464
1786397268758,7784628224,7784628224,42542891008,4696732848
1786397268969,7784628224,7784628224,42542891008,4696732848
1786397269178,7784628224,7784628224,42542891008,4696732848
1786397269412,8053063680,8053063680,42811326464,4886262960
1786397269623,8053063680,8053063680,42811326464,4886262960
1786397269824,8053063680,8053063680,42811326464,4892390576
1786397270027,8053063680,8053063680,42811326464,4892538032
1786397270249,8053063680,8053063680,42811326464,4892538032
1786397270460,8053063680,8053063680,42811326464,4892554416
1786397270667,8053063680,8053063680,42811326464,4892554416
1786397270878,8053063680,8053063680,42811326464,4892538032
1786397271082,8053063680,8053063680,42811326464,4892685488
1786397271292,8321499136,8195670016,42954604544,4901565616
1786397271503,8321499136,8321499136,43079761920,4907529392
1786397271714,8321499136,8321499136,43079761920,4907529392
1786397271922,8321499136,8321499136,43079761920,4907529392
1786397272131,8321499136,8321499136,43079761920,4907545776
1786397272334,8321499136,8321499136,43079761920,4907676848
1786397272544,8321499136,8321499136,43079761920,4907676848
1786397272755,8321499136,8321499136,43079761920,4907676848
1786397272961,8321499136,8321499136,43079761920,4907693232
1786397273164,8321499136,8321499136,43079761920,4910118064
1786397273374,8534999040,8534999040,43293261824,4913821160
1786397273576,8534999040,8534999040,43293261824,4932793832
1786397273787,8534999040,8534999040,43293261824,4932793832
1786397273998,8534999040,8534999040,43293261824,4935087592
1786397274203,8534999040,8534999040,43293261824,4935071208
1786397274408,8534999040,8534999040,43293261824,4935071208
1786397274609,8534999040,8534999040,43293261824,4957091376
1786397274815,8534999040,8534999040,43293261824,4957091376
1786397275023,8534999040,8534999040,43293261824,4957107760
1786397275230,8608333824,8538144768,43296653312,4954617392
1786397275441,8608333824,8608333824,43366596608,4864521776
1786397275652,8608333824,8608333824,43366596608,4864538160
1786397275863,8608333824,8608333824,43366596608,4880807472
1786397276066,8608333824,8608333824,43366596608,4880807472
1786397276289,8608333824,8608333824,43366596608,4880807472
1786397276497,8608333824,8608333824,43366596608,4880807472
1786397276709,8608333824,8608333824,43366596608,4880823856
1786397276919,8608333824,8608333824,43366596608,4887361072
1786397277130,8608333824,8608333824,43366596608,4892046896
1786397277340,8608333824,8608333824,43366596608,4892046896
1786397277551,8608333824,8608333824,43366596608,4892063280
1786397277760,8608333824,8608333824,43366596608,4892063280
1786397277972,8608333824,8608333824,43366596608,4892046896
1786397278181,8608333824,8608333824,43366596608,4892243504
1786397278390,8608333824,8608333824,43366596608,4892243504
1786397278593,8608333824,8608333824,43366596608,4892243504
1786397278800,8608333824,8608333824,43366596608,4892243504
1786397279007,8608333824,8608333824,43366596608,4892259888
1786397279209,8608333824,8608333824,43366596608,4892243504
1786397279419,8608333824,8608333824,43366596608,4892423728
1786397279630,8608333824,8608333824,43366596608,4892423728
1786397279842,8608333824,8608333824,43366596608,4892423728
1786397280053,8608333824,8608333824,43366596608,4892423728
1786397280264,8608333824,8608333824,43366596608,4892423728
1786397280467,8608333824,8608333824,43366596608,4892456496
1786397280668,8608333824,8608333824,43366596608,4892505648
1786397280880,8608333824,8608333824,43366596608,4892522032
1786397281090,8608333824,8608333824,43366596608,4892505648
1786397281302,8608333824,8608333824,43366596608,4892522032
1786397281512,8608333824,8608333824,43366596608,4892505648
1786397281715,8608333824,8608333824,43366596608,4892472880
1786397281927,8608333824,8608333824,43366596608,4892489264
1786397282140,8608333824,8608333824,43366596608,4892472880
1786397282351,8608333824,8608333824,43366596608,4892472880
1786397282555,8608333824,8608333824,43366596608,4892472880
1786397282766,8608333824,8608333824,43366596608,4892472880
1786397282975,8608333824,8608333824,43366596608,4892472880
1786397283186,8608333824,8608333824,43366596608,4892472880
1786397283393,8608333824,8608333824,43366596608,4892489264
1786397283604,8608333824,8608333824,43366596608,4892472880
1786397283815,8608333824,8608333824,43366596608,4892489264
1786397284017,8608333824,8608333824,43366596608,4892472880
1786397284228,8608333824,8608333824,43366596608,4892472880
1786397284440,8608333824,8608333824,43366596608,4892472880
1786397284648,8608333824,8608333824,43366596608,4892472880
1786397284851,8608333824,8608333824,43366596608,4892472880
1786397285062,8608333824,8608333824,43366596608,4892472880
1786397285267,8608333824,8608333824,43366596608,4892489264
1786397285478,8608333824,8608333824,43366596608,4892489264
1786397285684,8608333824,8608333824,43366596608,4892489264
1786397285888,8608333824,8608333824,43366596608,4892489264
1786397286099,8608333824,8608333824,43366596608,4892489264
1786397286310,8608333824,8608333824,43366596608,4892489264
1786397286515,8608333824,8608333824,43366596608,4892489264
1786397286726,8608333824,8608333824,43366596608,4892489264
1786397286936,8608333824,8608333824,43366596608,4892489264
1786397287147,8608333824,8608333824,43366596608,4892489264
1786397287352,8608333824,8608333824,43366596608,4892489264
1786397287562,8608333824,8608333824,43366596608,4892489264
1786397287773,8608333824,8608333824,43366596608,4892522032
1786397287983,8608333824,8608333824,43366596608,4892538416
1786397288193,8608333824,8608333824,43366596608,4892538416
1786397288402,8608333824,8608333824,43366596608,4892538416
1786397288607,8608333824,8608333824,43366596608,4892538416
1786397288811,8608333824,8608333824,43366596608,4892538416
1786397289020,8608333824,8608333824,43366596608,4892538416
1786397289230,8608333824,8608333824,43366596608,4892538416
1786397289441,8608333824,8608333824,43366596608,4892538416
1786397289651,8608333824,8608333824,43366596608,4892538416
1786397289856,8608333824,8608333824,43366596608,4892538416
1786397290066,8608333824,8608333824,43366596608,4892751408
1786397290277,8608333824,8608333824,43366596608,4892751408
1786397290489,8608333824,8608333824,43366596608,4892751408
1786397290694,8608333824,8608333824,43366596608,4892767792
1786397290897,8608333824,8608333824,43366596608,4892751408
1786397291107,8608333824,8608333824,43366596608,4892767792
1786397291318,8608333824,8608333824,43366596608,4892849712
1786397291529,8608333824,8608333824,43366596608,4892849712
1786397291732,8608333824,8608333824,43366596608,4892849712
1786397291943,8608333824,8608333824,43366596608,4892849712
1786397292149,8608333824,8608333824,43366596608,4892866096
1786397292359,8608333824,8608333824,43366596608,4892964400
1786397292570,8608333824,8608333824,43366596608,4892980784
1786397292779,8608333824,8608333824,43366596608,4892964400
1786397292989,8608333824,8608333824,43366596608,4892980784
1786397293198,8608333824,8608333824,43366596608,4892964400
1786397293405,8608333824,8608333824,43366596608,4892964400
1786397293616,8608333824,8608333824,43366596608,4893079088
1786397293823,8608333824,8608333824,43366596608,4893079088
1786397294030,8608333824,8608333824,43366596608,4893079088
1786397294234,8608333824,8608333824,43366596608,4893079088
1786397294440,8608333824,8608333824,43366596608,4893079088
1786397294647,8608333824,8608333824,43366596608,4893079088
1786397294858,8608333824,8608333824,43366596608,4893079088
1786397295069,8608333824,8608333824,43366596608,4893079088
1786397295271,8608333824,8608333824,43366596608,4893079088
1786397295478,8608333824,8608333824,43366596608,4893095472
1786397295690,8608333824,8608333824,43366596608,4893095472
1786397295900,8608333824,8608333824,43366596608,4893079088
1786397296111,8608333824,8608333824,43366596608,4893079088
1786397296323,8608333824,8608333824,43366596608,4893079088
1786397296536,8608333824,8608333824,43366596608,4893079088
1786397296740,8608333824,8608333824,43366596608,4893079088
1786397296951,8608333824,8608333824,43366596608,4893079088
1786397297162,8608333824,8608333824,43366596608,4893095472
1786397297373,8608333824,8608333824,43366596608,4893095472
1786397297579,8608333824,8608333824,43366596608,4893095472
1786397297787,8608333824,8608333824,43366596608,4893095472
1786397297998,8608333824,8608333824,43366596608,4893095472
1786397298208,8608333824,8608333824,43366596608,4893095472
1786397298419,8608333824,8608333824,43366596608,4893095472
1786397298626,8608333824,8608333824,43366596608,4893095472
1786397298836,8608333824,8608333824,43366596608,4893095472
1786397299046,8608333824,8608333824,43366596608,4893095472
1786397299256,8608333824,8608333824,43366596608,4893111856
1786397299464,8608333824,8608333824,43366596608,4893111856
1786397299673,8608333824,8608333824,43366596608,4893111856
1786397299884,8608333824,8608333824,43366596608,4893111856
1786397300095,8608333824,8608333824,43366596608,4893111856
1786397300301,8608333824,8608333824,43366596608,4893111856
1786397300505,8608333824,8608333824,43366596608,4893111856
1786397300714,8608333824,8608333824,43366596608,4893111856
1786397300925,8608333824,8608333824,43366596608,4893111856
1786397301136,8608333824,8608333824,43366596608,4893111856
1786397301340,8608333824,8608333824,43366596608,4893111856
1786397301551,8608333824,8608333824,43366596608,4893111856
1786397301755,8608333824,8608333824,43366596608,4893144624
1786397301958,8608333824,8608333824,43366596608,4893144624
1786397302169,8608333824,8608333824,43366596608,4893144624
1786397302374,8608333824,8608333824,43366596608,4893161008
1786397302577,8608333824,8608333824,43366596608,4893144624
1786397302780,8608333824,8608333824,43366596608,4893144624
1786397302984,8608333824,8608333824,43366596608,4893177392
1786397303195,8608333824,8608333824,43366596608,4893177392
1786397303397,8608333824,8608333824,43366596608,4893177392
1786397303608,8608333824,8608333824,43366596608,4893177392
1786397303813,8608333824,8608333824,43366596608,4893177392
1786397304024,8608333824,8608333824,43366596608,4893193776
1786397304233,8608333824,8608333824,43366596608,4893242928
1786397304444,8608333824,8608333824,43366596608,4893242928
1786397304649,8608333824,8608333824,43366596608,4893242928
1786397304860,8608333824,8608333824,43366596608,4893242928
1786397305067,8608333824,8608333824,43366596608,4893259312
1786397305272,8608333824,8608333824,43366596608,4893242928
1786397305479,8608333824,8608333824,43366596608,4893324848
1786397305690,8608333824,8608333824,43366596608,4893324848
1786397305892,8608333824,8608333824,43366596608,4893324848
1786397306106,8608333824,8608333824,43366596608,4893324848
1786397306309,8608333824,8608333824,43366596608,4893341232
1786397306516,8608333824,8608333824,43366596608,4893423152
1786397306727,8608333824,8608333824,43366596608,4906563144
1786397306938,8608333824,8608333824,43366596608,4906563144
1786397307151,8608333824,8608333824,43366596608,4906579528
1786397307362,8608333824,8608333824,43366596608,4906563144
1786397307569,8663547904,8663547904,43421810688,4820137544
1786397307776,8663547904,8663547904,43421810688,4828542536
1786397307987,8663547904,8663547904,43421810688,4828542536
1786397308198,8663547904,8663547904,43421810688,4828542536
1786397308409,8663547904,8663547904,43421810688,4828542536
1786397308616,8663547904,8663547904,43421810688,4828542536
1786397308818,8663547904,8663547904,43421810688,4828542536
1786397309028,8663547904,8663547904,43421810688,4828558920
1786397309240,8663547904,8663547904,43421810688,4828558920
1786397309450,8663547904,8663547904,43421810688,4828575304
1786397309661,8663547904,8663547904,43421810688,4828558920
1786397309867,8663547904,8663547904,43421810688,4828558920
1786397310073,8663547904,8663547904,43421810688,4828558920
1786397310284,8663547904,8663547904,43421810688,4828558920
1786397310495,8663547904,8663547904,43421810688,4828558920
1786397310704,8663547904,8663547904,43421810688,4828558920
1786397310908,8663547904,8663547904,43421810688,4828558920
1786397311111,8663547904,8663547904,43421810688,4828558920
1786397311312,8663547904,8663547904,43421810688,4828575304
1786397311523,8663547904,8663547904,43421810688,4828575304
1786397311733,8663547904,8663547904,43421810688,4828575304
1786397311938,8663547904,8663547904,43421810688,4828575304
1786397312149,8663547904,8663547904,43421810688,4828575304
1786397312353,8663547904,8663547904,43421810688,4828591688
1786397312554,8663547904,8663547904,43421810688,4828575304
1786397312759,8663547904,8663547904,43421810688,4828575304
1786397312962,8663547904,8663547904,43421810688,4828575304
1786397313195,8663547904,8663547904,43421810688,4828575304
1786397313415,8663547904,8663547904,43421810688,4828575304
1786397313622,8663547904,8663547904,43421810688,4828575304
1786397313832,8663547904,8663547904,43421810688,4833801800
1786397314043,8663547904,8663547904,43421810688,4833801800
1786397314247,8663547904,8663547904,43421810688,4833801800
1786397314458,8663547904,8663547904,43421810688,4833801800
1786397314668,8663547904,8663547904,43421810688,4833801800
1786397314876,8663547904,8663547904,43421810688,4833801800
1786397315086,8663547904,8663547904,43421810688,4833801800
1786397315297,8663547904,8663547904,43421810688,4833801800
1786397315504,8663547904,8663547904,43421810688,4833801800
1786397315715,8663547904,8663547904,43421810688,4833818184
1786397315919,8663547904,8663547904,43421810688,4833801800
1786397316121,8663547904,8663547904,43421810688,4833801800
1786397316332,8663547904,8663547904,43421810688,4833801800
1786397316538,8663547904,8663547904,43421810688,4833801800
1786397316748,8663547904,8663547904,43421810688,4833801800
1786397316959,8663547904,8663547904,43421810688,4833801800
1786397317164,8663547904,8663547904,43421810688,4833801800
1786397317372,8663547904,8663547904,43421810688,4833801800
1786397317582,8663547904,8663547904,43421810688,4833801800
1786397317794,8663547904,8663547904,43421810688,4833801800
1786397317999,8663547904,8663547904,43421810688,4833801800
1786397318200,8663547904,8663547904,43421810688,4833801800
1786397318409,8663547904,8663547904,43421810688,4833801800
1786397318619,8663547904,8663547904,43421810688,4833801800
1786397318830,8663547904,8663547904,43421810688,4833801800
1786397319041,8663547904,8663547904,43421810688,4833801800
1786397319248,8663547904,8663547904,43421810688,4833801800
1786397319458,8663547904,8663547904,43421810688,4833801800
1786397319661,8663547904,8663547904,43421810688,4833867336
1786397319871,8663547904,8663547904,43421810688,4833867336
1786397320081,8663547904,8663547904,43421810688,4833867336
1786397320292,8663547904,8663547904,43421810688,4833867336
1786397320496,8663547904,8663547904,43421810688,4833867336
1786397320700,8663547904,8663547904,43421810688,4833867336
1786397320910,8663547904,8663547904,43421810688,4833867336
1786397321113,8663547904,8663547904,43421810688,4833867336
1786397321323,8663547904,8663547904,43421810688,4833867336
1786397321524,8663547904,8663547904,43421810688,4833867336
1786397321735,8663547904,8663547904,43421810688,4833867336
1786397321938,8663547904,8663547904,43421810688,4833867336
1786397322148,8663547904,8663547904,43421810688,4833867336
1786397322358,8663547904,8663547904,43421810688,4833867336
1786397322569,8663547904,8663547904,43421810688,4833867336
1786397322779,8663547904,8663547904,43421810688,4833867336
1786397322989,8663547904,8663547904,43421810688,4833867336
1786397323194,8663547904,8663547904,43421810688,4833867336
1786397323404,8663547904,8663547904,43421810688,4833883720
1786397323614,8663547904,8663547904,43421810688,4833867336
1786397323824,8663547904,8663547904,43421810688,4833867336
1786397324035,8663547904,8663547904,43421810688,4833867336
1786397324245,8663547904,8663547904,43421810688,4833867336
1786397324455,8663547904,8663547904,43421810688,4833867336
1786397324656,8663547904,8663547904,43421810688,4833867336
1786397324867,8663547904,8663547904,43421810688,4833867336
1786397325075,8663547904,8663547904,43421810688,4833867336
1786397325285,8663547904,8663547904,43421810688,4833867336
1786397325496,8663547904,8663547904,43421810688,4833867336
1786397325706,8663547904,8663547904,43421810688,4833867336
1786397325916,8663547904,8663547904,43421810688,4833867336
1786397326127,8663547904,8663547904,43421810688,4833883720
1786397326336,8663547904,8663547904,43421810688,4833883720
1786397326547,8663547904,8663547904,43421810688,4833883720
1786397326758,8663547904,8663547904,43421810688,4833883720
1786397326969,8663547904,8663547904,43421810688,4833883720
1786397327174,8663547904,8663547904,43421810688,4833883720
1786397327384,8663547904,8663547904,43421810688,4833883720
1786397327596,8663547904,8663547904,43421810688,4833883720
1786397327796,8663547904,8663547904,43421810688,4833883720
1786397328007,8663547904,8663547904,43421810688,4833883720
1786397328213,8663547904,8663547904,43421810688,4833883720
1786397328415,8663547904,8663547904,43421810688,4833883720
1786397328623,8663547904,8663547904,43421810688,4833883720
1786397328826,8663547904,8663547904,43421810688,4833900104
1786397329036,8663547904,8663547904,43421810688,4833883720
1786397330873,8663547904,8663547904,43421810688,4833883720
1786397331088,0,8632090624,43421810688,4833883720
1786397331297,0,8059568128,43421810688,4833883720
1786397331507,0,7374848000,43421810688,4833883720
1786397331709,0,6706905088,43421810688,4833883720
1786397331916,0,6056787968,43421810688,4833883720
1786397332126,0,5372067840,43421810688,4833883720
1786397332329,0,4732436480,43421810688,4833998408
1786397332539,0,4080222208,43421810688,4833998408
1786397332749,0,3395502080,43421810688,4833998408
1786397332949,0,2738044928,43421810688,4833998408
1786397333160,0,2056470528,43421810688,4833998408
1786397333363,0,1390624768,43421810688,4833998408
1786397333568,0,757284864,43421810688,4834096712
1786397333778,0,71516160,43421810688,4834096712
1786397333989,0,0,43421810688,4834096712
1786397334192,0,0,43421810688,4834113096
1786397334398,0,0,43421810688,4834096712
1786397334608,0,0,43421810688,4834195016
1786397334819,0,0,43421810688,4834195016
1786397335026,0,0,43421810688,4834195016
1786397335238,0,0,43421810688,4834195016
1786397335440,0,0,43421810688,4834195016
1786397335648,0,0,43421810688,4834195016
1786397335856,0,0,43421810688,4834342472
1786397336067,0,0,43421810688,4834342472
1786397336277,0,0,43421810688,4834358856
1786397336488,0,0,43421810688,4834342472
1786397336698,0,0,43421810688,4834342472
1786397336908,0,0,43421810688,4834358856
1786397337120,0,0,43421810688,4834375240
1786397337331,0,0,43421810688,4834358856
1786397337533,0,0,43421810688,4834358856
1786397337735,0,0,43421810688,4834358856
1786397337941,0,0,43421810688,4834358856
1786397338147,0,0,43421810688,4834358856
1786397338358,0,0,43421810688,4834358856
1786397338561,0,0,43421810688,4834358856
1786397338767,0,0,43421810688,4834358856
1786397338969,0,0,43421810688,4834358856
1786397339178,0,0,43421810688,4834358856
1786397339389,0,0,43421810688,4834358856
1786397339600,0,0,43421810688,4834358856
1786397339806,0,0,43421810688,4834375240
1786397340015,0,0,43421810688,4834358856
1786397340232,0,0,43421810688,4834358856
1786397340442,0,0,43421810688,4834358856
1786397340653,0,0,43421810688,4834358856
1786397340860,0,0,43421810688,4834375240
1786397341066,0,0,43421810688,4834358856
1786397341269,0,0,43421810688,4834358856
1786397341478,0,0,43421810688,4834358856
1786397341687,0,0,43421810688,4834358856
1786397341898,0,0,43421810688,4834358856
1786397342107,0,0,43421810688,4834358856
1786397342311,0,0,43421810688,4834358856
1786397342514,0,0,43421810688,4834358856
1786397342715,0,0,43421810688,4834358856
1786397342926,0,0,43421810688,4834358856
1786397343131,0,0,43421810688,4834375240
1786397343332,0,0,43421810688,4834358856
1786397343541,0,0,43421810688,4834358856
1786397343744,0,0,43421810688,4834358856
1786397343947,0,0,43421810688,4834358856
1786397344158,0,0,43421810688,4834358856
1786397344370,0,0,43421810688,4834358856
1786397344578,0,0,43421810688,4834358856
1786397344791,0,0,43421810688,4834375240
1786397345001,0,0,43421810688,4834358856
1786397345212,0,0,43421810688,4834358856
1786397345419,0,0,43421810688,4834358856
1786397345620,0,0,43421810688,4834358856
1786397345830,0,0,43421810688,4834358856
1786397346041,0,0,43421810688,4834358856
1786397346247,0,0,43421810688,4834358856
1786397346458,0,0,43421810688,4834358856
1786397346670,0,0,43421810688,4834358856
1786397346878,0,0,43421810688,4834358856
1786397347082,0,0,43421810688,4834375240
1786397347291,0,0,43421810688,4834358856
1786397347498,0,0,43421810688,4834358856
1786397347706,0,0,43421810688,4834358856
1786397347918,0,0,43421810688,4834358856
1786397348128,0,0,43421810688,4834375240
1786397348332,0,0,43421810688,4834358856
1786397348543,0,0,43421810688,4834358856
1786397348754,0,0,43421810688,4834375240
1786397348957,0,0,43421810688,4834358856
1786397349167,0,0,43421810688,4834375240
1786397349373,0,0,43421810688,4834358856
1786397349580,0,0,43421810688,4834358856
1786397349791,0,0,43421810688,4834358856
1786397349995,0,0,43421810688,4834358856
1786397350196,0,0,43421810688,4834358856
1786397350401,0,0,43421810688,4834358856
1786397350610,0,0,43421810688,4834358856
1786397350821,0,0,43421810688,4834358856
1786397351032,0,0,43421810688,4834358856
1786397351240,0,0,43421810688,4834358856
1786397351441,0,0,43421810688,4834358856
1786397351647,0,0,43421810688,4834358856
1786397351850,0,0,43421810688,4834358856
1786397352058,0,0,43421810688,4834358856
1786397352270,0,0,43421810688,4834358856
1786397352482,0,0,43421810688,4834358856
1786397352694,0,0,43421810688,4834375240
1786397352902,0,0,43421810688,4834358856
1786397353112,0,0,43421810688,4834358856
1786397353324,0,0,43421810688,4834358856
1786397353529,0,0,43421810688,4834358856
1786397353735,0,0,43421810688,4834358856
1786397353945,0,0,43421810688,4834358856
1786397354152,0,0,43421810688,4834358856
1786397354363,0,0,43421810688,4834358856
1786397354574,0,0,43421810688,4834358856
1786397354785,0,0,43421810688,4834358856
1786397354997,0,0,43421810688,4834358856
1786397355202,0,0,43421810688,4834358856
1786397355412,0,0,43421810688,4834358856
1786397355623,0,0,43421810688,4834358856
1786397355831,0,0,43421810688,4834358856
1786397356041,0,0,43421810688,4834358856
1786397356249,0,0,43421810688,4834358856
1786397356457,0,0,43421810688,4834358856
1786397356668,0,0,43421810688,4834358856
1786397356871,0,0,43421810688,4834358856
1786397357079,0,0,43421810688,4834375240
1786397357290,0,0,43421810688,4834358856
1786397357498,0,0,43421810688,4834375240
1786397357702,0,0,43421810688,4834358856
1786397357910,0,0,43421810688,4834375240
1786397358119,0,0,43421810688,4834358856
1786397358331,0,0,43421810688,4834358856
1786397358534,0,0,43421810688,4834358856
1786397358745,0,0,43421810688,4834358856
1786397358947,0,0,43421810688,4834358856
1786397359160,0,0,43421810688,4834358856
1786397359363,0,0,43421810688,4834358856
1786397359572,0,0,43421810688,4834375240
1786397359782,0,0,43421810688,4834358856
1786397359993,0,0,43421810688,4834358856
1786397360204,0,0,43421810688,4834358856
1786397360411,0,0,43421810688,4834358856
1786397360621,0,0,43421810688,4834358856
1786397360832,0,0,43421810688,4834358856
1786397361042,0,0,43421810688,4834358856
1786397361253,0,0,43421810688,4834358856
1786397361464,0,0,43421810688,4834358856
1786397361675,0,0,43421810688,4834358856
1786397361887,0,0,43421810688,4834358856
1786397362095,0,0,43421810688,4834375240
1786397362306,0,0,43421810688,4834375240
1786397362517,0,0,43421810688,4834375240
1786397362719,0,0,43421810688,4834375240
1786397362921,0,0,43421810688,4834391624
1786397363127,0,0,43421810688,4834375240
1786397363336,0,0,43421810688,4834375240
1786397363542,0,0,43421810688,4834375240
1786397363753,0,0,43421810688,4834375240
1786397363964,0,0,43421810688,4834375240
1786397364166,0,0,43421810688,4834375240
1786397364376,0,0,43421810688,4834375240
1786397364583,0,0,43421810688,4834375240
1786397364785,0,0,43421810688,4834375240
1786397364989,0,0,43421810688,4834375240
1786397365192,0,0,43421810688,4834375240
1786397365397,0,0,43421810688,4834375240
1786397365608,0,0,43421810688,4834375240
1786397365812,0,0,43421810688,4834375240
1786397366023,0,0,43421810688,4834375240
1786397366226,0,0,43421810688,4834375240
1786397366437,0,0,43421810688,4834375240
1786397366641,0,0,43421810688,4834375240
1786397366844,0,0,43421810688,4834375240
1786397367048,0,0,43421810688,4834375240
1786397367259,0,0,43421810688,4834375240
1786397367468,0,0,43421810688,4834375240
1786397367679,0,0,43421810688,4834391624
1786397367880,0,0,43421810688,4834375240
1786397368091,0,0,43421810688,4834375240
1786397368301,0,0,43421810688,4834375240
1786397368507,0,0,43421810688,4834375240
1786397368718,0,0,43421810688,4834375240
1786397368921,0,0,43421810688,4834375240
1786397369123,0,0,43421810688,4834375240
1786397369334,0,0,43421810688,4834375240
1786397369543,0,0,43421810688,4834375240
1786397369752,0,0,43421810688,4834375240
1786397369963,0,0,43421810688,4834375240
1786397370170,0,0,43421810688,4834375240
1786397370380,0,0,43421810688,4834375240
1786397370591,0,0,43421810688,4834375240
1786397370798,0,0,43421810688,4834375240
1786397371006,0,0,43421810688,4834391624
1786397371217,0,0,43421810688,4834375240
1786397371418,0,0,43421810688,4834375240
1786397371629,0,0,43421810688,4834391624
1786397371837,0,0,43421810688,4834375240
1786397372047,0,0,43421810688,4834375240
1786397372255,0,0,43421810688,4834375240
1786397372461,0,0,43421810688,4834375240
1786397372672,0,0,43421810688,4834375240
1786397372883,0,0,43421810688,4834375240
1786397373092,0,0,43421810688,4834375240
1786397373301,0,0,43421810688,4834375240
1786397373512,0,0,43421810688,4834375240
1786397373714,0,0,43421810688,4834375240
1786397373925,0,0,43421810688,4834375240
1786397374136,0,0,43421810688,4834375240
1786397374341,0,0,43421810688,4834375240
1786397374547,0,0,43421810688,4834375240
1786397374754,0,0,43421810688,4834391624
1786397374964,0,0,43421810688,4834375240
1786397375176,0,0,43421810688,4834391624
1786397375385,0,0,43421810688,4834375240
1786397375590,0,0,43421810688,4834375240
1786397375796,0,0,43421810688,4834391624
1786397376007,0,0,43421810688,4834375240
1786397376217,0,0,43421810688,4834375240
1786397376428,0,0,43421810688,4834375240
1786397376631,0,0,43421810688,4834375240
1786397376841,0,0,43421810688,4834375240
1786397377049,0,0,43421810688,4834375240
1786397377256,0,0,43421810688,4834375240
1786397377467,0,0,43421810688,4834375240
1786397377677,0,0,43421810688,4834375240
1786397377889,0,0,43421810688,4834375240
1786397378094,0,0,43421810688,4834375240
1786397378296,0,0,43421810688,4834375240
1786397378506,0,0,43421810688,4834375240
1786397378717,0,0,43421810688,4834375240
1786397378922,0,0,43421810688,4834375240
1786397379129,0,0,43421810688,4834375240
1786397379336,0,0,43421810688,4834375240
1786397379544,0,0,43421810688,4834375240
1786397379755,0,0,43421810688,4834375240
1786397379966,0,0,43421810688,4834375240
1786397380180,0,0,43421810688,4834391624
1786397380390,0,0,43421810688,4834391624
1786397380601,0,0,43421810688,4834375240
1786397380811,0,0,43421810688,4834375240
1786397381022,0,0,43421810688,4834391624
1786397381231,0,0,43421810688,4834391624
1786397381442,0,0,43421810688,4834375240
1786397381648,0,0,43421810688,4834375240
1786397381851,0,0,43421810688,4834375240
1786397382062,0,0,43421810688,4834375240
1786397382267,0,0,43421810688,4834375240
1786397382479,0,0,43421810688,4834391624
1786397382692,0,0,43421810688,4834375240
1786397382903,0,0,43421810688,4834375240
1786397383113,0,0,43421810688,4834375240
1786397383324,0,0,43421810688,4834391624
1786397383536,0,0,43421810688,4834375240
1786397383742,0,0,43421810688,4834375240
1786397383945,0,0,43421810688,4834375240
1786397384154,0,0,43421810688,4834375240
1786397384365,0,0,43421810688,4834375240
1786397384577,0,0,43421810688,4834391624
1786397384785,0,0,43421810688,4834391624
1786397384987,0,0,43421810688,4834375240
1786397385197,0,0,43421810688,4834375240
1786397385408,0,0,43421810688,4834375240
1786397385619,0,0,43421810688,4834375240
1786397385830,0,0,43421810688,4834375240
1786397386041,0,0,43421810688,4834375240
1786397386252,0,0,43421810688,4834375240
1786397386459,0,0,43421810688,4834375240
1786397386670,0,0,43421810688,4834375240
1786397386872,0,0,43421810688,4834375240
1786397387075,0,0,43421810688,4834391624
1786397387286,0,0,43421810688,4834391624
1786397387496,0,0,43421810688,4834375240
1786397387706,0,0,43421810688,4834375240
1786397387917,0,0,43421810688,4834375240
1786397388129,0,0,43421810688,4834375240
1786397388335,0,0,43421810688,4834375240
1786397388546,0,0,43421810688,4834375240
1786397388755,0,0,43421810688,4834375240
1786397388961,0,0,43421810688,4834375240
1786397389169,0,0,43421810688,4834375240
1786397389380,0,0,43421810688,4834375240
1786397389588,0,0,43421810688,4834375240
1786397389797,0,0,43421810688,4834375240
1786397390008,0,0,43421810688,4834375240
1786397390219,0,0,43421810688,4834375240
1786397390431,0,0,43421810688,4834375240
1786397390640,0,0,43421810688,4834375240
1786397390851,0,0,43421810688,4834375240
