ts_ms,target,actual,reclaimed,worker_footprint
1786401393297,0,0,0,10262078200
1786401393527,0,0,0,10262127352
1786401393738,0,0,0,10262127352
1786401393945,0,0,0,10262127352
1786401394154,0,0,0,10262127352
1786401394364,0,0,0,10262143736
1786401394567,0,0,0,10262160120
1786401394767,0,0,0,10262160120
1786401394975,0,0,0,10262160120
1786401395186,0,0,0,10262160120
1786401395392,0,0,0,10262160120
1786401395603,0,0,0,10262160120
1786401395814,0,0,0,10262160120
1786401396025,0,0,0,10262176504
1786401396236,0,0,0,10262192888
1786401396447,0,0,0,10262209272
1786401396656,0,0,0,10262192888
1786401396866,0,0,0,10262192888
1786401397076,0,0,0,10262192888
1786401397287,0,0,0,10262192888
1786401397498,0,0,0,10262192888
1786401397706,0,0,0,10262192888
1786401397915,0,0,0,10262192888
1786401398118,0,0,0,10262192888
1786401398329,0,0,0,10262209272
1786401398533,0,0,0,10262192888
1786401398743,0,0,0,10262192888
1786401398952,0,0,0,10262192888
1786401399158,0,0,0,10262192888
1786401399369,0,0,0,10262192888
1786401399574,0,0,0,10262192888
1786401399785,0,0,0,10262192888
1786401399996,0,0,0,10262192888
1786401400209,0,0,0,10262209272
1786401400418,0,0,0,10262209272
1786401400628,0,0,0,10262209272
1786401400832,0,0,0,10262209272
1786401401043,0,0,0,10262209272
1786401401254,0,0,0,10262209272
1786401401465,0,0,0,10262209272
1786401401667,0,0,0,10262209272
1786401401870,0,0,0,10262209272
1786401402078,0,0,0,10262209272
1786401402285,0,0,0,10262209272
1786401402498,0,0,0,10262225656
1786401402703,0,0,0,10262209272
1786401402915,0,0,0,10262225656
1786401403122,0,0,0,10262209272
1786401403326,0,0,0,10262209272
1786401403533,0,0,0,10262209272
1786401403740,0,0,0,10262209272
1786401403951,0,0,0,10262209272
1786401404153,0,0,0,10262225656
1786401404369,0,0,0,10262225656
1786401404573,0,0,0,10262291192
1786401404780,0,0,0,10262307576
1786401404988,0,0,0,10262291192
1786401405198,0,0,0,10262291192
1786401405410,0,0,0,10262291192
1786401405620,0,0,0,10262291192
1786401405822,0,0,0,10262291192
1786401406033,0,0,0,10262291192
1786401406237,0,0,0,10262291192
1786401406442,0,0,0,10262291192
1786401406647,0,0,0,10262291192
1786401406858,0,0,0,10262291192
1786401407068,0,0,0,10262291192
1786401407279,0,0,0,10262291192
1786401407491,0,0,0,10262291192
1786401407699,0,0,0,10262307576
1786401407909,0,0,0,10262307576
1786401408120,0,0,0,10262291192
1786401408330,0,0,0,10262291192
1786401408542,0,0,0,10262323960
1786401408753,0,0,0,10262323960
1786401408956,0,0,0,10262323960
1786401409162,0,0,0,10262323960
1786401409373,0,0,0,10262323960
1786401409573,0,0,0,10262323960
1786401409781,0,0,0,10262323960
1786401409992,0,0,0,10262323960
1786401410196,0,0,0,10262323960
1786401410404,0,0,0,10262323960
1786401410615,0,0,0,10262323960
1786401410824,0,0,0,10262323960
1786401411029,0,0,0,10262323960
1786401411232,0,0,0,10262323960
1786401411438,0,0,0,10262323960
1786401411641,0,0,0,10262340344
1786401411844,0,0,0,10262323960
1786401412054,0,0,0,10262323960
1786401412265,0,0,0,10262323960
1786401412474,0,0,0,10262340344
1786401412689,0,0,0,10262340344
1786401412900,0,0,0,10262323960
1786401413103,0,0,0,10262323960
1786401413314,0,0,0,10262323960
1786401413524,0,0,0,10262323960
1786401413735,0,0,0,10262323960
1786401413946,0,0,0,10262323960
1786401414153,0,0,0,10262323960
1786401414353,0,0,0,10262323960
1786401414564,0,0,0,10262323960
1786401414770,0,0,0,10262340344
1786401414980,0,0,0,10262323960
1786401415184,0,0,0,10262323960
1786401415385,0,0,0,10262323960
1786401415596,0,0,0,10262323960
1786401415807,0,0,0,10262323960
1786401416014,0,0,0,10262340344
1786401416217,0,0,0,10262323960
1786401416424,0,0,0,10262340344
1786401416624,0,0,0,10262323960
1786401416829,0,0,0,10262323960
1786401417036,0,0,0,10262323960
1786401417248,0,0,0,10262323960
1786401417454,0,0,0,10262323960
1786401417667,0,0,0,10262340344
1786401417877,0,0,0,10262323960
1786401418080,0,0,0,10262323960
1786401418291,0,0,0,10262323960
1786401418498,0,0,0,10262323960
1786401418709,0,0,0,10262323960
1786401418918,0,0,0,10262323960
1786401419128,0,0,0,10262323960
1786401419339,0,0,0,10262340344
1786401419550,0,0,0,10262323960
1786401419756,0,0,0,10262323960
1786401419961,0,0,0,10262323960
1786401420163,0,0,0,10262323960
1786401420374,0,0,0,10262323960
1786401420584,0,0,0,10262323960
1786401420791,0,0,0,10262323960
1786401421000,0,0,0,10262323960
1786401421204,0,0,0,10262323960
1786401421413,0,0,0,10262323960
1786401421617,0,0,0,10262323960
1786401421828,0,0,0,10262323960
1786401422033,0,0,0,10262340344
1786401422243,0,0,0,10262323960
1786401422454,0,0,0,10262323960
1786401422656,0,0,0,10262323960
1786401422867,0,0,0,10262323960
1786401423078,0,0,0,10262323960
1786401423284,0,0,0,10262323960
1786401423490,0,0,0,10262340344
1786401423707,0,0,0,10262340344
1786401423918,0,0,0,10262389496
1786401424129,0,0,0,10262405880
1786401424338,0,0,0,10262438648
1786401424549,0,0,0,10262471416
1786401424761,0,0,0,10262455032
1786401424970,0,0,0,10262471416
1786401425172,0,0,0,10262471416
1786401425384,0,0,0,10262471416
1786401425595,0,0,0,10262471416
1786401425803,0,0,0,10262471416
1786401426008,0,0,0,10262471416
1786401426214,0,0,0,10262471416
1786401426424,0,0,0,10262471416
1786401426635,0,0,0,10262471416
1786401426840,0,0,0,10262471416
1786401427052,0,0,0,10262487800
1786401427260,0,0,0,10262471416
1786401427470,0,0,0,10262471416
1786401427674,0,0,0,10262471416
1786401427885,0,0,0,10262471416
1786401428097,0,0,0,10262487800
1786401428304,0,0,0,10262471416
1786401428515,0,0,0,10262487800
1786401428720,0,0,0,10262471416
1786401428931,0,0,0,10262471416
1786401429142,0,0,0,10262471416
1786401429352,0,0,0,10262471416
1786401429555,0,0,0,10262471416
1786401429757,0,0,0,10262471416
1786401429966,0,0,0,10262471416
1786401430176,0,0,0,10262471416
1786401430388,0,0,0,10262471416
1786401430594,0,0,0,10262487800
1786401430803,0,0,0,10262487800
1786401431012,0,0,0,10262487800
1786401431216,0,0,0,10262487800
1786401431427,0,0,0,10262487800
1786401431638,0,0,0,10262487800
1786401431839,0,0,0,10262487800
1786401432049,0,0,0,10262487800
1786401432259,0,0,0,10262487800
1786401432465,0,0,0,10262487800
1786401432671,0,0,0,10262504184
1786401432879,0,0,0,10262487800
1786401433091,0,0,0,10262487800
1786401433299,0,0,0,10262487800
1786401433509,0,0,0,10262487800
1786401433712,0,0,0,10262487800
1786401433923,0,0,0,10262504184
1786401434134,0,0,0,10262487800
1786401434343,0,0,0,10262487800
1786401434547,0,0,0,10262487800
1786401434758,0,0,0,10262487800
1786401434968,0,0,0,10262487800
1786401435180,0,0,0,10262487800
1786401435390,0,0,0,10262487800
1786401435602,0,0,0,10262504184
1786401435813,0,0,0,10262520568
1786401436017,0,0,0,10262504184
1786401436228,0,0,0,10262520568
1786401436436,0,0,0,10262520568
1786401436646,0,0,0,10262504184
1786401436858,0,0,0,10262520568
1786401437065,0,0,0,10262504184
1786401437276,0,0,0,10262504184
1786401437487,0,0,0,10262504184
1786401437692,0,0,0,10262504184
1786401437903,0,0,0,10262504184
1786401438114,0,0,0,10262504184
1786401438325,0,0,0,10262504184
1786401438529,0,0,0,10262504184
1786401438740,0,0,0,10262504184
1786401438944,0,0,0,10262504184
1786401439149,0,0,0,10262520568
1786401439354,0,0,0,10262504184
1786401439560,0,0,0,10262504184
1786401439766,0,0,0,10262504184
1786401439977,0,0,0,10262504184
1786401440189,0,0,0,10262504184
1786401440397,0,0,0,10262536952
1786401440606,0,0,0,10262520568
1786401440807,0,0,0,10262504184
1786401441018,0,0,0,10262504184
1786401441226,0,0,0,10262520568
1786401441428,0,0,0,10262504184
1786401441630,0,0,0,10262504184
1786401441836,0,0,0,10262504184
1786401442047,0,0,0,10262504184
1786401442257,0,0,0,10262504184
1786401442461,0,0,0,10262504184
1786401442672,0,0,0,10262504184
1786401442878,0,0,0,10262504184
1786401443085,0,0,0,10262504184
1786401443296,0,0,0,10262504184
1786401443507,0,0,0,10262504184
1786401443716,0,0,0,10262504184
1786401443922,0,0,0,10262520568
1786401444134,0,0,0,10262504184
1786401444345,0,0,0,10262504184
1786401444555,0,0,0,10262504184
1786401444767,0,0,0,10262520568
1786401444979,0,0,0,10262504184
1786401445188,0,0,0,10262504184
1786401445396,0,0,0,10262504184
1786401445606,0,0,0,10262504184
1786401445816,0,0,0,10262504184
1786401446028,0,0,0,10262520568
1786401446232,0,0,0,10262504184
1786401446439,0,0,0,10262504184
1786401446645,0,0,0,10262504184
1786401446849,0,0,0,10262504184
1786401447060,0,0,0,10262504184
1786401447270,0,0,0,10262504184
1786401447479,0,0,0,10262504184
1786401447690,0,0,0,10262504184
1786401447900,0,0,0,10262504184
1786401448111,0,0,0,10262504184
1786401448322,0,0,0,10262504184
1786401448530,0,0,0,10262504184
1786401448740,0,0,0,10262520568
1786401448951,0,0,0,10262504184
1786401449153,0,0,0,10262504184
1786401449363,0,0,0,10262504184
1786401449575,0,0,0,10262520568
1786401449786,0,0,0,10262504184
1786401449993,0,0,0,10262504184
1786401450205,0,0,0,10262520568
1786401450409,0,0,0,10262504184
1786401450620,0,0,0,10262504184
1786401450831,0,0,0,10262504184
1786401451042,0,0,0,10262504184
1786401451251,0,0,0,10262504184
1786401451461,0,0,0,10262504184
1786401451664,0,0,0,10262504184
1786401451875,0,0,0,10262504184
1786401452080,0,0,0,10262520568
1786401452287,0,0,0,10262504184
1786401452489,0,0,0,10262504184
1786401452691,0,0,0,10262504184
1786401452902,0,0,0,10262504184
1786401453113,0,0,0,10262504184
1786401453343,0,0,0,10262504184
1786401453553,0,0,0,10262504184
1786401453758,0,0,0,10262504184
1786401453968,0,0,0,10262504184
1786401454178,0,0,0,10262504184
1786401454389,0,0,0,10262504184
1786401454599,0,0,0,10262618872
1786401454806,0,0,0,10262618872
1786401455008,0,0,0,10262618872
1786401455219,0,0,0,10262635256
1786401455421,0,0,0,10262635256
1786401455632,0,0,0,10262635256
1786401455842,0,0,0,10262635256
1786401456052,0,0,0,10262635256
1786401456253,0,0,0,10262635256
1786401456457,0,0,0,10262635256
1786401456668,0,0,0,10262635256
1786401456868,0,0,0,10262635256
1786401457078,0,0,0,10262635256
1786401457289,0,0,0,10262635256
1786401457491,0,0,0,10262635256
1786401457701,0,0,0,10262635256
1786401457903,0,0,0,10262635256
1786401458107,0,0,0,10262635256
1786401458317,0,0,0,10262635256
1786401458522,0,0,0,10262635256
1786401458727,0,0,0,10262635256
1786401458928,0,0,0,10262651640
1786401459415,0,0,0,10262651640
1786401459618,0,0,0,10262651640
1786401459840,0,0,0,10262668024
1786401460049,0,0,0,10262651640
1786401460314,0,0,0,10262668024
1786401460516,0,0,0,10262668024
1786401460889,0,0,0,10262668024
1786401461095,0,0,0,10262651640
1786401461306,0,0,0,10260767480
1786401461507,0,0,0,10260767480
1786401461707,0,0,0,10260767480
1786401461918,0,0,0,10260767480
1786401462128,0,0,0,10260767480
1786401462339,0,0,0,10260767480
1786401462549,0,0,0,10260767480
1786401462760,0,0,0,10260767480
1786401462970,0,0,0,10260767480
1786401463174,0,0,0,10260767480
1786401463405,0,0,0,10260767480
1786401463630,0,0,0,10260767480
1786401463840,0,0,0,10260767480
1786401464048,268435456,145752064,146276352,10231407448
1786401464258,268435456,268435456,268435456,10231358416
1786401464469,268435456,268435456,268435456,10231358416
1786401464678,268435456,268435456,268435456,10231374800
1786401464881,268435456,268435456,268435456,10231718864
1786401465085,268435456,268435456,268435456,10231718864
1786401465296,268435456,268435456,268435456,10231718864
1786401465504,268435456,268435456,268435456,10231718864
1786401465713,268435456,268435456,268435456,10231735248
1786401465923,268435456,268435456,268435456,10231718864
1786401466125,536870912,408944640,409092096,10232325168
1786401466330,536870912,536870912,536870912,10232210576
1786401466541,536870912,536870912,536870912,10232210576
1786401466752,536870912,536870912,536870912,10232210576
1786401466958,536870912,536870912,536870912,10232210576
1786401467167,536870912,536870912,536870912,10232210576
1786401467371,536870912,536870912,536870912,10231899280
1786401467582,536870912,536870912,536870912,10231899280
1786401467793,536870912,536870912,536870912,10231899280
1786401468002,805306368,585105408,585269248,10232308928
1786401468203,805306368,805306368,805306368,10231866704
1786401468404,805306368,805306368,805306368,10231866704
1786401468608,805306368,805306368,805306368,10231866704
1786401468818,805306368,805306368,805306368,10231866704
1786401469029,805306368,805306368,805306368,10231883088
1786401469232,805306368,805306368,805306368,10231883088
1786401469437,805306368,805306368,805306368,10231883088
1786401469648,805306368,805306368,805306368,10231883088
1786401469853,805306368,805306368,805306368,10231883088
1786401470059,1073741824,932184064,932429824,10232341936
1786401470267,1073741824,1073741824,1073741824,10233718288
1786401470478,1073741824,1073741824,1073741824,10233718288
1786401470688,1073741824,1073741824,1073741824,10233718288
1786401470895,1073741824,1073741824,1073741824,10233734672
1786401471106,1073741824,1073741824,1073741824,10234209808
1786401471317,1073741824,1073741824,1073741824,10234209808
1786401471520,1073741824,1073741824,1073741824,10234209808
1786401471731,1073741824,1073741824,1073741824,10234209808
1786401471942,1073741824,1073741824,1073741824,10234209808
1786401472145,1342177280,1281359872,1281523712,10234341024
1786401472355,1342177280,1342177280,1342177280,10233997008
1786401472566,1342177280,1342177280,1342177280,10234013392
1786401472772,1342177280,1342177280,1342177280,10233997008
1786401472983,1342177280,1342177280,1342177280,10234013392
1786401473189,1342177280,1342177280,1342177280,10233997008
1786401473397,1342177280,1342177280,1342177280,10234504912
1786401473608,1342177280,1342177280,1342177280,10234504912
1786401473812,1342177280,1342177280,1342177280,10234504912
1786401474022,1610612736,1361051648,1361051648,10235111144
1786401474232,1610612736,1610612736,1610612736,10234423184
1786401474440,1610612736,1610612736,1610612736,10234423184
1786401474650,1610612736,1610612736,1610612736,10234423184
1786401474857,1610612736,1610612736,1610612736,10234423184
1786401475062,1610612736,1610612736,1610612736,10234423184
1786401475272,1610612736,1610612736,1610612736,10234423184
1786401475476,1610612736,1610612736,1610612736,10234423184
1786401475687,1610612736,1610612736,1610612736,10234783632
1786401475897,1610612736,1610612736,1610612736,10234783632
1786401476104,1879048192,1675624448,1676591104,10234668992
1786401476314,1879048192,1879048192,1879048192,10235848784
1786401476525,1879048192,1879048192,1879048192,10235848784
1786401476734,1879048192,1879048192,1879048192,10235848784
1786401476944,1879048192,1879048192,1879048192,10236258384
1786401477155,1879048192,1879048192,1879048192,10236258384
1786401477366,1879048192,1879048192,1879048192,10236258384
1786401477577,1879048192,1879048192,1879048192,10236258384
1786401477781,1879048192,1879048192,1879048192,10236274768
1786401477985,1879048192,1879048192,1879048192,10236274768
1786401478190,2147483648,2016411648,2016559104,10243877040
1786401478392,2147483648,2147483648,2147483648,10243205392
1786401478603,2147483648,2147483648,2147483648,10243205392
1786401478805,2147483648,2147483648,2147483648,10243205392
1786401479008,2147483648,2147483648,2147483648,10243205392
1786401479215,2147483648,2147483648,2147483648,10243221776
1786401479426,2147483648,2147483648,2147483648,10243565840
1786401479637,2147483648,2147483648,2147483648,10243565840
1786401479845,2147483648,2147483648,2147483648,10243565840
1786401480053,2415919104,2157969408,2158051328,10243909904
1786401480263,2415919104,2415919104,2415919104,10243500496
1786401480473,2415919104,2415919104,2415919104,10243500496
1786401480674,2415919104,2415919104,2415919104,10243844560
1786401480885,2415919104,2415919104,2415919104,10243844560
1786401481094,2415919104,2415919104,2415919104,10243860944
1786401481304,2415919104,2415919104,2415919104,10243844560
1786401481508,2415919104,2415919104,2415919104,10243860944
1786401481713,2415919104,2415919104,2415919104,10243844560
1786401481923,2415919104,2415919104,2415919104,10243975632
1786401482125,2684354560,2492465152,2492465152,10244631040
1786401482335,2684354560,2684354560,2684354560,10243910288
1786401482543,2684354560,2684354560,2684354560,10243910288
1786401482747,2684354560,2684354560,2684354560,10243910288
1786401482956,2684354560,2684354560,2684354560,10244270736
1786401483164,2684354560,2684354560,2684354560,10244270736
1786401483375,2684354560,2684354560,2684354560,10244270736
1786401483581,2684354560,2684354560,2684354560,10244270736
1786401483793,2684354560,2684354560,2684354560,10244270736
1786401484004,2684354560,2684354560,2684354560,10244270736
1786401484207,2952790016,2857369600,2857615360,10244729608
1786401484413,2952790016,2952790016,2952790016,10244156192
1786401484624,2952790016,2952790016,2952790016,10244156192
1786401484825,2952790016,2952790016,2952790016,10244188960
1786401485037,2952790016,2952790016,2952790016,10244188960
1786401485248,2952790016,2952790016,2952790016,10244188960
1786401485451,2952790016,2952790016,2952790016,10245516088
1786401485661,2952790016,2952790016,2952790016,10245516088
1786401485873,2952790016,2952790016,2952790016,10245516088
1786401486080,3221225472,2960130048,2961145856,10246138680
1786401486291,3221225472,3221225472,3221225472,10245385184
1786401486502,3221225472,3221225472,3221225472,10245401568
1786401486712,3221225472,3221225472,3221225472,10245712864
1786401486923,3221225472,3221225472,3221225472,10245712864
1786401487134,3221225472,3221225472,3221225472,10245712864
1786401487345,3221225472,3221225472,3221225472,10245712864
1786401487549,3221225472,3221225472,3221225472,10245712864
1786401487752,3221225472,3221225472,3221225472,10245712864
1786401487954,3221225472,3221225472,3221225472,10245729248
1786401488155,3489660928,3279945728,3280306176,10245827600
1786401488363,3489660928,3489660928,3489660928,10245647520
1786401488574,3489660928,3489660928,3489660928,10245647520
1786401488783,3489660928,3489660928,3489660928,10245647520
1786401488994,3489660928,3489660928,3489660928,10246122656
1786401489204,3489660928,3489660928,3489660928,10246122656
1786401489415,3489660928,3489660928,3489660928,10246122656
1786401489625,3489660928,3489660928,3489660928,10246122656
1786401489834,3489660928,3489660928,3489660928,10246122656
1786401490045,3489660928,3489660928,3489660928,10246139040
1786401490246,3758096384,3631218688,3632250880,10247367960
1786401490448,3758096384,3758096384,3758096384,10396544544
1786401490652,3758096384,3758096384,3758096384,10435309136
1786401490854,3758096384,3758096384,3758096384,10485460608
1786401491057,3758096384,3758096384,3758096384,10537545392
1786401491267,3758096384,3758096384,3758096384,10571312816
1786401491468,3758096384,3758096384,3758096384,10571984560
1786401491679,3758096384,3758096384,3758096384,10572000944
1786401491887,3758096384,3758096384,3758096384,10571984560
1786401492094,3758096384,3758096384,3758096384,10571984560
1786401492296,4026531840,3899654144,3900440576,10456051424
1786401492504,4026531840,4026531840,4026531840,10423021328
1786401492714,4026531840,4026531840,4026531840,10423021328
1786401492923,4026531840,4026531840,4026531840,10423021328
1786401493130,4026531840,4026531840,4026531840,10423021328
1786401493341,4026531840,4026531840,4026531840,10423021328
1786401493552,4026531840,4026531840,4026531840,10423021328
1786401493757,4026531840,4026531840,4026531840,10423365392
1786401493966,4026531840,4026531840,4026531840,10423365392
1786401494167,4294967296,4059037696,4059185152,10423447336
1786401494377,4294967296,4294967296,4294967296,10423283664
1786401494588,4294967296,4294967296,4294967296,10423283664
1786401494790,4294967296,4294967296,4294967296,10423283664
1786401495001,4294967296,4294967296,4294967296,10423644112
1786401495212,4294967296,4294967296,4294967296,10423644112
1786401495423,4294967296,4294967296,4294967296,10423644112
1786401495631,4294967296,4294967296,4294967296,10423644112
1786401495842,4294967296,4294967296,4294967296,10423644112
1786401496051,4294967296,4294967296,4294967296,10423644112
1786401496261,4563402752,4483710976,4484055040,10418237536
1786401496468,4563402752,4563402752,4563402752,10417991824
1786401496679,4563402752,4563402752,4563402752,10407702672
1786401496886,4563402752,4563402752,4563402752,10407702672
1786401497090,4563402752,4563402752,4563402752,10407702672
1786401497293,4563402752,4563402752,4563402752,10407702672
1786401497503,4563402752,4563402752,4563402752,10408095888
1786401497714,4563402752,4563402752,4563402752,10408095888
1786401497924,4563402752,4563402752,4563402752,10408112272
1786401498127,4563402752,4563402752,4563402752,10408112272
1786401498329,4831838208,4817158144,4817813504,10405966160
1786401498539,4831838208,4831838208,4831838208,10405966160
1786401498749,4831838208,4831838208,4831838208,10405966160
1786401498960,4831838208,4831838208,4831838208,10405966160
1786401499163,4831838208,4831838208,4831838208,10405966160
1786401499374,4831838208,4831838208,4831838208,10405966160
1786401499583,4831838208,4831838208,4831838208,10405966160
1786401499793,4831838208,4831838208,4831838208,10405966160
1786401500004,4831838208,4831838208,4831838208,10405966160
1786401500208,5100273664,4851761152,4852383744,10406277480
1786401500413,5100273664,5100273664,5100273664,10406097424
1786401500624,5100273664,5100273664,5100273664,10406097424
1786401500836,5100273664,5100273664,5100273664,10406097424
1786401501047,5100273664,5100273664,5100273664,10406490664
1786401501251,5100273664,5100273664,5100273664,10406507048
1786401501462,5100273664,5100273664,5100273664,10406507048
1786401501667,5100273664,5100273664,5100273664,10406507048
1786401501878,5100273664,5100273664,5100273664,10406507048
1786401502092,5100273664,5100273664,5100273664,10406523432
1786401502293,5368709120,5243928576,5243977728,10407441032
1786401502504,5368709120,5368709120,5368709120,10406621904
1786401502715,5368709120,5368709120,5368709120,10406621904
1786401502923,5368709120,5368709120,5368709120,10406621904
1786401503130,5368709120,5368709120,5368709120,10406638288
1786401503338,5368709120,5368709120,5368709120,10406621904
1786401503539,5368709120,5368709120,5368709120,10406834896
1786401503741,5368709120,5368709120,5368709120,10406834896
1786401503951,5368709120,5368709120,5368709120,10406834896
1786401504162,5368709120,5368709120,5368709120,10406834896
1786401504365,5637144576,5559549952,5559894016,10407195488
1786401504575,5637144576,5637144576,5637144576,10406605712
1786401504778,5637144576,5637144576,5637144576,10406605712
1786401504989,5637144576,5637144576,5637144576,10406605712
1786401505201,5637144576,5637144576,5637144576,10406622096
1786401505406,5637144576,5637144576,5637144576,10406605712
1786401505615,5637144576,5637144576,5637144576,10406605712
1786401505826,5637144576,5637144576,5637144576,10406966160
1786401506028,5637144576,5637144576,5637144576,10406966160
1786401506239,5905580032,5641338880,5641338880,10407818152
1786401506448,5905580032,5905580032,5905580032,10271454240
1786401506659,5905580032,5905580032,5905580032,10271487008
1786401506867,5905580032,5905580032,5905580032,10271487008
1786401507078,5905580032,5905580032,5905580032,10329371968
1786401507279,5905580032,5905580032,5905580032,10345821504
1786401507489,5905580032,5905580032,5905580032,10345821504
1786401507697,5905580032,5905580032,5905580032,10345821504
1786401507905,5905580032,5905580032,5905580032,10345821504
1786401508111,5905580032,5905580032,5905580032,10345821504
1786401508316,6174015488,5974786048,5974786048,10276074816
1786401508517,6174015488,6174015488,6174015488,10080548184
1786401508722,6174015488,6174015488,6174015488,10080597336
1786401508923,6174015488,6174015488,6174015488,10080597336
1786401509133,6174015488,6174015488,6174015488,10089821528
1786401509344,6174015488,6174015488,6174015488,10089821528
1786401509554,6174015488,6174015488,6174015488,10089903448
1786401509765,6174015488,6174015488,6174015488,10089903448
1786401509969,6174015488,6174015488,6174015488,10089903448
1786401510173,6174015488,6174015488,6174015488,10089903448
1786401510374,6442450944,6300893184,6300991488,9863083352
1786401510574,6442450944,6442450944,6442450944,9711236440
1786401510785,6442450944,6442450944,6442450944,9909826976
1786401510992,6442450944,6442450944,6442450944,9943594424
1786401511194,6442450944,6442450944,6442450944,9962501560
1786401511404,6442450944,6442450944,6442450944,9986880952
1786401511615,6442450944,6442450944,6442450944,9986880952
1786401511825,6442450944,6442450944,6442450944,9986897336
1786401512036,6442450944,6442450944,6442450944,9986880952
1786401512249,6442450944,6442450944,6442450944,9986880952
1786401512456,6710886400,6710886400,6710886400,9463182776
1786401512666,6710886400,6710886400,6710886400,9488102840
1786401512873,6710886400,6710886400,6710886400,9502291384
1786401513078,6710886400,6710886400,6710886400,9502307768
1786401513281,6710886400,6710886400,6710886400,9502307768
1786401513487,6710886400,6710886400,6710886400,9502307768
1786401513692,6710886400,6710886400,6710886400,9502324152
1786401513901,6710886400,6710886400,6710886400,9502307768
1786401514109,6710886400,6710886400,6710886400,9505879480
1786401514311,6979321856,6755975168,6755975168,9419716024
1786401514518,6979321856,6979321856,6979321856,8976037304
1786401514728,6979321856,6979321856,6979321856,8976037304
1786401514931,6979321856,6979321856,6979321856,8976037304
1786401515133,6979321856,6979321856,6979321856,8976037304
1786401515340,6979321856,6979321856,6979321856,8976053688
1786401515551,6979321856,6979321856,6979321856,8976922040
1786401515755,6979321856,6979321856,6979321856,8977905080
1786401515963,6979321856,6979321856,6979321856,8978462136
1786401516174,6979321856,6979321856,6979321856,8978593208
1786401516382,7247757312,7057965056,7058341888,8819881400
1786401516593,7247757312,7247757312,7247757312,8441738680
1786401516805,7247757312,7247757312,7247757312,8441755064
1786401517007,7247757312,7247757312,7247757312,8441738680
1786401517208,7247757312,7247757312,7247757312,8451732920
1786401517418,7247757312,7247757312,7247757312,8451732920
1786401517629,7247757312,7247757312,7247757312,8451732920
1786401517841,7247757312,7247757312,7247757312,8451749304
1786401518046,7247757312,7247757312,7247757312,8451732920
1786401518251,7247757312,7247757312,7247757312,8451749304
1786401518462,7516192768,7488929792,7488929792,7968568760
1786401518663,7516192768,7516192768,7516192768,7914862008
1786401518866,7516192768,7516192768,7516192768,7914862008
1786401519068,7516192768,7516192768,7516192768,7914862008
1786401519273,7516192768,7516192768,7516192768,7914862008
1786401519475,7516192768,7516192768,7516192768,7914927544
1786401519681,7516192768,7516192768,7516192768,7914927544
1786401519882,7516192768,7516192768,7516192768,7914927544
1786401520085,7516192768,7516192768,7516192768,7914927544
1786401520293,7516192768,7516192768,7516192768,7916025272
1786401520504,7784628224,7519338496,7519338496,7948121528
1786401520714,7784628224,7784628224,7784628224,7422260664
1786401520925,7784628224,7784628224,7784628224,7422260664
1786401521136,7784628224,7784628224,7784628224,7422457272
1786401521347,7784628224,7784628224,7784628224,7423374776
1786401521553,7784628224,7784628224,7784628224,7423374776
1786401521753,7784628224,7784628224,7784628224,7438333368
1786401521964,7784628224,7784628224,7784628224,7438333368
1786401522174,7784628224,7784628224,7784628224,7438333368
1786401522385,8053063680,7818182656,7818199040,7370372536
1786401522596,8053063680,8053063680,8053063680,6901462456
1786401522807,8053063680,8053063680,8053063680,6901462456
1786401523012,8053063680,8053063680,8053063680,6901462456
1786401523213,8053063680,8053063680,8053063680,6901462456
1786401523423,8053063680,8053063680,8053063680,6901462456
1786401523640,8053063680,8053063680,8053063680,6901462456
1786401523852,8053063680,8053063680,8053063680,6901478840
1786401524054,8053063680,8053063680,8053063680,6901462456
1786401524260,8053063680,8053063680,8053063680,6901462456
1786401524465,8321499136,8216641536,8217690112,6572209592
1786401524668,8321499136,8321499136,8321499136,6364591544
1786401524878,8321499136,8321499136,8321499136,6364591544
1786401525083,8321499136,8321499136,8321499136,6364591544
1786401525294,8321499136,8321499136,8321499136,6364591544
1786401525502,8321499136,8321499136,8321499136,6364591544
1786401525712,8321499136,8321499136,8321499136,6364607928
1786401525922,8321499136,8321499136,8321499136,6364591544
1786401526126,8321499136,8321499136,8321499136,6364591544
1786401526331,8321499136,8321499136,8321499136,6364591544
1786401526541,8589934592,8589934592,8589934592,5827720632
1786401526752,8589934592,8589934592,8589934592,5827720632
1786401526955,8589934592,8589934592,8589934592,5827720632
1786401527166,8589934592,8589934592,8589934592,5827720632
1786401527373,8589934592,8589934592,8589934592,5827720632
1786401527574,8589934592,8589934592,8589934592,5827720632
1786401527778,8589934592,8589934592,8589934592,5827720632
1786401527983,8589934592,8589934592,8589934592,5827720632
1786401528190,8589934592,8589934592,8589934592,5827720632
1786401528395,8589934592,8589934592,8589934592,5827720632
1786401528606,8589934592,8589934592,8589934592,5827720632
1786401528812,8589934592,8589934592,8589934592,5827720632
1786401529023,8589934592,8589934592,8589934592,5827720632
1786401529224,8589934592,8589934592,8589934592,5827720632
1786401529435,8589934592,8589934592,8589934592,5827720632
1786401529645,8589934592,8589934592,8589934592,5827720632
1786401529855,8589934592,8589934592,8589934592,5827737016
1786401530066,8589934592,8589934592,8589934592,5827737016
1786401530276,8589934592,8589934592,8589934592,5827720632
1786401530487,8589934592,8589934592,8589934592,5827720632
1786401530693,8589934592,8589934592,8589934592,5827720632
1786401530903,8589934592,8589934592,8589934592,5827720632
1786401531114,8589934592,8589934592,8589934592,5827720632
1786401531319,8589934592,8589934592,8589934592,5827720632
1786401531523,8589934592,8589934592,8589934592,5827720632
1786401531725,8589934592,8589934592,8589934592,5827720632
1786401531935,8589934592,8589934592,8589934592,5827720632
1786401532136,8589934592,8589934592,8589934592,5827720632
1786401532346,8589934592,8589934592,8589934592,5827720632
1786401532557,8589934592,8589934592,8589934592,5827720632
1786401532767,8589934592,8589934592,8589934592,5827720632
1786401532975,8589934592,8589934592,8589934592,5827720632
1786401533182,8589934592,8589934592,8589934592,5827720632
1786401533389,8589934592,8589934592,8589934592,5827720632
1786401533591,8589934592,8589934592,8589934592,5827720632
1786401533796,8589934592,8589934592,8589934592,5827720632
1786401534007,8589934592,8589934592,8589934592,5827720632
1786401534218,8589934592,8589934592,8589934592,5827720632
1786401534423,8589934592,8589934592,8589934592,5827720632
1786401534628,8589934592,8589934592,8589934592,5827737016
1786401534833,8589934592,8589934592,8589934592,5827737016
1786401535039,8589934592,8589934592,8589934592,5827720632
1786401535240,8589934592,8589934592,8589934592,5827720632
1786401535450,8589934592,8589934592,8589934592,5827720632
1786401535661,8589934592,8589934592,8589934592,5827720632
1786401535871,8589934592,8589934592,8589934592,5827737016
1786401536076,8589934592,8589934592,8589934592,5827737016
1786401536286,8589934592,8589934592,8589934592,5827737016
1786401536493,8589934592,8589934592,8589934592,5827720632
1786401536702,8589934592,8589934592,8589934592,5827720632
1786401536912,8589934592,8589934592,8589934592,5827720632
1786401537123,8589934592,8589934592,8589934592,5827720632
1786401537334,8589934592,8589934592,8589934592,5827720632
1786401537542,8589934592,8589934592,8589934592,5827737016
1786401537751,8589934592,8589934592,8589934592,5827720632
1786401537962,8589934592,8589934592,8589934592,5827720632
1786401538164,8589934592,8589934592,8589934592,5827720632
1786401538369,8589934592,8589934592,8589934592,5827720632
1786401538580,8589934592,8589934592,8589934592,5827737016
1786401538792,8589934592,8589934592,8589934592,5827720632
1786401538999,8589934592,8589934592,8589934592,5827720632
1786401539211,8589934592,8589934592,8589934592,5827737016
1786401539413,8589934592,8589934592,8589934592,5827720632
1786401539616,8589934592,8589934592,8589934592,5827720632
1786401539822,8589934592,8589934592,8589934592,5827720632
1786401540032,8589934592,8589934592,8589934592,5827720632
1786401540243,8589934592,8589934592,8589934592,5827737016
1786401540454,8589934592,8589934592,8589934592,5827737016
1786401540663,8589934592,8589934592,8589934592,5827769784
1786401540870,8589934592,8589934592,8589934592,5827753400
1786401541076,8589934592,8589934592,8589934592,5827753400
1786401541281,8589934592,8589934592,8589934592,5827753400
1786401541491,8612610048,8612610048,8612610048,5782402488
1786401541702,8612610048,8612610048,8612610048,5782418872
1786401541914,8612610048,8612610048,8612610048,5782402488
1786401542124,8612610048,8612610048,8612610048,5782418872
1786401542336,8612610048,8612610048,8612610048,5782402488
1786401542543,8612610048,8612610048,8612610048,5782402488
1786401542745,8612610048,8612610048,8612610048,5782402488
1786401542955,8612610048,8612610048,8612610048,5782402488
1786401543164,8612610048,8612610048,8612610048,5782402488
1786401543375,8612610048,8612610048,8612610048,5782402488
1786401543576,8612610048,8612610048,8612610048,5782418872
1786401543832,8612610048,8612610048,8612610048,5782418872
1786401544036,8612610048,8612610048,8612610048,5782418872
1786401544238,8612610048,8612610048,8612610048,5782418872
1786401544448,8612610048,8612610048,8612610048,5782418872
1786401544659,8612610048,8612610048,8612610048,5782451640
1786401544869,8612610048,8612610048,8612610048,5782435256
1786401545076,8612610048,8612610048,8612610048,5782435256
1786401545286,8612610048,8612610048,8612610048,5782435256
1786401545489,8612610048,8612610048,8612610048,5782451640
1786401545690,8612610048,8612610048,8612610048,5782451640
1786401545896,8612610048,8612610048,8612610048,5782451640
1786401546107,8612610048,8612610048,8612610048,5782451640
1786401546309,8612610048,8612610048,8612610048,5782468024
1786401546518,8612610048,8612610048,8612610048,5782468024
1786401546729,8612610048,8612610048,8612610048,5782468024
1786401546938,8612610048,8612610048,8612610048,5782468024
1786401547140,8612610048,8612610048,8612610048,5782468024
1786401547341,8612610048,8612610048,8612610048,5782468024
1786401547551,8612610048,8612610048,8612610048,5782484408
1786401547762,8612610048,8612610048,8612610048,5782484408
1786401547973,8612610048,8612610048,8612610048,5782484408
1786401548183,8612610048,8612610048,8612610048,5782484408
1786401548394,8612610048,8612610048,8612610048,5782484408
1786401548599,8612610048,8612610048,8612610048,5782500792
1786401548809,8612610048,8612610048,8612610048,5782500792
1786401549013,8612610048,8612610048,8612610048,5782500792
1786401549224,8612610048,8612610048,8612610048,5782500792
1786401549431,8612610048,8612610048,8612610048,5782500792
1786401549637,8612610048,8612610048,8612610048,5782500792
1786401549848,8612610048,8612610048,8612610048,5782517176
1786401550048,8612610048,8612610048,8612610048,5782500792
1786401550253,8612610048,8612610048,8612610048,5782500792
1786401550464,8612610048,8612610048,8612610048,5782500792
1786401550674,8612610048,8612610048,8612610048,5782500792
1786401550884,8612610048,8612610048,8612610048,5782517176
1786401551088,8612610048,8612610048,8612610048,5782517176
1786401551299,8612610048,8612610048,8612610048,5782500792
1786401551503,8612610048,8612610048,8612610048,5782500792
1786401551710,8612610048,8612610048,8612610048,5782500792
1786401551913,8612610048,8612610048,8612610048,5782500792
1786401552117,8612610048,8612610048,8612610048,5782500792
1786401552321,8612610048,8612610048,8612610048,5782500792
1786401552531,8612610048,8612610048,8612610048,5782517176
1786401552739,8612610048,8612610048,8612610048,5782500792
1786401552950,8612610048,8612610048,8612610048,5782517176
1786401553159,8612610048,8612610048,8612610048,5782500792
1786401553360,8612610048,8612610048,8612610048,5782500792
1786401553571,8612610048,8612610048,8612610048,5782500792
1786401553782,8612610048,8612610048,8612610048,5782500792
1786401553992,8612610048,8612610048,8612610048,5782500792
1786401554202,8612610048,8612610048,8612610048,5782500792
1786401554407,8612610048,8612610048,8612610048,5782500792
1786401554618,8612610048,8612610048,8612610048,5782500792
1786401554819,8612610048,8612610048,8612610048,5782500792
1786401555029,8612610048,8612610048,8612610048,5782500792
1786401555240,8612610048,8612610048,8612610048,5782500792
1786401555443,8612610048,8612610048,8612610048,5782500792
1786401555654,8612610048,8612610048,8612610048,5782500792
1786401555863,8612610048,8612610048,8612610048,5782500792
1786401556074,8612610048,8612610048,8612610048,5782500792
1786401556275,8612610048,8612610048,8612610048,5782500792
1786401556476,8612610048,8612610048,8612610048,5782500792
1786401556687,8612610048,8612610048,8612610048,5782517176
1786401556899,8612610048,8612610048,8612610048,5782517176
1786401557101,8612610048,8612610048,8612610048,5782517176
1786401557303,8612610048,8612610048,8612610048,5782500792
1786401557505,8612610048,8612610048,8612610048,5782517176
1786401557716,8612610048,8612610048,8612610048,5782500792
1786401557917,8612610048,8612610048,8612610048,5782500792
1786401558127,8612610048,8612610048,8612610048,5782500792
1786401558338,8612610048,8612610048,8612610048,5782500792
1786401558549,8612610048,8612610048,8612610048,5782500792
1786401558754,8612610048,8612610048,8612610048,5782500792
1786401558960,8612610048,8612610048,8612610048,5782500792
1786401559169,8612610048,8612610048,8612610048,5782500792
1786401559377,8612610048,8612610048,8612610048,5782500792
1786401559586,8612610048,8612610048,8612610048,5782500792
1786401559797,8612610048,8612610048,8612610048,5782500792
1786401560005,8612610048,8612610048,8612610048,5782500792
1786401560214,8612610048,8612610048,8612610048,5782500792
1786401560424,8612610048,8612610048,8612610048,5782500792
1786401560635,8612610048,8612610048,8612610048,5782500792
1786401560837,8612610048,8612610048,8612610048,5782500792
1786401561043,8612610048,8612610048,8612610048,5782500792
1786401561252,8612610048,8612610048,8612610048,5782500792
1786401561463,8612610048,8612610048,8612610048,5782500792
1786401561674,8612610048,8612610048,8612610048,5782500792
1786401561877,8612610048,8612610048,8612610048,5782500792
1786401562089,8612610048,8612610048,8612610048,5782517176
1786401562299,8612610048,8612610048,8612610048,5782500792
1786401562507,8612610048,8612610048,8612610048,5782500792
1786401562718,8612610048,8612610048,8612610048,5782500792
1786401562929,8612610048,8612610048,8612610048,5782533560
1786401563134,8612610048,8612610048,8612610048,5782517176
1786401563345,8612610048,8612610048,8612610048,5782517176
1786401563551,8612610048,8612610048,8612610048,5782517176
1786401563753,8612610048,8612610048,8612610048,5782517176
1786401563963,8612610048,8612610048,8612610048,5782517176
1786401564164,8612610048,8612610048,8612610048,5782517176
1786401564366,8612610048,8612610048,8612610048,5782517176
1786401564568,8612610048,8612610048,8612610048,5782533560
1786401564778,8612610048,8612610048,8612610048,5782533560
1786401564989,8612610048,8612610048,8612610048,5782517176
1786401565195,8612610048,8612610048,8612610048,5782517176
1786401565404,8612610048,8612610048,8612610048,5782517176
1786401565607,8612610048,8612610048,8612610048,5782517176
1786401565818,8612610048,8612610048,8612610048,5782517176
1786401566029,8612610048,8612610048,8612610048,5782533560
1786401566232,8612610048,8612610048,8612610048,5782517176
1786401566442,8612610048,8612610048,8612610048,5782517176
1786401566644,8612610048,8612610048,8612610048,5782517176
1786401566849,8612610048,8612610048,8612610048,5782517176
1786401567051,8612610048,8612610048,8612610048,5782517176
1786401567261,8612610048,8612610048,8612610048,5782517176
1786401567472,8612610048,8612610048,8612610048,5782517176
1786401567682,8612610048,8612610048,8612610048,5782517176
1786401567888,8612610048,8612610048,8612610048,5782533560
1786401568099,8612610048,8612610048,8612610048,5782517176
1786401568307,8612610048,8612610048,8612610048,5782517176
1786401568508,8612610048,8612610048,8612610048,5782517176
1786401568719,8612610048,8612610048,8612610048,5782517176
1786401568930,8612610048,8612610048,8612610048,5782533560
1786401569141,8612610048,8612610048,8612610048,5782517176
1786401569346,8612610048,8612610048,8612610048,5782517176
1786401569553,8612610048,8612610048,8612610048,5782517176
1786401569761,8612610048,8612610048,8612610048,5782517176
1786401569962,8612610048,8612610048,8612610048,5782517176
1786401570163,8612610048,8612610048,8612610048,5782517176
1786401570374,8612610048,8612610048,8612610048,5782517176
1786401570585,8612610048,8612610048,8612610048,5782517176
1786401570794,8612610048,8612610048,8612610048,5782533560
1786401571004,8612610048,8612610048,8612610048,5782517176
1786401571213,8612610048,8612610048,8612610048,5782533560
1786401571417,8612610048,8612610048,8612610048,5782549944
1786401571618,8612610048,8612610048,8612610048,5782549944
1786401571828,8592850944,8592850944,8612610048,5782599096
1786401572039,8592850944,8592850944,8612610048,5782615480
1786401572242,8592850944,8592850944,8612610048,5782615480
1786401572454,8592850944,8592850944,8612610048,5782599096
1786401572665,8572665856,8583413760,8612610048,5782631864
1786401572876,8572665856,8572665856,8612610048,5782615480
1786401573077,8572665856,8572665856,8612610048,5782615480
1786401573284,8572665856,8572665856,8612610048,5782615480
1786401573495,8572665856,8572665856,8612610048,5782615480
1786401573700,8553398272,8553398272,8612610048,5782615480
1786401573911,8553398272,8553398272,8612610048,5782615480
1786401574120,8553398272,8553398272,8612610048,5782615480
1786401574325,8553398272,8553398272,8612610048,5783336376
1786401574527,8553398272,8553398272,8612610048,5792937400
1786401574730,8553398272,8553398272,8612610048,5792937400
1786401574936,8553398272,8553398272,8612610048,5792937400
1786401575147,8553398272,8553398272,8612610048,5792937400
1786401575355,8553398272,8553398272,8612610048,5792937400
1786401575561,8553398272,8553398272,8612610048,5792937400
1786401575765,8599535616,8599535616,8658747392,5700662712
1786401575967,8599535616,8599535616,8658747392,5700662712
1786401576169,8599535616,8599535616,8658747392,5700662712
1786401576379,8599535616,8599535616,8658747392,5700679096
1786401576590,8599535616,8599535616,8658747392,5701399992
1786401576802,8599535616,8599535616,8658747392,5701694904
1786401577012,8599535616,8599535616,8658747392,5702858168
1786401577221,8599535616,8599535616,8658747392,5702858168
1786401577422,8599535616,8599535616,8658747392,5702940088
1786401577630,8599535616,8599535616,8658747392,5702956472
1786401577840,8599535616,8599535616,8658747392,5702956472
1786401578051,8599535616,8599535616,8658747392,5702956472
1786401578254,8599535616,8599535616,8658747392,5702956472
1786401578456,8599535616,8599535616,8658747392,5702956472
1786401578668,8599535616,8599535616,8658747392,5702956472
1786401578878,8599535616,8599535616,8658747392,5702972856
1786401579086,8599535616,8599535616,8658747392,5702972856
1786401579287,8599535616,8599535616,8658747392,5702989240
1786401579498,8599535616,8599535616,8658747392,5702972856
1786401579709,8599535616,8599535616,8658747392,5702972856
1786401579915,8599535616,8599535616,8658747392,5702972856
1786401580126,8599535616,8599535616,8658747392,5702972856
1786401580330,8599535616,8599535616,8658747392,5702972856
1786401580541,8599535616,8599535616,8658747392,5702972856
1786401580743,8599535616,8599535616,8658747392,5702972856
1786401580945,8599535616,8599535616,8658747392,5702972856
1786401581156,8599535616,8599535616,8658747392,5702972856
1786401581381,8599535616,8599535616,8658747392,5702989240
1786401581584,8599535616,8599535616,8658747392,5702972856
1786401581794,8599535616,8599535616,8658747392,5702989240
1786401582006,8599535616,8599535616,8658747392,5702972856
1786401582207,8599535616,8599535616,8658747392,5702972856
1786401582408,8599535616,8599535616,8658747392,5702972856
1786401582619,8599535616,8599535616,8658747392,5702972856
1786401582826,8599535616,8599535616,8658747392,5702972856
1786401583037,8599535616,8599535616,8658747392,5702989240
1786401583240,8599535616,8599535616,8658747392,5702972856
1786401590704,8599535616,8599535616,8658747392,5702989240
1786401590926,8599535616,8599535616,8658747392,5702989240
1786401591137,8599535616,8599535616,8658747392,5702989240
1786401591339,0,8563884032,8658747392,5702989240
1786401591548,0,7943127040,8658747392,5702989240
1786401591750,0,7386333184,8658747392,5883803064
1786401591960,0,6834782208,8658747392,6259635640
1786401592163,0,6306299904,8658747392,6835811816
1786401592373,0,5655134208,8658747392,6811268584
1786401592584,0,4979851264,8658747392,6811268584
1786401592794,0,4284645376,8658747392,6811268584
1786401593004,0,3603070976,8658747392,6811268584
1786401593214,0,2925690880,8658747392,6811268584
1786401593417,0,2338488320,8658747392,6811268584
1786401593627,0,1651671040,8658747392,6811268584
1786401593828,0,988971008,8658747392,6811268584
1786401594038,0,314736640,8658747392,6811268584
1786401594248,0,0,8658747392,6811268584
1786401594459,0,0,8658747392,6811268584
1786401594663,0,0,8658747392,6811743720
1786401594866,0,0,8658747392,6811743720
1786401595075,0,0,8658747392,6811743720
1786401595285,0,0,8658747392,6811760104
1786401595489,0,0,8658747392,6811743720
1786401595696,0,0,8658747392,6811743720
1786401595901,0,0,8658747392,6811907560
1786401596112,0,0,8658747392,6811907560
1786401596314,0,0,8658747392,6811923944
1786401596524,0,0,8658747392,6811907560
1786401596735,0,0,8658747392,6811907560
1786401596942,0,0,8658747392,6812055016
1786401597152,0,0,8658747392,6812055016
1786401597363,0,0,8658747392,6812055016
1786401597565,0,0,8658747392,6812055016
1786401597771,0,0,8658747392,6812055016
1786401597973,0,0,8658747392,6812055016
1786401598175,0,0,8658747392,6812055016
1786401598382,0,0,8658747392,6812055016
1786401598593,0,0,8658747392,6812071400
1786401598801,0,0,8658747392,6812055016
1786401599010,0,0,8658747392,6812055016
1786401599219,0,0,8658747392,6812087784
1786401599423,0,0,8658747392,6812202472
1786401599624,0,0,8658747392,6812202472
1786401599836,0,0,8658747392,6812218856
1786401600048,0,0,8658747392,6812202472
1786401600258,0,0,8658747392,6812218856
1786401600467,0,0,8658747392,6812202472
1786401600677,0,0,8658747392,6812300776
1786401600887,0,0,8658747392,6812300776
1786401601098,0,0,8658747392,6812300776
1786401601308,0,0,8658747392,6812300776
1786401601520,0,0,8658747392,6812300776
1786401601728,0,0,8658747392,6812317160
1786401601930,0,0,8658747392,6812448232
1786401602141,0,0,8658747392,6812464616
1786401602353,0,0,8658747392,6812481000
1786401602564,0,0,8658747392,6812464616
1786401602773,0,0,8658747392,6812464616
1786401602975,0,0,8658747392,6812481000
1786401603186,0,0,8658747392,6812612072
1786401603397,0,0,8658747392,6812612072
1786401603604,0,0,8658747392,6812612072
1786401603813,0,0,8658747392,6812612072
1786401604015,0,0,8658747392,6812612072
1786401604218,0,0,8658747392,6812612072
1786401604424,0,0,8658747392,6812759528
1786401604634,0,0,8658747392,6812759528
1786401604838,0,0,8658747392,6812775912
1786401605049,0,0,8658747392,6812759528
1786401605256,0,0,8658747392,6812759528
1786401605463,0,0,8658747392,6812759528
1786401605673,0,0,8658747392,6812759528
1786401605884,0,0,8658747392,6812775912
1786401606093,0,0,8658747392,6812759528
1786401606299,0,0,8658747392,6812775912
1786401606509,0,0,8658747392,6812792296
1786401606710,0,0,8658747392,6812792296
1786401606915,0,0,8658747392,6812939752
1786401607119,0,0,8658747392,6812939752
1786401607331,0,0,8658747392,6812939752
1786401607542,0,0,8658747392,6812956136
1786401607750,0,0,8658747392,6812939752
1786401607957,0,0,8658747392,6813087208
1786401608167,0,0,8658747392,6813087208
1786401608378,0,0,8658747392,6813087208
1786401608589,0,0,8658747392,6813087208
1786401608799,0,0,8658747392,6813087208
1786401609001,0,0,8658747392,6813087208
1786401609212,0,0,8658747392,6813234664
1786401609423,0,0,8658747392,6813234664
1786401609634,0,0,8658747392,6813234664
1786401609837,0,0,8658747392,6813234664
1786401610047,0,0,8658747392,6813234664
1786401610252,0,0,8658747392,6813234664
1786401610456,0,0,8658747392,6813234664
1786401610666,0,0,8658747392,6813234664
1786401610877,0,0,8658747392,6813234664
1786401611088,0,0,8658747392,6813234664
1786401611299,0,0,8658747392,6813234664
1786401611509,0,0,8658747392,6813234664
1786401611716,0,0,8658747392,6813234664
1786401611918,0,0,8658747392,6813234664
1786401612129,0,0,8658747392,6813234664
1786401612341,0,0,8658747392,6813234664
1786401612549,0,0,8658747392,6813234664
1786401612753,0,0,8658747392,6813234664
1786401612955,0,0,8658747392,6813382120
1786401613158,0,0,8658747392,6813382120
1786401613370,0,0,8658747392,6813382120
1786401613580,0,0,8658747392,6813382120
1786401613784,0,0,8658747392,6813398504
1786401613997,0,0,8658747392,6813398504
1786401614198,0,0,8658747392,6813513192
1786401614405,0,0,8658747392,6813513192
1786401614611,0,0,8658747392,6813513192
1786401614822,0,0,8658747392,6813513192
1786401615033,0,0,8658747392,6813513192
1786401615239,0,0,8658747392,6813513192
1786401615439,0,0,8658747392,6813677032
1786401615646,0,0,8658747392,6813693416
1786401615857,0,0,8658747392,6813677032
1786401616066,0,0,8658747392,6813693416
1786401616273,0,0,8658747392,6813677032
1786401616477,0,0,8658747392,6813677032
1786401616688,0,0,8658747392,6813824488
1786401616899,0,0,8658747392,6813824488
1786401617104,0,0,8658747392,6813824488
1786401617308,0,0,8658747392,6813824488
1786401617509,0,0,8658747392,6813824488
1786401617713,0,0,8658747392,6813824488
1786401617924,0,0,8658747392,6813971944
1786401618135,0,0,8658747392,6813971944
1786401618341,0,0,8658747392,6813971944
1786401618550,0,0,8658747392,6813971944
1786401618758,0,0,8658747392,6813971944
1786401618969,0,0,8658747392,6813971944
1786401619180,0,0,8658747392,6814103016
1786401619384,0,0,8658747392,6814103016
1786401619593,0,0,8658747392,6814119400
1786401619802,0,0,8658747392,6814103016
1786401620005,0,0,8658747392,6814103016
1786401620212,0,0,8658747392,6814250472
1786401620419,0,0,8658747392,6814840296
1786401620629,0,0,8658747392,6814840296
1786401620839,0,0,8658747392,6814840296
1786401621042,0,0,8658747392,6814840296
1786401621252,0,0,8658747392,6814840296
1786401621460,0,0,8658747392,6814840296
1786401621670,0,0,8658747392,6814840296
1786401621876,0,0,8658747392,6814856680
1786401622085,0,0,8658747392,6814856680
1786401622296,0,0,8658747392,6814840296
1786401622503,0,0,8658747392,6814840296
1786401622714,0,0,8658747392,6814840296
1786401622916,0,0,8658747392,6814840296
1786401623127,0,0,8658747392,6814840296
1786401623331,0,0,8658747392,6814873064
1786401623537,0,0,8658747392,6814840296
1786401623744,0,0,8658747392,6814856680
1786401623956,0,0,8658747392,6814840296
1786401624159,0,0,8658747392,6814840296
1786401624371,0,0,8658747392,6815397352
1786401624581,0,0,8658747392,6815397352
1786401624792,0,0,8658747392,6815397352
1786401625003,0,0,8658747392,6815413736
1786401625212,0,0,8658747392,6815757800
1786401625413,0,0,8658747392,6815757800
1786401625622,0,0,8658747392,6815757800
1786401625833,0,0,8658747392,6815774184
1786401626039,0,0,8658747392,6815757800
1786401626243,0,0,8658747392,6815757800
1786401626453,0,0,8658747392,6815757800
1786401626664,0,0,8658747392,6815757800
1786401626876,0,0,8658747392,6815757800
1786401627083,0,0,8658747392,6815757800
1786401627294,0,0,8658747392,6815757800
1786401627504,0,0,8658747392,6815757800
1786401627715,0,0,8658747392,6815757800
1786401627926,0,0,8658747392,6815757800
1786401628133,0,0,8658747392,6815757800
1786401628340,0,0,8658747392,6815757800
1786401628551,0,0,8658747392,6815774184
1786401628754,0,0,8658747392,6815757800
1786401628965,0,0,8658747392,6815757800
1786401629176,0,0,8658747392,6815757800
1786401629379,0,0,8658747392,6815774184
1786401629590,0,0,8658747392,6815757800
1786401629797,0,0,8658747392,6815757800
1786401630008,0,0,8658747392,6815757800
1786401630219,0,0,8658747392,6815757800
1786401630430,0,0,8658747392,6815757800
1786401630639,0,0,8658747392,6815757800
1786401630846,0,0,8658747392,6815757800
1786401631052,0,0,8658747392,6815757800
1786401631256,0,0,8658747392,6815757800
1786401631466,0,0,8658747392,6815757800
1786401631678,0,0,8658747392,6815757800
1786401631887,0,0,8658747392,6815757800
1786401632094,0,0,8658747392,6815757800
1786401632303,0,0,8658747392,6815757800
1786401632505,0,0,8658747392,6815757800
1786401632716,0,0,8658747392,6815757800
1786401632923,0,0,8658747392,6815757800
1786401633134,0,0,8658747392,6815757800
1786401633345,0,0,8658747392,6815774184
1786401633554,0,0,8658747392,6815774184
1786401633759,0,0,8658747392,6815757800
1786401633969,0,0,8658747392,6815757800
1786401634180,0,0,8658747392,6815757800
1786401634388,0,0,8658747392,6815774184
1786401634594,0,0,8658747392,6815757800
1786401634803,0,0,8658747392,6815757800
1786401635004,0,0,8658747392,6815757800
1786401635215,0,0,8658747392,6815774184
1786401635426,0,0,8658747392,6815757800
1786401635629,0,0,8658747392,6815774184
1786401635838,0,0,8658747392,6815774184
1786401636044,0,0,8658747392,6815774184
1786401636252,0,0,8658747392,6815774184
1786401636456,0,0,8658747392,6815790568
1786401636663,0,0,8658747392,6815774184
1786401636874,0,0,8658747392,6815774184
1786401637080,0,0,8658747392,6815790568
1786401637291,0,0,8658747392,6815774184
1786401637498,0,0,8658747392,6815774184
1786401637708,0,0,8658747392,6815774184
1786401637917,0,0,8658747392,6815774184
1786401638126,0,0,8658747392,6815774184
1786401638333,0,0,8658747392,6815790568
1786401638544,0,0,8658747392,6815774184
1786401638755,0,0,8658747392,6815774184
1786401638966,0,0,8658747392,6815790568
1786401639172,0,0,8658747392,6815774184
1786401639381,0,0,8658747392,6815774184
1786401639584,0,0,8658747392,6815774184
1786401639785,0,0,8658747392,6815774184
1786401639995,0,0,8658747392,6815774184
1786401640206,0,0,8658747392,6815774184
1786401640417,0,0,8658747392,6815774184
1786401640628,0,0,8658747392,6815774184
1786401640837,0,0,8658747392,6815774184
1786401641048,0,0,8658747392,6815774184
1786401641259,0,0,8658747392,6815774184
1786401641470,0,0,8658747392,6815774184
1786401641678,0,0,8658747392,6815774184
1786401641890,0,0,8658747392,6815774184
1786401642101,0,0,8658747392,6815774184
1786401642311,0,0,8658747392,6815774184
1786401642514,0,0,8658747392,6815774184
1786401642725,0,0,8658747392,6815774184
1786401642928,0,0,8658747392,6815774184
1786401643136,0,0,8658747392,6815774184
1786401643346,0,0,8658747392,6815774184
1786401643548,0,0,8658747392,6815774184
1786401643751,0,0,8658747392,6815774184
1786401643962,0,0,8658747392,6815774184
1786401644173,0,0,8658747392,6815774184
1786401644394,0,0,8658747392,6815774184
1786401644597,0,0,8658747392,6815774184
1786401644803,0,0,8658747392,6815774184
1786401645015,0,0,8658747392,6815790568
1786401645216,0,0,8658747392,6815774184
1786401645427,0,0,8658747392,6815774184
1786401645638,0,0,8658747392,6815774184
1786401645840,0,0,8658747392,6815774184
1786401646050,0,0,8658747392,6815774184
1786401646261,0,0,8658747392,6815774184
1786401646464,0,0,8658747392,6815774184
1786401646673,0,0,8658747392,6815774184
1786401646883,0,0,8658747392,6815774184
1786401647094,0,0,8658747392,6815774184
1786401647302,0,0,8658747392,6815774184
1786401647512,0,0,8658747392,6815790568
1786401647718,0,0,8658747392,6815774184
1786401647924,0,0,8658747392,6815774184
1786401648132,0,0,8658747392,6815774184
1786401648334,0,0,8658747392,6815774184
1786401648536,0,0,8658747392,6815774184
1786401648747,0,0,8658747392,6815774184
1786401648956,0,0,8658747392,6815774184
1786401649160,0,0,8658747392,6815774184
1786401649365,0,0,8658747392,6815774184
1786401649567,0,0,8658747392,6815774184
1786401649778,0,0,8658747392,6815774184
1786401649988,0,0,8658747392,6815790568
1786401650194,0,0,8658747392,6815774184
1786401650398,0,0,8658747392,6815790568
1786401650608,0,0,8658747392,6815790568
1786401658384,0,0,8658747392,7435695712
1786401658599,0,0,8658747392,7435695712
1786401658809,0,0,8658747392,7435695712
1786401659014,0,0,8658747392,7435712096
1786401659216,0,0,8658747392,7435695712
1786401659424,0,0,8658747392,7435695712
1786401659634,0,0,8658747392,7435695712
1786401659843,0,0,8658747392,7435695712
1786401660054,0,0,8658747392,7435695712
1786401660265,0,0,8658747392,7435695712
1786401660475,0,0,8658747392,7435695712
1786401660684,0,0,8658747392,7435695712
1786401660892,0,0,8658747392,7435695712
1786401661097,0,0,8658747392,7435695712
1786401661304,0,0,8658747392,7435695712
1786401661515,0,0,8658747392,7435695712
1786401661725,0,0,8658747392,7435695712
1786401661937,0,0,8658747392,7435712096
1786401662161,0,0,8658747392,7435695712
1786401662363,0,0,8658747392,7435695712
1786401662574,0,0,8658747392,7435695712
1786401662785,0,0,8658747392,7435695712
1786401662995,0,0,8658747392,7435695712
1786401663204,0,0,8658747392,7435695712
1786401663412,0,0,8658747392,7435695712
1786401663621,0,0,8658747392,7435695712
1786401663832,0,0,8658747392,7435695712
1786401664043,0,0,8658747392,7435695712
1786401664254,0,0,8658747392,7435712096
1786401664456,0,0,8658747392,7435695712
1786401664666,0,0,8658747392,7435695712
1786401664875,0,0,8658747392,7435695712
1786401665086,0,0,8658747392,7435695712
1786401665297,0,0,8658747392,7435695712
1786401665504,0,0,8658747392,7435695712
1786401665711,0,0,8658747392,7435695712
1786401665922,0,0,8658747392,7435695712
1786401666127,0,0,8658747392,7435695712
1786401666330,0,0,8658747392,7435695712
1786401666533,0,0,8658747392,7435695712
1786401666736,0,0,8658747392,7435712096
1786401666938,0,0,8658747392,7435712096
1786401667151,0,0,8658747392,7435728480
1786401667356,0,0,8658747392,7435712096
1786401667568,0,0,8658747392,7435712096
1786401667777,0,0,8658747392,7435712096
1786401667984,0,0,8658747392,7435712096
1786401668187,0,0,8658747392,7435712096
1786401668398,0,0,8658747392,7435712096
1786401668599,0,0,8658747392,7435712096
1786401668810,0,0,8658747392,7435728480
1786401669019,0,0,8658747392,7435712096
1786401669228,0,0,8658747392,7435728480
1786401669437,0,0,8658747392,7435744864
1786401669649,0,0,8658747392,7435728480
1786401669859,0,0,8658747392,7435728480
1786401670070,0,0,8658747392,7435728480
1786401670273,0,0,8658747392,7435728480
1786401670481,0,0,8658747392,7435744864
1786401670685,0,0,8658747392,7436203616
1786401670891,0,0,8658747392,7436220000
1786401671096,0,0,8658747392,7436220000
1786401671303,0,0,8658747392,7436220000
1786401671517,0,0,8658747392,7436220000
1786401671721,0,0,8658747392,7436236384
1786401671924,0,0,8658747392,7436252768
1786401672130,0,0,8658747392,7436236384
1786401672340,0,0,8658747392,7436236384
1786401672551,0,0,8658747392,7436236384
1786401672757,0,0,8658747392,7436252768
1786401672964,0,0,8658747392,7436252768
1786401673170,0,0,8658747392,7436252768
1786401673373,0,0,8658747392,7436252768
1786401673583,0,0,8658747392,7436252768
1786401673794,0,0,8658747392,7436269152
1786401674005,0,0,8658747392,7436269152
1786401674213,0,0,8658747392,7436269152
1786401674423,0,0,8658747392,7436269152
1786401674633,0,0,8658747392,7436269152
1786401674834,0,0,8658747392,7436269152
1786401675045,0,0,8658747392,7436269152
1786401675255,0,0,8658747392,7436269152
1786401675459,0,0,8658747392,7436269152
1786401675665,0,0,8658747392,7436285536
1786401675870,0,0,8658747392,7436269152
1786401676081,0,0,8658747392,7436269152
1786401676287,0,0,8658747392,7436285536
1786401676494,0,0,8658747392,7436285536
1786401676703,0,0,8658747392,7436285536
1786401676914,0,0,8658747392,7436301920
1786401677115,0,0,8658747392,7436301920
1786401677333,0,0,8658747392,7436301920
1786401677544,0,0,8658747392,7436301920
1786401677754,0,0,8658747392,7436318304
1786401677956,0,0,8658747392,7436318304
1786401678159,0,0,8658747392,7436318304
1786401678370,0,0,8658747392,7436318304
1786401678581,0,0,8658747392,7436318304
1786401678785,0,0,8658747392,7436318304
1786401678989,0,0,8658747392,7436334688
1786401679199,0,0,8658747392,7436318304
1786401679410,0,0,8658747392,7436318304
1786401679613,0,0,8658747392,7436318304
1786401679824,0,0,8658747392,7436318304
1786401680033,0,0,8658747392,7436318304
1786401680243,0,0,8658747392,7436318304
1786401680446,0,0,8658747392,7436318304
1786401680649,0,0,8658747392,7436318304
1786401680859,0,0,8658747392,7436318304
1786401681070,0,0,8658747392,7436318304
1786401681279,0,0,8658747392,7436318304
1786401681487,0,0,8658747392,7436318304
1786401681689,0,0,8658747392,7436318304
1786401681900,0,0,8658747392,7436318304
1786401682106,0,0,8658747392,7436334688
1786401682317,0,0,8658747392,7436318304
1786401682525,0,0,8658747392,7436318304
1786401682736,0,0,8658747392,7436318304
1786401682947,0,0,8658747392,7436318304
1786401683151,0,0,8658747392,7436318304
1786401683361,0,0,8658747392,7436318304
1786401683563,0,0,8658747392,7436334688
1786401683774,0,0,8658747392,7436318304
1786401683985,0,0,8658747392,7436318304
1786401684193,0,0,8658747392,7436318304
1786401684398,0,0,8658747392,7436318304
1786401684609,0,0,8658747392,7436318304
1786401684810,0,0,8658747392,7436318304
1786401685013,0,0,8658747392,7436318304
1786401685222,0,0,8658747392,7436318304
1786401685424,0,0,8658747392,7436318304
1786401685630,0,0,8658747392,7436318304
1786401685841,0,0,8658747392,7436318304
1786401686045,0,0,8658747392,7436318304
1786401686256,0,0,8658747392,7436318304
1786401686466,0,0,8658747392,7436318304
1786401686673,0,0,8658747392,7436351072
1786401686884,0,0,8658747392,7436351072
1786401687086,0,0,8658747392,7436351072
1786401687297,0,0,8658747392,7436351072
1786401687508,0,0,8658747392,7436351072
1786401687718,0,0,8658747392,7436351072
1786401687928,0,0,8658747392,7436351072
1786401688134,0,0,8658747392,7436351072
1786401688346,0,0,8658747392,7436351072
1786401688554,0,0,8658747392,7436351072
1786401688766,0,0,8658747392,7436351072
1786401688970,0,0,8658747392,7436367456
1786401689176,0,0,8658747392,7436498528
1786401689387,0,0,8658747392,7436498528
1786401689596,0,0,8658747392,7436678752
1786401689804,0,0,8658747392,7436678752
1786401690015,0,0,8658747392,7436678752
1786401690225,0,0,8658747392,7436678752
1786401690436,0,0,8658747392,7436826208
1786401690647,0,0,8658747392,7436826208
1786401690853,0,0,8658747392,7436826208
1786401691054,0,0,8658747392,7436826208
1786401691264,0,0,8658747392,7436826208
1786401691474,0,0,8658747392,7437235808
1786401691676,0,0,8658747392,7437235808
1786401691886,0,0,8658747392,7437235808
1786401692094,0,0,8658747392,7437252192
1786401692295,0,0,8658747392,7437252192
1786401692498,0,0,8658747392,7437235808
1786401692701,0,0,8658747392,7437235808
1786401692903,0,0,8658747392,7437235808
1786401693115,0,0,8658747392,7437235808
1786401693322,0,0,8658747392,7437252192
1786401693530,0,0,8658747392,7437235808
1786401693734,0,0,8658747392,7437235808
1786401693939,0,0,8658747392,7437235808
1786401694142,0,0,8658747392,7437235808
1786401694354,0,0,8658747392,7437235808
1786401694562,0,0,8658747392,7437235808
1786401694769,0,0,8658747392,7437235808
1786401694977,0,0,8658747392,7437235808
1786401695181,0,0,8658747392,7437235808
1786401695384,0,0,8658747392,7437235808
1786401695592,0,0,8658747392,7439447648
1786401695795,0,0,8658747392,7439447648
1786401696000,0,0,8658747392,7439447648
1786401696205,0,0,8658747392,7439447648
1786401696406,0,0,8658747392,7439447648
1786401696616,0,0,8658747392,7439447648
1786401696827,0,0,8658747392,7439447648
1786401697039,0,0,8658747392,7439464032
1786401697245,0,0,8658747392,7439447648
1786401697451,0,0,8658747392,7439464032
1786401697662,0,0,8658747392,7439447648
1786401697872,0,0,8658747392,7439447648
1786401698084,0,0,8658747392,7439464032
1786401698288,0,0,8658747392,7439447648
1786401698493,0,0,8658747392,7439447648
1786401698704,0,0,8658747392,7439447648
1786401698910,0,0,8658747392,7439447648
1786401699120,0,0,8658747392,7439447648
1786401699332,0,0,8658747392,7439447648
1786401699535,0,0,8658747392,7439464032
1786401699739,0,0,8658747392,7439447648
1786401699948,0,0,8658747392,7439464032
1786401700152,0,0,8658747392,7439447648
1786401700363,0,0,8658747392,7439447648
1786401700574,0,0,8658747392,7439464032
1786401700780,0,0,8658747392,7439447648
1786401700989,0,0,8658747392,7439447648
1786401701198,0,0,8658747392,7439447648
1786401701401,0,0,8658747392,7439447648
1786401701606,0,0,8658747392,7439447648
1786401701816,0,0,8658747392,7439447648
1786401702026,0,0,8658747392,7439464032
1786401702228,0,0,8658747392,7439447648
1786401702439,0,0,8658747392,7439447648
1786401702650,0,0,8658747392,7439447648
1786401702861,0,0,8658747392,7439447648
1786401703065,0,0,8658747392,7439447648
1786401703273,0,0,8658747392,7439447648
1786401703484,0,0,8658747392,7439464032
1786401703688,0,0,8658747392,7439447648
1786401703898,0,0,8658747392,7439447648
1786401704109,0,0,8658747392,7439447648
1786401704320,0,0,8658747392,7439447648
1786401704528,0,0,8658747392,7439447648
1786401704738,0,0,8658747392,7439464032
1786401704943,0,0,8658747392,7439447648
1786401705149,0,0,8658747392,7439447648
1786401705361,0,0,8658747392,7439447648
1786401705573,0,0,8658747392,7439464032
1786401705784,0,0,8658747392,7439464032
1786401705993,0,0,8658747392,7439447648
1786401706201,0,0,8658747392,7439447648
1786401706412,0,0,8658747392,7439447648
1786401706623,0,0,8658747392,7439447648
1786401706830,0,0,8658747392,7439447648
1786401707039,0,0,8658747392,7439480416
1786401707250,0,0,8658747392,7439447648
1786401707461,0,0,8658747392,7439447648
1786401707671,0,0,8658747392,7439447648
1786401707873,0,0,8658747392,7439464032
1786401708081,0,0,8658747392,7439447648
1786401708290,0,0,8658747392,7439447648
1786401708495,0,0,8658747392,7439464032
1786401708697,0,0,8658747392,7439447648
1786401708899,0,0,8658747392,7439447648
1786401709110,0,0,8658747392,7439464032
1786401709322,0,0,8658747392,7439447648
1786401709526,0,0,8658747392,7439447648
1786401709735,0,0,8658747392,7439447648
1786401709935,0,0,8658747392,7439447648
1786401710146,0,0,8658747392,7439464032
1786401710351,0,0,8658747392,7439447648
1786401710562,0,0,8658747392,7439464032
1786401710773,0,0,8658747392,7439447648
1786401710978,0,0,8658747392,7439447648
1786401711182,0,0,8658747392,7439447648
1786401711393,0,0,8658747392,7439447648
1786401711599,0,0,8658747392,7439447648
1786401711805,0,0,8658747392,7439464032
1786401712011,0,0,8658747392,7439464032
1786401712219,0,0,8658747392,7439447648
1786401712429,0,0,8658747392,7439447648
1786401712640,0,0,8658747392,7439447648
1786401712852,0,0,8658747392,7439447648
1786401713062,0,0,8658747392,7439447648
1786401713267,0,0,8658747392,7439447648
1786401713477,0,0,8658747392,7439447648
1786401713687,0,0,8658747392,7439447648
1786401713898,0,0,8658747392,7439447648
1786401714110,0,0,8658747392,7439464032
1786401714319,0,0,8658747392,7439447648
1786401714529,0,0,8658747392,7439447648
1786401714733,0,0,8658747392,7439447648
1786401714944,0,0,8658747392,7439447648
1786401715156,0,0,8658747392,7439447648
1786401715367,0,0,8658747392,7439447648
1786401715578,0,0,8658747392,7439447648
1786401715781,0,0,8658747392,7439464032
1786401715992,0,0,8658747392,7439447648
1786401716202,0,0,8658747392,7439447648
1786401716414,0,0,8658747392,7439447648
1786401716625,0,0,8658747392,7439447648
1786401716836,0,0,8658747392,7439447648
1786401717040,0,0,8658747392,7439464032
1786401717248,0,0,8658747392,7439447648
1786401717458,0,0,8658747392,7439447648
1786401717665,0,0,8658747392,7439447648
1786401717877,0,0,8658747392,7439447648
1786401718086,0,0,8658747392,7439447648
1786401718288,0,0,8658747392,7439464032
1786401718521,0,0,8658747392,7439447648
1786401718731,0,0,8658747392,7439447648
1786401718941,0,0,8658747392,7439447648
1786401719147,0,0,8658747392,7439447648
1786401719357,0,0,8658747392,7439447648
1786401719568,0,0,8658747392,7439447648
1786401719772,0,0,8658747392,7439709792
1786401719979,0,0,8658747392,7439709792
1786401720189,0,0,8658747392,7439709792
1786401720399,0,0,8658747392,7439709792
1786401720601,0,0,8658747392,7439709792
1786401720808,0,0,8658747392,7439709792
1786401721019,0,0,8658747392,7439709792
1786401721227,0,0,8658747392,7439709792
1786401721437,0,0,8658747392,7439709792
1786401721647,0,0,8658747392,7439709792
1786401721858,0,0,8658747392,7439709792
1786401722068,0,0,8658747392,7439709792
1786401722278,0,0,8658747392,7439709792
1786401722489,0,0,8658747392,7439709792
1786401722699,0,0,8658747392,7439709792
1786401722902,0,0,8658747392,7439709792
1786401723112,0,0,8658747392,7439709792
1786401723323,0,0,8658747392,7439709792
1786401723533,0,0,8658747392,7439709792
1786401723743,0,0,8658747392,7439709792
1786401723954,0,0,8658747392,7439709792
1786401724154,0,0,8658747392,9632167520
1786401724355,0,0,8658747392,9632167520
1786401724621,0,0,8658747392,9632183904
1786401724865,0,0,8658747392,9632183904
1786401725135,0,0,8658747392,9632167520
1786401725346,0,0,8658747392,9632183904
1786401725665,0,0,8658747392,9632183904
1786401725877,0,0,8658747392,9632167520
1786401726083,0,0,8658747392,9632183904
1786401726361,0,0,8658747392,9632167520
1786401726569,0,0,8658747392,9632167520
1786401726779,0,0,8658747392,9632167520
1786401726990,0,0,8658747392,9618519648
1786401727198,0,0,8658747392,9618519648
1786401727404,0,0,8658747392,9618519648
1786401727609,0,0,8658747392,9618519648
1786401727811,0,0,8658747392,9618519648
1786401728013,0,0,8658747392,9618519648
1786401728225,0,0,8658747392,9618519648
1786401728436,0,0,8658747392,9618519648
1786401728665,0,0,8658747392,9618519648
1786401728877,0,0,8658747392,9618519648
1786401729085,0,0,8658747392,9618536032
1786401729291,0,0,8658747392,9618519648
1786401729500,0,0,8658747392,9618519648
1786401729705,0,0,8658747392,9618536032
1786401729909,0,0,8658747392,9618519648
1786401730115,0,0,8658747392,9618536032
1786401730323,0,0,8658747392,9618519648
1786401730532,0,0,8658747392,9618519648
1786401730743,0,0,8658747392,9618519648
1786401730949,0,0,8658747392,9618519648
1786401731151,0,0,8658747392,9618519648
1786401731362,0,0,8658747392,9618519648
1786401731571,0,0,8658747392,9618519648
1786401731781,0,0,8658747392,9618519648
1786401731992,0,0,8658747392,9618519648
1786401732195,0,0,8658747392,9618519648
1786401732404,0,0,8658747392,9618519648
1786401732615,0,0,8658747392,9618519648
1786401732825,0,0,8658747392,9618536032
1786401733036,0,0,8658747392,9618519648
1786401733247,0,0,8658747392,9618519648
1786401733453,0,0,8658747392,9618519648
1786401733654,0,0,8658747392,9618519648
1786401733865,0,0,8658747392,9618519648
1786401734076,0,0,8658747392,9618519648
1786401734279,0,0,8658747392,9618519648
1786401734490,0,0,8658747392,9618519648
1786401734692,0,0,8658747392,9618519648
1786401734899,0,0,8658747392,9618519648
1786401735110,0,0,8658747392,9618519648
1786401735313,0,0,8658747392,9618519648
1786401735521,0,0,8658747392,9618519648
1786401735725,0,0,8658747392,9618519648
1786401735933,0,0,8658747392,9618519648
1786401736143,0,0,8658747392,9618519648
1786401736354,0,0,8658747392,9618519648
1786401736561,0,0,8658747392,9618519648
1786401736766,0,0,8658747392,9618519648
1786401736972,0,0,8658747392,9618519648
1786401737176,0,0,8658747392,9618519648
1786401737379,0,0,8658747392,9618536032
1786401737590,0,0,8658747392,9618536032
1786401737800,0,0,8658747392,9618536032
1786401738006,0,0,8658747392,9618552416
1786401738218,0,0,8658747392,9618536032
1786401738429,0,0,8658747392,9618536032
1786401738639,0,0,8658747392,9618536032
1786401738867,0,0,8658747392,9618536032
1786401739073,0,0,8658747392,9618536032
1786401739284,0,0,8658747392,9618552416
1786401739489,0,0,8658747392,9618568800
1786401739694,0,0,8658747392,9618552416
1786401739901,0,0,8658747392,9618552416
1786401740107,0,0,8658747392,9618552416
1786401740312,0,0,8658747392,9618568800
1786401740523,0,0,8658747392,9618568800
1786401740730,0,0,8658747392,9618568800
1786401740934,0,0,8658747392,9618568800
1786401741145,0,0,8658747392,9618585184
1786401741355,0,0,8658747392,9618585184
1786401741563,0,0,8658747392,9618585184
1786401741772,0,0,8658747392,9618585184
1786401741980,0,0,8658747392,9618585184
1786401742190,0,0,8658747392,9618585184
1786401742402,0,0,8658747392,9618601568
1786401742607,0,0,8658747392,9618601568
1786401742813,0,0,8658747392,9618601568
1786401743022,0,0,8658747392,9618601568
1786401743230,0,0,8658747392,9618601568
1786401743441,0,0,8658747392,9618617952
1786401743652,0,0,8658747392,9618617952
1786401743855,0,0,8658747392,9618617952
1786401744066,0,0,8658747392,9618617952
1786401744280,0,0,8658747392,9618650720
1786401744488,0,0,8658747392,9618634336
1786401744693,0,0,8658747392,9618634336
1786401744903,0,0,8658747392,9618634336
1786401745109,0,0,8658747392,9618634336
1786401745317,0,0,8658747392,9618650720
1786401745524,0,0,8658747392,9618650720
1786401745734,0,0,8658747392,9618634336
1786401745938,0,0,8658747392,9618634336
1786401746146,0,0,8658747392,9618634336
1786401746357,0,0,8658747392,9618634336
1786401746559,0,0,8658747392,9618634336
1786401746772,0,0,8658747392,9618650720
1786401746983,0,0,8658747392,9618634336
1786401747194,0,0,8658747392,9618634336
1786401747404,0,0,8658747392,9618634336
1786401747615,0,0,8658747392,9618634336
1786401747819,0,0,8658747392,9618634336
1786401748024,0,0,8658747392,9618634336
1786401748234,0,0,8658747392,9618634336
1786401748441,0,0,8658747392,9618634336
1786401748652,0,0,8658747392,9618634336
1786401748876,0,0,8658747392,9618650720
1786401749087,0,0,8658747392,9618634336
1786401749298,0,0,8658747392,9618634336
1786401749501,0,0,8658747392,9618634336
1786401749711,0,0,8658747392,9618650720
1786401749923,0,0,8658747392,9618634336
1786401750131,0,0,8658747392,9618634336
1786401750337,0,0,8658747392,9618650720
1786401750546,0,0,8658747392,9618634336
1786401750751,0,0,8658747392,9618634336
1786401750962,0,0,8658747392,9618634336
1786401751170,0,0,8658747392,9618634336
1786401751378,0,0,8658747392,9618634336
1786401751581,0,0,8658747392,9618650720
1786401751785,0,0,8658747392,9618634336
1786401751996,0,0,8658747392,9618634336
1786401752199,0,0,8658747392,9618650720
1786401752404,0,0,8658747392,9618634336
1786401752611,0,0,8658747392,9618634336
1786401752823,0,0,8658747392,9618634336
1786401753028,0,0,8658747392,9618634336
1786401753238,0,0,8658747392,9618634336
1786401753449,0,0,8658747392,9618634336
1786401753654,0,0,8658747392,9618650720
1786401753863,0,0,8658747392,9618634336
1786401754067,0,0,8658747392,9618634336
1786401754271,0,0,8658747392,9618634336
1786401754475,0,0,8658747392,9618634336
1786401754686,0,0,8658747392,9618650720
1786401754895,0,0,8658747392,9618634336
1786401755105,0,0,8658747392,9618634336
1786401755309,0,0,8658747392,9618650720
1786401755520,0,0,8658747392,9618634336
1786401755731,0,0,8658747392,9618650720
1786401755933,0,0,8658747392,9618634336
1786401756144,0,0,8658747392,9618634336
1786401756352,0,0,8658747392,9618634336
1786401756565,0,0,8658747392,9618650720
1786401756775,0,0,8658747392,9618634336
1786401756986,0,0,8658747392,9618634336
1786401757196,0,0,8658747392,9618749024
1786401757405,0,0,8658747392,9618732640
1786401757614,0,0,8658747392,9618732640
1786401757824,0,0,8658747392,9618732640
1786401758025,0,0,8658747392,9618732640
1786401758231,0,0,8658747392,9618732640
1786401758436,0,0,8658747392,9618732640
1786401758638,0,0,8658747392,9618732640
1786401758849,0,0,8658747392,9618749024
1786401759070,0,0,8658747392,9618732640
1786401759280,0,0,8658747392,9618732640
1786401759491,0,0,8658747392,9618732640
1786401759694,0,0,8658747392,9618749024
1786401759903,0,0,8658747392,9618749024
1786401760107,0,0,8658747392,9618732640
1786401760309,0,0,8658747392,9618732640
1786401760519,0,0,8658747392,9618732640
1786401760732,0,0,8658747392,9618749024
1786401760944,0,0,8658747392,9618732640
1786401761156,0,0,8658747392,9618732640
1786401761367,0,0,8658747392,9618732640
1786401761578,0,0,8658747392,9618732640
1786401761808,0,0,8658747392,9618765408
1786401762018,0,0,8658747392,9618732640
1786401762228,0,0,8658747392,9618732640
1786401762433,0,0,8658747392,9618732640
1786401762636,0,0,8658747392,9618732640
1786401762846,0,0,8658747392,9618732640
1786401763057,0,0,8658747392,9618732640
1786401763269,0,0,8658747392,9618732640
1786401763480,0,0,8658747392,9618732640
1786401763691,0,0,8658747392,9618732640
1786401763901,0,0,8658747392,9618732640
1786401764108,0,0,8658747392,9618732640
1786401764319,0,0,8658747392,9618732640
1786401764523,0,0,8658747392,9618732640
1786401764734,0,0,8658747392,9618732640
1786401764943,0,0,8658747392,9618732640
1786401765148,0,0,8658747392,9618732640
1786401765358,0,0,8658747392,9618732640
1786401765569,0,0,8658747392,9618732640
1786401765774,0,0,8658747392,9618732640
1786401765984,0,0,8658747392,9618732640
1786401766189,0,0,8658747392,9618749024
1786401766400,0,0,8658747392,9618732640
1786401766607,0,0,8658747392,9618732640
1786401766814,0,0,8658747392,9618732640
1786401767017,0,0,8658747392,9618732640
1786401767224,0,0,8658747392,9618732640
1786401767435,0,0,8658747392,9618732640
1786401767644,0,0,8658747392,9618732640
1786401767855,0,0,8658747392,9618732640
1786401768067,0,0,8658747392,9618732640
1786401768274,0,0,8658747392,9618749024
1786401768486,0,0,8658747392,9618732640
1786401768697,0,0,8658747392,9618732640
1786401768903,0,0,8658747392,9618732640
1786401769120,0,0,8658747392,9618732640
1786401769325,0,0,8658747392,9618732640
1786401769534,0,0,8658747392,9618732640
1786401769745,0,0,8658747392,9618732640
1786401769949,0,0,8658747392,9618732640
1786401770153,0,0,8658747392,9618732640
1786401770355,0,0,8658747392,9618732640
1786401770561,0,0,8658747392,9618749024
1786401770771,0,0,8658747392,9618749024
1786401770978,0,0,8658747392,9618749024
1786401771182,0,0,8658747392,9618749024
1786401771389,0,0,8658747392,9618749024
1786401771600,0,0,8658747392,9618765408
1786401771809,0,0,8658747392,9618765408
1786401772020,0,0,8658747392,9618765408
1786401772228,0,0,8658747392,9618765408
1786401772436,0,0,8658747392,9618765408
1786401772646,0,0,8658747392,9618765408
1786401772856,0,0,8658747392,9618765408
1786401773059,0,0,8658747392,9618765408
1786401773265,0,0,8658747392,9618781792
1786401773476,0,0,8658747392,9618765408
1786401773684,0,0,8658747392,9618765408
1786401773895,0,0,8658747392,9618765408
1786401774106,0,0,8658747392,9618765408
1786401774317,0,0,8658747392,9618765408
1786401774525,0,0,8658747392,9618765408
1786401774732,0,0,8658747392,9618781792
1786401774936,0,0,8658747392,9618765408
1786401775146,0,0,8658747392,9618765408
1786401775354,0,0,8658747392,9618765408
1786401775556,0,0,8658747392,9618781792
1786401775767,0,0,8658747392,9618781792
1786401775971,0,0,8658747392,9618798176
1786401776174,0,0,8658747392,9618781792
1786401776378,0,0,8658747392,9618781792
1786401776589,0,0,8658747392,9618814560
1786401776800,0,0,8658747392,9618814560
1786401777006,0,0,8658747392,9618798176
1786401777214,0,0,8658747392,9618798176
1786401777425,0,0,8658747392,9618798176
1786401777635,0,0,8658747392,9618798176
1786401777846,0,0,8658747392,9618798176
1786401778055,0,0,8658747392,9618798176
1786401778259,0,0,8658747392,9618798176
1786401778471,0,0,8658747392,9618798176
1786401778672,0,0,8658747392,9618798176
1786401778879,0,0,8658747392,9618798176
1786401779089,0,0,8658747392,9618814560
1786401779313,0,0,8658747392,9618798176
1786401779524,0,0,8658747392,9618798176
1786401779733,0,0,8658747392,9618798176
1786401779938,0,0,8658747392,9618798176
1786401780149,0,0,8658747392,9618798176
1786401780350,0,0,8658747392,9618814560
1786401780561,0,0,8658747392,9618798176
1786401780768,0,0,8658747392,9618798176
1786401780979,0,0,8658747392,9618798176
1786401781187,0,0,8658747392,9618798176
1786401781398,0,0,8658747392,9618798176
1786401781609,0,0,8658747392,9618798176
1786401781818,0,0,8658747392,9618798176
1786401782030,0,0,8658747392,9618798176
1786401782234,0,0,8658747392,9618798176
1786401782437,0,0,8658747392,9618798176
1786401782648,0,0,8658747392,9618798176
1786401782855,0,0,8658747392,9618798176
1786401783066,0,0,8658747392,9618814560
1786401783277,0,0,8658747392,9618798176
1786401783488,0,0,8658747392,9618798176
1786401783692,0,0,8658747392,9618798176
1786401783894,0,0,8658747392,9618798176
1786401784104,0,0,8658747392,9618798176
1786401784316,0,0,8658747392,9618798176
1786401784527,0,0,8658747392,9618814560
1786401784734,0,0,8658747392,9618798176
1786401784945,0,0,8658747392,9618798176
1786401785150,0,0,8658747392,9618798176
1786401785353,0,0,8658747392,9618798176
1786401785563,0,0,8658747392,9618798176
1786401785768,0,0,8658747392,9618814560
1786401785971,0,0,8658747392,9618798176
1786401786177,0,0,8658747392,9618798176
1786401786382,0,0,8658747392,9618798176
1786401786594,0,0,8658747392,9618798176
1786401786808,0,0,8658747392,9618798176
1786401787014,0,0,8658747392,9618814560
1786401787215,0,0,8658747392,9618798176
1786401787424,0,0,8658747392,9618798176
1786401787636,0,0,8658747392,9618798176
1786401787838,0,0,8658747392,9618798176
1786401788040,0,0,8658747392,9618798176
1786401788242,0,0,8658747392,9618798176
1786401788452,0,0,8658747392,9618798176
1786401788663,0,0,8658747392,9618798176
1786401788872,0,0,8658747392,9618798176
1786401789079,0,0,8658747392,9618798176
1786401789290,0,0,8658747392,9618798176
1786401789513,0,0,8658747392,9618798176
1786401789718,0,0,8658747392,9618798176
1786401789928,0,0,8658747392,9618798176
1786401790134,0,0,8658747392,9618798176
1786401790343,0,0,8658747392,9618798176
1786401790548,0,0,8658747392,9618798176
1786401790757,0,0,8658747392,9618798176
1786401790967,0,0,8658747392,9618814560
1786401791175,0,0,8658747392,9618814560
1786401791381,0,0,8658747392,9618814560
1786401791589,0,0,8658747392,9618814560
1786401791800,0,0,8658747392,9618830944
1786401792001,0,0,8658747392,9618814560
1786401792204,0,0,8658747392,9618814560
1786401792415,0,0,8658747392,9618814560
1786401792617,0,0,8658747392,9618814560
1786401792825,0,0,8658747392,9618830944
1786401793032,0,0,8658747392,9618814560
1786401793236,0,0,8658747392,9618814560
1786401793446,0,0,8658747392,9618814560
1786401793657,0,0,8658747392,9618814560
1786401793859,0,0,8658747392,9618814560
1786401794068,0,0,8658747392,9618830944
1786401794277,0,0,8658747392,9618830944
1786401794479,0,0,8658747392,9618814560
1786401794689,0,0,8658747392,9618814560
1786401794901,0,0,8658747392,9618814560
1786401795105,0,0,8658747392,9618814560
1786401795308,0,0,8658747392,9618814560
1786401795513,0,0,8658747392,9618814560
1786401795722,0,0,8658747392,9618814560
1786401795932,0,0,8658747392,9618814560
1786401796143,0,0,8658747392,9618814560
1786401796351,0,0,8658747392,9618814560
1786401796555,0,0,8658747392,9618814560
1786401796759,0,0,8658747392,9618830944
1786401796968,0,0,8658747392,9618814560
1786401797174,0,0,8658747392,9618814560
1786401797385,0,0,8658747392,9618814560
1786401797591,0,0,8658747392,9618814560
1786401797799,0,0,8658747392,9618814560
1786401798005,0,0,8658747392,9618814560
1786401798212,0,0,8658747392,9618814560
1786401798423,0,0,8658747392,9618814560
1786401798634,0,0,8658747392,9618830944
1786401798845,0,0,8658747392,9618814560
1786401799047,0,0,8658747392,9618814560
1786401799256,0,0,8658747392,9618814560
1786401799465,0,0,8658747392,9618814560
1786401799680,0,0,8658747392,9618814560
1786401799891,0,0,8658747392,9618814560
1786401800097,0,0,8658747392,9618830944
1786401800305,0,0,8658747392,9618830944
1786401800515,0,0,8658747392,9618814560
1786401800726,0,0,8658747392,9618814560
1786401800937,0,0,8658747392,9618814560
1786401801148,0,0,8658747392,9618814560
1786401801357,0,0,8658747392,9618814560
1786401801561,0,0,8658747392,9618814560
1786401801766,0,0,8658747392,9618814560
1786401801977,0,0,8658747392,9618814560
1786401802188,0,0,8658747392,9618814560
1786401802396,0,0,8658747392,9618814560
1786401802607,0,0,8658747392,9618814560
1786401802808,0,0,8658747392,9618814560
1786401803011,0,0,8658747392,9618814560
1786401803221,0,0,8658747392,9618814560
1786401803433,0,0,8658747392,9618814560
1786401803638,0,0,8658747392,9618814560
1786401803845,0,0,8658747392,9618814560
1786401804055,0,0,8658747392,9618814560
1786401804263,0,0,8658747392,9618814560
1786401804468,0,0,8658747392,9618814560
1786401804679,0,0,8658747392,9618814560
1786401804884,0,0,8658747392,9618814560
1786401805095,0,0,8658747392,9618814560
1786401805305,0,0,8658747392,9618830944
1786401805508,0,0,8658747392,9618814560
1786401805714,0,0,8658747392,9618814560
1786401805925,0,0,8658747392,9618830944
1786401806128,0,0,8658747392,9618830944
1786401806334,0,0,8658747392,9618814560
1786401806539,0,0,8658747392,9618814560
1786401806744,0,0,8658747392,9618814560
1786401806955,0,0,8658747392,9618814560
1786401807166,0,0,8658747392,9618814560
1786401807377,0,0,8658747392,9618830944
1786401807589,0,0,8658747392,9618814560
1786401807799,0,0,8658747392,9618814560
1786401808000,0,0,8658747392,9618814560
1786401808207,0,0,8658747392,9618830944
1786401808416,0,0,8658747392,9618814560
1786401808627,0,0,8658747392,9618814560
1786401808828,0,0,8658747392,9618814560
1786401809033,0,0,8658747392,9618814560
1786401809243,0,0,8658747392,9618814560
1786401809454,0,0,8658747392,9618814560
1786401809661,0,0,8658747392,9618814560
1786401809882,0,0,8658747392,9618814560
1786401810093,0,0,8658747392,9618814560
1786401810300,0,0,8658747392,9618814560
1786401810508,0,0,8658747392,9618814560
1786401810719,0,0,8658747392,9618814560
1786401810920,0,0,8658747392,9618814560
1786401811131,0,0,8658747392,9618830944
1786401811341,0,0,8658747392,9618830944
1786401811547,0,0,8658747392,9618814560
1786401811757,0,0,8658747392,9618814560
1786401811968,0,0,8658747392,9618830944
1786401812174,0,0,8658747392,9618814560
1786401812378,0,0,8658747392,9618814560
1786401812586,0,0,8658747392,9618814560
1786401812791,0,0,8658747392,9618814560
1786401812998,0,0,8658747392,9618814560
1786401813207,0,0,8658747392,9618814560
1786401813412,0,0,8658747392,9618814560
1786401813623,0,0,8658747392,9618830944
1786401813828,0,0,8658747392,9618814560
1786401814029,0,0,8658747392,9618814560
1786401814315,0,0,8658747392,9618814560
1786401814541,0,0,8658747392,9618814560
1786401814755,0,0,8658747392,9618814560
1786401814961,0,0,8658747392,9619895904
1786401815163,0,0,8658747392,9620485728
1786401815363,0,0,8658747392,9620485728
1786401815574,0,0,8658747392,9626285664
1786401815779,0,0,8658747392,9638196832
1786401815982,0,0,8658747392,9649550944
1786401816189,0,0,8658747392,9649550944
1786401816392,0,0,8658747392,9649780320
1786401816602,0,0,8658747392,9649780320
1786401816820,0,0,8658747392,9649780320
1786401817031,0,0,8658747392,9649780320
1786401817232,0,0,8658747392,9650828896
1786401817444,0,0,8658747392,9650845280
1786401817646,0,0,8658747392,9650828896
1786401817852,0,0,8658747392,9654859360
1786401818057,0,0,8658747392,9654859360
1786401818263,0,0,8658747392,9654875744
1786401818470,0,0,8658747392,9654875744
1786401818675,0,0,8658747392,9654859360
1786401818886,0,0,8658747392,9654859360
1786401819097,0,0,8658747392,9654859360
1786401819304,0,0,8658747392,9655645792
1786401819512,0,0,8658747392,9658267232
1786401819722,0,0,8658747392,9658267232
1786401819955,0,0,8658747392,9663280736
1786401820165,0,0,8658747392,9669817952
1786401820380,0,0,8658747392,9763059296
1786401820591,0,0,8658747392,9763042912
1786401820801,0,0,8658747392,9763042912
1786401821010,0,0,8658747392,9763059296
1786401821213,0,0,8658747392,9763042912
1786401821424,0,0,8658747392,9763042912
1786401821634,0,0,8658747392,9763059296
1786401821838,0,0,8658747392,9763042912
1786401822045,0,0,8658747392,9763042912
1786401822254,0,0,8658747392,9763042912
1786401822465,0,0,8658747392,9763042912
1786401822675,0,0,8658747392,9763042912
1786401822887,0,0,8658747392,9763042912
1786401823096,0,0,8658747392,9763059296
1786401823305,0,0,8658747392,9763042912
1786401823515,0,0,8658747392,9763042912
1786401823717,0,0,8658747392,9763042912
1786401823928,0,0,8658747392,9763042912
1786401824134,0,0,8658747392,9763042912
1786401824340,0,0,8658747392,9763042912
1786401824546,0,0,8658747392,9763042912
1786401824755,0,0,8658747392,9763059296
1786401824956,0,0,8658747392,9763042912
1786401825167,0,0,8658747392,9763042912
1786401825379,0,0,8658747392,9763042912
1786401825591,0,0,8658747392,9763042912
1786401825800,0,0,8658747392,9763059296
1786401826009,0,0,8658747392,9763042912
1786401826210,0,0,8658747392,9763042912
1786401826421,0,0,8658747392,9763042912
1786401826632,0,0,8658747392,9763042912
1786401826838,0,0,8658747392,9763042912
1786401827051,0,0,8658747392,9763042912
1786401827255,0,0,8658747392,9763042912
1786401827466,0,0,8658747392,9763042912
1786401827677,0,0,8658747392,9763042912
1786401827884,0,0,8658747392,9763059296
1786401828096,0,0,8658747392,9763042912
1786401828306,0,0,8658747392,9763042912
1786401828513,0,0,8658747392,9763042912
1786401828724,0,0,8658747392,9763042912
1786401828935,0,0,8658747392,9763042912
1786401829141,0,0,8658747392,9763042912
1786401829345,0,0,8658747392,9763042912
1786401829550,0,0,8658747392,9763042912
1786401829761,0,0,8658747392,9763042912
1786401829974,0,0,8658747392,9781343840
1786401830185,0,0,8658747392,9801201248
1786401830392,0,0,8658747392,9801332320
1786401830603,0,0,8658747392,9801332320
1786401830805,0,0,8658747392,9801332320
1786401831009,0,0,8658747392,9801332320
1786401831219,0,0,8658747392,9801332320
1786401831430,0,0,8658747392,9801332320
1786401831633,0,0,8658747392,9801332320
1786401831840,0,0,8658747392,9801348704
1786401832050,0,0,8658747392,9801332320
1786401832256,0,0,8658747392,9805854304
1786401832467,0,0,8658747392,9805854304
1786401832677,0,0,8658747392,9805854304
1786401832887,0,0,8658747392,9805887072
1786401833089,0,0,8658747392,9805887072
1786401833301,0,0,8658747392,9805903456
1786401833505,0,0,8658747392,9832035936
1786401833715,0,0,8658747392,9832035936
1786401833926,0,0,8658747392,9832035936
1786401834129,0,0,8658747392,9832035936
1786401834341,0,0,8658747392,9847322208
1786401834553,0,0,8658747392,9847322208
1786401834763,0,0,8658747392,9847387744
1786401834974,0,0,8658747392,9847387744
1786401835185,0,0,8658747392,9847387744
1786401835394,0,0,8658747392,9847404128
1786401835600,0,0,8658747392,9847404128
1786401835805,0,0,8658747392,9847404128
1786401836009,0,0,8658747392,9847387744
1786401836211,0,0,8658747392,9847387744
1786401836422,0,0,8658747392,9847387744
1786401836628,0,0,8658747392,9847387744
1786401836829,0,0,8658747392,9847387744
1786401837057,0,0,8658747392,9847387744
1786401837262,0,0,8658747392,9853466208
1786401837472,0,0,8658747392,9853466208
1786401837683,0,0,8658747392,9853466208
1786401837889,0,0,8658747392,9853466208
1786401838094,0,0,8658747392,9853466208
1786401838304,0,0,8658747392,9853482592
1786401838514,0,0,8658747392,9853482592
1786401838725,0,0,8658747392,9853498976
1786401838935,0,0,8658747392,9853482592
1786401839138,0,0,8658747392,9853482592
1786401839345,0,0,8658747392,9853482592
1786401839551,0,0,8658747392,9853482592
1786401839762,0,0,8658747392,9853482592
1786401839978,0,0,8658747392,9853482592
1786401840190,0,0,8658747392,9853498976
1786401840400,0,0,8658747392,9853498976
1786401840609,0,0,8658747392,9853482592
1786401840817,0,0,8658747392,9853482592
1786401841025,0,0,8658747392,9853482592
1786401841236,0,0,8658747392,9853482592
1786401841444,0,0,8658747392,9853482592
1786401841651,0,0,8658747392,9853482592
1786401841853,0,0,8658747392,9853482592
1786401842063,0,0,8658747392,9853482592
1786401842267,0,0,8658747392,9853482592
1786401842478,0,0,8658747392,9855481440
1786401842682,0,0,8658747392,9855481440
1786401842892,0,0,8658747392,9855481440
1786401843095,0,0,8658747392,9855497824
1786401843300,0,0,8658747392,9862362720
1786401843510,0,0,8658747392,9862362720
1786401843721,0,0,8658747392,9862362720
1786401843925,0,0,8658747392,9862362720
1786401844135,0,0,8658747392,9862379104
1786401844347,0,0,8658747392,9862379104
1786401844549,0,0,8658747392,9862362720
1786401844754,0,0,8658747392,9862362720
1786401844965,0,0,8658747392,9862362720
1786401845176,0,0,8658747392,9862379104
1786401845377,0,0,8658747392,9862362720
1786401845580,0,0,8658747392,9862362720
1786401845786,0,0,8658747392,9862362720
1786401845997,0,0,8658747392,9862379104
1786401846203,0,0,8658747392,9862362720
1786401846407,0,0,8658747392,9862362720
1786401846618,0,0,8658747392,9862362720
1786401846822,0,0,8658747392,9862362720
1786401847026,0,0,8658747392,9862362720
1786401847237,0,0,8658747392,9862362720
1786401847446,0,0,8658747392,9862379104
1786401847655,0,0,8658747392,9862379104
1786401847862,0,0,8658747392,9862379104
1786401848070,0,0,8658747392,9862379104
1786401848274,0,0,8658747392,9862379104
1786401848486,0,0,8658747392,9862379104
1786401848687,0,0,8658747392,9862379104
1786401848895,0,0,8658747392,9862379104
1786401849097,0,0,8658747392,9862379104
1786401849299,0,0,8658747392,9862379104
1786401849505,0,0,8658747392,9862379104
1786401849716,0,0,8658747392,9862379104
1786401849924,0,0,8658747392,9862379104
1786401850158,0,0,8658747392,9862379104
1786401850365,0,0,8658747392,9862379104
1786401850572,0,0,8658747392,9862379104
1786401850775,0,0,8658747392,9862379104
1786401850986,0,0,8658747392,9862379104
1786401851196,0,0,8658747392,9862379104
1786401851407,0,0,8658747392,9862395488
1786401851615,0,0,8658747392,9862379104
1786401851824,0,0,8658747392,9862379104
1786401852029,0,0,8658747392,9862379104
1786401852240,0,0,8658747392,9862379104
1786401852467,0,0,8658747392,9862379104
1786401852675,0,0,8658747392,9862379104
1786401852887,0,0,8658747392,9862379104
1786401853093,0,0,8658747392,9862379104
1786401853302,0,0,8658747392,9862379104
1786401853514,0,0,8658747392,9862395488
1786401853720,0,0,8658747392,9862379104
1786401853925,0,0,8658747392,9862379104
1786401854131,0,0,8658747392,9862379104
1786401854341,0,0,8658747392,9862379104
1786401854553,0,0,8658747392,9862395488
1786401854755,0,0,8658747392,9862379104
1786401854967,0,0,8658747392,9862395488
1786401855178,0,0,8658747392,9862411872
1786401855383,0,0,8658747392,9862395488
1786401855586,0,0,8658747392,9862395488
1786401855797,0,0,8658747392,9862395488
1786401856000,0,0,8658747392,9862395488
1786401856204,0,0,8658747392,9862411872
1786401856426,0,0,8658747392,9862411872
1786401856636,0,0,8658747392,9862411872
1786401856847,0,0,8658747392,9862411872
1786401857058,0,0,8658747392,9862411872
1786401857266,0,0,8658747392,9862428256
1786401857470,0,0,8658747392,9862428256
1786401857676,0,0,8658747392,9862428256
1786401857887,0,0,8658747392,9862428256
1786401858097,0,0,8658747392,9862428256
1786401858308,0,0,8658747392,9862444640
1786401858514,0,0,8658747392,9862444640
1786401858724,0,0,8658747392,9862444640
1786401858925,0,0,8658747392,9862444640
1786401859135,0,0,8658747392,9862461024
1786401859340,0,0,8658747392,9862461024
1786401859551,0,0,8658747392,9862461024
1786401859758,0,0,8658747392,9862461024
1786401859966,0,0,8658747392,9862461024
1786401860191,0,0,8658747392,9862461024
1786401860401,0,0,8658747392,9862461024
1786401860613,0,0,8658747392,9862477408
1786401860820,0,0,8658747392,9862461024
1786401861024,0,0,8658747392,9862461024
1786401861233,0,0,8658747392,9862461024
1786401861440,0,0,8658747392,9862461024
1786401861642,0,0,8658747392,9862461024
1786401861853,0,0,8658747392,9862461024
1786401862058,0,0,8658747392,9862461024
1786401862270,0,0,8658747392,9862461024
1786401862479,0,0,8658747392,9862461024
1786401862690,0,0,8658747392,9862461024
1786401862892,0,0,8658747392,9862461024
1786401863103,0,0,8658747392,9862461024
1786401863314,0,0,8658747392,9862461024
1786401863517,0,0,8658747392,9862461024
1786401863729,0,0,8658747392,9862477408
1786401863931,0,0,8658747392,9862461024
1786401864141,0,0,8658747392,9862461024
1786401864352,0,0,8658747392,9862461024
1786401864559,0,0,8658747392,9862461024
1786401864769,0,0,8658747392,9862461024
1786401864971,0,0,8658747392,9862461024
1786401865182,0,0,8658747392,9862461024
1786401865387,0,0,8658747392,9862461024
1786401865595,0,0,8658747392,9862461024
1786401865805,0,0,8658747392,9862461024
1786401866011,0,0,8658747392,9862461024
1786401866219,0,0,8658747392,9862461024
1786401866425,0,0,8658747392,9862461024
1786401866636,0,0,8658747392,9862477408
1786401866839,0,0,8658747392,9862461024
1786401867051,0,0,8658747392,9862477408
1786401867257,0,0,8658747392,9862461024
1786401867461,0,0,8658747392,9862477408
1786401867665,0,0,8658747392,9862461024
1786401867876,0,0,8658747392,9862461024
1786401868083,0,0,8658747392,9862461024
1786401868285,0,0,8658747392,9862461024
1786401868498,0,0,8658747392,9862477408
1786401868705,0,0,8658747392,9862461024
1786401868915,0,0,8658747392,9862461024
1786401869127,0,0,8658747392,9862461024
1786401869336,0,0,8658747392,9862461024
1786401869545,0,0,8658747392,9862461024
1786401869752,0,0,8658747392,9862461024
1786401869954,0,0,8658747392,9862461024
1786401870154,0,0,8658747392,9862461024
1786401870370,0,0,8658747392,9862461024
1786401870577,0,0,8658747392,9862461024
1786401870787,0,0,8658747392,9862461024
1786401870993,0,0,8658747392,9862461024
1786401871201,0,0,8658747392,9862461024
1786401871405,0,0,8658747392,9862461024
1786401871616,0,0,8658747392,9862461024
1786401871818,0,0,8658747392,9862461024
1786401872029,0,0,8658747392,9862461024
1786401872238,0,0,8658747392,9862477408
1786401872444,0,0,8658747392,9862461024
1786401872654,0,0,8658747392,9862461024
1786401872863,0,0,8658747392,9862461024
1786401873064,0,0,8658747392,9862461024
1786401873269,0,0,8658747392,9862461024
1786401873479,0,0,8658747392,9862477408
1786401873687,0,0,8658747392,9862461024
1786401873895,0,0,8658747392,9862461024
1786401874106,0,0,8658747392,9862477408
1786401874318,0,0,8658747392,9862461024
1786401874530,0,0,8658747392,9862477408
1786401874735,0,0,8658747392,9862461024
1786401874936,0,0,8658747392,9862493792
1786401875146,0,0,8658747392,9862493792
1786401875358,0,0,8658747392,9862493792
1786401875569,0,0,8658747392,9862493792
1786401875773,0,0,8658747392,9862493792
1786401875984,0,0,8658747392,9862493792
1786401876195,0,0,8658747392,9862542944
1786401876406,0,0,8658747392,9862542944
1786401876617,0,0,8658747392,9862542944
1786401876823,0,0,8658747392,9862542944
1786401877031,0,0,8658747392,9862559328
1786401877237,0,0,8658747392,9862542944
1786401877443,0,0,8658747392,9862542944
1786401877654,0,0,8658747392,9862542944
1786401877862,0,0,8658747392,9862542944
1786401878070,0,0,8658747392,9862542944
1786401878277,0,0,8658747392,9862542944
1786401878488,0,0,8658747392,9862542944
1786401878698,0,0,8658747392,9862542944
1786401878909,0,0,8658747392,9862542944
1786401879120,0,0,8658747392,9862542944
1786401879326,0,0,8658747392,9862542944
1786401879537,0,0,8658747392,9862542944
1786401879744,0,0,8658747392,9862542944
1786401879954,0,0,8658747392,9862542944
1786401880165,0,0,8658747392,9862542944
1786401880395,0,0,8658747392,9862542944
1786401880605,0,0,8658747392,9862542944
1786401880810,0,0,8658747392,9862542944
1786401881017,0,0,8658747392,9862542944
1786401881219,0,0,8658747392,9862542944
1786401881430,0,0,8658747392,9862542944
1786401881640,0,0,8658747392,9862542944
1786401881845,0,0,8658747392,9862542944
1786401882055,0,0,8658747392,9862542944
1786401882266,0,0,8658747392,9862542944
1786401882470,0,0,8658747392,9862559328
1786401882680,0,0,8658747392,9862559328
1786401882892,0,0,8658747392,9862559328
1786401883103,0,0,8658747392,9862575712
1786401883308,0,0,8658747392,9862559328
1786401883514,0,0,8658747392,9862559328
1786401883719,0,0,8658747392,9862559328
1786401883930,0,0,8658747392,9862559328
1786401884135,0,0,8658747392,9862559328
1786401884342,0,0,8658747392,9862575712
1786401884548,0,0,8658747392,9862559328
1786401884750,0,0,8658747392,9862559328
1786401884957,0,0,8658747392,9862559328
1786401885168,0,0,8658747392,9862575712
1786401885375,0,0,8658747392,9862559328
1786401885579,0,0,8658747392,9862559328
1786401885787,0,0,8658747392,9862575712
1786401885993,0,0,8658747392,9862559328
1786401886202,0,0,8658747392,9862559328
1786401886413,0,0,8658747392,9862559328
1786401886625,0,0,8658747392,9862559328
1786401886831,0,0,8658747392,9862559328
1786401887038,0,0,8658747392,9862575712
1786401887249,0,0,8658747392,9862559328
1786401887461,0,0,8658747392,9862559328
1786401887668,0,0,8658747392,9862559328
1786401887870,0,0,8658747392,9862559328
1786401888081,0,0,8658747392,9862559328
1786401888290,0,0,8658747392,9862575712
1786401888500,0,0,8658747392,9862559328
1786401888702,0,0,8658747392,9862559328
1786401888913,0,0,8658747392,9862559328
1786401889120,0,0,8658747392,9862575712
1786401889331,0,0,8658747392,9862575712
1786401889541,0,0,8658747392,9862559328
1786401889752,0,0,8658747392,9862559328
1786401889963,0,0,8658747392,9862575712
1786401890174,0,0,8658747392,9862559328
1786401890407,0,0,8658747392,9862559328
1786401890619,0,0,8658747392,9862559328
1786401890829,0,0,8658747392,9862559328
1786401891040,0,0,8658747392,9862559328
1786401891251,0,0,8658747392,9862559328
1786401891456,0,0,8658747392,9862559328
1786401891667,0,0,8658747392,9862559328
1786401891871,0,0,8658747392,9862559328
1786401892082,0,0,8658747392,9862559328
1786401892289,0,0,8658747392,9862559328
1786401892492,0,0,8658747392,9862575712
1786401892701,0,0,8658747392,9862559328
1786401892911,0,0,8658747392,9862559328
1786401893117,0,0,8658747392,9862575712
1786401893324,0,0,8658747392,9862559328
1786401893533,0,0,8658747392,9862559328
1786401893742,0,0,8658747392,9862559328
1786401893952,0,0,8658747392,9862559328
1786401894173,0,0,8658747392,9862575712
1786401894384,0,0,8658747392,9862592096
1786401894595,0,0,8658747392,9862575712
1786401894806,0,0,8658747392,9862575712
1786401895011,0,0,8658747392,9862575712
1786401895224,0,0,8658747392,9862592096
1786401895433,0,0,8658747392,9862575712
1786401895636,0,0,8658747392,9862575712
1786401895843,0,0,8658747392,9862575712
1786401896054,0,0,8658747392,9862575712
1786401896256,0,0,8658747392,9862592096
1786401896467,0,0,8658747392,9862575712
1786401896677,0,0,8658747392,9862575712
1786401896878,0,0,8658747392,9862575712
1786401897085,0,0,8658747392,9862575712
1786401897296,0,0,8658747392,9862575712
1786401897511,0,0,8658747392,9862592096
1786401897714,0,0,8658747392,9862575712
1786401897923,0,0,8658747392,9862575712
1786401898134,0,0,8658747392,9862575712
1786401898343,0,0,8658747392,9862575712
1786401898554,0,0,8658747392,9862575712
1786401898766,0,0,8658747392,9862592096
1786401898968,0,0,8658747392,9862575712
1786401899174,0,0,8658747392,9862575712
1786401899380,0,0,8658747392,9862575712
1786401899588,0,0,8658747392,9862575712
1786401899799,0,0,8658747392,9862575712
1786401900015,0,0,8658747392,9862592096
1786401900225,0,0,8658747392,9862592096
1786401900457,0,0,8658747392,9862575712
1786401900668,0,0,8658747392,9862575712
1786401900875,0,0,8658747392,9862575712
1786401901085,0,0,8658747392,9862575712
1786401901297,0,0,8658747392,9862575712
1786401901505,0,0,8658747392,9862592096
1786401901712,0,0,8658747392,9862575712
1786401901922,0,0,8658747392,9862575712
1786401902133,0,0,8658747392,9862575712
1786401902344,0,0,8658747392,9862575712
1786401902555,0,0,8658747392,9862575712
1786401902763,0,0,8658747392,9862592096
1786401902974,0,0,8658747392,9862575712
1786401903179,0,0,8658747392,9862575712
1786401903390,0,0,8658747392,9862575712
1786401903594,0,0,8658747392,9862575712
1786401903800,0,0,8658747392,9862575712
1786401904003,0,0,8658747392,9862592096
1786401904208,0,0,8658747392,9862575712
1786401904419,0,0,8658747392,9862575712
1786401904630,0,0,8658747392,9862575712
1786401904837,0,0,8658747392,9862592096
1786401905040,0,0,8658747392,9862575712
1786401905244,0,0,8658747392,9862575712
1786401905448,0,0,8658747392,9862575712
1786401905658,0,0,8658747392,9862575712
1786401905869,0,0,8658747392,9862575712
1786401906080,0,0,8658747392,9862592096
1786401906283,0,0,8658747392,9862575712
1786401906494,0,0,8658747392,9862592096
1786401906703,0,0,8658747392,9862575712
1786401906914,0,0,8658747392,9862575712
1786401907125,0,0,8658747392,9862575712
1786401907327,0,0,8658747392,9862575712
1786401907533,0,0,8658747392,9862608480
1786401907740,0,0,8658747392,9862592096
1786401907944,0,0,8658747392,9862592096
1786401908155,0,0,8658747392,9862592096
1786401908367,0,0,8658747392,9862592096
1786401908576,0,0,8658747392,9862592096
1786401908786,0,0,8658747392,9862592096
1786401908989,0,0,8658747392,9862608480
1786401909200,0,0,8658747392,9862592096
1786401909411,0,0,8658747392,9862608480
1786401909616,0,0,8658747392,9862592096
1786401909827,0,0,8658747392,9862592096
1786401910038,0,0,8658747392,9862592096
1786401910240,0,0,8658747392,9862592096
1786401910458,0,0,8658747392,9862592096
1786401910669,0,0,8658747392,9862592096
1786401910881,0,0,8658747392,9862608480
1786401911089,0,0,8658747392,9862592096
1786401911299,0,0,8658747392,9862592096
1786401911510,0,0,8658747392,9862592096
1786401911721,0,0,8658747392,9862592096
1786401911927,0,0,8658747392,9862592096
1786401912135,0,0,8658747392,9862592096
1786401912341,0,0,8658747392,9862592096
1786401912542,0,0,8658747392,9862657632
1786401912746,0,0,8658747392,9862657632
1786401912955,0,0,8658747392,9862657632
1786401913166,0,0,8658747392,9862657632
1786401913375,0,0,8658747392,9862674016
1786401913584,0,0,8658747392,9862674016
1786401913792,0,0,8658747392,9862674016
1786401913995,0,0,8658747392,9862657632
1786401914198,0,0,8658747392,9862657632
1786401914408,0,0,8658747392,9862657632
1786401914610,0,0,8658747392,9862657632
1786401914821,0,0,8658747392,9862657632
1786401915031,0,0,8658747392,9862657632
1786401915235,0,0,8658747392,9862657632
1786401915440,0,0,8658747392,9862657632
1786401915647,0,0,8658747392,9862657632
1786401915853,0,0,8658747392,9862657632
1786401916060,0,0,8658747392,9862657632
1786401916271,0,0,8658747392,9862674016
1786401916472,0,0,8658747392,9862657632
1786401916683,0,0,8658747392,9862657632
1786401916895,0,0,8658747392,9862657632
1786401917097,0,0,8658747392,9862657632
1786401917305,0,0,8658747392,9862657632
1786401917508,0,0,8658747392,9862657632
1786401917719,0,0,8658747392,9862657632
1786401917929,0,0,8658747392,9862657632
1786401918136,0,0,8658747392,9862657632
1786401918338,0,0,8658747392,9862657632
1786401918553,0,0,8658747392,9862657632
1786401918757,0,0,8658747392,9862657632
1786401918967,0,0,8658747392,9862657632
1786401919179,0,0,8658747392,9862657632
1786401919389,0,0,8658747392,9862657632
1786401919600,0,0,8658747392,9862657632
1786401919811,0,0,8658747392,9862657632
1786401920013,0,0,8658747392,9862657632
1786401920224,0,0,8658747392,9862657632
1786401920435,0,0,8658747392,9862674016
1786401920668,0,0,8658747392,9862674016
1786401920879,0,0,8658747392,9862657632
1786401921089,0,0,8658747392,9862657632
1786401921299,0,0,8658747392,9862657632
1786401921509,0,0,8658747392,9862657632
1786401921720,0,0,8658747392,9862657632
1786401921928,0,0,8658747392,9862657632
1786401922135,0,0,8658747392,9862657632
1786401922347,0,0,8658747392,9862657632
1786401922556,0,0,8658747392,9862657632
1786401922773,0,0,8658747392,9862657632
1786401922984,0,0,8658747392,9862657632
1786401923196,0,0,8658747392,9862674016
1786401923407,0,0,8658747392,9862657632
1786401923618,0,0,8658747392,9862657632
1786401923829,0,0,8658747392,9862657632
1786401924040,0,0,8658747392,9862674016
1786401924246,0,0,8658747392,9862674016
1786401924455,0,0,8658747392,9862674016
1786401924661,0,0,8658747392,9862657632
1786401924863,0,0,8658747392,9862657632
1786401925073,0,0,8658747392,9862657632
1786401925284,0,0,8658747392,9862674016
1786401925490,0,0,8658747392,9862657632
1786401925695,0,0,8658747392,9862674016
1786401925905,0,0,8658747392,9862657632
1786401926111,0,0,8658747392,9862657632
1786401926321,0,0,8658747392,9862657632
1786401926532,0,0,8658747392,9862657632
1786401926743,0,0,8658747392,9862657632
1786401926948,0,0,8658747392,9862657632
1786401927156,0,0,8658747392,9862657632
1786401927364,0,0,8658747392,9862657632
1786401927574,0,0,8658747392,9862657632
1786401927785,0,0,8658747392,9862657632
1786401927993,0,0,8658747392,9862657632
1786401928205,0,0,8658747392,9862657632
1786401928412,0,0,8658747392,9862657632
1786401928618,0,0,8658747392,9862657632
1786401928828,0,0,8658747392,9862657632
1786401929040,0,0,8658747392,9862657632
1786401929251,0,0,8658747392,9862657632
1786401929460,0,0,8658747392,9862657632
1786401929670,0,0,8658747392,9862657632
1786401929881,0,0,8658747392,9862657632
1786401930091,0,0,8658747392,9862674016
1786401930303,0,0,8658747392,9862657632
1786401930508,0,0,8658747392,9862657632
1786401930731,0,0,8658747392,9862657632
1786401930938,0,0,8658747392,9862657632
1786401931139,0,0,8658747392,9862657632
1786401931350,0,0,8658747392,9862657632
1786401931560,0,0,8658747392,9862657632
1786401931764,0,0,8658747392,9862657632
1786401931976,0,0,8658747392,9862657632
1786401932186,0,0,8658747392,9862657632
1786401932397,0,0,8658747392,9862657632
1786401932608,0,0,8658747392,9862657632
1786401932819,0,0,8658747392,9862657632
1786401933023,0,0,8658747392,9862674016
1786401933232,0,0,8658747392,9862657632
1786401933443,0,0,8658747392,9862657632
1786401933654,0,0,8658747392,9862657632
1786401933865,0,0,8658747392,9862657632
1786401934076,0,0,8658747392,9862657632
1786401934282,0,0,8658747392,9862657632
1786401934493,0,0,8658747392,9862657632
1786401934699,0,0,8658747392,9862657632
1786401934901,0,0,8658747392,9862657632
1786401935112,0,0,8658747392,9862657632
1786401935321,0,0,8658747392,9862657632
1786401935528,0,0,8658747392,9862674016
1786401935739,0,0,8658747392,9862674016
1786401935941,0,0,8658747392,9862657632
1786401936152,0,0,8658747392,9862657632
1786401936355,0,0,8658747392,9862657632
1786401936558,0,0,8658747392,9862674016
1786401936767,0,0,8658747392,9862657632
1786401936972,0,0,8658747392,9862657632
1786401937182,0,0,8658747392,9862657632
1786401937394,0,0,8658747392,9862657632
1786401937599,0,0,8658747392,9862657632
1786401937808,0,0,8658747392,9862657632
1786401938017,0,0,8658747392,9862657632
1786401938225,0,0,8658747392,9862657632
1786401938433,0,0,8658747392,9862657632
1786401938644,0,0,8658747392,9862657632
1786401938846,0,0,8658747392,9862674016
1786401939051,0,0,8658747392,9862657632
1786401939262,0,0,8658747392,9862657632
1786401939472,0,0,8658747392,9862657632
1786401939683,0,0,8658747392,9862657632
1786401939894,0,0,8658747392,9862657632
1786401940104,0,0,8658747392,9862657632
1786401940313,0,0,8658747392,9862657632
1786401940521,0,0,8658747392,9862674016
1786401940743,0,0,8658747392,9862657632
1786401940950,0,0,8658747392,9862657632
1786401941161,0,0,8658747392,9862657632
1786401941368,0,0,8658747392,9862657632
1786401941574,0,0,8658747392,9862657632
1786401941786,0,0,8658747392,9862657632
1786401941996,0,0,8658747392,9862657632
1786401942205,0,0,8658747392,9862657632
1786401942411,0,0,8658747392,9862657632
1786401942616,0,0,8658747392,9862657632
1786401942828,0,0,8658747392,9862657632
1786401943038,0,0,8658747392,9862674016
1786401943242,0,0,8658747392,9862657632
1786401943445,0,0,8658747392,9862674016
1786401943654,0,0,8658747392,9862674016
1786401943864,0,0,8658747392,9862657632
1786401944074,0,0,8658747392,9862657632
1786401944279,0,0,8658747392,9862657632
1786401944490,0,0,8658747392,9862657632
1786401944701,0,0,8658747392,9862657632
1786401944912,0,0,8658747392,9862657632
1786401945121,0,0,8658747392,9862674016
1786401945323,0,0,8658747392,9862674016
1786401945530,0,0,8658747392,9862657632
1786401945731,0,0,8658747392,9862657632
1786401945942,0,0,8658747392,9862657632
1786401946151,0,0,8658747392,9862657632
1786401946355,0,0,8658747392,9862657632
1786401946565,0,0,8658747392,9862657632
1786401946770,0,0,8658747392,9862657632
1786401946980,0,0,8658747392,9862657632
1786401947184,0,0,8658747392,9862657632
1786401947389,0,0,8658747392,9862657632
1786401947596,0,0,8658747392,9862674016
1786401947803,0,0,8658747392,9862657632
1786401948008,0,0,8658747392,9862657632
1786401948219,0,0,8658747392,9862657632
1786401948430,0,0,8658747392,9862674016
1786401948641,0,0,8658747392,9862657632
1786401948848,0,0,8658747392,9862657632
1786401949055,0,0,8658747392,9862657632
1786401949265,0,0,8658747392,9862657632
1786401949468,0,0,8658747392,9862657632
1786401949679,0,0,8658747392,9862657632
1786401949886,0,0,8658747392,9862657632
1786401950092,0,0,8658747392,9862657632
1786401950300,0,0,8658747392,9862674016
1786401950503,0,0,8658747392,9862657632
1786401950705,0,0,8658747392,9862657632
1786401950927,0,0,8658747392,9862657632
1786401951136,0,0,8658747392,9862657632
1786401951341,0,0,8658747392,9862657632
1786401951542,0,0,8658747392,9862674016
1786401951746,0,0,8658747392,9862657632
1786401951957,0,0,8658747392,9862657632
1786401952168,0,0,8658747392,9862657632
1786401952380,0,0,8658747392,9862657632
1786401952586,0,0,8658747392,9862657632
1786401952795,0,0,8658747392,9862657632
1786401953005,0,0,8658747392,9862657632
1786401953216,0,0,8658747392,9862674016
1786401953418,0,0,8658747392,9862657632
1786401953628,0,0,8658747392,9862657632
1786401953840,0,0,8658747392,9862657632
1786401954051,0,0,8658747392,9862657632
1786401954254,0,0,8658747392,9862657632
1786401954465,0,0,8658747392,9862674016
1786401954676,0,0,8658747392,9862674016
1786401954878,0,0,8658747392,9862674016
1786401955085,0,0,8658747392,9862657632
1786401955287,0,0,8658747392,9862657632
1786401955498,0,0,8658747392,9862657632
1786401955709,0,0,8658747392,9862657632
1786401955921,0,0,8658747392,9862674016
1786401956132,0,0,8658747392,9862657632
1786401956342,0,0,8658747392,9862674016
1786401956549,0,0,8658747392,9862657632
1786401956760,0,0,8658747392,9862657632
1786401956971,0,0,8658747392,9862657632
1786401957181,0,0,8658747392,9862657632
1786401957393,0,0,8658747392,9862657632
1786401957597,0,0,8658747392,9862674016
1786401957800,0,0,8658747392,9862657632
1786401958006,0,0,8658747392,9862657632
1786401958207,0,0,8658747392,9862657632
1786401958419,0,0,8658747392,9862657632
1786401958627,0,0,8658747392,9862657632
1786401958838,0,0,8658747392,9862674016
1786401959049,0,0,8658747392,9862657632
1786401959260,0,0,8658747392,9862657632
1786401959471,0,0,8658747392,9862674016
1786401959675,0,0,8658747392,9862657632
1786401959886,0,0,8658747392,9862674016
1786401960091,0,0,8658747392,9862657632
1786401960293,0,0,8658747392,9862657632
1786401960504,0,0,8658747392,9862657632
1786401960715,0,0,8658747392,9862657632
1786401960948,0,0,8658747392,9862674016
1786401961158,0,0,8658747392,9862657632
1786401961368,0,0,8658747392,9862657632
1786401961571,0,0,8658747392,9862657632
1786401961782,0,0,8658747392,9862657632
1786401961994,0,0,8658747392,9862674016
1786401962205,0,0,8658747392,9862657632
1786401962409,0,0,8658747392,9862657632
1786401962614,0,0,8658747392,9862657632
1786401962815,0,0,8658747392,9862657632
1786401963026,0,0,8658747392,9862657632
1786401963235,0,0,8658747392,9862657632
1786401963447,0,0,8658747392,9862674016
1786401963655,0,0,8658747392,9862657632
1786401963866,0,0,8658747392,9862657632
1786401964076,0,0,8658747392,9862657632
1786401964288,0,0,8658747392,9862657632
1786401964495,0,0,8658747392,9862657632
1786401964705,0,0,8658747392,9862657632
1786401964913,0,0,8658747392,9862674016
1786401965124,0,0,8658747392,9862657632
1786401965334,0,0,8658747392,9862657632
1786401965546,0,0,8658747392,9862657632
1786401965751,0,0,8658747392,9862657632
1786401965957,0,0,8658747392,9862657632
1786401966162,0,0,8658747392,9862657632
1786401966365,0,0,8658747392,9862657632
1786401966576,0,0,8658747392,9862657632
1786401966778,0,0,8658747392,9862674016
1786401966986,0,0,8658747392,9862657632
1786401967195,0,0,8658747392,9862657632
1786401967406,0,0,8658747392,9862657632
1786401967611,0,0,8658747392,9862657632
1786401967823,0,0,8658747392,9862674016
1786401968026,0,0,8658747392,9862674016
1786401968235,0,0,8658747392,9862674016
1786401968446,0,0,8658747392,9862674016
1786401968647,0,0,8658747392,9862674016
1786401968857,0,0,8658747392,9862674016
1786401969068,0,0,8658747392,9862674016
1786401969278,0,0,8658747392,9862690400
1786401969490,0,0,8658747392,9862690400
1786401969693,0,0,8658747392,9862739552
1786401969899,0,0,8658747392,9862739552
1786401970104,0,0,8658747392,9862739552
1786401970315,0,0,8658747392,9862739552
1786401970524,0,0,8658747392,9862739552
1786401970736,0,0,8658747392,9862739552
1786401970962,0,0,8658747392,9862739552
1786401971166,0,0,8658747392,9862739552
1786401971377,0,0,8658747392,9862739552
1786401971588,0,0,8658747392,9862739552
1786401971794,0,0,8658747392,9862755936
1786401972005,0,0,8658747392,9862755936
1786401972210,0,0,8658747392,9862739552
1786401972421,0,0,8658747392,9862739552
1786401972630,0,0,8658747392,9862739552
1786401972837,0,0,8658747392,9862739552
1786401973042,0,0,8658747392,9862739552
1786401973248,0,0,8658747392,9862739552
1786401973451,0,0,8658747392,9862755936
1786401973653,0,0,8658747392,9862739552
1786401973865,0,0,8658747392,9862755936
1786401974070,0,0,8658747392,9862739552
1786401974278,0,0,8658747392,9862739552
1786401974490,0,0,8658747392,9862739552
1786401974694,0,0,8658747392,9862739552
1786401974901,0,0,8658747392,9862739552
1786401975112,0,0,8658747392,9862755936
1786401975321,0,0,8658747392,9862755936
1786401975529,0,0,8658747392,9862755936
1786401975736,0,0,8658747392,9862739552
1786401975946,0,0,8658747392,9862739552
1786401976150,0,0,8658747392,9862739552
1786401976361,0,0,8658747392,9862739552
1786401976564,0,0,8658747392,9862755936
1786401976766,0,0,8658747392,9862739552
1786401976972,0,0,8658747392,9862755936
1786401977174,0,0,8658747392,9862739552
1786401977384,0,0,8658747392,9862739552
1786401977595,0,0,8658747392,9862739552
1786401977805,0,0,8658747392,9862739552
1786401978011,0,0,8658747392,9862739552
1786401978220,0,0,8658747392,9862739552
1786401978424,0,0,8658747392,9862739552
1786401978633,0,0,8658747392,9862739552
1786401978844,0,0,8658747392,9862739552
1786401979051,0,0,8658747392,9862739552
1786401979260,0,0,8658747392,9862739552
1786401979464,0,0,8658747392,9862739552
1786401979673,0,0,8658747392,9862739552
1786401979884,0,0,8658747392,9862739552
1786401980094,0,0,8658747392,9862739552
1786401980296,0,0,8658747392,9862739552
1786401980505,0,0,8658747392,9862755936
1786401980709,0,0,8658747392,9862755936
1786401980914,0,0,8658747392,9862739552
1786401981129,0,0,8658747392,9862739552
1786401981336,0,0,8658747392,9862739552
1786401981539,0,0,8658747392,9862755936
1786401981748,0,0,8658747392,9862739552
1786401981958,0,0,8658747392,9862739552
1786401982161,0,0,8658747392,9862739552
1786401982372,0,0,8658747392,9862739552
1786401982578,0,0,8658747392,9862739552
1786401982784,0,0,8658747392,9862739552
1786401982992,0,0,8658747392,9862739552
1786401983194,0,0,8658747392,9862739552
1786401983403,0,0,8658747392,9862739552
1786401983614,0,0,8658747392,9862739552
1786401983825,0,0,8658747392,9862739552
1786401984036,0,0,8658747392,9862739552
1786401984245,0,0,8658747392,9862739552
1786401984448,0,0,8658747392,9862739552
1786401984658,0,0,8658747392,9862739552
1786401984869,0,0,8658747392,9862755936
1786401985076,0,0,8658747392,9862755936
1786401985284,0,0,8658747392,9862739552
1786401985495,0,0,8658747392,9862739552
1786401985698,0,0,8658747392,9862739552
1786401985909,0,0,8658747392,9862739552
1786401986120,0,0,8658747392,9862739552
1786401986331,0,0,8658747392,9862755936
1786401986536,0,0,8658747392,9862755936
1786401986739,0,0,8658747392,9862739552
1786401986945,0,0,8658747392,9862739552
1786401987156,0,0,8658747392,9862739552
1786401987366,0,0,8658747392,9862739552
1786401987577,0,0,8658747392,9862739552
1786401987789,0,0,8658747392,9862739552
1786401987993,0,0,8658747392,9862739552
1786401988194,0,0,8658747392,9862739552
1786401988405,0,0,8658747392,9862739552
1786401988616,0,0,8658747392,9862739552
1786401988825,0,0,8658747392,9862739552
1786401989037,0,0,8658747392,9862739552
1786401989246,0,0,8658747392,9862755936
1786401989453,0,0,8658747392,9862739552
1786401989664,0,0,8658747392,9862755936
1786401989876,0,0,8658747392,9862739552
1786401990078,0,0,8658747392,9862739552
1786401990282,0,0,8658747392,9862755936
1786401990491,0,0,8658747392,9862739552
1786401990702,0,0,8658747392,9862739552
1786401990913,0,0,8658747392,9862739552
1786401991124,0,0,8658747392,9862739552
1786401991353,0,0,8658747392,9862739552
1786401991557,0,0,8658747392,9862755936
1786401991767,0,0,8658747392,9862739552
1786401991978,0,0,8658747392,9862739552
1786401992189,0,0,8658747392,9862739552
1786401992394,0,0,8658747392,9862739552
1786401992597,0,0,8658747392,9862739552
1786401992806,0,0,8658747392,9862755936
1786401993017,0,0,8658747392,9862739552
1786401993227,0,0,8658747392,9862739552
1786401993439,0,0,8658747392,9862739552
1786401993649,0,0,8658747392,9862739552
1786401993859,0,0,8658747392,9862739552
1786401994070,0,0,8658747392,9862739552
1786401994280,0,0,8658747392,9862739552
1786401994491,0,0,8658747392,9862739552
1786401994704,0,0,8658747392,9862739552
1786401994913,0,0,8658747392,9862739552
1786401995121,0,0,8658747392,9862739552
1786401995330,0,0,8658747392,9862755936
1786401995540,0,0,8658747392,9862739552
1786401995751,0,0,8658747392,9862739552
1786401995962,0,0,8658747392,9862739552
1786401996173,0,0,8658747392,9862739552
1786401996384,0,0,8658747392,9862739552
1786401996588,0,0,8658747392,9862739552
1786401996789,0,0,8658747392,9862739552
1786401997000,0,0,8658747392,9862739552
1786401997208,0,0,8658747392,9862739552
1786401997418,0,0,8658747392,9862772320
1786401997629,0,0,8658747392,9862739552
1786401997840,0,0,8658747392,9862739552
1786401998050,0,0,8658747392,9862739552
1786401998262,0,0,8658747392,9862739552
1786401998473,0,0,8658747392,9862739552
1786401998679,0,0,8658747392,9862739552
1786401998882,0,0,8658747392,9862755936
1786401999091,0,0,8658747392,9862739552
1786401999294,0,0,8658747392,9862739552
1786401999505,0,0,8658747392,9862739552
1786401999707,0,0,8658747392,9862739552
1786401999913,0,0,8658747392,9862739552
1786402000124,0,0,8658747392,9862739552
1786402000328,0,0,8658747392,9862739552
1786402000536,0,0,8658747392,9862755936
1786402000747,0,0,8658747392,9862755936
1786402000955,0,0,8658747392,9862772320
1786402001158,0,0,8658747392,9862772320
1786402001385,0,0,8658747392,9862788704
1786402001595,0,0,8658747392,9862772320
1786402001806,0,0,8658747392,9862772320
1786402002014,0,0,8658747392,9862788704
1786402002224,0,0,8658747392,9862772320
1786402002435,0,0,8658747392,9862772320
1786402002637,0,0,8658747392,9862772320
1786402002847,0,0,8658747392,9862772320
1786402003058,0,0,8658747392,9862772320
1786402003260,0,0,8658747392,9862772320
1786402003464,0,0,8658747392,9862772320
1786402003674,0,0,8658747392,9862772320
1786402003876,0,0,8658747392,9862772320
1786402004079,0,0,8658747392,9862772320
1786402004290,0,0,8658747392,9862772320
1786402004498,0,0,8658747392,9862788704
1786402004704,0,0,8658747392,9862788704
1786402004919,0,0,8658747392,9862772320
1786402005130,0,0,8658747392,9862772320
1786402005340,0,0,8658747392,9862772320
1786402005552,0,0,8658747392,9862772320
1786402005757,0,0,8658747392,9862772320
1786402005964,0,0,8658747392,9862772320
1786402006174,0,0,8658747392,9862772320
1786402006375,0,0,8658747392,9862772320
1786402006586,0,0,8658747392,9862772320
1786402006797,0,0,8658747392,9862772320
1786402007008,0,0,8658747392,9862772320
1786402007215,0,0,8658747392,9862788704
1786402007425,0,0,8658747392,9862772320
1786402007625,0,0,8658747392,9862772320
1786402007836,0,0,8658747392,9862772320
1786402008047,0,0,8658747392,9862772320
1786402008256,0,0,8658747392,9862772320
1786402008465,0,0,8658747392,9862772320
1786402008675,0,0,8658747392,9862772320
1786402008885,0,0,8658747392,9862772320
1786402009089,0,0,8658747392,9862772320
1786402009300,0,0,8658747392,9862772320
1786402009505,0,0,8658747392,9862772320
1786402009716,0,0,8658747392,9862772320
1786402009926,0,0,8658747392,9862772320
1786402010127,0,0,8658747392,9862772320
1786402010338,0,0,8658747392,9862772320
1786402010550,0,0,8658747392,9862772320
1786402010760,0,0,8658747392,9862772320
1786402010962,0,0,8658747392,9862772320
1786402011168,0,0,8658747392,9862772320
1786402011388,0,0,8658747392,9862772320
1786402011599,0,0,8658747392,9862772320
1786402011809,0,0,8658747392,9862788704
1786402012015,0,0,8658747392,9862788704
1786402012221,0,0,8658747392,9862788704
1786402012432,0,0,8658747392,9862772320
1786402012642,0,0,8658747392,9862772320
1786402012854,0,0,8658747392,9862788704
1786402013064,0,0,8658747392,9862788704
1786402013269,0,0,8658747392,9862772320
1786402013480,0,0,8658747392,9862772320
1786402013682,0,0,8658747392,9862772320
1786402013893,0,0,8658747392,9862772320
1786402014104,0,0,8658747392,9862772320
1786402014315,0,0,8658747392,9862772320
1786402014527,0,0,8658747392,9862772320
1786402014736,0,0,8658747392,9862772320
1786402014944,0,0,8658747392,9862772320
1786402015146,0,0,8658747392,9862772320
1786402015357,0,0,8658747392,9862788704
1786402015566,0,0,8658747392,9862772320
1786402015774,0,0,8658747392,9862772320
1786402015985,0,0,8658747392,9862788704
1786402016187,0,0,8658747392,9862772320
1786402016399,0,0,8658747392,9862772320
1786402016601,0,0,8658747392,9862772320
1786402016809,0,0,8658747392,9862788704
1786402017020,0,0,8658747392,9862772320
1786402017225,0,0,8658747392,9862772320
1786402017436,0,0,8658747392,9862772320
1786402017647,0,0,8658747392,9862772320
1786402017855,0,0,8658747392,9862772320
1786402018061,0,0,8658747392,9862772320
1786402018270,0,0,8658747392,9862772320
1786402018472,0,0,8658747392,9862772320
1786402018683,0,0,8658747392,9862772320
1786402018894,0,0,8658747392,9862772320
1786402019105,0,0,8658747392,9862772320
1786402019308,0,0,8658747392,9862772320
1786402019522,0,0,8658747392,9862772320
1786402019732,0,0,8658747392,9862772320
1786402019936,0,0,8658747392,9862772320
1786402020147,0,0,8658747392,9862772320
1786402020350,0,0,8658747392,9862772320
1786402020561,0,0,8658747392,9862788704
1786402020773,0,0,8658747392,9862772320
1786402020984,0,0,8658747392,9862772320
1786402021187,0,0,8658747392,9862772320
1786402021407,0,0,8658747392,9862772320
1786402021612,0,0,8658747392,9862772320
1786402021818,0,0,8658747392,9862772320
1786402022029,0,0,8658747392,9862772320
1786402022231,0,0,8658747392,9862772320
1786402022441,0,0,8658747392,9862772320
1786402022653,0,0,8658747392,9862788704
1786402022858,0,0,8658747392,9862772320
1786402023061,0,0,8658747392,9862772320
1786402023267,0,0,8658747392,9862772320
1786402023477,0,0,8658747392,9862772320
1786402023678,0,0,8658747392,9862772320
1786402023890,0,0,8658747392,9862772320
1786402024097,0,0,8658747392,9862772320
1786402024304,0,0,8658747392,9862772320
1786402024511,0,0,8658747392,9862788704
1786402024716,0,0,8658747392,9862772320
1786402024927,0,0,8658747392,9862772320
1786402025130,0,0,8658747392,9862772320
1786402025340,0,0,8658747392,9862772320
1786402025548,0,0,8658747392,9862788704
1786402025755,0,0,8658747392,9862772320
1786402025964,0,0,8658747392,9862772320
1786402026175,0,0,8658747392,9862772320
1786402026386,0,0,8658747392,9862772320
1786402026598,0,0,8658747392,9862788704
1786402026806,0,0,8658747392,9862788704
1786402027010,0,0,8658747392,9862772320
1786402027219,0,0,8658747392,9862772320
1786402027430,0,0,8658747392,9862772320
1786402027635,0,0,8658747392,9862788704
1786402027845,0,0,8658747392,9862788704
1786402028055,0,0,8658747392,9862821472
1786402028266,0,0,8658747392,9862821472
1786402028469,0,0,8658747392,9862821472
1786402028681,0,0,8658747392,9862821472
1786402028884,0,0,8658747392,9862821472
1786402029090,0,0,8658747392,9862837856
1786402029293,0,0,8658747392,9862821472
1786402029504,0,0,8658747392,9862821472
1786402029711,0,0,8658747392,9862821472
1786402029922,0,0,8658747392,9862821472
1786402030127,0,0,8658747392,9862821472
1786402030333,0,0,8658747392,9862821472
1786402030540,0,0,8658747392,9862821472
1786402030747,0,0,8658747392,9862821472
1786402030957,0,0,8658747392,9862821472
1786402031168,0,0,8658747392,9862821472
1786402031377,0,0,8658747392,9862821472
1786402031605,0,0,8658747392,9862821472
1786402031810,0,0,8658747392,9862821472
1786402032020,0,0,8658747392,9862821472
1786402032231,0,0,8658747392,9862821472
1786402032436,0,0,8658747392,9862821472
1786402032638,0,0,8658747392,9862821472
1786402032843,0,0,8658747392,9862821472
1786402033055,0,0,8658747392,9862821472
1786402033256,0,0,8658747392,9862821472
1786402033467,0,0,8658747392,9862821472
1786402033673,0,0,8658747392,9862821472
1786402033885,0,0,8658747392,9862837856
1786402034094,0,0,8658747392,9862821472
1786402034297,0,0,8658747392,9862821472
1786402034508,0,0,8658747392,9862821472
1786402034719,0,0,8658747392,9862821472
1786402034922,0,0,8658747392,9862821472
1786402035126,0,0,8658747392,9862821472
1786402035336,0,0,8658747392,9862821472
1786402035537,0,0,8658747392,9862821472
1786402035748,0,0,8658747392,9862821472
1786402035959,0,0,8658747392,9862821472
1786402036163,0,0,8658747392,9862821472
1786402036372,0,0,8658747392,9862821472
1786402036581,0,0,8658747392,9862821472
1786402036787,0,0,8658747392,9862821472
1786402036998,0,0,8658747392,9862821472
1786402037209,0,0,8658747392,9862821472
1786402037418,0,0,8658747392,9862821472
1786402037627,0,0,8658747392,9862821472
1786402037832,0,0,8658747392,9862821472
1786402038036,0,0,8658747392,9862821472
1786402038240,0,0,8658747392,9862821472
1786402038451,0,0,8658747392,9862821472
1786402038655,0,0,8658747392,9862821472
1786402038865,0,0,8658747392,9862821472
1786402039076,0,0,8658747392,9862837856
1786402039280,0,0,8658747392,9862821472
1786402039491,0,0,8658747392,9862821472
1786402039698,0,0,8658747392,9862837856
1786402039909,0,0,8658747392,9862821472
1786402040121,0,0,8658747392,9862821472
1786402040331,0,0,8658747392,9862821472
1786402040542,0,0,8658747392,9862821472
1786402040753,0,0,8658747392,9862821472
1786402040961,0,0,8658747392,9862821472
1786402041163,0,0,8658747392,9862821472
1786402041371,0,0,8658747392,9862821472
1786402041578,0,0,8658747392,9862821472
1786402041789,0,0,8658747392,9862821472
1786402042000,0,0,8658747392,9862821472
1786402042209,0,0,8658747392,9862837856
1786402042421,0,0,8658747392,9862837856
1786402042630,0,0,8658747392,9862821472
1786402042835,0,0,8658747392,9862821472
1786402043046,0,0,8658747392,9862821472
1786402043257,0,0,8658747392,9862821472
1786402043467,0,0,8658747392,9862821472
1786402043678,0,0,8658747392,9862821472
1786402043883,0,0,8658747392,9862821472
1786402044087,0,0,8658747392,9862821472
1786402044298,0,0,8658747392,9862821472
1786402044509,0,0,8658747392,9862821472
1786402044720,0,0,8658747392,9862821472
1786402044927,0,0,8658747392,9862821472
1786402045138,0,0,8658747392,9862821472
1786402045345,0,0,8658747392,9862821472
1786402045556,0,0,8658747392,9862821472
1786402045768,0,0,8658747392,9862837856
1786402045975,0,0,8658747392,9862821472
1786402046186,0,0,8658747392,9862837856
1786402046393,0,0,8658747392,9862821472
1786402046599,0,0,8658747392,9862821472
1786402046810,0,0,8658747392,9862821472
1786402047021,0,0,8658747392,9862821472
1786402047223,0,0,8658747392,9862821472
1786402047432,0,0,8658747392,9862837856
1786402047634,0,0,8658747392,9862821472
1786402047835,0,0,8658747392,9862821472
1786402048046,0,0,8658747392,9862821472
1786402048255,0,0,8658747392,9862821472
1786402048460,0,0,8658747392,9862837856
1786402048667,0,0,8658747392,9862821472
1786402048868,0,0,8658747392,9862821472
1786402049078,0,0,8658747392,9862821472
1786402049290,0,0,8658747392,9862821472
1786402049498,0,0,8658747392,9862837856
1786402049704,0,0,8658747392,9862821472
1786402049908,0,0,8658747392,9862821472
1786402050115,0,0,8658747392,9862821472
1786402050326,0,0,8658747392,9862821472
1786402050537,0,0,8658747392,9862821472
1786402050748,0,0,8658747392,9862837856
1786402050959,0,0,8658747392,9862821472
1786402051170,0,0,8658747392,9862821472
1786402051372,0,0,8658747392,9862821472
1786402051582,0,0,8658747392,9862821472
1786402051811,0,0,8658747392,9862837856
1786402052023,0,0,8658747392,9862821472
1786402052226,0,0,8658747392,9862821472
1786402052436,0,0,8658747392,9862837856
1786402052638,0,0,8658747392,9913710176
1786402052849,0,0,8658747392,9913710176
1786402053060,0,0,8658747392,9913710176
1786402053266,0,0,8658747392,9913710176
1786402053473,0,0,8658747392,9913710176
1786402053684,0,0,8658747392,9913710176
1786402053884,0,0,8658747392,9913710176
1786402054095,0,0,8658747392,9913710176
1786402054311,0,0,8658747392,9913726560
1786402054522,0,0,8658747392,9913710176
1786402054729,0,0,8658747392,9913710176
1786402054930,0,0,8658747392,9913710176
1786402055132,0,0,8658747392,9913710176
1786402055343,0,0,8658747392,9913710176
1786402055550,0,0,8658747392,9913710176
1786402055756,0,0,8658747392,9913710176
1786402055966,0,0,8658747392,9913710176
1786402056172,0,0,8658747392,9913710176
1786402056375,0,0,8658747392,9913710176
1786402056587,0,0,8658747392,9913710176
1786402056798,0,0,8658747392,9913710176
1786402057010,0,0,8658747392,9913710176
1786402057214,0,0,8658747392,9913710176
1786402057418,0,0,8658747392,9913710176
1786402057628,0,0,8658747392,9913710176
1786402057840,0,0,8658747392,9913710176
1786402058050,0,0,8658747392,9913710176
1786402058260,0,0,8658747392,9913710176
1786402058466,0,0,8658747392,9913710176
1786402058667,0,0,8658747392,9913710176
1786402058869,0,0,8658747392,9913710176
1786402059080,0,0,8658747392,9913710176
1786402059291,0,0,8658747392,9913726560
1786402059501,0,0,8658747392,9913710176
1786402059705,0,0,8658747392,9913710176
1786402059910,0,0,8658747392,9913710176
1786402060121,0,0,8658747392,9913710176
1786402060331,0,0,8658747392,9913710176
1786402060543,0,0,8658747392,9913710176
1786402060755,0,0,8658747392,9913710176
1786402060964,0,0,8658747392,9913710176
1786402061174,0,0,8658747392,9913710176
1786402061378,0,0,8658747392,9913710176
1786402061589,0,0,8658747392,9913710176
1786402061822,0,0,8658747392,9913710176
1786402062033,0,0,8658747392,9913710176
1786402062239,0,0,8658747392,9913710176
1786402062440,0,0,8658747392,9913710176
1786402062651,0,0,8658747392,9913710176
1786402062861,0,0,8658747392,9913726560
1786402063072,0,0,8658747392,9913710176
1786402063277,0,0,8658747392,9913710176
1786402063487,0,0,8658747392,9913710176
1786402063692,0,0,8658747392,9913710176
1786402063903,0,0,8658747392,9913710176
1786402064111,0,0,8658747392,9913726560
1786402064319,0,0,8658747392,9913710176
1786402064530,0,0,8658747392,9913710176
1786402064740,0,0,8658747392,9913710176
1786402064945,0,0,8658747392,9913710176
1786402065156,0,0,8658747392,9913710176
1786402065367,0,0,8658747392,9913710176
1786402065571,0,0,8658747392,9913710176
1786402065773,0,0,8658747392,9913710176
1786402065982,0,0,8658747392,9913710176
1786402066193,0,0,8658747392,9913710176
1786402066404,0,0,8658747392,9913710176
1786402066615,0,0,8658747392,9913710176
1786402066819,0,0,8658747392,9913710176
1786402067030,0,0,8658747392,9913710176
1786402067240,0,0,8658747392,9913710176
1786402067452,0,0,8658747392,9913710176
1786402067657,0,0,8658747392,9913710176
1786402067861,0,0,8658747392,9913710176
1786402068072,0,0,8658747392,9913710176
1786402068275,0,0,8658747392,9913726560
1786402068486,0,0,8658747392,9913710176
1786402068696,0,0,8658747392,9913710176
1786402068907,0,0,8658747392,9913710176
1786402069117,0,0,8658747392,9913710176
1786402069325,0,0,8658747392,9913710176
1786402069532,0,0,8658747392,9913710176
1786402069733,0,0,8658747392,9913710176
1786402069944,0,0,8658747392,9913710176
1786402070155,0,0,8658747392,9913710176
1786402070363,0,0,8658747392,9913710176
1786402070575,0,0,8658747392,9913710176
1786402070776,0,0,8658747392,9913710176
1786402070987,0,0,8658747392,9913710176
1786402071198,0,0,8658747392,9913726560
1786402071410,0,0,8658747392,9913726560
1786402071618,0,0,8658747392,9913710176
1786402071846,0,0,8658747392,9913710176
1786402072048,0,0,8658747392,9913710176
1786402072254,0,0,8658747392,9913710176
1786402072465,0,0,8658747392,9913710176
1786402072671,0,0,8658747392,9913710176
1786402072883,0,0,8658747392,9913710176
1786402073085,0,0,8658747392,9913710176
1786402073296,0,0,8658747392,9913710176
1786402073507,0,0,8658747392,9913710176
1786402073718,0,0,8658747392,9913710176
1786402073929,0,0,8658747392,9913710176
1786402074141,0,0,8658747392,9913710176
1786402074352,0,0,8658747392,9913710176
1786402074563,0,0,8658747392,9913710176
1786402074774,0,0,8658747392,9913710176
1786402074985,0,0,8658747392,9913710176
1786402075196,0,0,8658747392,9913710176
1786402075405,0,0,8658747392,9913710176
1786402075610,0,0,8658747392,9913710176
1786402075820,0,0,8658747392,9913710176
1786402076029,0,0,8658747392,9913710176
1786402076236,0,0,8658747392,9913726560
1786402076445,0,0,8658747392,9913726560
1786402076653,0,0,8658747392,9913710176
1786402076863,0,0,8658747392,9913710176
1786402077067,0,0,8658747392,9913710176
1786402077278,0,0,8658747392,9913710176
1786402077485,0,0,8658747392,9913726560
1786402077688,0,0,8658747392,9913710176
1786402077891,0,0,8658747392,9913710176
1786402078102,0,0,8658747392,9913710176
1786402078310,0,0,8658747392,9913710176
1786402078521,0,0,8658747392,9913710176
1786402078734,268435456,4194304,8662941696,9908958816
1786402078955,268435456,268435456,8927182848,9766827616
1786402079166,268435456,268435456,8927182848,9766827616
1786402079367,268435456,268435456,8927182848,9766827616
1786402079578,268435456,268435456,8927182848,9766827616
1786402079789,268435456,268435456,8927182848,9766827616
1786402079996,268435456,268435456,8927182848,9766827616
1786402080207,268435456,268435456,8927182848,9766827616
1786402080409,268435456,268435456,8927182848,9766827616
1786402080619,268435456,268435456,8927182848,9766827616
1786402080830,536870912,425721856,9084567552,9648551520
1786402081040,536870912,536870912,9195618304,9550706272
1786402081251,536870912,536870912,9195618304,9550706272
1786402081461,536870912,536870912,9195618304,9550706272
1786402081669,536870912,536870912,9195618304,9550706272
1786402081871,536870912,536870912,9195618304,9550706272
1786402082082,536870912,536870912,9195618304,9550706272
1786402082286,536870912,536870912,9195618304,9550706272
1786402082490,536870912,536870912,9195618304,9550706272
1786402082691,536870912,536870912,9195618304,9550706272
1786402082895,805306368,686817280,9345564672,9467754080
1786402083100,805306368,805306368,9464053760,9469638240
1786402083311,805306368,805306368,9464053760,9469638240
1786402083519,805306368,805306368,9464053760,9469638240
1786402083726,805306368,805306368,9464053760,9469654624
1786402083935,805306368,805306368,9464053760,9469638240
1786402084139,805306368,805306368,9464053760,9470113376
1786402084347,805306368,805306368,9464053760,9470113376
1786402084558,805306368,805306368,9464053760,9470113376
1786402084765,805306368,805306368,9464053760,9470129760
1786402084967,1073741824,1028653056,9688236032,9470260832
1786402085178,1073741824,1073741824,9732489216,9469916768
1786402085386,1073741824,1073741824,9732489216,9469916768
1786402085596,1073741824,1073741824,9732489216,9469916768
1786402085807,1073741824,1073741824,9732489216,9469916768
1786402086018,1073741824,1073741824,9732489216,9469916768
1786402086229,1073741824,1073741824,9732489216,9469916768
1786402086440,1073741824,1073741824,9732489216,9469916768
1786402086650,1073741824,1073741824,9732489216,9469949536
1786402086857,1342177280,1174405120,9833267200,9470490208
1786402087059,1342177280,1342177280,10000924672,9469949536
1786402087270,1342177280,1342177280,10000924672,9469949536
1786402087480,1342177280,1342177280,10000924672,9469949536
1786402087685,1342177280,1342177280,10000924672,9469949536
1786402087896,1342177280,1342177280,10000924672,9470162528
1786402088107,1342177280,1342177280,10000924672,9470162528
1786402088318,1342177280,1342177280,10000924672,9470178912
1786402088522,1342177280,1342177280,10000924672,9470178912
1786402088728,1342177280,1342177280,10000924672,9470178912
1786402088939,1610612736,1474297856,10133045248,9470637664
1786402089149,1610612736,1610612736,10269360128,9469736544
1786402089360,1610612736,1610612736,10269360128,9469736544
1786402089568,1610612736,1610612736,10269360128,9469736544
1786402089769,1610612736,1610612736,10269360128,9469736544
1786402089975,1610612736,1610612736,10269360128,9469736544
1786402090178,1610612736,1610612736,10269360128,9469736544
1786402090388,1610612736,1610612736,10269360128,9469736544
1786402090601,1610612736,1610612736,10269360128,9469752928
1786402090805,1610612736,1610612736,10269360128,9469736544
1786402091012,1879048192,1868562432,10527457280,9708992096
1786402091223,1879048192,1879048192,10537795584,9724868192
1786402091433,1879048192,1879048192,10537795584,9724999264
1786402091634,1879048192,1879048192,10537795584,9770301024
1786402091845,1879048192,1879048192,10537795584,9770301024
1786402092055,1879048192,1879048192,10537795584,9770301024
1786402092264,1879048192,1879048192,10537795584,9770301024
1786402092469,1879048192,1879048192,10537795584,9770301024
1786402092676,1879048192,1879048192,10537795584,9770448480
1786402092882,2147483648,1953497088,10612768768,9914775136
1786402093093,2147483648,2147483648,10806231040,10259871328
1786402093304,2147483648,2147483648,10806231040,10259871328
1786402093507,2147483648,2147483648,10806231040,10259871328
1786402093719,2147483648,2147483648,10806231040,10259887712
1786402093923,2147483648,2147483648,10806231040,10259887712
1786402094125,2147483648,2147483648,10806231040,10259887712
1786402094336,2147483648,2147483648,10806231040,10259887712
1786402094548,2147483648,2147483648,10806231040,10259887712
1786402094756,2147483648,2147483648,10806231040,10259887712
1786402094957,2415919104,2259681280,10919116800,10259986016
1786402095168,2415919104,2415919104,11074666496,10543691360
1786402095373,2415919104,2415919104,11074666496,10543691360
1786402095584,2415919104,2415919104,11074666496,10543691360
1786402095788,2415919104,2415919104,11074666496,10543707744
1786402095999,2415919104,2415919104,11074666496,10543691360
1786402096206,2415919104,2415919104,11074666496,10543691360
1786402096412,2415919104,2415919104,11074666496,10543838816
1786402096623,2415919104,2415919104,11074666496,10543838816
1786402096831,2415919104,2415919104,11074666496,10543838816
1786402097032,2684354560,2621440000,11281235968,10546706016
1786402097236,2684354560,2684354560,11343101952,10547115616
1786402097447,2684354560,2684354560,11343101952,10547115616
1786402097652,2684354560,2684354560,11343101952,10547263072
1786402097854,2684354560,2684354560,11343101952,10547263072
1786402098065,2684354560,2684354560,11343101952,10547263072
1786402098271,2684354560,2684354560,11343101952,10547263072
1786402098478,2684354560,2684354560,11343101952,10547263072
1786402098686,2684354560,2684354560,11343101952,10547263072
1786402098897,2952790016,2724200448,11383570432,10547557984
1786402099104,2952790016,2952790016,11611537408,10548901472
1786402099315,2952790016,2952790016,11611537408,10548901472
1786402099519,2952790016,2952790016,11611537408,10548901472
1786402099727,2952790016,2952790016,11611537408,10548917856
1786402099938,2952790016,2952790016,11611537408,10548917856
1786402100142,2952790016,2952790016,11611537408,10549261920
1786402100352,2952790016,2952790016,11611537408,10549261920
1786402100563,2952790016,2952790016,11611537408,10549261920
1786402100771,2952790016,2952790016,11611537408,10549261920
1786402100972,3221225472,3033530368,11692441600,10549491296
1786402101182,3221225472,3221225472,11879972864,10548770400
1786402101393,3221225472,3221225472,11879972864,10548917856
1786402101597,3221225472,3221225472,11879972864,10548917856
1786402101808,3221225472,3221225472,11879972864,10548917856
1786402102016,3221225472,3221225472,11879972864,10548934240
1786402102219,3221225472,3221225472,11879972864,10548934240
1786402102428,3221225472,3221225472,11879972864,10548917856
1786402102638,3221225472,3221225472,11879972864,10549065312
1786402102843,3221225472,3221225472,11879972864,10549065312
1786402103053,3489660928,3399483392,12058542080,10534352480
1786402103260,3489660928,3489660928,12148408320,10520868448
1786402103471,3489660928,3489660928,12148408320,10520868448
1786402103678,3489660928,3489660928,12148408320,10520868448
1786402103881,3489660928,3489660928,12148408320,10521687648
1786402104084,3489660928,3489660928,12148408320,10521687648
1786402104293,3489660928,3489660928,12148408320,10521687648
1786402104495,3489660928,3489660928,12148408320,10521687648
1786402104703,3489660928,3489660928,12148408320,10521687648
1786402104917,3489660928,3489660928,12148408320,10521704032
1786402105120,3758096384,3735027712,12393938944,10530649696
1786402105331,3758096384,3758096384,12416843776,10529994336
1786402105540,3758096384,3758096384,12416843776,10529994336
1786402105748,3758096384,3758096384,12416843776,10529994336
1786402105950,3758096384,3758096384,12416843776,10529994336
1786402106154,3758096384,3758096384,12416843776,10529994336
1786402106365,3758096384,3758096384,12416843776,10530354784
1786402106576,3758096384,3758096384,12416843776,10530371168
1786402106785,3758096384,3758096384,12416843776,10530354784
1786402106993,4026531840,3801088000,12460883968,10530731616
1786402107204,4026531840,4026531840,12685279232,10522883680
1786402107411,4026531840,4026531840,12685279232,10523309664
1786402107622,4026531840,4026531840,12685279232,10523670112
1786402107833,4026531840,4026531840,12685279232,10523670112
1786402108040,4026531840,4026531840,12685279232,10523670112
1786402108246,4026531840,4026531840,12685279232,10523670112
1786402108456,4026531840,4026531840,12685279232,10523670112
1786402108665,4026531840,4026531840,12685279232,10523670112
1786402108876,4026531840,4026531840,12685279232,10523670112
1786402109076,4294967296,4208984064,12868616192,10523866720
1786402109277,4294967296,4294967296,12953714688,10523866720
1786402109489,4294967296,4294967296,12953714688,10523866720
1786402109691,4294967296,4294967296,12953714688,10523866720
1786402109892,4294967296,4294967296,12953714688,10523866720
1786402110102,4294967296,4294967296,12953714688,10524374624
1786402110308,4294967296,4294967296,12953714688,10524374624
1786402110519,4294967296,4294967296,12953714688,10524374624
1786402110720,4294967296,4294967296,12953714688,10524374624
1786402110930,4294967296,4294967296,12953714688,10524391008
1786402111141,4563402752,4509925376,13169623040,10525357664
1786402111349,4563402752,4563402752,13222150144,10524685920
1786402111560,4563402752,4563402752,13222150144,10524702304
1786402111771,4563402752,4563402752,13222150144,10524685920
1786402111977,4563402752,4563402752,13222150144,10524685920
1786402112184,4563402752,4563402752,13222150144,10524685920
1786402112385,4563402752,4563402752,13222150144,10524833376
1786402112596,4563402752,4563402752,13222150144,10524833376
1786402112807,4563402752,4563402752,13222150144,10524833376
1786402113014,4831838208,4595908608,13254656000,10525701728
1786402113222,4831838208,4831838208,13490585600,10524685920
1786402113431,4831838208,4831838208,13490585600,10524702304
1786402113632,4831838208,4831838208,13490585600,10525046368
1786402113843,4831838208,4831838208,13490585600,10525046368
1786402114050,4831838208,4831838208,13490585600,10525046368
1786402114258,4831838208,4831838208,13490585600,10525046368
1786402114461,4831838208,4831838208,13490585600,10525046368
1786402114669,4831838208,4831838208,13490585600,10525046368
1786402114873,4831838208,4831838208,13490585600,10525046368
1786402115074,5100273664,4954521600,13613481984,10525111904
1786402115275,5100273664,5100273664,13759021056,10524554848
1786402115486,5100273664,5100273664,13759021056,10524554848
1786402115698,5100273664,5100273664,13759021056,10524554848
1786402115907,5100273664,5100273664,13759021056,10524554848
1786402116110,5100273664,5100273664,13759021056,10524898912
1786402116321,5100273664,5100273664,13759021056,10524898912
1786402116530,5100273664,5100273664,13759021056,10524898912
1786402116738,5100273664,5100273664,13759021056,10524898912
1786402116944,5100273664,5100273664,13759021056,10524898912
1786402117155,5368709120,5281677312,13940424704,10525161056
1786402117365,5368709120,5368709120,14027456512,10524489312
1786402117576,5368709120,5368709120,14027456512,10524489312
1786402117780,5368709120,5368709120,14027456512,10524489312
1786402117985,5368709120,5368709120,14027456512,10524489312
1786402118187,5368709120,5368709120,14027456512,10524489312
1786402118395,5368709120,5368709120,14027456512,10524489312
1786402118605,5368709120,5368709120,14027456512,10524833376
1786402118816,5368709120,5368709120,14027456512,10524833376
1786402119024,5637144576,5370806272,14030192640,10524587616
1786402119229,5637144576,5637144576,14295891968,10524325472
1786402119431,5637144576,5637144576,14295891968,10524325472
1786402119632,5637144576,5637144576,14295891968,10524784224
1786402119842,5637144576,5637144576,14295891968,10524784224
1786402120054,5637144576,5637144576,14295891968,10524800608
1786402120263,5637144576,5637144576,14295891968,10524784224
1786402120470,5637144576,5637144576,14295891968,10524784224
1786402120675,5637144576,5637144576,14295891968,10524784224
1786402120886,5637144576,5637144576,14295891968,10524800608
1786402121089,5905580032,5709496320,14368718848,10524587616
1786402121299,5905580032,5905580032,14564327424,10524440160
1786402121510,5905580032,5905580032,14564327424,10524440160
1786402121718,5905580032,5905580032,14564327424,10524440160
1786402121921,5905580032,5905580032,14564327424,10524456544
1786402122132,5905580032,5905580032,14564327424,10524440160
1786402122338,5905580032,5905580032,14564327424,10524440160
1786402122549,5905580032,5905580032,14564327424,10524440160
1786402122754,5905580032,5905580032,14564327424,10524440160
1786402122965,5905580032,5905580032,14564327424,10524440160
1786402123168,6174015488,6028263424,14687698944,10524472928
1786402123379,6174015488,6174015488,14832762880,10524276320
1786402123590,6174015488,6174015488,14832762880,10524276320
1786402123799,6174015488,6174015488,14832762880,10524276320
1786402124008,6174015488,6174015488,14832762880,10524276320
1786402124218,6174015488,6174015488,14832762880,10524276320
1786402124427,6174015488,6174015488,14832762880,10524276320
1786402124637,6174015488,6174015488,14832762880,10524784224
1786402124848,6174015488,6174015488,14832762880,10524784224
1786402125055,6174015488,6174015488,14832762880,10524784224
1786402125266,6442450944,6333399040,14992310272,10460247648
1786402125476,6442450944,6442450944,15101198336,10366318176
1786402125686,6442450944,6442450944,15101198336,10379277920
1786402125897,6442450944,6442450944,15101198336,10379277920
1786402126108,6442450944,6442450944,15101198336,10380080736
1786402126314,6442450944,6442450944,15101198336,10380097120
1786402126520,6442450944,6442450944,15101198336,10380080736
1786402126731,6442450944,6442450944,15101198336,10380080736
1786402126938,6442450944,6442450944,15101198336,10380490336
1786402127139,6710886400,6500122624,15158935552,10267817592
1786402127346,6710886400,6706692096,15366324224,9858102904
1786402127557,6710886400,6710886400,15369633792,9868818040
1786402127761,6710886400,6710886400,15369633792,9869751928
1786402127971,6710886400,6710886400,15369633792,9869768312
1786402128182,6710886400,6710886400,15369633792,9869784696
1786402128388,6710886400,6710886400,15369633792,9869768312
1786402128598,6710886400,6710886400,15369633792,9869768312
1786402128807,6710886400,6710886400,15369633792,9869768312
1786402129007,6710886400,6710886400,15369633792,9871816312
1786402129208,6979321856,6927941632,15587409920,9451763416
1786402129419,6979321856,6979321856,15638069248,9352001240
1786402129630,6979321856,6979321856,15638069248,9352017624
1786402129831,6979321856,6979321856,15638069248,9352017624
1786402130042,6979321856,6979321856,15638069248,9352017624
1786402130254,6979321856,6979321856,15638069248,9352017624
1786402130464,6979321856,6979321856,15638069248,9352132312
1786402130666,6979321856,6979321856,15638069248,9352328920
1786402130877,6979321856,6979321856,15638069248,9352541912
1786402131087,6979321856,6979321856,15638069248,9352541912
1786402131298,7247757312,7247757312,15906504704,8825566936
1786402131509,7247757312,7247757312,15906504704,8825566936
1786402131715,7247757312,7247757312,15906504704,8825566936
1786402131923,7247757312,7247757312,15906504704,8825566936
1786402132124,7247757312,7247757312,15906504704,8825566936
1786402132326,7247757312,7247757312,15906504704,8826533592
1786402132535,7247757312,7247757312,15906504704,8826615512
1786402132747,7247757312,7247757312,15906504704,8826631896
1786402132959,7247757312,7247757312,15906504704,8826615512
1786402133168,7516192768,7336886272,15996059648,8646997720
1786402133374,7516192768,7516192768,16174940160,8291088088
1786402133577,7516192768,7516192768,16174940160,8294643416
1786402133783,7516192768,7516192768,16174940160,8294643416
1786402133985,7516192768,7516192768,16174940160,8294643416
1786402134196,7516192768,7516192768,16174940160,8294643416
1786402134406,7516192768,7516192768,16174940160,8294643416
1786402134613,7516192768,7516192768,16174940160,8294643416
1786402134820,7516192768,7516192768,16174940160,8294659800
1786402135025,7516192768,7516192768,16174940160,8294643416
1786402135231,7784628224,7731150848,16390946816,7865382616
1786402135441,7784628224,7784628224,16443375616,7760557784
1786402135653,7784628224,7784628224,16443375616,7760557784
1786402135856,7784628224,7784628224,16443375616,7760557784
1786402136060,7784628224,7784628224,16443375616,7760557784
1786402136265,7784628224,7784628224,16443375616,7760557784
1786402136466,7784628224,7784628224,16443375616,7760557784
1786402136669,7784628224,7784628224,16443375616,7760557784
1786402136877,7784628224,7784628224,16443375616,7760557784
1786402137088,7784628224,7784628224,16443375616,7760557784
1786402137296,8053063680,8053063680,16711811072,7223817944
1786402137507,8053063680,8053063680,16711811072,7223817944
1786402137710,8053063680,8053063680,16711811072,7223817944
1786402137918,8053063680,8053063680,16711811072,7223817944
1786402138129,8053063680,8053063680,16711811072,7223817944
1786402138339,8053063680,8053063680,16711811072,7223817944
1786402138549,8053063680,8053063680,16711811072,7223817944
1786402138760,8053063680,8053063680,16711811072,7223817944
1786402138993,8053063680,8053063680,16711811072,7223817944
1786402139196,8321499136,8085569536,16744316928,7157757656
1786402139402,8321499136,8321499136,16980246528,6689109720
1786402139604,8321499136,8321499136,16980246528,6689109720
1786402139806,8321499136,8321499136,16980246528,6689109720
1786402140016,8321499136,8321499136,16980246528,6689109720
1786402140227,8321499136,8321499136,16980246528,6689109720
1786402140434,8321499136,8321499136,16980246528,6689126104
1786402140639,8321499136,8321499136,16980246528,6689109720
1786402140849,8321499136,8321499136,16980246528,6689109720
1786402141054,8321499136,8321499136,16980246528,6689126104
1786402141258,8589934592,8529117184,17188651008,6272726744
1786402141464,8589934592,8589934592,17248681984,6153221848
1786402141675,8589934592,8589934592,17248681984,6153221848
1786402141886,8589934592,8589934592,17248681984,6153221848
1786402142090,8589934592,8589934592,17248681984,6153221848
1786402142301,8589934592,8589934592,17248681984,6153238232
1786402142513,8589934592,8589934592,17248681984,6153238232
1786402142718,8589934592,8589934592,17248681984,6153221848
1786402142921,8589934592,8589934592,17248681984,6161610456
1786402143132,8589934592,8589934592,17248681984,6161610456
1786402143342,8670150656,8670150656,17328898048,6001178328
1786402143555,8670150656,8670150656,17328898048,6001178328
1786402143766,8670150656,8670150656,17328898048,6001178328
1786402143969,8670150656,8670150656,17328898048,6001178328
1786402144180,8670150656,8670150656,17328898048,6001178328
1786402144385,8670150656,8670150656,17328898048,6001178328
1786402144586,8670150656,8670150656,17328898048,6001178328
1786402144795,8670150656,8670150656,17328898048,6001178328
1786402145006,8670150656,8670150656,17328898048,6001194712
1786402145210,8670150656,8670150656,17328898048,6001178328
1786402145421,8670150656,8670150656,17328898048,6001178328
1786402145624,8670150656,8670150656,17328898048,6001178328
1786402145827,8670150656,8670150656,17328898048,6001178328
1786402146028,8670150656,8670150656,17328898048,6001178328
1786402146238,8670150656,8670150656,17328898048,6001178328
1786402146449,8670150656,8670150656,17328898048,6001178328
1786402146656,8670150656,8670150656,17328898048,6001211096
1786402146864,8670150656,8670150656,17328898048,6001194712
1786402147073,8670150656,8670150656,17328898048,6001178328
1786402147276,8670150656,8670150656,17328898048,6001178328
1786402147485,8670150656,8670150656,17328898048,6001178328
1786402147696,8670150656,8670150656,17328898048,6001178328
1786402147907,8670150656,8670150656,17328898048,6001178328
1786402148117,8670150656,8670150656,17328898048,6001178328
1786402148327,8670150656,8670150656,17328898048,6001178328
1786402148537,8670150656,8670150656,17328898048,6001194712
1786402148751,8670150656,8670150656,17328898048,6001211096
1786402148951,8670150656,8670150656,17328898048,6001194712
1786402149152,8670150656,8670150656,17328898048,6001194712
1786402149363,8670150656,8670150656,17328898048,6001194712
1786402149574,8670150656,8670150656,17328898048,6001194712
1786402149782,8670150656,8670150656,17328898048,6001194712
1786402149991,8670150656,8670150656,17328898048,6001211096
1786402150202,8670150656,8670150656,17328898048,6001194712
1786402150413,8670150656,8670150656,17328898048,6001194712
1786402150623,8670150656,8670150656,17328898048,6001194712
1786402150834,8670150656,8670150656,17328898048,6001194712
1786402151036,8670150656,8670150656,17328898048,6001211096
1786402151245,8670150656,8670150656,17328898048,6001211096
1786402151455,8670150656,8670150656,17328898048,6001194712
1786402151663,8670150656,8670150656,17328898048,6001194712
1786402151865,8670150656,8670150656,17328898048,6001194712
1786402152067,8670150656,8670150656,17328898048,6001194712
1786402152268,8670150656,8670150656,17328898048,6001194712
1786402152479,8670150656,8670150656,17328898048,6001194712
1786402152690,8670150656,8670150656,17328898048,6001211096
1786402152895,8670150656,8670150656,17328898048,6001194712
1786402153104,8670150656,8670150656,17328898048,6001194712
1786402153310,8670150656,8670150656,17328898048,6001211096
1786402153511,8670150656,8670150656,17328898048,6001194712
1786402153718,8670150656,8670150656,17328898048,6001194712
1786402153928,8670150656,8670150656,17328898048,6001194712
1786402154139,8670150656,8670150656,17328898048,6001194712
1786402154341,8670150656,8670150656,17328898048,6001194712
1786402154550,8670150656,8670150656,17328898048,6001194712
1786402154757,8670150656,8670150656,17328898048,6001211096
1786402154962,8670150656,8670150656,17328898048,6001211096
1786402155171,8670150656,8670150656,17328898048,6001211096
1786402155380,8670150656,8670150656,17328898048,6001211096
1786402155591,8670150656,8670150656,17328898048,6001211096
1786402155802,8670150656,8670150656,17328898048,6001211096
1786402156011,8670150656,8670150656,17328898048,6001227480
1786402156218,8670150656,8670150656,17328898048,6001211096
1786402156428,8670150656,8670150656,17328898048,6001227480
1786402156629,8670150656,8670150656,17328898048,6001227480
1786402156836,8670150656,8670150656,17328898048,6001227480
1786402157046,8670150656,8670150656,17328898048,6001227480
1786402157257,8670150656,8670150656,17328898048,6001243864
1786402157459,8670150656,8670150656,17328898048,6001243864
1786402157670,8670150656,8670150656,17328898048,6001243864
1786402157876,8670150656,8670150656,17328898048,6001243864
1786402158081,8670150656,8670150656,17328898048,6001243864
1786402158288,8670150656,8670150656,17328898048,6001243864
1786402158490,8670150656,8670150656,17328898048,6001243864
1786402158701,8670150656,8670150656,17328898048,6001243864
1786402158913,8670150656,8670150656,17328898048,6001243864
1786402159122,8670150656,8670150656,17328898048,6001243864
1786402159332,8670150656,8670150656,17328898048,6001243864
1786402159543,8670150656,8670150656,17328898048,6001243864
1786402159743,8670150656,8670150656,17328898048,6001243864
1786402159952,8670150656,8670150656,17328898048,6001243864
1786402160156,8670150656,8670150656,17328898048,6001243864
1786402160367,8670150656,8670150656,17328898048,6001243864
1786402160578,8670150656,8670150656,17328898048,6001243864
1786402160786,8670150656,8670150656,17328898048,6001243864
1786402160994,8670150656,8670150656,17328898048,6001260248
1786402161200,8670150656,8670150656,17328898048,6001243864
1786402161402,8670150656,8670150656,17328898048,6001243864
1786402161610,8670150656,8670150656,17328898048,6001243864
1786402161821,8670150656,8670150656,17328898048,6001243864
1786402162032,8670150656,8670150656,17328898048,6001243864
1786402162239,8670150656,8670150656,17328898048,6001243864
1786402162450,8670150656,8670150656,17328898048,6001260248
1786402162654,8670150656,8670150656,17328898048,6001260248
1786402162860,8670150656,8670150656,17328898048,6001260248
1786402163064,8670150656,8670150656,17328898048,6001260248
1786402163275,8670150656,8670150656,17328898048,6001260248
1786402163486,8670150656,8670150656,17328898048,6001260248
1786402163698,8670150656,8670150656,17328898048,6001260248
1786402163903,8670150656,8670150656,17328898048,6001260248
1786402164106,8670150656,8670150656,17328898048,6001260248
1786402164311,8670150656,8670150656,17328898048,6001260248
1786402164511,8670150656,8670150656,17328898048,6001260248
1786402164719,8670150656,8670150656,17328898048,6003357400
1786402164930,8670150656,8670150656,17328898048,6003357400
1786402165141,8670150656,8670150656,17328898048,6003357400
1786402165347,8670150656,8670150656,17328898048,6003373784
1786402165556,8670150656,8670150656,17328898048,6003357400
1786402165767,8670150656,8670150656,17328898048,6003357400
1786402165973,8670150656,8670150656,17328898048,6003357400
1786402166179,8670150656,8670150656,17328898048,6003357400
1786402166390,8670150656,8670150656,17328898048,6003357400
1786402166601,8670150656,8670150656,17328898048,6003357400
1786402166812,8670150656,8670150656,17328898048,6003390168
1786402167019,8670150656,8670150656,17328898048,6003357400
1786402167227,8670150656,8670150656,17328898048,6003373784
1786402167433,8670150656,8670150656,17328898048,6003357400
1786402167634,8670150656,8670150656,17328898048,6003357400
1786402167845,8670150656,8670150656,17328898048,6003357400
1786402168056,8670150656,8670150656,17328898048,6003357400
1786402168262,8670150656,8670150656,17328898048,6003357400
1786402168470,8670150656,8670150656,17328898048,6003357400
1786402168675,8670150656,8670150656,17328898048,6003357400
1786402168879,8670150656,8670150656,17328898048,6003357400
1786402169080,8670150656,8670150656,17328898048,6003357400
1786402169281,8670150656,8670150656,17328898048,6003357400
1786402169492,8670150656,8670150656,17328898048,6003357400
1786402169703,8670150656,8670150656,17328898048,6003357400
1786402169906,8670150656,8670150656,17328898048,6003357400
1786402170114,8670150656,8670150656,17328898048,6003357400
1786402170321,8670150656,8670150656,17328898048,6003373784
1786402170526,8670150656,8670150656,17328898048,6003357400
1786402170732,8670150656,8670150656,17328898048,6003357400
1786402170943,8670150656,8670150656,17328898048,6003357400
1786402171154,8670150656,8670150656,17328898048,6003357400
1786402171364,8670150656,8670150656,17328898048,6003357400
1786402171567,8670150656,8670150656,17328898048,6003357400
1786402171779,8670150656,8670150656,17328898048,6003373784
1786402171989,8670150656,8670150656,17328898048,6003357400
1786402172191,8670150656,8670150656,17328898048,6003357400
1786402172397,8670150656,8670150656,17328898048,6003357400
1786402172608,8670150656,8670150656,17328898048,6003357400
1786402172819,8670150656,8670150656,17328898048,6003357400
1786402173030,8670150656,8670150656,17328898048,6003357400
1786402173235,8670150656,8670150656,17328898048,6003357400
1786402173438,8670150656,8670150656,17328898048,6003373784
1786402173643,8670150656,8670150656,17328898048,6003357400
1786402173845,8670150656,8670150656,17328898048,6003357400
1786402174056,8670150656,8670150656,17328898048,6003357400
1786402174267,8670150656,8670150656,17328898048,6003357400
1786402174473,8670150656,8670150656,17328898048,6003357400
1786402174683,8670150656,8670150656,17328898048,6003357400
1786402174894,8670150656,8670150656,17328898048,6003357400
1786402175104,8670150656,8670150656,17328898048,6003357400
1786402175304,8670150656,8670150656,17328898048,6003357400
1786402175512,8670150656,8670150656,17328898048,6003357400
1786402175723,8670150656,8670150656,17328898048,6003357400
1786402175925,8670150656,8670150656,17328898048,6003357400
1786402176132,8670150656,8670150656,17328898048,6003357400
1786402176342,8670150656,8670150656,17328898048,6003357400
1786402176548,8670150656,8670150656,17328898048,6003357400
1786402176751,8670150656,8670150656,17328898048,6003357400
1786402176953,8670150656,8670150656,17328898048,6003357400
1786402177164,8670150656,8670150656,17328898048,6003357400
1786402177375,8670150656,8670150656,17328898048,6003373784
1786402177582,8670150656,8670150656,17328898048,6003357400
1786402177789,8670150656,8670150656,17328898048,6003357400
1786402177994,8670150656,8670150656,17328898048,6003357400
1786402178195,8670150656,8670150656,17328898048,6003357400
1786402178403,8670150656,8670150656,17328898048,6003357400
1786402178605,8670150656,8670150656,17328898048,6003357400
1786402178816,8670150656,8670150656,17328898048,6003373784
1786402179029,8670150656,8670150656,17328898048,6003373784
1786402179241,8670150656,8670150656,17328898048,6003357400
1786402179443,8670150656,8670150656,17328898048,6003357400
1786402179650,8670150656,8670150656,17328898048,6003357400
1786402179852,8670150656,8670150656,17328898048,6003357400
1786402180056,8670150656,8670150656,17328898048,6003357400
1786402180256,8670150656,8670150656,17328898048,6003373784
1786402180467,8670150656,8670150656,17328898048,6003373784
1786402180671,8670150656,8670150656,17328898048,6003373784
1786402180880,8670150656,8670150656,17328898048,6003373784
1786402181088,8670150656,8670150656,17328898048,6003373784
1786402181295,8670150656,8670150656,17328898048,6003373784
1786402181496,8670150656,8670150656,17328898048,6003373784
1786402181697,8670150656,8670150656,17328898048,6003390168
1786402181908,8670150656,8670150656,17328898048,6003390168
1786402182120,8670150656,8670150656,17328898048,6003390168
1786402182331,8670150656,8670150656,17328898048,6003390168
1786402182542,8670150656,8670150656,17328898048,6003406552
1786402182753,8670150656,8670150656,17328898048,6003406552
1786402182958,8670150656,8670150656,17328898048,6003406552
1786402183169,8670150656,8670150656,17328898048,6003406552
1786402183379,8670150656,8670150656,17328898048,6003406552
1786402183591,8670150656,8670150656,17328898048,6003422936
1786402183800,8670150656,8670150656,17328898048,6003422936
1786402184009,8670150656,8670150656,17328898048,6003439320
1786402184218,8670150656,8670150656,17328898048,6003422936
1786402184425,8670150656,8670150656,17328898048,6003422936
1786402184636,8670150656,8670150656,17328898048,6003422936
1786402184836,8670150656,8670150656,17328898048,6003422936
1786402185047,8670150656,8670150656,17328898048,6003422936
1786402185258,8670150656,8670150656,17328898048,6003422936
1786402185469,8670150656,8670150656,17328898048,6003439320
1786402185674,8670150656,8670150656,17328898048,6003439320
1786402185876,8670150656,8670150656,17328898048,6003439320
1786402186077,8670150656,8670150656,17328898048,6003439320
1786402186282,8670150656,8670150656,17328898048,6003439320
1786402186493,8670150656,8670150656,17328898048,6003455704
1786402186704,8670150656,8670150656,17328898048,6003455704
1786402186909,8670150656,8670150656,17328898048,6003455704
1786402187110,8670150656,8670150656,17328898048,6003455704
1786402187321,8670150656,8670150656,17328898048,6003455704
1786402187532,8670150656,8670150656,17328898048,6003455704
1786402187733,8670150656,8670150656,17328898048,6003455704
1786402187944,8670150656,8670150656,17328898048,6003455704
1786402188155,8670150656,8670150656,17328898048,6003472088
1786402188367,8670150656,8670150656,17328898048,6003455704
1786402188570,8670150656,8670150656,17328898048,6003455704
1786402188775,8670150656,8670150656,17328898048,6003472088
1786402188980,8670150656,8670150656,17328898048,6003455704
1786402189188,8670150656,8670150656,17328898048,6003455704
1786402189390,8670150656,8670150656,17328898048,6003455704
1786402189601,8670150656,8670150656,17328898048,6003455704
1786402189812,8670150656,8670150656,17328898048,6003455704
1786402190014,8670150656,8670150656,17328898048,6003455704
1786402190218,8670150656,8670150656,17328898048,6003455704
1786402190424,8670150656,8670150656,17328898048,6003455704
1786402190628,8670150656,8670150656,17328898048,6003455704
1786402190830,8670150656,8670150656,17328898048,6003455704
1786402191037,8670150656,8670150656,17328898048,6003455704
1786402191248,8670150656,8670150656,17328898048,6003455704
1786402191455,8670150656,8670150656,17328898048,6003455704
1786402191667,8670150656,8670150656,17328898048,6003455704
1786402191878,8670150656,8670150656,17328898048,6003455704
1786402192089,8670150656,8670150656,17328898048,6003455704
1786402192291,8670150656,8670150656,17328898048,6003455704
1786402192501,8670150656,8670150656,17328898048,6003455704
1786402192712,8670150656,8670150656,17328898048,6003455704
1786402192923,8670150656,8670150656,17328898048,6003472088
1786402193130,8670150656,8670150656,17328898048,6003455704
1786402193340,8670150656,8670150656,17328898048,6003455704
1786402193548,8670150656,8670150656,17328898048,6003455704
1786402193759,8670150656,8670150656,17328898048,6003455704
1786402193961,8670150656,8670150656,17328898048,6003455704
1786402194172,8670150656,8670150656,17328898048,6003455704
1786402194383,8670150656,8670150656,17328898048,6003472088
1786402194594,8670150656,8670150656,17328898048,6003455704
1786402194800,8670150656,8670150656,17328898048,6003472088
1786402195006,8670150656,8670150656,17328898048,6003455704
1786402195208,8670150656,8670150656,17328898048,6003455704
1786402195409,8670150656,8670150656,17328898048,6003455704
1786402195612,8670150656,8670150656,17328898048,6003455704
1786402195823,8670150656,8670150656,17328898048,6003455704
1786402196034,8670150656,8670150656,17328898048,6003472088
1786402196243,8670150656,8670150656,17328898048,6003455704
1786402196452,8670150656,8670150656,17328898048,6003455704
1786402196663,8670150656,8670150656,17328898048,6003455704
1786402196874,8670150656,8670150656,17328898048,6003455704
1786402197077,8670150656,8670150656,17328898048,6003455704
1786402197288,8670150656,8670150656,17328898048,6003455704
1786402197498,8670150656,8670150656,17328898048,6003455704
1786402197703,8670150656,8670150656,17328898048,6003455704
1786402197913,8670150656,8670150656,17328898048,6003455704
1786402198125,8670150656,8670150656,17328898048,6003455704
1786402198335,8670150656,8670150656,17328898048,6003455704
1786402198536,8670150656,8670150656,17328898048,6003455704
1786402207047,8670150656,8670150656,17328898048,6003455704
1786402207265,8670150656,8670150656,17328898048,6003455704
1786402207476,8670150656,8670150656,17328898048,6003455704
1786402207678,8670150656,8670150656,17328898048,6003455704
1786402207879,0,8282177536,17328898048,6003455704
1786402208081,0,7634157568,17328898048,6003455704
1786402208284,0,7036469248,17329356800,6011172568
1786402208492,0,6520569856,17331027968,6155876056
1786402208703,0,5965873152,17331027968,6284900056
1786402208905,0,5400690688,17331027968,6587725648
1786402209111,0,4753719296,17331027968,6587725648
1786402209315,0,4093116416,17331027968,6587725648
1786402209517,0,3431464960,17331027968,6587725648
1786402209727,0,2742550528,17331027968,6587725648
1786402209938,0,2088239104,17331027968,6587791184
1786402210139,0,1487405056,17331027968,6587791184
1786402210344,0,827850752,17331027968,6587791184
1786402210548,0,156762112,17331027968,6587791184
1786402210750,0,0,17331027968,6587791184
1786402210961,0,0,17331027968,6587791184
1786402211168,0,0,17331027968,6588299088
1786402211379,0,0,17331027968,6588299088
1786402211590,0,0,17331027968,6588299088
1786402211812,0,0,17331027968,6588315472
1786402212019,0,0,17331027968,6588315472
1786402212230,0,0,17331027968,6588315472
1786402212435,0,0,17331027968,6588462928
1786402212637,0,0,17331027968,6588462928
1786402212849,0,0,17331027968,6588462928
1786402213057,0,0,17331027968,6588462928
1786402213259,0,0,17331027968,6588462928
1786402213466,0,0,17331027968,6588479312
1786402213675,0,0,17331027968,6588577616
1786402213878,0,0,17331027968,6588577616
1786402214090,0,0,17331027968,6588594000
1786402214301,0,0,17331027968,6588577616
1786402214510,0,0,17331027968,6588577616
1786402214719,0,0,17331027968,6588594000
1786402214924,0,0,17331027968,6588741456
1786402215135,0,0,17331027968,6588741456
1786402215346,0,0,17331027968,6588741456
1786402215556,0,0,17331027968,6588757840
1786402215764,0,0,17331027968,6588741456
1786402215969,0,0,17331027968,6588741456
1786402216179,0,0,17331027968,6588806992
1786402216390,0,0,17331027968,6588806992
1786402216601,0,0,17331027968,6588806992
1786402216812,0,0,17331027968,6588823376
1786402217023,0,0,17331027968,6588823376
1786402217226,0,0,17331027968,6588806992
1786402217436,0,0,17331027968,6588938064
1786402217639,0,0,17331027968,6588938064
1786402217849,0,0,17331027968,6588938064
1786402218057,0,0,17331027968,6588954448
1786402218265,0,0,17331027968,6588970832
1786402218467,0,0,17331027968,6588970832
1786402218677,0,0,17331027968,6588970832
1786402218889,0,0,17331027968,6588987216
1786402219098,0,0,17331027968,6588970832
1786402219307,0,0,17331027968,6588970832
1786402219518,0,0,17331027968,6588970832
1786402219725,0,0,17331027968,6588987216
1786402219926,0,0,17331027968,6588987216
1786402220137,0,0,17331027968,6588987216
1786402220348,0,0,17331027968,6589003600
1786402220550,0,0,17331027968,6589003600
1786402220753,0,0,17331027968,6588987216
1786402220964,0,0,17331027968,6588987216
1786402221174,0,0,17331027968,6588987216
1786402221385,0,0,17331027968,6588987216
1786402221597,0,0,17331027968,6588987216
1786402221804,0,0,17331027968,6588987216
1786402222011,0,0,17331027968,6588987216
1786402222218,0,0,17331027968,6588987216
1786402222428,0,0,17331027968,6588987216
1786402222639,0,0,17331027968,6588987216
1786402222846,0,0,17331027968,6588987216
1786402223057,0,0,17331027968,6588987216
1786402223267,0,0,17331027968,6588987216
1786402223473,0,0,17331027968,6588987216
1786402223677,0,0,17331027968,6588987216
1786402223888,0,0,17331027968,6588987216
1786402224093,0,0,17331027968,6588987216
1786402224299,0,0,17331027968,6588987216
1786402224509,0,0,17331027968,6588987216
1786402224710,0,0,17331027968,6588987216
1786402224921,0,0,17331027968,6588987216
1786402225132,0,0,17331027968,6589003600
1786402225344,0,0,17331027968,6588987216
1786402225554,0,0,17331027968,6588987216
1786402225759,0,0,17331027968,6588987216
1786402225966,0,0,17331027968,6588987216
1786402226174,0,0,17331027968,6588987216
1786402226386,0,0,17331027968,6588987216
1786402226591,0,0,17331027968,6588987216
1786402226804,0,0,17331027968,6589003600
1786402227005,0,0,17331027968,6589003600
1786402227210,0,0,17331027968,6588987216
1786402227421,0,0,17331027968,6588987216
1786402227632,0,0,17331027968,6588987216
1786402227840,0,0,17331027968,6589003600
1786402228050,0,0,17331027968,6588987216
1786402228254,0,0,17331027968,6588987216
1786402228465,0,0,17331027968,6588987216
1786402228676,0,0,17331027968,6588987216
1786402228887,0,0,17331027968,6588987216
1786402229097,0,0,17331027968,6588987216
1786402229306,0,0,17331027968,6588987216
1786402229515,0,0,17331027968,6588987216
1786402229725,0,0,17331027968,6588987216
1786402229936,0,0,17331027968,6588987216
1786402230143,0,0,17331027968,6589003600
1786402230352,0,0,17331027968,6588987216
1786402230562,0,0,17331027968,6588987216
1786402230767,0,0,17331027968,6588987216
1786402230977,0,0,17331027968,6588987216
1786402231188,0,0,17331027968,6588987216
1786402231396,0,0,17331027968,6588987216
1786402231605,0,0,17331027968,6588987216
1786402231810,0,0,17331027968,6588987216
1786402232013,0,0,17331027968,6588987216
1786402232224,0,0,17331027968,6588987216
1786402232438,0,0,17331027968,6589003600
1786402232642,0,0,17331027968,6588987216
1786402232851,0,0,17331027968,6588987216
1786402233062,0,0,17331027968,6588987216
1786402233266,0,0,17331027968,6588987216
1786402233477,0,0,17331027968,6588987216
1786402233688,0,0,17331027968,6588987216
1786402233895,0,0,17331027968,6589003600
1786402234101,0,0,17331027968,6588987216
1786402234309,0,0,17331027968,6588987216
1786402234515,0,0,17331027968,6588987216
1786402234725,0,0,17331027968,6588987216
1786402234936,0,0,17331027968,6588987216
1786402235141,0,0,17331027968,6589003600
1786402235349,0,0,17331027968,6588987216
1786402235556,0,0,17331027968,6589003600
1786402235764,0,0,17331027968,6588987216
1786402235975,0,0,17331027968,6588987216
1786402236183,0,0,17331027968,6588987216
1786402236390,0,0,17331027968,6588987216
1786402236594,0,0,17331027968,6589003600
1786402236804,0,0,17331027968,6588987216
1786402237014,0,0,17331027968,6588987216
1786402237224,0,0,17331027968,6588987216
1786402237435,0,0,17331027968,6588987216
1786402237637,0,0,17331027968,6588987216
1786402237843,0,0,17331027968,6589003600
1786402238053,0,0,17331027968,6589003600
1786402238264,0,0,17331027968,6588987216
1786402238465,0,0,17331027968,6588987216
1786402238677,0,0,17331027968,6588987216
1786402238888,0,0,17331027968,6588987216
1786402239099,0,0,17331027968,6588987216
1786402239309,0,0,17331027968,6588987216
1786402239519,0,0,17331027968,6588987216
1786402239730,0,0,17331027968,6588987216
1786402239945,0,0,17331027968,6589003600
1786402240156,0,0,17331027968,6588987216
1786402240367,0,0,17331027968,6588987216
1786402240576,0,0,17331027968,6588987216
1786402240782,0,0,17331027968,6588987216
1786402240993,0,0,17331027968,6588987216
1786402241196,0,0,17331027968,6588987216
1786402241400,0,0,17331027968,6589003600
1786402241608,0,0,17331027968,6588987216
1786402241816,0,0,17331027968,6588987216
1786402242025,0,0,17331027968,6589265744
1786402242236,0,0,17331027968,6589282128
1786402242443,0,0,17331027968,6589282128
1786402242647,0,0,17331027968,6589265744
1786402242858,0,0,17331027968,6589265744
1786402243060,0,0,17331027968,6589265744
1786402243271,0,0,17331027968,6589265744
1786402243484,0,0,17331027968,6589265744
1786402243693,0,0,17331027968,6589265744
1786402243903,0,0,17331027968,6589265744
1786402244112,0,0,17331027968,6589282128
1786402244315,0,0,17331027968,6589265744
1786402244520,0,0,17331027968,6589265744
1786402244731,0,0,17331027968,6589282128
1786402244933,0,0,17331027968,6589265744
1786402245142,0,0,17331027968,6589265744
1786402245352,0,0,17331027968,6589282128
1786402245560,0,0,17331027968,6589265744
1786402245769,0,0,17331027968,6589265744
1786402245981,0,0,17331027968,6589265744
1786402246189,0,0,17331027968,6589265744
1786402246399,0,0,17331027968,6589265744
1786402246609,0,0,17331027968,6589265744
1786402246812,0,0,17331027968,6589265744
1786402247023,0,0,17331027968,6589265744
1786402247226,0,0,17331027968,6589265744
1786402247430,0,0,17331027968,6589265744
1786402247639,0,0,17331027968,6589265744
1786402247846,0,0,17331027968,6589265744
1786402248050,0,0,17331027968,6589265744
1786402248254,0,0,17331027968,6589265744
1786402248465,0,0,17331027968,6589282128
1786402248675,0,0,17331027968,6589265744
1786402248886,0,0,17331027968,6589265744
1786402249089,0,0,17331027968,6589265744
1786402249299,0,0,17331027968,6589265744
1786402249506,0,0,17331027968,6589265744
1786402249716,0,0,17331027968,6589265744
1786402249919,0,0,17331027968,6589282128
1786402250123,0,0,17331027968,6589265744
1786402250332,0,0,17331027968,6589282128
1786402250543,0,0,17331027968,6589265744
1786402250746,0,0,17331027968,6589265744
1786402250957,0,0,17331027968,6589298512
1786402251168,0,0,17331027968,6589265744
1786402251379,0,0,17331027968,6589265744
1786402251587,0,0,17331027968,6589265744
1786402251792,0,0,17331027968,6589265744
1786402252003,0,0,17331027968,6589265744
1786402252214,0,0,17331027968,6589265744
1786402252425,0,0,17331027968,6589265744
1786402252631,0,0,17331027968,6589265744
1786402252842,0,0,17331027968,6589265744
1786402253049,0,0,17331027968,6589265744
1786402253259,0,0,17331027968,6589265744
1786402253470,0,0,17331027968,6589265744
1786402253680,0,0,17331027968,6589265744
1786402253884,0,0,17331027968,6589265744
1786402254092,0,0,17331027968,6589265744
1786402254299,0,0,17331027968,6589413200
1786402254505,0,0,17331027968,6589413200
1786402254717,0,0,17331027968,6589413200
1786402254928,0,0,17331027968,6589445968
1786402255139,0,0,17331027968,6589413200
1786402255347,0,0,17331027968,6589413200
1786402255550,0,0,17331027968,6589544272
1786402255758,0,0,17331027968,6589560656
1786402255969,0,0,17331027968,6589560656
1786402256180,0,0,17331027968,6589560656
1786402256391,0,0,17331027968,6589560656
1786402256595,0,0,17331027968,6589560656
1786402256805,0,0,17331027968,6589691728
1786402257008,0,0,17331027968,6589691728
1786402257219,0,0,17331027968,6589691728
1786402257424,0,0,17331027968,6589691728
1786402257628,0,0,17331027968,6589691728
1786402257843,0,0,17331027968,6589708112
1786402258049,0,0,17331027968,6589822800
1786402258256,0,0,17331027968,6589822800
1786402258466,0,0,17331027968,6589822800
1786402258674,0,0,17331027968,6589822800
1786402258876,0,0,17331027968,6589822800
1786402259078,0,0,17331027968,6589822800
1786402259284,0,0,17331027968,6589986640
1786402259493,0,0,17331027968,6590003024
1786402259694,0,0,17331027968,6590019408
1786402259899,0,0,17331027968,6589986640
1786402260106,0,0,17331027968,6589986640
1786402260309,0,0,17331027968,6589986640
1786402260514,0,0,17331027968,6589986640
1786402260725,0,0,17331027968,6590003024
1786402260937,0,0,17331027968,6589986640
1786402261146,0,0,17331027968,6589986640
1786402261352,0,0,17331027968,6589986640
1786402261554,0,0,17331027968,6589986640
1786402261764,0,0,17331027968,6590068560
1786402261975,0,0,17331027968,6590068560
1786402262183,0,0,17331027968,6590068560
1786402262387,0,0,17331027968,6590068560
1786402262592,0,0,17331027968,6590068560
1786402262801,0,0,17331027968,6590068560
1786402263012,0,0,17331027968,6590216016
1786402263220,0,0,17331027968,6590216016
1786402263431,0,0,17331027968,6590216016
1786402263636,0,0,17331027968,6590216016
1786402263846,0,0,17331027968,6590232400
1786402264055,0,0,17331027968,6590216016
1786402264266,0,0,17331027968,6590363472
1786402264474,0,0,17331027968,6590363472
1786402264679,0,0,17331027968,6590363472
1786402264890,0,0,17331027968,6590363472
1786402265096,0,0,17331027968,6590363472
1786402265301,0,0,17331027968,6590363472
1786402265512,0,0,17331027968,6590363472
1786402265723,0,0,17331027968,6590363472
1786402265930,0,0,17331027968,6590379856
1786402266134,0,0,17331027968,6590379856
1786402266336,0,0,17331027968,6590363472
1786402266546,0,0,17331027968,6590363472
1786402266750,0,0,17331027968,6590510928
1786402266961,0,0,17331027968,6590510928
1786402275069,0,0,17331027968,7174240224
1786402275302,0,0,17331027968,7174256608
1786402275509,0,0,17331027968,7174240224
1786402275720,0,0,17331027968,7174240224
1786402275931,0,0,17331027968,7174240224
1786402276138,0,0,17331027968,7174240224
1786402276350,0,0,17331027968,7174240224
1786402276559,0,0,17331027968,7174240224
1786402276764,0,0,17331027968,7174240224
1786402276974,0,0,17331027968,7174240224
1786402277186,0,0,17331027968,7174240224
1786402277392,0,0,17331027968,7174240224
1786402277599,0,0,17331027968,7174240224
1786402277810,0,0,17331027968,7174240224
1786402278012,0,0,17331027968,7174240224
1786402278217,0,0,17331027968,7174240224
1786402278428,0,0,17331027968,7174240224
1786402278639,0,0,17331027968,7174240224
1786402278846,0,0,17331027968,7174256608
1786402279056,0,0,17331027968,7174240224
1786402279257,0,0,17331027968,7174240224
1786402279468,0,0,17331027968,7174240224
1786402279679,0,0,17331027968,7174240224
1786402279890,0,0,17331027968,7174240224
1786402280100,0,0,17331027968,7174240224
1786402280307,0,0,17331027968,7174256608
1786402280512,0,0,17331027968,7174240224
1786402280723,0,0,17331027968,7174240224
1786402280925,0,0,17331027968,7174240224
1786402281134,0,0,17331027968,7174240224
1786402281342,0,0,17331027968,7174240224
1786402281552,0,0,17331027968,7174240224
1786402281758,0,0,17331027968,7174240224
1786402281969,0,0,17331027968,7174240224
1786402282174,0,0,17331027968,7174240224
1786402282386,0,0,17331027968,7174240224
1786402282587,0,0,17331027968,7174240224
1786402282792,0,0,17331027968,7174240224
1786402283002,0,0,17331027968,7174240224
1786402283213,0,0,17331027968,7174240224
1786402283417,0,0,17331027968,7174256608
1786402283637,0,0,17331027968,7174240224
1786402283848,0,0,17331027968,7174256608
1786402284055,0,0,17331027968,7174240224
1786402284266,0,0,17331027968,7174240224
1786402284477,0,0,17331027968,7174240224
1786402284680,0,0,17331027968,7174256608
1786402284885,0,0,17331027968,7174256608
1786402285089,0,0,17331027968,7174240224
1786402285300,0,0,17331027968,7174240224
1786402285504,0,0,17331027968,7174240224
1786402285715,0,0,17331027968,7174240224
1786402285923,0,0,17331027968,7174240224
1786402286134,0,0,17331027968,7174240224
1786402286346,0,0,17331027968,7174240224
1786402286556,0,0,17331027968,7174240224
1786402286760,0,0,17331027968,7174240224
1786402286971,0,0,17331027968,7174240224
1786402287184,0,0,17331027968,7174256608
1786402287395,0,0,17331027968,7174240224
1786402287606,0,0,17331027968,7174256608
1786402287807,0,0,17331027968,7174240224
1786402288018,0,0,17331027968,7174240224
1786402288226,0,0,17331027968,7174240224
1786402288434,0,0,17331027968,7174240224
1786402288639,0,0,17331027968,7174240224
1786402288841,0,0,17331027968,7174240224
1786402289052,0,0,17331027968,7174240224
1786402289264,0,0,17331027968,7174240224
1786402289472,0,0,17331027968,7174240224
1786402289674,0,0,17331027968,7174256608
1786402289878,0,0,17331027968,7174240224
1786402290079,0,0,17331027968,7174240224
1786402290289,0,0,17331027968,7174240224
1786402290500,0,0,17331027968,7174240224
1786402290712,0,0,17331027968,7174240224
1786402290917,0,0,17331027968,7174256608
1786402291128,0,0,17331027968,7174240224
1786402291332,0,0,17331027968,7174240224
1786402291542,0,0,17331027968,7174240224
1786402291754,0,0,17331027968,7174240224
1786402291959,0,0,17331027968,7174256608
1786402292161,0,0,17331027968,7174240224
1786402292373,0,0,17331027968,7174240224
1786402292583,0,0,17331027968,7174240224
1786402292794,0,0,17331027968,7174240224
1786402293006,0,0,17331027968,7174240224
1786402293212,0,0,17331027968,7174240224
1786402293414,0,0,17331027968,7174240224
1786402293624,0,0,17331027968,7174240224
1786402293835,0,0,17331027968,7174240224
1786402294044,0,0,17331027968,7174240224
1786402294252,0,0,17331027968,7174240224
1786402294456,0,0,17331027968,7174240224
1786402294664,0,0,17331027968,7174240224
1786402294874,0,0,17331027968,7174256608
1786402295079,0,0,17331027968,7174240224
1786402295289,0,0,17331027968,7174240224
1786402295500,0,0,17331027968,7174240224
1786402295706,0,0,17331027968,7174240224
1786402295910,0,0,17331027968,7174256608
1786402296119,0,0,17331027968,7174240224
1786402296320,0,0,17331027968,7174240224
1786402296532,0,0,17331027968,7174240224
1786402296742,0,0,17331027968,7174240224
1786402296951,0,0,17331027968,7174240224
1786402297157,0,0,17331027968,7174240224
1786402297358,0,0,17331027968,7174240224
1786402297569,0,0,17331027968,7174240224
1786402297780,0,0,17331027968,7174240224
1786402297986,0,0,17331027968,7174256608
1786402298196,0,0,17331027968,7174256608
1786402298408,0,0,17331027968,7174240224
1786402298610,0,0,17331027968,7174240224
1786402298814,0,0,17331027968,7174240224
1786402299025,0,0,17331027968,7174240224
1786402299233,0,0,17331027968,7174240224
1786402299440,0,0,17331027968,7174240224
1786402299647,0,0,17331027968,7174240224
1786402299857,0,0,17331027968,7174240224
1786402300068,0,0,17331027968,7174240224
1786402300279,0,0,17331027968,7174240224
1786402300487,0,0,17331027968,7174240224
1786402300695,0,0,17331027968,7174240224
1786402300907,0,0,17331027968,7174240224
1786402301108,0,0,17331027968,7174240224
1786402301309,0,0,17331027968,7174240224
1786402301520,0,0,17331027968,7174240224
1786402301731,0,0,17331027968,7174240224
1786402301934,0,0,17331027968,7174240224
1786402302142,0,0,17331027968,7174240224
1786402302353,0,0,17331027968,7174240224
1786402302564,0,0,17331027968,7174240224
1786402302767,0,0,17331027968,7174240224
1786402302972,0,0,17331027968,7174240224
1786402303184,0,0,17331027968,7174256608
1786402303406,0,0,17331027968,7174256608
1786402303612,0,0,17331027968,7174240224
1786402303815,0,0,17331027968,7174256608
1786402304026,0,0,17331027968,7174240224
1786402304232,0,0,17331027968,7174240224
1786402304437,0,0,17331027968,7174240224
1786402304640,0,0,17331027968,7174240224
1786402304850,0,0,17331027968,7174240224
1786402305062,0,0,17331027968,7174256608
1786402305273,0,0,17331027968,7174240224
1786402305484,0,0,17331027968,7174240224
1786402305687,0,0,17331027968,7174272992
1786402305890,0,0,17331027968,7174272992
1786402306097,0,0,17331027968,7174272992
1786402306308,0,0,17331027968,7174289376
1786402306513,0,0,17331027968,7174289376
1786402306724,0,0,17331027968,7174272992
1786402306935,0,0,17331027968,7174272992
1786402307142,0,0,17331027968,7174272992
1786402307343,0,0,17331027968,7174272992
1786402307554,0,0,17331027968,7174272992
1786402307760,0,0,17331027968,7174272992
1786402307963,0,0,17331027968,7174272992
1786402308174,0,0,17331027968,7174272992
1786402308376,0,0,17331027968,7174272992
1786402308587,0,0,17331027968,7174272992
1786402308798,0,0,17331027968,7174272992
1786402309005,0,0,17331027968,7174289376
1786402309212,0,0,17331027968,7174272992
1786402309422,0,0,17331027968,7174272992
1786402309631,0,0,17331027968,7174272992
1786402309842,0,0,17331027968,7174272992
1786402310053,0,0,17331027968,7174272992
1786402310264,0,0,17331027968,7174272992
1786402310476,0,0,17331027968,7174289376
1786402310686,0,0,17331027968,7174272992
1786402310886,0,0,17331027968,7174272992
1786402311098,0,0,17331027968,7174272992
1786402311309,0,0,17331027968,7174272992
1786402311515,0,0,17331027968,7174272992
1786402311725,0,0,17331027968,7174272992
1786402311936,0,0,17331027968,7174272992
1786402312144,0,0,17331027968,7174272992
1786402312356,0,0,17331027968,7174272992
1786402312562,0,0,17331027968,7174272992
1786402312768,0,0,17331027968,7174272992
1786402312973,0,0,17331027968,7174272992
1786402313184,0,0,17331027968,7174272992
1786402313391,0,0,17331027968,7174272992
1786402313603,0,0,17331027968,7174272992
1786402313814,0,0,17331027968,7174272992
1786402314026,0,0,17331027968,7174289376
1786402314236,0,0,17331027968,7174272992
1786402314447,0,0,17331027968,7174272992
1786402314652,0,0,17331027968,7174272992
1786402314863,0,0,17331027968,7174272992
1786402315072,0,0,17331027968,7174272992
1786402315284,0,0,17331027968,7174272992
1786402315495,0,0,17331027968,7174289376
1786402315698,0,0,17331027968,7174272992
1786402315903,0,0,17331027968,7174272992
1786402316109,0,0,17331027968,7174289376
1786402316320,0,0,17331027968,7174289376
1786402316521,0,0,17331027968,7174272992
1786402316723,0,0,17331027968,7174289376
1786402316933,0,0,17331027968,7174272992
1786402317144,0,0,17331027968,7174272992
1786402317350,0,0,17331027968,7174272992
1786402317552,0,0,17331027968,7174272992
1786402317756,0,0,17331027968,7174272992
1786402317962,0,0,17331027968,7174272992
1786402318173,0,0,17331027968,7174272992
1786402318384,0,0,17331027968,7174272992
1786402318588,0,0,17331027968,7174272992
1786402318799,0,0,17331027968,7174272992
1786402319010,0,0,17331027968,7174272992
1786402319212,0,0,17331027968,7174272992
1786402319423,0,0,17331027968,7174272992
1786402319634,0,0,17331027968,7174272992
1786402319838,0,0,17331027968,7174272992
1786402320049,0,0,17331027968,7174272992
1786402320254,0,0,17331027968,7174272992
1786402320465,0,0,17331027968,7174272992
1786402320675,0,0,17331027968,7174272992
1786402320886,0,0,17331027968,7174289376
1786402321095,0,0,17331027968,7174272992
1786402321304,0,0,17331027968,7174272992
1786402321507,0,0,17331027968,7174272992
1786402321715,0,0,17331027968,7174272992
1786402321925,0,0,17331027968,7174272992
1786402322136,0,0,17331027968,7174272992
1786402322346,0,0,17331027968,7174272992
1786402322553,0,0,17331027968,7174272992
1786402322762,0,0,17331027968,7174272992
1786402322966,0,0,17331027968,7174272992
1786402323177,0,0,17331027968,7174272992
1786402323388,0,0,17331027968,7174272992
1786402323595,0,0,17331027968,7174272992
1786402323807,0,0,17331027968,7174272992
1786402324018,0,0,17331027968,7174272992
1786402324227,0,0,17331027968,7174272992
1786402324437,0,0,17331027968,7174272992
1786402324648,0,0,17331027968,7174272992
1786402324860,0,0,17331027968,7174272992
1786402325070,0,0,17331027968,7174272992
1786402325275,0,0,17331027968,7174272992
1786402325480,0,0,17331027968,7174272992
1786402325691,0,0,17331027968,7174289376
1786402325902,0,0,17331027968,7174272992
1786402326109,0,0,17331027968,7174272992
1786402326317,0,0,17331027968,7174272992
1786402326528,0,0,17331027968,7174272992
1786402326735,0,0,17331027968,7174272992
1786402326946,0,0,17331027968,7174272992
1786402327155,0,0,17331027968,7174272992
1786402327366,0,0,17331027968,7174289376
1786402327574,0,0,17331027968,7174272992
1786402327782,0,0,17331027968,7174272992
1786402327993,0,0,17331027968,7174272992
1786402328205,0,0,17331027968,7174272992
1786402328416,0,0,17331027968,7174289376
1786402328620,0,0,17331027968,7174289376
1786402328829,0,0,17331027968,7174272992
1786402329031,0,0,17331027968,7174272992
1786402329239,0,0,17331027968,7174272992
1786402329448,0,0,17331027968,7174272992
1786402329658,0,0,17331027968,7174272992
1786402329867,0,0,17331027968,7174272992
1786402330074,0,0,17331027968,7174289376
1786402330283,0,0,17331027968,7174272992
1786402330493,0,0,17331027968,7174272992
1786402330704,0,0,17331027968,7174272992
1786402330914,0,0,17331027968,7174289376
1786402331124,0,0,17331027968,7174272992
1786402331334,0,0,17331027968,7174272992
1786402331545,0,0,17331027968,7174272992
1786402331752,0,0,17331027968,7174272992
1786402331961,0,0,17331027968,7174272992
1786402332173,0,0,17331027968,7174272992
1786402332375,0,0,17331027968,7174272992
1786402332586,0,0,17331027968,7174272992
1786402332792,0,0,17331027968,7174272992
1786402333004,0,0,17331027968,7174289376
1786402333206,0,0,17331027968,7174272992
1786402333414,0,0,17331027968,7174272992
1786402333625,0,0,17331027968,7174272992
1786402333831,0,0,17331027968,7174272992
1786402334040,0,0,17331027968,7174272992
1786402334251,0,0,17331027968,7174289376
1786402334455,0,0,17331027968,7174272992
1786402334664,0,0,17331027968,7174289376
1786402334876,0,0,17331027968,7174289376
1786402335102,0,0,17331027968,7174272992
1786402335313,0,0,17331027968,7174272992
1786402335523,0,0,17331027968,7174272992
1786402335733,0,0,17331027968,7174338528
1786402335937,0,0,17331027968,7174338528
1786402336147,0,0,17331027968,7174338528
1786402336355,0,0,17331027968,7174338528
1786402336566,0,0,17331027968,7174338528
1786402336776,0,0,17331027968,7174338528
1786402336986,0,0,17331027968,7174338528
1786402337197,0,0,17331027968,7174338528
1786402337407,0,0,17331027968,7174371296
1786402337617,0,0,17331027968,7174371296
1786402337828,0,0,17331027968,7174371296
1786402338038,0,0,17331027968,7174371296
1786402338248,0,0,17331027968,7174371296
1786402338458,0,0,17331027968,7174371296
1786402338668,0,0,17331027968,7174371296
1786402338879,0,0,17331027968,7174371296
1786402339089,0,0,17331027968,7174371296
1786402339299,0,0,17331027968,7174371296
1786402339505,0,0,17331027968,7174371296
1786402339715,0,0,17331027968,7174371296
1786402339922,0,0,17331027968,7174371296
1786402340143,0,0,17331027968,7468972000
1786402340354,0,0,17331027968,7468988384
1786402340584,0,0,17331027968,7468988384
1786402340853,0,0,17331027968,7468988384
1786402341207,0,0,17331027968,7468972000
1786402341424,0,0,17331027968,7468988384
1786402342276,0,0,17331027968,7471052768
1786402342485,0,0,17331027968,7471462368
1786402342695,0,0,17331027968,7509604320
1786402342904,0,0,17331027968,7667906528
1786402343113,0,0,17331027968,7876818912
1786402343315,0,0,17331027968,8277751776
1786402343517,0,0,17331027968,8662906848
1786402343727,0,0,17331027968,8731539424
1786402343935,0,0,17331027968,8780330976
1786402344145,0,0,17331027968,8780330976
1786402344355,0,0,17331027968,8780330976
1786402344566,0,0,17331027968,8780330976
1786402344776,0,0,17331027968,8780330976
1786402344987,0,0,17331027968,8780330976
1786402345205,0,0,17331027968,8780330976
1786402345436,0,0,17331027968,8780330976
1786402345643,268435456,11534336,17342562304,8774940640
1786402345854,268435456,268435456,17599463424,8561063904
1786402346064,268435456,268435456,17599463424,8561063904
1786402346275,268435456,268435456,17599463424,8561063904
1786402346486,268435456,268435456,17599463424,8561063904
1786402346687,268435456,268435456,17599463424,8561063904
1786402346892,268435456,268435456,17599463424,8561063904
1786402347096,268435456,268435456,17599463424,8561063904
1786402347301,268435456,268435456,17599463424,8561063904
1786402347511,268435456,268435456,17599463424,8561063904
1786402347712,536870912,317718528,17648746496,8503572448
1786402347913,536870912,536870912,17867898880,8763930592
1786402348125,536870912,536870912,17867898880,9053796320
1786402348327,536870912,536870912,17867898880,9126836192
1786402348535,536870912,536870912,17867898880,9231857632
1786402348746,536870912,536870912,17867898880,9231857632
1786402348957,536870912,536870912,17867898880,9271113696
1786402349166,536870912,536870912,17867898880,9271113696
1786402349374,536870912,536870912,17867898880,9271130080
1786402349586,536870912,536870912,17867898880,9271113696
1786402349791,805306368,731906048,18063605760,9359570912
1786402350002,805306368,805306368,18136334336,9383983072
1786402350207,805306368,805306368,18136334336,9447176160
1786402350415,805306368,805306368,18136334336,9447176160
1786402350625,805306368,805306368,18136334336,9447159776
1786402350835,805306368,805306368,18136334336,9447176160
1786402351046,805306368,805306368,18136334336,9447520224
1786402351255,805306368,805306368,18136334336,9447520224
1786402351457,805306368,805306368,18136334336,9447520224
1786402351668,805306368,805306368,18136334336,9447536608
1786402351879,1073741824,1054867456,18385895424,9652238304
1786402352090,1073741824,1073741824,18404769792,9677699040
1786402352298,1073741824,1073741824,18404769792,9677699040
1786402352509,1073741824,1073741824,18404769792,9677699040
1786402352714,1073741824,1073741824,18404769792,9677715424
1786402352923,1073741824,1073741824,18404769792,9677715424
1786402353135,1073741824,1073741824,18404769792,9677715424
1786402353344,1073741824,1073741824,18404769792,9677715424
1786402353555,1073741824,1073741824,18404769792,9677961184
1786402353756,1342177280,1130364928,18462375936,9678698464
1786402353967,1342177280,1342177280,18673205248,9963501536
1786402354178,1342177280,1342177280,18673205248,9963501536
1786402354390,1342177280,1342177280,18673205248,9963517920
1786402354591,1342177280,1342177280,18673205248,9963911136
1786402354794,1342177280,1342177280,18673205248,9963911136
1786402355006,1342177280,1342177280,18673205248,9963927520
1786402355209,1342177280,1342177280,18673205248,9963927520
1786402355412,1342177280,1342177280,18673205248,9963911136
1786402355619,1342177280,1342177280,18673205248,9963911136
1786402355823,1610612736,1438646272,18769674240,10250237920
1786402356034,1610612736,1610612736,18941640704,10891360224
1786402356245,1610612736,1610612736,18941640704,10891360224
1786402356452,1610612736,1610612736,18941640704,10891376608
1786402356656,1610612736,1610612736,18941640704,10918983648
1786402356863,1610612736,1610612736,18941640704,10919000032
1786402357072,1610612736,1610612736,18941640704,10918983648
1786402357282,1610612736,1610612736,18941640704,10923014112
1786402357493,1610612736,1610612736,18941640704,10933991392
1786402357705,1610612736,1610612736,18941640704,10934007776
1786402357907,1879048192,1819279360,19150979072,10985551840
1786402358118,1879048192,1879048192,19210076160,10985551840
1786402358323,1879048192,1879048192,19210076160,10985912288
1786402358530,1879048192,1879048192,19210076160,10985912288
1786402358741,1879048192,1879048192,19210076160,10985912288
1786402358951,1879048192,1879048192,19210076160,10985928672
1786402359163,1879048192,1879048192,19210076160,10985912288
1786402359369,1879048192,1879048192,19210076160,10985912288
1786402359576,1879048192,1879048192,19210076160,10985912288
1786402359779,2147483648,1947205632,19279118336,10985895904
1786402359988,2147483648,2147483648,19478511616,10985371616
1786402360199,2147483648,2147483648,19478511616,10985371616
1786402360411,2147483648,2147483648,19478511616,10985388000
1786402360622,2147483648,2147483648,19478511616,10985371616
1786402360828,2147483648,2147483648,19478511616,10985371616
1786402361033,2147483648,2147483648,19478511616,10985371616
1786402361241,2147483648,2147483648,19478511616,10985388000
1786402361445,2147483648,2147483648,19478511616,10985371616
1786402361655,2147483648,2147483648,19478511616,10985371616
1786402361855,2415919104,2308964352,19640631296,10985568224
1786402362066,2415919104,2415919104,19746947072,10985371616
1786402362277,2415919104,2415919104,19746947072,10985371616
1786402362485,2415919104,2415919104,19746947072,10985371616
1786402362692,2415919104,2415919104,19746947072,10985388000
1786402362902,2415919104,2415919104,19746947072,10985371616
1786402363113,2415919104,2415919104,19746947072,10985371616
1786402363318,2415919104,2415919104,19746947072,10985371616
1786402363528,2415919104,2415919104,19746947072,10985371616
1786402363740,2415919104,2415919104,19746947072,10985371616
1786402363950,2684354560,2639265792,19970473984,10985764832
1786402364156,2684354560,2684354560,20015382528,10985371616
1786402364366,2684354560,2684354560,20015382528,10985846752
1786402364577,2684354560,2684354560,20015382528,10985846752
1786402364788,2684354560,2684354560,20015382528,10985846752
1786402364997,2684354560,2684354560,20015382528,10985846752
1786402365205,2684354560,2684354560,20015382528,10985846752
1786402365407,2684354560,2684354560,20015382528,10985846752
1786402365616,2684354560,2684354560,20015382528,10985863136
1786402365819,2952790016,2725249024,20057227264,10985633760
1786402366030,2952790016,2952790016,20283817984,10985453536
1786402366231,2952790016,2952790016,20283817984,10985453536
1786402366434,2952790016,2952790016,20283817984,10985453536
1786402366642,2952790016,2952790016,20283817984,10985453536
1786402366847,2952790016,2952790016,20283817984,10985813984
1786402367056,2952790016,2952790016,20283817984,10985813984
1786402367267,2952790016,2952790016,20283817984,10985813984
1786402367476,2952790016,2952790016,20283817984,10985813984
1786402367680,2952790016,2952790016,20283817984,10985813984
1786402367888,3221225472,3042967552,20374945792,10985600992
1786402368098,3221225472,3221225472,20552253440,10985469920
1786402368309,3221225472,3221225472,20552253440,10985469920
1786402368521,3221225472,3221225472,20552253440,10985469920
1786402368726,3221225472,3221225472,20552253440,10985486304
1786402368932,3221225472,3221225472,20552253440,10985486304
1786402369142,3221225472,3221225472,20552253440,10985469920
1786402369353,3221225472,3221225472,20552253440,10985469920
1786402369564,3221225472,3221225472,20552253440,10985469920
1786402369770,3221225472,3221225472,20552253440,10985469920
1786402369977,3489660928,3408920576,20740210688,10979162080
1786402370188,3489660928,3489660928,20820688896,10969266144
1786402370398,3489660928,3489660928,20820688896,10969266144
1786402370606,3489660928,3489660928,20820688896,10970052576
1786402370817,3489660928,3489660928,20820688896,10970052576
1786402371028,3489660928,3489660928,20820688896,10970068960
1786402371239,3489660928,3489660928,20820688896,10970052576
1786402371445,3489660928,3489660928,20820688896,10970052576
1786402371655,3489660928,3489660928,20820688896,10970462176
1786402371866,3758096384,3555721216,20886880256,10957191136
1786402372076,3758096384,3758096384,21089124352,10927306720
1786402372287,3758096384,3758096384,21089124352,10927306720
1786402372498,3758096384,3758096384,21089124352,10927306720
1786402372710,3758096384,3758096384,21089124352,10927306720
1786402372910,3758096384,3758096384,21089124352,10927437792
1786402373114,3758096384,3758096384,21089124352,10927437792
1786402373326,3758096384,3758096384,21089124352,10927437792
1786402373537,3758096384,3758096384,21089124352,10927437792
1786402373739,3758096384,3758096384,21089124352,10927437792
1786402373941,4026531840,3848273920,21179465728,10928289760
1786402374141,4026531840,4026531840,21357559808,10908596192
1786402374352,4026531840,4026531840,21357559808,10908596192
1786402374562,4026531840,4026531840,21357559808,10908596192
1786402374773,4026531840,4026531840,21357559808,10908596192
1786402374975,4026531840,4026531840,21357559808,10908612576
1786402375178,4026531840,4026531840,21357559808,10908596192
1786402375389,4026531840,4026531840,21357559808,10908743648
1786402375600,4026531840,4026531840,21357559808,10908743648
1786402375806,4026531840,4026531840,21357559808,10908743648
1786402376010,4294967296,4206886912,21538439168,10860509152
1786402376213,4294967296,4294967296,21625995264,10860509152
1786402376424,4294967296,4294967296,21625995264,10860509152
1786402376627,4294967296,4294967296,21625995264,10860656608
1786402376839,4294967296,4294967296,21625995264,10860672992
1786402377048,4294967296,4294967296,21625995264,10860656608
1786402377254,4294967296,4294967296,21625995264,10860656608
1786402377456,4294967296,4294967296,21625995264,10860656608
1786402377657,4294967296,4294967296,21625995264,10860656608
1786402377868,4294967296,4294967296,21625995264,10860787680
1786402378078,4563402752,4563402752,21894430720,10860853216
1786402378279,4563402752,4563402752,21894430720,10860869600
1786402378487,4563402752,4563402752,21894430720,10860869600
1786402378689,4563402752,4563402752,21894430720,10860853216
1786402378900,4563402752,4563402752,21894430720,10860853216
1786402379104,4563402752,4563402752,21894430720,10861000672
1786402379315,4563402752,4563402752,21894430720,10861000672
1786402379521,4563402752,4563402752,21894430720,10861000672
1786402379727,4563402752,4563402752,21894430720,10861000672
1786402379932,4831838208,4595908608,21926936576,10861492192
1786402380143,4831838208,4831838208,22162866176,10861164512
1786402380353,4831838208,4831838208,22162866176,10861164512
1786402380565,4831838208,4831838208,22162866176,10861164512
1786402380774,4831838208,4831838208,22162866176,10861180896
1786402380976,4831838208,4831838208,22162866176,10861180896
1786402381186,4831838208,4831838208,22162866176,10861180896
1786402381387,4831838208,4831838208,22162866176,10861328352
1786402381596,4831838208,4831838208,22162866176,10861328352
1786402381802,4831838208,4831838208,22162866176,10861344736
1786402382003,5100273664,4926210048,22257664000,10861803488
1786402382206,5100273664,5100273664,22431301632,10864605152
1786402382418,5100273664,5100273664,22431301632,10864621536
1786402382620,5100273664,5100273664,22431301632,10864752608
1786402382831,5100273664,5100273664,22431301632,10864752608
1786402383038,5100273664,5100273664,22431301632,10864752608
1786402383245,5100273664,5100273664,22431301632,10864752608
1786402383456,5100273664,5100273664,22431301632,10864768992
1786402383659,5100273664,5100273664,22431301632,10864752608
1786402383870,5100273664,5100273664,22431301632,10864916448
1786402384074,5368709120,5333057536,22664708096,10865227744
1786402384279,5368709120,5368709120,22699737088,10864932832
1786402384489,5368709120,5368709120,22699737088,10864916448
1786402384704,5368709120,5368709120,22699737088,10864932832
1786402384909,5368709120,5368709120,22699737088,10864916448
1786402385118,5368709120,5368709120,22699737088,10865063904
1786402385329,5368709120,5368709120,22699737088,10865063904
1786402385536,5368709120,5368709120,22699737088,10865063904
1786402385744,5368709120,5368709120,22699737088,10865080288
1786402385950,5637144576,5369757696,22701572096,10865096672
1786402386155,5637144576,5610930176,22942105600,10865440736
1786402386366,5637144576,5637144576,22968172544,10865063904
1786402386577,5637144576,5637144576,22968172544,10865063904
1786402386793,5637144576,5637144576,22968172544,10865080288
1786402387005,5637144576,5637144576,22968172544,10865063904
1786402387208,5637144576,5637144576,22968172544,10865080288
1786402387418,5637144576,5637144576,22968172544,10865407968
1786402387621,5637144576,5637144576,22968172544,10865407968
1786402387832,5637144576,5637144576,22968172544,10865407968
1786402388043,5905580032,5701107712,23032135680,10865735648
1786402388253,5905580032,5905580032,23236608000,10864900064
1786402388464,5905580032,5905580032,23236608000,10864900064
1786402388665,5905580032,5905580032,23236608000,10865309664
1786402388872,5905580032,5905580032,23236608000,10865309664
1786402389082,5905580032,5905580032,23236608000,10865309664
1786402389291,5905580032,5905580032,23236608000,10865309664
1786402389503,5905580032,5905580032,23236608000,10865309664
1786402389709,5905580032,5905580032,23236608000,10865309664
1786402389919,5905580032,5905580032,23236608000,10865309664
1786402390120,6174015488,6129975296,23461412864,10865113056
1786402390323,6174015488,6174015488,23505043456,10864736224
1786402390527,6174015488,6174015488,23505043456,10864736224
1786402390732,6174015488,6174015488,23505043456,10864736224
1786402390934,6174015488,6174015488,23505043456,10864736224
1786402391145,6174015488,6174015488,23505043456,10864736224
1786402391356,6174015488,6174015488,23505043456,10864736224
1786402391566,6174015488,6174015488,23505043456,10864752608
1786402391770,6174015488,6174015488,23505043456,10864736224
1786402391981,6174015488,6174015488,23505043456,10864736224
1786402392183,6442450944,6383730688,23714758656,10791417896
1786402392393,6442450944,6442450944,23773478912,10733697160
1786402392605,6442450944,6442450944,23773478912,10733697160
1786402392812,6442450944,6442450944,23773478912,10733697160
1786402393020,6442450944,6442450944,23773478912,10733697160
1786402393223,6442450944,6442450944,23773478912,10733697160
1786402393425,6442450944,6442450944,23773478912,10766956680
1786402393635,6442450944,6442450944,23773478912,10772592800
1786402393846,6442450944,6442450944,23773478912,10772592800
1786402394056,6710886400,6474956800,23806787584,10727962784
1786402394262,6710886400,6710886400,24041914368,10376198304
1786402394473,6710886400,6710886400,24041914368,10376214688
1786402394684,6710886400,6710886400,24041914368,10376198304
1786402394893,6710886400,6710886400,24041914368,10376902816
1786402395103,6710886400,6710886400,24041914368,10379491488
1786402395306,6710886400,6710886400,24041914368,10392156320
1786402395516,6710886400,6710886400,24041914368,10394302648
1786402395728,6710886400,6710886400,24041914368,10394302648
1786402395934,6710886400,6710886400,24041914368,10394302648
1786402396138,6979321856,6938427392,24270127104,9948444856
1786402396340,6979321856,6979321856,24310349824,9869359288
1786402396550,6979321856,6979321856,24310349824,9869359288
1786402396755,6979321856,6979321856,24310349824,9869834424
1786402396965,6979321856,6979321856,24310349824,9870653624
1786402397176,6979321856,6979321856,24310349824,9870899384
1786402397391,6979321856,6979321856,24310349824,9870915768
1786402397593,6979321856,6979321856,24310349824,9870899384
1786402397803,6979321856,6979321856,24310349824,9870915768
1786402398013,6979321856,6979321856,24310349824,9870899384
1786402398224,7247757312,7247757312,24578785280,9336289464
1786402398426,7247757312,7247757312,24582914048,9457318192
1786402398632,7247757312,7247757312,24584880128,9457334576
1786402398838,7247757312,7247757312,24584880128,9457334576
1786402399049,7247757312,7247757312,24584880128,9457334576
1786402399260,7247757312,7247757312,24584880128,9457334576
1786402399474,7247757312,7247757312,24584880128,9457350960
1786402399679,7247757312,7247757312,24584880128,9457350960
1786402399887,7247757312,7247757312,24584880128,9457350960
1786402400088,7516192768,7345274880,24682512384,9261119792
1786402400299,7516192768,7516192768,24853315584,8920529200
1786402400510,7516192768,7516192768,24853315584,8920529200
1786402400713,7516192768,7516192768,24853315584,8920545584
1786402400919,7516192768,7516192768,24853315584,8920529200
1786402401129,7516192768,7516192768,24853315584,8920545584
1786402401331,7516192768,7516192768,24853315584,8920529200
1786402401542,7516192768,7516192768,24853315584,8920529200
1786402401752,7516192768,7516192768,24853315584,8920529200
1786402401963,7516192768,7516192768,24853315584,8920529200
1786402402167,7784628224,7715422208,25053265920,8520792368
1786402402370,7784628224,7784628224,25121751040,8384477488
1786402402581,7784628224,7784628224,25121751040,8384477488
1786402402784,7784628224,7784628224,25121751040,8384477488
1786402402992,7784628224,7784628224,25121751040,8384477488
1786402403198,7784628224,7784628224,25121751040,8384477488
1786402403409,7784628224,7784628224,25121751040,8384477488
1786402403613,7784628224,7784628224,25121751040,8384477488
1786402403823,7784628224,7784628224,25121751040,8384477488
1786402404031,7784628224,7784628224,25121751040,8384477488
1786402404235,8053063680,8053063680,25390186496,7847639344
1786402404442,8053063680,8053063680,25390186496,7847639344
1786402404644,8053063680,8053063680,25390186496,7847639344
1786402404855,8053063680,8053063680,25390186496,7847639344
1786402405066,8053063680,8053063680,25390186496,7847639344
1786402405270,8053063680,8053063680,25390186496,7847639344
1786402405502,8053063680,8053063680,25390186496,7847639344
1786402405712,8053063680,8053063680,25390186496,7847639344
1786402405915,8053063680,8053063680,25390186496,7847639344
1786402406115,8321499136,8166309888,25504481280,7619410224
1786402406326,8321499136,8321499136,25658621952,7311653168
1786402406537,8321499136,8321499136,25658621952,7311653168
1786402406741,8321499136,8321499136,25658621952,7311669552
1786402406952,8321499136,8321499136,25658621952,7311653168
1786402407160,8321499136,8321499136,25658621952,7311653168
1786402407371,8321499136,8321499136,25658621952,7311653168
1786402407572,8321499136,8321499136,25658621952,7311653168
1786402407783,8321499136,8321499136,25658621952,7311653168
1786402407994,8321499136,8321499136,25658621952,7311653168
1786402408205,8589934592,8559525888,25897664512,6833043760
1786402408415,8589934592,8589934592,25927057408,6774815024
1786402408622,8589934592,8589934592,25927057408,6774815024
1786402408833,8589934592,8589934592,25927057408,6774815024
1786402409034,8589934592,8589934592,25927057408,6774815024
1786402409237,8589934592,8589934592,25927057408,6774815024
1786402409447,8589934592,8589934592,25927057408,6774815024
1786402409658,8589934592,8589934592,25927057408,6774815024
1786402409867,8589934592,8589934592,25927057408,6774815024
1786402410069,8589934592,8589934592,25927057408,6774815024
1786402410280,8665628672,8665628672,26002751488,6623426864
1786402410489,8665628672,8665628672,26002751488,6623426864
1786402410690,8665628672,8665628672,26002751488,6623426864
1786402410901,8665628672,8665628672,26002751488,6623426864
1786402411112,8665628672,8665628672,26002751488,6623426864
1786402411321,8665628672,8665628672,26002751488,6623443248
1786402411523,8665628672,8665628672,26002751488,6623443248
1786402411727,8665628672,8665628672,26002751488,6623426864
1786402411928,8665628672,8665628672,26002751488,6623426864
1786402412133,8665628672,8665628672,26002751488,6623426864
1786402412340,8665628672,8665628672,26002751488,6623426864
1786402412551,8665628672,8665628672,26002751488,6623426864
1786402412762,8665628672,8665628672,26002751488,6623426864
1786402412965,8665628672,8665628672,26002751488,6623426864
1786402413171,8665628672,8665628672,26002751488,6623426864
1786402413374,8665628672,8665628672,26002751488,6623426864
1786402413584,8665628672,8665628672,26002751488,6623426864
1786402413785,8665628672,8665628672,26002751488,6623426864
1786402413991,8665628672,8665628672,26002751488,6623426864
1786402414201,8665628672,8665628672,26002751488,6623426864
1786402414405,8665628672,8665628672,26002751488,6623443248
1786402414609,8665628672,8665628672,26002751488,6623426864
1786402414814,8665628672,8665628672,26002751488,6623426864
1786402415023,8665628672,8665628672,26002751488,6623426864
1786402415234,8665628672,8665628672,26002751488,6623426864
1786402415436,8665628672,8665628672,26002751488,6623426864
1786402415646,8665628672,8665628672,26002751488,6623426864
1786402415856,8665628672,8665628672,26002751488,6623443248
1786402416062,8665628672,8665628672,26002751488,6623426864
1786402416272,8665628672,8665628672,26002751488,6623426864
1786402416474,8665628672,8665628672,26002751488,6623443248
1786402416677,8665628672,8665628672,26002751488,6623426864
1786402416878,8665628672,8665628672,26002751488,6623426864
1786402417086,8665628672,8665628672,26002751488,6623426864
1786402417297,8665628672,8665628672,26002751488,6623426864
1786402417500,8665628672,8665628672,26002751488,6623426864
1786402417705,8665628672,8665628672,26002751488,6623426864
1786402417910,8665628672,8665628672,26002751488,6623426864
1786402418120,8665628672,8665628672,26002751488,6623426864
1786402418321,8665628672,8665628672,26002751488,6623426864
1786402418522,8665628672,8665628672,26002751488,6623426864
1786402418733,8665628672,8665628672,26002751488,6623426864
1786402418943,8665628672,8665628672,26002751488,6623426864
1786402419149,8665628672,8665628672,26002751488,6623426864
1786402419356,8665628672,8665628672,26002751488,6623443248
1786402419562,8665628672,8665628672,26002751488,6623426864
1786402419764,8665628672,8665628672,26002751488,6623426864
1786402419965,8665628672,8665628672,26002751488,6623426864
1786402420175,8665628672,8665628672,26002751488,6623426864
1786402420386,8665628672,8665628672,26002751488,6623426864
1786402420589,8665628672,8665628672,26002751488,6623443248
1786402420797,8665628672,8665628672,26002751488,6623426864
1786402421007,8665628672,8665628672,26002751488,6623426864
1786402421207,8665628672,8665628672,26002751488,6623426864
1786402421411,8665628672,8665628672,26002751488,6623426864
1786402421622,8665628672,8665628672,26002751488,6623426864
1786402421833,8665628672,8665628672,26002751488,6623426864
1786402422041,8665628672,8665628672,26002751488,6623426864
1786402422245,8665628672,8665628672,26002751488,6623443248
1786402422446,8665628672,8665628672,26002751488,6623443248
1786402422656,8665628672,8665628672,26002751488,6623459632
1786402422861,8665628672,8665628672,26002751488,6623443248
1786402423065,8665628672,8665628672,26002751488,6623443248
1786402423276,8665628672,8665628672,26002751488,6623443248
1786402423486,8665628672,8665628672,26002751488,6623443248
1786402423698,8665628672,8665628672,26002751488,6623443248
1786402423906,8665628672,8665628672,26002751488,6623459632
1786402424116,8665628672,8665628672,26002751488,6623443248
1786402424318,8665628672,8665628672,26002751488,6623443248
1786402424521,8665628672,8665628672,26002751488,6623443248
1786402424725,8665628672,8665628672,26002751488,6623443248
1786402424936,8665628672,8665628672,26002751488,6623459632
1786402425142,8665628672,8665628672,26002751488,6623443248
1786402425354,8665628672,8665628672,26002751488,6623443248
1786402425565,8665628672,8665628672,26002751488,6623443248
1786402425774,8665628672,8665628672,26002751488,6623443248
1786402425981,8665628672,8665628672,26002751488,6623443248
1786402426182,8665628672,8665628672,26002751488,6623443248
1786402426393,8665628672,8665628672,26002751488,6623443248
1786402426604,8665628672,8665628672,26002751488,6623443248
1786402426813,8665628672,8665628672,26002751488,6623443248
1786402427024,8665628672,8665628672,26002751488,6623443248
1786402427228,8665628672,8665628672,26002751488,6623443248
1786402427434,8665628672,8665628672,26002751488,6623443248
1786402427644,8665628672,8665628672,26002751488,6623443248
1786402427855,8665628672,8665628672,26002751488,6623443248
1786402428060,8665628672,8665628672,26002751488,6623459632
1786402428271,8665628672,8665628672,26002751488,6623459632
1786402428476,8665628672,8665628672,26002751488,6623443248
1786402428688,8665628672,8665628672,26002751488,6623443248
1786402428890,8665628672,8665628672,26002751488,6623443248
1786402429091,8665628672,8665628672,26002751488,6623443248
1786402429297,8665628672,8665628672,26002751488,6623443248
1786402429508,8665628672,8665628672,26002751488,6623443248
1786402429719,8665628672,8665628672,26002751488,6623443248
1786402429930,8665628672,8665628672,26002751488,6623443248
1786402430141,8665628672,8665628672,26002751488,6623443248
1786402430352,8665628672,8665628672,26002751488,6623443248
1786402430563,8665628672,8665628672,26002751488,6623443248
1786402430764,8665628672,8665628672,26002751488,6623443248
1786402430965,8665628672,8665628672,26011058176,6607288624
1786402431166,8665628672,8665628672,26050576384,6528252208
1786402431377,8607678464,8607678464,26058784768,6511868208
1786402431588,8607678464,8607678464,26058784768,6511868208
1786402431794,8607678464,8607678464,26058784768,6511884592
1786402432000,8607678464,8607678464,26058784768,6513162544
1786402432211,8607678464,8607678464,26058784768,6525614384
1786402432413,8607678464,8607678464,26058784768,6525614384
1786402432624,8607678464,8607678464,26058784768,6525614384
1786402432835,8607678464,8607678464,26058784768,6525614384
1786402433044,8607678464,8607678464,26058784768,6525614384
1786402433251,8672018432,8619212800,26071040000,6500809008
1786402433460,8672018432,8672018432,26123124736,6397737264
1786402433671,8672018432,8672018432,26123124736,6397720880
1786402433872,8672018432,8672018432,26123124736,6397720880
1786402434082,8672018432,8672018432,26123124736,6397720880
1786402434292,8672018432,8672018432,26123124736,6397720880
1786402434503,8672018432,8672018432,26123124736,6397720880
1786402434706,8672018432,8672018432,26123124736,6397720880
1786402434914,8672018432,8672018432,26123124736,6397720880
1786402435117,8672018432,8672018432,26123124736,6397720880
1786402435320,8672018432,8672018432,26123124736,6397720880
1786402435531,8672018432,8672018432,26123124736,6397720880
1786402435733,8672018432,8672018432,26123124736,6397720880
1786402435944,8672018432,8672018432,26123124736,6397720880
1786402436152,8672018432,8672018432,26123124736,6397720880
1786402436366,8672018432,8672018432,26123124736,6397737264
1786402436569,8672018432,8672018432,26123124736,6397720880
1786402436770,8672018432,8672018432,26123124736,6397720880
1786402436972,8672018432,8672018432,26123124736,6397720880
1786402437183,8672018432,8672018432,26123124736,6397720880
1786402437394,8672018432,8672018432,26123124736,6397737264
1786402437596,8672018432,8672018432,26123124736,6397720880
1786402437806,8672018432,8672018432,26123124736,6397720880
1786402438012,8672018432,8672018432,26123124736,6397720880
1786402438218,8672018432,8672018432,26123124736,6397720880
1786402438419,8672018432,8672018432,26123124736,6397720880
1786402438630,8672018432,8672018432,26123124736,6397720880
1786402438840,8672018432,8672018432,26123124736,6397720880
1786402439050,8672018432,8672018432,26123124736,6397737264
1786402439257,8672018432,8672018432,26123124736,6397753648
1786402439464,8672018432,8672018432,26123124736,6397737264
1786402439675,8672018432,8672018432,26123124736,6397737264
1786402439877,8672018432,8672018432,26123124736,6397737264
1786402440081,8672018432,8672018432,26123124736,6397737264
1786402440292,8672018432,8672018432,26123124736,6397770032
1786402440503,8672018432,8672018432,26123124736,6397753648
1786402440706,8672018432,8672018432,26123124736,6397770032
1786402440917,8672018432,8672018432,26123124736,6397753648
1786402441121,8672018432,8672018432,26123124736,6397753648
1786402441322,8672018432,8672018432,26123124736,6397753648
1786402441523,8672018432,8672018432,26123124736,6397753648
1786402441734,8672018432,8672018432,26123124736,6397753648
1786402441945,8672018432,8672018432,26123124736,6397753648
1786402442151,8672018432,8672018432,26123124736,6397753648
1786402442356,8672018432,8672018432,26123124736,6397753648
1786402442565,8672018432,8672018432,26123124736,6397770032
1786402442766,8672018432,8672018432,26123124736,6397753648
1786402442968,8672018432,8672018432,26123124736,6397753648
1786402443169,8672018432,8672018432,26123124736,6397753648
1786402443380,8672018432,8672018432,26123124736,6397753648
1786402443588,8672018432,8672018432,26123124736,6397753648
1786402443791,8672018432,8672018432,26123124736,6397753648
1786402443994,8672018432,8672018432,26123124736,6397753648
1786402444203,8672018432,8672018432,26123124736,6397753648
1786402444411,8672018432,8672018432,26123124736,6397753648
1786402444619,8672018432,8672018432,26123124736,6397753648
1786402444830,8672018432,8672018432,26123124736,6397753648
1786402445040,8672018432,8672018432,26123124736,6397753648
1786402445250,8672018432,8672018432,26123124736,6397753648
1786402445461,8672018432,8672018432,26123124736,6397770032
1786402445669,8672018432,8672018432,26123124736,6397770032
1786402445878,8672018432,8672018432,26123124736,6397753648
1786402446084,8672018432,8672018432,26123124736,6397753648
1786402446294,8672018432,8672018432,26123124736,6397753648
1786402446505,8672018432,8672018432,26123124736,6397753648
1786402446713,8672018432,8672018432,26123124736,6397770032
1786402446916,8672018432,8672018432,26123124736,6397753648
1786402447127,8672018432,8672018432,26123124736,6397770032
1786402447337,8672018432,8672018432,26123124736,6397753648
1786402447543,8672018432,8672018432,26123124736,6397753648
1786402447743,8672018432,8672018432,26123124736,6397753648
1786402447954,8672018432,8672018432,26123124736,6397753648
1786402448165,8672018432,8672018432,26123124736,6397753648
1786402448368,8672018432,8672018432,26123124736,6397753648
1786402448577,8672018432,8672018432,26123124736,6397753648
1786402448783,8672018432,8672018432,26123124736,6397753648
1786402448985,8672018432,8672018432,26123124736,6397753648
1786402449193,8672018432,8672018432,26123124736,6397753648
1786402449398,8672018432,8672018432,26123124736,6397753648
1786402449609,8672018432,8672018432,26123124736,6397753648
1786402449811,8672018432,8672018432,26123124736,6397753648
1786402450031,8672018432,8672018432,26123124736,6397770032
1786402450237,8672018432,8672018432,26123124736,6397753648
1786402450448,8672018432,8672018432,26123124736,6397753648
1786402450649,8672018432,8672018432,26123124736,6397753648
1786402450855,8672018432,8672018432,26123124736,6397753648
1786402451066,8672018432,8672018432,26123124736,6397753648
1786402451276,8672018432,8672018432,26123124736,6397753648
1786402451484,8672018432,8672018432,26123124736,6397770032
1786402451695,8672018432,8672018432,26123124736,6397770032
1786402451898,8672018432,8672018432,26123124736,6397770032
1786402452108,8672018432,8672018432,26123124736,6397770032
1786402452310,8672018432,8672018432,26123124736,6397770032
1786402452511,8672018432,8672018432,26123124736,6397770032
1786402452722,8672018432,8672018432,26123124736,6397770032
1786402452933,8672018432,8672018432,26123124736,6397770032
1786402453143,8672018432,8672018432,26123124736,6397770032
1786402453353,8672018432,8672018432,26123124736,6397770032
1786402453564,8672018432,8672018432,26123124736,6397770032
1786402453768,8672018432,8672018432,26123124736,6397770032
1786402453969,8672018432,8672018432,26123124736,6397770032
1786402454180,8672018432,8672018432,26123124736,6397770032
1786402454391,8672018432,8672018432,26123124736,6397770032
1786402454601,8672018432,8672018432,26123124736,6397770032
1786402454808,8672018432,8672018432,26123124736,6397770032
1786402455020,8672018432,8672018432,26123124736,6397770032
1786402455227,8672018432,8672018432,26123124736,6397770032
1786402455428,8672018432,8672018432,26123124736,6397770032
1786402455638,8672018432,8672018432,26123124736,6397770032
1786402455849,8672018432,8672018432,26123124736,6397770032
1786402456059,8672018432,8672018432,26123124736,6397786416
1786402456263,8672018432,8672018432,26123124736,6397770032
1786402456474,8672018432,8672018432,26123124736,6397770032
1786402456678,8672018432,8672018432,26123124736,6397770032
1786402456884,8672018432,8672018432,26123124736,6397770032
1786402457095,8672018432,8672018432,26123124736,6397770032
1786402457306,8672018432,8672018432,26123124736,6397786416
1786402457513,8672018432,8672018432,26123124736,6397786416
1786402457719,8672018432,8672018432,26123124736,6397770032
1786402457925,8672018432,8672018432,26123124736,6397770032
1786402458136,8672018432,8672018432,26123124736,6397770032
1786402458346,8672018432,8672018432,26123124736,6397770032
1786402458547,8672018432,8672018432,26123124736,6397770032
1786402458758,8672018432,8672018432,26123124736,6397770032
1786402458968,8672018432,8672018432,26123124736,6397770032
1786402459178,8672018432,8672018432,26124468224,6395083056
1786402459389,8703000576,8683552768,26136985600,6372358448
1786402459601,8703000576,8703000576,26155450368,6339049776
1786402459804,8703000576,8703000576,26155450368,6373079392
1786402460014,8703000576,8703000576,26155450368,6377240928
1786402460224,8703000576,8703000576,26155450368,6377240928
1786402460432,8677851136,8677851136,26155450368,6377240928
1786402460641,8677851136,8677851136,26155450368,6377240928
1786402460852,8677851136,8677851136,26155450368,6377240928
1786402461058,8677851136,8677851136,26155450368,6377257312
1786402461265,8677851136,8677851136,26155450368,6377240928
1786402461466,8677851136,8677851136,26155450368,6377109856
1786402461668,8677851136,8677851136,26155450368,6377109856
1786402461879,8677851136,8677851136,26155450368,6377109856
1786402462090,8677851136,8677851136,26155450368,6377126240
1786402462300,8677851136,8677851136,26155450368,6377109856
1786402462506,8677851136,8677851136,26155450368,6377109856
1786402462718,8677851136,8677851136,26155450368,6377109856
1786402462927,8677851136,8677851136,26155450368,6377109856
1786402463128,8677851136,8677851136,26155450368,6377109856
1786402463338,8677851136,8677851136,26155450368,6377109856
1786402463550,8677851136,8677851136,26155450368,6377109856
1786402463761,8677851136,8677851136,26155450368,6377109856
1786402463968,8677851136,8677851136,26155450368,6377109856
1786402464178,8677851136,8677851136,26155450368,6377109856
1786402464389,8677851136,8677851136,26180698112,6367344992
1786402464598,8677851136,8677851136,26180714496,6374013280
1786402464808,8677851136,8677851136,26180714496,6374013280
1786402465019,8677851136,8677851136,26180714496,6374013280
1786402472360,8662335488,8662335488,26308820992,6201719136
1786402472575,8662335488,8662335488,26308820992,6201719136
1786402472787,8662335488,8662335488,26308820992,6201719136
1786402472996,8662335488,8662335488,26308820992,6201735520
1786402473201,0,8152727552,26308820992,6201719136
1786402473403,0,7486881792,26308820992,6201719136
1786402473604,0,6939525120,26308820992,6200768864
1786402473805,0,6417334272,26308820992,6200375648
1786402474015,0,5867880448,26308820992,6110558560
1786402474226,0,5216714752,26308820992,6110558560
1786402474427,0,4559257600,26308820992,6110558560
1786402474631,0,3889217536,26308820992,6110558560
1786402474841,0,3196108800,26308820992,6110558560
1786402475043,0,2532360192,26308820992,6110558560
1786402475251,0,1917894656,26308820992,6110558560
1786402475462,0,1228980224,26308820992,6110558560
1786402475672,0,556843008,26308820992,6110558560
1786402475882,0,0,26308820992,6110558560
1786402476085,0,0,26308820992,6110558560
1786402476293,0,0,26308820992,6110558560
1786402476503,0,0,26308820992,6110919008
1786402476714,0,0,26308820992,6110919008
1786402476925,0,0,26308820992,6110919008
1786402477131,0,0,26308820992,6110919008
1786402477339,0,0,26308820992,6110919008
1786402477550,0,0,26308820992,6110968160
1786402477760,0,0,26308820992,6110968160
1786402477971,0,0,26308820992,6110984544
1786402478175,0,0,26308820992,6110984544
1786402478386,0,0,26308820992,6110984544
1786402478591,0,0,26308820992,6110984544
1786402478792,0,0,26308820992,6110984544
1786402478998,0,0,26308820992,6110984544
1786402479209,0,0,26308820992,6111000928
1786402479413,0,0,26308820992,6111000928
1786402479623,0,0,26308820992,6111000928
1786402479829,0,0,26308820992,6111000928
1786402480030,0,0,26308820992,6111082848
1786402480240,0,0,26308820992,6110951776
1786402480451,0,0,26308820992,6110951776
1786402480657,0,0,26308820992,6110968160
1786402480864,0,0,26308820992,6110951776
1786402481070,0,0,26308820992,6110968160
1786402481278,0,0,26308820992,6111132000
1786402481487,0,0,26308820992,6111148384
1786402481692,0,0,26308820992,6111132000
1786402481902,0,0,26308820992,6111132000
1786402482106,0,0,26308820992,6111132000
1786402482308,0,0,26308820992,6111132000
1786402482519,0,0,26308820992,6111377760
1786402482731,0,0,26308820992,6111377760
1786402482943,0,0,26308820992,6111377760
1786402483145,0,0,26308820992,6111377760
1786402483354,0,0,26308820992,6111377760
1786402483565,0,0,26308820992,6111377760
1786402483776,0,0,26308820992,6111525216
1786402483987,0,0,26308820992,6111525216
1786402484198,0,0,26308820992,6111525216
1786402484406,0,0,26308820992,6111525216
1786402484608,0,0,26308820992,6111525216
1786402484811,0,0,26308820992,6111525216
1786402485021,0,0,26308820992,6111525216
1786402485232,0,0,26308820992,6111525216
1786402485440,0,0,26308820992,6111525216
1786402485650,0,0,26308820992,6111525216
1786402485860,0,0,26308820992,6111525216
1786402486063,0,0,26308820992,6111672672
1786402486274,0,0,26308820992,6111672672
1786402486475,0,0,26308820992,6111672672
1786402486683,0,0,26308820992,6111672672
1786402486894,0,0,26308820992,6111672672
1786402487103,0,0,26308820992,6111672672
1786402487309,0,0,26308820992,6111672672
1786402487519,0,0,26308820992,6111672672
1786402487730,0,0,26308820992,6111672672
1786402487942,0,0,26308820992,6111672672
1786402488144,0,0,26308820992,6111672672
1786402488351,0,0,26308820992,6111672672
1786402488561,0,0,26308820992,6111803744
1786402488767,0,0,26308820992,6111803744
1786402488978,0,0,26308820992,6111803744
1786402489186,0,0,26308820992,6111803744
1786402489395,0,0,26308820992,6111803744
1786402489605,0,0,26308820992,6111803744
1786402489809,0,0,26308820992,6111934816
1786402490017,0,0,26308820992,6111951200
1786402490219,0,0,26308820992,6111934816
1786402490429,0,0,26308820992,6111934816
1786402490640,0,0,26308820992,6111934816
1786402490852,0,0,26308820992,6111951200
1786402491062,0,0,26308820992,6111934816
1786402491273,0,0,26308820992,6111934816
1786402491475,0,0,26308820992,6111934816
1786402491679,0,0,26308820992,6111934816
1786402491890,0,0,26308820992,6111934816
1786402492101,0,0,26308820992,6111934816
1786402492312,0,0,26308820992,6111934816
1786402492522,0,0,26308820992,6111934816
1786402492730,0,0,26308820992,6111934816
1786402492940,0,0,26308820992,6111934816
1786402493147,0,0,26308820992,6111934816
1786402493353,0,0,26308820992,6111934816
1786402493556,0,0,26308820992,6111934816
1786402493767,0,0,26308820992,6111934816
1786402493978,0,0,26308820992,6111934816
1786402494190,0,0,26308820992,6111934816
1786402494401,0,0,26308820992,6111934816
1786402494611,0,0,26308820992,6111934816
1786402494822,0,0,26308820992,6111934816
1786402495033,0,0,26308820992,6111934816
1786402495239,0,0,26308820992,6111951200
1786402495447,0,0,26308820992,6111934816
1786402495654,0,0,26308820992,6111934816
1786402495858,0,0,26308820992,6111934816
1786402496061,0,0,26308820992,6111934816
1786402496272,0,0,26308820992,6111934816
1786402496474,0,0,26308820992,6111934816
1786402496685,0,0,26308820992,6111934816
1786402496896,0,0,26308820992,6111934816
1786402497105,0,0,26308820992,6111934816
1786402497316,0,0,26308820992,6111934816
1786402497527,0,0,26308820992,6111934816
1786402497736,0,0,26308820992,6111934816
1786402497946,0,0,26308820992,6111934816
1786402498156,0,0,26308820992,6111951200
1786402498360,0,0,26308820992,6111934816
1786402498571,0,0,26308820992,6111934816
1786402498782,0,0,26308820992,6111934816
1786402498991,0,0,26308820992,6111934816
1786402499198,0,0,26308820992,6111934816
1786402499407,0,0,26308820992,6111934816
1786402499618,0,0,26308820992,6111934816
1786402499829,0,0,26308820992,6111951200
1786402500033,0,0,26308820992,6111934816
1786402500245,0,0,26308820992,6111951200
1786402500455,0,0,26308820992,6111934816
1786402500666,0,0,26308820992,6112082272
1786402500876,0,0,26308820992,6112082272
1786402501088,0,0,26308820992,6112082272
1786402501293,0,0,26308820992,6112082272
1786402501502,0,0,26308820992,6112082272
1786402501704,0,0,26308820992,6112082272
1786402501906,0,0,26308820992,6112229728
1786402502110,0,0,26308820992,6112229728
1786402502321,0,0,26308820992,6112229728
1786402502527,0,0,26308820992,6112229728
1786402502737,0,0,26308820992,6112229728
1786402502940,0,0,26308820992,6112229728
1786402503142,0,0,26308820992,6112229728
1786402503353,0,0,26308820992,6112229728
1786402503564,0,0,26308820992,6112229728
1786402503776,0,0,26308820992,6112229728
1786402503987,0,0,26308820992,6112229728
1786402504189,0,0,26308820992,6112229728
1786402504392,0,0,26308820992,6112229728
1786402504603,0,0,26308820992,6112229728
1786402504806,0,0,26308820992,6112229728
1786402505015,0,0,26308820992,6112229728
1786402505217,0,0,26308820992,6112229728
1786402505427,0,0,26308820992,6112229728
1786402505628,0,0,26308820992,6112344416
1786402505839,0,0,26308820992,6112344416
1786402506050,0,0,26308820992,6112344416
1786402506256,0,0,26308820992,6112344416
1786402506467,0,0,26308820992,6112344416
1786402506675,0,0,26308820992,6112344416
1786402506885,0,0,26308820992,6112344416
1786402507089,0,0,26308820992,6112344416
1786402507296,0,0,26308820992,6112344416
1786402507501,0,0,26308820992,6112344416
1786402507709,0,0,26308820992,6112344416
1786402507921,0,0,26308820992,6112360800
1786402508121,0,0,26308820992,6112344416
1786402508332,0,0,26308820992,6112344416
1786402508543,0,0,26308820992,6112344416
1786402508755,0,0,26308820992,6112360800
1786402508960,0,0,26308820992,6112344416
1786402509170,0,0,26308820992,6112344416
1786402509371,0,0,26308820992,6112344416
1786402509581,0,0,26308820992,6112344416
1786402509792,0,0,26308820992,6112344416
1786402509994,0,0,26308820992,6112344416
1786402510204,0,0,26308820992,6112360800
1786402510405,0,0,26308820992,6112344416
1786402510615,0,0,26308820992,6112360800
1786402510826,0,0,26308820992,6112360800
1786402511037,0,0,26308820992,6112360800
1786402511244,0,0,26308820992,6112360800
1786402511455,0,0,26308820992,6112360800
1786402511657,0,0,26308820992,6112360800
1786402511867,0,0,26308820992,6112360800
1786402512078,0,0,26308820992,6112360800
1786402512290,0,0,26308820992,6112360800
1786402512500,0,0,26308820992,6112360800
1786402512707,0,0,26308820992,6112360800
1786402512912,0,0,26308820992,6112508256
1786402513122,0,0,26308820992,6112508256
1786402513333,0,0,26308820992,6112508256
1786402513536,0,0,26308820992,6112508256
1786402513747,0,0,26308820992,6112508256
1786402513956,0,0,26308820992,6112508256
1786402514161,0,0,26308820992,6112622944
1786402514372,0,0,26308820992,6112622944
1786402514583,0,0,26308820992,6112622944
1786402514786,0,0,26308820992,6112622944
1786402514997,0,0,26308820992,6112622944
1786402515205,0,0,26308820992,6112622944
1786402515409,0,0,26308820992,6112622944
1786402515613,0,0,26308820992,6112622944
1786402515824,0,0,26308820992,6112622944
1786402516029,0,0,26308820992,6112622944
1786402516240,0,0,26308820992,6112622944
1786402516451,0,0,26308820992,6112622944
1786402516662,0,0,26308820992,6112622944
1786402516864,0,0,26308820992,6112622944
1786402517068,0,0,26308820992,6112622944
1786402517272,0,0,26308820992,6112622944
1786402517478,0,0,26308820992,6112622944
1786402517690,0,0,26308820992,6112639328
1786402517892,0,0,26308820992,6112622944
1786402518103,0,0,26308820992,6112639328
1786402518309,0,0,26308820992,6112622944
1786402518511,0,0,26308820992,6112622944
1786402518723,0,0,26308820992,6112622944
1786402518934,0,0,26308820992,6112622944
1786402519135,0,0,26308820992,6112721248
1786402519346,0,0,26308820992,6112721248
1786402519551,0,0,26308820992,6112721248
1786402519760,0,0,26308820992,6112721248
1786402519964,0,0,26308820992,6112721248
1786402520175,0,0,26308820992,6112721248
1786402520383,0,0,26308820992,6112721248
1786402520593,0,0,26308820992,6112721248
1786402520801,0,0,26308820992,6112721248
1786402521012,0,0,26308820992,6112721248
1786402521216,0,0,26308820992,6112737632
1786402521427,0,0,26308820992,6112721248
1786402521627,0,0,26308820992,6112819552
1786402521838,0,0,26308820992,6112819552
1786402522048,0,0,26308820992,6112819552
1786402522259,0,0,26308820992,6112819552
1786402522470,0,0,26308820992,6112819552
1786402522681,0,0,26308820992,6112934240
1786402522887,0,0,26308820992,6112934240
1786402523097,0,0,26308820992,6112934240
1786402523307,0,0,26308820992,6112934240
1786402523518,0,0,26308820992,6112934240
1786402523721,0,0,26308820992,6112934240
1786402523925,0,0,26308820992,6112934240
1786402524128,0,0,26308820992,6112934240
1786402524339,0,0,26308820992,6112934240
1786402524543,0,0,26308820992,6112950624
1786402524751,0,0,26308820992,6112934240
1786402524956,0,0,26308820992,6112950624
1786402525160,0,0,26308820992,6113081696
1786402525367,0,0,26308820992,6113081696
1786402525578,0,0,26308820992,6113081696
1786402525789,0,0,26308820992,6113081696
1786402525994,0,0,26308820992,6113081696
1786402526205,0,0,26308820992,6113098080
1786402526407,0,0,26308820992,6113081696
1786402526618,0,0,26308820992,6113098080
1786402526829,0,0,26308820992,6113081696
1786402527040,0,0,26308820992,6113081696
1786402527252,0,0,26308820992,6113098080
1786402527455,0,0,26308820992,6113081696
1786402527666,0,0,26308820992,6113229152
1786402527871,0,0,26308820992,6113229152
1786402528080,0,0,26308820992,6113229152
1786402528290,0,0,26308820992,6113229152
1786402528502,0,0,26308820992,6113229152
1786402528703,0,0,26308820992,6113229152
1786402528913,0,0,26308820992,6113376608
1786402529124,0,0,26308820992,6113376608
1786402529334,0,0,26308820992,6113376608
1786402529535,0,0,26308820992,6113376608
1786402529738,0,0,26308820992,6113409376
1786402529949,0,0,26308820992,6113376608
1786402530159,0,0,26308820992,6113376608
1786402530370,0,0,26308820992,6113376608
1786402530581,0,0,26308820992,6113376608
1786402530793,0,0,26308820992,6113376608
1786402530998,0,0,26308820992,6113376608
1786402531201,0,0,26308820992,6113376608
1786402531412,0,0,26308820992,6113376608
1786402531623,0,0,26308820992,6113376608
1786402531833,0,0,26308820992,6113376608
1786402532041,0,0,26308820992,6113376608
1786402532251,0,0,26308820992,6113376608
1786402540350,0,0,26308820992,6166755680
1786402540567,0,0,26308820992,6166755680
1786402540778,0,0,26308820992,6166755680
1786402540990,0,0,26308820992,6166755680
1786402541191,0,0,26308820992,6166755680
1786402541394,0,0,26308820992,6166772064
1786402541605,0,0,26308820992,6166755680
1786402541811,0,0,26308820992,6166755680
1786402542022,0,0,26308820992,6166755680
1786402542230,0,0,26308820992,6166755680
1786402542432,0,0,26308820992,6166772064
1786402542639,0,0,26308820992,6166755680
1786402542842,0,0,26308820992,6166755680
1786402543053,0,0,26308820992,6166755680
1786402543259,0,0,26308820992,6166755680
1786402543465,0,0,26308820992,6166755680
1786402543674,0,0,26308820992,6166755680
1786402543875,0,0,26308820992,6166755680
1786402544084,0,0,26308820992,6166755680
1786402544295,0,0,26308820992,6166755680
1786402544502,0,0,26308820992,6166755680
1786402544704,0,0,26308820992,6166755680
1786402544915,0,0,26308820992,6166755680
1786402545126,0,0,26308820992,6166755680
1786402545336,0,0,26308820992,6166755680
1786402545547,0,0,26308820992,6166755680
1786402545756,0,0,26308820992,6166755680
1786402545962,0,0,26308820992,6166755680
1786402546168,0,0,26308820992,6166755680
1786402546371,0,0,26308820992,6166755680
1786402546581,0,0,26308820992,6166755680
1786402546796,0,0,26308820992,6166772064
1786402547006,0,0,26308820992,6166755680
1786402547216,0,0,26308820992,6166755680
1786402547425,0,0,26308820992,6166755680
1786402547627,0,0,26308820992,6166755680
1786402547834,0,0,26308820992,6166755680
1786402548045,0,0,26308820992,6166755680
1786402548257,0,0,26308820992,6166772064
1786402548468,0,0,26308820992,6166772064
1786402548676,0,0,26308820992,6166772064
1786402548879,0,0,26308820992,6166772064
1786402549080,0,0,26308820992,6166772064
1786402549291,0,0,26308820992,6166772064
1786402549499,0,0,26308820992,6166788448
1786402549708,0,0,26308820992,6166788448
1786402549919,0,0,26308820992,6166788448
1786402550122,0,0,26308820992,6166788448
1786402550330,0,0,26308820992,6166788448
1786402550541,0,0,26308820992,6166788448
1786402550750,0,0,26308820992,6166804832
1786402550961,0,0,26308820992,6166788448
1786402551166,0,0,26308820992,6166788448
1786402551377,0,0,26308820992,6166788448
1786402551581,0,0,26308820992,6166788448
1786402551793,0,0,26308820992,6166804832
1786402551999,0,0,26308820992,6166804832
1786402552206,0,0,26308820992,6166788448
1786402552417,0,0,26308820992,6166788448
1786402552619,0,0,26308820992,6166804832
1786402552829,0,0,26308820992,6166804832
1786402553039,0,0,26308820992,6166804832
1786402553243,0,0,26308820992,6166804832
1786402553446,0,0,26308820992,6166804832
1786402553653,0,0,26308820992,6166821216
1786402553859,0,0,26308820992,6166804832
1786402554070,0,0,26308820992,6166804832
1786402554281,0,0,26308820992,6166804832
1786402554487,0,0,26308820992,6166804832
1786402554698,0,0,26308820992,6166804832
1786402554906,0,0,26308820992,6166804832
1786402555114,0,0,26308820992,6166804832
1786402555325,0,0,26308820992,6166804832
1786402555533,0,0,26308820992,6166804832
1786402555744,0,0,26308820992,6166804832
1786402555955,0,0,26308820992,6166804832
1786402556165,0,0,26308820992,6166804832
1786402556373,0,0,26308820992,6166804832
1786402556584,0,0,26308820992,6166804832
1786402556796,0,0,26308820992,6166821216
1786402557007,0,0,26308820992,6166804832
1786402557218,0,0,26308820992,6166804832
1786402557426,0,0,26308820992,6166804832
1786402557637,0,0,26308820992,6166804832
1786402557848,0,0,26308820992,6166804832
1786402558056,0,0,26308820992,6166804832
1786402558267,0,0,26308820992,6166804832
1786402558475,0,0,26308820992,6166804832
1786402558686,0,0,26308820992,6166804832
1786402558896,0,0,26308820992,6166804832
1786402559107,0,0,26308820992,6166821216
1786402559311,0,0,26308820992,6166804832
1786402559516,0,0,26308820992,6166804832
1786402559724,0,0,26308820992,6166804832
1786402559927,0,0,26308820992,6166804832
1786402560128,0,0,26308820992,6166804832
1786402560340,0,0,26308820992,6166821216
1786402560545,0,0,26308820992,6166804832
1786402560752,0,0,26308820992,6166804832
1786402560956,0,0,26308820992,6166804832
1786402561165,0,0,26308820992,6166804832
1786402561367,0,0,26308820992,6166804832
1786402561578,0,0,26308820992,6166804832
1786402561797,0,0,26308820992,6166821216
1786402562006,0,0,26308820992,6166804832
1786402562212,0,0,26308820992,6166821216
1786402562418,0,0,26308820992,6166804832
1786402562628,0,0,26308820992,6166804832
1786402562831,0,0,26308820992,6166804832
1786402563041,0,0,26308820992,6166804832
1786402563245,0,0,26308820992,6166804832
1786402563454,0,0,26308820992,6166821216
1786402563662,0,0,26308820992,6166804832
1786402563873,0,0,26308820992,6166804832
1786402564083,0,0,26308820992,6166804832
1786402564293,0,0,26308820992,6166804832
1786402564499,0,0,26308820992,6166804832
1786402564710,0,0,26308820992,6166804832
1786402564920,0,0,26308820992,6166804832
1786402565131,0,0,26308820992,6166821216
1786402565336,0,0,26308820992,6166804832
1786402565543,0,0,26308820992,6166821216
1786402565746,0,0,26308820992,6166821216
1786402565951,0,0,26308820992,6166804832
1786402566152,0,0,26308820992,6166952288
1786402566359,0,0,26308820992,6166952288
1786402566566,0,0,26308820992,6166952288
1786402566777,0,0,26308820992,6166968672
1786402566988,0,0,26308820992,6166952288
1786402567199,0,0,26308820992,6166952288
1786402567410,0,0,26308820992,6167083360
1786402567621,0,0,26308820992,6167083360
1786402567826,0,0,26308820992,6167083360
1786402568038,0,0,26308820992,6167083360
1786402568248,0,0,26308820992,6167083360
1786402568458,0,0,26308820992,6167230816
1786402568662,0,0,26308820992,6167230816
1786402568873,0,0,26308820992,6167230816
1786402569078,0,0,26308820992,6167230816
1786402569286,0,0,26308820992,6167247200
1786402569489,0,0,26308820992,6167378272
1786402569700,0,0,26308820992,6167591264
1786402569910,0,0,26308820992,6167591264
1786402570121,0,0,26308820992,6167591264
1786402570331,0,0,26308820992,6167624032
1786402570538,0,0,26308820992,6167640416
1786402570749,0,0,26308820992,6167656800
1786402570951,0,0,26308820992,6167656800
1786402571162,0,0,26308820992,6167656800
1786402571369,0,0,26308820992,6167656800
1786402571577,0,0,26308820992,6167656800
1786402571794,0,0,26308820992,6167673184
1786402572002,0,0,26308820992,6167673184
1786402572206,0,0,26308820992,6167656800
1786402572414,0,0,26308820992,6167656800
1786402572623,0,0,26308820992,6167656800
1786402572829,0,0,26308820992,6167656800
1786402573041,0,0,26308820992,6167656800
1786402573250,0,0,26308820992,6167656800
1786402573461,0,0,26308820992,6167722336
1786402573671,0,0,26308820992,6167722336
1786402573878,0,0,26308820992,6167722336
1786402574085,0,0,26308820992,6167722336
1786402574291,0,0,26308820992,6167722336
1786402574501,0,0,26308820992,6167722336
1786402574709,0,0,26308820992,6167787872
1786402574920,0,0,26308820992,6167787872
1786402575121,0,0,26308820992,6167787872
1786402575330,0,0,26308820992,6167787872
1786402575538,0,0,26308820992,6167787872
1786402575746,0,0,26308820992,6167787872
1786402575956,0,0,26308820992,6167886176
1786402576166,0,0,26308820992,6167886176
1786402576377,0,0,26308820992,6167886176
1786402576581,0,0,26308820992,6167886176
1786402576794,0,0,26308820992,6167902560
1786402576996,0,0,26308820992,6167886176
1786402577206,0,0,26308820992,6168017248
1786402577407,0,0,26308820992,6168017248
1786402577618,0,0,26308820992,6168017248
1786402577825,0,0,26308820992,6168017248
1786402578036,0,0,26308820992,6168017248
1786402578247,0,0,26308820992,6168181088
1786402578454,0,0,26308820992,6168181088
1786402578665,0,0,26308820992,6168181088
1786402578876,0,0,26308820992,6168181088
1786402579082,0,0,26308820992,6168181088
1786402579289,0,0,26308820992,6168197472
1786402579493,0,0,26308820992,6168181088
1786402579700,0,0,26308820992,6168181088
1786402579911,0,0,26308820992,6168197472
1786402580118,0,0,26308820992,6168181088
1786402580322,0,0,26308820992,6168181088
1786402580534,0,0,26308820992,6168181088
1786402580738,0,0,26308820992,6168213856
1786402580949,0,0,26308820992,6168213856
1786402581160,0,0,26308820992,6168230240
1786402581368,0,0,26308820992,6168230240
1786402581571,0,0,26308820992,6168230240
1786402581782,0,0,26308820992,6168230240
1786402581992,0,0,26308820992,6168361312
1786402582203,0,0,26308820992,6168361312
1786402582410,0,0,26308820992,6168361312
1786402582618,0,0,26308820992,6168361312
1786402582824,0,0,26308820992,6168361312
1786402583030,0,0,26308820992,6168361312
1786402583233,0,0,26308820992,6168361312
1786402583444,0,0,26308820992,6168361312
1786402583651,0,0,26308820992,6168361312
1786402583860,0,0,26308820992,6168361312
1786402584068,0,0,26308820992,6168361312
1786402584277,0,0,26308820992,6168361312
1786402584487,0,0,26308820992,6168492384
1786402584698,0,0,26308820992,6168492384
1786402584908,0,0,26308820992,6168492384
1786402585113,0,0,26308820992,6168492384
1786402585324,0,0,26308820992,6168492384
1786402585535,0,0,26308820992,6168492384
1786402585746,0,0,26308820992,6168492384
1786402585957,0,0,26308820992,6168492384
1786402586168,0,0,26308820992,6168492384
1786402586371,0,0,26308820992,6168492384
1786402586574,0,0,26308820992,6168508768
1786402586784,0,0,26308820992,6168656224
1786402586986,0,0,26308820992,6168656224
1786402587197,0,0,26308820992,6168656224
1786402587405,0,0,26308820992,6168672608
1786402587616,0,0,26308820992,6168672608
1786402587827,0,0,26308820992,6168656224
1786402588033,0,0,26308820992,6168705376
1786402588242,0,0,26308820992,6168705376
1786402588449,0,0,26308820992,6168705376
1786402588657,0,0,26308820992,6168705376
1786402588871,0,0,26308820992,6168705376
1786402589083,0,0,26308820992,6168721760
1786402589299,0,0,26308820992,6168705376
1786402589510,0,0,26308820992,6168705376
1786402589715,0,0,26308820992,6168721760
1786402589925,0,0,26308820992,6168705376
1786402590135,0,0,26308820992,6168705376
1786402590345,0,0,26308820992,6168705376
1786402590554,0,0,26308820992,6168787296
1786402590765,0,0,26308820992,6168787296
1786402590975,0,0,26308820992,6168787296
1786402591186,0,0,26308820992,6168787296
1786402591387,0,0,26308820992,6168787296
1786402591598,0,0,26308820992,6168787296
1786402591806,0,0,26308820992,6168787296
1786402592017,0,0,26308820992,6168787296
1786402592222,0,0,26308820992,6168787296
1786402592430,0,0,26308820992,6168787296
1786402592634,0,0,26308820992,6168803680
1786402592839,0,0,26308820992,6168852832
1786402593046,0,0,26308820992,6168852832
1786402593257,0,0,26308820992,6168852832
1786402593468,0,0,26308820992,6168852832
1786402593674,0,0,26308820992,6168869216
1786402593883,0,0,26308820992,6168852832
1786402594087,0,0,26308820992,6169000288
1786402594288,0,0,26308820992,6169000288
1786402594500,0,0,26308820992,6169000288
1786402594712,0,0,26308820992,6169000288
1786402594917,0,0,26308820992,6169000288
1786402595128,0,0,26308820992,6169000288
1786402595339,0,0,26308820992,6169000288
1786402595549,0,0,26308820992,6169000288
1786402595760,0,0,26308820992,6169000288
1786402595966,0,0,26308820992,6169000288
1786402596176,0,0,26308820992,6169000288
1786402596383,0,0,26308820992,6169000288
1786402596584,0,0,26308820992,6169147744
1786402596795,0,0,26308820992,6169147744
1786402597006,0,0,26308820992,6169147744
1786402597216,0,0,26308820992,6169147744
1786402597422,0,0,26308820992,6169147744
1786402597632,0,0,26308820992,6169147744
1786402597833,0,0,26308820992,6169147744
1786402598044,0,0,26308820992,6169164128
1786402598247,0,0,26308820992,6169147744
1786402598455,0,0,26308820992,6169147744
1786402598659,0,0,26308820992,6169147744
1786402598862,0,0,26308820992,6169147744
1786402599063,0,0,26308820992,6169295200
1786402599274,0,0,26308820992,6169295200
1786402599483,0,0,26308820992,6169295200
1786402599692,0,0,26308820992,6169295200
1786402599894,0,0,26308820992,6169295200
1786402600105,0,0,26308820992,6169295200
1786402600311,0,0,26308820992,6169442656
1786402600526,0,0,26308820992,6169442656
1786402600736,0,0,26308820992,6169442656
1786402600946,0,0,26308820992,6169508192
1786402601154,0,0,26308820992,6169508192
1786402601356,0,0,26308820992,6169508192
1786402601566,0,0,26308820992,6169508192
1786402601777,0,0,26308820992,6169508192
1786402601987,0,0,26308820992,6169508192
1786402602197,0,0,26308820992,6169508192
1786402602407,0,0,26308820992,6169508192
1786402602618,0,0,26308820992,6169655648
1786402602828,0,0,26308820992,6169655648
1786402603038,0,0,26308820992,6169655648
1786402603243,0,0,26308820992,6169655648
1786402603454,0,0,26308820992,6169655648
1786402603664,0,0,26308820992,6169655648
1786402603874,0,0,26308820992,6169655648
1786402604084,0,0,26308820992,6169655648
1786402604287,0,0,26308820992,6169655648
1786402604494,0,0,26308820992,6169655648
1786402604705,0,0,26308820992,6169655648
1786402604915,0,0,26308820992,6169655648
1786402605125,0,0,26308820992,6169655648
1786402605334,0,0,26308820992,6169655648
1786402605544,0,0,26308820992,6169655648
1786402605759,0,0,26308820992,7038400864
1786402605979,0,0,26308820992,7038400864
1786402606192,0,0,26308820992,7038433632
1786402606399,0,0,26308820992,7038433632
1786402606609,0,0,26308820992,7038433632
1786402606882,0,0,26308820992,7038466400
1786402607186,0,0,26308820992,7038466400
1786402607419,0,0,26308820992,7038466400
1786402607671,0,0,26308820992,7038450016
1786402607944,0,0,26308820992,7038466400
1786402608155,0,0,26308820992,7038450016
1786402608365,0,0,26308820992,7038450016
1786402608568,0,0,26308820992,7808465248
1786402608775,0,0,26308820992,8559212896
1786402608986,0,0,26308820992,9610901856
1786402609196,0,0,26308820992,9652058464
1786402609406,0,0,26308820992,9685006688
1786402609616,0,0,26308820992,10379295072
1786402609827,0,0,26308820992,10379295072
1786402610037,0,0,26308820992,10379295072
1786402610246,0,0,26308820992,10379311456
1786402610449,0,0,26308820992,10379295072
1786402610675,0,0,26308820992,10379295072
1786402610895,268435456,12582912,26321403904,10375100768
1786402611106,268435456,268435456,26577256448,10246666592
1786402611316,268435456,268435456,26577256448,10246666592
1786402611527,268435456,268435456,26577256448,10246666592
1786402611734,268435456,268435456,26577256448,10246682976
1786402611940,268435456,268435456,26577256448,10246666592
1786402612148,268435456,268435456,26577256448,10246666592
1786402612351,268435456,268435456,26577256448,10246666592
1786402612562,268435456,268435456,26577256448,10246666592
1786402612773,268435456,268435456,26577256448,10246666592
1786402612977,536870912,332398592,26641219584,10193140064
1786402613178,536870912,527433728,26836713472,10445584736
1786402613389,536870912,536870912,26845691904,10495818080
1786402613600,536870912,536870912,26845691904,10495801696
1786402613809,536870912,536870912,26845691904,10495801696
1786402614016,536870912,536870912,26845691904,10495801696
1786402614223,536870912,536870912,26845691904,10495801696
1786402614433,536870912,536870912,26845691904,10495801696
1786402614639,536870912,536870912,26845691904,10498259296
1786402614849,536870912,536870912,26845691904,10512333152
1786402615050,805306368,710934528,27019788288,10512988512
1786402615260,805306368,805306368,27114127360,10537761120
1786402615471,805306368,805306368,27114127360,10537761120
1786402615681,805306368,805306368,27114127360,10537793888
1786402615888,805306368,805306368,27114127360,10539284832
1786402616099,805306368,805306368,27114127360,10539284832
1786402616299,805306368,805306368,27114127360,10539284832
1786402616510,805306368,805306368,27114127360,10539284832
1786402616715,805306368,805306368,27114127360,10540104032
1786402616926,805306368,805306368,27114127360,10540104032
1786402617128,1073741824,1029701632,27339571200,10678778208
1786402617338,1073741824,1073741824,27382562816,10677844320
1786402617540,1073741824,1073741824,27382562816,10678139232
1786402617744,1073741824,1073741824,27382562816,10678139232
1786402617951,1073741824,1073741824,27382562816,10678139232
1786402618161,1073741824,1073741824,27382562816,10678139232
1786402618372,1073741824,1073741824,27382562816,10678155616
1786402618577,1073741824,1073741824,27382562816,10678139232
1786402618787,1073741824,1073741824,27382562816,10678188384
1786402618994,1342177280,1109393408,27418935296,10678172000
1786402619205,1342177280,1342177280,27650998272,10739333472
1786402619416,1342177280,1342177280,27650998272,10739349856
1786402619625,1342177280,1342177280,27650998272,10739399008
1786402619836,1342177280,1342177280,27650998272,10739480928
1786402620036,1342177280,1342177280,27650998272,10739480928
1786402620247,1342177280,1342177280,27650998272,10753767776
1786402620457,1342177280,1342177280,27650998272,10753751392
1786402620666,1342177280,1342177280,27650998272,10753751392
1786402620872,1342177280,1342177280,27650998272,10790189408
1786402621078,1610612736,1473249280,27782332416,10880399712
1786402621283,1610612736,1610612736,27919433728,10992941408
1786402621494,1610612736,1610612736,27919433728,10992941408
1786402621695,1610612736,1610612736,27919433728,10992941408
1786402621908,1610612736,1610612736,27919433728,10992941408
1786402622112,1610612736,1610612736,27919433728,10992957792
1786402622316,1610612736,1610612736,27919433728,10992941408
1786402622527,1610612736,1610612736,27919433728,10992941408
1786402622738,1610612736,1610612736,27919433728,10992941408
1786402622948,1610612736,1610612736,27919433728,10992941408
1786402623151,1879048192,1876951040,28186181632,10998397280
1786402623364,1879048192,1879048192,28187869184,10998069600
1786402623568,1879048192,1879048192,28187869184,10998413664
1786402623779,1879048192,1879048192,28187869184,10998544736
1786402623990,1879048192,1879048192,28187869184,10998577504
1786402624191,1879048192,1879048192,28187869184,10998544736
1786402624406,1879048192,1879048192,28187869184,10998561120
1786402624614,1879048192,1879048192,28187869184,10998544736
1786402624820,1879048192,1879048192,28187869184,10998544736
1786402625021,2147483648,1944059904,28253241344,11006245216
1786402625232,2147483648,2147483648,28456304640,11006179680
1786402625443,2147483648,2147483648,28456304640,11006179680
1786402625645,2147483648,2147483648,28456304640,11006196064
1786402625855,2147483648,2147483648,28456304640,11006179680
1786402626057,2147483648,2147483648,28456304640,11006523744
1786402626267,2147483648,2147483648,28456304640,11006523744
1786402626475,2147483648,2147483648,28456304640,11006523744
1786402626682,2147483648,2147483648,28456304640,11006540128
1786402626887,2147483648,2147483648,28456304640,11006540128
1786402627095,2415919104,2231369728,28540796928,11005999456
1786402627305,2415919104,2415919104,28724740096,11005999456
1786402627516,2415919104,2415919104,28724740096,11005999456
1786402627726,2415919104,2415919104,28724740096,11005999456
1786402627936,2415919104,2415919104,28724740096,11005999456
1786402628148,2415919104,2415919104,28724740096,11005999456
1786402628350,2415919104,2415919104,28724740096,11005999456
1786402628555,2415919104,2415919104,28724740096,11006490976
1786402628767,2415919104,2415919104,28724740096,11006507360
1786402628978,2415919104,2415919104,28724740096,11006490976
1786402629182,2684354560,2657091584,28966961152,11007179104
1786402629393,2684354560,2684354560,28993175552,11006277984
1786402629598,2684354560,2684354560,28993175552,11006277984
1786402629808,2684354560,2684354560,28993175552,11006638432
1786402630019,2684354560,2684354560,28993175552,11006638432
1786402630230,2684354560,2684354560,28993175552,11006638432
1786402630442,2684354560,2684354560,28993175552,11006638432
1786402630651,2684354560,2684354560,28993175552,11006654816
1786402630856,2684354560,2684354560,28993175552,11006654816
1786402631067,2952790016,2754609152,29063544832,11007129952
1786402631274,2952790016,2952790016,29261611008,11006589280
1786402631485,2952790016,2952790016,29261611008,11006589280
1786402631689,2952790016,2952790016,29261611008,11006589280
1786402631897,2952790016,2952790016,29261611008,11006589280
1786402632105,2952790016,2952790016,29261611008,11006949728
1786402632312,2952790016,2952790016,29261611008,11006949728
1786402632523,2952790016,2952790016,29261611008,11006949728
1786402632734,2952790016,2952790016,29261611008,11006949728
1786402632942,2952790016,2952790016,29261611008,11006949728
1786402633151,3221225472,3060793344,29369827328,11007342944
1786402633360,3221225472,3221225472,29530046464,11006605664
1786402633571,3221225472,3221225472,29530046464,11006605664
1786402633774,3221225472,3221225472,29530046464,11006605664
1786402633985,3221225472,3221225472,29530046464,11006622048
1786402634187,3221225472,3221225472,29530046464,11006605664
1786402634391,3221225472,3221225472,29530046464,11006605664
1786402634599,3221225472,3221225472,29530046464,11007097184
1786402634810,3221225472,3221225472,29530046464,11007113568
1786402635018,3221225472,3221225472,29530046464,11007113568
1786402635222,3489660928,3406823424,29715644416,11006179680
1786402635428,3489660928,3489660928,29798481920,10993334624
1786402635637,3489660928,3489660928,29798481920,10993334624
1786402635848,3489660928,3489660928,29798481920,10993629536
1786402636055,3489660928,3489660928,29798481920,10993645920
1786402636264,3489660928,3489660928,29798481920,10993629536
1786402636471,3489660928,3489660928,29798481920,10993629536
1786402636679,3489660928,3489660928,29798481920,10993629536
1786402636882,3489660928,3489660928,29798481920,10993629536
1786402637083,3758096384,3510632448,29819666432,10994334048
1786402637294,3758096384,3758096384,30066917376,10983274848
1786402637505,3758096384,3758096384,30066917376,10983274848
1786402637714,3758096384,3758096384,30066917376,10983274848
1786402637925,3758096384,3758096384,30066917376,10983274848
1786402638129,3758096384,3758096384,30066917376,10983274848
1786402638335,3758096384,3758096384,30066917376,10983274848
1786402638546,3758096384,3758096384,30066917376,10983274848
1786402638757,3758096384,3758096384,30066917376,10983274848
1786402638967,3758096384,3758096384,30066917376,10983274848
1786402639174,4026531840,3844079616,30153097216,10983897440
1786402639381,4026531840,4026531840,30335352832,10983274848
1786402639591,4026531840,4026531840,30335352832,10983274848
1786402639803,4026531840,4026531840,30335352832,10983274848
1786402640004,4026531840,4026531840,30335352832,10983274848
1786402640215,4026531840,4026531840,30335352832,10983274848
1786402640425,4026531840,4026531840,30335352832,10983274848
1786402640628,4026531840,4026531840,30335352832,10983766368
1786402640831,4026531840,4026531840,30335352832,10983766368
1786402641042,4026531840,4026531840,30335352832,10983766368
1786402641248,4294967296,4228907008,30537728000,10984585568
1786402641459,4294967296,4294967296,30603788288,10983569760
1786402641670,4294967296,4294967296,30603788288,10983569760
1786402641880,4294967296,4294967296,30603788288,10983569760
1786402642092,4294967296,4294967296,30603788288,10983586144
1786402642302,4294967296,4294967296,30603788288,10983569760
1786402642506,4294967296,4294967296,30603788288,10983569760
1786402642715,4294967296,4294967296,30603788288,10983569760
1786402642929,4294967296,4294967296,30603788288,10983586144
1786402643134,4563402752,4352638976,30661525504,10979965280
1786402643339,4563402752,4563402752,30872223744,10979293536
1786402643550,4563402752,4563402752,30872223744,10979293536
1786402643760,4563402752,4563402752,30872223744,10979293536
1786402643967,4563402752,4563402752,30872223744,10979293536
1786402644173,4563402752,4563402752,30872223744,10979293536
1786402644376,4563402752,4563402752,30872223744,10979522912
1786402644580,4563402752,4563402752,30872223744,10979522912
1786402644791,4563402752,4563402752,30872223744,10979522912
1786402644997,4563402752,4563402752,30872223744,10979522912
1786402645200,4831838208,4623171584,30932582400,10979195232
1786402645406,4831838208,4831838208,31140659200,10979047776
1786402645617,4831838208,4831838208,31140659200,10979047776
1786402645827,4831838208,4831838208,31140659200,10979047776
1786402646039,4831838208,4831838208,31140659200,10979047776
1786402646249,4831838208,4831838208,31140659200,10979047776
1786402646456,4831838208,4831838208,31140659200,10979047776
1786402646668,4831838208,4831838208,31140659200,10979047776
1786402646871,4831838208,4831838208,31140659200,10979375456
1786402647073,4831838208,4831838208,31140659200,10979375456
1786402647279,5100273664,4985978880,31295815680,10979342688
1786402647489,5100273664,5100273664,31409094656,10978851168
1786402647700,5100273664,5100273664,31409094656,10978851168
1786402647904,5100273664,5100273664,31409094656,10978867552
1786402648114,5100273664,5100273664,31409094656,10979178848
1786402648319,5100273664,5100273664,31409094656,10979178848
1786402648530,5100273664,5100273664,31409094656,10979178848
1786402648742,5100273664,5100273664,31409094656,10979178848
1786402648946,5100273664,5100273664,31409094656,10979178848
1786402649155,5368709120,5100273664,31409733632,10978883936
1786402649366,5368709120,5341446144,31650447360,10979096928
1786402649576,5368709120,5368709120,31677530112,10978703712
1786402649788,5368709120,5368709120,31677530112,10978703712
1786402649998,5368709120,5368709120,31677530112,10978703712
1786402650222,5368709120,5368709120,31677530112,10978720096
1786402650429,5368709120,5368709120,31677530112,10978720096
1786402650640,5368709120,5368709120,31677530112,10979015008
1786402650846,5368709120,5368709120,31677530112,10979015008
1786402651057,5368709120,5368709120,31677530112,10979015008
1786402651268,5637144576,5445255168,31754223616,10978998624
1786402651478,5637144576,5637144576,31945965568,10978539872
1786402651689,5637144576,5637144576,31945965568,10978556256
1786402651893,5637144576,5637144576,31945965568,10978539872
1786402652099,5637144576,5637144576,31945965568,10978539872
1786402652309,5637144576,5637144576,31945965568,10978539872
1786402652517,5637144576,5637144576,31945965568,10978539872
1786402652722,5637144576,5637144576,31945965568,10978539872
1786402652934,5637144576,5637144576,31945965568,10978539872
1786402653144,5637144576,5637144576,31945965568,10978834784
1786402653345,5905580032,5890899968,32200015872,10978965856
1786402653556,5905580032,5905580032,32214401024,10978343264
1786402653759,5905580032,5905580032,32214401024,10978343264
1786402653970,5905580032,5905580032,32214401024,10978359648
1786402654180,5905580032,5905580032,32214401024,10978343264
1786402654390,5905580032,5905580032,32214401024,10978638176
1786402654601,5905580032,5905580032,32214401024,10978638176
1786402654811,5905580032,5905580032,32214401024,10978654560
1786402655017,5905580032,5905580032,32214401024,10978638176
1786402655228,6174015488,5909774336,32219316224,10978031968
1786402655432,6174015488,6174015488,32482836480,10978015584
1786402655643,6174015488,6174015488,32482836480,10978015584
1786402655855,6174015488,6174015488,32482836480,10978031968
1786402656063,6174015488,6174015488,32482836480,10978015584
1786402656268,6174015488,6174015488,32482836480,10978015584
1786402656475,6174015488,6174015488,32482836480,10978015584
1786402656686,6174015488,6174015488,32482836480,10978015584
1786402656892,6174015488,6174015488,32482836480,10978015584
1786402657104,6174015488,6174015488,32482836480,10978015584
1786402657306,6442450944,6228541440,32538247168,10979064160
1786402657508,6442450944,6442450944,32751271936,10894604712
1786402657719,6442450944,6442450944,32751271936,10895522264
1786402657927,6442450944,6442450944,32751271936,10939300336
1786402658134,6442450944,6442450944,32751271936,10939300336
1786402658339,6442450944,6442450944,32751271936,10939333104
1786402658547,6442450944,6442450944,32751271936,10939365872
1786402658751,6442450944,6442450944,32751271936,10939349488
1786402658957,6442450944,6442450944,32751271936,10939349488
1786402659161,6442450944,6442450944,32751271936,10939365872
1786402659372,6710886400,6710886400,33019707392,10490132976
1786402659575,6710886400,6710886400,33019707392,10490132976
1786402659777,6710886400,6710886400,33019707392,10490132976
1786402659984,6710886400,6710886400,33019707392,10490132976
1786402660196,6710886400,6710886400,33019707392,10490132976
1786402660397,6710886400,6710886400,33019707392,10490231280
1786402660599,6710886400,6710886400,33019707392,10494294512
1786402660805,6710886400,6710886400,33019707392,10495048176
1786402661006,6710886400,6710886400,33019707392,10497047024
1786402661211,6710886400,6710886400,33019707392,10497227248
1786402661413,6979321856,6899630080,33208451072,10265082352
1786402661620,6979321856,6979321856,33288142848,10163206664
1786402661831,6979321856,6979321856,33288142848,10163206664
1786402662037,6979321856,6979321856,33288142848,10163223048
1786402662253,6979321856,6979321856,33288142848,10163239432
1786402662464,6979321856,6979321856,33288142848,10163223048
1786402662669,6979321856,6979321856,33288142848,10163239432
1786402662875,6979321856,6979321856,33288142848,10163255816
1786402663076,6979321856,6979321856,33288142848,10165352968
1786402663280,7247757312,7020216320,33329168384,10084776456
1786402663490,7247757312,7247757312,33556578304,9631267336
1786402663701,7247757312,7247757312,33556578304,9631267336
1786402663911,7247757312,7247757312,33556578304,9664838152
1786402664115,7247757312,7247757312,33587642368,9679059464
1786402664318,7247757312,7247757312,33624702976,9647028744
1786402664520,7247757312,7247757312,33658568704,9700735520
1786402664721,7247757312,7247757312,33666940928,9702586912
1786402664931,7247757312,7247757312,33666940928,9702980128
1786402665142,7247757312,7247757312,33666940928,9702980128
1786402665353,7516192768,7341080576,33760641024,9515629088
1786402665564,7516192768,7516192768,33935376384,9166977568
1786402665775,7516192768,7516192768,33935376384,9166977568
1786402665985,7516192768,7516192768,33935376384,9166977568
1786402666186,7516192768,7516192768,33935376384,9167010336
1786402666393,7516192768,7516192768,33935376384,9167010336
1786402666604,7516192768,7516192768,33935376384,9167010336
1786402666812,7516192768,7516192768,33935376384,9167010336
1786402667014,7516192768,7516192768,33935376384,9167010336
1786402667225,7516192768,7516192768,33935376384,9167010336
1786402667435,7784628224,7784628224,34203811840,8630499872
1786402667637,7784628224,7784628224,34203811840,8630499872
1786402667839,7784628224,7784628224,34203811840,8630499872
1786402668049,7784628224,7784628224,34203811840,8630499872
1786402668260,7784628224,7784628224,34203811840,8630499872
1786402668463,7784628224,7784628224,34203811840,8630499872
1786402668675,7784628224,7784628224,34203811840,8630499872
1786402668886,7784628224,7784628224,34203811840,8630516256
1786402669096,7784628224,7784628224,34203811840,8630532640
1786402669298,8053063680,7802454016,34221637632,8594389536
1786402669508,8053063680,8053063680,34472247296,8093661728
1786402669719,8053063680,8053063680,34472247296,8093661728
1786402669931,8053063680,8053063680,34472247296,8093661728
1786402670142,8053063680,8053063680,34472247296,8093678112
1786402670353,8053063680,8053063680,34472247296,8093678112
1786402670566,8053063680,8053063680,34472247296,8093661728
1786402670768,8053063680,8053063680,34472247296,8093661728
1786402670977,8053063680,8053063680,34472247296,8093661728
1786402671188,8053063680,8053063680,34472247296,8093678112
1786402671393,8321499136,8168407040,34587672576,7862123040
1786402671595,8321499136,8321499136,34740682752,7556856352
1786402671808,8321499136,8321499136,34740682752,7556856352
1786402672019,8321499136,8321499136,34740682752,7556856352
1786402672221,8321499136,8321499136,34740682752,7557397024
1786402672423,8321499136,8321499136,34740682752,7557397024
1786402672634,8321499136,8321499136,34740682752,7557397024
1786402672845,8321499136,8321499136,34740682752,7557397024
1786402673056,8321499136,8321499136,34740682752,7557397024
1786402673267,8321499136,8321499136,34740682752,7557397024
1786402673470,8589934592,8582594560,35002466304,7049689632
1786402673672,8589934592,8589934592,35009118208,7038089760
1786402673882,8589934592,8589934592,35009118208,7038089760
1786402674093,8589934592,8589934592,35009118208,7038089760
1786402674304,8589934592,8589934592,35009118208,7038089760
1786402674511,8589934592,8589934592,35009118208,7038089760
1786402674720,8589934592,8589934592,35009118208,7038089760
1786402674931,8589934592,8589934592,35009118208,7038089760
1786402675140,8589934592,8589934592,35009118208,7038089760
1786402675341,8697806848,8605663232,35025158144,7005125152
1786402675542,8697806848,8697806848,35116990464,6822345248
1786402675753,8697806848,8697806848,35116990464,6822345248
1786402675963,8697806848,8697806848,35116990464,6822345248
1786402676175,8697806848,8697806848,35116990464,6822345248
1786402676386,8697806848,8697806848,35116990464,6822361632
1786402676591,8697806848,8697806848,35116990464,6822361632
1786402676794,8697806848,8697806848,35116990464,6822361632
1786402677005,8697806848,8697806848,35116990464,6822361632
1786402677215,8697806848,8697806848,35116990464,6822361632
1786402677427,8697806848,8697806848,35116990464,6822361632
1786402677637,8697806848,8697806848,35116990464,6822361632
1786402677849,8697806848,8697806848,35116990464,6822361632
1786402678060,8697806848,8697806848,35116990464,6822361632
1786402678271,8697806848,8697806848,35116990464,6822361632
1786402678471,8697806848,8697806848,35116990464,6822361632
1786402678681,8697806848,8697806848,35116990464,6822361632
1786402678892,8697806848,8697806848,35116990464,6822361632
1786402679103,8697806848,8697806848,35116990464,6822361632
1786402679309,8697806848,8697806848,35116990464,6822361632
1786402679516,8697806848,8697806848,35116990464,6822394400
1786402679723,8697806848,8697806848,35116990464,6822378016
1786402679925,8697806848,8697806848,35116990464,6822378016
1786402680128,8697806848,8697806848,35116990464,6822378016
1786402680335,8697806848,8697806848,35116990464,6822378016
1786402680546,8697806848,8697806848,35116990464,6822394400
1786402680757,8697806848,8697806848,35116990464,6822394400
1786402680968,8697806848,8697806848,35116990464,6822394400
1786402681171,8697806848,8697806848,35116990464,6822394400
1786402681376,8697806848,8697806848,35116990464,6822394400
1786402681584,8697806848,8697806848,35116990464,6822394400
1786402681794,8697806848,8697806848,35116990464,6822394400
1786402682006,8697806848,8697806848,35116990464,6822394400
1786402682217,8697806848,8697806848,35116990464,6822394400
1786402682426,8697806848,8697806848,35116990464,6822394400
1786402682628,8697806848,8697806848,35116990464,6822394400
1786402682836,8697806848,8697806848,35116990464,6822394400
1786402683039,8697806848,8697806848,35116990464,6822394400
1786402683242,8697806848,8697806848,35116990464,6822394400
1786402683453,8697806848,8697806848,35116990464,6822443552
1786402683664,8697806848,8697806848,35116990464,6822443552
1786402683870,8697806848,8697806848,35116990464,6822443552
1786402684077,8697806848,8697806848,35116990464,6822443552
1786402684288,8697806848,8697806848,35116990464,6822459936
1786402684491,8697806848,8697806848,35116990464,6822443552
1786402684698,8697806848,8697806848,35116990464,6822443552
1786402684909,8697806848,8697806848,35116990464,6822443552
1786402685120,8697806848,8697806848,35116990464,6822443552
1786402685329,8697806848,8697806848,35116990464,6822443552
1786402685538,8697806848,8697806848,35116990464,6822443552
1786402685740,8697806848,8697806848,35116990464,6822459936
1786402685944,8697806848,8697806848,35116990464,6822443552
1786402686145,8697806848,8697806848,35116990464,6822443552
1786402686351,8697806848,8697806848,35116990464,6822443552
1786402686556,8697806848,8697806848,35116990464,6822459936
1786402686767,8697806848,8697806848,35116990464,6822443552
1786402686973,8697806848,8697806848,35116990464,6822443552
1786402687184,8697806848,8697806848,35116990464,6822459936
1786402687394,8697806848,8697806848,35116990464,6822443552
1786402687595,8697806848,8697806848,35116990464,6822443552
1786402687803,8697806848,8697806848,35116990464,6822443552
1786402688014,8697806848,8697806848,35116990464,6822443552
1786402688225,8697806848,8697806848,35116990464,6822443552
1786402688430,8697806848,8697806848,35116990464,6822443552
1786402688637,8697806848,8697806848,35116990464,6822443552
1786402688849,8697806848,8697806848,35116990464,6822443552
1786402689054,8697806848,8697806848,35116990464,6822443552
1786402689264,8697806848,8697806848,35116990464,6822443552
1786402689471,8697806848,8697806848,35116990464,6822443552
1786402689682,8697806848,8697806848,35116990464,6822443552
1786402689891,8697806848,8697806848,35116990464,6822443552
1786402690102,8697806848,8697806848,35116990464,6822443552
1786402690305,8697806848,8697806848,35116990464,6822443552
1786402690509,8697806848,8697806848,35116990464,6822443552
1786402690710,8697806848,8697806848,35116990464,6822443552
1786402690916,8697806848,8697806848,35116990464,6822459936
1786402691126,8697806848,8697806848,35116990464,6822459936
1786402691337,8697806848,8697806848,35116990464,6822459936
1786402691539,8697806848,8697806848,35116990464,6822459936
1786402691750,8697806848,8697806848,35116990464,6822459936
1786402691957,8697806848,8697806848,35116990464,6822459936
1786402692168,8697806848,8697806848,35116990464,6822459936
1786402692376,8697806848,8697806848,35116990464,6822459936
1786402692586,8679325696,8679325696,35116990464,6822459936
1786402692789,8679325696,8679325696,35116990464,6822476320
1786402693000,8679325696,8679325696,35116990464,6822459936
1786402693209,8679325696,8679325696,35116990464,6822459936
1786402693417,8679325696,8679325696,35116990464,6822459936
1786402693620,8679325696,8679325696,35116990464,6822459936
1786402693824,8679325696,8679325696,35116990464,6822459936
1786402694026,8679325696,8679325696,35116990464,6822459936
1786402694233,8679325696,8679325696,35116990464,6822459936
1786402694444,8696922112,8694005760,35131670528,6792542752
1786402694655,8696922112,8696922112,35134586880,6787398176
1786402694863,8696922112,8696922112,35134586880,6787398176
1786402695071,8696922112,8696922112,35134586880,6787398176
1786402695281,8696922112,8696922112,35134586880,6787398176
1786402695486,8696922112,8696922112,35134586880,6787398176
1786402695695,8696922112,8696922112,35134586880,6787398176
1786402695906,8696922112,8696922112,35134586880,6787398176
1786402696116,8696922112,8696922112,35134586880,6787398176
1786402696323,8696922112,8696922112,35134586880,6787398176
1786402696534,8696922112,8696922112,35134586880,6787398176
1786402696743,8696922112,8696922112,35141140480,6782646816
1786402696946,8696922112,8696922112,35146858496,6770915872
1786402697151,8696922112,8696922112,35146858496,6770915872
1786402697356,8696922112,8696922112,35146858496,6779304480
1786402697567,8678031360,8678031360,35146858496,6779304480
1786402697769,8678031360,8678031360,35146858496,6779304480
1786402697980,8678031360,8678031360,35146858496,6779304480
1786402698183,8678031360,8678031360,35146858496,6779304480
1786402698387,8678031360,8678031360,35146858496,6779304480
1786402698598,8658386944,8658386944,35146858496,6779304480
1786402698808,8658386944,8658386944,35146858496,6779304480
1786402699016,8658386944,8658386944,35146858496,6779320864
1786402699218,8658386944,8658386944,35146858496,6779304480
1786402699428,8658386944,8658386944,35146858496,6779320864
1786402699633,8658386944,8658386944,35146858496,6779304480
1786402699837,8658386944,8658386944,35146858496,6779304480
1786402700040,8658386944,8658386944,35146858496,6779304480
1786402700251,8658386944,8658386944,35146858496,6779304480
1786402700461,8677916672,8677916672,35166388224,6741293600
1786402700673,8677916672,8677916672,35166388224,6741309984
1786402700884,8677916672,8677916672,35166388224,6741293600
1786402701096,8677916672,8677916672,35166388224,6741293600
1786402701302,8677916672,8677916672,35166388224,6741293600
1786402701509,8677916672,8677916672,35166388224,6741293600
1786402701710,8677916672,8677916672,35166388224,6741293600
1786402701920,8677916672,8677916672,35166388224,6741293600
1786402702131,8677916672,8677916672,35166388224,6741293600
1786402702337,8677916672,8677916672,35166388224,6741293600
1786402702548,8677916672,8677916672,35166388224,6741293600
1786402702759,8677916672,8677916672,35166388224,6741293600
1786402702962,8677916672,8677916672,35166388224,6741293600
1786402703163,8677916672,8677916672,35166388224,6741293600
1786402703373,8677916672,8677916672,35166388224,6741326368
1786402703584,8677916672,8677916672,35166388224,6741293600
1786402703795,8677916672,8677916672,35166388224,6741293600
1786402704006,8677916672,8677916672,35166388224,6741293600
1786402704211,8677916672,8677916672,35166388224,6741293600
1786402704419,8677916672,8677916672,35166388224,6741293600
1786402704629,8677916672,8677916672,35166388224,6741293600
1786402704830,8677916672,8677916672,35166388224,6741293600
1786402705034,8677916672,8677916672,35166388224,6741293600
1786402705245,8677916672,8677916672,35166388224,6741293600
1786402705452,8677916672,8677916672,35166388224,6741293600
1786402705656,8677916672,8677916672,35166388224,6741293600
1786402705867,8677916672,8677916672,35166388224,6741293600
1786402706070,8677916672,8677916672,35166388224,6741293600
1786402706276,8677916672,8677916672,35166388224,6741293600
1786402706486,8677916672,8677916672,35166388224,6741293600
1786402706697,8677916672,8677916672,35166388224,6741293600
1786402706908,8677916672,8677916672,35166388224,6741293600
1786402707120,8677916672,8677916672,35166388224,6741293600
1786402707331,8677916672,8677916672,35166388224,6741293600
1786402707537,8677916672,8677916672,35166388224,6741309984
1786402707743,8677916672,8677916672,35166388224,6741293600
1786402707946,8677916672,8677916672,35166388224,6741293600
1786402708156,8677916672,8677916672,35166388224,6741293600
1786402708367,8677916672,8677916672,35166388224,6741293600
1786402708573,8677916672,8677916672,35166388224,6741293600
1786402708784,8677916672,8677916672,35166388224,6741293600
1786402708995,8677916672,8677916672,35166388224,6741293600
1786402709197,8677916672,8677916672,35166388224,6741293600
1786402709399,8677916672,8677916672,35166388224,6741293600
1786402709600,8677916672,8677916672,35166388224,6741293600
1786402709805,8677916672,8677916672,35166388224,6741293600
1786402710017,8677916672,8677916672,35166388224,6741293600
1786402710220,8677916672,8677916672,35166388224,6741309984
1786402710431,8677916672,8677916672,35166388224,6741293600
1786402710642,8677916672,8677916672,35166388224,6741293600
1786402710846,8677916672,8677916672,35166388224,6741293600
1786402711050,8677916672,8677916672,35166388224,6741293600
1786402711260,8677916672,8677916672,35166388224,6741293600
1786402711472,8677916672,8677916672,35166388224,6741293600
1786402711678,8677916672,8677916672,35166388224,6741293600
1786402711885,8677916672,8677916672,35166388224,6741293600
1786402712097,8677916672,8677916672,35166388224,6741293600
1786402712300,8677916672,8677916672,35166388224,6741293600
1786402712501,8677916672,8677916672,35166388224,6741293600
1786402712709,8677916672,8677916672,35166388224,6741293600
1786402712920,8677916672,8677916672,35166388224,6741293600
1786402713131,8677916672,8677916672,35166388224,6741293600
1786402713338,8677916672,8677916672,35166388224,6741293600
1786402713549,8677916672,8677916672,35166388224,6741293600
1786402713753,8677916672,8677916672,35166388224,6741293600
1786402713957,8677916672,8677916672,35166388224,6741293600
1786402714158,8677916672,8677916672,35166388224,6741293600
1786402714367,8677916672,8677916672,35166388224,6741293600
1786402714578,8677916672,8677916672,35166388224,6741293600
1786402714788,8677916672,8677916672,35166388224,6741293600
1786402714997,8677916672,8677916672,35166388224,6741293600
1786402715199,8677916672,8677916672,35166388224,6741293600
1786402715404,8677916672,8677916672,35166388224,6741293600
1786402715606,8677916672,8677916672,35166388224,6741293600
1786402715810,8677916672,8677916672,35166388224,6741293600
1786402716016,8677916672,8677916672,35166388224,6741293600
1786402716225,8677916672,8677916672,35166388224,6741309984
1786402716436,8677916672,8677916672,35166388224,6741293600
1786402716645,8677916672,8677916672,35166388224,6741293600
1786402716857,8677916672,8677916672,35166388224,6741293600
1786402717068,8677916672,8677916672,35166388224,6741293600
1786402717277,8677916672,8677916672,35166388224,6741293600
1786402717478,8677916672,8677916672,35166388224,6741293600
1786402717683,8677916672,8677916672,35166388224,6741293600
1786402717894,8677916672,8677916672,35166388224,6741293600
1786402718105,8677916672,8677916672,35166388224,6741293600
1786402718317,8677916672,8677916672,35166388224,6741293600
1786402718526,8677916672,8677916672,35166388224,6741293600
1786402718728,8677916672,8677916672,35166388224,6741293600
1786402718934,8677916672,8677916672,35166388224,6741293600
1786402719145,8677916672,8677916672,35166388224,6741293600
1786402719356,8677916672,8677916672,35166388224,6741293600
1786402719561,8677916672,8677916672,35166388224,6741293600
1786402719765,8677916672,8677916672,35166388224,6741309984
1786402719971,8677916672,8677916672,35166388224,6741293600
1786402720177,8677916672,8677916672,35166388224,6741293600
1786402720383,8677916672,8677916672,35166388224,6741293600
1786402720593,8677916672,8677916672,35166388224,6741293600
1786402720804,8677916672,8677916672,35166388224,6741293600
1786402721006,8677916672,8677916672,35166388224,6741293600
1786402721217,8677916672,8677916672,35166388224,6741293600
1786402721430,8677916672,8677916672,35166388224,6741309984
1786402721633,8677916672,8677916672,35166388224,6741293600
1786402721835,8677916672,8677916672,35166388224,6741293600
1786402722037,8677916672,8677916672,35166388224,6741293600
1786402722240,8677916672,8677916672,35166388224,6741293600
1786402722451,8677916672,8677916672,35166388224,6741293600
1786402722656,8677916672,8677916672,35166388224,6741293600
1786402722859,8677916672,8677916672,35166388224,6741293600
1786402723062,8677916672,8677916672,35166388224,6741293600
1786402723274,8677916672,8677916672,35166388224,6741293600
1786402723483,8677916672,8677916672,35166388224,6741293600
1786402723693,8677916672,8677916672,35166388224,6741293600
1786402723901,8677916672,8677916672,35166388224,6741293600
1786402724107,8677916672,8677916672,35166388224,6741309984
1786402724318,8677916672,8677916672,35166388224,6741293600
1786402724521,8677916672,8677916672,35166388224,6741293600
1786402724732,8677916672,8677916672,35166388224,6741293600
1786402724933,8677916672,8677916672,35166388224,6741293600
1786402725136,8677916672,8677916672,35166388224,6741293600
1786402725346,8677916672,8677916672,35166388224,6741293600
1786402725557,8677916672,8677916672,35166388224,6741293600
1786402725765,8677916672,8677916672,35166388224,6741293600
1786402725976,8677916672,8677916672,35166388224,6741293600
1786402726177,8677916672,8677916672,35166388224,6741293600
1786402726381,8677916672,8677916672,35166388224,6741293600
1786402726589,8677916672,8677916672,35166388224,6741293600
1786402726797,8677916672,8677916672,35166388224,6741293600
1786402727007,8677916672,8677916672,35166388224,6741293600
1786402727215,8677916672,8677916672,35166388224,6741293600
1786402727424,8677916672,8677916672,35166388224,6741309984
1786402727635,8677916672,8677916672,35166388224,6741309984
1786402727846,8677916672,8677916672,35166388224,6741293600
1786402728048,8677916672,8677916672,35166388224,6741293600
1786402728249,8677916672,8677916672,35166388224,6741293600
1786402728459,8677916672,8677916672,35166388224,6741293600
1786402728670,8677916672,8677916672,35166388224,6741293600
1786402728879,8677916672,8677916672,35166388224,6741293600
1786402729085,8677916672,8677916672,35166388224,6741293600
1786402729290,8677916672,8677916672,35166388224,6741293600
1786402729499,8677916672,8677916672,35176726528,6724090400
1786402729701,8677916672,8677916672,35178577920,6720420384
1786402729903,8677916672,8677916672,35178577920,6720420384
1786402730114,8677916672,8677916672,35178577920,6720420384
1786402730322,8677916672,8677916672,35178577920,6720420384
1786402730541,8677916672,8677916672,35178577920,6720420384
1786402737943,8679768064,8679768064,35316711424,6572931616
1786402738166,8679768064,8679768064,35316711424,6572931616
1786402738377,8679768064,8679768064,35316711424,6572931616
1786402738579,8679768064,8679768064,35316711424,6572931616
1786402738789,0,8407138304,35316711424,6572948000
1786402738990,0,7769604096,35316711424,6572948000
1786402739191,0,7199178752,35316711424,6576732704
1786402739397,0,6664404992,35316711424,6578747936
1786402739606,0,6108659712,35316711424,6506363424
1786402739816,0,5489999872,35316711424,6554090016
1786402740020,0,4836737024,35316711424,6554090016
1786402740223,0,4174036992,35316711424,6554090016
1786402740425,0,3517628416,35316711424,6554090016
1786402740627,0,2866462720,35316711424,6554090016
1786402740835,0,2246754304,35316711424,6554319392
1786402741038,0,1623900160,35316711424,6554319392
1786402741247,0,945471488,35316711424,6554319392
1786402741456,0,257605632,35316711424,6554319392
1786402741666,0,0,35316711424,6554335776
1786402741877,0,0,35316711424,6554352160
1786402742078,0,0,35316711424,6554335776
1786402742280,0,0,35316711424,6554335776
1786402742493,0,0,35316711424,6554352160
1786402742704,0,0,35316711424,6554352160
1786402742907,0,0,35316711424,6554352160
1786402743111,0,0,35316711424,6554368544
1786402743321,0,0,35316711424,6554401312
1786402743523,0,0,35316711424,6554401312
1786402743727,0,0,35316711424,6554401312
1786402743930,0,0,35316711424,6554401312
1786402744140,0,0,35316711424,6554401312
1786402744351,0,0,35316711424,6554401312
1786402744552,0,0,35316711424,6554532384
1786402744763,0,0,35316711424,6554532384
1786402744974,0,0,35316711424,6554532384
1786402745176,0,0,35316711424,6554532384
1786402745387,0,0,35316711424,6554532384
1786402745597,0,0,35316711424,6554532384
1786402745807,0,0,35316711424,6554647072
1786402746018,0,0,35316711424,6554647072
1786402746228,0,0,35316711424,6554647072
1786402746439,0,0,35316711424,6554647072
1786402746648,0,0,35316711424,6554647072
1786402746855,0,0,35316711424,6554647072
1786402747056,0,0,35316711424,6554761760
1786402747267,0,0,35316711424,6554761760
1786402747477,0,0,35316711424,6554761760
1786402747688,0,0,35316711424,6554761760
1786402747890,0,0,35316711424,6554761760
1786402748099,0,0,35316711424,6554761760
1786402748310,0,0,35316711424,6554761760
1786402748521,0,0,35316711424,6554761760
1786402748729,0,0,35316711424,6554761760
1786402748940,0,0,35316711424,6554761760
1786402749144,0,0,35316711424,6554761760
1786402749349,0,0,35316711424,6554761760
1786402749556,0,0,35316711424,6554761760
1786402749767,0,0,35316711424,6554761760
1786402749978,0,0,35316711424,6554778144
1786402750190,0,0,35316711424,6554761760
1786402750402,0,0,35316711424,6554761760
1786402750604,0,0,35316711424,6555253280
1786402750808,0,0,35316711424,6555253280
1786402751019,0,0,35316711424,6555253280
1786402751231,0,0,35316711424,6555253280
1786402751433,0,0,35316711424,6555253280
1786402751644,0,0,35316711424,6555253280
1786402751846,0,0,35316711424,6555253280
1786402752057,0,0,35316711424,6555253280
1786402752268,0,0,35316711424,6555253280
1786402752472,0,0,35316711424,6555253280
1786402752679,0,0,35316711424,6555253280
1786402752888,0,0,35316711424,6555269664
1786402753097,0,0,35316711424,6555433504
1786402753307,0,0,35316711424,6555433504
1786402753517,0,0,35316711424,6555449888
1786402753728,0,0,35316711424,6555433504
1786402753939,0,0,35316711424,6555433504
1786402754151,0,0,35316711424,6555449888
1786402754361,0,0,35316711424,6555433504
1786402754572,0,0,35316711424,6555433504
1786402754783,0,0,35316711424,6555433504
1786402754991,0,0,35316711424,6555433504
1786402755199,0,0,35316711424,6555433504
1786402755402,0,0,35316711424,6555433504
1786402755603,0,0,35316711424,6555433504
1786402755814,0,0,35316711424,6555433504
1786402756025,0,0,35316711424,6555433504
1786402756231,0,0,35316711424,6555433504
1786402756442,0,0,35316711424,6555433504
1786402756652,0,0,35316711424,6555433504
1786402756860,0,0,35316711424,6555433504
1786402757071,0,0,35316711424,6555433504
1786402757274,0,0,35316711424,6555433504
1786402757497,0,0,35316711424,6555433504
1786402757708,0,0,35316711424,6555433504
1786402757912,0,0,35316711424,6555433504
1786402758119,0,0,35316711424,6555433504
1786402758330,0,0,35316711424,6555433504
1786402758537,0,0,35316711424,6555433504
1786402758742,0,0,35316711424,6555433504
1786402758950,0,0,35316711424,6555433504
1786402759159,0,0,35316711424,6555433504
1786402759360,0,0,35316711424,6555433504
1786402759571,0,0,35316711424,6555433504
1786402759779,0,0,35316711424,6555433504
1786402759986,0,0,35316711424,6555449888
1786402760192,0,0,35316711424,6555433504
1786402760395,0,0,35316711424,6555433504
1786402760601,0,0,35316711424,6555433504
1786402760812,0,0,35316711424,6555433504
1786402761021,0,0,35316711424,6555466272
1786402761232,0,0,35316711424,6555433504
1786402761439,0,0,35316711424,6555449888
1786402761648,0,0,35316711424,6555433504
1786402761859,0,0,35316711424,6555433504
1786402762063,0,0,35316711424,6555433504
1786402762271,0,0,35316711424,6555433504
1786402762474,0,0,35316711424,6555449888
1786402762687,0,0,35316711424,6555449888
1786402762891,0,0,35316711424,6555433504
1786402763094,0,0,35316711424,6555433504
1786402763300,0,0,35316711424,6555433504
1786402763511,0,0,35316711424,6555433504
1786402763722,0,0,35316711424,6555449888
1786402763933,0,0,35316711424,6555433504
1786402764144,0,0,35316711424,6555433504
1786402764354,0,0,35316711424,6555433504
1786402764565,0,0,35316711424,6555433504
1786402764775,0,0,35316711424,6555433504
1786402764985,0,0,35316711424,6555449888
1786402765189,0,0,35316711424,6555433504
1786402765400,0,0,35316711424,6555433504
1786402765611,0,0,35316711424,6555433504
1786402765815,0,0,35316711424,6555433504
1786402766017,0,0,35316711424,6555433504
1786402766219,0,0,35316711424,6555433504
1786402766430,0,0,35316711424,6555433504
1786402766640,0,0,35316711424,6555433504
1786402766845,0,0,35316711424,6555433504
1786402767051,0,0,35316711424,6555433504
1786402767260,0,0,35316711424,6555433504
1786402767464,0,0,35316711424,6555433504
1786402767671,0,0,35316711424,6555433504
1786402767882,0,0,35316711424,6555433504
1786402768093,0,0,35316711424,6555433504
1786402768301,0,0,35316711424,6555433504
1786402768511,0,0,35316711424,6555433504
1786402768722,0,0,35316711424,6555433504
1786402768928,0,0,35316711424,6555433504
1786402769138,0,0,35316711424,6555449888
1786402769348,0,0,35316711424,6555433504
1786402769556,0,0,35316711424,6555433504
1786402769766,0,0,35316711424,6555433504
1786402769977,0,0,35316711424,6555449888
1786402770182,0,0,35316711424,6555433504
1786402770390,0,0,35316711424,6555433504
1786402770599,0,0,35316711424,6555449888
1786402770802,0,0,35316711424,6555433504
1786402771007,0,0,35316711424,6555433504
1786402771213,0,0,35316711424,6555449888
1786402771418,0,0,35316711424,6555433504
1786402771629,0,0,35316711424,6555433504
1786402771832,0,0,35316711424,6555433504
1786402772044,0,0,35316711424,6555433504
1786402772246,0,0,35316711424,6555433504
1786402772457,0,0,35316711424,6555433504
1786402772667,0,0,35316711424,6555433504
1786402772878,0,0,35316711424,6555433504
1786402773084,0,0,35316711424,6555433504
1786402773293,0,0,35316711424,6555433504
1786402773499,0,0,35316711424,6555433504
1786402773706,0,0,35316711424,6555433504
1786402773910,0,0,35316711424,6555433504
1786402774121,0,0,35316711424,6555433504
1786402774323,0,0,35316711424,6555449888
1786402774534,0,0,35316711424,6555433504
1786402774741,0,0,35316711424,6555433504
1786402774943,0,0,35316711424,6555433504
1786402775149,0,0,35316711424,6555433504
1786402775360,0,0,35316711424,6555433504
1786402775568,0,0,35316711424,6555433504
1786402775770,0,0,35316711424,6555433504
1786402775982,0,0,35316711424,6555433504
1786402776183,0,0,35316711424,6555433504
1786402776389,0,0,35316711424,6555433504
1786402776600,0,0,35316711424,6555433504
1786402776810,0,0,35316711424,6555433504
1786402777013,0,0,35316711424,6555449888
1786402777218,0,0,35316711424,6555433504
1786402777426,0,0,35316711424,6555433504
1786402777637,0,0,35316711424,6555433504
1786402777848,0,0,35316711424,6555433504
1786402778058,0,0,35316711424,6555433504
1786402778269,0,0,35316711424,6555433504
1786402778474,0,0,35316711424,6555433504
1786402778684,0,0,35316711424,6555433504
1786402778895,0,0,35316711424,6555433504
1786402779106,0,0,35316711424,6555433504
1786402779314,0,0,35316711424,6555433504
1786402779522,0,0,35316711424,6555433504
1786402779729,0,0,35316711424,6555433504
1786402779934,0,0,35316711424,6555433504
1786402780145,0,0,35316711424,6555433504
1786402780351,0,0,35316711424,6554286648
1786402780558,0,0,35316711424,6554286648
1786402780769,0,0,35316711424,6554286648
1786402780979,0,0,35316711424,6554303032
1786402781189,0,0,35316711424,6554286648
1786402781405,0,0,35316711424,6554286648
1786402781615,0,0,35316711424,6554303032
1786402781826,0,0,35316711424,6554286648
1786402782028,0,0,35316711424,6554303032
1786402782232,0,0,35316711424,6554303032
1786402782433,0,0,35316711424,6554303032
1786402782644,0,0,35316711424,6554319416
1786402782855,0,0,35316711424,6554319416
1786402783062,0,0,35316711424,6554335800
1786402783273,0,0,35316711424,6554335800
1786402783484,0,0,35316711424,6554335800
1786402783694,0,0,35316711424,6554335800
1786402783905,0,0,35316711424,6554335800
1786402784106,0,0,35316711424,6554352184
1786402784317,0,0,35316711424,6554352184
1786402784527,0,0,35316711424,6554368568
1786402784728,0,0,35316711424,6554352184
1786402784939,0,0,35316711424,6554352184
1786402785150,0,0,35316711424,6554368568
1786402785357,0,0,35316711424,6554368568
1786402785566,0,0,35316711424,6554368568
1786402785777,0,0,35316711424,6554368568
1786402785988,0,0,35316711424,6554368568
1786402786190,0,0,35316711424,6554384952
1786402786401,0,0,35316711424,6554384952
1786402786606,0,0,35316711424,6554384952
1786402786817,0,0,35316711424,6554384952
1786402787021,0,0,35316711424,6554384952
1786402787232,0,0,35316711424,6554384952
1786402787443,0,0,35316711424,6554401336
1786402787647,0,0,35316711424,6554384952
1786402787856,0,0,35316711424,6554384952
1786402788065,0,0,35316711424,6554384952
1786402788271,0,0,35316711424,6554384952
1786402788478,0,0,35316711424,6554384952
1786402788687,0,0,35316711424,6554384952
1786402788890,0,0,35316711424,6554384952
1786402789102,0,0,35316711424,6554384952
1786402789307,0,0,35316711424,6554384952
1786402789520,0,0,35316711424,6554401336
1786402789731,0,0,35316711424,6554384952
1786402789941,0,0,35316711424,6554384952
1786402790144,0,0,35316711424,6554384952
1786402790347,0,0,35316711424,6554384952
1786402790558,0,0,35316711424,6554384952
1786402790769,0,0,35316711424,6554384952
1786402790976,0,0,35316711424,6554384952
1786402791187,0,0,35316711424,6554401336
1786402791390,0,0,35316711424,6554384952
1786402791597,0,0,35316711424,6554384952
1786402791807,0,0,35316711424,6554401336
1786402792010,0,0,35316711424,6554384952
1786402792211,0,0,35316711424,6554384952
1786402792422,0,0,35316711424,6554384952
1786402792633,0,0,35316711424,6554384952
1786402792841,0,0,35316711424,6554401336
1786402793051,0,0,35316711424,6554401336
1786402793255,0,0,35316711424,6554384952
1786402793462,0,0,35316711424,6554384952
1786402793673,0,0,35316711424,6554384952
1786402793882,0,0,35316711424,6554384952
1786402794088,0,0,35316711424,6554384952
1786402794299,0,0,35316711424,6554384952
1786402794510,0,0,35316711424,6554384952
1786402794720,0,0,35316711424,6554384952
1786402794931,0,0,35316711424,6554384952
1786402795140,0,0,35316711424,6554384952
1786402795345,0,0,35316711424,6554384952
1786402795556,0,0,35316711424,6554384952
1786402795764,0,0,35316711424,6554384952
1786402795967,0,0,35316711424,6554384952
1786402796178,0,0,35316711424,6554384952
1786402796387,0,0,35316711424,6554384952
1786402796595,0,0,35316711424,6554384952
1786402796809,0,0,35316711424,6554401336
1786402797018,0,0,35316711424,6554384952
1786402797222,0,0,35316711424,6554384952
1786402797433,0,0,35316711424,6554384952
1786402797635,0,0,35316711424,6554384952
1786402797836,0,0,35316711424,6554384952
1786402805636,0,0,35316711424,6767786576
1786402805865,0,0,35316711424,6767786576
1786402806066,0,0,35316711424,6767786576
1786402806271,0,0,35316711424,6767786576
1786402806482,0,0,35316711424,6767802960
1786402806690,0,0,35316711424,6767786576
1786402806894,0,0,35316711424,6767786576
1786402807105,0,0,35316711424,6767786576
1786402807312,0,0,35316711424,6767786576
1786402807522,0,0,35316711424,6767786576
1786402807733,0,0,35316711424,6767786576
1786402807938,0,0,35316711424,6767786576
1786402808142,0,0,35316711424,6767786576
1786402808344,0,0,35316711424,6767786576
1786402808546,0,0,35316711424,6767786576
1786402808757,0,0,35316711424,6767786576
1786402808967,0,0,35316711424,6767786576
1786402809172,0,0,35316711424,6767786576
1786402809382,0,0,35316711424,6767786576
1786402809593,0,0,35316711424,6767786576
1786402809795,0,0,35316711424,6767786576
1786402810006,0,0,35316711424,6767786576
1786402810217,0,0,35316711424,6767802960
1786402810425,0,0,35316711424,6767786576
1786402810637,0,0,35316711424,6767802960
1786402810846,0,0,35316711424,6767802960
1786402811051,0,0,35316711424,6767786576
1786402811257,0,0,35316711424,6767786576
1786402811468,0,0,35316711424,6767786576
1786402811677,0,0,35316711424,6767786576
1786402811887,0,0,35316711424,6767786576
1786402812095,0,0,35316711424,6767802960
1786402812299,0,0,35316711424,6767802960
1786402812510,0,0,35316711424,6767802960
1786402812716,0,0,35316711424,6767802960
1786402812926,0,0,35316711424,6767802960
1786402813137,0,0,35316711424,6767802960
1786402813348,0,0,35316711424,6767802960
1786402813559,0,0,35316711424,6767802960
1786402813766,0,0,35316711424,6767802960
1786402813977,0,0,35316711424,6767802960
1786402814182,0,0,35316711424,6767819344
1786402814390,0,0,35316711424,6767819344
1786402814599,0,0,35316711424,6767802960
1786402814805,0,0,35316711424,6767802960
1786402815016,0,0,35316711424,6767802960
1786402815230,0,0,35316711424,6767819344
1786402815440,0,0,35316711424,6767819344
1786402815643,0,0,35316711424,6767819344
1786402815851,0,0,35316711424,6767819344
1786402816062,0,0,35316711424,6767819344
1786402816273,0,0,35316711424,6767819344
1786402816484,0,0,35316711424,6767819344
1786402816695,0,0,35316711424,6767819344
1786402816899,0,0,35316711424,6767819344
1786402817109,0,0,35316711424,6767819344
1786402817320,0,0,35316711424,6767819344
1786402817532,0,0,35316711424,6767819344
1786402817738,0,0,35316711424,6767835728
1786402817942,0,0,35316711424,6767819344
1786402818154,0,0,35316711424,6767835728
1786402818363,0,0,35316711424,6767819344
1786402818574,0,0,35316711424,6767819344
1786402818780,0,0,35316711424,6767819344
1786402818984,0,0,35316711424,6767819344
1786402819191,0,0,35316711424,6767835728
1786402819402,0,0,35316711424,6767819344
1786402819613,0,0,35316711424,6767819344
1786402819823,0,0,35316711424,6767819344
1786402820032,0,0,35316711424,6767819344
1786402820240,0,0,35316711424,6767835728
1786402820452,0,0,35316711424,6767819344
1786402820654,0,0,35316711424,6767819344
1786402820865,0,0,35316711424,6767819344
1786402821076,0,0,35316711424,6767819344
1786402821287,0,0,35316711424,6767819344
1786402821498,0,0,35316711424,6767819344
1786402821707,0,0,35316711424,6767819344
1786402821917,0,0,35316711424,6767819344
1786402822127,0,0,35316711424,6767819344
1786402822338,0,0,35316711424,6767819344
1786402822544,0,0,35316711424,6767835728
1786402822755,0,0,35316711424,6767819344
1786402822967,0,0,35316711424,6767819344
1786402823175,0,0,35316711424,6767819344
1786402823386,0,0,35316711424,6767819344
1786402823597,0,0,35316711424,6767819344
1786402823801,0,0,35316711424,6767819344
1786402824009,0,0,35316711424,6767819344
1786402824220,0,0,35316711424,6767819344
1786402824430,0,0,35316711424,6767819344
1786402824641,0,0,35316711424,6767819344
1786402824846,0,0,35316711424,6767819344
1786402825057,0,0,35316711424,6767819344
1786402825263,0,0,35316711424,6767819344
1786402825473,0,0,35316711424,6767819344
1786402825674,0,0,35316711424,6767819344
1786402825885,0,0,35316711424,6767819344
1786402826088,0,0,35316711424,6767819344
1786402826294,0,0,35316711424,6767819344
1786402826502,0,0,35316711424,6767819344
1786402826712,0,0,35316711424,6767819344
1786402826922,0,0,35316711424,6767819344
1786402827133,0,0,35316711424,6767819344
1786402827344,0,0,35316711424,6767819344
1786402827548,0,0,35316711424,6767835728
1786402827758,0,0,35316711424,6767819344
1786402827966,0,0,35316711424,6767819344
1786402828167,0,0,35316711424,6767819344
1786402828378,0,0,35316711424,6767819344
1786402828587,0,0,35316711424,6767819344
1786402828794,0,0,35316711424,6767819344
1786402829004,0,0,35316711424,6767835728
1786402829208,0,0,35316711424,6767819344
1786402829419,0,0,35316711424,6767819344
1786402829629,0,0,35316711424,6767819344
1786402829838,0,0,35316711424,6767819344
1786402830044,0,0,35316711424,6767819344
1786402830257,0,0,35316711424,6767835728
1786402830468,0,0,35316711424,6767819344
1786402830679,0,0,35316711424,6767819344
1786402830890,0,0,35316711424,6767819344
1786402831098,0,0,35316711424,6767835728
1786402831307,0,0,35316711424,6767819344
1786402831515,0,0,35316711424,6767819344
1786402831719,0,0,35316711424,6767819344
1786402831922,0,0,35316711424,6767819344
1786402832133,0,0,35316711424,6767819344
1786402832337,0,0,35316711424,6767819344
1786402832543,0,0,35316711424,6767835728
1786402832755,0,0,35316711424,6767819344
1786402832964,0,0,35316711424,6767819344
1786402833173,0,0,35316711424,6767819344
1786402833385,0,0,35316711424,6767819344
1786402833595,0,0,35316711424,6767835728
1786402833806,0,0,35316711424,6767819344
1786402834012,0,0,35316711424,6767819344
1786402834218,0,0,35316711424,6767819344
1786402834429,0,0,35316711424,6767819344
1786402834635,0,0,35316711424,6767819344
1786402834846,0,0,35316711424,6767819344
1786402835048,0,0,35316711424,6767835728
1786402835254,0,0,35316711424,6767835728
1786402835460,0,0,35316711424,6767819344
1786402835671,0,0,35316711424,6767819344
1786402835883,0,0,35316711424,6767819344
1786402836091,0,0,35316711424,6767835728
1786402836306,0,0,35316711424,6767835728
1786402836517,0,0,35316711424,6767819344
1786402836728,0,0,35316711424,6767819344
1786402836931,0,0,35316711424,6767819344
1786402837140,0,0,35316711424,6767819344
1786402837346,0,0,35316711424,6767819344
1786402837557,0,0,35316711424,6767819344
1786402837760,0,0,35316711424,6767819344
1786402837970,0,0,35316711424,6767819344
1786402838181,0,0,35316711424,6767819344
1786402838392,0,0,35316711424,6767835728
1786402838603,0,0,35316711424,6767819344
1786402838811,0,0,35316711424,6767819344
1786402839018,0,0,35316711424,6767819344
1786402839228,0,0,35316711424,6767819344
1786402839439,0,0,35316711424,6767819344
1786402839648,0,0,35316711424,6767819344
1786402839857,0,0,35316711424,6767819344
1786402840064,0,0,35316711424,6767835728
1786402840274,0,0,35316711424,6767819344
1786402840485,0,0,35316711424,6767819344
1786402840696,0,0,35316711424,6767835728
1786402840906,0,0,35316711424,6767819344
1786402841114,0,0,35316711424,6767819344
1786402841320,0,0,35316711424,6767819344
1786402841523,0,0,35316711424,6767819344
1786402841734,0,0,35316711424,6767819344
1786402841946,0,0,35316711424,6767819344
1786402842149,0,0,35316711424,6767819344
1786402842357,0,0,35316711424,6767819344
1786402842568,0,0,35316711424,6767835728
1786402842779,0,0,35316711424,6767819344
1786402842990,0,0,35316711424,6767819344
1786402843192,0,0,35316711424,6767819344
1786402843397,0,0,35316711424,6767819344
1786402843609,0,0,35316711424,6767835728
1786402843811,0,0,35316711424,6767819344
1786402844022,0,0,35316711424,6767819344
1786402844233,0,0,35316711424,6767835728
1786402844436,0,0,35316711424,6767819344
1786402844643,0,0,35316711424,6767835728
1786402844852,0,0,35316711424,6767835728
1786402845053,0,0,35316711424,6767819344
1786402845259,0,0,35316711424,6767819344
1786402845470,0,0,35316711424,6767819344
1786402845681,0,0,35316711424,6767819344
1786402845887,0,0,35316711424,6767819344
1786402846096,0,0,35316711424,6767819344
1786402846299,0,0,35316711424,6767819344
1786402846509,0,0,35316711424,6767819344
1786402846720,0,0,35316711424,6767835728
1786402846924,0,0,35316711424,6767819344
1786402847130,0,0,35316711424,6767819344
1786402847334,0,0,35316711424,6767819344
1786402847544,0,0,35316711424,6767819344
1786402847753,0,0,35316711424,6767819344
1786402847964,0,0,35316711424,6767819344
1786402848175,0,0,35316711424,6767819344
1786402848380,0,0,35316711424,6767819344
1786402848584,0,0,35316711424,6767819344
1786402848788,0,0,35316711424,6767819344
1786402848996,0,0,35316711424,6767819344
1786402849208,0,0,35316711424,6767819344
1786402849413,0,0,35316711424,6767819344
1786402849624,0,0,35316711424,6767819344
1786402849829,0,0,35316711424,6767819344
1786402850031,0,0,35316711424,6767819344
1786402850235,0,0,35316711424,6767819344
1786402850438,0,0,35316711424,6767819344
1786402850647,0,0,35316711424,6767819344
1786402850855,0,0,35316711424,6767819344
1786402851057,0,0,35316711424,6767835728
1786402851263,0,0,35316711424,6767819344
1786402851466,0,0,35316711424,6767819344
1786402851677,0,0,35316711424,6767819344
1786402851883,0,0,35316711424,6767819344
1786402852088,0,0,35316711424,6767819344
1786402852291,0,0,35316711424,6767835728
1786402852499,0,0,35316711424,6767819344
1786402852706,0,0,35316711424,6767819344
1786402852917,0,0,35316711424,6767819344
1786402853125,0,0,35316711424,6767819344
1786402853330,0,0,35316711424,6767835728
1786402853538,0,0,35316711424,6767819344
1786402853741,0,0,35316711424,6767819344
1786402853951,0,0,35316711424,6767819344
1786402854162,0,0,35316711424,6767819344
1786402854372,0,0,35316711424,6767835728
1786402854579,0,0,35316711424,6767819344
1786402854790,0,0,35316711424,6767819344
1786402854998,0,0,35316711424,6767819344
1786402855204,0,0,35316711424,6767819344
1786402855415,0,0,35316711424,6767819344
1786402855626,0,0,35316711424,6767819344
1786402855837,0,0,35316711424,6767819344
1786402856040,0,0,35316711424,6767819344
1786402856251,0,0,35316711424,6767819344
1786402856462,0,0,35316711424,6767819344
1786402856673,0,0,35316711424,6767819344
1786402856878,0,0,35316711424,6767819344
1786402857088,0,0,35316711424,6767835728
1786402857294,0,0,35316711424,6767835728
1786402857502,0,0,35316711424,6767819344
1786402857713,0,0,35316711424,6767819344
1786402857923,0,0,35316711424,6767819344
1786402858134,0,0,35316711424,6767819344
1786402858343,0,0,35316711424,6767835728
1786402858549,0,0,35316711424,6767819344
1786402858758,0,0,35316711424,6767819344
1786402858969,0,0,35316711424,6767819344
1786402859180,0,0,35316711424,6767819344
1786402859391,0,0,35316711424,6767819344
1786402859602,0,0,35316711424,6767819344
1786402859803,0,0,35316711424,6767819344
1786402860007,0,0,35316711424,6767819344
1786402860219,0,0,35316711424,6767835728
1786402860424,0,0,35316711424,6767835728
1786402860635,0,0,35316711424,6767835728
1786402860846,0,0,35316711424,6767835728
1786402861051,0,0,35316711424,6767835728
1786402861254,0,0,35316711424,6767835728
1786402861465,0,0,35316711424,6767835728
1786402861676,0,0,35316711424,6767835728
1786402861886,0,0,35316711424,6767835728
1786402862098,0,0,35316711424,6767852112
1786402862302,0,0,35316711424,6767835728
1786402862512,0,0,35316711424,6767835728
1786402862723,0,0,35316711424,6767835728
1786402862930,0,0,35316711424,6767835728
1786402863135,0,0,35316711424,6767852112
1786402863345,0,0,35316711424,6767852112
1786402863554,0,0,35316711424,6767835728
1786402863757,0,0,35316711424,6767835728
1786402863968,0,0,35316711424,6767835728
1786402864175,0,0,35316711424,6767835728
1786402864381,0,0,35316711424,6767835728
1786402864593,0,0,35316711424,6767852112
1786402864801,0,0,35316711424,6767852112
1786402865006,0,0,35316711424,6767852112
1786402865217,0,0,35316711424,6767852112
1786402865428,0,0,35316711424,6767852112
1786402865656,0,0,35316711424,6767868496
1786402865866,0,0,35316711424,6767868496
1786402866070,0,0,35316711424,6767868496
1786402866281,0,0,35316711424,6767868496
1786402866487,0,0,35316711424,6767868496
1786402866697,0,0,35316711424,6767868496
1786402866906,0,0,35316711424,6767868496
1786402867117,0,0,35316711424,6767868496
1786402867327,0,0,35316711424,6767868496
1786402867532,0,0,35316711424,6767868496
1786402867734,0,0,35316711424,6767884880
1786402867944,0,0,35316711424,6767884880
1786402868147,0,0,35316711424,6767884880
1786402868350,0,0,35316711424,6767884880
1786402868560,0,0,35316711424,6767884880
1786402868771,0,0,35316711424,6767884880
1786402868981,0,0,35316711424,6767884880
1786402869191,0,0,35316711424,6767884880
1786402869397,0,0,35316711424,6767884880
1786402869604,0,0,35316711424,6767884880
1786402869815,0,0,35316711424,6767884880
1786402870025,0,0,35316711424,6767884880
1786402870235,0,0,35316711424,6767901264
1786402870446,0,0,35316711424,6767934032
1786402870655,0,0,35316711424,7270627920
1786402870911,0,0,35316711424,7640709712
1786402871172,0,0,35316711424,7640726096
1786402871378,0,0,35316711424,7640726096
1786402871584,0,0,35316711424,7640709712
1786402872156,0,0,35316711424,7640709712
1786402872380,0,0,35316711424,7640726096
1786402872616,0,0,35316711424,7640726096
1786402872872,0,0,35316711424,7640726096
1786402873080,0,0,35316711424,7640709712
1786402873290,0,0,35316711424,7710292560
1786402873500,0,0,35316711424,8340798032
1786402873706,0,0,35316711424,9067330128
1786402873910,0,0,35316711424,9150560848
1786402874111,0,0,35316711424,9683008080
1786402874317,0,0,35316711424,9797499472
1786402874528,0,0,35316711424,9863133776
1786402874738,0,0,35316711424,9863150160
1786402874948,0,0,35316711424,9863150160
1786402875155,0,0,35316711424,9863150160
1786402875358,0,0,35316711424,9863150160
1786402875569,0,0,35316711424,9863150160
1786402875801,268435456,175112192,35492872192,9819961936
1786402876016,268435456,268435456,35585146880,9752869456
1786402876227,268435456,268435456,35585146880,9752869456
1786402876428,268435456,268435456,35585146880,9752869456
1786402876638,268435456,268435456,35585146880,9753213520
1786402876850,268435456,268435456,35585146880,9753229904
1786402877058,268435456,268435456,35585146880,9753229904
1786402877265,268435456,268435456,35585146880,9753229904
1786402877476,268435456,268435456,35585146880,9753229904
1786402877678,268435456,268435456,35585146880,9753229904
1786402877888,536870912,536870912,35853582336,9728834128
1786402878100,536870912,536870912,35853582336,9728834128
1786402878307,536870912,536870912,35853582336,9728834128
1786402878515,536870912,536870912,35853582336,9728834128
1786402878726,536870912,536870912,35853582336,9728834128
1786402878930,536870912,536870912,35853582336,9728834128
1786402879141,536870912,536870912,35853582336,9729161808
1786402879351,536870912,536870912,35853582336,9729161808
1786402879561,536870912,536870912,35853582336,9729161808
1786402879772,805306368,572522496,35889233920,9722067536
1786402879977,805306368,805306368,36122017792,9646520912
1786402880188,805306368,805306368,36122017792,9646520912
1786402880398,805306368,805306368,36122017792,9646520912
1786402880599,805306368,805306368,36122017792,9646537296
1786402880806,805306368,805306368,36122017792,9646520912
1786402881017,805306368,805306368,36122017792,9646520912
1786402881222,805306368,805306368,36122017792,9646537296
1786402881439,805306368,805306368,36122017792,9646864976
1786402881644,805306368,805306368,36122017792,9646864976
1786402881845,1073741824,947912704,36264624128,9647127120
1786402882050,1073741824,1042284544,36359946240,9867917904
1786402882252,1073741824,1073741824,36390453248,9861691984
1786402882463,1073741824,1073741824,36390453248,9861691984
1786402882665,1073741824,1073741824,36390453248,9862167120
1786402882876,1073741824,1073741824,36390453248,9862167120
1786402883087,1073741824,1073741824,36390453248,9862167120
1786402883296,1073741824,1073741824,36390453248,9862167120
1786402883507,1073741824,1073741824,36390453248,9862167120
1786402883711,1073741824,1073741824,36390453248,9862167120
1786402883913,1342177280,1281359872,36598579200,10169104976
1786402884116,1342177280,1342177280,36658888704,10472094288
1786402884327,1342177280,1342177280,36658888704,10472110672
1786402884535,1342177280,1342177280,36658888704,10472094288
1786402884739,1342177280,1342177280,36658888704,10472094288
1786402884946,1342177280,1342177280,36658888704,10472094288
1786402885147,1342177280,1342177280,36658888704,10472094288
1786402885358,1342177280,1342177280,36658888704,10472094288
1786402885569,1342177280,1342177280,36658888704,10472110672
1786402885775,1610612736,1349517312,36667277312,10473142864
1786402885982,1610612736,1610612736,36927324160,10547788368
1786402886193,1610612736,1610612736,36927324160,10547788368
1786402886397,1610612736,1610612736,36927324160,10548001360
1786402886608,1610612736,1610612736,36927324160,10548001360
1786402886817,1610612736,1610612736,36927324160,10548017744
1786402887028,1610612736,1610612736,36927324160,10548001360
1786402887239,1610612736,1610612736,36927324160,10548001360
1786402887447,1610612736,1610612736,36927324160,10548017744
1786402887653,1610612736,1610612736,36927324160,10548001360
1786402887857,1879048192,1735393280,37052104704,10548591184
1786402888063,1879048192,1879048192,37195759616,10547542608
1786402888274,1879048192,1879048192,37195759616,10547542608
1786402888479,1879048192,1879048192,37195759616,10547542608
1786402888691,1879048192,1879048192,37195759616,10547558992
1786402888894,1879048192,1879048192,37195759616,10547542608
1786402889104,1879048192,1879048192,37195759616,11078220368
1786402889306,1879048192,1879048192,37195759616,11078220368
1786402889517,1879048192,1879048192,37195759616,11078220368
1786402889729,1879048192,1879048192,37195759616,11078220368
1786402889939,2147483648,2041577472,37358927872,11080202832
1786402890150,2147483648,2147483648,37464195072,11080186448
1786402890360,2147483648,2147483648,37464195072,11080186448
1786402890572,2147483648,2147483648,37464195072,11080186448
1786402890783,2147483648,2147483648,37464195072,11080186448
1786402890993,2147483648,2147483648,37464195072,11080186448
1786402891198,2147483648,2147483648,37464195072,11080186448
1786402891400,2147483648,2147483648,37464195072,11080202832
1786402891611,2147483648,2147483648,37464195072,11080202832
1786402891816,2415919104,2149580800,37466996736,11080202832
1786402892026,2415919104,2415919104,37732630528,11080202832
1786402892229,2415919104,2415919104,37732630528,11080202832
1786402892439,2415919104,2415919104,37732630528,11080202832
1786402892643,2415919104,2415919104,37732630528,11080563280
1786402892854,2415919104,2415919104,37732630528,11080563280
1786402893056,2415919104,2415919104,37732630528,11080563280
1786402893263,2415919104,2415919104,37732630528,11080563280
1786402893474,2415919104,2415919104,37732630528,11080563280
1786402893685,2415919104,2415919104,37732630528,11080563280
1786402893886,2684354560,2526019584,37842763776,11081038416
1786402894097,2684354560,2684354560,38001065984,11080038992
1786402894308,2684354560,2684354560,38001065984,11080038992
1786402894512,2684354560,2684354560,38001065984,11080038992
1786402894720,2684354560,2684354560,38001065984,11080038992
1786402894929,2684354560,2684354560,38001065984,11080038992
1786402895133,2684354560,2684354560,38001065984,11080399440
1786402895344,2684354560,2684354560,38001065984,11080399440
1786402895551,2684354560,2684354560,38001065984,11080399440
1786402895760,2684354560,2684354560,38001065984,11080399440
1786402895968,2952790016,2831155200,38148128768,11080448592
1786402896179,2952790016,2952790016,38269501440,11079875152
1786402896386,2952790016,2952790016,38269501440,11079875152
1786402896598,2952790016,2952790016,38269501440,11079875152
1786402896801,2952790016,2952790016,38269501440,11079875152
1786402897007,2952790016,2952790016,38269501440,11079875152
1786402897215,2952790016,2952790016,38269501440,11079891536
1786402897424,2952790016,2952790016,38269501440,11079875152
1786402897635,2952790016,2952790016,38269501440,11079875152
1786402897848,2952790016,2952790016,38269501440,11079891536
1786402898050,3221225472,3218079744,38535200768,11080055376
1786402898256,3221225472,3221225472,38537936896,11079875152
1786402898468,3221225472,3221225472,38537936896,11079891536
1786402898677,3221225472,3221225472,38537936896,11080366672
1786402898887,3221225472,3221225472,38537936896,11080366672
1786402899099,3221225472,3221225472,38537936896,11080366672
1786402899309,3221225472,3221225472,38537936896,11080366672
1786402899517,3221225472,3221225472,38537936896,11080366672
1786402899723,3221225472,3221225472,38537936896,11080383056
1786402899928,3489660928,3311403008,38628442112,11080546896
1786402900139,3489660928,3489660928,38806372352,11072944720
1786402900350,3489660928,3489660928,38806372352,11072944720
1786402900566,3489660928,3489660928,38806372352,11072944720
1786402900775,3489660928,3489660928,38806372352,11072944720
1786402900983,3489660928,3489660928,38806372352,11072961104
1786402901185,3489660928,3489660928,38806372352,11073288784
1786402901395,3489660928,3489660928,38806372352,11073288784
1786402901600,3489660928,3489660928,38806372352,11073305168
1786402901806,3489660928,3489660928,38806372352,11073288784
1786402902012,3758096384,3621781504,38938984448,11071093328
1786402902222,3758096384,3758096384,39074807808,11066538576
1786402902433,3758096384,3758096384,39074807808,11067030096
1786402902640,3758096384,3758096384,39074807808,11067030096
1786402902852,3758096384,3758096384,39074807808,11067030096
1786402903058,3758096384,3758096384,39074807808,11067030096
1786402903270,3758096384,3758096384,39074807808,11067030096
1786402903480,3758096384,3758096384,39074807808,11067030096
1786402903687,3758096384,3758096384,39074807808,11067849296
1786402903893,3758096384,3758096384,39074807808,11067849296
1786402904097,4026531840,4026531840,39343243264,11060329040
1786402904297,4026531840,4026531840,39343243264,11060329040
1786402904508,4026531840,4026531840,39343243264,11060329040
1786402904720,4026531840,4026531840,39343243264,11060345424
1786402904924,4026531840,4026531840,39343243264,11060542032
1786402905134,4026531840,4026531840,39343243264,11060542032
1786402905345,4026531840,4026531840,39343243264,11060542032
1786402905556,4026531840,4026531840,39343243264,11060542032
1786402905762,4026531840,4026531840,39343243264,11060542032
1786402905972,4294967296,4053794816,39370506240,11060984400
1786402906174,4294967296,4294967296,39611678720,11060197968
1786402906380,4294967296,4294967296,39611678720,11060214352
1786402906587,4294967296,4294967296,39611678720,11060197968
1786402906799,4294967296,4294967296,39611678720,11060214352
1786402907003,4294967296,4294967296,39611678720,11060214352
1786402907211,4294967296,4294967296,39611678720,11060197968
1786402907418,4294967296,4294967296,39611678720,11060542032
1786402907629,4294967296,4294967296,39611678720,11060542032
1786402907840,4294967296,4294967296,39611678720,11060542032
1786402908047,4563402752,4374659072,39691370496,11061164624
1786402908255,4563402752,4563402752,39880114176,11060312656
1786402908465,4563402752,4563402752,39880114176,11060574800
1786402908668,4563402752,4563402752,39880114176,11060574800
1786402908879,4563402752,4563402752,39880114176,11060574800
1786402909089,4563402752,4563402752,39880114176,11060574800
1786402909292,4563402752,4563402752,39880114176,11060574800
1786402909504,4563402752,4563402752,39880114176,11060574800
1786402909709,4563402752,4563402752,39880114176,11060574800
1786402909916,4563402752,4563402752,39880114176,11060574800
1786402910119,4831838208,4831838208,40148549632,11060066896
1786402910330,4831838208,4831838208,40148549632,11060083280
1786402910541,4831838208,4831838208,40148549632,11060066896
1786402910751,4831838208,4831838208,40148549632,11060066896
1786402910960,4831838208,4831838208,40148549632,11060066896
1786402911170,4831838208,4831838208,40148549632,11060066896
1786402911381,4831838208,4831838208,40148549632,11060066896
1786402911592,4831838208,4831838208,40148549632,11060066896
1786402911811,4831838208,4831838208,40148549632,11060066896
1786402912012,5100273664,4865392640,40182185984,11060738640
1786402912219,5100273664,5100273664,40416985088,11060066896
1786402912427,5100273664,5100273664,40416985088,11060066896
1786402912630,5100273664,5100273664,40416985088,11060066896
1786402912839,5100273664,5100273664,40416985088,11060066896
1786402913050,5100273664,5100273664,40416985088,11060083280
1786402913252,5100273664,5100273664,40416985088,11060066896
1786402913454,5100273664,5100273664,40416985088,11060427344
1786402913656,5100273664,5100273664,40416985088,11060427344
1786402913867,5100273664,5100273664,40416985088,11060427344
1786402914074,5368709120,5195694080,40512405504,11060935248
1786402914279,5368709120,5368709120,40685420544,11059919440
1786402914490,5368709120,5368709120,40685420544,11059919440
1786402914695,5368709120,5368709120,40685420544,11060427344
1786402914902,5368709120,5368709120,40685420544,11060427344
1786402915113,5368709120,5368709120,40685420544,11060427344
1786402915320,5368709120,5368709120,40685420544,11060443728
1786402915532,5368709120,5368709120,40685420544,11060427344
1786402915734,5368709120,5368709120,40685420544,11060443728
1786402915938,5368709120,5368709120,40685420544,11060574800
1786402916138,5637144576,5600444416,40917270528,11061148240
1786402916349,5637144576,5637144576,40953856000,11060312656
1786402916560,5637144576,5637144576,40953856000,11060312656
1786402916771,5637144576,5637144576,40953856000,11060312656
1786402916972,5637144576,5637144576,40953856000,11060312656
1786402917183,5637144576,5637144576,40953856000,11060312656
1786402917393,5637144576,5637144576,40953856000,11060312656
1786402917605,5637144576,5637144576,40953856000,11060312656
1786402917816,5637144576,5637144576,40953856000,11060312656
1786402918025,5905580032,5644484608,40961212416,11060935248
1786402918229,5905580032,5905580032,41222291456,11060312656
1786402918430,5905580032,5905580032,41222291456,11060312656
1786402918641,5905580032,5905580032,41222291456,11060312656
1786402918846,5905580032,5905580032,41222291456,11060312656
1786402919057,5905580032,5905580032,41222291456,11060312656
1786402919269,5905580032,5905580032,41222291456,11060312656
1786402919480,5905580032,5905580032,41222291456,11060312656
1786402919690,5905580032,5905580032,41222291456,11060574800
1786402919901,5905580032,5905580032,41222291456,11060574800
1786402920103,6174015488,5959057408,41275768832,11060902480
1786402920314,6174015488,6174015488,41490726912,11060132432
1786402920524,6174015488,6174015488,41490726912,11060132432
1786402920732,6174015488,6174015488,41490726912,11060132432
1786402920943,6174015488,6174015488,41490726912,11060492880
1786402921154,6174015488,6174015488,41490726912,11060492880
1786402921360,6174015488,6174015488,41490726912,11060492880
1786402921570,6174015488,6174015488,41490726912,11060492880
1786402921781,6174015488,6174015488,41490726912,11060492880
1786402921983,6174015488,6174015488,41490726912,11060525648
1786402922191,6442450944,6375342080,41693052928,10985618000
1786402922401,6442450944,6442450944,41759162368,10921114264
1786402922612,6442450944,6442450944,41759162368,10926095024
1786402922822,6442450944,6442450944,41759162368,10926095024
1786402923025,6442450944,6442450944,41759162368,10926095024
1786402923236,6442450944,6442450944,41759162368,10940955312
1786402923446,6442450944,6442450944,41759162368,10995382984
1786402923653,6442450944,6442450944,41759162368,10995382984
1786402923864,6442450944,6442450944,41759162368,10995382984
1786402924066,6710886400,6444548096,41761259520,10993318600
1786402924277,6710886400,6710886400,42027597824,10584570568
1786402924488,6710886400,6710886400,42027597824,10584570568
1786402924690,6710886400,6710886400,42027597824,10585619144
1786402924891,6710886400,6710886400,42027597824,10593811168
1786402925099,6710886400,6710886400,42027597824,10596055776
1786402925300,6710886400,6710886400,42027597824,10598349536
1786402925503,6710886400,6710886400,42027597824,10602855136
1786402925713,6710886400,6710886400,42027597824,10602855136
1786402925925,6710886400,6710886400,42027597824,10602855136
1786402926126,6979321856,6755975168,42073079808,10511874784
1786402926337,6979321856,6979321856,42296033280,10067786464
1786402926541,6979321856,6979321856,42296033280,10067802848
1786402926744,6979321856,6979321856,42296033280,10067868384
1786402926946,6979321856,6979321856,42296033280,10067999456
1786402927156,6979321856,6979321856,42296033280,10068081376
1786402927367,6979321856,6979321856,42296033280,10068081376
1786402927578,6979321856,6979321856,42296033280,10068081376
1786402927786,6979321856,6979321856,42296033280,10068081376
1786402927992,6979321856,6979321856,42296033280,10068081376
1786402928202,7247757312,7159676928,42476929024,9706502880
1786402928411,7247757312,7247757312,42564468736,9532472032
1786402928612,7247757312,7247757312,42564468736,9532472032
1786402928816,7247757312,7247757312,42564468736,9532472032
1786402929024,7247757312,7247757312,42564468736,9532472032
1786402929229,7247757312,7247757312,42564468736,9532488416
1786402929440,7247757312,7247757312,42564468736,9532488416
1786402929649,7247757312,7247757312,42564468736,9532488416
1786402929850,7247757312,7247757312,42564468736,9532488416
1786402930053,7247757312,7247757312,42564468736,9532488416
1786402930254,7516192768,7516192768,42832904192,9176497056
1786402930463,7516192768,7516192768,42856300544,9139747744
1786402930665,7516192768,7516192768,42893606912,9065135008
1786402930868,7516192768,7516192768,42931437568,8989539232
1786402931072,7516192768,7516192768,42950164480,8952216480
1786402931272,7516192768,7516192768,42950164480,9036020640
1786402931473,7516192768,7516192768,42950164480,9036020640
1786402931683,7516192768,7516192768,42950164480,9044802464
1786402931894,7516192768,7516192768,42950164480,9044818848
1786402932098,7516192768,7516192768,42950164480,9044802464
1786402932309,7784628224,7784628224,43218599936,8508259232
1786402932516,7784628224,7784628224,43218599936,8508259232
1786402932720,7784628224,7784628224,43218599936,8508259232
1786402932924,7784628224,7784628224,43218599936,8508275616
1786402933130,7784628224,7784628224,43218599936,8511503264
1786402933341,7784628224,7784628224,43218599936,8511503264
1786402933552,7784628224,7784628224,43218599936,8511503264
1786402933761,7784628224,7784628224,43218599936,8511503264
1786402933964,7784628224,7784628224,43218599936,8511503264
1786402934167,8053063680,7821328384,43256070144,8436874144
1786402934370,8053063680,8053063680,43487035392,7985134496
1786402934573,8053063680,8053063680,43487035392,7985134496
1786402934783,8053063680,8053063680,43487035392,7985134496
1786402934994,8053063680,8053063680,43487035392,7985134496
1786402935205,8053063680,8053063680,43487035392,7985150880
1786402935410,8053063680,8053063680,43487035392,7985167264
1786402935616,8053063680,8053063680,43487035392,7985150880
1786402935826,8053063680,8053063680,43487035392,7985167264
1786402936042,8053063680,8053063680,43487035392,7985167264
1786402936243,8321499136,8294236160,43728207872,7508523936
1786402936454,8321499136,8321499136,43755470848,7454686112
1786402936664,8321499136,8321499136,43755470848,7454686112
1786402936874,8321499136,8321499136,43755470848,7454702496
1786402937085,8321499136,8321499136,43755470848,7454686112
1786402937287,8321499136,8321499136,43755470848,7454702496
1786402937489,8321499136,8321499136,43755470848,7454702496
1786402937698,8321499136,8321499136,43755470848,7454702496
1786402937906,8321499136,8321499136,43755470848,7454702496
1786402938117,8321499136,8321499136,43755470848,7454702496
1786402938328,8589934592,8589934592,44023906304,6921092000
1786402938539,8589934592,8589934592,44023906304,6921092000
1786402938746,8589934592,8589934592,44023906304,6921108384
1786402938952,8589934592,8589934592,44023906304,6921092000
1786402939155,8589934592,8589934592,44023906304,6921092000
1786402939365,8589934592,8589934592,44023906304,6921092000
1786402939576,8589934592,8589934592,44023906304,6921092000
1786402939783,8589934592,8589934592,44023906304,6921092000
1786402939986,8589934592,8589934592,44023906304,6921092000
1786402940190,8694661120,8610906112,44045729792,6877051808
1786402940400,8694661120,8694661120,44128632832,6712064928
1786402940602,8694661120,8694661120,44128632832,6712064928
1786402940806,8694661120,8694661120,44128632832,6712064928
1786402941016,8694661120,8694661120,44128632832,6712064928
1786402941227,8694661120,8694661120,44128632832,6712064928
1786402941440,8694661120,8694661120,44128632832,6712064928
1786402941646,8694661120,8694661120,44128632832,6712064928
1786402941857,8694661120,8694661120,44128632832,6712064928
1786402942067,8694661120,8694661120,44128632832,6712064928
1786402942271,8694661120,8694661120,44128632832,6713342880
1786402942475,8694661120,8694661120,44128632832,6713342880
1786402942685,8694661120,8694661120,44128632832,6713785248
1786402942888,8694661120,8694661120,44128632832,6713785248
1786402943099,8694661120,8694661120,44128632832,6713768864
1786402943309,8694661120,8694661120,44128632832,6713785248
1786402943510,8694661120,8694661120,44128632832,6713768864
1786402943711,8694661120,8694661120,44128632832,6713801632
1786402943915,8694661120,8694661120,44128632832,6713801632
1786402944125,8694661120,8694661120,44128632832,6713801632
1786402944336,8694661120,8694661120,44128632832,6713818016
1786402944546,8694661120,8694661120,44128632832,6713801632
1786402944750,8694661120,8694661120,44128632832,6713818016
1786402944959,8694661120,8694661120,44128632832,6713818016
1786402945161,8694661120,8694661120,44128632832,6713801632
1786402945368,8694661120,8694661120,44128632832,6713801632
1786402945571,8694661120,8694661120,44128632832,6713801632
1786402945782,8694661120,8694661120,44128632832,6713801632
1786402945994,8694661120,8694661120,44128632832,6713801632
1786402946203,8694661120,8694661120,44128632832,6713801632
1786402946407,8694661120,8694661120,44128632832,6713801632
1786402946618,8694661120,8694661120,44128632832,6713801632
1786402946821,8694661120,8694661120,44128632832,6713801632
1786402947024,8694661120,8694661120,44128632832,6713801632
1786402947235,8694661120,8694661120,44128632832,6713801632
1786402947445,8694661120,8694661120,44128632832,6713818016
1786402947655,8694661120,8694661120,44128632832,6713883552
1786402947859,8694661120,8694661120,44128632832,6713867168
1786402948067,8694661120,8694661120,44128632832,6713883552
1786402948273,8694661120,8694661120,44128632832,6713867168
1786402948477,8694661120,8694661120,44128632832,6713867168
1786402948687,8694661120,8694661120,44128632832,6713916320
1786402948898,8694661120,8694661120,44128632832,6713932704
1786402949105,8694661120,8694661120,44128632832,6713916320
1786402949312,8694661120,8694661120,44128632832,6713916320
1786402949522,8694661120,8694661120,44128632832,6713932704
1786402949733,8694661120,8694661120,44128632832,6713916320
1786402949935,8694661120,8694661120,44128632832,6713916320
1786402950137,8694661120,8694661120,44128632832,6713916320
1786402950348,8694661120,8694661120,44128632832,6713916320
1786402950557,8694661120,8694661120,44128632832,6716095392
1786402950763,8694661120,8694661120,44128632832,6716079008
1786402950967,8694661120,8694661120,44128632832,6716079008
1786402951176,8694661120,8694661120,44128632832,6716079008
1786402951378,8694661120,8694661120,44128632832,6716079008
1786402951588,8694661120,8694661120,44128632832,6716504992
1786402951799,8694661120,8694661120,44128632832,6716504992
1786402952010,8694661120,8694661120,44128632832,6716504992
1786402952214,8694661120,8694661120,44128632832,6716521376
1786402952420,8694661120,8694661120,44128632832,6716504992
1786402952631,8694661120,8694661120,44128632832,6716537760
1786402952842,8694661120,8694661120,44128632832,6716537760
1786402953044,8694661120,8694661120,44128632832,6716537760
1786402953254,8694661120,8694661120,44128632832,6716537760
1786402953465,8694661120,8694661120,44128632832,6716537760
1786402953675,8694661120,8694661120,44128632832,6716554144
1786402953878,8694661120,8694661120,44128632832,6716537760
1786402954081,8694661120,8694661120,44128632832,6716537760
1786402954289,8694661120,8694661120,44128632832,6716537760
1786402954490,8694661120,8694661120,44128632832,6716537760
1786402954692,8694661120,8694661120,44128632832,6716537760
1786402954901,8694661120,8694661120,44128632832,6716537760
1786402955105,8694661120,8694661120,44128632832,6716537760
1786402955316,8694661120,8694661120,44128632832,6716537760
1786402955526,8694661120,8694661120,44128632832,6716554144
1786402955732,8694661120,8694661120,44128632832,6716554144
1786402955940,8694661120,8694661120,44128632832,6716537760
1786402956141,8694661120,8694661120,44128632832,6716537760
1786402956351,8694661120,8694661120,44128632832,6716537760
1786402956557,8694661120,8694661120,44128632832,6716537760
1786402956761,8694661120,8694661120,44128632832,6716537760
1786402956970,8694661120,8694661120,44128632832,6716537760
1786402957177,8694661120,8694661120,44128632832,6716537760
1786402957388,8694661120,8694661120,44128632832,6716537760
1786402957589,8694661120,8694661120,44128632832,6716537760
1786402957790,8694661120,8694661120,44128632832,6716537760
1786402958000,8694661120,8694661120,44128632832,6716537760
1786402958201,8694661120,8694661120,44128632832,6716537760
1786402958411,8676835328,8676835328,44128632832,6716537760
1786402958619,8676835328,8676835328,44128632832,6716537760
1786402958822,8676835328,8676835328,44128632832,6716537760
1786402959025,8676835328,8676835328,44128632832,6716537760
1786402959231,8676835328,8676835328,44128632832,6716537760
1786402959432,8676835328,8676835328,44128632832,6716537760
1786402959643,8676835328,8676835328,44128632832,6716537760
1786402959845,8676835328,8676835328,44128632832,6716537760
1786402960051,8676835328,8676835328,44128632832,6716537760
1786402960259,8676835328,8676835328,44128632832,6716537760
1786402960467,8676835328,8676835328,44128632832,6716537760
1786402960668,8676835328,8676835328,44128632832,6716537760
1786402960878,8676835328,8676835328,44128632832,6716537760
1786402961088,8676835328,8676835328,44128632832,6716537760
1786402961299,8676835328,8676835328,44128632832,6716537760
1786402961507,8676835328,8676835328,44128632832,6716537760
1786402961718,8676835328,8676835328,44128632832,6716537760
1786402961928,8676835328,8676835328,44128632832,6716537760
1786402962136,8676835328,8676835328,44128632832,6716537760
1786402962337,8676835328,8676835328,44128632832,6716537760
1786402962541,8676835328,8676835328,44128632832,6716537760
1786402962752,8676835328,8676835328,44128632832,6716537760
1786402962961,8676835328,8676835328,44128632832,6716537760
1786402963170,8676835328,8676835328,44128632832,6716537760
1786402963379,8676835328,8676835328,44128632832,6716537760
1786402963582,8676835328,8676835328,44152487936,6669319072
1786402963793,8676835328,8676835328,44170395648,6636043168
1786402963998,8676835328,8676835328,44170395648,6636043168
1786402964206,8676835328,8676835328,44170395648,6636043168
1786402964415,8676835328,8676835328,44170395648,6636043168
1786402964621,8676835328,8676835328,44170395648,6636043168
1786402964833,8676835328,8676835328,44170395648,6636043168
1786402965043,8676835328,8676835328,44170395648,6636043168
1786402965244,8676835328,8676835328,44170395648,6637681568
1786402965447,8676835328,8676835328,44170395648,6637681568
1786402965657,8676835328,8676835328,44170395648,6637681568
1786402965868,8676835328,8676835328,44170395648,6637681568
1786402966079,8676835328,8676835328,44170395648,6637681568
1786402966286,8676835328,8676835328,44170395648,6637697952
1786402966496,8676835328,8676835328,44170395648,6637681568
1786402966699,8676835328,8676835328,44170395648,6637681568
1786402966906,8676835328,8676835328,44170395648,6637730720
1786402967107,8676835328,8676835328,44170395648,6637730720
1786402967317,8676835328,8676835328,44170395648,6637730720
1786402967532,8676835328,8676835328,44170395648,6637747104
1786402967743,8676835328,8676835328,44170395648,6637730720
1786402967955,8676835328,8676835328,44170395648,6637730720
1786402968157,8676835328,8676835328,44170395648,6637747104
1786402968362,8676835328,8676835328,44170395648,6637730720
1786402968570,8676835328,8676835328,44170395648,6637730720
1786402968780,8676835328,8676835328,44170395648,6637730720
1786402968991,8676835328,8676835328,44170395648,6637747104
1786402969197,8676835328,8676835328,44170395648,6637730720
1786402969406,8676835328,8676835328,44170395648,6637730720
1786402969617,8676835328,8676835328,44170395648,6637730720
1786402969820,8676835328,8676835328,44170395648,6637730720
1786402970031,8676835328,8676835328,44170395648,6637730720
1786402970232,8676835328,8676835328,44170395648,6637730720
1786402970442,8676835328,8676835328,44170395648,6637730720
1786402970654,8676835328,8676835328,44170395648,6637730720
1786402970865,8676835328,8676835328,44170395648,6637730720
1786402971075,8676835328,8676835328,44170395648,6637730720
1786402971276,8676835328,8676835328,44170395648,6637730720
1786402971478,8676835328,8676835328,44170395648,6637730720
1786402971679,8676835328,8676835328,44170395648,6637730720
1786402971882,8676835328,8676835328,44170395648,6637730720
1786402972093,8676835328,8676835328,44170395648,6637730720
1786402972304,8676835328,8676835328,44170395648,6637747104
1786402972510,8676835328,8676835328,44170395648,6637730720
1786402972719,8676835328,8676835328,44170395648,6637747104
1786402972926,8676835328,8676835328,44170395648,6637730720
1786402973128,8676835328,8676835328,44170395648,6637730720
1786402973330,8676835328,8676835328,44170395648,6637763488
1786402973540,8676835328,8676835328,44170395648,6637730720
1786402973752,8676835328,8676835328,44170395648,6637730720
1786402973955,8676835328,8676835328,44170395648,6637730720
1786402974160,8676835328,8676835328,44170395648,6637730720
1786402974368,8676835328,8676835328,44170395648,6637747104
1786402974574,8676835328,8676835328,44170395648,6637730720
1786402974776,8676835328,8676835328,44170395648,6637730720
1786402974986,8676835328,8676835328,44170395648,6637730720
1786402975197,8676835328,8676835328,44170395648,6637730720
1786402975406,8676835328,8676835328,44170395648,6637730720
1786402975616,8676835328,8676835328,44170395648,6637730720
1786402975818,8676835328,8676835328,44170395648,6637747104
1786402976029,8676835328,8676835328,44170395648,6637730720
1786402976238,8676835328,8676835328,44170395648,6637730720
1786402976440,8676835328,8676835328,44170395648,6637730720
1786402976651,8676835328,8676835328,44170395648,6637730720
1786402976862,8676835328,8676835328,44170395648,6637747104
1786402977070,8676835328,8676835328,44170395648,6637730720
1786402977278,8676835328,8676835328,44170395648,6637730720
1786402977490,8676835328,8676835328,44170395648,6637730720
1786402977693,8676835328,8676835328,44170395648,6637730720
1786402977896,8676835328,8676835328,44170395648,6637730720
1786402978106,8676835328,8676835328,44170395648,6637730720
1786402978317,8676835328,8676835328,44170395648,6637730720
1786402978528,8676835328,8676835328,44170395648,6637730720
1786402978739,8676835328,8676835328,44170395648,6637730720
1786402978949,8676835328,8676835328,44170395648,6637730720
1786402979158,8676835328,8676835328,44170395648,6637730720
1786402979360,8676835328,8676835328,44170395648,6637730720
1786402979562,8676835328,8676835328,44170395648,6637730720
1786402979772,8676835328,8676835328,44170395648,6637730720
1786402979983,8676835328,8676835328,44170395648,6637730720
1786402980195,8676835328,8676835328,44170395648,6637730720
1786402980401,8676835328,8676835328,44170395648,6637730720
1786402980610,8676835328,8676835328,44170395648,6637730720
1786402980815,8676835328,8676835328,44170395648,6637730720
1786402981018,8676835328,8676835328,44170395648,6637730720
1786402981228,8676835328,8676835328,44170395648,6637730720
1786402981439,8676835328,8676835328,44170395648,6637730720
1786402981645,8676835328,8676835328,44170395648,6637730720
1786402981851,8676835328,8676835328,44170395648,6637730720
1786402982057,8676835328,8676835328,44170395648,6637730720
1786402982258,8676835328,8676835328,44170395648,6637730720
1786402982459,8676835328,8676835328,44170395648,6637730720
1786402982668,8676835328,8676835328,44170395648,6637730720
1786402982872,8676835328,8676835328,44170395648,6637730720
1786402983083,8676835328,8676835328,44170395648,6637730720
1786402983295,8676835328,8676835328,44170395648,6637730720
1786402983506,8676835328,8676835328,44170395648,6637747104
1786402983713,8676835328,8676835328,44170395648,6637747104
1786402983918,8676835328,8676835328,44170395648,6637747104
1786402984119,8676835328,8676835328,44170395648,6638074784
1786402984329,8676835328,8676835328,44170395648,6638074784
1786402984540,8676835328,8676835328,44170395648,6638074784
1786402984742,8676835328,8676835328,44170395648,6638074784
1786402984944,8676835328,8676835328,44170395648,6638074784
1786402985154,8676835328,8676835328,44170395648,6638074784
1786402985357,8676835328,8676835328,44170395648,6640073632
1786402985558,8676835328,8676835328,44170395648,6640073632
1786402985760,8676835328,8676835328,44170395648,6640073632
1786402985966,8676835328,8676835328,44170395648,6640073632
1786402986178,8676835328,8676835328,44170395648,6640073632
1786402986383,8676835328,8676835328,44170395648,6640073632
1786402986594,8676835328,8676835328,44170395648,6640073632
1786402986803,8676835328,8676835328,44170395648,6640090016
1786402987013,8676835328,8676835328,44170395648,6640139168
1786402987216,8676835328,8676835328,44170395648,6640139168
1786402987426,8676835328,8676835328,44170395648,6640139168
1786402987637,8676835328,8676835328,44170395648,6640139168
1786402987840,8676835328,8676835328,44170395648,6640139168
1786402988051,8676835328,8676835328,44170395648,6640155552
1786402988262,8676835328,8676835328,44170395648,6640171936
1786402988473,8676835328,8676835328,44170395648,6640139168
1786402988676,8676835328,8676835328,44170395648,6640204704
1786402988884,8676835328,8676835328,44170395648,6640204704
1786402989094,8676835328,8676835328,44170395648,6640204704
1786402989305,8676835328,8676835328,44170395648,6640204704
1786402989514,8676835328,8676835328,44170395648,6640204704
1786402989718,8676835328,8676835328,44170395648,6640204704
1786402989926,8676835328,8676835328,44170395648,6640204704
1786402990133,8676835328,8676835328,44170395648,6640204704
1786402990337,8676835328,8676835328,44170395648,6640204704
1786402990545,8676835328,8676835328,44170395648,6640204704
1786402990756,8676835328,8676835328,44170395648,6640204704
1786402990964,8676835328,8676835328,44170395648,6640204704
1786402991168,8676835328,8676835328,44170395648,6640221088
1786402991379,8676835328,8676835328,44170395648,6640204704
1786402991581,8676835328,8676835328,44170395648,6640204704
1786402991792,8676835328,8676835328,44170395648,6677363640
1786402991998,8676835328,8676835328,44170657792,6677593016
1786402992207,8676835328,8676835328,44174327808,6677625784
1786402992418,8676835328,8676835328,44174327808,6677625784
1786402992624,8693743616,8693743616,44191236096,6644104120
1786402992832,8693743616,8693743616,44191236096,6644104120
1786402993043,8693743616,8693743616,44191236096,6644104120
1786402993254,8693743616,8693743616,44191236096,6644579256
1786402993456,8693743616,8693743616,44191236096,6648773560
1786402993666,8693743616,8693743616,44191236096,6648773560
1786402993877,8693743616,8693743616,44191236096,6648773560
1786402994084,8693743616,8693743616,44191236096,6648773560
1786402994296,8693743616,8693743616,44191236096,6648773560
1786402994498,8693743616,8693743616,44191236096,6648773560
1786402994700,8693743616,8693743616,44191236096,6648773560
1786402994903,8693743616,8693743616,44191236096,6648773560
1786402995106,8693743616,8693743616,44191236096,6648773560
1786402995314,8693743616,8693743616,44191236096,6648773560
1786402995525,8693743616,8693743616,44191236096,6648789944
1786402995731,8693743616,8693743616,44191236096,6648773560
1786403003267,8675328000,8675328000,44191236096,6649494456
1786403003480,8675328000,8675328000,44191236096,6649494456
1786403003691,8675328000,8675328000,44191236096,6649494456
1786403003901,8675328000,8675328000,44191236096,6649494456
1786403004110,0,8391163904,44191236096,6649494456
1786403004312,0,7742095360,44191236096,6649494456
1786403004522,0,7128678400,44191236096,6862650296
1786403004723,0,6605438976,44191236096,6911785912
1786403004933,0,6051790848,44191236096,7151696920
1786403005143,0,5429985280,44191236096,7152319512
1786403005354,0,4751556608,44191236096,7152319512
1786403005564,0,4077322240,44191236096,7152319512
1786403005774,0,3409379328,44191236096,7152319512
1786403005975,0,2766602240,44191236096,7152319512
1786403006181,0,2161573888,44191236096,7152319512
1786403006385,0,1508311040,44191236096,7152319512
1786403006596,0,822542336,44191236096,7152319512
1786403006797,0,166133760,44191236096,7152319512
1786403007002,0,0,44191236096,7152319512
1786403007212,0,0,44191236096,7152319512
1786403007423,0,0,44191236096,7152614424
1786403007634,0,0,44191236096,7152630808
1786403007845,0,0,44191236096,7152614424
1786403008052,0,0,44191236096,7152630808
1786403008255,0,0,44191236096,7152614424
1786403008460,0,0,44191236096,7152614424
1786403008661,0,0,44191236096,7152614424
1786403008872,0,0,44191236096,7152614424
1786403009083,0,0,44191236096,7152614424
1786403009294,0,0,44191236096,7152630808
1786403009498,0,0,44191236096,7152614424
1786403009708,0,0,44191236096,7152614424
1786403009919,0,0,44191236096,7152614424
1786403010130,0,0,44191236096,7152614424
1786403010337,0,0,44191236096,7152630808
1786403010547,0,0,44191236096,7152614424
1786403010751,0,0,44191236096,7152614424
1786403010956,0,0,44191236096,7152614424
1786403011157,0,0,44191236096,7152614424
1786403011368,0,0,44191236096,7152614424
1786403011579,0,0,44191236096,7152614424
1786403011799,0,0,44191236096,7152614424
1786403012010,0,0,44191236096,7152614424
1786403012218,0,0,44191236096,7152614424
1786403012427,0,0,44191236096,7152614424
1786403012638,0,0,44191236096,7152614424
1786403012845,0,0,44191236096,7152614424
1786403013056,0,0,44191236096,7152614424
1786403013267,0,0,44191236096,7152630808
1786403013473,0,0,44191236096,7152614424
1786403013683,0,0,44191236096,7152614424
1786403013894,0,0,44191236096,7152614424
1786403014103,0,0,44191236096,7152630808
1786403014315,0,0,44191236096,7152614424
1786403014520,0,0,44191236096,7152614424
1786403014729,0,0,44191236096,7152614424
1786403014935,0,0,44191236096,7152614424
1786403015146,0,0,44191236096,7152614424
1786403015356,0,0,44191236096,7152614424
1786403015560,0,0,44191236096,7152614424
1786403015764,0,0,44191236096,7152614424
1786403015966,0,0,44191236096,7152614424
1786403016177,0,0,44191236096,7152614424
1786403016387,0,0,44191236096,7152614424
1786403016599,0,0,44191236096,7152614424
1786403016811,0,0,44191236096,7152614424
1786403017022,0,0,44191236096,7152614424
1786403017230,0,0,44191236096,7152614424
1786403017442,0,0,44191236096,7152614424
1786403017651,0,0,44191236096,7152614424
1786403017856,0,0,44191236096,7152614424
1786403018067,0,0,44191236096,7152614424
1786403018269,0,0,44191236096,7152614424
1786403018470,0,0,44191236096,7152614424
1786403018681,0,0,44191236096,7152614424
1786403018888,0,0,44191236096,7152614424
1786403019099,0,0,44191236096,7152614424
1786403019307,0,0,44191236096,7152614424
1786403019512,0,0,44191236096,7152614424
1786403019722,0,0,44191236096,7152614424
1786403019933,0,0,44191236096,7152614424
1786403020144,0,0,44191236096,7152630808
1786403020356,0,0,44191236096,7152630808
1786403020566,0,0,44191236096,7152630808
1786403020771,0,0,44191236096,7152630808
1786403020982,0,0,44191236096,7152630808
1786403021193,0,0,44191236096,7152630808
1786403021398,0,0,44191236096,7152630808
1786403021604,0,0,44191236096,7152630808
1786403021814,0,0,44191236096,7152647192
1786403022015,0,0,44191236096,7152630808
1786403022225,0,0,44191236096,7152696344
1786403022436,0,0,44191236096,7152696344
1786403022641,0,0,44191236096,7152696344
1786403022848,0,0,44191236096,7152696344
1786403023057,0,0,44191236096,7152729112
1786403023264,0,0,44191236096,7152712728
1786403023475,0,0,44191236096,7152712728
1786403023686,0,0,44191236096,7152712728
1786403023891,0,0,44191236096,7152712728
1786403024094,0,0,44191236096,7152729112
1786403024301,0,0,44191236096,7152712728
1786403024506,0,0,44191236096,7152712728
1786403024716,0,0,44191236096,7152712728
1786403024927,0,0,44191236096,7152712728
1786403025134,0,0,44191236096,7152712728
1786403025346,0,0,44191236096,7152712728
1786403025551,0,0,44191236096,7152712728
1786403025761,0,0,44191236096,7152712728
1786403025972,0,0,44191236096,7152712728
1786403026182,0,0,44191236096,7152712728
1786403026394,0,0,44191236096,7152712728
1786403026596,0,0,44191236096,7152712728
1786403026807,0,0,44191236096,7152729112
1786403027008,0,0,44191236096,7152712728
1786403027215,0,0,44191236096,7152712728
1786403027426,0,0,44191236096,7152712728
1786403027638,0,0,44191236096,7152712728
1786403027849,0,0,44191236096,7152712728
1786403028055,0,0,44191236096,7152712728
1786403028260,0,0,44191236096,7152712728
1786403028471,0,0,44191236096,7152712728
1786403028682,0,0,44191236096,7152712728
1786403028893,0,0,44191236096,7152712728
1786403029102,0,0,44191236096,7152729112
1786403029319,0,0,44191236096,7152729112
1786403029524,0,0,44191236096,7152712728
1786403029733,0,0,44191236096,7152712728
1786403029944,0,0,44191236096,7152712728
1786403030145,0,0,44191236096,7152712728
1786403030356,0,0,44191236096,7152712728
1786403030565,0,0,44191236096,7152712728
1786403030766,0,0,44191236096,7152712728
1786403030977,0,0,44191236096,7152712728
1786403031182,0,0,44191236096,7152712728
1786403031393,0,0,44191236096,7152712728
1786403031596,0,0,44191236096,7152712728
1786403031806,0,0,44191236096,7152712728
1786403032016,0,0,44191236096,7152712728
1786403032227,0,0,44191236096,7152712728
1786403032433,0,0,44191236096,7152712728
1786403032639,0,0,44191236096,7152729112
1786403032845,0,0,44191236096,7152729112
1786403033052,0,0,44191236096,7152712728
1786403033256,0,0,44191236096,7152712728
1786403033467,0,0,44191236096,7152712728
1786403033679,0,0,44191236096,7152712728
1786403033888,0,0,44191236096,7152712728
1786403034100,0,0,44191236096,7152712728
1786403034301,0,0,44191236096,7152712728
1786403034511,0,0,44191236096,7152712728
1786403034722,0,0,44191236096,7152712728
1786403034933,0,0,44191236096,7152712728
1786403035136,0,0,44191236096,7152712728
1786403035347,0,0,44191236096,7152712728
1786403035552,0,0,44191236096,7152712728
1786403035757,0,0,44191236096,7152712728
1786403035967,0,0,44191236096,7152712728
1786403036178,0,0,44191236096,7152712728
1786403036389,0,0,44191236096,7152712728
1786403036597,0,0,44191236096,7152729112
1786403036801,0,0,44191236096,7152712728
1786403037006,0,0,44191236096,7152712728
1786403037217,0,0,44191236096,7152729112
1786403037426,0,0,44191236096,7152712728
1786403037632,0,0,44191236096,7152712728
1786403037837,0,0,44191236096,7152712728
1786403038042,0,0,44191236096,7152712728
1786403038252,0,0,44191236096,7152712728
1786403038464,0,0,44191236096,7152712728
1786403038672,0,0,44191236096,7152729112
1786403038878,0,0,44191236096,7152712728
1786403039089,0,0,44191236096,7152712728
1786403039290,0,0,44191236096,7152712728
1786403039501,0,0,44191236096,7152712728
1786403039712,0,0,44191236096,7152712728
1786403039923,0,0,44191236096,7152712728
1786403040134,0,0,44191236096,7152712728
1786403040345,0,0,44191236096,7152729112
1786403040552,0,0,44191236096,7152712728
1786403040759,0,0,44191236096,7152712728
1786403040971,0,0,44191236096,7152712728
1786403041176,0,0,44191236096,7152712728
1786403041384,0,0,44191236096,7152712728
1786403041586,0,0,44191236096,7152729112
1786403041790,0,0,44191236096,7152712728
1786403042001,0,0,44191236096,7152712728
1786403042207,0,0,44191236096,7152712728
1786403042415,0,0,44191236096,7152712728
1786403042618,0,0,44191236096,7152712728
1786403042823,0,0,44191236096,7152712728
1786403043024,0,0,44191236096,7152712728
1786403043235,0,0,44191236096,7152712728
1786403043443,0,0,44191236096,7152712728
1786403043652,0,0,44191236096,7152729112
1786403043858,0,0,44191236096,7152712728
1786403044062,0,0,44191236096,7152712728
1786403044270,0,0,44191236096,7152712728
1786403044474,0,0,44191236096,7152712728
1786403044677,0,0,44191236096,7152712728
1786403044888,0,0,44191236096,7152712728
1786403045091,0,0,44191236096,7152712728
1786403045299,0,0,44191236096,7152712728
1786403045501,0,0,44191236096,7152712728
1786403045705,0,0,44191236096,7152712728
1786403045914,0,0,44191236096,7152712728
1786403046120,0,0,44191236096,7152712728
1786403046331,0,0,44191236096,7152712728
1786403046541,0,0,44191236096,7152712728
1786403046752,0,0,44191236096,7152712728
1786403046963,0,0,44191236096,7152712728
1786403047164,0,0,44191236096,7152712728
1786403047369,0,0,44191236096,7152712728
1786403047575,0,0,44191236096,7152712728
1786403047781,0,0,44191236096,7152712728
1786403047982,0,0,44191236096,7152712728
1786403048193,0,0,44191236096,7152712728
1786403048403,0,0,44191236096,7152712728
1786403048609,0,0,44191236096,7152729112
1786403048817,0,0,44191236096,7152712728
1786403049028,0,0,44191236096,7152712728
1786403049238,0,0,44191236096,7152712728
1786403049444,0,0,44191236096,7152712728
1786403049649,0,0,44191236096,7152712728
1786403049855,0,0,44191236096,7152729112
1786403050065,0,0,44191236096,7152712728
1786403050276,0,0,44191236096,7152712728
1786403050485,0,0,44191236096,7152712728
1786403050691,0,0,44191236096,7152712728
1786403050900,0,0,44191236096,7152729112
1786403051106,0,0,44191236096,7152712728
1786403051311,0,0,44191236096,7152712728
1786403051515,0,0,44191236096,7152712728
1786403051720,0,0,44191236096,7152712728
1786403051931,0,0,44191236096,7152712728
1786403052142,0,0,44191236096,7152712728
1786403052356,0,0,44191236096,7152729112
1786403052564,0,0,44191236096,7152712728
1786403052768,0,0,44191236096,7152712728
1786403052979,0,0,44191236096,7152712728
1786403053190,0,0,44191236096,7152712728
1786403053397,0,0,44191236096,7152712728
1786403053608,0,0,44191236096,7152712728
1786403053818,0,0,44191236096,7152712728
1786403054027,0,0,44191236096,7152712728
1786403054238,0,0,44191236096,7152712728
1786403054449,0,0,44191236096,7152712728
1786403054659,0,0,44191236096,7152712728
1786403054864,0,0,44191236096,7152729112
1786403055072,0,0,44191236096,7152729112
1786403055283,0,0,44191236096,7152712728
1786403055493,0,0,44191236096,7152712728
1786403055704,0,0,44191236096,7152729112
1786403055916,0,0,44191236096,7152712728
1786403056118,0,0,44191236096,7152712728
1786403056326,0,0,44191236096,7152712728
1786403056529,0,0,44191236096,7152712728
1786403056740,0,0,44191236096,7152712728
1786403056951,0,0,44191236096,7152712728
1786403057154,0,0,44191236096,7152712728
1786403057362,0,0,44191236096,7152712728
1786403057562,0,0,44191236096,7152712728
1786403057772,0,0,44191236096,7152712728
1786403057982,0,0,44191236096,7152712728
1786403058192,0,0,44191236096,7152729112
1786403058403,0,0,44191236096,7152712728
1786403058607,0,0,44191236096,7152712728
1786403058817,0,0,44191236096,7152712728
1786403059019,0,0,44191236096,7152712728
1786403059222,0,0,44191236096,7152712728
1786403059434,0,0,44191236096,7152712728
1786403059640,0,0,44191236096,7152712728
1786403059851,0,0,44191236096,7152712728
1786403060053,0,0,44191236096,7152712728
1786403060256,0,0,44191236096,7152712728
1786403060467,0,0,44191236096,7152712728
1786403060678,0,0,44191236096,7152712728
1786403060889,0,0,44191236096,7152712728
1786403061100,0,0,44191236096,7152712728
1786403061311,0,0,44191236096,7152712728
1786403061519,0,0,44191236096,7152712728
1786403061730,0,0,44191236096,7152712728
1786403061941,0,0,44191236096,7152712728
1786403062149,0,0,44191236096,7152712728
1786403062360,0,0,44191236096,7152712728
1786403062565,0,0,44191236096,7152712728
1786403062767,0,0,44191236096,7152712728
1786403062978,0,0,44191236096,7152712728
1786403063183,0,0,44191236096,7152712728
