=== ts_ms=1786401393309 pid=23286
task ledger 'Per-task ledger' id=6149018 entries=68 (pid 23286)

entry                                group      units                   balance           credit            debit
cpu_time                             sched      ns                    729284789        729284789                0
tkm_private                          physmem    bytes                   0.006 G          0.006 G          0.000 G
tkm_shared                           physmem    bytes                   0.000 G          0.000 G          0.000 G
phys_mem                             physmem    bytes                   9.564 G          9.564 G          0.000 G
wired_mem                            physmem    bytes                   0.000 G          0.000 G          0.000 G
internal                             physmem    bytes                   9.552 G          9.566 G          0.015 G
external                             physmem    bytes                   0.012 G          0.013 G          0.002 G
reusable                             physmem    bytes                   0.000 G          0.000 G          0.000 G
internal_compressed                  physmem    bytes                   0.000 G          0.000 G          0.000 G
iokit_mapped                         mappings   bytes                   0.000 G          0.000 G          0.000 G
alternate_accounting                 physmem    bytes                   0.000 G          0.000 G          0.000 G
alternate_accounting_compressed      physmem    bytes                   0.000 G          0.000 G          0.000 G
conclave_mem                         physmem    bytes                   0.000 G          0.000 G          0.000 G
phys_footprint                       physmem    bytes                   9.557 G          9.572 G          0.015 G
memorystatus_dirty_time              physmem    ns                            0                0                0
page_table                           physmem    bytes                   0.006 G          0.006 G          0.000 G
pages_grabbed                        physmem    count                    840075           840075                0
pages_grabbed_kern                   physmem    count                      5765             5765                0
pages_grabbed_iopl                   physmem    count                         0                0                0
pages_grabbed_upl                    physmem    count                    418041           418041                0
purgeable_volatile                   physmem    bytes                   0.000 G          0.000 G          0.000 G
purgeable_nonvolatile                physmem    bytes                   0.000 G          0.000 G          0.000 G
purgeable_volatile_compress          physmem    bytes                   0.000 G          0.000 G          0.000 G
purgeable_nonvolatile_compress       physmem    bytes                   0.000 G          0.000 G          0.000 G
tagged_nofootprint                   physmem    bytes                   0.000 G          0.000 G          0.000 G
tagged_footprint                     physmem    bytes                   0.000 G          0.000 G          0.000 G
tagged_nofootprint_compressed        physmem    bytes                   0.000 G          0.000 G          0.000 G
tagged_footprint_compressed          physmem    bytes                   0.000 G          0.000 G          0.000 G
network_volatile                     physmem    bytes                   0.000 G          0.000 G          0.000 G
network_nonvolatile                  physmem    bytes                   0.000 G          0.000 G          0.000 G
network_volatile_compressed          physmem    bytes                   0.000 G          0.000 G          0.000 G
network_nonvolatile_compressed       physmem    bytes                   0.000 G          0.000 G          0.000 G
media_nofootprint                    physmem    bytes                   0.000 G          0.000 G          0.000 G
media_footprint                      physmem    bytes                   0.000 G          0.000 G          0.000 G
media_nofootprint_compressed         physmem    bytes                   0.000 G          0.000 G          0.000 G
media_footprint_compressed           physmem    bytes                   0.000 G          0.000 G          0.000 G
graphics_nofootprint                 physmem    bytes                   0.000 G          0.000 G          0.000 G
graphics_footprint                   physmem    bytes                   0.000 G          0.000 G          0.000 G
graphics_nofootprint_compressed      physmem    bytes                   0.000 G          0.000 G          0.000 G
graphics_footprint_compressed        physmem    bytes                   0.000 G          0.000 G          0.000 G
neural_nofootprint                   physmem    bytes                   0.000 G          0.000 G          0.000 G
neural_footprint                     physmem    bytes                   0.000 G          0.000 G          0.000 G
neural_nofootprint_compressed        physmem    bytes                   0.000 G          0.000 G          0.000 G
neural_footprint_compressed          physmem    bytes                   0.000 G          0.000 G          0.000 G
neural_nofootprint_total             physmem    bytes                   0.000 G          0.000 G          0.000 G
swapins                              physmem    bytes                   0.000 G          0.000 G          0.000 G
est_reclaimable                      virtmem    bytes                   0.000 G          0.000 G          0.000 G
platform_idle_wakeups                power      count                      1057             1057                0
interrupt_wakeups                    power      count                     16172            16172                0
SFI_CLASS_APP_NAP                    sfi        MATUs                         0                0                0
SFI_CLASS_DARWIN_BG                  sfi        MATUs                         0                0                0
SFI_CLASS_DEFAULT                    sfi        MATUs                         0                0                0
SFI_CLASS_LEGACY                     sfi        MATUs                         0                0                0
SFI_CLASS_MAINTENANCE                sfi        MATUs                         0                0                0
SFI_CLASS_MANAGED                    sfi        MATUs                         0                0                0
SFI_CLASS_OPTED_OUT                  sfi        MATUs                         0                0                0
SFI_CLASS_USER_INITIATED             sfi        MATUs                         0                0                0
SFI_CLASS_USER_INTERACTIVE           sfi        MATUs                         0                0                0
SFI_CLASS_UTILITY                    sfi        MATUs                         0                0                0
SFI_CLASS_RUNAWAY_MITIGATION         sfi        MATUs                         0                0                0
cpu_time_billed_to_me                sched      ns                       807557           807557                0
cpu_time_billed_to_others            sched      ns                            0                0                0
energy_billed_to_me                  power      nj                       373873           373873                0
energy_billed_to_others              power      nj                            0                0                0
physical_writes                      res        bytes                   4.470 G          4.470 G          0.000 G
logical_writes                       res        bytes                   6.108 G          6.108 G          0.000 G
logical_writes_to_external           res        bytes                   0.000 G          0.000 G          0.000 G
fs_metadata_writes                   res        bytes                   0.037 G          0.037 G          0.000 G

sum of physmem byte balances (excl. phys_footprint itself): 19.138 G
(entries reported: template 68, task 68)
=== ts_ms=1786401453135 pid=23286
task ledger 'Per-task ledger' id=6149018 entries=68 (pid 23286)

entry                                group      units                   balance           credit            debit
cpu_time                             sched      ns                    998100018        998100018                0
tkm_private                          physmem    bytes                   0.006 G          0.006 G          0.000 G
tkm_shared                           physmem    bytes                   0.000 G          0.000 G          0.000 G
phys_mem                             physmem    bytes                   9.564 G          9.564 G          0.000 G
wired_mem                            physmem    bytes                   0.000 G          0.000 G          0.000 G
internal                             physmem    bytes                   9.552 G          9.576 G          0.024 G
external                             physmem    bytes                   0.012 G          0.013 G          0.002 G
reusable                             physmem    bytes                   0.000 G          0.000 G          0.000 G
internal_compressed                  physmem    bytes                   0.000 G          0.000 G          0.000 G
iokit_mapped                         mappings   bytes                   0.000 G          0.000 G          0.000 G
alternate_accounting                 physmem    bytes                   0.000 G          0.000 G          0.000 G
alternate_accounting_compressed      physmem    bytes                   0.000 G          0.000 G          0.000 G
conclave_mem                         physmem    bytes                   0.000 G          0.000 G          0.000 G
phys_footprint                       physmem    bytes                   9.558 G          9.582 G          0.024 G
memorystatus_dirty_time              physmem    ns                            0                0                0
page_table                           physmem    bytes                   0.006 G          0.006 G          0.000 G
pages_grabbed                        physmem    count                    840767           840767                0
pages_grabbed_kern                   physmem    count                      5766             5766                0
pages_grabbed_iopl                   physmem    count                         0                0                0
pages_grabbed_upl                    physmem    count                    418101           418101                0
purgeable_volatile                   physmem    bytes                   0.000 G          0.000 G          0.000 G
purgeable_nonvolatile                physmem    bytes                   0.000 G          0.000 G          0.000 G
purgeable_volatile_compress          physmem    bytes                   0.000 G          0.000 G          0.000 G
purgeable_nonvolatile_compress       physmem    bytes                   0.000 G          0.000 G          0.000 G
tagged_nofootprint                   physmem    bytes                   0.000 G          0.000 G          0.000 G
tagged_footprint                     physmem    bytes                   0.000 G          0.000 G          0.000 G
tagged_nofootprint_compressed        physmem    bytes                   0.000 G          0.000 G          0.000 G
tagged_footprint_compressed          physmem    bytes                   0.000 G          0.000 G          0.000 G
network_volatile                     physmem    bytes                   0.000 G          0.000 G          0.000 G
network_nonvolatile                  physmem    bytes                   0.000 G          0.000 G          0.000 G
network_volatile_compressed          physmem    bytes                   0.000 G          0.000 G          0.000 G
network_nonvolatile_compressed       physmem    bytes                   0.000 G          0.000 G          0.000 G
media_nofootprint                    physmem    bytes                   0.000 G          0.000 G          0.000 G
media_footprint                      physmem    bytes                   0.000 G          0.000 G          0.000 G
media_nofootprint_compressed         physmem    bytes                   0.000 G          0.000 G          0.000 G
media_footprint_compressed           physmem    bytes                   0.000 G          0.000 G          0.000 G
graphics_nofootprint                 physmem    bytes                   0.000 G          0.000 G          0.000 G
graphics_footprint                   physmem    bytes                   0.000 G          0.000 G          0.000 G
graphics_nofootprint_compressed      physmem    bytes                   0.000 G          0.000 G          0.000 G
graphics_footprint_compressed        physmem    bytes                   0.000 G          0.000 G          0.000 G
neural_nofootprint                   physmem    bytes                   0.000 G          0.000 G          0.000 G
neural_footprint                     physmem    bytes                   0.000 G          0.000 G          0.000 G
neural_nofootprint_compressed        physmem    bytes                   0.000 G          0.000 G          0.000 G
neural_footprint_compressed          physmem    bytes                   0.000 G          0.000 G          0.000 G
neural_nofootprint_total             physmem    bytes                   0.000 G          0.000 G          0.000 G
swapins                              physmem    bytes                   0.000 G          0.000 G          0.000 G
est_reclaimable                      virtmem    bytes                   0.000 G          0.000 G          0.000 G
platform_idle_wakeups                power      count                      1108             1108                0
interrupt_wakeups                    power      count                     24463            24463                0
SFI_CLASS_APP_NAP                    sfi        MATUs                         0                0                0
SFI_CLASS_DARWIN_BG                  sfi        MATUs                         0                0                0
SFI_CLASS_DEFAULT                    sfi        MATUs                         0                0                0
SFI_CLASS_LEGACY                     sfi        MATUs                         0                0                0
SFI_CLASS_MAINTENANCE                sfi        MATUs                         0                0                0
SFI_CLASS_MANAGED                    sfi        MATUs                         0                0                0
SFI_CLASS_OPTED_OUT                  sfi        MATUs                         0                0                0
SFI_CLASS_USER_INITIATED             sfi        MATUs                         0                0                0
SFI_CLASS_USER_INTERACTIVE           sfi        MATUs                         0                0                0
SFI_CLASS_UTILITY                    sfi        MATUs                         0                0                0
SFI_CLASS_RUNAWAY_MITIGATION         sfi        MATUs                         0                0                0
cpu_time_billed_to_me                sched      ns                       974829           974829                0
cpu_time_billed_to_others            sched      ns                            0                0                0
energy_billed_to_me                  power      nj                       385704           385704                0
energy_billed_to_others              power      nj                            0                0                0
physical_writes                      res        bytes                   4.476 G          4.476 G          0.000 G
logical_writes                       res        bytes                   6.113 G          6.113 G          0.000 G
logical_writes_to_external           res        bytes                   0.000 G          0.000 G          0.000 G
fs_metadata_writes                   res        bytes                   0.037 G          0.037 G          0.000 G

sum of physmem byte balances (excl. phys_footprint itself): 19.139 G
(entries reported: template 68, task 68)
=== ts_ms=1786401463186 pid=23286
task ledger 'Per-task ledger' id=6149018 entries=68 (pid 23286)

entry                                group      units                   balance           credit            debit
cpu_time                             sched      ns                   1045782121       1045782121                0
tkm_private                          physmem    bytes                   0.006 G          0.006 G          0.000 G
tkm_shared                           physmem    bytes                   0.000 G          0.000 G          0.000 G
phys_mem                             physmem    bytes                   8.120 G          8.120 G          0.000 G
wired_mem                            physmem    bytes                   0.000 G          0.000 G          0.000 G
internal                             physmem    bytes                   8.107 G         11.125 G          3.018 G
external                             physmem    bytes                   0.012 G          0.013 G          0.002 G
reusable                             physmem    bytes                   0.002 G          0.002 G          0.000 G
internal_compressed                  physmem    bytes                   1.444 G          2.990 G          1.547 G
iokit_mapped                         mappings   bytes                   0.000 G          0.000 G          0.000 G
alternate_accounting                 physmem    bytes                   0.000 G          0.000 G          0.000 G
alternate_accounting_compressed      physmem    bytes                   0.000 G          0.000 G          0.000 G
conclave_mem                         physmem    bytes                   0.000 G          0.000 G          0.000 G
phys_footprint                       physmem    bytes                   9.556 G          9.584 G          0.028 G
memorystatus_dirty_time              physmem    ns                            0                0                0
page_table                           physmem    bytes                   0.006 G          0.006 G          0.000 G
pages_grabbed                        physmem    count                    942276           942276                0
pages_grabbed_kern                   physmem    count                      5766             5766                0
pages_grabbed_iopl                   physmem    count                         0                0                0
pages_grabbed_upl                    physmem    count                    418139           418139                0
purgeable_volatile                   physmem    bytes                   0.000 G          0.000 G          0.000 G
purgeable_nonvolatile                physmem    bytes                   0.000 G          0.000 G          0.000 G
purgeable_volatile_compress          physmem    bytes                   0.000 G          0.000 G          0.000 G
purgeable_nonvolatile_compress       physmem    bytes                   0.000 G          0.000 G          0.000 G
tagged_nofootprint                   physmem    bytes                   0.000 G          0.000 G          0.000 G
tagged_footprint                     physmem    bytes                   0.000 G          0.000 G          0.000 G
tagged_nofootprint_compressed        physmem    bytes                   0.000 G          0.000 G          0.000 G
tagged_footprint_compressed          physmem    bytes                   0.000 G          0.000 G          0.000 G
network_volatile                     physmem    bytes                   0.000 G          0.000 G          0.000 G
network_nonvolatile                  physmem    bytes                   0.000 G          0.000 G          0.000 G
network_volatile_compressed          physmem    bytes                   0.000 G          0.000 G          0.000 G
network_nonvolatile_compressed       physmem    bytes                   0.000 G          0.000 G          0.000 G
media_nofootprint                    physmem    bytes                   0.000 G          0.000 G          0.000 G
media_footprint                      physmem    bytes                   0.000 G          0.000 G          0.000 G
media_nofootprint_compressed         physmem    bytes                   0.000 G          0.000 G          0.000 G
media_footprint_compressed           physmem    bytes                   0.000 G          0.000 G          0.000 G
graphics_nofootprint                 physmem    bytes                   0.000 G          0.000 G          0.000 G
graphics_footprint                   physmem    bytes                   0.000 G          0.000 G          0.000 G
graphics_nofootprint_compressed      physmem    bytes                   0.000 G          0.000 G          0.000 G
graphics_footprint_compressed        physmem    bytes                   0.000 G          0.000 G          0.000 G
neural_nofootprint                   physmem    bytes                   0.000 G          0.000 G          0.000 G
neural_footprint                     physmem    bytes                   0.000 G          0.000 G          0.000 G
neural_nofootprint_compressed        physmem    bytes                   0.000 G          0.000 G          0.000 G
neural_footprint_compressed          physmem    bytes                   0.000 G          0.000 G          0.000 G
neural_nofootprint_total             physmem    bytes                   0.000 G          0.000 G          0.000 G
swapins                              physmem    bytes                   0.000 G          0.000 G          0.000 G
est_reclaimable                      virtmem    bytes                   0.000 G          0.000 G          0.000 G
platform_idle_wakeups                power      count                      1108             1108                0
interrupt_wakeups                    power      count                     25726            25726                0
SFI_CLASS_APP_NAP                    sfi        MATUs                         0                0                0
SFI_CLASS_DARWIN_BG                  sfi        MATUs                         0                0                0
SFI_CLASS_DEFAULT                    sfi        MATUs                         0                0                0
SFI_CLASS_LEGACY                     sfi        MATUs                         0                0                0
SFI_CLASS_MAINTENANCE                sfi        MATUs                         0                0                0
SFI_CLASS_MANAGED                    sfi        MATUs                         0                0                0
SFI_CLASS_OPTED_OUT                  sfi        MATUs                         0                0                0
SFI_CLASS_USER_INITIATED             sfi        MATUs                         0                0                0
SFI_CLASS_USER_INTERACTIVE           sfi        MATUs                         0                0                0
SFI_CLASS_UTILITY                    sfi        MATUs                         0                0                0
SFI_CLASS_RUNAWAY_MITIGATION         sfi        MATUs                         0                0                0
cpu_time_billed_to_me                sched      ns                      1098447          1098447                0
cpu_time_billed_to_others            sched      ns                            0                0                0
energy_billed_to_me                  power      nj                      3646109          3646109                0
energy_billed_to_others              power      nj                            0                0                0
physical_writes                      res        bytes                   4.477 G          4.477 G          0.000 G
logical_writes                       res        bytes                   6.114 G          6.114 G          0.000 G
logical_writes_to_external           res        bytes                   0.000 G          0.000 G          0.000 G
fs_metadata_writes                   res        bytes                   0.038 G          0.038 G          0.000 G

sum of physmem byte balances (excl. phys_footprint itself): 17.696 G
(entries reported: template 68, task 68)
=== ts_ms=1786401463417 pid=23286
task ledger 'Per-task ledger' id=6149018 entries=68 (pid 23286)

entry                                group      units                   balance           credit            debit
cpu_time                             sched      ns                   1045865037       1045865037                0
tkm_private                          physmem    bytes                   0.006 G          0.006 G          0.000 G
tkm_shared                           physmem    bytes                   0.000 G          0.000 G          0.000 G
phys_mem                             physmem    bytes                   8.120 G          8.120 G          0.000 G
wired_mem                            physmem    bytes                   0.000 G          0.000 G          0.000 G
internal                             physmem    bytes                   8.107 G         11.125 G          3.018 G
external                             physmem    bytes                   0.012 G          0.013 G          0.002 G
reusable                             physmem    bytes                   0.002 G          0.002 G          0.000 G
internal_compressed                  physmem    bytes                   1.444 G          2.990 G          1.547 G
iokit_mapped                         mappings   bytes                   0.000 G          0.000 G          0.000 G
alternate_accounting                 physmem    bytes                   0.000 G          0.000 G          0.000 G
alternate_accounting_compressed      physmem    bytes                   0.000 G          0.000 G          0.000 G
conclave_mem                         physmem    bytes                   0.000 G          0.000 G          0.000 G
phys_footprint                       physmem    bytes                   9.556 G          9.584 G          0.028 G
memorystatus_dirty_time              physmem    ns                            0                0                0
page_table                           physmem    bytes                   0.006 G          0.006 G          0.000 G
pages_grabbed                        physmem    count                    942278           942278                0
pages_grabbed_kern                   physmem    count                      5766             5766                0
pages_grabbed_iopl                   physmem    count                         0                0                0
pages_grabbed_upl                    physmem    count                    418139           418139                0
purgeable_volatile                   physmem    bytes                   0.000 G          0.000 G          0.000 G
purgeable_nonvolatile                physmem    bytes                   0.000 G          0.000 G          0.000 G
purgeable_volatile_compress          physmem    bytes                   0.000 G          0.000 G          0.000 G
purgeable_nonvolatile_compress       physmem    bytes                   0.000 G          0.000 G          0.000 G
tagged_nofootprint                   physmem    bytes                   0.000 G          0.000 G          0.000 G
tagged_footprint                     physmem    bytes                   0.000 G          0.000 G          0.000 G
tagged_nofootprint_compressed        physmem    bytes                   0.000 G          0.000 G          0.000 G
tagged_footprint_compressed          physmem    bytes                   0.000 G          0.000 G          0.000 G
network_volatile                     physmem    bytes                   0.000 G          0.000 G          0.000 G
network_nonvolatile                  physmem    bytes                   0.000 G          0.000 G          0.000 G
network_volatile_compressed          physmem    bytes                   0.000 G          0.000 G          0.000 G
network_nonvolatile_compressed       physmem    bytes                   0.000 G          0.000 G          0.000 G
media_nofootprint                    physmem    bytes                   0.000 G          0.000 G          0.000 G
media_footprint                      physmem    bytes                   0.000 G          0.000 G          0.000 G
media_nofootprint_compressed         physmem    bytes                   0.000 G          0.000 G          0.000 G
media_footprint_compressed           physmem    bytes                   0.000 G          0.000 G          0.000 G
graphics_nofootprint                 physmem    bytes                   0.000 G          0.000 G          0.000 G
graphics_footprint                   physmem    bytes                   0.000 G          0.000 G          0.000 G
graphics_nofootprint_compressed      physmem    bytes                   0.000 G          0.000 G          0.000 G
graphics_footprint_compressed        physmem    bytes                   0.000 G          0.000 G          0.000 G
neural_nofootprint                   physmem    bytes                   0.000 G          0.000 G          0.000 G
neural_footprint                     physmem    bytes                   0.000 G          0.000 G          0.000 G
neural_nofootprint_compressed        physmem    bytes                   0.000 G          0.000 G          0.000 G
neural_footprint_compressed          physmem    bytes                   0.000 G          0.000 G          0.000 G
neural_nofootprint_total             physmem    bytes                   0.000 G          0.000 G          0.000 G
swapins                              physmem    bytes                   0.000 G          0.000 G          0.000 G
est_reclaimable                      virtmem    bytes                   0.000 G          0.000 G          0.000 G
platform_idle_wakeups                power      count                      1108             1108                0
interrupt_wakeups                    power      count                     25744            25744                0
SFI_CLASS_APP_NAP                    sfi        MATUs                         0                0                0
SFI_CLASS_DARWIN_BG                  sfi        MATUs                         0                0                0
SFI_CLASS_DEFAULT                    sfi        MATUs                         0                0                0
SFI_CLASS_LEGACY                     sfi        MATUs                         0                0                0
SFI_CLASS_MAINTENANCE                sfi        MATUs                         0                0                0
SFI_CLASS_MANAGED                    sfi        MATUs                         0                0                0
SFI_CLASS_OPTED_OUT                  sfi        MATUs                         0                0                0
SFI_CLASS_USER_INITIATED             sfi        MATUs                         0                0                0
SFI_CLASS_USER_INTERACTIVE           sfi        MATUs                         0                0                0
SFI_CLASS_UTILITY                    sfi        MATUs                         0                0                0
SFI_CLASS_RUNAWAY_MITIGATION         sfi        MATUs                         0                0                0
cpu_time_billed_to_me                sched      ns                      1098447          1098447                0
cpu_time_billed_to_others            sched      ns                            0                0                0
energy_billed_to_me                  power      nj                      3646109          3646109                0
energy_billed_to_others              power      nj                            0                0                0
physical_writes                      res        bytes                   4.477 G          4.477 G          0.000 G
logical_writes                       res        bytes                   6.114 G          6.114 G          0.000 G
logical_writes_to_external           res        bytes                   0.000 G          0.000 G          0.000 G
fs_metadata_writes                   res        bytes                   0.038 G          0.038 G          0.000 G

sum of physmem byte balances (excl. phys_footprint itself): 17.696 G
(entries reported: template 68, task 68)
=== ts_ms=1786401523427 pid=23286
task ledger 'Per-task ledger' id=6149018 entries=68 (pid 23286)

entry                                group      units                   balance           credit            debit
cpu_time                             sched      ns                   1638719067       1638719067                0
tkm_private                          physmem    bytes                   0.009 G          0.009 G          0.000 G
tkm_shared                           physmem    bytes                   0.000 G          0.000 G          0.000 G
phys_mem                             physmem    bytes                   8.298 G          8.298 G          0.000 G
wired_mem                            physmem    bytes                   0.000 G          0.000 G          0.000 G
internal                             physmem    bytes                   5.052 G         21.785 G         16.733 G
external                             physmem    bytes                   0.012 G          0.013 G          0.002 G
reusable                             physmem    bytes                   3.234 G          9.141 G          5.907 G
internal_compressed                  physmem    bytes                   1.367 G          7.548 G          6.181 G
iokit_mapped                         mappings   bytes                   0.000 G          0.000 G          0.000 G
alternate_accounting                 physmem    bytes                   0.000 G          0.000 G          0.000 G
alternate_accounting_compressed      physmem    bytes                   0.000 G          0.000 G          0.000 G
conclave_mem                         physmem    bytes                   0.000 G          0.000 G          0.000 G
phys_footprint                       physmem    bytes                   6.427 G         15.613 G          9.185 G
memorystatus_dirty_time              physmem    ns                            0                0                0
page_table                           physmem    bytes                   0.009 G          0.009 G          0.000 G
pages_grabbed                        physmem    count                   1691648          1691648                0
pages_grabbed_kern                   physmem    count                      5769             5769                0
pages_grabbed_iopl                   physmem    count                         0                0                0
pages_grabbed_upl                    physmem    count                    621812           621812                0
purgeable_volatile                   physmem    bytes                   0.000 G          0.000 G          0.000 G
purgeable_nonvolatile                physmem    bytes                   0.000 G          0.000 G          0.000 G
purgeable_volatile_compress          physmem    bytes                   0.000 G          0.000 G          0.000 G
purgeable_nonvolatile_compress       physmem    bytes                   0.000 G          0.000 G          0.000 G
tagged_nofootprint                   physmem    bytes                   0.000 G          0.000 G          0.000 G
tagged_footprint                     physmem    bytes                   0.000 G          0.000 G          0.000 G
tagged_nofootprint_compressed        physmem    bytes                   0.000 G          0.000 G          0.000 G
tagged_footprint_compressed          physmem    bytes                   0.000 G          0.000 G          0.000 G
network_volatile                     physmem    bytes                   0.000 G          0.000 G          0.000 G
network_nonvolatile                  physmem    bytes                   0.000 G          0.000 G          0.000 G
network_volatile_compressed          physmem    bytes                   0.000 G          0.000 G          0.000 G
network_nonvolatile_compressed       physmem    bytes                   0.000 G          0.000 G          0.000 G
media_nofootprint                    physmem    bytes                   0.000 G          0.000 G          0.000 G
media_footprint                      physmem    bytes                   0.000 G          0.000 G          0.000 G
media_nofootprint_compressed         physmem    bytes                   0.000 G          0.000 G          0.000 G
media_footprint_compressed           physmem    bytes                   0.000 G          0.000 G          0.000 G
graphics_nofootprint                 physmem    bytes                   0.000 G          0.000 G          0.000 G
graphics_footprint                   physmem    bytes                   0.000 G          0.000 G          0.000 G
graphics_nofootprint_compressed      physmem    bytes                   0.000 G          0.000 G          0.000 G
graphics_footprint_compressed        physmem    bytes                   0.000 G          0.000 G          0.000 G
neural_nofootprint                   physmem    bytes                   0.000 G          0.000 G          0.000 G
neural_footprint                     physmem    bytes                   0.000 G          0.000 G          0.000 G
neural_nofootprint_compressed        physmem    bytes                   0.000 G          0.000 G          0.000 G
neural_footprint_compressed          physmem    bytes                   0.000 G          0.000 G          0.000 G
neural_nofootprint_total             physmem    bytes                   0.000 G          0.000 G          0.000 G
swapins                              physmem    bytes                   0.000 G          0.000 G          0.000 G
est_reclaimable                      virtmem    bytes                   0.013 G          0.013 G          0.000 G
platform_idle_wakeups                power      count                      1233             1233                0
interrupt_wakeups                    power      count                     40929            40929                0
SFI_CLASS_APP_NAP                    sfi        MATUs                         0                0                0
SFI_CLASS_DARWIN_BG                  sfi        MATUs                         0                0                0
SFI_CLASS_DEFAULT                    sfi        MATUs                         0                0                0
SFI_CLASS_LEGACY                     sfi        MATUs                         0                0                0
SFI_CLASS_MAINTENANCE                sfi        MATUs                         0                0                0
SFI_CLASS_MANAGED                    sfi        MATUs                         0                0                0
SFI_CLASS_OPTED_OUT                  sfi        MATUs                         0                0                0
SFI_CLASS_USER_INITIATED             sfi        MATUs                         0                0                0
SFI_CLASS_USER_INTERACTIVE           sfi        MATUs                         0                0                0
SFI_CLASS_UTILITY                    sfi        MATUs                         0                0                0
SFI_CLASS_RUNAWAY_MITIGATION         sfi        MATUs                         0                0                0
cpu_time_billed_to_me                sched      ns                      1181194          1181194                0
cpu_time_billed_to_others            sched      ns                            0                0                0
energy_billed_to_me                  power      nj                      4281384          4281384                0
energy_billed_to_others              power      nj                            0                0                0
physical_writes                      res        bytes                   4.481 G          4.481 G          0.000 G
logical_writes                       res        bytes                   6.128 G          6.128 G          0.000 G
logical_writes_to_external           res        bytes                   0.000 G          0.000 G          0.000 G
fs_metadata_writes                   res        bytes                   0.039 G          0.039 G          0.000 G

sum of physmem byte balances (excl. phys_footprint itself): 17.981 G
(entries reported: template 68, task 68)
=== ts_ms=1786401590711 pid=23286
task ledger 'Per-task ledger' id=6149018 entries=68 (pid 23286)

entry                                group      units                   balance           credit            debit
cpu_time                             sched      ns                   2683609084       2683609084                0
tkm_private                          physmem    bytes                   0.009 G          0.009 G          0.000 G
tkm_shared                           physmem    bytes                   0.000 G          0.000 G          0.000 G
phys_mem                             physmem    bytes                   7.291 G          7.291 G          0.000 G
wired_mem                            physmem    bytes                   0.000 G          0.000 G          0.000 G
internal                             physmem    bytes                   3.939 G         21.810 G         17.871 G
external                             physmem    bytes                   0.012 G          0.013 G          0.002 G
reusable                             physmem    bytes                   3.341 G         10.269 G          6.929 G
internal_compressed                  physmem    bytes                   1.364 G          7.548 G          6.184 G
iokit_mapped                         mappings   bytes                   0.000 G          0.000 G          0.000 G
alternate_accounting                 physmem    bytes                   0.000 G          0.000 G          0.000 G
alternate_accounting_compressed      physmem    bytes                   0.000 G          0.000 G          0.000 G
conclave_mem                         physmem    bytes                   0.000 G          0.000 G          0.000 G
phys_footprint                       physmem    bytes                   5.311 G         15.634 G         10.323 G
memorystatus_dirty_time              physmem    ns                            0                0                0
page_table                           physmem    bytes                   0.009 G          0.009 G          0.000 G
pages_grabbed                        physmem    count                   1695990          1695990                0
pages_grabbed_kern                   physmem    count                      5770             5770                0
pages_grabbed_iopl                   physmem    count                         0                0                0
pages_grabbed_upl                    physmem    count                    625070           625070                0
purgeable_volatile                   physmem    bytes                   0.000 G          0.000 G          0.000 G
purgeable_nonvolatile                physmem    bytes                   0.000 G          0.000 G          0.000 G
purgeable_volatile_compress          physmem    bytes                   0.000 G          0.000 G          0.000 G
purgeable_nonvolatile_compress       physmem    bytes                   0.000 G          0.000 G          0.000 G
tagged_nofootprint                   physmem    bytes                   0.000 G          0.000 G          0.000 G
tagged_footprint                     physmem    bytes                   0.000 G          0.000 G          0.000 G
tagged_nofootprint_compressed        physmem    bytes                   0.000 G          0.000 G          0.000 G
tagged_footprint_compressed          physmem    bytes                   0.000 G          0.000 G          0.000 G
network_volatile                     physmem    bytes                   0.000 G          0.000 G          0.000 G
network_nonvolatile                  physmem    bytes                   0.000 G          0.000 G          0.000 G
network_volatile_compressed          physmem    bytes                   0.000 G          0.000 G          0.000 G
network_nonvolatile_compressed       physmem    bytes                   0.000 G          0.000 G          0.000 G
media_nofootprint                    physmem    bytes                   0.000 G          0.000 G          0.000 G
media_footprint                      physmem    bytes                   0.000 G          0.000 G          0.000 G
media_nofootprint_compressed         physmem    bytes                   0.000 G          0.000 G          0.000 G
media_footprint_compressed           physmem    bytes                   0.000 G          0.000 G          0.000 G
graphics_nofootprint                 physmem    bytes                   0.000 G          0.000 G          0.000 G
graphics_footprint                   physmem    bytes                   0.000 G          0.000 G          0.000 G
graphics_nofootprint_compressed      physmem    bytes                   0.000 G          0.000 G          0.000 G
graphics_footprint_compressed        physmem    bytes                   0.000 G          0.000 G          0.000 G
neural_nofootprint                   physmem    bytes                   0.000 G          0.000 G          0.000 G
neural_footprint                     physmem    bytes                   0.000 G          0.000 G          0.000 G
neural_nofootprint_compressed        physmem    bytes                   0.000 G          0.000 G          0.000 G
neural_footprint_compressed          physmem    bytes                   0.000 G          0.000 G          0.000 G
neural_nofootprint_total             physmem    bytes                   0.000 G          0.000 G          0.000 G
swapins                              physmem    bytes                   0.000 G          0.000 G          0.000 G
est_reclaimable                      virtmem    bytes                   0.013 G          0.013 G          0.000 G
platform_idle_wakeups                power      count                      1273             1273                0
interrupt_wakeups                    power      count                     63239            63239                0
SFI_CLASS_APP_NAP                    sfi        MATUs                         0                0                0
SFI_CLASS_DARWIN_BG                  sfi        MATUs                         0                0                0
SFI_CLASS_DEFAULT                    sfi        MATUs                         0                0                0
SFI_CLASS_LEGACY                     sfi        MATUs                         0                0                0
SFI_CLASS_MAINTENANCE                sfi        MATUs                         0                0                0
SFI_CLASS_MANAGED                    sfi        MATUs                         0                0                0
SFI_CLASS_OPTED_OUT                  sfi        MATUs                         0                0                0
SFI_CLASS_USER_INITIATED             sfi        MATUs                         0                0                0
SFI_CLASS_USER_INTERACTIVE           sfi        MATUs                         0                0                0
SFI_CLASS_UTILITY                    sfi        MATUs                         0                0                0
SFI_CLASS_RUNAWAY_MITIGATION         sfi        MATUs                         0                0                0
cpu_time_billed_to_me                sched      ns                      1279498          1279498                0
cpu_time_billed_to_others            sched      ns                            0                0                0
energy_billed_to_me                  power      nj                      4297790          4297790                0
energy_billed_to_others              power      nj                            0                0                0
physical_writes                      res        bytes                   4.482 G          4.482 G          0.000 G
logical_writes                       res        bytes                   6.130 G          6.130 G          0.000 G
logical_writes_to_external           res        bytes                   0.000 G          0.000 G          0.000 G
fs_metadata_writes                   res        bytes                   0.039 G          0.039 G          0.000 G

sum of physmem byte balances (excl. phys_footprint itself): 15.964 G
(entries reported: template 68, task 68)
=== ts_ms=1786401658386 pid=23286
task ledger 'Per-task ledger' id=6149018 entries=68 (pid 23286)

entry                                group      units                   balance           credit            debit
cpu_time                             sched      ns                   3256980279       3256980279                0
tkm_private                          physmem    bytes                   0.009 G          0.009 G          0.000 G
tkm_shared                           physmem    bytes                   0.000 G          0.000 G          0.000 G
phys_mem                             physmem    bytes                   9.285 G          9.285 G          0.000 G
wired_mem                            physmem    bytes                   0.000 G          0.000 G          0.000 G
internal                             physmem    bytes                   5.736 G         23.616 G         17.880 G
external                             physmem    bytes                   0.012 G          0.013 G          0.002 G
reusable                             physmem    bytes                   3.537 G         10.466 G          6.929 G
internal_compressed                  physmem    bytes                   1.181 G          7.548 G          6.367 G
iokit_mapped                         mappings   bytes                   0.000 G          0.000 G          0.000 G
alternate_accounting                 physmem    bytes                   0.000 G          0.000 G          0.000 G
alternate_accounting_compressed      physmem    bytes                   0.000 G          0.000 G          0.000 G
conclave_mem                         physmem    bytes                   0.000 G          0.000 G          0.000 G
phys_footprint                       physmem    bytes                   6.925 G         17.368 G         10.443 G
memorystatus_dirty_time              physmem    ns                            0                0                0
page_table                           physmem    bytes                   0.009 G          0.009 G          0.000 G
pages_grabbed                        physmem    count                   1953923          1953923                0
pages_grabbed_kern                   physmem    count                      5779             5779                0
pages_grabbed_iopl                   physmem    count                         0                0                0
pages_grabbed_upl                    physmem    count                    823283           823283                0
purgeable_volatile                   physmem    bytes                   0.000 G          0.000 G          0.000 G
purgeable_nonvolatile                physmem    bytes                   0.000 G          0.000 G          0.000 G
purgeable_volatile_compress          physmem    bytes                   0.000 G          0.000 G          0.000 G
purgeable_nonvolatile_compress       physmem    bytes                   0.000 G          0.000 G          0.000 G
tagged_nofootprint                   physmem    bytes                   0.000 G          0.000 G          0.000 G
tagged_footprint                     physmem    bytes                   0.000 G          0.000 G          0.000 G
tagged_nofootprint_compressed        physmem    bytes                   0.000 G          0.000 G          0.000 G
tagged_footprint_compressed          physmem    bytes                   0.000 G          0.000 G          0.000 G
network_volatile                     physmem    bytes                   0.000 G          0.000 G          0.000 G
network_nonvolatile                  physmem    bytes                   0.000 G          0.000 G          0.000 G
network_volatile_compressed          physmem    bytes                   0.000 G          0.000 G          0.000 G
network_nonvolatile_compressed       physmem    bytes                   0.000 G          0.000 G          0.000 G
media_nofootprint                    physmem    bytes                   0.000 G          0.000 G          0.000 G
media_footprint                      physmem    bytes                   0.000 G          0.000 G          0.000 G
media_nofootprint_compressed         physmem    bytes                   0.000 G          0.000 G          0.000 G
media_footprint_compressed           physmem    bytes                   0.000 G          0.000 G          0.000 G
graphics_nofootprint                 physmem    bytes                   0.000 G          0.000 G          0.000 G
graphics_footprint                   physmem    bytes                   0.000 G          0.000 G          0.000 G
graphics_nofootprint_compressed      physmem    bytes                   0.000 G          0.000 G          0.000 G
graphics_footprint_compressed        physmem    bytes                   0.000 G          0.000 G          0.000 G
neural_nofootprint                   physmem    bytes                   0.000 G          0.000 G          0.000 G
neural_footprint                     physmem    bytes                   0.000 G          0.000 G          0.000 G
neural_nofootprint_compressed        physmem    bytes                   0.000 G          0.000 G          0.000 G
neural_footprint_compressed          physmem    bytes                   0.000 G          0.000 G          0.000 G
neural_nofootprint_total             physmem    bytes                   0.000 G          0.000 G          0.000 G
swapins                              physmem    bytes                   0.000 G          0.000 G          0.000 G
est_reclaimable                      virtmem    bytes                   0.013 G          0.013 G          0.000 G
platform_idle_wakeups                power      count                      1360             1360                0
interrupt_wakeups                    power      count                     75407            75407                0
SFI_CLASS_APP_NAP                    sfi        MATUs                         0                0                0
SFI_CLASS_DARWIN_BG                  sfi        MATUs                         0                0                0
SFI_CLASS_DEFAULT                    sfi        MATUs                         0                0                0
SFI_CLASS_LEGACY                     sfi        MATUs                         0                0                0
SFI_CLASS_MAINTENANCE                sfi        MATUs                         0                0                0
SFI_CLASS_MANAGED                    sfi        MATUs                         0                0                0
SFI_CLASS_OPTED_OUT                  sfi        MATUs                         0                0                0
SFI_CLASS_USER_INITIATED             sfi        MATUs                         0                0                0
SFI_CLASS_USER_INTERACTIVE           sfi        MATUs                         0                0                0
SFI_CLASS_UTILITY                    sfi        MATUs                         0                0                0
SFI_CLASS_RUNAWAY_MITIGATION         sfi        MATUs                         0                0                0
cpu_time_billed_to_me                sched      ns                      1410197          1410197                0
cpu_time_billed_to_others            sched      ns                            0                0                0
energy_billed_to_me                  power      nj                      4307110          4307110                0
energy_billed_to_others              power      nj                            0                0                0
physical_writes                      res        bytes                   7.499 G          7.499 G          0.000 G
logical_writes                       res        bytes                   9.151 G          9.151 G          0.000 G
logical_writes_to_external           res        bytes                   0.000 G          0.000 G          0.000 G
fs_metadata_writes                   res        bytes                   0.044 G          0.044 G          0.000 G

sum of physmem byte balances (excl. phys_footprint itself): 19.768 G
(entries reported: template 68, task 68)
=== ts_ms=1786401718310 pid=23286
task ledger 'Per-task ledger' id=6149018 entries=68 (pid 23286)

entry                                group      units                   balance           credit            debit
cpu_time                             sched      ns                   3537696495       3537696495                0
tkm_private                          physmem    bytes                   0.009 G          0.009 G          0.000 G
tkm_shared                           physmem    bytes                   0.000 G          0.000 G          0.000 G
phys_mem                             physmem    bytes                   9.294 G          9.294 G          0.000 G
wired_mem                            physmem    bytes                   0.000 G          0.000 G          0.000 G
internal                             physmem    bytes                   5.744 G         23.634 G         17.890 G
external                             physmem    bytes                   0.012 G          0.013 G          0.002 G
reusable                             physmem    bytes                   3.538 G         10.466 G          6.929 G
internal_compressed                  physmem    bytes                   1.175 G          7.548 G          6.373 G
iokit_mapped                         mappings   bytes                   0.000 G          0.000 G          0.000 G
alternate_accounting                 physmem    bytes                   0.000 G          0.000 G          0.000 G
alternate_accounting_compressed      physmem    bytes                   0.000 G          0.000 G          0.000 G
conclave_mem                         physmem    bytes                   0.000 G          0.000 G          0.000 G
phys_footprint                       physmem    bytes                   6.929 G         17.381 G         10.453 G
memorystatus_dirty_time              physmem    ns                            0                0                0
page_table                           physmem    bytes                   0.009 G          0.009 G          0.000 G
pages_grabbed                        physmem    count                   1955154          1955154                0
pages_grabbed_kern                   physmem    count                      5781             5781                0
pages_grabbed_iopl                   physmem    count                         0                0                0
pages_grabbed_upl                    physmem    count                    823421           823421                0
purgeable_volatile                   physmem    bytes                   0.000 G          0.000 G          0.000 G
purgeable_nonvolatile                physmem    bytes                   0.000 G          0.000 G          0.000 G
purgeable_volatile_compress          physmem    bytes                   0.000 G          0.000 G          0.000 G
purgeable_nonvolatile_compress       physmem    bytes                   0.000 G          0.000 G          0.000 G
tagged_nofootprint                   physmem    bytes                   0.000 G          0.000 G          0.000 G
tagged_footprint                     physmem    bytes                   0.000 G          0.000 G          0.000 G
tagged_nofootprint_compressed        physmem    bytes                   0.000 G          0.000 G          0.000 G
tagged_footprint_compressed          physmem    bytes                   0.000 G          0.000 G          0.000 G
network_volatile                     physmem    bytes                   0.000 G          0.000 G          0.000 G
network_nonvolatile                  physmem    bytes                   0.000 G          0.000 G          0.000 G
network_volatile_compressed          physmem    bytes                   0.000 G          0.000 G          0.000 G
network_nonvolatile_compressed       physmem    bytes                   0.000 G          0.000 G          0.000 G
media_nofootprint                    physmem    bytes                   0.000 G          0.000 G          0.000 G
media_footprint                      physmem    bytes                   0.000 G          0.000 G          0.000 G
media_nofootprint_compressed         physmem    bytes                   0.000 G          0.000 G          0.000 G
media_footprint_compressed           physmem    bytes                   0.000 G          0.000 G          0.000 G
graphics_nofootprint                 physmem    bytes                   0.000 G          0.000 G          0.000 G
graphics_footprint                   physmem    bytes                   0.000 G          0.000 G          0.000 G
graphics_nofootprint_compressed      physmem    bytes                   0.000 G          0.000 G          0.000 G
graphics_footprint_compressed        physmem    bytes                   0.000 G          0.000 G          0.000 G
neural_nofootprint                   physmem    bytes                   0.000 G          0.000 G          0.000 G
neural_footprint                     physmem    bytes                   0.000 G          0.000 G          0.000 G
neural_nofootprint_compressed        physmem    bytes                   0.000 G          0.000 G          0.000 G
neural_footprint_compressed          physmem    bytes                   0.000 G          0.000 G          0.000 G
neural_nofootprint_total             physmem    bytes                   0.000 G          0.000 G          0.000 G
swapins                              physmem    bytes                   0.000 G          0.000 G          0.000 G
est_reclaimable                      virtmem    bytes                   0.013 G          0.013 G          0.000 G
platform_idle_wakeups                power      count                      1428             1428                0
interrupt_wakeups                    power      count                     83812            83812                0
SFI_CLASS_APP_NAP                    sfi        MATUs                         0                0                0
SFI_CLASS_DARWIN_BG                  sfi        MATUs                         0                0                0
SFI_CLASS_DEFAULT                    sfi        MATUs                         0                0                0
SFI_CLASS_LEGACY                     sfi        MATUs                         0                0                0
SFI_CLASS_MAINTENANCE                sfi        MATUs                         0                0                0
SFI_CLASS_MANAGED                    sfi        MATUs                         0                0                0
SFI_CLASS_OPTED_OUT                  sfi        MATUs                         0                0                0
SFI_CLASS_USER_INITIATED             sfi        MATUs                         0                0                0
SFI_CLASS_USER_INTERACTIVE           sfi        MATUs                         0                0                0
SFI_CLASS_UTILITY                    sfi        MATUs                         0                0                0
SFI_CLASS_RUNAWAY_MITIGATION         sfi        MATUs                         0                0                0
cpu_time_billed_to_me                sched      ns                      1561696          1561696                0
cpu_time_billed_to_others            sched      ns                            0                0                0
energy_billed_to_me                  power      nj                      4380061          4380061                0
energy_billed_to_others              power      nj                            0                0                0
physical_writes                      res        bytes                   7.505 G          7.505 G          0.000 G
logical_writes                       res        bytes                   9.160 G          9.160 G          0.000 G
logical_writes_to_external           res        bytes                   0.000 G          0.000 G          0.000 G
fs_metadata_writes                   res        bytes                   0.049 G          0.049 G          0.000 G

sum of physmem byte balances (excl. phys_footprint itself): 19.781 G
(entries reported: template 68, task 68)
=== ts_ms=1786401728451 pid=23286
task ledger 'Per-task ledger' id=6149018 entries=68 (pid 23286)

entry                                group      units                   balance           credit            debit
cpu_time                             sched      ns                   3577464959       3577464959                0
tkm_private                          physmem    bytes                   0.009 G          0.009 G          0.000 G
tkm_shared                           physmem    bytes                   0.000 G          0.000 G          0.000 G
phys_mem                             physmem    bytes                   9.251 G          9.251 G          0.000 G
wired_mem                            physmem    bytes                   0.000 G          0.000 G          0.000 G
internal                             physmem    bytes                   7.759 G         25.680 G         17.921 G
external                             physmem    bytes                   0.012 G          0.013 G          0.002 G
reusable                             physmem    bytes                   1.480 G         10.466 G          8.986 G
internal_compressed                  physmem    bytes                   1.190 G          7.565 G          6.375 G
iokit_mapped                         mappings   bytes                   0.000 G          0.000 G          0.000 G
alternate_accounting                 physmem    bytes                   0.000 G          0.000 G          0.000 G
alternate_accounting_compressed      physmem    bytes                   0.000 G          0.000 G          0.000 G
conclave_mem                         physmem    bytes                   0.000 G          0.000 G          0.000 G
phys_footprint                       physmem    bytes                   8.958 G         19.425 G         10.467 G
memorystatus_dirty_time              physmem    ns                            0                0                0
page_table                           physmem    bytes                   0.009 G          0.009 G          0.000 G
pages_grabbed                        physmem    count                   1955505          1955505                0
pages_grabbed_kern                   physmem    count                      5806             5806                0
pages_grabbed_iopl                   physmem    count                         0                0                0
pages_grabbed_upl                    physmem    count                    823512           823512                0
purgeable_volatile                   physmem    bytes                   0.000 G          0.000 G          0.000 G
purgeable_nonvolatile                physmem    bytes                   0.000 G          0.000 G          0.000 G
purgeable_volatile_compress          physmem    bytes                   0.000 G          0.000 G          0.000 G
purgeable_nonvolatile_compress       physmem    bytes                   0.000 G          0.000 G          0.000 G
tagged_nofootprint                   physmem    bytes                   0.000 G          0.000 G          0.000 G
tagged_footprint                     physmem    bytes                   0.000 G          0.000 G          0.000 G
tagged_nofootprint_compressed        physmem    bytes                   0.000 G          0.000 G          0.000 G
tagged_footprint_compressed          physmem    bytes                   0.000 G          0.000 G          0.000 G
network_volatile                     physmem    bytes                   0.000 G          0.000 G          0.000 G
network_nonvolatile                  physmem    bytes                   0.000 G          0.000 G          0.000 G
network_volatile_compressed          physmem    bytes                   0.000 G          0.000 G          0.000 G
network_nonvolatile_compressed       physmem    bytes                   0.000 G          0.000 G          0.000 G
media_nofootprint                    physmem    bytes                   0.000 G          0.000 G          0.000 G
media_footprint                      physmem    bytes                   0.000 G          0.000 G          0.000 G
media_nofootprint_compressed         physmem    bytes                   0.000 G          0.000 G          0.000 G
media_footprint_compressed           physmem    bytes                   0.000 G          0.000 G          0.000 G
graphics_nofootprint                 physmem    bytes                   0.000 G          0.000 G          0.000 G
graphics_footprint                   physmem    bytes                   0.000 G          0.000 G          0.000 G
graphics_nofootprint_compressed      physmem    bytes                   0.000 G          0.000 G          0.000 G
graphics_footprint_compressed        physmem    bytes                   0.000 G          0.000 G          0.000 G
neural_nofootprint                   physmem    bytes                   0.000 G          0.000 G          0.000 G
neural_footprint                     physmem    bytes                   0.000 G          0.000 G          0.000 G
neural_nofootprint_compressed        physmem    bytes                   0.000 G          0.000 G          0.000 G
neural_footprint_compressed          physmem    bytes                   0.000 G          0.000 G          0.000 G
neural_nofootprint_total             physmem    bytes                   0.000 G          0.000 G          0.000 G
swapins                              physmem    bytes                   0.000 G          0.000 G          0.000 G
est_reclaimable                      virtmem    bytes                   0.000 G          0.000 G          0.000 G
platform_idle_wakeups                power      count                      1430             1430                0
interrupt_wakeups                    power      count                     85815            85815                0
SFI_CLASS_APP_NAP                    sfi        MATUs                         0                0                0
SFI_CLASS_DARWIN_BG                  sfi        MATUs                         0                0                0
SFI_CLASS_DEFAULT                    sfi        MATUs                         0                0                0
SFI_CLASS_LEGACY                     sfi        MATUs                         0                0                0
SFI_CLASS_MAINTENANCE                sfi        MATUs                         0                0                0
SFI_CLASS_MANAGED                    sfi        MATUs                         0                0                0
SFI_CLASS_OPTED_OUT                  sfi        MATUs                         0                0                0
SFI_CLASS_USER_INITIATED             sfi        MATUs                         0                0                0
SFI_CLASS_USER_INTERACTIVE           sfi        MATUs                         0                0                0
SFI_CLASS_UTILITY                    sfi        MATUs                         0                0                0
SFI_CLASS_RUNAWAY_MITIGATION         sfi        MATUs                         0                0                0
cpu_time_billed_to_me                sched      ns                      1561696          1561696                0
cpu_time_billed_to_others            sched      ns                            0                0                0
energy_billed_to_me                  power      nj                      4380061          4380061                0
energy_billed_to_others              power      nj                            0                0                0
physical_writes                      res        bytes                   7.507 G          7.507 G          0.000 G
logical_writes                       res        bytes                   9.162 G          9.162 G          0.000 G
logical_writes_to_external           res        bytes                   0.000 G          0.000 G          0.000 G
fs_metadata_writes                   res        bytes                   0.049 G          0.049 G          0.000 G

sum of physmem byte balances (excl. phys_footprint itself): 19.711 G
(entries reported: template 68, task 68)
=== ts_ms=1786401738650 pid=23286
task ledger 'Per-task ledger' id=6149018 entries=68 (pid 23286)

entry                                group      units                   balance           credit            debit
cpu_time                             sched      ns                   3628460976       3628460976                0
tkm_private                          physmem    bytes                   0.009 G          0.009 G          0.000 G
tkm_shared                           physmem    bytes                   0.000 G          0.000 G          0.000 G
phys_mem                             physmem    bytes                   9.251 G          9.251 G          0.000 G
wired_mem                            physmem    bytes                   0.000 G          0.000 G          0.000 G
internal                             physmem    bytes                   7.759 G         25.682 G         17.923 G
external                             physmem    bytes                   0.012 G          0.013 G          0.002 G
reusable                             physmem    bytes                   1.480 G         10.466 G          8.986 G
internal_compressed                  physmem    bytes                   1.190 G          7.565 G          6.375 G
iokit_mapped                         mappings   bytes                   0.000 G          0.000 G          0.000 G
alternate_accounting                 physmem    bytes                   0.000 G          0.000 G          0.000 G
alternate_accounting_compressed      physmem    bytes                   0.000 G          0.000 G          0.000 G
conclave_mem                         physmem    bytes                   0.000 G          0.000 G          0.000 G
phys_footprint                       physmem    bytes                   8.958 G         19.427 G         10.469 G
memorystatus_dirty_time              physmem    ns                            0                0                0
page_table                           physmem    bytes                   0.009 G          0.009 G          0.000 G
pages_grabbed                        physmem    count                   1955640          1955640                0
pages_grabbed_kern                   physmem    count                      5814             5814                0
pages_grabbed_iopl                   physmem    count                         0                0                0
pages_grabbed_upl                    physmem    count                    823512           823512                0
purgeable_volatile                   physmem    bytes                   0.000 G          0.000 G          0.000 G
purgeable_nonvolatile                physmem    bytes                   0.000 G          0.000 G          0.000 G
purgeable_volatile_compress          physmem    bytes                   0.000 G          0.000 G          0.000 G
purgeable_nonvolatile_compress       physmem    bytes                   0.000 G          0.000 G          0.000 G
tagged_nofootprint                   physmem    bytes                   0.000 G          0.000 G          0.000 G
tagged_footprint                     physmem    bytes                   0.000 G          0.000 G          0.000 G
tagged_nofootprint_compressed        physmem    bytes                   0.000 G          0.000 G          0.000 G
tagged_footprint_compressed          physmem    bytes                   0.000 G          0.000 G          0.000 G
network_volatile                     physmem    bytes                   0.000 G          0.000 G          0.000 G
network_nonvolatile                  physmem    bytes                   0.000 G          0.000 G          0.000 G
network_volatile_compressed          physmem    bytes                   0.000 G          0.000 G          0.000 G
network_nonvolatile_compressed       physmem    bytes                   0.000 G          0.000 G          0.000 G
media_nofootprint                    physmem    bytes                   0.000 G          0.000 G          0.000 G
media_footprint                      physmem    bytes                   0.000 G          0.000 G          0.000 G
media_nofootprint_compressed         physmem    bytes                   0.000 G          0.000 G          0.000 G
media_footprint_compressed           physmem    bytes                   0.000 G          0.000 G          0.000 G
graphics_nofootprint                 physmem    bytes                   0.000 G          0.000 G          0.000 G
graphics_footprint                   physmem    bytes                   0.000 G          0.000 G          0.000 G
graphics_nofootprint_compressed      physmem    bytes                   0.000 G          0.000 G          0.000 G
graphics_footprint_compressed        physmem    bytes                   0.000 G          0.000 G          0.000 G
neural_nofootprint                   physmem    bytes                   0.000 G          0.000 G          0.000 G
neural_footprint                     physmem    bytes                   0.000 G          0.000 G          0.000 G
neural_nofootprint_compressed        physmem    bytes                   0.000 G          0.000 G          0.000 G
neural_footprint_compressed          physmem    bytes                   0.000 G          0.000 G          0.000 G
neural_nofootprint_total             physmem    bytes                   0.000 G          0.000 G          0.000 G
swapins                              physmem    bytes                   0.000 G          0.000 G          0.000 G
est_reclaimable                      virtmem    bytes                   0.000 G          0.000 G          0.000 G
platform_idle_wakeups                power      count                      1440             1440                0
interrupt_wakeups                    power      count                     87213            87213                0
SFI_CLASS_APP_NAP                    sfi        MATUs                         0                0                0
SFI_CLASS_DARWIN_BG                  sfi        MATUs                         0                0                0
SFI_CLASS_DEFAULT                    sfi        MATUs                         0                0                0
SFI_CLASS_LEGACY                     sfi        MATUs                         0                0                0
SFI_CLASS_MAINTENANCE                sfi        MATUs                         0                0                0
SFI_CLASS_MANAGED                    sfi        MATUs                         0                0                0
SFI_CLASS_OPTED_OUT                  sfi        MATUs                         0                0                0
SFI_CLASS_USER_INITIATED             sfi        MATUs                         0                0                0
SFI_CLASS_USER_INTERACTIVE           sfi        MATUs                         0                0                0
SFI_CLASS_UTILITY                    sfi        MATUs                         0                0                0
SFI_CLASS_RUNAWAY_MITIGATION         sfi        MATUs                         0                0                0
cpu_time_billed_to_me                sched      ns                      1653946          1653946                0
cpu_time_billed_to_others            sched      ns                            0                0                0
energy_billed_to_me                  power      nj                      4404853          4404853                0
energy_billed_to_others              power      nj                            0                0                0
physical_writes                      res        bytes                   7.507 G          7.507 G          0.000 G
logical_writes                       res        bytes                   9.162 G          9.162 G          0.000 G
logical_writes_to_external           res        bytes                   0.000 G          0.000 G          0.000 G
fs_metadata_writes                   res        bytes                   0.049 G          0.049 G          0.000 G

sum of physmem byte balances (excl. phys_footprint itself): 19.711 G
(entries reported: template 68, task 68)
=== ts_ms=1786401748666 pid=23286
task ledger 'Per-task ledger' id=6149018 entries=68 (pid 23286)

entry                                group      units                   balance           credit            debit
cpu_time                             sched      ns                   3673812642       3673812642                0
tkm_private                          physmem    bytes                   0.009 G          0.009 G          0.000 G
tkm_shared                           physmem    bytes                   0.000 G          0.000 G          0.000 G
phys_mem                             physmem    bytes                   9.252 G          9.252 G          0.000 G
wired_mem                            physmem    bytes                   0.000 G          0.000 G          0.000 G
internal                             physmem    bytes                   7.759 G         25.684 G         17.925 G
external                             physmem    bytes                   0.012 G          0.013 G          0.002 G
reusable                             physmem    bytes                   1.480 G         10.466 G          8.986 G
internal_compressed                  physmem    bytes                   1.190 G          7.565 G          6.375 G
iokit_mapped                         mappings   bytes                   0.000 G          0.000 G          0.000 G
alternate_accounting                 physmem    bytes                   0.000 G          0.000 G          0.000 G
alternate_accounting_compressed      physmem    bytes                   0.000 G          0.000 G          0.000 G
conclave_mem                         physmem    bytes                   0.000 G          0.000 G          0.000 G
phys_footprint                       physmem    bytes                   8.958 G         19.428 G         10.470 G
memorystatus_dirty_time              physmem    ns                            0                0                0
page_table                           physmem    bytes                   0.009 G          0.009 G          0.000 G
pages_grabbed                        physmem    count                   1955753          1955753                0
pages_grabbed_kern                   physmem    count                      5822             5822                0
pages_grabbed_iopl                   physmem    count                         0                0                0
pages_grabbed_upl                    physmem    count                    823512           823512                0
purgeable_volatile                   physmem    bytes                   0.000 G          0.000 G          0.000 G
purgeable_nonvolatile                physmem    bytes                   0.000 G          0.000 G          0.000 G
purgeable_volatile_compress          physmem    bytes                   0.000 G          0.000 G          0.000 G
purgeable_nonvolatile_compress       physmem    bytes                   0.000 G          0.000 G          0.000 G
tagged_nofootprint                   physmem    bytes                   0.000 G          0.000 G          0.000 G
tagged_footprint                     physmem    bytes                   0.000 G          0.000 G          0.000 G
tagged_nofootprint_compressed        physmem    bytes                   0.000 G          0.000 G          0.000 G
tagged_footprint_compressed          physmem    bytes                   0.000 G          0.000 G          0.000 G
network_volatile                     physmem    bytes                   0.000 G          0.000 G          0.000 G
network_nonvolatile                  physmem    bytes                   0.000 G          0.000 G          0.000 G
network_volatile_compressed          physmem    bytes                   0.000 G          0.000 G          0.000 G
network_nonvolatile_compressed       physmem    bytes                   0.000 G          0.000 G          0.000 G
media_nofootprint                    physmem    bytes                   0.000 G          0.000 G          0.000 G
media_footprint                      physmem    bytes                   0.000 G          0.000 G          0.000 G
media_nofootprint_compressed         physmem    bytes                   0.000 G          0.000 G          0.000 G
media_footprint_compressed           physmem    bytes                   0.000 G          0.000 G          0.000 G
graphics_nofootprint                 physmem    bytes                   0.000 G          0.000 G          0.000 G
graphics_footprint                   physmem    bytes                   0.000 G          0.000 G          0.000 G
graphics_nofootprint_compressed      physmem    bytes                   0.000 G          0.000 G          0.000 G
graphics_footprint_compressed        physmem    bytes                   0.000 G          0.000 G          0.000 G
neural_nofootprint                   physmem    bytes                   0.000 G          0.000 G          0.000 G
neural_footprint                     physmem    bytes                   0.000 G          0.000 G          0.000 G
neural_nofootprint_compressed        physmem    bytes                   0.000 G          0.000 G          0.000 G
neural_footprint_compressed          physmem    bytes                   0.000 G          0.000 G          0.000 G
neural_nofootprint_total             physmem    bytes                   0.000 G          0.000 G          0.000 G
swapins                              physmem    bytes                   0.000 G          0.000 G          0.000 G
est_reclaimable                      virtmem    bytes                   0.000 G          0.000 G          0.000 G
platform_idle_wakeups                power      count                      1447             1447                0
interrupt_wakeups                    power      count                     88457            88457                0
SFI_CLASS_APP_NAP                    sfi        MATUs                         0                0                0
SFI_CLASS_DARWIN_BG                  sfi        MATUs                         0                0                0
SFI_CLASS_DEFAULT                    sfi        MATUs                         0                0                0
SFI_CLASS_LEGACY                     sfi        MATUs                         0                0                0
SFI_CLASS_MAINTENANCE                sfi        MATUs                         0                0                0
SFI_CLASS_MANAGED                    sfi        MATUs                         0                0                0
SFI_CLASS_OPTED_OUT                  sfi        MATUs                         0                0                0
SFI_CLASS_USER_INITIATED             sfi        MATUs                         0                0                0
SFI_CLASS_USER_INTERACTIVE           sfi        MATUs                         0                0                0
SFI_CLASS_UTILITY                    sfi        MATUs                         0                0                0
SFI_CLASS_RUNAWAY_MITIGATION         sfi        MATUs                         0                0                0
cpu_time_billed_to_me                sched      ns                      1653946          1653946                0
cpu_time_billed_to_others            sched      ns                            0                0                0
energy_billed_to_me                  power      nj                      4404853          4404853                0
energy_billed_to_others              power      nj                            0                0                0
physical_writes                      res        bytes                   7.507 G          7.507 G          0.000 G
logical_writes                       res        bytes                   9.162 G          9.162 G          0.000 G
logical_writes_to_external           res        bytes                   0.000 G          0.000 G          0.000 G
fs_metadata_writes                   res        bytes                   0.049 G          0.049 G          0.000 G

sum of physmem byte balances (excl. phys_footprint itself): 19.711 G
(entries reported: template 68, task 68)
=== ts_ms=1786401758862 pid=23286
task ledger 'Per-task ledger' id=6149018 entries=68 (pid 23286)

entry                                group      units                   balance           credit            debit
cpu_time                             sched      ns                   3718661090       3718661090                0
tkm_private                          physmem    bytes                   0.009 G          0.009 G          0.000 G
tkm_shared                           physmem    bytes                   0.000 G          0.000 G          0.000 G
phys_mem                             physmem    bytes                   9.252 G          9.252 G          0.000 G
wired_mem                            physmem    bytes                   0.000 G          0.000 G          0.000 G
internal                             physmem    bytes                   7.760 G         25.686 G         17.926 G
external                             physmem    bytes                   0.012 G          0.013 G          0.002 G
reusable                             physmem    bytes                   1.480 G         10.466 G          8.986 G
internal_compressed                  physmem    bytes                   1.190 G          7.565 G          6.376 G
iokit_mapped                         mappings   bytes                   0.000 G          0.000 G          0.000 G
alternate_accounting                 physmem    bytes                   0.000 G          0.000 G          0.000 G
alternate_accounting_compressed      physmem    bytes                   0.000 G          0.000 G          0.000 G
conclave_mem                         physmem    bytes                   0.000 G          0.000 G          0.000 G
phys_footprint                       physmem    bytes                   8.958 G         19.430 G         10.472 G
memorystatus_dirty_time              physmem    ns                            0                0                0
page_table                           physmem    bytes                   0.009 G          0.009 G          0.000 G
pages_grabbed                        physmem    count                   1955918          1955918                0
pages_grabbed_kern                   physmem    count                      5838             5838                0
pages_grabbed_iopl                   physmem    count                         0                0                0
pages_grabbed_upl                    physmem    count                    823554           823554                0
purgeable_volatile                   physmem    bytes                   0.000 G          0.000 G          0.000 G
purgeable_nonvolatile                physmem    bytes                   0.000 G          0.000 G          0.000 G
purgeable_volatile_compress          physmem    bytes                   0.000 G          0.000 G          0.000 G
purgeable_nonvolatile_compress       physmem    bytes                   0.000 G          0.000 G          0.000 G
tagged_nofootprint                   physmem    bytes                   0.000 G          0.000 G          0.000 G
tagged_footprint                     physmem    bytes                   0.000 G          0.000 G          0.000 G
tagged_nofootprint_compressed        physmem    bytes                   0.000 G          0.000 G          0.000 G
tagged_footprint_compressed          physmem    bytes                   0.000 G          0.000 G          0.000 G
network_volatile                     physmem    bytes                   0.000 G          0.000 G          0.000 G
network_nonvolatile                  physmem    bytes                   0.000 G          0.000 G          0.000 G
network_volatile_compressed          physmem    bytes                   0.000 G          0.000 G          0.000 G
network_nonvolatile_compressed       physmem    bytes                   0.000 G          0.000 G          0.000 G
media_nofootprint                    physmem    bytes                   0.000 G          0.000 G          0.000 G
media_footprint                      physmem    bytes                   0.000 G          0.000 G          0.000 G
media_nofootprint_compressed         physmem    bytes                   0.000 G          0.000 G          0.000 G
media_footprint_compressed           physmem    bytes                   0.000 G          0.000 G          0.000 G
graphics_nofootprint                 physmem    bytes                   0.000 G          0.000 G          0.000 G
graphics_footprint                   physmem    bytes                   0.000 G          0.000 G          0.000 G
graphics_nofootprint_compressed      physmem    bytes                   0.000 G          0.000 G          0.000 G
graphics_footprint_compressed        physmem    bytes                   0.000 G          0.000 G          0.000 G
neural_nofootprint                   physmem    bytes                   0.000 G          0.000 G          0.000 G
neural_footprint                     physmem    bytes                   0.000 G          0.000 G          0.000 G
neural_nofootprint_compressed        physmem    bytes                   0.000 G          0.000 G          0.000 G
neural_footprint_compressed          physmem    bytes                   0.000 G          0.000 G          0.000 G
neural_nofootprint_total             physmem    bytes                   0.000 G          0.000 G          0.000 G
swapins                              physmem    bytes                   0.000 G          0.000 G          0.000 G
est_reclaimable                      virtmem    bytes                   0.000 G          0.000 G          0.000 G
platform_idle_wakeups                power      count                      1453             1453                0
interrupt_wakeups                    power      count                     89775            89775                0
SFI_CLASS_APP_NAP                    sfi        MATUs                         0                0                0
SFI_CLASS_DARWIN_BG                  sfi        MATUs                         0                0                0
SFI_CLASS_DEFAULT                    sfi        MATUs                         0                0                0
SFI_CLASS_LEGACY                     sfi        MATUs                         0                0                0
SFI_CLASS_MAINTENANCE                sfi        MATUs                         0                0                0
SFI_CLASS_MANAGED                    sfi        MATUs                         0                0                0
SFI_CLASS_OPTED_OUT                  sfi        MATUs                         0                0                0
SFI_CLASS_USER_INITIATED             sfi        MATUs                         0                0                0
SFI_CLASS_USER_INTERACTIVE           sfi        MATUs                         0                0                0
SFI_CLASS_UTILITY                    sfi        MATUs                         0                0                0
SFI_CLASS_RUNAWAY_MITIGATION         sfi        MATUs                         0                0                0
cpu_time_billed_to_me                sched      ns                      1653946          1653946                0
cpu_time_billed_to_others            sched      ns                            0                0                0
energy_billed_to_me                  power      nj                      4404853          4404853                0
energy_billed_to_others              power      nj                            0                0                0
physical_writes                      res        bytes                   7.507 G          7.507 G          0.000 G
logical_writes                       res        bytes                   9.163 G          9.163 G          0.000 G
logical_writes_to_external           res        bytes                   0.000 G          0.000 G          0.000 G
fs_metadata_writes                   res        bytes                   0.049 G          0.049 G          0.000 G

sum of physmem byte balances (excl. phys_footprint itself): 19.712 G
(entries reported: template 68, task 68)
=== ts_ms=1786401768906 pid=23286
task ledger 'Per-task ledger' id=6149018 entries=68 (pid 23286)

entry                                group      units                   balance           credit            debit
cpu_time                             sched      ns                   3767178290       3767178290                0
tkm_private                          physmem    bytes                   0.009 G          0.009 G          0.000 G
tkm_shared                           physmem    bytes                   0.000 G          0.000 G          0.000 G
phys_mem                             physmem    bytes                   9.252 G          9.252 G          0.000 G
wired_mem                            physmem    bytes                   0.000 G          0.000 G          0.000 G
internal                             physmem    bytes                   7.760 G         25.688 G         17.928 G
external                             physmem    bytes                   0.012 G          0.013 G          0.002 G
reusable                             physmem    bytes                   1.480 G         10.466 G          8.986 G
internal_compressed                  physmem    bytes                   1.190 G          7.565 G          6.376 G
iokit_mapped                         mappings   bytes                   0.000 G          0.000 G          0.000 G
alternate_accounting                 physmem    bytes                   0.000 G          0.000 G          0.000 G
alternate_accounting_compressed      physmem    bytes                   0.000 G          0.000 G          0.000 G
conclave_mem                         physmem    bytes                   0.000 G          0.000 G          0.000 G
phys_footprint                       physmem    bytes                   8.958 G         19.432 G         10.474 G
memorystatus_dirty_time              physmem    ns                            0                0                0
page_table                           physmem    bytes                   0.009 G          0.009 G          0.000 G
pages_grabbed                        physmem    count                   1956062          1956062                0
pages_grabbed_kern                   physmem    count                      5854             5854                0
pages_grabbed_iopl                   physmem    count                         0                0                0
pages_grabbed_upl                    physmem    count                    823554           823554                0
purgeable_volatile                   physmem    bytes                   0.000 G          0.000 G          0.000 G
purgeable_nonvolatile                physmem    bytes                   0.000 G          0.000 G          0.000 G
purgeable_volatile_compress          physmem    bytes                   0.000 G          0.000 G          0.000 G
purgeable_nonvolatile_compress       physmem    bytes                   0.000 G          0.000 G          0.000 G
tagged_nofootprint                   physmem    bytes                   0.000 G          0.000 G          0.000 G
tagged_footprint                     physmem    bytes                   0.000 G          0.000 G          0.000 G
tagged_nofootprint_compressed        physmem    bytes                   0.000 G          0.000 G          0.000 G
tagged_footprint_compressed          physmem    bytes                   0.000 G          0.000 G          0.000 G
network_volatile                     physmem    bytes                   0.000 G          0.000 G          0.000 G
network_nonvolatile                  physmem    bytes                   0.000 G          0.000 G          0.000 G
network_volatile_compressed          physmem    bytes                   0.000 G          0.000 G          0.000 G
network_nonvolatile_compressed       physmem    bytes                   0.000 G          0.000 G          0.000 G
media_nofootprint                    physmem    bytes                   0.000 G          0.000 G          0.000 G
media_footprint                      physmem    bytes                   0.000 G          0.000 G          0.000 G
media_nofootprint_compressed         physmem    bytes                   0.000 G          0.000 G          0.000 G
media_footprint_compressed           physmem    bytes                   0.000 G          0.000 G          0.000 G
graphics_nofootprint                 physmem    bytes                   0.000 G          0.000 G          0.000 G
graphics_footprint                   physmem    bytes                   0.000 G          0.000 G          0.000 G
graphics_nofootprint_compressed      physmem    bytes                   0.000 G          0.000 G          0.000 G
graphics_footprint_compressed        physmem    bytes                   0.000 G          0.000 G          0.000 G
neural_nofootprint                   physmem    bytes                   0.000 G          0.000 G          0.000 G
neural_footprint                     physmem    bytes                   0.000 G          0.000 G          0.000 G
neural_nofootprint_compressed        physmem    bytes                   0.000 G          0.000 G          0.000 G
neural_footprint_compressed          physmem    bytes                   0.000 G          0.000 G          0.000 G
neural_nofootprint_total             physmem    bytes                   0.000 G          0.000 G          0.000 G
swapins                              physmem    bytes                   0.000 G          0.000 G          0.000 G
est_reclaimable                      virtmem    bytes                   0.000 G          0.000 G          0.000 G
platform_idle_wakeups                power      count                      1481             1481                0
interrupt_wakeups                    power      count                     91129            91129                0
SFI_CLASS_APP_NAP                    sfi        MATUs                         0                0                0
SFI_CLASS_DARWIN_BG                  sfi        MATUs                         0                0                0
SFI_CLASS_DEFAULT                    sfi        MATUs                         0                0                0
SFI_CLASS_LEGACY                     sfi        MATUs                         0                0                0
SFI_CLASS_MAINTENANCE                sfi        MATUs                         0                0                0
SFI_CLASS_MANAGED                    sfi        MATUs                         0                0                0
SFI_CLASS_OPTED_OUT                  sfi        MATUs                         0                0                0
SFI_CLASS_USER_INITIATED             sfi        MATUs                         0                0                0
SFI_CLASS_USER_INTERACTIVE           sfi        MATUs                         0                0                0
SFI_CLASS_UTILITY                    sfi        MATUs                         0                0                0
SFI_CLASS_RUNAWAY_MITIGATION         sfi        MATUs                         0                0                0
cpu_time_billed_to_me                sched      ns                      1748754          1748754                0
cpu_time_billed_to_others            sched      ns                            0                0                0
energy_billed_to_me                  power      nj                      4427915          4427915                0
energy_billed_to_others              power      nj                            0                0                0
physical_writes                      res        bytes                   7.507 G          7.507 G          0.000 G
logical_writes                       res        bytes                   9.163 G          9.163 G          0.000 G
logical_writes_to_external           res        bytes                   0.000 G          0.000 G          0.000 G
fs_metadata_writes                   res        bytes                   0.049 G          0.049 G          0.000 G

sum of physmem byte balances (excl. phys_footprint itself): 19.712 G
(entries reported: template 68, task 68)
=== ts_ms=1786401779102 pid=23286
task ledger 'Per-task ledger' id=6149018 entries=68 (pid 23286)

entry                                group      units                   balance           credit            debit
cpu_time                             sched      ns                   3812417282       3812417282                0
tkm_private                          physmem    bytes                   0.009 G          0.009 G          0.000 G
tkm_shared                           physmem    bytes                   0.000 G          0.000 G          0.000 G
phys_mem                             physmem    bytes                   9.253 G          9.253 G          0.000 G
wired_mem                            physmem    bytes                   0.000 G          0.000 G          0.000 G
internal                             physmem    bytes                   7.760 G         25.689 G         17.929 G
external                             physmem    bytes                   0.012 G          0.013 G          0.002 G
reusable                             physmem    bytes                   1.480 G         10.466 G          8.986 G
internal_compressed                  physmem    bytes                   1.189 G          7.565 G          6.376 G
iokit_mapped                         mappings   bytes                   0.000 G          0.000 G          0.000 G
alternate_accounting                 physmem    bytes                   0.000 G          0.000 G          0.000 G
alternate_accounting_compressed      physmem    bytes                   0.000 G          0.000 G          0.000 G
conclave_mem                         physmem    bytes                   0.000 G          0.000 G          0.000 G
phys_footprint                       physmem    bytes                   8.958 G         19.433 G         10.475 G
memorystatus_dirty_time              physmem    ns                            0                0                0
page_table                           physmem    bytes                   0.009 G          0.009 G          0.000 G
pages_grabbed                        physmem    count                   1956270          1956270                0
pages_grabbed_kern                   physmem    count                      5922             5922                0
pages_grabbed_iopl                   physmem    count                         0                0                0
pages_grabbed_upl                    physmem    count                    823554           823554                0
purgeable_volatile                   physmem    bytes                   0.000 G          0.000 G          0.000 G
purgeable_nonvolatile                physmem    bytes                   0.000 G          0.000 G          0.000 G
purgeable_volatile_compress          physmem    bytes                   0.000 G          0.000 G          0.000 G
purgeable_nonvolatile_compress       physmem    bytes                   0.000 G          0.000 G          0.000 G
tagged_nofootprint                   physmem    bytes                   0.000 G          0.000 G          0.000 G
tagged_footprint                     physmem    bytes                   0.000 G          0.000 G          0.000 G
tagged_nofootprint_compressed        physmem    bytes                   0.000 G          0.000 G          0.000 G
tagged_footprint_compressed          physmem    bytes                   0.000 G          0.000 G          0.000 G
network_volatile                     physmem    bytes                   0.000 G          0.000 G          0.000 G
network_nonvolatile                  physmem    bytes                   0.000 G          0.000 G          0.000 G
network_volatile_compressed          physmem    bytes                   0.000 G          0.000 G          0.000 G
network_nonvolatile_compressed       physmem    bytes                   0.000 G          0.000 G          0.000 G
media_nofootprint                    physmem    bytes                   0.000 G          0.000 G          0.000 G
media_footprint                      physmem    bytes                   0.000 G          0.000 G          0.000 G
media_nofootprint_compressed         physmem    bytes                   0.000 G          0.000 G          0.000 G
media_footprint_compressed           physmem    bytes                   0.000 G          0.000 G          0.000 G
graphics_nofootprint                 physmem    bytes                   0.000 G          0.000 G          0.000 G
graphics_footprint                   physmem    bytes                   0.000 G          0.000 G          0.000 G
graphics_nofootprint_compressed      physmem    bytes                   0.000 G          0.000 G          0.000 G
graphics_footprint_compressed        physmem    bytes                   0.000 G          0.000 G          0.000 G
neural_nofootprint                   physmem    bytes                   0.000 G          0.000 G          0.000 G
neural_footprint                     physmem    bytes                   0.000 G          0.000 G          0.000 G
neural_nofootprint_compressed        physmem    bytes                   0.000 G          0.000 G          0.000 G
neural_footprint_compressed          physmem    bytes                   0.000 G          0.000 G          0.000 G
neural_nofootprint_total             physmem    bytes                   0.000 G          0.000 G          0.000 G
swapins                              physmem    bytes                   0.001 G          0.001 G          0.000 G
est_reclaimable                      virtmem    bytes                   0.000 G          0.000 G          0.000 G
platform_idle_wakeups                power      count                      1487             1487                0
interrupt_wakeups                    power      count                     92518            92518                0
SFI_CLASS_APP_NAP                    sfi        MATUs                         0                0                0
SFI_CLASS_DARWIN_BG                  sfi        MATUs                         0                0                0
SFI_CLASS_DEFAULT                    sfi        MATUs                         0                0                0
SFI_CLASS_LEGACY                     sfi        MATUs                         0                0                0
SFI_CLASS_MAINTENANCE                sfi        MATUs                         0                0                0
SFI_CLASS_MANAGED                    sfi        MATUs                         0                0                0
SFI_CLASS_OPTED_OUT                  sfi        MATUs                         0                0                0
SFI_CLASS_USER_INITIATED             sfi        MATUs                         0                0                0
SFI_CLASS_USER_INTERACTIVE           sfi        MATUs                         0                0                0
SFI_CLASS_UTILITY                    sfi        MATUs                         0                0                0
SFI_CLASS_RUNAWAY_MITIGATION         sfi        MATUs                         0                0                0
cpu_time_billed_to_me                sched      ns                      1748754          1748754                0
cpu_time_billed_to_others            sched      ns                            0                0                0
energy_billed_to_me                  power      nj                      4427915          4427915                0
energy_billed_to_others              power      nj                            0                0                0
physical_writes                      res        bytes                   7.507 G          7.507 G          0.000 G
logical_writes                       res        bytes                   9.163 G          9.163 G          0.000 G
logical_writes_to_external           res        bytes                   0.000 G          0.000 G          0.000 G
fs_metadata_writes                   res        bytes                   0.049 G          0.049 G          0.000 G

sum of physmem byte balances (excl. phys_footprint itself): 19.713 G
(entries reported: template 68, task 68)
=== ts_ms=1786401789304 pid=23286
task ledger 'Per-task ledger' id=6149018 entries=68 (pid 23286)

entry                                group      units                   balance           credit            debit
cpu_time                             sched      ns                   3857093145       3857093145                0
tkm_private                          physmem    bytes                   0.009 G          0.009 G          0.000 G
tkm_shared                           physmem    bytes                   0.000 G          0.000 G          0.000 G
phys_mem                             physmem    bytes                   9.253 G          9.253 G          0.000 G
wired_mem                            physmem    bytes                   0.000 G          0.000 G          0.000 G
internal                             physmem    bytes                   7.761 G         25.692 G         17.931 G
external                             physmem    bytes                   0.012 G          0.013 G          0.002 G
reusable                             physmem    bytes                   1.480 G         10.466 G          8.986 G
internal_compressed                  physmem    bytes                   1.188 G          7.565 G          6.377 G
iokit_mapped                         mappings   bytes                   0.000 G          0.000 G          0.000 G
alternate_accounting                 physmem    bytes                   0.000 G          0.000 G          0.000 G
alternate_accounting_compressed      physmem    bytes                   0.000 G          0.000 G          0.000 G
conclave_mem                         physmem    bytes                   0.000 G          0.000 G          0.000 G
phys_footprint                       physmem    bytes                   8.958 G         19.435 G         10.477 G
memorystatus_dirty_time              physmem    ns                            0                0                0
page_table                           physmem    bytes                   0.009 G          0.009 G          0.000 G
pages_grabbed                        physmem    count                   1956535          1956535                0
pages_grabbed_kern                   physmem    count                      6022             6022                0
pages_grabbed_iopl                   physmem    count                         0                0                0
pages_grabbed_upl                    physmem    count                    823554           823554                0
purgeable_volatile                   physmem    bytes                   0.000 G          0.000 G          0.000 G
purgeable_nonvolatile                physmem    bytes                   0.000 G          0.000 G          0.000 G
purgeable_volatile_compress          physmem    bytes                   0.000 G          0.000 G          0.000 G
purgeable_nonvolatile_compress       physmem    bytes                   0.000 G          0.000 G          0.000 G
tagged_nofootprint                   physmem    bytes                   0.000 G          0.000 G          0.000 G
tagged_footprint                     physmem    bytes                   0.000 G          0.000 G          0.000 G
tagged_nofootprint_compressed        physmem    bytes                   0.000 G          0.000 G          0.000 G
tagged_footprint_compressed          physmem    bytes                   0.000 G          0.000 G          0.000 G
network_volatile                     physmem    bytes                   0.000 G          0.000 G          0.000 G
network_nonvolatile                  physmem    bytes                   0.000 G          0.000 G          0.000 G
network_volatile_compressed          physmem    bytes                   0.000 G          0.000 G          0.000 G
network_nonvolatile_compressed       physmem    bytes                   0.000 G          0.000 G          0.000 G
media_nofootprint                    physmem    bytes                   0.000 G          0.000 G          0.000 G
media_footprint                      physmem    bytes                   0.000 G          0.000 G          0.000 G
media_nofootprint_compressed         physmem    bytes                   0.000 G          0.000 G          0.000 G
media_footprint_compressed           physmem    bytes                   0.000 G          0.000 G          0.000 G
graphics_nofootprint                 physmem    bytes                   0.000 G          0.000 G          0.000 G
graphics_footprint                   physmem    bytes                   0.000 G          0.000 G          0.000 G
graphics_nofootprint_compressed      physmem    bytes                   0.000 G          0.000 G          0.000 G
graphics_footprint_compressed        physmem    bytes                   0.000 G          0.000 G          0.000 G
neural_nofootprint                   physmem    bytes                   0.000 G          0.000 G          0.000 G
neural_footprint                     physmem    bytes                   0.000 G          0.000 G          0.000 G
neural_nofootprint_compressed        physmem    bytes                   0.000 G          0.000 G          0.000 G
neural_footprint_compressed          physmem    bytes                   0.000 G          0.000 G          0.000 G
neural_nofootprint_total             physmem    bytes                   0.000 G          0.000 G          0.000 G
swapins                              physmem    bytes                   0.001 G          0.001 G          0.000 G
est_reclaimable                      virtmem    bytes                   0.000 G          0.000 G          0.000 G
platform_idle_wakeups                power      count                      1518             1518                0
interrupt_wakeups                    power      count                     93820            93820                0
SFI_CLASS_APP_NAP                    sfi        MATUs                         0                0                0
SFI_CLASS_DARWIN_BG                  sfi        MATUs                         0                0                0
SFI_CLASS_DEFAULT                    sfi        MATUs                         0                0                0
SFI_CLASS_LEGACY                     sfi        MATUs                         0                0                0
SFI_CLASS_MAINTENANCE                sfi        MATUs                         0                0                0
SFI_CLASS_MANAGED                    sfi        MATUs                         0                0                0
SFI_CLASS_OPTED_OUT                  sfi        MATUs                         0                0                0
SFI_CLASS_USER_INITIATED             sfi        MATUs                         0                0                0
SFI_CLASS_USER_INTERACTIVE           sfi        MATUs                         0                0                0
SFI_CLASS_UTILITY                    sfi        MATUs                         0                0                0
SFI_CLASS_RUNAWAY_MITIGATION         sfi        MATUs                         0                0                0
cpu_time_billed_to_me                sched      ns                      1748754          1748754                0
cpu_time_billed_to_others            sched      ns                            0                0                0
energy_billed_to_me                  power      nj                      4427915          4427915                0
energy_billed_to_others              power      nj                            0                0                0
physical_writes                      res        bytes                   7.507 G          7.507 G          0.000 G
logical_writes                       res        bytes                   9.163 G          9.163 G          0.000 G
logical_writes_to_external           res        bytes                   0.000 G          0.000 G          0.000 G
fs_metadata_writes                   res        bytes                   0.049 G          0.049 G          0.000 G

sum of physmem byte balances (excl. phys_footprint itself): 19.714 G
(entries reported: template 68, task 68)
=== ts_ms=1786401799467 pid=23286
task ledger 'Per-task ledger' id=6149018 entries=68 (pid 23286)

entry                                group      units                   balance           credit            debit
cpu_time                             sched      ns                   3907470411       3907470411                0
tkm_private                          physmem    bytes                   0.009 G          0.009 G          0.000 G
tkm_shared                           physmem    bytes                   0.000 G          0.000 G          0.000 G
phys_mem                             physmem    bytes                   9.254 G          9.254 G          0.000 G
wired_mem                            physmem    bytes                   0.000 G          0.000 G          0.000 G
internal                             physmem    bytes                   7.761 G         25.694 G         17.933 G
external                             physmem    bytes                   0.012 G          0.013 G          0.002 G
reusable                             physmem    bytes                   1.480 G         10.466 G          8.986 G
internal_compressed                  physmem    bytes                   1.188 G          7.565 G          6.377 G
iokit_mapped                         mappings   bytes                   0.000 G          0.000 G          0.000 G
alternate_accounting                 physmem    bytes                   0.000 G          0.000 G          0.000 G
alternate_accounting_compressed      physmem    bytes                   0.000 G          0.000 G          0.000 G
conclave_mem                         physmem    bytes                   0.000 G          0.000 G          0.000 G
phys_footprint                       physmem    bytes                   8.958 G         19.437 G         10.478 G
memorystatus_dirty_time              physmem    ns                            0                0                0
page_table                           physmem    bytes                   0.009 G          0.009 G          0.000 G
pages_grabbed                        physmem    count                   1956741          1956741                0
pages_grabbed_kern                   physmem    count                      6070             6070                0
pages_grabbed_iopl                   physmem    count                         0                0                0
pages_grabbed_upl                    physmem    count                    823554           823554                0
purgeable_volatile                   physmem    bytes                   0.000 G          0.000 G          0.000 G
purgeable_nonvolatile                physmem    bytes                   0.000 G          0.000 G          0.000 G
purgeable_volatile_compress          physmem    bytes                   0.000 G          0.000 G          0.000 G
purgeable_nonvolatile_compress       physmem    bytes                   0.000 G          0.000 G          0.000 G
tagged_nofootprint                   physmem    bytes                   0.000 G          0.000 G          0.000 G
tagged_footprint                     physmem    bytes                   0.000 G          0.000 G          0.000 G
tagged_nofootprint_compressed        physmem    bytes                   0.000 G          0.000 G          0.000 G
tagged_footprint_compressed          physmem    bytes                   0.000 G          0.000 G          0.000 G
network_volatile                     physmem    bytes                   0.000 G          0.000 G          0.000 G
network_nonvolatile                  physmem    bytes                   0.000 G          0.000 G          0.000 G
network_volatile_compressed          physmem    bytes                   0.000 G          0.000 G          0.000 G
network_nonvolatile_compressed       physmem    bytes                   0.000 G          0.000 G          0.000 G
media_nofootprint                    physmem    bytes                   0.000 G          0.000 G          0.000 G
media_footprint                      physmem    bytes                   0.000 G          0.000 G          0.000 G
media_nofootprint_compressed         physmem    bytes                   0.000 G          0.000 G          0.000 G
media_footprint_compressed           physmem    bytes                   0.000 G          0.000 G          0.000 G
graphics_nofootprint                 physmem    bytes                   0.000 G          0.000 G          0.000 G
graphics_footprint                   physmem    bytes                   0.000 G          0.000 G          0.000 G
graphics_nofootprint_compressed      physmem    bytes                   0.000 G          0.000 G          0.000 G
graphics_footprint_compressed        physmem    bytes                   0.000 G          0.000 G          0.000 G
neural_nofootprint                   physmem    bytes                   0.000 G          0.000 G          0.000 G
neural_footprint                     physmem    bytes                   0.000 G          0.000 G          0.000 G
neural_nofootprint_compressed        physmem    bytes                   0.000 G          0.000 G          0.000 G
neural_footprint_compressed          physmem    bytes                   0.000 G          0.000 G          0.000 G
neural_nofootprint_total             physmem    bytes                   0.000 G          0.000 G          0.000 G
swapins                              physmem    bytes                   0.002 G          0.002 G          0.000 G
est_reclaimable                      virtmem    bytes                   0.000 G          0.000 G          0.000 G
platform_idle_wakeups                power      count                      1522             1522                0
interrupt_wakeups                    power      count                     95182            95182                0
SFI_CLASS_APP_NAP                    sfi        MATUs                         0                0                0
SFI_CLASS_DARWIN_BG                  sfi        MATUs                         0                0                0
SFI_CLASS_DEFAULT                    sfi        MATUs                         0                0                0
SFI_CLASS_LEGACY                     sfi        MATUs                         0                0                0
SFI_CLASS_MAINTENANCE                sfi        MATUs                         0                0                0
SFI_CLASS_MANAGED                    sfi        MATUs                         0                0                0
SFI_CLASS_OPTED_OUT                  sfi        MATUs                         0                0                0
SFI_CLASS_USER_INITIATED             sfi        MATUs                         0                0                0
SFI_CLASS_USER_INTERACTIVE           sfi        MATUs                         0                0                0
SFI_CLASS_UTILITY                    sfi        MATUs                         0                0                0
SFI_CLASS_RUNAWAY_MITIGATION         sfi        MATUs                         0                0                0
cpu_time_billed_to_me                sched      ns                      1784191          1784191                0
cpu_time_billed_to_others            sched      ns                            0                0                0
energy_billed_to_me                  power      nj                      4427915          4427915                0
energy_billed_to_others              power      nj                            0                0                0
physical_writes                      res        bytes                   7.507 G          7.507 G          0.000 G
logical_writes                       res        bytes                   9.163 G          9.163 G          0.000 G
logical_writes_to_external           res        bytes                   0.000 G          0.000 G          0.000 G
fs_metadata_writes                   res        bytes                   0.049 G          0.049 G          0.000 G

sum of physmem byte balances (excl. phys_footprint itself): 19.715 G
(entries reported: template 68, task 68)
=== ts_ms=1786401809667 pid=23286
task ledger 'Per-task ledger' id=6149018 entries=68 (pid 23286)

entry                                group      units                   balance           credit            debit
cpu_time                             sched      ns                   3952995636       3952995636                0
tkm_private                          physmem    bytes                   0.009 G          0.009 G          0.000 G
tkm_shared                           physmem    bytes                   0.000 G          0.000 G          0.000 G
phys_mem                             physmem    bytes                   9.254 G          9.254 G          0.000 G
wired_mem                            physmem    bytes                   0.000 G          0.000 G          0.000 G
internal                             physmem    bytes                   7.761 G         25.695 G         17.934 G
external                             physmem    bytes                   0.012 G          0.013 G          0.002 G
reusable                             physmem    bytes                   1.480 G         10.466 G          8.986 G
internal_compressed                  physmem    bytes                   1.188 G          7.565 G          6.377 G
iokit_mapped                         mappings   bytes                   0.000 G          0.000 G          0.000 G
alternate_accounting                 physmem    bytes                   0.000 G          0.000 G          0.000 G
alternate_accounting_compressed      physmem    bytes                   0.000 G          0.000 G          0.000 G
conclave_mem                         physmem    bytes                   0.000 G          0.000 G          0.000 G
phys_footprint                       physmem    bytes                   8.958 G         19.438 G         10.480 G
memorystatus_dirty_time              physmem    ns                            0                0                0
page_table                           physmem    bytes                   0.009 G          0.009 G          0.000 G
pages_grabbed                        physmem    count                   1956846          1956846                0
pages_grabbed_kern                   physmem    count                      6074             6074                0
pages_grabbed_iopl                   physmem    count                         0                0                0
pages_grabbed_upl                    physmem    count                    823554           823554                0
purgeable_volatile                   physmem    bytes                   0.000 G          0.000 G          0.000 G
purgeable_nonvolatile                physmem    bytes                   0.000 G          0.000 G          0.000 G
purgeable_volatile_compress          physmem    bytes                   0.000 G          0.000 G          0.000 G
purgeable_nonvolatile_compress       physmem    bytes                   0.000 G          0.000 G          0.000 G
tagged_nofootprint                   physmem    bytes                   0.000 G          0.000 G          0.000 G
tagged_footprint                     physmem    bytes                   0.000 G          0.000 G          0.000 G
tagged_nofootprint_compressed        physmem    bytes                   0.000 G          0.000 G          0.000 G
tagged_footprint_compressed          physmem    bytes                   0.000 G          0.000 G          0.000 G
network_volatile                     physmem    bytes                   0.000 G          0.000 G          0.000 G
network_nonvolatile                  physmem    bytes                   0.000 G          0.000 G          0.000 G
network_volatile_compressed          physmem    bytes                   0.000 G          0.000 G          0.000 G
network_nonvolatile_compressed       physmem    bytes                   0.000 G          0.000 G          0.000 G
media_nofootprint                    physmem    bytes                   0.000 G          0.000 G          0.000 G
media_footprint                      physmem    bytes                   0.000 G          0.000 G          0.000 G
media_nofootprint_compressed         physmem    bytes                   0.000 G          0.000 G          0.000 G
media_footprint_compressed           physmem    bytes                   0.000 G          0.000 G          0.000 G
graphics_nofootprint                 physmem    bytes                   0.000 G          0.000 G          0.000 G
graphics_footprint                   physmem    bytes                   0.000 G          0.000 G          0.000 G
graphics_nofootprint_compressed      physmem    bytes                   0.000 G          0.000 G          0.000 G
graphics_footprint_compressed        physmem    bytes                   0.000 G          0.000 G          0.000 G
neural_nofootprint                   physmem    bytes                   0.000 G          0.000 G          0.000 G
neural_footprint                     physmem    bytes                   0.000 G          0.000 G          0.000 G
neural_nofootprint_compressed        physmem    bytes                   0.000 G          0.000 G          0.000 G
neural_footprint_compressed          physmem    bytes                   0.000 G          0.000 G          0.000 G
neural_nofootprint_total             physmem    bytes                   0.000 G          0.000 G          0.000 G
swapins                              physmem    bytes                   0.002 G          0.002 G          0.000 G
est_reclaimable                      virtmem    bytes                   0.000 G          0.000 G          0.000 G
platform_idle_wakeups                power      count                      1526             1526                0
interrupt_wakeups                    power      count                     96541            96541                0
SFI_CLASS_APP_NAP                    sfi        MATUs                         0                0                0
SFI_CLASS_DARWIN_BG                  sfi        MATUs                         0                0                0
SFI_CLASS_DEFAULT                    sfi        MATUs                         0                0                0
SFI_CLASS_LEGACY                     sfi        MATUs                         0                0                0
SFI_CLASS_MAINTENANCE                sfi        MATUs                         0                0                0
SFI_CLASS_MANAGED                    sfi        MATUs                         0                0                0
SFI_CLASS_OPTED_OUT                  sfi        MATUs                         0                0                0
SFI_CLASS_USER_INITIATED             sfi        MATUs                         0                0                0
SFI_CLASS_USER_INTERACTIVE           sfi        MATUs                         0                0                0
SFI_CLASS_UTILITY                    sfi        MATUs                         0                0                0
SFI_CLASS_RUNAWAY_MITIGATION         sfi        MATUs                         0                0                0
cpu_time_billed_to_me                sched      ns                      1784191          1784191                0
cpu_time_billed_to_others            sched      ns                            0                0                0
energy_billed_to_me                  power      nj                      4427915          4427915                0
energy_billed_to_others              power      nj                            0                0                0
physical_writes                      res        bytes                   7.507 G          7.507 G          0.000 G
logical_writes                       res        bytes                   9.163 G          9.163 G          0.000 G
logical_writes_to_external           res        bytes                   0.000 G          0.000 G          0.000 G
fs_metadata_writes                   res        bytes                   0.049 G          0.049 G          0.000 G

sum of physmem byte balances (excl. phys_footprint itself): 19.715 G
(entries reported: template 68, task 68)
=== ts_ms=1786401819735 pid=23286
task ledger 'Per-task ledger' id=6149018 entries=68 (pid 23286)

entry                                group      units                   balance           credit            debit
cpu_time                             sched      ns                   3995055452       3995055452                0
tkm_private                          physmem    bytes                   0.009 G          0.009 G          0.000 G
tkm_shared                           physmem    bytes                   0.000 G          0.000 G          0.000 G
phys_mem                             physmem    bytes                   9.128 G          9.128 G          0.000 G
wired_mem                            physmem    bytes                   0.000 G          0.000 G          0.000 G
internal                             physmem    bytes                   7.673 G         25.734 G         18.061 G
external                             physmem    bytes                   0.012 G          0.013 G          0.002 G
reusable                             physmem    bytes                   1.444 G         10.466 G          9.023 G
internal_compressed                  physmem    bytes                   1.313 G          7.691 G          6.378 G
iokit_mapped                         mappings   bytes                   0.000 G          0.000 G          0.000 G
alternate_accounting                 physmem    bytes                   0.000 G          0.000 G          0.000 G
alternate_accounting_compressed      physmem    bytes                   0.000 G          0.000 G          0.000 G
conclave_mem                         physmem    bytes                   0.000 G          0.000 G          0.000 G
phys_footprint                       physmem    bytes                   8.995 G         19.476 G         10.481 G
memorystatus_dirty_time              physmem    ns                            0                0                0
page_table                           physmem    bytes                   0.009 G          0.009 G          0.000 G
pages_grabbed                        physmem    count                   1956981          1956981                0
pages_grabbed_kern                   physmem    count                      6086             6086                0
pages_grabbed_iopl                   physmem    count                         0                0                0
pages_grabbed_upl                    physmem    count                    823554           823554                0
purgeable_volatile                   physmem    bytes                   0.000 G          0.000 G          0.000 G
purgeable_nonvolatile                physmem    bytes                   0.000 G          0.000 G          0.000 G
purgeable_volatile_compress          physmem    bytes                   0.000 G          0.000 G          0.000 G
purgeable_nonvolatile_compress       physmem    bytes                   0.000 G          0.000 G          0.000 G
tagged_nofootprint                   physmem    bytes                   0.000 G          0.000 G          0.000 G
tagged_footprint                     physmem    bytes                   0.000 G          0.000 G          0.000 G
tagged_nofootprint_compressed        physmem    bytes                   0.000 G          0.000 G          0.000 G
tagged_footprint_compressed          physmem    bytes                   0.000 G          0.000 G          0.000 G
network_volatile                     physmem    bytes                   0.000 G          0.000 G          0.000 G
network_nonvolatile                  physmem    bytes                   0.000 G          0.000 G          0.000 G
network_volatile_compressed          physmem    bytes                   0.000 G          0.000 G          0.000 G
network_nonvolatile_compressed       physmem    bytes                   0.000 G          0.000 G          0.000 G
media_nofootprint                    physmem    bytes                   0.000 G          0.000 G          0.000 G
media_footprint                      physmem    bytes                   0.000 G          0.000 G          0.000 G
media_nofootprint_compressed         physmem    bytes                   0.000 G          0.000 G          0.000 G
media_footprint_compressed           physmem    bytes                   0.000 G          0.000 G          0.000 G
graphics_nofootprint                 physmem    bytes                   0.000 G          0.000 G          0.000 G
graphics_footprint                   physmem    bytes                   0.000 G          0.000 G          0.000 G
graphics_nofootprint_compressed      physmem    bytes                   0.000 G          0.000 G          0.000 G
graphics_footprint_compressed        physmem    bytes                   0.000 G          0.000 G          0.000 G
neural_nofootprint                   physmem    bytes                   0.000 G          0.000 G          0.000 G
neural_footprint                     physmem    bytes                   0.000 G          0.000 G          0.000 G
neural_nofootprint_compressed        physmem    bytes                   0.000 G          0.000 G          0.000 G
neural_footprint_compressed          physmem    bytes                   0.000 G          0.000 G          0.000 G
neural_nofootprint_total             physmem    bytes                   0.000 G          0.000 G          0.000 G
swapins                              physmem    bytes                   0.002 G          0.002 G          0.000 G
est_reclaimable                      virtmem    bytes                   0.000 G          0.000 G          0.000 G
platform_idle_wakeups                power      count                      1531             1531                0
interrupt_wakeups                    power      count                     97793            97793                0
SFI_CLASS_APP_NAP                    sfi        MATUs                         0                0                0
SFI_CLASS_DARWIN_BG                  sfi        MATUs                         0                0                0
SFI_CLASS_DEFAULT                    sfi        MATUs                         0                0                0
SFI_CLASS_LEGACY                     sfi        MATUs                         0                0                0
SFI_CLASS_MAINTENANCE                sfi        MATUs                         0                0                0
SFI_CLASS_MANAGED                    sfi        MATUs                         0                0                0
SFI_CLASS_OPTED_OUT                  sfi        MATUs                         0                0                0
SFI_CLASS_USER_INITIATED             sfi        MATUs                         0                0                0
SFI_CLASS_USER_INTERACTIVE           sfi        MATUs                         0                0                0
SFI_CLASS_UTILITY                    sfi        MATUs                         0                0                0
SFI_CLASS_RUNAWAY_MITIGATION         sfi        MATUs                         0                0                0
cpu_time_billed_to_me                sched      ns                      1784191          1784191                0
cpu_time_billed_to_others            sched      ns                            0                0                0
energy_billed_to_me                  power      nj                      4427915          4427915                0
energy_billed_to_others              power      nj                            0                0                0
physical_writes                      res        bytes                   7.507 G          7.507 G          0.000 G
logical_writes                       res        bytes                   9.163 G          9.163 G          0.000 G
logical_writes_to_external           res        bytes                   0.000 G          0.000 G          0.000 G
fs_metadata_writes                   res        bytes                   0.049 G          0.049 G          0.000 G

sum of physmem byte balances (excl. phys_footprint itself): 19.590 G
(entries reported: template 68, task 68)
=== ts_ms=1786401829766 pid=23286
task ledger 'Per-task ledger' id=6149018 entries=68 (pid 23286)

entry                                group      units                   balance           credit            debit
cpu_time                             sched      ns                   4042715377       4042715377                0
tkm_private                          physmem    bytes                   0.009 G          0.009 G          0.000 G
tkm_shared                           physmem    bytes                   0.000 G          0.000 G          0.000 G
phys_mem                             physmem    bytes                   9.099 G          9.099 G          0.000 G
wired_mem                            physmem    bytes                   0.000 G          0.000 G          0.000 G
internal                             physmem    bytes                   7.741 G         25.834 G         18.093 G
external                             physmem    bytes                   0.012 G          0.013 G          0.002 G
reusable                             physmem    bytes                   1.346 G         10.466 G          9.120 G
internal_compressed                  physmem    bytes                   1.342 G          7.720 G          6.378 G
iokit_mapped                         mappings   bytes                   0.000 G          0.000 G          0.000 G
alternate_accounting                 physmem    bytes                   0.000 G          0.000 G          0.000 G
alternate_accounting_compressed      physmem    bytes                   0.000 G          0.000 G          0.000 G
conclave_mem                         physmem    bytes                   0.000 G          0.000 G          0.000 G
phys_footprint                       physmem    bytes                   9.093 G         19.576 G         10.483 G
memorystatus_dirty_time              physmem    ns                            0                0                0
page_table                           physmem    bytes                   0.009 G          0.009 G          0.000 G
pages_grabbed                        physmem    count                   1957178          1957178                0
pages_grabbed_kern                   physmem    count                      6118             6118                0
pages_grabbed_iopl                   physmem    count                         0                0                0
pages_grabbed_upl                    physmem    count                    823554           823554                0
purgeable_volatile                   physmem    bytes                   0.000 G          0.000 G          0.000 G
purgeable_nonvolatile                physmem    bytes                   0.000 G          0.000 G          0.000 G
purgeable_volatile_compress          physmem    bytes                   0.000 G          0.000 G          0.000 G
purgeable_nonvolatile_compress       physmem    bytes                   0.000 G          0.000 G          0.000 G
tagged_nofootprint                   physmem    bytes                   0.000 G          0.000 G          0.000 G
tagged_footprint                     physmem    bytes                   0.000 G          0.000 G          0.000 G
tagged_nofootprint_compressed        physmem    bytes                   0.000 G          0.000 G          0.000 G
tagged_footprint_compressed          physmem    bytes                   0.000 G          0.000 G          0.000 G
network_volatile                     physmem    bytes                   0.000 G          0.000 G          0.000 G
network_nonvolatile                  physmem    bytes                   0.000 G          0.000 G          0.000 G
network_volatile_compressed          physmem    bytes                   0.000 G          0.000 G          0.000 G
network_nonvolatile_compressed       physmem    bytes                   0.000 G          0.000 G          0.000 G
media_nofootprint                    physmem    bytes                   0.000 G          0.000 G          0.000 G
media_footprint                      physmem    bytes                   0.000 G          0.000 G          0.000 G
media_nofootprint_compressed         physmem    bytes                   0.000 G          0.000 G          0.000 G
media_footprint_compressed           physmem    bytes                   0.000 G          0.000 G          0.000 G
graphics_nofootprint                 physmem    bytes                   0.000 G          0.000 G          0.000 G
graphics_footprint                   physmem    bytes                   0.000 G          0.000 G          0.000 G
graphics_nofootprint_compressed      physmem    bytes                   0.000 G          0.000 G          0.000 G
graphics_footprint_compressed        physmem    bytes                   0.000 G          0.000 G          0.000 G
neural_nofootprint                   physmem    bytes                   0.000 G          0.000 G          0.000 G
neural_footprint                     physmem    bytes                   0.000 G          0.000 G          0.000 G
neural_nofootprint_compressed        physmem    bytes                   0.000 G          0.000 G          0.000 G
neural_footprint_compressed          physmem    bytes                   0.000 G          0.000 G          0.000 G
neural_nofootprint_total             physmem    bytes                   0.000 G          0.000 G          0.000 G
swapins                              physmem    bytes                   0.002 G          0.002 G          0.000 G
est_reclaimable                      virtmem    bytes                   0.000 G          0.000 G          0.000 G
platform_idle_wakeups                power      count                      1532             1532                0
interrupt_wakeups                    power      count                     99176            99176                0
SFI_CLASS_APP_NAP                    sfi        MATUs                         0                0                0
SFI_CLASS_DARWIN_BG                  sfi        MATUs                         0                0                0
SFI_CLASS_DEFAULT                    sfi        MATUs                         0                0                0
SFI_CLASS_LEGACY                     sfi        MATUs                         0                0                0
SFI_CLASS_MAINTENANCE                sfi        MATUs                         0                0                0
SFI_CLASS_MANAGED                    sfi        MATUs                         0                0                0
SFI_CLASS_OPTED_OUT                  sfi        MATUs                         0                0                0
SFI_CLASS_USER_INITIATED             sfi        MATUs                         0                0                0
SFI_CLASS_USER_INTERACTIVE           sfi        MATUs                         0                0                0
SFI_CLASS_UTILITY                    sfi        MATUs                         0                0                0
SFI_CLASS_RUNAWAY_MITIGATION         sfi        MATUs                         0                0                0
cpu_time_billed_to_me                sched      ns                      1875521          1875521                0
cpu_time_billed_to_others            sched      ns                            0                0                0
energy_billed_to_me                  power      nj                      4479260          4479260                0
energy_billed_to_others              power      nj                            0                0                0
physical_writes                      res        bytes                   7.507 G          7.507 G          0.000 G
logical_writes                       res        bytes                   9.163 G          9.163 G          0.000 G
logical_writes_to_external           res        bytes                   0.000 G          0.000 G          0.000 G
fs_metadata_writes                   res        bytes                   0.049 G          0.049 G          0.000 G

sum of physmem byte balances (excl. phys_footprint itself): 19.560 G
(entries reported: template 68, task 68)
=== ts_ms=1786401839766 pid=23286
task ledger 'Per-task ledger' id=6149018 entries=68 (pid 23286)

entry                                group      units                   balance           credit            debit
cpu_time                             sched      ns                   4092386189       4092386189                0
tkm_private                          physmem    bytes                   0.009 G          0.009 G          0.000 G
tkm_shared                           physmem    bytes                   0.000 G          0.000 G          0.000 G
phys_mem                             physmem    bytes                   8.944 G          8.944 G          0.000 G
wired_mem                            physmem    bytes                   0.000 G          0.000 G          0.000 G
internal                             physmem    bytes                   7.708 G         25.952 G         18.244 G
external                             physmem    bytes                   0.012 G          0.013 G          0.002 G
reusable                             physmem    bytes                   1.224 G         10.466 G          9.242 G
internal_compressed                  physmem    bytes                   1.460 G          7.870 G          6.410 G
iokit_mapped                         mappings   bytes                   0.000 G          0.000 G          0.000 G
alternate_accounting                 physmem    bytes                   0.000 G          0.000 G          0.000 G
alternate_accounting_compressed      physmem    bytes                   0.000 G          0.000 G          0.000 G
conclave_mem                         physmem    bytes                   0.000 G          0.000 G          0.000 G
phys_footprint                       physmem    bytes                   9.177 G         19.661 G         10.485 G
memorystatus_dirty_time              physmem    ns                            0                0                0
page_table                           physmem    bytes                   0.009 G          0.009 G          0.000 G
pages_grabbed                        physmem    count                   1959460          1959460                0
pages_grabbed_kern                   physmem    count                      6178             6178                0
pages_grabbed_iopl                   physmem    count                         0                0                0
pages_grabbed_upl                    physmem    count                    823554           823554                0
purgeable_volatile                   physmem    bytes                   0.000 G          0.000 G          0.000 G
purgeable_nonvolatile                physmem    bytes                   0.000 G          0.000 G          0.000 G
purgeable_volatile_compress          physmem    bytes                   0.000 G          0.000 G          0.000 G
purgeable_nonvolatile_compress       physmem    bytes                   0.000 G          0.000 G          0.000 G
tagged_nofootprint                   physmem    bytes                   0.000 G          0.000 G          0.000 G
tagged_footprint                     physmem    bytes                   0.000 G          0.000 G          0.000 G
tagged_nofootprint_compressed        physmem    bytes                   0.000 G          0.000 G          0.000 G
tagged_footprint_compressed          physmem    bytes                   0.000 G          0.000 G          0.000 G
network_volatile                     physmem    bytes                   0.000 G          0.000 G          0.000 G
network_nonvolatile                  physmem    bytes                   0.000 G          0.000 G          0.000 G
network_volatile_compressed          physmem    bytes                   0.000 G          0.000 G          0.000 G
network_nonvolatile_compressed       physmem    bytes                   0.000 G          0.000 G          0.000 G
media_nofootprint                    physmem    bytes                   0.000 G          0.000 G          0.000 G
media_footprint                      physmem    bytes                   0.000 G          0.000 G          0.000 G
media_nofootprint_compressed         physmem    bytes                   0.000 G          0.000 G          0.000 G
media_footprint_compressed           physmem    bytes                   0.000 G          0.000 G          0.000 G
graphics_nofootprint                 physmem    bytes                   0.000 G          0.000 G          0.000 G
graphics_footprint                   physmem    bytes                   0.000 G          0.000 G          0.000 G
graphics_nofootprint_compressed      physmem    bytes                   0.000 G          0.000 G          0.000 G
graphics_footprint_compressed        physmem    bytes                   0.000 G          0.000 G          0.000 G
neural_nofootprint                   physmem    bytes                   0.000 G          0.000 G          0.000 G
neural_footprint                     physmem    bytes                   0.000 G          0.000 G          0.000 G
neural_nofootprint_compressed        physmem    bytes                   0.000 G          0.000 G          0.000 G
neural_footprint_compressed          physmem    bytes                   0.000 G          0.000 G          0.000 G
neural_nofootprint_total             physmem    bytes                   0.000 G          0.000 G          0.000 G
swapins                              physmem    bytes                   0.002 G          0.002 G          0.000 G
est_reclaimable                      virtmem    bytes                   0.000 G          0.000 G          0.000 G
platform_idle_wakeups                power      count                      1532             1532                0
interrupt_wakeups                    power      count                    100486           100486                0
SFI_CLASS_APP_NAP                    sfi        MATUs                         0                0                0
SFI_CLASS_DARWIN_BG                  sfi        MATUs                         0                0                0
SFI_CLASS_DEFAULT                    sfi        MATUs                         0                0                0
SFI_CLASS_LEGACY                     sfi        MATUs                         0                0                0
SFI_CLASS_MAINTENANCE                sfi        MATUs                         0                0                0
SFI_CLASS_MANAGED                    sfi        MATUs                         0                0                0
SFI_CLASS_OPTED_OUT                  sfi        MATUs                         0                0                0
SFI_CLASS_USER_INITIATED             sfi        MATUs                         0                0                0
SFI_CLASS_USER_INTERACTIVE           sfi        MATUs                         0                0                0
SFI_CLASS_UTILITY                    sfi        MATUs                         0                0                0
SFI_CLASS_RUNAWAY_MITIGATION         sfi        MATUs                         0                0                0
cpu_time_billed_to_me                sched      ns                      1875521          1875521                0
cpu_time_billed_to_others            sched      ns                            0                0                0
energy_billed_to_me                  power      nj                      4479260          4479260                0
energy_billed_to_others              power      nj                            0                0                0
physical_writes                      res        bytes                   7.507 G          7.507 G          0.000 G
logical_writes                       res        bytes                   9.163 G          9.163 G          0.000 G
logical_writes_to_external           res        bytes                   0.000 G          0.000 G          0.000 G
fs_metadata_writes                   res        bytes                   0.049 G          0.049 G          0.000 G

sum of physmem byte balances (excl. phys_footprint itself): 19.369 G
(entries reported: template 68, task 68)
=== ts_ms=1786401849938 pid=23286
task ledger 'Per-task ledger' id=6149018 entries=68 (pid 23286)

entry                                group      units                   balance           credit            debit
cpu_time                             sched      ns                   4136181836       4136181836                0
tkm_private                          physmem    bytes                   0.009 G          0.009 G          0.000 G
tkm_shared                           physmem    bytes                   0.000 G          0.000 G          0.000 G
phys_mem                             physmem    bytes                   8.945 G          8.945 G          0.000 G
wired_mem                            physmem    bytes                   0.000 G          0.000 G          0.000 G
internal                             physmem    bytes                   7.717 G         25.962 G         18.245 G
external                             physmem    bytes                   0.012 G          0.013 G          0.002 G
reusable                             physmem    bytes                   1.216 G         10.466 G          9.250 G
internal_compressed                  physmem    bytes                   1.459 G          7.870 G          6.411 G
iokit_mapped                         mappings   bytes                   0.000 G          0.000 G          0.000 G
alternate_accounting                 physmem    bytes                   0.000 G          0.000 G          0.000 G
alternate_accounting_compressed      physmem    bytes                   0.000 G          0.000 G          0.000 G
conclave_mem                         physmem    bytes                   0.000 G          0.000 G          0.000 G
phys_footprint                       physmem    bytes                   9.185 G         19.671 G         10.486 G
memorystatus_dirty_time              physmem    ns                            0                0                0
page_table                           physmem    bytes                   0.009 G          0.009 G          0.000 G
pages_grabbed                        physmem    count                   1959622          1959622                0
pages_grabbed_kern                   physmem    count                      6206             6206                0
pages_grabbed_iopl                   physmem    count                         0                0                0
pages_grabbed_upl                    physmem    count                    823554           823554                0
purgeable_volatile                   physmem    bytes                   0.000 G          0.000 G          0.000 G
purgeable_nonvolatile                physmem    bytes                   0.000 G          0.000 G          0.000 G
purgeable_volatile_compress          physmem    bytes                   0.000 G          0.000 G          0.000 G
purgeable_nonvolatile_compress       physmem    bytes                   0.000 G          0.000 G          0.000 G
tagged_nofootprint                   physmem    bytes                   0.000 G          0.000 G          0.000 G
tagged_footprint                     physmem    bytes                   0.000 G          0.000 G          0.000 G
tagged_nofootprint_compressed        physmem    bytes                   0.000 G          0.000 G          0.000 G
tagged_footprint_compressed          physmem    bytes                   0.000 G          0.000 G          0.000 G
network_volatile                     physmem    bytes                   0.000 G          0.000 G          0.000 G
network_nonvolatile                  physmem    bytes                   0.000 G          0.000 G          0.000 G
network_volatile_compressed          physmem    bytes                   0.000 G          0.000 G          0.000 G
network_nonvolatile_compressed       physmem    bytes                   0.000 G          0.000 G          0.000 G
media_nofootprint                    physmem    bytes                   0.000 G          0.000 G          0.000 G
media_footprint                      physmem    bytes                   0.000 G          0.000 G          0.000 G
media_nofootprint_compressed         physmem    bytes                   0.000 G          0.000 G          0.000 G
media_footprint_compressed           physmem    bytes                   0.000 G          0.000 G          0.000 G
graphics_nofootprint                 physmem    bytes                   0.000 G          0.000 G          0.000 G
graphics_footprint                   physmem    bytes                   0.000 G          0.000 G          0.000 G
graphics_nofootprint_compressed      physmem    bytes                   0.000 G          0.000 G          0.000 G
graphics_footprint_compressed        physmem    bytes                   0.000 G          0.000 G          0.000 G
neural_nofootprint                   physmem    bytes                   0.000 G          0.000 G          0.000 G
neural_footprint                     physmem    bytes                   0.000 G          0.000 G          0.000 G
neural_nofootprint_compressed        physmem    bytes                   0.000 G          0.000 G          0.000 G
neural_footprint_compressed          physmem    bytes                   0.000 G          0.000 G          0.000 G
neural_nofootprint_total             physmem    bytes                   0.000 G          0.000 G          0.000 G
swapins                              physmem    bytes                   0.003 G          0.003 G          0.000 G
est_reclaimable                      virtmem    bytes                   0.000 G          0.000 G          0.000 G
platform_idle_wakeups                power      count                      1532             1532                0
interrupt_wakeups                    power      count                    101775           101775                0
SFI_CLASS_APP_NAP                    sfi        MATUs                         0                0                0
SFI_CLASS_DARWIN_BG                  sfi        MATUs                         0                0                0
SFI_CLASS_DEFAULT                    sfi        MATUs                         0                0                0
SFI_CLASS_LEGACY                     sfi        MATUs                         0                0                0
SFI_CLASS_MAINTENANCE                sfi        MATUs                         0                0                0
SFI_CLASS_MANAGED                    sfi        MATUs                         0                0                0
SFI_CLASS_OPTED_OUT                  sfi        MATUs                         0                0                0
SFI_CLASS_USER_INITIATED             sfi        MATUs                         0                0                0
SFI_CLASS_USER_INTERACTIVE           sfi        MATUs                         0                0                0
SFI_CLASS_UTILITY                    sfi        MATUs                         0                0                0
SFI_CLASS_RUNAWAY_MITIGATION         sfi        MATUs                         0                0                0
cpu_time_billed_to_me                sched      ns                      1875521          1875521                0
cpu_time_billed_to_others            sched      ns                            0                0                0
energy_billed_to_me                  power      nj                      4479260          4479260                0
energy_billed_to_others              power      nj                            0                0                0
physical_writes                      res        bytes                   7.507 G          7.507 G          0.000 G
logical_writes                       res        bytes                   9.163 G          9.163 G          0.000 G
logical_writes_to_external           res        bytes                   0.000 G          0.000 G          0.000 G
fs_metadata_writes                   res        bytes                   0.049 G          0.049 G          0.000 G

sum of physmem byte balances (excl. phys_footprint itself): 19.369 G
(entries reported: template 68, task 68)
=== ts_ms=1786401859981 pid=23286
task ledger 'Per-task ledger' id=6149018 entries=68 (pid 23286)

entry                                group      units                   balance           credit            debit
cpu_time                             sched      ns                   4179132407       4179132407                0
tkm_private                          physmem    bytes                   0.009 G          0.009 G          0.000 G
tkm_shared                           physmem    bytes                   0.000 G          0.000 G          0.000 G
phys_mem                             physmem    bytes                   8.946 G          8.946 G          0.000 G
wired_mem                            physmem    bytes                   0.000 G          0.000 G          0.000 G
internal                             physmem    bytes                   7.718 G         25.964 G         18.247 G
external                             physmem    bytes                   0.012 G          0.014 G          0.002 G
reusable                             physmem    bytes                   1.216 G         10.466 G          9.250 G
internal_compressed                  physmem    bytes                   1.459 G          7.870 G          6.411 G
iokit_mapped                         mappings   bytes                   0.000 G          0.000 G          0.000 G
alternate_accounting                 physmem    bytes                   0.000 G          0.000 G          0.000 G
alternate_accounting_compressed      physmem    bytes                   0.000 G          0.000 G          0.000 G
conclave_mem                         physmem    bytes                   0.000 G          0.000 G          0.000 G
phys_footprint                       physmem    bytes                   9.185 G         19.673 G         10.488 G
memorystatus_dirty_time              physmem    ns                            0                0                0
page_table                           physmem    bytes                   0.009 G          0.009 G          0.000 G
pages_grabbed                        physmem    count                   1959813          1959813                0
pages_grabbed_kern                   physmem    count                      6238             6238                0
pages_grabbed_iopl                   physmem    count                         0                0                0
pages_grabbed_upl                    physmem    count                    823554           823554                0
purgeable_volatile                   physmem    bytes                   0.000 G          0.000 G          0.000 G
purgeable_nonvolatile                physmem    bytes                   0.000 G          0.000 G          0.000 G
purgeable_volatile_compress          physmem    bytes                   0.000 G          0.000 G          0.000 G
purgeable_nonvolatile_compress       physmem    bytes                   0.000 G          0.000 G          0.000 G
tagged_nofootprint                   physmem    bytes                   0.000 G          0.000 G          0.000 G
tagged_footprint                     physmem    bytes                   0.000 G          0.000 G          0.000 G
tagged_nofootprint_compressed        physmem    bytes                   0.000 G          0.000 G          0.000 G
tagged_footprint_compressed          physmem    bytes                   0.000 G          0.000 G          0.000 G
network_volatile                     physmem    bytes                   0.000 G          0.000 G          0.000 G
network_nonvolatile                  physmem    bytes                   0.000 G          0.000 G          0.000 G
network_volatile_compressed          physmem    bytes                   0.000 G          0.000 G          0.000 G
network_nonvolatile_compressed       physmem    bytes                   0.000 G          0.000 G          0.000 G
media_nofootprint                    physmem    bytes                   0.000 G          0.000 G          0.000 G
media_footprint                      physmem    bytes                   0.000 G          0.000 G          0.000 G
media_nofootprint_compressed         physmem    bytes                   0.000 G          0.000 G          0.000 G
media_footprint_compressed           physmem    bytes                   0.000 G          0.000 G          0.000 G
graphics_nofootprint                 physmem    bytes                   0.000 G          0.000 G          0.000 G
graphics_footprint                   physmem    bytes                   0.000 G          0.000 G          0.000 G
graphics_nofootprint_compressed      physmem    bytes                   0.000 G          0.000 G          0.000 G
graphics_footprint_compressed        physmem    bytes                   0.000 G          0.000 G          0.000 G
neural_nofootprint                   physmem    bytes                   0.000 G          0.000 G          0.000 G
neural_footprint                     physmem    bytes                   0.000 G          0.000 G          0.000 G
neural_nofootprint_compressed        physmem    bytes                   0.000 G          0.000 G          0.000 G
neural_footprint_compressed          physmem    bytes                   0.000 G          0.000 G          0.000 G
neural_nofootprint_total             physmem    bytes                   0.000 G          0.000 G          0.000 G
swapins                              physmem    bytes                   0.003 G          0.003 G          0.000 G
est_reclaimable                      virtmem    bytes                   0.000 G          0.000 G          0.000 G
platform_idle_wakeups                power      count                      1535             1535                0
interrupt_wakeups                    power      count                    103144           103144                0
SFI_CLASS_APP_NAP                    sfi        MATUs                         0                0                0
SFI_CLASS_DARWIN_BG                  sfi        MATUs                         0                0                0
SFI_CLASS_DEFAULT                    sfi        MATUs                         0                0                0
SFI_CLASS_LEGACY                     sfi        MATUs                         0                0                0
SFI_CLASS_MAINTENANCE                sfi        MATUs                         0                0                0
SFI_CLASS_MANAGED                    sfi        MATUs                         0                0                0
SFI_CLASS_OPTED_OUT                  sfi        MATUs                         0                0                0
SFI_CLASS_USER_INITIATED             sfi        MATUs                         0                0                0
SFI_CLASS_USER_INTERACTIVE           sfi        MATUs                         0                0                0
SFI_CLASS_UTILITY                    sfi        MATUs                         0                0                0
SFI_CLASS_RUNAWAY_MITIGATION         sfi        MATUs                         0                0                0
cpu_time_billed_to_me                sched      ns                      1977946          1977946                0
cpu_time_billed_to_others            sched      ns                            0                0                0
energy_billed_to_me                  power      nj                      4499956          4499956                0
energy_billed_to_others              power      nj                            0                0                0
physical_writes                      res        bytes                   7.507 G          7.507 G          0.000 G
logical_writes                       res        bytes                   9.163 G          9.163 G          0.000 G
logical_writes_to_external           res        bytes                   0.000 G          0.000 G          0.000 G
fs_metadata_writes                   res        bytes                   0.049 G          0.049 G          0.000 G

sum of physmem byte balances (excl. phys_footprint itself): 19.370 G
(entries reported: template 68, task 68)
=== ts_ms=1786401870157 pid=23286
task ledger 'Per-task ledger' id=6149018 entries=68 (pid 23286)

entry                                group      units                   balance           credit            debit
cpu_time                             sched      ns                   4229663658       4229663658                0
tkm_private                          physmem    bytes                   0.009 G          0.009 G          0.000 G
tkm_shared                           physmem    bytes                   0.000 G          0.000 G          0.000 G
phys_mem                             physmem    bytes                   8.946 G          8.946 G          0.000 G
wired_mem                            physmem    bytes                   0.000 G          0.000 G          0.000 G
internal                             physmem    bytes                   7.718 G         25.966 G         18.248 G
external                             physmem    bytes                   0.012 G          0.014 G          0.002 G
reusable                             physmem    bytes                   1.216 G         10.466 G          9.250 G
internal_compressed                  physmem    bytes                   1.458 G          7.870 G          6.412 G
iokit_mapped                         mappings   bytes                   0.000 G          0.000 G          0.000 G
alternate_accounting                 physmem    bytes                   0.000 G          0.000 G          0.000 G
alternate_accounting_compressed      physmem    bytes                   0.000 G          0.000 G          0.000 G
conclave_mem                         physmem    bytes                   0.000 G          0.000 G          0.000 G
phys_footprint                       physmem    bytes                   9.185 G         19.675 G         10.490 G
memorystatus_dirty_time              physmem    ns                            0                0                0
page_table                           physmem    bytes                   0.009 G          0.009 G          0.000 G
pages_grabbed                        physmem    count                   1959994          1959994                0
pages_grabbed_kern                   physmem    count                      6282             6282                0
pages_grabbed_iopl                   physmem    count                         0                0                0
pages_grabbed_upl                    physmem    count                    823554           823554                0
purgeable_volatile                   physmem    bytes                   0.000 G          0.000 G          0.000 G
purgeable_nonvolatile                physmem    bytes                   0.000 G          0.000 G          0.000 G
purgeable_volatile_compress          physmem    bytes                   0.000 G          0.000 G          0.000 G
purgeable_nonvolatile_compress       physmem    bytes                   0.000 G          0.000 G          0.000 G
tagged_nofootprint                   physmem    bytes                   0.000 G          0.000 G          0.000 G
tagged_footprint                     physmem    bytes                   0.000 G          0.000 G          0.000 G
tagged_nofootprint_compressed        physmem    bytes                   0.000 G          0.000 G          0.000 G
tagged_footprint_compressed          physmem    bytes                   0.000 G          0.000 G          0.000 G
network_volatile                     physmem    bytes                   0.000 G          0.000 G          0.000 G
network_nonvolatile                  physmem    bytes                   0.000 G          0.000 G          0.000 G
network_volatile_compressed          physmem    bytes                   0.000 G          0.000 G          0.000 G
network_nonvolatile_compressed       physmem    bytes                   0.000 G          0.000 G          0.000 G
media_nofootprint                    physmem    bytes                   0.000 G          0.000 G          0.000 G
media_footprint                      physmem    bytes                   0.000 G          0.000 G          0.000 G
media_nofootprint_compressed         physmem    bytes                   0.000 G          0.000 G          0.000 G
media_footprint_compressed           physmem    bytes                   0.000 G          0.000 G          0.000 G
graphics_nofootprint                 physmem    bytes                   0.000 G          0.000 G          0.000 G
graphics_footprint                   physmem    bytes                   0.000 G          0.000 G          0.000 G
graphics_nofootprint_compressed      physmem    bytes                   0.000 G          0.000 G          0.000 G
graphics_footprint_compressed        physmem    bytes                   0.000 G          0.000 G          0.000 G
neural_nofootprint                   physmem    bytes                   0.000 G          0.000 G          0.000 G
neural_footprint                     physmem    bytes                   0.000 G          0.000 G          0.000 G
neural_nofootprint_compressed        physmem    bytes                   0.000 G          0.000 G          0.000 G
neural_footprint_compressed          physmem    bytes                   0.000 G          0.000 G          0.000 G
neural_nofootprint_total             physmem    bytes                   0.000 G          0.000 G          0.000 G
swapins                              physmem    bytes                   0.003 G          0.003 G          0.000 G
est_reclaimable                      virtmem    bytes                   0.000 G          0.000 G          0.000 G
platform_idle_wakeups                power      count                      1546             1546                0
interrupt_wakeups                    power      count                    104534           104534                0
SFI_CLASS_APP_NAP                    sfi        MATUs                         0                0                0
SFI_CLASS_DARWIN_BG                  sfi        MATUs                         0                0                0
SFI_CLASS_DEFAULT                    sfi        MATUs                         0                0                0
SFI_CLASS_LEGACY                     sfi        MATUs                         0                0                0
SFI_CLASS_MAINTENANCE                sfi        MATUs                         0                0                0
SFI_CLASS_MANAGED                    sfi        MATUs                         0                0                0
SFI_CLASS_OPTED_OUT                  sfi        MATUs                         0                0                0
SFI_CLASS_USER_INITIATED             sfi        MATUs                         0                0                0
SFI_CLASS_USER_INTERACTIVE           sfi        MATUs                         0                0                0
SFI_CLASS_UTILITY                    sfi        MATUs                         0                0                0
SFI_CLASS_RUNAWAY_MITIGATION         sfi        MATUs                         0                0                0
cpu_time_billed_to_me                sched      ns                      1977946          1977946                0
cpu_time_billed_to_others            sched      ns                            0                0                0
energy_billed_to_me                  power      nj                      4499956          4499956                0
energy_billed_to_others              power      nj                            0                0                0
physical_writes                      res        bytes                   7.507 G          7.507 G          0.000 G
logical_writes                       res        bytes                   9.163 G          9.163 G          0.000 G
logical_writes_to_external           res        bytes                   0.000 G          0.000 G          0.000 G
fs_metadata_writes                   res        bytes                   0.049 G          0.049 G          0.000 G

sum of physmem byte balances (excl. phys_footprint itself): 19.371 G
(entries reported: template 68, task 68)
=== ts_ms=1786401880177 pid=23286
task ledger 'Per-task ledger' id=6149018 entries=68 (pid 23286)

entry                                group      units                   balance           credit            debit
cpu_time                             sched      ns                   4274209837       4274209837                0
tkm_private                          physmem    bytes                   0.009 G          0.009 G          0.000 G
tkm_shared                           physmem    bytes                   0.000 G          0.000 G          0.000 G
phys_mem                             physmem    bytes                   8.946 G          8.946 G          0.000 G
wired_mem                            physmem    bytes                   0.000 G          0.000 G          0.000 G
internal                             physmem    bytes                   7.718 G         25.968 G         18.250 G
external                             physmem    bytes                   0.012 G          0.014 G          0.002 G
reusable                             physmem    bytes                   1.216 G         10.466 G          9.250 G
internal_compressed                  physmem    bytes                   1.458 G          7.870 G          6.412 G
iokit_mapped                         mappings   bytes                   0.000 G          0.000 G          0.000 G
alternate_accounting                 physmem    bytes                   0.000 G          0.000 G          0.000 G
alternate_accounting_compressed      physmem    bytes                   0.000 G          0.000 G          0.000 G
conclave_mem                         physmem    bytes                   0.000 G          0.000 G          0.000 G
phys_footprint                       physmem    bytes                   9.185 G         19.676 G         10.491 G
memorystatus_dirty_time              physmem    ns                            0                0                0
page_table                           physmem    bytes                   0.009 G          0.009 G          0.000 G
pages_grabbed                        physmem    count                   1960096          1960096                0
pages_grabbed_kern                   physmem    count                      6282             6282                0
pages_grabbed_iopl                   physmem    count                         0                0                0
pages_grabbed_upl                    physmem    count                    823554           823554                0
purgeable_volatile                   physmem    bytes                   0.000 G          0.000 G          0.000 G
purgeable_nonvolatile                physmem    bytes                   0.000 G          0.000 G          0.000 G
purgeable_volatile_compress          physmem    bytes                   0.000 G          0.000 G          0.000 G
purgeable_nonvolatile_compress       physmem    bytes                   0.000 G          0.000 G          0.000 G
tagged_nofootprint                   physmem    bytes                   0.000 G          0.000 G          0.000 G
tagged_footprint                     physmem    bytes                   0.000 G          0.000 G          0.000 G
tagged_nofootprint_compressed        physmem    bytes                   0.000 G          0.000 G          0.000 G
tagged_footprint_compressed          physmem    bytes                   0.000 G          0.000 G          0.000 G
network_volatile                     physmem    bytes                   0.000 G          0.000 G          0.000 G
network_nonvolatile                  physmem    bytes                   0.000 G          0.000 G          0.000 G
network_volatile_compressed          physmem    bytes                   0.000 G          0.000 G          0.000 G
network_nonvolatile_compressed       physmem    bytes                   0.000 G          0.000 G          0.000 G
media_nofootprint                    physmem    bytes                   0.000 G          0.000 G          0.000 G
media_footprint                      physmem    bytes                   0.000 G          0.000 G          0.000 G
media_nofootprint_compressed         physmem    bytes                   0.000 G          0.000 G          0.000 G
media_footprint_compressed           physmem    bytes                   0.000 G          0.000 G          0.000 G
graphics_nofootprint                 physmem    bytes                   0.000 G          0.000 G          0.000 G
graphics_footprint                   physmem    bytes                   0.000 G          0.000 G          0.000 G
graphics_nofootprint_compressed      physmem    bytes                   0.000 G          0.000 G          0.000 G
graphics_footprint_compressed        physmem    bytes                   0.000 G          0.000 G          0.000 G
neural_nofootprint                   physmem    bytes                   0.000 G          0.000 G          0.000 G
neural_footprint                     physmem    bytes                   0.000 G          0.000 G          0.000 G
neural_nofootprint_compressed        physmem    bytes                   0.000 G          0.000 G          0.000 G
neural_footprint_compressed          physmem    bytes                   0.000 G          0.000 G          0.000 G
neural_nofootprint_total             physmem    bytes                   0.000 G          0.000 G          0.000 G
swapins                              physmem    bytes                   0.003 G          0.003 G          0.000 G
est_reclaimable                      virtmem    bytes                   0.000 G          0.000 G          0.000 G
platform_idle_wakeups                power      count                      1556             1556                0
interrupt_wakeups                    power      count                    105795           105795                0
SFI_CLASS_APP_NAP                    sfi        MATUs                         0                0                0
SFI_CLASS_DARWIN_BG                  sfi        MATUs                         0                0                0
SFI_CLASS_DEFAULT                    sfi        MATUs                         0                0                0
SFI_CLASS_LEGACY                     sfi        MATUs                         0                0                0
SFI_CLASS_MAINTENANCE                sfi        MATUs                         0                0                0
SFI_CLASS_MANAGED                    sfi        MATUs                         0                0                0
SFI_CLASS_OPTED_OUT                  sfi        MATUs                         0                0                0
SFI_CLASS_USER_INITIATED             sfi        MATUs                         0                0                0
SFI_CLASS_USER_INTERACTIVE           sfi        MATUs                         0                0                0
SFI_CLASS_UTILITY                    sfi        MATUs                         0                0                0
SFI_CLASS_RUNAWAY_MITIGATION         sfi        MATUs                         0                0                0
cpu_time_billed_to_me                sched      ns                      1977946          1977946                0
cpu_time_billed_to_others            sched      ns                            0                0                0
energy_billed_to_me                  power      nj                      4499956          4499956                0
energy_billed_to_others              power      nj                            0                0                0
physical_writes                      res        bytes                   7.507 G          7.507 G          0.000 G
logical_writes                       res        bytes                   9.163 G          9.163 G          0.000 G
logical_writes_to_external           res        bytes                   0.000 G          0.000 G          0.000 G
fs_metadata_writes                   res        bytes                   0.049 G          0.049 G          0.000 G

sum of physmem byte balances (excl. phys_footprint itself): 19.371 G
(entries reported: template 68, task 68)
=== ts_ms=1786401890188 pid=23286
task ledger 'Per-task ledger' id=6149018 entries=68 (pid 23286)

entry                                group      units                   balance           credit            debit
cpu_time                             sched      ns                   4321496071       4321496071                0
tkm_private                          physmem    bytes                   0.009 G          0.009 G          0.000 G
tkm_shared                           physmem    bytes                   0.000 G          0.000 G          0.000 G
phys_mem                             physmem    bytes                   8.956 G          8.956 G          0.000 G
wired_mem                            physmem    bytes                   0.000 G          0.000 G          0.000 G
internal                             physmem    bytes                   7.728 G         25.979 G         18.252 G
external                             physmem    bytes                   0.012 G          0.014 G          0.002 G
reusable                             physmem    bytes                   1.216 G         10.466 G          9.250 G
internal_compressed                  physmem    bytes                   1.449 G          7.870 G          6.421 G
iokit_mapped                         mappings   bytes                   0.000 G          0.000 G          0.000 G
alternate_accounting                 physmem    bytes                   0.000 G          0.000 G          0.000 G
alternate_accounting_compressed      physmem    bytes                   0.000 G          0.000 G          0.000 G
conclave_mem                         physmem    bytes                   0.000 G          0.000 G          0.000 G
phys_footprint                       physmem    bytes                   9.185 G         19.678 G         10.493 G
memorystatus_dirty_time              physmem    ns                            0                0                0
page_table                           physmem    bytes                   0.009 G          0.009 G          0.000 G
pages_grabbed                        physmem    count                   1960950          1960950                0
pages_grabbed_kern                   physmem    count                      6376             6376                0
pages_grabbed_iopl                   physmem    count                         0                0                0
pages_grabbed_upl                    physmem    count                    823554           823554                0
purgeable_volatile                   physmem    bytes                   0.000 G          0.000 G          0.000 G
purgeable_nonvolatile                physmem    bytes                   0.000 G          0.000 G          0.000 G
purgeable_volatile_compress          physmem    bytes                   0.000 G          0.000 G          0.000 G
purgeable_nonvolatile_compress       physmem    bytes                   0.000 G          0.000 G          0.000 G
tagged_nofootprint                   physmem    bytes                   0.000 G          0.000 G          0.000 G
tagged_footprint                     physmem    bytes                   0.000 G          0.000 G          0.000 G
tagged_nofootprint_compressed        physmem    bytes                   0.000 G          0.000 G          0.000 G
tagged_footprint_compressed          physmem    bytes                   0.000 G          0.000 G          0.000 G
network_volatile                     physmem    bytes                   0.000 G          0.000 G          0.000 G
network_nonvolatile                  physmem    bytes                   0.000 G          0.000 G          0.000 G
network_volatile_compressed          physmem    bytes                   0.000 G          0.000 G          0.000 G
network_nonvolatile_compressed       physmem    bytes                   0.000 G          0.000 G          0.000 G
media_nofootprint                    physmem    bytes                   0.000 G          0.000 G          0.000 G
media_footprint                      physmem    bytes                   0.000 G          0.000 G          0.000 G
media_nofootprint_compressed         physmem    bytes                   0.000 G          0.000 G          0.000 G
media_footprint_compressed           physmem    bytes                   0.000 G          0.000 G          0.000 G
graphics_nofootprint                 physmem    bytes                   0.000 G          0.000 G          0.000 G
graphics_footprint                   physmem    bytes                   0.000 G          0.000 G          0.000 G
graphics_nofootprint_compressed      physmem    bytes                   0.000 G          0.000 G          0.000 G
graphics_footprint_compressed        physmem    bytes                   0.000 G          0.000 G          0.000 G
neural_nofootprint                   physmem    bytes                   0.000 G          0.000 G          0.000 G
neural_footprint                     physmem    bytes                   0.000 G          0.000 G          0.000 G
neural_nofootprint_compressed        physmem    bytes                   0.000 G          0.000 G          0.000 G
neural_footprint_compressed          physmem    bytes                   0.000 G          0.000 G          0.000 G
neural_nofootprint_total             physmem    bytes                   0.000 G          0.000 G          0.000 G
swapins                              physmem    bytes                   0.004 G          0.004 G          0.000 G
est_reclaimable                      virtmem    bytes                   0.000 G          0.000 G          0.000 G
platform_idle_wakeups                power      count                      1560             1560                0
interrupt_wakeups                    power      count                    107197           107197                0
SFI_CLASS_APP_NAP                    sfi        MATUs                         0                0                0
SFI_CLASS_DARWIN_BG                  sfi        MATUs                         0                0                0
SFI_CLASS_DEFAULT                    sfi        MATUs                         0                0                0
SFI_CLASS_LEGACY                     sfi        MATUs                         0                0                0
SFI_CLASS_MAINTENANCE                sfi        MATUs                         0                0                0
SFI_CLASS_MANAGED                    sfi        MATUs                         0                0                0
SFI_CLASS_OPTED_OUT                  sfi        MATUs                         0                0                0
SFI_CLASS_USER_INITIATED             sfi        MATUs                         0                0                0
SFI_CLASS_USER_INTERACTIVE           sfi        MATUs                         0                0                0
SFI_CLASS_UTILITY                    sfi        MATUs                         0                0                0
SFI_CLASS_RUNAWAY_MITIGATION         sfi        MATUs                         0                0                0
cpu_time_billed_to_me                sched      ns                      2012439          2012439                0
cpu_time_billed_to_others            sched      ns                            0                0                0
energy_billed_to_me                  power      nj                      4499956          4499956                0
energy_billed_to_others              power      nj                            0                0                0
physical_writes                      res        bytes                   7.507 G          7.507 G          0.000 G
logical_writes                       res        bytes                   9.163 G          9.163 G          0.000 G
logical_writes_to_external           res        bytes                   0.000 G          0.000 G          0.000 G
fs_metadata_writes                   res        bytes                   0.049 G          0.049 G          0.000 G

sum of physmem byte balances (excl. phys_footprint itself): 19.381 G
(entries reported: template 68, task 68)
=== ts_ms=1786401900239 pid=23286
task ledger 'Per-task ledger' id=6149018 entries=68 (pid 23286)

entry                                group      units                   balance           credit            debit
cpu_time                             sched      ns                   4367366627       4367366627                0
tkm_private                          physmem    bytes                   0.009 G          0.009 G          0.000 G
tkm_shared                           physmem    bytes                   0.000 G          0.000 G          0.000 G
phys_mem                             physmem    bytes                   8.956 G          8.956 G          0.000 G
wired_mem                            physmem    bytes                   0.000 G          0.000 G          0.000 G
internal                             physmem    bytes                   7.728 G         25.981 G         18.253 G
external                             physmem    bytes                   0.012 G          0.014 G          0.002 G
reusable                             physmem    bytes                   1.216 G         10.466 G          9.250 G
internal_compressed                  physmem    bytes                   1.448 G          7.870 G          6.422 G
iokit_mapped                         mappings   bytes                   0.000 G          0.000 G          0.000 G
alternate_accounting                 physmem    bytes                   0.000 G          0.000 G          0.000 G
alternate_accounting_compressed      physmem    bytes                   0.000 G          0.000 G          0.000 G
conclave_mem                         physmem    bytes                   0.000 G          0.000 G          0.000 G
phys_footprint                       physmem    bytes                   9.185 G         19.679 G         10.494 G
memorystatus_dirty_time              physmem    ns                            0                0                0
page_table                           physmem    bytes                   0.009 G          0.009 G          0.000 G
pages_grabbed                        physmem    count                   1961140          1961140                0
pages_grabbed_kern                   physmem    count                      6424             6424                0
pages_grabbed_iopl                   physmem    count                         0                0                0
pages_grabbed_upl                    physmem    count                    823554           823554                0
purgeable_volatile                   physmem    bytes                   0.000 G          0.000 G          0.000 G
purgeable_nonvolatile                physmem    bytes                   0.000 G          0.000 G          0.000 G
purgeable_volatile_compress          physmem    bytes                   0.000 G          0.000 G          0.000 G
purgeable_nonvolatile_compress       physmem    bytes                   0.000 G          0.000 G          0.000 G
tagged_nofootprint                   physmem    bytes                   0.000 G          0.000 G          0.000 G
tagged_footprint                     physmem    bytes                   0.000 G          0.000 G          0.000 G
tagged_nofootprint_compressed        physmem    bytes                   0.000 G          0.000 G          0.000 G
tagged_footprint_compressed          physmem    bytes                   0.000 G          0.000 G          0.000 G
network_volatile                     physmem    bytes                   0.000 G          0.000 G          0.000 G
network_nonvolatile                  physmem    bytes                   0.000 G          0.000 G          0.000 G
network_volatile_compressed          physmem    bytes                   0.000 G          0.000 G          0.000 G
network_nonvolatile_compressed       physmem    bytes                   0.000 G          0.000 G          0.000 G
media_nofootprint                    physmem    bytes                   0.000 G          0.000 G          0.000 G
media_footprint                      physmem    bytes                   0.000 G          0.000 G          0.000 G
media_nofootprint_compressed         physmem    bytes                   0.000 G          0.000 G          0.000 G
media_footprint_compressed           physmem    bytes                   0.000 G          0.000 G          0.000 G
graphics_nofootprint                 physmem    bytes                   0.000 G          0.000 G          0.000 G
graphics_footprint                   physmem    bytes                   0.000 G          0.000 G          0.000 G
graphics_nofootprint_compressed      physmem    bytes                   0.000 G          0.000 G          0.000 G
graphics_footprint_compressed        physmem    bytes                   0.000 G          0.000 G          0.000 G
neural_nofootprint                   physmem    bytes                   0.000 G          0.000 G          0.000 G
neural_footprint                     physmem    bytes                   0.000 G          0.000 G          0.000 G
neural_nofootprint_compressed        physmem    bytes                   0.000 G          0.000 G          0.000 G
neural_footprint_compressed          physmem    bytes                   0.000 G          0.000 G          0.000 G
neural_nofootprint_total             physmem    bytes                   0.000 G          0.000 G          0.000 G
swapins                              physmem    bytes                   0.004 G          0.004 G          0.000 G
est_reclaimable                      virtmem    bytes                   0.000 G          0.000 G          0.000 G
platform_idle_wakeups                power      count                      1577             1577                0
interrupt_wakeups                    power      count                    108544           108544                0
SFI_CLASS_APP_NAP                    sfi        MATUs                         0                0                0
SFI_CLASS_DARWIN_BG                  sfi        MATUs                         0                0                0
SFI_CLASS_DEFAULT                    sfi        MATUs                         0                0                0
SFI_CLASS_LEGACY                     sfi        MATUs                         0                0                0
SFI_CLASS_MAINTENANCE                sfi        MATUs                         0                0                0
SFI_CLASS_MANAGED                    sfi        MATUs                         0                0                0
SFI_CLASS_OPTED_OUT                  sfi        MATUs                         0                0                0
SFI_CLASS_USER_INITIATED             sfi        MATUs                         0                0                0
SFI_CLASS_USER_INTERACTIVE           sfi        MATUs                         0                0                0
SFI_CLASS_UTILITY                    sfi        MATUs                         0                0                0
SFI_CLASS_RUNAWAY_MITIGATION         sfi        MATUs                         0                0                0
cpu_time_billed_to_me                sched      ns                      2012439          2012439                0
cpu_time_billed_to_others            sched      ns                            0                0                0
energy_billed_to_me                  power      nj                      4499956          4499956                0
energy_billed_to_others              power      nj                            0                0                0
physical_writes                      res        bytes                   7.507 G          7.507 G          0.000 G
logical_writes                       res        bytes                   9.163 G          9.163 G          0.000 G
logical_writes_to_external           res        bytes                   0.000 G          0.000 G          0.000 G
fs_metadata_writes                   res        bytes                   0.049 G          0.049 G          0.000 G

sum of physmem byte balances (excl. phys_footprint itself): 19.382 G
(entries reported: template 68, task 68)
=== ts_ms=1786401910245 pid=23286
task ledger 'Per-task ledger' id=6149018 entries=68 (pid 23286)

entry                                group      units                   balance           credit            debit
cpu_time                             sched      ns                   4412094780       4412094780                0
tkm_private                          physmem    bytes                   0.009 G          0.009 G          0.000 G
tkm_shared                           physmem    bytes                   0.000 G          0.000 G          0.000 G
phys_mem                             physmem    bytes                   8.957 G          8.957 G          0.000 G
wired_mem                            physmem    bytes                   0.000 G          0.000 G          0.000 G
internal                             physmem    bytes                   7.729 G         25.983 G         18.255 G
external                             physmem    bytes                   0.012 G          0.014 G          0.002 G
reusable                             physmem    bytes                   1.216 G         10.466 G          9.250 G
internal_compressed                  physmem    bytes                   1.448 G          7.870 G          6.423 G
iokit_mapped                         mappings   bytes                   0.000 G          0.000 G          0.000 G
alternate_accounting                 physmem    bytes                   0.000 G          0.000 G          0.000 G
alternate_accounting_compressed      physmem    bytes                   0.000 G          0.000 G          0.000 G
conclave_mem                         physmem    bytes                   0.000 G          0.000 G          0.000 G
phys_footprint                       physmem    bytes                   9.185 G         19.681 G         10.496 G
memorystatus_dirty_time              physmem    ns                            0                0                0
page_table                           physmem    bytes                   0.009 G          0.009 G          0.000 G
pages_grabbed                        physmem    count                   1961386          1961386                0
pages_grabbed_kern                   physmem    count                      6508             6508                0
pages_grabbed_iopl                   physmem    count                         0                0                0
pages_grabbed_upl                    physmem    count                    823554           823554                0
purgeable_volatile                   physmem    bytes                   0.000 G          0.000 G          0.000 G
purgeable_nonvolatile                physmem    bytes                   0.000 G          0.000 G          0.000 G
purgeable_volatile_compress          physmem    bytes                   0.000 G          0.000 G          0.000 G
purgeable_nonvolatile_compress       physmem    bytes                   0.000 G          0.000 G          0.000 G
tagged_nofootprint                   physmem    bytes                   0.000 G          0.000 G          0.000 G
tagged_footprint                     physmem    bytes                   0.000 G          0.000 G          0.000 G
tagged_nofootprint_compressed        physmem    bytes                   0.000 G          0.000 G          0.000 G
tagged_footprint_compressed          physmem    bytes                   0.000 G          0.000 G          0.000 G
network_volatile                     physmem    bytes                   0.000 G          0.000 G          0.000 G
network_nonvolatile                  physmem    bytes                   0.000 G          0.000 G          0.000 G
network_volatile_compressed          physmem    bytes                   0.000 G          0.000 G          0.000 G
network_nonvolatile_compressed       physmem    bytes                   0.000 G          0.000 G          0.000 G
media_nofootprint                    physmem    bytes                   0.000 G          0.000 G          0.000 G
media_footprint                      physmem    bytes                   0.000 G          0.000 G          0.000 G
media_nofootprint_compressed         physmem    bytes                   0.000 G          0.000 G          0.000 G
media_footprint_compressed           physmem    bytes                   0.000 G          0.000 G          0.000 G
graphics_nofootprint                 physmem    bytes                   0.000 G          0.000 G          0.000 G
graphics_footprint                   physmem    bytes                   0.000 G          0.000 G          0.000 G
graphics_nofootprint_compressed      physmem    bytes                   0.000 G          0.000 G          0.000 G
graphics_footprint_compressed        physmem    bytes                   0.000 G          0.000 G          0.000 G
neural_nofootprint                   physmem    bytes                   0.000 G          0.000 G          0.000 G
neural_footprint                     physmem    bytes                   0.000 G          0.000 G          0.000 G
neural_nofootprint_compressed        physmem    bytes                   0.000 G          0.000 G          0.000 G
neural_footprint_compressed          physmem    bytes                   0.000 G          0.000 G          0.000 G
neural_nofootprint_total             physmem    bytes                   0.000 G          0.000 G          0.000 G
swapins                              physmem    bytes                   0.005 G          0.005 G          0.000 G
est_reclaimable                      virtmem    bytes                   0.000 G          0.000 G          0.000 G
platform_idle_wakeups                power      count                      1598             1598                0
interrupt_wakeups                    power      count                    109872           109872                0
SFI_CLASS_APP_NAP                    sfi        MATUs                         0                0                0
SFI_CLASS_DARWIN_BG                  sfi        MATUs                         0                0                0
SFI_CLASS_DEFAULT                    sfi        MATUs                         0                0                0
SFI_CLASS_LEGACY                     sfi        MATUs                         0                0                0
SFI_CLASS_MAINTENANCE                sfi        MATUs                         0                0                0
SFI_CLASS_MANAGED                    sfi        MATUs                         0                0                0
SFI_CLASS_OPTED_OUT                  sfi        MATUs                         0                0                0
SFI_CLASS_USER_INITIATED             sfi        MATUs                         0                0                0
SFI_CLASS_USER_INTERACTIVE           sfi        MATUs                         0                0                0
SFI_CLASS_UTILITY                    sfi        MATUs                         0                0                0
SFI_CLASS_RUNAWAY_MITIGATION         sfi        MATUs                         0                0                0
cpu_time_billed_to_me                sched      ns                      2012439          2012439                0
cpu_time_billed_to_others            sched      ns                            0                0                0
energy_billed_to_me                  power      nj                      4499956          4499956                0
energy_billed_to_others              power      nj                            0                0                0
physical_writes                      res        bytes                   7.507 G          7.507 G          0.000 G
logical_writes                       res        bytes                   9.163 G          9.163 G          0.000 G
logical_writes_to_external           res        bytes                   0.000 G          0.000 G          0.000 G
fs_metadata_writes                   res        bytes                   0.049 G          0.049 G          0.000 G

sum of physmem byte balances (excl. phys_footprint itself): 19.383 G
(entries reported: template 68, task 68)
=== ts_ms=1786401920450 pid=23286
task ledger 'Per-task ledger' id=6149018 entries=68 (pid 23286)

entry                                group      units                   balance           credit            debit
cpu_time                             sched      ns                   4460180209       4460180209                0
tkm_private                          physmem    bytes                   0.009 G          0.009 G          0.000 G
tkm_shared                           physmem    bytes                   0.000 G          0.000 G          0.000 G
phys_mem                             physmem    bytes                   8.957 G          8.957 G          0.000 G
wired_mem                            physmem    bytes                   0.000 G          0.000 G          0.000 G
internal                             physmem    bytes                   7.729 G         25.986 G         18.256 G
external                             physmem    bytes                   0.012 G          0.014 G          0.002 G
reusable                             physmem    bytes                   1.216 G         10.466 G          9.250 G
internal_compressed                  physmem    bytes                   1.447 G          7.870 G          6.423 G
iokit_mapped                         mappings   bytes                   0.000 G          0.000 G          0.000 G
alternate_accounting                 physmem    bytes                   0.000 G          0.000 G          0.000 G
alternate_accounting_compressed      physmem    bytes                   0.000 G          0.000 G          0.000 G
conclave_mem                         physmem    bytes                   0.000 G          0.000 G          0.000 G
phys_footprint                       physmem    bytes                   9.185 G         19.683 G         10.498 G
memorystatus_dirty_time              physmem    ns                            0                0                0
page_table                           physmem    bytes                   0.009 G          0.009 G          0.000 G
pages_grabbed                        physmem    count                   1961581          1961581                0
pages_grabbed_kern                   physmem    count                      6552             6552                0
pages_grabbed_iopl                   physmem    count                         0                0                0
pages_grabbed_upl                    physmem    count                    823554           823554                0
purgeable_volatile                   physmem    bytes                   0.000 G          0.000 G          0.000 G
purgeable_nonvolatile                physmem    bytes                   0.000 G          0.000 G          0.000 G
purgeable_volatile_compress          physmem    bytes                   0.000 G          0.000 G          0.000 G
purgeable_nonvolatile_compress       physmem    bytes                   0.000 G          0.000 G          0.000 G
tagged_nofootprint                   physmem    bytes                   0.000 G          0.000 G          0.000 G
tagged_footprint                     physmem    bytes                   0.000 G          0.000 G          0.000 G
tagged_nofootprint_compressed        physmem    bytes                   0.000 G          0.000 G          0.000 G
tagged_footprint_compressed          physmem    bytes                   0.000 G          0.000 G          0.000 G
network_volatile                     physmem    bytes                   0.000 G          0.000 G          0.000 G
network_nonvolatile                  physmem    bytes                   0.000 G          0.000 G          0.000 G
network_volatile_compressed          physmem    bytes                   0.000 G          0.000 G          0.000 G
network_nonvolatile_compressed       physmem    bytes                   0.000 G          0.000 G          0.000 G
media_nofootprint                    physmem    bytes                   0.000 G          0.000 G          0.000 G
media_footprint                      physmem    bytes                   0.000 G          0.000 G          0.000 G
media_nofootprint_compressed         physmem    bytes                   0.000 G          0.000 G          0.000 G
media_footprint_compressed           physmem    bytes                   0.000 G          0.000 G          0.000 G
graphics_nofootprint                 physmem    bytes                   0.000 G          0.000 G          0.000 G
graphics_footprint                   physmem    bytes                   0.000 G          0.000 G          0.000 G
graphics_nofootprint_compressed      physmem    bytes                   0.000 G          0.000 G          0.000 G
graphics_footprint_compressed        physmem    bytes                   0.000 G          0.000 G          0.000 G
neural_nofootprint                   physmem    bytes                   0.000 G          0.000 G          0.000 G
neural_footprint                     physmem    bytes                   0.000 G          0.000 G          0.000 G
neural_nofootprint_compressed        physmem    bytes                   0.000 G          0.000 G          0.000 G
neural_footprint_compressed          physmem    bytes                   0.000 G          0.000 G          0.000 G
neural_nofootprint_total             physmem    bytes                   0.000 G          0.000 G          0.000 G
swapins                              physmem    bytes                   0.005 G          0.005 G          0.000 G
est_reclaimable                      virtmem    bytes                   0.000 G          0.000 G          0.000 G
platform_idle_wakeups                power      count                      1602             1602                0
interrupt_wakeups                    power      count                    111248           111248                0
SFI_CLASS_APP_NAP                    sfi        MATUs                         0                0                0
SFI_CLASS_DARWIN_BG                  sfi        MATUs                         0                0                0
SFI_CLASS_DEFAULT                    sfi        MATUs                         0                0                0
SFI_CLASS_LEGACY                     sfi        MATUs                         0                0                0
SFI_CLASS_MAINTENANCE                sfi        MATUs                         0                0                0
SFI_CLASS_MANAGED                    sfi        MATUs                         0                0                0
SFI_CLASS_OPTED_OUT                  sfi        MATUs                         0                0                0
SFI_CLASS_USER_INITIATED             sfi        MATUs                         0                0                0
SFI_CLASS_USER_INTERACTIVE           sfi        MATUs                         0                0                0
SFI_CLASS_UTILITY                    sfi        MATUs                         0                0                0
SFI_CLASS_RUNAWAY_MITIGATION         sfi        MATUs                         0                0                0
cpu_time_billed_to_me                sched      ns                      2108683          2108683                0
cpu_time_billed_to_others            sched      ns                            0                0                0
energy_billed_to_me                  power      nj                      4507211          4507211                0
energy_billed_to_others              power      nj                            0                0                0
physical_writes                      res        bytes                   7.507 G          7.507 G          0.000 G
logical_writes                       res        bytes                   9.163 G          9.163 G          0.000 G
logical_writes_to_external           res        bytes                   0.000 G          0.000 G          0.000 G
fs_metadata_writes                   res        bytes                   0.049 G          0.049 G          0.000 G

sum of physmem byte balances (excl. phys_footprint itself): 19.384 G
(entries reported: template 68, task 68)
=== ts_ms=1786401930518 pid=23286
task ledger 'Per-task ledger' id=6149018 entries=68 (pid 23286)

entry                                group      units                   balance           credit            debit
cpu_time                             sched      ns                   4504464840       4504464840                0
tkm_private                          physmem    bytes                   0.009 G          0.009 G          0.000 G
tkm_shared                           physmem    bytes                   0.000 G          0.000 G          0.000 G
phys_mem                             physmem    bytes                   8.958 G          8.958 G          0.000 G
wired_mem                            physmem    bytes                   0.000 G          0.000 G          0.000 G
internal                             physmem    bytes                   7.730 G         25.988 G         18.258 G
external                             physmem    bytes                   0.012 G          0.014 G          0.002 G
reusable                             physmem    bytes                   1.216 G         10.466 G          9.250 G
internal_compressed                  physmem    bytes                   1.447 G          7.870 G          6.423 G
iokit_mapped                         mappings   bytes                   0.000 G          0.000 G          0.000 G
alternate_accounting                 physmem    bytes                   0.000 G          0.000 G          0.000 G
alternate_accounting_compressed      physmem    bytes                   0.000 G          0.000 G          0.000 G
conclave_mem                         physmem    bytes                   0.000 G          0.000 G          0.000 G
phys_footprint                       physmem    bytes                   9.185 G         19.684 G         10.499 G
memorystatus_dirty_time              physmem    ns                            0                0                0
page_table                           physmem    bytes                   0.009 G          0.009 G          0.000 G
pages_grabbed                        physmem    count                   1961792          1961792                0
pages_grabbed_kern                   physmem    count                      6620             6620                0
pages_grabbed_iopl                   physmem    count                         0                0                0
pages_grabbed_upl                    physmem    count                    823554           823554                0
purgeable_volatile                   physmem    bytes                   0.000 G          0.000 G          0.000 G
purgeable_nonvolatile                physmem    bytes                   0.000 G          0.000 G          0.000 G
purgeable_volatile_compress          physmem    bytes                   0.000 G          0.000 G          0.000 G
purgeable_nonvolatile_compress       physmem    bytes                   0.000 G          0.000 G          0.000 G
tagged_nofootprint                   physmem    bytes                   0.000 G          0.000 G          0.000 G
tagged_footprint                     physmem    bytes                   0.000 G          0.000 G          0.000 G
tagged_nofootprint_compressed        physmem    bytes                   0.000 G          0.000 G          0.000 G
tagged_footprint_compressed          physmem    bytes                   0.000 G          0.000 G          0.000 G
network_volatile                     physmem    bytes                   0.000 G          0.000 G          0.000 G
network_nonvolatile                  physmem    bytes                   0.000 G          0.000 G          0.000 G
network_volatile_compressed          physmem    bytes                   0.000 G          0.000 G          0.000 G
network_nonvolatile_compressed       physmem    bytes                   0.000 G          0.000 G          0.000 G
media_nofootprint                    physmem    bytes                   0.000 G          0.000 G          0.000 G
media_footprint                      physmem    bytes                   0.000 G          0.000 G          0.000 G
media_nofootprint_compressed         physmem    bytes                   0.000 G          0.000 G          0.000 G
media_footprint_compressed           physmem    bytes                   0.000 G          0.000 G          0.000 G
graphics_nofootprint                 physmem    bytes                   0.000 G          0.000 G          0.000 G
graphics_footprint                   physmem    bytes                   0.000 G          0.000 G          0.000 G
graphics_nofootprint_compressed      physmem    bytes                   0.000 G          0.000 G          0.000 G
graphics_footprint_compressed        physmem    bytes                   0.000 G          0.000 G          0.000 G
neural_nofootprint                   physmem    bytes                   0.000 G          0.000 G          0.000 G
neural_footprint                     physmem    bytes                   0.000 G          0.000 G          0.000 G
neural_nofootprint_compressed        physmem    bytes                   0.000 G          0.000 G          0.000 G
neural_footprint_compressed          physmem    bytes                   0.000 G          0.000 G          0.000 G
neural_nofootprint_total             physmem    bytes                   0.000 G          0.000 G          0.000 G
swapins                              physmem    bytes                   0.005 G          0.005 G          0.000 G
est_reclaimable                      virtmem    bytes                   0.000 G          0.000 G          0.000 G
platform_idle_wakeups                power      count                      1603             1603                0
interrupt_wakeups                    power      count                    112555           112555                0
SFI_CLASS_APP_NAP                    sfi        MATUs                         0                0                0
SFI_CLASS_DARWIN_BG                  sfi        MATUs                         0                0                0
SFI_CLASS_DEFAULT                    sfi        MATUs                         0                0                0
SFI_CLASS_LEGACY                     sfi        MATUs                         0                0                0
SFI_CLASS_MAINTENANCE                sfi        MATUs                         0                0                0
SFI_CLASS_MANAGED                    sfi        MATUs                         0                0                0
SFI_CLASS_OPTED_OUT                  sfi        MATUs                         0                0                0
SFI_CLASS_USER_INITIATED             sfi        MATUs                         0                0                0
SFI_CLASS_USER_INTERACTIVE           sfi        MATUs                         0                0                0
SFI_CLASS_UTILITY                    sfi        MATUs                         0                0                0
SFI_CLASS_RUNAWAY_MITIGATION         sfi        MATUs                         0                0                0
cpu_time_billed_to_me                sched      ns                      2108683          2108683                0
cpu_time_billed_to_others            sched      ns                            0                0                0
energy_billed_to_me                  power      nj                      4507211          4507211                0
energy_billed_to_others              power      nj                            0                0                0
physical_writes                      res        bytes                   7.507 G          7.507 G          0.000 G
logical_writes                       res        bytes                   9.163 G          9.163 G          0.000 G
logical_writes_to_external           res        bytes                   0.000 G          0.000 G          0.000 G
fs_metadata_writes                   res        bytes                   0.049 G          0.049 G          0.000 G

sum of physmem byte balances (excl. phys_footprint itself): 19.385 G
(entries reported: template 68, task 68)
=== ts_ms=1786401940533 pid=23286
task ledger 'Per-task ledger' id=6149018 entries=68 (pid 23286)

entry                                group      units                   balance           credit            debit
cpu_time                             sched      ns                   4548324408       4548324408                0
tkm_private                          physmem    bytes                   0.009 G          0.009 G          0.000 G
tkm_shared                           physmem    bytes                   0.000 G          0.000 G          0.000 G
phys_mem                             physmem    bytes                   8.958 G          8.958 G          0.000 G
wired_mem                            physmem    bytes                   0.000 G          0.000 G          0.000 G
internal                             physmem    bytes                   7.730 G         25.990 G         18.259 G
external                             physmem    bytes                   0.012 G          0.014 G          0.002 G
reusable                             physmem    bytes                   1.216 G         10.466 G          9.250 G
internal_compressed                  physmem    bytes                   1.446 G          7.870 G          6.424 G
iokit_mapped                         mappings   bytes                   0.000 G          0.000 G          0.000 G
alternate_accounting                 physmem    bytes                   0.000 G          0.000 G          0.000 G
alternate_accounting_compressed      physmem    bytes                   0.000 G          0.000 G          0.000 G
conclave_mem                         physmem    bytes                   0.000 G          0.000 G          0.000 G
phys_footprint                       physmem    bytes                   9.185 G         19.686 G         10.500 G
memorystatus_dirty_time              physmem    ns                            0                0                0
page_table                           physmem    bytes                   0.009 G          0.009 G          0.000 G
pages_grabbed                        physmem    count                   1961983          1961983                0
pages_grabbed_kern                   physmem    count                      6660             6660                0
pages_grabbed_iopl                   physmem    count                         0                0                0
pages_grabbed_upl                    physmem    count                    823554           823554                0
purgeable_volatile                   physmem    bytes                   0.000 G          0.000 G          0.000 G
purgeable_nonvolatile                physmem    bytes                   0.000 G          0.000 G          0.000 G
purgeable_volatile_compress          physmem    bytes                   0.000 G          0.000 G          0.000 G
purgeable_nonvolatile_compress       physmem    bytes                   0.000 G          0.000 G          0.000 G
tagged_nofootprint                   physmem    bytes                   0.000 G          0.000 G          0.000 G
tagged_footprint                     physmem    bytes                   0.000 G          0.000 G          0.000 G
tagged_nofootprint_compressed        physmem    bytes                   0.000 G          0.000 G          0.000 G
tagged_footprint_compressed          physmem    bytes                   0.000 G          0.000 G          0.000 G
network_volatile                     physmem    bytes                   0.000 G          0.000 G          0.000 G
network_nonvolatile                  physmem    bytes                   0.000 G          0.000 G          0.000 G
network_volatile_compressed          physmem    bytes                   0.000 G          0.000 G          0.000 G
network_nonvolatile_compressed       physmem    bytes                   0.000 G          0.000 G          0.000 G
media_nofootprint                    physmem    bytes                   0.000 G          0.000 G          0.000 G
media_footprint                      physmem    bytes                   0.000 G          0.000 G          0.000 G
media_nofootprint_compressed         physmem    bytes                   0.000 G          0.000 G          0.000 G
media_footprint_compressed           physmem    bytes                   0.000 G          0.000 G          0.000 G
graphics_nofootprint                 physmem    bytes                   0.000 G          0.000 G          0.000 G
graphics_footprint                   physmem    bytes                   0.000 G          0.000 G          0.000 G
graphics_nofootprint_compressed      physmem    bytes                   0.000 G          0.000 G          0.000 G
graphics_footprint_compressed        physmem    bytes                   0.000 G          0.000 G          0.000 G
neural_nofootprint                   physmem    bytes                   0.000 G          0.000 G          0.000 G
neural_footprint                     physmem    bytes                   0.000 G          0.000 G          0.000 G
neural_nofootprint_compressed        physmem    bytes                   0.000 G          0.000 G          0.000 G
neural_footprint_compressed          physmem    bytes                   0.000 G          0.000 G          0.000 G
neural_nofootprint_total             physmem    bytes                   0.000 G          0.000 G          0.000 G
swapins                              physmem    bytes                   0.005 G          0.005 G          0.000 G
est_reclaimable                      virtmem    bytes                   0.000 G          0.000 G          0.000 G
platform_idle_wakeups                power      count                      1612             1612                0
interrupt_wakeups                    power      count                    113836           113836                0
SFI_CLASS_APP_NAP                    sfi        MATUs                         0                0                0
SFI_CLASS_DARWIN_BG                  sfi        MATUs                         0                0                0
SFI_CLASS_DEFAULT                    sfi        MATUs                         0                0                0
SFI_CLASS_LEGACY                     sfi        MATUs                         0                0                0
SFI_CLASS_MAINTENANCE                sfi        MATUs                         0                0                0
SFI_CLASS_MANAGED                    sfi        MATUs                         0                0                0
SFI_CLASS_OPTED_OUT                  sfi        MATUs                         0                0                0
SFI_CLASS_USER_INITIATED             sfi        MATUs                         0                0                0
SFI_CLASS_USER_INTERACTIVE           sfi        MATUs                         0                0                0
SFI_CLASS_UTILITY                    sfi        MATUs                         0                0                0
SFI_CLASS_RUNAWAY_MITIGATION         sfi        MATUs                         0                0                0
cpu_time_billed_to_me                sched      ns                      2108683          2108683                0
cpu_time_billed_to_others            sched      ns                            0                0                0
energy_billed_to_me                  power      nj                      4507211          4507211                0
energy_billed_to_others              power      nj                            0                0                0
physical_writes                      res        bytes                   7.507 G          7.507 G          0.000 G
logical_writes                       res        bytes                   9.163 G          9.163 G          0.000 G
logical_writes_to_external           res        bytes                   0.000 G          0.000 G          0.000 G
fs_metadata_writes                   res        bytes                   0.049 G          0.049 G          0.000 G

sum of physmem byte balances (excl. phys_footprint itself): 19.386 G
(entries reported: template 68, task 68)
=== ts_ms=1786401950713 pid=23286
task ledger 'Per-task ledger' id=6149018 entries=68 (pid 23286)

entry                                group      units                   balance           credit            debit
cpu_time                             sched      ns                   4597905177       4597905177                0
tkm_private                          physmem    bytes                   0.009 G          0.009 G          0.000 G
tkm_shared                           physmem    bytes                   0.000 G          0.000 G          0.000 G
phys_mem                             physmem    bytes                   8.958 G          8.958 G          0.000 G
wired_mem                            physmem    bytes                   0.000 G          0.000 G          0.000 G
internal                             physmem    bytes                   7.730 G         25.992 G         18.261 G
external                             physmem    bytes                   0.012 G          0.014 G          0.002 G
reusable                             physmem    bytes                   1.216 G         10.466 G          9.250 G
internal_compressed                  physmem    bytes                   1.446 G          7.870 G          6.424 G
iokit_mapped                         mappings   bytes                   0.000 G          0.000 G          0.000 G
alternate_accounting                 physmem    bytes                   0.000 G          0.000 G          0.000 G
alternate_accounting_compressed      physmem    bytes                   0.000 G          0.000 G          0.000 G
conclave_mem                         physmem    bytes                   0.000 G          0.000 G          0.000 G
phys_footprint                       physmem    bytes                   9.185 G         19.688 G         10.502 G
memorystatus_dirty_time              physmem    ns                            0                0                0
page_table                           physmem    bytes                   0.009 G          0.009 G          0.000 G
pages_grabbed                        physmem    count                   1962103          1962103                0
pages_grabbed_kern                   physmem    count                      6660             6660                0
pages_grabbed_iopl                   physmem    count                         0                0                0
pages_grabbed_upl                    physmem    count                    823554           823554                0
purgeable_volatile                   physmem    bytes                   0.000 G          0.000 G          0.000 G
purgeable_nonvolatile                physmem    bytes                   0.000 G          0.000 G          0.000 G
purgeable_volatile_compress          physmem    bytes                   0.000 G          0.000 G          0.000 G
purgeable_nonvolatile_compress       physmem    bytes                   0.000 G          0.000 G          0.000 G
tagged_nofootprint                   physmem    bytes                   0.000 G          0.000 G          0.000 G
tagged_footprint                     physmem    bytes                   0.000 G          0.000 G          0.000 G
tagged_nofootprint_compressed        physmem    bytes                   0.000 G          0.000 G          0.000 G
tagged_footprint_compressed          physmem    bytes                   0.000 G          0.000 G          0.000 G
network_volatile                     physmem    bytes                   0.000 G          0.000 G          0.000 G
network_nonvolatile                  physmem    bytes                   0.000 G          0.000 G          0.000 G
network_volatile_compressed          physmem    bytes                   0.000 G          0.000 G          0.000 G
network_nonvolatile_compressed       physmem    bytes                   0.000 G          0.000 G          0.000 G
media_nofootprint                    physmem    bytes                   0.000 G          0.000 G          0.000 G
media_footprint                      physmem    bytes                   0.000 G          0.000 G          0.000 G
media_nofootprint_compressed         physmem    bytes                   0.000 G          0.000 G          0.000 G
media_footprint_compressed           physmem    bytes                   0.000 G          0.000 G          0.000 G
graphics_nofootprint                 physmem    bytes                   0.000 G          0.000 G          0.000 G
graphics_footprint                   physmem    bytes                   0.000 G          0.000 G          0.000 G
graphics_nofootprint_compressed      physmem    bytes                   0.000 G          0.000 G          0.000 G
graphics_footprint_compressed        physmem    bytes                   0.000 G          0.000 G          0.000 G
neural_nofootprint                   physmem    bytes                   0.000 G          0.000 G          0.000 G
neural_footprint                     physmem    bytes                   0.000 G          0.000 G          0.000 G
neural_nofootprint_compressed        physmem    bytes                   0.000 G          0.000 G          0.000 G
neural_footprint_compressed          physmem    bytes                   0.000 G          0.000 G          0.000 G
neural_nofootprint_total             physmem    bytes                   0.000 G          0.000 G          0.000 G
swapins                              physmem    bytes                   0.005 G          0.005 G          0.000 G
est_reclaimable                      virtmem    bytes                   0.000 G          0.000 G          0.000 G
platform_idle_wakeups                power      count                      1618             1618                0
interrupt_wakeups                    power      count                    115222           115222                0
SFI_CLASS_APP_NAP                    sfi        MATUs                         0                0                0
SFI_CLASS_DARWIN_BG                  sfi        MATUs                         0                0                0
SFI_CLASS_DEFAULT                    sfi        MATUs                         0                0                0
SFI_CLASS_LEGACY                     sfi        MATUs                         0                0                0
SFI_CLASS_MAINTENANCE                sfi        MATUs                         0                0                0
SFI_CLASS_MANAGED                    sfi        MATUs                         0                0                0
SFI_CLASS_OPTED_OUT                  sfi        MATUs                         0                0                0
SFI_CLASS_USER_INITIATED             sfi        MATUs                         0                0                0
SFI_CLASS_USER_INTERACTIVE           sfi        MATUs                         0                0                0
SFI_CLASS_UTILITY                    sfi        MATUs                         0                0                0
SFI_CLASS_RUNAWAY_MITIGATION         sfi        MATUs                         0                0                0
cpu_time_billed_to_me                sched      ns                      2224677          2224677                0
cpu_time_billed_to_others            sched      ns                            0                0                0
energy_billed_to_me                  power      nj                      4507211          4507211                0
energy_billed_to_others              power      nj                            0                0                0
physical_writes                      res        bytes                   7.507 G          7.507 G          0.000 G
logical_writes                       res        bytes                   9.163 G          9.163 G          0.000 G
logical_writes_to_external           res        bytes                   0.000 G          0.000 G          0.000 G
fs_metadata_writes                   res        bytes                   0.049 G          0.049 G          0.000 G

sum of physmem byte balances (excl. phys_footprint itself): 19.386 G
(entries reported: template 68, task 68)
=== ts_ms=1786401960728 pid=23286
task ledger 'Per-task ledger' id=6149018 entries=68 (pid 23286)

entry                                group      units                   balance           credit            debit
cpu_time                             sched      ns                   4642923387       4642923387                0
tkm_private                          physmem    bytes                   0.009 G          0.009 G          0.000 G
tkm_shared                           physmem    bytes                   0.000 G          0.000 G          0.000 G
phys_mem                             physmem    bytes                   8.958 G          8.958 G          0.000 G
wired_mem                            physmem    bytes                   0.000 G          0.000 G          0.000 G
internal                             physmem    bytes                   7.730 G         25.993 G         18.263 G
external                             physmem    bytes                   0.012 G          0.014 G          0.002 G
reusable                             physmem    bytes                   1.216 G         10.466 G          9.250 G
internal_compressed                  physmem    bytes                   1.446 G          7.870 G          6.424 G
iokit_mapped                         mappings   bytes                   0.000 G          0.000 G          0.000 G
alternate_accounting                 physmem    bytes                   0.000 G          0.000 G          0.000 G
alternate_accounting_compressed      physmem    bytes                   0.000 G          0.000 G          0.000 G
conclave_mem                         physmem    bytes                   0.000 G          0.000 G          0.000 G
phys_footprint                       physmem    bytes                   9.185 G         19.689 G         10.504 G
memorystatus_dirty_time              physmem    ns                            0                0                0
page_table                           physmem    bytes                   0.009 G          0.009 G          0.000 G
pages_grabbed                        physmem    count                   1962201          1962201                0
pages_grabbed_kern                   physmem    count                      6660             6660                0
pages_grabbed_iopl                   physmem    count                         0                0                0
pages_grabbed_upl                    physmem    count                    823554           823554                0
purgeable_volatile                   physmem    bytes                   0.000 G          0.000 G          0.000 G
purgeable_nonvolatile                physmem    bytes                   0.000 G          0.000 G          0.000 G
purgeable_volatile_compress          physmem    bytes                   0.000 G          0.000 G          0.000 G
purgeable_nonvolatile_compress       physmem    bytes                   0.000 G          0.000 G          0.000 G
tagged_nofootprint                   physmem    bytes                   0.000 G          0.000 G          0.000 G
tagged_footprint                     physmem    bytes                   0.000 G          0.000 G          0.000 G
tagged_nofootprint_compressed        physmem    bytes                   0.000 G          0.000 G          0.000 G
tagged_footprint_compressed          physmem    bytes                   0.000 G          0.000 G          0.000 G
network_volatile                     physmem    bytes                   0.000 G          0.000 G          0.000 G
network_nonvolatile                  physmem    bytes                   0.000 G          0.000 G          0.000 G
network_volatile_compressed          physmem    bytes                   0.000 G          0.000 G          0.000 G
network_nonvolatile_compressed       physmem    bytes                   0.000 G          0.000 G          0.000 G
media_nofootprint                    physmem    bytes                   0.000 G          0.000 G          0.000 G
media_footprint                      physmem    bytes                   0.000 G          0.000 G          0.000 G
media_nofootprint_compressed         physmem    bytes                   0.000 G          0.000 G          0.000 G
media_footprint_compressed           physmem    bytes                   0.000 G          0.000 G          0.000 G
graphics_nofootprint                 physmem    bytes                   0.000 G          0.000 G          0.000 G
graphics_footprint                   physmem    bytes                   0.000 G          0.000 G          0.000 G
graphics_nofootprint_compressed      physmem    bytes                   0.000 G          0.000 G          0.000 G
graphics_footprint_compressed        physmem    bytes                   0.000 G          0.000 G          0.000 G
neural_nofootprint                   physmem    bytes                   0.000 G          0.000 G          0.000 G
neural_footprint                     physmem    bytes                   0.000 G          0.000 G          0.000 G
neural_nofootprint_compressed        physmem    bytes                   0.000 G          0.000 G          0.000 G
neural_footprint_compressed          physmem    bytes                   0.000 G          0.000 G          0.000 G
neural_nofootprint_total             physmem    bytes                   0.000 G          0.000 G          0.000 G
swapins                              physmem    bytes                   0.005 G          0.005 G          0.000 G
est_reclaimable                      virtmem    bytes                   0.000 G          0.000 G          0.000 G
platform_idle_wakeups                power      count                      1630             1630                0
interrupt_wakeups                    power      count                    116580           116580                0
SFI_CLASS_APP_NAP                    sfi        MATUs                         0                0                0
SFI_CLASS_DARWIN_BG                  sfi        MATUs                         0                0                0
SFI_CLASS_DEFAULT                    sfi        MATUs                         0                0                0
SFI_CLASS_LEGACY                     sfi        MATUs                         0                0                0
SFI_CLASS_MAINTENANCE                sfi        MATUs                         0                0                0
SFI_CLASS_MANAGED                    sfi        MATUs                         0                0                0
SFI_CLASS_OPTED_OUT                  sfi        MATUs                         0                0                0
SFI_CLASS_USER_INITIATED             sfi        MATUs                         0                0                0
SFI_CLASS_USER_INTERACTIVE           sfi        MATUs                         0                0                0
SFI_CLASS_UTILITY                    sfi        MATUs                         0                0                0
SFI_CLASS_RUNAWAY_MITIGATION         sfi        MATUs                         0                0                0
cpu_time_billed_to_me                sched      ns                      2224677          2224677                0
cpu_time_billed_to_others            sched      ns                            0                0                0
energy_billed_to_me                  power      nj                      4507211          4507211                0
energy_billed_to_others              power      nj                            0                0                0
physical_writes                      res        bytes                   7.507 G          7.507 G          0.000 G
logical_writes                       res        bytes                   9.163 G          9.163 G          0.000 G
logical_writes_to_external           res        bytes                   0.000 G          0.000 G          0.000 G
fs_metadata_writes                   res        bytes                   0.049 G          0.049 G          0.000 G

sum of physmem byte balances (excl. phys_footprint itself): 19.386 G
(entries reported: template 68, task 68)
=== ts_ms=1786401970749 pid=23286
task ledger 'Per-task ledger' id=6149018 entries=68 (pid 23286)

entry                                group      units                   balance           credit            debit
cpu_time                             sched      ns                   4689651716       4689651716                0
tkm_private                          physmem    bytes                   0.009 G          0.009 G          0.000 G
tkm_shared                           physmem    bytes                   0.000 G          0.000 G          0.000 G
phys_mem                             physmem    bytes                   8.963 G          8.963 G          0.000 G
wired_mem                            physmem    bytes                   0.000 G          0.000 G          0.000 G
internal                             physmem    bytes                   7.735 G         25.999 G         18.264 G
external                             physmem    bytes                   0.012 G          0.014 G          0.002 G
reusable                             physmem    bytes                   1.216 G         10.466 G          9.250 G
internal_compressed                  physmem    bytes                   1.441 G          7.870 G          6.429 G
iokit_mapped                         mappings   bytes                   0.000 G          0.000 G          0.000 G
alternate_accounting                 physmem    bytes                   0.000 G          0.000 G          0.000 G
alternate_accounting_compressed      physmem    bytes                   0.000 G          0.000 G          0.000 G
conclave_mem                         physmem    bytes                   0.000 G          0.000 G          0.000 G
phys_footprint                       physmem    bytes                   9.185 G         19.691 G         10.505 G
memorystatus_dirty_time              physmem    ns                            0                0                0
page_table                           physmem    bytes                   0.009 G          0.009 G          0.000 G
pages_grabbed                        physmem    count                   1962727          1962727                0
pages_grabbed_kern                   physmem    count                      6720             6720                0
pages_grabbed_iopl                   physmem    count                         0                0                0
pages_grabbed_upl                    physmem    count                    823622           823622                0
purgeable_volatile                   physmem    bytes                   0.000 G          0.000 G          0.000 G
purgeable_nonvolatile                physmem    bytes                   0.000 G          0.000 G          0.000 G
purgeable_volatile_compress          physmem    bytes                   0.000 G          0.000 G          0.000 G
purgeable_nonvolatile_compress       physmem    bytes                   0.000 G          0.000 G          0.000 G
tagged_nofootprint                   physmem    bytes                   0.000 G          0.000 G          0.000 G
tagged_footprint                     physmem    bytes                   0.000 G          0.000 G          0.000 G
tagged_nofootprint_compressed        physmem    bytes                   0.000 G          0.000 G          0.000 G
tagged_footprint_compressed          physmem    bytes                   0.000 G          0.000 G          0.000 G
network_volatile                     physmem    bytes                   0.000 G          0.000 G          0.000 G
network_nonvolatile                  physmem    bytes                   0.000 G          0.000 G          0.000 G
network_volatile_compressed          physmem    bytes                   0.000 G          0.000 G          0.000 G
network_nonvolatile_compressed       physmem    bytes                   0.000 G          0.000 G          0.000 G
media_nofootprint                    physmem    bytes                   0.000 G          0.000 G          0.000 G
media_footprint                      physmem    bytes                   0.000 G          0.000 G          0.000 G
media_nofootprint_compressed         physmem    bytes                   0.000 G          0.000 G          0.000 G
media_footprint_compressed           physmem    bytes                   0.000 G          0.000 G          0.000 G
graphics_nofootprint                 physmem    bytes                   0.000 G          0.000 G          0.000 G
graphics_footprint                   physmem    bytes                   0.000 G          0.000 G          0.000 G
graphics_nofootprint_compressed      physmem    bytes                   0.000 G          0.000 G          0.000 G
graphics_footprint_compressed        physmem    bytes                   0.000 G          0.000 G          0.000 G
neural_nofootprint                   physmem    bytes                   0.000 G          0.000 G          0.000 G
neural_footprint                     physmem    bytes                   0.000 G          0.000 G          0.000 G
neural_nofootprint_compressed        physmem    bytes                   0.000 G          0.000 G          0.000 G
neural_footprint_compressed          physmem    bytes                   0.000 G          0.000 G          0.000 G
neural_nofootprint_total             physmem    bytes                   0.000 G          0.000 G          0.000 G
swapins                              physmem    bytes                   0.006 G          0.006 G          0.000 G
est_reclaimable                      virtmem    bytes                   0.000 G          0.000 G          0.000 G
platform_idle_wakeups                power      count                      1678             1678                0
interrupt_wakeups                    power      count                    118033           118033                0
SFI_CLASS_APP_NAP                    sfi        MATUs                         0                0                0
SFI_CLASS_DARWIN_BG                  sfi        MATUs                         0                0                0
SFI_CLASS_DEFAULT                    sfi        MATUs                         0                0                0
SFI_CLASS_LEGACY                     sfi        MATUs                         0                0                0
SFI_CLASS_MAINTENANCE                sfi        MATUs                         0                0                0
SFI_CLASS_MANAGED                    sfi        MATUs                         0                0                0
SFI_CLASS_OPTED_OUT                  sfi        MATUs                         0                0                0
SFI_CLASS_USER_INITIATED             sfi        MATUs                         0                0                0
SFI_CLASS_USER_INTERACTIVE           sfi        MATUs                         0                0                0
SFI_CLASS_UTILITY                    sfi        MATUs                         0                0                0
SFI_CLASS_RUNAWAY_MITIGATION         sfi        MATUs                         0                0                0
cpu_time_billed_to_me                sched      ns                      2224677          2224677                0
cpu_time_billed_to_others            sched      ns                            0                0                0
energy_billed_to_me                  power      nj                      4507211          4507211                0
energy_billed_to_others              power      nj                            0                0                0
physical_writes                      res        bytes                   7.508 G          7.508 G          0.000 G
logical_writes                       res        bytes                   9.164 G          9.164 G          0.000 G
logical_writes_to_external           res        bytes                   0.000 G          0.000 G          0.000 G
fs_metadata_writes                   res        bytes                   0.050 G          0.050 G          0.000 G

sum of physmem byte balances (excl. phys_footprint itself): 19.391 G
(entries reported: template 68, task 68)
=== ts_ms=1786401980917 pid=23286
task ledger 'Per-task ledger' id=6149018 entries=68 (pid 23286)

entry                                group      units                   balance           credit            debit
cpu_time                             sched      ns                   4738679305       4738679305                0
tkm_private                          physmem    bytes                   0.009 G          0.009 G          0.000 G
tkm_shared                           physmem    bytes                   0.000 G          0.000 G          0.000 G
phys_mem                             physmem    bytes                   8.966 G          8.966 G          0.000 G
wired_mem                            physmem    bytes                   0.000 G          0.000 G          0.000 G
internal                             physmem    bytes                   7.738 G         26.004 G         18.266 G
external                             physmem    bytes                   0.012 G          0.014 G          0.002 G
reusable                             physmem    bytes                   1.216 G         10.466 G          9.250 G
internal_compressed                  physmem    bytes                   1.439 G          7.870 G          6.431 G
iokit_mapped                         mappings   bytes                   0.000 G          0.000 G          0.000 G
alternate_accounting                 physmem    bytes                   0.000 G          0.000 G          0.000 G
alternate_accounting_compressed      physmem    bytes                   0.000 G          0.000 G          0.000 G
conclave_mem                         physmem    bytes                   0.000 G          0.000 G          0.000 G
phys_footprint                       physmem    bytes                   9.185 G         19.692 G         10.507 G
memorystatus_dirty_time              physmem    ns                            0                0                0
page_table                           physmem    bytes                   0.009 G          0.009 G          0.000 G
pages_grabbed                        physmem    count                   1963021          1963021                0
pages_grabbed_kern                   physmem    count                      6720             6720                0
pages_grabbed_iopl                   physmem    count                         0                0                0
pages_grabbed_upl                    physmem    count                    823622           823622                0
purgeable_volatile                   physmem    bytes                   0.000 G          0.000 G          0.000 G
purgeable_nonvolatile                physmem    bytes                   0.000 G          0.000 G          0.000 G
purgeable_volatile_compress          physmem    bytes                   0.000 G          0.000 G          0.000 G
purgeable_nonvolatile_compress       physmem    bytes                   0.000 G          0.000 G          0.000 G
tagged_nofootprint                   physmem    bytes                   0.000 G          0.000 G          0.000 G
tagged_footprint                     physmem    bytes                   0.000 G          0.000 G          0.000 G
tagged_nofootprint_compressed        physmem    bytes                   0.000 G          0.000 G          0.000 G
tagged_footprint_compressed          physmem    bytes                   0.000 G          0.000 G          0.000 G
network_volatile                     physmem    bytes                   0.000 G          0.000 G          0.000 G
network_nonvolatile                  physmem    bytes                   0.000 G          0.000 G          0.000 G
network_volatile_compressed          physmem    bytes                   0.000 G          0.000 G          0.000 G
network_nonvolatile_compressed       physmem    bytes                   0.000 G          0.000 G          0.000 G
media_nofootprint                    physmem    bytes                   0.000 G          0.000 G          0.000 G
media_footprint                      physmem    bytes                   0.000 G          0.000 G          0.000 G
media_nofootprint_compressed         physmem    bytes                   0.000 G          0.000 G          0.000 G
media_footprint_compressed           physmem    bytes                   0.000 G          0.000 G          0.000 G
graphics_nofootprint                 physmem    bytes                   0.000 G          0.000 G          0.000 G
graphics_footprint                   physmem    bytes                   0.000 G          0.000 G          0.000 G
graphics_nofootprint_compressed      physmem    bytes                   0.000 G          0.000 G          0.000 G
graphics_footprint_compressed        physmem    bytes                   0.000 G          0.000 G          0.000 G
neural_nofootprint                   physmem    bytes                   0.000 G          0.000 G          0.000 G
neural_footprint                     physmem    bytes                   0.000 G          0.000 G          0.000 G
neural_nofootprint_compressed        physmem    bytes                   0.000 G          0.000 G          0.000 G
neural_footprint_compressed          physmem    bytes                   0.000 G          0.000 G          0.000 G
neural_nofootprint_total             physmem    bytes                   0.000 G          0.000 G          0.000 G
swapins                              physmem    bytes                   0.006 G          0.006 G          0.000 G
est_reclaimable                      virtmem    bytes                   0.000 G          0.000 G          0.000 G
platform_idle_wakeups                power      count                      1686             1686                0
interrupt_wakeups                    power      count                    119431           119431                0
SFI_CLASS_APP_NAP                    sfi        MATUs                         0                0                0
SFI_CLASS_DARWIN_BG                  sfi        MATUs                         0                0                0
SFI_CLASS_DEFAULT                    sfi        MATUs                         0                0                0
SFI_CLASS_LEGACY                     sfi        MATUs                         0                0                0
SFI_CLASS_MAINTENANCE                sfi        MATUs                         0                0                0
SFI_CLASS_MANAGED                    sfi        MATUs                         0                0                0
SFI_CLASS_OPTED_OUT                  sfi        MATUs                         0                0                0
SFI_CLASS_USER_INITIATED             sfi        MATUs                         0                0                0
SFI_CLASS_USER_INTERACTIVE           sfi        MATUs                         0                0                0
SFI_CLASS_UTILITY                    sfi        MATUs                         0                0                0
SFI_CLASS_RUNAWAY_MITIGATION         sfi        MATUs                         0                0                0
cpu_time_billed_to_me                sched      ns                      2261521          2261521                0
cpu_time_billed_to_others            sched      ns                            0                0                0
energy_billed_to_me                  power      nj                      4507211          4507211                0
energy_billed_to_others              power      nj                            0                0                0
physical_writes                      res        bytes                   7.508 G          7.508 G          0.000 G
logical_writes                       res        bytes                   9.164 G          9.164 G          0.000 G
logical_writes_to_external           res        bytes                   0.000 G          0.000 G          0.000 G
fs_metadata_writes                   res        bytes                   0.050 G          0.050 G          0.000 G

sum of physmem byte balances (excl. phys_footprint itself): 19.394 G
(entries reported: template 68, task 68)
=== ts_ms=1786401991137 pid=23286
task ledger 'Per-task ledger' id=6149018 entries=68 (pid 23286)

entry                                group      units                   balance           credit            debit
cpu_time                             sched      ns                   4782650765       4782650765                0
tkm_private                          physmem    bytes                   0.009 G          0.009 G          0.000 G
tkm_shared                           physmem    bytes                   0.000 G          0.000 G          0.000 G
phys_mem                             physmem    bytes                   8.966 G          8.966 G          0.000 G
wired_mem                            physmem    bytes                   0.000 G          0.000 G          0.000 G
internal                             physmem    bytes                   7.738 G         26.005 G         18.267 G
external                             physmem    bytes                   0.012 G          0.014 G          0.002 G
reusable                             physmem    bytes                   1.216 G         10.466 G          9.250 G
internal_compressed                  physmem    bytes                   1.439 G          7.870 G          6.431 G
iokit_mapped                         mappings   bytes                   0.000 G          0.000 G          0.000 G
alternate_accounting                 physmem    bytes                   0.000 G          0.000 G          0.000 G
alternate_accounting_compressed      physmem    bytes                   0.000 G          0.000 G          0.000 G
conclave_mem                         physmem    bytes                   0.000 G          0.000 G          0.000 G
phys_footprint                       physmem    bytes                   9.185 G         19.694 G         10.509 G
memorystatus_dirty_time              physmem    ns                            0                0                0
page_table                           physmem    bytes                   0.009 G          0.009 G          0.000 G
pages_grabbed                        physmem    count                   1963119          1963119                0
pages_grabbed_kern                   physmem    count                      6720             6720                0
pages_grabbed_iopl                   physmem    count                         0                0                0
pages_grabbed_upl                    physmem    count                    823622           823622                0
purgeable_volatile                   physmem    bytes                   0.000 G          0.000 G          0.000 G
purgeable_nonvolatile                physmem    bytes                   0.000 G          0.000 G          0.000 G
purgeable_volatile_compress          physmem    bytes                   0.000 G          0.000 G          0.000 G
purgeable_nonvolatile_compress       physmem    bytes                   0.000 G          0.000 G          0.000 G
tagged_nofootprint                   physmem    bytes                   0.000 G          0.000 G          0.000 G
tagged_footprint                     physmem    bytes                   0.000 G          0.000 G          0.000 G
tagged_nofootprint_compressed        physmem    bytes                   0.000 G          0.000 G          0.000 G
tagged_footprint_compressed          physmem    bytes                   0.000 G          0.000 G          0.000 G
network_volatile                     physmem    bytes                   0.000 G          0.000 G          0.000 G
network_nonvolatile                  physmem    bytes                   0.000 G          0.000 G          0.000 G
network_volatile_compressed          physmem    bytes                   0.000 G          0.000 G          0.000 G
network_nonvolatile_compressed       physmem    bytes                   0.000 G          0.000 G          0.000 G
media_nofootprint                    physmem    bytes                   0.000 G          0.000 G          0.000 G
media_footprint                      physmem    bytes                   0.000 G          0.000 G          0.000 G
media_nofootprint_compressed         physmem    bytes                   0.000 G          0.000 G          0.000 G
media_footprint_compressed           physmem    bytes                   0.000 G          0.000 G          0.000 G
graphics_nofootprint                 physmem    bytes                   0.000 G          0.000 G          0.000 G
graphics_footprint                   physmem    bytes                   0.000 G          0.000 G          0.000 G
graphics_nofootprint_compressed      physmem    bytes                   0.000 G          0.000 G          0.000 G
graphics_footprint_compressed        physmem    bytes                   0.000 G          0.000 G          0.000 G
neural_nofootprint                   physmem    bytes                   0.000 G          0.000 G          0.000 G
neural_footprint                     physmem    bytes                   0.000 G          0.000 G          0.000 G
neural_nofootprint_compressed        physmem    bytes                   0.000 G          0.000 G          0.000 G
neural_footprint_compressed          physmem    bytes                   0.000 G          0.000 G          0.000 G
neural_nofootprint_total             physmem    bytes                   0.000 G          0.000 G          0.000 G
swapins                              physmem    bytes                   0.006 G          0.006 G          0.000 G
est_reclaimable                      virtmem    bytes                   0.000 G          0.000 G          0.000 G
platform_idle_wakeups                power      count                      1708             1708                0
interrupt_wakeups                    power      count                    120758           120758                0
SFI_CLASS_APP_NAP                    sfi        MATUs                         0                0                0
SFI_CLASS_DARWIN_BG                  sfi        MATUs                         0                0                0
SFI_CLASS_DEFAULT                    sfi        MATUs                         0                0                0
SFI_CLASS_LEGACY                     sfi        MATUs                         0                0                0
SFI_CLASS_MAINTENANCE                sfi        MATUs                         0                0                0
SFI_CLASS_MANAGED                    sfi        MATUs                         0                0                0
SFI_CLASS_OPTED_OUT                  sfi        MATUs                         0                0                0
SFI_CLASS_USER_INITIATED             sfi        MATUs                         0                0                0
SFI_CLASS_USER_INTERACTIVE           sfi        MATUs                         0                0                0
SFI_CLASS_UTILITY                    sfi        MATUs                         0                0                0
SFI_CLASS_RUNAWAY_MITIGATION         sfi        MATUs                         0                0                0
cpu_time_billed_to_me                sched      ns                      2261521          2261521                0
cpu_time_billed_to_others            sched      ns                            0                0                0
energy_billed_to_me                  power      nj                      4507211          4507211                0
energy_billed_to_others              power      nj                            0                0                0
physical_writes                      res        bytes                   7.508 G          7.508 G          0.000 G
logical_writes                       res        bytes                   9.164 G          9.164 G          0.000 G
logical_writes_to_external           res        bytes                   0.000 G          0.000 G          0.000 G
fs_metadata_writes                   res        bytes                   0.050 G          0.050 G          0.000 G

sum of physmem byte balances (excl. phys_footprint itself): 19.394 G
(entries reported: template 68, task 68)
=== ts_ms=1786402001169 pid=23286
task ledger 'Per-task ledger' id=6149018 entries=68 (pid 23286)

entry                                group      units                   balance           credit            debit
cpu_time                             sched      ns                   4826874332       4826874332                0
tkm_private                          physmem    bytes                   0.009 G          0.009 G          0.000 G
tkm_shared                           physmem    bytes                   0.000 G          0.000 G          0.000 G
phys_mem                             physmem    bytes                   8.967 G          8.967 G          0.000 G
wired_mem                            physmem    bytes                   0.000 G          0.000 G          0.000 G
internal                             physmem    bytes                   7.739 G         26.008 G         18.269 G
external                             physmem    bytes                   0.012 G          0.014 G          0.002 G
reusable                             physmem    bytes                   1.216 G         10.466 G          9.250 G
internal_compressed                  physmem    bytes                   1.437 G          7.870 G          6.433 G
iokit_mapped                         mappings   bytes                   0.000 G          0.000 G          0.000 G
alternate_accounting                 physmem    bytes                   0.000 G          0.000 G          0.000 G
alternate_accounting_compressed      physmem    bytes                   0.000 G          0.000 G          0.000 G
conclave_mem                         physmem    bytes                   0.000 G          0.000 G          0.000 G
phys_footprint                       physmem    bytes                   9.185 G         19.695 G         10.510 G
memorystatus_dirty_time              physmem    ns                            0                0                0
page_table                           physmem    bytes                   0.009 G          0.009 G          0.000 G
pages_grabbed                        physmem    count                   1963354          1963354                0
pages_grabbed_kern                   physmem    count                      6725             6725                0
pages_grabbed_iopl                   physmem    count                         0                0                0
pages_grabbed_upl                    physmem    count                    823677           823677                0
purgeable_volatile                   physmem    bytes                   0.000 G          0.000 G          0.000 G
purgeable_nonvolatile                physmem    bytes                   0.000 G          0.000 G          0.000 G
purgeable_volatile_compress          physmem    bytes                   0.000 G          0.000 G          0.000 G
purgeable_nonvolatile_compress       physmem    bytes                   0.000 G          0.000 G          0.000 G
tagged_nofootprint                   physmem    bytes                   0.000 G          0.000 G          0.000 G
tagged_footprint                     physmem    bytes                   0.000 G          0.000 G          0.000 G
tagged_nofootprint_compressed        physmem    bytes                   0.000 G          0.000 G          0.000 G
tagged_footprint_compressed          physmem    bytes                   0.000 G          0.000 G          0.000 G
network_volatile                     physmem    bytes                   0.000 G          0.000 G          0.000 G
network_nonvolatile                  physmem    bytes                   0.000 G          0.000 G          0.000 G
network_volatile_compressed          physmem    bytes                   0.000 G          0.000 G          0.000 G
network_nonvolatile_compressed       physmem    bytes                   0.000 G          0.000 G          0.000 G
media_nofootprint                    physmem    bytes                   0.000 G          0.000 G          0.000 G
media_footprint                      physmem    bytes                   0.000 G          0.000 G          0.000 G
media_nofootprint_compressed         physmem    bytes                   0.000 G          0.000 G          0.000 G
media_footprint_compressed           physmem    bytes                   0.000 G          0.000 G          0.000 G
graphics_nofootprint                 physmem    bytes                   0.000 G          0.000 G          0.000 G
graphics_footprint                   physmem    bytes                   0.000 G          0.000 G          0.000 G
graphics_nofootprint_compressed      physmem    bytes                   0.000 G          0.000 G          0.000 G
graphics_footprint_compressed        physmem    bytes                   0.000 G          0.000 G          0.000 G
neural_nofootprint                   physmem    bytes                   0.000 G          0.000 G          0.000 G
neural_footprint                     physmem    bytes                   0.000 G          0.000 G          0.000 G
neural_nofootprint_compressed        physmem    bytes                   0.000 G          0.000 G          0.000 G
neural_footprint_compressed          physmem    bytes                   0.000 G          0.000 G          0.000 G
neural_nofootprint_total             physmem    bytes                   0.000 G          0.000 G          0.000 G
swapins                              physmem    bytes                   0.006 G          0.006 G          0.000 G
est_reclaimable                      virtmem    bytes                   0.000 G          0.000 G          0.000 G
platform_idle_wakeups                power      count                      1719             1719                0
interrupt_wakeups                    power      count                    122095           122095                0
SFI_CLASS_APP_NAP                    sfi        MATUs                         0                0                0
SFI_CLASS_DARWIN_BG                  sfi        MATUs                         0                0                0
SFI_CLASS_DEFAULT                    sfi        MATUs                         0                0                0
SFI_CLASS_LEGACY                     sfi        MATUs                         0                0                0
SFI_CLASS_MAINTENANCE                sfi        MATUs                         0                0                0
SFI_CLASS_MANAGED                    sfi        MATUs                         0                0                0
SFI_CLASS_OPTED_OUT                  sfi        MATUs                         0                0                0
SFI_CLASS_USER_INITIATED             sfi        MATUs                         0                0                0
SFI_CLASS_USER_INTERACTIVE           sfi        MATUs                         0                0                0
SFI_CLASS_UTILITY                    sfi        MATUs                         0                0                0
SFI_CLASS_RUNAWAY_MITIGATION         sfi        MATUs                         0                0                0
cpu_time_billed_to_me                sched      ns                      2261521          2261521                0
cpu_time_billed_to_others            sched      ns                            0                0                0
energy_billed_to_me                  power      nj                      4507211          4507211                0
energy_billed_to_others              power      nj                            0                0                0
physical_writes                      res        bytes                   7.509 G          7.509 G          0.000 G
logical_writes                       res        bytes                   9.165 G          9.165 G          0.000 G
logical_writes_to_external           res        bytes                   0.000 G          0.000 G          0.000 G
fs_metadata_writes                   res        bytes                   0.050 G          0.050 G          0.000 G

sum of physmem byte balances (excl. phys_footprint itself): 19.395 G
(entries reported: template 68, task 68)
=== ts_ms=1786402011174 pid=23286
task ledger 'Per-task ledger' id=6149018 entries=68 (pid 23286)

entry                                group      units                   balance           credit            debit
cpu_time                             sched      ns                   4873088175       4873088175                0
tkm_private                          physmem    bytes                   0.009 G          0.009 G          0.000 G
tkm_shared                           physmem    bytes                   0.000 G          0.000 G          0.000 G
phys_mem                             physmem    bytes                   8.967 G          8.967 G          0.000 G
wired_mem                            physmem    bytes                   0.000 G          0.000 G          0.000 G
internal                             physmem    bytes                   7.739 G         26.010 G         18.271 G
external                             physmem    bytes                   0.012 G          0.014 G          0.002 G
reusable                             physmem    bytes                   1.216 G         10.466 G          9.250 G
internal_compressed                  physmem    bytes                   1.437 G          7.870 G          6.433 G
iokit_mapped                         mappings   bytes                   0.000 G          0.000 G          0.000 G
alternate_accounting                 physmem    bytes                   0.000 G          0.000 G          0.000 G
alternate_accounting_compressed      physmem    bytes                   0.000 G          0.000 G          0.000 G
conclave_mem                         physmem    bytes                   0.000 G          0.000 G          0.000 G
phys_footprint                       physmem    bytes                   9.185 G         19.697 G         10.512 G
memorystatus_dirty_time              physmem    ns                            0                0                0
page_table                           physmem    bytes                   0.009 G          0.009 G          0.000 G
pages_grabbed                        physmem    count                   1963493          1963493                0
pages_grabbed_kern                   physmem    count                      6725             6725                0
pages_grabbed_iopl                   physmem    count                         0                0                0
pages_grabbed_upl                    physmem    count                    823677           823677                0
purgeable_volatile                   physmem    bytes                   0.000 G          0.000 G          0.000 G
purgeable_nonvolatile                physmem    bytes                   0.000 G          0.000 G          0.000 G
purgeable_volatile_compress          physmem    bytes                   0.000 G          0.000 G          0.000 G
purgeable_nonvolatile_compress       physmem    bytes                   0.000 G          0.000 G          0.000 G
tagged_nofootprint                   physmem    bytes                   0.000 G          0.000 G          0.000 G
tagged_footprint                     physmem    bytes                   0.000 G          0.000 G          0.000 G
tagged_nofootprint_compressed        physmem    bytes                   0.000 G          0.000 G          0.000 G
tagged_footprint_compressed          physmem    bytes                   0.000 G          0.000 G          0.000 G
network_volatile                     physmem    bytes                   0.000 G          0.000 G          0.000 G
network_nonvolatile                  physmem    bytes                   0.000 G          0.000 G          0.000 G
network_volatile_compressed          physmem    bytes                   0.000 G          0.000 G          0.000 G
network_nonvolatile_compressed       physmem    bytes                   0.000 G          0.000 G          0.000 G
media_nofootprint                    physmem    bytes                   0.000 G          0.000 G          0.000 G
media_footprint                      physmem    bytes                   0.000 G          0.000 G          0.000 G
media_nofootprint_compressed         physmem    bytes                   0.000 G          0.000 G          0.000 G
media_footprint_compressed           physmem    bytes                   0.000 G          0.000 G          0.000 G
graphics_nofootprint                 physmem    bytes                   0.000 G          0.000 G          0.000 G
graphics_footprint                   physmem    bytes                   0.000 G          0.000 G          0.000 G
graphics_nofootprint_compressed      physmem    bytes                   0.000 G          0.000 G          0.000 G
graphics_footprint_compressed        physmem    bytes                   0.000 G          0.000 G          0.000 G
neural_nofootprint                   physmem    bytes                   0.000 G          0.000 G          0.000 G
neural_footprint                     physmem    bytes                   0.000 G          0.000 G          0.000 G
neural_nofootprint_compressed        physmem    bytes                   0.000 G          0.000 G          0.000 G
neural_footprint_compressed          physmem    bytes                   0.000 G          0.000 G          0.000 G
neural_nofootprint_total             physmem    bytes                   0.000 G          0.000 G          0.000 G
swapins                              physmem    bytes                   0.006 G          0.006 G          0.000 G
est_reclaimable                      virtmem    bytes                   0.000 G          0.000 G          0.000 G
platform_idle_wakeups                power      count                      1719             1719                0
interrupt_wakeups                    power      count                    123475           123475                0
SFI_CLASS_APP_NAP                    sfi        MATUs                         0                0                0
SFI_CLASS_DARWIN_BG                  sfi        MATUs                         0                0                0
SFI_CLASS_DEFAULT                    sfi        MATUs                         0                0                0
SFI_CLASS_LEGACY                     sfi        MATUs                         0                0                0
SFI_CLASS_MAINTENANCE                sfi        MATUs                         0                0                0
SFI_CLASS_MANAGED                    sfi        MATUs                         0                0                0
SFI_CLASS_OPTED_OUT                  sfi        MATUs                         0                0                0
SFI_CLASS_USER_INITIATED             sfi        MATUs                         0                0                0
SFI_CLASS_USER_INTERACTIVE           sfi        MATUs                         0                0                0
SFI_CLASS_UTILITY                    sfi        MATUs                         0                0                0
SFI_CLASS_RUNAWAY_MITIGATION         sfi        MATUs                         0                0                0
cpu_time_billed_to_me                sched      ns                      2324122          2324122                0
cpu_time_billed_to_others            sched      ns                            0                0                0
energy_billed_to_me                  power      nj                      4507211          4507211                0
energy_billed_to_others              power      nj                            0                0                0
physical_writes                      res        bytes                   7.509 G          7.509 G          0.000 G
logical_writes                       res        bytes                   9.165 G          9.165 G          0.000 G
logical_writes_to_external           res        bytes                   0.000 G          0.000 G          0.000 G
fs_metadata_writes                   res        bytes                   0.050 G          0.050 G          0.000 G

sum of physmem byte balances (excl. phys_footprint itself): 19.395 G
(entries reported: template 68, task 68)
=== ts_ms=1786402021193 pid=23286
task ledger 'Per-task ledger' id=6149018 entries=68 (pid 23286)

entry                                group      units                   balance           credit            debit
cpu_time                             sched      ns                   4920908076       4920908076                0
tkm_private                          physmem    bytes                   0.009 G          0.009 G          0.000 G
tkm_shared                           physmem    bytes                   0.000 G          0.000 G          0.000 G
phys_mem                             physmem    bytes                   8.967 G          8.967 G          0.000 G
wired_mem                            physmem    bytes                   0.000 G          0.000 G          0.000 G
internal                             physmem    bytes                   7.739 G         26.012 G         18.272 G
external                             physmem    bytes                   0.012 G          0.014 G          0.002 G
reusable                             physmem    bytes                   1.216 G         10.466 G          9.250 G
internal_compressed                  physmem    bytes                   1.437 G          7.870 G          6.433 G
iokit_mapped                         mappings   bytes                   0.000 G          0.000 G          0.000 G
alternate_accounting                 physmem    bytes                   0.000 G          0.000 G          0.000 G
alternate_accounting_compressed      physmem    bytes                   0.000 G          0.000 G          0.000 G
conclave_mem                         physmem    bytes                   0.000 G          0.000 G          0.000 G
phys_footprint                       physmem    bytes                   9.185 G         19.699 G         10.513 G
memorystatus_dirty_time              physmem    ns                            0                0                0
page_table                           physmem    bytes                   0.009 G          0.009 G          0.000 G
pages_grabbed                        physmem    count                   1963589          1963589                0
pages_grabbed_kern                   physmem    count                      6725             6725                0
pages_grabbed_iopl                   physmem    count                         0                0                0
pages_grabbed_upl                    physmem    count                    823677           823677                0
purgeable_volatile                   physmem    bytes                   0.000 G          0.000 G          0.000 G
purgeable_nonvolatile                physmem    bytes                   0.000 G          0.000 G          0.000 G
purgeable_volatile_compress          physmem    bytes                   0.000 G          0.000 G          0.000 G
purgeable_nonvolatile_compress       physmem    bytes                   0.000 G          0.000 G          0.000 G
tagged_nofootprint                   physmem    bytes                   0.000 G          0.000 G          0.000 G
tagged_footprint                     physmem    bytes                   0.000 G          0.000 G          0.000 G
tagged_nofootprint_compressed        physmem    bytes                   0.000 G          0.000 G          0.000 G
tagged_footprint_compressed          physmem    bytes                   0.000 G          0.000 G          0.000 G
network_volatile                     physmem    bytes                   0.000 G          0.000 G          0.000 G
network_nonvolatile                  physmem    bytes                   0.000 G          0.000 G          0.000 G
network_volatile_compressed          physmem    bytes                   0.000 G          0.000 G          0.000 G
network_nonvolatile_compressed       physmem    bytes                   0.000 G          0.000 G          0.000 G
media_nofootprint                    physmem    bytes                   0.000 G          0.000 G          0.000 G
media_footprint                      physmem    bytes                   0.000 G          0.000 G          0.000 G
media_nofootprint_compressed         physmem    bytes                   0.000 G          0.000 G          0.000 G
media_footprint_compressed           physmem    bytes                   0.000 G          0.000 G          0.000 G
graphics_nofootprint                 physmem    bytes                   0.000 G          0.000 G          0.000 G
graphics_footprint                   physmem    bytes                   0.000 G          0.000 G          0.000 G
graphics_nofootprint_compressed      physmem    bytes                   0.000 G          0.000 G          0.000 G
graphics_footprint_compressed        physmem    bytes                   0.000 G          0.000 G          0.000 G
neural_nofootprint                   physmem    bytes                   0.000 G          0.000 G          0.000 G
neural_footprint                     physmem    bytes                   0.000 G          0.000 G          0.000 G
neural_nofootprint_compressed        physmem    bytes                   0.000 G          0.000 G          0.000 G
neural_footprint_compressed          physmem    bytes                   0.000 G          0.000 G          0.000 G
neural_nofootprint_total             physmem    bytes                   0.000 G          0.000 G          0.000 G
swapins                              physmem    bytes                   0.006 G          0.006 G          0.000 G
est_reclaimable                      virtmem    bytes                   0.000 G          0.000 G          0.000 G
platform_idle_wakeups                power      count                      1730             1730                0
interrupt_wakeups                    power      count                    124806           124806                0
SFI_CLASS_APP_NAP                    sfi        MATUs                         0                0                0
SFI_CLASS_DARWIN_BG                  sfi        MATUs                         0                0                0
SFI_CLASS_DEFAULT                    sfi        MATUs                         0                0                0
SFI_CLASS_LEGACY                     sfi        MATUs                         0                0                0
SFI_CLASS_MAINTENANCE                sfi        MATUs                         0                0                0
SFI_CLASS_MANAGED                    sfi        MATUs                         0                0                0
SFI_CLASS_OPTED_OUT                  sfi        MATUs                         0                0                0
SFI_CLASS_USER_INITIATED             sfi        MATUs                         0                0                0
SFI_CLASS_USER_INTERACTIVE           sfi        MATUs                         0                0                0
SFI_CLASS_UTILITY                    sfi        MATUs                         0                0                0
SFI_CLASS_RUNAWAY_MITIGATION         sfi        MATUs                         0                0                0
cpu_time_billed_to_me                sched      ns                      2324122          2324122                0
cpu_time_billed_to_others            sched      ns                            0                0                0
energy_billed_to_me                  power      nj                      4507211          4507211                0
energy_billed_to_others              power      nj                            0                0                0
physical_writes                      res        bytes                   7.509 G          7.509 G          0.000 G
logical_writes                       res        bytes                   9.165 G          9.165 G          0.000 G
logical_writes_to_external           res        bytes                   0.000 G          0.000 G          0.000 G
fs_metadata_writes                   res        bytes                   0.050 G          0.050 G          0.000 G

sum of physmem byte balances (excl. phys_footprint itself): 19.395 G
(entries reported: template 68, task 68)
=== ts_ms=1786402031389 pid=23286
task ledger 'Per-task ledger' id=6149018 entries=68 (pid 23286)

entry                                group      units                   balance           credit            debit
cpu_time                             sched      ns                   4966923841       4966923841                0
tkm_private                          physmem    bytes                   0.009 G          0.009 G          0.000 G
tkm_shared                           physmem    bytes                   0.000 G          0.000 G          0.000 G
phys_mem                             physmem    bytes                   8.968 G          8.968 G          0.000 G
wired_mem                            physmem    bytes                   0.000 G          0.000 G          0.000 G
internal                             physmem    bytes                   7.740 G         26.014 G         18.274 G
external                             physmem    bytes                   0.012 G          0.014 G          0.002 G
reusable                             physmem    bytes                   1.216 G         10.466 G          9.250 G
internal_compressed                  physmem    bytes                   1.437 G          7.870 G          6.433 G
iokit_mapped                         mappings   bytes                   0.000 G          0.000 G          0.000 G
alternate_accounting                 physmem    bytes                   0.000 G          0.000 G          0.000 G
alternate_accounting_compressed      physmem    bytes                   0.000 G          0.000 G          0.000 G
conclave_mem                         physmem    bytes                   0.000 G          0.000 G          0.000 G
phys_footprint                       physmem    bytes                   9.185 G         19.701 G         10.515 G
memorystatus_dirty_time              physmem    ns                            0                0                0
page_table                           physmem    bytes                   0.009 G          0.009 G          0.000 G
pages_grabbed                        physmem    count                   1963748          1963748                0
pages_grabbed_kern                   physmem    count                      6741             6741                0
pages_grabbed_iopl                   physmem    count                         0                0                0
pages_grabbed_upl                    physmem    count                    823677           823677                0
purgeable_volatile                   physmem    bytes                   0.000 G          0.000 G          0.000 G
purgeable_nonvolatile                physmem    bytes                   0.000 G          0.000 G          0.000 G
purgeable_volatile_compress          physmem    bytes                   0.000 G          0.000 G          0.000 G
purgeable_nonvolatile_compress       physmem    bytes                   0.000 G          0.000 G          0.000 G
tagged_nofootprint                   physmem    bytes                   0.000 G          0.000 G          0.000 G
tagged_footprint                     physmem    bytes                   0.000 G          0.000 G          0.000 G
tagged_nofootprint_compressed        physmem    bytes                   0.000 G          0.000 G          0.000 G
tagged_footprint_compressed          physmem    bytes                   0.000 G          0.000 G          0.000 G
network_volatile                     physmem    bytes                   0.000 G          0.000 G          0.000 G
network_nonvolatile                  physmem    bytes                   0.000 G          0.000 G          0.000 G
network_volatile_compressed          physmem    bytes                   0.000 G          0.000 G          0.000 G
network_nonvolatile_compressed       physmem    bytes                   0.000 G          0.000 G          0.000 G
media_nofootprint                    physmem    bytes                   0.000 G          0.000 G          0.000 G
media_footprint                      physmem    bytes                   0.000 G          0.000 G          0.000 G
media_nofootprint_compressed         physmem    bytes                   0.000 G          0.000 G          0.000 G
media_footprint_compressed           physmem    bytes                   0.000 G          0.000 G          0.000 G
graphics_nofootprint                 physmem    bytes                   0.000 G          0.000 G          0.000 G
graphics_footprint                   physmem    bytes                   0.000 G          0.000 G          0.000 G
graphics_nofootprint_compressed      physmem    bytes                   0.000 G          0.000 G          0.000 G
graphics_footprint_compressed        physmem    bytes                   0.000 G          0.000 G          0.000 G
neural_nofootprint                   physmem    bytes                   0.000 G          0.000 G          0.000 G
neural_footprint                     physmem    bytes                   0.000 G          0.000 G          0.000 G
neural_nofootprint_compressed        physmem    bytes                   0.000 G          0.000 G          0.000 G
neural_footprint_compressed          physmem    bytes                   0.000 G          0.000 G          0.000 G
neural_nofootprint_total             physmem    bytes                   0.000 G          0.000 G          0.000 G
swapins                              physmem    bytes                   0.006 G          0.006 G          0.000 G
est_reclaimable                      virtmem    bytes                   0.000 G          0.000 G          0.000 G
platform_idle_wakeups                power      count                      1740             1740                0
interrupt_wakeups                    power      count                    126178           126178                0
SFI_CLASS_APP_NAP                    sfi        MATUs                         0                0                0
SFI_CLASS_DARWIN_BG                  sfi        MATUs                         0                0                0
SFI_CLASS_DEFAULT                    sfi        MATUs                         0                0                0
SFI_CLASS_LEGACY                     sfi        MATUs                         0                0                0
SFI_CLASS_MAINTENANCE                sfi        MATUs                         0                0                0
SFI_CLASS_MANAGED                    sfi        MATUs                         0                0                0
SFI_CLASS_OPTED_OUT                  sfi        MATUs                         0                0                0
SFI_CLASS_USER_INITIATED             sfi        MATUs                         0                0                0
SFI_CLASS_USER_INTERACTIVE           sfi        MATUs                         0                0                0
SFI_CLASS_UTILITY                    sfi        MATUs                         0                0                0
SFI_CLASS_RUNAWAY_MITIGATION         sfi        MATUs                         0                0                0
cpu_time_billed_to_me                sched      ns                      2417305          2417305                0
cpu_time_billed_to_others            sched      ns                            0                0                0
energy_billed_to_me                  power      nj                      4514751          4514751                0
energy_billed_to_others              power      nj                            0                0                0
physical_writes                      res        bytes                   7.509 G          7.509 G          0.000 G
logical_writes                       res        bytes                   9.165 G          9.165 G          0.000 G
logical_writes_to_external           res        bytes                   0.000 G          0.000 G          0.000 G
fs_metadata_writes                   res        bytes                   0.050 G          0.050 G          0.000 G

sum of physmem byte balances (excl. phys_footprint itself): 19.396 G
(entries reported: template 68, task 68)
=== ts_ms=1786402041582 pid=23286
task ledger 'Per-task ledger' id=6149018 entries=68 (pid 23286)

entry                                group      units                   balance           credit            debit
cpu_time                             sched      ns                   5011849878       5011849878                0
tkm_private                          physmem    bytes                   0.009 G          0.009 G          0.000 G
tkm_shared                           physmem    bytes                   0.000 G          0.000 G          0.000 G
phys_mem                             physmem    bytes                   8.968 G          8.968 G          0.000 G
wired_mem                            physmem    bytes                   0.000 G          0.000 G          0.000 G
internal                             physmem    bytes                   7.740 G         26.016 G         18.276 G
external                             physmem    bytes                   0.012 G          0.014 G          0.002 G
reusable                             physmem    bytes                   1.216 G         10.466 G          9.250 G
internal_compressed                  physmem    bytes                   1.436 G          7.870 G          6.434 G
iokit_mapped                         mappings   bytes                   0.000 G          0.000 G          0.000 G
alternate_accounting                 physmem    bytes                   0.000 G          0.000 G          0.000 G
alternate_accounting_compressed      physmem    bytes                   0.000 G          0.000 G          0.000 G
conclave_mem                         physmem    bytes                   0.000 G          0.000 G          0.000 G
phys_footprint                       physmem    bytes                   9.185 G         19.702 G         10.517 G
memorystatus_dirty_time              physmem    ns                            0                0                0
page_table                           physmem    bytes                   0.009 G          0.009 G          0.000 G
pages_grabbed                        physmem    count                   1963913          1963913                0
pages_grabbed_kern                   physmem    count                      6769             6769                0
pages_grabbed_iopl                   physmem    count                         0                0                0
pages_grabbed_upl                    physmem    count                    823677           823677                0
purgeable_volatile                   physmem    bytes                   0.000 G          0.000 G          0.000 G
purgeable_nonvolatile                physmem    bytes                   0.000 G          0.000 G          0.000 G
purgeable_volatile_compress          physmem    bytes                   0.000 G          0.000 G          0.000 G
purgeable_nonvolatile_compress       physmem    bytes                   0.000 G          0.000 G          0.000 G
tagged_nofootprint                   physmem    bytes                   0.000 G          0.000 G          0.000 G
tagged_footprint                     physmem    bytes                   0.000 G          0.000 G          0.000 G
tagged_nofootprint_compressed        physmem    bytes                   0.000 G          0.000 G          0.000 G
tagged_footprint_compressed          physmem    bytes                   0.000 G          0.000 G          0.000 G
network_volatile                     physmem    bytes                   0.000 G          0.000 G          0.000 G
network_nonvolatile                  physmem    bytes                   0.000 G          0.000 G          0.000 G
network_volatile_compressed          physmem    bytes                   0.000 G          0.000 G          0.000 G
network_nonvolatile_compressed       physmem    bytes                   0.000 G          0.000 G          0.000 G
media_nofootprint                    physmem    bytes                   0.000 G          0.000 G          0.000 G
media_footprint                      physmem    bytes                   0.000 G          0.000 G          0.000 G
media_nofootprint_compressed         physmem    bytes                   0.000 G          0.000 G          0.000 G
media_footprint_compressed           physmem    bytes                   0.000 G          0.000 G          0.000 G
graphics_nofootprint                 physmem    bytes                   0.000 G          0.000 G          0.000 G
graphics_footprint                   physmem    bytes                   0.000 G          0.000 G          0.000 G
graphics_nofootprint_compressed      physmem    bytes                   0.000 G          0.000 G          0.000 G
graphics_footprint_compressed        physmem    bytes                   0.000 G          0.000 G          0.000 G
neural_nofootprint                   physmem    bytes                   0.000 G          0.000 G          0.000 G
neural_footprint                     physmem    bytes                   0.000 G          0.000 G          0.000 G
neural_nofootprint_compressed        physmem    bytes                   0.000 G          0.000 G          0.000 G
neural_footprint_compressed          physmem    bytes                   0.000 G          0.000 G          0.000 G
neural_nofootprint_total             physmem    bytes                   0.000 G          0.000 G          0.000 G
swapins                              physmem    bytes                   0.006 G          0.006 G          0.000 G
est_reclaimable                      virtmem    bytes                   0.000 G          0.000 G          0.000 G
platform_idle_wakeups                power      count                      1746             1746                0
interrupt_wakeups                    power      count                    127511           127511                0
SFI_CLASS_APP_NAP                    sfi        MATUs                         0                0                0
SFI_CLASS_DARWIN_BG                  sfi        MATUs                         0                0                0
SFI_CLASS_DEFAULT                    sfi        MATUs                         0                0                0
SFI_CLASS_LEGACY                     sfi        MATUs                         0                0                0
SFI_CLASS_MAINTENANCE                sfi        MATUs                         0                0                0
SFI_CLASS_MANAGED                    sfi        MATUs                         0                0                0
SFI_CLASS_OPTED_OUT                  sfi        MATUs                         0                0                0
SFI_CLASS_USER_INITIATED             sfi        MATUs                         0                0                0
SFI_CLASS_USER_INTERACTIVE           sfi        MATUs                         0                0                0
SFI_CLASS_UTILITY                    sfi        MATUs                         0                0                0
SFI_CLASS_RUNAWAY_MITIGATION         sfi        MATUs                         0                0                0
cpu_time_billed_to_me                sched      ns                      2417305          2417305                0
cpu_time_billed_to_others            sched      ns                            0                0                0
energy_billed_to_me                  power      nj                      4514751          4514751                0
energy_billed_to_others              power      nj                            0                0                0
physical_writes                      res        bytes                   7.509 G          7.509 G          0.000 G
logical_writes                       res        bytes                   9.165 G          9.165 G          0.000 G
logical_writes_to_external           res        bytes                   0.000 G          0.000 G          0.000 G
fs_metadata_writes                   res        bytes                   0.050 G          0.050 G          0.000 G

sum of physmem byte balances (excl. phys_footprint itself): 19.396 G
(entries reported: template 68, task 68)
=== ts_ms=1786402051588 pid=23286
task ledger 'Per-task ledger' id=6149018 entries=68 (pid 23286)

entry                                group      units                   balance           credit            debit
cpu_time                             sched      ns                   5059115009       5059115009                0
tkm_private                          physmem    bytes                   0.009 G          0.009 G          0.000 G
tkm_shared                           physmem    bytes                   0.000 G          0.000 G          0.000 G
phys_mem                             physmem    bytes                   8.968 G          8.968 G          0.000 G
wired_mem                            physmem    bytes                   0.000 G          0.000 G          0.000 G
internal                             physmem    bytes                   7.740 G         26.017 G         18.277 G
external                             physmem    bytes                   0.012 G          0.014 G          0.002 G
reusable                             physmem    bytes                   1.216 G         10.466 G          9.250 G
internal_compressed                  physmem    bytes                   1.436 G          7.870 G          6.434 G
iokit_mapped                         mappings   bytes                   0.000 G          0.000 G          0.000 G
alternate_accounting                 physmem    bytes                   0.000 G          0.000 G          0.000 G
alternate_accounting_compressed      physmem    bytes                   0.000 G          0.000 G          0.000 G
conclave_mem                         physmem    bytes                   0.000 G          0.000 G          0.000 G
phys_footprint                       physmem    bytes                   9.185 G         19.704 G         10.518 G
memorystatus_dirty_time              physmem    ns                            0                0                0
page_table                           physmem    bytes                   0.009 G          0.009 G          0.000 G
pages_grabbed                        physmem    count                   1964010          1964010                0
pages_grabbed_kern                   physmem    count                      6769             6769                0
pages_grabbed_iopl                   physmem    count                         0                0                0
pages_grabbed_upl                    physmem    count                    823677           823677                0
purgeable_volatile                   physmem    bytes                   0.000 G          0.000 G          0.000 G
purgeable_nonvolatile                physmem    bytes                   0.000 G          0.000 G          0.000 G
purgeable_volatile_compress          physmem    bytes                   0.000 G          0.000 G          0.000 G
purgeable_nonvolatile_compress       physmem    bytes                   0.000 G          0.000 G          0.000 G
tagged_nofootprint                   physmem    bytes                   0.000 G          0.000 G          0.000 G
tagged_footprint                     physmem    bytes                   0.000 G          0.000 G          0.000 G
tagged_nofootprint_compressed        physmem    bytes                   0.000 G          0.000 G          0.000 G
tagged_footprint_compressed          physmem    bytes                   0.000 G          0.000 G          0.000 G
network_volatile                     physmem    bytes                   0.000 G          0.000 G          0.000 G
network_nonvolatile                  physmem    bytes                   0.000 G          0.000 G          0.000 G
network_volatile_compressed          physmem    bytes                   0.000 G          0.000 G          0.000 G
network_nonvolatile_compressed       physmem    bytes                   0.000 G          0.000 G          0.000 G
media_nofootprint                    physmem    bytes                   0.000 G          0.000 G          0.000 G
media_footprint                      physmem    bytes                   0.000 G          0.000 G          0.000 G
media_nofootprint_compressed         physmem    bytes                   0.000 G          0.000 G          0.000 G
media_footprint_compressed           physmem    bytes                   0.000 G          0.000 G          0.000 G
graphics_nofootprint                 physmem    bytes                   0.000 G          0.000 G          0.000 G
graphics_footprint                   physmem    bytes                   0.000 G          0.000 G          0.000 G
graphics_nofootprint_compressed      physmem    bytes                   0.000 G          0.000 G          0.000 G
graphics_footprint_compressed        physmem    bytes                   0.000 G          0.000 G          0.000 G
neural_nofootprint                   physmem    bytes                   0.000 G          0.000 G          0.000 G
neural_footprint                     physmem    bytes                   0.000 G          0.000 G          0.000 G
neural_nofootprint_compressed        physmem    bytes                   0.000 G          0.000 G          0.000 G
neural_footprint_compressed          physmem    bytes                   0.000 G          0.000 G          0.000 G
neural_nofootprint_total             physmem    bytes                   0.000 G          0.000 G          0.000 G
swapins                              physmem    bytes                   0.006 G          0.006 G          0.000 G
est_reclaimable                      virtmem    bytes                   0.000 G          0.000 G          0.000 G
platform_idle_wakeups                power      count                      1751             1751                0
interrupt_wakeups                    power      count                    128876           128876                0
SFI_CLASS_APP_NAP                    sfi        MATUs                         0                0                0
SFI_CLASS_DARWIN_BG                  sfi        MATUs                         0                0                0
SFI_CLASS_DEFAULT                    sfi        MATUs                         0                0                0
SFI_CLASS_LEGACY                     sfi        MATUs                         0                0                0
SFI_CLASS_MAINTENANCE                sfi        MATUs                         0                0                0
SFI_CLASS_MANAGED                    sfi        MATUs                         0                0                0
SFI_CLASS_OPTED_OUT                  sfi        MATUs                         0                0                0
SFI_CLASS_USER_INITIATED             sfi        MATUs                         0                0                0
SFI_CLASS_USER_INTERACTIVE           sfi        MATUs                         0                0                0
SFI_CLASS_UTILITY                    sfi        MATUs                         0                0                0
SFI_CLASS_RUNAWAY_MITIGATION         sfi        MATUs                         0                0                0
cpu_time_billed_to_me                sched      ns                      2417305          2417305                0
cpu_time_billed_to_others            sched      ns                            0                0                0
energy_billed_to_me                  power      nj                      4514751          4514751                0
energy_billed_to_others              power      nj                            0                0                0
physical_writes                      res        bytes                   7.509 G          7.509 G          0.000 G
logical_writes                       res        bytes                   9.165 G          9.165 G          0.000 G
logical_writes_to_external           res        bytes                   0.000 G          0.000 G          0.000 G
fs_metadata_writes                   res        bytes                   0.050 G          0.050 G          0.000 G

sum of physmem byte balances (excl. phys_footprint itself): 19.396 G
(entries reported: template 68, task 68)
=== ts_ms=1786402061605 pid=23286
task ledger 'Per-task ledger' id=6149018 entries=68 (pid 23286)

entry                                group      units                   balance           credit            debit
cpu_time                             sched      ns                   5104206260       5104206260                0
tkm_private                          physmem    bytes                   0.009 G          0.009 G          0.000 G
tkm_shared                           physmem    bytes                   0.000 G          0.000 G          0.000 G
phys_mem                             physmem    bytes                   8.967 G          8.967 G          0.000 G
wired_mem                            physmem    bytes                   0.000 G          0.000 G          0.000 G
internal                             physmem    bytes                   7.787 G         26.067 G         18.280 G
external                             physmem    bytes                   0.012 G          0.014 G          0.002 G
reusable                             physmem    bytes                   1.169 G         10.466 G          9.298 G
internal_compressed                  physmem    bytes                   1.437 G          7.871 G          6.434 G
iokit_mapped                         mappings   bytes                   0.000 G          0.000 G          0.000 G
alternate_accounting                 physmem    bytes                   0.000 G          0.000 G          0.000 G
alternate_accounting_compressed      physmem    bytes                   0.000 G          0.000 G          0.000 G
conclave_mem                         physmem    bytes                   0.000 G          0.000 G          0.000 G
phys_footprint                       physmem    bytes                   9.233 G         19.753 G         10.520 G
memorystatus_dirty_time              physmem    ns                            0                0                0
page_table                           physmem    bytes                   0.009 G          0.009 G          0.000 G
pages_grabbed                        physmem    count                   1964179          1964179                0
pages_grabbed_kern                   physmem    count                      6797             6797                0
pages_grabbed_iopl                   physmem    count                         0                0                0
pages_grabbed_upl                    physmem    count                    823677           823677                0
purgeable_volatile                   physmem    bytes                   0.000 G          0.000 G          0.000 G
purgeable_nonvolatile                physmem    bytes                   0.000 G          0.000 G          0.000 G
purgeable_volatile_compress          physmem    bytes                   0.000 G          0.000 G          0.000 G
purgeable_nonvolatile_compress       physmem    bytes                   0.000 G          0.000 G          0.000 G
tagged_nofootprint                   physmem    bytes                   0.000 G          0.000 G          0.000 G
tagged_footprint                     physmem    bytes                   0.000 G          0.000 G          0.000 G
tagged_nofootprint_compressed        physmem    bytes                   0.000 G          0.000 G          0.000 G
tagged_footprint_compressed          physmem    bytes                   0.000 G          0.000 G          0.000 G
network_volatile                     physmem    bytes                   0.000 G          0.000 G          0.000 G
network_nonvolatile                  physmem    bytes                   0.000 G          0.000 G          0.000 G
network_volatile_compressed          physmem    bytes                   0.000 G          0.000 G          0.000 G
network_nonvolatile_compressed       physmem    bytes                   0.000 G          0.000 G          0.000 G
media_nofootprint                    physmem    bytes                   0.000 G          0.000 G          0.000 G
media_footprint                      physmem    bytes                   0.000 G          0.000 G          0.000 G
media_nofootprint_compressed         physmem    bytes                   0.000 G          0.000 G          0.000 G
media_footprint_compressed           physmem    bytes                   0.000 G          0.000 G          0.000 G
graphics_nofootprint                 physmem    bytes                   0.000 G          0.000 G          0.000 G
graphics_footprint                   physmem    bytes                   0.000 G          0.000 G          0.000 G
graphics_nofootprint_compressed      physmem    bytes                   0.000 G          0.000 G          0.000 G
graphics_footprint_compressed        physmem    bytes                   0.000 G          0.000 G          0.000 G
neural_nofootprint                   physmem    bytes                   0.000 G          0.000 G          0.000 G
neural_footprint                     physmem    bytes                   0.000 G          0.000 G          0.000 G
neural_nofootprint_compressed        physmem    bytes                   0.000 G          0.000 G          0.000 G
neural_footprint_compressed          physmem    bytes                   0.000 G          0.000 G          0.000 G
neural_nofootprint_total             physmem    bytes                   0.000 G          0.000 G          0.000 G
swapins                              physmem    bytes                   0.006 G          0.006 G          0.000 G
est_reclaimable                      virtmem    bytes                   0.000 G          0.000 G          0.000 G
platform_idle_wakeups                power      count                      1755             1755                0
interrupt_wakeups                    power      count                    130225           130225                0
SFI_CLASS_APP_NAP                    sfi        MATUs                         0                0                0
SFI_CLASS_DARWIN_BG                  sfi        MATUs                         0                0                0
SFI_CLASS_DEFAULT                    sfi        MATUs                         0                0                0
SFI_CLASS_LEGACY                     sfi        MATUs                         0                0                0
SFI_CLASS_MAINTENANCE                sfi        MATUs                         0                0                0
SFI_CLASS_MANAGED                    sfi        MATUs                         0                0                0
SFI_CLASS_OPTED_OUT                  sfi        MATUs                         0                0                0
SFI_CLASS_USER_INITIATED             sfi        MATUs                         0                0                0
SFI_CLASS_USER_INTERACTIVE           sfi        MATUs                         0                0                0
SFI_CLASS_UTILITY                    sfi        MATUs                         0                0                0
SFI_CLASS_RUNAWAY_MITIGATION         sfi        MATUs                         0                0                0
cpu_time_billed_to_me                sched      ns                      2455538          2455538                0
cpu_time_billed_to_others            sched      ns                            0                0                0
energy_billed_to_me                  power      nj                      4514751          4514751                0
energy_billed_to_others              power      nj                            0                0                0
physical_writes                      res        bytes                   7.509 G          7.509 G          0.000 G
logical_writes                       res        bytes                   9.165 G          9.165 G          0.000 G
logical_writes_to_external           res        bytes                   0.000 G          0.000 G          0.000 G
fs_metadata_writes                   res        bytes                   0.050 G          0.050 G          0.000 G

sum of physmem byte balances (excl. phys_footprint itself): 19.396 G
(entries reported: template 68, task 68)
=== ts_ms=1786402071631 pid=23286
task ledger 'Per-task ledger' id=6149018 entries=68 (pid 23286)

entry                                group      units                   balance           credit            debit
cpu_time                             sched      ns                   5147190105       5147190105                0
tkm_private                          physmem    bytes                   0.009 G          0.009 G          0.000 G
tkm_shared                           physmem    bytes                   0.000 G          0.000 G          0.000 G
phys_mem                             physmem    bytes                   8.968 G          8.968 G          0.000 G
wired_mem                            physmem    bytes                   0.000 G          0.000 G          0.000 G
internal                             physmem    bytes                   7.787 G         26.069 G         18.282 G
external                             physmem    bytes                   0.012 G          0.014 G          0.002 G
reusable                             physmem    bytes                   1.169 G         10.466 G          9.298 G
internal_compressed                  physmem    bytes                   1.437 G          7.871 G          6.435 G
iokit_mapped                         mappings   bytes                   0.000 G          0.000 G          0.000 G
alternate_accounting                 physmem    bytes                   0.000 G          0.000 G          0.000 G
alternate_accounting_compressed      physmem    bytes                   0.000 G          0.000 G          0.000 G
conclave_mem                         physmem    bytes                   0.000 G          0.000 G          0.000 G
phys_footprint                       physmem    bytes                   9.233 G         19.754 G         10.521 G
memorystatus_dirty_time              physmem    ns                            0                0                0
page_table                           physmem    bytes                   0.009 G          0.009 G          0.000 G
pages_grabbed                        physmem    count                   1964382          1964382                0
pages_grabbed_kern                   physmem    count                      6849             6849                0
pages_grabbed_iopl                   physmem    count                         0                0                0
pages_grabbed_upl                    physmem    count                    823677           823677                0
purgeable_volatile                   physmem    bytes                   0.000 G          0.000 G          0.000 G
purgeable_nonvolatile                physmem    bytes                   0.000 G          0.000 G          0.000 G
purgeable_volatile_compress          physmem    bytes                   0.000 G          0.000 G          0.000 G
purgeable_nonvolatile_compress       physmem    bytes                   0.000 G          0.000 G          0.000 G
tagged_nofootprint                   physmem    bytes                   0.000 G          0.000 G          0.000 G
tagged_footprint                     physmem    bytes                   0.000 G          0.000 G          0.000 G
tagged_nofootprint_compressed        physmem    bytes                   0.000 G          0.000 G          0.000 G
tagged_footprint_compressed          physmem    bytes                   0.000 G          0.000 G          0.000 G
network_volatile                     physmem    bytes                   0.000 G          0.000 G          0.000 G
network_nonvolatile                  physmem    bytes                   0.000 G          0.000 G          0.000 G
network_volatile_compressed          physmem    bytes                   0.000 G          0.000 G          0.000 G
network_nonvolatile_compressed       physmem    bytes                   0.000 G          0.000 G          0.000 G
media_nofootprint                    physmem    bytes                   0.000 G          0.000 G          0.000 G
media_footprint                      physmem    bytes                   0.000 G          0.000 G          0.000 G
media_nofootprint_compressed         physmem    bytes                   0.000 G          0.000 G          0.000 G
media_footprint_compressed           physmem    bytes                   0.000 G          0.000 G          0.000 G
graphics_nofootprint                 physmem    bytes                   0.000 G          0.000 G          0.000 G
graphics_footprint                   physmem    bytes                   0.000 G          0.000 G          0.000 G
graphics_nofootprint_compressed      physmem    bytes                   0.000 G          0.000 G          0.000 G
graphics_footprint_compressed        physmem    bytes                   0.000 G          0.000 G          0.000 G
neural_nofootprint                   physmem    bytes                   0.000 G          0.000 G          0.000 G
neural_footprint                     physmem    bytes                   0.000 G          0.000 G          0.000 G
neural_nofootprint_compressed        physmem    bytes                   0.000 G          0.000 G          0.000 G
neural_footprint_compressed          physmem    bytes                   0.000 G          0.000 G          0.000 G
neural_nofootprint_total             physmem    bytes                   0.000 G          0.000 G          0.000 G
swapins                              physmem    bytes                   0.007 G          0.007 G          0.000 G
est_reclaimable                      virtmem    bytes                   0.000 G          0.000 G          0.000 G
platform_idle_wakeups                power      count                      1782             1782                0
interrupt_wakeups                    power      count                    131499           131499                0
SFI_CLASS_APP_NAP                    sfi        MATUs                         0                0                0
SFI_CLASS_DARWIN_BG                  sfi        MATUs                         0                0                0
SFI_CLASS_DEFAULT                    sfi        MATUs                         0                0                0
SFI_CLASS_LEGACY                     sfi        MATUs                         0                0                0
SFI_CLASS_MAINTENANCE                sfi        MATUs                         0                0                0
SFI_CLASS_MANAGED                    sfi        MATUs                         0                0                0
SFI_CLASS_OPTED_OUT                  sfi        MATUs                         0                0                0
SFI_CLASS_USER_INITIATED             sfi        MATUs                         0                0                0
SFI_CLASS_USER_INTERACTIVE           sfi        MATUs                         0                0                0
SFI_CLASS_UTILITY                    sfi        MATUs                         0                0                0
SFI_CLASS_RUNAWAY_MITIGATION         sfi        MATUs                         0                0                0
cpu_time_billed_to_me                sched      ns                      2455538          2455538                0
cpu_time_billed_to_others            sched      ns                            0                0                0
energy_billed_to_me                  power      nj                      4514751          4514751                0
energy_billed_to_others              power      nj                            0                0                0
physical_writes                      res        bytes                   7.509 G          7.509 G          0.000 G
logical_writes                       res        bytes                   9.165 G          9.165 G          0.000 G
logical_writes_to_external           res        bytes                   0.000 G          0.000 G          0.000 G
fs_metadata_writes                   res        bytes                   0.050 G          0.050 G          0.000 G

sum of physmem byte balances (excl. phys_footprint itself): 19.397 G
(entries reported: template 68, task 68)
=== ts_ms=1786402078742 pid=23286
task ledger 'Per-task ledger' id=6149018 entries=68 (pid 23286)

entry                                group      units                   balance           credit            debit
cpu_time                             sched      ns                   5181299382       5181299382                0
tkm_private                          physmem    bytes                   0.009 G          0.009 G          0.000 G
tkm_shared                           physmem    bytes                   0.000 G          0.000 G          0.000 G
phys_mem                             physmem    bytes                   8.970 G          8.970 G          0.000 G
wired_mem                            physmem    bytes                   0.000 G          0.000 G          0.000 G
internal                             physmem    bytes                   7.784 G         26.072 G         18.289 G
external                             physmem    bytes                   0.012 G          0.014 G          0.002 G
reusable                             physmem    bytes                   1.175 G         10.473 G          9.298 G
internal_compressed                  physmem    bytes                   1.434 G          7.871 G          6.437 G
iokit_mapped                         mappings   bytes                   0.000 G          0.000 G          0.000 G
alternate_accounting                 physmem    bytes                   0.000 G          0.000 G          0.000 G
alternate_accounting_compressed      physmem    bytes                   0.000 G          0.000 G          0.000 G
conclave_mem                         physmem    bytes                   0.000 G          0.000 G          0.000 G
phys_footprint                       physmem    bytes                   9.227 G         19.755 G         10.529 G
memorystatus_dirty_time              physmem    ns                            0                0                0
page_table                           physmem    bytes                   0.009 G          0.009 G          0.000 G
pages_grabbed                        physmem    count                   1964759          1964759                0
pages_grabbed_kern                   physmem    count                      6961             6961                0
pages_grabbed_iopl                   physmem    count                         0                0                0
pages_grabbed_upl                    physmem    count                    823677           823677                0
purgeable_volatile                   physmem    bytes                   0.000 G          0.000 G          0.000 G
purgeable_nonvolatile                physmem    bytes                   0.000 G          0.000 G          0.000 G
purgeable_volatile_compress          physmem    bytes                   0.000 G          0.000 G          0.000 G
purgeable_nonvolatile_compress       physmem    bytes                   0.000 G          0.000 G          0.000 G
tagged_nofootprint                   physmem    bytes                   0.000 G          0.000 G          0.000 G
tagged_footprint                     physmem    bytes                   0.000 G          0.000 G          0.000 G
tagged_nofootprint_compressed        physmem    bytes                   0.000 G          0.000 G          0.000 G
tagged_footprint_compressed          physmem    bytes                   0.000 G          0.000 G          0.000 G
network_volatile                     physmem    bytes                   0.000 G          0.000 G          0.000 G
network_nonvolatile                  physmem    bytes                   0.000 G          0.000 G          0.000 G
network_volatile_compressed          physmem    bytes                   0.000 G          0.000 G          0.000 G
network_nonvolatile_compressed       physmem    bytes                   0.000 G          0.000 G          0.000 G
media_nofootprint                    physmem    bytes                   0.000 G          0.000 G          0.000 G
media_footprint                      physmem    bytes                   0.000 G          0.000 G          0.000 G
media_nofootprint_compressed         physmem    bytes                   0.000 G          0.000 G          0.000 G
media_footprint_compressed           physmem    bytes                   0.000 G          0.000 G          0.000 G
graphics_nofootprint                 physmem    bytes                   0.000 G          0.000 G          0.000 G
graphics_footprint                   physmem    bytes                   0.000 G          0.000 G          0.000 G
graphics_nofootprint_compressed      physmem    bytes                   0.000 G          0.000 G          0.000 G
graphics_footprint_compressed        physmem    bytes                   0.000 G          0.000 G          0.000 G
neural_nofootprint                   physmem    bytes                   0.000 G          0.000 G          0.000 G
neural_footprint                     physmem    bytes                   0.000 G          0.000 G          0.000 G
neural_nofootprint_compressed        physmem    bytes                   0.000 G          0.000 G          0.000 G
neural_footprint_compressed          physmem    bytes                   0.000 G          0.000 G          0.000 G
neural_nofootprint_total             physmem    bytes                   0.000 G          0.000 G          0.000 G
swapins                              physmem    bytes                   0.008 G          0.008 G          0.000 G
est_reclaimable                      virtmem    bytes                   0.000 G          0.000 G          0.000 G
platform_idle_wakeups                power      count                      1786             1786                0
interrupt_wakeups                    power      count                    132452           132452                0
SFI_CLASS_APP_NAP                    sfi        MATUs                         0                0                0
SFI_CLASS_DARWIN_BG                  sfi        MATUs                         0                0                0
SFI_CLASS_DEFAULT                    sfi        MATUs                         0                0                0
SFI_CLASS_LEGACY                     sfi        MATUs                         0                0                0
SFI_CLASS_MAINTENANCE                sfi        MATUs                         0                0                0
SFI_CLASS_MANAGED                    sfi        MATUs                         0                0                0
SFI_CLASS_OPTED_OUT                  sfi        MATUs                         0                0                0
SFI_CLASS_USER_INITIATED             sfi        MATUs                         0                0                0
SFI_CLASS_USER_INTERACTIVE           sfi        MATUs                         0                0                0
SFI_CLASS_UTILITY                    sfi        MATUs                         0                0                0
SFI_CLASS_RUNAWAY_MITIGATION         sfi        MATUs                         0                0                0
cpu_time_billed_to_me                sched      ns                      2455538          2455538                0
cpu_time_billed_to_others            sched      ns                            0                0                0
energy_billed_to_me                  power      nj                      4514751          4514751                0
energy_billed_to_others              power      nj                            0                0                0
physical_writes                      res        bytes                   7.509 G          7.509 G          0.000 G
logical_writes                       res        bytes                   9.165 G          9.165 G          0.000 G
logical_writes_to_external           res        bytes                   0.000 G          0.000 G          0.000 G
fs_metadata_writes                   res        bytes                   0.050 G          0.050 G          0.000 G

sum of physmem byte balances (excl. phys_footprint itself): 19.401 G
(entries reported: template 68, task 68)
=== ts_ms=1786402138775 pid=23286
task ledger 'Per-task ledger' id=6149018 entries=68 (pid 23286)

entry                                group      units                   balance           credit            debit
cpu_time                             sched      ns                   5715743465       5715743465                0
tkm_private                          physmem    bytes                   0.009 G          0.009 G          0.000 G
tkm_shared                           physmem    bytes                   0.000 G          0.000 G          0.000 G
phys_mem                             physmem    bytes                   8.503 G          8.503 G          0.000 G
wired_mem                            physmem    bytes                   0.000 G          0.000 G          0.000 G
internal                             physmem    bytes                   5.400 G         32.965 G         27.565 G
external                             physmem    bytes                   0.012 G          0.014 G          0.002 G
reusable                             physmem    bytes                   3.091 G         19.538 G         16.447 G
internal_compressed                  physmem    bytes                   1.318 G          8.072 G          6.754 G
iokit_mapped                         mappings   bytes                   0.000 G          0.000 G          0.000 G
alternate_accounting                 physmem    bytes                   0.000 G          0.000 G          0.000 G
alternate_accounting_compressed      physmem    bytes                   0.000 G          0.000 G          0.000 G
conclave_mem                         physmem    bytes                   0.000 G          0.000 G          0.000 G
phys_footprint                       physmem    bytes                   6.728 G         26.331 G         19.604 G
memorystatus_dirty_time              physmem    ns                            0                0                0
page_table                           physmem    bytes                   0.009 G          0.009 G          0.000 G
pages_grabbed                        physmem    count                   2538991          2538991                0
pages_grabbed_kern                   physmem    count                     11028            11028                0
pages_grabbed_iopl                   physmem    count                         0                0                0
pages_grabbed_upl                    physmem    count                   1017091          1017091                0
purgeable_volatile                   physmem    bytes                   0.000 G          0.000 G          0.000 G
purgeable_nonvolatile                physmem    bytes                   0.000 G          0.000 G          0.000 G
purgeable_volatile_compress          physmem    bytes                   0.000 G          0.000 G          0.000 G
purgeable_nonvolatile_compress       physmem    bytes                   0.000 G          0.000 G          0.000 G
tagged_nofootprint                   physmem    bytes                   0.000 G          0.000 G          0.000 G
tagged_footprint                     physmem    bytes                   0.000 G          0.000 G          0.000 G
tagged_nofootprint_compressed        physmem    bytes                   0.000 G          0.000 G          0.000 G
tagged_footprint_compressed          physmem    bytes                   0.000 G          0.000 G          0.000 G
network_volatile                     physmem    bytes                   0.000 G          0.000 G          0.000 G
network_nonvolatile                  physmem    bytes                   0.000 G          0.000 G          0.000 G
network_volatile_compressed          physmem    bytes                   0.000 G          0.000 G          0.000 G
network_nonvolatile_compressed       physmem    bytes                   0.000 G          0.000 G          0.000 G
media_nofootprint                    physmem    bytes                   0.000 G          0.000 G          0.000 G
media_footprint                      physmem    bytes                   0.000 G          0.000 G          0.000 G
media_nofootprint_compressed         physmem    bytes                   0.000 G          0.000 G          0.000 G
media_footprint_compressed           physmem    bytes                   0.000 G          0.000 G          0.000 G
graphics_nofootprint                 physmem    bytes                   0.000 G          0.000 G          0.000 G
graphics_footprint                   physmem    bytes                   0.000 G          0.000 G          0.000 G
graphics_nofootprint_compressed      physmem    bytes                   0.000 G          0.000 G          0.000 G
graphics_footprint_compressed        physmem    bytes                   0.000 G          0.000 G          0.000 G
neural_nofootprint                   physmem    bytes                   0.000 G          0.000 G          0.000 G
neural_footprint                     physmem    bytes                   0.000 G          0.000 G          0.000 G
neural_nofootprint_compressed        physmem    bytes                   0.000 G          0.000 G          0.000 G
neural_footprint_compressed          physmem    bytes                   0.000 G          0.000 G          0.000 G
neural_nofootprint_total             physmem    bytes                   0.000 G          0.000 G          0.000 G
swapins                              physmem    bytes                   0.099 G          0.099 G          0.000 G
est_reclaimable                      virtmem    bytes                   0.000 G          0.000 G          0.000 G
platform_idle_wakeups                power      count                      1881             1881                0
interrupt_wakeups                    power      count                    145362           145362                0
SFI_CLASS_APP_NAP                    sfi        MATUs                         0                0                0
SFI_CLASS_DARWIN_BG                  sfi        MATUs                         0                0                0
SFI_CLASS_DEFAULT                    sfi        MATUs                         0                0                0
SFI_CLASS_LEGACY                     sfi        MATUs                         0                0                0
SFI_CLASS_MAINTENANCE                sfi        MATUs                         0                0                0
SFI_CLASS_MANAGED                    sfi        MATUs                         0                0                0
SFI_CLASS_OPTED_OUT                  sfi        MATUs                         0                0                0
SFI_CLASS_USER_INITIATED             sfi        MATUs                         0                0                0
SFI_CLASS_USER_INTERACTIVE           sfi        MATUs                         0                0                0
SFI_CLASS_UTILITY                    sfi        MATUs                         0                0                0
SFI_CLASS_RUNAWAY_MITIGATION         sfi        MATUs                         0                0                0
cpu_time_billed_to_me                sched      ns                      2578549          2578549                0
cpu_time_billed_to_others            sched      ns                            0                0                0
energy_billed_to_me                  power      nj                      4514751          4514751                0
energy_billed_to_others              power      nj                            0                0                0
physical_writes                      res        bytes                   7.509 G          7.509 G          0.000 G
logical_writes                       res        bytes                   9.165 G          9.165 G          0.000 G
logical_writes_to_external           res        bytes                   0.000 G          0.000 G          0.000 G
fs_metadata_writes                   res        bytes                   0.050 G          0.050 G          0.000 G

sum of physmem byte balances (excl. phys_footprint itself): 18.442 G
(entries reported: template 68, task 68)
=== ts_ms=1786402207051 pid=23286
task ledger 'Per-task ledger' id=6149018 entries=68 (pid 23286)

entry                                group      units                   balance           credit            debit
cpu_time                             sched      ns                   6849635543       6849635543                0
tkm_private                          physmem    bytes                   0.009 G          0.009 G          0.000 G
tkm_shared                           physmem    bytes                   0.000 G          0.000 G          0.000 G
phys_mem                             physmem    bytes                   8.337 G          8.337 G          0.000 G
wired_mem                            physmem    bytes                   0.000 G          0.000 G          0.000 G
internal                             physmem    bytes                   4.268 G         32.991 G         28.723 G
external                             physmem    bytes                   0.012 G          0.014 G          0.002 G
reusable                             physmem    bytes                   4.057 G         20.687 G         16.630 G
internal_compressed                  physmem    bytes                   1.314 G          8.072 G          6.758 G
iokit_mapped                         mappings   bytes                   0.000 G          0.000 G          0.000 G
alternate_accounting                 physmem    bytes                   0.000 G          0.000 G          0.000 G
alternate_accounting_compressed      physmem    bytes                   0.000 G          0.000 G          0.000 G
conclave_mem                         physmem    bytes                   0.000 G          0.000 G          0.000 G
phys_footprint                       physmem    bytes                   5.591 G         26.353 G         20.762 G
memorystatus_dirty_time              physmem    ns                            0                0                0
page_table                           physmem    bytes                   0.009 G          0.009 G          0.000 G
pages_grabbed                        physmem    count                   2543961          2543961                0
pages_grabbed_kern                   physmem    count                     11032            11032                0
pages_grabbed_iopl                   physmem    count                         0                0                0
pages_grabbed_upl                    physmem    count                   1020772          1020772                0
purgeable_volatile                   physmem    bytes                   0.000 G          0.000 G          0.000 G
purgeable_nonvolatile                physmem    bytes                   0.000 G          0.000 G          0.000 G
purgeable_volatile_compress          physmem    bytes                   0.000 G          0.000 G          0.000 G
purgeable_nonvolatile_compress       physmem    bytes                   0.000 G          0.000 G          0.000 G
tagged_nofootprint                   physmem    bytes                   0.000 G          0.000 G          0.000 G
tagged_footprint                     physmem    bytes                   0.000 G          0.000 G          0.000 G
tagged_nofootprint_compressed        physmem    bytes                   0.000 G          0.000 G          0.000 G
tagged_footprint_compressed          physmem    bytes                   0.000 G          0.000 G          0.000 G
network_volatile                     physmem    bytes                   0.000 G          0.000 G          0.000 G
network_nonvolatile                  physmem    bytes                   0.000 G          0.000 G          0.000 G
network_volatile_compressed          physmem    bytes                   0.000 G          0.000 G          0.000 G
network_nonvolatile_compressed       physmem    bytes                   0.000 G          0.000 G          0.000 G
media_nofootprint                    physmem    bytes                   0.000 G          0.000 G          0.000 G
media_footprint                      physmem    bytes                   0.000 G          0.000 G          0.000 G
media_nofootprint_compressed         physmem    bytes                   0.000 G          0.000 G          0.000 G
media_footprint_compressed           physmem    bytes                   0.000 G          0.000 G          0.000 G
graphics_nofootprint                 physmem    bytes                   0.000 G          0.000 G          0.000 G
graphics_footprint                   physmem    bytes                   0.000 G          0.000 G          0.000 G
graphics_nofootprint_compressed      physmem    bytes                   0.000 G          0.000 G          0.000 G
graphics_footprint_compressed        physmem    bytes                   0.000 G          0.000 G          0.000 G
neural_nofootprint                   physmem    bytes                   0.000 G          0.000 G          0.000 G
neural_footprint                     physmem    bytes                   0.000 G          0.000 G          0.000 G
neural_nofootprint_compressed        physmem    bytes                   0.000 G          0.000 G          0.000 G
neural_footprint_compressed          physmem    bytes                   0.000 G          0.000 G          0.000 G
neural_nofootprint_total             physmem    bytes                   0.000 G          0.000 G          0.000 G
swapins                              physmem    bytes                   0.099 G          0.099 G          0.000 G
est_reclaimable                      virtmem    bytes                   0.000 G          0.000 G          0.000 G
platform_idle_wakeups                power      count                      1955             1955                0
interrupt_wakeups                    power      count                    167747           167747                0
SFI_CLASS_APP_NAP                    sfi        MATUs                         0                0                0
SFI_CLASS_DARWIN_BG                  sfi        MATUs                         0                0                0
SFI_CLASS_DEFAULT                    sfi        MATUs                         0                0                0
SFI_CLASS_LEGACY                     sfi        MATUs                         0                0                0
SFI_CLASS_MAINTENANCE                sfi        MATUs                         0                0                0
SFI_CLASS_MANAGED                    sfi        MATUs                         0                0                0
SFI_CLASS_OPTED_OUT                  sfi        MATUs                         0                0                0
SFI_CLASS_USER_INITIATED             sfi        MATUs                         0                0                0
SFI_CLASS_USER_INTERACTIVE           sfi        MATUs                         0                0                0
SFI_CLASS_UTILITY                    sfi        MATUs                         0                0                0
SFI_CLASS_RUNAWAY_MITIGATION         sfi        MATUs                         0                0                0
cpu_time_billed_to_me                sched      ns                      2673341          2673341                0
cpu_time_billed_to_others            sched      ns                            0                0                0
energy_billed_to_me                  power      nj                      4514751          4514751                0
energy_billed_to_others              power      nj                            0                0                0
physical_writes                      res        bytes                   7.509 G          7.509 G          0.000 G
logical_writes                       res        bytes                   9.165 G          9.165 G          0.000 G
logical_writes_to_external           res        bytes                   0.000 G          0.000 G          0.000 G
fs_metadata_writes                   res        bytes                   0.050 G          0.050 G          0.000 G

sum of physmem byte balances (excl. phys_footprint itself): 18.105 G
(entries reported: template 68, task 68)
=== ts_ms=1786402275084 pid=23286
task ledger 'Per-task ledger' id=6149018 entries=68 (pid 23286)

entry                                group      units                   balance           credit            debit
cpu_time                             sched      ns                   7449386510       7449386510                0
tkm_private                          physmem    bytes                   0.009 G          0.009 G          0.000 G
tkm_shared                           physmem    bytes                   0.000 G          0.000 G          0.000 G
phys_mem                             physmem    bytes                   9.734 G          9.734 G          0.000 G
wired_mem                            physmem    bytes                   0.000 G          0.000 G          0.000 G
internal                             physmem    bytes                   5.546 G         34.279 G         28.733 G
external                             physmem    bytes                   0.012 G          0.014 G          0.002 G
reusable                             physmem    bytes                   4.176 G         20.805 G         16.630 G
internal_compressed                  physmem    bytes                   1.126 G          8.072 G          6.946 G
iokit_mapped                         mappings   bytes                   0.000 G          0.000 G          0.000 G
alternate_accounting                 physmem    bytes                   0.000 G          0.000 G          0.000 G
alternate_accounting_compressed      physmem    bytes                   0.000 G          0.000 G          0.000 G
conclave_mem                         physmem    bytes                   0.000 G          0.000 G          0.000 G
phys_footprint                       physmem    bytes                   6.682 G         27.510 G         20.828 G
memorystatus_dirty_time              physmem    ns                            0                0                0
page_table                           physmem    bytes                   0.009 G          0.009 G          0.000 G
pages_grabbed                        physmem    count                   2788200          2788200                0
pages_grabbed_kern                   physmem    count                     11393            11393                0
pages_grabbed_iopl                   physmem    count                         0                0                0
pages_grabbed_upl                    physmem    count                   1221247          1221247                0
purgeable_volatile                   physmem    bytes                   0.000 G          0.000 G          0.000 G
purgeable_nonvolatile                physmem    bytes                   0.000 G          0.000 G          0.000 G
purgeable_volatile_compress          physmem    bytes                   0.000 G          0.000 G          0.000 G
purgeable_nonvolatile_compress       physmem    bytes                   0.000 G          0.000 G          0.000 G
tagged_nofootprint                   physmem    bytes                   0.000 G          0.000 G          0.000 G
tagged_footprint                     physmem    bytes                   0.000 G          0.000 G          0.000 G
tagged_nofootprint_compressed        physmem    bytes                   0.000 G          0.000 G          0.000 G
tagged_footprint_compressed          physmem    bytes                   0.000 G          0.000 G          0.000 G
network_volatile                     physmem    bytes                   0.000 G          0.000 G          0.000 G
network_nonvolatile                  physmem    bytes                   0.000 G          0.000 G          0.000 G
network_volatile_compressed          physmem    bytes                   0.000 G          0.000 G          0.000 G
network_nonvolatile_compressed       physmem    bytes                   0.000 G          0.000 G          0.000 G
media_nofootprint                    physmem    bytes                   0.000 G          0.000 G          0.000 G
media_footprint                      physmem    bytes                   0.000 G          0.000 G          0.000 G
media_nofootprint_compressed         physmem    bytes                   0.000 G          0.000 G          0.000 G
media_footprint_compressed           physmem    bytes                   0.000 G          0.000 G          0.000 G
graphics_nofootprint                 physmem    bytes                   0.000 G          0.000 G          0.000 G
graphics_footprint                   physmem    bytes                   0.000 G          0.000 G          0.000 G
graphics_nofootprint_compressed      physmem    bytes                   0.000 G          0.000 G          0.000 G
graphics_footprint_compressed        physmem    bytes                   0.000 G          0.000 G          0.000 G
neural_nofootprint                   physmem    bytes                   0.000 G          0.000 G          0.000 G
neural_footprint                     physmem    bytes                   0.000 G          0.000 G          0.000 G
neural_nofootprint_compressed        physmem    bytes                   0.000 G          0.000 G          0.000 G
neural_footprint_compressed          physmem    bytes                   0.000 G          0.000 G          0.000 G
neural_nofootprint_total             physmem    bytes                   0.000 G          0.000 G          0.000 G
swapins                              physmem    bytes                   0.112 G          0.112 G          0.000 G
est_reclaimable                      virtmem    bytes                   0.000 G          0.000 G          0.000 G
platform_idle_wakeups                power      count                      2216             2216                0
interrupt_wakeups                    power      count                    179896           179896                0
SFI_CLASS_APP_NAP                    sfi        MATUs                         0                0                0
SFI_CLASS_DARWIN_BG                  sfi        MATUs                         0                0                0
SFI_CLASS_DEFAULT                    sfi        MATUs                         0                0                0
SFI_CLASS_LEGACY                     sfi        MATUs                         0                0                0
SFI_CLASS_MAINTENANCE                sfi        MATUs                         0                0                0
SFI_CLASS_MANAGED                    sfi        MATUs                         0                0                0
SFI_CLASS_OPTED_OUT                  sfi        MATUs                         0                0                0
SFI_CLASS_USER_INITIATED             sfi        MATUs                         0                0                0
SFI_CLASS_USER_INTERACTIVE           sfi        MATUs                         0                0                0
SFI_CLASS_UTILITY                    sfi        MATUs                         0                0                0
SFI_CLASS_RUNAWAY_MITIGATION         sfi        MATUs                         0                0                0
cpu_time_billed_to_me                sched      ns                      2882488          2882488                0
cpu_time_billed_to_others            sched      ns                            0                0                0
energy_billed_to_me                  power      nj                      4535548          4535548                0
energy_billed_to_others              power      nj                            0                0                0
physical_writes                      res        bytes                  10.527 G         10.527 G          0.000 G
logical_writes                       res        bytes                  12.184 G         12.184 G          0.000 G
logical_writes_to_external           res        bytes                   0.000 G          0.000 G          0.000 G
fs_metadata_writes                   res        bytes                   0.052 G          0.052 G          0.000 G

sum of physmem byte balances (excl. phys_footprint itself): 20.724 G
(entries reported: template 68, task 68)
=== ts_ms=1786402334902 pid=23286
task ledger 'Per-task ledger' id=6149018 entries=68 (pid 23286)

entry                                group      units                   balance           credit            debit
cpu_time                             sched      ns                   7720771374       7720771374                0
tkm_private                          physmem    bytes                   0.009 G          0.009 G          0.000 G
tkm_shared                           physmem    bytes                   0.000 G          0.000 G          0.000 G
phys_mem                             physmem    bytes                   9.735 G          9.735 G          0.000 G
wired_mem                            physmem    bytes                   0.000 G          0.000 G          0.000 G
internal                             physmem    bytes                   5.547 G         34.290 G         28.743 G
external                             physmem    bytes                   0.012 G          0.014 G          0.002 G
reusable                             physmem    bytes                   4.176 G         20.805 G         16.630 G
internal_compressed                  physmem    bytes                   1.125 G          8.072 G          6.947 G
iokit_mapped                         mappings   bytes                   0.000 G          0.000 G          0.000 G
alternate_accounting                 physmem    bytes                   0.000 G          0.000 G          0.000 G
alternate_accounting_compressed      physmem    bytes                   0.000 G          0.000 G          0.000 G
conclave_mem                         physmem    bytes                   0.000 G          0.000 G          0.000 G
phys_footprint                       physmem    bytes                   6.682 G         27.519 G         20.837 G
memorystatus_dirty_time              physmem    ns                            0                0                0
page_table                           physmem    bytes                   0.009 G          0.009 G          0.000 G
pages_grabbed                        physmem    count                   2788926          2788926                0
pages_grabbed_kern                   physmem    count                     11394            11394                0
pages_grabbed_iopl                   physmem    count                         0                0                0
pages_grabbed_upl                    physmem    count                   1221303          1221303                0
purgeable_volatile                   physmem    bytes                   0.000 G          0.000 G          0.000 G
purgeable_nonvolatile                physmem    bytes                   0.000 G          0.000 G          0.000 G
purgeable_volatile_compress          physmem    bytes                   0.000 G          0.000 G          0.000 G
purgeable_nonvolatile_compress       physmem    bytes                   0.000 G          0.000 G          0.000 G
tagged_nofootprint                   physmem    bytes                   0.000 G          0.000 G          0.000 G
tagged_footprint                     physmem    bytes                   0.000 G          0.000 G          0.000 G
tagged_nofootprint_compressed        physmem    bytes                   0.000 G          0.000 G          0.000 G
tagged_footprint_compressed          physmem    bytes                   0.000 G          0.000 G          0.000 G
network_volatile                     physmem    bytes                   0.000 G          0.000 G          0.000 G
network_nonvolatile                  physmem    bytes                   0.000 G          0.000 G          0.000 G
network_volatile_compressed          physmem    bytes                   0.000 G          0.000 G          0.000 G
network_nonvolatile_compressed       physmem    bytes                   0.000 G          0.000 G          0.000 G
media_nofootprint                    physmem    bytes                   0.000 G          0.000 G          0.000 G
media_footprint                      physmem    bytes                   0.000 G          0.000 G          0.000 G
media_nofootprint_compressed         physmem    bytes                   0.000 G          0.000 G          0.000 G
media_footprint_compressed           physmem    bytes                   0.000 G          0.000 G          0.000 G
graphics_nofootprint                 physmem    bytes                   0.000 G          0.000 G          0.000 G
graphics_footprint                   physmem    bytes                   0.000 G          0.000 G          0.000 G
graphics_nofootprint_compressed      physmem    bytes                   0.000 G          0.000 G          0.000 G
graphics_footprint_compressed        physmem    bytes                   0.000 G          0.000 G          0.000 G
neural_nofootprint                   physmem    bytes                   0.000 G          0.000 G          0.000 G
neural_footprint                     physmem    bytes                   0.000 G          0.000 G          0.000 G
neural_nofootprint_compressed        physmem    bytes                   0.000 G          0.000 G          0.000 G
neural_footprint_compressed          physmem    bytes                   0.000 G          0.000 G          0.000 G
neural_nofootprint_total             physmem    bytes                   0.000 G          0.000 G          0.000 G
swapins                              physmem    bytes                   0.112 G          0.112 G          0.000 G
est_reclaimable                      virtmem    bytes                   0.000 G          0.000 G          0.000 G
platform_idle_wakeups                power      count                      2262             2262                0
interrupt_wakeups                    power      count                    188082           188082                0
SFI_CLASS_APP_NAP                    sfi        MATUs                         0                0                0
SFI_CLASS_DARWIN_BG                  sfi        MATUs                         0                0                0
SFI_CLASS_DEFAULT                    sfi        MATUs                         0                0                0
SFI_CLASS_LEGACY                     sfi        MATUs                         0                0                0
SFI_CLASS_MAINTENANCE                sfi        MATUs                         0                0                0
SFI_CLASS_MANAGED                    sfi        MATUs                         0                0                0
SFI_CLASS_OPTED_OUT                  sfi        MATUs                         0                0                0
SFI_CLASS_USER_INITIATED             sfi        MATUs                         0                0                0
SFI_CLASS_USER_INTERACTIVE           sfi        MATUs                         0                0                0
SFI_CLASS_UTILITY                    sfi        MATUs                         0                0                0
SFI_CLASS_RUNAWAY_MITIGATION         sfi        MATUs                         0                0                0
cpu_time_billed_to_me                sched      ns                      3065817          3065817                0
cpu_time_billed_to_others            sched      ns                            0                0                0
energy_billed_to_me                  power      nj                      4594928          4594928                0
energy_billed_to_others              power      nj                            0                0                0
physical_writes                      res        bytes                  10.527 G         10.527 G          0.000 G
logical_writes                       res        bytes                  12.187 G         12.187 G          0.000 G
logical_writes_to_external           res        bytes                   0.000 G          0.000 G          0.000 G
fs_metadata_writes                   res        bytes                   0.052 G          0.052 G          0.000 G

sum of physmem byte balances (excl. phys_footprint itself): 20.725 G
(entries reported: template 68, task 68)
=== ts_ms=1786402344991 pid=23286
task ledger 'Per-task ledger' id=6149018 entries=68 (pid 23286)

entry                                group      units                   balance           credit            debit
cpu_time                             sched      ns                   7773781271       7773781271                0
tkm_private                          physmem    bytes                   0.009 G          0.009 G          0.000 G
tkm_shared                           physmem    bytes                   0.000 G          0.000 G          0.000 G
phys_mem                             physmem    bytes                   8.185 G          8.185 G          0.000 G
wired_mem                            physmem    bytes                   0.000 G          0.000 G          0.000 G
internal                             physmem    bytes                   5.525 G         38.166 G         32.641 G
external                             physmem    bytes                   0.011 G          0.014 G          0.002 G
reusable                             physmem    bytes                   2.648 G         20.805 G         18.157 G
internal_compressed                  physmem    bytes                   2.643 G         11.969 G          9.326 G
iokit_mapped                         mappings   bytes                   0.000 G          0.000 G          0.000 G
alternate_accounting                 physmem    bytes                   0.000 G          0.000 G          0.000 G
alternate_accounting_compressed      physmem    bytes                   0.000 G          0.000 G          0.000 G
conclave_mem                         physmem    bytes                   0.000 G          0.000 G          0.000 G
phys_footprint                       physmem    bytes                   8.177 G         29.016 G         20.839 G
memorystatus_dirty_time              physmem    ns                            0                0                0
page_table                           physmem    bytes                   0.009 G          0.009 G          0.000 G
pages_grabbed                        physmem    count                   2944981          2944981                0
pages_grabbed_kern                   physmem    count                     11398            11398                0
pages_grabbed_iopl                   physmem    count                         0                0                0
pages_grabbed_upl                    physmem    count                   1221369          1221369                0
purgeable_volatile                   physmem    bytes                   0.000 G          0.000 G          0.000 G
purgeable_nonvolatile                physmem    bytes                   0.000 G          0.000 G          0.000 G
purgeable_volatile_compress          physmem    bytes                   0.000 G          0.000 G          0.000 G
purgeable_nonvolatile_compress       physmem    bytes                   0.000 G          0.000 G          0.000 G
tagged_nofootprint                   physmem    bytes                   0.000 G          0.000 G          0.000 G
tagged_footprint                     physmem    bytes                   0.000 G          0.000 G          0.000 G
tagged_nofootprint_compressed        physmem    bytes                   0.000 G          0.000 G          0.000 G
tagged_footprint_compressed          physmem    bytes                   0.000 G          0.000 G          0.000 G
network_volatile                     physmem    bytes                   0.000 G          0.000 G          0.000 G
network_nonvolatile                  physmem    bytes                   0.000 G          0.000 G          0.000 G
network_volatile_compressed          physmem    bytes                   0.000 G          0.000 G          0.000 G
network_nonvolatile_compressed       physmem    bytes                   0.000 G          0.000 G          0.000 G
media_nofootprint                    physmem    bytes                   0.000 G          0.000 G          0.000 G
media_footprint                      physmem    bytes                   0.000 G          0.000 G          0.000 G
media_nofootprint_compressed         physmem    bytes                   0.000 G          0.000 G          0.000 G
media_footprint_compressed           physmem    bytes                   0.000 G          0.000 G          0.000 G
graphics_nofootprint                 physmem    bytes                   0.000 G          0.000 G          0.000 G
graphics_footprint                   physmem    bytes                   0.000 G          0.000 G          0.000 G
graphics_nofootprint_compressed      physmem    bytes                   0.000 G          0.000 G          0.000 G
graphics_footprint_compressed        physmem    bytes                   0.000 G          0.000 G          0.000 G
neural_nofootprint                   physmem    bytes                   0.000 G          0.000 G          0.000 G
neural_footprint                     physmem    bytes                   0.000 G          0.000 G          0.000 G
neural_nofootprint_compressed        physmem    bytes                   0.000 G          0.000 G          0.000 G
neural_footprint_compressed          physmem    bytes                   0.000 G          0.000 G          0.000 G
neural_nofootprint_total             physmem    bytes                   0.000 G          0.000 G          0.000 G
swapins                              physmem    bytes                   0.112 G          0.112 G          0.000 G
est_reclaimable                      virtmem    bytes                   0.000 G          0.000 G          0.000 G
platform_idle_wakeups                power      count                      2262             2262                0
interrupt_wakeups                    power      count                    189948           189948                0
SFI_CLASS_APP_NAP                    sfi        MATUs                         0                0                0
SFI_CLASS_DARWIN_BG                  sfi        MATUs                         0                0                0
SFI_CLASS_DEFAULT                    sfi        MATUs                         0                0                0
SFI_CLASS_LEGACY                     sfi        MATUs                         0                0                0
SFI_CLASS_MAINTENANCE                sfi        MATUs                         0                0                0
SFI_CLASS_MANAGED                    sfi        MATUs                         0                0                0
SFI_CLASS_OPTED_OUT                  sfi        MATUs                         0                0                0
SFI_CLASS_USER_INITIATED             sfi        MATUs                         0                0                0
SFI_CLASS_USER_INTERACTIVE           sfi        MATUs                         0                0                0
SFI_CLASS_UTILITY                    sfi        MATUs                         0                0                0
SFI_CLASS_RUNAWAY_MITIGATION         sfi        MATUs                         0                0                0
cpu_time_billed_to_me                sched      ns                      3065817          3065817                0
cpu_time_billed_to_others            sched      ns                            0                0                0
energy_billed_to_me                  power      nj                      4594928          4594928                0
energy_billed_to_others              power      nj                            0                0                0
physical_writes                      res        bytes                  10.528 G         10.528 G          0.000 G
logical_writes                       res        bytes                  12.188 G         12.188 G          0.000 G
logical_writes_to_external           res        bytes                   0.000 G          0.000 G          0.000 G
fs_metadata_writes                   res        bytes                   0.052 G          0.052 G          0.000 G

sum of physmem byte balances (excl. phys_footprint itself): 19.143 G
(entries reported: template 68, task 68)
=== ts_ms=1786402345217 pid=23286
task ledger 'Per-task ledger' id=6149018 entries=68 (pid 23286)

entry                                group      units                   balance           credit            debit
cpu_time                             sched      ns                   7773844688       7773844688                0
tkm_private                          physmem    bytes                   0.009 G          0.009 G          0.000 G
tkm_shared                           physmem    bytes                   0.000 G          0.000 G          0.000 G
phys_mem                             physmem    bytes                   8.185 G          8.185 G          0.000 G
wired_mem                            physmem    bytes                   0.000 G          0.000 G          0.000 G
internal                             physmem    bytes                   5.525 G         38.166 G         32.641 G
external                             physmem    bytes                   0.011 G          0.014 G          0.002 G
reusable                             physmem    bytes                   2.648 G         20.805 G         18.157 G
internal_compressed                  physmem    bytes                   2.643 G         11.969 G          9.326 G
iokit_mapped                         mappings   bytes                   0.000 G          0.000 G          0.000 G
alternate_accounting                 physmem    bytes                   0.000 G          0.000 G          0.000 G
alternate_accounting_compressed      physmem    bytes                   0.000 G          0.000 G          0.000 G
conclave_mem                         physmem    bytes                   0.000 G          0.000 G          0.000 G
phys_footprint                       physmem    bytes                   8.177 G         29.016 G         20.839 G
memorystatus_dirty_time              physmem    ns                            0                0                0
page_table                           physmem    bytes                   0.009 G          0.009 G          0.000 G
pages_grabbed                        physmem    count                   2944983          2944983                0
pages_grabbed_kern                   physmem    count                     11398            11398                0
pages_grabbed_iopl                   physmem    count                         0                0                0
pages_grabbed_upl                    physmem    count                   1221369          1221369                0
purgeable_volatile                   physmem    bytes                   0.000 G          0.000 G          0.000 G
purgeable_nonvolatile                physmem    bytes                   0.000 G          0.000 G          0.000 G
purgeable_volatile_compress          physmem    bytes                   0.000 G          0.000 G          0.000 G
purgeable_nonvolatile_compress       physmem    bytes                   0.000 G          0.000 G          0.000 G
tagged_nofootprint                   physmem    bytes                   0.000 G          0.000 G          0.000 G
tagged_footprint                     physmem    bytes                   0.000 G          0.000 G          0.000 G
tagged_nofootprint_compressed        physmem    bytes                   0.000 G          0.000 G          0.000 G
tagged_footprint_compressed          physmem    bytes                   0.000 G          0.000 G          0.000 G
network_volatile                     physmem    bytes                   0.000 G          0.000 G          0.000 G
network_nonvolatile                  physmem    bytes                   0.000 G          0.000 G          0.000 G
network_volatile_compressed          physmem    bytes                   0.000 G          0.000 G          0.000 G
network_nonvolatile_compressed       physmem    bytes                   0.000 G          0.000 G          0.000 G
media_nofootprint                    physmem    bytes                   0.000 G          0.000 G          0.000 G
media_footprint                      physmem    bytes                   0.000 G          0.000 G          0.000 G
media_nofootprint_compressed         physmem    bytes                   0.000 G          0.000 G          0.000 G
media_footprint_compressed           physmem    bytes                   0.000 G          0.000 G          0.000 G
graphics_nofootprint                 physmem    bytes                   0.000 G          0.000 G          0.000 G
graphics_footprint                   physmem    bytes                   0.000 G          0.000 G          0.000 G
graphics_nofootprint_compressed      physmem    bytes                   0.000 G          0.000 G          0.000 G
graphics_footprint_compressed        physmem    bytes                   0.000 G          0.000 G          0.000 G
neural_nofootprint                   physmem    bytes                   0.000 G          0.000 G          0.000 G
neural_footprint                     physmem    bytes                   0.000 G          0.000 G          0.000 G
neural_nofootprint_compressed        physmem    bytes                   0.000 G          0.000 G          0.000 G
neural_footprint_compressed          physmem    bytes                   0.000 G          0.000 G          0.000 G
neural_nofootprint_total             physmem    bytes                   0.000 G          0.000 G          0.000 G
swapins                              physmem    bytes                   0.112 G          0.112 G          0.000 G
est_reclaimable                      virtmem    bytes                   0.000 G          0.000 G          0.000 G
platform_idle_wakeups                power      count                      2262             2262                0
interrupt_wakeups                    power      count                    189961           189961                0
SFI_CLASS_APP_NAP                    sfi        MATUs                         0                0                0
SFI_CLASS_DARWIN_BG                  sfi        MATUs                         0                0                0
SFI_CLASS_DEFAULT                    sfi        MATUs                         0                0                0
SFI_CLASS_LEGACY                     sfi        MATUs                         0                0                0
SFI_CLASS_MAINTENANCE                sfi        MATUs                         0                0                0
SFI_CLASS_MANAGED                    sfi        MATUs                         0                0                0
SFI_CLASS_OPTED_OUT                  sfi        MATUs                         0                0                0
SFI_CLASS_USER_INITIATED             sfi        MATUs                         0                0                0
SFI_CLASS_USER_INTERACTIVE           sfi        MATUs                         0                0                0
SFI_CLASS_UTILITY                    sfi        MATUs                         0                0                0
SFI_CLASS_RUNAWAY_MITIGATION         sfi        MATUs                         0                0                0
cpu_time_billed_to_me                sched      ns                      3065817          3065817                0
cpu_time_billed_to_others            sched      ns                            0                0                0
energy_billed_to_me                  power      nj                      4594928          4594928                0
energy_billed_to_others              power      nj                            0                0                0
physical_writes                      res        bytes                  10.528 G         10.528 G          0.000 G
logical_writes                       res        bytes                  12.188 G         12.188 G          0.000 G
logical_writes_to_external           res        bytes                   0.000 G          0.000 G          0.000 G
fs_metadata_writes                   res        bytes                   0.052 G          0.052 G          0.000 G

sum of physmem byte balances (excl. phys_footprint itself): 19.143 G
(entries reported: template 68, task 68)
=== ts_ms=1786402405284 pid=23286
task ledger 'Per-task ledger' id=6149018 entries=68 (pid 23286)

entry                                group      units                   balance           credit            debit
cpu_time                             sched      ns                   8302203063       8302203063                0
tkm_private                          physmem    bytes                   0.009 G          0.009 G          0.000 G
tkm_shared                           physmem    bytes                   0.000 G          0.000 G          0.000 G
phys_mem                             physmem    bytes                   9.393 G          9.393 G          0.000 G
wired_mem                            physmem    bytes                   0.000 G          0.000 G          0.000 G
internal                             physmem    bytes                   5.553 G         47.730 G         42.178 G
external                             physmem    bytes                   0.011 G          0.014 G          0.002 G
reusable                             physmem    bytes                   3.829 G         29.714 G         25.885 G
internal_compressed                  physmem    bytes                   1.747 G         12.589 G         10.842 G
iokit_mapped                         mappings   bytes                   0.000 G          0.000 G          0.000 G
alternate_accounting                 physmem    bytes                   0.000 G          0.000 G          0.000 G
alternate_accounting_compressed      physmem    bytes                   0.000 G          0.000 G          0.000 G
conclave_mem                         physmem    bytes                   0.000 G          0.000 G          0.000 G
phys_footprint                       physmem    bytes                   7.309 G         37.066 G         29.757 G
memorystatus_dirty_time              physmem    ns                            0                0                0
page_table                           physmem    bytes                   0.009 G          0.009 G          0.000 G
pages_grabbed                        physmem    count                   3481607          3481607                0
pages_grabbed_kern                   physmem    count                     13818            13818                0
pages_grabbed_iopl                   physmem    count                         0                0                0
pages_grabbed_upl                    physmem    count                   1356636          1356636                0
purgeable_volatile                   physmem    bytes                   0.000 G          0.000 G          0.000 G
purgeable_nonvolatile                physmem    bytes                   0.000 G          0.000 G          0.000 G
purgeable_volatile_compress          physmem    bytes                   0.000 G          0.000 G          0.000 G
purgeable_nonvolatile_compress       physmem    bytes                   0.000 G          0.000 G          0.000 G
tagged_nofootprint                   physmem    bytes                   0.000 G          0.000 G          0.000 G
tagged_footprint                     physmem    bytes                   0.000 G          0.000 G          0.000 G
tagged_nofootprint_compressed        physmem    bytes                   0.000 G          0.000 G          0.000 G
tagged_footprint_compressed          physmem    bytes                   0.000 G          0.000 G          0.000 G
network_volatile                     physmem    bytes                   0.000 G          0.000 G          0.000 G
network_nonvolatile                  physmem    bytes                   0.000 G          0.000 G          0.000 G
network_volatile_compressed          physmem    bytes                   0.000 G          0.000 G          0.000 G
network_nonvolatile_compressed       physmem    bytes                   0.000 G          0.000 G          0.000 G
media_nofootprint                    physmem    bytes                   0.000 G          0.000 G          0.000 G
media_footprint                      physmem    bytes                   0.000 G          0.000 G          0.000 G
media_nofootprint_compressed         physmem    bytes                   0.000 G          0.000 G          0.000 G
media_footprint_compressed           physmem    bytes                   0.000 G          0.000 G          0.000 G
graphics_nofootprint                 physmem    bytes                   0.000 G          0.000 G          0.000 G
graphics_footprint                   physmem    bytes                   0.000 G          0.000 G          0.000 G
graphics_nofootprint_compressed      physmem    bytes                   0.000 G          0.000 G          0.000 G
graphics_footprint_compressed        physmem    bytes                   0.000 G          0.000 G          0.000 G
neural_nofootprint                   physmem    bytes                   0.000 G          0.000 G          0.000 G
neural_footprint                     physmem    bytes                   0.000 G          0.000 G          0.000 G
neural_nofootprint_compressed        physmem    bytes                   0.000 G          0.000 G          0.000 G
neural_footprint_compressed          physmem    bytes                   0.000 G          0.000 G          0.000 G
neural_nofootprint_total             physmem    bytes                   0.000 G          0.000 G          0.000 G
swapins                              physmem    bytes                   0.147 G          0.147 G          0.000 G
est_reclaimable                      virtmem    bytes                   0.000 G          0.000 G          0.000 G
platform_idle_wakeups                power      count                      2382             2382                0
interrupt_wakeups                    power      count                    203052           203052                0
SFI_CLASS_APP_NAP                    sfi        MATUs                         0                0                0
SFI_CLASS_DARWIN_BG                  sfi        MATUs                         0                0                0
SFI_CLASS_DEFAULT                    sfi        MATUs                         0                0                0
SFI_CLASS_LEGACY                     sfi        MATUs                         0                0                0
SFI_CLASS_MAINTENANCE                sfi        MATUs                         0                0                0
SFI_CLASS_MANAGED                    sfi        MATUs                         0                0                0
SFI_CLASS_OPTED_OUT                  sfi        MATUs                         0                0                0
SFI_CLASS_USER_INITIATED             sfi        MATUs                         0                0                0
SFI_CLASS_USER_INTERACTIVE           sfi        MATUs                         0                0                0
SFI_CLASS_UTILITY                    sfi        MATUs                         0                0                0
SFI_CLASS_RUNAWAY_MITIGATION         sfi        MATUs                         0                0                0
cpu_time_billed_to_me                sched      ns                      3205035          3205035                0
cpu_time_billed_to_others            sched      ns                            0                0                0
energy_billed_to_me                  power      nj                      4746128          4746128                0
energy_billed_to_others              power      nj                            0                0                0
physical_writes                      res        bytes                  10.528 G         10.528 G          0.000 G
logical_writes                       res        bytes                  12.189 G         12.189 G          0.000 G
logical_writes_to_external           res        bytes                   0.000 G          0.000 G          0.000 G
fs_metadata_writes                   res        bytes                   0.053 G          0.053 G          0.000 G

sum of physmem byte balances (excl. phys_footprint itself): 20.699 G
(entries reported: template 68, task 68)
=== ts_ms=1786402472364 pid=23286
task ledger 'Per-task ledger' id=6149018 entries=68 (pid 23286)

entry                                group      units                   balance           credit            debit
cpu_time                             sched      ns                   9461438467       9461438467                0
tkm_private                          physmem    bytes                   0.009 G          0.009 G          0.000 G
tkm_shared                           physmem    bytes                   0.000 G          0.000 G          0.000 G
phys_mem                             physmem    bytes                   9.252 G          9.252 G          0.000 G
wired_mem                            physmem    bytes                   0.000 G          0.000 G          0.000 G
internal                             physmem    bytes                   4.129 G         47.982 G         43.853 G
external                             physmem    bytes                   0.011 G          0.014 G          0.002 G
reusable                             physmem    bytes                   5.112 G         31.443 G         26.332 G
internal_compressed                  physmem    bytes                   1.638 G         12.589 G         10.951 G
iokit_mapped                         mappings   bytes                   0.000 G          0.000 G          0.000 G
alternate_accounting                 physmem    bytes                   0.000 G          0.000 G          0.000 G
alternate_accounting_compressed      physmem    bytes                   0.000 G          0.000 G          0.000 G
conclave_mem                         physmem    bytes                   0.000 G          0.000 G          0.000 G
phys_footprint                       physmem    bytes                   5.776 G         37.271 G         31.496 G
memorystatus_dirty_time              physmem    ns                            0                0                0
page_table                           physmem    bytes                   0.009 G          0.009 G          0.000 G
pages_grabbed                        physmem    count                   3493081          3493081                0
pages_grabbed_kern                   physmem    count                     13838            13838                0
pages_grabbed_iopl                   physmem    count                         0                0                0
pages_grabbed_upl                    physmem    count                   1360488          1360488                0
purgeable_volatile                   physmem    bytes                   0.000 G          0.000 G          0.000 G
purgeable_nonvolatile                physmem    bytes                   0.000 G          0.000 G          0.000 G
purgeable_volatile_compress          physmem    bytes                   0.000 G          0.000 G          0.000 G
purgeable_nonvolatile_compress       physmem    bytes                   0.000 G          0.000 G          0.000 G
tagged_nofootprint                   physmem    bytes                   0.000 G          0.000 G          0.000 G
tagged_footprint                     physmem    bytes                   0.000 G          0.000 G          0.000 G
tagged_nofootprint_compressed        physmem    bytes                   0.000 G          0.000 G          0.000 G
tagged_footprint_compressed          physmem    bytes                   0.000 G          0.000 G          0.000 G
network_volatile                     physmem    bytes                   0.000 G          0.000 G          0.000 G
network_nonvolatile                  physmem    bytes                   0.000 G          0.000 G          0.000 G
network_volatile_compressed          physmem    bytes                   0.000 G          0.000 G          0.000 G
network_nonvolatile_compressed       physmem    bytes                   0.000 G          0.000 G          0.000 G
media_nofootprint                    physmem    bytes                   0.000 G          0.000 G          0.000 G
media_footprint                      physmem    bytes                   0.000 G          0.000 G          0.000 G
media_nofootprint_compressed         physmem    bytes                   0.000 G          0.000 G          0.000 G
media_footprint_compressed           physmem    bytes                   0.000 G          0.000 G          0.000 G
graphics_nofootprint                 physmem    bytes                   0.000 G          0.000 G          0.000 G
graphics_footprint                   physmem    bytes                   0.000 G          0.000 G          0.000 G
graphics_nofootprint_compressed      physmem    bytes                   0.000 G          0.000 G          0.000 G
graphics_footprint_compressed        physmem    bytes                   0.000 G          0.000 G          0.000 G
neural_nofootprint                   physmem    bytes                   0.000 G          0.000 G          0.000 G
neural_footprint                     physmem    bytes                   0.000 G          0.000 G          0.000 G
neural_nofootprint_compressed        physmem    bytes                   0.000 G          0.000 G          0.000 G
neural_footprint_compressed          physmem    bytes                   0.000 G          0.000 G          0.000 G
neural_nofootprint_total             physmem    bytes                   0.000 G          0.000 G          0.000 G
swapins                              physmem    bytes                   0.147 G          0.147 G          0.000 G
est_reclaimable                      virtmem    bytes                   0.000 G          0.000 G          0.000 G
platform_idle_wakeups                power      count                      2410             2410                0
interrupt_wakeups                    power      count                    227462           227462                0
SFI_CLASS_APP_NAP                    sfi        MATUs                         0                0                0
SFI_CLASS_DARWIN_BG                  sfi        MATUs                         0                0                0
SFI_CLASS_DEFAULT                    sfi        MATUs                         0                0                0
SFI_CLASS_LEGACY                     sfi        MATUs                         0                0                0
SFI_CLASS_MAINTENANCE                sfi        MATUs                         0                0                0
SFI_CLASS_MANAGED                    sfi        MATUs                         0                0                0
SFI_CLASS_OPTED_OUT                  sfi        MATUs                         0                0                0
SFI_CLASS_USER_INITIATED             sfi        MATUs                         0                0                0
SFI_CLASS_USER_INTERACTIVE           sfi        MATUs                         0                0                0
SFI_CLASS_UTILITY                    sfi        MATUs                         0                0                0
SFI_CLASS_RUNAWAY_MITIGATION         sfi        MATUs                         0                0                0
cpu_time_billed_to_me                sched      ns                      3294236          3294236                0
cpu_time_billed_to_others            sched      ns                            0                0                0
energy_billed_to_me                  power      nj                      4746128          4746128                0
energy_billed_to_others              power      nj                            0                0                0
physical_writes                      res        bytes                  10.528 G         10.528 G          0.000 G
logical_writes                       res        bytes                  12.189 G         12.189 G          0.000 G
logical_writes_to_external           res        bytes                   0.000 G          0.000 G          0.000 G
fs_metadata_writes                   res        bytes                   0.053 G          0.053 G          0.000 G

sum of physmem byte balances (excl. phys_footprint itself): 20.307 G
(entries reported: template 68, task 68)
=== ts_ms=1786402540354 pid=23286
task ledger 'Per-task ledger' id=6149018 entries=68 (pid 23286)

entry                                group      units                   balance           credit            debit
cpu_time                             sched      ns                  10037526190      10037526190                0
tkm_private                          physmem    bytes                   0.009 G          0.009 G          0.000 G
tkm_shared                           physmem    bytes                   0.000 G          0.000 G          0.000 G
phys_mem                             physmem    bytes                   9.680 G          9.680 G          0.000 G
wired_mem                            physmem    bytes                   0.000 G          0.000 G          0.000 G
internal                             physmem    bytes                   4.340 G         48.202 G         43.863 G
external                             physmem    bytes                   0.011 G          0.014 G          0.002 G
reusable                             physmem    bytes                   5.329 G         31.661 G         26.332 G
internal_compressed                  physmem    bytes                   1.394 G         12.589 G         11.195 G
iokit_mapped                         mappings   bytes                   0.000 G          0.000 G          0.000 G
alternate_accounting                 physmem    bytes                   0.000 G          0.000 G          0.000 G
alternate_accounting_compressed      physmem    bytes                   0.000 G          0.000 G          0.000 G
conclave_mem                         physmem    bytes                   0.000 G          0.000 G          0.000 G
phys_footprint                       physmem    bytes                   5.743 G         37.417 G         31.674 G
memorystatus_dirty_time              physmem    ns                            0                0                0
page_table                           physmem    bytes                   0.009 G          0.009 G          0.000 G
pages_grabbed                        physmem    count                   3703208          3703208                0
pages_grabbed_kern                   physmem    count                     14376            14376                0
pages_grabbed_iopl                   physmem    count                         0                0                0
pages_grabbed_upl                    physmem    count                   1561056          1561056                0
purgeable_volatile                   physmem    bytes                   0.000 G          0.000 G          0.000 G
purgeable_nonvolatile                physmem    bytes                   0.000 G          0.000 G          0.000 G
purgeable_volatile_compress          physmem    bytes                   0.000 G          0.000 G          0.000 G
purgeable_nonvolatile_compress       physmem    bytes                   0.000 G          0.000 G          0.000 G
tagged_nofootprint                   physmem    bytes                   0.000 G          0.000 G          0.000 G
tagged_footprint                     physmem    bytes                   0.000 G          0.000 G          0.000 G
tagged_nofootprint_compressed        physmem    bytes                   0.000 G          0.000 G          0.000 G
tagged_footprint_compressed          physmem    bytes                   0.000 G          0.000 G          0.000 G
network_volatile                     physmem    bytes                   0.000 G          0.000 G          0.000 G
network_nonvolatile                  physmem    bytes                   0.000 G          0.000 G          0.000 G
network_volatile_compressed          physmem    bytes                   0.000 G          0.000 G          0.000 G
network_nonvolatile_compressed       physmem    bytes                   0.000 G          0.000 G          0.000 G
media_nofootprint                    physmem    bytes                   0.000 G          0.000 G          0.000 G
media_footprint                      physmem    bytes                   0.000 G          0.000 G          0.000 G
media_nofootprint_compressed         physmem    bytes                   0.000 G          0.000 G          0.000 G
media_footprint_compressed           physmem    bytes                   0.000 G          0.000 G          0.000 G
graphics_nofootprint                 physmem    bytes                   0.000 G          0.000 G          0.000 G
graphics_footprint                   physmem    bytes                   0.000 G          0.000 G          0.000 G
graphics_nofootprint_compressed      physmem    bytes                   0.000 G          0.000 G          0.000 G
graphics_footprint_compressed        physmem    bytes                   0.000 G          0.000 G          0.000 G
neural_nofootprint                   physmem    bytes                   0.000 G          0.000 G          0.000 G
neural_footprint                     physmem    bytes                   0.000 G          0.000 G          0.000 G
neural_nofootprint_compressed        physmem    bytes                   0.000 G          0.000 G          0.000 G
neural_footprint_compressed          physmem    bytes                   0.000 G          0.000 G          0.000 G
neural_nofootprint_total             physmem    bytes                   0.000 G          0.000 G          0.000 G
swapins                              physmem    bytes                   0.152 G          0.152 G          0.000 G
est_reclaimable                      virtmem    bytes                   0.000 G          0.000 G          0.000 G
platform_idle_wakeups                power      count                      2653             2653                0
interrupt_wakeups                    power      count                    240101           240101                0
SFI_CLASS_APP_NAP                    sfi        MATUs                         0                0                0
SFI_CLASS_DARWIN_BG                  sfi        MATUs                         0                0                0
SFI_CLASS_DEFAULT                    sfi        MATUs                         0                0                0
SFI_CLASS_LEGACY                     sfi        MATUs                         0                0                0
SFI_CLASS_MAINTENANCE                sfi        MATUs                         0                0                0
SFI_CLASS_MANAGED                    sfi        MATUs                         0                0                0
SFI_CLASS_OPTED_OUT                  sfi        MATUs                         0                0                0
SFI_CLASS_USER_INITIATED             sfi        MATUs                         0                0                0
SFI_CLASS_USER_INTERACTIVE           sfi        MATUs                         0                0                0
SFI_CLASS_UTILITY                    sfi        MATUs                         0                0                0
SFI_CLASS_RUNAWAY_MITIGATION         sfi        MATUs                         0                0                0
cpu_time_billed_to_me                sched      ns                      3476681          3476681                0
cpu_time_billed_to_others            sched      ns                            0                0                0
energy_billed_to_me                  power      nj                      4792027          4792027                0
energy_billed_to_others              power      nj                            0                0                0
physical_writes                      res        bytes                  13.544 G         13.544 G          0.000 G
logical_writes                       res        bytes                  15.205 G         15.205 G          0.000 G
logical_writes_to_external           res        bytes                   0.000 G          0.000 G          0.000 G
fs_metadata_writes                   res        bytes                   0.056 G          0.056 G          0.000 G

sum of physmem byte balances (excl. phys_footprint itself): 20.925 G
(entries reported: template 68, task 68)
=== ts_ms=1786402600317 pid=23286
task ledger 'Per-task ledger' id=6149018 entries=68 (pid 23286)

entry                                group      units                   balance           credit            debit
cpu_time                             sched      ns                  10318463430      10318463430                0
tkm_private                          physmem    bytes                   0.009 G          0.009 G          0.000 G
tkm_shared                           physmem    bytes                   0.000 G          0.000 G          0.000 G
phys_mem                             physmem    bytes                   9.684 G          9.684 G          0.000 G
wired_mem                            physmem    bytes                   0.000 G          0.000 G          0.000 G
internal                             physmem    bytes                   4.344 G         48.216 G         43.872 G
external                             physmem    bytes                   0.011 G          0.014 G          0.002 G
reusable                             physmem    bytes                   5.329 G         31.661 G         26.332 G
internal_compressed                  physmem    bytes                   1.393 G         12.589 G         11.196 G
iokit_mapped                         mappings   bytes                   0.000 G          0.000 G          0.000 G
alternate_accounting                 physmem    bytes                   0.000 G          0.000 G          0.000 G
alternate_accounting_compressed      physmem    bytes                   0.000 G          0.000 G          0.000 G
conclave_mem                         physmem    bytes                   0.000 G          0.000 G          0.000 G
phys_footprint                       physmem    bytes                   5.746 G         37.429 G         31.683 G
memorystatus_dirty_time              physmem    ns                            0                0                0
page_table                           physmem    bytes                   0.009 G          0.009 G          0.000 G
pages_grabbed                        physmem    count                   3704152          3704152                0
pages_grabbed_kern                   physmem    count                     14393            14393                0
pages_grabbed_iopl                   physmem    count                         0                0                0
pages_grabbed_upl                    physmem    count                   1561130          1561130                0
purgeable_volatile                   physmem    bytes                   0.000 G          0.000 G          0.000 G
purgeable_nonvolatile                physmem    bytes                   0.000 G          0.000 G          0.000 G
purgeable_volatile_compress          physmem    bytes                   0.000 G          0.000 G          0.000 G
purgeable_nonvolatile_compress       physmem    bytes                   0.000 G          0.000 G          0.000 G
tagged_nofootprint                   physmem    bytes                   0.000 G          0.000 G          0.000 G
tagged_footprint                     physmem    bytes                   0.000 G          0.000 G          0.000 G
tagged_nofootprint_compressed        physmem    bytes                   0.000 G          0.000 G          0.000 G
tagged_footprint_compressed          physmem    bytes                   0.000 G          0.000 G          0.000 G
network_volatile                     physmem    bytes                   0.000 G          0.000 G          0.000 G
network_nonvolatile                  physmem    bytes                   0.000 G          0.000 G          0.000 G
network_volatile_compressed          physmem    bytes                   0.000 G          0.000 G          0.000 G
network_nonvolatile_compressed       physmem    bytes                   0.000 G          0.000 G          0.000 G
media_nofootprint                    physmem    bytes                   0.000 G          0.000 G          0.000 G
media_footprint                      physmem    bytes                   0.000 G          0.000 G          0.000 G
media_nofootprint_compressed         physmem    bytes                   0.000 G          0.000 G          0.000 G
media_footprint_compressed           physmem    bytes                   0.000 G          0.000 G          0.000 G
graphics_nofootprint                 physmem    bytes                   0.000 G          0.000 G          0.000 G
graphics_footprint                   physmem    bytes                   0.000 G          0.000 G          0.000 G
graphics_nofootprint_compressed      physmem    bytes                   0.000 G          0.000 G          0.000 G
graphics_footprint_compressed        physmem    bytes                   0.000 G          0.000 G          0.000 G
neural_nofootprint                   physmem    bytes                   0.000 G          0.000 G          0.000 G
neural_footprint                     physmem    bytes                   0.000 G          0.000 G          0.000 G
neural_nofootprint_compressed        physmem    bytes                   0.000 G          0.000 G          0.000 G
neural_footprint_compressed          physmem    bytes                   0.000 G          0.000 G          0.000 G
neural_nofootprint_total             physmem    bytes                   0.000 G          0.000 G          0.000 G
swapins                              physmem    bytes                   0.152 G          0.152 G          0.000 G
est_reclaimable                      virtmem    bytes                   0.000 G          0.000 G          0.000 G
platform_idle_wakeups                power      count                      2709             2709                0
interrupt_wakeups                    power      count                    248242           248242                0
SFI_CLASS_APP_NAP                    sfi        MATUs                         0                0                0
SFI_CLASS_DARWIN_BG                  sfi        MATUs                         0                0                0
SFI_CLASS_DEFAULT                    sfi        MATUs                         0                0                0
SFI_CLASS_LEGACY                     sfi        MATUs                         0                0                0
SFI_CLASS_MAINTENANCE                sfi        MATUs                         0                0                0
SFI_CLASS_MANAGED                    sfi        MATUs                         0                0                0
SFI_CLASS_OPTED_OUT                  sfi        MATUs                         0                0                0
SFI_CLASS_USER_INITIATED             sfi        MATUs                         0                0                0
SFI_CLASS_USER_INTERACTIVE           sfi        MATUs                         0                0                0
SFI_CLASS_UTILITY                    sfi        MATUs                         0                0                0
SFI_CLASS_RUNAWAY_MITIGATION         sfi        MATUs                         0                0                0
cpu_time_billed_to_me                sched      ns                      3599472          3599472                0
cpu_time_billed_to_others            sched      ns                            0                0                0
energy_billed_to_me                  power      nj                      4792027          4792027                0
energy_billed_to_others              power      nj                            0                0                0
physical_writes                      res        bytes                  13.548 G         13.548 G          0.000 G
logical_writes                       res        bytes                  15.208 G         15.208 G          0.000 G
logical_writes_to_external           res        bytes                   0.000 G          0.000 G          0.000 G
fs_metadata_writes                   res        bytes                   0.056 G          0.056 G          0.000 G

sum of physmem byte balances (excl. phys_footprint itself): 20.931 G
(entries reported: template 68, task 68)
=== ts_ms=1786402610462 pid=23286
task ledger 'Per-task ledger' id=6149018 entries=68 (pid 23286)

entry                                group      units                   balance           credit            debit
cpu_time                             sched      ns                  10360963604      10360963604                0
tkm_private                          physmem    bytes                   0.009 G          0.009 G          0.000 G
tkm_shared                           physmem    bytes                   0.000 G          0.000 G          0.000 G
phys_mem                             physmem    bytes                   7.078 G          7.078 G          0.000 G
wired_mem                            physmem    bytes                   0.000 G          0.000 G          0.000 G
internal                             physmem    bytes                   5.968 G         53.608 G         47.640 G
external                             physmem    bytes                   0.011 G          0.014 G          0.002 G
reusable                             physmem    bytes                   1.098 G         31.661 G         30.563 G
internal_compressed                  physmem    bytes                   3.689 G         16.354 G         12.666 G
iokit_mapped                         mappings   bytes                   0.000 G          0.000 G          0.000 G
alternate_accounting                 physmem    bytes                   0.000 G          0.000 G          0.000 G
alternate_accounting_compressed      physmem    bytes                   0.000 G          0.000 G          0.000 G
conclave_mem                         physmem    bytes                   0.000 G          0.000 G          0.000 G
phys_footprint                       physmem    bytes                   9.666 G         41.351 G         31.685 G
memorystatus_dirty_time              physmem    ns                            0                0                0
page_table                           physmem    bytes                   0.009 G          0.009 G          0.000 G
pages_grabbed                        physmem    count                   3800477          3800477                0
pages_grabbed_kern                   physmem    count                     14397            14397                0
pages_grabbed_iopl                   physmem    count                         0                0                0
pages_grabbed_upl                    physmem    count                   1561182          1561182                0
purgeable_volatile                   physmem    bytes                   0.000 G          0.000 G          0.000 G
purgeable_nonvolatile                physmem    bytes                   0.000 G          0.000 G          0.000 G
purgeable_volatile_compress          physmem    bytes                   0.000 G          0.000 G          0.000 G
purgeable_nonvolatile_compress       physmem    bytes                   0.000 G          0.000 G          0.000 G
tagged_nofootprint                   physmem    bytes                   0.000 G          0.000 G          0.000 G
tagged_footprint                     physmem    bytes                   0.000 G          0.000 G          0.000 G
tagged_nofootprint_compressed        physmem    bytes                   0.000 G          0.000 G          0.000 G
tagged_footprint_compressed          physmem    bytes                   0.000 G          0.000 G          0.000 G
network_volatile                     physmem    bytes                   0.000 G          0.000 G          0.000 G
network_nonvolatile                  physmem    bytes                   0.000 G          0.000 G          0.000 G
network_volatile_compressed          physmem    bytes                   0.000 G          0.000 G          0.000 G
network_nonvolatile_compressed       physmem    bytes                   0.000 G          0.000 G          0.000 G
media_nofootprint                    physmem    bytes                   0.000 G          0.000 G          0.000 G
media_footprint                      physmem    bytes                   0.000 G          0.000 G          0.000 G
media_nofootprint_compressed         physmem    bytes                   0.000 G          0.000 G          0.000 G
media_footprint_compressed           physmem    bytes                   0.000 G          0.000 G          0.000 G
graphics_nofootprint                 physmem    bytes                   0.000 G          0.000 G          0.000 G
graphics_footprint                   physmem    bytes                   0.000 G          0.000 G          0.000 G
graphics_nofootprint_compressed      physmem    bytes                   0.000 G          0.000 G          0.000 G
graphics_footprint_compressed        physmem    bytes                   0.000 G          0.000 G          0.000 G
neural_nofootprint                   physmem    bytes                   0.000 G          0.000 G          0.000 G
neural_footprint                     physmem    bytes                   0.000 G          0.000 G          0.000 G
neural_nofootprint_compressed        physmem    bytes                   0.000 G          0.000 G          0.000 G
neural_footprint_compressed          physmem    bytes                   0.000 G          0.000 G          0.000 G
neural_nofootprint_total             physmem    bytes                   0.000 G          0.000 G          0.000 G
swapins                              physmem    bytes                   0.152 G          0.152 G          0.000 G
est_reclaimable                      virtmem    bytes                   0.000 G          0.000 G          0.000 G
platform_idle_wakeups                power      count                      2709             2709                0
interrupt_wakeups                    power      count                    249614           249614                0
SFI_CLASS_APP_NAP                    sfi        MATUs                         0                0                0
SFI_CLASS_DARWIN_BG                  sfi        MATUs                         0                0                0
SFI_CLASS_DEFAULT                    sfi        MATUs                         0                0                0
SFI_CLASS_LEGACY                     sfi        MATUs                         0                0                0
SFI_CLASS_MAINTENANCE                sfi        MATUs                         0                0                0
SFI_CLASS_MANAGED                    sfi        MATUs                         0                0                0
SFI_CLASS_OPTED_OUT                  sfi        MATUs                         0                0                0
SFI_CLASS_USER_INITIATED             sfi        MATUs                         0                0                0
SFI_CLASS_USER_INTERACTIVE           sfi        MATUs                         0                0                0
SFI_CLASS_UTILITY                    sfi        MATUs                         0                0                0
SFI_CLASS_RUNAWAY_MITIGATION         sfi        MATUs                         0                0                0
cpu_time_billed_to_me                sched      ns                      3619886          3619886                0
cpu_time_billed_to_others            sched      ns                            0                0                0
energy_billed_to_me                  power      nj                      4792027          4792027                0
energy_billed_to_others              power      nj                            0                0                0
physical_writes                      res        bytes                  13.549 G         13.549 G          0.000 G
logical_writes                       res        bytes                  15.209 G         15.209 G          0.000 G
logical_writes_to_external           res        bytes                   0.000 G          0.000 G          0.000 G
fs_metadata_writes                   res        bytes                   0.056 G          0.056 G          0.000 G

sum of physmem byte balances (excl. phys_footprint itself): 18.015 G
(entries reported: template 68, task 68)
=== ts_ms=1786402610685 pid=23286
task ledger 'Per-task ledger' id=6149018 entries=68 (pid 23286)

entry                                group      units                   balance           credit            debit
cpu_time                             sched      ns                  10361095997      10361095997                0
tkm_private                          physmem    bytes                   0.009 G          0.009 G          0.000 G
tkm_shared                           physmem    bytes                   0.000 G          0.000 G          0.000 G
phys_mem                             physmem    bytes                   7.079 G          7.079 G          0.000 G
wired_mem                            physmem    bytes                   0.000 G          0.000 G          0.000 G
internal                             physmem    bytes                   5.970 G         53.610 G         47.640 G
external                             physmem    bytes                   0.011 G          0.014 G          0.002 G
reusable                             physmem    bytes                   1.098 G         31.661 G         30.563 G
internal_compressed                  physmem    bytes                   3.687 G         16.354 G         12.667 G
iokit_mapped                         mappings   bytes                   0.000 G          0.000 G          0.000 G
alternate_accounting                 physmem    bytes                   0.000 G          0.000 G          0.000 G
alternate_accounting_compressed      physmem    bytes                   0.000 G          0.000 G          0.000 G
conclave_mem                         physmem    bytes                   0.000 G          0.000 G          0.000 G
phys_footprint                       physmem    bytes                   9.666 G         41.351 G         31.685 G
memorystatus_dirty_time              physmem    ns                            0                0                0
page_table                           physmem    bytes                   0.009 G          0.009 G          0.000 G
pages_grabbed                        physmem    count                   3800589          3800589                0
pages_grabbed_kern                   physmem    count                     14397            14397                0
pages_grabbed_iopl                   physmem    count                         0                0                0
pages_grabbed_upl                    physmem    count                   1561182          1561182                0
purgeable_volatile                   physmem    bytes                   0.000 G          0.000 G          0.000 G
purgeable_nonvolatile                physmem    bytes                   0.000 G          0.000 G          0.000 G
purgeable_volatile_compress          physmem    bytes                   0.000 G          0.000 G          0.000 G
purgeable_nonvolatile_compress       physmem    bytes                   0.000 G          0.000 G          0.000 G
tagged_nofootprint                   physmem    bytes                   0.000 G          0.000 G          0.000 G
tagged_footprint                     physmem    bytes                   0.000 G          0.000 G          0.000 G
tagged_nofootprint_compressed        physmem    bytes                   0.000 G          0.000 G          0.000 G
tagged_footprint_compressed          physmem    bytes                   0.000 G          0.000 G          0.000 G
network_volatile                     physmem    bytes                   0.000 G          0.000 G          0.000 G
network_nonvolatile                  physmem    bytes                   0.000 G          0.000 G          0.000 G
network_volatile_compressed          physmem    bytes                   0.000 G          0.000 G          0.000 G
network_nonvolatile_compressed       physmem    bytes                   0.000 G          0.000 G          0.000 G
media_nofootprint                    physmem    bytes                   0.000 G          0.000 G          0.000 G
media_footprint                      physmem    bytes                   0.000 G          0.000 G          0.000 G
media_nofootprint_compressed         physmem    bytes                   0.000 G          0.000 G          0.000 G
media_footprint_compressed           physmem    bytes                   0.000 G          0.000 G          0.000 G
graphics_nofootprint                 physmem    bytes                   0.000 G          0.000 G          0.000 G
graphics_footprint                   physmem    bytes                   0.000 G          0.000 G          0.000 G
graphics_nofootprint_compressed      physmem    bytes                   0.000 G          0.000 G          0.000 G
graphics_footprint_compressed        physmem    bytes                   0.000 G          0.000 G          0.000 G
neural_nofootprint                   physmem    bytes                   0.000 G          0.000 G          0.000 G
neural_footprint                     physmem    bytes                   0.000 G          0.000 G          0.000 G
neural_nofootprint_compressed        physmem    bytes                   0.000 G          0.000 G          0.000 G
neural_footprint_compressed          physmem    bytes                   0.000 G          0.000 G          0.000 G
neural_nofootprint_total             physmem    bytes                   0.000 G          0.000 G          0.000 G
swapins                              physmem    bytes                   0.152 G          0.152 G          0.000 G
est_reclaimable                      virtmem    bytes                   0.000 G          0.000 G          0.000 G
platform_idle_wakeups                power      count                      2709             2709                0
interrupt_wakeups                    power      count                    249639           249639                0
SFI_CLASS_APP_NAP                    sfi        MATUs                         0                0                0
SFI_CLASS_DARWIN_BG                  sfi        MATUs                         0                0                0
SFI_CLASS_DEFAULT                    sfi        MATUs                         0                0                0
SFI_CLASS_LEGACY                     sfi        MATUs                         0                0                0
SFI_CLASS_MAINTENANCE                sfi        MATUs                         0                0                0
SFI_CLASS_MANAGED                    sfi        MATUs                         0                0                0
SFI_CLASS_OPTED_OUT                  sfi        MATUs                         0                0                0
SFI_CLASS_USER_INITIATED             sfi        MATUs                         0                0                0
SFI_CLASS_USER_INTERACTIVE           sfi        MATUs                         0                0                0
SFI_CLASS_UTILITY                    sfi        MATUs                         0                0                0
SFI_CLASS_RUNAWAY_MITIGATION         sfi        MATUs                         0                0                0
cpu_time_billed_to_me                sched      ns                      3619886          3619886                0
cpu_time_billed_to_others            sched      ns                            0                0                0
energy_billed_to_me                  power      nj                      4792027          4792027                0
energy_billed_to_others              power      nj                            0                0                0
physical_writes                      res        bytes                  13.549 G         13.549 G          0.000 G
logical_writes                       res        bytes                  15.209 G         15.209 G          0.000 G
logical_writes_to_external           res        bytes                   0.000 G          0.000 G          0.000 G
fs_metadata_writes                   res        bytes                   0.056 G          0.056 G          0.000 G

sum of physmem byte balances (excl. phys_footprint itself): 18.017 G
(entries reported: template 68, task 68)
=== ts_ms=1786402670773 pid=23286
task ledger 'Per-task ledger' id=6149018 entries=68 (pid 23286)

entry                                group      units                   balance           credit            debit
cpu_time                             sched      ns                  10912481983      10912481983                0
tkm_private                          physmem    bytes                   0.009 G          0.009 G          0.000 G
tkm_shared                           physmem    bytes                   0.000 G          0.000 G          0.000 G
phys_mem                             physmem    bytes                   8.456 G          8.456 G          0.000 G
wired_mem                            physmem    bytes                   0.000 G          0.000 G          0.000 G
internal                             physmem    bytes                   5.571 G         63.651 G         58.080 G
external                             physmem    bytes                   0.011 G          0.014 G          0.002 G
reusable                             physmem    bytes                   2.874 G         40.527 G         37.653 G
internal_compressed                  physmem    bytes                   1.957 G         17.920 G         15.962 G
iokit_mapped                         mappings   bytes                   0.000 G          0.000 G          0.000 G
alternate_accounting                 physmem    bytes                   0.000 G          0.000 G          0.000 G
alternate_accounting_compressed      physmem    bytes                   0.000 G          0.000 G          0.000 G
conclave_mem                         physmem    bytes                   0.000 G          0.000 G          0.000 G
phys_footprint                       physmem    bytes                   7.538 G         48.098 G         40.561 G
memorystatus_dirty_time              physmem    ns                            0                0                0
page_table                           physmem    bytes                   0.010 G          0.010 G          0.000 G
pages_grabbed                        physmem    count                   4474319          4474319                0
pages_grabbed_kern                   physmem    count                     16955            16955                0
pages_grabbed_iopl                   physmem    count                         0                0                0
pages_grabbed_upl                    physmem    count                   1741190          1741190                0
purgeable_volatile                   physmem    bytes                   0.000 G          0.000 G          0.000 G
purgeable_nonvolatile                physmem    bytes                   0.000 G          0.000 G          0.000 G
purgeable_volatile_compress          physmem    bytes                   0.000 G          0.000 G          0.000 G
purgeable_nonvolatile_compress       physmem    bytes                   0.000 G          0.000 G          0.000 G
tagged_nofootprint                   physmem    bytes                   0.000 G          0.000 G          0.000 G
tagged_footprint                     physmem    bytes                   0.000 G          0.000 G          0.000 G
tagged_nofootprint_compressed        physmem    bytes                   0.000 G          0.000 G          0.000 G
tagged_footprint_compressed          physmem    bytes                   0.000 G          0.000 G          0.000 G
network_volatile                     physmem    bytes                   0.000 G          0.000 G          0.000 G
network_nonvolatile                  physmem    bytes                   0.000 G          0.000 G          0.000 G
network_volatile_compressed          physmem    bytes                   0.000 G          0.000 G          0.000 G
network_nonvolatile_compressed       physmem    bytes                   0.000 G          0.000 G          0.000 G
media_nofootprint                    physmem    bytes                   0.000 G          0.000 G          0.000 G
media_footprint                      physmem    bytes                   0.000 G          0.000 G          0.000 G
media_nofootprint_compressed         physmem    bytes                   0.000 G          0.000 G          0.000 G
media_footprint_compressed           physmem    bytes                   0.000 G          0.000 G          0.000 G
graphics_nofootprint                 physmem    bytes                   0.000 G          0.000 G          0.000 G
graphics_footprint                   physmem    bytes                   0.000 G          0.000 G          0.000 G
graphics_nofootprint_compressed      physmem    bytes                   0.000 G          0.000 G          0.000 G
graphics_footprint_compressed        physmem    bytes                   0.000 G          0.000 G          0.000 G
neural_nofootprint                   physmem    bytes                   0.000 G          0.000 G          0.000 G
neural_footprint                     physmem    bytes                   0.000 G          0.000 G          0.000 G
neural_nofootprint_compressed        physmem    bytes                   0.000 G          0.000 G          0.000 G
neural_footprint_compressed          physmem    bytes                   0.000 G          0.000 G          0.000 G
neural_nofootprint_total             physmem    bytes                   0.000 G          0.000 G          0.000 G
swapins                              physmem    bytes                   0.185 G          0.185 G          0.000 G
est_reclaimable                      virtmem    bytes                   0.000 G          0.000 G          0.000 G
platform_idle_wakeups                power      count                      2787             2787                0
interrupt_wakeups                    power      count                    262747           262747                0
SFI_CLASS_APP_NAP                    sfi        MATUs                         0                0                0
SFI_CLASS_DARWIN_BG                  sfi        MATUs                         0                0                0
SFI_CLASS_DEFAULT                    sfi        MATUs                         0                0                0
SFI_CLASS_LEGACY                     sfi        MATUs                         0                0                0
SFI_CLASS_MAINTENANCE                sfi        MATUs                         0                0                0
SFI_CLASS_MANAGED                    sfi        MATUs                         0                0                0
SFI_CLASS_OPTED_OUT                  sfi        MATUs                         0                0                0
SFI_CLASS_USER_INITIATED             sfi        MATUs                         0                0                0
SFI_CLASS_USER_INTERACTIVE           sfi        MATUs                         0                0                0
SFI_CLASS_UTILITY                    sfi        MATUs                         0                0                0
SFI_CLASS_RUNAWAY_MITIGATION         sfi        MATUs                         0                0                0
cpu_time_billed_to_me                sched      ns                      3764717          3764717                0
cpu_time_billed_to_others            sched      ns                            0                0                0
energy_billed_to_me                  power      nj                      4792027          4792027                0
energy_billed_to_others              power      nj                            0                0                0
physical_writes                      res        bytes                  13.549 G         13.549 G          0.000 G
logical_writes                       res        bytes                  15.210 G         15.210 G          0.000 G
logical_writes_to_external           res        bytes                   0.000 G          0.000 G          0.000 G
fs_metadata_writes                   res        bytes                   0.057 G          0.057 G          0.000 G

sum of physmem byte balances (excl. phys_footprint itself): 19.073 G
(entries reported: template 68, task 68)
=== ts_ms=1786402737947 pid=23286
task ledger 'Per-task ledger' id=6149018 entries=68 (pid 23286)

entry                                group      units                   balance           credit            debit
cpu_time                             sched      ns                  12057907586      12057907586                0
tkm_private                          physmem    bytes                   0.009 G          0.009 G          0.000 G
tkm_shared                           physmem    bytes                   0.000 G          0.000 G          0.000 G
phys_mem                             physmem    bytes                   8.635 G          8.635 G          0.000 G
wired_mem                            physmem    bytes                   0.000 G          0.000 G          0.000 G
internal                             physmem    bytes                   4.202 G         63.836 G         59.634 G
external                             physmem    bytes                   0.011 G          0.014 G          0.002 G
reusable                             physmem    bytes                   4.422 G         42.076 G         37.653 G
internal_compressed                  physmem    bytes                   1.910 G         17.920 G         16.009 G
iokit_mapped                         mappings   bytes                   0.000 G          0.000 G          0.000 G
alternate_accounting                 physmem    bytes                   0.000 G          0.000 G          0.000 G
alternate_accounting_compressed      physmem    bytes                   0.000 G          0.000 G          0.000 G
conclave_mem                         physmem    bytes                   0.000 G          0.000 G          0.000 G
phys_footprint                       physmem    bytes                   6.122 G         48.240 G         42.119 G
memorystatus_dirty_time              physmem    ns                            0                0                0
page_table                           physmem    bytes                   0.010 G          0.010 G          0.000 G
pages_grabbed                        physmem    count                   4482117          4482117                0
pages_grabbed_kern                   physmem    count                     17062            17062                0
pages_grabbed_iopl                   physmem    count                         0                0                0
pages_grabbed_upl                    physmem    count                   1741583          1741583                0
purgeable_volatile                   physmem    bytes                   0.000 G          0.000 G          0.000 G
purgeable_nonvolatile                physmem    bytes                   0.000 G          0.000 G          0.000 G
purgeable_volatile_compress          physmem    bytes                   0.000 G          0.000 G          0.000 G
purgeable_nonvolatile_compress       physmem    bytes                   0.000 G          0.000 G          0.000 G
tagged_nofootprint                   physmem    bytes                   0.000 G          0.000 G          0.000 G
tagged_footprint                     physmem    bytes                   0.000 G          0.000 G          0.000 G
tagged_nofootprint_compressed        physmem    bytes                   0.000 G          0.000 G          0.000 G
tagged_footprint_compressed          physmem    bytes                   0.000 G          0.000 G          0.000 G
network_volatile                     physmem    bytes                   0.000 G          0.000 G          0.000 G
network_nonvolatile                  physmem    bytes                   0.000 G          0.000 G          0.000 G
network_volatile_compressed          physmem    bytes                   0.000 G          0.000 G          0.000 G
network_nonvolatile_compressed       physmem    bytes                   0.000 G          0.000 G          0.000 G
media_nofootprint                    physmem    bytes                   0.000 G          0.000 G          0.000 G
media_footprint                      physmem    bytes                   0.000 G          0.000 G          0.000 G
media_nofootprint_compressed         physmem    bytes                   0.000 G          0.000 G          0.000 G
media_footprint_compressed           physmem    bytes                   0.000 G          0.000 G          0.000 G
graphics_nofootprint                 physmem    bytes                   0.000 G          0.000 G          0.000 G
graphics_footprint                   physmem    bytes                   0.000 G          0.000 G          0.000 G
graphics_nofootprint_compressed      physmem    bytes                   0.000 G          0.000 G          0.000 G
graphics_footprint_compressed        physmem    bytes                   0.000 G          0.000 G          0.000 G
neural_nofootprint                   physmem    bytes                   0.000 G          0.000 G          0.000 G
neural_footprint                     physmem    bytes                   0.000 G          0.000 G          0.000 G
neural_nofootprint_compressed        physmem    bytes                   0.000 G          0.000 G          0.000 G
neural_footprint_compressed          physmem    bytes                   0.000 G          0.000 G          0.000 G
neural_nofootprint_total             physmem    bytes                   0.000 G          0.000 G          0.000 G
swapins                              physmem    bytes                   0.186 G          0.186 G          0.000 G
est_reclaimable                      virtmem    bytes                   0.000 G          0.000 G          0.000 G
platform_idle_wakeups                power      count                      2875             2875                0
interrupt_wakeups                    power      count                    286990           286990                0
SFI_CLASS_APP_NAP                    sfi        MATUs                         0                0                0
SFI_CLASS_DARWIN_BG                  sfi        MATUs                         0                0                0
SFI_CLASS_DEFAULT                    sfi        MATUs                         0                0                0
SFI_CLASS_LEGACY                     sfi        MATUs                         0                0                0
SFI_CLASS_MAINTENANCE                sfi        MATUs                         0                0                0
SFI_CLASS_MANAGED                    sfi        MATUs                         0                0                0
SFI_CLASS_OPTED_OUT                  sfi        MATUs                         0                0                0
SFI_CLASS_USER_INITIATED             sfi        MATUs                         0                0                0
SFI_CLASS_USER_INTERACTIVE           sfi        MATUs                         0                0                0
SFI_CLASS_UTILITY                    sfi        MATUs                         0                0                0
SFI_CLASS_RUNAWAY_MITIGATION         sfi        MATUs                         0                0                0
cpu_time_billed_to_me                sched      ns                      3897171          3897171                0
cpu_time_billed_to_others            sched      ns                            0                0                0
energy_billed_to_me                  power      nj                      4819360          4819360                0
energy_billed_to_others              power      nj                            0                0                0
physical_writes                      res        bytes                  13.549 G         13.549 G          0.000 G
logical_writes                       res        bytes                  15.210 G         15.210 G          0.000 G
logical_writes_to_external           res        bytes                   0.000 G          0.000 G          0.000 G
fs_metadata_writes                   res        bytes                   0.057 G          0.057 G          0.000 G

sum of physmem byte balances (excl. phys_footprint itself): 19.386 G
(entries reported: template 68, task 68)
=== ts_ms=1786402805648 pid=23286
task ledger 'Per-task ledger' id=6149018 entries=68 (pid 23286)

entry                                group      units                   balance           credit            debit
cpu_time                             sched      ns                  12625084130      12625084130                0
tkm_private                          physmem    bytes                   0.009 G          0.009 G          0.000 G
tkm_shared                           physmem    bytes                   0.000 G          0.000 G          0.000 G
phys_mem                             physmem    bytes                   9.428 G          9.428 G          0.000 G
wired_mem                            physmem    bytes                   0.000 G          0.000 G          0.000 G
internal                             physmem    bytes                   4.743 G         64.387 G         59.644 G
external                             physmem    bytes                   0.011 G          0.014 G          0.002 G
reusable                             physmem    bytes                   4.674 G         42.328 G         37.653 G
internal_compressed                  physmem    bytes                   1.551 G         17.920 G         16.369 G
iokit_mapped                         mappings   bytes                   0.000 G          0.000 G          0.000 G
alternate_accounting                 physmem    bytes                   0.000 G          0.000 G          0.000 G
alternate_accounting_compressed      physmem    bytes                   0.000 G          0.000 G          0.000 G
conclave_mem                         physmem    bytes                   0.000 G          0.000 G          0.000 G
phys_footprint                       physmem    bytes                   6.303 G         48.667 G         42.364 G
memorystatus_dirty_time              physmem    ns                            0                0                0
page_table                           physmem    bytes                   0.010 G          0.010 G          0.000 G
pages_grabbed                        physmem    count                   4700404          4700404                0
pages_grabbed_kern                   physmem    count                     17495            17495                0
pages_grabbed_iopl                   physmem    count                         0                0                0
pages_grabbed_upl                    physmem    count                   1939537          1939537                0
purgeable_volatile                   physmem    bytes                   0.000 G          0.000 G          0.000 G
purgeable_nonvolatile                physmem    bytes                   0.000 G          0.000 G          0.000 G
purgeable_volatile_compress          physmem    bytes                   0.000 G          0.000 G          0.000 G
purgeable_nonvolatile_compress       physmem    bytes                   0.000 G          0.000 G          0.000 G
tagged_nofootprint                   physmem    bytes                   0.000 G          0.000 G          0.000 G
tagged_footprint                     physmem    bytes                   0.000 G          0.000 G          0.000 G
tagged_nofootprint_compressed        physmem    bytes                   0.000 G          0.000 G          0.000 G
tagged_footprint_compressed          physmem    bytes                   0.000 G          0.000 G          0.000 G
network_volatile                     physmem    bytes                   0.000 G          0.000 G          0.000 G
network_nonvolatile                  physmem    bytes                   0.000 G          0.000 G          0.000 G
network_volatile_compressed          physmem    bytes                   0.000 G          0.000 G          0.000 G
network_nonvolatile_compressed       physmem    bytes                   0.000 G          0.000 G          0.000 G
media_nofootprint                    physmem    bytes                   0.000 G          0.000 G          0.000 G
media_footprint                      physmem    bytes                   0.000 G          0.000 G          0.000 G
media_nofootprint_compressed         physmem    bytes                   0.000 G          0.000 G          0.000 G
media_footprint_compressed           physmem    bytes                   0.000 G          0.000 G          0.000 G
graphics_nofootprint                 physmem    bytes                   0.000 G          0.000 G          0.000 G
graphics_footprint                   physmem    bytes                   0.000 G          0.000 G          0.000 G
graphics_nofootprint_compressed      physmem    bytes                   0.000 G          0.000 G          0.000 G
graphics_footprint_compressed        physmem    bytes                   0.000 G          0.000 G          0.000 G
neural_nofootprint                   physmem    bytes                   0.000 G          0.000 G          0.000 G
neural_footprint                     physmem    bytes                   0.000 G          0.000 G          0.000 G
neural_nofootprint_compressed        physmem    bytes                   0.000 G          0.000 G          0.000 G
neural_footprint_compressed          physmem    bytes                   0.000 G          0.000 G          0.000 G
neural_nofootprint_total             physmem    bytes                   0.000 G          0.000 G          0.000 G
swapins                              physmem    bytes                   0.190 G          0.190 G          0.000 G
est_reclaimable                      virtmem    bytes                   0.000 G          0.000 G          0.000 G
platform_idle_wakeups                power      count                      2948             2948                0
interrupt_wakeups                    power      count                    299225           299225                0
SFI_CLASS_APP_NAP                    sfi        MATUs                         0                0                0
SFI_CLASS_DARWIN_BG                  sfi        MATUs                         0                0                0
SFI_CLASS_DEFAULT                    sfi        MATUs                         0                0                0
SFI_CLASS_LEGACY                     sfi        MATUs                         0                0                0
SFI_CLASS_MAINTENANCE                sfi        MATUs                         0                0                0
SFI_CLASS_MANAGED                    sfi        MATUs                         0                0                0
SFI_CLASS_OPTED_OUT                  sfi        MATUs                         0                0                0
SFI_CLASS_USER_INITIATED             sfi        MATUs                         0                0                0
SFI_CLASS_USER_INTERACTIVE           sfi        MATUs                         0                0                0
SFI_CLASS_UTILITY                    sfi        MATUs                         0                0                0
SFI_CLASS_RUNAWAY_MITIGATION         sfi        MATUs                         0                0                0
cpu_time_billed_to_me                sched      ns                      4068796          4068796                0
cpu_time_billed_to_others            sched      ns                            0                0                0
energy_billed_to_me                  power      nj                      4857138          4857138                0
energy_billed_to_others              power      nj                            0                0                0
physical_writes                      res        bytes                  16.154 G         16.154 G          0.000 G
logical_writes                       res        bytes                  18.225 G         18.225 G          0.000 G
logical_writes_to_external           res        bytes                   0.000 G          0.000 G          0.000 G
fs_metadata_writes                   res        bytes                   0.058 G          0.058 G          0.000 G

sum of physmem byte balances (excl. phys_footprint itself): 20.617 G
(entries reported: template 68, task 68)
=== ts_ms=1786402865454 pid=23286
task ledger 'Per-task ledger' id=6149018 entries=68 (pid 23286)

entry                                group      units                   balance           credit            debit
cpu_time                             sched      ns                  12907538661      12907538661                0
tkm_private                          physmem    bytes                   0.009 G          0.009 G          0.000 G
tkm_shared                           physmem    bytes                   0.000 G          0.000 G          0.000 G
phys_mem                             physmem    bytes                   9.436 G          9.436 G          0.000 G
wired_mem                            physmem    bytes                   0.000 G          0.000 G          0.000 G
internal                             physmem    bytes                   4.751 G         64.404 G         59.653 G
external                             physmem    bytes                   0.011 G          0.014 G          0.002 G
reusable                             physmem    bytes                   4.674 G         42.328 G         37.653 G
internal_compressed                  physmem    bytes                   1.543 G         17.920 G         16.377 G
iokit_mapped                         mappings   bytes                   0.000 G          0.000 G          0.000 G
alternate_accounting                 physmem    bytes                   0.000 G          0.000 G          0.000 G
alternate_accounting_compressed      physmem    bytes                   0.000 G          0.000 G          0.000 G
conclave_mem                         physmem    bytes                   0.000 G          0.000 G          0.000 G
phys_footprint                       physmem    bytes                   6.303 G         48.677 G         42.374 G
memorystatus_dirty_time              physmem    ns                            0                0                0
page_table                           physmem    bytes                   0.010 G          0.010 G          0.000 G
pages_grabbed                        physmem    count                   4701945          4701945                0
pages_grabbed_kern                   physmem    count                     17725            17725                0
pages_grabbed_iopl                   physmem    count                         0                0                0
pages_grabbed_upl                    physmem    count                   1939726          1939726                0
purgeable_volatile                   physmem    bytes                   0.000 G          0.000 G          0.000 G
purgeable_nonvolatile                physmem    bytes                   0.000 G          0.000 G          0.000 G
purgeable_volatile_compress          physmem    bytes                   0.000 G          0.000 G          0.000 G
purgeable_nonvolatile_compress       physmem    bytes                   0.000 G          0.000 G          0.000 G
tagged_nofootprint                   physmem    bytes                   0.000 G          0.000 G          0.000 G
tagged_footprint                     physmem    bytes                   0.000 G          0.000 G          0.000 G
tagged_nofootprint_compressed        physmem    bytes                   0.000 G          0.000 G          0.000 G
tagged_footprint_compressed          physmem    bytes                   0.000 G          0.000 G          0.000 G
network_volatile                     physmem    bytes                   0.000 G          0.000 G          0.000 G
network_nonvolatile                  physmem    bytes                   0.000 G          0.000 G          0.000 G
network_volatile_compressed          physmem    bytes                   0.000 G          0.000 G          0.000 G
network_nonvolatile_compressed       physmem    bytes                   0.000 G          0.000 G          0.000 G
media_nofootprint                    physmem    bytes                   0.000 G          0.000 G          0.000 G
media_footprint                      physmem    bytes                   0.000 G          0.000 G          0.000 G
media_nofootprint_compressed         physmem    bytes                   0.000 G          0.000 G          0.000 G
media_footprint_compressed           physmem    bytes                   0.000 G          0.000 G          0.000 G
graphics_nofootprint                 physmem    bytes                   0.000 G          0.000 G          0.000 G
graphics_footprint                   physmem    bytes                   0.000 G          0.000 G          0.000 G
graphics_nofootprint_compressed      physmem    bytes                   0.000 G          0.000 G          0.000 G
graphics_footprint_compressed        physmem    bytes                   0.000 G          0.000 G          0.000 G
neural_nofootprint                   physmem    bytes                   0.000 G          0.000 G          0.000 G
neural_footprint                     physmem    bytes                   0.000 G          0.000 G          0.000 G
neural_nofootprint_compressed        physmem    bytes                   0.000 G          0.000 G          0.000 G
neural_footprint_compressed          physmem    bytes                   0.000 G          0.000 G          0.000 G
neural_nofootprint_total             physmem    bytes                   0.000 G          0.000 G          0.000 G
swapins                              physmem    bytes                   0.193 G          0.193 G          0.000 G
est_reclaimable                      virtmem    bytes                   0.000 G          0.000 G          0.000 G
platform_idle_wakeups                power      count                      2967             2967                0
interrupt_wakeups                    power      count                    307350           307350                0
SFI_CLASS_APP_NAP                    sfi        MATUs                         0                0                0
SFI_CLASS_DARWIN_BG                  sfi        MATUs                         0                0                0
SFI_CLASS_DEFAULT                    sfi        MATUs                         0                0                0
SFI_CLASS_LEGACY                     sfi        MATUs                         0                0                0
SFI_CLASS_MAINTENANCE                sfi        MATUs                         0                0                0
SFI_CLASS_MANAGED                    sfi        MATUs                         0                0                0
SFI_CLASS_OPTED_OUT                  sfi        MATUs                         0                0                0
SFI_CLASS_USER_INITIATED             sfi        MATUs                         0                0                0
SFI_CLASS_USER_INTERACTIVE           sfi        MATUs                         0                0                0
SFI_CLASS_UTILITY                    sfi        MATUs                         0                0                0
SFI_CLASS_RUNAWAY_MITIGATION         sfi        MATUs                         0                0                0
cpu_time_billed_to_me                sched      ns                      4197781          4197781                0
cpu_time_billed_to_others            sched      ns                            0                0                0
energy_billed_to_me                  power      nj                      4866106          4866106                0
energy_billed_to_others              power      nj                            0                0                0
physical_writes                      res        bytes                  16.157 G         16.157 G          0.000 G
logical_writes                       res        bytes                  18.228 G         18.228 G          0.000 G
logical_writes_to_external           res        bytes                   0.000 G          0.000 G          0.000 G
fs_metadata_writes                   res        bytes                   0.059 G          0.059 G          0.000 G

sum of physmem byte balances (excl. phys_footprint itself): 20.628 G
(entries reported: template 68, task 68)
=== ts_ms=1786402875584 pid=23286
task ledger 'Per-task ledger' id=6149018 entries=68 (pid 23286)

entry                                group      units                   balance           credit            debit
cpu_time                             sched      ns                  12948687195      12948687195                0
tkm_private                          physmem    bytes                   0.009 G          0.009 G          0.000 G
tkm_shared                           physmem    bytes                   0.000 G          0.000 G          0.000 G
phys_mem                             physmem    bytes                   7.134 G          7.134 G          0.000 G
wired_mem                            physmem    bytes                   0.000 G          0.000 G          0.000 G
internal                             physmem    bytes                   5.487 G         68.887 G         63.400 G
external                             physmem    bytes                   0.011 G          0.014 G          0.002 G
reusable                             physmem    bytes                   1.635 G         42.328 G         40.693 G
internal_compressed                  physmem    bytes                   3.689 G         21.664 G         17.975 G
iokit_mapped                         mappings   bytes                   0.000 G          0.000 G          0.000 G
alternate_accounting                 physmem    bytes                   0.000 G          0.000 G          0.000 G
alternate_accounting_compressed      physmem    bytes                   0.000 G          0.000 G          0.000 G
conclave_mem                         physmem    bytes                   0.000 G          0.000 G          0.000 G
phys_footprint                       physmem    bytes                   9.186 G         51.561 G         42.375 G
memorystatus_dirty_time              physmem    ns                            0                0                0
page_table                           physmem    bytes                   0.010 G          0.010 G          0.000 G
pages_grabbed                        physmem    count                   4811353          4811353                0
pages_grabbed_kern                   physmem    count                     21333            21333                0
pages_grabbed_iopl                   physmem    count                         0                0                0
pages_grabbed_upl                    physmem    count                   1939804          1939804                0
purgeable_volatile                   physmem    bytes                   0.000 G          0.000 G          0.000 G
purgeable_nonvolatile                physmem    bytes                   0.000 G          0.000 G          0.000 G
purgeable_volatile_compress          physmem    bytes                   0.000 G          0.000 G          0.000 G
purgeable_nonvolatile_compress       physmem    bytes                   0.000 G          0.000 G          0.000 G
tagged_nofootprint                   physmem    bytes                   0.000 G          0.000 G          0.000 G
tagged_footprint                     physmem    bytes                   0.000 G          0.000 G          0.000 G
tagged_nofootprint_compressed        physmem    bytes                   0.000 G          0.000 G          0.000 G
tagged_footprint_compressed          physmem    bytes                   0.000 G          0.000 G          0.000 G
network_volatile                     physmem    bytes                   0.000 G          0.000 G          0.000 G
network_nonvolatile                  physmem    bytes                   0.000 G          0.000 G          0.000 G
network_volatile_compressed          physmem    bytes                   0.000 G          0.000 G          0.000 G
network_nonvolatile_compressed       physmem    bytes                   0.000 G          0.000 G          0.000 G
media_nofootprint                    physmem    bytes                   0.000 G          0.000 G          0.000 G
media_footprint                      physmem    bytes                   0.000 G          0.000 G          0.000 G
media_nofootprint_compressed         physmem    bytes                   0.000 G          0.000 G          0.000 G
media_footprint_compressed           physmem    bytes                   0.000 G          0.000 G          0.000 G
graphics_nofootprint                 physmem    bytes                   0.000 G          0.000 G          0.000 G
graphics_footprint                   physmem    bytes                   0.000 G          0.000 G          0.000 G
graphics_nofootprint_compressed      physmem    bytes                   0.000 G          0.000 G          0.000 G
graphics_footprint_compressed        physmem    bytes                   0.000 G          0.000 G          0.000 G
neural_nofootprint                   physmem    bytes                   0.000 G          0.000 G          0.000 G
neural_footprint                     physmem    bytes                   0.000 G          0.000 G          0.000 G
neural_nofootprint_compressed        physmem    bytes                   0.000 G          0.000 G          0.000 G
neural_footprint_compressed          physmem    bytes                   0.000 G          0.000 G          0.000 G
neural_nofootprint_total             physmem    bytes                   0.000 G          0.000 G          0.000 G
swapins                              physmem    bytes                   0.244 G          0.244 G          0.000 G
est_reclaimable                      virtmem    bytes                   0.000 G          0.000 G          0.000 G
platform_idle_wakeups                power      count                      2968             2968                0
interrupt_wakeups                    power      count                    308536           308536                0
SFI_CLASS_APP_NAP                    sfi        MATUs                         0                0                0
SFI_CLASS_DARWIN_BG                  sfi        MATUs                         0                0                0
SFI_CLASS_DEFAULT                    sfi        MATUs                         0                0                0
SFI_CLASS_LEGACY                     sfi        MATUs                         0                0                0
SFI_CLASS_MAINTENANCE                sfi        MATUs                         0                0                0
SFI_CLASS_MANAGED                    sfi        MATUs                         0                0                0
SFI_CLASS_OPTED_OUT                  sfi        MATUs                         0                0                0
SFI_CLASS_USER_INITIATED             sfi        MATUs                         0                0                0
SFI_CLASS_USER_INTERACTIVE           sfi        MATUs                         0                0                0
SFI_CLASS_UTILITY                    sfi        MATUs                         0                0                0
SFI_CLASS_RUNAWAY_MITIGATION         sfi        MATUs                         0                0                0
cpu_time_billed_to_me                sched      ns                      4250999          4250999                0
cpu_time_billed_to_others            sched      ns                            0                0                0
energy_billed_to_me                  power      nj                      6743764          6743764                0
energy_billed_to_others              power      nj                            0                0                0
physical_writes                      res        bytes                  16.158 G         16.158 G          0.000 G
logical_writes                       res        bytes                  18.230 G         18.230 G          0.000 G
logical_writes_to_external           res        bytes                   0.000 G          0.000 G          0.000 G
fs_metadata_writes                   res        bytes                   0.059 G          0.059 G          0.000 G

sum of physmem byte balances (excl. phys_footprint itself): 18.220 G
(entries reported: template 68, task 68)
=== ts_ms=1786402875804 pid=23286
task ledger 'Per-task ledger' id=6149018 entries=68 (pid 23286)

entry                                group      units                   balance           credit            debit
cpu_time                             sched      ns                  12951867083      12951867083                0
tkm_private                          physmem    bytes                   0.009 G          0.009 G          0.000 G
tkm_shared                           physmem    bytes                   0.000 G          0.000 G          0.000 G
phys_mem                             physmem    bytes                   7.231 G          7.231 G          0.000 G
wired_mem                            physmem    bytes                   0.000 G          0.000 G          0.000 G
internal                             physmem    bytes                   5.452 G         68.984 G         63.533 G
external                             physmem    bytes                   0.011 G          0.014 G          0.002 G
reusable                             physmem    bytes                   1.768 G         42.461 G         40.693 G
internal_compressed                  physmem    bytes                   3.682 G         21.664 G         17.983 G
iokit_mapped                         mappings   bytes                   0.000 G          0.000 G          0.000 G
alternate_accounting                 physmem    bytes                   0.000 G          0.000 G          0.000 G
alternate_accounting_compressed      physmem    bytes                   0.000 G          0.000 G          0.000 G
conclave_mem                         physmem    bytes                   0.000 G          0.000 G          0.000 G
phys_footprint                       physmem    bytes                   9.143 G         51.651 G         42.508 G
memorystatus_dirty_time              physmem    ns                            0                0                0
page_table                           physmem    bytes                   0.010 G          0.010 G          0.000 G
pages_grabbed                        physmem    count                   4817735          4817735                0
pages_grabbed_kern                   physmem    count                     21333            21333                0
pages_grabbed_iopl                   physmem    count                         0                0                0
pages_grabbed_upl                    physmem    count                   1939804          1939804                0
purgeable_volatile                   physmem    bytes                   0.000 G          0.000 G          0.000 G
purgeable_nonvolatile                physmem    bytes                   0.000 G          0.000 G          0.000 G
purgeable_volatile_compress          physmem    bytes                   0.000 G          0.000 G          0.000 G
purgeable_nonvolatile_compress       physmem    bytes                   0.000 G          0.000 G          0.000 G
tagged_nofootprint                   physmem    bytes                   0.000 G          0.000 G          0.000 G
tagged_footprint                     physmem    bytes                   0.000 G          0.000 G          0.000 G
tagged_nofootprint_compressed        physmem    bytes                   0.000 G          0.000 G          0.000 G
tagged_footprint_compressed          physmem    bytes                   0.000 G          0.000 G          0.000 G
network_volatile                     physmem    bytes                   0.000 G          0.000 G          0.000 G
network_nonvolatile                  physmem    bytes                   0.000 G          0.000 G          0.000 G
network_volatile_compressed          physmem    bytes                   0.000 G          0.000 G          0.000 G
network_nonvolatile_compressed       physmem    bytes                   0.000 G          0.000 G          0.000 G
media_nofootprint                    physmem    bytes                   0.000 G          0.000 G          0.000 G
media_footprint                      physmem    bytes                   0.000 G          0.000 G          0.000 G
media_nofootprint_compressed         physmem    bytes                   0.000 G          0.000 G          0.000 G
media_footprint_compressed           physmem    bytes                   0.000 G          0.000 G          0.000 G
graphics_nofootprint                 physmem    bytes                   0.000 G          0.000 G          0.000 G
graphics_footprint                   physmem    bytes                   0.000 G          0.000 G          0.000 G
graphics_nofootprint_compressed      physmem    bytes                   0.000 G          0.000 G          0.000 G
graphics_footprint_compressed        physmem    bytes                   0.000 G          0.000 G          0.000 G
neural_nofootprint                   physmem    bytes                   0.000 G          0.000 G          0.000 G
neural_footprint                     physmem    bytes                   0.000 G          0.000 G          0.000 G
neural_nofootprint_compressed        physmem    bytes                   0.000 G          0.000 G          0.000 G
neural_footprint_compressed          physmem    bytes                   0.000 G          0.000 G          0.000 G
neural_nofootprint_total             physmem    bytes                   0.000 G          0.000 G          0.000 G
swapins                              physmem    bytes                   0.244 G          0.244 G          0.000 G
est_reclaimable                      virtmem    bytes                   0.000 G          0.000 G          0.000 G
platform_idle_wakeups                power      count                      2968             2968                0
interrupt_wakeups                    power      count                    308607           308607                0
SFI_CLASS_APP_NAP                    sfi        MATUs                         0                0                0
SFI_CLASS_DARWIN_BG                  sfi        MATUs                         0                0                0
SFI_CLASS_DEFAULT                    sfi        MATUs                         0                0                0
SFI_CLASS_LEGACY                     sfi        MATUs                         0                0                0
SFI_CLASS_MAINTENANCE                sfi        MATUs                         0                0                0
SFI_CLASS_MANAGED                    sfi        MATUs                         0                0                0
SFI_CLASS_OPTED_OUT                  sfi        MATUs                         0                0                0
SFI_CLASS_USER_INITIATED             sfi        MATUs                         0                0                0
SFI_CLASS_USER_INTERACTIVE           sfi        MATUs                         0                0                0
SFI_CLASS_UTILITY                    sfi        MATUs                         0                0                0
SFI_CLASS_RUNAWAY_MITIGATION         sfi        MATUs                         0                0                0
cpu_time_billed_to_me                sched      ns                      4250999          4250999                0
cpu_time_billed_to_others            sched      ns                            0                0                0
energy_billed_to_me                  power      nj                      6743764          6743764                0
energy_billed_to_others              power      nj                            0                0                0
physical_writes                      res        bytes                  16.158 G         16.158 G          0.000 G
logical_writes                       res        bytes                  18.230 G         18.230 G          0.000 G
logical_writes_to_external           res        bytes                   0.000 G          0.000 G          0.000 G
fs_metadata_writes                   res        bytes                   0.059 G          0.059 G          0.000 G

sum of physmem byte balances (excl. phys_footprint itself): 18.407 G
(entries reported: template 68, task 68)
=== ts_ms=1786402935832 pid=23286
task ledger 'Per-task ledger' id=6149018 entries=68 (pid 23286)

entry                                group      units                   balance           credit            debit
cpu_time                             sched      ns                  13514078934      13514078934                0
tkm_private                          physmem    bytes                   0.010 G          0.010 G          0.000 G
tkm_shared                           physmem    bytes                   0.000 G          0.000 G          0.000 G
phys_mem                             physmem    bytes                   9.240 G          9.240 G          0.000 G
wired_mem                            physmem    bytes                   0.000 G          0.000 G          0.000 G
internal                             physmem    bytes                   5.565 G         78.224 G         72.660 G
external                             physmem    bytes                   0.011 G          0.014 G          0.002 G
reusable                             physmem    bytes                   3.665 G         51.369 G         47.705 G
internal_compressed                  physmem    bytes                   1.862 G         21.888 G         20.026 G
iokit_mapped                         mappings   bytes                   0.000 G          0.000 G          0.000 G
alternate_accounting                 physmem    bytes                   0.000 G          0.000 G          0.000 G
alternate_accounting_compressed      physmem    bytes                   0.000 G          0.000 G          0.000 G
conclave_mem                         physmem    bytes                   0.000 G          0.000 G          0.000 G
phys_footprint                       physmem    bytes                   7.437 G         58.863 G         51.426 G
memorystatus_dirty_time              physmem    ns                            0                0                0
page_table                           physmem    bytes                   0.010 G          0.010 G          0.000 G
pages_grabbed                        physmem    count                   5362438          5362438                0
pages_grabbed_kern                   physmem    count                     23230            23230                0
pages_grabbed_iopl                   physmem    count                         0                0                0
pages_grabbed_upl                    physmem    count                   2073078          2073078                0
purgeable_volatile                   physmem    bytes                   0.000 G          0.000 G          0.000 G
purgeable_nonvolatile                physmem    bytes                   0.000 G          0.000 G          0.000 G
purgeable_volatile_compress          physmem    bytes                   0.000 G          0.000 G          0.000 G
purgeable_nonvolatile_compress       physmem    bytes                   0.000 G          0.000 G          0.000 G
tagged_nofootprint                   physmem    bytes                   0.000 G          0.000 G          0.000 G
tagged_footprint                     physmem    bytes                   0.000 G          0.000 G          0.000 G
tagged_nofootprint_compressed        physmem    bytes                   0.000 G          0.000 G          0.000 G
tagged_footprint_compressed          physmem    bytes                   0.000 G          0.000 G          0.000 G
network_volatile                     physmem    bytes                   0.000 G          0.000 G          0.000 G
network_nonvolatile                  physmem    bytes                   0.000 G          0.000 G          0.000 G
network_volatile_compressed          physmem    bytes                   0.000 G          0.000 G          0.000 G
network_nonvolatile_compressed       physmem    bytes                   0.000 G          0.000 G          0.000 G
media_nofootprint                    physmem    bytes                   0.000 G          0.000 G          0.000 G
media_footprint                      physmem    bytes                   0.000 G          0.000 G          0.000 G
media_nofootprint_compressed         physmem    bytes                   0.000 G          0.000 G          0.000 G
media_footprint_compressed           physmem    bytes                   0.000 G          0.000 G          0.000 G
graphics_nofootprint                 physmem    bytes                   0.000 G          0.000 G          0.000 G
graphics_footprint                   physmem    bytes                   0.000 G          0.000 G          0.000 G
graphics_nofootprint_compressed      physmem    bytes                   0.000 G          0.000 G          0.000 G
graphics_footprint_compressed        physmem    bytes                   0.000 G          0.000 G          0.000 G
neural_nofootprint                   physmem    bytes                   0.000 G          0.000 G          0.000 G
neural_footprint                     physmem    bytes                   0.000 G          0.000 G          0.000 G
neural_nofootprint_compressed        physmem    bytes                   0.000 G          0.000 G          0.000 G
neural_footprint_compressed          physmem    bytes                   0.000 G          0.000 G          0.000 G
neural_nofootprint_total             physmem    bytes                   0.000 G          0.000 G          0.000 G
swapins                              physmem    bytes                   0.270 G          0.270 G          0.000 G
est_reclaimable                      virtmem    bytes                   0.000 G          0.000 G          0.000 G
platform_idle_wakeups                power      count                      3131             3131                0
interrupt_wakeups                    power      count                    321790           321790                0
SFI_CLASS_APP_NAP                    sfi        MATUs                         0                0                0
SFI_CLASS_DARWIN_BG                  sfi        MATUs                         0                0                0
SFI_CLASS_DEFAULT                    sfi        MATUs                         0                0                0
SFI_CLASS_LEGACY                     sfi        MATUs                         0                0                0
SFI_CLASS_MAINTENANCE                sfi        MATUs                         0                0                0
SFI_CLASS_MANAGED                    sfi        MATUs                         0                0                0
SFI_CLASS_OPTED_OUT                  sfi        MATUs                         0                0                0
SFI_CLASS_USER_INITIATED             sfi        MATUs                         0                0                0
SFI_CLASS_USER_INTERACTIVE           sfi        MATUs                         0                0                0
SFI_CLASS_UTILITY                    sfi        MATUs                         0                0                0
SFI_CLASS_RUNAWAY_MITIGATION         sfi        MATUs                         0                0                0
cpu_time_billed_to_me                sched      ns                      4412971          4412971                0
cpu_time_billed_to_others            sched      ns                            0                0                0
energy_billed_to_me                  power      nj                      7286056          7286056                0
energy_billed_to_others              power      nj                            0                0                0
physical_writes                      res        bytes                  16.158 G         16.158 G          0.000 G
logical_writes                       res        bytes                  18.232 G         18.232 G          0.000 G
logical_writes_to_external           res        bytes                   0.000 G          0.000 G          0.000 G
fs_metadata_writes                   res        bytes                   0.060 G          0.060 G          0.000 G

sum of physmem byte balances (excl. phys_footprint itself): 20.633 G
(entries reported: template 68, task 68)
=== ts_ms=1786403003270 pid=23286
task ledger 'Per-task ledger' id=6149018 entries=68 (pid 23286)

entry                                group      units                   balance           credit            debit
cpu_time                             sched      ns                  14671813275      14671813275                0
tkm_private                          physmem    bytes                   0.010 G          0.010 G          0.000 G
tkm_shared                           physmem    bytes                   0.000 G          0.000 G          0.000 G
phys_mem                             physmem    bytes                   8.476 G          8.476 G          0.000 G
wired_mem                            physmem    bytes                   0.000 G          0.000 G          0.000 G
internal                             physmem    bytes                   4.332 G         78.300 G         73.968 G
external                             physmem    bytes                   0.011 G          0.014 G          0.002 G
reusable                             physmem    bytes                   4.133 G         52.670 G         48.537 G
internal_compressed                  physmem    bytes                   1.851 G         21.888 G         20.038 G
iokit_mapped                         mappings   bytes                   0.000 G          0.000 G          0.000 G
alternate_accounting                 physmem    bytes                   0.000 G          0.000 G          0.000 G
alternate_accounting_compressed      physmem    bytes                   0.000 G          0.000 G          0.000 G
conclave_mem                         physmem    bytes                   0.000 G          0.000 G          0.000 G
phys_footprint                       physmem    bytes                   6.193 G         58.929 G         52.736 G
memorystatus_dirty_time              physmem    ns                            0                0                0
page_table                           physmem    bytes                   0.010 G          0.010 G          0.000 G
pages_grabbed                        physmem    count                   5372234          5372234                0
pages_grabbed_kern                   physmem    count                     23242            23242                0
pages_grabbed_iopl                   physmem    count                         0                0                0
pages_grabbed_upl                    physmem    count                   2081219          2081219                0
purgeable_volatile                   physmem    bytes                   0.000 G          0.000 G          0.000 G
purgeable_nonvolatile                physmem    bytes                   0.000 G          0.000 G          0.000 G
purgeable_volatile_compress          physmem    bytes                   0.000 G          0.000 G          0.000 G
purgeable_nonvolatile_compress       physmem    bytes                   0.000 G          0.000 G          0.000 G
tagged_nofootprint                   physmem    bytes                   0.000 G          0.000 G          0.000 G
tagged_footprint                     physmem    bytes                   0.000 G          0.000 G          0.000 G
tagged_nofootprint_compressed        physmem    bytes                   0.000 G          0.000 G          0.000 G
tagged_footprint_compressed          physmem    bytes                   0.000 G          0.000 G          0.000 G
network_volatile                     physmem    bytes                   0.000 G          0.000 G          0.000 G
network_nonvolatile                  physmem    bytes                   0.000 G          0.000 G          0.000 G
network_volatile_compressed          physmem    bytes                   0.000 G          0.000 G          0.000 G
network_nonvolatile_compressed       physmem    bytes                   0.000 G          0.000 G          0.000 G
media_nofootprint                    physmem    bytes                   0.000 G          0.000 G          0.000 G
media_footprint                      physmem    bytes                   0.000 G          0.000 G          0.000 G
media_nofootprint_compressed         physmem    bytes                   0.000 G          0.000 G          0.000 G
media_footprint_compressed           physmem    bytes                   0.000 G          0.000 G          0.000 G
graphics_nofootprint                 physmem    bytes                   0.000 G          0.000 G          0.000 G
graphics_footprint                   physmem    bytes                   0.000 G          0.000 G          0.000 G
graphics_nofootprint_compressed      physmem    bytes                   0.000 G          0.000 G          0.000 G
graphics_footprint_compressed        physmem    bytes                   0.000 G          0.000 G          0.000 G
neural_nofootprint                   physmem    bytes                   0.000 G          0.000 G          0.000 G
neural_footprint                     physmem    bytes                   0.000 G          0.000 G          0.000 G
neural_nofootprint_compressed        physmem    bytes                   0.000 G          0.000 G          0.000 G
neural_footprint_compressed          physmem    bytes                   0.000 G          0.000 G          0.000 G
neural_nofootprint_total             physmem    bytes                   0.000 G          0.000 G          0.000 G
swapins                              physmem    bytes                   0.271 G          0.271 G          0.000 G
est_reclaimable                      virtmem    bytes                   0.000 G          0.000 G          0.000 G
platform_idle_wakeups                power      count                      3176             3176                0
interrupt_wakeups                    power      count                    346012           346012                0
SFI_CLASS_APP_NAP                    sfi        MATUs                         0                0                0
SFI_CLASS_DARWIN_BG                  sfi        MATUs                         0                0                0
SFI_CLASS_DEFAULT                    sfi        MATUs                         0                0                0
SFI_CLASS_LEGACY                     sfi        MATUs                         0                0                0
SFI_CLASS_MAINTENANCE                sfi        MATUs                         0                0                0
SFI_CLASS_MANAGED                    sfi        MATUs                         0                0                0
SFI_CLASS_OPTED_OUT                  sfi        MATUs                         0                0                0
SFI_CLASS_USER_INITIATED             sfi        MATUs                         0                0                0
SFI_CLASS_USER_INTERACTIVE           sfi        MATUs                         0                0                0
SFI_CLASS_UTILITY                    sfi        MATUs                         0                0                0
SFI_CLASS_RUNAWAY_MITIGATION         sfi        MATUs                         0                0                0
cpu_time_billed_to_me                sched      ns                      4546506          4546506                0
cpu_time_billed_to_others            sched      ns                            0                0                0
energy_billed_to_me                  power      nj                      7302189          7302189                0
energy_billed_to_others              power      nj                            0                0                0
physical_writes                      res        bytes                  16.158 G         16.158 G          0.000 G
logical_writes                       res        bytes                  18.232 G         18.232 G          0.000 G
logical_writes_to_external           res        bytes                   0.000 G          0.000 G          0.000 G
fs_metadata_writes                   res        bytes                   0.060 G          0.060 G          0.000 G

sum of physmem byte balances (excl. phys_footprint itself): 19.093 G
(entries reported: template 68, task 68)
=== ts_ms=1786403064952 pid=23286
task ledger 'Per-task ledger' id=6149018 entries=68 (pid 23286)

entry                                group      units                   balance           credit            debit
cpu_time                             sched      ns                  15067400829      15067400829                0
tkm_private                          physmem    bytes                   0.010 G          0.010 G          0.000 G
tkm_shared                           physmem    bytes                   0.000 G          0.000 G          0.000 G
phys_mem                             physmem    bytes                   9.362 G          9.362 G          0.000 G
wired_mem                            physmem    bytes                   0.000 G          0.000 G          0.000 G
internal                             physmem    bytes                   5.050 G         79.027 G         73.977 G
external                             physmem    bytes                   0.011 G          0.014 G          0.002 G
reusable                             physmem    bytes                   4.301 G         52.838 G         48.537 G
internal_compressed                  physmem    bytes                   1.670 G         21.888 G         20.219 G
iokit_mapped                         mappings   bytes                   0.000 G          0.000 G          0.000 G
alternate_accounting                 physmem    bytes                   0.000 G          0.000 G          0.000 G
alternate_accounting_compressed      physmem    bytes                   0.000 G          0.000 G          0.000 G
conclave_mem                         physmem    bytes                   0.000 G          0.000 G          0.000 G
phys_footprint                       physmem    bytes                   6.729 G         59.537 G         52.808 G
memorystatus_dirty_time              physmem    ns                            0                0                0
page_table                           physmem    bytes                   0.010 G          0.010 G          0.000 G
pages_grabbed                        physmem    count                   5407140          5407140                0
pages_grabbed_kern                   physmem    count                     24442            24442                0
pages_grabbed_iopl                   physmem    count                         0                0                0
pages_grabbed_upl                    physmem    count                   2087637          2087637                0
purgeable_volatile                   physmem    bytes                   0.000 G          0.000 G          0.000 G
purgeable_nonvolatile                physmem    bytes                   0.000 G          0.000 G          0.000 G
purgeable_volatile_compress          physmem    bytes                   0.000 G          0.000 G          0.000 G
purgeable_nonvolatile_compress       physmem    bytes                   0.000 G          0.000 G          0.000 G
tagged_nofootprint                   physmem    bytes                   0.000 G          0.000 G          0.000 G
tagged_footprint                     physmem    bytes                   0.000 G          0.000 G          0.000 G
tagged_nofootprint_compressed        physmem    bytes                   0.000 G          0.000 G          0.000 G
tagged_footprint_compressed          physmem    bytes                   0.000 G          0.000 G          0.000 G
network_volatile                     physmem    bytes                   0.000 G          0.000 G          0.000 G
network_nonvolatile                  physmem    bytes                   0.000 G          0.000 G          0.000 G
network_volatile_compressed          physmem    bytes                   0.000 G          0.000 G          0.000 G
network_nonvolatile_compressed       physmem    bytes                   0.000 G          0.000 G          0.000 G
media_nofootprint                    physmem    bytes                   0.000 G          0.000 G          0.000 G
media_footprint                      physmem    bytes                   0.000 G          0.000 G          0.000 G
media_nofootprint_compressed         physmem    bytes                   0.000 G          0.000 G          0.000 G
media_footprint_compressed           physmem    bytes                   0.000 G          0.000 G          0.000 G
graphics_nofootprint                 physmem    bytes                   0.000 G          0.000 G          0.000 G
graphics_footprint                   physmem    bytes                   0.000 G          0.000 G          0.000 G
graphics_nofootprint_compressed      physmem    bytes                   0.000 G          0.000 G          0.000 G
graphics_footprint_compressed        physmem    bytes                   0.000 G          0.000 G          0.000 G
neural_nofootprint                   physmem    bytes                   0.000 G          0.000 G          0.000 G
neural_footprint                     physmem    bytes                   0.000 G          0.000 G          0.000 G
neural_nofootprint_compressed        physmem    bytes                   0.000 G          0.000 G          0.000 G
neural_footprint_compressed          physmem    bytes                   0.000 G          0.000 G          0.000 G
neural_nofootprint_total             physmem    bytes                   0.000 G          0.000 G          0.000 G
swapins                              physmem    bytes                   0.284 G          0.284 G          0.000 G
est_reclaimable                      virtmem    bytes                   0.000 G          0.000 G          0.000 G
platform_idle_wakeups                power      count                      3782             3782                0
interrupt_wakeups                    power      count                    358269           358269                0
SFI_CLASS_APP_NAP                    sfi        MATUs                         0                0                0
SFI_CLASS_DARWIN_BG                  sfi        MATUs                         0                0                0
SFI_CLASS_DEFAULT                    sfi        MATUs                         0                0                0
SFI_CLASS_LEGACY                     sfi        MATUs                         0                0                0
SFI_CLASS_MAINTENANCE                sfi        MATUs                         0                0                0
SFI_CLASS_MANAGED                    sfi        MATUs                         0                0                0
SFI_CLASS_OPTED_OUT                  sfi        MATUs                         0                0                0
SFI_CLASS_USER_INITIATED             sfi        MATUs                         0                0                0
SFI_CLASS_USER_INTERACTIVE           sfi        MATUs                         0                0                0
SFI_CLASS_UTILITY                    sfi        MATUs                         0                0                0
SFI_CLASS_RUNAWAY_MITIGATION         sfi        MATUs                         0                0                0
cpu_time_billed_to_me                sched      ns                      4667059          4667059                0
cpu_time_billed_to_others            sched      ns                            0                0                0
energy_billed_to_me                  power      nj                      7302189          7302189                0
energy_billed_to_others              power      nj                            0                0                0
physical_writes                      res        bytes                  16.160 G         16.160 G          0.000 G
logical_writes                       res        bytes                  18.235 G         18.235 G          0.000 G
logical_writes_to_external           res        bytes                   0.000 G          0.000 G          0.000 G
fs_metadata_writes                   res        bytes                   0.061 G          0.061 G          0.000 G

sum of physmem byte balances (excl. phys_footprint itself): 20.697 G
(entries reported: template 68, task 68)
