ts_ms,mem_total_kib,mem_free_kib,mem_available_kib,cached_kib,swap_free_kib,mem_some_avg10,mem_some_total_us,mem_full_avg10,mem_full_total_us,io_some_avg10,io_some_total_us,io_full_avg10,io_full_total_us,pgmajfault,pswpin,pswpout,pgscan_kswapd,pgsteal_kswapd,pgscan_direct,pgsteal_direct,kswapd_cpu_ticks
1786370746322,6036760,5373464,5562596,322552,6036476,0,27,0,5,199,515140,159,425187,280,0,0,0,0,0,0,0
1786370746572,6036760,5372512,5561884,322744,6036476,0,27,0,5,199,532935,159,442727,280,0,0,0,0,0,0,0
1786370746822,6036760,5370140,5559868,323028,6036476,0,27,0,5,199,549558,159,458766,280,0,0,0,0,0,0,0
1786370747073,6036760,5369384,5559228,323136,6036476,0,27,0,5,199,558321,159,467459,280,0,0,0,0,0,0,0
1786370747324,5838104,5175596,5366360,323324,6036476,0,27,0,5,199,575776,159,483789,280,0,0,0,0,0,0,0
1786370747581,5774616,5111084,5302168,323336,6036476,0,27,0,5,199,575776,159,483789,280,0,0,0,0,0,0,0
1786370747857,5774616,5111084,5302168,323336,6036476,0,27,0,5,290,575776,257,483789,280,0,0,0,0,0,0,0
1786370748110,5774616,5111084,5302168,323336,6036476,0,27,0,5,290,575776,257,483789,280,0,0,0,0,0,0,0
1786370748372,5774616,5111084,5302168,323336,6036476,0,27,0,5,290,575776,257,483789,280,0,0,0,0,0,0,0
1786370748633,5774616,5110328,5301632,323536,6036476,0,27,0,5,290,590113,257,497626,280,0,0,0,0,0,0,0
1786370748887,5774616,5110328,5301632,323540,6036476,0,27,0,5,290,590113,257,497626,280,0,0,0,0,0,0,0
1786370749139,5774616,5110328,5301632,323540,6036476,0,27,0,5,290,590113,257,497626,280,0,0,0,0,0,0,0
1786370749408,5774616,5110328,5301632,323540,6036476,0,27,0,5,290,590113,257,497626,280,0,0,0,0,0,0,0
1786370749662,5774616,5110328,5301632,323540,6036476,0,27,0,5,290,590113,257,497626,280,0,0,0,0,0,0,0
1786370749919,5774616,5108816,5300300,323708,6036476,0,27,0,5,237,605854,210,513287,280,0,0,0,0,0,0,0
1786370750178,5512472,4842956,5035476,323716,6036476,0,27,0,5,237,605854,210,513287,280,0,0,0,0,0,0,0
1786370750429,5512472,4842956,5035476,323716,6036476,0,27,0,5,237,605854,210,513287,280,0,0,0,0,0,0,0
1786370750681,5512472,4759636,4998456,370064,6036476,0,27,0,5,237,636719,210,543305,285,0,0,0,0,0,0,0
1786370750934,5512472,4783504,4980180,327880,6036476,0,27,0,5,237,696418,210,598326,285,0,0,0,0,0,0,0
1786370751185,5512472,4721656,4988228,392172,6036476,0,27,0,5,237,725353,210,624085,298,0,0,0,0,0,0,0
1786370751435,5512472,4725296,4959484,359400,6036476,0,27,0,5,237,738213,210,636842,303,0,0,0,0,0,0,0
1786370751689,5512472,4729060,4963836,360096,6036476,0,27,0,5,237,756639,210,654876,304,0,0,0,0,0,0,0
1786370751949,5512472,4729060,4963888,360096,6036476,0,27,0,5,339,756639,299,654876,304,0,0,0,0,0,0,0
1786370752210,5512472,4731652,4966476,360168,6036476,0,27,0,5,339,757856,299,655852,304,0,0,0,0,0,0,0
1786370752463,5469464,4699648,4935084,360528,6036476,0,27,0,5,339,780252,299,676265,304,0,0,0,0,0,0,0
1786370752719,5250328,4473856,4710184,360536,6036476,0,27,0,5,339,780252,299,676265,304,0,0,0,0,0,0,0
1786370752980,5250328,4473856,4710184,360536,6036476,0,27,0,5,339,780252,299,676265,304,0,0,0,0,0,0,0
1786370753234,5250328,4473856,4710184,360540,6036476,0,27,0,5,339,780252,299,676265,304,0,0,0,0,0,0,0
1786370753490,5250328,4474428,4710756,360540,6036476,0,27,0,5,339,780252,299,676265,304,0,0,0,0,0,0,0
1786370753751,5250328,4473924,4710472,360748,6036476,0,27,0,5,295,795441,263,691453,304,0,0,0,0,0,0,0
1786370754010,5250328,4473924,4710472,360748,6036476,0,27,0,5,295,795441,263,691453,304,0,0,0,0,0,0,0
1786370754263,5250328,4476604,4713152,360748,6036476,0,27,0,5,295,795441,263,691453,304,0,0,0,0,0,0,0
1786370754514,5250328,4476604,4713152,360748,6036476,0,27,0,5,295,795441,263,691453,304,0,0,0,0,0,0,0
1786370754772,5250328,4476604,4713152,360748,6036476,0,27,0,5,295,795441,263,691453,304,0,0,0,0,0,0,0
1786370755027,5179320,4404700,4641612,360952,6036476,0,27,0,5,295,812631,263,707861,304,0,0,0,0,0,0,0
1786370755283,4988184,4221648,4459308,360960,6036476,0,27,0,5,295,812631,263,707861,304,0,0,0,0,0,0,0
1786370755543,4988184,4221648,4459308,360960,6036476,0,27,0,5,295,812631,263,707861,304,0,0,0,0,0,0,0
1786370755801,4988184,4221648,4459308,360960,6036476,0,27,0,5,242,812631,215,707861,304,0,0,0,0,0,0,0
1786370756064,4988184,4221648,4459308,360964,6036476,0,27,0,5,242,812631,215,707861,304,0,0,0,0,0,0,0
1786370756322,4988184,4227712,4465580,361168,6036476,0,27,0,5,242,830048,215,725067,304,0,0,0,0,0,0,0
1786370756574,4988184,4227712,4465580,361172,6036476,0,27,0,5,242,830048,215,725067,304,0,0,0,0,0,0,0
1786370756829,4988184,4227712,4465580,361172,6036476,0,27,0,5,242,830048,215,725067,304,0,0,0,0,0,0,0
1786370757082,4988184,4227712,4465580,361172,6036476,0,27,0,5,242,830048,215,725067,304,0,0,0,0,0,0,0
1786370757334,4988184,4229440,4467308,361172,6036476,0,27,0,5,242,830048,215,725067,304,0,0,0,0,0,0,0
1786370757587,4876568,4122824,4361336,361376,6036476,0,27,0,5,242,850273,215,744778,304,0,0,0,0,0,0,0
1786370757842,4726040,3969608,4208708,361380,6036476,0,27,0,5,216,850273,194,744778,304,0,0,0,0,0,0,0
1786370758097,4726040,3969608,4208708,361380,6036476,0,27,0,5,216,850273,194,744778,304,0,0,0,0,0,0,0
1786370758349,4726040,3974180,4213280,361380,6036476,0,27,0,5,216,850273,194,744778,304,0,0,0,0,0,0,0
1786370758603,4726040,3974180,4213280,361380,6036476,0,27,0,5,216,850273,194,744778,304,0,0,0,0,0,0,0
1786370758865,4726040,3973928,4213248,361596,6036476,0,27,0,5,216,866347,194,760842,304,0,0,0,0,0,0,0
1786370759116,4726040,3973928,4213248,361600,6036476,0,27,0,5,216,866347,194,760842,304,0,0,0,0,0,0,0
1786370759377,4726040,3977040,4216360,361600,6036476,0,27,0,5,216,866347,194,760842,304,0,0,0,0,0,0,0
1786370759634,4726040,3977040,4216360,361600,6036476,0,27,0,5,216,866347,194,760842,304,0,0,0,0,0,0,0
1786370759885,4726040,3976448,4215768,361600,6036476,0,27,0,5,177,866347,159,760842,304,0,0,0,0,0,0,0
1786370760137,4600088,3855240,4095232,361788,6036476,0,27,0,5,177,880738,159,775154,304,0,0,0,0,0,0,0
1786370760397,4463896,3721664,3962192,361792,6036476,0,27,0,5,177,880738,159,775154,304,0,0,0,0,0,0,0
1786370760652,4463896,3721664,3962192,361792,6036476,0,27,0,5,177,880738,159,775154,304,0,0,0,0,0,0,0
1786370760913,4463896,3721664,3962192,361792,6036476,0,27,0,5,177,880738,159,775154,304,0,0,0,0,0,0,0
1786370761164,4463896,3721664,3962192,361792,6036476,0,27,0,5,177,880738,159,775154,304,0,0,0,0,0,0,0
1786370761420,4463896,3726480,3967276,362056,6036476,0,27,0,5,177,902346,159,793562,304,0,0,0,0,0,0,0
1786370761673,4463896,3659236,3943692,405660,6036476,0,27,0,5,177,933810,159,823808,304,0,0,0,0,0,0,0
1786370761923,4463896,3604456,3889680,406384,6036476,0,27,0,5,217,954480,202,842896,304,0,0,0,0,0,0,0
1786370762174,4463896,3641296,3883128,363036,6036476,0,27,0,5,217,962395,202,850684,304,0,0,0,0,0,0,0
1786370762425,4463896,3641344,3883176,363036,6036476,0,27,0,5,217,962395,202,850684,304,0,0,0,0,0,0,0
1786370762686,4294936,3474604,3717520,363412,6036476,0,27,0,5,217,989219,202,875121,304,0,0,0,0,0,0,0
1786370762947,4201752,3377836,3621124,363420,6036476,0,27,0,5,217,989219,202,875121,304,0,0,0,0,0,0,0
1786370763200,4201752,3377836,3621124,363420,6036476,0,27,0,5,217,989219,202,875121,304,0,0,0,0,0,0,0
1786370763461,4201752,3389720,3633008,363420,6036476,0,27,0,5,217,989219,202,875121,304,0,0,0,0,0,0,0
1786370763712,4201752,3389468,3632756,363420,6036476,0,27,0,5,217,989219,202,875121,304,0,0,0,0,0,0,0
1786370763970,4201752,3388712,3632224,363664,6036476,0,27,0,5,214,1010633,202,896460,304,0,0,0,0,0,0,0
1786370764228,4201752,3388712,3632224,363664,6036476,0,27,0,5,214,1010633,202,896460,304,0,0,0,0,0,0,0
1786370764484,4201752,3396184,3639696,363664,6036476,0,27,0,5,214,1010633,202,896460,304,0,0,0,0,0,0,0
1786370764738,4201752,3396184,3639696,363664,6036476,0,27,0,5,214,1010633,202,896460,304,0,0,0,0,0,0,0
1786370764989,4201752,3396184,3639708,363664,6036476,0,27,0,5,214,1010633,202,896460,304,0,0,0,0,0,0,0
1786370765244,4022552,3226112,3470588,363916,6036476,0,27,0,5,214,1034173,202,919077,304,0,0,0,0,0,0,0
1786370765504,3939608,3145472,3390272,363916,6036476,0,27,0,5,214,1034173,202,919077,304,0,0,0,0,0,0,0
1786370765759,3939608,3145472,3390272,363916,6036476,0,27,0,5,193,1034173,183,919077,304,0,0,0,0,0,0,0
1786370766017,3939608,3145472,3390272,363916,6036476,0,27,0,5,193,1034173,183,919077,304,0,0,0,0,0,0,0
1786370766268,3939608,3155676,3400484,363920,6036476,0,27,0,5,193,1034173,183,919077,304,0,0,0,0,0,0,0
1786370766519,3939608,3157496,3402528,364160,6036476,0,27,0,5,193,1057860,183,942755,304,0,0,0,0,0,0,0
1786370766775,3939608,3157496,3402528,364160,6036476,0,27,0,5,193,1057860,183,942755,304,0,0,0,0,0,0,0
1786370767036,3939608,3157496,3402528,364160,6036476,0,27,0,5,193,1057860,183,942755,304,0,0,0,0,0,0,0
1786370767289,3939608,3166716,3411800,364272,6036476,0,27,0,5,193,1127773,183,1010259,304,0,0,0,0,0,0,0
1786370767541,3939608,3167860,3413180,364488,6036476,0,27,0,5,193,1153644,183,1036043,304,0,0,0,0,0,0,0
1786370767801,3677464,2900768,3146452,364576,6036476,0,27,0,5,267,1161060,259,1043448,304,0,0,0,0,0,0,0
1786370768055,3677464,2892956,3138640,364592,6036476,0,27,0,5,267,1161060,259,1043448,304,0,0,0,0,0,0,0
1786370768313,3677464,2896132,3141816,364592,6036476,0,27,0,5,267,1161060,259,1043448,304,0,0,0,0,0,0,0
1786370768565,3677464,2897548,3143232,364592,6036476,0,27,0,5,267,1161060,259,1043448,304,0,0,0,0,0,0,0
1786370768819,3677464,2901320,3147088,364680,6036476,0,27,0,5,267,1168678,259,1051058,304,0,0,0,0,0,0,0
1786370769080,3677464,2902420,3148304,364768,6036476,0,27,0,5,267,1184322,259,1066689,304,0,0,0,0,0,0,0
1786370769339,3677464,2905104,3150988,364768,6036476,0,27,0,5,267,1184322,259,1066689,304,0,0,0,0,0,0,0
1786370769591,3677464,2905104,3150988,364768,6036476,0,27,0,5,267,1184322,259,1066689,304,0,0,0,0,0,0,0
1786370769846,3677464,2905104,3150988,364768,6036476,0,27,0,5,236,1184322,229,1066689,304,0,0,0,0,0,0,0
1786370770098,3677464,2908096,3154012,364840,6036476,0,27,0,5,236,1195711,229,1077695,304,0,0,0,0,0,0,0
1786370770352,3415320,2650716,2896824,364924,6036476,0,27,0,5,236,1197053,229,1079032,304,0,0,0,0,0,0,0
1786370770613,3415320,2658132,2904240,364924,6036476,0,27,0,5,236,1197053,229,1079032,304,0,0,0,0,0,0,0
1786370770872,3415320,2658132,2904240,364924,6036476,0,27,0,5,236,1197053,229,1079032,304,0,0,0,0,0,0,0
1786370771130,3415320,2658132,2904240,364924,6036476,0,27,0,5,236,1197053,229,1079032,304,0,0,0,0,0,0,0
1786370771384,3415320,2663860,2910008,364964,6036476,0,27,0,5,236,1221942,229,1100375,304,0,0,0,0,0,0,0
1786370771636,3415320,2666884,2913020,364948,6036476,0,27,0,5,236,1221942,229,1100375,304,0,0,0,0,0,0,0
1786370771891,3415320,2666884,2913024,364956,6036476,0,27,0,5,212,1221942,206,1100375,304,0,0,0,0,0,0,0
1786370772145,3415320,2666884,2913024,364956,6036476,0,27,0,5,212,1221942,206,1100375,304,0,0,0,0,0,0,0
1786370772401,3415320,2669016,2915160,364960,6036476,0,27,0,5,212,1236300,206,1114437,304,0,0,0,0,0,0,0
1786370772655,3415320,2601112,2890580,408208,6036476,0,27,0,5,212,1246800,206,1124504,304,0,0,0,0,0,0,0
1786370772905,3246360,2402192,2692128,408696,6036476,0,27,0,5,212,1294424,206,1166302,304,0,0,0,0,0,0,0
1786370773156,3153176,2320936,2567520,365244,6036476,0,27,0,5,212,1294424,206,1166302,304,0,0,0,0,0,0,0
1786370773408,3153176,2333144,2579720,365244,6036476,0,27,0,5,212,1311886,206,1183405,304,0,0,0,0,0,0,0
1786370773660,3153176,2333144,2579720,365244,6036476,0,27,0,5,212,1311886,206,1183405,304,0,0,0,0,0,0,0
1786370773912,3153176,2333144,2579720,365244,6036476,0,27,0,5,246,1311886,241,1183405,304,0,0,0,0,0,0,0
1786370774167,3153176,2330876,2577480,365264,6036476,0,27,0,5,246,1339711,241,1209923,304,0,0,0,0,0,0,0
1786370774427,3153176,2336952,2583556,365272,6036476,0,27,0,5,246,1346551,241,1216709,304,0,0,0,0,0,0,0
1786370774679,3153176,2336952,2583556,365272,6036476,0,27,0,5,246,1346551,241,1216709,304,0,0,0,0,0,0,0
1786370774932,3153176,2336952,2583556,365272,6036476,0,27,0,5,246,1346551,241,1216709,304,0,0,0,0,0,0,0
1786370775183,3153176,2340232,2586836,365272,6036476,0,27,0,5,246,1346551,241,1216709,304,0,0,0,0,0,0,0
1786370775437,2957592,2140156,2386868,365344,6036476,0,27,0,5,246,1377724,241,1247398,304,0,0,0,0,0,0,0
1786370775688,2891032,2075644,2322376,365352,6036476,0,27,0,5,246,1377724,241,1247398,304,0,0,0,0,0,0,0
1786370775946,2891032,2075644,2322376,365352,6036476,0,27,0,5,254,1377724,252,1247398,304,0,0,0,0,0,0,0
1786370776200,2891032,2086632,2333364,365356,6036476,0,27,0,5,254,1377724,252,1247398,304,0,0,0,0,0,0,0
1786370776452,2891032,2086788,2333528,365360,6036476,0,27,0,5,254,1377724,252,1247398,304,0,0,0,0,0,0,0
1786370776704,2891032,2091172,2337944,365404,6036476,0,27,0,5,254,1394609,252,1264269,304,0,0,0,0,0,0,0
1786370776963,2891032,2091172,2337944,365404,6036476,0,27,0,5,254,1394609,252,1264269,304,0,0,0,0,0,0,0
1786370777215,2891032,2091172,2337944,365404,6036476,0,27,0,5,254,1394609,252,1264269,304,0,0,0,0,0,0,0
1786370777468,2891032,2096584,2343356,365404,6036476,0,27,0,5,254,1394609,252,1264269,304,0,0,0,0,0,0,0
1786370777720,2891032,2096584,2343356,365404,6036476,0,27,0,5,254,1394609,252,1264269,304,0,0,0,0,0,0,0
1786370777981,2725772,1928564,2175420,365468,6036476,0,27,0,5,227,1411951,224,1281590,304,0,0,0,0,0,0,0
1786370778234,2628888,1836668,2083524,365468,6036476,0,27,0,5,227,1411951,224,1281590,304,0,0,0,0,0,0,0
1786370778487,2628888,1836668,2083524,365468,6036476,0,27,0,5,227,1411951,224,1281590,304,0,0,0,0,0,0,0
1786370778739,2628888,1836668,2083524,365468,6036476,0,27,0,5,227,1411951,224,1281590,304,0,0,0,0,0,0,0
1786370778991,2628888,1838548,2085404,365468,6036476,0,27,0,5,227,1411951,224,1281590,304,0,0,0,0,0,0,0
1786370779249,2628888,1846412,2093348,365544,6036476,0,27,0,5,227,1431404,224,1300107,304,0,0,0,0,0,0,0
1786370779503,2628888,1847548,2094484,365544,6036476,0,27,0,5,227,1436925,224,1305418,304,0,0,0,0,0,0,0
1786370779762,2628888,1847548,2094484,365544,6036476,0,27,0,5,204,1436925,202,1305418,304,0,0,0,0,0,0,0
1786370780021,2628888,1847548,2094484,365544,6036476,0,27,0,5,204,1436925,202,1305418,304,0,0,0,0,0,0,0
1786370780273,2628888,1852536,2099480,365548,6036476,0,27,0,5,204,1436925,202,1305418,304,0,0,0,0,0,0,0
1786370780534,2443544,1662076,1909088,365612,6036476,0,27,0,5,204,1457261,202,1325722,304,0,0,0,0,0,0,0
1786370780795,2366744,1589500,1836512,365612,6036476,0,27,0,5,204,1457261,202,1325722,304,0,0,0,0,0,0,0
1786370781049,2366744,1589500,1836512,365612,6036476,0,27,0,5,204,1457261,202,1325722,304,0,0,0,0,0,0,0
1786370781303,2366744,1589500,1836512,365612,6036476,0,27,0,5,204,1457261,202,1325722,304,0,0,0,0,0,0,0
1786370781555,2366744,1595020,1842036,365616,6036476,0,27,0,5,204,1457261,202,1325722,304,0,0,0,0,0,0,0
1786370781813,2366744,1594012,1841028,365620,6036476,0,27,0,5,185,1475696,183,1343308,304,0,0,0,0,0,0,0
1786370782066,2366744,1594012,1841028,365620,6036476,0,27,0,5,185,1475696,183,1343308,304,0,0,0,0,0,0,0
1786370782320,2366744,1596260,1843276,365620,6036476,0,27,0,5,185,1475696,183,1343308,304,0,0,0,0,0,0,0
1786370782573,2366744,1596260,1843276,365620,6036476,0,27,0,5,185,1475696,183,1343308,304,0,0,0,0,0,0,0
1786370782825,2366744,1595476,1842492,365620,6036476,0,27,0,5,185,1475696,183,1343308,304,0,0,0,0,0,0,0
1786370783076,2289944,1516120,1763148,365628,6036476,0,27,0,5,185,1492639,183,1360251,304,0,0,0,0,0,0,0
1786370783337,2104600,1332216,1579308,365676,6036476,0,27,0,5,185,1492639,183,1360251,304,0,0,0,0,0,0,0
1786370783589,2104600,1330336,1577440,365720,6036476,0,27,0,5,185,1505215,183,1372808,304,0,0,0,0,0,0,0
1786370783840,2104600,1223664,1511684,406708,6036476,0,27,0,5,206,1537943,204,1404185,304,0,0,0,0,0,0,0
1786370784090,2104600,1228564,1476304,366324,6036476,0,27,0,5,206,1541502,204,1407579,304,0,0,0,0,0,0,0
1786370784351,2104600,1239292,1486884,366176,6036476,0,27,0,5,206,1565352,204,1430785,304,0,0,0,0,0,0,0
1786370784603,2104600,1239292,1486900,366184,6036476,0,27,0,5,206,1565352,204,1430785,304,0,0,0,0,0,0,0
1786370784863,2104600,1239292,1486900,366184,6036476,0,27,0,5,206,1565352,204,1430785,304,0,0,0,0,0,0,0
1786370785122,2104600,1239292,1486900,366184,6036476,0,27,0,5,206,1565352,204,1430785,304,0,0,0,0,0,0,0
1786370785374,2104600,1256540,1504164,366192,6036476,0,27,0,5,206,1569901,204,1435333,304,0,0,0,0,0,0,0
1786370785628,1842456,1028976,1276628,366196,6036476,0,27,0,5,206,1591016,204,1456241,304,0,0,0,0,0,0,0
1786370785879,1842456,1028976,1276628,366196,6036476,0,27,0,5,204,1591016,202,1456241,304,0,0,0,0,0,0,0
1786370786136,1842456,1028976,1276628,366196,6036476,0,27,0,5,204,1591016,202,1456241,304,0,0,0,0,0,0,0
1786370786389,1842456,1035048,1282700,366200,6036476,0,27,0,5,204,1591016,202,1456241,304,0,0,0,0,0,0,0
1786370786640,1842456,1035800,1283460,366220,6036476,0,27,0,5,204,1597353,202,1462560,304,0,0,0,0,0,0,0
1786370786891,1842456,1035800,1283496,366244,6036476,0,27,0,5,204,1615506,202,1480471,304,0,0,0,0,0,0,0
1786370787144,1842456,1035800,1283500,366248,6036476,0,27,0,5,204,1615506,202,1480471,304,0,0,0,0,0,0,0
1786370787400,1842456,1040140,1287840,366248,6036476,0,27,0,5,204,1615506,202,1480471,304,0,0,0,0,0,0,0
1786370787654,1842456,1040140,1287840,366248,6036476,0,27,0,5,204,1615506,202,1480471,304,0,0,0,0,0,0,0
1786370787906,1842456,1040140,1287844,366248,6036476,0,27,0,5,186,1615506,184,1480471,304,0,0,0,0,0,0,0
1786370788158,1842456,1039636,1287364,366276,6036476,0,27,0,5,186,1634777,184,1499548,304,0,0,0,0,0,0,0
1786370788412,1842456,1045060,1292788,366284,6036476,0,27,0,5,186,1634777,184,1499548,304,0,0,0,0,0,0,0
1786370788664,1842456,1045060,1292788,366284,6036476,0,27,0,5,186,1634777,184,1499548,304,0,0,0,0,0,0,0
1786370788919,1842456,1045060,1292788,366284,6036476,0,27,0,5,186,1634777,184,1499548,304,0,0,0,0,0,0,0
1786370789171,1842456,1049732,1297476,366284,6036476,0,27,0,5,186,1638224,184,1501784,304,0,0,0,0,0,0,0
1786370789427,1842456,1049376,1297172,366344,6036476,0,27,0,5,186,1663407,184,1526310,304,0,0,0,0,0,0,0
1786370789680,1842456,1049376,1297172,366348,6036476,0,27,0,5,186,1663407,184,1526310,304,0,0,0,0,0,0,0
1786370789939,1842456,1049376,1297172,366348,6036476,0,27,0,5,188,1663407,187,1526310,304,0,0,0,0,0,0,0
1786370790194,1842456,1049816,1297612,366348,6036476,0,27,0,5,188,1663407,187,1526310,304,0,0,0,0,0,0,0
1786370790445,1842456,1054296,1302104,366348,6036476,0,27,0,5,188,1665937,187,1528836,304,0,0,0,0,0,0,0
1786370790698,1842456,1055444,1303284,366388,6036476,0,27,0,5,188,1683359,187,1546258,304,0,0,0,0,0,0,0
1786370790957,1842456,1055444,1303284,366396,6036476,0,27,0,5,188,1683359,187,1546258,304,0,0,0,0,0,0,0
1786370791217,1842456,1057928,1305768,366396,6036476,0,27,0,5,188,1683359,187,1546258,304,0,0,0,0,0,0,0
1786370791477,1842456,1058748,1306588,366396,6036476,0,27,0,5,188,1683359,187,1546258,304,0,0,0,0,0,0,0
1786370791732,1842456,1058524,1306396,366424,6036476,0,27,0,5,188,1694569,187,1557460,304,0,0,0,0,0,0,0
1786370791992,1842456,1059584,1307452,366420,6036476,0,27,0,5,190,1708530,189,1570472,304,0,0,0,0,0,0,0
1786370792254,1842456,1063132,1311004,366428,6036476,0,27,0,5,190,1708530,189,1570472,304,0,0,0,0,0,0,0
1786370792516,1842456,1063756,1311628,366428,6036476,0,27,0,5,190,1708530,189,1570472,304,0,0,0,0,0,0,0
1786370792767,1842456,1063756,1311628,366428,6036476,0,27,0,5,190,1708530,189,1570472,304,0,0,0,0,0,0,0
1786370793019,1842456,1063016,1310920,366456,6036476,0,27,0,5,190,1727295,189,1589225,304,0,0,0,0,0,0,0
1786370793271,1842456,1066164,1314052,366440,6036476,0,27,0,5,190,1727295,189,1589225,304,0,0,0,0,0,0,0
1786370793526,1842456,1066164,1314052,366440,6036476,0,27,0,5,190,1727295,189,1589225,304,0,0,0,0,0,0,0
1786370793785,1842456,1066164,1314052,366440,6036476,0,27,0,5,156,1727295,155,1589225,304,0,0,0,0,0,0,0
1786370794045,1842456,1066164,1314052,366440,6036476,0,27,0,5,156,1727295,155,1589225,304,0,0,0,0,0,0,0
1786370794296,1842456,1069112,1317032,366468,6036476,0,27,0,5,156,1746915,155,1608511,304,0,0,0,0,0,0,0
1786370794547,1842456,1070012,1317952,366488,6036476,0,27,0,5,156,1761099,155,1622603,304,0,0,0,0,0,0,0
1786370794797,1842456,1044328,1292892,367092,6036476,0,27,0,5,156,1788582,155,1647799,304,0,0,0,0,0,0,0
1786370795050,1842456,994300,1286076,410256,6036476,0,27,0,5,156,1788582,155,1647799,304,0,0,0,0,0,0,0
1786370795303,1842456,1028880,1277128,366740,6036476,0,27,0,5,156,1801591,155,1660717,304,0,0,0,0,0,0,0
1786370795554,1842456,1028656,1276928,366768,6036476,0,27,0,5,156,1814208,155,1672913,304,0,0,0,0,0,0,0
1786370795805,1842456,1028180,1276436,366756,6036476,0,27,0,5,200,1819899,199,1677666,304,0,0,0,0,0,0,0
1786370796058,1842456,1028180,1276436,366756,6036476,0,27,0,5,200,1819899,199,1677666,304,0,0,0,0,0,0,0
1786370796313,1842456,1031824,1280080,366760,6036476,0,27,0,5,200,1819899,199,1677666,304,0,0,0,0,0,0,0
1786370796567,1842456,1031824,1280080,366760,6036476,0,27,0,5,200,1819899,199,1677666,304,0,0,0,0,0,0,0
1786370796818,1842456,1030372,1278640,366764,6036476,0,27,0,5,200,1845191,199,1701153,304,0,0,0,0,0,0,0
1786370797079,1842456,1030312,1278592,366780,6036476,0,27,0,5,200,1845191,199,1701153,304,0,0,0,0,0,0,0
1786370797331,1842456,1032656,1280936,366780,6036476,0,27,0,5,200,1845191,199,1701153,304,0,0,0,0,0,0,0
1786370797585,1842456,1032656,1280924,366780,6036476,0,27,0,5,200,1845191,199,1701153,304,0,0,0,0,0,0,0
1786370797840,1842456,1032656,1280924,366780,6036476,0,27,0,5,182,1845191,181,1701153,304,0,0,0,0,0,0,0
1786370798091,1842456,1032908,1281212,366808,6036476,0,27,0,5,182,1865686,181,1721599,304,0,0,0,0,0,0,0
1786370798342,1842456,1035872,1284180,366812,6036476,0,27,0,5,182,1865686,181,1721599,304,0,0,0,0,0,0,0
1786370798598,1842456,1035872,1284180,366812,6036476,0,27,0,5,182,1865686,181,1721599,304,0,0,0,0,0,0,0
1786370798857,1842456,1035872,1284180,366812,6036476,0,27,0,5,182,1865686,181,1721599,304,0,0,0,0,0,0,0
1786370799110,1842456,1035872,1284180,366812,6036476,0,27,0,5,182,1865686,181,1721599,304,0,0,0,0,0,0,0
1786370799362,1842456,1040932,1289268,366840,6036476,0,27,0,5,182,1883483,181,1739244,304,0,0,0,0,0,0,0
1786370799612,1842456,1043016,1291340,366840,6036476,0,27,0,5,182,1902643,181,1758396,304,0,0,0,0,0,0,0
1786370799867,1842456,1043016,1291340,366840,6036476,0,27,0,5,185,1902643,185,1758396,304,0,0,0,0,0,0,0
1786370800128,1842456,1043016,1291340,366840,6036476,0,27,0,5,185,1902643,185,1758396,304,0,0,0,0,0,0,0
1786370800381,1842456,1044128,1292452,366840,6036476,0,27,0,5,185,1902643,185,1758396,304,0,0,0,0,0,0,0
1786370800632,1842456,1044380,1292740,366868,6036476,0,27,0,5,185,1916489,185,1772212,304,0,0,0,0,0,0,0
1786370800883,1842456,1047020,1295392,366872,6036476,0,27,0,5,185,1916489,185,1772212,304,0,0,0,0,0,0,0
1786370801139,1842456,1047020,1295392,366872,6036476,0,27,0,5,185,1916489,185,1772212,304,0,0,0,0,0,0,0
1786370801398,1842456,1047820,1296192,366872,6036476,0,27,0,5,185,1916489,185,1772212,304,0,0,0,0,0,0,0
1786370801659,1842456,1048620,1296992,366872,6036476,0,27,0,5,185,1916489,185,1772212,304,0,0,0,0,0,0,0
1786370801911,1842456,1050336,1298728,366900,6036476,0,27,0,5,151,1935168,151,1790170,304,0,0,0,0,0,0,0
1786370802164,1842456,1052884,1301320,366936,6036476,0,27,0,5,151,1941248,151,1795391,304,0,0,0,0,0,0,0
1786370802417,1842456,1054112,1302548,366936,6036476,0,27,0,5,151,1941248,151,1795391,304,0,0,0,0,0,0,0
1786370802672,1842456,1054364,1302800,366936,6036476,0,27,0,5,151,1941248,151,1795391,304,0,0,0,0,0,0,0
1786370802932,1842456,1054364,1302800,366936,6036476,0,27,0,5,151,1941248,151,1795391,304,0,0,0,0,0,0,0
1786370803183,1842456,1062568,1311020,366952,6036476,0,27,0,5,151,1954162,151,1808305,304,0,0,0,0,0,0,0
1786370803434,1842456,1062680,1311128,366952,6036476,0,27,0,5,151,1954162,151,1808305,304,0,0,0,0,0,0,0
1786370803688,1842456,1062680,1311128,366952,6036476,0,27,0,5,151,1954162,151,1808305,304,0,0,0,0,0,0,0
1786370803941,1842456,1062680,1311128,366952,6036476,0,27,0,5,142,1954162,142,1808305,304,0,0,0,0,0,0,0
1786370804192,1842456,1064572,1313020,366952,6036476,0,27,0,5,142,1954162,142,1808305,304,0,0,0,0,0,0,0
1786370804444,1842456,1065732,1314204,366980,6036476,0,27,0,5,142,1969147,142,1823272,304,0,0,0,0,0,0,0
1786370804705,1842456,1065780,1314240,366964,6036476,0,27,0,5,142,1969147,142,1823272,304,0,0,0,0,0,0,0
1786370804956,1842456,1065780,1314244,366972,6036476,0,27,0,5,142,1969147,142,1823272,304,0,0,0,0,0,0,0
1786370805213,1842456,1065780,1314244,366972,6036476,0,27,0,5,142,1969147,142,1823272,304,0,0,0,0,0,0,0
1786370805464,1842456,1071624,1320088,366980,6036476,0,27,0,5,142,1969147,142,1823272,304,0,0,0,0,0,0,0
1786370805715,1842456,1039716,1288496,367276,6036476,0,27,0,5,142,2012258,142,1863546,304,0,0,0,0,0,0,0
1786370805966,1842456,959164,1251628,410924,6036476,0,27,0,5,170,2028057,170,1878389,304,0,0,0,0,0,0,0
1786370806226,1842456,1003676,1252508,367320,6036476,0,27,0,5,170,2039278,170,1889229,304,0,0,0,0,0,0,0
1786370806482,1842456,1003676,1252508,367320,6036476,0,27,0,5,170,2039278,170,1889229,304,0,0,0,0,0,0,0
1786370806734,1842456,1003676,1252508,367320,6036476,0,27,0,5,170,2039278,170,1889229,304,0,0,0,0,0,0,0
1786370806986,1842456,1002980,1251852,367352,6036476,0,27,0,5,170,2047171,170,1895529,304,0,0,0,0,0,0,0
1786370807242,1842456,1005732,1254668,367392,6036476,0,27,0,5,170,2070381,170,1917700,304,0,0,0,0,0,0,0
1786370807501,1842456,1009812,1258756,367400,6036476,0,27,0,5,170,2070381,170,1917700,304,0,0,0,0,0,0,0
1786370807759,1842456,1009812,1258756,367400,6036476,0,27,0,5,170,2070381,170,1917700,304,0,0,0,0,0,0,0
1786370808017,1842456,1009812,1258756,367400,6036476,0,27,0,5,176,2070381,176,1917700,304,0,0,0,0,0,0,0
1786370808269,1842456,1026280,1275244,367424,6036476,0,27,0,5,176,2077062,176,1924381,304,0,0,0,0,0,0,0
1786370808519,1842456,1026380,1275324,367416,6036476,0,27,0,5,176,2085221,176,1932538,304,0,0,0,0,0,0,0
1786370808772,1842456,1026380,1275316,367416,6036476,0,27,0,5,176,2085221,176,1932538,304,0,0,0,0,0,0,0
1786370809026,1842456,1026380,1275316,367416,6036476,0,27,0,5,176,2085221,176,1932538,304,0,0,0,0,0,0,0
1786370809286,1842456,1027872,1276808,367416,6036476,0,27,0,5,176,2085221,176,1932538,304,0,0,0,0,0,0,0
1786370809537,1842456,1038892,1287836,367420,6036476,0,27,0,5,176,2090117,176,1937434,304,0,0,0,0,0,0,0
1786370809796,1842456,1036016,1284992,367460,6036476,0,27,0,5,180,2109966,162,1956272,304,0,0,0,0,0,0,0
1786370810052,1842456,1036016,1284992,367460,6036476,0,27,0,5,180,2109966,162,1956272,304,0,0,0,0,0,0,0
1786370810305,1842456,1036016,1284992,367460,6036476,0,27,0,5,180,2109966,162,1956272,304,0,0,0,0,0,0,0
1786370810556,1842456,1036016,1284992,367460,6036476,0,27,0,5,180,2109966,162,1956272,304,0,0,0,0,0,0,0
1786370810809,1842456,1035792,1284800,367504,6036476,0,27,0,5,180,2118876,162,1965114,304,0,0,0,0,0,0,0
1786370811066,1842456,1039740,1288748,367492,6036476,0,27,0,5,180,2122254,162,1968479,304,0,0,0,0,0,0,0
1786370811322,1842456,1043212,1292220,367492,6036476,0,27,0,5,180,2128223,162,1974241,304,0,0,0,0,0,0,0
1786370811574,1842456,1043212,1292220,367492,6036476,0,27,0,5,180,2128223,162,1974241,304,0,0,0,0,0,0,0
1786370811834,1842456,1043212,1292220,367492,6036476,0,27,0,5,147,2128223,132,1974241,304,0,0,0,0,0,0,0
1786370812088,1842456,1042960,1292008,367536,6036476,0,27,0,5,147,2147861,132,1993828,304,0,0,0,0,0,0,0
1786370812339,1842456,1044504,1293560,367524,6036476,0,27,0,5,147,2153272,132,1998773,304,0,0,0,0,0,0,0
1786370812601,1842456,1045992,1295048,367524,6036476,0,27,0,5,147,2153272,132,1998773,304,0,0,0,0,0,0,0
1786370812855,1842456,1045992,1295048,367524,6036476,0,27,0,5,147,2153272,132,1998773,304,0,0,0,0,0,0,0
1786370813115,1842456,1045992,1295048,367524,6036476,0,27,0,5,147,2153272,132,1998773,304,0,0,0,0,0,0,0
1786370813367,1842456,1054148,1303228,367552,6036476,0,27,0,5,147,2172588,132,2018052,304,0,0,0,0,0,0,0
1786370813628,1842456,1056248,1305312,367544,6036476,0,27,0,5,147,2172588,132,2018052,304,0,0,0,0,0,0,0
1786370813884,1842456,1056248,1305312,367544,6036476,0,27,0,5,157,2172588,145,2018052,304,0,0,0,0,0,0,0
1786370814144,1842456,1056248,1305312,367544,6036476,0,27,0,5,157,2172588,145,2018052,304,0,0,0,0,0,0,0
1786370814402,1842456,1061084,1310148,367544,6036476,0,27,0,5,157,2172588,145,2018052,304,0,0,0,0,0,0,0
1786370814653,1842456,1061192,1310280,367560,6036476,0,27,0,5,157,2188255,145,2033668,304,0,0,0,0,0,0,0
1786370814915,1842456,1062932,1312052,367588,6036476,0,27,0,5,157,2188255,145,2033668,304,0,0,0,0,0,0,0
1786370815173,1842456,1062932,1312052,367588,6036476,0,27,0,5,157,2188255,145,2033668,304,0,0,0,0,0,0,0
1786370815427,1842456,1063924,1313044,367588,6036476,0,27,0,5,157,2188255,145,2033668,304,0,0,0,0,0,0,0
1786370815680,1842456,1066120,1315240,367588,6036476,0,27,0,5,157,2188255,145,2033668,304,0,0,0,0,0,0,0
1786370815932,1842456,1067368,1316496,367604,6036476,0,27,0,5,128,2204271,118,2048850,304,0,0,0,0,0,0,0
1786370816183,1842456,1067376,1316512,367604,6036476,0,27,0,5,128,2204271,118,2048850,304,0,0,0,0,0,0,0
1786370816438,1842456,1068988,1318124,367608,6036476,0,27,0,5,128,2204271,118,2048850,304,0,0,0,0,0,0,0
1786370816690,1842456,1023824,1316352,410980,6036476,0,27,0,5,128,2242620,118,2085877,304,0,0,0,0,0,0,0
1786370816941,1842456,993492,1286464,411400,6036476,0,27,0,5,128,2253187,118,2094905,304,0,0,0,0,0,0,0
1786370817191,1842456,1018260,1267792,367968,6036476,0,27,0,5,128,2283234,118,2122618,304,0,0,0,0,0,0,0
1786370817444,1842456,1018252,1267748,367932,6036476,0,27,0,5,128,2285271,118,2124396,304,0,0,0,0,0,0,0
1786370817696,1842456,1018252,1267756,367940,6036476,0,27,0,5,128,2285271,118,2124396,304,0,0,0,0,0,0,0
1786370817950,1842456,1018252,1267756,367940,6036476,0,27,0,5,177,2285271,169,2124396,304,0,0,0,0,0,0,0
1786370818202,1842456,1019628,1269132,367940,6036476,0,27,0,5,177,2285271,169,2124396,304,0,0,0,0,0,0,0
1786370818453,1842456,1023648,1273160,367952,6036476,0,27,0,5,177,2308502,169,2146736,304,0,0,0,0,0,0,0
1786370818713,1842456,1023648,1273164,367952,6036476,0,27,0,5,177,2308502,169,2146736,304,0,0,0,0,0,0,0
1786370818966,1842456,1023648,1273164,367956,6036476,0,27,0,5,177,2308502,169,2146736,304,0,0,0,0,0,0,0
1786370819217,1842456,1023648,1273164,367956,6036476,0,27,0,5,177,2308502,169,2146736,304,0,0,0,0,0,0,0
1786370819469,1842456,1028228,1277744,367956,6036476,0,27,0,5,177,2308502,169,2146736,304,0,0,0,0,0,0,0
1786370819721,1842456,1033444,1282960,367968,6036476,0,27,0,5,177,2329495,169,2167005,304,0,0,0,0,0,0,0
1786370819972,1842456,1033536,1283056,367968,6036476,0,27,0,5,181,2329495,175,2167005,304,0,0,0,0,0,0,0
1786370820224,1842456,1035400,1284920,367972,6036476,0,27,0,5,181,2329495,175,2167005,304,0,0,0,0,0,0,0
1786370820483,1842456,1035400,1284920,367972,6036476,0,27,0,5,181,2329495,175,2167005,304,0,0,0,0,0,0,0
1786370820736,1842456,1035400,1284920,367972,6036476,0,27,0,5,181,2329495,175,2167005,304,0,0,0,0,0,0,0
1786370820988,1842456,1036784,1286316,367984,6036476,0,27,0,5,181,2344659,175,2182137,304,0,0,0,0,0,0,0
1786370821247,1842456,1038880,1288412,367980,6036476,0,27,0,5,181,2344659,175,2182137,304,0,0,0,0,0,0,0
1786370821499,1842456,1038880,1288412,367988,6036476,0,27,0,5,181,2344659,175,2182137,304,0,0,0,0,0,0,0
1786370821758,1842456,1038880,1288412,367988,6036476,0,27,0,5,181,2344659,175,2182137,304,0,0,0,0,0,0,0
1786370822012,1842456,1038880,1288412,367988,6036476,0,27,0,5,148,2344659,143,2182137,304,0,0,0,0,0,0,0
1786370822263,1842456,1047076,1296628,367996,6036476,0,27,0,5,148,2361885,143,2199363,304,0,0,0,0,0,0,0
1786370822515,1842456,1047028,1296584,368000,6036476,0,27,0,5,148,2361885,143,2199363,304,0,0,0,0,0,0,0
1786370822770,1842456,1047028,1296588,368004,6036476,0,27,0,5,148,2361885,143,2199363,304,0,0,0,0,0,0,0
1786370823022,1842456,1047028,1296588,368004,6036476,0,27,0,5,148,2361885,143,2199363,304,0,0,0,0,0,0,0
1786370823274,1842456,1052696,1302256,368004,6036476,0,27,0,5,148,2361885,143,2199363,304,0,0,0,0,0,0,0
1786370823525,1842456,1052432,1302016,368032,6036476,0,27,0,5,148,2376864,143,2213632,304,0,0,0,0,0,0,0
1786370823776,1842456,1056552,1306124,368020,6036476,0,27,0,5,140,2376864,135,2213632,304,0,0,0,0,0,0,0
1786370824029,1842456,1056552,1306124,368020,6036476,0,27,0,5,140,2376864,135,2213632,304,0,0,0,0,0,0,0
1786370824280,1842456,1061532,1311104,368020,6036476,0,27,0,5,140,2376864,135,2213632,304,0,0,0,0,0,0,0
1786370824532,1842456,1061532,1311104,368020,6036476,0,27,0,5,140,2376864,135,2213632,304,0,0,0,0,0,0,0
1786370824784,1842456,1061580,1311164,368032,6036476,0,27,0,5,140,2389922,135,2226683,304,0,0,0,0,0,0,0
1786370825040,1842456,1064248,1313832,368036,6036476,0,27,0,5,140,2389922,135,2226683,304,0,0,0,0,0,0,0
1786370825302,1842456,1066788,1316372,368036,6036476,0,27,0,5,140,2389922,135,2226683,304,0,0,0,0,0,0,0
1786370825562,1842456,1066788,1316372,368036,6036476,0,27,0,5,140,2389922,135,2226683,304,0,0,0,0,0,0,0
1786370825817,1842456,1066788,1316372,368036,6036476,0,27,0,5,113,2389922,110,2226683,304,0,0,0,0,0,0,0
1786370826069,1842456,1067424,1317036,368064,6036476,0,27,0,5,113,2409198,110,2245250,304,0,0,0,0,0,0,0
1786370826320,1842456,1072608,1322204,368056,6036476,0,27,0,5,113,2409198,110,2245250,304,0,0,0,0,0,0,0
1786370826574,1842456,1072608,1322204,368056,6036476,0,27,0,5,113,2409198,110,2245250,304,0,0,0,0,0,0,0
1786370826832,1842456,1072608,1322204,368056,6036476,0,27,0,5,113,2409198,110,2245250,304,0,0,0,0,0,0,0
1786370827089,1842456,1072608,1322204,368056,6036476,0,27,0,5,113,2409198,110,2245250,304,0,0,0,0,0,0,0
1786370827344,1842456,1075888,1325504,368068,6036476,0,27,0,5,113,2424006,110,2260058,304,0,0,0,0,0,0,0
1786370827595,1842456,1057648,1322788,383728,6036476,0,27,0,5,113,2439832,110,2275865,304,0,0,0,0,0,0,0
1786370827845,1842456,1033244,1297008,382464,6036476,0,27,0,5,148,2470668,145,2306128,304,0,0,0,0,0,0,0
1786370828095,1842456,952436,1202536,368496,6036476,0,27,0,5,148,2470668,145,2306128,304,0,0,0,0,0,0,0
1786370828347,1842456,952996,1203044,368496,6036476,0,27,0,5,148,2480827,145,2316131,304,0,0,0,0,0,0,0
1786370828598,1842456,952996,1203068,368528,6036476,0,27,0,5,148,2498397,145,2333671,304,0,0,0,0,0,0,0
1786370828854,1842456,952996,1203088,368524,6036476,0,27,0,5,148,2503908,145,2338783,304,0,0,0,0,0,0,0
1786370829111,1842456,952996,1203084,368532,6036476,0,27,0,5,148,2503908,145,2338783,304,0,0,0,0,0,0,0
1786370829371,1842456,960116,1210204,368532,6036476,0,27,0,5,148,2503908,145,2338783,304,0,0,0,0,0,0,0
1786370829623,1842456,960116,1210204,368532,6036476,0,27,0,5,148,2503908,145,2338783,304,0,0,0,0,0,0,0
1786370829875,1842456,962224,1212464,368708,6036476,0,27,0,5,157,2533632,155,2368440,304,0,0,0,0,0,0,0
1786370830126,1842456,962348,1212644,368756,6036476,0,27,0,5,157,2533632,155,2368440,304,0,0,0,0,0,0,0
1786370830388,1842456,983068,1233364,368772,6036476,0,27,0,5,157,2533632,155,2368440,304,0,0,0,0,0,0,0
1786370830649,1842456,988272,1238556,368772,6036476,0,27,0,5,157,2533632,155,2368440,304,0,0,0,0,0,0,0
1786370830907,1842456,988272,1238556,368772,6036476,0,27,0,5,157,2533632,155,2368440,304,0,0,0,0,0,0,0
1786370831158,1842456,992784,1243244,368944,6036476,0,27,0,5,157,2559920,155,2393835,304,0,0,0,0,0,0,0
1786370831413,1842456,1006224,1256720,368948,6036476,0,27,0,5,157,2559920,155,2393835,304,0,0,0,0,0,0,0
1786370831670,1842456,1006224,1256720,368948,6036476,0,27,0,5,157,2559920,155,2393835,304,0,0,0,0,0,0,0
1786370831923,1842456,1006224,1256720,368948,6036476,0,27,0,5,165,2559920,163,2393835,304,0,0,0,0,0,0,0
1786370832175,1842456,1009940,1260436,368948,6036476,0,27,0,5,165,2559920,163,2393835,304,0,0,0,0,0,0,0
1786370832427,1842456,1023256,1273844,369040,6036476,0,27,0,5,165,2572593,163,2406508,304,0,0,0,0,0,0,0
1786370832681,1842456,1022880,1273504,369076,6036476,0,27,0,5,165,2572593,163,2406508,304,0,0,0,0,0,0,0
1786370832941,1842456,1022880,1273504,369076,6036476,0,27,0,5,165,2572593,163,2406508,304,0,0,0,0,0,0,0
1786370833200,1842456,1022880,1273504,369076,6036476,0,27,0,5,165,2572593,163,2406508,304,0,0,0,0,0,0,0
1786370833453,1842456,1030776,1281400,369076,6036476,0,27,0,5,165,2572593,163,2406508,304,0,0,0,0,0,0,0
1786370833704,1842456,1034188,1284916,369180,6036476,0,27,0,5,165,2590615,163,2423285,304,0,0,0,0,0,0,0
1786370833965,1842456,1034128,1284860,369184,6036476,0,27,0,5,153,2590615,151,2423285,304,0,0,0,0,0,0,0
1786370834217,1842456,1041512,1292248,369184,6036476,0,27,0,5,153,2590615,151,2423285,304,0,0,0,0,0,0,0
1786370834473,1842456,1041512,1292248,369184,6036476,0,27,0,5,153,2590615,151,2423285,304,0,0,0,0,0,0,0
1786370834731,1842456,1041512,1292248,369184,6036476,0,27,0,5,153,2590615,151,2423285,304,0,0,0,0,0,0,0
1786370834982,1842456,1040888,1291680,369252,6036476,0,27,0,5,153,2605790,151,2438448,304,0,0,0,0,0,0,0
1786370835233,1842456,1046400,1297196,369248,6036476,0,27,0,5,153,2605790,151,2438448,304,0,0,0,0,0,0,0
1786370835491,1842456,1051064,1301860,369248,6036476,0,27,0,5,153,2605790,151,2438448,304,0,0,0,0,0,0,0
1786370835746,1842456,1051064,1301860,369248,6036476,0,27,0,5,153,2605790,151,2438448,304,0,0,0,0,0,0,0
1786370835998,1842456,1051064,1301860,369248,6036476,0,27,0,5,125,2605790,124,2438448,304,0,0,0,0,0,0,0
1786370836258,1842456,1059088,1309920,369280,6036476,0,27,0,5,125,2628470,124,2460040,304,0,0,0,0,0,0,0
1786370836509,1842456,1059088,1309920,369284,6036476,0,27,0,5,125,2628470,124,2460040,304,0,0,0,0,0,0,0
1786370836761,1842456,1059088,1309920,369284,6036476,0,27,0,5,125,2628470,124,2460040,304,0,0,0,0,0,0,0
1786370837017,1842456,1059088,1309920,369284,6036476,0,27,0,5,125,2628470,124,2460040,304,0,0,0,0,0,0,0
1786370837278,1842456,1062796,1313628,369284,6036476,0,27,0,5,125,2628470,124,2460040,304,0,0,0,0,0,0,0
1786370837537,1842456,1068604,1319448,369296,6036476,0,27,0,5,125,2640321,124,2471841,304,0,0,0,0,0,0,0
1786370837789,1842456,1068604,1319448,369304,6036476,0,27,0,5,120,2640321,119,2471841,304,0,0,0,0,0,0,0
1786370838049,1842456,1068604,1319456,369304,6036476,0,27,0,5,120,2640321,119,2471841,304,0,0,0,0,0,0,0
1786370838308,1842456,1070392,1321244,369304,6036476,0,27,0,5,120,2640321,119,2471841,304,0,0,0,0,0,0,0
1786370838561,1842456,1073616,1324480,369316,6036476,0,27,0,5,120,2658336,119,2489851,304,0,0,0,0,0,0,0
1786370838811,1842456,1031068,1282916,370244,6036476,0,27,0,5,120,2699180,119,2529022,304,0,0,0,0,0,0,0
1786370839062,1842456,965428,1260556,413544,6036476,0,27,0,5,120,2705206,119,2534700,304,0,0,0,0,0,0,0
1786370839315,1842456,972952,1224732,370216,6036476,0,27,0,5,120,2716363,119,2545698,304,0,0,0,0,0,0,0
1786370839575,1842456,972952,1224732,370216,6036476,0,27,0,5,120,2716363,119,2545698,304,0,0,0,0,0,0,0
1786370839826,1842456,972952,1224732,370216,6036476,0,27,0,5,153,2716363,152,2545698,304,0,0,0,0,0,0,0
1786370840078,1842456,972952,1224936,370408,6036476,0,27,0,5,153,2734580,152,2563665,304,0,0,0,0,0,0,0
1786370840329,1842456,989300,1241328,370448,6036476,0,27,0,5,153,2740228,152,2568404,304,0,0,0,0,0,0,0
1786370840586,1842456,989300,1241328,370448,6036476,0,27,0,5,153,2740228,152,2568404,304,0,0,0,0,0,0,0
1786370840847,1842456,989300,1241328,370448,6036476,0,27,0,5,153,2740228,152,2568404,304,0,0,0,0,0,0,0
1786370841105,1842456,989300,1241328,370448,6036476,0,27,0,5,153,2740228,152,2568404,304,0,0,0,0,0,0,0
1786370841356,1842456,1001024,1253176,370604,6036476,0,27,0,5,153,2759903,152,2587118,304,0,0,0,0,0,0,0
1786370841612,1842456,1000444,1252628,370608,6036476,0,27,0,5,153,2759903,152,2587118,304,0,0,0,0,0,0,0
1786370841869,1842456,1000444,1252628,370608,6036476,0,27,0,5,161,2759903,161,2587118,304,0,0,0,0,0,0,0
1786370842128,1842456,1000444,1252628,370608,6036476,0,27,0,5,161,2759903,161,2587118,304,0,0,0,0,0,0,0
1786370842383,1842456,1005108,1257292,370608,6036476,0,27,0,5,161,2759903,161,2587118,304,0,0,0,0,0,0,0
1786370842635,1842456,1010896,1263156,370684,6036476,0,27,0,5,161,2774372,161,2601529,304,0,0,0,0,0,0,0
1786370842895,1842456,1013256,1265556,370720,6036476,0,27,0,5,161,2774372,161,2601529,304,0,0,0,0,0,0,0
1786370843152,1842456,1013256,1265556,370720,6036476,0,27,0,5,161,2774372,161,2601529,304,0,0,0,0,0,0,0
1786370843412,1842456,1013256,1265556,370720,6036476,0,27,0,5,161,2774372,161,2601529,304,0,0,0,0,0,0,0
1786370843664,1842456,1017260,1269560,370720,6036476,0,27,0,5,161,2774372,161,2601529,304,0,0,0,0,0,0,0
1786370843916,1842456,1019000,1271320,370748,6036476,0,27,0,5,150,2795366,150,2621752,304,0,0,0,0,0,0,0
1786370844171,1842456,1018748,1271056,370736,6036476,0,27,0,5,150,2795509,150,2621828,304,0,0,0,0,0,0,0
1786370844425,1842456,1021816,1274124,370736,6036476,0,27,0,5,150,2795509,150,2621828,304,0,0,0,0,0,0,0
1786370844686,1842456,1022152,1274460,370736,6036476,0,27,0,5,150,2806496,150,2632549,304,0,0,0,0,0,0,0
1786370844939,1842456,1022152,1274460,370736,6036476,0,27,0,5,150,2806496,150,2632549,304,0,0,0,0,0,0,0
1786370845191,1842456,1031672,1284012,370764,6036476,0,27,0,5,150,2819649,150,2645525,304,0,0,0,0,0,0,0
1786370845443,1842456,1030412,1282732,370744,6036476,0,27,0,5,150,2820130,150,2645958,304,0,0,0,0,0,0,0
1786370845696,1842456,1031936,1284256,370748,6036476,0,27,0,5,150,2820130,150,2645958,304,0,0,0,0,0,0,0
1786370845950,1842456,1031936,1284256,370748,6036476,0,27,0,5,141,2820130,141,2645958,304,0,0,0,0,0,0,0
1786370846206,1842456,1034280,1286600,370748,6036476,0,27,0,5,141,2820130,141,2645958,304,0,0,0,0,0,0,0
1786370846457,1842456,1039888,1292244,370788,6036476,0,27,0,5,141,2838316,141,2663997,304,0,0,0,0,0,0,0
1786370846710,1842456,1038820,1291160,370768,6036476,0,27,0,5,141,2844498,141,2669710,304,0,0,0,0,0,0,0
1786370846968,1842456,1038820,1291160,370772,6036476,0,27,0,5,141,2844498,141,2669710,304,0,0,0,0,0,0,0
1786370847224,1842456,1039868,1292208,370772,6036476,0,27,0,5,141,2844498,141,2669710,304,0,0,0,0,0,0,0
1786370847476,1842456,1043376,1295716,370772,6036476,0,27,0,5,141,2844498,141,2669710,304,0,0,0,0,0,0,0
1786370847727,1842456,1043912,1296280,370800,6036476,0,27,0,5,141,2859352,141,2684529,304,0,0,0,0,0,0,0
1786370847979,1842456,1042808,1295160,370780,6036476,0,27,0,5,133,2859352,133,2684529,304,0,0,0,0,0,0,0
1786370848231,1842456,1045200,1297556,370784,6036476,0,27,0,5,133,2859352,133,2684529,304,0,0,0,0,0,0,0
1786370848487,1842456,1045200,1297556,370784,6036476,0,27,0,5,133,2859352,133,2684529,304,0,0,0,0,0,0,0
1786370848741,1842456,1045200,1297556,370784,6036476,0,27,0,5,133,2859352,133,2684529,304,0,0,0,0,0,0,0
1786370848993,1842456,1045704,1298088,370816,6036476,0,27,0,5,133,2881640,133,2706784,304,0,0,0,0,0,0,0
1786370849254,1842456,1047828,1300196,370796,6036476,0,27,0,5,133,2884640,133,2709784,304,0,0,0,0,0,0,0
1786370849505,1842456,1051972,1304348,370812,6036476,0,27,0,5,133,2888541,133,2711605,304,0,0,0,0,0,0,0
1786370849756,1842456,1011060,1264004,371372,6036476,0,27,0,5,133,2941838,133,2763455,304,0,0,0,0,0,0,0
1786370850006,1842456,967428,1263756,414708,6036476,0,27,0,5,182,2941838,163,2763455,304,0,0,0,0,0,0,0
1786370850257,1842456,965172,1217872,371076,6036476,0,27,0,5,182,2960265,163,2779547,304,0,0,0,0,0,0,0
1786370850509,1842456,965172,1217872,371076,6036476,0,27,0,5,182,2960265,163,2779547,304,0,0,0,0,0,0,0
1786370850761,1842456,965172,1217872,371084,6036476,0,27,0,5,182,2960265,163,2779547,304,0,0,0,0,0,0,0
1786370851021,1842456,965172,1217872,371084,6036476,0,27,0,5,182,2960265,163,2779547,304,0,0,0,0,0,0,0
1786370851279,1842456,965520,1218220,371084,6036476,0,27,0,5,182,2960265,163,2779547,304,0,0,0,0,0,0,0
1786370851530,1842456,965520,1218244,371096,6036476,0,27,0,5,182,2975577,163,2793674,304,0,0,0,0,0,0,0
1786370851781,1842456,967068,1219792,371100,6036476,0,27,0,5,182,2975577,163,2793674,304,0,0,0,0,0,0,0
1786370852033,1842456,967068,1219792,371100,6036476,0,27,0,5,167,2975577,152,2793674,304,0,0,0,0,0,0,0
1786370852293,1842456,978524,1231248,371100,6036476,0,27,0,5,167,2975577,152,2793674,304,0,0,0,0,0,0,0
1786370852545,1842456,980484,1233196,371100,6036476,0,27,0,5,167,2975577,152,2793674,304,0,0,0,0,0,0,0
1786370852796,1842456,979388,1232116,371116,6036476,0,27,0,5,167,2989458,152,2807548,304,0,0,0,0,0,0,0
1786370853053,1842456,979224,1231952,371116,6036476,0,27,0,5,167,2989458,152,2807548,304,0,0,0,0,0,0,0
1786370853310,1842456,987704,1240432,371116,6036476,0,27,0,5,167,2989458,152,2807548,304,0,0,0,0,0,0,0
1786370853566,1842456,987704,1240432,371116,6036476,0,27,0,5,167,2989458,152,2807548,304,0,0,0,0,0,0,0
1786370853824,1842456,987704,1240432,371116,6036476,0,27,0,5,136,2989458,124,2807548,304,0,0,0,0,0,0,0
1786370854076,1842456,989848,1242600,371148,6036476,0,27,0,5,136,3007970,124,2824793,304,0,0,0,0,0,0,0
1786370854327,1842456,998452,1251200,371136,6036476,0,27,0,5,136,3007970,124,2824793,304,0,0,0,0,0,0,0
1786370854588,1842456,998452,1251200,371136,6036476,0,27,0,5,136,3007970,124,2824793,304,0,0,0,0,0,0,0
1786370854842,1842456,998452,1251200,371136,6036476,0,27,0,5,136,3007970,124,2824793,304,0,0,0,0,0,0,0
1786370855093,1842456,998452,1251200,371136,6036476,0,27,0,5,136,3007970,124,2824793,304,0,0,0,0,0,0,0
1786370855345,1842456,1007584,1260360,371164,6036476,0,27,0,5,136,3021567,124,2838368,304,0,0,0,0,0,0,0
1786370855598,1842456,1007620,1260380,371148,6036476,0,27,0,5,136,3021567,124,2838368,304,0,0,0,0,0,0,0
1786370855857,1842456,1007620,1260380,371148,6036476,0,27,0,5,130,3021567,120,2838368,304,0,0,0,0,0,0,0
1786370856117,1842456,1007620,1260380,371148,6036476,0,27,0,5,130,3021567,120,2838368,304,0,0,0,0,0,0,0
1786370856376,1842456,1013460,1266220,371148,6036476,0,27,0,5,130,3021567,120,2838368,304,0,0,0,0,0,0,0
1786370856627,1842456,1017584,1270352,371164,6036476,0,27,0,5,130,3044400,120,2860641,304,0,0,0,0,0,0,0
1786370856879,1842456,1017568,1270336,371168,6036476,0,27,0,5,130,3044400,120,2860641,304,0,0,0,0,0,0,0
1786370857132,1842456,1017568,1270336,371168,6036476,0,27,0,5,130,3044400,120,2860641,304,0,0,0,0,0,0,0
1786370857389,1842456,1020636,1273404,371168,6036476,0,27,0,5,130,3044400,120,2860641,304,0,0,0,0,0,0,0
1786370857643,1842456,1025036,1277804,371168,6036476,0,27,0,5,130,3044400,120,2860641,304,0,0,0,0,0,0,0
1786370857904,1842456,1025060,1277844,371176,6036476,0,27,0,5,124,3059611,115,2875823,304,0,0,0,0,0,0,0
1786370858160,1842456,1025060,1277848,371184,6036476,0,27,0,5,124,3059611,115,2875823,304,0,0,0,0,0,0,0
1786370858412,1842456,1031108,1283896,371184,6036476,0,27,0,5,124,3059611,115,2875823,304,0,0,0,0,0,0,0
1786370858671,1842456,1031108,1283896,371184,6036476,0,27,0,5,124,3059611,115,2875823,304,0,0,0,0,0,0,0
1786370858924,1842456,1031108,1283896,371184,6036476,0,27,0,5,124,3059611,115,2875823,304,0,0,0,0,0,0,0
1786370859176,1842456,1031404,1284204,371192,6036476,0,27,0,5,124,3072214,115,2888420,304,0,0,0,0,0,0,0
1786370859427,1842456,1038608,1291412,371200,6036476,0,27,0,5,124,3072214,115,2888420,304,0,0,0,0,0,0,0
1786370859680,1842456,1038608,1291412,371200,6036476,0,27,0,5,124,3072214,115,2888420,304,0,0,0,0,0,0,0
1786370859938,1842456,1038356,1291160,371200,6036476,0,27,0,5,102,3104412,95,2920050,304,0,0,0,0,0,0,0
1786370860191,1842456,1038104,1290908,371200,6036476,0,27,0,5,102,3104412,95,2920050,304,0,0,0,0,0,0,0
1786370860450,1842456,1057480,1310296,371212,6036476,0,27,0,5,102,3123333,95,2937261,304,0,0,0,0,0,0,0
1786370860700,1842456,1034732,1287780,371464,6036476,0,27,0,5,102,3166543,95,2979260,304,0,0,0,0,0,0,0
1786370860961,1842456,1034884,1287888,371432,6036476,0,27,0,5,102,3171847,95,2984564,304,0,0,0,0,0,0,0
1786370861213,1842456,981712,1278292,414980,6036476,0,27,0,5,102,3171847,95,2984564,304,0,0,0,0,0,0,0
1786370861463,1842456,1039836,1292940,371496,6036476,0,27,0,5,102,3176807,95,2989483,304,0,0,0,0,0,0,0
1786370861722,1842456,1039660,1292760,371480,6036476,0,27,0,5,102,3203251,95,3013829,304,0,0,0,0,0,0,0
1786370861978,1842456,1039660,1292760,371488,6036476,0,27,0,5,192,3203251,186,3013829,304,0,0,0,0,0,0,0
1786370862230,1842456,1039660,1292760,371488,6036476,0,27,0,5,192,3203251,186,3013829,304,0,0,0,0,0,0,0
1786370862482,1842456,1039660,1292760,371488,6036476,0,27,0,5,192,3203251,186,3013829,304,0,0,0,0,0,0,0
1786370862737,1842456,1039660,1292760,371488,6036476,0,27,0,5,192,3203251,186,3013829,304,0,0,0,0,0,0,0
1786370862999,1842456,1041040,1294160,371504,6036476,0,27,0,5,192,3217717,186,3028278,304,0,0,0,0,0,0,0
1786370863258,1842456,1041040,1294160,371504,6036476,0,27,0,5,192,3217717,186,3028278,304,0,0,0,0,0,0,0
1786370863522,1842456,1045272,1298392,371504,6036476,0,27,0,5,192,3217717,186,3028278,304,0,0,0,0,0,0,0
1786370863773,1842456,1045376,1298484,371504,6036476,0,27,0,5,192,3217717,186,3028278,304,0,0,0,0,0,0,0
1786370864026,1842456,1045376,1298484,371504,6036476,0,27,0,5,157,3217717,152,3028278,304,0,0,0,0,0,0,0
1786370864284,1842456,1050888,1304012,371520,6036476,0,27,0,5,157,3239410,152,3049217,304,0,0,0,0,0,0,0
1786370864538,1842456,1050888,1304012,371520,6036476,0,27,0,5,157,3239410,152,3049217,304,0,0,0,0,0,0,0
1786370864792,1842456,1050888,1304012,371520,6036476,0,27,0,5,157,3239410,152,3049217,304,0,0,0,0,0,0,0
1786370865052,1842456,1050888,1304012,371520,6036476,0,27,0,5,157,3239410,152,3049217,304,0,0,0,0,0,0,0
1786370865305,1842456,1056508,1309632,371520,6036476,0,27,0,5,157,3239410,152,3049217,304,0,0,0,0,0,0,0
1786370865562,1842456,1056508,1309648,371536,6036476,0,27,0,5,157,3255803,152,3065608,304,0,0,0,0,0,0,0
1786370865816,1842456,1056508,1309648,371536,6036476,0,27,0,5,147,3255803,143,3065608,304,0,0,0,0,0,0,0
1786370866068,1842456,1056508,1309648,371536,6036476,0,27,0,5,147,3255803,143,3065608,304,0,0,0,0,0,0,0
1786370866320,1842456,1057340,1310480,371536,6036476,0,27,0,5,147,3255803,143,3065608,304,0,0,0,0,0,0,0
1786370866572,1842456,1059944,1313084,371540,6036476,0,27,0,5,147,3255803,143,3065608,304,0,0,0,0,0,0,0
1786370866823,1842456,1060564,1313716,371552,6036476,0,27,0,5,147,3280690,143,3090002,304,0,0,0,0,0,0,0
1786370867081,1842456,1060564,1313716,371556,6036476,0,27,0,5,147,3280690,143,3090002,304,0,0,0,0,0,0,0
1786370867334,1842456,1064288,1317440,371556,6036476,0,27,0,5,147,3280690,143,3090002,304,0,0,0,0,0,0,0
1786370867589,1842456,1064288,1317440,371556,6036476,0,27,0,5,147,3280690,143,3090002,304,0,0,0,0,0,0,0
1786370867842,1842456,1064436,1317588,371556,6036476,0,27,0,5,138,3280690,135,3090002,304,0,0,0,0,0,0,0
1786370868102,1842456,1066280,1319440,371568,6036476,0,27,0,5,138,3297803,135,3106157,304,0,0,0,0,0,0,0
1786370868355,1842456,1068620,1321780,371572,6036476,0,27,0,5,138,3297803,135,3106157,304,0,0,0,0,0,0,0
1786370868610,1842456,1068368,1321716,371660,6036476,0,27,0,5,138,3305207,135,3113560,304,0,0,0,0,0,0,0
1786370868868,1842456,1068368,1321716,371660,6036476,0,27,0,5,138,3305207,135,3113560,304,0,0,0,0,0,0,0
1786370869120,1842456,1068208,1321556,371660,6036476,0,27,0,5,138,3305207,135,3113560,304,0,0,0,0,0,0,0
1786370869381,1842456,1073644,1327008,371668,6036476,0,27,0,5,138,3317314,135,3125633,304,0,0,0,0,0,0,0
1786370869633,1842456,1073644,1327008,371676,6036476,0,27,0,5,138,3317314,135,3125633,304,0,0,0,0,0,0,0
1786370869886,1842456,1073644,1327008,371676,6036476,0,27,0,5,131,3317314,129,3125633,304,0,0,0,0,0,0,0
1786370870144,1842456,1073644,1327008,371676,6036476,0,27,0,5,131,3317314,129,3125633,304,0,0,0,0,0,0,0
1786370870395,1842456,1075256,1328624,371676,6036476,0,27,0,5,131,3317314,129,3125633,304,0,0,0,0,0,0,0
1786370870656,1842456,1075148,1328528,371684,6036476,0,27,0,5,131,3334705,129,3142235,304,0,0,0,0,0,0,0
1786370870911,1842456,1075148,1328528,371692,6036476,0,27,0,5,131,3334705,129,3142235,304,0,0,0,0,0,0,0
1786370871167,1842456,1075148,1328528,371692,6036476,0,27,0,5,131,3334705,129,3142235,304,0,0,0,0,0,0,0
1786370871420,1842456,1076116,1329496,371692,6036476,0,27,0,5,131,3334705,129,3142235,304,0,0,0,0,0,0,0
1786370871672,1842456,1005376,1302144,415052,6036476,0,27,0,5,131,3358274,129,3165432,304,0,0,0,0,0,0,0
1786370871923,1842456,961328,1258520,415484,6036476,0,27,0,5,162,3387500,160,3189148,304,0,0,0,0,0,0,0
1786370872173,1842456,1019128,1272820,371976,6036476,0,27,0,5,162,3399747,160,3200893,304,0,0,0,0,0,0,0
1786370872427,1842456,1019112,1272804,371976,6036476,0,27,0,5,162,3399747,160,3200893,304,0,0,0,0,0,0,0
1786370872680,1842456,1021616,1275308,371976,6036476,0,27,0,5,162,3399747,160,3200893,304,0,0,0,0,0,0,0
1786370872939,1842456,1021616,1275308,371976,6036476,0,27,0,5,162,3399747,160,3200893,304,0,0,0,0,0,0,0
1786370873195,1842456,1021112,1274812,371984,6036476,0,27,0,5,162,3418550,160,3218430,304,0,0,0,0,0,0,0
1786370873446,1842456,1026596,1280300,371992,6036476,0,27,0,5,162,3418550,160,3218430,304,0,0,0,0,0,0,0
1786370873698,1842456,1026596,1280300,371992,6036476,0,27,0,5,162,3418550,160,3218430,304,0,0,0,0,0,0,0
1786370873957,1842456,1026596,1280300,371992,6036476,0,27,0,5,150,3418550,149,3218430,304,0,0,0,0,0,0,0
1786370874209,1842456,1031908,1285612,371992,6036476,0,27,0,5,150,3422538,149,3222418,304,0,0,0,0,0,0,0
1786370874470,1842456,1030944,1284668,372008,6036476,0,27,0,5,150,3437518,149,3237387,304,0,0,0,0,0,0,0
1786370874721,1842456,1030944,1284656,372008,6036476,0,27,0,5,150,3437518,149,3237387,304,0,0,0,0,0,0,0
1786370874973,1842456,1030944,1284656,372008,6036476,0,27,0,5,150,3437518,149,3237387,304,0,0,0,0,0,0,0
1786370875225,1842456,1037292,1291004,372008,6036476,0,27,0,5,150,3437518,149,3237387,304,0,0,0,0,0,0,0
1786370875480,1842456,1038992,1292704,372008,6036476,0,27,0,5,150,3437518,149,3237387,304,0,0,0,0,0,0,0
1786370875736,1842456,1040140,1293868,372024,6036476,0,27,0,5,150,3454181,149,3253576,304,0,0,0,0,0,0,0
1786370875993,1842456,1040140,1293868,372024,6036476,0,27,0,5,141,3454181,140,3253576,304,0,0,0,0,0,0,0
1786370876245,1842456,1043448,1297176,372024,6036476,0,27,0,5,141,3454181,140,3253576,304,0,0,0,0,0,0,0
1786370876498,1842456,1044476,1298204,372024,6036476,0,27,0,5,141,3454181,140,3253576,304,0,0,0,0,0,0,0
1786370876753,1842456,1047048,1300776,372028,6036476,0,27,0,5,141,3454181,140,3253576,304,0,0,0,0,0,0,0
1786370877008,1842456,1048164,1301904,372036,6036476,0,27,0,5,141,3467863,140,3267143,304,0,0,0,0,0,0,0
1786370877259,1842456,1052000,1305740,372036,6036476,0,27,0,5,141,3467863,140,3267143,304,0,0,0,0,0,0,0
1786370877519,1842456,1052000,1305740,372040,6036476,0,27,0,5,141,3467863,140,3267143,304,0,0,0,0,0,0,0
1786370877777,1842456,1052000,1305740,372040,6036476,0,27,0,5,141,3467863,140,3267143,304,0,0,0,0,0,0,0
1786370878030,1842456,1052000,1305740,372040,6036476,0,27,0,5,114,3467863,113,3267143,304,0,0,0,0,0,0,0
1786370878281,1842456,1056272,1310028,372060,6036476,0,27,0,5,114,3487878,113,3285928,304,0,0,0,0,0,0,0
1786370878532,1842456,1056272,1310028,372060,6036476,0,27,0,5,114,3487878,113,3285928,304,0,0,0,0,0,0,0
1786370878785,1842456,1056272,1310028,372060,6036476,0,27,0,5,114,3487878,113,3285928,304,0,0,0,0,0,0,0
1786370879037,1842456,1056272,1310028,372060,6036476,0,27,0,5,114,3487878,113,3285928,304,0,0,0,0,0,0,0
1786370879297,1842456,1060432,1314188,372060,6036476,0,27,0,5,114,3487878,113,3285928,304,0,0,0,0,0,0,0
1786370879549,1842456,1063840,1317624,372076,6036476,0,27,0,5,114,3500856,113,3298907,304,0,0,0,0,0,0,0
1786370879801,1842456,1063840,1317624,372076,6036476,0,27,0,5,114,3500856,113,3298907,304,0,0,0,0,0,0,0
1786370880061,1842456,1063840,1317624,372076,6036476,0,27,0,5,112,3500856,112,3298907,304,0,0,0,0,0,0,0
1786370880314,1842456,1064820,1318604,372076,6036476,0,27,0,5,112,3500856,112,3298907,304,0,0,0,0,0,0,0
1786370880565,1842456,1067376,1321160,372076,6036476,0,27,0,5,112,3500856,112,3298907,304,0,0,0,0,0,0,0
1786370880826,1842456,1065936,1319736,372088,6036476,0,27,0,5,112,3525259,112,3321722,304,0,0,0,0,0,0,0
1786370881082,1842456,1065936,1319744,372092,6036476,0,27,0,5,112,3534915,112,3330897,304,0,0,0,0,0,0,0
1786370881334,1842456,1067164,1320972,372092,6036476,0,27,0,5,112,3534915,112,3330897,304,0,0,0,0,0,0,0
1786370881589,1842456,1067644,1321452,372092,6036476,0,27,0,5,112,3534915,112,3330897,304,0,0,0,0,0,0,0
1786370881841,1842456,1067644,1321452,372092,6036476,0,27,0,5,110,3534915,109,3330897,304,0,0,0,0,0,0,0
1786370882092,1842456,1068284,1322104,372104,6036476,0,27,0,5,110,3556909,109,3352708,304,0,0,0,0,0,0,0
1786370882350,1842456,1072156,1325976,372108,6036476,0,27,0,5,110,3556909,109,3352708,304,0,0,0,0,0,0,0
1786370882604,1842456,1071504,1325348,372148,6036476,0,27,0,5,110,3569589,109,3365360,304,0,0,0,0,0,0,0
1786370882854,1842456,979740,1277332,415976,6036476,0,27,0,5,110,3598928,109,3393673,304,0,0,0,0,0,0,0
1786370883105,1842456,945820,1200088,372496,6036476,0,27,0,5,110,3602312,109,3395390,304,0,0,0,0,0,0,0
1786370883359,1842456,955944,1210096,372380,6036476,0,27,0,5,110,3627425,109,3419878,304,0,0,0,0,0,0,0
1786370883610,1842456,955944,1210096,372388,6036476,0,27,0,5,110,3627425,109,3419878,304,0,0,0,0,0,0,0
1786370883863,1842456,955944,1210096,372388,6036476,0,27,0,5,163,3627425,162,3419878,304,0,0,0,0,0,0,0
1786370884119,1842456,955944,1210096,372388,6036476,0,27,0,5,163,3627425,162,3419878,304,0,0,0,0,0,0,0
1786370884370,1842456,965008,1219176,372388,6036476,0,27,0,5,163,3627425,162,3419878,304,0,0,0,0,0,0,0
1786370884627,1842456,964812,1218980,372392,6036476,0,27,0,5,163,3639931,162,3432380,304,0,0,0,0,0,0,0
1786370884882,1842456,964812,1218984,372396,6036476,0,27,0,5,163,3639931,162,3432380,304,0,0,0,0,0,0,0
1786370885143,1842456,964812,1218984,372396,6036476,0,27,0,5,163,3639931,162,3432380,304,0,0,0,0,0,0,0
1786370885401,1842456,976856,1231028,372396,6036476,0,27,0,5,163,3639931,162,3432380,304,0,0,0,0,0,0,0
1786370885652,1842456,981272,1235456,372396,6036476,0,27,0,5,163,3640085,162,3432482,304,0,0,0,0,0,0,0
1786370885907,1842456,978752,1232940,372408,6036476,0,27,0,5,151,3657941,151,3449636,304,0,0,0,0,0,0,0
1786370886163,1842456,978752,1232940,372412,6036476,0,27,0,5,151,3657941,151,3449636,304,0,0,0,0,0,0,0
1786370886420,1842456,985256,1239444,372412,6036476,0,27,0,5,151,3657941,151,3449636,304,0,0,0,0,0,0,0
1786370886673,1842456,1002204,1256380,372416,6036476,0,27,0,5,151,3657941,151,3449636,304,0,0,0,0,0,0,0
1786370886924,1842456,1001580,1255764,372416,6036476,0,27,0,5,151,3658759,151,3450155,304,0,0,0,0,0,0,0
1786370887178,1842456,1002324,1256516,372432,6036476,0,27,0,5,151,3682048,151,3473283,304,0,0,0,0,0,0,0
1786370887438,1842456,1012200,1266400,372436,6036476,0,27,0,5,151,3682048,151,3473283,304,0,0,0,0,0,0,0
1786370887691,1842456,1012200,1266400,372436,6036476,0,27,0,5,151,3682048,151,3473283,304,0,0,0,0,0,0,0
1786370887943,1842456,1012200,1266400,372436,6036476,0,27,0,5,142,3682048,141,3473283,304,0,0,0,0,0,0,0
1786370888195,1842456,1023016,1277224,372436,6036476,0,27,0,5,142,3684672,141,3474806,304,0,0,0,0,0,0,0
1786370888446,1842456,1022904,1277104,372444,6036476,0,27,0,5,142,3699098,141,3489155,304,0,0,0,0,0,0,0
1786370888706,1842456,1022904,1277108,372452,6036476,0,27,0,5,142,3699098,141,3489155,304,0,0,0,0,0,0,0
1786370888964,1842456,1022904,1277108,372452,6036476,0,27,0,5,142,3699098,141,3489155,304,0,0,0,0,0,0,0
1786370889219,1842456,1028304,1282508,372452,6036476,0,27,0,5,142,3699098,141,3489155,304,0,0,0,0,0,0,0
1786370889471,1842456,1034296,1288508,372456,6036476,0,27,0,5,142,3701089,141,3491077,304,0,0,0,0,0,0,0
1786370889726,1842456,1034844,1289060,372460,6036476,0,27,0,5,142,3714699,141,3504602,304,0,0,0,0,0,0,0
1786370889980,1842456,1034844,1289060,372468,6036476,0,27,0,5,134,3714699,134,3504602,304,0,0,0,0,0,0,0
1786370890234,1842456,1038500,1292716,372468,6036476,0,27,0,5,134,3743204,134,3532622,304,0,0,0,0,0,0,0
1786370890489,1842456,1038500,1292716,372468,6036476,0,27,0,5,134,3743204,134,3532622,304,0,0,0,0,0,0,0
1786370890740,1842456,1039104,1293324,372472,6036476,0,27,0,5,134,3745901,134,3535315,304,0,0,0,0,0,0,0
1786370891001,1842456,1038420,1292648,372480,6036476,0,27,0,5,134,3768526,134,3557249,304,0,0,0,0,0,0,0
1786370891258,1842456,1041896,1296124,372480,6036476,0,27,0,5,134,3768526,134,3557249,304,0,0,0,0,0,0,0
1786370891513,1842456,1044492,1298720,372480,6036476,0,27,0,5,134,3768526,134,3557249,304,0,0,0,0,0,0,0
1786370891766,1842456,1044492,1298720,372480,6036476,0,27,0,5,134,3768526,134,3557249,304,0,0,0,0,0,0,0
1786370892017,1842456,1045980,1300220,372484,6036476,0,27,0,5,146,3770380,146,3559098,304,0,0,0,0,0,0,0
1786370892268,1842456,1050212,1304464,372492,6036476,0,27,0,5,146,3784326,146,3573015,304,0,0,0,0,0,0,0
1786370892520,1842456,1053276,1307528,372492,6036476,0,27,0,5,146,3784326,146,3573015,304,0,0,0,0,0,0,0
1786370892776,1842456,1053276,1307528,372492,6036476,0,27,0,5,146,3784326,146,3573015,304,0,0,0,0,0,0,0
1786370893033,1842456,1053276,1307528,372492,6036476,0,27,0,5,146,3784326,146,3573015,304,0,0,0,0,0,0,0
1786370893285,1842456,1060516,1314780,372504,6036476,0,27,0,5,146,3801275,146,3589924,304,0,0,0,0,0,0,0
1786370893536,1842456,1059252,1313532,372520,6036476,0,27,0,5,146,3817138,146,3605488,304,0,0,0,0,0,0,0
1786370893786,1842456,986224,1241100,373084,6036476,0,27,0,5,146,3857067,146,3643383,304,0,0,0,0,0,0,0
1786370894037,1842456,979748,1234680,373144,6036476,0,27,0,5,192,3857067,192,3643383,304,0,0,0,0,0,0,0
1786370894297,1842456,979956,1234532,372804,6036476,0,27,0,5,192,3869224,192,3655249,304,0,0,0,0,0,0,0
1786370894550,1842456,981096,1235692,372828,6036476,0,27,0,5,192,3880012,192,3665375,304,0,0,0,0,0,0,0
1786370894803,1842456,979864,1234448,372824,6036476,0,27,0,5,192,3889423,192,3674335,304,0,0,0,0,0,0,0
1786370895060,1842456,979864,1234448,372824,6036476,0,27,0,5,192,3889423,192,3674335,304,0,0,0,0,0,0,0
1786370895319,1842456,979864,1234448,372824,6036476,0,27,0,5,192,3889423,192,3674335,304,0,0,0,0,0,0,0
1786370895578,1842456,979864,1234448,372824,6036476,0,27,0,5,192,3889423,192,3674335,304,0,0,0,0,0,0,0
1786370895829,1842456,984256,1238856,372832,6036476,0,27,0,5,193,3899918,193,3684113,304,0,0,0,0,0,0,0
1786370896084,1842456,980736,1235352,372840,6036476,0,27,0,5,193,3904546,193,3688472,304,0,0,0,0,0,0,0
1786370896336,1842456,984612,1239216,372840,6036476,0,27,0,5,193,3904875,193,3688801,304,0,0,0,0,0,0,0
1786370896592,1842456,984864,1239456,372840,6036476,0,27,0,5,193,3904875,193,3688801,304,0,0,0,0,0,0,0
1786370896845,1842456,984864,1239456,372844,6036476,0,27,0,5,193,3904875,193,3688801,304,0,0,0,0,0,0,0
1786370897097,1842456,986712,1241308,372852,6036476,0,27,0,5,193,3918383,193,3702277,304,0,0,0,0,0,0,0
1786370897350,1842456,999032,1253636,372856,6036476,0,27,0,5,193,3921085,193,3704976,304,0,0,0,0,0,0,0
1786370897604,1842456,999032,1253636,372856,6036476,0,27,0,5,193,3921085,193,3704976,304,0,0,0,0,0,0,0
1786370897863,1842456,999032,1253636,372856,6036476,0,27,0,5,176,3921085,176,3704976,304,0,0,0,0,0,0,0
1786370898118,1842456,999032,1253636,372856,6036476,0,27,0,5,176,3921085,176,3704976,304,0,0,0,0,0,0,0
1786370898370,1842456,1011216,1265832,372872,6036476,0,27,0,5,176,3935681,176,3719537,304,0,0,0,0,0,0,0
1786370898621,1842456,1011068,1265684,372868,6036476,0,27,0,5,176,3937237,176,3720856,304,0,0,0,0,0,0,0
1786370898881,1842456,1011068,1265684,372868,6036476,0,27,0,5,176,3937237,176,3720856,304,0,0,0,0,0,0,0
1786370899141,1842456,1011068,1265684,372868,6036476,0,27,0,5,176,3937237,176,3720856,304,0,0,0,0,0,0,0
1786370899396,1842456,1015076,1269688,372868,6036476,0,27,0,5,176,3937237,176,3720856,304,0,0,0,0,0,0,0
1786370899647,1842456,1019684,1274324,372896,6036476,0,27,0,5,176,3955715,176,3739279,304,0,0,0,0,0,0,0
1786370899899,1842456,1022164,1276796,372884,6036476,0,27,0,5,162,3955715,162,3739279,304,0,0,0,0,0,0,0
1786370900151,1842456,1022164,1276796,372884,6036476,0,27,0,5,162,3955715,162,3739279,304,0,0,0,0,0,0,0
1786370900409,1842456,1022164,1276796,372884,6036476,0,27,0,5,162,3955715,162,3739279,304,0,0,0,0,0,0,0
1786370900663,1842456,1022164,1276796,372884,6036476,0,27,0,5,162,3955715,162,3739279,304,0,0,0,0,0,0,0
1786370900915,1842456,1027364,1282016,372908,6036476,0,27,0,5,162,3980136,162,3763634,304,0,0,0,0,0,0,0
1786370901169,1842456,1030724,1285360,372888,6036476,0,27,0,5,162,3998494,162,3780964,304,0,0,0,0,0,0,0
1786370901421,1842456,1031020,1285804,372888,6036476,0,27,0,5,162,3998494,162,3780964,304,0,0,0,0,0,0,0
1786370901673,1842456,1033076,1287724,372900,6036476,0,27,0,5,162,3998494,162,3780964,304,0,0,0,0,0,0,0
1786370901926,1842456,1033076,1287724,372900,6036476,0,27,0,5,169,3998494,169,3780964,304,0,0,0,0,0,0,0
1786370902177,1842456,1035784,1290464,372932,6036476,0,27,0,5,169,4012845,169,3794959,304,0,0,0,0,0,0,0
1786370902430,1842456,1038844,1293512,372916,6036476,0,27,0,5,169,4012845,169,3794959,304,0,0,0,0,0,0,0
1786370902686,1842456,1038844,1293516,372920,6036476,0,27,0,5,169,4012845,169,3794959,304,0,0,0,0,0,0,0
1786370902946,1842456,1038844,1293516,372920,6036476,0,27,0,5,169,4012845,169,3794959,304,0,0,0,0,0,0,0
1786370903210,1842456,1038844,1293516,372920,6036476,0,27,0,5,169,4012845,169,3794959,304,0,0,0,0,0,0,0
1786370903461,1842456,1044132,1298828,372948,6036476,0,27,0,5,169,4026630,169,3808732,304,0,0,0,0,0,0,0
1786370903713,1842456,1046404,1301092,372928,6036476,0,27,0,5,169,4026630,169,3808732,304,0,0,0,0,0,0,0
1786370903973,1842456,1046404,1301096,372932,6036476,0,27,0,5,156,4026630,156,3808732,304,0,0,0,0,0,0,0
1786370904229,1842456,1046300,1300992,372936,6036476,0,27,0,5,156,4026630,156,3808732,304,0,0,0,0,0,0,0
1786370904480,1842456,1051312,1306004,372936,6036476,0,27,0,5,156,4026630,156,3808732,304,0,0,0,0,0,0,0
1786370904731,1842456,1011524,1266516,373204,6036476,0,27,0,5,156,4077423,156,3855924,304,0,0,0,0,0,0,0
1786370904981,1842456,926468,1225020,416800,6036476,0,27,0,5,156,4089835,156,3867240,304,0,0,0,0,0,0,0
1786370905235,1842456,971608,1226580,373216,6036476,0,27,0,5,156,4106032,156,3882897,304,0,0,0,0,0,0,0
1786370905489,1842456,971608,1226580,373216,6036476,0,27,0,5,156,4106032,156,3882897,304,0,0,0,0,0,0,0
1786370905741,1842456,979672,1234644,373220,6036476,0,27,0,5,156,4106032,156,3882897,304,0,0,0,0,0,0,0
1786370905993,1842456,979924,1234908,373224,6036476,0,27,0,5,182,4109230,182,3886070,304,0,0,0,0,0,0,0
1786370906253,1842456,979420,1234412,373228,6036476,0,27,0,5,182,4131485,182,3906582,304,0,0,0,0,0,0,0
1786370906507,1842456,979420,1234412,373232,6036476,0,27,0,5,182,4131485,182,3906582,304,0,0,0,0,0,0,0
1786370906768,1842456,979420,1234412,373236,6036476,0,27,0,5,182,4131485,182,3906582,304,0,0,0,0,0,0,0
1786370907021,1842456,979420,1234412,373236,6036476,0,27,0,5,182,4131485,182,3906582,304,0,0,0,0,0,0,0
1786370907273,1842456,987736,1242740,373244,6036476,0,27,0,5,182,4143447,182,3918543,304,0,0,0,0,0,0,0
1786370907523,1842456,987692,1242692,373252,6036476,0,27,0,5,182,4146098,182,3921168,304,0,0,0,0,0,0,0
1786370907781,1842456,987692,1242692,373252,6036476,0,27,0,5,182,4146098,182,3921168,304,0,0,0,0,0,0,0
1786370908039,1842456,987692,1242692,373252,6036476,0,27,0,5,186,4146098,167,3921168,304,0,0,0,0,0,0,0
1786370908297,1842456,987692,1242692,373252,6036476,0,27,0,5,186,4146098,167,3921168,304,0,0,0,0,0,0,0
1786370908550,1842456,996440,1251464,373280,6036476,0,27,0,5,186,4162814,167,3937878,304,0,0,0,0,0,0,0
1786370908815,1842456,996440,1251448,373268,6036476,0,27,0,5,186,4169358,167,3942872,304,0,0,0,0,0,0,0
1786370909075,1842456,996440,1251448,373268,6036476,0,27,0,5,186,4169358,167,3942872,304,0,0,0,0,0,0,0
1786370909337,1842456,996440,1251448,373268,6036476,0,27,0,5,186,4169358,167,3942872,304,0,0,0,0,0,0,0
1786370909594,1842456,996440,1251448,373268,6036476,0,27,0,5,186,4169358,167,3942872,304,0,0,0,0,0,0,0
1786370909846,1842456,998576,1253624,373296,6036476,0,27,0,5,170,4184773,155,3958278,304,0,0,0,0,0,0,0
1786370910103,1842456,998616,1253648,373284,6036476,0,27,0,5,170,4184773,155,3958278,304,0,0,0,0,0,0,0
1786370910362,1842456,1008384,1263416,373284,6036476,0,27,0,5,170,4184773,155,3958278,304,0,0,0,0,0,0,0
1786370910615,1842456,1008384,1263416,373284,6036476,0,27,0,5,170,4184773,155,3958278,304,0,0,0,0,0,0,0
1786370910867,1842456,1008384,1263416,373284,6036476,0,27,0,5,170,4184773,155,3958278,304,0,0,0,0,0,0,0
1786370911119,1842456,1010508,1265572,373312,6036476,0,27,0,5,170,4213684,155,3986891,304,0,0,0,0,0,0,0
1786370911377,1842456,1018268,1273320,373304,6036476,0,27,0,5,170,4213684,155,3986891,304,0,0,0,0,0,0,0
1786370911636,1842456,1018268,1273320,373304,6036476,0,27,0,5,170,4213684,155,3986891,304,0,0,0,0,0,0,0
1786370911888,1842456,1018268,1273320,373304,6036476,0,27,0,5,157,4213684,145,3986891,304,0,0,0,0,0,0,0
1786370912142,1842456,1018268,1273320,373304,6036476,0,27,0,5,157,4213684,145,3986891,304,0,0,0,0,0,0,0
1786370912394,1842456,1026136,1281208,373316,6036476,0,27,0,5,157,4229168,145,4002035,304,0,0,0,0,0,0,0
1786370912648,1842456,1026076,1281152,373320,6036476,0,27,0,5,157,4229168,145,4002035,304,0,0,0,0,0,0,0
1786370912907,1842456,1026076,1281152,373320,6036476,0,27,0,5,157,4229168,145,4002035,304,0,0,0,0,0,0,0
1786370913164,1842456,1026076,1281152,373320,6036476,0,27,0,5,157,4229168,145,4002035,304,0,0,0,0,0,0,0
1786370913424,1842456,1032188,1287264,373320,6036476,0,27,0,5,157,4229168,145,4002035,304,0,0,0,0,0,0,0
1786370913677,1842456,1033588,1288672,373332,6036476,0,27,0,5,157,4242662,145,4015501,304,0,0,0,0,0,0,0
1786370913928,1842456,1033588,1288672,373332,6036476,0,27,0,5,147,4242662,137,4015501,304,0,0,0,0,0,0,0
1786370914183,1842456,1037600,1292684,373332,6036476,0,27,0,5,147,4242662,137,4015501,304,0,0,0,0,0,0,0
1786370914434,1842456,1037600,1292684,373332,6036476,0,27,0,5,147,4242662,137,4015501,304,0,0,0,0,0,0,0
1786370914694,1842456,1037600,1292684,373332,6036476,0,27,0,5,147,4242662,137,4015501,304,0,0,0,0,0,0,0
1786370914955,1842456,1040348,1295444,373348,6036476,0,27,0,5,147,4255397,137,4027122,304,0,0,0,0,0,0,0
1786370915214,1842456,1044112,1299208,373348,6036476,0,27,0,5,147,4255397,137,4027122,304,0,0,0,0,0,0,0
1786370915466,1842456,1043964,1299060,373348,6036476,0,27,0,5,147,4255397,137,4027122,304,0,0,0,0,0,0,0
1786370915717,1842456,1033568,1289004,373620,6036476,0,27,0,5,147,4310037,137,4081467,304,0,0,0,0,0,0,0
1786370915968,1842456,956536,1255608,417256,6036476,0,27,0,5,174,4320026,166,4090276,304,0,0,0,0,0,0,0
1786370916219,1842456,963532,1218964,373624,6036476,0,27,0,5,174,4355276,166,4123491,304,0,0,0,0,0,0,0
1786370916473,1842456,969496,1224936,373632,6036476,0,27,0,5,174,4355276,166,4123491,304,0,0,0,0,0,0,0
1786370916728,1842456,969496,1224936,373632,6036476,0,27,0,5,174,4355276,166,4123491,304,0,0,0,0,0,0,0
1786370916989,1842456,969496,1224936,373636,6036476,0,27,0,5,174,4355276,166,4123491,304,0,0,0,0,0,0,0
1786370917247,1842456,969496,1224936,373636,6036476,0,27,0,5,174,4355276,166,4123491,304,0,0,0,0,0,0,0
1786370917499,1842456,977856,1235356,375696,6036476,0,27,0,5,174,4380179,166,4147610,305,0,0,0,0,0,0,0
1786370917752,1842456,977856,1235356,375696,6036476,0,27,0,5,174,4380179,166,4147610,305,0,0,0,0,0,0,0
1786370918016,1842456,977856,1235356,375700,6036476,0,27,0,5,197,4380179,172,4147610,305,0,0,0,0,0,0,0
1786370918268,1842456,981508,1239008,375700,6036476,0,27,0,5,197,4380179,172,4147610,305,0,0,0,0,0,0,0
1786370918520,1842456,990240,1247736,375700,6036476,0,27,0,5,197,4380179,172,4147610,305,0,0,0,0,0,0,0
1786370918774,1842456,992924,1250424,375712,6036476,0,27,0,5,197,4400890,172,4167588,305,0,0,0,0,0,0,0
1786370919030,1842456,992924,1250424,375716,6036476,0,27,0,5,197,4400890,172,4167588,305,0,0,0,0,0,0,0
1786370919283,1842456,993844,1251344,375716,6036476,0,27,0,5,197,4400890,172,4167588,305,0,0,0,0,0,0,0
1786370919536,1842456,993844,1251344,375716,6036476,0,27,0,5,197,4400890,172,4167588,305,0,0,0,0,0,0,0
1786370919788,1842456,993844,1251344,375716,6036476,0,27,0,5,197,4400890,172,4167588,305,0,0,0,0,0,0,0
1786370920049,1842456,991072,1248588,375728,6036476,0,27,0,5,179,4415754,159,4182120,305,0,0,0,0,0,0,0
1786370920300,1842456,1000768,1258288,375732,6036476,0,27,0,5,179,4424736,159,4191048,305,0,0,0,0,0,0,0
1786370920557,1842456,1001024,1258544,375732,6036476,0,27,0,5,179,4432096,159,4198382,305,0,0,0,0,0,0,0
1786370920813,1842456,1001024,1258544,375732,6036476,0,27,0,5,179,4432096,159,4198382,305,0,0,0,0,0,0,0
1786370921069,1842456,1001024,1258544,375732,6036476,0,27,0,5,179,4432096,159,4198382,305,0,0,0,0,0,0,0
1786370921327,1842456,1010568,1268100,375744,6036476,0,27,0,5,179,4444118,159,4210328,305,0,0,0,0,0,0,0
1786370921583,1842456,1010568,1268100,375748,6036476,0,27,0,5,179,4444118,159,4210328,305,0,0,0,0,0,0,0
1786370921837,1842456,1010568,1268100,375748,6036476,0,27,0,5,183,4444118,166,4210328,305,0,0,0,0,0,0,0
1786370922089,1842456,1010568,1268100,375748,6036476,0,27,0,5,183,4444118,166,4210328,305,0,0,0,0,0,0,0
1786370922340,1842456,1016980,1274512,375748,6036476,0,27,0,5,183,4444242,166,4210452,305,0,0,0,0,0,0,0
1786370922601,1842456,1019436,1276992,375760,6036476,0,27,0,5,183,4461154,166,4226004,305,0,0,0,0,0,0,0
1786370922862,1842456,1019436,1276992,375764,6036476,0,27,0,5,183,4461154,166,4226004,305,0,0,0,0,0,0,0
1786370923117,1842456,1019436,1276992,375764,6036476,0,27,0,5,183,4461154,166,4226004,305,0,0,0,0,0,0,0
1786370923370,1842456,1025756,1283312,375764,6036476,0,27,0,5,183,4461154,166,4226004,305,0,0,0,0,0,0,0
1786370923621,1842456,1025608,1283164,375764,6036476,0,27,0,5,183,4461154,166,4226004,305,0,0,0,0,0,0,0
1786370923882,1842456,1028260,1285816,375772,6036476,0,27,0,5,168,4474669,154,4239502,305,0,0,0,0,0,0,0
1786370924135,1842456,1028260,1285820,375772,6036476,0,27,0,5,168,4474669,154,4239502,305,0,0,0,0,0,0,0
1786370924386,1842456,1032424,1289984,375772,6036476,0,27,0,5,168,4474669,154,4239502,305,0,0,0,0,0,0,0
1786370924639,1842456,1034536,1292096,375772,6036476,0,27,0,5,168,4474669,154,4239502,305,0,0,0,0,0,0,0
1786370924890,1842456,1034388,1291948,375772,6036476,0,27,0,5,168,4474669,154,4239502,305,0,0,0,0,0,0,0
1786370925152,1842456,1037808,1295376,375780,6036476,0,27,0,5,168,4488708,154,4253422,305,0,0,0,0,0,0,0
1786370925403,1842456,1038220,1295804,375796,6036476,0,27,0,5,168,4488708,154,4253422,305,0,0,0,0,0,0,0
1786370925661,1842456,1038220,1295804,375796,6036476,0,27,0,5,168,4488708,154,4253422,305,0,0,0,0,0,0,0
1786370925916,1842456,1038220,1295804,375796,6036476,0,27,0,5,137,4488708,126,4253422,305,0,0,0,0,0,0,0
1786370926168,1842456,1045180,1302776,375796,6036476,0,27,0,5,137,4488708,126,4253422,305,0,0,0,0,0,0,0
1786370926426,1842456,1047316,1304908,375804,6036476,0,27,0,5,137,4506541,126,4271214,305,0,0,0,0,0,0,0
1786370926678,1842456,961224,1262268,419156,6036476,0,27,0,5,137,4538393,126,4303023,305,0,0,0,0,0,0,0
1786370926929,1842456,922304,1223816,419684,6036476,0,27,0,5,137,4552276,126,4315561,305,0,0,0,0,0,0,0
1786370927181,1842456,939704,1197636,376080,6036476,0,27,0,5,137,4559577,126,4320604,305,0,0,0,0,0,0,0
1786370927432,1842456,939452,1197392,376080,6036476,0,27,0,5,137,4568312,126,4329339,305,0,0,0,0,0,0,0
1786370927690,1842456,940008,1197948,376092,6036476,0,27,0,5,137,4591876,126,4351460,305,0,0,0,0,0,0,0
1786370927945,1842456,940008,1197952,376100,6036476,0,27,0,5,202,4591876,176,4351460,305,0,0,0,0,0,0,0
1786370928205,1842456,945152,1203096,376100,6036476,0,27,0,5,202,4591876,176,4351460,305,0,0,0,0,0,0,0
1786370928460,1842456,945152,1203096,376100,6036476,0,27,0,5,202,4591876,176,4351460,305,0,0,0,0,0,0,0
1786370928711,1842456,953820,1211772,376100,6036476,0,27,0,5,202,4591876,176,4351460,305,0,0,0,0,0,0,0
1786370928967,1842456,954264,1212224,376116,6036476,0,27,0,5,202,4607757,176,4367341,305,0,0,0,0,0,0,0
1786370929222,1842456,954264,1212224,376116,6036476,0,27,0,5,202,4607757,176,4367341,305,0,0,0,0,0,0,0
1786370929475,1842456,956964,1214924,376116,6036476,0,27,0,5,202,4607757,176,4367341,305,0,0,0,0,0,0,0
1786370929729,1842456,961316,1219264,376116,6036476,0,27,0,5,202,4607757,176,4367341,305,0,0,0,0,0,0,0
1786370929981,1842456,961316,1219280,376116,6036476,0,27,0,5,166,4607757,144,4367341,305,0,0,0,0,0,0,0
1786370930241,1842456,965240,1223204,376132,6036476,0,27,0,5,166,4627907,144,4387481,305,0,0,0,0,0,0,0
1786370930494,1842456,965240,1223204,376132,6036476,0,27,0,5,166,4627907,144,4387481,305,0,0,0,0,0,0,0
1786370930752,1842456,965240,1223204,376132,6036476,0,27,0,5,166,4627907,144,4387481,305,0,0,0,0,0,0,0
1786370931007,1842456,965240,1223204,376132,6036476,0,27,0,5,166,4627907,144,4387481,305,0,0,0,0,0,0,0
1786370931259,1842456,983696,1241668,376132,6036476,0,27,0,5,166,4627907,144,4387481,305,0,0,0,0,0,0,0
1786370931516,1842456,993204,1251184,376148,6036476,0,27,0,5,166,4644290,144,4403864,305,0,0,0,0,0,0,0
1786370931770,1842456,993204,1251184,376148,6036476,0,27,0,5,166,4644290,144,4403864,305,0,0,0,0,0,0,0
1786370932024,1842456,993204,1251184,376148,6036476,0,27,0,5,154,4644290,136,4403864,305,0,0,0,0,0,0,0
1786370932279,1842456,999780,1257760,376148,6036476,0,27,0,5,154,4644290,136,4403864,305,0,0,0,0,0,0,0
1786370932531,1842456,1001312,1259304,376148,6036476,0,27,0,5,154,4644290,136,4403864,305,0,0,0,0,0,0,0
1786370932790,1842456,1000904,1258904,376164,6036476,0,27,0,5,154,4672001,136,4429366,305,0,0,0,0,0,0,0
1786370933042,1842456,1000904,1258904,376164,6036476,0,27,0,5,154,4672001,136,4429366,305,0,0,0,0,0,0,0
1786370933302,1842456,1007572,1265572,376164,6036476,0,27,0,5,154,4672001,136,4429366,305,0,0,0,0,0,0,0
1786370933564,1842456,1007572,1265572,376164,6036476,0,27,0,5,154,4672001,136,4429366,305,0,0,0,0,0,0,0
1786370933815,1842456,1007572,1265580,376164,6036476,0,27,0,5,154,4672001,136,4429366,305,0,0,0,0,0,0,0
1786370934071,1842456,1009560,1267568,376176,6036476,0,27,0,5,144,4700623,129,4457979,305,0,0,0,0,0,0,0
1786370934326,1842456,1017244,1275252,376176,6036476,0,27,0,5,144,4700623,129,4457979,305,0,0,0,0,0,0,0
1786370934586,1842456,1017244,1275252,376176,6036476,0,27,0,5,144,4700623,129,4457979,305,0,0,0,0,0,0,0
1786370934843,1842456,1017244,1275252,376176,6036476,0,27,0,5,144,4700623,129,4457979,305,0,0,0,0,0,0,0
1786370935095,1842456,1017536,1275552,376176,6036476,0,27,0,5,144,4700623,129,4457979,305,0,0,0,0,0,0,0
1786370935346,1842456,1024700,1282720,376192,6036476,0,27,0,5,144,4720680,129,4476954,305,0,0,0,0,0,0,0
1786370935598,1842456,1025964,1283984,376192,6036476,0,27,0,5,144,4720680,129,4476954,305,0,0,0,0,0,0,0
1786370935850,1842456,1025964,1283984,376192,6036476,0,27,0,5,154,4720680,142,4476954,305,0,0,0,0,0,0,0
1786370936102,1842456,1025964,1283984,376192,6036476,0,27,0,5,154,4720680,142,4476954,305,0,0,0,0,0,0,0
1786370936354,1842456,1033508,1291532,376192,6036476,0,27,0,5,154,4720680,142,4476954,305,0,0,0,0,0,0,0
1786370936605,1842456,1034612,1292652,376212,6036476,0,27,0,5,154,4736324,142,4492562,305,0,0,0,0,0,0,0
1786370936861,1842456,1034612,1292652,376212,6036476,0,27,0,5,154,4736324,142,4492562,305,0,0,0,0,0,0,0
1786370937114,1842456,1034612,1292652,376216,6036476,0,27,0,5,154,4736324,142,4492562,305,0,0,0,0,0,0,0
1786370937374,1842456,1040968,1299008,376216,6036476,0,27,0,5,154,4736324,142,4492562,305,0,0,0,0,0,0,0
1786370937626,1842456,963024,1264352,419560,6036476,0,27,0,5,154,4745654,142,4501882,305,0,0,0,0,0,0,0
1786370937877,1842456,960928,1262852,420108,6036476,0,27,0,5,181,4787957,170,4539760,305,0,0,0,0,0,0,0
1786370938127,1842456,1007112,1265460,376500,6036476,0,27,0,5,181,4789242,170,4540812,305,0,0,0,0,0,0,0
1786370938388,1842456,1006984,1265324,376500,6036476,0,27,0,5,181,4816588,170,4567849,305,0,0,0,0,0,0,0
1786370938646,1842456,1006984,1265324,376500,6036476,0,27,0,5,181,4816588,170,4567849,305,0,0,0,0,0,0,0
1786370938899,1842456,1006984,1265324,376500,6036476,0,27,0,5,181,4816588,170,4567849,305,0,0,0,0,0,0,0
1786370939153,1842456,1006984,1265328,376508,6036476,0,27,0,5,181,4839343,170,4589764,305,0,0,0,0,0,0,0
1786370939412,1842456,1006984,1265332,376516,6036476,0,27,0,5,181,4839640,170,4590062,305,0,0,0,0,0,0,0
1786370939670,1842456,1006984,1265332,376516,6036476,0,27,0,5,181,4839640,170,4590062,305,0,0,0,0,0,0,0
1786370939923,1842456,1006984,1265332,376516,6036476,0,27,0,5,184,4839640,176,4590062,305,0,0,0,0,0,0,0
1786370940175,1842456,1006984,1265332,376516,6036476,0,27,0,5,184,4839640,176,4590062,305,0,0,0,0,0,0,0
1786370940426,1842456,1012384,1270760,376520,6036476,0,27,0,5,184,4857351,176,4606509,305,0,0,0,0,0,0,0
1786370940682,1842456,1012384,1270760,376524,6036476,0,27,0,5,184,4857351,176,4606509,305,0,0,0,0,0,0,0
1786370940935,1842456,1012384,1270760,376524,6036476,0,27,0,5,184,4857351,176,4606509,305,0,0,0,0,0,0,0
1786370941194,1842456,1012384,1270760,376524,6036476,0,27,0,5,184,4857351,176,4606509,305,0,0,0,0,0,0,0
1786370941446,1842456,1017436,1275812,376524,6036476,0,27,0,5,184,4857351,176,4606509,305,0,0,0,0,0,0,0
1786370941698,1842456,1017108,1275484,376540,6036476,0,27,0,5,184,4866890,176,4616003,305,0,0,0,0,0,0,0
1786370941949,1842456,1017108,1275484,376540,6036476,0,27,0,5,169,4866890,162,4616003,305,0,0,0,0,0,0,0
1786370942202,1842456,1017108,1275484,376540,6036476,0,27,0,5,169,4866890,162,4616003,305,0,0,0,0,0,0,0
1786370942462,1842456,1022832,1281208,376540,6036476,0,27,0,5,169,4866890,162,4616003,305,0,0,0,0,0,0,0
1786370942713,1842456,1022832,1281208,376540,6036476,0,27,0,5,169,4866890,162,4616003,305,0,0,0,0,0,0,0
1786370942969,1842456,1025636,1284024,376556,6036476,0,27,0,5,169,4885155,162,4633986,305,0,0,0,0,0,0,0
1786370943224,1842456,1025636,1284024,376556,6036476,0,27,0,5,169,4885155,162,4633986,305,0,0,0,0,0,0,0
1786370943478,1842456,1025636,1284024,376556,6036476,0,27,0,5,169,4885155,162,4633986,305,0,0,0,0,0,0,0
1786370943739,1842456,1025636,1284024,376556,6036476,0,27,0,5,169,4885155,162,4633986,305,0,0,0,0,0,0,0
1786370943991,1842456,1025636,1284024,376556,6036476,0,27,0,5,138,4885155,133,4633986,305,0,0,0,0,0,0,0
1786370944252,1842456,1029844,1288252,376576,6036476,0,27,0,5,138,4900063,133,4648829,305,0,0,0,0,0,0,0
1786370944505,1842456,1029844,1288252,376576,6036476,0,27,0,5,138,4900063,133,4648829,305,0,0,0,0,0,0,0
1786370944759,1842456,1029844,1288252,376576,6036476,0,27,0,5,138,4900063,133,4648829,305,0,0,0,0,0,0,0
1786370945011,1842456,1029844,1288252,376576,6036476,0,27,0,5,138,4900063,133,4648829,305,0,0,0,0,0,0,0
1786370945263,1842456,1034528,1292936,376576,6036476,0,27,0,5,138,4900063,133,4648829,305,0,0,0,0,0,0,0
1786370945515,1842456,1034780,1293208,376592,6036476,0,27,0,5,138,4921893,133,4670010,305,0,0,0,0,0,0,0
1786370945769,1842456,1034780,1293208,376592,6036476,0,27,0,5,138,4921893,133,4670010,305,0,0,0,0,0,0,0
1786370946021,1842456,1034780,1293208,376592,6036476,0,27,0,5,131,4921893,127,4670010,305,0,0,0,0,0,0,0
1786370946276,1842456,1038820,1297248,376592,6036476,0,27,0,5,131,4921893,127,4670010,305,0,0,0,0,0,0,0
1786370946527,1842456,1038820,1297248,376592,6036476,0,27,0,5,131,4921893,127,4670010,305,0,0,0,0,0,0,0
1786370946779,1842456,1040940,1299380,376600,6036476,0,27,0,5,131,4934637,127,4682727,305,0,0,0,0,0,0,0
1786370947040,1842456,1040940,1299380,376604,6036476,0,27,0,5,131,4934637,127,4682727,305,0,0,0,0,0,0,0
1786370947292,1842456,1040940,1299380,376604,6036476,0,27,0,5,131,4934637,127,4682727,305,0,0,0,0,0,0,0
1786370947544,1842456,1042572,1301012,376604,6036476,0,27,0,5,131,4934637,127,4682727,305,0,0,0,0,0,0,0
1786370947795,1842456,1042572,1301012,376604,6036476,0,27,0,5,131,4934637,127,4682727,305,0,0,0,0,0,0,0
1786370948056,1842456,1044688,1303152,376612,6036476,0,27,0,5,107,4950340,103,4698399,305,0,0,0,0,0,0,0
1786370948313,1842456,1044776,1303236,376628,6036476,0,27,0,5,107,4950340,103,4698399,305,0,0,0,0,0,0,0
1786370948569,1842456,1043872,1302356,376648,6036476,0,27,0,5,107,4964023,103,4710551,305,0,0,0,0,0,0,0
1786370948819,1842456,997488,1256552,377184,6036476,0,27,0,5,107,4988984,103,4733698,305,0,0,0,0,0,0,0
1786370949071,1842456,955020,1214224,377320,6036476,0,27,0,5,107,4989491,103,4734197,305,0,0,0,0,0,0,0
1786370949330,1842456,978716,1237488,376900,6036476,0,27,0,5,107,5019983,103,4763057,305,0,0,0,0,0,0,0
1786370949584,1842456,978716,1237488,376908,6036476,0,27,0,5,107,5019983,103,4763057,305,0,0,0,0,0,0,0
1786370949835,1842456,978716,1237488,376908,6036476,0,27,0,5,107,5019983,103,4763057,305,0,0,0,0,0,0,0
1786370950088,1842456,978716,1237488,376908,6036476,0,27,0,5,160,5019983,157,4763057,305,0,0,0,0,0,0,0
1786370950339,1842456,985336,1244124,376912,6036476,0,27,0,5,160,5025098,157,4768150,305,0,0,0,0,0,0,0
1786370950600,1842456,985384,1244184,376924,6036476,0,27,0,5,160,5048514,157,4789020,305,0,0,0,0,0,0,0
1786370950860,1842456,985384,1244184,376924,6036476,0,27,0,5,160,5048514,157,4789020,305,0,0,0,0,0,0,0
1786370951114,1842456,985384,1244184,376924,6036476,0,27,0,5,160,5048514,157,4789020,305,0,0,0,0,0,0,0
1786370951375,1842456,987764,1246564,376924,6036476,0,27,0,5,160,5048514,157,4789020,305,0,0,0,0,0,0,0
1786370951626,1842456,995716,1254508,376928,6036476,0,27,0,5,160,5050621,157,4791124,305,0,0,0,0,0,0,0
1786370951887,1842456,995352,1254152,376936,6036476,0,27,0,5,167,5065912,165,4806406,305,0,0,0,0,0,0,0
1786370952140,1842456,995352,1254152,376940,6036476,0,27,0,5,167,5065912,165,4806406,305,0,0,0,0,0,0,0
1786370952398,1842456,997940,1256740,376940,6036476,0,27,0,5,167,5065912,165,4806406,305,0,0,0,0,0,0,0
1786370952658,1842456,998192,1256992,376940,6036476,0,27,0,5,167,5094668,165,4835136,305,0,0,0,0,0,0,0
1786370952909,1842456,999968,1258776,376944,6036476,0,27,0,5,167,5094954,165,4835421,305,0,0,0,0,0,0,0
1786370953164,1842456,1001464,1260284,376956,6036476,0,27,0,5,167,5111015,165,4850723,305,0,0,0,0,0,0,0
1786370953417,1842456,1005024,1263844,376960,6036476,0,27,0,5,167,5111015,165,4850723,305,0,0,0,0,0,0,0
1786370953674,1842456,1005024,1263844,376960,6036476,0,27,0,5,167,5111015,165,4850723,305,0,0,0,0,0,0,0
1786370953927,1842456,1005024,1263844,376960,6036476,0,27,0,5,173,5111015,171,4850723,305,0,0,0,0,0,0,0
1786370954178,1842456,1006016,1264844,376964,6036476,0,27,0,5,173,5113327,171,4853035,305,0,0,0,0,0,0,0
1786370954434,1842456,1010984,1269820,376972,6036476,0,27,0,5,173,5130470,171,4870178,305,0,0,0,0,0,0,0
1786370954696,1842456,1010984,1269820,376976,6036476,0,27,0,5,173,5130470,171,4870178,305,0,0,0,0,0,0,0
1786370954952,1842456,1010984,1269820,376976,6036476,0,27,0,5,173,5130470,171,4870178,305,0,0,0,0,0,0,0
1786370955211,1842456,1010984,1269820,376976,6036476,0,27,0,5,173,5130470,171,4870178,305,0,0,0,0,0,0,0
1786370955464,1842456,1017204,1276052,376988,6036476,0,27,0,5,173,5150004,171,4889660,305,0,0,0,0,0,0,0
1786370955715,1842456,1018100,1276948,376984,6036476,0,27,0,5,173,5157705,171,4897247,305,0,0,0,0,0,0,0
1786370955973,1842456,1018100,1276952,376988,6036476,0,27,0,5,178,5157705,176,4897247,305,0,0,0,0,0,0,0
1786370956229,1842456,1018100,1276952,376988,6036476,0,27,0,5,178,5157705,176,4897247,305,0,0,0,0,0,0,0
1786370956485,1842456,1021928,1280780,376988,6036476,0,27,0,5,178,5157705,176,4897247,305,0,0,0,0,0,0,0
1786370956736,1842456,1023416,1282296,377020,6036476,0,27,0,5,178,5192819,176,4928832,305,0,0,0,0,0,0,0
1786370956996,1842456,1022912,1281776,377000,6036476,0,27,0,5,178,5192819,176,4928832,305,0,0,0,0,0,0,0
1786370957250,1842456,1024788,1283656,377008,6036476,0,27,0,5,178,5192819,176,4928832,305,0,0,0,0,0,0,0
1786370957505,1842456,1026252,1285120,377008,6036476,0,27,0,5,178,5192819,176,4928832,305,0,0,0,0,0,0,0
1786370957765,1842456,1026504,1285372,377008,6036476,0,27,0,5,178,5193042,176,4929056,305,0,0,0,0,0,0,0
1786370958016,1842456,1028324,1287216,377036,6036476,0,27,0,5,182,5211689,181,4947659,305,0,0,0,0,0,0,0
1786370958267,1842456,1029524,1288400,377024,6036476,0,27,0,5,182,5211689,181,4947659,305,0,0,0,0,0,0,0
1786370958520,1842456,1029524,1288400,377024,6036476,0,27,0,5,182,5211689,181,4947659,305,0,0,0,0,0,0,0
1786370958779,1842456,1030968,1289844,377024,6036476,0,27,0,5,182,5211689,181,4947659,305,0,0,0,0,0,0,0
1786370959031,1842456,1030968,1289844,377024,6036476,0,27,0,5,182,5211689,181,4947659,305,0,0,0,0,0,0,0
1786370959282,1842456,1037172,1296080,377052,6036476,0,27,0,5,182,5229180,181,4963535,305,0,0,0,0,0,0,0
1786370959533,1842456,1037744,1296676,377076,6036476,0,27,0,5,182,5243649,181,4977981,305,0,0,0,0,0,0,0
1786370959783,1842456,982480,1242036,377648,6036476,0,27,0,5,182,5287030,181,5019855,305,0,0,0,0,0,0,0
1786370960035,1842456,907240,1210096,420944,6036476,0,27,0,5,221,5287030,202,5019855,305,0,0,0,0,0,0,0
1786370960296,1842456,956696,1215904,377304,6036476,0,27,0,5,221,5292595,202,5025380,305,0,0,0,0,0,0,0
1786370960548,1842456,956696,1215932,377336,6036476,0,27,0,5,221,5305307,202,5038061,305,0,0,0,0,0,0,0
1786370960799,1842456,955996,1215216,377328,6036476,0,27,0,5,221,5315154,202,5047146,305,0,0,0,0,0,0,0
1786370961051,1842456,955996,1215216,377328,6036476,0,27,0,5,221,5315154,202,5047146,305,0,0,0,0,0,0,0
1786370961303,1842456,967560,1226780,377328,6036476,0,27,0,5,221,5315154,202,5047146,305,0,0,0,0,0,0,0
1786370961555,1842456,967560,1226780,377328,6036476,0,27,0,5,221,5315154,202,5047146,305,0,0,0,0,0,0,0
1786370961806,1842456,967560,1226800,377340,6036476,0,27,0,5,221,5323309,202,5055302,305,0,0,0,0,0,0,0
1786370962058,1842456,967056,1226292,377340,6036476,0,27,0,5,199,5325725,184,5057717,305,0,0,0,0,0,0,0
1786370962317,1842456,977860,1237096,377340,6036476,0,27,0,5,199,5325725,184,5057717,305,0,0,0,0,0,0,0
1786370962572,1842456,982032,1241256,377340,6036476,0,27,0,5,199,5325725,184,5057717,305,0,0,0,0,0,0,0
1786370962833,1842456,982032,1241256,377340,6036476,0,27,0,5,199,5325725,184,5057717,305,0,0,0,0,0,0,0
1786370963085,1842456,981780,1241016,377348,6036476,0,27,0,5,199,5342202,184,5074170,305,0,0,0,0,0,0,0
1786370963337,1842456,990928,1250168,377356,6036476,0,27,0,5,199,5346814,184,5078348,305,0,0,0,0,0,0,0
1786370963589,1842456,990928,1250168,377356,6036476,0,27,0,5,199,5346814,184,5078348,305,0,0,0,0,0,0,0
1786370963848,1842456,990928,1250168,377356,6036476,0,27,0,5,181,5346814,168,5078348,305,0,0,0,0,0,0,0
1786370964108,1842456,990928,1250168,377356,6036476,0,27,0,5,181,5346814,168,5078348,305,0,0,0,0,0,0,0
1786370964359,1842456,1001504,1260776,377384,6036476,0,27,0,5,181,5364407,168,5095941,305,0,0,0,0,0,0,0
1786370964616,1842456,1003404,1262668,377372,6036476,0,27,0,5,181,5364407,168,5095941,305,0,0,0,0,0,0,0
1786370964876,1842456,1003404,1262668,377372,6036476,0,27,0,5,181,5364407,168,5095941,305,0,0,0,0,0,0,0
1786370965128,1842456,1003404,1262668,377372,6036476,0,27,0,5,181,5364407,168,5095941,305,0,0,0,0,0,0,0
1786370965382,1842456,1003404,1262668,377372,6036476,0,27,0,5,181,5364407,168,5095941,305,0,0,0,0,0,0,0
1786370965634,1842456,1011960,1275344,381496,6036476,0,27,0,5,181,5378656,168,5110191,305,0,0,0,0,0,0,0
1786370965894,1842456,1010996,1274360,381484,6036476,0,27,0,5,166,5378656,156,5110191,305,0,0,0,0,0,0,0
1786370966152,1842456,1010996,1274360,381484,6036476,0,27,0,5,166,5378656,156,5110191,305,0,0,0,0,0,0,0
1786370966404,1842456,1010996,1274360,381484,6036476,0,27,0,5,166,5378656,156,5110191,305,0,0,0,0,0,0,0
1786370966657,1842456,1010996,1274360,381484,6036476,0,27,0,5,166,5378656,156,5110191,305,0,0,0,0,0,0,0
1786370966909,1842456,1010996,1274372,381496,6036476,0,27,0,5,166,5395901,156,5126530,305,0,0,0,0,0,0,0
1786370967159,1842456,1010996,1274376,381500,6036476,0,27,0,5,166,5395901,156,5126530,305,0,0,0,0,0,0,0
1786370967412,1842456,1014004,1277384,381504,6036476,0,27,0,5,166,5395901,156,5126530,305,0,0,0,0,0,0,0
1786370967666,1842456,1014004,1277384,381504,6036476,0,27,0,5,166,5395901,156,5126530,305,0,0,0,0,0,0,0
1786370967917,1842456,1014004,1277388,381504,6036476,0,27,0,5,136,5395901,127,5126530,305,0,0,0,0,0,0,0
1786370968169,1842456,1018000,1281416,381532,6036476,0,27,0,5,136,5408758,127,5139371,305,0,0,0,0,0,0,0
1786370968420,1842456,1017060,1280464,381516,6036476,0,27,0,5,136,5408758,127,5139371,305,0,0,0,0,0,0,0
1786370968673,1842456,1017060,1280464,381520,6036476,0,27,0,5,136,5408758,127,5139371,305,0,0,0,0,0,0,0
1786370968924,1842456,1017060,1280464,381520,6036476,0,27,0,5,136,5408758,127,5139371,305,0,0,0,0,0,0,0
1786370969177,1842456,1017504,1280908,381520,6036476,0,27,0,5,136,5408758,127,5139371,305,0,0,0,0,0,0,0
1786370969429,1842456,1022560,1285996,381552,6036476,0,27,0,5,136,5421857,127,5152263,305,0,0,0,0,0,0,0
1786370969680,1842456,1022308,1285728,381532,6036476,0,27,0,5,136,5428390,127,5157012,305,0,0,0,0,0,0,0
1786370969939,1842456,1022308,1285728,381536,6036476,0,27,0,5,129,5428390,122,5157012,305,0,0,0,0,0,0,0
1786370970192,1842456,1022308,1285728,381536,6036476,0,27,0,5,129,5428390,122,5157012,305,0,0,0,0,0,0,0
1786370970443,1842456,1022308,1285728,381536,6036476,0,27,0,5,129,5428390,122,5157012,305,0,0,0,0,0,0,0
1786370970696,1842456,990476,1297308,424908,6036476,0,27,0,5,129,5467546,122,5194786,305,0,0,0,0,0,0,0
1786370970947,1842456,949352,1256764,425464,6036476,0,27,0,5,129,5493512,122,5217046,305,0,0,0,0,0,0,0
1786370971197,1842456,992596,1256496,381960,6036476,0,27,0,5,129,5508410,122,5231751,305,0,0,0,0,0,0,0
1786370971448,1842456,992596,1256496,381960,6036476,0,27,0,5,129,5508410,122,5231751,305,0,0,0,0,0,0,0
1786370971706,1842456,994864,1258764,381960,6036476,0,27,0,5,129,5508410,122,5231751,305,0,0,0,0,0,0,0
1786370971965,1842456,994716,1258616,381960,6036476,0,27,0,5,178,5508410,155,5231751,305,0,0,0,0,0,0,0
1786370972220,1842456,994052,1257820,381828,6036476,0,27,0,5,178,5529489,155,5252286,305,0,0,0,0,0,0,0
1786370972471,1842456,996420,1260192,381836,6036476,0,27,0,5,178,5529489,155,5252286,305,0,0,0,0,0,0,0
1786370972724,1842456,996420,1260192,381836,6036476,0,27,0,5,178,5529489,155,5252286,305,0,0,0,0,0,0,0
1786370972979,1842456,996420,1260192,381836,6036476,0,27,0,5,178,5529489,155,5252286,305,0,0,0,0,0,0,0
1786370973230,1842456,1001240,1265012,381836,6036476,0,27,0,5,178,5529489,155,5252286,305,0,0,0,0,0,0,0
1786370973486,1842456,1001976,1265772,381852,6036476,0,27,0,5,178,5546622,155,5269404,305,0,0,0,0,0,0,0
1786370973738,1842456,1004356,1268140,381852,6036476,0,27,0,5,178,5546622,155,5269404,305,0,0,0,0,0,0,0
1786370973997,1842456,1004356,1268140,381852,6036476,0,27,0,5,164,5546622,145,5269404,305,0,0,0,0,0,0,0
1786370974254,1842456,1005548,1269332,381852,6036476,0,27,0,5,164,5546622,145,5269404,305,0,0,0,0,0,0,0
1786370974506,1842456,1007660,1271444,381852,6036476,0,27,0,5,164,5546622,145,5269404,305,0,0,0,0,0,0,0
1786370974758,1842456,1009336,1273136,381868,6036476,0,27,0,5,164,5565163,145,5287845,305,0,0,0,0,0,0,0
1786370975014,1842456,1009336,1273136,381868,6036476,0,27,0,5,164,5565163,145,5287845,305,0,0,0,0,0,0,0
1786370975266,1842456,1014124,1277924,381868,6036476,0,27,0,5,164,5565163,145,5287845,305,0,0,0,0,0,0,0
1786370975520,1842456,1014124,1277924,381868,6036476,0,27,0,5,164,5565163,145,5287845,305,0,0,0,0,0,0,0
1786370975771,1842456,1013872,1277672,381868,6036476,0,27,0,5,164,5565163,145,5287845,305,0,0,0,0,0,0,0
1786370976028,1842456,1016456,1280276,381880,6036476,0,27,0,5,152,5579050,136,5301690,305,0,0,0,0,0,0,0
1786370976281,1842456,1019472,1283292,381880,6036476,0,27,0,5,152,5579050,136,5301690,305,0,0,0,0,0,0,0
1786370976540,1842456,1019472,1283292,381880,6036476,0,27,0,5,152,5579050,136,5301690,305,0,0,0,0,0,0,0
1786370976795,1842456,1019472,1283292,381880,6036476,0,27,0,5,152,5579050,136,5301690,305,0,0,0,0,0,0,0
1786370977047,1842456,1018996,1282820,381880,6036476,0,27,0,5,152,5579050,136,5301690,305,0,0,0,0,0,0,0
1786370977305,1842456,1021764,1285584,381904,6036476,0,27,0,5,152,5598803,136,5320736,305,0,0,0,0,0,0,0
1786370977558,1842456,1021764,1285584,381904,6036476,0,27,0,5,152,5598803,136,5320736,305,0,0,0,0,0,0,0
1786370977812,1842456,1021764,1285584,381904,6036476,0,27,0,5,152,5598803,136,5320736,305,0,0,0,0,0,0,0
1786370978064,1842456,1021764,1285584,381904,6036476,0,27,0,5,125,5598803,112,5320736,305,0,0,0,0,0,0,0
1786370978315,1842456,1024476,1288304,381904,6036476,0,27,0,5,125,5598803,112,5320736,305,0,0,0,0,0,0,0
1786370978573,1842456,1024608,1288456,381920,6036476,0,27,0,5,125,5615142,112,5337076,305,0,0,0,0,0,0,0
1786370978834,1842456,1024608,1288456,381920,6036476,0,27,0,5,125,5615142,112,5337076,305,0,0,0,0,0,0,0
1786370979086,1842456,1024608,1288456,381920,6036476,0,27,0,5,125,5615142,112,5337076,305,0,0,0,0,0,0,0
1786370979338,1842456,1027660,1291508,381920,6036476,0,27,0,5,125,5615142,112,5337076,305,0,0,0,0,0,0,0
1786370979590,1842456,1027260,1291116,381920,6036476,0,27,0,5,125,5615142,112,5337076,305,0,0,0,0,0,0,0
1786370979843,1842456,1028308,1292168,381936,6036476,0,27,0,5,125,5632675,112,5354180,305,0,0,0,0,0,0,0
1786370980097,1842456,1028308,1292168,381936,6036476,0,27,0,5,120,5632675,109,5354180,305,0,0,0,0,0,0,0
1786370980349,1842456,1029312,1293172,381936,6036476,0,27,0,5,120,5632675,109,5354180,305,0,0,0,0,0,0,0
1786370980601,1842456,1029312,1293172,381936,6036476,0,27,0,5,120,5632675,109,5354180,305,0,0,0,0,0,0,0
1786370980852,1842456,1029312,1293176,381936,6036476,0,27,0,5,120,5632675,109,5354180,305,0,0,0,0,0,0,0
1786370981105,1842456,1029060,1292936,381944,6036476,0,27,0,5,120,5648827,109,5370329,305,0,0,0,0,0,0,0
1786370981363,1842456,1030104,1293984,381948,6036476,0,27,0,5,120,5648827,109,5370329,305,0,0,0,0,0,0,0
1786370981614,1842456,1005968,1300388,412540,6036476,0,27,0,5,120,5665743,109,5386527,305,0,0,0,0,0,0,0
1786370981865,1842456,947504,1255068,425664,6036476,0,27,0,5,153,5702131,144,5421093,305,0,0,0,0,0,0,0
1786370982116,1842456,991908,1256096,382240,6036476,0,27,0,5,153,5712145,144,5430855,305,0,0,0,0,0,0,0
1786370982367,1842456,998412,1262580,382224,6036476,0,27,0,5,153,5736602,144,5453542,305,0,0,0,0,0,0,0
1786370982619,1842456,998664,1262832,382232,6036476,0,27,0,5,153,5736602,144,5453542,305,0,0,0,0,0,0,0
1786370982878,1842456,998664,1262832,382232,6036476,0,27,0,5,153,5756261,144,5473148,305,0,0,0,0,0,0,0
1786370983135,1842456,998664,1262832,382232,6036476,0,27,0,5,153,5756261,144,5473148,305,0,0,0,0,0,0,0
1786370983387,1842456,1002748,1266928,382232,6036476,0,27,0,5,153,5760195,144,5477081,305,0,0,0,0,0,0,0
1786370983639,1842456,1003180,1267368,382244,6036476,0,27,0,5,153,5769740,144,5486626,305,0,0,0,0,0,0,0
1786370983897,1842456,1003180,1267368,382244,6036476,0,27,0,5,179,5769740,172,5486626,305,0,0,0,0,0,0,0
1786370984152,1842456,1005844,1270032,382244,6036476,0,27,0,5,179,5769740,172,5486626,305,0,0,0,0,0,0,0
1786370984408,1842456,1006972,1271160,382244,6036476,0,27,0,5,179,5769740,172,5486626,305,0,0,0,0,0,0,0
1786370984660,1842456,1009184,1273356,382252,6036476,0,27,0,5,179,5774845,172,5490401,305,0,0,0,0,0,0,0
1786370984911,1842456,1008960,1273140,382256,6036476,0,27,0,5,179,5791126,172,5506498,305,0,0,0,0,0,0,0
1786370985167,1842456,1008960,1273144,382264,6036476,0,27,0,5,179,5791126,172,5506498,305,0,0,0,0,0,0,0
1786370985429,1842456,1008960,1273144,382264,6036476,0,27,0,5,179,5791126,172,5506498,305,0,0,0,0,0,0,0
1786370985686,1842456,1011680,1275864,382264,6036476,0,27,0,5,179,5791126,172,5506498,305,0,0,0,0,0,0,0
1786370985938,1842456,1011680,1275876,382272,6036476,0,27,0,5,165,5791126,159,5506498,305,0,0,0,0,0,0,0
1786370986194,1842456,1011932,1276132,382276,6036476,0,27,0,5,165,5813321,159,5528686,305,0,0,0,0,0,0,0
1786370986452,1842456,1012668,1276868,382280,6036476,0,27,0,5,165,5813321,159,5528686,305,0,0,0,0,0,0,0
1786370986707,1842456,1012668,1276868,382280,6036476,0,27,0,5,165,5813321,159,5528686,305,0,0,0,0,0,0,0
1786370986963,1842456,1012668,1276868,382280,6036476,0,27,0,5,165,5813321,159,5528686,305,0,0,0,0,0,0,0
1786370987215,1842456,1018460,1282668,382292,6036476,0,27,0,5,165,5816423,159,5531788,305,0,0,0,0,0,0,0
1786370987472,1842456,1018312,1282524,382292,6036476,0,27,0,5,165,5836143,159,5550832,305,0,0,0,0,0,0,0
1786370987722,1842456,1018312,1282528,382300,6036476,0,27,0,5,165,5836143,159,5550832,305,0,0,0,0,0,0,0
1786370987979,1842456,1018312,1282528,382300,6036476,0,27,0,5,171,5836143,166,5550832,305,0,0,0,0,0,0,0
1786370988234,1842456,1021472,1285688,382300,6036476,0,27,0,5,171,5836143,166,5550832,305,0,0,0,0,0,0,0
1786370988485,1842456,1023100,1287332,382304,6036476,0,27,0,5,171,5836448,166,5551137,305,0,0,0,0,0,0,0
1786370988738,1842456,1022164,1286396,382316,6036476,0,27,0,5,171,5862039,166,5576728,305,0,0,0,0,0,0,0
1786370988990,1842456,1022164,1286396,382316,6036476,0,27,0,5,171,5862039,166,5576728,305,0,0,0,0,0,0,0
1786370989243,1842456,1023212,1287444,382316,6036476,0,27,0,5,171,5862039,166,5576728,305,0,0,0,0,0,0,0
1786370989495,1842456,1023212,1287444,382316,6036476,0,27,0,5,171,5862039,166,5576728,305,0,0,0,0,0,0,0
1786370989746,1842456,1024692,1288944,382320,6036476,0,27,0,5,171,5862039,166,5576728,305,0,0,0,0,0,0,0
1786370990007,1842456,1025080,1289336,382332,6036476,0,27,0,5,176,5885246,172,5599259,305,0,0,0,0,0,0,0
1786370990261,1842456,1027100,1291356,382332,6036476,0,27,0,5,176,5885246,172,5599259,305,0,0,0,0,0,0,0
1786370990514,1842456,1027100,1291356,382332,6036476,0,27,0,5,176,5885246,172,5599259,305,0,0,0,0,0,0,0
1786370990769,1842456,1027100,1291356,382332,6036476,0,27,0,5,176,5885246,172,5599259,305,0,0,0,0,0,0,0
1786370991020,1842456,1029068,1293340,382336,6036476,0,27,0,5,176,5885246,172,5599259,305,0,0,0,0,0,0,0
1786370991271,1842456,1029508,1293780,382344,6036476,0,27,0,5,176,5906045,172,5620051,305,0,0,0,0,0,0,0
1786370991524,1842456,1029508,1293780,382344,6036476,0,27,0,5,176,5906045,172,5620051,305,0,0,0,0,0,0,0
1786370991779,1842456,1029508,1293780,382344,6036476,0,27,0,5,176,5906045,172,5620051,305,0,0,0,0,0,0,0
1786370992031,1842456,1029508,1293780,382344,6036476,0,27,0,5,162,5906045,159,5620051,305,0,0,0,0,0,0,0
1786370992282,1842456,1032452,1296736,382348,6036476,0,27,0,5,162,5906045,159,5620051,305,0,0,0,0,0,0,0
1786370992533,1842456,1032364,1296672,382380,6036476,0,27,0,5,162,5938488,159,5649522,305,0,0,0,0,0,0,0
1786370992785,1842456,988908,1253480,382620,6036476,0,27,0,5,162,5985394,159,5691202,305,0,0,0,0,0,0,0
1786370993035,1842456,988908,1253776,382924,6036476,0,27,0,5,162,5985394,159,5691202,305,0,0,0,0,0,0,0
1786370993286,1842456,914676,1222908,426272,6036476,0,27,0,5,162,5985394,159,5691202,305,0,0,0,0,0,0,0
1786370993543,1842456,948192,1212796,382656,6036476,0,27,0,5,162,6011674,159,5717368,305,0,0,0,0,0,0,0
1786370993794,1842456,948192,1212792,382660,6036476,0,27,0,5,162,6016299,159,5721591,305,0,0,0,0,0,0,0
1786370994047,1842456,948192,1212780,382648,6036476,0,27,0,5,223,6016299,221,5721591,305,0,0,0,0,0,0,0
1786370994299,1842456,954548,1219136,382648,6036476,0,27,0,5,223,6016299,221,5721591,305,0,0,0,0,0,0,0
1786370994551,1842456,954548,1219136,382648,6036476,0,27,0,5,223,6016299,221,5721591,305,0,0,0,0,0,0,0
1786370994802,1842456,954800,1219404,382656,6036476,0,27,0,5,223,6016646,221,5721938,305,0,0,0,0,0,0,0
1786370995061,1842456,957012,1221624,382664,6036476,0,27,0,5,223,6034292,221,5738563,305,0,0,0,0,0,0,0
1786370995314,1842456,967484,1232096,382664,6036476,0,27,0,5,223,6034292,221,5738563,305,0,0,0,0,0,0,0
1786370995567,1842456,970608,1235208,382664,6036476,0,27,0,5,223,6034292,221,5738563,305,0,0,0,0,0,0,0
1786370995819,1842456,970608,1235208,382664,6036476,0,27,0,5,223,6034292,221,5738563,305,0,0,0,0,0,0,0
1786370996071,1842456,970608,1235208,382668,6036476,0,27,0,5,183,6034292,181,5738563,305,0,0,0,0,0,0,0
1786370996330,1842456,979120,1243736,382680,6036476,0,27,0,5,183,6056234,181,5760501,305,0,0,0,0,0,0,0
1786370996582,1842456,985740,1250356,382680,6036476,0,27,0,5,183,6056234,181,5760501,305,0,0,0,0,0,0,0
1786370996835,1842456,985740,1250356,382680,6036476,0,27,0,5,183,6056234,181,5760501,305,0,0,0,0,0,0,0
1786370997090,1842456,985740,1250356,382680,6036476,0,27,0,5,183,6056234,181,5760501,305,0,0,0,0,0,0,0
1786370997342,1842456,1001216,1265840,382688,6036476,0,27,0,5,183,6059691,181,5763952,305,0,0,0,0,0,0,0
1786370997595,1842456,999500,1264124,382696,6036476,0,27,0,5,183,6079427,181,5782475,305,0,0,0,0,0,0,0
1786370997855,1842456,999500,1264124,382696,6036476,0,27,0,5,183,6079427,181,5782475,305,0,0,0,0,0,0,0
1786370998106,1842456,999500,1264124,382696,6036476,0,27,0,5,186,6079427,184,5782475,305,0,0,0,0,0,0,0
1786370998363,1842456,1004404,1269028,382696,6036476,0,27,0,5,186,6079427,184,5782475,305,0,0,0,0,0,0,0
1786370998615,1842456,1008884,1273516,382696,6036476,0,27,0,5,186,6080064,184,5783112,305,0,0,0,0,0,0,0
1786370998876,1842456,1011116,1275764,382712,6036476,0,27,0,5,186,6095926,184,5798974,305,0,0,0,0,0,0,0
1786370999130,1842456,1011116,1275764,382712,6036476,0,27,0,5,186,6095926,184,5798974,305,0,0,0,0,0,0,0
1786370999389,1842456,1011916,1276564,382712,6036476,0,27,0,5,186,6095926,184,5798974,305,0,0,0,0,0,0,0
1786370999647,1842456,1011916,1276564,382712,6036476,0,27,0,5,186,6095926,184,5798974,305,0,0,0,0,0,0,0
1786370999899,1842456,1013188,1277844,382724,6036476,0,27,0,5,170,6108979,169,5812023,305,0,0,0,0,0,0,0
1786371000152,1842456,1018152,1282824,382728,6036476,0,27,0,5,170,6110359,169,5813403,305,0,0,0,0,0,0,0
1786371000410,1842456,1020600,1285272,382728,6036476,0,27,0,5,170,6110359,169,5813403,305,0,0,0,0,0,0,0
1786371000665,1842456,1020600,1285272,382728,6036476,0,27,0,5,170,6110359,169,5813403,305,0,0,0,0,0,0,0
1786371000917,1842456,1020600,1285272,382728,6036476,0,27,0,5,170,6110359,169,5813403,305,0,0,0,0,0,0,0
1786371001170,1842456,1020348,1285044,382756,6036476,0,27,0,5,170,6120861,169,5823354,305,0,0,0,0,0,0,0
1786371001422,1842456,1025956,1290640,382740,6036476,0,27,0,5,170,6125578,169,5828070,305,0,0,0,0,0,0,0
1786371001678,1842456,1025956,1290640,382748,6036476,0,27,0,5,170,6125578,169,5828070,305,0,0,0,0,0,0,0
1786371001933,1842456,1025956,1290640,382748,6036476,0,27,0,5,139,6125578,138,5828070,305,0,0,0,0,0,0,0
1786371002186,1842456,1028540,1293224,382748,6036476,0,27,0,5,139,6125578,138,5828070,305,0,0,0,0,0,0,0
1786371002438,1842456,1029788,1294484,382760,6036476,0,27,0,5,139,6136492,138,5838967,305,0,0,0,0,0,0,0
1786371002696,1842456,1030436,1295140,382760,6036476,0,27,0,5,139,6140099,138,5842567,305,0,0,0,0,0,0,0
1786371002948,1842456,1030436,1295140,382764,6036476,0,27,0,5,139,6140230,138,5842698,305,0,0,0,0,0,0,0
1786371003207,1842456,1031200,1295904,382764,6036476,0,27,0,5,139,6140230,138,5842698,305,0,0,0,0,0,0,0
1786371003459,1842456,1032500,1297204,382764,6036476,0,27,0,5,139,6140230,138,5842698,305,0,0,0,0,0,0,0
1786371003710,1842456,961596,1269628,426060,6036476,0,27,0,5,139,6183388,138,5884656,305,0,0,0,0,0,0,0
1786371003960,1842456,918636,1227144,426524,6036476,0,27,0,5,186,6216219,185,5913217,305,0,0,0,0,0,0,0
1786371004211,1842456,971376,1236400,383048,6036476,0,27,0,5,186,6233246,185,5929872,305,0,0,0,0,0,0,0
1786371004462,1842456,971376,1236400,383048,6036476,0,27,0,5,186,6233246,185,5929872,305,0,0,0,0,0,0,0
1786371004721,1842456,971376,1236400,383048,6036476,0,27,0,5,186,6233246,185,5929872,305,0,0,0,0,0,0,0
1786371004973,1842456,971376,1236408,383048,6036476,0,27,0,5,186,6239166,185,5935760,305,0,0,0,0,0,0,0
1786371005234,1842456,971376,1236408,383056,6036476,0,27,0,5,186,6263807,185,5958999,305,0,0,0,0,0,0,0
1786371005486,1842456,978968,1244000,383060,6036476,0,27,0,5,186,6263807,185,5958999,305,0,0,0,0,0,0,0
1786371005752,1842456,978968,1244000,383060,6036476,0,27,0,5,186,6263807,185,5958999,305,0,0,0,0,0,0,0
1786371006003,1842456,978968,1244000,383060,6036476,0,27,0,5,189,6263807,188,5958999,305,0,0,0,0,0,0,0
1786371006254,1842456,986616,1251660,383060,6036476,0,27,0,5,189,6263807,188,5958999,305,0,0,0,0,0,0,0
1786371006511,1842456,986572,1251616,383076,6036476,0,27,0,5,189,6283500,188,5978642,305,0,0,0,0,0,0,0
1786371006764,1842456,988420,1253452,383076,6036476,0,27,0,5,189,6283500,188,5978642,305,0,0,0,0,0,0,0
1786371007021,1842456,988420,1253452,383076,6036476,0,27,0,5,189,6283500,188,5978642,305,0,0,0,0,0,0,0
1786371007273,1842456,994084,1259116,383080,6036476,0,27,0,5,189,6283500,188,5978642,305,0,0,0,0,0,0,0
1786371007525,1842456,993832,1258876,383080,6036476,0,27,0,5,189,6283500,188,5978642,305,0,0,0,0,0,0,0
1786371007776,1842456,996016,1261068,383096,6036476,0,27,0,5,189,6304607,188,5999252,305,0,0,0,0,0,0,0
1786371008030,1842456,996016,1261068,383096,6036476,0,27,0,5,191,6304607,190,5999252,305,0,0,0,0,0,0,0
1786371008282,1842456,1001384,1266436,383096,6036476,0,27,0,5,191,6304607,190,5999252,305,0,0,0,0,0,0,0
1786371008534,1842456,1001384,1266436,383096,6036476,0,27,0,5,191,6304607,190,5999252,305,0,0,0,0,0,0,0
1786371008786,1842456,1001384,1266448,383096,6036476,0,27,0,5,191,6304607,190,5999252,305,0,0,0,0,0,0,0
1786371009038,1842456,1001132,1266196,383112,6036476,0,27,0,5,191,6322952,190,6017579,305,0,0,0,0,0,0,0
1786371009293,1842456,1003024,1268088,383112,6036476,0,27,0,5,191,6322952,190,6017579,305,0,0,0,0,0,0,0
1786371009545,1842456,1003024,1268088,383112,6036476,0,27,0,5,191,6322952,190,6017579,305,0,0,0,0,0,0,0
1786371009805,1842456,1003024,1268088,383112,6036476,0,27,0,5,191,6322952,190,6017579,305,0,0,0,0,0,0,0
1786371010056,1842456,1003024,1268088,383112,6036476,0,27,0,5,156,6322952,156,6017579,305,0,0,0,0,0,0,0
1786371010307,1842456,1006188,1271268,383132,6036476,0,27,0,5,156,6334543,156,6029134,305,0,0,0,0,0,0,0
1786371010565,1842456,1006976,1272056,383132,6036476,0,27,0,5,156,6334543,156,6029134,305,0,0,0,0,0,0,0
1786371010825,1842456,1006976,1272056,383132,6036476,0,27,0,5,156,6334543,156,6029134,305,0,0,0,0,0,0,0
1786371011077,1842456,1006976,1272056,383132,6036476,0,27,0,5,156,6334543,156,6029134,305,0,0,0,0,0,0,0
1786371011328,1842456,1007316,1272408,383132,6036476,0,27,0,5,156,6334543,156,6029134,305,0,0,0,0,0,0,0
1786371011580,1842456,1007840,1272952,383144,6036476,0,27,0,5,156,6352085,156,6045528,305,0,0,0,0,0,0,0
1786371011841,1842456,1007840,1272952,383148,6036476,0,27,0,5,156,6352085,156,6045528,305,0,0,0,0,0,0,0
1786371012102,1842456,1007840,1272952,383148,6036476,0,27,0,5,146,6352085,145,6045528,305,0,0,0,0,0,0,0
1786371012357,1842456,1009780,1274892,383148,6036476,0,27,0,5,146,6352085,145,6045528,305,0,0,0,0,0,0,0
1786371012608,1842456,1011632,1276752,383148,6036476,0,27,0,5,146,6352085,145,6045528,305,0,0,0,0,0,0,0
1786371012867,1842456,1012632,1277760,383160,6036476,0,27,0,5,146,6371983,145,6065361,305,0,0,0,0,0,0,0
1786371013119,1842456,1012632,1277760,383164,6036476,0,27,0,5,146,6400310,145,6093229,305,0,0,0,0,0,0,0
1786371013372,1842456,1014184,1279312,383164,6036476,0,27,0,5,146,6400310,145,6093229,305,0,0,0,0,0,0,0
1786371013626,1842456,1014184,1279312,383164,6036476,0,27,0,5,146,6400310,145,6093229,305,0,0,0,0,0,0,0
1786371013877,1842456,1016004,1281140,383164,6036476,0,27,0,5,156,6400310,155,6093229,305,0,0,0,0,0,0,0
1786371014129,1842456,1016144,1281284,383172,6036476,0,27,0,5,156,6419058,155,6111787,305,0,0,0,0,0,0,0
1786371014382,1842456,1018836,1283980,383176,6036476,0,27,0,5,156,6419058,155,6111787,305,0,0,0,0,0,0,0
1786371014634,1842456,990900,1282840,409984,6036476,0,27,0,5,156,6436694,155,6128846,305,0,0,0,0,0,0,0
1786371014884,1842456,943456,1252348,426936,6036476,0,27,0,5,156,6474015,155,6163580,305,0,0,0,0,0,0,0
1786371015135,1842456,934436,1199896,383472,6036476,0,27,0,5,156,6480276,155,6168414,305,0,0,0,0,0,0,0
1786371015399,1842456,932220,1197656,383452,6036476,0,27,0,5,156,6498306,155,6185234,305,0,0,0,0,0,0,0
1786371015652,1842456,932220,1197656,383460,6036476,0,27,0,5,156,6498306,155,6185234,305,0,0,0,0,0,0,0
1786371015904,1842456,932220,1197656,383460,6036476,0,27,0,5,200,6498306,200,6185234,305,0,0,0,0,0,0,0
1786371016157,1842456,932220,1197656,383460,6036476,0,27,0,5,200,6498306,200,6185234,305,0,0,0,0,0,0,0
1786371016408,1842456,931960,1197408,383464,6036476,0,27,0,5,200,6500488,200,6187413,305,0,0,0,0,0,0,0
1786371016662,1842456,931396,1196848,383472,6036476,0,27,0,5,200,6517867,200,6204379,305,0,0,0,0,0,0,0
1786371016921,1842456,931396,1196848,383476,6036476,0,27,0,5,200,6517867,200,6204379,305,0,0,0,0,0,0,0
1786371017173,1842456,931396,1196848,383476,6036476,0,27,0,5,200,6517867,200,6204379,305,0,0,0,0,0,0,0
1786371017428,1842456,935440,1200892,383480,6036476,0,27,0,5,200,6517867,200,6204379,305,0,0,0,0,0,0,0
1786371017680,1842456,941088,1208612,385560,6036476,0,27,0,5,200,6525089,200,6211534,305,0,0,0,0,0,0,0
1786371017935,1842456,943008,1210516,385540,6036476,0,27,0,5,182,6527039,181,6213431,305,0,0,0,0,0,0,0
1786371018196,1842456,943736,1211244,385548,6036476,0,27,0,5,182,6527039,181,6213431,305,0,0,0,0,0,0,0
1786371018451,1842456,948904,1216412,385548,6036476,0,27,0,5,182,6527039,181,6213431,305,0,0,0,0,0,0,0
1786371018704,1842456,948904,1216412,385548,6036476,0,27,0,5,182,6527039,181,6213431,305,0,0,0,0,0,0,0
1786371018957,1842456,950176,1217700,385560,6036476,0,27,0,5,182,6535032,181,6221418,305,0,0,0,0,0,0,0
1786371019218,1842456,960312,1227832,385556,6036476,0,27,0,5,182,6550090,181,6236443,305,0,0,0,0,0,0,0
1786371019476,1842456,963376,1230900,385564,6036476,0,27,0,5,182,6556990,181,6243213,305,0,0,0,0,0,0,0
1786371019730,1842456,963376,1230900,385564,6036476,0,27,0,5,182,6556990,181,6243213,305,0,0,0,0,0,0,0
1786371019984,1842456,963376,1230900,385564,6036476,0,27,0,5,167,6556990,167,6243213,305,0,0,0,0,0,0,0
1786371020236,1842456,974140,1241696,385592,6036476,0,27,0,5,167,6568674,167,6254819,305,0,0,0,0,0,0,0
1786371020497,1842456,974008,1241548,385572,6036476,0,27,0,5,167,6574398,167,6260464,305,0,0,0,0,0,0,0
1786371020756,1842456,974008,1241548,385576,6036476,0,27,0,5,167,6580727,167,6266676,305,0,0,0,0,0,0,0
1786371021016,1842456,974008,1241548,385576,6036476,0,27,0,5,167,6580727,167,6266676,305,0,0,0,0,0,0,0
1786371021277,1842456,981104,1248644,385576,6036476,0,27,0,5,167,6580727,167,6266676,305,0,0,0,0,0,0,0
1786371021528,1842456,980772,1248340,385604,6036476,0,27,0,5,167,6597498,167,6282194,305,0,0,0,0,0,0,0
1786371021780,1842456,983128,1250684,385592,6036476,0,27,0,5,167,6597498,167,6282194,305,0,0,0,0,0,0,0
1786371022039,1842456,983128,1250684,385592,6036476,0,27,0,5,173,6597498,154,6282194,305,0,0,0,0,0,0,0
1786371022291,1842456,990052,1257608,385592,6036476,0,27,0,5,173,6597498,154,6282194,305,0,0,0,0,0,0,0
1786371022543,1842456,990052,1257608,385592,6036476,0,27,0,5,173,6597498,154,6282194,305,0,0,0,0,0,0,0
1786371022794,1842456,991032,1258600,385600,6036476,0,27,0,5,173,6613978,154,6298675,305,0,0,0,0,0,0,0
1786371023049,1842456,989240,1256804,385608,6036476,0,27,0,5,173,6613978,154,6298675,305,0,0,0,0,0,0,0
1786371023301,1842456,996432,1263996,385608,6036476,0,27,0,5,173,6613978,154,6298675,305,0,0,0,0,0,0,0
1786371023556,1842456,996432,1263996,385608,6036476,0,27,0,5,173,6613978,154,6298675,305,0,0,0,0,0,0,0
1786371023808,1842456,996432,1263996,385608,6036476,0,27,0,5,173,6613978,154,6298675,305,0,0,0,0,0,0,0
1786371024060,1842456,997428,1265028,385636,6036476,0,27,0,5,141,6623643,126,6308255,305,0,0,0,0,0,0,0
1786371024312,1842456,1004020,1271608,385624,6036476,0,27,0,5,141,6628831,126,6313153,305,0,0,0,0,0,0,0
1786371024570,1842456,1004020,1271608,385624,6036476,0,27,0,5,141,6628831,126,6313153,305,0,0,0,0,0,0,0
1786371024821,1842456,1004020,1271608,385624,6036476,0,27,0,5,141,6628831,126,6313153,305,0,0,0,0,0,0,0
1786371025073,1842456,1004020,1271608,385624,6036476,0,27,0,5,141,6628831,126,6313153,305,0,0,0,0,0,0,0
1786371025325,1842456,1012616,1280232,385652,6036476,0,27,0,5,141,6650067,126,6334246,305,0,0,0,0,0,0,0
1786371025576,1842456,1009284,1279576,388560,6036476,0,27,0,5,141,6673394,126,6357260,305,0,0,0,0,0,0,0
1786371025836,1842456,983580,1251480,385904,6036476,0,27,0,5,141,6712291,126,6394214,305,0,0,0,0,0,0,0
1786371026087,1842456,983580,1251836,386256,6036476,0,27,0,5,188,6712291,176,6394214,305,0,0,0,0,0,0,0
1786371026337,1842456,956988,1268552,429552,6036476,0,27,0,5,188,6712291,176,6394214,305,0,0,0,0,0,0,0
1786371026588,1842456,1001572,1269496,385916,6036476,0,27,0,5,188,6739818,176,6420093,305,0,0,0,0,0,0,0
1786371026849,1842456,1001468,1269392,385928,6036476,0,27,0,5,188,6739818,176,6420093,305,0,0,0,0,0,0,0
1786371027104,1842456,1001468,1269392,385928,6036476,0,27,0,5,188,6739818,176,6420093,305,0,0,0,0,0,0,0
1786371027360,1842456,1004264,1272188,385928,6036476,0,27,0,5,188,6739818,176,6420093,305,0,0,0,0,0,0,0
1786371027619,1842456,1008776,1276708,385924,6036476,0,27,0,5,188,6739818,176,6420093,305,0,0,0,0,0,0,0
1786371027874,1842456,1005504,1273460,385952,6036476,0,27,0,5,188,6755552,176,6435817,305,0,0,0,0,0,0,0
1786371028135,1842456,1005500,1273432,385932,6036476,0,27,0,5,190,6755552,180,6435817,305,0,0,0,0,0,0,0
1786371028394,1842456,1008528,1276464,385940,6036476,0,27,0,5,190,6755552,180,6435817,305,0,0,0,0,0,0,0
1786371028649,1842456,1010768,1278692,385940,6036476,0,27,0,5,190,6755552,180,6435817,305,0,0,0,0,0,0,0
1786371028908,1842456,1010768,1278692,385940,6036476,0,27,0,5,190,6755552,180,6435817,305,0,0,0,0,0,0,0
1786371029159,1842456,1013552,1281488,385948,6036476,0,27,0,5,190,6775903,180,6454280,305,0,0,0,0,0,0,0
1786371029410,1842456,1013552,1281492,385952,6036476,0,27,0,5,190,6775903,180,6454280,305,0,0,0,0,0,0,0
1786371029664,1842456,1013552,1281492,385952,6036476,0,27,0,5,190,6775903,180,6454280,305,0,0,0,0,0,0,0
1786371029918,1842456,1013552,1281492,385952,6036476,0,27,0,5,174,6775903,147,6454280,305,0,0,0,0,0,0,0
1786371030172,1842456,1013552,1281492,385952,6036476,0,27,0,5,174,6775903,147,6454280,305,0,0,0,0,0,0,0
1786371030423,1842456,1017192,1285156,385980,6036476,0,27,0,5,174,6788944,147,6467316,305,0,0,0,0,0,0,0
1786371030684,1842456,1017316,1285272,385968,6036476,0,27,0,5,174,6788944,147,6467316,305,0,0,0,0,0,0,0
1786371030939,1842456,1017316,1285272,385968,6036476,0,27,0,5,174,6788944,147,6467316,305,0,0,0,0,0,0,0
1786371031195,1842456,1017316,1285272,385968,6036476,0,27,0,5,174,6788944,147,6467316,305,0,0,0,0,0,0,0
1786371031447,1842456,1020428,1288384,385968,6036476,0,27,0,5,174,6788944,147,6467316,305,0,0,0,0,0,0,0
1786371031699,1842456,1020532,1288492,385992,6036476,0,27,0,5,174,6803719,147,6480951,305,0,0,0,0,0,0,0
1786371031950,1842456,1020532,1288492,385988,6036476,0,27,0,5,160,6803719,139,6480951,305,0,0,0,0,0,0,0
1786371032207,1842456,1023244,1291216,385984,6036476,0,27,0,5,160,6803719,139,6480951,305,0,0,0,0,0,0,0
1786371032459,1842456,1023244,1291216,385984,6036476,0,27,0,5,160,6803719,139,6480951,305,0,0,0,0,0,0,0
1786371032718,1842456,1023244,1291216,385984,6036476,0,27,0,5,160,6803719,139,6480951,305,0,0,0,0,0,0,0
1786371032969,1842456,1023604,1291584,385996,6036476,0,27,0,5,160,6816615,139,6493656,305,0,0,0,0,0,0,0
1786371033225,1842456,1023604,1291588,385996,6036476,0,27,0,5,160,6816615,139,6493656,305,0,0,0,0,0,0,0
1786371033478,1842456,1025960,1293948,386000,6036476,0,27,0,5,160,6816615,139,6493656,305,0,0,0,0,0,0,0
1786371033730,1842456,1025960,1293948,386000,6036476,0,27,0,5,160,6816615,139,6493656,305,0,0,0,0,0,0,0
1786371033989,1842456,1025960,1293948,386000,6036476,0,27,0,5,131,6816615,112,6493656,305,0,0,0,0,0,0,0
1786371034240,1842456,1030860,1298860,386016,6036476,0,27,0,5,131,6847818,112,6524263,305,0,0,0,0,0,0,0
1786371034491,1842456,1030860,1298860,386012,6036476,0,27,0,5,131,6847818,112,6524263,305,0,0,0,0,0,0,0
1786371034743,1842456,1030860,1298860,386020,6036476,0,27,0,5,131,6847818,112,6524263,305,0,0,0,0,0,0,0
1786371035000,1842456,1030860,1298860,386020,6036476,0,27,0,5,131,6847818,112,6524263,305,0,0,0,0,0,0,0
1786371035252,1842456,1032652,1300652,386020,6036476,0,27,0,5,131,6847818,112,6524263,305,0,0,0,0,0,0,0
1786371035503,1842456,1032656,1300652,386012,6036476,0,27,0,5,131,6856433,112,6532860,305,0,0,0,0,0,0,0
1786371035764,1842456,1032656,1300652,386012,6036476,0,27,0,5,131,6856433,112,6532860,305,0,0,0,0,0,0,0
1786371036030,1842456,1032656,1300652,386012,6036476,0,27,0,5,143,6856433,111,6532860,305,0,0,0,0,0,0,0
1786371036286,1842456,1033488,1301508,386036,6036476,0,27,0,5,143,6856433,111,6532860,305,0,0,0,0,0,0,0
1786371036537,1842456,1033740,1301780,386052,6036476,0,27,0,5,143,6864772,111,6540885,305,0,0,0,0,0,0,0
1786371036788,1842456,979740,1248412,386644,6036476,0,27,0,5,143,6923251,111,6597277,305,0,0,0,0,0,0,0
1786371037038,1842456,914512,1226504,429960,6036476,0,27,0,5,143,6937538,111,6609731,305,0,0,0,0,0,0,0
1786371037299,1842456,970728,1239064,386324,6036476,0,27,0,5,143,6957328,111,6629220,305,0,0,0,0,0,0,0
1786371037554,1842456,970728,1239064,386328,6036476,0,27,0,5,143,6957328,111,6629220,305,0,0,0,0,0,0,0
1786371037814,1842456,970728,1239064,386328,6036476,0,27,0,5,143,6957328,111,6629220,305,0,0,0,0,0,0,0
1786371038066,1842456,969244,1237612,386356,6036476,0,27,0,5,208,6969629,163,6641442,305,0,0,0,0,0,0,0
1786371038317,1842456,973856,1242208,386344,6036476,0,27,0,5,208,6976182,163,6647028,305,0,0,0,0,0,0,0
1786371038575,1842456,973856,1242216,386344,6036476,0,27,0,5,208,6976623,163,6647424,305,0,0,0,0,0,0,0
1786371038827,1842456,973856,1242216,386344,6036476,0,27,0,5,208,6976623,163,6647424,305,0,0,0,0,0,0,0
1786371039079,1842456,973856,1242216,386344,6036476,0,27,0,5,208,6976623,163,6647424,305,0,0,0,0,0,0,0
1786371039330,1842456,980028,1248412,386372,6036476,0,27,0,5,208,6995692,163,6665057,305,0,0,0,0,0,0,0
1786371039581,1842456,979908,1248284,386360,6036476,0,27,0,5,208,6995692,163,6665057,305,0,0,0,0,0,0,0
1786371039834,1842456,979908,1248284,386360,6036476,0,27,0,5,208,6995692,163,6665057,305,0,0,0,0,0,0,0
1786371040089,1842456,979908,1248284,386360,6036476,0,27,0,5,188,6995692,152,6665057,305,0,0,0,0,0,0,0
1786371040340,1842456,986060,1254436,386360,6036476,0,27,0,5,188,6995692,152,6665057,305,0,0,0,0,0,0,0
1786371040592,1842456,986896,1255284,386388,6036476,0,27,0,5,188,7009230,152,6678595,305,0,0,0,0,0,0,0
1786371040852,1842456,988844,1257228,386376,6036476,0,27,0,5,188,7009230,152,6678595,305,0,0,0,0,0,0,0
1786371041104,1842456,988844,1257228,386376,6036476,0,27,0,5,188,7009230,152,6678595,305,0,0,0,0,0,0,0
1786371041362,1842456,991824,1260208,386376,6036476,0,27,0,5,188,7009230,152,6678595,305,0,0,0,0,0,0,0
1786371041615,1842456,994300,1262684,386376,6036476,0,27,0,5,188,7009230,152,6678595,305,0,0,0,0,0,0,0
1786371041866,1842456,993824,1262228,386404,6036476,0,27,0,5,188,7023336,152,6692159,305,0,0,0,0,0,0,0
1786371042122,1842456,993572,1261964,386396,6036476,0,27,0,5,172,7023336,142,6692159,305,0,0,0,0,0,0,0
1786371042378,1842456,996412,1264804,386396,6036476,0,27,0,5,172,7023336,142,6692159,305,0,0,0,0,0,0,0
1786371042634,1842456,996412,1264804,386396,6036476,0,27,0,5,172,7023336,142,6692159,305,0,0,0,0,0,0,0
1786371042886,1842456,996412,1264804,386396,6036476,0,27,0,5,172,7023336,142,6692159,305,0,0,0,0,0,0,0
1786371043138,1842456,997436,1265860,386424,6036476,0,27,0,5,172,7038975,142,6707798,305,0,0,0,0,0,0,0
1786371043393,1842456,1004976,1273388,386412,6036476,0,27,0,5,172,7052322,142,6720729,305,0,0,0,0,0,0,0
1786371043649,1842456,1005228,1273640,386412,6036476,0,27,0,5,172,7052322,142,6720729,305,0,0,0,0,0,0,0
1786371043908,1842456,1005228,1273640,386412,6036476,0,27,0,5,159,7052322,134,6720729,305,0,0,0,0,0,0,0
1786371044167,1842456,1005228,1273640,386412,6036476,0,27,0,5,159,7052322,134,6720729,305,0,0,0,0,0,0,0
1786371044418,1842456,1011084,1279508,386424,6036476,0,27,0,5,159,7064958,134,6732922,305,0,0,0,0,0,0,0
1786371044679,1842456,1011068,1279496,386420,6036476,0,27,0,5,159,7071908,134,6739867,305,0,0,0,0,0,0,0
1786371044936,1842456,1011068,1279496,386420,6036476,0,27,0,5,159,7071908,134,6739867,305,0,0,0,0,0,0,0
1786371045194,1842456,1012148,1280576,386420,6036476,0,27,0,5,159,7071908,134,6739867,305,0,0,0,0,0,0,0
1786371045445,1842456,1013244,1281672,386420,6036476,0,27,0,5,159,7071908,134,6739867,305,0,0,0,0,0,0,0
1786371045699,1842456,1014108,1282540,386436,6036476,0,27,0,5,159,7083434,134,6751394,305,0,0,0,0,0,0,0
1786371045953,1842456,1014108,1282552,386436,6036476,0,27,0,5,148,7083434,128,6751394,305,0,0,0,0,0,0,0
1786371046205,1842456,1014108,1282552,386436,6036476,0,27,0,5,148,7083434,128,6751394,305,0,0,0,0,0,0,0
1786371046463,1842456,1015308,1283752,386436,6036476,0,27,0,5,148,7083434,128,6751394,305,0,0,0,0,0,0,0
1786371046724,1842456,1015308,1283752,386436,6036476,0,27,0,5,148,7083434,128,6751394,305,0,0,0,0,0,0,0
1786371046976,1842456,1015272,1283732,386452,6036476,0,27,0,5,148,7101366,128,6769147,305,0,0,0,0,0,0,0
1786371047227,1842456,1015272,1283732,386448,6036476,0,27,0,5,148,7101366,128,6769147,305,0,0,0,0,0,0,0
1786371047480,1842456,1017104,1285572,386460,6036476,0,27,0,5,148,7101366,128,6769147,305,0,0,0,0,0,0,0
1786371047731,1842456,996364,1265156,386728,6036476,0,27,0,5,148,7140706,128,6806613,305,0,0,0,0,0,0,0
1786371047981,1842456,927796,1240252,430364,6036476,0,27,0,5,176,7146797,159,6811522,305,0,0,0,0,0,0,0
1786371048232,1842456,935764,1204580,386736,6036476,0,27,0,5,176,7179599,159,6842441,305,0,0,0,0,0,0,0
1786371048484,1842456,935764,1204576,386732,6036476,0,27,0,5,176,7179599,159,6842441,305,0,0,0,0,0,0,0
1786371048746,1842456,936016,1204836,386740,6036476,0,27,0,5,176,7179599,159,6842441,305,0,0,0,0,0,0,0
1786371048999,1842456,936016,1204836,386740,6036476,0,27,0,5,176,7179599,159,6842441,305,0,0,0,0,0,0,0
1786371049255,1842456,939324,1208144,386740,6036476,0,27,0,5,176,7179599,159,6842441,305,0,0,0,0,0,0,0
1786371049507,1842456,943060,1211892,386752,6036476,0,27,0,5,176,7194157,159,6856753,305,0,0,0,0,0,0,0
1786371049758,1842456,943044,1211872,386748,6036476,0,27,0,5,176,7194157,159,6856753,305,0,0,0,0,0,0,0
1786371050013,1842456,943044,1211880,386756,6036476,0,27,0,5,180,7194368,166,6856949,305,0,0,0,0,0,0,0
1786371050265,1842456,948096,1216932,386756,6036476,0,27,0,5,180,7194368,166,6856949,305,0,0,0,0,0,0,0
1786371050517,1842456,949132,1217968,386756,6036476,0,27,0,5,180,7194368,166,6856949,305,0,0,0,0,0,0,0
1786371050768,1842456,952128,1220984,386788,6036476,0,27,0,5,180,7205308,166,6867857,305,0,0,0,0,0,0,0
1786371051019,1842456,952268,1221108,386776,6036476,0,27,0,5,180,7205308,166,6867857,305,0,0,0,0,0,0,0
1786371051279,1842456,955176,1224016,386776,6036476,0,27,0,5,180,7205308,166,6867857,305,0,0,0,0,0,0,0
1786371051531,1842456,955176,1224016,386776,6036476,0,27,0,5,180,7205308,166,6867857,305,0,0,0,0,0,0,0
1786371051789,1842456,955176,1224016,386776,6036476,0,27,0,5,180,7205308,166,6867857,305,0,0,0,0,0,0,0
1786371052042,1842456,959908,1228756,386780,6036476,0,27,0,5,147,7228874,136,6891000,305,0,0,0,0,0,0,0
1786371052303,1842456,963916,1232768,386792,6036476,0,27,0,5,147,7228874,136,6891000,305,0,0,0,0,0,0,0
1786371052555,1842456,963916,1232768,386792,6036476,0,27,0,5,147,7228874,136,6891000,305,0,0,0,0,0,0,0
1786371052817,1842456,963916,1232768,386792,6036476,0,27,0,5,147,7228874,136,6891000,305,0,0,0,0,0,0,0
1786371053073,1842456,964172,1233032,386792,6036476,0,27,0,5,147,7238767,136,6900665,305,0,0,0,0,0,0,0
1786371053335,1842456,968612,1237480,386800,6036476,0,27,0,5,147,7255296,136,6917189,305,0,0,0,0,0,0,0
1786371053593,1842456,968612,1237480,386804,6036476,0,27,0,5,147,7255296,136,6917189,305,0,0,0,0,0,0,0
1786371053858,1842456,968612,1237480,386804,6036476,0,27,0,5,147,7255296,136,6917189,305,0,0,0,0,0,0,0
1786371054115,1842456,968612,1237480,386804,6036476,0,27,0,5,157,7255296,148,6917189,305,0,0,0,0,0,0,0
1786371054368,1842456,980976,1249844,386804,6036476,0,27,0,5,157,7255296,148,6917189,305,0,0,0,0,0,0,0
1786371054630,1842456,985400,1254284,386816,6036476,0,27,0,5,157,7270021,148,6931872,305,0,0,0,0,0,0,0
1786371054881,1842456,985828,1254712,386820,6036476,0,27,0,5,157,7270021,148,6931872,305,0,0,0,0,0,0,0
1786371055133,1842456,985828,1254712,386820,6036476,0,27,0,5,157,7270021,148,6931872,305,0,0,0,0,0,0,0
1786371055387,1842456,988928,1257812,386820,6036476,0,27,0,5,157,7270021,148,6931872,305,0,0,0,0,0,0,0
1786371055644,1842456,989524,1258408,386820,6036476,0,27,0,5,157,7270021,148,6931872,305,0,0,0,0,0,0,0
1786371055898,1842456,992136,1261032,386828,6036476,0,27,0,5,146,7290632,139,6952368,305,0,0,0,0,0,0,0
1786371056154,1842456,992136,1261032,386836,6036476,0,27,0,5,146,7290632,139,6952368,305,0,0,0,0,0,0,0
1786371056416,1842456,993788,1262684,386836,6036476,0,27,0,5,146,7290632,139,6952368,305,0,0,0,0,0,0,0
1786371056667,1842456,993788,1262684,386836,6036476,0,27,0,5,146,7290632,139,6952368,305,0,0,0,0,0,0,0
1786371056920,1842456,993936,1262832,386836,6036476,0,27,0,5,146,7290632,139,6952368,305,0,0,0,0,0,0,0
1786371057173,1842456,995076,1263976,386844,6036476,0,27,0,5,146,7304391,139,6966127,305,0,0,0,0,0,0,0
1786371057427,1842456,1001388,1270300,386852,6036476,0,27,0,5,146,7304391,139,6966127,305,0,0,0,0,0,0,0
1786371057682,1842456,1001388,1270300,386856,6036476,0,27,0,5,146,7304391,139,6966127,305,0,0,0,0,0,0,0
1786371057940,1842456,1001388,1270300,386856,6036476,0,27,0,5,120,7304391,113,6966127,305,0,0,0,0,0,0,0
1786371058197,1842456,1004576,1273488,386856,6036476,0,27,0,5,120,7304391,113,6966127,305,0,0,0,0,0,0,0
1786371058448,1842456,1009248,1278176,386876,6036476,0,27,0,5,120,7318408,113,6979186,305,0,0,0,0,0,0,0
1786371058699,1842456,960384,1229644,387148,6036476,0,27,0,5,120,7353584,113,7013368,305,0,0,0,0,0,0,0
1786371058949,1842456,896628,1209520,430780,6036476,0,27,0,5,120,7361382,113,7020895,305,0,0,0,0,0,0,0
1786371059200,1842456,899648,1168896,387140,6036476,0,27,0,5,120,7366518,113,7025932,305,0,0,0,0,0,0,0
1786371059452,1842456,899648,1168896,387140,6036476,0,27,0,5,120,7366518,113,7025932,305,0,0,0,0,0,0,0
1786371059712,1842456,901192,1170460,387152,6036476,0,27,0,5,120,7389506,113,7047890,305,0,0,0,0,0,0,0
1786371059970,1842456,901192,1170460,387152,6036476,0,27,0,5,170,7389506,165,7047890,305,0,0,0,0,0,0,0
1786371060230,1842456,906868,1176136,387156,6036476,0,27,0,5,170,7389506,165,7047890,305,0,0,0,0,0,0,0
1786371060483,1842456,909448,1178716,387156,6036476,0,27,0,5,170,7389506,165,7047890,305,0,0,0,0,0,0,0
1786371060735,1842456,909448,1178716,387156,6036476,0,27,0,5,170,7389506,165,7047890,305,0,0,0,0,0,0,0
1786371060996,1842456,908944,1178228,387172,6036476,0,27,0,5,170,7400224,165,7058586,305,0,0,0,0,0,0,0
1786371061254,1842456,916388,1185672,387172,6036476,0,27,0,5,170,7400224,165,7058586,305,0,0,0,0,0,0,0
1786371061515,1842456,918240,1187524,387172,6036476,0,27,0,5,170,7400224,165,7058586,305,0,0,0,0,0,0,0
1786371061774,1842456,922412,1191684,387172,6036476,0,27,0,5,170,7400224,165,7058586,305,0,0,0,0,0,0,0
1786371062026,1842456,922264,1191536,387172,6036476,0,27,0,5,139,7400224,135,7058586,305,0,0,0,0,0,0,0
1786371062278,1842456,933116,1202396,387188,6036476,0,27,0,5,139,7417591,135,7075913,305,0,0,0,0,0,0,0
1786371062532,1842456,933116,1202396,387188,6036476,0,27,0,5,139,7417591,135,7075913,305,0,0,0,0,0,0,0
1786371062788,1842456,933116,1202396,387188,6036476,0,27,0,5,139,7417591,135,7075913,305,0,0,0,0,0,0,0
1786371063040,1842456,933116,1202396,387188,6036476,0,27,0,5,139,7417591,135,7075913,305,0,0,0,0,0,0,0
1786371063292,1842456,947828,1217108,387188,6036476,0,27,0,5,139,7417591,135,7075913,305,0,0,0,0,0,0,0
1786371063546,1842456,950872,1220168,387204,6036476,0,27,0,5,139,7435913,135,7094197,305,0,0,0,0,0,0,0
1786371063802,1842456,950872,1220168,387204,6036476,0,27,0,5,139,7435913,135,7094197,305,0,0,0,0,0,0,0
1786371064055,1842456,950872,1220168,387204,6036476,0,27,0,5,132,7435913,129,7094197,305,0,0,0,0,0,0,0
1786371064315,1842456,954396,1223692,387204,6036476,0,27,0,5,132,7435913,129,7094197,305,0,0,0,0,0,0,0
1786371064566,1842456,959576,1228876,387204,6036476,0,27,0,5,132,7435913,129,7094197,305,0,0,0,0,0,0,0
1786371064820,1842456,961568,1230872,387216,6036476,0,27,0,5,132,7449077,129,7107360,305,0,0,0,0,0,0,0
1786371065076,1842456,961568,1230876,387220,6036476,0,27,0,5,132,7449077,129,7107360,305,0,0,0,0,0,0,0
1786371065331,1842456,964640,1233948,387220,6036476,0,27,0,5,132,7449077,129,7107360,305,0,0,0,0,0,0,0
1786371065586,1842456,964640,1233948,387220,6036476,0,27,0,5,132,7449077,129,7107360,305,0,0,0,0,0,0,0
1786371065838,1842456,964640,1233948,387220,6036476,0,27,0,5,132,7449077,129,7107360,305,0,0,0,0,0,0,0
1786371066096,1842456,966196,1235516,387232,6036476,0,27,0,5,126,7465796,124,7123425,305,0,0,0,0,0,0,0
1786371066351,1842456,978176,1247496,387236,6036476,0,27,0,5,126,7465796,124,7123425,305,0,0,0,0,0,0,0
1786371066603,1842456,978176,1247496,387236,6036476,0,27,0,5,126,7465796,124,7123425,305,0,0,0,0,0,0,0
1786371066861,1842456,978176,1247496,387236,6036476,0,27,0,5,126,7465796,124,7123425,305,0,0,0,0,0,0,0
1786371067112,1842456,978324,1247644,387236,6036476,0,27,0,5,126,7465796,124,7123425,305,0,0,0,0,0,0,0
1786371067373,1842456,997424,1266756,387252,6036476,0,27,0,5,126,7482320,124,7139901,305,0,0,0,0,0,0,0
1786371067626,1842456,997424,1266756,387256,6036476,0,27,0,5,126,7482320,124,7139901,305,0,0,0,0,0,0,0
1786371067883,1842456,997424,1266756,387260,6036476,0,27,0,5,126,7482320,124,7139901,305,0,0,0,0,0,0,0
1786371068142,1842456,997424,1266756,387260,6036476,0,27,0,5,103,7482320,101,7139901,305,0,0,0,0,0,0,0
1786371068393,1842456,1003248,1272584,387260,6036476,0,27,0,5,103,7482320,101,7139901,305,0,0,0,0,0,0,0
1786371068654,1842456,1004484,1273836,387268,6036476,0,27,0,5,103,7507623,101,7164727,305,0,0,0,0,0,0,0
1786371068912,1842456,1004484,1273836,387272,6036476,0,27,0,5,103,7507623,101,7164727,305,0,0,0,0,0,0,0
1786371069172,1842456,1004484,1273836,387272,6036476,0,27,0,5,103,7507623,101,7164727,305,0,0,0,0,0,0,0
1786371069429,1842456,1008928,1278280,387272,6036476,0,27,0,5,103,7507623,101,7164727,305,0,0,0,0,0,0,0
1786371069681,1842456,960376,1273120,430636,6036476,0,27,0,5,103,7539275,101,7194898,305,0,0,0,0,0,0,0
1786371069932,1842456,933196,1246356,431056,6036476,0,27,0,5,157,7567055,137,7217991,305,0,0,0,0,0,0,0
1786371070182,1842456,990304,1259956,387556,6036476,0,27,0,5,157,7586144,137,7236630,305,0,0,0,0,0,0,0
1786371070436,1842456,990304,1259956,387556,6036476,0,27,0,5,157,7586144,137,7236630,305,0,0,0,0,0,0,0
1786371070689,1842456,990304,1259956,387556,6036476,0,27,0,5,157,7586144,137,7236630,305,0,0,0,0,0,0,0
1786371070940,1842456,990304,1259956,387556,6036476,0,27,0,5,157,7586144,137,7236630,305,0,0,0,0,0,0,0
1786371071201,1842456,989800,1259456,387564,6036476,0,27,0,5,157,7607959,137,7257799,305,0,0,0,0,0,0,0
1786371071454,1842456,989800,1259456,387572,6036476,0,27,0,5,157,7607959,137,7257799,305,0,0,0,0,0,0,0
1786371071713,1842456,989800,1259456,387572,6036476,0,27,0,5,157,7607959,137,7257799,305,0,0,0,0,0,0,0
1786371071965,1842456,989800,1259456,387572,6036476,0,27,0,5,146,7607959,130,7257799,305,0,0,0,0,0,0,0
1786371072220,1842456,989800,1259456,387572,6036476,0,27,0,5,146,7607959,130,7257799,305,0,0,0,0,0,0,0
1786371072482,1842456,989800,1259472,387588,6036476,0,27,0,5,146,7622184,130,7272023,305,0,0,0,0,0,0,0
1786371072738,1842456,989800,1259460,387588,6036476,0,27,0,5,146,7622184,130,7272023,305,0,0,0,0,0,0,0
1786371072992,1842456,989800,1259460,387588,6036476,0,27,0,5,146,7622184,130,7272023,305,0,0,0,0,0,0,0
1786371073247,1842456,989800,1259460,387588,6036476,0,27,0,5,146,7622184,130,7272023,305,0,0,0,0,0,0,0
1786371073499,1842456,989652,1259312,387588,6036476,0,27,0,5,146,7641587,130,7291289,305,0,0,0,0,0,0,0
1786371073759,1842456,989396,1259072,387604,6036476,0,27,0,5,146,7663403,130,7311077,305,0,0,0,0,0,0,0
1786371074015,1842456,989396,1259072,387604,6036476,0,27,0,5,156,7663403,143,7311077,305,0,0,0,0,0,0,0
1786371074277,1842456,989396,1259072,387604,6036476,0,27,0,5,156,7663403,143,7311077,305,0,0,0,0,0,0,0
1786371074529,1842456,989396,1259072,387604,6036476,0,27,0,5,156,7663403,143,7311077,305,0,0,0,0,0,0,0
1786371074781,1842456,989396,1259076,387604,6036476,0,27,0,5,156,7663403,143,7311077,305,0,0,0,0,0,0,0
1786371075039,1842456,989396,1259108,387624,6036476,0,27,0,5,156,7679417,143,7327091,305,0,0,0,0,0,0,0
1786371075291,1842456,989396,1259108,387624,6036476,0,27,0,5,156,7679417,143,7327091,305,0,0,0,0,0,0,0
1786371075544,1842456,989396,1259108,387624,6036476,0,27,0,5,156,7679417,143,7327091,305,0,0,0,0,0,0,0
1786371075797,1842456,989396,1259108,387624,6036476,0,27,0,5,156,7679417,143,7327091,305,0,0,0,0,0,0,0
1786371076048,1842456,989396,1259108,387624,6036476,0,27,0,5,128,7679417,117,7327091,305,0,0,0,0,0,0,0
1786371076300,1842456,989396,1259116,387636,6036476,0,27,0,5,128,7696014,117,7342875,305,0,0,0,0,0,0,0
1786371076557,1842456,989396,1259116,387636,6036476,0,27,0,5,128,7696014,117,7342875,305,0,0,0,0,0,0,0
1786371076812,1842456,989396,1259116,387636,6036476,0,27,0,5,128,7696014,117,7342875,305,0,0,0,0,0,0,0
1786371077069,1842456,989396,1259116,387636,6036476,0,27,0,5,128,7696014,117,7342875,305,0,0,0,0,0,0,0
1786371077321,1842456,993604,1263324,387636,6036476,0,27,0,5,128,7696014,117,7342875,305,0,0,0,0,0,0,0
1786371077582,1842456,996928,1266664,387656,6036476,0,27,0,5,128,7714671,117,7361514,305,0,0,0,0,0,0,0
1786371077835,1842456,996928,1266664,387656,6036476,0,27,0,5,128,7714671,117,7361514,305,0,0,0,0,0,0,0
1786371078088,1842456,996928,1266664,387660,6036476,0,27,0,5,123,7714671,113,7361514,305,0,0,0,0,0,0,0
1786371078347,1842456,1001016,1270752,387660,6036476,0,27,0,5,123,7714671,113,7361514,305,0,0,0,0,0,0,0
1786371078598,1842456,999756,1269504,387656,6036476,0,27,0,5,123,7714671,113,7361514,305,0,0,0,0,0,0,0
1786371078851,1842456,1000452,1270200,387664,6036476,0,27,0,5,123,7733894,113,7380195,305,0,0,0,0,0,0,0
1786371079103,1842456,1000452,1270204,387668,6036476,0,27,0,5,123,7733894,113,7380195,305,0,0,0,0,0,0,0
1786371079362,1842456,1000452,1270204,387668,6036476,0,27,0,5,123,7733894,113,7380195,305,0,0,0,0,0,0,0
1786371079620,1842456,1003992,1273744,387668,6036476,0,27,0,5,123,7733894,113,7380195,305,0,0,0,0,0,0,0
1786371079872,1842456,1003992,1273748,387668,6036476,0,27,0,5,123,7733894,113,7380195,305,0,0,0,0,0,0,0
1786371080123,1842456,1005484,1275244,387676,6036476,0,27,0,5,118,7752519,111,7398811,305,0,0,0,0,0,0,0
1786371080378,1842456,1006968,1276736,387688,6036476,0,27,0,5,118,7752519,111,7398811,305,0,0,0,0,0,0,0
1786371080631,1842456,958080,1263404,423336,6036476,0,27,0,5,118,7771179,111,7416203,305,0,0,0,0,0,0,0
1786371080881,1842456,921672,1235236,431444,6036476,0,27,0,5,118,7804525,111,7448992,305,0,0,0,0,0,0,0
1786371081132,1842456,959380,1229480,387980,6036476,0,27,0,5,118,7820403,111,7462495,305,0,0,0,0,0,0,0
1786371081386,1842456,961264,1231340,387960,6036476,0,27,0,5,118,7846104,111,7486231,305,0,0,0,0,0,0,0
1786371081640,1842456,961264,1231340,387972,6036476,0,27,0,5,118,7846441,111,7486568,305,0,0,0,0,0,0,0
1786371081896,1842456,961264,1231340,387972,6036476,0,27,0,5,118,7846441,111,7486568,305,0,0,0,0,0,0,0
1786371082148,1842456,961264,1231340,387972,6036476,0,27,0,5,169,7846441,163,7486568,305,0,0,0,0,0,0,0
1786371082399,1842456,965424,1235520,387972,6036476,0,27,0,5,169,7846441,163,7486568,305,0,0,0,0,0,0,0
1786371082651,1842456,965424,1235520,387980,6036476,0,27,0,5,169,7868379,163,7508298,305,0,0,0,0,0,0,0
1786371082912,1842456,965424,1235520,387988,6036476,0,27,0,5,169,7868379,163,7508298,305,0,0,0,0,0,0,0
1786371083167,1842456,965424,1235520,387988,6036476,0,27,0,5,169,7868379,163,7508298,305,0,0,0,0,0,0,0
1786371083420,1842456,968492,1238588,387988,6036476,0,27,0,5,169,7868379,163,7508298,305,0,0,0,0,0,0,0
1786371083672,1842456,969584,1239676,387988,6036476,0,27,0,5,169,7870108,163,7509361,305,0,0,0,0,0,0,0
1786371083923,1842456,968324,1238432,388000,6036476,0,27,0,5,175,7886251,152,7525246,305,0,0,0,0,0,0,0
1786371084184,1842456,968324,1238436,388004,6036476,0,27,0,5,175,7886251,152,7525246,305,0,0,0,0,0,0,0
1786371084436,1842456,971148,1241260,388004,6036476,0,27,0,5,175,7886251,152,7525246,305,0,0,0,0,0,0,0
1786371084692,1842456,971148,1241260,388004,6036476,0,27,0,5,175,7886251,152,7525246,305,0,0,0,0,0,0,0
1786371084943,1842456,971400,1241520,388008,6036476,0,27,0,5,175,7886251,152,7525246,305,0,0,0,0,0,0,0
1786371085204,1842456,972716,1242840,388016,6036476,0,27,0,5,175,7901740,152,7540727,305,0,0,0,0,0,0,0
1786371085457,1842456,974236,1244360,388020,6036476,0,27,0,5,175,7901740,152,7540727,305,0,0,0,0,0,0,0
1786371085713,1842456,974236,1244360,388020,6036476,0,27,0,5,175,7901740,152,7540727,305,0,0,0,0,0,0,0
1786371085971,1842456,974236,1244360,388020,6036476,0,27,0,5,143,7901740,124,7540727,305,0,0,0,0,0,0,0
1786371086222,1842456,978884,1249040,388036,6036476,0,27,0,5,143,7903963,124,7542864,305,0,0,0,0,0,0,0
1786371086474,1842456,978884,1249016,388036,6036476,0,27,0,5,143,7919512,124,7557933,305,0,0,0,0,0,0,0
1786371086728,1842456,978884,1249016,388036,6036476,0,27,0,5,143,7919512,124,7557933,305,0,0,0,0,0,0,0
1786371086985,1842456,978884,1249016,388036,6036476,0,27,0,5,143,7919512,124,7557933,305,0,0,0,0,0,0,0
1786371087237,1842456,981576,1251708,388036,6036476,0,27,0,5,143,7919512,124,7557933,305,0,0,0,0,0,0,0
1786371087489,1842456,981724,1251860,388036,6036476,0,27,0,5,143,7919512,124,7557933,305,0,0,0,0,0,0,0
