[2026-08-20T16:50:34Z INFO  limina] suspend armed by default: snapshot path /Users/dev/Projects/limina/rig-b4.raw.limina-suspend.bin
time="2026-08-20T13:50:34-03:00" level=warning msg="bad log level \"\", falling back to \"info\""
time="2026-08-20T13:50:34-03:00" level=info msg="gvproxy version v0.8.8"
time="2026-08-20T13:50:34-03:00" level=info msg="waiting for clients..."
[2026-08-20T16:50:34Z INFO  limina::gateway] death-pact watcher up (pid 20855) tying gvproxy 20854 to this supervisor
[2026-08-20T16:50:34Z INFO  limina::gateway] gvproxy gateway up (pid 20854, socket "/var/folders/q3/m3ybcb591kldf06qbp4q4fj80000gn/T/limina-gvproxy-20853.sock", ssh-port 2222)
guest SSH forward ready: ssh -p 2222 <user>@127.0.0.1
[2026-08-20T16:50:34Z INFO  limina::supervisor] VM worker started (pid 20856); Ctrl-C to power off
[2026-08-20T16:50:34Z INFO  limina::window::capture_tap] pointer capture: CGEventTap installed (session-level, consuming)
[GRABSTATE] t=0.0 captured=false key=false on_active_space=true has_screen=true app_active=false
[MENUBAR] t=0.2 visible=true top_gaps=[30, 33]
[2026-08-20T16:50:35.199259Z INFO  limina_vmm::krun] virtio-gpu virgl_flags = 0x35b, software_2d = false (coexist = true)
[2026-08-20T16:50:35.199511Z INFO  limina_vmm::krun] virtio-gpu displays: 4 scanout(s), slot 0 connected at 2560x1440
[2026-08-20T16:50:35.199563Z INFO  limina_vmm::krun] virtio-input: keyboard fd=8, pointer fd=10, rel-pointer fd=12
[2026-08-20T16:50:35.200148Z INFO  limina_vmm::krun] battery: mirroring the host battery into the guest
[2026-08-20T16:50:35.200201Z INFO  limina_vmm::krun::console] spice: exposed the guest agent port com.redhat.spice.0
[2026-08-20T16:50:35.200810Z INFO  limina_vmm::krun] USB: cold-plugging the FIDO authenticator gadget ("/var/folders/q3/m3ybcb591kldf06qbp4q4fj80000gn/T/limina-fido-usb-20853.sock")
[2026-08-20T16:50:35.201013Z INFO  limina_vmm::krun] USB: cold-plugging the fingerprint reader gadget ("/var/folders/q3/m3ybcb591kldf06qbp4q4fj80000gn/T/limina-moc-usb-20853.sock")
[2026-08-20T16:50:35.201157Z INFO  limina_vmm::krun] building microVM: 6 vcpu(s), 8192 MiB, 1 disk(s), 0 share(s), display=true, boot=EFI firmware
[2026-08-20T16:50:35.206404Z INFO  limina_vmm::krun] display-resize: listening on "/var/folders/q3/m3ybcb591kldf06qbp4q4fj80000gn/T/limina-resize-20853.sock"
[2026-08-20T16:50:35.206526Z INFO  limina_vmm::krun] microVM running; entering event loop (SIGTERM/SIGINT → guest power-off)
[2026-08-20T16:50:35.206810Z INFO  limina_vmm::power] host sleep: registered (guest will s2idle around host sleep)
[2026-08-20T16:50:35Z INFO  limina::moc::usb] moc: connected to the worker gadget at "/var/folders/q3/m3ybcb591kldf06qbp4q4fj80000gn/T/limina-moc-usb-20853.sock"
[2026-08-20T16:50:35.223879Z INFO  limina_vmm::fido_usb] fido-usb: supervisor connected
[2026-08-20T16:50:35Z INFO  limina::fido::usb] fido-usb: connected to the worker gadget at "/var/folders/q3/m3ybcb591kldf06qbp4q4fj80000gn/T/limina-fido-usb-20853.sock"
[2026-08-20T16:50:35.223910Z INFO  limina_vmm::moc_usb] moc-usb: supervisor connected
Mesa: error: GL_INVALID_ENUM in glTexImage2D(incompatible format = GL_BGRA, type = GL_UNSIGNED_INT_8_8_8_8)
Mesa: error: GL_INVALID_ENUM in glTexImage2D(incompatible format = GL_BGRA, type = GL_UNSIGNED_INT_8_8_8_8)
Mesa: error: GL_INVALID_ENUM in glTexImage2D(incompatible format = GL_ABGR_EXT, type = GL_UNSIGNED_BYTE)
Mesa: error: GL_INVALID_OPERATION in glTexImage2D(format = GL_BGRA, type = GL_UNSIGNED_SHORT_4_4_4_4_REV, internalformat = GL_RGBA4)
Mesa: error: GL_INVALID_OPERATION in glTexImage2D(format = GL_BGRA, type = GL_UNSIGNED_SHORT_1_5_5_5_REV, internalformat = GL_RGB5_A1)
Mesa: error: GL_INVALID_ENUM in glTexImage2D(incompatible format = GL_RGB, type = GL_UNSIGNED_BYTE_3_3_2)
Mesa: error: GL_INVALID_VALUE in glTexImage2D(format = GL_ALPHA, type = GL_UNSIGNED_SHORT, internalformat = GL_ALPHA16)
Mesa: error: GL_INVALID_ENUM in glTexImage2D(incompatible format = GL_ALPHA_INTEGER, type = GL_UNSIGNED_BYTE)
Mesa: error: GL_INVALID_ENUM in glTexImage2D(incompatible format = GL_LUMINANCE_INTEGER_EXT, type = GL_UNSIGNED_BYTE)
Mesa: error: GL_INVALID_ENUM in glTexImage2D(incompatible format = GL_LUMINANCE_ALPHA_INTEGER_EXT, type = GL_UNSIGNED_BYTE)
Mesa: error: GL_INVALID_ENUM in glTexImage2D(incompatible format = GL_ALPHA_INTEGER, type = GL_BYTE)
Mesa: error: GL_INVALID_ENUM in glTexImage2D(incompatible format = GL_LUMINANCE_INTEGER_EXT, type = GL_BYTE)
Mesa: error: GL_INVALID_ENUM in glTexImage2D(incompatible format = GL_LUMINANCE_ALPHA_INTEGER_EXT, type = GL_BYTE)
Mesa: error: GL_INVALID_ENUM in glTexImage2D(incompatible format = GL_ALPHA_INTEGER, type = GL_UNSIGNED_SHORT)
Mesa: error: GL_INVALID_ENUM in glTexImage2D(incompatible format = GL_LUMINANCE_INTEGER_EXT, type = GL_UNSIGNED_SHORT)
Mesa: error: GL_INVALID_ENUM in glTexImage2D(incompatible format = GL_LUMINANCE_ALPHA_INTEGER_EXT, type = GL_UNSIGNED_SHORT)
Mesa: error: GL_INVALID_ENUM in glTexImage2D(incompatible format = GL_ALPHA_INTEGER, type = GL_SHORT)
Mesa: error: GL_INVALID_ENUM in glTexImage2D(incompatible format = GL_LUMINANCE_INTEGER_EXT, type = GL_SHORT)
Mesa: error: GL_INVALID_ENUM in glTexImage2D(incompatible format = GL_LUMINANCE_ALPHA_INTEGER_EXT, type = GL_SHORT)
Mesa: error: GL_INVALID_ENUM in glTexImage2D(incompatible format = GL_ALPHA_INTEGER, type = GL_UNSIGNED_INT)
Mesa: error: GL_INVALID_ENUM in glTexImage2D(incompatible format = GL_LUMINANCE_INTEGER_EXT, type = GL_UNSIGNED_INT)
Mesa: error: GL_INVALID_ENUM in glTexImage2D(incompatible format = GL_LUMINANCE_ALPHA_INTEGER_EXT, type = GL_UNSIGNED_INT)
Mesa: error: GL_INVALID_ENUM in glTexImage2D(incompatible format = GL_ALPHA_INTEGER, type = GL_INT)
Mesa: error: GL_INVALID_ENUM in glTexImage2D(incompatible format = GL_LUMINANCE_INTEGER_EXT, type = GL_INT)
Mesa: error: GL_INVALID_ENUM in glTexImage2D(incompatible format = GL_LUMINANCE_ALPHA_INTEGER_EXT, type = GL_INT)
Mesa: error: GL_INVALID_VALUE in glTexImage2D(format = GL_ALPHA, type = GL_HALF_FLOAT, internalformat = GL_ALPHA16F_ARB)
Mesa: error: GL_INVALID_VALUE in glTexImage2D(format = GL_LUMINANCE, type = GL_HALF_FLOAT, internalformat = GL_LUMINANCE16F_ARB)
Mesa: error: GL_INVALID_VALUE in glTexImage2D(format = GL_LUMINANCE_ALPHA, type = GL_HALF_FLOAT, internalformat = GL_LUMINANCE_ALPHA16F_ARB)
Mesa: error: GL_INVALID_VALUE in glTexImage2D(format = GL_ALPHA, type = GL_FLOAT, internalformat = GL_ALPHA32F_ARB)
Mesa: error: GL_INVALID_VALUE in glTexImage2D(format = GL_LUMINANCE, type = GL_FLOAT, internalformat = GL_LUMINANCE32F_ARB)
Mesa: error: GL_INVALID_VALUE in glTexImage2D(format = GL_LUMINANCE_ALPHA, type = GL_FLOAT, internalformat = GL_LUMINANCE_ALPHA32F_ARB)
Mesa: error: GL_INVALID_VALUE in glTexImage2D(format = GL_ALPHA, type = GL_BYTE, internalformat = GL_ALPHA8_SNORM)
Mesa: error: GL_INVALID_VALUE in glTexImage2D(format = GL_LUMINANCE_ALPHA, type = GL_BYTE, internalformat = GL_LUMINANCE8_ALPHA8_SNORM)
Mesa: error: GL_INVALID_VALUE in glTexImage2D(format = GL_ALPHA, type = GL_SHORT, internalformat = GL_ALPHA16_SNORM)
Mesa: error: GL_INVALID_VALUE in glTexImage2D(format = GL_LUMINANCE_ALPHA, type = GL_SHORT, internalformat = GL_LUMINANCE16_ALPHA16_SNORM)
Mesa: error: GL_INVALID_ENUM in glTexImage2D(incompatible format = GL_BGRA_INTEGER, type = GL_UNSIGNED_INT_2_10_10_10_REV)
Mesa: error: GL_INVALID_ENUM in glTexStorage2DMultisample(internalformat=GL_ALPHA8)
Mesa: error: GL_INVALID_ENUM in glTexStorage2DMultisample(internalformat=GL_RGB32F)
Mesa: error: GL_INVALID_ENUM in glTexStorage2DMultisample(internalformat=GL_SR8_EXT)
Mesa: error: GL_INVALID_ENUM in glTexStorage2DMultisample(internalformat=GL_COMPRESSED_RGB_S3TC_DXT1_EXT)
Mesa: error: GL_INVALID_ENUM in glTexStorage2DMultisample(internalformat=GL_COMPRESSED_RGBA_S3TC_DXT1_EXT)
Mesa: error: GL_INVALID_ENUM in glTexStorage2DMultisample(internalformat=GL_COMPRESSED_RGBA_S3TC_DXT3_EXT)
Mesa: error: GL_INVALID_ENUM in glTexStorage2DMultisample(internalformat=GL_COMPRESSED_RGBA_S3TC_DXT5_EXT)
Mesa: error: GL_INVALID_ENUM in glTexStorage2DMultisample(internalformat=GL_COMPRESSED_SRGB_S3TC_DXT1_EXT)
Mesa: error: GL_INVALID_ENUM in glTexStorage2DMultisample(internalformat=GL_COMPRESSED_SRGB_ALPHA_S3TC_DXT1_EXT)
Mesa: error: GL_INVALID_ENUM in glTexStorage2DMultisample(internalformat=GL_COMPRESSED_SRGB_ALPHA_S3TC_DXT3_EXT)
Mesa: error: GL_INVALID_ENUM in glTexStorage2DMultisample(internalformat=GL_COMPRESSED_SRGB_ALPHA_S3TC_DXT5_EXT)
Mesa: error: GL_INVALID_ENUM in glTexStorage2DMultisample(internalformat=GL_COMPRESSED_RED_RGTC1)
Mesa: error: GL_INVALID_ENUM in glTexStorage2DMultisample(internalformat=GL_COMPRESSED_SIGNED_RED_RGTC1)
Mesa: error: GL_INVALID_ENUM in glTexStorage2DMultisample(internalformat=GL_COMPRESSED_RG_RGTC2)
Mesa: error: GL_INVALID_ENUM in glTexStorage2DMultisample(internalformat=GL_COMPRESSED_SIGNED_RG_RGTC2)
Mesa: error: GL_INVALID_ENUM in glTexStorage2DMultisample(internalformat=GL_RGB9_E5)
Mesa: error: GL_INVALID_ENUM in glTexStorage2DMultisample(internalformat=GL_RGB32UI)
Mesa: error: GL_INVALID_ENUM in glTexStorage2DMultisample(internalformat=GL_RGB32I)
Mesa: error: GL_INVALID_ENUM in glTexStorage2DMultisample(internalformat=GL_COMPRESSED_RGBA_BPTC_UNORM)
Mesa: error: GL_INVALID_ENUM in glTexStorage2DMultisample(internalformat=GL_COMPRESSED_SRGB_ALPHA_BPTC_UNORM)
Mesa: error: GL_INVALID_ENUM in glTexStorage2DMultisample(internalformat=GL_COMPRESSED_RGB_BPTC_SIGNED_FLOAT)
Mesa: error: GL_INVALID_ENUM in glTexStorage2DMultisample(internalformat=GL_COMPRESSED_RGB_BPTC_UNSIGNED_FLOAT)
Mesa: error: GL_INVALID_ENUM in glTexStorage2DMultisample(internalformat=GL_COMPRESSED_RGB8_ETC2)
Mesa: error: GL_INVALID_ENUM in glTexStorage2DMultisample(internalformat=GL_COMPRESSED_SRGB8_ETC2)
Mesa: error: GL_INVALID_ENUM in glTexStorage2DMultisample(internalformat=GL_COMPRESSED_RGB8_PUNCHTHROUGH_ALPHA1_ETC2)
Mesa: error: GL_INVALID_ENUM in glTexStorage2DMultisample(internalformat=GL_COMPRESSED_SRGB8_PUNCHTHROUGH_ALPHA1_ETC2)
Mesa: error: GL_INVALID_ENUM in glTexStorage2DMultisample(internalformat=GL_COMPRESSED_RGBA8_ETC2_EAC)
Mesa: error: GL_INVALID_ENUM in glTexStorage2DMultisample(internalformat=GL_COMPRESSED_SRGB8_ALPHA8_ETC2_EAC)
Mesa: error: GL_INVALID_ENUM in glTexStorage2DMultisample(internalformat=GL_COMPRESSED_R11_EAC)
Mesa: error: GL_INVALID_ENUM in glTexStorage2DMultisample(internalformat=GL_COMPRESSED_SIGNED_R11_EAC)
Mesa: error: GL_INVALID_ENUM in glTexStorage2DMultisample(internalformat=GL_COMPRESSED_RG11_EAC)
Mesa: error: GL_INVALID_ENUM in glTexStorage2DMultisample(internalformat=GL_COMPRESSED_SIGNED_RG11_EAC)
Mesa: error: GL_INVALID_ENUM in glTexStorage2DMultisample(internalformat=GL_COMPRESSED_SRGB8_ALPHA8_ASTC_4x4)
Mesa: error: GL_INVALID_ENUM in glTexStorage2DMultisample(internalformat=GL_COMPRESSED_SRGB8_ALPHA8_ASTC_5x4)
Mesa: error: GL_INVALID_ENUM in glTexStorage2DMultisample(internalformat=GL_COMPRESSED_SRGB8_ALPHA8_ASTC_5x5)
Mesa: error: GL_INVALID_ENUM in glTexStorage2DMultisample(internalformat=GL_COMPRESSED_SRGB8_ALPHA8_ASTC_6x5)
Mesa: error: GL_INVALID_ENUM in glTexStorage2DMultisample(internalformat=GL_COMPRESSED_SRGB8_ALPHA8_ASTC_6x6)
Mesa: error: GL_INVALID_ENUM in glTexStorage2DMultisample(internalformat=GL_COMPRESSED_SRGB8_ALPHA8_ASTC_8x5)
Mesa: error: GL_INVALID_ENUM in glTexStorage2DMultisample(internalformat=GL_COMPRESSED_SRGB8_ALPHA8_ASTC_8x6)
Mesa: error: GL_INVALID_ENUM in glTexStorage2DMultisample(internalformat=GL_COMPRESSED_SRGB8_ALPHA8_ASTC_8x8)
Mesa: error: GL_INVALID_ENUM in glTexStorage2DMultisample(internalformat=GL_COMPRESSED_SRGB8_ALPHA8_ASTC_10x5)
Mesa: error: GL_INVALID_ENUM in glTexStorage2DMultisample(internalformat=GL_COMPRESSED_SRGB8_ALPHA8_ASTC_10x6)
Mesa: error: GL_INVALID_ENUM in glTexStorage2DMultisample(internalformat=GL_COMPRESSED_SRGB8_ALPHA8_ASTC_10x8)
Mesa: error: GL_INVALID_ENUM in glTexStorage2DMultisample(internalformat=GL_COMPRESSED_SRGB8_ALPHA8_ASTC_10x10)
Mesa: error: GL_INVALID_ENUM in glTexStorage2DMultisample(internalformat=GL_COMPRESSED_SRGB8_ALPHA8_ASTC_12x10)
Mesa: error: GL_INVALID_ENUM in glTexStorage2DMultisample(internalformat=GL_COMPRESSED_SRGB8_ALPHA8_ASTC_12x12)
Mesa: error: GL_INVALID_ENUM in glTexStorage2DMultisample(internalformat=GL_SR8_EXT)
Mesa: error: GL_INVALID_ENUM in glTexStorage2DMultisample(internalformat=GL_SRG8_EXT)
[2026-08-20T16:50:35.490537Z INFO  limina_display::iosurface] window: scanout surfaces scoped via Mach port (name eti.noronha.limina.20853)
[2026-08-20T16:50:35.491738Z INFO  limina_display::iosurface] window: scanout 0 -> IOSurfaces [814, 815, 831] (640x480 BGRX)
[2026-08-20T16:50:35Z DEBUG limina::window::present] surface store: published surface 814 (1 held)
[2026-08-20T16:50:35Z DEBUG limina::window::present] surface store: published surface 815 (2 held)
[2026-08-20T16:50:35Z DEBUG limina::window::present] surface store: published surface 831 (3 held)
[2026-08-20T16:50:35Z INFO  limina::window::present] window: <- surface 814 815 640 480 0
[2026-08-20T16:50:35Z DEBUG limina::window] display: guest desktop is now (640, 480)
[2026-08-20T16:50:35Z DEBUG limina::window::present] surface store: published surface 814 (1 held)
[2026-08-20T16:50:35.493531Z INFO  limina_display::iosurface] window: scanout 0 -> IOSurfaces [839, 842, 850] (1280x800 BGRX)
[2026-08-20T16:50:35Z INFO  limina::window::present] window: <- surface 839 842 1280 800 0
[2026-08-20T16:50:35Z DEBUG limina::window::present] surface store: published surface 839 (4 held)
[2026-08-20T16:50:35Z DEBUG limina::window::present] surface store: published surface 842 (5 held)
[2026-08-20T16:50:35Z DEBUG limina::window::present] surface store: published surface 850 (6 held)
[2026-08-20T16:50:35Z DEBUG limina::window] display: guest desktop is now (1280, 800)
[2026-08-20T16:50:35Z INFO  limina::window] display-control: pushed "display id=0 connected=0" to the guest
[2026-08-20T16:50:35Z DEBUG limina::window::present] surface store: published surface 839 (1 held)
[2026-08-20T16:50:35.494023Z INFO  limina_vmm::krun] display-control: DisplayControl { display_id: 0, size: None, position: None, connected: Some(false), edid: None }
[2026-08-20T16:50:35Z DEBUG limina::window::present] surface store: published surface 842 (2 held)
[2026-08-20T16:50:35Z INFO  limina::window] window: off-glass ack gating ENGAGED (first gated ack waited 633.667µs, fence cap 20ms)
[2026-08-20T16:50:35Z DEBUG limina::window::present] surface store: published surface 850 (3 held)
[2026-08-20T16:50:35Z INFO  limina::window] display-control: pushed "display id=0 size=2560x1440 connected=1 refresh=60 dpi=123 vendor=LMN product=32795 serial=1816328933 name=BenQ%20LCD" to the guest
[2026-08-20T16:50:35.557731Z INFO  limina_vmm::krun] display-control: DisplayControl { display_id: 0, size: Some((2560, 1440)), position: None, connected: Some(true), edid: Some(EdidSpec { refresh_hz: 60, dpi: 123, vendor: [76, 77, 78], product_id: 32795, serial: 1816328933, name: "BenQ LCD", serial_string: None, range: None, modes: [], alt_mode: None }) }
2026/08/20 13:50:38 tcpproxy: for incoming conn 127.0.0.1:54886, error dialing "192.168.127.2:22": connect tcp 192.168.127.2:22: no route to host
2026/08/20 13:50:42 tcpproxy: for incoming conn 127.0.0.1:54895, error dialing "192.168.127.2:22": connect tcp 192.168.127.2:22: no route to host
[2026-08-20T16:50:43Z INFO  limina::window::present] window: <- guestdriver
[2026-08-20T16:50:43Z INFO  limina::window] display: the guest's own driver has the GPU; the scanout pool is ours to arrange
[2026-08-20T16:50:43Z DEBUG limina::window] display: guest desktop is now (0, 0)
[2026-08-20T16:50:43.606343Z INFO  limina_display::iosurface] window: scanout 0 -> IOSurfaces [851, 854, 857] (2560x1440 BGRX)
[2026-08-20T16:50:43Z DEBUG limina::window::present] surface store: published surface 851 (7 held)
[2026-08-20T16:50:43Z INFO  limina::window::present] window: <- surface 851 854 2560 1440 0
[2026-08-20T16:50:43Z DEBUG limina::window::present] surface store: published surface 854 (8 held)
[2026-08-20T16:50:43Z DEBUG limina::window::present] surface store: published surface 857 (9 held)
[2026-08-20T16:50:43Z DEBUG limina::window] display: guest desktop is now (2560, 1440)
[2026-08-20T16:50:43Z DEBUG limina::window::present] surface store: published surface 851 (1 held)
[2026-08-20T16:50:43Z DEBUG limina::window::present] surface store: published surface 854 (2 held)
[2026-08-20T16:50:44Z DEBUG limina::window::present] surface store: published surface 857 (3 held)
[2026-08-20T16:50:45Z DEBUG limina::moc::usb] moc: guest cancelled ep 0x81
[2026-08-20T16:50:45Z DEBUG limina::moc::usb] moc: guest cancelled ep 0x1
[2026-08-20T16:50:45Z DEBUG limina::moc::usb] moc: guest cancelled ep 0x82
[2026-08-20T16:50:45Z DEBUG limina::moc::usb] moc: guest cancelled ep 0x2
[2026-08-20T16:50:45Z DEBUG limina::moc::usb] moc: guest cancelled ep 0x83
[2026-08-20T16:50:45Z DEBUG limina::moc::usb] moc: guest cancelled ep 0x3
[2026-08-20T16:50:45Z DEBUG limina::moc::usb] moc: guest cancelled ep 0x84
[2026-08-20T16:50:45Z DEBUG limina::moc::usb] moc: guest cancelled ep 0x4
2026/08/20 13:50:46 tcpproxy: for incoming conn 127.0.0.1:54899, error dialing "192.168.127.2:22": connect tcp 192.168.127.2:22: no route to host
[2026-08-20T16:50:49Z INFO  limina::control] control: guest agent connected: limina-agent/0.4.0 caps=["heartbeat", "shutdown", "mempressure", "timesync", "fido"] pagesize=16384
[2026-08-20T16:50:49Z DEBUG limina::moc::usb] moc: guest cancelled ep 0x84
[2026-08-20T16:50:49Z DEBUG limina::moc::usb] moc: guest cancelled ep 0x4
[2026-08-20T16:50:49Z DEBUG limina::moc::usb] moc: guest cancelled ep 0x83
[2026-08-20T16:50:49Z DEBUG limina::moc::usb] moc: guest cancelled ep 0x3
[2026-08-20T16:50:49Z DEBUG limina::moc::usb] moc: guest cancelled ep 0x82
[2026-08-20T16:50:49Z DEBUG limina::moc::usb] moc: guest cancelled ep 0x2
[2026-08-20T16:50:49Z DEBUG limina::moc::usb] moc: guest cancelled ep 0x81
[2026-08-20T16:50:49Z DEBUG limina::moc::usb] moc: guest cancelled ep 0x1
[LIMINA-SENTINEL] vkr sentinel-1 armed; IOSurface dealloc sentinel self-test: OK
[2026-08-20T16:50:50Z DEBUG limina::window::present] surface store: published surface 806 (10 held)
[LIMINA-SENTINEL] kk kk-sentinel-1 armed; dealloc sentinel self-test: OK
[LIMINA-KK-IMPORT] adopted MTLTexture 0xbc187c500 (srgb_view=0) for image plane: 2560x1440 type=2 fmt=80 usage=0x17 (image usage=0x17 linear=0 optimized=0)
[2026-08-20T16:50:51Z INFO  limina::control] control: guest agent connected: limina-agent-session/0.1.0 caps=[] pagesize=16384
MESA: warning: zink: PERF WARNING! > 100 copy boxes detected for 0xbc19d7300
[2026-08-20T16:50:51Z DEBUG limina::window::present] surface store: published surface 806 (4 held)
[2026-08-20T16:50:51Z DEBUG limina::window::present] surface store: published surface 858 (11 held)
[LIMINA-KK-IMPORT] adopted MTLTexture 0xbc1a58000 (srgb_view=0) for image plane: 2560x1440 type=2 fmt=80 usage=0x17 (image usage=0x17 linear=0 optimized=0)
[2026-08-20T16:50:51Z DEBUG limina::window::present] surface store: published surface 865 (12 held)
[CURSOR] t=16892.6 slot=0 shape id=865 64x64 hot=(4,1) pos=(0,0)
[CURSOR] t=16892.7 slot=0 move (2300,1294) visible=true
[2026-08-20T16:50:51Z DEBUG limina::window::present] surface store: published surface 858 (5 held)
[2026-08-20T16:50:51Z DEBUG limina::window::present] surface store: published surface 866 (13 held)
[LIMINA-KK-IMPORT] adopted MTLTexture 0xbc1b32d00 (srgb_view=0) for image plane: 1x1 type=2 fmt=80 usage=0x17 (image usage=0x17 linear=0 optimized=0)
[2026-08-20T16:50:51Z DEBUG limina::window::present] surface store: published surface 876 (14 held)
[LIMINA-KK-IMPORT] adopted MTLTexture 0xbc1b33480 (srgb_view=0) for image plane: 48x48 type=2 fmt=80 usage=0x17 (image usage=0x17 linear=0 optimized=0)
[2026-08-20T16:50:51Z DEBUG limina::window::present] surface store: published surface 880 (15 held)
[LIMINA-KK-IMPORT] adopted MTLTexture 0xbc1a61180 (srgb_view=0) for image plane: 2560x1440 type=2 fmt=80 usage=0x17 (image usage=0x17 linear=0 optimized=0)
[2026-08-20T16:50:51Z DEBUG limina::window::present] surface store: published surface 880 (6 held)
[2026-08-20T16:50:52Z INFO  limina::window::desktop] display: the guest reports its monitors as [("Virtual-1", SlotRect { x: 0, y: 0, w: 2048, h: 1152 })]
[2026-08-20T16:50:52Z DEBUG limina::window] display: guest desktop is now (2048, 1152)
[EDGE] t=576101.8 cur=(-107.0,-45.6) d=(0.0,-1.0) fit=(0.1,-0.0 1809.8x1018.0) deep=false inside_for=None latched=false
[EDGE] t=576109.7 cur=(-107.4,-43.2) d=(0.0,-2.0) fit=(0.1,-0.0 1809.8x1018.0) deep=false inside_for=None latched=false
[EDGE] t=576119.1 cur=(-109.2,-40.1) d=(-2.0,-3.0) fit=(0.1,-0.0 1809.8x1018.0) deep=false inside_for=None latched=false
[EDGE] t=576129.9 cur=(-111.0,-36.4) d=(-2.0,-4.0) fit=(0.1,-0.0 1809.8x1018.0) deep=false inside_for=None latched=false
[EDGE] t=576135.8 cur=(-114.1,-31.9) d=(-3.0,-4.0) fit=(0.1,-0.0 1809.8x1018.0) deep=false inside_for=None latched=false
[EDGE] t=576142.0 cur=(-117.3,-26.5) d=(-3.0,-6.0) fit=(0.1,-0.0 1809.8x1018.0) deep=false inside_for=None latched=false
[EDGE] t=576150.0 cur=(-129.1,-11.3) d=(-12.0,-15.0) fit=(0.1,-0.0 1809.8x1018.0) deep=false inside_for=None latched=false
[EDGE] t=576158.1 cur=(-141.0,-0.2) d=(-12.0,-11.0) fit=(0.1,-0.0 1809.8x1018.0) deep=false inside_for=None latched=false
[EDGE] t=576165.7 cur=(-157.2,15.1) d=(-16.0,-15.0) fit=(0.1,-0.0 1809.8x1018.0) deep=false inside_for=None latched=false
[EDGE] t=576173.7 cur=(-176.4,32.4) d=(-19.0,-17.0) fit=(0.1,-0.0 1809.8x1018.0) deep=false inside_for=None latched=false
[EDGE] t=576181.8 cur=(-218.9,62.9) d=(-43.0,-31.0) fit=(0.1,-0.0 1809.8x1018.0) deep=false inside_for=None latched=false
[EDGE] t=576189.5 cur=(-233.6,72.7) d=(-14.0,-10.0) fit=(0.1,-0.0 1809.8x1018.0) deep=false inside_for=None latched=false
[EDGE] t=576198.9 cur=(-263.3,91.4) d=(-30.0,-19.0) fit=(0.1,-0.0 1809.8x1018.0) deep=false inside_for=None latched=false
[EDGE] t=576205.6 cur=(-294.9,109.5) d=(-32.0,-18.0) fit=(0.1,-0.0 1809.8x1018.0) deep=false inside_for=None latched=false
[EDGE] t=576213.8 cur=(-325.7,126.0) d=(-30.0,-16.0) fit=(0.1,-0.0 1809.8x1018.0) deep=false inside_for=None latched=false
[EDGE] t=576221.8 cur=(-354.6,141.0) d=(-29.0,-15.0) fit=(0.1,-0.0 1809.8x1018.0) deep=false inside_for=None latched=false
[EDGE] t=576230.2 cur=(-381.0,153.2) d=(-27.0,-12.0) fit=(0.1,-0.0 1809.8x1018.0) deep=false inside_for=None latched=false
[EDGE] t=576237.7 cur=(-392.3,158.1) d=(-11.0,-5.0) fit=(0.1,-0.0 1809.8x1018.0) deep=false inside_for=None latched=false
[EDGE] t=576245.7 cur=(-413.7,167.4) d=(-21.0,-10.0) fit=(0.1,-0.0 1809.8x1018.0) deep=false inside_for=None latched=false
[EDGE] t=576254.2 cur=(-432.0,176.1) d=(-19.0,-8.0) fit=(0.1,-0.0 1809.8x1018.0) deep=false inside_for=None latched=false
[EDGE] t=576261.6 cur=(-447.5,183.5) d=(-15.0,-8.0) fit=(0.1,-0.0 1809.8x1018.0) deep=false inside_for=None latched=false
[EDGE] t=576271.8 cur=(-452.9,186.2) d=(-6.0,-2.0) fit=(0.1,-0.0 1809.8x1018.0) deep=false inside_for=None latched=false
[EDGE] t=576277.7 cur=(-463.5,191.8) d=(-10.0,-6.0) fit=(0.1,-0.0 1809.8x1018.0) deep=false inside_for=None latched=false
[EDGE] t=576285.9 cur=(-467.1,193.6) d=(-4.0,-2.0) fit=(0.1,-0.0 1809.8x1018.0) deep=false inside_for=None latched=false
[EDGE] t=576293.8 cur=(-473.3,196.4) d=(-6.0,-3.0) fit=(0.1,-0.0 1809.8x1018.0) deep=false inside_for=None latched=false
[EDGE] t=576304.0 cur=(-477.9,199.0) d=(-5.0,-2.0) fit=(0.1,-0.0 1809.8x1018.0) deep=false inside_for=None latched=false
[EDGE] t=576309.8 cur=(-480.8,200.3) d=(-3.0,-1.0) fit=(0.1,-0.0 1809.8x1018.0) deep=false inside_for=None latched=false
[EDGE] t=576327.6 cur=(-483.8,201.1) d=(-3.0,-1.0) fit=(0.1,-0.0 1809.8x1018.0) deep=false inside_for=None latched=false
[EDGE] t=576328.6 cur=(-486.2,201.5) d=(-2.0,-1.0) fit=(0.1,-0.0 1809.8x1018.0) deep=false inside_for=None latched=false
[EDGE] t=576335.2 cur=(-488.0,201.9) d=(-2.0,0.0) fit=(0.1,-0.0 1809.8x1018.0) deep=false inside_for=None latched=false
[EDGE] t=576342.3 cur=(-491.0,201.9) d=(-3.0,0.0) fit=(0.1,-0.0 1809.8x1018.0) deep=false inside_for=None latched=false
[EDGE] t=576350.0 cur=(-493.4,201.9) d=(-2.0,0.0) fit=(0.1,-0.0 1809.8x1018.0) deep=false inside_for=None latched=false
[EDGE] t=576358.1 cur=(-496.4,201.9) d=(-3.0,0.0) fit=(0.1,-0.0 1809.8x1018.0) deep=false inside_for=None latched=false
[EDGE] t=576365.9 cur=(-500.0,201.9) d=(-4.0,0.0) fit=(0.1,-0.0 1809.8x1018.0) deep=false inside_for=None latched=false
[EDGE] t=576374.1 cur=(-505.1,201.4) d=(-5.0,0.0) fit=(0.1,-0.0 1809.8x1018.0) deep=false inside_for=None latched=false
[EDGE] t=576382.2 cur=(-509.4,200.4) d=(-4.0,0.0) fit=(0.1,-0.0 1809.8x1018.0) deep=false inside_for=None latched=false
[EDGE] t=576391.4 cur=(-511.8,200.0) d=(-3.0,1.0) fit=(0.1,-0.0 1809.8x1018.0) deep=false inside_for=None latched=false
[EDGE] t=576420.8 cur=(-515.4,199.6) d=(-3.0,0.0) fit=(0.1,-0.0 1809.8x1018.0) deep=false inside_for=None latched=false
[EDGE] t=576424.8 cur=(-517.8,199.2) d=(-3.0,1.0) fit=(0.1,-0.0 1809.8x1018.0) deep=false inside_for=None latched=false
[EDGE] t=576425.2 cur=(-519.6,198.8) d=(-1.0,0.0) fit=(0.1,-0.0 1809.8x1018.0) deep=false inside_for=None latched=false
[EDGE] t=576425.4 cur=(-521.5,198.4) d=(-2.0,0.0) fit=(0.1,-0.0 1809.8x1018.0) deep=false inside_for=None latched=false
[EDGE] t=576439.2 cur=(-521.2,198.4) d=(0.0,0.0) fit=(0.1,-0.0 1809.8x1018.0) deep=false inside_for=None latched=false
[EDGE] t=576446.3 cur=(-516.1,199.5) d=(4.0,0.0) fit=(0.1,-0.0 1809.8x1018.0) deep=false inside_for=None latched=false
[EDGE] t=576454.6 cur=(-509.9,202.3) d=(6.0,-2.0) fit=(0.1,-0.0 1809.8x1018.0) deep=false inside_for=None latched=false
[EDGE] t=576462.4 cur=(-501.2,204.8) d=(9.0,-3.0) fit=(0.1,-0.0 1809.8x1018.0) deep=false inside_for=None latched=false
[EDGE] t=576471.3 cur=(-481.1,210.0) d=(20.0,-5.0) fit=(0.1,-0.0 1809.8x1018.0) deep=false inside_for=None latched=false
[EDGE] t=576478.7 cur=(-465.4,214.0) d=(16.0,-4.0) fit=(0.1,-0.0 1809.8x1018.0) deep=false inside_for=None latched=false
[EDGE] t=576488.8 cur=(-446.8,217.3) d=(18.0,-3.0) fit=(0.1,-0.0 1809.8x1018.0) deep=false inside_for=None latched=false
[EDGE] t=576494.8 cur=(-423.5,220.1) d=(24.0,-3.0) fit=(0.1,-0.0 1809.8x1018.0) deep=false inside_for=None latched=false
[EDGE] t=576504.9 cur=(-398.6,223.0) d=(25.0,-3.0) fit=(0.1,-0.0 1809.8x1018.0) deep=false inside_for=None latched=false
[EDGE] t=576510.9 cur=(-373.7,224.9) d=(25.0,-2.0) fit=(0.1,-0.0 1809.8x1018.0) deep=false inside_for=None latched=false
[EDGE] t=576519.2 cur=(-345.3,228.0) d=(28.0,-3.0) fit=(0.1,-0.0 1809.8x1018.0) deep=false inside_for=None latched=false
[EDGE] t=576527.5 cur=(-316.8,232.0) d=(28.0,-4.0) fit=(0.1,-0.0 1809.8x1018.0) deep=false inside_for=None latched=false
[EDGE] t=576534.6 cur=(-286.6,236.2) d=(31.0,-4.0) fit=(0.1,-0.0 1809.8x1018.0) deep=false inside_for=None latched=false
[EDGE] t=576542.7 cur=(-258.2,241.3) d=(28.0,-5.0) fit=(0.1,-0.0 1809.8x1018.0) deep=false inside_for=None latched=false
[EDGE] t=576554.6 cur=(-229.7,248.4) d=(28.0,-7.0) fit=(0.1,-0.0 1809.8x1018.0) deep=false inside_for=None latched=false
[EDGE] t=576559.1 cur=(-218.9,251.8) d=(11.0,-4.0) fit=(0.1,-0.0 1809.8x1018.0) deep=false inside_for=None latched=false
[EDGE] t=576566.8 cur=(-196.6,258.3) d=(23.0,-6.0) fit=(0.1,-0.0 1809.8x1018.0) deep=false inside_for=None latched=false
[EDGE] t=576574.8 cur=(-178.9,264.2) d=(17.0,-6.0) fit=(0.1,-0.0 1809.8x1018.0) deep=false inside_for=None latched=false
[EDGE] t=576582.8 cur=(-173.0,266.4) d=(6.0,-2.0) fit=(0.1,-0.0 1809.8x1018.0) deep=false inside_for=None latched=false
[EDGE] t=576590.7 cur=(-168.6,268.3) d=(5.0,-2.0) fit=(0.1,-0.0 1809.8x1018.0) deep=false inside_for=None latched=false
[EDGE] t=576599.1 cur=(-160.6,272.0) d=(8.0,-4.0) fit=(0.1,-0.0 1809.8x1018.0) deep=false inside_for=None latched=false
[EDGE] t=576872.2 cur=(-152.6,275.1) d=(8.0,-3.0) fit=(0.1,-0.0 1809.8x1018.0) deep=false inside_for=None latched=false
[EDGE] t=576881.5 cur=(-138.9,280.4) d=(13.0,-5.0) fit=(0.1,-0.0 1809.8x1018.0) deep=false inside_for=None latched=false
[EDGE] t=576888.3 cur=(-121.1,288.1) d=(18.0,-8.0) fit=(0.1,-0.0 1809.8x1018.0) deep=false inside_for=None latched=false
[EDGE] t=576895.4 cur=(-101.3,297.1) d=(20.0,-9.0) fit=(0.1,-0.0 1809.8x1018.0) deep=false inside_for=None latched=false
[EDGE] t=576903.4 cur=(-77.3,306.7) d=(24.0,-10.0) fit=(0.1,-0.0 1809.8x1018.0) deep=false inside_for=None latched=false
[EDGE] t=576911.4 cur=(-52.7,317.5) d=(25.0,-11.0) fit=(0.1,-0.0 1809.8x1018.0) deep=false inside_for=None latched=false
[EDGE] t=576919.9 cur=(-26.3,328.7) d=(26.0,-11.0) fit=(0.1,-0.0 1809.8x1018.0) deep=false inside_for=None latched=false
[EDGE] t=576927.3 cur=(28.9,352.7) d=(55.0,-24.0) fit=(0.1,-0.0 1809.8x1018.0) deep=false inside_for=None latched=false
[EDGE] t=576939.7 cur=(86.6,375.8) d=(58.0,-23.0) fit=(0.1,-0.0 1809.8x1018.0) deep=true inside_for=None latched=false
[CURSOR] t=576942.2 inside=true on_strip=false blank=false
[EDGE] t=576944.2 cur=(110.5,385.4) d=(24.0,-9.0) fit=(0.1,-0.0 1809.8x1018.0) deep=true inside_for=None latched=false
[EDGE] t=576955.5 cur=(199.1,417.8) d=(88.0,-33.0) fit=(0.1,-0.0 1809.8x1018.0) deep=true inside_for=None latched=false
[EDGE] t=576964.4 cur=(219.9,425.0) d=(21.0,-7.0) fit=(0.1,-0.0 1809.8x1018.0) deep=true inside_for=None latched=false
[EDGE] t=576968.4 cur=(259.9,439.6) d=(40.0,-15.0) fit=(0.1,-0.0 1809.8x1018.0) deep=true inside_for=None latched=false
[EDGE] t=576975.3 cur=(294.9,450.8) d=(35.0,-11.0) fit=(0.1,-0.0 1809.8x1018.0) deep=true inside_for=None latched=false
[CURSOR] t=576978.2 slot=0 move (118,907) visible=true
[CURSOR] t=576978.4 slot=0 move (363,817) visible=true
[EDGE] t=576983.3 cur=(324.1,461.3) d=(29.0,-10.0) fit=(0.1,-0.0 1809.8x1018.0) deep=true inside_for=None latched=false
[CURSOR] t=576990.1 slot=0 move (454,786) visible=true
[EDGE] t=576991.3 cur=(334.9,464.7) d=(11.0,-4.0) fit=(0.1,-0.0 1809.8x1018.0) deep=true inside_for=None latched=false
[EDGE] t=576999.3 cur=(355.7,471.9) d=(21.0,-7.0) fit=(0.1,-0.0 1809.8x1018.0) deep=true inside_for=None latched=false
[CURSOR] t=577007.2 slot=0 move (498,771) visible=true
[EDGE] t=577007.3 cur=(362.4,474.1) d=(7.0,-2.0) fit=(0.1,-0.0 1809.8x1018.0) deep=true inside_for=None latched=false
[EDGE] t=577015.1 cur=(377.4,479.7) d=(15.0,-6.0) fit=(0.1,-0.0 1809.8x1018.0) deep=true inside_for=None latched=false
[CURSOR] t=577024.1 slot=0 move (529,760) visible=true
[EDGE] t=577031.3 cur=(387.6,483.7) d=(10.0,-4.0) fit=(0.1,-0.0 1809.8x1018.0) deep=true inside_for=None latched=false
[EDGE] t=577031.5 cur=(390.6,485.0) d=(3.0,-1.0) fit=(0.1,-0.0 1809.8x1018.0) deep=true inside_for=None latched=false
[CURSOR] t=577040.5 slot=0 move (548,752) visible=true
[EDGE] t=577046.3 cur=(396.5,487.1) d=(6.0,-2.0) fit=(0.1,-0.0 1809.8x1018.0) deep=true inside_for=None latched=false
[EDGE] t=577046.9 cur=(400.1,488.5) d=(3.0,-2.0) fit=(0.1,-0.0 1809.8x1018.0) deep=true inside_for=None latched=false
[EDGE] t=577057.1 cur=(402.5,489.3) d=(3.0,0.0) fit=(0.1,-0.0 1809.8x1018.0) deep=true inside_for=None latched=false
[CURSOR] t=577057.3 slot=0 move (561,747) visible=true
[EDGE] t=577063.7 cur=(403.8,490.0) d=(1.0,-1.0) fit=(0.1,-0.0 1809.8x1018.0) deep=true inside_for=None latched=false
[EDGE] t=577071.6 cur=(404.4,490.3) d=(1.0,0.0) fit=(0.1,-0.0 1809.8x1018.0) deep=true inside_for=None latched=false
[CURSOR] t=577073.8 slot=0 move (567,745) visible=true
[CURSOR] t=577090.3 slot=0 move (567,745) visible=true
[GRABSTATE] t=577385.2 captured=false key=true on_active_space=true has_screen=true app_active=true
[2026-08-20T17:00:14Z DEBUG limina::window::input] input: released 2 held key(s) on focus loss
[GRABSTATE] t=579637.0 captured=false key=true on_active_space=false has_screen=true app_active=true
[2026-08-20T17:00:14Z INFO  limina::window] display-control: pushed "display id=0 pos=1512,0" to the guest
[2026-08-20T17:00:14Z INFO  limina::window] display-control: pushed "display id=1 size=3024x1960 pos=0,747 connected=1 refresh=120 dpi=255 vendor=LMN product=41038 serial=836230465 name=Built-in%20Retina%20Display range=24-120/49-242/865 alt=3024x1960@60" to the guest
[2026-08-20T17:00:14.501510Z INFO  limina_vmm::krun] display-control: DisplayControl { display_id: 0, size: None, position: Some((1512, 0)), connected: None, edid: None }
[2026-08-20T17:00:14.501608Z INFO  limina_vmm::krun] display-control: DisplayControl { display_id: 1, size: Some((3024, 1960)), position: Some((0, 747)), connected: Some(true), edid: Some(EdidSpec { refresh_hz: 120, dpi: 255, vendor: [76, 77, 78], product_id: 41038, serial: 836230465, name: "Built-in Retina Display", serial_string: None, range: Some(RangeSpec { min_vertical_hz: 24, max_vertical_hz: 120, min_horizontal_khz: 49, max_horizontal_khz: 242, max_pixel_clock_mhz: 865 }), modes: [], alt_mode: Some((3024, 1960, 60)) }) }
[2026-08-20T17:00:14Z DEBUG limina::window::present] surface store: published surface 897 (16 held)
[LIMINA-KK-IMPORT] adopted MTLTexture 0xbc1bfd900 (srgb_view=0) for image plane: 2560x1440 type=2 fmt=80 usage=0x17 (image usage=0x17 linear=0 optimized=0)
[2026-08-20T17:00:14Z DEBUG limina::window::present] surface store: published surface 902 (17 held)
[LIMINA-KK-IMPORT] adopted MTLTexture 0xbc1bfd400 (srgb_view=0) for image plane: 3024x1960 type=2 fmt=80 usage=0x17 (image usage=0x17 linear=0 optimized=0)
[2026-08-20T17:00:14.562236Z INFO  limina_display::iosurface] window: scanout 1 -> IOSurfaces [903, 904, 905] (3024x1960 BGRX)
[2026-08-20T17:00:14Z INFO  limina::window::present] window: <- surface 903 904 3024 1960 1
[2026-08-20T17:00:14Z DEBUG limina::window::present] surface store: published surface 903 (18 held)
[CURSOR] t=579698.8 slot=0 hide
[2026-08-20T17:00:14Z DEBUG limina::window::present] surface store: published surface 904 (19 held)
[2026-08-20T17:00:14Z DEBUG limina::window::present] surface store: published surface 905 (20 held)
[CURSOR] t=579698.9 slot=1 shape id=906 64x64 hot=(6,2) pos=(0,0)
[CURSOR] t=579699.0 slot=1 move (909,-2) visible=true
[2026-08-20T17:00:14Z DEBUG limina::window::present] surface store: published surface 906 (21 held)
[2026-08-20T17:00:14Z DEBUG limina::window::present] surface store: worker released surface 858 (was_held=true)
[2026-08-20T17:00:14Z DEBUG limina::window::present] surface store: worker released surface 806 (was_held=true)
[2026-08-20T17:00:14Z DEBUG limina::window::present] surface store: worker released surface 880 (was_held=true)
[2026-08-20T17:00:14Z DEBUG limina::window::present] surface store: published surface 907 (19 held)
[LIMINA-KK-IMPORT] adopted MTLTexture 0xbc1bffc00 (srgb_view=0) for image plane: 2560x1440 type=2 fmt=80 usage=0x17 (image usage=0x17 linear=0 optimized=0)
[2026-08-20T17:00:14Z INFO  limina::window::secondary] window: guest display 1 appeared (3024x1960); opened a window
[2026-08-20T17:00:14Z DEBUG limina::window::present] surface store: published surface 902 (1 held)
[2026-08-20T17:00:14Z DEBUG limina::window::present] surface store: published surface 907 (4 held)
[2026-08-20T17:00:14Z INFO  limina::window::desktop] display: the guest reports its monitors as [("Virtual-2", SlotRect { x: 0, y: 747, w: 1512, h: 980 }), ("Virtual-1", SlotRect { x: 1512, y: 0, w: 2048, h: 1152 })]
[2026-08-20T17:00:14Z DEBUG limina::window] display: guest desktop is now (3560, 1727)
[GRABSTATE] t=580139.6 captured=false key=true on_active_space=true has_screen=true app_active=true
[MENUBAR] t=580139.9 visible=false top_gaps=[30, 33]
[GRABSTATE] t=580332.0 captured=false key=false on_active_space=true has_screen=true app_active=true
[EDGE] t=581955.7 cur=(779.2,782.3) d=(0.0,0.0) fit=(0.0,0.0 2560.0x1440.0) deep=true inside_for=None latched=false
[EDGE] t=581960.7 cur=(777.8,782.3) d=(-1.0,0.0) fit=(0.0,0.0 2560.0x1440.0) deep=true inside_for=None latched=false
[CURSOR] t=581963.6 inside=true on_strip=false blank=true
[EDGE] t=581968.2 cur=(775.8,780.7) d=(-2.0,0.0) fit=(0.0,0.0 2560.0x1440.0) deep=true inside_for=None latched=false
[EDGE] t=581975.5 cur=(771.5,776.4) d=(-4.0,5.0) fit=(0.0,0.0 2560.0x1440.0) deep=true inside_for=None latched=false
[CURSOR] t=581978.8 slot=1 hide
[CURSOR] t=581979.9 slot=0 shape id=880 64x64 hot=(4,1) pos=(567,745)
[CURSOR] t=581980.1 slot=0 move (775,656) visible=true
[2026-08-20T17:00:16Z DEBUG limina::window::present] surface store: published surface 880 (20 held)
[EDGE] t=581988.7 cur=(765.6,771.1) d=(-6.0,5.0) fit=(0.0,0.0 2560.0x1440.0) deep=true inside_for=None latched=false
[EDGE] t=581991.2 cur=(751.2,758.4) d=(-15.0,13.0) fit=(0.0,0.0 2560.0x1440.0) deep=true inside_for=None latched=false
[CURSOR] t=581994.0 slot=0 move (771,658) visible=true
[CURSOR] t=581994.7 inside=true on_strip=false blank=false
[EDGE] t=581999.5 cur=(727.0,734.2) d=(-24.0,24.0) fit=(0.0,0.0 2560.0x1440.0) deep=true inside_for=None latched=false
[EDGE] t=582007.1 cur=(705.1,712.3) d=(-22.0,22.0) fit=(0.0,0.0 2560.0x1440.0) deep=true inside_for=None latched=false
[CURSOR] t=582009.6 slot=0 move (747,680) visible=true
[EDGE] t=582015.5 cur=(676.0,680.7) d=(-29.0,31.0) fit=(0.0,0.0 2560.0x1440.0) deep=true inside_for=None latched=false
[EDGE] t=582023.3 cur=(641.6,647.7) d=(-34.0,33.0) fit=(0.0,0.0 2560.0x1440.0) deep=true inside_for=None latched=false
[EDGE] t=582031.2 cur=(606.6,612.6) d=(-35.0,35.0) fit=(0.0,0.0 2560.0x1440.0) deep=true inside_for=None latched=false
[EDGE] t=582039.2 cur=(589.8,595.9) d=(-17.0,17.0) fit=(0.0,0.0 2560.0x1440.0) deep=true inside_for=None latched=false
[CURSOR] t=582044.8 slot=0 move (637,791) visible=true
[EDGE] t=582047.8 cur=(562.0,569.3) d=(-28.0,27.0) fit=(0.0,0.0 2560.0x1440.0) deep=true inside_for=None latched=false
[CURSOR] t=582059.5 slot=0 move (585,843) visible=true
[EDGE] t=582793.2 cur=(561.8,569.3) d=(0.0,0.0) fit=(0.0,0.0 2560.0x1440.0) deep=true inside_for=None latched=false
[EDGE] t=582805.8 cur=(557.5,568.3) d=(-4.0,1.0) fit=(0.0,0.0 2560.0x1440.0) deep=true inside_for=None latched=false
[EDGE] t=582808.8 cur=(551.0,564.1) d=(-7.0,4.0) fit=(0.0,0.0 2560.0x1440.0) deep=true inside_for=None latched=false
[CURSOR] t=582813.3 slot=0 move (557,869) visible=true
[EDGE] t=582820.8 cur=(544.4,559.4) d=(-6.0,5.0) fit=(0.0,0.0 2560.0x1440.0) deep=true inside_for=None latched=false
[EDGE] t=582824.7 cur=(537.9,554.7) d=(-7.0,4.0) fit=(0.0,0.0 2560.0x1440.0) deep=true inside_for=None latched=false
[CURSOR] t=582826.4 slot=0 move (546,874) visible=true
[EDGE] t=582834.9 cur=(529.1,547.9) d=(-9.0,7.0) fit=(0.0,0.0 2560.0x1440.0) deep=true inside_for=None latched=false
[EDGE] t=582841.5 cur=(516.5,537.7) d=(-12.0,10.0) fit=(0.0,0.0 2560.0x1440.0) deep=true inside_for=None latched=false
[EDGE] t=582849.1 cur=(487.6,512.2) d=(-29.0,26.0) fit=(0.0,0.0 2560.0x1440.0) deep=true inside_for=None latched=false
[EDGE] t=582857.0 cur=(420.8,453.8) d=(-67.0,58.0) fit=(0.0,0.0 2560.0x1440.0) deep=true inside_for=None latched=false
[CURSOR] t=582860.8 slot=0 move (512,901) visible=true
[EDGE] t=582865.4 cur=(362.0,401.4) d=(-59.0,53.0) fit=(0.0,0.0 2560.0x1440.0) deep=true inside_for=None latched=false
[EDGE] t=582873.0 cur=(296.9,341.3) d=(-65.0,60.0) fit=(0.0,0.0 2560.0x1440.0) deep=true inside_for=None latched=false
[CURSOR] t=582877.5 slot=0 move (416,985) visible=true
[EDGE] t=582881.2 cur=(262.9,315.8) d=(-34.0,25.0) fit=(0.0,0.0 2560.0x1440.0) deep=true inside_for=None latched=false
[EDGE] t=582889.3 cur=(197.7,262.0) d=(-65.0,54.0) fit=(0.0,0.0 2560.0x1440.0) deep=true inside_for=None latched=false
[CURSOR] t=582894.1 slot=0 move (292,1097) visible=true
[EDGE] t=582897.7 cur=(132.6,217.5) d=(-65.0,45.0) fit=(0.0,0.0 2560.0x1440.0) deep=true inside_for=None latched=false
[EDGE] t=582905.0 cur=(108.9,204.7) d=(-24.0,12.0) fit=(0.0,0.0 2560.0x1440.0) deep=true inside_for=None latched=false
[CURSOR] t=582910.7 slot=0 move (193,1176) visible=true
[EDGE] t=582913.7 cur=(89.0,195.7) d=(-20.0,9.0) fit=(0.0,0.0 2560.0x1440.0) deep=true inside_for=None latched=false
[EDGE] t=582920.9 cur=(52.3,177.9) d=(-36.0,18.0) fit=(0.0,0.0 2560.0x1440.0) deep=true inside_for=None latched=false
[CURSOR] t=582927.2 slot=0 move (104,1234) visible=true
[CURSOR] t=582943.6 slot=0 move (48,1261) visible=true
[EDGE] t=583378.9 cur=(50.2,177.9) d=(-2.0,0.0) fit=(0.0,0.0 2560.0x1440.0) deep=true inside_for=None latched=false
[EDGE] t=583399.2 cur=(42.5,177.9) d=(-8.0,0.0) fit=(0.0,0.0 2560.0x1440.0) deep=true inside_for=None latched=false
[EDGE] t=583415.2 cur=(32.8,177.9) d=(-10.0,0.0) fit=(0.0,0.0 2560.0x1440.0) deep=false inside_for=None latched=false
[EDGE] t=583417.4 cur=(23.0,177.9) d=(-10.0,0.0) fit=(0.0,0.0 2560.0x1440.0) deep=false inside_for=None latched=false
[EDGE] t=583417.6 cur=(12.2,177.9) d=(-10.0,0.0) fit=(0.0,0.0 2560.0x1440.0) deep=false inside_for=None latched=false
[EDGE] t=583420.4 cur=(1504.1,464.3) d=(-21.0,3.0) fit=(0.0,1.0 1512.0x980.0) deep=false inside_for=None latched=false
[EDGE] t=583425.8 cur=(1494.4,461.0) d=(-9.0,3.0) fit=(0.0,1.0 1512.0x980.0) deep=false inside_for=None latched=false
[CURSOR] t=583426.7 slot=0 move (28,1261) visible=true
[CURSOR] t=583427.5 inside=false on_strip=false blank=false
[EDGE] t=583434.9 cur=(1475.2,454.0) d=(-19.0,7.0) fit=(0.0,1.0 1512.0x980.0) deep=false inside_for=None latched=false
[EDGE] t=583444.9 cur=(1442.4,438.2) d=(-33.0,16.0) fit=(0.0,1.0 1512.0x980.0) deep=true inside_for=None latched=false
[EDGE] t=583452.1 cur=(1425.0,426.9) d=(-18.0,11.0) fit=(0.0,1.0 1512.0x980.0) deep=true inside_for=None latched=false
[EDGE] t=583457.5 cur=(1417.2,420.4) d=(-7.0,7.0) fit=(0.0,1.0 1512.0x980.0) deep=true inside_for=None latched=false
[CURSOR] t=583461.1 inside=true on_strip=true blank=false
[CURSOR] t=583464.2 slot=1 shape id=884 64x64 hot=(6,2) pos=(909,-2)
[CURSOR] t=583464.5 slot=1 move (2828,1119) visible=true
[2026-08-20T17:00:18Z DEBUG limina::window::present] surface store: published surface 884 (21 held)
[EDGE] t=583466.0 cur=(1402.0,408.6) d=(-16.0,11.0) fit=(0.0,1.0 1512.0x980.0) deep=true inside_for=None latched=false
[EDGE] t=583475.6 cur=(1389.4,398.3) d=(-12.0,11.0) fit=(0.0,1.0 1512.0x980.0) deep=true inside_for=None latched=false
[CURSOR] t=583478.3 slot=0 hide
[EDGE] t=583484.7 cur=(1384.3,393.8) d=(-5.0,4.0) fit=(0.0,1.0 1512.0x980.0) deep=true inside_for=None latched=false
[CURSOR] t=583488.3 slot=1 move (2772,1163) visible=true
[EDGE] t=583489.7 cur=(1374.4,386.1) d=(-10.0,8.0) fit=(0.0,1.0 1512.0x980.0) deep=true inside_for=None latched=false
[CURSOR] t=583496.6 slot=1 move (2742,1187) visible=true
[EDGE] t=583497.8 cur=(1371.7,383.3) d=(-3.0,3.0) fit=(0.0,1.0 1512.0x980.0) deep=true inside_for=None latched=false
[EDGE] t=583505.7 cur=(1365.8,378.0) d=(-6.0,5.0) fit=(0.0,1.0 1512.0x980.0) deep=true inside_for=None latched=false
[EDGE] t=583514.4 cur=(1361.5,373.7) d=(-4.0,4.0) fit=(0.0,1.0 1512.0x980.0) deep=true inside_for=None latched=false
[EDGE] t=583522.4 cur=(1358.8,371.0) d=(-3.0,3.0) fit=(0.0,1.0 1512.0x980.0) deep=true inside_for=None latched=false
[CURSOR] t=583524.1 slot=1 move (2725,1203) visible=true
[EDGE] t=583530.2 cur=(1356.8,369.4) d=(-2.0,2.0) fit=(0.0,1.0 1512.0x980.0) deep=true inside_for=None latched=false
[EDGE] t=583539.1 cur=(1355.8,368.4) d=(-1.0,1.0) fit=(0.0,1.0 1512.0x980.0) deep=true inside_for=None latched=false
[CURSOR] t=583540.0 slot=1 move (2711,1217) visible=true
[EDGE] t=583547.1 cur=(1355.1,367.5) d=(-1.0,1.0) fit=(0.0,1.0 1512.0x980.0) deep=true inside_for=None latched=false
[EDGE] t=583554.1 cur=(1354.9,367.2) d=(0.0,0.0) fit=(0.0,1.0 1512.0x980.0) deep=true inside_for=None latched=false
[CURSOR] t=583556.1 slot=1 move (2705,1223) visible=true
[EDGE] t=583564.4 cur=(1354.6,367.0) d=(0.0,0.0) fit=(0.0,1.0 1512.0x980.0) deep=true inside_for=None latched=false
[EDGE] t=583578.0 cur=(1354.6,366.7) d=(0.0,0.0) fit=(0.0,1.0 1512.0x980.0) deep=true inside_for=None latched=false
[CURSOR] t=583581.0 slot=1 move (2703,1225) visible=true
[CURSOR] t=583588.8 slot=1 move (2703,1226) visible=true
[CURSOR] t=583605.2 slot=1 move (2703,1226) visible=true
[EDGE] t=583610.3 cur=(1354.6,366.5) d=(0.0,1.0) fit=(0.0,1.0 1512.0x980.0) deep=true inside_for=None latched=false
[CURSOR] t=583621.8 slot=1 move (2703,1226) visible=true
[GRABSTATE] t=585144.2 captured=false key=false on_active_space=true has_screen=true app_active=false
[MENUBAR] t=585144.5 visible=true top_gaps=[30, 33]
[MENUBAR-ASK] t=585144.6 slot=0 p=(-157.4,77.5) top=1440.0 at_top=false overlaid=false ask=None
[EDGE] t=585164.7 cur=(-157.4,77.9) d=(0.0,0.0) fit=(0.0,0.0 2560.0x1440.0) deep=false inside_for=None latched=false
[CURSOR] t=585167.6 inside=false on_strip=false blank=false
[EDGE] t=585172.8 cur=(-155.9,79.4) d=(0.0,-1.0) fit=(0.0,0.0 2560.0x1440.0) deep=false inside_for=None latched=false
[EDGE] t=585180.6 cur=(-153.9,81.0) d=(2.0,-2.0) fit=(0.0,0.0 2560.0x1440.0) deep=false inside_for=None latched=false
[EDGE] t=585188.7 cur=(-151.9,82.6) d=(2.0,-1.0) fit=(0.0,0.0 2560.0x1440.0) deep=false inside_for=None latched=false
[EDGE] t=585196.7 cur=(-149.4,84.3) d=(3.0,-2.0) fit=(0.0,0.0 2560.0x1440.0) deep=false inside_for=None latched=false
[EDGE] t=585204.7 cur=(-146.4,85.6) d=(3.0,-1.0) fit=(0.0,0.0 2560.0x1440.0) deep=false inside_for=None latched=false
[EDGE] t=585213.2 cur=(-143.2,87.4) d=(3.0,-2.0) fit=(0.0,0.0 2560.0x1440.0) deep=false inside_for=None latched=false
[EDGE] t=585220.9 cur=(-139.6,88.7) d=(4.0,-2.0) fit=(0.0,0.0 2560.0x1440.0) deep=false inside_for=None latched=false
[EDGE] t=585230.2 cur=(-135.3,90.2) d=(4.0,-1.0) fit=(0.0,0.0 2560.0x1440.0) deep=false inside_for=None latched=false
[EDGE] t=585236.7 cur=(-130.2,91.7) d=(5.0,-2.0) fit=(0.0,0.0 2560.0x1440.0) deep=false inside_for=None latched=false
[EDGE] t=585245.0 cur=(-125.1,93.7) d=(5.0,-2.0) fit=(0.0,0.0 2560.0x1440.0) deep=false inside_for=None latched=false
[EDGE] t=585258.5 cur=(-116.4,96.9) d=(9.0,-3.0) fit=(0.0,0.0 2560.0x1440.0) deep=false inside_for=None latched=false
[EDGE] t=585263.1 cur=(-110.2,99.7) d=(6.0,-3.0) fit=(0.0,0.0 2560.0x1440.0) deep=false inside_for=None latched=false
[EDGE] t=585269.5 cur=(-101.8,104.9) d=(9.0,-5.0) fit=(0.0,0.0 2560.0x1440.0) deep=false inside_for=None latched=false
[EDGE] t=585277.1 cur=(-93.0,111.6) d=(8.0,-6.0) fit=(0.0,0.0 2560.0x1440.0) deep=false inside_for=None latched=false
[EDGE] t=585285.1 cur=(-83.1,119.4) d=(10.0,-8.0) fit=(0.0,0.0 2560.0x1440.0) deep=false inside_for=None latched=false
[EDGE] t=585293.2 cur=(-63.9,136.6) d=(19.0,-17.0) fit=(0.0,0.0 2560.0x1440.0) deep=false inside_for=None latched=false
[EDGE] t=585301.0 cur=(-51.7,149.7) d=(13.0,-14.0) fit=(0.0,0.0 2560.0x1440.0) deep=false inside_for=None latched=false
[EDGE] t=585310.0 cur=(-36.3,165.9) d=(15.0,-16.0) fit=(0.0,0.0 2560.0x1440.0) deep=false inside_for=None latched=false
[EDGE] t=585318.2 cur=(-19.6,182.7) d=(17.0,-17.0) fit=(0.0,0.0 2560.0x1440.0) deep=false inside_for=None latched=false
[EDGE] t=585325.2 cur=(-3.4,198.0) d=(16.0,-15.0) fit=(0.0,0.0 2560.0x1440.0) deep=false inside_for=None latched=false
[EDGE] t=585335.0 cur=(4.8,205.5) d=(8.0,-7.0) fit=(0.0,0.0 2560.0x1440.0) deep=false inside_for=None latched=false
[EDGE] t=585341.3 cur=(19.6,219.4) d=(15.0,-14.0) fit=(0.0,0.0 2560.0x1440.0) deep=false inside_for=None latched=false
[EDGE] t=585353.3 cur=(34.0,231.3) d=(14.0,-12.0) fit=(0.0,0.0 2560.0x1440.0) deep=false inside_for=None latched=false
[EDGE] t=585357.2 cur=(39.6,235.8) d=(6.0,-5.0) fit=(0.0,0.0 2560.0x1440.0) deep=false inside_for=None latched=false
[CURSOR] t=585363.4 inside=true on_strip=false blank=false
[EDGE] t=585369.2 cur=(49.5,243.5) d=(10.0,-7.0) fit=(0.0,0.0 2560.0x1440.0) deep=true inside_for=None latched=false
[CURSOR] t=585372.7 slot=1 hide
[EDGE] t=585373.3 cur=(59.3,251.3) d=(10.0,-8.0) fit=(0.0,0.0 2560.0x1440.0) deep=true inside_for=None latched=false
[CURSOR] t=585379.9 slot=0 shape id=915 64x64 hot=(4,1) pos=(28,1261)
[CURSOR] t=585380.4 slot=0 move (35,1203) visible=true
[2026-08-20T17:00:20Z DEBUG limina::window::present] surface store: published surface 915 (22 held)
[CURSOR] t=585381.6 inside=true on_strip=false blank=true
[EDGE] t=585383.5 cur=(67.1,257.1) d=(7.0,-6.0) fit=(0.0,0.0 2560.0x1440.0) deep=true inside_for=None latched=false
[EDGE] t=585392.8 cur=(73.3,263.3) d=(7.0,-6.0) fit=(0.0,0.0 2560.0x1440.0) deep=true inside_for=None latched=false
[CURSOR] t=585394.9 slot=0 move (55,1187) visible=true
[CURSOR] t=585398.5 inside=true on_strip=false blank=false
[EDGE] t=585400.0 cur=(78.6,269.3) d=(5.0,-6.0) fit=(0.0,0.0 2560.0x1440.0) deep=true inside_for=None latched=false
[EDGE] t=585405.2 cur=(82.0,275.5) d=(3.0,-6.0) fit=(0.0,0.0 2560.0x1440.0) deep=true inside_for=None latched=false
[CURSOR] t=585410.3 slot=0 move (69,1175) visible=true
[CURSOR] t=585427.0 slot=0 move (77,1163) visible=true
[EDGE] t=585703.7 cur=(82.7,275.7) d=(1.0,-1.0) fit=(0.0,0.0 2560.0x1440.0) deep=true inside_for=None latched=false
[EDGE] t=585710.1 cur=(89.9,282.8) d=(7.0,-7.0) fit=(0.0,0.0 2560.0x1440.0) deep=true inside_for=None latched=false
[CURSOR] t=585710.2 slot=0 move (78,1163) visible=true
[EDGE] t=585717.9 cur=(98.0,290.3) d=(8.0,-7.0) fit=(0.0,0.0 2560.0x1440.0) deep=true inside_for=None latched=false
[EDGE] t=585726.1 cur=(107.5,299.8) d=(10.0,-10.0) fit=(0.0,0.0 2560.0x1440.0) deep=true inside_for=None latched=false
[CURSOR] t=585727.1 slot=0 move (85,1156) visible=true
[EDGE] t=585734.3 cur=(118.1,310.5) d=(10.0,-10.0) fit=(0.0,0.0 2560.0x1440.0) deep=true inside_for=None latched=false
[EDGE] t=585741.9 cur=(129.2,322.3) d=(11.0,-12.0) fit=(0.0,0.0 2560.0x1440.0) deep=true inside_for=None latched=false
[CURSOR] t=585743.7 slot=0 move (103,1139) visible=true
[EDGE] t=585750.5 cur=(139.8,332.9) d=(11.0,-11.0) fit=(0.0,0.0 2560.0x1440.0) deep=true inside_for=None latched=false
[EDGE] t=585758.0 cur=(161.7,354.9) d=(22.0,-22.0) fit=(0.0,0.0 2560.0x1440.0) deep=true inside_for=None latched=false
[CURSOR] t=585760.5 slot=0 move (125,1116) visible=true
[EDGE] t=585766.6 cur=(182.0,375.1) d=(20.0,-20.0) fit=(0.0,0.0 2560.0x1440.0) deep=true inside_for=None latched=false
[EDGE] t=585774.0 cur=(191.5,384.6) d=(10.0,-9.0) fit=(0.0,0.0 2560.0x1440.0) deep=true inside_for=None latched=false
[CURSOR] t=585777.3 slot=0 move (157,1084) visible=true
[EDGE] t=585785.6 cur=(209.7,401.9) d=(18.0,-18.0) fit=(0.0,0.0 2560.0x1440.0) deep=true inside_for=None latched=false
[EDGE] t=585790.5 cur=(225.0,417.2) d=(15.0,-15.0) fit=(0.0,0.0 2560.0x1440.0) deep=true inside_for=None latched=false
[CURSOR] t=585794.8 slot=0 move (187,1054) visible=true
[EDGE] t=585800.7 cur=(238.5,430.7) d=(14.0,-14.0) fit=(0.0,0.0 2560.0x1440.0) deep=true inside_for=None latched=false
[EDGE] t=585806.3 cur=(249.6,442.6) d=(11.0,-11.0) fit=(0.0,0.0 2560.0x1440.0) deep=true inside_for=None latched=false
[CURSOR] t=585810.8 slot=0 move (220,1021) visible=true
[EDGE] t=585816.1 cur=(253.1,446.6) d=(3.0,-4.0) fit=(0.0,0.0 2560.0x1440.0) deep=true inside_for=None latched=false
[EDGE] t=585822.1 cur=(259.9,455.4) d=(7.0,-9.0) fit=(0.0,0.0 2560.0x1440.0) deep=true inside_for=None latched=false
[CURSOR] t=585827.5 slot=0 move (245,996) visible=true
[EDGE] t=585834.1 cur=(262.0,458.0) d=(2.0,-3.0) fit=(0.0,0.0 2560.0x1440.0) deep=true inside_for=None latched=false
[EDGE] t=585838.0 cur=(265.8,462.8) d=(4.0,-5.0) fit=(0.0,0.0 2560.0x1440.0) deep=true inside_for=None latched=false
[CURSOR] t=585843.7 slot=0 move (255,983) visible=true
[EDGE] t=585849.5 cur=(268.2,466.6) d=(3.0,-3.0) fit=(0.0,0.0 2560.0x1440.0) deep=true inside_for=None latched=false
[EDGE] t=585854.1 cur=(269.8,468.6) d=(1.0,-2.0) fit=(0.0,0.0 2560.0x1440.0) deep=true inside_for=None latched=false
[CURSOR] t=585860.4 slot=0 move (261,976) visible=true
[EDGE] t=585862.1 cur=(270.4,470.0) d=(1.0,-2.0) fit=(0.0,0.0 2560.0x1440.0) deep=true inside_for=None latched=false
[EDGE] t=585870.4 cur=(271.1,470.9) d=(0.0,-1.0) fit=(0.0,0.0 2560.0x1440.0) deep=true inside_for=None latched=false
[CURSOR] t=585877.4 slot=0 move (265,970) visible=true
[EDGE] t=585878.3 cur=(271.4,471.5) d=(1.0,0.0) fit=(0.0,0.0 2560.0x1440.0) deep=true inside_for=None latched=false
[EDGE] t=585886.3 cur=(271.6,472.1) d=(0.0,-1.0) fit=(0.0,0.0 2560.0x1440.0) deep=true inside_for=None latched=false
[CURSOR] t=585894.5 slot=0 move (267,967) visible=true
[CURSOR] t=585911.0 slot=0 move (267,966) visible=true
[EDGE] t=585912.1 cur=(271.6,472.3) d=(0.0,0.0) fit=(0.0,0.0 2560.0x1440.0) deep=true inside_for=None latched=false
[CURSOR] t=585928.7 slot=0 move (267,966) visible=true
[EDGE] t=586592.9 cur=(270.7,472.3) d=(0.0,0.0) fit=(0.0,0.0 2560.0x1440.0) deep=true inside_for=None latched=false
[EDGE] t=586606.4 cur=(265.6,472.3) d=(-5.0,0.0) fit=(0.0,0.0 2560.0x1440.0) deep=true inside_for=None latched=false
[EDGE] t=586608.3 cur=(259.4,468.9) d=(-6.0,2.0) fit=(0.0,0.0 2560.0x1440.0) deep=true inside_for=None latched=false
[CURSOR] t=586610.7 slot=0 move (266,966) visible=true
[EDGE] t=586617.4 cur=(253.2,465.6) d=(-6.0,4.0) fit=(0.0,0.0 2560.0x1440.0) deep=true inside_for=None latched=false
[EDGE] t=586623.6 cur=(247.0,462.2) d=(-7.0,3.0) fit=(0.0,0.0 2560.0x1440.0) deep=true inside_for=None latched=false
[CURSOR] t=586628.2 slot=0 move (255,970) visible=true
[EDGE] t=586634.1 cur=(238.9,457.8) d=(-8.0,4.0) fit=(0.0,0.0 2560.0x1440.0) deep=true inside_for=None latched=false
[EDGE] t=586640.0 cur=(223.4,448.9) d=(-15.0,9.0) fit=(0.0,0.0 2560.0x1440.0) deep=true inside_for=None latched=false
[CURSOR] t=586644.4 slot=0 move (242,976) visible=true
[EDGE] t=586649.6 cur=(215.0,443.7) d=(-9.0,6.0) fit=(0.0,0.0 2560.0x1440.0) deep=true inside_for=None latched=false
[EDGE] t=586656.0 cur=(200.3,433.9) d=(-14.0,9.0) fit=(0.0,0.0 2560.0x1440.0) deep=true inside_for=None latched=false
[CURSOR] t=586661.0 slot=0 move (219,990) visible=true
[EDGE] t=586664.9 cur=(185.5,424.1) d=(-15.0,10.0) fit=(0.0,0.0 2560.0x1440.0) deep=true inside_for=None latched=false
[EDGE] t=586671.8 cur=(171.7,413.4) d=(-14.0,11.0) fit=(0.0,0.0 2560.0x1440.0) deep=true inside_for=None latched=false
[CURSOR] t=586677.6 slot=0 move (196,1005) visible=true
[EDGE] t=586679.5 cur=(159.0,403.2) d=(-13.0,10.0) fit=(0.0,0.0 2560.0x1440.0) deep=true inside_for=None latched=false
[EDGE] t=586687.7 cur=(147.6,393.3) d=(-11.0,10.0) fit=(0.0,0.0 2560.0x1440.0) deep=true inside_for=None latched=false
[CURSOR] t=586694.1 slot=0 move (167,1025) visible=true
[EDGE] t=586695.3 cur=(135.4,381.1) d=(-12.0,12.0) fit=(0.0,0.0 2560.0x1440.0) deep=true inside_for=None latched=false
[EDGE] t=586703.7 cur=(123.1,368.8) d=(-13.0,12.0) fit=(0.0,0.0 2560.0x1440.0) deep=true inside_for=None latched=false
[CURSOR] t=586710.8 slot=0 move (131,1057) visible=true
[EDGE] t=586711.5 cur=(102.2,345.8) d=(-20.0,23.0) fit=(0.0,0.0 2560.0x1440.0) deep=true inside_for=None latched=false
[EDGE] t=586719.7 cur=(89.1,330.1) d=(-14.0,16.0) fit=(0.0,0.0 2560.0x1440.0) deep=true inside_for=None latched=false
[CURSOR] t=586727.5 slot=0 move (98,1093) visible=true
[EDGE] t=586727.8 cur=(83.3,322.3) d=(-5.0,8.0) fit=(0.0,0.0 2560.0x1440.0) deep=true inside_for=None latched=false
[EDGE] t=586737.4 cur=(71.5,308.0) d=(-12.0,14.0) fit=(0.0,0.0 2560.0x1440.0) deep=true inside_for=None latched=false
[CURSOR] t=586744.9 slot=0 move (79,1116) visible=true
[EDGE] t=586745.4 cur=(66.9,302.3) d=(-5.0,6.0) fit=(0.0,0.0 2560.0x1440.0) deep=true inside_for=None latched=false
[EDGE] t=586752.8 cur=(57.8,290.9) d=(-9.0,11.0) fit=(0.0,0.0 2560.0x1440.0) deep=true inside_for=None latched=false
[EDGE] t=586760.4 cur=(51.3,283.2) d=(-6.0,8.0) fit=(0.0,0.0 2560.0x1440.0) deep=true inside_for=None latched=false
[CURSOR] t=586761.9 slot=0 move (62,1136) visible=true
[EDGE] t=586780.1 cur=(49.6,280.6) d=(-2.0,3.0) fit=(0.0,0.0 2560.0x1440.0) deep=true inside_for=None latched=false
[EDGE] t=586781.0 cur=(45.9,275.8) d=(-4.0,4.0) fit=(0.0,0.0 2560.0x1440.0) deep=true inside_for=None latched=false
[EDGE] t=586783.7 cur=(43.6,272.6) d=(-2.0,4.0) fit=(0.0,0.0 2560.0x1440.0) deep=true inside_for=None latched=false
[EDGE] t=586791.5 cur=(41.5,270.1) d=(-2.0,2.0) fit=(0.0,0.0 2560.0x1440.0) deep=true inside_for=None latched=false
[CURSOR] t=586794.3 slot=0 move (45,1158) visible=true
[EDGE] t=586799.6 cur=(40.4,268.2) d=(-1.0,2.0) fit=(0.0,0.0 2560.0x1440.0) deep=true inside_for=None latched=false
[EDGE] t=586807.7 cur=(38.2,265.7) d=(-2.0,3.0) fit=(0.0,0.0 2560.0x1440.0) deep=false inside_for=None latched=false
[CURSOR] t=586810.9 slot=0 move (37,1168) visible=true
[EDGE] t=586817.8 cur=(36.6,263.7) d=(-2.0,2.0) fit=(0.0,0.0 2560.0x1440.0) deep=false inside_for=None latched=false
[EDGE] t=586823.7 cur=(33.1,259.6) d=(-4.0,4.0) fit=(0.0,0.0 2560.0x1440.0) deep=false inside_for=None latched=false
[CURSOR] t=586827.7 slot=0 move (34,1173) visible=true
[EDGE] t=586832.8 cur=(28.8,255.3) d=(-4.0,4.0) fit=(0.0,0.0 2560.0x1440.0) deep=false inside_for=None latched=false
[EDGE] t=586839.7 cur=(22.6,248.5) d=(-6.0,7.0) fit=(0.0,0.0 2560.0x1440.0) deep=false inside_for=None latched=false
[CURSOR] t=586843.9 slot=0 move (28,1179) visible=true
[EDGE] t=586849.2 cur=(14.5,240.4) d=(-8.0,8.0) fit=(0.0,0.0 2560.0x1440.0) deep=false inside_for=None latched=false
[EDGE] t=586855.7 cur=(4.9,230.9) d=(-10.0,9.0) fit=(0.0,0.0 2560.0x1440.0) deep=false inside_for=None latched=false
[CURSOR] t=586860.9 slot=0 move (18,1190) visible=true
[EDGE] t=586867.2 cur=(-0.1,226.4) d=(-5.0,5.0) fit=(0.0,0.0 2560.0x1440.0) deep=false inside_for=None latched=false
[CURSOR] t=586878.0 slot=0 move (0,1208) visible=true
[CURSOR] t=586884.0 inside=false on_strip=false blank=false
[EDGE] t=587179.2 cur=(-0.6,226.4) d=(0.0,0.0) fit=(0.0,0.0 2560.0x1440.0) deep=false inside_for=None latched=false
[EDGE] t=587189.2 cur=(-2.7,224.2) d=(-2.0,2.0) fit=(0.0,0.0 2560.0x1440.0) deep=false inside_for=None latched=false
[EDGE] t=587193.4 cur=(-5.4,221.5) d=(-3.0,3.0) fit=(0.0,0.0 2560.0x1440.0) deep=false inside_for=None latched=false
[EDGE] t=587203.3 cur=(-8.2,218.8) d=(-3.0,2.0) fit=(0.0,0.0 2560.0x1440.0) deep=false inside_for=None latched=false
[EDGE] t=587209.1 cur=(-10.4,215.6) d=(-2.0,4.0) fit=(0.0,0.0 2560.0x1440.0) deep=false inside_for=None latched=false
[EDGE] t=587219.1 cur=(-12.5,213.1) d=(-2.0,2.0) fit=(0.0,0.0 2560.0x1440.0) deep=false inside_for=None latched=false
[EDGE] t=587224.8 cur=(-14.7,211.0) d=(-2.0,2.0) fit=(0.0,0.0 2560.0x1440.0) deep=false inside_for=None latched=false
[EDGE] t=587233.1 cur=(-18.0,207.6) d=(-4.0,4.0) fit=(0.0,0.0 2560.0x1440.0) deep=false inside_for=None latched=false
[EDGE] t=587241.2 cur=(-20.9,204.2) d=(-3.0,3.0) fit=(0.0,0.0 2560.0x1440.0) deep=false inside_for=None latched=false
[EDGE] t=587249.8 cur=(-23.0,201.7) d=(-2.0,3.0) fit=(0.0,0.0 2560.0x1440.0) deep=false inside_for=None latched=false
[EDGE] t=587257.3 cur=(-24.6,199.7) d=(-1.0,2.0) fit=(0.0,0.0 2560.0x1440.0) deep=false inside_for=None latched=false
[EDGE] t=587265.8 cur=(-25.7,198.2) d=(-1.0,1.0) fit=(0.0,0.0 2560.0x1440.0) deep=false inside_for=None latched=false
[EDGE] t=587273.0 cur=(-26.3,197.3) d=(-1.0,1.0) fit=(0.0,0.0 2560.0x1440.0) deep=false inside_for=None latched=false
[EDGE] t=587284.8 cur=(-26.9,196.7) d=(-1.0,1.0) fit=(0.0,0.0 2560.0x1440.0) deep=false inside_for=None latched=false
[EDGE] t=587292.1 cur=(-27.2,196.2) d=(0.0,0.0) fit=(0.0,0.0 2560.0x1440.0) deep=false inside_for=None latched=false
[EDGE] t=587296.9 cur=(-27.5,195.9) d=(0.0,0.0) fit=(0.0,0.0 2560.0x1440.0) deep=false inside_for=None latched=false
[EDGE] t=587304.8 cur=(-27.7,195.6) d=(0.0,1.0) fit=(0.0,0.0 2560.0x1440.0) deep=false inside_for=None latched=false
[EDGE] t=587316.1 cur=(-28.0,195.4) d=(-1.0,0.0) fit=(0.0,0.0 2560.0x1440.0) deep=false inside_for=None latched=false
[EDGE] t=587322.3 cur=(-28.5,195.1) d=(0.0,0.0) fit=(0.0,0.0 2560.0x1440.0) deep=false inside_for=None latched=false
[EDGE] t=587329.0 cur=(-29.1,194.8) d=(-1.0,0.0) fit=(0.0,0.0 2560.0x1440.0) deep=false inside_for=None latched=false
[EDGE] t=587337.0 cur=(-29.7,194.5) d=(0.0,1.0) fit=(0.0,0.0 2560.0x1440.0) deep=false inside_for=None latched=false
[EDGE] t=587345.0 cur=(-30.3,194.2) d=(-1.0,0.0) fit=(0.0,0.0 2560.0x1440.0) deep=false inside_for=None latched=false
[EDGE] t=587353.8 cur=(-30.5,194.0) d=(0.0,0.0) fit=(0.0,0.0 2560.0x1440.0) deep=false inside_for=None latched=false
[EDGE] t=587362.0 cur=(-31.1,193.7) d=(-1.0,1.0) fit=(0.0,0.0 2560.0x1440.0) deep=false inside_for=None latched=false
[EDGE] t=587370.5 cur=(-31.3,193.4) d=(0.0,0.0) fit=(0.0,0.0 2560.0x1440.0) deep=false inside_for=None latched=false
[EDGE] t=587377.7 cur=(-31.6,193.2) d=(0.0,0.0) fit=(0.0,0.0 2560.0x1440.0) deep=false inside_for=None latched=false
[EDGE] t=587385.9 cur=(-31.9,192.9) d=(0.0,0.0) fit=(0.0,0.0 2560.0x1440.0) deep=false inside_for=None latched=false
[EDGE] t=587393.5 cur=(-32.1,192.7) d=(-1.0,1.0) fit=(0.0,0.0 2560.0x1440.0) deep=false inside_for=None latched=false
[EDGE] t=587402.5 cur=(-32.4,192.7) d=(0.0,0.0) fit=(0.0,0.0 2560.0x1440.0) deep=false inside_for=None latched=false
[EDGE] t=587409.6 cur=(-32.6,192.4) d=(0.0,0.0) fit=(0.0,0.0 2560.0x1440.0) deep=false inside_for=None latched=false
[EDGE] t=587419.0 cur=(-32.9,192.2) d=(-1.0,0.0) fit=(0.0,0.0 2560.0x1440.0) deep=false inside_for=None latched=false
[EDGE] t=587425.1 cur=(-33.5,191.9) d=(0.0,0.0) fit=(0.0,0.0 2560.0x1440.0) deep=false inside_for=None latched=false
[EDGE] t=587438.1 cur=(-33.7,191.6) d=(0.0,1.0) fit=(0.0,0.0 2560.0x1440.0) deep=false inside_for=None latched=false
[EDGE] t=587441.3 cur=(-34.3,191.0) d=(-1.0,0.0) fit=(0.0,0.0 2560.0x1440.0) deep=false inside_for=None latched=false
[EDGE] t=587449.7 cur=(-34.9,190.5) d=(-1.0,1.0) fit=(0.0,0.0 2560.0x1440.0) deep=false inside_for=None latched=false
[EDGE] t=587457.2 cur=(-35.4,189.9) d=(0.0,0.0) fit=(0.0,0.0 2560.0x1440.0) deep=false inside_for=None latched=false
[EDGE] t=587467.5 cur=(-36.0,189.3) d=(-1.0,1.0) fit=(0.0,0.0 2560.0x1440.0) deep=false inside_for=None latched=false
[EDGE] t=587473.3 cur=(-36.6,188.8) d=(0.0,1.0) fit=(0.0,0.0 2560.0x1440.0) deep=false inside_for=None latched=false
[EDGE] t=587483.0 cur=(-37.1,188.2) d=(-1.0,0.0) fit=(0.0,0.0 2560.0x1440.0) deep=false inside_for=None latched=false
[EDGE] t=587489.5 cur=(-37.7,187.6) d=(0.0,1.0) fit=(0.0,0.0 2560.0x1440.0) deep=false inside_for=None latched=false
[EDGE] t=587497.1 cur=(-38.6,187.0) d=(-1.0,0.0) fit=(0.0,0.0 2560.0x1440.0) deep=false inside_for=None latched=false
[EDGE] t=587506.5 cur=(-39.3,186.1) d=(-1.0,1.0) fit=(0.0,0.0 2560.0x1440.0) deep=false inside_for=None latched=false
[EDGE] t=587513.5 cur=(-40.2,185.4) d=(-1.0,1.0) fit=(0.0,0.0 2560.0x1440.0) deep=false inside_for=None latched=false
[EDGE] t=587521.6 cur=(-41.7,184.3) d=(-1.0,1.0) fit=(0.0,0.0 2560.0x1440.0) deep=false inside_for=None latched=false
[EDGE] t=587529.4 cur=(-42.7,183.3) d=(-1.0,1.0) fit=(0.0,0.0 2560.0x1440.0) deep=false inside_for=None latched=false
[EDGE] t=587537.5 cur=(-44.7,181.7) d=(-2.0,2.0) fit=(0.0,0.0 2560.0x1440.0) deep=false inside_for=None latched=false
[EDGE] t=587546.0 cur=(-46.2,180.2) d=(-2.0,1.0) fit=(0.0,0.0 2560.0x1440.0) deep=false inside_for=None latched=false
[EDGE] t=587555.5 cur=(-48.2,178.7) d=(-2.0,2.0) fit=(0.0,0.0 2560.0x1440.0) deep=false inside_for=None latched=false
[EDGE] t=587561.6 cur=(-50.3,176.5) d=(-2.0,2.0) fit=(0.0,0.0 2560.0x1440.0) deep=false inside_for=None latched=false
[EDGE] t=587569.6 cur=(-52.4,174.4) d=(-2.0,2.0) fit=(0.0,0.0 2560.0x1440.0) deep=false inside_for=None latched=false
[EDGE] t=587577.2 cur=(-55.1,171.7) d=(-3.0,3.0) fit=(0.0,0.0 2560.0x1440.0) deep=false inside_for=None latched=false
[EDGE] t=587587.1 cur=(-57.8,169.0) d=(-2.0,2.0) fit=(0.0,0.0 2560.0x1440.0) deep=false inside_for=None latched=false
[EDGE] t=587593.6 cur=(-60.7,165.6) d=(-3.0,4.0) fit=(0.0,0.0 2560.0x1440.0) deep=false inside_for=None latched=false
[EDGE] t=587602.0 cur=(-64.3,161.6) d=(-4.0,4.0) fit=(0.0,0.0 2560.0x1440.0) deep=false inside_for=None latched=false
[EDGE] t=587609.8 cur=(-67.8,157.5) d=(-3.0,4.0) fit=(0.0,0.0 2560.0x1440.0) deep=false inside_for=None latched=false
[EDGE] t=587619.5 cur=(-71.4,153.4) d=(-4.0,4.0) fit=(0.0,0.0 2560.0x1440.0) deep=false inside_for=None latched=false
[EDGE] t=587625.5 cur=(-74.9,149.4) d=(-4.0,4.0) fit=(0.0,0.0 2560.0x1440.0) deep=false inside_for=None latched=false
[EDGE] t=587635.0 cur=(-76.5,147.4) d=(-1.0,2.0) fit=(0.0,0.0 2560.0x1440.0) deep=false inside_for=None latched=false
[EDGE] t=587642.8 cur=(-78.8,144.2) d=(-2.0,3.0) fit=(0.0,0.0 2560.0x1440.0) deep=false inside_for=None latched=false
[EDGE] t=587649.6 cur=(-81.7,140.8) d=(-3.0,4.0) fit=(0.0,0.0 2560.0x1440.0) deep=false inside_for=None latched=false
[EDGE] t=587657.7 cur=(-83.3,138.9) d=(-2.0,1.0) fit=(0.0,0.0 2560.0x1440.0) deep=false inside_for=None latched=false
[EDGE] t=587665.8 cur=(-84.4,137.4) d=(-1.0,2.0) fit=(0.0,0.0 2560.0x1440.0) deep=false inside_for=None latched=false
[EDGE] t=587673.6 cur=(-85.5,135.9) d=(-1.0,1.0) fit=(0.0,0.0 2560.0x1440.0) deep=false inside_for=None latched=false
[EDGE] t=587681.9 cur=(-85.8,135.3) d=(0.0,1.0) fit=(0.0,0.0 2560.0x1440.0) deep=false inside_for=None latched=false
[EDGE] t=587689.8 cur=(-86.3,134.8) d=(-1.0,1.0) fit=(0.0,0.0 2560.0x1440.0) deep=false inside_for=None latched=false
[EDGE] t=587698.3 cur=(-86.3,134.5) d=(0.0,0.0) fit=(0.0,0.0 2560.0x1440.0) deep=false inside_for=None latched=false
[EDGE] t=587705.7 cur=(-86.3,134.2) d=(0.0,0.0) fit=(0.0,0.0 2560.0x1440.0) deep=false inside_for=None latched=false
[EDGE] t=587746.6 cur=(-86.1,134.2) d=(0.0,0.0) fit=(0.0,0.0 2560.0x1440.0) deep=false inside_for=None latched=false
[EDGE] t=587756.3 cur=(-85.5,134.2) d=(0.0,0.0) fit=(0.0,0.0 2560.0x1440.0) deep=false inside_for=None latched=false
[EDGE] t=587762.1 cur=(-84.6,134.6) d=(1.0,0.0) fit=(0.0,0.0 2560.0x1440.0) deep=false inside_for=None latched=false
[EDGE] t=587771.1 cur=(-84.0,135.1) d=(0.0,0.0) fit=(0.0,0.0 2560.0x1440.0) deep=false inside_for=None latched=false
[EDGE] t=587778.7 cur=(-83.1,135.5) d=(1.0,0.0) fit=(0.0,0.0 2560.0x1440.0) deep=false inside_for=None latched=false
[EDGE] t=587787.0 cur=(-82.5,135.7) d=(1.0,0.0) fit=(0.0,0.0 2560.0x1440.0) deep=false inside_for=None latched=false
[EDGE] t=587795.5 cur=(-81.9,136.0) d=(0.0,-1.0) fit=(0.0,0.0 2560.0x1440.0) deep=false inside_for=None latched=false
[EDGE] t=587803.8 cur=(-81.0,136.3) d=(1.0,0.0) fit=(0.0,0.0 2560.0x1440.0) deep=false inside_for=None latched=false
[EDGE] t=587810.0 cur=(-80.4,136.3) d=(1.0,0.0) fit=(0.0,0.0 2560.0x1440.0) deep=false inside_for=None latched=false
[EDGE] t=587821.7 cur=(-79.4,136.7) d=(1.0,0.0) fit=(0.0,0.0 2560.0x1440.0) deep=false inside_for=None latched=false
[EDGE] t=587826.0 cur=(-78.5,136.7) d=(1.0,0.0) fit=(0.0,0.0 2560.0x1440.0) deep=false inside_for=None latched=false
[EDGE] t=587842.5 cur=(-77.6,137.0) d=(1.0,-1.0) fit=(0.0,0.0 2560.0x1440.0) deep=false inside_for=None latched=false
[EDGE] t=587844.2 cur=(-75.7,137.7) d=(2.0,0.0) fit=(0.0,0.0 2560.0x1440.0) deep=false inside_for=None latched=false
[EDGE] t=587853.0 cur=(-73.9,138.5) d=(1.0,-1.0) fit=(0.0,0.0 2560.0x1440.0) deep=false inside_for=None latched=false
[EDGE] t=587858.0 cur=(-69.3,141.0) d=(5.0,-3.0) fit=(0.0,0.0 2560.0x1440.0) deep=false inside_for=None latched=false
[EDGE] t=587867.5 cur=(-65.2,144.1) d=(4.0,-3.0) fit=(0.0,0.0 2560.0x1440.0) deep=false inside_for=None latched=false
[EDGE] t=587874.1 cur=(-60.4,147.8) d=(5.0,-3.0) fit=(0.0,0.0 2560.0x1440.0) deep=false inside_for=None latched=false
[EDGE] t=587884.1 cur=(-53.6,153.4) d=(7.0,-6.0) fit=(0.0,0.0 2560.0x1440.0) deep=false inside_for=None latched=false
[EDGE] t=587890.4 cur=(-50.2,156.8) d=(3.0,-3.0) fit=(0.0,0.0 2560.0x1440.0) deep=false inside_for=None latched=false
[EDGE] t=587900.6 cur=(-39.5,166.7) d=(11.0,-10.0) fit=(0.0,0.0 2560.0x1440.0) deep=false inside_for=None latched=false
[EDGE] t=587906.1 cur=(-32.4,173.8) d=(7.0,-7.0) fit=(0.0,0.0 2560.0x1440.0) deep=false inside_for=None latched=false
[EDGE] t=587918.2 cur=(-24.3,181.2) d=(8.0,-8.0) fit=(0.0,0.0 2560.0x1440.0) deep=false inside_for=None latched=false
[EDGE] t=587922.1 cur=(-16.2,189.4) d=(8.0,-8.0) fit=(0.0,0.0 2560.0x1440.0) deep=false inside_for=None latched=false
[EDGE] t=587930.3 cur=(-7.4,199.6) d=(9.0,-10.0) fit=(0.0,0.0 2560.0x1440.0) deep=false inside_for=None latched=false
[EDGE] t=587939.4 cur=(1.4,209.9) d=(9.0,-10.0) fit=(0.0,0.0 2560.0x1440.0) deep=false inside_for=None latched=false
[EDGE] t=587946.3 cur=(11.3,220.5) d=(10.0,-11.0) fit=(0.0,0.0 2560.0x1440.0) deep=false inside_for=None latched=false
[EDGE] t=587956.0 cur=(21.6,233.2) d=(10.0,-13.0) fit=(0.0,0.0 2560.0x1440.0) deep=false inside_for=None latched=false
[EDGE] t=587962.3 cur=(31.4,244.6) d=(10.0,-11.0) fit=(0.0,0.0 2560.0x1440.0) deep=false inside_for=None latched=false
[CURSOR] t=587965.9 inside=true on_strip=false blank=false
[EDGE] t=587973.1 cur=(41.3,255.2) d=(10.0,-11.0) fit=(0.0,0.0 2560.0x1440.0) deep=true inside_for=None latched=false
[CURSOR] t=587978.0 slot=0 move (27,1194) visible=true
[EDGE] t=587978.1 cur=(51.2,265.9) d=(9.0,-10.0) fit=(0.0,0.0 2560.0x1440.0) deep=true inside_for=None latched=false
[EDGE] t=587989.6 cur=(55.5,270.2) d=(5.0,-5.0) fit=(0.0,0.0 2560.0x1440.0) deep=true inside_for=None latched=false
[EDGE] t=587994.4 cur=(63.6,278.3) d=(8.0,-8.0) fit=(0.0,0.0 2560.0x1440.0) deep=true inside_for=None latched=false
[CURSOR] t=587994.7 slot=0 move (47,1173) visible=true
[EDGE] t=588006.0 cur=(69.8,285.1) d=(6.0,-7.0) fit=(0.0,0.0 2560.0x1440.0) deep=true inside_for=None latched=false
[EDGE] t=588010.4 cur=(76.6,291.3) d=(7.0,-6.0) fit=(0.0,0.0 2560.0x1440.0) deep=true inside_for=None latched=false
[CURSOR] t=588012.0 slot=0 move (59,1160) visible=true
[EDGE] t=588019.8 cur=(82.8,297.5) d=(6.0,-6.0) fit=(0.0,0.0 2560.0x1440.0) deep=true inside_for=None latched=false
[EDGE] t=588026.2 cur=(87.9,302.6) d=(5.0,-5.0) fit=(0.0,0.0 2560.0x1440.0) deep=true inside_for=None latched=false
[CURSOR] t=588029.3 slot=0 move (72,1147) visible=true
[EDGE] t=588036.7 cur=(92.4,307.7) d=(5.0,-5.0) fit=(0.0,0.0 2560.0x1440.0) deep=true inside_for=None latched=false
[EDGE] t=588042.4 cur=(95.8,311.1) d=(3.0,-4.0) fit=(0.0,0.0 2560.0x1440.0) deep=true inside_for=None latched=false
[CURSOR] t=588044.9 slot=0 move (83,1136) visible=true
[EDGE] t=588050.9 cur=(99.2,314.4) d=(3.0,-3.0) fit=(0.0,0.0 2560.0x1440.0) deep=true inside_for=None latched=false
[EDGE] t=588058.5 cur=(100.6,315.9) d=(2.0,-1.0) fit=(0.0,0.0 2560.0x1440.0) deep=true inside_for=None latched=false
[CURSOR] t=588062.4 slot=0 move (91,1127) visible=true
[EDGE] t=588068.4 cur=(105.7,320.4) d=(5.0,-5.0) fit=(0.0,0.0 2560.0x1440.0) deep=true inside_for=None latched=false
[EDGE] t=588074.3 cur=(106.7,321.4) d=(1.0,-1.0) fit=(0.0,0.0 2560.0x1440.0) deep=true inside_for=None latched=false
[CURSOR] t=588078.7 slot=0 move (96,1123) visible=true
[EDGE] t=588085.0 cur=(109.3,323.6) d=(3.0,-2.0) fit=(0.0,0.0 2560.0x1440.0) deep=true inside_for=None latched=false
[EDGE] t=588090.7 cur=(111.3,325.2) d=(2.0,-2.0) fit=(0.0,0.0 2560.0x1440.0) deep=true inside_for=None latched=false
[CURSOR] t=588095.0 slot=0 move (102,1117) visible=true
[EDGE] t=588102.2 cur=(113.4,327.3) d=(2.0,-2.0) fit=(0.0,0.0 2560.0x1440.0) deep=true inside_for=None latched=false
[EDGE] t=588107.8 cur=(115.4,328.9) d=(2.0,-1.0) fit=(0.0,0.0 2560.0x1440.0) deep=true inside_for=None latched=false
[CURSOR] t=588111.2 slot=0 move (107,1113) visible=true
[EDGE] t=588117.2 cur=(116.9,330.0) d=(1.0,-2.0) fit=(0.0,0.0 2560.0x1440.0) deep=true inside_for=None latched=false
[EDGE] t=588122.5 cur=(118.3,331.5) d=(2.0,-1.0) fit=(0.0,0.0 2560.0x1440.0) deep=true inside_for=None latched=false
[CURSOR] t=588128.3 slot=0 move (111,1110) visible=true
[EDGE] t=588130.7 cur=(119.7,332.2) d=(1.0,-1.0) fit=(0.0,0.0 2560.0x1440.0) deep=true inside_for=None latched=false
[EDGE] t=588139.3 cur=(120.6,332.8) d=(1.0,0.0) fit=(0.0,0.0 2560.0x1440.0) deep=true inside_for=None latched=false
[CURSOR] t=588145.6 slot=0 move (114,1107) visible=true
[CURSOR] t=588161.4 slot=0 move (116,1106) visible=true
[GRABSTATE] t=588510.2 captured=false key=true on_active_space=true has_screen=true app_active=true
[MENUBAR] t=588510.4 visible=false top_gaps=[30, 33]
[EDGE] t=589173.8 cur=(120.2,332.6) d=(0.0,0.0) fit=(0.0,0.0 2560.0x1440.0) deep=true inside_for=Some(0) latched=false
[EDGE] t=589191.8 cur=(118.2,331.0) d=(-2.0,0.0) fit=(0.0,0.0 2560.0x1440.0) deep=true inside_for=Some(18) latched=false
[CURSOR] t=589198.1 slot=0 move (116,1106) visible=true
[EDGE] t=589204.7 cur=(115.6,328.8) d=(-2.0,3.0) fit=(0.0,0.0 2560.0x1440.0) deep=true inside_for=Some(31) latched=false
[EDGE] t=589205.4 cur=(113.1,327.1) d=(-3.0,1.0) fit=(0.0,0.0 2560.0x1440.0) deep=true inside_for=Some(31) latched=false
[EDGE] t=589206.7 cur=(110.5,325.4) d=(-2.0,2.0) fit=(0.0,0.0 2560.0x1440.0) deep=true inside_for=Some(32) latched=false
[EDGE] t=589213.3 cur=(108.1,324.3) d=(-3.0,1.0) fit=(0.0,0.0 2560.0x1440.0) deep=true inside_for=Some(39) latched=false
[EDGE] t=589222.3 cur=(103.6,321.2) d=(-4.0,3.0) fit=(0.0,0.0 2560.0x1440.0) deep=true inside_for=Some(48) latched=false
[CURSOR] t=589227.0 slot=0 move (104,1114) visible=true
[EDGE] t=589229.5 cur=(99.0,318.7) d=(-5.0,3.0) fit=(0.0,0.0 2560.0x1440.0) deep=true inside_for=Some(55) latched=false
[EDGE] t=589240.0 cur=(93.6,315.5) d=(-5.0,3.0) fit=(0.0,0.0 2560.0x1440.0) deep=true inside_for=Some(66) latched=false
[CURSOR] t=589243.7 slot=0 move (94,1120) visible=true
[EDGE] t=589245.4 cur=(89.0,312.9) d=(-5.0,3.0) fit=(0.0,0.0 2560.0x1440.0) deep=true inside_for=Some(71) latched=false
[EDGE] t=589253.4 cur=(79.6,307.5) d=(-9.0,5.0) fit=(0.0,0.0 2560.0x1440.0) deep=true inside_for=Some(79) latched=false
[CURSOR] t=589260.3 slot=0 move (84,1126) visible=true
[EDGE] t=589262.1 cur=(75.7,305.1) d=(-4.0,2.0) fit=(0.0,0.0 2560.0x1440.0) deep=true inside_for=Some(88) latched=false
[EDGE] t=589274.0 cur=(70.1,301.2) d=(-6.0,4.0) fit=(0.0,0.0 2560.0x1440.0) deep=true inside_for=Some(100) latched=false
[EDGE] t=589276.8 cur=(65.0,296.6) d=(-5.0,5.0) fit=(0.0,0.0 2560.0x1440.0) deep=true inside_for=Some(103) latched=false
[CURSOR] t=589277.2 slot=0 move (71,1133) visible=true
[EDGE] t=589286.3 cur=(59.9,291.6) d=(-5.0,5.0) fit=(0.0,0.0 2560.0x1440.0) deep=true inside_for=Some(112) latched=false
[EDGE] t=589295.9 cur=(55.1,287.8) d=(-5.0,4.0) fit=(0.0,0.0 2560.0x1440.0) deep=true inside_for=Some(122) latched=false
[CURSOR] t=589296.0 slot=0 move (60,1142) visible=true
[EDGE] t=589302.5 cur=(53.5,285.8) d=(-1.0,2.0) fit=(0.0,0.0 2560.0x1440.0) deep=true inside_for=Some(128) latched=false
[EDGE] t=589308.9 cur=(50.6,282.5) d=(-3.0,3.0) fit=(0.0,0.0 2560.0x1440.0) deep=true inside_for=Some(135) latched=false
[CURSOR] t=589310.1 slot=0 move (50,1151) visible=true
[EDGE] t=589325.2 cur=(47.9,279.7) d=(-3.0,3.0) fit=(0.0,0.0 2560.0x1440.0) deep=true inside_for=Some(151) latched=false
[EDGE] t=589326.3 cur=(45.8,277.6) d=(-2.0,2.0) fit=(0.0,0.0 2560.0x1440.0) deep=true inside_for=Some(152) latched=false
[CURSOR] t=589327.1 slot=0 move (46,1156) visible=true
[EDGE] t=589336.1 cur=(44.7,275.8) d=(-1.0,2.0) fit=(0.0,0.0 2560.0x1440.0) deep=true inside_for=Some(162) latched=false
[EDGE] t=589341.3 cur=(43.6,274.8) d=(-1.0,1.0) fit=(0.0,0.0 2560.0x1440.0) deep=true inside_for=Some(167) latched=false
[CURSOR] t=589344.0 slot=0 move (41,1161) visible=true
[EDGE] t=589357.0 cur=(43.1,274.2) d=(-1.0,0.0) fit=(0.0,0.0 2560.0x1440.0) deep=true inside_for=Some(183) latched=false
[EDGE] t=589357.6 cur=(42.5,273.6) d=(0.0,1.0) fit=(0.0,0.0 2560.0x1440.0) deep=true inside_for=Some(183) latched=false
[CURSOR] t=589360.5 slot=0 move (39,1164) visible=true
[EDGE] t=589368.2 cur=(42.2,273.0) d=(0.0,0.0) fit=(0.0,0.0 2560.0x1440.0) deep=true inside_for=Some(194) latched=false
[EDGE] t=589374.2 cur=(41.9,272.8) d=(-1.0,1.0) fit=(0.0,0.0 2560.0x1440.0) deep=true inside_for=Some(200) latched=false
[CURSOR] t=589377.2 slot=0 move (38,1165) visible=true
[EDGE] t=589381.6 cur=(41.7,272.5) d=(0.0,0.0) fit=(0.0,0.0 2560.0x1440.0) deep=true inside_for=Some(207) latched=false
[EDGE] t=589392.2 cur=(41.1,272.0) d=(-1.0,1.0) fit=(0.0,0.0 2560.0x1440.0) deep=true inside_for=Some(218) latched=false
[CURSOR] t=589393.8 slot=0 move (37,1166) visible=true
[EDGE] t=589397.0 cur=(40.5,271.4) d=(0.0,0.0) fit=(0.0,0.0 2560.0x1440.0) deep=true inside_for=Some(223) latched=false
[EDGE] t=589405.3 cur=(39.5,270.4) d=(-1.0,1.0) fit=(0.0,0.0 2560.0x1440.0) deep=false inside_for=None latched=false
[CURSOR] t=589410.0 slot=0 move (36,1167) visible=true
[EDGE] t=589413.5 cur=(38.4,268.9) d=(-1.0,2.0) fit=(0.0,0.0 2560.0x1440.0) deep=false inside_for=None latched=false
[EDGE] t=589425.7 cur=(36.9,267.4) d=(-2.0,1.0) fit=(0.0,0.0 2560.0x1440.0) deep=false inside_for=None latched=false
[CURSOR] t=589426.7 slot=0 move (34,1170) visible=true
[EDGE] t=589429.3 cur=(35.4,265.9) d=(-1.0,2.0) fit=(0.0,0.0 2560.0x1440.0) deep=false inside_for=None latched=false
[EDGE] t=589437.4 cur=(33.7,263.4) d=(-2.0,2.0) fit=(0.0,0.0 2560.0x1440.0) deep=false inside_for=None latched=false
[CURSOR] t=589443.6 slot=0 move (31,1173) visible=true
[EDGE] t=589445.4 cur=(32.2,262.3) d=(-1.0,1.0) fit=(0.0,0.0 2560.0x1440.0) deep=false inside_for=None latched=false
[EDGE] t=589453.6 cur=(29.4,258.9) d=(-3.0,4.0) fit=(0.0,0.0 2560.0x1440.0) deep=false inside_for=None latched=false
[CURSOR] t=589461.2 slot=0 move (28,1176) visible=true
[EDGE] t=589462.4 cur=(27.2,256.4) d=(-2.0,2.0) fit=(0.0,0.0 2560.0x1440.0) deep=false inside_for=None latched=false
[EDGE] t=589471.9 cur=(26.2,255.4) d=(-1.0,1.0) fit=(0.0,0.0 2560.0x1440.0) deep=false inside_for=None latched=false
[EDGE] t=589477.0 cur=(22.8,252.0) d=(-4.0,4.0) fit=(0.0,0.0 2560.0x1440.0) deep=false inside_for=None latched=false
[CURSOR] t=589477.3 slot=0 move (23,1182) visible=true
[EDGE] t=589491.1 cur=(20.7,249.9) d=(-2.0,2.0) fit=(0.0,0.0 2560.0x1440.0) deep=false inside_for=None latched=false
[EDGE] t=589493.4 cur=(18.2,247.7) d=(-2.0,2.0) fit=(0.0,0.0 2560.0x1440.0) deep=false inside_for=None latched=false
[CURSOR] t=589493.9 slot=0 move (18,1186) visible=true
[EDGE] t=589502.7 cur=(15.6,245.6) d=(-3.0,2.0) fit=(0.0,0.0 2560.0x1440.0) deep=false inside_for=None latched=false
[EDGE] t=589509.3 cur=(12.4,243.4) d=(-3.0,2.0) fit=(0.0,0.0 2560.0x1440.0) deep=false inside_for=None latched=false
[CURSOR] t=589513.2 slot=0 move (14,1191) visible=true
[EDGE] t=589522.9 cur=(8.4,240.3) d=(-4.0,3.0) fit=(0.0,0.0 2560.0x1440.0) deep=false inside_for=None latched=false
[EDGE] t=589525.8 cur=(4.3,237.3) d=(-4.0,3.0) fit=(0.0,0.0 2560.0x1440.0) deep=false inside_for=None latched=false
[CURSOR] t=589527.9 slot=0 move (8,1195) visible=true
[EDGE] t=589539.7 cur=(0.2,234.2) d=(-4.0,3.0) fit=(0.0,0.0 2560.0x1440.0) deep=false inside_for=None latched=false
[EDGE] t=589541.5 cur=(-3.8,231.2) d=(-4.0,3.0) fit=(0.0,0.0 2560.0x1440.0) deep=false inside_for=None latched=false
[CURSOR] t=589543.9 slot=0 move (0,1201) visible=true
[CURSOR] t=589551.1 inside=false on_strip=false blank=false
[EDGE] t=589560.5 cur=(-5.3,230.1) d=(-2.0,1.0) fit=(0.0,0.0 2560.0x1440.0) deep=false inside_for=None latched=false
[EDGE] t=589562.9 cur=(-7.9,227.9) d=(-2.0,3.0) fit=(0.0,0.0 2560.0x1440.0) deep=false inside_for=None latched=false
[EDGE] t=589565.2 cur=(-9.9,226.3) d=(-2.0,1.0) fit=(0.0,0.0 2560.0x1440.0) deep=false inside_for=None latched=false
[EDGE] t=589573.5 cur=(-11.3,225.2) d=(-2.0,1.0) fit=(0.0,0.0 2560.0x1440.0) deep=false inside_for=None latched=false
[EDGE] t=589583.6 cur=(-12.4,224.2) d=(-1.0,1.0) fit=(0.0,0.0 2560.0x1440.0) deep=false inside_for=None latched=false
[EDGE] t=589590.4 cur=(-12.9,223.6) d=(-1.0,1.0) fit=(0.0,0.0 2560.0x1440.0) deep=false inside_for=None latched=false
[EDGE] t=589597.5 cur=(-13.5,223.4) d=(0.0,0.0) fit=(0.0,0.0 2560.0x1440.0) deep=false inside_for=None latched=false
[EDGE] t=589609.6 cur=(-13.8,223.1) d=(0.0,0.0) fit=(0.0,0.0 2560.0x1440.0) deep=false inside_for=None latched=false
[EDGE] t=589615.4 cur=(-13.8,222.8) d=(0.0,1.0) fit=(0.0,0.0 2560.0x1440.0) deep=false inside_for=None latched=false
[EDGE] t=589621.8 cur=(-14.0,222.6) d=(-1.0,0.0) fit=(0.0,0.0 2560.0x1440.0) deep=false inside_for=None latched=false
[EDGE] t=589663.1 cur=(-14.0,222.4) d=(0.0,0.0) fit=(0.0,0.0 2560.0x1440.0) deep=false inside_for=None latched=false
[EDGE] t=589681.6 cur=(-14.3,222.4) d=(0.0,0.0) fit=(0.0,0.0 2560.0x1440.0) deep=false inside_for=None latched=false
[EDGE] t=589702.4 cur=(-14.5,222.4) d=(0.0,0.0) fit=(0.0,0.0 2560.0x1440.0) deep=false inside_for=None latched=false
[EDGE] t=589711.4 cur=(-14.8,222.4) d=(0.0,0.0) fit=(0.0,0.0 2560.0x1440.0) deep=false inside_for=None latched=false
[EDGE] t=589721.6 cur=(-15.0,222.4) d=(-1.0,0.0) fit=(0.0,0.0 2560.0x1440.0) deep=false inside_for=None latched=false
[EDGE] t=589725.6 cur=(-15.6,222.1) d=(0.0,0.0) fit=(0.0,0.0 2560.0x1440.0) deep=false inside_for=None latched=false
[EDGE] t=589738.0 cur=(-16.2,221.8) d=(-1.0,1.0) fit=(0.0,0.0 2560.0x1440.0) deep=false inside_for=None latched=false
[EDGE] t=589741.8 cur=(-17.1,221.5) d=(-1.0,0.0) fit=(0.0,0.0 2560.0x1440.0) deep=false inside_for=None latched=false
[EDGE] t=589755.4 cur=(-18.0,220.8) d=(-1.0,1.0) fit=(0.0,0.0 2560.0x1440.0) deep=false inside_for=None latched=false
[EDGE] t=589757.7 cur=(-19.1,219.8) d=(-1.0,1.0) fit=(0.0,0.0 2560.0x1440.0) deep=false inside_for=None latched=false
[EDGE] t=589765.7 cur=(-20.4,219.1) d=(-1.0,0.0) fit=(0.0,0.0 2560.0x1440.0) deep=false inside_for=None latched=false
[EDGE] t=589773.8 cur=(-21.5,217.7) d=(-1.0,2.0) fit=(0.0,0.0 2560.0x1440.0) deep=false inside_for=None latched=false
[EDGE] t=589781.5 cur=(-22.5,216.6) d=(-1.0,1.0) fit=(0.0,0.0 2560.0x1440.0) deep=false inside_for=None latched=false
[EDGE] t=589789.7 cur=(-24.1,214.7) d=(-2.0,2.0) fit=(0.0,0.0 2560.0x1440.0) deep=false inside_for=None latched=false
[EDGE] t=589799.6 cur=(-25.7,212.7) d=(-1.0,2.0) fit=(0.0,0.0 2560.0x1440.0) deep=false inside_for=None latched=false
[EDGE] t=589806.7 cur=(-27.8,210.1) d=(-2.0,2.0) fit=(0.0,0.0 2560.0x1440.0) deep=false inside_for=None latched=false
[EDGE] t=589814.1 cur=(-30.1,207.0) d=(-3.0,4.0) fit=(0.0,0.0 2560.0x1440.0) deep=false inside_for=None latched=false
[EDGE] t=589822.6 cur=(-33.0,203.6) d=(-3.0,3.0) fit=(0.0,0.0 2560.0x1440.0) deep=false inside_for=None latched=false
[EDGE] t=589830.4 cur=(-36.3,200.2) d=(-3.0,3.0) fit=(0.0,0.0 2560.0x1440.0) deep=false inside_for=None latched=false
[EDGE] t=589838.4 cur=(-39.4,196.2) d=(-3.0,4.0) fit=(0.0,0.0 2560.0x1440.0) deep=false inside_for=None latched=false
[EDGE] t=589846.5 cur=(-43.7,191.9) d=(-4.0,5.0) fit=(0.0,0.0 2560.0x1440.0) deep=false inside_for=None latched=false
[EDGE] t=589855.9 cur=(-47.2,187.8) d=(-4.0,4.0) fit=(0.0,0.0 2560.0x1440.0) deep=false inside_for=None latched=false
[EDGE] t=589862.5 cur=(-55.4,179.7) d=(-8.0,8.0) fit=(0.0,0.0 2560.0x1440.0) deep=false inside_for=None latched=false
[EDGE] t=589870.9 cur=(-58.2,176.3) d=(-3.0,3.0) fit=(0.0,0.0 2560.0x1440.0) deep=false inside_for=None latched=false
[EDGE] t=589877.9 cur=(-63.3,171.3) d=(-5.0,5.0) fit=(0.0,0.0 2560.0x1440.0) deep=false inside_for=None latched=false
[EDGE] t=589890.7 cur=(-69.2,165.9) d=(-6.0,6.0) fit=(0.0,0.0 2560.0x1440.0) deep=false inside_for=None latched=false
[EDGE] t=589895.3 cur=(-73.8,160.8) d=(-4.0,5.0) fit=(0.0,0.0 2560.0x1440.0) deep=false inside_for=None latched=false
[EDGE] t=589905.3 cur=(-78.0,156.6) d=(-5.0,4.0) fit=(0.0,0.0 2560.0x1440.0) deep=false inside_for=None latched=false
[EDGE] t=590592.5 cur=(-79.0,156.6) d=(-1.0,0.0) fit=(0.0,0.0 2560.0x1440.0) deep=false inside_for=None latched=false
[EDGE] t=590599.7 cur=(-80.8,156.6) d=(-1.0,0.0) fit=(0.0,0.0 2560.0x1440.0) deep=false inside_for=None latched=false
[EDGE] t=590610.9 cur=(-82.7,157.3) d=(-2.0,0.0) fit=(0.0,0.0 2560.0x1440.0) deep=false inside_for=None latched=false
[EDGE] t=590615.9 cur=(-84.5,158.4) d=(-2.0,-1.0) fit=(0.0,0.0 2560.0x1440.0) deep=false inside_for=None latched=false
[EDGE] t=590624.0 cur=(-87.7,160.2) d=(-3.0,-2.0) fit=(0.0,0.0 2560.0x1440.0) deep=false inside_for=None latched=false
[EDGE] t=590631.8 cur=(-89.1,161.3) d=(-2.0,-1.0) fit=(0.0,0.0 2560.0x1440.0) deep=false inside_for=None latched=false
[EDGE] t=590641.4 cur=(-91.3,163.5) d=(-2.0,-2.0) fit=(0.0,0.0 2560.0x1440.0) deep=false inside_for=None latched=false
[EDGE] t=590647.8 cur=(-92.4,164.9) d=(-1.0,-1.0) fit=(0.0,0.0 2560.0x1440.0) deep=false inside_for=None latched=false
[EDGE] t=590658.7 cur=(-94.2,168.1) d=(-2.0,-4.0) fit=(0.0,0.0 2560.0x1440.0) deep=false inside_for=None latched=false
[EDGE] t=590663.8 cur=(-94.6,170.5) d=(0.0,-2.0) fit=(0.0,0.0 2560.0x1440.0) deep=false inside_for=None latched=false
[EDGE] t=590676.3 cur=(-94.6,172.9) d=(0.0,-2.0) fit=(0.0,0.0 2560.0x1440.0) deep=false inside_for=None latched=false
[EDGE] t=590680.2 cur=(-94.6,175.3) d=(0.0,-3.0) fit=(0.0,0.0 2560.0x1440.0) deep=false inside_for=None latched=false
[EDGE] t=590691.4 cur=(-93.4,177.6) d=(0.0,-2.0) fit=(0.0,0.0 2560.0x1440.0) deep=false inside_for=None latched=false
[EDGE] t=590695.7 cur=(-91.1,180.8) d=(2.0,-3.0) fit=(0.0,0.0 2560.0x1440.0) deep=false inside_for=None latched=false
[EDGE] t=590704.0 cur=(-87.8,184.2) d=(4.0,-4.0) fit=(0.0,0.0 2560.0x1440.0) deep=false inside_for=None latched=false
[EDGE] t=590711.9 cur=(-81.5,190.4) d=(6.0,-6.0) fit=(0.0,0.0 2560.0x1440.0) deep=false inside_for=None latched=false
[EDGE] t=590720.8 cur=(-76.5,194.9) d=(5.0,-4.0) fit=(0.0,0.0 2560.0x1440.0) deep=false inside_for=None latched=false
[EDGE] t=590728.5 cur=(-70.5,200.2) d=(6.0,-6.0) fit=(0.0,0.0 2560.0x1440.0) deep=false inside_for=None latched=false
[EDGE] t=590737.6 cur=(-63.4,207.4) d=(7.0,-7.0) fit=(0.0,0.0 2560.0x1440.0) deep=false inside_for=None latched=false
[EDGE] t=590744.2 cur=(-49.9,220.9) d=(13.0,-13.0) fit=(0.0,0.0 2560.0x1440.0) deep=false inside_for=None latched=false
[EDGE] t=590758.3 cur=(-44.3,227.7) d=(6.0,-7.0) fit=(0.0,0.0 2560.0x1440.0) deep=false inside_for=None latched=false
[EDGE] t=590761.8 cur=(-33.6,238.4) d=(11.0,-11.0) fit=(0.0,0.0 2560.0x1440.0) deep=false inside_for=None latched=false
[EDGE] t=590772.9 cur=(-23.8,249.8) d=(10.0,-11.0) fit=(0.0,0.0 2560.0x1440.0) deep=false inside_for=None latched=false
[EDGE] t=590776.1 cur=(-13.9,260.4) d=(9.0,-11.0) fit=(0.0,0.0 2560.0x1440.0) deep=false inside_for=None latched=false
[EDGE] t=590791.3 cur=(-10.1,265.3) d=(4.0,-5.0) fit=(0.0,0.0 2560.0x1440.0) deep=false inside_for=None latched=false
[EDGE] t=590792.3 cur=(-3.6,273.1) d=(7.0,-7.0) fit=(0.0,0.0 2560.0x1440.0) deep=false inside_for=None latched=false
[EDGE] t=590809.3 cur=(2.0,279.9) d=(5.0,-7.0) fit=(0.0,0.0 2560.0x1440.0) deep=false inside_for=None latched=false
[EDGE] t=590810.8 cur=(4.1,282.4) d=(2.0,-3.0) fit=(0.0,0.0 2560.0x1440.0) deep=false inside_for=None latched=false
[EDGE] t=590815.9 cur=(7.6,286.5) d=(4.0,-4.0) fit=(0.0,0.0 2560.0x1440.0) deep=false inside_for=None latched=false
[EDGE] t=590825.0 cur=(11.0,289.9) d=(3.0,-3.0) fit=(0.0,0.0 2560.0x1440.0) deep=false inside_for=None latched=false
[EDGE] t=590832.0 cur=(13.6,292.0) d=(3.0,-2.0) fit=(0.0,0.0 2560.0x1440.0) deep=false inside_for=None latched=false
[CURSOR] t=590835.1 inside=true on_strip=false blank=false
[CURSOR] t=590845.0 slot=0 move (9,1146) visible=true
[EDGE] t=591107.6 cur=(13.8,292.0) d=(0.0,0.0) fit=(0.0,0.0 2560.0x1440.0) deep=false inside_for=None latched=false
[EDGE] t=591113.3 cur=(17.0,293.8) d=(3.0,-2.0) fit=(0.0,0.0 2560.0x1440.0) deep=false inside_for=None latched=false
[EDGE] t=591124.9 cur=(20.3,296.7) d=(4.0,-3.0) fit=(0.0,0.0 2560.0x1440.0) deep=false inside_for=None latched=false
[CURSOR] t=591127.8 slot=0 move (12,1145) visible=true
[EDGE] t=591128.1 cur=(24.6,301.0) d=(4.0,-4.0) fit=(0.0,0.0 2560.0x1440.0) deep=false inside_for=None latched=false
[EDGE] t=591146.9 cur=(29.9,306.9) d=(5.0,-6.0) fit=(0.0,0.0 2560.0x1440.0) deep=false inside_for=None latched=false
[EDGE] t=591148.3 cur=(35.5,313.7) d=(6.0,-7.0) fit=(0.0,0.0 2560.0x1440.0) deep=false inside_for=None latched=false
[EDGE] t=591157.6 cur=(41.7,319.9) d=(6.0,-6.0) fit=(0.0,0.0 2560.0x1440.0) deep=true inside_for=Some(0) latched=false
[EDGE] t=591160.8 cur=(52.8,331.8) d=(11.0,-12.0) fit=(0.0,0.0 2560.0x1440.0) deep=true inside_for=Some(3) latched=false
[CURSOR] t=591163.0 slot=0 move (31,1125) visible=true
[EDGE] t=591174.2 cur=(65.0,344.9) d=(12.0,-13.0) fit=(0.0,0.0 2560.0x1440.0) deep=true inside_for=Some(16) latched=false
[EDGE] t=591176.5 cur=(76.1,356.7) d=(11.0,-12.0) fit=(0.0,0.0 2560.0x1440.0) deep=true inside_for=Some(18) latched=false
[CURSOR] t=591176.9 slot=0 move (48,1107) visible=true
[EDGE] t=591192.8 cur=(85.9,367.3) d=(10.0,-11.0) fit=(0.0,0.0 2560.0x1440.0) deep=true inside_for=Some(35) latched=false
[EDGE] t=591194.7 cur=(90.5,372.4) d=(5.0,-5.0) fit=(0.0,0.0 2560.0x1440.0) deep=true inside_for=Some(37) latched=false
[CURSOR] t=591196.6 slot=0 move (72,1082) visible=true
[EDGE] t=591204.2 cur=(99.6,380.9) d=(9.0,-8.0) fit=(0.0,0.0 2560.0x1440.0) deep=true inside_for=Some(46) latched=false
[EDGE] t=591208.7 cur=(106.4,387.1) d=(7.0,-6.0) fit=(0.0,0.0 2560.0x1440.0) deep=true inside_for=Some(51) latched=false
[CURSOR] t=591211.0 slot=0 move (86,1066) visible=true
[EDGE] t=591218.2 cur=(113.3,393.3) d=(7.0,-7.0) fit=(0.0,0.0 2560.0x1440.0) deep=true inside_for=Some(60) latched=false
[CURSOR] t=591226.6 slot=0 move (102,1051) visible=true
[EDGE] t=591227.5 cur=(120.1,398.9) d=(6.0,-5.0) fit=(0.0,0.0 2560.0x1440.0) deep=true inside_for=Some(69) latched=false
[EDGE] t=591234.8 cur=(125.7,403.4) d=(6.0,-5.0) fit=(0.0,0.0 2560.0x1440.0) deep=true inside_for=Some(77) latched=false
[EDGE] t=591241.1 cur=(130.8,408.5) d=(5.0,-5.0) fit=(0.0,0.0 2560.0x1440.0) deep=true inside_for=Some(83) latched=false
[CURSOR] t=591243.3 slot=0 move (116,1040) visible=true
[EDGE] t=591248.7 cur=(135.9,413.6) d=(5.0,-5.0) fit=(0.0,0.0 2560.0x1440.0) deep=true inside_for=Some(91) latched=false
[EDGE] t=591257.1 cur=(141.0,418.6) d=(5.0,-5.0) fit=(0.0,0.0 2560.0x1440.0) deep=true inside_for=Some(99) latched=false
[CURSOR] t=591262.0 slot=0 move (126,1030) visible=true
[EDGE] t=591265.0 cur=(145.2,422.9) d=(5.0,-4.0) fit=(0.0,0.0 2560.0x1440.0) deep=true inside_for=Some(107) latched=false
[EDGE] t=591274.0 cur=(149.3,426.5) d=(4.0,-4.0) fit=(0.0,0.0 2560.0x1440.0) deep=true inside_for=Some(116) latched=false
[CURSOR] t=591277.2 slot=0 move (141,1016) visible=true
[EDGE] t=591281.3 cur=(151.3,428.1) d=(2.0,-1.0) fit=(0.0,0.0 2560.0x1440.0) deep=true inside_for=Some(123) latched=false
[EDGE] t=591289.9 cur=(154.2,431.5) d=(3.0,-4.0) fit=(0.0,0.0 2560.0x1440.0) deep=true inside_for=Some(132) latched=false
[CURSOR] t=591293.7 slot=0 move (147,1010) visible=true
[EDGE] t=591296.8 cur=(156.7,433.6) d=(2.0,-2.0) fit=(0.0,0.0 2560.0x1440.0) deep=true inside_for=Some(139) latched=false
[EDGE] t=591306.7 cur=(158.7,435.2) d=(2.0,-1.0) fit=(0.0,0.0 2560.0x1440.0) deep=true inside_for=Some(149) latched=false
[EDGE] t=591313.0 cur=(160.1,435.9) d=(1.0,-1.0) fit=(0.0,0.0 2560.0x1440.0) deep=true inside_for=Some(155) latched=false
[CURSOR] t=591313.2 slot=0 move (152,1005) visible=true
[EDGE] t=591325.3 cur=(160.7,436.8) d=(1.0,-1.0) fit=(0.0,0.0 2560.0x1440.0) deep=true inside_for=Some(167) latched=false
[CURSOR] t=591326.8 slot=0 move (155,1003) visible=true
[EDGE] t=591328.9 cur=(161.3,437.1) d=(1.0,0.0) fit=(0.0,0.0 2560.0x1440.0) deep=true inside_for=Some(171) latched=false
[EDGE] t=591340.3 cur=(161.5,437.3) d=(0.0,-1.0) fit=(0.0,0.0 2560.0x1440.0) deep=true inside_for=Some(182) latched=false
[CURSOR] t=591343.3 slot=0 move (157,1001) visible=true
[EDGE] t=591345.2 cur=(161.8,437.6) d=(0.0,0.0) fit=(0.0,0.0 2560.0x1440.0) deep=true inside_for=Some(187) latched=false
[EDGE] t=591357.7 cur=(162.0,437.6) d=(0.0,0.0) fit=(0.0,0.0 2560.0x1440.0) deep=true inside_for=Some(200) latched=false
[CURSOR] t=591360.1 slot=0 move (157,1001) visible=true
[EDGE] t=591361.7 cur=(162.3,437.6) d=(1.0,0.0) fit=(0.0,0.0 2560.0x1440.0) deep=true inside_for=Some(204) latched=false
[CURSOR] t=591377.2 slot=0 move (158,1001) visible=true
[EDGE] t=591377.3 cur=(162.3,437.9) d=(0.0,0.0) fit=(0.0,0.0 2560.0x1440.0) deep=true inside_for=Some(219) latched=false
[CURSOR] t=591393.8 slot=0 move (158,1001) visible=true
[2026-08-20T17:00:27Z INFO  limina::window::input] pointer capture: ON (Cmd-Ctrl-G to release)
[2026-08-20T17:00:27Z DEBUG limina::window::input] input: released 2 held key(s) on focus loss
[GRABSTATE] t=592583.6 captured=true key=true on_active_space=true has_screen=true app_active=true
[CURSORLAYER] t=592584.1 slot=0 layer shows at guest=(158,1001) frame=(154,376 64x64)
[CAP] t=593429.5 d=(0.0,0.0) -> desktop=(1641.8,801.7) view=(162.3,437.9)
[CAP] t=593441.6 d=(-4.0,0.0) -> desktop=(1638.6,801.7) view=(158.3,437.9)
[CAP] t=593445.9 d=(-3.0,0.0) -> desktop=(1636.2,801.7) view=(155.3,437.9)
[CAP] t=593455.9 d=(-4.0,0.0) -> desktop=(1633.0,801.7) view=(151.3,437.9)
[CURSOR] t=593460.8 slot=0 move (147,1001) visible=true
[CAP] t=593461.9 d=(-4.0,0.0) -> desktop=(1629.8,801.7) view=(147.3,437.9)
[CURSOR] t=593477.4 slot=0 move (143,1001) visible=true
[CAP] t=593479.2 d=(-4.0,1.0) -> desktop=(1626.6,802.5) view=(143.3,436.9)
[CAP] t=593480.2 d=(-4.0,2.0) -> desktop=(1623.4,804.1) view=(139.3,434.9)
[CAP] t=593484.3 d=(-4.0,3.0) -> desktop=(1620.2,806.5) view=(135.3,431.9)
[CAP] t=593492.4 d=(-6.0,3.0) -> desktop=(1615.4,808.9) view=(129.3,428.9)
[CURSOR] t=593494.6 slot=0 move (125,1010) visible=true
[CAP] t=593501.2 d=(-8.0,4.0) -> desktop=(1609.0,812.1) view=(121.3,424.9)
[CAP] t=593509.5 d=(-4.0,3.0) -> desktop=(1605.8,814.5) view=(117.3,421.9)
[CURSOR] t=593511.7 slot=0 move (113,1017) visible=true
[CAP] t=593531.1 d=(-8.0,4.0) -> desktop=(1599.4,817.7) view=(109.3,417.9)
[CAP] t=593532.7 d=(-8.0,4.0) -> desktop=(1593.0,820.9) view=(101.3,413.9)
[CAP] t=593539.2 d=(-7.0,3.0) -> desktop=(1587.4,823.3) view=(94.3,410.9)
[CAP] t=593540.6 d=(-3.0,1.0) -> desktop=(1585.0,824.1) view=(91.3,409.9)
[CURSOR] t=593543.4 slot=0 move (87,1029) visible=true
[CAP] t=593549.3 d=(-4.0,2.0) -> desktop=(1581.8,825.7) view=(87.3,407.9)
[CAP] t=593557.6 d=(-4.0,2.0) -> desktop=(1578.6,827.3) view=(83.3,405.9)
[CURSOR] t=593559.9 slot=0 move (79,1033) visible=true
[CAP] t=593565.2 d=(-3.0,1.0) -> desktop=(1576.2,828.1) view=(80.3,404.9)
[CAP] t=593573.1 d=(-1.0,0.0) -> desktop=(1575.4,828.1) view=(79.3,404.9)
[CURSOR] t=593576.7 slot=0 move (75,1034) visible=true
[CAP] t=593581.2 d=(-2.0,1.0) -> desktop=(1573.8,828.9) view=(77.3,403.9)
[CAP] t=593590.4 d=(-2.0,1.0) -> desktop=(1572.2,829.7) view=(75.3,402.9)
[CURSOR] t=593593.4 slot=0 move (71,1036) visible=true
[CAP] t=593597.0 d=(-2.0,1.0) -> desktop=(1570.6,830.5) view=(73.3,401.9)
[CAP] t=593607.5 d=(-1.0,1.0) -> desktop=(1569.8,831.3) view=(72.3,400.9)
[CURSOR] t=593610.0 slot=0 move (68,1038) visible=true
[CAP] t=593612.8 d=(-2.0,2.0) -> desktop=(1568.2,832.9) view=(70.3,398.9)
[CAP] t=593625.0 d=(-2.0,2.0) -> desktop=(1566.6,834.5) view=(68.3,396.9)
[CAP] t=593629.0 d=(-2.0,2.0) -> desktop=(1565.0,836.1) view=(66.3,394.9)
[CAP] t=593637.3 d=(-1.0,2.0) -> desktop=(1564.2,837.7) view=(65.3,392.9)
[CURSOR] t=593643.3 slot=0 move (61,1046) visible=true
[CAP] t=593645.3 d=(-2.0,2.0) -> desktop=(1562.6,839.3) view=(63.3,390.9)
[CAP] t=593657.5 d=(-3.0,1.0) -> desktop=(1560.2,840.1) view=(60.3,389.9)
[CURSOR] t=593659.9 slot=0 move (56,1049) visible=true
[CAP] t=593662.7 d=(-2.0,2.0) -> desktop=(1558.6,841.7) view=(58.3,387.9)
[CAP] t=593670.0 d=(-2.0,2.0) -> desktop=(1557.0,843.3) view=(56.3,385.9)
[CAP] t=593676.9 d=(-2.0,1.0) -> desktop=(1555.4,844.1) view=(54.3,384.9)
[CURSOR] t=593677.6 slot=0 move (50,1054) visible=true
[CAP] t=593686.0 d=(-2.0,1.0) -> desktop=(1553.8,844.9) view=(52.3,383.9)
[CAP] t=593693.0 d=(-2.0,1.0) -> desktop=(1552.2,845.7) view=(50.3,382.9)
[CURSOR] t=593693.5 slot=0 move (46,1056) visible=true
[CAP] t=593703.6 d=(-1.0,2.0) -> desktop=(1551.4,847.3) view=(49.3,380.9)
[CAP] t=593709.0 d=(-3.0,2.0) -> desktop=(1549.0,848.9) view=(46.3,378.9)
[CURSOR] t=593709.6 slot=0 move (42,1060) visible=true
[CAP] t=593719.0 d=(-2.0,1.0) -> desktop=(1547.4,849.7) view=(44.3,377.9)
[CAP] t=593725.1 d=(-2.0,2.0) -> desktop=(1545.8,851.3) view=(42.3,375.9)
[CURSOR] t=593726.4 slot=0 move (38,1063) visible=true
[CAP] t=593733.3 d=(-2.0,2.0) -> desktop=(1544.2,852.9) view=(40.3,373.9)
[CAP] t=593741.3 d=(-5.0,5.0) -> desktop=(1540.2,856.9) view=(35.3,368.9)
[CURSOR] t=593743.1 slot=0 move (31,1070) visible=true
[CAP] t=593751.8 d=(-5.0,6.0) -> desktop=(1536.2,861.7) view=(30.3,362.9)
[CAP] t=593757.2 d=(-3.0,3.0) -> desktop=(1533.8,864.1) view=(27.3,359.9)
[CURSOR] t=593760.2 slot=0 move (23,1079) visible=true
[CAP] t=593765.8 d=(-5.0,5.0) -> desktop=(1529.8,868.1) view=(22.3,354.9)
[CAP] t=593776.4 d=(-5.0,6.0) -> desktop=(1525.8,872.9) view=(17.3,348.9)
[CURSOR] t=593776.9 slot=0 move (13,1090) visible=true
[CAP] t=593781.6 d=(-5.0,5.0) -> desktop=(1521.8,876.9) view=(12.3,343.9)
[CAP] t=593789.8 d=(-5.0,5.0) -> desktop=(1517.8,880.9) view=(7.3,338.9)
[CURSOR] t=593793.4 slot=0 move (3,1100) visible=true
[CAP] t=593797.4 d=(-1.0,2.0) -> desktop=(1517.0,882.5) view=(6.3,336.9)
[CAP] t=593807.6 d=(-4.0,3.0) -> desktop=(1513.8,884.9) view=(2.3,333.9)
[CURSOR] t=593809.7 slot=0 move (-2,1105) visible=true
[CAP] t=593813.6 d=(-2.0,3.0) -> desktop=(1512.2,887.3) view=(0.3,330.9)
[2026-08-20T17:00:28Z DEBUG limina::window::present] surface store: published surface 917 (23 held)
[CURSOR] t=593817.5 slot=1 shape id=917 64x64 hot=(6,2) pos=(2703,1226)
[CURSOR] t=593817.6 slot=1 move (3018,278) visible=true
[CAP] t=593823.6 d=(-1.0,2.0) -> desktop=(1512.0,888.9) view=(0.0,328.9)
[CURSOR] t=593826.5 slot=0 move (-4,1110) visible=true
[CAP] t=593829.5 d=(-1.0,1.0) -> desktop=(1512.0,889.7) view=(0.0,327.9)
[CURSOR] t=593831.1 slot=1 move (3016,283) visible=true
[CURSORLAYER] t=593833.4 slot=1 layer shows at guest=(3016,283) frame=(1505,808 32x32)
[CURSORLAYER] t=593834.4 slot=1 layer shows at guest=(3016,283) frame=(1505,808 32x32)
[CAP] t=593840.6 d=(-2.0,1.0) -> desktop=(1512.0,890.5) view=(0.0,326.9)
[CURSOR] t=593843.2 slot=0 move (-6,1112) visible=true
[CAP] t=593845.1 d=(-1.0,2.0) -> desktop=(1512.0,892.1) view=(0.0,324.9)
[CURSOR] t=593847.8 slot=1 move (3015,288) visible=true
[CAP] t=593856.8 d=(-2.0,2.0) -> desktop=(1512.0,893.7) view=(0.0,322.9)
[CURSOR] t=593859.9 slot=0 move (-6,1116) visible=true
[CAP] t=593861.4 d=(-3.0,3.0) -> desktop=(1512.0,896.1) view=(0.0,319.9)
[CURSOR] t=593864.4 slot=1 move (3011,296) visible=true
[CAP] t=593870.5 d=(-5.0,4.0) -> desktop=(1512.0,899.3) view=(0.0,315.9)
[CURSOR] t=593872.9 slot=1 move (3005,302) visible=true
[CURSOR] t=593876.7 slot=0 move (-11,1123) visible=true
[CAP] t=593878.6 d=(-5.0,5.0) -> desktop=(1512.0,903.3) view=(0.0,310.9)
[CURSOR] t=593881.2 slot=1 move (3006,310) visible=true
[CAP] t=593890.6 d=(-6.0,5.0) -> desktop=(1512.0,907.3) view=(0.0,305.9)
[CAP] t=593893.7 d=(-3.0,3.0) -> desktop=(1512.0,909.7) view=(0.0,302.9)
[CURSOR] t=593894.2 slot=0 move (-12,1133) visible=true
[CURSOR] t=593897.9 slot=1 move (3010,323) visible=true
[CAP] t=593907.7 d=(-5.0,5.0) -> desktop=(1512.0,913.7) view=(0.0,297.9)
[CAP] t=593909.5 d=(-3.0,2.0) -> desktop=(1512.0,915.3) view=(0.0,295.9)
[CURSOR] t=593922.1 slot=0 move (-11,1141) visible=true
[CURSOR] t=593923.2 slot=1 move (3009,334) visible=true
[CAP] t=593926.0 d=(-3.0,3.0) -> desktop=(1512.0,917.7) view=(0.0,292.9)
[CURSOR] t=593926.4 slot=0 move (-4,1146) visible=true
[CAP] t=593926.6 d=(-3.0,2.0) -> desktop=(1512.0,919.3) view=(0.0,290.9)
[CURSOR] t=593933.8 slot=1 move (3017,342) visible=true
[CAP] t=593934.5 d=(-2.0,2.0) -> desktop=(1512.0,920.9) view=(0.0,288.9)
[CAP] t=593942.1 d=(-1.0,2.0) -> desktop=(1512.0,922.5) view=(0.0,286.9)
[CURSOR] t=593944.5 slot=0 move (-5,1152) visible=true
[CURSOR] t=593952.5 slot=1 move (3015,348) visible=true
[CAP] t=594399.2 d=(-1.0,0.0) -> desktop=(1512.0,922.5) view=(0.0,286.9)
[CURSOR] t=594414.5 slot=0 move (-6,1152) visible=true
[CURSOR] t=594414.8 slot=1 move (3014,348) visible=true
[CAP] t=594414.9 d=(-3.0,2.0) -> desktop=(1512.0,924.1) view=(0.0,284.9)
[CAP] t=594415.6 d=(-3.0,3.0) -> desktop=(1512.0,926.5) view=(0.0,281.9)
[CAP] t=594422.9 d=(-4.0,4.0) -> desktop=(1512.0,929.7) view=(0.0,277.9)
[CURSOR] t=594425.5 slot=1 move (3003,363) visible=true
[CURSOR] t=594426.4 slot=0 move (-13,1161) visible=true
[CAP] t=594430.8 d=(-5.0,4.0) -> desktop=(1512.0,932.9) view=(0.0,273.9)
[CURSOR] t=594448.0 slot=0 move (-11,1165) visible=true
[CAP] t=594449.6 d=(-4.0,3.0) -> desktop=(1512.0,935.3) view=(0.0,270.9)
[CAP] t=594450.5 d=(-4.0,3.0) -> desktop=(1512.0,937.7) view=(0.0,267.9)
[CAP] t=594454.8 d=(-6.0,5.0) -> desktop=(1512.0,941.7) view=(0.0,262.9)
[CURSOR] t=594458.9 slot=1 move (3017,387) visible=true
[CAP] t=594462.9 d=(-6.0,5.0) -> desktop=(1512.0,945.7) view=(0.0,257.9)
[CAP] t=594477.4 d=(-6.0,4.0) -> desktop=(1512.0,948.9) view=(0.0,253.9)
[CAP] t=594479.1 d=(-5.0,3.0) -> desktop=(1512.0,951.3) view=(0.0,250.9)
[CURSOR] t=594479.8 slot=0 move (-16,1181) visible=true
[CURSOR] t=594484.4 slot=1 move (2985,406) visible=true
[CAP] t=594491.2 d=(-2.0,1.0) -> desktop=(1512.0,952.1) view=(0.0,249.9)
[CAP] t=594495.2 d=(-4.0,2.0) -> desktop=(1512.0,953.7) view=(0.0,247.9)
[CURSOR] t=594503.5 slot=1 move (3008,411) visible=true
[CAP] t=594507.0 d=(-4.0,2.0) -> desktop=(1512.0,955.3) view=(0.0,245.9)
[CURSOR] t=594508.9 slot=0 move (-10,1193) visible=true
[CAP] t=594512.0 d=(-2.0,2.0) -> desktop=(1512.0,956.9) view=(0.0,243.9)
[CURSOR] t=594521.3 slot=1 move (3013,417) visible=true
[CAP] t=594527.1 d=(-2.0,1.0) -> desktop=(1512.0,957.7) view=(0.0,242.9)
[CAP] t=594528.5 d=(-2.0,1.0) -> desktop=(1512.0,958.5) view=(0.0,241.9)
[CURSOR] t=594534.9 slot=1 move (3011,420) visible=true
[CAP] t=594539.0 d=(-1.0,1.0) -> desktop=(1512.0,959.3) view=(0.0,240.9)
[CURSOR] t=594542.4 slot=0 move (-4,1198) visible=true
[CAP] t=594542.5 d=(-1.0,1.0) -> desktop=(1512.0,960.1) view=(0.0,239.9)
[CURSOR] t=594551.4 slot=1 move (3015,424) visible=true
[CAP] t=594557.4 d=(-1.0,1.0) -> desktop=(1512.0,960.9) view=(0.0,238.9)
[CAP] t=594558.6 d=(-1.0,0.0) -> desktop=(1512.0,960.9) view=(0.0,238.9)
[CURSOR] t=594567.9 slot=1 move (3012,425) visible=true
[CAP] t=594571.6 d=(-1.0,1.0) -> desktop=(1512.0,961.7) view=(0.0,237.9)
[CAP] t=594574.7 d=(-1.0,1.0) -> desktop=(1512.0,962.5) view=(0.0,236.9)
[CURSOR] t=594576.4 slot=0 move (-5,1202) visible=true
[CURSOR] t=594583.9 slot=1 move (3015,428) visible=true
[CAP] t=594591.8 d=(-1.0,0.0) -> desktop=(1512.0,962.5) view=(0.0,236.9)
[CAP] t=594592.6 d=(-1.0,1.0) -> desktop=(1512.0,963.3) view=(0.0,235.9)
[CAP] t=594599.1 d=(-1.0,1.0) -> desktop=(1512.0,964.1) view=(0.0,234.9)
[CURSOR] t=594601.9 slot=1 move (3015,432) visible=true
[CAP] t=594606.6 d=(-1.0,1.0) -> desktop=(1512.0,964.9) view=(0.0,233.9)
[CURSOR] t=594609.0 slot=0 move (-5,1205) visible=true
[CAP] t=594615.0 d=(-2.0,0.0) -> desktop=(1512.0,964.9) view=(0.0,233.9)
[CURSOR] t=594617.5 slot=1 move (3011,433) visible=true
[CAP] t=594624.2 d=(-1.0,1.0) -> desktop=(1512.0,965.7) view=(0.0,232.9)
[CURSOR] t=594625.7 slot=0 move (-5,1206) visible=true
[CAP] t=594631.0 d=(-1.0,1.0) -> desktop=(1512.0,966.5) view=(0.0,231.9)
[CURSOR] t=594634.0 slot=1 move (3015,436) visible=true
[CAP] t=594641.0 d=(0.0,0.0) -> desktop=(1512.0,966.5) view=(0.0,231.9)
[CURSOR] t=594644.6 slot=0 move (-5,1207) visible=true
[CAP] t=594646.9 d=(-1.0,0.0) -> desktop=(1512.0,966.5) view=(0.0,231.9)
[CURSOR] t=594651.2 slot=1 move (3013,436) visible=true
[CAP] t=594658.2 d=(-1.0,1.0) -> desktop=(1512.0,967.3) view=(0.0,230.9)
[CURSOR] t=594659.6 slot=0 move (-5,1208) visible=true
[CAP] t=594663.1 d=(-1.0,0.0) -> desktop=(1512.0,967.3) view=(0.0,230.9)
[CURSOR] t=594667.5 slot=1 move (3013,438) visible=true
[CAP] t=594675.0 d=(-1.0,0.0) -> desktop=(1512.0,967.3) view=(0.0,230.9)
[CURSOR] t=594676.4 slot=0 move (-7,1208) visible=true
[CAP] t=594678.7 d=(-1.0,0.0) -> desktop=(1512.0,967.3) view=(0.0,230.9)
[CURSOR] t=594684.2 slot=1 move (3009,438) visible=true
[CAP] t=594690.2 d=(-1.0,0.0) -> desktop=(1512.0,967.3) view=(0.0,230.9)
[CURSOR] t=594692.2 slot=0 move (-10,1208) visible=true
[CAP] t=594695.3 d=(-1.0,1.0) -> desktop=(1512.0,968.1) view=(0.0,229.9)
[CURSOR] t=594700.5 slot=1 move (3015,440) visible=true
[CAP] t=594707.2 d=(-1.0,0.0) -> desktop=(1512.0,968.1) view=(0.0,229.9)
[CURSOR] t=594708.7 slot=0 move (-6,1209) visible=true
[CAP] t=594711.5 d=(-1.0,0.0) -> desktop=(1512.0,968.1) view=(0.0,229.9)
[CURSOR] t=594717.1 slot=1 move (3011,440) visible=true
[CAP] t=594719.1 d=(0.0,0.0) -> desktop=(1512.0,968.1) view=(0.0,229.9)
[CAP] t=594726.8 d=(-1.0,0.0) -> desktop=(1512.0,968.1) view=(0.0,229.9)
[CURSOR] t=594733.9 slot=1 move (3009,440) visible=true
[CAP] t=594737.9 d=(-1.0,0.0) -> desktop=(1512.0,968.1) view=(0.0,229.9)
[CURSOR] t=594742.6 slot=0 move (-10,1209) visible=true
[CAP] t=594743.0 d=(-1.0,0.0) -> desktop=(1512.0,968.1) view=(0.0,229.9)
[CURSOR] t=594751.5 slot=1 move (3005,440) visible=true
[CAP] t=594756.8 d=(-1.0,0.0) -> desktop=(1512.0,968.1) view=(0.0,229.9)
[CAP] t=594758.7 d=(-2.0,1.0) -> desktop=(1512.0,968.9) view=(0.0,228.9)
[CURSOR] t=594758.8 slot=0 move (-12,1209) visible=true
[CURSOR] t=594768.0 slot=1 move (3017,441) visible=true
[CAP] t=594773.5 d=(-2.0,0.0) -> desktop=(1512.0,968.9) view=(0.0,228.9)
[CAP] t=594774.7 d=(-3.0,1.0) -> desktop=(1512.0,969.7) view=(0.0,227.9)
[CURSOR] t=594775.4 slot=0 move (-10,1211) visible=true
[CAP] t=594785.2 d=(-3.0,1.0) -> desktop=(1512.0,970.5) view=(0.0,226.9)
[CAP] t=594790.9 d=(-2.0,1.0) -> desktop=(1512.0,971.3) view=(0.0,225.9)
[CURSOR] t=594792.5 slot=1 move (3006,444) visible=true
[CURSOR] t=594792.7 slot=0 move (-10,1212) visible=true
[CAP] t=594799.2 d=(-2.0,1.0) -> desktop=(1512.0,972.1) view=(0.0,224.9)
[CAP] t=594807.6 d=(-3.0,1.0) -> desktop=(1512.0,972.9) view=(0.0,223.9)
[CURSOR] t=594808.9 slot=1 move (3011,449) visible=true
[CURSOR] t=594809.1 slot=0 move (-7,1215) visible=true
[CAP] t=594815.3 d=(-2.0,1.0) -> desktop=(1512.0,973.7) view=(0.0,222.9)
[CAP] t=594825.3 d=(-2.0,2.0) -> desktop=(1512.0,975.3) view=(0.0,220.9)
[CURSOR] t=594826.8 slot=0 move (-6,1218) visible=true
[CURSOR] t=594827.1 slot=1 move (3013,454) visible=true
[CAP] t=594831.3 d=(-3.0,1.0) -> desktop=(1512.0,976.1) view=(0.0,219.9)
[CAP] t=594839.8 d=(-2.0,0.0) -> desktop=(1512.0,976.1) view=(0.0,219.9)
[CURSOR] t=594842.0 slot=1 move (3007,456) visible=true
[CURSOR] t=594842.2 slot=0 move (-10,1219) visible=true
[CAP] t=594847.4 d=(-3.0,1.0) -> desktop=(1512.0,976.9) view=(0.0,218.9)
[CAP] t=594857.8 d=(-1.0,1.0) -> desktop=(1512.0,977.7) view=(0.0,217.9)
[CURSOR] t=594859.0 slot=0 move (-5,1221) visible=true
[CAP] t=594863.5 d=(-3.0,0.0) -> desktop=(1512.0,977.7) view=(0.0,217.9)
[CURSOR] t=594867.5 slot=1 move (3009,459) visible=true
[CAP] t=594872.8 d=(-2.0,0.0) -> desktop=(1512.0,977.7) view=(0.0,217.9)
[CURSOR] t=594875.6 slot=0 move (-11,1221) visible=true
[CAP] t=594879.3 d=(-3.0,1.0) -> desktop=(1512.0,978.5) view=(0.0,216.9)
[CURSOR] t=594884.9 slot=1 move (3011,460) visible=true
[CAP] t=594891.6 d=(-1.0,0.0) -> desktop=(1512.0,978.5) view=(0.0,216.9)
[CAP] t=594895.4 d=(-4.0,1.0) -> desktop=(1512.0,979.3) view=(0.0,215.9)
[CURSOR] t=594901.0 slot=1 move (3008,462) visible=true
[CAP] t=594905.0 d=(-2.0,0.0) -> desktop=(1512.0,979.3) view=(0.0,215.9)
[CURSOR] t=594909.6 slot=0 move (-13,1223) visible=true
[CAP] t=594911.9 d=(-3.0,1.0) -> desktop=(1512.0,980.1) view=(0.0,214.9)
[CURSOR] t=594921.3 slot=1 move (3011,464) visible=true
[CAP] t=594924.6 d=(-2.0,0.0) -> desktop=(1512.0,980.1) view=(0.0,214.9)
[CURSOR] t=594925.5 slot=0 move (-10,1224) visible=true
[CAP] t=594927.1 d=(-4.0,1.0) -> desktop=(1512.0,980.9) view=(0.0,213.9)
[CURSOR] t=594933.7 slot=1 move (3005,465) visible=true
[CAP] t=594935.3 d=(-1.0,1.0) -> desktop=(1512.0,981.7) view=(0.0,212.9)
[CAP] t=594943.1 d=(-3.0,0.0) -> desktop=(1512.0,981.7) view=(0.0,212.9)
[CURSOR] t=594943.4 slot=0 move (-5,1226) visible=true
[CURSOR] t=594950.3 slot=1 move (3008,467) visible=true
[CAP] t=594955.2 d=(-2.0,0.0) -> desktop=(1512.0,981.7) view=(0.0,212.9)
[CAP] t=594959.6 d=(-2.0,1.0) -> desktop=(1512.0,982.5) view=(0.0,211.9)
[CURSOR] t=594959.8 slot=0 move (-12,1226) visible=true
[CURSOR] t=594967.6 slot=1 move (3013,469) visible=true
[CAP] t=594973.6 d=(-4.0,1.0) -> desktop=(1512.0,983.3) view=(0.0,210.9)
[CAP] t=594975.1 d=(-2.0,2.0) -> desktop=(1512.0,984.9) view=(0.0,208.9)
[CURSOR] t=594975.6 slot=0 move (-7,1230) visible=true
[CURSOR] t=594985.1 slot=1 move (3012,473) visible=true
[CAP] t=594990.3 d=(-2.0,1.0) -> desktop=(1512.0,985.7) view=(0.0,207.9)
[CAP] t=594991.4 d=(-3.0,2.0) -> desktop=(1512.0,987.3) view=(0.0,205.9)
[CURSOR] t=594992.2 slot=0 move (-10,1233) visible=true
[CAP] t=595002.1 d=(-2.0,2.0) -> desktop=(1512.0,988.9) view=(0.0,203.9)
[CAP] t=595007.4 d=(-3.0,2.0) -> desktop=(1512.0,990.5) view=(0.0,201.9)
[CURSOR] t=595008.9 slot=1 move (3011,484) visible=true
[CURSOR] t=595009.1 slot=0 move (-7,1237) visible=true
[CAP] t=595015.7 d=(-3.0,3.0) -> desktop=(1512.0,992.9) view=(0.0,198.9)
[CAP] t=595025.0 d=(-3.0,3.0) -> desktop=(1512.0,995.3) view=(0.0,195.9)
[CURSOR] t=595026.7 slot=0 move (-4,1243) visible=true
[CURSOR] t=595027.0 slot=1 move (3017,494) visible=true
[CAP] t=595031.4 d=(-3.0,3.0) -> desktop=(1512.0,997.7) view=(0.0,192.9)
[CAP] t=595040.1 d=(-4.0,2.0) -> desktop=(1512.0,999.3) view=(0.0,190.9)
[CURSOR] t=595042.3 slot=1 move (3009,502) visible=true
[CURSOR] t=595042.5 slot=0 move (-9,1248) visible=true
[CAP] t=595047.5 d=(-3.0,2.0) -> desktop=(1512.0,1000.9) view=(0.0,188.9)
[CAP] t=595058.0 d=(-1.0,1.0) -> desktop=(1512.0,1001.7) view=(0.0,187.9)
[CURSOR] t=595059.2 slot=0 move (-5,1251) visible=true
[CAP] t=595063.9 d=(-3.0,2.0) -> desktop=(1512.0,1003.3) view=(0.0,185.9)
[CURSOR] t=595067.5 slot=1 move (3011,510) visible=true
[CAP] t=595074.7 d=(-2.0,1.0) -> desktop=(1512.0,1004.1) view=(0.0,184.9)
[CURSOR] t=595076.1 slot=0 move (-6,1254) visible=true
[CAP] t=595079.7 d=(-2.0,1.0) -> desktop=(1512.0,1004.9) view=(0.0,183.9)
[CURSOR] t=595084.2 slot=1 move (3013,513) visible=true
[CAP] t=595091.2 d=(-1.0,1.0) -> desktop=(1512.0,1005.7) view=(0.0,182.9)
[CAP] t=595097.0 d=(-2.0,0.0) -> desktop=(1512.0,1005.7) view=(0.0,182.9)
[CURSOR] t=595101.2 slot=1 move (3011,515) visible=true
[CURSOR] t=595111.9 slot=0 move (-7,1256) visible=true
[CAP] t=595481.0 d=(0.0,0.0) -> desktop=(1512.0,1005.7) view=(0.0,182.9)
[CAP] t=595491.1 d=(-4.0,0.0) -> desktop=(1512.0,1005.7) view=(0.0,182.9)
[CURSOR] t=595491.8 slot=1 move (3004,515) visible=true
[CURSOR] t=595492.2 slot=0 move (-12,1256) visible=true
[CAP] t=595496.1 d=(-4.0,0.0) -> desktop=(1512.0,1005.7) view=(0.0,182.9)
[CAP] t=595509.0 d=(-5.0,0.0) -> desktop=(1512.0,1005.7) view=(0.0,182.9)
[CAP] t=595512.8 d=(-6.0,0.0) -> desktop=(1512.0,1005.7) view=(0.0,182.9)
[CURSOR] t=595521.1 slot=1 move (2963,515) visible=true
[CAP] t=595526.5 d=(-6.0,0.0) -> desktop=(1512.0,1005.7) view=(0.0,182.9)
[CAP] t=595529.2 d=(-7.0,0.0) -> desktop=(1512.0,1005.7) view=(0.0,182.9)
[CURSOR] t=595530.4 slot=0 move (-37,1256) visible=true
[CURSOR] t=595535.0 slot=1 move (2916,515) visible=true
[CAP] t=595541.9 d=(-6.0,0.0) -> desktop=(1512.0,1005.7) view=(0.0,182.9)
[CURSOR] t=595545.8 slot=0 hide
[CAP] t=595546.3 d=(-8.0,0.0) -> desktop=(1512.0,1005.7) view=(0.0,182.9)
[CURSORLAYER] t=595549.1 slot=0 layer hides
[CURSOR] t=595551.4 slot=1 move (2866,515) visible=true
[CAP] t=595558.9 d=(-25.0,0.0) -> desktop=(1512.0,1005.7) view=(0.0,182.9)
[CAP] t=595560.4 d=(-9.0,0.0) -> desktop=(1512.0,1005.7) view=(0.0,182.9)
[CURSOR] t=595569.7 slot=1 move (2730,515) visible=true
[CAP] t=595572.8 d=(-15.0,3.0) -> desktop=(1512.0,1008.1) view=(0.0,179.9)
[CAP] t=595577.1 d=(-18.0,4.0) -> desktop=(1512.0,1011.3) view=(0.0,175.9)
[CURSOR] t=595579.7 slot=0 shape id=920 64x64 hot=(4,1) pos=(-37,1256)
[2026-08-20T17:00:30Z DEBUG limina::window::present] surface store: published surface 920 (24 held)
[CURSOR] t=595580.0 slot=0 move (-41,1259) visible=true
[CURSORLAYER] t=595582.9 slot=0 layer shows at guest=(-41,1259) frame=(-45,118 64x64)
[CURSOR] t=595585.1 slot=1 move (2946,526) visible=true
[CAP] t=595592.1 d=(-18.0,4.0) -> desktop=(1512.0,1014.5) view=(0.0,171.9)
[CAP] t=595592.8 d=(-17.0,3.0) -> desktop=(1512.0,1016.9) view=(0.0,168.9)
[CURSOR] t=595601.3 slot=1 move (2950,537) visible=true
[CAP] t=595605.1 d=(-17.0,3.0) -> desktop=(1512.0,1019.3) view=(0.0,165.9)
[CAP] t=595608.3 d=(-18.0,3.0) -> desktop=(1512.0,1021.7) view=(0.0,162.9)
[CURSOR] t=595609.2 slot=0 move (-49,1276) visible=true
[CURSOR] t=595617.8 slot=1 move (2945,547) visible=true
[CAP] t=595621.0 d=(-15.0,2.0) -> desktop=(1512.0,1023.3) view=(0.0,160.9)
[CAP] t=595624.3 d=(-16.0,3.0) -> desktop=(1512.0,1025.7) view=(0.0,157.9)
[CURSOR] t=595625.8 slot=0 move (-4,1281) visible=true
[CAP] t=595632.7 d=(-13.0,1.0) -> desktop=(1512.0,1026.5) view=(0.0,156.9)
[CAP] t=595643.3 d=(-13.0,1.0) -> desktop=(1512.0,1027.3) view=(0.0,155.9)
[CURSOR] t=595643.4 slot=0 move (-36,1282) visible=true
[CURSOR] t=595643.8 slot=1 move (2965,557) visible=true
[CAP] t=595648.8 d=(-6.0,0.0) -> desktop=(1512.0,1027.3) view=(0.0,155.9)
[CAP] t=595656.9 d=(-11.0,1.0) -> desktop=(1512.0,1028.1) view=(0.0,154.9)
[CURSOR] t=595658.5 slot=1 move (2976,560) visible=true
[CURSOR] t=595659.2 slot=0 move (-29,1284) visible=true
[CAP] t=595664.8 d=(-10.0,1.0) -> desktop=(1512.0,1028.9) view=(0.0,153.9)
[CURSOR] t=595666.8 slot=1 move (2978,561) visible=true
[CAP] t=595673.4 d=(-10.0,0.0) -> desktop=(1512.0,1028.9) view=(0.0,153.9)
[CURSOR] t=595675.8 slot=0 move (-52,1285) visible=true
[CAP] t=595680.7 d=(-7.0,0.0) -> desktop=(1512.0,1028.9) view=(0.0,153.9)
[CURSOR] t=595683.7 slot=1 move (2916,561) visible=true
[CAP] t=595690.1 d=(-7.0,0.0) -> desktop=(1512.0,1028.9) view=(0.0,153.9)
[CURSOR] t=595692.5 slot=0 hide
[CAP] t=595697.0 d=(-7.0,0.0) -> desktop=(1512.0,1028.9) view=(0.0,153.9)
[CURSOR] t=595700.6 slot=1 move (2873,561) visible=true
[CURSORLAYER] t=595701.5 slot=0 layer hides
[CAP] t=595707.8 d=(-7.0,0.0) -> desktop=(1512.0,1028.9) view=(0.0,153.9)
[CAP] t=595712.9 d=(-6.0,0.0) -> desktop=(1512.0,1028.9) view=(0.0,153.9)
[CURSOR] t=595717.4 slot=1 move (2834,561) visible=true
[CAP] t=595721.3 d=(-6.0,0.0) -> desktop=(1512.0,1028.9) view=(0.0,153.9)
[CAP] t=595728.8 d=(-7.0,-1.0) -> desktop=(1512.0,1028.1) view=(0.0,154.9)
[CURSOR] t=595734.0 slot=1 move (2997,560) visible=true
[CAP] t=595736.7 d=(-6.0,-1.0) -> desktop=(1512.0,1027.3) view=(0.0,155.9)
[CURSOR] t=595743.9 slot=0 shape id=934 64x64 hot=(4,1) pos=(-52,1285)
[CURSOR] t=595744.1 slot=0 move (-15,1283) visible=true
[2026-08-20T17:00:30Z DEBUG limina::window::present] surface store: published surface 934 (25 held)
[CAP] t=595745.1 d=(-6.0,-1.0) -> desktop=(1512.0,1026.5) view=(0.0,156.9)
[CURSORLAYER] t=595749.4 slot=0 layer shows at guest=(-15,1283) frame=(-19,94 64x64)
[CURSOR] t=595753.2 slot=1 move (3001,557) visible=true
[CAP] t=595758.2 d=(-6.0,0.0) -> desktop=(1512.0,1026.5) view=(0.0,156.9)
[CURSOR] t=595759.2 slot=0 move (-23,1282) visible=true
[CAP] t=595761.5 d=(-7.0,-1.0) -> desktop=(1512.0,1025.7) view=(0.0,157.9)
[CURSOR] t=595767.1 slot=1 move (2992,555) visible=true
[CAP] t=595769.3 d=(-5.0,0.0) -> desktop=(1512.0,1025.7) view=(0.0,157.9)
[CAP] t=595777.5 d=(-6.0,0.0) -> desktop=(1512.0,1025.7) view=(0.0,157.9)
[CURSOR] t=595778.9 slot=0 move (-31,1281) visible=true
[CURSOR] t=595783.8 slot=1 move (2958,555) visible=true
[CAP] t=595792.8 d=(-5.0,0.0) -> desktop=(1512.0,1025.7) view=(0.0,157.9)
[CAP] t=595793.5 d=(-6.0,-1.0) -> desktop=(1512.0,1024.9) view=(0.0,158.9)
[CURSOR] t=595801.3 slot=1 move (3017,553) visible=true
[CAP] t=595805.0 d=(-2.0,0.0) -> desktop=(1512.0,1024.9) view=(0.0,158.9)
[CAP] t=595809.1 d=(-4.0,0.0) -> desktop=(1512.0,1024.9) view=(0.0,158.9)
[CURSOR] t=595809.9 slot=0 move (-8,1280) visible=true
[CAP] t=595817.0 d=(-4.0,0.0) -> desktop=(1512.0,1024.9) view=(0.0,158.9)
[CURSOR] t=595819.9 slot=1 move (3001,553) visible=true
[CAP] t=595825.2 d=(-6.0,0.0) -> desktop=(1512.0,1024.9) view=(0.0,158.9)
[CURSOR] t=595826.6 slot=0 move (-30,1280) visible=true
[CURSOR] t=595828.3 slot=1 move (2975,553) visible=true
[CAP] t=595839.2 d=(-3.0,0.0) -> desktop=(1512.0,1024.9) view=(0.0,158.9)
[CAP] t=595840.9 d=(-3.0,0.0) -> desktop=(1512.0,1024.9) view=(0.0,158.9)
[CURSOR] t=595842.5 slot=0 move (-41,1280) visible=true
[CURSOR] t=595845.1 slot=1 move (2957,553) visible=true
[CAP] t=595849.2 d=(-4.0,0.0) -> desktop=(1512.0,1024.9) view=(0.0,158.9)
[CAP] t=595858.9 d=(-4.0,0.0) -> desktop=(1512.0,1024.9) view=(0.0,158.9)
[CURSOR] t=595859.9 slot=0 move (-51,1280) visible=true
[CURSOR] t=595861.6 slot=1 move (2934,553) visible=true
[CAP] t=595873.4 d=(-3.0,1.0) -> desktop=(1512.0,1025.7) view=(0.0,157.9)
[CAP] t=595874.3 d=(-1.0,0.0) -> desktop=(1512.0,1025.7) view=(0.0,157.9)
[CURSOR] t=595876.0 slot=0 move (-10,1281) visible=true
[CURSOR] t=595878.7 slot=1 move (3008,555) visible=true
[CAP] t=595881.4 d=(-3.0,0.0) -> desktop=(1512.0,1025.7) view=(0.0,157.9)
[CAP] t=595893.9 d=(-5.0,0.0) -> desktop=(1512.0,1025.7) view=(0.0,157.9)
[CURSOR] t=595895.8 slot=0 move (-16,1281) visible=true
[CAP] t=595897.4 d=(-1.0,0.0) -> desktop=(1512.0,1025.7) view=(0.0,157.9)
[CURSOR] t=595907.3 slot=1 move (2985,555) visible=true
[CAP] t=595907.8 d=(-4.0,0.0) -> desktop=(1512.0,1025.7) view=(0.0,157.9)
[CURSOR] t=595909.3 slot=0 move (-29,1281) visible=true
[CURSOR] t=595911.7 slot=1 move (2976,555) visible=true
[CAP] t=595913.3 d=(-2.0,-1.0) -> desktop=(1512.0,1024.9) view=(0.0,158.9)
[CAP] t=595924.0 d=(-3.0,-1.0) -> desktop=(1512.0,1024.1) view=(0.0,159.9)
[CURSOR] t=595926.0 slot=0 move (-7,1279) visible=true
[CURSOR] t=595928.9 slot=1 move (3011,552) visible=true
[CAP] t=595929.4 d=(-1.0,-1.0) -> desktop=(1512.0,1023.3) view=(0.0,160.9)
[CAP] t=595939.2 d=(-2.0,-2.0) -> desktop=(1512.0,1021.7) view=(0.0,162.9)
[CAP] t=595945.9 d=(-3.0,-2.0) -> desktop=(1512.0,1020.1) view=(0.0,164.9)
[CURSOR] t=595947.6 slot=0 move (-6,1276) visible=true
[CURSOR] t=595949.2 slot=1 move (3013,547) visible=true
[CAP] t=595959.2 d=(-3.0,0.0) -> desktop=(1512.0,1020.1) view=(0.0,164.9)
[CURSOR] t=595959.6 slot=0 move (-11,1274) visible=true
[CURSOR] t=595961.5 slot=1 move (3005,544) visible=true
[CAP] t=596307.1 d=(-5.0,-1.0) -> desktop=(1512.0,1019.3) view=(0.0,165.9)
[CURSOR] t=596309.9 slot=0 move (-9,1273) visible=true
[CURSOR] t=596312.6 slot=1 move (3008,542) visible=true
[CAP] t=596314.5 d=(-7.0,-2.0) -> desktop=(1512.0,1017.7) view=(0.0,167.9)
[CURSOR] t=596323.8 slot=1 move (3003,539) visible=true
[CURSOR] t=596328.5 slot=0 move (-13,1271) visible=true
[CAP] t=596330.7 d=(-6.0,-1.0) -> desktop=(1512.0,1016.9) view=(0.0,168.9)
[CAP] t=596331.4 d=(-8.0,-2.0) -> desktop=(1512.0,1015.3) view=(0.0,170.9)
[CURSOR] t=596339.3 slot=1 move (2988,534) visible=true
[CAP] t=596341.0 d=(-10.0,-2.0) -> desktop=(1512.0,1013.7) view=(0.0,172.9)
[CURSOR] t=596342.6 slot=0 move (-4,1266) visible=true
[CAP] t=596345.9 d=(-9.0,-2.0) -> desktop=(1512.0,1012.1) view=(0.0,174.9)
[CURSOR] t=596354.9 slot=1 move (2982,528) visible=true
[CAP] t=596355.8 d=(-10.0,-2.0) -> desktop=(1512.0,1010.5) view=(0.0,176.9)
[CURSOR] t=596359.2 slot=0 move (-28,1262) visible=true
[CAP] t=596361.7 d=(-11.0,-1.0) -> desktop=(1512.0,1009.7) view=(0.0,177.9)
[CURSOR] t=596370.5 slot=1 move (2974,523) visible=true
[CAP] t=596374.8 d=(-22.0,-4.0) -> desktop=(1512.0,1006.5) view=(0.0,181.9)
[CURSOR] t=596375.9 slot=0 move (-4,1257) visible=true
[CAP] t=596378.3 d=(-10.0,-1.0) -> desktop=(1512.0,1005.7) view=(0.0,182.9)
[CURSOR] t=596378.4 slot=1 move (3017,516) visible=true
[CAP] t=596388.2 d=(-21.0,-3.0) -> desktop=(1512.0,1003.3) view=(0.0,185.9)
[CURSOR] t=596392.6 slot=0 move (-56,1253) visible=true
[CAP] t=596393.7 d=(-36.0,-4.0) -> desktop=(1512.0,1000.1) view=(0.0,189.9)
[CURSOR] t=596394.7 slot=1 move (2873,504) visible=true
[CAP] t=596403.7 d=(-9.0,-1.0) -> desktop=(1512.0,999.3) view=(0.0,190.9)
[CAP] t=596410.1 d=(-21.0,-2.0) -> desktop=(1512.0,997.7) view=(0.0,192.9)
[CURSOR] t=596410.1 slot=0 move (-4,1248) visible=true
[CURSOR] t=596412.4 slot=1 move (2937,499) visible=true
[CAP] t=596421.9 d=(-34.0,-1.0) -> desktop=(1512.0,996.9) view=(0.0,193.9)
[CAP] t=596425.7 d=(-23.0,0.0) -> desktop=(1512.0,996.9) view=(0.0,193.9)
[CURSOR] t=596425.9 slot=0 hide
[CURSOR] t=596428.0 slot=1 move (2789,497) visible=true
[CURSORLAYER] t=596434.3 slot=0 layer hides
[CAP] t=596442.5 d=(-23.0,0.0) -> desktop=(1512.0,996.9) view=(0.0,193.9)
[CAP] t=596443.3 d=(-27.0,0.0) -> desktop=(1512.0,996.9) view=(0.0,193.9)
[CURSOR] t=596445.1 slot=1 move (2589,497) visible=true
[CAP] t=596454.0 d=(-32.0,0.0) -> desktop=(1512.0,996.9) view=(0.0,193.9)
[CAP] t=596457.9 d=(-34.0,1.0) -> desktop=(1512.0,997.7) view=(0.0,192.9)
[CURSOR] t=596460.0 slot=0 shape id=936 64x64 hot=(4,1) pos=(-4,1248)
[CURSOR] t=596460.2 slot=0 move (-4,1246) visible=true
[2026-08-20T17:00:31Z DEBUG limina::window::present] surface store: published surface 936 (26 held)
[CURSOR] t=596461.6 slot=1 move (3017,499) visible=true
[CAP] t=596466.3 d=(-36.0,3.0) -> desktop=(1512.0,1000.1) view=(0.0,189.9)
[CURSORLAYER] t=596467.8 slot=0 layer shows at guest=(-4,1246) frame=(-8,131 64x64)
[CURSOR] t=596471.9 slot=1 move (2873,504) visible=true
[CAP] t=596476.0 d=(-16.0,0.0) -> desktop=(1512.0,1000.1) view=(0.0,189.9)
[CURSOR] t=596476.2 slot=0 hide
[CURSOR] t=596478.1 slot=1 move (2809,504) visible=true
[CAP] t=596482.0 d=(-52.0,2.0) -> desktop=(1512.0,1001.7) view=(0.0,187.9)
[CURSORLAYER] t=596482.9 slot=0 layer hides
[CAP] t=596491.0 d=(-28.0,1.0) -> desktop=(1512.0,1002.5) view=(0.0,186.9)
[CURSOR] t=596495.2 slot=1 move (2905,508) visible=true
[CAP] t=596498.4 d=(-12.0,0.0) -> desktop=(1512.0,1002.5) view=(0.0,186.9)
[CAP] t=596506.8 d=(-22.0,0.0) -> desktop=(1512.0,1002.5) view=(0.0,186.9)
[CURSOR] t=596511.7 slot=1 move (2769,508) visible=true
[CAP] t=596514.4 d=(-18.0,0.0) -> desktop=(1512.0,1002.5) view=(0.0,186.9)
[CAP] t=596522.1 d=(-19.0,0.0) -> desktop=(1512.0,1002.5) view=(0.0,186.9)
[CURSOR] t=596529.0 slot=1 move (2621,508) visible=true
[CAP] t=596530.5 d=(-16.0,0.0) -> desktop=(1512.0,1002.5) view=(0.0,186.9)
[CAP] t=596538.3 d=(-15.0,0.0) -> desktop=(1512.0,1002.5) view=(0.0,186.9)
[CURSOR] t=596545.9 slot=1 move (2497,508) visible=true
[CAP] t=596546.4 d=(-15.0,0.0) -> desktop=(1512.0,1002.5) view=(0.0,186.9)
[CAP] t=596554.9 d=(-16.0,0.0) -> desktop=(1512.0,1002.5) view=(0.0,186.9)
[CAP] t=596562.1 d=(-15.0,1.0) -> desktop=(1512.0,1003.3) view=(0.0,185.9)
[CURSOR] t=596563.1 slot=1 move (2373,508) visible=true
[CAP] t=596573.7 d=(-15.0,2.0) -> desktop=(1512.0,1004.9) view=(0.0,183.9)
[2026-08-20T17:00:31Z DEBUG limina::window::present] surface store: published surface 937 (27 held)
[CAP] t=596579.2 d=(-14.0,2.0) -> desktop=(1512.0,1006.5) view=(0.0,181.9)
[CURSOR] t=596579.6 slot=0 shape id=937 64x64 hot=(4,1) pos=(-4,1246)
[CURSOR] t=596579.8 slot=0 move (-41,1255) visible=true
[CURSOR] t=596580.5 slot=1 move (2958,513) visible=true
[CURSORLAYER] t=596582.8 slot=0 layer shows at guest=(-41,1255) frame=(-45,122 64x64)
[CAP] t=596593.2 d=(-13.0,4.0) -> desktop=(1512.0,1009.7) view=(0.0,177.9)
[CAP] t=596595.2 d=(-5.0,3.0) -> desktop=(1512.0,1012.1) view=(0.0,174.9)
[CURSOR] t=596595.4 slot=1 move (2967,523) visible=true
[CAP] t=596605.2 d=(-10.0,5.0) -> desktop=(1512.0,1016.1) view=(0.0,169.9)
[CURSOR] t=596610.4 slot=0 move (-28,1269) visible=true
[CURSOR] t=596611.7 slot=1 move (2979,536) visible=true
[CAP] t=596950.1 d=(-1.0,0.0) -> desktop=(1512.0,1016.1) view=(0.0,169.9)
[CURSOR] t=596954.5 slot=1 move (2977,536) visible=true
[CAP] t=596956.1 d=(-5.0,-2.0) -> desktop=(1512.0,1014.5) view=(0.0,171.9)
[CURSOR] t=596960.0 slot=0 move (-10,1267) visible=true
[CAP] t=596963.3 d=(-6.0,-3.0) -> desktop=(1512.0,1012.1) view=(0.0,174.9)
[CURSOR] t=596973.1 slot=1 move (3000,528) visible=true
[CAP] t=596983.5 d=(-8.0,-4.0) -> desktop=(1512.0,1008.9) view=(0.0,178.9)
[CAP] t=596984.6 d=(-8.0,-4.0) -> desktop=(1512.0,1005.7) view=(0.0,182.9)
[CAP] t=596989.0 d=(-8.0,-3.0) -> desktop=(1512.0,1003.3) view=(0.0,185.9)
[CURSOR] t=596989.3 slot=1 move (2988,515) visible=true
[CURSOR] t=596993.5 slot=0 move (-24,1253) visible=true
[CAP] t=596995.5 d=(-9.0,-3.0) -> desktop=(1512.0,1000.9) view=(0.0,188.9)
[CURSOR] t=597007.6 slot=1 move (2981,505) visible=true
[CAP] t=597010.0 d=(-29.0,-11.0) -> desktop=(1512.0,992.1) view=(0.0,199.9)
[CAP] t=597011.9 d=(-18.0,-5.0) -> desktop=(1512.0,988.1) view=(0.0,204.9)
[CURSOR] t=597013.1 slot=1 move (2945,480) visible=true
[CAP] t=597021.9 d=(-10.0,-2.0) -> desktop=(1512.0,986.5) view=(0.0,206.9)
[CURSOR] t=597027.3 slot=0 move (-28,1232) visible=true
[CAP] t=597028.2 d=(-34.0,-6.0) -> desktop=(1512.0,981.7) view=(0.0,212.9)
[CURSOR] t=597029.4 slot=1 move (2885,467) visible=true
[CAP] t=597043.5 d=(-20.0,-3.0) -> desktop=(1512.0,979.3) view=(0.0,215.9)
[CAP] t=597045.4 d=(-11.0,-1.0) -> desktop=(1512.0,978.5) view=(0.0,216.9)
[CAP] t=597054.6 d=(-38.0,-2.0) -> desktop=(1512.0,976.9) view=(0.0,218.9)
[CURSOR] t=597055.3 slot=1 move (3017,457) visible=true
[CAP] t=597059.0 d=(-24.0,-1.0) -> desktop=(1512.0,976.1) view=(0.0,219.9)
[CURSOR] t=597059.6 slot=0 hide
[CURSOR] t=597063.0 slot=1 move (2921,456) visible=true
[CURSORLAYER] t=597067.7 slot=0 layer hides
[CAP] t=597076.8 d=(-24.0,-2.0) -> desktop=(1512.0,974.5) view=(0.0,221.9)
[CAP] t=597079.2 d=(-24.0,-1.0) -> desktop=(1512.0,973.7) view=(0.0,222.9)
[CURSOR] t=597089.4 slot=1 move (2828,451) visible=true
[CAP] t=597089.9 d=(-25.0,-3.0) -> desktop=(1512.0,971.3) view=(0.0,225.9)
[CAP] t=597091.1 d=(-12.0,-1.0) -> desktop=(1512.0,970.5) view=(0.0,226.9)
[CURSOR] t=597094.7 slot=0 shape id=939 64x64 hot=(4,1) pos=(-28,1232)
[CURSOR] t=597095.0 slot=0 move (-34,1212) visible=true
[2026-08-20T17:00:31Z DEBUG limina::window::present] surface store: published surface 939 (28 held)
[CAP] t=597099.3 d=(-21.0,-3.0) -> desktop=(1512.0,968.1) view=(0.0,229.9)
[CURSORLAYER] t=597100.9 slot=0 layer shows at guest=(-34,1212) frame=(-38,165 64x64)
[CURSOR] t=597104.3 slot=1 move (2933,440) visible=true
[CAP] t=597109.6 d=(-20.0,-2.0) -> desktop=(1512.0,966.5) view=(0.0,231.9)
[CURSOR] t=597110.2 slot=0 move (-54,1207) visible=true
[CAP] t=597115.0 d=(-19.0,-3.0) -> desktop=(1512.0,964.1) view=(0.0,234.9)
[CURSOR] t=597121.8 slot=1 move (2941,432) visible=true
[CAP] t=597124.8 d=(-17.0,-2.0) -> desktop=(1512.0,962.5) view=(0.0,236.9)
[CURSOR] t=597126.2 slot=0 move (-46,1202) visible=true
[CAP] t=597131.1 d=(-16.0,-1.0) -> desktop=(1512.0,961.7) view=(0.0,237.9)
[CURSOR] t=597138.2 slot=1 move (2953,427) visible=true
[CAP] t=597141.4 d=(-14.0,-2.0) -> desktop=(1512.0,960.1) view=(0.0,239.9)
[CURSOR] t=597143.0 slot=0 move (-4,1199) visible=true
[CAP] t=597147.4 d=(-15.0,0.0) -> desktop=(1512.0,960.1) view=(0.0,239.9)
[CURSOR] t=597155.3 slot=1 move (2957,424) visible=true
[CAP] t=597158.8 d=(-16.0,0.0) -> desktop=(1512.0,960.1) view=(0.0,239.9)
[CURSOR] t=597159.7 slot=0 hide
[CURSOR] t=597163.0 slot=1 move (2893,424) visible=true
[CAP] t=597163.2 d=(-14.0,0.0) -> desktop=(1512.0,960.1) view=(0.0,239.9)
[CURSORLAYER] t=597167.9 slot=0 layer hides
[CAP] t=597171.7 d=(-14.0,0.0) -> desktop=(1512.0,960.1) view=(0.0,239.9)
[CAP] t=597179.5 d=(-16.0,0.0) -> desktop=(1512.0,960.1) view=(0.0,239.9)
[CURSOR] t=597180.8 slot=1 move (2717,424) visible=true
[CAP] t=597187.5 d=(-16.0,0.0) -> desktop=(1512.0,960.1) view=(0.0,239.9)
[CAP] t=597195.6 d=(-14.0,0.0) -> desktop=(1512.0,960.1) view=(0.0,239.9)
[CURSOR] t=597196.8 slot=1 move (2597,424) visible=true
[CAP] t=597208.2 d=(-15.0,0.0) -> desktop=(1512.0,960.1) view=(0.0,239.9)
[CAP] t=597211.5 d=(-13.0,0.0) -> desktop=(1512.0,960.1) view=(0.0,239.9)
[CURSOR] t=597212.6 slot=1 move (2487,424) visible=true
[CAP] t=597221.3 d=(-13.0,0.0) -> desktop=(1512.0,960.1) view=(0.0,239.9)
[CAP] t=597228.5 d=(-12.0,1.0) -> desktop=(1512.0,960.9) view=(0.0,238.9)
[CURSOR] t=597229.9 slot=1 move (2970,425) visible=true
[CAP] t=597240.6 d=(-11.0,2.0) -> desktop=(1512.0,962.5) view=(0.0,236.9)
[CAP] t=597243.3 d=(-5.0,2.0) -> desktop=(1512.0,964.1) view=(0.0,234.9)
[CURSOR] t=597244.1 slot=0 shape id=940 64x64 hot=(4,1) pos=(-4,1199)
[CURSOR] t=597244.2 slot=0 move (-30,1202) visible=true
[2026-08-20T17:00:32Z DEBUG limina::window::present] surface store: published surface 940 (29 held)
[CURSOR] t=597246.8 slot=1 move (2998,432) visible=true
[CURSORLAYER] t=597251.0 slot=0 layer shows at guest=(-30,1202) frame=(-34,175 64x64)
[CAP] t=597259.8 d=(-9.0,2.0) -> desktop=(1512.0,965.7) view=(0.0,232.9)
[CAP] t=597260.9 d=(-9.0,3.0) -> desktop=(1512.0,968.1) view=(0.0,229.9)
[CURSOR] t=597262.5 slot=1 move (2984,440) visible=true
[CAP] t=597269.0 d=(-6.0,2.0) -> desktop=(1512.0,969.7) view=(0.0,227.9)
[CURSOR] t=597270.9 slot=1 move (2995,443) visible=true
[CAP] t=597276.2 d=(-6.0,2.0) -> desktop=(1512.0,971.3) view=(0.0,225.9)
[CURSOR] t=597276.3 slot=0 move (-18,1211) visible=true
[CURSOR] t=597279.3 slot=1 move (3017,446) visible=true
[CAP] t=597573.5 d=(0.0,0.0) -> desktop=(1512.0,971.3) view=(0.0,225.9)
[CAP] t=597579.9 d=(-6.0,0.0) -> desktop=(1512.0,971.3) view=(0.0,225.9)
[CAP] t=597587.9 d=(-6.0,-1.0) -> desktop=(1512.0,970.5) view=(0.0,226.9)
[CURSOR] t=597589.4 slot=1 move (3005,446) visible=true
[CURSOR] t=597593.1 slot=0 move (-11,1212) visible=true
[CAP] t=597596.1 d=(-9.0,-4.0) -> desktop=(1512.0,967.3) view=(0.0,230.9)
[CAP] t=597605.9 d=(-8.0,-2.0) -> desktop=(1512.0,965.7) view=(0.0,232.9)
[CURSOR] t=597608.6 slot=1 move (2989,438) visible=true
[CAP] t=597612.0 d=(-7.0,-3.0) -> desktop=(1512.0,963.3) view=(0.0,235.9)
[CURSOR] t=597612.2 slot=0 move (-19,1206) visible=true
[CURSOR] t=597613.1 slot=1 move (2992,435) visible=true
[CAP] t=597621.6 d=(-11.0,-4.0) -> desktop=(1512.0,960.1) view=(0.0,239.9)
[CAP] t=597628.3 d=(-10.0,-5.0) -> desktop=(1512.0,956.1) view=(0.0,244.9)
[CURSOR] t=597628.8 slot=0 move (-30,1199) visible=true
[CURSOR] t=597629.6 slot=1 move (2978,416) visible=true
[CAP] t=597644.1 d=(-18.0,-8.0) -> desktop=(1512.0,949.7) view=(0.0,252.9)
[CAP] t=597645.5 d=(-22.0,-9.0) -> desktop=(1512.0,942.5) view=(0.0,261.9)
[CAP] t=597654.7 d=(-24.0,-9.0) -> desktop=(1512.0,935.3) view=(0.0,270.9)
[CURSOR] t=597656.3 slot=1 move (2861,389) visible=true
[CAP] t=597660.4 d=(-26.0,-8.0) -> desktop=(1512.0,928.9) view=(0.0,278.9)
[CURSOR] t=597662.3 slot=0 hide
[CURSOR] t=597662.7 slot=1 move (2913,361) visible=true
[CURSORLAYER] t=597665.8 slot=0 layer hides
[CAP] t=597673.2 d=(-53.0,-14.0) -> desktop=(1512.0,917.7) view=(0.0,292.9)
[CAP] t=597676.0 d=(-17.0,-1.0) -> desktop=(1512.0,916.9) view=(0.0,293.9)
[CURSOR] t=597678.7 slot=0 shape id=941 64x64 hot=(4,1) pos=(-30,1199)
[CURSOR] t=597679.0 slot=0 move (-46,1145) visible=true
[2026-08-20T17:00:32Z DEBUG limina::window::present] surface store: published surface 941 (30 held)
[CURSOR] t=597679.4 slot=1 move (2949,337) visible=true
[CURSORLAYER] t=597683.9 slot=0 layer shows at guest=(-46,1145) frame=(-50,232 64x64)
[CAP] t=597688.6 d=(-65.0,-6.0) -> desktop=(1512.0,912.1) view=(0.0,299.9)
[CAP] t=597693.3 d=(-20.0,0.0) -> desktop=(1512.0,912.1) view=(0.0,299.9)
[CURSOR] t=597694.4 slot=0 move (-54,1139) visible=true
[CURSOR] t=597695.9 slot=1 move (2937,328) visible=true
[CAP] t=597701.4 d=(-42.0,0.0) -> desktop=(1512.0,912.1) view=(0.0,299.9)
[CURSOR] t=597704.6 slot=1 move (2769,328) visible=true
[CAP] t=597709.4 d=(-43.0,0.0) -> desktop=(1512.0,912.1) view=(0.0,299.9)
[CURSOR] t=597711.2 slot=0 hide
[CURSOR] t=597712.4 slot=1 move (2597,328) visible=true
[CAP] t=597716.6 d=(-40.0,0.0) -> desktop=(1512.0,912.1) view=(0.0,299.9)
[CURSORLAYER] t=597717.8 slot=0 layer hides
[CURSOR] t=597721.2 slot=1 move (2437,328) visible=true
[CAP] t=597725.4 d=(-36.0,2.0) -> desktop=(1512.0,913.7) view=(0.0,297.9)
[CURSOR] t=597729.3 slot=1 move (2873,331) visible=true
[CAP] t=597732.6 d=(-14.0,0.0) -> desktop=(1512.0,913.7) view=(0.0,297.9)
[CAP] t=597740.3 d=(-29.0,0.0) -> desktop=(1512.0,913.7) view=(0.0,297.9)
[CURSOR] t=597746.8 slot=1 move (2701,331) visible=true
[CAP] t=597748.5 d=(-23.0,0.0) -> desktop=(1512.0,913.7) view=(0.0,297.9)
[CAP] t=597756.4 d=(-20.0,0.0) -> desktop=(1512.0,913.7) view=(0.0,297.9)
[CURSOR] t=597764.5 slot=1 move (2529,331) visible=true
[CAP] t=597764.6 d=(-17.0,0.0) -> desktop=(1512.0,913.7) view=(0.0,297.9)
[CAP] t=597772.6 d=(-16.0,-2.0) -> desktop=(1512.0,912.1) view=(0.0,299.9)
[2026-08-20T17:00:32Z DEBUG limina::window::present] surface store: published surface 942 (31 held)
[CURSOR] t=597780.1 slot=0 shape id=942 64x64 hot=(4,1) pos=(-54,1139)
[CURSOR] t=597780.3 slot=0 move (-44,1139) visible=true
[CAP] t=597780.7 d=(-6.0,-1.0) -> desktop=(1512.0,911.3) view=(0.0,300.9)
[CURSOR] t=597781.5 slot=1 move (2953,328) visible=true
[CURSORLAYER] t=597784.3 slot=0 layer shows at guest=(-44,1139) frame=(-48,238 64x64)
[CAP] t=597793.5 d=(-11.0,-2.0) -> desktop=(1512.0,909.7) view=(0.0,302.9)
[CURSOR] t=597794.3 slot=0 move (-23,1136) visible=true
[CURSOR] t=597795.9 slot=1 move (2986,323) visible=true
[CAP] t=597796.2 d=(-11.0,-1.0) -> desktop=(1512.0,908.9) view=(0.0,303.9)
[CAP] t=597804.3 d=(-16.0,-1.0) -> desktop=(1512.0,908.1) view=(0.0,304.9)
[CURSOR] t=597812.6 slot=0 move (-4,1134) visible=true
[CAP] t=597812.9 d=(-4.0,0.0) -> desktop=(1512.0,908.1) view=(0.0,304.9)
[CURSOR] t=597813.7 slot=1 move (3017,320) visible=true
[CAP] t=597826.0 d=(-9.0,0.0) -> desktop=(1512.0,908.1) view=(0.0,304.9)
[CURSOR] t=597827.8 slot=0 move (-26,1134) visible=true
[CAP] t=597828.6 d=(-6.0,0.0) -> desktop=(1512.0,908.1) view=(0.0,304.9)
[CURSOR] t=597829.2 slot=1 move (2959,320) visible=true
[CAP] t=597838.3 d=(-7.0,0.0) -> desktop=(1512.0,908.1) view=(0.0,304.9)
[CAP] t=597844.7 d=(-2.0,0.0) -> desktop=(1512.0,908.1) view=(0.0,304.9)
[CURSOR] t=597844.8 slot=0 move (-57,1134) visible=true
[CURSOR] t=597845.9 slot=1 move (2928,320) visible=true
[CAP] t=597854.3 d=(-4.0,0.0) -> desktop=(1512.0,908.1) view=(0.0,304.9)
[CAP] t=597860.8 d=(-4.0,1.0) -> desktop=(1512.0,908.9) view=(0.0,303.9)
[CURSOR] t=597862.7 slot=0 hide
[CURSOR] t=597863.0 slot=1 move (3009,321) visible=true
[CURSORLAYER] t=597865.7 slot=0 layer hides
[CAP] t=598181.7 d=(-1.0,-1.0) -> desktop=(1512.0,908.1) view=(0.0,304.9)
[CURSOR] t=598189.8 slot=1 move (3016,320) visible=true
[CAP] t=598191.1 d=(-4.0,-3.0) -> desktop=(1512.0,905.7) view=(0.0,307.9)
[2026-08-20T17:00:33Z DEBUG limina::window::present] surface store: published surface 954 (32 held)
[CURSOR] t=598197.7 slot=0 shape id=954 64x64 hot=(4,1) pos=(-57,1134)
[CAP] t=598198.5 d=(-5.0,-4.0) -> desktop=(1512.0,902.5) view=(0.0,311.9)
[CURSORLAYER] t=598203.9 slot=0 layer shows at guest=(-8,1131) frame=(-12,246 64x64)
[CURSOR] t=598198.6 slot=0 move (-8,1131) visible=true
[CURSOR] t=598205.5 slot=1 move (3010,315) visible=true
[CAP] t=598209.8 d=(-7.0,-4.0) -> desktop=(1512.0,899.3) view=(0.0,315.9)
[CURSOR] t=598211.2 slot=0 move (-4,1123) visible=true
[CURSOR] t=598212.7 slot=1 move (3017,302) visible=true
[CAP] t=598213.1 d=(-8.0,-4.0) -> desktop=(1512.0,896.1) view=(0.0,319.9)
[CAP] t=598220.9 d=(-15.0,-8.0) -> desktop=(1512.0,889.7) view=(0.0,327.9)
[CAP] t=598229.8 d=(-19.0,-8.0) -> desktop=(1512.0,883.3) view=(0.0,335.9)
[CURSOR] t=598230.0 slot=0 move (-41,1111) visible=true
[CURSOR] t=598230.8 slot=1 move (2957,283) visible=true
[CAP] t=598240.7 d=(-22.0,-9.0) -> desktop=(1512.0,876.1) view=(0.0,344.9)
[CAP] t=598245.5 d=(-22.0,-8.0) -> desktop=(1512.0,869.7) view=(0.0,352.9)
[CURSOR] t=598246.5 slot=0 move (-59,1094) visible=true
[CURSOR] t=598247.1 slot=1 move (2929,256) visible=true
[CAP] t=598255.0 d=(-26.0,-9.0) -> desktop=(1512.0,862.5) view=(0.0,361.9)
[CAP] t=598261.7 d=(-25.0,-8.0) -> desktop=(1512.0,856.1) view=(0.0,369.9)
[CURSOR] t=598263.1 slot=0 hide
[CURSOR] t=598263.2 slot=1 move (2913,228) visible=true
[CURSORLAYER] t=598266.9 slot=0 layer hides
[CAP] t=598273.7 d=(-12.0,-3.0) -> desktop=(1512.0,853.7) view=(0.0,372.9)
[CAP] t=598278.7 d=(-41.0,-10.0) -> desktop=(1512.0,845.7) view=(0.0,382.9)
[2026-08-20T17:00:33Z DEBUG limina::window::present] surface store: published surface 956 (33 held)
[2026-08-20T17:00:33Z DEBUG limina::window::present] surface store: evicted surface 814 at cap 32 — if the guest still presents it, every later frame naming it is skipped
[CURSOR] t=598280.0 slot=0 shape id=956 64x64 hot=(4,1) pos=(-59,1094)
[CURSOR] t=598281.0 slot=0 move (-33,1066) visible=true
[CURSOR] t=598281.1 slot=1 move (3017,195) visible=true
[CURSORLAYER] t=598282.7 slot=0 layer shows at guest=(-33,1066) frame=(-37,311 64x64)
[CAP] t=598289.8 d=(-25.0,-3.0) -> desktop=(1512.0,843.3) view=(0.0,385.9)
[CAP] t=598293.5 d=(-12.0,-1.0) -> desktop=(1512.0,842.5) view=(0.0,386.9)
[CURSOR] t=598296.1 slot=1 move (3017,188) visible=true
[CAP] t=598306.2 d=(-21.0,-3.0) -> desktop=(1512.0,840.1) view=(0.0,389.9)
[CAP] t=598309.6 d=(-23.0,0.0) -> desktop=(1512.0,840.1) view=(0.0,389.9)
[CURSOR] t=598311.7 slot=0 hide
[CURSOR] t=598312.7 slot=1 move (2841,184) visible=true
[CURSORLAYER] t=598316.0 slot=0 layer hides
[CAP] t=598320.4 d=(-20.0,0.0) -> desktop=(1512.0,840.1) view=(0.0,389.9)
[CAP] t=598325.4 d=(-19.0,0.0) -> desktop=(1512.0,840.1) view=(0.0,389.9)
[CURSOR] t=598329.9 slot=1 move (2685,184) visible=true
[CAP] t=598341.5 d=(-17.0,0.0) -> desktop=(1512.0,840.1) view=(0.0,389.9)
[CAP] t=598342.2 d=(-17.0,0.0) -> desktop=(1512.0,840.1) view=(0.0,389.9)
[CURSOR] t=598346.8 slot=1 move (2553,184) visible=true
[CAP] t=598354.3 d=(-16.0,2.0) -> desktop=(1512.0,841.7) view=(0.0,387.9)
[CAP] t=598357.5 d=(-15.0,3.0) -> desktop=(1512.0,844.1) view=(0.0,384.9)
[CURSOR] t=598363.1 slot=0 shape id=814 64x64 hot=(4,1) pos=(-33,1066)
[CURSOR] t=598363.4 slot=0 move (-41,1054) visible=true
[CURSOR] t=598363.5 slot=1 move (2957,192) visible=true
[2026-08-20T17:00:33Z DEBUG limina::window::present] surface store: published surface 814 (33 held)
[2026-08-20T17:00:33Z DEBUG limina::window::present] surface store: evicted surface 815 at cap 32 — if the guest still presents it, every later frame naming it is skipped
[CAP] t=598365.7 d=(-6.0,2.0) -> desktop=(1512.0,845.7) view=(0.0,382.9)
[CURSORLAYER] t=598367.8 slot=0 layer shows at guest=(-41,1054) frame=(-45,323 64x64)
[CAP] t=598377.3 d=(-10.0,3.0) -> desktop=(1512.0,848.1) view=(0.0,379.9)
[CURSOR] t=598377.7 slot=0 move (-21,1059) visible=true
[CURSOR] t=598379.5 slot=1 move (2989,200) visible=true
[CAP] t=598381.4 d=(-10.0,2.0) -> desktop=(1512.0,849.7) view=(0.0,377.9)
[CAP] t=598393.0 d=(-9.0,2.0) -> desktop=(1512.0,851.3) view=(0.0,375.9)
[CURSOR] t=598395.4 slot=0 move (-4,1061) visible=true
[CURSOR] t=598396.8 slot=1 move (2984,206) visible=true
[CAP] t=598398.3 d=(-2.0,1.0) -> desktop=(1512.0,852.1) view=(0.0,374.9)
[CURSOR] t=598405.0 slot=1 move (3017,208) visible=true
[CAP] t=598405.7 d=(-6.0,1.0) -> desktop=(1512.0,852.9) view=(0.0,373.9)
[CURSOR] t=598411.7 slot=0 move (-13,1065) visible=true
[CAP] t=598413.9 d=(-4.0,1.0) -> desktop=(1512.0,853.7) view=(0.0,372.9)
[CAP] t=598421.7 d=(-2.0,0.0) -> desktop=(1512.0,853.7) view=(0.0,372.9)
[CURSOR] t=598424.5 slot=1 move (3007,211) visible=true
[CURSOR] t=598428.4 slot=0 move (-13,1066) visible=true
[CAP] t=598430.1 d=(-1.0,0.0) -> desktop=(1512.0,853.7) view=(0.0,372.9)
[CURSOR] t=598439.2 slot=1 move (3001,211) visible=true
[CURSOR] t=598445.2 slot=0 move (-14,1066) visible=true
[CAP] t=608633.1 d=(-1.0,0.0) -> desktop=(1512.0,853.7) view=(0.0,372.9)
[CAP] t=608644.4 d=(-7.0,-3.0) -> desktop=(1512.0,851.3) view=(0.0,375.9)
[CURSOR] t=608645.8 slot=1 move (2998,206) visible=true
[CAP] t=608648.0 d=(-11.0,-5.0) -> desktop=(1512.0,847.3) view=(0.0,380.9)
[CURSOR] t=608658.2 slot=0 move (-31,1058) visible=true
[CAP] t=608659.6 d=(-11.0,-4.0) -> desktop=(1512.0,844.1) view=(0.0,384.9)
[CURSOR] t=608663.8 slot=1 move (3017,192) visible=true
[CAP] t=608664.0 d=(-11.0,-4.0) -> desktop=(1512.0,840.9) view=(0.0,388.9)
[CAP] t=608671.8 d=(-12.0,-4.0) -> desktop=(1512.0,837.7) view=(0.0,392.9)
[CURSOR] t=608672.5 slot=0 move (-4,1046) visible=true
[CAP] t=608680.2 d=(-11.0,-2.0) -> desktop=(1512.0,836.1) view=(0.0,394.9)
[CURSOR] t=608686.1 slot=1 move (3017,179) visible=true
[CURSOR] t=608688.4 slot=0 move (-28,1044) visible=true
[CAP] t=608692.4 d=(-19.0,-5.0) -> desktop=(1512.0,832.1) view=(0.0,399.9)
[CAP] t=608695.9 d=(-17.0,-4.0) -> desktop=(1512.0,828.9) view=(0.0,403.9)
[CURSOR] t=608701.4 slot=1 move (2949,161) visible=true
[CAP] t=608704.2 d=(-15.0,-2.0) -> desktop=(1512.0,827.3) view=(0.0,405.9)
[CURSOR] t=608705.0 slot=0 move (-4,1033) visible=true
[CAP] t=608712.0 d=(-15.0,-2.0) -> desktop=(1512.0,825.7) view=(0.0,407.9)
[CURSOR] t=608717.6 slot=1 move (3017,155) visible=true
[CAP] t=608720.6 d=(-13.0,0.0) -> desktop=(1512.0,825.7) view=(0.0,407.9)
[CURSOR] t=608721.6 slot=0 move (-36,1031) visible=true
[CAP] t=608728.1 d=(-13.0,-1.0) -> desktop=(1512.0,824.9) view=(0.0,408.9)
[CURSOR] t=608734.2 slot=1 move (2965,153) visible=true
[CAP] t=608737.0 d=(-5.0,0.0) -> desktop=(1512.0,824.9) view=(0.0,408.9)
[CURSOR] t=608738.2 slot=0 move (-47,1030) visible=true
[CAP] t=608745.1 d=(-19.0,0.0) -> desktop=(1512.0,824.9) view=(0.0,408.9)
[CURSOR] t=608751.1 slot=1 move (2877,153) visible=true
[CAP] t=608754.9 d=(-11.0,0.0) -> desktop=(1512.0,824.9) view=(0.0,408.9)
[CURSOR] t=608756.4 slot=0 hide
[CAP] t=608760.6 d=(-11.0,0.0) -> desktop=(1512.0,824.9) view=(0.0,408.9)
[CURSORLAYER] t=608769.0 slot=0 layer hides
[CURSOR] t=608770.9 slot=1 move (2791,153) visible=true
[CAP] t=608774.2 d=(-6.0,0.0) -> desktop=(1512.0,824.9) view=(0.0,408.9)
[CAP] t=608775.9 d=(-9.0,0.0) -> desktop=(1512.0,824.9) view=(0.0,408.9)
[CURSOR] t=608786.1 slot=1 move (2737,153) visible=true
[CAP] t=608789.1 d=(-9.0,0.0) -> desktop=(1512.0,824.9) view=(0.0,408.9)
[CAP] t=608792.1 d=(-9.0,0.0) -> desktop=(1512.0,824.9) view=(0.0,408.9)
[CURSOR] t=608803.1 slot=1 move (2669,153) visible=true
[CAP] t=608804.8 d=(-8.0,0.0) -> desktop=(1512.0,824.9) view=(0.0,408.9)
[CAP] t=608808.2 d=(-8.0,0.0) -> desktop=(1512.0,824.9) view=(0.0,408.9)
[CURSOR] t=608809.3 slot=1 move (2609,153) visible=true
[CAP] t=608816.7 d=(-8.0,0.0) -> desktop=(1512.0,824.9) view=(0.0,408.9)
[CAP] t=608824.2 d=(-7.0,0.0) -> desktop=(1512.0,824.9) view=(0.0,408.9)
[CURSOR] t=608826.1 slot=1 move (2556,153) visible=true
[CAP] t=608832.3 d=(-5.0,0.0) -> desktop=(1512.0,824.9) view=(0.0,408.9)
[CAP] t=608840.6 d=(-5.0,0.0) -> desktop=(1512.0,824.9) view=(0.0,408.9)
[CURSOR] t=608842.8 slot=1 move (2529,153) visible=true
[CAP] t=608849.0 d=(-5.0,0.0) -> desktop=(1512.0,824.9) view=(0.0,408.9)
[CURSOR] t=608852.4 slot=1 move (2517,153) visible=true
[CAP] t=608856.7 d=(-4.0,0.0) -> desktop=(1512.0,824.9) view=(0.0,408.9)
[CAP] t=608864.5 d=(-5.0,0.0) -> desktop=(1512.0,824.9) view=(0.0,408.9)
[CURSOR] t=608868.1 slot=1 move (2496,153) visible=true
[CAP] t=608872.8 d=(-6.0,0.0) -> desktop=(1512.0,824.9) view=(0.0,408.9)
[CAP] t=608880.8 d=(-6.0,-1.0) -> desktop=(1512.0,824.1) view=(0.0,409.9)
[CURSOR] t=608885.7 slot=1 move (3017,152) visible=true
[CAP] t=608891.1 d=(-6.0,0.0) -> desktop=(1512.0,824.1) view=(0.0,409.9)
[CURSOR] t=608891.9 slot=0 shape id=815 64x64 hot=(4,1) pos=(-47,1030)
[CURSOR] t=608892.1 slot=0 move (-4,1029) visible=true
[2026-08-20T17:00:43Z DEBUG limina::window::present] surface store: published surface 815 (33 held)
[2026-08-20T17:00:43Z DEBUG limina::window::present] surface store: evicted surface 831 at cap 32 — if the guest still presents it, every later frame naming it is skipped
[CAP] t=608896.6 d=(-6.0,-1.0) -> desktop=(1512.0,823.3) view=(0.0,410.9)
[CURSORLAYER] t=608898.9 slot=0 layer shows at guest=(-4,1029) frame=(-8,348 64x64)
[CURSOR] t=608901.5 slot=1 move (2999,150) visible=true
[CURSOR] t=608905.8 slot=0 move (-15,1028) visible=true
[CAP] t=608906.0 d=(-7.0,-1.0) -> desktop=(1512.0,822.5) view=(0.0,411.9)
[CAP] t=608912.4 d=(-5.0,-1.0) -> desktop=(1512.0,821.7) view=(0.0,412.9)
[CURSOR] t=608923.0 slot=0 move (-4,1026) visible=true
[CURSOR] t=608923.2 slot=1 move (3017,147) visible=true
[CAP] t=608925.9 d=(-6.0,0.0) -> desktop=(1512.0,821.7) view=(0.0,412.9)
[CAP] t=608928.4 d=(-6.0,-1.0) -> desktop=(1512.0,820.9) view=(0.0,413.9)
[CURSOR] t=608937.2 slot=1 move (3017,145) visible=true
[CURSOR] t=608938.4 slot=0 move (-4,1025) visible=true
[CAP] t=608940.2 d=(-5.0,0.0) -> desktop=(1512.0,820.9) view=(0.0,413.9)
[CAP] t=608944.7 d=(-5.0,-1.0) -> desktop=(1512.0,820.1) view=(0.0,414.9)
[CURSOR] t=608952.1 slot=1 move (3003,144) visible=true
[CAP] t=608954.1 d=(-5.0,0.0) -> desktop=(1512.0,820.1) view=(0.0,414.9)
[CURSOR] t=608955.3 slot=0 move (-12,1024) visible=true
[CAP] t=608961.6 d=(-2.0,0.0) -> desktop=(1512.0,820.1) view=(0.0,414.9)
[CURSOR] t=608969.9 slot=1 move (2985,144) visible=true
[CURSOR] t=608972.0 slot=0 move (-24,1024) visible=true
[CAP] t=608972.2 d=(-6.0,-1.0) -> desktop=(1512.0,819.3) view=(0.0,415.9)
[CAP] t=608976.4 d=(-4.0,-1.0) -> desktop=(1512.0,818.5) view=(0.0,416.9)
[CURSOR] t=608986.4 slot=1 move (3017,140) visible=true
[CURSOR] t=608989.1 slot=0 move (-4,1022) visible=true
[CAP] t=608989.7 d=(-4.0,0.0) -> desktop=(1512.0,818.5) view=(0.0,416.9)
[CAP] t=608992.4 d=(-5.0,-1.0) -> desktop=(1512.0,817.7) view=(0.0,417.9)
[CURSOR] t=609003.4 slot=1 move (3001,139) visible=true
[CURSOR] t=609005.3 slot=0 move (-14,1021) visible=true
[CAP] t=609006.5 d=(-5.0,-2.0) -> desktop=(1512.0,816.1) view=(0.0,419.9)
[CAP] t=609008.7 d=(-5.0,-1.0) -> desktop=(1512.0,815.3) view=(0.0,420.9)
[CURSOR] t=609019.9 slot=1 move (2999,134) visible=true
[CURSOR] t=609021.9 slot=0 move (-15,1018) visible=true
[CAP] t=609023.0 d=(-6.0,-3.0) -> desktop=(1512.0,812.9) view=(0.0,423.9)
[CAP] t=609024.5 d=(-6.0,-2.0) -> desktop=(1512.0,811.3) view=(0.0,425.9)
[CURSOR] t=609026.2 slot=1 move (3017,126) visible=true
[CAP] t=609038.3 d=(-7.0,-4.0) -> desktop=(1512.0,808.1) view=(0.0,429.9)
[CURSOR] t=609039.6 slot=0 move (-4,1013) visible=true
[CAP] t=609041.0 d=(-7.0,-3.0) -> desktop=(1512.0,805.7) view=(0.0,432.9)
[CURSOR] t=609042.8 slot=1 move (2992,115) visible=true
[CAP] t=609055.1 d=(-10.0,-7.0) -> desktop=(1512.0,800.1) view=(0.0,439.9)
[CAP] t=609056.7 d=(-3.0,-2.0) -> desktop=(1512.0,798.5) view=(0.0,441.9)
[CURSOR] t=609057.6 slot=0 move (-20,1006) visible=true
[CURSOR] t=609059.3 slot=1 move (3006,101) visible=true
[CAP] t=609065.3 d=(-7.0,-4.0) -> desktop=(1512.0,795.3) view=(0.0,445.9)
[CURSOR] t=609070.1 slot=1 move (2991,94) visible=true
[CURSOR] t=609071.9 slot=0 move (-20,993) visible=true
[CAP] t=609073.9 d=(-7.0,-4.0) -> desktop=(1512.0,792.1) view=(0.0,449.9)
[CAP] t=609081.2 d=(-5.0,-3.0) -> desktop=(1512.0,789.7) view=(0.0,452.9)
[CURSOR] t=609086.2 slot=1 move (3003,83) visible=true
[CURSOR] t=609089.0 slot=0 move (-12,986) visible=true
[CAP] t=609091.3 d=(-2.0,-2.0) -> desktop=(1512.0,788.1) view=(0.0,454.9)
[CURSOR] t=609092.8 slot=1 move (3013,80) visible=true
[CAP] t=609097.0 d=(-5.0,-3.0) -> desktop=(1512.0,785.7) view=(0.0,457.9)
[CURSOR] t=609105.7 slot=0 move (-11,981) visible=true
[CAP] t=609107.3 d=(-2.0,-2.0) -> desktop=(1512.0,784.1) view=(0.0,459.9)
[CURSOR] t=609109.4 slot=1 move (3013,72) visible=true
[CAP] t=609112.9 d=(-3.0,-2.0) -> desktop=(1512.0,782.5) view=(0.0,461.9)
[CAP] t=609121.2 d=(-2.0,-1.0) -> desktop=(1512.0,781.7) view=(0.0,462.9)
[CURSOR] t=609121.7 slot=0 move (-6,976) visible=true
[CURSOR] t=609126.0 slot=1 move (3013,67) visible=true
[CAP] t=609129.0 d=(-1.0,-1.0) -> desktop=(1512.0,780.9) view=(0.0,463.9)
[CURSOR] t=609140.7 slot=0 move (-5,975) visible=true
[CAP] t=609142.5 d=(0.0,0.0) -> desktop=(1512.0,780.9) view=(0.0,463.9)
[CAP] t=609144.8 d=(0.0,0.0) -> desktop=(1512.0,780.9) view=(0.0,463.9)
[CAP] t=609154.6 d=(-1.0,-1.0) -> desktop=(1512.0,780.1) view=(0.0,464.9)
[CURSOR] t=609160.1 slot=1 move (3017,64) visible=true
[CAP] t=609161.6 d=(0.0,0.0) -> desktop=(1512.0,780.1) view=(0.0,464.9)
[CAP] t=609170.3 d=(0.0,0.0) -> desktop=(1512.0,780.1) view=(0.0,464.9)
[CURSOR] t=609172.2 slot=0 move (-4,974) visible=true
[CAP] t=609176.9 d=(0.0,-1.0) -> desktop=(1512.0,779.3) view=(0.0,465.9)
[CURSOR] t=609185.9 slot=1 move (3017,62) visible=true
[CAP] t=609188.4 d=(0.0,-1.0) -> desktop=(1512.0,778.5) view=(0.0,466.9)
[CURSOR] t=609188.6 slot=0 move (-4,973) visible=true
[CAP] t=609192.7 d=(0.0,-2.0) -> desktop=(1512.0,776.9) view=(0.0,468.9)
[CURSOR] t=609202.8 slot=1 move (3017,57) visible=true
[CURSOR] t=609205.3 slot=0 move (-4,970) visible=true
[CAP] t=609206.3 d=(0.0,-2.0) -> desktop=(1512.0,775.3) view=(0.0,470.9)
[CAP] t=609208.8 d=(0.0,-2.0) -> desktop=(1512.0,773.7) view=(0.0,472.9)
[CURSOR] t=609209.3 slot=1 move (3017,51) visible=true
[CURSOR] t=609222.2 slot=0 move (-4,966) visible=true
[CAP] t=609223.0 d=(0.0,-3.0) -> desktop=(1512.0,771.3) view=(0.0,475.9)
[CAP] t=609225.0 d=(0.0,-2.0) -> desktop=(1512.0,769.7) view=(0.0,477.9)
[CURSOR] t=609226.2 slot=1 move (3017,43) visible=true
[CURSOR] t=609239.3 slot=0 move (-4,961) visible=true
[CAP] t=609239.9 d=(0.0,-3.0) -> desktop=(1512.0,767.3) view=(0.0,480.9)
[CAP] t=609241.1 d=(0.0,-1.0) -> desktop=(1512.0,766.5) view=(0.0,481.9)
[CURSOR] t=609242.8 slot=1 move (3017,36) visible=true
[CURSOR] t=609255.9 slot=0 move (-4,957) visible=true
[CAP] t=609256.9 d=(0.0,-2.0) -> desktop=(1512.0,764.9) view=(0.0,483.9)
[CAP] t=609257.6 d=(0.0,-1.0) -> desktop=(1512.0,764.1) view=(0.0,484.9)
[CURSOR] t=609259.4 slot=1 move (3017,32) visible=true
[CAP] t=609272.3 d=(0.0,0.0) -> desktop=(1512.0,764.1) view=(0.0,484.9)
[CAP] t=609562.3 d=(0.0,0.0) -> desktop=(1512.0,764.1) view=(0.0,484.9)
[CAP] t=609574.2 d=(-5.0,0.0) -> desktop=(1512.0,764.1) view=(0.0,484.9)
[CURSOR] t=609578.6 slot=1 move (3012,32) visible=true
[CAP] t=609579.0 d=(-7.0,0.0) -> desktop=(1512.0,764.1) view=(0.0,484.9)
[CURSOR] t=609589.1 slot=0 move (-18,954) visible=true
[CAP] t=609589.5 d=(-6.0,0.0) -> desktop=(1512.0,764.1) view=(0.0,484.9)
[CAP] t=609594.4 d=(-6.0,1.0) -> desktop=(1512.0,764.9) view=(0.0,483.9)
[CURSOR] t=609594.6 slot=1 move (2974,32) visible=true
[CURSOR] t=609605.8 slot=0 move (-15,955) visible=true
[CAP] t=609606.3 d=(-9.0,3.0) -> desktop=(1512.0,767.3) view=(0.0,480.9)
[CAP] t=609610.0 d=(-9.0,4.0) -> desktop=(1512.0,770.5) view=(0.0,476.9)
[CURSOR] t=609610.5 slot=1 move (2989,38) visible=true
[CURSOR] t=609622.0 slot=0 move (-25,962) visible=true
[CAP] t=609623.3 d=(-9.0,4.0) -> desktop=(1512.0,773.7) view=(0.0,472.9)
[CAP] t=609625.5 d=(-19.0,10.0) -> desktop=(1512.0,781.7) view=(0.0,462.9)
[CURSOR] t=609626.1 slot=1 move (2946,67) visible=true
[CAP] t=609638.4 d=(-19.0,10.0) -> desktop=(1512.0,789.7) view=(0.0,452.9)
[CURSOR] t=609639.4 slot=0 move (-48,976) visible=true
[CAP] t=609642.0 d=(-21.0,11.0) -> desktop=(1512.0,798.5) view=(0.0,441.9)
[CURSOR] t=609643.1 slot=1 move (2933,101) visible=true
[CURSOR] t=609655.4 slot=0 move (-56,997) visible=true
[CAP] t=609657.1 d=(-9.0,5.0) -> desktop=(1512.0,802.5) view=(0.0,436.9)
[CAP] t=609657.9 d=(-19.0,10.0) -> desktop=(1512.0,810.5) view=(0.0,426.9)
[CURSOR] t=609659.5 slot=1 move (2946,124) visible=true
[CAP] t=609672.5 d=(-31.0,15.0) -> desktop=(1512.0,822.5) view=(0.0,411.9)
[CAP] t=609673.7 d=(-9.0,5.0) -> desktop=(1512.0,826.5) view=(0.0,406.9)
[CURSOR] t=609676.4 slot=1 move (2981,157) visible=true
[CAP] t=609685.6 d=(-16.0,7.0) -> desktop=(1512.0,832.1) view=(0.0,399.9)
[CURSOR] t=609688.8 slot=0 move (-44,1039) visible=true
[CAP] t=609690.1 d=(-14.0,8.0) -> desktop=(1512.0,838.5) view=(0.0,391.9)
[CURSOR] t=609693.0 slot=1 move (3017,181) visible=true
[CAP] t=609698.0 d=(-13.0,6.0) -> desktop=(1512.0,843.3) view=(0.0,385.9)
[CAP] t=609705.9 d=(-12.0,6.0) -> desktop=(1512.0,848.1) view=(0.0,379.9)
[CURSOR] t=609705.9 slot=0 move (-4,1053) visible=true
[CURSOR] t=609709.5 slot=1 move (3017,200) visible=true
[CAP] t=609713.8 d=(-5.0,2.0) -> desktop=(1512.0,849.7) view=(0.0,377.9)
[CAP] t=609721.7 d=(-10.0,5.0) -> desktop=(1512.0,853.7) view=(0.0,372.9)
[CURSOR] t=609722.1 slot=0 move (-24,1066) visible=true
[CURSOR] t=609726.2 slot=1 move (2985,211) visible=true
[CAP] t=609729.9 d=(-8.0,4.0) -> desktop=(1512.0,856.9) view=(0.0,368.9)
[CAP] t=609737.9 d=(-6.0,3.0) -> desktop=(1512.0,859.3) view=(0.0,365.9)
[CURSOR] t=609738.4 slot=0 move (-15,1073) visible=true
[CURSOR] t=609742.9 slot=1 move (2999,222) visible=true
[CAP] t=609745.9 d=(-2.0,1.0) -> desktop=(1512.0,860.1) view=(0.0,364.9)
[CAP] t=609753.9 d=(-10.0,5.0) -> desktop=(1512.0,864.1) view=(0.0,359.9)
[CURSOR] t=609755.1 slot=0 move (-4,1079) visible=true
[CURSOR] t=609759.5 slot=1 move (3017,232) visible=true
[CAP] t=609762.1 d=(-3.0,1.0) -> desktop=(1512.0,864.9) view=(0.0,358.9)
[CURSOR] t=609772.0 slot=0 move (-9,1080) visible=true
[CAP] t=609773.0 d=(-3.0,2.0) -> desktop=(1512.0,866.5) view=(0.0,356.9)
[CURSOR] t=609776.3 slot=1 move (3011,237) visible=true
[CAP] t=609778.0 d=(-4.0,1.0) -> desktop=(1512.0,867.3) view=(0.0,355.9)
[CURSOR] t=609792.1 slot=0 move (-4,1083) visible=true
[CAP] t=609794.1 d=(-4.0,2.0) -> desktop=(1512.0,868.9) view=(0.0,353.9)
[CAP] t=609796.1 d=(-3.0,2.0) -> desktop=(1512.0,870.5) view=(0.0,351.9)
[CURSOR] t=609803.4 slot=1 move (3008,245) visible=true
[CURSOR] t=609804.9 slot=0 move (-9,1087) visible=true
[CAP] t=609805.7 d=(-4.0,2.0) -> desktop=(1512.0,872.1) view=(0.0,349.9)
[CAP] t=609809.9 d=(-4.0,3.0) -> desktop=(1512.0,874.5) view=(0.0,346.9)
[CURSOR] t=609820.7 slot=1 move (3017,253) visible=true
[CURSOR] t=609822.0 slot=0 move (-4,1092) visible=true
[CAP] t=609823.1 d=(-5.0,3.0) -> desktop=(1512.0,876.9) view=(0.0,343.9)
[CAP] t=609825.8 d=(-5.0,5.0) -> desktop=(1512.0,880.9) view=(0.0,338.9)
[CURSOR] t=609836.3 slot=1 move (3017,265) visible=true
[CAP] t=609838.0 d=(-5.0,5.0) -> desktop=(1512.0,884.9) view=(0.0,333.9)
[CURSOR] t=609838.4 slot=0 move (-4,1100) visible=true
[CAP] t=609842.3 d=(-5.0,5.0) -> desktop=(1512.0,888.9) view=(0.0,328.9)
[CURSOR] t=609853.7 slot=1 move (3004,281) visible=true
[CURSOR] t=609855.0 slot=0 move (-12,1110) visible=true
[CAP] t=609856.8 d=(-4.0,4.0) -> desktop=(1512.0,892.1) view=(0.0,324.9)
[CAP] t=609857.9 d=(-4.0,5.0) -> desktop=(1512.0,896.1) view=(0.0,319.9)
[CAP] t=609872.6 d=(-2.0,2.0) -> desktop=(1512.0,897.7) view=(0.0,317.9)
[CAP] t=609873.9 d=(-2.0,2.0) -> desktop=(1512.0,899.3) view=(0.0,315.9)
[CURSOR] t=609876.5 slot=1 move (3017,302) visible=true
[CURSOR] t=609889.3 slot=0 move (-4,1123) visible=true
[CAP] t=609891.1 d=(-3.0,3.0) -> desktop=(1512.0,901.7) view=(0.0,312.9)
[CAP] t=609891.9 d=(-2.0,2.0) -> desktop=(1512.0,903.3) view=(0.0,310.9)
[CURSOR] t=609893.1 slot=1 move (3006,307) visible=true
[CAP] t=609898.2 d=(-3.0,2.0) -> desktop=(1512.0,904.9) view=(0.0,308.9)
[CURSOR] t=609905.7 slot=0 move (-10,1130) visible=true
[CAP] t=609906.1 d=(-2.0,1.0) -> desktop=(1512.0,905.7) view=(0.0,307.9)
[CURSOR] t=609909.5 slot=1 move (3013,315) visible=true
[CAP] t=609914.8 d=(-3.0,2.0) -> desktop=(1512.0,907.3) view=(0.0,305.9)
[CURSOR] t=609921.8 slot=0 move (-7,1133) visible=true
[CAP] t=609923.4 d=(-2.0,1.0) -> desktop=(1512.0,908.1) view=(0.0,304.9)
[CURSOR] t=609926.4 slot=1 move (3013,320) visible=true
[CAP] t=609930.3 d=(-3.0,1.0) -> desktop=(1512.0,908.9) view=(0.0,303.9)
[CURSOR] t=609939.4 slot=0 move (-7,1135) visible=true
[CAP] t=609939.9 d=(-3.0,1.0) -> desktop=(1512.0,909.7) view=(0.0,302.9)
[CURSOR] t=609943.0 slot=1 move (3011,323) visible=true
[CAP] t=609946.1 d=(-3.0,2.0) -> desktop=(1512.0,911.3) view=(0.0,300.9)
[CAP] t=609954.1 d=(-4.0,1.0) -> desktop=(1512.0,912.1) view=(0.0,299.9)
[CURSOR] t=609954.9 slot=0 move (-9,1139) visible=true
[CURSOR] t=609959.5 slot=1 move (3009,328) visible=true
[CAP] t=609962.2 d=(-4.0,2.0) -> desktop=(1512.0,913.7) view=(0.0,297.9)
[CURSOR] t=609972.1 slot=0 move (-9,1141) visible=true
[CAP] t=609973.0 d=(-6.0,1.0) -> desktop=(1512.0,914.5) view=(0.0,296.9)
[CURSOR] t=609976.4 slot=1 move (3004,332) visible=true
[CAP] t=609978.1 d=(-4.0,1.0) -> desktop=(1512.0,915.3) view=(0.0,295.9)
[CURSOR] t=609989.2 slot=0 move (-10,1143) visible=true
[CAP] t=609989.5 d=(-5.0,1.0) -> desktop=(1512.0,916.1) view=(0.0,294.9)
[CURSOR] t=609994.7 slot=1 move (3005,336) visible=true
[CAP] t=609995.2 d=(-4.0,1.0) -> desktop=(1512.0,916.9) view=(0.0,293.9)
[CURSOR] t=610005.3 slot=0 move (-9,1145) visible=true
[CAP] t=610005.4 d=(-5.0,0.0) -> desktop=(1512.0,916.9) view=(0.0,293.9)
[CURSOR] t=610009.5 slot=1 move (2996,337) visible=true
[CAP] t=610010.2 d=(-4.0,1.0) -> desktop=(1512.0,917.7) view=(0.0,292.9)
[CURSOR] t=610022.2 slot=0 move (-10,1146) visible=true
[CAP] t=610023.3 d=(-4.0,0.0) -> desktop=(1512.0,917.7) view=(0.0,292.9)
[CAP] t=610026.2 d=(-4.0,1.0) -> desktop=(1512.0,918.5) view=(0.0,291.9)
[CURSOR] t=610026.5 slot=1 move (2997,339) visible=true
[CURSOR] t=610039.0 slot=0 move (-11,1147) visible=true
[CAP] t=610039.4 d=(-3.0,0.0) -> desktop=(1512.0,918.5) view=(0.0,291.9)
[CAP] t=610042.5 d=(-4.0,0.0) -> desktop=(1512.0,918.5) view=(0.0,291.9)
[CURSOR] t=610045.2 slot=1 move (2997,340) visible=true
[CURSOR] t=610055.2 slot=0 move (-24,1147) visible=true
[CAP] t=610056.5 d=(-4.0,0.0) -> desktop=(1512.0,918.5) view=(0.0,291.9)
[CAP] t=610058.3 d=(-3.0,0.0) -> desktop=(1512.0,918.5) view=(0.0,291.9)
[CURSOR] t=610059.5 slot=1 move (2964,340) visible=true
[CURSOR] t=610072.1 slot=0 move (-37,1147) visible=true
[CAP] t=610072.3 d=(-3.0,0.0) -> desktop=(1512.0,918.5) view=(0.0,291.9)
[CAP] t=610074.2 d=(-4.0,0.0) -> desktop=(1512.0,918.5) view=(0.0,291.9)
[CURSOR] t=610076.4 slot=1 move (2941,340) visible=true
[CAP] t=610092.1 d=(-3.0,0.0) -> desktop=(1512.0,918.5) view=(0.0,291.9)
[CAP] t=610092.8 d=(-4.0,0.0) -> desktop=(1512.0,918.5) view=(0.0,291.9)
[CURSOR] t=610093.0 slot=1 move (2931,340) visible=true
[CAP] t=610098.3 d=(-6.0,0.0) -> desktop=(1512.0,918.5) view=(0.0,291.9)
[CAP] t=610106.5 d=(-6.0,3.0) -> desktop=(1512.0,920.9) view=(0.0,288.9)
[CURSOR] t=610107.2 slot=0 hide
[CURSOR] t=610109.7 slot=1 move (2999,345) visible=true
[CAP] t=610114.6 d=(-5.0,5.0) -> desktop=(1512.0,924.9) view=(0.0,283.9)
[CURSORLAYER] t=610116.9 slot=0 layer hides
[CURSOR] t=610123.4 slot=0 shape id=831 64x64 hot=(4,1) pos=(-37,1147)
[CURSOR] t=610123.5 slot=0 move (-12,1155) visible=true
[2026-08-20T17:00:44Z DEBUG limina::window::present] surface store: published surface 831 (33 held)
[2026-08-20T17:00:44Z DEBUG limina::window::present] surface store: evicted surface 839 at cap 32 — if the guest still presents it, every later frame naming it is skipped
[CURSORLAYER] t=610133.1 slot=0 layer shows at guest=(-12,1155) frame=(-16,222 64x64)
[CAP] t=610412.0 d=(-6.0,0.0) -> desktop=(1512.0,924.9) view=(0.0,283.9)
[CURSOR] t=610420.1 slot=1 move (2993,353) visible=true
[CURSOR] t=610422.5 slot=0 move (-19,1155) visible=true
[CAP] t=610424.1 d=(-9.0,-2.0) -> desktop=(1512.0,923.3) view=(0.0,285.9)
[CAP] t=610428.4 d=(-9.0,-1.0) -> desktop=(1512.0,922.5) view=(0.0,286.9)
[CURSOR] t=610436.3 slot=1 move (2983,348) visible=true
[CURSOR] t=610438.8 slot=0 move (-25,1152) visible=true
[CAP] t=610440.7 d=(-11.0,0.0) -> desktop=(1512.0,922.5) view=(0.0,286.9)
[CAP] t=610443.4 d=(-13.0,0.0) -> desktop=(1512.0,922.5) view=(0.0,286.9)
[CURSOR] t=610454.8 slot=1 move (2891,348) visible=true
[CURSOR] t=610455.3 slot=0 hide
[CAP] t=610458.2 d=(-13.0,0.0) -> desktop=(1512.0,922.5) view=(0.0,286.9)
[CAP] t=610459.2 d=(-15.0,1.0) -> desktop=(1512.0,923.3) view=(0.0,285.9)
[CURSOR] t=610459.7 slot=1 move (2960,350) visible=true
[CURSORLAYER] t=610467.6 slot=0 layer hides
[CURSOR] t=610472.9 slot=0 shape id=839 64x64 hot=(4,1) pos=(-25,1152)
[CURSOR] t=610473.1 slot=0 move (-40,1153) visible=true
[2026-08-20T17:00:45Z DEBUG limina::window::present] surface store: published surface 839 (33 held)
[2026-08-20T17:00:45Z DEBUG limina::window::present] surface store: evicted surface 842 at cap 32 — if the guest still presents it, every later frame naming it is skipped
[CAP] t=610474.1 d=(-15.0,3.0) -> desktop=(1512.0,925.7) view=(0.0,282.9)
[CAP] t=610475.1 d=(-29.0,5.0) -> desktop=(1512.0,929.7) view=(0.0,277.9)
[CURSOR] t=610476.5 slot=1 move (2905,363) visible=true
[CURSORLAYER] t=610482.9 slot=0 layer shows at guest=(-40,1153) frame=(-44,224 64x64)
[CAP] t=610490.1 d=(-26.0,5.0) -> desktop=(1512.0,933.7) view=(0.0,272.9)
[CURSOR] t=610491.4 slot=0 hide
[CAP] t=610491.5 d=(-29.0,5.0) -> desktop=(1512.0,937.7) view=(0.0,267.9)
[CURSOR] t=610493.1 slot=1 move (2901,379) visible=true
[CAP] t=610499.2 d=(-12.0,2.0) -> desktop=(1512.0,939.3) view=(0.0,265.9)
[CURSORLAYER] t=610504.5 slot=0 layer hides
[2026-08-20T17:00:45Z DEBUG limina::window::present] surface store: published surface 842 (33 held)
[2026-08-20T17:00:45Z DEBUG limina::window::present] surface store: evicted surface 850 at cap 32 — if the guest still presents it, every later frame naming it is skipped
[CURSOR] t=610509.3 slot=0 shape id=842 64x64 hot=(4,1) pos=(-40,1153)
[CURSOR] t=610509.4 slot=0 move (-34,1173) visible=true
[CAP] t=610510.9 d=(-40.0,8.0) -> desktop=(1512.0,945.7) view=(0.0,257.9)
[CAP] t=610515.0 d=(-25.0,5.0) -> desktop=(1512.0,949.7) view=(0.0,252.9)
[CURSORLAYER] t=610516.0 slot=0 layer shows at guest=(-34,1173) frame=(-38,204 64x64)
[CURSOR] t=610518.6 slot=1 move (2917,403) visible=true
[CURSOR] t=610522.3 slot=0 hide
[CAP] t=610523.3 d=(-11.0,2.0) -> desktop=(1512.0,951.3) view=(0.0,250.9)
[CAP] t=610531.4 d=(-20.0,6.0) -> desktop=(1512.0,956.1) view=(0.0,244.9)
[CURSORLAYER] t=610533.9 slot=0 layer hides
[CURSOR] t=610537.0 slot=1 move (2937,416) visible=true
[CURSOR] t=610540.0 slot=0 shape id=850 64x64 hot=(4,1) pos=(-34,1173)
[CURSOR] t=610540.2 slot=0 move (-54,1194) visible=true
[2026-08-20T17:00:45Z DEBUG limina::window::present] surface store: published surface 850 (33 held)
[2026-08-20T17:00:45Z DEBUG limina::window::present] surface store: evicted surface 851 at cap 32 — if the guest still presents it, every later frame naming it is skipped
[CAP] t=610541.0 d=(-20.0,5.0) -> desktop=(1512.0,960.1) view=(0.0,239.9)
[CAP] t=610547.5 d=(-33.0,9.0) -> desktop=(1512.0,967.3) view=(0.0,230.9)
[CURSORLAYER] t=610550.2 slot=0 layer shows at guest=(-54,1194) frame=(-58,183 64x64)
[CURSOR] t=610554.1 slot=1 move (2885,438) visible=true
[CURSOR] t=610555.4 slot=0 hide
[CAP] t=610557.2 d=(-9.0,3.0) -> desktop=(1512.0,969.7) view=(0.0,227.9)
[CAP] t=610563.4 d=(-18.0,6.0) -> desktop=(1512.0,974.5) view=(0.0,221.9)
[CURSORLAYER] t=610566.2 slot=0 layer hides
[CURSOR] t=610568.9 slot=1 move (2948,452) visible=true
[CURSOR] t=610574.4 slot=0 shape id=959 64x64 hot=(4,1) pos=(-54,1194)
[CURSOR] t=610574.5 slot=0 move (-47,1217) visible=true
[2026-08-20T17:00:45Z DEBUG limina::window::present] surface store: published surface 959 (33 held)
[2026-08-20T17:00:45Z DEBUG limina::window::present] surface store: evicted surface 854 at cap 32 — if the guest still presents it, every later frame naming it is skipped
[CAP] t=610575.6 d=(-16.0,7.0) -> desktop=(1512.0,980.1) view=(0.0,214.9)
[CURSOR] t=610576.4 slot=1 move (3017,464) visible=true
[CAP] t=610579.2 d=(-15.0,7.0) -> desktop=(1512.0,985.7) view=(0.0,207.9)
[CURSORLAYER] t=610583.4 slot=0 layer shows at guest=(-47,1217) frame=(-51,160 64x64)
[CURSOR] t=610588.9 slot=0 move (-41,1231) visible=true
[CAP] t=610591.7 d=(-17.0,7.0) -> desktop=(1512.0,991.3) view=(0.0,200.9)
[CURSOR] t=610593.1 slot=1 move (3017,486) visible=true
[CAP] t=610595.3 d=(-14.0,7.0) -> desktop=(1512.0,996.9) view=(0.0,193.9)
[CURSOR] t=610606.5 slot=0 move (-39,1245) visible=true
[CAP] t=610607.9 d=(-13.0,7.0) -> desktop=(1512.0,1002.5) view=(0.0,186.9)
[CURSOR] t=610610.1 slot=1 move (2967,508) visible=true
[CAP] t=610611.7 d=(-12.0,6.0) -> desktop=(1512.0,1007.3) view=(0.0,180.9)
[CURSOR] t=610622.0 slot=0 move (-33,1258) visible=true
[CAP] t=610623.6 d=(-13.0,6.0) -> desktop=(1512.0,1012.1) view=(0.0,174.9)
[CURSOR] t=610626.6 slot=1 move (2966,528) visible=true
[CAP] t=610628.0 d=(-12.0,5.0) -> desktop=(1512.0,1016.1) view=(0.0,169.9)
[CURSOR] t=610640.1 slot=0 move (-33,1269) visible=true
[CAP] t=610641.6 d=(-6.0,2.0) -> desktop=(1512.0,1017.7) view=(0.0,167.9)
[CURSOR] t=610643.1 slot=1 move (3017,539) visible=true
[CAP] t=610643.5 d=(-10.0,4.0) -> desktop=(1512.0,1020.9) view=(0.0,163.9)
[CAP] t=610655.0 d=(-17.0,6.0) -> desktop=(1512.0,1025.7) view=(0.0,157.9)
[CURSOR] t=610655.5 slot=0 move (-4,1281) visible=true
[CAP] t=610659.5 d=(-10.0,4.0) -> desktop=(1512.0,1028.9) view=(0.0,153.9)
[CURSOR] t=610661.9 slot=1 move (2977,561) visible=true
[CURSOR] t=610672.6 slot=0 move (-29,1285) visible=true
[CAP] t=610674.7 d=(-10.0,5.0) -> desktop=(1512.0,1032.9) view=(0.0,148.9)
[CAP] t=610675.6 d=(-10.0,4.0) -> desktop=(1512.0,1036.1) view=(0.0,144.9)
[CURSOR] t=610678.3 slot=1 move (2980,576) visible=true
[CAP] t=610688.0 d=(-10.0,6.0) -> desktop=(1512.0,1040.9) view=(0.0,138.9)
[CURSOR] t=610688.6 slot=0 move (-4,1300) visible=true
[CAP] t=610691.4 d=(-9.0,6.0) -> desktop=(1512.0,1045.7) view=(0.0,132.9)
[CURSOR] t=610695.3 slot=1 move (3017,595) visible=true
[CAP] t=610706.8 d=(-10.0,7.0) -> desktop=(1512.0,1051.3) view=(0.0,125.9)
[CAP] t=610707.9 d=(-10.0,8.0) -> desktop=(1512.0,1057.7) view=(0.0,117.9)
[CURSOR] t=610712.0 slot=1 move (2980,619) visible=true
[CAP] t=610715.5 d=(-9.0,8.0) -> desktop=(1512.0,1064.1) view=(0.0,109.9)
[CURSOR] t=610722.8 slot=0 move (-26,1329) visible=true
[CAP] t=610723.5 d=(-10.0,9.0) -> desktop=(1512.0,1071.3) view=(0.0,100.9)
[CURSOR] t=610728.4 slot=1 move (2979,646) visible=true
[CAP] t=610731.5 d=(-4.0,3.0) -> desktop=(1512.0,1073.7) view=(0.0,97.9)
[CURSOR] t=610739.4 slot=0 move (-11,1341) visible=true
[CAP] t=610739.6 d=(-9.0,6.0) -> desktop=(1512.0,1078.5) view=(0.0,91.9)
[CURSOR] t=610745.2 slot=1 move (2991,660) visible=true
[CAP] t=610747.5 d=(-7.0,5.0) -> desktop=(1512.0,1082.5) view=(0.0,86.9)
[CURSOR] t=610756.0 slot=0 move (-18,1352) visible=true
[CAP] t=611028.9 d=(-6.0,-1.0) -> desktop=(1512.0,1081.7) view=(0.0,87.9)
[CURSOR] t=611037.3 slot=1 move (3005,667) visible=true
[CURSOR] t=611038.9 slot=0 move (-11,1351) visible=true
[CAP] t=611040.4 d=(-12.0,-5.0) -> desktop=(1512.0,1077.7) view=(0.0,92.9)
[CAP] t=611045.4 d=(-10.0,-3.0) -> desktop=(1512.0,1075.3) view=(0.0,95.9)
[CURSOR] t=611054.4 slot=1 move (2978,654) visible=true
[CURSOR] t=611055.4 slot=0 move (-28,1343) visible=true
[CAP] t=611057.5 d=(-13.0,-2.0) -> desktop=(1512.0,1073.7) view=(0.0,97.9)
[CAP] t=611060.5 d=(-16.0,-3.0) -> desktop=(1512.0,1071.3) view=(0.0,100.9)
[CURSOR] t=611062.1 slot=1 move (2954,646) visible=true
[CURSOR] t=611073.1 slot=0 move (-43,1338) visible=true
[CAP] t=611078.3 d=(-13.0,-1.0) -> desktop=(1512.0,1070.5) view=(0.0,101.9)
[CAP] t=611079.2 d=(-16.0,-1.0) -> desktop=(1512.0,1069.7) view=(0.0,102.9)
[CURSOR] t=611087.8 slot=1 move (3017,643) visible=true
[CURSOR] t=611089.7 slot=0 move (-4,1336) visible=true
[CAP] t=611091.8 d=(-15.0,-1.0) -> desktop=(1512.0,1068.9) view=(0.0,103.9)
[CAP] t=611092.6 d=(-33.0,-3.0) -> desktop=(1512.0,1066.5) view=(0.0,106.9)
[CURSOR] t=611095.1 slot=1 move (3017,636) visible=true
[CAP] t=611105.8 d=(-34.0,-1.0) -> desktop=(1512.0,1065.7) view=(0.0,107.9)
[CURSOR] t=611106.0 slot=0 move (-4,1332) visible=true
[CAP] t=611108.3 d=(-32.0,-2.0) -> desktop=(1512.0,1064.1) view=(0.0,109.9)
[CURSOR] t=611112.3 slot=1 move (2889,632) visible=true
[CAP] t=611116.3 d=(-32.0,-1.0) -> desktop=(1512.0,1063.3) view=(0.0,110.9)
[CURSOR] t=611121.9 slot=1 move (2889,630) visible=true
[CURSOR] t=611123.2 slot=0 hide
[CAP] t=611127.0 d=(-32.0,-2.0) -> desktop=(1512.0,1061.7) view=(0.0,112.9)
[CURSORLAYER] t=611132.1 slot=0 layer hides
[CURSOR] t=611137.3 slot=1 move (2889,627) visible=true
[CAP] t=611141.3 d=(-32.0,-1.0) -> desktop=(1512.0,1060.9) view=(0.0,113.9)
[CAP] t=611142.2 d=(-31.0,-1.0) -> desktop=(1512.0,1060.1) view=(0.0,114.9)
[CURSOR] t=611145.1 slot=1 move (2893,624) visible=true
[CAP] t=611148.3 d=(-32.0,-2.0) -> desktop=(1512.0,1058.5) view=(0.0,116.9)
[CAP] t=611156.3 d=(-13.0,-1.0) -> desktop=(1512.0,1057.7) view=(0.0,117.9)
[CURSOR] t=611161.9 slot=1 move (3017,619) visible=true
[CAP] t=611164.8 d=(-45.0,-1.0) -> desktop=(1512.0,1056.9) view=(0.0,118.9)
[CAP] t=611172.7 d=(-26.0,-1.0) -> desktop=(1512.0,1056.1) view=(0.0,119.9)
[CURSOR] t=611179.9 slot=1 move (2913,616) visible=true
[CAP] t=611180.9 d=(-11.0,0.0) -> desktop=(1512.0,1056.1) view=(0.0,119.9)
[CAP] t=611188.3 d=(-19.0,0.0) -> desktop=(1512.0,1056.1) view=(0.0,119.9)
[CAP] t=611196.6 d=(-17.0,0.0) -> desktop=(1512.0,1056.1) view=(0.0,119.9)
[CURSOR] t=611197.2 slot=1 move (2793,616) visible=true
[CAP] t=611205.2 d=(-16.0,0.0) -> desktop=(1512.0,1056.1) view=(0.0,119.9)
[CAP] t=611212.4 d=(-6.0,0.0) -> desktop=(1512.0,1056.1) view=(0.0,119.9)
[CURSOR] t=611212.7 slot=1 move (2661,616) visible=true
[CAP] t=611223.5 d=(-12.0,0.0) -> desktop=(1512.0,1056.1) view=(0.0,119.9)
[CAP] t=611228.4 d=(-8.0,0.0) -> desktop=(1512.0,1056.1) view=(0.0,119.9)
[CURSOR] t=611228.8 slot=1 move (2568,616) visible=true
[CAP] t=611239.2 d=(-9.0,1.0) -> desktop=(1512.0,1056.9) view=(0.0,118.9)
[CAP] t=611244.7 d=(-6.0,1.0) -> desktop=(1512.0,1057.7) view=(0.0,117.9)
[CURSOR] t=611245.2 slot=1 move (2998,619) visible=true
[CAP] t=611253.8 d=(-2.0,0.0) -> desktop=(1512.0,1057.7) view=(0.0,117.9)
[CURSOR] t=611256.4 slot=0 shape id=960 64x64 hot=(4,1) pos=(-4,1332)
[CURSOR] t=611256.5 slot=0 move (-19,1321) visible=true
[2026-08-20T17:00:46Z DEBUG limina::window::present] surface store: published surface 960 (33 held)
[2026-08-20T17:00:46Z DEBUG limina::window::present] surface store: evicted surface 865 at cap 32 — if the guest still presents it, every later frame naming it is skipped
[CAP] t=611261.1 d=(-5.0,1.0) -> desktop=(1512.0,1058.5) view=(0.0,116.9)
[CURSOR] t=611263.3 slot=1 move (2993,619) visible=true
[CURSORLAYER] t=611267.7 slot=0 layer shows at guest=(-19,1321) frame=(-23,56 64x64)
[CURSOR] t=611272.8 slot=0 move (-10,1322) visible=true
[CAP] t=611274.2 d=(-4.0,0.0) -> desktop=(1512.0,1058.5) view=(0.0,116.9)
[CAP] t=611276.4 d=(-3.0,0.0) -> desktop=(1512.0,1058.5) view=(0.0,116.9)
[CURSOR] t=611278.3 slot=1 move (2990,621) visible=true
[CURSOR] t=611289.1 slot=0 move (-21,1322) visible=true
[CAP] t=611290.5 d=(-2.0,0.0) -> desktop=(1512.0,1058.5) view=(0.0,116.9)
[CAP] t=611292.4 d=(-2.0,0.0) -> desktop=(1512.0,1058.5) view=(0.0,116.9)
[CURSOR] t=611295.1 slot=1 move (2979,621) visible=true
[CURSOR] t=611310.0 slot=0 move (-28,1322) visible=true
[CAP] t=611310.9 d=(-1.0,0.0) -> desktop=(1512.0,1058.5) view=(0.0,116.9)
[CURSOR] t=611311.6 slot=1 move (2976,621) visible=true
[CAP] t=611311.9 d=(-1.0,0.0) -> desktop=(1512.0,1058.5) view=(0.0,116.9)
[CAP] t=611320.4 d=(0.0,0.0) -> desktop=(1512.0,1058.5) view=(0.0,116.9)
[CAP] t=611324.6 d=(0.0,0.0) -> desktop=(1512.0,1058.5) view=(0.0,116.9)
[CAP] t=611356.9 d=(0.0,0.0) -> desktop=(1512.0,1058.5) view=(0.0,116.9)
[CAP] t=611365.1 d=(3.0,0.0) -> desktop=(1514.4,1058.5) view=(3.0,116.9)
[CURSOR] t=611373.3 slot=0 move (-2,1322) visible=true
[CURSOR] t=611373.6 slot=1 move (3022,621) visible=true
[CAP] t=611377.0 d=(3.0,0.0) -> desktop=(1516.8,1058.5) view=(6.0,116.9)
[CAP] t=611380.7 d=(5.0,0.0) -> desktop=(1520.8,1058.5) view=(11.0,116.9)
[CURSOR] t=611389.3 slot=0 move (6,1322) visible=true
[CURSOR] t=611389.5 slot=1 hide
[CAP] t=611392.1 d=(4.0,0.0) -> desktop=(1524.0,1058.5) view=(15.0,116.9)
[CAP] t=611397.0 d=(2.0,0.0) -> desktop=(1525.6,1058.5) view=(17.0,116.9)
[CURSORLAYER] t=611400.3 slot=1 layer hides
[CURSORLAYER] t=611401.1 slot=1 layer hides
[CURSOR] t=611407.6 slot=0 move (12,1322) visible=true
[CAP] t=611409.7 d=(4.0,0.0) -> desktop=(1528.8,1058.5) view=(21.0,116.9)
[CAP] t=611413.2 d=(3.0,0.0) -> desktop=(1531.2,1058.5) view=(24.0,116.9)
[CURSOR] t=611421.8 slot=0 move (19,1322) visible=true
[CAP] t=611423.2 d=(4.0,0.0) -> desktop=(1534.4,1058.5) view=(28.0,116.9)
[CAP] t=611429.2 d=(3.0,0.0) -> desktop=(1536.8,1058.5) view=(31.0,116.9)
[CURSOR] t=611438.2 slot=0 move (26,1322) visible=true
[CAP] t=611442.0 d=(2.0,0.0) -> desktop=(1538.4,1058.5) view=(33.0,116.9)
[CAP] t=611445.1 d=(5.0,-1.0) -> desktop=(1542.4,1057.7) view=(38.0,117.9)
[CURSOR] t=611455.3 slot=0 move (33,1321) visible=true
[CAP] t=611457.7 d=(3.0,0.0) -> desktop=(1544.8,1057.7) view=(41.0,117.9)
[CAP] t=611461.9 d=(3.0,0.0) -> desktop=(1547.2,1057.7) view=(44.0,117.9)
[CURSOR] t=611471.1 slot=0 move (39,1321) visible=true
[CAP] t=611477.0 d=(5.0,0.0) -> desktop=(1551.2,1057.7) view=(49.0,117.9)
[CAP] t=611478.3 d=(4.0,0.0) -> desktop=(1554.4,1057.7) view=(53.0,117.9)
[CURSOR] t=611488.9 slot=0 move (48,1321) visible=true
[CAP] t=611492.1 d=(6.0,0.0) -> desktop=(1559.2,1057.7) view=(59.0,117.9)
[CAP] t=611493.2 d=(6.0,0.0) -> desktop=(1564.0,1057.7) view=(65.0,117.9)
[CURSOR] t=611506.0 slot=0 move (60,1321) visible=true
[CAP] t=611509.9 d=(5.0,0.0) -> desktop=(1568.0,1057.7) view=(70.0,117.9)
[CAP] t=611511.9 d=(6.0,-1.0) -> desktop=(1572.8,1056.9) view=(76.0,118.9)
[CURSOR] t=611521.9 slot=0 move (71,1320) visible=true
[CAP] t=611523.1 d=(5.0,0.0) -> desktop=(1576.8,1056.9) view=(81.0,118.9)
[CAP] t=611525.2 d=(9.0,-1.0) -> desktop=(1584.0,1056.1) view=(90.0,119.9)
[CURSOR] t=611537.3 slot=0 move (85,1319) visible=true
[CAP] t=611539.8 d=(7.0,-1.0) -> desktop=(1589.6,1055.3) view=(97.0,120.9)
[CAP] t=611541.1 d=(8.0,-2.0) -> desktop=(1596.0,1053.7) view=(105.0,122.9)
[CAP] t=611549.3 d=(10.0,-2.0) -> desktop=(1604.0,1052.1) view=(115.0,124.9)
[CURSOR] t=611553.9 slot=0 move (110,1314) visible=true
[CAP] t=611558.7 d=(11.0,-4.0) -> desktop=(1612.8,1048.9) view=(126.0,128.9)
[CAP] t=611565.3 d=(10.0,-3.0) -> desktop=(1620.8,1046.5) view=(136.0,131.9)
[CURSOR] t=611574.3 slot=0 move (131,1307) visible=true
[CAP] t=611575.8 d=(14.0,-4.0) -> desktop=(1632.0,1043.3) view=(150.0,135.9)
[CAP] t=611581.2 d=(12.0,-5.0) -> desktop=(1641.6,1039.3) view=(162.0,140.9)
[CURSOR] t=611589.0 slot=0 move (157,1298) visible=true
[CAP] t=611591.0 d=(5.0,-3.0) -> desktop=(1645.6,1036.9) view=(167.0,143.9)
[CAP] t=611597.1 d=(10.0,-4.0) -> desktop=(1653.6,1033.7) view=(177.0,147.9)
[CURSOR] t=611605.2 slot=0 move (172,1291) visible=true
[CAP] t=611606.6 d=(7.0,-4.0) -> desktop=(1659.2,1030.5) view=(184.0,151.9)
[CAP] t=611613.3 d=(3.0,-1.0) -> desktop=(1661.6,1029.7) view=(187.0,152.9)
[CURSOR] t=611621.5 slot=0 move (182,1286) visible=true
[CAP] t=611626.0 d=(4.0,-3.0) -> desktop=(1664.8,1027.3) view=(191.0,155.9)
[CAP] t=611629.5 d=(4.0,-2.0) -> desktop=(1668.0,1025.7) view=(195.0,157.9)
[CURSOR] t=611638.3 slot=0 move (190,1281) visible=true
[CAP] t=611639.6 d=(2.0,-2.0) -> desktop=(1669.6,1024.1) view=(197.0,159.9)
[CAP] t=611645.6 d=(2.0,-1.0) -> desktop=(1671.2,1023.3) view=(199.0,160.9)
[CURSOR] t=611655.0 slot=0 move (194,1278) visible=true
[CAP] t=611658.4 d=(1.0,-1.0) -> desktop=(1672.0,1022.5) view=(200.0,161.9)
[CAP] t=611661.8 d=(0.0,0.0) -> desktop=(1672.0,1022.5) view=(200.0,161.9)
[CURSOR] t=611672.0 slot=0 move (195,1277) visible=true
[CAP] t=611673.2 d=(1.0,-1.0) -> desktop=(1672.8,1021.7) view=(201.0,162.9)
[CAP] t=611678.3 d=(0.0,0.0) -> desktop=(1672.8,1021.7) view=(201.0,162.9)
[CAP] t=611695.3 d=(0.0,0.0) -> desktop=(1672.8,1021.7) view=(201.0,162.9)
[CAP] t=611726.0 d=(0.0,0.0) -> desktop=(1672.8,1021.7) view=(201.0,162.9)
[CAP] t=611736.5 d=(0.0,-1.0) -> desktop=(1672.8,1020.9) view=(201.0,163.9)
[CURSOR] t=611757.6 slot=0 move (196,1275) visible=true
[2026-08-20T17:00:47Z INFO  limina::window::input] pointer capture: OFF
[GRABSTATE] t=612799.5 captured=false key=true on_active_space=true has_screen=true app_active=true
[CURSORLAYER] t=612799.8 slot=0 layer hides
[EDGE] t=613411.2 cur=(198.9,164.0) d=(37.0,273.0) fit=(0.0,0.0 2560.0x1440.0) deep=true inside_for=Some(0) latched=true
[EDGE] t=613416.0 cur=(193.0,165.1) d=(-5.0,-1.0) fit=(0.0,0.0 2560.0x1440.0) deep=true inside_for=Some(2) latched=true
[EDGE] t=613419.1 cur=(187.9,166.1) d=(-5.0,-1.0) fit=(0.0,0.0 2560.0x1440.0) deep=true inside_for=Some(8) latched=true
[EDGE] t=613427.1 cur=(180.2,166.7) d=(-8.0,0.0) fit=(0.0,0.0 2560.0x1440.0) deep=true inside_for=Some(16) latched=true
[EDGE] t=613447.2 cur=(171.5,167.3) d=(-8.0,-1.0) fit=(0.0,0.0 2560.0x1440.0) deep=true inside_for=Some(36) latched=true
[CURSOR] t=613450.5 slot=0 move (188,1273) visible=true
[EDGE] t=613453.6 cur=(152.9,167.3) d=(-19.0,0.0) fit=(0.0,0.0 2560.0x1440.0) deep=true inside_for=Some(43) latched=true
[EDGE] t=613454.5 cur=(131.3,167.3) d=(-22.0,0.0) fit=(0.0,0.0 2560.0x1440.0) deep=true inside_for=Some(43) latched=true
[EDGE] t=613456.8 cur=(108.0,167.3) d=(-23.0,0.0) fit=(0.0,0.0 2560.0x1440.0) deep=true inside_for=Some(46) latched=true
[EDGE] t=613464.7 cur=(81.4,167.3) d=(-26.0,0.0) fit=(0.0,0.0 2560.0x1440.0) deep=true inside_for=Some(54) latched=true
[EDGE] t=613472.8 cur=(56.5,166.4) d=(-25.0,0.0) fit=(0.0,0.0 2560.0x1440.0) deep=true inside_for=Some(62) latched=true
[CURSOR] t=613480.5 slot=0 move (77,1271) visible=true
[EDGE] t=613481.1 cur=(29.8,163.4) d=(-27.0,3.0) fit=(0.0,0.0 2560.0x1440.0) deep=false inside_for=None latched=true
[EDGE] t=613498.9 cur=(3.2,160.4) d=(-27.0,3.0) fit=(0.0,0.0 2560.0x1440.0) deep=false inside_for=None latched=true
[2026-08-20T17:00:48Z INFO  limina::window::capture_tap] pointer capture: the pointer left the guest — the fullscreen grab re-arms
[EDGE] t=613501.0 cur=(-7.6,159.8) d=(-10.0,1.0) fit=(0.0,0.0 2560.0x1440.0) deep=false inside_for=None latched=false
[CURSOR] t=613514.6 slot=0 move (25,1275) visible=true
[CURSOR] t=613516.3 inside=false on_strip=false blank=false
[EDGE] t=613517.7 cur=(-30.9,157.9) d=(-24.0,2.0) fit=(0.0,0.0 2560.0x1440.0) deep=false inside_for=None latched=false
[EDGE] t=613520.6 cur=(-54.1,157.0) d=(-23.0,1.0) fit=(0.0,0.0 2560.0x1440.0) deep=false inside_for=None latched=false
[EDGE] t=613524.2 cur=(-74.2,156.1) d=(-20.0,0.0) fit=(0.0,0.0 2560.0x1440.0) deep=false inside_for=None latched=false
[EDGE] t=613528.9 cur=(-91.4,155.3) d=(-17.0,1.0) fit=(0.0,0.0 2560.0x1440.0) deep=false inside_for=None latched=false
[EDGE] t=613541.2 cur=(-107.1,155.3) d=(-16.0,0.0) fit=(0.0,0.0 2560.0x1440.0) deep=false inside_for=None latched=false
[EDGE] t=613544.8 cur=(-113.0,155.3) d=(-6.0,0.0) fit=(0.0,0.0 2560.0x1440.0) deep=false inside_for=None latched=false
[EDGE] t=613556.0 cur=(-125.0,155.3) d=(-12.0,0.0) fit=(0.0,0.0 2560.0x1440.0) deep=false inside_for=None latched=false
[EDGE] t=613560.8 cur=(-137.0,155.3) d=(-12.0,0.0) fit=(0.0,0.0 2560.0x1440.0) deep=false inside_for=None latched=false
[EDGE] t=613573.4 cur=(-145.7,155.3) d=(-9.0,0.0) fit=(0.0,0.0 2560.0x1440.0) deep=false inside_for=None latched=false
[EDGE] t=613576.8 cur=(-154.4,155.3) d=(-8.0,0.0) fit=(0.0,0.0 2560.0x1440.0) deep=false inside_for=None latched=false
[EDGE] t=613586.8 cur=(-162.1,155.9) d=(-8.0,0.0) fit=(0.0,0.0 2560.0x1440.0) deep=false inside_for=None latched=false
[EDGE] t=613593.2 cur=(-169.8,157.7) d=(-8.0,-1.0) fit=(0.0,0.0 2560.0x1440.0) deep=false inside_for=None latched=false
[EDGE] t=613606.0 cur=(-180.6,159.7) d=(-10.0,-2.0) fit=(0.0,0.0 2560.0x1440.0) deep=false inside_for=None latched=false
[EDGE] t=613609.4 cur=(-184.9,160.7) d=(-5.0,-1.0) fit=(0.0,0.0 2560.0x1440.0) deep=false inside_for=None latched=false
[EDGE] t=613617.3 cur=(-191.7,162.3) d=(-7.0,-2.0) fit=(0.0,0.0 2560.0x1440.0) deep=false inside_for=None latched=false
[EDGE] t=613625.1 cur=(-198.4,164.0) d=(-6.0,-1.0) fit=(0.0,0.0 2560.0x1440.0) deep=false inside_for=None latched=false
[EDGE] t=613633.3 cur=(-204.3,165.1) d=(-6.0,-2.0) fit=(0.0,0.0 2560.0x1440.0) deep=false inside_for=None latched=false
[EDGE] t=613641.1 cur=(-206.7,165.5) d=(-3.0,0.0) fit=(0.0,0.0 2560.0x1440.0) deep=false inside_for=None latched=false
[EDGE] t=613649.1 cur=(-214.4,166.1) d=(-7.0,-1.0) fit=(0.0,0.0 2560.0x1440.0) deep=false inside_for=None latched=false
[EDGE] t=613657.4 cur=(-218.0,166.1) d=(-4.0,0.0) fit=(0.0,0.0 2560.0x1440.0) deep=false inside_for=None latched=false
[EDGE] t=613665.5 cur=(-221.7,166.1) d=(-4.0,0.0) fit=(0.0,0.0 2560.0x1440.0) deep=false inside_for=None latched=false
[EDGE] t=613673.5 cur=(-225.3,166.1) d=(-3.0,0.0) fit=(0.0,0.0 2560.0x1440.0) deep=false inside_for=None latched=false
[EDGE] t=613681.8 cur=(-228.9,164.8) d=(-4.0,1.0) fit=(0.0,0.0 2560.0x1440.0) deep=false inside_for=None latched=false
[EDGE] t=613698.3 cur=(-232.5,162.9) d=(-3.0,2.0) fit=(0.0,0.0 2560.0x1440.0) deep=false inside_for=None latched=false
[EDGE] t=613708.8 cur=(-236.1,161.1) d=(-4.0,1.0) fit=(0.0,0.0 2560.0x1440.0) deep=false inside_for=None latched=false
[EDGE] t=613710.2 cur=(-239.8,159.3) d=(-4.0,2.0) fit=(0.0,0.0 2560.0x1440.0) deep=false inside_for=None latched=false
[EDGE] t=613713.4 cur=(-243.4,158.0) d=(-3.0,2.0) fit=(0.0,0.0 2560.0x1440.0) deep=false inside_for=None latched=false
[EDGE] t=613721.6 cur=(-247.0,156.2) d=(-4.0,1.0) fit=(0.0,0.0 2560.0x1440.0) deep=false inside_for=None latched=false
[EDGE] t=613729.3 cur=(-251.3,154.2) d=(-4.0,2.0) fit=(0.0,0.0 2560.0x1440.0) deep=false inside_for=None latched=false
[EDGE] t=613737.2 cur=(-255.0,152.4) d=(-4.0,2.0) fit=(0.0,0.0 2560.0x1440.0) deep=false inside_for=None latched=false
[EDGE] t=613745.6 cur=(-258.6,150.6) d=(-3.0,2.0) fit=(0.0,0.0 2560.0x1440.0) deep=false inside_for=None latched=false
[EDGE] t=613758.4 cur=(-262.2,148.8) d=(-4.0,2.0) fit=(0.0,0.0 2560.0x1440.0) deep=false inside_for=None latched=false
[EDGE] t=613761.7 cur=(-264.0,147.7) d=(-2.0,1.0) fit=(0.0,0.0 2560.0x1440.0) deep=false inside_for=None latched=false
[EDGE] t=613772.8 cur=(-266.6,146.0) d=(-2.0,2.0) fit=(0.0,0.0 2560.0x1440.0) deep=false inside_for=None latched=false
[EDGE] t=613778.5 cur=(-269.0,144.8) d=(-3.0,1.0) fit=(0.0,0.0 2560.0x1440.0) deep=false inside_for=None latched=false
[EDGE] t=613789.3 cur=(-270.8,144.1) d=(-2.0,1.0) fit=(0.0,0.0 2560.0x1440.0) deep=false inside_for=None latched=false
[EDGE] t=613793.6 cur=(-272.2,143.4) d=(-1.0,0.0) fit=(0.0,0.0 2560.0x1440.0) deep=false inside_for=None latched=false
[EDGE] t=613801.5 cur=(-273.1,143.1) d=(-1.0,1.0) fit=(0.0,0.0 2560.0x1440.0) deep=false inside_for=None latched=false
[EDGE] t=613809.6 cur=(-274.1,142.8) d=(-1.0,0.0) fit=(0.0,0.0 2560.0x1440.0) deep=false inside_for=None latched=false
[EDGE] t=613817.5 cur=(-275.0,142.8) d=(-1.0,0.0) fit=(0.0,0.0 2560.0x1440.0) deep=false inside_for=None latched=false
[EDGE] t=613826.2 cur=(-275.9,142.8) d=(-1.0,0.0) fit=(0.0,0.0 2560.0x1440.0) deep=false inside_for=None latched=false
[EDGE] t=613835.5 cur=(-276.5,142.8) d=(0.0,0.0) fit=(0.0,0.0 2560.0x1440.0) deep=false inside_for=None latched=false
[EDGE] t=613842.2 cur=(-277.4,142.8) d=(-1.0,0.0) fit=(0.0,0.0 2560.0x1440.0) deep=false inside_for=None latched=false
[EDGE] t=613849.7 cur=(-278.0,142.8) d=(-1.0,0.0) fit=(0.0,0.0 2560.0x1440.0) deep=false inside_for=None latched=false
[EDGE] t=613857.5 cur=(-278.3,142.8) d=(0.0,0.0) fit=(0.0,0.0 2560.0x1440.0) deep=false inside_for=None latched=false
[EDGE] t=613865.5 cur=(-278.5,143.0) d=(0.0,0.0) fit=(0.0,0.0 2560.0x1440.0) deep=false inside_for=None latched=false
[EDGE] t=613873.5 cur=(-278.8,143.0) d=(-1.0,0.0) fit=(0.0,0.0 2560.0x1440.0) deep=false inside_for=None latched=false
[EDGE] t=613881.7 cur=(-279.0,143.3) d=(0.0,0.0) fit=(0.0,0.0 2560.0x1440.0) deep=false inside_for=None latched=false
[EDGE] t=613889.8 cur=(-279.3,143.3) d=(0.0,0.0) fit=(0.0,0.0 2560.0x1440.0) deep=false inside_for=None latched=false
[EDGE] t=613898.0 cur=(-279.3,143.6) d=(0.0,0.0) fit=(0.0,0.0 2560.0x1440.0) deep=false inside_for=None latched=false
[EDGE] t=613938.9 cur=(-279.1,143.8) d=(0.0,0.0) fit=(0.0,0.0 2560.0x1440.0) deep=false inside_for=None latched=false
[EDGE] t=613946.1 cur=(-277.2,143.8) d=(1.0,0.0) fit=(0.0,0.0 2560.0x1440.0) deep=false inside_for=None latched=false
[EDGE] t=613957.4 cur=(-274.2,144.2) d=(3.0,-1.0) fit=(0.0,0.0 2560.0x1440.0) deep=false inside_for=None latched=false
[EDGE] t=613962.2 cur=(-271.3,144.2) d=(3.0,0.0) fit=(0.0,0.0 2560.0x1440.0) deep=false inside_for=None latched=false
[EDGE] t=613972.5 cur=(-266.2,144.7) d=(5.0,0.0) fit=(0.0,0.0 2560.0x1440.0) deep=false inside_for=None latched=false
[EDGE] t=613978.6 cur=(-257.5,144.7) d=(9.0,0.0) fit=(0.0,0.0 2560.0x1440.0) deep=false inside_for=None latched=false
[EDGE] t=613990.9 cur=(-248.8,144.7) d=(8.0,0.0) fit=(0.0,0.0 2560.0x1440.0) deep=false inside_for=None latched=false
[EDGE] t=613994.9 cur=(-239.1,145.4) d=(10.0,-1.0) fit=(0.0,0.0 2560.0x1440.0) deep=false inside_for=None latched=false
[EDGE] t=614007.1 cur=(-233.2,145.4) d=(6.0,0.0) fit=(0.0,0.0 2560.0x1440.0) deep=false inside_for=None latched=false
[EDGE] t=614011.3 cur=(-224.5,146.0) d=(9.0,0.0) fit=(0.0,0.0 2560.0x1440.0) deep=false inside_for=None latched=false
[EDGE] t=614022.9 cur=(-214.8,146.0) d=(9.0,0.0) fit=(0.0,0.0 2560.0x1440.0) deep=false inside_for=None latched=false
[EDGE] t=614026.5 cur=(-199.0,147.6) d=(16.0,-2.0) fit=(0.0,0.0 2560.0x1440.0) deep=false inside_for=None latched=false
[EDGE] t=614037.4 cur=(-194.6,148.1) d=(4.0,0.0) fit=(0.0,0.0 2560.0x1440.0) deep=false inside_for=None latched=false
[EDGE] t=614041.9 cur=(-186.0,149.3) d=(9.0,-2.0) fit=(0.0,0.0 2560.0x1440.0) deep=false inside_for=None latched=false
[EDGE] t=614050.1 cur=(-177.3,151.2) d=(9.0,-2.0) fit=(0.0,0.0 2560.0x1440.0) deep=false inside_for=None latched=false
[EDGE] t=614057.9 cur=(-170.5,152.3) d=(7.0,-1.0) fit=(0.0,0.0 2560.0x1440.0) deep=false inside_for=None latched=false
[EDGE] t=614066.4 cur=(-163.7,154.0) d=(6.0,-1.0) fit=(0.0,0.0 2560.0x1440.0) deep=false inside_for=None latched=false
[EDGE] t=614075.9 cur=(-157.8,155.1) d=(6.0,-1.0) fit=(0.0,0.0 2560.0x1440.0) deep=false inside_for=None latched=false
[EDGE] t=614082.0 cur=(-151.0,156.8) d=(7.0,-2.0) fit=(0.0,0.0 2560.0x1440.0) deep=false inside_for=None latched=false
[EDGE] t=614089.9 cur=(-144.3,157.9) d=(7.0,-1.0) fit=(0.0,0.0 2560.0x1440.0) deep=false inside_for=None latched=false
[EDGE] t=614097.7 cur=(-137.5,159.6) d=(7.0,-2.0) fit=(0.0,0.0 2560.0x1440.0) deep=false inside_for=None latched=false
[EDGE] t=614108.1 cur=(-126.7,162.3) d=(10.0,-3.0) fit=(0.0,0.0 2560.0x1440.0) deep=false inside_for=None latched=false
[EDGE] t=614114.3 cur=(-119.0,164.7) d=(8.0,-2.0) fit=(0.0,0.0 2560.0x1440.0) deep=false inside_for=None latched=false
[EDGE] t=614123.2 cur=(-110.3,166.5) d=(9.0,-2.0) fit=(0.0,0.0 2560.0x1440.0) deep=false inside_for=None latched=false
[EDGE] t=614130.7 cur=(-101.7,169.0) d=(8.0,-2.0) fit=(0.0,0.0 2560.0x1440.0) deep=false inside_for=None latched=false
[EDGE] t=614140.0 cur=(-90.8,171.7) d=(11.0,-3.0) fit=(0.0,0.0 2560.0x1440.0) deep=false inside_for=None latched=false
[EDGE] t=614146.3 cur=(-80.0,173.7) d=(11.0,-2.0) fit=(0.0,0.0 2560.0x1440.0) deep=false inside_for=None latched=false
[EDGE] t=614163.7 cur=(-68.0,176.6) d=(12.0,-3.0) fit=(0.0,0.0 2560.0x1440.0) deep=false inside_for=None latched=false
[EDGE] t=614164.8 cur=(-57.2,178.6) d=(11.0,-2.0) fit=(0.0,0.0 2560.0x1440.0) deep=false inside_for=None latched=false
[EDGE] t=614171.8 cur=(-45.2,180.7) d=(12.0,-2.0) fit=(0.0,0.0 2560.0x1440.0) deep=false inside_for=None latched=false
[EDGE] t=614178.7 cur=(-32.0,182.9) d=(13.0,-2.0) fit=(0.0,0.0 2560.0x1440.0) deep=false inside_for=None latched=false
[EDGE] t=614189.9 cur=(-18.8,184.4) d=(13.0,-2.0) fit=(0.0,0.0 2560.0x1440.0) deep=false inside_for=None latched=false
[EDGE] t=614194.9 cur=(-6.9,186.5) d=(12.0,-2.0) fit=(0.0,0.0 2560.0x1440.0) deep=false inside_for=None latched=false
[EDGE] t=614206.2 cur=(5.1,188.6) d=(12.0,-2.0) fit=(0.0,0.0 2560.0x1440.0) deep=false inside_for=None latched=false
[EDGE] t=614210.1 cur=(17.1,190.0) d=(12.0,-1.0) fit=(0.0,0.0 2560.0x1440.0) deep=false inside_for=None latched=false
[EDGE] t=614221.6 cur=(30.3,192.2) d=(13.0,-3.0) fit=(0.0,0.0 2560.0x1440.0) deep=false inside_for=None latched=false
[EDGE] t=614226.1 cur=(42.3,194.3) d=(12.0,-2.0) fit=(0.0,0.0 2560.0x1440.0) deep=true inside_for=Some(0) latched=false
[EDGE] t=614239.2 cur=(47.3,195.4) d=(5.0,-1.0) fit=(0.0,0.0 2560.0x1440.0) deep=true inside_for=Some(12) latched=false
[EDGE] t=614242.1 cur=(58.2,197.4) d=(11.0,-2.0) fit=(0.0,0.0 2560.0x1440.0) deep=true inside_for=Some(15) latched=false
[EDGE] t=614258.7 cur=(75.3,199.8) d=(17.0,-2.0) fit=(0.0,0.0 2560.0x1440.0) deep=true inside_for=Some(32) latched=false
[CURSOR] t=614259.9 inside=true on_strip=false blank=false
[EDGE] t=614262.6 cur=(85.0,202.4) d=(10.0,-3.0) fit=(0.0,0.0 2560.0x1440.0) deep=true inside_for=Some(36) latched=false
[EDGE] t=614267.4 cur=(90.1,203.5) d=(5.0,-1.0) fit=(0.0,0.0 2560.0x1440.0) deep=true inside_for=Some(41) latched=false
[EDGE] t=614274.5 cur=(98.8,205.3) d=(9.0,-2.0) fit=(0.0,0.0 2560.0x1440.0) deep=true inside_for=Some(48) latched=false
[CURSOR] t=614280.9 slot=0 move (86,1235) visible=true
[EDGE] t=614282.5 cur=(107.5,207.8) d=(9.0,-2.0) fit=(0.0,0.0 2560.0x1440.0) deep=true inside_for=Some(56) latched=false
[EDGE] t=614290.5 cur=(115.2,209.6) d=(7.0,-2.0) fit=(0.0,0.0 2560.0x1440.0) deep=true inside_for=Some(64) latched=false
[EDGE] t=614298.9 cur=(122.9,212.0) d=(8.0,-2.0) fit=(0.0,0.0 2560.0x1440.0) deep=true inside_for=Some(72) latched=false
[EDGE] t=614307.2 cur=(130.6,214.3) d=(8.0,-3.0) fit=(0.0,0.0 2560.0x1440.0) deep=true inside_for=Some(81) latched=false
[CURSOR] t=614314.5 slot=0 move (118,1226) visible=true
[EDGE] t=614314.6 cur=(137.4,216.6) d=(6.0,-2.0) fit=(0.0,0.0 2560.0x1440.0) deep=true inside_for=Some(88) latched=false
[EDGE] t=614323.5 cur=(144.1,218.8) d=(7.0,-2.0) fit=(0.0,0.0 2560.0x1440.0) deep=true inside_for=Some(97) latched=false
[EDGE] t=614330.6 cur=(150.0,220.5) d=(6.0,-2.0) fit=(0.0,0.0 2560.0x1440.0) deep=true inside_for=Some(104) latched=false
[EDGE] t=614338.5 cur=(155.1,221.5) d=(5.0,-1.0) fit=(0.0,0.0 2560.0x1440.0) deep=true inside_for=Some(112) latched=false
[EDGE] t=614346.8 cur=(157.5,221.5) d=(3.0,0.0) fit=(0.0,0.0 2560.0x1440.0) deep=true inside_for=Some(120) latched=false
[CURSOR] t=614348.6 slot=0 move (145,1218) visible=true
[EDGE] t=614357.7 cur=(161.1,221.9) d=(3.0,0.0) fit=(0.0,0.0 2560.0x1440.0) deep=true inside_for=Some(131) latched=false
[EDGE] t=614362.6 cur=(164.1,221.9) d=(3.0,0.0) fit=(0.0,0.0 2560.0x1440.0) deep=true inside_for=Some(136) latched=false
[EDGE] t=614373.7 cur=(166.5,221.9) d=(3.0,0.0) fit=(0.0,0.0 2560.0x1440.0) deep=true inside_for=Some(147) latched=false
[EDGE] t=614378.6 cur=(167.8,221.9) d=(1.0,0.0) fit=(0.0,0.0 2560.0x1440.0) deep=true inside_for=Some(152) latched=false
[CURSOR] t=614379.9 slot=0 move (160,1217) visible=true
[EDGE] t=614391.1 cur=(169.2,221.9) d=(1.0,0.0) fit=(0.0,0.0 2560.0x1440.0) deep=true inside_for=Some(164) latched=false
[EDGE] t=614395.1 cur=(169.8,221.9) d=(1.0,0.0) fit=(0.0,0.0 2560.0x1440.0) deep=true inside_for=Some(168) latched=false
[EDGE] t=614406.8 cur=(170.3,221.9) d=(0.0,0.0) fit=(0.0,0.0 2560.0x1440.0) deep=true inside_for=Some(180) latched=false
[EDGE] t=614411.8 cur=(170.6,221.9) d=(1.0,0.0) fit=(0.0,0.0 2560.0x1440.0) deep=true inside_for=Some(185) latched=false
[CURSOR] t=614413.3 slot=0 move (165,1217) visible=true
[EDGE] t=614418.8 cur=(170.8,221.9) d=(0.0,0.0) fit=(0.0,0.0 2560.0x1440.0) deep=true inside_for=Some(192) latched=false
[EDGE] t=614427.1 cur=(171.1,221.9) d=(0.0,0.0) fit=(0.0,0.0 2560.0x1440.0) deep=true inside_for=Some(200) latched=false
[EDGE] t=614437.7 cur=(171.4,221.9) d=(0.0,0.0) fit=(0.0,0.0 2560.0x1440.0) deep=true inside_for=Some(211) latched=false
[CURSOR] t=614446.2 slot=0 move (167,1217) visible=true
[EDGE] t=614455.2 cur=(171.6,221.9) d=(1.0,0.0) fit=(0.0,0.0 2560.0x1440.0) deep=true inside_for=Some(229) latched=false
[EDGE] t=614472.1 cur=(171.8,221.9) d=(0.0,0.0) fit=(0.0,0.0 2560.0x1440.0) deep=true inside_for=Some(245) latched=false
[CURSOR] t=614479.3 slot=0 move (167,1217) visible=true
[EDGE] t=614509.0 cur=(171.8,222.2) d=(0.0,0.0) fit=(0.0,0.0 2560.0x1440.0) deep=true inside_for=Some(282) latched=false
[GRAB] t=614509.4 grabbing: cur=(171.8,222.2) pos=Some((1649.475, 974.459375)) fit=(0.0,0.0 2560.0x1440.0) overlaid=false
[2026-08-20T17:00:49Z INFO  limina::window::input] pointer capture: ON (Cmd-Ctrl-G to release)
[CAP] t=614516.5 d=(0.0,-1.0) -> desktop=(1649.5,973.7) view=(171.8,222.9)
[GRABSTATE] t=614517.7 captured=true key=true on_active_space=true has_screen=true app_active=true
[CURSORLAYER] t=614518.0 slot=0 layer shows at guest=(167,1217) frame=(163,160 64x64)
[CURSOR] t=614532.3 slot=0 move (167,1216) visible=true
[CAP] t=614534.2 d=(0.0,-1.0) -> desktop=(1649.5,972.9) view=(171.8,223.9)
[CAP] t=614535.0 d=(-2.0,-1.0) -> desktop=(1647.9,972.1) view=(169.8,224.9)
[CAP] t=614539.1 d=(-4.0,-2.0) -> desktop=(1644.7,970.5) view=(165.8,226.9)
[CAP] t=614547.1 d=(-6.0,-1.0) -> desktop=(1639.9,969.7) view=(159.8,227.9)
[CAP] t=614560.5 d=(-8.0,0.0) -> desktop=(1633.5,969.7) view=(151.8,227.9)
[CAP] t=614563.1 d=(-10.0,0.0) -> desktop=(1625.5,969.7) view=(141.8,227.9)
[CURSOR] t=614563.9 slot=0 move (147,1211) visible=true
[CAP] t=614572.8 d=(-18.0,1.0) -> desktop=(1611.1,970.5) view=(123.8,226.9)
[CAP] t=614578.7 d=(-17.0,7.0) -> desktop=(1597.5,976.1) view=(106.8,219.9)
[CAP] t=614589.6 d=(-8.0,5.0) -> desktop=(1591.1,980.1) view=(98.8,214.9)
[CAP] t=614595.1 d=(-17.0,10.0) -> desktop=(1577.5,988.1) view=(81.8,204.9)
[CURSOR] t=614597.0 slot=0 move (77,1234) visible=true
[CAP] t=614603.9 d=(-14.0,8.0) -> desktop=(1566.3,994.5) view=(67.8,196.9)
[CAP] t=614611.8 d=(-16.0,8.0) -> desktop=(1553.5,1000.9) view=(51.8,188.9)
[CAP] t=614622.4 d=(-13.0,6.0) -> desktop=(1543.1,1005.7) view=(38.8,182.9)
[CAP] t=614626.9 d=(-14.0,5.0) -> desktop=(1531.9,1009.7) view=(24.8,177.9)
[CURSOR] t=614628.9 slot=0 move (20,1261) visible=true
[CAP] t=614637.5 d=(-5.0,2.0) -> desktop=(1527.9,1011.3) view=(19.8,175.9)
[CAP] t=614645.8 d=(-11.0,2.0) -> desktop=(1519.1,1012.9) view=(8.8,173.9)
[CAP] t=614653.9 d=(-17.0,2.0) -> desktop=(1512.0,1014.5) view=(0.0,171.9)
[GRAB] t=614655.3 press Left at (0.0,171.9) d=(-17.0,2.0) charge=0.000/0.18 push=17.0 decay=0.90
[CURSOR] t=614656.3 slot=1 shape id=865 64x64 hot=(6,2) pos=(3022,621)
[2026-08-20T17:00:49Z DEBUG limina::window::present] surface store: published surface 865 (33 held)
[CURSOR] t=614656.5 slot=1 move (3000,532) visible=true
[2026-08-20T17:00:49Z DEBUG limina::window::present] surface store: evicted surface 866 at cap 32 — if the guest still presents it, every later frame naming it is skipped
[CAP] t=614659.2 d=(-10.0,1.0) -> desktop=(1512.0,1015.3) view=(0.0,170.9)
[GRAB] t=614662.3 press Left at (0.0,170.9) d=(-10.0,1.0) charge=0.007/0.18 push=27.0 decay=0.90
[CURSOR] t=614662.5 slot=0 move (-22,1268) visible=true
[CURSOR] t=614663.6 slot=1 move (2988,534) visible=true
[CURSORLAYER] t=614666.4 slot=1 layer shows at guest=(2988,534) frame=(1491,682 32x32)
[CURSORLAYER] t=614667.7 slot=1 layer shows at guest=(2988,534) frame=(1491,682 32x32)
[CAP] t=614673.2 d=(-11.0,0.0) -> desktop=(1512.0,1015.3) view=(0.0,170.9)
[GRAB] t=614679.0 press Left at (0.0,170.9) d=(-11.0,0.0) charge=0.024/0.18 push=38.0 decay=0.90
[CAP] t=614680.4 d=(-4.0,0.0) -> desktop=(1512.0,1015.3) view=(0.0,170.9)
[GRAB] t=614685.3 press Left at (0.0,170.9) d=(-4.0,0.0) charge=0.030/0.18 push=42.0 decay=0.90
[CAP] t=614686.4 d=(-9.0,0.0) -> desktop=(1512.0,1015.3) view=(0.0,170.9)
[GRAB] t=614686.8 press Left at (0.0,170.9) d=(-9.0,0.0) charge=0.032/0.18 push=51.0 decay=0.90
[CURSOR] t=614680.9 slot=1 move (2936,534) visible=true
[CAP] t=614692.4 d=(-7.0,0.0) -> desktop=(1512.0,1015.3) view=(0.0,170.9)
[GRAB] t=614694.8 press Left at (0.0,170.9) d=(-7.0,0.0) charge=0.040/0.18 push=58.0 decay=0.90
[CURSOR] t=614695.7 slot=0 hide
[CURSORLAYER] t=614699.1 slot=0 layer hides
[CURSOR] t=614699.6 slot=1 move (2882,534) visible=true
[CAP] t=614703.7 d=(-7.0,0.0) -> desktop=(1512.0,1015.3) view=(0.0,170.9)
[CURSOR] t=614705.5 slot=1 move (2856,534) visible=true
[GRAB] t=614711.7 press Left at (0.0,170.9) d=(-7.0,0.0) charge=0.056/0.18 push=65.0 decay=0.90
[CAP] t=614717.0 d=(-7.0,0.0) -> desktop=(1512.0,1015.3) view=(0.0,170.9)
[GRAB] t=614717.4 press Left at (0.0,170.9) d=(-7.0,0.0) charge=0.062/0.18 push=72.0 decay=0.90
[CURSOR] t=614722.4 slot=1 move (2840,534) visible=true
[CAP] t=614727.0 d=(-7.0,1.0) -> desktop=(1512.0,1016.1) view=(0.0,169.9)
[GRAB] t=614728.5 press Left at (0.0,169.9) d=(-7.0,1.0) charge=0.073/0.18 push=79.0 decay=0.90
[CURSOR] t=614729.5 slot=0 shape id=961 64x64 hot=(4,1) pos=(-22,1268)
[CURSOR] t=614733.0 slot=0 move (-14,1269) visible=true
[2026-08-20T17:00:49Z DEBUG limina::window::present] surface store: published surface 961 (33 held)
[CURSOR] t=614733.1 slot=1 move (3000,536) visible=true
[2026-08-20T17:00:49Z DEBUG limina::window::present] surface store: evicted surface 876 at cap 32 — if the guest still presents it, every later frame naming it is skipped
[CURSORLAYER] t=614733.6 slot=0 layer shows at guest=(-14,1269) frame=(-18,108 64x64)
[CAP] t=614737.0 d=(-6.0,2.0) -> desktop=(1512.0,1017.7) view=(0.0,167.9)
[CURSOR] t=614738.6 slot=1 move (3017,539) visible=true
[GRAB] t=614750.0 press Left at (0.0,167.9) d=(-6.0,2.0) charge=0.095/0.18 push=85.0 decay=0.90
[CAP] t=614755.4 d=(-7.0,2.0) -> desktop=(1512.0,1019.3) view=(0.0,165.9)
[GRAB] t=614755.8 press Left at (0.0,165.9) d=(-7.0,2.0) charge=0.101/0.18 push=92.0 decay=0.90
[CAP] t=614756.8 d=(-8.0,2.0) -> desktop=(1512.0,1020.9) view=(0.0,163.9)
[GRAB] t=614757.0 press Left at (0.0,163.9) d=(-8.0,2.0) charge=0.102/0.18 push=100.0 decay=0.90
[CAP] t=614757.4 d=(-7.0,1.0) -> desktop=(1512.0,1021.7) view=(0.0,162.9)
[GRAB] t=614757.6 press Left at (0.0,162.9) d=(-7.0,1.0) charge=0.102/0.18 push=107.0 decay=0.90
[CAP] t=614758.0 d=(-7.0,1.0) -> desktop=(1512.0,1022.5) view=(0.0,161.9)
[GRAB] t=614758.2 press Left at (0.0,161.9) d=(-7.0,1.0) charge=0.103/0.18 push=114.0 decay=0.90
[CAP] t=614762.9 d=(-13.0,2.0) -> desktop=(1512.0,1024.1) view=(0.0,159.9)
[GRAB] t=614763.2 press Left at (0.0,159.9) d=(-13.0,2.0) charge=0.108/0.18 push=127.0 decay=0.90
[CURSOR] t=614763.2 slot=0 move (-21,1277) visible=true
[CURSOR] t=614763.7 slot=1 move (2965,552) visible=true
[CAP] t=614772.8 d=(-10.0,1.0) -> desktop=(1512.0,1024.9) view=(0.0,158.9)
[GRAB] t=614773.2 press Left at (0.0,158.9) d=(-10.0,1.0) charge=0.118/0.18 push=137.0 decay=0.90
[CAP] t=614779.5 d=(-5.0,0.0) -> desktop=(1512.0,1024.9) view=(0.0,158.9)
[GRAB] t=614779.8 press Left at (0.0,158.9) d=(-5.0,0.0) charge=0.125/0.18 push=142.0 decay=0.90
[CURSOR] t=614780.4 slot=1 move (3002,553) visible=true
[CAP] t=614787.3 d=(-8.0,1.0) -> desktop=(1512.0,1025.7) view=(0.0,157.9)
[GRAB] t=614787.6 press Left at (0.0,157.9) d=(-8.0,1.0) charge=0.132/0.18 push=150.0 decay=0.90
[CURSOR] t=614788.7 slot=1 move (2993,555) visible=true
[CAP] t=614795.3 d=(-7.0,0.0) -> desktop=(1512.0,1025.7) view=(0.0,157.9)
[GRAB] t=614795.8 press Left at (0.0,157.9) d=(-7.0,0.0) charge=0.141/0.18 push=157.0 decay=0.90
[CURSOR] t=614796.4 slot=0 move (-19,1281) visible=true
[CURSOR] t=614797.0 slot=1 move (2971,555) visible=true
[CAP] t=614807.7 d=(-7.0,1.0) -> desktop=(1512.0,1026.5) view=(0.0,156.9)
[GRAB] t=614808.1 press Left at (0.0,156.9) d=(-7.0,1.0) charge=0.153/0.18 push=164.0 decay=0.90
[CAP] t=614811.6 d=(-6.0,0.0) -> desktop=(1512.0,1026.5) view=(0.0,156.9)
[GRAB] t=614811.9 press Left at (0.0,156.9) d=(-6.0,0.0) charge=0.157/0.18 push=170.0 decay=0.90
[CURSOR] t=614812.3 slot=0 move (-16,1282) visible=true
[CURSOR] t=614814.0 slot=1 move (2997,556) visible=true
[CAP] t=614822.4 d=(-1.0,1.0) -> desktop=(1512.0,1027.3) view=(0.0,155.9)
[GRAB] t=614822.9 press Left at (0.0,155.9) d=(-1.0,1.0) charge=0.168/0.18 push=171.0 decay=0.90
[CAP] t=614828.6 d=(-5.0,0.0) -> desktop=(1512.0,1027.3) view=(0.0,155.9)
[GRAB] t=614829.0 press Left at (0.0,155.9) d=(-5.0,0.0) charge=0.174/0.18 push=176.0 decay=0.90
[CURSOR] t=614830.7 slot=1 move (3003,558) visible=true
[CAP] t=614839.8 d=(-3.0,1.0) -> desktop=(1512.0,1028.1) view=(0.0,154.9)
[GRAB] t=614840.4 press Left at (0.0,154.9) d=(-3.0,1.0) charge=0.185/0.18 push=179.0 decay=0.90
[2026-08-20T17:00:49Z INFO  limina::window::capture_tap] pointer capture: released — sustained press at the Left edge (Out((-8.0, 154.9257812500002)))
[GRAB] t=614840.8 releasing Left from view (0.0,154.9) to view (-8.0, 154.9257812500002) = cg Some((-8.0, 1285.0742187499998))
[CURSOR] t=614846.2 slot=0 move (-8,1284) visible=true
[CURSOR] t=614847.1 slot=1 move (3010,560) visible=true
[2026-08-20T17:00:49Z INFO  limina::window::input] pointer capture: OFF
[EDGE] t=614850.2 cur=(-8.0,155.0) d=(-182.0,67.0) fit=(0.0,0.0 2560.0x1440.0) deep=false inside_for=None latched=false
[GRABSTATE] t=614850.9 captured=false key=true on_active_space=true has_screen=true app_active=true
[CURSORLAYER] t=614851.0 slot=0 layer hides
[CURSORLAYER] t=614851.2 slot=1 layer hides
[CURSORLAYER] t=614851.4 slot=1 layer hides
[CURSOR] t=614867.8 inside=false on_strip=false blank=false
[EDGE] t=614869.2 cur=(-12.3,154.5) d=(-5.0,1.0) fit=(0.0,0.0 2560.0x1440.0) deep=false inside_for=None latched=false
[EDGE] t=614873.9 cur=(-14.2,154.2) d=(-2.0,0.0) fit=(0.0,0.0 2560.0x1440.0) deep=false inside_for=None latched=false
[EDGE] t=614876.0 cur=(-16.5,154.2) d=(-2.0,0.0) fit=(0.0,0.0 2560.0x1440.0) deep=false inside_for=None latched=false
[EDGE] t=614876.7 cur=(-18.9,154.2) d=(-2.0,0.0) fit=(0.0,0.0 2560.0x1440.0) deep=false inside_for=None latched=false
[EDGE] t=614883.8 cur=(-21.3,154.2) d=(-3.0,0.0) fit=(0.0,0.0 2560.0x1440.0) deep=false inside_for=None latched=false
[EDGE] t=614891.5 cur=(-23.7,154.2) d=(-2.0,0.0) fit=(0.0,0.0 2560.0x1440.0) deep=false inside_for=None latched=false
[EDGE] t=614907.5 cur=(-25.5,154.2) d=(-2.0,0.0) fit=(0.0,0.0 2560.0x1440.0) deep=false inside_for=None latched=false
[EDGE] t=614910.5 cur=(-27.4,154.2) d=(-2.0,0.0) fit=(0.0,0.0 2560.0x1440.0) deep=false inside_for=None latched=false
[EDGE] t=614915.6 cur=(-28.7,154.2) d=(-1.0,0.0) fit=(0.0,0.0 2560.0x1440.0) deep=false inside_for=None latched=false
[EDGE] t=614923.4 cur=(-30.1,154.5) d=(-2.0,0.0) fit=(0.0,0.0 2560.0x1440.0) deep=false inside_for=None latched=false
[EDGE] t=614931.4 cur=(-31.0,154.8) d=(0.0,0.0) fit=(0.0,0.0 2560.0x1440.0) deep=false inside_for=None latched=false
[EDGE] t=614941.4 cur=(-32.0,155.1) d=(-1.0,0.0) fit=(0.0,0.0 2560.0x1440.0) deep=false inside_for=None latched=false
[EDGE] t=614947.8 cur=(-32.9,155.1) d=(-1.0,0.0) fit=(0.0,0.0 2560.0x1440.0) deep=false inside_for=None latched=false
[EDGE] t=614957.7 cur=(-33.5,155.4) d=(-1.0,0.0) fit=(0.0,0.0 2560.0x1440.0) deep=false inside_for=None latched=false
[EDGE] t=614964.2 cur=(-34.1,155.7) d=(0.0,-1.0) fit=(0.0,0.0 2560.0x1440.0) deep=false inside_for=None latched=false
[EDGE] t=614971.9 cur=(-34.3,155.7) d=(-1.0,0.0) fit=(0.0,0.0 2560.0x1440.0) deep=false inside_for=None latched=false
[EDGE] t=614979.8 cur=(-34.6,155.7) d=(0.0,0.0) fit=(0.0,0.0 2560.0x1440.0) deep=false inside_for=None latched=false
[EDGE] t=614987.8 cur=(-34.8,156.0) d=(0.0,0.0) fit=(0.0,0.0 2560.0x1440.0) deep=false inside_for=None latched=false
[EDGE] t=615010.5 cur=(-35.1,156.0) d=(-1.0,0.0) fit=(0.0,0.0 2560.0x1440.0) deep=false inside_for=None latched=false
[EDGE] t=615027.6 cur=(-35.3,156.0) d=(0.0,0.0) fit=(0.0,0.0 2560.0x1440.0) deep=false inside_for=None latched=false
[EDGE] t=615028.5 cur=(-35.6,156.0) d=(0.0,0.0) fit=(0.0,0.0 2560.0x1440.0) deep=false inside_for=None latched=false
[EDGE] t=615043.3 cur=(-35.8,156.0) d=(0.0,0.0) fit=(0.0,0.0 2560.0x1440.0) deep=false inside_for=None latched=false
[EDGE] t=615043.9 cur=(-36.1,156.2) d=(-1.0,0.0) fit=(0.0,0.0 2560.0x1440.0) deep=false inside_for=None latched=false
[EDGE] t=615051.8 cur=(-36.7,156.2) d=(0.0,0.0) fit=(0.0,0.0 2560.0x1440.0) deep=false inside_for=None latched=false
[EDGE] t=615060.3 cur=(-37.2,156.2) d=(-1.0,0.0) fit=(0.0,0.0 2560.0x1440.0) deep=false inside_for=None latched=false
[EDGE] t=615068.0 cur=(-38.2,156.5) d=(-1.0,0.0) fit=(0.0,0.0 2560.0x1440.0) deep=false inside_for=None latched=false
[EDGE] t=615076.7 cur=(-39.1,156.5) d=(-1.0,0.0) fit=(0.0,0.0 2560.0x1440.0) deep=false inside_for=None latched=false
[EDGE] t=615085.4 cur=(-40.0,156.9) d=(-1.0,-1.0) fit=(0.0,0.0 2560.0x1440.0) deep=false inside_for=None latched=false
[EDGE] t=615092.1 cur=(-41.4,156.9) d=(-1.0,0.0) fit=(0.0,0.0 2560.0x1440.0) deep=false inside_for=None latched=false
[EDGE] t=615104.8 cur=(-42.3,156.9) d=(-1.0,0.0) fit=(0.0,0.0 2560.0x1440.0) deep=false inside_for=None latched=false
[EDGE] t=615109.3 cur=(-43.7,156.9) d=(-1.0,0.0) fit=(0.0,0.0 2560.0x1440.0) deep=false inside_for=None latched=false
[EDGE] t=615116.0 cur=(-45.1,156.9) d=(-2.0,0.0) fit=(0.0,0.0 2560.0x1440.0) deep=false inside_for=None latched=false
[EDGE] t=615123.8 cur=(-46.4,156.9) d=(-1.0,0.0) fit=(0.0,0.0 2560.0x1440.0) deep=false inside_for=None latched=false
[EDGE] t=615132.3 cur=(-47.8,156.9) d=(-1.0,0.0) fit=(0.0,0.0 2560.0x1440.0) deep=false inside_for=None latched=false
[EDGE] t=615141.9 cur=(-49.2,156.9) d=(-2.0,0.0) fit=(0.0,0.0 2560.0x1440.0) deep=false inside_for=None latched=false
[EDGE] t=615147.9 cur=(-50.5,156.9) d=(-1.0,0.0) fit=(0.0,0.0 2560.0x1440.0) deep=false inside_for=None latched=false
[EDGE] t=615158.5 cur=(-51.9,156.9) d=(-1.0,0.0) fit=(0.0,0.0 2560.0x1440.0) deep=false inside_for=None latched=false
[EDGE] t=615164.0 cur=(-53.2,156.9) d=(-2.0,0.0) fit=(0.0,0.0 2560.0x1440.0) deep=false inside_for=None latched=false
[EDGE] t=615171.8 cur=(-54.6,156.9) d=(-1.0,0.0) fit=(0.0,0.0 2560.0x1440.0) deep=false inside_for=None latched=false
[EDGE] t=615179.8 cur=(-55.5,156.9) d=(-1.0,0.0) fit=(0.0,0.0 2560.0x1440.0) deep=false inside_for=None latched=false
[EDGE] t=615188.5 cur=(-56.9,156.9) d=(-1.0,0.0) fit=(0.0,0.0 2560.0x1440.0) deep=false inside_for=None latched=false
[EDGE] t=615195.9 cur=(-57.8,156.9) d=(-1.0,0.0) fit=(0.0,0.0 2560.0x1440.0) deep=false inside_for=None latched=false
[EDGE] t=615213.3 cur=(-58.8,156.9) d=(-1.0,0.0) fit=(0.0,0.0 2560.0x1440.0) deep=false inside_for=None latched=false
[EDGE] t=615215.5 cur=(-59.4,156.9) d=(-1.0,0.0) fit=(0.0,0.0 2560.0x1440.0) deep=false inside_for=None latched=false
[EDGE] t=615221.1 cur=(-60.3,156.9) d=(-1.0,0.0) fit=(0.0,0.0 2560.0x1440.0) deep=false inside_for=None latched=false
[EDGE] t=615229.0 cur=(-60.5,156.6) d=(0.0,0.0) fit=(0.0,0.0 2560.0x1440.0) deep=false inside_for=None latched=false
[EDGE] t=615241.4 cur=(-61.1,156.6) d=(-1.0,0.0) fit=(0.0,0.0 2560.0x1440.0) deep=false inside_for=None latched=false
[EDGE] t=615245.0 cur=(-61.4,156.6) d=(0.0,0.0) fit=(0.0,0.0 2560.0x1440.0) deep=false inside_for=None latched=false
[EDGE] t=615252.8 cur=(-61.6,156.6) d=(0.0,0.0) fit=(0.0,0.0 2560.0x1440.0) deep=false inside_for=None latched=false
[EDGE] t=615287.6 cur=(-61.9,156.6) d=(0.0,0.0) fit=(0.0,0.0 2560.0x1440.0) deep=false inside_for=None latched=false
[EDGE] t=615291.3 cur=(-61.9,156.4) d=(0.0,0.0) fit=(0.0,0.0 2560.0x1440.0) deep=false inside_for=None latched=false
[EDGE] t=615300.3 cur=(-62.1,156.4) d=(-1.0,0.0) fit=(0.0,0.0 2560.0x1440.0) deep=false inside_for=None latched=false
[EDGE] t=615308.4 cur=(-62.4,156.4) d=(0.0,0.0) fit=(0.0,0.0 2560.0x1440.0) deep=false inside_for=None latched=false
[EDGE] t=615321.6 cur=(-62.9,156.4) d=(0.0,0.0) fit=(0.0,0.0 2560.0x1440.0) deep=false inside_for=None latched=false
[EDGE] t=615326.8 cur=(-63.5,156.4) d=(-1.0,0.0) fit=(0.0,0.0 2560.0x1440.0) deep=false inside_for=None latched=false
[EDGE] t=615334.8 cur=(-64.1,156.1) d=(-1.0,0.0) fit=(0.0,0.0 2560.0x1440.0) deep=false inside_for=None latched=false
[EDGE] t=615346.2 cur=(-65.0,155.8) d=(-1.0,0.0) fit=(0.0,0.0 2560.0x1440.0) deep=false inside_for=None latched=false
[EDGE] t=615348.4 cur=(-66.0,155.8) d=(0.0,0.0) fit=(0.0,0.0 2560.0x1440.0) deep=false inside_for=None latched=false
[EDGE] t=615357.1 cur=(-66.9,155.5) d=(-1.0,1.0) fit=(0.0,0.0 2560.0x1440.0) deep=false inside_for=None latched=false
[EDGE] t=615364.7 cur=(-68.3,155.5) d=(-2.0,0.0) fit=(0.0,0.0 2560.0x1440.0) deep=false inside_for=None latched=false
[EDGE] t=615374.0 cur=(-69.6,155.1) d=(-1.0,0.0) fit=(0.0,0.0 2560.0x1440.0) deep=false inside_for=None latched=false
[EDGE] t=615380.7 cur=(-71.5,154.7) d=(-2.0,0.0) fit=(0.0,0.0 2560.0x1440.0) deep=false inside_for=None latched=false
[EDGE] t=615391.2 cur=(-72.8,154.7) d=(-1.0,0.0) fit=(0.0,0.0 2560.0x1440.0) deep=false inside_for=None latched=false
[EDGE] t=615396.6 cur=(-74.2,154.4) d=(-2.0,1.0) fit=(0.0,0.0 2560.0x1440.0) deep=false inside_for=None latched=false
[EDGE] t=615406.9 cur=(-75.6,154.1) d=(-1.0,0.0) fit=(0.0,0.0 2560.0x1440.0) deep=false inside_for=None latched=false
[EDGE] t=615412.6 cur=(-76.5,154.1) d=(-1.0,0.0) fit=(0.0,0.0 2560.0x1440.0) deep=false inside_for=None latched=false
[EDGE] t=615425.1 cur=(-77.9,154.1) d=(-1.0,0.0) fit=(0.0,0.0 2560.0x1440.0) deep=false inside_for=None latched=false
[EDGE] t=615428.5 cur=(-78.4,153.8) d=(-1.0,0.0) fit=(0.0,0.0 2560.0x1440.0) deep=false inside_for=None latched=false
[EDGE] t=615437.2 cur=(-79.4,153.8) d=(-1.0,0.0) fit=(0.0,0.0 2560.0x1440.0) deep=false inside_for=None latched=false
[EDGE] t=615444.8 cur=(-79.6,153.8) d=(0.0,0.0) fit=(0.0,0.0 2560.0x1440.0) deep=false inside_for=None latched=false
[EDGE] t=615464.6 cur=(-79.9,153.8) d=(0.0,0.0) fit=(0.0,0.0 2560.0x1440.0) deep=false inside_for=None latched=false
[EDGE] t=615471.1 cur=(-80.1,153.8) d=(-1.0,0.0) fit=(0.0,0.0 2560.0x1440.0) deep=false inside_for=None latched=false
[EDGE] t=615472.2 cur=(-80.4,153.8) d=(0.0,0.0) fit=(0.0,0.0 2560.0x1440.0) deep=false inside_for=None latched=false
[EDGE] t=615476.4 cur=(-80.7,153.5) d=(0.0,1.0) fit=(0.0,0.0 2560.0x1440.0) deep=false inside_for=None latched=false
[EDGE] t=615516.9 cur=(-80.7,153.3) d=(0.0,0.0) fit=(0.0,0.0 2560.0x1440.0) deep=false inside_for=None latched=false
[EDGE] t=615528.0 cur=(-80.1,153.0) d=(0.0,0.0) fit=(0.0,0.0 2560.0x1440.0) deep=false inside_for=None latched=false
[EDGE] t=615535.1 cur=(-77.7,153.0) d=(2.0,0.0) fit=(0.0,0.0 2560.0x1440.0) deep=false inside_for=None latched=false
[EDGE] t=615542.2 cur=(-74.1,152.6) d=(3.0,1.0) fit=(0.0,0.0 2560.0x1440.0) deep=false inside_for=None latched=false
[EDGE] t=615548.6 cur=(-69.7,152.1) d=(5.0,0.0) fit=(0.0,0.0 2560.0x1440.0) deep=false inside_for=None latched=false
[EDGE] t=615558.9 cur=(-63.8,152.1) d=(6.0,0.0) fit=(0.0,0.0 2560.0x1440.0) deep=false inside_for=None latched=false
[EDGE] t=615564.4 cur=(-57.9,151.5) d=(5.0,1.0) fit=(0.0,0.0 2560.0x1440.0) deep=false inside_for=None latched=false
[EDGE] t=615572.6 cur=(-46.0,151.5) d=(12.0,0.0) fit=(0.0,0.0 2560.0x1440.0) deep=false inside_for=None latched=false
[EDGE] t=615581.7 cur=(-36.2,151.5) d=(10.0,0.0) fit=(0.0,0.0 2560.0x1440.0) deep=false inside_for=None latched=false
[EDGE] t=615592.8 cur=(-24.3,151.5) d=(12.0,0.0) fit=(0.0,0.0 2560.0x1440.0) deep=false inside_for=None latched=false
[EDGE] t=615596.6 cur=(-12.3,151.5) d=(12.0,0.0) fit=(0.0,0.0 2560.0x1440.0) deep=false inside_for=None latched=false
[EDGE] t=615615.1 cur=(0.9,152.3) d=(13.0,0.0) fit=(0.0,0.0 2560.0x1440.0) deep=false inside_for=None latched=false
[EDGE] t=615624.6 cur=(25.8,157.1) d=(25.0,-5.0) fit=(0.0,0.0 2560.0x1440.0) deep=false inside_for=None latched=false
[EDGE] t=615627.5 cur=(34.5,159.6) d=(9.0,-2.0) fit=(0.0,0.0 2560.0x1440.0) deep=false inside_for=None latched=false
[EDGE] t=615628.6 cur=(50.9,165.3) d=(16.0,-6.0) fit=(0.0,0.0 2560.0x1440.0) deep=true inside_for=Some(0) latched=false
[EDGE] t=615643.3 cur=(67.2,172.6) d=(17.0,-8.0) fit=(0.0,0.0 2560.0x1440.0) deep=true inside_for=Some(14) latched=false
[EDGE] t=615646.3 cur=(83.5,180.0) d=(16.0,-7.0) fit=(0.0,0.0 2560.0x1440.0) deep=true inside_for=Some(17) latched=false
[EDGE] t=615657.7 cur=(100.4,189.3) d=(17.0,-9.0) fit=(0.0,0.0 2560.0x1440.0) deep=true inside_for=Some(29) latched=false
[CURSOR] t=615660.5 inside=true on_strip=false blank=false
[EDGE] t=615663.7 cur=(116.0,198.3) d=(15.0,-9.0) fit=(0.0,0.0 2560.0x1440.0) deep=true inside_for=Some(35) latched=false
[EDGE] t=615670.9 cur=(130.7,207.3) d=(15.0,-9.0) fit=(0.0,0.0 2560.0x1440.0) deep=true inside_for=Some(42) latched=false
[CURSOR] t=615672.5 slot=1 hide
[EDGE] t=615677.1 cur=(144.1,215.9) d=(14.0,-9.0) fit=(0.0,0.0 2560.0x1440.0) deep=true inside_for=Some(48) latched=false
[CURSOR] t=615679.5 slot=0 move (111,1240) visible=true
[EDGE] t=615693.3 cur=(158.8,224.9) d=(14.0,-9.0) fit=(0.0,0.0 2560.0x1440.0) deep=true inside_for=Some(64) latched=false
[EDGE] t=615697.0 cur=(173.0,232.0) d=(14.0,-7.0) fit=(0.0,0.0 2560.0x1440.0) deep=true inside_for=Some(68) latched=false
[CURSOR] t=615701.5 slot=0 move (140,1223) visible=true
[EDGE] t=615702.3 cur=(184.7,238.6) d=(12.0,-7.0) fit=(0.0,0.0 2560.0x1440.0) deep=true inside_for=Some(73) latched=false
[EDGE] t=615708.8 cur=(196.0,244.3) d=(11.0,-5.0) fit=(0.0,0.0 2560.0x1440.0) deep=true inside_for=Some(80) latched=false
[EDGE] t=615718.3 cur=(206.1,249.0) d=(11.0,-5.0) fit=(0.0,0.0 2560.0x1440.0) deep=true inside_for=Some(89) latched=false
[EDGE] t=615724.9 cur=(217.4,253.2) d=(11.0,-4.0) fit=(0.0,0.0 2560.0x1440.0) deep=true inside_for=Some(96) latched=false
[EDGE] t=615733.2 cur=(221.7,254.7) d=(4.0,-2.0) fit=(0.0,0.0 2560.0x1440.0) deep=true inside_for=Some(104) latched=false
[CURSOR] t=615736.7 slot=0 move (201,1189) visible=true
[EDGE] t=615741.3 cur=(229.4,257.6) d=(8.0,-3.0) fit=(0.0,0.0 2560.0x1440.0) deep=true inside_for=Some(112) latched=false
[EDGE] t=615749.1 cur=(236.2,259.9) d=(7.0,-2.0) fit=(0.0,0.0 2560.0x1440.0) deep=true inside_for=Some(120) latched=false
[EDGE] t=615757.2 cur=(238.6,260.7) d=(2.0,-1.0) fit=(0.0,0.0 2560.0x1440.0) deep=true inside_for=Some(128) latched=false
[EDGE] t=615765.2 cur=(242.9,262.1) d=(4.0,-1.0) fit=(0.0,0.0 2560.0x1440.0) deep=true inside_for=Some(136) latched=false
[CURSOR] t=615770.5 slot=0 move (232,1179) visible=true
[EDGE] t=615773.3 cur=(245.9,263.0) d=(3.0,-1.0) fit=(0.0,0.0 2560.0x1440.0) deep=true inside_for=Some(144) latched=false
[EDGE] t=615781.2 cur=(248.2,263.8) d=(3.0,-1.0) fit=(0.0,0.0 2560.0x1440.0) deep=true inside_for=Some(152) latched=false
[EDGE] t=615792.3 cur=(249.6,264.1) d=(1.0,0.0) fit=(0.0,0.0 2560.0x1440.0) deep=true inside_for=Some(163) latched=false
[EDGE] t=615797.1 cur=(250.5,264.5) d=(1.0,0.0) fit=(0.0,0.0 2560.0x1440.0) deep=true inside_for=Some(168) latched=false
[CURSOR] t=615803.0 slot=0 move (244,1175) visible=true
[EDGE] t=615805.4 cur=(251.1,264.7) d=(1.0,-1.0) fit=(0.0,0.0 2560.0x1440.0) deep=true inside_for=Some(176) latched=false
[EDGE] t=615813.4 cur=(251.4,265.0) d=(0.0,0.0) fit=(0.0,0.0 2560.0x1440.0) deep=true inside_for=Some(184) latched=false
[EDGE] t=615828.3 cur=(251.6,265.0) d=(0.0,0.0) fit=(0.0,0.0 2560.0x1440.0) deep=true inside_for=Some(199) latched=false
[EDGE] t=615829.4 cur=(251.9,265.0) d=(0.0,0.0) fit=(0.0,0.0 2560.0x1440.0) deep=true inside_for=Some(200) latched=false
[CURSOR] t=615840.4 slot=0 move (247,1173) visible=true
[EDGE] t=615845.4 cur=(251.9,265.2) d=(0.0,0.0) fit=(0.0,0.0 2560.0x1440.0) deep=true inside_for=Some(216) latched=false
[EDGE] t=615853.3 cur=(252.1,265.2) d=(1.0,0.0) fit=(0.0,0.0 2560.0x1440.0) deep=true inside_for=Some(224) latched=false
[EDGE] t=615864.5 cur=(252.4,265.5) d=(0.0,0.0) fit=(0.0,0.0 2560.0x1440.0) deep=true inside_for=Some(235) latched=false
[CURSOR] t=615868.1 slot=0 move (247,1173) visible=true
[EDGE] t=615870.5 cur=(252.7,266.1) d=(0.0,-1.0) fit=(0.0,0.0 2560.0x1440.0) deep=true inside_for=Some(241) latched=false
[EDGE] t=615877.0 cur=(253.0,266.7) d=(0.0,-1.0) fit=(0.0,0.0 2560.0x1440.0) deep=true inside_for=Some(248) latched=false
[EDGE] t=615895.2 cur=(253.5,267.2) d=(1.0,0.0) fit=(0.0,0.0 2560.0x1440.0) deep=true inside_for=Some(266) latched=false
[GRAB] t=615895.4 grabbing: cur=(253.5,267.2) pos=Some((1713.9125, 939.5906249999999)) fit=(0.0,0.0 2560.0x1440.0) overlaid=false
[2026-08-20T17:00:50Z INFO  limina::window::input] pointer capture: ON (Cmd-Ctrl-G to release)
[CAP] t=615900.6 d=(1.0,-1.0) -> desktop=(1715.2,936.3) view=(254.0,269.7)
[GRABSTATE] t=615901.0 captured=true key=true on_active_space=true has_screen=true app_active=true
[CURSORLAYER] t=615901.1 slot=0 layer shows at guest=(247,1173) frame=(243,204 64x64)
[CAP] t=615907.5 d=(-1.0,0.0) -> desktop=(1714.4,936.3) view=(253.0,269.7)
[CAP] t=615909.2 d=(0.0,0.0) -> desktop=(1715.2,936.3) view=(254.0,269.7)
[CURSOR] t=615919.3 slot=0 move (249,1169) visible=true
[CAP] t=615921.5 d=(1.0,-1.0) -> desktop=(1716.0,935.5) view=(255.0,270.7)
[CAP] t=615925.2 d=(0.0,-1.0) -> desktop=(1716.0,934.7) view=(255.0,271.7)
[CAP] t=615941.7 d=(1.0,0.0) -> desktop=(1716.8,934.7) view=(256.0,271.7)
[CAP] t=615942.5 d=(0.0,0.0) -> desktop=(1716.8,934.7) view=(256.0,271.7)
[CAP] t=615949.2 d=(0.0,0.0) -> desktop=(1716.8,934.7) view=(256.0,271.7)
[CURSOR] t=615951.6 slot=0 move (251,1167) visible=true
[CAP] t=615998.1 d=(0.0,0.0) -> desktop=(1716.8,934.7) view=(256.0,271.7)
[CAP] t=616006.4 d=(0.0,0.0) -> desktop=(1716.8,934.7) view=(256.0,271.7)
[2026-08-20T17:00:52Z INFO  limina::window::capture_tap] pointer capture: promoted to a hard grab (Ctrl-Opt or Cmd-Ctrl-G to release)
[CAP] t=618161.8 d=(0.0,0.0) -> desktop=(1716.8,934.7) view=(256.0,271.7)
[CAP] t=618162.9 d=(-4.0,0.0) -> desktop=(1713.6,934.7) view=(252.0,271.7)
[CURSOR] t=618171.8 slot=0 move (247,1167) visible=true
[CAP] t=618173.9 d=(-4.0,0.0) -> desktop=(1710.4,934.7) view=(248.0,271.7)
[CAP] t=618178.1 d=(-6.0,0.0) -> desktop=(1705.6,934.7) view=(242.0,271.7)
[CURSOR] t=618207.7 slot=0 move (237,1167) visible=true
[CAP] t=618209.4 d=(-7.0,0.0) -> desktop=(1700.0,934.7) view=(235.0,271.7)
[CAP] t=618210.6 d=(-8.0,0.0) -> desktop=(1693.6,934.7) view=(227.0,271.7)
[CAP] t=618211.5 d=(-7.0,0.0) -> desktop=(1688.0,934.7) view=(220.0,271.7)
[CAP] t=618211.9 d=(-29.0,2.0) -> desktop=(1664.8,936.3) view=(191.0,269.7)
[CAP] t=618217.4 d=(-23.0,6.0) -> desktop=(1646.4,941.1) view=(168.0,263.7)
[CURSOR] t=618226.5 slot=0 move (163,1175) visible=true
[CAP] t=618226.5 d=(-23.0,7.0) -> desktop=(1628.0,946.7) view=(145.0,256.7)
[CAP] t=618233.5 d=(-28.0,9.0) -> desktop=(1605.6,953.9) view=(117.0,247.7)
[CAP] t=618242.7 d=(-27.0,9.0) -> desktop=(1584.0,961.1) view=(90.0,238.7)
[CURSOR] t=618243.2 slot=0 move (85,1200) visible=true
[CAP] t=618250.1 d=(-26.0,10.0) -> desktop=(1563.2,969.1) view=(64.0,228.7)
[CURSOR] t=618259.4 slot=0 move (59,1210) visible=true
[CAP] t=618262.0 d=(-25.0,10.0) -> desktop=(1543.2,977.1) view=(39.0,218.7)
[CAP] t=618269.9 d=(-24.0,9.0) -> desktop=(1524.0,984.3) view=(15.0,209.7)
[CAP] t=618276.3 d=(-11.0,4.0) -> desktop=(1515.2,987.5) view=(4.0,205.7)
[CURSOR] t=618278.8 slot=0 move (10,1229) visible=true
[CAP] t=618282.1 d=(-20.0,7.0) -> desktop=(1512.0,993.1) view=(0.0,198.7)
[CURSOR] t=618295.1 slot=0 move (-22,1240) visible=true
[CURSOR] t=618295.8 slot=1 shape id=965 64x64 hot=(6,2) pos=(3010,560)
[CURSOR] t=618295.9 slot=1 move (2988,490) visible=true
[2026-08-20T17:00:53Z DEBUG limina::window::present] surface store: published surface 965 (33 held)
[2026-08-20T17:00:53Z DEBUG limina::window::present] surface store: evicted surface 897 at cap 32 — if the guest still presents it, every later frame naming it is skipped
[CAP] t=618296.9 d=(-17.0,7.0) -> desktop=(1512.0,998.7) view=(0.0,191.7)
[CAP] t=618297.9 d=(-15.0,5.0) -> desktop=(1512.0,1002.7) view=(0.0,186.7)
[CURSORLAYER] t=618299.1 slot=1 layer shows at guest=(2988,490) frame=(1491,704 32x32)
[CURSORLAYER] t=618299.6 slot=1 layer shows at guest=(2988,490) frame=(1491,704 32x32)
[CAP] t=618305.7 d=(-14.0,4.0) -> desktop=(1512.0,1005.9) view=(0.0,182.7)
[CAP] t=618313.8 d=(-5.0,1.0) -> desktop=(1512.0,1006.7) view=(0.0,181.7)
[CURSOR] t=618314.9 slot=1 move (2961,515) visible=true
[CAP] t=618323.0 d=(-11.0,2.0) -> desktop=(1512.0,1008.3) view=(0.0,179.7)
[CURSOR] t=618326.3 slot=0 move (-25,1259) visible=true
[CAP] t=618330.0 d=(-9.0,2.0) -> desktop=(1512.0,1009.9) view=(0.0,177.7)
[CURSOR] t=618331.2 slot=1 move (3017,523) visible=true
[CAP] t=618338.0 d=(-7.0,1.0) -> desktop=(1512.0,1010.7) view=(0.0,176.7)
[CURSOR] t=618344.1 slot=0 move (-19,1262) visible=true
[CAP] t=618346.1 d=(-6.0,0.0) -> desktop=(1512.0,1010.7) view=(0.0,176.7)
[CURSOR] t=618347.2 slot=1 move (2975,525) visible=true
[CAP] t=618354.0 d=(-5.0,1.0) -> desktop=(1512.0,1011.5) view=(0.0,175.7)
[CURSOR] t=618355.4 slot=1 move (3004,526) visible=true
[CURSOR] t=618359.7 slot=0 move (-12,1263) visible=true
[CAP] t=618362.1 d=(-2.0,0.0) -> desktop=(1512.0,1011.5) view=(0.0,175.7)
[CURSOR] t=618363.8 slot=1 move (3000,526) visible=true
[CAP] t=618376.5 d=(-4.0,1.0) -> desktop=(1512.0,1012.3) view=(0.0,174.7)
[CURSOR] t=618376.7 slot=0 move (-14,1263) visible=true
[CAP] t=618378.1 d=(-6.0,0.0) -> desktop=(1512.0,1012.3) view=(0.0,174.7)
[CURSOR] t=618380.5 slot=1 move (2987,528) visible=true
[CAP] t=618388.8 d=(-3.0,0.0) -> desktop=(1512.0,1012.3) view=(0.0,174.7)
[CURSOR] t=618392.9 slot=0 move (-29,1264) visible=true
[CAP] t=618393.7 d=(-2.0,0.0) -> desktop=(1512.0,1012.3) view=(0.0,174.7)
[CURSOR] t=618397.5 slot=1 move (2972,528) visible=true
[CAP] t=618406.6 d=(-4.0,0.0) -> desktop=(1512.0,1012.3) view=(0.0,174.7)
[CAP] t=618409.9 d=(-3.0,0.0) -> desktop=(1512.0,1012.3) view=(0.0,174.7)
[CURSOR] t=618411.3 slot=0 move (-37,1264) visible=true
[CURSOR] t=618413.9 slot=1 move (2958,528) visible=true
[CAP] t=618421.2 d=(-3.0,0.0) -> desktop=(1512.0,1012.3) view=(0.0,174.7)
[CURSOR] t=618421.9 slot=1 move (2951,528) visible=true
[CAP] t=618425.9 d=(-3.0,0.0) -> desktop=(1512.0,1012.3) view=(0.0,174.7)
[CURSOR] t=618426.3 slot=0 move (-49,1264) visible=true
[CURSOR] t=618430.8 slot=1 move (2944,528) visible=true
[CAP] t=618439.6 d=(-3.0,0.0) -> desktop=(1512.0,1012.3) view=(0.0,174.7)
[CAP] t=618442.8 d=(-1.0,0.0) -> desktop=(1512.0,1012.3) view=(0.0,174.7)
[CURSOR] t=618443.0 slot=0 move (-53,1264) visible=true
[CURSOR] t=618448.0 slot=1 move (2936,528) visible=true
[CAP] t=618460.2 d=(-5.0,0.0) -> desktop=(1512.0,1012.3) view=(0.0,174.7)
[CAP] t=618461.7 d=(-2.0,0.0) -> desktop=(1512.0,1012.3) view=(0.0,174.7)
[CURSOR] t=618463.9 slot=1 move (2920,528) visible=true
[CAP] t=618468.3 d=(-3.0,0.0) -> desktop=(1512.0,1012.3) view=(0.0,174.7)
[CURSOR] t=618473.4 slot=1 move (2910,528) visible=true
[CAP] t=618474.2 d=(-2.0,0.0) -> desktop=(1512.0,1012.3) view=(0.0,174.7)
[CURSOR] t=618476.0 slot=0 hide
[CAP] t=618482.3 d=(-2.0,0.0) -> desktop=(1512.0,1012.3) view=(0.0,174.7)
[CURSORLAYER] t=618484.0 slot=0 layer hides
[CURSOR] t=618491.7 slot=1 move (2902,528) visible=true
[CAP] t=618493.0 d=(-3.0,0.0) -> desktop=(1512.0,1012.3) view=(0.0,174.7)
[CURSOR] t=618497.5 slot=1 move (2896,528) visible=true
[CAP] t=618498.4 d=(-2.0,0.0) -> desktop=(1512.0,1012.3) view=(0.0,174.7)
[CAP] t=618506.2 d=(-3.0,0.0) -> desktop=(1512.0,1012.3) view=(0.0,174.7)
[CAP] t=618514.1 d=(-2.0,0.0) -> desktop=(1512.0,1012.3) view=(0.0,174.7)
[CURSOR] t=618515.5 slot=1 move (2886,528) visible=true
[CAP] t=618522.3 d=(-2.0,0.0) -> desktop=(1512.0,1012.3) view=(0.0,174.7)
[CAP] t=618530.5 d=(-2.0,0.0) -> desktop=(1512.0,1012.3) view=(0.0,174.7)
[CURSOR] t=618531.8 slot=1 move (2874,528) visible=true
[CAP] t=618539.7 d=(-2.0,1.0) -> desktop=(1512.0,1013.1) view=(0.0,173.7)
[2026-08-20T17:00:53Z DEBUG limina::window::present] surface store: published surface 966 (33 held)
[2026-08-20T17:00:53Z DEBUG limina::window::present] surface store: evicted surface 903 at cap 32 — if the guest still presents it, every later frame naming it is skipped
[CURSOR] t=618544.8 slot=0 shape id=966 64x64 hot=(4,1) pos=(-53,1264)
[CURSOR] t=618545.1 slot=0 move (-6,1265) visible=true
[CAP] t=618546.4 d=(-2.0,0.0) -> desktop=(1512.0,1013.1) view=(0.0,173.7)
[CURSOR] t=618549.1 slot=1 move (3013,530) visible=true
[CURSORLAYER] t=618550.4 slot=0 layer shows at guest=(-6,1265) frame=(-10,112 64x64)
[CAP] t=618554.2 d=(-2.0,1.0) -> desktop=(1512.0,1013.9) view=(0.0,172.7)
[CURSOR] t=618555.4 slot=1 move (3017,531) visible=true
[CURSOR] t=618559.7 slot=0 move (-4,1266) visible=true
[CAP] t=618562.3 d=(-2.0,0.0) -> desktop=(1512.0,1013.9) view=(0.0,172.7)
[CURSOR] t=618563.5 slot=1 move (3013,531) visible=true
[CAP] t=618570.1 d=(-1.0,1.0) -> desktop=(1512.0,1014.7) view=(0.0,171.7)
[CURSOR] t=618572.0 slot=1 move (3015,533) visible=true
[CURSOR] t=618576.6 slot=0 move (-5,1267) visible=true
[CAP] t=618578.8 d=(-1.0,0.0) -> desktop=(1512.0,1014.7) view=(0.0,171.7)
[CURSOR] t=618580.4 slot=1 move (3013,533) visible=true
[CAP] t=618586.4 d=(-2.0,0.0) -> desktop=(1512.0,1014.7) view=(0.0,171.7)
[CURSOR] t=618588.8 slot=1 move (3009,533) visible=true
[CURSOR] t=618593.1 slot=0 move (-9,1267) visible=true
[CAP] t=618595.2 d=(-1.0,0.0) -> desktop=(1512.0,1014.7) view=(0.0,171.7)
[CURSOR] t=618597.0 slot=1 move (3007,533) visible=true
[CAP] t=618605.0 d=(0.0,0.0) -> desktop=(1512.0,1014.7) view=(0.0,171.7)
[CURSOR] t=618610.2 slot=0 move (-10,1267) visible=true
[CAP] t=618610.5 d=(-1.0,0.0) -> desktop=(1512.0,1014.7) view=(0.0,171.7)
[CURSOR] t=618614.1 slot=1 move (3005,533) visible=true
[CAP] t=618619.0 d=(-1.0,0.0) -> desktop=(1512.0,1014.7) view=(0.0,171.7)
[CURSOR] t=618622.2 slot=1 move (3003,533) visible=true
[CAP] t=618628.3 d=(-1.0,0.0) -> desktop=(1512.0,1014.7) view=(0.0,171.7)
[CURSOR] t=618629.1 slot=0 move (-12,1267) visible=true
[CURSOR] t=618630.5 slot=1 move (3001,533) visible=true
[CAP] t=618642.4 d=(0.0,0.0) -> desktop=(1512.0,1014.7) view=(0.0,171.7)
[CAP] t=618643.3 d=(-1.0,0.0) -> desktop=(1512.0,1014.7) view=(0.0,171.7)
[CURSOR] t=618647.3 slot=1 move (3000,533) visible=true
[CAP] t=618654.7 d=(-1.0,0.0) -> desktop=(1512.0,1014.7) view=(0.0,171.7)
[CAP] t=618658.6 d=(0.0,0.0) -> desktop=(1512.0,1014.7) view=(0.0,171.7)
[CURSOR] t=618659.7 slot=0 move (-16,1267) visible=true
[CURSOR] t=618664.1 slot=1 move (2998,533) visible=true
[CAP] t=618666.6 d=(-1.0,0.0) -> desktop=(1512.0,1014.7) view=(0.0,171.7)
[CAP] t=618676.4 d=(0.0,0.0) -> desktop=(1512.0,1014.7) view=(0.0,171.7)
[CURSOR] t=618677.6 slot=0 move (-17,1267) visible=true
[CAP] t=618682.5 d=(-1.0,0.0) -> desktop=(1512.0,1014.7) view=(0.0,171.7)
[CURSOR] t=618692.8 slot=1 move (2994,533) visible=true
[CAP] t=618694.1 d=(-1.0,0.0) -> desktop=(1512.0,1014.7) view=(0.0,171.7)
[CURSOR] t=618697.1 slot=1 move (2992,533) visible=true
[CAP] t=618698.5 d=(0.0,0.0) -> desktop=(1512.0,1014.7) view=(0.0,171.7)
[CAP] t=618706.8 d=(-1.0,0.0) -> desktop=(1512.0,1014.7) view=(0.0,171.7)
[CURSOR] t=618709.3 slot=0 move (-21,1267) visible=true
[CURSOR] t=618714.1 slot=1 move (2990,533) visible=true
[CAP] t=618714.6 d=(0.0,0.0) -> desktop=(1512.0,1014.7) view=(0.0,171.7)
[CAP] t=618722.5 d=(-1.0,0.0) -> desktop=(1512.0,1014.7) view=(0.0,171.7)
[CURSOR] t=618726.3 slot=0 move (-22,1267) visible=true
[CAP] t=618730.8 d=(0.0,0.0) -> desktop=(1512.0,1014.7) view=(0.0,171.7)
[CURSOR] t=618730.9 slot=1 move (2988,533) visible=true
[CAP] t=618738.4 d=(0.0,0.0) -> desktop=(1512.0,1014.7) view=(0.0,171.7)
[CAP] t=618746.8 d=(-1.0,0.0) -> desktop=(1512.0,1014.7) view=(0.0,171.7)
[CAP] t=618754.3 d=(0.0,0.0) -> desktop=(1512.0,1014.7) view=(0.0,171.7)
[CURSOR] t=618757.2 slot=1 move (2986,533) visible=true
[CURSOR] t=618759.5 slot=0 move (-23,1267) visible=true
[CAP] t=618780.8 d=(0.0,0.0) -> desktop=(1512.0,1014.7) view=(0.0,171.7)
[CAP] t=618942.9 d=(-1.0,0.0) -> desktop=(1512.0,1014.7) view=(0.0,171.7)
[CAP] t=618947.4 d=(0.0,0.0) -> desktop=(1512.0,1014.7) view=(0.0,171.7)
[CURSOR] t=618947.9 slot=1 move (2985,533) visible=true
[CAP] t=618957.0 d=(0.0,0.0) -> desktop=(1512.0,1014.7) view=(0.0,171.7)
[CURSOR] t=618961.4 slot=0 move (-24,1267) visible=true
[CAP] t=618963.3 d=(-1.0,0.0) -> desktop=(1512.0,1014.7) view=(0.0,171.7)
[CAP] t=618972.7 d=(0.0,0.0) -> desktop=(1512.0,1014.7) view=(0.0,171.7)
[CURSOR] t=618973.8 slot=1 move (2984,533) visible=true
[CURSOR] t=618978.7 slot=0 move (-25,1267) visible=true
[CAP] t=618979.4 d=(-1.0,-1.0) -> desktop=(1512.0,1013.9) view=(0.0,172.7)
[CAP] t=618990.0 d=(-1.0,0.0) -> desktop=(1512.0,1013.9) view=(0.0,172.7)
[CURSOR] t=618991.8 slot=1 move (3016,531) visible=true
[CURSOR] t=618993.9 slot=0 move (-6,1266) visible=true
[CAP] t=618995.5 d=(0.0,0.0) -> desktop=(1512.0,1013.9) view=(0.0,172.7)
[CAP] t=619004.8 d=(-1.0,0.0) -> desktop=(1512.0,1013.9) view=(0.0,172.7)
[CURSOR] t=619010.2 slot=0 move (-7,1266) visible=true
[CAP] t=619011.8 d=(0.0,0.0) -> desktop=(1512.0,1013.9) view=(0.0,172.7)
[CURSOR] t=619014.0 slot=1 move (3012,531) visible=true
[CAP] t=619023.9 d=(-1.0,0.0) -> desktop=(1512.0,1013.9) view=(0.0,172.7)
[CAP] t=619027.2 d=(-1.0,0.0) -> desktop=(1512.0,1013.9) view=(0.0,172.7)
[CURSOR] t=619029.0 slot=0 move (-8,1266) visible=true
[CURSOR] t=619030.7 slot=1 move (3008,531) visible=true
[CAP] t=619035.9 d=(-1.0,0.0) -> desktop=(1512.0,1013.9) view=(0.0,172.7)
[CURSOR] t=619038.8 slot=1 move (3006,531) visible=true
[CAP] t=619043.3 d=(-1.0,0.0) -> desktop=(1512.0,1013.9) view=(0.0,172.7)
[CURSOR] t=619048.2 slot=1 move (3004,531) visible=true
[CAP] t=619054.6 d=(-2.0,0.0) -> desktop=(1512.0,1013.9) view=(0.0,172.7)
[CURSOR] t=619055.3 slot=1 move (3000,531) visible=true
[CAP] t=619059.1 d=(-1.0,0.0) -> desktop=(1512.0,1013.9) view=(0.0,172.7)
[CURSOR] t=619059.6 slot=0 move (-16,1266) visible=true
[CURSOR] t=619064.1 slot=1 move (2998,531) visible=true
[CAP] t=619070.5 d=(-3.0,0.0) -> desktop=(1512.0,1013.9) view=(0.0,172.7)
[CURSOR] t=619075.9 slot=0 move (-19,1266) visible=true
[CAP] t=619077.8 d=(-2.0,0.0) -> desktop=(1512.0,1013.9) view=(0.0,172.7)
[CURSOR] t=619080.4 slot=1 move (2988,531) visible=true
[CAP] t=619085.4 d=(-3.0,0.0) -> desktop=(1512.0,1013.9) view=(0.0,172.7)
[CURSOR] t=619089.1 slot=1 move (2982,531) visible=true
[CAP] t=619093.1 d=(-3.0,1.0) -> desktop=(1512.0,1014.7) view=(0.0,171.7)
[CURSOR] t=619095.2 slot=0 move (-26,1266) visible=true
[CURSOR] t=619097.0 slot=1 move (3011,533) visible=true
[CAP] t=619099.5 d=(-2.0,1.0) -> desktop=(1512.0,1015.5) view=(0.0,170.7)
[CAP] t=619109.8 d=(-4.0,2.0) -> desktop=(1512.0,1017.1) view=(0.0,168.7)
[CURSOR] t=619115.2 slot=1 move (3009,538) visible=true
[CAP] t=619115.8 d=(-1.0,1.0) -> desktop=(1512.0,1017.9) view=(0.0,167.7)
[CAP] t=619123.2 d=(-2.0,1.0) -> desktop=(1512.0,1018.7) view=(0.0,166.7)
[CURSOR] t=619126.3 slot=0 move (-4,1272) visible=true
[CAP] t=619131.7 d=(-2.0,1.0) -> desktop=(1512.0,1019.5) view=(0.0,165.7)
[CURSOR] t=619131.9 slot=1 move (3017,541) visible=true
[CURSOR] t=619143.9 slot=0 move (-6,1273) visible=true
[CAP] t=619532.7 d=(-1.0,0.0) -> desktop=(1512.0,1019.5) view=(0.0,165.7)
[CURSOR] t=619541.3 slot=1 move (3012,542) visible=true
[CURSOR] t=619543.3 slot=0 move (-7,1273) visible=true
[CAP] t=619544.8 d=(-5.0,0.0) -> desktop=(1512.0,1019.5) view=(0.0,165.7)
[CAP] t=619548.6 d=(-7.0,-3.0) -> desktop=(1512.0,1017.1) view=(0.0,168.7)
[CURSOR] t=619556.7 slot=1 move (2992,538) visible=true
[CAP] t=619557.7 d=(-7.0,-3.0) -> desktop=(1512.0,1014.7) view=(0.0,171.7)
[CURSOR] t=619560.7 slot=0 move (-20,1267) visible=true
[CAP] t=619564.4 d=(-7.0,-2.0) -> desktop=(1512.0,1013.1) view=(0.0,173.7)
[CAP] t=619572.2 d=(-6.0,-2.0) -> desktop=(1512.0,1011.5) view=(0.0,175.7)
[CURSOR] t=619574.4 slot=1 move (3017,526) visible=true
[CAP] t=619580.6 d=(-9.0,-2.0) -> desktop=(1512.0,1009.9) view=(0.0,177.7)
[CURSOR] t=619589.7 slot=1 move (2989,523) visible=true
[CAP] t=619590.3 d=(-9.0,-1.0) -> desktop=(1512.0,1009.1) view=(0.0,178.7)
[CURSOR] t=619592.9 slot=0 move (-22,1260) visible=true
[CAP] t=619596.5 d=(-16.0,-3.0) -> desktop=(1512.0,1006.7) view=(0.0,181.7)
[CAP] t=619607.3 d=(-17.0,-1.0) -> desktop=(1512.0,1005.9) view=(0.0,182.7)
[CURSOR] t=619607.8 slot=1 move (2956,517) visible=true
[CURSOR] t=619612.7 slot=0 move (-46,1256) visible=true
[CAP] t=619612.9 d=(-30.0,-3.0) -> desktop=(1512.0,1003.5) view=(0.0,185.7)
[CURSOR] t=619622.7 slot=1 move (2897,510) visible=true
[CAP] t=619623.2 d=(-10.0,0.0) -> desktop=(1512.0,1003.5) view=(0.0,185.7)
[CURSOR] t=619628.2 slot=0 hide
[CAP] t=619628.9 d=(-18.0,0.0) -> desktop=(1512.0,1003.5) view=(0.0,185.7)
[CURSORLAYER] t=619632.8 slot=0 layer hides
[CURSOR] t=619639.0 slot=1 move (2789,510) visible=true
[CAP] t=619639.3 d=(-18.0,0.0) -> desktop=(1512.0,1003.5) view=(0.0,185.7)
[CAP] t=619645.3 d=(-18.0,0.0) -> desktop=(1512.0,1003.5) view=(0.0,185.7)
[CURSOR] t=619647.1 slot=1 move (2645,510) visible=true
[CAP] t=619655.2 d=(-16.0,0.0) -> desktop=(1512.0,1003.5) view=(0.0,185.7)
[CAP] t=619660.5 d=(-14.0,-1.0) -> desktop=(1512.0,1002.7) view=(0.0,186.7)
[CURSOR] t=619664.0 slot=1 move (2961,509) visible=true
[CAP] t=619671.0 d=(-7.0,-1.0) -> desktop=(1512.0,1001.9) view=(0.0,187.7)
[CAP] t=619676.6 d=(-20.0,-2.0) -> desktop=(1512.0,1000.3) view=(0.0,189.7)
[CURSOR] t=619679.6 slot=0 shape id=967 64x64 hot=(4,1) pos=(-46,1256)
[2026-08-20T17:00:54Z DEBUG limina::window::present] surface store: published surface 967 (33 held)
[CURSOR] t=619680.0 slot=0 move (-20,1251) visible=true
[2026-08-20T17:00:54Z DEBUG limina::window::present] surface store: evicted surface 904 at cap 32 — if the guest still presents it, every later frame naming it is skipped
[CURSOR] t=619680.5 slot=1 move (2942,504) visible=true
[CURSORLAYER] t=619682.5 slot=0 layer shows at guest=(-20,1251) frame=(-24,126 64x64)
[CAP] t=619689.4 d=(-12.0,-1.0) -> desktop=(1512.0,999.5) view=(0.0,190.7)
[CAP] t=619696.2 d=(-11.0,-2.0) -> desktop=(1512.0,997.9) view=(0.0,192.7)
[CURSOR] t=619697.5 slot=1 move (3017,502) visible=true
[CAP] t=619702.0 d=(-5.0,0.0) -> desktop=(1512.0,997.9) view=(0.0,192.7)
[CURSOR] t=619705.8 slot=1 move (2999,499) visible=true
[CAP] t=619708.3 d=(-9.0,-2.0) -> desktop=(1512.0,996.3) view=(0.0,194.7)
[CURSOR] t=619709.3 slot=0 move (-25,1244) visible=true
[CAP] t=619718.1 d=(-8.0,0.0) -> desktop=(1512.0,996.3) view=(0.0,194.7)
[CURSOR] t=619722.6 slot=1 move (2955,496) visible=true
[CURSOR] t=619726.5 slot=0 move (-43,1244) visible=true
[CAP] t=619727.5 d=(-16.0,0.0) -> desktop=(1512.0,996.3) view=(0.0,194.7)
[CURSOR] t=619730.7 slot=1 move (2895,496) visible=true
[CAP] t=619734.2 d=(-9.0,0.0) -> desktop=(1512.0,996.3) view=(0.0,194.7)
[CURSOR] t=619739.4 slot=1 move (2859,496) visible=true
[CAP] t=619740.3 d=(-10.0,0.0) -> desktop=(1512.0,996.3) view=(0.0,194.7)
[CURSOR] t=619742.6 slot=0 hide
[CURSORLAYER] t=619748.4 slot=0 layer hides
[CAP] t=619751.7 d=(-4.0,0.0) -> desktop=(1512.0,996.3) view=(0.0,194.7)
[CURSOR] t=619756.0 slot=1 move (2806,496) visible=true
[CAP] t=619756.3 d=(-9.0,0.0) -> desktop=(1512.0,996.3) view=(0.0,194.7)
[CAP] t=619764.7 d=(-7.0,0.0) -> desktop=(1512.0,996.3) view=(0.0,194.7)
[CAP] t=619772.2 d=(-7.0,0.0) -> desktop=(1512.0,996.3) view=(0.0,194.7)
[CURSOR] t=619772.6 slot=1 move (2727,496) visible=true
[CAP] t=619780.7 d=(-7.0,0.0) -> desktop=(1512.0,996.3) view=(0.0,194.7)
[CAP] t=619788.6 d=(-7.0,0.0) -> desktop=(1512.0,996.3) view=(0.0,194.7)
[CURSOR] t=619789.9 slot=1 move (2685,496) visible=true
[CAP] t=619796.7 d=(-6.0,0.0) -> desktop=(1512.0,996.3) view=(0.0,194.7)
[CAP] t=619805.2 d=(-5.0,-1.0) -> desktop=(1512.0,995.5) view=(0.0,195.7)
[CURSOR] t=619806.5 slot=1 move (2668,496) visible=true
[CURSOR] t=619812.5 slot=0 shape id=968 64x64 hot=(4,1) pos=(-43,1244)
[CURSOR] t=619812.8 slot=0 move (-12,1243) visible=true
[CAP] t=619813.1 d=(-5.0,-1.0) -> desktop=(1512.0,994.7) view=(0.0,196.7)
[2026-08-20T17:00:54Z DEBUG limina::window::present] surface store: published surface 968 (33 held)
[2026-08-20T17:00:54Z DEBUG limina::window::present] surface store: evicted surface 905 at cap 32 — if the guest still presents it, every later frame naming it is skipped
[CURSORLAYER] t=619815.6 slot=0 layer shows at guest=(-12,1243) frame=(-16,134 64x64)
[CAP] t=619822.1 d=(-2.0,-1.0) -> desktop=(1512.0,993.9) view=(0.0,197.7)
[CURSOR] t=619823.3 slot=1 move (3017,491) visible=true
[CAP] t=619829.0 d=(-4.0,-1.0) -> desktop=(1512.0,993.1) view=(0.0,198.7)
[CURSOR] t=619830.5 slot=1 move (3009,490) visible=true
[CAP] t=619837.5 d=(-3.0,0.0) -> desktop=(1512.0,993.1) view=(0.0,198.7)
[CAP] t=619845.8 d=(-3.0,-1.0) -> desktop=(1512.0,992.3) view=(0.0,199.7)
[CURSOR] t=619846.6 slot=0 move (-13,1240) visible=true
[CURSOR] t=619847.7 slot=1 move (3003,490) visible=true
[CAP] t=619853.1 d=(-2.0,0.0) -> desktop=(1512.0,992.3) view=(0.0,199.7)
[CURSOR] t=619855.4 slot=1 move (3013,488) visible=true
[CURSOR] t=619859.9 slot=0 move (-6,1239) visible=true
[CAP] t=619861.9 d=(-2.0,-1.0) -> desktop=(1512.0,991.5) view=(0.0,200.7)
[CURSOR] t=619863.6 slot=1 move (3013,486) visible=true
[CAP] t=619871.3 d=(-2.0,0.0) -> desktop=(1512.0,991.5) view=(0.0,200.7)
[CAP] t=619878.0 d=(-3.0,-1.0) -> desktop=(1512.0,990.7) view=(0.0,201.7)
[CURSOR] t=619878.4 slot=0 move (-9,1238) visible=true
[CURSOR] t=619880.4 slot=1 move (3011,485) visible=true
[CAP] t=619887.6 d=(-2.0,0.0) -> desktop=(1512.0,990.7) view=(0.0,201.7)
[CURSOR] t=619888.6 slot=1 move (3007,485) visible=true
[CAP] t=619893.7 d=(-3.0,-1.0) -> desktop=(1512.0,989.9) view=(0.0,202.7)
[CURSOR] t=619898.0 slot=1 move (3011,483) visible=true
[CAP] t=619904.5 d=(-2.0,0.0) -> desktop=(1512.0,989.9) view=(0.0,202.7)
[CAP] t=619908.7 d=(-2.0,-1.0) -> desktop=(1512.0,989.1) view=(0.0,203.7)
[CURSOR] t=619909.2 slot=0 move (-6,1235) visible=true
[CURSOR] t=619914.1 slot=1 move (3013,482) visible=true
[CAP] t=619918.0 d=(-2.0,-1.0) -> desktop=(1512.0,988.3) view=(0.0,204.7)
[CURSOR] t=619923.4 slot=1 move (3013,480) visible=true
[CAP] t=619927.3 d=(-2.0,0.0) -> desktop=(1512.0,988.3) view=(0.0,204.7)
[CURSOR] t=619928.6 slot=0 move (-6,1234) visible=true
[CURSOR] t=619930.4 slot=1 move (3009,480) visible=true
[CAP] t=619938.2 d=(-2.0,-1.0) -> desktop=(1512.0,987.5) view=(0.0,205.7)
[CURSOR] t=619943.5 slot=0 move (-6,1233) visible=true
[CAP] t=619944.5 d=(-2.0,0.0) -> desktop=(1512.0,987.5) view=(0.0,205.7)
[CURSOR] t=619947.1 slot=1 move (3009,478) visible=true
[CAP] t=619953.9 d=(-3.0,-1.0) -> desktop=(1512.0,986.7) view=(0.0,206.7)
[CURSOR] t=619955.5 slot=1 move (3011,477) visible=true
[CAP] t=619957.6 d=(-2.0,0.0) -> desktop=(1512.0,986.7) view=(0.0,206.7)
[CURSOR] t=619960.2 slot=0 move (-10,1232) visible=true
[CAP] t=619965.0 d=(-4.0,-1.0) -> desktop=(1512.0,985.9) view=(0.0,207.7)
[CAP] t=619972.9 d=(-2.0,-1.0) -> desktop=(1512.0,985.1) view=(0.0,208.7)
[CURSOR] t=619978.0 slot=1 move (3008,475) visible=true
[CURSOR] t=619978.2 slot=0 move (-6,1230) visible=true
[CURSOR] t=619981.2 slot=1 move (3013,474) visible=true
[CAP] t=619981.3 d=(-3.0,-1.0) -> desktop=(1512.0,984.3) view=(0.0,209.7)
[CAP] t=619989.0 d=(-4.0,0.0) -> desktop=(1512.0,984.3) view=(0.0,209.7)
[CURSOR] t=619999.7 slot=0 move (-13,1229) visible=true
[CAP] t=620000.0 d=(-3.0,-1.0) -> desktop=(1512.0,983.5) view=(0.0,210.7)
[CURSOR] t=620001.9 slot=1 move (3003,472) visible=true
[CURSOR] t=620006.3 slot=1 move (3011,470) visible=true
[CAP] t=620009.3 d=(-5.0,-1.0) -> desktop=(1512.0,982.7) view=(0.0,211.7)
[CURSOR] t=620009.8 slot=0 move (-10,1227) visible=true
[CAP] t=620013.8 d=(-4.0,-1.0) -> desktop=(1512.0,981.9) view=(0.0,212.7)
[CURSOR] t=620014.1 slot=1 move (3007,469) visible=true
[CAP] t=620021.0 d=(-5.0,-1.0) -> desktop=(1512.0,981.1) view=(0.0,213.7)
[CURSOR] t=620022.0 slot=1 move (3017,466) visible=true
[CURSOR] t=620026.8 slot=0 move (-4,1225) visible=true
[CAP] t=620029.1 d=(-5.0,0.0) -> desktop=(1512.0,981.1) view=(0.0,213.7)
[CURSOR] t=620030.4 slot=1 move (3005,466) visible=true
[CAP] t=620036.7 d=(-6.0,-1.0) -> desktop=(1512.0,980.3) view=(0.0,214.7)
[CURSOR] t=620039.4 slot=1 move (3017,464) visible=true
[CAP] t=620045.9 d=(-5.0,-1.0) -> desktop=(1512.0,979.5) view=(0.0,215.7)
[CURSOR] t=620046.4 slot=0 move (-4,1224) visible=true
[CAP] t=620054.1 d=(-6.0,0.0) -> desktop=(1512.0,979.5) view=(0.0,215.7)
[CURSOR] t=620055.4 slot=1 move (2990,462) visible=true
[CAP] t=620061.8 d=(-5.0,0.0) -> desktop=(1512.0,979.5) view=(0.0,215.7)
[CURSOR] t=620063.7 slot=1 move (2976,462) visible=true
[CAP] t=620071.6 d=(-2.0,0.0) -> desktop=(1512.0,979.5) view=(0.0,215.7)
[CAP] t=620078.4 d=(-4.0,0.0) -> desktop=(1512.0,979.5) view=(0.0,215.7)
[CURSOR] t=620078.6 slot=0 move (-32,1223) visible=true
[CURSOR] t=620080.5 slot=1 move (2964,462) visible=true
[CAP] t=620088.0 d=(-3.0,0.0) -> desktop=(1512.0,979.5) view=(0.0,215.7)
[CAP] t=620095.0 d=(-3.0,0.0) -> desktop=(1512.0,979.5) view=(0.0,215.7)
[CURSOR] t=620097.1 slot=1 move (2952,462) visible=true
[CAP] t=620104.7 d=(-3.0,0.0) -> desktop=(1512.0,979.5) view=(0.0,215.7)
[CAP] t=620109.1 d=(-1.0,0.0) -> desktop=(1512.0,979.5) view=(0.0,215.7)
[CURSOR] t=620110.2 slot=0 move (-49,1223) visible=true
[CURSOR] t=620114.3 slot=1 move (2943,462) visible=true
[CAP] t=620121.5 d=(-1.0,0.0) -> desktop=(1512.0,979.5) view=(0.0,215.7)
[CAP] t=620127.6 d=(-1.0,0.0) -> desktop=(1512.0,979.5) view=(0.0,215.7)
[CURSOR] t=620128.0 slot=0 move (-51,1223) visible=true
[CURSOR] t=620133.3 slot=1 move (2939,462) visible=true
[CURSOR] t=620145.4 slot=0 move (-52,1223) visible=true
[CAP] t=620492.7 d=(-2.0,0.0) -> desktop=(1512.0,979.5) view=(0.0,215.7)
[CAP] t=620495.8 d=(-5.0,-2.0) -> desktop=(1512.0,977.9) view=(0.0,217.7)
[CURSOR] t=620497.9 slot=1 move (2936,462) visible=true
[CAP] t=620507.3 d=(-6.0,-2.0) -> desktop=(1512.0,976.3) view=(0.0,219.7)
[CAP] t=620512.2 d=(-7.0,-2.0) -> desktop=(1512.0,974.7) view=(0.0,221.7)
[CURSOR] t=620513.2 slot=0 move (-17,1219) visible=true
[CURSOR] t=620514.0 slot=1 move (2995,453) visible=true
[CAP] t=620524.4 d=(-7.0,-2.0) -> desktop=(1512.0,973.1) view=(0.0,223.7)
[CURSOR] t=620528.1 slot=0 move (-18,1217) visible=true
[CAP] t=620530.1 d=(-6.0,-2.0) -> desktop=(1512.0,971.5) view=(0.0,225.7)
[CURSOR] t=620532.2 slot=1 move (2995,450) visible=true
[CURSOR] t=620536.3 slot=0 move (-4,1213) visible=true
[CAP] t=620540.3 d=(-14.0,-4.0) -> desktop=(1512.0,968.3) view=(0.0,229.7)
[CAP] t=620545.4 d=(-15.0,-4.0) -> desktop=(1512.0,965.1) view=(0.0,233.7)
[CURSOR] t=620547.1 slot=1 move (2958,434) visible=true
[CURSOR] t=620550.7 slot=0 move (-41,1205) visible=true
[CAP] t=620554.7 d=(-16.0,-4.0) -> desktop=(1512.0,961.9) view=(0.0,237.7)
[CURSOR] t=620556.2 slot=1 move (3017,427) visible=true
[CAP] t=620557.9 d=(-15.0,-2.0) -> desktop=(1512.0,960.3) view=(0.0,239.7)
[CAP] t=620571.1 d=(-14.0,-2.0) -> desktop=(1512.0,958.7) view=(0.0,241.7)
[CURSOR] t=620573.1 slot=1 move (2963,421) visible=true
[CAP] t=620576.5 d=(-17.0,-1.0) -> desktop=(1512.0,957.9) view=(0.0,242.7)
[CURSOR] t=620582.8 slot=0 move (-38,1197) visible=true
[CAP] t=620585.7 d=(-15.0,-1.0) -> desktop=(1512.0,957.1) view=(0.0,243.7)
[CURSOR] t=620589.5 slot=1 move (2957,418) visible=true
[CAP] t=620589.9 d=(-15.0,0.0) -> desktop=(1512.0,957.1) view=(0.0,243.7)
[CAP] t=620598.1 d=(-15.0,0.0) -> desktop=(1512.0,957.1) view=(0.0,243.7)
[CURSOR] t=620599.6 slot=0 hide
[CURSORLAYER] t=620599.9 slot=0 layer hides
[CAP] t=620606.2 d=(-16.0,0.0) -> desktop=(1512.0,957.1) view=(0.0,243.7)
[CURSOR] t=620606.7 slot=1 move (2773,418) visible=true
[CAP] t=620614.1 d=(-14.0,0.0) -> desktop=(1512.0,957.1) view=(0.0,243.7)
[CAP] t=620622.3 d=(-15.0,0.0) -> desktop=(1512.0,957.1) view=(0.0,243.7)
[CURSOR] t=620622.8 slot=1 move (2657,418) visible=true
[CAP] t=620630.3 d=(-13.0,0.0) -> desktop=(1512.0,957.1) view=(0.0,243.7)
[CAP] t=620638.2 d=(-13.0,0.0) -> desktop=(1512.0,957.1) view=(0.0,243.7)
[CURSOR] t=620639.8 slot=1 move (2553,418) visible=true
[CAP] t=620646.4 d=(-13.0,0.0) -> desktop=(1512.0,957.1) view=(0.0,243.7)
[CURSOR] t=620647.8 slot=1 move (2501,418) visible=true
[CAP] t=620656.6 d=(-12.0,0.0) -> desktop=(1512.0,957.1) view=(0.0,243.7)
[CAP] t=620662.5 d=(-5.0,0.0) -> desktop=(1512.0,957.1) view=(0.0,243.7)
[CURSOR] t=620665.3 slot=1 move (2438,418) visible=true
[CAP] t=620670.8 d=(-10.0,0.0) -> desktop=(1512.0,957.1) view=(0.0,243.7)
[CURSOR] t=620672.6 slot=1 move (2404,418) visible=true
[CAP] t=620679.1 d=(-10.0,0.0) -> desktop=(1512.0,957.1) view=(0.0,243.7)
[CURSOR] t=620681.4 slot=1 move (2364,418) visible=true
[CAP] t=620688.4 d=(-7.0,0.0) -> desktop=(1512.0,957.1) view=(0.0,243.7)
[CAP] t=620696.2 d=(-15.0,0.0) -> desktop=(1512.0,957.1) view=(0.0,243.7)
[CURSOR] t=620697.8 slot=1 move (2285,418) visible=true
[CAP] t=620702.7 d=(-4.0,0.0) -> desktop=(1512.0,957.1) view=(0.0,243.7)
[CURSOR] t=620706.6 slot=1 move (2270,418) visible=true
[CAP] t=620710.0 d=(-8.0,0.0) -> desktop=(1512.0,957.1) view=(0.0,243.7)
[CURSOR] t=620714.9 slot=1 move (2246,418) visible=true
[CAP] t=620718.8 d=(-13.0,0.0) -> desktop=(1512.0,957.1) view=(0.0,243.7)
[CURSOR] t=620723.3 slot=1 move (2195,418) visible=true
[CAP] t=620725.9 d=(-10.0,0.0) -> desktop=(1512.0,957.1) view=(0.0,243.7)
[CAP] t=620734.1 d=(-9.0,0.0) -> desktop=(1512.0,957.1) view=(0.0,243.7)
[CURSOR] t=620740.6 slot=1 move (2121,418) visible=true
[CAP] t=620741.9 d=(-11.0,0.0) -> desktop=(1512.0,957.1) view=(0.0,243.7)
[CAP] t=620753.8 d=(-5.0,0.0) -> desktop=(1512.0,957.1) view=(0.0,243.7)
[CURSOR] t=620756.1 slot=1 move (2064,418) visible=true
[CAP] t=620757.9 d=(-10.0,0.0) -> desktop=(1512.0,957.1) view=(0.0,243.7)
[CAP] t=620765.9 d=(-8.0,0.0) -> desktop=(1512.0,957.1) view=(0.0,243.7)
[CURSOR] t=620773.8 slot=1 move (1996,418) visible=true
[CAP] t=620774.0 d=(-8.0,0.0) -> desktop=(1512.0,957.1) view=(0.0,243.7)
[CAP] t=620782.2 d=(-6.0,0.0) -> desktop=(1512.0,957.1) view=(0.0,243.7)
[CURSOR] t=620790.0 slot=1 move (1951,418) visible=true
[CAP] t=620790.2 d=(-6.0,0.0) -> desktop=(1512.0,957.1) view=(0.0,243.7)
[CAP] t=620798.4 d=(-5.0,0.0) -> desktop=(1512.0,957.1) view=(0.0,243.7)
[CAP] t=620808.4 d=(-5.0,-1.0) -> desktop=(1512.0,956.3) view=(0.0,244.7)
[CURSOR] t=620810.4 slot=1 move (1922,418) visible=true
[CAP] t=620814.4 d=(-4.0,-1.0) -> desktop=(1512.0,955.5) view=(0.0,245.7)
[CURSOR] t=620815.3 slot=1 move (3006,416) visible=true
[2026-08-20T17:00:55Z DEBUG limina::window::present] surface store: published surface 969 (33 held)
[2026-08-20T17:00:55Z DEBUG limina::window::present] surface store: evicted surface 906 at cap 32 — if the guest still presents it, every later frame naming it is skipped
[CURSOR] t=620819.5 slot=0 shape id=969 64x64 hot=(4,1) pos=(-38,1197)
[CURSOR] t=620819.8 slot=0 move (-10,1193) visible=true
[CAP] t=620822.2 d=(-4.0,-1.0) -> desktop=(1512.0,954.7) view=(0.0,246.7)
[CAP] t=620830.1 d=(-5.0,-1.0) -> desktop=(1512.0,953.9) view=(0.0,247.7)
[CURSOR] t=620831.1 slot=1 move (3006,411) visible=true
[CURSOR] t=620833.0 slot=0 move (-11,1191) visible=true
[CURSORLAYER] t=620833.7 slot=0 layer shows at guest=(-11,1191) frame=(-15,186 64x64)
[CAP] t=620839.5 d=(-5.0,-1.0) -> desktop=(1512.0,953.1) view=(0.0,248.7)
[CAP] t=620846.2 d=(-5.0,-1.0) -> desktop=(1512.0,952.3) view=(0.0,249.7)
[CURSOR] t=620847.7 slot=1 move (3005,408) visible=true
[CURSOR] t=620850.5 slot=0 move (-11,1189) visible=true
[CAP] t=620854.9 d=(-5.0,-1.0) -> desktop=(1512.0,951.5) view=(0.0,250.7)
[CURSOR] t=620856.1 slot=1 move (3004,406) visible=true
[CAP] t=620862.7 d=(-2.0,0.0) -> desktop=(1512.0,951.5) view=(0.0,250.7)
[CURSOR] t=620864.5 slot=1 move (3000,406) visible=true
[CURSOR] t=620866.9 slot=0 move (-14,1188) visible=true
[CAP] t=620872.1 d=(-4.0,0.0) -> desktop=(1512.0,951.5) view=(0.0,250.7)
[CAP] t=620882.2 d=(-3.0,0.0) -> desktop=(1512.0,951.5) view=(0.0,250.7)
[CURSOR] t=620883.1 slot=1 move (2992,406) visible=true
[CAP] t=620890.2 d=(-3.0,-1.0) -> desktop=(1512.0,950.7) view=(0.0,251.7)
[CAP] t=620896.0 d=(-2.0,0.0) -> desktop=(1512.0,950.7) view=(0.0,251.7)
[CURSOR] t=620916.0 slot=0 move (-7,1187) visible=true
[CURSOR] t=620916.1 slot=1 move (3011,405) visible=true
[CAP] t=620917.4 d=(-2.0,0.0) -> desktop=(1512.0,950.7) view=(0.0,251.7)
[CAP] t=620918.6 d=(-1.0,0.0) -> desktop=(1512.0,950.7) view=(0.0,251.7)
[CAP] t=620919.9 d=(0.0,0.0) -> desktop=(1512.0,950.7) view=(0.0,251.7)
[CURSOR] t=620923.3 slot=1 move (3001,405) visible=true
[CAP] t=620926.2 d=(0.0,0.0) -> desktop=(1512.0,950.7) view=(0.0,251.7)
[CAP] t=620953.3 d=(0.0,0.0) -> desktop=(1512.0,950.7) view=(0.0,251.7)
[CAP] t=620959.4 d=(5.0,0.0) -> desktop=(1516.0,950.7) view=(5.0,251.7)
[CURSOR] t=620965.5 slot=1 hide
[CURSORLAYER] t=620967.1 slot=1 layer hides
[CURSORLAYER] t=620967.5 slot=1 layer hides
[CURSOR] t=620970.2 slot=0 move (0,1187) visible=true
[CAP] t=620976.1 d=(8.0,0.0) -> desktop=(1522.4,950.7) view=(13.0,251.7)
[CAP] t=620977.2 d=(4.0,0.0) -> desktop=(1525.6,950.7) view=(17.0,251.7)
[CURSOR] t=620984.6 slot=0 move (12,1187) visible=true
[CAP] t=620990.7 d=(9.0,2.0) -> desktop=(1532.8,952.3) view=(26.0,249.7)
[CAP] t=620991.6 d=(8.0,0.0) -> desktop=(1539.2,952.3) view=(34.0,249.7)
[CAP] t=620999.0 d=(7.0,1.0) -> desktop=(1544.8,953.1) view=(41.0,248.7)
[CURSOR] t=621001.9 slot=0 move (36,1190) visible=true
[CAP] t=621008.3 d=(8.0,1.0) -> desktop=(1551.2,953.9) view=(49.0,247.7)
[CAP] t=621015.0 d=(7.0,1.0) -> desktop=(1556.8,954.7) view=(56.0,246.7)
[CAP] t=621023.0 d=(6.0,0.0) -> desktop=(1561.6,954.7) view=(62.0,246.7)
[CAP] t=621031.0 d=(5.0,0.0) -> desktop=(1565.6,954.7) view=(67.0,246.7)
[CURSOR] t=621033.5 slot=0 move (62,1192) visible=true
[CAP] t=621038.8 d=(9.0,0.0) -> desktop=(1572.8,954.7) view=(76.0,246.7)
[CAP] t=621047.2 d=(8.0,0.0) -> desktop=(1579.2,954.7) view=(84.0,246.7)
[CURSOR] t=621050.2 slot=0 move (79,1192) visible=true
[CAP] t=621055.9 d=(9.0,-2.0) -> desktop=(1586.4,953.1) view=(93.0,248.7)
[CAP] t=621063.3 d=(11.0,-3.0) -> desktop=(1595.2,950.7) view=(104.0,251.7)
[CURSOR] t=621066.9 slot=0 move (99,1187) visible=true
[CAP] t=621073.0 d=(24.0,-7.0) -> desktop=(1614.4,945.1) view=(128.0,258.7)
[CAP] t=621079.4 d=(20.0,-6.0) -> desktop=(1630.4,940.3) view=(148.0,264.7)
[CURSOR] t=621083.5 slot=0 move (143,1174) visible=true
[CAP] t=621089.5 d=(25.0,-6.0) -> desktop=(1650.4,935.5) view=(173.0,270.7)
[CAP] t=621095.8 d=(48.0,-15.0) -> desktop=(1688.8,923.5) view=(221.0,285.7)
[CURSOR] t=621100.2 slot=0 move (216,1153) visible=true
[CAP] t=621105.2 d=(17.0,-4.0) -> desktop=(1702.4,920.3) view=(238.0,289.7)
[CAP] t=621112.9 d=(60.0,-15.0) -> desktop=(1750.4,908.3) view=(298.0,304.7)
[CURSOR] t=621116.6 slot=0 move (293,1134) visible=true
[CAP] t=621122.1 d=(18.0,-5.0) -> desktop=(1764.8,904.3) view=(316.0,309.7)
[CAP] t=621128.4 d=(36.0,-7.0) -> desktop=(1793.6,898.7) view=(352.0,316.7)
[CURSOR] t=621134.0 slot=0 move (347,1122) visible=true
[CAP] t=621139.6 d=(36.0,-8.0) -> desktop=(1822.4,892.3) view=(388.0,324.7)
[CAP] t=621143.0 d=(34.0,-8.0) -> desktop=(1849.6,885.9) view=(422.0,332.7)
[CURSOR] t=621151.3 slot=0 move (417,1106) visible=true
[CAP] t=621154.8 d=(30.0,-6.0) -> desktop=(1873.6,881.1) view=(452.0,338.7)
[CAP] t=621161.7 d=(32.0,-7.0) -> desktop=(1899.2,875.5) view=(484.0,345.7)
[CURSOR] t=621166.3 slot=0 move (479,1093) visible=true
[CAP] t=621169.3 d=(13.0,-3.0) -> desktop=(1909.6,873.1) view=(497.0,348.7)
[CAP] t=621174.9 d=(25.0,-5.0) -> desktop=(1929.6,869.1) view=(522.0,353.7)
[CAP] t=621185.5 d=(24.0,-5.0) -> desktop=(1948.8,865.1) view=(546.0,358.7)
[CAP] t=621191.2 d=(20.0,-4.0) -> desktop=(1964.8,861.9) view=(566.0,362.7)
[CAP] t=621199.6 d=(17.0,-5.0) -> desktop=(1978.4,857.9) view=(583.0,367.7)
[CURSOR] t=621203.1 slot=0 move (578,1071) visible=true
[CAP] t=621207.0 d=(7.0,0.0) -> desktop=(1984.0,857.9) view=(590.0,367.7)
[CAP] t=621215.6 d=(12.0,-2.0) -> desktop=(1993.6,856.3) view=(602.0,369.7)
[CAP] t=621223.4 d=(9.0,-2.0) -> desktop=(2000.8,854.7) view=(611.0,371.7)
[CAP] t=621231.4 d=(9.0,0.0) -> desktop=(2008.0,854.7) view=(620.0,371.7)
[CURSOR] t=621232.9 slot=0 move (615,1067) visible=true
[CAP] t=621239.1 d=(8.0,-1.0) -> desktop=(2014.4,853.9) view=(628.0,372.7)
[CAP] t=621247.3 d=(6.0,0.0) -> desktop=(2019.2,853.9) view=(634.0,372.7)
[CURSOR] t=621249.8 slot=0 move (629,1066) visible=true
[CAP] t=621255.7 d=(6.0,0.0) -> desktop=(2024.0,853.9) view=(640.0,372.7)
[CAP] t=621263.4 d=(1.0,0.0) -> desktop=(2024.8,853.9) view=(641.0,372.7)
[CURSOR] t=621266.7 slot=0 move (636,1066) visible=true
[CAP] t=621272.7 d=(5.0,0.0) -> desktop=(2028.8,853.9) view=(646.0,372.7)
[CAP] t=621279.5 d=(3.0,0.0) -> desktop=(2031.2,853.9) view=(649.0,372.7)
[CURSOR] t=621283.7 slot=0 move (644,1066) visible=true
[CAP] t=621288.2 d=(3.0,0.0) -> desktop=(2033.6,853.9) view=(652.0,372.7)
[CAP] t=621295.8 d=(3.0,0.0) -> desktop=(2036.0,853.9) view=(655.0,372.7)
[CURSOR] t=621300.5 slot=0 move (650,1066) visible=true
[CAP] t=621305.9 d=(2.0,0.0) -> desktop=(2037.6,853.9) view=(657.0,372.7)
[CAP] t=621311.5 d=(4.0,-1.0) -> desktop=(2040.8,853.1) view=(661.0,373.7)
[CURSOR] t=621317.8 slot=0 move (656,1065) visible=true
[2026-08-20T17:01:00Z WARN  limina::window] window: surface 897 unresolved; skipping frame — the store EVICTED this surface at its cap and the guest is still presenting it. Asking for it back.
[2026-08-20T17:01:00Z WARN  limina::window] window: asking the worker to re-publish surface 897 — we dropped it and the guest is still presenting it
[2026-08-20T17:01:00Z DEBUG limina::window::present] surface store: published surface 897 (33 held)
[2026-08-20T17:01:00Z DEBUG limina::window::present] surface store: evicted surface 884 at cap 32 — if the guest still presents it, every later frame naming it is skipped
