[2026-08-16T12:09:36Z DEBUG limina::window::present] surface store: published surface 97 (1 held)
[2026-08-16T12:09:36Z DEBUG limina::window::present] surface store: published surface 125 (2 held)
[2026-08-16T12:09:36Z DEBUG limina::window::present] surface store: published surface 128 (3 held)
[2026-08-16T12:09:36Z DEBUG limina::window::present] surface store: published surface 97 (1 held)
[2026-08-16T12:09:36Z DEBUG limina::window::present] surface store: published surface 134 (4 held)
[2026-08-16T12:09:36Z DEBUG limina::window::present] surface store: published surface 135 (5 held)
[2026-08-16T12:09:36Z DEBUG limina::window::present] surface store: published surface 136 (6 held)
[2026-08-16T12:09:36Z DEBUG limina::window::present] surface store: published surface 134 (1 held)
[2026-08-16T12:09:36Z DEBUG limina::window::present] surface store: published surface 135 (2 held)
[2026-08-16T12:09:36Z DEBUG limina::window::present] surface store: published surface 136 (3 held)
[2026-08-16T12:09:46Z DEBUG limina::window::present] surface store: published surface 138 (7 held)
[2026-08-16T12:09:46Z DEBUG limina::window::present] surface store: published surface 140 (8 held)
[2026-08-16T12:09:46Z DEBUG limina::window::present] surface store: published surface 141 (9 held)
[2026-08-16T12:09:46Z DEBUG limina::window::present] surface store: published surface 138 (1 held)
[2026-08-16T12:09:46Z DEBUG limina::window::present] surface store: published surface 140 (2 held)
[2026-08-16T12:09:46Z DEBUG limina::window::present] surface store: published surface 141 (3 held)
[2026-08-16T12:09:52Z DEBUG limina::window::present] surface store: published surface 142 (10 held)
[2026-08-16T12:09:52Z DEBUG limina::window::present] surface store: published surface 143 (11 held)
[2026-08-16T12:09:52Z DEBUG limina::window::present] surface store: published surface 142 (4 held)
[2026-08-16T12:09:52Z DEBUG limina::window::present] surface store: published surface 145 (12 held)
[2026-08-16T12:09:52Z DEBUG limina::window::present] surface store: published surface 145 (5 held)
[2026-08-16T12:09:52Z DEBUG limina::window::present] surface store: published surface 146 (13 held)
[2026-08-16T12:11:09Z DEBUG limina::window::present] surface store: published surface 147 (14 held)
[2026-08-16T12:11:09Z DEBUG limina::window::present] surface store: published surface 149 (15 held)
[2026-08-16T12:11:09Z DEBUG limina::window::present] surface store: published surface 152 (16 held)
[2026-08-16T12:11:09Z DEBUG limina::window::present] surface store: published surface 153 (17 held)
[2026-08-16T12:11:09Z DEBUG limina::window::present] surface store: published surface 154 (18 held)
[2026-08-16T12:11:09Z DEBUG limina::window::present] surface store: published surface 155 (19 held)
[2026-08-16T12:11:09Z DEBUG limina::window::present] surface store: published surface 156 (20 held)
[2026-08-16T12:11:09Z DEBUG limina::window::present] surface store: published surface 157 (21 held)
[2026-08-16T12:11:09Z DEBUG limina::window::present] surface store: published surface 159 (22 held)
[2026-08-16T12:11:09Z DEBUG limina::window::present] surface store: published surface 160 (23 held)
[2026-08-16T12:11:09Z DEBUG limina::window::present] surface store: published surface 161 (24 held)
[2026-08-16T12:11:10Z DEBUG limina::window::present] surface store: published surface 162 (25 held)
[2026-08-16T12:11:10Z DEBUG limina::window::present] surface store: published surface 164 (26 held)
[2026-08-16T12:11:10Z DEBUG limina::window::present] surface store: published surface 165 (27 held)
[2026-08-16T12:11:10Z DEBUG limina::window::present] surface store: published surface 166 (28 held)
[2026-08-16T12:11:10Z DEBUG limina::window::present] surface store: published surface 167 (29 held)
[2026-08-16T12:11:10Z DEBUG limina::window::present] surface store: published surface 168 (30 held)
[2026-08-16T12:11:10Z DEBUG limina::window::present] surface store: published surface 169 (31 held)
[2026-08-16T12:11:10Z DEBUG limina::window::present] surface store: published surface 170 (32 held)
[2026-08-16T12:11:10Z DEBUG limina::window::present] surface store: published surface 171 (33 held)
[2026-08-16T12:11:10Z DEBUG limina::window::present] surface store: evicted surface 97 at cap 32 — if the guest still presents it, every later frame naming it is skipped
[2026-08-16T12:11:10Z DEBUG limina::window::present] surface store: published surface 97 (33 held)
[2026-08-16T12:11:10Z DEBUG limina::window::present] surface store: evicted surface 125 at cap 32 — if the guest still presents it, every later frame naming it is skipped
[2026-08-16T12:11:10Z DEBUG limina::window::present] surface store: published surface 125 (33 held)
[2026-08-16T12:11:10Z DEBUG limina::window::present] surface store: evicted surface 128 at cap 32 — if the guest still presents it, every later frame naming it is skipped
[2026-08-16T12:11:10Z DEBUG limina::window::present] surface store: published surface 128 (33 held)
[2026-08-16T12:11:10Z DEBUG limina::window::present] surface store: evicted surface 134 at cap 32 — if the guest still presents it, every later frame naming it is skipped
[2026-08-16T12:11:10Z DEBUG limina::window::present] surface store: published surface 134 (33 held)
[2026-08-16T12:11:10Z DEBUG limina::window::present] surface store: evicted surface 135 at cap 32 — if the guest still presents it, every later frame naming it is skipped
[2026-08-16T12:11:10Z DEBUG limina::window::present] surface store: published surface 135 (33 held)
[2026-08-16T12:11:10Z DEBUG limina::window::present] surface store: evicted surface 136 at cap 32 — if the guest still presents it, every later frame naming it is skipped
[2026-08-16T12:11:10Z DEBUG limina::window::present] surface store: published surface 136 (33 held)
[2026-08-16T12:11:10Z DEBUG limina::window::present] surface store: evicted surface 138 at cap 32 — if the guest still presents it, every later frame naming it is skipped
[2026-08-16T12:11:10Z DEBUG limina::window::present] surface store: published surface 172 (33 held)
[2026-08-16T12:11:10Z DEBUG limina::window::present] surface store: evicted surface 140 at cap 32 — if the guest still presents it, every later frame naming it is skipped
[2026-08-16T12:11:10Z DEBUG limina::window::present] surface store: published surface 173 (33 held)
[2026-08-16T12:11:10Z DEBUG limina::window::present] surface store: evicted surface 141 at cap 32 — if the guest still presents it, every later frame naming it is skipped
[2026-08-16T12:11:10Z DEBUG limina::window::present] surface store: published surface 174 (33 held)
[2026-08-16T12:11:10Z DEBUG limina::window::present] surface store: evicted surface 142 at cap 32 — if the guest still presents it, every later frame naming it is skipped
[2026-08-16T12:11:10Z DEBUG limina::window::present] surface store: published surface 175 (33 held)
[2026-08-16T12:11:10Z DEBUG limina::window::present] surface store: evicted surface 143 at cap 32 — if the guest still presents it, every later frame naming it is skipped
[2026-08-16T12:11:10Z DEBUG limina::window::present] surface store: published surface 143 (33 held)
[2026-08-16T12:11:10Z DEBUG limina::window::present] surface store: evicted surface 145 at cap 32 — if the guest still presents it, every later frame naming it is skipped
[2026-08-16T12:11:10Z DEBUG limina::window::present] surface store: published surface 176 (33 held)
[2026-08-16T12:11:10Z DEBUG limina::window::present] surface store: evicted surface 146 at cap 32 — if the guest still presents it, every later frame naming it is skipped
[2026-08-16T12:11:10Z DEBUG limina::window::present] surface store: published surface 177 (33 held)
[2026-08-16T12:11:10Z DEBUG limina::window::present] surface store: evicted surface 147 at cap 32 — if the guest still presents it, every later frame naming it is skipped
[2026-08-16T12:11:10Z DEBUG limina::window::present] surface store: published surface 147 (33 held)
[2026-08-16T12:11:10Z DEBUG limina::window::present] surface store: evicted surface 149 at cap 32 — if the guest still presents it, every later frame naming it is skipped
[2026-08-16T12:11:10Z DEBUG limina::window::present] surface store: published surface 149 (33 held)
[2026-08-16T12:11:10Z DEBUG limina::window::present] surface store: evicted surface 152 at cap 32 — if the guest still presents it, every later frame naming it is skipped
[2026-08-16T12:11:10Z DEBUG limina::window::present] surface store: published surface 152 (33 held)
[2026-08-16T12:11:10Z DEBUG limina::window::present] surface store: evicted surface 153 at cap 32 — if the guest still presents it, every later frame naming it is skipped
[2026-08-16T12:11:10Z DEBUG limina::window::present] surface store: published surface 153 (33 held)
[2026-08-16T12:11:10Z DEBUG limina::window::present] surface store: evicted surface 154 at cap 32 — if the guest still presents it, every later frame naming it is skipped
[2026-08-16T12:11:10Z DEBUG limina::window::present] surface store: published surface 154 (33 held)
[2026-08-16T12:11:10Z DEBUG limina::window::present] surface store: evicted surface 155 at cap 32 — if the guest still presents it, every later frame naming it is skipped
[2026-08-16T12:11:10Z DEBUG limina::window::present] surface store: published surface 155 (33 held)
[2026-08-16T12:11:10Z DEBUG limina::window::present] surface store: evicted surface 156 at cap 32 — if the guest still presents it, every later frame naming it is skipped
[2026-08-16T12:11:10Z DEBUG limina::window::present] surface store: published surface 156 (33 held)
[2026-08-16T12:11:10Z DEBUG limina::window::present] surface store: evicted surface 157 at cap 32 — if the guest still presents it, every later frame naming it is skipped
[2026-08-16T12:11:10Z DEBUG limina::window::present] surface store: worker released surface 143 (was_held=true)
[2026-08-16T12:11:10Z DEBUG limina::window::present] surface store: published surface 157 (32 held)
[2026-08-16T12:11:10Z DEBUG limina::window::present] surface store: worker released surface 149 (was_held=true)
[2026-08-16T12:11:11Z DEBUG limina::window::present] surface store: published surface 143 (32 held)
[2026-08-16T12:11:11Z DEBUG limina::window::present] surface store: published surface 149 (33 held)
[2026-08-16T12:11:11Z DEBUG limina::window::present] surface store: evicted surface 159 at cap 32 — if the guest still presents it, every later frame naming it is skipped
[2026-08-16T12:11:11Z DEBUG limina::window::present] surface store: published surface 159 (33 held)
[2026-08-16T12:11:11Z DEBUG limina::window::present] surface store: evicted surface 160 at cap 32 — if the guest still presents it, every later frame naming it is skipped
[2026-08-16T12:11:11Z DEBUG limina::window::present] surface store: worker released surface 143 (was_held=true)
[2026-08-16T12:11:11Z DEBUG limina::window::present] surface store: published surface 160 (32 held)
[2026-08-16T12:11:11Z DEBUG limina::window::present] surface store: worker released surface 149 (was_held=true)
[2026-08-16T12:11:11Z DEBUG limina::window::present] surface store: published surface 143 (32 held)
[2026-08-16T12:11:11Z DEBUG limina::window::present] surface store: worker released surface 159 (was_held=true)
[2026-08-16T12:11:11Z DEBUG limina::window::present] surface store: published surface 149 (32 held)
[2026-08-16T12:11:11Z DEBUG limina::window::present] surface store: published surface 159 (33 held)
[2026-08-16T12:11:11Z DEBUG limina::window::present] surface store: evicted surface 161 at cap 32 — if the guest still presents it, every later frame naming it is skipped
[2026-08-16T12:11:11Z DEBUG limina::window::present] surface store: worker released surface 149 (was_held=true)
[2026-08-16T12:11:11Z DEBUG limina::window::present] surface store: published surface 149 (32 held)
[2026-08-16T12:11:11Z DEBUG limina::window::present] surface store: published surface 161 (33 held)
[2026-08-16T12:11:11Z DEBUG limina::window::present] surface store: evicted surface 162 at cap 32 — if the guest still presents it, every later frame naming it is skipped
[2026-08-16T12:11:11Z DEBUG limina::window::present] surface store: published surface 162 (33 held)
[2026-08-16T12:11:11Z DEBUG limina::window::present] surface store: evicted surface 164 at cap 32 — if the guest still presents it, every later frame naming it is skipped
[2026-08-16T12:11:11Z DEBUG limina::window::present] surface store: published surface 164 (33 held)
[2026-08-16T12:11:11Z DEBUG limina::window::present] surface store: evicted surface 165 at cap 32 — if the guest still presents it, every later frame naming it is skipped
[2026-08-16T12:11:11Z DEBUG limina::window::present] surface store: published surface 165 (33 held)
[2026-08-16T12:11:11Z DEBUG limina::window::present] surface store: evicted surface 166 at cap 32 — if the guest still presents it, every later frame naming it is skipped
[2026-08-16T12:11:11Z DEBUG limina::window::present] surface store: published surface 166 (33 held)
[2026-08-16T12:11:11Z DEBUG limina::window::present] surface store: evicted surface 167 at cap 32 — if the guest still presents it, every later frame naming it is skipped
[2026-08-16T12:11:12Z DEBUG limina::window::present] surface store: worker released surface 165 (was_held=true)
[2026-08-16T12:11:12Z DEBUG limina::window::present] surface store: worker released surface 160 (was_held=true)
[2026-08-16T12:11:13Z DEBUG limina::window::present] surface store: published surface 160 (31 held)
[2026-08-16T12:11:13Z DEBUG limina::window::present] surface store: published surface 165 (32 held)
[2026-08-16T12:11:13Z DEBUG limina::window::present] surface store: worker released surface 157 (was_held=true)
[2026-08-16T12:11:13Z DEBUG limina::window::present] surface store: worker released surface 143 (was_held=true)
[2026-08-16T12:11:14Z DEBUG limina::window::present] surface store: published surface 143 (31 held)
[2026-08-16T12:11:14Z DEBUG limina::window::present] surface store: worker released surface 156 (was_held=true)
[2026-08-16T12:11:14Z DEBUG limina::window::present] surface store: published surface 156 (31 held)
[2026-08-16T12:11:14Z DEBUG limina::window::present] surface store: published surface 157 (32 held)
[2026-08-16T12:11:14Z DEBUG limina::window::present] surface store: worker released surface 165 (was_held=true)
[2026-08-16T12:11:14Z DEBUG limina::window::present] surface store: published surface 165 (32 held)
[2026-08-16T12:11:14Z DEBUG limina::window::present] surface store: published surface 167 (33 held)
[2026-08-16T12:11:14Z DEBUG limina::window::present] surface store: evicted surface 168 at cap 32 — if the guest still presents it, every later frame naming it is skipped
[2026-08-16T12:11:14Z DEBUG limina::window::present] surface store: published surface 178 (33 held)
[2026-08-16T12:11:14Z DEBUG limina::window::present] surface store: evicted surface 169 at cap 32 — if the guest still presents it, every later frame naming it is skipped
[2026-08-16T12:11:14Z DEBUG limina::window::present] surface store: published surface 179 (33 held)
[2026-08-16T12:11:14Z DEBUG limina::window::present] surface store: evicted surface 170 at cap 32 — if the guest still presents it, every later frame naming it is skipped
[2026-08-16T12:11:14Z DEBUG limina::window::present] surface store: published surface 157 (6 held)
[2026-08-16T12:11:14Z DEBUG limina::window::present] surface store: published surface 143 (7 held)
[2026-08-16T12:11:14Z DEBUG limina::window::present] surface store: published surface 156 (8 held)
[2026-08-16T12:11:15Z DEBUG limina::window::present] surface store: published surface 168 (33 held)
[2026-08-16T12:11:15Z DEBUG limina::window::present] surface store: evicted surface 171 at cap 32 — if the guest still presents it, every later frame naming it is skipped
[2026-08-16T12:11:16Z DEBUG limina::window::present] surface store: published surface 169 (33 held)
[2026-08-16T12:11:16Z DEBUG limina::window::present] surface store: evicted surface 97 at cap 32 — if the guest still presents it, every later frame naming it is skipped
[2026-08-16T12:11:16Z DEBUG limina::window::present] surface store: published surface 169 (9 held)
[2026-08-16T12:11:16Z DEBUG limina::window::present] surface store: evicted surface 138 at cap 8 — if the guest still presents it, every later frame naming it is skipped
[2026-08-16T12:11:18Z DEBUG limina::window::present] surface store: published surface 97 (33 held)
[2026-08-16T12:11:18Z DEBUG limina::window::present] surface store: evicted surface 125 at cap 32 — if the guest still presents it, every later frame naming it is skipped
[2026-08-16T12:11:18Z DEBUG limina::window::present] surface store: published surface 97 (9 held)
[2026-08-16T12:11:18Z DEBUG limina::window::present] surface store: evicted surface 140 at cap 8 — if the guest still presents it, every later frame naming it is skipped
[2026-08-16T12:11:20Z DEBUG limina::window::present] surface store: published surface 125 (33 held)
[2026-08-16T12:11:20Z DEBUG limina::window::present] surface store: evicted surface 128 at cap 32 — if the guest still presents it, every later frame naming it is skipped
[2026-08-16T12:11:20Z DEBUG limina::window::present] surface store: published surface 125 (9 held)
[2026-08-16T12:11:20Z DEBUG limina::window::present] surface store: evicted surface 141 at cap 8 — if the guest still presents it, every later frame naming it is skipped
[2026-08-16T12:11:21Z DEBUG limina::window::present] surface store: published surface 141 (33 held)
[2026-08-16T12:11:21Z DEBUG limina::window::present] surface store: evicted surface 134 at cap 32 — if the guest still presents it, every later frame naming it is skipped
[2026-08-16T12:11:21Z DEBUG limina::window::present] surface store: published surface 141 (9 held)
[2026-08-16T12:11:21Z DEBUG limina::window::present] surface store: evicted surface 142 at cap 8 — if the guest still presents it, every later frame naming it is skipped
[2026-08-16T12:11:22Z DEBUG limina::window::present] surface store: published surface 134 (33 held)
[2026-08-16T12:11:22Z DEBUG limina::window::present] surface store: evicted surface 135 at cap 32 — if the guest still presents it, every later frame naming it is skipped
[2026-08-16T12:11:22Z DEBUG limina::window::present] surface store: published surface 134 (9 held)
[2026-08-16T12:11:22Z DEBUG limina::window::present] surface store: evicted surface 145 at cap 8 — if the guest still presents it, every later frame naming it is skipped
[2026-08-16T12:11:22Z DEBUG limina::window::present] surface store: worker released surface 157 (was_held=true)
[2026-08-16T12:11:22Z DEBUG limina::window::present] surface store: worker released surface 143 (was_held=true)
[2026-08-16T12:11:22Z DEBUG limina::window::present] surface store: worker released surface 156 (was_held=true)
[2026-08-16T12:11:22Z DEBUG limina::window::present] surface store: worker released surface 97 (was_held=true)
[2026-08-16T12:11:22Z DEBUG limina::window::present] surface store: worker released surface 125 (was_held=true)
[2026-08-16T12:11:22Z DEBUG limina::window::present] surface store: published surface 135 (28 held)
[2026-08-16T12:11:22Z DEBUG limina::window::present] surface store: published surface 170 (29 held)
[2026-08-16T12:11:22Z DEBUG limina::window::present] surface store: published surface 171 (30 held)
[2026-08-16T12:11:22Z DEBUG limina::window::present] surface store: published surface 135 (4 held)
[2026-08-16T12:11:22Z WARN  limina::window] window: surface 142 unresolved; skipping frame — the store EVICTED this surface at its cap and the guest is still presenting it. Permanent for this id: nothing re-publishes it.
[2026-08-16T12:11:22Z WARN  limina::window] window: surface 145 unresolved; skipping frame — the store EVICTED this surface at its cap and the guest is still presenting it. Permanent for this id: nothing re-publishes it.
[2026-08-16T12:11:22Z WARN  limina::window] window: surface 142 unresolved; skipping frame — the store EVICTED this surface at its cap and the guest is still presenting it. Permanent for this id: nothing re-publishes it.
[2026-08-16T12:11:22Z WARN  limina::window] window: surface 145 unresolved; skipping frame — the store EVICTED this surface at its cap and the guest is still presenting it. Permanent for this id: nothing re-publishes it.
[2026-08-16T12:11:22Z WARN  limina::window] window: surface 142 unresolved; skipping frame — the store EVICTED this surface at its cap and the guest is still presenting it. Permanent for this id: nothing re-publishes it.
[2026-08-16T12:11:22Z WARN  limina::window] window: surface 145 unresolved; skipping frame — the store EVICTED this surface at its cap and the guest is still presenting it. Permanent for this id: nothing re-publishes it.
[2026-08-16T12:11:22Z DEBUG limina::window::present] surface store: worker released surface 165 (was_held=true)
[2026-08-16T12:11:22Z WARN  limina::window] window: surface 142 unresolved; skipping frame — the store EVICTED this surface at its cap and the guest is still presenting it. Permanent for this id: nothing re-publishes it.
[2026-08-16T12:11:22Z WARN  limina::window] window: surface 145 unresolved; skipping frame — the store EVICTED this surface at its cap and the guest is still presenting it. Permanent for this id: nothing re-publishes it.
[2026-08-16T12:11:22Z WARN  limina::window] window: surface 142 unresolved; skipping frame — the store EVICTED this surface at its cap and the guest is still presenting it. Permanent for this id: nothing re-publishes it.
[2026-08-16T12:11:22Z WARN  limina::window] window: surface 145 unresolved; skipping frame — the store EVICTED this surface at its cap and the guest is still presenting it. Permanent for this id: nothing re-publishes it.
[2026-08-16T12:11:22Z WARN  limina::window] window: surface 142 unresolved; skipping frame — the store EVICTED this surface at its cap and the guest is still presenting it. Permanent for this id: nothing re-publishes it.
[2026-08-16T12:11:22Z WARN  limina::window] window: surface 145 unresolved; skipping frame — the store EVICTED this surface at its cap and the guest is still presenting it. Permanent for this id: nothing re-publishes it.
[2026-08-16T12:11:22Z WARN  limina::window] window: surface 142 unresolved; skipping frame — the store EVICTED this surface at its cap and the guest is still presenting it. Permanent for this id: nothing re-publishes it.
[2026-08-16T12:11:23Z WARN  limina::window] window: surface 145 unresolved; skipping frame — the store EVICTED this surface at its cap and the guest is still presenting it. Permanent for this id: nothing re-publishes it.
[2026-08-16T12:11:23Z WARN  limina::window] window: surface 142 unresolved; skipping frame — the store EVICTED this surface at its cap and the guest is still presenting it. Permanent for this id: nothing re-publishes it.
[2026-08-16T12:11:23Z WARN  limina::window] window: surface 145 unresolved; skipping frame — the store EVICTED this surface at its cap and the guest is still presenting it. Permanent for this id: nothing re-publishes it.
[2026-08-16T12:11:23Z WARN  limina::window] window: surface 142 unresolved; skipping frame — the store EVICTED this surface at its cap and the guest is still presenting it. Permanent for this id: nothing re-publishes it.
[2026-08-16T12:11:23Z WARN  limina::window] window: surface 145 unresolved; skipping frame — the store EVICTED this surface at its cap and the guest is still presenting it. Permanent for this id: nothing re-publishes it.
[2026-08-16T12:11:23Z WARN  limina::window] window: surface 142 unresolved; skipping frame — the store EVICTED this surface at its cap and the guest is still presenting it. Permanent for this id: nothing re-publishes it.
[2026-08-16T12:11:23Z DEBUG limina::window::present] surface store: worker released surface 169 (was_held=true)
[2026-08-16T12:11:23Z WARN  limina::window] window: surface 145 unresolved; skipping frame — the store EVICTED this surface at its cap and the guest is still presenting it. Permanent for this id: nothing re-publishes it.
[2026-08-16T12:11:23Z WARN  limina::window] window: surface 142 unresolved; skipping frame — the store EVICTED this surface at its cap and the guest is still presenting it. Permanent for this id: nothing re-publishes it.
[2026-08-16T12:11:23Z WARN  limina::window] window: surface 145 unresolved; skipping frame — the store EVICTED this surface at its cap and the guest is still presenting it. Permanent for this id: nothing re-publishes it.
[2026-08-16T12:11:23Z WARN  limina::window] window: surface 142 unresolved; skipping frame — the store EVICTED this surface at its cap and the guest is still presenting it. Permanent for this id: nothing re-publishes it.
[2026-08-16T12:11:23Z WARN  limina::window] window: surface 145 unresolved; skipping frame — the store EVICTED this surface at its cap and the guest is still presenting it. Permanent for this id: nothing re-publishes it.
[2026-08-16T12:11:23Z WARN  limina::window] window: surface 142 unresolved; skipping frame — the store EVICTED this surface at its cap and the guest is still presenting it. Permanent for this id: nothing re-publishes it.
[2026-08-16T12:11:23Z WARN  limina::window] window: surface 145 unresolved; skipping frame — the store EVICTED this surface at its cap and the guest is still presenting it. Permanent for this id: nothing re-publishes it.
[2026-08-16T12:11:23Z WARN  limina::window] window: surface 142 unresolved; skipping frame — the store EVICTED this surface at its cap and the guest is still presenting it. Permanent for this id: nothing re-publishes it.
[2026-08-16T12:11:23Z WARN  limina::window] window: surface 145 unresolved; skipping frame — the store EVICTED this surface at its cap and the guest is still presenting it. Permanent for this id: nothing re-publishes it.
[2026-08-16T12:11:23Z WARN  limina::window] window: surface 142 unresolved; skipping frame — the store EVICTED this surface at its cap and the guest is still presenting it. Permanent for this id: nothing re-publishes it.
[2026-08-16T12:11:23Z WARN  limina::window] window: surface 145 unresolved; skipping frame — the store EVICTED this surface at its cap and the guest is still presenting it. Permanent for this id: nothing re-publishes it.
[2026-08-16T12:11:23Z WARN  limina::window] window: surface 142 unresolved; skipping frame — the store EVICTED this surface at its cap and the guest is still presenting it. Permanent for this id: nothing re-publishes it.
[2026-08-16T12:11:23Z WARN  limina::window] window: surface 145 unresolved; skipping frame — the store EVICTED this surface at its cap and the guest is still presenting it. Permanent for this id: nothing re-publishes it.
[2026-08-16T12:11:23Z WARN  limina::window] window: surface 142 unresolved; skipping frame — the store EVICTED this surface at its cap and the guest is still presenting it. Permanent for this id: nothing re-publishes it.
[2026-08-16T12:11:23Z WARN  limina::window] window: surface 145 unresolved; skipping frame — the store EVICTED this surface at its cap and the guest is still presenting it. Permanent for this id: nothing re-publishes it.
[2026-08-16T12:11:23Z WARN  limina::window] window: surface 142 unresolved; skipping frame — the store EVICTED this surface at its cap and the guest is still presenting it. Permanent for this id: nothing re-publishes it.
[2026-08-16T12:11:23Z WARN  limina::window] window: surface 145 unresolved; skipping frame — the store EVICTED this surface at its cap and the guest is still presenting it. Permanent for this id: nothing re-publishes it.
[2026-08-16T12:11:23Z WARN  limina::window] window: surface 142 unresolved; skipping frame — the store EVICTED this surface at its cap and the guest is still presenting it. Permanent for this id: nothing re-publishes it.
[2026-08-16T12:11:23Z WARN  limina::window] window: surface 145 unresolved; skipping frame — the store EVICTED this surface at its cap and the guest is still presenting it. Permanent for this id: nothing re-publishes it.
[2026-08-16T12:11:23Z WARN  limina::window] window: surface 142 unresolved; skipping frame — the store EVICTED this surface at its cap and the guest is still presenting it. Permanent for this id: nothing re-publishes it.
[2026-08-16T12:11:23Z WARN  limina::window] window: surface 145 unresolved; skipping frame — the store EVICTED this surface at its cap and the guest is still presenting it. Permanent for this id: nothing re-publishes it.
[2026-08-16T12:11:23Z WARN  limina::window] window: surface 142 unresolved; skipping frame — the store EVICTED this surface at its cap and the guest is still presenting it. Permanent for this id: nothing re-publishes it.
[2026-08-16T12:11:23Z WARN  limina::window] window: surface 145 unresolved; skipping frame — the store EVICTED this surface at its cap and the guest is still presenting it. Permanent for this id: nothing re-publishes it.
[2026-08-16T12:11:23Z WARN  limina::window] window: surface 142 unresolved; skipping frame — the store EVICTED this surface at its cap and the guest is still presenting it. Permanent for this id: nothing re-publishes it.
[2026-08-16T12:11:23Z WARN  limina::window] window: surface 145 unresolved; skipping frame — the store EVICTED this surface at its cap and the guest is still presenting it. Permanent for this id: nothing re-publishes it.
[2026-08-16T12:11:23Z WARN  limina::window] window: surface 142 unresolved; skipping frame — the store EVICTED this surface at its cap and the guest is still presenting it. Permanent for this id: nothing re-publishes it.
[2026-08-16T12:11:23Z WARN  limina::window] window: surface 145 unresolved; skipping frame — the store EVICTED this surface at its cap and the guest is still presenting it. Permanent for this id: nothing re-publishes it.
[2026-08-16T12:11:23Z WARN  limina::window] window: surface 142 unresolved; skipping frame — the store EVICTED this surface at its cap and the guest is still presenting it. Permanent for this id: nothing re-publishes it.
[2026-08-16T12:11:23Z WARN  limina::window] window: surface 145 unresolved; skipping frame — the store EVICTED this surface at its cap and the guest is still presenting it. Permanent for this id: nothing re-publishes it.
[2026-08-16T12:11:23Z WARN  limina::window] window: surface 142 unresolved; skipping frame — the store EVICTED this surface at its cap and the guest is still presenting it. Permanent for this id: nothing re-publishes it.
[2026-08-16T12:11:23Z WARN  limina::window] window: surface 145 unresolved; skipping frame — the store EVICTED this surface at its cap and the guest is still presenting it. Permanent for this id: nothing re-publishes it.
[2026-08-16T12:11:23Z WARN  limina::window] window: surface 142 unresolved; skipping frame — the store EVICTED this surface at its cap and the guest is still presenting it. Permanent for this id: nothing re-publishes it.
[2026-08-16T12:11:23Z WARN  limina::window] window: surface 145 unresolved; skipping frame — the store EVICTED this surface at its cap and the guest is still presenting it. Permanent for this id: nothing re-publishes it.
[2026-08-16T12:11:23Z WARN  limina::window] window: surface 142 unresolved; skipping frame — the store EVICTED this surface at its cap and the guest is still presenting it. Permanent for this id: nothing re-publishes it.
[2026-08-16T12:11:23Z WARN  limina::window] window: surface 145 unresolved; skipping frame — the store EVICTED this surface at its cap and the guest is still presenting it. Permanent for this id: nothing re-publishes it.
[2026-08-16T12:11:23Z WARN  limina::window] window: surface 142 unresolved; skipping frame — the store EVICTED this surface at its cap and the guest is still presenting it. Permanent for this id: nothing re-publishes it.
[2026-08-16T12:11:23Z WARN  limina::window] window: surface 145 unresolved; skipping frame — the store EVICTED this surface at its cap and the guest is still presenting it. Permanent for this id: nothing re-publishes it.
[2026-08-16T12:11:23Z WARN  limina::window] window: surface 142 unresolved; skipping frame — the store EVICTED this surface at its cap and the guest is still presenting it. Permanent for this id: nothing re-publishes it.
[2026-08-16T12:11:23Z WARN  limina::window] window: surface 145 unresolved; skipping frame — the store EVICTED this surface at its cap and the guest is still presenting it. Permanent for this id: nothing re-publishes it.
[2026-08-16T12:11:23Z WARN  limina::window] window: surface 142 unresolved; skipping frame — the store EVICTED this surface at its cap and the guest is still presenting it. Permanent for this id: nothing re-publishes it.
[2026-08-16T12:11:23Z WARN  limina::window] window: surface 145 unresolved; skipping frame — the store EVICTED this surface at its cap and the guest is still presenting it. Permanent for this id: nothing re-publishes it.
[2026-08-16T12:11:23Z WARN  limina::window] window: surface 142 unresolved; skipping frame — the store EVICTED this surface at its cap and the guest is still presenting it. Permanent for this id: nothing re-publishes it.
[2026-08-16T12:11:23Z WARN  limina::window] window: surface 145 unresolved; skipping frame — the store EVICTED this surface at its cap and the guest is still presenting it. Permanent for this id: nothing re-publishes it.
[2026-08-16T12:11:23Z WARN  limina::window] window: surface 142 unresolved; skipping frame — the store EVICTED this surface at its cap and the guest is still presenting it. Permanent for this id: nothing re-publishes it.
[2026-08-16T12:11:23Z WARN  limina::window] window: surface 145 unresolved; skipping frame — the store EVICTED this surface at its cap and the guest is still presenting it. Permanent for this id: nothing re-publishes it.
[2026-08-16T12:11:23Z WARN  limina::window] window: surface 142 unresolved; skipping frame — the store EVICTED this surface at its cap and the guest is still presenting it. Permanent for this id: nothing re-publishes it.
[2026-08-16T12:11:23Z WARN  limina::window] window: surface 145 unresolved; skipping frame — the store EVICTED this surface at its cap and the guest is still presenting it. Permanent for this id: nothing re-publishes it.
[2026-08-16T12:11:23Z WARN  limina::window] window: surface 142 unresolved; skipping frame — the store EVICTED this surface at its cap and the guest is still presenting it. Permanent for this id: nothing re-publishes it.
[2026-08-16T12:11:23Z WARN  limina::window] window: surface 145 unresolved; skipping frame — the store EVICTED this surface at its cap and the guest is still presenting it. Permanent for this id: nothing re-publishes it.
[2026-08-16T12:11:23Z WARN  limina::window] window: surface 142 unresolved; skipping frame — the store EVICTED this surface at its cap and the guest is still presenting it. Permanent for this id: nothing re-publishes it.
[2026-08-16T12:11:23Z WARN  limina::window] window: surface 145 unresolved; skipping frame — the store EVICTED this surface at its cap and the guest is still presenting it. Permanent for this id: nothing re-publishes it.
[2026-08-16T12:11:23Z WARN  limina::window] window: surface 142 unresolved; skipping frame — the store EVICTED this surface at its cap and the guest is still presenting it. Permanent for this id: nothing re-publishes it.
[2026-08-16T12:11:23Z WARN  limina::window] window: surface 145 unresolved; skipping frame — the store EVICTED this surface at its cap and the guest is still presenting it. Permanent for this id: nothing re-publishes it.
[2026-08-16T12:11:23Z WARN  limina::window] window: surface 142 unresolved; skipping frame — the store EVICTED this surface at its cap and the guest is still presenting it. Permanent for this id: nothing re-publishes it.
[2026-08-16T12:11:24Z WARN  limina::window] window: surface 145 unresolved; skipping frame — the store EVICTED this surface at its cap and the guest is still presenting it. Permanent for this id: nothing re-publishes it.
[2026-08-16T12:11:24Z WARN  limina::window] window: surface 142 unresolved; skipping frame — the store EVICTED this surface at its cap and the guest is still presenting it. Permanent for this id: nothing re-publishes it.
[2026-08-16T12:11:24Z WARN  limina::window] window: surface 145 unresolved; skipping frame — the store EVICTED this surface at its cap and the guest is still presenting it. Permanent for this id: nothing re-publishes it.
[2026-08-16T12:11:24Z WARN  limina::window] window: surface 142 unresolved; skipping frame — the store EVICTED this surface at its cap and the guest is still presenting it. Permanent for this id: nothing re-publishes it.
[2026-08-16T12:11:24Z WARN  limina::window] window: surface 145 unresolved; skipping frame — the store EVICTED this surface at its cap and the guest is still presenting it. Permanent for this id: nothing re-publishes it.
[2026-08-16T12:11:24Z WARN  limina::window] window: surface 142 unresolved; skipping frame — the store EVICTED this surface at its cap and the guest is still presenting it. Permanent for this id: nothing re-publishes it.
[2026-08-16T12:11:24Z WARN  limina::window] window: surface 145 unresolved; skipping frame — the store EVICTED this surface at its cap and the guest is still presenting it. Permanent for this id: nothing re-publishes it.
[2026-08-16T12:11:24Z WARN  limina::window] window: surface 142 unresolved; skipping frame — the store EVICTED this surface at its cap and the guest is still presenting it. Permanent for this id: nothing re-publishes it.
[2026-08-16T12:11:24Z WARN  limina::window] window: surface 145 unresolved; skipping frame — the store EVICTED this surface at its cap and the guest is still presenting it. Permanent for this id: nothing re-publishes it.
[2026-08-16T12:11:24Z WARN  limina::window] window: surface 142 unresolved; skipping frame — the store EVICTED this surface at its cap and the guest is still presenting it. Permanent for this id: nothing re-publishes it.
[2026-08-16T12:11:24Z WARN  limina::window] window: surface 145 unresolved; skipping frame — the store EVICTED this surface at its cap and the guest is still presenting it. Permanent for this id: nothing re-publishes it.
[2026-08-16T12:11:24Z WARN  limina::window] window: surface 142 unresolved; skipping frame — the store EVICTED this surface at its cap and the guest is still presenting it. Permanent for this id: nothing re-publishes it.
[2026-08-16T12:11:24Z WARN  limina::window] window: surface 145 unresolved; skipping frame — the store EVICTED this surface at its cap and the guest is still presenting it. Permanent for this id: nothing re-publishes it.
[2026-08-16T12:11:24Z WARN  limina::window] window: surface 142 unresolved; skipping frame — the store EVICTED this surface at its cap and the guest is still presenting it. Permanent for this id: nothing re-publishes it.
[2026-08-16T12:11:24Z WARN  limina::window] window: surface 145 unresolved; skipping frame — the store EVICTED this surface at its cap and the guest is still presenting it. Permanent for this id: nothing re-publishes it.
[2026-08-16T12:11:24Z WARN  limina::window] window: surface 142 unresolved; skipping frame — the store EVICTED this surface at its cap and the guest is still presenting it. Permanent for this id: nothing re-publishes it.
[2026-08-16T12:11:24Z WARN  limina::window] window: surface 145 unresolved; skipping frame — the store EVICTED this surface at its cap and the guest is still presenting it. Permanent for this id: nothing re-publishes it.
[2026-08-16T12:11:24Z WARN  limina::window] window: surface 142 unresolved; skipping frame — the store EVICTED this surface at its cap and the guest is still presenting it. Permanent for this id: nothing re-publishes it.
[2026-08-16T12:11:24Z WARN  limina::window] window: surface 145 unresolved; skipping frame — the store EVICTED this surface at its cap and the guest is still presenting it. Permanent for this id: nothing re-publishes it.
[2026-08-16T12:11:24Z WARN  limina::window] window: surface 142 unresolved; skipping frame — the store EVICTED this surface at its cap and the guest is still presenting it. Permanent for this id: nothing re-publishes it.
[2026-08-16T12:11:24Z WARN  limina::window] window: surface 145 unresolved; skipping frame — the store EVICTED this surface at its cap and the guest is still presenting it. Permanent for this id: nothing re-publishes it.
[2026-08-16T12:11:24Z WARN  limina::window] window: surface 142 unresolved; skipping frame — the store EVICTED this surface at its cap and the guest is still presenting it. Permanent for this id: nothing re-publishes it.
[2026-08-16T12:11:24Z WARN  limina::window] window: surface 145 unresolved; skipping frame — the store EVICTED this surface at its cap and the guest is still presenting it. Permanent for this id: nothing re-publishes it.
[2026-08-16T12:11:24Z WARN  limina::window] window: surface 142 unresolved; skipping frame — the store EVICTED this surface at its cap and the guest is still presenting it. Permanent for this id: nothing re-publishes it.
[2026-08-16T12:11:24Z WARN  limina::window] window: surface 145 unresolved; skipping frame — the store EVICTED this surface at its cap and the guest is still presenting it. Permanent for this id: nothing re-publishes it.
[2026-08-16T12:11:24Z WARN  limina::window] window: surface 142 unresolved; skipping frame — the store EVICTED this surface at its cap and the guest is still presenting it. Permanent for this id: nothing re-publishes it.
[2026-08-16T12:11:24Z WARN  limina::window] window: surface 145 unresolved; skipping frame — the store EVICTED this surface at its cap and the guest is still presenting it. Permanent for this id: nothing re-publishes it.
[2026-08-16T12:11:24Z WARN  limina::window] window: surface 142 unresolved; skipping frame — the store EVICTED this surface at its cap and the guest is still presenting it. Permanent for this id: nothing re-publishes it.
[2026-08-16T12:11:24Z WARN  limina::window] window: surface 145 unresolved; skipping frame — the store EVICTED this surface at its cap and the guest is still presenting it. Permanent for this id: nothing re-publishes it.
[2026-08-16T12:11:24Z WARN  limina::window] window: surface 142 unresolved; skipping frame — the store EVICTED this surface at its cap and the guest is still presenting it. Permanent for this id: nothing re-publishes it.
[2026-08-16T12:11:24Z WARN  limina::window] window: surface 145 unresolved; skipping frame — the store EVICTED this surface at its cap and the guest is still presenting it. Permanent for this id: nothing re-publishes it.
[2026-08-16T12:11:24Z WARN  limina::window] window: surface 142 unresolved; skipping frame — the store EVICTED this surface at its cap and the guest is still presenting it. Permanent for this id: nothing re-publishes it.
[2026-08-16T12:11:24Z WARN  limina::window] window: surface 145 unresolved; skipping frame — the store EVICTED this surface at its cap and the guest is still presenting it. Permanent for this id: nothing re-publishes it.
[2026-08-16T12:11:24Z WARN  limina::window] window: surface 142 unresolved; skipping frame — the store EVICTED this surface at its cap and the guest is still presenting it. Permanent for this id: nothing re-publishes it.
[2026-08-16T12:11:24Z WARN  limina::window] window: surface 145 unresolved; skipping frame — the store EVICTED this surface at its cap and the guest is still presenting it. Permanent for this id: nothing re-publishes it.
[2026-08-16T12:11:24Z WARN  limina::window] window: surface 142 unresolved; skipping frame — the store EVICTED this surface at its cap and the guest is still presenting it. Permanent for this id: nothing re-publishes it.
[2026-08-16T12:11:24Z WARN  limina::window] window: surface 145 unresolved; skipping frame — the store EVICTED this surface at its cap and the guest is still presenting it. Permanent for this id: nothing re-publishes it.
[2026-08-16T12:11:24Z WARN  limina::window] window: surface 142 unresolved; skipping frame — the store EVICTED this surface at its cap and the guest is still presenting it. Permanent for this id: nothing re-publishes it.
[2026-08-16T12:11:24Z WARN  limina::window] window: surface 145 unresolved; skipping frame — the store EVICTED this surface at its cap and the guest is still presenting it. Permanent for this id: nothing re-publishes it.
[2026-08-16T12:11:24Z WARN  limina::window] window: surface 142 unresolved; skipping frame — the store EVICTED this surface at its cap and the guest is still presenting it. Permanent for this id: nothing re-publishes it.
[2026-08-16T12:11:24Z WARN  limina::window] window: surface 145 unresolved; skipping frame — the store EVICTED this surface at its cap and the guest is still presenting it. Permanent for this id: nothing re-publishes it.
[2026-08-16T12:11:24Z WARN  limina::window] window: surface 142 unresolved; skipping frame — the store EVICTED this surface at its cap and the guest is still presenting it. Permanent for this id: nothing re-publishes it.
[2026-08-16T12:11:24Z WARN  limina::window] window: surface 145 unresolved; skipping frame — the store EVICTED this surface at its cap and the guest is still presenting it. Permanent for this id: nothing re-publishes it.
[2026-08-16T12:11:24Z WARN  limina::window] window: surface 142 unresolved; skipping frame — the store EVICTED this surface at its cap and the guest is still presenting it. Permanent for this id: nothing re-publishes it.
[2026-08-16T12:11:24Z WARN  limina::window] window: surface 145 unresolved; skipping frame — the store EVICTED this surface at its cap and the guest is still presenting it. Permanent for this id: nothing re-publishes it.
[2026-08-16T12:11:24Z WARN  limina::window] window: surface 142 unresolved; skipping frame — the store EVICTED this surface at its cap and the guest is still presenting it. Permanent for this id: nothing re-publishes it.
[2026-08-16T12:11:24Z WARN  limina::window] window: surface 145 unresolved; skipping frame — the store EVICTED this surface at its cap and the guest is still presenting it. Permanent for this id: nothing re-publishes it.
[2026-08-16T12:11:24Z WARN  limina::window] window: surface 142 unresolved; skipping frame — the store EVICTED this surface at its cap and the guest is still presenting it. Permanent for this id: nothing re-publishes it.
[2026-08-16T12:11:24Z WARN  limina::window] window: surface 145 unresolved; skipping frame — the store EVICTED this surface at its cap and the guest is still presenting it. Permanent for this id: nothing re-publishes it.
[2026-08-16T12:11:24Z WARN  limina::window] window: surface 142 unresolved; skipping frame — the store EVICTED this surface at its cap and the guest is still presenting it. Permanent for this id: nothing re-publishes it.
[2026-08-16T12:11:24Z WARN  limina::window] window: surface 145 unresolved; skipping frame — the store EVICTED this surface at its cap and the guest is still presenting it. Permanent for this id: nothing re-publishes it.
[2026-08-16T12:11:24Z WARN  limina::window] window: surface 142 unresolved; skipping frame — the store EVICTED this surface at its cap and the guest is still presenting it. Permanent for this id: nothing re-publishes it.
[2026-08-16T12:11:24Z WARN  limina::window] window: surface 145 unresolved; skipping frame — the store EVICTED this surface at its cap and the guest is still presenting it. Permanent for this id: nothing re-publishes it.
[2026-08-16T12:11:24Z WARN  limina::window] window: surface 142 unresolved; skipping frame — the store EVICTED this surface at its cap and the guest is still presenting it. Permanent for this id: nothing re-publishes it.
[2026-08-16T12:11:24Z WARN  limina::window] window: surface 145 unresolved; skipping frame — the store EVICTED this surface at its cap and the guest is still presenting it. Permanent for this id: nothing re-publishes it.
[2026-08-16T12:11:24Z WARN  limina::window] window: surface 142 unresolved; skipping frame — the store EVICTED this surface at its cap and the guest is still presenting it. Permanent for this id: nothing re-publishes it.
[2026-08-16T12:11:24Z WARN  limina::window] window: surface 145 unresolved; skipping frame — the store EVICTED this surface at its cap and the guest is still presenting it. Permanent for this id: nothing re-publishes it.
[2026-08-16T12:11:24Z WARN  limina::window] window: surface 142 unresolved; skipping frame — the store EVICTED this surface at its cap and the guest is still presenting it. Permanent for this id: nothing re-publishes it.
[2026-08-16T12:11:24Z WARN  limina::window] window: surface 145 unresolved; skipping frame — the store EVICTED this surface at its cap and the guest is still presenting it. Permanent for this id: nothing re-publishes it.
[2026-08-16T12:11:24Z WARN  limina::window] window: surface 142 unresolved; skipping frame — the store EVICTED this surface at its cap and the guest is still presenting it. Permanent for this id: nothing re-publishes it.
[2026-08-16T12:11:25Z WARN  limina::window] window: surface 145 unresolved; skipping frame — the store EVICTED this surface at its cap and the guest is still presenting it. Permanent for this id: nothing re-publishes it.
[2026-08-16T12:11:25Z WARN  limina::window] window: surface 142 unresolved; skipping frame — the store EVICTED this surface at its cap and the guest is still presenting it. Permanent for this id: nothing re-publishes it.
[2026-08-16T12:11:25Z WARN  limina::window] window: surface 145 unresolved; skipping frame — the store EVICTED this surface at its cap and the guest is still presenting it. Permanent for this id: nothing re-publishes it.
[2026-08-16T12:11:25Z WARN  limina::window] window: surface 142 unresolved; skipping frame — the store EVICTED this surface at its cap and the guest is still presenting it. Permanent for this id: nothing re-publishes it.
[2026-08-16T12:11:25Z WARN  limina::window] window: surface 145 unresolved; skipping frame — the store EVICTED this surface at its cap and the guest is still presenting it. Permanent for this id: nothing re-publishes it.
[2026-08-16T12:11:25Z WARN  limina::window] window: surface 142 unresolved; skipping frame — the store EVICTED this surface at its cap and the guest is still presenting it. Permanent for this id: nothing re-publishes it.
[2026-08-16T12:11:25Z WARN  limina::window] window: surface 145 unresolved; skipping frame — the store EVICTED this surface at its cap and the guest is still presenting it. Permanent for this id: nothing re-publishes it.
[2026-08-16T12:11:25Z WARN  limina::window] window: surface 142 unresolved; skipping frame — the store EVICTED this surface at its cap and the guest is still presenting it. Permanent for this id: nothing re-publishes it.
[2026-08-16T12:11:25Z WARN  limina::window] window: surface 145 unresolved; skipping frame — the store EVICTED this surface at its cap and the guest is still presenting it. Permanent for this id: nothing re-publishes it.
[2026-08-16T12:11:25Z WARN  limina::window] window: surface 142 unresolved; skipping frame — the store EVICTED this surface at its cap and the guest is still presenting it. Permanent for this id: nothing re-publishes it.
[2026-08-16T12:11:25Z WARN  limina::window] window: surface 145 unresolved; skipping frame — the store EVICTED this surface at its cap and the guest is still presenting it. Permanent for this id: nothing re-publishes it.
[2026-08-16T12:11:25Z WARN  limina::window] window: surface 142 unresolved; skipping frame — the store EVICTED this surface at its cap and the guest is still presenting it. Permanent for this id: nothing re-publishes it.
[2026-08-16T12:11:25Z WARN  limina::window] window: surface 145 unresolved; skipping frame — the store EVICTED this surface at its cap and the guest is still presenting it. Permanent for this id: nothing re-publishes it.
[2026-08-16T12:11:25Z WARN  limina::window] window: surface 142 unresolved; skipping frame — the store EVICTED this surface at its cap and the guest is still presenting it. Permanent for this id: nothing re-publishes it.
[2026-08-16T12:11:25Z WARN  limina::window] window: surface 145 unresolved; skipping frame — the store EVICTED this surface at its cap and the guest is still presenting it. Permanent for this id: nothing re-publishes it.
[2026-08-16T12:11:25Z WARN  limina::window] window: surface 142 unresolved; skipping frame — the store EVICTED this surface at its cap and the guest is still presenting it. Permanent for this id: nothing re-publishes it.
[2026-08-16T12:11:25Z WARN  limina::window] window: surface 145 unresolved; skipping frame — the store EVICTED this surface at its cap and the guest is still presenting it. Permanent for this id: nothing re-publishes it.
[2026-08-16T12:11:25Z WARN  limina::window] window: surface 142 unresolved; skipping frame — the store EVICTED this surface at its cap and the guest is still presenting it. Permanent for this id: nothing re-publishes it.
[2026-08-16T12:11:25Z WARN  limina::window] window: surface 145 unresolved; skipping frame — the store EVICTED this surface at its cap and the guest is still presenting it. Permanent for this id: nothing re-publishes it.
[2026-08-16T12:11:25Z WARN  limina::window] window: surface 142 unresolved; skipping frame — the store EVICTED this surface at its cap and the guest is still presenting it. Permanent for this id: nothing re-publishes it.
[2026-08-16T12:11:25Z WARN  limina::window] window: surface 145 unresolved; skipping frame — the store EVICTED this surface at its cap and the guest is still presenting it. Permanent for this id: nothing re-publishes it.
[2026-08-16T12:11:25Z WARN  limina::window] window: surface 142 unresolved; skipping frame — the store EVICTED this surface at its cap and the guest is still presenting it. Permanent for this id: nothing re-publishes it.
[2026-08-16T12:11:25Z WARN  limina::window] window: surface 145 unresolved; skipping frame — the store EVICTED this surface at its cap and the guest is still presenting it. Permanent for this id: nothing re-publishes it.
[2026-08-16T12:11:25Z WARN  limina::window] window: surface 142 unresolved; skipping frame — the store EVICTED this surface at its cap and the guest is still presenting it. Permanent for this id: nothing re-publishes it.
[2026-08-16T12:11:25Z WARN  limina::window] window: surface 145 unresolved; skipping frame — the store EVICTED this surface at its cap and the guest is still presenting it. Permanent for this id: nothing re-publishes it.
[2026-08-16T12:11:25Z WARN  limina::window] window: surface 142 unresolved; skipping frame — the store EVICTED this surface at its cap and the guest is still presenting it. Permanent for this id: nothing re-publishes it.
[2026-08-16T12:11:25Z WARN  limina::window] window: surface 145 unresolved; skipping frame — the store EVICTED this surface at its cap and the guest is still presenting it. Permanent for this id: nothing re-publishes it.
[2026-08-16T12:11:25Z WARN  limina::window] window: surface 142 unresolved; skipping frame — the store EVICTED this surface at its cap and the guest is still presenting it. Permanent for this id: nothing re-publishes it.
[2026-08-16T12:11:25Z WARN  limina::window] window: surface 145 unresolved; skipping frame — the store EVICTED this surface at its cap and the guest is still presenting it. Permanent for this id: nothing re-publishes it.
[2026-08-16T12:11:25Z WARN  limina::window] window: surface 142 unresolved; skipping frame — the store EVICTED this surface at its cap and the guest is still presenting it. Permanent for this id: nothing re-publishes it.
[2026-08-16T12:11:25Z WARN  limina::window] window: surface 145 unresolved; skipping frame — the store EVICTED this surface at its cap and the guest is still presenting it. Permanent for this id: nothing re-publishes it.
[2026-08-16T12:11:25Z WARN  limina::window] window: surface 142 unresolved; skipping frame — the store EVICTED this surface at its cap and the guest is still presenting it. Permanent for this id: nothing re-publishes it.
[2026-08-16T12:11:25Z WARN  limina::window] window: surface 145 unresolved; skipping frame — the store EVICTED this surface at its cap and the guest is still presenting it. Permanent for this id: nothing re-publishes it.
[2026-08-16T12:11:25Z WARN  limina::window] window: surface 142 unresolved; skipping frame — the store EVICTED this surface at its cap and the guest is still presenting it. Permanent for this id: nothing re-publishes it.
[2026-08-16T12:11:25Z WARN  limina::window] window: surface 145 unresolved; skipping frame — the store EVICTED this surface at its cap and the guest is still presenting it. Permanent for this id: nothing re-publishes it.
[2026-08-16T12:11:25Z WARN  limina::window] window: surface 142 unresolved; skipping frame — the store EVICTED this surface at its cap and the guest is still presenting it. Permanent for this id: nothing re-publishes it.
[2026-08-16T12:11:25Z WARN  limina::window] window: surface 145 unresolved; skipping frame — the store EVICTED this surface at its cap and the guest is still presenting it. Permanent for this id: nothing re-publishes it.
[2026-08-16T12:11:25Z WARN  limina::window] window: surface 142 unresolved; skipping frame — the store EVICTED this surface at its cap and the guest is still presenting it. Permanent for this id: nothing re-publishes it.
[2026-08-16T12:11:25Z WARN  limina::window] window: surface 145 unresolved; skipping frame — the store EVICTED this surface at its cap and the guest is still presenting it. Permanent for this id: nothing re-publishes it.
[2026-08-16T12:11:25Z WARN  limina::window] window: surface 142 unresolved; skipping frame — the store EVICTED this surface at its cap and the guest is still presenting it. Permanent for this id: nothing re-publishes it.
[2026-08-16T12:11:25Z WARN  limina::window] window: surface 145 unresolved; skipping frame — the store EVICTED this surface at its cap and the guest is still presenting it. Permanent for this id: nothing re-publishes it.
[2026-08-16T12:11:25Z WARN  limina::window] window: surface 142 unresolved; skipping frame — the store EVICTED this surface at its cap and the guest is still presenting it. Permanent for this id: nothing re-publishes it.
[2026-08-16T12:11:25Z WARN  limina::window] window: surface 145 unresolved; skipping frame — the store EVICTED this surface at its cap and the guest is still presenting it. Permanent for this id: nothing re-publishes it.
[2026-08-16T12:11:25Z WARN  limina::window] window: surface 142 unresolved; skipping frame — the store EVICTED this surface at its cap and the guest is still presenting it. Permanent for this id: nothing re-publishes it.
[2026-08-16T12:11:25Z WARN  limina::window] window: surface 145 unresolved; skipping frame — the store EVICTED this surface at its cap and the guest is still presenting it. Permanent for this id: nothing re-publishes it.
[2026-08-16T12:11:25Z WARN  limina::window] window: surface 142 unresolved; skipping frame — the store EVICTED this surface at its cap and the guest is still presenting it. Permanent for this id: nothing re-publishes it.
[2026-08-16T12:11:25Z WARN  limina::window] window: surface 145 unresolved; skipping frame — the store EVICTED this surface at its cap and the guest is still presenting it. Permanent for this id: nothing re-publishes it.
[2026-08-16T12:11:25Z WARN  limina::window] window: surface 142 unresolved; skipping frame — the store EVICTED this surface at its cap and the guest is still presenting it. Permanent for this id: nothing re-publishes it.
[2026-08-16T12:11:25Z WARN  limina::window] window: surface 145 unresolved; skipping frame — the store EVICTED this surface at its cap and the guest is still presenting it. Permanent for this id: nothing re-publishes it.
[2026-08-16T12:11:25Z WARN  limina::window] window: surface 142 unresolved; skipping frame — the store EVICTED this surface at its cap and the guest is still presenting it. Permanent for this id: nothing re-publishes it.
[2026-08-16T12:11:25Z WARN  limina::window] window: surface 145 unresolved; skipping frame — the store EVICTED this surface at its cap and the guest is still presenting it. Permanent for this id: nothing re-publishes it.
[2026-08-16T12:11:25Z WARN  limina::window] window: surface 142 unresolved; skipping frame — the store EVICTED this surface at its cap and the guest is still presenting it. Permanent for this id: nothing re-publishes it.
[2026-08-16T12:11:25Z WARN  limina::window] window: surface 145 unresolved; skipping frame — the store EVICTED this surface at its cap and the guest is still presenting it. Permanent for this id: nothing re-publishes it.
[2026-08-16T12:11:25Z WARN  limina::window] window: surface 142 unresolved; skipping frame — the store EVICTED this surface at its cap and the guest is still presenting it. Permanent for this id: nothing re-publishes it.
[2026-08-16T12:11:25Z WARN  limina::window] window: surface 145 unresolved; skipping frame — the store EVICTED this surface at its cap and the guest is still presenting it. Permanent for this id: nothing re-publishes it.
[2026-08-16T12:11:25Z WARN  limina::window] window: surface 142 unresolved; skipping frame — the store EVICTED this surface at its cap and the guest is still presenting it. Permanent for this id: nothing re-publishes it.
[2026-08-16T12:11:25Z WARN  limina::window] window: surface 145 unresolved; skipping frame — the store EVICTED this surface at its cap and the guest is still presenting it. Permanent for this id: nothing re-publishes it.
[2026-08-16T12:11:25Z WARN  limina::window] window: surface 142 unresolved; skipping frame — the store EVICTED this surface at its cap and the guest is still presenting it. Permanent for this id: nothing re-publishes it.
[2026-08-16T12:11:25Z WARN  limina::window] window: surface 145 unresolved; skipping frame — the store EVICTED this surface at its cap and the guest is still presenting it. Permanent for this id: nothing re-publishes it.
[2026-08-16T12:11:25Z WARN  limina::window] window: surface 142 unresolved; skipping frame — the store EVICTED this surface at its cap and the guest is still presenting it. Permanent for this id: nothing re-publishes it.
[2026-08-16T12:11:26Z WARN  limina::window] window: surface 145 unresolved; skipping frame — the store EVICTED this surface at its cap and the guest is still presenting it. Permanent for this id: nothing re-publishes it.
[2026-08-16T12:11:26Z WARN  limina::window] window: surface 142 unresolved; skipping frame — the store EVICTED this surface at its cap and the guest is still presenting it. Permanent for this id: nothing re-publishes it.
[2026-08-16T12:11:26Z WARN  limina::window] window: surface 145 unresolved; skipping frame — the store EVICTED this surface at its cap and the guest is still presenting it. Permanent for this id: nothing re-publishes it.
[2026-08-16T12:11:26Z WARN  limina::window] window: surface 142 unresolved; skipping frame — the store EVICTED this surface at its cap and the guest is still presenting it. Permanent for this id: nothing re-publishes it.
[2026-08-16T12:11:26Z WARN  limina::window] window: surface 145 unresolved; skipping frame — the store EVICTED this surface at its cap and the guest is still presenting it. Permanent for this id: nothing re-publishes it.
[2026-08-16T12:11:26Z WARN  limina::window] window: surface 142 unresolved; skipping frame — the store EVICTED this surface at its cap and the guest is still presenting it. Permanent for this id: nothing re-publishes it.
[2026-08-16T12:11:26Z WARN  limina::window] window: surface 145 unresolved; skipping frame — the store EVICTED this surface at its cap and the guest is still presenting it. Permanent for this id: nothing re-publishes it.
[2026-08-16T12:11:26Z WARN  limina::window] window: surface 142 unresolved; skipping frame — the store EVICTED this surface at its cap and the guest is still presenting it. Permanent for this id: nothing re-publishes it.
[2026-08-16T12:11:26Z WARN  limina::window] window: surface 145 unresolved; skipping frame — the store EVICTED this surface at its cap and the guest is still presenting it. Permanent for this id: nothing re-publishes it.
[2026-08-16T12:11:26Z WARN  limina::window] window: surface 142 unresolved; skipping frame — the store EVICTED this surface at its cap and the guest is still presenting it. Permanent for this id: nothing re-publishes it.
[2026-08-16T12:11:26Z WARN  limina::window] window: surface 145 unresolved; skipping frame — the store EVICTED this surface at its cap and the guest is still presenting it. Permanent for this id: nothing re-publishes it.
[2026-08-16T12:11:26Z WARN  limina::window] window: surface 142 unresolved; skipping frame — the store EVICTED this surface at its cap and the guest is still presenting it. Permanent for this id: nothing re-publishes it.
[2026-08-16T12:11:26Z WARN  limina::window] window: surface 145 unresolved; skipping frame — the store EVICTED this surface at its cap and the guest is still presenting it. Permanent for this id: nothing re-publishes it.
[2026-08-16T12:11:26Z WARN  limina::window] window: surface 142 unresolved; skipping frame — the store EVICTED this surface at its cap and the guest is still presenting it. Permanent for this id: nothing re-publishes it.
[2026-08-16T12:11:26Z WARN  limina::window] window: surface 145 unresolved; skipping frame — the store EVICTED this surface at its cap and the guest is still presenting it. Permanent for this id: nothing re-publishes it.
[2026-08-16T12:11:26Z WARN  limina::window] window: surface 142 unresolved; skipping frame — the store EVICTED this surface at its cap and the guest is still presenting it. Permanent for this id: nothing re-publishes it.
[2026-08-16T12:11:26Z WARN  limina::window] window: surface 145 unresolved; skipping frame — the store EVICTED this surface at its cap and the guest is still presenting it. Permanent for this id: nothing re-publishes it.
[2026-08-16T12:11:26Z WARN  limina::window] window: surface 142 unresolved; skipping frame — the store EVICTED this surface at its cap and the guest is still presenting it. Permanent for this id: nothing re-publishes it.
[2026-08-16T12:11:26Z WARN  limina::window] window: surface 145 unresolved; skipping frame — the store EVICTED this surface at its cap and the guest is still presenting it. Permanent for this id: nothing re-publishes it.
[2026-08-16T12:11:26Z WARN  limina::window] window: surface 142 unresolved; skipping frame — the store EVICTED this surface at its cap and the guest is still presenting it. Permanent for this id: nothing re-publishes it.
[2026-08-16T12:11:26Z WARN  limina::window] window: surface 145 unresolved; skipping frame — the store EVICTED this surface at its cap and the guest is still presenting it. Permanent for this id: nothing re-publishes it.
[2026-08-16T12:11:26Z WARN  limina::window] window: surface 142 unresolved; skipping frame — the store EVICTED this surface at its cap and the guest is still presenting it. Permanent for this id: nothing re-publishes it.
[2026-08-16T12:11:26Z WARN  limina::window] window: surface 145 unresolved; skipping frame — the store EVICTED this surface at its cap and the guest is still presenting it. Permanent for this id: nothing re-publishes it.
[2026-08-16T12:11:26Z WARN  limina::window] window: surface 142 unresolved; skipping frame — the store EVICTED this surface at its cap and the guest is still presenting it. Permanent for this id: nothing re-publishes it.
[2026-08-16T12:11:26Z WARN  limina::window] window: surface 145 unresolved; skipping frame — the store EVICTED this surface at its cap and the guest is still presenting it. Permanent for this id: nothing re-publishes it.
[2026-08-16T12:11:26Z WARN  limina::window] window: surface 142 unresolved; skipping frame — the store EVICTED this surface at its cap and the guest is still presenting it. Permanent for this id: nothing re-publishes it.
[2026-08-16T12:11:26Z WARN  limina::window] window: surface 145 unresolved; skipping frame — the store EVICTED this surface at its cap and the guest is still presenting it. Permanent for this id: nothing re-publishes it.
[2026-08-16T12:11:26Z WARN  limina::window] window: surface 142 unresolved; skipping frame — the store EVICTED this surface at its cap and the guest is still presenting it. Permanent for this id: nothing re-publishes it.
[2026-08-16T12:11:26Z WARN  limina::window] window: surface 145 unresolved; skipping frame — the store EVICTED this surface at its cap and the guest is still presenting it. Permanent for this id: nothing re-publishes it.
[2026-08-16T12:11:26Z WARN  limina::window] window: surface 142 unresolved; skipping frame — the store EVICTED this surface at its cap and the guest is still presenting it. Permanent for this id: nothing re-publishes it.
[2026-08-16T12:11:26Z WARN  limina::window] window: surface 145 unresolved; skipping frame — the store EVICTED this surface at its cap and the guest is still presenting it. Permanent for this id: nothing re-publishes it.
[2026-08-16T12:11:26Z WARN  limina::window] window: surface 142 unresolved; skipping frame — the store EVICTED this surface at its cap and the guest is still presenting it. Permanent for this id: nothing re-publishes it.
[2026-08-16T12:11:26Z WARN  limina::window] window: surface 145 unresolved; skipping frame — the store EVICTED this surface at its cap and the guest is still presenting it. Permanent for this id: nothing re-publishes it.
[2026-08-16T12:11:26Z WARN  limina::window] window: surface 142 unresolved; skipping frame — the store EVICTED this surface at its cap and the guest is still presenting it. Permanent for this id: nothing re-publishes it.
[2026-08-16T12:11:26Z WARN  limina::window] window: surface 145 unresolved; skipping frame — the store EVICTED this surface at its cap and the guest is still presenting it. Permanent for this id: nothing re-publishes it.
[2026-08-16T12:11:26Z WARN  limina::window] window: surface 142 unresolved; skipping frame — the store EVICTED this surface at its cap and the guest is still presenting it. Permanent for this id: nothing re-publishes it.
[2026-08-16T12:11:26Z WARN  limina::window] window: surface 145 unresolved; skipping frame — the store EVICTED this surface at its cap and the guest is still presenting it. Permanent for this id: nothing re-publishes it.
[2026-08-16T12:11:26Z WARN  limina::window] window: surface 142 unresolved; skipping frame — the store EVICTED this surface at its cap and the guest is still presenting it. Permanent for this id: nothing re-publishes it.
[2026-08-16T12:11:26Z WARN  limina::window] window: surface 145 unresolved; skipping frame — the store EVICTED this surface at its cap and the guest is still presenting it. Permanent for this id: nothing re-publishes it.
[2026-08-16T12:11:26Z WARN  limina::window] window: surface 142 unresolved; skipping frame — the store EVICTED this surface at its cap and the guest is still presenting it. Permanent for this id: nothing re-publishes it.
[2026-08-16T12:11:26Z WARN  limina::window] window: surface 145 unresolved; skipping frame — the store EVICTED this surface at its cap and the guest is still presenting it. Permanent for this id: nothing re-publishes it.
[2026-08-16T12:11:26Z WARN  limina::window] window: surface 142 unresolved; skipping frame — the store EVICTED this surface at its cap and the guest is still presenting it. Permanent for this id: nothing re-publishes it.
[2026-08-16T12:11:26Z WARN  limina::window] window: surface 145 unresolved; skipping frame — the store EVICTED this surface at its cap and the guest is still presenting it. Permanent for this id: nothing re-publishes it.
[2026-08-16T12:11:26Z WARN  limina::window] window: surface 142 unresolved; skipping frame — the store EVICTED this surface at its cap and the guest is still presenting it. Permanent for this id: nothing re-publishes it.
[2026-08-16T12:11:26Z WARN  limina::window] window: surface 145 unresolved; skipping frame — the store EVICTED this surface at its cap and the guest is still presenting it. Permanent for this id: nothing re-publishes it.
[2026-08-16T12:11:26Z WARN  limina::window] window: surface 142 unresolved; skipping frame — the store EVICTED this surface at its cap and the guest is still presenting it. Permanent for this id: nothing re-publishes it.
[2026-08-16T12:11:26Z WARN  limina::window] window: surface 145 unresolved; skipping frame — the store EVICTED this surface at its cap and the guest is still presenting it. Permanent for this id: nothing re-publishes it.
[2026-08-16T12:11:26Z WARN  limina::window] window: surface 142 unresolved; skipping frame — the store EVICTED this surface at its cap and the guest is still presenting it. Permanent for this id: nothing re-publishes it.
[2026-08-16T12:11:26Z WARN  limina::window] window: surface 145 unresolved; skipping frame — the store EVICTED this surface at its cap and the guest is still presenting it. Permanent for this id: nothing re-publishes it.
[2026-08-16T12:11:26Z WARN  limina::window] window: surface 142 unresolved; skipping frame — the store EVICTED this surface at its cap and the guest is still presenting it. Permanent for this id: nothing re-publishes it.
[2026-08-16T12:11:26Z WARN  limina::window] window: surface 145 unresolved; skipping frame — the store EVICTED this surface at its cap and the guest is still presenting it. Permanent for this id: nothing re-publishes it.
[2026-08-16T12:11:26Z WARN  limina::window] window: surface 142 unresolved; skipping frame — the store EVICTED this surface at its cap and the guest is still presenting it. Permanent for this id: nothing re-publishes it.
[2026-08-16T12:11:26Z WARN  limina::window] window: surface 145 unresolved; skipping frame — the store EVICTED this surface at its cap and the guest is still presenting it. Permanent for this id: nothing re-publishes it.
[2026-08-16T12:11:26Z WARN  limina::window] window: surface 142 unresolved; skipping frame — the store EVICTED this surface at its cap and the guest is still presenting it. Permanent for this id: nothing re-publishes it.
[2026-08-16T12:11:26Z WARN  limina::window] window: surface 145 unresolved; skipping frame — the store EVICTED this surface at its cap and the guest is still presenting it. Permanent for this id: nothing re-publishes it.
[2026-08-16T12:11:26Z WARN  limina::window] window: surface 142 unresolved; skipping frame — the store EVICTED this surface at its cap and the guest is still presenting it. Permanent for this id: nothing re-publishes it.
[2026-08-16T12:11:26Z WARN  limina::window] window: surface 145 unresolved; skipping frame — the store EVICTED this surface at its cap and the guest is still presenting it. Permanent for this id: nothing re-publishes it.
[2026-08-16T12:11:26Z WARN  limina::window] window: surface 142 unresolved; skipping frame — the store EVICTED this surface at its cap and the guest is still presenting it. Permanent for this id: nothing re-publishes it.
[2026-08-16T12:11:26Z WARN  limina::window] window: surface 145 unresolved; skipping frame — the store EVICTED this surface at its cap and the guest is still presenting it. Permanent for this id: nothing re-publishes it.
[2026-08-16T12:11:26Z WARN  limina::window] window: surface 142 unresolved; skipping frame — the store EVICTED this surface at its cap and the guest is still presenting it. Permanent for this id: nothing re-publishes it.
[2026-08-16T12:11:27Z WARN  limina::window] window: surface 145 unresolved; skipping frame — the store EVICTED this surface at its cap and the guest is still presenting it. Permanent for this id: nothing re-publishes it.
[2026-08-16T12:11:27Z WARN  limina::window] window: surface 142 unresolved; skipping frame — the store EVICTED this surface at its cap and the guest is still presenting it. Permanent for this id: nothing re-publishes it.
[2026-08-16T12:11:27Z WARN  limina::window] window: surface 145 unresolved; skipping frame — the store EVICTED this surface at its cap and the guest is still presenting it. Permanent for this id: nothing re-publishes it.
[2026-08-16T12:11:27Z WARN  limina::window] window: surface 142 unresolved; skipping frame — the store EVICTED this surface at its cap and the guest is still presenting it. Permanent for this id: nothing re-publishes it.
[2026-08-16T12:11:27Z WARN  limina::window] window: surface 145 unresolved; skipping frame — the store EVICTED this surface at its cap and the guest is still presenting it. Permanent for this id: nothing re-publishes it.
[2026-08-16T12:11:27Z WARN  limina::window] window: surface 142 unresolved; skipping frame — the store EVICTED this surface at its cap and the guest is still presenting it. Permanent for this id: nothing re-publishes it.
[2026-08-16T12:11:27Z WARN  limina::window] window: surface 145 unresolved; skipping frame — the store EVICTED this surface at its cap and the guest is still presenting it. Permanent for this id: nothing re-publishes it.
[2026-08-16T12:11:27Z WARN  limina::window] window: surface 142 unresolved; skipping frame — the store EVICTED this surface at its cap and the guest is still presenting it. Permanent for this id: nothing re-publishes it.
[2026-08-16T12:11:27Z WARN  limina::window] window: surface 145 unresolved; skipping frame — the store EVICTED this surface at its cap and the guest is still presenting it. Permanent for this id: nothing re-publishes it.
[2026-08-16T12:11:27Z WARN  limina::window] window: surface 142 unresolved; skipping frame — the store EVICTED this surface at its cap and the guest is still presenting it. Permanent for this id: nothing re-publishes it.
[2026-08-16T12:11:27Z WARN  limina::window] window: surface 145 unresolved; skipping frame — the store EVICTED this surface at its cap and the guest is still presenting it. Permanent for this id: nothing re-publishes it.
[2026-08-16T12:11:27Z WARN  limina::window] window: surface 142 unresolved; skipping frame — the store EVICTED this surface at its cap and the guest is still presenting it. Permanent for this id: nothing re-publishes it.
[2026-08-16T12:11:27Z WARN  limina::window] window: surface 145 unresolved; skipping frame — the store EVICTED this surface at its cap and the guest is still presenting it. Permanent for this id: nothing re-publishes it.
[2026-08-16T12:11:27Z WARN  limina::window] window: surface 142 unresolved; skipping frame — the store EVICTED this surface at its cap and the guest is still presenting it. Permanent for this id: nothing re-publishes it.
[2026-08-16T12:11:27Z WARN  limina::window] window: surface 145 unresolved; skipping frame — the store EVICTED this surface at its cap and the guest is still presenting it. Permanent for this id: nothing re-publishes it.
[2026-08-16T12:11:27Z WARN  limina::window] window: surface 142 unresolved; skipping frame — the store EVICTED this surface at its cap and the guest is still presenting it. Permanent for this id: nothing re-publishes it.
[2026-08-16T12:11:27Z WARN  limina::window] window: surface 145 unresolved; skipping frame — the store EVICTED this surface at its cap and the guest is still presenting it. Permanent for this id: nothing re-publishes it.
[2026-08-16T12:11:27Z WARN  limina::window] window: surface 142 unresolved; skipping frame — the store EVICTED this surface at its cap and the guest is still presenting it. Permanent for this id: nothing re-publishes it.
[2026-08-16T12:11:27Z WARN  limina::window] window: surface 145 unresolved; skipping frame — the store EVICTED this surface at its cap and the guest is still presenting it. Permanent for this id: nothing re-publishes it.
[2026-08-16T12:11:27Z WARN  limina::window] window: surface 142 unresolved; skipping frame — the store EVICTED this surface at its cap and the guest is still presenting it. Permanent for this id: nothing re-publishes it.
[2026-08-16T12:11:27Z WARN  limina::window] window: surface 145 unresolved; skipping frame — the store EVICTED this surface at its cap and the guest is still presenting it. Permanent for this id: nothing re-publishes it.
[2026-08-16T12:11:27Z WARN  limina::window] window: surface 142 unresolved; skipping frame — the store EVICTED this surface at its cap and the guest is still presenting it. Permanent for this id: nothing re-publishes it.
[2026-08-16T12:11:27Z WARN  limina::window] window: surface 145 unresolved; skipping frame — the store EVICTED this surface at its cap and the guest is still presenting it. Permanent for this id: nothing re-publishes it.
[2026-08-16T12:11:27Z WARN  limina::window] window: surface 142 unresolved; skipping frame — the store EVICTED this surface at its cap and the guest is still presenting it. Permanent for this id: nothing re-publishes it.
[2026-08-16T12:11:27Z WARN  limina::window] window: surface 145 unresolved; skipping frame — the store EVICTED this surface at its cap and the guest is still presenting it. Permanent for this id: nothing re-publishes it.
[2026-08-16T12:11:27Z WARN  limina::window] window: surface 142 unresolved; skipping frame — the store EVICTED this surface at its cap and the guest is still presenting it. Permanent for this id: nothing re-publishes it.
[2026-08-16T12:11:27Z WARN  limina::window] window: surface 145 unresolved; skipping frame — the store EVICTED this surface at its cap and the guest is still presenting it. Permanent for this id: nothing re-publishes it.
[2026-08-16T12:11:27Z WARN  limina::window] window: surface 142 unresolved; skipping frame — the store EVICTED this surface at its cap and the guest is still presenting it. Permanent for this id: nothing re-publishes it.
[2026-08-16T12:11:27Z WARN  limina::window] window: surface 145 unresolved; skipping frame — the store EVICTED this surface at its cap and the guest is still presenting it. Permanent for this id: nothing re-publishes it.
[2026-08-16T12:11:27Z WARN  limina::window] window: surface 142 unresolved; skipping frame — the store EVICTED this surface at its cap and the guest is still presenting it. Permanent for this id: nothing re-publishes it.
[2026-08-16T12:11:27Z WARN  limina::window] window: surface 145 unresolved; skipping frame — the store EVICTED this surface at its cap and the guest is still presenting it. Permanent for this id: nothing re-publishes it.
[2026-08-16T12:11:27Z WARN  limina::window] window: surface 142 unresolved; skipping frame — the store EVICTED this surface at its cap and the guest is still presenting it. Permanent for this id: nothing re-publishes it.
[2026-08-16T12:11:27Z WARN  limina::window] window: surface 145 unresolved; skipping frame — the store EVICTED this surface at its cap and the guest is still presenting it. Permanent for this id: nothing re-publishes it.
[2026-08-16T12:11:27Z WARN  limina::window] window: surface 142 unresolved; skipping frame — the store EVICTED this surface at its cap and the guest is still presenting it. Permanent for this id: nothing re-publishes it.
[2026-08-16T12:11:27Z WARN  limina::window] window: surface 145 unresolved; skipping frame — the store EVICTED this surface at its cap and the guest is still presenting it. Permanent for this id: nothing re-publishes it.
[2026-08-16T12:11:27Z WARN  limina::window] window: surface 142 unresolved; skipping frame — the store EVICTED this surface at its cap and the guest is still presenting it. Permanent for this id: nothing re-publishes it.
[2026-08-16T12:11:27Z WARN  limina::window] window: surface 145 unresolved; skipping frame — the store EVICTED this surface at its cap and the guest is still presenting it. Permanent for this id: nothing re-publishes it.
[2026-08-16T12:11:27Z WARN  limina::window] window: surface 142 unresolved; skipping frame — the store EVICTED this surface at its cap and the guest is still presenting it. Permanent for this id: nothing re-publishes it.
[2026-08-16T12:11:27Z WARN  limina::window] window: surface 145 unresolved; skipping frame — the store EVICTED this surface at its cap and the guest is still presenting it. Permanent for this id: nothing re-publishes it.
[2026-08-16T12:11:27Z WARN  limina::window] window: surface 142 unresolved; skipping frame — the store EVICTED this surface at its cap and the guest is still presenting it. Permanent for this id: nothing re-publishes it.
[2026-08-16T12:11:27Z WARN  limina::window] window: surface 145 unresolved; skipping frame — the store EVICTED this surface at its cap and the guest is still presenting it. Permanent for this id: nothing re-publishes it.
[2026-08-16T12:11:27Z WARN  limina::window] window: surface 142 unresolved; skipping frame — the store EVICTED this surface at its cap and the guest is still presenting it. Permanent for this id: nothing re-publishes it.
[2026-08-16T12:11:27Z WARN  limina::window] window: surface 145 unresolved; skipping frame — the store EVICTED this surface at its cap and the guest is still presenting it. Permanent for this id: nothing re-publishes it.
[2026-08-16T12:11:27Z WARN  limina::window] window: surface 142 unresolved; skipping frame — the store EVICTED this surface at its cap and the guest is still presenting it. Permanent for this id: nothing re-publishes it.
[2026-08-16T12:11:27Z WARN  limina::window] window: surface 145 unresolved; skipping frame — the store EVICTED this surface at its cap and the guest is still presenting it. Permanent for this id: nothing re-publishes it.
[2026-08-16T12:11:27Z WARN  limina::window] window: surface 142 unresolved; skipping frame — the store EVICTED this surface at its cap and the guest is still presenting it. Permanent for this id: nothing re-publishes it.
[2026-08-16T12:11:27Z WARN  limina::window] window: surface 145 unresolved; skipping frame — the store EVICTED this surface at its cap and the guest is still presenting it. Permanent for this id: nothing re-publishes it.
[2026-08-16T12:11:27Z WARN  limina::window] window: surface 142 unresolved; skipping frame — the store EVICTED this surface at its cap and the guest is still presenting it. Permanent for this id: nothing re-publishes it.
[2026-08-16T12:11:27Z WARN  limina::window] window: surface 145 unresolved; skipping frame — the store EVICTED this surface at its cap and the guest is still presenting it. Permanent for this id: nothing re-publishes it.
[2026-08-16T12:11:27Z WARN  limina::window] window: surface 142 unresolved; skipping frame — the store EVICTED this surface at its cap and the guest is still presenting it. Permanent for this id: nothing re-publishes it.
[2026-08-16T12:11:27Z WARN  limina::window] window: surface 145 unresolved; skipping frame — the store EVICTED this surface at its cap and the guest is still presenting it. Permanent for this id: nothing re-publishes it.
[2026-08-16T12:11:27Z WARN  limina::window] window: surface 142 unresolved; skipping frame — the store EVICTED this surface at its cap and the guest is still presenting it. Permanent for this id: nothing re-publishes it.
[2026-08-16T12:11:27Z WARN  limina::window] window: surface 145 unresolved; skipping frame — the store EVICTED this surface at its cap and the guest is still presenting it. Permanent for this id: nothing re-publishes it.
[2026-08-16T12:11:27Z WARN  limina::window] window: surface 142 unresolved; skipping frame — the store EVICTED this surface at its cap and the guest is still presenting it. Permanent for this id: nothing re-publishes it.
[2026-08-16T12:11:27Z WARN  limina::window] window: surface 145 unresolved; skipping frame — the store EVICTED this surface at its cap and the guest is still presenting it. Permanent for this id: nothing re-publishes it.
[2026-08-16T12:11:27Z WARN  limina::window] window: surface 142 unresolved; skipping frame — the store EVICTED this surface at its cap and the guest is still presenting it. Permanent for this id: nothing re-publishes it.
[2026-08-16T12:11:27Z WARN  limina::window] window: surface 145 unresolved; skipping frame — the store EVICTED this surface at its cap and the guest is still presenting it. Permanent for this id: nothing re-publishes it.
[2026-08-16T12:11:27Z WARN  limina::window] window: surface 142 unresolved; skipping frame — the store EVICTED this surface at its cap and the guest is still presenting it. Permanent for this id: nothing re-publishes it.
[2026-08-16T12:11:27Z WARN  limina::window] window: surface 145 unresolved; skipping frame — the store EVICTED this surface at its cap and the guest is still presenting it. Permanent for this id: nothing re-publishes it.
[2026-08-16T12:11:27Z WARN  limina::window] window: surface 142 unresolved; skipping frame — the store EVICTED this surface at its cap and the guest is still presenting it. Permanent for this id: nothing re-publishes it.
[2026-08-16T12:11:28Z WARN  limina::window] window: surface 145 unresolved; skipping frame — the store EVICTED this surface at its cap and the guest is still presenting it. Permanent for this id: nothing re-publishes it.
[2026-08-16T12:11:28Z WARN  limina::window] window: surface 142 unresolved; skipping frame — the store EVICTED this surface at its cap and the guest is still presenting it. Permanent for this id: nothing re-publishes it.
[2026-08-16T12:11:28Z WARN  limina::window] window: surface 145 unresolved; skipping frame — the store EVICTED this surface at its cap and the guest is still presenting it. Permanent for this id: nothing re-publishes it.
[2026-08-16T12:11:28Z WARN  limina::window] window: surface 142 unresolved; skipping frame — the store EVICTED this surface at its cap and the guest is still presenting it. Permanent for this id: nothing re-publishes it.
[2026-08-16T12:11:28Z WARN  limina::window] window: surface 145 unresolved; skipping frame — the store EVICTED this surface at its cap and the guest is still presenting it. Permanent for this id: nothing re-publishes it.
[2026-08-16T12:11:28Z WARN  limina::window] window: surface 142 unresolved; skipping frame — the store EVICTED this surface at its cap and the guest is still presenting it. Permanent for this id: nothing re-publishes it.
[2026-08-16T12:11:28Z WARN  limina::window] window: surface 145 unresolved; skipping frame — the store EVICTED this surface at its cap and the guest is still presenting it. Permanent for this id: nothing re-publishes it.
[2026-08-16T12:11:28Z WARN  limina::window] window: surface 142 unresolved; skipping frame — the store EVICTED this surface at its cap and the guest is still presenting it. Permanent for this id: nothing re-publishes it.
[2026-08-16T12:11:28Z WARN  limina::window] window: surface 145 unresolved; skipping frame — the store EVICTED this surface at its cap and the guest is still presenting it. Permanent for this id: nothing re-publishes it.
[2026-08-16T12:11:28Z WARN  limina::window] window: surface 142 unresolved; skipping frame — the store EVICTED this surface at its cap and the guest is still presenting it. Permanent for this id: nothing re-publishes it.
[2026-08-16T12:11:28Z WARN  limina::window] window: surface 145 unresolved; skipping frame — the store EVICTED this surface at its cap and the guest is still presenting it. Permanent for this id: nothing re-publishes it.
[2026-08-16T12:11:28Z WARN  limina::window] window: surface 142 unresolved; skipping frame — the store EVICTED this surface at its cap and the guest is still presenting it. Permanent for this id: nothing re-publishes it.
[2026-08-16T12:11:28Z WARN  limina::window] window: surface 145 unresolved; skipping frame — the store EVICTED this surface at its cap and the guest is still presenting it. Permanent for this id: nothing re-publishes it.
[2026-08-16T12:11:28Z WARN  limina::window] window: surface 142 unresolved; skipping frame — the store EVICTED this surface at its cap and the guest is still presenting it. Permanent for this id: nothing re-publishes it.
[2026-08-16T12:11:28Z WARN  limina::window] window: surface 145 unresolved; skipping frame — the store EVICTED this surface at its cap and the guest is still presenting it. Permanent for this id: nothing re-publishes it.
[2026-08-16T12:11:28Z WARN  limina::window] window: surface 142 unresolved; skipping frame — the store EVICTED this surface at its cap and the guest is still presenting it. Permanent for this id: nothing re-publishes it.
[2026-08-16T12:11:28Z WARN  limina::window] window: surface 145 unresolved; skipping frame — the store EVICTED this surface at its cap and the guest is still presenting it. Permanent for this id: nothing re-publishes it.
[2026-08-16T12:11:28Z WARN  limina::window] window: surface 142 unresolved; skipping frame — the store EVICTED this surface at its cap and the guest is still presenting it. Permanent for this id: nothing re-publishes it.
[2026-08-16T12:11:28Z WARN  limina::window] window: surface 145 unresolved; skipping frame — the store EVICTED this surface at its cap and the guest is still presenting it. Permanent for this id: nothing re-publishes it.
[2026-08-16T12:11:28Z WARN  limina::window] window: surface 142 unresolved; skipping frame — the store EVICTED this surface at its cap and the guest is still presenting it. Permanent for this id: nothing re-publishes it.
[2026-08-16T12:11:28Z WARN  limina::window] window: surface 145 unresolved; skipping frame — the store EVICTED this surface at its cap and the guest is still presenting it. Permanent for this id: nothing re-publishes it.
[2026-08-16T12:11:28Z WARN  limina::window] window: surface 142 unresolved; skipping frame — the store EVICTED this surface at its cap and the guest is still presenting it. Permanent for this id: nothing re-publishes it.
[2026-08-16T12:11:28Z WARN  limina::window] window: surface 145 unresolved; skipping frame — the store EVICTED this surface at its cap and the guest is still presenting it. Permanent for this id: nothing re-publishes it.
[2026-08-16T12:11:28Z WARN  limina::window] window: surface 142 unresolved; skipping frame — the store EVICTED this surface at its cap and the guest is still presenting it. Permanent for this id: nothing re-publishes it.
[2026-08-16T12:11:28Z WARN  limina::window] window: surface 145 unresolved; skipping frame — the store EVICTED this surface at its cap and the guest is still presenting it. Permanent for this id: nothing re-publishes it.
[2026-08-16T12:11:28Z WARN  limina::window] window: surface 142 unresolved; skipping frame — the store EVICTED this surface at its cap and the guest is still presenting it. Permanent for this id: nothing re-publishes it.
[2026-08-16T12:11:28Z WARN  limina::window] window: surface 145 unresolved; skipping frame — the store EVICTED this surface at its cap and the guest is still presenting it. Permanent for this id: nothing re-publishes it.
[2026-08-16T12:11:28Z WARN  limina::window] window: surface 142 unresolved; skipping frame — the store EVICTED this surface at its cap and the guest is still presenting it. Permanent for this id: nothing re-publishes it.
[2026-08-16T12:11:28Z WARN  limina::window] window: surface 145 unresolved; skipping frame — the store EVICTED this surface at its cap and the guest is still presenting it. Permanent for this id: nothing re-publishes it.
[2026-08-16T12:11:28Z WARN  limina::window] window: surface 142 unresolved; skipping frame — the store EVICTED this surface at its cap and the guest is still presenting it. Permanent for this id: nothing re-publishes it.
[2026-08-16T12:11:28Z WARN  limina::window] window: surface 145 unresolved; skipping frame — the store EVICTED this surface at its cap and the guest is still presenting it. Permanent for this id: nothing re-publishes it.
[2026-08-16T12:11:28Z WARN  limina::window] window: surface 142 unresolved; skipping frame — the store EVICTED this surface at its cap and the guest is still presenting it. Permanent for this id: nothing re-publishes it.
[2026-08-16T12:11:28Z WARN  limina::window] window: surface 145 unresolved; skipping frame — the store EVICTED this surface at its cap and the guest is still presenting it. Permanent for this id: nothing re-publishes it.
[2026-08-16T12:11:28Z WARN  limina::window] window: surface 142 unresolved; skipping frame — the store EVICTED this surface at its cap and the guest is still presenting it. Permanent for this id: nothing re-publishes it.
[2026-08-16T12:11:28Z WARN  limina::window] window: surface 145 unresolved; skipping frame — the store EVICTED this surface at its cap and the guest is still presenting it. Permanent for this id: nothing re-publishes it.
[2026-08-16T12:11:28Z WARN  limina::window] window: surface 142 unresolved; skipping frame — the store EVICTED this surface at its cap and the guest is still presenting it. Permanent for this id: nothing re-publishes it.
[2026-08-16T12:11:28Z WARN  limina::window] window: surface 145 unresolved; skipping frame — the store EVICTED this surface at its cap and the guest is still presenting it. Permanent for this id: nothing re-publishes it.
[2026-08-16T12:11:28Z WARN  limina::window] window: surface 142 unresolved; skipping frame — the store EVICTED this surface at its cap and the guest is still presenting it. Permanent for this id: nothing re-publishes it.
[2026-08-16T12:11:28Z WARN  limina::window] window: surface 145 unresolved; skipping frame — the store EVICTED this surface at its cap and the guest is still presenting it. Permanent for this id: nothing re-publishes it.
[2026-08-16T12:11:28Z WARN  limina::window] window: surface 142 unresolved; skipping frame — the store EVICTED this surface at its cap and the guest is still presenting it. Permanent for this id: nothing re-publishes it.
[2026-08-16T12:11:28Z WARN  limina::window] window: surface 145 unresolved; skipping frame — the store EVICTED this surface at its cap and the guest is still presenting it. Permanent for this id: nothing re-publishes it.
[2026-08-16T12:11:28Z WARN  limina::window] window: surface 142 unresolved; skipping frame — the store EVICTED this surface at its cap and the guest is still presenting it. Permanent for this id: nothing re-publishes it.
[2026-08-16T12:11:28Z WARN  limina::window] window: surface 145 unresolved; skipping frame — the store EVICTED this surface at its cap and the guest is still presenting it. Permanent for this id: nothing re-publishes it.
[2026-08-16T12:11:28Z WARN  limina::window] window: surface 142 unresolved; skipping frame — the store EVICTED this surface at its cap and the guest is still presenting it. Permanent for this id: nothing re-publishes it.
[2026-08-16T12:11:28Z WARN  limina::window] window: surface 145 unresolved; skipping frame — the store EVICTED this surface at its cap and the guest is still presenting it. Permanent for this id: nothing re-publishes it.
[2026-08-16T12:11:28Z WARN  limina::window] window: surface 142 unresolved; skipping frame — the store EVICTED this surface at its cap and the guest is still presenting it. Permanent for this id: nothing re-publishes it.
[2026-08-16T12:11:28Z WARN  limina::window] window: surface 145 unresolved; skipping frame — the store EVICTED this surface at its cap and the guest is still presenting it. Permanent for this id: nothing re-publishes it.
[2026-08-16T12:11:28Z WARN  limina::window] window: surface 142 unresolved; skipping frame — the store EVICTED this surface at its cap and the guest is still presenting it. Permanent for this id: nothing re-publishes it.
[2026-08-16T12:11:28Z WARN  limina::window] window: surface 145 unresolved; skipping frame — the store EVICTED this surface at its cap and the guest is still presenting it. Permanent for this id: nothing re-publishes it.
[2026-08-16T12:11:28Z WARN  limina::window] window: surface 142 unresolved; skipping frame — the store EVICTED this surface at its cap and the guest is still presenting it. Permanent for this id: nothing re-publishes it.
[2026-08-16T12:11:28Z WARN  limina::window] window: surface 145 unresolved; skipping frame — the store EVICTED this surface at its cap and the guest is still presenting it. Permanent for this id: nothing re-publishes it.
[2026-08-16T12:11:28Z WARN  limina::window] window: surface 142 unresolved; skipping frame — the store EVICTED this surface at its cap and the guest is still presenting it. Permanent for this id: nothing re-publishes it.
[2026-08-16T12:11:28Z WARN  limina::window] window: surface 145 unresolved; skipping frame — the store EVICTED this surface at its cap and the guest is still presenting it. Permanent for this id: nothing re-publishes it.
[2026-08-16T12:11:28Z WARN  limina::window] window: surface 142 unresolved; skipping frame — the store EVICTED this surface at its cap and the guest is still presenting it. Permanent for this id: nothing re-publishes it.
[2026-08-16T12:11:28Z WARN  limina::window] window: surface 145 unresolved; skipping frame — the store EVICTED this surface at its cap and the guest is still presenting it. Permanent for this id: nothing re-publishes it.
[2026-08-16T12:11:28Z WARN  limina::window] window: surface 142 unresolved; skipping frame — the store EVICTED this surface at its cap and the guest is still presenting it. Permanent for this id: nothing re-publishes it.
[2026-08-16T12:11:28Z WARN  limina::window] window: surface 145 unresolved; skipping frame — the store EVICTED this surface at its cap and the guest is still presenting it. Permanent for this id: nothing re-publishes it.
[2026-08-16T12:11:28Z WARN  limina::window] window: surface 142 unresolved; skipping frame — the store EVICTED this surface at its cap and the guest is still presenting it. Permanent for this id: nothing re-publishes it.
[2026-08-16T12:11:28Z WARN  limina::window] window: surface 145 unresolved; skipping frame — the store EVICTED this surface at its cap and the guest is still presenting it. Permanent for this id: nothing re-publishes it.
[2026-08-16T12:11:28Z WARN  limina::window] window: surface 142 unresolved; skipping frame — the store EVICTED this surface at its cap and the guest is still presenting it. Permanent for this id: nothing re-publishes it.
[2026-08-16T12:11:29Z WARN  limina::window] window: surface 145 unresolved; skipping frame — the store EVICTED this surface at its cap and the guest is still presenting it. Permanent for this id: nothing re-publishes it.
[2026-08-16T12:11:29Z WARN  limina::window] window: surface 142 unresolved; skipping frame — the store EVICTED this surface at its cap and the guest is still presenting it. Permanent for this id: nothing re-publishes it.
[2026-08-16T12:11:29Z WARN  limina::window] window: surface 145 unresolved; skipping frame — the store EVICTED this surface at its cap and the guest is still presenting it. Permanent for this id: nothing re-publishes it.
[2026-08-16T12:11:29Z WARN  limina::window] window: surface 142 unresolved; skipping frame — the store EVICTED this surface at its cap and the guest is still presenting it. Permanent for this id: nothing re-publishes it.
[2026-08-16T12:11:29Z WARN  limina::window] window: surface 145 unresolved; skipping frame — the store EVICTED this surface at its cap and the guest is still presenting it. Permanent for this id: nothing re-publishes it.
[2026-08-16T12:11:29Z WARN  limina::window] window: surface 142 unresolved; skipping frame — the store EVICTED this surface at its cap and the guest is still presenting it. Permanent for this id: nothing re-publishes it.
[2026-08-16T12:11:29Z WARN  limina::window] window: surface 145 unresolved; skipping frame — the store EVICTED this surface at its cap and the guest is still presenting it. Permanent for this id: nothing re-publishes it.
[2026-08-16T12:11:29Z WARN  limina::window] window: surface 142 unresolved; skipping frame — the store EVICTED this surface at its cap and the guest is still presenting it. Permanent for this id: nothing re-publishes it.
[2026-08-16T12:11:29Z WARN  limina::window] window: surface 145 unresolved; skipping frame — the store EVICTED this surface at its cap and the guest is still presenting it. Permanent for this id: nothing re-publishes it.
[2026-08-16T12:11:29Z WARN  limina::window] window: surface 142 unresolved; skipping frame — the store EVICTED this surface at its cap and the guest is still presenting it. Permanent for this id: nothing re-publishes it.
[2026-08-16T12:11:29Z WARN  limina::window] window: surface 145 unresolved; skipping frame — the store EVICTED this surface at its cap and the guest is still presenting it. Permanent for this id: nothing re-publishes it.
[2026-08-16T12:11:29Z WARN  limina::window] window: surface 142 unresolved; skipping frame — the store EVICTED this surface at its cap and the guest is still presenting it. Permanent for this id: nothing re-publishes it.
[2026-08-16T12:11:29Z WARN  limina::window] window: surface 145 unresolved; skipping frame — the store EVICTED this surface at its cap and the guest is still presenting it. Permanent for this id: nothing re-publishes it.
[2026-08-16T12:11:29Z WARN  limina::window] window: surface 142 unresolved; skipping frame — the store EVICTED this surface at its cap and the guest is still presenting it. Permanent for this id: nothing re-publishes it.
[2026-08-16T12:11:29Z WARN  limina::window] window: surface 145 unresolved; skipping frame — the store EVICTED this surface at its cap and the guest is still presenting it. Permanent for this id: nothing re-publishes it.
[2026-08-16T12:11:29Z WARN  limina::window] window: surface 142 unresolved; skipping frame — the store EVICTED this surface at its cap and the guest is still presenting it. Permanent for this id: nothing re-publishes it.
[2026-08-16T12:11:29Z WARN  limina::window] window: surface 145 unresolved; skipping frame — the store EVICTED this surface at its cap and the guest is still presenting it. Permanent for this id: nothing re-publishes it.
[2026-08-16T12:11:29Z WARN  limina::window] window: surface 142 unresolved; skipping frame — the store EVICTED this surface at its cap and the guest is still presenting it. Permanent for this id: nothing re-publishes it.
[2026-08-16T12:11:29Z WARN  limina::window] window: surface 145 unresolved; skipping frame — the store EVICTED this surface at its cap and the guest is still presenting it. Permanent for this id: nothing re-publishes it.
[2026-08-16T12:11:29Z WARN  limina::window] window: surface 142 unresolved; skipping frame — the store EVICTED this surface at its cap and the guest is still presenting it. Permanent for this id: nothing re-publishes it.
[2026-08-16T12:11:29Z WARN  limina::window] window: surface 145 unresolved; skipping frame — the store EVICTED this surface at its cap and the guest is still presenting it. Permanent for this id: nothing re-publishes it.
[2026-08-16T12:11:29Z WARN  limina::window] window: surface 142 unresolved; skipping frame — the store EVICTED this surface at its cap and the guest is still presenting it. Permanent for this id: nothing re-publishes it.
[2026-08-16T12:11:29Z WARN  limina::window] window: surface 145 unresolved; skipping frame — the store EVICTED this surface at its cap and the guest is still presenting it. Permanent for this id: nothing re-publishes it.
[2026-08-16T12:11:29Z WARN  limina::window] window: surface 142 unresolved; skipping frame — the store EVICTED this surface at its cap and the guest is still presenting it. Permanent for this id: nothing re-publishes it.
[2026-08-16T12:11:29Z WARN  limina::window] window: surface 145 unresolved; skipping frame — the store EVICTED this surface at its cap and the guest is still presenting it. Permanent for this id: nothing re-publishes it.
[2026-08-16T12:11:29Z WARN  limina::window] window: surface 142 unresolved; skipping frame — the store EVICTED this surface at its cap and the guest is still presenting it. Permanent for this id: nothing re-publishes it.
[2026-08-16T12:11:29Z WARN  limina::window] window: surface 145 unresolved; skipping frame — the store EVICTED this surface at its cap and the guest is still presenting it. Permanent for this id: nothing re-publishes it.
[2026-08-16T12:11:29Z WARN  limina::window] window: surface 142 unresolved; skipping frame — the store EVICTED this surface at its cap and the guest is still presenting it. Permanent for this id: nothing re-publishes it.
[2026-08-16T12:11:29Z WARN  limina::window] window: surface 145 unresolved; skipping frame — the store EVICTED this surface at its cap and the guest is still presenting it. Permanent for this id: nothing re-publishes it.
[2026-08-16T12:11:29Z WARN  limina::window] window: surface 142 unresolved; skipping frame — the store EVICTED this surface at its cap and the guest is still presenting it. Permanent for this id: nothing re-publishes it.
[2026-08-16T12:11:29Z WARN  limina::window] window: surface 145 unresolved; skipping frame — the store EVICTED this surface at its cap and the guest is still presenting it. Permanent for this id: nothing re-publishes it.
[2026-08-16T12:11:29Z WARN  limina::window] window: surface 142 unresolved; skipping frame — the store EVICTED this surface at its cap and the guest is still presenting it. Permanent for this id: nothing re-publishes it.
[2026-08-16T12:11:29Z WARN  limina::window] window: surface 145 unresolved; skipping frame — the store EVICTED this surface at its cap and the guest is still presenting it. Permanent for this id: nothing re-publishes it.
[2026-08-16T12:11:29Z WARN  limina::window] window: surface 142 unresolved; skipping frame — the store EVICTED this surface at its cap and the guest is still presenting it. Permanent for this id: nothing re-publishes it.
[2026-08-16T12:11:29Z WARN  limina::window] window: surface 145 unresolved; skipping frame — the store EVICTED this surface at its cap and the guest is still presenting it. Permanent for this id: nothing re-publishes it.
[2026-08-16T12:11:29Z WARN  limina::window] window: surface 142 unresolved; skipping frame — the store EVICTED this surface at its cap and the guest is still presenting it. Permanent for this id: nothing re-publishes it.
[2026-08-16T12:11:29Z WARN  limina::window] window: surface 145 unresolved; skipping frame — the store EVICTED this surface at its cap and the guest is still presenting it. Permanent for this id: nothing re-publishes it.
[2026-08-16T12:11:29Z WARN  limina::window] window: surface 142 unresolved; skipping frame — the store EVICTED this surface at its cap and the guest is still presenting it. Permanent for this id: nothing re-publishes it.
[2026-08-16T12:11:29Z WARN  limina::window] window: surface 145 unresolved; skipping frame — the store EVICTED this surface at its cap and the guest is still presenting it. Permanent for this id: nothing re-publishes it.
[2026-08-16T12:11:29Z WARN  limina::window] window: surface 142 unresolved; skipping frame — the store EVICTED this surface at its cap and the guest is still presenting it. Permanent for this id: nothing re-publishes it.
[2026-08-16T12:11:29Z WARN  limina::window] window: surface 145 unresolved; skipping frame — the store EVICTED this surface at its cap and the guest is still presenting it. Permanent for this id: nothing re-publishes it.
[2026-08-16T12:11:29Z WARN  limina::window] window: surface 142 unresolved; skipping frame — the store EVICTED this surface at its cap and the guest is still presenting it. Permanent for this id: nothing re-publishes it.
[2026-08-16T12:11:29Z WARN  limina::window] window: surface 145 unresolved; skipping frame — the store EVICTED this surface at its cap and the guest is still presenting it. Permanent for this id: nothing re-publishes it.
[2026-08-16T12:11:29Z WARN  limina::window] window: surface 142 unresolved; skipping frame — the store EVICTED this surface at its cap and the guest is still presenting it. Permanent for this id: nothing re-publishes it.
[2026-08-16T12:11:29Z WARN  limina::window] window: surface 145 unresolved; skipping frame — the store EVICTED this surface at its cap and the guest is still presenting it. Permanent for this id: nothing re-publishes it.
[2026-08-16T12:11:29Z WARN  limina::window] window: surface 142 unresolved; skipping frame — the store EVICTED this surface at its cap and the guest is still presenting it. Permanent for this id: nothing re-publishes it.
[2026-08-16T12:11:29Z WARN  limina::window] window: surface 145 unresolved; skipping frame — the store EVICTED this surface at its cap and the guest is still presenting it. Permanent for this id: nothing re-publishes it.
[2026-08-16T12:11:29Z WARN  limina::window] window: surface 142 unresolved; skipping frame — the store EVICTED this surface at its cap and the guest is still presenting it. Permanent for this id: nothing re-publishes it.
[2026-08-16T12:11:29Z WARN  limina::window] window: surface 145 unresolved; skipping frame — the store EVICTED this surface at its cap and the guest is still presenting it. Permanent for this id: nothing re-publishes it.
[2026-08-16T12:11:29Z WARN  limina::window] window: surface 142 unresolved; skipping frame — the store EVICTED this surface at its cap and the guest is still presenting it. Permanent for this id: nothing re-publishes it.
[2026-08-16T12:11:29Z WARN  limina::window] window: surface 145 unresolved; skipping frame — the store EVICTED this surface at its cap and the guest is still presenting it. Permanent for this id: nothing re-publishes it.
[2026-08-16T12:11:29Z WARN  limina::window] window: surface 142 unresolved; skipping frame — the store EVICTED this surface at its cap and the guest is still presenting it. Permanent for this id: nothing re-publishes it.
[2026-08-16T12:11:29Z WARN  limina::window] window: surface 145 unresolved; skipping frame — the store EVICTED this surface at its cap and the guest is still presenting it. Permanent for this id: nothing re-publishes it.
[2026-08-16T12:11:29Z WARN  limina::window] window: surface 142 unresolved; skipping frame — the store EVICTED this surface at its cap and the guest is still presenting it. Permanent for this id: nothing re-publishes it.
[2026-08-16T12:11:29Z WARN  limina::window] window: surface 145 unresolved; skipping frame — the store EVICTED this surface at its cap and the guest is still presenting it. Permanent for this id: nothing re-publishes it.
[2026-08-16T12:11:29Z WARN  limina::window] window: surface 142 unresolved; skipping frame — the store EVICTED this surface at its cap and the guest is still presenting it. Permanent for this id: nothing re-publishes it.
[2026-08-16T12:11:29Z WARN  limina::window] window: surface 145 unresolved; skipping frame — the store EVICTED this surface at its cap and the guest is still presenting it. Permanent for this id: nothing re-publishes it.
[2026-08-16T12:11:29Z WARN  limina::window] window: surface 142 unresolved; skipping frame — the store EVICTED this surface at its cap and the guest is still presenting it. Permanent for this id: nothing re-publishes it.
[2026-08-16T12:11:29Z WARN  limina::window] window: surface 145 unresolved; skipping frame — the store EVICTED this surface at its cap and the guest is still presenting it. Permanent for this id: nothing re-publishes it.
[2026-08-16T12:11:29Z WARN  limina::window] window: surface 142 unresolved; skipping frame — the store EVICTED this surface at its cap and the guest is still presenting it. Permanent for this id: nothing re-publishes it.
[2026-08-16T12:11:30Z WARN  limina::window] window: surface 145 unresolved; skipping frame — the store EVICTED this surface at its cap and the guest is still presenting it. Permanent for this id: nothing re-publishes it.
[2026-08-16T12:11:30Z WARN  limina::window] window: surface 142 unresolved; skipping frame — the store EVICTED this surface at its cap and the guest is still presenting it. Permanent for this id: nothing re-publishes it.
[2026-08-16T12:11:30Z WARN  limina::window] window: surface 145 unresolved; skipping frame — the store EVICTED this surface at its cap and the guest is still presenting it. Permanent for this id: nothing re-publishes it.
[2026-08-16T12:11:30Z WARN  limina::window] window: surface 142 unresolved; skipping frame — the store EVICTED this surface at its cap and the guest is still presenting it. Permanent for this id: nothing re-publishes it.
[2026-08-16T12:11:30Z WARN  limina::window] window: surface 145 unresolved; skipping frame — the store EVICTED this surface at its cap and the guest is still presenting it. Permanent for this id: nothing re-publishes it.
[2026-08-16T12:11:30Z WARN  limina::window] window: surface 142 unresolved; skipping frame — the store EVICTED this surface at its cap and the guest is still presenting it. Permanent for this id: nothing re-publishes it.
[2026-08-16T12:11:30Z WARN  limina::window] window: surface 145 unresolved; skipping frame — the store EVICTED this surface at its cap and the guest is still presenting it. Permanent for this id: nothing re-publishes it.
[2026-08-16T12:11:30Z WARN  limina::window] window: surface 142 unresolved; skipping frame — the store EVICTED this surface at its cap and the guest is still presenting it. Permanent for this id: nothing re-publishes it.
[2026-08-16T12:11:30Z WARN  limina::window] window: surface 145 unresolved; skipping frame — the store EVICTED this surface at its cap and the guest is still presenting it. Permanent for this id: nothing re-publishes it.
[2026-08-16T12:11:30Z WARN  limina::window] window: surface 142 unresolved; skipping frame — the store EVICTED this surface at its cap and the guest is still presenting it. Permanent for this id: nothing re-publishes it.
[2026-08-16T12:11:30Z WARN  limina::window] window: surface 145 unresolved; skipping frame — the store EVICTED this surface at its cap and the guest is still presenting it. Permanent for this id: nothing re-publishes it.
[2026-08-16T12:11:30Z WARN  limina::window] window: surface 142 unresolved; skipping frame — the store EVICTED this surface at its cap and the guest is still presenting it. Permanent for this id: nothing re-publishes it.
[2026-08-16T12:11:30Z WARN  limina::window] window: surface 145 unresolved; skipping frame — the store EVICTED this surface at its cap and the guest is still presenting it. Permanent for this id: nothing re-publishes it.
[2026-08-16T12:11:30Z WARN  limina::window] window: surface 142 unresolved; skipping frame — the store EVICTED this surface at its cap and the guest is still presenting it. Permanent for this id: nothing re-publishes it.
[2026-08-16T12:11:30Z WARN  limina::window] window: surface 145 unresolved; skipping frame — the store EVICTED this surface at its cap and the guest is still presenting it. Permanent for this id: nothing re-publishes it.
[2026-08-16T12:11:30Z WARN  limina::window] window: surface 142 unresolved; skipping frame — the store EVICTED this surface at its cap and the guest is still presenting it. Permanent for this id: nothing re-publishes it.
[2026-08-16T12:11:30Z WARN  limina::window] window: surface 145 unresolved; skipping frame — the store EVICTED this surface at its cap and the guest is still presenting it. Permanent for this id: nothing re-publishes it.
[2026-08-16T12:11:30Z WARN  limina::window] window: surface 142 unresolved; skipping frame — the store EVICTED this surface at its cap and the guest is still presenting it. Permanent for this id: nothing re-publishes it.
[2026-08-16T12:11:30Z WARN  limina::window] window: surface 145 unresolved; skipping frame — the store EVICTED this surface at its cap and the guest is still presenting it. Permanent for this id: nothing re-publishes it.
[2026-08-16T12:11:30Z WARN  limina::window] window: surface 142 unresolved; skipping frame — the store EVICTED this surface at its cap and the guest is still presenting it. Permanent for this id: nothing re-publishes it.
[2026-08-16T12:11:30Z WARN  limina::window] window: surface 145 unresolved; skipping frame — the store EVICTED this surface at its cap and the guest is still presenting it. Permanent for this id: nothing re-publishes it.
[2026-08-16T12:11:30Z WARN  limina::window] window: surface 142 unresolved; skipping frame — the store EVICTED this surface at its cap and the guest is still presenting it. Permanent for this id: nothing re-publishes it.
[2026-08-16T12:11:30Z WARN  limina::window] window: surface 145 unresolved; skipping frame — the store EVICTED this surface at its cap and the guest is still presenting it. Permanent for this id: nothing re-publishes it.
[2026-08-16T12:11:30Z WARN  limina::window] window: surface 142 unresolved; skipping frame — the store EVICTED this surface at its cap and the guest is still presenting it. Permanent for this id: nothing re-publishes it.
[2026-08-16T12:11:30Z WARN  limina::window] window: surface 145 unresolved; skipping frame — the store EVICTED this surface at its cap and the guest is still presenting it. Permanent for this id: nothing re-publishes it.
[2026-08-16T12:11:30Z WARN  limina::window] window: surface 142 unresolved; skipping frame — the store EVICTED this surface at its cap and the guest is still presenting it. Permanent for this id: nothing re-publishes it.
[2026-08-16T12:11:30Z WARN  limina::window] window: surface 145 unresolved; skipping frame — the store EVICTED this surface at its cap and the guest is still presenting it. Permanent for this id: nothing re-publishes it.
[2026-08-16T12:11:30Z WARN  limina::window] window: surface 142 unresolved; skipping frame — the store EVICTED this surface at its cap and the guest is still presenting it. Permanent for this id: nothing re-publishes it.
[2026-08-16T12:11:30Z WARN  limina::window] window: surface 145 unresolved; skipping frame — the store EVICTED this surface at its cap and the guest is still presenting it. Permanent for this id: nothing re-publishes it.
[2026-08-16T12:11:30Z WARN  limina::window] window: surface 142 unresolved; skipping frame — the store EVICTED this surface at its cap and the guest is still presenting it. Permanent for this id: nothing re-publishes it.
[2026-08-16T12:11:30Z WARN  limina::window] window: surface 145 unresolved; skipping frame — the store EVICTED this surface at its cap and the guest is still presenting it. Permanent for this id: nothing re-publishes it.
[2026-08-16T12:11:30Z WARN  limina::window] window: surface 142 unresolved; skipping frame — the store EVICTED this surface at its cap and the guest is still presenting it. Permanent for this id: nothing re-publishes it.
[2026-08-16T12:11:30Z WARN  limina::window] window: surface 145 unresolved; skipping frame — the store EVICTED this surface at its cap and the guest is still presenting it. Permanent for this id: nothing re-publishes it.
[2026-08-16T12:11:30Z WARN  limina::window] window: surface 142 unresolved; skipping frame — the store EVICTED this surface at its cap and the guest is still presenting it. Permanent for this id: nothing re-publishes it.
[2026-08-16T12:11:30Z WARN  limina::window] window: surface 145 unresolved; skipping frame — the store EVICTED this surface at its cap and the guest is still presenting it. Permanent for this id: nothing re-publishes it.
[2026-08-16T12:11:30Z WARN  limina::window] window: surface 142 unresolved; skipping frame — the store EVICTED this surface at its cap and the guest is still presenting it. Permanent for this id: nothing re-publishes it.
[2026-08-16T12:11:30Z WARN  limina::window] window: surface 145 unresolved; skipping frame — the store EVICTED this surface at its cap and the guest is still presenting it. Permanent for this id: nothing re-publishes it.
[2026-08-16T12:11:30Z WARN  limina::window] window: surface 142 unresolved; skipping frame — the store EVICTED this surface at its cap and the guest is still presenting it. Permanent for this id: nothing re-publishes it.
[2026-08-16T12:11:30Z WARN  limina::window] window: surface 145 unresolved; skipping frame — the store EVICTED this surface at its cap and the guest is still presenting it. Permanent for this id: nothing re-publishes it.
[2026-08-16T12:11:30Z WARN  limina::window] window: surface 142 unresolved; skipping frame — the store EVICTED this surface at its cap and the guest is still presenting it. Permanent for this id: nothing re-publishes it.
[2026-08-16T12:11:30Z WARN  limina::window] window: surface 145 unresolved; skipping frame — the store EVICTED this surface at its cap and the guest is still presenting it. Permanent for this id: nothing re-publishes it.
[2026-08-16T12:11:30Z WARN  limina::window] window: surface 142 unresolved; skipping frame — the store EVICTED this surface at its cap and the guest is still presenting it. Permanent for this id: nothing re-publishes it.
[2026-08-16T12:11:30Z WARN  limina::window] window: surface 145 unresolved; skipping frame — the store EVICTED this surface at its cap and the guest is still presenting it. Permanent for this id: nothing re-publishes it.
[2026-08-16T12:11:30Z WARN  limina::window] window: surface 142 unresolved; skipping frame — the store EVICTED this surface at its cap and the guest is still presenting it. Permanent for this id: nothing re-publishes it.
[2026-08-16T12:11:30Z WARN  limina::window] window: surface 145 unresolved; skipping frame — the store EVICTED this surface at its cap and the guest is still presenting it. Permanent for this id: nothing re-publishes it.
[2026-08-16T12:11:30Z WARN  limina::window] window: surface 142 unresolved; skipping frame — the store EVICTED this surface at its cap and the guest is still presenting it. Permanent for this id: nothing re-publishes it.
[2026-08-16T12:11:30Z WARN  limina::window] window: surface 145 unresolved; skipping frame — the store EVICTED this surface at its cap and the guest is still presenting it. Permanent for this id: nothing re-publishes it.
[2026-08-16T12:11:30Z WARN  limina::window] window: surface 142 unresolved; skipping frame — the store EVICTED this surface at its cap and the guest is still presenting it. Permanent for this id: nothing re-publishes it.
[2026-08-16T12:11:30Z WARN  limina::window] window: surface 145 unresolved; skipping frame — the store EVICTED this surface at its cap and the guest is still presenting it. Permanent for this id: nothing re-publishes it.
[2026-08-16T12:11:30Z WARN  limina::window] window: surface 142 unresolved; skipping frame — the store EVICTED this surface at its cap and the guest is still presenting it. Permanent for this id: nothing re-publishes it.
[2026-08-16T12:11:30Z WARN  limina::window] window: surface 145 unresolved; skipping frame — the store EVICTED this surface at its cap and the guest is still presenting it. Permanent for this id: nothing re-publishes it.
[2026-08-16T12:11:30Z WARN  limina::window] window: surface 142 unresolved; skipping frame — the store EVICTED this surface at its cap and the guest is still presenting it. Permanent for this id: nothing re-publishes it.
[2026-08-16T12:11:30Z WARN  limina::window] window: surface 145 unresolved; skipping frame — the store EVICTED this surface at its cap and the guest is still presenting it. Permanent for this id: nothing re-publishes it.
[2026-08-16T12:11:30Z WARN  limina::window] window: surface 142 unresolved; skipping frame — the store EVICTED this surface at its cap and the guest is still presenting it. Permanent for this id: nothing re-publishes it.
[2026-08-16T12:11:30Z WARN  limina::window] window: surface 145 unresolved; skipping frame — the store EVICTED this surface at its cap and the guest is still presenting it. Permanent for this id: nothing re-publishes it.
[2026-08-16T12:11:30Z WARN  limina::window] window: surface 142 unresolved; skipping frame — the store EVICTED this surface at its cap and the guest is still presenting it. Permanent for this id: nothing re-publishes it.
[2026-08-16T12:11:30Z WARN  limina::window] window: surface 145 unresolved; skipping frame — the store EVICTED this surface at its cap and the guest is still presenting it. Permanent for this id: nothing re-publishes it.
[2026-08-16T12:11:30Z WARN  limina::window] window: surface 142 unresolved; skipping frame — the store EVICTED this surface at its cap and the guest is still presenting it. Permanent for this id: nothing re-publishes it.
[2026-08-16T12:11:30Z WARN  limina::window] window: surface 145 unresolved; skipping frame — the store EVICTED this surface at its cap and the guest is still presenting it. Permanent for this id: nothing re-publishes it.
[2026-08-16T12:11:30Z WARN  limina::window] window: surface 142 unresolved; skipping frame — the store EVICTED this surface at its cap and the guest is still presenting it. Permanent for this id: nothing re-publishes it.
[2026-08-16T12:11:31Z WARN  limina::window] window: surface 145 unresolved; skipping frame — the store EVICTED this surface at its cap and the guest is still presenting it. Permanent for this id: nothing re-publishes it.
[2026-08-16T12:11:31Z WARN  limina::window] window: surface 142 unresolved; skipping frame — the store EVICTED this surface at its cap and the guest is still presenting it. Permanent for this id: nothing re-publishes it.
[2026-08-16T12:11:31Z WARN  limina::window] window: surface 145 unresolved; skipping frame — the store EVICTED this surface at its cap and the guest is still presenting it. Permanent for this id: nothing re-publishes it.
[2026-08-16T12:11:31Z WARN  limina::window] window: surface 142 unresolved; skipping frame — the store EVICTED this surface at its cap and the guest is still presenting it. Permanent for this id: nothing re-publishes it.
[2026-08-16T12:11:31Z WARN  limina::window] window: surface 145 unresolved; skipping frame — the store EVICTED this surface at its cap and the guest is still presenting it. Permanent for this id: nothing re-publishes it.
[2026-08-16T12:11:31Z WARN  limina::window] window: surface 142 unresolved; skipping frame — the store EVICTED this surface at its cap and the guest is still presenting it. Permanent for this id: nothing re-publishes it.
[2026-08-16T12:11:31Z WARN  limina::window] window: surface 145 unresolved; skipping frame — the store EVICTED this surface at its cap and the guest is still presenting it. Permanent for this id: nothing re-publishes it.
[2026-08-16T12:11:31Z WARN  limina::window] window: surface 142 unresolved; skipping frame — the store EVICTED this surface at its cap and the guest is still presenting it. Permanent for this id: nothing re-publishes it.
[2026-08-16T12:11:31Z WARN  limina::window] window: surface 145 unresolved; skipping frame — the store EVICTED this surface at its cap and the guest is still presenting it. Permanent for this id: nothing re-publishes it.
[2026-08-16T12:11:31Z WARN  limina::window] window: surface 142 unresolved; skipping frame — the store EVICTED this surface at its cap and the guest is still presenting it. Permanent for this id: nothing re-publishes it.
[2026-08-16T12:11:31Z WARN  limina::window] window: surface 145 unresolved; skipping frame — the store EVICTED this surface at its cap and the guest is still presenting it. Permanent for this id: nothing re-publishes it.
[2026-08-16T12:11:31Z WARN  limina::window] window: surface 142 unresolved; skipping frame — the store EVICTED this surface at its cap and the guest is still presenting it. Permanent for this id: nothing re-publishes it.
[2026-08-16T12:11:31Z WARN  limina::window] window: surface 145 unresolved; skipping frame — the store EVICTED this surface at its cap and the guest is still presenting it. Permanent for this id: nothing re-publishes it.
[2026-08-16T12:11:31Z WARN  limina::window] window: surface 142 unresolved; skipping frame — the store EVICTED this surface at its cap and the guest is still presenting it. Permanent for this id: nothing re-publishes it.
[2026-08-16T12:11:31Z WARN  limina::window] window: surface 145 unresolved; skipping frame — the store EVICTED this surface at its cap and the guest is still presenting it. Permanent for this id: nothing re-publishes it.
[2026-08-16T12:11:31Z WARN  limina::window] window: surface 142 unresolved; skipping frame — the store EVICTED this surface at its cap and the guest is still presenting it. Permanent for this id: nothing re-publishes it.
[2026-08-16T12:11:31Z WARN  limina::window] window: surface 145 unresolved; skipping frame — the store EVICTED this surface at its cap and the guest is still presenting it. Permanent for this id: nothing re-publishes it.
[2026-08-16T12:11:31Z WARN  limina::window] window: surface 142 unresolved; skipping frame — the store EVICTED this surface at its cap and the guest is still presenting it. Permanent for this id: nothing re-publishes it.
[2026-08-16T12:11:31Z WARN  limina::window] window: surface 145 unresolved; skipping frame — the store EVICTED this surface at its cap and the guest is still presenting it. Permanent for this id: nothing re-publishes it.
[2026-08-16T12:11:31Z WARN  limina::window] window: surface 142 unresolved; skipping frame — the store EVICTED this surface at its cap and the guest is still presenting it. Permanent for this id: nothing re-publishes it.
[2026-08-16T12:11:31Z WARN  limina::window] window: surface 145 unresolved; skipping frame — the store EVICTED this surface at its cap and the guest is still presenting it. Permanent for this id: nothing re-publishes it.
[2026-08-16T12:11:31Z WARN  limina::window] window: surface 142 unresolved; skipping frame — the store EVICTED this surface at its cap and the guest is still presenting it. Permanent for this id: nothing re-publishes it.
[2026-08-16T12:11:31Z WARN  limina::window] window: surface 145 unresolved; skipping frame — the store EVICTED this surface at its cap and the guest is still presenting it. Permanent for this id: nothing re-publishes it.
[2026-08-16T12:11:31Z WARN  limina::window] window: surface 142 unresolved; skipping frame — the store EVICTED this surface at its cap and the guest is still presenting it. Permanent for this id: nothing re-publishes it.
[2026-08-16T12:11:31Z WARN  limina::window] window: surface 145 unresolved; skipping frame — the store EVICTED this surface at its cap and the guest is still presenting it. Permanent for this id: nothing re-publishes it.
[2026-08-16T12:11:31Z WARN  limina::window] window: surface 142 unresolved; skipping frame — the store EVICTED this surface at its cap and the guest is still presenting it. Permanent for this id: nothing re-publishes it.
[2026-08-16T12:11:31Z WARN  limina::window] window: surface 145 unresolved; skipping frame — the store EVICTED this surface at its cap and the guest is still presenting it. Permanent for this id: nothing re-publishes it.
[2026-08-16T12:11:31Z WARN  limina::window] window: surface 142 unresolved; skipping frame — the store EVICTED this surface at its cap and the guest is still presenting it. Permanent for this id: nothing re-publishes it.
[2026-08-16T12:11:31Z WARN  limina::window] window: surface 145 unresolved; skipping frame — the store EVICTED this surface at its cap and the guest is still presenting it. Permanent for this id: nothing re-publishes it.
[2026-08-16T12:11:31Z WARN  limina::window] window: surface 142 unresolved; skipping frame — the store EVICTED this surface at its cap and the guest is still presenting it. Permanent for this id: nothing re-publishes it.
[2026-08-16T12:11:31Z WARN  limina::window] window: surface 145 unresolved; skipping frame — the store EVICTED this surface at its cap and the guest is still presenting it. Permanent for this id: nothing re-publishes it.
[2026-08-16T12:11:31Z WARN  limina::window] window: surface 142 unresolved; skipping frame — the store EVICTED this surface at its cap and the guest is still presenting it. Permanent for this id: nothing re-publishes it.
[2026-08-16T12:11:31Z WARN  limina::window] window: surface 145 unresolved; skipping frame — the store EVICTED this surface at its cap and the guest is still presenting it. Permanent for this id: nothing re-publishes it.
[2026-08-16T12:11:31Z WARN  limina::window] window: surface 142 unresolved; skipping frame — the store EVICTED this surface at its cap and the guest is still presenting it. Permanent for this id: nothing re-publishes it.
[2026-08-16T12:11:31Z WARN  limina::window] window: surface 145 unresolved; skipping frame — the store EVICTED this surface at its cap and the guest is still presenting it. Permanent for this id: nothing re-publishes it.
[2026-08-16T12:11:31Z WARN  limina::window] window: surface 142 unresolved; skipping frame — the store EVICTED this surface at its cap and the guest is still presenting it. Permanent for this id: nothing re-publishes it.
[2026-08-16T12:11:31Z WARN  limina::window] window: surface 145 unresolved; skipping frame — the store EVICTED this surface at its cap and the guest is still presenting it. Permanent for this id: nothing re-publishes it.
[2026-08-16T12:11:31Z WARN  limina::window] window: surface 142 unresolved; skipping frame — the store EVICTED this surface at its cap and the guest is still presenting it. Permanent for this id: nothing re-publishes it.
[2026-08-16T12:11:31Z WARN  limina::window] window: surface 145 unresolved; skipping frame — the store EVICTED this surface at its cap and the guest is still presenting it. Permanent for this id: nothing re-publishes it.
[2026-08-16T12:11:31Z WARN  limina::window] window: surface 142 unresolved; skipping frame — the store EVICTED this surface at its cap and the guest is still presenting it. Permanent for this id: nothing re-publishes it.
[2026-08-16T12:11:31Z WARN  limina::window] window: surface 145 unresolved; skipping frame — the store EVICTED this surface at its cap and the guest is still presenting it. Permanent for this id: nothing re-publishes it.
[2026-08-16T12:11:31Z WARN  limina::window] window: surface 142 unresolved; skipping frame — the store EVICTED this surface at its cap and the guest is still presenting it. Permanent for this id: nothing re-publishes it.
[2026-08-16T12:11:31Z WARN  limina::window] window: surface 145 unresolved; skipping frame — the store EVICTED this surface at its cap and the guest is still presenting it. Permanent for this id: nothing re-publishes it.
[2026-08-16T12:11:31Z WARN  limina::window] window: surface 142 unresolved; skipping frame — the store EVICTED this surface at its cap and the guest is still presenting it. Permanent for this id: nothing re-publishes it.
[2026-08-16T12:11:31Z WARN  limina::window] window: surface 145 unresolved; skipping frame — the store EVICTED this surface at its cap and the guest is still presenting it. Permanent for this id: nothing re-publishes it.
[2026-08-16T12:11:31Z WARN  limina::window] window: surface 142 unresolved; skipping frame — the store EVICTED this surface at its cap and the guest is still presenting it. Permanent for this id: nothing re-publishes it.
[2026-08-16T12:11:31Z WARN  limina::window] window: surface 145 unresolved; skipping frame — the store EVICTED this surface at its cap and the guest is still presenting it. Permanent for this id: nothing re-publishes it.
[2026-08-16T12:11:31Z WARN  limina::window] window: surface 142 unresolved; skipping frame — the store EVICTED this surface at its cap and the guest is still presenting it. Permanent for this id: nothing re-publishes it.
[2026-08-16T12:11:31Z WARN  limina::window] window: surface 145 unresolved; skipping frame — the store EVICTED this surface at its cap and the guest is still presenting it. Permanent for this id: nothing re-publishes it.
[2026-08-16T12:11:31Z WARN  limina::window] window: surface 142 unresolved; skipping frame — the store EVICTED this surface at its cap and the guest is still presenting it. Permanent for this id: nothing re-publishes it.
[2026-08-16T12:11:31Z WARN  limina::window] window: surface 145 unresolved; skipping frame — the store EVICTED this surface at its cap and the guest is still presenting it. Permanent for this id: nothing re-publishes it.
[2026-08-16T12:11:31Z WARN  limina::window] window: surface 142 unresolved; skipping frame — the store EVICTED this surface at its cap and the guest is still presenting it. Permanent for this id: nothing re-publishes it.
[2026-08-16T12:11:31Z WARN  limina::window] window: surface 145 unresolved; skipping frame — the store EVICTED this surface at its cap and the guest is still presenting it. Permanent for this id: nothing re-publishes it.
[2026-08-16T12:11:31Z WARN  limina::window] window: surface 142 unresolved; skipping frame — the store EVICTED this surface at its cap and the guest is still presenting it. Permanent for this id: nothing re-publishes it.
[2026-08-16T12:11:31Z WARN  limina::window] window: surface 145 unresolved; skipping frame — the store EVICTED this surface at its cap and the guest is still presenting it. Permanent for this id: nothing re-publishes it.
[2026-08-16T12:11:31Z WARN  limina::window] window: surface 142 unresolved; skipping frame — the store EVICTED this surface at its cap and the guest is still presenting it. Permanent for this id: nothing re-publishes it.
[2026-08-16T12:11:31Z WARN  limina::window] window: surface 145 unresolved; skipping frame — the store EVICTED this surface at its cap and the guest is still presenting it. Permanent for this id: nothing re-publishes it.
[2026-08-16T12:11:31Z WARN  limina::window] window: surface 142 unresolved; skipping frame — the store EVICTED this surface at its cap and the guest is still presenting it. Permanent for this id: nothing re-publishes it.
[2026-08-16T12:11:31Z WARN  limina::window] window: surface 145 unresolved; skipping frame — the store EVICTED this surface at its cap and the guest is still presenting it. Permanent for this id: nothing re-publishes it.
[2026-08-16T12:11:31Z WARN  limina::window] window: surface 142 unresolved; skipping frame — the store EVICTED this surface at its cap and the guest is still presenting it. Permanent for this id: nothing re-publishes it.
[2026-08-16T12:11:32Z WARN  limina::window] window: surface 145 unresolved; skipping frame — the store EVICTED this surface at its cap and the guest is still presenting it. Permanent for this id: nothing re-publishes it.
[2026-08-16T12:11:32Z WARN  limina::window] window: surface 142 unresolved; skipping frame — the store EVICTED this surface at its cap and the guest is still presenting it. Permanent for this id: nothing re-publishes it.
[2026-08-16T12:11:32Z WARN  limina::window] window: surface 145 unresolved; skipping frame — the store EVICTED this surface at its cap and the guest is still presenting it. Permanent for this id: nothing re-publishes it.
[2026-08-16T12:11:32Z WARN  limina::window] window: surface 142 unresolved; skipping frame — the store EVICTED this surface at its cap and the guest is still presenting it. Permanent for this id: nothing re-publishes it.
[2026-08-16T12:11:32Z WARN  limina::window] window: surface 145 unresolved; skipping frame — the store EVICTED this surface at its cap and the guest is still presenting it. Permanent for this id: nothing re-publishes it.
[2026-08-16T12:11:32Z WARN  limina::window] window: surface 142 unresolved; skipping frame — the store EVICTED this surface at its cap and the guest is still presenting it. Permanent for this id: nothing re-publishes it.
[2026-08-16T12:11:32Z WARN  limina::window] window: surface 145 unresolved; skipping frame — the store EVICTED this surface at its cap and the guest is still presenting it. Permanent for this id: nothing re-publishes it.
[2026-08-16T12:11:32Z WARN  limina::window] window: surface 142 unresolved; skipping frame — the store EVICTED this surface at its cap and the guest is still presenting it. Permanent for this id: nothing re-publishes it.
[2026-08-16T12:11:32Z WARN  limina::window] window: surface 145 unresolved; skipping frame — the store EVICTED this surface at its cap and the guest is still presenting it. Permanent for this id: nothing re-publishes it.
[2026-08-16T12:11:32Z WARN  limina::window] window: surface 142 unresolved; skipping frame — the store EVICTED this surface at its cap and the guest is still presenting it. Permanent for this id: nothing re-publishes it.
[2026-08-16T12:11:32Z WARN  limina::window] window: surface 145 unresolved; skipping frame — the store EVICTED this surface at its cap and the guest is still presenting it. Permanent for this id: nothing re-publishes it.
[2026-08-16T12:11:32Z WARN  limina::window] window: surface 142 unresolved; skipping frame — the store EVICTED this surface at its cap and the guest is still presenting it. Permanent for this id: nothing re-publishes it.
[2026-08-16T12:11:32Z WARN  limina::window] window: surface 145 unresolved; skipping frame — the store EVICTED this surface at its cap and the guest is still presenting it. Permanent for this id: nothing re-publishes it.
[2026-08-16T12:11:32Z WARN  limina::window] window: surface 142 unresolved; skipping frame — the store EVICTED this surface at its cap and the guest is still presenting it. Permanent for this id: nothing re-publishes it.
[2026-08-16T12:11:32Z WARN  limina::window] window: surface 145 unresolved; skipping frame — the store EVICTED this surface at its cap and the guest is still presenting it. Permanent for this id: nothing re-publishes it.
[2026-08-16T12:11:32Z WARN  limina::window] window: surface 142 unresolved; skipping frame — the store EVICTED this surface at its cap and the guest is still presenting it. Permanent for this id: nothing re-publishes it.
[2026-08-16T12:11:32Z WARN  limina::window] window: surface 145 unresolved; skipping frame — the store EVICTED this surface at its cap and the guest is still presenting it. Permanent for this id: nothing re-publishes it.
[2026-08-16T12:11:32Z WARN  limina::window] window: surface 142 unresolved; skipping frame — the store EVICTED this surface at its cap and the guest is still presenting it. Permanent for this id: nothing re-publishes it.
[2026-08-16T12:11:32Z WARN  limina::window] window: surface 145 unresolved; skipping frame — the store EVICTED this surface at its cap and the guest is still presenting it. Permanent for this id: nothing re-publishes it.
[2026-08-16T12:11:32Z WARN  limina::window] window: surface 142 unresolved; skipping frame — the store EVICTED this surface at its cap and the guest is still presenting it. Permanent for this id: nothing re-publishes it.
[2026-08-16T12:11:32Z WARN  limina::window] window: surface 145 unresolved; skipping frame — the store EVICTED this surface at its cap and the guest is still presenting it. Permanent for this id: nothing re-publishes it.
[2026-08-16T12:11:32Z WARN  limina::window] window: surface 142 unresolved; skipping frame — the store EVICTED this surface at its cap and the guest is still presenting it. Permanent for this id: nothing re-publishes it.
[2026-08-16T12:11:32Z WARN  limina::window] window: surface 145 unresolved; skipping frame — the store EVICTED this surface at its cap and the guest is still presenting it. Permanent for this id: nothing re-publishes it.
[2026-08-16T12:11:32Z WARN  limina::window] window: surface 142 unresolved; skipping frame — the store EVICTED this surface at its cap and the guest is still presenting it. Permanent for this id: nothing re-publishes it.
[2026-08-16T12:11:32Z WARN  limina::window] window: surface 145 unresolved; skipping frame — the store EVICTED this surface at its cap and the guest is still presenting it. Permanent for this id: nothing re-publishes it.
[2026-08-16T12:11:32Z WARN  limina::window] window: surface 142 unresolved; skipping frame — the store EVICTED this surface at its cap and the guest is still presenting it. Permanent for this id: nothing re-publishes it.
[2026-08-16T12:11:32Z WARN  limina::window] window: surface 145 unresolved; skipping frame — the store EVICTED this surface at its cap and the guest is still presenting it. Permanent for this id: nothing re-publishes it.
[2026-08-16T12:11:32Z WARN  limina::window] window: surface 142 unresolved; skipping frame — the store EVICTED this surface at its cap and the guest is still presenting it. Permanent for this id: nothing re-publishes it.
[2026-08-16T12:11:32Z WARN  limina::window] window: surface 145 unresolved; skipping frame — the store EVICTED this surface at its cap and the guest is still presenting it. Permanent for this id: nothing re-publishes it.
[2026-08-16T12:11:32Z WARN  limina::window] window: surface 142 unresolved; skipping frame — the store EVICTED this surface at its cap and the guest is still presenting it. Permanent for this id: nothing re-publishes it.
[2026-08-16T12:11:32Z WARN  limina::window] window: surface 145 unresolved; skipping frame — the store EVICTED this surface at its cap and the guest is still presenting it. Permanent for this id: nothing re-publishes it.
[2026-08-16T12:11:32Z WARN  limina::window] window: surface 142 unresolved; skipping frame — the store EVICTED this surface at its cap and the guest is still presenting it. Permanent for this id: nothing re-publishes it.
[2026-08-16T12:11:32Z WARN  limina::window] window: surface 145 unresolved; skipping frame — the store EVICTED this surface at its cap and the guest is still presenting it. Permanent for this id: nothing re-publishes it.
[2026-08-16T12:11:32Z WARN  limina::window] window: surface 142 unresolved; skipping frame — the store EVICTED this surface at its cap and the guest is still presenting it. Permanent for this id: nothing re-publishes it.
[2026-08-16T12:11:32Z WARN  limina::window] window: surface 145 unresolved; skipping frame — the store EVICTED this surface at its cap and the guest is still presenting it. Permanent for this id: nothing re-publishes it.
[2026-08-16T12:11:32Z WARN  limina::window] window: surface 142 unresolved; skipping frame — the store EVICTED this surface at its cap and the guest is still presenting it. Permanent for this id: nothing re-publishes it.
[2026-08-16T12:11:32Z WARN  limina::window] window: surface 145 unresolved; skipping frame — the store EVICTED this surface at its cap and the guest is still presenting it. Permanent for this id: nothing re-publishes it.
[2026-08-16T12:11:32Z WARN  limina::window] window: surface 142 unresolved; skipping frame — the store EVICTED this surface at its cap and the guest is still presenting it. Permanent for this id: nothing re-publishes it.
[2026-08-16T12:11:32Z WARN  limina::window] window: surface 145 unresolved; skipping frame — the store EVICTED this surface at its cap and the guest is still presenting it. Permanent for this id: nothing re-publishes it.
[2026-08-16T12:11:32Z WARN  limina::window] window: surface 142 unresolved; skipping frame — the store EVICTED this surface at its cap and the guest is still presenting it. Permanent for this id: nothing re-publishes it.
[2026-08-16T12:11:32Z WARN  limina::window] window: surface 145 unresolved; skipping frame — the store EVICTED this surface at its cap and the guest is still presenting it. Permanent for this id: nothing re-publishes it.
[2026-08-16T12:11:32Z WARN  limina::window] window: surface 142 unresolved; skipping frame — the store EVICTED this surface at its cap and the guest is still presenting it. Permanent for this id: nothing re-publishes it.
[2026-08-16T12:11:32Z WARN  limina::window] window: surface 145 unresolved; skipping frame — the store EVICTED this surface at its cap and the guest is still presenting it. Permanent for this id: nothing re-publishes it.
[2026-08-16T12:11:32Z WARN  limina::window] window: surface 142 unresolved; skipping frame — the store EVICTED this surface at its cap and the guest is still presenting it. Permanent for this id: nothing re-publishes it.
[2026-08-16T12:11:32Z WARN  limina::window] window: surface 145 unresolved; skipping frame — the store EVICTED this surface at its cap and the guest is still presenting it. Permanent for this id: nothing re-publishes it.
[2026-08-16T12:11:32Z WARN  limina::window] window: surface 142 unresolved; skipping frame — the store EVICTED this surface at its cap and the guest is still presenting it. Permanent for this id: nothing re-publishes it.
[2026-08-16T12:11:32Z WARN  limina::window] window: surface 145 unresolved; skipping frame — the store EVICTED this surface at its cap and the guest is still presenting it. Permanent for this id: nothing re-publishes it.
[2026-08-16T12:11:32Z WARN  limina::window] window: surface 142 unresolved; skipping frame — the store EVICTED this surface at its cap and the guest is still presenting it. Permanent for this id: nothing re-publishes it.
[2026-08-16T12:11:32Z WARN  limina::window] window: surface 145 unresolved; skipping frame — the store EVICTED this surface at its cap and the guest is still presenting it. Permanent for this id: nothing re-publishes it.
[2026-08-16T12:11:32Z WARN  limina::window] window: surface 142 unresolved; skipping frame — the store EVICTED this surface at its cap and the guest is still presenting it. Permanent for this id: nothing re-publishes it.
[2026-08-16T12:11:32Z WARN  limina::window] window: surface 145 unresolved; skipping frame — the store EVICTED this surface at its cap and the guest is still presenting it. Permanent for this id: nothing re-publishes it.
[2026-08-16T12:11:32Z WARN  limina::window] window: surface 142 unresolved; skipping frame — the store EVICTED this surface at its cap and the guest is still presenting it. Permanent for this id: nothing re-publishes it.
[2026-08-16T12:11:32Z WARN  limina::window] window: surface 145 unresolved; skipping frame — the store EVICTED this surface at its cap and the guest is still presenting it. Permanent for this id: nothing re-publishes it.
[2026-08-16T12:11:32Z WARN  limina::window] window: surface 142 unresolved; skipping frame — the store EVICTED this surface at its cap and the guest is still presenting it. Permanent for this id: nothing re-publishes it.
[2026-08-16T12:11:32Z WARN  limina::window] window: surface 145 unresolved; skipping frame — the store EVICTED this surface at its cap and the guest is still presenting it. Permanent for this id: nothing re-publishes it.
[2026-08-16T12:11:32Z WARN  limina::window] window: surface 142 unresolved; skipping frame — the store EVICTED this surface at its cap and the guest is still presenting it. Permanent for this id: nothing re-publishes it.
[2026-08-16T12:11:32Z WARN  limina::window] window: surface 145 unresolved; skipping frame — the store EVICTED this surface at its cap and the guest is still presenting it. Permanent for this id: nothing re-publishes it.
[2026-08-16T12:11:32Z WARN  limina::window] window: surface 142 unresolved; skipping frame — the store EVICTED this surface at its cap and the guest is still presenting it. Permanent for this id: nothing re-publishes it.
[2026-08-16T12:11:32Z WARN  limina::window] window: surface 145 unresolved; skipping frame — the store EVICTED this surface at its cap and the guest is still presenting it. Permanent for this id: nothing re-publishes it.
[2026-08-16T12:11:32Z WARN  limina::window] window: surface 142 unresolved; skipping frame — the store EVICTED this surface at its cap and the guest is still presenting it. Permanent for this id: nothing re-publishes it.
[2026-08-16T12:11:33Z WARN  limina::window] window: surface 145 unresolved; skipping frame — the store EVICTED this surface at its cap and the guest is still presenting it. Permanent for this id: nothing re-publishes it.
[2026-08-16T12:11:33Z WARN  limina::window] window: surface 142 unresolved; skipping frame — the store EVICTED this surface at its cap and the guest is still presenting it. Permanent for this id: nothing re-publishes it.
[2026-08-16T12:11:33Z WARN  limina::window] window: surface 145 unresolved; skipping frame — the store EVICTED this surface at its cap and the guest is still presenting it. Permanent for this id: nothing re-publishes it.
[2026-08-16T12:11:33Z WARN  limina::window] window: surface 142 unresolved; skipping frame — the store EVICTED this surface at its cap and the guest is still presenting it. Permanent for this id: nothing re-publishes it.
[2026-08-16T12:11:33Z WARN  limina::window] window: surface 145 unresolved; skipping frame — the store EVICTED this surface at its cap and the guest is still presenting it. Permanent for this id: nothing re-publishes it.
[2026-08-16T12:11:33Z WARN  limina::window] window: surface 142 unresolved; skipping frame — the store EVICTED this surface at its cap and the guest is still presenting it. Permanent for this id: nothing re-publishes it.
[2026-08-16T12:11:33Z WARN  limina::window] window: surface 145 unresolved; skipping frame — the store EVICTED this surface at its cap and the guest is still presenting it. Permanent for this id: nothing re-publishes it.
[2026-08-16T12:11:33Z WARN  limina::window] window: surface 142 unresolved; skipping frame — the store EVICTED this surface at its cap and the guest is still presenting it. Permanent for this id: nothing re-publishes it.
[2026-08-16T12:11:33Z WARN  limina::window] window: surface 145 unresolved; skipping frame — the store EVICTED this surface at its cap and the guest is still presenting it. Permanent for this id: nothing re-publishes it.
[2026-08-16T12:11:33Z WARN  limina::window] window: surface 142 unresolved; skipping frame — the store EVICTED this surface at its cap and the guest is still presenting it. Permanent for this id: nothing re-publishes it.
[2026-08-16T12:11:33Z WARN  limina::window] window: surface 145 unresolved; skipping frame — the store EVICTED this surface at its cap and the guest is still presenting it. Permanent for this id: nothing re-publishes it.
[2026-08-16T12:11:33Z WARN  limina::window] window: surface 142 unresolved; skipping frame — the store EVICTED this surface at its cap and the guest is still presenting it. Permanent for this id: nothing re-publishes it.
[2026-08-16T12:11:33Z WARN  limina::window] window: surface 145 unresolved; skipping frame — the store EVICTED this surface at its cap and the guest is still presenting it. Permanent for this id: nothing re-publishes it.
[2026-08-16T12:11:33Z WARN  limina::window] window: surface 142 unresolved; skipping frame — the store EVICTED this surface at its cap and the guest is still presenting it. Permanent for this id: nothing re-publishes it.
[2026-08-16T12:11:33Z WARN  limina::window] window: surface 145 unresolved; skipping frame — the store EVICTED this surface at its cap and the guest is still presenting it. Permanent for this id: nothing re-publishes it.
[2026-08-16T12:11:33Z WARN  limina::window] window: surface 142 unresolved; skipping frame — the store EVICTED this surface at its cap and the guest is still presenting it. Permanent for this id: nothing re-publishes it.
[2026-08-16T12:11:33Z WARN  limina::window] window: surface 145 unresolved; skipping frame — the store EVICTED this surface at its cap and the guest is still presenting it. Permanent for this id: nothing re-publishes it.
[2026-08-16T12:11:33Z WARN  limina::window] window: surface 142 unresolved; skipping frame — the store EVICTED this surface at its cap and the guest is still presenting it. Permanent for this id: nothing re-publishes it.
[2026-08-16T12:11:33Z WARN  limina::window] window: surface 145 unresolved; skipping frame — the store EVICTED this surface at its cap and the guest is still presenting it. Permanent for this id: nothing re-publishes it.
[2026-08-16T12:11:33Z WARN  limina::window] window: surface 142 unresolved; skipping frame — the store EVICTED this surface at its cap and the guest is still presenting it. Permanent for this id: nothing re-publishes it.
[2026-08-16T12:11:33Z WARN  limina::window] window: surface 145 unresolved; skipping frame — the store EVICTED this surface at its cap and the guest is still presenting it. Permanent for this id: nothing re-publishes it.
[2026-08-16T12:11:33Z WARN  limina::window] window: surface 142 unresolved; skipping frame — the store EVICTED this surface at its cap and the guest is still presenting it. Permanent for this id: nothing re-publishes it.
[2026-08-16T12:11:33Z WARN  limina::window] window: surface 145 unresolved; skipping frame — the store EVICTED this surface at its cap and the guest is still presenting it. Permanent for this id: nothing re-publishes it.
[2026-08-16T12:11:33Z WARN  limina::window] window: surface 142 unresolved; skipping frame — the store EVICTED this surface at its cap and the guest is still presenting it. Permanent for this id: nothing re-publishes it.
[2026-08-16T12:11:33Z WARN  limina::window] window: surface 145 unresolved; skipping frame — the store EVICTED this surface at its cap and the guest is still presenting it. Permanent for this id: nothing re-publishes it.
[2026-08-16T12:11:33Z WARN  limina::window] window: surface 142 unresolved; skipping frame — the store EVICTED this surface at its cap and the guest is still presenting it. Permanent for this id: nothing re-publishes it.
[2026-08-16T12:11:33Z WARN  limina::window] window: surface 145 unresolved; skipping frame — the store EVICTED this surface at its cap and the guest is still presenting it. Permanent for this id: nothing re-publishes it.
[2026-08-16T12:11:33Z WARN  limina::window] window: surface 142 unresolved; skipping frame — the store EVICTED this surface at its cap and the guest is still presenting it. Permanent for this id: nothing re-publishes it.
[2026-08-16T12:11:33Z WARN  limina::window] window: surface 145 unresolved; skipping frame — the store EVICTED this surface at its cap and the guest is still presenting it. Permanent for this id: nothing re-publishes it.
[2026-08-16T12:11:33Z WARN  limina::window] window: surface 142 unresolved; skipping frame — the store EVICTED this surface at its cap and the guest is still presenting it. Permanent for this id: nothing re-publishes it.
[2026-08-16T12:11:33Z WARN  limina::window] window: surface 145 unresolved; skipping frame — the store EVICTED this surface at its cap and the guest is still presenting it. Permanent for this id: nothing re-publishes it.
[2026-08-16T12:11:33Z WARN  limina::window] window: surface 142 unresolved; skipping frame — the store EVICTED this surface at its cap and the guest is still presenting it. Permanent for this id: nothing re-publishes it.
[2026-08-16T12:11:33Z WARN  limina::window] window: surface 145 unresolved; skipping frame — the store EVICTED this surface at its cap and the guest is still presenting it. Permanent for this id: nothing re-publishes it.
[2026-08-16T12:11:33Z WARN  limina::window] window: surface 142 unresolved; skipping frame — the store EVICTED this surface at its cap and the guest is still presenting it. Permanent for this id: nothing re-publishes it.
[2026-08-16T12:11:33Z WARN  limina::window] window: surface 145 unresolved; skipping frame — the store EVICTED this surface at its cap and the guest is still presenting it. Permanent for this id: nothing re-publishes it.
[2026-08-16T12:11:33Z WARN  limina::window] window: surface 142 unresolved; skipping frame — the store EVICTED this surface at its cap and the guest is still presenting it. Permanent for this id: nothing re-publishes it.
[2026-08-16T12:11:33Z WARN  limina::window] window: surface 145 unresolved; skipping frame — the store EVICTED this surface at its cap and the guest is still presenting it. Permanent for this id: nothing re-publishes it.
[2026-08-16T12:11:33Z WARN  limina::window] window: surface 142 unresolved; skipping frame — the store EVICTED this surface at its cap and the guest is still presenting it. Permanent for this id: nothing re-publishes it.
[2026-08-16T12:11:33Z WARN  limina::window] window: surface 145 unresolved; skipping frame — the store EVICTED this surface at its cap and the guest is still presenting it. Permanent for this id: nothing re-publishes it.
[2026-08-16T12:11:33Z WARN  limina::window] window: surface 142 unresolved; skipping frame — the store EVICTED this surface at its cap and the guest is still presenting it. Permanent for this id: nothing re-publishes it.
[2026-08-16T12:11:33Z WARN  limina::window] window: surface 145 unresolved; skipping frame — the store EVICTED this surface at its cap and the guest is still presenting it. Permanent for this id: nothing re-publishes it.
[2026-08-16T12:11:33Z WARN  limina::window] window: surface 142 unresolved; skipping frame — the store EVICTED this surface at its cap and the guest is still presenting it. Permanent for this id: nothing re-publishes it.
[2026-08-16T12:11:33Z WARN  limina::window] window: surface 145 unresolved; skipping frame — the store EVICTED this surface at its cap and the guest is still presenting it. Permanent for this id: nothing re-publishes it.
[2026-08-16T12:11:33Z WARN  limina::window] window: surface 142 unresolved; skipping frame — the store EVICTED this surface at its cap and the guest is still presenting it. Permanent for this id: nothing re-publishes it.
[2026-08-16T12:11:33Z WARN  limina::window] window: surface 145 unresolved; skipping frame — the store EVICTED this surface at its cap and the guest is still presenting it. Permanent for this id: nothing re-publishes it.
[2026-08-16T12:11:33Z WARN  limina::window] window: surface 142 unresolved; skipping frame — the store EVICTED this surface at its cap and the guest is still presenting it. Permanent for this id: nothing re-publishes it.
[2026-08-16T12:11:33Z WARN  limina::window] window: surface 145 unresolved; skipping frame — the store EVICTED this surface at its cap and the guest is still presenting it. Permanent for this id: nothing re-publishes it.
[2026-08-16T12:11:33Z WARN  limina::window] window: surface 142 unresolved; skipping frame — the store EVICTED this surface at its cap and the guest is still presenting it. Permanent for this id: nothing re-publishes it.
[2026-08-16T12:11:33Z WARN  limina::window] window: surface 145 unresolved; skipping frame — the store EVICTED this surface at its cap and the guest is still presenting it. Permanent for this id: nothing re-publishes it.
[2026-08-16T12:11:33Z WARN  limina::window] window: surface 142 unresolved; skipping frame — the store EVICTED this surface at its cap and the guest is still presenting it. Permanent for this id: nothing re-publishes it.
[2026-08-16T12:11:33Z WARN  limina::window] window: surface 145 unresolved; skipping frame — the store EVICTED this surface at its cap and the guest is still presenting it. Permanent for this id: nothing re-publishes it.
[2026-08-16T12:11:33Z WARN  limina::window] window: surface 142 unresolved; skipping frame — the store EVICTED this surface at its cap and the guest is still presenting it. Permanent for this id: nothing re-publishes it.
[2026-08-16T12:11:33Z WARN  limina::window] window: surface 145 unresolved; skipping frame — the store EVICTED this surface at its cap and the guest is still presenting it. Permanent for this id: nothing re-publishes it.
[2026-08-16T12:11:33Z WARN  limina::window] window: surface 142 unresolved; skipping frame — the store EVICTED this surface at its cap and the guest is still presenting it. Permanent for this id: nothing re-publishes it.
[2026-08-16T12:11:33Z WARN  limina::window] window: surface 145 unresolved; skipping frame — the store EVICTED this surface at its cap and the guest is still presenting it. Permanent for this id: nothing re-publishes it.
[2026-08-16T12:11:33Z WARN  limina::window] window: surface 142 unresolved; skipping frame — the store EVICTED this surface at its cap and the guest is still presenting it. Permanent for this id: nothing re-publishes it.
[2026-08-16T12:11:33Z WARN  limina::window] window: surface 145 unresolved; skipping frame — the store EVICTED this surface at its cap and the guest is still presenting it. Permanent for this id: nothing re-publishes it.
[2026-08-16T12:11:33Z WARN  limina::window] window: surface 142 unresolved; skipping frame — the store EVICTED this surface at its cap and the guest is still presenting it. Permanent for this id: nothing re-publishes it.
[2026-08-16T12:11:33Z WARN  limina::window] window: surface 145 unresolved; skipping frame — the store EVICTED this surface at its cap and the guest is still presenting it. Permanent for this id: nothing re-publishes it.
[2026-08-16T12:11:33Z WARN  limina::window] window: surface 142 unresolved; skipping frame — the store EVICTED this surface at its cap and the guest is still presenting it. Permanent for this id: nothing re-publishes it.
[2026-08-16T12:11:34Z WARN  limina::window] window: surface 145 unresolved; skipping frame — the store EVICTED this surface at its cap and the guest is still presenting it. Permanent for this id: nothing re-publishes it.
[2026-08-16T12:11:34Z WARN  limina::window] window: surface 142 unresolved; skipping frame — the store EVICTED this surface at its cap and the guest is still presenting it. Permanent for this id: nothing re-publishes it.
[2026-08-16T12:11:34Z WARN  limina::window] window: surface 145 unresolved; skipping frame — the store EVICTED this surface at its cap and the guest is still presenting it. Permanent for this id: nothing re-publishes it.
[2026-08-16T12:11:34Z WARN  limina::window] window: surface 142 unresolved; skipping frame — the store EVICTED this surface at its cap and the guest is still presenting it. Permanent for this id: nothing re-publishes it.
[2026-08-16T12:11:34Z WARN  limina::window] window: surface 145 unresolved; skipping frame — the store EVICTED this surface at its cap and the guest is still presenting it. Permanent for this id: nothing re-publishes it.
[2026-08-16T12:11:34Z WARN  limina::window] window: surface 142 unresolved; skipping frame — the store EVICTED this surface at its cap and the guest is still presenting it. Permanent for this id: nothing re-publishes it.
[2026-08-16T12:11:34Z WARN  limina::window] window: surface 145 unresolved; skipping frame — the store EVICTED this surface at its cap and the guest is still presenting it. Permanent for this id: nothing re-publishes it.
[2026-08-16T12:11:34Z WARN  limina::window] window: surface 142 unresolved; skipping frame — the store EVICTED this surface at its cap and the guest is still presenting it. Permanent for this id: nothing re-publishes it.
[2026-08-16T12:11:34Z WARN  limina::window] window: surface 145 unresolved; skipping frame — the store EVICTED this surface at its cap and the guest is still presenting it. Permanent for this id: nothing re-publishes it.
[2026-08-16T12:11:34Z WARN  limina::window] window: surface 142 unresolved; skipping frame — the store EVICTED this surface at its cap and the guest is still presenting it. Permanent for this id: nothing re-publishes it.
[2026-08-16T12:11:34Z WARN  limina::window] window: surface 145 unresolved; skipping frame — the store EVICTED this surface at its cap and the guest is still presenting it. Permanent for this id: nothing re-publishes it.
[2026-08-16T12:11:34Z WARN  limina::window] window: surface 142 unresolved; skipping frame — the store EVICTED this surface at its cap and the guest is still presenting it. Permanent for this id: nothing re-publishes it.
[2026-08-16T12:11:34Z WARN  limina::window] window: surface 145 unresolved; skipping frame — the store EVICTED this surface at its cap and the guest is still presenting it. Permanent for this id: nothing re-publishes it.
[2026-08-16T12:11:34Z WARN  limina::window] window: surface 142 unresolved; skipping frame — the store EVICTED this surface at its cap and the guest is still presenting it. Permanent for this id: nothing re-publishes it.
[2026-08-16T12:11:34Z WARN  limina::window] window: surface 145 unresolved; skipping frame — the store EVICTED this surface at its cap and the guest is still presenting it. Permanent for this id: nothing re-publishes it.
[2026-08-16T12:11:34Z WARN  limina::window] window: surface 142 unresolved; skipping frame — the store EVICTED this surface at its cap and the guest is still presenting it. Permanent for this id: nothing re-publishes it.
[2026-08-16T12:11:34Z WARN  limina::window] window: surface 145 unresolved; skipping frame — the store EVICTED this surface at its cap and the guest is still presenting it. Permanent for this id: nothing re-publishes it.
[2026-08-16T12:11:34Z WARN  limina::window] window: surface 142 unresolved; skipping frame — the store EVICTED this surface at its cap and the guest is still presenting it. Permanent for this id: nothing re-publishes it.
[2026-08-16T12:11:34Z WARN  limina::window] window: surface 145 unresolved; skipping frame — the store EVICTED this surface at its cap and the guest is still presenting it. Permanent for this id: nothing re-publishes it.
[2026-08-16T12:11:34Z WARN  limina::window] window: surface 142 unresolved; skipping frame — the store EVICTED this surface at its cap and the guest is still presenting it. Permanent for this id: nothing re-publishes it.
[2026-08-16T12:11:34Z WARN  limina::window] window: surface 145 unresolved; skipping frame — the store EVICTED this surface at its cap and the guest is still presenting it. Permanent for this id: nothing re-publishes it.
[2026-08-16T12:11:34Z WARN  limina::window] window: surface 142 unresolved; skipping frame — the store EVICTED this surface at its cap and the guest is still presenting it. Permanent for this id: nothing re-publishes it.
[2026-08-16T12:11:34Z WARN  limina::window] window: surface 145 unresolved; skipping frame — the store EVICTED this surface at its cap and the guest is still presenting it. Permanent for this id: nothing re-publishes it.
[2026-08-16T12:11:34Z WARN  limina::window] window: surface 142 unresolved; skipping frame — the store EVICTED this surface at its cap and the guest is still presenting it. Permanent for this id: nothing re-publishes it.
[2026-08-16T12:11:34Z WARN  limina::window] window: surface 145 unresolved; skipping frame — the store EVICTED this surface at its cap and the guest is still presenting it. Permanent for this id: nothing re-publishes it.
[2026-08-16T12:11:34Z WARN  limina::window] window: surface 142 unresolved; skipping frame — the store EVICTED this surface at its cap and the guest is still presenting it. Permanent for this id: nothing re-publishes it.
[2026-08-16T12:11:34Z WARN  limina::window] window: surface 145 unresolved; skipping frame — the store EVICTED this surface at its cap and the guest is still presenting it. Permanent for this id: nothing re-publishes it.
[2026-08-16T12:11:34Z WARN  limina::window] window: surface 142 unresolved; skipping frame — the store EVICTED this surface at its cap and the guest is still presenting it. Permanent for this id: nothing re-publishes it.
[2026-08-16T12:11:34Z WARN  limina::window] window: surface 145 unresolved; skipping frame — the store EVICTED this surface at its cap and the guest is still presenting it. Permanent for this id: nothing re-publishes it.
[2026-08-16T12:11:34Z WARN  limina::window] window: surface 142 unresolved; skipping frame — the store EVICTED this surface at its cap and the guest is still presenting it. Permanent for this id: nothing re-publishes it.
[2026-08-16T12:11:34Z WARN  limina::window] window: surface 145 unresolved; skipping frame — the store EVICTED this surface at its cap and the guest is still presenting it. Permanent for this id: nothing re-publishes it.
[2026-08-16T12:11:34Z WARN  limina::window] window: surface 142 unresolved; skipping frame — the store EVICTED this surface at its cap and the guest is still presenting it. Permanent for this id: nothing re-publishes it.
[2026-08-16T12:11:34Z WARN  limina::window] window: surface 145 unresolved; skipping frame — the store EVICTED this surface at its cap and the guest is still presenting it. Permanent for this id: nothing re-publishes it.
[2026-08-16T12:11:34Z WARN  limina::window] window: surface 142 unresolved; skipping frame — the store EVICTED this surface at its cap and the guest is still presenting it. Permanent for this id: nothing re-publishes it.
[2026-08-16T12:11:34Z WARN  limina::window] window: surface 145 unresolved; skipping frame — the store EVICTED this surface at its cap and the guest is still presenting it. Permanent for this id: nothing re-publishes it.
[2026-08-16T12:11:34Z WARN  limina::window] window: surface 142 unresolved; skipping frame — the store EVICTED this surface at its cap and the guest is still presenting it. Permanent for this id: nothing re-publishes it.
[2026-08-16T12:11:34Z WARN  limina::window] window: surface 145 unresolved; skipping frame — the store EVICTED this surface at its cap and the guest is still presenting it. Permanent for this id: nothing re-publishes it.
[2026-08-16T12:11:34Z WARN  limina::window] window: surface 142 unresolved; skipping frame — the store EVICTED this surface at its cap and the guest is still presenting it. Permanent for this id: nothing re-publishes it.
[2026-08-16T12:11:34Z WARN  limina::window] window: surface 145 unresolved; skipping frame — the store EVICTED this surface at its cap and the guest is still presenting it. Permanent for this id: nothing re-publishes it.
[2026-08-16T12:11:34Z WARN  limina::window] window: surface 142 unresolved; skipping frame — the store EVICTED this surface at its cap and the guest is still presenting it. Permanent for this id: nothing re-publishes it.
[2026-08-16T12:11:34Z WARN  limina::window] window: surface 145 unresolved; skipping frame — the store EVICTED this surface at its cap and the guest is still presenting it. Permanent for this id: nothing re-publishes it.
[2026-08-16T12:11:34Z WARN  limina::window] window: surface 142 unresolved; skipping frame — the store EVICTED this surface at its cap and the guest is still presenting it. Permanent for this id: nothing re-publishes it.
[2026-08-16T12:11:34Z WARN  limina::window] window: surface 145 unresolved; skipping frame — the store EVICTED this surface at its cap and the guest is still presenting it. Permanent for this id: nothing re-publishes it.
[2026-08-16T12:11:34Z WARN  limina::window] window: surface 142 unresolved; skipping frame — the store EVICTED this surface at its cap and the guest is still presenting it. Permanent for this id: nothing re-publishes it.
[2026-08-16T12:11:34Z WARN  limina::window] window: surface 145 unresolved; skipping frame — the store EVICTED this surface at its cap and the guest is still presenting it. Permanent for this id: nothing re-publishes it.
[2026-08-16T12:11:34Z WARN  limina::window] window: surface 142 unresolved; skipping frame — the store EVICTED this surface at its cap and the guest is still presenting it. Permanent for this id: nothing re-publishes it.
[2026-08-16T12:11:34Z WARN  limina::window] window: surface 145 unresolved; skipping frame — the store EVICTED this surface at its cap and the guest is still presenting it. Permanent for this id: nothing re-publishes it.
[2026-08-16T12:11:34Z WARN  limina::window] window: surface 142 unresolved; skipping frame — the store EVICTED this surface at its cap and the guest is still presenting it. Permanent for this id: nothing re-publishes it.
[2026-08-16T12:11:34Z WARN  limina::window] window: surface 145 unresolved; skipping frame — the store EVICTED this surface at its cap and the guest is still presenting it. Permanent for this id: nothing re-publishes it.
[2026-08-16T12:11:34Z WARN  limina::window] window: surface 142 unresolved; skipping frame — the store EVICTED this surface at its cap and the guest is still presenting it. Permanent for this id: nothing re-publishes it.
[2026-08-16T12:11:34Z WARN  limina::window] window: surface 145 unresolved; skipping frame — the store EVICTED this surface at its cap and the guest is still presenting it. Permanent for this id: nothing re-publishes it.
[2026-08-16T12:11:34Z WARN  limina::window] window: surface 142 unresolved; skipping frame — the store EVICTED this surface at its cap and the guest is still presenting it. Permanent for this id: nothing re-publishes it.
[2026-08-16T12:11:34Z WARN  limina::window] window: surface 145 unresolved; skipping frame — the store EVICTED this surface at its cap and the guest is still presenting it. Permanent for this id: nothing re-publishes it.
[2026-08-16T12:11:34Z WARN  limina::window] window: surface 142 unresolved; skipping frame — the store EVICTED this surface at its cap and the guest is still presenting it. Permanent for this id: nothing re-publishes it.
[2026-08-16T12:11:34Z WARN  limina::window] window: surface 145 unresolved; skipping frame — the store EVICTED this surface at its cap and the guest is still presenting it. Permanent for this id: nothing re-publishes it.
[2026-08-16T12:11:34Z WARN  limina::window] window: surface 142 unresolved; skipping frame — the store EVICTED this surface at its cap and the guest is still presenting it. Permanent for this id: nothing re-publishes it.
[2026-08-16T12:11:34Z WARN  limina::window] window: surface 145 unresolved; skipping frame — the store EVICTED this surface at its cap and the guest is still presenting it. Permanent for this id: nothing re-publishes it.
[2026-08-16T12:11:34Z WARN  limina::window] window: surface 142 unresolved; skipping frame — the store EVICTED this surface at its cap and the guest is still presenting it. Permanent for this id: nothing re-publishes it.
[2026-08-16T12:11:34Z WARN  limina::window] window: surface 145 unresolved; skipping frame — the store EVICTED this surface at its cap and the guest is still presenting it. Permanent for this id: nothing re-publishes it.
[2026-08-16T12:11:34Z WARN  limina::window] window: surface 142 unresolved; skipping frame — the store EVICTED this surface at its cap and the guest is still presenting it. Permanent for this id: nothing re-publishes it.
[2026-08-16T12:11:35Z WARN  limina::window] window: surface 145 unresolved; skipping frame — the store EVICTED this surface at its cap and the guest is still presenting it. Permanent for this id: nothing re-publishes it.
[2026-08-16T12:11:35Z WARN  limina::window] window: surface 142 unresolved; skipping frame — the store EVICTED this surface at its cap and the guest is still presenting it. Permanent for this id: nothing re-publishes it.
[2026-08-16T12:11:35Z WARN  limina::window] window: surface 145 unresolved; skipping frame — the store EVICTED this surface at its cap and the guest is still presenting it. Permanent for this id: nothing re-publishes it.
[2026-08-16T12:11:35Z WARN  limina::window] window: surface 142 unresolved; skipping frame — the store EVICTED this surface at its cap and the guest is still presenting it. Permanent for this id: nothing re-publishes it.
[2026-08-16T12:11:35Z WARN  limina::window] window: surface 145 unresolved; skipping frame — the store EVICTED this surface at its cap and the guest is still presenting it. Permanent for this id: nothing re-publishes it.
[2026-08-16T12:11:35Z WARN  limina::window] window: surface 142 unresolved; skipping frame — the store EVICTED this surface at its cap and the guest is still presenting it. Permanent for this id: nothing re-publishes it.
[2026-08-16T12:11:35Z WARN  limina::window] window: surface 145 unresolved; skipping frame — the store EVICTED this surface at its cap and the guest is still presenting it. Permanent for this id: nothing re-publishes it.
[2026-08-16T12:11:35Z WARN  limina::window] window: surface 142 unresolved; skipping frame — the store EVICTED this surface at its cap and the guest is still presenting it. Permanent for this id: nothing re-publishes it.
[2026-08-16T12:11:35Z WARN  limina::window] window: surface 145 unresolved; skipping frame — the store EVICTED this surface at its cap and the guest is still presenting it. Permanent for this id: nothing re-publishes it.
[2026-08-16T12:11:35Z WARN  limina::window] window: surface 142 unresolved; skipping frame — the store EVICTED this surface at its cap and the guest is still presenting it. Permanent for this id: nothing re-publishes it.
[2026-08-16T12:11:35Z WARN  limina::window] window: surface 145 unresolved; skipping frame — the store EVICTED this surface at its cap and the guest is still presenting it. Permanent for this id: nothing re-publishes it.
[2026-08-16T12:11:35Z WARN  limina::window] window: surface 142 unresolved; skipping frame — the store EVICTED this surface at its cap and the guest is still presenting it. Permanent for this id: nothing re-publishes it.
[2026-08-16T12:11:35Z WARN  limina::window] window: surface 145 unresolved; skipping frame — the store EVICTED this surface at its cap and the guest is still presenting it. Permanent for this id: nothing re-publishes it.
[2026-08-16T12:11:35Z WARN  limina::window] window: surface 142 unresolved; skipping frame — the store EVICTED this surface at its cap and the guest is still presenting it. Permanent for this id: nothing re-publishes it.
[2026-08-16T12:11:35Z WARN  limina::window] window: surface 145 unresolved; skipping frame — the store EVICTED this surface at its cap and the guest is still presenting it. Permanent for this id: nothing re-publishes it.
[2026-08-16T12:11:35Z WARN  limina::window] window: surface 142 unresolved; skipping frame — the store EVICTED this surface at its cap and the guest is still presenting it. Permanent for this id: nothing re-publishes it.
[2026-08-16T12:11:35Z WARN  limina::window] window: surface 145 unresolved; skipping frame — the store EVICTED this surface at its cap and the guest is still presenting it. Permanent for this id: nothing re-publishes it.
[2026-08-16T12:11:35Z WARN  limina::window] window: surface 142 unresolved; skipping frame — the store EVICTED this surface at its cap and the guest is still presenting it. Permanent for this id: nothing re-publishes it.
[2026-08-16T12:11:35Z WARN  limina::window] window: surface 145 unresolved; skipping frame — the store EVICTED this surface at its cap and the guest is still presenting it. Permanent for this id: nothing re-publishes it.
[2026-08-16T12:11:35Z WARN  limina::window] window: surface 142 unresolved; skipping frame — the store EVICTED this surface at its cap and the guest is still presenting it. Permanent for this id: nothing re-publishes it.
[2026-08-16T12:11:35Z WARN  limina::window] window: surface 145 unresolved; skipping frame — the store EVICTED this surface at its cap and the guest is still presenting it. Permanent for this id: nothing re-publishes it.
[2026-08-16T12:11:35Z WARN  limina::window] window: surface 142 unresolved; skipping frame — the store EVICTED this surface at its cap and the guest is still presenting it. Permanent for this id: nothing re-publishes it.
[2026-08-16T12:11:35Z WARN  limina::window] window: surface 145 unresolved; skipping frame — the store EVICTED this surface at its cap and the guest is still presenting it. Permanent for this id: nothing re-publishes it.
[2026-08-16T12:11:35Z WARN  limina::window] window: surface 142 unresolved; skipping frame — the store EVICTED this surface at its cap and the guest is still presenting it. Permanent for this id: nothing re-publishes it.
[2026-08-16T12:11:35Z WARN  limina::window] window: surface 145 unresolved; skipping frame — the store EVICTED this surface at its cap and the guest is still presenting it. Permanent for this id: nothing re-publishes it.
[2026-08-16T12:11:35Z WARN  limina::window] window: surface 142 unresolved; skipping frame — the store EVICTED this surface at its cap and the guest is still presenting it. Permanent for this id: nothing re-publishes it.
[2026-08-16T12:11:35Z WARN  limina::window] window: surface 145 unresolved; skipping frame — the store EVICTED this surface at its cap and the guest is still presenting it. Permanent for this id: nothing re-publishes it.
[2026-08-16T12:11:35Z WARN  limina::window] window: surface 142 unresolved; skipping frame — the store EVICTED this surface at its cap and the guest is still presenting it. Permanent for this id: nothing re-publishes it.
[2026-08-16T12:11:35Z WARN  limina::window] window: surface 145 unresolved; skipping frame — the store EVICTED this surface at its cap and the guest is still presenting it. Permanent for this id: nothing re-publishes it.
[2026-08-16T12:11:35Z WARN  limina::window] window: surface 142 unresolved; skipping frame — the store EVICTED this surface at its cap and the guest is still presenting it. Permanent for this id: nothing re-publishes it.
[2026-08-16T12:11:35Z WARN  limina::window] window: surface 145 unresolved; skipping frame — the store EVICTED this surface at its cap and the guest is still presenting it. Permanent for this id: nothing re-publishes it.
[2026-08-16T12:11:35Z WARN  limina::window] window: surface 142 unresolved; skipping frame — the store EVICTED this surface at its cap and the guest is still presenting it. Permanent for this id: nothing re-publishes it.
[2026-08-16T12:11:35Z WARN  limina::window] window: surface 145 unresolved; skipping frame — the store EVICTED this surface at its cap and the guest is still presenting it. Permanent for this id: nothing re-publishes it.
[2026-08-16T12:11:35Z WARN  limina::window] window: surface 142 unresolved; skipping frame — the store EVICTED this surface at its cap and the guest is still presenting it. Permanent for this id: nothing re-publishes it.
[2026-08-16T12:11:35Z WARN  limina::window] window: surface 145 unresolved; skipping frame — the store EVICTED this surface at its cap and the guest is still presenting it. Permanent for this id: nothing re-publishes it.
[2026-08-16T12:11:35Z WARN  limina::window] window: surface 142 unresolved; skipping frame — the store EVICTED this surface at its cap and the guest is still presenting it. Permanent for this id: nothing re-publishes it.
[2026-08-16T12:11:35Z WARN  limina::window] window: surface 145 unresolved; skipping frame — the store EVICTED this surface at its cap and the guest is still presenting it. Permanent for this id: nothing re-publishes it.
[2026-08-16T12:11:35Z WARN  limina::window] window: surface 142 unresolved; skipping frame — the store EVICTED this surface at its cap and the guest is still presenting it. Permanent for this id: nothing re-publishes it.
[2026-08-16T12:11:35Z WARN  limina::window] window: surface 145 unresolved; skipping frame — the store EVICTED this surface at its cap and the guest is still presenting it. Permanent for this id: nothing re-publishes it.
[2026-08-16T12:11:35Z WARN  limina::window] window: surface 142 unresolved; skipping frame — the store EVICTED this surface at its cap and the guest is still presenting it. Permanent for this id: nothing re-publishes it.
[2026-08-16T12:11:35Z WARN  limina::window] window: surface 145 unresolved; skipping frame — the store EVICTED this surface at its cap and the guest is still presenting it. Permanent for this id: nothing re-publishes it.
[2026-08-16T12:11:35Z WARN  limina::window] window: surface 142 unresolved; skipping frame — the store EVICTED this surface at its cap and the guest is still presenting it. Permanent for this id: nothing re-publishes it.
[2026-08-16T12:11:35Z WARN  limina::window] window: surface 145 unresolved; skipping frame — the store EVICTED this surface at its cap and the guest is still presenting it. Permanent for this id: nothing re-publishes it.
[2026-08-16T12:11:35Z WARN  limina::window] window: surface 142 unresolved; skipping frame — the store EVICTED this surface at its cap and the guest is still presenting it. Permanent for this id: nothing re-publishes it.
[2026-08-16T12:11:35Z WARN  limina::window] window: surface 145 unresolved; skipping frame — the store EVICTED this surface at its cap and the guest is still presenting it. Permanent for this id: nothing re-publishes it.
[2026-08-16T12:11:35Z WARN  limina::window] window: surface 142 unresolved; skipping frame — the store EVICTED this surface at its cap and the guest is still presenting it. Permanent for this id: nothing re-publishes it.
[2026-08-16T12:11:35Z WARN  limina::window] window: surface 145 unresolved; skipping frame — the store EVICTED this surface at its cap and the guest is still presenting it. Permanent for this id: nothing re-publishes it.
[2026-08-16T12:11:35Z WARN  limina::window] window: surface 142 unresolved; skipping frame — the store EVICTED this surface at its cap and the guest is still presenting it. Permanent for this id: nothing re-publishes it.
[2026-08-16T12:11:35Z WARN  limina::window] window: surface 145 unresolved; skipping frame — the store EVICTED this surface at its cap and the guest is still presenting it. Permanent for this id: nothing re-publishes it.
[2026-08-16T12:11:35Z WARN  limina::window] window: surface 142 unresolved; skipping frame — the store EVICTED this surface at its cap and the guest is still presenting it. Permanent for this id: nothing re-publishes it.
[2026-08-16T12:11:35Z WARN  limina::window] window: surface 145 unresolved; skipping frame — the store EVICTED this surface at its cap and the guest is still presenting it. Permanent for this id: nothing re-publishes it.
[2026-08-16T12:11:35Z WARN  limina::window] window: surface 142 unresolved; skipping frame — the store EVICTED this surface at its cap and the guest is still presenting it. Permanent for this id: nothing re-publishes it.
[2026-08-16T12:11:35Z WARN  limina::window] window: surface 145 unresolved; skipping frame — the store EVICTED this surface at its cap and the guest is still presenting it. Permanent for this id: nothing re-publishes it.
[2026-08-16T12:11:35Z WARN  limina::window] window: surface 142 unresolved; skipping frame — the store EVICTED this surface at its cap and the guest is still presenting it. Permanent for this id: nothing re-publishes it.
[2026-08-16T12:11:35Z WARN  limina::window] window: surface 145 unresolved; skipping frame — the store EVICTED this surface at its cap and the guest is still presenting it. Permanent for this id: nothing re-publishes it.
[2026-08-16T12:11:35Z WARN  limina::window] window: surface 142 unresolved; skipping frame — the store EVICTED this surface at its cap and the guest is still presenting it. Permanent for this id: nothing re-publishes it.
[2026-08-16T12:11:35Z WARN  limina::window] window: surface 145 unresolved; skipping frame — the store EVICTED this surface at its cap and the guest is still presenting it. Permanent for this id: nothing re-publishes it.
[2026-08-16T12:11:35Z WARN  limina::window] window: surface 142 unresolved; skipping frame — the store EVICTED this surface at its cap and the guest is still presenting it. Permanent for this id: nothing re-publishes it.
[2026-08-16T12:11:35Z WARN  limina::window] window: surface 145 unresolved; skipping frame — the store EVICTED this surface at its cap and the guest is still presenting it. Permanent for this id: nothing re-publishes it.
[2026-08-16T12:11:35Z WARN  limina::window] window: surface 142 unresolved; skipping frame — the store EVICTED this surface at its cap and the guest is still presenting it. Permanent for this id: nothing re-publishes it.
[2026-08-16T12:11:36Z WARN  limina::window] window: surface 145 unresolved; skipping frame — the store EVICTED this surface at its cap and the guest is still presenting it. Permanent for this id: nothing re-publishes it.
[2026-08-16T12:11:36Z WARN  limina::window] window: surface 142 unresolved; skipping frame — the store EVICTED this surface at its cap and the guest is still presenting it. Permanent for this id: nothing re-publishes it.
[2026-08-16T12:11:36Z WARN  limina::window] window: surface 145 unresolved; skipping frame — the store EVICTED this surface at its cap and the guest is still presenting it. Permanent for this id: nothing re-publishes it.
[2026-08-16T12:11:36Z WARN  limina::window] window: surface 142 unresolved; skipping frame — the store EVICTED this surface at its cap and the guest is still presenting it. Permanent for this id: nothing re-publishes it.
[2026-08-16T12:11:36Z WARN  limina::window] window: surface 145 unresolved; skipping frame — the store EVICTED this surface at its cap and the guest is still presenting it. Permanent for this id: nothing re-publishes it.
[2026-08-16T12:11:36Z WARN  limina::window] window: surface 142 unresolved; skipping frame — the store EVICTED this surface at its cap and the guest is still presenting it. Permanent for this id: nothing re-publishes it.
[2026-08-16T12:11:36Z WARN  limina::window] window: surface 145 unresolved; skipping frame — the store EVICTED this surface at its cap and the guest is still presenting it. Permanent for this id: nothing re-publishes it.
[2026-08-16T12:11:36Z WARN  limina::window] window: surface 142 unresolved; skipping frame — the store EVICTED this surface at its cap and the guest is still presenting it. Permanent for this id: nothing re-publishes it.
[2026-08-16T12:11:36Z WARN  limina::window] window: surface 145 unresolved; skipping frame — the store EVICTED this surface at its cap and the guest is still presenting it. Permanent for this id: nothing re-publishes it.
[2026-08-16T12:11:36Z WARN  limina::window] window: surface 142 unresolved; skipping frame — the store EVICTED this surface at its cap and the guest is still presenting it. Permanent for this id: nothing re-publishes it.
[2026-08-16T12:11:36Z WARN  limina::window] window: surface 145 unresolved; skipping frame — the store EVICTED this surface at its cap and the guest is still presenting it. Permanent for this id: nothing re-publishes it.
[2026-08-16T12:11:36Z WARN  limina::window] window: surface 142 unresolved; skipping frame — the store EVICTED this surface at its cap and the guest is still presenting it. Permanent for this id: nothing re-publishes it.
[2026-08-16T12:11:36Z WARN  limina::window] window: surface 145 unresolved; skipping frame — the store EVICTED this surface at its cap and the guest is still presenting it. Permanent for this id: nothing re-publishes it.
[2026-08-16T12:11:36Z WARN  limina::window] window: surface 142 unresolved; skipping frame — the store EVICTED this surface at its cap and the guest is still presenting it. Permanent for this id: nothing re-publishes it.
[2026-08-16T12:11:36Z WARN  limina::window] window: surface 145 unresolved; skipping frame — the store EVICTED this surface at its cap and the guest is still presenting it. Permanent for this id: nothing re-publishes it.
[2026-08-16T12:11:36Z WARN  limina::window] window: surface 142 unresolved; skipping frame — the store EVICTED this surface at its cap and the guest is still presenting it. Permanent for this id: nothing re-publishes it.
[2026-08-16T12:11:36Z WARN  limina::window] window: surface 145 unresolved; skipping frame — the store EVICTED this surface at its cap and the guest is still presenting it. Permanent for this id: nothing re-publishes it.
[2026-08-16T12:11:36Z WARN  limina::window] window: surface 142 unresolved; skipping frame — the store EVICTED this surface at its cap and the guest is still presenting it. Permanent for this id: nothing re-publishes it.
[2026-08-16T12:11:36Z WARN  limina::window] window: surface 145 unresolved; skipping frame — the store EVICTED this surface at its cap and the guest is still presenting it. Permanent for this id: nothing re-publishes it.
[2026-08-16T12:11:36Z WARN  limina::window] window: surface 142 unresolved; skipping frame — the store EVICTED this surface at its cap and the guest is still presenting it. Permanent for this id: nothing re-publishes it.
[2026-08-16T12:11:36Z WARN  limina::window] window: surface 145 unresolved; skipping frame — the store EVICTED this surface at its cap and the guest is still presenting it. Permanent for this id: nothing re-publishes it.
[2026-08-16T12:11:36Z WARN  limina::window] window: surface 142 unresolved; skipping frame — the store EVICTED this surface at its cap and the guest is still presenting it. Permanent for this id: nothing re-publishes it.
[2026-08-16T12:11:36Z WARN  limina::window] window: surface 145 unresolved; skipping frame — the store EVICTED this surface at its cap and the guest is still presenting it. Permanent for this id: nothing re-publishes it.
[2026-08-16T12:11:36Z WARN  limina::window] window: surface 142 unresolved; skipping frame — the store EVICTED this surface at its cap and the guest is still presenting it. Permanent for this id: nothing re-publishes it.
[2026-08-16T12:11:36Z WARN  limina::window] window: surface 145 unresolved; skipping frame — the store EVICTED this surface at its cap and the guest is still presenting it. Permanent for this id: nothing re-publishes it.
[2026-08-16T12:11:36Z WARN  limina::window] window: surface 142 unresolved; skipping frame — the store EVICTED this surface at its cap and the guest is still presenting it. Permanent for this id: nothing re-publishes it.
[2026-08-16T12:11:36Z WARN  limina::window] window: surface 145 unresolved; skipping frame — the store EVICTED this surface at its cap and the guest is still presenting it. Permanent for this id: nothing re-publishes it.
[2026-08-16T12:11:36Z WARN  limina::window] window: surface 142 unresolved; skipping frame — the store EVICTED this surface at its cap and the guest is still presenting it. Permanent for this id: nothing re-publishes it.
[2026-08-16T12:11:36Z WARN  limina::window] window: surface 145 unresolved; skipping frame — the store EVICTED this surface at its cap and the guest is still presenting it. Permanent for this id: nothing re-publishes it.
[2026-08-16T12:11:36Z WARN  limina::window] window: surface 142 unresolved; skipping frame — the store EVICTED this surface at its cap and the guest is still presenting it. Permanent for this id: nothing re-publishes it.
[2026-08-16T12:11:36Z WARN  limina::window] window: surface 145 unresolved; skipping frame — the store EVICTED this surface at its cap and the guest is still presenting it. Permanent for this id: nothing re-publishes it.
[2026-08-16T12:11:36Z WARN  limina::window] window: surface 142 unresolved; skipping frame — the store EVICTED this surface at its cap and the guest is still presenting it. Permanent for this id: nothing re-publishes it.
[2026-08-16T12:11:36Z WARN  limina::window] window: surface 145 unresolved; skipping frame — the store EVICTED this surface at its cap and the guest is still presenting it. Permanent for this id: nothing re-publishes it.
[2026-08-16T12:11:36Z WARN  limina::window] window: surface 142 unresolved; skipping frame — the store EVICTED this surface at its cap and the guest is still presenting it. Permanent for this id: nothing re-publishes it.
[2026-08-16T12:11:36Z WARN  limina::window] window: surface 145 unresolved; skipping frame — the store EVICTED this surface at its cap and the guest is still presenting it. Permanent for this id: nothing re-publishes it.
[2026-08-16T12:11:36Z WARN  limina::window] window: surface 142 unresolved; skipping frame — the store EVICTED this surface at its cap and the guest is still presenting it. Permanent for this id: nothing re-publishes it.
[2026-08-16T12:11:36Z WARN  limina::window] window: surface 145 unresolved; skipping frame — the store EVICTED this surface at its cap and the guest is still presenting it. Permanent for this id: nothing re-publishes it.
[2026-08-16T12:11:36Z WARN  limina::window] window: surface 142 unresolved; skipping frame — the store EVICTED this surface at its cap and the guest is still presenting it. Permanent for this id: nothing re-publishes it.
[2026-08-16T12:11:36Z WARN  limina::window] window: surface 145 unresolved; skipping frame — the store EVICTED this surface at its cap and the guest is still presenting it. Permanent for this id: nothing re-publishes it.
[2026-08-16T12:11:36Z WARN  limina::window] window: surface 142 unresolved; skipping frame — the store EVICTED this surface at its cap and the guest is still presenting it. Permanent for this id: nothing re-publishes it.
