ts_ms,mem_total_kib,mem_free_kib,mem_available_kib,cached_kib,swap_free_kib,mem_some_avg10,mem_some_total_us,mem_full_avg10,mem_full_total_us,io_some_avg10,io_some_total_us,io_full_avg10,io_full_total_us,pgmajfault,pswpin,pswpout,pgscan_kswapd,pgsteal_kswapd,pgscan_direct,pgsteal_direct,kswapd_cpu_ticks
1786392068610,12368896,9623808,10046384,1445744,8388592,0,243,0,240,443,873575,401,750791,556,0,0,0,0,0,0,0
1786392069111,12368896,9623568,10046448,1446032,8388592,0,243,0,240,443,899755,401,776326,557,0,0,0,0,0,0,0
1786392069611,12368896,9623568,10046656,1446256,8388592,0,243,0,240,443,899755,401,776326,557,0,0,0,0,0,0,0
1786392070122,12368896,9623568,10046672,1440800,8388592,0,243,0,240,443,899755,401,776326,557,0,0,0,0,0,0,0
1786392070633,12368896,9623568,10046704,1440832,8388592,0,243,0,240,399,899755,365,776326,557,0,0,0,0,0,0,0
1786392071138,12368896,9623568,10046704,1440832,8388592,0,243,0,240,399,900363,365,776904,558,0,0,0,0,0,0,0
1786392071639,12368896,9623568,10046784,1440928,8388592,0,243,0,240,399,900363,365,776904,558,0,0,0,0,0,0,0
1786392072150,12368896,9623568,10046784,1440944,8388592,0,243,0,240,327,900363,299,776904,558,0,0,0,0,0,0,0
1786392072661,12368896,9623568,10046800,1440944,8388592,0,243,0,240,327,900363,299,776904,558,0,0,0,0,0,0,0
1786392073165,12368896,9623568,10046800,1440944,8388592,0,243,0,240,327,900363,299,776904,558,0,0,0,0,0,0,0
1786392073668,12368896,9623568,10046800,1440944,8388592,0,243,0,240,327,900363,299,776904,558,0,0,0,0,0,0,0
1786392074179,12368896,9623568,10046800,1440944,8388592,0,243,0,240,267,900363,245,776904,558,0,0,0,0,0,0,0
1786392074691,12368896,9623568,10046800,1440944,8388592,0,243,0,240,267,900363,245,776904,558,0,0,0,0,0,0,0
1786392075202,12368896,9623568,10046800,1440944,8388592,0,243,0,240,267,900363,245,776904,558,0,0,0,0,0,0,0
1786392075705,12368896,9623568,10046800,1440944,8388592,0,243,0,240,267,900363,245,776904,558,0,0,0,0,0,0,0
1786392076217,12368896,9623568,10046800,1440944,8388592,0,243,0,240,219,900363,200,776904,558,0,0,0,0,0,0,0
1786392076729,12368896,9623568,10046800,1440944,8388592,0,243,0,240,219,900363,200,776904,558,0,0,0,0,0,0,0
1786392077240,12368896,9623568,10046800,1440944,8388592,0,243,0,240,219,900363,200,776904,558,0,0,0,0,0,0,0
1786392077752,12368896,9623568,10046800,1440944,8388592,0,243,0,240,219,900363,200,776904,558,0,0,0,0,0,0,0
1786392078262,12368896,9623568,10046800,1440944,8388592,0,243,0,240,179,900363,164,776904,558,0,0,0,0,0,0,0
1786392078764,12368896,9623568,10046800,1440944,8388592,0,243,0,240,179,900363,164,776904,558,0,0,0,0,0,0,0
1786392079274,12368896,9623568,10046800,1440944,8388592,0,243,0,240,179,900363,164,776904,558,0,0,0,0,0,0,0
1786392079786,12368896,9623568,10046800,1440944,8388592,0,243,0,240,179,900363,164,776904,558,0,0,0,0,0,0,0
1786392080298,12368896,9623568,10046800,1440944,8388592,0,243,0,240,147,900363,134,776904,558,0,0,0,0,0,0,0
1786392080802,12368896,9623568,10046800,1440944,8388592,0,243,0,240,147,900363,134,776904,558,0,0,0,0,0,0,0
1786392081313,12368896,9623568,10046800,1440944,8388592,0,243,0,240,147,900363,134,776904,558,0,0,0,0,0,0,0
1786392081824,12368896,9623568,10046800,1440944,8388592,0,243,0,240,147,900363,134,776904,558,0,0,0,0,0,0,0
1786392082328,12368896,9623568,10046800,1440944,8388592,0,243,0,240,120,900363,110,776904,558,0,0,0,0,0,0,0
1786392082833,12368896,9623568,10046800,1440944,8388592,0,243,0,240,120,900363,110,776904,558,0,0,0,0,0,0,0
1786392083336,12368896,9623568,10046800,1440944,8388592,0,243,0,240,120,900363,110,776904,558,0,0,0,0,0,0,0
1786392083840,12368896,9623568,10046800,1440944,8388592,0,243,0,240,120,900363,110,776904,558,0,0,0,0,0,0,0
1786392084342,12368896,9623568,10046800,1440944,8388592,0,243,0,240,98,900363,90,776904,558,0,0,0,0,0,0,0
1786392084845,12368896,9623568,10046800,1440944,8388592,0,243,0,240,98,900363,90,776904,558,0,0,0,0,0,0,0
1786392085347,12368896,9623568,10046800,1440944,8388592,0,243,0,240,98,900363,90,776904,558,0,0,0,0,0,0,0
1786392085849,12368896,9623568,10046800,1440944,8388592,0,243,0,240,98,900363,90,776904,558,0,0,0,0,0,0,0
1786392086356,12368896,9623568,10046800,1440944,8388592,0,243,0,240,80,900363,73,776904,558,0,0,0,0,0,0,0
1786392086868,12368896,9623568,10046800,1440944,8388592,0,243,0,240,80,900363,73,776904,558,0,0,0,0,0,0,0
1786392087372,12368896,9623568,10046800,1440944,8388592,0,243,0,240,80,900363,73,776904,558,0,0,0,0,0,0,0
1786392087879,12368896,9623568,10046800,1440944,8388592,0,243,0,240,80,900363,73,776904,558,0,0,0,0,0,0,0
1786392088386,12368896,9623568,10046800,1440944,8388592,0,243,0,240,66,900363,60,776904,558,0,0,0,0,0,0,0
1786392088897,12368896,9623568,10046800,1440944,8388592,0,243,0,240,66,900363,60,776904,558,0,0,0,0,0,0,0
1786392089408,12368896,9623568,10046784,1440944,8388592,0,243,0,240,66,900363,60,776904,558,0,0,0,0,0,0,0
1786392089920,12368896,9623568,10046800,1440944,8388592,0,243,0,240,66,900363,60,776904,558,0,0,0,0,0,0,0
1786392090431,12368896,9623568,10046800,1440944,8388592,0,243,0,240,54,900363,49,776904,558,0,0,0,0,0,0,0
1786392090936,12368896,9623568,10046800,1440944,8388592,0,243,0,240,54,900363,49,776904,558,0,0,0,0,0,0,0
1786392091447,12368896,9623568,10046896,1441088,8388592,0,243,0,240,54,911444,49,787986,558,0,0,0,0,0,0,0
1786392091950,12368896,9623568,10046928,1441088,8388592,0,243,0,240,54,911444,49,787986,558,0,0,0,0,0,0,0
1786392092461,12368896,9623568,10046928,1441088,8388592,0,243,0,240,44,911444,40,787986,558,0,0,0,0,0,0,0
1786392092964,12368896,9623568,10046928,1441088,8388592,0,243,0,240,44,911444,40,787986,558,0,0,0,0,0,0,0
1786392093468,12368896,9623568,10046928,1441088,8388592,0,243,0,240,44,911444,40,787986,558,0,0,0,0,0,0,0
1786392093978,12368896,9623568,10046928,1441088,8388592,0,243,0,240,44,911444,40,787986,558,0,0,0,0,0,0,0
1786392094480,12368896,9623568,10046944,1441088,8388592,0,243,0,240,36,911444,33,787986,558,0,0,0,0,0,0,0
1786392094986,12368896,9623568,10046944,1441088,8388592,0,243,0,240,36,911444,33,787986,558,0,0,0,0,0,0,0
1786392095498,12368896,9623568,10046944,1441088,8388592,0,243,0,240,36,911444,33,787986,558,0,0,0,0,0,0,0
1786392096001,12368896,9623568,10046944,1441088,8388592,0,243,0,240,36,911444,33,787986,558,0,0,0,0,0,0,0
1786392096512,12368896,9623568,10046944,1441088,8388592,0,243,0,240,28,911444,27,787986,558,0,0,0,0,0,0,0
1786392097023,12368896,9623568,10046944,1441088,8388592,0,243,0,240,28,911444,27,787986,558,0,0,0,0,0,0,0
1786392097529,12368896,9623568,10046944,1441088,8388592,0,243,0,240,28,912012,27,788518,558,0,0,0,0,0,0,0
1786392098030,12368896,9623568,10046944,1441088,8388592,0,243,0,240,28,929548,27,805324,558,0,0,0,0,0,0,0
1786392098531,12368896,9623568,10047568,1442128,8388592,0,243,0,240,42,934877,40,810617,558,0,0,0,0,0,0,0
1786392099039,12368896,9623568,10047984,1442128,8388592,0,243,0,240,42,946688,40,822410,558,0,0,0,0,0,0,0
1786392099548,12368896,9623568,10047984,1442128,8388592,0,243,0,240,42,946688,40,822410,558,0,0,0,0,0,0,0
1786392100060,12368896,9623568,10047984,1442128,8388592,0,243,0,240,42,946688,40,822410,558,0,0,0,0,0,0,0
1786392100568,12368896,9623568,10047984,1442128,8388592,0,243,0,240,34,946688,33,822410,558,0,0,0,0,0,0,0
1786392101080,12368896,9623568,10047984,1442128,8388592,0,243,0,240,34,946688,33,822410,558,0,0,0,0,0,0,0
1786392101592,12368896,9623568,10047984,1442208,8388592,0,243,0,240,34,946688,33,822410,558,0,0,0,0,0,0,0
1786392102104,12368896,9623568,10048064,1442208,8388592,0,243,0,240,34,946688,33,822410,558,0,0,0,0,0,0,0
1786392102612,12368896,9623568,10048064,1442208,8388592,0,243,0,240,28,946688,27,822410,558,0,0,0,0,0,0,0
1786392103123,12368896,9623568,10048064,1442208,8388592,0,243,0,240,28,946688,27,822410,558,0,0,0,0,0,0,0
1786392103634,12368896,9623568,10048064,1442208,8388592,0,243,0,240,28,946688,27,822410,558,0,0,0,0,0,0,0
1786392104141,12368896,9623568,10048064,1442208,8388592,0,243,0,240,28,946688,27,822410,558,0,0,0,0,0,0,0
1786392104649,12368896,9623568,10048064,1442208,8388592,0,243,0,240,23,946688,22,822410,558,0,0,0,0,0,0,0
1786392105153,12368896,9623568,10048064,1442208,8388592,0,243,0,240,23,946688,22,822410,558,0,0,0,0,0,0,0
1786392105663,12368896,9623568,10048064,1442208,8388592,0,243,0,240,23,946688,22,822410,558,0,0,0,0,0,0,0
1786392106174,12368896,9623568,10048064,1442208,8388592,0,243,0,240,18,946688,18,822410,558,0,0,0,0,0,0,0
1786392106684,12368896,9623568,10048064,1442208,8388592,0,243,0,240,18,946688,18,822410,558,0,0,0,0,0,0,0
1786392107194,12368896,9623568,10048064,1442208,8388592,0,243,0,240,18,946688,18,822410,558,0,0,0,0,0,0,0
1786392107705,12368896,9623568,10048064,1442208,8388592,0,243,0,240,18,946688,18,822410,558,0,0,0,0,0,0,0
1786392108207,12368896,9623568,10048064,1442208,8388592,0,243,0,240,15,946688,14,822410,558,0,0,0,0,0,0,0
1786392108720,12368896,9623568,10048064,1442208,8388592,0,243,0,240,15,946688,14,822410,558,0,0,0,0,0,0,0
1786392109229,12368896,9623568,10048064,1442208,8388592,0,243,0,240,15,946688,14,822410,558,0,0,0,0,0,0,0
1786392109734,12368896,9623568,10048064,1442208,8388592,0,243,0,240,15,946688,14,822410,558,0,0,0,0,0,0,0
1786392110237,12368896,9623568,10048064,1442208,8388592,0,243,0,240,12,946688,12,822410,558,0,0,0,0,0,0,0
1786392110739,12368896,9623568,10048064,1442208,8388592,0,243,0,240,12,946688,12,822410,558,0,0,0,0,0,0,0
1786392111250,12368896,9623568,10048064,1442208,8388592,0,243,0,240,12,946688,12,822410,558,0,0,0,0,0,0,0
1786392111753,12368896,9623568,10048064,1442208,8388592,0,243,0,240,12,946688,12,822410,558,0,0,0,0,0,0,0
1786392112265,12368896,9623568,10048064,1442208,8388592,0,243,0,240,10,946688,9,822410,558,0,0,0,0,0,0,0
1786392112777,12368896,9623568,10048064,1442208,8388592,0,243,0,240,10,946688,9,822410,558,0,0,0,0,0,0,0
1786392113288,12368896,9623568,10048064,1442208,8388592,0,243,0,240,10,946688,9,822410,558,0,0,0,0,0,0,0
1786392113797,12368896,9623568,10048064,1442208,8388592,0,243,0,240,10,946688,9,822410,558,0,0,0,0,0,0,0
1786392114303,12368896,9623568,10048064,1442208,8388592,0,243,0,240,8,946688,8,822410,558,0,0,0,0,0,0,0
1786392114806,12368896,9623568,10048064,1442208,8388592,0,243,0,240,8,946688,8,822410,558,0,0,0,0,0,0,0
1786392115313,12368896,9623568,10048064,1442208,8388592,0,243,0,240,8,946688,8,822410,558,0,0,0,0,0,0,0
1786392115819,12368896,9623568,10048064,1442208,8388592,0,243,0,240,8,946688,8,822410,558,0,0,0,0,0,0,0
1786392116324,12368896,9623568,10048064,1442208,8388592,0,243,0,240,6,946688,6,822410,558,0,0,0,0,0,0,0
1786392116834,12368896,9623328,10047824,1442208,8388592,0,243,0,240,6,946688,6,822410,558,0,0,0,0,0,0,0
1786392117341,12368896,9623328,10047824,1442208,8388592,0,243,0,240,6,946688,6,822410,558,0,0,0,0,0,0,0
1786392117847,12368896,9623328,10047824,1442208,8388592,0,243,0,240,6,946688,6,822410,558,0,0,0,0,0,0,0
1786392118358,12368896,9623328,10047824,1442208,8388592,0,243,0,240,5,946688,5,822410,558,0,0,0,0,0,0,0
1786392118864,12368896,9623328,10047824,1442208,8388592,0,243,0,240,5,946688,5,822410,558,0,0,0,0,0,0,0
1786392119374,12368896,9623328,10047824,1442208,8388592,0,243,0,240,5,946688,5,822410,558,0,0,0,0,0,0,0
1786392119885,12368896,9623088,10047584,1442208,8388592,0,243,0,240,5,946688,5,822410,558,0,0,0,0,0,0,0
1786392120397,12368896,9623088,10047584,1442208,8388592,0,243,0,240,4,946688,4,822410,558,0,0,0,0,0,0,0
1786392120909,12368896,9623088,10047584,1442208,8388592,0,243,0,240,4,946688,4,822410,558,0,0,0,0,0,0,0
1786392121418,12368896,9623088,10047584,1442208,8388592,0,243,0,240,4,946688,4,822410,558,0,0,0,0,0,0,0
1786392121930,12368896,9623088,10047584,1442208,8388592,0,243,0,240,4,946688,4,822410,558,0,0,0,0,0,0,0
1786392122440,12368896,9623088,10047584,1442208,8388592,0,243,0,240,3,946688,3,822410,558,0,0,0,0,0,0,0
1786392122952,12368896,9623088,10047584,1442208,8388592,0,243,0,240,3,946688,3,822410,558,0,0,0,0,0,0,0
1786392123456,12368896,9623088,10047584,1442208,8388592,0,243,0,240,3,946688,3,822410,558,0,0,0,0,0,0,0
1786392123963,12368896,9623088,10047584,1442208,8388592,0,243,0,240,3,946688,3,822410,558,0,0,0,0,0,0,0
1786392124474,12368896,9623088,10047584,1442208,8388592,0,243,0,240,3,946688,2,822410,558,0,0,0,0,0,0,0
1786392124986,12368896,9623088,10047584,1442208,8388592,0,243,0,240,3,946688,2,822410,558,0,0,0,0,0,0,0
1786392125497,12368896,9623088,10047584,1442208,8388592,0,243,0,240,3,946688,2,822410,558,0,0,0,0,0,0,0
1786392126008,12368896,9623088,10047584,1442208,8388592,0,243,0,240,3,946688,2,822410,558,0,0,0,0,0,0,0
1786392126520,12368896,9622848,10047344,1442208,8388592,0,243,0,240,2,946688,2,822410,558,0,0,0,0,0,0,0
1786392127032,12368896,9622848,10047344,1442208,8388592,0,243,0,240,2,946688,2,822410,558,0,0,0,0,0,0,0
1786392127544,12368896,9622848,10047344,1442208,8388592,0,243,0,240,2,946688,2,822410,558,0,0,0,0,0,0,0
1786392128046,12368896,9622848,10047344,1442208,8388592,0,243,0,240,2,946688,2,822410,558,0,0,0,0,0,0,0
1786392128552,12368896,9622608,10047104,1442208,8388592,0,243,0,240,1,946688,1,822410,558,0,0,0,0,0,0,0
1786392129053,12368896,9622608,10047104,1442208,8388592,0,243,0,240,1,946688,1,822410,558,0,0,0,0,0,0,0
1786392129564,12368896,9622608,10047104,1442208,8388592,0,243,0,240,1,946688,1,822410,558,0,0,0,0,0,0,0
1786392130075,12368896,9622608,10047104,1442208,8388592,0,243,0,240,1,946688,1,822410,558,0,0,0,0,0,0,0
1786392130576,12368896,9622608,10047104,1442208,8388592,0,243,0,240,1,946688,1,822410,558,0,0,0,0,0,0,0
1786392131080,12368896,9622608,10047104,1442208,8388592,0,243,0,240,1,946688,1,822410,558,0,0,0,0,0,0,0
1786392131584,12368896,9622608,10047104,1442208,8388592,0,243,0,240,1,946688,1,822410,558,0,0,0,0,0,0,0
1786392132095,12368896,9622608,10047104,1442208,8388592,0,243,0,240,1,959598,1,835320,558,0,0,0,0,0,0,0
1786392132603,12368896,9622608,10047104,1442480,8388592,0,243,0,240,1,959598,1,835320,558,0,0,0,0,0,0,0
1786392133105,12368896,9622608,10047376,1442480,8388592,0,243,0,240,1,959598,1,835320,558,0,0,0,0,0,0,0
1786392133610,12368896,9622608,10047376,1442480,8388592,0,243,0,240,1,959598,1,835320,558,0,0,0,0,0,0,0
1786392134122,12368896,9622608,10047376,1442480,8388592,0,243,0,240,1,959598,1,835320,558,0,0,0,0,0,0,0
1786392134624,12368896,9622608,10047376,1442480,8388592,0,243,0,240,1,959598,0,835320,558,0,0,0,0,0,0,0
1786392135137,12368896,9622608,10047376,1442480,8388592,0,243,0,240,1,959598,0,835320,558,0,0,0,0,0,0,0
1786392135649,12368896,9622608,10047376,1442480,8388592,0,243,0,240,1,959598,0,835320,558,0,0,0,0,0,0,0
1786392136152,12368896,9622608,10047376,1442480,8388592,0,243,0,240,1,959598,0,835320,558,0,0,0,0,0,0,0
1786392136662,12368896,9622608,10047376,1442480,8388592,0,243,0,240,0,959598,0,835320,558,0,0,0,0,0,0,0
1786392137170,12368896,9622608,10047376,1442480,8388592,0,243,0,240,0,959598,0,835320,558,0,0,0,0,0,0,0
1786392137680,12368896,9622368,10047136,1442480,8388592,0,243,0,240,0,959598,0,835320,558,0,0,0,0,0,0,0
1786392138183,12368896,9622368,10047136,1442480,8388592,0,243,0,240,0,959598,0,835320,558,0,0,0,0,0,0,0
1786392138686,12368896,9622368,10047136,1442480,8388592,0,243,0,240,0,959598,0,835320,558,0,0,0,0,0,0,0
1786392139194,12368896,9622368,10047136,1442480,8388592,0,243,0,240,0,959598,0,835320,558,0,0,0,0,0,0,0
1786392139700,12368896,9622368,10047136,1442480,8388592,0,243,0,240,0,959598,0,835320,558,0,0,0,0,0,0,0
1786392140206,12368896,9622128,10046896,1442480,8388592,0,243,0,240,0,959598,0,835320,558,0,0,0,0,0,0,0
1786392140718,12368896,9622128,10046896,1442480,8388592,0,243,0,240,0,959598,0,835320,558,0,0,0,0,0,0,0
1786392141228,12368896,9622128,10046896,1442480,8388592,0,243,0,240,0,959598,0,835320,558,0,0,0,0,0,0,0
1786392141739,12368896,9622128,10046896,1442480,8388592,0,243,0,240,0,959598,0,835320,558,0,0,0,0,0,0,0
1786392142241,12368896,9622128,10046896,1442480,8388592,0,243,0,240,0,959598,0,835320,558,0,0,0,0,0,0,0
1786392142746,12368896,9621888,10046656,1442480,8388592,0,243,0,240,0,959598,0,835320,558,0,0,0,0,0,0,0
1786392143249,12368896,9621888,10046656,1442480,8388592,0,243,0,240,0,959598,0,835320,558,0,0,0,0,0,0,0
1786392143753,12368896,9621888,10046656,1442480,8388592,0,243,0,240,0,959598,0,835320,558,0,0,0,0,0,0,0
1786392144261,12368896,9621648,10046416,1442480,8388592,0,243,0,240,0,959598,0,835320,558,0,0,0,0,0,0,0
1786392144768,12368896,9621648,10046416,1442480,8388592,0,243,0,240,0,959598,0,835320,558,0,0,0,0,0,0,0
1786392145281,12368896,9621648,10046416,1442480,8388592,0,243,0,240,0,959598,0,835320,558,0,0,0,0,0,0,0
1786392145789,12368896,9621648,10046416,1442480,8388592,0,243,0,240,0,959598,0,835320,558,0,0,0,0,0,0,0
1786392146301,12368896,9621648,10046416,1442480,8388592,0,243,0,240,0,959598,0,835320,558,0,0,0,0,0,0,0
1786392146813,12368896,9621648,10046416,1442480,8388592,0,243,0,240,0,959598,0,835320,558,0,0,0,0,0,0,0
1786392147325,12368896,9621408,10046176,1442496,8388592,0,243,0,240,0,959598,0,835320,558,0,0,0,0,0,0,0
1786392147836,12368896,9621408,10046176,1442496,8388592,0,243,0,240,0,959598,0,835320,558,0,0,0,0,0,0,0
1786392148348,12368896,9621408,10046176,1442496,8388592,0,243,0,240,0,959598,0,835320,558,0,0,0,0,0,0,0
1786392148859,12368896,9621408,10046176,1442496,8388592,0,243,0,240,0,959598,0,835320,558,0,0,0,0,0,0,0
1786392149361,12368896,9621408,10046176,1442496,8388592,0,243,0,240,0,959598,0,835320,558,0,0,0,0,0,0,0
1786392149862,12368896,9621408,10046176,1442496,8388592,0,243,0,240,0,959598,0,835320,558,0,0,0,0,0,0,0
1786392150375,12368896,9621408,10046176,1442496,8388592,0,243,0,240,0,959598,0,835320,558,0,0,0,0,0,0,0
1786392150887,12368896,9621168,10045936,1442496,8388592,0,243,0,240,0,959598,0,835320,558,0,0,0,0,0,0,0
1786392151395,12368896,9621168,10045936,1442496,8388592,0,243,0,240,0,959598,0,835320,558,0,0,0,0,0,0,0
1786392151899,12368896,9621168,10045936,1442496,8388592,0,243,0,240,0,959598,0,835320,558,0,0,0,0,0,0,0
1786392152412,12368896,9621168,10045936,1442496,8388592,0,243,0,240,0,959598,0,835320,558,0,0,0,0,0,0,0
1786392152925,12368896,9621168,10045936,1442496,8388592,0,243,0,240,0,959598,0,835320,558,0,0,0,0,0,0,0
1786392153430,12368896,9621168,10045936,1442496,8388592,0,243,0,240,0,959598,0,835320,558,0,0,0,0,0,0,0
1786392153942,12368896,9621168,10045936,1442496,8388592,0,243,0,240,0,959598,0,835320,558,0,0,0,0,0,0,0
1786392154455,12368896,9621168,10045936,1442496,8388592,0,243,0,240,0,959598,0,835320,558,0,0,0,0,0,0,0
1786392154967,12368896,9620928,10045696,1442496,8388592,0,243,0,240,0,959598,0,835320,558,0,0,0,0,0,0,0
1786392155477,12368896,9620928,10045696,1442496,8388592,0,243,0,240,0,959598,0,835320,558,0,0,0,0,0,0,0
1786392155979,12368896,9620928,10045696,1442496,8388592,0,243,0,240,0,959598,0,835320,558,0,0,0,0,0,0,0
1786392156479,12368896,9620928,10045696,1442496,8388592,0,243,0,240,0,959598,0,835320,558,0,0,0,0,0,0,0
1786392156984,12368896,9620928,10045696,1442496,8388592,0,243,0,240,0,959598,0,835320,558,0,0,0,0,0,0,0
1786392157487,12368896,9620928,10045696,1442496,8388592,0,243,0,240,0,959598,0,835320,558,0,0,0,0,0,0,0
1786392157999,12368896,9620928,10045696,1442496,8388592,0,243,0,240,0,959598,0,835320,558,0,0,0,0,0,0,0
1786392158511,12368896,9620928,10045696,1442496,8388592,0,243,0,240,0,959598,0,835320,558,0,0,0,0,0,0,0
1786392159017,12368896,9620928,10045696,1442496,8388592,0,243,0,240,0,959598,0,835320,558,0,0,0,0,0,0,0
1786392159529,12368896,9620928,10045696,1442496,8388592,0,243,0,240,0,959598,0,835320,558,0,0,0,0,0,0,0
1786392160039,12368896,9620928,10045696,1442496,8388592,0,243,0,240,0,959598,0,835320,558,0,0,0,0,0,0,0
1786392160544,12368896,9620928,10045696,1442496,8388592,0,243,0,240,0,959598,0,835320,558,0,0,0,0,0,0,0
1786392161053,12368896,9620928,10045696,1442496,8388592,0,243,0,240,0,959598,0,835320,558,0,0,0,0,0,0,0
1786392161564,12368896,9620688,10045456,1442496,8388592,0,243,0,240,0,959598,0,835320,558,0,0,0,0,0,0,0
1786392162073,12368896,9620688,10045456,1442496,8388592,0,243,0,240,0,959598,0,835320,558,0,0,0,0,0,0,0
1786392162580,12368896,9620688,10045456,1442496,8388592,0,243,0,240,0,959598,0,835320,558,0,0,0,0,0,0,0
1786392163091,12368896,9620688,10045456,1442496,8388592,0,243,0,240,0,959598,0,835320,558,0,0,0,0,0,0,0
1786392163596,12368896,9620688,10045456,1442496,8388592,0,243,0,240,0,959598,0,835320,558,0,0,0,0,0,0,0
1786392164108,12368896,9620688,10045456,1442496,8388592,0,243,0,240,0,959598,0,835320,558,0,0,0,0,0,0,0
1786392164617,12368896,9620688,10045456,1442496,8388592,0,243,0,240,0,959598,0,835320,558,0,0,0,0,0,0,0
1786392165120,12368896,9620688,10045456,1442496,8388592,0,243,0,240,0,959598,0,835320,558,0,0,0,0,0,0,0
1786392165625,12368896,9620688,10045456,1442496,8388592,0,243,0,240,0,959598,0,835320,558,0,0,0,0,0,0,0
1786392166137,12368896,9620688,10045456,1442496,8388592,0,243,0,240,0,959598,0,835320,558,0,0,0,0,0,0,0
1786392166649,12368896,9620448,10045216,1442496,8388592,0,243,0,240,0,959598,0,835320,558,0,0,0,0,0,0,0
1786392167161,12368896,9620448,10045216,1442496,8388592,0,243,0,240,0,959598,0,835320,558,0,0,0,0,0,0,0
1786392167668,12368896,9620448,10045216,1442496,8388592,0,243,0,240,0,959598,0,835320,558,0,0,0,0,0,0,0
1786392168176,12368896,9620448,10045216,1442496,8388592,0,243,0,240,0,959598,0,835320,558,0,0,0,0,0,0,0
1786392168686,12368896,9620448,10045216,1442496,8388592,0,243,0,240,0,959598,0,835320,558,0,0,0,0,0,0,0
1786392169188,12368896,9620448,10045216,1442496,8388592,0,243,0,240,0,959598,0,835320,558,0,0,0,0,0,0,0
1786392169691,12368896,9620448,10045216,1442496,8388592,0,243,0,240,0,959598,0,835320,558,0,0,0,0,0,0,0
1786392170195,12368896,9620448,10045216,1442496,8388592,0,243,0,240,0,959598,0,835320,558,0,0,0,0,0,0,0
1786392170706,12368896,9620448,10045216,1442496,8388592,0,243,0,240,0,959598,0,835320,558,0,0,0,0,0,0,0
1786392171212,12368896,9620448,10045216,1442496,8388592,0,243,0,240,0,959598,0,835320,558,0,0,0,0,0,0,0
1786392171720,12368896,9620448,10045216,1442496,8388592,0,243,0,240,0,959598,0,835320,558,0,0,0,0,0,0,0
1786392172232,12368896,9620448,10045216,1442496,8388592,0,243,0,240,0,959598,0,835320,558,0,0,0,0,0,0,0
1786392172744,12368896,9620448,10045216,1442496,8388592,0,243,0,240,0,959598,0,835320,558,0,0,0,0,0,0,0
1786392173252,12368896,9620448,10045216,1442496,8388592,0,243,0,240,0,959598,0,835320,558,0,0,0,0,0,0,0
1786392173764,12368896,9620208,10044976,1442496,8388592,0,243,0,240,0,959598,0,835320,558,0,0,0,0,0,0,0
1786392174275,12368896,9620208,10044976,1442496,8388592,0,243,0,240,0,959598,0,835320,558,0,0,0,0,0,0,0
1786392174779,12368896,9620208,10044976,1442496,8388592,0,243,0,240,0,959598,0,835320,558,0,0,0,0,0,0,0
1786392175290,12368896,9620208,10044976,1442496,8388592,0,243,0,240,0,959598,0,835320,558,0,0,0,0,0,0,0
1786392175796,12368896,9620208,10044976,1442496,8388592,0,243,0,240,0,959598,0,835320,558,0,0,0,0,0,0,0
1786392176307,12368896,9619968,10044736,1442496,8388592,0,243,0,240,0,959598,0,835320,558,0,0,0,0,0,0,0
1786392176814,12368896,9619968,10044736,1442496,8388592,0,243,0,240,0,959598,0,835320,558,0,0,0,0,0,0,0
1786392177326,12368896,9619968,10044736,1442496,8388592,0,243,0,240,0,959598,0,835320,558,0,0,0,0,0,0,0
1786392177829,12368896,9619968,10044736,1442496,8388592,0,243,0,240,0,959598,0,835320,558,0,0,0,0,0,0,0
1786392178339,12368896,9619968,10044736,1442496,8388592,0,243,0,240,0,959598,0,835320,558,0,0,0,0,0,0,0
1786392178843,12368896,9619968,10044736,1442496,8388592,0,243,0,240,0,959598,0,835320,558,0,0,0,0,0,0,0
1786392179354,12368896,9619968,10044736,1442464,8388592,0,243,0,240,0,959598,0,835320,558,0,0,0,0,0,0,0
1786392179865,12368896,9619968,10044736,1442464,8388592,0,243,0,240,0,959598,0,835320,558,0,0,0,0,0,0,0
1786392180368,12368896,9619968,10044768,1442496,8388592,0,243,0,240,0,959598,0,835320,558,0,0,0,0,0,0,0
1786392180879,12368896,9619968,10044768,1442496,8388592,0,243,0,240,0,959598,0,835320,558,0,0,0,0,0,0,0
1786392181391,12368896,9619968,10044768,1442496,8388592,0,243,0,240,0,959598,0,835320,558,0,0,0,0,0,0,0
1786392181894,12368896,9619968,10044768,1442496,8388592,0,243,0,240,0,959598,0,835320,558,0,0,0,0,0,0,0
1786392182397,12368896,9619968,10044768,1442496,8388592,0,243,0,240,0,959598,0,835320,558,0,0,0,0,0,0,0
1786392182904,12368896,9619968,10044768,1442496,8388592,0,243,0,240,0,959598,0,835320,558,0,0,0,0,0,0,0
1786392183415,12368896,9619968,10044768,1442496,8388592,0,243,0,240,0,959598,0,835320,558,0,0,0,0,0,0,0
1786392183926,12368896,9619968,10044768,1442496,8388592,0,243,0,240,0,959598,0,835320,558,0,0,0,0,0,0,0
1786392184430,12368896,9619968,10044768,1442496,8388592,0,243,0,240,0,959598,0,835320,558,0,0,0,0,0,0,0
1786392184941,12368896,9619968,10044768,1442496,8388592,0,243,0,240,0,959598,0,835320,558,0,0,0,0,0,0,0
1786392185450,12368896,9619968,10044768,1442496,8388592,0,243,0,240,0,959598,0,835320,558,0,0,0,0,0,0,0
1786392185952,12368896,9619968,10044768,1442496,8388592,0,243,0,240,0,959598,0,835320,558,0,0,0,0,0,0,0
1786392186458,12368896,9619968,10044768,1442496,8388592,0,243,0,240,0,959598,0,835320,558,0,0,0,0,0,0,0
1786392186969,12368896,9619968,10044768,1442496,8388592,0,243,0,240,0,959598,0,835320,558,0,0,0,0,0,0,0
1786392187478,12368896,9619968,10044768,1442496,8388592,0,243,0,240,0,959598,0,835320,558,0,0,0,0,0,0,0
1786392187980,12368896,9619968,10044768,1442496,8388592,0,243,0,240,0,959598,0,835320,558,0,0,0,0,0,0,0
1786392188485,12368896,9619968,10044768,1442496,8388592,0,243,0,240,0,959598,0,835320,558,0,0,0,0,0,0,0
1786392188987,12368896,9619968,10044768,1442496,8388592,0,243,0,240,0,959598,0,835320,558,0,0,0,0,0,0,0
1786392189498,12368896,9619968,10044768,1442496,8388592,0,243,0,240,0,959598,0,835320,558,0,0,0,0,0,0,0
1786392190010,12368896,9619968,10044768,1442496,8388592,0,243,0,240,0,959598,0,835320,558,0,0,0,0,0,0,0
1786392190517,12368896,9619968,10044768,1442496,8388592,0,243,0,240,0,959598,0,835320,558,0,0,0,0,0,0,0
1786392191029,12368896,9619968,10044768,1442496,8388592,0,243,0,240,0,959598,0,835320,558,0,0,0,0,0,0,0
1786392191530,12368896,9619968,10044768,1442496,8388592,0,243,0,240,0,959598,0,835320,558,0,0,0,0,0,0,0
1786392192039,12368896,9619968,10044768,1442496,8388592,0,243,0,240,0,959598,0,835320,558,0,0,0,0,0,0,0
1786392192551,12368896,9619968,10044768,1442496,8388592,0,243,0,240,0,959598,0,835320,558,0,0,0,0,0,0,0
1786392193053,12368896,9619968,10044768,1442496,8388592,0,243,0,240,0,959598,0,835320,558,0,0,0,0,0,0,0
1786392193564,12368896,9619968,10044768,1442496,8388592,0,243,0,240,0,959598,0,835320,558,0,0,0,0,0,0,0
1786392194075,12368896,9619968,10044768,1442496,8388592,0,243,0,240,0,959598,0,835320,558,0,0,0,0,0,0,0
1786392194581,12368896,9619968,10044768,1442496,8388592,0,243,0,240,0,959598,0,835320,558,0,0,0,0,0,0,0
1786392195087,12368896,9619968,10044768,1442496,8388592,0,243,0,240,0,959598,0,835320,558,0,0,0,0,0,0,0
1786392195591,12368896,9619968,10044768,1442496,8388592,0,243,0,240,0,959598,0,835320,558,0,0,0,0,0,0,0
1786392196095,12368896,9619968,10044768,1442496,8388592,0,243,0,240,0,959598,0,835320,558,0,0,0,0,0,0,0
1786392196607,12368896,9619968,10044768,1442496,8388592,0,243,0,240,0,959598,0,835320,558,0,0,0,0,0,0,0
1786392197119,12368896,9619968,10044768,1442496,8388592,0,243,0,240,0,959598,0,835320,558,0,0,0,0,0,0,0
1786392197630,12368896,9619728,10044528,1442496,8388592,0,243,0,240,0,959598,0,835320,558,0,0,0,0,0,0,0
1786392198136,12368896,9619728,10044528,1442496,8388592,0,243,0,240,0,959598,0,835320,558,0,0,0,0,0,0,0
1786392198648,12368896,9619728,10044528,1442496,8388592,0,243,0,240,0,959598,0,835320,558,0,0,0,0,0,0,0
1786392199151,12368896,9619728,10044528,1442496,8388592,0,243,0,240,0,959598,0,835320,558,0,0,0,0,0,0,0
1786392199653,12368896,9619728,10044528,1442496,8388592,0,243,0,240,0,959598,0,835320,558,0,0,0,0,0,0,0
1786392200165,12368896,9619728,10044528,1442496,8388592,0,243,0,240,0,959598,0,835320,558,0,0,0,0,0,0,0
1786392200666,12368896,9619728,10044528,1442496,8388592,0,243,0,240,0,959598,0,835320,558,0,0,0,0,0,0,0
1786392201170,12368896,9619728,10044528,1442496,8388592,0,243,0,240,0,959598,0,835320,558,0,0,0,0,0,0,0
1786392201678,12368896,9619728,10044528,1442496,8388592,0,243,0,240,0,959598,0,835320,558,0,0,0,0,0,0,0
1786392202181,12368896,9619728,10044528,1442496,8388592,0,243,0,240,0,959598,0,835320,558,0,0,0,0,0,0,0
1786392202693,12368896,9619728,10044528,1442496,8388592,0,243,0,240,0,959598,0,835320,558,0,0,0,0,0,0,0
1786392203205,12368896,9619728,10044784,1442560,8388592,0,243,0,240,0,967787,0,843494,559,0,0,0,0,0,0,0
1786392203707,12368896,9619728,10044800,1442592,8388592,0,243,0,240,0,967787,0,843494,559,0,0,0,0,0,0,0
1786392204209,12368896,9619728,10044800,1442592,8388592,0,243,0,240,0,967787,0,843494,559,0,0,0,0,0,0,0
1786392204721,12368896,9619728,10044800,1442592,8388592,0,243,0,240,0,967787,0,843494,559,0,0,0,0,0,0,0
1786392205228,12368896,9619488,10044560,1442592,8388592,0,243,0,240,0,967787,0,843494,559,0,0,0,0,0,0,0
1786392205739,12368896,9619488,10044560,1442592,8388592,0,243,0,240,0,967787,0,843494,559,0,0,0,0,0,0,0
1786392206249,12368896,9619488,10044560,1442592,8388592,0,243,0,240,0,967787,0,843494,559,0,0,0,0,0,0,0
1786392206754,12368896,9619488,10044560,1442592,8388592,0,243,0,240,0,967787,0,843494,559,0,0,0,0,0,0,0
1786392207259,12368896,9619488,10044560,1442592,8388592,0,243,0,240,0,967787,0,843494,559,0,0,0,0,0,0,0
1786392207764,12368896,9619488,10044560,1442592,8388592,0,243,0,240,0,967787,0,843494,559,0,0,0,0,0,0,0
1786392208271,12368896,9619488,10044560,1442592,8388592,0,243,0,240,0,967787,0,843494,559,0,0,0,0,0,0,0
1786392208780,12368896,9619488,10044560,1442576,8388592,0,243,0,240,0,977878,0,853585,559,0,0,0,0,0,0,0
1786392209292,12368896,9619488,10044576,1442592,8388592,0,243,0,240,0,977878,0,853585,559,0,0,0,0,0,0,0
1786392209795,12368896,9619488,10044576,1442592,8388592,0,243,0,240,0,977878,0,853585,559,0,0,0,0,0,0,0
1786392210304,12368896,9619488,10044576,1442656,8388592,0,243,0,240,0,978911,0,854609,559,0,0,0,0,0,0,0
1786392210812,12368896,9619488,10044576,1442656,8388592,0,243,0,240,0,996136,0,871834,559,0,0,0,0,0,0,0
1786392211322,12368896,9619488,10045008,1443024,8388592,0,243,0,240,0,996136,0,871834,559,0,0,0,0,0,0,0
1786392211830,12368896,9619488,10045008,1443024,8388592,0,243,0,240,0,996136,0,871834,559,0,0,0,0,0,0,0
1786392212340,12368896,9619488,10045008,1443024,8388592,0,243,0,240,0,996136,0,871834,559,0,0,0,0,0,0,0
1786392212847,12368896,9619488,10045008,1443024,8388592,0,243,0,240,0,996136,0,871834,559,0,0,0,0,0,0,0
1786392213349,12368896,9619488,10045008,1443024,8388592,0,243,0,240,0,996136,0,871834,559,0,0,0,0,0,0,0
1786392213854,12368896,9619488,10045008,1443024,8388592,0,243,0,240,0,996136,0,871834,559,0,0,0,0,0,0,0
1786392214365,12368896,9619488,10045008,1443024,8388592,0,243,0,240,0,996136,0,871834,559,0,0,0,0,0,0,0
1786392214875,12368896,9619488,10045008,1443024,8388592,0,243,0,240,0,996136,0,871834,559,0,0,0,0,0,0,0
1786392215379,12368896,9619488,10045008,1443024,8388592,0,243,0,240,0,996136,0,871834,559,0,0,0,0,0,0,0
1786392215888,12368896,9619488,10045008,1443024,8388592,0,243,0,240,0,996136,0,871834,559,0,0,0,0,0,0,0
1786392216392,12368896,9619488,10045008,1443024,8388592,0,243,0,240,0,996136,0,871834,559,0,0,0,0,0,0,0
1786392216904,12368896,9618768,10044288,1443024,8388592,0,243,0,240,0,996136,0,871834,559,0,0,0,0,0,0,0
1786392217415,12368896,9618768,10044288,1443024,8388592,0,243,0,240,0,996136,0,871834,559,0,0,0,0,0,0,0
1786392217927,12368896,9618768,10044288,1443024,8388592,0,243,0,240,0,996136,0,871834,559,0,0,0,0,0,0,0
1786392218430,12368896,9618768,10044288,1443024,8388592,0,243,0,240,0,996136,0,871834,559,0,0,0,0,0,0,0
1786392218931,12368896,9618768,10044288,1443024,8388592,0,243,0,240,0,996136,0,871834,559,0,0,0,0,0,0,0
1786392219437,12368896,9618768,10044288,1443024,8388592,0,243,0,240,0,996136,0,871834,559,0,0,0,0,0,0,0
1786392219942,12368896,9618768,10044288,1443024,8388592,0,243,0,240,0,996136,0,871834,559,0,0,0,0,0,0,0
1786392220444,12368896,9618768,10044288,1443024,8388592,0,243,0,240,0,996136,0,871834,559,0,0,0,0,0,0,0
1786392220956,12368896,9618768,10044288,1443024,8388592,0,243,0,240,0,996136,0,871834,559,0,0,0,0,0,0,0
1786392221459,12368896,9618768,10044288,1443024,8388592,0,243,0,240,0,996136,0,871834,559,0,0,0,0,0,0,0
1786392221969,12368896,9618768,10044288,1443024,8388592,0,243,0,240,0,996136,0,871834,559,0,0,0,0,0,0,0
1786392222480,12368896,9618768,10044288,1443024,8388592,0,243,0,240,0,996136,0,871834,559,0,0,0,0,0,0,0
1786392222991,12368896,9618768,10044288,1443024,8388592,0,243,0,240,0,996136,0,871834,559,0,0,0,0,0,0,0
1786392223493,12368896,9618528,10044048,1443024,8388592,0,243,0,240,0,996136,0,871834,559,0,0,0,0,0,0,0
1786392224003,12368896,9618528,10044048,1443024,8388592,0,243,0,240,0,996136,0,871834,559,0,0,0,0,0,0,0
1786392224515,12368896,9618528,10044048,1443024,8388592,0,243,0,240,0,996136,0,871834,559,0,0,0,0,0,0,0
1786392225016,12368896,9618528,10044048,1443024,8388592,0,243,0,240,0,996136,0,871834,559,0,0,0,0,0,0,0
1786392225518,12368896,9618528,10044048,1443024,8388592,0,243,0,240,0,996136,0,871834,559,0,0,0,0,0,0,0
1786392226019,12368896,9618288,10043808,1443040,8388592,0,243,0,240,0,996136,0,871834,559,0,0,0,0,0,0,0
1786392226525,12368896,9618288,10043808,1443040,8388592,0,243,0,240,0,996136,0,871834,559,0,0,0,0,0,0,0
1786392227027,12368896,9618288,10043808,1443040,8388592,0,243,0,240,0,996136,0,871834,559,0,0,0,0,0,0,0
1786392227529,12368896,9618288,10043808,1443040,8388592,0,243,0,240,0,996136,0,871834,559,0,0,0,0,0,0,0
1786392228031,12368896,9618288,10043808,1443040,8388592,0,243,0,240,0,996136,0,871834,559,0,0,0,0,0,0,0
1786392228543,12368896,9618288,10043808,1443040,8388592,0,243,0,240,0,996136,0,871834,559,0,0,0,0,0,0,0
1786392229046,12368896,9618288,10043808,1443040,8388592,0,243,0,240,0,996136,0,871834,559,0,0,0,0,0,0,0
1786392229557,12368896,9618048,10043568,1443040,8388592,0,243,0,240,0,996136,0,871834,559,0,0,0,0,0,0,0
1786392230065,12368896,9618048,10043568,1443040,8388592,0,243,0,240,0,996136,0,871834,559,0,0,0,0,0,0,0
1786392230569,12368896,9618048,10043568,1443040,8388592,0,243,0,240,0,996136,0,871834,559,0,0,0,0,0,0,0
1786392231075,12368896,9617808,10043328,1443040,8388592,0,243,0,240,0,996136,0,871834,559,0,0,0,0,0,0,0
1786392231580,12368896,9617808,10043312,1443040,8388592,0,243,0,240,0,996136,0,871834,559,0,0,0,0,0,0,0
1786392232091,12368896,9617808,10043312,1443040,8388592,0,243,0,240,0,996136,0,871834,559,0,0,0,0,0,0,0
1786392232596,12368896,9617808,10043328,1443040,8388592,0,243,0,240,0,996136,0,871834,559,0,0,0,0,0,0,0
1786392233106,12368896,9617808,10043328,1443040,8388592,0,243,0,240,0,996136,0,871834,559,0,0,0,0,0,0,0
1786392233610,12368896,9617808,10043328,1443040,8388592,0,243,0,240,0,996136,0,871834,559,0,0,0,0,0,0,0
1786392234116,12368896,9617808,10043328,1443040,8388592,0,243,0,240,0,999893,0,875591,559,0,0,0,0,0,0,0
1786392234627,12368896,9617808,10043328,1443040,8388592,0,243,0,240,0,999893,0,875591,559,0,0,0,0,0,0,0
1786392235130,12368896,9617808,10043328,1443040,8388592,0,243,0,240,0,999893,0,875591,559,0,0,0,0,0,0,0
1786392235641,12368896,9617808,10043328,1443040,8388592,0,243,0,240,0,999893,0,875591,559,0,0,0,0,0,0,0
1786392236152,12368896,9617808,10043328,1443040,8388592,0,243,0,240,0,999893,0,875591,559,0,0,0,0,0,0,0
1786392236658,12368896,9617568,10043088,1443040,8388592,0,243,0,240,0,999893,0,875591,559,0,0,0,0,0,0,0
1786392237159,12368896,9617568,10043088,1443040,8388592,0,243,0,240,0,999893,0,875591,559,0,0,0,0,0,0,0
1786392237665,12368896,9617568,10043088,1443040,8388592,0,243,0,240,0,999893,0,875591,559,0,0,0,0,0,0,0
1786392238172,12368896,9617568,10043088,1443040,8388592,0,243,0,240,0,999893,0,875591,559,0,0,0,0,0,0,0
1786392238680,12368896,9617568,10043088,1443040,8388592,0,243,0,240,0,999893,0,875591,559,0,0,0,0,0,0,0
1786392239183,12368896,9617568,10043088,1443040,8388592,0,243,0,240,0,999893,0,875591,559,0,0,0,0,0,0,0
1786392239694,12368896,9617568,10043088,1443040,8388592,0,243,0,240,0,999893,0,875591,559,0,0,0,0,0,0,0
1786392240205,12368896,9617568,10043088,1443040,8388592,0,243,0,240,0,999893,0,875591,559,0,0,0,0,0,0,0
1786392240710,12368896,9617568,10043088,1443040,8388592,0,243,0,240,0,999893,0,875591,559,0,0,0,0,0,0,0
1786392241222,12368896,9617568,10043088,1443200,8388592,0,243,0,240,0,1004093,0,879791,559,0,0,0,0,0,0,0
1786392241726,12368896,9617568,10043088,1443200,8388592,0,243,0,240,0,1004093,0,879791,559,0,0,0,0,0,0,0
1786392242230,12368896,9617568,10043088,1443200,8388592,0,243,0,240,0,1004093,0,879791,559,0,0,0,0,0,0,0
1786392242732,12368896,9617568,10043248,1443200,8388592,0,243,0,240,0,1004093,0,879791,559,0,0,0,0,0,0,0
1786392243243,12368896,9617568,10043248,1443200,8388592,0,243,0,240,0,1004093,0,879791,559,0,0,0,0,0,0,0
1786392243745,12368896,9617568,10043248,1443200,8388592,0,243,0,240,0,1004093,0,879791,559,0,0,0,0,0,0,0
1786392244250,12368896,9617568,10043248,1443200,8388592,0,243,0,240,0,1004093,0,879791,559,0,0,0,0,0,0,0
1786392244755,12368896,9617568,10043248,1443200,8388592,0,243,0,240,0,1004093,0,879791,559,0,0,0,0,0,0,0
1786392245259,12368896,9617568,10043248,1443200,8388592,0,243,0,240,0,1004093,0,879791,559,0,0,0,0,0,0,0
1786392245771,12368896,9617568,10043248,1443200,8388592,0,243,0,240,0,1004093,0,879791,559,0,0,0,0,0,0,0
1786392246283,12368896,9617568,10043248,1443200,8388592,0,243,0,240,0,1004093,0,879791,559,0,0,0,0,0,0,0
1786392246795,12368896,9617568,10043248,1443200,8388592,0,243,0,240,0,1004093,0,879791,559,0,0,0,0,0,0,0
1786392247299,12368896,9617568,10043248,1443200,8388592,0,243,0,240,0,1004093,0,879791,559,0,0,0,0,0,0,0
1786392247810,12368896,9617568,10043248,1443200,8388592,0,243,0,240,0,1004093,0,879791,559,0,0,0,0,0,0,0
1786392248312,12368896,9617568,10043248,1443200,8388592,0,243,0,240,0,1004093,0,879791,559,0,0,0,0,0,0,0
1786392248821,12368896,9617568,10043248,1443200,8388592,0,243,0,240,0,1004093,0,879791,559,0,0,0,0,0,0,0
1786392249330,12368896,9617568,10043248,1443200,8388592,0,243,0,240,0,1004093,0,879791,559,0,0,0,0,0,0,0
1786392249841,12368896,9617568,10043248,1443200,8388592,0,243,0,240,0,1004093,0,879791,559,0,0,0,0,0,0,0
1786392250345,12368896,9617568,10043248,1443200,8388592,0,243,0,240,0,1004093,0,879791,559,0,0,0,0,0,0,0
1786392250846,12368896,9617568,10043248,1443200,8388592,0,243,0,240,0,1004093,0,879791,559,0,0,0,0,0,0,0
1786392251355,12368896,9617568,10043248,1443200,8388592,0,243,0,240,0,1004093,0,879791,559,0,0,0,0,0,0,0
1786392251867,12368896,9617568,10043248,1443200,8388592,0,243,0,240,0,1004093,0,879791,559,0,0,0,0,0,0,0
1786392252379,12368896,9617568,10043248,1443200,8388592,0,243,0,240,0,1004093,0,879791,559,0,0,0,0,0,0,0
1786392252888,12368896,9617568,10043248,1443200,8388592,0,243,0,240,0,1004093,0,879791,559,0,0,0,0,0,0,0
1786392253394,12368896,9617568,10043248,1443200,8388592,0,243,0,240,0,1004093,0,879791,559,0,0,0,0,0,0,0
1786392253906,12368896,9617568,10043248,1443200,8388592,0,243,0,240,0,1004093,0,879791,559,0,0,0,0,0,0,0
1786392254418,12368896,9617568,10043248,1443200,8388592,0,243,0,240,0,1004093,0,879791,559,0,0,0,0,0,0,0
1786392254930,12368896,9617568,10043248,1443200,8388592,0,243,0,240,0,1004093,0,879791,559,0,0,0,0,0,0,0
1786392255442,12368896,9617568,10043248,1443200,8388592,0,243,0,240,0,1004093,0,879791,559,0,0,0,0,0,0,0
1786392255949,12368896,9617568,10043248,1443200,8388592,0,243,0,240,0,1004093,0,879791,559,0,0,0,0,0,0,0
1786392256458,12368896,9616848,10042528,1443200,8388592,0,243,0,240,0,1004093,0,879791,559,0,0,0,0,0,0,0
1786392256969,12368896,9616848,10042528,1443200,8388592,0,243,0,240,0,1004093,0,879791,559,0,0,0,0,0,0,0
1786392257473,12368896,9616848,10042528,1443200,8388592,0,243,0,240,0,1004093,0,879791,559,0,0,0,0,0,0,0
1786392257984,12368896,9616848,10042528,1443200,8388592,0,243,0,240,0,1004093,0,879791,559,0,0,0,0,0,0,0
1786392258489,12368896,9616848,10042528,1443200,8388592,0,243,0,240,0,1004093,0,879791,559,0,0,0,0,0,0,0
1786392259001,12368896,9616848,10042528,1443200,8388592,0,243,0,240,0,1004093,0,879791,559,0,0,0,0,0,0,0
1786392259506,12368896,9616848,10042528,1443200,8388592,0,243,0,240,0,1004093,0,879791,559,0,0,0,0,0,0,0
1786392260012,12368896,9616848,10042528,1443200,8388592,0,243,0,240,0,1004093,0,879791,559,0,0,0,0,0,0,0
1786392260524,12368896,9616848,10042528,1443200,8388592,0,243,0,240,0,1004093,0,879791,559,0,0,0,0,0,0,0
1786392261036,12368896,9616608,10042288,1443200,8388592,0,243,0,240,0,1004093,0,879791,559,0,0,0,0,0,0,0
1786392261539,12368896,9616608,10042288,1443200,8388592,0,243,0,240,0,1004093,0,879791,559,0,0,0,0,0,0,0
1786392262045,12368896,9616608,10042288,1443200,8388592,0,243,0,240,0,1004093,0,879791,559,0,0,0,0,0,0,0
1786392262556,12368896,9616608,10042288,1443200,8388592,0,243,0,240,0,1004093,0,879791,559,0,0,0,0,0,0,0
1786392263057,12368896,9616368,10042048,1443200,8388592,0,243,0,240,0,1004093,0,879791,559,0,0,0,0,0,0,0
1786392263568,12368896,9616368,10042048,1443200,8388592,0,243,0,240,0,1004093,0,879791,559,0,0,0,0,0,0,0
1786392264077,12368896,9616368,10042048,1443200,8388592,0,243,0,240,0,1004093,0,879791,559,0,0,0,0,0,0,0
1786392264587,12368896,9616368,10042048,1443200,8388592,0,243,0,240,0,1004093,0,879791,559,0,0,0,0,0,0,0
1786392265089,12368896,9616368,10042048,1443200,8388592,0,243,0,240,0,1004093,0,879791,559,0,0,0,0,0,0,0
1786392265601,12368896,9616368,10042048,1443200,8388592,0,243,0,240,0,1004093,0,879791,559,0,0,0,0,0,0,0
1786392266113,12368896,9616368,10042048,1443200,8388592,0,243,0,240,0,1004093,0,879791,559,0,0,0,0,0,0,0
1786392266625,12368896,9616368,10042048,1443200,8388592,0,243,0,240,0,1004093,0,879791,559,0,0,0,0,0,0,0
1786392267135,12368896,9616368,10042048,1443200,8388592,0,243,0,240,0,1004093,0,879791,559,0,0,0,0,0,0,0
1786392267647,12368896,9616368,10042048,1443200,8388592,0,243,0,240,0,1004093,0,879791,559,0,0,0,0,0,0,0
1786392268151,12368896,9616368,10042048,1443200,8388592,0,243,0,240,0,1004093,0,879791,559,0,0,0,0,0,0,0
1786392268663,12368896,9616368,10042048,1443200,8388592,0,243,0,240,0,1004093,0,879791,559,0,0,0,0,0,0,0
1786392269172,12368896,9616368,10042048,1443200,8388592,0,243,0,240,0,1004093,0,879791,559,0,0,0,0,0,0,0
1786392269683,12368896,9616368,10042048,1443200,8388592,0,243,0,240,0,1004093,0,879791,559,0,0,0,0,0,0,0
1786392270194,12368896,9616368,10042048,1443200,8388592,0,243,0,240,0,1004093,0,879791,559,0,0,0,0,0,0,0
1786392270711,12368896,9616368,10042048,1443200,8388592,0,243,0,240,0,1004093,0,879791,559,0,0,0,0,0,0,0
1786392271223,12368896,9616368,10042048,1443200,8388592,0,243,0,240,0,1004093,0,879791,559,0,0,0,0,0,0,0
1786392271730,12368896,9616368,10042048,1443200,8388592,0,243,0,240,0,1004093,0,879791,559,0,0,0,0,0,0,0
1786392272240,12368896,9616368,10042048,1443200,8388592,0,243,0,240,0,1004093,0,879791,559,0,0,0,0,0,0,0
1786392272752,12368896,9616368,10042048,1443200,8388592,0,243,0,240,0,1004093,0,879791,559,0,0,0,0,0,0,0
1786392273264,12368896,9616368,10042048,1443200,8388592,0,243,0,240,0,1004093,0,879791,559,0,0,0,0,0,0,0
1786392273777,12368896,9616368,10042048,1443200,8388592,0,243,0,240,0,1004093,0,879791,559,0,0,0,0,0,0,0
1786392274288,12368896,9616368,10042048,1443200,8388592,0,243,0,240,0,1004093,0,879791,559,0,0,0,0,0,0,0
1786392274791,12368896,9616368,10042048,1443200,8388592,0,243,0,240,0,1004093,0,879791,559,0,0,0,0,0,0,0
1786392275294,12368896,9616368,10042048,1443200,8388592,0,243,0,240,0,1004093,0,879791,559,0,0,0,0,0,0,0
1786392275795,12368896,9616368,10042048,1443200,8388592,0,243,0,240,0,1004093,0,879791,559,0,0,0,0,0,0,0
1786392276296,12368896,9616368,10042048,1443200,8388592,0,243,0,240,0,1004093,0,879791,559,0,0,0,0,0,0,0
1786392276801,12368896,9616368,10042048,1443200,8388592,0,243,0,240,0,1004093,0,879791,559,0,0,0,0,0,0,0
1786392277304,12368896,9616368,10042048,1443200,8388592,0,243,0,240,0,1004093,0,879791,559,0,0,0,0,0,0,0
1786392277815,12368896,9616368,10042048,1443200,8388592,0,243,0,240,0,1004093,0,879791,559,0,0,0,0,0,0,0
1786392278318,12368896,9616368,10042048,1443200,8388592,0,243,0,240,0,1004093,0,879791,559,0,0,0,0,0,0,0
1786392278829,12368896,9616368,10042048,1443200,8388592,0,243,0,240,0,1004093,0,879791,559,0,0,0,0,0,0,0
1786392279339,12368896,9616368,10042048,1443200,8388592,0,243,0,240,0,1004093,0,879791,559,0,0,0,0,0,0,0
1786392279842,12368896,9616368,10042048,1443200,8388592,0,243,0,240,0,1004093,0,879791,559,0,0,0,0,0,0,0
1786392280349,12368896,9616368,10042048,1443200,8388592,0,243,0,240,0,1004093,0,879791,559,0,0,0,0,0,0,0
1786392280853,12368896,9616368,10042048,1443200,8388592,0,243,0,240,0,1004093,0,879791,559,0,0,0,0,0,0,0
1786392281364,12368896,9616368,10042048,1443200,8388592,0,243,0,240,0,1004093,0,879791,559,0,0,0,0,0,0,0
1786392281867,12368896,9616368,10042048,1443200,8388592,0,243,0,240,0,1004093,0,879791,559,0,0,0,0,0,0,0
1786392282378,12368896,9616368,10042048,1443200,8388592,0,243,0,240,0,1004093,0,879791,559,0,0,0,0,0,0,0
1786392282879,12368896,9616368,10042048,1443200,8388592,0,243,0,240,0,1004093,0,879791,559,0,0,0,0,0,0,0
1786392283390,12368896,9616368,10042048,1443200,8388592,0,243,0,240,0,1004093,0,879791,559,0,0,0,0,0,0,0
1786392283899,12368896,9616368,10042048,1443200,8388592,0,243,0,240,0,1004093,0,879791,559,0,0,0,0,0,0,0
1786392284410,12368896,9616368,10042048,1443200,8388592,0,243,0,240,0,1004093,0,879791,559,0,0,0,0,0,0,0
1786392284920,12368896,9616368,10042048,1443200,8388592,0,243,0,240,0,1004093,0,879791,559,0,0,0,0,0,0,0
1786392285430,12368896,9616368,10042048,1443200,8388592,0,243,0,240,0,1004093,0,879791,559,0,0,0,0,0,0,0
1786392285934,12368896,9616368,10042048,1443200,8388592,0,243,0,240,0,1004093,0,879791,559,0,0,0,0,0,0,0
1786392286446,12368896,9616368,10042048,1443200,8388592,0,243,0,240,0,1004093,0,879791,559,0,0,0,0,0,0,0
1786392286958,12368896,9616368,10042048,1443200,8388592,0,243,0,240,0,1004093,0,879791,559,0,0,0,0,0,0,0
1786392287470,12368896,9616368,10042048,1443200,8388592,0,243,0,240,0,1004093,0,879791,559,0,0,0,0,0,0,0
1786392287981,12368896,9616368,10042048,1443200,8388592,0,243,0,240,0,1004093,0,879791,559,0,0,0,0,0,0,0
1786392288489,12368896,9616368,10042048,1443200,8388592,0,243,0,240,0,1004093,0,879791,559,0,0,0,0,0,0,0
1786392288994,12368896,9616368,10042048,1443200,8388592,0,243,0,240,0,1004093,0,879791,559,0,0,0,0,0,0,0
1786392289496,12368896,9616368,10042048,1443200,8388592,0,243,0,240,0,1004093,0,879791,559,0,0,0,0,0,0,0
1786392290005,12368896,9616368,10042048,1443200,8388592,0,243,0,240,0,1004093,0,879791,559,0,0,0,0,0,0,0
1786392290514,12368896,9616368,10042048,1443200,8388592,0,243,0,240,0,1004093,0,879791,559,0,0,0,0,0,0,0
1786392291026,12368896,9616368,10042048,1443200,8388592,0,243,0,240,0,1004093,0,879791,559,0,0,0,0,0,0,0
1786392291530,12368896,9616368,10042048,1443200,8388592,0,243,0,240,0,1004093,0,879791,559,0,0,0,0,0,0,0
1786392292040,12368896,9616368,10042048,1443200,8388592,0,243,0,240,0,1004093,0,879791,559,0,0,0,0,0,0,0
1786392292552,12368896,9616368,10042048,1443200,8388592,0,243,0,240,0,1004093,0,879791,559,0,0,0,0,0,0,0
1786392293064,12368896,9616368,10042048,1443200,8388592,0,243,0,240,0,1004093,0,879791,559,0,0,0,0,0,0,0
1786392293576,12368896,9616368,10042048,1443200,8388592,0,243,0,240,0,1004093,0,879791,559,0,0,0,0,0,0,0
1786392294088,12368896,9616128,10041808,1443200,8388592,0,243,0,240,0,1004093,0,879791,559,0,0,0,0,0,0,0
1786392294598,12368896,9616128,10041808,1443200,8388592,0,243,0,240,0,1004093,0,879791,559,0,0,0,0,0,0,0
1786392295105,12368896,9616128,10041808,1443200,8388592,0,243,0,240,0,1004093,0,879791,559,0,0,0,0,0,0,0
1786392295615,12368896,9616128,10041808,1443200,8388592,0,243,0,240,0,1004093,0,879791,559,0,0,0,0,0,0,0
1786392296117,12368896,9616128,10041808,1443200,8388592,0,243,0,240,0,1004093,0,879791,559,0,0,0,0,0,0,0
1786392296623,12368896,9616128,10041808,1443200,8388592,0,243,0,240,0,1004093,0,879791,559,0,0,0,0,0,0,0
1786392297130,12368896,9616128,10041808,1443200,8388592,0,243,0,240,0,1004093,0,879791,559,0,0,0,0,0,0,0
1786392297642,12368896,9616128,10041808,1443200,8388592,0,243,0,240,0,1004093,0,879791,559,0,0,0,0,0,0,0
1786392298148,12368896,9616128,10041808,1443200,8388592,0,243,0,240,0,1004093,0,879791,559,0,0,0,0,0,0,0
1786392298653,12368896,9616128,10041808,1443200,8388592,0,243,0,240,0,1004093,0,879791,559,0,0,0,0,0,0,0
1786392299158,12368896,9616128,10041808,1443200,8388592,0,243,0,240,0,1004093,0,879791,559,0,0,0,0,0,0,0
1786392299670,12368896,9616128,10041808,1443200,8388592,0,243,0,240,0,1004093,0,879791,559,0,0,0,0,0,0,0
1786392300180,12368896,9616128,10041808,1443200,8388592,0,243,0,240,0,1004093,0,879791,559,0,0,0,0,0,0,0
1786392300692,12368896,9616128,10041808,1443200,8388592,0,243,0,240,0,1004093,0,879791,559,0,0,0,0,0,0,0
1786392301196,12368896,9616128,10041808,1443200,8388592,0,243,0,240,0,1004093,0,879791,559,0,0,0,0,0,0,0
1786392301701,12368896,9616128,10041808,1443200,8388592,0,243,0,240,0,1004093,0,879791,559,0,0,0,0,0,0,0
1786392302212,12368896,9616128,10041808,1443200,8388592,0,243,0,240,0,1004093,0,879791,559,0,0,0,0,0,0,0
1786392302713,12368896,9616128,10041808,1443200,8388592,0,243,0,240,0,1004093,0,879791,559,0,0,0,0,0,0,0
1786392303217,12368896,9616128,10041808,1443200,8388592,0,243,0,240,0,1004093,0,879791,559,0,0,0,0,0,0,0
1786392303724,12368896,9616128,10041808,1443200,8388592,0,243,0,240,0,1004093,0,879791,559,0,0,0,0,0,0,0
1786392304230,12368896,9616128,10041808,1443200,8388592,0,243,0,240,0,1004093,0,879791,559,0,0,0,0,0,0,0
1786392304732,12368896,9616128,10041808,1443200,8388592,0,243,0,240,0,1004093,0,879791,559,0,0,0,0,0,0,0
1786392305245,12368896,9616128,10041808,1443200,8388592,0,243,0,240,0,1004093,0,879791,559,0,0,0,0,0,0,0
1786392305752,12368896,9616128,10041808,1443216,8388592,0,243,0,240,0,1004093,0,879791,559,0,0,0,0,0,0,0
1786392306264,12368896,9616128,10041808,1443216,8388592,0,243,0,240,0,1004093,0,879791,559,0,0,0,0,0,0,0
1786392306776,12368896,9616128,10041808,1443216,8388592,0,243,0,240,0,1004093,0,879791,559,0,0,0,0,0,0,0
1786392307291,12368896,9616128,10041808,1443216,8388592,0,243,0,240,0,1004093,0,879791,559,0,0,0,0,0,0,0
1786392307802,12368896,9616128,10041808,1443216,8388592,0,243,0,240,0,1004093,0,879791,559,0,0,0,0,0,0,0
1786392308305,12368896,9616128,10041808,1443216,8388592,0,243,0,240,0,1004093,0,879791,559,0,0,0,0,0,0,0
1786392308811,12368896,9616128,10041808,1443216,8388592,0,243,0,240,0,1004093,0,879791,559,0,0,0,0,0,0,0
1786392309322,12368896,9616128,10041808,1443216,8388592,0,243,0,240,0,1004093,0,879791,559,0,0,0,0,0,0,0
1786392309830,12368896,9616128,10041808,1443216,8388592,0,243,0,240,0,1004093,0,879791,559,0,0,0,0,0,0,0
1786392310342,12368896,9616128,10041808,1443216,8388592,0,243,0,240,0,1004093,0,879791,559,0,0,0,0,0,0,0
1786392310854,12368896,9616128,10041808,1443216,8388592,0,243,0,240,0,1004093,0,879791,559,0,0,0,0,0,0,0
1786392311359,12368896,9616128,10041808,1443216,8388592,0,243,0,240,0,1004093,0,879791,559,0,0,0,0,0,0,0
1786392311870,12368896,9616128,10041808,1443216,8388592,0,243,0,240,0,1004093,0,879791,559,0,0,0,0,0,0,0
1786392312374,12368896,9616128,10041808,1443216,8388592,0,243,0,240,0,1004093,0,879791,559,0,0,0,0,0,0,0
1786392312879,12368896,9616128,10041808,1443216,8388592,0,243,0,240,0,1004093,0,879791,559,0,0,0,0,0,0,0
1786392313391,12368896,9616128,10041808,1443216,8388592,0,243,0,240,0,1004093,0,879791,559,0,0,0,0,0,0,0
1786392313902,12368896,9616128,10041808,1443216,8388592,0,243,0,240,0,1004093,0,879791,559,0,0,0,0,0,0,0
1786392314404,12368896,9616128,10041808,1443216,8388592,0,243,0,240,0,1004093,0,879791,559,0,0,0,0,0,0,0
1786392314905,12368896,9616128,10041808,1443216,8388592,0,243,0,240,0,1004093,0,879791,559,0,0,0,0,0,0,0
1786392315416,12368896,9616128,10041808,1443216,8388592,0,243,0,240,0,1004093,0,879791,559,0,0,0,0,0,0,0
1786392315917,12368896,9616128,10041808,1443216,8388592,0,243,0,240,0,1004093,0,879791,559,0,0,0,0,0,0,0
1786392316427,12368896,9616128,10041808,1443216,8388592,0,243,0,240,0,1004093,0,879791,559,0,0,0,0,0,0,0
1786392316930,12368896,9616128,10041808,1443216,8388592,0,243,0,240,0,1004093,0,879791,559,0,0,0,0,0,0,0
1786392317436,12368896,9616128,10041808,1443216,8388592,0,243,0,240,0,1004093,0,879791,559,0,0,0,0,0,0,0
1786392317940,12368896,9616128,10041808,1443216,8388592,0,243,0,240,0,1004093,0,879791,559,0,0,0,0,0,0,0
1786392318442,12368896,9616128,10041808,1443216,8388592,0,243,0,240,0,1004093,0,879791,559,0,0,0,0,0,0,0
1786392318954,12368896,9616128,10041808,1443216,8388592,0,243,0,240,0,1004093,0,879791,559,0,0,0,0,0,0,0
1786392319466,12368896,9616128,10041808,1443216,8388592,0,243,0,240,0,1004093,0,879791,559,0,0,0,0,0,0,0
1786392319977,12368896,9616128,10041808,1443216,8388592,0,243,0,240,0,1004093,0,879791,559,0,0,0,0,0,0,0
1786392320482,12368896,9616128,10041808,1443216,8388592,0,243,0,240,0,1004093,0,879791,559,0,0,0,0,0,0,0
1786392320987,12368896,9616128,10041808,1443216,8388592,0,243,0,240,0,1004093,0,879791,559,0,0,0,0,0,0,0
1786392321488,12368896,9616128,10041808,1443216,8388592,0,243,0,240,0,1004093,0,879791,559,0,0,0,0,0,0,0
1786392321999,12368896,9616128,10041808,1443216,8388592,0,243,0,240,0,1004093,0,879791,559,0,0,0,0,0,0,0
1786392322503,12368896,9616128,10041808,1443216,8388592,0,243,0,240,0,1004093,0,879791,559,0,0,0,0,0,0,0
1786392323015,12368896,9616128,10041808,1443216,8388592,0,243,0,240,0,1004093,0,879791,559,0,0,0,0,0,0,0
1786392323518,12368896,9616128,10041808,1443216,8388592,0,243,0,240,0,1004093,0,879791,559,0,0,0,0,0,0,0
1786392324030,12368896,9616128,10041808,1443216,8388592,0,243,0,240,0,1004093,0,879791,559,0,0,0,0,0,0,0
1786392324540,12368896,9616128,10041808,1443216,8388592,0,243,0,240,0,1004093,0,879791,559,0,0,0,0,0,0,0
1786392325052,12368896,9616128,10041808,1443216,8388592,0,243,0,240,0,1004093,0,879791,559,0,0,0,0,0,0,0
1786392325561,12368896,9616128,10041808,1443216,8388592,0,243,0,240,0,1004093,0,879791,559,0,0,0,0,0,0,0
1786392326072,12368896,9616128,10041808,1443216,8388592,0,243,0,240,0,1004093,0,879791,559,0,0,0,0,0,0,0
1786392326583,12368896,9616128,10041808,1443216,8388592,0,243,0,240,0,1004093,0,879791,559,0,0,0,0,0,0,0
1786392327095,12368896,9616128,10041808,1443216,8388592,0,243,0,240,0,1004093,0,879791,559,0,0,0,0,0,0,0
1786392327606,12368896,9615888,10041568,1443216,8388592,0,243,0,240,0,1004093,0,879791,559,0,0,0,0,0,0,0
1786392328112,12368896,9615888,10041568,1443216,8388592,0,243,0,240,0,1004093,0,879791,559,0,0,0,0,0,0,0
1786392328622,12368896,9615888,10041568,1443216,8388592,0,243,0,240,0,1004093,0,879791,559,0,0,0,0,0,0,0
1786392329133,12368896,9615888,10041568,1443216,8388592,0,243,0,240,0,1004093,0,879791,559,0,0,0,0,0,0,0
1786392329637,12368896,9615648,10041328,1443216,8388592,0,243,0,240,0,1004093,0,879791,559,0,0,0,0,0,0,0
1786392330141,12368896,9615648,10041328,1443216,8388592,0,243,0,240,0,1004093,0,879791,559,0,0,0,0,0,0,0
1786392330653,12368896,9615648,10041328,1443216,8388592,0,243,0,240,0,1004093,0,879791,559,0,0,0,0,0,0,0
1786392331163,12368896,9615648,10041328,1443216,8388592,0,243,0,240,0,1004093,0,879791,559,0,0,0,0,0,0,0
1786392331674,12368896,9615648,10041328,1443216,8388592,0,243,0,240,0,1004093,0,879791,559,0,0,0,0,0,0,0
1786392332178,12368896,9615648,10041328,1443216,8388592,0,243,0,240,0,1004093,0,879791,559,0,0,0,0,0,0,0
1786392332682,12368896,9615648,10041328,1443216,8388592,0,243,0,240,0,1004093,0,879791,559,0,0,0,0,0,0,0
1786392333193,12368896,9615648,10041328,1443216,8388592,0,243,0,240,0,1004093,0,879791,559,0,0,0,0,0,0,0
1786392333701,12368896,9615648,10041328,1443216,8388592,0,243,0,240,0,1004093,0,879791,559,0,0,0,0,0,0,0
1786392334208,12368896,9615648,10041328,1443216,8388592,0,243,0,240,0,1004093,0,879791,559,0,0,0,0,0,0,0
1786392334713,12368896,9615648,10041328,1443216,8388592,0,243,0,240,0,1004093,0,879791,559,0,0,0,0,0,0,0
1786392335224,12368896,9615648,10041328,1443216,8388592,0,243,0,240,0,1004093,0,879791,559,0,0,0,0,0,0,0
1786392335736,12368896,9615648,10041328,1443216,8388592,0,243,0,240,0,1004093,0,879791,559,0,0,0,0,0,0,0
1786392336248,12368896,9615408,10041088,1443216,8388592,0,243,0,240,0,1004093,0,879791,559,0,0,0,0,0,0,0
1786392336759,12368896,9615408,10041088,1443216,8388592,0,243,0,240,0,1004093,0,879791,559,0,0,0,0,0,0,0
1786392337271,12368896,9615408,10041088,1443216,8388592,0,243,0,240,0,1004093,0,879791,559,0,0,0,0,0,0,0
1786392337781,12368896,9615408,10041088,1443216,8388592,0,243,0,240,0,1004093,0,879791,559,0,0,0,0,0,0,0
1786392338290,12368896,9615168,10040848,1443216,8388592,0,243,0,240,0,1004093,0,879791,559,0,0,0,0,0,0,0
1786392338796,12368896,9615168,10040848,1443216,8388592,0,243,0,240,0,1004093,0,879791,559,0,0,0,0,0,0,0
1786392339308,12368896,9615168,10040848,1443216,8388592,0,243,0,240,0,1004093,0,879791,559,0,0,0,0,0,0,0
1786392339811,12368896,9615168,10040848,1443216,8388592,0,243,0,240,0,1004093,0,879791,559,0,0,0,0,0,0,0
1786392340313,12368896,9614928,10040608,1443216,8388592,0,243,0,240,0,1004093,0,879791,559,0,0,0,0,0,0,0
1786392340815,12368896,9614928,10040608,1443216,8388592,0,243,0,240,0,1004093,0,879791,559,0,0,0,0,0,0,0
1786392341317,12368896,9614928,10040608,1443216,8388592,0,243,0,240,0,1004093,0,879791,559,0,0,0,0,0,0,0
1786392341819,12368896,9614928,10040608,1443216,8388592,0,243,0,240,0,1004093,0,879791,559,0,0,0,0,0,0,0
1786392342330,12368896,9614928,10040608,1443216,8388592,0,243,0,240,0,1004093,0,879791,559,0,0,0,0,0,0,0
1786392342833,12368896,9614928,10040608,1443216,8388592,0,243,0,240,0,1004093,0,879791,559,0,0,0,0,0,0,0
1786392343338,12368896,9614928,10040608,1443216,8388592,0,243,0,240,0,1004093,0,879791,559,0,0,0,0,0,0,0
1786392343843,12368896,9614928,10040608,1443216,8388592,0,243,0,240,0,1004093,0,879791,559,0,0,0,0,0,0,0
1786392344346,12368896,9614928,10040608,1443216,8388592,0,243,0,240,0,1004093,0,879791,559,0,0,0,0,0,0,0
1786392344858,12368896,9614928,10040608,1443216,8388592,0,243,0,240,0,1004093,0,879791,559,0,0,0,0,0,0,0
1786392345364,12368896,9614928,10040608,1443216,8388592,0,243,0,240,0,1004093,0,879791,559,0,0,0,0,0,0,0
1786392345875,12368896,9614928,10040608,1443216,8388592,0,243,0,240,0,1004093,0,879791,559,0,0,0,0,0,0,0
1786392346386,12368896,9614928,10040608,1443216,8388592,0,243,0,240,0,1004093,0,879791,559,0,0,0,0,0,0,0
1786392346887,12368896,9614928,10040608,1443216,8388592,0,243,0,240,0,1004093,0,879791,559,0,0,0,0,0,0,0
1786392347391,12368896,9614928,10040608,1443216,8388592,0,243,0,240,0,1004093,0,879791,559,0,0,0,0,0,0,0
1786392347893,12368896,9614928,10040608,1443216,8388592,0,243,0,240,0,1004093,0,879791,559,0,0,0,0,0,0,0
1786392348405,12368896,9614928,10040608,1443216,8388592,0,243,0,240,0,1004093,0,879791,559,0,0,0,0,0,0,0
1786392348915,12368896,9614928,10040608,1443216,8388592,0,243,0,240,0,1004093,0,879791,559,0,0,0,0,0,0,0
1786392349429,12368896,9614928,10040608,1443216,8388592,0,243,0,240,0,1004093,0,879791,559,0,0,0,0,0,0,0
1786392349942,12368896,9614928,10040608,1443216,8388592,0,243,0,240,0,1004093,0,879791,559,0,0,0,0,0,0,0
1786392350444,12368896,9614928,10040608,1443216,8388592,0,243,0,240,0,1004093,0,879791,559,0,0,0,0,0,0,0
1786392350951,12368896,9614928,10040608,1443216,8388592,0,243,0,240,0,1004093,0,879791,559,0,0,0,0,0,0,0
1786392351456,12368896,9614928,10040608,1443216,8388592,0,243,0,240,0,1004093,0,879791,559,0,0,0,0,0,0,0
1786392351968,12368896,9614928,10040608,1443216,8388592,0,243,0,240,0,1004093,0,879791,559,0,0,0,0,0,0,0
1786392352471,12368896,9614928,10040608,1443216,8388592,0,243,0,240,0,1004093,0,879791,559,0,0,0,0,0,0,0
1786392352981,12368896,9614928,10040608,1443216,8388592,0,243,0,240,0,1004093,0,879791,559,0,0,0,0,0,0,0
1786392353482,12368896,9614928,10040608,1443216,8388592,0,243,0,240,0,1004093,0,879791,559,0,0,0,0,0,0,0
1786392353993,12368896,9614928,10040608,1443216,8388592,0,243,0,240,0,1004093,0,879791,559,0,0,0,0,0,0,0
1786392354494,12368896,9614928,10040608,1443216,8388592,0,243,0,240,0,1004093,0,879791,559,0,0,0,0,0,0,0
1786392355006,12368896,9614928,10040608,1443216,8388592,0,243,0,240,0,1004093,0,879791,559,0,0,0,0,0,0,0
1786392355510,12368896,9614928,10040608,1443216,8388592,0,243,0,240,0,1004093,0,879791,559,0,0,0,0,0,0,0
1786392356022,12368896,9614928,10040608,1443216,8388592,0,243,0,240,0,1004093,0,879791,559,0,0,0,0,0,0,0
1786392356534,12368896,9614928,10040608,1443216,8388592,0,243,0,240,0,1004093,0,879791,559,0,0,0,0,0,0,0
1786392357037,12368896,9614928,10040608,1443216,8388592,0,243,0,240,0,1004930,0,880628,559,0,0,0,0,0,0,0
1786392357540,12368896,9614928,10040608,1443248,8388592,0,243,0,240,0,1018176,0,893844,559,0,0,0,0,0,0,0
1786392358043,12368896,9614928,10040640,1443248,8388592,0,243,0,240,0,1018176,0,893844,559,0,0,0,0,0,0,0
1786392358547,12368896,9614928,10040640,1443248,8388592,0,243,0,240,0,1018176,0,893844,559,0,0,0,0,0,0,0
1786392359059,12368896,9614928,10040640,1443248,8388592,0,243,0,240,0,1018176,0,893844,559,0,0,0,0,0,0,0
1786392359569,12368896,9614928,10040640,1443248,8388592,0,243,0,240,0,1018176,0,893844,559,0,0,0,0,0,0,0
1786392360071,12368896,9614928,10040640,1443248,8388592,0,243,0,240,0,1018176,0,893844,559,0,0,0,0,0,0,0
1786392360581,12368896,9614928,10040640,1443248,8388592,0,243,0,240,0,1018176,0,893844,559,0,0,0,0,0,0,0
1786392361087,12368896,9614928,10040640,1443248,8388592,0,243,0,240,0,1018176,0,893844,559,0,0,0,0,0,0,0
1786392361594,12368896,9614928,10040640,1443248,8388592,0,243,0,240,0,1018176,0,893844,559,0,0,0,0,0,0,0
1786392362099,12368896,9614928,10040640,1443248,8388592,0,243,0,240,0,1018176,0,893844,559,0,0,0,0,0,0,0
1786392362611,12368896,9614928,10040640,1443248,8388592,0,243,0,240,0,1018176,0,893844,559,0,0,0,0,0,0,0
1786392363119,12368896,9614928,10040640,1443248,8388592,0,243,0,240,0,1018176,0,893844,559,0,0,0,0,0,0,0
1786392363631,12368896,9614928,10040640,1443248,8388592,0,243,0,240,0,1018176,0,893844,559,0,0,0,0,0,0,0
1786392364141,12368896,9614928,10040640,1443248,8388592,0,243,0,240,0,1018176,0,893844,559,0,0,0,0,0,0,0
1786392364652,12368896,9614928,10040640,1443248,8388592,0,243,0,240,0,1018176,0,893844,559,0,0,0,0,0,0,0
1786392365157,12368896,9614928,10040640,1443248,8388592,0,243,0,240,0,1018176,0,893844,559,0,0,0,0,0,0,0
1786392365662,12368896,9614928,10040640,1443248,8388592,0,243,0,240,0,1018176,0,893844,559,0,0,0,0,0,0,0
1786392366172,12368896,9614928,10040640,1443248,8388592,0,243,0,240,0,1018176,0,893844,559,0,0,0,0,0,0,0
1786392366674,12368896,9614928,10040640,1443248,8388592,0,243,0,240,0,1018176,0,893844,559,0,0,0,0,0,0,0
1786392367181,12368896,9614928,10040640,1443248,8388592,0,243,0,240,0,1018176,0,893844,559,0,0,0,0,0,0,0
1786392367693,12368896,9614928,10040640,1443248,8388592,0,243,0,240,0,1018176,0,893844,559,0,0,0,0,0,0,0
1786392368204,12368896,9614928,10040640,1443248,8388592,0,243,0,240,0,1018176,0,893844,559,0,0,0,0,0,0,0
1786392368711,12368896,9614928,10040640,1443248,8388592,0,243,0,240,0,1018176,0,893844,559,0,0,0,0,0,0,0
1786392369223,12368896,9614928,10040640,1443248,8388592,0,243,0,240,0,1018176,0,893844,559,0,0,0,0,0,0,0
1786392369725,12143616,9400896,9827488,1443248,8388592,0,243,0,240,0,1018176,0,893844,559,0,0,0,0,0,0,0
1786392370231,12106752,9362480,9789216,1443248,8388592,0,243,0,240,0,1018176,0,893844,559,0,0,0,0,0,0,0
1786392370735,12106752,9361728,9788464,1443248,8388592,0,243,0,240,0,1018176,0,893844,559,0,0,0,0,0,0,0
1786392371240,12106752,9361728,9788464,1443248,8388592,0,243,0,240,0,1018176,0,893844,559,0,0,0,0,0,0,0
1786392371741,11876352,9131328,9558960,1443248,8388592,0,243,0,240,0,1018176,0,893844,559,0,0,0,0,0,0,0
1786392372241,11844608,9100608,9528368,1443248,8388592,0,243,0,240,0,1018176,0,893844,559,0,0,0,0,0,0,0
1786392372748,11844608,9100608,9528368,1443248,8388592,0,243,0,240,0,1018176,0,893844,559,0,0,0,0,0,0,0
1786392373255,11844608,9100608,9528368,1443248,8388592,0,243,0,240,0,1018176,0,893844,559,0,0,0,0,0,0,0
1786392373757,11602944,8862528,9291232,1443248,8388592,0,243,0,240,0,1018176,0,893844,559,0,0,0,0,0,0,0
1786392374267,11582464,8839488,9268272,1443248,8388592,0,243,0,240,0,1018176,0,893844,559,0,0,0,0,0,0,0
1786392374780,11582464,8839488,9268272,1443248,8388592,0,243,0,240,0,1018176,0,893844,559,0,0,0,0,0,0,0
1786392375283,11582464,8839488,9268272,1443248,8388592,0,243,0,240,0,1018176,0,893844,559,0,0,0,0,0,0,0
1786392375793,11320320,8579328,9009136,1443248,8388592,0,243,0,240,0,1018176,0,893844,559,0,0,0,0,0,0,0
1786392376303,11320320,8579328,9009136,1443248,8388592,0,243,0,240,0,1018176,0,893844,559,0,0,0,0,0,0,0
1786392376807,11320320,8579328,9009136,1443248,8388592,0,243,0,240,0,1018176,0,893844,559,0,0,0,0,0,0,0
1786392377310,11320320,8579328,9009136,1443248,8388592,0,243,0,240,0,1018176,0,893844,559,0,0,0,0,0,0,0
1786392377813,11058176,8318448,8749280,1443248,8388592,0,243,0,240,0,1018176,0,893844,559,0,0,0,0,0,0,0
1786392378318,11058176,8318448,8749280,1443248,8388592,0,243,0,240,0,1018176,0,893844,559,0,0,0,0,0,0,0
1786392378826,11058176,8318448,8749280,1443248,8388592,0,243,0,240,0,1018176,0,893844,559,0,0,0,0,0,0,0
1786392379337,11058176,8318448,8749280,1443248,8388592,0,243,0,240,0,1018176,0,893844,559,0,0,0,0,0,0,0
1786392379847,10796032,8050608,8482464,1443248,8388592,0,243,0,240,0,1018176,0,893844,559,0,0,0,0,0,0,0
1786392380352,10796032,8050608,8482464,1443248,8388592,0,243,0,240,0,1018176,0,893844,559,0,0,0,0,0,0,0
1786392380864,10796032,8050608,8482464,1443248,8388592,0,243,0,240,0,1018176,0,893844,559,0,0,0,0,0,0,0
1786392381376,10796032,8050608,8482464,1443248,8388592,0,243,0,240,0,1018176,0,893844,559,0,0,0,0,0,0,0
1786392381886,10533888,7789728,8222592,1443248,8388592,0,243,0,240,0,1018176,0,893844,559,0,0,0,0,0,0,0
1786392382397,10533888,7789728,8222608,1443248,8388592,0,243,0,240,0,1018176,0,893844,559,0,0,0,0,0,0,0
1786392382899,10533888,7789728,8222640,1443296,8388592,0,243,0,240,0,1024427,0,899833,559,0,0,0,0,0,0,0
1786392383411,10533888,7789728,8222640,1443312,8388592,0,243,0,240,0,1024427,0,899833,559,0,0,0,0,0,0,0
1786392383916,10279936,7536528,7970432,1443312,8388592,0,243,0,240,0,1024427,0,899833,559,0,0,0,0,0,0,0
1786392384426,10271744,7528848,7962784,1443312,8388592,0,243,0,240,0,1024427,0,899833,559,0,0,0,0,0,0,0
1786392384929,10271744,7528848,7962784,1443328,8388592,0,243,0,240,0,1024427,0,899833,559,0,0,0,0,0,0,0
1786392385431,10271744,7531920,7965888,1443328,8388592,0,243,0,240,0,1024427,0,899833,559,0,0,0,0,0,0,0
1786392385942,10009600,7271040,7706032,1443328,8388592,0,243,0,240,0,1024427,0,899833,559,0,0,0,0,0,0,0
1786392386452,10009600,7271040,7706032,1443328,8388592,0,243,0,240,0,1024427,0,899833,559,0,0,0,0,0,0,0
1786392386963,10009600,7271040,7706032,1443328,8388592,0,243,0,240,0,1024427,0,899833,559,0,0,0,0,0,0,0
1786392387475,10009600,7271040,7706032,1443328,8388592,0,243,0,240,0,1024427,0,899833,559,0,0,0,0,0,0,0
1786392387986,9747456,7010160,7446176,1443328,8388592,0,243,0,240,0,1038700,0,910688,559,0,0,0,0,0,0,0
1786392388490,9747456,7010160,7446176,1443328,8388592,0,243,0,240,0,1038700,0,910688,559,0,0,0,0,0,0,0
1786392388991,9747456,7010160,7446176,1443328,8388592,0,243,0,240,0,1038700,0,910688,559,0,0,0,0,0,0,0
1786392389495,9747456,7010160,7446384,1443536,8388592,0,243,0,240,0,1038700,0,910688,559,0,0,0,0,0,0,0
1786392390007,9485312,6750000,7187248,1443536,8388592,0,243,0,240,0,1038700,0,910688,559,0,0,0,0,0,0,0
1786392390512,9485312,6750000,7187248,1443536,8388592,0,243,0,240,0,1038700,0,910688,559,0,0,0,0,0,0,0
1786392391024,9485312,6750000,7187248,1443536,8388592,0,243,0,240,0,1038700,0,910688,559,0,0,0,0,0,0,0
1786392391535,9485312,6750000,7187248,1443536,8388592,0,243,0,240,0,1038700,0,910688,559,0,0,0,0,0,0,0
1786392392046,9223168,6481440,6919712,1443536,8388592,0,243,0,240,0,1038700,0,910688,559,0,0,0,0,0,0,0
1786392392548,9223168,6481440,6919712,1443536,8388592,0,243,0,240,0,1038700,0,910688,559,0,0,0,0,0,0,0
1786392393050,9223168,6481440,6919712,1443536,8388592,0,243,0,240,0,1038700,0,910688,559,0,0,0,0,0,0,0
1786392393553,9223168,6481440,6919712,1443536,8388592,0,243,0,240,0,1038700,0,910688,559,0,0,0,0,0,0,0
1786392394056,8961024,6220320,6659616,1443536,8388592,0,243,0,240,0,1038700,0,910688,559,0,0,0,0,0,0,0
1786392394566,8961024,6220320,6659616,1443536,8388592,0,243,0,240,0,1038700,0,910688,559,0,0,0,0,0,0,0
1786392395068,8961024,6220320,6659616,1443536,8388592,0,243,0,240,0,1038700,0,910688,559,0,0,0,0,0,0,0
1786392395580,8961024,6220320,6659616,1443536,8388592,0,243,0,240,0,1038700,0,910688,559,0,0,0,0,0,0,0
1786392396092,8698880,5959200,6399520,1443536,8388592,0,243,0,240,0,1038700,0,910688,559,0,0,0,0,0,0,0
1786392396603,8698880,5959200,6399520,1443536,8388592,0,243,0,240,0,1038700,0,910688,559,0,0,0,0,0,0,0
1786392397111,8698880,5959200,6399520,1443536,8388592,0,243,0,240,0,1038700,0,910688,559,0,0,0,0,0,0,0
1786392397622,8698880,5959200,6399520,1443536,8388592,0,243,0,240,0,1038700,0,910688,559,0,0,0,0,0,0,0
1786392398131,8436736,5698320,6139664,1443536,8388592,0,243,0,240,0,1038700,0,910688,559,0,0,0,0,0,0,0
1786392398632,8436736,5698320,6139664,1443536,8388592,0,243,0,240,0,1038700,0,910688,559,0,0,0,0,0,0,0
1786392399137,8436736,5698320,6139664,1443536,8388592,0,243,0,240,0,1038700,0,910688,559,0,0,0,0,0,0,0
1786392399648,8436736,5698320,6139664,1443536,8388592,0,243,0,240,0,1038700,0,910688,559,0,0,0,0,0,0,0
1786392400150,8174592,5437440,5879808,1443536,8388592,0,243,0,240,0,1038700,0,910688,559,0,0,0,0,0,0,0
1786392400658,8174592,5437440,5879808,1443536,8388592,0,243,0,240,0,1038700,0,910688,559,0,0,0,0,0,0,0
1786392401166,8174592,5437440,5879808,1443536,8388592,0,243,0,240,0,1038700,0,910688,559,0,0,0,0,0,0,0
1786392401671,8174592,5437440,5879808,1443536,8388592,0,243,0,240,0,1038700,0,910688,559,0,0,0,0,0,0,0
1786392402181,7912448,5176320,5619712,1443536,8388592,0,243,0,240,0,1038700,0,910688,559,0,0,0,0,0,0,0
1786392402685,7912448,5176320,5619712,1443536,8388592,0,243,0,240,0,1038700,0,910688,559,0,0,0,0,0,0,0
1786392403197,7912448,5176320,5619712,1443536,8388592,0,243,0,240,0,1038700,0,910688,559,0,0,0,0,0,0,0
1786392403704,7912448,5176320,5619712,1443536,8388592,0,243,0,240,0,1038700,0,910688,559,0,0,0,0,0,0,0
1786392404216,7650304,4915440,5359856,1443536,8388592,0,243,0,240,0,1038700,0,910688,559,0,0,0,0,0,0,0
1786392404721,7650304,4915440,5359856,1443536,8388592,0,243,0,240,0,1038700,0,910688,559,0,0,0,0,0,0,0
1786392405222,7650304,4915440,5359856,1443536,8388592,0,243,0,240,0,1038700,0,910688,559,0,0,0,0,0,0,0
1786392405723,7650304,4915440,5359856,1443536,8388592,0,243,0,240,0,1038700,0,910688,559,0,0,0,0,0,0,0
1786392406225,7388160,4646880,5092320,1443536,8388592,0,243,0,240,0,1038700,0,910688,559,0,0,0,0,0,0,0
1786392406731,7388160,4646880,5092320,1443536,8388592,0,243,0,240,0,1038700,0,910688,559,0,0,0,0,0,0,0
1786392407238,7388160,4646880,5092320,1443536,8388592,0,243,0,240,0,1038700,0,910688,559,0,0,0,0,0,0,0
1786392407750,7388160,4646880,5092320,1443536,8388592,0,243,0,240,0,1038700,0,910688,559,0,0,0,0,0,0,0
1786392408255,7126016,4385760,4832224,1443536,8388592,0,243,0,240,0,1038700,0,910688,559,0,0,0,0,0,0,0
1786392408758,7126016,4385760,4832224,1443536,8388592,0,243,0,240,0,1038700,0,910688,559,0,0,0,0,0,0,0
1786392409269,7126016,4385760,4832224,1443536,8388592,0,243,0,240,0,1038700,0,910688,559,0,0,0,0,0,0,0
1786392409780,7126016,4385760,4832224,1443536,8388592,0,243,0,240,0,1038700,0,910688,559,0,0,0,0,0,0,0
1786392410281,6863872,4124880,4572368,1443536,8388592,0,243,0,240,0,1038700,0,910688,559,0,0,0,0,0,0,0
1786392410792,6863872,4124880,4572368,1443536,8388592,0,243,0,240,0,1038700,0,910688,559,0,0,0,0,0,0,0
1786392411293,6863872,4124880,4572368,1443536,8388592,0,243,0,240,0,1038700,0,910688,559,0,0,0,0,0,0,0
1786392411795,6863872,4124880,4572368,1443536,8388592,0,243,0,240,0,1038700,0,910688,559,0,0,0,0,0,0,0
1786392412306,6601728,3864000,4312512,1443536,8388592,0,243,0,240,0,1038700,0,910688,559,0,0,0,0,0,0,0
1786392412815,6601728,3864000,4312512,1443536,8388592,0,243,0,240,0,1038700,0,910688,559,0,0,0,0,0,0,0
1786392413317,6601728,3864000,4312512,1443536,8388592,0,243,0,240,0,1038700,0,910688,559,0,0,0,0,0,0,0
1786392413824,6601728,3864000,4312512,1443536,8388592,0,243,0,240,0,1038700,0,910688,559,0,0,0,0,0,0,0
1786392414337,6339584,3602880,4052496,1443616,8388592,0,243,0,240,0,1038700,0,910688,559,0,0,0,0,0,0,0
1786392414847,6339584,3602880,4052496,1443616,8388592,0,243,0,240,0,1038700,0,910688,559,0,0,0,0,0,0,0
1786392415359,6339584,3602880,4052496,1443616,8388592,0,243,0,240,0,1038700,0,910688,559,0,0,0,0,0,0,0
1786392415866,6339584,3602880,4052496,1443616,8388592,0,243,0,240,0,1038700,0,910688,559,0,0,0,0,0,0,0
1786392416378,6077440,3331808,3782144,1443616,8388592,0,243,0,240,0,1038700,0,910688,559,0,0,0,0,0,0,0
1786392416885,6077440,3331200,3781536,1443616,8388592,0,243,0,240,0,1038700,0,910688,559,0,0,0,0,0,0,0
1786392417397,6077440,3323520,3773856,1443616,8388592,0,243,0,240,0,1038700,0,910688,559,0,0,0,0,0,0,0
1786392417902,6077440,3323520,3773856,1443616,8388592,0,243,0,240,0,1038700,0,910688,559,0,0,0,0,0,0,0
1786392418410,5815296,3062400,3512736,1443776,8388592,0,243,0,240,0,1045074,0,917006,559,0,0,0,0,0,0,0
1786392418915,5815296,3062400,3512736,1443776,8388592,0,243,0,240,0,1045074,0,917006,559,0,0,0,0,0,0,0
1786392419416,5815296,3062400,3512736,1443776,8388592,0,243,0,240,0,1045074,0,917006,559,0,0,0,0,0,0,0
1786392419928,5815296,3062400,3512736,1443776,8388592,0,243,0,240,0,1045074,0,917006,559,0,0,0,0,0,0,0
1786392420434,5553152,2794560,3244896,1443776,8388592,0,243,0,240,0,1045074,0,917006,559,0,0,0,0,0,0,0
1786392420947,5553152,2794560,3245056,1443776,8388592,0,243,0,240,0,1045074,0,917006,559,0,0,0,0,0,0,0
1786392421450,5553152,2794560,3245056,1443776,8388592,0,243,0,240,0,1045074,0,917006,559,0,0,0,0,0,0,0
1786392421955,5553152,2794560,3245056,1443776,8388592,0,243,0,240,0,1045074,0,917006,559,0,0,0,0,0,0,0
1786392422466,5291008,2533680,2984176,1443776,8388592,0,243,0,240,0,1045074,0,917006,559,0,0,0,0,0,0,0
1786392422978,5291008,2533680,2984176,1443776,8388592,0,243,0,240,0,1045074,0,917006,559,0,0,0,0,0,0,0
1786392423484,5291008,2533680,2984176,1443776,8388592,0,243,0,240,0,1045074,0,917006,559,0,0,0,0,0,0,0
1786392423995,5291008,2532720,2983216,1443776,8388592,0,243,0,240,0,1045074,0,917006,559,0,0,0,0,0,0,0
1786392424501,5028864,2271840,2722336,1443776,8388592,0,243,0,240,0,1045074,0,917006,559,0,0,0,0,0,0,0
1786392425003,5028864,2271840,2722336,1443776,8388592,0,243,0,240,0,1045074,0,917006,559,0,0,0,0,0,0,0
1786392425514,5028864,2271840,2722336,1443776,8388592,0,243,0,240,0,1045074,0,917006,559,0,0,0,0,0,0,0
1786392426017,5028864,2271840,2722336,1443776,8388592,0,243,0,240,0,1045074,0,917006,559,0,0,0,0,0,0,0
1786392426523,4766720,2010368,2460864,1443776,8388592,0,243,0,240,0,1045074,0,917006,559,0,0,0,0,0,0,0
1786392427031,4766720,2010368,2460864,1443776,8388592,0,243,0,240,0,1045074,0,917006,559,0,0,0,0,0,0,0
1786392427537,4766720,2010240,2460736,1443776,8388592,0,243,0,240,0,1045074,0,917006,559,0,0,0,0,0,0,0
1786392428042,4766720,2010240,2460736,1443776,8388592,0,243,0,240,0,1045074,0,917006,559,0,0,0,0,0,0,0
1786392428554,4504576,1749120,2199616,1443776,8388592,0,243,0,240,0,1045074,0,917006,559,0,0,0,0,0,0,0
1786392429066,4504576,1749120,2199616,1443776,8388592,0,243,0,240,0,1045074,0,917006,559,0,0,0,0,0,0,0
1786392429578,4504576,1749120,2199616,1443776,8388592,0,243,0,240,0,1045074,0,917006,559,0,0,0,0,0,0,0
1786392430083,4504576,1749120,2199616,1443776,8388592,0,243,0,240,0,1045074,0,917006,559,0,0,0,0,0,0,0
1786392430594,4242432,1488240,1938736,1443776,8388592,0,243,0,240,0,1045074,0,917006,559,0,0,0,0,0,0,0
1786392431095,4242432,1488240,1938736,1443776,8388592,0,243,0,240,0,1045074,0,917006,559,0,0,0,0,0,0,0
1786392431602,4242432,1488000,1938496,1443776,8388592,0,243,0,240,0,1045074,0,917006,559,0,0,0,0,0,0,0
1786392432106,4238336,1480896,1931392,1443776,8388592,0,243,0,240,0,1045074,0,917006,559,0,0,0,0,0,0,0
1786392432612,3980288,1219440,1669936,1443776,8388592,0,243,0,240,0,1045074,0,917006,559,0,0,0,0,0,0,0
1786392433114,3980288,1219440,1669936,1443776,8388592,0,243,0,240,0,1045074,0,917006,559,0,0,0,0,0,0,0
1786392433619,3980288,1219440,1669936,1443776,8388592,0,243,0,240,0,1045074,0,917006,559,0,0,0,0,0,0,0
1786392434123,3974304,1219200,1669696,1443776,8388592,0,243,0,240,0,1045074,0,917006,559,0,0,0,0,0,0,0
1786392434627,3718144,958320,1408816,1443776,8388592,0,243,0,240,0,1045074,0,917006,559,0,0,0,0,0,0,0
1786392435131,3718144,958080,1408576,1443776,8388592,0,243,0,240,0,1045074,0,917006,559,0,0,0,0,0,0,0
1786392435639,3718144,958080,1408576,1443776,8388592,0,243,0,240,0,1045074,0,917006,559,0,0,0,0,0,0,0
1786392436146,3700736,942960,1393456,1443776,8388592,0,243,0,240,0,1045074,0,917006,559,0,0,0,0,0,0,0
1786392436657,3456000,697200,1147696,1443776,8388592,0,243,0,240,0,1045074,0,917006,559,0,0,0,0,0,0,0
1786392437169,3456000,697200,1147696,1443776,8388592,0,243,0,240,0,1045074,0,917006,559,0,0,0,0,0,0,0
1786392437680,3456000,697200,1147696,1443776,8388592,0,243,0,240,0,1045074,0,917006,559,0,0,0,0,0,0,0
1786392438182,3379200,620976,1071472,1443776,8388592,0,243,0,240,0,1045074,0,917006,559,0,0,0,0,0,0,0
1786392438682,3193856,888944,903408,1011616,8387696,0,17533,0,17530,0,1047228,0,919152,560,0,56,28477,27257,0,0,2
1786392439184,3193856,888944,903408,1011776,8387696,0,17533,0,17530,0,1054137,0,925971,562,0,56,28477,27257,0,0,2
1786392439696,3193856,536592,902256,1363168,8387696,0,17533,0,17530,0,1085646,0,957291,562,0,56,28477,27257,0,0,2
1786392440198,3138560,483072,848960,1363168,8387696,0,17533,0,17530,0,1085646,0,957291,562,0,56,28477,27257,0,0,2
1786392440709,2931712,537920,707984,1161520,8385872,0,22260,0,22251,36,1137579,36,1009224,573,11,167,85185,83594,0,0,4
1786392441214,2931712,537920,707984,1161520,8386400,0,22260,0,22251,36,1137579,36,1009224,606,44,167,85185,83594,0,0,4
1786392441726,2931712,542496,756464,1205920,8356752,0,54819,0,54718,36,1143777,36,1015375,690,124,2028,146113,92784,0,0,10
1786392442231,2931712,541776,756112,1205920,8357392,0,54819,0,54718,36,1143777,36,1015375,726,160,2028,146113,92784,0,0,10
1786392442733,2931712,538768,754160,1206992,8357440,18,54819,18,54718,65,1144457,65,1016043,732,163,2028,146113,92784,0,0,10
1786392443239,2931712,538288,753728,1206992,8357440,18,54819,18,54718,65,1144457,65,1016043,732,163,2028,146113,92784,0,0,10
1786392443744,2931712,538288,753728,1207008,8357440,18,54819,18,54718,65,1145998,65,1017583,732,163,2028,146113,92784,0,0,10
1786392444249,2931712,537568,753008,1207008,8357440,18,54819,18,54718,65,1145998,65,1017583,733,164,2028,146113,92784,0,0,10
1786392444757,2931712,537568,753008,1207008,8357456,14,54819,14,54718,53,1145998,53,1017583,733,164,2028,146113,92784,0,0,10
1786392445267,2931712,537568,753024,1207008,8357456,14,54819,14,54718,53,1145998,53,1017583,733,164,2028,146113,92784,0,0,10
1786392445776,2931712,537568,753024,1207008,8357456,14,54819,14,54718,53,1145998,53,1017583,733,164,2028,146113,92784,0,0,10
1786392446284,2931712,536848,752320,1207008,8357456,14,54819,14,54718,53,1145998,53,1017583,733,164,2028,146113,92784,0,0,10
1786392446793,2931712,536848,752320,1207008,8357456,12,54819,12,54718,44,1145998,44,1017583,733,164,2028,146113,92784,0,0,10
1786392447305,2931712,536848,752320,1207008,8357456,12,54819,12,54718,44,1145998,44,1017583,733,164,2028,146113,92784,0,0,10
1786392447816,2931712,536848,752320,1207008,8357456,12,54819,12,54718,44,1145998,44,1017583,733,164,2028,146113,92784,0,0,10
1786392448318,2931712,536848,752320,1207008,8357456,12,54819,12,54718,44,1145998,44,1017583,733,164,2028,146113,92784,0,0,10
1786392448823,2931712,536848,752320,1207008,8357456,9,54819,9,54718,36,1145998,36,1017583,733,164,2028,146113,92784,0,0,10
1786392449325,2931712,536848,752320,1207744,8357472,9,55993,9,55774,36,1152118,36,1023525,741,165,2028,146113,92784,0,0,10
1786392449834,2931712,536848,752944,1207744,8357472,9,55993,9,55774,36,1152118,36,1023525,741,165,2028,146113,92784,0,0,10
1786392450346,2931712,536848,752960,1207744,8357472,8,55993,8,55774,28,1152118,28,1023525,741,165,2028,146113,92784,0,0,10
1786392450858,2931712,536848,752960,1207744,8357472,8,55993,8,55774,28,1152118,28,1023525,741,165,2028,146113,92784,0,0,10
1786392451368,2931712,536848,752960,1207744,8357472,8,55993,8,55774,28,1152118,28,1023525,741,165,2028,146113,92784,0,0,10
1786392451880,2931712,536848,752960,1207744,8357472,8,55993,8,55774,28,1152118,28,1023525,741,165,2028,146113,92784,0,0,10
1786392452392,2931712,536848,753056,1207744,8357472,6,55993,6,55774,24,1152118,24,1023525,741,165,2028,146113,92784,0,0,10
1786392452904,2931712,536848,753056,1207744,8357472,6,55993,6,55774,24,1152118,24,1023525,741,165,2028,146113,92784,0,0,10
1786392453408,2931712,536848,753056,1207744,8357472,6,55993,6,55774,24,1152118,24,1023525,741,165,2028,146113,92784,0,0,10
1786392453919,2931712,536848,753056,1208064,8357472,6,55993,6,55774,24,1152228,24,1023635,743,165,2028,146113,92784,0,0,10
1786392454420,2931712,536848,753056,1208064,8357472,5,55993,5,55774,19,1152228,19,1023635,743,165,2028,146113,92784,0,0,10
1786392454922,2931712,536848,753056,1208064,8357472,5,55993,5,55774,19,1152228,19,1023635,743,165,2028,146113,92784,0,0,10
1786392455432,2931712,536848,753056,1208064,8357472,5,55993,5,55774,19,1152228,19,1023635,743,165,2028,146113,92784,0,0,10
1786392455944,2931712,536848,753056,1208064,8357472,5,55993,5,55774,19,1152228,19,1023635,743,165,2028,146113,92784,0,0,10
1786392456456,2931712,536848,753376,1208064,8357472,4,55993,4,55774,16,1152228,16,1023635,743,165,2028,146113,92784,0,0,10
1786392456967,2931712,536848,753376,1208064,8357504,4,55993,4,55774,16,1152228,16,1023635,745,167,2028,146113,92784,0,0,10
1786392457483,2931712,536848,753376,1208064,8357504,4,55993,4,55774,16,1152228,16,1023635,745,167,2028,146113,92784,0,0,10
1786392457987,2931712,536848,753376,1208064,8357504,4,55993,4,55774,16,1152228,16,1023635,745,167,2028,146113,92784,0,0,10
1786392458494,2931712,536848,753376,1208064,8357504,3,55993,3,55774,13,1152228,13,1023635,745,167,2028,146113,92784,0,0,10
1786392458997,2931712,536848,753376,1208064,8357504,3,55993,3,55774,13,1152228,13,1023635,745,167,2028,146113,92784,0,0,10
1786392459506,2931712,536848,753376,1208064,8357504,3,55993,3,55774,13,1152228,13,1023635,745,167,2028,146113,92784,0,0,10
1786392460017,2931712,536848,753376,1208064,8357504,3,55993,3,55774,13,1152228,13,1023635,745,167,2028,146113,92784,0,0,10
1786392460523,2931712,536848,753376,1208064,8357504,2,55993,2,55774,10,1152228,10,1023635,745,167,2028,146113,92784,0,0,10
1786392461028,2931712,536848,753376,1208064,8357504,2,55993,2,55774,10,1152228,10,1023635,745,167,2028,146113,92784,0,0,10
1786392461530,2931712,536848,753376,1208080,8357504,2,55993,2,55774,10,1152228,10,1023635,745,167,2028,146113,92784,0,0,10
1786392462043,2931712,536848,753376,1208080,8357504,2,55993,2,55774,10,1152228,10,1023635,745,167,2028,146113,92784,0,0,10
1786392462554,2931712,536848,753376,1208080,8357504,2,55993,2,55774,8,1152228,8,1023635,745,167,2028,146113,92784,0,0,10
1786392463066,2931712,536848,753376,1208080,8357504,2,55993,2,55774,8,1152228,8,1023635,745,167,2028,146113,92784,0,0,10
1786392463574,2931712,536848,753376,1208080,8357504,2,55993,2,55774,8,1152228,8,1023635,745,167,2028,146113,92784,0,0,10
1786392464077,2931712,536848,753376,1208080,8357504,2,55993,2,55774,8,1152228,8,1023635,745,167,2028,146113,92784,0,0,10
1786392464581,2931712,536848,753376,1208080,8357504,1,55993,1,55774,7,1152228,7,1023635,745,167,2028,146113,92784,0,0,10
1786392465093,2931712,536848,753376,1208080,8357504,1,55993,1,55774,7,1152228,7,1023635,745,167,2028,146113,92784,0,0,10
1786392465597,2931712,536848,753376,1208080,8357504,1,55993,1,55774,7,1152228,7,1023635,745,167,2028,146113,92784,0,0,10
1786392466109,2931712,536848,753376,1208080,8357504,1,55993,1,55774,7,1152228,7,1023635,745,167,2028,146113,92784,0,0,10
1786392466611,2931712,536848,753376,1208080,8357504,1,55993,1,55774,5,1152228,5,1023635,745,167,2028,146113,92784,0,0,10
1786392467112,2931712,536848,753376,1208080,8357504,1,55993,1,55774,5,1152228,5,1023635,745,167,2028,146113,92784,0,0,10
1786392467623,2931712,536848,753376,1208080,8357504,1,55993,1,55774,5,1152228,5,1023635,745,167,2028,146113,92784,0,0,10
1786392468125,2931712,536848,753376,1208080,8357504,1,55993,1,55774,5,1152228,5,1023635,745,167,2028,146113,92784,0,0,10
1786392468631,2931712,536848,753376,1208080,8357504,1,55993,1,55774,4,1152228,4,1023635,745,167,2028,146113,92784,0,0,10
1786392469143,2931712,536848,753376,1208080,8357504,1,55993,1,55774,4,1152228,4,1023635,745,167,2028,146113,92784,0,0,10
1786392469654,2931712,536848,753376,1208080,8357504,1,55993,1,55774,4,1152228,4,1023635,745,167,2028,146113,92784,0,0,10
1786392470162,2931712,536848,753376,1208080,8357504,1,55993,1,55774,4,1152228,4,1023635,745,167,2028,146113,92784,0,0,10
1786392470674,2931712,536848,753376,1208080,8357504,0,55993,0,55774,3,1152228,3,1023635,745,167,2028,146113,92784,0,0,10
1786392471182,2931712,536848,753376,1208080,8357504,0,55993,0,55774,3,1152228,3,1023635,746,168,2028,146113,92784,0,0,10
1786392471684,2931712,536848,753376,1208080,8357520,0,55993,0,55774,3,1152228,3,1023635,746,168,2028,146113,92784,0,0,10
1786392472194,2931712,536848,753376,1208080,8357520,0,55993,0,55774,3,1152228,3,1023635,746,168,2028,146113,92784,0,0,10
1786392472706,2931712,536848,753376,1208080,8357520,0,55993,0,55774,3,1152228,3,1023635,746,168,2028,146113,92784,0,0,10
1786392473217,2931712,536848,753376,1208080,8357520,0,55993,0,55774,3,1152228,3,1023635,746,168,2028,146113,92784,0,0,10
1786392473718,2931712,536848,753376,1208080,8357520,0,55993,0,55774,3,1152228,3,1023635,746,168,2028,146113,92784,0,0,10
1786392474228,2931712,536848,753376,1208080,8357520,0,55993,0,55774,3,1152228,3,1023635,746,168,2028,146113,92784,0,0,10
1786392474731,2931712,536848,753376,1208080,8357520,0,55993,0,55774,2,1152228,2,1023635,746,168,2028,146113,92784,0,0,10
1786392475243,2931712,536608,753136,1208080,8357520,0,55993,0,55774,2,1152228,2,1023635,746,168,2028,146113,92784,0,0,10
1786392475755,2931712,536608,753136,1208080,8357520,0,55993,0,55774,2,1152228,2,1023635,746,168,2028,146113,92784,0,0,10
1786392476266,2931712,536608,753136,1208080,8357520,0,55993,0,55774,2,1152228,2,1023635,746,168,2028,146113,92784,0,0,10
1786392476776,2931712,536608,753136,1208080,8357520,0,55993,0,55774,2,1152228,2,1023635,746,168,2028,146113,92784,0,0,10
1786392477284,2931712,536368,752896,1208080,8357520,0,55993,0,55774,2,1152228,2,1023635,746,168,2028,146113,92784,0,0,10
1786392477790,2931712,536368,752896,1208080,8357520,0,55993,0,55774,2,1152228,2,1023635,746,168,2028,146113,92784,0,0,10
1786392478293,2931712,536368,752896,1208144,8357520,0,56280,0,56060,2,1152480,2,1023887,748,168,2028,146113,92784,0,0,10
1786392478794,2931712,536368,752896,1208208,8357520,0,56280,0,56060,1,1152480,1,1023887,748,168,2028,146113,92784,0,0,10
1786392479296,2931712,536368,752960,1208208,8357520,0,56280,0,56060,1,1152480,1,1023887,748,168,2028,146113,92784,0,0,10
1786392479797,2931712,536368,752960,1208208,8357520,0,56280,0,56060,1,1152480,1,1023887,748,168,2028,146113,92784,0,0,10
1786392480298,2931712,536128,752720,1208208,8357520,0,56829,0,56550,1,1153136,1,1024529,749,168,2028,146113,92784,0,0,10
1786392480803,2931712,536128,752720,1208208,8357520,0,56829,0,56550,1,1153136,1,1024529,749,168,2028,146113,92784,0,0,10
1786392481306,2931712,536128,752768,1208336,8357520,0,56829,0,56550,1,1153136,1,1024529,749,168,2028,146113,92784,0,0,10
1786392481813,2931712,536128,752768,1208336,8357520,0,56829,0,56550,1,1153136,1,1024529,749,168,2028,146113,92784,0,0,10
1786392482321,2931712,536128,752768,1208336,8357520,0,56829,0,56550,1,1153136,1,1024529,749,168,2028,146113,92784,0,0,10
1786392482831,2931712,536128,752768,1208336,8357520,0,56829,0,56550,1,1153136,1,1024529,749,168,2028,146113,92784,0,0,10
1786392483344,2931712,536128,752912,1208336,8357520,0,56829,0,56550,1,1153136,1,1024529,749,168,2028,146113,92784,0,0,10
1786392483856,2931712,536128,752912,1208336,8357520,0,56829,0,56550,1,1153136,1,1024529,749,168,2028,146113,92784,0,0,10
1786392484364,2931712,536128,752912,1208336,8357520,0,56829,0,56550,0,1153136,0,1024529,749,168,2028,146113,92784,0,0,10
1786392484866,2931712,535888,752672,1208336,8357520,0,56829,0,56550,0,1153136,0,1024529,749,168,2028,146113,92784,0,0,10
1786392485377,2931712,535888,752672,1208336,8357520,0,56829,0,56550,0,1153136,0,1024529,749,168,2028,146113,92784,0,0,10
1786392485879,2931712,535888,752672,1208336,8357520,0,56829,0,56550,0,1153136,0,1024529,749,168,2028,146113,92784,0,0,10
1786392486385,2931712,535888,752672,1208336,8357520,0,56829,0,56550,0,1153136,0,1024529,749,168,2028,146113,92784,0,0,10
1786392486898,2931712,535888,752672,1208336,8357520,0,56829,0,56550,0,1153136,0,1024529,749,168,2028,146113,92784,0,0,10
1786392487400,2931712,535648,752432,1208336,8357520,0,56829,0,56550,0,1153136,0,1024529,749,168,2028,146113,92784,0,0,10
1786392487905,2931712,535648,752432,1208336,8357520,0,56829,0,56550,0,1153136,0,1024529,749,168,2028,146113,92784,0,0,10
1786392488407,2931712,535648,752432,1208336,8357520,0,56829,0,56550,0,1153136,0,1024529,749,168,2028,146113,92784,0,0,10
1786392488915,2931712,535648,752432,1208336,8357520,0,56829,0,56550,0,1153136,0,1024529,749,168,2028,146113,92784,0,0,10
1786392489420,2931712,535648,752432,1208336,8357520,0,56829,0,56550,0,1153136,0,1024529,749,168,2028,146113,92784,0,0,10
1786392490388,2931712,535648,752432,1208336,8357520,0,56829,0,56550,0,1153136,0,1024529,749,168,2028,146113,92784,0,0,10
1786392490899,2931712,535648,752432,1208336,8357520,0,56829,0,56550,0,1153136,0,1024529,749,168,2028,146113,92784,0,0,10
1786392491405,2931712,535648,752432,1208336,8357520,0,56829,0,56550,0,1153136,0,1024529,749,168,2028,146113,92784,0,0,10
1786392491917,4366336,1879088,2089888,1208336,8357520,0,56829,0,56550,0,1153136,0,1024529,749,168,2028,146113,92784,0,0,10
1786392492418,5971968,3484768,3695568,1208336,8357520,0,56829,0,56550,0,1153136,0,1024529,749,168,2028,146113,92784,0,0,10
1786392492928,7543808,5059168,5264544,1208336,8357520,0,56829,0,56550,0,1153136,0,1024529,749,168,2028,146113,92784,0,0,10
1786392493431,9136128,6648928,6848080,1208336,8357520,0,56829,0,56550,0,1153136,0,1024529,749,168,2028,146113,92784,0,0,10
1786392493932,10706944,8222704,8415712,1208336,8357520,0,56829,0,56550,0,1153136,0,1024529,749,168,2028,146113,92784,0,0,10
1786392494441,12341248,9859168,10045792,1208336,8357520,0,56829,0,56550,0,1153136,0,1024529,749,168,2028,146113,92784,0,0,10
1786392494952,12368896,9882208,10068736,1208336,8357520,0,56829,0,56550,0,1153136,0,1024529,749,168,2028,146113,92784,0,0,10
1786392495454,12368896,9882208,10068736,1208336,8357520,0,56829,0,56550,0,1153136,0,1024529,749,168,2028,146113,92784,0,0,10
1786392495966,12368896,9882208,10068736,1208336,8357520,0,56829,0,56550,0,1153136,0,1024529,749,168,2028,146113,92784,0,0,10
1786392496468,12368896,9882208,10068736,1208336,8357520,0,56829,0,56550,0,1153136,0,1024529,749,168,2028,146113,92784,0,0,10
1786392496970,12368896,9882208,10068736,1208336,8357520,0,56829,0,56550,0,1153136,0,1024529,749,168,2028,146113,92784,0,0,10
1786392497473,12368896,9882208,10068736,1208336,8357520,0,56829,0,56550,0,1153136,0,1024529,749,168,2028,146113,92784,0,0,10
1786392497983,12368896,9882208,10068736,1208336,8357520,0,56829,0,56550,0,1153136,0,1024529,749,168,2028,146113,92784,0,0,10
1786392498488,12368896,9882208,10068736,1208336,8357520,0,56829,0,56550,0,1153136,0,1024529,749,168,2028,146113,92784,0,0,10
1786392498994,12368896,9882208,10068736,1208336,8357520,0,56829,0,56550,0,1153136,0,1024529,749,168,2028,146113,92784,0,0,10
1786392499504,12368896,9882208,10068736,1208336,8357520,0,56829,0,56550,0,1153136,0,1024529,749,168,2028,146113,92784,0,0,10
1786392500014,12368896,9882208,10068736,1208336,8357520,0,56829,0,56550,0,1153136,0,1024529,749,168,2028,146113,92784,0,0,10
1786392500518,12368896,9882208,10068736,1208336,8357520,0,56829,0,56550,0,1153136,0,1024529,749,168,2028,146113,92784,0,0,10
1786392501022,12368896,9882208,10068736,1208336,8357520,0,56829,0,56550,0,1153136,0,1024529,749,168,2028,146113,92784,0,0,10
1786392501530,12368896,9882208,10068736,1208336,8357520,0,56829,0,56550,0,1153136,0,1024529,749,168,2028,146113,92784,0,0,10
1786392502041,12368896,9882208,10068736,1208336,8357520,0,56829,0,56550,0,1153136,0,1024529,749,168,2028,146113,92784,0,0,10
1786392502553,12368896,9882208,10068736,1208336,8357520,0,56829,0,56550,0,1153136,0,1024529,749,168,2028,146113,92784,0,0,10
1786392503063,12368896,9882208,10068736,1208336,8357520,0,56829,0,56550,0,1153136,0,1024529,749,168,2028,146113,92784,0,0,10
1786392503568,12368896,9882208,10068736,1208336,8357520,0,56829,0,56550,0,1153136,0,1024529,749,168,2028,146113,92784,0,0,10
1786392504074,12368896,9882208,10068736,1208336,8357520,0,56829,0,56550,0,1153136,0,1024529,749,168,2028,146113,92784,0,0,10
1786392504581,12368896,9882208,10068736,1208336,8357520,0,56829,0,56550,0,1153136,0,1024529,749,168,2028,146113,92784,0,0,10
1786392505092,12368896,9882208,10068736,1208336,8357520,0,56829,0,56550,0,1153136,0,1024529,749,168,2028,146113,92784,0,0,10
1786392505605,12368896,9881968,10068496,1208336,8357520,0,56829,0,56550,0,1153136,0,1024529,749,168,2028,146113,92784,0,0,10
1786392506118,12368896,9881968,10068496,1208336,8357520,0,56829,0,56550,0,1153136,0,1024529,749,168,2028,146113,92784,0,0,10
1786392506628,12368896,9881968,10068496,1208336,8357520,0,56829,0,56550,0,1153136,0,1024529,749,168,2028,146113,92784,0,0,10
1786392507138,12368896,9881968,10068496,1208336,8357520,0,56829,0,56550,0,1153136,0,1024529,749,168,2028,146113,92784,0,0,10
1786392507648,12368896,9881968,10068496,1208336,8357520,0,56829,0,56550,0,1153136,0,1024529,749,168,2028,146113,92784,0,0,10
1786392508160,12368896,9881968,10068496,1208336,8357520,0,56829,0,56550,0,1153136,0,1024529,749,168,2028,146113,92784,0,0,10
1786392508666,12368896,9881968,10068496,1208336,8357520,0,56829,0,56550,0,1153136,0,1024529,749,168,2028,146113,92784,0,0,10
1786392509169,12368896,9881968,10068496,1208336,8357520,0,56829,0,56550,0,1153136,0,1024529,749,168,2028,146113,92784,0,0,10
1786392509678,12368896,9881968,10068496,1208336,8357520,0,56829,0,56550,0,1153136,0,1024529,749,168,2028,146113,92784,0,0,10
1786392510180,12368896,9881968,10068496,1208336,8357520,0,56829,0,56550,0,1153136,0,1024529,749,168,2028,146113,92784,0,0,10
1786392510683,12368896,9881728,10068256,1208336,8357520,0,56829,0,56550,0,1153136,0,1024529,749,168,2028,146113,92784,0,0,10
1786392511194,12368896,9881728,10068256,1208336,8357520,0,56829,0,56550,0,1153136,0,1024529,749,168,2028,146113,92784,0,0,10
1786392511700,12368896,9881728,10068256,1208336,8357520,0,56829,0,56550,0,1153136,0,1024529,749,168,2028,146113,92784,0,0,10
1786392512202,12368896,9881728,10068256,1208336,8357520,0,56829,0,56550,0,1153136,0,1024529,749,168,2028,146113,92784,0,0,10
1786392512714,12368896,9881488,10068016,1208336,8357520,0,56829,0,56550,0,1153136,0,1024529,749,168,2028,146113,92784,0,0,10
1786392513221,12368896,9881488,10068016,1208336,8357520,0,56829,0,56550,0,1153136,0,1024529,749,168,2028,146113,92784,0,0,10
1786392513733,12368896,9881488,10068016,1208336,8357520,0,56829,0,56550,0,1153136,0,1024529,749,168,2028,146113,92784,0,0,10
1786392514243,12368896,9881488,10068016,1208336,8357520,0,56829,0,56550,0,1153136,0,1024529,749,168,2028,146113,92784,0,0,10
1786392514756,12368896,9881248,10067776,1208336,8357520,0,56829,0,56550,0,1153136,0,1024529,749,168,2028,146113,92784,0,0,10
1786392515266,12368896,9881248,10067776,1208336,8357520,0,56829,0,56550,0,1153136,0,1024529,749,168,2028,146113,92784,0,0,10
1786392515768,12368896,9881248,10067776,1208336,8357520,0,56829,0,56550,0,1153136,0,1024529,749,168,2028,146113,92784,0,0,10
1786392516278,12368896,9881248,10067776,1208336,8357520,0,56829,0,56550,0,1153136,0,1024529,749,168,2028,146113,92784,0,0,10
1786392516797,12368896,9881248,10067776,1208336,8357520,0,56829,0,56550,0,1153136,0,1024529,749,168,2028,146113,92784,0,0,10
1786392517308,12368896,9881008,10067536,1208336,8357520,0,56829,0,56550,0,1153136,0,1024529,749,168,2028,146113,92784,0,0,10
1786392517818,12368896,9881008,10067536,1208336,8357520,0,56829,0,56550,0,1153136,0,1024529,749,168,2028,146113,92784,0,0,10
1786392518329,12368896,9881008,10067536,1208336,8357520,0,56829,0,56550,0,1153136,0,1024529,749,168,2028,146113,92784,0,0,10
1786392518832,12368896,9881008,10067536,1208336,8357520,0,56829,0,56550,0,1153136,0,1024529,749,168,2028,146113,92784,0,0,10
1786392519334,12368896,9881008,10067536,1208336,8357520,0,56829,0,56550,0,1153136,0,1024529,749,168,2028,146113,92784,0,0,10
1786392519836,12368896,9881008,10067536,1208336,8357520,0,56829,0,56550,0,1153136,0,1024529,749,168,2028,146113,92784,0,0,10
1786392520342,12368896,9881008,10067536,1208336,8357520,0,56829,0,56550,0,1153136,0,1024529,749,168,2028,146113,92784,0,0,10
1786392520853,12368896,9881008,10067536,1208336,8357520,0,56829,0,56550,0,1153136,0,1024529,749,168,2028,146113,92784,0,0,10
1786392521358,12368896,9881008,10067536,1208336,8357520,0,56829,0,56550,0,1153136,0,1024529,749,168,2028,146113,92784,0,0,10
1786392521869,12368896,9881008,10067536,1208336,8357520,0,56829,0,56550,0,1153136,0,1024529,749,168,2028,146113,92784,0,0,10
1786392522371,12368896,9881008,10067536,1208336,8357520,0,56829,0,56550,0,1153136,0,1024529,749,168,2028,146113,92784,0,0,10
1786392522882,12368896,9881008,10067536,1208336,8357520,0,56829,0,56550,0,1153136,0,1024529,749,168,2028,146113,92784,0,0,10
1786392523393,12368896,9881008,10067536,1208336,8357520,0,56829,0,56550,0,1153136,0,1024529,749,168,2028,146113,92784,0,0,10
1786392523905,12368896,9881008,10067536,1208336,8357520,0,56829,0,56550,0,1153136,0,1024529,749,168,2028,146113,92784,0,0,10
1786392524416,12368896,9881008,10067536,1208336,8357520,0,56829,0,56550,0,1153136,0,1024529,749,168,2028,146113,92784,0,0,10
1786392524920,12368896,9881008,10069952,1210752,8357520,0,59379,0,59037,0,1158069,0,1029129,751,168,2028,146113,92784,0,0,10
1786392525431,12368896,9881008,10069952,1210752,8357520,0,59379,0,59037,0,1158069,0,1029129,751,168,2028,146113,92784,0,0,10
1786392525943,12368896,9881008,10070224,1211024,8357520,0,59379,0,59037,0,1158069,0,1029129,751,168,2028,146113,92784,0,0,10
1786392526448,12368896,9881008,10070224,1211024,8357520,0,59379,0,59037,0,1158069,0,1029129,751,168,2028,146113,92784,0,0,10
1786392526953,12368896,9881008,10070224,1211024,8357520,0,59379,0,59037,0,1158069,0,1029129,751,168,2028,146113,92784,0,0,10
1786392527458,12368896,9881008,10070224,1211024,8357520,0,59379,0,59037,0,1158069,0,1029129,751,168,2028,146113,92784,0,0,10
1786392527970,12368896,9881008,10070224,1211024,8357520,0,59379,0,59037,0,1158069,0,1029129,751,168,2028,146113,92784,0,0,10
1786392528478,12368896,9881008,10070224,1211024,8357520,0,59379,0,59037,0,1158069,0,1029129,751,168,2028,146113,92784,0,0,10
1786392528980,12368896,9881008,10070224,1211024,8357520,0,59379,0,59037,0,1158069,0,1029129,751,168,2028,146113,92784,0,0,10
1786392529481,12368896,9881008,10070224,1211040,8357520,0,59379,0,59037,0,1158069,0,1029129,751,168,2028,146113,92784,0,0,10
1786392529986,12368896,9881008,10070224,1211040,8357520,0,59379,0,59037,0,1158069,0,1029129,751,168,2028,146113,92784,0,0,10
1786392530492,12368896,9880768,10069984,1211040,8357520,0,59379,0,59037,0,1158069,0,1029129,751,168,2028,146113,92784,0,0,10
1786392531001,12368896,9880768,10069984,1211040,8357520,0,59379,0,59037,0,1158069,0,1029129,751,168,2028,146113,92784,0,0,10
1786392531511,12368896,9880528,10069744,1211040,8357520,0,59379,0,59037,0,1158069,0,1029129,751,168,2028,146113,92784,0,0,10
1786392532022,12368896,9880528,10069744,1211040,8357520,0,59379,0,59037,0,1158069,0,1029129,751,168,2028,146113,92784,0,0,10
1786392532534,12368896,9880528,10072080,1213392,8358272,0,59379,0,59037,0,1161104,0,1032150,764,176,2028,146113,92784,0,0,10
1786392533041,12368896,9880528,10072080,1213392,8358272,0,59379,0,59037,0,1161104,0,1032150,764,176,2028,146113,92784,0,0,10
1786392533550,12368896,9880288,10072160,1213696,8358272,0,59379,0,59037,0,1161104,0,1032150,764,176,2028,146113,92784,0,0,10
1786392534057,12368896,9880288,10072160,1213696,8358272,0,59379,0,59037,0,1161104,0,1032150,764,176,2028,146113,92784,0,0,10
1786392534558,12368896,9880288,10072160,1213696,8358272,0,59379,0,59037,0,1161104,0,1032150,764,176,2028,146113,92784,0,0,10
1786392535064,12368896,9880288,10072160,1213696,8358272,0,59379,0,59037,0,1161104,0,1032150,764,176,2028,146113,92784,0,0,10
1786392535569,12368896,9880048,10071920,1213696,8358272,0,59379,0,59037,0,1161104,0,1032150,764,176,2028,146113,92784,0,0,10
1786392536081,12368896,9880048,10071920,1213696,8358272,0,59379,0,59037,0,1161104,0,1032150,764,176,2028,146113,92784,0,0,10
1786392536593,12368896,9880048,10071920,1213696,8358272,0,59379,0,59037,0,1161104,0,1032150,764,176,2028,146113,92784,0,0,10
1786392537096,12368896,9880048,10071920,1213696,8358272,0,59379,0,59037,0,1161104,0,1032150,764,176,2028,146113,92784,0,0,10
1786392537609,12368896,9879808,10071680,1213696,8358272,0,59379,0,59037,0,1161104,0,1032150,764,176,2028,146113,92784,0,0,10
1786392538121,12368896,9879808,10071680,1213696,8358272,0,59379,0,59037,0,1161104,0,1032150,764,176,2028,146113,92784,0,0,10
1786392538624,12368896,9879808,10071680,1213696,8358272,0,59379,0,59037,0,1161104,0,1032150,764,176,2028,146113,92784,0,0,10
1786392539131,12368896,9879808,10071680,1213696,8358272,0,59379,0,59037,0,1161104,0,1032150,764,176,2028,146113,92784,0,0,10
1786392539632,12368896,9879568,10071440,1213696,8358272,0,59379,0,59037,0,1161104,0,1032150,764,176,2028,146113,92784,0,0,10
1786392540141,12368896,9879568,10071440,1213696,8358272,0,59379,0,59037,0,1161104,0,1032150,764,176,2028,146113,92784,0,0,10
1786392540642,12368896,9879568,10071440,1213696,8358272,0,59379,0,59037,0,1161104,0,1032150,764,176,2028,146113,92784,0,0,10
1786392541145,12368896,9879568,10071440,1213696,8358272,0,59379,0,59037,0,1161104,0,1032150,764,176,2028,146113,92784,0,0,10
1786392541648,12368896,9879328,10071200,1213696,8358272,0,59379,0,59037,0,1161104,0,1032150,764,176,2028,146113,92784,0,0,10
1786392542156,12368896,9879328,10071200,1213696,8358272,0,59379,0,59037,0,1161104,0,1032150,764,176,2028,146113,92784,0,0,10
1786392542665,12368896,9879328,10071200,1213696,8358272,0,59379,0,59037,0,1161104,0,1032150,764,176,2028,146113,92784,0,0,10
1786392543178,12368896,9879328,10071200,1213696,8358272,0,59379,0,59037,0,1161104,0,1032150,764,176,2028,146113,92784,0,0,10
1786392543681,12368896,9879088,10070960,1213696,8358272,0,59379,0,59037,0,1161104,0,1032150,764,176,2028,146113,92784,0,0,10
1786392544193,12368896,9879088,10070960,1213696,8358272,0,59379,0,59037,0,1161104,0,1032150,764,176,2028,146113,92784,0,0,10
1786392544705,12368896,9879088,10070960,1213696,8358272,0,59379,0,59037,0,1161104,0,1032150,764,176,2028,146113,92784,0,0,10
1786392545210,12368896,9879088,10070960,1213696,8358272,0,59379,0,59037,0,1161104,0,1032150,764,176,2028,146113,92784,0,0,10
1786392545718,12368896,9879088,10070960,1213696,8358272,0,59379,0,59037,0,1161104,0,1032150,764,176,2028,146113,92784,0,0,10
1786392546228,12368896,9878848,10070720,1213696,8358272,0,59379,0,59037,0,1161104,0,1032150,764,176,2028,146113,92784,0,0,10
1786392546731,12368896,9878848,10070720,1213696,8358272,0,59379,0,59037,0,1161104,0,1032150,764,176,2028,146113,92784,0,0,10
1786392547236,12368896,9878848,10070720,1213696,8358272,0,59379,0,59037,0,1161104,0,1032150,764,176,2028,146113,92784,0,0,10
1786392547739,12368896,9878848,10070720,1213696,8358272,0,59379,0,59037,0,1161104,0,1032150,764,176,2028,146113,92784,0,0,10
1786392548250,12368896,9878848,10070720,1213696,8358272,0,59379,0,59037,0,1161104,0,1032150,764,176,2028,146113,92784,0,0,10
1786392548757,12368896,9878848,10070720,1213696,8358272,0,59379,0,59037,0,1161104,0,1032150,764,176,2028,146113,92784,0,0,10
1786392549260,12368896,9878848,10070720,1213696,8358272,0,59379,0,59037,0,1161104,0,1032150,764,176,2028,146113,92784,0,0,10
1786392549770,12368896,9878848,10070720,1213696,8358272,0,59379,0,59037,0,1161104,0,1032150,764,176,2028,146113,92784,0,0,10
1786392550281,12368896,9878608,10070480,1213696,8358272,0,59379,0,59037,0,1161104,0,1032150,764,176,2028,146113,92784,0,0,10
1786392550791,12368896,9878608,10070480,1213696,8358272,0,59379,0,59037,0,1161104,0,1032150,764,176,2028,146113,92784,0,0,10
1786392551292,12368896,9864944,10081584,1238640,8358864,0,60291,0,59802,0,1203822,0,1073551,864,213,2028,146113,92784,0,0,10
1786392551798,12368896,9864944,10081584,1238656,8358864,0,60291,0,59802,0,1203822,0,1073551,864,213,2028,146113,92784,0,0,10
1786392552310,12368896,9864944,10081664,1238656,8358864,0,60291,0,59802,0,1203822,0,1073551,864,213,2028,146113,92784,0,0,10
1786392552813,12368896,9864944,10081664,1238656,8358864,0,60291,0,59802,36,1203822,36,1073551,864,213,2028,146113,92784,0,0,10
1786392553315,12368896,9864704,10081424,1238656,8358864,0,60291,0,59802,36,1203822,36,1073551,864,213,2028,146113,92784,0,0,10
1786392553823,12368896,9864704,10081424,1238656,8358864,0,60291,0,59802,36,1203822,36,1073551,864,213,2028,146113,92784,0,0,10
1786392554330,12368896,9864704,10081424,1238656,8358864,0,60291,0,59802,36,1203822,36,1073551,864,213,2028,146113,92784,0,0,10
1786392554846,12368896,9864704,10081424,1238656,8358864,0,60291,0,59802,28,1203822,28,1073551,864,213,2028,146113,92784,0,0,10
1786392555358,12368896,9864704,10081424,1238656,8358864,0,60291,0,59802,28,1203822,28,1073551,864,213,2028,146113,92784,0,0,10
1786392555865,12368896,9864704,10081424,1238656,8358864,0,60291,0,59802,28,1203822,28,1073551,864,213,2028,146113,92784,0,0,10
1786392556378,12368896,9864704,10081536,1238656,8358864,0,60291,0,59802,28,1203822,28,1073551,864,213,2028,146113,92784,0,0,10
1786392556882,12368896,9864704,10081536,1238656,8358864,0,60291,0,59802,24,1203822,24,1073551,864,213,2028,146113,92784,0,0,10
1786392557394,12368896,9864464,10081296,1238656,8358864,0,60291,0,59802,24,1203822,24,1073551,864,213,2028,146113,92784,0,0,10
1786392557906,12368896,9864464,10081296,1238656,8358864,0,60291,0,59802,24,1203822,24,1073551,864,213,2028,146113,92784,0,0,10
1786392558412,12368896,9864464,10081296,1238656,8358864,0,60291,0,59802,19,1203822,19,1073551,864,213,2028,146113,92784,0,0,10
1786392558915,12368896,9864464,10081296,1238656,8358864,0,60291,0,59802,19,1203822,19,1073551,864,213,2028,146113,92784,0,0,10
1786392559425,12368896,9864224,10081056,1238656,8358864,0,60291,0,59802,19,1203822,19,1073551,864,213,2028,146113,92784,0,0,10
1786392559927,12368896,9864224,10081056,1238656,8358864,0,60291,0,59802,19,1203822,19,1073551,864,213,2028,146113,92784,0,0,10
1786392560431,12368896,9864224,10081056,1238656,8358864,0,60291,0,59802,16,1203822,16,1073551,864,213,2028,146113,92784,0,0,10
1786392560943,12368896,9864224,10081056,1238656,8358864,0,60291,0,59802,16,1203822,16,1073551,864,213,2028,146113,92784,0,0,10
1786392561455,12368896,9864224,10081056,1238656,8358864,0,60291,0,59802,16,1203822,16,1073551,864,213,2028,146113,92784,0,0,10
1786392561961,12368896,9863984,10080816,1238656,8358864,0,60291,0,59802,16,1203822,16,1073551,864,213,2028,146113,92784,0,0,10
1786392562467,12368896,9863984,10080816,1238656,8358864,0,60291,0,59802,13,1203822,13,1073551,864,213,2028,146113,92784,0,0,10
1786392562974,12368896,9863984,10080816,1238656,8358864,0,60291,0,59802,13,1203822,13,1073551,864,213,2028,146113,92784,0,0,10
1786392563480,12368896,9863984,10080816,1238656,8358864,0,60291,0,59802,13,1203822,13,1073551,864,213,2028,146113,92784,0,0,10
1786392563985,12368896,9863984,10080816,1238656,8358864,0,60291,0,59802,13,1203822,13,1073551,864,213,2028,146113,92784,0,0,10
1786392564489,12368896,9863744,10080576,1238656,8358864,0,60291,0,59802,10,1203822,10,1073551,864,213,2028,146113,92784,0,0,10
1786392564992,12368896,9863744,10080576,1238656,8358864,0,60291,0,59802,10,1203822,10,1073551,864,213,2028,146113,92784,0,0,10
1786392565503,12368896,9863504,10080336,1238656,8358864,0,60291,0,59802,10,1203822,10,1073551,864,213,2028,146113,92784,0,0,10
1786392566010,12368896,9863504,10080336,1238656,8358864,0,60291,0,59802,10,1203822,10,1073551,864,213,2028,146113,92784,0,0,10
1786392566512,12368896,9863504,10080336,1238656,8358864,0,60291,0,59802,8,1203822,8,1073551,864,213,2028,146113,92784,0,0,10
1786392567024,12368896,9863504,10080336,1238656,8358864,0,60291,0,59802,8,1203822,8,1073551,864,213,2028,146113,92784,0,0,10
1786392567534,12368896,9863504,10080336,1238656,8358864,0,60291,0,59802,8,1203822,8,1073551,864,213,2028,146113,92784,0,0,10
1786392568041,12368896,9863504,10080336,1238656,8358864,0,60291,0,59802,8,1203822,8,1073551,864,213,2028,146113,92784,0,0,10
1786392568551,12368896,9863264,10080096,1238656,8358864,0,60291,0,59802,7,1203822,7,1073551,864,213,2028,146113,92784,0,0,10
1786392569057,12368896,9863264,10080096,1238656,8358864,0,60291,0,59802,7,1203822,7,1073551,864,213,2028,146113,92784,0,0,10
1786392569559,12368896,9863264,10080096,1238688,8358992,0,60303,0,59814,7,1205678,7,1075403,875,221,2028,146113,92784,0,0,10
1786392570072,12368896,9863264,10080128,1238688,8358992,0,60303,0,59814,7,1205678,7,1075403,875,221,2028,146113,92784,0,0,10
1786392570585,12368896,9863264,10080672,1239232,8358992,0,60303,0,59814,5,1205678,5,1075403,875,221,2028,146113,92784,0,0,10
1786392571091,12368896,9863264,10080672,1239232,8358992,0,60303,0,59814,5,1205678,5,1075403,875,221,2028,146113,92784,0,0,10
1786392571601,12368896,9863264,10080672,1239232,8358992,0,60303,0,59814,5,1205678,5,1075403,875,221,2028,146113,92784,0,0,10
1786392572104,12368896,9863264,10080672,1239232,8358992,0,60303,0,59814,5,1205678,5,1075403,875,221,2028,146113,92784,0,0,10
1786392572615,12368896,9863024,10080432,1239232,8358992,0,60303,0,59814,4,1205678,4,1075403,875,221,2028,146113,92784,0,0,10
1786392573119,12368896,9863024,10080432,1239232,8358992,0,60303,0,59814,4,1205678,4,1075403,875,221,2028,146113,92784,0,0,10
1786392573625,12368896,9863024,10080432,1239232,8358992,0,60303,0,59814,4,1205678,4,1075403,875,221,2028,146113,92784,0,0,10
1786392574136,12368896,9863024,10080432,1239232,8358992,0,60303,0,59814,4,1205678,4,1075403,875,221,2028,146113,92784,0,0,10
1786392574647,12368896,9862544,10079952,1239232,8358992,0,60303,0,59814,3,1205678,3,1075403,875,221,2028,146113,92784,0,0,10
1786392575154,12368896,9862544,10079952,1239232,8358992,0,60303,0,59814,3,1205678,3,1075403,875,221,2028,146113,92784,0,0,10
1786392575665,12368896,9862544,10079952,1239232,8358992,0,60303,0,59814,3,1205678,3,1075403,875,221,2028,146113,92784,0,0,10
1786392576176,12368896,9862544,10079952,1239232,8358992,0,60303,0,59814,3,1205678,3,1075403,875,221,2028,146113,92784,0,0,10
1786392576682,12368896,9862544,10079952,1239232,8358992,0,60303,0,59814,3,1205678,3,1075403,875,221,2028,146113,92784,0,0,10
1786392577187,12368896,9862544,10079952,1239232,8358992,0,60303,0,59814,3,1205678,3,1075403,875,221,2028,146113,92784,0,0,10
1786392577689,12368896,9862544,10079952,1239232,8358992,0,60303,0,59814,3,1205678,3,1075403,875,221,2028,146113,92784,0,0,10
1786392578200,12368896,9862544,10079952,1239232,8358992,0,60303,0,59814,3,1205678,3,1075403,875,221,2028,146113,92784,0,0,10
1786392578709,12368896,9862544,10079952,1239232,8358992,0,60303,0,59814,2,1205678,2,1075403,875,221,2028,146113,92784,0,0,10
1786392579217,12368896,9862544,10079952,1239232,8358992,0,60303,0,59814,2,1205678,2,1075403,875,221,2028,146113,92784,0,0,10
1786392579723,12368896,9862544,10079952,1239232,8358992,0,60303,0,59814,2,1205678,2,1075403,875,221,2028,146113,92784,0,0,10
1786392580234,12368896,9862544,10079952,1239232,8358992,0,60303,0,59814,2,1205678,2,1075403,875,221,2028,146113,92784,0,0,10
1786392580746,12368896,9862544,10079952,1239232,8358992,0,60303,0,59814,2,1205678,2,1075403,875,221,2028,146113,92784,0,0,10
1786392581258,12368896,9862544,10079952,1239232,8358992,0,60303,0,59814,2,1205678,2,1075403,875,221,2028,146113,92784,0,0,10
1786392581765,12368896,9862544,10079952,1239232,8358992,0,60303,0,59814,2,1205678,2,1075403,875,221,2028,146113,92784,0,0,10
1786392582276,12368896,9862544,10080224,1239536,8358992,0,60303,0,59814,2,1222210,2,1091028,875,221,2028,146113,92784,0,0,10
1786392582781,12368896,9861824,10079984,1240368,8358992,0,60303,0,59814,56,1268155,56,1136896,875,221,2028,146113,92784,0,0,10
1786392583283,12368896,9861824,10079984,1240368,8358992,0,60303,0,59814,56,1268155,56,1136896,875,221,2028,146113,92784,0,0,10
1786392583791,12368896,9861824,10079984,1240368,8358992,0,60303,0,59814,56,1268155,56,1136896,875,221,2028,146113,92784,0,0,10
1786392584293,12368896,9861824,10079984,1240368,8358992,0,60303,0,59814,56,1268155,56,1136896,875,221,2028,146113,92784,0,0,10
1786392584798,12368896,9861824,10080352,1240368,8358992,0,60303,0,59814,45,1268155,45,1136896,875,221,2028,146113,92784,0,0,10
1786392585303,12368896,9861824,10080352,1240368,8358992,0,60303,0,59814,45,1268155,45,1136896,875,221,2028,146113,92784,0,0,10
1786392585812,12368896,9861824,10080384,1240368,8358992,0,60303,0,59814,45,1268155,45,1136896,875,221,2028,146113,92784,0,0,10
1786392586314,12368896,9861824,10080384,1240368,8358992,0,60303,0,59814,45,1268155,45,1136896,875,221,2028,146113,92784,0,0,10
1786392586817,12368896,9861584,10080144,1240368,8358992,0,60303,0,59814,37,1268155,37,1136896,875,221,2028,146113,92784,0,0,10
1786392587329,12368896,9861584,10080144,1240368,8358992,0,60303,0,59814,37,1268155,37,1136896,875,221,2028,146113,92784,0,0,10
1786392587838,12368896,9861584,10080144,1240368,8358992,0,60303,0,59814,37,1268155,37,1136896,875,221,2028,146113,92784,0,0,10
1786392588343,12368896,9861584,10080144,1240368,8358992,0,60303,0,59814,37,1268155,37,1136896,875,221,2028,146113,92784,0,0,10
1786392588850,12368896,9861344,10079904,1240368,8358992,0,60303,0,59814,30,1268155,30,1136896,875,221,2028,146113,92784,0,0,10
1786392589351,12368896,9861344,10079904,1240368,8358992,0,60303,0,59814,30,1268155,30,1136896,875,221,2028,146113,92784,0,0,10
1786392589852,12368896,9861344,10079904,1240368,8358992,0,60303,0,59814,30,1268155,30,1136896,875,221,2028,146113,92784,0,0,10
1786392590363,12368896,9861344,10079904,1240368,8358992,0,60303,0,59814,30,1268155,30,1136896,875,221,2028,146113,92784,0,0,10
1786392590874,12368896,9861344,10079904,1240368,8358992,0,60303,0,59814,25,1268155,25,1136896,875,221,2028,146113,92784,0,0,10
1786392591381,12368896,9861104,10079664,1240368,8358992,0,60303,0,59814,25,1268155,25,1136896,875,221,2028,146113,92784,0,0,10
1786392591887,12368896,9861104,10079664,1240368,8358992,0,60303,0,59814,25,1268155,25,1136896,875,221,2028,146113,92784,0,0,10
1786392592394,12368896,9861104,10079664,1240368,8358992,0,60303,0,59814,25,1268155,25,1136896,875,221,2028,146113,92784,0,0,10
1786392592905,12368896,9861104,10079664,1240368,8358992,0,60303,0,59814,20,1268155,20,1136896,875,221,2028,146113,92784,0,0,10
1786392593410,12368896,9860864,10079424,1240368,8358992,0,60303,0,59814,20,1268155,20,1136896,875,221,2028,146113,92784,0,0,10
1786392593916,12368896,9860864,10079424,1240368,8358992,0,60303,0,59814,20,1268155,20,1136896,875,221,2028,146113,92784,0,0,10
1786392594428,12368896,9860864,10079424,1240368,8358992,0,60303,0,59814,16,1268155,16,1136896,875,221,2028,146113,92784,0,0,10
1786392594936,12368896,9860864,10079424,1240368,8358992,0,60303,0,59814,16,1268155,16,1136896,875,221,2028,146113,92784,0,0,10
1786392595448,12368896,9860624,10079184,1240384,8358992,0,60303,0,59814,16,1268155,16,1136896,875,221,2028,146113,92784,0,0,10
1786392595958,12368896,9860624,10079184,1240384,8358992,0,60303,0,59814,16,1268155,16,1136896,875,221,2028,146113,92784,0,0,10
1786392596466,12368896,9860624,10079184,1240384,8358992,0,60303,0,59814,13,1268155,13,1136896,875,221,2028,146113,92784,0,0,10
1786392596975,12368896,9860624,10079184,1240384,8358992,0,60303,0,59814,13,1268155,13,1136896,875,221,2028,146113,92784,0,0,10
1786392597481,12368896,9860624,10079184,1240384,8358992,0,60303,0,59814,13,1268155,13,1136896,875,221,2028,146113,92784,0,0,10
1786392597985,12368896,9860624,10079184,1240384,8358992,0,60303,0,59814,13,1268155,13,1136896,875,221,2028,146113,92784,0,0,10
1786392598488,12368896,9860384,10078944,1240384,8358992,0,60303,0,59814,11,1268155,11,1136896,875,221,2028,146113,92784,0,0,10
1786392598990,12368896,9860384,10078944,1240384,8358992,0,60303,0,59814,11,1268155,11,1136896,875,221,2028,146113,92784,0,0,10
1786392599497,12368896,9860384,10078944,1240384,8358992,0,60303,0,59814,11,1268155,11,1136896,875,221,2028,146113,92784,0,0,10
1786392599999,12368896,9860384,10078944,1240384,8358992,0,60303,0,59814,11,1268155,11,1136896,875,221,2028,146113,92784,0,0,10
1786392600509,12368896,9860144,10078704,1240384,8358992,0,60303,0,59814,9,1268155,9,1136896,875,221,2028,146113,92784,0,0,10
1786392601016,12368896,9860144,10078704,1240384,8358992,0,60303,0,59814,9,1268155,9,1136896,875,221,2028,146113,92784,0,0,10
1786392601525,12368896,9860144,10078704,1240384,8358992,0,60303,0,59814,9,1268155,9,1136896,875,221,2028,146113,92784,0,0,10
1786392602030,12368896,9860144,10078704,1240384,8358992,0,60303,0,59814,9,1268155,9,1136896,875,221,2028,146113,92784,0,0,10
1786392602541,12368896,9859904,10078464,1240384,8358992,0,60303,0,59814,7,1268155,7,1136896,875,221,2028,146113,92784,0,0,10
1786392603051,12368896,9859904,10078464,1240384,8358992,0,60303,0,59814,7,1268155,7,1136896,875,221,2028,146113,92784,0,0,10
1786392603555,12368896,9859904,10078464,1240384,8358992,0,60303,0,59814,7,1268155,7,1136896,875,221,2028,146113,92784,0,0,10
1786392604062,12368896,9859904,10078464,1240384,8358992,0,60303,0,59814,7,1268155,7,1136896,875,221,2028,146113,92784,0,0,10
1786392604573,12368896,9859904,10078464,1240384,8358992,0,60303,0,59814,6,1268155,6,1136896,875,221,2028,146113,92784,0,0,10
1786392605081,12368896,9859904,10078464,1240384,8358992,0,60303,0,59814,6,1268155,6,1136896,875,221,2028,146113,92784,0,0,10
1786392605594,12368896,9859904,10078464,1240384,8358992,0,60303,0,59814,6,1268155,6,1136896,875,221,2028,146113,92784,0,0,10
1786392606100,12368896,9859904,10078464,1240384,8358992,0,60303,0,59814,6,1268155,6,1136896,875,221,2028,146113,92784,0,0,10
1786392606608,12368896,9859664,10078224,1240384,8358992,0,60303,0,59814,4,1268155,4,1136896,875,221,2028,146113,92784,0,0,10
1786392607108,12368896,9859664,10078224,1240384,8358992,0,60303,0,59814,4,1268155,4,1136896,875,221,2028,146113,92784,0,0,10
1786392607610,12368896,9859664,10078224,1240384,8358992,0,60303,0,59814,4,1268155,4,1136896,875,221,2028,146113,92784,0,0,10
1786392608120,12368896,9859664,10078224,1240384,8358992,0,60303,0,59814,4,1268155,4,1136896,875,221,2028,146113,92784,0,0,10
1786392608631,12368896,9859664,10078224,1240384,8358992,0,60303,0,59814,4,1268155,4,1136896,875,221,2028,146113,92784,0,0,10
1786392609143,12368896,9859664,10078224,1240384,8358992,0,60303,0,59814,4,1268155,4,1136896,875,221,2028,146113,92784,0,0,10
1786392609651,12368896,9859424,10077984,1240384,8358992,0,60303,0,59814,4,1268155,4,1136896,875,221,2028,146113,92784,0,0,10
1786392610157,12368896,9859424,10077984,1240384,8358992,0,60303,0,59814,4,1268155,4,1136896,875,221,2028,146113,92784,0,0,10
1786392610663,12368896,9859424,10077984,1240384,8358992,0,60303,0,59814,3,1268155,3,1136896,875,221,2028,146113,92784,0,0,10
1786392611167,12368896,9859424,10077984,1240384,8358992,0,60303,0,59814,3,1268155,3,1136896,875,221,2028,146113,92784,0,0,10
1786392611671,12368896,9859184,10077744,1240384,8358992,0,60303,0,59814,3,1268155,3,1136896,875,221,2028,146113,92784,0,0,10
1786392612178,12368896,9859184,10077744,1240384,8358992,0,60303,0,59814,3,1268155,3,1136896,875,221,2028,146113,92784,0,0,10
1786392612681,12368896,9859184,10077744,1240384,8358992,0,60303,0,59814,2,1268155,2,1136896,875,221,2028,146113,92784,0,0,10
1786392613193,12368896,9859184,10077744,1240384,8358992,0,60303,0,59814,2,1268155,2,1136896,875,221,2028,146113,92784,0,0,10
1786392613704,12368896,9858944,10077504,1240384,8358992,0,60303,0,59814,2,1268155,2,1136896,875,221,2028,146113,92784,0,0,10
1786392614216,12368896,9858944,10077504,1240384,8358992,0,60303,0,59814,2,1268155,2,1136896,875,221,2028,146113,92784,0,0,10
1786392614722,12368896,9858944,10077504,1240384,8358992,0,60303,0,59814,2,1268155,2,1136896,875,221,2028,146113,92784,0,0,10
1786392615231,12368896,9858944,10077504,1240384,8358992,0,60303,0,59814,2,1268155,2,1136896,875,221,2028,146113,92784,0,0,10
1786392615738,12368896,9858944,10077504,1240384,8358992,0,60303,0,59814,2,1268155,2,1136896,875,221,2028,146113,92784,0,0,10
1786392616250,12368896,9858944,10077504,1240384,8358992,0,60303,0,59814,2,1268155,2,1136896,875,221,2028,146113,92784,0,0,10
1786392616761,12368896,9858944,10077504,1240384,8358992,0,60303,0,59814,1,1268155,1,1136896,875,221,2028,146113,92784,0,0,10
1786392617265,12368896,9858944,10077504,1240384,8358992,0,60303,0,59814,1,1268155,1,1136896,875,221,2028,146113,92784,0,0,10
1786392617777,12368896,9858944,10077504,1240384,8358992,0,60303,0,59814,1,1268155,1,1136896,875,221,2028,146113,92784,0,0,10
1786392618281,12368896,9858944,10077504,1240384,8358992,0,60303,0,59814,1,1268155,1,1136896,875,221,2028,146113,92784,0,0,10
1786392618791,12368896,9858944,10077504,1240384,8358992,0,60303,0,59814,1,1268155,1,1136896,875,221,2028,146113,92784,0,0,10
1786392619292,12368896,9858944,10077504,1240384,8358992,0,60303,0,59814,1,1268155,1,1136896,875,221,2028,146113,92784,0,0,10
1786392619794,12368896,9858944,10077504,1240384,8358992,0,60303,0,59814,1,1268155,1,1136896,875,221,2028,146113,92784,0,0,10
1786392620296,12368896,9858944,10077504,1240384,8358992,0,60303,0,59814,1,1268155,1,1136896,875,221,2028,146113,92784,0,0,10
1786392620798,12368896,9858944,10077504,1240384,8358992,0,60303,0,59814,1,1268155,1,1136896,875,221,2028,146113,92784,0,0,10
1786392621308,12368896,9858944,10077504,1240384,8358992,0,60303,0,59814,1,1268155,1,1136896,875,221,2028,146113,92784,0,0,10
1786392621812,12368896,9858944,10077504,1240384,8358992,0,60303,0,59814,1,1268155,1,1136896,875,221,2028,146113,92784,0,0,10
1786392622318,12368896,9858944,10077504,1240384,8358992,0,60303,0,59814,1,1268155,1,1136896,875,221,2028,146113,92784,0,0,10
1786392622821,12368896,9858944,10077504,1240384,8358992,0,60303,0,59814,0,1268155,0,1136896,875,221,2028,146113,92784,0,0,10
1786392623325,12368896,9858944,10077504,1240384,8358992,0,60303,0,59814,0,1268155,0,1136896,875,221,2028,146113,92784,0,0,10
1786392623831,12368896,9858944,10077504,1240384,8358992,0,60303,0,59814,0,1268155,0,1136896,875,221,2028,146113,92784,0,0,10
1786392624342,12368896,9858944,10077504,1240384,8358992,0,60303,0,59814,0,1268155,0,1136896,875,221,2028,146113,92784,0,0,10
1786392624852,12368896,9858944,10077504,1240384,8358992,0,60303,0,59814,0,1268155,0,1136896,875,221,2028,146113,92784,0,0,10
1786392625364,12368896,9858944,10077504,1240384,8358992,0,60303,0,59814,0,1268155,0,1136896,875,221,2028,146113,92784,0,0,10
1786392625874,12368896,9858944,10077504,1240384,8358992,0,60303,0,59814,0,1268155,0,1136896,875,221,2028,146113,92784,0,0,10
1786392626376,12368896,9858944,10077504,1240384,8358992,0,60303,0,59814,0,1268155,0,1136896,875,221,2028,146113,92784,0,0,10
1786392626885,12368896,9858944,10077504,1240384,8358992,0,60303,0,59814,0,1268155,0,1136896,875,221,2028,146113,92784,0,0,10
1786392627393,12368896,9858944,10077504,1240384,8358992,0,60303,0,59814,0,1268155,0,1136896,875,221,2028,146113,92784,0,0,10
1786392627905,12368896,9858944,10077504,1240384,8358992,0,60303,0,59814,0,1268155,0,1136896,875,221,2028,146113,92784,0,0,10
1786392628416,12368896,9858944,10077504,1240384,8358992,0,60303,0,59814,0,1268155,0,1136896,875,221,2028,146113,92784,0,0,10
1786392628928,12368896,9858944,10077504,1240384,8358992,0,60303,0,59814,0,1268155,0,1136896,875,221,2028,146113,92784,0,0,10
1786392629440,12368896,9858944,10077504,1240384,8358992,0,60303,0,59814,0,1268155,0,1136896,875,221,2028,146113,92784,0,0,10
1786392629952,12368896,9858944,10077504,1240384,8358992,0,60303,0,59814,0,1268155,0,1136896,875,221,2028,146113,92784,0,0,10
1786392630464,12368896,9858944,10077504,1240384,8358992,0,60303,0,59814,0,1268155,0,1136896,875,221,2028,146113,92784,0,0,10
1786392630971,12368896,9858944,10077504,1240384,8358992,0,60303,0,59814,0,1268155,0,1136896,875,221,2028,146113,92784,0,0,10
1786392631477,12368896,9858944,10077504,1240384,8358992,0,60303,0,59814,0,1268155,0,1136896,875,221,2028,146113,92784,0,0,10
1786392631988,12368896,9858944,10077504,1240384,8358992,0,60303,0,59814,0,1268155,0,1136896,875,221,2028,146113,92784,0,0,10
1786392632489,12368896,9858944,10077504,1240384,8358992,0,60303,0,59814,0,1268155,0,1136896,875,221,2028,146113,92784,0,0,10
1786392632994,12368896,9858944,10077504,1240384,8358992,0,60303,0,59814,0,1268155,0,1136896,875,221,2028,146113,92784,0,0,10
1786392633498,12368896,9858944,10077504,1240384,8358992,0,60303,0,59814,0,1268155,0,1136896,875,221,2028,146113,92784,0,0,10
1786392634005,12368896,9858944,10077504,1240384,8358992,0,60303,0,59814,0,1268155,0,1136896,875,221,2028,146113,92784,0,0,10
1786392634517,12368896,9858944,10077504,1240384,8358992,0,60303,0,59814,0,1268155,0,1136896,875,221,2028,146113,92784,0,0,10
1786392635027,12368896,9858944,10077504,1240384,8358992,0,60303,0,59814,0,1268155,0,1136896,875,221,2028,146113,92784,0,0,10
1786392635530,12368896,9858944,10077504,1240384,8358992,0,60303,0,59814,0,1268155,0,1136896,875,221,2028,146113,92784,0,0,10
1786392636042,12368896,9858944,10077504,1240384,8358992,0,60303,0,59814,0,1268155,0,1136896,875,221,2028,146113,92784,0,0,10
1786392636544,12368896,9858944,10077504,1240384,8358992,0,60303,0,59814,0,1268155,0,1136896,875,221,2028,146113,92784,0,0,10
1786392637055,12368896,9858944,10077504,1240384,8358992,0,60303,0,59814,0,1268155,0,1136896,875,221,2028,146113,92784,0,0,10
1786392637563,12368896,9858944,10077504,1240384,8358992,0,60303,0,59814,0,1268155,0,1136896,875,221,2028,146113,92784,0,0,10
1786392638074,12368896,9858944,10077504,1240384,8358992,0,60303,0,59814,0,1268155,0,1136896,875,221,2028,146113,92784,0,0,10
1786392638583,12368896,9858944,10077504,1240384,8358992,0,60303,0,59814,0,1268155,0,1136896,875,221,2028,146113,92784,0,0,10
1786392639094,12368896,9858944,10077504,1240384,8358992,0,60303,0,59814,0,1268155,0,1136896,875,221,2028,146113,92784,0,0,10
1786392639596,12368896,9858944,10077504,1240384,8358992,0,60303,0,59814,0,1268155,0,1136896,875,221,2028,146113,92784,0,0,10
1786392640107,12368896,9858944,10077504,1240384,8358992,0,60303,0,59814,0,1268155,0,1136896,875,221,2028,146113,92784,0,0,10
1786392640620,12368896,9858944,10077504,1240384,8358992,0,60303,0,59814,0,1268155,0,1136896,875,221,2028,146113,92784,0,0,10
1786392641131,12368896,9858944,10077504,1240384,8358992,0,60303,0,59814,0,1268155,0,1136896,875,221,2028,146113,92784,0,0,10
1786392641639,12368896,9858944,10077504,1240384,8358992,0,60303,0,59814,0,1268155,0,1136896,875,221,2028,146113,92784,0,0,10
1786392642151,12368896,9858944,10077504,1240384,8358992,0,60303,0,59814,0,1268155,0,1136896,875,221,2028,146113,92784,0,0,10
1786392642659,12368896,9858944,10077504,1240384,8358992,0,60303,0,59814,0,1268155,0,1136896,875,221,2028,146113,92784,0,0,10
1786392643171,12368896,9858944,10077504,1240384,8358992,0,60303,0,59814,0,1268155,0,1136896,875,221,2028,146113,92784,0,0,10
1786392643676,12368896,9858944,10077504,1240384,8358992,0,60303,0,59814,0,1268155,0,1136896,875,221,2028,146113,92784,0,0,10
1786392644188,12368896,9858944,10077504,1240384,8358992,0,60303,0,59814,0,1268155,0,1136896,875,221,2028,146113,92784,0,0,10
1786392644699,12368896,9858944,10077504,1240384,8358992,0,60303,0,59814,0,1268155,0,1136896,875,221,2028,146113,92784,0,0,10
1786392645201,12368896,9858944,10077504,1240384,8358992,0,60303,0,59814,0,1268155,0,1136896,875,221,2028,146113,92784,0,0,10
1786392645707,12368896,9858944,10077504,1240384,8358992,0,60303,0,59814,0,1268155,0,1136896,875,221,2028,146113,92784,0,0,10
1786392646217,12368896,9858944,10077504,1240384,8358992,0,60303,0,59814,0,1268155,0,1136896,875,221,2028,146113,92784,0,0,10
1786392646727,12368896,9858944,10077504,1240384,8358992,0,60303,0,59814,0,1268155,0,1136896,875,221,2028,146113,92784,0,0,10
1786392647233,12368896,9858944,10077504,1240384,8358992,0,60303,0,59814,0,1268155,0,1136896,875,221,2028,146113,92784,0,0,10
1786392647739,12368896,9858944,10077504,1240384,8358992,0,60303,0,59814,0,1268155,0,1136896,875,221,2028,146113,92784,0,0,10
1786392648251,12368896,9858944,10077504,1240384,8358992,0,60303,0,59814,0,1268155,0,1136896,875,221,2028,146113,92784,0,0,10
1786392648762,12368896,9858944,10077504,1240384,8358992,0,60303,0,59814,0,1268155,0,1136896,875,221,2028,146113,92784,0,0,10
1786392649275,12368896,9858944,10077504,1240384,8358992,0,60303,0,59814,0,1268155,0,1136896,875,221,2028,146113,92784,0,0,10
1786392649778,12368896,9858944,10077504,1240384,8358992,0,60303,0,59814,0,1268155,0,1136896,875,221,2028,146113,92784,0,0,10
1786392650281,12368896,9858944,10077504,1240384,8358992,0,60303,0,59814,0,1268155,0,1136896,875,221,2028,146113,92784,0,0,10
1786392650788,12368896,9858944,10077504,1240384,8358992,0,60303,0,59814,0,1268155,0,1136896,875,221,2028,146113,92784,0,0,10
1786392651290,12368896,9858944,10077504,1240384,8358992,0,60303,0,59814,0,1268155,0,1136896,875,221,2028,146113,92784,0,0,10
1786392651798,12368896,9858944,10077504,1240384,8358992,0,60303,0,59814,0,1268155,0,1136896,875,221,2028,146113,92784,0,0,10
1786392652299,12368896,9858944,10077504,1240384,8358992,0,60303,0,59814,0,1268155,0,1136896,875,221,2028,146113,92784,0,0,10
1786392652803,12368896,9858944,10077504,1240384,8358992,0,60303,0,59814,0,1268155,0,1136896,875,221,2028,146113,92784,0,0,10
1786392653308,12368896,9858944,10077504,1240384,8358992,0,60303,0,59814,0,1268155,0,1136896,875,221,2028,146113,92784,0,0,10
1786392653810,12368896,9858944,10077504,1240384,8358992,0,60303,0,59814,0,1268155,0,1136896,875,221,2028,146113,92784,0,0,10
1786392654314,12368896,9858944,10077504,1240384,8358992,0,60303,0,59814,0,1268155,0,1136896,875,221,2028,146113,92784,0,0,10
1786392654819,12368896,9858944,10077504,1240384,8358992,0,60303,0,59814,0,1268155,0,1136896,875,221,2028,146113,92784,0,0,10
1786392655322,12368896,9858944,10077504,1240384,8358992,0,60303,0,59814,0,1268155,0,1136896,875,221,2028,146113,92784,0,0,10
1786392655831,12368896,9858944,10077504,1240384,8358992,0,60303,0,59814,0,1268155,0,1136896,875,221,2028,146113,92784,0,0,10
1786392656342,12368896,9858944,10077504,1240384,8358992,0,60303,0,59814,0,1268155,0,1136896,875,221,2028,146113,92784,0,0,10
1786392656843,12368896,9858944,10077504,1240384,8358992,0,60303,0,59814,0,1268155,0,1136896,875,221,2028,146113,92784,0,0,10
1786392657345,12368896,9858944,10077504,1240384,8358992,0,60303,0,59814,0,1268155,0,1136896,875,221,2028,146113,92784,0,0,10
1786392657849,12368896,9858944,10077504,1240384,8358992,0,60303,0,59814,0,1268155,0,1136896,875,221,2028,146113,92784,0,0,10
1786392658352,12368896,9858944,10077504,1240384,8358992,0,60303,0,59814,0,1268155,0,1136896,875,221,2028,146113,92784,0,0,10
1786392658855,12368896,9858704,10078192,1241984,8358992,0,60303,0,59814,0,1350239,0,1218602,879,221,2028,146113,92784,0,0,10
1786392659358,12368896,9858704,10078192,1242048,8358992,0,60303,0,59814,0,1350239,0,1218602,879,221,2028,146113,92784,0,0,10
1786392659868,12368896,9858704,10078256,1242048,8358992,0,60303,0,59814,0,1350239,0,1218602,879,221,2028,146113,92784,0,0,10
1786392660379,12368896,9858464,10078368,1242048,8358992,0,60303,0,59814,0,1350239,0,1218602,879,221,2028,146113,92784,0,0,10
1786392660891,12368896,9858464,10078368,1242048,8358992,0,60303,0,59814,54,1350239,54,1218602,879,221,2028,146113,92784,0,0,10
1786392661402,12368896,9858464,10078688,1242048,8358992,0,60303,0,59814,54,1350239,54,1218602,879,221,2028,146113,92784,0,0,10
1786392661914,12368896,9858464,10078688,1242064,8358992,0,60303,0,59814,54,1350239,54,1218602,879,221,2028,146113,92784,0,0,10
1786392662424,12368896,9858464,10078688,1242064,8358992,0,60303,0,59814,54,1350239,54,1218602,879,221,2028,146113,92784,0,0,10
1786392662931,12368896,9858464,10078688,1242064,8358992,0,60303,0,59814,44,1350239,44,1218602,879,221,2028,146113,92784,0,0,10
1786392663441,12368896,9858464,10078688,1242064,8358992,0,60303,0,59814,44,1350239,44,1218602,879,221,2028,146113,92784,0,0,10
1786392663946,12368896,9858464,10078688,1242064,8358992,0,60303,0,59814,44,1350239,44,1218602,879,221,2028,146113,92784,0,0,10
1786392664449,12368896,9858464,10078688,1242064,8358992,0,60303,0,59814,36,1350239,36,1218602,879,221,2028,146113,92784,0,0,10
1786392664953,12368896,9858464,10078688,1242064,8358992,0,60303,0,59814,36,1350239,36,1218602,879,221,2028,146113,92784,0,0,10
1786392665465,12368896,9858464,10078688,1242064,8358992,0,60303,0,59814,36,1350239,36,1218602,879,221,2028,146113,92784,0,0,10
1786392665970,12368896,9858464,10078688,1242064,8358992,0,60303,0,59814,36,1350239,36,1218602,879,221,2028,146113,92784,0,0,10
1786392666479,12368896,9858464,10078688,1242064,8358992,0,60303,0,59814,28,1350239,28,1218602,879,221,2028,146113,92784,0,0,10
1786392666985,12368896,9858464,10078688,1242064,8358992,0,60303,0,59814,28,1350239,28,1218602,879,221,2028,146113,92784,0,0,10
1786392667492,12368896,9858464,10078688,1242064,8358992,0,60303,0,59814,28,1350239,28,1218602,879,221,2028,146113,92784,0,0,10
1786392667995,12368896,9858464,10078688,1242064,8358992,0,60303,0,59814,28,1350239,28,1218602,879,221,2028,146113,92784,0,0,10
1786392668505,12368896,9858464,10078688,1242064,8358992,0,60303,0,59814,24,1350239,24,1218602,879,221,2028,146113,92784,0,0,10
1786392669007,12368896,9858464,10078688,1242064,8358992,0,60303,0,59814,24,1350239,24,1218602,879,221,2028,146113,92784,0,0,10
1786392669511,12368896,9858464,10078688,1242064,8358992,0,60303,0,59814,24,1350239,24,1218602,879,221,2028,146113,92784,0,0,10
1786392670011,12368896,9858464,10078688,1242064,8358992,0,60303,0,59814,24,1350239,24,1218602,879,221,2028,146113,92784,0,0,10
1786392670513,12368896,9858464,10078688,1242064,8358992,0,60303,0,59814,19,1350239,19,1218602,879,221,2028,146113,92784,0,0,10
1786392671016,12368896,9858464,10078688,1242064,8358992,0,60303,0,59814,19,1350239,19,1218602,879,221,2028,146113,92784,0,0,10
1786392671521,12368896,9858464,10078688,1242064,8358992,0,60303,0,59814,19,1350239,19,1218602,879,221,2028,146113,92784,0,0,10
1786392672030,12368896,9858464,10078688,1242064,8358992,0,60303,0,59814,19,1350239,19,1218602,879,221,2028,146113,92784,0,0,10
1786392672538,12368896,9858464,10078688,1242064,8358992,0,60303,0,59814,16,1350239,16,1218602,879,221,2028,146113,92784,0,0,10
1786392673042,12368896,9858464,10078688,1242064,8358992,0,60303,0,59814,16,1350239,16,1218602,879,221,2028,146113,92784,0,0,10
1786392673546,12368896,9858464,10078688,1242064,8358992,0,60303,0,59814,16,1350239,16,1218602,879,221,2028,146113,92784,0,0,10
1786392674054,12368896,9858464,10078688,1242064,8358992,0,60303,0,59814,16,1350239,16,1218602,879,221,2028,146113,92784,0,0,10
1786392674555,12368896,9858464,10078688,1242064,8358992,0,60303,0,59814,13,1350239,13,1218602,879,221,2028,146113,92784,0,0,10
1786392675063,12368896,9858464,10078688,1242064,8358992,0,60303,0,59814,13,1350239,13,1218602,879,221,2028,146113,92784,0,0,10
1786392675573,12368896,9858464,10078688,1242064,8358992,0,60303,0,59814,13,1350239,13,1218602,879,221,2028,146113,92784,0,0,10
1786392676080,12368896,9858464,10078688,1242064,8358992,0,60303,0,59814,13,1350239,13,1218602,879,221,2028,146113,92784,0,0,10
1786392676590,12368896,9858224,10078448,1242064,8358992,0,60303,0,59814,10,1350239,10,1218602,879,221,2028,146113,92784,0,0,10
1786392677100,12368896,9858224,10078432,1242064,8358992,0,60303,0,59814,10,1350239,10,1218602,879,221,2028,146113,92784,0,0,10
1786392677610,12368896,9858224,10078448,1242064,8358992,0,60303,0,59814,10,1350239,10,1218602,879,221,2028,146113,92784,0,0,10
1786392678121,12368896,9858224,10078448,1242064,8358992,0,60303,0,59814,10,1350239,10,1218602,879,221,2028,146113,92784,0,0,10
1786392678633,12368896,9858224,10078448,1242064,8358992,0,60303,0,59814,8,1350239,8,1218602,879,221,2028,146113,92784,0,0,10
1786392679139,12368896,9858224,10078448,1242064,8358992,0,60303,0,59814,8,1350239,8,1218602,879,221,2028,146113,92784,0,0,10
1786392679651,12368896,9858224,10078448,1242064,8358992,0,60303,0,59814,8,1350239,8,1218602,879,221,2028,146113,92784,0,0,10
1786392680158,12368896,9858224,10078448,1242064,8358992,0,60303,0,59814,8,1350239,8,1218602,879,221,2028,146113,92784,0,0,10
1786392680669,12368896,9858224,10078448,1242064,8358992,0,60303,0,59814,7,1350239,7,1218602,879,221,2028,146113,92784,0,0,10
1786392681175,12368896,9858224,10078448,1242064,8358992,0,60303,0,59814,7,1350239,7,1218602,879,221,2028,146113,92784,0,0,10
1786392681681,12368896,9858224,10078448,1242064,8358992,0,60303,0,59814,7,1350239,7,1218602,879,221,2028,146113,92784,0,0,10
1786392682192,12368896,9858224,10078448,1242064,8358992,0,60303,0,59814,7,1350239,7,1218602,879,221,2028,146113,92784,0,0,10
1786392682702,12368896,9858224,10078448,1242064,8358992,0,60303,0,59814,5,1350239,5,1218602,879,221,2028,146113,92784,0,0,10
1786392683209,12368896,9858224,10078448,1242096,8358992,0,60303,0,59814,5,1355607,5,1223860,879,221,2028,146113,92784,0,0,10
1786392683711,12368896,9858224,10078448,1242096,8358992,0,60303,0,59814,5,1355607,5,1223860,879,221,2028,146113,92784,0,0,10
1786392684219,12368896,9858224,10078448,1242096,8358992,0,60303,0,59814,5,1355607,5,1223860,879,221,2028,146113,92784,0,0,10
1786392684725,12368896,9858224,10078480,1242096,8358992,0,60303,0,59814,4,1355607,4,1223860,879,221,2028,146113,92784,0,0,10
1786392685237,12368896,9858224,10078480,1242096,8358992,0,60303,0,59814,4,1355607,4,1223860,879,221,2028,146113,92784,0,0,10
1786392685750,12368896,9858224,10078480,1242096,8358992,0,60303,0,59814,4,1355607,4,1223860,879,221,2028,146113,92784,0,0,10
1786392686255,12368896,9858224,10078480,1242096,8358992,0,60303,0,59814,4,1355607,4,1223860,879,221,2028,146113,92784,0,0,10
1786392686757,12368896,9858224,10078480,1242096,8358992,0,60303,0,59814,3,1355607,3,1223860,879,221,2028,146113,92784,0,0,10
1786392687261,12368896,9858224,10078480,1242096,8358992,0,60303,0,59814,3,1355607,3,1223860,879,221,2028,146113,92784,0,0,10
1786392687772,12368896,9858224,10078480,1242096,8358992,0,60303,0,59814,3,1355607,3,1223860,879,221,2028,146113,92784,0,0,10
1786392688280,12368896,9858224,10078480,1242096,8358992,0,60303,0,59814,3,1355607,3,1223860,879,221,2028,146113,92784,0,0,10
1786392688781,12368896,9858224,10078480,1242096,8358992,0,60303,0,59814,3,1355607,3,1223860,879,221,2028,146113,92784,0,0,10
1786392689291,12368896,9858224,10078480,1242096,8358992,0,60303,0,59814,3,1355607,3,1223860,879,221,2028,146113,92784,0,0,10
1786392689795,12368896,9858224,10078480,1242096,8358992,0,60303,0,59814,3,1355607,3,1223860,879,221,2028,146113,92784,0,0,10
1786392690299,12368896,9858224,10078480,1242096,8358992,0,60303,0,59814,3,1355607,3,1223860,879,221,2028,146113,92784,0,0,10
1786392690804,12368896,9858224,10078480,1242480,8358992,0,60303,0,59814,2,1364302,2,1232519,879,221,2028,146113,92784,0,0,10
1786392691311,12368896,9858224,10078480,1242480,8358992,0,60303,0,59814,2,1364302,2,1232519,879,221,2028,146113,92784,0,0,10
1786392691817,12368896,9858224,10078480,1242480,8358992,0,60303,0,59814,2,1364302,2,1232519,879,221,2028,146113,92784,0,0,10
1786392692329,12368896,9858224,10078480,1242480,8358992,0,60303,0,59814,2,1364302,2,1232519,879,221,2028,146113,92784,0,0,10
1786392692838,12368896,9858224,10078864,1242480,8358992,0,60303,0,59814,2,1364302,2,1232519,879,221,2028,146113,92784,0,0,10
1786392693339,12368896,9858224,10078864,1242480,8358992,0,60303,0,59814,2,1364302,2,1232519,879,221,2028,146113,92784,0,0,10
1786392693843,12368896,9858224,10078864,1242480,8358992,0,60303,0,59814,2,1364302,2,1232519,879,221,2028,146113,92784,0,0,10
1786392694350,12368896,9858224,10078864,1242480,8358992,0,60303,0,59814,2,1364302,2,1232519,879,221,2028,146113,92784,0,0,10
1786392694852,12368896,9858224,10078864,1242480,8358992,0,60303,0,59814,1,1364302,1,1232519,879,221,2028,146113,92784,0,0,10
1786392695363,12368896,9858224,10078864,1242480,8358992,0,60303,0,59814,1,1364302,1,1232519,879,221,2028,146113,92784,0,0,10
1786392695866,12368896,9858224,10078864,1242480,8358992,0,60303,0,59814,1,1364302,1,1232519,879,221,2028,146113,92784,0,0,10
1786392696379,12368896,9858224,10078864,1242480,8358992,0,60303,0,59814,1,1364302,1,1232519,879,221,2028,146113,92784,0,0,10
1786392696883,12368896,9858224,10078864,1242480,8358992,0,60303,0,59814,1,1364302,1,1232519,879,221,2028,146113,92784,0,0,10
1786392697394,12368896,9858224,10078864,1242480,8358992,0,60303,0,59814,1,1364302,1,1232519,879,221,2028,146113,92784,0,0,10
1786392697906,12368896,9858224,10078864,1242480,8358992,0,60303,0,59814,1,1364302,1,1232519,879,221,2028,146113,92784,0,0,10
1786392698410,12368896,9858224,10078864,1242480,8358992,0,60303,0,59814,1,1364302,1,1232519,879,221,2028,146113,92784,0,0,10
1786392698915,12368896,9858224,10078864,1242480,8358992,0,60303,0,59814,1,1364302,1,1232519,879,221,2028,146113,92784,0,0,10
1786392699426,12368896,9857984,10078624,1242480,8358992,0,60303,0,59814,1,1364302,1,1232519,879,221,2028,146113,92784,0,0,10
1786392699928,12368896,9857984,10078624,1242480,8358992,0,60303,0,59814,1,1364302,1,1232519,879,221,2028,146113,92784,0,0,10
1786392700440,12368896,9857984,10078624,1242480,8358992,0,60303,0,59814,1,1364302,1,1232519,879,221,2028,146113,92784,0,0,10
1786392700951,12368896,9857984,10078624,1242480,8358992,0,60303,0,59814,0,1364302,0,1232519,879,221,2028,146113,92784,0,0,10
1786392701453,12368896,9857984,10078624,1242480,8358992,0,60303,0,59814,0,1364302,0,1232519,879,221,2028,146113,92784,0,0,10
1786392701964,12368896,9857024,10077664,1242480,8358992,0,60303,0,59814,0,1364302,0,1232519,879,221,2028,146113,92784,0,0,10
1786392702474,12368896,9857024,10077648,1242480,8358992,0,60303,0,59814,0,1364302,0,1232519,879,221,2028,146113,92784,0,0,10
1786392702985,12368896,9857024,10077648,1242480,8358992,0,60303,0,59814,0,1364302,0,1232519,879,221,2028,146113,92784,0,0,10
1786392703489,12368896,9856784,10077424,1242480,8358992,0,60303,0,59814,0,1364302,0,1232519,879,221,2028,146113,92784,0,0,10
1786392703996,12368896,9856784,10077424,1242480,8358992,0,60303,0,59814,0,1364302,0,1232519,879,221,2028,146113,92784,0,0,10
1786392704506,12368896,9856784,10077424,1242480,8358992,0,60303,0,59814,0,1364302,0,1232519,879,221,2028,146113,92784,0,0,10
1786392705010,12368896,9856784,10077424,1242480,8358992,0,60303,0,59814,0,1364302,0,1232519,879,221,2028,146113,92784,0,0,10
1786392705511,12368896,9856784,10077424,1242480,8358992,0,60303,0,59814,0,1364302,0,1232519,879,221,2028,146113,92784,0,0,10
1786392706013,12368896,9856784,10077424,1242480,8358992,0,60303,0,59814,0,1364302,0,1232519,879,221,2028,146113,92784,0,0,10
1786392706522,12368896,9856784,10077424,1242480,8358992,0,60303,0,59814,0,1364302,0,1232519,879,221,2028,146113,92784,0,0,10
1786392707024,12368896,9856784,10077424,1242480,8358992,0,60303,0,59814,0,1364302,0,1232519,879,221,2028,146113,92784,0,0,10
1786392707531,12368896,9856784,10077424,1242480,8358992,0,60303,0,59814,0,1364302,0,1232519,879,221,2028,146113,92784,0,0,10
1786392708043,12368896,9856784,10077424,1242480,8358992,0,60303,0,59814,0,1364302,0,1232519,879,221,2028,146113,92784,0,0,10
1786392708548,12368896,9856784,10077424,1242480,8358992,0,60303,0,59814,0,1364302,0,1232519,879,221,2028,146113,92784,0,0,10
1786392709061,12368896,9856784,10077424,1242480,8358992,0,60303,0,59814,0,1364302,0,1232519,879,221,2028,146113,92784,0,0,10
1786392709573,12368896,9856784,10077424,1242480,8358992,0,60303,0,59814,0,1364302,0,1232519,879,221,2028,146113,92784,0,0,10
1786392710082,12368896,9856784,10077424,1242480,8358992,0,60303,0,59814,0,1364302,0,1232519,879,221,2028,146113,92784,0,0,10
1786392710585,12368896,9856784,10077424,1242480,8358992,0,60303,0,59814,0,1364302,0,1232519,879,221,2028,146113,92784,0,0,10
1786392711094,12368896,9856784,10077424,1242480,8358992,0,60303,0,59814,0,1364302,0,1232519,879,221,2028,146113,92784,0,0,10
1786392711605,12368896,9856784,10077424,1242480,8358992,0,60303,0,59814,0,1364302,0,1232519,879,221,2028,146113,92784,0,0,10
1786392712116,12368896,9856784,10077424,1242480,8358992,0,60303,0,59814,0,1364302,0,1232519,879,221,2028,146113,92784,0,0,10
1786392712618,12368896,9856784,10077424,1242480,8358992,0,60303,0,59814,0,1364302,0,1232519,879,221,2028,146113,92784,0,0,10
1786392713119,12368896,9856784,10077424,1242480,8358992,0,60303,0,59814,0,1364302,0,1232519,879,221,2028,146113,92784,0,0,10
1786392713630,12368896,9856784,10077424,1242480,8358992,0,60303,0,59814,0,1364302,0,1232519,879,221,2028,146113,92784,0,0,10
1786392714142,12368896,9856784,10077424,1242480,8358992,0,60303,0,59814,0,1364302,0,1232519,879,221,2028,146113,92784,0,0,10
1786392714647,12368896,9856784,10077424,1242480,8358992,0,60303,0,59814,0,1364302,0,1232519,879,221,2028,146113,92784,0,0,10
1786392715157,12368896,9856784,10077424,1242480,8358992,0,60303,0,59814,0,1364302,0,1232519,879,221,2028,146113,92784,0,0,10
1786392715662,12368896,9856784,10077424,1242480,8358992,0,60303,0,59814,0,1364302,0,1232519,879,221,2028,146113,92784,0,0,10
1786392716165,12368896,9856784,10077424,1242480,8358992,0,60303,0,59814,0,1364302,0,1232519,879,221,2028,146113,92784,0,0,10
1786392716669,12368896,9856784,10077424,1242480,8358992,0,60303,0,59814,0,1364302,0,1232519,879,221,2028,146113,92784,0,0,10
1786392717181,12368896,9856784,10077424,1242480,8358992,0,60303,0,59814,0,1364302,0,1232519,879,221,2028,146113,92784,0,0,10
1786392717692,12368896,9856784,10077424,1242480,8358992,0,60303,0,59814,0,1364302,0,1232519,879,221,2028,146113,92784,0,0,10
1786392718203,12368896,9856784,10077424,1242480,8358992,0,60303,0,59814,0,1364302,0,1232519,879,221,2028,146113,92784,0,0,10
1786392718713,12368896,9856784,10077424,1242480,8358992,0,60303,0,59814,0,1364302,0,1232519,879,221,2028,146113,92784,0,0,10
1786392719217,12368896,9856784,10077424,1242480,8358992,0,60303,0,59814,0,1364302,0,1232519,879,221,2028,146113,92784,0,0,10
1786392719727,12368896,9856784,10077424,1242480,8358992,0,60303,0,59814,0,1364302,0,1232519,879,221,2028,146113,92784,0,0,10
1786392720247,12368896,9856784,10077424,1242480,8358992,0,60303,0,59814,0,1364302,0,1232519,879,221,2028,146113,92784,0,0,10
1786392720758,12368896,9856784,10077424,1242480,8358992,0,60303,0,59814,0,1364302,0,1232519,879,221,2028,146113,92784,0,0,10
1786392721271,12368896,9856784,10077424,1242480,8358992,0,60303,0,59814,0,1364302,0,1232519,879,221,2028,146113,92784,0,0,10
1786392721782,12368896,9856784,10077424,1242480,8358992,0,60303,0,59814,0,1364302,0,1232519,879,221,2028,146113,92784,0,0,10
1786392722298,12368896,9856784,10077424,1242480,8358992,0,60303,0,59814,0,1364302,0,1232519,879,221,2028,146113,92784,0,0,10
1786392722805,12368896,9856784,10077424,1242480,8358992,0,60303,0,59814,0,1364302,0,1232519,879,221,2028,146113,92784,0,0,10
1786392723317,12368896,9856784,10077424,1242480,8358992,0,60303,0,59814,0,1364302,0,1232519,879,221,2028,146113,92784,0,0,10
1786392723828,12368896,9856784,10077424,1242480,8358992,0,60303,0,59814,0,1364302,0,1232519,879,221,2028,146113,92784,0,0,10
1786392724331,12368896,9856784,10077424,1242480,8358992,0,60303,0,59814,0,1364302,0,1232519,879,221,2028,146113,92784,0,0,10
1786392724835,12368896,9856784,10077424,1242480,8358992,0,60303,0,59814,0,1364302,0,1232519,879,221,2028,146113,92784,0,0,10
1786392725336,12368896,9856784,10077424,1242480,8358992,0,60303,0,59814,0,1364302,0,1232519,879,221,2028,146113,92784,0,0,10
1786392725848,12368896,9856784,10077424,1242480,8358992,0,60303,0,59814,0,1364302,0,1232519,879,221,2028,146113,92784,0,0,10
1786392726358,12368896,9856784,10077424,1242480,8358992,0,60303,0,59814,0,1364302,0,1232519,879,221,2028,146113,92784,0,0,10
1786392726870,12368896,9856784,10077424,1242480,8358992,0,60303,0,59814,0,1364302,0,1232519,879,221,2028,146113,92784,0,0,10
1786392727381,12368896,9856784,10077424,1242480,8358992,0,60303,0,59814,0,1364302,0,1232519,879,221,2028,146113,92784,0,0,10
1786392727890,12368896,9856784,10077424,1242480,8358992,0,60303,0,59814,0,1364302,0,1232519,879,221,2028,146113,92784,0,0,10
1786392728394,12368896,9856784,10077424,1242496,8358992,0,60303,0,59814,0,1364302,0,1232519,879,221,2028,146113,92784,0,0,10
1786392728906,12368896,9856784,10077424,1242496,8358992,0,60303,0,59814,0,1364302,0,1232519,879,221,2028,146113,92784,0,0,10
1786392729419,12368896,9856784,10077424,1242496,8358992,0,60303,0,59814,0,1364302,0,1232519,879,221,2028,146113,92784,0,0,10
1786392729926,12368896,9856784,10077424,1242496,8358992,0,60303,0,59814,0,1364302,0,1232519,879,221,2028,146113,92784,0,0,10
1786392730435,12368896,9856784,10077424,1242496,8358992,0,60303,0,59814,0,1364302,0,1232519,879,221,2028,146113,92784,0,0,10
1786392730937,12368896,9856784,10077424,1242496,8358992,0,60303,0,59814,0,1364302,0,1232519,879,221,2028,146113,92784,0,0,10
1786392731440,12368896,9856784,10077424,1242496,8358992,0,60303,0,59814,0,1364302,0,1232519,879,221,2028,146113,92784,0,0,10
1786392731942,12368896,9856784,10077424,1242496,8358992,0,60303,0,59814,0,1364302,0,1232519,879,221,2028,146113,92784,0,0,10
1786392732447,12368896,9856784,10077424,1242496,8358992,0,60303,0,59814,0,1364302,0,1232519,879,221,2028,146113,92784,0,0,10
1786392732948,12368896,9856784,10077424,1242496,8358992,0,60303,0,59814,0,1364302,0,1232519,879,221,2028,146113,92784,0,0,10
1786392733452,12368896,9856544,10077184,1242496,8358992,0,60303,0,59814,0,1364302,0,1232519,879,221,2028,146113,92784,0,0,10
1786392733962,12368896,9856064,10076704,1242496,8358992,0,60303,0,59814,0,1364302,0,1232519,879,221,2028,146113,92784,0,0,10
1786392734467,12368896,9856064,10076704,1242496,8358992,0,60303,0,59814,0,1364302,0,1232519,879,221,2028,146113,92784,0,0,10
1786392734972,12368896,9856064,10076704,1242496,8358992,0,60303,0,59814,0,1364302,0,1232519,879,221,2028,146113,92784,0,0,10
1786392735476,12368896,9856064,10076704,1242496,8358992,0,60303,0,59814,0,1364302,0,1232519,879,221,2028,146113,92784,0,0,10
1786392735981,12368896,9856064,10076704,1242496,8358992,0,60303,0,59814,0,1364302,0,1232519,879,221,2028,146113,92784,0,0,10
1786392736486,12368896,9855344,10075984,1242496,8358992,0,60303,0,59814,0,1364302,0,1232519,879,221,2028,146113,92784,0,0,10
1786392736993,12368896,9855344,10075984,1242496,8358992,0,60303,0,59814,0,1364302,0,1232519,879,221,2028,146113,92784,0,0,10
1786392737500,12368896,9855344,10075984,1242496,8358992,0,60303,0,59814,0,1364302,0,1232519,879,221,2028,146113,92784,0,0,10
1786392738001,12368896,9855344,10075984,1242496,8358992,0,60303,0,59814,0,1364302,0,1232519,879,221,2028,146113,92784,0,0,10
1786392738506,12368896,9855104,10075744,1242496,8358992,0,60303,0,59814,0,1364302,0,1232519,879,221,2028,146113,92784,0,0,10
1786392739011,12368896,9855104,10075744,1242496,8358992,0,60303,0,59814,0,1364302,0,1232519,879,221,2028,146113,92784,0,0,10
1786392739513,12368896,9855104,10075744,1242496,8358992,0,60303,0,59814,0,1364302,0,1232519,879,221,2028,146113,92784,0,0,10
1786392740022,12368896,9855104,10075744,1242496,8358992,0,60303,0,59814,0,1364302,0,1232519,879,221,2028,146113,92784,0,0,10
1786392740530,12368896,9855104,10075744,1242496,8358992,0,60303,0,59814,0,1364302,0,1232519,879,221,2028,146113,92784,0,0,10
1786392741041,12368896,9855104,10075744,1242496,8358992,0,60303,0,59814,0,1364302,0,1232519,879,221,2028,146113,92784,0,0,10
1786392741552,12368896,9855104,10075744,1242496,8358992,0,60303,0,59814,0,1364302,0,1232519,879,221,2028,146113,92784,0,0,10
1786392742055,12368896,9855104,10075744,1242496,8358992,0,60303,0,59814,0,1364302,0,1232519,879,221,2028,146113,92784,0,0,10
1786392742567,12368896,9855104,10075744,1242496,8358992,0,60303,0,59814,0,1364302,0,1232519,879,221,2028,146113,92784,0,0,10
1786392743068,12368896,9855104,10075744,1242496,8358992,0,60303,0,59814,0,1364302,0,1232519,879,221,2028,146113,92784,0,0,10
1786392743569,12368896,9854624,10075264,1242496,8358992,0,60303,0,59814,0,1364302,0,1232519,879,221,2028,146113,92784,0,0,10
1786392744072,12368896,9854624,10075264,1242496,8358992,0,60303,0,59814,0,1364302,0,1232519,879,221,2028,146113,92784,0,0,10
1786392744576,12368896,9854624,10075264,1242496,8358992,0,60303,0,59814,0,1364302,0,1232519,879,221,2028,146113,92784,0,0,10
1786392745088,12368896,9854624,10075264,1242496,8358992,0,60303,0,59814,0,1364302,0,1232519,879,221,2028,146113,92784,0,0,10
1786392745590,12368896,9854384,10075024,1242496,8358992,0,60303,0,59814,0,1364302,0,1232519,879,221,2028,146113,92784,0,0,10
1786392746097,12368896,9854144,10074784,1242496,8358992,0,60303,0,59814,0,1364302,0,1232519,879,221,2028,146113,92784,0,0,10
1786392746609,12368896,9854144,10074784,1242496,8358992,0,60303,0,59814,0,1364302,0,1232519,879,221,2028,146113,92784,0,0,10
1786392747121,12368896,9854144,10074784,1242496,8358992,0,60303,0,59814,0,1364302,0,1232519,879,221,2028,146113,92784,0,0,10
1786392747633,12368896,9853904,10074544,1242496,8358992,0,60303,0,59814,0,1364302,0,1232519,879,221,2028,146113,92784,0,0,10
1786392748137,12368896,9853904,10074544,1242496,8358992,0,60303,0,59814,0,1364302,0,1232519,879,221,2028,146113,92784,0,0,10
1786392748647,12368896,9853904,10074544,1242496,8358992,0,60303,0,59814,0,1364302,0,1232519,879,221,2028,146113,92784,0,0,10
1786392749149,12368896,9853904,10074544,1242496,8358992,0,60303,0,59814,0,1364302,0,1232519,879,221,2028,146113,92784,0,0,10
1786392749659,12368896,9854528,10075168,1242496,8358992,0,60303,0,59814,0,1364302,0,1232519,879,221,2028,146113,92784,0,0,10
1786392750166,12368896,9854528,10075168,1242496,8358992,0,60303,0,59814,0,1364302,0,1232519,879,221,2028,146113,92784,0,0,10
1786392750678,12368896,9854528,10075168,1242496,8358992,0,60303,0,59814,0,1364302,0,1232519,879,221,2028,146113,92784,0,0,10
1786392751181,12368896,9854528,10075168,1242496,8358992,0,60303,0,59814,0,1364302,0,1232519,879,221,2028,146113,92784,0,0,10
1786392751692,12368896,9854528,10075168,1242496,8358992,0,60303,0,59814,0,1364302,0,1232519,879,221,2028,146113,92784,0,0,10
1786392752205,12368896,9854528,10075168,1242496,8358992,0,60303,0,59814,0,1364302,0,1232519,879,221,2028,146113,92784,0,0,10
1786392752708,12368896,9854944,10075584,1242496,8358992,0,60303,0,59814,0,1364302,0,1232519,879,221,2028,146113,92784,0,0,10
1786392753220,12368896,9854944,10075584,1242496,8358992,0,60303,0,59814,0,1364302,0,1232519,879,221,2028,146113,92784,0,0,10
1786392753730,12368896,9854944,10075584,1242496,8358992,0,60303,0,59814,0,1364302,0,1232519,879,221,2028,146113,92784,0,0,10
1786392754232,12368896,9854944,10075584,1242496,8358992,0,60303,0,59814,0,1364302,0,1232519,879,221,2028,146113,92784,0,0,10
1786392754743,12368896,9854224,10074864,1242496,8358992,0,60303,0,59814,0,1364302,0,1232519,879,221,2028,146113,92784,0,0,10
1786392755246,12368896,9854224,10074864,1242496,8358992,0,60303,0,59814,0,1364302,0,1232519,879,221,2028,146113,92784,0,0,10
1786392755753,12368896,9854224,10074864,1242496,8358992,0,60303,0,59814,0,1364302,0,1232519,879,221,2028,146113,92784,0,0,10
1786392756258,12368896,9854224,10074864,1242496,8358992,0,60303,0,59814,0,1364302,0,1232519,879,221,2028,146113,92784,0,0,10
1786392756766,12368896,9853984,10074624,1242496,8358992,0,60303,0,59814,0,1364302,0,1232519,879,221,2028,146113,92784,0,0,10
1786392757278,12368896,9854560,10075200,1242496,8358992,0,60303,0,59814,0,1364302,0,1232519,879,221,2028,146113,92784,0,0,10
1786392757781,12368896,9854560,10075200,1242496,8358992,0,60303,0,59814,0,1364302,0,1232519,879,221,2028,146113,92784,0,0,10
1786392758293,12368896,9854560,10075200,1242496,8358992,0,60303,0,59814,0,1364302,0,1232519,879,221,2028,146113,92784,0,0,10
1786392758803,12368896,9854560,10075200,1242496,8358992,0,60303,0,59814,0,1364302,0,1232519,879,221,2028,146113,92784,0,0,10
1786392759314,12368896,9854720,10075360,1242496,8358992,0,60303,0,59814,0,1364302,0,1232519,879,221,2028,146113,92784,0,0,10
1786392759824,12368896,9854720,10075360,1242496,8358992,0,60303,0,59814,0,1364302,0,1232519,879,221,2028,146113,92784,0,0,10
1786392760331,12368896,9854240,10074880,1242496,8358992,0,60303,0,59814,0,1364302,0,1232519,879,221,2028,146113,92784,0,0,10
1786392760832,12368896,9854240,10074880,1242496,8358992,0,60303,0,59814,0,1364302,0,1232519,879,221,2028,146113,92784,0,0,10
1786392761333,12368896,9854240,10074880,1242496,8358992,0,60303,0,59814,0,1364302,0,1232519,879,221,2028,146113,92784,0,0,10
1786392761841,12368896,9854240,10074880,1242496,8358992,0,60303,0,59814,0,1364302,0,1232519,879,221,2028,146113,92784,0,0,10
1786392762346,12368896,9854240,10074880,1242496,8358992,0,60303,0,59814,0,1364302,0,1232519,879,221,2028,146113,92784,0,0,10
1786392762848,12368896,9854240,10074880,1242496,8358992,0,60303,0,59814,0,1364302,0,1232519,879,221,2028,146113,92784,0,0,10
1786392763354,12368896,9854240,10074880,1242496,8358992,0,60303,0,59814,0,1364302,0,1232519,879,221,2028,146113,92784,0,0,10
1786392763866,12368896,9854240,10074880,1242496,8358992,0,60303,0,59814,0,1364302,0,1232519,879,221,2028,146113,92784,0,0,10
1786392764379,12368896,9854240,10074880,1242496,8358992,0,60303,0,59814,0,1364302,0,1232519,879,221,2028,146113,92784,0,0,10
1786392764881,12368896,9854240,10074880,1242496,8358992,0,60303,0,59814,0,1364302,0,1232519,879,221,2028,146113,92784,0,0,10
1786392765385,12368896,9854688,10075328,1242496,8358992,0,60303,0,59814,0,1364302,0,1232519,879,221,2028,146113,92784,0,0,10
1786392765886,12368896,9854688,10075328,1242496,8358992,0,60303,0,59814,0,1364302,0,1232519,879,221,2028,146113,92784,0,0,10
1786392766397,12368896,9854688,10075328,1242496,8358992,0,60303,0,59814,0,1364302,0,1232519,879,221,2028,146113,92784,0,0,10
1786392766898,12368896,9854208,10074848,1242496,8358992,0,60303,0,59814,0,1364302,0,1232519,879,221,2028,146113,92784,0,0,10
1786392767409,12368896,9854208,10074848,1242496,8358992,0,60303,0,59814,0,1364302,0,1232519,879,221,2028,146113,92784,0,0,10
1786392767911,12368896,9854208,10074848,1242496,8358992,0,60303,0,59814,0,1364302,0,1232519,879,221,2028,146113,92784,0,0,10
1786392768412,12368896,9854208,10074848,1242496,8358992,0,60303,0,59814,0,1364302,0,1232519,879,221,2028,146113,92784,0,0,10
1786392768922,12368896,9854208,10074848,1242496,8358992,0,60303,0,59814,0,1364302,0,1232519,879,221,2028,146113,92784,0,0,10
1786392769431,12368896,9853728,10074368,1242496,8358992,0,60303,0,59814,0,1364302,0,1232519,879,221,2028,146113,92784,0,0,10
1786392769943,12368896,9853728,10074368,1242496,8358992,0,60303,0,59814,0,1364302,0,1232519,879,221,2028,146113,92784,0,0,10
1786392770454,12368896,9853488,10074128,1242496,8358992,0,60303,0,59814,0,1364302,0,1232519,879,221,2028,146113,92784,0,0,10
1786392770964,12368896,9853488,10074128,1242496,8358992,0,60303,0,59814,0,1364302,0,1232519,879,221,2028,146113,92784,0,0,10
1786392771476,12368896,9853488,10074128,1242496,8358992,0,60303,0,59814,0,1364302,0,1232519,879,221,2028,146113,92784,0,0,10
1786392771979,12368896,9853488,10074128,1242496,8358992,0,60303,0,59814,0,1364302,0,1232519,879,221,2028,146113,92784,0,0,10
1786392772482,12368896,9853248,10073888,1242496,8358992,0,60303,0,59814,0,1364302,0,1232519,879,221,2028,146113,92784,0,0,10
1786392772992,12368896,9853248,10073888,1242496,8358992,0,60303,0,59814,0,1364302,0,1232519,879,221,2028,146113,92784,0,0,10
1786392773493,12368896,9853248,10073888,1242496,8358992,0,60303,0,59814,0,1364302,0,1232519,879,221,2028,146113,92784,0,0,10
1786392774004,12368896,9853248,10073888,1242496,8358992,0,60303,0,59814,0,1364302,0,1232519,879,221,2028,146113,92784,0,0,10
1786392774508,12368896,9853248,10073888,1242496,8358992,0,60303,0,59814,0,1364302,0,1232519,879,221,2028,146113,92784,0,0,10
1786392775017,12368896,9853248,10073888,1242496,8358992,0,60303,0,59814,0,1364302,0,1232519,879,221,2028,146113,92784,0,0,10
1786392775529,12368896,9853632,10074272,1242496,8358992,0,60303,0,59814,0,1364302,0,1232519,879,221,2028,146113,92784,0,0,10
1786392776034,12368896,9853392,10074032,1242496,8358992,0,60303,0,59814,0,1364302,0,1232519,879,221,2028,146113,92784,0,0,10
1786392776536,12368896,9853392,10074032,1242496,8358992,0,60303,0,59814,0,1364302,0,1232519,879,221,2028,146113,92784,0,0,10
1786392777048,12368896,9853152,10073792,1242496,8358992,0,60303,0,59814,0,1364302,0,1232519,879,221,2028,146113,92784,0,0,10
1786392777553,12368896,9853152,10073792,1242496,8358992,0,60303,0,59814,0,1364302,0,1232519,879,221,2028,146113,92784,0,0,10
1786392778059,12368896,9853152,10073792,1242496,8358992,0,60303,0,59814,0,1364302,0,1232519,879,221,2028,146113,92784,0,0,10
1786392778570,12368896,9853152,10073792,1242496,8358992,0,60303,0,59814,0,1364302,0,1232519,879,221,2028,146113,92784,0,0,10
1786392779081,12368896,9853152,10073792,1242496,8358992,0,60303,0,59814,0,1364302,0,1232519,879,221,2028,146113,92784,0,0,10
1786392779592,12368896,9853152,10073792,1242496,8358992,0,60303,0,59814,0,1364302,0,1232519,879,221,2028,146113,92784,0,0,10
1786392780093,12368896,9853152,10073792,1242496,8358992,0,60303,0,59814,0,1364302,0,1232519,879,221,2028,146113,92784,0,0,10
1786392780601,12368896,9853344,10073984,1242496,8358992,0,60303,0,59814,0,1364302,0,1232519,879,221,2028,146113,92784,0,0,10
1786392781104,12368896,9853344,10073984,1242496,8358992,0,60303,0,59814,0,1364302,0,1232519,879,221,2028,146113,92784,0,0,10
1786392781617,12368896,9853344,10073984,1242496,8358992,0,60303,0,59814,0,1364302,0,1232519,879,221,2028,146113,92784,0,0,10
1786392782119,12368896,9853344,10073984,1242496,8358992,0,60303,0,59814,0,1364302,0,1232519,879,221,2028,146113,92784,0,0,10
1786392782621,12368896,9852624,10073264,1242496,8358992,0,60303,0,59814,0,1364302,0,1232519,879,221,2028,146113,92784,0,0,10
1786392783131,12368896,9852624,10073264,1242496,8358992,0,60303,0,59814,0,1364302,0,1232519,879,221,2028,146113,92784,0,0,10
1786392783642,12368896,9852624,10073264,1242496,8358992,0,60303,0,59814,0,1364302,0,1232519,879,221,2028,146113,92784,0,0,10
1786392784149,12368896,9852624,10073264,1242496,8358992,0,60303,0,59814,0,1364302,0,1232519,879,221,2028,146113,92784,0,0,10
1786392784661,12368896,9852624,10073264,1242496,8358992,0,60303,0,59814,0,1364302,0,1232519,879,221,2028,146113,92784,0,0,10
1786392785169,12368896,9852624,10073264,1242496,8358992,0,60303,0,59814,0,1364302,0,1232519,879,221,2028,146113,92784,0,0,10
1786392785676,12368896,9853136,10073776,1242496,8358992,0,60303,0,59814,0,1364302,0,1232519,879,221,2028,146113,92784,0,0,10
1786392786182,12368896,9853136,10073776,1242496,8358992,0,60303,0,59814,0,1364302,0,1232519,879,221,2028,146113,92784,0,0,10
1786392786685,12368896,9852896,10073536,1242496,8358992,0,60303,0,59814,0,1364302,0,1232519,879,221,2028,146113,92784,0,0,10
1786392787188,12368896,9852656,10073296,1242496,8358992,0,60303,0,59814,0,1364302,0,1232519,879,221,2028,146113,92784,0,0,10
1786392787700,12368896,9852656,10073296,1242496,8358992,0,60303,0,59814,0,1364302,0,1232519,879,221,2028,146113,92784,0,0,10
1786392788209,12368896,9852656,10073296,1242496,8358992,0,60303,0,59814,0,1364302,0,1232519,879,221,2028,146113,92784,0,0,10
1786392788712,12368896,9852656,10073296,1242496,8358992,0,60303,0,59814,0,1364302,0,1232519,879,221,2028,146113,92784,0,0,10
1786392789214,12368896,9852656,10073296,1242496,8358992,0,60303,0,59814,0,1364302,0,1232519,879,221,2028,146113,92784,0,0,10
1786392789719,12368896,9852416,10073056,1242496,8358992,0,60303,0,59814,0,1364302,0,1232519,879,221,2028,146113,92784,0,0,10
1786392790230,12368896,9852176,10072816,1242496,8358992,0,60303,0,59814,0,1364302,0,1232519,879,221,2028,146113,92784,0,0,10
1786392790731,12368896,9852176,10072816,1242496,8358992,0,60303,0,59814,0,1364302,0,1232519,879,221,2028,146113,92784,0,0,10
1786392791237,12368896,9852432,10073072,1242496,8358992,0,60303,0,59814,0,1364302,0,1232519,879,221,2028,146113,92784,0,0,10
1786392791747,12368896,9852432,10073072,1242496,8358992,0,60303,0,59814,0,1364302,0,1232519,879,221,2028,146113,92784,0,0,10
1786392792258,12368896,9852432,10073072,1242496,8358992,0,60303,0,59814,0,1364302,0,1232519,879,221,2028,146113,92784,0,0,10
1786392792759,12368896,9852432,10073072,1242496,8358992,0,60303,0,59814,0,1364302,0,1232519,879,221,2028,146113,92784,0,0,10
1786392793269,12368896,9852432,10073072,1242496,8358992,0,60303,0,59814,0,1364302,0,1232519,879,221,2028,146113,92784,0,0,10
1786392793781,12368896,9852432,10073072,1242496,8358992,0,60303,0,59814,0,1364302,0,1232519,879,221,2028,146113,92784,0,0,10
1786392794292,12368896,9852432,10073072,1242496,8358992,0,60303,0,59814,0,1364302,0,1232519,879,221,2028,146113,92784,0,0,10
1786392794804,12368896,9852432,10073072,1242512,8358992,0,60303,0,59814,0,1364302,0,1232519,879,221,2028,146113,92784,0,0,10
1786392795310,12368896,9852432,10073072,1242512,8358992,0,60303,0,59814,0,1364302,0,1232519,879,221,2028,146113,92784,0,0,10
1786392795822,12368896,9851952,10072592,1242512,8358992,0,60303,0,59814,0,1364302,0,1232519,879,221,2028,146113,92784,0,0,10
1786392796326,12368896,9851952,10072592,1242512,8358992,0,60303,0,59814,0,1364302,0,1232519,879,221,2028,146113,92784,0,0,10
1786392796838,12368896,9851952,10072592,1242512,8358992,0,60303,0,59814,0,1364302,0,1232519,879,221,2028,146113,92784,0,0,10
1786392797343,12368896,9851952,10072592,1242512,8358992,0,60303,0,59814,0,1364302,0,1232519,879,221,2028,146113,92784,0,0,10
1786392797846,12368896,9852400,10073040,1242512,8358992,0,60303,0,59814,0,1364302,0,1232519,879,221,2028,146113,92784,0,0,10
1786392798357,12368896,9853024,10073664,1242512,8358992,0,60303,0,59814,0,1364302,0,1232519,879,221,2028,146113,92784,0,0,10
1786392798867,12368896,9853024,10073664,1242512,8358992,0,60303,0,59814,0,1364302,0,1232519,879,221,2028,146113,92784,0,0,10
1786392799371,12368896,9853024,10073664,1242512,8358992,0,60303,0,59814,0,1364302,0,1232519,879,221,2028,146113,92784,0,0,10
1786392799881,12368896,9853024,10073664,1242512,8358992,0,60303,0,59814,0,1364302,0,1232519,879,221,2028,146113,92784,0,0,10
1786392800389,12368896,9853024,10073664,1242512,8358992,0,60303,0,59814,0,1364302,0,1232519,879,221,2028,146113,92784,0,0,10
1786392800896,12368896,9853024,10073664,1242512,8358992,0,60303,0,59814,0,1364302,0,1232519,879,221,2028,146113,92784,0,0,10
1786392801407,12368896,9853024,10073664,1242512,8358992,0,60303,0,59814,0,1364302,0,1232519,879,221,2028,146113,92784,0,0,10
1786392801912,12368896,9853024,10073664,1242512,8358992,0,60303,0,59814,0,1364302,0,1232519,879,221,2028,146113,92784,0,0,10
1786392802423,12368896,9853024,10073664,1242512,8358992,0,60303,0,59814,0,1364302,0,1232519,879,221,2028,146113,92784,0,0,10
1786392802933,12368896,9853024,10073664,1242512,8358992,0,60303,0,59814,0,1364302,0,1232519,879,221,2028,146113,92784,0,0,10
1786392803439,12368896,9853024,10073664,1242512,8358992,0,60303,0,59814,0,1364302,0,1232519,879,221,2028,146113,92784,0,0,10
1786392803950,12368896,9853024,10073664,1242512,8358992,0,60303,0,59814,0,1364302,0,1232519,879,221,2028,146113,92784,0,0,10
1786392804456,12368896,9853024,10073664,1242512,8358992,0,60303,0,59814,0,1364302,0,1232519,879,221,2028,146113,92784,0,0,10
1786392804958,12368896,9853024,10073664,1242512,8358992,0,60303,0,59814,0,1364302,0,1232519,879,221,2028,146113,92784,0,0,10
1786392805463,12368896,9853024,10073664,1242512,8358992,0,60303,0,59814,0,1364302,0,1232519,879,221,2028,146113,92784,0,0,10
1786392805975,12368896,9853024,10073664,1242512,8358992,0,60303,0,59814,0,1364302,0,1232519,879,221,2028,146113,92784,0,0,10
1786392806477,12368896,9853024,10073664,1242512,8358992,0,60303,0,59814,0,1364302,0,1232519,879,221,2028,146113,92784,0,0,10
1786392806989,12368896,9853024,10073664,1242512,8358992,0,60303,0,59814,0,1364302,0,1232519,879,221,2028,146113,92784,0,0,10
1786392807500,12368896,9853024,10073664,1242512,8358992,0,60303,0,59814,0,1364302,0,1232519,879,221,2028,146113,92784,0,0,10
1786392808012,12368896,9853024,10073664,1242512,8358992,0,60303,0,59814,0,1364302,0,1232519,879,221,2028,146113,92784,0,0,10
1786392808519,12368896,9853024,10073664,1242512,8358992,0,60303,0,59814,0,1364302,0,1232519,879,221,2028,146113,92784,0,0,10
1786392809031,12368896,9853024,10073664,1242512,8358992,0,60303,0,59814,0,1364302,0,1232519,879,221,2028,146113,92784,0,0,10
1786392809537,12368896,9853024,10073664,1242512,8358992,0,60303,0,59814,0,1364302,0,1232519,879,221,2028,146113,92784,0,0,10
1786392810042,12368896,9853024,10073664,1242512,8358992,0,60303,0,59814,0,1364302,0,1232519,879,221,2028,146113,92784,0,0,10
1786392810553,12368896,9853024,10073664,1242512,8358992,0,60303,0,59814,0,1364302,0,1232519,879,221,2028,146113,92784,0,0,10
1786392811065,12368896,9853024,10073664,1242512,8358992,0,60303,0,59814,0,1364302,0,1232519,879,221,2028,146113,92784,0,0,10
1786392811576,12368896,9853024,10073664,1242512,8358992,0,60303,0,59814,0,1364302,0,1232519,879,221,2028,146113,92784,0,0,10
1786392812078,12368896,9853024,10073664,1242512,8358992,0,60303,0,59814,0,1364302,0,1232519,879,221,2028,146113,92784,0,0,10
1786392812585,12368896,9853024,10073664,1242512,8358992,0,60303,0,59814,0,1364302,0,1232519,879,221,2028,146113,92784,0,0,10
1786392813097,12368896,9853024,10073664,1242512,8358992,0,60303,0,59814,0,1364302,0,1232519,879,221,2028,146113,92784,0,0,10
1786392813609,12368896,9853024,10073664,1242512,8358992,0,60303,0,59814,0,1364302,0,1232519,879,221,2028,146113,92784,0,0,10
1786392814119,12368896,9853024,10073664,1242512,8358992,0,60303,0,59814,0,1364302,0,1232519,879,221,2028,146113,92784,0,0,10
1786392814622,12368896,9853024,10073664,1242512,8358992,0,60303,0,59814,0,1364302,0,1232519,879,221,2028,146113,92784,0,0,10
1786392815132,12368896,9853024,10073664,1242512,8358992,0,60303,0,59814,0,1364302,0,1232519,879,221,2028,146113,92784,0,0,10
1786392815635,12368896,9853024,10073664,1242512,8358992,0,60303,0,59814,0,1364302,0,1232519,879,221,2028,146113,92784,0,0,10
1786392816141,12368896,9853024,10073664,1242512,8358992,0,60303,0,59814,0,1364302,0,1232519,879,221,2028,146113,92784,0,0,10
1786392816642,12368896,9853024,10073664,1242512,8358992,0,60303,0,59814,0,1364302,0,1232519,879,221,2028,146113,92784,0,0,10
1786392817153,12368896,9853024,10073664,1242512,8358992,0,60303,0,59814,0,1364302,0,1232519,879,221,2028,146113,92784,0,0,10
1786392817658,12368896,9853024,10073664,1242512,8358992,0,60303,0,59814,0,1364302,0,1232519,879,221,2028,146113,92784,0,0,10
1786392818169,12368896,9853024,10073664,1242512,8358992,0,60303,0,59814,0,1364302,0,1232519,879,221,2028,146113,92784,0,0,10
1786392818681,12368896,9853024,10073664,1242512,8358992,0,60303,0,59814,0,1364302,0,1232519,879,221,2028,146113,92784,0,0,10
1786392819187,12368896,9853024,10073664,1242512,8358992,0,60303,0,59814,0,1364302,0,1232519,879,221,2028,146113,92784,0,0,10
1786392819698,12368896,9853024,10073664,1242512,8358992,0,60303,0,59814,0,1364302,0,1232519,879,221,2028,146113,92784,0,0,10
1786392820203,12368896,9853024,10073664,1242512,8358992,0,60303,0,59814,0,1364302,0,1232519,879,221,2028,146113,92784,0,0,10
1786392820715,12368896,9853024,10073664,1242512,8358992,0,60303,0,59814,0,1364302,0,1232519,879,221,2028,146113,92784,0,0,10
1786392821227,12368896,9853024,10073664,1242512,8358992,0,60303,0,59814,0,1364302,0,1232519,879,221,2028,146113,92784,0,0,10
1786392821730,12368896,9853024,10073664,1242512,8358992,0,60303,0,59814,0,1364302,0,1232519,879,221,2028,146113,92784,0,0,10
1786392822241,12368896,9853024,10073664,1242512,8358992,0,60303,0,59814,0,1364302,0,1232519,879,221,2028,146113,92784,0,0,10
1786392822750,12368896,9853024,10073664,1242512,8358992,0,60303,0,59814,0,1364302,0,1232519,879,221,2028,146113,92784,0,0,10
1786392823262,12368896,9853024,10073664,1242512,8358992,0,60303,0,59814,0,1364302,0,1232519,879,221,2028,146113,92784,0,0,10
1786392823765,12368896,9853024,10073664,1242512,8358992,0,60303,0,59814,0,1364302,0,1232519,879,221,2028,146113,92784,0,0,10
1786392824274,12368896,9853024,10073664,1242512,8358992,0,60303,0,59814,0,1364302,0,1232519,879,221,2028,146113,92784,0,0,10
1786392824786,12368896,9853024,10073664,1242512,8358992,0,60303,0,59814,0,1364302,0,1232519,879,221,2028,146113,92784,0,0,10
1786392825290,12368896,9853024,10073664,1242512,8358992,0,60303,0,59814,0,1364302,0,1232519,879,221,2028,146113,92784,0,0,10
1786392825800,12368896,9853024,10073664,1242512,8358992,0,60303,0,59814,0,1364302,0,1232519,879,221,2028,146113,92784,0,0,10
1786392826306,12368896,9853024,10073664,1242512,8358992,0,60303,0,59814,0,1364302,0,1232519,879,221,2028,146113,92784,0,0,10
1786392826817,12368896,9852544,10073184,1242512,8358992,0,60303,0,59814,0,1364302,0,1232519,879,221,2028,146113,92784,0,0,10
1786392827330,12368896,9852544,10073184,1242512,8358992,0,60303,0,59814,0,1364302,0,1232519,879,221,2028,146113,92784,0,0,10
1786392827841,12368896,9852544,10073184,1242512,8358992,0,60303,0,59814,0,1364302,0,1232519,879,221,2028,146113,92784,0,0,10
1786392828345,12368896,9851824,10072464,1242512,8358992,0,60303,0,59814,0,1364302,0,1232519,879,221,2028,146113,92784,0,0,10
1786392828849,12368896,9851824,10072464,1242512,8358992,0,60303,0,59814,0,1364302,0,1232519,879,221,2028,146113,92784,0,0,10
1786392829356,12368896,9851824,10072464,1242512,8358992,0,60303,0,59814,0,1364302,0,1232519,879,221,2028,146113,92784,0,0,10
1786392829862,12368896,9851824,10072464,1242512,8358992,0,60303,0,59814,0,1364302,0,1232519,879,221,2028,146113,92784,0,0,10
1786392830372,12368896,9851824,10072464,1242512,8358992,0,60303,0,59814,0,1364302,0,1232519,879,221,2028,146113,92784,0,0,10
1786392830874,12368896,9851824,10072464,1242512,8358992,0,60303,0,59814,0,1364302,0,1232519,879,221,2028,146113,92784,0,0,10
1786392831378,12368896,9851824,10072464,1242512,8358992,0,60303,0,59814,0,1364302,0,1232519,879,221,2028,146113,92784,0,0,10
1786392831886,12368896,9851824,10072464,1242512,8358992,0,60303,0,59814,0,1364302,0,1232519,879,221,2028,146113,92784,0,0,10
1786392832389,12368896,9851824,10072464,1242512,8358992,0,60303,0,59814,0,1364302,0,1232519,879,221,2028,146113,92784,0,0,10
1786392832896,12368896,9851824,10072464,1242512,8358992,0,60303,0,59814,0,1364302,0,1232519,879,221,2028,146113,92784,0,0,10
1786392833404,12368896,9851824,10072464,1242512,8358992,0,60303,0,59814,0,1364302,0,1232519,879,221,2028,146113,92784,0,0,10
1786392833915,12368896,9851824,10072464,1242512,8358992,0,60303,0,59814,0,1364302,0,1232519,879,221,2028,146113,92784,0,0,10
1786392834423,12368896,9851824,10072464,1242512,8358992,0,60303,0,59814,0,1364302,0,1232519,879,221,2028,146113,92784,0,0,10
1786392834933,12368896,9851824,10072464,1242512,8358992,0,60303,0,59814,0,1364302,0,1232519,879,221,2028,146113,92784,0,0,10
1786392835438,12368896,9851584,10072224,1242512,8358992,0,60303,0,59814,0,1364302,0,1232519,879,221,2028,146113,92784,0,0,10
1786392835948,12368896,9851584,10072224,1242512,8358992,0,60303,0,59814,0,1364302,0,1232519,879,221,2028,146113,92784,0,0,10
1786392836461,12368896,9851584,10072224,1242512,8358992,0,60303,0,59814,0,1364302,0,1232519,879,221,2028,146113,92784,0,0,10
1786392836972,12368896,9851584,10072224,1242512,8358992,0,60303,0,59814,0,1364302,0,1232519,879,221,2028,146113,92784,0,0,10
1786392837481,12368896,9851584,10072224,1242512,8358992,0,60303,0,59814,0,1364302,0,1232519,879,221,2028,146113,92784,0,0,10
1786392837984,12368896,9851584,10072224,1242512,8358992,0,60303,0,59814,0,1364302,0,1232519,879,221,2028,146113,92784,0,0,10
1786392838485,12368896,9851344,10071984,1242512,8358992,0,60303,0,59814,0,1364302,0,1232519,879,221,2028,146113,92784,0,0,10
1786392838990,12368896,9851344,10071984,1242512,8358992,0,60303,0,59814,0,1364302,0,1232519,879,221,2028,146113,92784,0,0,10
1786392839498,12368896,9851344,10071984,1242512,8358992,0,60303,0,59814,0,1364302,0,1232519,879,221,2028,146113,92784,0,0,10
1786392840003,12368896,9850864,10071504,1242512,8358992,0,60303,0,59814,0,1364302,0,1232519,879,221,2028,146113,92784,0,0,10
1786392840514,12368896,9850864,10071504,1242512,8358992,0,60303,0,59814,0,1364302,0,1232519,879,221,2028,146113,92784,0,0,10
1786392841016,12368896,9850864,10071504,1242512,8358992,0,60303,0,59814,0,1364302,0,1232519,879,221,2028,146113,92784,0,0,10
1786392841527,12368896,9850864,10071504,1242512,8358992,0,60303,0,59814,0,1364302,0,1232519,879,221,2028,146113,92784,0,0,10
1786392842029,12368896,9850864,10071504,1242512,8358992,0,60303,0,59814,0,1364302,0,1232519,879,221,2028,146113,92784,0,0,10
1786392842535,12368896,9850384,10071024,1242512,8358992,0,60303,0,59814,0,1364302,0,1232519,879,221,2028,146113,92784,0,0,10
1786392843041,12368896,9850384,10071024,1242512,8358992,0,60303,0,59814,0,1364302,0,1232519,879,221,2028,146113,92784,0,0,10
1786392843553,12368896,9850384,10071024,1242512,8358992,0,60303,0,59814,0,1364302,0,1232519,879,221,2028,146113,92784,0,0,10
1786392844065,12368896,9850384,10071024,1242512,8358992,0,60303,0,59814,0,1364302,0,1232519,879,221,2028,146113,92784,0,0,10
1786392844569,12368896,9850384,10071024,1242512,8358992,0,60303,0,59814,0,1364302,0,1232519,879,221,2028,146113,92784,0,0,10
1786392845080,12368896,9850384,10071024,1242512,8358992,0,60303,0,59814,0,1364302,0,1232519,879,221,2028,146113,92784,0,0,10
1786392845592,12368896,9849904,10070544,1242512,8358992,0,60303,0,59814,0,1364302,0,1232519,879,221,2028,146113,92784,0,0,10
1786392846093,12368896,9849904,10070544,1242512,8358992,0,60303,0,59814,0,1364302,0,1232519,879,221,2028,146113,92784,0,0,10
1786392846605,12368896,9849904,10070544,1242512,8358992,0,60303,0,59814,0,1364302,0,1232519,879,221,2028,146113,92784,0,0,10
1786392847115,12368896,9849904,10070544,1242512,8358992,0,60303,0,59814,0,1364302,0,1232519,879,221,2028,146113,92784,0,0,10
1786392847621,12368896,9849664,10070304,1242512,8358992,0,60303,0,59814,0,1364302,0,1232519,879,221,2028,146113,92784,0,0,10
1786392848131,12368896,9849664,10070304,1242512,8358992,0,60303,0,59814,0,1364302,0,1232519,879,221,2028,146113,92784,0,0,10
1786392848643,12368896,9849664,10070304,1242512,8358992,0,60303,0,59814,0,1364302,0,1232519,879,221,2028,146113,92784,0,0,10
1786392849145,12368896,9849664,10070304,1242512,8358992,0,60303,0,59814,0,1364302,0,1232519,879,221,2028,146113,92784,0,0,10
1786392849657,12368896,9849664,10070304,1242512,8358992,0,60303,0,59814,0,1364302,0,1232519,879,221,2028,146113,92784,0,0,10
1786392850166,12368896,9849664,10070304,1242512,8358992,0,60303,0,59814,0,1364302,0,1232519,879,221,2028,146113,92784,0,0,10
1786392850668,12368896,9849664,10070304,1242512,8358992,0,60303,0,59814,0,1364302,0,1232519,879,221,2028,146113,92784,0,0,10
1786392851179,12368896,9849664,10070304,1242512,8358992,0,60303,0,59814,0,1364302,0,1232519,879,221,2028,146113,92784,0,0,10
1786392851689,12368896,9849664,10070304,1242512,8358992,0,60303,0,59814,0,1364302,0,1232519,879,221,2028,146113,92784,0,0,10
1786392852191,12106752,9665344,9886992,1242512,8358992,0,60303,0,59814,0,1364302,0,1232519,879,221,2028,146113,92784,0,0,10
1786392852695,12106752,9665344,9886992,1242512,8358992,0,60303,0,59814,0,1364302,0,1232519,879,221,2028,146113,92784,0,0,10
1786392853197,12106752,9664864,9886528,1242512,8358992,0,60303,0,59814,0,1364302,0,1232519,879,221,2028,146113,92784,0,0,10
1786392853708,12106752,9664864,9886528,1242512,8358992,0,60303,0,59814,0,1364302,0,1232519,879,221,2028,146113,92784,0,0,10
1786392854209,11925504,9480784,9703152,1242512,8358992,0,60303,0,59814,0,1364302,0,1232519,879,221,2028,146113,92784,0,0,10
1786392854717,11844608,9396304,9618992,1242512,8358992,0,60303,0,59814,0,1364302,0,1232519,879,221,2028,146113,92784,0,0,10
1786392855222,11844608,9396304,9618992,1242512,8358992,0,60303,0,59814,0,1364302,0,1232519,879,221,2028,146113,92784,0,0,10
1786392855731,11844608,9396304,9618992,1242512,8358992,0,60303,0,59814,0,1364302,0,1232519,879,221,2028,146113,92784,0,0,10
1786392856240,11634688,9189184,9412688,1242512,8358992,0,60303,0,59814,0,1364302,0,1232519,879,221,2028,146113,92784,0,0,10
1786392856741,11582464,9135424,9359136,1242512,8358992,0,60303,0,59814,0,1364302,0,1232519,879,221,2028,146113,92784,0,0,10
1786392857253,11582464,9135424,9359136,1242512,8358992,0,60303,0,59814,0,1364302,0,1232519,879,221,2028,146113,92784,0,0,10
1786392857765,11582464,9135184,9358896,1242512,8358992,0,60303,0,59814,0,1364302,0,1232519,879,221,2028,146113,92784,0,0,10
1786392858277,11320320,8874304,9099040,1242512,8358992,0,60303,0,59814,0,1364302,0,1232519,879,221,2028,146113,92784,0,0,10
1786392858787,11320320,8874304,9099040,1242512,8358992,0,60303,0,59814,0,1364302,0,1232519,879,221,2028,146113,92784,0,0,10
1786392859294,11320320,8874304,9099040,1242512,8358992,0,60303,0,59814,0,1364302,0,1232519,879,221,2028,146113,92784,0,0,10
1786392859806,11320320,8874064,9098800,1242512,8358992,0,60303,0,59814,0,1364302,0,1232519,879,221,2028,146113,92784,0,0,10
1786392860310,11058176,8613904,8839664,1242512,8358992,0,60303,0,59814,0,1364302,0,1232519,879,221,2028,146113,92784,0,0,10
1786392860815,11058176,8613904,8839664,1242512,8358992,0,60303,0,59814,0,1364302,0,1232519,879,221,2028,146113,92784,0,0,10
1786392861319,11058176,8613424,8839184,1242528,8358992,0,60303,0,59814,0,1364302,0,1232519,879,221,2028,146113,92784,0,0,10
1786392861828,11058176,8613424,8839184,1242528,8358992,0,60303,0,59814,0,1364302,0,1232519,879,221,2028,146113,92784,0,0,10
1786392862338,10796032,8352544,8579328,1242528,8358992,0,60303,0,59814,0,1364302,0,1232519,879,221,2028,146113,92784,0,0,10
1786392862849,10796032,8352544,8579328,1242528,8358992,0,60303,0,59814,0,1364302,0,1232519,879,221,2028,146113,92784,0,0,10
1786392863361,10796032,8352544,8579328,1242528,8358992,0,60303,0,59814,0,1364302,0,1232519,879,221,2028,146113,92784,0,0,10
1786392863871,10796032,8352544,8579328,1242528,8358992,0,60303,0,59814,0,1364302,0,1232519,879,221,2028,146113,92784,0,0,10
1786392864383,10533888,8084464,8312272,1242528,8358992,0,60303,0,59814,0,1364302,0,1232519,879,221,2028,146113,92784,0,0,10
1786392864894,10533888,8084464,8312272,1242528,8358992,0,60303,0,59814,0,1364302,0,1232519,879,221,2028,146113,92784,0,0,10
1786392865406,10533888,8083984,8311792,1242528,8358992,0,60303,0,59814,0,1364302,0,1232519,879,221,2028,146113,92784,0,0,10
1786392865912,10533888,8083984,8311792,1242528,8358992,0,60303,0,59814,0,1364302,0,1232519,879,221,2028,146113,92784,0,0,10
1786392866423,10271744,7822624,8051456,1242528,8358992,0,60303,0,59814,0,1364302,0,1232519,879,221,2028,146113,92784,0,0,10
1786392866925,10271744,7822624,8051456,1242528,8358992,0,60303,0,59814,0,1364302,0,1232519,879,221,2028,146113,92784,0,0,10
1786392867427,10271744,7822624,8051456,1242528,8358992,0,60303,0,59814,0,1364302,0,1232519,879,221,2028,146113,92784,0,0,10
1786392867931,10271744,7822624,8051456,1242528,8358992,0,60303,0,59814,0,1364302,0,1232519,879,221,2028,146113,92784,0,0,10
1786392868440,10009600,7561744,7791600,1242528,8358992,0,60303,0,59814,0,1364302,0,1232519,879,221,2028,146113,92784,0,0,10
1786392868946,10009600,7561744,7791600,1242528,8358992,0,60303,0,59814,0,1364302,0,1232519,879,221,2028,146113,92784,0,0,10
1786392869452,10009600,7561744,7791600,1242528,8358992,0,60303,0,59814,0,1364302,0,1232519,879,221,2028,146113,92784,0,0,10
1786392869962,10009600,7561744,7791600,1242528,8358992,0,60303,0,59814,0,1364302,0,1232519,879,221,2028,146113,92784,0,0,10
1786392870474,9747456,7300864,7531744,1242528,8358992,0,60303,0,59814,0,1364302,0,1232519,879,221,2028,146113,92784,0,0,10
1786392870981,9747456,7300864,7531744,1242528,8358992,0,60303,0,59814,0,1364302,0,1232519,879,221,2028,146113,92784,0,0,10
1786392871486,9747456,7300864,7531744,1242528,8358992,0,60303,0,59814,0,1364302,0,1232519,879,221,2028,146113,92784,0,0,10
1786392871992,9747456,7300864,7531744,1242528,8358992,0,60303,0,59814,0,1364302,0,1232519,879,221,2028,146113,92784,0,0,10
1786392872501,9485312,7039984,7271888,1242528,8358992,0,60303,0,59814,0,1364302,0,1232519,879,221,2028,146113,92784,0,0,10
1786392873012,9485312,7039984,7271888,1242528,8358992,0,60303,0,59814,0,1364302,0,1232519,879,221,2028,146113,92784,0,0,10
1786392873518,9485312,7039984,7271888,1242528,8358992,0,60303,0,59814,0,1364302,0,1232519,879,221,2028,146113,92784,0,0,10
1786392874026,9485312,7039984,7271888,1242528,8358992,0,60303,0,59814,0,1364302,0,1232519,879,221,2028,146113,92784,0,0,10
1786392874529,9223168,6779104,7012032,1242528,8358992,0,60303,0,59814,0,1364302,0,1232519,879,221,2028,146113,92784,0,0,10
1786392875032,9223168,6779104,7012032,1242528,8358992,0,60303,0,59814,0,1364302,0,1232519,879,221,2028,146113,92784,0,0,10
1786392875536,9223168,6779104,7012032,1242528,8358992,0,60303,0,59814,0,1364302,0,1232519,879,221,2028,146113,92784,0,0,10
1786392876041,9223168,6779104,7012032,1242528,8358992,0,60303,0,59814,0,1364302,0,1232519,879,221,2028,146113,92784,0,0,10
1786392876543,8961024,6511984,6745936,1242528,8358992,0,60303,0,59814,0,1364302,0,1232519,879,221,2028,146113,92784,0,0,10
1786392877049,8961024,6511984,6745936,1242528,8358992,0,60303,0,59814,0,1364302,0,1232519,879,221,2028,146113,92784,0,0,10
1786392877557,8961024,6511984,6745936,1242528,8358992,0,60303,0,59814,0,1364302,0,1232519,879,221,2028,146113,92784,0,0,10
1786392878063,8961024,6511984,6745936,1242528,8358992,0,60303,0,59814,0,1364302,0,1232519,879,221,2028,146113,92784,0,0,10
1786392878566,8698880,6251104,6486080,1242528,8358992,0,60303,0,59814,0,1364302,0,1232519,879,221,2028,146113,92784,0,0,10
1786392879071,8698880,6251104,6486080,1242528,8358992,0,60303,0,59814,0,1364302,0,1232519,879,221,2028,146113,92784,0,0,10
1786392879589,8698880,6251104,6486080,1242528,8358992,0,60303,0,59814,0,1364302,0,1232519,879,221,2028,146113,92784,0,0,10
1786392880090,8698880,6251104,6486080,1242528,8358992,0,60303,0,59814,0,1364302,0,1232519,879,221,2028,146113,92784,0,0,10
1786392880601,8436736,5990944,6226944,1242528,8358992,0,60303,0,59814,0,1364302,0,1232519,879,221,2028,146113,92784,0,0,10
1786392881111,8436736,5990944,6226944,1242528,8358992,0,60303,0,59814,0,1364302,0,1232519,879,221,2028,146113,92784,0,0,10
1786392881614,8436736,5990944,6226944,1242528,8358992,0,60303,0,59814,0,1364302,0,1232519,879,221,2028,146113,92784,0,0,10
1786392882120,8436736,5990944,6226944,1242528,8358992,0,60303,0,59814,0,1364302,0,1232519,879,221,2028,146113,92784,0,0,10
1786392882624,8174592,5729824,5966848,1242528,8358992,0,60303,0,59814,0,1364302,0,1232519,879,221,2028,146113,92784,0,0,10
1786392883128,8174592,5729584,5966608,1242528,8358992,0,60303,0,59814,0,1364302,0,1232519,879,221,2028,146113,92784,0,0,10
1786392883632,8174592,5729584,5966608,1242528,8358992,0,60303,0,59814,0,1364302,0,1232519,879,221,2028,146113,92784,0,0,10
1786392884138,8174592,5729584,5966608,1242528,8358992,0,60303,0,59814,0,1364302,0,1232519,879,221,2028,146113,92784,0,0,10
1786392884642,7912448,5468944,5706992,1242528,8358992,0,60303,0,59814,0,1364302,0,1232519,879,221,2028,146113,92784,0,0,10
1786392885146,7912448,5468944,5706992,1242528,8358992,0,60303,0,59814,0,1364302,0,1232519,879,221,2028,146113,92784,0,0,10
1786392885655,7912448,5468944,5706992,1242528,8358992,0,60303,0,59814,0,1364302,0,1232519,879,221,2028,146113,92784,0,0,10
1786392886156,7912448,5468944,5706992,1242528,8358992,0,60303,0,59814,0,1364302,0,1232519,879,221,2028,146113,92784,0,0,10
1786392886667,7650304,5200624,5439696,1242528,8358992,0,60303,0,59814,0,1364302,0,1232519,879,221,2028,146113,92784,0,0,10
1786392887168,7650304,5200624,5439696,1242528,8358992,0,60303,0,59814,0,1364302,0,1232519,879,221,2028,146113,92784,0,0,10
1786392887674,7650304,5200624,5439696,1242528,8358992,0,60303,0,59814,0,1364302,0,1232519,879,221,2028,146113,92784,0,0,10
1786392888181,7650304,5200624,5439696,1242528,8358992,0,60303,0,59814,0,1364302,0,1232519,879,221,2028,146113,92784,0,0,10
1786392888685,7388160,4940464,5180560,1242528,8358992,0,60303,0,59814,0,1364302,0,1232519,879,221,2028,146113,92784,0,0,10
1786392889192,7388160,4940464,5180560,1242528,8358992,0,60303,0,59814,0,1364302,0,1232519,879,221,2028,146113,92784,0,0,10
1786392889696,7388160,4940464,5180560,1242528,8358992,0,60303,0,59814,0,1364302,0,1232519,879,221,2028,146113,92784,0,0,10
1786392890202,7388160,4940464,5180560,1242528,8358992,0,60303,0,59814,0,1364302,0,1232519,879,221,2028,146113,92784,0,0,10
1786392890705,7126016,4680304,4921424,1242528,8358992,0,60303,0,59814,0,1364302,0,1232519,879,221,2028,146113,92784,0,0,10
1786392891213,7126016,4680304,4921424,1242528,8358992,0,60303,0,59814,0,1364302,0,1232519,879,221,2028,146113,92784,0,0,10
1786392891717,7126016,4680304,4921424,1242528,8358992,0,60303,0,59814,0,1364302,0,1232519,879,221,2028,146113,92784,0,0,10
1786392892227,7126016,4680304,4921424,1242528,8358992,0,60303,0,59814,0,1364302,0,1232519,879,221,2028,146113,92784,0,0,10
1786392892738,6863872,4419424,4661568,1242528,8358992,0,60303,0,59814,0,1364302,0,1232519,879,221,2028,146113,92784,0,0,10
1786392893247,6863872,4419424,4661568,1242528,8358992,0,60303,0,59814,0,1364302,0,1232519,879,221,2028,146113,92784,0,0,10
1786392893749,6863872,4419424,4661568,1242528,8358992,0,60303,0,59814,0,1364302,0,1232519,879,221,2028,146113,92784,0,0,10
1786392894260,6863872,4419424,4661568,1242528,8358992,0,60303,0,59814,0,1364302,0,1232519,879,221,2028,146113,92784,0,0,10
1786392894764,6601728,4158544,4401712,1242528,8358992,0,60303,0,59814,0,1364302,0,1232519,879,221,2028,146113,92784,0,0,10
1786392895269,6601728,4158544,4401712,1242528,8358992,0,60303,0,59814,0,1364302,0,1232519,879,221,2028,146113,92784,0,0,10
1786392895773,6601728,4158544,4401712,1242528,8358992,0,60303,0,59814,0,1364302,0,1232519,879,221,2028,146113,92784,0,0,10
1786392896281,6601728,4158544,4401712,1242528,8358992,0,60303,0,59814,0,1364302,0,1232519,879,221,2028,146113,92784,0,0,10
1786392896785,6339584,3889984,4134176,1242528,8358992,0,60303,0,59814,0,1364302,0,1232519,879,221,2028,146113,92784,0,0,10
1786392897296,6339584,3889984,4134176,1242528,8358992,0,60303,0,59814,0,1364302,0,1232519,879,221,2028,146113,92784,0,0,10
1786392897804,6339584,3889984,4134176,1242528,8358992,0,60303,0,59814,0,1364302,0,1232519,879,221,2028,146113,92784,0,0,10
1786392898306,6339584,3889984,4134176,1242528,8358992,0,60303,0,59814,0,1364302,0,1232519,879,221,2028,146113,92784,0,0,10
1786392898817,6077440,3629104,3874320,1242528,8358992,0,60303,0,59814,0,1364302,0,1232519,879,221,2028,146113,92784,0,0,10
1786392899321,6077440,3629104,3874320,1242528,8358992,0,60303,0,59814,0,1364302,0,1232519,879,221,2028,146113,92784,0,0,10
1786392899831,6077440,3629104,3874320,1242528,8358992,0,60303,0,59814,0,1364302,0,1232519,879,221,2028,146113,92784,0,0,10
1786392900344,6077440,3629104,3874320,1242528,8358992,0,60303,0,59814,0,1364302,0,1232519,879,221,2028,146113,92784,0,0,10
1786392900850,5815296,3376864,3623024,1242528,8358992,0,60303,0,59814,0,1364302,0,1232519,879,221,2028,146113,92784,0,0,10
1786392901361,5815296,3376864,3623024,1242528,8358992,0,60303,0,59814,0,1364302,0,1232519,879,221,2028,146113,92784,0,0,10
1786392901870,5815296,3376624,3622784,1242528,8358992,0,60303,0,59814,0,1364302,0,1232519,879,221,2028,146113,92784,0,0,10
1786392902375,5815296,3376624,3622784,1242528,8358992,0,60303,0,59814,0,1364302,0,1232519,879,221,2028,146113,92784,0,0,10
1786392902887,5553152,3115504,3361664,1242528,8358992,0,60303,0,59814,0,1364302,0,1232519,879,221,2028,146113,92784,0,0,10
1786392903390,5553152,3115504,3361664,1242528,8358992,0,60303,0,59814,0,1364302,0,1232519,879,221,2028,146113,92784,0,0,10
1786392903898,5553152,3115504,3361664,1242528,8358992,0,60303,0,59814,0,1364302,0,1232519,879,221,2028,146113,92784,0,0,10
1786392904409,5553152,3115504,3361664,1242528,8358992,0,60303,0,59814,0,1364302,0,1232519,879,221,2028,146113,92784,0,0,10
1786392904921,5291008,2846944,3093104,1242528,8358992,0,60303,0,59814,0,1364302,0,1232519,879,221,2028,146113,92784,0,0,10
1786392905431,5291008,2846944,3093104,1242528,8358992,0,60303,0,59814,0,1364302,0,1232519,879,221,2028,146113,92784,0,0,10
1786392905935,5291008,2846944,3093104,1242528,8358992,0,60303,0,59814,0,1364302,0,1232519,879,221,2028,146113,92784,0,0,10
1786392906443,5291008,2846944,3093104,1242528,8358992,0,60303,0,59814,0,1364302,0,1232519,879,221,2028,146113,92784,0,0,10
1786392906945,5028864,2586064,2832224,1242528,8358992,0,60303,0,59814,0,1364302,0,1232519,879,221,2028,146113,92784,0,0,10
1786392907450,5028864,2585584,2831744,1242528,8358992,0,60303,0,59814,0,1364302,0,1232519,879,221,2028,146113,92784,0,0,10
1786392907955,5028864,2585584,2831744,1242528,8358992,0,60303,0,59814,0,1364302,0,1232519,879,221,2028,146113,92784,0,0,10
1786392908459,5028864,2585584,2831744,1242528,8358992,0,60303,0,59814,0,1364302,0,1232519,879,221,2028,146113,92784,0,0,10
1786392908961,4766720,2324704,2570864,1242528,8358992,0,60303,0,59814,0,1364302,0,1232519,879,221,2028,146113,92784,0,0,10
1786392909474,4766720,2324704,2570864,1242528,8358992,0,60303,0,59814,0,1364302,0,1232519,879,221,2028,146113,92784,0,0,10
1786392909979,4766720,2324704,2570864,1242528,8358992,0,60303,0,59814,0,1364302,0,1232519,879,221,2028,146113,92784,0,0,10
1786392910480,4766720,2324704,2570864,1242528,8358992,0,60303,0,59814,0,1364302,0,1232519,879,221,2028,146113,92784,0,0,10
1786392910985,4504576,2063824,2309984,1242528,8358992,0,60303,0,59814,0,1364302,0,1232519,879,221,2028,146113,92784,0,0,10
1786392911490,4504576,2063344,2309504,1242528,8358992,0,60303,0,59814,0,1364302,0,1232519,879,221,2028,146113,92784,0,0,10
1786392911999,4504576,2063344,2309504,1242528,8358992,0,60303,0,59814,0,1364302,0,1232519,879,221,2028,146113,92784,0,0,10
1786392912505,4504576,2063344,2309504,1242528,8358992,0,60303,0,59814,0,1364302,0,1232519,879,221,2028,146113,92784,0,0,10
1786392913016,4242432,1802464,2048624,1242528,8358992,0,60303,0,59814,0,1364302,0,1232519,879,221,2028,146113,92784,0,0,10
1786392913523,4242432,1802464,2048624,1242528,8358992,0,60303,0,59814,0,1364302,0,1232519,879,221,2028,146113,92784,0,0,10
1786392914027,4242432,1802464,2048624,1242528,8358992,0,60303,0,59814,0,1364302,0,1232519,879,221,2028,146113,92784,0,0,10
1786392914538,4242432,1802464,2048624,1242528,8358992,0,60303,0,59814,0,1364302,0,1232519,879,221,2028,146113,92784,0,0,10
1786392915050,3980288,1540752,1786912,1242528,8358992,0,60303,0,59814,0,1364302,0,1232519,879,221,2028,146113,92784,0,0,10
1786392915562,3980288,1540624,1786784,1242528,8358992,0,60303,0,59814,0,1364302,0,1232519,879,221,2028,146113,92784,0,0,10
1786392916074,3980288,1540384,1786544,1242528,8358992,0,60303,0,59814,0,1364302,0,1232519,879,221,2028,146113,92784,0,0,10
1786392916576,3976192,1536928,1783088,1242528,8358992,0,60303,0,59814,0,1364302,0,1232519,879,221,2028,146113,92784,0,0,10
1786392917083,3718144,1279504,1525664,1242528,8358992,0,60303,0,59814,0,1364302,0,1232519,879,221,2028,146113,92784,0,0,10
1786392917591,3718144,1279264,1525424,1242528,8358992,0,60303,0,59814,0,1364302,0,1232519,879,221,2028,146113,92784,0,0,10
1786392918099,3718144,1279024,1525184,1242528,8358992,0,60303,0,59814,0,1364302,0,1232519,879,221,2028,146113,92784,0,0,10
1786392918601,3706880,1263904,1510064,1242528,8358992,0,60303,0,59814,0,1364302,0,1232519,879,221,2028,146113,92784,0,0,10
1786392919102,3456000,1010464,1256624,1242528,8358992,0,60303,0,59814,0,1364302,0,1232519,879,221,2028,146113,92784,0,0,10
1786392919604,3456000,1010464,1256624,1242528,8358992,0,60303,0,59814,0,1364302,0,1232519,879,221,2028,146113,92784,0,0,10
1786392920117,3456000,1010464,1256624,1242528,8358992,0,60303,0,59814,0,1364302,0,1232519,879,221,2028,146113,92784,0,0,10
1786392920620,3445760,1006912,1253072,1242528,8358992,0,60303,0,59814,0,1364302,0,1232519,879,221,2028,146113,92784,0,0,10
1786392921127,3193856,749584,995744,1242528,8358992,0,60303,0,59814,0,1364302,0,1232519,879,221,2028,146113,92784,0,0,10
1786392921634,3193856,749584,995744,1242528,8358992,0,60303,0,59814,0,1364302,0,1232519,879,221,2028,146113,92784,0,0,10
1786392922138,3193856,749584,995744,1242528,8358992,0,60303,0,59814,0,1364302,0,1232519,879,221,2028,146113,92784,0,0,10
1786392922646,3182592,742384,988544,1242528,8358992,0,60303,0,59814,0,1364302,0,1232519,879,221,2028,146113,92784,0,0,10
1786392923157,2931712,488944,735104,1242528,8358992,0,60303,0,59814,0,1364302,0,1232519,879,221,2028,146113,92784,0,0,10
1786392923667,2931712,606400,789712,1179296,8328288,0,84713,0,84153,0,1364302,0,1232519,886,228,3891,154117,98611,0,0,16
1786392924170,2931712,606400,789712,1179296,8328464,0,84713,0,84153,0,1364302,0,1232519,894,236,3891,154117,98611,0,0,16
1786392924672,2931712,605440,789040,1179584,8328464,18,84713,18,84153,0,1364930,0,1233147,894,236,3891,154117,98611,0,0,16
1786392925183,2931712,604960,788576,1179600,8328464,18,84713,18,84153,0,1364930,0,1233147,894,236,3891,154117,98611,0,0,16
1786392925685,2931712,605568,789184,1179600,8328464,18,84713,18,84153,0,1364930,0,1233147,894,236,3891,154117,98611,0,0,16
1786392926194,2931712,605328,788944,1179600,8328464,18,84713,18,84153,0,1364930,0,1233147,894,236,3891,154117,98611,0,0,16
1786392926697,2931712,605328,788944,1179600,8328512,14,84713,14,84153,0,1364930,0,1233147,897,239,3891,154117,98611,0,0,16
1786392927208,2931712,605328,788944,1179600,8328512,14,84713,14,84153,0,1364930,0,1233147,897,239,3891,154117,98611,0,0,16
1786392927711,2931712,605088,788704,1179600,8328544,14,84713,14,84153,0,1366873,0,1235090,899,241,3891,154117,98611,0,0,16
1786392928222,2931712,605088,788704,1179600,8328544,14,84713,14,84153,0,1366873,0,1235090,899,241,3891,154117,98611,0,0,16
1786392928727,2931712,605088,788720,1179632,8328544,12,84713,12,84153,0,1366873,0,1235090,899,241,3891,154117,98611,0,0,16
1786392929239,2931712,605088,788720,1179632,8328544,12,84713,12,84153,0,1366873,0,1235090,899,241,3891,154117,98611,0,0,16
1786392929743,2931712,605088,788720,1179632,8328544,12,84713,12,84153,0,1366873,0,1235090,899,241,3891,154117,98611,0,0,16
1786392930254,2931712,605088,788720,1179632,8328656,12,84713,12,84153,0,1366873,0,1235090,906,248,3891,154117,98611,0,0,16
1786392930755,2931712,605088,788720,1179632,8328656,9,84713,9,84153,0,1366873,0,1235090,906,248,3891,154117,98611,0,0,16
1786392931261,2931712,605088,788720,1179632,8328656,9,84713,9,84153,0,1366873,0,1235090,906,248,3891,154117,98611,0,0,16
1786392931763,2931712,605088,788720,1179632,8328672,9,84713,9,84153,0,1366873,0,1235090,907,249,3891,154117,98611,0,0,16
1786392932273,2931712,605088,788720,1179632,8328672,9,84713,9,84153,0,1366873,0,1235090,907,249,3891,154117,98611,0,0,16
1786392932785,2931712,605088,788720,1179632,8328672,8,84713,8,84153,0,1366873,0,1235090,907,249,3891,154117,98611,0,0,16
1786392933295,2931712,605088,788720,1179632,8328672,8,84713,8,84153,0,1366873,0,1235090,907,249,3891,154117,98611,0,0,16
1786392933807,2931712,605088,788720,1179632,8328672,8,84713,8,84153,0,1366873,0,1235090,907,249,3891,154117,98611,0,0,16
1786392934313,2931712,605088,788720,1179632,8328672,8,84713,8,84153,0,1366873,0,1235090,907,249,3891,154117,98611,0,0,16
1786392934824,2931712,605088,788720,1179632,8328672,6,84713,6,84153,0,1366873,0,1235090,907,249,3891,154117,98611,0,0,16
1786392935332,2931712,605088,788720,1179632,8328672,6,84713,6,84153,0,1366873,0,1235090,907,249,3891,154117,98611,0,0,16
1786392935844,2931712,605088,788720,1179632,8328672,6,84713,6,84153,0,1366873,0,1235090,907,249,3891,154117,98611,0,0,16
1786392936346,2931712,605088,788720,1179632,8328672,6,84713,6,84153,0,1366873,0,1235090,907,249,3891,154117,98611,0,0,16
1786392936858,2931712,605088,788720,1179632,8328672,5,84713,5,84153,0,1366873,0,1235090,907,249,3891,154117,98611,0,0,16
1786392937361,2931712,605088,788720,1179632,8328672,5,84713,5,84153,0,1366873,0,1235090,907,249,3891,154117,98611,0,0,16
1786392937863,2931712,605088,788720,1179632,8328672,5,84713,5,84153,0,1366873,0,1235090,907,249,3891,154117,98611,0,0,16
1786392938366,2931712,605088,788720,1179632,8328672,5,84713,5,84153,0,1366873,0,1235090,907,249,3891,154117,98611,0,0,16
1786392938878,2931712,605088,788720,1179632,8328672,4,84713,4,84153,0,1366873,0,1235090,907,249,3891,154117,98611,0,0,16
1786392939389,2931712,605088,788720,1179632,8328672,4,84713,4,84153,0,1366873,0,1235090,907,249,3891,154117,98611,0,0,16
1786392939895,2931712,604848,788480,1179632,8328672,4,84713,4,84153,0,1366873,0,1235090,907,249,3891,154117,98611,0,0,16
1786392940407,2931712,604848,788480,1179632,8328672,4,84713,4,84153,0,1366873,0,1235090,907,249,3891,154117,98611,0,0,16
1786392940916,2931712,604848,788480,1179632,8328672,3,84713,3,84153,0,1366873,0,1235090,907,249,3891,154117,98611,0,0,16
1786392941423,2931712,604848,788480,1179632,8328672,3,84713,3,84153,0,1366873,0,1235090,907,249,3891,154117,98611,0,0,16
1786392941931,2931712,604848,788480,1179632,8328672,3,84713,3,84153,0,1366873,0,1235090,907,249,3891,154117,98611,0,0,16
1786392942435,2931712,604608,788240,1179632,8328672,3,84713,3,84153,0,1366873,0,1235090,907,249,3891,154117,98611,0,0,16
1786392942937,2931712,604608,788240,1179632,8328672,2,84713,2,84153,0,1366873,0,1235090,907,249,3891,154117,98611,0,0,16
1786392943438,2931712,604608,788240,1179632,8328672,2,84713,2,84153,0,1366873,0,1235090,907,249,3891,154117,98611,0,0,16
1786392943940,2931712,604608,788240,1179632,8328672,2,84713,2,84153,0,1366873,0,1235090,907,249,3891,154117,98611,0,0,16
1786392944446,2931712,604608,788240,1179632,8328672,2,84713,2,84153,0,1366873,0,1235090,907,249,3891,154117,98611,0,0,16
1786392944958,2931712,604608,788240,1179632,8328672,2,84713,2,84153,0,1366873,0,1235090,907,249,3891,154117,98611,0,0,16
1786392945467,2931712,604608,788240,1179632,8328672,2,84713,2,84153,0,1366873,0,1235090,907,249,3891,154117,98611,0,0,16
1786392945975,2931712,604608,788240,1179632,8328672,2,84713,2,84153,0,1366873,0,1235090,907,249,3891,154117,98611,0,0,16
1786392946477,2931712,604608,788240,1179632,8328672,2,84713,2,84153,0,1366873,0,1235090,907,249,3891,154117,98611,0,0,16
1786392946985,2931712,604608,788240,1179632,8328672,1,84713,1,84153,0,1366873,0,1235090,907,249,3891,154117,98611,0,0,16
1786392947490,2931712,604608,788240,1179632,8328672,1,84713,1,84153,0,1366873,0,1235090,907,249,3891,154117,98611,0,0,16
1786392947994,2931712,604608,788240,1179632,8328672,1,84713,1,84153,0,1366873,0,1235090,907,249,3891,154117,98611,0,0,16
1786392948499,2931712,604608,788240,1179632,8328672,1,84713,1,84153,0,1366873,0,1235090,907,249,3891,154117,98611,0,0,16
1786392949011,2931712,604608,788240,1179632,8328672,1,84713,1,84153,0,1366873,0,1235090,907,249,3891,154117,98611,0,0,16
1786392949521,2931712,604608,788240,1179632,8328672,1,84713,1,84153,0,1366873,0,1235090,907,249,3891,154117,98611,0,0,16
1786392950025,2931712,604608,788240,1179632,8328672,1,84713,1,84153,0,1366873,0,1235090,907,249,3891,154117,98611,0,0,16
1786392950526,2931712,604608,788240,1179632,8328672,1,84713,1,84153,0,1366873,0,1235090,907,249,3891,154117,98611,0,0,16
1786392951031,2931712,604608,788240,1179632,8328672,1,84713,1,84153,0,1366873,0,1235090,907,249,3891,154117,98611,0,0,16
1786392951539,2931712,604128,787760,1179632,8328672,1,84713,1,84153,0,1366873,0,1235090,907,249,3891,154117,98611,0,0,16
1786392952051,2931712,604128,787760,1179632,8328672,1,84713,1,84153,0,1366873,0,1235090,907,249,3891,154117,98611,0,0,16
1786392952555,2931712,604128,787760,1179632,8328672,1,84713,1,84153,0,1366873,0,1235090,907,249,3891,154117,98611,0,0,16
1786392953064,2931712,604128,787760,1179632,8328672,0,84713,0,84153,0,1366873,0,1235090,907,249,3891,154117,98611,0,0,16
1786392953576,2931712,604128,787760,1179632,8328672,0,84713,0,84153,0,1366873,0,1235090,907,249,3891,154117,98611,0,0,16
1786392954078,2931712,604128,787760,1179632,8328672,0,84713,0,84153,0,1366873,0,1235090,907,249,3891,154117,98611,0,0,16
1786392954580,2931712,603648,787280,1179632,8328672,0,84713,0,84153,0,1366873,0,1235090,907,249,3891,154117,98611,0,0,16
1786392955091,2931712,603648,787280,1179632,8328672,0,84713,0,84153,0,1366873,0,1235090,907,249,3891,154117,98611,0,0,16
1786392955593,2931712,603648,787280,1179632,8328672,0,84713,0,84153,0,1366873,0,1235090,907,249,3891,154117,98611,0,0,16
1786392956094,2931712,603648,787280,1179632,8328672,0,84713,0,84153,0,1366873,0,1235090,907,249,3891,154117,98611,0,0,16
1786392956605,2931712,603168,786800,1179632,8328672,0,84713,0,84153,0,1366873,0,1235090,907,249,3891,154117,98611,0,0,16
1786392957107,2931712,602928,786560,1179632,8328672,0,84713,0,84153,0,1366873,0,1235090,907,249,3891,154117,98611,0,0,16
1786392957619,2931712,602928,786560,1179632,8328672,0,84713,0,84153,0,1366873,0,1235090,907,249,3891,154117,98611,0,0,16
1786392958131,2931712,602928,786560,1179632,8328672,0,84713,0,84153,0,1366873,0,1235090,907,249,3891,154117,98611,0,0,16
1786392958640,2931712,602928,786560,1179632,8328672,0,84713,0,84153,0,1366873,0,1235090,907,249,3891,154117,98611,0,0,16
1786392959152,2931712,602928,786560,1179632,8328672,0,84713,0,84153,0,1366873,0,1235090,907,249,3891,154117,98611,0,0,16
1786392959659,2931712,602448,786080,1179632,8329104,0,84713,0,84153,0,1366873,0,1235090,934,276,3891,154117,98611,0,0,16
1786392960171,2931712,602448,786080,1179632,8329104,0,84713,0,84153,0,1366873,0,1235090,934,276,3891,154117,98611,0,0,16
1786392960675,2931712,602448,786080,1179696,8329136,0,84713,0,84153,0,1367887,0,1236104,936,278,3891,154117,98611,0,0,16
1786392961179,2931712,602448,786144,1179696,8329136,0,84713,0,84153,0,1367887,0,1236104,936,278,3891,154117,98611,0,0,16
1786392961681,2931712,602448,786144,1179696,8329136,0,84713,0,84153,0,1367887,0,1236104,936,278,3891,154117,98611,0,0,16
1786392962184,2931712,602448,786144,1179696,8329136,0,84713,0,84153,0,1367887,0,1236104,936,278,3891,154117,98611,0,0,16
1786392962688,2931712,602448,786144,1179696,8329136,0,84713,0,84153,0,1367887,0,1236104,936,278,3891,154117,98611,0,0,16
1786392963195,2931712,602448,786144,1179696,8329136,0,84713,0,84153,0,1367887,0,1236104,936,278,3891,154117,98611,0,0,16
1786392963707,2931712,601968,785664,1179696,8329136,0,84713,0,84153,0,1367887,0,1236104,936,278,3891,154117,98611,0,0,16
1786392964213,2931712,601968,785664,1179696,8329136,0,84713,0,84153,0,1367887,0,1236104,936,278,3891,154117,98611,0,0,16
1786392964722,2931712,601968,785664,1179696,8329136,0,84713,0,84153,0,1367887,0,1236104,936,278,3891,154117,98611,0,0,16
1786392965232,2931712,601728,785424,1179696,8329136,0,84713,0,84153,0,1367887,0,1236104,936,278,3891,154117,98611,0,0,16
1786392965739,2931712,601488,785184,1179696,8329136,0,84713,0,84153,0,1367887,0,1236104,936,278,3891,154117,98611,0,0,16
1786392966242,2931712,601488,785184,1179696,8329136,0,84713,0,84153,0,1367887,0,1236104,936,278,3891,154117,98611,0,0,16
1786392966753,2931712,601488,785184,1179696,8329136,0,84713,0,84153,0,1367887,0,1236104,936,278,3891,154117,98611,0,0,16
1786392967255,2931712,601248,784944,1179696,8329136,0,84713,0,84153,0,1367887,0,1236104,936,278,3891,154117,98611,0,0,16
1786392967757,2931712,600768,784464,1179696,8329136,0,84713,0,84153,0,1367887,0,1236104,936,278,3891,154117,98611,0,0,16
1786392968257,2931712,600768,784464,1179696,8329136,0,84713,0,84153,0,1367887,0,1236104,936,278,3891,154117,98611,0,0,16
1786392968769,2931712,600768,784464,1179696,8329136,0,84713,0,84153,0,1367887,0,1236104,936,278,3891,154117,98611,0,0,16
1786392969276,2931712,600768,784464,1179696,8329136,0,84713,0,84153,0,1367887,0,1236104,936,278,3891,154117,98611,0,0,16
1786392969778,2931712,600768,784464,1179696,8329136,0,84713,0,84153,0,1367887,0,1236104,936,278,3891,154117,98611,0,0,16
1786392970281,2931712,600288,783984,1179696,8329136,0,84713,0,84153,0,1367887,0,1236104,936,278,3891,154117,98611,0,0,16
1786392970791,2931712,600288,783984,1179696,8329136,0,84713,0,84153,0,1367887,0,1236104,936,278,3891,154117,98611,0,0,16
1786392971297,2931712,600288,783984,1179696,8329136,0,84713,0,84153,0,1367887,0,1236104,936,278,3891,154117,98611,0,0,16
1786392972412,2931712,600288,783984,1179696,8329136,0,84713,0,84153,0,1367887,0,1236104,936,278,3891,154117,98611,0,0,16
1786392972919,2931712,600288,783984,1179696,8329136,0,84713,0,84153,0,1367887,0,1236104,936,278,3891,154117,98611,0,0,16
1786392973421,2933760,600288,783984,1179696,8329136,0,84713,0,84153,0,1367887,0,1236104,936,278,3891,154117,98611,0,0,16
1786392973923,4374528,2028768,2212464,1179696,8329136,0,84713,0,84153,0,1367887,0,1236104,936,278,3891,154117,98611,0,0,16
1786392974424,5993472,3580128,3763200,1179696,8329136,0,84713,0,84153,0,1367887,0,1236104,936,278,3891,154117,98611,0,0,16
1786392974925,7573504,5162208,5339104,1179696,8329136,0,84713,0,84153,0,1367887,0,1236104,936,278,3891,154117,98611,0,0,16
1786392975426,9191424,6775008,6945584,1179696,8329136,0,84713,0,84153,0,1367887,0,1236104,936,278,3891,154117,98611,0,0,16
1786392975936,10770432,8356464,8520880,1179696,8329136,0,84713,0,84153,0,1367887,0,1236104,936,278,3891,154117,98611,0,0,16
1786392976446,12368896,9954528,10112704,1179696,8329136,0,84713,0,84153,0,1367887,0,1236104,936,278,3891,154117,98611,0,0,16
1786392976947,12368896,9954528,10112704,1179696,8329136,0,84713,0,84153,0,1367887,0,1236104,936,278,3891,154117,98611,0,0,16
1786392977459,12368896,9954528,10112704,1179696,8329136,0,84713,0,84153,0,1367887,0,1236104,936,278,3891,154117,98611,0,0,16
1786392977970,12368896,9954528,10112704,1179696,8329136,0,84713,0,84153,0,1368456,0,1236673,936,278,3891,154117,98611,0,0,16
1786392978479,12368896,9954528,10112704,1179696,8329136,0,84713,0,84153,0,1368456,0,1236673,936,278,3891,154117,98611,0,0,16
1786392978991,12368896,9954528,10112704,1179696,8329136,0,84713,0,84153,0,1368456,0,1236673,936,278,3891,154117,98611,0,0,16
1786392979496,12368896,9954528,10112800,1179792,8329136,0,84713,0,84153,0,1368456,0,1236673,936,278,3891,154117,98611,0,0,16
1786392979998,12368896,9954528,10112800,1179792,8329136,0,84713,0,84153,0,1368456,0,1236673,936,278,3891,154117,98611,0,0,16
1786392980506,12368896,9954528,10112800,1179792,8329136,0,84713,0,84153,0,1368456,0,1236673,936,278,3891,154117,98611,0,0,16
1786392981009,12368896,9954528,10112800,1179792,8329136,0,84713,0,84153,0,1368456,0,1236673,936,278,3891,154117,98611,0,0,16
1786392981511,12368896,9954528,10112800,1179792,8329136,0,84713,0,84153,0,1368456,0,1236673,936,278,3891,154117,98611,0,0,16
1786392982014,12368896,9954528,10112800,1179792,8329136,0,84713,0,84153,0,1368456,0,1236673,936,278,3891,154117,98611,0,0,16
1786392982522,12368896,9954528,10112800,1179792,8329136,0,84713,0,84153,0,1368456,0,1236673,936,278,3891,154117,98611,0,0,16
1786392983030,12368896,9946608,10108064,1182752,8330288,0,86395,0,85822,0,1386997,0,1254824,1015,350,3891,154117,98611,0,0,16
1786392983541,12368896,9946608,10108080,1183040,8330480,0,86395,0,85822,0,1387007,0,1254832,1027,362,3891,154117,98611,0,0,16
1786392984049,12368896,9946608,10108080,1183040,8330480,0,86395,0,85822,0,1387007,0,1254832,1027,362,3891,154117,98611,0,0,16
1786392984556,12368896,9946128,10107632,1183056,8330480,0,86395,0,85822,0,1387007,0,1254832,1027,362,3891,154117,98611,0,0,16
1786392985058,12368896,9946128,10107632,1183056,8330480,0,86395,0,85822,0,1387007,0,1254832,1027,362,3891,154117,98611,0,0,16
1786392985563,12368896,9946128,10107632,1183056,8330480,0,86395,0,85822,0,1387007,0,1254832,1027,362,3891,154117,98611,0,0,16
1786392986074,12368896,9946128,10107632,1183056,8330480,0,86395,0,85822,0,1387007,0,1254832,1027,362,3891,154117,98611,0,0,16
1786392986580,12368896,9946128,10107632,1183056,8330480,0,86395,0,85822,0,1387007,0,1254832,1027,362,3891,154117,98611,0,0,16
1786392987092,12368896,9946128,10107632,1183056,8330480,0,86395,0,85822,0,1387007,0,1254832,1027,362,3891,154117,98611,0,0,16
1786392987601,12368896,9946128,10107712,1183056,8330480,0,86395,0,85822,0,1387007,0,1254832,1027,362,3891,154117,98611,0,0,16
1786392988112,12368896,9946128,10107712,1183056,8330480,0,86395,0,85822,0,1387007,0,1254832,1027,362,3891,154117,98611,0,0,16
1786392988618,12368896,9946128,10107712,1183056,8330480,0,86395,0,85822,0,1387007,0,1254832,1027,362,3891,154117,98611,0,0,16
1786392989127,12368896,9946128,10107712,1183056,8330480,0,86395,0,85822,0,1387007,0,1254832,1027,362,3891,154117,98611,0,0,16
1786392989628,12368896,9946128,10107712,1183056,8330480,0,86395,0,85822,0,1387007,0,1254832,1027,362,3891,154117,98611,0,0,16
1786392990140,12368896,9946128,10107712,1183056,8330480,0,86395,0,85822,0,1387007,0,1254832,1027,362,3891,154117,98611,0,0,16
1786392990651,12368896,9946128,10107712,1183056,8330480,0,86395,0,85822,0,1387007,0,1254832,1027,362,3891,154117,98611,0,0,16
1786392991153,12368896,9946128,10107712,1183056,8330480,0,86395,0,85822,0,1387007,0,1254832,1027,362,3891,154117,98611,0,0,16
1786392991658,12368896,9946128,10107712,1183056,8330480,0,86395,0,85822,0,1387007,0,1254832,1027,362,3891,154117,98611,0,0,16
1786392992160,12368896,9946128,10107712,1183056,8330480,0,86395,0,85822,0,1387007,0,1254832,1027,362,3891,154117,98611,0,0,16
1786392992666,12368896,9946128,10107712,1183056,8330480,0,86395,0,85822,0,1387007,0,1254832,1027,362,3891,154117,98611,0,0,16
1786392993169,12368896,9946128,10107712,1183056,8330480,0,86395,0,85822,0,1387007,0,1254832,1027,362,3891,154117,98611,0,0,16
1786392993687,12368896,9946128,10107712,1183056,8330480,0,86395,0,85822,0,1387007,0,1254832,1027,362,3891,154117,98611,0,0,16
1786392994190,12368896,9946128,10107712,1183056,8330480,0,86395,0,85822,0,1387007,0,1254832,1027,362,3891,154117,98611,0,0,16
1786392994700,12368896,9946128,10107712,1183056,8330480,0,86395,0,85822,0,1387007,0,1254832,1027,362,3891,154117,98611,0,0,16
1786392995212,12368896,9946128,10107712,1183056,8330480,0,86395,0,85822,0,1387007,0,1254832,1027,362,3891,154117,98611,0,0,16
1786392995723,12368896,9946128,10107712,1183056,8330480,0,86395,0,85822,0,1387007,0,1254832,1027,362,3891,154117,98611,0,0,16
1786392996230,12368896,9946128,10107712,1183056,8330480,0,86395,0,85822,0,1387007,0,1254832,1027,362,3891,154117,98611,0,0,16
1786392996732,12368896,9946128,10107712,1183056,8330480,0,86395,0,85822,0,1387007,0,1254832,1027,362,3891,154117,98611,0,0,16
1786392997242,12368896,9946128,10107712,1183056,8330480,0,86395,0,85822,0,1387007,0,1254832,1027,362,3891,154117,98611,0,0,16
1786392997744,12368896,9946128,10107712,1183072,8330480,0,86395,0,85822,0,1387007,0,1254832,1027,362,3891,154117,98611,0,0,16
1786392998254,12368896,9945888,10107472,1183072,8330480,0,86395,0,85822,0,1387007,0,1254832,1027,362,3891,154117,98611,0,0,16
1786392998762,12368896,9945888,10107472,1183072,8330480,0,86395,0,85822,0,1387007,0,1254832,1027,362,3891,154117,98611,0,0,16
1786392999274,12368896,9945888,10107472,1183072,8330480,0,86395,0,85822,0,1387007,0,1254832,1027,362,3891,154117,98611,0,0,16
1786392999779,12368896,9945888,10107472,1183072,8330480,0,86395,0,85822,0,1387007,0,1254832,1027,362,3891,154117,98611,0,0,16
1786393000286,12368896,9945888,10107472,1183072,8330480,0,86395,0,85822,0,1387007,0,1254832,1027,362,3891,154117,98611,0,0,16
1786393000791,12368896,9945888,10107472,1183072,8330480,0,86395,0,85822,0,1387007,0,1254832,1027,362,3891,154117,98611,0,0,16
1786393001303,12368896,9945648,10107232,1183072,8330480,0,86395,0,85822,0,1387007,0,1254832,1027,362,3891,154117,98611,0,0,16
1786393001815,12368896,9945648,10107232,1183072,8330480,0,86395,0,85822,0,1387007,0,1254832,1027,362,3891,154117,98611,0,0,16
1786393002326,12368896,9945648,10107232,1183072,8330480,0,86395,0,85822,0,1387007,0,1254832,1027,362,3891,154117,98611,0,0,16
1786393002832,12368896,9945648,10107232,1183072,8330480,0,86395,0,85822,0,1387007,0,1254832,1027,362,3891,154117,98611,0,0,16
1786393003342,12368896,9945648,10107232,1183072,8330480,0,86395,0,85822,0,1387007,0,1254832,1027,362,3891,154117,98611,0,0,16
1786393003853,12368896,9945648,10107232,1183072,8330480,0,86395,0,85822,0,1387007,0,1254832,1027,362,3891,154117,98611,0,0,16
1786393004354,12368896,9945408,10106992,1183072,8330480,0,86395,0,85822,0,1387007,0,1254832,1027,362,3891,154117,98611,0,0,16
1786393004865,12368896,9945408,10106992,1183072,8330480,0,86395,0,85822,0,1387007,0,1254832,1027,362,3891,154117,98611,0,0,16
1786393005379,12368896,9945408,10106992,1183072,8330480,0,86395,0,85822,0,1387007,0,1254832,1027,362,3891,154117,98611,0,0,16
1786393005891,12368896,9945408,10106992,1183072,8330480,0,86395,0,85822,0,1387007,0,1254832,1027,362,3891,154117,98611,0,0,16
1786393006395,12368896,9945408,10106992,1183072,8330480,0,86395,0,85822,0,1387007,0,1254832,1027,362,3891,154117,98611,0,0,16
1786393006906,12368896,9945408,10106992,1183072,8330480,0,86395,0,85822,0,1387007,0,1254832,1027,362,3891,154117,98611,0,0,16
1786393007410,12368896,9945408,10106992,1183072,8330480,0,86395,0,85822,0,1387007,0,1254832,1027,362,3891,154117,98611,0,0,16
1786393007915,12368896,9945408,10106992,1183072,8330480,0,86395,0,85822,0,1387007,0,1254832,1027,362,3891,154117,98611,0,0,16
1786393008427,12368896,9944928,10106496,1183072,8330480,0,86395,0,85822,0,1387007,0,1254832,1027,362,3891,154117,98611,0,0,16
1786393008930,12368896,9944928,10106512,1183072,8330480,0,86395,0,85822,0,1387007,0,1254832,1027,362,3891,154117,98611,0,0,16
1786393009440,12368896,9944928,10106512,1183072,8330480,0,86395,0,85822,0,1387007,0,1254832,1027,362,3891,154117,98611,0,0,16
1786393009950,12368896,9944928,10106512,1183072,8330480,0,86395,0,85822,0,1387007,0,1254832,1027,362,3891,154117,98611,0,0,16
1786393010452,12368896,9944928,10106512,1183072,8330480,0,86395,0,85822,0,1387007,0,1254832,1027,362,3891,154117,98611,0,0,16
1786393010954,12368896,9944928,10106512,1183072,8330480,0,86395,0,85822,0,1387007,0,1254832,1027,362,3891,154117,98611,0,0,16
1786393011461,12368896,9944688,10106272,1183072,8330480,0,86395,0,85822,0,1387007,0,1254832,1027,362,3891,154117,98611,0,0,16
1786393011964,12368896,9944688,10106272,1183072,8330480,0,86395,0,85822,0,1387007,0,1254832,1027,362,3891,154117,98611,0,0,16
1786393012475,12368896,9944688,10106272,1183072,8330480,0,86395,0,85822,0,1387007,0,1254832,1027,362,3891,154117,98611,0,0,16
1786393012986,12368896,9944688,10106272,1183072,8330480,0,86395,0,85822,0,1387007,0,1254832,1027,362,3891,154117,98611,0,0,16
1786393013489,12368896,9944688,10106272,1183072,8330480,0,86395,0,85822,0,1395766,0,1263531,1027,362,3891,154117,98611,0,0,16
1786393013994,12368896,9944688,10106272,1183072,8330480,0,86395,0,85822,0,1396589,0,1264355,1027,362,3891,154117,98611,0,0,16
1786393014497,12368896,9944448,10106624,1183744,8330480,0,86395,0,85822,0,1405424,0,1273029,1027,362,3891,154117,98611,0,0,16
1786393014998,12368896,9944448,10106624,1183744,8330480,0,86395,0,85822,18,1419403,18,1286782,1027,362,3891,154117,98611,0,0,16
1786393015509,12368896,9944448,10106656,1183744,8330480,0,86395,0,85822,18,1419403,18,1286782,1027,362,3891,154117,98611,0,0,16
1786393016018,12368896,9944448,10106656,1183744,8330480,0,86395,0,85822,18,1419403,18,1286782,1027,362,3891,154117,98611,0,0,16
1786393016520,12368896,9944448,10106656,1183744,8330480,0,86395,0,85822,18,1419403,18,1286782,1027,362,3891,154117,98611,0,0,16
1786393017031,12368896,9944448,10106656,1183744,8330480,0,86395,0,85822,14,1419403,14,1286782,1027,362,3891,154117,98611,0,0,16
1786393017540,12368896,9944448,10106656,1183744,8330480,0,86395,0,85822,14,1419403,14,1286782,1027,362,3891,154117,98611,0,0,16
1786393018053,12368896,9944448,10106656,1183744,8330480,0,86395,0,85822,14,1419403,14,1286782,1027,362,3891,154117,98611,0,0,16
1786393018562,12368896,9944448,10106704,1183744,8330480,0,86395,0,85822,14,1419403,14,1286782,1027,362,3891,154117,98611,0,0,16
1786393019070,12368896,9944448,10106704,1183744,8330480,0,86395,0,85822,12,1419403,12,1286782,1027,362,3891,154117,98611,0,0,16
1786393019573,12368896,9944448,10106704,1183744,8330480,0,86395,0,85822,12,1419403,12,1286782,1027,362,3891,154117,98611,0,0,16
1786393020082,12368896,9944448,10106704,1183744,8330480,0,86395,0,85822,12,1419403,12,1286782,1027,362,3891,154117,98611,0,0,16
1786393020592,12368896,9944208,10106464,1183744,8330480,0,86395,0,85822,12,1419403,12,1286782,1027,362,3891,154117,98611,0,0,16
1786393021094,12368896,9944208,10106464,1183744,8330480,0,86395,0,85822,9,1419403,9,1286782,1027,362,3891,154117,98611,0,0,16
1786393021597,12368896,9944208,10106464,1183744,8330480,0,86395,0,85822,9,1419403,9,1286782,1027,362,3891,154117,98611,0,0,16
1786393022105,12368896,9944208,10106464,1183744,8330480,0,86395,0,85822,9,1419403,9,1286782,1027,362,3891,154117,98611,0,0,16
1786393022614,12368896,9943968,10106224,1183744,8330480,0,86395,0,85822,9,1419403,9,1286782,1027,362,3891,154117,98611,0,0,16
1786393023125,12368896,9943968,10106224,1183744,8330480,0,86395,0,85822,8,1419403,8,1286782,1027,362,3891,154117,98611,0,0,16
1786393023631,12368896,9943968,10106224,1183744,8330480,0,86395,0,85822,8,1419403,8,1286782,1027,362,3891,154117,98611,0,0,16
1786393024142,12368896,9943968,10106224,1183744,8330480,0,86395,0,85822,8,1419403,8,1286782,1027,362,3891,154117,98611,0,0,16
1786393024654,12368896,9943968,10106224,1183744,8330480,0,86395,0,85822,6,1419403,6,1286782,1027,362,3891,154117,98611,0,0,16
1786393025166,12368896,9943968,10106224,1183744,8330480,0,86395,0,85822,6,1419403,6,1286782,1027,362,3891,154117,98611,0,0,16
1786393025674,12368896,9943968,10106224,1183744,8330480,0,86395,0,85822,6,1419403,6,1286782,1027,362,3891,154117,98611,0,0,16
1786393026181,12368896,9943968,10106224,1183744,8330480,0,86395,0,85822,6,1419403,6,1286782,1027,362,3891,154117,98611,0,0,16
1786393026690,12368896,9943968,10106224,1183744,8330480,0,86395,0,85822,5,1419403,5,1286782,1027,362,3891,154117,98611,0,0,16
1786393027201,12368896,9943968,10106224,1183744,8330480,0,86395,0,85822,5,1419403,5,1286782,1027,362,3891,154117,98611,0,0,16
1786393027704,12368896,9943728,10105984,1183744,8330480,0,86395,0,85822,5,1419403,5,1286782,1027,362,3891,154117,98611,0,0,16
1786393028210,12368896,9943728,10105984,1183744,8330480,0,86395,0,85822,5,1419403,5,1286782,1027,362,3891,154117,98611,0,0,16
1786393028712,12368896,9943728,10105984,1183744,8330480,0,86395,0,85822,4,1419403,4,1286782,1027,362,3891,154117,98611,0,0,16
1786393029214,12368896,9943728,10105984,1183744,8330480,0,86395,0,85822,4,1419403,4,1286782,1027,362,3891,154117,98611,0,0,16
1786393029716,12368896,9943728,10105984,1183744,8330480,0,86395,0,85822,4,1419403,4,1286782,1027,362,3891,154117,98611,0,0,16
1786393030228,12368896,9943728,10105984,1183744,8330480,0,86395,0,85822,4,1419403,4,1286782,1027,362,3891,154117,98611,0,0,16
1786393030738,12368896,9943728,10105984,1183744,8330480,0,86395,0,85822,3,1419403,3,1286782,1027,362,3891,154117,98611,0,0,16
1786393031249,12368896,9943728,10105984,1183744,8330480,0,86395,0,85822,3,1419403,3,1286782,1027,362,3891,154117,98611,0,0,16
1786393031761,12368896,9943728,10105984,1183744,8330480,0,86395,0,85822,3,1419403,3,1286782,1027,362,3891,154117,98611,0,0,16
1786393032267,12368896,9943728,10105984,1183744,8330480,0,86395,0,85822,3,1419403,3,1286782,1027,362,3891,154117,98611,0,0,16
1786393032769,12368896,9941376,10105984,1187072,8330480,0,86395,0,85822,2,1426777,2,1294073,1041,362,3891,154117,98611,0,0,16
1786393033279,12368896,9935888,10110400,1195616,8331008,0,86395,0,85822,2,1445691,2,1312137,1115,395,3891,154117,98611,0,0,16
1786393033781,12368896,9935328,10110912,1197072,8331008,0,86395,0,85822,2,1445691,2,1312137,1115,395,3891,154117,98611,0,0,16
1786393034292,12368896,9935328,10110912,1197072,8331008,0,86395,0,85822,2,1445691,2,1312137,1115,395,3891,154117,98611,0,0,16
1786393034802,12368896,9935328,10110912,1197072,8331008,0,86395,0,85822,20,1445691,20,1312137,1115,395,3891,154117,98611,0,0,16
1786393035305,12368896,9935328,10110912,1197072,8331008,0,86395,0,85822,20,1445691,20,1312137,1115,395,3891,154117,98611,0,0,16
1786393035808,12368896,9935328,10110912,1197072,8331008,0,86395,0,85822,20,1445691,20,1312137,1115,395,3891,154117,98611,0,0,16
1786393036314,12368896,9935328,10110912,1197072,8331008,0,86395,0,85822,20,1445691,20,1312137,1115,395,3891,154117,98611,0,0,16
1786393036824,12368896,9935328,10110912,1197072,8331008,0,86395,0,85822,16,1445691,16,1312137,1115,395,3891,154117,98611,0,0,16
1786393037328,12368896,9935328,10110912,1197072,8331008,0,86395,0,85822,16,1445691,16,1312137,1115,395,3891,154117,98611,0,0,16
1786393037836,12368896,9935328,10110912,1197072,8331008,0,86395,0,85822,16,1445691,16,1312137,1115,395,3891,154117,98611,0,0,16
1786393038338,12368896,9935328,10110912,1197072,8331008,0,86395,0,85822,16,1445691,16,1312137,1115,395,3891,154117,98611,0,0,16
1786393038850,12368896,9935328,10110912,1197072,8331008,0,86395,0,85822,13,1445691,13,1312137,1115,395,3891,154117,98611,0,0,16
1786393039353,12368896,9935328,10110912,1197072,8331008,0,86395,0,85822,13,1445691,13,1312137,1115,395,3891,154117,98611,0,0,16
1786393039858,12368896,9935328,10110912,1197072,8331008,0,86395,0,85822,13,1445691,13,1312137,1115,395,3891,154117,98611,0,0,16
1786393040367,12368896,9935328,10110912,1197072,8331008,0,86395,0,85822,13,1445691,13,1312137,1115,395,3891,154117,98611,0,0,16
1786393040872,12368896,9935328,10110912,1197072,8331008,0,86395,0,85822,11,1445691,11,1312137,1115,395,3891,154117,98611,0,0,16
1786393041373,12368896,9935328,10110912,1197072,8331008,0,86395,0,85822,11,1445691,11,1312137,1115,395,3891,154117,98611,0,0,16
1786393041881,12368896,9935328,10110912,1197072,8331008,0,86395,0,85822,11,1445691,11,1312137,1115,395,3891,154117,98611,0,0,16
1786393042387,12368896,9935328,10110912,1197072,8331008,0,86395,0,85822,11,1445691,11,1312137,1115,395,3891,154117,98611,0,0,16
1786393042894,12368896,9935328,10110912,1197072,8331008,0,86395,0,85822,9,1445691,9,1312137,1115,395,3891,154117,98611,0,0,16
1786393043406,12368896,9935328,10110912,1197072,8331008,0,86395,0,85822,9,1445691,9,1312137,1115,395,3891,154117,98611,0,0,16
1786393043909,12368896,9935328,10110912,1197072,8331008,0,86395,0,85822,9,1445691,9,1312137,1115,395,3891,154117,98611,0,0,16
1786393044414,12368896,9935328,10110912,1197072,8331008,0,86395,0,85822,9,1445691,9,1312137,1115,395,3891,154117,98611,0,0,16
1786393044917,12368896,9935328,10110912,1197072,8331008,0,86395,0,85822,7,1447964,7,1314007,1115,395,3891,154117,98611,0,0,16
1786393045425,12368896,9935328,10110912,1197072,8331008,0,86395,0,85822,7,1447964,7,1314007,1115,395,3891,154117,98611,0,0,16
1786393045934,12368896,9935328,10110912,1197072,8331008,0,86395,0,85822,7,1447964,7,1314007,1115,395,3891,154117,98611,0,0,16
1786393046443,12368896,9935088,10110672,1197072,8331008,0,86395,0,85822,7,1447964,7,1314007,1115,395,3891,154117,98611,0,0,16
1786393046945,12368896,9935088,10110672,1197072,8331008,0,86395,0,85822,6,1447964,6,1314007,1115,395,3891,154117,98611,0,0,16
1786393047447,12368896,9935088,10110672,1197072,8331008,0,86395,0,85822,6,1447964,6,1314007,1115,395,3891,154117,98611,0,0,16
1786393047958,12368896,9935088,10110672,1197072,8331008,0,86395,0,85822,6,1447964,6,1314007,1115,395,3891,154117,98611,0,0,16
1786393048465,12368896,9935088,10110672,1197072,8331008,0,86395,0,85822,6,1447964,6,1314007,1115,395,3891,154117,98611,0,0,16
1786393048970,12368896,9935088,10110672,1197072,8331008,0,86395,0,85822,4,1447964,4,1314007,1115,395,3891,154117,98611,0,0,16
1786393049481,12368896,9935088,10110672,1197072,8331008,0,86395,0,85822,4,1447964,4,1314007,1115,395,3891,154117,98611,0,0,16
1786393049992,12368896,9934848,10110432,1197072,8331008,0,86395,0,85822,4,1447964,4,1314007,1115,395,3891,154117,98611,0,0,16
1786393050503,12368896,9934848,10110432,1197072,8331008,0,86395,0,85822,4,1447964,4,1314007,1115,395,3891,154117,98611,0,0,16
1786393051015,12368896,9934848,10110432,1197072,8331008,0,86395,0,85822,4,1447964,4,1314007,1115,395,3891,154117,98611,0,0,16
1786393051525,12368896,9934848,10110432,1197072,8331008,0,86395,0,85822,4,1447964,4,1314007,1115,395,3891,154117,98611,0,0,16
1786393052038,12368896,9934848,10110432,1197072,8331008,0,86395,0,85822,4,1447964,4,1314007,1115,395,3891,154117,98611,0,0,16
1786393052548,12368896,9934848,10110432,1197072,8331008,0,86395,0,85822,4,1447964,4,1314007,1115,395,3891,154117,98611,0,0,16
1786393053050,12368896,9934848,10110432,1197072,8331008,0,86395,0,85822,3,1447964,3,1314007,1115,395,3891,154117,98611,0,0,16
1786393053561,12368896,9934848,10110432,1197072,8331008,0,86395,0,85822,3,1447964,3,1314007,1115,395,3891,154117,98611,0,0,16
1786393054064,12368896,9934848,10110432,1197072,8331008,0,86395,0,85822,3,1447964,3,1314007,1115,395,3891,154117,98611,0,0,16
1786393054573,12368896,9934848,10110432,1197072,8331008,0,86395,0,85822,3,1447964,3,1314007,1115,395,3891,154117,98611,0,0,16
1786393055080,12368896,9934848,10110432,1197072,8331008,0,86395,0,85822,2,1447964,2,1314007,1115,395,3891,154117,98611,0,0,16
1786393055582,12368896,9934848,10110432,1197072,8331008,0,86395,0,85822,2,1447964,2,1314007,1115,395,3891,154117,98611,0,0,16
1786393056094,12368896,9934848,10110432,1197072,8331008,0,86395,0,85822,2,1447964,2,1314007,1115,395,3891,154117,98611,0,0,16
1786393056602,12368896,9934848,10110432,1197072,8331008,0,86395,0,85822,2,1447964,2,1314007,1115,395,3891,154117,98611,0,0,16
1786393057111,12368896,9934848,10110432,1197072,8331008,0,86395,0,85822,2,1447964,2,1314007,1115,395,3891,154117,98611,0,0,16
1786393057614,12368896,9934848,10110432,1197072,8331008,0,86395,0,85822,2,1447964,2,1314007,1115,395,3891,154117,98611,0,0,16
1786393058125,12368896,9934848,10110432,1197072,8331008,0,86395,0,85822,2,1447964,2,1314007,1115,395,3891,154117,98611,0,0,16
1786393058629,12368896,9934848,10110432,1197072,8331008,0,86395,0,85822,2,1447964,2,1314007,1115,395,3891,154117,98611,0,0,16
1786393059136,12368896,9934848,10110432,1197072,8331008,0,86395,0,85822,1,1447964,1,1314007,1115,395,3891,154117,98611,0,0,16
1786393059638,12368896,9934848,10110432,1197072,8331008,0,86395,0,85822,1,1447964,1,1314007,1115,395,3891,154117,98611,0,0,16
1786393060149,12368896,9934848,10110432,1197072,8331008,0,86395,0,85822,1,1447964,1,1314007,1115,395,3891,154117,98611,0,0,16
1786393060664,12368896,9934848,10110432,1197072,8331008,0,86395,0,85822,1,1447964,1,1314007,1115,395,3891,154117,98611,0,0,16
1786393061176,12368896,9934848,10110432,1197072,8331008,0,86395,0,85822,1,1447964,1,1314007,1115,395,3891,154117,98611,0,0,16
1786393061681,12368896,9934848,10110432,1197072,8331008,0,86395,0,85822,1,1447964,1,1314007,1115,395,3891,154117,98611,0,0,16
1786393062185,12368896,9934848,10110432,1197072,8331008,0,86395,0,85822,1,1447964,1,1314007,1115,395,3891,154117,98611,0,0,16
1786393062696,12368896,9934848,10110432,1197088,8331008,0,86395,0,85822,1,1447964,1,1314007,1115,395,3891,154117,98611,0,0,16
1786393063207,12368896,9934848,10110432,1197088,8331008,0,86395,0,85822,1,1447964,1,1314007,1115,395,3891,154117,98611,0,0,16
1786393063711,12368896,9934848,10110432,1197088,8331008,0,86395,0,85822,1,1465101,1,1330486,1115,395,3891,154117,98611,0,0,16
1786393064222,12368896,9934848,10110432,1197088,8331008,0,86395,0,85822,1,1477069,1,1342438,1115,395,3891,154117,98611,0,0,16
1786393064731,12368896,9934848,10110960,1197696,8331008,0,86395,0,85822,19,1477069,19,1342438,1115,395,3891,154117,98611,0,0,16
1786393065237,12368896,9934848,10111040,1197696,8331008,0,86395,0,85822,19,1477069,19,1342438,1115,395,3891,154117,98611,0,0,16
1786393065748,12368896,9934848,10111040,1197696,8331008,0,86395,0,85822,19,1477069,19,1342438,1115,395,3891,154117,98611,0,0,16
1786393066250,12368896,9934848,10111040,1197696,8331008,0,86395,0,85822,19,1477069,19,1342438,1115,395,3891,154117,98611,0,0,16
1786393066761,12368896,9934848,10111040,1197696,8331008,0,86395,0,85822,15,1477069,15,1342438,1115,395,3891,154117,98611,0,0,16
1786393067273,12368896,9934848,10111040,1197696,8331008,0,86395,0,85822,15,1477069,15,1342438,1115,395,3891,154117,98611,0,0,16
1786393067776,12368896,9934848,10111040,1197696,8331008,0,86395,0,85822,15,1477069,15,1342438,1115,395,3891,154117,98611,0,0,16
1786393068283,12368896,9934848,10111040,1197696,8331008,0,86395,0,85822,15,1477069,15,1342438,1115,395,3891,154117,98611,0,0,16
1786393068790,12368896,9934848,10111040,1197696,8331008,0,86395,0,85822,12,1477069,12,1342438,1115,395,3891,154117,98611,0,0,16
1786393069297,12368896,9934848,10111040,1197696,8331008,0,86395,0,85822,12,1477069,12,1342438,1115,395,3891,154117,98611,0,0,16
1786393069807,12368896,9934848,10111040,1197696,8331008,0,86395,0,85822,12,1477069,12,1342438,1115,395,3891,154117,98611,0,0,16
1786393070315,12368896,9934848,10111040,1197696,8331008,0,86395,0,85822,12,1477069,12,1342438,1115,395,3891,154117,98611,0,0,16
1786393070819,12368896,9934848,10111040,1197696,8331008,0,86395,0,85822,10,1477069,10,1342438,1115,395,3891,154117,98611,0,0,16
1786393071321,12368896,9934848,10111040,1197696,8331008,0,86395,0,85822,10,1477069,10,1342438,1115,395,3891,154117,98611,0,0,16
1786393071822,12368896,9934848,10111040,1197696,8331008,0,86395,0,85822,10,1477069,10,1342438,1115,395,3891,154117,98611,0,0,16
1786393072331,12368896,9934848,10111040,1197696,8331008,0,86395,0,85822,10,1477069,10,1342438,1115,395,3891,154117,98611,0,0,16
1786393072834,12368896,9934848,10111040,1197696,8331008,0,86395,0,85822,8,1477069,8,1342438,1115,395,3891,154117,98611,0,0,16
1786393073346,12368896,9934848,10111040,1197696,8331008,0,86395,0,85822,8,1477069,8,1342438,1115,395,3891,154117,98611,0,0,16
1786393073858,12368896,9934848,10111040,1197696,8331008,0,86395,0,85822,8,1477069,8,1342438,1115,395,3891,154117,98611,0,0,16
1786393074369,12368896,9934848,10111040,1197696,8331008,0,86395,0,85822,8,1477069,8,1342438,1115,395,3891,154117,98611,0,0,16
1786393074881,12368896,9934848,10111040,1197696,8331008,0,86395,0,85822,6,1477069,6,1342438,1115,395,3891,154117,98611,0,0,16
1786393075386,12368896,9934848,10111040,1197696,8331008,0,86395,0,85822,6,1477069,6,1342438,1115,395,3891,154117,98611,0,0,16
1786393075898,12368896,9934848,10111040,1197696,8331008,0,86395,0,85822,6,1477069,6,1342438,1115,395,3891,154117,98611,0,0,16
1786393076409,12368896,9934848,10111040,1197696,8331008,0,86395,0,85822,6,1477069,6,1342438,1115,395,3891,154117,98611,0,0,16
1786393076914,12368896,9934848,10111040,1197696,8331008,0,86395,0,85822,5,1477069,5,1342438,1115,395,3891,154117,98611,0,0,16
1786393077422,12368896,9934848,10111040,1197696,8331008,0,86395,0,85822,5,1477069,5,1342438,1115,395,3891,154117,98611,0,0,16
1786393077933,12368896,9934848,10111040,1197696,8331008,0,86395,0,85822,5,1477069,5,1342438,1115,395,3891,154117,98611,0,0,16
1786393078434,12368896,9934848,10111040,1197696,8331008,0,86395,0,85822,5,1477069,5,1342438,1115,395,3891,154117,98611,0,0,16
1786393078944,12368896,9934848,10111040,1197696,8331008,0,86395,0,85822,4,1477069,4,1342438,1115,395,3891,154117,98611,0,0,16
1786393079449,12368896,9934848,10111040,1197696,8331008,0,86395,0,85822,4,1477069,4,1342438,1115,395,3891,154117,98611,0,0,16
1786393079961,12368896,9934848,10111040,1197696,8331008,0,86395,0,85822,4,1477069,4,1342438,1115,395,3891,154117,98611,0,0,16
1786393080465,12368896,9934848,10111040,1197696,8331008,0,86395,0,85822,4,1477069,4,1342438,1115,395,3891,154117,98611,0,0,16
1786393080977,12368896,9934848,10111040,1197696,8331008,0,86395,0,85822,3,1477069,3,1342438,1115,395,3891,154117,98611,0,0,16
1786393081481,12368896,9934848,10111040,1197696,8331008,0,86395,0,85822,3,1477069,3,1342438,1115,395,3891,154117,98611,0,0,16
1786393081992,12368896,9934848,10111040,1197696,8331008,0,86395,0,85822,3,1477069,3,1342438,1115,395,3891,154117,98611,0,0,16
1786393082502,12368896,9934848,10111040,1197696,8331008,0,86395,0,85822,3,1477069,3,1342438,1115,395,3891,154117,98611,0,0,16
1786393083014,12368896,9934848,10111040,1197696,8331008,0,86395,0,85822,3,1477069,3,1342438,1115,395,3891,154117,98611,0,0,16
1786393083523,12368896,9934848,10111040,1197696,8331008,0,86395,0,85822,3,1477069,3,1342438,1115,395,3891,154117,98611,0,0,16
1786393084024,12368896,9934848,10111040,1197696,8331008,0,86395,0,85822,3,1477069,3,1342438,1115,395,3891,154117,98611,0,0,16
1786393084533,12368896,9934848,10111040,1197696,8331008,0,86395,0,85822,3,1477069,3,1342438,1115,395,3891,154117,98611,0,0,16
1786393085036,12368896,9934848,10111040,1197696,8331008,0,86395,0,85822,2,1477069,2,1342438,1115,395,3891,154117,98611,0,0,16
1786393085547,12368896,9934848,10111040,1197696,8331008,0,86395,0,85822,2,1477069,2,1342438,1115,395,3891,154117,98611,0,0,16
1786393086055,12368896,9934848,10111040,1197696,8331008,0,86395,0,85822,2,1477069,2,1342438,1115,395,3891,154117,98611,0,0,16
1786393086558,12368896,9934848,10111040,1197696,8331008,0,86395,0,85822,2,1477069,2,1342438,1115,395,3891,154117,98611,0,0,16
1786393087064,12368896,9934848,10111040,1197696,8331008,0,86395,0,85822,1,1477069,1,1342438,1115,395,3891,154117,98611,0,0,16
1786393087576,12368896,9934848,10111040,1197696,8331008,0,86395,0,85822,1,1477069,1,1342438,1115,395,3891,154117,98611,0,0,16
1786393088085,12368896,9934848,10111040,1197696,8331008,0,86395,0,85822,1,1477069,1,1342438,1115,395,3891,154117,98611,0,0,16
1786393088598,12368896,9934848,10111040,1197696,8331008,0,86395,0,85822,1,1477069,1,1342438,1115,395,3891,154117,98611,0,0,16
1786393089099,12368896,9934848,10111040,1197696,8331008,0,86395,0,85822,1,1477069,1,1342438,1115,395,3891,154117,98611,0,0,16
1786393089611,12368896,9934848,10111040,1197696,8331008,0,86395,0,85822,1,1477069,1,1342438,1115,395,3891,154117,98611,0,0,16
1786393090113,12368896,9934848,10111040,1197696,8331008,0,86395,0,85822,1,1477069,1,1342438,1115,395,3891,154117,98611,0,0,16
1786393090615,12368896,9934848,10111040,1197696,8331008,0,86395,0,85822,1,1477069,1,1342438,1115,395,3891,154117,98611,0,0,16
1786393091123,12368896,9934848,10111040,1197696,8331008,0,86395,0,85822,1,1477069,1,1342438,1115,395,3891,154117,98611,0,0,16
1786393091631,12368896,9934848,10111040,1197696,8331008,0,86395,0,85822,1,1477069,1,1342438,1115,395,3891,154117,98611,0,0,16
1786393092140,12368896,9934848,10111040,1197696,8331008,0,86395,0,85822,1,1477069,1,1342438,1115,395,3891,154117,98611,0,0,16
1786393092643,12368896,9934848,10111040,1197696,8331008,0,86395,0,85822,1,1477069,1,1342438,1115,395,3891,154117,98611,0,0,16
1786393093146,12368896,9934848,10111040,1197696,8331008,0,86395,0,85822,1,1477069,1,1342438,1115,395,3891,154117,98611,0,0,16
1786393093656,12368896,9934848,10111040,1197696,8331008,0,86395,0,85822,1,1477069,1,1342438,1115,395,3891,154117,98611,0,0,16
1786393094167,12368896,9934848,10111040,1197696,8331008,0,86395,0,85822,1,1477069,1,1342438,1115,395,3891,154117,98611,0,0,16
1786393094672,12368896,9934848,10111040,1197696,8331008,0,86395,0,85822,0,1477069,0,1342438,1115,395,3891,154117,98611,0,0,16
1786393095184,12368896,9934848,10111040,1197696,8331008,0,86395,0,85822,0,1477069,0,1342438,1115,395,3891,154117,98611,0,0,16
1786393095694,12368896,9934848,10111040,1197696,8331008,0,86395,0,85822,0,1477069,0,1342438,1115,395,3891,154117,98611,0,0,16
1786393096206,12368896,9934848,10111040,1197696,8331008,0,86395,0,85822,0,1477069,0,1342438,1115,395,3891,154117,98611,0,0,16
1786393096714,12368896,9934848,10111040,1197696,8331008,0,86395,0,85822,0,1477069,0,1342438,1115,395,3891,154117,98611,0,0,16
1786393097226,12368896,9934848,10111040,1197696,8331008,0,86395,0,85822,0,1477069,0,1342438,1115,395,3891,154117,98611,0,0,16
1786393097738,12368896,9934848,10111040,1197696,8331008,0,86395,0,85822,0,1477069,0,1342438,1115,395,3891,154117,98611,0,0,16
1786393098248,12368896,9934848,10111040,1197696,8331008,0,86395,0,85822,0,1477069,0,1342438,1115,395,3891,154117,98611,0,0,16
1786393098760,12368896,9934848,10111040,1197696,8331008,0,86395,0,85822,0,1477069,0,1342438,1115,395,3891,154117,98611,0,0,16
1786393099266,12368896,9934848,10111040,1197696,8331008,0,86395,0,85822,0,1477069,0,1342438,1115,395,3891,154117,98611,0,0,16
1786393099773,12368896,9934848,10111040,1197696,8331008,0,86395,0,85822,0,1477069,0,1342438,1115,395,3891,154117,98611,0,0,16
1786393100275,12368896,9934848,10111040,1197696,8331008,0,86395,0,85822,0,1477069,0,1342438,1115,395,3891,154117,98611,0,0,16
1786393100780,12368896,9934848,10111040,1197696,8331008,0,86395,0,85822,0,1477069,0,1342438,1115,395,3891,154117,98611,0,0,16
1786393101291,12368896,9934608,10110800,1197696,8331008,0,86395,0,85822,0,1477069,0,1342438,1115,395,3891,154117,98611,0,0,16
1786393101797,12368896,9934608,10110800,1197696,8331008,0,86395,0,85822,0,1477069,0,1342438,1115,395,3891,154117,98611,0,0,16
1786393102301,12368896,9934608,10110800,1197696,8331008,0,86395,0,85822,0,1477069,0,1342438,1115,395,3891,154117,98611,0,0,16
1786393102808,12368896,9934608,10110800,1197696,8331008,0,86395,0,85822,0,1477069,0,1342438,1115,395,3891,154117,98611,0,0,16
1786393103319,12368896,9934608,10110800,1197696,8331008,0,86395,0,85822,0,1477069,0,1342438,1115,395,3891,154117,98611,0,0,16
1786393103831,12368896,9934608,10110800,1197696,8331008,0,86395,0,85822,0,1477069,0,1342438,1115,395,3891,154117,98611,0,0,16
1786393104338,12368896,9934608,10110800,1197696,8331008,0,86395,0,85822,0,1477069,0,1342438,1115,395,3891,154117,98611,0,0,16
1786393104844,12368896,9934608,10110800,1197696,8331008,0,86395,0,85822,0,1477069,0,1342438,1115,395,3891,154117,98611,0,0,16
1786393105356,12368896,9934608,10110800,1197696,8331008,0,86395,0,85822,0,1477069,0,1342438,1115,395,3891,154117,98611,0,0,16
1786393105864,12368896,9934608,10110800,1197696,8331008,0,86395,0,85822,0,1477069,0,1342438,1115,395,3891,154117,98611,0,0,16
1786393106374,12368896,9934608,10110800,1197696,8331008,0,86395,0,85822,0,1477069,0,1342438,1115,395,3891,154117,98611,0,0,16
1786393106880,12368896,9934608,10110800,1197696,8331008,0,86395,0,85822,0,1477069,0,1342438,1115,395,3891,154117,98611,0,0,16
1786393107393,12368896,9934608,10110800,1197696,8331008,0,86395,0,85822,0,1477069,0,1342438,1115,395,3891,154117,98611,0,0,16
1786393107899,12368896,9934608,10110800,1197696,8331008,0,86395,0,85822,0,1477069,0,1342438,1115,395,3891,154117,98611,0,0,16
1786393108401,12368896,9934608,10110800,1197696,8331008,0,86395,0,85822,0,1477069,0,1342438,1115,395,3891,154117,98611,0,0,16
1786393108911,12368896,9934608,10110800,1197696,8331008,0,86395,0,85822,0,1477069,0,1342438,1115,395,3891,154117,98611,0,0,16
1786393109424,12368896,9934608,10110800,1197696,8331008,0,86395,0,85822,0,1477069,0,1342438,1115,395,3891,154117,98611,0,0,16
1786393109931,12368896,9934608,10110800,1197696,8331008,0,86395,0,85822,0,1477069,0,1342438,1115,395,3891,154117,98611,0,0,16
1786393110436,12368896,9934608,10110800,1197696,8331008,0,86395,0,85822,0,1477069,0,1342438,1115,395,3891,154117,98611,0,0,16
1786393110941,12368896,9934608,10110800,1197696,8331008,0,86395,0,85822,0,1477069,0,1342438,1115,395,3891,154117,98611,0,0,16
1786393111451,12368896,9934608,10110800,1197696,8331008,0,86395,0,85822,0,1477069,0,1342438,1115,395,3891,154117,98611,0,0,16
1786393111960,12368896,9934608,10110800,1197696,8331008,0,86395,0,85822,0,1477069,0,1342438,1115,395,3891,154117,98611,0,0,16
1786393112472,12368896,9934128,10110320,1197696,8331008,0,86395,0,85822,0,1477069,0,1342438,1115,395,3891,154117,98611,0,0,16
1786393112983,12368896,9934128,10110320,1197696,8331008,0,86395,0,85822,0,1477069,0,1342438,1115,395,3891,154117,98611,0,0,16
1786393113490,12368896,9934128,10110320,1197696,8331008,0,86395,0,85822,0,1477069,0,1342438,1115,395,3891,154117,98611,0,0,16
1786393114000,12368896,9934128,10110320,1197696,8331008,0,86395,0,85822,0,1477069,0,1342438,1115,395,3891,154117,98611,0,0,16
1786393114509,12368896,9933888,10110080,1197696,8331008,0,86395,0,85822,0,1477069,0,1342438,1115,395,3891,154117,98611,0,0,16
1786393115010,12368896,9933888,10110080,1197696,8331008,0,86395,0,85822,0,1477069,0,1342438,1115,395,3891,154117,98611,0,0,16
1786393115520,12368896,9933648,10109840,1197696,8331008,0,86395,0,85822,0,1477069,0,1342438,1115,395,3891,154117,98611,0,0,16
1786393116030,12368896,9933648,10109840,1197696,8331008,0,86395,0,85822,0,1477069,0,1342438,1115,395,3891,154117,98611,0,0,16
1786393116541,12368896,9933408,10109600,1197696,8331008,0,86395,0,85822,0,1477069,0,1342438,1115,395,3891,154117,98611,0,0,16
1786393117049,12368896,9933408,10109600,1197696,8331008,0,86395,0,85822,0,1477069,0,1342438,1115,395,3891,154117,98611,0,0,16
1786393117561,12368896,9933408,10109600,1197696,8331008,0,86395,0,85822,0,1477069,0,1342438,1115,395,3891,154117,98611,0,0,16
1786393118074,12368896,9933408,10109600,1197696,8331008,0,86395,0,85822,0,1477069,0,1342438,1115,395,3891,154117,98611,0,0,16
1786393118586,12368896,9933408,10109600,1197696,8331008,0,86395,0,85822,0,1477069,0,1342438,1115,395,3891,154117,98611,0,0,16
1786393119091,12368896,9933408,10109600,1197696,8331008,0,86395,0,85822,0,1477069,0,1342438,1115,395,3891,154117,98611,0,0,16
1786393119603,12368896,9933408,10109600,1197696,8331008,0,86395,0,85822,0,1477069,0,1342438,1115,395,3891,154117,98611,0,0,16
1786393120106,12368896,9933408,10109600,1197696,8331008,0,86395,0,85822,0,1477069,0,1342438,1115,395,3891,154117,98611,0,0,16
1786393120608,12368896,9932624,10108816,1197696,8331008,0,86395,0,85822,0,1477069,0,1342438,1115,395,3891,154117,98611,0,0,16
1786393121119,12368896,9932624,10108816,1197696,8331008,0,86395,0,85822,0,1477069,0,1342438,1115,395,3891,154117,98611,0,0,16
1786393121630,12368896,9932448,10108640,1197696,8331008,0,86395,0,85822,0,1477069,0,1342438,1115,395,3891,154117,98611,0,0,16
1786393122141,12368896,9932448,10108640,1197696,8331008,0,86395,0,85822,0,1477069,0,1342438,1115,395,3891,154117,98611,0,0,16
1786393122653,12368896,9932448,10108640,1197696,8331008,0,86395,0,85822,0,1477069,0,1342438,1115,395,3891,154117,98611,0,0,16
1786393123165,12368896,9932448,10108640,1197696,8331008,0,86395,0,85822,0,1477069,0,1342438,1115,395,3891,154117,98611,0,0,16
1786393123672,12368896,9932448,10108640,1197696,8331008,0,86395,0,85822,0,1477069,0,1342438,1115,395,3891,154117,98611,0,0,16
1786393124178,12368896,9932448,10108640,1197696,8331008,0,86395,0,85822,0,1477069,0,1342438,1115,395,3891,154117,98611,0,0,16
1786393124681,12368896,9932448,10108640,1197696,8331008,0,86395,0,85822,0,1477069,0,1342438,1115,395,3891,154117,98611,0,0,16
1786393125187,12368896,9932448,10108640,1197696,8331008,0,86395,0,85822,0,1477069,0,1342438,1115,395,3891,154117,98611,0,0,16
1786393125698,12368896,9932448,10108640,1197696,8331008,0,86395,0,85822,0,1477069,0,1342438,1115,395,3891,154117,98611,0,0,16
1786393126202,12368896,9932448,10108640,1197696,8331008,0,86395,0,85822,0,1477069,0,1342438,1115,395,3891,154117,98611,0,0,16
1786393126709,12368896,9932448,10108640,1197696,8331008,0,86395,0,85822,0,1477069,0,1342438,1115,395,3891,154117,98611,0,0,16
1786393127219,12368896,9932448,10108640,1197696,8331008,0,86395,0,85822,0,1477069,0,1342438,1115,395,3891,154117,98611,0,0,16
1786393127730,12368896,9932448,10108640,1197696,8331008,0,86395,0,85822,0,1477069,0,1342438,1115,395,3891,154117,98611,0,0,16
1786393128240,12368896,9932448,10108640,1197696,8331008,0,86395,0,85822,0,1477069,0,1342438,1115,395,3891,154117,98611,0,0,16
1786393128751,12368896,9932448,10108640,1197712,8331008,0,86395,0,85822,0,1477069,0,1342438,1115,395,3891,154117,98611,0,0,16
1786393129262,12368896,9932448,10108640,1197712,8331008,0,86395,0,85822,0,1477069,0,1342438,1115,395,3891,154117,98611,0,0,16
1786393129773,12368896,9932448,10108640,1197712,8331008,0,86395,0,85822,0,1477069,0,1342438,1115,395,3891,154117,98611,0,0,16
1786393130281,12368896,9932448,10108640,1197712,8331008,0,86395,0,85822,0,1477069,0,1342438,1115,395,3891,154117,98611,0,0,16
1786393130793,12368896,9932448,10108640,1197712,8331008,0,86395,0,85822,0,1477069,0,1342438,1115,395,3891,154117,98611,0,0,16
1786393131301,12368896,9932448,10108640,1197712,8331008,0,86395,0,85822,0,1477069,0,1342438,1115,395,3891,154117,98611,0,0,16
1786393131813,12368896,9932448,10108640,1197712,8331008,0,86395,0,85822,0,1477069,0,1342438,1115,395,3891,154117,98611,0,0,16
1786393132315,12368896,9932448,10108640,1197712,8331008,0,86395,0,85822,0,1477069,0,1342438,1115,395,3891,154117,98611,0,0,16
1786393132826,12368896,9932448,10108640,1197712,8331008,0,86395,0,85822,0,1477069,0,1342438,1115,395,3891,154117,98611,0,0,16
1786393133330,12368896,9932448,10108624,1197712,8331008,0,86395,0,85822,0,1477069,0,1342438,1115,395,3891,154117,98611,0,0,16
1786393133832,12368896,9932448,10108640,1197712,8331008,0,86395,0,85822,0,1477069,0,1342438,1115,395,3891,154117,98611,0,0,16
1786393134338,12368896,9932448,10108640,1197712,8331008,0,86395,0,85822,0,1477069,0,1342438,1115,395,3891,154117,98611,0,0,16
1786393134844,12368896,9932448,10108640,1197712,8331008,0,86395,0,85822,0,1477069,0,1342438,1115,395,3891,154117,98611,0,0,16
1786393135347,12368896,9932448,10108640,1197712,8331008,0,86395,0,85822,0,1477069,0,1342438,1115,395,3891,154117,98611,0,0,16
1786393135849,12368896,9932448,10108640,1197712,8331008,0,86395,0,85822,0,1477069,0,1342438,1115,395,3891,154117,98611,0,0,16
1786393136352,12368896,9932448,10108640,1197712,8331008,0,86395,0,85822,0,1477069,0,1342438,1115,395,3891,154117,98611,0,0,16
1786393136858,12368896,9932448,10108640,1197712,8331008,0,86395,0,85822,0,1477069,0,1342438,1115,395,3891,154117,98611,0,0,16
1786393137361,12368896,9932208,10108400,1197712,8331008,0,86395,0,85822,0,1477069,0,1342438,1115,395,3891,154117,98611,0,0,16
1786393137864,12368896,9932208,10108400,1197712,8331008,0,86395,0,85822,0,1477069,0,1342438,1115,395,3891,154117,98611,0,0,16
1786393138372,12368896,9931008,10107200,1197712,8331008,0,86395,0,85822,0,1477069,0,1342438,1115,395,3891,154117,98611,0,0,16
1786393138880,12368896,9931008,10107200,1197712,8331008,0,86395,0,85822,0,1477069,0,1342438,1115,395,3891,154117,98611,0,0,16
1786393139392,12368896,9931008,10107200,1197712,8331008,0,86395,0,85822,0,1477069,0,1342438,1115,395,3891,154117,98611,0,0,16
1786393139897,12368896,9931008,10107200,1197712,8331008,0,86395,0,85822,0,1477069,0,1342438,1115,395,3891,154117,98611,0,0,16
1786393140399,12368896,9931008,10107200,1197712,8331008,0,86395,0,85822,0,1477069,0,1342438,1115,395,3891,154117,98611,0,0,16
1786393140911,12368896,9931008,10107200,1197712,8331008,0,86395,0,85822,0,1477069,0,1342438,1115,395,3891,154117,98611,0,0,16
1786393141418,12368896,9931008,10107200,1197712,8331008,0,86395,0,85822,0,1477069,0,1342438,1115,395,3891,154117,98611,0,0,16
1786393141930,12368896,9931008,10107200,1197712,8331008,0,86395,0,85822,0,1477069,0,1342438,1115,395,3891,154117,98611,0,0,16
1786393142433,12368896,9931008,10107200,1197712,8331008,0,86395,0,85822,0,1477069,0,1342438,1115,395,3891,154117,98611,0,0,16
1786393142944,12368896,9931008,10107200,1197712,8331008,0,86395,0,85822,0,1477069,0,1342438,1115,395,3891,154117,98611,0,0,16
1786393143452,12368896,9931008,10107200,1197712,8331008,0,86395,0,85822,0,1477069,0,1342438,1115,395,3891,154117,98611,0,0,16
1786393143957,12368896,9931008,10107200,1197712,8331008,0,86395,0,85822,0,1477069,0,1342438,1115,395,3891,154117,98611,0,0,16
1786393144465,12368896,9931008,10107200,1197712,8331008,0,86395,0,85822,0,1477069,0,1342438,1115,395,3891,154117,98611,0,0,16
1786393144970,12368896,9931008,10107200,1197712,8331008,0,86395,0,85822,0,1477069,0,1342438,1115,395,3891,154117,98611,0,0,16
1786393145473,12368896,9930768,10106960,1197712,8331008,0,86395,0,85822,0,1477069,0,1342438,1115,395,3891,154117,98611,0,0,16
1786393145976,12368896,9930768,10106960,1197712,8331008,0,86395,0,85822,0,1477069,0,1342438,1115,395,3891,154117,98611,0,0,16
1786393146478,12368896,9930768,10106960,1197712,8331008,0,86395,0,85822,0,1477069,0,1342438,1115,395,3891,154117,98611,0,0,16
1786393146984,12368896,9930768,10106960,1197712,8331008,0,86395,0,85822,0,1477069,0,1342438,1115,395,3891,154117,98611,0,0,16
1786393147493,12368896,9930768,10106960,1197712,8331008,0,86395,0,85822,0,1477069,0,1342438,1115,395,3891,154117,98611,0,0,16
1786393147997,12368896,9930768,10106960,1197712,8331008,0,86395,0,85822,0,1477069,0,1342438,1115,395,3891,154117,98611,0,0,16
1786393148503,12368896,9930768,10106960,1197712,8331008,0,86395,0,85822,0,1477069,0,1342438,1115,395,3891,154117,98611,0,0,16
1786393149006,12368896,9930768,10106960,1197712,8331008,0,86395,0,85822,0,1477069,0,1342438,1115,395,3891,154117,98611,0,0,16
1786393149513,12368896,9930768,10106960,1197712,8331008,0,86395,0,85822,0,1477069,0,1342438,1115,395,3891,154117,98611,0,0,16
1786393150017,12368896,9930768,10106960,1197712,8331008,0,86395,0,85822,0,1477069,0,1342438,1115,395,3891,154117,98611,0,0,16
1786393150528,12368896,9930768,10106960,1197712,8331008,0,86395,0,85822,0,1477069,0,1342438,1115,395,3891,154117,98611,0,0,16
1786393151032,12368896,9930768,10106960,1197712,8331008,0,86395,0,85822,0,1477069,0,1342438,1115,395,3891,154117,98611,0,0,16
1786393151537,12368896,9930768,10106960,1197712,8331008,0,86395,0,85822,0,1477069,0,1342438,1115,395,3891,154117,98611,0,0,16
1786393152045,12368896,9930768,10106960,1197712,8331008,0,86395,0,85822,0,1477069,0,1342438,1115,395,3891,154117,98611,0,0,16
1786393152552,12368896,9930768,10106960,1197712,8331008,0,86395,0,85822,0,1477069,0,1342438,1115,395,3891,154117,98611,0,0,16
1786393153056,12368896,9930768,10106960,1197712,8331008,0,86395,0,85822,0,1477069,0,1342438,1115,395,3891,154117,98611,0,0,16
1786393153559,12368896,9930768,10106960,1197712,8331008,0,86395,0,85822,0,1477069,0,1342438,1115,395,3891,154117,98611,0,0,16
1786393154061,12368896,9930768,10106960,1197712,8331008,0,86395,0,85822,0,1477069,0,1342438,1115,395,3891,154117,98611,0,0,16
1786393154573,12368896,9930768,10106960,1197712,8331008,0,86395,0,85822,0,1477069,0,1342438,1115,395,3891,154117,98611,0,0,16
1786393155085,12368896,9930768,10106960,1197712,8331008,0,86395,0,85822,0,1477069,0,1342438,1115,395,3891,154117,98611,0,0,16
1786393155587,12368896,9930768,10106960,1197712,8331008,0,86395,0,85822,0,1477069,0,1342438,1115,395,3891,154117,98611,0,0,16
1786393156099,12368896,9930768,10106960,1197712,8331008,0,86395,0,85822,0,1477069,0,1342438,1115,395,3891,154117,98611,0,0,16
1786393156610,12368896,9930768,10106960,1197712,8331008,0,86395,0,85822,0,1477069,0,1342438,1115,395,3891,154117,98611,0,0,16
1786393157113,12368896,9930768,10106960,1197712,8331008,0,86395,0,85822,0,1477069,0,1342438,1115,395,3891,154117,98611,0,0,16
1786393157624,12368896,9930768,10106960,1197712,8331008,0,86395,0,85822,0,1477069,0,1342438,1115,395,3891,154117,98611,0,0,16
1786393158135,12368896,9930768,10106960,1197712,8331008,0,86395,0,85822,0,1477069,0,1342438,1115,395,3891,154117,98611,0,0,16
1786393158642,12368896,9930528,10106720,1197712,8331008,0,86395,0,85822,0,1477069,0,1342438,1115,395,3891,154117,98611,0,0,16
1786393159150,12368896,9930528,10106720,1197712,8331008,0,86395,0,85822,0,1477069,0,1342438,1115,395,3891,154117,98611,0,0,16
1786393159654,12368896,9930528,10106720,1197712,8331008,0,86395,0,85822,0,1477069,0,1342438,1115,395,3891,154117,98611,0,0,16
1786393160156,12368896,9930528,10106720,1197712,8331008,0,86395,0,85822,0,1477069,0,1342438,1115,395,3891,154117,98611,0,0,16
1786393160668,12368896,9930288,10106480,1197712,8331008,0,86395,0,85822,0,1477069,0,1342438,1115,395,3891,154117,98611,0,0,16
1786393161179,12368896,9930288,10106480,1197712,8331008,0,86395,0,85822,0,1477069,0,1342438,1115,395,3891,154117,98611,0,0,16
1786393161687,12368896,9930288,10106480,1197712,8331008,0,86395,0,85822,0,1477069,0,1342438,1115,395,3891,154117,98611,0,0,16
1786393162198,12368896,9930288,10106480,1197712,8331008,0,86395,0,85822,0,1477069,0,1342438,1115,395,3891,154117,98611,0,0,16
1786393162706,12368896,9930288,10106480,1197712,8331008,0,86395,0,85822,0,1477069,0,1342438,1115,395,3891,154117,98611,0,0,16
1786393163213,12368896,9930288,10106480,1197712,8331008,0,86395,0,85822,0,1477069,0,1342438,1115,395,3891,154117,98611,0,0,16
1786393163721,12368896,9930288,10106480,1197712,8331008,0,86395,0,85822,0,1477069,0,1342438,1115,395,3891,154117,98611,0,0,16
1786393164227,12368896,9930288,10106480,1197712,8331008,0,86395,0,85822,0,1477069,0,1342438,1115,395,3891,154117,98611,0,0,16
1786393164731,12368896,9930288,10106480,1197712,8331008,0,86395,0,85822,0,1477069,0,1342438,1115,395,3891,154117,98611,0,0,16
1786393165243,12368896,9930048,10106240,1197712,8331008,0,86395,0,85822,0,1477069,0,1342438,1115,395,3891,154117,98611,0,0,16
1786393165745,12368896,9930048,10106240,1197712,8331008,0,86395,0,85822,0,1477069,0,1342438,1115,395,3891,154117,98611,0,0,16
1786393166254,12368896,9929808,10106000,1197712,8331008,0,86395,0,85822,0,1477069,0,1342438,1115,395,3891,154117,98611,0,0,16
1786393166760,12368896,9929808,10106000,1197712,8331008,0,86395,0,85822,0,1477069,0,1342438,1115,395,3891,154117,98611,0,0,16
1786393167262,12368896,9929808,10106000,1197712,8331008,0,86395,0,85822,0,1477069,0,1342438,1115,395,3891,154117,98611,0,0,16
1786393167765,12368896,9929808,10106000,1197712,8331008,0,86395,0,85822,0,1477069,0,1342438,1115,395,3891,154117,98611,0,0,16
1786393168276,12368896,9929568,10105760,1197712,8331008,0,86395,0,85822,0,1477069,0,1342438,1115,395,3891,154117,98611,0,0,16
1786393168780,12368896,9929568,10105760,1197712,8331008,0,86395,0,85822,0,1477069,0,1342438,1115,395,3891,154117,98611,0,0,16
1786393169282,12368896,9929568,10105760,1197712,8331024,0,86395,0,85822,0,1477069,0,1342438,1116,396,3891,154117,98611,0,0,16
1786393169791,12368896,9929568,10105760,1197712,8331024,0,86395,0,85822,0,1477069,0,1342438,1116,396,3891,154117,98611,0,0,16
1786393170293,12368896,9929568,10105760,1197712,8331024,0,86395,0,85822,0,1477069,0,1342438,1116,396,3891,154117,98611,0,0,16
1786393170800,12368896,9929568,10105760,1197712,8331024,0,86395,0,85822,0,1477069,0,1342438,1116,396,3891,154117,98611,0,0,16
1786393171311,12368896,9929568,10105760,1197712,8331024,0,86395,0,85822,0,1477069,0,1342438,1116,396,3891,154117,98611,0,0,16
1786393171818,12368896,9929568,10105760,1197712,8331024,0,86395,0,85822,0,1477069,0,1342438,1116,396,3891,154117,98611,0,0,16
1786393172324,12368896,9929328,10105520,1197712,8331024,0,86395,0,85822,0,1477069,0,1342438,1116,396,3891,154117,98611,0,0,16
1786393172841,12368896,9929328,10105520,1197712,8331024,0,86395,0,85822,0,1477069,0,1342438,1116,396,3891,154117,98611,0,0,16
1786393173354,12368896,9929328,10105520,1197712,8331024,0,86395,0,85822,0,1477069,0,1342438,1116,396,3891,154117,98611,0,0,16
1786393173867,12368896,9929328,10105520,1197712,8331024,0,86395,0,85822,0,1477069,0,1342438,1116,396,3891,154117,98611,0,0,16
1786393174379,12368896,9929328,10105520,1197712,8331024,0,86395,0,85822,0,1477069,0,1342438,1116,396,3891,154117,98611,0,0,16
1786393174890,12368896,9929328,10105520,1197712,8331024,0,86395,0,85822,0,1477069,0,1342438,1116,396,3891,154117,98611,0,0,16
1786393175396,12368896,9929328,10105520,1197712,8331024,0,86395,0,85822,0,1477069,0,1342438,1116,396,3891,154117,98611,0,0,16
1786393175906,12368896,9929328,10105520,1197712,8331024,0,86395,0,85822,0,1477069,0,1342438,1116,396,3891,154117,98611,0,0,16
1786393176417,12368896,9929088,10105280,1197712,8331024,0,86395,0,85822,0,1477069,0,1342438,1116,396,3891,154117,98611,0,0,16
1786393176929,12368896,9929088,10105280,1197712,8331024,0,86395,0,85822,0,1477069,0,1342438,1116,396,3891,154117,98611,0,0,16
1786393177441,12368896,9928848,10105040,1197712,8331024,0,86395,0,85822,0,1477069,0,1342438,1116,396,3891,154117,98611,0,0,16
1786393177949,12368896,9928848,10105040,1197712,8331024,0,86395,0,85822,0,1477069,0,1342438,1116,396,3891,154117,98611,0,0,16
1786393178458,12368896,9928848,10105040,1197712,8331024,0,86395,0,85822,0,1477069,0,1342438,1116,396,3891,154117,98611,0,0,16
1786393178962,12368896,9928848,10105040,1197712,8331024,0,86395,0,85822,0,1477069,0,1342438,1116,396,3891,154117,98611,0,0,16
1786393179473,12368896,9928848,10105040,1197712,8331024,0,86395,0,85822,0,1477069,0,1342438,1116,396,3891,154117,98611,0,0,16
1786393179984,12368896,9928848,10105040,1197712,8331024,0,86395,0,85822,0,1477069,0,1342438,1116,396,3891,154117,98611,0,0,16
1786393180488,12368896,9928848,10105040,1197712,8331024,0,86395,0,85822,0,1477069,0,1342438,1116,396,3891,154117,98611,0,0,16
1786393181000,12368896,9928848,10105040,1197712,8331024,0,86395,0,85822,0,1477069,0,1342438,1116,396,3891,154117,98611,0,0,16
1786393181512,12368896,9928368,10104560,1197712,8331024,0,86395,0,85822,0,1477069,0,1342438,1116,396,3891,154117,98611,0,0,16
1786393182021,12368896,9928368,10104560,1197712,8331024,0,86395,0,85822,0,1477069,0,1342438,1116,396,3891,154117,98611,0,0,16
1786393182527,12368896,9928128,10104320,1197712,8331024,0,86395,0,85822,0,1477069,0,1342438,1116,396,3891,154117,98611,0,0,16
1786393183030,12368896,9928128,10104320,1197712,8331024,0,86395,0,85822,0,1477069,0,1342438,1116,396,3891,154117,98611,0,0,16
1786393183540,12368896,9928128,10104320,1197712,8331024,0,86395,0,85822,0,1477069,0,1342438,1116,396,3891,154117,98611,0,0,16
1786393184043,12368896,9928128,10104320,1197712,8331024,0,86395,0,85822,0,1477069,0,1342438,1116,396,3891,154117,98611,0,0,16
1786393184548,12368896,9928128,10104320,1197712,8331024,0,86395,0,85822,0,1477069,0,1342438,1116,396,3891,154117,98611,0,0,16
1786393185051,12368896,9928128,10104320,1197712,8331024,0,86395,0,85822,0,1477069,0,1342438,1116,396,3891,154117,98611,0,0,16
1786393185562,12368896,9928128,10104320,1197712,8331024,0,86395,0,85822,0,1477069,0,1342438,1116,396,3891,154117,98611,0,0,16
1786393186074,12368896,9927888,10104080,1197712,8331024,0,86395,0,85822,0,1477069,0,1342438,1116,396,3891,154117,98611,0,0,16
1786393186586,12368896,9927888,10104080,1197712,8331024,0,86395,0,85822,0,1477069,0,1342438,1116,396,3891,154117,98611,0,0,16
1786393187098,12368896,9927888,10104080,1197712,8331024,0,86395,0,85822,0,1477069,0,1342438,1116,396,3891,154117,98611,0,0,16
1786393187610,12368896,9927888,10104080,1197712,8331024,0,86395,0,85822,0,1477069,0,1342438,1116,396,3891,154117,98611,0,0,16
1786393188114,12368896,9927888,10104080,1197712,8331024,0,86395,0,85822,0,1477069,0,1342438,1116,396,3891,154117,98611,0,0,16
1786393188624,12368896,9927888,10104080,1197712,8331024,0,86395,0,85822,0,1477069,0,1342438,1116,396,3891,154117,98611,0,0,16
1786393189125,12368896,9927888,10104080,1197712,8331024,0,86395,0,85822,0,1477069,0,1342438,1116,396,3891,154117,98611,0,0,16
1786393189631,12368896,9927648,10103840,1197712,8331024,0,86395,0,85822,0,1477069,0,1342438,1116,396,3891,154117,98611,0,0,16
1786393190133,12368896,9927648,10103840,1197712,8331024,0,86395,0,85822,0,1477069,0,1342438,1116,396,3891,154117,98611,0,0,16
1786393190637,12368896,9927648,10103840,1197712,8331024,0,86395,0,85822,0,1477069,0,1342438,1116,396,3891,154117,98611,0,0,16
1786393191143,12368896,9927648,10103840,1197712,8331024,0,86395,0,85822,0,1477069,0,1342438,1116,396,3891,154117,98611,0,0,16
1786393191647,12368896,9927648,10103840,1197712,8331024,0,86395,0,85822,0,1477069,0,1342438,1116,396,3891,154117,98611,0,0,16
1786393192152,12368896,9927648,10103840,1197712,8331024,0,86395,0,85822,0,1477069,0,1342438,1116,396,3891,154117,98611,0,0,16
1786393192657,12368896,9927648,10103840,1197712,8331024,0,86395,0,85822,0,1477069,0,1342438,1116,396,3891,154117,98611,0,0,16
1786393193166,12368896,9927648,10103840,1197712,8331024,0,86395,0,85822,0,1477069,0,1342438,1116,396,3891,154117,98611,0,0,16
1786393193676,12368896,9927408,10103600,1197712,8331024,0,86395,0,85822,0,1477069,0,1342438,1116,396,3891,154117,98611,0,0,16
1786393194177,12368896,9927408,10103600,1197712,8331024,0,86395,0,85822,0,1477069,0,1342438,1116,396,3891,154117,98611,0,0,16
1786393194684,12368896,9927408,10103600,1197728,8331024,0,86395,0,85822,0,1477069,0,1342438,1116,396,3891,154117,98611,0,0,16
1786393195185,12368896,9927408,10103600,1197728,8331024,0,86395,0,85822,0,1477069,0,1342438,1116,396,3891,154117,98611,0,0,16
1786393195687,12368896,9927408,10103600,1197728,8331024,0,86395,0,85822,0,1477069,0,1342438,1116,396,3891,154117,98611,0,0,16
1786393196192,12368896,9927408,10103600,1197728,8331024,0,86395,0,85822,0,1477069,0,1342438,1116,396,3891,154117,98611,0,0,16
1786393196702,12368896,9927408,10103600,1197728,8331024,0,86395,0,85822,0,1477069,0,1342438,1116,396,3891,154117,98611,0,0,16
1786393197214,12368896,9927168,10103360,1197728,8331024,0,86395,0,85822,0,1477069,0,1342438,1116,396,3891,154117,98611,0,0,16
1786393197721,12368896,9927168,10103360,1197728,8331024,0,86395,0,85822,0,1477069,0,1342438,1116,396,3891,154117,98611,0,0,16
1786393198232,12368896,9927168,10103360,1197728,8331024,0,86395,0,85822,0,1477069,0,1342438,1116,396,3891,154117,98611,0,0,16
1786393198741,12368896,9927168,10103360,1197728,8331024,0,86395,0,85822,0,1477069,0,1342438,1116,396,3891,154117,98611,0,0,16
1786393199250,12368896,9927168,10103360,1197728,8331024,0,86395,0,85822,0,1477069,0,1342438,1116,396,3891,154117,98611,0,0,16
1786393199755,12368896,9927168,10103360,1197728,8331024,0,86395,0,85822,0,1477069,0,1342438,1116,396,3891,154117,98611,0,0,16
1786393200266,12368896,9926448,10102880,1198000,8331024,0,86653,0,86052,0,1477373,0,1342732,1118,396,3891,154117,98611,0,0,16
1786393200766,12368896,9926448,10102880,1198032,8331024,0,86653,0,86052,0,1477373,0,1342732,1118,396,3891,154117,98611,0,0,16
1786393201272,12368896,9926448,10102880,1198032,8331024,0,86653,0,86052,0,1477373,0,1342732,1118,396,3891,154117,98611,0,0,16
1786393201783,12368896,9926448,10102960,1198032,8331024,0,86653,0,86052,0,1477373,0,1342732,1118,396,3891,154117,98611,0,0,16
1786393202285,12368896,9926448,10102960,1198032,8331024,0,86653,0,86052,0,1477373,0,1342732,1118,396,3891,154117,98611,0,0,16
1786393202787,12368896,9926448,10102960,1198032,8331024,0,86653,0,86052,0,1477373,0,1342732,1118,396,3891,154117,98611,0,0,16
1786393203293,12368896,9926448,10102960,1198032,8331024,0,86653,0,86052,0,1477373,0,1342732,1118,396,3891,154117,98611,0,0,16
1786393203804,12368896,9926448,10102960,1198032,8331024,0,86653,0,86052,0,1477373,0,1342732,1118,396,3891,154117,98611,0,0,16
1786393204309,12368896,9926448,10102960,1198032,8331024,0,86653,0,86052,0,1477373,0,1342732,1118,396,3891,154117,98611,0,0,16
1786393204822,12368896,9926448,10102960,1198032,8331024,0,86653,0,86052,0,1477373,0,1342732,1118,396,3891,154117,98611,0,0,16
1786393205333,12368896,9926448,10102960,1198032,8331024,0,86653,0,86052,0,1477373,0,1342732,1118,396,3891,154117,98611,0,0,16
1786393205843,12368896,9926448,10102960,1198032,8331024,0,86653,0,86052,0,1477373,0,1342732,1118,396,3891,154117,98611,0,0,16
1786393206353,12368896,9926448,10102960,1198032,8331024,0,86653,0,86052,0,1477373,0,1342732,1118,396,3891,154117,98611,0,0,16
1786393206855,12368896,9926448,10102960,1198032,8331024,0,86653,0,86052,0,1477373,0,1342732,1118,396,3891,154117,98611,0,0,16
1786393207366,12368896,9926448,10102960,1198032,8331024,0,86653,0,86052,0,1477373,0,1342732,1118,396,3891,154117,98611,0,0,16
1786393207868,12368896,9926448,10102960,1198032,8331024,0,86653,0,86052,0,1477373,0,1342732,1118,396,3891,154117,98611,0,0,16
1786393208378,12368896,9926448,10102960,1198032,8331024,0,86653,0,86052,0,1477373,0,1342732,1118,396,3891,154117,98611,0,0,16
1786393208889,12368896,9926448,10102960,1198032,8331024,0,86653,0,86052,0,1477373,0,1342732,1118,396,3891,154117,98611,0,0,16
1786393209401,12368896,9926448,10102960,1198032,8331024,0,86653,0,86052,0,1477373,0,1342732,1118,396,3891,154117,98611,0,0,16
1786393209913,12368896,9926448,10102960,1198032,8331024,0,86653,0,86052,0,1477373,0,1342732,1118,396,3891,154117,98611,0,0,16
1786393210418,12368896,9926448,10102960,1198032,8331024,0,86653,0,86052,0,1477373,0,1342732,1118,396,3891,154117,98611,0,0,16
1786393210920,12368896,9926208,10102720,1198032,8331024,0,86653,0,86052,0,1477373,0,1342732,1118,396,3891,154117,98611,0,0,16
1786393211423,12368896,9926208,10102720,1198032,8331024,0,86653,0,86052,0,1477373,0,1342732,1118,396,3891,154117,98611,0,0,16
1786393211929,12368896,9926208,10102720,1198032,8331024,0,86653,0,86052,0,1477373,0,1342732,1118,396,3891,154117,98611,0,0,16
1786393212440,12368896,9925968,10102480,1198032,8331024,0,86653,0,86052,0,1477373,0,1342732,1118,396,3891,154117,98611,0,0,16
1786393212950,12368896,9925968,10102480,1198032,8331024,0,86653,0,86052,0,1477373,0,1342732,1118,396,3891,154117,98611,0,0,16
1786393213456,12368896,9925728,10102240,1198032,8331024,0,86653,0,86052,0,1477373,0,1342732,1118,396,3891,154117,98611,0,0,16
1786393213958,12368896,9925728,10102240,1198032,8331024,0,86653,0,86052,0,1477373,0,1342732,1118,396,3891,154117,98611,0,0,16
1786393214463,12368896,9925728,10102240,1198032,8331024,0,86653,0,86052,0,1477373,0,1342732,1118,396,3891,154117,98611,0,0,16
1786393214965,12368896,9925728,10102240,1198032,8331024,0,86653,0,86052,0,1477373,0,1342732,1118,396,3891,154117,98611,0,0,16
1786393215472,12368896,9925728,10102240,1198032,8331024,0,86653,0,86052,0,1477373,0,1342732,1118,396,3891,154117,98611,0,0,16
1786393215982,12368896,9925728,10102240,1198032,8331024,0,86653,0,86052,0,1477373,0,1342732,1118,396,3891,154117,98611,0,0,16
1786393216487,12368896,9925488,10102000,1198032,8331024,0,86653,0,86052,0,1477373,0,1342732,1118,396,3891,154117,98611,0,0,16
1786393216999,12368896,9925488,10102000,1198032,8331024,0,86653,0,86052,0,1477373,0,1342732,1118,396,3891,154117,98611,0,0,16
1786393217505,12368896,9925488,10102000,1198032,8331024,0,86653,0,86052,0,1477373,0,1342732,1118,396,3891,154117,98611,0,0,16
1786393218014,12368896,9925488,10102000,1198032,8331024,0,86653,0,86052,0,1477373,0,1342732,1118,396,3891,154117,98611,0,0,16
1786393218518,12368896,9925488,10102000,1198032,8331024,0,86653,0,86052,0,1477373,0,1342732,1118,396,3891,154117,98611,0,0,16
1786393219020,12368896,9925488,10102000,1198032,8331024,0,86653,0,86052,0,1477373,0,1342732,1118,396,3891,154117,98611,0,0,16
1786393219526,12368896,9925488,10102000,1198032,8331024,0,86653,0,86052,0,1477373,0,1342732,1118,396,3891,154117,98611,0,0,16
1786393220028,12368896,9925248,10101760,1198032,8331024,0,86653,0,86052,0,1477373,0,1342732,1118,396,3891,154117,98611,0,0,16
1786393220531,12368896,9925248,10101760,1198032,8331024,0,86653,0,86052,0,1477373,0,1342732,1118,396,3891,154117,98611,0,0,16
1786393221039,12368896,9925248,10101760,1198032,8331024,0,86653,0,86052,0,1477373,0,1342732,1118,396,3891,154117,98611,0,0,16
1786393221541,12368896,9925248,10101760,1198032,8331024,0,86653,0,86052,0,1477373,0,1342732,1118,396,3891,154117,98611,0,0,16
1786393222045,12368896,9925248,10101760,1198032,8331024,0,86653,0,86052,0,1477373,0,1342732,1118,396,3891,154117,98611,0,0,16
1786393222558,12368896,9925248,10101760,1198032,8331024,0,86653,0,86052,0,1477373,0,1342732,1118,396,3891,154117,98611,0,0,16
1786393223069,12368896,9925248,10101760,1198032,8331024,0,86653,0,86052,0,1477373,0,1342732,1118,396,3891,154117,98611,0,0,16
1786393223580,12368896,9925248,10101760,1198032,8331024,0,86653,0,86052,0,1477373,0,1342732,1118,396,3891,154117,98611,0,0,16
1786393224081,12368896,9925248,10101760,1198032,8331024,0,86653,0,86052,0,1477373,0,1342732,1118,396,3891,154117,98611,0,0,16
1786393224591,12368896,9925248,10101760,1198032,8331024,0,86653,0,86052,0,1477373,0,1342732,1118,396,3891,154117,98611,0,0,16
1786393225095,12368896,9925248,10101760,1198032,8331024,0,86653,0,86052,0,1477373,0,1342732,1118,396,3891,154117,98611,0,0,16
1786393225598,12368896,9925008,10101520,1198032,8331024,0,86653,0,86052,0,1477373,0,1342732,1118,396,3891,154117,98611,0,0,16
1786393226108,12368896,9925008,10101520,1198032,8331024,0,86653,0,86052,0,1477373,0,1342732,1118,396,3891,154117,98611,0,0,16
1786393226614,12368896,9925008,10101520,1198032,8331024,0,86653,0,86052,0,1477373,0,1342732,1118,396,3891,154117,98611,0,0,16
1786393227126,12368896,9925008,10101520,1198032,8331024,0,86653,0,86052,0,1477373,0,1342732,1118,396,3891,154117,98611,0,0,16
1786393227632,12368896,9925008,10101520,1198032,8331024,0,86653,0,86052,0,1477373,0,1342732,1118,396,3891,154117,98611,0,0,16
1786393228138,12368896,9924768,10101280,1198032,8331024,0,86653,0,86052,0,1477373,0,1342732,1118,396,3891,154117,98611,0,0,16
1786393228650,12368896,9924768,10101280,1198032,8331024,0,86653,0,86052,0,1477373,0,1342732,1118,396,3891,154117,98611,0,0,16
1786393229162,12368896,9924768,10101280,1198032,8331024,0,86653,0,86052,0,1477373,0,1342732,1118,396,3891,154117,98611,0,0,16
1786393229667,12368896,9924768,10101280,1198032,8331024,0,86653,0,86052,0,1477373,0,1342732,1118,396,3891,154117,98611,0,0,16
1786393230173,12368896,9924768,10101280,1198032,8331024,0,86653,0,86052,0,1477373,0,1342732,1118,396,3891,154117,98611,0,0,16
1786393230682,12368896,9924768,10101280,1198032,8331024,0,86653,0,86052,0,1477373,0,1342732,1118,396,3891,154117,98611,0,0,16
1786393231185,12368896,9924768,10101280,1198032,8331024,0,86653,0,86052,0,1480151,0,1345447,1118,396,3891,154117,98611,0,0,16
1786393231696,12368896,9924768,10101280,1198304,8331024,0,86653,0,86052,0,1498136,0,1363389,1118,396,3891,154117,98611,0,0,16
1786393232202,12368896,9924768,10101280,1198304,8331024,0,86653,0,86052,0,1498136,0,1363389,1118,396,3891,154117,98611,0,0,16
1786393232713,12368896,9924768,10101584,1198336,8331024,0,86653,0,86052,0,1498136,0,1363389,1118,396,3891,154117,98611,0,0,16
1786393233225,12368896,9924768,10101584,1198336,8331024,0,86653,0,86052,18,1498136,18,1363389,1118,396,3891,154117,98611,0,0,16
1786393233729,12368896,9924528,10101344,1198336,8331024,0,86653,0,86052,18,1498136,18,1363389,1118,396,3891,154117,98611,0,0,16
1786393234234,12368896,9924528,10101344,1198336,8331024,0,86653,0,86052,18,1498136,18,1363389,1118,396,3891,154117,98611,0,0,16
1786393234746,12368896,9924288,10101104,1198336,8331024,0,86653,0,86052,14,1498136,14,1363389,1118,396,3891,154117,98611,0,0,16
1786393235249,12368896,9924288,10101104,1198336,8331024,0,86653,0,86052,14,1498136,14,1363389,1118,396,3891,154117,98611,0,0,16
1786393235760,12368896,9924048,10100864,1198336,8331024,0,86653,0,86052,14,1498136,14,1363389,1118,396,3891,154117,98611,0,0,16
1786393236271,12368896,9924048,10100864,1198336,8331024,0,86653,0,86052,14,1498136,14,1363389,1118,396,3891,154117,98611,0,0,16
1786393236780,12368896,9924048,10100864,1198336,8331024,0,86653,0,86052,12,1498136,12,1363389,1118,396,3891,154117,98611,0,0,16
1786393237289,12368896,9923808,10100624,1198336,8331024,0,86653,0,86052,12,1498136,12,1363389,1118,396,3891,154117,98611,0,0,16
1786393237791,12368896,9923808,10100624,1198336,8331024,0,86653,0,86052,12,1498136,12,1363389,1118,396,3891,154117,98611,0,0,16
1786393238302,12368896,9923808,10100624,1198336,8331024,0,86653,0,86052,12,1498136,12,1363389,1118,396,3891,154117,98611,0,0,16
1786393238809,12368896,9923808,10100624,1198336,8331024,0,86653,0,86052,9,1498136,9,1363389,1118,396,3891,154117,98611,0,0,16
1786393239321,12368896,9923808,10100624,1198336,8331024,0,86653,0,86052,9,1498136,9,1363389,1118,396,3891,154117,98611,0,0,16
1786393239826,12368896,9923808,10100624,1198336,8331024,0,86653,0,86052,9,1498136,9,1363389,1118,396,3891,154117,98611,0,0,16
1786393240328,12368896,9923808,10100624,1198336,8331024,0,86653,0,86052,9,1498136,9,1363389,1118,396,3891,154117,98611,0,0,16
1786393240840,12368896,9923808,10100624,1198336,8331024,0,86653,0,86052,8,1498136,8,1363389,1118,396,3891,154117,98611,0,0,16
1786393241352,12368896,9923808,10100624,1198336,8331024,0,86653,0,86052,8,1498136,8,1363389,1118,396,3891,154117,98611,0,0,16
1786393241857,12368896,9923808,10100624,1198336,8331024,0,86653,0,86052,8,1498136,8,1363389,1118,396,3891,154117,98611,0,0,16
1786393242362,12368896,9923808,10100624,1198336,8331024,0,86653,0,86052,8,1498136,8,1363389,1118,396,3891,154117,98611,0,0,16
1786393242873,12368896,9923808,10100624,1198336,8331024,0,86653,0,86052,6,1498136,6,1363389,1118,396,3891,154117,98611,0,0,16
1786393243374,12368896,9923808,10100624,1198336,8331024,0,86653,0,86052,6,1498136,6,1363389,1118,396,3891,154117,98611,0,0,16
1786393243885,12368896,9923808,10100624,1198336,8331024,0,86653,0,86052,6,1498136,6,1363389,1118,396,3891,154117,98611,0,0,16
1786393244387,12368896,9923808,10100624,1198336,8331024,0,86653,0,86052,6,1498136,6,1363389,1118,396,3891,154117,98611,0,0,16
1786393244897,12368896,9923808,10100624,1198336,8331024,0,86653,0,86052,5,1498136,5,1363389,1118,396,3891,154117,98611,0,0,16
1786393245402,12368896,9923808,10100624,1198336,8331024,0,86653,0,86052,5,1498136,5,1363389,1118,396,3891,154117,98611,0,0,16
1786393245912,12368896,9923808,10100624,1198336,8331024,0,86653,0,86052,5,1498136,5,1363389,1118,396,3891,154117,98611,0,0,16
1786393246418,12368896,9923808,10100624,1198336,8331024,0,86653,0,86052,5,1498136,5,1363389,1118,396,3891,154117,98611,0,0,16
1786393246930,12368896,9923808,10100624,1198336,8331024,0,86653,0,86052,4,1498136,4,1363389,1118,396,3891,154117,98611,0,0,16
1786393247442,12368896,9923808,10100624,1198336,8331024,0,86653,0,86052,4,1498136,4,1363389,1118,396,3891,154117,98611,0,0,16
1786393247946,12368896,9923808,10100624,1198336,8331024,0,86653,0,86052,4,1498136,4,1363389,1118,396,3891,154117,98611,0,0,16
1786393248457,12368896,9923808,10100624,1198336,8331024,0,86653,0,86052,4,1498136,4,1363389,1118,396,3891,154117,98611,0,0,16
1786393248964,12368896,9923808,10100624,1198336,8331024,0,86653,0,86052,3,1498136,3,1363389,1118,396,3891,154117,98611,0,0,16
1786393249465,12368896,9923808,10100624,1198336,8331024,0,86653,0,86052,3,1498136,3,1363389,1118,396,3891,154117,98611,0,0,16
1786393249968,12368896,9923808,10100624,1198336,8331024,0,86653,0,86052,3,1498136,3,1363389,1118,396,3891,154117,98611,0,0,16
1786393250475,12368896,9923808,10100624,1198336,8331024,0,86653,0,86052,3,1498136,3,1363389,1118,396,3891,154117,98611,0,0,16
1786393250984,12368896,9923808,10100624,1198336,8331024,0,86653,0,86052,2,1498136,2,1363389,1118,396,3891,154117,98611,0,0,16
1786393251495,12368896,9923808,10100624,1198336,8331024,0,86653,0,86052,2,1498136,2,1363389,1118,396,3891,154117,98611,0,0,16
1786393252004,12368896,9923808,10100624,1198336,8331024,0,86653,0,86052,2,1498136,2,1363389,1118,396,3891,154117,98611,0,0,16
1786393252510,12368896,9923808,10100624,1198336,8331024,0,86653,0,86052,2,1498136,2,1363389,1118,396,3891,154117,98611,0,0,16
1786393253022,12368896,9923808,10100624,1198336,8331024,0,86653,0,86052,2,1498136,2,1363389,1118,396,3891,154117,98611,0,0,16
1786393253525,12368896,9923808,10100624,1198336,8331024,0,86653,0,86052,2,1498136,2,1363389,1118,396,3891,154117,98611,0,0,16
1786393254028,12368896,9923808,10100624,1198336,8331024,0,86653,0,86052,2,1498136,2,1363389,1118,396,3891,154117,98611,0,0,16
1786393254538,12368896,9923808,10100624,1198336,8331024,0,86653,0,86052,2,1498136,2,1363389,1118,396,3891,154117,98611,0,0,16
1786393255041,12368896,9923808,10100624,1198336,8331024,0,86653,0,86052,1,1498136,1,1363389,1118,396,3891,154117,98611,0,0,16
1786393255545,12368896,9923808,10100624,1198336,8331024,0,86653,0,86052,1,1498136,1,1363389,1118,396,3891,154117,98611,0,0,16
1786393256054,12368896,9923808,10100624,1198336,8331024,0,86653,0,86052,1,1498136,1,1363389,1118,396,3891,154117,98611,0,0,16
1786393256557,12368896,9923808,10100624,1198336,8331024,0,86653,0,86052,1,1498136,1,1363389,1118,396,3891,154117,98611,0,0,16
1786393257061,12368896,9923808,10100624,1198336,8331024,0,86653,0,86052,1,1498136,1,1363389,1118,396,3891,154117,98611,0,0,16
1786393257568,12368896,9923808,10100624,1198336,8331024,0,86653,0,86052,1,1498136,1,1363389,1118,396,3891,154117,98611,0,0,16
1786393258078,12368896,9923808,10100624,1198336,8331024,0,86653,0,86052,1,1498136,1,1363389,1118,396,3891,154117,98611,0,0,16
1786393258581,12368896,9923808,10100624,1198336,8331104,0,86653,0,86052,1,1498136,1,1363389,1123,401,3891,154117,98611,0,0,16
1786393259086,12368896,9923808,10100624,1198336,8331104,0,86653,0,86052,1,1498136,1,1363389,1123,401,3891,154117,98611,0,0,16
1786393259590,12368896,9923808,10100624,1198336,8331104,0,86653,0,86052,1,1498136,1,1363389,1123,401,3891,154117,98611,0,0,16
1786393260102,12368896,9923808,10100624,1198336,8331104,0,86653,0,86052,1,1498136,1,1363389,1123,401,3891,154117,98611,0,0,16
1786393260609,12368896,9923808,10100624,1198352,8331104,0,86653,0,86052,1,1498136,1,1363389,1123,401,3891,154117,98611,0,0,16
1786393261113,12368896,9923808,10100624,1198352,8331104,0,86653,0,86052,0,1498136,0,1363389,1123,401,3891,154117,98611,0,0,16
1786393261614,12368896,9923808,10100624,1198352,8331104,0,86653,0,86052,0,1498136,0,1363389,1123,401,3891,154117,98611,0,0,16
1786393262120,12368896,9923808,10100624,1198352,8331104,0,86653,0,86052,0,1498136,0,1363389,1123,401,3891,154117,98611,0,0,16
1786393262622,12368896,9923808,10100624,1198352,8331104,0,86653,0,86052,0,1498136,0,1363389,1123,401,3891,154117,98611,0,0,16
1786393263125,12368896,9923808,10100624,1198352,8331104,0,86653,0,86052,0,1498136,0,1363389,1123,401,3891,154117,98611,0,0,16
1786393263638,12368896,9923808,10100624,1198352,8331104,0,86653,0,86052,0,1498136,0,1363389,1123,401,3891,154117,98611,0,0,16
1786393264148,12368896,9923808,10100624,1198352,8331104,0,86653,0,86052,0,1498136,0,1363389,1123,401,3891,154117,98611,0,0,16
1786393264658,12368896,9923328,10100144,1198352,8331104,0,86653,0,86052,0,1498136,0,1363389,1123,401,3891,154117,98611,0,0,16
1786393265166,12368896,9923328,10100144,1198352,8331104,0,86653,0,86052,0,1498136,0,1363389,1123,401,3891,154117,98611,0,0,16
1786393265677,12368896,9923328,10100144,1198352,8331104,0,86653,0,86052,0,1498136,0,1363389,1123,401,3891,154117,98611,0,0,16
1786393266181,12368896,9923328,10100144,1198352,8331104,0,86653,0,86052,0,1498136,0,1363389,1123,401,3891,154117,98611,0,0,16
1786393266692,12368896,9923328,10100144,1198352,8331104,0,86653,0,86052,0,1498136,0,1363389,1123,401,3891,154117,98611,0,0,16
1786393267194,12368896,9923328,10100144,1198352,8331104,0,86653,0,86052,0,1498136,0,1363389,1123,401,3891,154117,98611,0,0,16
1786393267705,12368896,9923088,10099904,1198352,8331104,0,86653,0,86052,0,1498136,0,1363389,1123,401,3891,154117,98611,0,0,16
1786393268209,12368896,9923088,10099904,1198352,8331104,0,86653,0,86052,0,1498136,0,1363389,1123,401,3891,154117,98611,0,0,16
1786393268711,12368896,9923088,10099904,1198352,8331104,0,86653,0,86052,0,1498136,0,1363389,1123,401,3891,154117,98611,0,0,16
1786393269226,12368896,9923088,10099904,1198352,8331104,0,86653,0,86052,0,1498136,0,1363389,1123,401,3891,154117,98611,0,0,16
1786393269736,12368896,9923088,10099904,1198352,8331104,0,86653,0,86052,0,1498136,0,1363389,1123,401,3891,154117,98611,0,0,16
1786393270243,12368896,9923088,10099904,1198352,8331104,0,86653,0,86052,0,1498136,0,1363389,1123,401,3891,154117,98611,0,0,16
1786393270749,12368896,9923088,10099904,1198352,8331104,0,86653,0,86052,0,1498136,0,1363389,1123,401,3891,154117,98611,0,0,16
1786393271258,12368896,9922848,10099664,1198352,8331104,0,86653,0,86052,0,1498136,0,1363389,1123,401,3891,154117,98611,0,0,16
1786393271764,12368896,9922848,10099664,1198352,8331104,0,86653,0,86052,0,1498136,0,1363389,1123,401,3891,154117,98611,0,0,16
1786393272267,12368896,9922848,10099664,1198352,8331104,0,86653,0,86052,0,1498136,0,1363389,1123,401,3891,154117,98611,0,0,16
1786393272778,12368896,9922848,10099664,1198352,8331104,0,86653,0,86052,0,1498136,0,1363389,1123,401,3891,154117,98611,0,0,16
1786393273280,12368896,9922848,10099664,1198352,8331104,0,86653,0,86052,0,1498136,0,1363389,1123,401,3891,154117,98611,0,0,16
1786393273787,12368896,9922848,10099664,1198352,8331104,0,86653,0,86052,0,1498136,0,1363389,1123,401,3891,154117,98611,0,0,16
1786393274288,12368896,9922848,10099664,1198352,8331104,0,86653,0,86052,0,1498136,0,1363389,1123,401,3891,154117,98611,0,0,16
1786393274795,12368896,9922848,10099664,1198352,8331104,0,86653,0,86052,0,1498136,0,1363389,1123,401,3891,154117,98611,0,0,16
1786393275299,12368896,9922848,10099664,1198352,8331104,0,86653,0,86052,0,1498136,0,1363389,1123,401,3891,154117,98611,0,0,16
1786393275810,12368896,9922848,10099664,1198352,8331104,0,86653,0,86052,0,1498136,0,1363389,1123,401,3891,154117,98611,0,0,16
1786393276314,12368896,9922848,10099664,1198352,8331104,0,86653,0,86052,0,1498136,0,1363389,1123,401,3891,154117,98611,0,0,16
1786393276825,12368896,9922848,10099664,1198352,8331104,0,86653,0,86052,0,1498136,0,1363389,1123,401,3891,154117,98611,0,0,16
1786393277330,12368896,9922848,10099664,1198352,8331104,0,86653,0,86052,0,1498136,0,1363389,1123,401,3891,154117,98611,0,0,16
1786393277842,12368896,9922848,10099664,1198352,8331104,0,86653,0,86052,0,1498136,0,1363389,1123,401,3891,154117,98611,0,0,16
1786393278353,12368896,9922848,10099664,1198352,8331104,0,86653,0,86052,0,1498136,0,1363389,1123,401,3891,154117,98611,0,0,16
1786393278864,12368896,9922608,10099424,1198352,8331104,0,86653,0,86052,0,1498136,0,1363389,1123,401,3891,154117,98611,0,0,16
1786393279375,12368896,9922608,10099424,1198352,8331104,0,86653,0,86052,0,1498136,0,1363389,1123,401,3891,154117,98611,0,0,16
1786393279876,12368896,9922608,10099424,1198352,8331104,0,86653,0,86052,0,1498136,0,1363389,1123,401,3891,154117,98611,0,0,16
1786393280380,12368896,9922368,10099184,1198352,8331104,0,86653,0,86052,0,1498136,0,1363389,1123,401,3891,154117,98611,0,0,16
1786393280886,12368896,9922368,10099184,1198352,8331104,0,86653,0,86052,0,1498136,0,1363389,1123,401,3891,154117,98611,0,0,16
1786393281396,12368896,9922368,10099184,1198352,8331104,0,86653,0,86052,0,1498136,0,1363389,1123,401,3891,154117,98611,0,0,16
1786393281899,12368896,9922368,10099184,1198352,8331104,0,86653,0,86052,0,1498136,0,1363389,1123,401,3891,154117,98611,0,0,16
1786393282410,12368896,9922368,10099184,1198352,8331104,0,86653,0,86052,0,1498136,0,1363389,1123,401,3891,154117,98611,0,0,16
1786393282922,12368896,9922368,10099184,1198352,8331104,0,86653,0,86052,0,1498136,0,1363389,1123,401,3891,154117,98611,0,0,16
1786393283434,12368896,9922368,10099216,1198384,8331120,0,86653,0,86052,0,1507187,0,1372437,1124,402,3891,154117,98611,0,0,16
1786393283946,12368896,9922368,10099200,1198384,8331120,0,86653,0,86052,0,1507187,0,1372437,1124,402,3891,154117,98611,0,0,16
1786393284455,12368896,9922368,10099200,1198384,8331120,0,86653,0,86052,0,1507187,0,1372437,1124,402,3891,154117,98611,0,0,16
1786393284962,12368896,9922368,10099200,1198384,8331120,0,86653,0,86052,0,1507187,0,1372437,1124,402,3891,154117,98611,0,0,16
1786393285465,12368896,9921888,10098720,1198384,8331120,0,86653,0,86052,0,1507187,0,1372437,1124,402,3891,154117,98611,0,0,16
1786393285971,12368896,9921888,10098720,1198384,8331120,0,86653,0,86052,0,1507187,0,1372437,1124,402,3891,154117,98611,0,0,16
1786393286473,12368896,9921888,10098720,1198384,8331120,0,86653,0,86052,0,1507187,0,1372437,1124,402,3891,154117,98611,0,0,16
1786393286984,12368896,9921888,10098720,1198384,8331120,0,86653,0,86052,0,1507187,0,1372437,1124,402,3891,154117,98611,0,0,16
1786393287488,12368896,9921648,10098496,1198384,8331120,0,86653,0,86052,0,1507187,0,1372437,1124,402,3891,154117,98611,0,0,16
1786393288000,12368896,9921648,10098496,1198384,8331120,0,86653,0,86052,0,1507187,0,1372437,1124,402,3891,154117,98611,0,0,16
1786393288508,12368896,9921648,10098496,1198384,8331120,0,86653,0,86052,0,1507187,0,1372437,1124,402,3891,154117,98611,0,0,16
1786393289012,12368896,9921648,10098496,1198384,8331120,0,86653,0,86052,0,1507187,0,1372437,1124,402,3891,154117,98611,0,0,16
1786393289522,12368896,9921408,10098256,1198384,8331120,0,86653,0,86052,0,1507187,0,1372437,1124,402,3891,154117,98611,0,0,16
1786393290034,12368896,9921408,10098256,1198384,8331120,0,86653,0,86052,0,1507187,0,1372437,1124,402,3891,154117,98611,0,0,16
1786393290541,12368896,9921408,10098256,1198384,8331120,0,86653,0,86052,0,1507187,0,1372437,1124,402,3891,154117,98611,0,0,16
1786393291053,12368896,9921408,10098256,1198384,8331120,0,86653,0,86052,0,1507187,0,1372437,1124,402,3891,154117,98611,0,0,16
1786393291561,12368896,9921408,10098256,1198384,8331120,0,86653,0,86052,0,1507187,0,1372437,1124,402,3891,154117,98611,0,0,16
1786393292063,12368896,9921408,10098256,1198384,8331120,0,86653,0,86052,0,1507187,0,1372437,1124,402,3891,154117,98611,0,0,16
1786393292565,12368896,9921408,10098256,1198384,8331120,0,86653,0,86052,0,1507187,0,1372437,1124,402,3891,154117,98611,0,0,16
1786393293071,12368896,9921408,10098256,1198384,8331120,0,86653,0,86052,0,1507187,0,1372437,1124,402,3891,154117,98611,0,0,16
1786393293582,12368896,9921408,10098256,1198384,8331120,0,86653,0,86052,0,1507187,0,1372437,1124,402,3891,154117,98611,0,0,16
1786393294089,12368896,9921408,10098256,1198384,8331120,0,86653,0,86052,0,1507187,0,1372437,1124,402,3891,154117,98611,0,0,16
1786393294594,12368896,9921408,10098256,1198384,8331120,0,86653,0,86052,0,1507187,0,1372437,1124,402,3891,154117,98611,0,0,16
1786393295099,12368896,9921408,10098256,1198384,8331120,0,86653,0,86052,0,1507187,0,1372437,1124,402,3891,154117,98611,0,0,16
1786393295601,12368896,9921408,10098256,1198384,8331120,0,86653,0,86052,0,1507187,0,1372437,1124,402,3891,154117,98611,0,0,16
1786393296113,12368896,9921408,10098256,1198384,8331120,0,86653,0,86052,0,1507187,0,1372437,1124,402,3891,154117,98611,0,0,16
1786393296620,12368896,9921408,10098256,1198384,8331120,0,86653,0,86052,0,1507187,0,1372437,1124,402,3891,154117,98611,0,0,16
1786393297130,12368896,9921408,10098256,1198384,8331120,0,86653,0,86052,0,1507187,0,1372437,1124,402,3891,154117,98611,0,0,16
1786393297642,12368896,9921408,10098256,1198384,8331120,0,86653,0,86052,0,1507187,0,1372437,1124,402,3891,154117,98611,0,0,16
1786393298152,12368896,9921408,10098256,1198384,8331120,0,86653,0,86052,0,1507187,0,1372437,1124,402,3891,154117,98611,0,0,16
1786393298654,12368896,9921408,10098256,1198384,8331120,0,86653,0,86052,0,1507187,0,1372437,1124,402,3891,154117,98611,0,0,16
1786393299164,12368896,9921408,10098256,1198384,8331120,0,86653,0,86052,0,1507187,0,1372437,1124,402,3891,154117,98611,0,0,16
1786393299666,12368896,9921408,10098256,1198384,8331120,0,86653,0,86052,0,1507187,0,1372437,1124,402,3891,154117,98611,0,0,16
1786393300178,12368896,9921408,10098256,1198384,8331120,0,86653,0,86052,0,1507187,0,1372437,1124,402,3891,154117,98611,0,0,16
1786393300681,12368896,9921408,10098256,1198384,8331120,0,86653,0,86052,0,1507187,0,1372437,1124,402,3891,154117,98611,0,0,16
1786393301193,12368896,9921408,10098256,1198384,8331120,0,86653,0,86052,0,1507187,0,1372437,1124,402,3891,154117,98611,0,0,16
1786393301696,12368896,9921408,10098256,1198384,8331120,0,86653,0,86052,0,1507187,0,1372437,1124,402,3891,154117,98611,0,0,16
1786393302204,12368896,9921408,10098256,1198384,8331120,0,86653,0,86052,0,1507187,0,1372437,1124,402,3891,154117,98611,0,0,16
1786393302710,12368896,9921408,10098256,1198384,8331120,0,86653,0,86052,0,1507187,0,1372437,1124,402,3891,154117,98611,0,0,16
1786393303216,12368896,9921408,10098256,1198384,8331120,0,86653,0,86052,0,1507187,0,1372437,1124,402,3891,154117,98611,0,0,16
1786393303726,12368896,9921408,10098256,1198384,8331120,0,86653,0,86052,0,1507187,0,1372437,1124,402,3891,154117,98611,0,0,16
1786393304231,12368896,9921408,10098256,1198384,8331120,0,86653,0,86052,0,1507187,0,1372437,1124,402,3891,154117,98611,0,0,16
1786393304733,12368896,9921408,10098256,1198384,8331120,0,86653,0,86052,0,1507187,0,1372437,1124,402,3891,154117,98611,0,0,16
1786393305242,12368896,9921408,10098256,1198384,8331120,0,86653,0,86052,0,1507187,0,1372437,1124,402,3891,154117,98611,0,0,16
1786393305751,12368896,9921408,10098256,1198384,8331120,0,86653,0,86052,0,1507187,0,1372437,1124,402,3891,154117,98611,0,0,16
1786393306263,12368896,9921408,10098256,1198384,8331120,0,86653,0,86052,0,1507187,0,1372437,1124,402,3891,154117,98611,0,0,16
1786393306765,12368896,9921408,10098256,1198384,8331120,0,86653,0,86052,0,1507187,0,1372437,1124,402,3891,154117,98611,0,0,16
1786393307273,12368896,9921168,10098016,1198384,8331120,0,86653,0,86052,0,1507187,0,1372437,1124,402,3891,154117,98611,0,0,16
1786393307785,12368896,9921168,10098016,1198384,8331120,0,86653,0,86052,0,1507187,0,1372437,1124,402,3891,154117,98611,0,0,16
1786393308287,12368896,9921168,10098016,1198384,8331120,0,86653,0,86052,0,1507187,0,1372437,1124,402,3891,154117,98611,0,0,16
1786393308800,12368896,9921168,10098016,1198384,8331120,0,86653,0,86052,0,1507187,0,1372437,1124,402,3891,154117,98611,0,0,16
1786393309303,12368896,9921168,10098016,1198384,8331120,0,86653,0,86052,0,1507187,0,1372437,1124,402,3891,154117,98611,0,0,16
1786393309815,12368896,9920928,10097776,1198384,8331120,0,86653,0,86052,0,1507187,0,1372437,1124,402,3891,154117,98611,0,0,16
1786393310325,12368896,9920928,10097776,1198384,8331120,0,86653,0,86052,0,1507187,0,1372437,1124,402,3891,154117,98611,0,0,16
1786393310833,12368896,9920928,10097776,1198384,8331120,0,86653,0,86052,0,1507187,0,1372437,1124,402,3891,154117,98611,0,0,16
1786393311344,12368896,9920928,10097776,1198384,8331120,0,86653,0,86052,0,1508711,0,1373944,1124,402,3891,154117,98611,0,0,16
1786393311851,12368896,9920928,10097776,1198384,8331120,0,86653,0,86052,0,1508711,0,1373944,1124,402,3891,154117,98611,0,0,16
1786393312362,12368896,9920928,10097776,1198384,8331120,0,86653,0,86052,0,1508711,0,1373944,1124,402,3891,154117,98611,0,0,16
1786393312873,12368896,9920928,10097776,1198384,8331120,0,86653,0,86052,0,1508711,0,1373944,1124,402,3891,154117,98611,0,0,16
1786393313379,12368896,9920928,10097776,1198384,8331120,0,86653,0,86052,0,1508711,0,1373944,1124,402,3891,154117,98611,0,0,16
1786393313884,12368896,9920928,10097776,1198384,8331120,0,86653,0,86052,0,1508711,0,1373944,1124,402,3891,154117,98611,0,0,16
1786393314394,12368896,9920928,10097776,1198560,8331120,0,86653,0,86052,0,1515003,0,1380237,1124,402,3891,154117,98611,0,0,16
1786393314903,12368896,9920928,10097776,1198560,8331120,0,86653,0,86052,0,1515003,0,1380237,1124,402,3891,154117,98611,0,0,16
1786393315412,12368896,9920928,10097952,1198560,8331120,0,86653,0,86052,0,1515003,0,1380237,1124,402,3891,154117,98611,0,0,16
1786393315915,12368896,9920928,10097952,1198560,8331120,0,86653,0,86052,0,1515003,0,1380237,1124,402,3891,154117,98611,0,0,16
1786393316426,12368896,9920928,10097952,1198560,8331120,0,86653,0,86052,0,1515003,0,1380237,1124,402,3891,154117,98611,0,0,16
1786393316931,12368896,9920928,10097952,1198560,8331120,0,86653,0,86052,0,1515003,0,1380237,1124,402,3891,154117,98611,0,0,16
1786393317442,12368896,9920928,10097952,1198560,8331120,0,86653,0,86052,0,1515003,0,1380237,1124,402,3891,154117,98611,0,0,16
1786393317953,12368896,9920928,10097952,1198560,8331120,0,86653,0,86052,0,1515003,0,1380237,1124,402,3891,154117,98611,0,0,16
1786393318457,12368896,9920928,10097952,1198560,8331120,0,86653,0,86052,0,1515003,0,1380237,1124,402,3891,154117,98611,0,0,16
1786393318959,12368896,9920928,10097952,1198560,8331120,0,86653,0,86052,0,1515003,0,1380237,1124,402,3891,154117,98611,0,0,16
1786393319470,12368896,9920928,10097952,1198560,8331120,0,86653,0,86052,0,1515003,0,1380237,1124,402,3891,154117,98611,0,0,16
1786393319977,12368896,9920928,10097952,1198560,8331120,0,86653,0,86052,0,1515003,0,1380237,1124,402,3891,154117,98611,0,0,16
1786393320483,12368896,9920928,10097952,1198560,8331120,0,86653,0,86052,0,1515003,0,1380237,1124,402,3891,154117,98611,0,0,16
1786393320995,12368896,9920928,10097952,1198560,8331120,0,86653,0,86052,0,1515003,0,1380237,1124,402,3891,154117,98611,0,0,16
1786393321498,12368896,9920928,10097952,1198560,8331120,0,86653,0,86052,0,1515003,0,1380237,1124,402,3891,154117,98611,0,0,16
1786393322009,12368896,9920928,10097952,1198560,8331120,0,86653,0,86052,0,1515003,0,1380237,1124,402,3891,154117,98611,0,0,16
1786393322515,12368896,9920928,10097952,1198560,8331120,0,86653,0,86052,0,1515003,0,1380237,1124,402,3891,154117,98611,0,0,16
1786393323022,12368896,9920928,10097952,1198560,8331120,0,86653,0,86052,0,1515003,0,1380237,1124,402,3891,154117,98611,0,0,16
1786393323531,12368896,9920928,10097952,1198560,8331120,0,86653,0,86052,0,1515003,0,1380237,1124,402,3891,154117,98611,0,0,16
1786393324040,12368896,9920928,10097952,1198560,8331120,0,86653,0,86052,0,1515003,0,1380237,1124,402,3891,154117,98611,0,0,16
1786393324551,12368896,9920928,10097952,1198560,8331120,0,86653,0,86052,0,1515003,0,1380237,1124,402,3891,154117,98611,0,0,16
1786393325063,12368896,9920928,10097952,1198560,8331120,0,86653,0,86052,0,1515003,0,1380237,1124,402,3891,154117,98611,0,0,16
1786393325566,12368896,9920928,10097952,1198560,8331120,0,86653,0,86052,0,1515003,0,1380237,1124,402,3891,154117,98611,0,0,16
1786393326078,12368896,9920928,10097952,1198560,8331120,0,86653,0,86052,0,1515003,0,1380237,1124,402,3891,154117,98611,0,0,16
1786393326590,12368896,9920928,10097952,1198576,8331120,0,86653,0,86052,0,1515003,0,1380237,1124,402,3891,154117,98611,0,0,16
1786393327097,12368896,9920928,10097952,1198576,8331120,0,86653,0,86052,0,1515003,0,1380237,1124,402,3891,154117,98611,0,0,16
1786393327609,12368896,9920928,10097952,1198576,8331120,0,86653,0,86052,0,1515003,0,1380237,1124,402,3891,154117,98611,0,0,16
1786393328113,12368896,9920928,10097952,1198576,8331120,0,86653,0,86052,0,1515003,0,1380237,1124,402,3891,154117,98611,0,0,16
1786393328618,12368896,9920928,10097952,1198576,8331120,0,86653,0,86052,0,1515003,0,1380237,1124,402,3891,154117,98611,0,0,16
1786393329127,12368896,9920928,10097952,1198576,8331120,0,86653,0,86052,0,1515003,0,1380237,1124,402,3891,154117,98611,0,0,16
1786393329629,12368896,9920928,10097952,1198576,8331120,0,86653,0,86052,0,1515003,0,1380237,1124,402,3891,154117,98611,0,0,16
1786393330131,12368896,9920928,10097952,1198576,8331120,0,86653,0,86052,0,1515003,0,1380237,1124,402,3891,154117,98611,0,0,16
1786393330643,12368896,9920928,10097952,1198576,8331120,0,86653,0,86052,0,1515003,0,1380237,1124,402,3891,154117,98611,0,0,16
1786393331155,12368896,9920928,10097952,1198576,8331120,0,86653,0,86052,0,1515003,0,1380237,1124,402,3891,154117,98611,0,0,16
1786393331673,12368896,9920928,10097952,1198576,8331120,0,86653,0,86052,0,1515003,0,1380237,1124,402,3891,154117,98611,0,0,16
1786393332181,12368896,9920928,10097952,1198576,8331120,0,86653,0,86052,0,1515003,0,1380237,1124,402,3891,154117,98611,0,0,16
1786393332685,12368896,9920928,10097952,1198576,8331120,0,86653,0,86052,0,1515003,0,1380237,1124,402,3891,154117,98611,0,0,16
1786393333197,12368896,9920928,10097952,1198576,8331120,0,86653,0,86052,0,1515003,0,1380237,1124,402,3891,154117,98611,0,0,16
1786393333706,12368896,9920928,10097952,1198576,8331120,0,86653,0,86052,0,1515003,0,1380237,1124,402,3891,154117,98611,0,0,16
1786393334234,12106752,9713808,9891856,1198576,8331120,0,86653,0,86052,0,1515003,0,1380237,1124,402,3891,154117,98611,0,0,16
1786393334739,12106752,9713808,9891856,1198576,8331120,0,86653,0,86052,0,1515003,0,1380237,1124,402,3891,154117,98611,0,0,16
1786393335245,12106752,9713808,9891856,1198576,8331120,0,86653,0,86052,0,1515003,0,1380237,1124,402,3891,154117,98611,0,0,16
1786393335750,12106752,9713808,9891856,1198576,8331120,0,86653,0,86052,0,1515003,0,1380237,1124,402,3891,154117,98611,0,0,16
1786393336252,11844608,9452688,9631760,1198576,8331120,0,86653,0,86052,0,1515003,0,1380237,1124,402,3891,154117,98611,0,0,16
1786393336752,11844608,9452688,9631760,1198576,8331120,0,86653,0,86052,0,1515003,0,1380237,1124,402,3891,154117,98611,0,0,16
1786393337254,11844608,9452688,9631760,1198576,8331120,0,86653,0,86052,0,1515003,0,1380237,1124,402,3891,154117,98611,0,0,16
1786393337761,11844608,9452688,9631760,1198576,8331120,0,86653,0,86052,0,1515003,0,1380237,1124,402,3891,154117,98611,0,0,16
1786393338273,11582464,9191808,9371904,1198576,8331120,0,86653,0,86052,0,1515003,0,1380237,1124,402,3891,154117,98611,0,0,16
1786393338784,11582464,9191808,9371904,1198576,8331120,0,86653,0,86052,0,1515003,0,1380237,1124,402,3891,154117,98611,0,0,16
1786393339287,11582464,9191808,9371904,1198576,8331120,0,86653,0,86052,0,1515003,0,1380237,1124,402,3891,154117,98611,0,0,16
1786393339800,11582464,9191808,9371904,1198576,8331120,0,86653,0,86052,0,1515003,0,1380237,1124,402,3891,154117,98611,0,0,16
1786393340307,11320320,8930928,9112048,1198576,8331120,0,86653,0,86052,0,1515003,0,1380237,1124,402,3891,154117,98611,0,0,16
1786393340810,11320320,8930928,9112048,1198576,8331120,0,86653,0,86052,0,1515003,0,1380237,1124,402,3891,154117,98611,0,0,16
1786393341314,11320320,8930928,9112048,1198576,8331120,0,86653,0,86052,0,1515003,0,1380237,1124,402,3891,154117,98611,0,0,16
1786393341825,11320320,8930928,9112048,1198576,8331120,0,86653,0,86052,0,1515003,0,1380237,1124,402,3891,154117,98611,0,0,16
1786393342336,11058176,8670048,8852192,1198576,8331120,0,86653,0,86052,0,1515003,0,1380237,1124,402,3891,154117,98611,0,0,16
1786393342841,11058176,8670048,8852192,1198576,8331120,0,86653,0,86052,0,1515003,0,1380237,1124,402,3891,154117,98611,0,0,16
1786393343348,11058176,8670048,8852192,1198576,8331120,0,86653,0,86052,0,1515003,0,1380237,1124,402,3891,154117,98611,0,0,16
1786393343858,11058176,8670048,8852192,1198576,8331120,0,86653,0,86052,0,1515003,0,1380237,1124,402,3891,154117,98611,0,0,16
1786393344369,10796032,8409168,8592336,1198576,8331120,0,86653,0,86052,0,1515003,0,1380237,1124,402,3891,154117,98611,0,0,16
1786393344881,10796032,8409168,8592336,1198576,8331120,0,86653,0,86052,0,1515003,0,1380237,1124,402,3891,154117,98611,0,0,16
1786393345392,10796032,8409168,8592336,1198576,8331120,0,86653,0,86052,0,1515003,0,1380237,1124,402,3891,154117,98611,0,0,16
1786393345898,10796032,8409168,8592336,1198576,8331120,0,86653,0,86052,0,1515003,0,1380237,1124,402,3891,154117,98611,0,0,16
1786393346409,10533888,8148288,8332480,1198576,8331120,0,86653,0,86052,0,1515003,0,1380237,1124,402,3891,154117,98611,0,0,16
1786393346920,10533888,8148288,8332480,1198576,8331120,0,86653,0,86052,0,1515003,0,1380237,1124,402,3891,154117,98611,0,0,16
1786393347423,10533888,8148288,8332480,1198576,8331120,0,86653,0,86052,0,1515003,0,1380237,1124,402,3891,154117,98611,0,0,16
1786393347930,10533888,8148288,8332480,1198576,8331120,0,86653,0,86052,0,1515003,0,1380237,1124,402,3891,154117,98611,0,0,16
1786393348442,10271744,7879728,8064944,1198576,8331120,0,86653,0,86052,0,1515003,0,1380237,1124,402,3891,154117,98611,0,0,16
1786393348947,10271744,7879728,8064944,1198576,8331120,0,86653,0,86052,0,1515003,0,1380237,1124,402,3891,154117,98611,0,0,16
1786393349459,10271744,7879728,8064944,1198576,8331120,0,86653,0,86052,0,1515003,0,1380237,1124,402,3891,154117,98611,0,0,16
1786393349962,10271744,7879728,8064944,1198576,8331120,0,86653,0,86052,0,1515003,0,1380237,1124,402,3891,154117,98611,0,0,16
1786393350467,10009600,7619568,7805808,1198576,8331120,0,86653,0,86052,0,1515003,0,1380237,1124,402,3891,154117,98611,0,0,16
1786393350978,10009600,7619568,7805808,1198576,8331120,0,86653,0,86052,0,1515003,0,1380237,1124,402,3891,154117,98611,0,0,16
1786393351482,10009600,7619568,7805808,1198576,8331120,0,86653,0,86052,0,1515003,0,1380237,1124,402,3891,154117,98611,0,0,16
1786393351992,10009600,7619568,7805808,1198576,8331120,0,86653,0,86052,0,1515003,0,1380237,1124,402,3891,154117,98611,0,0,16
1786393352502,9747456,7358688,7545952,1198576,8331120,0,86653,0,86052,0,1515003,0,1380237,1124,402,3891,154117,98611,0,0,16
1786393353016,9747456,7358688,7545952,1198576,8331120,0,86653,0,86052,0,1515003,0,1380237,1124,402,3891,154117,98611,0,0,16
1786393353519,9747456,7358688,7545952,1198576,8331120,0,86653,0,86052,0,1515003,0,1380237,1124,402,3891,154117,98611,0,0,16
1786393354021,9747456,7358688,7545952,1198576,8331120,0,86653,0,86052,0,1515003,0,1380237,1124,402,3891,154117,98611,0,0,16
1786393354522,9485312,7097808,7286096,1198576,8331120,0,86653,0,86052,0,1515003,0,1380237,1124,402,3891,154117,98611,0,0,16
1786393355031,9485312,7097808,7286096,1198576,8331120,0,86653,0,86052,0,1515003,0,1380237,1124,402,3891,154117,98611,0,0,16
1786393355541,9485312,7097808,7286096,1198576,8331120,0,86653,0,86052,0,1515003,0,1380237,1124,402,3891,154117,98611,0,0,16
1786393356048,9485312,7097808,7286096,1198576,8331120,0,86653,0,86052,0,1515003,0,1380237,1124,402,3891,154117,98611,0,0,16
1786393356559,9223168,6836928,7026240,1198576,8331120,0,86653,0,86052,0,1515003,0,1380237,1124,402,3891,154117,98611,0,0,16
1786393357069,9223168,6836928,7026240,1198576,8331120,0,86653,0,86052,0,1515003,0,1380237,1124,402,3891,154117,98611,0,0,16
1786393357577,9223168,6836928,7026240,1198576,8331120,0,86653,0,86052,0,1515003,0,1380237,1124,402,3891,154117,98611,0,0,16
1786393358080,9223168,6836928,7026240,1198576,8331120,0,86653,0,86052,0,1515003,0,1380237,1124,402,3891,154117,98611,0,0,16
1786393358586,8961024,6576048,6766384,1198576,8331120,0,86653,0,86052,0,1515003,0,1380237,1124,402,3891,154117,98611,0,0,16
1786393359094,8961024,6576048,6766384,1198576,8331120,0,86653,0,86052,0,1515003,0,1380237,1124,402,3891,154117,98611,0,0,16
1786393359606,8961024,6576048,6766384,1198576,8331120,0,86653,0,86052,0,1515003,0,1380237,1124,402,3891,154117,98611,0,0,16
1786393360109,8961024,6576048,6766384,1198576,8331120,0,86653,0,86052,0,1515003,0,1380237,1124,402,3891,154117,98611,0,0,16
1786393360616,8698880,6307488,6498848,1198576,8331120,0,86653,0,86052,0,1515003,0,1380237,1124,402,3891,154117,98611,0,0,16
1786393361118,8698880,6307488,6498848,1198576,8331120,0,86653,0,86052,0,1515003,0,1380237,1124,402,3891,154117,98611,0,0,16
1786393361628,8698880,6307488,6498848,1198576,8331120,0,86653,0,86052,0,1515003,0,1380237,1124,402,3891,154117,98611,0,0,16
1786393362130,8698880,6307488,6498848,1198576,8331120,0,86653,0,86052,0,1515003,0,1380237,1124,402,3891,154117,98611,0,0,16
1786393362632,8436736,6046368,6238752,1198576,8331120,0,86653,0,86052,0,1515003,0,1380237,1124,402,3891,154117,98611,0,0,16
1786393363143,8436736,6046368,6238752,1198576,8331120,0,86653,0,86052,0,1515003,0,1380237,1124,402,3891,154117,98611,0,0,16
1786393363655,8436736,6046368,6238752,1198576,8331120,0,86653,0,86052,0,1515003,0,1380237,1124,402,3891,154117,98611,0,0,16
1786393364167,8436736,6046368,6238752,1198576,8331120,0,86653,0,86052,0,1515003,0,1380237,1124,402,3891,154117,98611,0,0,16
1786393364679,8174592,5785488,5978896,1198576,8331120,0,86653,0,86052,0,1515003,0,1380237,1124,402,3891,154117,98611,0,0,16
1786393365188,8174592,5785488,5978896,1198576,8331120,0,86653,0,86052,0,1515003,0,1380237,1124,402,3891,154117,98611,0,0,16
1786393365698,8174592,5785488,5978896,1198576,8331120,0,86653,0,86052,0,1515003,0,1380237,1124,402,3891,154117,98611,0,0,16
1786393366210,8174592,5785488,5978896,1198576,8331120,0,86653,0,86052,0,1515003,0,1380237,1124,402,3891,154117,98611,0,0,16
1786393366722,7912448,5524608,5719040,1198576,8331120,0,86653,0,86052,0,1515003,0,1380237,1124,402,3891,154117,98611,0,0,16
1786393367234,7912448,5524608,5719040,1198576,8331120,0,86653,0,86052,0,1515003,0,1380237,1124,402,3891,154117,98611,0,0,16
1786393367736,7912448,5524608,5719040,1198576,8331120,0,86653,0,86052,0,1515003,0,1380237,1124,402,3891,154117,98611,0,0,16
1786393368245,7912448,5524608,5719040,1198576,8331120,0,86653,0,86052,0,1515003,0,1380237,1124,402,3891,154117,98611,0,0,16
1786393368756,7650304,5264512,5459968,1198576,8331120,0,86653,0,86052,0,1515003,0,1380237,1124,402,3891,154117,98611,0,0,16
1786393369265,7650304,5264512,5459968,1198576,8331120,0,86653,0,86052,0,1515003,0,1380237,1124,402,3891,154117,98611,0,0,16
1786393369771,7650304,5264512,5459968,1198576,8331120,0,86653,0,86052,0,1515003,0,1380237,1124,402,3891,154117,98611,0,0,16
1786393370283,7650304,5264512,5459968,1198576,8331120,0,86653,0,86052,0,1515003,0,1380237,1124,402,3891,154117,98611,0,0,16
1786393370790,7388160,5003632,5200112,1198576,8331120,0,86653,0,86052,0,1515003,0,1380237,1124,402,3891,154117,98611,0,0,16
1786393371296,7388160,5003632,5200112,1198576,8331120,0,86653,0,86052,0,1515003,0,1380237,1124,402,3891,154117,98611,0,0,16
1786393371799,7388160,5003632,5200112,1198576,8331120,0,86653,0,86052,0,1515003,0,1380237,1124,402,3891,154117,98611,0,0,16
1786393372309,7388160,5003632,5200112,1198576,8331120,0,86653,0,86052,0,1515003,0,1380237,1124,402,3891,154117,98611,0,0,16
1786393372813,7126016,4742512,4940016,1198576,8331120,0,86653,0,86052,0,1515003,0,1380237,1124,402,3891,154117,98611,0,0,16
1786393373323,7126016,4742512,4940016,1198576,8331120,0,86653,0,86052,0,1515003,0,1380237,1124,402,3891,154117,98611,0,0,16
1786393373835,7126016,4742512,4940016,1198576,8331120,0,86653,0,86052,0,1515003,0,1380237,1124,402,3891,154117,98611,0,0,16
1786393374340,7126016,4742512,4940016,1198576,8331120,0,86653,0,86052,0,1515003,0,1380237,1124,402,3891,154117,98611,0,0,16
1786393374852,6863872,4473712,4672240,1198576,8331120,0,86653,0,86052,0,1515003,0,1380237,1124,402,3891,154117,98611,0,0,16
1786393375361,6863872,4473712,4672240,1198576,8331120,0,86653,0,86052,0,1515003,0,1380237,1124,402,3891,154117,98611,0,0,16
1786393375867,6863872,4473712,4672240,1198576,8331120,0,86653,0,86052,0,1515003,0,1380237,1124,402,3891,154117,98611,0,0,16
1786393376368,6860800,4473712,4672240,1198576,8331120,0,86653,0,86052,0,1515003,0,1380237,1124,402,3891,154117,98611,0,0,16
1786393376872,6601728,4212592,4412144,1198576,8331120,0,86653,0,86052,0,1515003,0,1380237,1124,402,3891,154117,98611,0,0,16
1786393377376,6601728,4212592,4412144,1198576,8331120,0,86653,0,86052,0,1515003,0,1380237,1124,402,3891,154117,98611,0,0,16
1786393377881,6601728,4212592,4412144,1198576,8331120,0,86653,0,86052,0,1515003,0,1380237,1124,402,3891,154117,98611,0,0,16
1786393378384,6601728,4212592,4412144,1198576,8331120,0,86653,0,86052,0,1515003,0,1380237,1124,402,3891,154117,98611,0,0,16
1786393378891,6339584,3952432,4153008,1198576,8331120,0,86653,0,86052,0,1515003,0,1380237,1124,402,3891,154117,98611,0,0,16
1786393379402,6339584,3952432,4153008,1198576,8331120,0,86653,0,86052,0,1515003,0,1380237,1124,402,3891,154117,98611,0,0,16
1786393379913,6339584,3952432,4153008,1198576,8331120,0,86653,0,86052,0,1515003,0,1380237,1124,402,3891,154117,98611,0,0,16
1786393380424,6308864,3922576,4123264,1198576,8331120,0,86653,0,86052,0,1515003,0,1380237,1124,402,3891,154117,98611,0,0,16
1786393380935,6077440,3691552,3893152,1198576,8331120,0,86653,0,86052,0,1515003,0,1380237,1124,402,3891,154117,98611,0,0,16
1786393381444,6077440,3691552,3893152,1198576,8331120,0,86653,0,86052,0,1515003,0,1380237,1124,402,3891,154117,98611,0,0,16
1786393381946,6077440,3691552,3893152,1198576,8331120,0,86653,0,86052,0,1515003,0,1380237,1124,402,3891,154117,98611,0,0,16
1786393382448,6063104,3676192,3877840,1198576,8331120,0,86653,0,86052,0,1515003,0,1380237,1124,402,3891,154117,98611,0,0,16
1786393382952,5815296,3430432,3633056,1198576,8331120,0,86653,0,86052,0,1515003,0,1380237,1124,402,3891,154117,98611,0,0,16
1786393383464,5815296,3430432,3633056,1198576,8331120,0,86653,0,86052,0,1515003,0,1380237,1124,402,3891,154117,98611,0,0,16
1786393383975,5815296,3430432,3633056,1198576,8331120,0,86653,0,86052,0,1515003,0,1380237,1124,402,3891,154117,98611,0,0,16
1786393384478,5787648,3399952,3602672,1198576,8331120,0,86653,0,86052,0,1515003,0,1380237,1124,402,3891,154117,98611,0,0,16
1786393384979,5553152,3176880,3379680,1198576,8331120,0,86653,0,86052,0,1515003,0,1380237,1124,402,3891,154117,98611,0,0,16
1786393385481,5553152,3176880,3379680,1198576,8331120,0,86653,0,86052,0,1515003,0,1380237,1124,402,3891,154117,98611,0,0,16
1786393385984,5553152,3176880,3379680,1198576,8331120,0,86653,0,86052,0,1515003,0,1380237,1124,402,3891,154117,98611,0,0,16
1786393386487,5529600,3153472,3356272,1198576,8331120,0,86653,0,86052,0,1515003,0,1380237,1124,402,3891,154117,98611,0,0,16
1786393386990,5291008,2915392,3118192,1198576,8331120,0,86653,0,86052,0,1515003,0,1380237,1124,402,3891,154117,98611,0,0,16
1786393387499,5291008,2915392,3118192,1198576,8331120,0,86653,0,86052,0,1515003,0,1380237,1124,402,3891,154117,98611,0,0,16
1786393388001,5291008,2915392,3118192,1198576,8331120,0,86653,0,86052,0,1515003,0,1380237,1124,402,3891,154117,98611,0,0,16
1786393388502,5275648,2900272,3103072,1198576,8331120,0,86653,0,86052,0,1515003,0,1380237,1124,402,3891,154117,98611,0,0,16
1786393389013,5028864,2654512,2857312,1198576,8331120,0,86653,0,86052,0,1515003,0,1380237,1124,402,3891,154117,98611,0,0,16
1786393389523,5028864,2654512,2857312,1198576,8331120,0,86653,0,86052,0,1515003,0,1380237,1124,402,3891,154117,98611,0,0,16
1786393390026,5028864,2654512,2857312,1198576,8331120,0,86653,0,86052,0,1515003,0,1380237,1124,402,3891,154117,98611,0,0,16
1786393390528,5000192,2624608,2827408,1198576,8331120,0,86653,0,86052,0,1515003,0,1380237,1124,402,3891,154117,98611,0,0,16
1786393391032,4766720,2393632,2596432,1198576,8331120,0,86653,0,86052,0,1515003,0,1380237,1124,402,3891,154117,98611,0,0,16
1786393391539,4766720,2385952,2588752,1198576,8331120,0,86653,0,86052,0,1515003,0,1380237,1124,402,3891,154117,98611,0,0,16
1786393392041,4766720,2385952,2588752,1198576,8331120,0,86653,0,86052,0,1515003,0,1380237,1124,402,3891,154117,98611,0,0,16
1786393392544,4699136,2324752,2527552,1198576,8331120,0,86653,0,86052,0,1515003,0,1380237,1124,402,3891,154117,98611,0,0,16
1786393393054,4504576,2125072,2327872,1198592,8331120,0,86653,0,86052,0,1515003,0,1380237,1124,402,3891,154117,98611,0,0,16
1786393393556,4504576,2125072,2327872,1198592,8331120,0,86653,0,86052,0,1515003,0,1380237,1124,402,3891,154117,98611,0,0,16
1786393394062,4504576,2125072,2327872,1198592,8331120,0,86653,0,86052,0,1515003,0,1380237,1124,402,3891,154117,98611,0,0,16
1786393394564,4473856,2095168,2297968,1198592,8331120,0,86653,0,86052,0,1515003,0,1380237,1124,402,3891,154117,98611,0,0,16
1786393395075,4242432,1864192,2066992,1198592,8331120,0,86653,0,86052,0,1515003,0,1380237,1124,402,3891,154117,98611,0,0,16
1786393395581,4242432,1864192,2066992,1198592,8331120,0,86653,0,86052,0,1515003,0,1380237,1124,402,3891,154117,98611,0,0,16
1786393396087,4242432,1864192,2066992,1198592,8331120,0,86653,0,86052,0,1515003,0,1380237,1124,402,3891,154117,98611,0,0,16
1786393396588,4200448,1826032,2028832,1198592,8331120,0,86653,0,86052,0,1515003,0,1380237,1124,402,3891,154117,98611,0,0,16
1786393397099,3980288,1603312,1806112,1198592,8331120,0,86653,0,86052,0,1515003,0,1380237,1124,402,3891,154117,98611,0,0,16
1786393397612,3980288,1603312,1806112,1198592,8331120,0,86653,0,86052,0,1515003,0,1380237,1124,402,3891,154117,98611,0,0,16
1786393398122,3980288,1603312,1806112,1198592,8331120,0,86653,0,86052,0,1515003,0,1380237,1124,402,3891,154117,98611,0,0,16
1786393398624,3921920,1542112,1744912,1198592,8331120,0,86653,0,86052,0,1515003,0,1380237,1124,402,3891,154117,98611,0,0,16
1786393399135,3718144,1342432,1545232,1198592,8331120,0,86653,0,86052,0,1515003,0,1380237,1124,402,3891,154117,98611,0,0,16
1786393399645,3718144,1342432,1545232,1198592,8331120,0,86653,0,86052,0,1515003,0,1380237,1124,402,3891,154117,98611,0,0,16
1786393400157,3718144,1342432,1545232,1198592,8331120,0,86653,0,86052,0,1515003,0,1380237,1124,402,3891,154117,98611,0,0,16
1786393400659,3647488,1266448,1469248,1198592,8331120,0,86653,0,86052,0,1515003,0,1380237,1124,402,3891,154117,98611,0,0,16
1786393401161,3456000,1081552,1284352,1198592,8331120,0,86653,0,86052,0,1515003,0,1380237,1124,402,3891,154117,98611,0,0,16
1786393401672,3456000,1081552,1284352,1198592,8331120,0,86653,0,86052,0,1515003,0,1380237,1124,402,3891,154117,98611,0,0,16
1786393402181,3456000,1081552,1284352,1198592,8331120,0,86653,0,86052,0,1515003,0,1380237,1124,402,3891,154117,98611,0,0,16
1786393402686,3355648,974848,1177648,1198592,8331120,0,86653,0,86052,0,1515003,0,1380237,1124,402,3891,154117,98611,0,0,16
1786393403189,3193856,812992,1015792,1198592,8331120,0,86653,0,86052,0,1515003,0,1380237,1124,402,3891,154117,98611,0,0,16
1786393403702,3193856,812992,1015792,1198592,8331120,0,86653,0,86052,0,1515003,0,1380237,1124,402,3891,154117,98611,0,0,16
1786393404209,3193856,812992,1015792,1198592,8331120,0,86653,0,86052,0,1515003,0,1380237,1124,402,3891,154117,98611,0,0,16
1786393404712,2979840,598768,801568,1198592,8331120,0,86653,0,86052,0,1515003,0,1380237,1124,402,3891,154117,98611,0,0,16
1786393405222,2931712,552112,754912,1198592,8331120,0,86653,0,86052,0,1515003,0,1380237,1124,402,3891,154117,98611,0,0,16
1786393405734,2931712,552112,754912,1198592,8331120,0,86653,0,86052,0,1515003,0,1380237,1124,402,3891,154117,98611,0,0,16
1786393406237,2931712,552112,754912,1198592,8331120,0,86653,0,86052,0,1515003,0,1380237,1124,402,3891,154117,98611,0,0,16
1786393406742,2931712,552112,754912,1198592,8331120,0,86653,0,86052,0,1515003,0,1380237,1124,402,3891,154117,98611,0,0,16
1786393407253,2931712,552112,754912,1198592,8331120,0,86653,0,86052,0,1515003,0,1380237,1124,402,3891,154117,98611,0,0,16
1786393407758,2931712,552112,754912,1198592,8331120,0,86653,0,86052,0,1515003,0,1380237,1124,402,3891,154117,98611,0,0,16
1786393408264,2931712,551632,754432,1198592,8331120,0,86653,0,86052,0,1515003,0,1380237,1124,402,3891,154117,98611,0,0,16
1786393408777,2931712,551632,754432,1198592,8331120,0,86653,0,86052,0,1515003,0,1380237,1124,402,3891,154117,98611,0,0,16
1786393409284,2931712,551632,754432,1198592,8331120,0,86653,0,86052,0,1515003,0,1380237,1124,402,3891,154117,98611,0,0,16
1786393409793,2931712,551632,754432,1198592,8331120,0,86653,0,86052,0,1515003,0,1380237,1124,402,3891,154117,98611,0,0,16
1786393410297,2931712,551392,754192,1198592,8331120,0,86653,0,86052,0,1515003,0,1380237,1124,402,3891,154117,98611,0,0,16
1786393410809,2931712,551392,754192,1198592,8331120,0,86653,0,86052,0,1515003,0,1380237,1124,402,3891,154117,98611,0,0,16
1786393411321,2931712,551152,753952,1198592,8331120,0,86653,0,86052,0,1515003,0,1380237,1124,402,3891,154117,98611,0,0,16
1786393411827,2931712,551152,753952,1198592,8331120,0,86653,0,86052,0,1515003,0,1380237,1124,402,3891,154117,98611,0,0,16
1786393412330,2931712,551152,753952,1198592,8331120,0,86653,0,86052,0,1515003,0,1380237,1124,402,3891,154117,98611,0,0,16
1786393412841,2931712,551152,753952,1198592,8331120,0,86653,0,86052,0,1515003,0,1380237,1124,402,3891,154117,98611,0,0,16
1786393413344,2931712,551152,753952,1198592,8331120,0,86653,0,86052,0,1515003,0,1380237,1124,402,3891,154117,98611,0,0,16
1786393413853,2931712,551152,753952,1198592,8331120,0,86653,0,86052,0,1515003,0,1380237,1124,402,3891,154117,98611,0,0,16
1786393414362,2931712,551152,753952,1198592,8331120,0,86653,0,86052,0,1515003,0,1380237,1124,402,3891,154117,98611,0,0,16
1786393414867,2931712,551152,753952,1198592,8331120,0,86653,0,86052,0,1515003,0,1380237,1124,402,3891,154117,98611,0,0,16
1786393415379,2931712,551152,753952,1198592,8331120,0,86653,0,86052,0,1515003,0,1380237,1124,402,3891,154117,98611,0,0,16
1786393415891,2931712,551152,753952,1198592,8331120,0,86653,0,86052,0,1515003,0,1380237,1124,402,3891,154117,98611,0,0,16
1786393416399,2931712,551152,753952,1198592,8331120,0,86653,0,86052,0,1515003,0,1380237,1124,402,3891,154117,98611,0,0,16
1786393416910,2931712,551152,753952,1198592,8331120,0,86653,0,86052,0,1515003,0,1380237,1124,402,3891,154117,98611,0,0,16
1786393417422,2931712,551152,753952,1198592,8331120,0,86653,0,86052,0,1515003,0,1380237,1124,402,3891,154117,98611,0,0,16
1786393417934,2931712,551152,753952,1198592,8331120,0,86653,0,86052,0,1515003,0,1380237,1124,402,3891,154117,98611,0,0,16
1786393418435,2931712,551152,753952,1198592,8331120,0,86653,0,86052,0,1515003,0,1380237,1124,402,3891,154117,98611,0,0,16
1786393418937,2931712,551152,753952,1198592,8331120,0,86653,0,86052,0,1515003,0,1380237,1124,402,3891,154117,98611,0,0,16
1786393419446,2931712,551152,753952,1198592,8331120,0,86653,0,86052,0,1515003,0,1380237,1124,402,3891,154117,98611,0,0,16
1786393419948,2931712,551152,753952,1198592,8331120,0,86653,0,86052,0,1515003,0,1380237,1124,402,3891,154117,98611,0,0,16
1786393420455,2931712,551152,753952,1198592,8331120,0,86653,0,86052,0,1515003,0,1380237,1124,402,3891,154117,98611,0,0,16
1786393420958,2931712,551152,753952,1198592,8331120,0,86653,0,86052,0,1515003,0,1380237,1124,402,3891,154117,98611,0,0,16
1786393421460,2931712,551152,753952,1198592,8331120,0,86653,0,86052,0,1515003,0,1380237,1124,402,3891,154117,98611,0,0,16
1786393421964,2931712,551152,753952,1198592,8331120,0,86653,0,86052,0,1515003,0,1380237,1124,402,3891,154117,98611,0,0,16
1786393422474,2931712,551152,753952,1198592,8331120,0,86653,0,86052,0,1515003,0,1380237,1124,402,3891,154117,98611,0,0,16
1786393422984,2931712,551152,753952,1198592,8331120,0,86653,0,86052,0,1515003,0,1380237,1124,402,3891,154117,98611,0,0,16
1786393423492,2931712,551152,753952,1198592,8331120,0,86653,0,86052,0,1515003,0,1380237,1124,402,3891,154117,98611,0,0,16
1786393424004,2931712,551152,753952,1198592,8331120,0,86653,0,86052,0,1515003,0,1380237,1124,402,3891,154117,98611,0,0,16
1786393424510,2931712,551152,753952,1198592,8331120,0,86653,0,86052,0,1515003,0,1380237,1124,402,3891,154117,98611,0,0,16
1786393425011,2931712,551152,753952,1198592,8331120,0,86653,0,86052,0,1515003,0,1380237,1124,402,3891,154117,98611,0,0,16
1786393425513,2931712,551152,753952,1198592,8331120,0,86653,0,86052,0,1515003,0,1380237,1124,402,3891,154117,98611,0,0,16
1786393426023,2931712,551152,753952,1198592,8331120,0,86653,0,86052,0,1515003,0,1380237,1124,402,3891,154117,98611,0,0,16
1786393426525,2931712,551152,753952,1198592,8331120,0,86653,0,86052,0,1515003,0,1380237,1124,402,3891,154117,98611,0,0,16
1786393427027,2931712,551152,753952,1198592,8331120,0,86653,0,86052,0,1515003,0,1380237,1124,402,3891,154117,98611,0,0,16
1786393427539,2931712,551152,753952,1198592,8331120,0,86653,0,86052,0,1515003,0,1380237,1124,402,3891,154117,98611,0,0,16
1786393428050,2931712,551152,753952,1198592,8331120,0,86653,0,86052,0,1515003,0,1380237,1124,402,3891,154117,98611,0,0,16
1786393428559,2931712,551152,753952,1198592,8331120,0,86653,0,86052,0,1515003,0,1380237,1124,402,3891,154117,98611,0,0,16
1786393429070,2931712,551152,753952,1198592,8331120,0,86653,0,86052,0,1515003,0,1380237,1124,402,3891,154117,98611,0,0,16
1786393429579,2931712,551152,753952,1198592,8331120,0,86653,0,86052,0,1515003,0,1380237,1124,402,3891,154117,98611,0,0,16
1786393430091,2931712,550912,753712,1198592,8331120,0,86653,0,86052,0,1515003,0,1380237,1124,402,3891,154117,98611,0,0,16
1786393430593,2931712,550912,753712,1198592,8331120,0,86653,0,86052,0,1515003,0,1380237,1124,402,3891,154117,98611,0,0,16
1786393431099,2931712,550912,753712,1198592,8331120,0,86653,0,86052,0,1515003,0,1380237,1124,402,3891,154117,98611,0,0,16
1786393431601,2931712,550912,753712,1198592,8331120,0,86653,0,86052,0,1515003,0,1380237,1124,402,3891,154117,98611,0,0,16
1786393432107,2931712,550912,753712,1198592,8331120,0,86653,0,86052,0,1515003,0,1380237,1124,402,3891,154117,98611,0,0,16
1786393432616,2931712,550912,753712,1198592,8331120,0,86653,0,86052,0,1515003,0,1380237,1124,402,3891,154117,98611,0,0,16
1786393433118,2931712,550912,753712,1198592,8331120,0,86653,0,86052,0,1515003,0,1380237,1124,402,3891,154117,98611,0,0,16
1786393433628,2931712,550912,753712,1198592,8331120,0,86653,0,86052,0,1515003,0,1380237,1124,402,3891,154117,98611,0,0,16
1786393434138,2931712,550912,753712,1198592,8331120,0,86653,0,86052,0,1515003,0,1380237,1124,402,3891,154117,98611,0,0,16
1786393434645,2931712,550912,753712,1198592,8331120,0,86653,0,86052,0,1515003,0,1380237,1124,402,3891,154117,98611,0,0,16
1786393435152,2931712,550912,753712,1198592,8331120,0,86653,0,86052,0,1515003,0,1380237,1124,402,3891,154117,98611,0,0,16
1786393435664,2931712,550432,753232,1198592,8331120,0,86653,0,86052,0,1515003,0,1380237,1124,402,3891,154117,98611,0,0,16
1786393436170,2931712,550432,753232,1198592,8331120,0,86653,0,86052,0,1515003,0,1380237,1124,402,3891,154117,98611,0,0,16
1786393436681,2931712,550432,753232,1198592,8331120,0,86653,0,86052,0,1515003,0,1380237,1124,402,3891,154117,98611,0,0,16
1786393437188,2931712,550432,753232,1198592,8331120,0,86653,0,86052,0,1515003,0,1380237,1124,402,3891,154117,98611,0,0,16
1786393437691,2931712,550192,752992,1198592,8331120,0,86653,0,86052,0,1515003,0,1380237,1124,402,3891,154117,98611,0,0,16
1786393438193,2931712,550192,752992,1198592,8331120,0,86653,0,86052,0,1515003,0,1380237,1124,402,3891,154117,98611,0,0,16
1786393438695,2931712,550192,752992,1198592,8331120,0,86653,0,86052,0,1515003,0,1380237,1124,402,3891,154117,98611,0,0,16
1786393439204,2931712,550192,752992,1198592,8331120,0,86653,0,86052,0,1515003,0,1380237,1124,402,3891,154117,98611,0,0,16
1786393439706,2931712,550192,752992,1198592,8331120,0,86653,0,86052,0,1515003,0,1380237,1124,402,3891,154117,98611,0,0,16
1786393440213,2931712,550192,752992,1198592,8331120,0,86653,0,86052,0,1515003,0,1380237,1124,402,3891,154117,98611,0,0,16
1786393440725,2931712,550192,752992,1198592,8331120,0,86653,0,86052,0,1515003,0,1380237,1124,402,3891,154117,98611,0,0,16
1786393441233,2931712,550192,752992,1198592,8331120,0,86653,0,86052,0,1515003,0,1380237,1124,402,3891,154117,98611,0,0,16
1786393441741,2931712,550192,752992,1198592,8331120,0,86653,0,86052,0,1515003,0,1380237,1124,402,3891,154117,98611,0,0,16
1786393442253,2931712,550192,752992,1198592,8331120,0,86653,0,86052,0,1515003,0,1380237,1124,402,3891,154117,98611,0,0,16
1786393442755,2931712,550192,752992,1198592,8331120,0,86653,0,86052,0,1515003,0,1380237,1124,402,3891,154117,98611,0,0,16
1786393443266,2931712,550192,752992,1198592,8331120,0,86653,0,86052,0,1515003,0,1380237,1124,402,3891,154117,98611,0,0,16
1786393443776,2931712,550192,752992,1198592,8331120,0,86653,0,86052,0,1515003,0,1380237,1124,402,3891,154117,98611,0,0,16
1786393444279,2931712,550192,752992,1198592,8331120,0,86653,0,86052,0,1515003,0,1380237,1124,402,3891,154117,98611,0,0,16
1786393444790,2931712,550192,752992,1198592,8331120,0,86653,0,86052,0,1515003,0,1380237,1124,402,3891,154117,98611,0,0,16
1786393445300,2931712,550192,752992,1198592,8331120,0,86653,0,86052,0,1515003,0,1380237,1124,402,3891,154117,98611,0,0,16
1786393445810,2931712,550192,752992,1198592,8331120,0,86653,0,86052,0,1515003,0,1380237,1124,402,3891,154117,98611,0,0,16
1786393446318,2931712,550192,752992,1198592,8331120,0,86653,0,86052,0,1515003,0,1380237,1124,402,3891,154117,98611,0,0,16
1786393446827,2931712,550192,752992,1198592,8331120,0,86653,0,86052,0,1515003,0,1380237,1124,402,3891,154117,98611,0,0,16
1786393447335,2931712,550192,752992,1198592,8331120,0,86653,0,86052,0,1515003,0,1380237,1124,402,3891,154117,98611,0,0,16
1786393447842,2931712,549952,752752,1198592,8331120,0,86653,0,86052,0,1515003,0,1380237,1124,402,3891,154117,98611,0,0,16
1786393448347,2931712,549952,752752,1198592,8331120,0,86653,0,86052,0,1515003,0,1380237,1124,402,3891,154117,98611,0,0,16
1786393448850,2931712,549952,752752,1198592,8331120,0,86653,0,86052,0,1515003,0,1380237,1124,402,3891,154117,98611,0,0,16
1786393449360,2931712,549952,752752,1198592,8331120,0,86653,0,86052,0,1515003,0,1380237,1124,402,3891,154117,98611,0,0,16
1786393449861,2931712,549952,752752,1198592,8331120,0,86653,0,86052,0,1515003,0,1380237,1124,402,3891,154117,98611,0,0,16
1786393450372,2931712,549952,752752,1198592,8331120,0,86653,0,86052,0,1515003,0,1380237,1124,402,3891,154117,98611,0,0,16
1786393450880,2931712,549952,752752,1198592,8331120,0,86653,0,86052,0,1515003,0,1380237,1124,402,3891,154117,98611,0,0,16
1786393451381,2931712,549712,752512,1198592,8331120,0,86653,0,86052,0,1515003,0,1380237,1124,402,3891,154117,98611,0,0,16
1786393451890,2931712,549712,752512,1198592,8331120,0,86653,0,86052,0,1515003,0,1380237,1124,402,3891,154117,98611,0,0,16
1786393452398,2931712,549712,752512,1198592,8331120,0,86653,0,86052,0,1515003,0,1380237,1124,402,3891,154117,98611,0,0,16
1786393452909,2931712,549712,752512,1198592,8331120,0,86653,0,86052,0,1515003,0,1380237,1124,402,3891,154117,98611,0,0,16
1786393453925,2931712,549232,752032,1198592,8331120,0,86653,0,86052,0,1515003,0,1380237,1124,402,3891,154117,98611,0,0,16
1786393454435,2931712,548992,751792,1198592,8331120,0,86653,0,86052,0,1515003,0,1380237,1124,402,3891,154117,98611,0,0,16
1786393454947,2931712,548992,751792,1198592,8331120,0,86653,0,86052,0,1515003,0,1380237,1124,402,3891,154117,98611,0,0,16
1786393455448,4164608,1769536,1972336,1198592,8331120,0,86653,0,86052,0,1515003,0,1380237,1124,402,3891,154117,98611,0,0,16
1786393455949,5776384,3375232,3578000,1198592,8331120,0,86653,0,86052,0,1515003,0,1380237,1124,402,3891,154117,98611,0,0,16
1786393456450,7351296,4886880,5083504,1198592,8331120,0,86653,0,86052,0,1515003,0,1380237,1124,402,3891,154117,98611,0,0,16
1786393456960,8992768,6529776,6719984,1198592,8331120,0,86653,0,86052,0,1515003,0,1380237,1124,402,3891,154117,98611,0,0,16
1786393457463,10575872,8116480,8300496,1198592,8331120,0,86653,0,86052,0,1515003,0,1380237,1124,402,3891,154117,98611,0,0,16
1786393457964,12186624,9722064,9899792,1198592,8331120,0,86653,0,86052,0,1515003,0,1380237,1124,402,3891,154117,98611,0,0,16
1786393458464,12368896,9906384,10083408,1198592,8331120,0,86653,0,86052,0,1515003,0,1380237,1124,402,3891,154117,98611,0,0,16
1786393458975,12368896,9906384,10083408,1198592,8331120,0,86653,0,86052,0,1515003,0,1380237,1124,402,3891,154117,98611,0,0,16
1786393459480,12368896,9906384,10083408,1198592,8331120,0,86653,0,86052,0,1515003,0,1380237,1124,402,3891,154117,98611,0,0,16
1786393459992,12368896,9906384,10083408,1198592,8331120,0,86653,0,86052,0,1515003,0,1380237,1124,402,3891,154117,98611,0,0,16
1786393460504,12368896,9906384,10083408,1198592,8331120,0,86653,0,86052,0,1515003,0,1380237,1124,402,3891,154117,98611,0,0,16
1786393461011,12368896,9906384,10083408,1198592,8331120,0,86653,0,86052,0,1515003,0,1380237,1124,402,3891,154117,98611,0,0,16
1786393461523,12368896,9906384,10083408,1198608,8331120,0,86653,0,86052,0,1515003,0,1380237,1124,402,3891,154117,98611,0,0,16
1786393462034,12368896,9906384,10083408,1198608,8331120,0,86653,0,86052,0,1515003,0,1380237,1124,402,3891,154117,98611,0,0,16
1786393462541,12368896,9906384,10083408,1198608,8331120,0,86653,0,86052,0,1515003,0,1380237,1124,402,3891,154117,98611,0,0,16
1786393463053,12368896,9906384,10083408,1198608,8331120,0,86653,0,86052,0,1515003,0,1380237,1124,402,3891,154117,98611,0,0,16
1786393463564,12368896,9906384,10083408,1198608,8331120,0,86653,0,86052,0,1515003,0,1380237,1124,402,3891,154117,98611,0,0,16
1786393464068,12368896,9906384,10083408,1198608,8331120,0,86653,0,86052,0,1515003,0,1380237,1124,402,3891,154117,98611,0,0,16
1786393464569,12368896,9906384,10083408,1198608,8331120,0,86653,0,86052,0,1515003,0,1380237,1124,402,3891,154117,98611,0,0,16
1786393465072,12368896,9906384,10083408,1198608,8331120,0,86653,0,86052,0,1515003,0,1380237,1124,402,3891,154117,98611,0,0,16
1786393465573,12368896,9906384,10083408,1198608,8331120,0,86653,0,86052,0,1515003,0,1380237,1124,402,3891,154117,98611,0,0,16
1786393466079,12368896,9906384,10083408,1198608,8331120,0,86653,0,86052,0,1515003,0,1380237,1124,402,3891,154117,98611,0,0,16
1786393466581,12368896,9906384,10083408,1198608,8331120,0,86653,0,86052,0,1515003,0,1380237,1124,402,3891,154117,98611,0,0,16
1786393467093,12368896,9906384,10083408,1198608,8331120,0,86653,0,86052,0,1515003,0,1380237,1124,402,3891,154117,98611,0,0,16
1786393467599,12368896,9906384,10083408,1198608,8331120,0,86653,0,86052,0,1515003,0,1380237,1124,402,3891,154117,98611,0,0,16
1786393468103,12368896,9906384,10083408,1198608,8331120,0,86653,0,86052,0,1515003,0,1380237,1124,402,3891,154117,98611,0,0,16
1786393468615,12368896,9906384,10083408,1198608,8331120,0,86653,0,86052,0,1515003,0,1380237,1124,402,3891,154117,98611,0,0,16
1786393469117,12368896,9906384,10083408,1198608,8331120,0,86653,0,86052,0,1515003,0,1380237,1124,402,3891,154117,98611,0,0,16
1786393469628,12368896,9906384,10083408,1198608,8331120,0,86653,0,86052,0,1515003,0,1380237,1124,402,3891,154117,98611,0,0,16
1786393470139,12368896,9906384,10083408,1198608,8331120,0,86653,0,86052,0,1515003,0,1380237,1124,402,3891,154117,98611,0,0,16
1786393470640,12368896,9905168,10086592,1203808,8331120,0,86653,0,86052,0,1526253,0,1391141,1147,402,3891,154117,98611,0,0,16
1786393471147,12368896,9905168,10086592,1203888,8331120,0,86653,0,86052,0,1526409,0,1391235,1148,402,3891,154117,98611,0,0,16
1786393471650,12368896,9905168,10087472,1203968,8331120,0,86653,0,86052,0,1526409,0,1391235,1148,402,3891,154117,98611,0,0,16
1786393472158,12368896,9905168,10087472,1203968,8331120,0,86653,0,86052,0,1526409,0,1391235,1148,402,3891,154117,98611,0,0,16
1786393472670,12368896,9905168,10087536,1203968,8331120,0,86653,0,86052,0,1526409,0,1391235,1148,402,3891,154117,98611,0,0,16
1786393473177,12368896,9905168,10087536,1203968,8331120,0,86653,0,86052,0,1526409,0,1391235,1148,402,3891,154117,98611,0,0,16
1786393473689,12368896,9905168,10087536,1203968,8331120,0,86653,0,86052,0,1526409,0,1391235,1148,402,3891,154117,98611,0,0,16
1786393474192,12368896,9905168,10087552,1203968,8331120,0,86653,0,86052,0,1526409,0,1391235,1148,402,3891,154117,98611,0,0,16
1786393474704,12368896,9905168,10087552,1203968,8331120,0,86653,0,86052,0,1526409,0,1391235,1148,402,3891,154117,98611,0,0,16
1786393475216,12368896,9905168,10087552,1203968,8331120,0,86653,0,86052,0,1526409,0,1391235,1148,402,3891,154117,98611,0,0,16
1786393475727,12368896,9905168,10087552,1203968,8331120,0,86653,0,86052,0,1526409,0,1391235,1148,402,3891,154117,98611,0,0,16
1786393476234,12368896,9905168,10087552,1203968,8331120,0,86653,0,86052,0,1526409,0,1391235,1148,402,3891,154117,98611,0,0,16
1786393476745,12368896,9905168,10087552,1203968,8331120,0,86653,0,86052,0,1526409,0,1391235,1148,402,3891,154117,98611,0,0,16
1786393477254,12368896,9905168,10087552,1203968,8331120,0,86653,0,86052,0,1526409,0,1391235,1148,402,3891,154117,98611,0,0,16
1786393477765,12368896,9905168,10087552,1203968,8331120,0,86653,0,86052,0,1526409,0,1391235,1148,402,3891,154117,98611,0,0,16
1786393478275,12368896,9905168,10087552,1203968,8331120,0,86653,0,86052,0,1526409,0,1391235,1148,402,3891,154117,98611,0,0,16
1786393478785,12368896,9905168,10087552,1203968,8331120,0,86653,0,86052,0,1526409,0,1391235,1148,402,3891,154117,98611,0,0,16
1786393479290,12368896,9905168,10087552,1203968,8331120,0,86653,0,86052,0,1526409,0,1391235,1148,402,3891,154117,98611,0,0,16
1786393479802,12368896,9905168,10087552,1203968,8331120,0,86653,0,86052,0,1526409,0,1391235,1148,402,3891,154117,98611,0,0,16
1786393480307,12368896,9905168,10087552,1203968,8331120,0,86653,0,86052,0,1526409,0,1391235,1148,402,3891,154117,98611,0,0,16
1786393480819,12368896,9905168,10087552,1203968,8331120,0,86653,0,86052,0,1526409,0,1391235,1148,402,3891,154117,98611,0,0,16
1786393481330,12368896,9905168,10087552,1203968,8331120,0,86653,0,86052,0,1526409,0,1391235,1148,402,3891,154117,98611,0,0,16
1786393481842,12368896,9905168,10087552,1203968,8331120,0,86653,0,86052,0,1526409,0,1391235,1148,402,3891,154117,98611,0,0,16
1786393482350,12368896,9905168,10087552,1203968,8331120,0,86653,0,86052,0,1526409,0,1391235,1148,402,3891,154117,98611,0,0,16
1786393482858,12368896,9905168,10087552,1203968,8331120,0,86653,0,86052,0,1526409,0,1391235,1148,402,3891,154117,98611,0,0,16
1786393483368,12368896,9905168,10087552,1203968,8331120,0,86653,0,86052,0,1526409,0,1391235,1148,402,3891,154117,98611,0,0,16
1786393483880,12368896,9905168,10087552,1203968,8331120,0,86653,0,86052,0,1526409,0,1391235,1148,402,3891,154117,98611,0,0,16
1786393484381,12368896,9905168,10087552,1203968,8331120,0,86653,0,86052,0,1526409,0,1391235,1148,402,3891,154117,98611,0,0,16
1786393484886,12368896,9905168,10087552,1203968,8331120,0,86653,0,86052,0,1526409,0,1391235,1148,402,3891,154117,98611,0,0,16
1786393485389,12368896,9905168,10087552,1203968,8331120,0,86653,0,86052,0,1526409,0,1391235,1148,402,3891,154117,98611,0,0,16
1786393485898,12368896,9905168,10087552,1203968,8331120,0,86653,0,86052,0,1526409,0,1391235,1148,402,3891,154117,98611,0,0,16
1786393486409,12368896,9905168,10087552,1203968,8331120,0,86653,0,86052,0,1526409,0,1391235,1148,402,3891,154117,98611,0,0,16
1786393486917,12368896,9905168,10087552,1203968,8331120,0,86653,0,86052,0,1526409,0,1391235,1148,402,3891,154117,98611,0,0,16
1786393487428,12368896,9905168,10087552,1203968,8331120,0,86653,0,86052,0,1526409,0,1391235,1148,402,3891,154117,98611,0,0,16
1786393487931,12368896,9905168,10087552,1203968,8331120,0,86653,0,86052,0,1526409,0,1391235,1148,402,3891,154117,98611,0,0,16
1786393488443,12368896,9905168,10087552,1203968,8331120,0,86653,0,86052,0,1526409,0,1391235,1148,402,3891,154117,98611,0,0,16
1786393488947,12368896,9905168,10087552,1203968,8331120,0,86653,0,86052,0,1526409,0,1391235,1148,402,3891,154117,98611,0,0,16
1786393489453,12368896,9905168,10087552,1203968,8331120,0,86653,0,86052,0,1526409,0,1391235,1148,402,3891,154117,98611,0,0,16
1786393489961,12368896,9905168,10087552,1203968,8331120,0,86653,0,86052,0,1526409,0,1391235,1148,402,3891,154117,98611,0,0,16
1786393490462,12368896,9905168,10087552,1203968,8331120,0,86653,0,86052,0,1526409,0,1391235,1148,402,3891,154117,98611,0,0,16
1786393490973,12368896,9905168,10087552,1203968,8331120,0,86653,0,86052,0,1526409,0,1391235,1148,402,3891,154117,98611,0,0,16
1786393491479,12368896,9905168,10087552,1203968,8331120,0,86653,0,86052,0,1526409,0,1391235,1148,402,3891,154117,98611,0,0,16
1786393491991,12368896,9905168,10087552,1203968,8331120,0,86653,0,86052,0,1526409,0,1391235,1148,402,3891,154117,98611,0,0,16
1786393492500,12368896,9905168,10087552,1203968,8331120,0,86653,0,86052,0,1526409,0,1391235,1148,402,3891,154117,98611,0,0,16
1786393493012,12368896,9905168,10087552,1203968,8331120,0,86653,0,86052,0,1526409,0,1391235,1148,402,3891,154117,98611,0,0,16
1786393493521,12368896,9905168,10087552,1203968,8331120,0,86653,0,86052,0,1526409,0,1391235,1148,402,3891,154117,98611,0,0,16
1786393494032,12368896,9905168,10087552,1203968,8331120,0,86653,0,86052,0,1526409,0,1391235,1148,402,3891,154117,98611,0,0,16
1786393494535,12368896,9905168,10087552,1203968,8331120,0,86653,0,86052,0,1526409,0,1391235,1148,402,3891,154117,98611,0,0,16
1786393495044,12368896,9905168,10087552,1203968,8331120,0,86653,0,86052,0,1526409,0,1391235,1148,402,3891,154117,98611,0,0,16
1786393495554,12368896,9905168,10087552,1203968,8331120,0,86653,0,86052,0,1526409,0,1391235,1148,402,3891,154117,98611,0,0,16
1786393496055,12368896,9905168,10087552,1203968,8331120,0,86653,0,86052,0,1526409,0,1391235,1148,402,3891,154117,98611,0,0,16
1786393496564,12368896,9905168,10087552,1203968,8331120,0,86653,0,86052,0,1526409,0,1391235,1148,402,3891,154117,98611,0,0,16
1786393497065,12368896,9905168,10087552,1203968,8331120,0,86653,0,86052,0,1526409,0,1391235,1148,402,3891,154117,98611,0,0,16
1786393497577,12368896,9905168,10087552,1203968,8331120,0,86653,0,86052,0,1526409,0,1391235,1148,402,3891,154117,98611,0,0,16
1786393498089,12368896,9905168,10087552,1203968,8331120,0,86653,0,86052,0,1526409,0,1391235,1148,402,3891,154117,98611,0,0,16
1786393498595,12368896,9905168,10087552,1203968,8331120,0,86653,0,86052,0,1526409,0,1391235,1148,402,3891,154117,98611,0,0,16
1786393499098,12368896,9905168,10087552,1203968,8331120,0,86653,0,86052,0,1526409,0,1391235,1148,402,3891,154117,98611,0,0,16
1786393499610,12368896,9905168,10087552,1203968,8331120,0,86653,0,86052,0,1526409,0,1391235,1148,402,3891,154117,98611,0,0,16
1786393500115,12368896,9905168,10087552,1203968,8331120,0,86653,0,86052,0,1526409,0,1391235,1148,402,3891,154117,98611,0,0,16
1786393500626,12368896,9905168,10087552,1203968,8331120,0,86653,0,86052,0,1526409,0,1391235,1148,402,3891,154117,98611,0,0,16
1786393501131,12368896,9905168,10087552,1203968,8331120,0,86653,0,86052,0,1526409,0,1391235,1148,402,3891,154117,98611,0,0,16
1786393501643,12368896,9905168,10088448,1204864,8331120,0,86653,0,86052,0,1556184,0,1417292,1148,402,3891,154117,98611,0,0,16
1786393502149,12368896,9905168,10088448,1204864,8331120,0,86653,0,86052,0,1556184,0,1417292,1148,402,3891,154117,98611,0,0,16
1786393502651,12368896,9905168,10088736,1205152,8331120,0,86653,0,86052,0,1556184,0,1417292,1148,402,3891,154117,98611,0,0,16
1786393503162,12368896,9905168,10088736,1205152,8331120,0,86653,0,86052,18,1556184,18,1417292,1148,402,3891,154117,98611,0,0,16
1786393503674,12368896,9905168,10088736,1205152,8331120,0,86653,0,86052,18,1556184,18,1417292,1148,402,3891,154117,98611,0,0,16
1786393504181,12368896,9905168,10088736,1205152,8331120,0,86653,0,86052,18,1556184,18,1417292,1148,402,3891,154117,98611,0,0,16
1786393504683,12368896,9905168,10088736,1205152,8331120,0,86653,0,86052,18,1556184,18,1417292,1148,402,3891,154117,98611,0,0,16
1786393505186,12368896,9905168,10088736,1205152,8331120,0,86653,0,86052,14,1556184,14,1417292,1148,402,3891,154117,98611,0,0,16
1786393505689,12368896,9905168,10088736,1205152,8331120,0,86653,0,86052,14,1556184,14,1417292,1148,402,3891,154117,98611,0,0,16
1786393506199,12368896,9905168,10088736,1205152,8331120,0,86653,0,86052,14,1556184,14,1417292,1148,402,3891,154117,98611,0,0,16
1786393506712,12368896,9905168,10088736,1205152,8331120,0,86653,0,86052,14,1556184,14,1417292,1148,402,3891,154117,98611,0,0,16
1786393507223,12368896,9905168,10088736,1205152,8331120,0,86653,0,86052,12,1556184,12,1417292,1148,402,3891,154117,98611,0,0,16
1786393507730,12368896,9905168,10088736,1205152,8331120,0,86653,0,86052,12,1556184,12,1417292,1148,402,3891,154117,98611,0,0,16
1786393508232,12368896,9905168,10088736,1205152,8331120,0,86653,0,86052,12,1556184,12,1417292,1148,402,3891,154117,98611,0,0,16
1786393508743,12368896,9905168,10088736,1205152,8331120,0,86653,0,86052,12,1556184,12,1417292,1148,402,3891,154117,98611,0,0,16
1786393509245,12368896,9905168,10088736,1205152,8331120,0,86653,0,86052,9,1556184,9,1417292,1148,402,3891,154117,98611,0,0,16
1786393509756,12368896,9905168,10088736,1205152,8331120,0,86653,0,86052,9,1556184,9,1417292,1148,402,3891,154117,98611,0,0,16
1786393510268,12368896,9905168,10088736,1205152,8331120,0,86653,0,86052,9,1556184,9,1417292,1148,402,3891,154117,98611,0,0,16
1786393510779,12368896,9905168,10088736,1205152,8331120,0,86653,0,86052,9,1556184,9,1417292,1148,402,3891,154117,98611,0,0,16
1786393511290,12368896,9905168,10088736,1205152,8331120,0,86653,0,86052,8,1556184,8,1417292,1148,402,3891,154117,98611,0,0,16
1786393511802,12368896,9905168,10088736,1205152,8331120,0,86653,0,86052,8,1556184,8,1417292,1148,402,3891,154117,98611,0,0,16
1786393512314,12368896,9905168,10088736,1205152,8331120,0,86653,0,86052,8,1556184,8,1417292,1148,402,3891,154117,98611,0,0,16
1786393512824,12368896,9905168,10088736,1205152,8331120,0,86653,0,86052,8,1556184,8,1417292,1148,402,3891,154117,98611,0,0,16
1786393513330,12368896,9905168,10088736,1205152,8331120,0,86653,0,86052,6,1556184,6,1417292,1148,402,3891,154117,98611,0,0,16
1786393513838,12368896,9905168,10088736,1205152,8331120,0,86653,0,86052,6,1556184,6,1417292,1148,402,3891,154117,98611,0,0,16
1786393514340,12368896,9904688,10088416,1205296,8331120,0,86653,0,86052,6,1570618,6,1431379,1148,402,3891,154117,98611,0,0,16
1786393514844,12368896,9903968,10087696,1205296,8331120,0,86653,0,86052,6,1576776,6,1437129,1149,402,3891,154117,98611,0,0,16
1786393515353,12368896,9903968,10087840,1205920,8331120,0,86653,0,86052,23,1576776,5,1437129,1149,402,3891,154117,98611,0,0,16
1786393515856,12368896,9903968,10087840,1205920,8331120,0,86653,0,86052,23,1576776,5,1437129,1149,402,3891,154117,98611,0,0,16
1786393516367,12368896,9903968,10087840,1205920,8331120,0,86653,0,86052,23,1576776,5,1437129,1149,402,3891,154117,98611,0,0,16
1786393516871,12368896,9903968,10087840,1205920,8331120,0,86653,0,86052,23,1576776,5,1437129,1149,402,3891,154117,98611,0,0,16
1786393517383,12368896,9903968,10087840,1205920,8331120,0,86653,0,86052,19,1576776,4,1437129,1149,402,3891,154117,98611,0,0,16
1786393517888,12368896,9903968,10087840,1205920,8331120,0,86653,0,86052,19,1576776,4,1437129,1149,402,3891,154117,98611,0,0,16
1786393518396,12368896,9903968,10087840,1205920,8331120,0,86653,0,86052,19,1576776,4,1437129,1149,402,3891,154117,98611,0,0,16
1786393518900,12368896,9903968,10087840,1205920,8331120,0,86653,0,86052,15,1576776,3,1437129,1149,402,3891,154117,98611,0,0,16
1786393519412,12368896,9903968,10087840,1205920,8331120,0,86653,0,86052,15,1576776,3,1437129,1149,402,3891,154117,98611,0,0,16
1786393519916,12368896,9903968,10087840,1205920,8331120,0,86653,0,86052,15,1576776,3,1437129,1149,402,3891,154117,98611,0,0,16
1786393520427,12368896,9903968,10088304,1205920,8331120,0,86653,0,86052,15,1576776,3,1437129,1149,402,3891,154117,98611,0,0,16
1786393520931,12368896,9903968,10088304,1205920,8331120,0,86653,0,86052,12,1576776,2,1437129,1149,402,3891,154117,98611,0,0,16
1786393521437,12368896,9903968,10088304,1205920,8331120,0,86653,0,86052,12,1576776,2,1437129,1149,402,3891,154117,98611,0,0,16
1786393521946,12368896,9903968,10088304,1205920,8331120,0,86653,0,86052,12,1576776,2,1437129,1149,402,3891,154117,98611,0,0,16
1786393522452,12368896,9903968,10088304,1205920,8331120,0,86653,0,86052,12,1576776,2,1437129,1149,402,3891,154117,98611,0,0,16
1786393522962,12368896,9903968,10088304,1205920,8331120,0,86653,0,86052,10,1576776,2,1437129,1149,402,3891,154117,98611,0,0,16
1786393523474,12368896,9903968,10088304,1205920,8331120,0,86653,0,86052,10,1576776,2,1437129,1149,402,3891,154117,98611,0,0,16
1786393523986,12368896,9903968,10088304,1205920,8331120,0,86653,0,86052,10,1576776,2,1437129,1149,402,3891,154117,98611,0,0,16
1786393524495,12368896,9903968,10088304,1205920,8331120,0,86653,0,86052,10,1576776,2,1437129,1149,402,3891,154117,98611,0,0,16
1786393525000,12368896,9903968,10088304,1205920,8331120,0,86653,0,86052,8,1576776,1,1437129,1149,402,3891,154117,98611,0,0,16
1786393525504,12368896,9903968,10088304,1205920,8331120,0,86653,0,86052,8,1576776,1,1437129,1149,402,3891,154117,98611,0,0,16
1786393526007,12368896,9903968,10088304,1205920,8331120,0,86653,0,86052,8,1576776,1,1437129,1149,402,3891,154117,98611,0,0,16
1786393526508,12368896,9903968,10088304,1205920,8331120,0,86653,0,86052,8,1576776,1,1437129,1149,402,3891,154117,98611,0,0,16
1786393527009,12368896,9903968,10088304,1205920,8331120,0,86653,0,86052,7,1576776,1,1437129,1149,402,3891,154117,98611,0,0,16
1786393527510,12368896,9903968,10088304,1205936,8331120,0,86653,0,86052,7,1576776,1,1437129,1149,402,3891,154117,98611,0,0,16
1786393528014,12368896,9903968,10088304,1205936,8331120,0,86653,0,86052,7,1576776,1,1437129,1149,402,3891,154117,98611,0,0,16
1786393528521,12368896,9903968,10088304,1205936,8331120,0,86653,0,86052,7,1576776,1,1437129,1149,402,3891,154117,98611,0,0,16
1786393529031,12368896,9903968,10088304,1205936,8331120,0,86653,0,86052,5,1576776,1,1437129,1149,402,3891,154117,98611,0,0,16
1786393529540,12368896,9903968,10088304,1205936,8331120,0,86653,0,86052,5,1576776,1,1437129,1149,402,3891,154117,98611,0,0,16
1786393530051,12368896,9903968,10088304,1205936,8331120,0,86653,0,86052,5,1576776,1,1437129,1149,402,3891,154117,98611,0,0,16
1786393530557,12368896,9903968,10088304,1205936,8331120,0,86653,0,86052,5,1576776,1,1437129,1149,402,3891,154117,98611,0,0,16
1786393531070,12368896,9903968,10088304,1205936,8331120,0,86653,0,86052,4,1576776,0,1437129,1149,402,3891,154117,98611,0,0,16
1786393531578,12368896,9903968,10088304,1205936,8331120,0,86653,0,86052,4,1576776,0,1437129,1149,402,3891,154117,98611,0,0,16
1786393532080,12368896,9903248,10088064,1206656,8331120,0,86653,0,86052,4,1612326,0,1472615,1149,402,3891,154117,98611,0,0,16
1786393532592,12368896,9903248,10088304,1206656,8331120,0,86653,0,86052,4,1612326,0,1472615,1149,402,3891,154117,98611,0,0,16
1786393533096,12368896,9903248,10088304,1206656,8331120,0,86653,0,86052,21,1612326,18,1472615,1149,402,3891,154117,98611,0,0,16
1786393533600,12368896,9903248,10088304,1206656,8331120,0,86653,0,86052,21,1612326,18,1472615,1149,402,3891,154117,98611,0,0,16
1786393534109,12368896,9903248,10088304,1206656,8331120,0,86653,0,86052,21,1612326,18,1472615,1149,402,3891,154117,98611,0,0,16
1786393534612,12368896,9903248,10088304,1206656,8331120,0,86653,0,86052,21,1612326,18,1472615,1149,402,3891,154117,98611,0,0,16
1786393535124,12368896,9903248,10088304,1206656,8331120,0,86653,0,86052,17,1612326,15,1472615,1149,402,3891,154117,98611,0,0,16
1786393535626,12368896,9903248,10088304,1206656,8331120,0,86653,0,86052,17,1612326,15,1472615,1149,402,3891,154117,98611,0,0,16
1786393536130,12368896,9903248,10088304,1206656,8331120,0,86653,0,86052,17,1612326,15,1472615,1149,402,3891,154117,98611,0,0,16
1786393536642,12368896,9903248,10088304,1206656,8331120,0,86653,0,86052,17,1612326,15,1472615,1149,402,3891,154117,98611,0,0,16
1786393537153,12368896,9903248,10088304,1206656,8331120,0,86653,0,86052,14,1612326,12,1472615,1149,402,3891,154117,98611,0,0,16
1786393537662,12368896,9903248,10088304,1206656,8331120,0,86653,0,86052,14,1612326,12,1472615,1149,402,3891,154117,98611,0,0,16
1786393538168,12368896,9903248,10088304,1206656,8331120,0,86653,0,86052,14,1612326,12,1472615,1149,402,3891,154117,98611,0,0,16
1786393538672,12368896,9903248,10088304,1206656,8331120,0,86653,0,86052,14,1612326,12,1472615,1149,402,3891,154117,98611,0,0,16
1786393539177,12368896,9903248,10088304,1206656,8331120,0,86653,0,86052,11,1612326,10,1472615,1149,402,3891,154117,98611,0,0,16
1786393539682,12368896,9903248,10088304,1206656,8331120,0,86653,0,86052,11,1612326,10,1472615,1149,402,3891,154117,98611,0,0,16
1786393540185,12368896,9903248,10088304,1206656,8331120,0,86653,0,86052,11,1612326,10,1472615,1149,402,3891,154117,98611,0,0,16
1786393540696,12368896,9903248,10088304,1206656,8331120,0,86653,0,86052,11,1612326,10,1472615,1149,402,3891,154117,98611,0,0,16
1786393541203,12368896,9903248,10088304,1206656,8331120,0,86653,0,86052,9,1612326,8,1472615,1149,402,3891,154117,98611,0,0,16
1786393541713,12368896,9903248,10088304,1206656,8331120,0,86653,0,86052,9,1612326,8,1472615,1149,402,3891,154117,98611,0,0,16
1786393542224,12368896,9903248,10088304,1206656,8331120,0,86653,0,86052,9,1612326,8,1472615,1149,402,3891,154117,98611,0,0,16
1786393542737,12368896,9903248,10088304,1206656,8331120,0,86653,0,86052,9,1612326,8,1472615,1149,402,3891,154117,98611,0,0,16
1786393543248,12368896,9903248,10088304,1206656,8331120,0,86653,0,86052,7,1612326,6,1472615,1149,402,3891,154117,98611,0,0,16
1786393543754,12368896,9903248,10088304,1206656,8331120,0,86653,0,86052,7,1612326,6,1472615,1149,402,3891,154117,98611,0,0,16
1786393544266,12368896,9903248,10088304,1206656,8331120,0,86653,0,86052,7,1612326,6,1472615,1149,402,3891,154117,98611,0,0,16
1786393544777,12368896,9903248,10088304,1206656,8331120,0,86653,0,86052,7,1612326,6,1472615,1149,402,3891,154117,98611,0,0,16
1786393545281,12368896,9903248,10088304,1206800,8331120,0,86653,0,86052,6,1626515,5,1486251,1149,402,3891,154117,98611,0,0,16
1786393545785,12368896,9903248,10088304,1206800,8331120,0,86653,0,86052,6,1628775,5,1488511,1149,402,3891,154117,98611,0,0,16
1786393546296,12368896,9903248,10088304,1206800,8331120,0,86653,0,86052,6,1628775,5,1488511,1149,402,3891,154117,98611,0,0,16
1786393546809,12368896,9903248,10088368,1206800,8331120,0,86653,0,86052,6,1628775,5,1488511,1149,402,3891,154117,98611,0,0,16
1786393547317,12368896,9903248,10088368,1206800,8331120,0,86653,0,86052,5,1628775,4,1488511,1149,402,3891,154117,98611,0,0,16
1786393547819,12368896,9903248,10088368,1206800,8331120,0,86653,0,86052,5,1628775,4,1488511,1149,402,3891,154117,98611,0,0,16
1786393548331,12368896,9903248,10088368,1206800,8331120,0,86653,0,86052,5,1628775,4,1488511,1149,402,3891,154117,98611,0,0,16
1786393548842,12368896,9903248,10088448,1206800,8331120,0,86653,0,86052,5,1628775,4,1488511,1149,402,3891,154117,98611,0,0,16
1786393549351,12368896,9903248,10088448,1206800,8331120,0,86653,0,86052,4,1628775,3,1488511,1149,402,3891,154117,98611,0,0,16
1786393549854,12368896,9903248,10088448,1206800,8331120,0,86653,0,86052,4,1628775,3,1488511,1149,402,3891,154117,98611,0,0,16
1786393550363,12368896,9903248,10088448,1206800,8331120,0,86653,0,86052,4,1628775,3,1488511,1149,402,3891,154117,98611,0,0,16
1786393550874,12368896,9903248,10088448,1206800,8331120,0,86653,0,86052,4,1628775,3,1488511,1149,402,3891,154117,98611,0,0,16
1786393551386,12368896,9903248,10088448,1206800,8331120,0,86653,0,86052,3,1628775,3,1488511,1149,402,3891,154117,98611,0,0,16
1786393551888,12368896,9903248,10088448,1206800,8331120,0,86653,0,86052,3,1628775,3,1488511,1149,402,3891,154117,98611,0,0,16
1786393552390,12368896,9903248,10088448,1206800,8331120,0,86653,0,86052,3,1628775,3,1488511,1149,402,3891,154117,98611,0,0,16
1786393552894,12368896,9903248,10088448,1206800,8331120,0,86653,0,86052,2,1628775,2,1488511,1149,402,3891,154117,98611,0,0,16
1786393553404,12368896,9903248,10088448,1206800,8331120,0,86653,0,86052,2,1628775,2,1488511,1149,402,3891,154117,98611,0,0,16
1786393553916,12368896,9903248,10088448,1206800,8331120,0,86653,0,86052,2,1628775,2,1488511,1149,402,3891,154117,98611,0,0,16
1786393554428,12368896,9903248,10088448,1206800,8331120,0,86653,0,86052,2,1628775,2,1488511,1149,402,3891,154117,98611,0,0,16
1786393554938,12368896,9903248,10088448,1206800,8331120,0,86653,0,86052,2,1628775,1,1488511,1149,402,3891,154117,98611,0,0,16
1786393555446,12368896,9903248,10088448,1206800,8331120,0,86653,0,86052,2,1628775,1,1488511,1149,402,3891,154117,98611,0,0,16
1786393555952,12368896,9903248,10088448,1206800,8331120,0,86653,0,86052,2,1628775,1,1488511,1149,402,3891,154117,98611,0,0,16
1786393556457,12368896,9903248,10088448,1206800,8331120,0,86653,0,86052,2,1628775,1,1488511,1149,402,3891,154117,98611,0,0,16
1786393556962,12368896,9903248,10088448,1206800,8331120,0,86653,0,86052,1,1628775,1,1488511,1149,402,3891,154117,98611,0,0,16
1786393557464,12368896,9903248,10088448,1206800,8331120,0,86653,0,86052,1,1628775,1,1488511,1149,402,3891,154117,98611,0,0,16
1786393557967,12368896,9903248,10088448,1206800,8331120,0,86653,0,86052,1,1628775,1,1488511,1149,402,3891,154117,98611,0,0,16
1786393558470,12368896,9903248,10088448,1206800,8331120,0,86653,0,86052,1,1628775,1,1488511,1149,402,3891,154117,98611,0,0,16
1786393558980,12368896,9903248,10088448,1206800,8331120,0,86653,0,86052,1,1628775,1,1488511,1149,402,3891,154117,98611,0,0,16
1786393559483,12368896,9903248,10088448,1206800,8331120,0,86653,0,86052,1,1628775,1,1488511,1149,402,3891,154117,98611,0,0,16
1786393559987,12368896,9903248,10088448,1206800,8331120,0,86653,0,86052,1,1628775,1,1488511,1149,402,3891,154117,98611,0,0,16
1786393560494,12368896,9903248,10088448,1206800,8331120,0,86653,0,86052,1,1628775,1,1488511,1149,402,3891,154117,98611,0,0,16
1786393561006,12368896,9903248,10088448,1206800,8331120,0,86653,0,86052,1,1628775,1,1488511,1149,402,3891,154117,98611,0,0,16
1786393561518,12368896,9903248,10088448,1206800,8331120,0,86653,0,86052,1,1628775,1,1488511,1149,402,3891,154117,98611,0,0,16
1786393562030,12368896,9903248,10088448,1206800,8331120,0,86653,0,86052,1,1628775,1,1488511,1149,402,3891,154117,98611,0,0,16
1786393562542,12368896,9903248,10088448,1206800,8331120,0,86653,0,86052,1,1628775,1,1488511,1149,402,3891,154117,98611,0,0,16
1786393563044,12368896,9903248,10088448,1206800,8331120,0,86653,0,86052,0,1628775,0,1488511,1149,402,3891,154117,98611,0,0,16
1786393563556,12368896,9903008,10088208,1206800,8331120,0,86653,0,86052,0,1628775,0,1488511,1149,402,3891,154117,98611,0,0,16
1786393564066,12368896,9903008,10088208,1206800,8331120,0,86653,0,86052,0,1628775,0,1488511,1149,402,3891,154117,98611,0,0,16
1786393564568,12368896,9903008,10088208,1206800,8331120,0,86653,0,86052,0,1628775,0,1488511,1149,402,3891,154117,98611,0,0,16
1786393565069,12368896,9903008,10088208,1206800,8331120,0,86653,0,86052,0,1628775,0,1488511,1149,402,3891,154117,98611,0,0,16
1786393565572,12368896,9903008,10088208,1206800,8331120,0,86653,0,86052,0,1628775,0,1488511,1149,402,3891,154117,98611,0,0,16
1786393566081,12368896,9903008,10088208,1206800,8331120,0,86653,0,86052,0,1628775,0,1488511,1149,402,3891,154117,98611,0,0,16
1786393566594,12368896,9902768,10087968,1206800,8331120,0,86653,0,86052,0,1628775,0,1488511,1149,402,3891,154117,98611,0,0,16
1786393567097,12368896,9902768,10087968,1206800,8331120,0,86653,0,86052,0,1628775,0,1488511,1149,402,3891,154117,98611,0,0,16
1786393567609,12368896,9902768,10087968,1206800,8331120,0,86653,0,86052,0,1628775,0,1488511,1149,402,3891,154117,98611,0,0,16
1786393568121,12368896,9902768,10087968,1206800,8331120,0,86653,0,86052,0,1628775,0,1488511,1149,402,3891,154117,98611,0,0,16
1786393568622,12368896,9902768,10087968,1206800,8331120,0,86653,0,86052,0,1628775,0,1488511,1149,402,3891,154117,98611,0,0,16
1786393569134,12368896,9902768,10087968,1206800,8331120,0,86653,0,86052,0,1628775,0,1488511,1149,402,3891,154117,98611,0,0,16
1786393569641,12368896,9902528,10087728,1206800,8331120,0,86653,0,86052,0,1628775,0,1488511,1149,402,3891,154117,98611,0,0,16
1786393570143,12368896,9902528,10087728,1206800,8331120,0,86653,0,86052,0,1628775,0,1488511,1149,402,3891,154117,98611,0,0,16
1786393570654,12368896,9902528,10087728,1206800,8331120,0,86653,0,86052,0,1628775,0,1488511,1149,402,3891,154117,98611,0,0,16
1786393571160,12368896,9902528,10087728,1206800,8331120,0,86653,0,86052,0,1628775,0,1488511,1149,402,3891,154117,98611,0,0,16
1786393571671,12368896,9902528,10087728,1206800,8331120,0,86653,0,86052,0,1628775,0,1488511,1149,402,3891,154117,98611,0,0,16
1786393572175,12368896,9902528,10087728,1206800,8331120,0,86653,0,86052,0,1628775,0,1488511,1149,402,3891,154117,98611,0,0,16
1786393572687,12368896,9902528,10087728,1206800,8331120,0,86653,0,86052,0,1628775,0,1488511,1149,402,3891,154117,98611,0,0,16
1786393573193,12368896,9902528,10087728,1206800,8331120,0,86653,0,86052,0,1628775,0,1488511,1149,402,3891,154117,98611,0,0,16
1786393573705,12368896,9902528,10087728,1206800,8331120,0,86653,0,86052,0,1628775,0,1488511,1149,402,3891,154117,98611,0,0,16
1786393574209,12368896,9902528,10087728,1206800,8331120,0,86653,0,86052,0,1628775,0,1488511,1149,402,3891,154117,98611,0,0,16
1786393574715,12368896,9902528,10087728,1206800,8331120,0,86653,0,86052,0,1628775,0,1488511,1149,402,3891,154117,98611,0,0,16
1786393575226,12368896,9902528,10087728,1206800,8331120,0,86653,0,86052,0,1628775,0,1488511,1149,402,3891,154117,98611,0,0,16
1786393575736,12368896,9902528,10087728,1206800,8331120,0,86653,0,86052,0,1628817,0,1488553,1149,402,3891,154117,98611,0,0,16
1786393576238,12368896,9902528,10088208,1207328,8331120,0,86653,0,86052,0,1646924,0,1506621,1149,402,3891,154117,98611,0,0,16
1786393576741,12368896,9902528,10088208,1207328,8331120,0,86653,0,86052,0,1646924,0,1506621,1149,402,3891,154117,98611,0,0,16
1786393577252,12368896,9902288,10088016,1207328,8331120,0,86653,0,86052,0,1646924,0,1506621,1149,402,3891,154117,98611,0,0,16
1786393577761,12368896,9902288,10088016,1207328,8331120,0,86653,0,86052,0,1646924,0,1506621,1149,402,3891,154117,98611,0,0,16
1786393578266,12368896,9902288,10088016,1207328,8331120,0,86653,0,86052,0,1646924,0,1506621,1149,402,3891,154117,98611,0,0,16
1786393578777,12368896,9902288,10088016,1207328,8331120,0,86653,0,86052,0,1646924,0,1506621,1149,402,3891,154117,98611,0,0,16
1786393579281,12368896,9902288,10088016,1207328,8331120,0,86653,0,86052,0,1646924,0,1506621,1149,402,3891,154117,98611,0,0,16
1786393579791,12368896,9902288,10088016,1207328,8331120,0,86653,0,86052,0,1646924,0,1506621,1149,402,3891,154117,98611,0,0,16
1786393580292,12368896,9902288,10088016,1207328,8331120,0,86653,0,86052,0,1646924,0,1506621,1149,402,3891,154117,98611,0,0,16
1786393580802,12368896,9902288,10088016,1207328,8331120,0,86653,0,86052,0,1646924,0,1506621,1149,402,3891,154117,98611,0,0,16
1786393581314,12368896,9902288,10088016,1207328,8331120,0,86653,0,86052,0,1646924,0,1506621,1149,402,3891,154117,98611,0,0,16
1786393581825,12368896,9902288,10088016,1207328,8331120,0,86653,0,86052,0,1646924,0,1506621,1149,402,3891,154117,98611,0,0,16
1786393582336,12368896,9902288,10088016,1207328,8331120,0,86653,0,86052,0,1646924,0,1506621,1149,402,3891,154117,98611,0,0,16
1786393582838,12368896,9902288,10088016,1207328,8331120,0,86653,0,86052,0,1646924,0,1506621,1149,402,3891,154117,98611,0,0,16
1786393583340,12368896,9769328,10048816,1301088,8331120,0,86653,0,86052,0,1669281,0,1526702,1198,402,3891,154117,98611,0,0,16
1786393583842,12368896,9769328,10048816,1301088,8331120,0,86653,0,86052,0,1669281,0,1526702,1198,402,3891,154117,98611,0,0,16
1786393584354,12368896,9769328,10048816,1301088,8331120,0,86653,0,86052,0,1669281,0,1526702,1198,402,3891,154117,98611,0,0,16
1786393584855,12368896,9767760,10047248,1301088,8331120,0,86653,0,86052,0,1669281,0,1526702,1198,402,3891,154117,98611,0,0,16
1786393585363,12368896,9767760,10047248,1301088,8331120,0,86653,0,86052,0,1669281,0,1526702,1198,402,3891,154117,98611,0,0,16
1786393585866,12368896,9767408,10046896,1301088,8331120,0,86653,0,86052,0,1669281,0,1526702,1198,402,3891,154117,98611,0,0,16
1786393586371,12368896,9767408,10046896,1301088,8331120,0,86653,0,86052,0,1669281,0,1526702,1198,402,3891,154117,98611,0,0,16
1786393586875,12368896,9767408,10046896,1301312,8331120,0,86653,0,86052,0,1669281,0,1526702,1198,402,3891,154117,98611,0,0,16
1786393587387,12368896,9767408,10047056,1301536,8331120,0,86653,0,86052,0,1669281,0,1526702,1198,402,3891,154117,98611,0,0,16
1786393587893,12368896,9767408,10047296,1301536,8331120,0,86653,0,86052,0,1669281,0,1526702,1198,402,3891,154117,98611,0,0,16
1786393588403,12368896,9767408,10047312,1301808,8331120,0,86653,0,86052,0,1716164,0,1573561,1198,402,3891,154117,98611,0,0,16
1786393588905,12368896,9752288,10038160,1307920,8331120,0,86653,0,86052,0,1722383,0,1579779,1199,402,3891,154117,98611,0,0,16
1786393589414,12368896,9752288,10038368,1308112,8331120,0,86653,0,86052,36,1722383,36,1579779,1199,402,3891,154117,98611,0,0,16
1786393589918,12368896,9743040,10037312,1315952,8331120,0,86653,0,86052,36,1743108,36,1600505,1199,402,3891,154117,98611,0,0,16
1786393590428,12368896,9742448,10036736,1316048,8331120,0,86653,0,86052,36,1743108,36,1600505,1199,402,3891,154117,98611,0,0,16
1786393590931,12368896,9742448,10036736,1316048,8331120,0,86653,0,86052,47,1743108,47,1600505,1199,402,3891,154117,98611,0,0,16
1786393591444,12368896,9742448,10036752,1316048,8331120,0,86653,0,86052,47,1743108,47,1600505,1199,402,3891,154117,98611,0,0,16
1786393591947,12368896,9742208,10036528,1316048,8331120,0,86653,0,86052,47,1743108,47,1600505,1199,402,3891,154117,98611,0,0,16
1786393592453,12368896,9741968,10036288,1316048,8331120,0,86653,0,86052,47,1743108,47,1600505,1199,402,3891,154117,98611,0,0,16
1786393592956,12368896,9741968,10036288,1316064,8331120,0,86653,0,86052,39,1743108,39,1600505,1199,402,3891,154117,98611,0,0,16
1786393593468,12368896,9741968,10036288,1316064,8331120,0,86653,0,86052,39,1743108,39,1600505,1199,402,3891,154117,98611,0,0,16
1786393593984,12368896,9741968,10036288,1316064,8331120,0,86653,0,86052,39,1743108,39,1600505,1199,402,3891,154117,98611,0,0,16
1786393594487,12368896,9741728,10036160,1316096,8331120,0,86653,0,86052,39,1743108,39,1600505,1199,402,3891,154117,98611,0,0,16
1786393594990,12368896,9741728,10036160,1316096,8331120,0,86653,0,86052,31,1743108,31,1600505,1199,402,3891,154117,98611,0,0,16
1786393595501,12368896,9741728,10036160,1316096,8331120,0,86653,0,86052,31,1743108,31,1600505,1199,402,3891,154117,98611,0,0,16
1786393596003,12368896,9741728,10036160,1316096,8331120,0,86653,0,86052,31,1743108,31,1600505,1199,402,3891,154117,98611,0,0,16
1786393596505,12368896,9741728,10026496,1306432,8331120,0,86653,0,86052,31,1743128,31,1600522,1199,402,3891,154117,98611,0,0,16
1786393597015,12368896,9741728,10026496,1306432,8331120,0,86653,0,86052,26,1743128,26,1600522,1199,402,3891,154117,98611,0,0,16
1786393597516,12368896,9703072,10000432,1319040,8331120,0,86653,0,86052,26,1750018,26,1605391,1199,402,3891,154117,98611,0,0,16
1786393598019,12368896,9655664,9981776,1348032,8331120,0,86653,0,86052,26,1770585,26,1621081,1199,402,3891,154117,98611,0,0,16
1786393598525,12368896,9692656,10008320,1337504,8331120,0,86653,0,86052,26,1772986,26,1623215,1199,402,3891,154117,98611,0,0,16
1786393599031,12368896,9692656,10008320,1337504,8331120,0,86653,0,86052,39,1772986,39,1623215,1199,402,3891,154117,98611,0,0,16
1786393599541,12368896,9700336,10016000,1337504,8331120,0,86653,0,86052,39,1772986,39,1623215,1199,402,3891,154117,98611,0,0,16
1786393600047,12368896,9700336,10016000,1337504,8331120,0,86653,0,86052,39,1772986,39,1623215,1199,402,3891,154117,98611,0,0,16
1786393600559,12368896,9700336,10016224,1337504,8331120,0,86653,0,86052,39,1772986,39,1623215,1199,402,3891,154117,98611,0,0,16
1786393601071,12368896,9700336,10016224,1337504,8331120,0,86653,0,86052,32,1772986,32,1623215,1199,402,3891,154117,98611,0,0,16
1786393601575,12368896,9708016,10023904,1337504,8331120,0,86653,0,86052,32,1772986,32,1623215,1199,402,3891,154117,98611,0,0,16
1786393602082,12368896,9708016,10023904,1337504,8331120,0,86653,0,86052,32,1772986,32,1623215,1199,402,3891,154117,98611,0,0,16
1786393602589,12368896,9715696,10031584,1337504,8331120,0,86653,0,86052,32,1772986,32,1623215,1199,402,3891,154117,98611,0,0,16
1786393603091,12368896,9715216,10031120,1337504,8331120,0,86653,0,86052,26,1772986,26,1623215,1199,402,3891,154117,98611,0,0,16
1786393603597,12368896,9722896,10038800,1337504,8331120,0,86653,0,86052,26,1772986,26,1623215,1199,402,3891,154117,98611,0,0,16
1786393604099,12368896,9723344,10039248,1337504,8331120,0,86653,0,86052,26,1772986,26,1623215,1199,402,3891,154117,98611,0,0,16
1786393604610,12368896,9730784,10046688,1337504,8331120,0,86653,0,86052,26,1772986,26,1623215,1199,402,3891,154117,98611,0,0,16
1786393605122,12368896,9730784,10046688,1337504,8331120,0,86653,0,86052,21,1772986,21,1623215,1199,402,3891,154117,98611,0,0,16
1786393605634,12368896,9738464,10054368,1337504,8331120,0,86653,0,86052,21,1772986,21,1623215,1199,402,3891,154117,98611,0,0,16
1786393606146,12368896,9738464,10054368,1337504,8331120,0,86653,0,86052,21,1772986,21,1623215,1199,402,3891,154117,98611,0,0,16
1786393606658,12368896,9745904,10061808,1337504,8331120,0,86653,0,86052,21,1772986,21,1623215,1199,402,3891,154117,98611,0,0,16
1786393607165,12368896,9745904,10061808,1337504,8331120,0,86653,0,86052,35,1796835,35,1646868,1199,402,3891,154117,98611,0,0,16
1786393607668,12368896,9753584,10069488,1337504,8331120,0,86653,0,86052,35,1796835,35,1646868,1199,402,3891,154117,98611,0,0,16
1786393608171,12368896,9753584,10069488,1337504,8331120,0,86653,0,86052,35,1796835,35,1646868,1199,402,3891,154117,98611,0,0,16
1786393608681,12368896,9761648,10077552,1337504,8331120,0,86653,0,86052,35,1796835,35,1646868,1199,402,3891,154117,98611,0,0,16
1786393609184,12368896,9761648,10077552,1337504,8331120,0,86653,0,86052,28,1796835,28,1646868,1199,402,3891,154117,98611,0,0,16
1786393609685,12368896,9761408,10077312,1337504,8331120,0,86653,0,86052,28,1796835,28,1646868,1199,402,3891,154117,98611,0,0,16
1786393610196,12368896,9763504,10079408,1337504,8331120,0,86653,0,86052,28,1796835,28,1646868,1199,402,3891,154117,98611,0,0,16
1786393610698,12368896,9763504,10079408,1337504,8331120,0,86653,0,86052,28,1796835,28,1646868,1199,402,3891,154117,98611,0,0,16
1786393611210,12368896,9763872,10079776,1337504,8331120,0,86653,0,86052,24,1796835,24,1646868,1199,402,3891,154117,98611,0,0,16
1786393611722,12368896,9763872,10079776,1337504,8331120,0,86653,0,86052,24,1796835,24,1646868,1199,402,3891,154117,98611,0,0,16
1786393612232,12368896,9764528,10080432,1337504,8331120,0,86653,0,86052,24,1796835,24,1646868,1199,402,3891,154117,98611,0,0,16
1786393612735,12368896,9764528,10080432,1337504,8331120,0,86653,0,86052,24,1796835,24,1646868,1199,402,3891,154117,98611,0,0,16
1786393613247,12368896,9764528,10080432,1337504,8331120,0,86653,0,86052,19,1796835,19,1646868,1199,402,3891,154117,98611,0,0,16
1786393613759,12368896,9764528,10080432,1337504,8331120,0,86653,0,86052,19,1810985,19,1660878,1199,402,3891,154117,98611,0,0,16
1786393614286,12368896,9765600,10081712,1337712,8331120,0,86653,0,86052,19,1811006,19,1660891,1199,402,3891,154117,98611,0,0,16
1786393614797,12368896,9763920,10081376,1339344,8331120,0,86653,0,86052,19,1956369,19,1806222,1199,402,3891,154117,98611,0,0,16
1786393615299,12368896,9763680,10081408,1339344,8331120,0,86653,0,86052,161,1956369,142,1806222,1199,402,3891,154117,98611,0,0,16
1786393615802,12368896,9763680,10081408,1339344,8331120,0,86653,0,86052,161,1956369,142,1806222,1199,402,3891,154117,98611,0,0,16
1786393616304,12368896,9763680,10081408,1339344,8331120,0,86653,0,86052,161,1956369,142,1806222,1199,402,3891,154117,98611,0,0,16
1786393616811,12368896,9763680,10081408,1339344,8331120,0,86653,0,86052,161,1956369,142,1806222,1199,402,3891,154117,98611,0,0,16
1786393617313,12368896,9763680,10081408,1339344,8331120,0,86653,0,86052,131,1956369,115,1806222,1199,402,3891,154117,98611,0,0,16
1786393617816,12368896,9763680,10081408,1339344,8331120,0,86653,0,86052,131,1956369,115,1806222,1199,402,3891,154117,98611,0,0,16
1786393618322,12368896,9763680,10081424,1339344,8331120,0,86653,0,86052,131,1956369,115,1806222,1199,402,3891,154117,98611,0,0,16
1786393618834,12368896,9763440,10081184,1339344,8331120,0,86653,0,86052,131,1956369,115,1806222,1199,402,3891,154117,98611,0,0,16
1786393619346,12368896,9763440,10081184,1339376,8331120,0,86653,0,86052,107,1956901,95,1806744,1199,402,3891,154117,98611,0,0,16
1786393619859,12368896,9763440,10081184,1339376,8331120,0,86653,0,86052,107,1956901,95,1806744,1199,402,3891,154117,98611,0,0,16
1786393620362,12368896,9763440,10081184,1339376,8331120,0,86653,0,86052,107,1956901,95,1806744,1199,402,3891,154117,98611,0,0,16
1786393620866,12368896,9763440,10081184,1339376,8331120,0,86653,0,86052,107,1956901,95,1806744,1199,402,3891,154117,98611,0,0,16
1786393621378,12368896,9763200,10080976,1339376,8331120,0,86653,0,86052,88,1956901,78,1806744,1199,402,3891,154117,98611,0,0,16
1786393621890,12368896,9763200,10080976,1339376,8331120,0,86653,0,86052,88,1956901,78,1806744,1199,402,3891,154117,98611,0,0,16
1786393622394,12368896,9763200,10080976,1339376,8331120,0,86653,0,86052,88,1956901,78,1806744,1199,402,3891,154117,98611,0,0,16
1786393622896,12368896,9763200,10080976,1339376,8331120,0,86653,0,86052,88,1956901,78,1806744,1199,402,3891,154117,98611,0,0,16
1786393623401,12368896,9762960,10080736,1339376,8331120,0,86653,0,86052,72,1956901,64,1806744,1199,402,3891,154117,98611,0,0,16
1786393623904,12368896,9762960,10080736,1339376,8331120,0,86653,0,86052,72,1956901,64,1806744,1199,402,3891,154117,98611,0,0,16
1786393624410,12368896,9762960,10080736,1339376,8331120,0,86653,0,86052,72,1956901,64,1806744,1199,402,3891,154117,98611,0,0,16
1786393624922,12368896,9762960,10080736,1339376,8331120,0,86653,0,86052,72,1956901,64,1806744,1199,402,3891,154117,98611,0,0,16
1786393625428,12368896,9762960,10080736,1339376,8331120,0,86653,0,86052,59,1956901,52,1806744,1199,402,3891,154117,98611,0,0,16
1786393625930,12368896,9762960,10080736,1339376,8331120,0,86653,0,86052,59,1956901,52,1806744,1199,402,3891,154117,98611,0,0,16
1786393626442,12368896,9762720,10080496,1339376,8331120,0,86653,0,86052,59,1956901,52,1806744,1199,402,3891,154117,98611,0,0,16
1786393626948,12368896,9762720,10080496,1339376,8331120,0,86653,0,86052,48,1956901,42,1806744,1199,402,3891,154117,98611,0,0,16
1786393627459,12368896,9762720,10080496,1339376,8331120,0,86653,0,86052,48,1956901,42,1806744,1199,402,3891,154117,98611,0,0,16
1786393627968,12368896,9762720,10080496,1339376,8331120,0,86653,0,86052,48,1956901,42,1806744,1199,402,3891,154117,98611,0,0,16
1786393628477,12368896,9762720,10080496,1339376,8331120,0,86653,0,86052,48,1956901,42,1806744,1199,402,3891,154117,98611,0,0,16
1786393628981,12368896,9762720,10080496,1339376,8331120,0,86653,0,86052,39,1956901,35,1806744,1199,402,3891,154117,98611,0,0,16
1786393629487,12368896,9762720,10080496,1339376,8331120,0,86653,0,86052,39,1956901,35,1806744,1199,402,3891,154117,98611,0,0,16
1786393629996,12368896,9762720,10080496,1339376,8331120,0,86653,0,86052,39,1956901,35,1806744,1199,402,3891,154117,98611,0,0,16
1786393630503,12368896,9762720,10080496,1339376,8331120,0,86653,0,86052,39,1956901,35,1806744,1199,402,3891,154117,98611,0,0,16
1786393631007,12368896,9762720,10080496,1339376,8331120,0,86653,0,86052,32,1956901,28,1806744,1199,402,3891,154117,98611,0,0,16
1786393631522,12368896,9762720,10080496,1339376,8331120,0,86653,0,86052,32,1956901,28,1806744,1199,402,3891,154117,98611,0,0,16
1786393632027,12368896,9762720,10080496,1339376,8331120,0,86653,0,86052,32,1956901,28,1806744,1199,402,3891,154117,98611,0,0,16
1786393632530,12368896,9762720,10080496,1339376,8331120,0,86653,0,86052,32,1956901,28,1806744,1199,402,3891,154117,98611,0,0,16
1786393633036,12368896,9762720,10080496,1339376,8331120,0,86653,0,86052,26,1956901,23,1806744,1199,402,3891,154117,98611,0,0,16
1786393633538,12368896,9762720,10080496,1339376,8331120,0,86653,0,86052,26,1956901,23,1806744,1199,402,3891,154117,98611,0,0,16
1786393634040,12368896,9762720,10080496,1339376,8331120,0,86653,0,86052,26,1956901,23,1806744,1199,402,3891,154117,98611,0,0,16
1786393634551,12368896,9762720,10080496,1339376,8331120,0,86653,0,86052,26,1956901,23,1806744,1199,402,3891,154117,98611,0,0,16
1786393635052,12368896,9762720,10080496,1339376,8331120,0,86653,0,86052,21,1956901,19,1806744,1199,402,3891,154117,98611,0,0,16
1786393635554,12368896,9762720,10080496,1339376,8331120,0,86653,0,86052,21,1956901,19,1806744,1199,402,3891,154117,98611,0,0,16
1786393636062,12368896,9762480,10080256,1339376,8331120,0,86653,0,86052,21,1956901,19,1806744,1199,402,3891,154117,98611,0,0,16
1786393636570,12368896,9762480,10080256,1339376,8331120,0,86653,0,86052,21,1956901,19,1806744,1199,402,3891,154117,98611,0,0,16
1786393637073,12368896,9762480,10080256,1339376,8331120,0,86653,0,86052,17,1956901,15,1806744,1199,402,3891,154117,98611,0,0,16
1786393637581,12368896,9762480,10080256,1339376,8331120,0,86653,0,86052,17,1956901,15,1806744,1199,402,3891,154117,98611,0,0,16
1786393638087,12368896,9762480,10080256,1339376,8331120,0,86653,0,86052,17,1956901,15,1806744,1199,402,3891,154117,98611,0,0,16
1786393638589,12368896,9762480,10080256,1339376,8331120,0,86653,0,86052,17,1956901,15,1806744,1199,402,3891,154117,98611,0,0,16
1786393639099,12368896,9762480,10080256,1339376,8331120,0,86653,0,86052,14,1956901,12,1806744,1199,402,3891,154117,98611,0,0,16
1786393639602,12368896,9762480,10080256,1339376,8331120,0,86653,0,86052,14,1956901,12,1806744,1199,402,3891,154117,98611,0,0,16
1786393640104,12368896,9762480,10080256,1339376,8331120,0,86653,0,86052,14,1956901,12,1806744,1199,402,3891,154117,98611,0,0,16
1786393640611,12368896,9762480,10080256,1339376,8331120,0,86653,0,86052,14,1956901,12,1806744,1199,402,3891,154117,98611,0,0,16
1786393641117,12368896,9762480,10080256,1339376,8331120,0,86653,0,86052,11,1956901,10,1806744,1199,402,3891,154117,98611,0,0,16
1786393641619,12368896,9762480,10080256,1339376,8331120,0,86653,0,86052,11,1956901,10,1806744,1199,402,3891,154117,98611,0,0,16
1786393642130,12368896,9762480,10080256,1339376,8331120,0,86653,0,86052,11,1956901,10,1806744,1199,402,3891,154117,98611,0,0,16
1786393642639,12368896,9762480,10080256,1339376,8331120,0,86653,0,86052,11,1956901,10,1806744,1199,402,3891,154117,98611,0,0,16
1786393643151,12368896,9762480,10080256,1339376,8331120,0,86653,0,86052,9,1956901,8,1806744,1199,402,3891,154117,98611,0,0,16
1786393643658,12368896,9762480,10080256,1339376,8331120,0,86653,0,86052,9,1956901,8,1806744,1199,402,3891,154117,98611,0,0,16
1786393644165,12368896,9762480,10080256,1339376,8331120,0,86653,0,86052,9,1956901,8,1806744,1199,402,3891,154117,98611,0,0,16
1786393644678,12368896,9762480,10080256,1339376,8331120,0,86653,0,86052,9,1956901,8,1806744,1199,402,3891,154117,98611,0,0,16
1786393645199,12368896,9762480,10080256,1339376,8331120,0,86653,0,86052,7,1957726,7,1807569,1199,402,3891,154117,98611,0,0,16
1786393645711,12368896,9762240,10080016,1339376,8331120,0,86653,0,86052,7,1957726,7,1807569,1199,402,3891,154117,98611,0,0,16
1786393646222,12368896,9762240,10080016,1339376,8331120,0,86653,0,86052,7,1957726,7,1807569,1199,402,3891,154117,98611,0,0,16
1786393646723,12368896,9762240,10080016,1339376,8331120,0,86653,0,86052,7,1957726,7,1807569,1199,402,3891,154117,98611,0,0,16
1786393647226,12368896,9762000,10079776,1339376,8331120,0,86653,0,86052,6,1957726,5,1807569,1199,402,3891,154117,98611,0,0,16
1786393647730,12368896,9762000,10079776,1339376,8331120,0,86653,0,86052,6,1957726,5,1807569,1199,402,3891,154117,98611,0,0,16
1786393648232,12368896,9762000,10079776,1339376,8331120,0,86653,0,86052,6,1957726,5,1807569,1199,402,3891,154117,98611,0,0,16
1786393648744,12368896,9762000,10079776,1339376,8331120,0,86653,0,86052,6,1957726,5,1807569,1199,402,3891,154117,98611,0,0,16
1786393649249,12368896,9762000,10079776,1339376,8331120,0,86653,0,86052,5,1957726,4,1807569,1199,402,3891,154117,98611,0,0,16
1786393649761,12368896,9762000,10079776,1339376,8331120,0,86653,0,86052,5,1957726,4,1807569,1199,402,3891,154117,98611,0,0,16
1786393650276,12368896,9762000,10079776,1339392,8331120,0,86653,0,86052,5,1977739,4,1827541,1199,402,3891,154117,98611,0,0,16
1786393650777,12368896,9762000,10079776,1339392,8331120,0,86653,0,86052,5,1977739,4,1827541,1199,402,3891,154117,98611,0,0,16
1786393651280,12368896,9762000,10079776,1339392,8331120,0,86653,0,86052,22,1977739,21,1827541,1199,402,3891,154117,98611,0,0,16
1786393651792,12368896,9762000,10079776,1339392,8331120,0,86653,0,86052,22,1977739,21,1827541,1199,402,3891,154117,98611,0,0,16
1786393652302,12368896,9762000,10079776,1339392,8331120,0,86653,0,86052,22,1977739,21,1827541,1199,402,3891,154117,98611,0,0,16
1786393652814,12368896,9762000,10079792,1339392,8331120,0,86653,0,86052,22,1977739,21,1827541,1199,402,3891,154117,98611,0,0,16
1786393653316,12368896,9762000,10079792,1339392,8331120,0,86653,0,86052,18,1977739,17,1827541,1199,402,3891,154117,98611,0,0,16
1786393653822,12368896,9762000,10079792,1339392,8331120,0,86653,0,86052,18,1977739,17,1827541,1199,402,3891,154117,98611,0,0,16
1786393654331,12368896,9761760,10079552,1339392,8331120,0,86653,0,86052,18,1977739,17,1827541,1199,402,3891,154117,98611,0,0,16
1786393654835,12368896,9761760,10079552,1339392,8331120,0,86653,0,86052,18,1977739,17,1827541,1199,402,3891,154117,98611,0,0,16
1786393655343,12368896,9761760,10079552,1339392,8331120,0,86653,0,86052,14,1977739,14,1827541,1199,402,3891,154117,98611,0,0,16
1786393655846,12368896,9761760,10079552,1339392,8331120,0,86653,0,86052,14,1977739,14,1827541,1199,402,3891,154117,98611,0,0,16
1786393656349,12368896,9761520,10079312,1339392,8331120,0,86653,0,86052,14,1977739,14,1827541,1199,402,3891,154117,98611,0,0,16
1786393656861,12368896,9761520,10079312,1339392,8331120,0,86653,0,86052,14,1977739,14,1827541,1199,402,3891,154117,98611,0,0,16
1786393657363,12368896,9761520,10079312,1339392,8331120,0,86653,0,86052,12,1977739,11,1827541,1199,402,3891,154117,98611,0,0,16
1786393657875,12368896,9761520,10079312,1339392,8331120,0,86653,0,86052,12,1977739,11,1827541,1199,402,3891,154117,98611,0,0,16
1786393658380,12368896,9761520,10079312,1339408,8331120,0,86653,0,86052,12,1977739,11,1827541,1199,402,3891,154117,98611,0,0,16
1786393658891,12368896,9761520,10079312,1339408,8331120,0,86653,0,86052,12,1977739,11,1827541,1199,402,3891,154117,98611,0,0,16
1786393659395,12368896,9761280,10079072,1339408,8331120,0,86653,0,86052,10,1977739,9,1827541,1199,402,3891,154117,98611,0,0,16
1786393659906,12368896,9761280,10079072,1339408,8331120,0,86653,0,86052,10,1977739,9,1827541,1199,402,3891,154117,98611,0,0,16
1786393660416,12368896,9761280,10079072,1339408,8331120,0,86653,0,86052,10,1977739,9,1827541,1199,402,3891,154117,98611,0,0,16
1786393660926,12368896,9761280,10079072,1339408,8331120,0,86653,0,86052,10,1977739,9,1827541,1199,402,3891,154117,98611,0,0,16
1786393661432,12368896,9761280,10079072,1339408,8331120,0,86653,0,86052,8,1977739,7,1827541,1199,402,3891,154117,98611,0,0,16
1786393661948,12368896,9761280,10079072,1339408,8331120,0,86653,0,86052,8,1977739,7,1827541,1199,402,3891,154117,98611,0,0,16
1786393662457,12368896,9761280,10079072,1339408,8331120,0,86653,0,86052,8,1977739,7,1827541,1199,402,3891,154117,98611,0,0,16
1786393662959,12368896,9761280,10079072,1339408,8331120,0,86653,0,86052,6,1977739,6,1827541,1199,402,3891,154117,98611,0,0,16
1786393663471,12368896,9761280,10079072,1339408,8331120,0,86653,0,86052,6,1977739,6,1827541,1199,402,3891,154117,98611,0,0,16
1786393663983,12368896,9761280,10079072,1339408,8331120,0,86653,0,86052,6,1977739,6,1827541,1199,402,3891,154117,98611,0,0,16
1786393664487,12368896,9761280,10079072,1339408,8331120,0,86653,0,86052,6,1977739,6,1827541,1199,402,3891,154117,98611,0,0,16
1786393664989,12368896,9761280,10079072,1339408,8331120,0,86653,0,86052,5,1977739,5,1827541,1199,402,3891,154117,98611,0,0,16
1786393665494,12368896,9761040,10078832,1339408,8331120,0,86653,0,86052,5,1977739,5,1827541,1199,402,3891,154117,98611,0,0,16
1786393666005,12368896,9761040,10078832,1339408,8331120,0,86653,0,86052,5,1977739,5,1827541,1199,402,3891,154117,98611,0,0,16
1786393666514,12368896,9761040,10078832,1339408,8331120,0,86653,0,86052,5,1977739,5,1827541,1199,402,3891,154117,98611,0,0,16
1786393667025,12368896,9761040,10078832,1339408,8331120,0,86653,0,86052,4,1977739,4,1827541,1199,402,3891,154117,98611,0,0,16
1786393667530,12368896,9760800,10078592,1339408,8331120,0,86653,0,86052,4,1977739,4,1827541,1199,402,3891,154117,98611,0,0,16
1786393668040,12368896,9760800,10078592,1339408,8331120,0,86653,0,86052,4,1977739,4,1827541,1199,402,3891,154117,98611,0,0,16
1786393668547,12368896,9760800,10078592,1339408,8331120,0,86653,0,86052,4,1977739,4,1827541,1199,402,3891,154117,98611,0,0,16
1786393669055,12368896,9760800,10078592,1339408,8331120,0,86653,0,86052,3,1977739,3,1827541,1199,402,3891,154117,98611,0,0,16
1786393669566,12368896,9760800,10078592,1339408,8331120,0,86653,0,86052,3,1977739,3,1827541,1199,402,3891,154117,98611,0,0,16
1786393670074,12368896,9760800,10078592,1339408,8331120,0,86653,0,86052,3,1977739,3,1827541,1199,402,3891,154117,98611,0,0,16
1786393670579,12368896,9760800,10078592,1339408,8331120,0,86653,0,86052,3,1977739,3,1827541,1199,402,3891,154117,98611,0,0,16
1786393671090,12368896,9760800,10078592,1339408,8331120,0,86653,0,86052,2,1977739,2,1827541,1199,402,3891,154117,98611,0,0,16
1786393671602,12368896,9760800,10078592,1339408,8331120,0,86653,0,86052,2,1977739,2,1827541,1199,402,3891,154117,98611,0,0,16
1786393672112,12368896,9760800,10078592,1339408,8331120,0,86653,0,86052,2,1977739,2,1827541,1199,402,3891,154117,98611,0,0,16
1786393672624,12368896,9760800,10078592,1339408,8331120,0,86653,0,86052,2,1977739,2,1827541,1199,402,3891,154117,98611,0,0,16
1786393673135,12368896,9760800,10078592,1339408,8331120,0,86653,0,86052,2,1977739,2,1827541,1199,402,3891,154117,98611,0,0,16
1786393673647,12368896,9760800,10078592,1339408,8331120,0,86653,0,86052,2,1977739,2,1827541,1199,402,3891,154117,98611,0,0,16
1786393674152,12368896,9760800,10078592,1339408,8331120,0,86653,0,86052,2,1977739,2,1827541,1199,402,3891,154117,98611,0,0,16
1786393674662,12368896,9760800,10078592,1339408,8331120,0,86653,0,86052,2,1977739,2,1827541,1199,402,3891,154117,98611,0,0,16
1786393675174,12368896,9760800,10078592,1339408,8331120,0,86653,0,86052,1,1977739,1,1827541,1199,402,3891,154117,98611,0,0,16
1786393675677,12368896,9760560,10078352,1339408,8331120,0,86653,0,86052,1,1977739,1,1827541,1199,402,3891,154117,98611,0,0,16
1786393676186,12368896,9760560,10078352,1339408,8331120,0,86653,0,86052,1,1977739,1,1827541,1199,402,3891,154117,98611,0,0,16
1786393676691,12368896,9760560,10078352,1339408,8331120,0,86653,0,86052,1,1977739,1,1827541,1199,402,3891,154117,98611,0,0,16
1786393677195,12368896,9760320,10078112,1339408,8331120,0,86653,0,86052,1,1977739,1,1827541,1199,402,3891,154117,98611,0,0,16
1786393677703,12368896,9760320,10078112,1339408,8331120,0,86653,0,86052,1,1977739,1,1827541,1199,402,3891,154117,98611,0,0,16
1786393678205,12368896,9760320,10078112,1339408,8331120,0,86653,0,86052,1,1977739,1,1827541,1199,402,3891,154117,98611,0,0,16
1786393678712,12368896,9760320,10078112,1339408,8331120,0,86653,0,86052,1,1977739,1,1827541,1199,402,3891,154117,98611,0,0,16
1786393679214,12368896,9760320,10078112,1339408,8331120,0,86653,0,86052,1,1977739,1,1827541,1199,402,3891,154117,98611,0,0,16
1786393679723,12368896,9760320,10078112,1339408,8331120,0,86653,0,86052,1,1977739,1,1827541,1199,402,3891,154117,98611,0,0,16
1786393680235,12368896,9760320,10078112,1339408,8331120,0,86653,0,86052,1,1977739,1,1827541,1199,402,3891,154117,98611,0,0,16
1786393680740,12368896,9760080,10077872,1339408,8331120,0,86653,0,86052,1,1977739,1,1827541,1199,402,3891,154117,98611,0,0,16
1786393681245,12368896,9760080,10077872,1339408,8331120,0,86653,0,86052,0,1977739,0,1827541,1199,402,3891,154117,98611,0,0,16
1786393681747,12368896,9760080,10077872,1339408,8331120,0,86653,0,86052,0,1977739,0,1827541,1199,402,3891,154117,98611,0,0,16
1786393682250,12368896,9760080,10077872,1339408,8331120,0,86653,0,86052,0,1977739,0,1827541,1199,402,3891,154117,98611,0,0,16
1786393682762,12368896,9760080,10077872,1339408,8331120,0,86653,0,86052,0,1977739,0,1827541,1199,402,3891,154117,98611,0,0,16
1786393683264,12368896,9760080,10077872,1339408,8331120,0,86653,0,86052,0,1977739,0,1827541,1199,402,3891,154117,98611,0,0,16
1786393683775,12368896,9760080,10077872,1339408,8331120,0,86653,0,86052,0,1977739,0,1827541,1199,402,3891,154117,98611,0,0,16
1786393684280,12368896,9759840,10077632,1339408,8331120,0,86653,0,86052,0,1977739,0,1827541,1199,402,3891,154117,98611,0,0,16
1786393684784,12368896,9759840,10077632,1339408,8331120,0,86653,0,86052,0,1977739,0,1827541,1199,402,3891,154117,98611,0,0,16
1786393685290,12368896,9759840,10077632,1339408,8331120,0,86653,0,86052,0,1977739,0,1827541,1199,402,3891,154117,98611,0,0,16
1786393685802,12368896,9759840,10077632,1339408,8331120,0,86653,0,86052,0,1977739,0,1827541,1199,402,3891,154117,98611,0,0,16
1786393686314,12368896,9759840,10077632,1339408,8331120,0,86653,0,86052,0,1977739,0,1827541,1199,402,3891,154117,98611,0,0,16
1786393686819,12368896,9759840,10077632,1339408,8331120,0,86653,0,86052,0,1977739,0,1827541,1199,402,3891,154117,98611,0,0,16
1786393687332,12368896,9759840,10077632,1339408,8331120,0,86653,0,86052,0,1977739,0,1827541,1199,402,3891,154117,98611,0,0,16
1786393687836,12368896,9759840,10077632,1339408,8331120,0,86653,0,86052,0,1977739,0,1827541,1199,402,3891,154117,98611,0,0,16
1786393688339,12368896,9759840,10077632,1339408,8331120,0,86653,0,86052,0,1977739,0,1827541,1199,402,3891,154117,98611,0,0,16
1786393688850,12368896,9759600,10077392,1339408,8331120,0,86653,0,86052,0,1977739,0,1827541,1199,402,3891,154117,98611,0,0,16
1786393689362,12368896,9759600,10077392,1339408,8331120,0,86653,0,86052,0,1977739,0,1827541,1199,402,3891,154117,98611,0,0,16
1786393689866,12368896,9759600,10077392,1339408,8331120,0,86653,0,86052,0,1977739,0,1827541,1199,402,3891,154117,98611,0,0,16
1786393690368,12368896,9759600,10077392,1339408,8331120,0,86653,0,86052,0,1977739,0,1827541,1199,402,3891,154117,98611,0,0,16
1786393690877,12368896,9759600,10077392,1339408,8331120,0,86653,0,86052,0,1977739,0,1827541,1199,402,3891,154117,98611,0,0,16
1786393691381,12368896,9759600,10077392,1339408,8331120,0,86653,0,86052,0,1977739,0,1827541,1199,402,3891,154117,98611,0,0,16
1786393691892,12368896,9759600,10077392,1339408,8331120,0,86653,0,86052,0,1977739,0,1827541,1199,402,3891,154117,98611,0,0,16
1786393692395,12368896,9759600,10077392,1339408,8331120,0,86653,0,86052,0,1977739,0,1827541,1199,402,3891,154117,98611,0,0,16
1786393692908,12368896,9759600,10077392,1339408,8331120,0,86653,0,86052,0,1977739,0,1827541,1199,402,3891,154117,98611,0,0,16
1786393693414,12368896,9759600,10077392,1339408,8331120,0,86653,0,86052,0,1977739,0,1827541,1199,402,3891,154117,98611,0,0,16
1786393693927,12368896,9759600,10077392,1339408,8331120,0,86653,0,86052,0,1977739,0,1827541,1199,402,3891,154117,98611,0,0,16
1786393694436,12368896,9759600,10077392,1339408,8331120,0,86653,0,86052,0,1977739,0,1827541,1199,402,3891,154117,98611,0,0,16
1786393694939,12368896,9759600,10077392,1339408,8331120,0,86653,0,86052,0,1977739,0,1827541,1199,402,3891,154117,98611,0,0,16
1786393695441,12368896,9759600,10077392,1339408,8331120,0,86653,0,86052,0,1977739,0,1827541,1199,402,3891,154117,98611,0,0,16
1786393695952,12368896,9759600,10077392,1339408,8331120,0,86653,0,86052,0,1977739,0,1827541,1199,402,3891,154117,98611,0,0,16
1786393696453,12368896,9759600,10077392,1339408,8331120,0,86653,0,86052,0,1977739,0,1827541,1199,402,3891,154117,98611,0,0,16
1786393696956,12368896,9759360,10077152,1339408,8331120,0,86653,0,86052,0,1977739,0,1827541,1199,402,3891,154117,98611,0,0,16
1786393697462,12368896,9759360,10077152,1339408,8331120,0,86653,0,86052,0,1977739,0,1827541,1199,402,3891,154117,98611,0,0,16
1786393697972,12368896,9759360,10077152,1339408,8331120,0,86653,0,86052,0,1977739,0,1827541,1199,402,3891,154117,98611,0,0,16
1786393698480,12368896,9759360,10077152,1339408,8331120,0,86653,0,86052,0,1977739,0,1827541,1199,402,3891,154117,98611,0,0,16
1786393698982,12368896,9759360,10077152,1339408,8331120,0,86653,0,86052,0,1977739,0,1827541,1199,402,3891,154117,98611,0,0,16
1786393699492,12368896,9759360,10077152,1339408,8331120,0,86653,0,86052,0,1977739,0,1827541,1199,402,3891,154117,98611,0,0,16
1786393699997,12368896,9759360,10077152,1339408,8331120,0,86653,0,86052,0,1977739,0,1827541,1199,402,3891,154117,98611,0,0,16
1786393700508,12368896,9759360,10077152,1339408,8331120,0,86653,0,86052,0,1977739,0,1827541,1199,402,3891,154117,98611,0,0,16
1786393701010,12368896,9759360,10077152,1339408,8331120,0,86653,0,86052,0,1977739,0,1827541,1199,402,3891,154117,98611,0,0,16
1786393701522,12368896,9759360,10077152,1339408,8331120,0,86653,0,86052,0,1977739,0,1827541,1199,402,3891,154117,98611,0,0,16
1786393702030,12368896,9759360,10077152,1339408,8331120,0,86653,0,86052,0,1977739,0,1827541,1199,402,3891,154117,98611,0,0,16
1786393702533,12368896,9759360,10077152,1339408,8331120,0,86653,0,86052,0,1977739,0,1827541,1199,402,3891,154117,98611,0,0,16
1786393703037,12368896,9759360,10077152,1339408,8331120,0,86653,0,86052,0,1977739,0,1827541,1199,402,3891,154117,98611,0,0,16
1786393703538,12368896,9759360,10077152,1339408,8331120,0,86653,0,86052,0,1977739,0,1827541,1199,402,3891,154117,98611,0,0,16
1786393704042,12368896,9759360,10077152,1339408,8331120,0,86653,0,86052,0,1977739,0,1827541,1199,402,3891,154117,98611,0,0,16
1786393704548,12368896,9759120,10076912,1339408,8331120,0,86653,0,86052,0,1977739,0,1827541,1199,402,3891,154117,98611,0,0,16
1786393705060,12368896,9759120,10076912,1339408,8331120,0,86653,0,86052,0,1977739,0,1827541,1199,402,3891,154117,98611,0,0,16
1786393705564,12368896,9759120,10076912,1339408,8331120,0,86653,0,86052,0,1977739,0,1827541,1199,402,3891,154117,98611,0,0,16
1786393706074,12368896,9759120,10076912,1339408,8331120,0,86653,0,86052,0,1977739,0,1827541,1199,402,3891,154117,98611,0,0,16
1786393706578,12368896,9759120,10076912,1339408,8331120,0,86653,0,86052,0,1977739,0,1827541,1199,402,3891,154117,98611,0,0,16
1786393707086,12368896,9759120,10076912,1339408,8331120,0,86653,0,86052,0,1977739,0,1827541,1199,402,3891,154117,98611,0,0,16
1786393707597,12368896,9759120,10076912,1339408,8331120,0,86653,0,86052,0,1977739,0,1827541,1199,402,3891,154117,98611,0,0,16
1786393708106,12368896,9759120,10076912,1339408,8331120,0,86653,0,86052,0,1977739,0,1827541,1199,402,3891,154117,98611,0,0,16
1786393708607,12368896,9759120,10076912,1339408,8331120,0,86653,0,86052,0,1977739,0,1827541,1199,402,3891,154117,98611,0,0,16
1786393709109,12368896,9759120,10076912,1339408,8331120,0,86653,0,86052,0,1977739,0,1827541,1199,402,3891,154117,98611,0,0,16
1786393709617,12368896,9759120,10076912,1339408,8331120,0,86653,0,86052,0,1977739,0,1827541,1199,402,3891,154117,98611,0,0,16
1786393710121,12368896,9759120,10076912,1339408,8331120,0,86653,0,86052,0,1977739,0,1827541,1199,402,3891,154117,98611,0,0,16
1786393710630,12368896,9758880,10076672,1339408,8331120,0,86653,0,86052,0,1977739,0,1827541,1199,402,3891,154117,98611,0,0,16
1786393711138,12368896,9758880,10076672,1339408,8331120,0,86653,0,86052,0,1977739,0,1827541,1199,402,3891,154117,98611,0,0,16
1786393711641,12368896,9758880,10076672,1339408,8331120,0,86653,0,86052,0,1977739,0,1827541,1199,402,3891,154117,98611,0,0,16
1786393712150,12368896,9758880,10076672,1339408,8331120,0,86653,0,86052,0,1977739,0,1827541,1199,402,3891,154117,98611,0,0,16
1786393712658,12368896,9758640,10076432,1339408,8331120,0,86653,0,86052,0,1977739,0,1827541,1199,402,3891,154117,98611,0,0,16
1786393713163,12368896,9758640,10076432,1339408,8331120,0,86653,0,86052,0,1977739,0,1827541,1199,402,3891,154117,98611,0,0,16
1786393713665,12368896,9758640,10076432,1339408,8331120,0,86653,0,86052,0,1977739,0,1827541,1199,402,3891,154117,98611,0,0,16
1786393714176,12368896,9758640,10076432,1339408,8331120,0,86653,0,86052,0,1977739,0,1827541,1199,402,3891,154117,98611,0,0,16
1786393714681,12368896,9758400,10076192,1339408,8331120,0,86653,0,86052,0,1977739,0,1827541,1199,402,3891,154117,98611,0,0,16
1786393715192,12368896,9758400,10076192,1339408,8331120,0,86653,0,86052,0,1977739,0,1827541,1199,402,3891,154117,98611,0,0,16
1786393715702,12368896,9758400,10076192,1339408,8331120,0,86653,0,86052,0,1977739,0,1827541,1199,402,3891,154117,98611,0,0,16
1786393716208,12368896,9758400,10076192,1339408,8331120,0,86653,0,86052,0,1977739,0,1827541,1199,402,3891,154117,98611,0,0,16
1786393716714,12368896,9758400,10076192,1339408,8331120,0,86653,0,86052,0,1977739,0,1827541,1199,402,3891,154117,98611,0,0,16
1786393717220,12368896,9758400,10076192,1339408,8331120,0,86653,0,86052,0,1977739,0,1827541,1199,402,3891,154117,98611,0,0,16
1786393717722,12368896,9758400,10076192,1339408,8331120,0,86653,0,86052,0,1977739,0,1827541,1199,402,3891,154117,98611,0,0,16
1786393718232,12368896,9758400,10076192,1339408,8331120,0,86653,0,86052,0,1977739,0,1827541,1199,402,3891,154117,98611,0,0,16
1786393718745,12368896,9758400,10076192,1339408,8331120,0,86653,0,86052,0,1977739,0,1827541,1199,402,3891,154117,98611,0,0,16
1786393719247,12368896,9758400,10076192,1339408,8331120,0,86653,0,86052,0,1977739,0,1827541,1199,402,3891,154117,98611,0,0,16
1786393719750,12368896,9758400,10076192,1339408,8331120,0,86653,0,86052,0,1977739,0,1827541,1199,402,3891,154117,98611,0,0,16
1786393720261,12368896,9758400,10076192,1339408,8331120,0,86653,0,86052,0,1977739,0,1827541,1199,402,3891,154117,98611,0,0,16
1786393720769,12368896,9758400,10076192,1339408,8331120,0,86653,0,86052,0,1977739,0,1827541,1199,402,3891,154117,98611,0,0,16
1786393721270,12368896,9758400,10076192,1339408,8331120,0,86653,0,86052,0,1977739,0,1827541,1199,402,3891,154117,98611,0,0,16
1786393721783,12368896,9758400,10076192,1339408,8331120,0,86653,0,86052,0,1977739,0,1827541,1199,402,3891,154117,98611,0,0,16
1786393722292,12368896,9758400,10076192,1339408,8331120,0,86653,0,86052,0,1977739,0,1827541,1199,402,3891,154117,98611,0,0,16
1786393722799,12368896,9758400,10076192,1339408,8331120,0,86653,0,86052,0,1977739,0,1827541,1199,402,3891,154117,98611,0,0,16
1786393723311,12368896,9758400,10076192,1339408,8331120,0,86653,0,86052,0,1977739,0,1827541,1199,402,3891,154117,98611,0,0,16
1786393723819,12368896,9758400,10076192,1339408,8331120,0,86653,0,86052,0,1977739,0,1827541,1199,402,3891,154117,98611,0,0,16
1786393724322,12368896,9758400,10076192,1339408,8331120,0,86653,0,86052,0,1977739,0,1827541,1199,402,3891,154117,98611,0,0,16
1786393724833,12368896,9758160,10075952,1339424,8331120,0,86653,0,86052,0,1977739,0,1827541,1199,402,3891,154117,98611,0,0,16
1786393725342,12368896,9758160,10075952,1339424,8331120,0,86653,0,86052,0,1977739,0,1827541,1199,402,3891,154117,98611,0,0,16
1786393725846,12368896,9758160,10075952,1339424,8331120,0,86653,0,86052,0,1977739,0,1827541,1199,402,3891,154117,98611,0,0,16
1786393726351,12368896,9758160,10075952,1339424,8331120,0,86653,0,86052,0,1977739,0,1827541,1199,402,3891,154117,98611,0,0,16
1786393726852,12368896,9758160,10075952,1339424,8331120,0,86653,0,86052,0,1977739,0,1827541,1199,402,3891,154117,98611,0,0,16
1786393727361,12368896,9758160,10075952,1339424,8331120,0,86653,0,86052,0,1977739,0,1827541,1199,402,3891,154117,98611,0,0,16
1786393727862,12368896,9758160,10075952,1339424,8331120,0,86653,0,86052,0,1977739,0,1827541,1199,402,3891,154117,98611,0,0,16
1786393728374,12368896,9758160,10075952,1339424,8331120,0,86653,0,86052,0,1977739,0,1827541,1199,402,3891,154117,98611,0,0,16
1786393728876,12368896,9758160,10075952,1339424,8331120,0,86653,0,86052,0,1977739,0,1827541,1199,402,3891,154117,98611,0,0,16
1786393729379,12368896,9758160,10075952,1339424,8331120,0,86653,0,86052,0,1977739,0,1827541,1199,402,3891,154117,98611,0,0,16
1786393729881,12368896,9758160,10075952,1339424,8331120,0,86653,0,86052,0,1977739,0,1827541,1199,402,3891,154117,98611,0,0,16
1786393730393,12368896,9758160,10075952,1339424,8331120,0,86653,0,86052,0,1977739,0,1827541,1199,402,3891,154117,98611,0,0,16
1786393730897,12368896,9758160,10075952,1339424,8331120,0,86653,0,86052,0,1977739,0,1827541,1199,402,3891,154117,98611,0,0,16
1786393731402,12368896,9758160,10075952,1339424,8331120,0,86653,0,86052,0,1977739,0,1827541,1199,402,3891,154117,98611,0,0,16
1786393731903,12368896,9758160,10075952,1339424,8331120,0,86653,0,86052,0,1977739,0,1827541,1199,402,3891,154117,98611,0,0,16
1786393732404,12368896,9758160,10075952,1339424,8331120,0,86653,0,86052,0,1977739,0,1827541,1199,402,3891,154117,98611,0,0,16
1786393732912,12368896,9758160,10075952,1339424,8331120,0,86653,0,86052,0,1977739,0,1827541,1199,402,3891,154117,98611,0,0,16
1786393733415,12368896,9758160,10075952,1339424,8331120,0,86653,0,86052,0,1977739,0,1827541,1199,402,3891,154117,98611,0,0,16
1786393733925,12368896,9758160,10075952,1339424,8331120,0,86653,0,86052,0,1977739,0,1827541,1199,402,3891,154117,98611,0,0,16
1786393734426,12368896,9758160,10075952,1339424,8331120,0,86653,0,86052,0,1977739,0,1827541,1199,402,3891,154117,98611,0,0,16
1786393734929,12368896,9758160,10075952,1339424,8331120,0,86653,0,86052,0,1977739,0,1827541,1199,402,3891,154117,98611,0,0,16
1786393735441,12368896,9758160,10075952,1339424,8331120,0,86653,0,86052,0,1977739,0,1827541,1199,402,3891,154117,98611,0,0,16
1786393735943,12368896,9757920,10075712,1339424,8331120,0,86653,0,86052,0,1977739,0,1827541,1199,402,3891,154117,98611,0,0,16
1786393736454,12368896,9757920,10075712,1339424,8331120,0,86653,0,86052,0,1977739,0,1827541,1199,402,3891,154117,98611,0,0,16
1786393736957,12368896,9757920,10075712,1339424,8331120,0,86653,0,86052,0,1981616,0,1831418,1199,402,3891,154117,98611,0,0,16
1786393737468,12368896,9757920,10075712,1339424,8331120,0,86653,0,86052,0,1982811,0,1832591,1199,402,3891,154117,98611,0,0,16
1786393737976,12368896,9757920,10075712,1339424,8331120,0,86653,0,86052,0,1982811,0,1832591,1199,402,3891,154117,98611,0,0,16
1786393738477,12368896,9757680,10075472,1339424,8331120,0,86653,0,86052,0,1982811,0,1832591,1199,402,3891,154117,98611,0,0,16
1786393738982,12368896,9757680,10075472,1339424,8331120,0,86653,0,86052,0,1982811,0,1832591,1199,402,3891,154117,98611,0,0,16
1786393739492,12368896,9757680,10075472,1339424,8331120,0,86653,0,86052,0,1982811,0,1832591,1199,402,3891,154117,98611,0,0,16
1786393739997,12368896,9757680,10075472,1339424,8331120,0,86653,0,86052,0,1982811,0,1832591,1199,402,3891,154117,98611,0,0,16
1786393740500,12368896,9757680,10075472,1339424,8331120,0,86653,0,86052,0,1982811,0,1832591,1199,402,3891,154117,98611,0,0,16
1786393741009,12368896,9757680,10075456,1339424,8331120,0,86653,0,86052,0,1982811,0,1832591,1199,402,3891,154117,98611,0,0,16
1786393741520,12368896,9757680,10075472,1339424,8331120,0,86653,0,86052,0,1982811,0,1832591,1199,402,3891,154117,98611,0,0,16
1786393742030,12368896,9757680,10075472,1339424,8331120,0,86653,0,86052,0,1982811,0,1832591,1199,402,3891,154117,98611,0,0,16
1786393742536,12368896,9757680,10075472,1339424,8331120,0,86653,0,86052,0,1982811,0,1832591,1199,402,3891,154117,98611,0,0,16
1786393743042,12368896,9757680,10075472,1339424,8331120,0,86653,0,86052,0,1982811,0,1832591,1199,402,3891,154117,98611,0,0,16
1786393743554,12368896,9757680,10075472,1339424,8331120,0,86653,0,86052,0,1982811,0,1832591,1199,402,3891,154117,98611,0,0,16
1786393744058,12368896,9757680,10075472,1339424,8331120,0,86653,0,86052,0,1982811,0,1832591,1199,402,3891,154117,98611,0,0,16
1786393744561,12368896,9757680,10075472,1339424,8331120,0,86653,0,86052,0,1982811,0,1832591,1199,402,3891,154117,98611,0,0,16
1786393745064,12368896,9757680,10075472,1339424,8331120,0,86653,0,86052,0,1982811,0,1832591,1199,402,3891,154117,98611,0,0,16
1786393745568,12368896,9757680,10075472,1339424,8331120,0,86653,0,86052,0,1982811,0,1832591,1199,402,3891,154117,98611,0,0,16
1786393746074,12368896,9757680,10075472,1339424,8331120,0,86653,0,86052,0,1982811,0,1832591,1199,402,3891,154117,98611,0,0,16
1786393746584,12368896,9757680,10075472,1339424,8331120,0,86653,0,86052,0,1982811,0,1832591,1199,402,3891,154117,98611,0,0,16
1786393747089,12368896,9757440,10075232,1339424,8331120,0,86653,0,86052,0,1982811,0,1832591,1199,402,3891,154117,98611,0,0,16
1786393747601,12368896,9757440,10075232,1339424,8331120,0,86653,0,86052,0,1982811,0,1832591,1199,402,3891,154117,98611,0,0,16
1786393748112,12368896,9757440,10075232,1339424,8331120,0,86653,0,86052,0,1982811,0,1832591,1199,402,3891,154117,98611,0,0,16
1786393748623,12368896,9757440,10075232,1339424,8331120,0,86653,0,86052,0,1982811,0,1832591,1199,402,3891,154117,98611,0,0,16
1786393749129,12368896,9757440,10075232,1339424,8331120,0,86653,0,86052,0,1982811,0,1832591,1199,402,3891,154117,98611,0,0,16
1786393749631,12368896,9757440,10075232,1339424,8331120,0,86653,0,86052,0,1982811,0,1832591,1199,402,3891,154117,98611,0,0,16
1786393750132,12368896,9757440,10075232,1339424,8331120,0,86653,0,86052,0,1982811,0,1832591,1199,402,3891,154117,98611,0,0,16
1786393750642,12368896,9757440,10075232,1339424,8331120,0,86653,0,86052,0,1982811,0,1832591,1199,402,3891,154117,98611,0,0,16
1786393751144,12368896,9757440,10075232,1339424,8331120,0,86653,0,86052,0,1982811,0,1832591,1199,402,3891,154117,98611,0,0,16
1786393751655,12368896,9757440,10075232,1339424,8331120,0,86653,0,86052,0,1982811,0,1832591,1199,402,3891,154117,98611,0,0,16
1786393752158,12368896,9757440,10075232,1339424,8331120,0,86653,0,86052,0,1982811,0,1832591,1199,402,3891,154117,98611,0,0,16
1786393752665,12368896,9757440,10075232,1339424,8331120,0,86653,0,86052,0,1982811,0,1832591,1199,402,3891,154117,98611,0,0,16
1786393753177,12368896,9757440,10075232,1339424,8331120,0,86653,0,86052,0,1982811,0,1832591,1199,402,3891,154117,98611,0,0,16
1786393753680,12368896,9757440,10075232,1339424,8331120,0,86653,0,86052,0,1982811,0,1832591,1199,402,3891,154117,98611,0,0,16
1786393754183,12368896,9757440,10075232,1339424,8331120,0,86653,0,86052,0,1982811,0,1832591,1199,402,3891,154117,98611,0,0,16
1786393754695,12368896,9757200,10074992,1339424,8331120,0,86653,0,86052,0,1982811,0,1832591,1199,402,3891,154117,98611,0,0,16
1786393755200,12368896,9757200,10074992,1339424,8331120,0,86653,0,86052,0,1982811,0,1832591,1199,402,3891,154117,98611,0,0,16
1786393755712,12368896,9757200,10074992,1339424,8331120,0,86653,0,86052,0,1982811,0,1832591,1199,402,3891,154117,98611,0,0,16
1786393756222,12368896,9757200,10074992,1339424,8331120,0,86653,0,86052,0,1982811,0,1832591,1199,402,3891,154117,98611,0,0,16
1786393756730,12368896,9757200,10074992,1339424,8331120,0,86653,0,86052,0,1982811,0,1832591,1199,402,3891,154117,98611,0,0,16
1786393757236,12368896,9757200,10074992,1339424,8331120,0,86653,0,86052,0,1982811,0,1832591,1199,402,3891,154117,98611,0,0,16
1786393757748,12368896,9757200,10074992,1339424,8331120,0,86653,0,86052,0,1982811,0,1832591,1199,402,3891,154117,98611,0,0,16
1786393758257,12368896,9757200,10074992,1339424,8331120,0,86653,0,86052,0,1982811,0,1832591,1199,402,3891,154117,98611,0,0,16
1786393758765,12368896,9757200,10074992,1339424,8331120,0,86653,0,86052,0,1982811,0,1832591,1199,402,3891,154117,98611,0,0,16
1786393759276,12368896,9757200,10074992,1339424,8331120,0,86653,0,86052,0,1982811,0,1832591,1199,402,3891,154117,98611,0,0,16
1786393759780,12368896,9757200,10074992,1339424,8331120,0,86653,0,86052,0,1982811,0,1832591,1199,402,3891,154117,98611,0,0,16
1786393760291,12368896,9757200,10074992,1339424,8331120,0,86653,0,86052,0,1982811,0,1832591,1199,402,3891,154117,98611,0,0,16
1786393760802,12368896,9757200,10074992,1339424,8331120,0,86653,0,86052,0,1982811,0,1832591,1199,402,3891,154117,98611,0,0,16
1786393761306,12368896,9757200,10074992,1339424,8331120,0,86653,0,86052,0,1982811,0,1832591,1199,402,3891,154117,98611,0,0,16
1786393761810,12368896,9757200,10074992,1339424,8331120,0,86653,0,86052,0,1982811,0,1832591,1199,402,3891,154117,98611,0,0,16
1786393762312,12368896,9756960,10074752,1339424,8331120,0,86653,0,86052,0,1982811,0,1832591,1199,402,3891,154117,98611,0,0,16
1786393762818,12368896,9756960,10074752,1339424,8331120,0,86653,0,86052,0,1982811,0,1832591,1199,402,3891,154117,98611,0,0,16
1786393763322,12368896,9756960,10074752,1339424,8331120,0,86653,0,86052,0,1982811,0,1832591,1199,402,3891,154117,98611,0,0,16
1786393763832,12368896,9756960,10074752,1339424,8331120,0,86653,0,86052,0,1982811,0,1832591,1199,402,3891,154117,98611,0,0,16
1786393764334,12368896,9756960,10074752,1339424,8331120,0,86653,0,86052,0,1982811,0,1832591,1199,402,3891,154117,98611,0,0,16
1786393764846,12368896,9756960,10074752,1339424,8331120,0,86653,0,86052,0,1982811,0,1832591,1199,402,3891,154117,98611,0,0,16
1786393765358,12368896,9756960,10074752,1339424,8331120,0,86653,0,86052,0,1982811,0,1832591,1199,402,3891,154117,98611,0,0,16
1786393765871,12368896,9756960,10074752,1339424,8331120,0,86653,0,86052,0,1982811,0,1832591,1199,402,3891,154117,98611,0,0,16
1786393766375,12368896,9756960,10074752,1339424,8331120,0,86653,0,86052,0,1982811,0,1832591,1199,402,3891,154117,98611,0,0,16
1786393766877,12368896,9756720,10074512,1339424,8331120,0,86653,0,86052,0,1982811,0,1832591,1199,402,3891,154117,98611,0,0,16
1786393767385,12368896,9756720,10074512,1339424,8331120,0,86653,0,86052,0,1982811,0,1832591,1199,402,3891,154117,98611,0,0,16
1786393767896,12368896,9756720,10074512,1339424,8331120,0,86653,0,86052,0,1982811,0,1832591,1199,402,3891,154117,98611,0,0,16
1786393768400,12368896,9756720,10074512,1339424,8331120,0,86653,0,86052,0,1982811,0,1832591,1199,402,3891,154117,98611,0,0,16
1786393768902,12368896,9756720,10074512,1339424,8331120,0,86653,0,86052,0,1982811,0,1832591,1199,402,3891,154117,98611,0,0,16
1786393769408,12368896,9756480,10074272,1339424,8331120,0,86653,0,86052,0,1982811,0,1832591,1199,402,3891,154117,98611,0,0,16
1786393769916,12368896,9756480,10074272,1339424,8331120,0,86653,0,86052,0,1982811,0,1832591,1199,402,3891,154117,98611,0,0,16
1786393770428,12368896,9756480,10074272,1339424,8331120,0,86653,0,86052,0,1982811,0,1832591,1199,402,3891,154117,98611,0,0,16
1786393770938,12368896,9756480,10074272,1339424,8331120,0,86653,0,86052,0,1996066,0,1845802,1199,402,3891,154117,98611,0,0,16
1786393771450,12368896,9756480,10074272,1339424,8331120,0,86653,0,86052,0,1996066,0,1845802,1199,402,3891,154117,98611,0,0,16
1786393771953,12368896,9756480,10074272,1339424,8331120,0,86653,0,86052,0,1996066,0,1845802,1199,402,3891,154117,98611,0,0,16
1786393772465,12368896,9756480,10074272,1339424,8331120,0,86653,0,86052,0,1996066,0,1845802,1199,402,3891,154117,98611,0,0,16
1786393772969,12368896,9756480,10074272,1339424,8331120,0,86653,0,86052,0,1996066,0,1845802,1199,402,3891,154117,98611,0,0,16
1786393773475,12368896,9756480,10074272,1339424,8331120,0,86653,0,86052,0,1996066,0,1845802,1199,402,3891,154117,98611,0,0,16
1786393773986,12368896,9756480,10074272,1339424,8331120,0,86653,0,86052,0,1996066,0,1845802,1199,402,3891,154117,98611,0,0,16
1786393774488,12368896,9756240,10074032,1339424,8331120,0,86653,0,86052,0,1996066,0,1845802,1199,402,3891,154117,98611,0,0,16
1786393774998,12368896,9756240,10074032,1339424,8331120,0,86653,0,86052,0,1996066,0,1845802,1199,402,3891,154117,98611,0,0,16
1786393775501,12368896,9756240,10074032,1339424,8331120,0,86653,0,86052,0,1996066,0,1845802,1199,402,3891,154117,98611,0,0,16
1786393776004,12368896,9756240,10074032,1339424,8331120,0,86653,0,86052,0,1996066,0,1845802,1199,402,3891,154117,98611,0,0,16
1786393776509,12368896,9756240,10074032,1339424,8331120,0,86653,0,86052,0,1996066,0,1845802,1199,402,3891,154117,98611,0,0,16
1786393777021,12368896,9756240,10074032,1339424,8331120,0,86653,0,86052,0,1996066,0,1845802,1199,402,3891,154117,98611,0,0,16
1786393777530,12368896,9756240,10074032,1339424,8331120,0,86653,0,86052,0,1996066,0,1845802,1199,402,3891,154117,98611,0,0,16
1786393778042,12368896,9756240,10074032,1339424,8331120,0,86653,0,86052,0,1996066,0,1845802,1199,402,3891,154117,98611,0,0,16
1786393778554,12368896,9756240,10074032,1339424,8331120,0,86653,0,86052,0,1996066,0,1845802,1199,402,3891,154117,98611,0,0,16
1786393779065,12368896,9756000,10073792,1339424,8331120,0,86653,0,86052,0,1996066,0,1845802,1199,402,3891,154117,98611,0,0,16
1786393779574,12368896,9756000,10073792,1339424,8331120,0,86653,0,86052,0,1996066,0,1845802,1199,402,3891,154117,98611,0,0,16
1786393780085,12368896,9756000,10073792,1339424,8331120,0,86653,0,86052,0,1996066,0,1845802,1199,402,3891,154117,98611,0,0,16
1786393780589,12368896,9756000,10073792,1339424,8331120,0,86653,0,86052,0,1996066,0,1845802,1199,402,3891,154117,98611,0,0,16
1786393781091,12368896,9756000,10073792,1339424,8331120,0,86653,0,86052,0,1996066,0,1845802,1199,402,3891,154117,98611,0,0,16
1786393781598,12368896,9756000,10073792,1339424,8331120,0,86653,0,86052,0,1996066,0,1845802,1199,402,3891,154117,98611,0,0,16
1786393782100,12368896,9756000,10073792,1339424,8331120,0,86653,0,86052,0,1996066,0,1845802,1199,402,3891,154117,98611,0,0,16
1786393782613,12368896,9756000,10073792,1339424,8331120,0,86653,0,86052,0,1996066,0,1845802,1199,402,3891,154117,98611,0,0,16
1786393783117,12368896,9756000,10073792,1339424,8331120,0,86653,0,86052,0,1996066,0,1845802,1199,402,3891,154117,98611,0,0,16
1786393783630,12368896,9756000,10073792,1339424,8331120,0,86653,0,86052,0,1996066,0,1845802,1199,402,3891,154117,98611,0,0,16
1786393784142,12368896,9756000,10073792,1339424,8331120,0,86653,0,86052,0,1996066,0,1845802,1199,402,3891,154117,98611,0,0,16
1786393784654,12368896,9756000,10073792,1339424,8331120,0,86653,0,86052,0,1996066,0,1845802,1199,402,3891,154117,98611,0,0,16
1786393785157,12368896,9756000,10073792,1339424,8331120,0,86653,0,86052,0,1996066,0,1845802,1199,402,3891,154117,98611,0,0,16
1786393785669,12368896,9756000,10073792,1339424,8331120,0,86653,0,86052,0,1996066,0,1845802,1199,402,3891,154117,98611,0,0,16
1786393786171,12368896,9756000,10073792,1339424,8331120,0,86653,0,86052,0,1996066,0,1845802,1199,402,3891,154117,98611,0,0,16
1786393786678,12368896,9755760,10073552,1339424,8331120,0,86653,0,86052,0,1996066,0,1845802,1199,402,3891,154117,98611,0,0,16
1786393787180,12368896,9755760,10073552,1339424,8331120,0,86653,0,86052,0,1996066,0,1845802,1199,402,3891,154117,98611,0,0,16
1786393787688,12368896,9755760,10073552,1339424,8331120,0,86653,0,86052,0,1996066,0,1845802,1199,402,3891,154117,98611,0,0,16
1786393788196,12368896,9755760,10073552,1339424,8331120,0,86653,0,86052,0,1996066,0,1845802,1199,402,3891,154117,98611,0,0,16
1786393788701,12368896,9755760,10073552,1339424,8331120,0,86653,0,86052,0,1996066,0,1845802,1199,402,3891,154117,98611,0,0,16
1786393789213,12368896,9755760,10073552,1339424,8331120,0,86653,0,86052,0,1996066,0,1845802,1199,402,3891,154117,98611,0,0,16
1786393789721,12368896,9755760,10073552,1339424,8331120,0,86653,0,86052,0,1996066,0,1845802,1199,402,3891,154117,98611,0,0,16
1786393790230,12368896,9755760,10073552,1339424,8331120,0,86653,0,86052,0,1996066,0,1845802,1199,402,3891,154117,98611,0,0,16
1786393790735,12368896,9755760,10073552,1339440,8331120,0,86653,0,86052,0,1996066,0,1845802,1199,402,3891,154117,98611,0,0,16
1786393791246,12368896,9755520,10073312,1339440,8331120,0,86653,0,86052,0,1996066,0,1845802,1199,402,3891,154117,98611,0,0,16
1786393791756,12368896,9755520,10073312,1339440,8331120,0,86653,0,86052,0,1996066,0,1845802,1199,402,3891,154117,98611,0,0,16
1786393792267,12368896,9755520,10073312,1339440,8331120,0,86653,0,86052,0,1996066,0,1845802,1199,402,3891,154117,98611,0,0,16
1786393792768,12368896,9755520,10073312,1339440,8331120,0,86653,0,86052,0,1996066,0,1845802,1199,402,3891,154117,98611,0,0,16
1786393793270,12368896,9755520,10073312,1339440,8331120,0,86653,0,86052,0,1996066,0,1845802,1199,402,3891,154117,98611,0,0,16
1786393793771,12368896,9755520,10073312,1339440,8331120,0,86653,0,86052,0,1996066,0,1845802,1199,402,3891,154117,98611,0,0,16
1786393794278,12368896,9755520,10073312,1339440,8331120,0,86653,0,86052,0,1996066,0,1845802,1199,402,3891,154117,98611,0,0,16
1786393794780,12368896,9755520,10073312,1339440,8331120,0,86653,0,86052,0,1996066,0,1845802,1199,402,3891,154117,98611,0,0,16
1786393795284,12368896,9755520,10073312,1339440,8331120,0,86653,0,86052,0,1996066,0,1845802,1199,402,3891,154117,98611,0,0,16
1786393795795,12368896,9755520,10073312,1339440,8331120,0,86653,0,86052,0,1996066,0,1845802,1199,402,3891,154117,98611,0,0,16
1786393796306,12368896,9755520,10073312,1339440,8331120,0,86653,0,86052,0,1996066,0,1845802,1199,402,3891,154117,98611,0,0,16
1786393796818,12368896,9755520,10073312,1339440,8331120,0,86653,0,86052,0,1996066,0,1845802,1199,402,3891,154117,98611,0,0,16
1786393797324,12368896,9755520,10073312,1339440,8331120,0,86653,0,86052,0,1996066,0,1845802,1199,402,3891,154117,98611,0,0,16
1786393797830,12368896,9755520,10073312,1339440,8331120,0,86653,0,86052,0,1996066,0,1845802,1199,402,3891,154117,98611,0,0,16
1786393798336,12368896,9755520,10073312,1339440,8331120,0,86653,0,86052,0,1996066,0,1845802,1199,402,3891,154117,98611,0,0,16
1786393798844,12368896,9755520,10073312,1339440,8331120,0,86653,0,86052,0,1996066,0,1845802,1199,402,3891,154117,98611,0,0,16
1786393799349,12368896,9755280,10073072,1339440,8331120,0,86653,0,86052,0,1996066,0,1845802,1199,402,3891,154117,98611,0,0,16
1786393799852,12368896,9755280,10073072,1339440,8331120,0,86653,0,86052,0,1996066,0,1845802,1199,402,3891,154117,98611,0,0,16
1786393800356,12368896,9755280,10073072,1339440,8331120,0,86653,0,86052,0,1996066,0,1845802,1199,402,3891,154117,98611,0,0,16
1786393800868,12368896,9755280,10073072,1339440,8331120,0,86653,0,86052,0,1996066,0,1845802,1199,402,3891,154117,98611,0,0,16
1786393801371,12368896,9755280,10073072,1339440,8331120,0,86653,0,86052,0,1999074,0,1848806,1199,402,3891,154117,98611,0,0,16
1786393801881,12368896,9755280,10073072,1339440,8331120,0,86653,0,86052,0,1999074,0,1848806,1199,402,3891,154117,98611,0,0,16
1786393802388,12368896,9755280,10073072,1339440,8331120,0,86653,0,86052,0,1999074,0,1848806,1199,402,3891,154117,98611,0,0,16
1786393802891,12368896,9755280,10073072,1339440,8331120,0,86653,0,86052,0,1999074,0,1848806,1199,402,3891,154117,98611,0,0,16
1786393803397,12368896,9755280,10073072,1339440,8331120,0,86653,0,86052,0,1999074,0,1848806,1199,402,3891,154117,98611,0,0,16
1786393803907,12368896,9755280,10073072,1339440,8331120,0,86653,0,86052,0,1999074,0,1848806,1199,402,3891,154117,98611,0,0,16
1786393804409,12368896,9755280,10073072,1339440,8331120,0,86653,0,86052,0,1999074,0,1848806,1199,402,3891,154117,98611,0,0,16
1786393804912,12368896,9755280,10073072,1339440,8331120,0,86653,0,86052,0,1999074,0,1848806,1199,402,3891,154117,98611,0,0,16
1786393805413,12368896,9755280,10073072,1339440,8331120,0,86653,0,86052,0,1999074,0,1848806,1199,402,3891,154117,98611,0,0,16
1786393805924,12368896,9755280,10073072,1339440,8331120,0,86653,0,86052,0,1999074,0,1848806,1199,402,3891,154117,98611,0,0,16
1786393806430,12368896,9755280,10073072,1339440,8331120,0,86653,0,86052,0,1999074,0,1848806,1199,402,3891,154117,98611,0,0,16
1786393806941,12368896,9755280,10073072,1339440,8331120,0,86653,0,86052,0,1999074,0,1848806,1199,402,3891,154117,98611,0,0,16
1786393807450,12368896,9755280,10073072,1339440,8331120,0,86653,0,86052,0,1999074,0,1848806,1199,402,3891,154117,98611,0,0,16
1786393807962,12368896,9755040,10072832,1339440,8331120,0,86653,0,86052,0,1999074,0,1848806,1199,402,3891,154117,98611,0,0,16
1786393808467,12368896,9755040,10072832,1339440,8331120,0,86653,0,86052,0,1999074,0,1848806,1199,402,3891,154117,98611,0,0,16
1786393808976,12368896,9755040,10072832,1339440,8331120,0,86653,0,86052,0,1999074,0,1848806,1199,402,3891,154117,98611,0,0,16
1786393809480,12368896,9755040,10072832,1339440,8331120,0,86653,0,86052,0,1999074,0,1848806,1199,402,3891,154117,98611,0,0,16
1786393809992,12368896,9755040,10072832,1339440,8331120,0,86653,0,86052,0,1999074,0,1848806,1199,402,3891,154117,98611,0,0,16
1786393810498,12368896,9755040,10072832,1339440,8331120,0,86653,0,86052,0,1999074,0,1848806,1199,402,3891,154117,98611,0,0,16
1786393811000,12368896,9755040,10072832,1339440,8331120,0,86653,0,86052,0,1999074,0,1848806,1199,402,3891,154117,98611,0,0,16
1786393811511,12368896,9754800,10072592,1339440,8331120,0,86653,0,86052,0,1999074,0,1848806,1199,402,3891,154117,98611,0,0,16
1786393812015,12368896,9754800,10072592,1339440,8331120,0,86653,0,86052,0,1999074,0,1848806,1199,402,3891,154117,98611,0,0,16
1786393812525,12368896,9754800,10072592,1339440,8331120,0,86653,0,86052,0,1999074,0,1848806,1199,402,3891,154117,98611,0,0,16
1786393813036,12368896,9754800,10072592,1339440,8331120,0,86653,0,86052,0,1999074,0,1848806,1199,402,3891,154117,98611,0,0,16
1786393813540,12368896,9754560,10072352,1339440,8331120,0,86653,0,86052,0,1999074,0,1848806,1199,402,3891,154117,98611,0,0,16
1786393814045,12368896,9754560,10072352,1339440,8331120,0,86653,0,86052,0,1999074,0,1848806,1199,402,3891,154117,98611,0,0,16
1786393814558,12368896,9754560,10072352,1339440,8331120,0,86653,0,86052,0,1999074,0,1848806,1199,402,3891,154117,98611,0,0,16
1786393815069,12368896,9754560,10072352,1339440,8331120,0,86653,0,86052,0,1999074,0,1848806,1199,402,3891,154117,98611,0,0,16
1786393815571,12138496,9540224,9858912,1339440,8331120,0,86653,0,86052,0,1999074,0,1848806,1199,402,3891,154117,98611,0,0,16
1786393816082,12106752,9509040,9827856,1339440,8331120,0,86653,0,86052,0,1999074,0,1848806,1199,402,3891,154117,98611,0,0,16
1786393816584,12106752,9509040,9827856,1339440,8331120,0,86653,0,86052,0,1999074,0,1848806,1199,402,3891,154117,98611,0,0,16
1786393817095,12106752,9509040,9827856,1339440,8331120,0,86653,0,86052,0,1999074,0,1848806,1199,402,3891,154117,98611,0,0,16
1786393817597,11961344,9364704,9684080,1339440,8331120,0,86653,0,86052,0,1999074,0,1848806,1199,402,3891,154117,98611,0,0,16
1786393818112,11844608,9249840,9569680,1339440,8331120,0,86653,0,86052,0,1999074,0,1848806,1199,402,3891,154117,98611,0,0,16
1786393818624,11844608,9249840,9569680,1339440,8331120,0,86653,0,86052,0,1999074,0,1848806,1199,402,3891,154117,98611,0,0,16
1786393819131,11844608,9249840,9569680,1339440,8331120,0,86653,0,86052,0,1999074,0,1848806,1199,402,3891,154117,98611,0,0,16
1786393819633,11674624,9081360,9401856,1339440,8331120,0,86653,0,86052,0,1999074,0,1848806,1199,402,3891,154117,98611,0,0,16
1786393820141,11582464,8988960,9309824,1339440,8331120,0,86653,0,86052,0,1999074,0,1848806,1199,402,3891,154117,98611,0,0,16
1786393820647,11582464,8988960,9309824,1339440,8331120,0,86653,0,86052,0,1999074,0,1848806,1199,402,3891,154117,98611,0,0,16
1786393821156,11582464,8988960,9309824,1339440,8331120,0,86653,0,86052,0,1999074,0,1848806,1199,402,3891,154117,98611,0,0,16
1786393821661,11383808,8790224,9111856,1339440,8331120,0,86653,0,86052,0,1999074,0,1848806,1199,402,3891,154117,98611,0,0,16
1786393822170,11320320,8720640,9042528,1339440,8331120,0,86653,0,86052,0,1999074,0,1848806,1199,402,3891,154117,98611,0,0,16
1786393822680,11320320,8720640,9042528,1339440,8331120,0,86653,0,86052,0,1999074,0,1848806,1199,402,3891,154117,98611,0,0,16
1786393823192,11320320,8720400,9042288,1339440,8331120,0,86653,0,86052,0,1999074,0,1848806,1199,402,3891,154117,98611,0,0,16
1786393823696,11065344,8468064,8790944,1339440,8331120,0,86653,0,86052,0,1999074,0,1848806,1199,402,3891,154117,98611,0,0,16
1786393824197,11058176,8459760,8782672,1339440,8331120,0,86653,0,86052,0,1999074,0,1848806,1199,402,3891,154117,98611,0,0,16
1786393824701,11058176,8459760,8782672,1339440,8331120,0,86653,0,86052,0,1999074,0,1848806,1199,402,3891,154117,98611,0,0,16
1786393825203,11058176,8459760,8782672,1339440,8331120,0,86653,0,86052,0,1999074,0,1848806,1199,402,3891,154117,98611,0,0,16
1786393825715,10796032,8199120,8523056,1339440,8331120,0,86653,0,86052,0,1999074,0,1848806,1199,402,3891,154117,98611,0,0,16
1786393826217,10796032,8199120,8523056,1339440,8331120,0,86653,0,86052,0,1999074,0,1848806,1199,402,3891,154117,98611,0,0,16
1786393826728,10796032,8198880,8522816,1339440,8331120,0,86653,0,86052,0,1999074,0,1848806,1199,402,3891,154117,98611,0,0,16
1786393827234,10796032,8198880,8522816,1339440,8331120,0,86653,0,86052,0,1999074,0,1848806,1199,402,3891,154117,98611,0,0,16
1786393827738,10533888,7938240,8263200,1339440,8331120,0,86653,0,86052,0,1999074,0,1848806,1199,402,3891,154117,98611,0,0,16
1786393828249,10533888,7938240,8263200,1339440,8331120,0,86653,0,86052,0,1999074,0,1848806,1199,402,3891,154117,98611,0,0,16
1786393828760,10533888,7938000,8262960,1339440,8331120,0,86653,0,86052,0,1999074,0,1848806,1199,402,3891,154117,98611,0,0,16
1786393829269,10533888,7938000,8262960,1339440,8331120,0,86653,0,86052,0,1999074,0,1848806,1199,402,3891,154117,98611,0,0,16
1786393829780,10271744,7677360,8003344,1339440,8331120,0,86653,0,86052,0,1999074,0,1848806,1199,402,3891,154117,98611,0,0,16
1786393830286,10271744,7677360,8003344,1339440,8331120,0,86653,0,86052,0,1999074,0,1848806,1199,402,3891,154117,98611,0,0,16
1786393830792,10271744,7677360,8003344,1339440,8331120,0,86653,0,86052,0,1999074,0,1848806,1199,402,3891,154117,98611,0,0,16
1786393831303,10271744,7677360,8003344,1339440,8331120,0,86653,0,86052,0,1999074,0,1848806,1199,402,3891,154117,98611,0,0,16
1786393831810,10009600,7408800,7735808,1339440,8331120,0,86653,0,86052,0,1999074,0,1848806,1199,402,3891,154117,98611,0,0,16
1786393832321,10009600,7408560,7735568,1339440,8331120,0,86653,0,86052,0,1999074,0,1848806,1199,402,3891,154117,98611,0,0,16
1786393832831,10009600,7408560,7735568,1339440,8331120,0,86653,0,86052,0,1999074,0,1848806,1199,402,3891,154117,98611,0,0,16
1786393833342,10009600,7408560,7735568,1339440,8331120,0,86653,0,86052,0,1999074,0,1848806,1199,402,3891,154117,98611,0,0,16
1786393833850,9747456,7147920,7475952,1339440,8331120,0,86653,0,86052,0,1999074,0,1848806,1199,402,3891,154117,98611,0,0,16
1786393834354,9747456,7147920,7475952,1339440,8331120,0,86653,0,86052,0,1999074,0,1848806,1199,402,3891,154117,98611,0,0,16
1786393834858,9747456,7147920,7475952,1339440,8331120,0,86653,0,86052,0,1999074,0,1848806,1199,402,3891,154117,98611,0,0,16
1786393835370,9747456,7147920,7475952,1339440,8331120,0,86653,0,86052,0,1999074,0,1848806,1199,402,3891,154117,98611,0,0,16
1786393835882,9485312,6887040,7216096,1339440,8331120,0,86653,0,86052,0,1999074,0,1848806,1199,402,3891,154117,98611,0,0,16
1786393836386,9485312,6886800,7215856,1339440,8331120,0,86653,0,86052,0,1999074,0,1848806,1199,402,3891,154117,98611,0,0,16
1786393836893,9485312,6886800,7215856,1339440,8331120,0,86653,0,86052,0,1999074,0,1848806,1199,402,3891,154117,98611,0,0,16
1786393837395,9485312,6886800,7215856,1339440,8331120,0,86653,0,86052,0,1999074,0,1848806,1199,402,3891,154117,98611,0,0,16
1786393837906,9223168,6626160,6956240,1339440,8331120,0,86653,0,86052,0,1999074,0,1848806,1199,402,3891,154117,98611,0,0,16
1786393838415,9223168,6626160,6956240,1339440,8331120,0,86653,0,86052,0,1999074,0,1848806,1199,402,3891,154117,98611,0,0,16
1786393838927,9223168,6626160,6956240,1339440,8331120,0,86653,0,86052,0,1999074,0,1848806,1199,402,3891,154117,98611,0,0,16
1786393839433,9223168,6626160,6956240,1339440,8331120,0,86653,0,86052,0,1999074,0,1848806,1199,402,3891,154117,98611,0,0,16
1786393839936,8961024,6365520,6696624,1339440,8331120,0,86653,0,86052,0,1999074,0,1848806,1199,402,3891,154117,98611,0,0,16
1786393840443,8961024,6365520,6696624,1339440,8331120,0,86653,0,86052,0,1999074,0,1848806,1199,402,3891,154117,98611,0,0,16
1786393840955,8961024,6365520,6696624,1339440,8331120,0,86653,0,86052,0,1999074,0,1848806,1199,402,3891,154117,98611,0,0,16
1786393841467,8961024,6365520,6696624,1339440,8331120,0,86653,0,86052,0,1999074,0,1848806,1199,402,3891,154117,98611,0,0,16
1786393841979,8698880,6096960,6429088,1339440,8331120,0,86653,0,86052,0,1999074,0,1848806,1199,402,3891,154117,98611,0,0,16
1786393842481,8698880,6096960,6429088,1339440,8331120,0,86653,0,86052,0,1999074,0,1848806,1199,402,3891,154117,98611,0,0,16
1786393842993,8698880,6096960,6429088,1339440,8331120,0,86653,0,86052,0,1999074,0,1848806,1199,402,3891,154117,98611,0,0,16
1786393843494,8698880,6096960,6429088,1339440,8331120,0,86653,0,86052,0,1999074,0,1848806,1199,402,3891,154117,98611,0,0,16
1786393844002,8436736,5836080,6169232,1339440,8331120,0,86653,0,86052,0,1999074,0,1848806,1199,402,3891,154117,98611,0,0,16
1786393844504,8436736,5836080,6169232,1339440,8331120,0,86653,0,86052,0,1999074,0,1848806,1199,402,3891,154117,98611,0,0,16
1786393845008,8436736,5836080,6169232,1339440,8331120,0,86653,0,86052,0,1999074,0,1848806,1199,402,3891,154117,98611,0,0,16
1786393845516,8436736,5836080,6169232,1339440,8331120,0,86653,0,86052,0,1999074,0,1848806,1199,402,3891,154117,98611,0,0,16
1786393846021,8174592,5575200,5909376,1339440,8331120,0,86653,0,86052,0,1999074,0,1848806,1199,402,3891,154117,98611,0,0,16
1786393846531,8174592,5575200,5909376,1339440,8331120,0,86653,0,86052,0,1999074,0,1848806,1199,402,3891,154117,98611,0,0,16
1786393847035,8174592,5575200,5909376,1339440,8331120,0,86653,0,86052,0,1999074,0,1848806,1199,402,3891,154117,98611,0,0,16
1786393847546,8174592,5575200,5909376,1339440,8331120,0,86653,0,86052,0,1999074,0,1848806,1199,402,3891,154117,98611,0,0,16
1786393848057,7912448,5314320,5649520,1339440,8331120,0,86653,0,86052,0,1999074,0,1848806,1199,402,3891,154117,98611,0,0,16
1786393848564,7912448,5314320,5649520,1339440,8331120,0,86653,0,86052,0,1999074,0,1848806,1199,402,3891,154117,98611,0,0,16
1786393849068,7912448,5314320,5649520,1339440,8331120,0,86653,0,86052,0,1999074,0,1848806,1199,402,3891,154117,98611,0,0,16
1786393849572,7912448,5314320,5649520,1339440,8331120,0,86653,0,86052,0,1999074,0,1848806,1199,402,3891,154117,98611,0,0,16
1786393850083,7650304,5053440,5389664,1339440,8331120,0,86653,0,86052,0,1999074,0,1848806,1199,402,3891,154117,98611,0,0,16
1786393850588,7650304,5053440,5389664,1339440,8331120,0,86653,0,86052,0,1999074,0,1848806,1199,402,3891,154117,98611,0,0,16
1786393851098,7650304,5053440,5389664,1339440,8331120,0,86653,0,86052,0,1999074,0,1848806,1199,402,3891,154117,98611,0,0,16
1786393851600,7650304,5053440,5389664,1339440,8331120,0,86653,0,86052,0,1999074,0,1848806,1199,402,3891,154117,98611,0,0,16
1786393852111,7388160,4792320,5129568,1339440,8331120,0,86653,0,86052,0,1999074,0,1848806,1199,402,3891,154117,98611,0,0,16
1786393852618,7388160,4792320,5129568,1339440,8331120,0,86653,0,86052,0,1999074,0,1848806,1199,402,3891,154117,98611,0,0,16
1786393853129,7388160,4792320,5129568,1339440,8331120,0,86653,0,86052,0,1999074,0,1848806,1199,402,3891,154117,98611,0,0,16
1786393853638,7388160,4792320,5129568,1339440,8331120,0,86653,0,86052,0,1999074,0,1848806,1199,402,3891,154117,98611,0,0,16
1786393854150,7126016,4531440,4869712,1339440,8331120,0,86653,0,86052,0,1999074,0,1848806,1199,402,3891,154117,98611,0,0,16
1786393854661,7126016,4531440,4869712,1339440,8331120,0,86653,0,86052,0,1999074,0,1848806,1199,402,3891,154117,98611,0,0,16
1786393855172,7126016,4523760,4862032,1339440,8331120,0,86653,0,86052,0,1999074,0,1848806,1199,402,3891,154117,98611,0,0,16
1786393855675,7126016,4523760,4862032,1339440,8331120,0,86653,0,86052,0,1999074,0,1848806,1199,402,3891,154117,98611,0,0,16
1786393856181,6863872,4262880,4602176,1339456,8331120,0,86653,0,86052,0,1999074,0,1848806,1199,402,3891,154117,98611,0,0,16
1786393856692,6863872,4262880,4602176,1339456,8331120,0,86653,0,86052,0,1999074,0,1848806,1199,402,3891,154117,98611,0,0,16
1786393857204,6863872,4262880,4602176,1339456,8331120,0,86653,0,86052,0,1999074,0,1848806,1199,402,3891,154117,98611,0,0,16
1786393857709,6863872,4262880,4602176,1339456,8331120,0,86653,0,86052,0,1999074,0,1848806,1199,402,3891,154117,98611,0,0,16
1786393858211,6601728,4002000,4342320,1339456,8331120,0,86653,0,86052,0,1999074,0,1848806,1199,402,3891,154117,98611,0,0,16
1786393858713,6601728,4002000,4342320,1339456,8331120,0,86653,0,86052,0,1999074,0,1848806,1199,402,3891,154117,98611,0,0,16
1786393859219,6601728,4001040,4348848,1347104,8331360,0,88578,0,87500,18,2027140,18,1874757,1231,416,3891,154117,98611,0,0,16
1786393859729,6601728,4001040,4348992,1347104,8331360,0,88578,0,87500,18,2027140,18,1874757,1231,416,3891,154117,98611,0,0,16
1786393860235,6339584,3740160,4089136,1347104,8331360,0,88578,0,87500,18,2033392,18,1880973,1231,416,3891,154117,98611,0,0,16
1786393860747,6339584,3740160,4089136,1347104,8331360,0,88578,0,87500,18,2033392,18,1880973,1231,416,3891,154117,98611,0,0,16
1786393861251,6339584,3740160,4089136,1347104,8331360,0,88578,0,87500,14,2033392,14,1880973,1231,416,3891,154117,98611,0,0,16
1786393861762,6339584,3740160,4089136,1347104,8331360,0,88578,0,87500,14,2033392,14,1880973,1231,416,3891,154117,98611,0,0,16
1786393862274,6077440,3479280,3829280,1347104,8331360,0,88578,0,87500,14,2033392,14,1880973,1231,416,3891,154117,98611,0,0,16
1786393862781,6077440,3479280,3829280,1347104,8331360,0,88578,0,87500,14,2033392,14,1880973,1231,416,3891,154117,98611,0,0,16
1786393863290,6077440,3479280,3829280,1347104,8331360,0,88578,0,87500,12,2033392,12,1880973,1231,416,3891,154117,98611,0,0,16
1786393863800,6077440,3479280,3829280,1347104,8331360,0,88578,0,87500,12,2033392,12,1880973,1231,416,3891,154117,98611,0,0,16
1786393864307,5815296,3226320,3576688,1347104,8331360,0,88578,0,87500,12,2033392,12,1880973,1231,416,3891,154117,98611,0,0,16
1786393864809,5815296,3226320,3576688,1347104,8331360,0,88578,0,87500,12,2033392,12,1880973,1231,416,3891,154117,98611,0,0,16
1786393865320,5815296,3226320,3576688,1347104,8331360,0,88578,0,87500,9,2033392,9,1880973,1231,416,3891,154117,98611,0,0,16
1786393865832,5815296,3226320,3576688,1347104,8331360,0,88578,0,87500,9,2033392,9,1880973,1231,416,3891,154117,98611,0,0,16
1786393866343,5553152,2957760,3308128,1347104,8331360,0,88578,0,87500,9,2033392,9,1880973,1231,416,3891,154117,98611,0,0,16
1786393866852,5553152,2957760,3308128,1347104,8331360,0,88578,0,87500,9,2033392,9,1880973,1231,416,3891,154117,98611,0,0,16
1786393867360,5553152,2957040,3307408,1347104,8331360,0,88578,0,87500,8,2033392,8,1880973,1231,416,3891,154117,98611,0,0,16
1786393867869,5548032,2957040,3307408,1347104,8331360,0,88578,0,87500,8,2033392,8,1880973,1231,416,3891,154117,98611,0,0,16
1786393868381,5291008,2696160,3046528,1347104,8331360,0,88578,0,87500,8,2033392,8,1880973,1231,416,3891,154117,98611,0,0,16
1786393868893,5291008,2696160,3046528,1347104,8331360,0,88578,0,87500,8,2033392,8,1880973,1231,416,3891,154117,98611,0,0,16
1786393869402,5291008,2696160,3046512,1347104,8331360,0,88578,0,87500,6,2033392,6,1880973,1231,416,3891,154117,98611,0,0,16
1786393869904,5275648,2681040,3031392,1347104,8331360,0,88578,0,87500,6,2033392,6,1880973,1231,416,3891,154117,98611,0,0,16
1786393870410,5028864,2435520,2785872,1347088,8331360,0,88578,0,87500,6,2033392,6,1880973,1231,416,3891,154117,98611,0,0,16
1786393870915,5028864,2435520,2785872,1347088,8331360,0,88578,0,87500,6,2033392,6,1880973,1231,416,3891,154117,98611,0,0,16
1786393871417,5028864,2435520,2785872,1347088,8331360,0,88578,0,87500,5,2033392,5,1880973,1231,416,3891,154117,98611,0,0,16
1786393871920,5012480,2420400,2770752,1347088,8331360,0,88578,0,87500,5,2033392,5,1880973,1231,416,3891,154117,98611,0,0,16
1786393872422,4766720,2174640,2524992,1347088,8331360,0,88578,0,87500,5,2033392,5,1880973,1231,416,3891,154117,98611,0,0,16
1786393872924,4766720,2174640,2524992,1347088,8331360,0,88578,0,87500,5,2033392,5,1880973,1231,416,3891,154117,98611,0,0,16
1786393873430,4766720,2174640,2524992,1347088,8331360,0,88578,0,87500,4,2033392,4,1880973,1231,416,3891,154117,98611,0,0,16
1786393873934,4750336,2159520,2509872,1347088,8331360,0,88578,0,87500,4,2033392,4,1880973,1231,416,3891,154117,98611,0,0,16
1786393874445,4504576,1913760,2264112,1347088,8331360,0,88578,0,87500,4,2033392,4,1880973,1231,416,3891,154117,98611,0,0,16
1786393874956,4504576,1913760,2264112,1347088,8331360,0,88578,0,87500,4,2033392,4,1880973,1231,416,3891,154117,98611,0,0,16
1786393875462,4504576,1913760,2264112,1347088,8331360,0,88578,0,87500,3,2033392,3,1880973,1231,416,3891,154117,98611,0,0,16
1786393875973,4425728,1829520,2179872,1347088,8331360,0,88578,0,87500,3,2033392,3,1880973,1231,416,3891,154117,98611,0,0,16
1786393876475,4242432,1645200,1995552,1347088,8331360,0,88578,0,87500,3,2033392,3,1880973,1231,416,3891,154117,98611,0,0,16
1786393876978,4242432,1645200,1995552,1347088,8331360,0,88578,0,87500,3,2033392,3,1880973,1231,416,3891,154117,98611,0,0,16
1786393877488,4242432,1645200,1995552,1347088,8331360,0,88578,0,87500,2,2033392,2,1880973,1231,416,3891,154117,98611,0,0,16
1786393877990,4210688,1614720,1965072,1347088,8331360,0,88578,0,87500,2,2033392,2,1880973,1231,416,3891,154117,98611,0,0,16
1786393878494,3980288,1384320,1734672,1347088,8331360,0,88578,0,87500,2,2033392,2,1880973,1231,416,3891,154117,98611,0,0,16
1786393878996,3980288,1384320,1734672,1347088,8331360,0,88578,0,87500,2,2033392,2,1880973,1231,416,3891,154117,98611,0,0,16
1786393879504,3980288,1384320,1734672,1347088,8331360,0,88578,0,87500,2,2033392,2,1880973,1231,416,3891,154117,98611,0,0,16
1786393880008,3937280,1347456,1697808,1347088,8331360,0,88578,0,87500,2,2033392,2,1880973,1231,416,3891,154117,98611,0,0,16
1786393880510,3718144,1124160,1474512,1347088,8331360,0,88578,0,87500,2,2033392,2,1880973,1231,416,3891,154117,98611,0,0,16
1786393881018,3718144,1124160,1474512,1347088,8331360,0,88578,0,87500,2,2033392,2,1880973,1231,416,3891,154117,98611,0,0,16
1786393881523,3718144,1124160,1474512,1347088,8331360,0,88578,0,87500,1,2033392,1,1880973,1231,416,3891,154117,98611,0,0,16
1786393882031,3662848,1070640,1420992,1347088,8331360,0,88578,0,87500,1,2033392,1,1880973,1231,416,3891,154117,98611,0,0,16
1786393882540,3456000,863280,1213632,1347088,8331360,0,88578,0,87500,1,2033392,1,1880973,1231,416,3891,154117,98611,0,0,16
1786393883050,3456000,863280,1213632,1347088,8331360,0,88578,0,87500,1,2033392,1,1880973,1231,416,3891,154117,98611,0,0,16
1786393883552,3456000,863040,1213392,1347088,8331360,0,88578,0,87500,1,2033392,1,1880973,1231,416,3891,154117,98611,0,0,16
1786393884062,3354624,763984,1114336,1347088,8331360,0,88578,0,87500,1,2033392,1,1880973,1231,416,3891,154117,98611,0,0,16
1786393884573,3193856,602160,952512,1347088,8331360,0,88578,0,87500,1,2033392,1,1880973,1231,416,3891,154117,98611,0,0,16
1786393885081,3193856,602160,952512,1347088,8331360,0,88578,0,87500,1,2033392,1,1880973,1231,416,3891,154117,98611,0,0,16
1786393885594,3193856,602160,952512,1347088,8331360,0,88578,0,87500,1,2033392,1,1880973,1231,416,3891,154117,98611,0,0,16
1786393886097,3049472,531360,877360,1343168,8330704,0,88628,0,87550,1,2033392,1,1880973,1231,416,3930,154451,98916,0,0,16
1786393886598,2931712,572448,796208,1217584,8295520,0,122775,0,121556,1,2033392,1,1880973,1231,416,6096,166602,108757,0,0,20
1786393887110,2931712,572448,796304,1217712,8295808,18,122775,18,121556,0,2034962,0,1882539,1250,434,6096,166602,108757,0,0,20
1786393887623,2931712,572448,796304,1217712,8295840,18,122775,18,121556,0,2035877,0,1883454,1252,436,6096,166602,108757,0,0,20
1786393888135,2931712,572448,796336,1217712,8295840,18,122775,18,121556,0,2035877,0,1883454,1252,436,6096,166602,108757,0,0,20
1786393888640,2931712,572448,796336,1217728,8295840,18,122775,18,121556,0,2035877,0,1883454,1252,436,6096,166602,108757,0,0,20
1786393889143,2931712,572208,796112,1217728,8295840,14,122775,14,121556,0,2035877,0,1883454,1252,436,6096,166602,108757,0,0,20
1786393889653,2931712,572208,796112,1217728,8295840,14,122775,14,121556,0,2035877,0,1883454,1252,436,6096,166602,108757,0,0,20
1786393890157,2931712,572208,796176,1217792,8295840,14,122775,14,121556,0,2043022,0,1890087,1252,436,6096,166602,108757,0,0,20
1786393890665,2931712,572208,796176,1217792,8295840,14,122775,14,121556,0,2071534,0,1918599,1252,436,6096,166602,108757,0,0,20
1786393891170,2931712,572208,796160,1217792,8295840,12,122775,12,121556,18,2072212,18,1919200,1253,436,6096,166602,108757,0,0,20
1786393891678,2931712,571728,796192,1218288,8295840,12,122775,12,121556,18,2072212,18,1919200,1253,436,6096,166602,108757,0,0,20
1786393892181,2931712,571728,796192,1218288,8295840,12,122775,12,121556,18,2072212,18,1919200,1253,436,6096,166602,108757,0,0,20
1786393892684,2931712,571728,796192,1218288,8295840,12,122775,12,121556,18,2072212,18,1919200,1253,436,6096,166602,108757,0,0,20
1786393893193,2931712,571728,796192,1218288,8295840,9,122775,9,121556,15,2072212,15,1919200,1253,436,6096,166602,108757,0,0,20
1786393893696,2931712,571728,796192,1218288,8295840,9,122775,9,121556,15,2072212,15,1919200,1253,436,6096,166602,108757,0,0,20
1786393894208,2931712,571728,796192,1218288,8295840,9,122775,9,121556,15,2072212,15,1919200,1253,436,6096,166602,108757,0,0,20
1786393894714,2931712,571728,796192,1218288,8295840,9,122775,9,121556,15,2072212,15,1919200,1253,436,6096,166602,108757,0,0,20
1786393895221,2931712,571728,796192,1218288,8295840,8,122775,8,121556,12,2072212,12,1919200,1253,436,6096,166602,108757,0,0,20
1786393895726,2931712,571728,796192,1218288,8295840,8,122775,8,121556,12,2072212,12,1919200,1253,436,6096,166602,108757,0,0,20
1786393896230,2931712,571728,796192,1218288,8295840,8,122775,8,121556,12,2072212,12,1919200,1253,436,6096,166602,108757,0,0,20
1786393896739,2931712,571728,796192,1218288,8295840,8,122775,8,121556,12,2072212,12,1919200,1253,436,6096,166602,108757,0,0,20
1786393897250,2931712,571728,796192,1218288,8295840,6,122775,6,121556,10,2072212,10,1919200,1253,436,6096,166602,108757,0,0,20
1786393897757,2931712,571728,796192,1218288,8295840,6,122775,6,121556,10,2072212,10,1919200,1253,436,6096,166602,108757,0,0,20
1786393898269,2931712,571728,796192,1218288,8295840,6,122775,6,121556,10,2072212,10,1919200,1253,436,6096,166602,108757,0,0,20
1786393898772,2931712,571728,796192,1218288,8295840,6,122775,6,121556,10,2072212,10,1919200,1253,436,6096,166602,108757,0,0,20
1786393899282,2931712,571728,796192,1218288,8295840,5,122775,5,121556,8,2072212,8,1919200,1253,436,6096,166602,108757,0,0,20
1786393899786,2931712,571728,796192,1218288,8295840,5,122775,5,121556,8,2072212,8,1919200,1253,436,6096,166602,108757,0,0,20
1786393900297,2931712,571488,795952,1218288,8295840,5,122775,5,121556,8,2072212,8,1919200,1253,436,6096,166602,108757,0,0,20
1786393900802,2931712,571488,795952,1218288,8295840,5,122775,5,121556,8,2072212,8,1919200,1253,436,6096,166602,108757,0,0,20
1786393901308,2931712,571488,795952,1218288,8295840,4,122775,4,121556,6,2072212,6,1919200,1253,436,6096,166602,108757,0,0,20
1786393901812,2931712,571488,795952,1218288,8295840,4,122775,4,121556,6,2072212,6,1919200,1253,436,6096,166602,108757,0,0,20
1786393902313,2931712,571488,795952,1218288,8295840,4,122775,4,121556,6,2072212,6,1919200,1253,436,6096,166602,108757,0,0,20
1786393902816,2931712,571488,795952,1218288,8295840,4,122775,4,121556,6,2072212,6,1919200,1253,436,6096,166602,108757,0,0,20
1786393903325,2931712,571488,795952,1218288,8295840,3,122775,3,121556,5,2072212,5,1919200,1253,436,6096,166602,108757,0,0,20
1786393903828,2931712,571488,795952,1218288,8295840,3,122775,3,121556,5,2072212,5,1919200,1253,436,6096,166602,108757,0,0,20
1786393904338,2931712,571488,795952,1218288,8295840,3,122775,3,121556,5,2072212,5,1919200,1253,436,6096,166602,108757,0,0,20
1786393904844,2931712,571488,795952,1218288,8295840,3,122775,3,121556,5,2072212,5,1919200,1253,436,6096,166602,108757,0,0,20
1786393905356,2931712,571488,795952,1218288,8295840,2,122775,2,121556,4,2072212,4,1919200,1253,436,6096,166602,108757,0,0,20
1786393905866,2931712,571488,795952,1218288,8295840,2,122775,2,121556,4,2072212,4,1919200,1253,436,6096,166602,108757,0,0,20
1786393906370,2931712,571488,795952,1218288,8295840,2,122775,2,121556,4,2072212,4,1919200,1253,436,6096,166602,108757,0,0,20
1786393906882,2931712,571488,795952,1218288,8295840,2,122775,2,121556,4,2072212,4,1919200,1253,436,6096,166602,108757,0,0,20
1786393907385,2931712,571488,795952,1218288,8295840,2,122775,2,121556,3,2072212,3,1919200,1253,436,6096,166602,108757,0,0,20
1786393907889,2931712,571488,795952,1218288,8295840,2,122775,2,121556,3,2072212,3,1919200,1253,436,6096,166602,108757,0,0,20
1786393908392,2931712,571488,795952,1218288,8295840,2,122775,2,121556,3,2072212,3,1919200,1253,436,6096,166602,108757,0,0,20
1786393908898,2931712,571488,795952,1218288,8295840,2,122775,2,121556,3,2072212,3,1919200,1253,436,6096,166602,108757,0,0,20
1786393909409,2931712,571488,795952,1218288,8295840,1,122775,1,121556,3,2072212,3,1919200,1253,436,6096,166602,108757,0,0,20
1786393909912,2931712,571488,795952,1218288,8295840,1,122775,1,121556,3,2072212,3,1919200,1253,436,6096,166602,108757,0,0,20
1786393910422,2931712,571488,795952,1218288,8295840,1,122775,1,121556,3,2072212,3,1919200,1253,436,6096,166602,108757,0,0,20
1786393910931,2931712,571488,795952,1218288,8295840,1,122775,1,121556,3,2072212,3,1919200,1253,436,6096,166602,108757,0,0,20
1786393911439,2931712,571488,795952,1218288,8295840,1,122775,1,121556,2,2072212,2,1919200,1253,436,6096,166602,108757,0,0,20
1786393911942,2931712,571488,795952,1218288,8295840,1,122775,1,121556,2,2072212,2,1919200,1253,436,6096,166602,108757,0,0,20
1786393912455,2931712,571488,795952,1218288,8295840,1,122775,1,121556,2,2072212,2,1919200,1253,436,6096,166602,108757,0,0,20
1786393912959,2931712,571488,795952,1218288,8295840,1,122775,1,121556,2,2072212,2,1919200,1253,436,6096,166602,108757,0,0,20
1786393913471,2931712,571488,795952,1218288,8295840,1,122775,1,121556,1,2072212,1,1919200,1253,436,6096,166602,108757,0,0,20
1786393913980,2931712,571488,795952,1218288,8295840,1,122775,1,121556,1,2072212,1,1919200,1253,436,6096,166602,108757,0,0,20
1786393914486,2931712,571488,795952,1218288,8295840,1,122775,1,121556,1,2072212,1,1919200,1253,436,6096,166602,108757,0,0,20
1786393914996,2931712,571488,795952,1218288,8295840,1,122775,1,121556,1,2072212,1,1919200,1253,436,6096,166602,108757,0,0,20
1786393915497,2931712,571488,795952,1218288,8295840,0,122775,0,121556,1,2072212,1,1919200,1253,436,6096,166602,108757,0,0,20
1786393916004,2931712,571488,795952,1218288,8295840,0,122775,0,121556,1,2072212,1,1919200,1253,436,6096,166602,108757,0,0,20
1786393916508,2931712,571488,795936,1218288,8295840,0,122775,0,121556,1,2072212,1,1919200,1253,436,6096,166602,108757,0,0,20
1786393917017,2931712,571488,795952,1218288,8295840,0,122775,0,121556,1,2072212,1,1919200,1253,436,6096,166602,108757,0,0,20
1786393917526,2931712,571488,795952,1218288,8295840,0,122775,0,121556,1,2072212,1,1919200,1253,436,6096,166602,108757,0,0,20
1786393918038,2931712,571488,795952,1218288,8295840,0,122775,0,121556,1,2072212,1,1919200,1253,436,6096,166602,108757,0,0,20
1786393918544,2931712,571488,795952,1218288,8295840,0,122775,0,121556,1,2072212,1,1919200,1253,436,6096,166602,108757,0,0,20
1786393919052,2931712,571488,795952,1218288,8295840,0,122775,0,121556,1,2072212,1,1919200,1253,436,6096,166602,108757,0,0,20
1786393919563,2931712,571488,795952,1218288,8295840,0,122775,0,121556,1,2072212,1,1919200,1253,436,6096,166602,108757,0,0,20
1786393920074,2931712,571488,795952,1218288,8295840,0,122775,0,121556,1,2072212,1,1919200,1253,436,6096,166602,108757,0,0,20
1786393920585,2931712,571488,795952,1218352,8295840,0,122775,0,121556,1,2074300,1,1921288,1253,436,6096,166602,108757,0,0,20
1786393921088,2931712,571488,795952,1218352,8295840,0,122775,0,121556,0,2074300,0,1921288,1253,436,6096,166602,108757,0,0,20
1786393921590,2931712,571488,796016,1218352,8295840,0,122775,0,121556,0,2074300,0,1921288,1253,436,6096,166602,108757,0,0,20
1786393922097,2931712,571488,796016,1218352,8295840,0,122775,0,121556,0,2074300,0,1921288,1253,436,6096,166602,108757,0,0,20
1786393922608,2931712,571488,796016,1218352,8295840,0,122775,0,121556,0,2074300,0,1921288,1253,436,6096,166602,108757,0,0,20
1786393923115,2931712,571488,796016,1218352,8295840,0,122775,0,121556,0,2074300,0,1921288,1253,436,6096,166602,108757,0,0,20
1786393923618,2931712,571488,796016,1218368,8295840,0,122775,0,121556,0,2074300,0,1921288,1253,436,6096,166602,108757,0,0,20
1786393924120,2931712,571488,796016,1218368,8295840,0,122775,0,121556,0,2074300,0,1921288,1253,436,6096,166602,108757,0,0,20
1786393924628,2931712,571488,796016,1218368,8295840,0,122775,0,121556,0,2074300,0,1921288,1253,436,6096,166602,108757,0,0,20
1786393925137,2931712,571488,796016,1218368,8295840,0,122775,0,121556,0,2074300,0,1921288,1253,436,6096,166602,108757,0,0,20
1786393925648,2931712,571488,796016,1218368,8295840,0,122775,0,121556,0,2074300,0,1921288,1253,436,6096,166602,108757,0,0,20
1786393926150,2931712,571488,796016,1218368,8295840,0,122775,0,121556,0,2074300,0,1921288,1253,436,6096,166602,108757,0,0,20
1786393926652,2931712,571488,796016,1218368,8295840,0,122775,0,121556,0,2074300,0,1921288,1253,436,6096,166602,108757,0,0,20
1786393927155,2931712,571488,796016,1218368,8295840,0,122775,0,121556,0,2074300,0,1921288,1253,436,6096,166602,108757,0,0,20
1786393927667,2931712,571488,796016,1218368,8295840,0,122775,0,121556,0,2074300,0,1921288,1253,436,6096,166602,108757,0,0,20
1786393928178,2931712,571488,796016,1218368,8295840,0,122775,0,121556,0,2074300,0,1921288,1253,436,6096,166602,108757,0,0,20
1786393928688,2931712,571488,796016,1218368,8295840,0,122775,0,121556,0,2074300,0,1921288,1253,436,6096,166602,108757,0,0,20
1786393929193,2931712,571488,796016,1218368,8295840,0,122775,0,121556,0,2074300,0,1921288,1253,436,6096,166602,108757,0,0,20
1786393929697,2931712,571488,796016,1218368,8295840,0,122775,0,121556,0,2074300,0,1921288,1253,436,6096,166602,108757,0,0,20
1786393930198,2931712,571008,795536,1218368,8295840,0,122775,0,121556,0,2074300,0,1921288,1253,436,6096,166602,108757,0,0,20
1786393930700,2931712,571008,795536,1218368,8295840,0,122775,0,121556,0,2074300,0,1921288,1253,436,6096,166602,108757,0,0,20
1786393931212,2931712,571008,795536,1218368,8295840,0,122775,0,121556,0,2074300,0,1921288,1253,436,6096,166602,108757,0,0,20
1786393931723,2931712,571008,795536,1218368,8295840,0,122775,0,121556,0,2074300,0,1921288,1253,436,6096,166602,108757,0,0,20
1786393932231,2931712,570528,795056,1218368,8295840,0,122775,0,121556,0,2074300,0,1921288,1253,436,6096,166602,108757,0,0,20
1786393932742,2931712,570528,795056,1218368,8295840,0,122775,0,121556,0,2074300,0,1921288,1253,436,6096,166602,108757,0,0,20
1786393933244,2931712,570288,794816,1218368,8295840,0,122775,0,121556,0,2074300,0,1921288,1253,436,6096,166602,108757,0,0,20
1786393933750,2931712,570288,794816,1218368,8295840,0,122775,0,121556,0,2074300,0,1921288,1253,436,6096,166602,108757,0,0,20
1786393934256,2931712,570288,794816,1218368,8295840,0,122775,0,121556,0,2074300,0,1921288,1253,436,6096,166602,108757,0,0,20
1786393935453,2931712,570288,794816,1218368,8295840,0,122775,0,121556,0,2074300,0,1921288,1253,436,6096,166602,108757,0,0,20
1786393935964,2931712,569808,794336,1218368,8295840,0,122775,0,121556,0,2074300,0,1921288,1253,436,6096,166602,108757,0,0,20
1786393936466,2932736,569808,794320,1218368,8295840,0,122775,0,121556,0,2074300,0,1921288,1253,436,6096,166602,108757,0,0,20
1786393936968,4336640,1889856,2113904,1218368,8295840,0,122775,0,121556,0,2074300,0,1921288,1253,436,6096,166602,108757,0,0,20
1786393937475,5970944,3526032,3750080,1218368,8295840,0,122775,0,121556,0,2074300,0,1921288,1253,436,6096,166602,108757,0,0,20
1786393937977,7543808,5090448,5308400,1218368,8295840,0,122775,0,121556,0,2074300,0,1921288,1253,436,6096,166602,108757,0,0,20
1786393938481,9177088,6726288,6937856,1218368,8295840,0,122775,0,121556,0,2074300,0,1921288,1253,436,6096,166602,108757,0,0,20
1786393938982,10737664,8288336,8493808,1218368,8295840,0,122775,0,121556,0,2074300,0,1921288,1253,436,6096,166602,108757,0,0,20
1786393939483,12346368,9893456,10092640,1218368,8295840,0,122775,0,121556,0,2074300,0,1921288,1253,436,6096,166602,108757,0,0,20
1786393939993,12368896,9916496,10115600,1218368,8295840,0,122775,0,121556,0,2074300,0,1921288,1253,436,6096,166602,108757,0,0,20
1786393940497,12368896,9916256,10115360,1218368,8295872,0,122775,0,121556,0,2074300,0,1921288,1255,438,6096,166602,108757,0,0,20
1786393940999,12368896,9915776,10114880,1218368,8295872,0,122775,0,121556,0,2074300,0,1921288,1255,438,6096,166602,108757,0,0,20
1786393941504,12368896,9915776,10114880,1218368,8295872,0,122775,0,121556,0,2074300,0,1921288,1255,438,6096,166602,108757,0,0,20
1786393942016,12368896,9915776,10114880,1218368,8295872,0,122775,0,121556,0,2074300,0,1921288,1255,438,6096,166602,108757,0,0,20
1786393942518,12368896,9915776,10114880,1218368,8295872,0,122775,0,121556,0,2074300,0,1921288,1255,438,6096,166602,108757,0,0,20
1786393943025,12368896,9915776,10114880,1218368,8295872,0,122775,0,121556,0,2074300,0,1921288,1255,438,6096,166602,108757,0,0,20
1786393943530,12368896,9915536,10114640,1218368,8295872,0,122775,0,121556,0,2074300,0,1921288,1255,438,6096,166602,108757,0,0,20
1786393944033,12368896,9915536,10114640,1218368,8295872,0,122775,0,121556,0,2074300,0,1921288,1255,438,6096,166602,108757,0,0,20
1786393944537,12368896,9915296,10114400,1218368,8295872,0,122775,0,121556,0,2074300,0,1921288,1255,438,6096,166602,108757,0,0,20
1786393945039,12368896,9915296,10114400,1218368,8295872,0,122775,0,121556,0,2074300,0,1921288,1255,438,6096,166602,108757,0,0,20
1786393945544,12368896,9915056,10114160,1218368,8295872,0,122775,0,121556,0,2074300,0,1921288,1255,438,6096,166602,108757,0,0,20
1786393946056,12368896,9915056,10114160,1218368,8295872,0,122775,0,121556,0,2074300,0,1921288,1255,438,6096,166602,108757,0,0,20
1786393946565,12368896,9914816,10113920,1218368,8295872,0,122775,0,121556,0,2074300,0,1921288,1255,438,6096,166602,108757,0,0,20
1786393947076,12368896,9914816,10113920,1218368,8295872,0,122775,0,121556,0,2074300,0,1921288,1255,438,6096,166602,108757,0,0,20
1786393947586,12368896,9914816,10113920,1218368,8295872,0,122775,0,121556,0,2074300,0,1921288,1255,438,6096,166602,108757,0,0,20
1786393948097,12368896,9914816,10113920,1218368,8295872,0,122775,0,121556,0,2074300,0,1921288,1255,438,6096,166602,108757,0,0,20
1786393948598,12368896,9914816,10113920,1218368,8295872,0,122775,0,121556,0,2074300,0,1921288,1255,438,6096,166602,108757,0,0,20
1786393949099,12368896,9914816,10113920,1218368,8295872,0,122775,0,121556,0,2074300,0,1921288,1255,438,6096,166602,108757,0,0,20
1786393949612,12368896,9914816,10113920,1218368,8295872,0,122775,0,121556,0,2074300,0,1921288,1255,438,6096,166602,108757,0,0,20
1786393950120,12368896,9914576,10113680,1218368,8295872,0,122775,0,121556,0,2074300,0,1921288,1255,438,6096,166602,108757,0,0,20
1786393950632,12368896,9914576,10113680,1218368,8295872,0,122775,0,121556,0,2074300,0,1921288,1255,438,6096,166602,108757,0,0,20
1786393951144,12368896,9914576,10113680,1218368,8295872,0,122775,0,121556,0,2074300,0,1921288,1255,438,6096,166602,108757,0,0,20
1786393951651,12368896,9914576,10113680,1218368,8295872,0,122775,0,121556,0,2074300,0,1921288,1255,438,6096,166602,108757,0,0,20
1786393952158,12368896,9914576,10113680,1218368,8295872,0,122775,0,121556,0,2074300,0,1921288,1255,438,6096,166602,108757,0,0,20
1786393952665,12368896,9914096,10113200,1218368,8295872,0,122775,0,121556,0,2074300,0,1921288,1255,438,6096,166602,108757,0,0,20
1786393953170,12368896,9914096,10113200,1218368,8295872,0,122775,0,121556,0,2074300,0,1921288,1255,438,6096,166602,108757,0,0,20
1786393953680,12368896,9914096,10113200,1218368,8295872,0,122775,0,121556,0,2074300,0,1921288,1255,438,6096,166602,108757,0,0,20
1786393954182,12368896,9914096,10113200,1218368,8295872,0,122775,0,121556,0,2074300,0,1921288,1255,438,6096,166602,108757,0,0,20
1786393954686,12368896,9914096,10113200,1218368,8295872,0,122775,0,121556,0,2074300,0,1921288,1255,438,6096,166602,108757,0,0,20
1786393955193,12368896,9914096,10113200,1218368,8295872,0,122775,0,121556,0,2074300,0,1921288,1255,438,6096,166602,108757,0,0,20
1786393955702,12368896,9913616,10112720,1218368,8295872,0,122775,0,121556,0,2074300,0,1921288,1255,438,6096,166602,108757,0,0,20
1786393956207,12368896,9913616,10112720,1218368,8295872,0,122775,0,121556,0,2074300,0,1921288,1255,438,6096,166602,108757,0,0,20
1786393956714,12368896,9913616,10112720,1218368,8295872,0,122775,0,121556,0,2074300,0,1921288,1255,438,6096,166602,108757,0,0,20
1786393957220,12368896,9913616,10112720,1218368,8295872,0,122775,0,121556,0,2074300,0,1921288,1255,438,6096,166602,108757,0,0,20
1786393957733,12368896,9913616,10112720,1218368,8295872,0,122775,0,121556,0,2074300,0,1921288,1255,438,6096,166602,108757,0,0,20
1786393958237,12368896,9913616,10112720,1218368,8295872,0,122775,0,121556,0,2074300,0,1921288,1255,438,6096,166602,108757,0,0,20
1786393958750,12368896,9913616,10112720,1218368,8295872,0,122775,0,121556,0,2074300,0,1921288,1255,438,6096,166602,108757,0,0,20
1786393959258,12368896,9913616,10112720,1218368,8295872,0,122775,0,121556,0,2074300,0,1921288,1255,438,6096,166602,108757,0,0,20
1786393959770,12368896,9913616,10112720,1218368,8295872,0,122775,0,121556,0,2074300,0,1921288,1255,438,6096,166602,108757,0,0,20
1786393960273,12368896,9913616,10112720,1218368,8295872,0,122775,0,121556,0,2074300,0,1921288,1255,438,6096,166602,108757,0,0,20
1786393960775,12368896,9913616,10112720,1218368,8295872,0,122775,0,121556,0,2074300,0,1921288,1255,438,6096,166602,108757,0,0,20
1786393961286,12368896,9913136,10112240,1218368,8295872,0,122775,0,121556,0,2074300,0,1921288,1255,438,6096,166602,108757,0,0,20
1786393961798,12368896,9913136,10112240,1218368,8295872,0,122775,0,121556,0,2074300,0,1921288,1255,438,6096,166602,108757,0,0,20
1786393962309,12368896,9912896,10112000,1218368,8295872,0,122775,0,121556,0,2074300,0,1921288,1255,438,6096,166602,108757,0,0,20
1786393962816,12368896,9912896,10112000,1218368,8295872,0,122775,0,121556,0,2074300,0,1921288,1255,438,6096,166602,108757,0,0,20
1786393963325,12368896,9912656,10111760,1218368,8295872,0,122775,0,121556,0,2074300,0,1921288,1255,438,6096,166602,108757,0,0,20
1786393963836,12368896,9912656,10111760,1218368,8295872,0,122775,0,121556,0,2074300,0,1921288,1255,438,6096,166602,108757,0,0,20
1786393964338,12368896,9912416,10111520,1218368,8295872,0,122775,0,121556,0,2074300,0,1921288,1255,438,6096,166602,108757,0,0,20
1786393964844,12368896,9912416,10111520,1218368,8295872,0,122775,0,121556,0,2074300,0,1921288,1255,438,6096,166602,108757,0,0,20
1786393965356,12368896,9911936,10111040,1218368,8295872,0,122775,0,121556,0,2074300,0,1921288,1255,438,6096,166602,108757,0,0,20
1786393965859,12368896,9911936,10111040,1218368,8295872,0,122775,0,121556,0,2074300,0,1921288,1255,438,6096,166602,108757,0,0,20
1786393966371,12368896,9911936,10111040,1218368,8295872,0,122775,0,121556,0,2074300,0,1921288,1255,438,6096,166602,108757,0,0,20
1786393966877,12368896,9911936,10111040,1218368,8295872,0,122775,0,121556,0,2074300,0,1921288,1255,438,6096,166602,108757,0,0,20
1786393967379,12368896,9911696,10110800,1218368,8295872,0,122775,0,121556,0,2074300,0,1921288,1255,438,6096,166602,108757,0,0,20
1786393967887,12368896,9911696,10110800,1218368,8295872,0,122775,0,121556,0,2074300,0,1921288,1255,438,6096,166602,108757,0,0,20
1786393968400,12368896,9911696,10110800,1218368,8295872,0,122775,0,121556,0,2074300,0,1921288,1255,438,6096,166602,108757,0,0,20
1786393968913,12368896,9911696,10110800,1218368,8295872,0,122775,0,121556,0,2074300,0,1921288,1255,438,6096,166602,108757,0,0,20
1786393969417,12368896,9911696,10110800,1218368,8295872,0,122775,0,121556,0,2074300,0,1921288,1255,438,6096,166602,108757,0,0,20
1786393969925,12368896,9911216,10110320,1218368,8295872,0,122775,0,121556,0,2074300,0,1921288,1255,438,6096,166602,108757,0,0,20
1786393970434,12368896,9911216,10110320,1218368,8295872,0,122775,0,121556,0,2074300,0,1921288,1255,438,6096,166602,108757,0,0,20
1786393970946,12368896,9911216,10110320,1218368,8295872,0,122775,0,121556,0,2074300,0,1921288,1255,438,6096,166602,108757,0,0,20
1786393971457,12368896,9911216,10110320,1218368,8295872,0,122775,0,121556,0,2074300,0,1921288,1255,438,6096,166602,108757,0,0,20
1786393971972,12368896,9911216,10110320,1218368,8295872,0,122775,0,121556,0,2074300,0,1921288,1255,438,6096,166602,108757,0,0,20
1786393972474,12368896,9911216,10110320,1218368,8295872,0,122775,0,121556,0,2074300,0,1921288,1255,438,6096,166602,108757,0,0,20
1786393972980,12368896,9911216,10110320,1218368,8295872,0,122775,0,121556,0,2074300,0,1921288,1255,438,6096,166602,108757,0,0,20
1786393973483,12368896,9910736,10109840,1218368,8295872,0,122775,0,121556,0,2074300,0,1921288,1255,438,6096,166602,108757,0,0,20
1786393973985,12368896,9910736,10109840,1218368,8295872,0,122775,0,121556,0,2074300,0,1921288,1255,438,6096,166602,108757,0,0,20
1786393974486,12368896,9910736,10109840,1218368,8295872,0,122775,0,121556,0,2074300,0,1921288,1255,438,6096,166602,108757,0,0,20
1786393974991,12368896,9910736,10109840,1218368,8295872,0,122775,0,121556,0,2074300,0,1921288,1255,438,6096,166602,108757,0,0,20
1786393975503,12368896,9910256,10109360,1218368,8295872,0,122775,0,121556,0,2074300,0,1921288,1255,438,6096,166602,108757,0,0,20
1786393976013,12368896,9910256,10109360,1218368,8295872,0,122775,0,121556,0,2074300,0,1921288,1255,438,6096,166602,108757,0,0,20
1786393976525,12368896,9910256,10109360,1218368,8295872,0,122775,0,121556,0,2074300,0,1921288,1255,438,6096,166602,108757,0,0,20
1786393977028,12368896,9910256,10109360,1218368,8295872,0,122775,0,121556,0,2074300,0,1921288,1255,438,6096,166602,108757,0,0,20
1786393977530,12368896,9909776,10108880,1218368,8295872,0,122775,0,121556,0,2074300,0,1921288,1255,438,6096,166602,108757,0,0,20
1786393978040,12368896,9909776,10108880,1218368,8295872,0,122775,0,121556,0,2074300,0,1921288,1255,438,6096,166602,108757,0,0,20
1786393978551,12368896,9909536,10108640,1218368,8295872,0,122775,0,121556,0,2074300,0,1921288,1255,438,6096,166602,108757,0,0,20
1786393979058,12368896,9909536,10108640,1218368,8295872,0,122775,0,121556,0,2074300,0,1921288,1255,438,6096,166602,108757,0,0,20
1786393979560,12368896,9909536,10108640,1218368,8295872,0,122775,0,121556,0,2074300,0,1921288,1255,438,6096,166602,108757,0,0,20
1786393980065,12368896,9909536,10108640,1218368,8295872,0,122775,0,121556,0,2074300,0,1921288,1255,438,6096,166602,108757,0,0,20
1786393980568,12368896,9909536,10108640,1218368,8295872,0,122775,0,121556,0,2074300,0,1921288,1255,438,6096,166602,108757,0,0,20
1786393981080,12368896,9909536,10108640,1218368,8295872,0,122775,0,121556,0,2074300,0,1921288,1255,438,6096,166602,108757,0,0,20
1786393981593,12368896,9909536,10108640,1218368,8295872,0,122775,0,121556,0,2074300,0,1921288,1255,438,6096,166602,108757,0,0,20
1786393982104,12368896,9909536,10108640,1218368,8295872,0,122775,0,121556,0,2074300,0,1921288,1255,438,6096,166602,108757,0,0,20
1786393982608,12368896,9909536,10108640,1218368,8295872,0,122775,0,121556,0,2074300,0,1921288,1255,438,6096,166602,108757,0,0,20
1786393983114,12368896,9909536,10108640,1218368,8295872,0,122775,0,121556,0,2074300,0,1921288,1255,438,6096,166602,108757,0,0,20
1786393983626,12368896,9909296,10108400,1218368,8295872,0,122775,0,121556,0,2074300,0,1921288,1255,438,6096,166602,108757,0,0,20
1786393984131,12368896,9909296,10108400,1218368,8295872,0,122775,0,121556,0,2074300,0,1921288,1255,438,6096,166602,108757,0,0,20
1786393984635,12368896,9909296,10108400,1218368,8295872,0,122775,0,121556,0,2074300,0,1921288,1255,438,6096,166602,108757,0,0,20
1786393985141,12368896,9909296,10108400,1218368,8295872,0,122775,0,121556,0,2074300,0,1921288,1255,438,6096,166602,108757,0,0,20
1786393985651,12368896,9909296,10108400,1218368,8295872,0,122775,0,121556,0,2074300,0,1921288,1255,438,6096,166602,108757,0,0,20
1786393986153,12368896,9909296,10108400,1218368,8295872,0,122775,0,121556,0,2074300,0,1921288,1255,438,6096,166602,108757,0,0,20
1786393986657,12368896,9909296,10108400,1218368,8295872,0,122775,0,121556,0,2074300,0,1921288,1255,438,6096,166602,108757,0,0,20
1786393987162,12368896,9909296,10108400,1218368,8295872,0,122775,0,121556,0,2074300,0,1921288,1255,438,6096,166602,108757,0,0,20
1786393987666,12368896,9909296,10108400,1218368,8295872,0,122775,0,121556,0,2074300,0,1921288,1255,438,6096,166602,108757,0,0,20
1786393988171,12368896,9909296,10108400,1218384,8295872,0,122775,0,121556,0,2074300,0,1921288,1255,438,6096,166602,108757,0,0,20
1786393988682,12368896,9909296,10108400,1218384,8295872,0,122775,0,121556,0,2074300,0,1921288,1255,438,6096,166602,108757,0,0,20
1786393989187,12368896,9909296,10108400,1218384,8295872,0,122775,0,121556,0,2074300,0,1921288,1255,438,6096,166602,108757,0,0,20
1786393989698,12368896,9909296,10108400,1218384,8295872,0,122775,0,121556,0,2074300,0,1921288,1255,438,6096,166602,108757,0,0,20
1786393990206,12368896,9909296,10108400,1218384,8295872,0,122775,0,121556,0,2074300,0,1921288,1255,438,6096,166602,108757,0,0,20
1786393990709,12368896,9909296,10108400,1218384,8295872,0,122775,0,121556,0,2074300,0,1921288,1255,438,6096,166602,108757,0,0,20
1786393991219,12368896,9909296,10108400,1218384,8295872,0,122775,0,121556,0,2074300,0,1921288,1255,438,6096,166602,108757,0,0,20
1786393991721,12368896,9909296,10108400,1218384,8295872,0,122775,0,121556,0,2074300,0,1921288,1255,438,6096,166602,108757,0,0,20
1786393992232,12368896,9909296,10108400,1218384,8295872,0,122775,0,121556,0,2074300,0,1921288,1255,438,6096,166602,108757,0,0,20
1786393992736,12368896,9909296,10108400,1218384,8295872,0,122775,0,121556,0,2074300,0,1921288,1255,438,6096,166602,108757,0,0,20
1786393993248,12368896,9909296,10108400,1218384,8295872,0,122775,0,121556,0,2074300,0,1921288,1255,438,6096,166602,108757,0,0,20
1786393993757,12368896,9909296,10108400,1218384,8295872,0,122775,0,121556,0,2074300,0,1921288,1255,438,6096,166602,108757,0,0,20
1786393994268,12368896,9909296,10108400,1218384,8295872,0,122775,0,121556,0,2074300,0,1921288,1255,438,6096,166602,108757,0,0,20
1786393994780,12368896,9909296,10108400,1218384,8295872,0,122775,0,121556,0,2074300,0,1921288,1255,438,6096,166602,108757,0,0,20
1786393995291,12368896,9909296,10108400,1218384,8295872,0,122775,0,121556,0,2074300,0,1921288,1255,438,6096,166602,108757,0,0,20
1786393995793,12368896,9908512,10109184,1219984,8296480,0,123494,0,122275,0,2078401,0,1925333,1315,489,6096,166602,108757,0,0,20
1786393996298,12368896,9906672,10118272,1230928,8298656,0,123860,0,122641,0,2101458,0,1947808,1498,625,6096,166602,108757,0,0,20
1786393996801,12368896,9906672,10118272,1230928,8298656,0,123860,0,122641,0,2101458,0,1947808,1498,625,6096,166602,108757,0,0,20
1786393997306,12368896,9906672,10118272,1230928,8298656,0,123860,0,122641,18,2101458,18,1947808,1498,625,6096,166602,108757,0,0,20
1786393997809,12368896,9906672,10118272,1230928,8298656,0,123860,0,122641,18,2101458,18,1947808,1498,625,6096,166602,108757,0,0,20
1786393998311,12368896,9906672,10118272,1230928,8298656,0,123860,0,122641,18,2101458,18,1947808,1498,625,6096,166602,108757,0,0,20
1786393998815,12368896,9906672,10118272,1230928,8298656,0,123860,0,122641,18,2101458,18,1947808,1498,625,6096,166602,108757,0,0,20
1786393999325,12368896,9906672,10118304,1230928,8298656,0,123860,0,122641,14,2101458,14,1947808,1498,625,6096,166602,108757,0,0,20
1786393999830,12368896,9906672,10118304,1230928,8298656,0,123860,0,122641,14,2101458,14,1947808,1498,625,6096,166602,108757,0,0,20
1786394000338,12368896,9906672,10118304,1230928,8298656,0,123860,0,122641,14,2101458,14,1947808,1498,625,6096,166602,108757,0,0,20
1786394000841,12368896,9906672,10118304,1230928,8298656,0,123860,0,122641,14,2101458,14,1947808,1498,625,6096,166602,108757,0,0,20
1786394001347,12368896,9906672,10118304,1230928,8298656,0,123860,0,122641,12,2101458,12,1947808,1498,625,6096,166602,108757,0,0,20
1786394001857,12368896,9906672,10118304,1230928,8298656,0,123860,0,122641,12,2101458,12,1947808,1498,625,6096,166602,108757,0,0,20
1786394002362,12368896,9906672,10118304,1230928,8298656,0,123860,0,122641,12,2101458,12,1947808,1498,625,6096,166602,108757,0,0,20
1786394002874,12368896,9906672,10118304,1230928,8298656,0,123860,0,122641,12,2101458,12,1947808,1498,625,6096,166602,108757,0,0,20
1786394003377,12368896,9906672,10118304,1230928,8298656,0,123860,0,122641,9,2101458,9,1947808,1498,625,6096,166602,108757,0,0,20
1786394003879,12368896,9906672,10118304,1230928,8298656,0,123860,0,122641,9,2101458,9,1947808,1498,625,6096,166602,108757,0,0,20
1786394004382,12368896,9906672,10118304,1230928,8298656,0,123860,0,122641,9,2101458,9,1947808,1498,625,6096,166602,108757,0,0,20
1786394004885,12368896,9906672,10118304,1230928,8298656,0,123860,0,122641,9,2101458,9,1947808,1498,625,6096,166602,108757,0,0,20
1786394005396,12368896,9906672,10118304,1230928,8298656,0,123860,0,122641,8,2101458,8,1947808,1498,625,6096,166602,108757,0,0,20
1786394005908,12368896,9906672,10118304,1230928,8298656,0,123860,0,122641,8,2101458,8,1947808,1498,625,6096,166602,108757,0,0,20
1786394006420,12368896,9906672,10118304,1230928,8298656,0,123860,0,122641,8,2101458,8,1947808,1498,625,6096,166602,108757,0,0,20
1786394006930,12368896,9906672,10118304,1230928,8298656,0,123860,0,122641,8,2101458,8,1947808,1498,625,6096,166602,108757,0,0,20
1786394007442,12368896,9906672,10118304,1230928,8298656,0,123860,0,122641,6,2101458,6,1947808,1498,625,6096,166602,108757,0,0,20
1786394007952,12368896,9906672,10118304,1230928,8298656,0,123860,0,122641,6,2101458,6,1947808,1498,625,6096,166602,108757,0,0,20
1786394008464,12368896,9906672,10118304,1230928,8298656,0,123860,0,122641,6,2101458,6,1947808,1498,625,6096,166602,108757,0,0,20
1786394008966,12368896,9906672,10118304,1230928,8298656,0,123860,0,122641,6,2101458,6,1947808,1498,625,6096,166602,108757,0,0,20
1786394009476,12368896,9906672,10118304,1230928,8298656,0,123860,0,122641,5,2101458,5,1947808,1498,625,6096,166602,108757,0,0,20
1786394009985,12368896,9906672,10118304,1230928,8298656,0,123860,0,122641,5,2101458,5,1947808,1498,625,6096,166602,108757,0,0,20
1786394010487,12368896,9906672,10118304,1230928,8298656,0,123860,0,122641,5,2101458,5,1947808,1498,625,6096,166602,108757,0,0,20
1786394010996,12368896,9906672,10118304,1230928,8298656,0,123860,0,122641,5,2101458,5,1947808,1498,625,6096,166602,108757,0,0,20
1786394011508,12368896,9906672,10118304,1230928,8298656,0,123860,0,122641,4,2101458,4,1947808,1498,625,6096,166602,108757,0,0,20
1786394012018,12368896,9906672,10118304,1230928,8298656,0,123860,0,122641,4,2101458,4,1947808,1498,625,6096,166602,108757,0,0,20
1786394012520,12368896,9906672,10118304,1230928,8298656,0,123860,0,122641,4,2101458,4,1947808,1498,625,6096,166602,108757,0,0,20
1786394013033,12368896,9906672,10118304,1230928,8298656,0,123860,0,122641,4,2101458,4,1947808,1498,625,6096,166602,108757,0,0,20
1786394013540,12368896,9906672,10118304,1230928,8298656,0,123860,0,122641,3,2101458,3,1947808,1498,625,6096,166602,108757,0,0,20
1786394014045,12368896,9906672,10118304,1230928,8298656,0,123860,0,122641,3,2101458,3,1947808,1498,625,6096,166602,108757,0,0,20
1786394014553,12368896,9906672,10118304,1230928,8298656,0,123860,0,122641,3,2101458,3,1947808,1498,625,6096,166602,108757,0,0,20
1786394015065,12368896,9906672,10118304,1230928,8298656,0,123860,0,122641,3,2101458,3,1947808,1498,625,6096,166602,108757,0,0,20
1786394015566,12368896,9906672,10118304,1230928,8298656,0,123860,0,122641,2,2101458,2,1947808,1498,625,6096,166602,108757,0,0,20
1786394016070,12368896,9906672,10118304,1230928,8298656,0,123860,0,122641,2,2101458,2,1947808,1498,625,6096,166602,108757,0,0,20
1786394016581,12368896,9906672,10118304,1230928,8298656,0,123860,0,122641,2,2101458,2,1947808,1498,625,6096,166602,108757,0,0,20
1786394017087,12368896,9906672,10118304,1230928,8298656,0,123860,0,122641,2,2101458,2,1947808,1498,625,6096,166602,108757,0,0,20
1786394017597,12368896,9906672,10118304,1230928,8298656,0,123860,0,122641,2,2101458,2,1947808,1498,625,6096,166602,108757,0,0,20
1786394018099,12368896,9906672,10118304,1230928,8298656,0,123860,0,122641,2,2101458,2,1947808,1498,625,6096,166602,108757,0,0,20
1786394018603,12368896,9906672,10118304,1230928,8298656,0,123860,0,122641,2,2101458,2,1947808,1498,625,6096,166602,108757,0,0,20
1786394019111,12368896,9906672,10118304,1230928,8298656,0,123860,0,122641,2,2101458,2,1947808,1498,625,6096,166602,108757,0,0,20
1786394019622,12368896,9906672,10118304,1230928,8298656,0,123860,0,122641,1,2101458,1,1947808,1498,625,6096,166602,108757,0,0,20
1786394020123,12368896,9906672,10118304,1230928,8298656,0,123860,0,122641,1,2101458,1,1947808,1498,625,6096,166602,108757,0,0,20
1786394020634,12368896,9906672,10118304,1230928,8298656,0,123860,0,122641,1,2101458,1,1947808,1498,625,6096,166602,108757,0,0,20
1786394021135,12368896,9906672,10118304,1230928,8298656,0,123860,0,122641,1,2101458,1,1947808,1498,625,6096,166602,108757,0,0,20
1786394021637,12368896,9906672,10118304,1230928,8298656,0,123860,0,122641,1,2101458,1,1947808,1498,625,6096,166602,108757,0,0,20
1786394022148,12368896,9906672,10118304,1230928,8298656,0,123860,0,122641,1,2101458,1,1947808,1498,625,6096,166602,108757,0,0,20
1786394022656,12368896,9906672,10118304,1230928,8298656,0,123860,0,122641,1,2101458,1,1947808,1498,625,6096,166602,108757,0,0,20
1786394023162,12368896,9906672,10118304,1230928,8298656,0,123860,0,122641,1,2101458,1,1947808,1498,625,6096,166602,108757,0,0,20
1786394023674,12368896,9906672,10118304,1230928,8298656,0,123860,0,122641,1,2101458,1,1947808,1498,625,6096,166602,108757,0,0,20
1786394024188,12368896,9906432,10118064,1230928,8298656,0,123860,0,122641,1,2101458,1,1947808,1498,625,6096,166602,108757,0,0,20
1786394024692,12368896,9906432,10118064,1230928,8298656,0,123860,0,122641,1,2101458,1,1947808,1498,625,6096,166602,108757,0,0,20
1786394025199,12368896,9906432,10118064,1230928,8298656,0,123860,0,122641,0,2101458,0,1947808,1498,625,6096,166602,108757,0,0,20
1786394025709,12368896,9906432,10118064,1230928,8298656,0,123860,0,122641,0,2101458,0,1947808,1498,625,6096,166602,108757,0,0,20
1786394026211,12368896,9906192,10117824,1230928,8298656,0,123860,0,122641,0,2101458,0,1947808,1498,625,6096,166602,108757,0,0,20
1786394026712,12368896,9906192,10117824,1230928,8298656,0,123860,0,122641,0,2106711,0,1952679,1498,625,6096,166602,108757,0,0,20
1786394027217,12368896,9906192,10117840,1230944,8298656,0,123860,0,122641,0,2117809,0,1963213,1498,625,6096,166602,108757,0,0,20
1786394027728,12368896,9906192,10117840,1230944,8298656,0,123860,0,122641,0,2117809,0,1963213,1498,625,6096,166602,108757,0,0,20
1786394028230,12368896,9906192,10117840,1231248,8298656,0,123860,0,122641,0,2157230,0,2002581,1498,625,6096,166602,108757,0,0,20
1786394028733,12368896,9906192,10118144,1231248,8298656,0,123860,0,122641,0,2157230,0,2002581,1498,625,6096,166602,108757,0,0,20
1786394029245,12368896,9906192,10118144,1231248,8298656,0,123860,0,122641,18,2157230,18,2002581,1498,625,6096,166602,108757,0,0,20
1786394029750,12368896,9906192,10118144,1231248,8298656,0,123860,0,122641,18,2157230,18,2002581,1498,625,6096,166602,108757,0,0,20
1786394030258,12368896,9906192,10118144,1231248,8298656,0,123860,0,122641,18,2157230,18,2002581,1498,625,6096,166602,108757,0,0,20
1786394030770,12368896,9906192,10118144,1231248,8298656,0,123860,0,122641,18,2157230,18,2002581,1498,625,6096,166602,108757,0,0,20
1786394031279,12368896,9906192,10118144,1231248,8298656,0,123860,0,122641,15,2157230,15,2002581,1498,625,6096,166602,108757,0,0,20
1786394031786,12368896,9906192,10118144,1231248,8298656,0,123860,0,122641,15,2157230,15,2002581,1498,625,6096,166602,108757,0,0,20
1786394032293,12368896,9905952,10117904,1231248,8298656,0,123860,0,122641,15,2157230,15,2002581,1498,625,6096,166602,108757,0,0,20
1786394032798,12368896,9905952,10117904,1231248,8298656,0,123860,0,122641,15,2157230,15,2002581,1498,625,6096,166602,108757,0,0,20
1786394033304,12368896,9905952,10117904,1231248,8298656,0,123860,0,122641,12,2157230,12,2002581,1498,625,6096,166602,108757,0,0,20
1786394033806,12368896,9905952,10117904,1231248,8298656,0,123860,0,122641,12,2157230,12,2002581,1498,625,6096,166602,108757,0,0,20
1786394034314,12368896,9905952,10117904,1231248,8298656,0,123860,0,122641,12,2157230,12,2002581,1498,625,6096,166602,108757,0,0,20
1786394034826,12368896,9905952,10117904,1231248,8298656,0,123860,0,122641,12,2157230,12,2002581,1498,625,6096,166602,108757,0,0,20
1786394035331,12368896,9905952,10117904,1231248,8298656,0,123860,0,122641,10,2157230,10,2002581,1498,625,6096,166602,108757,0,0,20
1786394035832,12368896,9905952,10117904,1231248,8298656,0,123860,0,122641,10,2157230,10,2002581,1498,625,6096,166602,108757,0,0,20
1786394036344,12368896,9905952,10117904,1231248,8298656,0,123860,0,122641,10,2157230,10,2002581,1498,625,6096,166602,108757,0,0,20
1786394036850,12368896,9905952,10117904,1231248,8298656,0,123860,0,122641,10,2157230,10,2002581,1498,625,6096,166602,108757,0,0,20
1786394037355,12368896,9905952,10117904,1231248,8298656,0,123860,0,122641,8,2157230,8,2002581,1498,625,6096,166602,108757,0,0,20
1786394037858,12368896,9905952,10117904,1231248,8298656,0,123860,0,122641,8,2157230,8,2002581,1498,625,6096,166602,108757,0,0,20
1786394038361,12368896,9905952,10117904,1231248,8298656,0,123860,0,122641,8,2157230,8,2002581,1498,625,6096,166602,108757,0,0,20
1786394038863,12368896,9905952,10117904,1231248,8298656,0,123860,0,122641,8,2157230,8,2002581,1498,625,6096,166602,108757,0,0,20
1786394039364,12368896,9905952,10117904,1231248,8298656,0,123860,0,122641,6,2157230,6,2002581,1498,625,6096,166602,108757,0,0,20
1786394039866,12368896,9905952,10117904,1231248,8298656,0,123860,0,122641,6,2157230,6,2002581,1498,625,6096,166602,108757,0,0,20
1786394040376,12368896,9905712,10117664,1231248,8298656,0,123860,0,122641,6,2157230,6,2002581,1498,625,6096,166602,108757,0,0,20
1786394040880,12368896,9905712,10117664,1231248,8298656,0,123860,0,122641,6,2157230,6,2002581,1498,625,6096,166602,108757,0,0,20
1786394041388,12368896,9905712,10117664,1231248,8298656,0,123860,0,122641,5,2157230,5,2002581,1498,625,6096,166602,108757,0,0,20
1786394041900,12368896,9905712,10117664,1231248,8298656,0,123860,0,122641,5,2157230,5,2002581,1498,625,6096,166602,108757,0,0,20
1786394042405,12368896,9905712,10117664,1231248,8298656,0,123860,0,122641,5,2157230,5,2002581,1498,625,6096,166602,108757,0,0,20
1786394042907,12368896,9905712,10117664,1231248,8298656,0,123860,0,122641,5,2157230,5,2002581,1498,625,6096,166602,108757,0,0,20
1786394043415,12368896,9905712,10117664,1231248,8298656,0,123860,0,122641,4,2157230,4,2002581,1498,625,6096,166602,108757,0,0,20
1786394043927,12368896,9905472,10117424,1231248,8298656,0,123860,0,122641,4,2157230,4,2002581,1498,625,6096,166602,108757,0,0,20
1786394044432,12368896,9905472,10117424,1231248,8298656,0,123860,0,122641,4,2157230,4,2002581,1498,625,6096,166602,108757,0,0,20
1786394044944,12368896,9905472,10117424,1231248,8298656,0,123860,0,122641,4,2157230,4,2002581,1498,625,6096,166602,108757,0,0,20
1786394045451,12368896,9905472,10117424,1231248,8298656,0,123860,0,122641,3,2157230,3,2002581,1498,625,6096,166602,108757,0,0,20
1786394045952,12368896,9905232,10117184,1231248,8298656,0,123860,0,122641,3,2157230,3,2002581,1498,625,6096,166602,108757,0,0,20
1786394046460,12368896,9905232,10117168,1231248,8298656,0,123860,0,122641,3,2157230,3,2002581,1498,625,6096,166602,108757,0,0,20
1786394046963,12368896,9905232,10117168,1231248,8298656,0,123860,0,122641,3,2157230,3,2002581,1498,625,6096,166602,108757,0,0,20
1786394047475,12368896,9905232,10117184,1231248,8298656,0,123860,0,122641,3,2157230,3,2002581,1498,625,6096,166602,108757,0,0,20
1786394047977,12368896,9905232,10117184,1231248,8298656,0,123860,0,122641,3,2157230,3,2002581,1498,625,6096,166602,108757,0,0,20
1786394048480,12368896,9905232,10117184,1231248,8298656,0,123860,0,122641,3,2157230,3,2002581,1498,625,6096,166602,108757,0,0,20
1786394048989,12368896,9905232,10117184,1231248,8298656,0,123860,0,122641,3,2157230,3,2002581,1498,625,6096,166602,108757,0,0,20
1786394049501,12368896,9904992,10116944,1231248,8298656,0,123860,0,122641,2,2157230,2,2002581,1498,625,6096,166602,108757,0,0,20
1786394050007,12368896,9904992,10116944,1231248,8298656,0,123860,0,122641,2,2157230,2,2002581,1498,625,6096,166602,108757,0,0,20
1786394050519,12368896,9904992,10116944,1231248,8298656,0,123860,0,122641,2,2157230,2,2002581,1498,625,6096,166602,108757,0,0,20
1786394051030,12368896,9904992,10116944,1231248,8298656,0,123860,0,122641,2,2157230,2,2002581,1498,625,6096,166602,108757,0,0,20
1786394051535,12368896,9904992,10116944,1231248,8298656,0,123860,0,122641,1,2157230,1,2002581,1498,625,6096,166602,108757,0,0,20
1786394052046,12368896,9904992,10116944,1231248,8298656,0,123860,0,122641,1,2157230,1,2002581,1498,625,6096,166602,108757,0,0,20
1786394052553,12368896,9904992,10116944,1231264,8298656,0,123860,0,122641,1,2157230,1,2002581,1498,625,6096,166602,108757,0,0,20
1786394053063,12368896,9904992,10116944,1231264,8298656,0,123860,0,122641,1,2157230,1,2002581,1498,625,6096,166602,108757,0,0,20
1786394053575,12368896,9904992,10116944,1231264,8298656,0,123860,0,122641,1,2157230,1,2002581,1498,625,6096,166602,108757,0,0,20
1786394054087,12368896,9904992,10116944,1231264,8298656,0,123860,0,122641,1,2157230,1,2002581,1498,625,6096,166602,108757,0,0,20
1786394054597,12368896,9904752,10116704,1231264,8298656,0,123860,0,122641,1,2157230,1,2002581,1498,625,6096,166602,108757,0,0,20
1786394055098,12368896,9904752,10116704,1231264,8298656,0,123860,0,122641,1,2157230,1,2002581,1498,625,6096,166602,108757,0,0,20
1786394055609,12368896,9904752,10116704,1231264,8298656,0,123860,0,122641,1,2157230,1,2002581,1498,625,6096,166602,108757,0,0,20
1786394056111,12368896,9904752,10116704,1231264,8298656,0,123860,0,122641,1,2157230,1,2002581,1498,625,6096,166602,108757,0,0,20
1786394056622,12368896,9904512,10116464,1231264,8298656,0,123860,0,122641,1,2157230,1,2002581,1498,625,6096,166602,108757,0,0,20
1786394057123,12368896,9904272,10116224,1231264,8298656,0,123860,0,122641,1,2157230,1,2002581,1498,625,6096,166602,108757,0,0,20
1786394057626,12368896,9904272,10116224,1231264,8298656,0,123860,0,122641,1,2157230,1,2002581,1498,625,6096,166602,108757,0,0,20
1786394058128,12368896,9904272,10116224,1231264,8298656,0,123860,0,122641,1,2157230,1,2002581,1498,625,6096,166602,108757,0,0,20
1786394058631,12368896,9904272,10116224,1231264,8298656,0,123860,0,122641,1,2157230,1,2002581,1498,625,6096,166602,108757,0,0,20
1786394059135,12368896,9904272,10116224,1231264,8298656,0,123860,0,122641,1,2157230,1,2002581,1498,625,6096,166602,108757,0,0,20
1786394059646,12368896,9904272,10116224,1231264,8298656,0,123860,0,122641,0,2157230,0,2002581,1498,625,6096,166602,108757,0,0,20
1786394060151,12368896,9904272,10116224,1231264,8298656,0,123860,0,122641,0,2157230,0,2002581,1498,625,6096,166602,108757,0,0,20
1786394060662,12368896,9904272,10116224,1231264,8298656,0,123860,0,122641,0,2157230,0,2002581,1498,625,6096,166602,108757,0,0,20
1786394061171,12368896,9904272,10116224,1231264,8298656,0,123860,0,122641,0,2157230,0,2002581,1498,625,6096,166602,108757,0,0,20
1786394061683,12368896,9904272,10116224,1231264,8298656,0,123860,0,122641,0,2157230,0,2002581,1498,625,6096,166602,108757,0,0,20
1786394062195,12368896,9904272,10116224,1231264,8298656,0,123860,0,122641,0,2157230,0,2002581,1498,625,6096,166602,108757,0,0,20
1786394062707,12368896,9904032,10115984,1231264,8298656,0,123860,0,122641,0,2157230,0,2002581,1498,625,6096,166602,108757,0,0,20
1786394063212,12368896,9904032,10115984,1231264,8298656,0,123860,0,122641,0,2157230,0,2002581,1498,625,6096,166602,108757,0,0,20
1786394063724,12368896,9904032,10115984,1231264,8298656,0,123860,0,122641,0,2157230,0,2002581,1498,625,6096,166602,108757,0,0,20
1786394064230,12368896,9904032,10115984,1231264,8298656,0,123860,0,122641,0,2157230,0,2002581,1498,625,6096,166602,108757,0,0,20
1786394064732,12368896,9903792,10115744,1231264,8298656,0,123860,0,122641,0,2157230,0,2002581,1498,625,6096,166602,108757,0,0,20
1786394065238,12368896,9903792,10115744,1231264,8298656,0,123860,0,122641,0,2157230,0,2002581,1498,625,6096,166602,108757,0,0,20
1786394065742,12368896,9903792,10115744,1231264,8298656,0,123860,0,122641,0,2157230,0,2002581,1498,625,6096,166602,108757,0,0,20
1786394066251,12368896,9903792,10115744,1231264,8298656,0,123860,0,122641,0,2157230,0,2002581,1498,625,6096,166602,108757,0,0,20
1786394066754,12368896,9903792,10115744,1231264,8298656,0,123860,0,122641,0,2157230,0,2002581,1498,625,6096,166602,108757,0,0,20
1786394067258,12368896,9903792,10115744,1231264,8298656,0,123860,0,122641,0,2157230,0,2002581,1498,625,6096,166602,108757,0,0,20
1786394067764,12368896,9903792,10115744,1231264,8298656,0,123860,0,122641,0,2157230,0,2002581,1498,625,6096,166602,108757,0,0,20
1786394068274,12368896,9903552,10115504,1231264,8298656,0,123860,0,122641,0,2157230,0,2002581,1498,625,6096,166602,108757,0,0,20
1786394068784,12368896,9903552,10115504,1231264,8298656,0,123860,0,122641,0,2157230,0,2002581,1498,625,6096,166602,108757,0,0,20
1786394069296,12368896,9903552,10115504,1231264,8298704,0,123860,0,122641,0,2157230,0,2002581,1501,628,6096,166602,108757,0,0,20
1786394069799,12368896,9903552,10115504,1231264,8298704,0,123860,0,122641,0,2157230,0,2002581,1501,628,6096,166602,108757,0,0,20
1786394070311,12368896,9903552,10115504,1231264,8298704,0,123860,0,122641,0,2157230,0,2002581,1501,628,6096,166602,108757,0,0,20
1786394070820,12368896,9903552,10115504,1231264,8298704,0,123860,0,122641,0,2157230,0,2002581,1501,628,6096,166602,108757,0,0,20
1786394071322,12368896,9903552,10115504,1231264,8298704,0,123860,0,122641,0,2157230,0,2002581,1501,628,6096,166602,108757,0,0,20
1786394071830,12368896,9903552,10115504,1231264,8298704,0,123860,0,122641,0,2157230,0,2002581,1501,628,6096,166602,108757,0,0,20
1786394072336,12368896,9903552,10115504,1231264,8298704,0,123860,0,122641,0,2157230,0,2002581,1501,628,6096,166602,108757,0,0,20
1786394072842,12368896,9903552,10115504,1231264,8298704,0,123860,0,122641,0,2157230,0,2002581,1501,628,6096,166602,108757,0,0,20
1786394073346,12368896,9903552,10115504,1231264,8298704,0,123860,0,122641,0,2157230,0,2002581,1501,628,6096,166602,108757,0,0,20
1786394073857,12368896,9903552,10115504,1231264,8298704,0,123860,0,122641,0,2157230,0,2002581,1501,628,6096,166602,108757,0,0,20
1786394074359,12368896,9903552,10115504,1231264,8298704,0,123860,0,122641,0,2157230,0,2002581,1501,628,6096,166602,108757,0,0,20
1786394074869,12368896,9903552,10115504,1231264,8298704,0,123860,0,122641,0,2157230,0,2002581,1501,628,6096,166602,108757,0,0,20
1786394075379,12368896,9903552,10115504,1231264,8298704,0,123860,0,122641,0,2157230,0,2002581,1501,628,6096,166602,108757,0,0,20
1786394075887,12368896,9903552,10115504,1231264,8298704,0,123860,0,122641,0,2157230,0,2002581,1501,628,6096,166602,108757,0,0,20
1786394076392,12368896,9903552,10115504,1231264,8298704,0,123860,0,122641,0,2157230,0,2002581,1501,628,6096,166602,108757,0,0,20
1786394076898,12368896,9903552,10115504,1231264,8298704,0,123860,0,122641,0,2157230,0,2002581,1501,628,6096,166602,108757,0,0,20
1786394077403,12368896,9903552,10115504,1231264,8298704,0,123860,0,122641,0,2157230,0,2002581,1501,628,6096,166602,108757,0,0,20
1786394077915,12368896,9903552,10115504,1231264,8298704,0,123860,0,122641,0,2157230,0,2002581,1501,628,6096,166602,108757,0,0,20
1786394078419,12368896,9903552,10115504,1231264,8298704,0,123860,0,122641,0,2157230,0,2002581,1501,628,6096,166602,108757,0,0,20
1786394078930,12368896,9903552,10115504,1231264,8298704,0,123860,0,122641,0,2157230,0,2002581,1501,628,6096,166602,108757,0,0,20
1786394079437,12368896,9903552,10115504,1231264,8298704,0,123860,0,122641,0,2157230,0,2002581,1501,628,6096,166602,108757,0,0,20
1786394079947,12368896,9903552,10115504,1231264,8298704,0,123860,0,122641,0,2157230,0,2002581,1501,628,6096,166602,108757,0,0,20
1786394080455,12368896,9903552,10115504,1231264,8298704,0,123860,0,122641,0,2157230,0,2002581,1501,628,6096,166602,108757,0,0,20
1786394080967,12368896,9903552,10115504,1231264,8298704,0,123860,0,122641,0,2157230,0,2002581,1501,628,6096,166602,108757,0,0,20
1786394081479,12368896,9903552,10115504,1231264,8298704,0,123860,0,122641,0,2157230,0,2002581,1501,628,6096,166602,108757,0,0,20
1786394081981,12368896,9903552,10115504,1231264,8298704,0,123860,0,122641,0,2157230,0,2002581,1501,628,6096,166602,108757,0,0,20
1786394082486,12368896,9903552,10115504,1231264,8298704,0,123860,0,122641,0,2157230,0,2002581,1501,628,6096,166602,108757,0,0,20
1786394082991,12368896,9903552,10115504,1231264,8298704,0,123860,0,122641,0,2157230,0,2002581,1501,628,6096,166602,108757,0,0,20
1786394083496,12368896,9903552,10115504,1231264,8298704,0,123860,0,122641,0,2157230,0,2002581,1501,628,6096,166602,108757,0,0,20
1786394084008,12368896,9903552,10115504,1231264,8298704,0,123860,0,122641,0,2157230,0,2002581,1501,628,6096,166602,108757,0,0,20
1786394084520,12368896,9903552,10115504,1231264,8298704,0,123860,0,122641,0,2157230,0,2002581,1501,628,6096,166602,108757,0,0,20
1786394085032,12368896,9903312,10115264,1231264,8298704,0,123860,0,122641,0,2157230,0,2002581,1501,628,6096,166602,108757,0,0,20
1786394085540,12368896,9903696,10115648,1231264,8298704,0,123860,0,122641,0,2157230,0,2002581,1501,628,6096,166602,108757,0,0,20
1786394086052,12368896,9904192,10116144,1231264,8298704,0,123860,0,122641,0,2157230,0,2002581,1501,628,6096,166602,108757,0,0,20
1786394086558,12368896,9904192,10116144,1231264,8298704,0,123860,0,122641,0,2157230,0,2002581,1501,628,6096,166602,108757,0,0,20
1786394087066,12368896,9904192,10116144,1231264,8298704,0,123860,0,122641,0,2157230,0,2002581,1501,628,6096,166602,108757,0,0,20
1786394087578,12368896,9904192,10116144,1231264,8298704,0,123860,0,122641,0,2157230,0,2002581,1501,628,6096,166602,108757,0,0,20
1786394088090,12368896,9904656,10116608,1231264,8298704,0,123860,0,122641,0,2157230,0,2002581,1501,628,6096,166602,108757,0,0,20
1786394088592,12368896,9904416,10116368,1231264,8298704,0,123860,0,122641,0,2157230,0,2002581,1501,628,6096,166602,108757,0,0,20
1786394089094,12368896,9904416,10116368,1231264,8298704,0,123860,0,122641,0,2157230,0,2002581,1501,628,6096,166602,108757,0,0,20
1786394089597,12368896,9904416,10116368,1231264,8298704,0,123860,0,122641,0,2157230,0,2002581,1501,628,6096,166602,108757,0,0,20
1786394090103,12368896,9904416,10116368,1231264,8298704,0,123860,0,122641,0,2157230,0,2002581,1501,628,6096,166602,108757,0,0,20
1786394090613,12368896,9905040,10116992,1231264,8298704,0,123860,0,122641,0,2157230,0,2002581,1501,628,6096,166602,108757,0,0,20
1786394091122,12368896,9905040,10116992,1231264,8298704,0,123860,0,122641,0,2157230,0,2002581,1501,628,6096,166602,108757,0,0,20
1786394091631,12368896,9905040,10116992,1231264,8298704,0,123860,0,122641,0,2157230,0,2002581,1501,628,6096,166602,108757,0,0,20
1786394092142,12368896,9905040,10116992,1231264,8298704,0,123860,0,122641,0,2157230,0,2002581,1501,628,6096,166602,108757,0,0,20
1786394092652,12368896,9905040,10116992,1231264,8298704,0,123860,0,122641,0,2157230,0,2002581,1501,628,6096,166602,108757,0,0,20
1786394093160,12368896,9905040,10116992,1231264,8298704,0,123860,0,122641,0,2157230,0,2002581,1501,628,6096,166602,108757,0,0,20
1786394093672,12368896,9905040,10116992,1231264,8298704,0,123860,0,122641,0,2157230,0,2002581,1501,628,6096,166602,108757,0,0,20
1786394094174,12368896,9905040,10116992,1231264,8298704,0,123860,0,122641,0,2157230,0,2002581,1501,628,6096,166602,108757,0,0,20
1786394094682,12368896,9905040,10116992,1231264,8298704,0,123860,0,122641,0,2157230,0,2002581,1501,628,6096,166602,108757,0,0,20
1786394095188,12368896,9905040,10116992,1231264,8298704,0,123860,0,122641,0,2157230,0,2002581,1501,628,6096,166602,108757,0,0,20
1786394095697,12368896,9904800,10116752,1231264,8298704,0,123860,0,122641,0,2157230,0,2002581,1501,628,6096,166602,108757,0,0,20
1786394096199,12368896,9904800,10116752,1231264,8298704,0,123860,0,122641,0,2157230,0,2002581,1501,628,6096,166602,108757,0,0,20
1786394096711,12368896,9904800,10116752,1231264,8298704,0,123860,0,122641,0,2157230,0,2002581,1501,628,6096,166602,108757,0,0,20
1786394097223,12368896,9904800,10116752,1231264,8298704,0,123860,0,122641,0,2157230,0,2002581,1501,628,6096,166602,108757,0,0,20
1786394097726,12368896,9904800,10116752,1231264,8298704,0,123860,0,122641,0,2157230,0,2002581,1501,628,6096,166602,108757,0,0,20
1786394098230,12368896,9904800,10116752,1231264,8298704,0,123860,0,122641,0,2157230,0,2002581,1501,628,6096,166602,108757,0,0,20
1786394098742,12368896,9904800,10116752,1231264,8298704,0,123860,0,122641,0,2157230,0,2002581,1501,628,6096,166602,108757,0,0,20
1786394099254,12368896,9904800,10116752,1231264,8298704,0,123860,0,122641,0,2157230,0,2002581,1501,628,6096,166602,108757,0,0,20
1786394099761,12368896,9904560,10116512,1231264,8298704,0,123860,0,122641,0,2157230,0,2002581,1501,628,6096,166602,108757,0,0,20
1786394100270,12368896,9904560,10116512,1231264,8298704,0,123860,0,122641,0,2157230,0,2002581,1501,628,6096,166602,108757,0,0,20
1786394100781,12368896,9904560,10116512,1231264,8298704,0,123860,0,122641,0,2157230,0,2002581,1501,628,6096,166602,108757,0,0,20
1786394101292,12368896,9904560,10116512,1231264,8298704,0,123860,0,122641,0,2157230,0,2002581,1501,628,6096,166602,108757,0,0,20
1786394101796,12368896,9904560,10116512,1231264,8298704,0,123860,0,122641,0,2157230,0,2002581,1501,628,6096,166602,108757,0,0,20
1786394102301,12368896,9904560,10116512,1231264,8298704,0,123860,0,122641,0,2157230,0,2002581,1501,628,6096,166602,108757,0,0,20
1786394102804,12368896,9904560,10116512,1231264,8298704,0,123860,0,122641,0,2157230,0,2002581,1501,628,6096,166602,108757,0,0,20
1786394103309,12368896,9904560,10116512,1231264,8298704,0,123860,0,122641,0,2157230,0,2002581,1501,628,6096,166602,108757,0,0,20
1786394103812,12368896,9904560,10116512,1231264,8298704,0,123860,0,122641,0,2157230,0,2002581,1501,628,6096,166602,108757,0,0,20
1786394104314,12368896,9904560,10116512,1231264,8298704,0,123860,0,122641,0,2157230,0,2002581,1501,628,6096,166602,108757,0,0,20
1786394104819,12368896,9904560,10116512,1231264,8298704,0,123860,0,122641,0,2157230,0,2002581,1501,628,6096,166602,108757,0,0,20
1786394105330,12368896,9905008,10116960,1231264,8298704,0,123860,0,122641,0,2157230,0,2002581,1501,628,6096,166602,108757,0,0,20
1786394105832,12368896,9905408,10117360,1231264,8298704,0,123860,0,122641,0,2157230,0,2002581,1501,628,6096,166602,108757,0,0,20
1786394106334,12368896,9905408,10117360,1231264,8298704,0,123860,0,122641,0,2157230,0,2002581,1501,628,6096,166602,108757,0,0,20
1786394106836,12368896,9905408,10117360,1231264,8298704,0,123860,0,122641,0,2157230,0,2002581,1501,628,6096,166602,108757,0,0,20
1786394107346,12368896,9905408,10117360,1231264,8298704,0,123860,0,122641,0,2157230,0,2002581,1501,628,6096,166602,108757,0,0,20
1786394107848,12368896,9905408,10117360,1231264,8298704,0,123860,0,122641,0,2157230,0,2002581,1501,628,6096,166602,108757,0,0,20
1786394108359,12368896,9905408,10117360,1231264,8298704,0,123860,0,122641,0,2157230,0,2002581,1501,628,6096,166602,108757,0,0,20
1786394108867,12368896,9905408,10117360,1231264,8298704,0,123860,0,122641,0,2157230,0,2002581,1501,628,6096,166602,108757,0,0,20
1786394109379,12368896,9905408,10117360,1231264,8298704,0,123860,0,122641,0,2157230,0,2002581,1501,628,6096,166602,108757,0,0,20
1786394109891,12368896,9905408,10117360,1231264,8298704,0,123860,0,122641,0,2157230,0,2002581,1501,628,6096,166602,108757,0,0,20
1786394110393,12368896,9905408,10117360,1231264,8298704,0,123860,0,122641,0,2157230,0,2002581,1501,628,6096,166602,108757,0,0,20
1786394110896,12368896,9905408,10117360,1231264,8298704,0,123860,0,122641,0,2157230,0,2002581,1501,628,6096,166602,108757,0,0,20
1786394111408,12368896,9905904,10117856,1231264,8298704,0,123860,0,122641,0,2157230,0,2002581,1501,628,6096,166602,108757,0,0,20
1786394111915,12368896,9905904,10117856,1231264,8298704,0,123860,0,122641,0,2157230,0,2002581,1501,628,6096,166602,108757,0,0,20
1786394112427,12368896,9905904,10117856,1231264,8298704,0,123860,0,122641,0,2157230,0,2002581,1501,628,6096,166602,108757,0,0,20
1786394112930,12368896,9905904,10117856,1231264,8298704,0,123860,0,122641,0,2157230,0,2002581,1501,628,6096,166602,108757,0,0,20
1786394113436,12368896,9905904,10117856,1231264,8298704,0,123860,0,122641,0,2157230,0,2002581,1501,628,6096,166602,108757,0,0,20
1786394113946,12368896,9905904,10117856,1231264,8298704,0,123860,0,122641,0,2157230,0,2002581,1501,628,6096,166602,108757,0,0,20
1786394114447,12368896,9905904,10117856,1231264,8298704,0,123860,0,122641,0,2157230,0,2002581,1501,628,6096,166602,108757,0,0,20
1786394114955,12368896,9905904,10117856,1231264,8298704,0,123860,0,122641,0,2157230,0,2002581,1501,628,6096,166602,108757,0,0,20
1786394115466,12368896,9905904,10117856,1231264,8298704,0,123860,0,122641,0,2157230,0,2002581,1501,628,6096,166602,108757,0,0,20
1786394115978,12368896,9905904,10117856,1231264,8298704,0,123860,0,122641,0,2157230,0,2002581,1501,628,6096,166602,108757,0,0,20
1786394116481,12368896,9905904,10117856,1231264,8298704,0,123860,0,122641,0,2157230,0,2002581,1501,628,6096,166602,108757,0,0,20
1786394116987,12368896,9905904,10117856,1231264,8298704,0,123860,0,122641,0,2157230,0,2002581,1501,628,6096,166602,108757,0,0,20
1786394117491,12368896,9905904,10117856,1231264,8298704,0,123860,0,122641,0,2157230,0,2002581,1501,628,6096,166602,108757,0,0,20
1786394118003,12368896,9905904,10117856,1231264,8298704,0,123860,0,122641,0,2157230,0,2002581,1501,628,6096,166602,108757,0,0,20
1786394118512,12368896,9906336,10118288,1231280,8298704,0,123860,0,122641,0,2157230,0,2002581,1501,628,6096,166602,108757,0,0,20
1786394119023,12368896,9906928,10118880,1231280,8298704,0,123860,0,122641,0,2157230,0,2002581,1501,628,6096,166602,108757,0,0,20
1786394119533,12368896,9906928,10118880,1231280,8298704,0,123860,0,122641,0,2157230,0,2002581,1501,628,6096,166602,108757,0,0,20
1786394120041,12368896,9906928,10118880,1231280,8298704,0,123860,0,122641,0,2157230,0,2002581,1501,628,6096,166602,108757,0,0,20
1786394120542,12368896,9906928,10118880,1231280,8298704,0,123860,0,122641,0,2157230,0,2002581,1501,628,6096,166602,108757,0,0,20
1786394121053,12368896,9906928,10118880,1231280,8298704,0,123860,0,122641,0,2157230,0,2002581,1501,628,6096,166602,108757,0,0,20
1786394121561,12368896,9906928,10118880,1231280,8298704,0,123860,0,122641,0,2157230,0,2002581,1501,628,6096,166602,108757,0,0,20
1786394122067,12368896,9906928,10118880,1231280,8298704,0,123860,0,122641,0,2157230,0,2002581,1501,628,6096,166602,108757,0,0,20
1786394122569,12368896,9906928,10118880,1231280,8298704,0,123860,0,122641,0,2157230,0,2002581,1501,628,6096,166602,108757,0,0,20
1786394123075,12368896,9906928,10118880,1231280,8298704,0,123860,0,122641,0,2157230,0,2002581,1501,628,6096,166602,108757,0,0,20
1786394123586,12368896,9906928,10118880,1231280,8298704,0,123860,0,122641,0,2157230,0,2002581,1501,628,6096,166602,108757,0,0,20
1786394124088,12368896,9906928,10118880,1231280,8298704,0,123860,0,122641,0,2157230,0,2002581,1501,628,6096,166602,108757,0,0,20
1786394124597,12368896,9906688,10118640,1231280,8298704,0,123860,0,122641,0,2157230,0,2002581,1501,628,6096,166602,108757,0,0,20
1786394125099,12368896,9906688,10118640,1231280,8298704,0,123860,0,122641,0,2157230,0,2002581,1501,628,6096,166602,108757,0,0,20
1786394125600,12368896,9906688,10118640,1231280,8298704,0,123860,0,122641,0,2157230,0,2002581,1501,628,6096,166602,108757,0,0,20
1786394126104,12368896,9906688,10118640,1231280,8298704,0,123860,0,122641,0,2157230,0,2002581,1501,628,6096,166602,108757,0,0,20
1786394126613,12368896,9906688,10118640,1231280,8298704,0,123860,0,122641,0,2157230,0,2002581,1501,628,6096,166602,108757,0,0,20
1786394127114,12368896,9906688,10118640,1231280,8298704,0,123860,0,122641,0,2157230,0,2002581,1501,628,6096,166602,108757,0,0,20
1786394127626,12368896,9906688,10118640,1231280,8298704,0,123860,0,122641,0,2157230,0,2002581,1501,628,6096,166602,108757,0,0,20
1786394128134,12368896,9906688,10118640,1231280,8298704,0,123860,0,122641,0,2157230,0,2002581,1501,628,6096,166602,108757,0,0,20
1786394128646,12368896,9906688,10118640,1231280,8298704,0,123860,0,122641,0,2157230,0,2002581,1501,628,6096,166602,108757,0,0,20
1786394129152,12368896,9906688,10118640,1231280,8298704,0,123860,0,122641,0,2157230,0,2002581,1501,628,6096,166602,108757,0,0,20
1786394129664,12368896,9906688,10118640,1231280,8298704,0,123860,0,122641,0,2157230,0,2002581,1501,628,6096,166602,108757,0,0,20
1786394130177,12368896,9906688,10118640,1231280,8298704,0,123860,0,122641,0,2157230,0,2002581,1501,628,6096,166602,108757,0,0,20
1786394130688,12368896,9906688,10118640,1231280,8298704,0,123860,0,122641,0,2157230,0,2002581,1501,628,6096,166602,108757,0,0,20
1786394131200,12368896,9906688,10118640,1231280,8298704,0,123860,0,122641,0,2157230,0,2002581,1501,628,6096,166602,108757,0,0,20
1786394131711,12368896,9906448,10118400,1231280,8298704,0,123860,0,122641,0,2157230,0,2002581,1501,628,6096,166602,108757,0,0,20
1786394132213,12368896,9906448,10118400,1231280,8298704,0,123860,0,122641,0,2157230,0,2002581,1501,628,6096,166602,108757,0,0,20
1786394132723,12368896,9906448,10118400,1231280,8298704,0,123860,0,122641,0,2157230,0,2002581,1501,628,6096,166602,108757,0,0,20
1786394133231,12368896,9906448,10118400,1231280,8298704,0,123860,0,122641,0,2157230,0,2002581,1501,628,6096,166602,108757,0,0,20
1786394133742,12368896,9906448,10118400,1231280,8298704,0,123860,0,122641,0,2157230,0,2002581,1501,628,6096,166602,108757,0,0,20
1786394134250,12368896,9906448,10118400,1231280,8298704,0,123860,0,122641,0,2157230,0,2002581,1501,628,6096,166602,108757,0,0,20
1786394134763,12368896,9906208,10118160,1231280,8298704,0,123860,0,122641,0,2157230,0,2002581,1501,628,6096,166602,108757,0,0,20
1786394135275,12368896,9906208,10118160,1231280,8298704,0,123860,0,122641,0,2157230,0,2002581,1501,628,6096,166602,108757,0,0,20
1786394135786,12368896,9906208,10118160,1231280,8298704,0,123860,0,122641,0,2157230,0,2002581,1501,628,6096,166602,108757,0,0,20
1786394136289,12368896,9906208,10118160,1231280,8298704,0,123860,0,122641,0,2157230,0,2002581,1501,628,6096,166602,108757,0,0,20
1786394136800,12368896,9906208,10118160,1231280,8298704,0,123860,0,122641,0,2157230,0,2002581,1501,628,6096,166602,108757,0,0,20
1786394137310,12368896,9906208,10118160,1231280,8298704,0,123860,0,122641,0,2157230,0,2002581,1501,628,6096,166602,108757,0,0,20
1786394137821,12368896,9906208,10118160,1231280,8298704,0,123860,0,122641,0,2157230,0,2002581,1501,628,6096,166602,108757,0,0,20
1786394138331,12368896,9906208,10118160,1231280,8298704,0,123860,0,122641,0,2157230,0,2002581,1501,628,6096,166602,108757,0,0,20
1786394138842,12368896,9906208,10118160,1231280,8298704,0,123860,0,122641,0,2157230,0,2002581,1501,628,6096,166602,108757,0,0,20
1786394139348,12368896,9906208,10118160,1231280,8298704,0,123860,0,122641,0,2157230,0,2002581,1501,628,6096,166602,108757,0,0,20
1786394139852,12368896,9906208,10118160,1231280,8298704,0,123860,0,122641,0,2157230,0,2002581,1501,628,6096,166602,108757,0,0,20
1786394140356,12368896,9905728,10117680,1231280,8298704,0,123860,0,122641,0,2157230,0,2002581,1501,628,6096,166602,108757,0,0,20
1786394140860,12368896,9905728,10117680,1231280,8298704,0,123860,0,122641,0,2157230,0,2002581,1501,628,6096,166602,108757,0,0,20
1786394141370,12368896,9905488,10117440,1231280,8298704,0,123860,0,122641,0,2157230,0,2002581,1501,628,6096,166602,108757,0,0,20
1786394141877,12368896,9905488,10117440,1231280,8298704,0,123860,0,122641,0,2157230,0,2002581,1501,628,6096,166602,108757,0,0,20
1786394142384,12368896,9905248,10117200,1231280,8298704,0,123860,0,122641,0,2157230,0,2002581,1501,628,6096,166602,108757,0,0,20
1786394142891,12368896,9905248,10117200,1231280,8298704,0,123860,0,122641,0,2157230,0,2002581,1501,628,6096,166602,108757,0,0,20
1786394143395,12368896,9905008,10116960,1231280,8298704,0,123860,0,122641,0,2157230,0,2002581,1501,628,6096,166602,108757,0,0,20
1786394143897,12368896,9905008,10116960,1231280,8298704,0,123860,0,122641,0,2157230,0,2002581,1501,628,6096,166602,108757,0,0,20
1786394144403,12368896,9905008,10116960,1231280,8298704,0,123860,0,122641,0,2157230,0,2002581,1501,628,6096,166602,108757,0,0,20
1786394144913,12368896,9905008,10116960,1231280,8298704,0,123860,0,122641,0,2157230,0,2002581,1501,628,6096,166602,108757,0,0,20
1786394145416,12368896,9904768,10116720,1231280,8298704,0,123860,0,122641,0,2157230,0,2002581,1501,628,6096,166602,108757,0,0,20
1786394145926,12368896,9904768,10116720,1231280,8298704,0,123860,0,122641,0,2157230,0,2002581,1501,628,6096,166602,108757,0,0,20
1786394146437,12368896,9904768,10116720,1231280,8298704,0,123860,0,122641,0,2157230,0,2002581,1501,628,6096,166602,108757,0,0,20
1786394146941,12368896,9904768,10116720,1231280,8298704,0,123860,0,122641,0,2157230,0,2002581,1501,628,6096,166602,108757,0,0,20
1786394147451,12368896,9904768,10116720,1231280,8298704,0,123860,0,122641,0,2157230,0,2002581,1501,628,6096,166602,108757,0,0,20
1786394147962,12368896,9904768,10116720,1231280,8298704,0,123860,0,122641,0,2157230,0,2002581,1501,628,6096,166602,108757,0,0,20
1786394148469,12368896,9904528,10116480,1231280,8298704,0,123860,0,122641,0,2157230,0,2002581,1501,628,6096,166602,108757,0,0,20
1786394148979,12368896,9904528,10116480,1231280,8298704,0,123860,0,122641,0,2157230,0,2002581,1501,628,6096,166602,108757,0,0,20
1786394149483,12368896,9904528,10116480,1231280,8298704,0,123860,0,122641,0,2157230,0,2002581,1501,628,6096,166602,108757,0,0,20
1786394149993,12368896,9904528,10116480,1231280,8298704,0,123860,0,122641,0,2157230,0,2002581,1501,628,6096,166602,108757,0,0,20
1786394150501,12368896,9904528,10116480,1231280,8298704,0,123860,0,122641,0,2157230,0,2002581,1501,628,6096,166602,108757,0,0,20
1786394151006,12368896,9904528,10116480,1231280,8298704,0,123860,0,122641,0,2157230,0,2002581,1501,628,6096,166602,108757,0,0,20
1786394151516,12368896,9904528,10116480,1231280,8298704,0,123860,0,122641,0,2157230,0,2002581,1501,628,6096,166602,108757,0,0,20
1786394152017,12368896,9904528,10116480,1231280,8298704,0,123860,0,122641,0,2157230,0,2002581,1501,628,6096,166602,108757,0,0,20
1786394152529,12368896,9904976,10116928,1231280,8298704,0,123860,0,122641,0,2157230,0,2002581,1501,628,6096,166602,108757,0,0,20
1786394153040,12368896,9904976,10116928,1231280,8298704,0,123860,0,122641,0,2157230,0,2002581,1501,628,6096,166602,108757,0,0,20
1786394153552,12368896,9904976,10116928,1231280,8298704,0,123860,0,122641,0,2157230,0,2002581,1501,628,6096,166602,108757,0,0,20
1786394154054,12368896,9904976,10116928,1231280,8298704,0,123860,0,122641,0,2157230,0,2002581,1501,628,6096,166602,108757,0,0,20
1786394154556,12368896,9904976,10116928,1231280,8298704,0,123860,0,122641,0,2157230,0,2002581,1501,628,6096,166602,108757,0,0,20
1786394155061,12368896,9904976,10116928,1231280,8298704,0,123860,0,122641,0,2157230,0,2002581,1501,628,6096,166602,108757,0,0,20
1786394155573,12368896,9904976,10116928,1231280,8298704,0,123860,0,122641,0,2157230,0,2002581,1501,628,6096,166602,108757,0,0,20
1786394156083,12368896,9904976,10116928,1231280,8298704,0,123860,0,122641,0,2157230,0,2002581,1501,628,6096,166602,108757,0,0,20
1786394156586,12368896,9904976,10116928,1231280,8298704,0,123860,0,122641,0,2157230,0,2002581,1501,628,6096,166602,108757,0,0,20
1786394157097,12368896,9905568,10117520,1231280,8298704,0,123860,0,122641,0,2157230,0,2002581,1501,628,6096,166602,108757,0,0,20
1786394157598,12368896,9905568,10117520,1231280,8298704,0,123860,0,122641,0,2157230,0,2002581,1501,628,6096,166602,108757,0,0,20
1786394158109,12368896,9905568,10117520,1231280,8298704,0,123860,0,122641,0,2157230,0,2002581,1501,628,6096,166602,108757,0,0,20
1786394158611,12368896,9905568,10117520,1231280,8298704,0,123860,0,122641,0,2157230,0,2002581,1501,628,6096,166602,108757,0,0,20
1786394159116,12368896,9905568,10117520,1231280,8298704,0,123860,0,122641,0,2160203,0,2005546,1501,628,6096,166602,108757,0,0,20
1786394159618,12368896,9905568,10117520,1231312,8298704,0,123860,0,122641,0,2160203,0,2005546,1501,628,6096,166602,108757,0,0,20
1786394160130,12368896,9905568,10117552,1231312,8298704,0,123860,0,122641,0,2160203,0,2005546,1501,628,6096,166602,108757,0,0,20
1786394160635,12368896,9905568,10117552,1231312,8298704,0,123860,0,122641,0,2160203,0,2005546,1501,628,6096,166602,108757,0,0,20
1786394161146,12368896,9905568,10117552,1231312,8298704,0,123860,0,122641,0,2160203,0,2005546,1501,628,6096,166602,108757,0,0,20
1786394161658,12368896,9905984,10117968,1231312,8298704,0,123860,0,122641,0,2160203,0,2005546,1501,628,6096,166602,108757,0,0,20
1786394162170,12368896,9905984,10117968,1231312,8298704,0,123860,0,122641,0,2160203,0,2005546,1501,628,6096,166602,108757,0,0,20
1786394162681,12368896,9905984,10117968,1231312,8298704,0,123860,0,122641,0,2160203,0,2005546,1501,628,6096,166602,108757,0,0,20
1786394163187,12368896,9905984,10117968,1231312,8298704,0,123860,0,122641,0,2160203,0,2005546,1501,628,6096,166602,108757,0,0,20
1786394163690,12368896,9905984,10117968,1231312,8298704,0,123860,0,122641,0,2160203,0,2005546,1501,628,6096,166602,108757,0,0,20
1786394164192,12368896,9905984,10117968,1231312,8298704,0,123860,0,122641,0,2160203,0,2005546,1501,628,6096,166602,108757,0,0,20
1786394164703,12368896,9905984,10117968,1231312,8298704,0,123860,0,122641,0,2160203,0,2005546,1501,628,6096,166602,108757,0,0,20
1786394165214,12368896,9905984,10117968,1231312,8298704,0,123860,0,122641,0,2160203,0,2005546,1501,628,6096,166602,108757,0,0,20
1786394165717,12368896,9905984,10117968,1231312,8298704,0,123860,0,122641,0,2160203,0,2005546,1501,628,6096,166602,108757,0,0,20
1786394166227,12368896,9905984,10117968,1231312,8298704,0,123860,0,122641,0,2160203,0,2005546,1501,628,6096,166602,108757,0,0,20
1786394166738,12368896,9905984,10117968,1231312,8298704,0,123860,0,122641,0,2160203,0,2005546,1501,628,6096,166602,108757,0,0,20
1786394167243,12368896,9905984,10117968,1231312,8298704,0,123860,0,122641,0,2160203,0,2005546,1501,628,6096,166602,108757,0,0,20
1786394167755,12368896,9905984,10117968,1231312,8298704,0,123860,0,122641,0,2160203,0,2005546,1501,628,6096,166602,108757,0,0,20
1786394168258,12368896,9905984,10117968,1231312,8298704,0,123860,0,122641,0,2160203,0,2005546,1501,628,6096,166602,108757,0,0,20
1786394168767,12368896,9905984,10117968,1231312,8298704,0,123860,0,122641,0,2160203,0,2005546,1501,628,6096,166602,108757,0,0,20
1786394169274,12368896,9905984,10117968,1231312,8298704,0,123860,0,122641,0,2160203,0,2005546,1501,628,6096,166602,108757,0,0,20
1786394169775,12368896,9905984,10117968,1231312,8298704,0,123860,0,122641,0,2160203,0,2005546,1501,628,6096,166602,108757,0,0,20
1786394170288,12368896,9905984,10117968,1231312,8298704,0,123860,0,122641,0,2160203,0,2005546,1501,628,6096,166602,108757,0,0,20
1786394170789,12368896,9905984,10117968,1231312,8298704,0,123860,0,122641,0,2160203,0,2005546,1501,628,6096,166602,108757,0,0,20
1786394171301,12368896,9905984,10117968,1231312,8298704,0,123860,0,122641,0,2160203,0,2005546,1501,628,6096,166602,108757,0,0,20
1786394171805,12368896,9905984,10117968,1231312,8298704,0,123860,0,122641,0,2160203,0,2005546,1501,628,6096,166602,108757,0,0,20
1786394172306,12368896,9905984,10117968,1231312,8298704,0,123860,0,122641,0,2160203,0,2005546,1501,628,6096,166602,108757,0,0,20
1786394172818,12368896,9905984,10117968,1231312,8298704,0,123860,0,122641,0,2160203,0,2005546,1501,628,6096,166602,108757,0,0,20
1786394173330,12368896,9905744,10117728,1231312,8298704,0,123860,0,122641,0,2160203,0,2005546,1501,628,6096,166602,108757,0,0,20
1786394173833,12368896,9905744,10117728,1231312,8298704,0,123860,0,122641,0,2160203,0,2005546,1501,628,6096,166602,108757,0,0,20
1786394174345,12368896,9905504,10117488,1231312,8298704,0,123860,0,122641,0,2160203,0,2005546,1501,628,6096,166602,108757,0,0,20
1786394174855,12368896,9905504,10117488,1231312,8298704,0,123860,0,122641,0,2160203,0,2005546,1501,628,6096,166602,108757,0,0,20
1786394175362,12368896,9905504,10117488,1231312,8298704,0,123860,0,122641,0,2160203,0,2005546,1501,628,6096,166602,108757,0,0,20
1786394175873,12368896,9905504,10117488,1231312,8298704,0,123860,0,122641,0,2160203,0,2005546,1501,628,6096,166602,108757,0,0,20
1786394176377,12368896,9904784,10116768,1231312,8298704,0,123860,0,122641,0,2160203,0,2005546,1501,628,6096,166602,108757,0,0,20
1786394176888,12368896,9904784,10116768,1231312,8298704,0,123860,0,122641,0,2160203,0,2005546,1501,628,6096,166602,108757,0,0,20
1786394177394,12368896,9904784,10116768,1231312,8298704,0,123860,0,122641,0,2160203,0,2005546,1501,628,6096,166602,108757,0,0,20
1786394177898,12368896,9904784,10116768,1231312,8298704,0,123860,0,122641,0,2160203,0,2005546,1501,628,6096,166602,108757,0,0,20
1786394178401,12368896,9904784,10116768,1231312,8298704,0,123860,0,122641,0,2160203,0,2005546,1501,628,6096,166602,108757,0,0,20
1786394178904,12368896,9904784,10116768,1231312,8298704,0,123860,0,122641,0,2160203,0,2005546,1501,628,6096,166602,108757,0,0,20
1786394179416,12368896,9904784,10116768,1231312,8298704,0,123860,0,122641,0,2160203,0,2005546,1501,628,6096,166602,108757,0,0,20
1786394179928,12368896,9904784,10116768,1231312,8298704,0,123860,0,122641,0,2160203,0,2005546,1501,628,6096,166602,108757,0,0,20
1786394180430,12368896,9904784,10116768,1231312,8298704,0,123860,0,122641,0,2160203,0,2005546,1501,628,6096,166602,108757,0,0,20
1786394180942,12368896,9904784,10116768,1231312,8298704,0,123860,0,122641,0,2160203,0,2005546,1501,628,6096,166602,108757,0,0,20
1786394181454,12368896,9904784,10116768,1231328,8298704,0,123860,0,122641,0,2160203,0,2005546,1501,628,6096,166602,108757,0,0,20
1786394181966,12368896,9904784,10116768,1231328,8298704,0,123860,0,122641,0,2160203,0,2005546,1501,628,6096,166602,108757,0,0,20
1786394182476,12368896,9904784,10116768,1231328,8298704,0,123860,0,122641,0,2160203,0,2005546,1501,628,6096,166602,108757,0,0,20
1786394182978,12368896,9904784,10116768,1231328,8298704,0,123860,0,122641,0,2160203,0,2005546,1501,628,6096,166602,108757,0,0,20
1786394183480,12368896,9904784,10116768,1231328,8298704,0,123860,0,122641,0,2160203,0,2005546,1501,628,6096,166602,108757,0,0,20
1786394183984,12368896,9904784,10116768,1231328,8298704,0,123860,0,122641,0,2160203,0,2005546,1501,628,6096,166602,108757,0,0,20
1786394184488,12368896,9904784,10116768,1231328,8298704,0,123860,0,122641,0,2160203,0,2005546,1501,628,6096,166602,108757,0,0,20
1786394184995,12368896,9904784,10116768,1231328,8298704,0,123860,0,122641,0,2160203,0,2005546,1501,628,6096,166602,108757,0,0,20
1786394185499,12368896,9904784,10116768,1231328,8298704,0,123860,0,122641,0,2160203,0,2005546,1501,628,6096,166602,108757,0,0,20
1786394186001,12368896,9904784,10116768,1231328,8298704,0,123860,0,122641,0,2160203,0,2005546,1501,628,6096,166602,108757,0,0,20
1786394186505,12368896,9904784,10116768,1231328,8298704,0,123860,0,122641,0,2160203,0,2005546,1501,628,6096,166602,108757,0,0,20
1786394187017,12368896,9904784,10116768,1231328,8298704,0,123860,0,122641,0,2160203,0,2005546,1501,628,6096,166602,108757,0,0,20
1786394187520,12368896,9905680,10117664,1231328,8298704,0,123860,0,122641,0,2160203,0,2005546,1501,628,6096,166602,108757,0,0,20
1786394188031,12368896,9905680,10117664,1231328,8298704,0,123860,0,122641,0,2160203,0,2005546,1501,628,6096,166602,108757,0,0,20
1786394188532,12368896,9905680,10117664,1231328,8298704,0,123860,0,122641,0,2160203,0,2005546,1501,628,6096,166602,108757,0,0,20
1786394189034,12368896,9905680,10117664,1231328,8298704,0,123860,0,122641,0,2160203,0,2005546,1501,628,6096,166602,108757,0,0,20
1786394189541,12368896,9905680,10117664,1231328,8298704,0,123860,0,122641,0,2160203,0,2005546,1501,628,6096,166602,108757,0,0,20
1786394190043,12368896,9905968,10117952,1231328,8298704,0,123860,0,122641,0,2160205,0,2005548,1501,628,6096,166602,108757,0,0,20
1786394190546,12368896,9905968,10117952,1231328,8298704,0,123860,0,122641,0,2183550,0,2028893,1501,628,6096,166602,108757,0,0,20
1786394191049,12368896,9905968,10117952,1231328,8298704,0,123860,0,122641,0,2183550,0,2028893,1501,628,6096,166602,108757,0,0,20
1786394191551,12368896,9905968,10118128,1231504,8298704,0,123860,0,122641,18,2183550,18,2028893,1501,628,6096,166602,108757,0,0,20
1786394192063,12368896,9905968,10118128,1231504,8298704,0,123860,0,122641,18,2183550,18,2028893,1501,628,6096,166602,108757,0,0,20
1786394192575,12368896,9905968,10118128,1231504,8298704,0,123860,0,122641,18,2183550,18,2028893,1501,628,6096,166602,108757,0,0,20
1786394193086,12368896,9905968,10118128,1231504,8298704,0,123860,0,122641,18,2183550,18,2028893,1501,628,6096,166602,108757,0,0,20
1786394193591,12368896,9905968,10118128,1231504,8298704,0,123860,0,122641,14,2183550,14,2028893,1501,628,6096,166602,108757,0,0,20
1786394194092,12368896,9905968,10118128,1231504,8298704,0,123860,0,122641,14,2183550,14,2028893,1501,628,6096,166602,108757,0,0,20
1786394194601,12368896,9905968,10118128,1231504,8298704,0,123860,0,122641,14,2183550,14,2028893,1501,628,6096,166602,108757,0,0,20
1786394195104,12368896,9905968,10118128,1231504,8298704,0,123860,0,122641,14,2183550,14,2028893,1501,628,6096,166602,108757,0,0,20
1786394195614,12368896,9906448,10118608,1231504,8298704,0,123860,0,122641,12,2183550,12,2028893,1501,628,6096,166602,108757,0,0,20
1786394196124,12368896,9906448,10118608,1231504,8298704,0,123860,0,122641,12,2183550,12,2028893,1501,628,6096,166602,108757,0,0,20
1786394196632,12368896,9906448,10118608,1231504,8298704,0,123860,0,122641,12,2183550,12,2028893,1501,628,6096,166602,108757,0,0,20
1786394197137,12368896,9906448,10118608,1231504,8298704,0,123860,0,122641,12,2183550,12,2028893,1501,628,6096,166602,108757,0,0,20
1786394197650,12368896,9906208,10118368,1231504,8298704,0,123860,0,122641,9,2183550,9,2028893,1501,628,6096,166602,108757,0,0,20
1786394198159,12368896,9906832,10118992,1231504,8298704,0,123860,0,122641,9,2183550,9,2028893,1501,628,6096,166602,108757,0,0,20
1786394198669,12368896,9906832,10118992,1231504,8298704,0,123860,0,122641,9,2183550,9,2028893,1501,628,6096,166602,108757,0,0,20
1786394199180,12368896,9906832,10118992,1231504,8298704,0,123860,0,122641,9,2183550,9,2028893,1501,628,6096,166602,108757,0,0,20
1786394199691,12368896,9906832,10118992,1231504,8298704,0,123860,0,122641,8,2183550,8,2028893,1501,628,6096,166602,108757,0,0,20
1786394200193,12368896,9906832,10118992,1231504,8298704,0,123860,0,122641,8,2183550,8,2028893,1501,628,6096,166602,108757,0,0,20
1786394200704,12368896,9906832,10118992,1231504,8298704,0,123860,0,122641,8,2183550,8,2028893,1501,628,6096,166602,108757,0,0,20
1786394201215,12368896,9906832,10118992,1231504,8298704,0,123860,0,122641,6,2183550,6,2028893,1501,628,6096,166602,108757,0,0,20
1786394201722,12368896,9906832,10118992,1231504,8298704,0,123860,0,122641,6,2183550,6,2028893,1501,628,6096,166602,108757,0,0,20
1786394202225,12368896,9906832,10118992,1231504,8298704,0,123860,0,122641,6,2183550,6,2028893,1501,628,6096,166602,108757,0,0,20
1786394202729,12368896,9906832,10118992,1231504,8298704,0,123860,0,122641,6,2183550,6,2028893,1501,628,6096,166602,108757,0,0,20
1786394203232,12368896,9906592,10118752,1231504,8298704,0,123860,0,122641,5,2183550,5,2028893,1501,628,6096,166602,108757,0,0,20
1786394203742,12368896,9906592,10118752,1231504,8298704,0,123860,0,122641,5,2183550,5,2028893,1501,628,6096,166602,108757,0,0,20
1786394204254,12368896,9906352,10118512,1231504,8298704,0,123860,0,122641,5,2183550,5,2028893,1501,628,6096,166602,108757,0,0,20
1786394204765,12368896,9906352,10118512,1231504,8298704,0,123860,0,122641,5,2183550,5,2028893,1501,628,6096,166602,108757,0,0,20
1786394205275,12368896,9906352,10118512,1231504,8298704,0,123860,0,122641,4,2183550,4,2028893,1501,628,6096,166602,108757,0,0,20
1786394205783,12368896,9906352,10118512,1231504,8298704,0,123860,0,122641,4,2183550,4,2028893,1501,628,6096,166602,108757,0,0,20
1786394206290,12368896,9906560,10118720,1231504,8298704,0,123860,0,122641,4,2183550,4,2028893,1501,628,6096,166602,108757,0,0,20
1786394206800,12368896,9906560,10118720,1231504,8298704,0,123860,0,122641,4,2183550,4,2028893,1501,628,6096,166602,108757,0,0,20
1786394207307,12368896,9906560,10118720,1231504,8298704,0,123860,0,122641,3,2183550,3,2028893,1501,628,6096,166602,108757,0,0,20
1786394207818,12368896,9906560,10118720,1231504,8298704,0,123860,0,122641,3,2183550,3,2028893,1501,628,6096,166602,108757,0,0,20
1786394208328,12368896,9907168,10119328,1231504,8298704,0,123860,0,122641,3,2183550,3,2028893,1501,628,6096,166602,108757,0,0,20
1786394208841,12368896,9906928,10119088,1231504,8298704,0,123860,0,122641,3,2183550,3,2028893,1501,628,6096,166602,108757,0,0,20
1786394209352,12368896,9906928,10119088,1231504,8298704,0,123860,0,122641,2,2183550,2,2028893,1501,628,6096,166602,108757,0,0,20
1786394209864,12368896,9906928,10119088,1231504,8298704,0,123860,0,122641,2,2183550,2,2028893,1501,628,6096,166602,108757,0,0,20
1786394210374,12368896,9906688,10118848,1231504,8298704,0,123860,0,122641,2,2183550,2,2028893,1501,628,6096,166602,108757,0,0,20
1786394210886,12368896,9907088,10119248,1231504,8298704,0,123860,0,122641,2,2183550,2,2028893,1501,628,6096,166602,108757,0,0,20
1786394211393,12368896,9907088,10119248,1231504,8298704,0,123860,0,122641,2,2183550,2,2028893,1501,628,6096,166602,108757,0,0,20
1786394211904,12368896,9907088,10119248,1231504,8298704,0,123860,0,122641,2,2183550,2,2028893,1501,628,6096,166602,108757,0,0,20
1786394212406,12368896,9907088,10119248,1231504,8298704,0,123860,0,122641,2,2183550,2,2028893,1501,628,6096,166602,108757,0,0,20
1786394212908,12368896,9906848,10119008,1231504,8298704,0,123860,0,122641,2,2183550,2,2028893,1501,628,6096,166602,108757,0,0,20
1786394213418,12368896,9906848,10119008,1231504,8298704,0,123860,0,122641,1,2183550,1,2028893,1501,628,6096,166602,108757,0,0,20
1786394213922,12368896,9906848,10119008,1231504,8298704,0,123860,0,122641,1,2183550,1,2028893,1501,628,6096,166602,108757,0,0,20
1786394214427,12368896,9906848,10119008,1231504,8298704,0,123860,0,122641,1,2183550,1,2028893,1501,628,6096,166602,108757,0,0,20
1786394214930,12368896,9906848,10119008,1231504,8298704,0,123860,0,122641,1,2183550,1,2028893,1501,628,6096,166602,108757,0,0,20
1786394215439,12368896,9906848,10119008,1231504,8298704,0,123860,0,122641,1,2183550,1,2028893,1501,628,6096,166602,108757,0,0,20
1786394215951,12368896,9906848,10119008,1231504,8298704,0,123860,0,122641,1,2183550,1,2028893,1501,628,6096,166602,108757,0,0,20
1786394216463,12368896,9906848,10119008,1231504,8298704,0,123860,0,122641,1,2183550,1,2028893,1501,628,6096,166602,108757,0,0,20
1786394216975,12368896,9906848,10119008,1231504,8298704,0,123860,0,122641,1,2183550,1,2028893,1501,628,6096,166602,108757,0,0,20
1786394217487,12368896,9906848,10119008,1231504,8298704,0,123860,0,122641,1,2183550,1,2028893,1501,628,6096,166602,108757,0,0,20
1786394218000,12368896,9906848,10119008,1231504,8298704,0,123860,0,122641,1,2183550,1,2028893,1501,628,6096,166602,108757,0,0,20
1786394218509,12368896,9906608,10118768,1231504,8298704,0,123860,0,122641,1,2183550,1,2028893,1501,628,6096,166602,108757,0,0,20
1786394219014,12368896,9906608,10118768,1231504,8298704,0,123860,0,122641,1,2183550,1,2028893,1501,628,6096,166602,108757,0,0,20
1786394219515,12368896,9906608,10118768,1231504,8298704,0,123860,0,122641,0,2183550,0,2028893,1501,628,6096,166602,108757,0,0,20
1786394220026,12368896,9906608,10118768,1231504,8298704,0,123860,0,122641,0,2183550,0,2028893,1501,628,6096,166602,108757,0,0,20
1786394220538,12368896,9906608,10118768,1231504,8298704,0,123860,0,122641,0,2183550,0,2028893,1501,628,6096,166602,108757,0,0,20
1786394221049,12368896,9906608,10118768,1231504,8298704,0,123860,0,122641,0,2183550,0,2028893,1501,628,6096,166602,108757,0,0,20
1786394221557,12368896,9906608,10118768,1231504,8298704,0,123860,0,122641,0,2183550,0,2028893,1501,628,6096,166602,108757,0,0,20
1786394222059,12368896,9906608,10118752,1231504,8298704,0,123860,0,122641,0,2183550,0,2028893,1501,628,6096,166602,108757,0,0,20
1786394222563,12368896,9906608,10118752,1231504,8298704,0,123860,0,122641,0,2183550,0,2028893,1501,628,6096,166602,108757,0,0,20
1786394223070,12368896,9906608,10118768,1231504,8298704,0,123860,0,122641,0,2183550,0,2028893,1501,628,6096,166602,108757,0,0,20
1786394223573,12368896,9906608,10118768,1231504,8298704,0,123860,0,122641,0,2183550,0,2028893,1501,628,6096,166602,108757,0,0,20
1786394224085,12368896,9906608,10118768,1231504,8298704,0,123860,0,122641,0,2183550,0,2028893,1501,628,6096,166602,108757,0,0,20
1786394224595,12368896,9906608,10118768,1231504,8298704,0,123860,0,122641,0,2183550,0,2028893,1501,628,6096,166602,108757,0,0,20
1786394225107,12368896,9906608,10118768,1231504,8298704,0,123860,0,122641,0,2183550,0,2028893,1501,628,6096,166602,108757,0,0,20
1786394225618,12368896,9906608,10118768,1231504,8298704,0,123860,0,122641,0,2183550,0,2028893,1501,628,6096,166602,108757,0,0,20
1786394226121,12368896,9906608,10118768,1231504,8298704,0,123860,0,122641,0,2183550,0,2028893,1501,628,6096,166602,108757,0,0,20
1786394226626,12368896,9906608,10118768,1231504,8298704,0,123860,0,122641,0,2183550,0,2028893,1501,628,6096,166602,108757,0,0,20
1786394227130,12368896,9906608,10118768,1231504,8298704,0,123860,0,122641,0,2183550,0,2028893,1501,628,6096,166602,108757,0,0,20
1786394227632,12368896,9906608,10118768,1231504,8298704,0,123860,0,122641,0,2183550,0,2028893,1501,628,6096,166602,108757,0,0,20
1786394228143,12368896,9906608,10118768,1231504,8298704,0,123860,0,122641,0,2183550,0,2028893,1501,628,6096,166602,108757,0,0,20
1786394228656,12368896,9906608,10118768,1231504,8298704,0,123860,0,122641,0,2183550,0,2028893,1501,628,6096,166602,108757,0,0,20
1786394229166,12368896,9906608,10118768,1231504,8298704,0,123860,0,122641,0,2183550,0,2028893,1501,628,6096,166602,108757,0,0,20
1786394229671,12368896,9906608,10118768,1231504,8298704,0,123860,0,122641,0,2183550,0,2028893,1501,628,6096,166602,108757,0,0,20
1786394230177,12368896,9906608,10118768,1231504,8298704,0,123860,0,122641,0,2183550,0,2028893,1501,628,6096,166602,108757,0,0,20
1786394230689,12368896,9906608,10118768,1231504,8298704,0,123860,0,122641,0,2183550,0,2028893,1501,628,6096,166602,108757,0,0,20
1786394231192,12368896,9906608,10118768,1231504,8298704,0,123860,0,122641,0,2183550,0,2028893,1501,628,6096,166602,108757,0,0,20
1786394231693,12368896,9906608,10118768,1231504,8298704,0,123860,0,122641,0,2183550,0,2028893,1501,628,6096,166602,108757,0,0,20
1786394232194,12368896,9906608,10118768,1231504,8298704,0,123860,0,122641,0,2183550,0,2028893,1501,628,6096,166602,108757,0,0,20
1786394232704,12368896,9906608,10118768,1231504,8298704,0,123860,0,122641,0,2183550,0,2028893,1501,628,6096,166602,108757,0,0,20
1786394233207,12368896,9906608,10118768,1231504,8298704,0,123860,0,122641,0,2183550,0,2028893,1501,628,6096,166602,108757,0,0,20
1786394233712,12368896,9906608,10118768,1231504,8298704,0,123860,0,122641,0,2183550,0,2028893,1501,628,6096,166602,108757,0,0,20
1786394234216,12368896,9906608,10118768,1231504,8298704,0,123860,0,122641,0,2183550,0,2028893,1501,628,6096,166602,108757,0,0,20
1786394234722,12368896,9906608,10118768,1231504,8298704,0,123860,0,122641,0,2183550,0,2028893,1501,628,6096,166602,108757,0,0,20
1786394235226,12368896,9906608,10118768,1231504,8298704,0,123860,0,122641,0,2183550,0,2028893,1501,628,6096,166602,108757,0,0,20
1786394235734,12368896,9906608,10118768,1231504,8298704,0,123860,0,122641,0,2183550,0,2028893,1501,628,6096,166602,108757,0,0,20
1786394236246,12368896,9906608,10118768,1231504,8298704,0,123860,0,122641,0,2183550,0,2028893,1501,628,6096,166602,108757,0,0,20
1786394236749,12368896,9906608,10118768,1231504,8298704,0,123860,0,122641,0,2183550,0,2028893,1501,628,6096,166602,108757,0,0,20
1786394237250,12368896,9905888,10118048,1231504,8298704,0,123860,0,122641,0,2183550,0,2028893,1501,628,6096,166602,108757,0,0,20
1786394237761,12368896,9905888,10118048,1231504,8298704,0,123860,0,122641,0,2183550,0,2028893,1501,628,6096,166602,108757,0,0,20
1786394238263,12368896,9905888,10118048,1231504,8298704,0,123860,0,122641,0,2183550,0,2028893,1501,628,6096,166602,108757,0,0,20
1786394238764,12368896,9905888,10118048,1231504,8298704,0,123860,0,122641,0,2183550,0,2028893,1501,628,6096,166602,108757,0,0,20
1786394239273,12368896,9905888,10118048,1231504,8298704,0,123860,0,122641,0,2183550,0,2028893,1501,628,6096,166602,108757,0,0,20
1786394239779,12368896,9905888,10118048,1231504,8298704,0,123860,0,122641,0,2183550,0,2028893,1501,628,6096,166602,108757,0,0,20
1786394240286,12368896,9905888,10118048,1231504,8298704,0,123860,0,122641,0,2183550,0,2028893,1501,628,6096,166602,108757,0,0,20
1786394240794,12368896,9905888,10118048,1231504,8298704,0,123860,0,122641,0,2183550,0,2028893,1501,628,6096,166602,108757,0,0,20
1786394241301,12368896,9905888,10118048,1231504,8298704,0,123860,0,122641,0,2183550,0,2028893,1501,628,6096,166602,108757,0,0,20
1786394241803,12368896,9905888,10118048,1231504,8298704,0,123860,0,122641,0,2183550,0,2028893,1501,628,6096,166602,108757,0,0,20
1786394242312,12368896,9905888,10118048,1231504,8298704,0,123860,0,122641,0,2183550,0,2028893,1501,628,6096,166602,108757,0,0,20
1786394242823,12368896,9905888,10118048,1231504,8298704,0,123860,0,122641,0,2183550,0,2028893,1501,628,6096,166602,108757,0,0,20
1786394243330,12368896,9905888,10118048,1231504,8298704,0,123860,0,122641,0,2183550,0,2028893,1501,628,6096,166602,108757,0,0,20
1786394243841,12368896,9905888,10118048,1231504,8298704,0,123860,0,122641,0,2183550,0,2028893,1501,628,6096,166602,108757,0,0,20
1786394244348,12368896,9906496,10118656,1231504,8298704,0,123860,0,122641,0,2183550,0,2028893,1501,628,6096,166602,108757,0,0,20
1786394244858,12368896,9906496,10118656,1231504,8298704,0,123860,0,122641,0,2183550,0,2028893,1501,628,6096,166602,108757,0,0,20
1786394245370,12368896,9906256,10118416,1231504,8298704,0,123860,0,122641,0,2183550,0,2028893,1501,628,6096,166602,108757,0,0,20
1786394245881,12368896,9906256,10118416,1231504,8298704,0,123860,0,122641,0,2183550,0,2028893,1501,628,6096,166602,108757,0,0,20
1786394246391,12368896,9906016,10118176,1231520,8298704,0,123860,0,122641,0,2183550,0,2028893,1501,628,6096,166602,108757,0,0,20
1786394246904,12368896,9906016,10118176,1231520,8298704,0,123860,0,122641,0,2183550,0,2028893,1501,628,6096,166602,108757,0,0,20
1786394247408,12368896,9905776,10117936,1231520,8298704,0,123860,0,122641,0,2183550,0,2028893,1501,628,6096,166602,108757,0,0,20
1786394247918,12368896,9905776,10117936,1231520,8298704,0,123860,0,122641,0,2183550,0,2028893,1501,628,6096,166602,108757,0,0,20
1786394248420,12368896,9905776,10117936,1231520,8298704,0,123860,0,122641,0,2183550,0,2028893,1501,628,6096,166602,108757,0,0,20
1786394248924,12368896,9905776,10117936,1231520,8298704,0,123860,0,122641,0,2183550,0,2028893,1501,628,6096,166602,108757,0,0,20
1786394249428,12368896,9905296,10117456,1231520,8298704,0,123860,0,122641,0,2183550,0,2028893,1501,628,6096,166602,108757,0,0,20
1786394249932,12368896,9905296,10117456,1231520,8298704,0,123860,0,122641,0,2183550,0,2028893,1501,628,6096,166602,108757,0,0,20
1786394250438,12368896,9905296,10117456,1231520,8298704,0,123860,0,122641,0,2183550,0,2028893,1501,628,6096,166602,108757,0,0,20
1786394250949,12368896,9905296,10117456,1231520,8298704,0,123860,0,122641,0,2183550,0,2028893,1501,628,6096,166602,108757,0,0,20
1786394251451,12368896,9905296,10117456,1231520,8298704,0,123860,0,122641,0,2183550,0,2028893,1501,628,6096,166602,108757,0,0,20
1786394251963,12368896,9905296,10117456,1231520,8298704,0,123860,0,122641,0,2183550,0,2028893,1501,628,6096,166602,108757,0,0,20
1786394252466,12368896,9905296,10117456,1231520,8298704,0,123860,0,122641,0,2183550,0,2028893,1501,628,6096,166602,108757,0,0,20
1786394252977,12368896,9905296,10117456,1231520,8298704,0,123860,0,122641,0,2183550,0,2028893,1501,628,6096,166602,108757,0,0,20
1786394253488,12368896,9905296,10117456,1231520,8298704,0,123860,0,122641,0,2183550,0,2028893,1501,628,6096,166602,108757,0,0,20
1786394253999,12368896,9905056,10117216,1231520,8298704,0,123860,0,122641,0,2183550,0,2028893,1501,628,6096,166602,108757,0,0,20
1786394254504,12368896,9905056,10117216,1231520,8298704,0,123860,0,122641,0,2183550,0,2028893,1501,628,6096,166602,108757,0,0,20
1786394255014,12368896,9904576,10116736,1231520,8298704,0,123860,0,122641,0,2183550,0,2028893,1501,628,6096,166602,108757,0,0,20
1786394255517,12368896,9904576,10116736,1231520,8298704,0,123860,0,122641,0,2183550,0,2028893,1501,628,6096,166602,108757,0,0,20
1786394256019,12368896,9904576,10116736,1231520,8298704,0,123860,0,122641,0,2183550,0,2028893,1501,628,6096,166602,108757,0,0,20
1786394256530,12368896,9904576,10116736,1231520,8298704,0,123860,0,122641,0,2183550,0,2028893,1501,628,6096,166602,108757,0,0,20
1786394257040,12368896,9904576,10116736,1231520,8298704,0,123860,0,122641,0,2183550,0,2028893,1501,628,6096,166602,108757,0,0,20
1786394257545,12368896,9903856,10116016,1231520,8298704,0,123860,0,122641,0,2183550,0,2028893,1501,628,6096,166602,108757,0,0,20
1786394258056,12368896,9903856,10116016,1231520,8298704,0,123860,0,122641,0,2183550,0,2028893,1501,628,6096,166602,108757,0,0,20
1786394258568,12368896,9903616,10115776,1231520,8298704,0,123860,0,122641,0,2183550,0,2028893,1501,628,6096,166602,108757,0,0,20
1786394259080,12368896,9903616,10115776,1231520,8298704,0,123860,0,122641,0,2183550,0,2028893,1501,628,6096,166602,108757,0,0,20
1786394259591,12368896,9903616,10115776,1231520,8298704,0,123860,0,122641,0,2183550,0,2028893,1501,628,6096,166602,108757,0,0,20
1786394260093,12368896,9903616,10115776,1231520,8298704,0,123860,0,122641,0,2183550,0,2028893,1501,628,6096,166602,108757,0,0,20
1786394260605,12368896,9903616,10115776,1231520,8298704,0,123860,0,122641,0,2183550,0,2028893,1501,628,6096,166602,108757,0,0,20
1786394261110,12368896,9903616,10115776,1231520,8298704,0,123860,0,122641,0,2183550,0,2028893,1501,628,6096,166602,108757,0,0,20
1786394261613,12368896,9903616,10115776,1231520,8298704,0,123860,0,122641,0,2183550,0,2028893,1501,628,6096,166602,108757,0,0,20
1786394262114,12368896,9903616,10115776,1231520,8298704,0,123860,0,122641,0,2183550,0,2028893,1501,628,6096,166602,108757,0,0,20
1786394262624,12368896,9903376,10115536,1231520,8298704,0,123860,0,122641,0,2183550,0,2028893,1501,628,6096,166602,108757,0,0,20
1786394263126,12368896,9903376,10115536,1231520,8298704,0,123860,0,122641,0,2183550,0,2028893,1501,628,6096,166602,108757,0,0,20
1786394263630,12368896,9903376,10115536,1231520,8298704,0,123860,0,122641,0,2183550,0,2028893,1501,628,6096,166602,108757,0,0,20
1786394264133,12368896,9903376,10115536,1231520,8298704,0,123860,0,122641,0,2183550,0,2028893,1501,628,6096,166602,108757,0,0,20
1786394264634,12368896,9902896,10115056,1231520,8298704,0,123860,0,122641,0,2183550,0,2028893,1501,628,6096,166602,108757,0,0,20
1786394265147,12368896,9902896,10115056,1231520,8298704,0,123860,0,122641,0,2183550,0,2028893,1501,628,6096,166602,108757,0,0,20
1786394265650,12368896,9902896,10115056,1231520,8298704,0,123860,0,122641,0,2183550,0,2028893,1501,628,6096,166602,108757,0,0,20
1786394266156,12368896,9902896,10115056,1231520,8298704,0,123860,0,122641,0,2183550,0,2028893,1501,628,6096,166602,108757,0,0,20
1786394266664,12368896,9902416,10114576,1231520,8298704,0,123860,0,122641,0,2183550,0,2028893,1501,628,6096,166602,108757,0,0,20
1786394267170,12368896,9902176,10114336,1231520,8298704,0,123860,0,122641,0,2183550,0,2028893,1501,628,6096,166602,108757,0,0,20
1786394267672,12368896,9902176,10114336,1231520,8298704,0,123860,0,122641,0,2183550,0,2028893,1501,628,6096,166602,108757,0,0,20
1786394268179,12368896,9902176,10114336,1231520,8298704,0,123860,0,122641,0,2183550,0,2028893,1501,628,6096,166602,108757,0,0,20
1786394268685,12368896,9902176,10114336,1231520,8298704,0,123860,0,122641,0,2183550,0,2028893,1501,628,6096,166602,108757,0,0,20
1786394269188,12368896,9902176,10114336,1231520,8298704,0,123860,0,122641,0,2183550,0,2028893,1501,628,6096,166602,108757,0,0,20
1786394269700,12368896,9901936,10114096,1231520,8298704,0,123860,0,122641,0,2183550,0,2028893,1501,628,6096,166602,108757,0,0,20
1786394270209,12368896,9901936,10114096,1231520,8298704,0,123860,0,122641,0,2183550,0,2028893,1501,628,6096,166602,108757,0,0,20
1786394270720,12368896,9901936,10114096,1231520,8298704,0,123860,0,122641,0,2183550,0,2028893,1501,628,6096,166602,108757,0,0,20
1786394271224,12368896,9901936,10114096,1231520,8298704,0,123860,0,122641,0,2183550,0,2028893,1501,628,6096,166602,108757,0,0,20
1786394271731,12368896,9901936,10114096,1231520,8298704,0,123860,0,122641,0,2183550,0,2028893,1501,628,6096,166602,108757,0,0,20
1786394272242,12368896,9901936,10114096,1231520,8298704,0,123860,0,122641,0,2183550,0,2028893,1501,628,6096,166602,108757,0,0,20
1786394272750,12368896,9901936,10114096,1231520,8298704,0,123860,0,122641,0,2183550,0,2028893,1501,628,6096,166602,108757,0,0,20
1786394273257,12368896,9901936,10114096,1231520,8298704,0,123860,0,122641,0,2183550,0,2028893,1501,628,6096,166602,108757,0,0,20
1786394273765,12368896,9901936,10114096,1231520,8298704,0,123860,0,122641,0,2183550,0,2028893,1501,628,6096,166602,108757,0,0,20
1786394274275,12368896,9901696,10113856,1231520,8298704,0,123860,0,122641,0,2183550,0,2028893,1501,628,6096,166602,108757,0,0,20
1786394274777,12368896,9901696,10113856,1231520,8298704,0,123860,0,122641,0,2183550,0,2028893,1501,628,6096,166602,108757,0,0,20
1786394275281,12368896,9901696,10113856,1231520,8298704,0,123860,0,122641,0,2183550,0,2028893,1501,628,6096,166602,108757,0,0,20
1786394275791,12368896,9901696,10113856,1231520,8298704,0,123860,0,122641,0,2183550,0,2028893,1501,628,6096,166602,108757,0,0,20
1786394276304,12368896,9901696,10113856,1231520,8298704,0,123860,0,122641,0,2183550,0,2028893,1501,628,6096,166602,108757,0,0,20
1786394276810,12368896,9901696,10113856,1231520,8298704,0,123860,0,122641,0,2183550,0,2028893,1501,628,6096,166602,108757,0,0,20
1786394277322,12368896,9901696,10113856,1231520,8298704,0,123860,0,122641,0,2183550,0,2028893,1501,628,6096,166602,108757,0,0,20
1786394277831,12368896,9901696,10113856,1231520,8298704,0,123860,0,122641,0,2183550,0,2028893,1501,628,6096,166602,108757,0,0,20
1786394278344,12368896,9901696,10113856,1231520,8298704,0,123860,0,122641,0,2183550,0,2028893,1501,628,6096,166602,108757,0,0,20
1786394278851,12368896,9901696,10113856,1231520,8298704,0,123860,0,122641,0,2183550,0,2028893,1501,628,6096,166602,108757,0,0,20
1786394279358,12368896,9901696,10113856,1231520,8298704,0,123860,0,122641,0,2183550,0,2028893,1501,628,6096,166602,108757,0,0,20
1786394279869,12368896,9901696,10115392,1233056,8298720,0,123866,0,122647,0,2185057,0,2030216,1506,632,6096,166602,108757,0,0,20
1786394280371,12368896,9901696,10115504,1233184,8298720,0,123866,0,122647,0,2185057,0,2030216,1506,632,6096,166602,108757,0,0,20
1786394280882,12368896,9901696,10115504,1233184,8298720,0,123866,0,122647,0,2185057,0,2030216,1506,632,6096,166602,108757,0,0,20
1786394281388,12368896,9901456,10115264,1233184,8298720,0,123866,0,122647,0,2185057,0,2030216,1506,632,6096,166602,108757,0,0,20
1786394281899,12368896,9901456,10115264,1233184,8298720,0,123866,0,122647,0,2185057,0,2030216,1506,632,6096,166602,108757,0,0,20
1786394282410,12368896,9901456,10115264,1233184,8298720,0,123866,0,122647,0,2185057,0,2030216,1506,632,6096,166602,108757,0,0,20
1786394282922,12368896,9901456,10115264,1233184,8298720,0,123866,0,122647,0,2185057,0,2030216,1506,632,6096,166602,108757,0,0,20
1786394283430,12368896,9901456,10115264,1233184,8298736,0,123866,0,122647,0,2185057,0,2030216,1507,633,6096,166602,108757,0,0,20
1786394283932,12368896,9901456,10115264,1233184,8298736,0,123866,0,122647,0,2185057,0,2030216,1507,633,6096,166602,108757,0,0,20
1786394284444,12368896,9901456,10115264,1233184,8298736,0,123866,0,122647,0,2185057,0,2030216,1507,633,6096,166602,108757,0,0,20
1786394284950,12368896,9901456,10115264,1233184,8298736,0,123866,0,122647,0,2185057,0,2030216,1507,633,6096,166602,108757,0,0,20
1786394285461,12368896,9901456,10115264,1233184,8298736,0,123866,0,122647,0,2185057,0,2030216,1507,633,6096,166602,108757,0,0,20
1786394285973,12368896,9901216,10115024,1233184,8298736,0,123866,0,122647,0,2185057,0,2030216,1507,633,6096,166602,108757,0,0,20
1786394286473,12368896,9901216,10115024,1233184,8298736,0,123866,0,122647,0,2185057,0,2030216,1507,633,6096,166602,108757,0,0,20
1786394286985,12368896,9901216,10115024,1233184,8298736,0,123866,0,122647,0,2185057,0,2030216,1507,633,6096,166602,108757,0,0,20
1786394287495,12368896,9901216,10115024,1233184,8298736,0,123866,0,122647,0,2185057,0,2030216,1507,633,6096,166602,108757,0,0,20
1786394288006,12368896,9901216,10115024,1233184,8298736,0,123866,0,122647,0,2185057,0,2030216,1507,633,6096,166602,108757,0,0,20
1786394288518,12368896,9900976,10114784,1233184,8298736,0,123866,0,122647,0,2185057,0,2030216,1507,633,6096,166602,108757,0,0,20
1786394289030,12368896,9900976,10114784,1233184,8298736,0,123866,0,122647,0,2185057,0,2030216,1507,633,6096,166602,108757,0,0,20
1786394289537,12368896,9900976,10114784,1233184,8298736,0,123866,0,122647,0,2185057,0,2030216,1507,633,6096,166602,108757,0,0,20
1786394290040,12368896,9900976,10114784,1233184,8298736,0,123866,0,122647,0,2185057,0,2030216,1507,633,6096,166602,108757,0,0,20
1786394290548,12368896,9900976,10114784,1233184,8298736,0,123866,0,122647,0,2185057,0,2030216,1507,633,6096,166602,108757,0,0,20
1786394291060,12368896,9900976,10114784,1233184,8298736,0,123866,0,122647,0,2185057,0,2030216,1507,633,6096,166602,108757,0,0,20
1786394291572,12368896,9900976,10114784,1233184,8298736,0,123866,0,122647,0,2185057,0,2030216,1507,633,6096,166602,108757,0,0,20
1786394292082,12368896,9900976,10114784,1233184,8298736,0,123866,0,122647,0,2185057,0,2030216,1507,633,6096,166602,108757,0,0,20
1786394292594,12368896,9900976,10114784,1233184,8298736,0,123866,0,122647,0,2185057,0,2030216,1507,633,6096,166602,108757,0,0,20
1786394293097,12368896,9900976,10114784,1233184,8298736,0,123866,0,122647,0,2185057,0,2030216,1507,633,6096,166602,108757,0,0,20
1786394293600,12368896,9900976,10114784,1233184,8298736,0,123866,0,122647,0,2185057,0,2030216,1507,633,6096,166602,108757,0,0,20
1786394294106,12368896,9900976,10114784,1233184,8298736,0,123866,0,122647,0,2185057,0,2030216,1507,633,6096,166602,108757,0,0,20
1786394294618,12368896,9900976,10114784,1233184,8298736,0,123866,0,122647,0,2185057,0,2030216,1507,633,6096,166602,108757,0,0,20
1786394295125,12368896,9900976,10114784,1233184,8298736,0,123866,0,122647,0,2185057,0,2030216,1507,633,6096,166602,108757,0,0,20
1786394295631,12368896,9900736,10114544,1233184,8298736,0,123866,0,122647,0,2185057,0,2030216,1507,633,6096,166602,108757,0,0,20
1786394296137,12368896,9900736,10114544,1233184,8298736,0,123866,0,122647,0,2185057,0,2030216,1507,633,6096,166602,108757,0,0,20
1786394296643,12106752,9717280,9932112,1233184,8298736,0,123866,0,122647,0,2185057,0,2030216,1507,633,6096,166602,108757,0,0,20
1786394297154,12106752,9709440,9924272,1233184,8298736,0,123866,0,122647,0,2185057,0,2030216,1507,633,6096,166602,108757,0,0,20
1786394297666,12106752,9708976,9923808,1233184,8298736,0,123866,0,122647,0,2185057,0,2030216,1507,633,6096,166602,108757,0,0,20
1786394298178,12106752,9708976,9923808,1233184,8298736,0,123866,0,122647,0,2185057,0,2030216,1507,633,6096,166602,108757,0,0,20
1786394298679,11844608,9448096,9663952,1233184,8298736,0,123866,0,122647,0,2185057,0,2030216,1507,633,6096,166602,108757,0,0,20
1786394299180,11844608,9448096,9663952,1233184,8298736,0,123866,0,122647,0,2185057,0,2030216,1507,633,6096,166602,108757,0,0,20
1786394299690,11844608,9448096,9663952,1233184,8298736,0,123866,0,122647,0,2185057,0,2030216,1507,633,6096,166602,108757,0,0,20
1786394300196,11844608,9448096,9663952,1233184,8298736,0,123866,0,122647,0,2185057,0,2030216,1507,633,6096,166602,108757,0,0,20
1786394300698,11582464,9179056,9395936,1233184,8298736,0,123866,0,122647,0,2185057,0,2030216,1507,633,6096,166602,108757,0,0,20
1786394301209,11582464,9179056,9395936,1233184,8298736,0,123866,0,122647,0,2185057,0,2030216,1507,633,6096,166602,108757,0,0,20
1786394301720,11582464,9179056,9395936,1233184,8298736,0,123866,0,122647,0,2185057,0,2030216,1507,633,6096,166602,108757,0,0,20
1786394302231,11582464,9179056,9395936,1233184,8298736,0,123866,0,122647,0,2185057,0,2030216,1507,633,6096,166602,108757,0,0,20
1786394302738,11320320,8918176,9136080,1233184,8298736,0,123866,0,122647,0,2185057,0,2030216,1507,633,6096,166602,108757,0,0,20
1786394303249,11320320,8918176,9136080,1233184,8298736,0,123866,0,122647,0,2185057,0,2030216,1507,633,6096,166602,108757,0,0,20
1786394303755,11320320,8918176,9136080,1233184,8298736,0,123866,0,122647,0,2185057,0,2030216,1507,633,6096,166602,108757,0,0,20
1786394304266,11320320,8918176,9136080,1233184,8298736,0,123866,0,122647,0,2185057,0,2030216,1507,633,6096,166602,108757,0,0,20
1786394304778,11058176,8657296,8876224,1233184,8298736,0,123866,0,122647,0,2185057,0,2030216,1507,633,6096,166602,108757,0,0,20
1786394305289,11058176,8657296,8876224,1233184,8298736,0,123866,0,122647,0,2185057,0,2030216,1507,633,6096,166602,108757,0,0,20
1786394305793,11058176,8657296,8876224,1233184,8298736,0,123866,0,122647,0,2185057,0,2030216,1507,633,6096,166602,108757,0,0,20
1786394306304,11058176,8657296,8876224,1233184,8298736,0,123866,0,122647,0,2185057,0,2030216,1507,633,6096,166602,108757,0,0,20
1786394306809,10796032,8396416,8616368,1233184,8298736,0,123866,0,122647,0,2185057,0,2030216,1507,633,6096,166602,108757,0,0,20
1786394307311,10796032,8396416,8616368,1233184,8298736,0,123866,0,122647,0,2185057,0,2030216,1507,633,6096,166602,108757,0,0,20
1786394307814,10796032,8396416,8616368,1233184,8298736,0,123866,0,122647,0,2185057,0,2030216,1507,633,6096,166602,108757,0,0,20
1786394308316,10796032,8396416,8616368,1233184,8298736,0,123866,0,122647,0,2185057,0,2030216,1507,633,6096,166602,108757,0,0,20
1786394308829,10533888,8135536,8356512,1233184,8298736,0,123866,0,122647,0,2185057,0,2030216,1507,633,6096,166602,108757,0,0,20
1786394309341,10533888,8135536,8356512,1233184,8298736,0,123866,0,122647,0,2185057,0,2030216,1507,633,6096,166602,108757,0,0,20
1786394309844,10533888,8135536,8356512,1233184,8298736,0,123866,0,122647,0,2185057,0,2030216,1507,633,6096,166602,108757,0,0,20
1786394310347,10533888,8135536,8356512,1233184,8298736,0,123866,0,122647,0,2185057,0,2030216,1507,633,6096,166602,108757,0,0,20
1786394310850,10271744,7874656,8096656,1233200,8298736,0,123866,0,122647,0,2185057,0,2030216,1507,633,6096,166602,108757,0,0,20
1786394311361,10271744,7874176,8096176,1233200,8298736,0,123866,0,122647,0,2185057,0,2030216,1507,633,6096,166602,108757,0,0,20
1786394311866,10271744,7874176,8096176,1233200,8298736,0,123866,0,122647,0,2185057,0,2030216,1507,633,6096,166602,108757,0,0,20
1786394312368,10271744,7873936,8095936,1233200,8298736,0,123866,0,122647,0,2185057,0,2030216,1507,633,6096,166602,108757,0,0,20
1786394312878,10009600,7605376,7828400,1233200,8298736,0,123866,0,122647,0,2185057,0,2030216,1507,633,6096,166602,108757,0,0,20
1786394313391,10009600,7605376,7828400,1233200,8298736,0,123866,0,122647,0,2185057,0,2030216,1507,633,6096,166602,108757,0,0,20
1786394313893,10009600,7605376,7828400,1233200,8298736,0,123866,0,122647,0,2185057,0,2030216,1507,633,6096,166602,108757,0,0,20
1786394314400,10009600,7605376,7828400,1233200,8298736,0,123866,0,122647,0,2185057,0,2030216,1507,633,6096,166602,108757,0,0,20
1786394314911,9747456,7344496,7568544,1233200,8298736,0,123866,0,122647,0,2185057,0,2030216,1507,633,6096,166602,108757,0,0,20
1786394315422,9747456,7344496,7568544,1233200,8298736,0,123866,0,122647,0,2185057,0,2030216,1507,633,6096,166602,108757,0,0,20
1786394315931,9747456,7344496,7568544,1233200,8298736,0,123866,0,122647,0,2185057,0,2030216,1507,633,6096,166602,108757,0,0,20
1786394316442,9747456,7344496,7568544,1233200,8298736,0,123866,0,122647,0,2185057,0,2030216,1507,633,6096,166602,108757,0,0,20
1786394316954,9485312,7083376,7308448,1233200,8298736,0,123866,0,122647,0,2185057,0,2030216,1507,633,6096,166602,108757,0,0,20
1786394317461,9485312,7083376,7308448,1233200,8298736,0,123866,0,122647,0,2185057,0,2030216,1507,633,6096,166602,108757,0,0,20
1786394317972,9485312,7083376,7308448,1233200,8298736,0,123866,0,122647,0,2185057,0,2030216,1507,633,6096,166602,108757,0,0,20
1786394318481,9485312,7083376,7308448,1233200,8298736,0,123866,0,122647,0,2185057,0,2030216,1507,633,6096,166602,108757,0,0,20
1786394318992,9223168,6822496,7048592,1233200,8298736,0,123866,0,122647,0,2185057,0,2030216,1507,633,6096,166602,108757,0,0,20
1786394319493,9223168,6822496,7048592,1233200,8298736,0,123866,0,122647,0,2185057,0,2030216,1507,633,6096,166602,108757,0,0,20
1786394319994,9223168,6822256,7048352,1233200,8298736,0,123866,0,122647,0,2185057,0,2030216,1507,633,6096,166602,108757,0,0,20
1786394320503,9223168,6822016,7048112,1233200,8298736,0,123866,0,122647,0,2185057,0,2030216,1507,633,6096,166602,108757,0,0,20
1786394321015,8961024,6561376,6788496,1233200,8298736,0,123866,0,122647,0,2185057,0,2030216,1507,633,6096,166602,108757,0,0,20
1786394321527,8961024,6561376,6788496,1233200,8298736,0,123866,0,122647,0,2185057,0,2030216,1507,633,6096,166602,108757,0,0,20
1786394322030,8961024,6561376,6788496,1233200,8298736,0,123866,0,122647,0,2185057,0,2030216,1507,633,6096,166602,108757,0,0,20
1786394322536,8961024,6561376,6788496,1233200,8298736,0,123866,0,122647,0,2185057,0,2030216,1507,633,6096,166602,108757,0,0,20
1786394323041,8698880,6300496,6528640,1233200,8298736,0,123866,0,122647,0,2185057,0,2030216,1507,633,6096,166602,108757,0,0,20
1786394323553,8698880,6300256,6528400,1233200,8298736,0,123866,0,122647,0,2185057,0,2030216,1507,633,6096,166602,108757,0,0,20
1786394324064,8698880,6300256,6528400,1233200,8298736,0,123866,0,122647,0,2185057,0,2030216,1507,633,6096,166602,108757,0,0,20
1786394324570,8698880,6300256,6528400,1233200,8298736,0,123866,0,122647,0,2185057,0,2030216,1507,633,6096,166602,108757,0,0,20
1786394325072,8436736,6031696,6260864,1233200,8298736,0,123866,0,122647,0,2185057,0,2030216,1507,633,6096,166602,108757,0,0,20
1786394325574,8436736,6031456,6260624,1233200,8298736,0,123866,0,122647,0,2185057,0,2030216,1507,633,6096,166602,108757,0,0,20
1786394326084,8436736,6031456,6260624,1233200,8298736,0,123866,0,122647,0,2185057,0,2030216,1507,633,6096,166602,108757,0,0,20
1786394326587,8433664,6031456,6260624,1233200,8298736,0,123866,0,122647,0,2185057,0,2030216,1507,633,6096,166602,108757,0,0,20
1786394327093,8174592,5771536,6001728,1233200,8298736,0,123866,0,122647,0,2185057,0,2030216,1507,633,6096,166602,108757,0,0,20
1786394327597,8174592,5771536,6001728,1233200,8298736,0,123866,0,122647,0,2185057,0,2030216,1507,633,6096,166602,108757,0,0,20
1786394328109,8174592,5771536,6001728,1233200,8298736,0,123866,0,122647,0,2185057,0,2030216,1507,633,6096,166602,108757,0,0,20
1786394328612,8168448,5769856,6000064,1233200,8298736,0,123866,0,122647,0,2185057,0,2030216,1507,633,6096,166602,108757,0,0,20
1786394329124,7912448,5510656,5741872,1233200,8298736,0,123866,0,122647,0,2185057,0,2030216,1507,633,6096,166602,108757,0,0,20
1786394329631,7912448,5510656,5741872,1233200,8298736,0,123866,0,122647,0,2185057,0,2030216,1507,633,6096,166602,108757,0,0,20
1786394330143,7912448,5510656,5741872,1233200,8298736,0,123866,0,122647,0,2185057,0,2030216,1507,633,6096,166602,108757,0,0,20
1786394330645,7891968,5487856,5719152,1233200,8298736,0,123866,0,122647,0,2185057,0,2030216,1507,633,6096,166602,108757,0,0,20
1786394331156,7650304,5249776,5482016,1233200,8298736,0,123866,0,122647,0,2185057,0,2030216,1507,633,6096,166602,108757,0,0,20
1786394331666,7650304,5249776,5482016,1233200,8298736,0,123866,0,122647,0,2185057,0,2030216,1507,633,6096,166602,108757,0,0,20
1786394332170,7650304,5249776,5482016,1233200,8298736,0,123866,0,122647,0,2185057,0,2030216,1507,633,6096,166602,108757,0,0,20
1786394332672,7623680,5219920,5452256,1233200,8298736,0,123866,0,122647,0,2185057,0,2030216,1507,633,6096,166602,108757,0,0,20
1786394333176,7388160,4988896,5222160,1233200,8298736,0,123866,0,122647,0,2185057,0,2030216,1507,633,6096,166602,108757,0,0,20
1786394333681,7388160,4988896,5222160,1233200,8298736,0,123866,0,122647,0,2185057,0,2030216,1507,633,6096,166602,108757,0,0,20
1786394334189,7388160,4988896,5222160,1233200,8298736,0,123866,0,122647,0,2185057,0,2030216,1507,633,6096,166602,108757,0,0,20
1786394334692,7367680,4966096,5199440,1233200,8298736,0,123866,0,122647,0,2185057,0,2030216,1507,633,6096,166602,108757,0,0,20
1786394335203,7126016,4720336,4954624,1233200,8298736,0,123866,0,122647,0,2185057,0,2030216,1507,633,6096,166602,108757,0,0,20
1786394335713,7126016,4720336,4954624,1233200,8298736,0,123866,0,122647,0,2185057,0,2030216,1507,633,6096,166602,108757,0,0,20
1786394336215,7126016,4720336,4954624,1233200,8298736,0,123866,0,122647,0,2185057,0,2030216,1507,633,6096,166602,108757,0,0,20
1786394336717,7042048,4636720,4871328,1233200,8298736,0,123866,0,122647,0,2185057,0,2030216,1507,633,6096,166602,108757,0,0,20
1786394337228,6863872,4459456,4694768,1233200,8298736,0,123866,0,122647,0,2185057,0,2030216,1507,633,6096,166602,108757,0,0,20
1786394337731,6863872,4459456,4694768,1233200,8298736,0,123866,0,122647,0,2185057,0,2030216,1507,633,6096,166602,108757,0,0,20
1786394338242,6863872,4459456,4694768,1233200,8298736,0,123866,0,122647,0,2185057,0,2030216,1507,633,6096,166602,108757,0,0,20
1786394338744,6808576,4405936,4641456,1233200,8298736,0,123866,0,122647,0,2185057,0,2030216,1507,633,6096,166602,108757,0,0,20
1786394339255,6601728,4198576,4434912,1233200,8298736,0,123866,0,122647,0,2185057,0,2030216,1507,633,6096,166602,108757,0,0,20
1786394339766,6601728,4198576,4434912,1233200,8298736,0,123866,0,122647,0,2185057,0,2030216,1507,633,6096,166602,108757,0,0,20
1786394340279,6601728,4198576,4434912,1233200,8298736,0,123866,0,122647,0,2185057,0,2030216,1507,633,6096,166602,108757,0,0,20
1786394340787,6475776,4076656,4313472,1233200,8298736,0,123866,0,122647,0,2185057,0,2030216,1507,633,6096,166602,108757,0,0,20
1786394341292,6339584,3938416,4175776,1233200,8298736,0,123866,0,122647,0,2185057,0,2030216,1507,633,6096,166602,108757,0,0,20
1786394341804,6339584,3938416,4175776,1233200,8298736,0,123866,0,122647,0,2185057,0,2030216,1507,633,6096,166602,108757,0,0,20
1786394342307,6339584,3938416,4175776,1233200,8298736,0,123866,0,122647,0,2185057,0,2030216,1507,633,6096,166602,108757,0,0,20
1786394342812,6194176,3792736,4030656,1233200,8298736,0,123866,0,122647,0,2185057,0,2030216,1507,633,6096,166602,108757,0,0,20
1786394343323,6077440,3677536,3915920,1233200,8298736,0,123866,0,122647,0,2185057,0,2030216,1507,633,6096,166602,108757,0,0,20
1786394343831,6077440,3677536,3915920,1233200,8298736,0,123866,0,122647,0,2185057,0,2030216,1507,633,6096,166602,108757,0,0,20
1786394344338,6077440,3677536,3915920,1233200,8298736,0,123866,0,122647,0,2185057,0,2030216,1507,633,6096,166602,108757,0,0,20
1786394344841,5905408,3501136,3740192,1233200,8298736,0,123866,0,122647,0,2185057,0,2030216,1507,633,6096,166602,108757,0,0,20
1786394345341,5815296,3408976,3648384,1233200,8298736,0,123866,0,122647,0,2185057,0,2030216,1507,633,6096,166602,108757,0,0,20
1786394345847,5815296,3408976,3648384,1233200,8298736,0,123866,0,122647,0,2185057,0,2030216,1507,633,6096,166602,108757,0,0,20
1786394346355,5815296,3408976,3648384,1233200,8298736,0,123866,0,122647,0,2185057,0,2030216,1507,633,6096,166602,108757,0,0,20
1786394346857,5654528,3263536,3503056,1233200,8298736,0,123866,0,122647,0,2185057,0,2030216,1507,633,6096,166602,108757,0,0,20
1786394347358,5553152,3162976,3402480,1233200,8298736,0,123866,0,122647,0,2185057,0,2030216,1507,633,6096,166602,108757,0,0,20
1786394347860,5553152,3162976,3402496,1233200,8298736,0,123866,0,122647,0,2185057,0,2030216,1507,633,6096,166602,108757,0,0,20
1786394348372,5553152,3162976,3402496,1233200,8298736,0,123866,0,122647,0,2185057,0,2030216,1507,633,6096,166602,108757,0,0,20
1786394348884,5291008,2893936,3133456,1233200,8298736,0,123866,0,122647,0,2185057,0,2030216,1507,633,6096,166602,108757,0,0,20
1786394349389,5291008,2893936,3133456,1233200,8298736,0,123866,0,122647,0,2185057,0,2030216,1507,633,6096,166602,108757,0,0,20
1786394349896,5291008,2893936,3133456,1233200,8298736,0,123866,0,122647,0,2185057,0,2030216,1507,633,6096,166602,108757,0,0,20
1786394350407,5291008,2893936,3133456,1233200,8298736,0,123866,0,122647,0,2185057,0,2030216,1507,633,6096,166602,108757,0,0,20
1786394350919,5065728,2672032,2911552,1233200,8298736,0,123866,0,122647,0,2185057,0,2030216,1507,633,6096,166602,108757,0,0,20
1786394351426,5028864,2635104,2874624,1233200,8298736,0,123866,0,122647,0,2185057,0,2030216,1507,633,6096,166602,108757,0,0,20
1786394351929,5028864,2635104,2874624,1233200,8298736,0,123866,0,122647,0,2185057,0,2030216,1507,633,6096,166602,108757,0,0,20
1786394352438,5028864,2635104,2874624,1233200,8298736,0,123866,0,122647,0,2185057,0,2030216,1507,633,6096,166602,108757,0,0,20
1786394352949,4766720,2374224,2613744,1233200,8298736,0,123866,0,122647,0,2185057,0,2030216,1507,633,6096,166602,108757,0,0,20
1786394353453,4766720,2374224,2613744,1233200,8298736,0,123866,0,122647,0,2185057,0,2030216,1507,633,6096,166602,108757,0,0,20
1786394353966,4766720,2374224,2613744,1233200,8298736,0,123866,0,122647,0,2185057,0,2030216,1507,633,6096,166602,108757,0,0,20
1786394354478,4766720,2374224,2613744,1233200,8298736,0,123866,0,122647,0,2185057,0,2030216,1507,633,6096,166602,108757,0,0,20
1786394354980,4504576,2113104,2352624,1233200,8298736,0,123866,0,122647,0,2185057,0,2030216,1507,633,6096,166602,108757,0,0,20
1786394355491,4504576,2113104,2352624,1233200,8298736,0,123866,0,122647,0,2185057,0,2030216,1507,633,6096,166602,108757,0,0,20
1786394355995,4504576,2113104,2352624,1233200,8298736,0,123866,0,122647,0,2185057,0,2030216,1507,633,6096,166602,108757,0,0,20
1786394356505,4504576,2113104,2352624,1233200,8298736,0,123866,0,122647,0,2185057,0,2030216,1507,633,6096,166602,108757,0,0,20
1786394357010,4242432,1852224,2091744,1233200,8298736,0,123866,0,122647,0,2185057,0,2030216,1507,633,6096,166602,108757,0,0,20
1786394357515,4242432,1852224,2091744,1233200,8298736,0,123866,0,122647,0,2185057,0,2030216,1507,633,6096,166602,108757,0,0,20
1786394358019,4242432,1852224,2091744,1233200,8298736,0,123866,0,122647,0,2185057,0,2030216,1507,633,6096,166602,108757,0,0,20
1786394358521,4242432,1852224,2091744,1233200,8298736,0,123866,0,122647,0,2185057,0,2030216,1507,633,6096,166602,108757,0,0,20
1786394359031,3980288,1584384,1823904,1233200,8298736,0,123866,0,122647,0,2185057,0,2030216,1507,633,6096,166602,108757,0,0,20
1786394359541,3980288,1584384,1823904,1233200,8298736,0,123866,0,122647,0,2185057,0,2030216,1507,633,6096,166602,108757,0,0,20
1786394360043,3980288,1584384,1823904,1233200,8298736,0,123866,0,122647,0,2185057,0,2030216,1507,633,6096,166602,108757,0,0,20
1786394360551,3980288,1584384,1823904,1233200,8298736,0,123866,0,122647,0,2185057,0,2030216,1507,633,6096,166602,108757,0,0,20
1786394361060,3718144,1323504,1563024,1233200,8298736,0,123866,0,122647,0,2185057,0,2030216,1507,633,6096,166602,108757,0,0,20
1786394361563,3718144,1323504,1563024,1233200,8298736,0,123866,0,122647,0,2185057,0,2030216,1507,633,6096,166602,108757,0,0,20
1786394362074,3718144,1323504,1563024,1233200,8298736,0,123866,0,122647,0,2185057,0,2030216,1507,633,6096,166602,108757,0,0,20
1786394362580,3718144,1323504,1563024,1233200,8298736,0,123866,0,122647,0,2185057,0,2030216,1507,633,6096,166602,108757,0,0,20
1786394363092,3456000,1062624,1302144,1233200,8298736,0,123866,0,122647,0,2185057,0,2030216,1507,633,6096,166602,108757,0,0,20
1786394363597,3456000,1062624,1302144,1233200,8298736,0,123866,0,122647,0,2185057,0,2030216,1507,633,6096,166602,108757,0,0,20
1786394364100,3456000,1062624,1302144,1233200,8298736,0,123866,0,122647,0,2185057,0,2030216,1507,633,6096,166602,108757,0,0,20
1786394364610,3456000,1062624,1302144,1233200,8298736,0,123866,0,122647,0,2185057,0,2030216,1507,633,6096,166602,108757,0,0,20
1786394365114,3193856,801744,1041264,1233200,8298736,0,123866,0,122647,0,2185057,0,2030216,1507,633,6096,166602,108757,0,0,20
1786394365615,3193856,801744,1041264,1233200,8298736,0,123866,0,122647,0,2185057,0,2030216,1507,633,6096,166602,108757,0,0,20
1786394366127,3193856,801744,1041264,1233200,8298736,0,123866,0,122647,0,2185057,0,2030216,1507,633,6096,166602,108757,0,0,20
1786394366631,3193856,801744,1041264,1233200,8298736,0,123866,0,122647,0,2185057,0,2030216,1507,633,6096,166602,108757,0,0,20
1786394367143,2931712,540864,780384,1233200,8298736,0,123866,0,122647,0,2185057,0,2030216,1507,633,6096,166602,108757,0,0,20
1786394367653,2931712,540624,780144,1233200,8298736,0,123866,0,122647,0,2185057,0,2030216,1507,633,6096,166602,108757,0,0,20
1786394368164,2931712,540624,780144,1233200,8298736,0,123866,0,122647,0,2185057,0,2030216,1507,633,6096,166602,108757,0,0,20
1786394368670,2931712,540624,780144,1233200,8298736,0,123866,0,122647,0,2185057,0,2030216,1507,633,6096,166602,108757,0,0,20
1786394369179,2931712,540624,780144,1233200,8298736,0,123866,0,122647,0,2185057,0,2030216,1507,633,6096,166602,108757,0,0,20
1786394369690,2931712,540144,779664,1233200,8298736,0,123866,0,122647,0,2185057,0,2030216,1507,633,6096,166602,108757,0,0,20
1786394370192,2931712,540144,779664,1233200,8298736,0,123866,0,122647,0,2185057,0,2030216,1507,633,6096,166602,108757,0,0,20
1786394370694,2931712,540144,779664,1233200,8298736,0,123866,0,122647,0,2185057,0,2030216,1507,633,6096,166602,108757,0,0,20
1786394371203,2931712,540144,779664,1233200,8298736,0,123866,0,122647,0,2185057,0,2030216,1507,633,6096,166602,108757,0,0,20
1786394371705,2931712,540144,779664,1233200,8298736,0,123866,0,122647,0,2185057,0,2030216,1507,633,6096,166602,108757,0,0,20
1786394372209,2931712,540144,779664,1233200,8298736,0,123866,0,122647,0,2185057,0,2030216,1507,633,6096,166602,108757,0,0,20
1786394372718,2931712,539664,779184,1233200,8298736,0,123866,0,122647,0,2185057,0,2030216,1507,633,6096,166602,108757,0,0,20
1786394373221,2931712,539664,779184,1233200,8298736,0,123866,0,122647,0,2185057,0,2030216,1507,633,6096,166602,108757,0,0,20
1786394373724,2931712,539664,779184,1233200,8298736,0,123866,0,122647,0,2185057,0,2030216,1507,633,6096,166602,108757,0,0,20
1786394374232,2931712,539664,779184,1233200,8298736,0,123866,0,122647,0,2185057,0,2030216,1507,633,6096,166602,108757,0,0,20
1786394374736,2931712,539664,779184,1233200,8298736,0,123866,0,122647,0,2185057,0,2030216,1507,633,6096,166602,108757,0,0,20
1786394375248,2931712,539184,778704,1233200,8298736,0,123866,0,122647,0,2185057,0,2030216,1507,633,6096,166602,108757,0,0,20
1786394375759,2931712,539184,778704,1233200,8298736,0,123866,0,122647,0,2185057,0,2030216,1507,633,6096,166602,108757,0,0,20
1786394376260,2931712,539184,778704,1233216,8298736,0,123866,0,122647,0,2185057,0,2030216,1507,633,6096,166602,108757,0,0,20
1786394376764,2931712,539184,778704,1233216,8298736,0,123866,0,122647,0,2185057,0,2030216,1507,633,6096,166602,108757,0,0,20
1786394377267,2931712,539184,778704,1233216,8298736,0,123866,0,122647,0,2185057,0,2030216,1507,633,6096,166602,108757,0,0,20
1786394377778,2931712,538704,778224,1233216,8298736,0,123866,0,122647,0,2185057,0,2030216,1507,633,6096,166602,108757,0,0,20
1786394378281,2931712,538704,778224,1233216,8298736,0,123866,0,122647,0,2185057,0,2030216,1507,633,6096,166602,108757,0,0,20
1786394378784,2931712,538704,778224,1233216,8298736,0,123866,0,122647,0,2185057,0,2030216,1507,633,6096,166602,108757,0,0,20
1786394379297,2931712,538704,778224,1233216,8298736,0,123866,0,122647,0,2185057,0,2030216,1507,633,6096,166602,108757,0,0,20
1786394379804,2931712,538464,777984,1233216,8298736,0,123866,0,122647,0,2185057,0,2030216,1507,633,6096,166602,108757,0,0,20
1786394380310,2931712,538464,777984,1233216,8298736,0,123866,0,122647,0,2185057,0,2030216,1507,633,6096,166602,108757,0,0,20
1786394380822,2931712,537984,777504,1233216,8298736,0,123866,0,122647,0,2185057,0,2030216,1507,633,6096,166602,108757,0,0,20
1786394381331,2931712,537984,777504,1233216,8298736,0,123866,0,122647,0,2185057,0,2030216,1507,633,6096,166602,108757,0,0,20
1786394381839,2931712,537984,777504,1233216,8298736,0,123866,0,122647,0,2185057,0,2030216,1507,633,6096,166602,108757,0,0,20
1786394382350,2931712,537984,777504,1233216,8298736,0,123866,0,122647,0,2185057,0,2030216,1507,633,6096,166602,108757,0,0,20
1786394382860,2931712,537984,777504,1233216,8298736,0,123866,0,122647,0,2185057,0,2030216,1507,633,6096,166602,108757,0,0,20
1786394383362,2931712,537984,777504,1233216,8298736,0,123866,0,122647,0,2185057,0,2030216,1507,633,6096,166602,108757,0,0,20
1786394383865,2931712,537984,777504,1233216,8298736,0,123866,0,122647,0,2185057,0,2030216,1507,633,6096,166602,108757,0,0,20
1786394384371,2931712,537984,777504,1233216,8298736,0,123866,0,122647,0,2185057,0,2030216,1507,633,6096,166602,108757,0,0,20
1786394384881,2931712,537984,777504,1233216,8298736,0,123866,0,122647,0,2185057,0,2030216,1507,633,6096,166602,108757,0,0,20
1786394385385,2931712,537504,777024,1233216,8298736,0,123866,0,122647,0,2185057,0,2030216,1507,633,6096,166602,108757,0,0,20
1786394385890,2931712,537504,777024,1233216,8298736,0,123866,0,122647,0,2185057,0,2030216,1507,633,6096,166602,108757,0,0,20
1786394386402,2931712,537264,776784,1233216,8298736,0,123866,0,122647,0,2185057,0,2030216,1507,633,6096,166602,108757,0,0,20
1786394386914,2931712,537264,776784,1233216,8298736,0,123866,0,122647,0,2185057,0,2030216,1507,633,6096,166602,108757,0,0,20
1786394387421,2931712,537024,776544,1233216,8298736,0,123866,0,122647,0,2185057,0,2030216,1507,633,6096,166602,108757,0,0,20
1786394387926,2931712,537024,776544,1233216,8298736,0,123866,0,122647,0,2185057,0,2030216,1507,633,6096,166602,108757,0,0,20
1786394388430,2931712,536784,776304,1233216,8298736,0,123866,0,122647,0,2185057,0,2030216,1507,633,6096,166602,108757,0,0,20
1786394388931,2931712,536784,776304,1233216,8298736,0,123866,0,122647,0,2185057,0,2030216,1507,633,6096,166602,108757,0,0,20
1786394389438,2931712,536784,776304,1233216,8298736,0,123866,0,122647,0,2185057,0,2030216,1507,633,6096,166602,108757,0,0,20
1786394389950,2931712,536784,776304,1233216,8298736,0,123866,0,122647,0,2185057,0,2030216,1507,633,6096,166602,108757,0,0,20
1786394390462,2931712,536784,776304,1233216,8298736,0,123866,0,122647,0,2185057,0,2030216,1507,633,6096,166602,108757,0,0,20
1786394390974,2931712,536784,776304,1233216,8298736,0,123866,0,122647,0,2185057,0,2030216,1507,633,6096,166602,108757,0,0,20
1786394391479,2931712,536784,776304,1233216,8298736,0,123866,0,122647,0,2185057,0,2030216,1507,633,6096,166602,108757,0,0,20
1786394391982,2931712,536784,776304,1233216,8298736,0,123866,0,122647,0,2185057,0,2030216,1507,633,6096,166602,108757,0,0,20
1786394392488,2931712,536784,776304,1233216,8298736,0,123866,0,122647,0,2185057,0,2030216,1507,633,6096,166602,108757,0,0,20
1786394392990,2931712,536784,776304,1233216,8298736,0,123866,0,122647,0,2185057,0,2030216,1507,633,6096,166602,108757,0,0,20
1786394393498,2931712,536784,776304,1233216,8298736,0,123866,0,122647,0,2185057,0,2030216,1507,633,6096,166602,108757,0,0,20
1786394394003,2931712,536784,776304,1233216,8298736,0,123866,0,122647,0,2185057,0,2030216,1507,633,6096,166602,108757,0,0,20
1786394394513,2931712,536784,776304,1233216,8298736,0,123866,0,122647,0,2185057,0,2030216,1507,633,6096,166602,108757,0,0,20
1786394395015,2931712,536784,776304,1233216,8298736,0,123866,0,122647,0,2185057,0,2030216,1507,633,6096,166602,108757,0,0,20
1786394395518,2931712,536784,776304,1233216,8298736,0,123866,0,122647,0,2185057,0,2030216,1507,633,6096,166602,108757,0,0,20
1786394396023,2931712,536784,776304,1233216,8298736,0,123866,0,122647,0,2185057,0,2030216,1507,633,6096,166602,108757,0,0,20
1786394396530,2931712,536784,776304,1233216,8298736,0,123866,0,122647,0,2185057,0,2030216,1507,633,6096,166602,108757,0,0,20
1786394397036,2931712,536784,776304,1233216,8298736,0,123866,0,122647,0,2185057,0,2030216,1507,633,6096,166602,108757,0,0,20
1786394397548,2931712,536784,776304,1233216,8298736,0,123866,0,122647,0,2185057,0,2030216,1507,633,6096,166602,108757,0,0,20
1786394398060,2931712,536784,776304,1233216,8298736,0,123866,0,122647,0,2185057,0,2030216,1507,633,6096,166602,108757,0,0,20
1786394398563,2931712,536784,776304,1233216,8298736,0,123866,0,122647,0,2185057,0,2030216,1507,633,6096,166602,108757,0,0,20
1786394399065,2931712,536784,776304,1233216,8298736,0,123866,0,122647,0,2185057,0,2030216,1507,633,6096,166602,108757,0,0,20
1786394399577,2931712,536304,775824,1233216,8298736,0,123866,0,122647,0,2185057,0,2030216,1507,633,6096,166602,108757,0,0,20
1786394400080,2931712,536304,775824,1233216,8298736,0,123866,0,122647,0,2185057,0,2030216,1507,633,6096,166602,108757,0,0,20
1786394400585,2931712,536304,776080,1233472,8298736,0,123866,0,122647,0,2193517,0,2038659,1507,633,6096,166602,108757,0,0,20
1786394401089,2931712,536304,776080,1233472,8298736,0,123866,0,122647,0,2193517,0,2038659,1507,633,6096,166602,108757,0,0,20
1786394401594,2931712,536304,776080,1233472,8298736,0,123866,0,122647,0,2193517,0,2038659,1507,633,6096,166602,108757,0,0,20
1786394402106,2931712,536304,776080,1233472,8298736,0,123866,0,122647,0,2193517,0,2038659,1507,633,6096,166602,108757,0,0,20
1786394402618,2931712,536304,776080,1233472,8298736,0,123866,0,122647,0,2193517,0,2038659,1507,633,6096,166602,108757,0,0,20
1786394403122,2931712,536304,776080,1233472,8298736,0,123866,0,122647,0,2193517,0,2038659,1507,633,6096,166602,108757,0,0,20
1786394403630,2931712,536064,775840,1233472,8298736,0,123866,0,122647,0,2193517,0,2038659,1507,633,6096,166602,108757,0,0,20
1786394404142,2931712,535824,775600,1233472,8298736,0,123866,0,122647,0,2193517,0,2038659,1507,633,6096,166602,108757,0,0,20
1786394404649,2931712,535824,775600,1233472,8298736,0,123866,0,122647,0,2193517,0,2038659,1507,633,6096,166602,108757,0,0,20
1786394405154,2931712,535824,775600,1233472,8298736,0,123866,0,122647,0,2193517,0,2038659,1507,633,6096,166602,108757,0,0,20
1786394405664,2931712,535824,775600,1233472,8298736,0,123866,0,122647,0,2193517,0,2038659,1507,633,6096,166602,108757,0,0,20
1786394406171,2931712,535824,775600,1233472,8298736,0,123866,0,122647,0,2193517,0,2038659,1507,633,6096,166602,108757,0,0,20
1786394406681,2931712,535584,775360,1233472,8298736,0,123866,0,122647,0,2193517,0,2038659,1507,633,6096,166602,108757,0,0,20
1786394407191,2931712,535584,775360,1233472,8298736,0,123866,0,122647,0,2193517,0,2038659,1507,633,6096,166602,108757,0,0,20
1786394407702,2931712,535584,775360,1233472,8298736,0,123866,0,122647,0,2193517,0,2038659,1507,633,6096,166602,108757,0,0,20
1786394408208,2931712,535584,775360,1233472,8298736,0,123866,0,122647,0,2193517,0,2038659,1507,633,6096,166602,108757,0,0,20
1786394408720,2931712,535584,775360,1233472,8298736,0,123866,0,122647,0,2193517,0,2038659,1507,633,6096,166602,108757,0,0,20
1786394409229,2931712,535584,775360,1233472,8298736,0,123866,0,122647,0,2193517,0,2038659,1507,633,6096,166602,108757,0,0,20
1786394409731,2931712,535584,775360,1233472,8298736,0,123866,0,122647,0,2193517,0,2038659,1507,633,6096,166602,108757,0,0,20
1786394410234,2931712,535584,775360,1233472,8298736,0,123866,0,122647,0,2193517,0,2038659,1507,633,6096,166602,108757,0,0,20
1786394410745,2931712,535584,775360,1233472,8298736,0,123866,0,122647,0,2193517,0,2038659,1507,633,6096,166602,108757,0,0,20
1786394411256,2931712,535584,775360,1233472,8298736,0,123866,0,122647,0,2193517,0,2038659,1507,633,6096,166602,108757,0,0,20
1786394411762,2931712,535584,775360,1233472,8298736,0,123866,0,122647,0,2193517,0,2038659,1507,633,6096,166602,108757,0,0,20
1786394412269,2931712,535584,775360,1233472,8298736,0,123866,0,122647,0,2193517,0,2038659,1507,633,6096,166602,108757,0,0,20
1786394412779,2931712,535584,775360,1233472,8298736,0,123866,0,122647,0,2193517,0,2038659,1507,633,6096,166602,108757,0,0,20
1786394413281,2931712,535584,775360,1233472,8298736,0,123866,0,122647,0,2193517,0,2038659,1507,633,6096,166602,108757,0,0,20
1786394413793,2931712,535584,775360,1233472,8298736,0,123866,0,122647,0,2193517,0,2038659,1507,633,6096,166602,108757,0,0,20
1786394414305,2931712,535584,775360,1233472,8298736,0,123866,0,122647,0,2193517,0,2038659,1507,633,6096,166602,108757,0,0,20
1786394414809,2931712,535584,775360,1233472,8298736,0,123866,0,122647,0,2193517,0,2038659,1507,633,6096,166602,108757,0,0,20
1786394415321,2931712,535584,775360,1233472,8298736,0,123866,0,122647,0,2193517,0,2038659,1507,633,6096,166602,108757,0,0,20
1786394415823,2931712,535584,775360,1233472,8298736,0,123866,0,122647,0,2193517,0,2038659,1507,633,6096,166602,108757,0,0,20
1786394416327,2931712,535584,775360,1233472,8298736,0,123866,0,122647,0,2193517,0,2038659,1507,633,6096,166602,108757,0,0,20
1786394417158,2931712,535584,775360,1233472,8298736,0,123866,0,122647,0,2193517,0,2038659,1507,633,6096,166602,108757,0,0,20
1786394417669,2931712,535584,775360,1233472,8298736,0,123866,0,122647,0,2193517,0,2038659,1507,633,6096,166602,108757,0,0,20
1786394418171,2933760,535584,775360,1233472,8298736,0,123866,0,122647,0,2193517,0,2038659,1507,633,6096,166602,108757,0,0,20
1786394418683,4423680,2017360,2257136,1233472,8298736,0,123866,0,122647,0,2193517,0,2038659,1507,633,6096,166602,108757,0,0,20
1786394419191,6057696,3584160,3822880,1233472,8298736,0,123866,0,122647,0,2193517,0,2038659,1507,633,6096,166602,108757,0,0,20
1786394419692,7636992,5166288,5398832,1233472,8298736,0,123866,0,122647,0,2193517,0,2038659,1507,633,6096,166602,108757,0,0,20
1786394420195,9233408,6755424,6981728,1233472,8298736,0,123866,0,122647,0,2193517,0,2038659,1507,633,6096,166602,108757,0,0,20
1786394420696,10815488,8338128,8558256,1233472,8298736,0,123866,0,122647,0,2193517,0,2038659,1507,633,6096,166602,108757,0,0,20
1786394421206,12368896,9897168,10111232,1233472,8298736,0,123866,0,122647,0,2193517,0,2038659,1507,633,6096,166602,108757,0,0,20
1786394421717,12368896,9897168,10111232,1233472,8298736,0,123866,0,122647,0,2193517,0,2038659,1507,633,6096,166602,108757,0,0,20
1786394422229,12368896,9897168,10111232,1233472,8298736,0,123866,0,122647,0,2193517,0,2038659,1507,633,6096,166602,108757,0,0,20
1786394422731,12368896,9897168,10111232,1233472,8298736,0,123866,0,122647,0,2193517,0,2038659,1507,633,6096,166602,108757,0,0,20
1786394423242,12368896,9897168,10111232,1233472,8298736,0,123866,0,122647,0,2193517,0,2038659,1507,633,6096,166602,108757,0,0,20
1786394423754,12368896,9897168,10111232,1233472,8298736,0,123866,0,122647,0,2193517,0,2038659,1507,633,6096,166602,108757,0,0,20
1786394424262,12368896,9897168,10111232,1233472,8298736,0,123866,0,122647,0,2193517,0,2038659,1507,633,6096,166602,108757,0,0,20
1786394424769,12368896,9897168,10111232,1233472,8298736,0,123866,0,122647,0,2193517,0,2038659,1507,633,6096,166602,108757,0,0,20
1786394425273,12368896,9897168,10111232,1233472,8298736,0,123866,0,122647,0,2193517,0,2038659,1507,633,6096,166602,108757,0,0,20
1786394425781,12368896,9897168,10111232,1233472,8298736,0,123866,0,122647,0,2193517,0,2038659,1507,633,6096,166602,108757,0,0,20
1786394426289,12368896,9896928,10110992,1233472,8298736,0,123866,0,122647,0,2193517,0,2038659,1507,633,6096,166602,108757,0,0,20
1786394426802,12368896,9896928,10110992,1233472,8298736,0,123866,0,122647,0,2193517,0,2038659,1507,633,6096,166602,108757,0,0,20
1786394427313,12368896,9896928,10110992,1233472,8298736,0,123866,0,122647,0,2193517,0,2038659,1507,633,6096,166602,108757,0,0,20
1786394427821,12368896,9896928,10110992,1233472,8298736,0,123866,0,122647,0,2193517,0,2038659,1507,633,6096,166602,108757,0,0,20
1786394428333,12368896,9896928,10110992,1233472,8298736,0,123866,0,122647,0,2193517,0,2038659,1507,633,6096,166602,108757,0,0,20
1786394428840,12368896,9896928,10110992,1233472,8298736,0,123866,0,122647,0,2193517,0,2038659,1507,633,6096,166602,108757,0,0,20
1786394429351,12368896,9896928,10110992,1233472,8298736,0,123866,0,122647,0,2193517,0,2038659,1507,633,6096,166602,108757,0,0,20
1786394429853,12368896,9896928,10110992,1233472,8298736,0,123866,0,122647,0,2193517,0,2038659,1507,633,6096,166602,108757,0,0,20
1786394430361,12368896,9896928,10110992,1233472,8298736,0,123866,0,122647,0,2193517,0,2038659,1507,633,6096,166602,108757,0,0,20
1786394430863,12368896,9896928,10110992,1233472,8298736,0,123866,0,122647,0,2218001,0,2063049,1507,633,6096,166602,108757,0,0,20
1786394431368,12368896,9896928,10111312,1233856,8298736,0,123866,0,122647,18,2232406,18,2071138,1507,633,6096,166602,108757,0,0,20
1786394431879,12368896,9896928,10111376,1233856,8298736,0,123866,0,122647,18,2232406,18,2071138,1507,633,6096,166602,108757,0,0,20
1786394432387,12368896,9896928,10111376,1233856,8298736,0,123866,0,122647,18,2232406,18,2071138,1507,633,6096,166602,108757,0,0,20
1786394432891,12368896,9896928,10111376,1233856,8298736,0,123866,0,122647,18,2232406,18,2071138,1507,633,6096,166602,108757,0,0,20
1786394433397,12368896,9896928,10111376,1233856,8298736,0,123866,0,122647,14,2232406,14,2071138,1507,633,6096,166602,108757,0,0,20
1786394433909,12368896,9896928,10111376,1233856,8298736,0,123866,0,122647,14,2232406,14,2071138,1507,633,6096,166602,108757,0,0,20
1786394434416,12368896,9896928,10111376,1233856,8298736,0,123866,0,122647,14,2232406,14,2071138,1507,633,6096,166602,108757,0,0,20
1786394434928,12368896,9896928,10111376,1233856,8298736,0,123866,0,122647,14,2232406,14,2071138,1507,633,6096,166602,108757,0,0,20
1786394435430,12368896,9896688,10111136,1233856,8298736,0,123866,0,122647,12,2232406,12,2071138,1507,633,6096,166602,108757,0,0,20
1786394435942,12368896,9896688,10111136,1233856,8298736,0,123866,0,122647,12,2232406,12,2071138,1507,633,6096,166602,108757,0,0,20
1786394436446,12368896,9896688,10111136,1233856,8298736,0,123866,0,122647,12,2232406,12,2071138,1507,633,6096,166602,108757,0,0,20
1786394436948,12368896,9896688,10111136,1233856,8298736,0,123866,0,122647,12,2232406,12,2071138,1507,633,6096,166602,108757,0,0,20
1786394437456,12368896,9896448,10110896,1233856,8298736,0,123866,0,122647,9,2232406,9,2071138,1507,633,6096,166602,108757,0,0,20
1786394437968,12368896,9896448,10110896,1233856,8298736,0,123866,0,122647,9,2232406,9,2071138,1507,633,6096,166602,108757,0,0,20
1786394438476,12368896,9896448,10110896,1233856,8298736,0,123866,0,122647,9,2232406,9,2071138,1507,633,6096,166602,108757,0,0,20
1786394438981,12368896,9896448,10110896,1233856,8298736,0,123866,0,122647,9,2232406,9,2071138,1507,633,6096,166602,108757,0,0,20
1786394439490,12368896,9896448,10110896,1233856,8298736,0,123866,0,122647,8,2232406,8,2071138,1507,633,6096,166602,108757,0,0,20
1786394440001,12368896,9896448,10110896,1233856,8298736,0,123866,0,122647,8,2232406,8,2071138,1507,633,6096,166602,108757,0,0,20
1786394440505,12368896,9896448,10110896,1233856,8298736,0,123866,0,122647,8,2232406,8,2071138,1507,633,6096,166602,108757,0,0,20
1786394441015,12368896,9896448,10110896,1233856,8298736,0,123866,0,122647,8,2232406,8,2071138,1507,633,6096,166602,108757,0,0,20
1786394441527,12368896,9896448,10110896,1233856,8298736,0,123866,0,122647,6,2232406,6,2071138,1507,633,6096,166602,108757,0,0,20
1786394442036,12368896,9896448,10110896,1233856,8298736,0,123866,0,122647,6,2232406,6,2071138,1507,633,6096,166602,108757,0,0,20
1786394442538,12368896,9896448,10110896,1233872,8298736,0,123866,0,122647,6,2232406,6,2071138,1507,633,6096,166602,108757,0,0,20
1786394443039,12368896,9896448,10110896,1233872,8298736,0,123866,0,122647,6,2232406,6,2071138,1507,633,6096,166602,108757,0,0,20
1786394443548,12368896,9896448,10110896,1233872,8298736,0,123866,0,122647,5,2232406,5,2071138,1507,633,6096,166602,108757,0,0,20
1786394444059,12368896,9896448,10110896,1233872,8298736,0,123866,0,122647,5,2232406,5,2071138,1507,633,6096,166602,108757,0,0,20
1786394444569,12368896,9896448,10110896,1233872,8298736,0,123866,0,122647,5,2232406,5,2071138,1507,633,6096,166602,108757,0,0,20
1786394445077,12368896,9896448,10110896,1233872,8298736,0,123866,0,122647,5,2232406,5,2071138,1507,633,6096,166602,108757,0,0,20
1786394445579,12368896,9896448,10110896,1233872,8298736,0,123866,0,122647,4,2232406,4,2071138,1507,633,6096,166602,108757,0,0,20
1786394446091,12368896,9896448,10110896,1233872,8298736,0,123866,0,122647,4,2232406,4,2071138,1507,633,6096,166602,108757,0,0,20
1786394446603,12368896,9896448,10110896,1233872,8298736,0,123866,0,122647,4,2232406,4,2071138,1507,633,6096,166602,108757,0,0,20
1786394447115,12368896,9896448,10110896,1233872,8298736,0,123866,0,122647,4,2232406,4,2071138,1507,633,6096,166602,108757,0,0,20
1786394447618,12368896,9896448,10110896,1233872,8298736,0,123866,0,122647,3,2232406,3,2071138,1507,633,6096,166602,108757,0,0,20
1786394448120,12368896,9896448,10110896,1233872,8298736,0,123866,0,122647,3,2232406,3,2071138,1507,633,6096,166602,108757,0,0,20
1786394448630,12368896,9896448,10110896,1233872,8298736,0,123866,0,122647,3,2232406,3,2071138,1507,633,6096,166602,108757,0,0,20
1786394449133,12368896,9896448,10110896,1233872,8298736,0,123866,0,122647,3,2232406,3,2071138,1507,633,6096,166602,108757,0,0,20
1786394449640,12368896,9896448,10110896,1233872,8298736,0,123866,0,122647,2,2232406,2,2071138,1507,633,6096,166602,108757,0,0,20
1786394450143,12368896,9896448,10110896,1233872,8298736,0,123866,0,122647,2,2232406,2,2071138,1507,633,6096,166602,108757,0,0,20
1786394450654,12368896,9896448,10110896,1233872,8298736,0,123866,0,122647,2,2232406,2,2071138,1507,633,6096,166602,108757,0,0,20
1786394451162,12368896,9896448,10110896,1233872,8298736,0,123866,0,122647,2,2232406,2,2071138,1507,633,6096,166602,108757,0,0,20
1786394451666,12368896,9896448,10110896,1233872,8298736,0,123866,0,122647,2,2232406,2,2071138,1507,633,6096,166602,108757,0,0,20
1786394452174,12368896,9896448,10110896,1233872,8298736,0,123866,0,122647,2,2232406,2,2071138,1507,633,6096,166602,108757,0,0,20
1786394452680,12368896,9896448,10110896,1233872,8298736,0,123866,0,122647,2,2232406,2,2071138,1507,633,6096,166602,108757,0,0,20
1786394453188,12368896,9896448,10110896,1233872,8298736,0,123866,0,122647,2,2232406,2,2071138,1507,633,6096,166602,108757,0,0,20
1786394453690,12368896,9896448,10110896,1233872,8298736,0,123866,0,122647,1,2232406,1,2071138,1507,633,6096,166602,108757,0,0,20
1786394454201,12368896,9896448,10110896,1233872,8298736,0,123866,0,122647,1,2232406,1,2071138,1507,633,6096,166602,108757,0,0,20
1786394454705,12368896,9896448,10110896,1233872,8298736,0,123866,0,122647,1,2232406,1,2071138,1507,633,6096,166602,108757,0,0,20
1786394455216,12368896,9896448,10110896,1233872,8298736,0,123866,0,122647,1,2232406,1,2071138,1507,633,6096,166602,108757,0,0,20
1786394455723,12368896,9896448,10110896,1233872,8298736,0,123866,0,122647,1,2232406,1,2071138,1507,633,6096,166602,108757,0,0,20
1786394456234,12368896,9896448,10110896,1233872,8298736,0,123866,0,122647,1,2232406,1,2071138,1507,633,6096,166602,108757,0,0,20
1786394456746,12368896,9896448,10110896,1233872,8298736,0,123866,0,122647,1,2232406,1,2071138,1507,633,6096,166602,108757,0,0,20
1786394457258,12368896,9896448,10110896,1233872,8298736,0,123866,0,122647,1,2232406,1,2071138,1507,633,6096,166602,108757,0,0,20
1786394457770,12368896,9896448,10110896,1233872,8298736,0,123866,0,122647,1,2232406,1,2071138,1507,633,6096,166602,108757,0,0,20
1786394458282,12368896,9896448,10110896,1233872,8298736,0,123866,0,122647,1,2232406,1,2071138,1507,633,6096,166602,108757,0,0,20
1786394458791,12368896,9896448,10110896,1233872,8298736,0,123866,0,122647,1,2232406,1,2071138,1507,633,6096,166602,108757,0,0,20
1786394459299,12368896,9896448,10110896,1233872,8298736,0,123866,0,122647,1,2232406,1,2071138,1507,633,6096,166602,108757,0,0,20
1786394459805,12368896,9896448,10110896,1233872,8298736,0,123866,0,122647,0,2232406,0,2071138,1507,633,6096,166602,108757,0,0,20
1786394460308,12368896,9896448,10110896,1233872,8298736,0,123866,0,122647,0,2232406,0,2071138,1507,633,6096,166602,108757,0,0,20
1786394460813,12368896,9896448,10110896,1233872,8298736,0,123866,0,122647,0,2232406,0,2071138,1507,633,6096,166602,108757,0,0,20
1786394461316,12368896,9896448,10110896,1234016,8298736,0,123866,0,122647,0,2255524,0,2094154,1507,633,6096,166602,108757,0,0,20
1786394461826,12368896,9896448,10110896,1234016,8298736,0,123866,0,122647,18,2255524,18,2094154,1507,633,6096,166602,108757,0,0,20
1786394462331,12368896,9896448,10111040,1234016,8298736,0,123866,0,122647,18,2255524,18,2094154,1507,633,6096,166602,108757,0,0,20
1786394462839,12368896,9896448,10111040,1234016,8298736,0,123866,0,122647,18,2255524,18,2094154,1507,633,6096,166602,108757,0,0,20
1786394463346,12368896,9896448,10111040,1234016,8298736,0,123866,0,122647,15,2255524,15,2094154,1507,633,6096,166602,108757,0,0,20
1786394463858,12368896,9896448,10111040,1234016,8298736,0,123866,0,122647,15,2255524,15,2094154,1507,633,6096,166602,108757,0,0,20
1786394464369,12368896,9896448,10111040,1234016,8298736,0,123866,0,122647,15,2255524,15,2094154,1507,633,6096,166602,108757,0,0,20
1786394464881,12368896,9896448,10111040,1234016,8298736,0,123866,0,122647,15,2255524,15,2094154,1507,633,6096,166602,108757,0,0,20
1786394465383,12368896,9896448,10111040,1234016,8298736,0,123866,0,122647,12,2255524,12,2094154,1507,633,6096,166602,108757,0,0,20
1786394465895,12368896,9896448,10111040,1234016,8298736,0,123866,0,122647,12,2255524,12,2094154,1507,633,6096,166602,108757,0,0,20
1786394466402,12368896,9896448,10111040,1234016,8298736,0,123866,0,122647,12,2255524,12,2094154,1507,633,6096,166602,108757,0,0,20
1786394466914,12368896,9896448,10111040,1234016,8298736,0,123866,0,122647,12,2255524,12,2094154,1507,633,6096,166602,108757,0,0,20
1786394467416,12368896,9896448,10111040,1234016,8298736,0,123866,0,122647,10,2255524,10,2094154,1507,633,6096,166602,108757,0,0,20
1786394467921,12368896,9896448,10111040,1234016,8298736,0,123866,0,122647,10,2255524,10,2094154,1507,633,6096,166602,108757,0,0,20
1786394468431,12368896,9896448,10111040,1234016,8298736,0,123866,0,122647,10,2255524,10,2094154,1507,633,6096,166602,108757,0,0,20
1786394468943,12368896,9896448,10111040,1234016,8298736,0,123866,0,122647,10,2255524,10,2094154,1507,633,6096,166602,108757,0,0,20
1786394469458,12368896,9896448,10111040,1234016,8298736,0,123866,0,122647,8,2255524,8,2094154,1507,633,6096,166602,108757,0,0,20
1786394469969,12368896,9896448,10111040,1234016,8298736,0,123866,0,122647,8,2255524,8,2094154,1507,633,6096,166602,108757,0,0,20
1786394470479,12368896,9896448,10111040,1234016,8298736,0,123866,0,122647,8,2255524,8,2094154,1507,633,6096,166602,108757,0,0,20
1786394470983,12368896,9896448,10111040,1234016,8298736,0,123866,0,122647,8,2255524,8,2094154,1507,633,6096,166602,108757,0,0,20
1786394471489,12368896,9896448,10111040,1234016,8298736,0,123866,0,122647,6,2255524,6,2094154,1507,633,6096,166602,108757,0,0,20
1786394471997,12368896,9896448,10111040,1234016,8298736,0,123866,0,122647,6,2255524,6,2094154,1507,633,6096,166602,108757,0,0,20
1786394472509,12368896,9896448,10111040,1234016,8298736,0,123866,0,122647,6,2255524,6,2094154,1507,633,6096,166602,108757,0,0,20
1786394473015,12368896,9896448,10111040,1234016,8298736,0,123866,0,122647,6,2255524,6,2094154,1507,633,6096,166602,108757,0,0,20
1786394473527,12368896,9896448,10111040,1234016,8298736,0,123866,0,122647,5,2255524,5,2094154,1507,633,6096,166602,108757,0,0,20
1786394474031,12368896,9896448,10111040,1234016,8298736,0,123866,0,122647,5,2255524,5,2094154,1507,633,6096,166602,108757,0,0,20
1786394474533,12368896,9896448,10111040,1234016,8298736,0,123866,0,122647,5,2255524,5,2094154,1507,633,6096,166602,108757,0,0,20
1786394475034,12368896,9896448,10111040,1234016,8298736,0,123866,0,122647,5,2255524,5,2094154,1507,633,6096,166602,108757,0,0,20
1786394475541,12368896,9896448,10111040,1234016,8298736,0,123866,0,122647,4,2255524,4,2094154,1507,633,6096,166602,108757,0,0,20
1786394476053,12368896,9896448,10111040,1234016,8298736,0,123866,0,122647,4,2255524,4,2094154,1507,633,6096,166602,108757,0,0,20
1786394476557,12368896,9896448,10111040,1234016,8298736,0,123866,0,122647,4,2255524,4,2094154,1507,633,6096,166602,108757,0,0,20
1786394477065,12368896,9896448,10111040,1234016,8298736,0,123866,0,122647,4,2255524,4,2094154,1507,633,6096,166602,108757,0,0,20
1786394477568,12368896,9896448,10111040,1234016,8298736,0,123866,0,122647,3,2255524,3,2094154,1507,633,6096,166602,108757,0,0,20
1786394478069,12368896,9681248,9983168,1321664,8299184,0,123866,0,122647,3,2386955,3,2218020,1564,661,6096,166602,108757,0,0,20
