 SWTPM_IO_Read: length 12
 80 01 00 00 00 0C 00 00 01 7B 00 08 
    IsEnEnabled(0x17b = 'GetRandom'): 1
 SWTPM_IO_Write: length 20
 80 01 00 00 00 14 00 00 00 00 00 08 EA BA 6D CD 
 C5 57 56 69 
 SWTPM_IO_Read: length 12
 80 01 00 00 00 0C 00 00 01 44 00 00 
    IsEnEnabled(0x144 = 'Startup'): 1
 SWTPM_IO_Write: length 10
 80 01 00 00 00 0A 00 00 01 00 
 SWTPM_IO_Read: length 22
 80 01 00 00 00 16 00 00 01 7A 00 00 00 00 00 00 
 00 01 00 00 00 7F 
    IsEnEnabled(0x17a = 'GetCapability'): 1
 SWTPM_IO_Write: length 217
 80 01 00 00 00 D9 00 00 00 00 00 00 00 00 00 00 
 00 00 21 00 01 00 00 00 09 00 03 00 00 00 02 00 
 04 00 00 00 04 00 05 00 00 01 04 00 06 00 00 00 
 02 00 07 00 00 04 04 00 08 00 00 03 0C 00 0A 00 
 00 00 06 00 0B 00 00 00 04 00 0C 00 00 00 04 00 
 0D 00 00 00 04 00 14 00 00 01 01 00 15 00 00 02 
 01 00 16 00 00 01 01 00 17 00 00 02 01 00 18 00 
 00 01 01 00 19 00 00 04 01 00 1A 00 00 01 01 00 
 1B 00 00 05 01 00 1C 00 00 01 01 00 1D 00 00 04 
 01 00 20 00 00 04 04 00 21 00 00 04 04 00 22 00 
 00 04 04 00 23 00 00 00 09 00 25 00 00 00 08 00 
 26 00 00 00 02 00 3F 00 00 01 02 00 40 00 00 02 
 02 00 41 00 00 02 02 00 42 00 00 02 02 00 43 00 
 00 02 02 00 44 00 00 02 02 
 SWTPM_IO_Read: length 22
 80 01 00 00 00 16 00 00 01 7A 00 00 00 02 00 00 
 01 1F 00 00 01 00 
    IsEnEnabled(0x17a = 'GetCapability'): 1
    IsEnEnabled(0x11f = 'NV_UndefineSpaceSpecial'): 1
    IsEnEnabled(0x11f = 'NV_UndefineSpaceSpecial'): 1
    IsEnEnabled(0x120 = 'EvictControl'): 1
    IsEnEnabled(0x120 = 'EvictControl'): 1
    IsEnEnabled(0x121 = 'HierarchyControl'): 1
    IsEnEnabled(0x121 = 'HierarchyControl'): 1
    IsEnEnabled(0x122 = 'NV_UndefineSpace'): 1
    IsEnEnabled(0x122 = 'NV_UndefineSpace'): 1
    IsEnEnabled(0x123 = '(null)'): 0
    IsEnEnabled(0x124 = 'ChangeEPS'): 1
    IsEnEnabled(0x124 = 'ChangeEPS'): 1
    IsEnEnabled(0x125 = 'ChangePPS'): 1
    IsEnEnabled(0x125 = 'ChangePPS'): 1
    IsEnEnabled(0x126 = 'Clear'): 1
    IsEnEnabled(0x126 = 'Clear'): 1
    IsEnEnabled(0x127 = 'ClearControl'): 1
    IsEnEnabled(0x127 = 'ClearControl'): 1
    IsEnEnabled(0x128 = 'ClockSet'): 1
    IsEnEnabled(0x128 = 'ClockSet'): 1
    IsEnEnabled(0x129 = 'HierarchyChangeAuth'): 1
    IsEnEnabled(0x129 = 'HierarchyChangeAuth'): 1
    IsEnEnabled(0x12a = 'NV_DefineSpace'): 1
    IsEnEnabled(0x12a = 'NV_DefineSpace'): 1
    IsEnEnabled(0x12b = 'PCR_Allocate'): 1
    IsEnEnabled(0x12b = 'PCR_Allocate'): 1
    IsEnEnabled(0x12c = 'PCR_SetAuthPolicy'): 1
    IsEnEnabled(0x12c = 'PCR_SetAuthPolicy'): 1
    IsEnEnabled(0x12d = 'PP_Commands'): 1
    IsEnEnabled(0x12d = 'PP_Commands'): 1
    IsEnEnabled(0x12e = 'SetPrimaryPolicy'): 1
    IsEnEnabled(0x12e = 'SetPrimaryPolicy'): 1
    IsEnEnabled(0x12f = '(null)'): 0
    IsEnEnabled(0x130 = 'ClockRateAdjust'): 1
    IsEnEnabled(0x130 = 'ClockRateAdjust'): 1
    IsEnEnabled(0x131 = 'CreatePrimary'): 1
    IsEnEnabled(0x131 = 'CreatePrimary'): 1
    IsEnEnabled(0x132 = 'NV_GlobalWriteLock'): 1
    IsEnEnabled(0x132 = 'NV_GlobalWriteLock'): 1
    IsEnEnabled(0x133 = 'GetCommandAuditDigest'): 1
    IsEnEnabled(0x133 = 'GetCommandAuditDigest'): 1
    IsEnEnabled(0x134 = 'NV_Increment'): 1
    IsEnEnabled(0x134 = 'NV_Increment'): 1
    IsEnEnabled(0x135 = 'NV_SetBits'): 1
    IsEnEnabled(0x135 = 'NV_SetBits'): 1
    IsEnEnabled(0x136 = 'NV_Extend'): 1
    IsEnEnabled(0x136 = 'NV_Extend'): 1
    IsEnEnabled(0x137 = 'NV_Write'): 1
    IsEnEnabled(0x137 = 'NV_Write'): 1
    IsEnEnabled(0x138 = 'NV_WriteLock'): 1
    IsEnEnabled(0x138 = 'NV_WriteLock'): 1
    IsEnEnabled(0x139 = 'DictionaryAttackLockReset'): 1
    IsEnEnabled(0x139 = 'DictionaryAttackLockReset'): 1
    IsEnEnabled(0x13a = 'DictionaryAttackParameters'): 1
    IsEnEnabled(0x13a = 'DictionaryAttackParameters'): 1
    IsEnEnabled(0x13b = 'NV_ChangeAuth'): 1
    IsEnEnabled(0x13b = 'NV_ChangeAuth'): 1
    IsEnEnabled(0x13c = 'PCR_Event'): 1
    IsEnEnabled(0x13c = 'PCR_Event'): 1
    IsEnEnabled(0x13d = 'PCR_Reset'): 1
    IsEnEnabled(0x13d = 'PCR_Reset'): 1
    IsEnEnabled(0x13e = 'SequenceComplete'): 1
    IsEnEnabled(0x13e = 'SequenceComplete'): 1
    IsEnEnabled(0x13f = 'SetAlgorithmSet'): 1
    IsEnEnabled(0x13f = 'SetAlgorithmSet'): 1
    IsEnEnabled(0x140 = 'SetCommandCodeAuditStatus'): 1
    IsEnEnabled(0x140 = 'SetCommandCodeAuditStatus'): 1
    IsEnEnabled(0x141 = '(null)'): 0
    IsEnEnabled(0x142 = 'IncrementalSelfTest'): 1
    IsEnEnabled(0x142 = 'IncrementalSelfTest'): 1
    IsEnEnabled(0x143 = 'SelfTest'): 1
    IsEnEnabled(0x143 = 'SelfTest'): 1
    IsEnEnabled(0x144 = 'Startup'): 1
    IsEnEnabled(0x144 = 'Startup'): 1
    IsEnEnabled(0x145 = 'Shutdown'): 1
    IsEnEnabled(0x145 = 'Shutdown'): 1
    IsEnEnabled(0x146 = 'StirRandom'): 1
    IsEnEnabled(0x146 = 'StirRandom'): 1
    IsEnEnabled(0x147 = 'ActivateCredential'): 1
    IsEnEnabled(0x147 = 'ActivateCredential'): 1
    IsEnEnabled(0x148 = 'Certify'): 1
    IsEnEnabled(0x148 = 'Certify'): 1
    IsEnEnabled(0x149 = 'PolicyNV'): 1
    IsEnEnabled(0x149 = 'PolicyNV'): 1
    IsEnEnabled(0x14a = 'CertifyCreation'): 1
    IsEnEnabled(0x14a = 'CertifyCreation'): 1
    IsEnEnabled(0x14b = 'Duplicate'): 1
    IsEnEnabled(0x14b = 'Duplicate'): 1
    IsEnEnabled(0x14c = 'GetTime'): 1
    IsEnEnabled(0x14c = 'GetTime'): 1
    IsEnEnabled(0x14d = 'GetSessionAuditDigest'): 1
    IsEnEnabled(0x14d = 'GetSessionAuditDigest'): 1
    IsEnEnabled(0x14e = 'NV_Read'): 1
    IsEnEnabled(0x14e = 'NV_Read'): 1
    IsEnEnabled(0x14f = 'NV_ReadLock'): 1
    IsEnEnabled(0x14f = 'NV_ReadLock'): 1
    IsEnEnabled(0x150 = 'ObjectChangeAuth'): 1
    IsEnEnabled(0x150 = 'ObjectChangeAuth'): 1
    IsEnEnabled(0x151 = 'PolicySecret'): 1
    IsEnEnabled(0x151 = 'PolicySecret'): 1
    IsEnEnabled(0x152 = 'Rewrap'): 1
    IsEnEnabled(0x152 = 'Rewrap'): 1
    IsEnEnabled(0x153 = 'Create'): 1
    IsEnEnabled(0x153 = 'Create'): 1
    IsEnEnabled(0x154 = 'ECDH_ZGen'): 1
    IsEnEnabled(0x154 = 'ECDH_ZGen'): 1
    IsEnEnabled(0x155 = 'MAC'): 1
    IsEnEnabled(0x155 = 'MAC'): 1
    IsEnEnabled(0x156 = 'Import'): 1
    IsEnEnabled(0x156 = 'Import'): 1
    IsEnEnabled(0x157 = 'Load'): 1
    IsEnEnabled(0x157 = 'Load'): 1
    IsEnEnabled(0x158 = 'Quote'): 1
    IsEnEnabled(0x158 = 'Quote'): 1
    IsEnEnabled(0x159 = 'RSA_Decrypt'): 1
    IsEnEnabled(0x159 = 'RSA_Decrypt'): 1
    IsEnEnabled(0x15a = '(null)'): 0
    IsEnEnabled(0x15b = 'MAC_Start'): 1
    IsEnEnabled(0x15b = 'MAC_Start'): 1
    IsEnEnabled(0x15c = 'SequenceUpdate'): 1
    IsEnEnabled(0x15c = 'SequenceUpdate'): 1
    IsEnEnabled(0x15d = 'Sign'): 1
    IsEnEnabled(0x15d = 'Sign'): 1
    IsEnEnabled(0x15e = 'Unseal'): 1
    IsEnEnabled(0x15e = 'Unseal'): 1
    IsEnEnabled(0x15f = '(null)'): 0
    IsEnEnabled(0x160 = 'PolicySigned'): 1
    IsEnEnabled(0x160 = 'PolicySigned'): 1
    IsEnEnabled(0x161 = 'ContextLoad'): 1
    IsEnEnabled(0x161 = 'ContextLoad'): 1
    IsEnEnabled(0x162 = 'ContextSave'): 1
    IsEnEnabled(0x162 = 'ContextSave'): 1
    IsEnEnabled(0x163 = 'ECDH_KeyGen'): 1
    IsEnEnabled(0x163 = 'ECDH_KeyGen'): 1
    IsEnEnabled(0x164 = 'EncryptDecrypt'): 1
    IsEnEnabled(0x164 = 'EncryptDecrypt'): 1
    IsEnEnabled(0x165 = 'FlushContext'): 1
    IsEnEnabled(0x165 = 'FlushContext'): 1
    IsEnEnabled(0x166 = '(null)'): 0
    IsEnEnabled(0x167 = 'LoadExternal'): 1
    IsEnEnabled(0x167 = 'LoadExternal'): 1
    IsEnEnabled(0x168 = 'MakeCredential'): 1
    IsEnEnabled(0x168 = 'MakeCredential'): 1
    IsEnEnabled(0x169 = 'NV_ReadPublic'): 1
    IsEnEnabled(0x169 = 'NV_ReadPublic'): 1
    IsEnEnabled(0x16a = 'PolicyAuthorize'): 1
    IsEnEnabled(0x16a = 'PolicyAuthorize'): 1
    IsEnEnabled(0x16b = 'PolicyAuthValue'): 1
    IsEnEnabled(0x16b = 'PolicyAuthValue'): 1
    IsEnEnabled(0x16c = 'PolicyCommandCode'): 1
    IsEnEnabled(0x16c = 'PolicyCommandCode'): 1
    IsEnEnabled(0x16d = 'PolicyCounterTimer'): 1
    IsEnEnabled(0x16d = 'PolicyCounterTimer'): 1
    IsEnEnabled(0x16e = 'PolicyCpHash'): 1
    IsEnEnabled(0x16e = 'PolicyCpHash'): 1
    IsEnEnabled(0x16f = 'PolicyLocality'): 1
    IsEnEnabled(0x16f = 'PolicyLocality'): 1
    IsEnEnabled(0x170 = 'PolicyNameHash'): 1
    IsEnEnabled(0x170 = 'PolicyNameHash'): 1
    IsEnEnabled(0x171 = 'PolicyOR'): 1
    IsEnEnabled(0x171 = 'PolicyOR'): 1
    IsEnEnabled(0x172 = 'PolicyTicket'): 1
    IsEnEnabled(0x172 = 'PolicyTicket'): 1
    IsEnEnabled(0x173 = 'ReadPublic'): 1
    IsEnEnabled(0x173 = 'ReadPublic'): 1
    IsEnEnabled(0x174 = 'RSA_Encrypt'): 1
    IsEnEnabled(0x174 = 'RSA_Encrypt'): 1
    IsEnEnabled(0x175 = '(null)'): 0
    IsEnEnabled(0x176 = 'StartAuthSession'): 1
    IsEnEnabled(0x176 = 'StartAuthSession'): 1
    IsEnEnabled(0x177 = 'VerifySignature'): 1
    IsEnEnabled(0x177 = 'VerifySignature'): 1
    IsEnEnabled(0x178 = 'ECC_Parameters'): 1
    IsEnEnabled(0x178 = 'ECC_Parameters'): 1
    IsEnEnabled(0x179 = '(null)'): 0
    IsEnEnabled(0x17a = 'GetCapability'): 1
    IsEnEnabled(0x17a = 'GetCapability'): 1
    IsEnEnabled(0x17b = 'GetRandom'): 1
    IsEnEnabled(0x17b = 'GetRandom'): 1
    IsEnEnabled(0x17c = 'GetTestResult'): 1
    IsEnEnabled(0x17c = 'GetTestResult'): 1
    IsEnEnabled(0x17d = 'Hash'): 1
    IsEnEnabled(0x17d = 'Hash'): 1
    IsEnEnabled(0x17e = 'PCR_Read'): 1
    IsEnEnabled(0x17e = 'PCR_Read'): 1
    IsEnEnabled(0x17f = 'PolicyPCR'): 1
    IsEnEnabled(0x17f = 'PolicyPCR'): 1
    IsEnEnabled(0x180 = 'PolicyRestart'): 1
    IsEnEnabled(0x180 = 'PolicyRestart'): 1
    IsEnEnabled(0x181 = 'ReadClock'): 1
    IsEnEnabled(0x181 = 'ReadClock'): 1
    IsEnEnabled(0x182 = 'PCR_Extend'): 1
    IsEnEnabled(0x182 = 'PCR_Extend'): 1
    IsEnEnabled(0x183 = 'PCR_SetAuthValue'): 1
    IsEnEnabled(0x183 = 'PCR_SetAuthValue'): 1
    IsEnEnabled(0x184 = 'NV_Certify'): 1
    IsEnEnabled(0x184 = 'NV_Certify'): 1
    IsEnEnabled(0x185 = 'EventSequenceComplete'): 1
    IsEnEnabled(0x185 = 'EventSequenceComplete'): 1
    IsEnEnabled(0x186 = 'HashSequenceStart'): 1
    IsEnEnabled(0x186 = 'HashSequenceStart'): 1
    IsEnEnabled(0x187 = 'PolicyPhysicalPresence'): 1
    IsEnEnabled(0x187 = 'PolicyPhysicalPresence'): 1
    IsEnEnabled(0x188 = 'PolicyDuplicationSelect'): 1
    IsEnEnabled(0x188 = 'PolicyDuplicationSelect'): 1
    IsEnEnabled(0x189 = 'PolicyGetDigest'): 1
    IsEnEnabled(0x189 = 'PolicyGetDigest'): 1
    IsEnEnabled(0x18a = 'TestParms'): 1
    IsEnEnabled(0x18a = 'TestParms'): 1
    IsEnEnabled(0x18b = 'Commit'): 1
    IsEnEnabled(0x18b = 'Commit'): 1
    IsEnEnabled(0x18c = 'PolicyPassword'): 1
    IsEnEnabled(0x18c = 'PolicyPassword'): 1
    IsEnEnabled(0x18d = 'ZGen_2Phase'): 1
    IsEnEnabled(0x18d = 'ZGen_2Phase'): 1
    IsEnEnabled(0x18e = 'EC_Ephemeral'): 1
    IsEnEnabled(0x18e = 'EC_Ephemeral'): 1
    IsEnEnabled(0x18f = 'PolicyNvWritten'): 1
    IsEnEnabled(0x18f = 'PolicyNvWritten'): 1
    IsEnEnabled(0x190 = 'PolicyTemplate'): 1
    IsEnEnabled(0x190 = 'PolicyTemplate'): 1
    IsEnEnabled(0x191 = 'CreateLoaded'): 1
    IsEnEnabled(0x191 = 'CreateLoaded'): 1
    IsEnEnabled(0x192 = 'PolicyAuthorizeNV'): 1
    IsEnEnabled(0x192 = 'PolicyAuthorizeNV'): 1
    IsEnEnabled(0x193 = 'EncryptDecrypt2'): 1
    IsEnEnabled(0x193 = 'EncryptDecrypt2'): 1
    IsEnEnabled(0x194 = '(null)'): 0
    IsEnEnabled(0x195 = '(null)'): 0
    IsEnEnabled(0x196 = '(null)'): 0
    IsEnEnabled(0x197 = 'CertifyX509'): 1
    IsEnEnabled(0x197 = 'CertifyX509'): 1
    IsEnEnabled(0x198 = '(null)'): 0
    IsEnEnabled(0x199 = 'ECC_Encrypt'): 0
    IsEnEnabled(0x19a = 'ECC_Decrypt'): 0
    IsEnEnabled(0x19b = 'PolicyCapability'): 0
    IsEnEnabled(0x19c = 'PolicyParameters'): 0
    IsEnEnabled(0x19d = '(null)'): 0
    IsEnEnabled(0x19e = '(null)'): 0
    IsEnEnabled(0x19f = '(null)'): 0
 SWTPM_IO_Write: length 459
 80 01 00 00 01 CB 00 00 00 00 00 00 00 00 02 00 
 00 00 6E 04 40 01 1F 04 40 01 20 02 C0 01 21 04 
 40 01 22 02 C0 01 24 02 C0 01 25 02 C0 01 26 02 
 40 01 27 02 40 01 28 02 40 01 29 02 40 01 2A 02 
 40 01 2B 02 40 01 2C 02 40 01 2D 02 40 01 2E 02 
 00 01 30 12 00 01 31 02 40 01 32 04 40 01 33 04 
 40 01 34 04 40 01 35 04 40 01 36 04 40 01 37 04 
 40 01 38 02 40 01 39 02 40 01 3A 02 40 01 3B 02 
 40 01 3C 02 40 01 3D 03 00 01 3E 02 40 01 3F 02 
 40 01 40 00 40 01 42 00 40 01 43 00 40 01 44 00 
 40 01 45 00 40 01 46 04 00 01 47 04 00 01 48 06 
 00 01 49 04 00 01 4A 04 00 01 4B 04 00 01 4C 06 
 00 01 4D 04 00 01 4E 04 40 01 4F 04 00 01 50 04 
 00 01 51 04 00 01 52 02 00 01 53 02 00 01 54 02 
 00 01 55 02 00 01 56 12 00 01 57 02 00 01 58 02 
 00 01 59 12 00 01 5B 02 00 01 5C 02 00 01 5D 02 
 00 01 5E 04 00 01 60 10 00 01 61 02 00 01 62 02 
 00 01 63 02 00 01 64 00 00 01 65 10 00 01 67 02 
 00 01 68 02 00 01 69 02 00 01 6A 02 00 01 6B 02 
 00 01 6C 02 00 01 6D 02 00 01 6E 02 00 01 6F 02 
 00 01 70 02 00 01 71 02 00 01 72 02 00 01 73 02 
 00 01 74 14 00 01 76 02 00 01 77 00 00 01 78 00 
 00 01 7A 00 00 01 7B 00 00 01 7C 00 00 01 7D 00 
 00 01 7E 02 00 01 7F 02 00 01 80 00 00 01 81 02 
 40 01 82 02 00 01 83 06 00 01 84 05 40 01 85 10 
 00 01 86 02 00 01 87 02 00 01 88 02 00 01 89 00 
 00 01 8A 02 00 01 8B 02 00 01 8C 02 00 01 8D 00 
 00 01 8E 02 00 01 8F 02 00 01 90 12 00 01 91 06 
 00 01 92 02 00 01 93 04 00 01 97 
 SWTPM_IO_Read: length 22
 80 01 00 00 00 16 00 00 01 7A 00 00 00 08 00 00 
 00 00 00 00 01 FC 
    IsEnEnabled(0x17a = 'GetCapability'): 1
 SWTPM_IO_Write: length 35
 80 01 00 00 00 23 00 00 00 00 00 00 00 00 08 00 
 00 00 08 00 01 00 02 00 03 00 04 00 05 00 10 00 
 11 00 20 
 SWTPM_IO_Read: length 22
 80 01 00 00 00 16 00 00 01 7A 00 00 00 05 00 00 
 00 00 00 00 00 01 
    IsEnEnabled(0x17a = 'GetCapability'): 1
 SWTPM_IO_Write: length 43
 80 01 00 00 00 2B 00 00 00 00 00 00 00 00 05 00 
 00 00 04 00 04 03 FF FF FF 00 0B 03 FF FF FF 00 
 0C 03 FF FF FF 00 0D 03 FF FF FF 
 SWTPM_IO_Read: length 18
 80 01 00 00 00 12 00 00 01 8A 00 25 00 06 00 80 
 00 43 
    IsEnEnabled(0x18a = 'TestParms'): 1
 SWTPM_IO_Write: length 10
 80 01 00 00 00 0A 00 00 00 00 
 SWTPM_IO_Read: length 20
 80 01 00 00 00 14 00 00 01 7E 00 00 00 01 00 04 
 03 80 00 00 
    IsEnEnabled(0x17e = 'PCR_Read'): 1
 SWTPM_IO_Write: length 50
 80 01 00 00 00 32 00 00 00 00 00 00 00 98 00 00 
 00 01 00 04 03 80 00 00 00 00 00 01 00 14 1D BF 
 FD 35 33 97 AF BE 91 B5 F9 0B FC 53 AF 84 D3 E6 
 B2 34 
 SWTPM_IO_Read: length 20
 80 01 00 00 00 14 00 00 01 7E 00 00 00 01 00 0B 
 03 80 00 00 
    IsEnEnabled(0x17e = 'PCR_Read'): 1
 SWTPM_IO_Write: length 62
 80 01 00 00 00 3E 00 00 00 00 00 00 00 98 00 00 
 00 01 00 0B 03 80 00 00 00 00 00 01 00 20 12 7C 
 18 EB A2 30 0E 30 76 7F AF E7 1F 4E 59 75 77 6F 
 66 5D 22 C7 CA 90 17 C7 C2 48 46 B9 6F A1 
 SWTPM_IO_Read: length 20
 80 01 00 00 00 14 00 00 01 7E 00 00 00 01 00 0B 
 03 80 00 00 
    IsEnEnabled(0x17e = 'PCR_Read'): 1
 SWTPM_IO_Write: length 62
 80 01 00 00 00 3E 00 00 00 00 00 00 00 98 00 00 
 00 01 00 0B 03 80 00 00 00 00 00 01 00 20 12 7C 
 18 EB A2 30 0E 30 76 7F AF E7 1F 4E 59 75 77 6F 
 66 5D 22 C7 CA 90 17 C7 C2 48 46 B9 6F A1 
 SWTPM_IO_Read: length 22
 80 01 00 00 00 16 00 00 01 7A 00 00 00 01 81 00 
 00 01 00 00 00 01 
    IsEnEnabled(0x17a = 'GetCapability'): 1
 SWTPM_IO_Write: length 23
 80 01 00 00 00 17 00 00 00 00 00 00 00 00 01 00 
 00 00 01 81 00 00 01 
 SWTPM_IO_Read: length 14
 80 01 00 00 00 0E 00 00 01 73 81 00 00 01 
    IsEnEnabled(0x173 = 'ReadPublic'): 1
 SWTPM_IO_Write: length 174
 80 01 00 00 00 AE 00 00 00 00 00 5A 00 23 00 0B 
 00 03 04 72 00 00 00 06 00 80 00 43 00 10 00 03 
 00 10 00 20 CF 1F 95 79 C9 8E 96 85 12 E9 51 83 
 F6 A3 BC E9 40 54 99 4F F6 85 D2 03 93 9B 10 48 
 C4 3A 3F BB 00 20 DC 5B 38 69 9E 53 01 B0 FC 6B 
 8A 89 78 65 43 33 C2 4D D6 61 2C B7 4B 7F 15 0C 
 7C C8 C0 B5 6B BE 00 22 00 0B BB D6 FA B2 C1 55 
 97 9A F0 59 40 19 C6 96 20 2D FB 9F 1D 1B 1B 59 
 EE 0A C8 9E 3B D5 F2 D8 77 6E 00 22 00 0B 47 60 
 16 3A 4B 80 D4 F2 05 EF 7D D8 C6 E5 DB F1 F2 E4 
 FC B7 51 5A C1 74 B6 DB DD 9A 67 CC 30 38 
 SWTPM_IO_Read: length 14
 80 01 00 00 00 0E 00 00 01 73 81 00 00 01 
    IsEnEnabled(0x173 = 'ReadPublic'): 1
 SWTPM_IO_Write: length 174
 80 01 00 00 00 AE 00 00 00 00 00 5A 00 23 00 0B 
 00 03 04 72 00 00 00 06 00 80 00 43 00 10 00 03 
 00 10 00 20 CF 1F 95 79 C9 8E 96 85 12 E9 51 83 
 F6 A3 BC E9 40 54 99 4F F6 85 D2 03 93 9B 10 48 
 C4 3A 3F BB 00 20 DC 5B 38 69 9E 53 01 B0 FC 6B 
 8A 89 78 65 43 33 C2 4D D6 61 2C B7 4B 7F 15 0C 
 7C C8 C0 B5 6B BE 00 22 00 0B BB D6 FA B2 C1 55 
 97 9A F0 59 40 19 C6 96 20 2D FB 9F 1D 1B 1B 59 
 EE 0A C8 9E 3B D5 F2 D8 77 6E 00 22 00 0B 47 60 
 16 3A 4B 80 D4 F2 05 EF 7D D8 C6 E5 DB F1 F2 E4 
 FC B7 51 5A C1 74 B6 DB DD 9A 67 CC 30 38 
 SWTPM_IO_Read: length 131
 80 01 00 00 00 83 00 00 01 76 81 00 00 01 40 00 
 00 07 00 20 F3 36 9F 17 07 CC 57 0E C5 B0 83 63 
 D6 1A 99 CF 72 35 A9 3B 04 32 AE 99 41 0F 98 D2 
 14 87 5D 68 00 44 00 20 AD E8 C4 67 C7 D2 E4 AC 
 D4 83 69 53 5F 7C A4 91 DA 8D 71 31 3F F1 F7 FD 
 F9 30 E4 83 37 39 12 4F 00 20 D6 59 A2 6C 92 E6 
 EA 32 54 66 1F C0 B0 81 39 DE B4 08 C6 4E EA A4 
 75 C9 3B CA 3C B7 EE 04 24 65 00 00 06 00 80 00 
 43 00 0B 
    IsEnEnabled(0x176 = 'StartAuthSession'): 1
 SWTPM_IO_Write: length 48
 80 01 00 00 00 30 00 00 00 00 02 00 00 00 00 20 
 2D 40 E4 26 53 37 DC E3 19 00 BD 40 15 38 3F 5B 
 BD 39 FB B6 3F EB D4 2C A7 C0 9A 26 EF 62 8F C8 
 SWTPM_IO_Read: length 14
 80 01 00 00 00 0E 00 00 01 62 02 00 00 00 
    IsEnEnabled(0x162 = 'ContextSave'): 1
 SWTPM_IO_Write: length 414
 80 01 00 00 01 9E 00 00 00 00 00 00 00 00 00 00 
 00 32 02 00 00 00 40 00 00 07 01 82 00 40 45 75 
 16 C7 59 7A 57 F8 36 D9 4D 1A A2 E1 7D 95 4D B2 
 50 86 CD 72 1F FD 83 00 8C 9D C0 3F 46 72 DD 53 
 FC 11 11 4A 5A BA 23 D0 F0 29 32 9F 02 82 1C 82 
 8E 90 3A 6A B4 F4 EA 07 41 30 48 A0 6D 14 24 A4 
 36 27 56 31 3C D5 FF D8 11 C6 8D 0F EC A2 A7 00 
 03 5F 15 17 8A C0 63 51 94 06 FC 89 AB BC 4A 17 
 19 DD 09 8A 32 AC 0D 96 BF AE 00 7E AC 96 38 57 
 FC A6 FA AD 97 DD 1A F7 5E 2A 1D 6E 67 95 B8 9A 
 03 EB 36 00 66 1C 98 9C C0 E3 8A 64 FA 15 10 40 
 C7 B4 B9 07 DF 61 BE F5 C6 D5 20 6A A4 75 DB F0 
 36 39 CB F6 AD AE D1 0C 43 EC CF 8E 5F 1E AD 8C 
 54 5D 89 28 46 1C 23 78 9D 93 78 57 60 6A 94 02 
 57 58 07 59 6C 41 18 EA 41 2F 4A CE B3 54 37 8D 
 9F D2 BA B3 2A 30 80 76 B4 70 3C AA 99 C7 0C 71 
 BD D2 48 F2 CD 65 92 14 85 9B 29 4C 6E 09 30 83 
 1F 73 FF 44 41 56 71 94 AE 1B 2F 98 07 68 BC D3 
 E6 A9 3A 75 8C 1B 3C B4 67 C1 1A 96 DB D8 C5 87 
 F2 56 CE F3 14 A6 A2 D6 36 F3 D2 7E F3 65 63 49 
 D8 48 A2 73 D6 EC 4E 8B 6E A1 CB 5A 5B 39 CE C5 
 FA 98 6F D5 65 DE 67 8C D5 5F 8A 38 2F 69 7D F1 
 67 9F FD F1 2C 58 4D D4 F0 9B 28 C1 60 83 F7 0A 
 90 1D 46 66 E6 67 10 7D 12 D3 2F BD 3D CE BA 63 
 6D 3A A1 91 DB F5 CE 65 09 2E 1B 50 CA DA A5 62 
 19 15 F1 EB E7 97 5B 55 B6 0C 47 7D 70 4A 
 SWTPM_IO_Read: length 414
 80 01 00 00 01 9E 00 00 01 61 00 00 00 00 00 00 
 00 32 02 00 00 00 40 00 00 07 01 82 00 40 45 75 
 16 C7 59 7A 57 F8 36 D9 4D 1A A2 E1 7D 95 4D B2 
 50 86 CD 72 1F FD 83 00 8C 9D C0 3F 46 72 DD 53 
 FC 11 11 4A 5A BA 23 D0 F0 29 32 9F 02 82 1C 82 
 8E 90 3A 6A B4 F4 EA 07 41 30 48 A0 6D 14 24 A4 
 36 27 56 31 3C D5 FF D8 11 C6 8D 0F EC A2 A7 00 
 03 5F 15 17 8A C0 63 51 94 06 FC 89 AB BC 4A 17 
 19 DD 09 8A 32 AC 0D 96 BF AE 00 7E AC 96 38 57 
 FC A6 FA AD 97 DD 1A F7 5E 2A 1D 6E 67 95 B8 9A 
 03 EB 36 00 66 1C 98 9C C0 E3 8A 64 FA 15 10 40 
 C7 B4 B9 07 DF 61 BE F5 C6 D5 20 6A A4 75 DB F0 
 36 39 CB F6 AD AE D1 0C 43 EC CF 8E 5F 1E AD 8C 
 54 5D 89 28 46 1C 23 78 9D 93 78 57 60 6A 94 02 
 57 58 07 59 6C 41 18 EA 41 2F 4A CE B3 54 37 8D 
 9F D2 BA B3 2A 30 80 76 B4 70 3C AA 99 C7 0C 71 
 BD D2 48 F2 CD 65 92 14 85 9B 29 4C 6E 09 30 83 
 1F 73 FF 44 41 56 71 94 AE 1B 2F 98 07 68 BC D3 
 E6 A9 3A 75 8C 1B 3C B4 67 C1 1A 96 DB D8 C5 87 
 F2 56 CE F3 14 A6 A2 D6 36 F3 D2 7E F3 65 63 49 
 D8 48 A2 73 D6 EC 4E 8B 6E A1 CB 5A 5B 39 CE C5 
 FA 98 6F D5 65 DE 67 8C D5 5F 8A 38 2F 69 7D F1 
 67 9F FD F1 2C 58 4D D4 F0 9B 28 C1 60 83 F7 0A 
 90 1D 46 66 E6 67 10 7D 12 D3 2F BD 3D CE BA 63 
 6D 3A A1 91 DB F5 CE 65 09 2E 1B 50 CA DA A5 62 
 19 15 F1 EB E7 97 5B 55 B6 0C 47 7D 70 4A 
    IsEnEnabled(0x161 = 'ContextLoad'): 1
 SWTPM_IO_Write: length 14
 80 01 00 00 00 0E 00 00 00 00 02 00 00 00 
 SWTPM_IO_Read: length 183
 80 02 00 00 00 B7 00 00 01 53 81 00 00 01 00 00 
 00 49 02 00 00 00 00 20 0C 1A 3F C6 30 27 7A F5 
 2C 83 49 77 E7 A4 00 E7 08 10 CF BF 27 B1 32 AA 
 71 2D 70 28 92 CB EA CB 61 00 20 05 41 F7 62 13 
 E8 35 EF 6C 0F CD 50 BA 75 12 D8 8E 14 39 51 C4 
 20 0D 12 A3 F8 EA E8 A3 A2 C8 D6 00 24 8E 8F 2B 
 11 69 B4 9F 70 11 76 F9 29 58 9C 02 6B F9 83 79 
 86 B4 A6 46 AE 88 DC E3 DC 67 42 6F 4A 00 7F 5B 
 77 00 2E 00 08 00 0B 00 00 04 12 00 20 8C 3D 9B 
 87 D9 B8 F1 BA BA BE AB D7 0D CB D3 E3 A3 4C C2 
 A8 5F 70 02 DB 5E 28 2F 48 BD EE 16 17 00 10 00 
 00 00 00 00 00 00 00 
    IsEnEnabled(0x153 = 'Create'): 1
 SWTPM_IO_Write: length 546
 80 02 00 00 02 22 00 00 00 00 00 00 01 CF 00 9E 
 96 99 7D 6B 98 E1 24 18 8F B8 9B 3D E9 09 49 14 
 0E 1F 50 17 73 9F FC C5 68 6A 89 85 96 80 23 10 
 53 FF 7B A3 26 BE A9 DA 6A C0 97 DE 44 E2 DB 2D 
 40 3A 5C 2C E4 C6 4A FD DD 5A EE BD 21 88 A5 6B 
 17 76 F1 27 AC 06 7B DC 75 66 07 20 56 EC 9F 17 
 0C 16 67 01 7C 34 42 B4 EC 9E 79 CA 79 9A C7 26 
 FB B4 B0 AA D4 A8 E6 19 EA CD EA 8C C4 6B D9 BA 
 3E FA A5 9E ED 74 7D 32 38 4F A8 E2 76 38 8F F2 
 FA 16 C9 FC A0 E7 CF 3B 95 53 76 0E 8D 77 8D 1E 
 6C 2A A2 2A 25 B2 90 45 D0 36 A2 CD AD 98 00 4E 
 00 08 00 0B 00 00 04 12 00 20 8C 3D 9B 87 D9 B8 
 F1 BA BA BE AB D7 0D CB D3 E3 A3 4C C2 A8 5F 70 
 02 DB 5E 28 2F 48 BD EE 16 17 00 10 00 20 22 A7 
 27 93 7D 90 F4 D8 86 71 42 A7 59 7F EE E9 03 B4 
 9C E4 84 8A 66 C5 8F 6E E3 D3 5F 39 B3 44 00 73 
 00 00 00 00 00 20 E3 B0 C4 42 98 FC 1C 14 9A FB 
 F4 C8 99 6F B9 24 27 AE 41 E4 64 9B 93 4C A4 95 
 99 1B 78 52 B8 55 01 00 0B 00 22 00 0B BB D6 FA 
 B2 C1 55 97 9A F0 59 40 19 C6 96 20 2D FB 9F 1D 
 1B 1B 59 EE 0A C8 9E 3B D5 F2 D8 77 6E 00 22 00 
 0B 47 60 16 3A 4B 80 D4 F2 05 EF 7D D8 C6 E5 DB 
 F1 F2 E4 FC B7 51 5A C1 74 B6 DB DD 9A 67 CC 30 
 38 00 00 00 20 CE 54 A2 ED E6 E5 B6 60 41 FA BD 
 4E 38 6B 6E 45 B2 D0 AE 1D 7A B2 DA 56 AE 9C A8 
 82 86 6E 3D 74 80 21 40 00 00 01 00 40 F7 AA 26 
 A9 41 6C 69 BA 15 8D E8 A8 C0 AE 6B 9F D7 02 91 
 55 A4 51 CA 28 D5 C7 62 A3 A9 1C 45 00 FF 5A 9F 
 BB 2A 14 E1 1B 76 F2 3F 93 77 18 D0 6E 0B A4 C3 
 BB E2 DC A7 7C E1 C5 F4 D7 1A 31 FF 8F 00 20 29 
 93 76 3B 8D BD D0 F4 B3 52 53 F1 BD 2E 3A EE 68 
 A7 65 97 E2 61 4B 68 D1 5B EA D5 1A 1B B3 68 61 
 00 20 AA 1C B9 47 14 86 9A DC 15 C8 DB AA 96 C0 
 40 44 A2 C3 8E 23 57 F3 01 23 63 CB B3 D2 6C 8B 
 71 24 
 SWTPM_IO_Read: length 14
 80 01 00 00 00 0E 00 00 01 62 02 00 00 00 
    IsEnEnabled(0x162 = 'ContextSave'): 1
 SWTPM_IO_Write: length 414
 80 01 00 00 01 9E 00 00 00 00 00 00 00 00 00 00 
 00 33 02 00 00 00 40 00 00 07 01 82 00 40 55 E6 
 43 E5 AC CD 01 CE 27 FE 9E DB D3 F7 AC 82 B9 D3 
 78 E0 15 55 F3 E0 CA D1 A9 4B 54 F3 1B DE BC A0 
 86 FC 24 A0 E0 CD E9 C2 3A C9 9B 2E 36 A3 5A 3E 
 6A D2 02 15 33 3B A3 92 19 91 B9 9B 3B B3 91 C4 
 55 35 F8 02 9B C8 1E 9A EC C1 5E 92 93 92 C1 91 
 A6 64 FE F4 9D 47 0B C6 EF 7B 0B 5B 85 77 41 EC 
 5C 10 D1 24 E6 87 86 85 B6 30 BA 5F 14 BE C9 4D 
 0F B4 7B 96 68 AF 4D F3 1A 2D 40 84 97 CE 37 9B 
 D2 AD BA 2A 3C D6 67 9A 40 9F FB C5 82 0A 84 84 
 F7 F3 7D 3D E1 2B F1 77 B3 0C A7 66 8D 4A 46 56 
 CA 9E E5 85 EC CC FA D1 14 7A C2 E8 C5 DB D8 5F 
 83 EA 0E 4B 89 04 F1 3D EB 94 2F 0D 2C 5C 3A 12 
 E4 90 F5 5C 5C DE 19 E9 9C D6 F1 A2 BB 7E 49 4C 
 F2 61 44 BA FE 12 A3 8F 06 5A B7 21 86 DD 71 C2 
 2B B6 4A E6 22 D2 49 7D 27 72 42 60 8F 39 4B DC 
 B6 29 2E 9B 85 A9 68 2F FC 04 54 D8 03 65 B0 89 
 6E EA AD 90 CB 35 FB 6C D3 95 73 C1 EF 75 00 99 
 C1 D3 8C 1D 12 94 8C C7 2B FF 64 5F C3 B2 66 55 
 E9 17 2C D8 FB 34 ED 3E D7 1C 76 11 C0 B8 2B F3 
 3A 0F C2 E2 39 7A 7D 7D 13 EA ED 4A FF CE F2 E2 
 8A 50 AE 4C A4 17 CC A0 58 7C CC 15 87 80 FB 37 
 13 21 26 FF 2F B6 49 41 84 D0 20 94 8F 54 51 54 
 7A 51 92 A8 3C 60 87 CC 53 CC BF 76 82 FD 0E 7D 
 82 58 EB CA AD 44 D8 FF AF 2A 9B 85 77 D8 
 SWTPM_IO_Read: length 414
 80 01 00 00 01 9E 00 00 01 61 00 00 00 00 00 00 
 00 33 02 00 00 00 40 00 00 07 01 82 00 40 55 E6 
 43 E5 AC CD 01 CE 27 FE 9E DB D3 F7 AC 82 B9 D3 
 78 E0 15 55 F3 E0 CA D1 A9 4B 54 F3 1B DE BC A0 
 86 FC 24 A0 E0 CD E9 C2 3A C9 9B 2E 36 A3 5A 3E 
 6A D2 02 15 33 3B A3 92 19 91 B9 9B 3B B3 91 C4 
 55 35 F8 02 9B C8 1E 9A EC C1 5E 92 93 92 C1 91 
 A6 64 FE F4 9D 47 0B C6 EF 7B 0B 5B 85 77 41 EC 
 5C 10 D1 24 E6 87 86 85 B6 30 BA 5F 14 BE C9 4D 
 0F B4 7B 96 68 AF 4D F3 1A 2D 40 84 97 CE 37 9B 
 D2 AD BA 2A 3C D6 67 9A 40 9F FB C5 82 0A 84 84 
 F7 F3 7D 3D E1 2B F1 77 B3 0C A7 66 8D 4A 46 56 
 CA 9E E5 85 EC CC FA D1 14 7A C2 E8 C5 DB D8 5F 
 83 EA 0E 4B 89 04 F1 3D EB 94 2F 0D 2C 5C 3A 12 
 E4 90 F5 5C 5C DE 19 E9 9C D6 F1 A2 BB 7E 49 4C 
 F2 61 44 BA FE 12 A3 8F 06 5A B7 21 86 DD 71 C2 
 2B B6 4A E6 22 D2 49 7D 27 72 42 60 8F 39 4B DC 
 B6 29 2E 9B 85 A9 68 2F FC 04 54 D8 03 65 B0 89 
 6E EA AD 90 CB 35 FB 6C D3 95 73 C1 EF 75 00 99 
 C1 D3 8C 1D 12 94 8C C7 2B FF 64 5F C3 B2 66 55 
 E9 17 2C D8 FB 34 ED 3E D7 1C 76 11 C0 B8 2B F3 
 3A 0F C2 E2 39 7A 7D 7D 13 EA ED 4A FF CE F2 E2 
 8A 50 AE 4C A4 17 CC A0 58 7C CC 15 87 80 FB 37 
 13 21 26 FF 2F B6 49 41 84 D0 20 94 8F 54 51 54 
 7A 51 92 A8 3C 60 87 CC 53 CC BF 76 82 FD 0E 7D 
 82 58 EB CA AD 44 D8 FF AF 2A 9B 85 77 D8 
    IsEnEnabled(0x161 = 'ContextLoad'): 1
 SWTPM_IO_Write: length 14
 80 01 00 00 00 0E 00 00 00 00 02 00 00 00 
 SWTPM_IO_Read: length 14
 80 01 00 00 00 0E 00 00 01 65 02 00 00 00 
    IsEnEnabled(0x165 = 'FlushContext'): 1
 SWTPM_IO_Write: length 10
 80 01 00 00 00 0A 00 00 00 00 
 SWTPM_IO_Read: length 14
 80 01 00 00 00 0E 00 00 01 62 02 00 00 00 
    IsEnEnabled(0x162 = 'ContextSave'): 1
 SWTPM_IO_Write: length 10
 80 01 00 00 00 0A 00 00 09 10 
 SWTPM_IO_Read: length 267
 80 02 00 00 01 0B 00 00 01 57 81 00 00 01 00 00 
 00 09 40 00 00 09 00 00 00 00 00 00 9E 00 20 C0 
 E0 E4 E4 57 A5 D7 B5 79 1E A1 50 89 19 18 55 3D 
 25 1B 22 2F AA F8 25 87 13 B0 7C 53 03 A8 E0 00 
 10 6F 1B 4C 6B 98 3E 4D 73 55 E9 94 C8 33 10 BA 
 58 E9 EB DA 1F F7 63 55 5B EC FB 24 20 25 B6 C6 
 33 71 67 27 80 79 21 34 66 93 AD 83 D8 84 FA 84 
 DF 7E AB 67 94 A2 09 10 8B BF 42 12 38 E6 56 E5 
 E3 CA 8A 05 A2 AF 72 9D 25 AD 0D 43 A0 77 0D 21 
 C8 BE 03 34 29 1D 29 96 B3 33 40 DA 80 CD 31 F2 
 F1 DE 41 B2 12 45 EA C4 CE B2 C2 73 A3 09 E8 91 
 7F 1C 52 09 37 C5 1A 6D E4 C5 D5 00 4E 00 08 00 
 0B 00 00 04 12 00 20 8C 3D 9B 87 D9 B8 F1 BA BA 
 BE AB D7 0D CB D3 E3 A3 4C C2 A8 5F 70 02 DB 5E 
 28 2F 48 BD EE 16 17 00 10 00 20 22 A7 27 93 7D 
 90 F4 D8 86 71 42 A7 59 7F EE E9 03 B4 9C E4 84 
 8A 66 C5 8F 6E E3 D3 5F 39 B3 44 
    IsEnEnabled(0x157 = 'Load'): 1
 SWTPM_IO_Write: length 59
 80 02 00 00 00 3B 00 00 00 00 80 00 00 01 00 00 
 00 24 00 22 00 0B 98 16 E1 A6 DE AB C9 CC 2B 83 
 80 63 7B 0C 88 19 EC AB 1E DE 7F 67 E1 61 D9 E3 
 BD E8 44 68 4C 70 00 00 01 00 00 
 SWTPM_IO_Read: length 14
 80 01 00 00 00 0E 00 00 01 62 80 00 00 01 
    IsEnEnabled(0x162 = 'ContextSave'): 1
 SWTPM_IO_Write: length 456
 80 01 00 00 01 C8 00 00 00 00 00 00 00 00 00 00 
 00 5F 80 00 00 00 40 00 00 01 01 AC 00 40 B4 4A 
 E0 75 E2 FC 63 F8 EC 7C CC CE 6F 81 F1 81 16 D4 
 4F F9 A4 B7 5B 15 13 F2 79 6C 18 57 25 C0 E2 44 
 F8 42 EE B5 36 31 0B 91 78 E5 7C 0D 19 12 2A 83 
 82 78 B3 A0 17 BC 1D DD 58 7D 01 2F E4 D5 41 56 
 7B AF FB 70 86 1B 66 B9 07 32 CB 0E F2 02 99 BB 
 21 68 9C B5 E7 35 F4 5A 68 A7 85 CB 2E 1C DE 34 
 95 E5 3D 87 64 04 96 C1 8A E1 8A C3 20 54 B5 01 
 EC 46 6B 6F 07 5F EB 40 4C 68 49 B1 95 15 96 10 
 66 56 58 C9 46 47 A3 84 D5 48 77 05 AF 75 5F 09 
 6E C7 FD B0 7D 31 F4 25 F8 90 38 D3 BA 1D 47 50 
 E8 A0 BA 9F B1 A7 5E B2 BA 3A 74 64 57 0A 11 5F 
 F1 1B FF 93 FA 05 E1 F8 96 AD C1 A2 D3 A3 57 02 
 7E 59 5F 27 D1 B3 81 EC 2D 4C BA 37 94 00 6B A5 
 73 99 FF EE D3 36 32 F1 85 38 A5 45 84 C6 37 71 
 72 5D E4 28 A9 3B 3E C1 F4 77 AB 97 AC BF 27 38 
 98 21 D1 D3 42 F9 E5 20 67 80 9F 7A FC DB 5D 5F 
 D2 D8 CE 1D 5A 3A D3 B2 DF CC 80 AF 9C D4 A7 1A 
 B0 DB 63 95 C2 04 CE F8 EA 51 6A 60 29 30 73 E3 
 39 70 0A D6 B3 54 99 68 6B 4D 9E A1 A2 04 63 7E 
 8B FD 1A 5E 13 15 F1 FF 49 40 7B DA 56 63 28 A4 
 6A 75 43 7B DC 7C 34 E1 F0 9E 69 70 09 8C 9A 85 
 A8 7E 0B 25 6D 72 30 E9 91 FA 3A C6 4E D0 EF 4D 
 0E C0 5B 81 D9 CA 0C 07 30 A9 5B 21 D0 18 C4 B9 
 AD 5B 1E 29 FD 2C CB EE 70 9F C5 75 42 74 8C 71 
 96 51 9B E8 2F 96 4C 76 7E 80 28 5B 9B 2F A3 4E 
 05 7F 16 AB 0A FD F7 F7 EF 9B B3 FE A4 63 3C EC 
 D0 19 70 08 7C E3 9B 0A 
 SWTPM_IO_Read: length 14
 80 01 00 00 00 0E 00 00 01 65 80 00 00 01 
    IsEnEnabled(0x165 = 'FlushContext'): 1
 SWTPM_IO_Write: length 10
 80 01 00 00 00 0A 00 00 00 00 
 SWTPM_IO_Read: length 456
 80 01 00 00 01 C8 00 00 01 61 00 00 00 00 00 00 
 00 5F 80 00 00 00 40 00 00 01 01 AC 00 40 B4 4A 
 E0 75 E2 FC 63 F8 EC 7C CC CE 6F 81 F1 81 16 D4 
 4F F9 A4 B7 5B 15 13 F2 79 6C 18 57 25 C0 E2 44 
 F8 42 EE B5 36 31 0B 91 78 E5 7C 0D 19 12 2A 83 
 82 78 B3 A0 17 BC 1D DD 58 7D 01 2F E4 D5 41 56 
 7B AF FB 70 86 1B 66 B9 07 32 CB 0E F2 02 99 BB 
 21 68 9C B5 E7 35 F4 5A 68 A7 85 CB 2E 1C DE 34 
 95 E5 3D 87 64 04 96 C1 8A E1 8A C3 20 54 B5 01 
 EC 46 6B 6F 07 5F EB 40 4C 68 49 B1 95 15 96 10 
 66 56 58 C9 46 47 A3 84 D5 48 77 05 AF 75 5F 09 
 6E C7 FD B0 7D 31 F4 25 F8 90 38 D3 BA 1D 47 50 
 E8 A0 BA 9F B1 A7 5E B2 BA 3A 74 64 57 0A 11 5F 
 F1 1B FF 93 FA 05 E1 F8 96 AD C1 A2 D3 A3 57 02 
 7E 59 5F 27 D1 B3 81 EC 2D 4C BA 37 94 00 6B A5 
 73 99 FF EE D3 36 32 F1 85 38 A5 45 84 C6 37 71 
 72 5D E4 28 A9 3B 3E C1 F4 77 AB 97 AC BF 27 38 
 98 21 D1 D3 42 F9 E5 20 67 80 9F 7A FC DB 5D 5F 
 D2 D8 CE 1D 5A 3A D3 B2 DF CC 80 AF 9C D4 A7 1A 
 B0 DB 63 95 C2 04 CE F8 EA 51 6A 60 29 30 73 E3 
 39 70 0A D6 B3 54 99 68 6B 4D 9E A1 A2 04 63 7E 
 8B FD 1A 5E 13 15 F1 FF 49 40 7B DA 56 63 28 A4 
 6A 75 43 7B DC 7C 34 E1 F0 9E 69 70 09 8C 9A 85 
 A8 7E 0B 25 6D 72 30 E9 91 FA 3A C6 4E D0 EF 4D 
 0E C0 5B 81 D9 CA 0C 07 30 A9 5B 21 D0 18 C4 B9 
 AD 5B 1E 29 FD 2C CB EE 70 9F C5 75 42 74 8C 71 
 96 51 9B E8 2F 96 4C 76 7E 80 28 5B 9B 2F A3 4E 
 05 7F 16 AB 0A FD F7 F7 EF 9B B3 FE A4 63 3C EC 
 D0 19 70 08 7C E3 9B 0A 
    IsEnEnabled(0x161 = 'ContextLoad'): 1
 SWTPM_IO_Write: length 14
 80 01 00 00 00 0E 00 00 00 00 80 00 00 00 
 SWTPM_IO_Read: length 131
 80 01 00 00 00 83 00 00 01 76 81 00 00 01 80 00 
 00 00 00 20 EA D4 0E 59 D7 FD D7 DA A7 A8 2F D3 
 CB 55 43 0F B6 A4 85 40 4D E1 57 96 5A 9D CE F9 
 3F A8 B5 0C 00 44 00 20 8C 57 F6 2A A5 4A 64 81 
 A9 AF 42 72 49 EB 73 96 F3 66 97 46 71 12 0E 7C 
 C8 74 FB 08 1F 0D 98 6F 00 20 1E 2C 9E 78 5C BF 
 37 21 DD 5B 1C C7 79 BA BA EA A8 93 F0 FA 09 29 
 05 48 F5 6B 81 B6 A7 DE AA 0A 00 00 06 00 80 00 
 43 00 0B 
    IsEnEnabled(0x176 = 'StartAuthSession'): 1
 SWTPM_IO_Write: length 48
 80 01 00 00 00 30 00 00 00 00 02 00 00 00 00 20 
 F4 85 80 DD 8C 1B 15 4C EE 04 A7 C8 2F 44 FA 9B 
 18 7C 73 1C 66 91 B3 1A 1C C5 90 FA 49 21 1C 5D 
 SWTPM_IO_Read: length 14
 80 01 00 00 00 0E 00 00 01 62 80 00 00 00 
    IsEnEnabled(0x162 = 'ContextSave'): 1
 SWTPM_IO_Write: length 456
 80 01 00 00 01 C8 00 00 00 00 00 00 00 00 00 00 
 00 60 80 00 00 00 40 00 00 01 01 AC 00 40 00 EB 
 43 24 E3 7E B2 3A BF CD 29 21 C9 1E 1B 6D A3 40 
 85 08 9F 91 DF EE E1 F8 18 A4 CF 08 88 DC 9F 3E 
 5C 40 CC E7 74 99 03 94 B0 93 FE 15 C5 2B 89 59 
 4C 0F D1 3B 56 B2 4B A2 48 F4 5F F3 31 4F C0 6E 
 F2 5A 7E E5 6D A4 E1 82 49 15 75 6A 65 44 BE 1A 
 29 6F D0 65 3C 14 E4 37 38 6A DD D2 99 74 B1 E5 
 3D B8 DA A0 53 DB 33 69 6E 87 14 6B 69 3A AF 17 
 B0 04 E9 65 4C DC 79 20 15 03 64 45 5B 1A 04 BB 
 94 CA E8 6B B5 0F 45 F9 32 20 B3 42 A7 0B 5B F6 
 A1 7F 80 31 80 1B 31 A3 1E C8 81 09 C4 29 88 36 
 1C E8 BD 96 08 E3 36 53 57 25 4B 21 B1 80 F1 CE 
 B0 82 6A BD 31 FD 56 9B 65 19 CE 7B A3 BD 55 0A 
 E1 C2 61 83 8A 71 8D DF D7 60 E1 B7 E9 5E 70 B2 
 3A 79 67 3B ED A5 CD 64 7F 42 AA 21 1D 71 7E D5 
 7F 3B 30 E0 EC 5D FA A2 A3 06 89 62 61 A5 81 62 
 C2 79 E5 88 6B 43 23 D5 9A 67 1E 1E 8D CA 31 38 
 B1 F3 BC 04 E1 12 D4 20 D5 88 FC 4E 01 F3 3E FB 
 99 88 E5 01 DC 5D 0A A2 4F DD 10 73 64 C1 15 E5 
 9D FB 26 FB EB 60 29 3E D1 62 4D 02 CD DC 11 E1 
 FA A5 C8 4B 87 0E D6 D1 21 F5 68 D9 06 A7 97 B7 
 F3 2F E2 30 E4 43 EB A1 F2 5A F9 84 74 64 F1 CF 
 85 E1 AB B1 89 81 CD 88 EE E4 2E B9 11 88 59 6A 
 C9 9D 41 DA E3 FA BF 53 D0 88 EE 55 35 3F F0 EC 
 D1 CA 2D FD DB A6 7E 52 F5 1D B8 CB 7A 8E B5 B6 
 C0 A9 8B 70 E6 D1 F4 76 82 48 02 60 1F 9F 3C 40 
 72 57 78 AC 0A E2 8F 99 DC C9 0F 9B EF 7F 68 AA 
 2C 46 3F 27 86 51 B7 49 
 SWTPM_IO_Read: length 14
 80 01 00 00 00 0E 00 00 01 65 80 00 00 00 
    IsEnEnabled(0x165 = 'FlushContext'): 1
 SWTPM_IO_Write: length 10
 80 01 00 00 00 0A 00 00 00 00 
 SWTPM_IO_Read: length 14
 80 01 00 00 00 0E 00 00 01 62 02 00 00 00 
    IsEnEnabled(0x162 = 'ContextSave'): 1
 SWTPM_IO_Write: length 414
 80 01 00 00 01 9E 00 00 00 00 00 00 00 00 00 00 
 00 34 02 00 00 00 40 00 00 07 01 82 00 40 2A E8 
 1F B0 31 92 AB D2 BD 45 C0 3B CB 42 FE F5 A3 A6 
 73 F5 AF 0E A3 C1 F0 CC 6E 03 74 EE 23 8D F8 6D 
 FB E2 F3 25 D4 48 B4 50 2D 16 B4 46 C7 97 8A D5 
 4D 58 6C 23 39 97 7B C8 CE E3 A4 EC 86 12 C2 C2 
 E4 88 3E DE 31 3D DE 37 12 AE 40 A9 A1 EC CC 9A 
 57 40 25 69 BE 95 F3 47 FB D6 BB C8 19 86 91 C5 
 67 3B BB 81 32 70 3E 3F 46 12 A5 A5 7D 0F 37 AD 
 6E 3D C3 13 10 E4 47 F7 EC 37 8D 15 53 B4 91 41 
 A0 B3 C7 82 FA B8 7F A2 D0 8D F5 35 CB 88 BA C8 
 76 32 BF 1C 22 6C 3C AE 0A D3 54 E2 8B 8B 68 0A 
 0B 28 FC AB D9 86 B9 25 B9 2A 11 91 AC 24 5F 02 
 6E 89 05 66 6D 6C A7 87 BF 9D 6D 84 BB 0C EE 10 
 CA B4 C5 C9 F9 74 BD 40 C5 17 C3 68 07 E2 0F 88 
 60 EF 11 B2 5B 8E 24 E0 8A 0D AB 7D 24 86 9F 13 
 0E ED 29 10 78 0A 06 1A FC 42 E9 38 42 23 9D 68 
 2F FD 3D 1F 84 57 FE 21 7A 2B 01 D7 3E 9E 57 42 
 CA B4 2C FF 4C 11 BC 65 FE 94 6D A8 86 5A 81 16 
 F2 99 E8 42 C9 93 C6 D6 9E 96 B5 BD 75 C0 BE F4 
 36 69 C8 39 26 46 EE 72 4A 49 B5 E0 D2 9E 18 87 
 D8 23 DE 69 A2 C9 28 58 E3 AF 59 B2 9E 05 D5 15 
 07 C1 09 4B A3 B1 6C 52 C6 39 07 A5 B1 E5 75 1A 
 C5 FA 3D 58 F3 89 D7 EA AF 92 14 86 C0 38 2D C7 
 DF 65 6E A6 C6 59 8D 4E 18 C2 81 B1 B4 80 F0 CD 
 FB 86 5D FA 7B 34 4F 5F D0 01 B6 4F 24 8F 
 SWTPM_IO_Read: length 456
 80 01 00 00 01 C8 00 00 01 61 00 00 00 00 00 00 
 00 60 80 00 00 00 40 00 00 01 01 AC 00 40 00 EB 
 43 24 E3 7E B2 3A BF CD 29 21 C9 1E 1B 6D A3 40 
 85 08 9F 91 DF EE E1 F8 18 A4 CF 08 88 DC 9F 3E 
 5C 40 CC E7 74 99 03 94 B0 93 FE 15 C5 2B 89 59 
 4C 0F D1 3B 56 B2 4B A2 48 F4 5F F3 31 4F C0 6E 
 F2 5A 7E E5 6D A4 E1 82 49 15 75 6A 65 44 BE 1A 
 29 6F D0 65 3C 14 E4 37 38 6A DD D2 99 74 B1 E5 
 3D B8 DA A0 53 DB 33 69 6E 87 14 6B 69 3A AF 17 
 B0 04 E9 65 4C DC 79 20 15 03 64 45 5B 1A 04 BB 
 94 CA E8 6B B5 0F 45 F9 32 20 B3 42 A7 0B 5B F6 
 A1 7F 80 31 80 1B 31 A3 1E C8 81 09 C4 29 88 36 
 1C E8 BD 96 08 E3 36 53 57 25 4B 21 B1 80 F1 CE 
 B0 82 6A BD 31 FD 56 9B 65 19 CE 7B A3 BD 55 0A 
 E1 C2 61 83 8A 71 8D DF D7 60 E1 B7 E9 5E 70 B2 
 3A 79 67 3B ED A5 CD 64 7F 42 AA 21 1D 71 7E D5 
 7F 3B 30 E0 EC 5D FA A2 A3 06 89 62 61 A5 81 62 
 C2 79 E5 88 6B 43 23 D5 9A 67 1E 1E 8D CA 31 38 
 B1 F3 BC 04 E1 12 D4 20 D5 88 FC 4E 01 F3 3E FB 
 99 88 E5 01 DC 5D 0A A2 4F DD 10 73 64 C1 15 E5 
 9D FB 26 FB EB 60 29 3E D1 62 4D 02 CD DC 11 E1 
 FA A5 C8 4B 87 0E D6 D1 21 F5 68 D9 06 A7 97 B7 
 F3 2F E2 30 E4 43 EB A1 F2 5A F9 84 74 64 F1 CF 
 85 E1 AB B1 89 81 CD 88 EE E4 2E B9 11 88 59 6A 
 C9 9D 41 DA E3 FA BF 53 D0 88 EE 55 35 3F F0 EC 
 D1 CA 2D FD DB A6 7E 52 F5 1D B8 CB 7A 8E B5 B6 
 C0 A9 8B 70 E6 D1 F4 76 82 48 02 60 1F 9F 3C 40 
 72 57 78 AC 0A E2 8F 99 DC C9 0F 9B EF 7F 68 AA 
 2C 46 3F 27 86 51 B7 49 
    IsEnEnabled(0x161 = 'ContextLoad'): 1
 SWTPM_IO_Write: length 14
 80 01 00 00 00 0E 00 00 00 00 80 00 00 00 
 SWTPM_IO_Read: length 414
 80 01 00 00 01 9E 00 00 01 61 00 00 00 00 00 00 
 00 34 02 00 00 00 40 00 00 07 01 82 00 40 2A E8 
 1F B0 31 92 AB D2 BD 45 C0 3B CB 42 FE F5 A3 A6 
 73 F5 AF 0E A3 C1 F0 CC 6E 03 74 EE 23 8D F8 6D 
 FB E2 F3 25 D4 48 B4 50 2D 16 B4 46 C7 97 8A D5 
 4D 58 6C 23 39 97 7B C8 CE E3 A4 EC 86 12 C2 C2 
 E4 88 3E DE 31 3D DE 37 12 AE 40 A9 A1 EC CC 9A 
 57 40 25 69 BE 95 F3 47 FB D6 BB C8 19 86 91 C5 
 67 3B BB 81 32 70 3E 3F 46 12 A5 A5 7D 0F 37 AD 
 6E 3D C3 13 10 E4 47 F7 EC 37 8D 15 53 B4 91 41 
 A0 B3 C7 82 FA B8 7F A2 D0 8D F5 35 CB 88 BA C8 
 76 32 BF 1C 22 6C 3C AE 0A D3 54 E2 8B 8B 68 0A 
 0B 28 FC AB D9 86 B9 25 B9 2A 11 91 AC 24 5F 02 
 6E 89 05 66 6D 6C A7 87 BF 9D 6D 84 BB 0C EE 10 
 CA B4 C5 C9 F9 74 BD 40 C5 17 C3 68 07 E2 0F 88 
 60 EF 11 B2 5B 8E 24 E0 8A 0D AB 7D 24 86 9F 13 
 0E ED 29 10 78 0A 06 1A FC 42 E9 38 42 23 9D 68 
 2F FD 3D 1F 84 57 FE 21 7A 2B 01 D7 3E 9E 57 42 
 CA B4 2C FF 4C 11 BC 65 FE 94 6D A8 86 5A 81 16 
 F2 99 E8 42 C9 93 C6 D6 9E 96 B5 BD 75 C0 BE F4 
 36 69 C8 39 26 46 EE 72 4A 49 B5 E0 D2 9E 18 87 
 D8 23 DE 69 A2 C9 28 58 E3 AF 59 B2 9E 05 D5 15 
 07 C1 09 4B A3 B1 6C 52 C6 39 07 A5 B1 E5 75 1A 
 C5 FA 3D 58 F3 89 D7 EA AF 92 14 86 C0 38 2D C7 
 DF 65 6E A6 C6 59 8D 4E 18 C2 81 B1 B4 80 F0 CD 
 FB 86 5D FA 7B 34 4F 5F D0 01 B6 4F 24 8F 
    IsEnEnabled(0x161 = 'ContextLoad'): 1
 SWTPM_IO_Write: length 14
 80 01 00 00 00 0E 00 00 00 00 02 00 00 00 
 SWTPM_IO_Read: length 208
 80 02 00 00 00 D0 00 00 01 76 81 00 00 01 40 00 
 00 07 00 00 00 49 02 00 00 00 00 20 E4 DB B0 B0 
 3A 3B DE F4 72 21 69 18 BE 17 D4 B2 A1 B9 4B AA 
 40 35 EB 44 FF B6 4F F7 2B 8D F1 C5 61 00 20 AF 
 C7 53 77 C9 CF 4F AC 39 A4 5C FB 0A FC DA 83 D0 
 26 A9 36 59 E0 66 25 8B 76 1D EB 15 BC B5 4D 00 
 20 14 41 82 74 3C 4E D7 9F F9 1E D0 B3 9F 43 F1 
 8A 4A D5 93 42 55 C3 88 1A F3 B5 56 C2 22 E1 33 
 DE 00 44 00 20 33 A6 38 8C 9F 95 E0 47 2D D0 3D 
 B3 3E 93 EC 6E 19 6D F8 71 FD 6F 59 BF 7F E0 E9 
 63 96 9B E8 D6 00 20 A7 BA 37 55 7E 5C 85 3F 19 
 82 BB DE AF 08 B5 C3 26 00 AB 21 35 21 CF D1 84 
 5E 5C FF 9F 56 D4 43 01 00 06 00 80 00 43 00 0B 
    IsEnEnabled(0x176 = 'StartAuthSession'): 1
 SWTPM_IO_Write: length 121
 80 02 00 00 00 79 00 00 00 00 03 00 00 01 00 00 
 00 22 00 20 7C FE 34 B5 F8 56 49 0A AF 1E F2 31 
 F9 97 F6 43 33 EA 1D 3C 93 5B 3E E5 64 D1 E4 41 
 FE CC CA 47 00 20 86 72 5A F7 5F D9 F0 42 01 FA 
 02 1B 58 86 F9 2B BA DC C8 EF 63 88 1F B4 1A 2D 
 C6 AB D8 DD 9D 69 61 00 20 B9 02 CD C3 90 9F 99 
 4D 23 5B AD 97 EC 53 A3 01 BA 76 EB 37 C5 C1 E7 
 F6 32 83 63 47 6D 47 AF 57 
 SWTPM_IO_Read: length 14
 80 01 00 00 00 0E 00 00 01 62 80 00 00 00 
    IsEnEnabled(0x162 = 'ContextSave'): 1
 SWTPM_IO_Write: length 456
 80 01 00 00 01 C8 00 00 00 00 00 00 00 00 00 00 
 00 61 80 00 00 00 40 00 00 01 01 AC 00 40 FD EB 
 09 2B D5 16 C1 DF A3 2D 6B A2 7B B4 6C FF 32 39 
 EE B0 95 2B DE 85 3E 55 73 65 07 8C EF 65 67 2A 
 11 CE 9A F9 7E 87 48 30 0D A0 4D 85 BF 26 95 2A 
 D1 C2 10 34 E9 E2 46 0E 75 BA 90 16 CF A2 1B 82 
 72 AB B3 AD FC CD 1B 7C B8 5D 02 BF A3 66 A1 D4 
 0F AC 31 4A B7 51 77 47 03 ED 2C 90 8E 5F 3C 20 
 F5 00 0D E2 A1 E0 95 F7 61 1B 22 AD C0 BC 1A F9 
 9F 06 10 A0 7B A8 3F D1 60 C5 F5 EF 18 A6 A6 95 
 BC EB 84 E7 5D CF 30 66 E6 9E 4C C7 83 AD 31 C0 
 C3 80 65 8C 3A F4 EB A2 1F F1 01 21 C4 43 FC 32 
 0E B1 AB 37 31 7A 76 6E 40 D6 66 E2 F0 EF 66 99 
 B9 DA CF A5 D5 06 72 E3 30 D9 CA 92 29 A3 C1 F0 
 2A 6C E9 91 79 2F 3F 20 00 0C 3F 3F A4 BE 4D D4 
 E1 4C 38 F2 C6 60 AA 4D 6E 40 43 F8 17 08 90 4C 
 06 AB C9 95 99 1F 0D EB 97 EE 3B B3 DD 0E D7 BB 
 3C BF 3B F5 F5 54 24 DC A9 12 D2 01 B5 63 D4 74 
 DE 86 98 AA 3D BB A3 09 F3 0C 86 EF 1E 11 5C 61 
 67 65 6E 91 4D CA 5F 80 CB EA C4 8D E6 8D B1 DA 
 DF 69 D6 9B 3B B4 54 82 E1 C0 F5 61 B1 40 4D 7C 
 33 8D 3B 22 F9 E0 F7 A8 64 40 ED EC C0 F4 AF E7 
 B1 1F 3B C7 98 59 66 7C 52 6F 66 E9 AB 5A 7B B5 
 45 39 4C C6 9A 5A 40 C1 8D 19 4D 1F EE CC 09 3A 
 CE 51 92 35 56 8B F4 CC EC D1 27 49 7E 9F CD D8 
 1E 6E 10 40 7B 40 13 B2 0D C9 52 A9 69 46 80 3E 
 E6 D1 1E 73 EE C9 C3 32 00 32 DD 2D A9 17 26 90 
 D6 86 F1 74 AA 8B 5C 6F 46 52 E0 DC 1E 23 2A 7E 
 33 A3 02 0C DE A0 BB A8 
 SWTPM_IO_Read: length 14
 80 01 00 00 00 0E 00 00 01 65 80 00 00 00 
    IsEnEnabled(0x165 = 'FlushContext'): 1
 SWTPM_IO_Write: length 10
 80 01 00 00 00 0A 00 00 00 00 
 SWTPM_IO_Read: length 14
 80 01 00 00 00 0E 00 00 01 62 02 00 00 00 
    IsEnEnabled(0x162 = 'ContextSave'): 1
 SWTPM_IO_Write: length 414
 80 01 00 00 01 9E 00 00 00 00 00 00 00 00 00 00 
 00 35 02 00 00 00 40 00 00 07 01 82 00 40 59 C6 
 88 94 E7 BE F7 00 CC C1 9E 32 5E D4 A8 A5 9A B8 
 6E CC 23 51 67 A3 D1 44 39 D3 8D D8 E2 6A 4E 72 
 D5 FC CD B2 1B 38 14 A9 5C 32 48 F2 1D 99 D8 42 
 E9 9D 48 B9 E5 CD 45 23 CD 98 EC 9C 07 A0 6E 81 
 52 1A EE 16 27 ED 21 D5 B6 BD E3 7F E8 31 8F 0F 
 EC 0D DD C6 D2 EC 0F 72 34 9F 87 B0 28 02 ED C7 
 45 3F A3 EC 4D 08 66 8C 6A 06 B1 E5 CE 2B 85 68 
 79 59 69 A1 9B 3B 00 1A 61 9B E1 C2 D1 89 FA F2 
 D2 1C 23 6D A9 87 F2 E1 2E B6 DB 03 06 D9 AE 2E 
 F8 1C 28 33 7C A3 D1 93 FC CE 5D CA AC 40 D7 47 
 C0 C6 A2 B2 37 43 33 A8 4C C0 C7 6F A7 AC 6D 4E 
 48 D0 B1 BF 8B 94 2C 69 44 D1 15 2D E0 4D 66 68 
 BA 7E E7 E3 8B 85 3C 60 A5 E3 F5 5E B2 6C 70 F3 
 D0 2F CC C1 E5 8A 8A CA 78 81 0E EA BC 13 7F BC 
 E3 EF 08 B6 C5 B0 F8 CD D8 CB 23 CC 1F B6 39 90 
 76 90 5E B5 4D EA 76 4F 4A 65 81 A7 CF 4C 6C 62 
 0B 92 5C 28 49 EE 3F 17 41 13 B5 D5 0E 88 66 3E 
 F6 FE E4 0B D8 DA 2D 0A 6E DF 50 6E A4 4E 29 27 
 16 2D CA 94 7C D0 CD C7 30 51 A2 B3 00 0B 5A 1D 
 24 26 A9 4C ED 9F 49 09 64 F4 28 3A 50 7E 9A 49 
 41 3C 4F D8 E8 CD 8E A1 38 AB 9E 7E BA 4B A0 A4 
 5F 43 4B 10 50 25 CF 77 D3 F7 97 7C A4 E0 9F 88 
 88 21 00 83 A8 E0 57 4F 45 38 2E 2A 8C 59 65 1C 
 1F 65 05 E9 D4 C2 0F EC 7A AC 98 6F 3A 3A 
 SWTPM_IO_Read: length 14
 80 01 00 00 00 0E 00 00 01 62 03 00 00 01 
    IsEnEnabled(0x162 = 'ContextSave'): 1
 SWTPM_IO_Write: length 414
 80 01 00 00 01 9E 00 00 00 00 00 00 00 00 00 00 
 00 36 03 00 00 01 40 00 00 07 01 82 00 40 1C E5 
 D9 AB B6 7D 83 EE AF FF 80 8B DA 96 91 31 E6 78 
 7C 34 D4 F1 E5 36 51 05 37 DA EB A3 F1 41 15 0E 
 B1 D9 F1 5E C5 59 9B DB 0E 9B F5 D7 92 32 E6 5C 
 4A DE 7C 4E EA 74 10 4F 63 12 A2 B7 39 BE 90 86 
 B8 63 3F D7 7C 24 65 EA 53 94 EC 74 2C 92 89 7C 
 3C AC 4A C8 79 58 B5 20 B8 A4 C5 C3 00 60 85 F8 
 78 53 20 AE 01 08 37 1E F6 11 74 DB EC 21 72 71 
 49 30 29 07 13 56 5F F6 82 BE 09 52 7C 85 37 35 
 AF C6 3B 26 6A 9C 95 F1 66 D5 8D 14 26 27 B5 C9 
 A9 ED A3 9B 9A 2A B5 B6 55 02 69 23 90 58 B9 73 
 40 E4 90 B5 EC A6 AB AE 08 0A 35 37 1C 27 47 F0 
 C5 F2 74 A8 A6 29 12 66 55 E1 DE 32 10 55 E2 BB 
 44 99 70 BB F8 4B 21 A0 4A 77 82 C9 80 2F E3 C1 
 69 BC 3F 3B 41 02 48 55 A8 14 E1 5C 30 10 78 A9 
 A2 A5 E6 C8 B7 78 E4 78 9C D4 EC 01 AE DA 0B 66 
 14 F1 F6 A9 DF 84 AC 4F 75 76 25 8D 09 D1 B0 FC 
 6E F5 A9 8D AE CB CD E6 45 11 34 AF 17 24 0A D4 
 63 D1 97 94 45 C4 8D 8C BE 9E C3 44 E2 86 38 E3 
 77 6D E1 67 7E 17 D9 C3 73 6E DE 90 EC 64 E7 59 
 AE C5 55 3A 40 85 13 F7 E0 A1 76 29 84 B1 E8 96 
 87 52 1D F2 73 A5 8F F5 D2 26 E6 B4 51 75 8F 93 
 F9 E8 C3 6D 01 58 3F D6 E3 99 18 44 40 B6 03 E4 
 EE E3 0D 02 0E 89 E4 D5 F5 41 C2 3A 53 CF 3D A1 
 E5 25 F7 63 A2 35 69 6C 3F C1 FF 44 01 27 
 SWTPM_IO_Read: length 456
 80 01 00 00 01 C8 00 00 01 61 00 00 00 00 00 00 
 00 61 80 00 00 00 40 00 00 01 01 AC 00 40 FD EB 
 09 2B D5 16 C1 DF A3 2D 6B A2 7B B4 6C FF 32 39 
 EE B0 95 2B DE 85 3E 55 73 65 07 8C EF 65 67 2A 
 11 CE 9A F9 7E 87 48 30 0D A0 4D 85 BF 26 95 2A 
 D1 C2 10 34 E9 E2 46 0E 75 BA 90 16 CF A2 1B 82 
 72 AB B3 AD FC CD 1B 7C B8 5D 02 BF A3 66 A1 D4 
 0F AC 31 4A B7 51 77 47 03 ED 2C 90 8E 5F 3C 20 
 F5 00 0D E2 A1 E0 95 F7 61 1B 22 AD C0 BC 1A F9 
 9F 06 10 A0 7B A8 3F D1 60 C5 F5 EF 18 A6 A6 95 
 BC EB 84 E7 5D CF 30 66 E6 9E 4C C7 83 AD 31 C0 
 C3 80 65 8C 3A F4 EB A2 1F F1 01 21 C4 43 FC 32 
 0E B1 AB 37 31 7A 76 6E 40 D6 66 E2 F0 EF 66 99 
 B9 DA CF A5 D5 06 72 E3 30 D9 CA 92 29 A3 C1 F0 
 2A 6C E9 91 79 2F 3F 20 00 0C 3F 3F A4 BE 4D D4 
 E1 4C 38 F2 C6 60 AA 4D 6E 40 43 F8 17 08 90 4C 
 06 AB C9 95 99 1F 0D EB 97 EE 3B B3 DD 0E D7 BB 
 3C BF 3B F5 F5 54 24 DC A9 12 D2 01 B5 63 D4 74 
 DE 86 98 AA 3D BB A3 09 F3 0C 86 EF 1E 11 5C 61 
 67 65 6E 91 4D CA 5F 80 CB EA C4 8D E6 8D B1 DA 
 DF 69 D6 9B 3B B4 54 82 E1 C0 F5 61 B1 40 4D 7C 
 33 8D 3B 22 F9 E0 F7 A8 64 40 ED EC C0 F4 AF E7 
 B1 1F 3B C7 98 59 66 7C 52 6F 66 E9 AB 5A 7B B5 
 45 39 4C C6 9A 5A 40 C1 8D 19 4D 1F EE CC 09 3A 
 CE 51 92 35 56 8B F4 CC EC D1 27 49 7E 9F CD D8 
 1E 6E 10 40 7B 40 13 B2 0D C9 52 A9 69 46 80 3E 
 E6 D1 1E 73 EE C9 C3 32 00 32 DD 2D A9 17 26 90 
 D6 86 F1 74 AA 8B 5C 6F 46 52 E0 DC 1E 23 2A 7E 
 33 A3 02 0C DE A0 BB A8 
    IsEnEnabled(0x161 = 'ContextLoad'): 1
 SWTPM_IO_Write: length 14
 80 01 00 00 00 0E 00 00 00 00 80 00 00 00 
 SWTPM_IO_Read: length 414
 80 01 00 00 01 9E 00 00 01 61 00 00 00 00 00 00 
 00 35 02 00 00 00 40 00 00 07 01 82 00 40 59 C6 
 88 94 E7 BE F7 00 CC C1 9E 32 5E D4 A8 A5 9A B8 
 6E CC 23 51 67 A3 D1 44 39 D3 8D D8 E2 6A 4E 72 
 D5 FC CD B2 1B 38 14 A9 5C 32 48 F2 1D 99 D8 42 
 E9 9D 48 B9 E5 CD 45 23 CD 98 EC 9C 07 A0 6E 81 
 52 1A EE 16 27 ED 21 D5 B6 BD E3 7F E8 31 8F 0F 
 EC 0D DD C6 D2 EC 0F 72 34 9F 87 B0 28 02 ED C7 
 45 3F A3 EC 4D 08 66 8C 6A 06 B1 E5 CE 2B 85 68 
 79 59 69 A1 9B 3B 00 1A 61 9B E1 C2 D1 89 FA F2 
 D2 1C 23 6D A9 87 F2 E1 2E B6 DB 03 06 D9 AE 2E 
 F8 1C 28 33 7C A3 D1 93 FC CE 5D CA AC 40 D7 47 
 C0 C6 A2 B2 37 43 33 A8 4C C0 C7 6F A7 AC 6D 4E 
 48 D0 B1 BF 8B 94 2C 69 44 D1 15 2D E0 4D 66 68 
 BA 7E E7 E3 8B 85 3C 60 A5 E3 F5 5E B2 6C 70 F3 
 D0 2F CC C1 E5 8A 8A CA 78 81 0E EA BC 13 7F BC 
 E3 EF 08 B6 C5 B0 F8 CD D8 CB 23 CC 1F B6 39 90 
 76 90 5E B5 4D EA 76 4F 4A 65 81 A7 CF 4C 6C 62 
 0B 92 5C 28 49 EE 3F 17 41 13 B5 D5 0E 88 66 3E 
 F6 FE E4 0B D8 DA 2D 0A 6E DF 50 6E A4 4E 29 27 
 16 2D CA 94 7C D0 CD C7 30 51 A2 B3 00 0B 5A 1D 
 24 26 A9 4C ED 9F 49 09 64 F4 28 3A 50 7E 9A 49 
 41 3C 4F D8 E8 CD 8E A1 38 AB 9E 7E BA 4B A0 A4 
 5F 43 4B 10 50 25 CF 77 D3 F7 97 7C A4 E0 9F 88 
 88 21 00 83 A8 E0 57 4F 45 38 2E 2A 8C 59 65 1C 
 1F 65 05 E9 D4 C2 0F EC 7A AC 98 6F 3A 3A 
    IsEnEnabled(0x161 = 'ContextLoad'): 1
 SWTPM_IO_Write: length 14
 80 01 00 00 00 0E 00 00 00 00 02 00 00 00 
 SWTPM_IO_Read: length 414
 80 01 00 00 01 9E 00 00 01 61 00 00 00 00 00 00 
 00 36 03 00 00 01 40 00 00 07 01 82 00 40 1C E5 
 D9 AB B6 7D 83 EE AF FF 80 8B DA 96 91 31 E6 78 
 7C 34 D4 F1 E5 36 51 05 37 DA EB A3 F1 41 15 0E 
 B1 D9 F1 5E C5 59 9B DB 0E 9B F5 D7 92 32 E6 5C 
 4A DE 7C 4E EA 74 10 4F 63 12 A2 B7 39 BE 90 86 
 B8 63 3F D7 7C 24 65 EA 53 94 EC 74 2C 92 89 7C 
 3C AC 4A C8 79 58 B5 20 B8 A4 C5 C3 00 60 85 F8 
 78 53 20 AE 01 08 37 1E F6 11 74 DB EC 21 72 71 
 49 30 29 07 13 56 5F F6 82 BE 09 52 7C 85 37 35 
 AF C6 3B 26 6A 9C 95 F1 66 D5 8D 14 26 27 B5 C9 
 A9 ED A3 9B 9A 2A B5 B6 55 02 69 23 90 58 B9 73 
 40 E4 90 B5 EC A6 AB AE 08 0A 35 37 1C 27 47 F0 
 C5 F2 74 A8 A6 29 12 66 55 E1 DE 32 10 55 E2 BB 
 44 99 70 BB F8 4B 21 A0 4A 77 82 C9 80 2F E3 C1 
 69 BC 3F 3B 41 02 48 55 A8 14 E1 5C 30 10 78 A9 
 A2 A5 E6 C8 B7 78 E4 78 9C D4 EC 01 AE DA 0B 66 
 14 F1 F6 A9 DF 84 AC 4F 75 76 25 8D 09 D1 B0 FC 
 6E F5 A9 8D AE CB CD E6 45 11 34 AF 17 24 0A D4 
 63 D1 97 94 45 C4 8D 8C BE 9E C3 44 E2 86 38 E3 
 77 6D E1 67 7E 17 D9 C3 73 6E DE 90 EC 64 E7 59 
 AE C5 55 3A 40 85 13 F7 E0 A1 76 29 84 B1 E8 96 
 87 52 1D F2 73 A5 8F F5 D2 26 E6 B4 51 75 8F 93 
 F9 E8 C3 6D 01 58 3F D6 E3 99 18 44 40 B6 03 E4 
 EE E3 0D 02 0E 89 E4 D5 F5 41 C2 3A 53 CF 3D A1 
 E5 25 F7 63 A2 35 69 6C 3F C1 FF 44 01 27 
    IsEnEnabled(0x161 = 'ContextLoad'): 1
 SWTPM_IO_Write: length 14
 80 01 00 00 00 0E 00 00 00 00 03 00 00 01 
 SWTPM_IO_Read: length 20
 80 01 00 00 00 14 00 00 01 7E 00 00 00 01 00 0B 
 03 80 00 00 
    IsEnEnabled(0x17e = 'PCR_Read'): 1
 SWTPM_IO_Write: length 62
 80 01 00 00 00 3E 00 00 00 00 00 00 00 98 00 00 
 00 01 00 0B 03 80 00 00 00 00 00 01 00 20 12 7C 
 18 EB A2 30 0E 30 76 7F AF E7 1F 4E 59 75 77 6F 
 66 5D 22 C7 CA 90 17 C7 C2 48 46 B9 6F A1 
 SWTPM_IO_Read: length 14
 80 01 00 00 00 0E 00 00 01 62 80 00 00 00 
    IsEnEnabled(0x162 = 'ContextSave'): 1
 SWTPM_IO_Write: length 456
 80 01 00 00 01 C8 00 00 00 00 00 00 00 00 00 00 
 00 62 80 00 00 00 40 00 00 01 01 AC 00 40 00 44 
 22 61 C0 0C E9 17 F4 8D A2 68 49 5A 80 25 83 5A 
 0C 3A 5A D9 9E A9 17 41 0A D1 CA 6D 16 8A DE 9F 
 F6 EF C3 65 C0 F9 91 CC DB 20 93 FE 45 17 EC 10 
 B4 A2 51 1F 9A 4F 46 64 EB F9 32 AC E0 ED 70 66 
 67 74 04 8C 7B 72 00 46 CE F8 DA 28 40 01 3C 4E 
 50 AC 23 0C A7 CD 03 54 3B 99 8A 58 47 2C 29 43 
 DA 19 11 0C 15 10 0B 21 2E 71 01 C2 01 E3 C8 04 
 B6 5A 97 BC AA 25 C7 ED A6 22 37 67 C6 D9 A2 16 
 3B FC CF 36 8E 26 95 FD 9E 6C 11 55 4E 9C 71 36 
 84 B8 C5 D7 00 5D 32 CA EF 08 CB 5C B7 F9 56 4A 
 8A 91 4A 53 12 7A 2F 32 9A 8C F3 53 B0 5E 00 DB 
 1E CA B1 63 5F 99 4C D3 0A 1E 1E 92 BD 49 37 85 
 28 25 6D AD E3 54 B6 50 E1 E0 FC CA 91 AB A0 AA 
 27 3B C5 49 2B 1E 72 06 58 E8 E8 9D 18 F0 7F 34 
 A8 1F 2D 0E 71 AC 75 F4 8D C7 41 F8 C8 02 65 F7 
 37 B6 4D 64 ED 5D 4A A0 76 54 45 C4 8C BB AC 47 
 04 FC 1F 45 B7 21 78 07 2D 50 F2 5E 6A 3A 0E BA 
 31 A8 6F A5 49 86 89 E1 4E BF BD DE 46 40 47 F9 
 0B 9D B1 29 D6 95 1D 25 91 24 55 17 97 E2 AB A0 
 C3 2B D2 46 83 C0 41 E5 2E 2D AC 48 8C 49 74 F2 
 FC 02 16 EB 9B 4B AB 74 17 FA F4 2C 11 3D 8A 94 
 CD C7 71 1F 9B 5B EC 51 ED 59 A8 B8 8C 2E 50 0F 
 77 1C 9D C5 E6 F3 2C 28 2A 7E 7F 7A C4 97 7C A5 
 74 F5 06 3C 16 B3 0D 6F 97 29 2B 7E EC AB F9 AF 
 E7 46 EB FF 00 F9 21 DF 01 D5 98 9A 7C FD 5A D4 
 F3 B3 BC 0B 0D D3 1A A5 C9 7A B7 4A 97 AE 8B 99 
 AF F4 FC D3 66 B5 80 9A 
 SWTPM_IO_Read: length 14
 80 01 00 00 00 0E 00 00 01 65 80 00 00 00 
    IsEnEnabled(0x165 = 'FlushContext'): 1
 SWTPM_IO_Write: length 10
 80 01 00 00 00 0A 00 00 00 00 
 SWTPM_IO_Read: length 14
 80 01 00 00 00 0E 00 00 01 62 02 00 00 00 
    IsEnEnabled(0x162 = 'ContextSave'): 1
 SWTPM_IO_Write: length 414
 80 01 00 00 01 9E 00 00 00 00 00 00 00 00 00 00 
 00 37 02 00 00 00 40 00 00 07 01 82 00 40 2A 96 
 2C D0 12 52 BE 8A D5 27 74 EE 61 14 90 77 F0 9A 
 3C DF 3B D6 7D 20 43 9A EA 75 37 A5 BA 32 C4 47 
 91 FB 8F 8F FA 17 A9 CF 9A 4E 04 69 33 9B 1E 5C 
 90 D0 44 89 46 F3 30 B2 76 FB FE ED 44 7B 1D 70 
 75 32 47 51 27 DF 66 C4 21 B7 0F F3 39 5D 1A 5D 
 B0 42 13 49 59 A1 18 E8 12 56 1D 2C 75 1A E9 F8 
 BA 69 6B 15 DE 01 0F 48 21 3D 16 F6 0E B3 29 F2 
 A4 87 5F 4C A1 75 5A 8F 19 44 00 70 5F F0 3E 6C 
 60 10 A9 30 59 C0 11 5B 4D F2 D1 B1 8B 1A 98 1A 
 81 28 B6 F6 3F 7F 59 54 CA E0 4B 01 9A 37 DA 8E 
 75 40 B4 B6 26 EE 1C 4F 0D 16 BF B1 9D 2B 6D 2A 
 B7 71 79 1B E8 DA 9B B1 F4 C3 40 0D 7D 01 1F D6 
 EB D0 40 1B D5 F2 50 FD 6F F0 0A 2C 0B 18 82 8B 
 E7 E7 51 C1 D4 A2 98 AD E6 9C 4C 48 FE 5F 27 EA 
 5F F7 39 3F 51 C7 3C 47 88 12 5B F3 D6 0F 09 02 
 C7 6B E8 F9 11 F5 70 C8 DD A0 10 FE E0 E4 F4 0D 
 EB A3 BE 0A 72 B4 B6 71 F1 F6 BD 71 7B EC D0 42 
 83 4C 66 37 A2 FA C6 14 7B 95 72 4A 76 C0 01 D8 
 B9 E2 80 4E F9 0D C6 BC 83 FD C2 2B 10 7D 5D E6 
 E4 7E B0 E2 82 B6 1D 23 EE 5A DB 90 BB 74 00 63 
 A4 D3 A4 19 30 E2 5A B0 36 DC CE 64 12 AD CF 1F 
 55 0D 43 52 26 F8 D1 16 9F A3 9A D1 B2 AA F4 51 
 B4 5A 33 12 F1 EB 96 09 0B A8 EB 69 AA 8F 72 A9 
 7F E1 E7 13 12 C3 22 1B 8A FD 5B 1D B8 D9 
 SWTPM_IO_Read: length 14
 80 01 00 00 00 0E 00 00 01 62 03 00 00 01 
    IsEnEnabled(0x162 = 'ContextSave'): 1
 SWTPM_IO_Write: length 414
 80 01 00 00 01 9E 00 00 00 00 00 00 00 00 00 00 
 00 38 03 00 00 01 40 00 00 07 01 82 00 40 17 0A 
 95 D9 88 A7 25 7C 4E 88 51 11 44 34 B8 D8 2F 44 
 A8 56 D7 E0 8C 4B 7D 80 BB 01 31 87 AA B6 F8 39 
 D4 B7 89 55 2A 02 B0 A0 28 58 E6 25 AE 25 55 12 
 66 5B 36 49 45 D4 7E 29 55 04 0D 25 CD 6F 7F 7C 
 D1 81 F7 4F 2A 9B 1C DD 23 46 C1 A3 B6 41 5C 2D 
 C0 AA 03 DB D3 DE 41 E4 25 99 D1 EF D2 71 CE B2 
 71 1C 06 3F 6C EF 0A 50 EC 8B 43 F1 B5 19 23 F5 
 18 57 4D B6 4F 70 34 6D 7A 18 16 F9 7D 35 08 C2 
 D6 5F 6A B2 81 30 C1 06 F3 29 8A B9 5A 4E 85 14 
 E6 5A DC 7A 3F 3C CB BD DC E0 05 7F 46 57 DE 02 
 9A 53 2B E6 33 07 31 7A F1 6F D0 DE A6 74 B5 17 
 45 03 DA A5 88 22 91 04 80 2D 84 DB 29 AB E9 BE 
 A1 42 1F 53 52 2B 34 90 C2 96 C0 05 AC CB AD E3 
 B3 72 7D 40 14 19 6C 3E 80 9B D5 52 E0 C5 06 46 
 CD 21 37 6A A0 7E E5 78 D4 6E 99 40 F7 A2 25 4C 
 D4 5B 21 ED AF 12 C5 E2 CD D2 DF 7F 0F 57 97 F7 
 FE 9A 7C D6 4B 9C D4 36 BD AA B4 75 B3 ED 41 E7 
 00 A3 E5 17 00 81 6D DB 93 E1 8D D1 8B 29 99 20 
 91 3D 16 E9 B3 EA F0 DA D0 3B 9D C0 22 9F 43 C2 
 28 B0 6B F5 40 F9 34 A0 89 57 FB 0C EC 36 38 2D 
 73 54 E4 E5 7B 62 10 54 77 84 85 17 09 75 1A 23 
 1D 7A 45 F7 E3 95 D1 94 F7 53 34 22 63 A2 15 24 
 84 61 44 C6 E4 73 C7 6A 3C 18 CD 70 6C 85 3F A0 
 39 63 FC 01 3A AC 75 13 BC 57 DF F3 D0 73 
 SWTPM_IO_Read: length 456
 80 01 00 00 01 C8 00 00 01 61 00 00 00 00 00 00 
 00 62 80 00 00 00 40 00 00 01 01 AC 00 40 00 44 
 22 61 C0 0C E9 17 F4 8D A2 68 49 5A 80 25 83 5A 
 0C 3A 5A D9 9E A9 17 41 0A D1 CA 6D 16 8A DE 9F 
 F6 EF C3 65 C0 F9 91 CC DB 20 93 FE 45 17 EC 10 
 B4 A2 51 1F 9A 4F 46 64 EB F9 32 AC E0 ED 70 66 
 67 74 04 8C 7B 72 00 46 CE F8 DA 28 40 01 3C 4E 
 50 AC 23 0C A7 CD 03 54 3B 99 8A 58 47 2C 29 43 
 DA 19 11 0C 15 10 0B 21 2E 71 01 C2 01 E3 C8 04 
 B6 5A 97 BC AA 25 C7 ED A6 22 37 67 C6 D9 A2 16 
 3B FC CF 36 8E 26 95 FD 9E 6C 11 55 4E 9C 71 36 
 84 B8 C5 D7 00 5D 32 CA EF 08 CB 5C B7 F9 56 4A 
 8A 91 4A 53 12 7A 2F 32 9A 8C F3 53 B0 5E 00 DB 
 1E CA B1 63 5F 99 4C D3 0A 1E 1E 92 BD 49 37 85 
 28 25 6D AD E3 54 B6 50 E1 E0 FC CA 91 AB A0 AA 
 27 3B C5 49 2B 1E 72 06 58 E8 E8 9D 18 F0 7F 34 
 A8 1F 2D 0E 71 AC 75 F4 8D C7 41 F8 C8 02 65 F7 
 37 B6 4D 64 ED 5D 4A A0 76 54 45 C4 8C BB AC 47 
 04 FC 1F 45 B7 21 78 07 2D 50 F2 5E 6A 3A 0E BA 
 31 A8 6F A5 49 86 89 E1 4E BF BD DE 46 40 47 F9 
 0B 9D B1 29 D6 95 1D 25 91 24 55 17 97 E2 AB A0 
 C3 2B D2 46 83 C0 41 E5 2E 2D AC 48 8C 49 74 F2 
 FC 02 16 EB 9B 4B AB 74 17 FA F4 2C 11 3D 8A 94 
 CD C7 71 1F 9B 5B EC 51 ED 59 A8 B8 8C 2E 50 0F 
 77 1C 9D C5 E6 F3 2C 28 2A 7E 7F 7A C4 97 7C A5 
 74 F5 06 3C 16 B3 0D 6F 97 29 2B 7E EC AB F9 AF 
 E7 46 EB FF 00 F9 21 DF 01 D5 98 9A 7C FD 5A D4 
 F3 B3 BC 0B 0D D3 1A A5 C9 7A B7 4A 97 AE 8B 99 
 AF F4 FC D3 66 B5 80 9A 
    IsEnEnabled(0x161 = 'ContextLoad'): 1
 SWTPM_IO_Write: length 14
 80 01 00 00 00 0E 00 00 00 00 80 00 00 00 
 SWTPM_IO_Read: length 414
 80 01 00 00 01 9E 00 00 01 61 00 00 00 00 00 00 
 00 37 02 00 00 00 40 00 00 07 01 82 00 40 2A 96 
 2C D0 12 52 BE 8A D5 27 74 EE 61 14 90 77 F0 9A 
 3C DF 3B D6 7D 20 43 9A EA 75 37 A5 BA 32 C4 47 
 91 FB 8F 8F FA 17 A9 CF 9A 4E 04 69 33 9B 1E 5C 
 90 D0 44 89 46 F3 30 B2 76 FB FE ED 44 7B 1D 70 
 75 32 47 51 27 DF 66 C4 21 B7 0F F3 39 5D 1A 5D 
 B0 42 13 49 59 A1 18 E8 12 56 1D 2C 75 1A E9 F8 
 BA 69 6B 15 DE 01 0F 48 21 3D 16 F6 0E B3 29 F2 
 A4 87 5F 4C A1 75 5A 8F 19 44 00 70 5F F0 3E 6C 
 60 10 A9 30 59 C0 11 5B 4D F2 D1 B1 8B 1A 98 1A 
 81 28 B6 F6 3F 7F 59 54 CA E0 4B 01 9A 37 DA 8E 
 75 40 B4 B6 26 EE 1C 4F 0D 16 BF B1 9D 2B 6D 2A 
 B7 71 79 1B E8 DA 9B B1 F4 C3 40 0D 7D 01 1F D6 
 EB D0 40 1B D5 F2 50 FD 6F F0 0A 2C 0B 18 82 8B 
 E7 E7 51 C1 D4 A2 98 AD E6 9C 4C 48 FE 5F 27 EA 
 5F F7 39 3F 51 C7 3C 47 88 12 5B F3 D6 0F 09 02 
 C7 6B E8 F9 11 F5 70 C8 DD A0 10 FE E0 E4 F4 0D 
 EB A3 BE 0A 72 B4 B6 71 F1 F6 BD 71 7B EC D0 42 
 83 4C 66 37 A2 FA C6 14 7B 95 72 4A 76 C0 01 D8 
 B9 E2 80 4E F9 0D C6 BC 83 FD C2 2B 10 7D 5D E6 
 E4 7E B0 E2 82 B6 1D 23 EE 5A DB 90 BB 74 00 63 
 A4 D3 A4 19 30 E2 5A B0 36 DC CE 64 12 AD CF 1F 
 55 0D 43 52 26 F8 D1 16 9F A3 9A D1 B2 AA F4 51 
 B4 5A 33 12 F1 EB 96 09 0B A8 EB 69 AA 8F 72 A9 
 7F E1 E7 13 12 C3 22 1B 8A FD 5B 1D B8 D9 
    IsEnEnabled(0x161 = 'ContextLoad'): 1
 SWTPM_IO_Write: length 14
 80 01 00 00 00 0E 00 00 00 00 02 00 00 00 
 SWTPM_IO_Read: length 414
 80 01 00 00 01 9E 00 00 01 61 00 00 00 00 00 00 
 00 38 03 00 00 01 40 00 00 07 01 82 00 40 17 0A 
 95 D9 88 A7 25 7C 4E 88 51 11 44 34 B8 D8 2F 44 
 A8 56 D7 E0 8C 4B 7D 80 BB 01 31 87 AA B6 F8 39 
 D4 B7 89 55 2A 02 B0 A0 28 58 E6 25 AE 25 55 12 
 66 5B 36 49 45 D4 7E 29 55 04 0D 25 CD 6F 7F 7C 
 D1 81 F7 4F 2A 9B 1C DD 23 46 C1 A3 B6 41 5C 2D 
 C0 AA 03 DB D3 DE 41 E4 25 99 D1 EF D2 71 CE B2 
 71 1C 06 3F 6C EF 0A 50 EC 8B 43 F1 B5 19 23 F5 
 18 57 4D B6 4F 70 34 6D 7A 18 16 F9 7D 35 08 C2 
 D6 5F 6A B2 81 30 C1 06 F3 29 8A B9 5A 4E 85 14 
 E6 5A DC 7A 3F 3C CB BD DC E0 05 7F 46 57 DE 02 
 9A 53 2B E6 33 07 31 7A F1 6F D0 DE A6 74 B5 17 
 45 03 DA A5 88 22 91 04 80 2D 84 DB 29 AB E9 BE 
 A1 42 1F 53 52 2B 34 90 C2 96 C0 05 AC CB AD E3 
 B3 72 7D 40 14 19 6C 3E 80 9B D5 52 E0 C5 06 46 
 CD 21 37 6A A0 7E E5 78 D4 6E 99 40 F7 A2 25 4C 
 D4 5B 21 ED AF 12 C5 E2 CD D2 DF 7F 0F 57 97 F7 
 FE 9A 7C D6 4B 9C D4 36 BD AA B4 75 B3 ED 41 E7 
 00 A3 E5 17 00 81 6D DB 93 E1 8D D1 8B 29 99 20 
 91 3D 16 E9 B3 EA F0 DA D0 3B 9D C0 22 9F 43 C2 
 28 B0 6B F5 40 F9 34 A0 89 57 FB 0C EC 36 38 2D 
 73 54 E4 E5 7B 62 10 54 77 84 85 17 09 75 1A 23 
 1D 7A 45 F7 E3 95 D1 94 F7 53 34 22 63 A2 15 24 
 84 61 44 C6 E4 73 C7 6A 3C 18 CD 70 6C 85 3F A0 
 39 63 FC 01 3A AC 75 13 BC 57 DF F3 D0 73 
    IsEnEnabled(0x161 = 'ContextLoad'): 1
 SWTPM_IO_Write: length 14
 80 01 00 00 00 0E 00 00 00 00 03 00 00 01 
 SWTPM_IO_Read: length 26
 80 01 00 00 00 1A 00 00 01 7F 03 00 00 01 00 00 
 00 00 00 01 00 0B 03 80 00 00 
    IsEnEnabled(0x17f = 'PolicyPCR'): 1
 SWTPM_IO_Write: length 10
 80 01 00 00 00 0A 00 00 00 00 
 SWTPM_IO_Read: length 14
 80 01 00 00 00 0E 00 00 01 62 80 00 00 00 
    IsEnEnabled(0x162 = 'ContextSave'): 1
 SWTPM_IO_Write: length 456
 80 01 00 00 01 C8 00 00 00 00 00 00 00 00 00 00 
 00 63 80 00 00 00 40 00 00 01 01 AC 00 40 6D B7 
 6E F3 FE 03 A5 15 E1 C5 B7 DC 0F C8 57 8B 97 E3 
 FD 63 D3 E1 66 12 F6 97 0B BD 15 5C AB EA E6 E1 
 36 CA F2 82 5A 10 B6 06 08 77 10 14 ED 34 3D 40 
 57 3E 96 0A B6 54 78 2E 7A 75 E2 A9 04 3F AE AD 
 4C 7B DE DC 69 86 E4 8A B2 BD B6 82 BE 3A 7F B3 
 35 D8 43 C7 A7 A7 46 AD A6 2C 47 E3 C7 88 11 BA 
 0A D8 57 76 EE 8F 20 7B 7D 38 0D 68 56 B9 37 7F 
 52 AE AB 44 52 C3 CA 34 37 DC 1F D9 06 C5 3B A6 
 71 16 85 34 70 9F 14 C0 BB 76 2B C2 2B A7 92 92 
 DA 67 FC E8 31 BA B2 8B 62 E0 64 C5 D8 CE FF DE 
 EB 46 1D AB CD 3B 4F C6 E3 7D FB 65 C7 A1 6C 10 
 31 7B 68 57 91 F5 AE B3 F1 02 E2 D9 20 C2 08 67 
 03 38 AD 58 93 4F 21 96 E2 48 42 EB 88 83 4B C7 
 FC 18 AF B8 8E 18 4E 04 87 B3 14 F5 EF 07 C5 55 
 D6 48 BD AA BB B6 A0 44 DE DD 5F 1D 32 D8 84 84 
 CF D7 D6 55 BE B9 19 95 19 1C 2D 0C 82 7D 7E 4C 
 D3 CA 6E B2 40 7A F1 6D 48 D9 1C 9B 6F 78 29 DD 
 EA 07 47 B8 C6 D6 BA 71 05 85 39 BA 58 9D 58 69 
 C5 4E AE 6E 2D 77 3A 67 72 DE 84 14 82 1F CC 77 
 10 12 88 43 B5 4E C0 96 05 CA 9A 9C 62 52 89 F0 
 DA 1E E3 99 2F 7A 61 CE 73 22 A6 A8 64 17 C8 18 
 FE 47 65 7A BC D7 40 C5 8F E4 48 5A CE 51 3E 5F 
 2F 22 06 15 9A EC A1 C6 6B 19 16 3D 87 7D E8 46 
 99 F0 7C 0E 7F 55 A3 F8 C2 95 85 AD 1C D4 5D D6 
 B6 A4 10 88 F7 76 79 E3 0A 53 C5 CD DB 2F 24 07 
 ED 31 C1 04 B6 7C 00 6E FD 3C B7 E5 4D 8C 5E 50 
 A1 D9 B0 FA B1 80 C2 29 
 SWTPM_IO_Read: length 14
 80 01 00 00 00 0E 00 00 01 65 80 00 00 00 
    IsEnEnabled(0x165 = 'FlushContext'): 1
 SWTPM_IO_Write: length 10
 80 01 00 00 00 0A 00 00 00 00 
 SWTPM_IO_Read: length 14
 80 01 00 00 00 0E 00 00 01 62 02 00 00 00 
    IsEnEnabled(0x162 = 'ContextSave'): 1
 SWTPM_IO_Write: length 414
 80 01 00 00 01 9E 00 00 00 00 00 00 00 00 00 00 
 00 39 02 00 00 00 40 00 00 07 01 82 00 40 A0 84 
 E0 46 6F F1 53 A6 54 42 BF 56 F2 0E E0 05 D0 48 
 78 BD 45 75 11 84 C4 17 71 BE E6 D7 66 9D AA E0 
 04 FB A1 22 8C FC 93 86 D5 91 43 7C 9B C1 34 8E 
 87 CA 6A 24 97 22 D5 03 92 00 61 FA 13 6E B5 EA 
 3B 45 72 1B 27 01 DB 37 B8 9E 45 D7 B3 34 E4 C5 
 98 3C 27 53 4C E0 B0 6B 9A 5D 28 2C 0A BF A8 50 
 00 16 AB 1F 78 77 70 0A FE 4C C9 2C 2F 6A D3 AC 
 C7 C3 D9 EF F2 53 24 6F 16 80 6F B5 86 2C AE E9 
 DB A6 C2 02 95 A8 92 DA 6E B2 07 72 D0 CD 43 D5 
 57 81 D7 74 D8 B0 23 C9 8B AA 18 C2 F5 E5 26 17 
 85 D3 E1 DB 5B 7F 02 51 F4 0B 18 3A DE 74 65 9D 
 51 57 A8 C8 A3 DB 5F AD 92 74 4A 12 89 3A F0 3E 
 40 BC C9 93 58 0F A7 28 FF BB 53 6E 18 8C D2 12 
 C3 11 97 52 AD 02 2C 79 86 A8 7F 51 C5 2B 1C 3B 
 C1 E7 F5 46 16 03 BE 46 90 C9 95 C4 D9 C3 BE 48 
 C8 66 22 D2 FA D0 80 2C 33 E4 57 D4 4C 71 29 77 
 0A 13 7C D1 FE 2D AD AA F4 8D 32 F1 17 0B 8C 7A 
 81 4A 36 CD 6B 86 05 9A 43 55 AF B4 D7 98 0B E1 
 9A 9B 34 A3 29 B9 39 28 B2 20 80 10 6C B1 D7 7A 
 9F 41 A4 7D 43 7C E2 EB B0 63 E2 03 E3 2A CA A3 
 75 FA 72 AE 52 6A 2F 3E BB E9 8F B6 73 F4 62 BC 
 B3 67 F7 C6 7A D5 97 65 63 2E E1 63 84 1C D9 49 
 13 EC E4 61 80 35 5E E3 2D F1 E0 45 AE DE 49 02 
 CA 47 44 8D A7 CC 3F 4B 6A A1 BB 53 AA 16 
 SWTPM_IO_Read: length 14
 80 01 00 00 00 0E 00 00 01 62 03 00 00 01 
    IsEnEnabled(0x162 = 'ContextSave'): 1
 SWTPM_IO_Write: length 414
 80 01 00 00 01 9E 00 00 00 00 00 00 00 00 00 00 
 00 3A 03 00 00 01 40 00 00 07 01 82 00 40 F5 1C 
 CD 20 41 C8 68 63 E1 3D F7 E1 A8 E2 FA 2B 40 FB 
 11 4F F1 1E 24 13 B7 07 25 60 7E 85 37 3B 4E B7 
 01 71 BF 2F 0E E0 71 26 D0 88 50 59 75 DD 52 5F 
 2B DB FD 57 88 CB 91 DE 76 34 99 23 BA 95 96 47 
 7B AA 46 CD AB 5E 5F 03 04 E4 BA C3 62 A7 7C 27 
 28 BB C1 B1 61 69 D4 A7 65 92 26 4A 02 78 A6 A3 
 49 02 3A F8 CE 43 96 B1 79 57 DB 67 0D 6C 35 21 
 B6 E3 6F 78 EB F7 E8 9C E4 CE C7 03 4B 1D 2C 82 
 C2 73 FB 93 DA 90 8E 84 86 86 E6 1B F0 C9 42 C4 
 66 40 E4 FF EF 14 97 8B 42 4E 71 3D 47 B7 7F C6 
 79 9F 94 C2 79 D0 CC 04 81 4F B4 C7 F5 F4 7C 12 
 90 AF 97 B5 68 CB 15 72 89 54 CB B4 DC 23 7C C7 
 A2 19 E4 55 5F 23 28 FC FF E1 60 03 8B 73 42 21 
 F9 31 B4 08 89 2E 88 AF C0 AD 5D 6A 1E 6B 5A 6F 
 89 49 16 D8 7D 05 E3 A1 A9 20 F9 87 B5 05 A1 7A 
 8C 9F 85 73 25 16 3F 47 4A DB F9 72 7F DD B9 1F 
 63 E8 2F 2F 94 D7 35 0C 8C 95 46 06 75 EF 99 57 
 13 97 A1 42 B4 55 AF C2 3F 7A 4B 95 30 4B 5E 0F 
 01 2F 78 8D B7 95 07 70 C2 ED AA 85 37 32 B7 2C 
 CE 8F 39 DD 4C F4 3A 7B 03 D7 9D 12 93 0F 06 00 
 B4 45 14 23 B3 1E AE 26 B2 1B C6 8C CC FA 08 6B 
 FC 02 2A 08 FA 79 A3 D0 B3 91 4D DD 56 89 25 F0 
 06 DF EA 5E 02 F2 6D 7F 39 E0 AA 62 1B 58 AD 6E 
 BF F8 43 3C 97 46 64 C6 35 AE 11 ED A6 74 
 SWTPM_IO_Read: length 456
 80 01 00 00 01 C8 00 00 01 61 00 00 00 00 00 00 
 00 63 80 00 00 00 40 00 00 01 01 AC 00 40 6D B7 
 6E F3 FE 03 A5 15 E1 C5 B7 DC 0F C8 57 8B 97 E3 
 FD 63 D3 E1 66 12 F6 97 0B BD 15 5C AB EA E6 E1 
 36 CA F2 82 5A 10 B6 06 08 77 10 14 ED 34 3D 40 
 57 3E 96 0A B6 54 78 2E 7A 75 E2 A9 04 3F AE AD 
 4C 7B DE DC 69 86 E4 8A B2 BD B6 82 BE 3A 7F B3 
 35 D8 43 C7 A7 A7 46 AD A6 2C 47 E3 C7 88 11 BA 
 0A D8 57 76 EE 8F 20 7B 7D 38 0D 68 56 B9 37 7F 
 52 AE AB 44 52 C3 CA 34 37 DC 1F D9 06 C5 3B A6 
 71 16 85 34 70 9F 14 C0 BB 76 2B C2 2B A7 92 92 
 DA 67 FC E8 31 BA B2 8B 62 E0 64 C5 D8 CE FF DE 
 EB 46 1D AB CD 3B 4F C6 E3 7D FB 65 C7 A1 6C 10 
 31 7B 68 57 91 F5 AE B3 F1 02 E2 D9 20 C2 08 67 
 03 38 AD 58 93 4F 21 96 E2 48 42 EB 88 83 4B C7 
 FC 18 AF B8 8E 18 4E 04 87 B3 14 F5 EF 07 C5 55 
 D6 48 BD AA BB B6 A0 44 DE DD 5F 1D 32 D8 84 84 
 CF D7 D6 55 BE B9 19 95 19 1C 2D 0C 82 7D 7E 4C 
 D3 CA 6E B2 40 7A F1 6D 48 D9 1C 9B 6F 78 29 DD 
 EA 07 47 B8 C6 D6 BA 71 05 85 39 BA 58 9D 58 69 
 C5 4E AE 6E 2D 77 3A 67 72 DE 84 14 82 1F CC 77 
 10 12 88 43 B5 4E C0 96 05 CA 9A 9C 62 52 89 F0 
 DA 1E E3 99 2F 7A 61 CE 73 22 A6 A8 64 17 C8 18 
 FE 47 65 7A BC D7 40 C5 8F E4 48 5A CE 51 3E 5F 
 2F 22 06 15 9A EC A1 C6 6B 19 16 3D 87 7D E8 46 
 99 F0 7C 0E 7F 55 A3 F8 C2 95 85 AD 1C D4 5D D6 
 B6 A4 10 88 F7 76 79 E3 0A 53 C5 CD DB 2F 24 07 
 ED 31 C1 04 B6 7C 00 6E FD 3C B7 E5 4D 8C 5E 50 
 A1 D9 B0 FA B1 80 C2 29 
    IsEnEnabled(0x161 = 'ContextLoad'): 1
 SWTPM_IO_Write: length 14
 80 01 00 00 00 0E 00 00 00 00 80 00 00 00 
 SWTPM_IO_Read: length 414
 80 01 00 00 01 9E 00 00 01 61 00 00 00 00 00 00 
 00 39 02 00 00 00 40 00 00 07 01 82 00 40 A0 84 
 E0 46 6F F1 53 A6 54 42 BF 56 F2 0E E0 05 D0 48 
 78 BD 45 75 11 84 C4 17 71 BE E6 D7 66 9D AA E0 
 04 FB A1 22 8C FC 93 86 D5 91 43 7C 9B C1 34 8E 
 87 CA 6A 24 97 22 D5 03 92 00 61 FA 13 6E B5 EA 
 3B 45 72 1B 27 01 DB 37 B8 9E 45 D7 B3 34 E4 C5 
 98 3C 27 53 4C E0 B0 6B 9A 5D 28 2C 0A BF A8 50 
 00 16 AB 1F 78 77 70 0A FE 4C C9 2C 2F 6A D3 AC 
 C7 C3 D9 EF F2 53 24 6F 16 80 6F B5 86 2C AE E9 
 DB A6 C2 02 95 A8 92 DA 6E B2 07 72 D0 CD 43 D5 
 57 81 D7 74 D8 B0 23 C9 8B AA 18 C2 F5 E5 26 17 
 85 D3 E1 DB 5B 7F 02 51 F4 0B 18 3A DE 74 65 9D 
 51 57 A8 C8 A3 DB 5F AD 92 74 4A 12 89 3A F0 3E 
 40 BC C9 93 58 0F A7 28 FF BB 53 6E 18 8C D2 12 
 C3 11 97 52 AD 02 2C 79 86 A8 7F 51 C5 2B 1C 3B 
 C1 E7 F5 46 16 03 BE 46 90 C9 95 C4 D9 C3 BE 48 
 C8 66 22 D2 FA D0 80 2C 33 E4 57 D4 4C 71 29 77 
 0A 13 7C D1 FE 2D AD AA F4 8D 32 F1 17 0B 8C 7A 
 81 4A 36 CD 6B 86 05 9A 43 55 AF B4 D7 98 0B E1 
 9A 9B 34 A3 29 B9 39 28 B2 20 80 10 6C B1 D7 7A 
 9F 41 A4 7D 43 7C E2 EB B0 63 E2 03 E3 2A CA A3 
 75 FA 72 AE 52 6A 2F 3E BB E9 8F B6 73 F4 62 BC 
 B3 67 F7 C6 7A D5 97 65 63 2E E1 63 84 1C D9 49 
 13 EC E4 61 80 35 5E E3 2D F1 E0 45 AE DE 49 02 
 CA 47 44 8D A7 CC 3F 4B 6A A1 BB 53 AA 16 
    IsEnEnabled(0x161 = 'ContextLoad'): 1
 SWTPM_IO_Write: length 14
 80 01 00 00 00 0E 00 00 00 00 02 00 00 00 
 SWTPM_IO_Read: length 414
 80 01 00 00 01 9E 00 00 01 61 00 00 00 00 00 00 
 00 3A 03 00 00 01 40 00 00 07 01 82 00 40 F5 1C 
 CD 20 41 C8 68 63 E1 3D F7 E1 A8 E2 FA 2B 40 FB 
 11 4F F1 1E 24 13 B7 07 25 60 7E 85 37 3B 4E B7 
 01 71 BF 2F 0E E0 71 26 D0 88 50 59 75 DD 52 5F 
 2B DB FD 57 88 CB 91 DE 76 34 99 23 BA 95 96 47 
 7B AA 46 CD AB 5E 5F 03 04 E4 BA C3 62 A7 7C 27 
 28 BB C1 B1 61 69 D4 A7 65 92 26 4A 02 78 A6 A3 
 49 02 3A F8 CE 43 96 B1 79 57 DB 67 0D 6C 35 21 
 B6 E3 6F 78 EB F7 E8 9C E4 CE C7 03 4B 1D 2C 82 
 C2 73 FB 93 DA 90 8E 84 86 86 E6 1B F0 C9 42 C4 
 66 40 E4 FF EF 14 97 8B 42 4E 71 3D 47 B7 7F C6 
 79 9F 94 C2 79 D0 CC 04 81 4F B4 C7 F5 F4 7C 12 
 90 AF 97 B5 68 CB 15 72 89 54 CB B4 DC 23 7C C7 
 A2 19 E4 55 5F 23 28 FC FF E1 60 03 8B 73 42 21 
 F9 31 B4 08 89 2E 88 AF C0 AD 5D 6A 1E 6B 5A 6F 
 89 49 16 D8 7D 05 E3 A1 A9 20 F9 87 B5 05 A1 7A 
 8C 9F 85 73 25 16 3F 47 4A DB F9 72 7F DD B9 1F 
 63 E8 2F 2F 94 D7 35 0C 8C 95 46 06 75 EF 99 57 
 13 97 A1 42 B4 55 AF C2 3F 7A 4B 95 30 4B 5E 0F 
 01 2F 78 8D B7 95 07 70 C2 ED AA 85 37 32 B7 2C 
 CE 8F 39 DD 4C F4 3A 7B 03 D7 9D 12 93 0F 06 00 
 B4 45 14 23 B3 1E AE 26 B2 1B C6 8C CC FA 08 6B 
 FC 02 2A 08 FA 79 A3 D0 B3 91 4D DD 56 89 25 F0 
 06 DF EA 5E 02 F2 6D 7F 39 E0 AA 62 1B 58 AD 6E 
 BF F8 43 3C 97 46 64 C6 35 AE 11 ED A6 74 
    IsEnEnabled(0x161 = 'ContextLoad'): 1
 SWTPM_IO_Write: length 14
 80 01 00 00 00 0E 00 00 00 00 03 00 00 01 
 SWTPM_IO_Read: length 14
 80 01 00 00 00 0E 00 00 01 89 03 00 00 01 
    IsEnEnabled(0x189 = 'PolicyGetDigest'): 1
 SWTPM_IO_Write: length 44
 80 01 00 00 00 2C 00 00 00 00 00 20 8C 3D 9B 87 
 D9 B8 F1 BA BA BE AB D7 0D CB D3 E3 A3 4C C2 A8 
 5F 70 02 DB 5E 28 2F 48 BD EE 16 17 
 SWTPM_IO_Read: length 14
 80 01 00 00 00 0E 00 00 01 62 80 00 00 00 
    IsEnEnabled(0x162 = 'ContextSave'): 1
 SWTPM_IO_Write: length 456
 80 01 00 00 01 C8 00 00 00 00 00 00 00 00 00 00 
 00 64 80 00 00 00 40 00 00 01 01 AC 00 40 F6 D0 
 0B B8 7C 20 EF 23 13 EC DF DF 11 39 49 D8 D7 53 
 3C DF 42 5E 17 1F 88 B9 58 95 AA AF F7 9C F4 7B 
 51 5B EC 80 84 38 C7 6A 74 0B F6 FE 7F 05 02 57 
 15 7D DF E0 40 EB B7 CE 30 68 56 AB 5C EA 8B 80 
 EB 04 29 25 87 BE AC E1 96 5F FD C4 09 A3 C5 3D 
 D9 5E F4 7D 9C A5 EA 03 7F F0 DB C8 21 A0 05 EA 
 E8 36 8A F6 2D 32 8F 48 1E C0 3D F8 94 D1 F3 AB 
 1B 33 14 02 45 29 F9 23 47 27 92 9F F6 64 CD C9 
 FA F0 6C EB 43 C5 AA 7C E6 46 6E 1D 0E 34 CB C1 
 4F 12 78 65 3A A5 C8 E7 0E 00 64 6D 32 0E 28 4A 
 CF 98 EC AA F3 AB B2 82 FE EA 73 8F 67 A4 1C 74 
 EA 30 D6 69 78 0C 6F A7 C1 A4 9A BF 70 68 6A 07 
 89 7F 41 C6 C4 43 D8 8B B4 5F 50 E1 0B F5 31 36 
 15 49 A3 99 2A E9 F7 91 7F 4D AA 69 91 E2 CC C2 
 52 C4 4B 96 E4 80 7B 10 53 B9 6D 30 50 71 AC 77 
 2F A0 F3 41 9B BD 63 E5 EE BB 8C F2 6A DD C9 C2 
 7F 4C B5 74 89 F9 97 F1 55 97 E5 D1 DC 3D C4 16 
 42 2F 8E 26 01 FB ED E0 B9 13 80 DE 4F E2 E1 38 
 15 D3 BF 5E 01 73 B8 A6 72 AE 49 BB EE 8C F2 48 
 5E 3B 15 DE B4 04 0D F1 B5 A3 EF E5 F8 61 69 AA 
 41 05 F2 86 E4 D0 8B 91 A8 7B CB 02 EE 69 28 00 
 2E 44 86 D5 F8 DC 3A B7 EE 18 85 92 6F F9 09 02 
 4E 44 4B 04 D5 9F 43 1E 75 E3 5B B1 7C 15 D7 62 
 91 8C 49 1F 96 B8 BA 5F A9 B3 4B C4 DA 39 1A EE 
 0B 6E DB 9E 60 FC 5C 4A 7D B9 47 F1 55 B4 15 7C 
 4E 8E A7 78 7B E0 DF 3B 69 C0 22 9B 9C AC 69 DA 
 36 97 17 1F 18 92 0F 96 
 SWTPM_IO_Read: length 14
 80 01 00 00 00 0E 00 00 01 65 80 00 00 00 
    IsEnEnabled(0x165 = 'FlushContext'): 1
 SWTPM_IO_Write: length 10
 80 01 00 00 00 0A 00 00 00 00 
 SWTPM_IO_Read: length 14
 80 01 00 00 00 0E 00 00 01 62 02 00 00 00 
    IsEnEnabled(0x162 = 'ContextSave'): 1
 SWTPM_IO_Write: length 414
 80 01 00 00 01 9E 00 00 00 00 00 00 00 00 00 00 
 00 3B 02 00 00 00 40 00 00 07 01 82 00 40 8B 5C 
 18 F9 5A D9 CF 8C E0 69 C0 47 EB 82 82 E0 BE D1 
 27 68 E8 06 05 B3 82 5B 00 65 72 92 C8 80 C6 6F 
 BB B3 8E 24 DA 53 80 C4 66 97 41 F4 DF 2D D6 11 
 B9 0F 91 6F CF BA 91 C2 DB 04 5B B8 67 FC 76 8B 
 F4 B3 A7 23 25 97 63 53 13 18 11 10 2E 74 22 CC 
 D0 CA 36 9F 97 3F DD 8C CE 2F 3A EF 23 09 AD 6A 
 49 B8 CD 4C BF 17 AE 6B E5 EC 03 EF 85 99 2A 8E 
 79 5E 0F 1A 48 F7 23 03 38 19 5F 71 12 41 A4 01 
 89 4E 65 26 D4 57 B2 A6 79 5F 0D 30 1D 33 D1 C8 
 A1 5D 06 79 F9 CC A7 E6 09 BE 10 AC D2 26 EF 97 
 02 7F 3C C6 8D 3E 69 3C 26 7C 90 A5 D9 11 BB FE 
 1F 68 16 72 05 A0 F1 40 8C 9E 4E 8B 33 AB C9 59 
 E0 4C C3 87 76 84 E1 B9 73 06 46 D5 83 A1 81 1E 
 5D 62 16 BC 70 23 60 67 14 6E 7A 38 5C D0 18 3F 
 CE 89 9F 65 E6 CF 64 3F 09 C6 D4 BD C3 5C 10 DA 
 7D 8A AC 85 51 99 70 2F AF 09 3B 4B 09 AB 60 A2 
 CF B5 1B 18 8C 6F 2C 73 E1 53 FF B9 76 A7 87 C6 
 85 27 C6 A1 81 BF 5B 72 3A 9D BE CF 52 76 73 3B 
 91 91 79 1A 16 8D 5F CD D9 9D B7 36 CC 8B 2F 75 
 24 C9 42 A0 DC DD 7B F1 F5 E1 E4 22 5A 19 2D 9B 
 25 75 D5 32 77 06 60 52 94 F0 56 FC 94 19 F6 DF 
 F2 9E 07 ED 44 A2 AA 02 6A 5C F3 73 41 3E 42 22 
 21 B8 19 EB DA 50 EA 9A 6D DE B0 46 2C 59 16 A1 
 A3 4E C2 1A 8C A9 CC 19 48 9E 2B 19 05 21 
 SWTPM_IO_Read: length 14
 80 01 00 00 00 0E 00 00 01 62 03 00 00 01 
    IsEnEnabled(0x162 = 'ContextSave'): 1
 SWTPM_IO_Write: length 414
 80 01 00 00 01 9E 00 00 00 00 00 00 00 00 00 00 
 00 3C 03 00 00 01 40 00 00 07 01 82 00 40 D3 F8 
 45 47 B8 2B 11 A8 A1 9A 38 E2 7F D1 2C CB 4E B3 
 16 31 C2 1F DC EF 83 32 94 F0 4A F7 3A 5A 59 B3 
 57 5E 64 35 E3 FF 8F CA 6E 2F A7 EF E4 46 82 DE 
 B0 90 D8 4E B5 29 D9 FD 64 E4 0B 2A DA 72 0D 74 
 12 58 9B A0 F8 83 19 61 A6 CA 14 9D 49 03 CD 49 
 B7 38 72 73 87 A5 BD 0E 5B 7F 43 67 15 6E AB 84 
 8D 15 DF 83 E5 7B BA B4 60 4B E0 C8 76 6C A9 2B 
 10 6A 54 E9 C9 B1 BA 44 B0 EF 7E C5 1B 69 40 3F 
 9B 08 CC CD 7B E0 34 3B 09 9F D3 35 55 FE B3 B2 
 F0 42 C8 1E C7 4A 61 02 BD B7 F9 75 B6 2D 05 FE 
 30 F6 0B 1D 7C 06 2B 40 AC AB FB D3 83 BD 6E EA 
 91 04 B8 A6 5F F2 DE FD 62 A9 72 0B C8 50 35 46 
 9C 78 18 FA 9F 01 9F BE 16 19 3E 7C E0 84 68 82 
 58 0F 53 7C 0E 7C B2 FF 76 9B 90 7E 79 5D 31 29 
 CE 9B 71 CC 75 F5 01 18 DF 3D 6D 51 A0 9F EE BA 
 5A 40 5A 27 AA AB D4 31 52 58 50 7B 8F B1 74 23 
 93 6B 77 75 2D 6F 82 23 A6 83 10 98 08 6A C9 91 
 BB FB D7 76 E5 61 5E EF 1B 65 45 75 1F 89 12 A2 
 A9 D9 59 34 8A 79 A9 C3 28 C5 33 8B F0 7B 02 AB 
 BC 88 7E C8 B9 1D 7E 6D A2 0C 98 10 5C D9 E2 B8 
 BF C8 D6 37 D9 2E 6B A5 5A 88 BF 50 E1 54 7F F5 
 F7 35 1F 98 1D 4E 4C 1F C9 5B 9A 56 B3 D2 83 5F 
 5B CE 0E 83 49 5D 2D BD 69 00 5F 09 D0 D4 31 2E 
 ED 81 6D 98 1E 6F B3 E8 7C E0 D6 BF DB BF 
 SWTPM_IO_Read: length 456
 80 01 00 00 01 C8 00 00 01 61 00 00 00 00 00 00 
 00 64 80 00 00 00 40 00 00 01 01 AC 00 40 F6 D0 
 0B B8 7C 20 EF 23 13 EC DF DF 11 39 49 D8 D7 53 
 3C DF 42 5E 17 1F 88 B9 58 95 AA AF F7 9C F4 7B 
 51 5B EC 80 84 38 C7 6A 74 0B F6 FE 7F 05 02 57 
 15 7D DF E0 40 EB B7 CE 30 68 56 AB 5C EA 8B 80 
 EB 04 29 25 87 BE AC E1 96 5F FD C4 09 A3 C5 3D 
 D9 5E F4 7D 9C A5 EA 03 7F F0 DB C8 21 A0 05 EA 
 E8 36 8A F6 2D 32 8F 48 1E C0 3D F8 94 D1 F3 AB 
 1B 33 14 02 45 29 F9 23 47 27 92 9F F6 64 CD C9 
 FA F0 6C EB 43 C5 AA 7C E6 46 6E 1D 0E 34 CB C1 
 4F 12 78 65 3A A5 C8 E7 0E 00 64 6D 32 0E 28 4A 
 CF 98 EC AA F3 AB B2 82 FE EA 73 8F 67 A4 1C 74 
 EA 30 D6 69 78 0C 6F A7 C1 A4 9A BF 70 68 6A 07 
 89 7F 41 C6 C4 43 D8 8B B4 5F 50 E1 0B F5 31 36 
 15 49 A3 99 2A E9 F7 91 7F 4D AA 69 91 E2 CC C2 
 52 C4 4B 96 E4 80 7B 10 53 B9 6D 30 50 71 AC 77 
 2F A0 F3 41 9B BD 63 E5 EE BB 8C F2 6A DD C9 C2 
 7F 4C B5 74 89 F9 97 F1 55 97 E5 D1 DC 3D C4 16 
 42 2F 8E 26 01 FB ED E0 B9 13 80 DE 4F E2 E1 38 
 15 D3 BF 5E 01 73 B8 A6 72 AE 49 BB EE 8C F2 48 
 5E 3B 15 DE B4 04 0D F1 B5 A3 EF E5 F8 61 69 AA 
 41 05 F2 86 E4 D0 8B 91 A8 7B CB 02 EE 69 28 00 
 2E 44 86 D5 F8 DC 3A B7 EE 18 85 92 6F F9 09 02 
 4E 44 4B 04 D5 9F 43 1E 75 E3 5B B1 7C 15 D7 62 
 91 8C 49 1F 96 B8 BA 5F A9 B3 4B C4 DA 39 1A EE 
 0B 6E DB 9E 60 FC 5C 4A 7D B9 47 F1 55 B4 15 7C 
 4E 8E A7 78 7B E0 DF 3B 69 C0 22 9B 9C AC 69 DA 
 36 97 17 1F 18 92 0F 96 
    IsEnEnabled(0x161 = 'ContextLoad'): 1
 SWTPM_IO_Write: length 14
 80 01 00 00 00 0E 00 00 00 00 80 00 00 00 
 SWTPM_IO_Read: length 414
 80 01 00 00 01 9E 00 00 01 61 00 00 00 00 00 00 
 00 3B 02 00 00 00 40 00 00 07 01 82 00 40 8B 5C 
 18 F9 5A D9 CF 8C E0 69 C0 47 EB 82 82 E0 BE D1 
 27 68 E8 06 05 B3 82 5B 00 65 72 92 C8 80 C6 6F 
 BB B3 8E 24 DA 53 80 C4 66 97 41 F4 DF 2D D6 11 
 B9 0F 91 6F CF BA 91 C2 DB 04 5B B8 67 FC 76 8B 
 F4 B3 A7 23 25 97 63 53 13 18 11 10 2E 74 22 CC 
 D0 CA 36 9F 97 3F DD 8C CE 2F 3A EF 23 09 AD 6A 
 49 B8 CD 4C BF 17 AE 6B E5 EC 03 EF 85 99 2A 8E 
 79 5E 0F 1A 48 F7 23 03 38 19 5F 71 12 41 A4 01 
 89 4E 65 26 D4 57 B2 A6 79 5F 0D 30 1D 33 D1 C8 
 A1 5D 06 79 F9 CC A7 E6 09 BE 10 AC D2 26 EF 97 
 02 7F 3C C6 8D 3E 69 3C 26 7C 90 A5 D9 11 BB FE 
 1F 68 16 72 05 A0 F1 40 8C 9E 4E 8B 33 AB C9 59 
 E0 4C C3 87 76 84 E1 B9 73 06 46 D5 83 A1 81 1E 
 5D 62 16 BC 70 23 60 67 14 6E 7A 38 5C D0 18 3F 
 CE 89 9F 65 E6 CF 64 3F 09 C6 D4 BD C3 5C 10 DA 
 7D 8A AC 85 51 99 70 2F AF 09 3B 4B 09 AB 60 A2 
 CF B5 1B 18 8C 6F 2C 73 E1 53 FF B9 76 A7 87 C6 
 85 27 C6 A1 81 BF 5B 72 3A 9D BE CF 52 76 73 3B 
 91 91 79 1A 16 8D 5F CD D9 9D B7 36 CC 8B 2F 75 
 24 C9 42 A0 DC DD 7B F1 F5 E1 E4 22 5A 19 2D 9B 
 25 75 D5 32 77 06 60 52 94 F0 56 FC 94 19 F6 DF 
 F2 9E 07 ED 44 A2 AA 02 6A 5C F3 73 41 3E 42 22 
 21 B8 19 EB DA 50 EA 9A 6D DE B0 46 2C 59 16 A1 
 A3 4E C2 1A 8C A9 CC 19 48 9E 2B 19 05 21 
    IsEnEnabled(0x161 = 'ContextLoad'): 1
 SWTPM_IO_Write: length 14
 80 01 00 00 00 0E 00 00 00 00 02 00 00 00 
 SWTPM_IO_Read: length 414
 80 01 00 00 01 9E 00 00 01 61 00 00 00 00 00 00 
 00 3C 03 00 00 01 40 00 00 07 01 82 00 40 D3 F8 
 45 47 B8 2B 11 A8 A1 9A 38 E2 7F D1 2C CB 4E B3 
 16 31 C2 1F DC EF 83 32 94 F0 4A F7 3A 5A 59 B3 
 57 5E 64 35 E3 FF 8F CA 6E 2F A7 EF E4 46 82 DE 
 B0 90 D8 4E B5 29 D9 FD 64 E4 0B 2A DA 72 0D 74 
 12 58 9B A0 F8 83 19 61 A6 CA 14 9D 49 03 CD 49 
 B7 38 72 73 87 A5 BD 0E 5B 7F 43 67 15 6E AB 84 
 8D 15 DF 83 E5 7B BA B4 60 4B E0 C8 76 6C A9 2B 
 10 6A 54 E9 C9 B1 BA 44 B0 EF 7E C5 1B 69 40 3F 
 9B 08 CC CD 7B E0 34 3B 09 9F D3 35 55 FE B3 B2 
 F0 42 C8 1E C7 4A 61 02 BD B7 F9 75 B6 2D 05 FE 
 30 F6 0B 1D 7C 06 2B 40 AC AB FB D3 83 BD 6E EA 
 91 04 B8 A6 5F F2 DE FD 62 A9 72 0B C8 50 35 46 
 9C 78 18 FA 9F 01 9F BE 16 19 3E 7C E0 84 68 82 
 58 0F 53 7C 0E 7C B2 FF 76 9B 90 7E 79 5D 31 29 
 CE 9B 71 CC 75 F5 01 18 DF 3D 6D 51 A0 9F EE BA 
 5A 40 5A 27 AA AB D4 31 52 58 50 7B 8F B1 74 23 
 93 6B 77 75 2D 6F 82 23 A6 83 10 98 08 6A C9 91 
 BB FB D7 76 E5 61 5E EF 1B 65 45 75 1F 89 12 A2 
 A9 D9 59 34 8A 79 A9 C3 28 C5 33 8B F0 7B 02 AB 
 BC 88 7E C8 B9 1D 7E 6D A2 0C 98 10 5C D9 E2 B8 
 BF C8 D6 37 D9 2E 6B A5 5A 88 BF 50 E1 54 7F F5 
 F7 35 1F 98 1D 4E 4C 1F C9 5B 9A 56 B3 D2 83 5F 
 5B CE 0E 83 49 5D 2D BD 69 00 5F 09 D0 D4 31 2E 
 ED 81 6D 98 1E 6F B3 E8 7C E0 D6 BF DB BF 
    IsEnEnabled(0x161 = 'ContextLoad'): 1
 SWTPM_IO_Write: length 14
 80 01 00 00 00 0E 00 00 00 00 03 00 00 01 
 SWTPM_IO_Read: length 164
 80 02 00 00 00 A4 00 00 01 5E 80 00 00 00 00 00 
 00 92 03 00 00 01 00 20 CF 9B 6A 7A 24 8F AA E4 
 2E 6A 81 8F 81 89 8A BD 4C CC CA E7 1E 89 11 69 
 8B EB 6D 6D BD B7 6B 03 01 00 20 4E C0 14 8E DF 
 C2 DA 21 ED 31 AE 82 2A A7 29 96 9F 53 B7 2D AB 
 8D BA 5B B3 CB FF 83 20 6D E7 32 02 00 00 00 00 
 20 B4 17 67 5F 0C 44 4E 70 C1 0D 02 95 1B 25 F2 
 1E 94 A1 A1 EA 35 B5 C9 3D C3 53 F1 B7 DE 28 AA 
 F9 41 00 20 6A AF 7D 6E A3 FF 0D 77 F8 08 42 28 
 87 CA 2E 1A D4 F5 31 AC 96 D7 7E 27 1E 69 89 D8 
 31 91 7E EB 
    IsEnEnabled(0x15e = 'Unseal'): 1
 SWTPM_IO_Write: length 186
 80 02 00 00 00 BA 00 00 00 00 00 00 00 22 00 20 
 16 2A 04 94 D0 0C AF 1D F6 42 36 40 EF 65 31 C9 
 32 C4 8B 96 F3 74 84 52 DA D9 AA 63 A6 82 3A 4C 
 00 20 2D 9F 7F B0 5C 16 42 42 D9 E6 48 42 3E AD 
 0C 54 2F DA 54 FB C4 5F D1 BE AA D8 48 32 6B F8 
 C2 42 01 00 20 A7 DB 2C D0 D5 3E A2 4B D7 4F 9A 
 2D AE ED 73 66 DA A1 4A 7C 09 AA 2E 9F 4C 23 37 
 F2 D3 9B CC CD 00 20 F0 C0 3D AB BA 3C 6D B4 DB 
 FF 10 A6 D2 DD A2 49 F1 C4 8B C1 7C DC 00 88 37 
 84 4C 88 7B 87 B4 D1 41 00 20 B9 29 B7 85 79 3B 
 25 57 8A 8E 63 46 64 6A 1E E5 BD 6C 90 D9 80 E2 
 B4 3C 88 28 5D CE 3A 4B DD B7 
 SWTPM_IO_Read: length 14
 80 01 00 00 00 0E 00 00 01 62 80 00 00 00 
    IsEnEnabled(0x162 = 'ContextSave'): 1
 SWTPM_IO_Write: length 456
 80 01 00 00 01 C8 00 00 00 00 00 00 00 00 00 00 
 00 65 80 00 00 00 40 00 00 01 01 AC 00 40 31 9A 
 29 83 3A 84 5B F1 A0 1F 6F EF B7 83 BF 1F EC DA 
 DD 32 3C C2 ED 27 F2 41 C3 2B 17 7E D9 41 DA 96 
 71 6B 81 5E 4F 3B 01 F7 09 BB 7F EA 21 D7 E0 02 
 2A A2 FB 8A 9F FC 53 3F 2D B7 87 A4 81 F7 6D 32 
 0D C6 B3 6D 9F 25 D3 81 C2 28 18 93 E1 3E AD FC 
 F1 C8 56 3B 09 0D 33 46 EE 45 D8 F8 71 F3 33 52 
 81 5A CA DB B0 C2 30 20 16 A2 66 27 A7 F5 B9 1A 
 6E 17 F0 4B 65 F6 16 D1 43 59 FB A8 7C D8 72 AB 
 C7 96 07 DE 17 AB 22 D2 D0 B7 82 0A FB 4B 25 E8 
 C7 9E CB 3A 19 56 80 46 12 07 0C 9E 00 D3 40 45 
 92 EA 1E AC A1 4F 44 FD 14 0C E7 D2 69 44 D6 D4 
 FC F0 FB FE 07 05 8F 8B 22 B1 76 10 8B D1 F5 52 
 97 EB 1F B0 5A 02 3D 60 5F D9 19 2F 58 5E 67 0D 
 E4 60 49 74 D4 ED A7 67 61 98 E9 C3 47 DD D9 80 
 E2 28 30 89 8C 65 EB A6 E1 4D 52 28 3E 9C 1F 17 
 A1 E2 8F F1 A6 7A C1 78 DD 7B 76 21 7C 9E E2 88 
 BF 58 90 70 02 6F D0 63 03 82 67 DF 35 B7 AE 53 
 61 48 D8 B9 CE F6 C7 5E C9 E9 1B 98 AF F5 1A A1 
 A4 BE 6E 04 C4 D4 FD 0A E0 E3 48 67 78 78 DA DF 
 9C C9 9B E3 5A 8B 51 C9 19 17 27 5E DA 72 F6 45 
 DE 43 60 49 69 3D E8 A9 53 50 8E 65 6B CE 46 7C 
 64 3D 1F 38 5D 64 AE 54 98 5E 0C F5 AD 31 61 EB 
 D3 D5 4E 8F BD 91 5F CD 83 13 6D 63 6E 2E 80 50 
 4E 69 39 09 18 99 FB 45 47 92 4F EF 0A 2F 16 03 
 2D F7 5F 36 0E 73 01 37 51 97 3F 1C D5 1E C4 DB 
 F2 07 22 D7 BD 73 86 56 01 4F C4 E7 85 70 22 81 
 A0 4F 65 29 32 B2 12 E8 
 SWTPM_IO_Read: length 14
 80 01 00 00 00 0E 00 00 01 65 80 00 00 00 
    IsEnEnabled(0x165 = 'FlushContext'): 1
 SWTPM_IO_Write: length 10
 80 01 00 00 00 0A 00 00 00 00 
 SWTPM_IO_Read: length 14
 80 01 00 00 00 0E 00 00 01 62 02 00 00 00 
    IsEnEnabled(0x162 = 'ContextSave'): 1
 SWTPM_IO_Write: length 414
 80 01 00 00 01 9E 00 00 00 00 00 00 00 00 00 00 
 00 3D 02 00 00 00 40 00 00 07 01 82 00 40 DA AD 
 B7 C6 C5 ED 9E FD AF 02 FA C0 6A 40 01 27 F2 81 
 D9 EA 34 11 D0 F7 B5 8E 66 A5 84 07 DC 01 6B 74 
 95 09 1B E7 3E C6 9E 9A D5 7E C5 18 49 49 C9 48 
 AC BE B4 CB 2E 2C EA 93 FC 3E 0C 70 8D C7 0D 8C 
 85 03 D5 77 85 3A 84 74 F5 D9 9C 9A 9B 43 BA DA 
 46 D9 02 5D 4D 6F D4 40 F6 D2 30 0B 3F 7F 91 7B 
 C9 89 FA 8D 39 18 72 7B A3 4A 68 AC A6 94 8B 35 
 24 98 A6 E6 9A 61 E5 E5 5D 9E AB E4 8B 3A 6D 51 
 72 E8 6D 01 49 54 BA F4 44 F2 3B 86 53 4F 73 30 
 FD 9B 26 E9 B9 D1 B2 85 2D 6E 38 68 81 4B B2 AF 
 A3 AE D8 41 11 96 42 43 72 4F 8D 7E EB 7D C1 C8 
 85 72 80 C1 3B B0 A5 1B E4 BF 85 EF E4 CA FC 00 
 CE 32 64 11 08 0C D8 22 F8 CF 5F B9 BC 1B 74 AA 
 6B F6 C6 C6 91 20 E1 DA 7A BA 6E 39 FB C5 F8 03 
 91 D3 96 38 B9 2E A3 E4 B1 8F 75 93 3E E4 E8 33 
 64 F0 5F E3 43 69 16 5C C3 8C 30 E6 C6 09 C4 27 
 BD A9 1B 54 A7 8C 2D 92 76 B2 78 E3 9C 5E 5E 74 
 58 ED B7 83 99 DA 6E 89 5B FC F7 D1 09 E2 5E CC 
 61 1A 0A 95 88 64 57 AB 7B 45 E3 02 ED 98 8D 80 
 16 41 85 59 75 52 A5 99 69 97 8E E3 37 4B 27 EC 
 66 D5 7C 4D B5 37 F3 7C EF B8 F5 9F AD 30 EA A8 
 E0 99 3B 86 A0 36 63 6F 28 0F BF 2A 64 50 45 17 
 FA 0E F0 7C 8E BF 70 68 A8 81 D2 2A 5D 6E CD 83 
 D3 39 2C 21 F6 D7 BA 27 E0 A3 75 7A A2 87 
 SWTPM_IO_Read: length 14
 80 01 00 00 00 0E 00 00 01 62 03 00 00 01 
    IsEnEnabled(0x162 = 'ContextSave'): 1
 SWTPM_IO_Write: length 414
 80 01 00 00 01 9E 00 00 00 00 00 00 00 00 00 00 
 00 3E 03 00 00 01 40 00 00 07 01 82 00 40 4E 44 
 23 BC 2D A8 A3 B1 B8 BA 15 90 47 8A 1F A2 8C 13 
 0D 07 30 39 87 2C 5C A9 11 97 C5 1D AA 2D 55 1E 
 F8 9B C1 F8 C9 9C 80 97 C1 04 6E 28 E7 D4 14 CB 
 B4 0C EA 69 59 DA 39 1E B8 62 E7 F0 13 38 6F 66 
 0F D7 E6 82 C8 4A 58 0C 4B 88 B7 07 75 AB EC 90 
 4A 74 3E 28 E3 E7 EF B0 79 1E 15 37 F0 9B 6A A5 
 46 2E 12 75 32 55 1D CA 71 8F E6 B3 96 95 C1 BE 
 95 C6 7A 3B 98 F7 63 76 DC 48 F2 CC 91 9C 7B 08 
 C9 E5 0E 30 94 64 59 E8 33 A0 4C 7D 10 5F 11 27 
 72 51 CC 34 0C 5D 4B C8 E7 8C E4 9C 29 44 CB DA 
 D8 88 78 B7 43 72 10 00 5D A1 BF 30 19 96 70 D7 
 B6 F7 64 D2 84 33 C4 CD 63 26 B5 20 D3 E9 8E 94 
 D3 80 7E 88 F8 36 B5 C3 9F F9 53 32 24 9D E0 5C 
 32 F8 A0 24 A1 5C DA 15 34 0F 62 67 0A F6 4A AA 
 86 17 E9 3E 27 D1 62 2F 8B 4B 85 1C 57 FE EC D6 
 20 5F BE 13 98 E4 7F 55 18 BE 10 02 95 31 BF 63 
 06 B4 67 25 6F 8C 4E 9F B1 37 5D 25 29 D8 78 AA 
 10 5E 3B 58 F0 8C 15 9A 63 5B 30 6B 0E 41 6C B7 
 0E ED 07 28 D8 F4 B2 B8 45 25 86 AA A2 35 E5 52 
 81 31 EA 09 26 94 1D A5 B9 86 51 95 11 E7 42 6D 
 60 BB 4E 07 56 FF 3C 4D 1F E9 16 E9 B5 46 C9 CB 
 DE 4A C9 8A 9F 62 F0 F9 D7 CE 93 7A A9 F1 21 47 
 B6 77 36 5E 51 64 1E 6A 94 71 06 FF BC B5 24 A8 
 68 0E A7 C5 8C 24 E4 78 2E FA 83 D3 8D 52 
 SWTPM_IO_Read: length 456
 80 01 00 00 01 C8 00 00 01 61 00 00 00 00 00 00 
 00 65 80 00 00 00 40 00 00 01 01 AC 00 40 31 9A 
 29 83 3A 84 5B F1 A0 1F 6F EF B7 83 BF 1F EC DA 
 DD 32 3C C2 ED 27 F2 41 C3 2B 17 7E D9 41 DA 96 
 71 6B 81 5E 4F 3B 01 F7 09 BB 7F EA 21 D7 E0 02 
 2A A2 FB 8A 9F FC 53 3F 2D B7 87 A4 81 F7 6D 32 
 0D C6 B3 6D 9F 25 D3 81 C2 28 18 93 E1 3E AD FC 
 F1 C8 56 3B 09 0D 33 46 EE 45 D8 F8 71 F3 33 52 
 81 5A CA DB B0 C2 30 20 16 A2 66 27 A7 F5 B9 1A 
 6E 17 F0 4B 65 F6 16 D1 43 59 FB A8 7C D8 72 AB 
 C7 96 07 DE 17 AB 22 D2 D0 B7 82 0A FB 4B 25 E8 
 C7 9E CB 3A 19 56 80 46 12 07 0C 9E 00 D3 40 45 
 92 EA 1E AC A1 4F 44 FD 14 0C E7 D2 69 44 D6 D4 
 FC F0 FB FE 07 05 8F 8B 22 B1 76 10 8B D1 F5 52 
 97 EB 1F B0 5A 02 3D 60 5F D9 19 2F 58 5E 67 0D 
 E4 60 49 74 D4 ED A7 67 61 98 E9 C3 47 DD D9 80 
 E2 28 30 89 8C 65 EB A6 E1 4D 52 28 3E 9C 1F 17 
 A1 E2 8F F1 A6 7A C1 78 DD 7B 76 21 7C 9E E2 88 
 BF 58 90 70 02 6F D0 63 03 82 67 DF 35 B7 AE 53 
 61 48 D8 B9 CE F6 C7 5E C9 E9 1B 98 AF F5 1A A1 
 A4 BE 6E 04 C4 D4 FD 0A E0 E3 48 67 78 78 DA DF 
 9C C9 9B E3 5A 8B 51 C9 19 17 27 5E DA 72 F6 45 
 DE 43 60 49 69 3D E8 A9 53 50 8E 65 6B CE 46 7C 
 64 3D 1F 38 5D 64 AE 54 98 5E 0C F5 AD 31 61 EB 
 D3 D5 4E 8F BD 91 5F CD 83 13 6D 63 6E 2E 80 50 
 4E 69 39 09 18 99 FB 45 47 92 4F EF 0A 2F 16 03 
 2D F7 5F 36 0E 73 01 37 51 97 3F 1C D5 1E C4 DB 
 F2 07 22 D7 BD 73 86 56 01 4F C4 E7 85 70 22 81 
 A0 4F 65 29 32 B2 12 E8 
    IsEnEnabled(0x161 = 'ContextLoad'): 1
 SWTPM_IO_Write: length 14
 80 01 00 00 00 0E 00 00 00 00 80 00 00 00 
 SWTPM_IO_Read: length 414
 80 01 00 00 01 9E 00 00 01 61 00 00 00 00 00 00 
 00 3D 02 00 00 00 40 00 00 07 01 82 00 40 DA AD 
 B7 C6 C5 ED 9E FD AF 02 FA C0 6A 40 01 27 F2 81 
 D9 EA 34 11 D0 F7 B5 8E 66 A5 84 07 DC 01 6B 74 
 95 09 1B E7 3E C6 9E 9A D5 7E C5 18 49 49 C9 48 
 AC BE B4 CB 2E 2C EA 93 FC 3E 0C 70 8D C7 0D 8C 
 85 03 D5 77 85 3A 84 74 F5 D9 9C 9A 9B 43 BA DA 
 46 D9 02 5D 4D 6F D4 40 F6 D2 30 0B 3F 7F 91 7B 
 C9 89 FA 8D 39 18 72 7B A3 4A 68 AC A6 94 8B 35 
 24 98 A6 E6 9A 61 E5 E5 5D 9E AB E4 8B 3A 6D 51 
 72 E8 6D 01 49 54 BA F4 44 F2 3B 86 53 4F 73 30 
 FD 9B 26 E9 B9 D1 B2 85 2D 6E 38 68 81 4B B2 AF 
 A3 AE D8 41 11 96 42 43 72 4F 8D 7E EB 7D C1 C8 
 85 72 80 C1 3B B0 A5 1B E4 BF 85 EF E4 CA FC 00 
 CE 32 64 11 08 0C D8 22 F8 CF 5F B9 BC 1B 74 AA 
 6B F6 C6 C6 91 20 E1 DA 7A BA 6E 39 FB C5 F8 03 
 91 D3 96 38 B9 2E A3 E4 B1 8F 75 93 3E E4 E8 33 
 64 F0 5F E3 43 69 16 5C C3 8C 30 E6 C6 09 C4 27 
 BD A9 1B 54 A7 8C 2D 92 76 B2 78 E3 9C 5E 5E 74 
 58 ED B7 83 99 DA 6E 89 5B FC F7 D1 09 E2 5E CC 
 61 1A 0A 95 88 64 57 AB 7B 45 E3 02 ED 98 8D 80 
 16 41 85 59 75 52 A5 99 69 97 8E E3 37 4B 27 EC 
 66 D5 7C 4D B5 37 F3 7C EF B8 F5 9F AD 30 EA A8 
 E0 99 3B 86 A0 36 63 6F 28 0F BF 2A 64 50 45 17 
 FA 0E F0 7C 8E BF 70 68 A8 81 D2 2A 5D 6E CD 83 
 D3 39 2C 21 F6 D7 BA 27 E0 A3 75 7A A2 87 
    IsEnEnabled(0x161 = 'ContextLoad'): 1
 SWTPM_IO_Write: length 14
 80 01 00 00 00 0E 00 00 00 00 02 00 00 00 
 SWTPM_IO_Read: length 414
 80 01 00 00 01 9E 00 00 01 61 00 00 00 00 00 00 
 00 3E 03 00 00 01 40 00 00 07 01 82 00 40 4E 44 
 23 BC 2D A8 A3 B1 B8 BA 15 90 47 8A 1F A2 8C 13 
 0D 07 30 39 87 2C 5C A9 11 97 C5 1D AA 2D 55 1E 
 F8 9B C1 F8 C9 9C 80 97 C1 04 6E 28 E7 D4 14 CB 
 B4 0C EA 69 59 DA 39 1E B8 62 E7 F0 13 38 6F 66 
 0F D7 E6 82 C8 4A 58 0C 4B 88 B7 07 75 AB EC 90 
 4A 74 3E 28 E3 E7 EF B0 79 1E 15 37 F0 9B 6A A5 
 46 2E 12 75 32 55 1D CA 71 8F E6 B3 96 95 C1 BE 
 95 C6 7A 3B 98 F7 63 76 DC 48 F2 CC 91 9C 7B 08 
 C9 E5 0E 30 94 64 59 E8 33 A0 4C 7D 10 5F 11 27 
 72 51 CC 34 0C 5D 4B C8 E7 8C E4 9C 29 44 CB DA 
 D8 88 78 B7 43 72 10 00 5D A1 BF 30 19 96 70 D7 
 B6 F7 64 D2 84 33 C4 CD 63 26 B5 20 D3 E9 8E 94 
 D3 80 7E 88 F8 36 B5 C3 9F F9 53 32 24 9D E0 5C 
 32 F8 A0 24 A1 5C DA 15 34 0F 62 67 0A F6 4A AA 
 86 17 E9 3E 27 D1 62 2F 8B 4B 85 1C 57 FE EC D6 
 20 5F BE 13 98 E4 7F 55 18 BE 10 02 95 31 BF 63 
 06 B4 67 25 6F 8C 4E 9F B1 37 5D 25 29 D8 78 AA 
 10 5E 3B 58 F0 8C 15 9A 63 5B 30 6B 0E 41 6C B7 
 0E ED 07 28 D8 F4 B2 B8 45 25 86 AA A2 35 E5 52 
 81 31 EA 09 26 94 1D A5 B9 86 51 95 11 E7 42 6D 
 60 BB 4E 07 56 FF 3C 4D 1F E9 16 E9 B5 46 C9 CB 
 DE 4A C9 8A 9F 62 F0 F9 D7 CE 93 7A A9 F1 21 47 
 B6 77 36 5E 51 64 1E 6A 94 71 06 FF BC B5 24 A8 
 68 0E A7 C5 8C 24 E4 78 2E FA 83 D3 8D 52 
    IsEnEnabled(0x161 = 'ContextLoad'): 1
 SWTPM_IO_Write: length 14
 80 01 00 00 00 0E 00 00 00 00 03 00 00 01 
 SWTPM_IO_Read: length 14
 80 01 00 00 00 0E 00 00 01 65 03 00 00 01 
    IsEnEnabled(0x165 = 'FlushContext'): 1
 SWTPM_IO_Write: length 10
 80 01 00 00 00 0A 00 00 00 00 
 SWTPM_IO_Read: length 14
 80 01 00 00 00 0E 00 00 01 62 80 00 00 00 
    IsEnEnabled(0x162 = 'ContextSave'): 1
 SWTPM_IO_Write: length 456
 80 01 00 00 01 C8 00 00 00 00 00 00 00 00 00 00 
 00 66 80 00 00 00 40 00 00 01 01 AC 00 40 31 C7 
 1B DF 0B EE 96 1D 5C 89 8E F2 A8 CE 75 83 A4 36 
 45 0C B4 AB B2 ED B4 7E 75 57 0C FA 27 18 21 22 
 23 F0 48 49 94 C5 DE 82 92 7B A5 6D 09 49 18 96 
 AB 1F 98 01 70 95 C5 1B D9 9A 9F 7F E6 A3 46 04 
 C6 DF 8B 5B 40 15 14 64 CD B0 DD 0A 6E 87 B7 25 
 E0 90 15 18 B2 25 74 58 48 2F FE 3A E1 BC 77 86 
 B2 83 B2 61 5A FC BE 51 35 C9 EC FE 14 B6 28 58 
 5A A8 81 23 31 C2 23 D6 80 A0 D9 FF 5B 6B 52 C4 
 0C 65 DA 3C 06 E1 5A 3F 19 FC 55 95 B2 23 31 F1 
 89 CF 44 74 D5 AE 20 96 F5 F4 F4 5A 55 AE 43 D5 
 FB 92 05 1E 6B 7E B0 59 C8 60 E5 92 B4 09 E8 BD 
 39 C3 CE A8 A9 72 A0 A8 69 30 6C 16 E0 C8 EC F5 
 0C 10 2C 73 C2 4C E1 BF 32 5B F1 F8 40 92 85 88 
 7D 25 00 A2 6B DB 22 F5 2C 78 17 E9 E9 65 96 2D 
 73 23 0F 1F EA FB 4E 4E A0 DE 80 EA 5B A9 20 77 
 3C A1 7C 5C E6 77 36 E0 80 46 54 F4 F7 5F 51 AF 
 38 21 31 D2 00 83 21 0A 4F 39 0B BE 64 77 21 9E 
 E0 81 EF 7D 37 53 AD 20 0C 6B 6A 14 95 67 C2 8F 
 87 ED 89 79 93 32 0A 52 44 24 15 D2 DC AA 22 EB 
 42 E6 AE 54 B2 A6 66 D0 57 DC FE D9 F7 A0 ED 77 
 EE B3 CB 39 7F DF 6F 5B D9 73 FA F5 2F B5 25 5F 
 38 92 FB AE B6 8F E9 71 4F D6 B0 E3 D6 59 74 FB 
 51 16 D8 27 E8 9C FA D2 A2 4B 80 90 3D 8F 13 C4 
 50 86 90 31 74 78 F2 FF BD E9 6B 59 25 5C 75 21 
 50 5E 27 73 C6 C0 81 CC 7C 71 68 8E 0F 72 FE F1 
 BA 89 ED C6 7A EB 7E 5D A2 FD 5C A6 8D DA 0A AC 
 87 01 BA 37 17 54 0C 40 
 SWTPM_IO_Read: length 14
 80 01 00 00 00 0E 00 00 01 65 80 00 00 00 
    IsEnEnabled(0x165 = 'FlushContext'): 1
 SWTPM_IO_Write: length 10
 80 01 00 00 00 0A 00 00 00 00 
 SWTPM_IO_Read: length 14
 80 01 00 00 00 0E 00 00 01 62 02 00 00 00 
    IsEnEnabled(0x162 = 'ContextSave'): 1
 SWTPM_IO_Write: length 414
 80 01 00 00 01 9E 00 00 00 00 00 00 00 00 00 00 
 00 3F 02 00 00 00 40 00 00 07 01 82 00 40 AF 36 
 5C 12 56 9C BA 48 0F 47 97 20 B7 5B D1 DF 12 33 
 88 99 E8 17 23 60 7F A0 7F 54 DD 3C 04 63 5B C5 
 11 7D 59 FE 64 C0 23 6A 13 64 35 0F 0F 75 F2 1A 
 FE F2 75 F2 84 4B 9D 11 46 0F 83 04 4C 33 58 78 
 6B 32 82 56 88 54 8E 0C DE C7 A8 9A 8B 08 66 07 
 C1 18 C9 84 F5 9F C3 17 8E D5 08 DE 43 1B DB 43 
 2E 48 84 41 C0 87 65 2B EB DD F8 D3 33 EC 63 D3 
 4C 9B E3 24 06 1C E8 DB E2 D8 45 98 04 DE E6 92 
 2D 0E 3C 24 0A 45 44 18 6E B4 AD C9 A6 03 8E BD 
 F1 AB 96 40 3B 73 3B AE 8A AF E4 0A 93 80 8D 10 
 09 64 21 09 34 F9 CC 41 BC 0D 35 35 7D 98 D9 62 
 25 C7 2D 95 6A A4 A2 FD E1 60 3D 32 14 E9 AE 3B 
 5F AC 37 EC B1 C8 71 44 29 EE 4D DF 47 B1 1E C6 
 FA 12 26 95 17 A8 E5 6F 19 2A 4D D8 5F BA 47 A2 
 A8 B1 1F 0D 60 B7 01 90 3A 18 64 B2 40 C5 4F 72 
 DA A8 01 DD 04 F1 A7 C1 DD B3 65 80 85 BB 47 A1 
 25 D3 D0 63 71 F2 17 E2 D6 F0 B2 BA 8F 30 44 6C 
 BD 77 2E 88 7B 5A 29 06 98 7C C9 DF 15 FA 63 1B 
 81 90 90 C1 6E DE B3 26 2E 8C 0F B4 80 35 C5 6B 
 3C 52 B5 C6 71 DB 05 27 01 0C 70 18 4F 98 7A 3D 
 90 45 FE 74 4A A2 3F 90 6F 59 0E CF 63 8C E8 34 
 B6 45 E2 9F 8F 0E A0 7A 60 C0 41 FE 0F 14 E5 3E 
 FD B1 5C 18 85 9F 36 0B FF 56 77 EF 3D 28 05 AC 
 C7 91 57 F5 DA BA 16 EC 08 5F 95 ED 61 E1 
 SWTPM_IO_Read: length 14
 80 01 00 00 00 0E 00 00 01 62 03 00 00 01 
    IsEnEnabled(0x162 = 'ContextSave'): 1
 SWTPM_IO_Write: length 10
 80 01 00 00 00 0A 00 00 09 10 
 SWTPM_IO_Read: length 456
 80 01 00 00 01 C8 00 00 01 61 00 00 00 00 00 00 
 00 66 80 00 00 00 40 00 00 01 01 AC 00 40 31 C7 
 1B DF 0B EE 96 1D 5C 89 8E F2 A8 CE 75 83 A4 36 
 45 0C B4 AB B2 ED B4 7E 75 57 0C FA 27 18 21 22 
 23 F0 48 49 94 C5 DE 82 92 7B A5 6D 09 49 18 96 
 AB 1F 98 01 70 95 C5 1B D9 9A 9F 7F E6 A3 46 04 
 C6 DF 8B 5B 40 15 14 64 CD B0 DD 0A 6E 87 B7 25 
 E0 90 15 18 B2 25 74 58 48 2F FE 3A E1 BC 77 86 
 B2 83 B2 61 5A FC BE 51 35 C9 EC FE 14 B6 28 58 
 5A A8 81 23 31 C2 23 D6 80 A0 D9 FF 5B 6B 52 C4 
 0C 65 DA 3C 06 E1 5A 3F 19 FC 55 95 B2 23 31 F1 
 89 CF 44 74 D5 AE 20 96 F5 F4 F4 5A 55 AE 43 D5 
 FB 92 05 1E 6B 7E B0 59 C8 60 E5 92 B4 09 E8 BD 
 39 C3 CE A8 A9 72 A0 A8 69 30 6C 16 E0 C8 EC F5 
 0C 10 2C 73 C2 4C E1 BF 32 5B F1 F8 40 92 85 88 
 7D 25 00 A2 6B DB 22 F5 2C 78 17 E9 E9 65 96 2D 
 73 23 0F 1F EA FB 4E 4E A0 DE 80 EA 5B A9 20 77 
 3C A1 7C 5C E6 77 36 E0 80 46 54 F4 F7 5F 51 AF 
 38 21 31 D2 00 83 21 0A 4F 39 0B BE 64 77 21 9E 
 E0 81 EF 7D 37 53 AD 20 0C 6B 6A 14 95 67 C2 8F 
 87 ED 89 79 93 32 0A 52 44 24 15 D2 DC AA 22 EB 
 42 E6 AE 54 B2 A6 66 D0 57 DC FE D9 F7 A0 ED 77 
 EE B3 CB 39 7F DF 6F 5B D9 73 FA F5 2F B5 25 5F 
 38 92 FB AE B6 8F E9 71 4F D6 B0 E3 D6 59 74 FB 
 51 16 D8 27 E8 9C FA D2 A2 4B 80 90 3D 8F 13 C4 
 50 86 90 31 74 78 F2 FF BD E9 6B 59 25 5C 75 21 
 50 5E 27 73 C6 C0 81 CC 7C 71 68 8E 0F 72 FE F1 
 BA 89 ED C6 7A EB 7E 5D A2 FD 5C A6 8D DA 0A AC 
 87 01 BA 37 17 54 0C 40 
    IsEnEnabled(0x161 = 'ContextLoad'): 1
 SWTPM_IO_Write: length 14
 80 01 00 00 00 0E 00 00 00 00 80 00 00 00 
 SWTPM_IO_Read: length 414
 80 01 00 00 01 9E 00 00 01 61 00 00 00 00 00 00 
 00 3F 02 00 00 00 40 00 00 07 01 82 00 40 AF 36 
 5C 12 56 9C BA 48 0F 47 97 20 B7 5B D1 DF 12 33 
 88 99 E8 17 23 60 7F A0 7F 54 DD 3C 04 63 5B C5 
 11 7D 59 FE 64 C0 23 6A 13 64 35 0F 0F 75 F2 1A 
 FE F2 75 F2 84 4B 9D 11 46 0F 83 04 4C 33 58 78 
 6B 32 82 56 88 54 8E 0C DE C7 A8 9A 8B 08 66 07 
 C1 18 C9 84 F5 9F C3 17 8E D5 08 DE 43 1B DB 43 
 2E 48 84 41 C0 87 65 2B EB DD F8 D3 33 EC 63 D3 
 4C 9B E3 24 06 1C E8 DB E2 D8 45 98 04 DE E6 92 
 2D 0E 3C 24 0A 45 44 18 6E B4 AD C9 A6 03 8E BD 
 F1 AB 96 40 3B 73 3B AE 8A AF E4 0A 93 80 8D 10 
 09 64 21 09 34 F9 CC 41 BC 0D 35 35 7D 98 D9 62 
 25 C7 2D 95 6A A4 A2 FD E1 60 3D 32 14 E9 AE 3B 
 5F AC 37 EC B1 C8 71 44 29 EE 4D DF 47 B1 1E C6 
 FA 12 26 95 17 A8 E5 6F 19 2A 4D D8 5F BA 47 A2 
 A8 B1 1F 0D 60 B7 01 90 3A 18 64 B2 40 C5 4F 72 
 DA A8 01 DD 04 F1 A7 C1 DD B3 65 80 85 BB 47 A1 
 25 D3 D0 63 71 F2 17 E2 D6 F0 B2 BA 8F 30 44 6C 
 BD 77 2E 88 7B 5A 29 06 98 7C C9 DF 15 FA 63 1B 
 81 90 90 C1 6E DE B3 26 2E 8C 0F B4 80 35 C5 6B 
 3C 52 B5 C6 71 DB 05 27 01 0C 70 18 4F 98 7A 3D 
 90 45 FE 74 4A A2 3F 90 6F 59 0E CF 63 8C E8 34 
 B6 45 E2 9F 8F 0E A0 7A 60 C0 41 FE 0F 14 E5 3E 
 FD B1 5C 18 85 9F 36 0B FF 56 77 EF 3D 28 05 AC 
 C7 91 57 F5 DA BA 16 EC 08 5F 95 ED 61 E1 
    IsEnEnabled(0x161 = 'ContextLoad'): 1
 SWTPM_IO_Write: length 14
 80 01 00 00 00 0E 00 00 00 00 02 00 00 00 
 SWTPM_IO_Read: length 14
 80 01 00 00 00 0E 00 00 01 65 02 00 00 00 
    IsEnEnabled(0x165 = 'FlushContext'): 1
 SWTPM_IO_Write: length 10
 80 01 00 00 00 0A 00 00 00 00 
 SWTPM_IO_Read: length 14
 80 01 00 00 00 0E 00 00 01 62 80 00 00 00 
    IsEnEnabled(0x162 = 'ContextSave'): 1
 SWTPM_IO_Write: length 456
 80 01 00 00 01 C8 00 00 00 00 00 00 00 00 00 00 
 00 67 80 00 00 00 40 00 00 01 01 AC 00 40 CE 7A 
 84 C6 8B 2A 2C BA 15 80 99 DE F3 23 5D B5 15 95 
 47 EB 4C 0C 0E 85 BA 45 7D 49 A4 57 54 D4 BA 13 
 8A FA 0A C7 66 74 49 6D 9B 30 4D A5 9B F8 68 6F 
 E2 4A 0B E3 14 83 E9 48 9F 22 F0 0B 4A 39 62 A0 
 4E 00 34 A6 EC 17 39 12 26 23 0B 7A E3 88 09 F8 
 63 0E FC 15 DE 39 3E 0C 2A CD EB 12 48 CB B5 85 
 19 EF 21 6D BD 04 67 34 A0 22 71 B6 63 EF 0F E1 
 C8 DB 3B 9C 90 87 8D 23 19 03 28 6B EE 7B 3E 2A 
 7E F6 63 1B 19 52 F5 B3 CC 27 E5 FB C2 AF 70 9A 
 11 7D 4D 8B 26 68 A8 52 1F 55 FD 3C 3F CB 44 36 
 DB 0E 25 1F 9F 66 C4 3B 64 97 5A C8 F0 58 37 EE 
 1D EB E3 2E F0 00 8A B5 BD 46 98 CB AD 4C 8F 0F 
 BD 99 79 45 B6 A5 0C A8 77 05 D3 F5 0A 65 97 C3 
 DF 16 C5 A6 9D 74 AC 31 DE A4 A9 69 77 AC 88 82 
 99 37 D4 AF 41 4B C4 AA 9C 7E 91 A4 C4 09 8E DA 
 44 DC 59 82 50 B7 F9 D8 A3 59 F2 F2 CC 71 E2 50 
 80 18 28 F6 45 A2 39 C6 94 6E 4E B0 83 33 B8 77 
 B3 03 1A 28 89 C4 7C D5 C1 EF FD 1C 4B 26 FA 0C 
 5C 76 00 89 BD D9 EC 80 E7 A1 E2 E2 4C C6 65 D8 
 23 FD AF 36 65 97 A4 1E BE A2 91 EB 02 FA A4 AB 
 44 EC 72 9D D3 FB 8A 4D A9 C7 4A 38 BB 8C 2B FE 
 CD 22 67 2C 5E 91 53 63 D8 B9 FB 64 AC B9 C6 0D 
 56 48 70 ED F7 EF 9D A4 B9 09 EB B5 F7 B4 84 43 
 E4 37 1C 98 DC 59 64 24 1E 28 86 94 96 E4 83 50 
 F9 46 75 28 A2 2F 3E 5E D9 B7 F9 93 7C E6 7D E2 
 14 5B 7D 70 DF FB 97 C2 3D 5E 1C 49 DA 3E 1A 2C 
 A8 8A 41 D4 CA 81 A1 B5 
 SWTPM_IO_Read: length 14
 80 01 00 00 00 0E 00 00 01 65 80 00 00 00 
    IsEnEnabled(0x165 = 'FlushContext'): 1
 SWTPM_IO_Write: length 10
 80 01 00 00 00 0A 00 00 00 00 
 SWTPM_IO_Read: length 14
 80 01 00 00 00 0E 00 00 01 62 02 00 00 00 
    IsEnEnabled(0x162 = 'ContextSave'): 1
 SWTPM_IO_Write: length 10
 80 01 00 00 00 0A 00 00 09 10 
 SWTPM_IO_Read: length 456
 80 01 00 00 01 C8 00 00 01 61 00 00 00 00 00 00 
 00 67 80 00 00 00 40 00 00 01 01 AC 00 40 CE 7A 
 84 C6 8B 2A 2C BA 15 80 99 DE F3 23 5D B5 15 95 
 47 EB 4C 0C 0E 85 BA 45 7D 49 A4 57 54 D4 BA 13 
 8A FA 0A C7 66 74 49 6D 9B 30 4D A5 9B F8 68 6F 
 E2 4A 0B E3 14 83 E9 48 9F 22 F0 0B 4A 39 62 A0 
 4E 00 34 A6 EC 17 39 12 26 23 0B 7A E3 88 09 F8 
 63 0E FC 15 DE 39 3E 0C 2A CD EB 12 48 CB B5 85 
 19 EF 21 6D BD 04 67 34 A0 22 71 B6 63 EF 0F E1 
 C8 DB 3B 9C 90 87 8D 23 19 03 28 6B EE 7B 3E 2A 
 7E F6 63 1B 19 52 F5 B3 CC 27 E5 FB C2 AF 70 9A 
 11 7D 4D 8B 26 68 A8 52 1F 55 FD 3C 3F CB 44 36 
 DB 0E 25 1F 9F 66 C4 3B 64 97 5A C8 F0 58 37 EE 
 1D EB E3 2E F0 00 8A B5 BD 46 98 CB AD 4C 8F 0F 
 BD 99 79 45 B6 A5 0C A8 77 05 D3 F5 0A 65 97 C3 
 DF 16 C5 A6 9D 74 AC 31 DE A4 A9 69 77 AC 88 82 
 99 37 D4 AF 41 4B C4 AA 9C 7E 91 A4 C4 09 8E DA 
 44 DC 59 82 50 B7 F9 D8 A3 59 F2 F2 CC 71 E2 50 
 80 18 28 F6 45 A2 39 C6 94 6E 4E B0 83 33 B8 77 
 B3 03 1A 28 89 C4 7C D5 C1 EF FD 1C 4B 26 FA 0C 
 5C 76 00 89 BD D9 EC 80 E7 A1 E2 E2 4C C6 65 D8 
 23 FD AF 36 65 97 A4 1E BE A2 91 EB 02 FA A4 AB 
 44 EC 72 9D D3 FB 8A 4D A9 C7 4A 38 BB 8C 2B FE 
 CD 22 67 2C 5E 91 53 63 D8 B9 FB 64 AC B9 C6 0D 
 56 48 70 ED F7 EF 9D A4 B9 09 EB B5 F7 B4 84 43 
 E4 37 1C 98 DC 59 64 24 1E 28 86 94 96 E4 83 50 
 F9 46 75 28 A2 2F 3E 5E D9 B7 F9 93 7C E6 7D E2 
 14 5B 7D 70 DF FB 97 C2 3D 5E 1C 49 DA 3E 1A 2C 
 A8 8A 41 D4 CA 81 A1 B5 
    IsEnEnabled(0x161 = 'ContextLoad'): 1
 SWTPM_IO_Write: length 14
 80 01 00 00 00 0E 00 00 00 00 80 00 00 00 
 SWTPM_IO_Read: length 14
 80 01 00 00 00 0E 00 00 01 65 80 00 00 00 
    IsEnEnabled(0x165 = 'FlushContext'): 1
 SWTPM_IO_Write: length 10
 80 01 00 00 00 0A 00 00 00 00 
 SWTPM_IO_Read: length 14
 80 01 00 00 00 0E 00 00 01 62 80 00 00 00 
    IsEnEnabled(0x162 = 'ContextSave'): 1
 SWTPM_IO_Write: length 10
 80 01 00 00 00 0A 00 00 09 10 
 SWTPM_IO_Read: length 12
 80 01 00 00 00 0C 00 00 01 7B 00 08 
    IsEnEnabled(0x17b = 'GetRandom'): 1
 SWTPM_IO_Write: length 20
 80 01 00 00 00 14 00 00 00 00 00 08 75 83 CF 2C 
 AA E7 64 29 
 SWTPM_IO_Read: length 12
 80 01 00 00 00 0C 00 00 01 44 00 00 
    IsEnEnabled(0x144 = 'Startup'): 1
 SWTPM_IO_Write: length 10
 80 01 00 00 00 0A 00 00 01 00 
 SWTPM_IO_Read: length 22
 80 01 00 00 00 16 00 00 01 7A 00 00 00 00 00 00 
 00 01 00 00 00 7F 
    IsEnEnabled(0x17a = 'GetCapability'): 1
 SWTPM_IO_Write: length 217
 80 01 00 00 00 D9 00 00 00 00 00 00 00 00 00 00 
 00 00 21 00 01 00 00 00 09 00 03 00 00 00 02 00 
 04 00 00 00 04 00 05 00 00 01 04 00 06 00 00 00 
 02 00 07 00 00 04 04 00 08 00 00 03 0C 00 0A 00 
 00 00 06 00 0B 00 00 00 04 00 0C 00 00 00 04 00 
 0D 00 00 00 04 00 14 00 00 01 01 00 15 00 00 02 
 01 00 16 00 00 01 01 00 17 00 00 02 01 00 18 00 
 00 01 01 00 19 00 00 04 01 00 1A 00 00 01 01 00 
 1B 00 00 05 01 00 1C 00 00 01 01 00 1D 00 00 04 
 01 00 20 00 00 04 04 00 21 00 00 04 04 00 22 00 
 00 04 04 00 23 00 00 00 09 00 25 00 00 00 08 00 
 26 00 00 00 02 00 3F 00 00 01 02 00 40 00 00 02 
 02 00 41 00 00 02 02 00 42 00 00 02 02 00 43 00 
 00 02 02 00 44 00 00 02 02 
 SWTPM_IO_Read: length 22
 80 01 00 00 00 16 00 00 01 7A 00 00 00 02 00 00 
 01 1F 00 00 01 00 
    IsEnEnabled(0x17a = 'GetCapability'): 1
    IsEnEnabled(0x11f = 'NV_UndefineSpaceSpecial'): 1
    IsEnEnabled(0x11f = 'NV_UndefineSpaceSpecial'): 1
    IsEnEnabled(0x120 = 'EvictControl'): 1
    IsEnEnabled(0x120 = 'EvictControl'): 1
    IsEnEnabled(0x121 = 'HierarchyControl'): 1
    IsEnEnabled(0x121 = 'HierarchyControl'): 1
    IsEnEnabled(0x122 = 'NV_UndefineSpace'): 1
    IsEnEnabled(0x122 = 'NV_UndefineSpace'): 1
    IsEnEnabled(0x123 = '(null)'): 0
    IsEnEnabled(0x124 = 'ChangeEPS'): 1
    IsEnEnabled(0x124 = 'ChangeEPS'): 1
    IsEnEnabled(0x125 = 'ChangePPS'): 1
    IsEnEnabled(0x125 = 'ChangePPS'): 1
    IsEnEnabled(0x126 = 'Clear'): 1
    IsEnEnabled(0x126 = 'Clear'): 1
    IsEnEnabled(0x127 = 'ClearControl'): 1
    IsEnEnabled(0x127 = 'ClearControl'): 1
    IsEnEnabled(0x128 = 'ClockSet'): 1
    IsEnEnabled(0x128 = 'ClockSet'): 1
    IsEnEnabled(0x129 = 'HierarchyChangeAuth'): 1
    IsEnEnabled(0x129 = 'HierarchyChangeAuth'): 1
    IsEnEnabled(0x12a = 'NV_DefineSpace'): 1
    IsEnEnabled(0x12a = 'NV_DefineSpace'): 1
    IsEnEnabled(0x12b = 'PCR_Allocate'): 1
    IsEnEnabled(0x12b = 'PCR_Allocate'): 1
    IsEnEnabled(0x12c = 'PCR_SetAuthPolicy'): 1
    IsEnEnabled(0x12c = 'PCR_SetAuthPolicy'): 1
    IsEnEnabled(0x12d = 'PP_Commands'): 1
    IsEnEnabled(0x12d = 'PP_Commands'): 1
    IsEnEnabled(0x12e = 'SetPrimaryPolicy'): 1
    IsEnEnabled(0x12e = 'SetPrimaryPolicy'): 1
    IsEnEnabled(0x12f = '(null)'): 0
    IsEnEnabled(0x130 = 'ClockRateAdjust'): 1
    IsEnEnabled(0x130 = 'ClockRateAdjust'): 1
    IsEnEnabled(0x131 = 'CreatePrimary'): 1
    IsEnEnabled(0x131 = 'CreatePrimary'): 1
    IsEnEnabled(0x132 = 'NV_GlobalWriteLock'): 1
    IsEnEnabled(0x132 = 'NV_GlobalWriteLock'): 1
    IsEnEnabled(0x133 = 'GetCommandAuditDigest'): 1
    IsEnEnabled(0x133 = 'GetCommandAuditDigest'): 1
    IsEnEnabled(0x134 = 'NV_Increment'): 1
    IsEnEnabled(0x134 = 'NV_Increment'): 1
    IsEnEnabled(0x135 = 'NV_SetBits'): 1
    IsEnEnabled(0x135 = 'NV_SetBits'): 1
    IsEnEnabled(0x136 = 'NV_Extend'): 1
    IsEnEnabled(0x136 = 'NV_Extend'): 1
    IsEnEnabled(0x137 = 'NV_Write'): 1
    IsEnEnabled(0x137 = 'NV_Write'): 1
    IsEnEnabled(0x138 = 'NV_WriteLock'): 1
    IsEnEnabled(0x138 = 'NV_WriteLock'): 1
    IsEnEnabled(0x139 = 'DictionaryAttackLockReset'): 1
    IsEnEnabled(0x139 = 'DictionaryAttackLockReset'): 1
    IsEnEnabled(0x13a = 'DictionaryAttackParameters'): 1
    IsEnEnabled(0x13a = 'DictionaryAttackParameters'): 1
    IsEnEnabled(0x13b = 'NV_ChangeAuth'): 1
    IsEnEnabled(0x13b = 'NV_ChangeAuth'): 1
    IsEnEnabled(0x13c = 'PCR_Event'): 1
    IsEnEnabled(0x13c = 'PCR_Event'): 1
    IsEnEnabled(0x13d = 'PCR_Reset'): 1
    IsEnEnabled(0x13d = 'PCR_Reset'): 1
    IsEnEnabled(0x13e = 'SequenceComplete'): 1
    IsEnEnabled(0x13e = 'SequenceComplete'): 1
    IsEnEnabled(0x13f = 'SetAlgorithmSet'): 1
    IsEnEnabled(0x13f = 'SetAlgorithmSet'): 1
    IsEnEnabled(0x140 = 'SetCommandCodeAuditStatus'): 1
    IsEnEnabled(0x140 = 'SetCommandCodeAuditStatus'): 1
    IsEnEnabled(0x141 = '(null)'): 0
    IsEnEnabled(0x142 = 'IncrementalSelfTest'): 1
    IsEnEnabled(0x142 = 'IncrementalSelfTest'): 1
    IsEnEnabled(0x143 = 'SelfTest'): 1
    IsEnEnabled(0x143 = 'SelfTest'): 1
    IsEnEnabled(0x144 = 'Startup'): 1
    IsEnEnabled(0x144 = 'Startup'): 1
    IsEnEnabled(0x145 = 'Shutdown'): 1
    IsEnEnabled(0x145 = 'Shutdown'): 1
    IsEnEnabled(0x146 = 'StirRandom'): 1
    IsEnEnabled(0x146 = 'StirRandom'): 1
    IsEnEnabled(0x147 = 'ActivateCredential'): 1
    IsEnEnabled(0x147 = 'ActivateCredential'): 1
    IsEnEnabled(0x148 = 'Certify'): 1
    IsEnEnabled(0x148 = 'Certify'): 1
    IsEnEnabled(0x149 = 'PolicyNV'): 1
    IsEnEnabled(0x149 = 'PolicyNV'): 1
    IsEnEnabled(0x14a = 'CertifyCreation'): 1
    IsEnEnabled(0x14a = 'CertifyCreation'): 1
    IsEnEnabled(0x14b = 'Duplicate'): 1
    IsEnEnabled(0x14b = 'Duplicate'): 1
    IsEnEnabled(0x14c = 'GetTime'): 1
    IsEnEnabled(0x14c = 'GetTime'): 1
    IsEnEnabled(0x14d = 'GetSessionAuditDigest'): 1
    IsEnEnabled(0x14d = 'GetSessionAuditDigest'): 1
    IsEnEnabled(0x14e = 'NV_Read'): 1
    IsEnEnabled(0x14e = 'NV_Read'): 1
    IsEnEnabled(0x14f = 'NV_ReadLock'): 1
    IsEnEnabled(0x14f = 'NV_ReadLock'): 1
    IsEnEnabled(0x150 = 'ObjectChangeAuth'): 1
    IsEnEnabled(0x150 = 'ObjectChangeAuth'): 1
    IsEnEnabled(0x151 = 'PolicySecret'): 1
    IsEnEnabled(0x151 = 'PolicySecret'): 1
    IsEnEnabled(0x152 = 'Rewrap'): 1
    IsEnEnabled(0x152 = 'Rewrap'): 1
    IsEnEnabled(0x153 = 'Create'): 1
    IsEnEnabled(0x153 = 'Create'): 1
    IsEnEnabled(0x154 = 'ECDH_ZGen'): 1
    IsEnEnabled(0x154 = 'ECDH_ZGen'): 1
    IsEnEnabled(0x155 = 'MAC'): 1
    IsEnEnabled(0x155 = 'MAC'): 1
    IsEnEnabled(0x156 = 'Import'): 1
    IsEnEnabled(0x156 = 'Import'): 1
    IsEnEnabled(0x157 = 'Load'): 1
    IsEnEnabled(0x157 = 'Load'): 1
    IsEnEnabled(0x158 = 'Quote'): 1
    IsEnEnabled(0x158 = 'Quote'): 1
    IsEnEnabled(0x159 = 'RSA_Decrypt'): 1
    IsEnEnabled(0x159 = 'RSA_Decrypt'): 1
    IsEnEnabled(0x15a = '(null)'): 0
    IsEnEnabled(0x15b = 'MAC_Start'): 1
    IsEnEnabled(0x15b = 'MAC_Start'): 1
    IsEnEnabled(0x15c = 'SequenceUpdate'): 1
    IsEnEnabled(0x15c = 'SequenceUpdate'): 1
    IsEnEnabled(0x15d = 'Sign'): 1
    IsEnEnabled(0x15d = 'Sign'): 1
    IsEnEnabled(0x15e = 'Unseal'): 1
    IsEnEnabled(0x15e = 'Unseal'): 1
    IsEnEnabled(0x15f = '(null)'): 0
    IsEnEnabled(0x160 = 'PolicySigned'): 1
    IsEnEnabled(0x160 = 'PolicySigned'): 1
    IsEnEnabled(0x161 = 'ContextLoad'): 1
    IsEnEnabled(0x161 = 'ContextLoad'): 1
    IsEnEnabled(0x162 = 'ContextSave'): 1
    IsEnEnabled(0x162 = 'ContextSave'): 1
    IsEnEnabled(0x163 = 'ECDH_KeyGen'): 1
    IsEnEnabled(0x163 = 'ECDH_KeyGen'): 1
    IsEnEnabled(0x164 = 'EncryptDecrypt'): 1
    IsEnEnabled(0x164 = 'EncryptDecrypt'): 1
    IsEnEnabled(0x165 = 'FlushContext'): 1
    IsEnEnabled(0x165 = 'FlushContext'): 1
    IsEnEnabled(0x166 = '(null)'): 0
    IsEnEnabled(0x167 = 'LoadExternal'): 1
    IsEnEnabled(0x167 = 'LoadExternal'): 1
    IsEnEnabled(0x168 = 'MakeCredential'): 1
    IsEnEnabled(0x168 = 'MakeCredential'): 1
    IsEnEnabled(0x169 = 'NV_ReadPublic'): 1
    IsEnEnabled(0x169 = 'NV_ReadPublic'): 1
    IsEnEnabled(0x16a = 'PolicyAuthorize'): 1
    IsEnEnabled(0x16a = 'PolicyAuthorize'): 1
    IsEnEnabled(0x16b = 'PolicyAuthValue'): 1
    IsEnEnabled(0x16b = 'PolicyAuthValue'): 1
    IsEnEnabled(0x16c = 'PolicyCommandCode'): 1
    IsEnEnabled(0x16c = 'PolicyCommandCode'): 1
    IsEnEnabled(0x16d = 'PolicyCounterTimer'): 1
    IsEnEnabled(0x16d = 'PolicyCounterTimer'): 1
    IsEnEnabled(0x16e = 'PolicyCpHash'): 1
    IsEnEnabled(0x16e = 'PolicyCpHash'): 1
    IsEnEnabled(0x16f = 'PolicyLocality'): 1
    IsEnEnabled(0x16f = 'PolicyLocality'): 1
    IsEnEnabled(0x170 = 'PolicyNameHash'): 1
    IsEnEnabled(0x170 = 'PolicyNameHash'): 1
    IsEnEnabled(0x171 = 'PolicyOR'): 1
    IsEnEnabled(0x171 = 'PolicyOR'): 1
    IsEnEnabled(0x172 = 'PolicyTicket'): 1
    IsEnEnabled(0x172 = 'PolicyTicket'): 1
    IsEnEnabled(0x173 = 'ReadPublic'): 1
    IsEnEnabled(0x173 = 'ReadPublic'): 1
    IsEnEnabled(0x174 = 'RSA_Encrypt'): 1
    IsEnEnabled(0x174 = 'RSA_Encrypt'): 1
    IsEnEnabled(0x175 = '(null)'): 0
    IsEnEnabled(0x176 = 'StartAuthSession'): 1
    IsEnEnabled(0x176 = 'StartAuthSession'): 1
    IsEnEnabled(0x177 = 'VerifySignature'): 1
    IsEnEnabled(0x177 = 'VerifySignature'): 1
    IsEnEnabled(0x178 = 'ECC_Parameters'): 1
    IsEnEnabled(0x178 = 'ECC_Parameters'): 1
    IsEnEnabled(0x179 = '(null)'): 0
    IsEnEnabled(0x17a = 'GetCapability'): 1
    IsEnEnabled(0x17a = 'GetCapability'): 1
    IsEnEnabled(0x17b = 'GetRandom'): 1
    IsEnEnabled(0x17b = 'GetRandom'): 1
    IsEnEnabled(0x17c = 'GetTestResult'): 1
    IsEnEnabled(0x17c = 'GetTestResult'): 1
    IsEnEnabled(0x17d = 'Hash'): 1
    IsEnEnabled(0x17d = 'Hash'): 1
    IsEnEnabled(0x17e = 'PCR_Read'): 1
    IsEnEnabled(0x17e = 'PCR_Read'): 1
    IsEnEnabled(0x17f = 'PolicyPCR'): 1
    IsEnEnabled(0x17f = 'PolicyPCR'): 1
    IsEnEnabled(0x180 = 'PolicyRestart'): 1
    IsEnEnabled(0x180 = 'PolicyRestart'): 1
    IsEnEnabled(0x181 = 'ReadClock'): 1
    IsEnEnabled(0x181 = 'ReadClock'): 1
    IsEnEnabled(0x182 = 'PCR_Extend'): 1
    IsEnEnabled(0x182 = 'PCR_Extend'): 1
    IsEnEnabled(0x183 = 'PCR_SetAuthValue'): 1
    IsEnEnabled(0x183 = 'PCR_SetAuthValue'): 1
    IsEnEnabled(0x184 = 'NV_Certify'): 1
    IsEnEnabled(0x184 = 'NV_Certify'): 1
    IsEnEnabled(0x185 = 'EventSequenceComplete'): 1
    IsEnEnabled(0x185 = 'EventSequenceComplete'): 1
    IsEnEnabled(0x186 = 'HashSequenceStart'): 1
    IsEnEnabled(0x186 = 'HashSequenceStart'): 1
    IsEnEnabled(0x187 = 'PolicyPhysicalPresence'): 1
    IsEnEnabled(0x187 = 'PolicyPhysicalPresence'): 1
    IsEnEnabled(0x188 = 'PolicyDuplicationSelect'): 1
    IsEnEnabled(0x188 = 'PolicyDuplicationSelect'): 1
    IsEnEnabled(0x189 = 'PolicyGetDigest'): 1
    IsEnEnabled(0x189 = 'PolicyGetDigest'): 1
    IsEnEnabled(0x18a = 'TestParms'): 1
    IsEnEnabled(0x18a = 'TestParms'): 1
    IsEnEnabled(0x18b = 'Commit'): 1
    IsEnEnabled(0x18b = 'Commit'): 1
    IsEnEnabled(0x18c = 'PolicyPassword'): 1
    IsEnEnabled(0x18c = 'PolicyPassword'): 1
    IsEnEnabled(0x18d = 'ZGen_2Phase'): 1
    IsEnEnabled(0x18d = 'ZGen_2Phase'): 1
    IsEnEnabled(0x18e = 'EC_Ephemeral'): 1
    IsEnEnabled(0x18e = 'EC_Ephemeral'): 1
    IsEnEnabled(0x18f = 'PolicyNvWritten'): 1
    IsEnEnabled(0x18f = 'PolicyNvWritten'): 1
    IsEnEnabled(0x190 = 'PolicyTemplate'): 1
    IsEnEnabled(0x190 = 'PolicyTemplate'): 1
    IsEnEnabled(0x191 = 'CreateLoaded'): 1
    IsEnEnabled(0x191 = 'CreateLoaded'): 1
    IsEnEnabled(0x192 = 'PolicyAuthorizeNV'): 1
    IsEnEnabled(0x192 = 'PolicyAuthorizeNV'): 1
    IsEnEnabled(0x193 = 'EncryptDecrypt2'): 1
    IsEnEnabled(0x193 = 'EncryptDecrypt2'): 1
    IsEnEnabled(0x194 = '(null)'): 0
    IsEnEnabled(0x195 = '(null)'): 0
    IsEnEnabled(0x196 = '(null)'): 0
    IsEnEnabled(0x197 = 'CertifyX509'): 1
    IsEnEnabled(0x197 = 'CertifyX509'): 1
    IsEnEnabled(0x198 = '(null)'): 0
    IsEnEnabled(0x199 = 'ECC_Encrypt'): 0
    IsEnEnabled(0x19a = 'ECC_Decrypt'): 0
    IsEnEnabled(0x19b = 'PolicyCapability'): 0
    IsEnEnabled(0x19c = 'PolicyParameters'): 0
    IsEnEnabled(0x19d = '(null)'): 0
    IsEnEnabled(0x19e = '(null)'): 0
    IsEnEnabled(0x19f = '(null)'): 0
 SWTPM_IO_Write: length 459
 80 01 00 00 01 CB 00 00 00 00 00 00 00 00 02 00 
 00 00 6E 04 40 01 1F 04 40 01 20 02 C0 01 21 04 
 40 01 22 02 C0 01 24 02 C0 01 25 02 C0 01 26 02 
 40 01 27 02 40 01 28 02 40 01 29 02 40 01 2A 02 
 40 01 2B 02 40 01 2C 02 40 01 2D 02 40 01 2E 02 
 00 01 30 12 00 01 31 02 40 01 32 04 40 01 33 04 
 40 01 34 04 40 01 35 04 40 01 36 04 40 01 37 04 
 40 01 38 02 40 01 39 02 40 01 3A 02 40 01 3B 02 
 40 01 3C 02 40 01 3D 03 00 01 3E 02 40 01 3F 02 
 40 01 40 00 40 01 42 00 40 01 43 00 40 01 44 00 
 40 01 45 00 40 01 46 04 00 01 47 04 00 01 48 06 
 00 01 49 04 00 01 4A 04 00 01 4B 04 00 01 4C 06 
 00 01 4D 04 00 01 4E 04 40 01 4F 04 00 01 50 04 
 00 01 51 04 00 01 52 02 00 01 53 02 00 01 54 02 
 00 01 55 02 00 01 56 12 00 01 57 02 00 01 58 02 
 00 01 59 12 00 01 5B 02 00 01 5C 02 00 01 5D 02 
 00 01 5E 04 00 01 60 10 00 01 61 02 00 01 62 02 
 00 01 63 02 00 01 64 00 00 01 65 10 00 01 67 02 
 00 01 68 02 00 01 69 02 00 01 6A 02 00 01 6B 02 
 00 01 6C 02 00 01 6D 02 00 01 6E 02 00 01 6F 02 
 00 01 70 02 00 01 71 02 00 01 72 02 00 01 73 02 
 00 01 74 14 00 01 76 02 00 01 77 00 00 01 78 00 
 00 01 7A 00 00 01 7B 00 00 01 7C 00 00 01 7D 00 
 00 01 7E 02 00 01 7F 02 00 01 80 00 00 01 81 02 
 40 01 82 02 00 01 83 06 00 01 84 05 40 01 85 10 
 00 01 86 02 00 01 87 02 00 01 88 02 00 01 89 00 
 00 01 8A 02 00 01 8B 02 00 01 8C 02 00 01 8D 00 
 00 01 8E 02 00 01 8F 02 00 01 90 12 00 01 91 06 
 00 01 92 02 00 01 93 04 00 01 97 
 SWTPM_IO_Read: length 22
 80 01 00 00 00 16 00 00 01 7A 00 00 00 08 00 00 
 00 00 00 00 01 FC 
    IsEnEnabled(0x17a = 'GetCapability'): 1
 SWTPM_IO_Write: length 35
 80 01 00 00 00 23 00 00 00 00 00 00 00 00 08 00 
 00 00 08 00 01 00 02 00 03 00 04 00 05 00 10 00 
 11 00 20 
 SWTPM_IO_Read: length 22
 80 01 00 00 00 16 00 00 01 7A 00 00 00 05 00 00 
 00 00 00 00 00 01 
    IsEnEnabled(0x17a = 'GetCapability'): 1
 SWTPM_IO_Write: length 43
 80 01 00 00 00 2B 00 00 00 00 00 00 00 00 05 00 
 00 00 04 00 04 03 FF FF FF 00 0B 03 FF FF FF 00 
 0C 03 FF FF FF 00 0D 03 FF FF FF 
 SWTPM_IO_Read: length 18
 80 01 00 00 00 12 00 00 01 8A 00 25 00 06 00 80 
 00 43 
    IsEnEnabled(0x18a = 'TestParms'): 1
 SWTPM_IO_Write: length 10
 80 01 00 00 00 0A 00 00 00 00 
 SWTPM_IO_Read: length 267
 80 02 00 00 01 0B 00 00 01 57 81 00 00 01 00 00 
 00 09 40 00 00 09 00 00 00 00 00 00 9E 00 20 C0 
 E0 E4 E4 57 A5 D7 B5 79 1E A1 50 89 19 18 55 3D 
 25 1B 22 2F AA F8 25 87 13 B0 7C 53 03 A8 E0 00 
 10 6F 1B 4C 6B 98 3E 4D 73 55 E9 94 C8 33 10 BA 
 58 E9 EB DA 1F F7 63 55 5B EC FB 24 20 25 B6 C6 
 33 71 67 27 80 79 21 34 66 93 AD 83 D8 84 FA 84 
 DF 7E AB 67 94 A2 09 10 8B BF 42 12 38 E6 56 E5 
 E3 CA 8A 05 A2 AF 72 9D 25 AD 0D 43 A0 77 0D 21 
 C8 BE 03 34 29 1D 29 96 B3 33 40 DA 80 CD 31 F2 
 F1 DE 41 B2 12 45 EA C4 CE B2 C2 73 A3 09 E8 91 
 7F 1C 52 09 37 C5 1A 6D E4 C5 D5 00 4E 00 08 00 
 0B 00 00 04 12 00 20 8C 3D 9B 87 D9 B8 F1 BA BA 
 BE AB D7 0D CB D3 E3 A3 4C C2 A8 5F 70 02 DB 5E 
 28 2F 48 BD EE 16 17 00 10 00 20 22 A7 27 93 7D 
 90 F4 D8 86 71 42 A7 59 7F EE E9 03 B4 9C E4 84 
 8A 66 C5 8F 6E E3 D3 5F 39 B3 44 
    IsEnEnabled(0x157 = 'Load'): 1
 SWTPM_IO_Write: length 59
 80 02 00 00 00 3B 00 00 00 00 80 00 00 01 00 00 
 00 24 00 22 00 0B 98 16 E1 A6 DE AB C9 CC 2B 83 
 80 63 7B 0C 88 19 EC AB 1E DE 7F 67 E1 61 D9 E3 
 BD E8 44 68 4C 70 00 00 01 00 00 
 SWTPM_IO_Read: length 14
 80 01 00 00 00 0E 00 00 01 62 80 00 00 01 
    IsEnEnabled(0x162 = 'ContextSave'): 1
 SWTPM_IO_Write: length 456
 80 01 00 00 01 C8 00 00 00 00 00 00 00 00 00 00 
 00 68 80 00 00 00 40 00 00 01 01 AC 00 40 CA 8C 
 A7 FA E7 A2 A6 BE 7E AB 2B 72 6C 55 2D 7F C5 73 
 F5 09 6E 17 14 ED E3 02 B4 33 ED FC 14 82 C8 1E 
 05 CB D9 21 9E E1 E3 3C FD E4 DB ED C9 E9 9E 54 
 38 8B 06 E3 2D B6 6D 73 FB FF FD 95 3A A3 DC C2 
 9E 5C D6 AA 2F AB 86 AF 39 FC A5 38 E6 16 B8 70 
 C0 1C F4 EF B3 E9 BF 89 1C D4 4F 61 E4 60 E7 90 
 F0 16 AD 7C E3 DE 7B B2 89 B0 DD 7C E0 A9 0C 3B 
 BF 6E 5D 5D 82 24 BC 89 5A 94 FE A3 15 92 15 45 
 F1 3C A9 9A 5A 47 BB A1 30 8D 31 0A 60 8E 28 14 
 AD CB 74 25 B4 F2 71 53 06 9C BB F1 CB 39 2E 5A 
 74 B6 38 A9 D5 F4 15 01 32 54 66 2E 07 64 46 BA 
 CC D9 3C 23 0A F9 4C 10 B8 E0 FF E3 B0 23 40 F1 
 10 3B F8 86 8D CC 03 DD C9 CC 79 E6 0A 77 91 46 
 37 F3 FC C4 B4 A0 BB 37 65 71 9C 9A 27 94 36 D7 
 B4 63 AD 80 A2 25 20 2E 86 D6 A6 26 3A 14 7D 0B 
 13 F1 D2 A4 83 0F 58 90 53 D4 54 6E DA CC 31 A0 
 B3 6B D7 AF 3F BD 41 1C 71 06 AB BA 18 79 2A 73 
 67 83 75 20 0A 3D 4C 34 86 13 49 F1 AF EB B2 44 
 E6 58 35 5E 10 C6 52 61 27 78 E6 EB 71 8D 3A 30 
 4F 60 D2 BC 6B D3 D7 5A 30 C3 F0 1B 67 A5 F7 D9 
 48 C3 AB CB 75 AB AD D9 F1 D1 04 88 D3 4F 72 AE 
 69 60 A8 31 EB F2 FB B6 BA BC 13 5C 13 C0 68 33 
 42 EA 41 3C 12 00 20 DB 22 73 F6 74 22 B0 CC CB 
 7F EA EC 91 DF E0 79 96 15 2C 8C 82 D3 3F D6 74 
 57 7C 36 0C 42 41 B3 7D 6E E2 DA E8 EF 2F A8 A1 
 8D 14 2B 8B 52 68 F4 E0 65 DC B3 F3 E6 F1 E5 61 
 A5 C5 40 98 AF F1 F0 87 
 SWTPM_IO_Read: length 14
 80 01 00 00 00 0E 00 00 01 65 80 00 00 01 
    IsEnEnabled(0x165 = 'FlushContext'): 1
 SWTPM_IO_Write: length 10
 80 01 00 00 00 0A 00 00 00 00 
 SWTPM_IO_Read: length 456
 80 01 00 00 01 C8 00 00 01 61 00 00 00 00 00 00 
 00 68 80 00 00 00 40 00 00 01 01 AC 00 40 CA 8C 
 A7 FA E7 A2 A6 BE 7E AB 2B 72 6C 55 2D 7F C5 73 
 F5 09 6E 17 14 ED E3 02 B4 33 ED FC 14 82 C8 1E 
 05 CB D9 21 9E E1 E3 3C FD E4 DB ED C9 E9 9E 54 
 38 8B 06 E3 2D B6 6D 73 FB FF FD 95 3A A3 DC C2 
 9E 5C D6 AA 2F AB 86 AF 39 FC A5 38 E6 16 B8 70 
 C0 1C F4 EF B3 E9 BF 89 1C D4 4F 61 E4 60 E7 90 
 F0 16 AD 7C E3 DE 7B B2 89 B0 DD 7C E0 A9 0C 3B 
 BF 6E 5D 5D 82 24 BC 89 5A 94 FE A3 15 92 15 45 
 F1 3C A9 9A 5A 47 BB A1 30 8D 31 0A 60 8E 28 14 
 AD CB 74 25 B4 F2 71 53 06 9C BB F1 CB 39 2E 5A 
 74 B6 38 A9 D5 F4 15 01 32 54 66 2E 07 64 46 BA 
 CC D9 3C 23 0A F9 4C 10 B8 E0 FF E3 B0 23 40 F1 
 10 3B F8 86 8D CC 03 DD C9 CC 79 E6 0A 77 91 46 
 37 F3 FC C4 B4 A0 BB 37 65 71 9C 9A 27 94 36 D7 
 B4 63 AD 80 A2 25 20 2E 86 D6 A6 26 3A 14 7D 0B 
 13 F1 D2 A4 83 0F 58 90 53 D4 54 6E DA CC 31 A0 
 B3 6B D7 AF 3F BD 41 1C 71 06 AB BA 18 79 2A 73 
 67 83 75 20 0A 3D 4C 34 86 13 49 F1 AF EB B2 44 
 E6 58 35 5E 10 C6 52 61 27 78 E6 EB 71 8D 3A 30 
 4F 60 D2 BC 6B D3 D7 5A 30 C3 F0 1B 67 A5 F7 D9 
 48 C3 AB CB 75 AB AD D9 F1 D1 04 88 D3 4F 72 AE 
 69 60 A8 31 EB F2 FB B6 BA BC 13 5C 13 C0 68 33 
 42 EA 41 3C 12 00 20 DB 22 73 F6 74 22 B0 CC CB 
 7F EA EC 91 DF E0 79 96 15 2C 8C 82 D3 3F D6 74 
 57 7C 36 0C 42 41 B3 7D 6E E2 DA E8 EF 2F A8 A1 
 8D 14 2B 8B 52 68 F4 E0 65 DC B3 F3 E6 F1 E5 61 
 A5 C5 40 98 AF F1 F0 87 
    IsEnEnabled(0x161 = 'ContextLoad'): 1
 SWTPM_IO_Write: length 14
 80 01 00 00 00 0E 00 00 00 00 80 00 00 00 
 SWTPM_IO_Read: length 131
 80 01 00 00 00 83 00 00 01 76 81 00 00 01 80 00 
 00 00 00 20 9E D3 DA 4D 2B 8A 96 45 3F 8C 7C BB 
 31 A0 03 2E E7 D6 AB 34 21 17 9E 16 AB 40 AC 80 
 FB 97 83 DB 00 44 00 20 79 F3 89 C2 02 04 A2 86 
 5C D8 CB 81 6C 1D D8 EB E2 1C AE 94 76 6E A9 08 
 2B 3A 72 06 5F A3 73 C0 00 20 30 A5 DD 64 C0 E1 
 78 B0 8B 5F 13 55 8F 7D 54 BA 32 F0 99 E0 9E 9C 
 6C 90 3F F8 2F A8 EC 73 EC B6 00 00 06 00 80 00 
 43 00 0B 
    IsEnEnabled(0x176 = 'StartAuthSession'): 1
 SWTPM_IO_Write: length 48
 80 01 00 00 00 30 00 00 00 00 02 00 00 00 00 20 
 75 77 F4 AB 1B 7E 8B 7A 7A E5 22 7C 67 2B 47 5F 
 2E A7 A6 CF 3D CA FC 59 D6 CF 3C 5F CE 34 14 52 
 SWTPM_IO_Read: length 14
 80 01 00 00 00 0E 00 00 01 62 80 00 00 00 
    IsEnEnabled(0x162 = 'ContextSave'): 1
 SWTPM_IO_Write: length 456
 80 01 00 00 01 C8 00 00 00 00 00 00 00 00 00 00 
 00 69 80 00 00 00 40 00 00 01 01 AC 00 40 74 94 
 A2 FF FF 23 4F 56 E3 F1 1E F1 6E 5F 80 48 90 01 
 6A 9F 64 4E 4A AD BA 89 7A 3A 07 9B 76 1A 2B F7 
 61 16 D6 31 33 A4 D4 2C D5 F5 64 29 5B A1 86 A9 
 86 12 37 B7 9F 19 F9 CF 59 3D EA D1 1F 7A FA 79 
 A3 DF CB 61 55 60 42 B8 4C 48 7E B5 11 57 89 E3 
 3C 0E A5 34 0A BB 28 5A 08 56 45 77 BB 0C 87 67 
 9D 5F 48 F1 11 85 36 F3 FB 0E 0A 75 42 15 60 B8 
 7F BE BE 8A 05 27 8B 59 DC 13 43 46 1F D5 16 5D 
 D7 FB 47 33 16 A8 DA A6 62 70 AD 18 FE 03 7C EC 
 DF B5 74 B8 70 14 4B 84 EE 33 06 F7 DD A8 12 12 
 80 E0 C0 B2 B0 6D FA D3 B4 A8 DF 25 2D 5B C7 F5 
 1D A0 49 12 2C 6D 7C 8A C5 6A 3D 2A E8 4B C2 9A 
 06 24 14 CA 43 15 1B 9C 8C 3B 3D CF 2A 99 EB DB 
 A3 B0 07 2D 23 37 AF 3A 35 49 45 69 18 61 F9 EA 
 4E 22 E8 31 72 F1 A9 77 70 F7 8C 85 6F EF 9A 0D 
 D0 D4 64 85 7B 12 AE F1 C3 65 AF 3B 69 C5 AE 53 
 A3 0D 5A 7C 81 8D F9 ED F3 0D 05 96 2B 86 8C BF 
 4A 12 7B FD E0 B4 7F FE EE ED 07 B2 D5 69 7A 3A 
 C2 01 98 39 35 B1 58 F5 3A BF 77 84 F2 20 84 3C 
 0C 31 15 E2 14 12 0B A9 4E E7 8E 65 E0 95 12 AF 
 5F 72 64 BC B8 8C 6F 3D 6F 6C 96 40 DD F2 2B 6E 
 2C 90 43 1A BF CE C3 6A 6F F8 8B A1 80 23 DF A2 
 24 53 B4 19 FE 17 56 55 6E FB 21 CE FE B0 26 74 
 69 8A E7 0C 96 0F 52 6C 8C 1F 7C 41 D5 0B D2 57 
 D2 B1 A5 0B 3E 90 64 78 7E 9B 6E BF 44 80 A8 C7 
 FD 35 35 08 5D B6 4A DC 32 99 2D 7D F2 5A 60 13 
 6E E7 11 1F 89 27 61 6C 
 SWTPM_IO_Read: length 14
 80 01 00 00 00 0E 00 00 01 65 80 00 00 00 
    IsEnEnabled(0x165 = 'FlushContext'): 1
 SWTPM_IO_Write: length 10
 80 01 00 00 00 0A 00 00 00 00 
 SWTPM_IO_Read: length 14
 80 01 00 00 00 0E 00 00 01 62 02 00 00 00 
    IsEnEnabled(0x162 = 'ContextSave'): 1
 SWTPM_IO_Write: length 414
 80 01 00 00 01 9E 00 00 00 00 00 00 00 00 00 00 
 00 40 02 00 00 00 40 00 00 07 01 82 00 40 74 86 
 3E 57 B8 0D FA 66 4B C7 E9 AC 86 DC A9 2B 2C 3E 
 52 CD 42 16 3E 01 6B CE 9E EC E1 6F 17 F2 BF DA 
 55 F8 C6 A6 D6 05 18 94 84 53 AA A0 3B D6 27 4D 
 0A 56 C9 F4 AB 34 9C 02 ED 33 A4 00 CF 39 37 FB 
 7A EB 2F 73 06 7A 44 82 D8 0C 8F 1B 64 43 DE 9D 
 30 17 F2 9A 6B 2F D2 77 3C 6B F5 A2 B1 C7 CD AC 
 D9 42 FA 27 33 9F D8 6F CF AD 49 BD C4 C0 A3 65 
 0C 6B 16 0C 8C AE B2 4F 43 9E 34 A2 AF 7C 7A F7 
 BD 99 E6 DC F9 33 8D 43 07 34 EE 45 85 5B 5B B1 
 62 01 7B 57 19 47 D4 E2 F0 40 88 E7 48 27 A5 C1 
 F5 CF D7 C0 58 07 C6 61 98 E1 B1 A1 A8 90 D1 CA 
 3B CC C3 B0 84 85 59 E9 FE FA 6C 83 3E 27 CC D5 
 17 96 C7 02 8F BE 2E B2 29 15 69 71 B3 48 8A E8 
 DC 19 F3 82 96 54 2C 0F 88 C2 1C 23 78 AE 39 0E 
 7C 35 D0 27 28 94 83 E4 8E FD A3 21 95 E9 56 F2 
 22 02 CA 46 E9 98 42 B4 0D 52 0D 69 38 4A D5 C0 
 B5 CE A2 C4 6E 34 D1 07 61 90 52 2B 86 90 A3 E1 
 47 0B B4 B8 CB 7B 45 93 1E 29 79 52 B2 D0 AA 0A 
 5D 49 69 62 20 2F 87 D0 0D 5E 78 78 58 85 02 8D 
 C7 B3 DA E5 38 21 06 64 F6 8E ED 3C 6B CD A2 B2 
 0E 7A 0A C8 A3 4F 9A CF 5D C3 CB 80 F2 0D E7 9B 
 10 A2 3B 0A 4C 75 D0 30 A8 B7 AC 2E 95 1B 90 25 
 49 F1 74 4B AB ED 61 06 77 89 C3 37 72 73 B7 12 
 5D C4 47 77 B8 AD F3 6C 7C F6 DA CB FC FF 
 SWTPM_IO_Read: length 456
 80 01 00 00 01 C8 00 00 01 61 00 00 00 00 00 00 
 00 69 80 00 00 00 40 00 00 01 01 AC 00 40 74 94 
 A2 FF FF 23 4F 56 E3 F1 1E F1 6E 5F 80 48 90 01 
 6A 9F 64 4E 4A AD BA 89 7A 3A 07 9B 76 1A 2B F7 
 61 16 D6 31 33 A4 D4 2C D5 F5 64 29 5B A1 86 A9 
 86 12 37 B7 9F 19 F9 CF 59 3D EA D1 1F 7A FA 79 
 A3 DF CB 61 55 60 42 B8 4C 48 7E B5 11 57 89 E3 
 3C 0E A5 34 0A BB 28 5A 08 56 45 77 BB 0C 87 67 
 9D 5F 48 F1 11 85 36 F3 FB 0E 0A 75 42 15 60 B8 
 7F BE BE 8A 05 27 8B 59 DC 13 43 46 1F D5 16 5D 
 D7 FB 47 33 16 A8 DA A6 62 70 AD 18 FE 03 7C EC 
 DF B5 74 B8 70 14 4B 84 EE 33 06 F7 DD A8 12 12 
 80 E0 C0 B2 B0 6D FA D3 B4 A8 DF 25 2D 5B C7 F5 
 1D A0 49 12 2C 6D 7C 8A C5 6A 3D 2A E8 4B C2 9A 
 06 24 14 CA 43 15 1B 9C 8C 3B 3D CF 2A 99 EB DB 
 A3 B0 07 2D 23 37 AF 3A 35 49 45 69 18 61 F9 EA 
 4E 22 E8 31 72 F1 A9 77 70 F7 8C 85 6F EF 9A 0D 
 D0 D4 64 85 7B 12 AE F1 C3 65 AF 3B 69 C5 AE 53 
 A3 0D 5A 7C 81 8D F9 ED F3 0D 05 96 2B 86 8C BF 
 4A 12 7B FD E0 B4 7F FE EE ED 07 B2 D5 69 7A 3A 
 C2 01 98 39 35 B1 58 F5 3A BF 77 84 F2 20 84 3C 
 0C 31 15 E2 14 12 0B A9 4E E7 8E 65 E0 95 12 AF 
 5F 72 64 BC B8 8C 6F 3D 6F 6C 96 40 DD F2 2B 6E 
 2C 90 43 1A BF CE C3 6A 6F F8 8B A1 80 23 DF A2 
 24 53 B4 19 FE 17 56 55 6E FB 21 CE FE B0 26 74 
 69 8A E7 0C 96 0F 52 6C 8C 1F 7C 41 D5 0B D2 57 
 D2 B1 A5 0B 3E 90 64 78 7E 9B 6E BF 44 80 A8 C7 
 FD 35 35 08 5D B6 4A DC 32 99 2D 7D F2 5A 60 13 
 6E E7 11 1F 89 27 61 6C 
    IsEnEnabled(0x161 = 'ContextLoad'): 1
 SWTPM_IO_Write: length 14
 80 01 00 00 00 0E 00 00 00 00 80 00 00 00 
 SWTPM_IO_Read: length 414
 80 01 00 00 01 9E 00 00 01 61 00 00 00 00 00 00 
 00 40 02 00 00 00 40 00 00 07 01 82 00 40 74 86 
 3E 57 B8 0D FA 66 4B C7 E9 AC 86 DC A9 2B 2C 3E 
 52 CD 42 16 3E 01 6B CE 9E EC E1 6F 17 F2 BF DA 
 55 F8 C6 A6 D6 05 18 94 84 53 AA A0 3B D6 27 4D 
 0A 56 C9 F4 AB 34 9C 02 ED 33 A4 00 CF 39 37 FB 
 7A EB 2F 73 06 7A 44 82 D8 0C 8F 1B 64 43 DE 9D 
 30 17 F2 9A 6B 2F D2 77 3C 6B F5 A2 B1 C7 CD AC 
 D9 42 FA 27 33 9F D8 6F CF AD 49 BD C4 C0 A3 65 
 0C 6B 16 0C 8C AE B2 4F 43 9E 34 A2 AF 7C 7A F7 
 BD 99 E6 DC F9 33 8D 43 07 34 EE 45 85 5B 5B B1 
 62 01 7B 57 19 47 D4 E2 F0 40 88 E7 48 27 A5 C1 
 F5 CF D7 C0 58 07 C6 61 98 E1 B1 A1 A8 90 D1 CA 
 3B CC C3 B0 84 85 59 E9 FE FA 6C 83 3E 27 CC D5 
 17 96 C7 02 8F BE 2E B2 29 15 69 71 B3 48 8A E8 
 DC 19 F3 82 96 54 2C 0F 88 C2 1C 23 78 AE 39 0E 
 7C 35 D0 27 28 94 83 E4 8E FD A3 21 95 E9 56 F2 
 22 02 CA 46 E9 98 42 B4 0D 52 0D 69 38 4A D5 C0 
 B5 CE A2 C4 6E 34 D1 07 61 90 52 2B 86 90 A3 E1 
 47 0B B4 B8 CB 7B 45 93 1E 29 79 52 B2 D0 AA 0A 
 5D 49 69 62 20 2F 87 D0 0D 5E 78 78 58 85 02 8D 
 C7 B3 DA E5 38 21 06 64 F6 8E ED 3C 6B CD A2 B2 
 0E 7A 0A C8 A3 4F 9A CF 5D C3 CB 80 F2 0D E7 9B 
 10 A2 3B 0A 4C 75 D0 30 A8 B7 AC 2E 95 1B 90 25 
 49 F1 74 4B AB ED 61 06 77 89 C3 37 72 73 B7 12 
 5D C4 47 77 B8 AD F3 6C 7C F6 DA CB FC FF 
    IsEnEnabled(0x161 = 'ContextLoad'): 1
 SWTPM_IO_Write: length 14
 80 01 00 00 00 0E 00 00 00 00 02 00 00 00 
 SWTPM_IO_Read: length 208
 80 02 00 00 00 D0 00 00 01 76 81 00 00 01 40 00 
 00 07 00 00 00 49 02 00 00 00 00 20 D9 EC 5A BC 
 63 F0 A4 D9 28 6E C0 FE EF 5A E9 5A 36 49 E5 8F 
 DF D2 5F F1 7A 46 EC CD C6 0E 04 09 61 00 20 DF 
 20 24 DA 74 F9 93 09 69 87 44 10 BD 18 7C B7 3F 
 58 32 AC F5 B8 53 03 E7 DC 4E 97 53 60 0F 9A 00 
 20 E3 D7 64 AB 05 FA 5A 14 A0 FC F9 E1 0E 7F 39 
 8B 20 3B 44 E5 66 24 A4 73 2D 66 8B 6B ED 23 F0 
 3F 00 44 00 20 0A 81 58 CF 2D DB C5 17 EE 9E 26 
 34 F6 AB 23 AA 44 B2 FD 63 74 5C 06 29 A8 49 6F 
 2F 3F 06 53 E8 00 20 52 AA 1F 26 D1 5A 2A 7B 22 
 53 34 52 16 9D 48 B6 F5 7B F0 0B D2 4A 48 FC CC 
 63 57 3E CA 30 17 C3 01 00 06 00 80 00 43 00 0B 
    IsEnEnabled(0x176 = 'StartAuthSession'): 1
 SWTPM_IO_Write: length 121
 80 02 00 00 00 79 00 00 00 00 03 00 00 01 00 00 
 00 22 00 20 BC 68 96 9B FF 5F EA D0 09 99 DC AC 
 F2 93 BB 3A FF E1 84 C8 8D D0 70 D3 1E 78 11 7F 
 16 B2 B9 44 00 20 53 A6 27 72 D3 57 CD 20 07 95 
 B6 CF 98 53 A6 92 CB 83 6C 86 33 FF 80 82 CC D7 
 91 27 30 A1 10 F2 61 00 20 19 10 E6 17 AB 38 D0 
 FC 75 EF 05 AB BE 93 72 60 41 5C 59 83 86 B9 95 
 C4 AA 47 BC 8D 4B AD 6F C5 
 SWTPM_IO_Read: length 14
 80 01 00 00 00 0E 00 00 01 62 80 00 00 00 
    IsEnEnabled(0x162 = 'ContextSave'): 1
 SWTPM_IO_Write: length 456
 80 01 00 00 01 C8 00 00 00 00 00 00 00 00 00 00 
 00 6A 80 00 00 00 40 00 00 01 01 AC 00 40 ED D8 
 EF 87 99 91 92 D7 54 92 04 6C DD FE 59 AE 2E F9 
 8D DB 15 AF 45 07 E5 E3 B3 39 61 42 53 AF EE CD 
 09 B6 CD 0D 8B DA 6F 7E 3D 86 22 87 8B FA 11 8C 
 AF 5F A7 01 84 27 97 17 D5 A1 B8 4D EA CD 19 F5 
 80 BB BE A5 3F 04 CB 03 DA CB 59 47 CE 4D F2 8B 
 37 DA 75 DC 50 58 CD 9B BC B5 C2 D9 54 C6 2D 9C 
 81 57 C0 5B CF 1D FE 12 DF 9E F3 05 8C A3 4D 05 
 75 27 37 67 D1 96 AB 9B ED 54 D8 EA F3 D5 BF BC 
 04 92 8D 55 89 D4 30 3A B6 66 B0 38 19 9C 0A 61 
 70 53 5D 01 83 E5 90 C0 EB 68 07 E7 A7 A4 CB 09 
 9D 3D 87 77 88 CF A2 DC 95 49 C6 3E 82 7F 05 E7 
 F5 F0 85 7D 07 00 77 33 13 D7 9C 64 3F BE 90 B5 
 85 AB 0A AB 79 F9 1D 17 60 88 F7 AB 43 36 8A EF 
 1D 6B 12 D1 DE EC B3 95 62 A4 62 DC F6 76 53 11 
 EA 79 2F 16 9F 0D 1F 29 C5 73 E6 A3 44 CB 76 80 
 C1 8C 5A 86 22 2C DF 1A 1E 78 8E 02 38 BC 3E 04 
 E8 0A F2 6E 9E CB 0B 82 85 C7 92 D4 91 34 FF F5 
 83 F1 D7 A4 95 33 C1 B1 16 53 B5 DE F4 26 1C BC 
 E8 4E FE AF 3C F7 A7 A4 82 4D 2C B0 41 B6 CE 77 
 3C CC E7 E3 F2 22 A3 2F 5A FD 61 AC 42 08 D7 00 
 56 7D 81 F4 CC 58 85 67 EE 78 DC A5 E2 14 1B 4F 
 7B 39 67 33 DC B8 35 63 49 F4 55 06 FC E9 E3 54 
 E8 03 6F 5B 9A 01 A1 E9 5A B8 26 96 28 25 9B F0 
 80 64 5D 21 79 B3 52 86 B9 FB FA D5 92 78 9D 12 
 46 91 5A 73 78 89 12 D2 4F 75 97 00 BE 01 06 3B 
 5C 26 43 C3 5D 73 99 4C E6 FE F3 B6 D5 85 44 83 
 BC A7 F5 84 27 E8 D2 23 
 SWTPM_IO_Read: length 14
 80 01 00 00 00 0E 00 00 01 65 80 00 00 00 
    IsEnEnabled(0x165 = 'FlushContext'): 1
 SWTPM_IO_Write: length 10
 80 01 00 00 00 0A 00 00 00 00 
 SWTPM_IO_Read: length 14
 80 01 00 00 00 0E 00 00 01 62 02 00 00 00 
    IsEnEnabled(0x162 = 'ContextSave'): 1
 SWTPM_IO_Write: length 414
 80 01 00 00 01 9E 00 00 00 00 00 00 00 00 00 00 
 00 41 02 00 00 00 40 00 00 07 01 82 00 40 D7 71 
 A2 50 12 15 4F DB E7 8A 2D 7C 49 72 6D 7A AB D6 
 5E 8E 2A 25 A5 45 04 B6 90 37 F6 3B 6B B4 8A 58 
 89 02 3B DE F2 A1 26 3C 8E 9D 06 46 E9 ED 4B A8 
 E7 81 A7 F6 B2 A4 70 73 09 BD A4 06 27 A3 1F 73 
 10 FE B8 56 5B 8E 2A CF 80 38 EB C5 41 1C A0 7C 
 5A 07 0C 51 20 4A 5E 4B 8D C4 C8 BE E2 FA 5F CA 
 BF 07 7F 81 0B 8E FB 84 AC A3 5A 55 45 28 2E 7B 
 F5 36 FB E3 8D 5E 76 1B DE 21 7F DE D6 01 5B 8B 
 31 7E 6D 8A BD 55 E0 BE 24 C8 A8 F9 E3 21 83 FA 
 EB 7A 3D 45 2C F6 35 22 83 DA C7 44 AB 2A F5 17 
 6F 95 CE 18 4C 09 28 57 DE 6A D3 BC 76 5A F5 4C 
 15 A6 50 80 B1 2C 3A 26 C6 70 08 98 89 17 7D 7E 
 E3 1E E4 B5 7E 26 12 5B 16 D6 F1 77 C6 E7 1D 68 
 ED 78 7E A1 DD 31 7F DF F6 C4 1E 18 32 94 A0 5F 
 80 EF 78 53 BD 98 02 96 3F D5 1A 41 C0 F9 AE D6 
 9E E7 5F AA EB 7E BF D4 C1 F7 17 30 2F 40 F7 66 
 AE 3B E5 22 FC B4 49 09 AE 81 EC E0 66 D0 F8 6B 
 B5 17 1F 76 A0 05 85 F2 29 74 A6 B8 3F 33 53 CE 
 3A AF EE 78 BE 31 53 6A C7 9D E4 F0 80 B7 E9 5C 
 8E 68 4C F9 1E F2 44 BB BF 58 F7 13 22 1F 8B AB 
 8B 6D A1 9F 13 26 51 A8 84 59 44 0B A1 E5 2F 77 
 07 92 84 FF CE 3D 40 A6 89 B8 1C E5 FC FA 2F F3 
 80 DA FB 45 7C 2C 42 EE 75 34 EE EC 8B A7 56 4F 
 62 87 68 4A 51 2E 76 E6 6A 6D 01 D4 E5 D6 
 SWTPM_IO_Read: length 14
 80 01 00 00 00 0E 00 00 01 62 03 00 00 01 
    IsEnEnabled(0x162 = 'ContextSave'): 1
 SWTPM_IO_Write: length 414
 80 01 00 00 01 9E 00 00 00 00 00 00 00 00 00 00 
 00 42 03 00 00 01 40 00 00 07 01 82 00 40 D2 50 
 21 7F 16 37 25 D0 66 60 40 24 A6 E4 20 06 16 BF 
 9F EC 3A 3C 66 2F 81 8E 1B 0B EA DD 1A 92 66 84 
 84 45 FE 65 F7 D4 D5 2D 9E 03 97 86 CF 63 AA 1B 
 A9 F6 9A 37 FF 5C 75 11 FE D9 B1 19 4A 7A DB AD 
 59 F4 FA E0 07 35 65 F4 00 F8 C0 35 1F 60 48 40 
 27 EE EA A5 55 B2 48 73 20 1D BA E6 E7 A5 C6 2B 
 18 99 42 83 CB 86 9F 86 42 E2 51 BB 2F 9B 4A 51 
 DB 67 96 56 19 00 87 F2 35 34 B9 8D 95 63 F4 8F 
 36 76 FB F3 38 C8 A2 6C 2E 35 1A 16 75 90 9C 39 
 78 8D 65 77 41 79 3F AB 0D 40 E5 5E FC 82 71 B7 
 F8 BA D1 FD FD 1F E3 DD 9D 94 97 B1 7A 95 6C 8E 
 F3 F0 4A 78 75 60 2A D8 2E 40 0B 83 9C A7 AE A3 
 85 6C E6 6F D5 0E 13 DB 25 6E 80 EF 4C 92 41 A1 
 F6 6D 21 90 1E 83 62 DF BA 9E 7D 35 96 65 44 F0 
 D9 92 5A AE 41 49 3E 41 E7 F1 99 34 CA 66 3A 8F 
 63 1C B2 81 90 04 13 DD 2F F7 EB BC C2 F9 96 E9 
 1B ED 88 86 9D 14 B5 DD 9C 82 35 0B D1 AD EE AC 
 74 8F A7 F3 14 ED 24 E5 E2 B3 F5 20 8B 04 95 5A 
 10 14 1F BB 1F 94 51 A4 BB C8 71 26 36 34 E4 72 
 5B A4 C8 19 49 00 C4 35 19 78 95 69 8F D4 B8 F3 
 F2 BC 6B 14 00 E3 6C B5 0B 40 2D 94 3F 97 47 B1 
 12 96 C3 2F B2 C8 5E D2 99 63 96 D2 E9 08 83 49 
 00 06 68 33 D1 AF C5 FB 7D A1 FB 4D 19 16 CE 1C 
 DA 21 B7 71 CB EA 08 80 E1 D1 00 22 28 00 
 SWTPM_IO_Read: length 456
 80 01 00 00 01 C8 00 00 01 61 00 00 00 00 00 00 
 00 6A 80 00 00 00 40 00 00 01 01 AC 00 40 ED D8 
 EF 87 99 91 92 D7 54 92 04 6C DD FE 59 AE 2E F9 
 8D DB 15 AF 45 07 E5 E3 B3 39 61 42 53 AF EE CD 
 09 B6 CD 0D 8B DA 6F 7E 3D 86 22 87 8B FA 11 8C 
 AF 5F A7 01 84 27 97 17 D5 A1 B8 4D EA CD 19 F5 
 80 BB BE A5 3F 04 CB 03 DA CB 59 47 CE 4D F2 8B 
 37 DA 75 DC 50 58 CD 9B BC B5 C2 D9 54 C6 2D 9C 
 81 57 C0 5B CF 1D FE 12 DF 9E F3 05 8C A3 4D 05 
 75 27 37 67 D1 96 AB 9B ED 54 D8 EA F3 D5 BF BC 
 04 92 8D 55 89 D4 30 3A B6 66 B0 38 19 9C 0A 61 
 70 53 5D 01 83 E5 90 C0 EB 68 07 E7 A7 A4 CB 09 
 9D 3D 87 77 88 CF A2 DC 95 49 C6 3E 82 7F 05 E7 
 F5 F0 85 7D 07 00 77 33 13 D7 9C 64 3F BE 90 B5 
 85 AB 0A AB 79 F9 1D 17 60 88 F7 AB 43 36 8A EF 
 1D 6B 12 D1 DE EC B3 95 62 A4 62 DC F6 76 53 11 
 EA 79 2F 16 9F 0D 1F 29 C5 73 E6 A3 44 CB 76 80 
 C1 8C 5A 86 22 2C DF 1A 1E 78 8E 02 38 BC 3E 04 
 E8 0A F2 6E 9E CB 0B 82 85 C7 92 D4 91 34 FF F5 
 83 F1 D7 A4 95 33 C1 B1 16 53 B5 DE F4 26 1C BC 
 E8 4E FE AF 3C F7 A7 A4 82 4D 2C B0 41 B6 CE 77 
 3C CC E7 E3 F2 22 A3 2F 5A FD 61 AC 42 08 D7 00 
 56 7D 81 F4 CC 58 85 67 EE 78 DC A5 E2 14 1B 4F 
 7B 39 67 33 DC B8 35 63 49 F4 55 06 FC E9 E3 54 
 E8 03 6F 5B 9A 01 A1 E9 5A B8 26 96 28 25 9B F0 
 80 64 5D 21 79 B3 52 86 B9 FB FA D5 92 78 9D 12 
 46 91 5A 73 78 89 12 D2 4F 75 97 00 BE 01 06 3B 
 5C 26 43 C3 5D 73 99 4C E6 FE F3 B6 D5 85 44 83 
 BC A7 F5 84 27 E8 D2 23 
    IsEnEnabled(0x161 = 'ContextLoad'): 1
 SWTPM_IO_Write: length 14
 80 01 00 00 00 0E 00 00 00 00 80 00 00 00 
 SWTPM_IO_Read: length 414
 80 01 00 00 01 9E 00 00 01 61 00 00 00 00 00 00 
 00 41 02 00 00 00 40 00 00 07 01 82 00 40 D7 71 
 A2 50 12 15 4F DB E7 8A 2D 7C 49 72 6D 7A AB D6 
 5E 8E 2A 25 A5 45 04 B6 90 37 F6 3B 6B B4 8A 58 
 89 02 3B DE F2 A1 26 3C 8E 9D 06 46 E9 ED 4B A8 
 E7 81 A7 F6 B2 A4 70 73 09 BD A4 06 27 A3 1F 73 
 10 FE B8 56 5B 8E 2A CF 80 38 EB C5 41 1C A0 7C 
 5A 07 0C 51 20 4A 5E 4B 8D C4 C8 BE E2 FA 5F CA 
 BF 07 7F 81 0B 8E FB 84 AC A3 5A 55 45 28 2E 7B 
 F5 36 FB E3 8D 5E 76 1B DE 21 7F DE D6 01 5B 8B 
 31 7E 6D 8A BD 55 E0 BE 24 C8 A8 F9 E3 21 83 FA 
 EB 7A 3D 45 2C F6 35 22 83 DA C7 44 AB 2A F5 17 
 6F 95 CE 18 4C 09 28 57 DE 6A D3 BC 76 5A F5 4C 
 15 A6 50 80 B1 2C 3A 26 C6 70 08 98 89 17 7D 7E 
 E3 1E E4 B5 7E 26 12 5B 16 D6 F1 77 C6 E7 1D 68 
 ED 78 7E A1 DD 31 7F DF F6 C4 1E 18 32 94 A0 5F 
 80 EF 78 53 BD 98 02 96 3F D5 1A 41 C0 F9 AE D6 
 9E E7 5F AA EB 7E BF D4 C1 F7 17 30 2F 40 F7 66 
 AE 3B E5 22 FC B4 49 09 AE 81 EC E0 66 D0 F8 6B 
 B5 17 1F 76 A0 05 85 F2 29 74 A6 B8 3F 33 53 CE 
 3A AF EE 78 BE 31 53 6A C7 9D E4 F0 80 B7 E9 5C 
 8E 68 4C F9 1E F2 44 BB BF 58 F7 13 22 1F 8B AB 
 8B 6D A1 9F 13 26 51 A8 84 59 44 0B A1 E5 2F 77 
 07 92 84 FF CE 3D 40 A6 89 B8 1C E5 FC FA 2F F3 
 80 DA FB 45 7C 2C 42 EE 75 34 EE EC 8B A7 56 4F 
 62 87 68 4A 51 2E 76 E6 6A 6D 01 D4 E5 D6 
    IsEnEnabled(0x161 = 'ContextLoad'): 1
 SWTPM_IO_Write: length 14
 80 01 00 00 00 0E 00 00 00 00 02 00 00 00 
 SWTPM_IO_Read: length 414
 80 01 00 00 01 9E 00 00 01 61 00 00 00 00 00 00 
 00 42 03 00 00 01 40 00 00 07 01 82 00 40 D2 50 
 21 7F 16 37 25 D0 66 60 40 24 A6 E4 20 06 16 BF 
 9F EC 3A 3C 66 2F 81 8E 1B 0B EA DD 1A 92 66 84 
 84 45 FE 65 F7 D4 D5 2D 9E 03 97 86 CF 63 AA 1B 
 A9 F6 9A 37 FF 5C 75 11 FE D9 B1 19 4A 7A DB AD 
 59 F4 FA E0 07 35 65 F4 00 F8 C0 35 1F 60 48 40 
 27 EE EA A5 55 B2 48 73 20 1D BA E6 E7 A5 C6 2B 
 18 99 42 83 CB 86 9F 86 42 E2 51 BB 2F 9B 4A 51 
 DB 67 96 56 19 00 87 F2 35 34 B9 8D 95 63 F4 8F 
 36 76 FB F3 38 C8 A2 6C 2E 35 1A 16 75 90 9C 39 
 78 8D 65 77 41 79 3F AB 0D 40 E5 5E FC 82 71 B7 
 F8 BA D1 FD FD 1F E3 DD 9D 94 97 B1 7A 95 6C 8E 
 F3 F0 4A 78 75 60 2A D8 2E 40 0B 83 9C A7 AE A3 
 85 6C E6 6F D5 0E 13 DB 25 6E 80 EF 4C 92 41 A1 
 F6 6D 21 90 1E 83 62 DF BA 9E 7D 35 96 65 44 F0 
 D9 92 5A AE 41 49 3E 41 E7 F1 99 34 CA 66 3A 8F 
 63 1C B2 81 90 04 13 DD 2F F7 EB BC C2 F9 96 E9 
 1B ED 88 86 9D 14 B5 DD 9C 82 35 0B D1 AD EE AC 
 74 8F A7 F3 14 ED 24 E5 E2 B3 F5 20 8B 04 95 5A 
 10 14 1F BB 1F 94 51 A4 BB C8 71 26 36 34 E4 72 
 5B A4 C8 19 49 00 C4 35 19 78 95 69 8F D4 B8 F3 
 F2 BC 6B 14 00 E3 6C B5 0B 40 2D 94 3F 97 47 B1 
 12 96 C3 2F B2 C8 5E D2 99 63 96 D2 E9 08 83 49 
 00 06 68 33 D1 AF C5 FB 7D A1 FB 4D 19 16 CE 1C 
 DA 21 B7 71 CB EA 08 80 E1 D1 00 22 28 00 
    IsEnEnabled(0x161 = 'ContextLoad'): 1
 SWTPM_IO_Write: length 14
 80 01 00 00 00 0E 00 00 00 00 03 00 00 01 
 SWTPM_IO_Read: length 20
 80 01 00 00 00 14 00 00 01 7E 00 00 00 01 00 0B 
 03 80 00 00 
    IsEnEnabled(0x17e = 'PCR_Read'): 1
 SWTPM_IO_Write: length 62
 80 01 00 00 00 3E 00 00 00 00 00 00 00 98 00 00 
 00 01 00 0B 03 80 00 00 00 00 00 01 00 20 12 7C 
 18 EB A2 30 0E 30 76 7F AF E7 1F 4E 59 75 77 6F 
 66 5D 22 C7 CA 90 17 C7 C2 48 46 B9 6F A1 
 SWTPM_IO_Read: length 14
 80 01 00 00 00 0E 00 00 01 62 80 00 00 00 
    IsEnEnabled(0x162 = 'ContextSave'): 1
 SWTPM_IO_Write: length 456
 80 01 00 00 01 C8 00 00 00 00 00 00 00 00 00 00 
 00 6B 80 00 00 00 40 00 00 01 01 AC 00 40 F2 E2 
 D5 69 3A 1D 02 8E 01 3F 18 01 81 69 34 16 0B 8C 
 61 FE FD 24 95 C8 A7 09 33 59 63 8B 29 07 2B 45 
 D2 DF A1 16 89 AB 97 3D 90 25 90 37 CA 1E 62 1A 
 E2 EC 3C AD 60 53 57 F1 BB 34 C4 A9 D5 79 22 D5 
 B8 0B D6 5B 8A CD 12 10 70 71 51 2A AF 69 AD 8E 
 B4 47 03 34 8A 7C 72 2C D7 13 C2 03 47 22 80 1F 
 FC 72 6D D9 14 3A F4 60 78 E4 A8 C6 28 BD E4 56 
 7E E0 71 4F 05 D0 27 24 45 E0 45 09 56 DF 41 37 
 BB FB E5 61 09 A8 4E E1 ED 28 BA DC 6E FC 24 9F 
 79 31 72 F6 35 C4 C8 42 10 BA 21 80 36 FC 24 D8 
 14 7C 6A E0 0E 6D 8D 67 7A C9 69 A0 04 C5 16 C9 
 BF 69 46 A1 05 87 79 90 7C EC 50 A2 A5 C9 47 72 
 4A 31 0F B3 59 DD 2C 0A 16 C7 FE 53 73 D4 69 E5 
 0F A8 77 AD 73 77 C4 7D E3 96 2D 89 3E BD 2F 89 
 6B EE 50 10 1B 41 BF 5E B9 67 EB A5 50 E3 E3 1F 
 8E DB C1 60 37 F4 35 D2 11 7C EF 0B 7D 95 F9 A2 
 38 30 8C F4 1A 33 8F 59 0C D3 4D 8C AF 7D 08 70 
 98 6D 0C 9A 3E 74 A4 DD B8 6F 96 24 82 CA EF 64 
 3A 09 B5 CA 12 D1 EE 21 BC 9C AF D7 47 FF 90 50 
 00 DA D1 52 C7 A3 F8 6F 42 31 77 4B AC 92 62 C8 
 BE 2F 6C 0C DC 63 62 41 9F 67 37 3B 5C 36 7E 4A 
 4C 58 D6 55 D2 B6 8F 9B 0F 36 8C 0E 41 9D 9B 92 
 13 8D F8 2B A6 2D C1 75 26 59 DB D9 09 F7 20 AF 
 26 EB 8B 8C C1 EA 1F F8 D7 D6 2E BD 7E 07 FE CD 
 9A 50 A8 B5 A4 6F 09 B7 0C 7D EF A8 DE 74 02 CC 
 13 B4 9C A7 21 EC 7C 15 76 C2 05 90 7A 0D 12 26 
 F9 20 D6 36 CB 25 3B 10 
 SWTPM_IO_Read: length 14
 80 01 00 00 00 0E 00 00 01 65 80 00 00 00 
    IsEnEnabled(0x165 = 'FlushContext'): 1
 SWTPM_IO_Write: length 10
 80 01 00 00 00 0A 00 00 00 00 
 SWTPM_IO_Read: length 14
 80 01 00 00 00 0E 00 00 01 62 02 00 00 00 
    IsEnEnabled(0x162 = 'ContextSave'): 1
 SWTPM_IO_Write: length 414
 80 01 00 00 01 9E 00 00 00 00 00 00 00 00 00 00 
 00 43 02 00 00 00 40 00 00 07 01 82 00 40 26 B2 
 63 57 F1 5D 31 7F D2 15 2F C4 A1 94 3E 12 EA F5 
 A8 3E 6D 07 3E 3F 82 1D 40 C0 36 34 F1 D4 25 A9 
 1B 8A 71 4D A6 F3 27 77 F0 84 83 67 6E 21 D1 80 
 42 B9 1F F1 FA 73 C5 E4 E2 D6 12 43 6C 3F 33 64 
 F9 79 E7 30 95 13 D1 BA 9A F8 7D EE 48 70 F9 02 
 FD F5 34 FF 46 E3 E9 31 96 B7 28 16 3D 9A CD D5 
 90 26 DA 24 1D E0 4C A8 9E 6D 4E F0 AD 93 14 65 
 7A E5 A0 41 93 6D 62 D8 1F 16 A6 F5 88 F4 1B B3 
 79 E4 DF 42 F3 78 F1 6B FA 1F 4A 08 68 9B BB 9A 
 0D DC C7 F0 8F 72 8F D1 E8 DA 1E D3 5A D3 76 C7 
 32 94 7A 85 EB 3F 6F 9D 95 9F 26 D6 00 FD 68 3B 
 3A A8 B3 C8 5D D4 CA 8C B4 97 89 9A FE 0B F6 0A 
 AF E6 1C 27 38 3A 38 20 06 DF 5D B4 A0 D9 91 B6 
 8A EA A8 22 C3 44 86 73 0A E9 DA D8 3B 9E 2C EA 
 0D FD A5 68 BE 32 90 96 B4 64 B4 02 F7 87 20 E8 
 6E AC 89 0E 4B ED 2F F4 B5 66 47 CD 89 84 61 5A 
 B2 E9 E5 89 31 90 40 65 3B F6 B9 CC 5A 9D C0 3A 
 A3 E2 25 6C CC 3E 67 AE 9D 3F 49 E8 A9 96 19 63 
 F1 AA 8D 40 46 5B 84 4D 40 EA A3 AB 13 3B 05 D8 
 23 3A D7 32 FD 43 61 2B 3A 5E 49 43 69 8C 6C 16 
 34 55 F7 16 48 C5 F7 E4 19 6D DD D7 DD 8A 62 09 
 58 62 F5 35 F6 B8 D4 74 FE B2 BB D5 BE FC 50 69 
 89 DA 45 E5 40 61 03 01 55 85 1B 0A 35 71 F2 47 
 69 83 01 11 AE BA 66 9C C2 DA 7E 39 87 82 
 SWTPM_IO_Read: length 14
 80 01 00 00 00 0E 00 00 01 62 03 00 00 01 
    IsEnEnabled(0x162 = 'ContextSave'): 1
 SWTPM_IO_Write: length 414
 80 01 00 00 01 9E 00 00 00 00 00 00 00 00 00 00 
 00 44 03 00 00 01 40 00 00 07 01 82 00 40 0D 99 
 31 FA E9 5C F5 81 E8 9F 58 CB C3 1D D4 8D AD D3 
 7D E9 60 21 B3 10 95 63 19 2D E2 AF 28 EE 16 F7 
 EC 2F C2 C9 7F 36 9D 78 8B 8A 4A F8 4D 8E 05 CE 
 88 3E A0 9E 7B D3 47 B8 BA C3 D4 22 4B 2C 72 48 
 56 0F 93 CB AF 36 C0 D3 C6 21 65 8B 86 B6 ED 85 
 C9 AA 33 2F 9D B6 0A 24 8E 6B C1 17 38 6B 3B 6A 
 DD A3 34 58 43 65 39 E7 E1 8D 6D 7F F0 C5 57 22 
 E6 51 A6 2F 2F F8 B3 BD 77 A5 3D 06 12 69 27 E6 
 36 35 7B EF B8 7D 7F 8D 2D B6 C4 A1 9C 17 95 7C 
 08 5E 70 04 B0 45 34 2C 2F EC C3 DC 2B 40 C5 23 
 10 69 E8 57 69 C1 AD 90 AC 20 CC FF 6E A7 14 D8 
 A3 0F 3F 0B F0 BF 37 87 DB 36 42 36 6D 78 05 12 
 2D 39 33 9F 2E F3 1B EE 11 1B AB 0B A2 2E 00 97 
 C7 99 8D 12 7A EB FE 4A 9D E6 0F DE F0 5B C9 FF 
 D3 8D 00 DE 73 5D 59 EC F4 A9 8E A0 A8 50 AB E6 
 A4 21 8B F6 82 21 D0 55 A0 E6 3D A1 3F BE FA 36 
 C8 05 19 7E 1F B2 EF 2E E0 FA 58 74 25 EF EE 39 
 8D 47 7C 31 40 7E 6C A4 13 D8 14 02 52 64 64 53 
 1F 85 FF 8C 80 7E BD B7 3B 8F 3B 5F BA 57 FC CE 
 73 89 56 1B 9A 41 24 54 03 43 90 4F 81 CA D4 B9 
 07 38 66 F0 85 6A D2 1E CB 4A 13 9F 0B D1 2F A2 
 FE 0A 3C 68 83 F5 F2 BE A4 54 2B 6A 40 CF 3D 2B 
 F6 C7 D3 11 2D DA 39 88 C5 A5 CB 9B 14 0F BF 93 
 BD 63 75 F8 E7 9F B1 07 8D 54 2E 5F 7B D5 
 SWTPM_IO_Read: length 456
 80 01 00 00 01 C8 00 00 01 61 00 00 00 00 00 00 
 00 6B 80 00 00 00 40 00 00 01 01 AC 00 40 F2 E2 
 D5 69 3A 1D 02 8E 01 3F 18 01 81 69 34 16 0B 8C 
 61 FE FD 24 95 C8 A7 09 33 59 63 8B 29 07 2B 45 
 D2 DF A1 16 89 AB 97 3D 90 25 90 37 CA 1E 62 1A 
 E2 EC 3C AD 60 53 57 F1 BB 34 C4 A9 D5 79 22 D5 
 B8 0B D6 5B 8A CD 12 10 70 71 51 2A AF 69 AD 8E 
 B4 47 03 34 8A 7C 72 2C D7 13 C2 03 47 22 80 1F 
 FC 72 6D D9 14 3A F4 60 78 E4 A8 C6 28 BD E4 56 
 7E E0 71 4F 05 D0 27 24 45 E0 45 09 56 DF 41 37 
 BB FB E5 61 09 A8 4E E1 ED 28 BA DC 6E FC 24 9F 
 79 31 72 F6 35 C4 C8 42 10 BA 21 80 36 FC 24 D8 
 14 7C 6A E0 0E 6D 8D 67 7A C9 69 A0 04 C5 16 C9 
 BF 69 46 A1 05 87 79 90 7C EC 50 A2 A5 C9 47 72 
 4A 31 0F B3 59 DD 2C 0A 16 C7 FE 53 73 D4 69 E5 
 0F A8 77 AD 73 77 C4 7D E3 96 2D 89 3E BD 2F 89 
 6B EE 50 10 1B 41 BF 5E B9 67 EB A5 50 E3 E3 1F 
 8E DB C1 60 37 F4 35 D2 11 7C EF 0B 7D 95 F9 A2 
 38 30 8C F4 1A 33 8F 59 0C D3 4D 8C AF 7D 08 70 
 98 6D 0C 9A 3E 74 A4 DD B8 6F 96 24 82 CA EF 64 
 3A 09 B5 CA 12 D1 EE 21 BC 9C AF D7 47 FF 90 50 
 00 DA D1 52 C7 A3 F8 6F 42 31 77 4B AC 92 62 C8 
 BE 2F 6C 0C DC 63 62 41 9F 67 37 3B 5C 36 7E 4A 
 4C 58 D6 55 D2 B6 8F 9B 0F 36 8C 0E 41 9D 9B 92 
 13 8D F8 2B A6 2D C1 75 26 59 DB D9 09 F7 20 AF 
 26 EB 8B 8C C1 EA 1F F8 D7 D6 2E BD 7E 07 FE CD 
 9A 50 A8 B5 A4 6F 09 B7 0C 7D EF A8 DE 74 02 CC 
 13 B4 9C A7 21 EC 7C 15 76 C2 05 90 7A 0D 12 26 
 F9 20 D6 36 CB 25 3B 10 
    IsEnEnabled(0x161 = 'ContextLoad'): 1
 SWTPM_IO_Write: length 14
 80 01 00 00 00 0E 00 00 00 00 80 00 00 00 
 SWTPM_IO_Read: length 414
 80 01 00 00 01 9E 00 00 01 61 00 00 00 00 00 00 
 00 43 02 00 00 00 40 00 00 07 01 82 00 40 26 B2 
 63 57 F1 5D 31 7F D2 15 2F C4 A1 94 3E 12 EA F5 
 A8 3E 6D 07 3E 3F 82 1D 40 C0 36 34 F1 D4 25 A9 
 1B 8A 71 4D A6 F3 27 77 F0 84 83 67 6E 21 D1 80 
 42 B9 1F F1 FA 73 C5 E4 E2 D6 12 43 6C 3F 33 64 
 F9 79 E7 30 95 13 D1 BA 9A F8 7D EE 48 70 F9 02 
 FD F5 34 FF 46 E3 E9 31 96 B7 28 16 3D 9A CD D5 
 90 26 DA 24 1D E0 4C A8 9E 6D 4E F0 AD 93 14 65 
 7A E5 A0 41 93 6D 62 D8 1F 16 A6 F5 88 F4 1B B3 
 79 E4 DF 42 F3 78 F1 6B FA 1F 4A 08 68 9B BB 9A 
 0D DC C7 F0 8F 72 8F D1 E8 DA 1E D3 5A D3 76 C7 
 32 94 7A 85 EB 3F 6F 9D 95 9F 26 D6 00 FD 68 3B 
 3A A8 B3 C8 5D D4 CA 8C B4 97 89 9A FE 0B F6 0A 
 AF E6 1C 27 38 3A 38 20 06 DF 5D B4 A0 D9 91 B6 
 8A EA A8 22 C3 44 86 73 0A E9 DA D8 3B 9E 2C EA 
 0D FD A5 68 BE 32 90 96 B4 64 B4 02 F7 87 20 E8 
 6E AC 89 0E 4B ED 2F F4 B5 66 47 CD 89 84 61 5A 
 B2 E9 E5 89 31 90 40 65 3B F6 B9 CC 5A 9D C0 3A 
 A3 E2 25 6C CC 3E 67 AE 9D 3F 49 E8 A9 96 19 63 
 F1 AA 8D 40 46 5B 84 4D 40 EA A3 AB 13 3B 05 D8 
 23 3A D7 32 FD 43 61 2B 3A 5E 49 43 69 8C 6C 16 
 34 55 F7 16 48 C5 F7 E4 19 6D DD D7 DD 8A 62 09 
 58 62 F5 35 F6 B8 D4 74 FE B2 BB D5 BE FC 50 69 
 89 DA 45 E5 40 61 03 01 55 85 1B 0A 35 71 F2 47 
 69 83 01 11 AE BA 66 9C C2 DA 7E 39 87 82 
    IsEnEnabled(0x161 = 'ContextLoad'): 1
 SWTPM_IO_Write: length 14
 80 01 00 00 00 0E 00 00 00 00 02 00 00 00 
 SWTPM_IO_Read: length 414
 80 01 00 00 01 9E 00 00 01 61 00 00 00 00 00 00 
 00 44 03 00 00 01 40 00 00 07 01 82 00 40 0D 99 
 31 FA E9 5C F5 81 E8 9F 58 CB C3 1D D4 8D AD D3 
 7D E9 60 21 B3 10 95 63 19 2D E2 AF 28 EE 16 F7 
 EC 2F C2 C9 7F 36 9D 78 8B 8A 4A F8 4D 8E 05 CE 
 88 3E A0 9E 7B D3 47 B8 BA C3 D4 22 4B 2C 72 48 
 56 0F 93 CB AF 36 C0 D3 C6 21 65 8B 86 B6 ED 85 
 C9 AA 33 2F 9D B6 0A 24 8E 6B C1 17 38 6B 3B 6A 
 DD A3 34 58 43 65 39 E7 E1 8D 6D 7F F0 C5 57 22 
 E6 51 A6 2F 2F F8 B3 BD 77 A5 3D 06 12 69 27 E6 
 36 35 7B EF B8 7D 7F 8D 2D B6 C4 A1 9C 17 95 7C 
 08 5E 70 04 B0 45 34 2C 2F EC C3 DC 2B 40 C5 23 
 10 69 E8 57 69 C1 AD 90 AC 20 CC FF 6E A7 14 D8 
 A3 0F 3F 0B F0 BF 37 87 DB 36 42 36 6D 78 05 12 
 2D 39 33 9F 2E F3 1B EE 11 1B AB 0B A2 2E 00 97 
 C7 99 8D 12 7A EB FE 4A 9D E6 0F DE F0 5B C9 FF 
 D3 8D 00 DE 73 5D 59 EC F4 A9 8E A0 A8 50 AB E6 
 A4 21 8B F6 82 21 D0 55 A0 E6 3D A1 3F BE FA 36 
 C8 05 19 7E 1F B2 EF 2E E0 FA 58 74 25 EF EE 39 
 8D 47 7C 31 40 7E 6C A4 13 D8 14 02 52 64 64 53 
 1F 85 FF 8C 80 7E BD B7 3B 8F 3B 5F BA 57 FC CE 
 73 89 56 1B 9A 41 24 54 03 43 90 4F 81 CA D4 B9 
 07 38 66 F0 85 6A D2 1E CB 4A 13 9F 0B D1 2F A2 
 FE 0A 3C 68 83 F5 F2 BE A4 54 2B 6A 40 CF 3D 2B 
 F6 C7 D3 11 2D DA 39 88 C5 A5 CB 9B 14 0F BF 93 
 BD 63 75 F8 E7 9F B1 07 8D 54 2E 5F 7B D5 
    IsEnEnabled(0x161 = 'ContextLoad'): 1
 SWTPM_IO_Write: length 14
 80 01 00 00 00 0E 00 00 00 00 03 00 00 01 
 SWTPM_IO_Read: length 26
 80 01 00 00 00 1A 00 00 01 7F 03 00 00 01 00 00 
 00 00 00 01 00 0B 03 80 00 00 
    IsEnEnabled(0x17f = 'PolicyPCR'): 1
 SWTPM_IO_Write: length 10
 80 01 00 00 00 0A 00 00 00 00 
 SWTPM_IO_Read: length 14
 80 01 00 00 00 0E 00 00 01 62 80 00 00 00 
    IsEnEnabled(0x162 = 'ContextSave'): 1
 SWTPM_IO_Write: length 456
 80 01 00 00 01 C8 00 00 00 00 00 00 00 00 00 00 
 00 6C 80 00 00 00 40 00 00 01 01 AC 00 40 97 26 
 76 1A 37 29 0F 3E D4 78 84 47 7A A8 63 FD 1C 89 
 A7 47 7B 76 04 68 80 09 51 78 24 5C 5E 64 E8 20 
 81 4A AA D2 18 E1 96 25 9B F7 30 C4 3C 76 EF E9 
 F7 C3 C6 A6 E9 FE 0D 2D 1D 3A C4 18 90 9D 3E 53 
 67 FA 45 8F 76 8A 38 43 54 D8 FB B3 96 CF 5D 9B 
 2C A2 B3 97 8D D7 A9 7A 31 28 A3 69 71 49 DA 29 
 DD 4E 48 83 38 98 FC C8 EB 7B F5 F9 07 57 85 58 
 F8 F5 ED 54 6B 8D AF F0 DE AD 93 48 1D 55 E7 13 
 77 30 EB E9 A5 9A 0F 3C 8C FD 70 FF E3 C3 30 B1 
 B2 1F B2 CD 97 21 E1 E3 7D B1 4F 99 A0 A7 77 D4 
 0C BC CA 89 61 74 4B 33 B5 4B 16 4B B0 1D F1 6A 
 38 9D 2B 92 D7 BF 41 F1 11 9D CE 54 52 83 E0 29 
 74 02 0C 2C 5F 5B 0D 37 34 C8 E3 44 B9 8B AC 7B 
 60 00 2B 66 15 AE 69 A9 36 03 A9 C3 FF 99 79 03 
 E3 6C 6F 9E E3 98 90 D4 D5 F4 81 DC 5B 45 3B DA 
 35 19 B1 8E F3 FC D3 C6 47 F1 97 29 AC 88 5F A2 
 EF F8 42 40 18 76 0E 13 A2 24 B0 59 34 32 C8 A5 
 42 64 10 3B D4 D9 42 63 0C D6 B1 F2 A8 8E 94 ED 
 D2 05 82 F4 8C 3B 23 63 70 5A 87 48 C0 DC B3 B8 
 72 A1 44 F6 D0 F9 BF 95 C4 9C 11 64 6C 47 1F 8B 
 41 99 BB 9A 84 60 70 62 CA B9 C4 D0 C8 D8 23 2A 
 9A 55 B9 B1 BC EA 46 D8 39 92 4C 9F 08 52 29 43 
 06 D8 E5 DC FC D0 35 08 9D F0 27 5B 0F B8 45 F0 
 85 E2 5D C7 E1 82 1C 6A 71 28 F5 4A E9 06 FE C9 
 DB CF A9 07 42 09 3E F1 FD 0A 63 BF C6 2A 93 6E 
 B6 48 55 CD EC C7 5F A7 59 60 DE 65 CA 88 2C DE 
 FF EE 06 86 C4 EC 6F 2F 
 SWTPM_IO_Read: length 14
 80 01 00 00 00 0E 00 00 01 65 80 00 00 00 
    IsEnEnabled(0x165 = 'FlushContext'): 1
 SWTPM_IO_Write: length 10
 80 01 00 00 00 0A 00 00 00 00 
 SWTPM_IO_Read: length 14
 80 01 00 00 00 0E 00 00 01 62 02 00 00 00 
    IsEnEnabled(0x162 = 'ContextSave'): 1
 SWTPM_IO_Write: length 414
 80 01 00 00 01 9E 00 00 00 00 00 00 00 00 00 00 
 00 45 02 00 00 00 40 00 00 07 01 82 00 40 8B 7D 
 F0 8B 49 4C C1 EB 1C 95 97 A8 F4 E5 A7 83 6D 7E 
 2F C9 4B 10 3D 67 E7 B4 50 90 FA 6C 9F A3 E5 0E 
 37 4E BE FA 1C FB 4C C8 5D 68 8C 94 42 F6 AF A6 
 E4 6F 72 7C 46 33 5B EE 78 EF CE 97 DD 5B 6E 1D 
 BF 33 60 EE A2 BD 44 EB E7 78 3B E0 B7 E0 FD F2 
 0C 4C DD 61 79 47 A8 05 7A 4B 0F 4D 0C 62 99 19 
 29 94 49 B2 5E AA C0 78 AD 5B 5B F3 63 1E 67 EF 
 DC 94 F2 D0 AD 6E 06 7F 65 33 FA B8 2D 30 23 38 
 D3 97 8C 59 73 D2 B4 D0 71 DF FD D0 85 60 9B 9F 
 BD BE E5 0F CD FB C1 49 A0 14 0B 50 51 38 2D 9E 
 BD BE A2 F4 39 AD B6 FF 38 BF 62 AC BB BF ED 59 
 CF 09 29 32 3F 17 5E 9C 35 4F D7 34 80 32 F3 E0 
 69 02 82 A1 EA ED C5 EC 28 A5 14 2D 67 FB 84 7B 
 E4 1E 4E 8B 95 ED A0 CF 60 38 10 6E AA 4A 8C 8C 
 73 42 C8 E8 D4 50 43 37 F7 C7 D6 C2 F7 72 1A EA 
 79 79 88 B1 C7 46 42 A0 90 BD 21 A9 E6 FB DF C9 
 BE 8F C7 45 34 95 52 2B 86 AC 8C 11 53 FB EA 2F 
 DB 45 98 C4 C6 4C 57 42 13 10 2B BA 65 83 6F AC 
 38 8C B9 25 7C D6 0E 00 EC D1 80 65 05 B0 CE 57 
 73 CB DC 86 85 10 4B 33 16 56 34 7A FC 8F 99 0C 
 11 15 63 6E F0 14 36 D7 BE 01 04 9E 97 D6 51 DB 
 E0 85 BF 15 27 1C 2C 43 4E 3A 5A C4 2D 4B 4A 5A 
 FF F6 FD 53 37 0B F8 8F 8A 01 E5 67 56 12 C9 6A 
 0B 24 20 98 BA 9E 09 A6 E8 FC 31 64 9F D8 
 SWTPM_IO_Read: length 14
 80 01 00 00 00 0E 00 00 01 62 03 00 00 01 
    IsEnEnabled(0x162 = 'ContextSave'): 1
 SWTPM_IO_Write: length 414
 80 01 00 00 01 9E 00 00 00 00 00 00 00 00 00 00 
 00 46 03 00 00 01 40 00 00 07 01 82 00 40 9B 70 
 12 F8 5E 8F 2A E1 DA BC F6 F9 FD 4E 40 74 BD CD 
 04 BA E4 45 E4 96 D1 A3 2A 7F 5C F0 A2 24 59 F7 
 14 A3 58 A8 BC DE B4 EF B5 34 5C AC F9 FD A8 1A 
 46 32 1C B8 23 1B 76 95 74 C1 48 4C 0F 0E 8A F6 
 1C 01 41 DC 24 D8 EC 33 BA 5D 4C 0B BA D3 2F 71 
 73 FF B2 05 12 5B 4A 19 33 D1 0D 6A DC CE A4 3E 
 EB E5 69 8A B4 15 E5 A6 F3 78 B2 B8 BC A9 EF 89 
 EE 31 E4 61 32 3D 27 A5 B4 81 B1 B0 69 11 E6 61 
 20 AF 0B 24 F4 B3 C4 E1 9A 1B 1E ED F8 48 2C 6B 
 EF 11 91 12 87 C8 CF 07 51 C7 1C 11 D2 B4 3B 98 
 AD C7 E1 D3 F5 B3 12 36 7C CB D0 4D FD 86 4E 70 
 48 51 98 AD D6 00 25 F7 39 19 53 5B 06 79 4B 6E 
 B2 83 BD 87 79 B9 76 AF D0 25 20 3B C3 3E 9A 8E 
 A5 06 FD 16 EC 7F 87 4D A9 41 E0 F0 9A F5 69 EF 
 E5 66 AB F5 D6 80 1A 28 C9 2A 1D 4B B4 0A 3D AF 
 C8 07 D5 58 87 9B B9 AB D1 B7 1C 8F BC CB 47 3B 
 C5 0D EC 80 C2 8E 5C D8 57 99 AB 39 B8 50 94 91 
 C3 FD A0 CC DB AD 3C 6D 63 A7 50 13 86 53 B0 66 
 38 16 C0 CA B5 F6 A8 F0 FC 50 0E 60 F6 1E 07 C4 
 93 21 C1 60 3D 9E 9B 54 27 16 3A FE D2 3B F6 97 
 DC F3 59 49 FB C8 56 C1 71 C9 E9 24 60 22 89 6E 
 4B 3B CD D3 42 A5 09 85 23 20 96 19 6A CB 3A AE 
 5F 59 D6 8E 38 8C 74 23 72 B9 52 6A C5 EC C7 79 
 BA 1B FA 82 E3 DD 2C 94 9C 0A E8 4E 74 24 
 SWTPM_IO_Read: length 456
 80 01 00 00 01 C8 00 00 01 61 00 00 00 00 00 00 
 00 6C 80 00 00 00 40 00 00 01 01 AC 00 40 97 26 
 76 1A 37 29 0F 3E D4 78 84 47 7A A8 63 FD 1C 89 
 A7 47 7B 76 04 68 80 09 51 78 24 5C 5E 64 E8 20 
 81 4A AA D2 18 E1 96 25 9B F7 30 C4 3C 76 EF E9 
 F7 C3 C6 A6 E9 FE 0D 2D 1D 3A C4 18 90 9D 3E 53 
 67 FA 45 8F 76 8A 38 43 54 D8 FB B3 96 CF 5D 9B 
 2C A2 B3 97 8D D7 A9 7A 31 28 A3 69 71 49 DA 29 
 DD 4E 48 83 38 98 FC C8 EB 7B F5 F9 07 57 85 58 
 F8 F5 ED 54 6B 8D AF F0 DE AD 93 48 1D 55 E7 13 
 77 30 EB E9 A5 9A 0F 3C 8C FD 70 FF E3 C3 30 B1 
 B2 1F B2 CD 97 21 E1 E3 7D B1 4F 99 A0 A7 77 D4 
 0C BC CA 89 61 74 4B 33 B5 4B 16 4B B0 1D F1 6A 
 38 9D 2B 92 D7 BF 41 F1 11 9D CE 54 52 83 E0 29 
 74 02 0C 2C 5F 5B 0D 37 34 C8 E3 44 B9 8B AC 7B 
 60 00 2B 66 15 AE 69 A9 36 03 A9 C3 FF 99 79 03 
 E3 6C 6F 9E E3 98 90 D4 D5 F4 81 DC 5B 45 3B DA 
 35 19 B1 8E F3 FC D3 C6 47 F1 97 29 AC 88 5F A2 
 EF F8 42 40 18 76 0E 13 A2 24 B0 59 34 32 C8 A5 
 42 64 10 3B D4 D9 42 63 0C D6 B1 F2 A8 8E 94 ED 
 D2 05 82 F4 8C 3B 23 63 70 5A 87 48 C0 DC B3 B8 
 72 A1 44 F6 D0 F9 BF 95 C4 9C 11 64 6C 47 1F 8B 
 41 99 BB 9A 84 60 70 62 CA B9 C4 D0 C8 D8 23 2A 
 9A 55 B9 B1 BC EA 46 D8 39 92 4C 9F 08 52 29 43 
 06 D8 E5 DC FC D0 35 08 9D F0 27 5B 0F B8 45 F0 
 85 E2 5D C7 E1 82 1C 6A 71 28 F5 4A E9 06 FE C9 
 DB CF A9 07 42 09 3E F1 FD 0A 63 BF C6 2A 93 6E 
 B6 48 55 CD EC C7 5F A7 59 60 DE 65 CA 88 2C DE 
 FF EE 06 86 C4 EC 6F 2F 
    IsEnEnabled(0x161 = 'ContextLoad'): 1
 SWTPM_IO_Write: length 14
 80 01 00 00 00 0E 00 00 00 00 80 00 00 00 
 SWTPM_IO_Read: length 414
 80 01 00 00 01 9E 00 00 01 61 00 00 00 00 00 00 
 00 45 02 00 00 00 40 00 00 07 01 82 00 40 8B 7D 
 F0 8B 49 4C C1 EB 1C 95 97 A8 F4 E5 A7 83 6D 7E 
 2F C9 4B 10 3D 67 E7 B4 50 90 FA 6C 9F A3 E5 0E 
 37 4E BE FA 1C FB 4C C8 5D 68 8C 94 42 F6 AF A6 
 E4 6F 72 7C 46 33 5B EE 78 EF CE 97 DD 5B 6E 1D 
 BF 33 60 EE A2 BD 44 EB E7 78 3B E0 B7 E0 FD F2 
 0C 4C DD 61 79 47 A8 05 7A 4B 0F 4D 0C 62 99 19 
 29 94 49 B2 5E AA C0 78 AD 5B 5B F3 63 1E 67 EF 
 DC 94 F2 D0 AD 6E 06 7F 65 33 FA B8 2D 30 23 38 
 D3 97 8C 59 73 D2 B4 D0 71 DF FD D0 85 60 9B 9F 
 BD BE E5 0F CD FB C1 49 A0 14 0B 50 51 38 2D 9E 
 BD BE A2 F4 39 AD B6 FF 38 BF 62 AC BB BF ED 59 
 CF 09 29 32 3F 17 5E 9C 35 4F D7 34 80 32 F3 E0 
 69 02 82 A1 EA ED C5 EC 28 A5 14 2D 67 FB 84 7B 
 E4 1E 4E 8B 95 ED A0 CF 60 38 10 6E AA 4A 8C 8C 
 73 42 C8 E8 D4 50 43 37 F7 C7 D6 C2 F7 72 1A EA 
 79 79 88 B1 C7 46 42 A0 90 BD 21 A9 E6 FB DF C9 
 BE 8F C7 45 34 95 52 2B 86 AC 8C 11 53 FB EA 2F 
 DB 45 98 C4 C6 4C 57 42 13 10 2B BA 65 83 6F AC 
 38 8C B9 25 7C D6 0E 00 EC D1 80 65 05 B0 CE 57 
 73 CB DC 86 85 10 4B 33 16 56 34 7A FC 8F 99 0C 
 11 15 63 6E F0 14 36 D7 BE 01 04 9E 97 D6 51 DB 
 E0 85 BF 15 27 1C 2C 43 4E 3A 5A C4 2D 4B 4A 5A 
 FF F6 FD 53 37 0B F8 8F 8A 01 E5 67 56 12 C9 6A 
 0B 24 20 98 BA 9E 09 A6 E8 FC 31 64 9F D8 
    IsEnEnabled(0x161 = 'ContextLoad'): 1
 SWTPM_IO_Write: length 14
 80 01 00 00 00 0E 00 00 00 00 02 00 00 00 
 SWTPM_IO_Read: length 414
 80 01 00 00 01 9E 00 00 01 61 00 00 00 00 00 00 
 00 46 03 00 00 01 40 00 00 07 01 82 00 40 9B 70 
 12 F8 5E 8F 2A E1 DA BC F6 F9 FD 4E 40 74 BD CD 
 04 BA E4 45 E4 96 D1 A3 2A 7F 5C F0 A2 24 59 F7 
 14 A3 58 A8 BC DE B4 EF B5 34 5C AC F9 FD A8 1A 
 46 32 1C B8 23 1B 76 95 74 C1 48 4C 0F 0E 8A F6 
 1C 01 41 DC 24 D8 EC 33 BA 5D 4C 0B BA D3 2F 71 
 73 FF B2 05 12 5B 4A 19 33 D1 0D 6A DC CE A4 3E 
 EB E5 69 8A B4 15 E5 A6 F3 78 B2 B8 BC A9 EF 89 
 EE 31 E4 61 32 3D 27 A5 B4 81 B1 B0 69 11 E6 61 
 20 AF 0B 24 F4 B3 C4 E1 9A 1B 1E ED F8 48 2C 6B 
 EF 11 91 12 87 C8 CF 07 51 C7 1C 11 D2 B4 3B 98 
 AD C7 E1 D3 F5 B3 12 36 7C CB D0 4D FD 86 4E 70 
 48 51 98 AD D6 00 25 F7 39 19 53 5B 06 79 4B 6E 
 B2 83 BD 87 79 B9 76 AF D0 25 20 3B C3 3E 9A 8E 
 A5 06 FD 16 EC 7F 87 4D A9 41 E0 F0 9A F5 69 EF 
 E5 66 AB F5 D6 80 1A 28 C9 2A 1D 4B B4 0A 3D AF 
 C8 07 D5 58 87 9B B9 AB D1 B7 1C 8F BC CB 47 3B 
 C5 0D EC 80 C2 8E 5C D8 57 99 AB 39 B8 50 94 91 
 C3 FD A0 CC DB AD 3C 6D 63 A7 50 13 86 53 B0 66 
 38 16 C0 CA B5 F6 A8 F0 FC 50 0E 60 F6 1E 07 C4 
 93 21 C1 60 3D 9E 9B 54 27 16 3A FE D2 3B F6 97 
 DC F3 59 49 FB C8 56 C1 71 C9 E9 24 60 22 89 6E 
 4B 3B CD D3 42 A5 09 85 23 20 96 19 6A CB 3A AE 
 5F 59 D6 8E 38 8C 74 23 72 B9 52 6A C5 EC C7 79 
 BA 1B FA 82 E3 DD 2C 94 9C 0A E8 4E 74 24 
    IsEnEnabled(0x161 = 'ContextLoad'): 1
 SWTPM_IO_Write: length 14
 80 01 00 00 00 0E 00 00 00 00 03 00 00 01 
 SWTPM_IO_Read: length 14
 80 01 00 00 00 0E 00 00 01 89 03 00 00 01 
    IsEnEnabled(0x189 = 'PolicyGetDigest'): 1
 SWTPM_IO_Write: length 44
 80 01 00 00 00 2C 00 00 00 00 00 20 8C 3D 9B 87 
 D9 B8 F1 BA BA BE AB D7 0D CB D3 E3 A3 4C C2 A8 
 5F 70 02 DB 5E 28 2F 48 BD EE 16 17 
 SWTPM_IO_Read: length 14
 80 01 00 00 00 0E 00 00 01 62 80 00 00 00 
    IsEnEnabled(0x162 = 'ContextSave'): 1
 SWTPM_IO_Write: length 456
 80 01 00 00 01 C8 00 00 00 00 00 00 00 00 00 00 
 00 6D 80 00 00 00 40 00 00 01 01 AC 00 40 E0 6E 
 9A C2 DD BB 33 CF 87 3C F2 34 F1 84 53 B1 1A EC 
 8E 34 10 5B 93 5C E1 96 BC A4 AA 0D 99 D3 56 A0 
 CD 1B 19 95 B1 14 7E B2 BB 6C 03 E3 1E 87 AE FB 
 D7 83 31 B1 1D 39 C9 C8 16 30 72 B7 E2 B8 98 A4 
 BC D0 CB E5 FF 53 22 98 1D 85 0D 96 8B CC 0D 64 
 51 26 5E 80 93 C1 03 F1 F2 3E E5 A6 6B 7A 43 84 
 22 57 72 E2 C1 4E A1 FA 99 E8 42 69 2D 9E D7 33 
 A0 46 06 04 B2 B5 75 CA 52 71 74 64 4C D9 E2 4B 
 48 18 B1 AA 96 F4 2D 83 2C 2F 61 84 CD DB 3E BA 
 00 49 A5 44 D6 00 E8 00 BF 3C E8 E1 6B F9 13 5D 
 41 89 91 8B BC B2 F7 4F 9B C5 DF C9 A7 E4 FD 64 
 9C 3B 65 1F 3F 7F 60 FB 72 7A DA 99 ED 01 64 98 
 9E F8 F8 44 14 08 B2 A3 4C 8F 37 4A 00 42 A4 0A 
 23 F0 BC F0 30 AC EF 6D 7C 35 1A 59 90 88 6C 8C 
 99 1F 94 89 60 3F 32 AB E8 FB DB 82 CD 5F C9 A1 
 F1 F5 23 26 32 EB C7 FC 81 C9 5A FE 19 6D 29 E9 
 9B D8 8D C7 AA C5 0B 19 65 80 5B 59 E5 45 70 DF 
 2F CF BF 1A A3 92 3A EA 9D DF B0 25 B7 E6 0D E4 
 DE 7A CB D8 3E C3 94 68 99 18 10 C2 17 11 69 6A 
 5C BC F4 17 7B E9 9F 28 ED D1 02 86 2E 50 6D D5 
 4E 89 74 8F 4C 56 6E 1B D7 73 17 D1 4B 17 4D E2 
 29 21 B5 CC 36 09 02 51 2D B1 97 ED B4 F7 C2 E6 
 18 62 DC B5 9A 05 08 57 8C FD 68 1C A8 1B 5D 27 
 A1 10 48 2E B7 E6 2B 26 88 D2 12 41 DC 37 BD C3 
 3E F0 5E 97 2F 0B C7 B3 07 17 49 D0 FD 0F F4 5E 
 AD B7 52 38 F4 42 A0 47 EB B6 42 27 80 5C 7D BD 
 97 D2 1C 72 65 CA EE A5 
 SWTPM_IO_Read: length 14
 80 01 00 00 00 0E 00 00 01 65 80 00 00 00 
    IsEnEnabled(0x165 = 'FlushContext'): 1
 SWTPM_IO_Write: length 10
 80 01 00 00 00 0A 00 00 00 00 
 SWTPM_IO_Read: length 14
 80 01 00 00 00 0E 00 00 01 62 02 00 00 00 
    IsEnEnabled(0x162 = 'ContextSave'): 1
 SWTPM_IO_Write: length 414
 80 01 00 00 01 9E 00 00 00 00 00 00 00 00 00 00 
 00 47 02 00 00 00 40 00 00 07 01 82 00 40 27 D4 
 E0 FA C8 83 CA DC 75 79 EC 3E AF 1B F2 DE 06 63 
 07 E0 A7 FE 4E 18 93 84 85 F1 B4 18 9E D6 5D 06 
 73 CC A6 30 8E 4B BC 16 24 95 67 ED 30 07 33 22 
 E2 D9 63 D4 8B CB BE 93 2E 2A 32 B6 7A 1D 85 5E 
 51 D3 51 3A F1 94 4C 42 47 39 AE 9A A1 59 9B BE 
 EB B1 02 BE 37 D5 CA 38 27 10 3D 92 87 03 E8 9F 
 DE CA 1E 63 37 F8 B8 96 EB 2A E6 94 1C C0 7B 58 
 4E D9 B2 BA 49 B4 56 C8 48 83 6E C7 A9 AC 1F A6 
 84 4C 10 5A A2 5A A8 2D DC 6C E7 3F 4F C9 E0 72 
 A5 31 6A 9A 0A B0 D0 90 86 CF CA 2A DE 97 D8 90 
 52 89 51 65 D6 55 D9 61 79 3F E5 AC 81 B4 37 F7 
 57 0C 7C 2A 3E 11 D7 60 D6 97 D8 D7 D6 FD B0 9C 
 98 19 0B 54 CC 9E A9 10 5E 22 26 C3 70 64 16 67 
 F4 B6 51 1E 77 33 8D C6 C8 9D F6 1B 75 D3 87 DD 
 BA DB A8 26 0C 04 74 09 1F F8 58 71 E8 0C 73 5F 
 6F E2 C2 84 59 99 78 9D C5 C6 12 10 C6 21 E9 B5 
 A4 46 09 9E D6 A6 08 64 68 E8 A3 F0 AB 8E DD 24 
 93 80 19 0B DC 14 FB E7 65 8C 4E 4D C3 CF 01 CE 
 52 5A 3C 5A 29 60 53 94 D9 36 A5 D4 69 84 A4 5A 
 30 7C 60 30 15 F3 3C 88 78 29 64 18 AD 15 70 25 
 15 7F 31 88 08 26 DE 26 6C 3B 90 95 80 E2 BB 35 
 79 BE 51 FF 95 D4 EC EB 59 99 6E 15 EF 12 00 3B 
 50 C1 4E AD 03 57 EB 28 DB 80 A7 60 D8 AD 99 D1 
 C5 85 C5 BE 1D 00 BB 44 9D EC F0 73 05 39 
 SWTPM_IO_Read: length 14
 80 01 00 00 00 0E 00 00 01 62 03 00 00 01 
    IsEnEnabled(0x162 = 'ContextSave'): 1
 SWTPM_IO_Write: length 414
 80 01 00 00 01 9E 00 00 00 00 00 00 00 00 00 00 
 00 48 03 00 00 01 40 00 00 07 01 82 00 40 C7 17 
 56 60 89 E8 A0 97 EA 7E 0B 94 98 4C 64 E7 7D E9 
 7C 1B 59 DB CA CB 1F 75 0B DE 23 1A F8 32 86 9E 
 6C 14 35 5A 38 26 56 8B AB 2F D0 31 64 43 7F 90 
 4D 54 1D DE 61 B9 8C 23 D0 77 87 8A 2C DE C6 80 
 C7 C2 A6 C3 AD 13 E0 7E F3 0F DE C1 D7 27 BD B4 
 74 DA 48 71 CE D2 54 A7 1C 17 0B D5 2D 40 92 77 
 55 B4 2F 83 D3 04 7C D9 6E 1D CB 90 F5 12 4D 01 
 3C 87 B3 FE 8B 0C FD 34 42 DE FF A3 FC 2E D1 30 
 11 FE 4A 72 43 A6 F8 62 90 61 F6 A2 C6 6B 28 7D 
 26 57 B0 EA 8A 71 E8 86 51 A2 31 A1 0F 5C F2 5E 
 33 F1 D9 B3 48 47 CE C1 00 D1 EE 6E 37 6F 9F FE 
 0E D0 7F 32 AE CB E4 33 E2 F5 FF B8 25 97 B1 93 
 22 FC 7A CE 3C 48 2B EE E2 90 8F 29 D2 78 8C B0 
 84 46 A2 B4 EC DA CC 3B EC D0 B9 67 F8 7B AF 2F 
 19 82 99 2B 17 B6 DB 9F BE 59 36 6E 33 64 07 DB 
 D1 25 6C FC 05 24 FB 94 4A 2F BE 49 EE E4 B8 BF 
 59 CE 9D 2C 63 97 14 69 44 7D 8F 2F 3D 2E 96 B9 
 A9 4F BD 63 7C 65 4D DC 73 B6 08 2B FB 63 00 F0 
 29 5F 0C 04 E3 89 9E DF 7C 64 7F CE 4A 66 1F BF 
 02 A0 1A 75 32 13 0F F7 A5 52 D2 48 F1 BD 81 3B 
 E6 97 4D 57 8E F1 A4 FE 8B 36 64 9C B7 D6 35 59 
 13 74 BD 67 CD 48 DE 8D 2B DB 70 26 AA 5B 12 97 
 1B 38 CF 56 0C 3F 9A CB 9D 48 FE 2E A8 91 8F D1 
 9C 3C D3 46 B5 CC 89 F5 4C EC BE EA D8 24 
 SWTPM_IO_Read: length 456
 80 01 00 00 01 C8 00 00 01 61 00 00 00 00 00 00 
 00 6D 80 00 00 00 40 00 00 01 01 AC 00 40 E0 6E 
 9A C2 DD BB 33 CF 87 3C F2 34 F1 84 53 B1 1A EC 
 8E 34 10 5B 93 5C E1 96 BC A4 AA 0D 99 D3 56 A0 
 CD 1B 19 95 B1 14 7E B2 BB 6C 03 E3 1E 87 AE FB 
 D7 83 31 B1 1D 39 C9 C8 16 30 72 B7 E2 B8 98 A4 
 BC D0 CB E5 FF 53 22 98 1D 85 0D 96 8B CC 0D 64 
 51 26 5E 80 93 C1 03 F1 F2 3E E5 A6 6B 7A 43 84 
 22 57 72 E2 C1 4E A1 FA 99 E8 42 69 2D 9E D7 33 
 A0 46 06 04 B2 B5 75 CA 52 71 74 64 4C D9 E2 4B 
 48 18 B1 AA 96 F4 2D 83 2C 2F 61 84 CD DB 3E BA 
 00 49 A5 44 D6 00 E8 00 BF 3C E8 E1 6B F9 13 5D 
 41 89 91 8B BC B2 F7 4F 9B C5 DF C9 A7 E4 FD 64 
 9C 3B 65 1F 3F 7F 60 FB 72 7A DA 99 ED 01 64 98 
 9E F8 F8 44 14 08 B2 A3 4C 8F 37 4A 00 42 A4 0A 
 23 F0 BC F0 30 AC EF 6D 7C 35 1A 59 90 88 6C 8C 
 99 1F 94 89 60 3F 32 AB E8 FB DB 82 CD 5F C9 A1 
 F1 F5 23 26 32 EB C7 FC 81 C9 5A FE 19 6D 29 E9 
 9B D8 8D C7 AA C5 0B 19 65 80 5B 59 E5 45 70 DF 
 2F CF BF 1A A3 92 3A EA 9D DF B0 25 B7 E6 0D E4 
 DE 7A CB D8 3E C3 94 68 99 18 10 C2 17 11 69 6A 
 5C BC F4 17 7B E9 9F 28 ED D1 02 86 2E 50 6D D5 
 4E 89 74 8F 4C 56 6E 1B D7 73 17 D1 4B 17 4D E2 
 29 21 B5 CC 36 09 02 51 2D B1 97 ED B4 F7 C2 E6 
 18 62 DC B5 9A 05 08 57 8C FD 68 1C A8 1B 5D 27 
 A1 10 48 2E B7 E6 2B 26 88 D2 12 41 DC 37 BD C3 
 3E F0 5E 97 2F 0B C7 B3 07 17 49 D0 FD 0F F4 5E 
 AD B7 52 38 F4 42 A0 47 EB B6 42 27 80 5C 7D BD 
 97 D2 1C 72 65 CA EE A5 
    IsEnEnabled(0x161 = 'ContextLoad'): 1
 SWTPM_IO_Write: length 14
 80 01 00 00 00 0E 00 00 00 00 80 00 00 00 
 SWTPM_IO_Read: length 414
 80 01 00 00 01 9E 00 00 01 61 00 00 00 00 00 00 
 00 47 02 00 00 00 40 00 00 07 01 82 00 40 27 D4 
 E0 FA C8 83 CA DC 75 79 EC 3E AF 1B F2 DE 06 63 
 07 E0 A7 FE 4E 18 93 84 85 F1 B4 18 9E D6 5D 06 
 73 CC A6 30 8E 4B BC 16 24 95 67 ED 30 07 33 22 
 E2 D9 63 D4 8B CB BE 93 2E 2A 32 B6 7A 1D 85 5E 
 51 D3 51 3A F1 94 4C 42 47 39 AE 9A A1 59 9B BE 
 EB B1 02 BE 37 D5 CA 38 27 10 3D 92 87 03 E8 9F 
 DE CA 1E 63 37 F8 B8 96 EB 2A E6 94 1C C0 7B 58 
 4E D9 B2 BA 49 B4 56 C8 48 83 6E C7 A9 AC 1F A6 
 84 4C 10 5A A2 5A A8 2D DC 6C E7 3F 4F C9 E0 72 
 A5 31 6A 9A 0A B0 D0 90 86 CF CA 2A DE 97 D8 90 
 52 89 51 65 D6 55 D9 61 79 3F E5 AC 81 B4 37 F7 
 57 0C 7C 2A 3E 11 D7 60 D6 97 D8 D7 D6 FD B0 9C 
 98 19 0B 54 CC 9E A9 10 5E 22 26 C3 70 64 16 67 
 F4 B6 51 1E 77 33 8D C6 C8 9D F6 1B 75 D3 87 DD 
 BA DB A8 26 0C 04 74 09 1F F8 58 71 E8 0C 73 5F 
 6F E2 C2 84 59 99 78 9D C5 C6 12 10 C6 21 E9 B5 
 A4 46 09 9E D6 A6 08 64 68 E8 A3 F0 AB 8E DD 24 
 93 80 19 0B DC 14 FB E7 65 8C 4E 4D C3 CF 01 CE 
 52 5A 3C 5A 29 60 53 94 D9 36 A5 D4 69 84 A4 5A 
 30 7C 60 30 15 F3 3C 88 78 29 64 18 AD 15 70 25 
 15 7F 31 88 08 26 DE 26 6C 3B 90 95 80 E2 BB 35 
 79 BE 51 FF 95 D4 EC EB 59 99 6E 15 EF 12 00 3B 
 50 C1 4E AD 03 57 EB 28 DB 80 A7 60 D8 AD 99 D1 
 C5 85 C5 BE 1D 00 BB 44 9D EC F0 73 05 39 
    IsEnEnabled(0x161 = 'ContextLoad'): 1
 SWTPM_IO_Write: length 14
 80 01 00 00 00 0E 00 00 00 00 02 00 00 00 
 SWTPM_IO_Read: length 414
 80 01 00 00 01 9E 00 00 01 61 00 00 00 00 00 00 
 00 48 03 00 00 01 40 00 00 07 01 82 00 40 C7 17 
 56 60 89 E8 A0 97 EA 7E 0B 94 98 4C 64 E7 7D E9 
 7C 1B 59 DB CA CB 1F 75 0B DE 23 1A F8 32 86 9E 
 6C 14 35 5A 38 26 56 8B AB 2F D0 31 64 43 7F 90 
 4D 54 1D DE 61 B9 8C 23 D0 77 87 8A 2C DE C6 80 
 C7 C2 A6 C3 AD 13 E0 7E F3 0F DE C1 D7 27 BD B4 
 74 DA 48 71 CE D2 54 A7 1C 17 0B D5 2D 40 92 77 
 55 B4 2F 83 D3 04 7C D9 6E 1D CB 90 F5 12 4D 01 
 3C 87 B3 FE 8B 0C FD 34 42 DE FF A3 FC 2E D1 30 
 11 FE 4A 72 43 A6 F8 62 90 61 F6 A2 C6 6B 28 7D 
 26 57 B0 EA 8A 71 E8 86 51 A2 31 A1 0F 5C F2 5E 
 33 F1 D9 B3 48 47 CE C1 00 D1 EE 6E 37 6F 9F FE 
 0E D0 7F 32 AE CB E4 33 E2 F5 FF B8 25 97 B1 93 
 22 FC 7A CE 3C 48 2B EE E2 90 8F 29 D2 78 8C B0 
 84 46 A2 B4 EC DA CC 3B EC D0 B9 67 F8 7B AF 2F 
 19 82 99 2B 17 B6 DB 9F BE 59 36 6E 33 64 07 DB 
 D1 25 6C FC 05 24 FB 94 4A 2F BE 49 EE E4 B8 BF 
 59 CE 9D 2C 63 97 14 69 44 7D 8F 2F 3D 2E 96 B9 
 A9 4F BD 63 7C 65 4D DC 73 B6 08 2B FB 63 00 F0 
 29 5F 0C 04 E3 89 9E DF 7C 64 7F CE 4A 66 1F BF 
 02 A0 1A 75 32 13 0F F7 A5 52 D2 48 F1 BD 81 3B 
 E6 97 4D 57 8E F1 A4 FE 8B 36 64 9C B7 D6 35 59 
 13 74 BD 67 CD 48 DE 8D 2B DB 70 26 AA 5B 12 97 
 1B 38 CF 56 0C 3F 9A CB 9D 48 FE 2E A8 91 8F D1 
 9C 3C D3 46 B5 CC 89 F5 4C EC BE EA D8 24 
    IsEnEnabled(0x161 = 'ContextLoad'): 1
 SWTPM_IO_Write: length 14
 80 01 00 00 00 0E 00 00 00 00 03 00 00 01 
 SWTPM_IO_Read: length 164
 80 02 00 00 00 A4 00 00 01 5E 80 00 00 00 00 00 
 00 92 03 00 00 01 00 20 B6 1F 89 65 6E 15 09 69 
 B8 B5 6A D4 BD B9 54 9D DD 2E 42 FA 58 E8 64 EF 
 28 C4 E9 07 06 94 9E CD 01 00 20 F3 9F 81 CC 6D 
 F4 8E BA 8A 16 04 6D 2F B6 59 BC 20 88 0D 10 86 
 61 9A 0D F2 9D 73 AF 4B 6B 54 A2 02 00 00 00 00 
 20 75 1D 15 86 26 B3 1B 6D 5B 57 C0 88 9F AC 08 
 DE 5B 6C 40 B5 DD 14 64 2C 74 B0 25 10 43 0F D6 
 88 41 00 20 B9 B9 38 27 B0 3E 6F 42 32 E3 DF B9 
 BB F2 51 FF 4C 95 C4 09 45 78 88 2D 27 3B 14 F2 
 05 F5 3B A9 
    IsEnEnabled(0x15e = 'Unseal'): 1
 SWTPM_IO_Write: length 186
 80 02 00 00 00 BA 00 00 00 00 00 00 00 22 00 20 
 53 B7 CD 3E 7C 02 26 51 FD AC D7 8A EA B6 E4 6C 
 82 75 78 2A B7 C8 14 57 D2 EF 29 19 3E 6B E4 9B 
 00 20 41 AB 64 82 D5 A1 FF 12 15 AD B1 EC 1F 54 
 FB 70 7D 0B 05 CB 72 06 A9 6C 08 D5 1B 73 49 D8 
 12 D5 01 00 20 49 3F 48 62 BC 55 74 95 39 24 93 
 83 ED A0 D3 83 65 0C F5 E3 F0 D1 DF CA 76 82 EB 
 9F B3 8B E9 EC 00 20 8D 40 08 12 04 27 24 72 25 
 27 F6 FE 65 E4 C4 61 34 48 7F B7 C3 96 93 D0 C2 
 6F B6 A3 EF E7 DE 77 41 00 20 00 05 6D 19 0A DF 
 6B 92 41 1F EA 4D 8C 07 65 5C 19 97 77 90 FF 2E 
 3F 9E 8F D6 60 C6 B0 4B 47 C3 
 SWTPM_IO_Read: length 14
 80 01 00 00 00 0E 00 00 01 62 80 00 00 00 
    IsEnEnabled(0x162 = 'ContextSave'): 1
 SWTPM_IO_Write: length 456
 80 01 00 00 01 C8 00 00 00 00 00 00 00 00 00 00 
 00 6E 80 00 00 00 40 00 00 01 01 AC 00 40 3F E0 
 C3 BA 75 08 10 D7 F8 C4 C7 1B 71 F5 99 DB 2E 24 
 FC D6 A4 38 ED 7F 05 50 70 9B E3 E7 3F B2 64 07 
 9C 78 56 0E F5 EC 34 7C 4A EA 37 A0 8B 68 BF 97 
 75 27 91 87 C7 50 00 BA C0 4A 3B B7 38 B4 37 B0 
 21 E7 72 BB 66 86 EB AD 1D 0B 84 81 0C CF 98 A5 
 7F 00 2F 86 3E 89 42 58 DA DC 55 4A 9C 4E DE 6D 
 7C 7A 27 40 5F 67 43 4A C6 71 4A 63 42 39 64 D3 
 E1 DE E3 D9 29 22 EB 26 59 31 95 80 F8 2C C8 B6 
 1A F9 FD AA 52 65 90 17 19 07 87 48 E1 8E 9E 2F 
 F6 28 5C 66 99 94 C2 77 0C 5D F6 19 5F 77 BF 63 
 A8 5A 4D 01 D2 DD 6F D6 69 CE 2D 3C 5C EB 64 A7 
 2D 15 CA E4 F1 FA 90 E0 AF 2D AB FD 4F 01 74 82 
 C3 05 98 E9 63 51 B8 7B 6D EF 92 79 98 4F 93 1E 
 C1 C3 EA D6 2D 41 79 E1 02 E3 DB 79 46 57 CE 9C 
 11 51 4D AD D8 DA 95 F0 D2 8C 57 E7 2E D2 00 88 
 88 DC C8 C3 F9 AA 16 C7 A3 E1 B0 15 F6 0C 7E 87 
 59 6B 0B F7 38 82 B4 11 DA 6C B6 49 07 CD 27 39 
 44 50 83 B1 60 4C D1 18 88 5A 61 68 9B CA AC D8 
 6D A1 A8 FD 4F 6B E3 13 19 A3 C6 AD 2D 37 8E E5 
 78 17 A1 07 5D CC FC 07 A9 A1 C3 2F E9 71 F1 66 
 61 27 5A E2 B4 BC B4 30 BB 90 C5 D4 5F EE 32 EB 
 86 A9 5B A3 BD 9A 89 63 C6 E8 7E AA B4 36 46 46 
 C5 BD C9 BB E5 91 95 F6 F6 48 52 94 C5 4E 65 06 
 4C D0 33 A7 D9 ED C6 CB D0 20 D8 EB 5E F8 B9 E3 
 51 53 35 52 05 FE 07 82 03 2B 2B 47 86 0B 8B 9F 
 1A 92 D6 AB FC 3D C8 43 C5 BA 13 31 C2 F1 43 87 
 CC 16 98 DE 92 22 87 49 
 SWTPM_IO_Read: length 14
 80 01 00 00 00 0E 00 00 01 65 80 00 00 00 
    IsEnEnabled(0x165 = 'FlushContext'): 1
 SWTPM_IO_Write: length 10
 80 01 00 00 00 0A 00 00 00 00 
 SWTPM_IO_Read: length 14
 80 01 00 00 00 0E 00 00 01 62 02 00 00 00 
    IsEnEnabled(0x162 = 'ContextSave'): 1
 SWTPM_IO_Write: length 414
 80 01 00 00 01 9E 00 00 00 00 00 00 00 00 00 00 
 00 49 02 00 00 00 40 00 00 07 01 82 00 40 22 B1 
 69 76 4B A9 9D A5 30 F0 71 A7 08 CD 32 36 4F EC 
 80 B4 A3 B0 F8 12 C1 76 12 A0 D7 40 35 56 48 9A 
 50 6D 8D 71 BA 0C 36 8E 24 C6 99 B0 5F B9 48 22 
 25 57 20 6E C2 FC 40 3B 5F 50 FA B4 69 BD 7F 5F 
 83 CC 11 2E BB E0 B6 E5 10 51 03 18 64 29 36 E8 
 30 19 8F 82 9E F8 0F BB 30 B1 EB C8 BB C0 71 D7 
 04 73 7A A1 EF 5B 8E 7B DE 5D C4 95 61 15 92 0B 
 94 A6 1F B5 99 0F 8E D1 3B F5 F4 21 21 B4 BE 88 
 AD 8E 29 39 1B 4A 9E 88 CC B0 6A 73 EF 24 9B 97 
 12 50 19 00 D6 1D 7C 2B B7 58 92 E0 63 6A DC EF 
 DD A4 CF 66 27 47 89 DE C1 52 60 B5 5C A9 40 92 
 AA 20 99 6C E8 70 E7 B8 09 9C 7A 4B B7 18 DC 0D 
 19 B1 7C F7 E1 94 60 DA 50 D8 9F 7E 59 4E A8 C9 
 4A C9 06 5E 84 61 BE C6 7C 41 2D BA F9 68 2D B4 
 74 15 D8 83 97 E2 58 28 69 DD ED AF DC D0 7A 50 
 B2 FF 69 7F 7C 80 69 CE 38 5E B3 B5 44 A9 59 8B 
 22 4A FB 95 8F 47 E1 47 B6 66 A1 6A 87 B1 00 D3 
 1D D7 EF B2 59 16 6C F0 77 E5 8E 16 3A 67 68 54 
 EE D9 66 ED 02 E4 BA 18 C3 D4 6B 74 93 5A FF 6A 
 4C 54 A9 0E B2 82 63 18 EE 04 55 E0 DF ED 28 19 
 61 4D 93 6A 9B FE CF E1 E3 DF 32 7D EF FE 98 D4 
 31 6C 69 B3 E8 5F E0 10 FF E0 49 CA 06 56 4F FA 
 48 EE 04 52 AF 70 28 52 C4 95 DE 50 0C E0 A2 DC 
 9D 29 89 99 6B FC 1F 3D 49 E2 7F C4 D0 30 
 SWTPM_IO_Read: length 14
 80 01 00 00 00 0E 00 00 01 62 03 00 00 01 
    IsEnEnabled(0x162 = 'ContextSave'): 1
 SWTPM_IO_Write: length 414
 80 01 00 00 01 9E 00 00 00 00 00 00 00 00 00 00 
 00 4A 03 00 00 01 40 00 00 07 01 82 00 40 2E FA 
 23 A1 20 2C F2 B1 78 AD 81 21 22 11 BB 9E C4 80 
 12 B0 7C 69 94 A8 96 79 CC 70 51 57 E9 83 A8 C4 
 E5 4B 20 27 F7 AB 33 9D 2C 0E 2E 9D A6 3E A2 49 
 C3 CB 13 71 52 D9 7D B1 9F 1F D7 BC 9F C7 A0 4F 
 B7 FA 49 21 D3 89 FA AB 30 59 D5 6D B9 29 F2 2E 
 DB 3D B2 24 FC 59 55 10 EB ED 41 91 C3 16 B1 7B 
 C8 D4 F7 16 62 2C 69 59 5E AD E3 7B EC 79 77 1D 
 5D 29 C0 B1 10 F3 82 AF A7 CD 1D EB F6 8C A2 1F 
 C6 1D 73 7A 5A 49 57 07 5B 66 88 A4 0F 85 DF 20 
 E8 16 93 62 E7 9C 94 F3 68 90 CE A9 FC 22 DB BA 
 2C 50 72 98 60 6E F3 C7 14 48 73 CF 38 32 83 51 
 AB 31 06 6E 0D B1 A4 F4 0F C6 9A 6A 87 63 C2 60 
 9F 8F C3 26 A5 84 6F CB 23 2E EA 83 19 DE 8C AE 
 96 36 20 1C B0 BB A7 E2 8A 52 59 26 59 0E 10 59 
 22 1D D4 02 13 F4 7D CB 3C 5E 91 BE DE 57 DF A2 
 83 70 C3 57 E0 78 64 F3 65 04 16 A5 26 A9 AF 2E 
 2A C1 00 64 C9 AE 29 0E A0 C8 3C 7C B3 74 75 1F 
 E0 0A 7E 80 63 64 A1 DE AD 73 8A 75 6D 1F 65 E4 
 83 EF FC 22 13 D1 74 35 52 C6 FF AD D5 25 EA 50 
 A1 B5 48 21 5E C5 9F AD 0F 0C 4F D9 83 06 BD B9 
 26 75 64 C8 52 15 14 F4 10 46 4E D4 FC DD 33 FA 
 61 8D BA 23 C0 1E B0 5C 19 05 91 A9 46 7A B8 51 
 FE 27 21 22 24 DB 46 49 C9 0B 75 E8 83 32 1C 23 
 09 C3 5D 3C B0 34 73 F2 BA FA C9 CB E5 64 
 SWTPM_IO_Read: length 456
 80 01 00 00 01 C8 00 00 01 61 00 00 00 00 00 00 
 00 6E 80 00 00 00 40 00 00 01 01 AC 00 40 3F E0 
 C3 BA 75 08 10 D7 F8 C4 C7 1B 71 F5 99 DB 2E 24 
 FC D6 A4 38 ED 7F 05 50 70 9B E3 E7 3F B2 64 07 
 9C 78 56 0E F5 EC 34 7C 4A EA 37 A0 8B 68 BF 97 
 75 27 91 87 C7 50 00 BA C0 4A 3B B7 38 B4 37 B0 
 21 E7 72 BB 66 86 EB AD 1D 0B 84 81 0C CF 98 A5 
 7F 00 2F 86 3E 89 42 58 DA DC 55 4A 9C 4E DE 6D 
 7C 7A 27 40 5F 67 43 4A C6 71 4A 63 42 39 64 D3 
 E1 DE E3 D9 29 22 EB 26 59 31 95 80 F8 2C C8 B6 
 1A F9 FD AA 52 65 90 17 19 07 87 48 E1 8E 9E 2F 
 F6 28 5C 66 99 94 C2 77 0C 5D F6 19 5F 77 BF 63 
 A8 5A 4D 01 D2 DD 6F D6 69 CE 2D 3C 5C EB 64 A7 
 2D 15 CA E4 F1 FA 90 E0 AF 2D AB FD 4F 01 74 82 
 C3 05 98 E9 63 51 B8 7B 6D EF 92 79 98 4F 93 1E 
 C1 C3 EA D6 2D 41 79 E1 02 E3 DB 79 46 57 CE 9C 
 11 51 4D AD D8 DA 95 F0 D2 8C 57 E7 2E D2 00 88 
 88 DC C8 C3 F9 AA 16 C7 A3 E1 B0 15 F6 0C 7E 87 
 59 6B 0B F7 38 82 B4 11 DA 6C B6 49 07 CD 27 39 
 44 50 83 B1 60 4C D1 18 88 5A 61 68 9B CA AC D8 
 6D A1 A8 FD 4F 6B E3 13 19 A3 C6 AD 2D 37 8E E5 
 78 17 A1 07 5D CC FC 07 A9 A1 C3 2F E9 71 F1 66 
 61 27 5A E2 B4 BC B4 30 BB 90 C5 D4 5F EE 32 EB 
 86 A9 5B A3 BD 9A 89 63 C6 E8 7E AA B4 36 46 46 
 C5 BD C9 BB E5 91 95 F6 F6 48 52 94 C5 4E 65 06 
 4C D0 33 A7 D9 ED C6 CB D0 20 D8 EB 5E F8 B9 E3 
 51 53 35 52 05 FE 07 82 03 2B 2B 47 86 0B 8B 9F 
 1A 92 D6 AB FC 3D C8 43 C5 BA 13 31 C2 F1 43 87 
 CC 16 98 DE 92 22 87 49 
    IsEnEnabled(0x161 = 'ContextLoad'): 1
 SWTPM_IO_Write: length 14
 80 01 00 00 00 0E 00 00 00 00 80 00 00 00 
 SWTPM_IO_Read: length 414
 80 01 00 00 01 9E 00 00 01 61 00 00 00 00 00 00 
 00 49 02 00 00 00 40 00 00 07 01 82 00 40 22 B1 
 69 76 4B A9 9D A5 30 F0 71 A7 08 CD 32 36 4F EC 
 80 B4 A3 B0 F8 12 C1 76 12 A0 D7 40 35 56 48 9A 
 50 6D 8D 71 BA 0C 36 8E 24 C6 99 B0 5F B9 48 22 
 25 57 20 6E C2 FC 40 3B 5F 50 FA B4 69 BD 7F 5F 
 83 CC 11 2E BB E0 B6 E5 10 51 03 18 64 29 36 E8 
 30 19 8F 82 9E F8 0F BB 30 B1 EB C8 BB C0 71 D7 
 04 73 7A A1 EF 5B 8E 7B DE 5D C4 95 61 15 92 0B 
 94 A6 1F B5 99 0F 8E D1 3B F5 F4 21 21 B4 BE 88 
 AD 8E 29 39 1B 4A 9E 88 CC B0 6A 73 EF 24 9B 97 
 12 50 19 00 D6 1D 7C 2B B7 58 92 E0 63 6A DC EF 
 DD A4 CF 66 27 47 89 DE C1 52 60 B5 5C A9 40 92 
 AA 20 99 6C E8 70 E7 B8 09 9C 7A 4B B7 18 DC 0D 
 19 B1 7C F7 E1 94 60 DA 50 D8 9F 7E 59 4E A8 C9 
 4A C9 06 5E 84 61 BE C6 7C 41 2D BA F9 68 2D B4 
 74 15 D8 83 97 E2 58 28 69 DD ED AF DC D0 7A 50 
 B2 FF 69 7F 7C 80 69 CE 38 5E B3 B5 44 A9 59 8B 
 22 4A FB 95 8F 47 E1 47 B6 66 A1 6A 87 B1 00 D3 
 1D D7 EF B2 59 16 6C F0 77 E5 8E 16 3A 67 68 54 
 EE D9 66 ED 02 E4 BA 18 C3 D4 6B 74 93 5A FF 6A 
 4C 54 A9 0E B2 82 63 18 EE 04 55 E0 DF ED 28 19 
 61 4D 93 6A 9B FE CF E1 E3 DF 32 7D EF FE 98 D4 
 31 6C 69 B3 E8 5F E0 10 FF E0 49 CA 06 56 4F FA 
 48 EE 04 52 AF 70 28 52 C4 95 DE 50 0C E0 A2 DC 
 9D 29 89 99 6B FC 1F 3D 49 E2 7F C4 D0 30 
    IsEnEnabled(0x161 = 'ContextLoad'): 1
 SWTPM_IO_Write: length 14
 80 01 00 00 00 0E 00 00 00 00 02 00 00 00 
 SWTPM_IO_Read: length 414
 80 01 00 00 01 9E 00 00 01 61 00 00 00 00 00 00 
 00 4A 03 00 00 01 40 00 00 07 01 82 00 40 2E FA 
 23 A1 20 2C F2 B1 78 AD 81 21 22 11 BB 9E C4 80 
 12 B0 7C 69 94 A8 96 79 CC 70 51 57 E9 83 A8 C4 
 E5 4B 20 27 F7 AB 33 9D 2C 0E 2E 9D A6 3E A2 49 
 C3 CB 13 71 52 D9 7D B1 9F 1F D7 BC 9F C7 A0 4F 
 B7 FA 49 21 D3 89 FA AB 30 59 D5 6D B9 29 F2 2E 
 DB 3D B2 24 FC 59 55 10 EB ED 41 91 C3 16 B1 7B 
 C8 D4 F7 16 62 2C 69 59 5E AD E3 7B EC 79 77 1D 
 5D 29 C0 B1 10 F3 82 AF A7 CD 1D EB F6 8C A2 1F 
 C6 1D 73 7A 5A 49 57 07 5B 66 88 A4 0F 85 DF 20 
 E8 16 93 62 E7 9C 94 F3 68 90 CE A9 FC 22 DB BA 
 2C 50 72 98 60 6E F3 C7 14 48 73 CF 38 32 83 51 
 AB 31 06 6E 0D B1 A4 F4 0F C6 9A 6A 87 63 C2 60 
 9F 8F C3 26 A5 84 6F CB 23 2E EA 83 19 DE 8C AE 
 96 36 20 1C B0 BB A7 E2 8A 52 59 26 59 0E 10 59 
 22 1D D4 02 13 F4 7D CB 3C 5E 91 BE DE 57 DF A2 
 83 70 C3 57 E0 78 64 F3 65 04 16 A5 26 A9 AF 2E 
 2A C1 00 64 C9 AE 29 0E A0 C8 3C 7C B3 74 75 1F 
 E0 0A 7E 80 63 64 A1 DE AD 73 8A 75 6D 1F 65 E4 
 83 EF FC 22 13 D1 74 35 52 C6 FF AD D5 25 EA 50 
 A1 B5 48 21 5E C5 9F AD 0F 0C 4F D9 83 06 BD B9 
 26 75 64 C8 52 15 14 F4 10 46 4E D4 FC DD 33 FA 
 61 8D BA 23 C0 1E B0 5C 19 05 91 A9 46 7A B8 51 
 FE 27 21 22 24 DB 46 49 C9 0B 75 E8 83 32 1C 23 
 09 C3 5D 3C B0 34 73 F2 BA FA C9 CB E5 64 
    IsEnEnabled(0x161 = 'ContextLoad'): 1
 SWTPM_IO_Write: length 14
 80 01 00 00 00 0E 00 00 00 00 03 00 00 01 
 SWTPM_IO_Read: length 14
 80 01 00 00 00 0E 00 00 01 65 03 00 00 01 
    IsEnEnabled(0x165 = 'FlushContext'): 1
 SWTPM_IO_Write: length 10
 80 01 00 00 00 0A 00 00 00 00 
 SWTPM_IO_Read: length 14
 80 01 00 00 00 0E 00 00 01 62 80 00 00 00 
    IsEnEnabled(0x162 = 'ContextSave'): 1
 SWTPM_IO_Write: length 456
 80 01 00 00 01 C8 00 00 00 00 00 00 00 00 00 00 
 00 6F 80 00 00 00 40 00 00 01 01 AC 00 40 16 C7 
 19 61 C8 8D AF F7 4A B4 F8 75 83 58 3F 17 4F 4C 
 3F 2B A3 F3 D5 72 E8 18 88 79 57 7C 59 45 9E 82 
 43 C3 E0 48 9E 6C 8C 90 EF 92 5B C1 0B 5A 4E F9 
 08 C9 5F BA C5 C5 1B 74 CC 62 E5 F1 E1 3C 02 86 
 6E A0 D8 54 E4 50 45 8C 96 4B B4 72 55 C9 DF ED 
 C8 6A 5E F4 48 B3 41 28 EF 9F 00 83 08 37 A5 AF 
 1F 75 EE B4 D1 52 B7 1D 08 DD 14 2E CE 9D A1 D8 
 9F A3 35 A5 88 6D CE D4 95 46 0F AD AA 99 02 DB 
 53 50 4E B3 50 4F 75 FF A8 02 99 62 62 58 C6 AF 
 D7 96 74 D8 92 C4 78 42 2F 60 CA 4D 5B 30 90 C6 
 0F 0D FB 55 B8 07 91 AC 01 0A 0B 03 F6 E1 76 98 
 DE 15 41 4E A9 ED B8 AB 40 D7 1A 4F 25 B1 4E 46 
 1B 74 BC B1 FF 54 D5 C0 7F 2F 32 47 52 91 1B 3F 
 BA BF 52 99 93 41 12 AF 1F 0D 0E B1 4F 33 51 31 
 96 12 C6 90 75 1A B5 47 FF 7E BC 7F A4 96 9C FE 
 64 26 93 93 BB 60 13 C0 7C F4 57 95 1F 86 D6 36 
 37 11 B9 9E 9C 16 CD 05 5F 1B 5B 2E 98 34 DE 15 
 02 C1 AD D2 BD 28 77 21 AC D7 52 AD F1 84 AA 5A 
 8F BE 2A B3 DB 79 A8 B3 91 89 44 5C F9 8F E1 24 
 CD 15 F8 47 E5 9B 4C 51 C5 BA 56 5C 8A F5 43 DB 
 31 4F 70 86 07 E5 AB 69 51 72 FF 67 85 D0 2F 74 
 9A 30 22 E0 02 D7 20 12 C1 2B 75 EF 25 18 4F 73 
 52 46 DD 58 CC 88 09 9F AD 9F A6 79 DA 8F E0 5F 
 63 27 AC 1F F8 AE CB F3 52 C3 84 58 D2 BC 20 21 
 AD 5C 6C CC 91 55 9C F0 83 7A 1A D0 B3 F0 11 86 
 8A D7 80 21 58 5C 0D ED FF 18 02 22 14 73 07 C2 
 F0 25 9A 05 22 20 89 FB 
 SWTPM_IO_Read: length 14
 80 01 00 00 00 0E 00 00 01 65 80 00 00 00 
    IsEnEnabled(0x165 = 'FlushContext'): 1
 SWTPM_IO_Write: length 10
 80 01 00 00 00 0A 00 00 00 00 
 SWTPM_IO_Read: length 14
 80 01 00 00 00 0E 00 00 01 62 02 00 00 00 
    IsEnEnabled(0x162 = 'ContextSave'): 1
 SWTPM_IO_Write: length 414
 80 01 00 00 01 9E 00 00 00 00 00 00 00 00 00 00 
 00 4B 02 00 00 00 40 00 00 07 01 82 00 40 D9 AF 
 BF 4D D6 7A 04 C2 6A 3D 7B CB 83 FC 09 E5 58 82 
 97 24 E4 E2 74 7C 7A 62 14 5E ED 89 8F 55 75 71 
 68 0E C6 FC B6 72 D3 17 1C C5 D7 57 1D 0B 55 8B 
 2E 66 29 DF E8 F7 E0 06 96 BC 6B 06 D0 50 65 15 
 81 01 59 25 49 5C A9 EF 9A AB 3E AF 0C 53 DF 8B 
 2F 32 DA 90 EA 76 99 72 46 AF DB CD CC 34 8D 54 
 7E A1 90 DA 2C 60 45 77 35 A5 BB 79 F4 BB D4 77 
 32 12 C1 31 41 C2 36 EC 25 3A 3D BB 3C F6 41 33 
 D2 EF 31 51 33 ED CE 28 14 3B 5F 08 F7 68 3F 13 
 E0 64 03 05 EF 1D E5 76 1B 2C D4 29 C2 AF 82 03 
 67 C3 65 69 76 5C E7 D2 21 C5 A5 4F F6 CD D2 CE 
 E9 43 7B 3F 4F DE 42 19 91 41 25 19 0D 96 6C 26 
 E1 74 B7 00 63 B8 02 DA 3B 82 9F 46 FE 45 5B E5 
 F5 D8 A0 BD 60 BA E3 4A 5A F9 25 1A F3 79 43 4E 
 78 CA CD 80 E5 07 93 C5 71 E4 CF E5 9E DD 41 00 
 95 2A 6E 04 83 21 FB 69 0F 68 9C EC 21 6C 00 D9 
 6D 17 9A 3E 49 0A 3C 6E DD EE D0 F1 A1 B0 DE F7 
 5B FE C0 69 56 4A 70 00 CB 3A FD 3E 0A 55 30 EC 
 AA 0E 69 BE 75 C4 50 FD B4 40 65 C2 A2 A0 C1 3B 
 64 CE 1F 72 80 2E 9F ED C3 92 FD C8 37 C6 F5 09 
 71 94 9C C3 5A B0 8D 32 DB 4D 61 49 5B 82 A0 95 
 B1 6C 9E 9F 6F 97 FB 9D C4 24 65 DD AD 7F 8B C1 
 45 C7 12 6C 1F 51 DE C2 05 FB 23 D9 73 47 5A 67 
 0B EF 2C 3C 8B 9C 14 B7 09 48 19 2E D8 72 
 SWTPM_IO_Read: length 14
 80 01 00 00 00 0E 00 00 01 62 03 00 00 01 
    IsEnEnabled(0x162 = 'ContextSave'): 1
 SWTPM_IO_Write: length 10
 80 01 00 00 00 0A 00 00 09 10 
 SWTPM_IO_Read: length 456
 80 01 00 00 01 C8 00 00 01 61 00 00 00 00 00 00 
 00 6F 80 00 00 00 40 00 00 01 01 AC 00 40 16 C7 
 19 61 C8 8D AF F7 4A B4 F8 75 83 58 3F 17 4F 4C 
 3F 2B A3 F3 D5 72 E8 18 88 79 57 7C 59 45 9E 82 
 43 C3 E0 48 9E 6C 8C 90 EF 92 5B C1 0B 5A 4E F9 
 08 C9 5F BA C5 C5 1B 74 CC 62 E5 F1 E1 3C 02 86 
 6E A0 D8 54 E4 50 45 8C 96 4B B4 72 55 C9 DF ED 
 C8 6A 5E F4 48 B3 41 28 EF 9F 00 83 08 37 A5 AF 
 1F 75 EE B4 D1 52 B7 1D 08 DD 14 2E CE 9D A1 D8 
 9F A3 35 A5 88 6D CE D4 95 46 0F AD AA 99 02 DB 
 53 50 4E B3 50 4F 75 FF A8 02 99 62 62 58 C6 AF 
 D7 96 74 D8 92 C4 78 42 2F 60 CA 4D 5B 30 90 C6 
 0F 0D FB 55 B8 07 91 AC 01 0A 0B 03 F6 E1 76 98 
 DE 15 41 4E A9 ED B8 AB 40 D7 1A 4F 25 B1 4E 46 
 1B 74 BC B1 FF 54 D5 C0 7F 2F 32 47 52 91 1B 3F 
 BA BF 52 99 93 41 12 AF 1F 0D 0E B1 4F 33 51 31 
 96 12 C6 90 75 1A B5 47 FF 7E BC 7F A4 96 9C FE 
 64 26 93 93 BB 60 13 C0 7C F4 57 95 1F 86 D6 36 
 37 11 B9 9E 9C 16 CD 05 5F 1B 5B 2E 98 34 DE 15 
 02 C1 AD D2 BD 28 77 21 AC D7 52 AD F1 84 AA 5A 
 8F BE 2A B3 DB 79 A8 B3 91 89 44 5C F9 8F E1 24 
 CD 15 F8 47 E5 9B 4C 51 C5 BA 56 5C 8A F5 43 DB 
 31 4F 70 86 07 E5 AB 69 51 72 FF 67 85 D0 2F 74 
 9A 30 22 E0 02 D7 20 12 C1 2B 75 EF 25 18 4F 73 
 52 46 DD 58 CC 88 09 9F AD 9F A6 79 DA 8F E0 5F 
 63 27 AC 1F F8 AE CB F3 52 C3 84 58 D2 BC 20 21 
 AD 5C 6C CC 91 55 9C F0 83 7A 1A D0 B3 F0 11 86 
 8A D7 80 21 58 5C 0D ED FF 18 02 22 14 73 07 C2 
 F0 25 9A 05 22 20 89 FB 
    IsEnEnabled(0x161 = 'ContextLoad'): 1
 SWTPM_IO_Write: length 14
 80 01 00 00 00 0E 00 00 00 00 80 00 00 00 
 SWTPM_IO_Read: length 414
 80 01 00 00 01 9E 00 00 01 61 00 00 00 00 00 00 
 00 4B 02 00 00 00 40 00 00 07 01 82 00 40 D9 AF 
 BF 4D D6 7A 04 C2 6A 3D 7B CB 83 FC 09 E5 58 82 
 97 24 E4 E2 74 7C 7A 62 14 5E ED 89 8F 55 75 71 
 68 0E C6 FC B6 72 D3 17 1C C5 D7 57 1D 0B 55 8B 
 2E 66 29 DF E8 F7 E0 06 96 BC 6B 06 D0 50 65 15 
 81 01 59 25 49 5C A9 EF 9A AB 3E AF 0C 53 DF 8B 
 2F 32 DA 90 EA 76 99 72 46 AF DB CD CC 34 8D 54 
 7E A1 90 DA 2C 60 45 77 35 A5 BB 79 F4 BB D4 77 
 32 12 C1 31 41 C2 36 EC 25 3A 3D BB 3C F6 41 33 
 D2 EF 31 51 33 ED CE 28 14 3B 5F 08 F7 68 3F 13 
 E0 64 03 05 EF 1D E5 76 1B 2C D4 29 C2 AF 82 03 
 67 C3 65 69 76 5C E7 D2 21 C5 A5 4F F6 CD D2 CE 
 E9 43 7B 3F 4F DE 42 19 91 41 25 19 0D 96 6C 26 
 E1 74 B7 00 63 B8 02 DA 3B 82 9F 46 FE 45 5B E5 
 F5 D8 A0 BD 60 BA E3 4A 5A F9 25 1A F3 79 43 4E 
 78 CA CD 80 E5 07 93 C5 71 E4 CF E5 9E DD 41 00 
 95 2A 6E 04 83 21 FB 69 0F 68 9C EC 21 6C 00 D9 
 6D 17 9A 3E 49 0A 3C 6E DD EE D0 F1 A1 B0 DE F7 
 5B FE C0 69 56 4A 70 00 CB 3A FD 3E 0A 55 30 EC 
 AA 0E 69 BE 75 C4 50 FD B4 40 65 C2 A2 A0 C1 3B 
 64 CE 1F 72 80 2E 9F ED C3 92 FD C8 37 C6 F5 09 
 71 94 9C C3 5A B0 8D 32 DB 4D 61 49 5B 82 A0 95 
 B1 6C 9E 9F 6F 97 FB 9D C4 24 65 DD AD 7F 8B C1 
 45 C7 12 6C 1F 51 DE C2 05 FB 23 D9 73 47 5A 67 
 0B EF 2C 3C 8B 9C 14 B7 09 48 19 2E D8 72 
    IsEnEnabled(0x161 = 'ContextLoad'): 1
 SWTPM_IO_Write: length 14
 80 01 00 00 00 0E 00 00 00 00 02 00 00 00 
 SWTPM_IO_Read: length 14
 80 01 00 00 00 0E 00 00 01 65 02 00 00 00 
    IsEnEnabled(0x165 = 'FlushContext'): 1
 SWTPM_IO_Write: length 10
 80 01 00 00 00 0A 00 00 00 00 
 SWTPM_IO_Read: length 14
 80 01 00 00 00 0E 00 00 01 62 80 00 00 00 
    IsEnEnabled(0x162 = 'ContextSave'): 1
 SWTPM_IO_Write: length 456
 80 01 00 00 01 C8 00 00 00 00 00 00 00 00 00 00 
 00 70 80 00 00 00 40 00 00 01 01 AC 00 40 3A 09 
 A8 16 19 37 A0 3A 6D D3 97 E1 9F B6 1B AC F0 13 
 0A 44 01 CB A5 19 8C 51 01 32 AF 4A 05 10 0C 53 
 40 1E D7 60 38 B1 39 9D 61 0D 2E BE 4C 10 46 A7 
 25 81 21 7B D7 06 B1 52 1E FE 86 1C 3D AB 57 8F 
 3B 0A 23 FA 9E 26 B5 89 A3 77 2F 3C 8B 78 3A 05 
 C3 71 1C 1F 31 7F E9 4A 64 A6 6B 43 49 84 98 DD 
 AA CC 3B 52 9E BB D3 C9 CB BA 90 D9 7F 32 6D 28 
 33 6C 5A 2A 0C 48 7D CA FF 8A 30 70 26 58 D2 38 
 44 85 F3 DC 05 E6 84 94 3E 00 65 EB 8F 0C 98 61 
 FF 78 76 16 81 66 75 B1 0F 8A 15 53 A7 FA 14 32 
 7B 7C B0 79 7C 57 9A 0A 5D 50 4F B5 65 DB 93 7D 
 97 69 B2 40 27 B1 F2 BC 9A 6E BE 49 3B 64 79 15 
 CC 99 63 8F E9 03 23 0C 18 94 C6 A0 A3 FD A4 B1 
 01 18 FB E4 C1 EA 95 B8 8F 3A 42 EC F9 07 59 74 
 08 A7 B9 D5 0F 66 F7 FD 37 BC C1 33 7A 61 C1 96 
 4E 8D A3 3F 45 1D A6 B5 70 91 C4 02 5B AC DC 95 
 ED 78 44 13 BE A1 1E 97 53 CB 76 BD C9 7F 8B 0B 
 07 8D A8 48 AD 9C 14 91 D7 74 19 EE 79 4B D0 73 
 BC 27 6F 3C 8D 7F 45 C9 32 19 91 A4 50 A0 A6 7A 
 C3 54 31 07 69 9B 6C 8E 2B C2 DE E6 40 B8 1D 53 
 E8 99 11 9C CA 9E 48 81 8E 6C 96 9D B7 FF E0 36 
 C0 2D 14 50 4A CE A1 4B 67 78 82 42 F6 06 FC 5E 
 17 45 F4 4D 61 8F FB 36 DB 80 12 03 2C BE A5 54 
 25 88 88 84 B0 9A 6D 3C D9 83 BB 28 3B 42 15 D7 
 28 B4 CC 5A 11 2C 01 D7 B6 98 C5 A9 CC 06 D6 27 
 ED 95 23 F8 00 CE 41 03 E6 1E CF 37 94 45 A3 66 
 A3 EF 8C C6 99 6A 98 B1 
 SWTPM_IO_Read: length 14
 80 01 00 00 00 0E 00 00 01 65 80 00 00 00 
    IsEnEnabled(0x165 = 'FlushContext'): 1
 SWTPM_IO_Write: length 10
 80 01 00 00 00 0A 00 00 00 00 
 SWTPM_IO_Read: length 14
 80 01 00 00 00 0E 00 00 01 62 02 00 00 00 
    IsEnEnabled(0x162 = 'ContextSave'): 1
 SWTPM_IO_Write: length 10
 80 01 00 00 00 0A 00 00 09 10 
 SWTPM_IO_Read: length 456
 80 01 00 00 01 C8 00 00 01 61 00 00 00 00 00 00 
 00 70 80 00 00 00 40 00 00 01 01 AC 00 40 3A 09 
 A8 16 19 37 A0 3A 6D D3 97 E1 9F B6 1B AC F0 13 
 0A 44 01 CB A5 19 8C 51 01 32 AF 4A 05 10 0C 53 
 40 1E D7 60 38 B1 39 9D 61 0D 2E BE 4C 10 46 A7 
 25 81 21 7B D7 06 B1 52 1E FE 86 1C 3D AB 57 8F 
 3B 0A 23 FA 9E 26 B5 89 A3 77 2F 3C 8B 78 3A 05 
 C3 71 1C 1F 31 7F E9 4A 64 A6 6B 43 49 84 98 DD 
 AA CC 3B 52 9E BB D3 C9 CB BA 90 D9 7F 32 6D 28 
 33 6C 5A 2A 0C 48 7D CA FF 8A 30 70 26 58 D2 38 
 44 85 F3 DC 05 E6 84 94 3E 00 65 EB 8F 0C 98 61 
 FF 78 76 16 81 66 75 B1 0F 8A 15 53 A7 FA 14 32 
 7B 7C B0 79 7C 57 9A 0A 5D 50 4F B5 65 DB 93 7D 
 97 69 B2 40 27 B1 F2 BC 9A 6E BE 49 3B 64 79 15 
 CC 99 63 8F E9 03 23 0C 18 94 C6 A0 A3 FD A4 B1 
 01 18 FB E4 C1 EA 95 B8 8F 3A 42 EC F9 07 59 74 
 08 A7 B9 D5 0F 66 F7 FD 37 BC C1 33 7A 61 C1 96 
 4E 8D A3 3F 45 1D A6 B5 70 91 C4 02 5B AC DC 95 
 ED 78 44 13 BE A1 1E 97 53 CB 76 BD C9 7F 8B 0B 
 07 8D A8 48 AD 9C 14 91 D7 74 19 EE 79 4B D0 73 
 BC 27 6F 3C 8D 7F 45 C9 32 19 91 A4 50 A0 A6 7A 
 C3 54 31 07 69 9B 6C 8E 2B C2 DE E6 40 B8 1D 53 
 E8 99 11 9C CA 9E 48 81 8E 6C 96 9D B7 FF E0 36 
 C0 2D 14 50 4A CE A1 4B 67 78 82 42 F6 06 FC 5E 
 17 45 F4 4D 61 8F FB 36 DB 80 12 03 2C BE A5 54 
 25 88 88 84 B0 9A 6D 3C D9 83 BB 28 3B 42 15 D7 
 28 B4 CC 5A 11 2C 01 D7 B6 98 C5 A9 CC 06 D6 27 
 ED 95 23 F8 00 CE 41 03 E6 1E CF 37 94 45 A3 66 
 A3 EF 8C C6 99 6A 98 B1 
    IsEnEnabled(0x161 = 'ContextLoad'): 1
 SWTPM_IO_Write: length 14
 80 01 00 00 00 0E 00 00 00 00 80 00 00 00 
 SWTPM_IO_Read: length 14
 80 01 00 00 00 0E 00 00 01 65 80 00 00 00 
    IsEnEnabled(0x165 = 'FlushContext'): 1
 SWTPM_IO_Write: length 10
 80 01 00 00 00 0A 00 00 00 00 
 SWTPM_IO_Read: length 14
 80 01 00 00 00 0E 00 00 01 62 80 00 00 00 
    IsEnEnabled(0x162 = 'ContextSave'): 1
 SWTPM_IO_Write: length 10
 80 01 00 00 00 0A 00 00 09 10 
 SWTPM_IO_Read: length 12
 80 01 00 00 00 0C 00 00 01 7B 00 08 
    IsEnEnabled(0x17b = 'GetRandom'): 1
 SWTPM_IO_Write: length 20
 80 01 00 00 00 14 00 00 00 00 00 08 39 CB F1 9C 
 92 38 7B 43 
 SWTPM_IO_Read: length 12
 80 01 00 00 00 0C 00 00 01 44 00 00 
    IsEnEnabled(0x144 = 'Startup'): 1
 SWTPM_IO_Write: length 10
 80 01 00 00 00 0A 00 00 01 00 
 SWTPM_IO_Read: length 22
 80 01 00 00 00 16 00 00 01 7A 00 00 00 00 00 00 
 00 01 00 00 00 7F 
    IsEnEnabled(0x17a = 'GetCapability'): 1
 SWTPM_IO_Write: length 217
 80 01 00 00 00 D9 00 00 00 00 00 00 00 00 00 00 
 00 00 21 00 01 00 00 00 09 00 03 00 00 00 02 00 
 04 00 00 00 04 00 05 00 00 01 04 00 06 00 00 00 
 02 00 07 00 00 04 04 00 08 00 00 03 0C 00 0A 00 
 00 00 06 00 0B 00 00 00 04 00 0C 00 00 00 04 00 
 0D 00 00 00 04 00 14 00 00 01 01 00 15 00 00 02 
 01 00 16 00 00 01 01 00 17 00 00 02 01 00 18 00 
 00 01 01 00 19 00 00 04 01 00 1A 00 00 01 01 00 
 1B 00 00 05 01 00 1C 00 00 01 01 00 1D 00 00 04 
 01 00 20 00 00 04 04 00 21 00 00 04 04 00 22 00 
 00 04 04 00 23 00 00 00 09 00 25 00 00 00 08 00 
 26 00 00 00 02 00 3F 00 00 01 02 00 40 00 00 02 
 02 00 41 00 00 02 02 00 42 00 00 02 02 00 43 00 
 00 02 02 00 44 00 00 02 02 
 SWTPM_IO_Read: length 22
 80 01 00 00 00 16 00 00 01 7A 00 00 00 02 00 00 
 01 1F 00 00 01 00 
    IsEnEnabled(0x17a = 'GetCapability'): 1
    IsEnEnabled(0x11f = 'NV_UndefineSpaceSpecial'): 1
    IsEnEnabled(0x11f = 'NV_UndefineSpaceSpecial'): 1
    IsEnEnabled(0x120 = 'EvictControl'): 1
    IsEnEnabled(0x120 = 'EvictControl'): 1
    IsEnEnabled(0x121 = 'HierarchyControl'): 1
    IsEnEnabled(0x121 = 'HierarchyControl'): 1
    IsEnEnabled(0x122 = 'NV_UndefineSpace'): 1
    IsEnEnabled(0x122 = 'NV_UndefineSpace'): 1
    IsEnEnabled(0x123 = '(null)'): 0
    IsEnEnabled(0x124 = 'ChangeEPS'): 1
    IsEnEnabled(0x124 = 'ChangeEPS'): 1
    IsEnEnabled(0x125 = 'ChangePPS'): 1
    IsEnEnabled(0x125 = 'ChangePPS'): 1
    IsEnEnabled(0x126 = 'Clear'): 1
    IsEnEnabled(0x126 = 'Clear'): 1
    IsEnEnabled(0x127 = 'ClearControl'): 1
    IsEnEnabled(0x127 = 'ClearControl'): 1
    IsEnEnabled(0x128 = 'ClockSet'): 1
    IsEnEnabled(0x128 = 'ClockSet'): 1
    IsEnEnabled(0x129 = 'HierarchyChangeAuth'): 1
    IsEnEnabled(0x129 = 'HierarchyChangeAuth'): 1
    IsEnEnabled(0x12a = 'NV_DefineSpace'): 1
    IsEnEnabled(0x12a = 'NV_DefineSpace'): 1
    IsEnEnabled(0x12b = 'PCR_Allocate'): 1
    IsEnEnabled(0x12b = 'PCR_Allocate'): 1
    IsEnEnabled(0x12c = 'PCR_SetAuthPolicy'): 1
    IsEnEnabled(0x12c = 'PCR_SetAuthPolicy'): 1
    IsEnEnabled(0x12d = 'PP_Commands'): 1
    IsEnEnabled(0x12d = 'PP_Commands'): 1
    IsEnEnabled(0x12e = 'SetPrimaryPolicy'): 1
    IsEnEnabled(0x12e = 'SetPrimaryPolicy'): 1
    IsEnEnabled(0x12f = '(null)'): 0
    IsEnEnabled(0x130 = 'ClockRateAdjust'): 1
    IsEnEnabled(0x130 = 'ClockRateAdjust'): 1
    IsEnEnabled(0x131 = 'CreatePrimary'): 1
    IsEnEnabled(0x131 = 'CreatePrimary'): 1
    IsEnEnabled(0x132 = 'NV_GlobalWriteLock'): 1
    IsEnEnabled(0x132 = 'NV_GlobalWriteLock'): 1
    IsEnEnabled(0x133 = 'GetCommandAuditDigest'): 1
    IsEnEnabled(0x133 = 'GetCommandAuditDigest'): 1
    IsEnEnabled(0x134 = 'NV_Increment'): 1
    IsEnEnabled(0x134 = 'NV_Increment'): 1
    IsEnEnabled(0x135 = 'NV_SetBits'): 1
    IsEnEnabled(0x135 = 'NV_SetBits'): 1
    IsEnEnabled(0x136 = 'NV_Extend'): 1
    IsEnEnabled(0x136 = 'NV_Extend'): 1
    IsEnEnabled(0x137 = 'NV_Write'): 1
    IsEnEnabled(0x137 = 'NV_Write'): 1
    IsEnEnabled(0x138 = 'NV_WriteLock'): 1
    IsEnEnabled(0x138 = 'NV_WriteLock'): 1
    IsEnEnabled(0x139 = 'DictionaryAttackLockReset'): 1
    IsEnEnabled(0x139 = 'DictionaryAttackLockReset'): 1
    IsEnEnabled(0x13a = 'DictionaryAttackParameters'): 1
    IsEnEnabled(0x13a = 'DictionaryAttackParameters'): 1
    IsEnEnabled(0x13b = 'NV_ChangeAuth'): 1
    IsEnEnabled(0x13b = 'NV_ChangeAuth'): 1
    IsEnEnabled(0x13c = 'PCR_Event'): 1
    IsEnEnabled(0x13c = 'PCR_Event'): 1
    IsEnEnabled(0x13d = 'PCR_Reset'): 1
    IsEnEnabled(0x13d = 'PCR_Reset'): 1
    IsEnEnabled(0x13e = 'SequenceComplete'): 1
    IsEnEnabled(0x13e = 'SequenceComplete'): 1
    IsEnEnabled(0x13f = 'SetAlgorithmSet'): 1
    IsEnEnabled(0x13f = 'SetAlgorithmSet'): 1
    IsEnEnabled(0x140 = 'SetCommandCodeAuditStatus'): 1
    IsEnEnabled(0x140 = 'SetCommandCodeAuditStatus'): 1
    IsEnEnabled(0x141 = '(null)'): 0
    IsEnEnabled(0x142 = 'IncrementalSelfTest'): 1
    IsEnEnabled(0x142 = 'IncrementalSelfTest'): 1
    IsEnEnabled(0x143 = 'SelfTest'): 1
    IsEnEnabled(0x143 = 'SelfTest'): 1
    IsEnEnabled(0x144 = 'Startup'): 1
    IsEnEnabled(0x144 = 'Startup'): 1
    IsEnEnabled(0x145 = 'Shutdown'): 1
    IsEnEnabled(0x145 = 'Shutdown'): 1
    IsEnEnabled(0x146 = 'StirRandom'): 1
    IsEnEnabled(0x146 = 'StirRandom'): 1
    IsEnEnabled(0x147 = 'ActivateCredential'): 1
    IsEnEnabled(0x147 = 'ActivateCredential'): 1
    IsEnEnabled(0x148 = 'Certify'): 1
    IsEnEnabled(0x148 = 'Certify'): 1
    IsEnEnabled(0x149 = 'PolicyNV'): 1
    IsEnEnabled(0x149 = 'PolicyNV'): 1
    IsEnEnabled(0x14a = 'CertifyCreation'): 1
    IsEnEnabled(0x14a = 'CertifyCreation'): 1
    IsEnEnabled(0x14b = 'Duplicate'): 1
    IsEnEnabled(0x14b = 'Duplicate'): 1
    IsEnEnabled(0x14c = 'GetTime'): 1
    IsEnEnabled(0x14c = 'GetTime'): 1
    IsEnEnabled(0x14d = 'GetSessionAuditDigest'): 1
    IsEnEnabled(0x14d = 'GetSessionAuditDigest'): 1
    IsEnEnabled(0x14e = 'NV_Read'): 1
    IsEnEnabled(0x14e = 'NV_Read'): 1
    IsEnEnabled(0x14f = 'NV_ReadLock'): 1
    IsEnEnabled(0x14f = 'NV_ReadLock'): 1
    IsEnEnabled(0x150 = 'ObjectChangeAuth'): 1
    IsEnEnabled(0x150 = 'ObjectChangeAuth'): 1
    IsEnEnabled(0x151 = 'PolicySecret'): 1
    IsEnEnabled(0x151 = 'PolicySecret'): 1
    IsEnEnabled(0x152 = 'Rewrap'): 1
    IsEnEnabled(0x152 = 'Rewrap'): 1
    IsEnEnabled(0x153 = 'Create'): 1
    IsEnEnabled(0x153 = 'Create'): 1
    IsEnEnabled(0x154 = 'ECDH_ZGen'): 1
    IsEnEnabled(0x154 = 'ECDH_ZGen'): 1
    IsEnEnabled(0x155 = 'MAC'): 1
    IsEnEnabled(0x155 = 'MAC'): 1
    IsEnEnabled(0x156 = 'Import'): 1
    IsEnEnabled(0x156 = 'Import'): 1
    IsEnEnabled(0x157 = 'Load'): 1
    IsEnEnabled(0x157 = 'Load'): 1
    IsEnEnabled(0x158 = 'Quote'): 1
    IsEnEnabled(0x158 = 'Quote'): 1
    IsEnEnabled(0x159 = 'RSA_Decrypt'): 1
    IsEnEnabled(0x159 = 'RSA_Decrypt'): 1
    IsEnEnabled(0x15a = '(null)'): 0
    IsEnEnabled(0x15b = 'MAC_Start'): 1
    IsEnEnabled(0x15b = 'MAC_Start'): 1
    IsEnEnabled(0x15c = 'SequenceUpdate'): 1
    IsEnEnabled(0x15c = 'SequenceUpdate'): 1
    IsEnEnabled(0x15d = 'Sign'): 1
    IsEnEnabled(0x15d = 'Sign'): 1
    IsEnEnabled(0x15e = 'Unseal'): 1
    IsEnEnabled(0x15e = 'Unseal'): 1
    IsEnEnabled(0x15f = '(null)'): 0
    IsEnEnabled(0x160 = 'PolicySigned'): 1
    IsEnEnabled(0x160 = 'PolicySigned'): 1
    IsEnEnabled(0x161 = 'ContextLoad'): 1
    IsEnEnabled(0x161 = 'ContextLoad'): 1
    IsEnEnabled(0x162 = 'ContextSave'): 1
    IsEnEnabled(0x162 = 'ContextSave'): 1
    IsEnEnabled(0x163 = 'ECDH_KeyGen'): 1
    IsEnEnabled(0x163 = 'ECDH_KeyGen'): 1
    IsEnEnabled(0x164 = 'EncryptDecrypt'): 1
    IsEnEnabled(0x164 = 'EncryptDecrypt'): 1
    IsEnEnabled(0x165 = 'FlushContext'): 1
    IsEnEnabled(0x165 = 'FlushContext'): 1
    IsEnEnabled(0x166 = '(null)'): 0
    IsEnEnabled(0x167 = 'LoadExternal'): 1
    IsEnEnabled(0x167 = 'LoadExternal'): 1
    IsEnEnabled(0x168 = 'MakeCredential'): 1
    IsEnEnabled(0x168 = 'MakeCredential'): 1
    IsEnEnabled(0x169 = 'NV_ReadPublic'): 1
    IsEnEnabled(0x169 = 'NV_ReadPublic'): 1
    IsEnEnabled(0x16a = 'PolicyAuthorize'): 1
    IsEnEnabled(0x16a = 'PolicyAuthorize'): 1
    IsEnEnabled(0x16b = 'PolicyAuthValue'): 1
    IsEnEnabled(0x16b = 'PolicyAuthValue'): 1
    IsEnEnabled(0x16c = 'PolicyCommandCode'): 1
    IsEnEnabled(0x16c = 'PolicyCommandCode'): 1
    IsEnEnabled(0x16d = 'PolicyCounterTimer'): 1
    IsEnEnabled(0x16d = 'PolicyCounterTimer'): 1
    IsEnEnabled(0x16e = 'PolicyCpHash'): 1
    IsEnEnabled(0x16e = 'PolicyCpHash'): 1
    IsEnEnabled(0x16f = 'PolicyLocality'): 1
    IsEnEnabled(0x16f = 'PolicyLocality'): 1
    IsEnEnabled(0x170 = 'PolicyNameHash'): 1
    IsEnEnabled(0x170 = 'PolicyNameHash'): 1
    IsEnEnabled(0x171 = 'PolicyOR'): 1
    IsEnEnabled(0x171 = 'PolicyOR'): 1
    IsEnEnabled(0x172 = 'PolicyTicket'): 1
    IsEnEnabled(0x172 = 'PolicyTicket'): 1
    IsEnEnabled(0x173 = 'ReadPublic'): 1
    IsEnEnabled(0x173 = 'ReadPublic'): 1
    IsEnEnabled(0x174 = 'RSA_Encrypt'): 1
    IsEnEnabled(0x174 = 'RSA_Encrypt'): 1
    IsEnEnabled(0x175 = '(null)'): 0
    IsEnEnabled(0x176 = 'StartAuthSession'): 1
    IsEnEnabled(0x176 = 'StartAuthSession'): 1
    IsEnEnabled(0x177 = 'VerifySignature'): 1
    IsEnEnabled(0x177 = 'VerifySignature'): 1
    IsEnEnabled(0x178 = 'ECC_Parameters'): 1
    IsEnEnabled(0x178 = 'ECC_Parameters'): 1
    IsEnEnabled(0x179 = '(null)'): 0
    IsEnEnabled(0x17a = 'GetCapability'): 1
    IsEnEnabled(0x17a = 'GetCapability'): 1
    IsEnEnabled(0x17b = 'GetRandom'): 1
    IsEnEnabled(0x17b = 'GetRandom'): 1
    IsEnEnabled(0x17c = 'GetTestResult'): 1
    IsEnEnabled(0x17c = 'GetTestResult'): 1
    IsEnEnabled(0x17d = 'Hash'): 1
    IsEnEnabled(0x17d = 'Hash'): 1
    IsEnEnabled(0x17e = 'PCR_Read'): 1
    IsEnEnabled(0x17e = 'PCR_Read'): 1
    IsEnEnabled(0x17f = 'PolicyPCR'): 1
    IsEnEnabled(0x17f = 'PolicyPCR'): 1
    IsEnEnabled(0x180 = 'PolicyRestart'): 1
    IsEnEnabled(0x180 = 'PolicyRestart'): 1
    IsEnEnabled(0x181 = 'ReadClock'): 1
    IsEnEnabled(0x181 = 'ReadClock'): 1
    IsEnEnabled(0x182 = 'PCR_Extend'): 1
    IsEnEnabled(0x182 = 'PCR_Extend'): 1
    IsEnEnabled(0x183 = 'PCR_SetAuthValue'): 1
    IsEnEnabled(0x183 = 'PCR_SetAuthValue'): 1
    IsEnEnabled(0x184 = 'NV_Certify'): 1
    IsEnEnabled(0x184 = 'NV_Certify'): 1
    IsEnEnabled(0x185 = 'EventSequenceComplete'): 1
    IsEnEnabled(0x185 = 'EventSequenceComplete'): 1
    IsEnEnabled(0x186 = 'HashSequenceStart'): 1
    IsEnEnabled(0x186 = 'HashSequenceStart'): 1
    IsEnEnabled(0x187 = 'PolicyPhysicalPresence'): 1
    IsEnEnabled(0x187 = 'PolicyPhysicalPresence'): 1
    IsEnEnabled(0x188 = 'PolicyDuplicationSelect'): 1
    IsEnEnabled(0x188 = 'PolicyDuplicationSelect'): 1
    IsEnEnabled(0x189 = 'PolicyGetDigest'): 1
    IsEnEnabled(0x189 = 'PolicyGetDigest'): 1
    IsEnEnabled(0x18a = 'TestParms'): 1
    IsEnEnabled(0x18a = 'TestParms'): 1
    IsEnEnabled(0x18b = 'Commit'): 1
    IsEnEnabled(0x18b = 'Commit'): 1
    IsEnEnabled(0x18c = 'PolicyPassword'): 1
    IsEnEnabled(0x18c = 'PolicyPassword'): 1
    IsEnEnabled(0x18d = 'ZGen_2Phase'): 1
    IsEnEnabled(0x18d = 'ZGen_2Phase'): 1
    IsEnEnabled(0x18e = 'EC_Ephemeral'): 1
    IsEnEnabled(0x18e = 'EC_Ephemeral'): 1
    IsEnEnabled(0x18f = 'PolicyNvWritten'): 1
    IsEnEnabled(0x18f = 'PolicyNvWritten'): 1
    IsEnEnabled(0x190 = 'PolicyTemplate'): 1
    IsEnEnabled(0x190 = 'PolicyTemplate'): 1
    IsEnEnabled(0x191 = 'CreateLoaded'): 1
    IsEnEnabled(0x191 = 'CreateLoaded'): 1
    IsEnEnabled(0x192 = 'PolicyAuthorizeNV'): 1
    IsEnEnabled(0x192 = 'PolicyAuthorizeNV'): 1
    IsEnEnabled(0x193 = 'EncryptDecrypt2'): 1
    IsEnEnabled(0x193 = 'EncryptDecrypt2'): 1
    IsEnEnabled(0x194 = '(null)'): 0
    IsEnEnabled(0x195 = '(null)'): 0
    IsEnEnabled(0x196 = '(null)'): 0
    IsEnEnabled(0x197 = 'CertifyX509'): 1
    IsEnEnabled(0x197 = 'CertifyX509'): 1
    IsEnEnabled(0x198 = '(null)'): 0
    IsEnEnabled(0x199 = 'ECC_Encrypt'): 0
    IsEnEnabled(0x19a = 'ECC_Decrypt'): 0
    IsEnEnabled(0x19b = 'PolicyCapability'): 0
    IsEnEnabled(0x19c = 'PolicyParameters'): 0
    IsEnEnabled(0x19d = '(null)'): 0
    IsEnEnabled(0x19e = '(null)'): 0
    IsEnEnabled(0x19f = '(null)'): 0
 SWTPM_IO_Write: length 459
 80 01 00 00 01 CB 00 00 00 00 00 00 00 00 02 00 
 00 00 6E 04 40 01 1F 04 40 01 20 02 C0 01 21 04 
 40 01 22 02 C0 01 24 02 C0 01 25 02 C0 01 26 02 
 40 01 27 02 40 01 28 02 40 01 29 02 40 01 2A 02 
 40 01 2B 02 40 01 2C 02 40 01 2D 02 40 01 2E 02 
 00 01 30 12 00 01 31 02 40 01 32 04 40 01 33 04 
 40 01 34 04 40 01 35 04 40 01 36 04 40 01 37 04 
 40 01 38 02 40 01 39 02 40 01 3A 02 40 01 3B 02 
 40 01 3C 02 40 01 3D 03 00 01 3E 02 40 01 3F 02 
 40 01 40 00 40 01 42 00 40 01 43 00 40 01 44 00 
 40 01 45 00 40 01 46 04 00 01 47 04 00 01 48 06 
 00 01 49 04 00 01 4A 04 00 01 4B 04 00 01 4C 06 
 00 01 4D 04 00 01 4E 04 40 01 4F 04 00 01 50 04 
 00 01 51 04 00 01 52 02 00 01 53 02 00 01 54 02 
 00 01 55 02 00 01 56 12 00 01 57 02 00 01 58 02 
 00 01 59 12 00 01 5B 02 00 01 5C 02 00 01 5D 02 
 00 01 5E 04 00 01 60 10 00 01 61 02 00 01 62 02 
 00 01 63 02 00 01 64 00 00 01 65 10 00 01 67 02 
 00 01 68 02 00 01 69 02 00 01 6A 02 00 01 6B 02 
 00 01 6C 02 00 01 6D 02 00 01 6E 02 00 01 6F 02 
 00 01 70 02 00 01 71 02 00 01 72 02 00 01 73 02 
 00 01 74 14 00 01 76 02 00 01 77 00 00 01 78 00 
 00 01 7A 00 00 01 7B 00 00 01 7C 00 00 01 7D 00 
 00 01 7E 02 00 01 7F 02 00 01 80 00 00 01 81 02 
 40 01 82 02 00 01 83 06 00 01 84 05 40 01 85 10 
 00 01 86 02 00 01 87 02 00 01 88 02 00 01 89 00 
 00 01 8A 02 00 01 8B 02 00 01 8C 02 00 01 8D 00 
 00 01 8E 02 00 01 8F 02 00 01 90 12 00 01 91 06 
 00 01 92 02 00 01 93 04 00 01 97 
 SWTPM_IO_Read: length 22
 80 01 00 00 00 16 00 00 01 7A 00 00 00 08 00 00 
 00 00 00 00 01 FC 
    IsEnEnabled(0x17a = 'GetCapability'): 1
 SWTPM_IO_Write: length 35
 80 01 00 00 00 23 00 00 00 00 00 00 00 00 08 00 
 00 00 08 00 01 00 02 00 03 00 04 00 05 00 10 00 
 11 00 20 
 SWTPM_IO_Read: length 22
 80 01 00 00 00 16 00 00 01 7A 00 00 00 05 00 00 
 00 00 00 00 00 01 
    IsEnEnabled(0x17a = 'GetCapability'): 1
 SWTPM_IO_Write: length 43
 80 01 00 00 00 2B 00 00 00 00 00 00 00 00 05 00 
 00 00 04 00 04 03 FF FF FF 00 0B 03 FF FF FF 00 
 0C 03 FF FF FF 00 0D 03 FF FF FF 
 SWTPM_IO_Read: length 18
 80 01 00 00 00 12 00 00 01 8A 00 25 00 06 00 80 
 00 43 
    IsEnEnabled(0x18a = 'TestParms'): 1
 SWTPM_IO_Write: length 10
 80 01 00 00 00 0A 00 00 00 00 
 SWTPM_IO_Read: length 20
 80 01 00 00 00 14 00 00 01 7E 00 00 00 01 00 04 
 03 80 00 00 
    IsEnEnabled(0x17e = 'PCR_Read'): 1
 SWTPM_IO_Write: length 50
 80 01 00 00 00 32 00 00 00 00 00 00 00 98 00 00 
 00 01 00 04 03 80 00 00 00 00 00 01 00 14 1D BF 
 FD 35 33 97 AF BE 91 B5 F9 0B FC 53 AF 84 D3 E6 
 B2 34 
 SWTPM_IO_Read: length 20
 80 01 00 00 00 14 00 00 01 7E 00 00 00 01 00 0B 
 03 80 00 00 
    IsEnEnabled(0x17e = 'PCR_Read'): 1
 SWTPM_IO_Write: length 62
 80 01 00 00 00 3E 00 00 00 00 00 00 00 98 00 00 
 00 01 00 0B 03 80 00 00 00 00 00 01 00 20 12 7C 
 18 EB A2 30 0E 30 76 7F AF E7 1F 4E 59 75 77 6F 
 66 5D 22 C7 CA 90 17 C7 C2 48 46 B9 6F A1 
 SWTPM_IO_Read: length 20
 80 01 00 00 00 14 00 00 01 7E 00 00 00 01 00 0B 
 03 80 00 00 
    IsEnEnabled(0x17e = 'PCR_Read'): 1
 SWTPM_IO_Write: length 62
 80 01 00 00 00 3E 00 00 00 00 00 00 00 98 00 00 
 00 01 00 0B 03 80 00 00 00 00 00 01 00 20 12 7C 
 18 EB A2 30 0E 30 76 7F AF E7 1F 4E 59 75 77 6F 
 66 5D 22 C7 CA 90 17 C7 C2 48 46 B9 6F A1 
 SWTPM_IO_Read: length 22
 80 01 00 00 00 16 00 00 01 7A 00 00 00 01 81 00 
 00 01 00 00 00 01 
    IsEnEnabled(0x17a = 'GetCapability'): 1
 SWTPM_IO_Write: length 23
 80 01 00 00 00 17 00 00 00 00 00 00 00 00 01 00 
 00 00 01 81 00 00 01 
 SWTPM_IO_Read: length 14
 80 01 00 00 00 0E 00 00 01 73 81 00 00 01 
    IsEnEnabled(0x173 = 'ReadPublic'): 1
 SWTPM_IO_Write: length 174
 80 01 00 00 00 AE 00 00 00 00 00 5A 00 23 00 0B 
 00 03 04 72 00 00 00 06 00 80 00 43 00 10 00 03 
 00 10 00 20 CF 1F 95 79 C9 8E 96 85 12 E9 51 83 
 F6 A3 BC E9 40 54 99 4F F6 85 D2 03 93 9B 10 48 
 C4 3A 3F BB 00 20 DC 5B 38 69 9E 53 01 B0 FC 6B 
 8A 89 78 65 43 33 C2 4D D6 61 2C B7 4B 7F 15 0C 
 7C C8 C0 B5 6B BE 00 22 00 0B BB D6 FA B2 C1 55 
 97 9A F0 59 40 19 C6 96 20 2D FB 9F 1D 1B 1B 59 
 EE 0A C8 9E 3B D5 F2 D8 77 6E 00 22 00 0B 47 60 
 16 3A 4B 80 D4 F2 05 EF 7D D8 C6 E5 DB F1 F2 E4 
 FC B7 51 5A C1 74 B6 DB DD 9A 67 CC 30 38 
 SWTPM_IO_Read: length 14
 80 01 00 00 00 0E 00 00 01 73 81 00 00 01 
    IsEnEnabled(0x173 = 'ReadPublic'): 1
 SWTPM_IO_Write: length 174
 80 01 00 00 00 AE 00 00 00 00 00 5A 00 23 00 0B 
 00 03 04 72 00 00 00 06 00 80 00 43 00 10 00 03 
 00 10 00 20 CF 1F 95 79 C9 8E 96 85 12 E9 51 83 
 F6 A3 BC E9 40 54 99 4F F6 85 D2 03 93 9B 10 48 
 C4 3A 3F BB 00 20 DC 5B 38 69 9E 53 01 B0 FC 6B 
 8A 89 78 65 43 33 C2 4D D6 61 2C B7 4B 7F 15 0C 
 7C C8 C0 B5 6B BE 00 22 00 0B BB D6 FA B2 C1 55 
 97 9A F0 59 40 19 C6 96 20 2D FB 9F 1D 1B 1B 59 
 EE 0A C8 9E 3B D5 F2 D8 77 6E 00 22 00 0B 47 60 
 16 3A 4B 80 D4 F2 05 EF 7D D8 C6 E5 DB F1 F2 E4 
 FC B7 51 5A C1 74 B6 DB DD 9A 67 CC 30 38 
 SWTPM_IO_Read: length 131
 80 01 00 00 00 83 00 00 01 76 81 00 00 01 40 00 
 00 07 00 20 07 8A 2C B2 23 19 2D E2 11 7B 1D 1A 
 4A 8C 6C 5F 81 B4 76 9E 03 79 3C 1B 44 C2 6A E9 
 E0 9B 4A A6 00 44 00 20 F2 98 C5 4E BF 74 05 2B 
 F6 D6 56 58 EB 2C 7F 1B BE 3D 1B 01 9D 33 83 F2 
 31 56 04 B7 3F B1 D4 E1 00 20 1A 9B E5 C5 A5 DF 
 77 47 BC 8D 16 74 4D D9 A6 45 6F CD 15 97 4F 47 
 C5 79 DF 04 A7 4D AB 8D 59 1B 00 00 06 00 80 00 
 43 00 0B 
    IsEnEnabled(0x176 = 'StartAuthSession'): 1
 SWTPM_IO_Write: length 48
 80 01 00 00 00 30 00 00 00 00 02 00 00 00 00 20 
 12 DC 6E FC AC 66 08 E2 99 67 59 88 6C 6A 9C 89 
 1F 42 D7 AA 2E F8 CB 37 1B 22 EC 27 1D AA 5F 10 
 SWTPM_IO_Read: length 14
 80 01 00 00 00 0E 00 00 01 62 02 00 00 00 
    IsEnEnabled(0x162 = 'ContextSave'): 1
 SWTPM_IO_Write: length 414
 80 01 00 00 01 9E 00 00 00 00 00 00 00 00 00 00 
 00 4C 02 00 00 00 40 00 00 07 01 82 00 40 84 C9 
 F3 24 2E 2C 63 43 B1 1E 2F AF 76 7E 1C 93 0F 5F 
 14 FC 00 1D 8A F6 4D 94 76 06 8A 24 BA 5D 95 5D 
 42 47 BE DA 47 F2 07 25 BA 52 B1 2A CF C0 D6 78 
 E5 2D FB 01 DC C8 1E 3D 57 0D 1F F8 43 E0 AB 6B 
 F5 AF 87 93 7D E9 A1 B4 31 B8 80 F7 DD FD 9E 1A 
 D5 16 95 77 56 54 ED 54 16 AF 51 FD C0 70 A5 CC 
 47 93 72 E7 02 E3 69 29 17 54 0D 74 7D 49 65 2C 
 24 97 0D 04 6D 32 D5 AC D3 ED 3F 20 28 5F 7D C7 
 E5 D8 38 C2 F3 7A 16 F3 C2 96 7D B3 61 65 85 69 
 E1 4E DA 9C CD 72 D8 40 EB DD 5C 68 52 37 DE CA 
 25 67 1C 50 4D D0 2A 0A C3 DC C8 78 A8 ED 45 1E 
 BF 86 30 B6 EC 11 86 62 E2 DF 70 FC B6 F8 25 AE 
 63 BA C9 D4 CF FA 8E 62 B2 83 7B F9 D8 15 A8 8D 
 69 12 C9 14 30 27 6B 17 77 C7 B4 A7 D5 63 6A 6F 
 E4 E0 58 5A 53 DC 72 F1 0E 80 49 FF 8F 68 E2 3D 
 96 E7 27 22 2C 77 81 43 E4 54 02 B9 B5 9C 11 9A 
 DC 01 5E 7D 02 31 1B A5 CC B5 B3 1F F2 79 75 6A 
 ED 20 5B B4 92 2B E7 B8 D6 F8 8D A9 E0 B2 E2 44 
 0A C7 6B CD DF C9 1D DA DD 7A D0 A0 FE BB 6D B0 
 83 95 08 30 12 68 A6 E9 47 CF CE D8 59 59 2D 4A 
 F8 E2 81 0C AB 9F 66 9A 9B AB 31 58 32 28 B8 4D 
 A7 2C E1 C3 A1 8E 55 BA AE FE A5 1E 04 25 24 97 
 AE 0C 59 19 55 73 D4 67 A4 1C 8F F9 12 D1 12 B2 
 85 DF 33 13 19 31 F8 CC C1 7F 3D B3 F3 10 
 SWTPM_IO_Read: length 414
 80 01 00 00 01 9E 00 00 01 61 00 00 00 00 00 00 
 00 4C 02 00 00 00 40 00 00 07 01 82 00 40 84 C9 
 F3 24 2E 2C 63 43 B1 1E 2F AF 76 7E 1C 93 0F 5F 
 14 FC 00 1D 8A F6 4D 94 76 06 8A 24 BA 5D 95 5D 
 42 47 BE DA 47 F2 07 25 BA 52 B1 2A CF C0 D6 78 
 E5 2D FB 01 DC C8 1E 3D 57 0D 1F F8 43 E0 AB 6B 
 F5 AF 87 93 7D E9 A1 B4 31 B8 80 F7 DD FD 9E 1A 
 D5 16 95 77 56 54 ED 54 16 AF 51 FD C0 70 A5 CC 
 47 93 72 E7 02 E3 69 29 17 54 0D 74 7D 49 65 2C 
 24 97 0D 04 6D 32 D5 AC D3 ED 3F 20 28 5F 7D C7 
 E5 D8 38 C2 F3 7A 16 F3 C2 96 7D B3 61 65 85 69 
 E1 4E DA 9C CD 72 D8 40 EB DD 5C 68 52 37 DE CA 
 25 67 1C 50 4D D0 2A 0A C3 DC C8 78 A8 ED 45 1E 
 BF 86 30 B6 EC 11 86 62 E2 DF 70 FC B6 F8 25 AE 
 63 BA C9 D4 CF FA 8E 62 B2 83 7B F9 D8 15 A8 8D 
 69 12 C9 14 30 27 6B 17 77 C7 B4 A7 D5 63 6A 6F 
 E4 E0 58 5A 53 DC 72 F1 0E 80 49 FF 8F 68 E2 3D 
 96 E7 27 22 2C 77 81 43 E4 54 02 B9 B5 9C 11 9A 
 DC 01 5E 7D 02 31 1B A5 CC B5 B3 1F F2 79 75 6A 
 ED 20 5B B4 92 2B E7 B8 D6 F8 8D A9 E0 B2 E2 44 
 0A C7 6B CD DF C9 1D DA DD 7A D0 A0 FE BB 6D B0 
 83 95 08 30 12 68 A6 E9 47 CF CE D8 59 59 2D 4A 
 F8 E2 81 0C AB 9F 66 9A 9B AB 31 58 32 28 B8 4D 
 A7 2C E1 C3 A1 8E 55 BA AE FE A5 1E 04 25 24 97 
 AE 0C 59 19 55 73 D4 67 A4 1C 8F F9 12 D1 12 B2 
 85 DF 33 13 19 31 F8 CC C1 7F 3D B3 F3 10 
    IsEnEnabled(0x161 = 'ContextLoad'): 1
 SWTPM_IO_Write: length 14
 80 01 00 00 00 0E 00 00 00 00 02 00 00 00 
 SWTPM_IO_Read: length 215
 80 02 00 00 00 D7 00 00 01 53 81 00 00 01 00 00 
 00 49 02 00 00 00 00 20 5D E4 E8 2D B8 2D AB 29 
 61 D7 22 61 85 41 44 91 5E 40 FE 5A 08 65 FE E4 
 1D 9C 3F 25 96 8B 15 5C 61 00 20 FB 24 66 C5 BB 
 EA 40 75 6A 3B BE D0 D2 85 6E D3 D9 9C FE 6A 98 
 9D EA 00 B3 D4 30 36 26 EA 8C E6 00 44 31 0A 22 
 9A EF F7 99 98 4B 09 CF AE C5 E3 58 82 3A C3 71 
 B1 65 F2 D7 7D 08 F2 51 EE C8 00 D9 8E EE E4 60 
 74 8D BC 7B 84 B5 15 B6 74 A9 5C 65 66 F4 CA DB 
 2C CB 8D 1A 48 DE 81 E5 C1 29 14 EE 43 D7 F0 B4 
 A0 00 2E 00 08 00 0B 00 00 00 12 00 20 89 17 A4 
 13 D8 E4 C8 B6 B7 F1 1E 90 42 16 CC A4 5B 06 9C 
 58 6B 46 F4 2C A6 70 E2 CC 05 A5 15 83 00 10 00 
 00 00 00 00 00 00 00 
    IsEnEnabled(0x153 = 'Create'): 1
 SWTPM_IO_Write: length 546
 80 02 00 00 02 22 00 00 00 00 00 00 01 CF 00 9E 
 F2 45 60 AF C6 79 23 9D 62 A5 41 50 95 EF D5 4A 
 FB CD 66 9D 54 B2 E6 62 DC 9C 49 D9 5F AE FB 61 
 AD 90 2A AE 3F E1 78 1B 1C CF 39 A1 78 78 F8 3F 
 9E 09 29 FD 0F CB E7 B3 BE 7F 3F 2A FD 60 0D 49 
 F6 AC 93 57 04 CA 31 E6 BD F8 EC 21 80 72 94 4B 
 A2 8D 66 E9 03 E1 1A BE F9 77 49 BE 79 D6 0D C1 
 62 BD 37 79 53 BC 89 56 75 19 2C C7 DD 50 03 BC 
 61 7F FF B3 4A 1F F5 44 C2 A9 E1 64 80 FD B4 53 
 62 6A 7E 4E DC FA D2 94 57 FC 54 50 3C AC EB 3F 
 E8 87 AF AA 28 09 04 E6 94 7E E0 36 FE 1E 00 4E 
 00 08 00 0B 00 00 00 12 00 20 89 17 A4 13 D8 E4 
 C8 B6 B7 F1 1E 90 42 16 CC A4 5B 06 9C 58 6B 46 
 F4 2C A6 70 E2 CC 05 A5 15 83 00 10 00 20 FD 7B 
 D4 DE 50 E2 88 39 72 9B CE 2A 1E 4B 63 2E 7F B0 
 F3 A0 21 38 6D ED EE 2C 64 AF 84 3E AA F7 00 73 
 00 00 00 00 00 20 E3 B0 C4 42 98 FC 1C 14 9A FB 
 F4 C8 99 6F B9 24 27 AE 41 E4 64 9B 93 4C A4 95 
 99 1B 78 52 B8 55 01 00 0B 00 22 00 0B BB D6 FA 
 B2 C1 55 97 9A F0 59 40 19 C6 96 20 2D FB 9F 1D 
 1B 1B 59 EE 0A C8 9E 3B D5 F2 D8 77 6E 00 22 00 
 0B 47 60 16 3A 4B 80 D4 F2 05 EF 7D D8 C6 E5 DB 
 F1 F2 E4 FC B7 51 5A C1 74 B6 DB DD 9A 67 CC 30 
 38 00 00 00 20 CE 54 A2 ED E6 E5 B6 60 41 FA BD 
 4E 38 6B 6E 45 B2 D0 AE 1D 7A B2 DA 56 AE 9C A8 
 82 86 6E 3D 74 80 21 40 00 00 01 00 40 9D 5A 37 
 58 25 27 78 86 70 2A 93 1D A1 7C E4 14 64 7F 88 
 E7 08 65 C7 F0 BE A0 10 10 3C 1C 2C 9A 98 2B F5 
 8F 4D 0E 4D 48 19 69 DB 83 92 AB 7E A2 40 40 A9 
 B2 0B F5 2B 50 03 6A F4 9B 54 24 4B 03 00 20 46 
 88 79 09 8D F7 5D 31 AF E5 E2 B2 99 66 1C 03 83 
 23 8C 0D 44 22 2A 5A 37 0E 3B CE 9C C9 0A BD 61 
 00 20 5D 17 21 C3 8E 82 FE F8 23 FB 6D 10 D1 1A 
 B7 F8 80 C1 A3 0E 5D E6 A1 5F E1 63 C0 BA 96 A8 
 2C 65 
 SWTPM_IO_Read: length 14
 80 01 00 00 00 0E 00 00 01 62 02 00 00 00 
    IsEnEnabled(0x162 = 'ContextSave'): 1
 SWTPM_IO_Write: length 414
 80 01 00 00 01 9E 00 00 00 00 00 00 00 00 00 00 
 00 4D 02 00 00 00 40 00 00 07 01 82 00 40 FA 8B 
 5A 76 68 27 84 61 10 0D 6B B8 C5 0A 64 75 E6 99 
 55 50 9A 37 54 E5 17 97 2A 47 19 A2 53 80 4C E7 
 D3 6E 3D 95 09 12 8F 87 F0 6D A9 17 85 98 50 2C 
 69 94 4E CE 6E 1D BF 24 A4 BB 61 FA D1 63 5F DB 
 16 56 B6 E2 DA D2 63 06 48 C3 9E 2D 71 92 FF 68 
 85 13 53 9A 80 15 20 60 5D A3 59 B6 39 56 54 56 
 66 4A C2 D2 EA 5A 00 87 28 6D 49 DC F6 83 CB 65 
 ED 16 BE F9 F5 84 8D 6A B6 25 C8 7C 4D 0C B0 90 
 AC E7 5C 33 8A FB 36 93 2B A7 26 ED 8E AF 23 F4 
 18 1E 22 BC 99 E2 61 D6 70 10 BD 61 7D 56 73 E5 
 54 B4 2E 8A 57 C2 A2 8D EA F7 E9 D8 BD 50 7A D9 
 D4 09 0C A6 5C 14 6F 89 8F EC B7 4B 01 4D 80 77 
 BB 5D 51 C5 0A 9C 64 2D C3 6A C3 3A F7 C1 E6 1D 
 C1 A9 63 D3 CE E4 D3 7F 77 A6 0D 91 A5 6B 60 F4 
 EB 67 4F A9 BC 23 CC 04 CF 21 6C 29 F4 86 8A 7F 
 8A 47 3A 17 16 9E 35 B5 F5 1F 0A 70 DA 75 BC 72 
 9F 9F DA D3 EC A4 5F F9 6D 42 C6 E4 BC B1 F6 D0 
 27 08 E3 2D 1F CD 26 0B 2B 58 F2 8F 13 AD 1D 00 
 A5 1D 17 09 C4 E6 F4 37 3E 99 DA 16 48 CE 20 67 
 31 B9 62 8C C0 0F 93 2D FB 72 CC 40 C5 DB 6E 53 
 37 E5 3A BD B3 41 47 82 55 1B 35 2E C0 ED 11 BB 
 85 02 39 87 58 95 F0 23 FA 2E B1 1C 81 CA 7A E2 
 A6 1C 76 04 3C 62 56 1D D2 0E 9E 4D 26 26 26 9C 
 25 4A D6 2B C8 BF 83 35 E3 68 23 09 73 41 
 SWTPM_IO_Read: length 414
 80 01 00 00 01 9E 00 00 01 61 00 00 00 00 00 00 
 00 4D 02 00 00 00 40 00 00 07 01 82 00 40 FA 8B 
 5A 76 68 27 84 61 10 0D 6B B8 C5 0A 64 75 E6 99 
 55 50 9A 37 54 E5 17 97 2A 47 19 A2 53 80 4C E7 
 D3 6E 3D 95 09 12 8F 87 F0 6D A9 17 85 98 50 2C 
 69 94 4E CE 6E 1D BF 24 A4 BB 61 FA D1 63 5F DB 
 16 56 B6 E2 DA D2 63 06 48 C3 9E 2D 71 92 FF 68 
 85 13 53 9A 80 15 20 60 5D A3 59 B6 39 56 54 56 
 66 4A C2 D2 EA 5A 00 87 28 6D 49 DC F6 83 CB 65 
 ED 16 BE F9 F5 84 8D 6A B6 25 C8 7C 4D 0C B0 90 
 AC E7 5C 33 8A FB 36 93 2B A7 26 ED 8E AF 23 F4 
 18 1E 22 BC 99 E2 61 D6 70 10 BD 61 7D 56 73 E5 
 54 B4 2E 8A 57 C2 A2 8D EA F7 E9 D8 BD 50 7A D9 
 D4 09 0C A6 5C 14 6F 89 8F EC B7 4B 01 4D 80 77 
 BB 5D 51 C5 0A 9C 64 2D C3 6A C3 3A F7 C1 E6 1D 
 C1 A9 63 D3 CE E4 D3 7F 77 A6 0D 91 A5 6B 60 F4 
 EB 67 4F A9 BC 23 CC 04 CF 21 6C 29 F4 86 8A 7F 
 8A 47 3A 17 16 9E 35 B5 F5 1F 0A 70 DA 75 BC 72 
 9F 9F DA D3 EC A4 5F F9 6D 42 C6 E4 BC B1 F6 D0 
 27 08 E3 2D 1F CD 26 0B 2B 58 F2 8F 13 AD 1D 00 
 A5 1D 17 09 C4 E6 F4 37 3E 99 DA 16 48 CE 20 67 
 31 B9 62 8C C0 0F 93 2D FB 72 CC 40 C5 DB 6E 53 
 37 E5 3A BD B3 41 47 82 55 1B 35 2E C0 ED 11 BB 
 85 02 39 87 58 95 F0 23 FA 2E B1 1C 81 CA 7A E2 
 A6 1C 76 04 3C 62 56 1D D2 0E 9E 4D 26 26 26 9C 
 25 4A D6 2B C8 BF 83 35 E3 68 23 09 73 41 
    IsEnEnabled(0x161 = 'ContextLoad'): 1
 SWTPM_IO_Write: length 14
 80 01 00 00 00 0E 00 00 00 00 02 00 00 00 
 SWTPM_IO_Read: length 14
 80 01 00 00 00 0E 00 00 01 65 02 00 00 00 
    IsEnEnabled(0x165 = 'FlushContext'): 1
 SWTPM_IO_Write: length 10
 80 01 00 00 00 0A 00 00 00 00 
 SWTPM_IO_Read: length 14
 80 01 00 00 00 0E 00 00 01 62 02 00 00 00 
    IsEnEnabled(0x162 = 'ContextSave'): 1
 SWTPM_IO_Write: length 10
 80 01 00 00 00 0A 00 00 09 10 
 SWTPM_IO_Read: length 267
 80 02 00 00 01 0B 00 00 01 57 81 00 00 01 00 00 
 00 09 40 00 00 09 00 00 00 00 00 00 9E 00 20 01 
 AE 1F EE ED 55 84 64 18 5B 60 E9 72 B1 6A F1 85 
 B7 86 87 D7 7A A3 6B EB F1 29 03 DD 7D B1 AD 00 
 10 C6 8F 0F D2 72 72 B1 C5 61 83 44 EA F6 ED D2 
 A1 6A 23 F7 CA 8D C9 BF 28 C1 9A 85 15 7C B1 0E 
 17 DE 6A 18 4C BE 5A 3C 1B F9 66 A3 B6 87 77 39 
 34 76 7F 28 AE 72 92 F5 9F 87 43 80 C7 18 E8 C1 
 E4 FA FF 3C 29 F0 9B A5 E0 1E 9D AD C3 53 D7 15 
 32 8E F4 55 47 C2 32 3A 2C 89 0F AD 9A C2 C6 5C 
 8E 18 38 7D 83 72 C3 57 B3 82 30 6A 18 5F AD 24 
 87 02 AB 25 B0 0B D4 5A 7E AE 09 00 4E 00 08 00 
 0B 00 00 00 12 00 20 89 17 A4 13 D8 E4 C8 B6 B7 
 F1 1E 90 42 16 CC A4 5B 06 9C 58 6B 46 F4 2C A6 
 70 E2 CC 05 A5 15 83 00 10 00 20 FD 7B D4 DE 50 
 E2 88 39 72 9B CE 2A 1E 4B 63 2E 7F B0 F3 A0 21 
 38 6D ED EE 2C 64 AF 84 3E AA F7 
    IsEnEnabled(0x157 = 'Load'): 1
 SWTPM_IO_Write: length 59
 80 02 00 00 00 3B 00 00 00 00 80 00 00 01 00 00 
 00 24 00 22 00 0B 2C 98 E9 18 9C B7 CC 7B 1D D0 
 69 EC D3 D8 8C B2 B2 DC DF AB FC 5E FF 65 B4 BF 
 D7 1C FF 11 17 57 00 00 01 00 00 
 SWTPM_IO_Read: length 14
 80 01 00 00 00 0E 00 00 01 62 80 00 00 01 
    IsEnEnabled(0x162 = 'ContextSave'): 1
 SWTPM_IO_Write: length 456
 80 01 00 00 01 C8 00 00 00 00 00 00 00 00 00 00 
 00 71 80 00 00 00 40 00 00 01 01 AC 00 40 AD B2 
 11 9B DB 8C C9 41 8A 0B 5F 53 29 D6 74 B7 8F 13 
 21 F3 6E 3A 7F 89 4C 12 CF 69 8F B0 34 A1 5F 8C 
 4E 09 AC 9A BC 1F 02 F3 38 B7 70 60 97 F8 69 08 
 AE DE 33 9D 29 B0 F6 DC 70 2D 4D B6 5F 75 0B 39 
 74 21 2E 7E 7A D5 11 19 7D 48 26 D9 2D CE 0F 41 
 4E B0 A8 8C CB C3 C3 F2 12 53 37 F9 C2 88 C2 6A 
 4A B9 FC 8F AE 74 F7 8E F9 0B 8C 79 97 74 02 A1 
 0C EB 83 FA 0D 85 44 B3 4E 2D DC A1 F8 7B 66 C1 
 46 AF 06 46 48 1C F3 CF 10 6E FA CE 1E AE 44 5C 
 7A 2B 74 E5 BE F0 B0 D7 77 BC F7 A4 7B FB 17 95 
 E3 F9 2D 15 23 E9 14 24 E6 95 FB 62 16 E2 AB 2C 
 EA 8B D5 66 13 F6 6A EB 72 02 5E 5D 8D B7 71 92 
 B4 84 58 1C E6 90 61 4C 8F 81 DA 17 F6 15 4A 08 
 46 2F 32 2A 2D A3 E2 3C 34 08 9A 7C 78 93 EB F0 
 79 92 0A 0F AF 06 9A A9 39 E5 70 5E 95 64 39 59 
 74 9E 94 D6 56 6E 7B 5F 41 34 FA 26 44 A1 27 84 
 AA 07 EC 62 C7 0D 0B 07 FE 7B 20 DC C6 82 1A 49 
 FC 16 47 1B 46 4A 12 34 0D 18 23 AE 12 5C BC 32 
 46 82 B8 BB 31 14 03 4F 7F 09 88 18 4E 35 30 0A 
 A2 D5 C6 C7 93 88 91 D6 B1 BC B9 B5 E4 1B 8C 8B 
 28 AC B5 8B 53 CE E7 AF A8 13 BF 4A 5D 78 DF E5 
 41 D8 FA 58 06 2C 65 04 84 37 B2 FB 56 40 E2 B3 
 55 3A 09 C0 BC 9E 5C 61 DA 87 03 66 0D A4 CF E2 
 93 52 00 1E 41 68 3A BF E8 3D 18 09 87 C0 01 19 
 AD F9 D3 ED CA E0 35 26 40 CA 23 B5 C4 F1 B0 00 
 BB 46 C5 2E F9 11 1C C4 DB 95 59 A4 D9 E0 92 01 
 3C 98 E8 92 6E CB F6 2A 
 SWTPM_IO_Read: length 14
 80 01 00 00 00 0E 00 00 01 65 80 00 00 01 
    IsEnEnabled(0x165 = 'FlushContext'): 1
 SWTPM_IO_Write: length 10
 80 01 00 00 00 0A 00 00 00 00 
 SWTPM_IO_Read: length 456
 80 01 00 00 01 C8 00 00 01 61 00 00 00 00 00 00 
 00 71 80 00 00 00 40 00 00 01 01 AC 00 40 AD B2 
 11 9B DB 8C C9 41 8A 0B 5F 53 29 D6 74 B7 8F 13 
 21 F3 6E 3A 7F 89 4C 12 CF 69 8F B0 34 A1 5F 8C 
 4E 09 AC 9A BC 1F 02 F3 38 B7 70 60 97 F8 69 08 
 AE DE 33 9D 29 B0 F6 DC 70 2D 4D B6 5F 75 0B 39 
 74 21 2E 7E 7A D5 11 19 7D 48 26 D9 2D CE 0F 41 
 4E B0 A8 8C CB C3 C3 F2 12 53 37 F9 C2 88 C2 6A 
 4A B9 FC 8F AE 74 F7 8E F9 0B 8C 79 97 74 02 A1 
 0C EB 83 FA 0D 85 44 B3 4E 2D DC A1 F8 7B 66 C1 
 46 AF 06 46 48 1C F3 CF 10 6E FA CE 1E AE 44 5C 
 7A 2B 74 E5 BE F0 B0 D7 77 BC F7 A4 7B FB 17 95 
 E3 F9 2D 15 23 E9 14 24 E6 95 FB 62 16 E2 AB 2C 
 EA 8B D5 66 13 F6 6A EB 72 02 5E 5D 8D B7 71 92 
 B4 84 58 1C E6 90 61 4C 8F 81 DA 17 F6 15 4A 08 
 46 2F 32 2A 2D A3 E2 3C 34 08 9A 7C 78 93 EB F0 
 79 92 0A 0F AF 06 9A A9 39 E5 70 5E 95 64 39 59 
 74 9E 94 D6 56 6E 7B 5F 41 34 FA 26 44 A1 27 84 
 AA 07 EC 62 C7 0D 0B 07 FE 7B 20 DC C6 82 1A 49 
 FC 16 47 1B 46 4A 12 34 0D 18 23 AE 12 5C BC 32 
 46 82 B8 BB 31 14 03 4F 7F 09 88 18 4E 35 30 0A 
 A2 D5 C6 C7 93 88 91 D6 B1 BC B9 B5 E4 1B 8C 8B 
 28 AC B5 8B 53 CE E7 AF A8 13 BF 4A 5D 78 DF E5 
 41 D8 FA 58 06 2C 65 04 84 37 B2 FB 56 40 E2 B3 
 55 3A 09 C0 BC 9E 5C 61 DA 87 03 66 0D A4 CF E2 
 93 52 00 1E 41 68 3A BF E8 3D 18 09 87 C0 01 19 
 AD F9 D3 ED CA E0 35 26 40 CA 23 B5 C4 F1 B0 00 
 BB 46 C5 2E F9 11 1C C4 DB 95 59 A4 D9 E0 92 01 
 3C 98 E8 92 6E CB F6 2A 
    IsEnEnabled(0x161 = 'ContextLoad'): 1
 SWTPM_IO_Write: length 14
 80 01 00 00 00 0E 00 00 00 00 80 00 00 00 
 SWTPM_IO_Read: length 131
 80 01 00 00 00 83 00 00 01 76 81 00 00 01 80 00 
 00 00 00 20 16 77 77 5B F7 4C DF A6 9F B3 DA 2A 
 56 46 2D E4 29 A0 23 86 81 00 10 57 49 2D C8 7A 
 D8 DC C1 CF 00 44 00 20 7B 87 8C A4 6C C0 92 D6 
 31 20 CD 71 40 58 71 7A B4 AA 82 82 04 56 7E 5E 
 D0 55 8B CC E7 90 9D 5F 00 20 D5 05 4A 43 E9 63 
 17 C2 A3 EB 8A 03 31 29 9B F1 AF 94 26 D0 97 2F 
 64 C4 69 60 14 77 69 60 63 29 00 00 06 00 80 00 
 43 00 0B 
    IsEnEnabled(0x176 = 'StartAuthSession'): 1
 SWTPM_IO_Write: length 48
 80 01 00 00 00 30 00 00 00 00 02 00 00 00 00 20 
 AF 5D F2 C5 EF 73 0F B9 26 C3 1C A1 B4 12 50 D5 
 EB 5F 20 51 C4 B7 3C 52 13 57 A3 5E 05 76 E1 C5 
 SWTPM_IO_Read: length 14
 80 01 00 00 00 0E 00 00 01 62 80 00 00 00 
    IsEnEnabled(0x162 = 'ContextSave'): 1
 SWTPM_IO_Write: length 456
 80 01 00 00 01 C8 00 00 00 00 00 00 00 00 00 00 
 00 72 80 00 00 00 40 00 00 01 01 AC 00 40 B6 AA 
 F6 85 6A F5 2E A9 11 D4 B2 12 A9 8A BE 37 FC 9A 
 F3 AF 77 95 B1 CD 4C 26 4F 0F 09 52 93 D4 F1 3C 
 7D 1E 89 1F 90 F4 64 4B 7F 99 F5 80 4B 55 EF 47 
 4A 24 38 7C A0 4F D8 DE F6 5B C4 49 E5 E9 FF 45 
 34 1F A3 3C E4 82 FD 13 38 41 42 FE 52 12 96 4C 
 7A AA 6F 6C AD 96 79 88 F7 35 3B AD 4A 05 29 E7 
 6E 82 06 44 E8 56 03 DF 45 17 B6 F0 09 21 FF 0A 
 E2 33 A7 9E 95 AD 2A 11 B5 90 8B 1E 7A EA FF 4E 
 FD 57 5C 1B 99 A1 D6 62 45 C0 55 D9 A0 4E 82 31 
 B0 C3 E7 3A B7 5E D5 C4 4C 27 0F 18 FA 14 02 95 
 AE 01 A7 D7 C8 1F 6B 0D EF 63 01 11 D1 21 41 F8 
 A4 6C B8 7B 79 CF D8 70 57 CC 3B FA 29 1D 4D 63 
 BE A7 55 39 BD 4C 63 19 B7 B6 B3 75 FB E6 F5 F4 
 E5 64 47 AB 61 79 F8 5F 70 F2 60 3C 31 2E 30 81 
 00 02 9B 0D 6C 7D 62 BE FB 59 45 B9 C0 41 1C EF 
 5F 15 E3 19 43 49 06 BB 55 91 30 9B 10 99 1F 5D 
 A0 68 E7 20 BC 8E 15 3A 00 0B 86 2C 14 F9 E7 C1 
 7A 7F 6D A5 C0 C9 4A F6 E8 C0 56 48 01 A5 15 B1 
 82 B3 7D 2C A5 62 99 47 D3 F1 34 F1 B5 34 E5 90 
 4A 46 3C 2D 0B 4D 83 5D C2 7A 84 E4 20 C0 DC 3D 
 0C 15 67 10 7A 4D 0D 1B 10 38 C7 60 44 D5 5B 96 
 57 AE D4 E2 5B D3 FF 00 B5 1C 79 8C A2 58 A2 42 
 01 DA C8 55 6A 14 CB 8A F4 07 A8 32 7F 28 69 EF 
 31 C7 7B 54 C5 70 4B 9C D0 3A 85 64 CE 26 F1 9C 
 45 2A D5 12 D1 0D 66 F8 33 64 56 F4 07 F4 39 87 
 18 17 8C 8F 03 48 49 48 40 80 AF 2A FC 3A 69 25 
 FB 3F 31 B9 A5 96 F9 26 
 SWTPM_IO_Read: length 14
 80 01 00 00 00 0E 00 00 01 65 80 00 00 00 
    IsEnEnabled(0x165 = 'FlushContext'): 1
 SWTPM_IO_Write: length 10
 80 01 00 00 00 0A 00 00 00 00 
 SWTPM_IO_Read: length 14
 80 01 00 00 00 0E 00 00 01 62 02 00 00 00 
    IsEnEnabled(0x162 = 'ContextSave'): 1
 SWTPM_IO_Write: length 414
 80 01 00 00 01 9E 00 00 00 00 00 00 00 00 00 00 
 00 4E 02 00 00 00 40 00 00 07 01 82 00 40 5B B5 
 21 CC FF 79 A3 90 6B 83 02 72 12 50 1D 79 FA 31 
 EF B1 B2 48 E0 8B 2D 73 04 99 13 02 03 F8 A8 A8 
 26 76 F1 60 82 5B D0 D9 63 EC 2D E3 C8 FD CD 48 
 5B 36 15 0B 76 C0 9D 73 6B 1F 59 EB BC 3F E0 88 
 6C 62 34 A7 77 48 77 6E EE F3 B0 00 78 C2 C1 FC 
 82 37 CD 4C 0E 49 62 B3 06 E4 15 4E E7 FD CF F6 
 20 C7 7F 8B D7 DE AA 5B 5A AC 06 F6 11 3E F4 28 
 C7 6D 53 31 8B 7B 52 65 5D C1 22 41 6F 58 D3 69 
 6A F3 98 51 8A 90 46 B3 F9 FA E4 A4 16 F6 9A 9B 
 EC 61 3F CA 58 D8 B9 E5 BB D7 9F 51 92 A7 3A A7 
 AD 6A FC 01 95 0B 6B 92 F0 6C E9 71 1C ED 7E B4 
 9F D6 D4 7C FB A3 6C 5E FB E2 FA 9B 51 CB 8C BB 
 3A E8 9D 37 21 FB 0F C6 07 16 0D 32 5D 50 BF ED 
 4B 23 80 9A 75 9E 7B 25 AB B9 53 4C 86 0F 72 72 
 27 43 76 60 02 1C 32 CC 01 72 B8 BF F8 F8 80 82 
 E5 2F E9 DC 36 A2 E4 BD 37 80 28 C4 6F 38 E5 CB 
 0E CA 4B E5 73 66 00 E4 74 B5 D3 94 86 6E B0 87 
 3E B5 26 DA 5C 3B D7 3F E2 B6 72 CE 1C 93 C0 3D 
 1E CF D8 5D 9F 2B DD B7 91 C4 F6 C0 E4 7B 9C 7E 
 E6 6C AF C5 B2 8F E6 C5 6B 36 A5 75 AD DC D6 E3 
 26 78 7E 3B 3D 81 16 59 F9 83 F2 9A 31 92 90 0C 
 7D 8A EF 5D 40 BF 31 7C 63 9C AC 2D 7D 19 AD 98 
 2B 0A 44 6A 6C B9 93 8F 56 D4 21 12 72 CC 68 E8 
 63 56 F5 E6 A7 78 BB 99 BC 74 87 6E 5D 93 
 SWTPM_IO_Read: length 456
 80 01 00 00 01 C8 00 00 01 61 00 00 00 00 00 00 
 00 72 80 00 00 00 40 00 00 01 01 AC 00 40 B6 AA 
 F6 85 6A F5 2E A9 11 D4 B2 12 A9 8A BE 37 FC 9A 
 F3 AF 77 95 B1 CD 4C 26 4F 0F 09 52 93 D4 F1 3C 
 7D 1E 89 1F 90 F4 64 4B 7F 99 F5 80 4B 55 EF 47 
 4A 24 38 7C A0 4F D8 DE F6 5B C4 49 E5 E9 FF 45 
 34 1F A3 3C E4 82 FD 13 38 41 42 FE 52 12 96 4C 
 7A AA 6F 6C AD 96 79 88 F7 35 3B AD 4A 05 29 E7 
 6E 82 06 44 E8 56 03 DF 45 17 B6 F0 09 21 FF 0A 
 E2 33 A7 9E 95 AD 2A 11 B5 90 8B 1E 7A EA FF 4E 
 FD 57 5C 1B 99 A1 D6 62 45 C0 55 D9 A0 4E 82 31 
 B0 C3 E7 3A B7 5E D5 C4 4C 27 0F 18 FA 14 02 95 
 AE 01 A7 D7 C8 1F 6B 0D EF 63 01 11 D1 21 41 F8 
 A4 6C B8 7B 79 CF D8 70 57 CC 3B FA 29 1D 4D 63 
 BE A7 55 39 BD 4C 63 19 B7 B6 B3 75 FB E6 F5 F4 
 E5 64 47 AB 61 79 F8 5F 70 F2 60 3C 31 2E 30 81 
 00 02 9B 0D 6C 7D 62 BE FB 59 45 B9 C0 41 1C EF 
 5F 15 E3 19 43 49 06 BB 55 91 30 9B 10 99 1F 5D 
 A0 68 E7 20 BC 8E 15 3A 00 0B 86 2C 14 F9 E7 C1 
 7A 7F 6D A5 C0 C9 4A F6 E8 C0 56 48 01 A5 15 B1 
 82 B3 7D 2C A5 62 99 47 D3 F1 34 F1 B5 34 E5 90 
 4A 46 3C 2D 0B 4D 83 5D C2 7A 84 E4 20 C0 DC 3D 
 0C 15 67 10 7A 4D 0D 1B 10 38 C7 60 44 D5 5B 96 
 57 AE D4 E2 5B D3 FF 00 B5 1C 79 8C A2 58 A2 42 
 01 DA C8 55 6A 14 CB 8A F4 07 A8 32 7F 28 69 EF 
 31 C7 7B 54 C5 70 4B 9C D0 3A 85 64 CE 26 F1 9C 
 45 2A D5 12 D1 0D 66 F8 33 64 56 F4 07 F4 39 87 
 18 17 8C 8F 03 48 49 48 40 80 AF 2A FC 3A 69 25 
 FB 3F 31 B9 A5 96 F9 26 
    IsEnEnabled(0x161 = 'ContextLoad'): 1
 SWTPM_IO_Write: length 14
 80 01 00 00 00 0E 00 00 00 00 80 00 00 00 
 SWTPM_IO_Read: length 414
 80 01 00 00 01 9E 00 00 01 61 00 00 00 00 00 00 
 00 4E 02 00 00 00 40 00 00 07 01 82 00 40 5B B5 
 21 CC FF 79 A3 90 6B 83 02 72 12 50 1D 79 FA 31 
 EF B1 B2 48 E0 8B 2D 73 04 99 13 02 03 F8 A8 A8 
 26 76 F1 60 82 5B D0 D9 63 EC 2D E3 C8 FD CD 48 
 5B 36 15 0B 76 C0 9D 73 6B 1F 59 EB BC 3F E0 88 
 6C 62 34 A7 77 48 77 6E EE F3 B0 00 78 C2 C1 FC 
 82 37 CD 4C 0E 49 62 B3 06 E4 15 4E E7 FD CF F6 
 20 C7 7F 8B D7 DE AA 5B 5A AC 06 F6 11 3E F4 28 
 C7 6D 53 31 8B 7B 52 65 5D C1 22 41 6F 58 D3 69 
 6A F3 98 51 8A 90 46 B3 F9 FA E4 A4 16 F6 9A 9B 
 EC 61 3F CA 58 D8 B9 E5 BB D7 9F 51 92 A7 3A A7 
 AD 6A FC 01 95 0B 6B 92 F0 6C E9 71 1C ED 7E B4 
 9F D6 D4 7C FB A3 6C 5E FB E2 FA 9B 51 CB 8C BB 
 3A E8 9D 37 21 FB 0F C6 07 16 0D 32 5D 50 BF ED 
 4B 23 80 9A 75 9E 7B 25 AB B9 53 4C 86 0F 72 72 
 27 43 76 60 02 1C 32 CC 01 72 B8 BF F8 F8 80 82 
 E5 2F E9 DC 36 A2 E4 BD 37 80 28 C4 6F 38 E5 CB 
 0E CA 4B E5 73 66 00 E4 74 B5 D3 94 86 6E B0 87 
 3E B5 26 DA 5C 3B D7 3F E2 B6 72 CE 1C 93 C0 3D 
 1E CF D8 5D 9F 2B DD B7 91 C4 F6 C0 E4 7B 9C 7E 
 E6 6C AF C5 B2 8F E6 C5 6B 36 A5 75 AD DC D6 E3 
 26 78 7E 3B 3D 81 16 59 F9 83 F2 9A 31 92 90 0C 
 7D 8A EF 5D 40 BF 31 7C 63 9C AC 2D 7D 19 AD 98 
 2B 0A 44 6A 6C B9 93 8F 56 D4 21 12 72 CC 68 E8 
 63 56 F5 E6 A7 78 BB 99 BC 74 87 6E 5D 93 
    IsEnEnabled(0x161 = 'ContextLoad'): 1
 SWTPM_IO_Write: length 14
 80 01 00 00 00 0E 00 00 00 00 02 00 00 00 
 SWTPM_IO_Read: length 208
 80 02 00 00 00 D0 00 00 01 76 81 00 00 01 40 00 
 00 07 00 00 00 49 02 00 00 00 00 20 58 34 E9 12 
 44 AC 3D 25 5B AD 95 78 DC 73 34 2A 86 7D A8 A5 
 5B 2B 4D 28 36 8D B6 34 04 0A FB 32 61 00 20 B3 
 35 E3 86 C2 14 51 88 ED 82 7D D8 54 C4 21 AF EC 
 C9 8E 85 C1 85 4F FE 1A B2 1D 82 FB 0F 1F 26 00 
 20 3E 7E 85 48 98 F8 54 EA FE C3 CF A4 67 4E 01 
 64 B9 91 D2 B0 F7 74 D4 FF 23 B2 97 E2 3C D1 3E 
 E7 00 44 00 20 CB 6C EC 6B 4A 70 D0 33 7D 41 BA 
 D1 36 85 C1 AC 7C F0 1D 80 A3 E0 48 AD D5 A9 AE 
 55 9A 5D D7 32 00 20 8B 99 04 19 6F 52 61 C7 C5 
 75 1C 58 62 B4 09 BD 1F 5C A9 AA C4 A5 9F FC B7 
 B6 6C 7E 61 C5 96 F7 01 00 06 00 80 00 43 00 0B 
    IsEnEnabled(0x176 = 'StartAuthSession'): 1
 SWTPM_IO_Write: length 121
 80 02 00 00 00 79 00 00 00 00 03 00 00 01 00 00 
 00 22 00 20 BF 63 96 A8 03 BF 40 70 75 F6 4F C4 
 C8 9E C1 A7 B7 80 BE 63 21 90 8E FC B1 91 63 2D 
 6C 23 10 D3 00 20 7C F9 16 28 EB 49 5C D7 FF 18 
 3E B0 56 18 74 2C F8 FB 85 77 A4 DA 6F B1 08 6B 
 1D 33 D2 80 6B 9B 61 00 20 41 BC E0 03 AA CF B1 
 4B 43 B0 FC F0 BE 58 F2 DA A9 B2 1E 0C DB 53 D3 
 DE 84 5C 43 7D 75 A2 6A 6B 
 SWTPM_IO_Read: length 14
 80 01 00 00 00 0E 00 00 01 62 80 00 00 00 
    IsEnEnabled(0x162 = 'ContextSave'): 1
 SWTPM_IO_Write: length 456
 80 01 00 00 01 C8 00 00 00 00 00 00 00 00 00 00 
 00 73 80 00 00 00 40 00 00 01 01 AC 00 40 60 DC 
 BC C1 EA 3A F4 0D D4 4B E6 3B 9D 25 B0 C1 97 DA 
 ED BE E5 0E 03 BA 25 DA 50 46 E0 ED 86 99 CD EA 
 57 12 3D 11 2D F8 CA 66 FE F1 A6 12 22 E4 D0 DE 
 3C 53 AB D3 C1 0F F6 C4 78 66 3C 7A FB 74 F6 BB 
 D6 B5 05 E7 8B C4 23 98 BD 7B AF 90 BF FF 62 61 
 2C C7 BD 49 BB 96 57 34 B1 81 6B AC E4 04 BF B9 
 49 FA AD 2B F9 9F A8 49 43 3E 35 07 BE EE C9 26 
 B6 F6 71 7D BE 66 27 51 88 1B F0 CD 74 CA CA 10 
 58 8E 47 6B 82 40 53 EC 47 5E 78 2C 14 14 D6 2B 
 9A ED 7A 89 04 60 44 5E A2 69 C4 18 A3 B8 8E AA 
 54 E4 34 EC C8 5F 97 28 F3 6B AD D1 CD BB 0D 0A 
 A2 30 01 ED 65 B5 61 3D 0C 65 8F BB 2B 7C 1F B6 
 EF F7 BD D5 08 22 7B D8 16 84 F7 3E B6 70 12 74 
 05 35 87 9E 63 35 4E 7B 53 4A A7 71 82 40 71 BD 
 A4 A0 4B 7B A3 FC F7 E5 04 4A A7 03 C6 F7 8B 0C 
 39 F9 20 08 86 62 E1 39 53 C2 1F E5 2C 1D 78 7B 
 16 E3 D8 7D C2 3D 9A F3 14 90 81 3F C8 58 8A 6D 
 04 ED A9 C2 DC B1 AB 5B C7 A5 9D 9E 11 76 1C AC 
 B4 64 0D 91 DB EE 62 CF EF 1B 42 B3 06 CC 88 55 
 D1 25 C7 8B 7D 42 13 E6 35 F1 FB 23 13 F2 56 6A 
 3C 64 66 23 81 A9 8D C7 50 E5 DA F7 FF 6D 74 BD 
 3F BF D0 93 D4 EE E0 D3 6E 75 92 EB B7 C2 87 AF 
 1D 57 E3 D2 67 6D 40 17 F6 74 63 0D A4 5F 9C 0B 
 55 CC EC 75 4F 61 13 11 36 FD B2 7E C8 EF 9C 39 
 B7 D0 90 C9 20 05 CE 7C 10 8C 17 70 D3 31 D4 F7 
 91 46 A0 46 88 27 E9 B9 2A EE CE 21 50 78 92 68 
 91 FC 74 2E 12 86 8B FB 
 SWTPM_IO_Read: length 14
 80 01 00 00 00 0E 00 00 01 65 80 00 00 00 
    IsEnEnabled(0x165 = 'FlushContext'): 1
 SWTPM_IO_Write: length 10
 80 01 00 00 00 0A 00 00 00 00 
 SWTPM_IO_Read: length 14
 80 01 00 00 00 0E 00 00 01 62 02 00 00 00 
    IsEnEnabled(0x162 = 'ContextSave'): 1
 SWTPM_IO_Write: length 414
 80 01 00 00 01 9E 00 00 00 00 00 00 00 00 00 00 
 00 4F 02 00 00 00 40 00 00 07 01 82 00 40 21 CA 
 33 5C 8E 8C 82 42 6C 72 87 06 7E 62 60 43 04 E8 
 4F 66 A1 2F 6B EB 20 57 45 D7 9B FD 1A D4 E0 E3 
 91 C9 79 45 D7 96 08 9A 9D 9E B6 F3 28 4B 23 5F 
 3D C0 B7 BF 09 58 8E A6 E0 45 29 D4 23 02 EE 92 
 4B 96 25 21 5A 62 42 C0 2B D5 9A 11 D4 20 81 0C 
 66 4C 2F 0F 91 1D 80 04 A0 E1 4E 00 F6 BF 49 1D 
 46 5B 1A 8A 17 B5 C6 F3 B1 5E BC B9 4F C0 2F 7E 
 F5 15 C5 F6 12 75 3A BE B8 DD F6 36 11 B6 B6 5E 
 03 AA 2E 7C F5 30 C7 9E 58 3A CD 8F A2 7D F2 EC 
 81 12 FA 23 EA 84 31 A3 DE B4 49 57 47 F7 37 EA 
 28 E2 94 71 1B BD E4 F0 E6 56 CB BD 0F 87 4F 0A 
 D7 85 45 CD AA 86 40 7C 91 73 F5 FE 5B 9E 59 43 
 48 D5 DC 8E 9F AB FD AA 2B 2D B0 07 2C DA 96 F7 
 0D AA 4A 7A B4 9D 44 68 CB 80 B6 5E 01 42 F0 1B 
 FE C5 FA C4 70 74 CA 3A C3 B7 38 36 9C BE 9C CC 
 90 78 63 DC 9F DF 57 44 00 37 DC F5 5C FD 82 1D 
 43 08 81 02 66 C3 7C 1E 6F CF 24 3B 4A C3 D8 E3 
 F3 08 C5 14 78 F9 93 C6 B6 2A 6E 17 C3 CC 39 AD 
 4F 78 97 5E AA D7 7B FE 97 4E 76 1D B9 2E A6 37 
 34 0E C1 6B 6C EE EB 60 B1 05 27 0E F1 ED 8E 45 
 FD 0F ED DA 5E D3 63 74 7F E2 D9 88 76 4A 76 D1 
 9C 94 83 57 FE 56 31 0D FA 9C 70 09 30 1C 2B CB 
 6A A9 A2 0D 00 96 9C ED 00 70 D4 B4 5C 8F B9 7E 
 70 2D CC 30 EC A2 65 5A 64 43 1E B2 A1 86 
 SWTPM_IO_Read: length 14
 80 01 00 00 00 0E 00 00 01 62 03 00 00 01 
    IsEnEnabled(0x162 = 'ContextSave'): 1
 SWTPM_IO_Write: length 414
 80 01 00 00 01 9E 00 00 00 00 00 00 00 00 00 00 
 00 50 03 00 00 01 40 00 00 07 01 82 00 40 D4 FE 
 1D 37 23 34 EE 79 E2 B4 52 6E 2C EC F1 8E E6 25 
 D0 13 D1 9F 74 92 2A E1 5B 3B 2E 8A 1D 74 16 D6 
 E7 7A 6C 3E A7 A7 A0 7E 06 7F B7 B1 13 3A 11 EB 
 10 8A 81 6E F5 69 B2 01 B6 04 F1 66 9F A5 4B BD 
 3F DD 69 CE 34 EB 3C 5E B3 08 54 09 1C 92 7F EF 
 0E 8F EC 2D EA 96 DC A2 CA 79 23 16 20 2C E9 49 
 74 04 23 BC 7D 3C 7C C3 E7 0D 4E F2 80 C0 75 D1 
 30 9C D9 BF C7 A0 09 E9 D6 E9 35 34 98 A1 D1 63 
 6B 68 2C 6F 79 A4 4C 04 91 3E F4 92 D9 B2 50 00 
 C7 C3 20 71 AC 94 BE E1 1B 52 0C A0 BC F5 4B DA 
 6D 87 30 C5 32 19 81 DD 95 4A 7A F1 89 80 E8 42 
 21 83 0E F9 06 76 36 35 EA 1A 47 60 BF 46 78 5B 
 CE AA 71 7A 85 4A DB E0 8C 7A 5C 68 AC C1 3B 1F 
 9E F0 42 0A 87 2C 2F AA CD 87 B5 F7 70 AA 7C 26 
 7A DE D9 25 52 0C 2C 00 64 3D 88 AF C7 5C 5B CE 
 0F 5A 2F D0 D3 B0 8A D5 E4 4C E2 76 AD FB F6 13 
 9C 47 88 28 7B F6 2D 24 DD F4 AD 83 6F 1D 82 9F 
 FA 78 D1 99 FB 3A CB 57 C3 70 14 11 A5 BE 65 BE 
 0E FD D7 F5 C5 EA B9 69 63 D6 B3 1F CB 4A 14 19 
 E9 B0 D8 24 BA F7 AA 7F DD FA 18 59 98 64 6B 12 
 18 37 2A 47 A8 98 72 87 AC 5B 46 62 D8 A9 FE DE 
 78 E7 5A 08 0B 31 E0 9A DE BD ED FF 71 94 14 1F 
 71 67 D2 E9 4C 85 CC 01 F2 F2 AD 83 C7 87 A7 0F 
 C6 B1 59 57 D2 74 D8 67 10 7A 30 83 87 5D 
 SWTPM_IO_Read: length 456
 80 01 00 00 01 C8 00 00 01 61 00 00 00 00 00 00 
 00 73 80 00 00 00 40 00 00 01 01 AC 00 40 60 DC 
 BC C1 EA 3A F4 0D D4 4B E6 3B 9D 25 B0 C1 97 DA 
 ED BE E5 0E 03 BA 25 DA 50 46 E0 ED 86 99 CD EA 
 57 12 3D 11 2D F8 CA 66 FE F1 A6 12 22 E4 D0 DE 
 3C 53 AB D3 C1 0F F6 C4 78 66 3C 7A FB 74 F6 BB 
 D6 B5 05 E7 8B C4 23 98 BD 7B AF 90 BF FF 62 61 
 2C C7 BD 49 BB 96 57 34 B1 81 6B AC E4 04 BF B9 
 49 FA AD 2B F9 9F A8 49 43 3E 35 07 BE EE C9 26 
 B6 F6 71 7D BE 66 27 51 88 1B F0 CD 74 CA CA 10 
 58 8E 47 6B 82 40 53 EC 47 5E 78 2C 14 14 D6 2B 
 9A ED 7A 89 04 60 44 5E A2 69 C4 18 A3 B8 8E AA 
 54 E4 34 EC C8 5F 97 28 F3 6B AD D1 CD BB 0D 0A 
 A2 30 01 ED 65 B5 61 3D 0C 65 8F BB 2B 7C 1F B6 
 EF F7 BD D5 08 22 7B D8 16 84 F7 3E B6 70 12 74 
 05 35 87 9E 63 35 4E 7B 53 4A A7 71 82 40 71 BD 
 A4 A0 4B 7B A3 FC F7 E5 04 4A A7 03 C6 F7 8B 0C 
 39 F9 20 08 86 62 E1 39 53 C2 1F E5 2C 1D 78 7B 
 16 E3 D8 7D C2 3D 9A F3 14 90 81 3F C8 58 8A 6D 
 04 ED A9 C2 DC B1 AB 5B C7 A5 9D 9E 11 76 1C AC 
 B4 64 0D 91 DB EE 62 CF EF 1B 42 B3 06 CC 88 55 
 D1 25 C7 8B 7D 42 13 E6 35 F1 FB 23 13 F2 56 6A 
 3C 64 66 23 81 A9 8D C7 50 E5 DA F7 FF 6D 74 BD 
 3F BF D0 93 D4 EE E0 D3 6E 75 92 EB B7 C2 87 AF 
 1D 57 E3 D2 67 6D 40 17 F6 74 63 0D A4 5F 9C 0B 
 55 CC EC 75 4F 61 13 11 36 FD B2 7E C8 EF 9C 39 
 B7 D0 90 C9 20 05 CE 7C 10 8C 17 70 D3 31 D4 F7 
 91 46 A0 46 88 27 E9 B9 2A EE CE 21 50 78 92 68 
 91 FC 74 2E 12 86 8B FB 
    IsEnEnabled(0x161 = 'ContextLoad'): 1
 SWTPM_IO_Write: length 14
 80 01 00 00 00 0E 00 00 00 00 80 00 00 00 
 SWTPM_IO_Read: length 414
 80 01 00 00 01 9E 00 00 01 61 00 00 00 00 00 00 
 00 4F 02 00 00 00 40 00 00 07 01 82 00 40 21 CA 
 33 5C 8E 8C 82 42 6C 72 87 06 7E 62 60 43 04 E8 
 4F 66 A1 2F 6B EB 20 57 45 D7 9B FD 1A D4 E0 E3 
 91 C9 79 45 D7 96 08 9A 9D 9E B6 F3 28 4B 23 5F 
 3D C0 B7 BF 09 58 8E A6 E0 45 29 D4 23 02 EE 92 
 4B 96 25 21 5A 62 42 C0 2B D5 9A 11 D4 20 81 0C 
 66 4C 2F 0F 91 1D 80 04 A0 E1 4E 00 F6 BF 49 1D 
 46 5B 1A 8A 17 B5 C6 F3 B1 5E BC B9 4F C0 2F 7E 
 F5 15 C5 F6 12 75 3A BE B8 DD F6 36 11 B6 B6 5E 
 03 AA 2E 7C F5 30 C7 9E 58 3A CD 8F A2 7D F2 EC 
 81 12 FA 23 EA 84 31 A3 DE B4 49 57 47 F7 37 EA 
 28 E2 94 71 1B BD E4 F0 E6 56 CB BD 0F 87 4F 0A 
 D7 85 45 CD AA 86 40 7C 91 73 F5 FE 5B 9E 59 43 
 48 D5 DC 8E 9F AB FD AA 2B 2D B0 07 2C DA 96 F7 
 0D AA 4A 7A B4 9D 44 68 CB 80 B6 5E 01 42 F0 1B 
 FE C5 FA C4 70 74 CA 3A C3 B7 38 36 9C BE 9C CC 
 90 78 63 DC 9F DF 57 44 00 37 DC F5 5C FD 82 1D 
 43 08 81 02 66 C3 7C 1E 6F CF 24 3B 4A C3 D8 E3 
 F3 08 C5 14 78 F9 93 C6 B6 2A 6E 17 C3 CC 39 AD 
 4F 78 97 5E AA D7 7B FE 97 4E 76 1D B9 2E A6 37 
 34 0E C1 6B 6C EE EB 60 B1 05 27 0E F1 ED 8E 45 
 FD 0F ED DA 5E D3 63 74 7F E2 D9 88 76 4A 76 D1 
 9C 94 83 57 FE 56 31 0D FA 9C 70 09 30 1C 2B CB 
 6A A9 A2 0D 00 96 9C ED 00 70 D4 B4 5C 8F B9 7E 
 70 2D CC 30 EC A2 65 5A 64 43 1E B2 A1 86 
    IsEnEnabled(0x161 = 'ContextLoad'): 1
 SWTPM_IO_Write: length 14
 80 01 00 00 00 0E 00 00 00 00 02 00 00 00 
 SWTPM_IO_Read: length 414
 80 01 00 00 01 9E 00 00 01 61 00 00 00 00 00 00 
 00 50 03 00 00 01 40 00 00 07 01 82 00 40 D4 FE 
 1D 37 23 34 EE 79 E2 B4 52 6E 2C EC F1 8E E6 25 
 D0 13 D1 9F 74 92 2A E1 5B 3B 2E 8A 1D 74 16 D6 
 E7 7A 6C 3E A7 A7 A0 7E 06 7F B7 B1 13 3A 11 EB 
 10 8A 81 6E F5 69 B2 01 B6 04 F1 66 9F A5 4B BD 
 3F DD 69 CE 34 EB 3C 5E B3 08 54 09 1C 92 7F EF 
 0E 8F EC 2D EA 96 DC A2 CA 79 23 16 20 2C E9 49 
 74 04 23 BC 7D 3C 7C C3 E7 0D 4E F2 80 C0 75 D1 
 30 9C D9 BF C7 A0 09 E9 D6 E9 35 34 98 A1 D1 63 
 6B 68 2C 6F 79 A4 4C 04 91 3E F4 92 D9 B2 50 00 
 C7 C3 20 71 AC 94 BE E1 1B 52 0C A0 BC F5 4B DA 
 6D 87 30 C5 32 19 81 DD 95 4A 7A F1 89 80 E8 42 
 21 83 0E F9 06 76 36 35 EA 1A 47 60 BF 46 78 5B 
 CE AA 71 7A 85 4A DB E0 8C 7A 5C 68 AC C1 3B 1F 
 9E F0 42 0A 87 2C 2F AA CD 87 B5 F7 70 AA 7C 26 
 7A DE D9 25 52 0C 2C 00 64 3D 88 AF C7 5C 5B CE 
 0F 5A 2F D0 D3 B0 8A D5 E4 4C E2 76 AD FB F6 13 
 9C 47 88 28 7B F6 2D 24 DD F4 AD 83 6F 1D 82 9F 
 FA 78 D1 99 FB 3A CB 57 C3 70 14 11 A5 BE 65 BE 
 0E FD D7 F5 C5 EA B9 69 63 D6 B3 1F CB 4A 14 19 
 E9 B0 D8 24 BA F7 AA 7F DD FA 18 59 98 64 6B 12 
 18 37 2A 47 A8 98 72 87 AC 5B 46 62 D8 A9 FE DE 
 78 E7 5A 08 0B 31 E0 9A DE BD ED FF 71 94 14 1F 
 71 67 D2 E9 4C 85 CC 01 F2 F2 AD 83 C7 87 A7 0F 
 C6 B1 59 57 D2 74 D8 67 10 7A 30 83 87 5D 
    IsEnEnabled(0x161 = 'ContextLoad'): 1
 SWTPM_IO_Write: length 14
 80 01 00 00 00 0E 00 00 00 00 03 00 00 01 
 SWTPM_IO_Read: length 20
 80 01 00 00 00 14 00 00 01 7E 00 00 00 01 00 0B 
 03 80 00 00 
    IsEnEnabled(0x17e = 'PCR_Read'): 1
 SWTPM_IO_Write: length 62
 80 01 00 00 00 3E 00 00 00 00 00 00 00 98 00 00 
 00 01 00 0B 03 80 00 00 00 00 00 01 00 20 12 7C 
 18 EB A2 30 0E 30 76 7F AF E7 1F 4E 59 75 77 6F 
 66 5D 22 C7 CA 90 17 C7 C2 48 46 B9 6F A1 
 SWTPM_IO_Read: length 14
 80 01 00 00 00 0E 00 00 01 62 80 00 00 00 
    IsEnEnabled(0x162 = 'ContextSave'): 1
 SWTPM_IO_Write: length 456
 80 01 00 00 01 C8 00 00 00 00 00 00 00 00 00 00 
 00 74 80 00 00 00 40 00 00 01 01 AC 00 40 EA 1A 
 99 20 7D 69 12 EB 0A FA 2C 30 21 F9 93 25 E2 EF 
 60 BD 40 6A 3B 64 3F 3F 2E 9A B2 8D D9 50 14 81 
 D4 20 2C ED 62 E9 59 BC 5A 00 69 AB 79 1E 0B 2D 
 65 44 61 3D 2D 68 D9 9F 1C 75 96 64 41 CD 3C 07 
 A2 8C 8A 3F D6 1E F8 4B AC FB A3 3A EF 4A 8A 13 
 9F 60 30 08 DC 57 FC 87 5C 4A BC 7E 46 7B 2C 93 
 10 D3 18 15 EC 74 A1 1A 15 71 3B 98 2B BE C5 2D 
 79 30 02 7E BD 74 40 E0 C5 3C B6 E1 DC F7 34 17 
 48 5D EE C0 EC 37 C8 C6 2A 01 A2 6C 88 33 1B 6F 
 EC F6 B6 7D 73 3D AF C9 4D 6E D4 CD 2B BE 83 01 
 75 6F 69 0E 2A 76 BB F7 DE F2 C1 16 F6 9A 49 F7 
 11 E5 62 79 F7 99 64 F1 15 2E 3B A6 F7 8E 71 5C 
 4D F6 01 F4 45 3C AF 0E 3A 90 7B A8 66 43 3C 29 
 70 A2 AC B7 22 3C 4D CC 68 4D 35 E4 27 5C 0B 07 
 25 76 05 1E CE 8B 7A 57 9A 47 DF 4B 19 97 23 BB 
 1A 5B 6D CB A0 88 F9 86 7C 7A EA 18 B1 23 6E E4 
 2B 60 54 55 5B E0 DE 11 B9 3F 0D 93 A9 7A 15 C2 
 E2 CC 37 E4 64 A0 6F 9F BA CD 3B 65 99 6F 27 47 
 C6 DE E3 56 09 C9 B0 D9 86 57 79 8D 9A 63 04 D8 
 B5 11 3C F9 94 82 36 79 3D 7F 8F 30 9C F8 AC 17 
 96 12 C7 58 F1 AD 50 21 19 95 99 A0 89 BC C6 85 
 4F A5 B9 C5 4B 0A A2 93 B7 4C A8 5A 84 77 AC 5A 
 49 DB A3 7E D1 45 67 EF 05 D9 42 84 84 2B F7 1B 
 8B E5 B5 41 32 3A E8 EA D4 48 5D F8 74 96 B4 9E 
 BF A1 D7 C2 1F 8A D1 0A D5 01 51 4C 8F C2 00 C5 
 01 F8 EC 75 76 7A 64 13 8D 69 19 6C FB CF 9F 2A 
 EC CD F0 D9 EB E3 4E FC 
 SWTPM_IO_Read: length 14
 80 01 00 00 00 0E 00 00 01 65 80 00 00 00 
    IsEnEnabled(0x165 = 'FlushContext'): 1
 SWTPM_IO_Write: length 10
 80 01 00 00 00 0A 00 00 00 00 
 SWTPM_IO_Read: length 14
 80 01 00 00 00 0E 00 00 01 62 02 00 00 00 
    IsEnEnabled(0x162 = 'ContextSave'): 1
 SWTPM_IO_Write: length 414
 80 01 00 00 01 9E 00 00 00 00 00 00 00 00 00 00 
 00 51 02 00 00 00 40 00 00 07 01 82 00 40 C1 7E 
 8C 3F FC 4A 51 24 9B 8E 71 CA 59 01 7F 5F 4C 08 
 B7 ED 3F 05 F6 0A 1E 8E 67 C9 AC 14 D5 83 90 D3 
 9B CC A6 97 FE 35 6C C2 B8 6B A8 69 0D 92 48 56 
 ED 57 A1 08 BA 34 BB 17 A9 EA 6E 6A 05 F5 D2 10 
 99 8C 5F 01 2A 89 94 E1 52 E9 42 59 26 5C CD 93 
 5A 1A CC B9 81 58 55 70 65 EE E6 50 04 82 62 C1 
 00 89 C0 C6 29 13 70 92 A6 C2 8C 33 20 17 DC E0 
 F6 8C 38 13 A6 7C A1 7A A5 40 47 82 3F 9A BB 14 
 8A F4 00 9E A6 FE 0C 79 7C D3 D6 C0 43 F9 6C 77 
 71 49 7D 78 B1 02 8E CC 8B A7 5B 01 D2 67 85 01 
 63 CC D2 1D 4D 22 F9 F6 9C 05 AB B2 EF 04 AD FA 
 CB 3B D6 62 E0 1C 59 78 51 C7 41 CA 1A 4B 37 15 
 33 5F 17 F0 81 9A 48 30 72 98 F0 38 28 4F 90 9B 
 D4 61 59 D2 35 47 40 FE A9 AF B0 7D 82 A9 66 79 
 60 D8 11 13 B4 EC 59 E5 1E D7 E4 E3 77 3D 15 68 
 B3 F5 16 F6 EC 07 A8 D1 B5 74 99 AF 82 1D 41 8F 
 02 C9 46 6C 01 FF 81 D1 D6 40 F0 BC A8 C3 53 5F 
 39 19 C4 47 22 C9 ED 63 7C 07 48 68 BE 72 A0 50 
 6E 5E 9C 71 4E 69 53 5C BB B8 B9 39 63 D1 C6 EE 
 C4 B4 9B A7 9E 1A F6 26 01 35 08 C3 B3 B0 FE C4 
 FE 67 92 EC 53 75 3E EE C3 CC 62 F1 07 70 37 91 
 E7 16 B6 81 B2 89 D6 44 D5 5B 18 9A 70 89 4E D2 
 70 F0 61 4E 87 0C B6 51 17 08 9D 6F BB 41 F8 8C 
 FF 20 FA 89 3A 40 70 6C 3A F5 B2 77 95 EF 
 SWTPM_IO_Read: length 14
 80 01 00 00 00 0E 00 00 01 62 03 00 00 01 
    IsEnEnabled(0x162 = 'ContextSave'): 1
 SWTPM_IO_Write: length 414
 80 01 00 00 01 9E 00 00 00 00 00 00 00 00 00 00 
 00 52 03 00 00 01 40 00 00 07 01 82 00 40 28 B8 
 5C 5A 92 5F 1E 5F 57 32 1B 75 18 97 2E F4 D0 69 
 74 73 16 80 E0 A1 A8 22 D3 C6 43 30 5A 5B 6B EF 
 AE A8 9F D8 45 2A 34 EE E7 52 92 90 8B A4 C5 86 
 C7 AD 0D F0 44 0B 33 24 21 DF 64 BF A7 C6 BE FB 
 5F 55 1E 4A 80 25 81 6B E2 D5 72 99 DB 67 EA 78 
 02 62 63 D1 81 0F 10 57 1A A2 21 6F 58 A9 92 C5 
 74 72 D6 5B BE 68 1F B5 AD 36 67 1C 3A 0A 74 8A 
 0C 87 EC E0 A9 F2 7F D7 2D 0C 7E CD 95 93 37 D0 
 64 E2 52 A1 8F 5D 55 89 11 E4 F7 8E 5A 16 6C B2 
 79 E9 03 FE D5 BF DF BC C3 DE E1 CF EB A0 7D 78 
 99 AB 6F F3 91 E0 63 B6 7E 4F AF 2A 5A 10 60 16 
 D3 FA C8 D9 CC DA E1 05 21 13 B5 B5 F0 27 AE 8E 
 3C AC AF 05 A0 FA 3D 01 F5 3C C8 98 3A 7F 1F 8D 
 1F 0D F0 B9 9F BA 65 3E 3F F3 EA 47 76 85 5C F9 
 B3 F8 AD 2E 91 3F 14 48 C9 4E 0B 20 2D 46 93 C2 
 A8 42 1D 50 71 F1 00 11 8B 4C 4B 13 78 EB EA AB 
 83 D0 29 F3 68 0D AB 1A 2F 14 F1 7F AF A9 80 57 
 C9 72 3C DD 08 18 4B FC 10 FA 0E 71 78 A4 75 F6 
 97 03 EE 9A 28 C0 E4 F0 8B D7 26 8C F6 82 8E 5C 
 A7 DA 6E CF 6E 6D 3A D7 A0 FD 44 41 A1 34 49 BE 
 A6 41 DF B2 15 A4 EF C4 BD A2 DF 03 D9 24 B2 FC 
 55 7C EE 2B 73 0B DF 38 33 5A 07 33 83 3E EB 6C 
 94 16 03 2B 24 E8 DA 6E 92 6E 1C 5A 19 54 9A 43 
 1A 53 2F AF A8 50 36 12 80 D5 DF 8A 5E BD 
 SWTPM_IO_Read: length 456
 80 01 00 00 01 C8 00 00 01 61 00 00 00 00 00 00 
 00 74 80 00 00 00 40 00 00 01 01 AC 00 40 EA 1A 
 99 20 7D 69 12 EB 0A FA 2C 30 21 F9 93 25 E2 EF 
 60 BD 40 6A 3B 64 3F 3F 2E 9A B2 8D D9 50 14 81 
 D4 20 2C ED 62 E9 59 BC 5A 00 69 AB 79 1E 0B 2D 
 65 44 61 3D 2D 68 D9 9F 1C 75 96 64 41 CD 3C 07 
 A2 8C 8A 3F D6 1E F8 4B AC FB A3 3A EF 4A 8A 13 
 9F 60 30 08 DC 57 FC 87 5C 4A BC 7E 46 7B 2C 93 
 10 D3 18 15 EC 74 A1 1A 15 71 3B 98 2B BE C5 2D 
 79 30 02 7E BD 74 40 E0 C5 3C B6 E1 DC F7 34 17 
 48 5D EE C0 EC 37 C8 C6 2A 01 A2 6C 88 33 1B 6F 
 EC F6 B6 7D 73 3D AF C9 4D 6E D4 CD 2B BE 83 01 
 75 6F 69 0E 2A 76 BB F7 DE F2 C1 16 F6 9A 49 F7 
 11 E5 62 79 F7 99 64 F1 15 2E 3B A6 F7 8E 71 5C 
 4D F6 01 F4 45 3C AF 0E 3A 90 7B A8 66 43 3C 29 
 70 A2 AC B7 22 3C 4D CC 68 4D 35 E4 27 5C 0B 07 
 25 76 05 1E CE 8B 7A 57 9A 47 DF 4B 19 97 23 BB 
 1A 5B 6D CB A0 88 F9 86 7C 7A EA 18 B1 23 6E E4 
 2B 60 54 55 5B E0 DE 11 B9 3F 0D 93 A9 7A 15 C2 
 E2 CC 37 E4 64 A0 6F 9F BA CD 3B 65 99 6F 27 47 
 C6 DE E3 56 09 C9 B0 D9 86 57 79 8D 9A 63 04 D8 
 B5 11 3C F9 94 82 36 79 3D 7F 8F 30 9C F8 AC 17 
 96 12 C7 58 F1 AD 50 21 19 95 99 A0 89 BC C6 85 
 4F A5 B9 C5 4B 0A A2 93 B7 4C A8 5A 84 77 AC 5A 
 49 DB A3 7E D1 45 67 EF 05 D9 42 84 84 2B F7 1B 
 8B E5 B5 41 32 3A E8 EA D4 48 5D F8 74 96 B4 9E 
 BF A1 D7 C2 1F 8A D1 0A D5 01 51 4C 8F C2 00 C5 
 01 F8 EC 75 76 7A 64 13 8D 69 19 6C FB CF 9F 2A 
 EC CD F0 D9 EB E3 4E FC 
    IsEnEnabled(0x161 = 'ContextLoad'): 1
 SWTPM_IO_Write: length 14
 80 01 00 00 00 0E 00 00 00 00 80 00 00 00 
 SWTPM_IO_Read: length 414
 80 01 00 00 01 9E 00 00 01 61 00 00 00 00 00 00 
 00 51 02 00 00 00 40 00 00 07 01 82 00 40 C1 7E 
 8C 3F FC 4A 51 24 9B 8E 71 CA 59 01 7F 5F 4C 08 
 B7 ED 3F 05 F6 0A 1E 8E 67 C9 AC 14 D5 83 90 D3 
 9B CC A6 97 FE 35 6C C2 B8 6B A8 69 0D 92 48 56 
 ED 57 A1 08 BA 34 BB 17 A9 EA 6E 6A 05 F5 D2 10 
 99 8C 5F 01 2A 89 94 E1 52 E9 42 59 26 5C CD 93 
 5A 1A CC B9 81 58 55 70 65 EE E6 50 04 82 62 C1 
 00 89 C0 C6 29 13 70 92 A6 C2 8C 33 20 17 DC E0 
 F6 8C 38 13 A6 7C A1 7A A5 40 47 82 3F 9A BB 14 
 8A F4 00 9E A6 FE 0C 79 7C D3 D6 C0 43 F9 6C 77 
 71 49 7D 78 B1 02 8E CC 8B A7 5B 01 D2 67 85 01 
 63 CC D2 1D 4D 22 F9 F6 9C 05 AB B2 EF 04 AD FA 
 CB 3B D6 62 E0 1C 59 78 51 C7 41 CA 1A 4B 37 15 
 33 5F 17 F0 81 9A 48 30 72 98 F0 38 28 4F 90 9B 
 D4 61 59 D2 35 47 40 FE A9 AF B0 7D 82 A9 66 79 
 60 D8 11 13 B4 EC 59 E5 1E D7 E4 E3 77 3D 15 68 
 B3 F5 16 F6 EC 07 A8 D1 B5 74 99 AF 82 1D 41 8F 
 02 C9 46 6C 01 FF 81 D1 D6 40 F0 BC A8 C3 53 5F 
 39 19 C4 47 22 C9 ED 63 7C 07 48 68 BE 72 A0 50 
 6E 5E 9C 71 4E 69 53 5C BB B8 B9 39 63 D1 C6 EE 
 C4 B4 9B A7 9E 1A F6 26 01 35 08 C3 B3 B0 FE C4 
 FE 67 92 EC 53 75 3E EE C3 CC 62 F1 07 70 37 91 
 E7 16 B6 81 B2 89 D6 44 D5 5B 18 9A 70 89 4E D2 
 70 F0 61 4E 87 0C B6 51 17 08 9D 6F BB 41 F8 8C 
 FF 20 FA 89 3A 40 70 6C 3A F5 B2 77 95 EF 
    IsEnEnabled(0x161 = 'ContextLoad'): 1
 SWTPM_IO_Write: length 14
 80 01 00 00 00 0E 00 00 00 00 02 00 00 00 
 SWTPM_IO_Read: length 414
 80 01 00 00 01 9E 00 00 01 61 00 00 00 00 00 00 
 00 52 03 00 00 01 40 00 00 07 01 82 00 40 28 B8 
 5C 5A 92 5F 1E 5F 57 32 1B 75 18 97 2E F4 D0 69 
 74 73 16 80 E0 A1 A8 22 D3 C6 43 30 5A 5B 6B EF 
 AE A8 9F D8 45 2A 34 EE E7 52 92 90 8B A4 C5 86 
 C7 AD 0D F0 44 0B 33 24 21 DF 64 BF A7 C6 BE FB 
 5F 55 1E 4A 80 25 81 6B E2 D5 72 99 DB 67 EA 78 
 02 62 63 D1 81 0F 10 57 1A A2 21 6F 58 A9 92 C5 
 74 72 D6 5B BE 68 1F B5 AD 36 67 1C 3A 0A 74 8A 
 0C 87 EC E0 A9 F2 7F D7 2D 0C 7E CD 95 93 37 D0 
 64 E2 52 A1 8F 5D 55 89 11 E4 F7 8E 5A 16 6C B2 
 79 E9 03 FE D5 BF DF BC C3 DE E1 CF EB A0 7D 78 
 99 AB 6F F3 91 E0 63 B6 7E 4F AF 2A 5A 10 60 16 
 D3 FA C8 D9 CC DA E1 05 21 13 B5 B5 F0 27 AE 8E 
 3C AC AF 05 A0 FA 3D 01 F5 3C C8 98 3A 7F 1F 8D 
 1F 0D F0 B9 9F BA 65 3E 3F F3 EA 47 76 85 5C F9 
 B3 F8 AD 2E 91 3F 14 48 C9 4E 0B 20 2D 46 93 C2 
 A8 42 1D 50 71 F1 00 11 8B 4C 4B 13 78 EB EA AB 
 83 D0 29 F3 68 0D AB 1A 2F 14 F1 7F AF A9 80 57 
 C9 72 3C DD 08 18 4B FC 10 FA 0E 71 78 A4 75 F6 
 97 03 EE 9A 28 C0 E4 F0 8B D7 26 8C F6 82 8E 5C 
 A7 DA 6E CF 6E 6D 3A D7 A0 FD 44 41 A1 34 49 BE 
 A6 41 DF B2 15 A4 EF C4 BD A2 DF 03 D9 24 B2 FC 
 55 7C EE 2B 73 0B DF 38 33 5A 07 33 83 3E EB 6C 
 94 16 03 2B 24 E8 DA 6E 92 6E 1C 5A 19 54 9A 43 
 1A 53 2F AF A8 50 36 12 80 D5 DF 8A 5E BD 
    IsEnEnabled(0x161 = 'ContextLoad'): 1
 SWTPM_IO_Write: length 14
 80 01 00 00 00 0E 00 00 00 00 03 00 00 01 
 SWTPM_IO_Read: length 26
 80 01 00 00 00 1A 00 00 01 7F 03 00 00 01 00 00 
 00 00 00 01 00 0B 03 80 00 00 
    IsEnEnabled(0x17f = 'PolicyPCR'): 1
 SWTPM_IO_Write: length 10
 80 01 00 00 00 0A 00 00 00 00 
 SWTPM_IO_Read: length 14
 80 01 00 00 00 0E 00 00 01 62 80 00 00 00 
    IsEnEnabled(0x162 = 'ContextSave'): 1
 SWTPM_IO_Write: length 456
 80 01 00 00 01 C8 00 00 00 00 00 00 00 00 00 00 
 00 75 80 00 00 00 40 00 00 01 01 AC 00 40 5E 56 
 61 A4 24 05 FD 5D 4A 4B 25 D5 44 DA 80 F2 8C 6A 
 DB 0F 72 8C 1A 86 C1 DB 00 EA D5 8C CD B5 90 AE 
 76 73 91 56 54 6B 33 13 08 47 49 AB F9 CB B8 F6 
 2C 32 2A F6 84 52 43 12 EA CD BD D9 E1 CA 02 27 
 C9 44 10 DD 35 83 AA 32 48 05 E7 B0 85 A6 48 14 
 5A 5F 2F 13 B9 84 D0 7E A2 1E 63 20 1F E9 55 BE 
 A2 C6 82 58 C6 C7 97 BA 33 91 00 12 17 94 50 72 
 81 61 14 E5 F8 30 56 EF 34 DB C4 BD 68 BD D0 65 
 31 DD 82 74 31 C9 DC B5 BE D2 53 06 7B EA 84 D5 
 15 7D AD 72 E1 AE 86 13 30 19 C9 FF 7D 53 40 F4 
 D4 57 22 E6 23 E9 C1 E4 D8 51 EF B2 A1 8D E9 4E 
 26 5F 36 C4 B0 23 DC A1 2B FF D4 9B A3 53 E1 B8 
 5B 50 1D 3F A9 04 64 F4 8F D2 CA A7 C8 D1 A7 16 
 70 15 33 DD 59 09 4D E5 D7 8F 18 BF BD 91 D7 A8 
 36 96 75 E2 B4 D5 18 33 5E 51 95 7A 84 72 0A E3 
 85 49 D3 BF 01 B3 9D D3 76 B1 EB 99 4A B8 D1 E6 
 C8 AF 87 B0 62 4F 0A B1 39 70 B7 A6 72 00 DB E0 
 E0 61 AD 92 46 BB E3 82 89 13 B1 89 9A 32 3D 42 
 0B AF 58 72 0A 9F 4E 75 05 47 B6 80 7E 58 4E A1 
 80 F0 93 9E D2 D8 81 C3 4C 07 4F 36 48 52 6F AF 
 8B 1A 07 61 9B BF 7B CB E3 A5 F3 18 E8 1E C2 EA 
 6A 47 B5 83 F2 B4 CF 3C F8 18 1A A0 AD 11 39 66 
 A4 E9 8C 25 61 65 07 0B F8 4B 14 D9 D8 57 7B 34 
 1B 9B 80 9A 6F 99 9E 62 D7 AA A8 8C BC 03 30 27 
 7D 11 04 91 67 E8 76 BC E1 2E DF 38 20 27 7E 55 
 6D CD 34 EF 7F F5 81 AF 8B D4 AF FD F6 5F 83 E9 
 79 F3 C3 A8 A8 79 D8 08 
 SWTPM_IO_Read: length 14
 80 01 00 00 00 0E 00 00 01 65 80 00 00 00 
    IsEnEnabled(0x165 = 'FlushContext'): 1
 SWTPM_IO_Write: length 10
 80 01 00 00 00 0A 00 00 00 00 
 SWTPM_IO_Read: length 14
 80 01 00 00 00 0E 00 00 01 62 02 00 00 00 
    IsEnEnabled(0x162 = 'ContextSave'): 1
 SWTPM_IO_Write: length 414
 80 01 00 00 01 9E 00 00 00 00 00 00 00 00 00 00 
 00 53 02 00 00 00 40 00 00 07 01 82 00 40 F4 F6 
 B2 08 C7 08 EF 77 B0 60 A4 0D 47 CB F2 37 84 7D 
 4E 05 34 38 B8 A0 30 92 5D 8E 5C 65 29 97 60 CB 
 E2 4B 0D AB CA BA 08 D2 9F 8B 5F 0E FE F8 26 B6 
 28 E8 91 0F 20 61 54 A8 20 12 33 41 5E CB AB F4 
 19 B1 64 1D 43 06 A8 D6 A9 E7 83 9C D7 53 33 FE 
 E9 94 68 E0 31 80 60 66 DD B2 F3 7E 59 0E EB E1 
 87 CA 28 3D FB F5 3C B9 A5 72 28 A4 A9 50 FB 86 
 67 45 1E 81 88 C7 5F A1 FE FA 33 53 BB 5D 16 04 
 E3 74 51 A7 36 BA D8 E6 EC 42 7F F8 1D 12 1B 79 
 3B E4 5B EE 28 3D B8 FE 07 D9 B9 C2 0C 30 90 1E 
 83 95 1D 43 31 03 7A 6E 46 C9 76 DB 11 3A 90 7B 
 07 63 B8 69 E1 B5 B2 E9 80 ED 3B 37 EE 59 92 0D 
 DE B8 A3 AC B0 C5 03 89 CB 51 8D E3 5C E1 AB 8B 
 F1 01 A8 6A FE C1 7B 70 89 F4 09 34 E5 07 AF 57 
 7C 9A 50 B0 59 93 20 5C 95 8A 24 F7 0A 12 F8 78 
 31 7C 3D 4A 1F 1A F4 F2 61 59 5D E4 DD 8F 69 D2 
 D4 69 BD A5 AB 3D 54 CF B0 76 F8 83 37 58 89 74 
 BC 00 98 F2 EF 8A 1D 06 DD 39 09 11 ED C7 8E 00 
 A0 58 95 A2 92 1A 73 E2 0D F4 30 63 5F 03 B9 49 
 8F F1 20 96 6C 82 DB 35 8E 23 1E 7D F1 4A 4E F1 
 A7 05 83 6A 9D 1A 19 75 CA FF 7D 49 EC D7 B9 01 
 63 0B 91 EB D6 8D 50 A9 1B D0 C4 6C 9B D2 CD BD 
 6E 80 C0 CC E2 28 B4 06 21 B5 36 69 F6 95 88 46 
 3D 6A 69 6E 92 5E 9F AB 0A 28 B9 7F 83 A2 
 SWTPM_IO_Read: length 14
 80 01 00 00 00 0E 00 00 01 62 03 00 00 01 
    IsEnEnabled(0x162 = 'ContextSave'): 1
 SWTPM_IO_Write: length 414
 80 01 00 00 01 9E 00 00 00 00 00 00 00 00 00 00 
 00 54 03 00 00 01 40 00 00 07 01 82 00 40 02 6E 
 02 70 9B F2 08 47 20 97 DC 47 01 A1 B6 EA 74 BB 
 9C B5 5B 66 90 3F 66 08 58 6E 89 82 6B FA 03 72 
 5C 5B EC AE 22 8D 80 96 55 46 55 0D A5 5E 48 00 
 12 64 B8 4F 36 EC 3B A1 20 10 34 DF AD 52 85 7E 
 23 D0 96 A0 B0 1A 2F E1 E8 DF 03 40 03 2B 40 2B 
 D7 C7 52 1E 42 49 E6 F4 0D 50 20 4A B0 BB 22 0D 
 16 30 97 67 7D 19 57 B1 64 4A AD 4E F1 0F E6 CD 
 B2 EA 57 20 D1 3F 08 34 6B 0C 86 F2 7D F0 CA CA 
 23 3F 73 4E 0F 5D 20 B4 43 E0 90 DD B8 87 B9 10 
 94 39 89 68 76 67 D3 A8 E0 57 81 47 D7 2C 27 E8 
 25 09 45 57 EC 84 75 39 26 2C CC A3 FE EC 53 79 
 AF 23 49 FD 4E CC 80 BE 24 54 1E B8 53 17 96 45 
 97 17 DF 7A AA 34 03 8D D5 BE 95 D8 BE 38 48 A8 
 AD FE BA 46 81 D0 A9 22 2A FA 1A FD 8B 75 94 08 
 EF 1F 8B 4B 19 70 4C 9E 32 A0 52 33 08 09 B8 56 
 CE 55 36 A7 F6 0A E6 0E 57 B4 84 FE 26 55 D1 BD 
 98 2F 3D 85 48 31 1E E0 82 B5 8B 7A 09 40 E0 BC 
 7B 73 FE 27 05 6E 66 6B 5F 00 D3 E8 5F 1A A4 E3 
 B9 F9 DB BD E2 F5 7B C2 8D 75 2C 8B B5 43 64 C0 
 DC 50 56 AA 8A E4 F4 0D BC 9F 2D 07 DA 36 90 D1 
 86 DA D6 B7 E3 AA 2F DB 9C E9 49 FC 7B 9A 08 01 
 38 67 C9 AE 77 C8 4D 87 58 84 18 7F 56 80 66 71 
 7F 99 2F 82 AC 6D 85 75 3F FB 2C 74 66 44 07 1F 
 FA D3 B4 C2 FB BB FA 1E 31 9B 43 2A B6 A3 
 SWTPM_IO_Read: length 456
 80 01 00 00 01 C8 00 00 01 61 00 00 00 00 00 00 
 00 75 80 00 00 00 40 00 00 01 01 AC 00 40 5E 56 
 61 A4 24 05 FD 5D 4A 4B 25 D5 44 DA 80 F2 8C 6A 
 DB 0F 72 8C 1A 86 C1 DB 00 EA D5 8C CD B5 90 AE 
 76 73 91 56 54 6B 33 13 08 47 49 AB F9 CB B8 F6 
 2C 32 2A F6 84 52 43 12 EA CD BD D9 E1 CA 02 27 
 C9 44 10 DD 35 83 AA 32 48 05 E7 B0 85 A6 48 14 
 5A 5F 2F 13 B9 84 D0 7E A2 1E 63 20 1F E9 55 BE 
 A2 C6 82 58 C6 C7 97 BA 33 91 00 12 17 94 50 72 
 81 61 14 E5 F8 30 56 EF 34 DB C4 BD 68 BD D0 65 
 31 DD 82 74 31 C9 DC B5 BE D2 53 06 7B EA 84 D5 
 15 7D AD 72 E1 AE 86 13 30 19 C9 FF 7D 53 40 F4 
 D4 57 22 E6 23 E9 C1 E4 D8 51 EF B2 A1 8D E9 4E 
 26 5F 36 C4 B0 23 DC A1 2B FF D4 9B A3 53 E1 B8 
 5B 50 1D 3F A9 04 64 F4 8F D2 CA A7 C8 D1 A7 16 
 70 15 33 DD 59 09 4D E5 D7 8F 18 BF BD 91 D7 A8 
 36 96 75 E2 B4 D5 18 33 5E 51 95 7A 84 72 0A E3 
 85 49 D3 BF 01 B3 9D D3 76 B1 EB 99 4A B8 D1 E6 
 C8 AF 87 B0 62 4F 0A B1 39 70 B7 A6 72 00 DB E0 
 E0 61 AD 92 46 BB E3 82 89 13 B1 89 9A 32 3D 42 
 0B AF 58 72 0A 9F 4E 75 05 47 B6 80 7E 58 4E A1 
 80 F0 93 9E D2 D8 81 C3 4C 07 4F 36 48 52 6F AF 
 8B 1A 07 61 9B BF 7B CB E3 A5 F3 18 E8 1E C2 EA 
 6A 47 B5 83 F2 B4 CF 3C F8 18 1A A0 AD 11 39 66 
 A4 E9 8C 25 61 65 07 0B F8 4B 14 D9 D8 57 7B 34 
 1B 9B 80 9A 6F 99 9E 62 D7 AA A8 8C BC 03 30 27 
 7D 11 04 91 67 E8 76 BC E1 2E DF 38 20 27 7E 55 
 6D CD 34 EF 7F F5 81 AF 8B D4 AF FD F6 5F 83 E9 
 79 F3 C3 A8 A8 79 D8 08 
    IsEnEnabled(0x161 = 'ContextLoad'): 1
 SWTPM_IO_Write: length 14
 80 01 00 00 00 0E 00 00 00 00 80 00 00 00 
 SWTPM_IO_Read: length 414
 80 01 00 00 01 9E 00 00 01 61 00 00 00 00 00 00 
 00 53 02 00 00 00 40 00 00 07 01 82 00 40 F4 F6 
 B2 08 C7 08 EF 77 B0 60 A4 0D 47 CB F2 37 84 7D 
 4E 05 34 38 B8 A0 30 92 5D 8E 5C 65 29 97 60 CB 
 E2 4B 0D AB CA BA 08 D2 9F 8B 5F 0E FE F8 26 B6 
 28 E8 91 0F 20 61 54 A8 20 12 33 41 5E CB AB F4 
 19 B1 64 1D 43 06 A8 D6 A9 E7 83 9C D7 53 33 FE 
 E9 94 68 E0 31 80 60 66 DD B2 F3 7E 59 0E EB E1 
 87 CA 28 3D FB F5 3C B9 A5 72 28 A4 A9 50 FB 86 
 67 45 1E 81 88 C7 5F A1 FE FA 33 53 BB 5D 16 04 
 E3 74 51 A7 36 BA D8 E6 EC 42 7F F8 1D 12 1B 79 
 3B E4 5B EE 28 3D B8 FE 07 D9 B9 C2 0C 30 90 1E 
 83 95 1D 43 31 03 7A 6E 46 C9 76 DB 11 3A 90 7B 
 07 63 B8 69 E1 B5 B2 E9 80 ED 3B 37 EE 59 92 0D 
 DE B8 A3 AC B0 C5 03 89 CB 51 8D E3 5C E1 AB 8B 
 F1 01 A8 6A FE C1 7B 70 89 F4 09 34 E5 07 AF 57 
 7C 9A 50 B0 59 93 20 5C 95 8A 24 F7 0A 12 F8 78 
 31 7C 3D 4A 1F 1A F4 F2 61 59 5D E4 DD 8F 69 D2 
 D4 69 BD A5 AB 3D 54 CF B0 76 F8 83 37 58 89 74 
 BC 00 98 F2 EF 8A 1D 06 DD 39 09 11 ED C7 8E 00 
 A0 58 95 A2 92 1A 73 E2 0D F4 30 63 5F 03 B9 49 
 8F F1 20 96 6C 82 DB 35 8E 23 1E 7D F1 4A 4E F1 
 A7 05 83 6A 9D 1A 19 75 CA FF 7D 49 EC D7 B9 01 
 63 0B 91 EB D6 8D 50 A9 1B D0 C4 6C 9B D2 CD BD 
 6E 80 C0 CC E2 28 B4 06 21 B5 36 69 F6 95 88 46 
 3D 6A 69 6E 92 5E 9F AB 0A 28 B9 7F 83 A2 
    IsEnEnabled(0x161 = 'ContextLoad'): 1
 SWTPM_IO_Write: length 14
 80 01 00 00 00 0E 00 00 00 00 02 00 00 00 
 SWTPM_IO_Read: length 414
 80 01 00 00 01 9E 00 00 01 61 00 00 00 00 00 00 
 00 54 03 00 00 01 40 00 00 07 01 82 00 40 02 6E 
 02 70 9B F2 08 47 20 97 DC 47 01 A1 B6 EA 74 BB 
 9C B5 5B 66 90 3F 66 08 58 6E 89 82 6B FA 03 72 
 5C 5B EC AE 22 8D 80 96 55 46 55 0D A5 5E 48 00 
 12 64 B8 4F 36 EC 3B A1 20 10 34 DF AD 52 85 7E 
 23 D0 96 A0 B0 1A 2F E1 E8 DF 03 40 03 2B 40 2B 
 D7 C7 52 1E 42 49 E6 F4 0D 50 20 4A B0 BB 22 0D 
 16 30 97 67 7D 19 57 B1 64 4A AD 4E F1 0F E6 CD 
 B2 EA 57 20 D1 3F 08 34 6B 0C 86 F2 7D F0 CA CA 
 23 3F 73 4E 0F 5D 20 B4 43 E0 90 DD B8 87 B9 10 
 94 39 89 68 76 67 D3 A8 E0 57 81 47 D7 2C 27 E8 
 25 09 45 57 EC 84 75 39 26 2C CC A3 FE EC 53 79 
 AF 23 49 FD 4E CC 80 BE 24 54 1E B8 53 17 96 45 
 97 17 DF 7A AA 34 03 8D D5 BE 95 D8 BE 38 48 A8 
 AD FE BA 46 81 D0 A9 22 2A FA 1A FD 8B 75 94 08 
 EF 1F 8B 4B 19 70 4C 9E 32 A0 52 33 08 09 B8 56 
 CE 55 36 A7 F6 0A E6 0E 57 B4 84 FE 26 55 D1 BD 
 98 2F 3D 85 48 31 1E E0 82 B5 8B 7A 09 40 E0 BC 
 7B 73 FE 27 05 6E 66 6B 5F 00 D3 E8 5F 1A A4 E3 
 B9 F9 DB BD E2 F5 7B C2 8D 75 2C 8B B5 43 64 C0 
 DC 50 56 AA 8A E4 F4 0D BC 9F 2D 07 DA 36 90 D1 
 86 DA D6 B7 E3 AA 2F DB 9C E9 49 FC 7B 9A 08 01 
 38 67 C9 AE 77 C8 4D 87 58 84 18 7F 56 80 66 71 
 7F 99 2F 82 AC 6D 85 75 3F FB 2C 74 66 44 07 1F 
 FA D3 B4 C2 FB BB FA 1E 31 9B 43 2A B6 A3 
    IsEnEnabled(0x161 = 'ContextLoad'): 1
 SWTPM_IO_Write: length 14
 80 01 00 00 00 0E 00 00 00 00 03 00 00 01 
 SWTPM_IO_Read: length 14
 80 01 00 00 00 0E 00 00 01 6B 03 00 00 01 
    IsEnEnabled(0x16b = 'PolicyAuthValue'): 1
 SWTPM_IO_Write: length 10
 80 01 00 00 00 0A 00 00 00 00 
 SWTPM_IO_Read: length 14
 80 01 00 00 00 0E 00 00 01 62 80 00 00 00 
    IsEnEnabled(0x162 = 'ContextSave'): 1
 SWTPM_IO_Write: length 456
 80 01 00 00 01 C8 00 00 00 00 00 00 00 00 00 00 
 00 76 80 00 00 00 40 00 00 01 01 AC 00 40 96 FF 
 42 86 E3 A1 09 E5 AD 65 1D 5E AF EF AB F2 19 46 
 7A B8 56 CB 45 D8 45 B8 F0 25 75 14 D7 BA CF 25 
 E6 E4 1C 5E EF 4D 87 73 62 A8 DA 2F 50 C9 DF 6D 
 D4 FE E0 FE AC 10 20 0D 43 C4 03 72 46 F7 45 5E 
 5C 44 64 FE FF 88 28 34 CB E5 66 83 FA 81 20 5E 
 9E A2 6C 8F AC 0E FB 2B C0 BC 6F 30 40 2E D0 3E 
 82 C5 01 0E 18 8A 9A 21 8C 59 92 73 C7 86 EF B9 
 5C 48 60 C3 B4 4C 8C 03 82 A7 8B 89 4A E9 0B CB 
 76 68 5B 9B 3C 35 20 81 47 85 C6 B8 9E F5 06 55 
 D6 BD B4 4D C3 F5 8D 8F 75 EA A7 85 A5 A4 11 AC 
 D7 16 D1 FC 40 80 AB 0B A1 B2 E3 6C 7E 8D B7 C8 
 F6 06 28 6C 17 71 A3 B1 70 CB 2A 2C 1C 49 38 80 
 30 36 3D B8 A0 31 1D F6 F0 6F AC 47 AD 71 66 88 
 55 01 97 AD BA D4 70 81 EC 5E 1A 87 7A 7C D2 99 
 9C 12 81 FE 75 E6 37 04 4A 56 3F 44 BE BB 43 2F 
 C5 8A F4 4D AA 96 AB 79 33 DE B7 AE F5 74 89 54 
 17 05 25 F3 5A 7C D2 B0 A3 ED BB 20 09 36 7B A6 
 EF 64 19 F7 81 37 ED 7D 15 8A 54 BA 5E F0 63 BE 
 55 D3 00 D9 4B 1F A4 1F C8 56 3F E1 35 17 44 0A 
 54 48 0D 0F 51 B7 BA 95 42 AB 60 02 7F 13 27 13 
 E8 39 2E 11 AE E1 10 F2 BF D3 20 4E 10 F1 38 32 
 1B 7E 4C B8 86 05 EB 73 52 69 22 84 A9 FA 84 5E 
 63 B1 2D A6 69 64 67 FB 47 37 38 FB 41 25 0F 5A 
 9C 0B F0 EB CF 6E E6 E1 E5 61 41 4B 02 7A 25 BC 
 C3 7D 7C DB 2B 8E FA C1 F7 F4 C4 4E 8E AF DD 34 
 59 E4 1C FB D3 4F 5F E5 18 86 3F B9 A9 8B 72 8A 
 F6 8B 45 EC 01 E5 BF 99 
 SWTPM_IO_Read: length 14
 80 01 00 00 00 0E 00 00 01 65 80 00 00 00 
    IsEnEnabled(0x165 = 'FlushContext'): 1
 SWTPM_IO_Write: length 10
 80 01 00 00 00 0A 00 00 00 00 
 SWTPM_IO_Read: length 14
 80 01 00 00 00 0E 00 00 01 62 02 00 00 00 
    IsEnEnabled(0x162 = 'ContextSave'): 1
 SWTPM_IO_Write: length 414
 80 01 00 00 01 9E 00 00 00 00 00 00 00 00 00 00 
 00 55 02 00 00 00 40 00 00 07 01 82 00 40 93 6E 
 77 E5 8C 96 54 4C E6 87 36 EF 06 85 D0 D7 BB 56 
 EE 2A 6B E7 7F B2 B4 A1 F2 46 4E 5D DE FC E8 55 
 BB 2F 2A 05 4F 90 06 4A CD 2B 1D 92 45 4A 11 7D 
 EC 3A E5 DC 36 3A 13 3E 56 F8 1E 8D 3D EA 4B DB 
 18 A0 7B 5C 4A 54 42 D2 3A D0 BB 01 3E E5 78 E1 
 D7 23 DF F7 80 D8 EE DA 1B 65 FB 02 C5 6F 41 B6 
 FA 80 17 AB 5B 3A 5A CA 5F A8 3F 00 01 4D 89 3C 
 2B 24 56 51 5C 5E 20 CD 12 74 CC E8 B4 CF 1A 4C 
 B6 77 EE A8 E7 76 36 27 12 41 49 76 3C DD 44 9E 
 A2 FC 44 8C 27 A9 C6 07 2A 0F 54 11 15 80 14 8F 
 45 27 D9 FC 05 B8 53 1F BB 0F 4D 99 27 DD B5 E7 
 9E 7D 49 00 34 FB 86 3B 8A 1C 33 99 2F EE 29 1E 
 82 AF A7 BE 34 0E 79 02 49 C9 E9 33 21 44 87 95 
 7C FC 1E BB 67 06 D9 CC 90 61 EA 76 09 76 44 42 
 D6 18 A8 CA 7E 0C D0 4F 33 4E D9 FD D5 4E 70 F0 
 C2 72 31 CE DF 7E 3E 01 EE AA 16 69 74 40 E1 0F 
 46 EA 90 D2 6F 90 FF C4 92 E6 E2 FE B8 9C A6 B2 
 B9 07 7B C3 21 5B 88 85 63 97 55 D5 EC 92 8B 7C 
 4A 3B DC EF 13 B9 AA A3 48 80 46 8A 94 D9 9C AE 
 80 1F C9 8F BB 4B 37 7C ED D7 CF E1 83 30 55 23 
 70 40 48 1E 81 FC 17 25 D1 2E D1 DC AC 97 80 5F 
 62 4D 27 E4 94 14 DB C4 EB C1 BD 4C 63 F8 CB 55 
 1E 5B 85 56 24 2E 1E 06 3C 72 06 85 58 B3 E0 CD 
 18 A8 DE EB 0A 4D C8 C2 49 AF 29 04 05 E7 
 SWTPM_IO_Read: length 14
 80 01 00 00 00 0E 00 00 01 62 03 00 00 01 
    IsEnEnabled(0x162 = 'ContextSave'): 1
 SWTPM_IO_Write: length 414
 80 01 00 00 01 9E 00 00 00 00 00 00 00 00 00 00 
 00 56 03 00 00 01 40 00 00 07 01 82 00 40 59 7E 
 EF 74 B1 1E 19 87 A5 75 8D 8B 72 2C 4F 1C 79 B3 
 74 94 D7 7A 43 1D 05 1F 1F 08 8D 1F 17 AD 3A C2 
 AE 89 DA AC C5 60 1C 28 76 CF 8A EE 13 87 62 A1 
 B7 10 04 A0 7B 17 67 D4 AC 73 A2 35 7A 7C 6B 5F 
 67 32 B6 0C A0 DE BE 92 32 D9 9E 88 BD 71 C9 D5 
 1D AA EF 34 FF 58 CD 0F CB 82 6A 14 BA BF A5 BF 
 60 DB D4 25 DB 43 55 AC BB B0 4A A2 DD EA 01 2A 
 58 79 D3 28 CA 3E E8 EB 5F 18 63 1C 03 00 0E 75 
 0E A6 A5 EC F9 A6 E4 6E E7 F0 38 82 AB 33 57 8A 
 DC 4C AB 29 C0 BB 4E 89 47 A8 6B 4F 40 76 19 87 
 7F 6E 12 A9 04 FF 6B F8 32 58 A4 4D E1 B0 07 B2 
 7B C6 54 B5 5F F4 8C 8B 5F 0D A3 6B B0 64 AC 82 
 B3 A0 EB CB 55 95 FA A0 0A 96 3E E7 37 B1 D8 D7 
 E4 0C F3 77 BB 97 04 F6 E6 38 5D 3D 47 0C DD D4 
 14 2D 98 C6 ED 7C 3E 78 9E 7B 1B F7 72 78 A6 F4 
 7D 9E 8B 4D 3B 84 1C 75 D0 AF F3 9B 3C A0 38 90 
 EB EB 2A D9 F9 F1 ED DE 37 E3 8E 0E B6 D8 5A 10 
 CB F6 FA EE F0 89 70 BB 08 50 D1 8A 62 5A 87 E5 
 2B 73 78 CF DD 22 7B 95 91 CD BA 5C 3E 8B BC FC 
 DC 83 B2 D8 AE 90 A6 97 AB 7C 15 3B 25 7F 34 FA 
 8E C7 4B 29 20 3C B3 C7 72 A1 43 6A 35 B5 28 97 
 89 F3 16 44 01 2C 28 5E C8 44 4F 7C C6 66 E3 C3 
 B8 E7 E5 8E A2 33 8E 8B 20 CD 6C CE 31 EE F1 35 
 75 F1 54 1A 18 0E 49 C8 BF 1B 18 44 E1 3F 
 SWTPM_IO_Read: length 456
 80 01 00 00 01 C8 00 00 01 61 00 00 00 00 00 00 
 00 76 80 00 00 00 40 00 00 01 01 AC 00 40 96 FF 
 42 86 E3 A1 09 E5 AD 65 1D 5E AF EF AB F2 19 46 
 7A B8 56 CB 45 D8 45 B8 F0 25 75 14 D7 BA CF 25 
 E6 E4 1C 5E EF 4D 87 73 62 A8 DA 2F 50 C9 DF 6D 
 D4 FE E0 FE AC 10 20 0D 43 C4 03 72 46 F7 45 5E 
 5C 44 64 FE FF 88 28 34 CB E5 66 83 FA 81 20 5E 
 9E A2 6C 8F AC 0E FB 2B C0 BC 6F 30 40 2E D0 3E 
 82 C5 01 0E 18 8A 9A 21 8C 59 92 73 C7 86 EF B9 
 5C 48 60 C3 B4 4C 8C 03 82 A7 8B 89 4A E9 0B CB 
 76 68 5B 9B 3C 35 20 81 47 85 C6 B8 9E F5 06 55 
 D6 BD B4 4D C3 F5 8D 8F 75 EA A7 85 A5 A4 11 AC 
 D7 16 D1 FC 40 80 AB 0B A1 B2 E3 6C 7E 8D B7 C8 
 F6 06 28 6C 17 71 A3 B1 70 CB 2A 2C 1C 49 38 80 
 30 36 3D B8 A0 31 1D F6 F0 6F AC 47 AD 71 66 88 
 55 01 97 AD BA D4 70 81 EC 5E 1A 87 7A 7C D2 99 
 9C 12 81 FE 75 E6 37 04 4A 56 3F 44 BE BB 43 2F 
 C5 8A F4 4D AA 96 AB 79 33 DE B7 AE F5 74 89 54 
 17 05 25 F3 5A 7C D2 B0 A3 ED BB 20 09 36 7B A6 
 EF 64 19 F7 81 37 ED 7D 15 8A 54 BA 5E F0 63 BE 
 55 D3 00 D9 4B 1F A4 1F C8 56 3F E1 35 17 44 0A 
 54 48 0D 0F 51 B7 BA 95 42 AB 60 02 7F 13 27 13 
 E8 39 2E 11 AE E1 10 F2 BF D3 20 4E 10 F1 38 32 
 1B 7E 4C B8 86 05 EB 73 52 69 22 84 A9 FA 84 5E 
 63 B1 2D A6 69 64 67 FB 47 37 38 FB 41 25 0F 5A 
 9C 0B F0 EB CF 6E E6 E1 E5 61 41 4B 02 7A 25 BC 
 C3 7D 7C DB 2B 8E FA C1 F7 F4 C4 4E 8E AF DD 34 
 59 E4 1C FB D3 4F 5F E5 18 86 3F B9 A9 8B 72 8A 
 F6 8B 45 EC 01 E5 BF 99 
    IsEnEnabled(0x161 = 'ContextLoad'): 1
 SWTPM_IO_Write: length 14
 80 01 00 00 00 0E 00 00 00 00 80 00 00 00 
 SWTPM_IO_Read: length 414
 80 01 00 00 01 9E 00 00 01 61 00 00 00 00 00 00 
 00 55 02 00 00 00 40 00 00 07 01 82 00 40 93 6E 
 77 E5 8C 96 54 4C E6 87 36 EF 06 85 D0 D7 BB 56 
 EE 2A 6B E7 7F B2 B4 A1 F2 46 4E 5D DE FC E8 55 
 BB 2F 2A 05 4F 90 06 4A CD 2B 1D 92 45 4A 11 7D 
 EC 3A E5 DC 36 3A 13 3E 56 F8 1E 8D 3D EA 4B DB 
 18 A0 7B 5C 4A 54 42 D2 3A D0 BB 01 3E E5 78 E1 
 D7 23 DF F7 80 D8 EE DA 1B 65 FB 02 C5 6F 41 B6 
 FA 80 17 AB 5B 3A 5A CA 5F A8 3F 00 01 4D 89 3C 
 2B 24 56 51 5C 5E 20 CD 12 74 CC E8 B4 CF 1A 4C 
 B6 77 EE A8 E7 76 36 27 12 41 49 76 3C DD 44 9E 
 A2 FC 44 8C 27 A9 C6 07 2A 0F 54 11 15 80 14 8F 
 45 27 D9 FC 05 B8 53 1F BB 0F 4D 99 27 DD B5 E7 
 9E 7D 49 00 34 FB 86 3B 8A 1C 33 99 2F EE 29 1E 
 82 AF A7 BE 34 0E 79 02 49 C9 E9 33 21 44 87 95 
 7C FC 1E BB 67 06 D9 CC 90 61 EA 76 09 76 44 42 
 D6 18 A8 CA 7E 0C D0 4F 33 4E D9 FD D5 4E 70 F0 
 C2 72 31 CE DF 7E 3E 01 EE AA 16 69 74 40 E1 0F 
 46 EA 90 D2 6F 90 FF C4 92 E6 E2 FE B8 9C A6 B2 
 B9 07 7B C3 21 5B 88 85 63 97 55 D5 EC 92 8B 7C 
 4A 3B DC EF 13 B9 AA A3 48 80 46 8A 94 D9 9C AE 
 80 1F C9 8F BB 4B 37 7C ED D7 CF E1 83 30 55 23 
 70 40 48 1E 81 FC 17 25 D1 2E D1 DC AC 97 80 5F 
 62 4D 27 E4 94 14 DB C4 EB C1 BD 4C 63 F8 CB 55 
 1E 5B 85 56 24 2E 1E 06 3C 72 06 85 58 B3 E0 CD 
 18 A8 DE EB 0A 4D C8 C2 49 AF 29 04 05 E7 
    IsEnEnabled(0x161 = 'ContextLoad'): 1
 SWTPM_IO_Write: length 14
 80 01 00 00 00 0E 00 00 00 00 02 00 00 00 
 SWTPM_IO_Read: length 414
 80 01 00 00 01 9E 00 00 01 61 00 00 00 00 00 00 
 00 56 03 00 00 01 40 00 00 07 01 82 00 40 59 7E 
 EF 74 B1 1E 19 87 A5 75 8D 8B 72 2C 4F 1C 79 B3 
 74 94 D7 7A 43 1D 05 1F 1F 08 8D 1F 17 AD 3A C2 
 AE 89 DA AC C5 60 1C 28 76 CF 8A EE 13 87 62 A1 
 B7 10 04 A0 7B 17 67 D4 AC 73 A2 35 7A 7C 6B 5F 
 67 32 B6 0C A0 DE BE 92 32 D9 9E 88 BD 71 C9 D5 
 1D AA EF 34 FF 58 CD 0F CB 82 6A 14 BA BF A5 BF 
 60 DB D4 25 DB 43 55 AC BB B0 4A A2 DD EA 01 2A 
 58 79 D3 28 CA 3E E8 EB 5F 18 63 1C 03 00 0E 75 
 0E A6 A5 EC F9 A6 E4 6E E7 F0 38 82 AB 33 57 8A 
 DC 4C AB 29 C0 BB 4E 89 47 A8 6B 4F 40 76 19 87 
 7F 6E 12 A9 04 FF 6B F8 32 58 A4 4D E1 B0 07 B2 
 7B C6 54 B5 5F F4 8C 8B 5F 0D A3 6B B0 64 AC 82 
 B3 A0 EB CB 55 95 FA A0 0A 96 3E E7 37 B1 D8 D7 
 E4 0C F3 77 BB 97 04 F6 E6 38 5D 3D 47 0C DD D4 
 14 2D 98 C6 ED 7C 3E 78 9E 7B 1B F7 72 78 A6 F4 
 7D 9E 8B 4D 3B 84 1C 75 D0 AF F3 9B 3C A0 38 90 
 EB EB 2A D9 F9 F1 ED DE 37 E3 8E 0E B6 D8 5A 10 
 CB F6 FA EE F0 89 70 BB 08 50 D1 8A 62 5A 87 E5 
 2B 73 78 CF DD 22 7B 95 91 CD BA 5C 3E 8B BC FC 
 DC 83 B2 D8 AE 90 A6 97 AB 7C 15 3B 25 7F 34 FA 
 8E C7 4B 29 20 3C B3 C7 72 A1 43 6A 35 B5 28 97 
 89 F3 16 44 01 2C 28 5E C8 44 4F 7C C6 66 E3 C3 
 B8 E7 E5 8E A2 33 8E 8B 20 CD 6C CE 31 EE F1 35 
 75 F1 54 1A 18 0E 49 C8 BF 1B 18 44 E1 3F 
    IsEnEnabled(0x161 = 'ContextLoad'): 1
 SWTPM_IO_Write: length 14
 80 01 00 00 00 0E 00 00 00 00 03 00 00 01 
 SWTPM_IO_Read: length 14
 80 01 00 00 00 0E 00 00 01 89 03 00 00 01 
    IsEnEnabled(0x189 = 'PolicyGetDigest'): 1
 SWTPM_IO_Write: length 44
 80 01 00 00 00 2C 00 00 00 00 00 20 89 17 A4 13 
 D8 E4 C8 B6 B7 F1 1E 90 42 16 CC A4 5B 06 9C 58 
 6B 46 F4 2C A6 70 E2 CC 05 A5 15 83 
 SWTPM_IO_Read: length 14
 80 01 00 00 00 0E 00 00 01 62 80 00 00 00 
    IsEnEnabled(0x162 = 'ContextSave'): 1
 SWTPM_IO_Write: length 456
 80 01 00 00 01 C8 00 00 00 00 00 00 00 00 00 00 
 00 77 80 00 00 00 40 00 00 01 01 AC 00 40 16 34 
 8A 0D A6 26 6D 55 B5 6C 38 49 15 BB 1B 8F 5D 2C 
 5E B1 1E 86 55 0B E0 E3 84 B1 32 DD D0 A3 C4 C8 
 0C 77 6A 79 B3 EC A2 83 9A DD E7 15 21 11 BE F4 
 06 2E 3E B1 8B FA C4 D0 75 4C A4 EB D6 B9 CD 7F 
 A4 09 3C 44 B5 9D B8 54 64 79 CE DA 2F 10 52 2F 
 D1 EE 2D 9D 20 BC 02 AF F1 F5 03 23 21 57 B0 DC 
 B9 FF B0 A5 31 BF 7F 89 8C C2 B5 3F 87 C8 7E A6 
 D8 96 E8 64 3B B1 31 DD 51 2A 4E 8D E8 8A 17 44 
 3A 72 F2 12 96 12 49 B3 15 C2 9A F1 71 2C FF 14 
 6C 0E 99 06 9C 3B A5 F9 04 27 B8 3B 5B 96 FD 44 
 A9 24 75 8F F1 89 E0 0B 24 15 DA 7D 70 8E DB 90 
 18 A7 7C F1 9B 16 94 18 A1 A7 9A 0C 6A F1 24 57 
 A2 19 1D A1 49 7C 64 06 63 2F 99 98 F9 5A EE 77 
 11 6F 52 31 35 35 DE 8B C7 42 E0 72 50 E6 8D EE 
 D4 0F 54 1C 97 1C BA B1 B6 19 C2 36 C1 91 74 3E 
 D4 03 2D 53 92 21 04 F0 53 C7 9D 87 1B 03 0D 75 
 CF 9E 11 88 42 68 50 6E EF EF FE 09 AF D7 3E 51 
 6F 35 61 CC E2 97 63 9C 80 23 FC 2F A1 0F C5 23 
 53 06 77 1D 48 7E 99 35 C0 F3 5A D1 8B F0 43 EB 
 27 9E 0C 25 42 24 79 72 3F ED 16 2A 19 CB 2D 4A 
 F6 E3 F0 6B 54 B0 F0 FD 6E 9E 0B D0 99 39 7D 8A 
 C5 C7 D9 F3 74 57 7C F5 4C 3F 3E C7 1F 34 12 A4 
 23 1D 63 13 43 F6 5F 93 AF 8E D6 F3 25 2A 5C AF 
 CD 9D 31 5D AC D0 F6 11 29 3E 3C D9 96 F9 8D DC 
 BC CA D8 DF 43 84 1D 7B 34 32 BB C4 77 D2 9E B3 
 1B 6F B5 F4 8C 2C 5B A5 CC C4 63 88 50 B5 3A 77 
 AF D6 D4 18 CC 87 6D 60 
 SWTPM_IO_Read: length 14
 80 01 00 00 00 0E 00 00 01 65 80 00 00 00 
    IsEnEnabled(0x165 = 'FlushContext'): 1
 SWTPM_IO_Write: length 10
 80 01 00 00 00 0A 00 00 00 00 
 SWTPM_IO_Read: length 14
 80 01 00 00 00 0E 00 00 01 62 02 00 00 00 
    IsEnEnabled(0x162 = 'ContextSave'): 1
 SWTPM_IO_Write: length 414
 80 01 00 00 01 9E 00 00 00 00 00 00 00 00 00 00 
 00 57 02 00 00 00 40 00 00 07 01 82 00 40 63 79 
 D6 0C E8 E5 F7 06 57 12 20 6F 2B 57 69 CA 6F D0 
 C5 52 91 20 CF 84 38 47 1D F0 E3 94 9F 0C CE 37 
 47 1E 19 2F 4C 3D F7 31 E2 82 D9 25 E2 C6 51 3D 
 76 EE 84 4B 8E 4B 0C D8 38 22 60 D9 C0 D9 0E AE 
 FA 40 3F 06 4C E2 9A 3F 79 5A FC 67 C6 00 59 4C 
 FA 0F F9 46 D0 C7 D9 7D 13 3C 3D E5 93 CD A2 2F 
 CD 12 0C D9 AF DA 4F 71 CC 17 63 6A DC A4 6D 65 
 7F D1 AC CB 42 51 7E 3B 9A 1F 4E 5E 47 98 6F 2B 
 09 09 5C 22 8C 01 72 AC F2 D9 43 6D EF A6 7F 41 
 B5 CC 3D 64 EC 96 1B D6 56 00 24 95 61 FF 68 4B 
 9B 09 44 40 14 E8 94 EB F7 C6 3B E3 A4 DD 5D 78 
 28 CA 2F 2D F4 B2 C2 A6 AC BB 33 76 82 80 5F 84 
 7B C0 0C EE F7 64 BA C9 C2 69 90 66 84 9E 5F BE 
 AE 71 19 61 59 1D 06 E0 57 BE 91 82 AE 3E BA D0 
 5E C8 18 DA 7D 7F 2B 7B 39 BE 5B A4 79 46 4B 27 
 3D 88 CC C3 DE E3 43 85 EF 67 72 3F 4D B6 CF 2B 
 B1 5A 27 17 E5 79 D4 67 0C 68 81 D2 F5 FB F0 DE 
 80 19 71 62 82 ED 96 53 DE 8A EC 4C 65 B8 62 7E 
 DC 02 2E 15 D8 31 7A C8 4D D0 2B 09 5F 01 75 A2 
 99 18 5D 3A 44 AD 8A 5D 2D 7C BE E1 21 25 57 67 
 B6 25 B9 7B CA 9A 10 48 67 7F AA E9 84 02 B6 4B 
 3D CA D7 D1 59 B1 23 65 DD 3B 6D 32 DF 05 AA AC 
 00 9A 81 EF D8 48 B9 DC 13 08 48 A8 49 C0 A5 F3 
 B6 8F B8 2A F9 0A AE C1 CC A5 BA 5E 7B D9 
 SWTPM_IO_Read: length 14
 80 01 00 00 00 0E 00 00 01 62 03 00 00 01 
    IsEnEnabled(0x162 = 'ContextSave'): 1
 SWTPM_IO_Write: length 414
 80 01 00 00 01 9E 00 00 00 00 00 00 00 00 00 00 
 00 58 03 00 00 01 40 00 00 07 01 82 00 40 6D AF 
 21 CE 92 78 E2 2E C7 BF 60 AE 7C 5B FC 2C D4 B9 
 C8 FF CD 6A 03 93 C0 05 0F 21 D0 08 C2 94 D1 45 
 8D ED 7B 74 91 87 17 46 23 6E 4C 3E C1 83 C7 6F 
 7C 2B 41 65 19 CA 9E 78 EB 5E F6 13 6D 8B ED EC 
 D7 42 27 B8 B5 5C B5 B6 05 4A 9F 2A D7 91 8A E0 
 8D 62 2E A0 36 DC 20 D6 93 95 D5 76 D5 19 C1 E3 
 E8 86 59 19 4D C3 FA B3 50 4C B0 FE 4D E8 EB EA 
 4A F7 0A F1 28 A5 CA E0 0B C0 5F 9B ED 57 B3 6B 
 84 44 DF D8 62 8A 20 6B 85 E1 FA 3F BB B1 36 79 
 FF 06 41 8E 7A 84 1B A5 A7 B1 6F 33 FB 06 41 FA 
 A2 28 FE E4 A9 40 B8 23 CD EB 20 75 22 7E DA F5 
 0E 89 76 2E 38 CA 5A 48 FD 14 86 D3 46 E2 B6 F8 
 F7 B3 49 62 32 CF FF F2 0A D5 7E 34 38 0A 4D 5E 
 EC AE 79 BA 24 B5 31 1F 36 B8 12 34 7A 72 83 85 
 DC 23 74 65 ED 0C E2 41 7A 3E D0 6E 80 CB 55 B0 
 0E B9 FF 8F 97 E7 3F 14 87 F6 38 C2 F1 9C 4F 32 
 70 4C 47 20 08 45 8C 8D E1 2E 32 B6 97 C1 44 2D 
 4F 8A CA D4 A4 A4 8E A7 51 F0 90 C1 AA 70 93 DB 
 EA FD 5A B1 1B 4C 68 BE CC 94 E6 39 FF BD 66 58 
 0B F7 50 FA 39 6D 42 6F 96 C0 7A ED DB F0 A6 1F 
 13 23 48 31 C0 06 8D 8F 7C E5 3E 92 BA 41 B6 CB 
 E0 A8 6D 1F 03 7C B5 2C 04 EF 70 2F 37 C3 C3 9E 
 9B 97 A9 C9 55 09 83 97 BF C8 58 32 42 E8 E0 DD 
 84 CA 4A 7F 91 84 45 68 1D 60 3F F6 C6 74 
 SWTPM_IO_Read: length 456
 80 01 00 00 01 C8 00 00 01 61 00 00 00 00 00 00 
 00 77 80 00 00 00 40 00 00 01 01 AC 00 40 16 34 
 8A 0D A6 26 6D 55 B5 6C 38 49 15 BB 1B 8F 5D 2C 
 5E B1 1E 86 55 0B E0 E3 84 B1 32 DD D0 A3 C4 C8 
 0C 77 6A 79 B3 EC A2 83 9A DD E7 15 21 11 BE F4 
 06 2E 3E B1 8B FA C4 D0 75 4C A4 EB D6 B9 CD 7F 
 A4 09 3C 44 B5 9D B8 54 64 79 CE DA 2F 10 52 2F 
 D1 EE 2D 9D 20 BC 02 AF F1 F5 03 23 21 57 B0 DC 
 B9 FF B0 A5 31 BF 7F 89 8C C2 B5 3F 87 C8 7E A6 
 D8 96 E8 64 3B B1 31 DD 51 2A 4E 8D E8 8A 17 44 
 3A 72 F2 12 96 12 49 B3 15 C2 9A F1 71 2C FF 14 
 6C 0E 99 06 9C 3B A5 F9 04 27 B8 3B 5B 96 FD 44 
 A9 24 75 8F F1 89 E0 0B 24 15 DA 7D 70 8E DB 90 
 18 A7 7C F1 9B 16 94 18 A1 A7 9A 0C 6A F1 24 57 
 A2 19 1D A1 49 7C 64 06 63 2F 99 98 F9 5A EE 77 
 11 6F 52 31 35 35 DE 8B C7 42 E0 72 50 E6 8D EE 
 D4 0F 54 1C 97 1C BA B1 B6 19 C2 36 C1 91 74 3E 
 D4 03 2D 53 92 21 04 F0 53 C7 9D 87 1B 03 0D 75 
 CF 9E 11 88 42 68 50 6E EF EF FE 09 AF D7 3E 51 
 6F 35 61 CC E2 97 63 9C 80 23 FC 2F A1 0F C5 23 
 53 06 77 1D 48 7E 99 35 C0 F3 5A D1 8B F0 43 EB 
 27 9E 0C 25 42 24 79 72 3F ED 16 2A 19 CB 2D 4A 
 F6 E3 F0 6B 54 B0 F0 FD 6E 9E 0B D0 99 39 7D 8A 
 C5 C7 D9 F3 74 57 7C F5 4C 3F 3E C7 1F 34 12 A4 
 23 1D 63 13 43 F6 5F 93 AF 8E D6 F3 25 2A 5C AF 
 CD 9D 31 5D AC D0 F6 11 29 3E 3C D9 96 F9 8D DC 
 BC CA D8 DF 43 84 1D 7B 34 32 BB C4 77 D2 9E B3 
 1B 6F B5 F4 8C 2C 5B A5 CC C4 63 88 50 B5 3A 77 
 AF D6 D4 18 CC 87 6D 60 
    IsEnEnabled(0x161 = 'ContextLoad'): 1
 SWTPM_IO_Write: length 14
 80 01 00 00 00 0E 00 00 00 00 80 00 00 00 
 SWTPM_IO_Read: length 414
 80 01 00 00 01 9E 00 00 01 61 00 00 00 00 00 00 
 00 57 02 00 00 00 40 00 00 07 01 82 00 40 63 79 
 D6 0C E8 E5 F7 06 57 12 20 6F 2B 57 69 CA 6F D0 
 C5 52 91 20 CF 84 38 47 1D F0 E3 94 9F 0C CE 37 
 47 1E 19 2F 4C 3D F7 31 E2 82 D9 25 E2 C6 51 3D 
 76 EE 84 4B 8E 4B 0C D8 38 22 60 D9 C0 D9 0E AE 
 FA 40 3F 06 4C E2 9A 3F 79 5A FC 67 C6 00 59 4C 
 FA 0F F9 46 D0 C7 D9 7D 13 3C 3D E5 93 CD A2 2F 
 CD 12 0C D9 AF DA 4F 71 CC 17 63 6A DC A4 6D 65 
 7F D1 AC CB 42 51 7E 3B 9A 1F 4E 5E 47 98 6F 2B 
 09 09 5C 22 8C 01 72 AC F2 D9 43 6D EF A6 7F 41 
 B5 CC 3D 64 EC 96 1B D6 56 00 24 95 61 FF 68 4B 
 9B 09 44 40 14 E8 94 EB F7 C6 3B E3 A4 DD 5D 78 
 28 CA 2F 2D F4 B2 C2 A6 AC BB 33 76 82 80 5F 84 
 7B C0 0C EE F7 64 BA C9 C2 69 90 66 84 9E 5F BE 
 AE 71 19 61 59 1D 06 E0 57 BE 91 82 AE 3E BA D0 
 5E C8 18 DA 7D 7F 2B 7B 39 BE 5B A4 79 46 4B 27 
 3D 88 CC C3 DE E3 43 85 EF 67 72 3F 4D B6 CF 2B 
 B1 5A 27 17 E5 79 D4 67 0C 68 81 D2 F5 FB F0 DE 
 80 19 71 62 82 ED 96 53 DE 8A EC 4C 65 B8 62 7E 
 DC 02 2E 15 D8 31 7A C8 4D D0 2B 09 5F 01 75 A2 
 99 18 5D 3A 44 AD 8A 5D 2D 7C BE E1 21 25 57 67 
 B6 25 B9 7B CA 9A 10 48 67 7F AA E9 84 02 B6 4B 
 3D CA D7 D1 59 B1 23 65 DD 3B 6D 32 DF 05 AA AC 
 00 9A 81 EF D8 48 B9 DC 13 08 48 A8 49 C0 A5 F3 
 B6 8F B8 2A F9 0A AE C1 CC A5 BA 5E 7B D9 
    IsEnEnabled(0x161 = 'ContextLoad'): 1
 SWTPM_IO_Write: length 14
 80 01 00 00 00 0E 00 00 00 00 02 00 00 00 
 SWTPM_IO_Read: length 414
 80 01 00 00 01 9E 00 00 01 61 00 00 00 00 00 00 
 00 58 03 00 00 01 40 00 00 07 01 82 00 40 6D AF 
 21 CE 92 78 E2 2E C7 BF 60 AE 7C 5B FC 2C D4 B9 
 C8 FF CD 6A 03 93 C0 05 0F 21 D0 08 C2 94 D1 45 
 8D ED 7B 74 91 87 17 46 23 6E 4C 3E C1 83 C7 6F 
 7C 2B 41 65 19 CA 9E 78 EB 5E F6 13 6D 8B ED EC 
 D7 42 27 B8 B5 5C B5 B6 05 4A 9F 2A D7 91 8A E0 
 8D 62 2E A0 36 DC 20 D6 93 95 D5 76 D5 19 C1 E3 
 E8 86 59 19 4D C3 FA B3 50 4C B0 FE 4D E8 EB EA 
 4A F7 0A F1 28 A5 CA E0 0B C0 5F 9B ED 57 B3 6B 
 84 44 DF D8 62 8A 20 6B 85 E1 FA 3F BB B1 36 79 
 FF 06 41 8E 7A 84 1B A5 A7 B1 6F 33 FB 06 41 FA 
 A2 28 FE E4 A9 40 B8 23 CD EB 20 75 22 7E DA F5 
 0E 89 76 2E 38 CA 5A 48 FD 14 86 D3 46 E2 B6 F8 
 F7 B3 49 62 32 CF FF F2 0A D5 7E 34 38 0A 4D 5E 
 EC AE 79 BA 24 B5 31 1F 36 B8 12 34 7A 72 83 85 
 DC 23 74 65 ED 0C E2 41 7A 3E D0 6E 80 CB 55 B0 
 0E B9 FF 8F 97 E7 3F 14 87 F6 38 C2 F1 9C 4F 32 
 70 4C 47 20 08 45 8C 8D E1 2E 32 B6 97 C1 44 2D 
 4F 8A CA D4 A4 A4 8E A7 51 F0 90 C1 AA 70 93 DB 
 EA FD 5A B1 1B 4C 68 BE CC 94 E6 39 FF BD 66 58 
 0B F7 50 FA 39 6D 42 6F 96 C0 7A ED DB F0 A6 1F 
 13 23 48 31 C0 06 8D 8F 7C E5 3E 92 BA 41 B6 CB 
 E0 A8 6D 1F 03 7C B5 2C 04 EF 70 2F 37 C3 C3 9E 
 9B 97 A9 C9 55 09 83 97 BF C8 58 32 42 E8 E0 DD 
 84 CA 4A 7F 91 84 45 68 1D 60 3F F6 C6 74 
    IsEnEnabled(0x161 = 'ContextLoad'): 1
 SWTPM_IO_Write: length 14
 80 01 00 00 00 0E 00 00 00 00 03 00 00 01 
 SWTPM_IO_Read: length 164
 80 02 00 00 00 A4 00 00 01 5E 80 00 00 00 00 00 
 00 92 03 00 00 01 00 20 90 11 33 7D B4 50 5D C6 
 55 3E 9F 85 71 71 C8 BC 8B 21 BC 62 18 9E 98 49 
 C7 58 C0 4F 3E D0 BD 4F 01 00 20 4B 62 E5 41 A3 
 49 A6 11 1A EF 7A 8E A9 9E B0 6D 06 01 DD 2A 05 
 35 70 8D 8E 59 96 07 B0 42 D1 C3 02 00 00 00 00 
 20 6E 63 61 83 5B 97 C0 05 96 0A D4 DB FB 7C E5 
 26 E7 2F C1 C0 EE 07 C3 2B 1C 4B FA 81 0C 8C D3 
 B1 41 00 20 5C 94 E1 96 6F D8 11 6A DA 52 1B 8F 
 D5 79 60 11 23 4C BE EE C5 20 16 1A 3E 57 BE 17 
 7C BD B1 35 
    IsEnEnabled(0x15e = 'Unseal'): 1
 SWTPM_IO_Write: length 186
 80 02 00 00 00 BA 00 00 00 00 00 00 00 22 00 20 
 B5 43 A0 9D 48 BB AD 2D 4E 9F 8A 1E DB F4 F1 A5 
 E6 E3 6A E7 52 E5 62 8D D5 D5 4C 37 20 5D 78 B6 
 00 20 46 49 6B 0E 5A 4E 35 6D E2 93 A6 A9 35 2C 
 82 ED 13 8B 39 12 AF C4 2D 3F 6E 48 7F 9E 3F C2 
 9F 06 01 00 20 68 8C 92 15 90 84 98 A5 03 A7 0A 
 25 1A 07 43 A0 69 88 05 B9 D3 35 9E 8A B1 48 84 
 FD BE 1A 94 83 00 20 F5 3B BE D9 3C D3 20 0B 39 
 F0 67 2F F4 88 AB 4A 7C DD 02 E2 4D 13 C1 CB 74 
 33 A4 1E B8 25 F9 F5 41 00 20 F4 12 B3 02 42 07 
 63 15 8E DC 96 94 6C F2 BD 15 1B 1B 50 42 BA 0F 
 FF 93 5D E4 6C 0E 8D 7B E5 42 
 SWTPM_IO_Read: length 14
 80 01 00 00 00 0E 00 00 01 62 80 00 00 00 
    IsEnEnabled(0x162 = 'ContextSave'): 1
 SWTPM_IO_Write: length 456
 80 01 00 00 01 C8 00 00 00 00 00 00 00 00 00 00 
 00 78 80 00 00 00 40 00 00 01 01 AC 00 40 12 D7 
 39 34 EF 27 97 24 8B A7 AA 86 52 DC 15 A2 1B 9F 
 29 EA A9 18 A0 84 61 9A 4F C1 68 2C BC A7 3D 8A 
 1A 86 F5 05 21 11 F4 DB 85 2A 38 AA 59 9B E8 58 
 51 AD 4A A2 35 B5 A1 E7 3A D8 07 F8 35 74 BC 63 
 17 1D 1B 4D 62 53 70 02 CC DD 7C 62 AA A9 A0 31 
 67 C4 93 E3 8D 6A EB DE 66 82 4B D9 54 E6 3A CA 
 AD DC A7 96 F8 F7 5A FB 63 7F 86 00 C3 E4 8D D3 
 31 80 38 F7 6D 2C 4A 67 9E 06 C5 F1 49 44 C5 A8 
 60 67 01 7F 26 53 78 22 9E FA 3A D2 C6 B2 C3 00 
 C4 91 0D BE 56 97 37 B6 33 C8 8B 27 9E 4C B2 15 
 95 8B 09 12 47 36 58 0C 5B 88 18 A4 C3 AD 3D EA 
 F5 5C 1C 6F 6F 7C F6 F5 6B A3 BE 3A 5B E3 C2 56 
 29 08 14 37 CD 27 DF 23 09 59 2F 39 07 26 82 39 
 85 B4 DA 19 65 FD 96 69 97 7D 56 0A 84 9D 05 7E 
 57 49 6F AB 18 0F F8 0A CF 7D AE 5C 4C 89 2A AB 
 51 94 14 72 F6 19 4D D8 F4 B2 5B FD A2 59 76 86 
 80 D3 84 AF 80 39 8D 6D 63 A5 F3 38 D6 41 C0 7C 
 47 0D 76 58 DF 5F 7F 7C 6F 4A 65 53 2B 54 4B 99 
 CB 3D A2 9A 0C 7B 48 73 31 37 77 3C 67 3F 64 AC 
 18 24 B9 92 62 7A D0 2B 19 5C 79 44 12 2F D4 43 
 1B BF 2A C1 6B 5D 82 5B EA 62 BE 13 4A C2 3C 7D 
 E1 C2 26 92 D2 BB 86 94 6F 90 17 E1 D6 E6 86 2F 
 05 02 BB 6C 01 78 2A 81 D5 6F F6 09 DA 62 9E B4 
 9A 8F 26 07 34 5E 41 41 E2 92 35 4E B5 57 A6 55 
 CD 06 90 24 17 43 E1 DE 26 D2 A0 1A B8 26 38 5E 
 96 6D 54 94 78 C0 BC A3 89 53 9B E6 D6 97 D3 EF 
 08 AF CE 4E BF 8D 3A A8 
 SWTPM_IO_Read: length 14
 80 01 00 00 00 0E 00 00 01 65 80 00 00 00 
    IsEnEnabled(0x165 = 'FlushContext'): 1
 SWTPM_IO_Write: length 10
 80 01 00 00 00 0A 00 00 00 00 
 SWTPM_IO_Read: length 14
 80 01 00 00 00 0E 00 00 01 62 02 00 00 00 
    IsEnEnabled(0x162 = 'ContextSave'): 1
 SWTPM_IO_Write: length 414
 80 01 00 00 01 9E 00 00 00 00 00 00 00 00 00 00 
 00 59 02 00 00 00 40 00 00 07 01 82 00 40 C1 2A 
 B0 0E B5 64 F5 A6 FD E1 10 73 A3 BF 54 0F 8A 53 
 13 27 93 B1 24 04 79 91 49 9D 6D 0D D3 E3 01 C3 
 53 A6 1B CC 51 D5 B3 FE AD 14 D4 95 17 A2 C2 8E 
 84 92 53 B5 46 88 B2 65 A9 A7 4A 48 D8 E9 7C 79 
 E8 E8 8E ED F1 23 FA 20 62 05 AF 39 EF B3 22 4B 
 32 E2 A6 9A D7 EF C1 CE F8 74 09 1B 34 7C 99 E0 
 A5 DF A1 24 B2 63 8A 73 BB 34 FE 8C 4B B0 E3 2B 
 0A 7D 21 94 77 A3 91 E5 27 89 E4 DD DB B9 78 09 
 A6 DD 7F 9D 31 11 1E 34 EC 24 26 20 C1 B2 BF 8A 
 98 FA 43 A8 7C 51 A0 F9 3E FA F7 E5 C0 E9 F5 83 
 AF 66 6D D7 88 4A BB 2F 2C C5 C6 CB 00 3C 7B D1 
 39 13 3E B3 57 C2 97 F9 37 82 0B 3C 3E 16 01 A2 
 C4 63 D1 FD 8E 4A 8C 78 02 6A 93 B0 48 A9 0C C4 
 8C 69 B1 E7 BA 83 9C 42 B5 14 74 46 E7 37 23 13 
 9F 86 A4 45 C6 61 F2 53 8B C4 A0 7F 66 63 33 B6 
 53 88 25 E5 41 4D 67 76 6C CE 72 4B A0 7A 09 20 
 FF 82 88 A9 7A D4 65 1B F0 08 BF 3F 23 A4 A6 FB 
 2A D8 87 EA B0 B3 70 0D 0D 65 D6 31 A8 EC 9F D3 
 DF D6 8D 05 09 00 69 8D 02 A7 38 17 C1 57 63 81 
 0C BB 72 9D 66 94 1B BB 3B 7E D2 59 88 1F EB DB 
 BE EC B0 65 0E 9E 37 3E 4C 91 D8 F5 AA DF FF D8 
 7B 14 20 F6 F4 4E 80 EC 3C 0E 4B 0C BF E0 68 8B 
 50 73 15 1A 0D CC E5 80 02 D6 49 B9 36 7B 6A 4D 
 71 CC 38 B8 BA 12 22 E9 C0 A7 2E E4 D3 4A 
 SWTPM_IO_Read: length 14
 80 01 00 00 00 0E 00 00 01 62 03 00 00 01 
    IsEnEnabled(0x162 = 'ContextSave'): 1
 SWTPM_IO_Write: length 414
 80 01 00 00 01 9E 00 00 00 00 00 00 00 00 00 00 
 00 5A 03 00 00 01 40 00 00 07 01 82 00 40 8A 84 
 4A C1 A8 AE 70 1A 7D A4 88 0D 10 9E 28 7D 15 7D 
 65 AC 44 A1 21 2F 7A F5 FF 41 23 53 70 C1 19 26 
 5E B8 43 BE FA 0F 20 10 B4 6F 80 B5 4F F4 27 58 
 FF FA 7E 60 7F 7C 73 F5 47 ED BC A2 87 2B 5D 9A 
 63 FA 78 A9 43 61 26 64 6B 7F 42 28 17 B6 26 E9 
 B5 33 39 F6 C4 DD D6 2D 6A 2F FD 2B 6F 5D EB 62 
 55 3B 64 01 92 CF FC EE D8 AF 23 3B 01 A0 7A 20 
 8A B9 2D E4 58 8F E6 4A FB 3A 8B 1B FE E6 D7 88 
 0B 77 F6 92 8D 51 62 DE 07 8A DE 69 4C B1 9B E8 
 7F 7B 44 79 15 49 75 A7 80 DE 77 EA B3 26 C4 6A 
 2F 3F 63 8B 3A 80 C1 18 5E 3F 4A D8 9A 5C 3A 43 
 3C 78 72 52 9F C4 A0 62 4A CF EC 23 25 6C B5 59 
 B7 11 2C 0E 73 25 92 DC 42 DF 13 57 51 A2 38 21 
 26 61 53 9E 1A D2 9B 33 80 7D 77 EB 2F 70 10 92 
 79 17 5A 84 A0 83 E3 90 23 9C 73 0A 74 F9 BE E7 
 2F 39 0A 41 D5 35 25 C2 38 EA E0 E1 57 3B 5C 19 
 1E AD D6 7E 18 57 EC 9B EF 55 2B 98 28 D6 CE AA 
 BB D4 75 CB 4F A2 C4 12 FE 6B 60 68 54 85 C7 EC 
 68 66 A7 06 B2 B8 B9 56 68 CA 03 52 85 B0 BE C1 
 06 50 08 C3 AA 7A E2 46 FA 09 46 1E 97 B5 63 AF 
 C7 B7 E4 4B 30 BE 0F C6 47 68 94 20 BD 2A C3 3B 
 9F C3 64 B2 FC A6 63 42 FA 19 05 8C 44 A9 66 C4 
 A0 11 29 A3 86 32 00 83 46 00 31 5A AC D7 E2 2B 
 C8 CE 26 C3 89 AF 33 C8 2D 55 FA D9 6E 8D 
 SWTPM_IO_Read: length 456
 80 01 00 00 01 C8 00 00 01 61 00 00 00 00 00 00 
 00 78 80 00 00 00 40 00 00 01 01 AC 00 40 12 D7 
 39 34 EF 27 97 24 8B A7 AA 86 52 DC 15 A2 1B 9F 
 29 EA A9 18 A0 84 61 9A 4F C1 68 2C BC A7 3D 8A 
 1A 86 F5 05 21 11 F4 DB 85 2A 38 AA 59 9B E8 58 
 51 AD 4A A2 35 B5 A1 E7 3A D8 07 F8 35 74 BC 63 
 17 1D 1B 4D 62 53 70 02 CC DD 7C 62 AA A9 A0 31 
 67 C4 93 E3 8D 6A EB DE 66 82 4B D9 54 E6 3A CA 
 AD DC A7 96 F8 F7 5A FB 63 7F 86 00 C3 E4 8D D3 
 31 80 38 F7 6D 2C 4A 67 9E 06 C5 F1 49 44 C5 A8 
 60 67 01 7F 26 53 78 22 9E FA 3A D2 C6 B2 C3 00 
 C4 91 0D BE 56 97 37 B6 33 C8 8B 27 9E 4C B2 15 
 95 8B 09 12 47 36 58 0C 5B 88 18 A4 C3 AD 3D EA 
 F5 5C 1C 6F 6F 7C F6 F5 6B A3 BE 3A 5B E3 C2 56 
 29 08 14 37 CD 27 DF 23 09 59 2F 39 07 26 82 39 
 85 B4 DA 19 65 FD 96 69 97 7D 56 0A 84 9D 05 7E 
 57 49 6F AB 18 0F F8 0A CF 7D AE 5C 4C 89 2A AB 
 51 94 14 72 F6 19 4D D8 F4 B2 5B FD A2 59 76 86 
 80 D3 84 AF 80 39 8D 6D 63 A5 F3 38 D6 41 C0 7C 
 47 0D 76 58 DF 5F 7F 7C 6F 4A 65 53 2B 54 4B 99 
 CB 3D A2 9A 0C 7B 48 73 31 37 77 3C 67 3F 64 AC 
 18 24 B9 92 62 7A D0 2B 19 5C 79 44 12 2F D4 43 
 1B BF 2A C1 6B 5D 82 5B EA 62 BE 13 4A C2 3C 7D 
 E1 C2 26 92 D2 BB 86 94 6F 90 17 E1 D6 E6 86 2F 
 05 02 BB 6C 01 78 2A 81 D5 6F F6 09 DA 62 9E B4 
 9A 8F 26 07 34 5E 41 41 E2 92 35 4E B5 57 A6 55 
 CD 06 90 24 17 43 E1 DE 26 D2 A0 1A B8 26 38 5E 
 96 6D 54 94 78 C0 BC A3 89 53 9B E6 D6 97 D3 EF 
 08 AF CE 4E BF 8D 3A A8 
    IsEnEnabled(0x161 = 'ContextLoad'): 1
 SWTPM_IO_Write: length 14
 80 01 00 00 00 0E 00 00 00 00 80 00 00 00 
 SWTPM_IO_Read: length 414
 80 01 00 00 01 9E 00 00 01 61 00 00 00 00 00 00 
 00 59 02 00 00 00 40 00 00 07 01 82 00 40 C1 2A 
 B0 0E B5 64 F5 A6 FD E1 10 73 A3 BF 54 0F 8A 53 
 13 27 93 B1 24 04 79 91 49 9D 6D 0D D3 E3 01 C3 
 53 A6 1B CC 51 D5 B3 FE AD 14 D4 95 17 A2 C2 8E 
 84 92 53 B5 46 88 B2 65 A9 A7 4A 48 D8 E9 7C 79 
 E8 E8 8E ED F1 23 FA 20 62 05 AF 39 EF B3 22 4B 
 32 E2 A6 9A D7 EF C1 CE F8 74 09 1B 34 7C 99 E0 
 A5 DF A1 24 B2 63 8A 73 BB 34 FE 8C 4B B0 E3 2B 
 0A 7D 21 94 77 A3 91 E5 27 89 E4 DD DB B9 78 09 
 A6 DD 7F 9D 31 11 1E 34 EC 24 26 20 C1 B2 BF 8A 
 98 FA 43 A8 7C 51 A0 F9 3E FA F7 E5 C0 E9 F5 83 
 AF 66 6D D7 88 4A BB 2F 2C C5 C6 CB 00 3C 7B D1 
 39 13 3E B3 57 C2 97 F9 37 82 0B 3C 3E 16 01 A2 
 C4 63 D1 FD 8E 4A 8C 78 02 6A 93 B0 48 A9 0C C4 
 8C 69 B1 E7 BA 83 9C 42 B5 14 74 46 E7 37 23 13 
 9F 86 A4 45 C6 61 F2 53 8B C4 A0 7F 66 63 33 B6 
 53 88 25 E5 41 4D 67 76 6C CE 72 4B A0 7A 09 20 
 FF 82 88 A9 7A D4 65 1B F0 08 BF 3F 23 A4 A6 FB 
 2A D8 87 EA B0 B3 70 0D 0D 65 D6 31 A8 EC 9F D3 
 DF D6 8D 05 09 00 69 8D 02 A7 38 17 C1 57 63 81 
 0C BB 72 9D 66 94 1B BB 3B 7E D2 59 88 1F EB DB 
 BE EC B0 65 0E 9E 37 3E 4C 91 D8 F5 AA DF FF D8 
 7B 14 20 F6 F4 4E 80 EC 3C 0E 4B 0C BF E0 68 8B 
 50 73 15 1A 0D CC E5 80 02 D6 49 B9 36 7B 6A 4D 
 71 CC 38 B8 BA 12 22 E9 C0 A7 2E E4 D3 4A 
    IsEnEnabled(0x161 = 'ContextLoad'): 1
 SWTPM_IO_Write: length 14
 80 01 00 00 00 0E 00 00 00 00 02 00 00 00 
 SWTPM_IO_Read: length 414
 80 01 00 00 01 9E 00 00 01 61 00 00 00 00 00 00 
 00 5A 03 00 00 01 40 00 00 07 01 82 00 40 8A 84 
 4A C1 A8 AE 70 1A 7D A4 88 0D 10 9E 28 7D 15 7D 
 65 AC 44 A1 21 2F 7A F5 FF 41 23 53 70 C1 19 26 
 5E B8 43 BE FA 0F 20 10 B4 6F 80 B5 4F F4 27 58 
 FF FA 7E 60 7F 7C 73 F5 47 ED BC A2 87 2B 5D 9A 
 63 FA 78 A9 43 61 26 64 6B 7F 42 28 17 B6 26 E9 
 B5 33 39 F6 C4 DD D6 2D 6A 2F FD 2B 6F 5D EB 62 
 55 3B 64 01 92 CF FC EE D8 AF 23 3B 01 A0 7A 20 
 8A B9 2D E4 58 8F E6 4A FB 3A 8B 1B FE E6 D7 88 
 0B 77 F6 92 8D 51 62 DE 07 8A DE 69 4C B1 9B E8 
 7F 7B 44 79 15 49 75 A7 80 DE 77 EA B3 26 C4 6A 
 2F 3F 63 8B 3A 80 C1 18 5E 3F 4A D8 9A 5C 3A 43 
 3C 78 72 52 9F C4 A0 62 4A CF EC 23 25 6C B5 59 
 B7 11 2C 0E 73 25 92 DC 42 DF 13 57 51 A2 38 21 
 26 61 53 9E 1A D2 9B 33 80 7D 77 EB 2F 70 10 92 
 79 17 5A 84 A0 83 E3 90 23 9C 73 0A 74 F9 BE E7 
 2F 39 0A 41 D5 35 25 C2 38 EA E0 E1 57 3B 5C 19 
 1E AD D6 7E 18 57 EC 9B EF 55 2B 98 28 D6 CE AA 
 BB D4 75 CB 4F A2 C4 12 FE 6B 60 68 54 85 C7 EC 
 68 66 A7 06 B2 B8 B9 56 68 CA 03 52 85 B0 BE C1 
 06 50 08 C3 AA 7A E2 46 FA 09 46 1E 97 B5 63 AF 
 C7 B7 E4 4B 30 BE 0F C6 47 68 94 20 BD 2A C3 3B 
 9F C3 64 B2 FC A6 63 42 FA 19 05 8C 44 A9 66 C4 
 A0 11 29 A3 86 32 00 83 46 00 31 5A AC D7 E2 2B 
 C8 CE 26 C3 89 AF 33 C8 2D 55 FA D9 6E 8D 
    IsEnEnabled(0x161 = 'ContextLoad'): 1
 SWTPM_IO_Write: length 14
 80 01 00 00 00 0E 00 00 00 00 03 00 00 01 
 SWTPM_IO_Read: length 14
 80 01 00 00 00 0E 00 00 01 65 03 00 00 01 
    IsEnEnabled(0x165 = 'FlushContext'): 1
 SWTPM_IO_Write: length 10
 80 01 00 00 00 0A 00 00 00 00 
 SWTPM_IO_Read: length 14
 80 01 00 00 00 0E 00 00 01 62 80 00 00 00 
    IsEnEnabled(0x162 = 'ContextSave'): 1
 SWTPM_IO_Write: length 456
 80 01 00 00 01 C8 00 00 00 00 00 00 00 00 00 00 
 00 79 80 00 00 00 40 00 00 01 01 AC 00 40 87 4D 
 3E 92 6E 40 62 2A F7 34 9C E9 CB 82 87 2D AC 8A 
 D6 90 5A 3C D1 3F E8 CD AD A1 D7 12 49 ED C1 7D 
 00 8D 16 0B CA A2 5F 8F 44 42 64 A2 55 B6 84 BF 
 58 CB 99 D5 DD 02 6D 8B 93 9E 73 79 AB 39 35 FE 
 16 44 A3 C1 C7 71 16 97 7A 3D 99 F4 0C 29 FA 12 
 30 C2 8C 1D 8B 53 27 1D DD EE B4 84 63 A6 38 64 
 C1 6A 8A CF 26 BD F4 DE DC 05 81 1E A2 8E 18 21 
 5F 70 B9 02 07 1B BA B6 9F 4A 49 59 B2 83 22 9E 
 4F 8A 77 0D 0E 09 10 AE 6C BB E9 4C E5 6C FC 68 
 7E 2C 05 B6 9F 1C 2F 63 7E 30 F5 8C A9 23 28 E1 
 45 7B 3E 16 21 AD 62 1C DF 59 99 40 C1 67 AB 16 
 10 A9 65 6F F6 BE AA CC 58 D1 CA 80 99 56 35 24 
 DB 0D 19 22 3E 35 B7 CB 29 70 7C D4 E7 63 12 25 
 CD B0 95 4A E1 9D 83 E9 A6 3D 97 92 6F E1 DF A1 
 D2 49 78 63 28 01 42 40 AA B7 21 BD 94 0A 2D 2A 
 5A 1E 18 B8 FF B4 7F 90 48 2B A3 DB CC 43 53 7B 
 90 31 91 6B 30 78 A7 25 1C 43 D8 38 44 66 93 29 
 4B 25 60 1C 7F 42 F8 CC A2 56 E5 14 B9 FF DF F0 
 49 5D 33 3E 81 01 01 0A 8D D2 45 29 85 1D 5B CD 
 78 47 1F 50 A4 7C DF 27 56 18 3C 88 FC E0 81 44 
 F0 40 39 75 F7 1B 25 5A A8 BA 01 47 E4 3C 60 C9 
 65 EC F1 FB A1 EE 18 47 3C 7B A0 6F 72 4B 58 AA 
 4D 14 A2 56 E4 6E AC E2 6F C4 E7 56 B2 12 0E 06 
 A4 01 2B F4 EB EC 2F 09 7C EE E2 24 79 76 9A 7D 
 5C BB 1E 39 9A 22 A9 AA 70 12 39 A3 D8 C8 9C 02 
 A1 B2 B1 B3 C0 5B BD EA F9 FD B4 51 65 2E D9 6C 
 3F 16 4D B6 FD 1D 1F 57 
 SWTPM_IO_Read: length 14
 80 01 00 00 00 0E 00 00 01 65 80 00 00 00 
    IsEnEnabled(0x165 = 'FlushContext'): 1
 SWTPM_IO_Write: length 10
 80 01 00 00 00 0A 00 00 00 00 
 SWTPM_IO_Read: length 14
 80 01 00 00 00 0E 00 00 01 62 02 00 00 00 
    IsEnEnabled(0x162 = 'ContextSave'): 1
 SWTPM_IO_Write: length 414
 80 01 00 00 01 9E 00 00 00 00 00 00 00 00 00 00 
 00 5B 02 00 00 00 40 00 00 07 01 82 00 40 D7 DA 
 7D AA 62 23 E1 DB FF 62 44 4F A4 48 F3 E6 EF 28 
 AE 31 CB 4E 1F 48 AB AC 2C 19 4D 80 65 AF 57 C1 
 A4 B5 98 04 1A BB 85 DA 95 01 91 35 60 0E 4E F6 
 36 4F A5 4D F2 FB FD E6 FE E9 C8 73 4F EE AE 90 
 67 09 3E 99 89 70 C6 E7 86 1C A1 1D E9 48 15 BB 
 FE 00 8E 4D 4F 1C 61 E4 7C AF F7 9B C8 2C 6F 85 
 6E 8C 1A 77 37 E8 9E 44 E1 F8 39 EE 7E B2 E1 4B 
 E3 52 02 01 A2 81 53 36 4F A5 D5 DE DE F0 BE 10 
 F4 A0 D2 6F 32 96 F9 C1 21 B1 8D CB 67 22 B2 42 
 E4 1C 9E 78 4F ED ED 42 A3 19 66 01 E6 D2 BA BF 
 DA BC 92 52 F7 9E 9C 07 DE 0E 08 32 BD F1 6B B1 
 E4 7E 87 93 28 C1 BD F3 02 A8 F9 0C 61 FE 83 CB 
 18 BA 72 40 95 5E CB C1 78 A6 BF 00 19 3C F9 C8 
 CD AF 70 9C 89 1A E6 9F A1 61 B5 75 FC 82 C5 90 
 AA 5C 6C CA DE 6D EF 53 0C 10 2A A8 43 A6 E2 91 
 3C 41 7A 32 A6 C4 3D 4F B9 A7 2F AE 52 C0 65 A9 
 39 0F F8 87 43 73 82 FB D4 17 65 1E 2E 6A 7E DB 
 A6 B7 AD 93 74 6D E4 60 BD 2C 3E FE FC D7 5B 09 
 2F 06 DB 7C 97 4E 94 DA D9 9D DE A1 4F 99 FE 0A 
 4E 9B 11 FA 6C C4 FB C1 8D BE 71 5C 43 E8 9B 5D 
 0B CF 7E 89 46 58 2B AD 9D BB 72 44 51 40 A8 EE 
 B7 F0 BF 58 3A D1 6C F4 BE 56 5A 08 62 1A 96 5F 
 02 54 65 35 7B A8 B1 FE 5C B4 06 3B 2F DE 73 AA 
 C9 9C 7D 16 11 51 E9 CB 25 01 66 6E 29 CA 
 SWTPM_IO_Read: length 14
 80 01 00 00 00 0E 00 00 01 62 03 00 00 01 
    IsEnEnabled(0x162 = 'ContextSave'): 1
 SWTPM_IO_Write: length 10
 80 01 00 00 00 0A 00 00 09 10 
 SWTPM_IO_Read: length 456
 80 01 00 00 01 C8 00 00 01 61 00 00 00 00 00 00 
 00 79 80 00 00 00 40 00 00 01 01 AC 00 40 87 4D 
 3E 92 6E 40 62 2A F7 34 9C E9 CB 82 87 2D AC 8A 
 D6 90 5A 3C D1 3F E8 CD AD A1 D7 12 49 ED C1 7D 
 00 8D 16 0B CA A2 5F 8F 44 42 64 A2 55 B6 84 BF 
 58 CB 99 D5 DD 02 6D 8B 93 9E 73 79 AB 39 35 FE 
 16 44 A3 C1 C7 71 16 97 7A 3D 99 F4 0C 29 FA 12 
 30 C2 8C 1D 8B 53 27 1D DD EE B4 84 63 A6 38 64 
 C1 6A 8A CF 26 BD F4 DE DC 05 81 1E A2 8E 18 21 
 5F 70 B9 02 07 1B BA B6 9F 4A 49 59 B2 83 22 9E 
 4F 8A 77 0D 0E 09 10 AE 6C BB E9 4C E5 6C FC 68 
 7E 2C 05 B6 9F 1C 2F 63 7E 30 F5 8C A9 23 28 E1 
 45 7B 3E 16 21 AD 62 1C DF 59 99 40 C1 67 AB 16 
 10 A9 65 6F F6 BE AA CC 58 D1 CA 80 99 56 35 24 
 DB 0D 19 22 3E 35 B7 CB 29 70 7C D4 E7 63 12 25 
 CD B0 95 4A E1 9D 83 E9 A6 3D 97 92 6F E1 DF A1 
 D2 49 78 63 28 01 42 40 AA B7 21 BD 94 0A 2D 2A 
 5A 1E 18 B8 FF B4 7F 90 48 2B A3 DB CC 43 53 7B 
 90 31 91 6B 30 78 A7 25 1C 43 D8 38 44 66 93 29 
 4B 25 60 1C 7F 42 F8 CC A2 56 E5 14 B9 FF DF F0 
 49 5D 33 3E 81 01 01 0A 8D D2 45 29 85 1D 5B CD 
 78 47 1F 50 A4 7C DF 27 56 18 3C 88 FC E0 81 44 
 F0 40 39 75 F7 1B 25 5A A8 BA 01 47 E4 3C 60 C9 
 65 EC F1 FB A1 EE 18 47 3C 7B A0 6F 72 4B 58 AA 
 4D 14 A2 56 E4 6E AC E2 6F C4 E7 56 B2 12 0E 06 
 A4 01 2B F4 EB EC 2F 09 7C EE E2 24 79 76 9A 7D 
 5C BB 1E 39 9A 22 A9 AA 70 12 39 A3 D8 C8 9C 02 
 A1 B2 B1 B3 C0 5B BD EA F9 FD B4 51 65 2E D9 6C 
 3F 16 4D B6 FD 1D 1F 57 
    IsEnEnabled(0x161 = 'ContextLoad'): 1
 SWTPM_IO_Write: length 14
 80 01 00 00 00 0E 00 00 00 00 80 00 00 00 
 SWTPM_IO_Read: length 414
 80 01 00 00 01 9E 00 00 01 61 00 00 00 00 00 00 
 00 5B 02 00 00 00 40 00 00 07 01 82 00 40 D7 DA 
 7D AA 62 23 E1 DB FF 62 44 4F A4 48 F3 E6 EF 28 
 AE 31 CB 4E 1F 48 AB AC 2C 19 4D 80 65 AF 57 C1 
 A4 B5 98 04 1A BB 85 DA 95 01 91 35 60 0E 4E F6 
 36 4F A5 4D F2 FB FD E6 FE E9 C8 73 4F EE AE 90 
 67 09 3E 99 89 70 C6 E7 86 1C A1 1D E9 48 15 BB 
 FE 00 8E 4D 4F 1C 61 E4 7C AF F7 9B C8 2C 6F 85 
 6E 8C 1A 77 37 E8 9E 44 E1 F8 39 EE 7E B2 E1 4B 
 E3 52 02 01 A2 81 53 36 4F A5 D5 DE DE F0 BE 10 
 F4 A0 D2 6F 32 96 F9 C1 21 B1 8D CB 67 22 B2 42 
 E4 1C 9E 78 4F ED ED 42 A3 19 66 01 E6 D2 BA BF 
 DA BC 92 52 F7 9E 9C 07 DE 0E 08 32 BD F1 6B B1 
 E4 7E 87 93 28 C1 BD F3 02 A8 F9 0C 61 FE 83 CB 
 18 BA 72 40 95 5E CB C1 78 A6 BF 00 19 3C F9 C8 
 CD AF 70 9C 89 1A E6 9F A1 61 B5 75 FC 82 C5 90 
 AA 5C 6C CA DE 6D EF 53 0C 10 2A A8 43 A6 E2 91 
 3C 41 7A 32 A6 C4 3D 4F B9 A7 2F AE 52 C0 65 A9 
 39 0F F8 87 43 73 82 FB D4 17 65 1E 2E 6A 7E DB 
 A6 B7 AD 93 74 6D E4 60 BD 2C 3E FE FC D7 5B 09 
 2F 06 DB 7C 97 4E 94 DA D9 9D DE A1 4F 99 FE 0A 
 4E 9B 11 FA 6C C4 FB C1 8D BE 71 5C 43 E8 9B 5D 
 0B CF 7E 89 46 58 2B AD 9D BB 72 44 51 40 A8 EE 
 B7 F0 BF 58 3A D1 6C F4 BE 56 5A 08 62 1A 96 5F 
 02 54 65 35 7B A8 B1 FE 5C B4 06 3B 2F DE 73 AA 
 C9 9C 7D 16 11 51 E9 CB 25 01 66 6E 29 CA 
    IsEnEnabled(0x161 = 'ContextLoad'): 1
 SWTPM_IO_Write: length 14
 80 01 00 00 00 0E 00 00 00 00 02 00 00 00 
 SWTPM_IO_Read: length 14
 80 01 00 00 00 0E 00 00 01 65 02 00 00 00 
    IsEnEnabled(0x165 = 'FlushContext'): 1
 SWTPM_IO_Write: length 10
 80 01 00 00 00 0A 00 00 00 00 
 SWTPM_IO_Read: length 14
 80 01 00 00 00 0E 00 00 01 62 80 00 00 00 
    IsEnEnabled(0x162 = 'ContextSave'): 1
 SWTPM_IO_Write: length 456
 80 01 00 00 01 C8 00 00 00 00 00 00 00 00 00 00 
 00 7A 80 00 00 00 40 00 00 01 01 AC 00 40 32 AF 
 D6 7A DF 72 2D C1 14 3F BA 2E 71 AA 84 A3 9A 8D 
 06 81 03 FB 02 5A 2C 3E 03 31 C0 EC A1 0D 40 98 
 B5 EF 20 DF 3C D9 E1 51 47 11 F2 40 C4 43 4F 66 
 CF DE 5A 10 1B 99 01 43 BC BB 14 D1 AB 75 91 FD 
 54 20 8C 3A AE 05 0F 8E 8F 0A 50 82 D3 B5 5E 9F 
 07 03 5E F9 2D 77 15 04 A4 10 9A AA E3 36 34 63 
 DA 74 26 93 5A 90 AF 1D 4E 6A 09 F2 EC F5 C3 77 
 77 62 43 AA A0 95 5B 5D 69 C5 1F CA 08 AE 00 A3 
 FB 8B A1 E1 1F A8 CC A6 C1 C5 32 B5 92 A0 D1 D8 
 FA A4 B8 42 8D 5D 4D CB DF B0 BD 67 EB BF 1D 99 
 CD F1 C2 AC 70 10 0C 74 15 2F 6A 21 55 58 30 EC 
 CC AF 04 24 70 C2 7F 30 01 0C 5F F7 03 62 5C B2 
 F2 DA 32 E1 0C 88 D5 43 AD 08 E7 CF BA EB CA 38 
 3C 26 5C C7 21 57 EB B6 30 BF 93 AA A8 A1 41 28 
 95 D4 E7 D8 70 E3 22 EA 76 A1 63 D6 4A 68 33 78 
 A3 52 4C 49 63 0E EC 96 24 90 30 C4 B2 F3 A5 8F 
 7F B8 4A 4E FA 44 4B 07 96 76 84 BF D6 F9 B5 5D 
 3A A5 56 57 E1 A6 06 C3 55 98 10 93 4D 35 C9 E2 
 7E 97 5F 45 E1 F3 3D AA ED 83 14 A4 D2 AD A5 A0 
 57 42 6C 8A A9 25 D1 FB 87 AB 8C C6 9A 17 AB 5C 
 87 CC 6E C4 4E 83 6E F0 CC 63 FF 9F 7E 97 E4 C5 
 0B F7 36 DE A2 18 43 8B 27 DE 06 1D 59 C5 2B 6D 
 31 6E 91 E5 B1 A8 DC 80 28 27 21 0C F9 E1 DD 16 
 D0 08 BE 84 AA B7 65 DD 52 C7 6D E0 45 0B EB B7 
 38 A6 6C 39 64 BE 8E ED C4 02 D1 DF 68 53 9A 2F 
 C6 EF 7B 2F 93 55 38 87 9E 44 B2 76 19 E0 0B 77 
 A9 F9 2C 06 87 0F 78 B2 
 SWTPM_IO_Read: length 14
 80 01 00 00 00 0E 00 00 01 65 80 00 00 00 
    IsEnEnabled(0x165 = 'FlushContext'): 1
 SWTPM_IO_Write: length 10
 80 01 00 00 00 0A 00 00 00 00 
 SWTPM_IO_Read: length 14
 80 01 00 00 00 0E 00 00 01 62 02 00 00 00 
    IsEnEnabled(0x162 = 'ContextSave'): 1
 SWTPM_IO_Write: length 10
 80 01 00 00 00 0A 00 00 09 10 
 SWTPM_IO_Read: length 456
 80 01 00 00 01 C8 00 00 01 61 00 00 00 00 00 00 
 00 7A 80 00 00 00 40 00 00 01 01 AC 00 40 32 AF 
 D6 7A DF 72 2D C1 14 3F BA 2E 71 AA 84 A3 9A 8D 
 06 81 03 FB 02 5A 2C 3E 03 31 C0 EC A1 0D 40 98 
 B5 EF 20 DF 3C D9 E1 51 47 11 F2 40 C4 43 4F 66 
 CF DE 5A 10 1B 99 01 43 BC BB 14 D1 AB 75 91 FD 
 54 20 8C 3A AE 05 0F 8E 8F 0A 50 82 D3 B5 5E 9F 
 07 03 5E F9 2D 77 15 04 A4 10 9A AA E3 36 34 63 
 DA 74 26 93 5A 90 AF 1D 4E 6A 09 F2 EC F5 C3 77 
 77 62 43 AA A0 95 5B 5D 69 C5 1F CA 08 AE 00 A3 
 FB 8B A1 E1 1F A8 CC A6 C1 C5 32 B5 92 A0 D1 D8 
 FA A4 B8 42 8D 5D 4D CB DF B0 BD 67 EB BF 1D 99 
 CD F1 C2 AC 70 10 0C 74 15 2F 6A 21 55 58 30 EC 
 CC AF 04 24 70 C2 7F 30 01 0C 5F F7 03 62 5C B2 
 F2 DA 32 E1 0C 88 D5 43 AD 08 E7 CF BA EB CA 38 
 3C 26 5C C7 21 57 EB B6 30 BF 93 AA A8 A1 41 28 
 95 D4 E7 D8 70 E3 22 EA 76 A1 63 D6 4A 68 33 78 
 A3 52 4C 49 63 0E EC 96 24 90 30 C4 B2 F3 A5 8F 
 7F B8 4A 4E FA 44 4B 07 96 76 84 BF D6 F9 B5 5D 
 3A A5 56 57 E1 A6 06 C3 55 98 10 93 4D 35 C9 E2 
 7E 97 5F 45 E1 F3 3D AA ED 83 14 A4 D2 AD A5 A0 
 57 42 6C 8A A9 25 D1 FB 87 AB 8C C6 9A 17 AB 5C 
 87 CC 6E C4 4E 83 6E F0 CC 63 FF 9F 7E 97 E4 C5 
 0B F7 36 DE A2 18 43 8B 27 DE 06 1D 59 C5 2B 6D 
 31 6E 91 E5 B1 A8 DC 80 28 27 21 0C F9 E1 DD 16 
 D0 08 BE 84 AA B7 65 DD 52 C7 6D E0 45 0B EB B7 
 38 A6 6C 39 64 BE 8E ED C4 02 D1 DF 68 53 9A 2F 
 C6 EF 7B 2F 93 55 38 87 9E 44 B2 76 19 E0 0B 77 
 A9 F9 2C 06 87 0F 78 B2 
    IsEnEnabled(0x161 = 'ContextLoad'): 1
 SWTPM_IO_Write: length 14
 80 01 00 00 00 0E 00 00 00 00 80 00 00 00 
 SWTPM_IO_Read: length 14
 80 01 00 00 00 0E 00 00 01 65 80 00 00 00 
    IsEnEnabled(0x165 = 'FlushContext'): 1
 SWTPM_IO_Write: length 10
 80 01 00 00 00 0A 00 00 00 00 
 SWTPM_IO_Read: length 14
 80 01 00 00 00 0E 00 00 01 62 80 00 00 00 
    IsEnEnabled(0x162 = 'ContextSave'): 1
 SWTPM_IO_Write: length 10
 80 01 00 00 00 0A 00 00 09 10 
 SWTPM_IO_Read: length 12
 80 01 00 00 00 0C 00 00 01 7B 00 08 
    IsEnEnabled(0x17b = 'GetRandom'): 1
 SWTPM_IO_Write: length 20
 80 01 00 00 00 14 00 00 00 00 00 08 87 F2 0D 55 
 EF 80 98 42 
 SWTPM_IO_Read: length 12
 80 01 00 00 00 0C 00 00 01 44 00 00 
    IsEnEnabled(0x144 = 'Startup'): 1
 SWTPM_IO_Write: length 10
 80 01 00 00 00 0A 00 00 01 00 
 SWTPM_IO_Read: length 22
 80 01 00 00 00 16 00 00 01 7A 00 00 00 00 00 00 
 00 01 00 00 00 7F 
    IsEnEnabled(0x17a = 'GetCapability'): 1
 SWTPM_IO_Write: length 217
 80 01 00 00 00 D9 00 00 00 00 00 00 00 00 00 00 
 00 00 21 00 01 00 00 00 09 00 03 00 00 00 02 00 
 04 00 00 00 04 00 05 00 00 01 04 00 06 00 00 00 
 02 00 07 00 00 04 04 00 08 00 00 03 0C 00 0A 00 
 00 00 06 00 0B 00 00 00 04 00 0C 00 00 00 04 00 
 0D 00 00 00 04 00 14 00 00 01 01 00 15 00 00 02 
 01 00 16 00 00 01 01 00 17 00 00 02 01 00 18 00 
 00 01 01 00 19 00 00 04 01 00 1A 00 00 01 01 00 
 1B 00 00 05 01 00 1C 00 00 01 01 00 1D 00 00 04 
 01 00 20 00 00 04 04 00 21 00 00 04 04 00 22 00 
 00 04 04 00 23 00 00 00 09 00 25 00 00 00 08 00 
 26 00 00 00 02 00 3F 00 00 01 02 00 40 00 00 02 
 02 00 41 00 00 02 02 00 42 00 00 02 02 00 43 00 
 00 02 02 00 44 00 00 02 02 
 SWTPM_IO_Read: length 22
 80 01 00 00 00 16 00 00 01 7A 00 00 00 02 00 00 
 01 1F 00 00 01 00 
    IsEnEnabled(0x17a = 'GetCapability'): 1
    IsEnEnabled(0x11f = 'NV_UndefineSpaceSpecial'): 1
    IsEnEnabled(0x11f = 'NV_UndefineSpaceSpecial'): 1
    IsEnEnabled(0x120 = 'EvictControl'): 1
    IsEnEnabled(0x120 = 'EvictControl'): 1
    IsEnEnabled(0x121 = 'HierarchyControl'): 1
    IsEnEnabled(0x121 = 'HierarchyControl'): 1
    IsEnEnabled(0x122 = 'NV_UndefineSpace'): 1
    IsEnEnabled(0x122 = 'NV_UndefineSpace'): 1
    IsEnEnabled(0x123 = '(null)'): 0
    IsEnEnabled(0x124 = 'ChangeEPS'): 1
    IsEnEnabled(0x124 = 'ChangeEPS'): 1
    IsEnEnabled(0x125 = 'ChangePPS'): 1
    IsEnEnabled(0x125 = 'ChangePPS'): 1
    IsEnEnabled(0x126 = 'Clear'): 1
    IsEnEnabled(0x126 = 'Clear'): 1
    IsEnEnabled(0x127 = 'ClearControl'): 1
    IsEnEnabled(0x127 = 'ClearControl'): 1
    IsEnEnabled(0x128 = 'ClockSet'): 1
    IsEnEnabled(0x128 = 'ClockSet'): 1
    IsEnEnabled(0x129 = 'HierarchyChangeAuth'): 1
    IsEnEnabled(0x129 = 'HierarchyChangeAuth'): 1
    IsEnEnabled(0x12a = 'NV_DefineSpace'): 1
    IsEnEnabled(0x12a = 'NV_DefineSpace'): 1
    IsEnEnabled(0x12b = 'PCR_Allocate'): 1
    IsEnEnabled(0x12b = 'PCR_Allocate'): 1
    IsEnEnabled(0x12c = 'PCR_SetAuthPolicy'): 1
    IsEnEnabled(0x12c = 'PCR_SetAuthPolicy'): 1
    IsEnEnabled(0x12d = 'PP_Commands'): 1
    IsEnEnabled(0x12d = 'PP_Commands'): 1
    IsEnEnabled(0x12e = 'SetPrimaryPolicy'): 1
    IsEnEnabled(0x12e = 'SetPrimaryPolicy'): 1
    IsEnEnabled(0x12f = '(null)'): 0
    IsEnEnabled(0x130 = 'ClockRateAdjust'): 1
    IsEnEnabled(0x130 = 'ClockRateAdjust'): 1
    IsEnEnabled(0x131 = 'CreatePrimary'): 1
    IsEnEnabled(0x131 = 'CreatePrimary'): 1
    IsEnEnabled(0x132 = 'NV_GlobalWriteLock'): 1
    IsEnEnabled(0x132 = 'NV_GlobalWriteLock'): 1
    IsEnEnabled(0x133 = 'GetCommandAuditDigest'): 1
    IsEnEnabled(0x133 = 'GetCommandAuditDigest'): 1
    IsEnEnabled(0x134 = 'NV_Increment'): 1
    IsEnEnabled(0x134 = 'NV_Increment'): 1
    IsEnEnabled(0x135 = 'NV_SetBits'): 1
    IsEnEnabled(0x135 = 'NV_SetBits'): 1
    IsEnEnabled(0x136 = 'NV_Extend'): 1
    IsEnEnabled(0x136 = 'NV_Extend'): 1
    IsEnEnabled(0x137 = 'NV_Write'): 1
    IsEnEnabled(0x137 = 'NV_Write'): 1
    IsEnEnabled(0x138 = 'NV_WriteLock'): 1
    IsEnEnabled(0x138 = 'NV_WriteLock'): 1
    IsEnEnabled(0x139 = 'DictionaryAttackLockReset'): 1
    IsEnEnabled(0x139 = 'DictionaryAttackLockReset'): 1
    IsEnEnabled(0x13a = 'DictionaryAttackParameters'): 1
    IsEnEnabled(0x13a = 'DictionaryAttackParameters'): 1
    IsEnEnabled(0x13b = 'NV_ChangeAuth'): 1
    IsEnEnabled(0x13b = 'NV_ChangeAuth'): 1
    IsEnEnabled(0x13c = 'PCR_Event'): 1
    IsEnEnabled(0x13c = 'PCR_Event'): 1
    IsEnEnabled(0x13d = 'PCR_Reset'): 1
    IsEnEnabled(0x13d = 'PCR_Reset'): 1
    IsEnEnabled(0x13e = 'SequenceComplete'): 1
    IsEnEnabled(0x13e = 'SequenceComplete'): 1
    IsEnEnabled(0x13f = 'SetAlgorithmSet'): 1
    IsEnEnabled(0x13f = 'SetAlgorithmSet'): 1
    IsEnEnabled(0x140 = 'SetCommandCodeAuditStatus'): 1
    IsEnEnabled(0x140 = 'SetCommandCodeAuditStatus'): 1
    IsEnEnabled(0x141 = '(null)'): 0
    IsEnEnabled(0x142 = 'IncrementalSelfTest'): 1
    IsEnEnabled(0x142 = 'IncrementalSelfTest'): 1
    IsEnEnabled(0x143 = 'SelfTest'): 1
    IsEnEnabled(0x143 = 'SelfTest'): 1
    IsEnEnabled(0x144 = 'Startup'): 1
    IsEnEnabled(0x144 = 'Startup'): 1
    IsEnEnabled(0x145 = 'Shutdown'): 1
    IsEnEnabled(0x145 = 'Shutdown'): 1
    IsEnEnabled(0x146 = 'StirRandom'): 1
    IsEnEnabled(0x146 = 'StirRandom'): 1
    IsEnEnabled(0x147 = 'ActivateCredential'): 1
    IsEnEnabled(0x147 = 'ActivateCredential'): 1
    IsEnEnabled(0x148 = 'Certify'): 1
    IsEnEnabled(0x148 = 'Certify'): 1
    IsEnEnabled(0x149 = 'PolicyNV'): 1
    IsEnEnabled(0x149 = 'PolicyNV'): 1
    IsEnEnabled(0x14a = 'CertifyCreation'): 1
    IsEnEnabled(0x14a = 'CertifyCreation'): 1
    IsEnEnabled(0x14b = 'Duplicate'): 1
    IsEnEnabled(0x14b = 'Duplicate'): 1
    IsEnEnabled(0x14c = 'GetTime'): 1
    IsEnEnabled(0x14c = 'GetTime'): 1
    IsEnEnabled(0x14d = 'GetSessionAuditDigest'): 1
    IsEnEnabled(0x14d = 'GetSessionAuditDigest'): 1
    IsEnEnabled(0x14e = 'NV_Read'): 1
    IsEnEnabled(0x14e = 'NV_Read'): 1
    IsEnEnabled(0x14f = 'NV_ReadLock'): 1
    IsEnEnabled(0x14f = 'NV_ReadLock'): 1
    IsEnEnabled(0x150 = 'ObjectChangeAuth'): 1
    IsEnEnabled(0x150 = 'ObjectChangeAuth'): 1
    IsEnEnabled(0x151 = 'PolicySecret'): 1
    IsEnEnabled(0x151 = 'PolicySecret'): 1
    IsEnEnabled(0x152 = 'Rewrap'): 1
    IsEnEnabled(0x152 = 'Rewrap'): 1
    IsEnEnabled(0x153 = 'Create'): 1
    IsEnEnabled(0x153 = 'Create'): 1
    IsEnEnabled(0x154 = 'ECDH_ZGen'): 1
    IsEnEnabled(0x154 = 'ECDH_ZGen'): 1
    IsEnEnabled(0x155 = 'MAC'): 1
    IsEnEnabled(0x155 = 'MAC'): 1
    IsEnEnabled(0x156 = 'Import'): 1
    IsEnEnabled(0x156 = 'Import'): 1
    IsEnEnabled(0x157 = 'Load'): 1
    IsEnEnabled(0x157 = 'Load'): 1
    IsEnEnabled(0x158 = 'Quote'): 1
    IsEnEnabled(0x158 = 'Quote'): 1
    IsEnEnabled(0x159 = 'RSA_Decrypt'): 1
    IsEnEnabled(0x159 = 'RSA_Decrypt'): 1
    IsEnEnabled(0x15a = '(null)'): 0
    IsEnEnabled(0x15b = 'MAC_Start'): 1
    IsEnEnabled(0x15b = 'MAC_Start'): 1
    IsEnEnabled(0x15c = 'SequenceUpdate'): 1
    IsEnEnabled(0x15c = 'SequenceUpdate'): 1
    IsEnEnabled(0x15d = 'Sign'): 1
    IsEnEnabled(0x15d = 'Sign'): 1
    IsEnEnabled(0x15e = 'Unseal'): 1
    IsEnEnabled(0x15e = 'Unseal'): 1
    IsEnEnabled(0x15f = '(null)'): 0
    IsEnEnabled(0x160 = 'PolicySigned'): 1
    IsEnEnabled(0x160 = 'PolicySigned'): 1
    IsEnEnabled(0x161 = 'ContextLoad'): 1
    IsEnEnabled(0x161 = 'ContextLoad'): 1
    IsEnEnabled(0x162 = 'ContextSave'): 1
    IsEnEnabled(0x162 = 'ContextSave'): 1
    IsEnEnabled(0x163 = 'ECDH_KeyGen'): 1
    IsEnEnabled(0x163 = 'ECDH_KeyGen'): 1
    IsEnEnabled(0x164 = 'EncryptDecrypt'): 1
    IsEnEnabled(0x164 = 'EncryptDecrypt'): 1
    IsEnEnabled(0x165 = 'FlushContext'): 1
    IsEnEnabled(0x165 = 'FlushContext'): 1
    IsEnEnabled(0x166 = '(null)'): 0
    IsEnEnabled(0x167 = 'LoadExternal'): 1
    IsEnEnabled(0x167 = 'LoadExternal'): 1
    IsEnEnabled(0x168 = 'MakeCredential'): 1
    IsEnEnabled(0x168 = 'MakeCredential'): 1
    IsEnEnabled(0x169 = 'NV_ReadPublic'): 1
    IsEnEnabled(0x169 = 'NV_ReadPublic'): 1
    IsEnEnabled(0x16a = 'PolicyAuthorize'): 1
    IsEnEnabled(0x16a = 'PolicyAuthorize'): 1
    IsEnEnabled(0x16b = 'PolicyAuthValue'): 1
    IsEnEnabled(0x16b = 'PolicyAuthValue'): 1
    IsEnEnabled(0x16c = 'PolicyCommandCode'): 1
    IsEnEnabled(0x16c = 'PolicyCommandCode'): 1
    IsEnEnabled(0x16d = 'PolicyCounterTimer'): 1
    IsEnEnabled(0x16d = 'PolicyCounterTimer'): 1
    IsEnEnabled(0x16e = 'PolicyCpHash'): 1
    IsEnEnabled(0x16e = 'PolicyCpHash'): 1
    IsEnEnabled(0x16f = 'PolicyLocality'): 1
    IsEnEnabled(0x16f = 'PolicyLocality'): 1
    IsEnEnabled(0x170 = 'PolicyNameHash'): 1
    IsEnEnabled(0x170 = 'PolicyNameHash'): 1
    IsEnEnabled(0x171 = 'PolicyOR'): 1
    IsEnEnabled(0x171 = 'PolicyOR'): 1
    IsEnEnabled(0x172 = 'PolicyTicket'): 1
    IsEnEnabled(0x172 = 'PolicyTicket'): 1
    IsEnEnabled(0x173 = 'ReadPublic'): 1
    IsEnEnabled(0x173 = 'ReadPublic'): 1
    IsEnEnabled(0x174 = 'RSA_Encrypt'): 1
    IsEnEnabled(0x174 = 'RSA_Encrypt'): 1
    IsEnEnabled(0x175 = '(null)'): 0
    IsEnEnabled(0x176 = 'StartAuthSession'): 1
    IsEnEnabled(0x176 = 'StartAuthSession'): 1
    IsEnEnabled(0x177 = 'VerifySignature'): 1
    IsEnEnabled(0x177 = 'VerifySignature'): 1
    IsEnEnabled(0x178 = 'ECC_Parameters'): 1
    IsEnEnabled(0x178 = 'ECC_Parameters'): 1
    IsEnEnabled(0x179 = '(null)'): 0
    IsEnEnabled(0x17a = 'GetCapability'): 1
    IsEnEnabled(0x17a = 'GetCapability'): 1
    IsEnEnabled(0x17b = 'GetRandom'): 1
    IsEnEnabled(0x17b = 'GetRandom'): 1
    IsEnEnabled(0x17c = 'GetTestResult'): 1
    IsEnEnabled(0x17c = 'GetTestResult'): 1
    IsEnEnabled(0x17d = 'Hash'): 1
    IsEnEnabled(0x17d = 'Hash'): 1
    IsEnEnabled(0x17e = 'PCR_Read'): 1
    IsEnEnabled(0x17e = 'PCR_Read'): 1
    IsEnEnabled(0x17f = 'PolicyPCR'): 1
    IsEnEnabled(0x17f = 'PolicyPCR'): 1
    IsEnEnabled(0x180 = 'PolicyRestart'): 1
    IsEnEnabled(0x180 = 'PolicyRestart'): 1
    IsEnEnabled(0x181 = 'ReadClock'): 1
    IsEnEnabled(0x181 = 'ReadClock'): 1
    IsEnEnabled(0x182 = 'PCR_Extend'): 1
    IsEnEnabled(0x182 = 'PCR_Extend'): 1
    IsEnEnabled(0x183 = 'PCR_SetAuthValue'): 1
    IsEnEnabled(0x183 = 'PCR_SetAuthValue'): 1
    IsEnEnabled(0x184 = 'NV_Certify'): 1
    IsEnEnabled(0x184 = 'NV_Certify'): 1
    IsEnEnabled(0x185 = 'EventSequenceComplete'): 1
    IsEnEnabled(0x185 = 'EventSequenceComplete'): 1
    IsEnEnabled(0x186 = 'HashSequenceStart'): 1
    IsEnEnabled(0x186 = 'HashSequenceStart'): 1
    IsEnEnabled(0x187 = 'PolicyPhysicalPresence'): 1
    IsEnEnabled(0x187 = 'PolicyPhysicalPresence'): 1
    IsEnEnabled(0x188 = 'PolicyDuplicationSelect'): 1
    IsEnEnabled(0x188 = 'PolicyDuplicationSelect'): 1
    IsEnEnabled(0x189 = 'PolicyGetDigest'): 1
    IsEnEnabled(0x189 = 'PolicyGetDigest'): 1
    IsEnEnabled(0x18a = 'TestParms'): 1
    IsEnEnabled(0x18a = 'TestParms'): 1
    IsEnEnabled(0x18b = 'Commit'): 1
    IsEnEnabled(0x18b = 'Commit'): 1
    IsEnEnabled(0x18c = 'PolicyPassword'): 1
    IsEnEnabled(0x18c = 'PolicyPassword'): 1
    IsEnEnabled(0x18d = 'ZGen_2Phase'): 1
    IsEnEnabled(0x18d = 'ZGen_2Phase'): 1
    IsEnEnabled(0x18e = 'EC_Ephemeral'): 1
    IsEnEnabled(0x18e = 'EC_Ephemeral'): 1
    IsEnEnabled(0x18f = 'PolicyNvWritten'): 1
    IsEnEnabled(0x18f = 'PolicyNvWritten'): 1
    IsEnEnabled(0x190 = 'PolicyTemplate'): 1
    IsEnEnabled(0x190 = 'PolicyTemplate'): 1
    IsEnEnabled(0x191 = 'CreateLoaded'): 1
    IsEnEnabled(0x191 = 'CreateLoaded'): 1
    IsEnEnabled(0x192 = 'PolicyAuthorizeNV'): 1
    IsEnEnabled(0x192 = 'PolicyAuthorizeNV'): 1
    IsEnEnabled(0x193 = 'EncryptDecrypt2'): 1
    IsEnEnabled(0x193 = 'EncryptDecrypt2'): 1
    IsEnEnabled(0x194 = '(null)'): 0
    IsEnEnabled(0x195 = '(null)'): 0
    IsEnEnabled(0x196 = '(null)'): 0
    IsEnEnabled(0x197 = 'CertifyX509'): 1
    IsEnEnabled(0x197 = 'CertifyX509'): 1
    IsEnEnabled(0x198 = '(null)'): 0
    IsEnEnabled(0x199 = 'ECC_Encrypt'): 0
    IsEnEnabled(0x19a = 'ECC_Decrypt'): 0
    IsEnEnabled(0x19b = 'PolicyCapability'): 0
    IsEnEnabled(0x19c = 'PolicyParameters'): 0
    IsEnEnabled(0x19d = '(null)'): 0
    IsEnEnabled(0x19e = '(null)'): 0
    IsEnEnabled(0x19f = '(null)'): 0
 SWTPM_IO_Write: length 459
 80 01 00 00 01 CB 00 00 00 00 00 00 00 00 02 00 
 00 00 6E 04 40 01 1F 04 40 01 20 02 C0 01 21 04 
 40 01 22 02 C0 01 24 02 C0 01 25 02 C0 01 26 02 
 40 01 27 02 40 01 28 02 40 01 29 02 40 01 2A 02 
 40 01 2B 02 40 01 2C 02 40 01 2D 02 40 01 2E 02 
 00 01 30 12 00 01 31 02 40 01 32 04 40 01 33 04 
 40 01 34 04 40 01 35 04 40 01 36 04 40 01 37 04 
 40 01 38 02 40 01 39 02 40 01 3A 02 40 01 3B 02 
 40 01 3C 02 40 01 3D 03 00 01 3E 02 40 01 3F 02 
 40 01 40 00 40 01 42 00 40 01 43 00 40 01 44 00 
 40 01 45 00 40 01 46 04 00 01 47 04 00 01 48 06 
 00 01 49 04 00 01 4A 04 00 01 4B 04 00 01 4C 06 
 00 01 4D 04 00 01 4E 04 40 01 4F 04 00 01 50 04 
 00 01 51 04 00 01 52 02 00 01 53 02 00 01 54 02 
 00 01 55 02 00 01 56 12 00 01 57 02 00 01 58 02 
 00 01 59 12 00 01 5B 02 00 01 5C 02 00 01 5D 02 
 00 01 5E 04 00 01 60 10 00 01 61 02 00 01 62 02 
 00 01 63 02 00 01 64 00 00 01 65 10 00 01 67 02 
 00 01 68 02 00 01 69 02 00 01 6A 02 00 01 6B 02 
 00 01 6C 02 00 01 6D 02 00 01 6E 02 00 01 6F 02 
 00 01 70 02 00 01 71 02 00 01 72 02 00 01 73 02 
 00 01 74 14 00 01 76 02 00 01 77 00 00 01 78 00 
 00 01 7A 00 00 01 7B 00 00 01 7C 00 00 01 7D 00 
 00 01 7E 02 00 01 7F 02 00 01 80 00 00 01 81 02 
 40 01 82 02 00 01 83 06 00 01 84 05 40 01 85 10 
 00 01 86 02 00 01 87 02 00 01 88 02 00 01 89 00 
 00 01 8A 02 00 01 8B 02 00 01 8C 02 00 01 8D 00 
 00 01 8E 02 00 01 8F 02 00 01 90 12 00 01 91 06 
 00 01 92 02 00 01 93 04 00 01 97 
 SWTPM_IO_Read: length 22
 80 01 00 00 00 16 00 00 01 7A 00 00 00 08 00 00 
 00 00 00 00 01 FC 
    IsEnEnabled(0x17a = 'GetCapability'): 1
 SWTPM_IO_Write: length 35
 80 01 00 00 00 23 00 00 00 00 00 00 00 00 08 00 
 00 00 08 00 01 00 02 00 03 00 04 00 05 00 10 00 
 11 00 20 
 SWTPM_IO_Read: length 22
 80 01 00 00 00 16 00 00 01 7A 00 00 00 05 00 00 
 00 00 00 00 00 01 
    IsEnEnabled(0x17a = 'GetCapability'): 1
 SWTPM_IO_Write: length 43
 80 01 00 00 00 2B 00 00 00 00 00 00 00 00 05 00 
 00 00 04 00 04 03 FF FF FF 00 0B 03 FF FF FF 00 
 0C 03 FF FF FF 00 0D 03 FF FF FF 
 SWTPM_IO_Read: length 18
 80 01 00 00 00 12 00 00 01 8A 00 25 00 06 00 80 
 00 43 
    IsEnEnabled(0x18a = 'TestParms'): 1
 SWTPM_IO_Write: length 10
 80 01 00 00 00 0A 00 00 00 00 
 SWTPM_IO_Read: length 267
 80 02 00 00 01 0B 00 00 01 57 81 00 00 01 00 00 
 00 09 40 00 00 09 00 00 00 00 00 00 9E 00 20 01 
 AE 1F EE ED 55 84 64 18 5B 60 E9 72 B1 6A F1 85 
 B7 86 87 D7 7A A3 6B EB F1 29 03 DD 7D B1 AD 00 
 10 C6 8F 0F D2 72 72 B1 C5 61 83 44 EA F6 ED D2 
 A1 6A 23 F7 CA 8D C9 BF 28 C1 9A 85 15 7C B1 0E 
 17 DE 6A 18 4C BE 5A 3C 1B F9 66 A3 B6 87 77 39 
 34 76 7F 28 AE 72 92 F5 9F 87 43 80 C7 18 E8 C1 
 E4 FA FF 3C 29 F0 9B A5 E0 1E 9D AD C3 53 D7 15 
 32 8E F4 55 47 C2 32 3A 2C 89 0F AD 9A C2 C6 5C 
 8E 18 38 7D 83 72 C3 57 B3 82 30 6A 18 5F AD 24 
 87 02 AB 25 B0 0B D4 5A 7E AE 09 00 4E 00 08 00 
 0B 00 00 00 12 00 20 89 17 A4 13 D8 E4 C8 B6 B7 
 F1 1E 90 42 16 CC A4 5B 06 9C 58 6B 46 F4 2C A6 
 70 E2 CC 05 A5 15 83 00 10 00 20 FD 7B D4 DE 50 
 E2 88 39 72 9B CE 2A 1E 4B 63 2E 7F B0 F3 A0 21 
 38 6D ED EE 2C 64 AF 84 3E AA F7 
    IsEnEnabled(0x157 = 'Load'): 1
 SWTPM_IO_Write: length 59
 80 02 00 00 00 3B 00 00 00 00 80 00 00 01 00 00 
 00 24 00 22 00 0B 2C 98 E9 18 9C B7 CC 7B 1D D0 
 69 EC D3 D8 8C B2 B2 DC DF AB FC 5E FF 65 B4 BF 
 D7 1C FF 11 17 57 00 00 01 00 00 
 SWTPM_IO_Read: length 14
 80 01 00 00 00 0E 00 00 01 62 80 00 00 01 
    IsEnEnabled(0x162 = 'ContextSave'): 1
 SWTPM_IO_Write: length 456
 80 01 00 00 01 C8 00 00 00 00 00 00 00 00 00 00 
 00 7B 80 00 00 00 40 00 00 01 01 AC 00 40 DC CF 
 3B 42 E3 4C 96 3F 26 10 26 65 E4 21 94 57 32 D5 
 41 81 96 EE 98 CE D6 70 BF F6 0C EE 60 B7 E2 28 
 CF 45 7E 45 C3 F4 08 FC CE A9 31 2C 27 AE E3 9E 
 C1 F9 CA 7C F1 C5 5E 64 EA 52 58 87 7F 28 C4 09 
 EB 5E 3E B7 D8 B7 3C DB F9 74 25 1B 91 B4 00 2C 
 4C 8C CA A5 28 DF A4 63 1B 07 70 E2 FA 5F A7 EE 
 10 91 03 64 4D CF CD C9 B1 F6 21 22 0B 03 5B 03 
 89 CC 74 B7 6B 40 0C 9C 82 B0 0C A1 E7 5C E2 A4 
 71 01 16 33 20 B3 EB 2E 89 98 9B 48 31 D8 24 55 
 4E 0D 25 E2 82 38 EC AC C1 AE 59 05 44 6A BD 6B 
 FC B1 A7 4C BA 27 3B AA 95 92 0C 5B A1 E8 42 82 
 52 7F F1 FA A7 E8 D0 37 BF AF 4B 9D D9 75 D6 FD 
 DD 04 72 6D CE 67 27 4C ED FC 6A 59 AD D7 28 52 
 14 9E 8F 09 F8 8E 6C 77 82 9F 67 85 89 4D 4B D2 
 60 5C BE AC BD 41 AD 66 54 58 53 AB B8 31 22 84 
 D5 89 AA CA 09 7E 2A FC EC 5F A3 7C 47 33 18 78 
 E8 B6 15 72 90 2E 64 B3 D4 59 97 A0 90 1E 27 78 
 F3 6F 84 D2 51 8C 93 26 1F 98 91 BB 96 88 B6 47 
 10 97 05 1A 74 60 94 FB 46 45 AC 76 9F 9F 44 80 
 4C 26 18 A6 95 91 F7 8C A7 A5 BF 67 6C 8F 19 29 
 3B A6 69 48 29 4F F7 61 51 65 4D 1B E5 4C 0E 3B 
 C1 8F 1B 96 FF EA 6A 77 CD EB F7 C9 51 4D 4E 07 
 2C 62 5B 03 3D BA 28 D7 D2 54 75 C9 26 76 63 94 
 4D AF 36 A6 FA 8F 42 67 98 5E 05 97 6F 0E 59 E1 
 33 DF F6 AB D7 F1 C6 C2 57 96 A5 6D F2 79 AC ED 
 B8 C3 8C 53 48 2E 06 3C E9 E0 1A 97 C0 B0 72 AF 
 39 E9 8E 82 87 B5 79 81 
 SWTPM_IO_Read: length 14
 80 01 00 00 00 0E 00 00 01 65 80 00 00 01 
    IsEnEnabled(0x165 = 'FlushContext'): 1
 SWTPM_IO_Write: length 10
 80 01 00 00 00 0A 00 00 00 00 
 SWTPM_IO_Read: length 456
 80 01 00 00 01 C8 00 00 01 61 00 00 00 00 00 00 
 00 7B 80 00 00 00 40 00 00 01 01 AC 00 40 DC CF 
 3B 42 E3 4C 96 3F 26 10 26 65 E4 21 94 57 32 D5 
 41 81 96 EE 98 CE D6 70 BF F6 0C EE 60 B7 E2 28 
 CF 45 7E 45 C3 F4 08 FC CE A9 31 2C 27 AE E3 9E 
 C1 F9 CA 7C F1 C5 5E 64 EA 52 58 87 7F 28 C4 09 
 EB 5E 3E B7 D8 B7 3C DB F9 74 25 1B 91 B4 00 2C 
 4C 8C CA A5 28 DF A4 63 1B 07 70 E2 FA 5F A7 EE 
 10 91 03 64 4D CF CD C9 B1 F6 21 22 0B 03 5B 03 
 89 CC 74 B7 6B 40 0C 9C 82 B0 0C A1 E7 5C E2 A4 
 71 01 16 33 20 B3 EB 2E 89 98 9B 48 31 D8 24 55 
 4E 0D 25 E2 82 38 EC AC C1 AE 59 05 44 6A BD 6B 
 FC B1 A7 4C BA 27 3B AA 95 92 0C 5B A1 E8 42 82 
 52 7F F1 FA A7 E8 D0 37 BF AF 4B 9D D9 75 D6 FD 
 DD 04 72 6D CE 67 27 4C ED FC 6A 59 AD D7 28 52 
 14 9E 8F 09 F8 8E 6C 77 82 9F 67 85 89 4D 4B D2 
 60 5C BE AC BD 41 AD 66 54 58 53 AB B8 31 22 84 
 D5 89 AA CA 09 7E 2A FC EC 5F A3 7C 47 33 18 78 
 E8 B6 15 72 90 2E 64 B3 D4 59 97 A0 90 1E 27 78 
 F3 6F 84 D2 51 8C 93 26 1F 98 91 BB 96 88 B6 47 
 10 97 05 1A 74 60 94 FB 46 45 AC 76 9F 9F 44 80 
 4C 26 18 A6 95 91 F7 8C A7 A5 BF 67 6C 8F 19 29 
 3B A6 69 48 29 4F F7 61 51 65 4D 1B E5 4C 0E 3B 
 C1 8F 1B 96 FF EA 6A 77 CD EB F7 C9 51 4D 4E 07 
 2C 62 5B 03 3D BA 28 D7 D2 54 75 C9 26 76 63 94 
 4D AF 36 A6 FA 8F 42 67 98 5E 05 97 6F 0E 59 E1 
 33 DF F6 AB D7 F1 C6 C2 57 96 A5 6D F2 79 AC ED 
 B8 C3 8C 53 48 2E 06 3C E9 E0 1A 97 C0 B0 72 AF 
 39 E9 8E 82 87 B5 79 81 
    IsEnEnabled(0x161 = 'ContextLoad'): 1
 SWTPM_IO_Write: length 14
 80 01 00 00 00 0E 00 00 00 00 80 00 00 00 
 SWTPM_IO_Read: length 131
 80 01 00 00 00 83 00 00 01 76 81 00 00 01 80 00 
 00 00 00 20 C2 20 22 D2 FF 53 4E 8E 75 83 5C AC 
 4B 09 F5 78 A6 CE C3 FA CF 30 F7 81 E8 F4 DE 18 
 74 AF E7 AF 00 44 00 20 E1 91 F5 FC 79 53 FF 82 
 74 95 61 E5 E3 58 E0 D0 98 CA 76 A6 4D 38 D9 D5 
 AD 41 C5 A1 7C EA 2D 74 00 20 7D E5 31 67 E7 BA 
 D3 E5 C4 48 47 11 62 3A 85 87 A4 60 B3 81 56 AA 
 2E 99 54 4B AF B1 39 CE 2A CF 00 00 06 00 80 00 
 43 00 0B 
    IsEnEnabled(0x176 = 'StartAuthSession'): 1
 SWTPM_IO_Write: length 48
 80 01 00 00 00 30 00 00 00 00 02 00 00 00 00 20 
 16 4F 7A F9 F8 64 7A 48 02 93 B9 86 8C 73 B3 B1 
 5C E3 83 4D AB 7B 46 E6 22 FD AE 6E 96 2F 6E F5 
 SWTPM_IO_Read: length 14
 80 01 00 00 00 0E 00 00 01 62 80 00 00 00 
    IsEnEnabled(0x162 = 'ContextSave'): 1
 SWTPM_IO_Write: length 456
 80 01 00 00 01 C8 00 00 00 00 00 00 00 00 00 00 
 00 7C 80 00 00 00 40 00 00 01 01 AC 00 40 E6 5E 
 14 D7 1D 07 18 77 3D 4A FD 3C 7E 58 81 3E AE DB 
 04 1D C5 D3 3A 0D DC 0B AB 0E 9A 15 BE 2F E8 E0 
 73 E8 63 6D 4C 40 0F 89 A6 EA 26 5E 41 83 C3 FF 
 DD 48 F4 6B 64 2C 82 BC FF 1D 5C AB 92 2C CC C3 
 D2 74 4C FC F1 87 3A F1 29 A8 FD 67 ED 5E 46 EC 
 6F 1E A5 5B E9 69 11 A8 0E DB EF 86 B4 B1 ED 55 
 2B 18 03 1E 9E 51 8A F3 B6 33 E3 F2 92 27 F8 68 
 34 50 66 7F 10 6D CA 7E AE B3 E8 45 DD B9 9E 92 
 F9 1B F6 63 BD 61 ED 3A 65 12 96 13 4A 56 70 69 
 AE D6 C8 77 6A 9D 18 BB CD 14 6C 40 C6 11 11 FC 
 CC 0C A4 FF 71 C3 04 A6 6D CA 07 AA 65 06 4A FC 
 97 39 E2 67 C9 CD 6F 2A 8C 4C AF 03 60 EC EF F7 
 B7 C5 0C 1B 02 32 A2 49 C6 3F 34 7F 24 5D CA 29 
 95 48 63 B9 86 D6 74 36 86 8B B7 6B 6F D1 D1 6B 
 C6 FB 3E D8 20 EB F4 4D 48 1E F9 E4 12 66 5F 6B 
 C4 8F 1A DA 0F DA D7 CE AE 8B F7 37 33 48 F7 7B 
 B5 85 17 A7 59 47 3E 6F E6 DF 9E CD 83 8F 65 A3 
 59 7E 3F 7F 44 45 2F 3C 6A 1C ED 73 AD C4 7F 00 
 30 84 E3 E5 37 16 E5 EF 1D F2 69 FA FA BD 90 94 
 10 E4 BA BA FD DE 93 6A 5E B1 4A 4A 6C 87 D0 41 
 E0 7A 9D 52 F4 D5 E9 EB E2 08 4D B6 2D B2 32 BB 
 85 BC C2 F0 52 9B 18 9B FE AC 63 55 59 1E 82 30 
 F1 CB 50 5E 86 12 7D EA 87 1B A8 E5 95 30 AA 37 
 4C A6 A2 40 D1 77 CB 80 C9 39 78 FD 14 CC 2B 04 
 08 05 06 C0 F8 0D E8 15 0C 68 E3 43 EA CB 8C 16 
 DB 21 E0 FF CB EC DB 96 5B 56 82 2F 9F 77 2D 3D 
 3F 36 82 B5 C6 38 6D FA 
 SWTPM_IO_Read: length 14
 80 01 00 00 00 0E 00 00 01 65 80 00 00 00 
    IsEnEnabled(0x165 = 'FlushContext'): 1
 SWTPM_IO_Write: length 10
 80 01 00 00 00 0A 00 00 00 00 
 SWTPM_IO_Read: length 14
 80 01 00 00 00 0E 00 00 01 62 02 00 00 00 
    IsEnEnabled(0x162 = 'ContextSave'): 1
 SWTPM_IO_Write: length 414
 80 01 00 00 01 9E 00 00 00 00 00 00 00 00 00 00 
 00 5C 02 00 00 00 40 00 00 07 01 82 00 40 15 05 
 00 22 FC C5 24 81 13 CB 65 09 AB AC 64 66 63 45 
 A8 08 3A D6 CD 81 D6 D2 74 CC 97 5F F3 DE 4A 32 
 F5 1A E0 2F 87 98 CB 1E FA 0F D4 22 4B A9 6D C6 
 21 46 F4 49 FD 40 68 FC 59 1E C9 2F A2 E6 68 83 
 4C 10 00 01 0E 06 F7 61 35 D5 8F 08 C9 EA 7F DD 
 EA 6E A2 66 BC F1 96 92 3F 8B 96 81 56 07 B2 9B 
 2D DA 7B F6 E0 6C 62 C5 EA 27 82 0B 17 A2 6C B6 
 1D 73 DB B0 92 2C F2 3D E0 62 F8 B4 AC 61 A1 A0 
 40 86 6C 60 CF AB 3E 95 16 E9 73 D8 80 D1 E5 2C 
 24 23 71 51 59 7D AC 84 62 BB B9 CC ED 89 10 4A 
 D3 2D CF E0 09 B5 7F 2C 5F 86 0D B6 E4 1E BD E9 
 B9 CB CC ED 43 59 44 37 A0 06 68 AA 3D 7B AB 80 
 C6 C2 88 C1 B2 86 11 1A 17 81 F2 BD D1 EC 80 24 
 54 31 D2 24 77 2F 80 AD 25 51 9D B8 F2 E9 7A 9C 
 7D BD 37 11 08 3D 98 84 68 3D 77 92 B7 76 A6 66 
 E3 49 3E D3 1F 73 F8 C9 76 0B 01 4C DC DB A6 DE 
 E2 0F E8 AC B9 C7 90 4A DB 25 AF F0 DD F5 50 E0 
 2D EB 02 6A B0 43 37 07 CB 9E 2E 8F 6C C5 68 C7 
 B4 88 86 D3 00 72 37 95 F1 3A 34 40 83 0A 51 B5 
 84 75 D6 80 DE 90 29 39 4D 30 E9 6F 60 FD A9 C5 
 19 17 73 88 38 97 4E 45 15 CD 7C 18 81 6E F7 5F 
 2F CD F6 76 AE 5F B7 6E AE 1D 39 E5 21 22 CF A4 
 2B CE DB D0 83 EC F1 7B A6 7D D8 0E 9D 8D EB D4 
 BE 99 01 DF B6 72 82 C3 16 0E 6B 68 B6 11 
 SWTPM_IO_Read: length 456
 80 01 00 00 01 C8 00 00 01 61 00 00 00 00 00 00 
 00 7C 80 00 00 00 40 00 00 01 01 AC 00 40 E6 5E 
 14 D7 1D 07 18 77 3D 4A FD 3C 7E 58 81 3E AE DB 
 04 1D C5 D3 3A 0D DC 0B AB 0E 9A 15 BE 2F E8 E0 
 73 E8 63 6D 4C 40 0F 89 A6 EA 26 5E 41 83 C3 FF 
 DD 48 F4 6B 64 2C 82 BC FF 1D 5C AB 92 2C CC C3 
 D2 74 4C FC F1 87 3A F1 29 A8 FD 67 ED 5E 46 EC 
 6F 1E A5 5B E9 69 11 A8 0E DB EF 86 B4 B1 ED 55 
 2B 18 03 1E 9E 51 8A F3 B6 33 E3 F2 92 27 F8 68 
 34 50 66 7F 10 6D CA 7E AE B3 E8 45 DD B9 9E 92 
 F9 1B F6 63 BD 61 ED 3A 65 12 96 13 4A 56 70 69 
 AE D6 C8 77 6A 9D 18 BB CD 14 6C 40 C6 11 11 FC 
 CC 0C A4 FF 71 C3 04 A6 6D CA 07 AA 65 06 4A FC 
 97 39 E2 67 C9 CD 6F 2A 8C 4C AF 03 60 EC EF F7 
 B7 C5 0C 1B 02 32 A2 49 C6 3F 34 7F 24 5D CA 29 
 95 48 63 B9 86 D6 74 36 86 8B B7 6B 6F D1 D1 6B 
 C6 FB 3E D8 20 EB F4 4D 48 1E F9 E4 12 66 5F 6B 
 C4 8F 1A DA 0F DA D7 CE AE 8B F7 37 33 48 F7 7B 
 B5 85 17 A7 59 47 3E 6F E6 DF 9E CD 83 8F 65 A3 
 59 7E 3F 7F 44 45 2F 3C 6A 1C ED 73 AD C4 7F 00 
 30 84 E3 E5 37 16 E5 EF 1D F2 69 FA FA BD 90 94 
 10 E4 BA BA FD DE 93 6A 5E B1 4A 4A 6C 87 D0 41 
 E0 7A 9D 52 F4 D5 E9 EB E2 08 4D B6 2D B2 32 BB 
 85 BC C2 F0 52 9B 18 9B FE AC 63 55 59 1E 82 30 
 F1 CB 50 5E 86 12 7D EA 87 1B A8 E5 95 30 AA 37 
 4C A6 A2 40 D1 77 CB 80 C9 39 78 FD 14 CC 2B 04 
 08 05 06 C0 F8 0D E8 15 0C 68 E3 43 EA CB 8C 16 
 DB 21 E0 FF CB EC DB 96 5B 56 82 2F 9F 77 2D 3D 
 3F 36 82 B5 C6 38 6D FA 
    IsEnEnabled(0x161 = 'ContextLoad'): 1
 SWTPM_IO_Write: length 14
 80 01 00 00 00 0E 00 00 00 00 80 00 00 00 
 SWTPM_IO_Read: length 414
 80 01 00 00 01 9E 00 00 01 61 00 00 00 00 00 00 
 00 5C 02 00 00 00 40 00 00 07 01 82 00 40 15 05 
 00 22 FC C5 24 81 13 CB 65 09 AB AC 64 66 63 45 
 A8 08 3A D6 CD 81 D6 D2 74 CC 97 5F F3 DE 4A 32 
 F5 1A E0 2F 87 98 CB 1E FA 0F D4 22 4B A9 6D C6 
 21 46 F4 49 FD 40 68 FC 59 1E C9 2F A2 E6 68 83 
 4C 10 00 01 0E 06 F7 61 35 D5 8F 08 C9 EA 7F DD 
 EA 6E A2 66 BC F1 96 92 3F 8B 96 81 56 07 B2 9B 
 2D DA 7B F6 E0 6C 62 C5 EA 27 82 0B 17 A2 6C B6 
 1D 73 DB B0 92 2C F2 3D E0 62 F8 B4 AC 61 A1 A0 
 40 86 6C 60 CF AB 3E 95 16 E9 73 D8 80 D1 E5 2C 
 24 23 71 51 59 7D AC 84 62 BB B9 CC ED 89 10 4A 
 D3 2D CF E0 09 B5 7F 2C 5F 86 0D B6 E4 1E BD E9 
 B9 CB CC ED 43 59 44 37 A0 06 68 AA 3D 7B AB 80 
 C6 C2 88 C1 B2 86 11 1A 17 81 F2 BD D1 EC 80 24 
 54 31 D2 24 77 2F 80 AD 25 51 9D B8 F2 E9 7A 9C 
 7D BD 37 11 08 3D 98 84 68 3D 77 92 B7 76 A6 66 
 E3 49 3E D3 1F 73 F8 C9 76 0B 01 4C DC DB A6 DE 
 E2 0F E8 AC B9 C7 90 4A DB 25 AF F0 DD F5 50 E0 
 2D EB 02 6A B0 43 37 07 CB 9E 2E 8F 6C C5 68 C7 
 B4 88 86 D3 00 72 37 95 F1 3A 34 40 83 0A 51 B5 
 84 75 D6 80 DE 90 29 39 4D 30 E9 6F 60 FD A9 C5 
 19 17 73 88 38 97 4E 45 15 CD 7C 18 81 6E F7 5F 
 2F CD F6 76 AE 5F B7 6E AE 1D 39 E5 21 22 CF A4 
 2B CE DB D0 83 EC F1 7B A6 7D D8 0E 9D 8D EB D4 
 BE 99 01 DF B6 72 82 C3 16 0E 6B 68 B6 11 
    IsEnEnabled(0x161 = 'ContextLoad'): 1
 SWTPM_IO_Write: length 14
 80 01 00 00 00 0E 00 00 00 00 02 00 00 00 
 SWTPM_IO_Read: length 208
 80 02 00 00 00 D0 00 00 01 76 81 00 00 01 40 00 
 00 07 00 00 00 49 02 00 00 00 00 20 6D FA C1 FF 
 44 B8 63 CD 78 22 94 FD 4E 75 C8 6A F5 AC 0C 12 
 C9 9A 2E 90 4E A8 BE B3 9C 39 5E 25 61 00 20 52 
 18 5F A9 2C CB 31 6C 6E 8B CD E1 AC A3 A4 29 07 
 F2 7E 70 D4 C3 AA C4 E8 B1 44 22 18 28 4A A6 00 
 20 1B 8C 7A DD 36 FE 7E FD A1 03 36 93 5C 23 C7 
 84 EA 7D 91 B8 99 E2 9C CB 9D EA F8 59 54 A0 D7 
 68 00 44 00 20 20 DB 50 B0 7D 01 82 DE E4 0D 50 
 FD 34 C0 FB 4E D4 71 E9 7E E1 4A B6 40 83 A9 0A 
 EB 8B A7 B7 C5 00 20 20 6F 59 C8 DD 1B F1 AE 79 
 98 03 22 DB 55 2C 2B A0 10 B6 6F F6 B6 2A 53 36 
 B3 C6 D8 D0 CE 98 1A 01 00 06 00 80 00 43 00 0B 
    IsEnEnabled(0x176 = 'StartAuthSession'): 1
 SWTPM_IO_Write: length 121
 80 02 00 00 00 79 00 00 00 00 03 00 00 01 00 00 
 00 22 00 20 6B 31 E0 10 1C 29 C3 EB 2B 34 92 B6 
 BA 82 AE 81 1B 98 9B 2E 9A A1 86 4A 44 F9 35 1F 
 C6 72 A8 32 00 20 A0 05 44 AC 5F 7C 97 9C CD 1E 
 10 01 4A 63 0C 23 65 86 ED CC 85 6D 02 7F E3 CC 
 01 F5 A3 5D DA F2 61 00 20 E8 E9 61 6D 15 EA C2 
 3D 63 41 B4 18 42 77 1F FA 7C 70 07 41 B3 53 29 
 18 DF BA D5 AB 92 B5 1F 9C 
 SWTPM_IO_Read: length 14
 80 01 00 00 00 0E 00 00 01 62 80 00 00 00 
    IsEnEnabled(0x162 = 'ContextSave'): 1
 SWTPM_IO_Write: length 456
 80 01 00 00 01 C8 00 00 00 00 00 00 00 00 00 00 
 00 7D 80 00 00 00 40 00 00 01 01 AC 00 40 28 15 
 7D AD 05 D8 2E E4 03 3B 60 7E D3 21 95 A8 9D C1 
 E0 5E 87 A6 C0 A5 67 82 71 65 1F ED 44 2B 2F 5B 
 39 80 23 A9 61 AC 72 79 66 D0 FD DC 90 2E C4 85 
 C4 D2 38 CF 85 F7 DD 1D 12 F9 1D 9D D9 8B D8 5B 
 D7 79 CA B1 C4 03 80 A4 E7 31 6F AD 69 A9 A0 A3 
 8A C0 F8 72 3C F6 F4 53 5D BB 08 B0 A5 EA BF AC 
 EF 5D 50 AF F7 FC FC AD 6A 54 1F AE 8D CF 27 50 
 22 EB 78 F5 5B 97 13 9B C1 A7 6F E0 6F A5 7D E8 
 53 10 82 BD B1 7C 80 42 C8 77 D1 11 8E 80 7C 08 
 07 F4 90 B9 48 A8 83 43 A3 A3 7B 51 14 3B 22 20 
 D1 39 B2 C2 FB 5A 90 7D 07 56 C2 EC 37 B6 42 85 
 CF 41 C3 B1 8D 61 76 1C D8 67 7E BC 83 D5 43 75 
 9B 28 31 97 64 0D 99 DA D3 73 ED 50 D5 16 3E 3D 
 0D C7 16 1F 8D 32 FD 54 39 3D 8D B6 0C D1 17 F2 
 17 AA ED 71 85 A0 70 98 C8 48 24 D0 1F 88 67 FD 
 8B 18 4E 2D A1 BC 92 50 2E 43 61 ED B5 7A BD A8 
 AF FC 1C 81 77 16 B7 D2 43 69 3E 17 46 A7 C0 BB 
 6F 74 43 FC 86 7A D6 E7 9E D0 32 2C 95 3C 61 D3 
 F7 45 12 40 E0 36 4F 6A 0F A5 F3 49 85 96 ED 23 
 49 05 E5 5D 67 E9 6E BD 89 A5 EC 63 1C A9 E8 4A 
 6E 10 A2 28 F4 5F 30 BE 43 F9 28 6E 39 82 8D F9 
 5D 83 A3 46 26 A0 A5 0C 45 03 07 1C C5 9C FE E0 
 04 72 2C DC F5 4F 46 64 3D E8 67 CF 4F BB 30 61 
 13 5A 6F 3C 09 5E 4E A0 F5 25 24 39 AE 07 6B 5C 
 12 0C 8E 21 E7 AB F4 6B 6C AE D3 75 83 E1 A2 D3 
 06 5F 20 19 04 38 5E 99 62 54 BC 25 28 5F C9 B1 
 EE 04 68 2D 7A 71 D9 54 
 SWTPM_IO_Read: length 14
 80 01 00 00 00 0E 00 00 01 65 80 00 00 00 
    IsEnEnabled(0x165 = 'FlushContext'): 1
 SWTPM_IO_Write: length 10
 80 01 00 00 00 0A 00 00 00 00 
 SWTPM_IO_Read: length 14
 80 01 00 00 00 0E 00 00 01 62 02 00 00 00 
    IsEnEnabled(0x162 = 'ContextSave'): 1
 SWTPM_IO_Write: length 414
 80 01 00 00 01 9E 00 00 00 00 00 00 00 00 00 00 
 00 5D 02 00 00 00 40 00 00 07 01 82 00 40 4C E5 
 58 E4 EC 50 8C 8B 3E 22 75 5D 4B 86 7D CB 40 E6 
 D3 87 17 A6 FC 50 84 E1 8B D1 D6 37 7D 06 BF F0 
 70 6F F1 48 E1 F4 24 A0 7F DD 4B D6 FE 4E B4 44 
 A6 8A 97 FD 22 D5 2D 79 A7 46 44 64 20 0A EF F2 
 69 4F E8 57 50 CA 7B CF 8B EC 3D 3F F9 D3 BB 6F 
 97 C1 85 8E 18 9D EC 59 3D 6D 35 95 7E 7D 88 A9 
 E8 60 7D C1 AA 8C 03 90 30 EC F2 B5 93 38 C3 C1 
 FE 6D F3 2A 37 B1 56 ED 0B 1C 7D 1D E5 93 75 C5 
 03 00 80 60 CA 79 47 42 0F A2 5F CE 84 30 F7 37 
 9C 4A B0 16 7F 37 BB 8B A5 2F EF 82 50 C9 3D 4D 
 59 9A A5 B1 5C 05 FA 84 8D AD CE 44 8E 76 1B CF 
 B8 BD 63 FA ED 11 A6 E4 7E 23 6A 54 77 07 3C 15 
 7E E2 AD 4F 3D 09 16 C7 85 24 C2 2F 6F 00 0D 95 
 3C 13 E0 38 34 F6 B7 18 29 78 7C 3E 55 AB 65 27 
 68 06 78 32 91 F2 53 D4 6F 4A 8E BE 41 90 53 83 
 5E 1F 20 6B 36 83 93 C6 81 59 80 59 8D C8 CC 92 
 3C E4 4F 9A 79 24 63 97 69 AF A8 1E 47 2D 87 D8 
 4F B2 D9 DC 92 EF 5F 52 B5 10 D0 EC BD 1A C1 8D 
 D8 E2 2B 98 3F 00 6C D5 00 74 2E 95 6E 15 8A 23 
 A6 AA 3B 26 97 C1 3A 1C A8 6E 7A 01 7B 94 69 67 
 FD EC AE 64 D8 DA 1D 54 9F DF AE ED DF D2 FA 21 
 0D 4D 5F 91 15 67 A8 44 85 35 29 9C FA B0 93 1E 
 6A A4 A7 89 FC 18 E5 48 67 F7 86 12 6C 59 54 6D 
 1D 70 C2 EE F9 75 82 03 44 D2 70 65 52 CC 
 SWTPM_IO_Read: length 14
 80 01 00 00 00 0E 00 00 01 62 03 00 00 01 
    IsEnEnabled(0x162 = 'ContextSave'): 1
 SWTPM_IO_Write: length 414
 80 01 00 00 01 9E 00 00 00 00 00 00 00 00 00 00 
 00 5E 03 00 00 01 40 00 00 07 01 82 00 40 14 30 
 1E 22 A0 44 CA 10 23 8A 43 25 41 97 EA F7 38 C5 
 B9 0B 21 AE 5A 09 D3 EF 57 BD 5D 6A 98 27 26 56 
 EE D7 5E E8 6F C7 DC DA F1 8C A9 BA 80 4E 45 1F 
 4E CF 33 9D D2 EA E0 91 87 EA ED D6 DE AF 81 80 
 1A A3 04 A3 3C CA A0 2A F8 DB 2A AF 08 80 4B 87 
 48 FA 8F 9E DF AB E2 DC 8B 98 8C 8F 41 60 FA 0A 
 FE 91 99 D6 A9 C3 BD 80 19 34 C1 72 17 5F AD 9B 
 70 7C FB 0A AC 1E 53 39 D8 39 B2 00 C9 46 25 BE 
 17 E6 95 F6 AE E8 B5 2F 63 50 C9 09 79 06 AD E4 
 60 32 28 B8 0C 56 AA AE 63 E7 3F 80 F7 FF FC CA 
 3D 84 8F 27 30 D1 BA 44 6A 21 4F A6 47 62 DE 81 
 F9 C2 02 1F 9F 90 30 9F 31 49 DB BE CB 9C 28 48 
 02 47 0A 37 A8 ED 3B 5F 6E 83 A3 EE 6C 70 E9 0F 
 42 BC E4 74 63 08 80 6B 9F E0 01 FC FD F1 C0 00 
 E0 F9 64 73 85 9A 28 6E 16 CF 83 1F EA 25 03 4A 
 41 56 AF 23 BC 31 B7 AE 43 EE 2F 9F DC E8 9A 21 
 51 EF 45 17 E0 DB 2E 88 FF 9D E4 FB 99 18 4D 9E 
 77 1D D2 58 0A 61 99 79 3B 86 65 A2 73 AD C1 8B 
 41 B4 07 6E FB FE AE F6 F6 CB 34 EE 40 B7 02 18 
 44 14 DF 01 17 3C 7C 74 2F 16 C9 28 6F 8E 90 8A 
 CE 2B 8E C7 D4 7F E2 A9 18 D5 D0 49 1A 5B AC AF 
 3F 09 90 BF 3B EE C3 58 5D 96 EB 1A EC B1 E4 32 
 95 16 DA 2A 33 0D F9 69 D5 54 9F E1 B2 29 AD B3 
 70 D2 40 9D 32 BA 15 D1 86 AE C6 16 36 AD 
 SWTPM_IO_Read: length 456
 80 01 00 00 01 C8 00 00 01 61 00 00 00 00 00 00 
 00 7D 80 00 00 00 40 00 00 01 01 AC 00 40 28 15 
 7D AD 05 D8 2E E4 03 3B 60 7E D3 21 95 A8 9D C1 
 E0 5E 87 A6 C0 A5 67 82 71 65 1F ED 44 2B 2F 5B 
 39 80 23 A9 61 AC 72 79 66 D0 FD DC 90 2E C4 85 
 C4 D2 38 CF 85 F7 DD 1D 12 F9 1D 9D D9 8B D8 5B 
 D7 79 CA B1 C4 03 80 A4 E7 31 6F AD 69 A9 A0 A3 
 8A C0 F8 72 3C F6 F4 53 5D BB 08 B0 A5 EA BF AC 
 EF 5D 50 AF F7 FC FC AD 6A 54 1F AE 8D CF 27 50 
 22 EB 78 F5 5B 97 13 9B C1 A7 6F E0 6F A5 7D E8 
 53 10 82 BD B1 7C 80 42 C8 77 D1 11 8E 80 7C 08 
 07 F4 90 B9 48 A8 83 43 A3 A3 7B 51 14 3B 22 20 
 D1 39 B2 C2 FB 5A 90 7D 07 56 C2 EC 37 B6 42 85 
 CF 41 C3 B1 8D 61 76 1C D8 67 7E BC 83 D5 43 75 
 9B 28 31 97 64 0D 99 DA D3 73 ED 50 D5 16 3E 3D 
 0D C7 16 1F 8D 32 FD 54 39 3D 8D B6 0C D1 17 F2 
 17 AA ED 71 85 A0 70 98 C8 48 24 D0 1F 88 67 FD 
 8B 18 4E 2D A1 BC 92 50 2E 43 61 ED B5 7A BD A8 
 AF FC 1C 81 77 16 B7 D2 43 69 3E 17 46 A7 C0 BB 
 6F 74 43 FC 86 7A D6 E7 9E D0 32 2C 95 3C 61 D3 
 F7 45 12 40 E0 36 4F 6A 0F A5 F3 49 85 96 ED 23 
 49 05 E5 5D 67 E9 6E BD 89 A5 EC 63 1C A9 E8 4A 
 6E 10 A2 28 F4 5F 30 BE 43 F9 28 6E 39 82 8D F9 
 5D 83 A3 46 26 A0 A5 0C 45 03 07 1C C5 9C FE E0 
 04 72 2C DC F5 4F 46 64 3D E8 67 CF 4F BB 30 61 
 13 5A 6F 3C 09 5E 4E A0 F5 25 24 39 AE 07 6B 5C 
 12 0C 8E 21 E7 AB F4 6B 6C AE D3 75 83 E1 A2 D3 
 06 5F 20 19 04 38 5E 99 62 54 BC 25 28 5F C9 B1 
 EE 04 68 2D 7A 71 D9 54 
    IsEnEnabled(0x161 = 'ContextLoad'): 1
 SWTPM_IO_Write: length 14
 80 01 00 00 00 0E 00 00 00 00 80 00 00 00 
 SWTPM_IO_Read: length 414
 80 01 00 00 01 9E 00 00 01 61 00 00 00 00 00 00 
 00 5D 02 00 00 00 40 00 00 07 01 82 00 40 4C E5 
 58 E4 EC 50 8C 8B 3E 22 75 5D 4B 86 7D CB 40 E6 
 D3 87 17 A6 FC 50 84 E1 8B D1 D6 37 7D 06 BF F0 
 70 6F F1 48 E1 F4 24 A0 7F DD 4B D6 FE 4E B4 44 
 A6 8A 97 FD 22 D5 2D 79 A7 46 44 64 20 0A EF F2 
 69 4F E8 57 50 CA 7B CF 8B EC 3D 3F F9 D3 BB 6F 
 97 C1 85 8E 18 9D EC 59 3D 6D 35 95 7E 7D 88 A9 
 E8 60 7D C1 AA 8C 03 90 30 EC F2 B5 93 38 C3 C1 
 FE 6D F3 2A 37 B1 56 ED 0B 1C 7D 1D E5 93 75 C5 
 03 00 80 60 CA 79 47 42 0F A2 5F CE 84 30 F7 37 
 9C 4A B0 16 7F 37 BB 8B A5 2F EF 82 50 C9 3D 4D 
 59 9A A5 B1 5C 05 FA 84 8D AD CE 44 8E 76 1B CF 
 B8 BD 63 FA ED 11 A6 E4 7E 23 6A 54 77 07 3C 15 
 7E E2 AD 4F 3D 09 16 C7 85 24 C2 2F 6F 00 0D 95 
 3C 13 E0 38 34 F6 B7 18 29 78 7C 3E 55 AB 65 27 
 68 06 78 32 91 F2 53 D4 6F 4A 8E BE 41 90 53 83 
 5E 1F 20 6B 36 83 93 C6 81 59 80 59 8D C8 CC 92 
 3C E4 4F 9A 79 24 63 97 69 AF A8 1E 47 2D 87 D8 
 4F B2 D9 DC 92 EF 5F 52 B5 10 D0 EC BD 1A C1 8D 
 D8 E2 2B 98 3F 00 6C D5 00 74 2E 95 6E 15 8A 23 
 A6 AA 3B 26 97 C1 3A 1C A8 6E 7A 01 7B 94 69 67 
 FD EC AE 64 D8 DA 1D 54 9F DF AE ED DF D2 FA 21 
 0D 4D 5F 91 15 67 A8 44 85 35 29 9C FA B0 93 1E 
 6A A4 A7 89 FC 18 E5 48 67 F7 86 12 6C 59 54 6D 
 1D 70 C2 EE F9 75 82 03 44 D2 70 65 52 CC 
    IsEnEnabled(0x161 = 'ContextLoad'): 1
 SWTPM_IO_Write: length 14
 80 01 00 00 00 0E 00 00 00 00 02 00 00 00 
 SWTPM_IO_Read: length 414
 80 01 00 00 01 9E 00 00 01 61 00 00 00 00 00 00 
 00 5E 03 00 00 01 40 00 00 07 01 82 00 40 14 30 
 1E 22 A0 44 CA 10 23 8A 43 25 41 97 EA F7 38 C5 
 B9 0B 21 AE 5A 09 D3 EF 57 BD 5D 6A 98 27 26 56 
 EE D7 5E E8 6F C7 DC DA F1 8C A9 BA 80 4E 45 1F 
 4E CF 33 9D D2 EA E0 91 87 EA ED D6 DE AF 81 80 
 1A A3 04 A3 3C CA A0 2A F8 DB 2A AF 08 80 4B 87 
 48 FA 8F 9E DF AB E2 DC 8B 98 8C 8F 41 60 FA 0A 
 FE 91 99 D6 A9 C3 BD 80 19 34 C1 72 17 5F AD 9B 
 70 7C FB 0A AC 1E 53 39 D8 39 B2 00 C9 46 25 BE 
 17 E6 95 F6 AE E8 B5 2F 63 50 C9 09 79 06 AD E4 
 60 32 28 B8 0C 56 AA AE 63 E7 3F 80 F7 FF FC CA 
 3D 84 8F 27 30 D1 BA 44 6A 21 4F A6 47 62 DE 81 
 F9 C2 02 1F 9F 90 30 9F 31 49 DB BE CB 9C 28 48 
 02 47 0A 37 A8 ED 3B 5F 6E 83 A3 EE 6C 70 E9 0F 
 42 BC E4 74 63 08 80 6B 9F E0 01 FC FD F1 C0 00 
 E0 F9 64 73 85 9A 28 6E 16 CF 83 1F EA 25 03 4A 
 41 56 AF 23 BC 31 B7 AE 43 EE 2F 9F DC E8 9A 21 
 51 EF 45 17 E0 DB 2E 88 FF 9D E4 FB 99 18 4D 9E 
 77 1D D2 58 0A 61 99 79 3B 86 65 A2 73 AD C1 8B 
 41 B4 07 6E FB FE AE F6 F6 CB 34 EE 40 B7 02 18 
 44 14 DF 01 17 3C 7C 74 2F 16 C9 28 6F 8E 90 8A 
 CE 2B 8E C7 D4 7F E2 A9 18 D5 D0 49 1A 5B AC AF 
 3F 09 90 BF 3B EE C3 58 5D 96 EB 1A EC B1 E4 32 
 95 16 DA 2A 33 0D F9 69 D5 54 9F E1 B2 29 AD B3 
 70 D2 40 9D 32 BA 15 D1 86 AE C6 16 36 AD 
    IsEnEnabled(0x161 = 'ContextLoad'): 1
 SWTPM_IO_Write: length 14
 80 01 00 00 00 0E 00 00 00 00 03 00 00 01 
 SWTPM_IO_Read: length 20
 80 01 00 00 00 14 00 00 01 7E 00 00 00 01 00 0B 
 03 80 00 00 
    IsEnEnabled(0x17e = 'PCR_Read'): 1
 SWTPM_IO_Write: length 62
 80 01 00 00 00 3E 00 00 00 00 00 00 00 98 00 00 
 00 01 00 0B 03 80 00 00 00 00 00 01 00 20 12 7C 
 18 EB A2 30 0E 30 76 7F AF E7 1F 4E 59 75 77 6F 
 66 5D 22 C7 CA 90 17 C7 C2 48 46 B9 6F A1 
 SWTPM_IO_Read: length 14
 80 01 00 00 00 0E 00 00 01 62 80 00 00 00 
    IsEnEnabled(0x162 = 'ContextSave'): 1
 SWTPM_IO_Write: length 456
 80 01 00 00 01 C8 00 00 00 00 00 00 00 00 00 00 
 00 7E 80 00 00 00 40 00 00 01 01 AC 00 40 36 92 
 21 87 51 21 E5 07 8B F5 5E 79 2F 57 34 67 13 D0 
 74 31 51 05 E2 62 69 22 73 06 56 D2 74 C0 2E 35 
 20 A5 E0 FB 88 83 7A A6 C4 C0 64 8A 14 6C BD D3 
 83 DB ED 09 9D 1C 85 C2 30 58 06 08 7E AC A8 50 
 A6 DE 53 C8 05 C3 93 48 7D 41 1C 6D EA 58 4A C0 
 EA B6 BB 3F AC ED EB 41 B1 9C 53 21 A8 72 E1 A2 
 5F B6 2A D1 8F D5 6F CB E7 48 58 16 5E A3 FF B0 
 F3 9B A4 17 C9 CB ED 48 D0 F8 EE EA FB F5 3C B7 
 B2 E5 40 4E 01 E3 1C D5 64 3F E6 51 6A FA 78 D5 
 E4 8B 41 09 92 6F 4E D1 9E 18 C6 EF 01 BE 98 F3 
 C3 F7 67 89 F1 CC FC 8A 92 77 79 B9 C4 B8 72 92 
 15 DD FF C1 48 69 53 04 5F 6D A9 0F DC 96 D3 C1 
 D4 07 92 C7 BF C9 C1 0E 49 55 E7 93 58 36 63 89 
 B2 64 34 B0 FD 6B 15 F2 00 E4 A5 6A 9A AB B8 71 
 AE EF EA 9F C4 F1 9D 7C 86 D2 8D B6 6F 4A 13 BC 
 72 8C 9A 2F 90 74 74 2F 27 52 D0 C8 E1 94 4F DE 
 7D 9B B5 43 F4 EC E7 96 2D CB 1C B1 4C 19 A1 5E 
 F8 20 50 74 C9 B5 77 1E 59 3D 76 2B 8E 27 13 08 
 C7 4B F8 6A 54 7E BA FE 11 3E A4 D9 11 54 2A E2 
 6F FA 30 DC 25 97 02 15 0C F8 19 F7 D2 ED 0D 1A 
 95 6F AE AC 0D 1F 3F 03 30 A4 49 49 32 92 6B 73 
 71 5C 9E 58 C4 31 2E CF 33 06 A3 C4 19 5D 78 18 
 7C 20 33 14 FE AD 9F 85 E4 DA 95 E7 63 F3 2C 72 
 DE 73 53 F8 72 85 27 47 FC 1A 68 DF 45 96 79 C2 
 71 45 10 1F B8 2C 3C 3C 44 14 39 F5 F8 E1 07 5C 
 C3 F8 F6 8F CA E7 36 E8 97 E3 91 96 77 7F FC 7E 
 C6 EB 92 FD EE D3 84 03 
 SWTPM_IO_Read: length 14
 80 01 00 00 00 0E 00 00 01 65 80 00 00 00 
    IsEnEnabled(0x165 = 'FlushContext'): 1
 SWTPM_IO_Write: length 10
 80 01 00 00 00 0A 00 00 00 00 
 SWTPM_IO_Read: length 14
 80 01 00 00 00 0E 00 00 01 62 02 00 00 00 
    IsEnEnabled(0x162 = 'ContextSave'): 1
 SWTPM_IO_Write: length 414
 80 01 00 00 01 9E 00 00 00 00 00 00 00 00 00 00 
 00 5F 02 00 00 00 40 00 00 07 01 82 00 40 3D FE 
 21 F4 33 8C B4 A8 3B 22 8B 7C DE FE D1 0B 22 3A 
 8E 35 3E B5 DF 3A F1 30 C0 8F E0 BC E6 F2 AF BE 
 F8 EC BA 7D 29 30 7F 18 C3 3F E8 8E 4A A4 A4 67 
 B9 3B 6A F5 DF EB 8A CC 77 9B D5 5C 18 2F 7D F5 
 DB 42 6F 63 EA 28 D1 F3 EC 7F A0 26 C2 E7 EA 6B 
 91 DD 5F 78 DB 79 5F FA 77 02 71 5D 37 A6 0D 60 
 CA 5C 48 F6 DB 9C FA 44 3D C4 58 DA 94 F7 0F 64 
 F1 C9 57 65 B9 10 55 DF 9B 66 70 28 3F BA 6B 70 
 71 E6 D2 A8 92 55 5E 9D E2 7F 86 97 8E 78 1A 84 
 FA 5E 5D C7 2B 4E 7E F7 17 D6 55 4B 3E FA B9 02 
 C5 46 AC 09 9A 7C 24 EC 2B 10 35 A0 0E 27 3C 2D 
 15 80 B0 8F 15 73 6C 85 BB 6F 42 11 90 B2 18 90 
 E7 91 75 DE A9 92 69 FE FF 12 33 33 29 23 AD A8 
 9E FB 47 C9 D8 BC 94 38 CB 02 27 E0 AC D5 26 FE 
 D5 02 BB 17 82 A6 FA 59 05 C3 91 78 39 20 52 F5 
 6D C2 CB 31 77 B6 C7 38 4C 8D 63 0B BA A8 66 AC 
 8A B1 34 EA 19 1B AE 0C 99 7A 97 F8 20 55 28 2C 
 7D A4 06 D3 42 49 04 69 B9 B1 C9 07 08 9D 9B 67 
 08 42 E0 71 19 17 57 3D 35 9F 27 DE 11 D6 A6 A2 
 B1 3C 24 69 9B EC 22 2E 69 C8 C4 5B 35 CE 57 22 
 BD D1 DE 24 DA 57 6B 8C 0D 3D BA DE F0 A1 F3 9F 
 35 28 C7 A5 E9 93 52 43 14 EA 97 DA 03 EB A5 F0 
 6C C8 95 92 CE 8E 2D CA 3B 11 11 07 F4 6E BF 79 
 47 C6 D9 9F 0F D8 9D AE E9 DA 97 DE D9 02 
 SWTPM_IO_Read: length 14
 80 01 00 00 00 0E 00 00 01 62 03 00 00 01 
    IsEnEnabled(0x162 = 'ContextSave'): 1
 SWTPM_IO_Write: length 414
 80 01 00 00 01 9E 00 00 00 00 00 00 00 00 00 00 
 00 60 03 00 00 01 40 00 00 07 01 82 00 40 E2 0C 
 2A 21 D7 13 7E 48 F2 D8 B6 8E DA 8E E6 76 75 EE 
 CA C1 EA 81 C0 8F A7 F1 B5 A3 45 A7 D5 6A 68 EB 
 D4 BD C2 41 52 E5 BD CD C7 5F 3E 7D 66 1F 7B 62 
 40 03 42 C2 7E 1F C8 9B 32 C4 0C E4 80 D7 5E 14 
 44 48 E5 DA C8 F6 BF 4B 0B 3E E2 5D 79 62 1D E2 
 44 29 78 05 C3 90 AC DA E0 7B 69 1F FC E4 B5 1C 
 6C A8 E1 2A 81 50 61 AC 14 07 7A 5A F0 46 90 39 
 E6 D7 69 A6 B3 E4 21 AE 8E 2A A5 41 7F 35 64 0E 
 52 CD 25 67 DA 0A ED E1 75 66 AA F8 DB EF D0 BA 
 54 7D 4A 9D 23 84 F3 E1 0D A0 2D 46 D2 37 27 07 
 98 6D 27 77 D0 AF 91 67 6B A6 77 D4 6E AB 36 4F 
 28 81 45 C4 DB 91 95 88 3E 24 D0 DB C2 9A 9C 20 
 D2 AC 15 C2 00 5B B1 3B 67 73 A2 67 14 63 8C ED 
 40 FC DE 6E 6A 07 13 63 55 8D 06 9C 2A E0 79 7A 
 A0 A2 8C A1 A8 FA 26 89 27 21 15 AB 6B E4 65 49 
 DC ED FC 56 B9 DE F5 D5 29 6C B4 A9 B8 1E 2E 42 
 1F 14 35 58 CF E6 08 03 D2 29 AA 40 F3 96 F1 F5 
 81 FF 38 21 14 EF 32 04 1E 9D C9 64 01 4F 41 22 
 1B B9 5C 9B 72 82 A7 EB 40 F8 83 BF 53 90 65 7F 
 0D 47 57 2B 39 39 A5 87 FB 59 AF FE 14 6F 1D 40 
 84 F9 3D 78 B0 D4 F2 7B A3 E3 38 EA 57 BB D6 AF 
 71 F0 F8 D2 00 73 D1 9A 12 D9 67 DF EB D0 BB DD 
 21 F4 2D 8E D3 FA 48 43 16 16 88 6E 11 DE 6E 55 
 95 46 2F A5 00 3E F2 BB 72 19 82 BC 8C 02 
 SWTPM_IO_Read: length 456
 80 01 00 00 01 C8 00 00 01 61 00 00 00 00 00 00 
 00 7E 80 00 00 00 40 00 00 01 01 AC 00 40 36 92 
 21 87 51 21 E5 07 8B F5 5E 79 2F 57 34 67 13 D0 
 74 31 51 05 E2 62 69 22 73 06 56 D2 74 C0 2E 35 
 20 A5 E0 FB 88 83 7A A6 C4 C0 64 8A 14 6C BD D3 
 83 DB ED 09 9D 1C 85 C2 30 58 06 08 7E AC A8 50 
 A6 DE 53 C8 05 C3 93 48 7D 41 1C 6D EA 58 4A C0 
 EA B6 BB 3F AC ED EB 41 B1 9C 53 21 A8 72 E1 A2 
 5F B6 2A D1 8F D5 6F CB E7 48 58 16 5E A3 FF B0 
 F3 9B A4 17 C9 CB ED 48 D0 F8 EE EA FB F5 3C B7 
 B2 E5 40 4E 01 E3 1C D5 64 3F E6 51 6A FA 78 D5 
 E4 8B 41 09 92 6F 4E D1 9E 18 C6 EF 01 BE 98 F3 
 C3 F7 67 89 F1 CC FC 8A 92 77 79 B9 C4 B8 72 92 
 15 DD FF C1 48 69 53 04 5F 6D A9 0F DC 96 D3 C1 
 D4 07 92 C7 BF C9 C1 0E 49 55 E7 93 58 36 63 89 
 B2 64 34 B0 FD 6B 15 F2 00 E4 A5 6A 9A AB B8 71 
 AE EF EA 9F C4 F1 9D 7C 86 D2 8D B6 6F 4A 13 BC 
 72 8C 9A 2F 90 74 74 2F 27 52 D0 C8 E1 94 4F DE 
 7D 9B B5 43 F4 EC E7 96 2D CB 1C B1 4C 19 A1 5E 
 F8 20 50 74 C9 B5 77 1E 59 3D 76 2B 8E 27 13 08 
 C7 4B F8 6A 54 7E BA FE 11 3E A4 D9 11 54 2A E2 
 6F FA 30 DC 25 97 02 15 0C F8 19 F7 D2 ED 0D 1A 
 95 6F AE AC 0D 1F 3F 03 30 A4 49 49 32 92 6B 73 
 71 5C 9E 58 C4 31 2E CF 33 06 A3 C4 19 5D 78 18 
 7C 20 33 14 FE AD 9F 85 E4 DA 95 E7 63 F3 2C 72 
 DE 73 53 F8 72 85 27 47 FC 1A 68 DF 45 96 79 C2 
 71 45 10 1F B8 2C 3C 3C 44 14 39 F5 F8 E1 07 5C 
 C3 F8 F6 8F CA E7 36 E8 97 E3 91 96 77 7F FC 7E 
 C6 EB 92 FD EE D3 84 03 
    IsEnEnabled(0x161 = 'ContextLoad'): 1
 SWTPM_IO_Write: length 14
 80 01 00 00 00 0E 00 00 00 00 80 00 00 00 
 SWTPM_IO_Read: length 414
 80 01 00 00 01 9E 00 00 01 61 00 00 00 00 00 00 
 00 5F 02 00 00 00 40 00 00 07 01 82 00 40 3D FE 
 21 F4 33 8C B4 A8 3B 22 8B 7C DE FE D1 0B 22 3A 
 8E 35 3E B5 DF 3A F1 30 C0 8F E0 BC E6 F2 AF BE 
 F8 EC BA 7D 29 30 7F 18 C3 3F E8 8E 4A A4 A4 67 
 B9 3B 6A F5 DF EB 8A CC 77 9B D5 5C 18 2F 7D F5 
 DB 42 6F 63 EA 28 D1 F3 EC 7F A0 26 C2 E7 EA 6B 
 91 DD 5F 78 DB 79 5F FA 77 02 71 5D 37 A6 0D 60 
 CA 5C 48 F6 DB 9C FA 44 3D C4 58 DA 94 F7 0F 64 
 F1 C9 57 65 B9 10 55 DF 9B 66 70 28 3F BA 6B 70 
 71 E6 D2 A8 92 55 5E 9D E2 7F 86 97 8E 78 1A 84 
 FA 5E 5D C7 2B 4E 7E F7 17 D6 55 4B 3E FA B9 02 
 C5 46 AC 09 9A 7C 24 EC 2B 10 35 A0 0E 27 3C 2D 
 15 80 B0 8F 15 73 6C 85 BB 6F 42 11 90 B2 18 90 
 E7 91 75 DE A9 92 69 FE FF 12 33 33 29 23 AD A8 
 9E FB 47 C9 D8 BC 94 38 CB 02 27 E0 AC D5 26 FE 
 D5 02 BB 17 82 A6 FA 59 05 C3 91 78 39 20 52 F5 
 6D C2 CB 31 77 B6 C7 38 4C 8D 63 0B BA A8 66 AC 
 8A B1 34 EA 19 1B AE 0C 99 7A 97 F8 20 55 28 2C 
 7D A4 06 D3 42 49 04 69 B9 B1 C9 07 08 9D 9B 67 
 08 42 E0 71 19 17 57 3D 35 9F 27 DE 11 D6 A6 A2 
 B1 3C 24 69 9B EC 22 2E 69 C8 C4 5B 35 CE 57 22 
 BD D1 DE 24 DA 57 6B 8C 0D 3D BA DE F0 A1 F3 9F 
 35 28 C7 A5 E9 93 52 43 14 EA 97 DA 03 EB A5 F0 
 6C C8 95 92 CE 8E 2D CA 3B 11 11 07 F4 6E BF 79 
 47 C6 D9 9F 0F D8 9D AE E9 DA 97 DE D9 02 
    IsEnEnabled(0x161 = 'ContextLoad'): 1
 SWTPM_IO_Write: length 14
 80 01 00 00 00 0E 00 00 00 00 02 00 00 00 
 SWTPM_IO_Read: length 414
 80 01 00 00 01 9E 00 00 01 61 00 00 00 00 00 00 
 00 60 03 00 00 01 40 00 00 07 01 82 00 40 E2 0C 
 2A 21 D7 13 7E 48 F2 D8 B6 8E DA 8E E6 76 75 EE 
 CA C1 EA 81 C0 8F A7 F1 B5 A3 45 A7 D5 6A 68 EB 
 D4 BD C2 41 52 E5 BD CD C7 5F 3E 7D 66 1F 7B 62 
 40 03 42 C2 7E 1F C8 9B 32 C4 0C E4 80 D7 5E 14 
 44 48 E5 DA C8 F6 BF 4B 0B 3E E2 5D 79 62 1D E2 
 44 29 78 05 C3 90 AC DA E0 7B 69 1F FC E4 B5 1C 
 6C A8 E1 2A 81 50 61 AC 14 07 7A 5A F0 46 90 39 
 E6 D7 69 A6 B3 E4 21 AE 8E 2A A5 41 7F 35 64 0E 
 52 CD 25 67 DA 0A ED E1 75 66 AA F8 DB EF D0 BA 
 54 7D 4A 9D 23 84 F3 E1 0D A0 2D 46 D2 37 27 07 
 98 6D 27 77 D0 AF 91 67 6B A6 77 D4 6E AB 36 4F 
 28 81 45 C4 DB 91 95 88 3E 24 D0 DB C2 9A 9C 20 
 D2 AC 15 C2 00 5B B1 3B 67 73 A2 67 14 63 8C ED 
 40 FC DE 6E 6A 07 13 63 55 8D 06 9C 2A E0 79 7A 
 A0 A2 8C A1 A8 FA 26 89 27 21 15 AB 6B E4 65 49 
 DC ED FC 56 B9 DE F5 D5 29 6C B4 A9 B8 1E 2E 42 
 1F 14 35 58 CF E6 08 03 D2 29 AA 40 F3 96 F1 F5 
 81 FF 38 21 14 EF 32 04 1E 9D C9 64 01 4F 41 22 
 1B B9 5C 9B 72 82 A7 EB 40 F8 83 BF 53 90 65 7F 
 0D 47 57 2B 39 39 A5 87 FB 59 AF FE 14 6F 1D 40 
 84 F9 3D 78 B0 D4 F2 7B A3 E3 38 EA 57 BB D6 AF 
 71 F0 F8 D2 00 73 D1 9A 12 D9 67 DF EB D0 BB DD 
 21 F4 2D 8E D3 FA 48 43 16 16 88 6E 11 DE 6E 55 
 95 46 2F A5 00 3E F2 BB 72 19 82 BC 8C 02 
    IsEnEnabled(0x161 = 'ContextLoad'): 1
 SWTPM_IO_Write: length 14
 80 01 00 00 00 0E 00 00 00 00 03 00 00 01 
 SWTPM_IO_Read: length 26
 80 01 00 00 00 1A 00 00 01 7F 03 00 00 01 00 00 
 00 00 00 01 00 0B 03 80 00 00 
    IsEnEnabled(0x17f = 'PolicyPCR'): 1
 SWTPM_IO_Write: length 10
 80 01 00 00 00 0A 00 00 00 00 
 SWTPM_IO_Read: length 14
 80 01 00 00 00 0E 00 00 01 62 80 00 00 00 
    IsEnEnabled(0x162 = 'ContextSave'): 1
 SWTPM_IO_Write: length 456
 80 01 00 00 01 C8 00 00 00 00 00 00 00 00 00 00 
 00 7F 80 00 00 00 40 00 00 01 01 AC 00 40 C8 D9 
 AA 59 3D AB 00 58 ED B6 EC BC C9 D0 61 C1 97 C9 
 32 A9 66 19 0B F8 5E A3 FA E1 04 E3 68 90 1D 6E 
 66 77 E5 BB 68 62 0A 79 11 F1 A9 52 E2 9D 64 56 
 62 78 E8 C1 35 F5 FB 81 8A 31 65 A2 72 45 4A 42 
 2F 83 2C 3F 5C F0 80 C9 CD 37 B9 AB 76 AC 3D BF 
 A4 1D 43 56 30 02 56 B1 40 20 C5 21 97 9C 98 43 
 8B 20 45 B1 0D 32 77 9C FB 41 B9 2D 09 33 A3 9D 
 4D 92 49 5C 9D 8C 0F BF 82 F1 7F 50 1E 8F 32 8B 
 CB BE 83 1D 7A D1 9F 46 D5 E5 AA 02 27 D6 04 E2 
 B0 B3 9E 5F 5E 39 D6 68 23 99 BD 5F 41 BF 22 FD 
 CD CD F0 EF 2E 78 6F 4C 9B B8 B4 13 13 AB 79 98 
 B6 EE A6 D5 0C 40 15 E0 86 38 3F 44 9F E8 B1 E5 
 D8 3B 8B 40 C4 9C 8C 49 09 E2 F1 D1 E9 CB 0B 9C 
 A6 B8 F1 8A D1 22 2B AA 0F 46 E3 5F 9D EA 83 EE 
 57 C3 AE F5 5C 96 8F 5B 96 87 9D F6 23 77 42 95 
 6B 3F C3 A8 00 7A 02 2F F5 CB 47 EB 14 1E E3 42 
 F2 8D 16 4A 4A E6 97 5F 1C 9A 7B 18 E0 6F AA 75 
 24 BF FB 8A 05 E5 18 56 1D D8 B5 6A 15 B9 7D 76 
 2B F2 0F C1 DC CE 25 A5 53 F9 D6 A7 BA 0E 74 C7 
 9B E6 81 E9 88 AB 7C F2 BE 7A D8 DA 98 E2 CE 72 
 62 CB FE E8 74 FA 4B 2F 5B 1A 3F 44 54 CC 52 1F 
 83 66 79 8F 7B 52 C9 79 91 6D BB 9D 36 51 2F C9 
 4D 98 7A A4 29 0A CF 4E F5 1F 3C 82 D1 32 35 75 
 11 F0 00 A2 FE 34 2A F0 CA 69 10 1A F1 81 C7 F1 
 EC 6A D1 78 6A CF C4 22 30 43 53 72 D4 3A ED 14 
 74 84 15 DB C0 6F 9A B6 56 6D 0C C0 9E 05 9F F9 
 32 53 21 7C E7 97 37 AC 
 SWTPM_IO_Read: length 14
 80 01 00 00 00 0E 00 00 01 65 80 00 00 00 
    IsEnEnabled(0x165 = 'FlushContext'): 1
 SWTPM_IO_Write: length 10
 80 01 00 00 00 0A 00 00 00 00 
 SWTPM_IO_Read: length 14
 80 01 00 00 00 0E 00 00 01 62 02 00 00 00 
    IsEnEnabled(0x162 = 'ContextSave'): 1
 SWTPM_IO_Write: length 414
 80 01 00 00 01 9E 00 00 00 00 00 00 00 00 00 00 
 00 61 02 00 00 00 40 00 00 07 01 82 00 40 A8 21 
 C2 1C CB C3 2A 81 29 91 C4 59 30 4B B4 D0 AB B8 
 E3 A4 4C 6A 2F 88 CF 1A 63 64 44 AF 96 23 6B 79 
 C9 0F 2C 3F 97 D0 82 EB 95 B4 56 F8 78 17 B8 76 
 57 E9 30 8D 10 60 A0 F8 75 3E F6 87 99 D1 D4 D5 
 C8 04 B0 CA 93 EA AE 59 75 56 A4 47 F9 45 3B F4 
 A0 0A 75 40 87 8E A5 A2 40 05 5C 40 42 81 61 CF 
 C5 91 6C 66 47 73 25 2E 5E 75 C9 19 F1 B0 37 70 
 43 7D 6A E2 82 77 AB 14 9F 0D DD 63 45 2F 27 C7 
 A0 1A 24 C4 79 5C C3 E7 B1 8B 39 D3 9E 55 A0 57 
 2E 87 C1 33 BB 4D 00 1B 2B AD EC D5 A9 B6 8B F7 
 C5 1B EB 85 01 3A 7F 7C 39 9E 34 81 91 44 B1 26 
 C4 57 85 54 CA 20 6D 52 80 3E B9 D3 15 F1 88 62 
 CE 56 81 0F E8 A9 52 2C 45 48 AB 08 CD CC F6 06 
 E3 7C 51 D9 98 A1 B2 3E E0 33 DA 69 85 53 0E 66 
 A1 33 3F 9D D7 A8 1F AC 87 25 79 6F 2B 37 44 B2 
 ED F0 BE 82 F6 8B 61 D2 82 5A BA 53 35 AE 57 6B 
 B8 2D FD 64 BD CD EA A3 46 CC A4 E5 17 A0 CF 8B 
 F2 A1 27 39 2B D6 64 D7 B7 63 79 79 3C 26 EA 4C 
 DE 00 1F 93 2C 02 74 5F 43 02 9A 22 ED 4F 87 2A 
 2C CD FF 74 96 65 6A 27 12 19 33 39 40 0C 06 A3 
 6B 4B CB CC 26 A0 DF 43 A1 FA 5A BB 17 B0 4E 04 
 97 F7 2C A9 43 A8 2A FD 12 9C A3 F2 9B AC E7 96 
 2C 7B 41 2A 70 3F 96 C3 96 C2 34 3C 5C 2B 5C 0A 
 F4 3C 36 82 C5 F0 BE 63 19 DC EA CC 3F C7 
 SWTPM_IO_Read: length 14
 80 01 00 00 00 0E 00 00 01 62 03 00 00 01 
    IsEnEnabled(0x162 = 'ContextSave'): 1
 SWTPM_IO_Write: length 414
 80 01 00 00 01 9E 00 00 00 00 00 00 00 00 00 00 
 00 62 03 00 00 01 40 00 00 07 01 82 00 40 8E 7F 
 A8 2D 26 F6 A4 DD 52 3A E1 28 83 F3 AB E7 C0 1E 
 76 14 22 4D DC A3 61 36 F2 DF 35 59 AA 5B E6 D2 
 0B E1 1D 00 EC 42 7E 2A 75 73 BB 7D A7 10 A9 5F 
 06 72 45 47 26 23 AD 2D 81 4C 49 3F 7E 65 36 86 
 60 32 17 85 D0 FF 94 E3 8F A9 79 C1 4E 8B 37 09 
 9D DD 05 7F C3 05 00 2F 12 A5 3B 59 A5 E0 CE 84 
 A1 DC 4C EF 99 DC B9 B9 73 16 4E 1D 48 1C 02 85 
 4A 8D 23 45 D0 9A DC CC E4 91 34 2F 87 AA 1E F6 
 55 DD B6 5B A2 84 68 8E 4C B6 2B 3D 88 AA 17 30 
 0C 77 91 1A 2F 11 12 36 62 17 C1 15 0F 18 DE 96 
 B2 29 44 6A 5C DC C0 29 3D B3 7C AA B9 16 E2 FA 
 73 8B 92 32 E6 AF 4E 95 9C D6 E5 9B F9 1C 24 26 
 13 97 51 2B 2C 74 D3 C8 AD 88 1E D2 5A 09 72 A8 
 DE 51 C7 A3 98 E2 3C 80 7B B0 FD 8E 1A ED 6C 5B 
 1B BB EB 66 CE 4C 93 9F CB 72 57 1E D4 2B 26 86 
 F0 30 95 B0 C6 45 CC 17 A8 81 4E 09 10 A2 72 8A 
 4F 04 AF A0 8D 81 6C BD F5 0E 14 4B 58 81 25 CD 
 7B BA 35 7F FA 55 C7 18 69 E0 9B 38 08 84 14 98 
 82 1E 52 B4 23 17 9B 74 C5 BC 1F D7 82 A0 40 92 
 8C AA DC FD E8 9E 5A 38 FA DD C8 F6 2E 99 2B 6B 
 49 64 C9 82 8E 8C CB A5 7D 2C E6 BD AB 6F EB E9 
 1B 72 BA BA AC 05 58 EC FC 66 A9 95 8C AC 12 D5 
 1F 8E 24 6C B4 D1 15 E1 97 23 08 E1 89 2F 10 60 
 54 06 81 D5 56 3C D1 9C 98 3E 12 B8 A5 D1 
 SWTPM_IO_Read: length 456
 80 01 00 00 01 C8 00 00 01 61 00 00 00 00 00 00 
 00 7F 80 00 00 00 40 00 00 01 01 AC 00 40 C8 D9 
 AA 59 3D AB 00 58 ED B6 EC BC C9 D0 61 C1 97 C9 
 32 A9 66 19 0B F8 5E A3 FA E1 04 E3 68 90 1D 6E 
 66 77 E5 BB 68 62 0A 79 11 F1 A9 52 E2 9D 64 56 
 62 78 E8 C1 35 F5 FB 81 8A 31 65 A2 72 45 4A 42 
 2F 83 2C 3F 5C F0 80 C9 CD 37 B9 AB 76 AC 3D BF 
 A4 1D 43 56 30 02 56 B1 40 20 C5 21 97 9C 98 43 
 8B 20 45 B1 0D 32 77 9C FB 41 B9 2D 09 33 A3 9D 
 4D 92 49 5C 9D 8C 0F BF 82 F1 7F 50 1E 8F 32 8B 
 CB BE 83 1D 7A D1 9F 46 D5 E5 AA 02 27 D6 04 E2 
 B0 B3 9E 5F 5E 39 D6 68 23 99 BD 5F 41 BF 22 FD 
 CD CD F0 EF 2E 78 6F 4C 9B B8 B4 13 13 AB 79 98 
 B6 EE A6 D5 0C 40 15 E0 86 38 3F 44 9F E8 B1 E5 
 D8 3B 8B 40 C4 9C 8C 49 09 E2 F1 D1 E9 CB 0B 9C 
 A6 B8 F1 8A D1 22 2B AA 0F 46 E3 5F 9D EA 83 EE 
 57 C3 AE F5 5C 96 8F 5B 96 87 9D F6 23 77 42 95 
 6B 3F C3 A8 00 7A 02 2F F5 CB 47 EB 14 1E E3 42 
 F2 8D 16 4A 4A E6 97 5F 1C 9A 7B 18 E0 6F AA 75 
 24 BF FB 8A 05 E5 18 56 1D D8 B5 6A 15 B9 7D 76 
 2B F2 0F C1 DC CE 25 A5 53 F9 D6 A7 BA 0E 74 C7 
 9B E6 81 E9 88 AB 7C F2 BE 7A D8 DA 98 E2 CE 72 
 62 CB FE E8 74 FA 4B 2F 5B 1A 3F 44 54 CC 52 1F 
 83 66 79 8F 7B 52 C9 79 91 6D BB 9D 36 51 2F C9 
 4D 98 7A A4 29 0A CF 4E F5 1F 3C 82 D1 32 35 75 
 11 F0 00 A2 FE 34 2A F0 CA 69 10 1A F1 81 C7 F1 
 EC 6A D1 78 6A CF C4 22 30 43 53 72 D4 3A ED 14 
 74 84 15 DB C0 6F 9A B6 56 6D 0C C0 9E 05 9F F9 
 32 53 21 7C E7 97 37 AC 
    IsEnEnabled(0x161 = 'ContextLoad'): 1
 SWTPM_IO_Write: length 14
 80 01 00 00 00 0E 00 00 00 00 80 00 00 00 
 SWTPM_IO_Read: length 414
 80 01 00 00 01 9E 00 00 01 61 00 00 00 00 00 00 
 00 61 02 00 00 00 40 00 00 07 01 82 00 40 A8 21 
 C2 1C CB C3 2A 81 29 91 C4 59 30 4B B4 D0 AB B8 
 E3 A4 4C 6A 2F 88 CF 1A 63 64 44 AF 96 23 6B 79 
 C9 0F 2C 3F 97 D0 82 EB 95 B4 56 F8 78 17 B8 76 
 57 E9 30 8D 10 60 A0 F8 75 3E F6 87 99 D1 D4 D5 
 C8 04 B0 CA 93 EA AE 59 75 56 A4 47 F9 45 3B F4 
 A0 0A 75 40 87 8E A5 A2 40 05 5C 40 42 81 61 CF 
 C5 91 6C 66 47 73 25 2E 5E 75 C9 19 F1 B0 37 70 
 43 7D 6A E2 82 77 AB 14 9F 0D DD 63 45 2F 27 C7 
 A0 1A 24 C4 79 5C C3 E7 B1 8B 39 D3 9E 55 A0 57 
 2E 87 C1 33 BB 4D 00 1B 2B AD EC D5 A9 B6 8B F7 
 C5 1B EB 85 01 3A 7F 7C 39 9E 34 81 91 44 B1 26 
 C4 57 85 54 CA 20 6D 52 80 3E B9 D3 15 F1 88 62 
 CE 56 81 0F E8 A9 52 2C 45 48 AB 08 CD CC F6 06 
 E3 7C 51 D9 98 A1 B2 3E E0 33 DA 69 85 53 0E 66 
 A1 33 3F 9D D7 A8 1F AC 87 25 79 6F 2B 37 44 B2 
 ED F0 BE 82 F6 8B 61 D2 82 5A BA 53 35 AE 57 6B 
 B8 2D FD 64 BD CD EA A3 46 CC A4 E5 17 A0 CF 8B 
 F2 A1 27 39 2B D6 64 D7 B7 63 79 79 3C 26 EA 4C 
 DE 00 1F 93 2C 02 74 5F 43 02 9A 22 ED 4F 87 2A 
 2C CD FF 74 96 65 6A 27 12 19 33 39 40 0C 06 A3 
 6B 4B CB CC 26 A0 DF 43 A1 FA 5A BB 17 B0 4E 04 
 97 F7 2C A9 43 A8 2A FD 12 9C A3 F2 9B AC E7 96 
 2C 7B 41 2A 70 3F 96 C3 96 C2 34 3C 5C 2B 5C 0A 
 F4 3C 36 82 C5 F0 BE 63 19 DC EA CC 3F C7 
    IsEnEnabled(0x161 = 'ContextLoad'): 1
 SWTPM_IO_Write: length 14
 80 01 00 00 00 0E 00 00 00 00 02 00 00 00 
 SWTPM_IO_Read: length 414
 80 01 00 00 01 9E 00 00 01 61 00 00 00 00 00 00 
 00 62 03 00 00 01 40 00 00 07 01 82 00 40 8E 7F 
 A8 2D 26 F6 A4 DD 52 3A E1 28 83 F3 AB E7 C0 1E 
 76 14 22 4D DC A3 61 36 F2 DF 35 59 AA 5B E6 D2 
 0B E1 1D 00 EC 42 7E 2A 75 73 BB 7D A7 10 A9 5F 
 06 72 45 47 26 23 AD 2D 81 4C 49 3F 7E 65 36 86 
 60 32 17 85 D0 FF 94 E3 8F A9 79 C1 4E 8B 37 09 
 9D DD 05 7F C3 05 00 2F 12 A5 3B 59 A5 E0 CE 84 
 A1 DC 4C EF 99 DC B9 B9 73 16 4E 1D 48 1C 02 85 
 4A 8D 23 45 D0 9A DC CC E4 91 34 2F 87 AA 1E F6 
 55 DD B6 5B A2 84 68 8E 4C B6 2B 3D 88 AA 17 30 
 0C 77 91 1A 2F 11 12 36 62 17 C1 15 0F 18 DE 96 
 B2 29 44 6A 5C DC C0 29 3D B3 7C AA B9 16 E2 FA 
 73 8B 92 32 E6 AF 4E 95 9C D6 E5 9B F9 1C 24 26 
 13 97 51 2B 2C 74 D3 C8 AD 88 1E D2 5A 09 72 A8 
 DE 51 C7 A3 98 E2 3C 80 7B B0 FD 8E 1A ED 6C 5B 
 1B BB EB 66 CE 4C 93 9F CB 72 57 1E D4 2B 26 86 
 F0 30 95 B0 C6 45 CC 17 A8 81 4E 09 10 A2 72 8A 
 4F 04 AF A0 8D 81 6C BD F5 0E 14 4B 58 81 25 CD 
 7B BA 35 7F FA 55 C7 18 69 E0 9B 38 08 84 14 98 
 82 1E 52 B4 23 17 9B 74 C5 BC 1F D7 82 A0 40 92 
 8C AA DC FD E8 9E 5A 38 FA DD C8 F6 2E 99 2B 6B 
 49 64 C9 82 8E 8C CB A5 7D 2C E6 BD AB 6F EB E9 
 1B 72 BA BA AC 05 58 EC FC 66 A9 95 8C AC 12 D5 
 1F 8E 24 6C B4 D1 15 E1 97 23 08 E1 89 2F 10 60 
 54 06 81 D5 56 3C D1 9C 98 3E 12 B8 A5 D1 
    IsEnEnabled(0x161 = 'ContextLoad'): 1
 SWTPM_IO_Write: length 14
 80 01 00 00 00 0E 00 00 00 00 03 00 00 01 
 SWTPM_IO_Read: length 14
 80 01 00 00 00 0E 00 00 01 6B 03 00 00 01 
    IsEnEnabled(0x16b = 'PolicyAuthValue'): 1
 SWTPM_IO_Write: length 10
 80 01 00 00 00 0A 00 00 00 00 
 SWTPM_IO_Read: length 14
 80 01 00 00 00 0E 00 00 01 62 80 00 00 00 
    IsEnEnabled(0x162 = 'ContextSave'): 1
 SWTPM_IO_Write: length 456
 80 01 00 00 01 C8 00 00 00 00 00 00 00 00 00 00 
 00 80 80 00 00 00 40 00 00 01 01 AC 00 40 EB CE 
 37 40 A8 13 6B 31 5F 00 89 86 B2 66 35 EF 7A 7E 
 90 8A 7A 44 71 C5 17 19 B0 0E 44 2A 27 EA 9C 38 
 71 A0 64 4E 30 91 F3 A8 37 51 5E 4F 00 E3 B7 B1 
 01 1B E9 FD CD 36 0A 3C 48 73 9D 14 99 48 C0 42 
 3A FF B1 40 89 1C 0D B6 E6 50 29 30 64 88 E8 39 
 E5 B2 B5 78 82 AA 49 A3 17 0F 98 7F 84 B6 E0 4F 
 F0 E7 75 96 21 61 4D BD 3D 5D B4 21 79 49 6E C4 
 E5 E8 51 42 E4 E4 BF 50 46 FE 23 C9 8B 97 DB BD 
 67 48 85 FF C8 32 13 89 94 B7 52 BE 69 02 E6 71 
 93 6C F4 82 09 69 3F 04 4D E9 FB 72 80 1F 4C 9F 
 2F 8A A7 A6 86 0A C0 4A 94 F8 9F AE 2A 27 87 00 
 74 31 DC B0 93 77 66 9C AF A6 63 36 2F 4F A7 CF 
 DD C6 57 CC EB 60 9D 55 96 44 BE 94 CD 74 C1 3D 
 C9 55 E7 28 36 07 06 18 19 00 B8 0D 17 F9 3B A9 
 11 D7 25 35 AF EF 77 1D A4 DE 38 08 68 03 CA DB 
 43 49 FE 8D 5B E2 D9 44 DA 31 5B 26 53 AE DC C0 
 6E C4 5B F7 AB 3F 6E B0 4E 53 C0 04 A3 66 31 EC 
 49 5C D3 CE 7A 3A 4E CD 4B F9 95 9F 23 CF 65 DC 
 DF A3 9D 15 4B 44 0D 0D 53 32 4E 7E 75 5B FC 6D 
 D7 C5 C1 C1 58 CE 8F 3A D6 2D 40 D0 EB E0 FF 91 
 BE 81 1F 1B 02 5B 85 ED F7 88 60 69 F1 BF C9 F2 
 2F D5 67 21 C6 B1 E8 5E 15 14 72 74 17 32 AB EC 
 AF 16 D4 BC F2 D0 E8 56 C6 63 5B B9 C9 84 C6 02 
 9B CE 0A D9 98 39 ED 1C EE A4 E9 FB 92 4A 83 88 
 35 E0 ED 22 56 BE 30 52 CC 9F 4C 70 74 4E 8E FE 
 5B 8A C7 23 EC 49 0B 03 4D BF 6A CB B2 7C 17 AC 
 07 AA CF 5D D1 F7 CE 9E 
 SWTPM_IO_Read: length 14
 80 01 00 00 00 0E 00 00 01 65 80 00 00 00 
    IsEnEnabled(0x165 = 'FlushContext'): 1
 SWTPM_IO_Write: length 10
 80 01 00 00 00 0A 00 00 00 00 
 SWTPM_IO_Read: length 14
 80 01 00 00 00 0E 00 00 01 62 02 00 00 00 
    IsEnEnabled(0x162 = 'ContextSave'): 1
 SWTPM_IO_Write: length 414
 80 01 00 00 01 9E 00 00 00 00 00 00 00 00 00 00 
 00 63 02 00 00 00 40 00 00 07 01 82 00 40 2C 3A 
 98 D3 1D 2F 71 1E E6 63 1B 5F F0 6E 0D 6C AF 11 
 B5 3C 87 03 43 FB 67 DA 4E 74 F8 23 62 6B A6 87 
 E6 DD 62 9E F7 DA A1 0A 00 09 B9 4B EF 4D 7A B7 
 2C 3E F5 57 D4 B3 7F C7 8B 81 92 A9 02 B5 E0 E3 
 51 C8 AD C4 86 A0 4E B3 9C B0 19 2E E5 26 7C 6A 
 B6 98 E3 AF 14 DD 05 BB 90 0F 05 2D 75 BD A1 35 
 10 01 91 58 BE 03 60 19 4A E9 60 E7 4E C8 CE DA 
 53 11 69 92 EC EC 86 7E 3B A6 0C D6 3A 74 46 2F 
 B9 DD 76 9A 95 4E 00 E1 E0 42 47 2C 3B 4C 72 CA 
 C3 18 9D 54 EC B5 21 AB 6D 0D D7 DC 56 61 B6 23 
 93 B0 82 57 8C 97 5F 55 25 0C 69 3D 27 0F AD E7 
 FF 93 CA 43 01 52 B2 09 42 39 07 50 1F 4E 74 8B 
 EF EF 6D 5D 88 5B BE 15 54 A3 C2 8E 82 73 60 22 
 3F 8D 2E E3 FD 43 8B 6F B5 7A 55 08 33 73 E3 7D 
 3F CC 88 5A 31 AD 17 89 CB C0 96 CB 97 9B 99 C4 
 88 FD B2 CD 5C E7 DC 2B 17 BE 3D E1 8D D3 8A C0 
 AC C5 8B 6C 4C 79 48 51 04 5D F5 0E D2 E3 10 B5 
 4B F1 90 1F BD 78 9C 71 12 02 8C 57 EC BA 3E 2F 
 A7 09 98 EC 5D E2 DB 25 BA 70 CD 39 14 C7 C8 4C 
 8A 49 A9 3A 9E 94 28 D3 B4 D6 74 34 51 4E 86 E1 
 9A FF DF 25 50 58 7C 65 E0 79 99 5B 2D 08 2B AD 
 77 AF CA D1 E6 25 A7 D7 CC BE B9 F6 7D 54 A9 A2 
 BA 4E 57 46 65 C8 91 56 B5 5E D2 2B AD F5 94 23 
 12 37 AA 0B 0F DE 7B 0B 73 1D DC 87 4E 03 
 SWTPM_IO_Read: length 14
 80 01 00 00 00 0E 00 00 01 62 03 00 00 01 
    IsEnEnabled(0x162 = 'ContextSave'): 1
 SWTPM_IO_Write: length 414
 80 01 00 00 01 9E 00 00 00 00 00 00 00 00 00 00 
 00 64 03 00 00 01 40 00 00 07 01 82 00 40 A6 2A 
 1B CB CD 18 FE 7C FB DF 3B C0 8A 62 F3 AA 47 80 
 44 1C 7A 75 F4 14 B9 8A 99 A7 F9 09 15 70 46 85 
 96 F2 57 A1 D2 1D 3E 06 ED F6 14 59 D1 1A 4D 8F 
 83 CF 6E 66 3A 90 06 04 C5 C3 01 A9 9F 13 69 FD 
 46 F5 EB 19 B3 FD 3C EE 6D 65 82 CB A6 85 21 DA 
 F3 F5 F3 C6 16 AA 7A D3 52 7E 50 84 72 BE 38 CA 
 FF D5 F3 F0 A5 3C 1C 8A 45 CF 3F F1 DB 93 08 B3 
 08 AE 8E 7E 25 68 F7 94 BF 84 D8 04 8F 32 52 21 
 B0 E2 F7 D8 6D EF 85 D6 2C 3F 5E 11 F4 4C C4 37 
 7C D5 21 91 B1 CD DC B1 41 DE DA FE 9A 2E 2B 1B 
 0B 1F 11 2B 2C E0 5E 37 5A 5E 00 2F B1 44 82 97 
 FC 38 20 72 DE 63 38 BB 2D 71 F5 DB 11 0B 16 AE 
 19 AD 4A E9 AF 40 1D 8C DB 54 B8 2C A6 D9 23 A4 
 D8 A7 F5 D7 6D 98 9B AB 2E 88 BF 1D F2 3D AA 15 
 D7 B1 40 B4 5C 00 85 E1 C1 7F 36 B3 72 7D 9D 8E 
 F5 64 C1 ED 0A D0 80 C5 B9 0F 3C 7B C7 DC DE BD 
 F2 45 55 E3 42 85 32 63 4C DB 0E 13 57 55 DE 4F 
 20 04 8E 8A 4F AF B5 88 C0 0B 04 8A 08 0B 84 28 
 29 E1 32 80 43 30 ED 11 F3 C8 3D 6E 59 D7 93 A7 
 56 F3 2C 99 D5 84 E8 7C 36 92 33 26 F9 E8 A4 16 
 46 56 3A A0 2C 3C F6 34 91 A6 23 C1 15 46 69 7A 
 28 49 D7 CA 94 1D 5D 6F 99 69 FF 85 7C FF 03 80 
 1A 1C 82 CE 14 11 3C D5 19 6C F0 2F FA 53 F5 93 
 79 52 9D 90 4B 4D 2A 8B 31 0E CE 3A D4 88 
 SWTPM_IO_Read: length 456
 80 01 00 00 01 C8 00 00 01 61 00 00 00 00 00 00 
 00 80 80 00 00 00 40 00 00 01 01 AC 00 40 EB CE 
 37 40 A8 13 6B 31 5F 00 89 86 B2 66 35 EF 7A 7E 
 90 8A 7A 44 71 C5 17 19 B0 0E 44 2A 27 EA 9C 38 
 71 A0 64 4E 30 91 F3 A8 37 51 5E 4F 00 E3 B7 B1 
 01 1B E9 FD CD 36 0A 3C 48 73 9D 14 99 48 C0 42 
 3A FF B1 40 89 1C 0D B6 E6 50 29 30 64 88 E8 39 
 E5 B2 B5 78 82 AA 49 A3 17 0F 98 7F 84 B6 E0 4F 
 F0 E7 75 96 21 61 4D BD 3D 5D B4 21 79 49 6E C4 
 E5 E8 51 42 E4 E4 BF 50 46 FE 23 C9 8B 97 DB BD 
 67 48 85 FF C8 32 13 89 94 B7 52 BE 69 02 E6 71 
 93 6C F4 82 09 69 3F 04 4D E9 FB 72 80 1F 4C 9F 
 2F 8A A7 A6 86 0A C0 4A 94 F8 9F AE 2A 27 87 00 
 74 31 DC B0 93 77 66 9C AF A6 63 36 2F 4F A7 CF 
 DD C6 57 CC EB 60 9D 55 96 44 BE 94 CD 74 C1 3D 
 C9 55 E7 28 36 07 06 18 19 00 B8 0D 17 F9 3B A9 
 11 D7 25 35 AF EF 77 1D A4 DE 38 08 68 03 CA DB 
 43 49 FE 8D 5B E2 D9 44 DA 31 5B 26 53 AE DC C0 
 6E C4 5B F7 AB 3F 6E B0 4E 53 C0 04 A3 66 31 EC 
 49 5C D3 CE 7A 3A 4E CD 4B F9 95 9F 23 CF 65 DC 
 DF A3 9D 15 4B 44 0D 0D 53 32 4E 7E 75 5B FC 6D 
 D7 C5 C1 C1 58 CE 8F 3A D6 2D 40 D0 EB E0 FF 91 
 BE 81 1F 1B 02 5B 85 ED F7 88 60 69 F1 BF C9 F2 
 2F D5 67 21 C6 B1 E8 5E 15 14 72 74 17 32 AB EC 
 AF 16 D4 BC F2 D0 E8 56 C6 63 5B B9 C9 84 C6 02 
 9B CE 0A D9 98 39 ED 1C EE A4 E9 FB 92 4A 83 88 
 35 E0 ED 22 56 BE 30 52 CC 9F 4C 70 74 4E 8E FE 
 5B 8A C7 23 EC 49 0B 03 4D BF 6A CB B2 7C 17 AC 
 07 AA CF 5D D1 F7 CE 9E 
    IsEnEnabled(0x161 = 'ContextLoad'): 1
 SWTPM_IO_Write: length 14
 80 01 00 00 00 0E 00 00 00 00 80 00 00 00 
 SWTPM_IO_Read: length 414
 80 01 00 00 01 9E 00 00 01 61 00 00 00 00 00 00 
 00 63 02 00 00 00 40 00 00 07 01 82 00 40 2C 3A 
 98 D3 1D 2F 71 1E E6 63 1B 5F F0 6E 0D 6C AF 11 
 B5 3C 87 03 43 FB 67 DA 4E 74 F8 23 62 6B A6 87 
 E6 DD 62 9E F7 DA A1 0A 00 09 B9 4B EF 4D 7A B7 
 2C 3E F5 57 D4 B3 7F C7 8B 81 92 A9 02 B5 E0 E3 
 51 C8 AD C4 86 A0 4E B3 9C B0 19 2E E5 26 7C 6A 
 B6 98 E3 AF 14 DD 05 BB 90 0F 05 2D 75 BD A1 35 
 10 01 91 58 BE 03 60 19 4A E9 60 E7 4E C8 CE DA 
 53 11 69 92 EC EC 86 7E 3B A6 0C D6 3A 74 46 2F 
 B9 DD 76 9A 95 4E 00 E1 E0 42 47 2C 3B 4C 72 CA 
 C3 18 9D 54 EC B5 21 AB 6D 0D D7 DC 56 61 B6 23 
 93 B0 82 57 8C 97 5F 55 25 0C 69 3D 27 0F AD E7 
 FF 93 CA 43 01 52 B2 09 42 39 07 50 1F 4E 74 8B 
 EF EF 6D 5D 88 5B BE 15 54 A3 C2 8E 82 73 60 22 
 3F 8D 2E E3 FD 43 8B 6F B5 7A 55 08 33 73 E3 7D 
 3F CC 88 5A 31 AD 17 89 CB C0 96 CB 97 9B 99 C4 
 88 FD B2 CD 5C E7 DC 2B 17 BE 3D E1 8D D3 8A C0 
 AC C5 8B 6C 4C 79 48 51 04 5D F5 0E D2 E3 10 B5 
 4B F1 90 1F BD 78 9C 71 12 02 8C 57 EC BA 3E 2F 
 A7 09 98 EC 5D E2 DB 25 BA 70 CD 39 14 C7 C8 4C 
 8A 49 A9 3A 9E 94 28 D3 B4 D6 74 34 51 4E 86 E1 
 9A FF DF 25 50 58 7C 65 E0 79 99 5B 2D 08 2B AD 
 77 AF CA D1 E6 25 A7 D7 CC BE B9 F6 7D 54 A9 A2 
 BA 4E 57 46 65 C8 91 56 B5 5E D2 2B AD F5 94 23 
 12 37 AA 0B 0F DE 7B 0B 73 1D DC 87 4E 03 
    IsEnEnabled(0x161 = 'ContextLoad'): 1
 SWTPM_IO_Write: length 14
 80 01 00 00 00 0E 00 00 00 00 02 00 00 00 
 SWTPM_IO_Read: length 414
 80 01 00 00 01 9E 00 00 01 61 00 00 00 00 00 00 
 00 64 03 00 00 01 40 00 00 07 01 82 00 40 A6 2A 
 1B CB CD 18 FE 7C FB DF 3B C0 8A 62 F3 AA 47 80 
 44 1C 7A 75 F4 14 B9 8A 99 A7 F9 09 15 70 46 85 
 96 F2 57 A1 D2 1D 3E 06 ED F6 14 59 D1 1A 4D 8F 
 83 CF 6E 66 3A 90 06 04 C5 C3 01 A9 9F 13 69 FD 
 46 F5 EB 19 B3 FD 3C EE 6D 65 82 CB A6 85 21 DA 
 F3 F5 F3 C6 16 AA 7A D3 52 7E 50 84 72 BE 38 CA 
 FF D5 F3 F0 A5 3C 1C 8A 45 CF 3F F1 DB 93 08 B3 
 08 AE 8E 7E 25 68 F7 94 BF 84 D8 04 8F 32 52 21 
 B0 E2 F7 D8 6D EF 85 D6 2C 3F 5E 11 F4 4C C4 37 
 7C D5 21 91 B1 CD DC B1 41 DE DA FE 9A 2E 2B 1B 
 0B 1F 11 2B 2C E0 5E 37 5A 5E 00 2F B1 44 82 97 
 FC 38 20 72 DE 63 38 BB 2D 71 F5 DB 11 0B 16 AE 
 19 AD 4A E9 AF 40 1D 8C DB 54 B8 2C A6 D9 23 A4 
 D8 A7 F5 D7 6D 98 9B AB 2E 88 BF 1D F2 3D AA 15 
 D7 B1 40 B4 5C 00 85 E1 C1 7F 36 B3 72 7D 9D 8E 
 F5 64 C1 ED 0A D0 80 C5 B9 0F 3C 7B C7 DC DE BD 
 F2 45 55 E3 42 85 32 63 4C DB 0E 13 57 55 DE 4F 
 20 04 8E 8A 4F AF B5 88 C0 0B 04 8A 08 0B 84 28 
 29 E1 32 80 43 30 ED 11 F3 C8 3D 6E 59 D7 93 A7 
 56 F3 2C 99 D5 84 E8 7C 36 92 33 26 F9 E8 A4 16 
 46 56 3A A0 2C 3C F6 34 91 A6 23 C1 15 46 69 7A 
 28 49 D7 CA 94 1D 5D 6F 99 69 FF 85 7C FF 03 80 
 1A 1C 82 CE 14 11 3C D5 19 6C F0 2F FA 53 F5 93 
 79 52 9D 90 4B 4D 2A 8B 31 0E CE 3A D4 88 
    IsEnEnabled(0x161 = 'ContextLoad'): 1
 SWTPM_IO_Write: length 14
 80 01 00 00 00 0E 00 00 00 00 03 00 00 01 
 SWTPM_IO_Read: length 14
 80 01 00 00 00 0E 00 00 01 89 03 00 00 01 
    IsEnEnabled(0x189 = 'PolicyGetDigest'): 1
 SWTPM_IO_Write: length 44
 80 01 00 00 00 2C 00 00 00 00 00 20 89 17 A4 13 
 D8 E4 C8 B6 B7 F1 1E 90 42 16 CC A4 5B 06 9C 58 
 6B 46 F4 2C A6 70 E2 CC 05 A5 15 83 
 SWTPM_IO_Read: length 14
 80 01 00 00 00 0E 00 00 01 62 80 00 00 00 
    IsEnEnabled(0x162 = 'ContextSave'): 1
 SWTPM_IO_Write: length 456
 80 01 00 00 01 C8 00 00 00 00 00 00 00 00 00 00 
 00 81 80 00 00 00 40 00 00 01 01 AC 00 40 68 23 
 B6 03 3E DF C1 3C 81 55 A4 C1 F9 43 7B 4C 0D 42 
 53 0B 91 15 4A 0A AF 4F 48 65 AD 4F 2A 05 EC CA 
 E0 A9 8A 3E 72 FE EA 4D 62 DC C8 E4 02 17 01 F5 
 0A B0 6F 62 13 E3 91 B6 F8 5A A3 26 6A D3 82 44 
 85 0D 18 C5 B1 74 7A 37 2F 68 E5 B5 19 D5 13 F9 
 C3 BF B3 E9 14 6C 2C CD 04 D9 4D 3E 15 40 FD D3 
 00 C6 98 D3 CE CB C2 07 8A B0 A8 E1 70 F6 C1 0A 
 03 93 CD AD 86 69 E9 F7 45 90 C3 A0 47 5C 88 4A 
 A9 F3 2D 90 35 1D 0D 46 57 A2 1A E1 F5 31 3D 64 
 F6 5A 7E 7A 04 C9 61 D9 BF 28 42 D6 7F 57 17 30 
 7D 9A 1C 22 8F ED EC D5 10 54 D1 95 BD 8F B3 A1 
 88 E1 A1 84 AD B8 CC 24 BD 04 F5 BF F7 2E DB 76 
 07 B9 3F D4 D6 D2 6B 4E C8 BF 9C EC B6 6C BE 3B 
 1B 28 68 DB 40 C9 3D 51 62 AB E7 A7 16 32 93 3C 
 73 41 09 52 FD 12 72 7F 5B 4A 9B BB 67 AD 34 9A 
 31 B6 B9 43 65 90 FD 9D 76 F6 72 AF 84 24 0B F0 
 97 A8 C5 F8 35 E2 7D C1 08 2D 89 3A 1D DC 4B B2 
 B4 6A F2 4C 32 BC F5 43 87 B5 85 CA A5 AB D4 8E 
 C0 FF 2B 2B CC 15 47 6A 95 7E 65 B8 87 F5 AB FE 
 78 AD E8 BE 16 F3 44 F0 6A C2 D9 DC F9 BD 9E 68 
 59 97 BB 6B 93 45 BD D7 88 AE 3D 80 DD 09 89 96 
 52 5C 15 54 A5 76 AF 26 14 80 F6 62 4D DF 4C AE 
 66 97 2F 51 09 9D 14 26 7D 77 FE 35 15 8C F4 E1 
 FA C1 8A 65 82 A6 46 36 81 97 03 10 CD 77 8C 1E 
 7C D3 93 43 F4 96 55 1F 1D 25 A3 96 32 CF 93 F7 
 EC C0 C9 68 96 9D 0B 70 ED F3 C4 41 FE 1A 56 E0 
 E7 79 B7 83 5A BA 6D D9 
 SWTPM_IO_Read: length 14
 80 01 00 00 00 0E 00 00 01 65 80 00 00 00 
    IsEnEnabled(0x165 = 'FlushContext'): 1
 SWTPM_IO_Write: length 10
 80 01 00 00 00 0A 00 00 00 00 
 SWTPM_IO_Read: length 14
 80 01 00 00 00 0E 00 00 01 62 02 00 00 00 
    IsEnEnabled(0x162 = 'ContextSave'): 1
 SWTPM_IO_Write: length 414
 80 01 00 00 01 9E 00 00 00 00 00 00 00 00 00 00 
 00 65 02 00 00 00 40 00 00 07 01 82 00 40 30 80 
 DF 09 15 C3 DB 9A 54 AD C1 5C BA 93 DC 03 F7 40 
 8C A1 E4 0E BE 9B 3E AC AF 33 4A 57 01 7C 4A D0 
 43 F1 FC 9A C1 88 50 60 40 70 B5 AD 4A 87 9E 3C 
 F5 97 63 76 F5 11 6F 27 03 AB 43 F3 88 1B C1 04 
 14 13 3E 8E 3E 0A 62 5B E5 B3 3D 0D F4 D4 18 F0 
 28 95 21 0C C6 AA 53 F0 1C 51 5B 38 4B 3E 9B 9A 
 C2 44 96 8C 58 48 F3 A1 D0 F6 1D 6C 88 00 F6 60 
 74 85 83 81 1F FA B8 56 BF 8C 7B 09 15 B7 E8 7A 
 0F 65 EA DB FB 4D 9F 9E 0F BC D9 6B DB 22 8F 4D 
 C6 97 E0 B2 20 80 2C 49 06 D6 E5 A0 7C E5 C3 9A 
 66 2E 77 EE C0 6B C4 A9 70 E5 61 E2 1C 67 35 BC 
 64 68 68 D5 AA C6 1C 42 0F 45 F1 2D 11 79 2B 42 
 7A 4B 5A 8C 4E 51 9A 4E 82 94 46 C8 45 58 65 6F 
 3A 46 59 27 D1 84 2F F9 66 37 9A 67 0B 0F 8A 0E 
 DC F9 C9 57 8D EC D6 9A F0 A1 E9 06 3A F3 C6 08 
 92 C9 ED 70 37 F6 CA DA 0C FE 3F D6 A6 0F 4C 22 
 FE 0D 03 8F C5 60 1B 27 D7 42 C9 BD A2 7F 8C 44 
 9C 82 FA 00 FF 48 6B 00 F7 E2 C1 8C D7 9B E1 66 
 43 7F E5 96 AC 3C 14 42 22 90 5D 11 ED 56 1B 71 
 7E A0 07 DF 4E 0E 4B 17 3D C7 7A E7 C4 98 24 5D 
 8A 7C 83 AF 3D 52 2B 98 11 14 C9 6C 0A 54 F5 13 
 7A 6C 95 ED 43 44 5A 58 37 A3 C2 89 23 56 D2 FC 
 1D 54 F5 BB 1A 84 73 79 6E AC 15 BF A5 24 4C 3B 
 74 04 E4 F0 AC BE A1 B0 12 37 4A 15 F2 35 
 SWTPM_IO_Read: length 14
 80 01 00 00 00 0E 00 00 01 62 03 00 00 01 
    IsEnEnabled(0x162 = 'ContextSave'): 1
 SWTPM_IO_Write: length 414
 80 01 00 00 01 9E 00 00 00 00 00 00 00 00 00 00 
 00 66 03 00 00 01 40 00 00 07 01 82 00 40 24 32 
 F7 09 85 48 72 09 C6 2C 86 31 4C BE F2 80 E6 BB 
 20 D8 81 9D 24 F2 56 54 41 71 0F 31 CC 4B FF 8B 
 80 63 47 DF A5 92 51 FC 21 5C 03 BC 57 16 B3 51 
 08 B8 A0 66 AD C0 D5 EF 14 14 3B 3E 5B 9F C1 50 
 54 14 36 BA 49 1C 48 CA F6 25 E2 A5 77 CD 48 AD 
 E1 69 7C 6A 31 45 BC FB BC 42 E2 B8 62 BF 29 44 
 CC 29 AD 54 01 CB 1A E4 3F 81 27 4F 51 F0 92 1B 
 05 F0 31 F3 AB BE 1D AD CB 41 83 04 C1 69 17 2F 
 78 56 83 D2 BC E5 DC AF 1C 89 B9 E4 2C 6A 4B C3 
 EB 4D 19 CE D6 72 C6 85 B8 3A F0 89 D7 EB 59 D3 
 0C 84 84 C3 00 3E 9E 11 A8 02 70 8A B9 79 82 F7 
 4F 84 06 6D 95 A0 D2 9D A0 DA 3F A1 AD 24 B0 9C 
 80 32 6A DE 16 20 75 C2 21 7F 19 7B 40 80 74 17 
 54 85 AE AA 03 91 68 44 5D D4 06 3C E8 11 F4 B6 
 AC 64 E1 94 2F E2 85 03 17 E3 8E 94 68 D7 A3 A0 
 C3 50 B8 8C 6F 39 23 0D 63 3E 36 AE EA 04 50 98 
 6E EF D0 57 56 81 F0 97 93 AB 0C 7E 8C CC 52 87 
 9F 48 14 6F 8E EE 85 CC 55 82 E1 7C 78 64 60 FF 
 F3 40 EE 1F C9 87 25 73 EE E7 7C 2E F1 24 A2 52 
 CE 67 BF 00 A7 C0 7B E4 B7 59 74 19 67 63 3D 7F 
 66 F2 EA 5E 67 CE 4B 10 49 BD 77 73 D0 AB 28 BB 
 46 09 B7 ED FB 26 93 37 4E 65 27 1C B3 FD F9 CB 
 D7 45 81 25 0E F7 D7 E6 AE AF C2 D6 88 5D A1 10 
 77 02 3B 62 A3 21 2B 90 F1 6A 0B 4B F7 93 
 SWTPM_IO_Read: length 456
 80 01 00 00 01 C8 00 00 01 61 00 00 00 00 00 00 
 00 81 80 00 00 00 40 00 00 01 01 AC 00 40 68 23 
 B6 03 3E DF C1 3C 81 55 A4 C1 F9 43 7B 4C 0D 42 
 53 0B 91 15 4A 0A AF 4F 48 65 AD 4F 2A 05 EC CA 
 E0 A9 8A 3E 72 FE EA 4D 62 DC C8 E4 02 17 01 F5 
 0A B0 6F 62 13 E3 91 B6 F8 5A A3 26 6A D3 82 44 
 85 0D 18 C5 B1 74 7A 37 2F 68 E5 B5 19 D5 13 F9 
 C3 BF B3 E9 14 6C 2C CD 04 D9 4D 3E 15 40 FD D3 
 00 C6 98 D3 CE CB C2 07 8A B0 A8 E1 70 F6 C1 0A 
 03 93 CD AD 86 69 E9 F7 45 90 C3 A0 47 5C 88 4A 
 A9 F3 2D 90 35 1D 0D 46 57 A2 1A E1 F5 31 3D 64 
 F6 5A 7E 7A 04 C9 61 D9 BF 28 42 D6 7F 57 17 30 
 7D 9A 1C 22 8F ED EC D5 10 54 D1 95 BD 8F B3 A1 
 88 E1 A1 84 AD B8 CC 24 BD 04 F5 BF F7 2E DB 76 
 07 B9 3F D4 D6 D2 6B 4E C8 BF 9C EC B6 6C BE 3B 
 1B 28 68 DB 40 C9 3D 51 62 AB E7 A7 16 32 93 3C 
 73 41 09 52 FD 12 72 7F 5B 4A 9B BB 67 AD 34 9A 
 31 B6 B9 43 65 90 FD 9D 76 F6 72 AF 84 24 0B F0 
 97 A8 C5 F8 35 E2 7D C1 08 2D 89 3A 1D DC 4B B2 
 B4 6A F2 4C 32 BC F5 43 87 B5 85 CA A5 AB D4 8E 
 C0 FF 2B 2B CC 15 47 6A 95 7E 65 B8 87 F5 AB FE 
 78 AD E8 BE 16 F3 44 F0 6A C2 D9 DC F9 BD 9E 68 
 59 97 BB 6B 93 45 BD D7 88 AE 3D 80 DD 09 89 96 
 52 5C 15 54 A5 76 AF 26 14 80 F6 62 4D DF 4C AE 
 66 97 2F 51 09 9D 14 26 7D 77 FE 35 15 8C F4 E1 
 FA C1 8A 65 82 A6 46 36 81 97 03 10 CD 77 8C 1E 
 7C D3 93 43 F4 96 55 1F 1D 25 A3 96 32 CF 93 F7 
 EC C0 C9 68 96 9D 0B 70 ED F3 C4 41 FE 1A 56 E0 
 E7 79 B7 83 5A BA 6D D9 
    IsEnEnabled(0x161 = 'ContextLoad'): 1
 SWTPM_IO_Write: length 14
 80 01 00 00 00 0E 00 00 00 00 80 00 00 00 
 SWTPM_IO_Read: length 414
 80 01 00 00 01 9E 00 00 01 61 00 00 00 00 00 00 
 00 65 02 00 00 00 40 00 00 07 01 82 00 40 30 80 
 DF 09 15 C3 DB 9A 54 AD C1 5C BA 93 DC 03 F7 40 
 8C A1 E4 0E BE 9B 3E AC AF 33 4A 57 01 7C 4A D0 
 43 F1 FC 9A C1 88 50 60 40 70 B5 AD 4A 87 9E 3C 
 F5 97 63 76 F5 11 6F 27 03 AB 43 F3 88 1B C1 04 
 14 13 3E 8E 3E 0A 62 5B E5 B3 3D 0D F4 D4 18 F0 
 28 95 21 0C C6 AA 53 F0 1C 51 5B 38 4B 3E 9B 9A 
 C2 44 96 8C 58 48 F3 A1 D0 F6 1D 6C 88 00 F6 60 
 74 85 83 81 1F FA B8 56 BF 8C 7B 09 15 B7 E8 7A 
 0F 65 EA DB FB 4D 9F 9E 0F BC D9 6B DB 22 8F 4D 
 C6 97 E0 B2 20 80 2C 49 06 D6 E5 A0 7C E5 C3 9A 
 66 2E 77 EE C0 6B C4 A9 70 E5 61 E2 1C 67 35 BC 
 64 68 68 D5 AA C6 1C 42 0F 45 F1 2D 11 79 2B 42 
 7A 4B 5A 8C 4E 51 9A 4E 82 94 46 C8 45 58 65 6F 
 3A 46 59 27 D1 84 2F F9 66 37 9A 67 0B 0F 8A 0E 
 DC F9 C9 57 8D EC D6 9A F0 A1 E9 06 3A F3 C6 08 
 92 C9 ED 70 37 F6 CA DA 0C FE 3F D6 A6 0F 4C 22 
 FE 0D 03 8F C5 60 1B 27 D7 42 C9 BD A2 7F 8C 44 
 9C 82 FA 00 FF 48 6B 00 F7 E2 C1 8C D7 9B E1 66 
 43 7F E5 96 AC 3C 14 42 22 90 5D 11 ED 56 1B 71 
 7E A0 07 DF 4E 0E 4B 17 3D C7 7A E7 C4 98 24 5D 
 8A 7C 83 AF 3D 52 2B 98 11 14 C9 6C 0A 54 F5 13 
 7A 6C 95 ED 43 44 5A 58 37 A3 C2 89 23 56 D2 FC 
 1D 54 F5 BB 1A 84 73 79 6E AC 15 BF A5 24 4C 3B 
 74 04 E4 F0 AC BE A1 B0 12 37 4A 15 F2 35 
    IsEnEnabled(0x161 = 'ContextLoad'): 1
 SWTPM_IO_Write: length 14
 80 01 00 00 00 0E 00 00 00 00 02 00 00 00 
 SWTPM_IO_Read: length 414
 80 01 00 00 01 9E 00 00 01 61 00 00 00 00 00 00 
 00 66 03 00 00 01 40 00 00 07 01 82 00 40 24 32 
 F7 09 85 48 72 09 C6 2C 86 31 4C BE F2 80 E6 BB 
 20 D8 81 9D 24 F2 56 54 41 71 0F 31 CC 4B FF 8B 
 80 63 47 DF A5 92 51 FC 21 5C 03 BC 57 16 B3 51 
 08 B8 A0 66 AD C0 D5 EF 14 14 3B 3E 5B 9F C1 50 
 54 14 36 BA 49 1C 48 CA F6 25 E2 A5 77 CD 48 AD 
 E1 69 7C 6A 31 45 BC FB BC 42 E2 B8 62 BF 29 44 
 CC 29 AD 54 01 CB 1A E4 3F 81 27 4F 51 F0 92 1B 
 05 F0 31 F3 AB BE 1D AD CB 41 83 04 C1 69 17 2F 
 78 56 83 D2 BC E5 DC AF 1C 89 B9 E4 2C 6A 4B C3 
 EB 4D 19 CE D6 72 C6 85 B8 3A F0 89 D7 EB 59 D3 
 0C 84 84 C3 00 3E 9E 11 A8 02 70 8A B9 79 82 F7 
 4F 84 06 6D 95 A0 D2 9D A0 DA 3F A1 AD 24 B0 9C 
 80 32 6A DE 16 20 75 C2 21 7F 19 7B 40 80 74 17 
 54 85 AE AA 03 91 68 44 5D D4 06 3C E8 11 F4 B6 
 AC 64 E1 94 2F E2 85 03 17 E3 8E 94 68 D7 A3 A0 
 C3 50 B8 8C 6F 39 23 0D 63 3E 36 AE EA 04 50 98 
 6E EF D0 57 56 81 F0 97 93 AB 0C 7E 8C CC 52 87 
 9F 48 14 6F 8E EE 85 CC 55 82 E1 7C 78 64 60 FF 
 F3 40 EE 1F C9 87 25 73 EE E7 7C 2E F1 24 A2 52 
 CE 67 BF 00 A7 C0 7B E4 B7 59 74 19 67 63 3D 7F 
 66 F2 EA 5E 67 CE 4B 10 49 BD 77 73 D0 AB 28 BB 
 46 09 B7 ED FB 26 93 37 4E 65 27 1C B3 FD F9 CB 
 D7 45 81 25 0E F7 D7 E6 AE AF C2 D6 88 5D A1 10 
 77 02 3B 62 A3 21 2B 90 F1 6A 0B 4B F7 93 
    IsEnEnabled(0x161 = 'ContextLoad'): 1
 SWTPM_IO_Write: length 14
 80 01 00 00 00 0E 00 00 00 00 03 00 00 01 
 SWTPM_IO_Read: length 164
 80 02 00 00 00 A4 00 00 01 5E 80 00 00 00 00 00 
 00 92 03 00 00 01 00 20 81 DF 54 B3 F1 B4 75 D6 
 A9 8A 79 1A 9F 8C 5D 1B 64 AC A2 4C 25 A1 AF F2 
 CF 86 00 6E 7D 6C 6E BE 01 00 20 1A 07 F6 BB 42 
 30 DB AE F8 7F 1A DD 2C 26 56 E2 4A 69 B1 27 F4 
 A8 61 15 6F 70 6A B4 CA 4D 6A 30 02 00 00 00 00 
 20 B8 6F 1C BC 22 AE C7 D6 C0 9F 70 F1 C7 C8 4E 
 34 AC 59 47 8B 29 F2 C0 85 79 AE 42 AF FC CD 4E 
 36 41 00 20 BC 9D BB C9 CA 6F 61 C1 E2 52 52 88 
 86 FC EC A4 7B CA 07 47 46 47 9B 83 A6 DF 92 FC 
 4F 6D B1 E0 
    IsEnEnabled(0x15e = 'Unseal'): 1
 SWTPM_IO_Write: length 186
 80 02 00 00 00 BA 00 00 00 00 00 00 00 22 00 20 
 F4 A5 22 36 1F 2D 4B 26 2C 48 4A 9E 43 7B EB 27 
 C8 82 F9 07 ED A8 59 EC 64 48 C8 2F 20 70 71 8D 
 00 20 7E 85 53 A5 9A EC 4D 3E 87 5C 42 DE 27 8D 
 12 56 E7 CF 79 29 61 66 72 4D 99 82 2B AA 49 81 
 24 9E 01 00 20 B1 7B A8 8E 06 5C CB 15 3F 61 0B 
 ED 9F ED 0B A8 CC FC 52 F9 BD 7C CE 2A A2 97 D7 
 7A 13 4E C5 D0 00 20 9B E3 9E F8 13 5F 6C 17 C0 
 08 70 C1 9D F7 FC FB 6A 71 A3 8D CF 20 DA E4 48 
 F4 46 CE BE 9D 2D 40 41 00 20 27 4E A4 3E FD 38 
 DB 7B FC 8F 21 A8 3B AA 13 F4 F8 BB CD 87 76 AD 
 1D 75 5D 91 45 DD 48 DC 6E F8 
 SWTPM_IO_Read: length 14
 80 01 00 00 00 0E 00 00 01 62 80 00 00 00 
    IsEnEnabled(0x162 = 'ContextSave'): 1
 SWTPM_IO_Write: length 456
 80 01 00 00 01 C8 00 00 00 00 00 00 00 00 00 00 
 00 82 80 00 00 00 40 00 00 01 01 AC 00 40 54 57 
 3F 0A BE 1B 23 E4 E8 C2 4D 32 EE 61 74 49 F8 91 
 A4 83 AA F2 77 11 A2 64 C2 B3 E6 0C D3 23 D1 E1 
 59 73 4C 15 FA 2E B8 34 8E E0 BC B4 41 41 D3 19 
 3E 79 A0 73 F7 2C 11 1F 27 06 C1 F2 FE CB 7E F3 
 62 90 D3 C5 D2 B7 50 67 38 0C A2 89 7E 90 89 47 
 83 32 42 77 DE CB 80 14 0D 34 16 1F CE 00 38 80 
 ED BD FD 75 89 91 74 99 D1 CD A4 23 0E B3 81 7C 
 3A 34 73 F9 48 1E E6 91 9C B4 16 CD 10 20 CE 95 
 D1 07 FA BF 33 E6 5C 36 64 31 62 22 F9 CA F6 BE 
 4E AA 4E 4C 52 6B B8 C7 26 3A 23 47 88 2B DF A2 
 08 4A A6 45 07 28 E6 CD 57 0D FB 62 17 0D A0 1B 
 7B 1A 90 03 53 0E 29 36 30 DB 33 D0 A2 35 E6 24 
 2D 76 FA 06 E1 D5 98 9F 46 C0 2C 73 83 7F 6E 46 
 77 C1 3A 4B 9D 9E A5 4E E6 9B 0B 02 04 49 51 83 
 A2 32 6A 53 30 0A EA E8 5F EE F5 D3 5D 93 82 7C 
 7F D1 7D E5 5E CB 98 F3 DC 51 C0 7E 52 F5 F6 7D 
 D9 45 D5 0A 42 6A 54 5E A1 8E 27 2B 0F E8 C6 6C 
 5F 2B 6A C4 F4 57 B8 D9 8D 59 1D 2F B7 75 84 8B 
 5E 3B 20 E3 9C FB E2 DD 76 25 B9 0C E1 AD CD 9D 
 DC E1 3A 1C 98 4D EC 6A 91 23 56 16 A6 B8 93 02 
 01 DF A5 27 F3 D5 4C 63 EC 88 79 2B 9E 6D 84 C8 
 CF 79 4C E4 BF 35 73 D0 0C 9C 86 92 65 BB D3 31 
 FF 6A 1C 91 F9 F4 7F D7 48 2A 37 5E BB B6 20 B6 
 FD 3E 11 58 9A EF 73 0B DD CD 35 76 2B B2 86 4F 
 47 10 43 90 08 CC DA 6C 65 1A 82 3A C0 76 B0 A4 
 9B 60 13 54 C4 F3 42 C0 AA AE C8 A6 EC 13 9C B1 
 E6 7B EC E1 4F B3 C7 8F 
 SWTPM_IO_Read: length 14
 80 01 00 00 00 0E 00 00 01 65 80 00 00 00 
    IsEnEnabled(0x165 = 'FlushContext'): 1
 SWTPM_IO_Write: length 10
 80 01 00 00 00 0A 00 00 00 00 
 SWTPM_IO_Read: length 14
 80 01 00 00 00 0E 00 00 01 62 02 00 00 00 
    IsEnEnabled(0x162 = 'ContextSave'): 1
 SWTPM_IO_Write: length 414
 80 01 00 00 01 9E 00 00 00 00 00 00 00 00 00 00 
 00 67 02 00 00 00 40 00 00 07 01 82 00 40 22 F0 
 7F 08 6F 33 C4 91 03 0D D9 1E 83 86 EE 5B A4 3B 
 08 6D 07 25 B1 82 BE C4 AE 6E CE 24 FA 28 33 4D 
 BC AE 82 08 E9 94 A4 F5 C5 7B 46 D5 BC C0 40 89 
 16 66 B0 69 DE 4C 00 78 53 97 7F D2 35 B4 B4 6D 
 45 58 BB F2 27 10 22 62 A6 95 84 53 6C B2 17 92 
 D6 53 65 48 B4 21 EE 39 C7 2A BC 02 58 26 E7 12 
 24 49 6C 79 C8 71 0D D8 96 B4 33 C7 A3 AB 74 BA 
 00 8E 7E D0 B4 57 E7 7E A9 19 DB D3 AF CD 63 98 
 28 2F 21 91 C1 8E 0E 6B FD 3E C4 C9 17 6A D0 C5 
 2F 31 04 52 A6 6D DC 71 4F 3B DF 09 7E 02 47 DD 
 33 BD FA DC C1 2D 00 FF B3 3F AE 12 94 BA 03 60 
 BB E0 98 7C 23 49 5A 8C 6E 97 02 96 01 10 70 C3 
 4A 9C A6 60 49 8D E4 D9 0F FB 0A 73 A9 C8 1A FB 
 B8 C1 10 06 FA C2 6E FC 7A C8 B9 95 0B 20 63 1C 
 17 91 85 6A D2 01 30 1A 63 F5 CF 9F 17 37 18 D5 
 F9 B1 12 18 03 46 63 9A 79 E6 32 BD 4D C5 05 6B 
 4C C8 65 51 B0 86 AA 45 7F 7D F4 2F 99 9E E9 D6 
 23 59 51 F6 17 03 41 50 7F 7E BD E0 EF A3 23 07 
 9E C4 3D A6 3E 2B 15 25 20 D6 AA 89 96 06 E3 94 
 19 6E 97 70 08 20 9B 67 FE F2 0D 7F 1A 19 02 47 
 4A 58 77 3E D4 EC 47 07 8E AF C2 4C 1A 23 A3 16 
 E8 33 D4 81 F5 80 6B B6 59 9F A1 1D 88 D6 5F 8C 
 E2 92 2F 4B 10 9D FA 33 28 9E 20 E1 9D B6 C7 17 
 8E 63 DA 72 D8 6B 7B BB 6B 70 0C 93 81 68 
 SWTPM_IO_Read: length 14
 80 01 00 00 00 0E 00 00 01 62 03 00 00 01 
    IsEnEnabled(0x162 = 'ContextSave'): 1
 SWTPM_IO_Write: length 414
 80 01 00 00 01 9E 00 00 00 00 00 00 00 00 00 00 
 00 68 03 00 00 01 40 00 00 07 01 82 00 40 EF 33 
 9B 20 24 FD F9 A6 21 92 22 16 C7 C1 DE 97 89 38 
 92 9C 39 4B 23 CA AF 8B D4 B6 EE 2D F9 52 4A 91 
 BD 90 9E 60 06 3C A6 5A C9 16 D6 12 B3 D7 EF 8A 
 B7 17 44 E7 0F A7 6C 3B 91 D0 48 16 69 B5 B1 C2 
 B4 99 A5 77 DD 2C 4B 34 81 F3 0D CE 4C F6 D4 A8 
 23 B5 9F 1B 51 0F F9 BC 0A 15 37 F6 9D 52 05 C0 
 64 9F 02 0F 81 4D 7E A9 0B 77 27 A2 23 0C 0E FD 
 3C D6 2B 0E 1C E0 93 B8 48 5A DF 0B 8E 67 0F F7 
 28 02 3A 7C F9 F0 2A 6B C2 9A 82 E8 93 E8 36 F3 
 DC 9F 8F 3D 5F 48 02 F3 F8 8F 05 76 2F AC C8 41 
 27 F1 C4 7D B2 69 5B 42 AE 90 BE 85 B1 A8 D4 F9 
 08 67 F5 AA 7E 5F 2E 9A 4B 81 96 B9 8E 1F D8 87 
 6B C1 1F 22 0D AC BD C5 A1 C9 1B 1F 45 1C 5C 95 
 EB A7 24 F9 01 A2 4C 41 63 C5 F6 4F 0F 8C 46 D0 
 FE C0 29 D6 C2 F2 E5 94 04 F1 30 E9 93 07 68 00 
 BF AC BB A3 F4 77 95 9E 17 BD CE 67 69 B9 16 61 
 B2 6C 8A E0 AD A0 5E 8D F7 3C 44 71 C3 CD F1 37 
 03 7D E2 B9 6F DD 3D 86 68 76 C7 BF 77 A4 56 BC 
 C4 86 C0 DF 32 48 C4 6F FC FA D5 8F 63 BB D9 CF 
 4F 53 E3 D8 9F 74 97 87 B8 46 5A 80 6B 4E AC 91 
 49 31 B4 F9 4E 65 57 17 9F C4 B9 E3 5E 68 27 F5 
 12 E4 F3 22 C0 3F F7 B3 57 74 5B 46 41 F8 4D A7 
 0E B2 23 75 96 56 29 5A 30 07 7C 7D 1F EB B8 21 
 85 61 F8 71 80 71 37 2D C5 C4 1B 90 50 7B 
 SWTPM_IO_Read: length 456
 80 01 00 00 01 C8 00 00 01 61 00 00 00 00 00 00 
 00 82 80 00 00 00 40 00 00 01 01 AC 00 40 54 57 
 3F 0A BE 1B 23 E4 E8 C2 4D 32 EE 61 74 49 F8 91 
 A4 83 AA F2 77 11 A2 64 C2 B3 E6 0C D3 23 D1 E1 
 59 73 4C 15 FA 2E B8 34 8E E0 BC B4 41 41 D3 19 
 3E 79 A0 73 F7 2C 11 1F 27 06 C1 F2 FE CB 7E F3 
 62 90 D3 C5 D2 B7 50 67 38 0C A2 89 7E 90 89 47 
 83 32 42 77 DE CB 80 14 0D 34 16 1F CE 00 38 80 
 ED BD FD 75 89 91 74 99 D1 CD A4 23 0E B3 81 7C 
 3A 34 73 F9 48 1E E6 91 9C B4 16 CD 10 20 CE 95 
 D1 07 FA BF 33 E6 5C 36 64 31 62 22 F9 CA F6 BE 
 4E AA 4E 4C 52 6B B8 C7 26 3A 23 47 88 2B DF A2 
 08 4A A6 45 07 28 E6 CD 57 0D FB 62 17 0D A0 1B 
 7B 1A 90 03 53 0E 29 36 30 DB 33 D0 A2 35 E6 24 
 2D 76 FA 06 E1 D5 98 9F 46 C0 2C 73 83 7F 6E 46 
 77 C1 3A 4B 9D 9E A5 4E E6 9B 0B 02 04 49 51 83 
 A2 32 6A 53 30 0A EA E8 5F EE F5 D3 5D 93 82 7C 
 7F D1 7D E5 5E CB 98 F3 DC 51 C0 7E 52 F5 F6 7D 
 D9 45 D5 0A 42 6A 54 5E A1 8E 27 2B 0F E8 C6 6C 
 5F 2B 6A C4 F4 57 B8 D9 8D 59 1D 2F B7 75 84 8B 
 5E 3B 20 E3 9C FB E2 DD 76 25 B9 0C E1 AD CD 9D 
 DC E1 3A 1C 98 4D EC 6A 91 23 56 16 A6 B8 93 02 
 01 DF A5 27 F3 D5 4C 63 EC 88 79 2B 9E 6D 84 C8 
 CF 79 4C E4 BF 35 73 D0 0C 9C 86 92 65 BB D3 31 
 FF 6A 1C 91 F9 F4 7F D7 48 2A 37 5E BB B6 20 B6 
 FD 3E 11 58 9A EF 73 0B DD CD 35 76 2B B2 86 4F 
 47 10 43 90 08 CC DA 6C 65 1A 82 3A C0 76 B0 A4 
 9B 60 13 54 C4 F3 42 C0 AA AE C8 A6 EC 13 9C B1 
 E6 7B EC E1 4F B3 C7 8F 
    IsEnEnabled(0x161 = 'ContextLoad'): 1
 SWTPM_IO_Write: length 14
 80 01 00 00 00 0E 00 00 00 00 80 00 00 00 
 SWTPM_IO_Read: length 414
 80 01 00 00 01 9E 00 00 01 61 00 00 00 00 00 00 
 00 67 02 00 00 00 40 00 00 07 01 82 00 40 22 F0 
 7F 08 6F 33 C4 91 03 0D D9 1E 83 86 EE 5B A4 3B 
 08 6D 07 25 B1 82 BE C4 AE 6E CE 24 FA 28 33 4D 
 BC AE 82 08 E9 94 A4 F5 C5 7B 46 D5 BC C0 40 89 
 16 66 B0 69 DE 4C 00 78 53 97 7F D2 35 B4 B4 6D 
 45 58 BB F2 27 10 22 62 A6 95 84 53 6C B2 17 92 
 D6 53 65 48 B4 21 EE 39 C7 2A BC 02 58 26 E7 12 
 24 49 6C 79 C8 71 0D D8 96 B4 33 C7 A3 AB 74 BA 
 00 8E 7E D0 B4 57 E7 7E A9 19 DB D3 AF CD 63 98 
 28 2F 21 91 C1 8E 0E 6B FD 3E C4 C9 17 6A D0 C5 
 2F 31 04 52 A6 6D DC 71 4F 3B DF 09 7E 02 47 DD 
 33 BD FA DC C1 2D 00 FF B3 3F AE 12 94 BA 03 60 
 BB E0 98 7C 23 49 5A 8C 6E 97 02 96 01 10 70 C3 
 4A 9C A6 60 49 8D E4 D9 0F FB 0A 73 A9 C8 1A FB 
 B8 C1 10 06 FA C2 6E FC 7A C8 B9 95 0B 20 63 1C 
 17 91 85 6A D2 01 30 1A 63 F5 CF 9F 17 37 18 D5 
 F9 B1 12 18 03 46 63 9A 79 E6 32 BD 4D C5 05 6B 
 4C C8 65 51 B0 86 AA 45 7F 7D F4 2F 99 9E E9 D6 
 23 59 51 F6 17 03 41 50 7F 7E BD E0 EF A3 23 07 
 9E C4 3D A6 3E 2B 15 25 20 D6 AA 89 96 06 E3 94 
 19 6E 97 70 08 20 9B 67 FE F2 0D 7F 1A 19 02 47 
 4A 58 77 3E D4 EC 47 07 8E AF C2 4C 1A 23 A3 16 
 E8 33 D4 81 F5 80 6B B6 59 9F A1 1D 88 D6 5F 8C 
 E2 92 2F 4B 10 9D FA 33 28 9E 20 E1 9D B6 C7 17 
 8E 63 DA 72 D8 6B 7B BB 6B 70 0C 93 81 68 
    IsEnEnabled(0x161 = 'ContextLoad'): 1
 SWTPM_IO_Write: length 14
 80 01 00 00 00 0E 00 00 00 00 02 00 00 00 
 SWTPM_IO_Read: length 414
 80 01 00 00 01 9E 00 00 01 61 00 00 00 00 00 00 
 00 68 03 00 00 01 40 00 00 07 01 82 00 40 EF 33 
 9B 20 24 FD F9 A6 21 92 22 16 C7 C1 DE 97 89 38 
 92 9C 39 4B 23 CA AF 8B D4 B6 EE 2D F9 52 4A 91 
 BD 90 9E 60 06 3C A6 5A C9 16 D6 12 B3 D7 EF 8A 
 B7 17 44 E7 0F A7 6C 3B 91 D0 48 16 69 B5 B1 C2 
 B4 99 A5 77 DD 2C 4B 34 81 F3 0D CE 4C F6 D4 A8 
 23 B5 9F 1B 51 0F F9 BC 0A 15 37 F6 9D 52 05 C0 
 64 9F 02 0F 81 4D 7E A9 0B 77 27 A2 23 0C 0E FD 
 3C D6 2B 0E 1C E0 93 B8 48 5A DF 0B 8E 67 0F F7 
 28 02 3A 7C F9 F0 2A 6B C2 9A 82 E8 93 E8 36 F3 
 DC 9F 8F 3D 5F 48 02 F3 F8 8F 05 76 2F AC C8 41 
 27 F1 C4 7D B2 69 5B 42 AE 90 BE 85 B1 A8 D4 F9 
 08 67 F5 AA 7E 5F 2E 9A 4B 81 96 B9 8E 1F D8 87 
 6B C1 1F 22 0D AC BD C5 A1 C9 1B 1F 45 1C 5C 95 
 EB A7 24 F9 01 A2 4C 41 63 C5 F6 4F 0F 8C 46 D0 
 FE C0 29 D6 C2 F2 E5 94 04 F1 30 E9 93 07 68 00 
 BF AC BB A3 F4 77 95 9E 17 BD CE 67 69 B9 16 61 
 B2 6C 8A E0 AD A0 5E 8D F7 3C 44 71 C3 CD F1 37 
 03 7D E2 B9 6F DD 3D 86 68 76 C7 BF 77 A4 56 BC 
 C4 86 C0 DF 32 48 C4 6F FC FA D5 8F 63 BB D9 CF 
 4F 53 E3 D8 9F 74 97 87 B8 46 5A 80 6B 4E AC 91 
 49 31 B4 F9 4E 65 57 17 9F C4 B9 E3 5E 68 27 F5 
 12 E4 F3 22 C0 3F F7 B3 57 74 5B 46 41 F8 4D A7 
 0E B2 23 75 96 56 29 5A 30 07 7C 7D 1F EB B8 21 
 85 61 F8 71 80 71 37 2D C5 C4 1B 90 50 7B 
    IsEnEnabled(0x161 = 'ContextLoad'): 1
 SWTPM_IO_Write: length 14
 80 01 00 00 00 0E 00 00 00 00 03 00 00 01 
 SWTPM_IO_Read: length 14
 80 01 00 00 00 0E 00 00 01 65 03 00 00 01 
    IsEnEnabled(0x165 = 'FlushContext'): 1
 SWTPM_IO_Write: length 10
 80 01 00 00 00 0A 00 00 00 00 
 SWTPM_IO_Read: length 14
 80 01 00 00 00 0E 00 00 01 62 80 00 00 00 
    IsEnEnabled(0x162 = 'ContextSave'): 1
 SWTPM_IO_Write: length 456
 80 01 00 00 01 C8 00 00 00 00 00 00 00 00 00 00 
 00 83 80 00 00 00 40 00 00 01 01 AC 00 40 EC 29 
 59 6C C3 76 2B 8C AE 78 C1 AE 1E 4D C6 30 E6 03 
 B9 94 70 A4 17 0B 24 D5 B5 60 40 26 38 19 F4 8C 
 CF 09 5E CD 07 54 05 51 82 B8 C4 98 E8 A8 4F 92 
 9C 94 76 51 A3 03 0A 34 37 0D 5F 30 60 DF 99 24 
 68 5A 62 35 DC 35 AC 97 56 08 56 0A 28 97 66 0C 
 1E 51 0A 5C 28 F4 50 8C 5A 27 65 FD D3 0C B3 F6 
 F9 B0 B0 F6 3C 9F 60 74 92 4A 5A BC 42 3E 86 46 
 2C D5 31 BA 42 FA F6 5E FB 7F 64 E1 09 2A 90 98 
 5F 4D 4A 17 96 E2 E2 7A 66 1F 96 9C BF 5F 61 53 
 AE CB 8A F6 BC FD 86 BD B9 7B B8 F8 DF 03 E9 AA 
 33 A5 D5 51 1B 84 F0 7E 54 8B AE 90 35 10 8F 88 
 F7 82 3E A9 41 0D CA A3 CE 8E B2 F0 17 79 68 78 
 25 F0 9E A5 47 6F 7E 11 D7 65 FB 3F 9C 2B 78 C8 
 62 3A B4 CB 9A CA 92 5B 3E 7A B8 0D C3 07 F8 08 
 21 8C 28 10 2F BA D5 BE 04 B6 49 4E 3C 88 4A F8 
 C1 E2 D1 6C BF BC 57 99 13 66 3F 69 28 43 68 05 
 1F 87 14 67 54 1A 13 3C 1B FF 1D 9B 94 32 DD 88 
 A1 31 C9 2D 71 D6 51 34 9E 2D 25 53 2C BE 06 0C 
 FC 78 D5 89 B8 72 06 D7 4E DE 62 38 96 58 A8 BA 
 B3 F6 BC 75 C7 23 8C 78 79 A6 AA 3B DB CE 32 8C 
 38 EE 41 55 31 17 E2 86 82 4B E5 5B 1B 7F FA 42 
 BB 77 1D 66 E0 DA 7E 9F 9C BB D7 7B 3E 03 D9 4D 
 3B 64 59 9B 04 4E 50 01 44 EC 5E 5F F3 06 36 D7 
 C8 24 58 D3 A7 46 EF 9D 33 33 23 C7 39 C3 FE 98 
 64 A5 39 85 30 AB 99 59 06 D2 BB 89 9E B5 F3 8E 
 25 68 9C C3 12 0D E5 82 4C 3D 53 C9 E9 1C D1 5F 
 52 76 41 2F 5E 70 A8 51 
 SWTPM_IO_Read: length 14
 80 01 00 00 00 0E 00 00 01 65 80 00 00 00 
    IsEnEnabled(0x165 = 'FlushContext'): 1
 SWTPM_IO_Write: length 10
 80 01 00 00 00 0A 00 00 00 00 
 SWTPM_IO_Read: length 14
 80 01 00 00 00 0E 00 00 01 62 02 00 00 00 
    IsEnEnabled(0x162 = 'ContextSave'): 1
 SWTPM_IO_Write: length 414
 80 01 00 00 01 9E 00 00 00 00 00 00 00 00 00 00 
 00 69 02 00 00 00 40 00 00 07 01 82 00 40 11 E8 
 C4 06 F3 71 F7 24 ED DD B5 39 5A 62 A5 87 E9 1C 
 AD 05 09 0D 43 4F 4B 2E 38 CF FF 4B 2B 1C DE 3E 
 94 F6 6A 9A 69 8C B6 C7 74 4B 90 D1 20 0B AB A1 
 DD 2C 62 AB A9 9A 8E 0B 84 F7 BF ED AE 04 92 14 
 24 14 FC 1E 96 D5 B7 21 00 A7 7D 2C 85 F2 52 99 
 EC 21 04 E5 01 46 AD 8F BF 41 C8 51 CD 15 BE 96 
 CA 5C 4B 92 F4 EB 4D A2 ED B3 4C 6C 01 7B 69 08 
 00 83 BE B9 F6 44 6B D3 81 99 8B 87 28 2D 06 77 
 45 0F 68 6C 6E AC 2D 27 8A 2A 75 14 BB F0 74 66 
 BA BE 18 19 0F B4 00 C3 71 E4 CB 00 EE F7 56 89 
 62 CA EC 26 6F 2B 39 C1 CE 7C CA 58 DA 07 E2 A5 
 D3 C5 59 13 35 BC 5C 90 58 6C 04 31 51 95 69 B0 
 7D A1 56 C9 82 0F 95 7F 57 F6 59 9B D0 88 EF CF 
 4A C5 08 28 3D B1 BE BF AC 80 95 7D 30 2A AF D7 
 27 D4 49 27 6D 2B C3 FF BE 71 B7 5E 15 92 35 96 
 88 3F 57 35 24 56 7D CA 23 FA 04 53 62 71 0E 0D 
 D1 B7 08 63 C6 E5 8B AF 98 78 2F E3 33 CC AB D0 
 47 09 40 21 C8 7C B9 53 F4 D1 F7 3E 74 E7 40 93 
 58 BF D9 68 10 F8 B4 49 1E C2 C5 E7 53 E0 A3 04 
 23 D9 E6 73 EE 42 ED A9 82 96 74 B4 47 36 AE DD 
 01 6C 05 54 3F 52 62 52 3A 8F 79 CD E4 99 4B FD 
 1E 76 8E DC AF 4B B3 82 71 68 8D 7C C9 8C 62 8C 
 5C 47 F6 23 F6 B3 1D 40 C5 E4 27 3E 7F 5F 92 20 
 E1 E1 AC 71 0E 8C C8 F6 2C 53 A2 66 BB 48 
 SWTPM_IO_Read: length 14
 80 01 00 00 00 0E 00 00 01 62 03 00 00 01 
    IsEnEnabled(0x162 = 'ContextSave'): 1
 SWTPM_IO_Write: length 10
 80 01 00 00 00 0A 00 00 09 10 
 SWTPM_IO_Read: length 456
 80 01 00 00 01 C8 00 00 01 61 00 00 00 00 00 00 
 00 83 80 00 00 00 40 00 00 01 01 AC 00 40 EC 29 
 59 6C C3 76 2B 8C AE 78 C1 AE 1E 4D C6 30 E6 03 
 B9 94 70 A4 17 0B 24 D5 B5 60 40 26 38 19 F4 8C 
 CF 09 5E CD 07 54 05 51 82 B8 C4 98 E8 A8 4F 92 
 9C 94 76 51 A3 03 0A 34 37 0D 5F 30 60 DF 99 24 
 68 5A 62 35 DC 35 AC 97 56 08 56 0A 28 97 66 0C 
 1E 51 0A 5C 28 F4 50 8C 5A 27 65 FD D3 0C B3 F6 
 F9 B0 B0 F6 3C 9F 60 74 92 4A 5A BC 42 3E 86 46 
 2C D5 31 BA 42 FA F6 5E FB 7F 64 E1 09 2A 90 98 
 5F 4D 4A 17 96 E2 E2 7A 66 1F 96 9C BF 5F 61 53 
 AE CB 8A F6 BC FD 86 BD B9 7B B8 F8 DF 03 E9 AA 
 33 A5 D5 51 1B 84 F0 7E 54 8B AE 90 35 10 8F 88 
 F7 82 3E A9 41 0D CA A3 CE 8E B2 F0 17 79 68 78 
 25 F0 9E A5 47 6F 7E 11 D7 65 FB 3F 9C 2B 78 C8 
 62 3A B4 CB 9A CA 92 5B 3E 7A B8 0D C3 07 F8 08 
 21 8C 28 10 2F BA D5 BE 04 B6 49 4E 3C 88 4A F8 
 C1 E2 D1 6C BF BC 57 99 13 66 3F 69 28 43 68 05 
 1F 87 14 67 54 1A 13 3C 1B FF 1D 9B 94 32 DD 88 
 A1 31 C9 2D 71 D6 51 34 9E 2D 25 53 2C BE 06 0C 
 FC 78 D5 89 B8 72 06 D7 4E DE 62 38 96 58 A8 BA 
 B3 F6 BC 75 C7 23 8C 78 79 A6 AA 3B DB CE 32 8C 
 38 EE 41 55 31 17 E2 86 82 4B E5 5B 1B 7F FA 42 
 BB 77 1D 66 E0 DA 7E 9F 9C BB D7 7B 3E 03 D9 4D 
 3B 64 59 9B 04 4E 50 01 44 EC 5E 5F F3 06 36 D7 
 C8 24 58 D3 A7 46 EF 9D 33 33 23 C7 39 C3 FE 98 
 64 A5 39 85 30 AB 99 59 06 D2 BB 89 9E B5 F3 8E 
 25 68 9C C3 12 0D E5 82 4C 3D 53 C9 E9 1C D1 5F 
 52 76 41 2F 5E 70 A8 51 
    IsEnEnabled(0x161 = 'ContextLoad'): 1
 SWTPM_IO_Write: length 14
 80 01 00 00 00 0E 00 00 00 00 80 00 00 00 
 SWTPM_IO_Read: length 414
 80 01 00 00 01 9E 00 00 01 61 00 00 00 00 00 00 
 00 69 02 00 00 00 40 00 00 07 01 82 00 40 11 E8 
 C4 06 F3 71 F7 24 ED DD B5 39 5A 62 A5 87 E9 1C 
 AD 05 09 0D 43 4F 4B 2E 38 CF FF 4B 2B 1C DE 3E 
 94 F6 6A 9A 69 8C B6 C7 74 4B 90 D1 20 0B AB A1 
 DD 2C 62 AB A9 9A 8E 0B 84 F7 BF ED AE 04 92 14 
 24 14 FC 1E 96 D5 B7 21 00 A7 7D 2C 85 F2 52 99 
 EC 21 04 E5 01 46 AD 8F BF 41 C8 51 CD 15 BE 96 
 CA 5C 4B 92 F4 EB 4D A2 ED B3 4C 6C 01 7B 69 08 
 00 83 BE B9 F6 44 6B D3 81 99 8B 87 28 2D 06 77 
 45 0F 68 6C 6E AC 2D 27 8A 2A 75 14 BB F0 74 66 
 BA BE 18 19 0F B4 00 C3 71 E4 CB 00 EE F7 56 89 
 62 CA EC 26 6F 2B 39 C1 CE 7C CA 58 DA 07 E2 A5 
 D3 C5 59 13 35 BC 5C 90 58 6C 04 31 51 95 69 B0 
 7D A1 56 C9 82 0F 95 7F 57 F6 59 9B D0 88 EF CF 
 4A C5 08 28 3D B1 BE BF AC 80 95 7D 30 2A AF D7 
 27 D4 49 27 6D 2B C3 FF BE 71 B7 5E 15 92 35 96 
 88 3F 57 35 24 56 7D CA 23 FA 04 53 62 71 0E 0D 
 D1 B7 08 63 C6 E5 8B AF 98 78 2F E3 33 CC AB D0 
 47 09 40 21 C8 7C B9 53 F4 D1 F7 3E 74 E7 40 93 
 58 BF D9 68 10 F8 B4 49 1E C2 C5 E7 53 E0 A3 04 
 23 D9 E6 73 EE 42 ED A9 82 96 74 B4 47 36 AE DD 
 01 6C 05 54 3F 52 62 52 3A 8F 79 CD E4 99 4B FD 
 1E 76 8E DC AF 4B B3 82 71 68 8D 7C C9 8C 62 8C 
 5C 47 F6 23 F6 B3 1D 40 C5 E4 27 3E 7F 5F 92 20 
 E1 E1 AC 71 0E 8C C8 F6 2C 53 A2 66 BB 48 
    IsEnEnabled(0x161 = 'ContextLoad'): 1
 SWTPM_IO_Write: length 14
 80 01 00 00 00 0E 00 00 00 00 02 00 00 00 
 SWTPM_IO_Read: length 14
 80 01 00 00 00 0E 00 00 01 65 02 00 00 00 
    IsEnEnabled(0x165 = 'FlushContext'): 1
 SWTPM_IO_Write: length 10
 80 01 00 00 00 0A 00 00 00 00 
 SWTPM_IO_Read: length 14
 80 01 00 00 00 0E 00 00 01 62 80 00 00 00 
    IsEnEnabled(0x162 = 'ContextSave'): 1
 SWTPM_IO_Write: length 456
 80 01 00 00 01 C8 00 00 00 00 00 00 00 00 00 00 
 00 84 80 00 00 00 40 00 00 01 01 AC 00 40 C8 3D 
 B8 95 76 66 E5 79 45 EE 2A 2D 94 97 0E F4 20 86 
 3D 5D 0C FE 8A 3F 3B F3 6F 23 83 4F 5D 4E 6E 33 
 50 7C 45 E1 81 A0 48 40 A7 CE 66 DF 24 D0 58 80 
 23 EF BA 89 C7 66 1B B3 33 34 9C D8 FF F5 50 7B 
 DB 1D 25 84 A3 E6 55 7F FB B6 84 60 91 66 11 00 
 B5 76 E7 94 95 99 3E 1A AF 5D FF 90 BA DB AB 22 
 E4 12 55 8A 90 BE 3E 55 25 22 C5 04 89 0E 97 57 
 72 F4 33 3E 5F B2 3E 20 29 D9 46 7E 9A 55 E9 89 
 42 5B 5C 74 6B D0 8D 37 0C 51 FE 41 FB 04 D2 0C 
 80 83 CA 45 DC 05 F7 17 A4 3E 65 AD AE 11 D2 10 
 27 78 B9 23 B9 C2 B2 A2 B3 D0 8E CE 9F 29 F3 11 
 8B CF E6 FD 00 2A CD 40 05 9E DA 6F 19 95 33 9D 
 31 78 C4 CF 02 31 02 0C 28 49 45 1B 35 FF 9A 49 
 49 AF 90 80 AC 7B 9C 69 EF A0 0C B5 1E B5 EA 06 
 E7 3B FD B9 DE 7D 10 72 E6 73 B1 59 3C 11 22 00 
 53 FD E1 F4 9E 39 B6 40 F4 19 27 99 C2 16 3A 37 
 3C EE D1 6C 5D C5 EE 13 01 C1 60 CF E4 C3 F5 1A 
 BA FC 2C 4A C4 58 2F 75 2D 0A FA B5 DE 1C 6C D3 
 E5 F3 22 13 5E 63 84 1D E7 D1 24 E0 D4 30 B8 5E 
 27 23 C0 95 03 3B F9 02 AF 8A A8 E0 B5 2D C8 13 
 75 EB 3B 16 4A 42 4D 18 22 9F 32 64 D7 9C BF EA 
 AE 1D 2D CA 50 A6 AD 6C 4E CD FC 0A 46 80 9E EC 
 37 A3 F2 D2 42 06 B4 8D C9 EC 3E FE CB 06 B3 9F 
 8D B8 F4 84 54 19 03 05 49 25 BC AE 75 F0 54 89 
 99 95 AD E6 EE A7 98 C6 DA AA 23 31 F6 01 6C FF 
 11 EE 64 09 A0 D0 79 5C C4 DD 5C 60 2C 90 E0 EB 
 66 F3 45 57 53 E9 F7 9B 
 SWTPM_IO_Read: length 14
 80 01 00 00 00 0E 00 00 01 65 80 00 00 00 
    IsEnEnabled(0x165 = 'FlushContext'): 1
 SWTPM_IO_Write: length 10
 80 01 00 00 00 0A 00 00 00 00 
 SWTPM_IO_Read: length 14
 80 01 00 00 00 0E 00 00 01 62 02 00 00 00 
    IsEnEnabled(0x162 = 'ContextSave'): 1
 SWTPM_IO_Write: length 10
 80 01 00 00 00 0A 00 00 09 10 
 SWTPM_IO_Read: length 456
 80 01 00 00 01 C8 00 00 01 61 00 00 00 00 00 00 
 00 84 80 00 00 00 40 00 00 01 01 AC 00 40 C8 3D 
 B8 95 76 66 E5 79 45 EE 2A 2D 94 97 0E F4 20 86 
 3D 5D 0C FE 8A 3F 3B F3 6F 23 83 4F 5D 4E 6E 33 
 50 7C 45 E1 81 A0 48 40 A7 CE 66 DF 24 D0 58 80 
 23 EF BA 89 C7 66 1B B3 33 34 9C D8 FF F5 50 7B 
 DB 1D 25 84 A3 E6 55 7F FB B6 84 60 91 66 11 00 
 B5 76 E7 94 95 99 3E 1A AF 5D FF 90 BA DB AB 22 
 E4 12 55 8A 90 BE 3E 55 25 22 C5 04 89 0E 97 57 
 72 F4 33 3E 5F B2 3E 20 29 D9 46 7E 9A 55 E9 89 
 42 5B 5C 74 6B D0 8D 37 0C 51 FE 41 FB 04 D2 0C 
 80 83 CA 45 DC 05 F7 17 A4 3E 65 AD AE 11 D2 10 
 27 78 B9 23 B9 C2 B2 A2 B3 D0 8E CE 9F 29 F3 11 
 8B CF E6 FD 00 2A CD 40 05 9E DA 6F 19 95 33 9D 
 31 78 C4 CF 02 31 02 0C 28 49 45 1B 35 FF 9A 49 
 49 AF 90 80 AC 7B 9C 69 EF A0 0C B5 1E B5 EA 06 
 E7 3B FD B9 DE 7D 10 72 E6 73 B1 59 3C 11 22 00 
 53 FD E1 F4 9E 39 B6 40 F4 19 27 99 C2 16 3A 37 
 3C EE D1 6C 5D C5 EE 13 01 C1 60 CF E4 C3 F5 1A 
 BA FC 2C 4A C4 58 2F 75 2D 0A FA B5 DE 1C 6C D3 
 E5 F3 22 13 5E 63 84 1D E7 D1 24 E0 D4 30 B8 5E 
 27 23 C0 95 03 3B F9 02 AF 8A A8 E0 B5 2D C8 13 
 75 EB 3B 16 4A 42 4D 18 22 9F 32 64 D7 9C BF EA 
 AE 1D 2D CA 50 A6 AD 6C 4E CD FC 0A 46 80 9E EC 
 37 A3 F2 D2 42 06 B4 8D C9 EC 3E FE CB 06 B3 9F 
 8D B8 F4 84 54 19 03 05 49 25 BC AE 75 F0 54 89 
 99 95 AD E6 EE A7 98 C6 DA AA 23 31 F6 01 6C FF 
 11 EE 64 09 A0 D0 79 5C C4 DD 5C 60 2C 90 E0 EB 
 66 F3 45 57 53 E9 F7 9B 
    IsEnEnabled(0x161 = 'ContextLoad'): 1
 SWTPM_IO_Write: length 14
 80 01 00 00 00 0E 00 00 00 00 80 00 00 00 
 SWTPM_IO_Read: length 14
 80 01 00 00 00 0E 00 00 01 65 80 00 00 00 
    IsEnEnabled(0x165 = 'FlushContext'): 1
 SWTPM_IO_Write: length 10
 80 01 00 00 00 0A 00 00 00 00 
 SWTPM_IO_Read: length 14
 80 01 00 00 00 0E 00 00 01 62 80 00 00 00 
    IsEnEnabled(0x162 = 'ContextSave'): 1
 SWTPM_IO_Write: length 10
 80 01 00 00 00 0A 00 00 09 10 
