 SWTPM_IO_Read: length 12
 80 01 00 00 00 0C 00 00 01 7B 00 08 
    IsEnEnabled(0x17b = 'GetRandom'): 1
 SWTPM_IO_Write: length 20
 80 01 00 00 00 14 00 00 00 00 00 08 FD 9E 21 14 
 FA 4D 4C 7C 
 SWTPM_IO_Read: length 63
 80 01 00 00 00 3F 00 00 01 76 40 00 00 07 40 00 
 00 07 00 20 4D 08 61 AD 7B 81 70 3B 0B 3A 79 82 
 3A CC 22 0E 7C 8C 42 E0 01 7C F4 CD 29 F2 38 08 
 89 EF F0 16 00 00 00 00 06 00 80 00 43 00 0B 
    IsEnEnabled(0x176 = 'StartAuthSession'): 1
 SWTPM_IO_Write: length 48
 80 01 00 00 00 30 00 00 00 00 02 00 00 00 00 20 
 9E 60 79 CE BA 7E 7C 5F 64 13 55 B4 AE 8D A6 DF 
 8A F9 E5 89 7C D7 D6 AA FC D9 29 96 00 77 D7 E8 
 SWTPM_IO_Read: length 14
 80 01 00 00 00 0E 00 00 01 62 02 00 00 00 
    IsEnEnabled(0x162 = 'ContextSave'): 1
 SWTPM_IO_Write: length 414
 80 01 00 00 01 9E 00 00 00 00 00 00 00 00 00 00 
 00 6A 02 00 00 00 40 00 00 07 01 82 00 40 F2 6B 
 C3 2B A4 2C 91 EC 4B 2F 90 26 6B 61 5D 67 5D 61 
 2A F7 70 91 0F A9 CE 49 ED 0A 98 0A B2 4E FA DF 
 E0 88 F0 5C 69 EE C1 D3 02 FD 47 8C 84 43 86 2D 
 AF CA 75 8D 62 6E 1B 8D 5F DF FC CB 3D 9C 03 C5 
 19 47 1E F3 42 8E 0E 18 BD 06 D7 09 34 A4 41 94 
 61 31 F2 BE 89 04 4E 86 33 55 CC D1 08 5C 4C D3 
 30 6B 97 38 18 30 BA E8 1C 4E 74 D9 DF EC 9F C6 
 99 74 DF 82 8D 31 F9 46 E6 BB 8F 01 7E C7 34 8E 
 CC F0 0F BB F5 D6 D1 61 2C E5 2B 11 2E D2 62 1A 
 DC 0E 5A 3A 49 14 4A B4 EE 4F F7 69 62 F8 3C E1 
 57 1B 9C 03 10 66 EF 2E 3C 2A 01 03 DF 94 5D 9A 
 16 9B 90 3A 80 17 86 E5 80 7A D3 34 12 AF E6 02 
 7B 15 A2 4C 0B 2E 42 3D 13 D0 18 AE 7A CD 42 05 
 D0 F0 F8 73 A3 B7 F9 EA 0B AF D3 06 3D 4C 6C B7 
 D9 D9 44 19 4D D3 97 C0 8B B7 08 92 2B CE 88 5A 
 A0 3A 36 F0 19 28 03 19 A2 4D 98 9E 5C 5C B5 18 
 52 76 C1 81 1C E8 92 90 49 49 F6 6C E1 6A E8 B1 
 B8 9F 01 FD E9 B6 23 B3 B6 D9 1C B5 95 B5 AA 4C 
 27 08 5D 9D DB 2C CD A8 B9 D8 8E 48 89 C5 B7 9A 
 C0 2C E7 9B B9 5A 68 70 B4 CD BD 72 29 88 1D 00 
 7F A4 A8 A2 02 E2 40 19 EB 35 E8 78 AB F6 08 B1 
 BB 2C F5 41 4C C0 D0 E7 2A 88 E2 AD 3C E7 16 DA 
 5E 5A E6 47 F4 21 17 19 F1 DF 98 3C ED B6 E0 2C 
 79 1A 19 6D 8C DC 6F 4E 42 EC A7 5E AD 72 
 SWTPM_IO_Read: length 414
 80 01 00 00 01 9E 00 00 01 61 00 00 00 00 00 00 
 00 6A 02 00 00 00 40 00 00 07 01 82 00 40 F2 6B 
 C3 2B A4 2C 91 EC 4B 2F 90 26 6B 61 5D 67 5D 61 
 2A F7 70 91 0F A9 CE 49 ED 0A 98 0A B2 4E FA DF 
 E0 88 F0 5C 69 EE C1 D3 02 FD 47 8C 84 43 86 2D 
 AF CA 75 8D 62 6E 1B 8D 5F DF FC CB 3D 9C 03 C5 
 19 47 1E F3 42 8E 0E 18 BD 06 D7 09 34 A4 41 94 
 61 31 F2 BE 89 04 4E 86 33 55 CC D1 08 5C 4C D3 
 30 6B 97 38 18 30 BA E8 1C 4E 74 D9 DF EC 9F C6 
 99 74 DF 82 8D 31 F9 46 E6 BB 8F 01 7E C7 34 8E 
 CC F0 0F BB F5 D6 D1 61 2C E5 2B 11 2E D2 62 1A 
 DC 0E 5A 3A 49 14 4A B4 EE 4F F7 69 62 F8 3C E1 
 57 1B 9C 03 10 66 EF 2E 3C 2A 01 03 DF 94 5D 9A 
 16 9B 90 3A 80 17 86 E5 80 7A D3 34 12 AF E6 02 
 7B 15 A2 4C 0B 2E 42 3D 13 D0 18 AE 7A CD 42 05 
 D0 F0 F8 73 A3 B7 F9 EA 0B AF D3 06 3D 4C 6C B7 
 D9 D9 44 19 4D D3 97 C0 8B B7 08 92 2B CE 88 5A 
 A0 3A 36 F0 19 28 03 19 A2 4D 98 9E 5C 5C B5 18 
 52 76 C1 81 1C E8 92 90 49 49 F6 6C E1 6A E8 B1 
 B8 9F 01 FD E9 B6 23 B3 B6 D9 1C B5 95 B5 AA 4C 
 27 08 5D 9D DB 2C CD A8 B9 D8 8E 48 89 C5 B7 9A 
 C0 2C E7 9B B9 5A 68 70 B4 CD BD 72 29 88 1D 00 
 7F A4 A8 A2 02 E2 40 19 EB 35 E8 78 AB F6 08 B1 
 BB 2C F5 41 4C C0 D0 E7 2A 88 E2 AD 3C E7 16 DA 
 5E 5A E6 47 F4 21 17 19 F1 DF 98 3C ED B6 E0 2C 
 79 1A 19 6D 8C DC 6F 4E 42 EC A7 5E AD 72 
    IsEnEnabled(0x161 = 'ContextLoad'): 1
 SWTPM_IO_Write: length 14
 80 01 00 00 00 0E 00 00 00 00 02 00 00 00 
 SWTPM_IO_Read: length 131
 80 02 00 00 00 83 00 00 01 31 40 00 00 01 00 00 
 00 49 02 00 00 00 00 20 E8 43 39 5E 38 85 31 60 
 33 D3 84 46 A5 A5 BA 51 E1 80 72 A0 E3 D6 49 1B 
 D4 22 76 63 66 62 10 6C 61 00 20 00 3F 35 4B 38 
 70 14 58 4D CF 19 B4 DD 37 D3 FF C1 3F 67 A0 32 
 47 00 FD 00 61 93 3F 6A 60 4E E5 00 04 4F C4 83 
 70 00 1A 00 23 00 0B 00 03 00 72 00 00 00 06 00 
 80 00 43 00 10 00 03 00 10 00 00 00 00 00 00 00 
 00 00 00 
    IsEnEnabled(0x131 = 'CreatePrimary'): 1
 SWTPM_IO_Write: length 378
 80 02 00 00 01 7A 00 00 00 00 80 00 00 00 00 00 
 01 23 00 5A 5C 6E 24 FD 12 2D A9 43 CD D5 8D 12 
 5D 93 BC 32 FF 87 2B 7A 6D E7 C6 28 16 59 BE 55 
 B8 2E E5 E9 0C 74 19 9B 99 56 D5 69 2E 28 45 32 
 85 70 BB 53 6F 34 0A D1 3A 58 7E 24 0F FF 3B 49 
 51 DD BD F1 DF E7 CF 81 E0 68 57 AC 6D 0C 19 F9 
 60 DE 33 B1 45 44 F1 11 E8 7A 37 7B 02 4A 00 37 
 00 00 00 00 00 20 E3 B0 C4 42 98 FC 1C 14 9A FB 
 F4 C8 99 6F B9 24 27 AE 41 E4 64 9B 93 4C A4 95 
 99 1B 78 52 B8 55 01 00 10 00 04 40 00 00 01 00 
 04 40 00 00 01 00 00 00 20 5D A0 41 BA C0 EE 31 
 35 AE BB 0C AD FB A4 97 C6 A1 87 7F AE 83 2D D3 
 D1 F8 F7 A8 71 B8 25 E8 54 80 21 40 00 00 01 00 
 40 ED B8 6A 00 B3 8E FC 84 CA BC A0 3D 03 1D F6 
 B4 D6 3C DC A6 AF 87 74 DF DB 1C 23 0E 30 A7 2F 
 A6 90 16 93 93 BA AA 0E FE 32 7F A1 C0 34 5E 94 
 FB 00 BE F4 AF E9 D6 73 BF 9D AF 7C 9B 3F 30 DB 
 B8 00 22 00 0B 9D EB C6 29 7B 08 4B 07 DA EC D1 
 D0 9F F9 BA 39 99 49 C1 64 F1 FF 99 82 AE 53 CD 
 EF F6 8D 9A 48 00 20 4B 80 E7 EF C2 B0 D0 B0 86 
 E4 94 87 A8 9E 91 BA 5F 61 BC B0 B9 73 AE 54 86 
 67 1B D7 01 5C 85 FC 61 00 20 A8 7B 22 90 7D E7 
 F5 66 39 21 08 BB D7 6C 84 0F EC 07 B2 08 6D A4 
 5E EB 97 B0 50 AB 70 13 E4 BF 
 SWTPM_IO_Read: length 14
 80 01 00 00 00 0E 00 00 01 62 80 00 00 00 
    IsEnEnabled(0x162 = 'ContextSave'): 1
 SWTPM_IO_Write: length 468
 80 01 00 00 01 D4 00 00 00 00 00 00 00 00 00 00 
 00 85 80 00 00 00 40 00 00 01 01 B8 00 40 C7 65 
 71 54 3C 7A A3 0E 24 08 52 FF 48 D9 8F 77 0E 1B 
 B3 48 83 07 33 8F 58 D3 C5 25 3F 01 F4 5F BB F6 
 42 15 AB BA DC 70 48 DD 82 7C 99 9E 37 4E 49 3F 
 12 8E C7 9F A5 50 F0 6C 87 F4 A5 E2 A8 C4 FE EF 
 E8 6D 10 78 1D 37 19 78 97 DF CB 63 40 0D 9C 6A 
 D4 23 1C DE 10 8D 8C 58 39 CE 98 54 39 A6 22 F3 
 53 8B E9 06 4B 91 E6 88 11 0F 7A EC 7B 8F 98 2E 
 27 B5 61 3D 27 AF 49 84 59 39 A3 1A 07 48 79 35 
 4E 79 07 BE F1 16 D9 FB AA 70 DD ED C5 84 92 C5 
 0C BB 59 DA 01 B8 FA 72 D5 6B 20 FA E9 9A 09 BB 
 6D F0 E3 08 5C 89 31 DD A3 B3 0D 84 6F E8 CC B3 
 3B 66 E0 C9 5C FD EF A5 67 B5 23 28 0A 8C 6A 23 
 D1 E9 36 BF 4F 65 BB 58 FC 8B 95 E6 C0 82 DD 80 
 1C E5 8B 97 09 A9 D7 C0 D9 CD CA F5 6E 5C DB 34 
 7C 0E D8 45 0F 87 33 1B B6 E7 77 25 3B 80 E8 8D 
 5E 60 5C 58 23 1C 7D F4 C8 58 FD 7F AE F9 0D D3 
 E6 FD 1D D7 2D 84 24 4B 68 A4 B3 3B 17 B7 3E C9 
 1E 08 AD DC C0 F3 E4 A9 0B B2 5F 61 FE A5 A5 7A 
 42 0B E1 D4 D6 63 28 0A CD 47 36 79 D7 A2 14 1E 
 AC 5D 85 0F 08 47 49 FE 9B CA 61 C4 D3 07 6B 56 
 BB 5E 26 1B 4C DB 0B 5B FB CF ED 5A 1F 87 0C 86 
 78 0A C6 35 DA 52 3B A3 AD AA 68 A6 F8 A4 E7 CB 
 9E D1 77 2D CE DA F2 23 15 A4 85 F9 AF C7 E0 89 
 06 68 9E 7D D6 6C BE EE 7B F4 6F 04 31 FE 7D E4 
 AC 9D EA 64 D4 11 DD FA 78 A2 AF D7 30 A2 B1 1B 
 78 B4 99 1D 8E DB 2B 5C 53 93 32 CF DD 16 E6 E8 
 C9 2E 94 DD 23 EF 3D 09 73 93 AB FE 32 07 E1 49 
 02 68 4A 1B 
 SWTPM_IO_Read: length 14
 80 01 00 00 00 0E 00 00 01 65 80 00 00 00 
    IsEnEnabled(0x165 = 'FlushContext'): 1
 SWTPM_IO_Write: length 10
 80 01 00 00 00 0A 00 00 00 00 
 SWTPM_IO_Read: length 14
 80 01 00 00 00 0E 00 00 01 62 02 00 00 00 
    IsEnEnabled(0x162 = 'ContextSave'): 1
 SWTPM_IO_Write: length 414
 80 01 00 00 01 9E 00 00 00 00 00 00 00 00 00 00 
 00 6B 02 00 00 00 40 00 00 07 01 82 00 40 D5 8E 
 31 9E 74 BC 7F DC 4E D7 B6 86 15 C9 3D A2 29 80 
 22 3C 66 02 00 C1 DD 8D 9E 6D C8 DF F2 91 C1 2C 
 A5 2C 93 F7 21 48 01 DB 53 E7 56 72 E2 5C EE 89 
 50 34 B9 3E 92 EC 22 04 A1 60 E2 B4 6C BE C6 34 
 D6 75 43 7D 54 C5 30 38 08 8C 2A F0 9E 65 2A 28 
 09 98 27 7F B0 C7 19 03 F5 56 C5 B0 61 28 94 BB 
 DA 14 B4 57 0B 30 7A A2 76 00 FD 49 BB FB D2 38 
 95 62 BD 13 07 7E 92 B5 4E 5C 1E BC BF D6 D1 B2 
 17 32 95 AC C7 B7 46 AE DC D0 38 09 42 F6 19 1B 
 3B 02 63 4A CC 79 12 4F 9A 94 C0 81 BD 09 1F 12 
 94 75 B3 31 4C A2 1D ED 0C E2 7E 11 05 CD A7 D5 
 35 97 27 0C 6E C4 39 D6 2B A5 32 A9 B9 C3 D5 AB 
 5E 37 8A D9 B7 B9 06 79 78 8D DF 67 65 51 CD 9A 
 DB DD 46 C8 35 88 49 B6 FF EC 46 43 BC F7 D4 4D 
 53 6B D5 7F 66 7C 54 64 68 46 A3 42 38 F4 3E D0 
 58 AE 1E 06 54 C9 73 CC 51 10 51 97 58 37 26 98 
 F8 31 B4 30 2D 99 63 50 28 9B 7D D1 0C F2 57 5A 
 CD 81 8D CF ED 94 20 B3 D8 AB 20 56 5E 75 B7 18 
 1A DE 87 F2 61 36 B3 6C 32 24 64 CF 38 F2 83 77 
 69 69 BD 4C 1F A6 E8 A7 5B 4B E3 28 BC E1 9C 4C 
 29 BB 80 95 FD BE 44 0A E3 BD 35 AD 09 5F 12 97 
 CB E4 0A E6 50 4E EA AD 0B 55 6E 45 86 32 B5 62 
 3F 98 60 0A 10 E8 0E DE EB A1 3E 08 26 8C BC 97 
 ED 8B ED 42 C9 88 73 B9 75 86 1D 17 D7 AA 
 SWTPM_IO_Read: length 468
 80 01 00 00 01 D4 00 00 01 61 00 00 00 00 00 00 
 00 85 80 00 00 00 40 00 00 01 01 B8 00 40 C7 65 
 71 54 3C 7A A3 0E 24 08 52 FF 48 D9 8F 77 0E 1B 
 B3 48 83 07 33 8F 58 D3 C5 25 3F 01 F4 5F BB F6 
 42 15 AB BA DC 70 48 DD 82 7C 99 9E 37 4E 49 3F 
 12 8E C7 9F A5 50 F0 6C 87 F4 A5 E2 A8 C4 FE EF 
 E8 6D 10 78 1D 37 19 78 97 DF CB 63 40 0D 9C 6A 
 D4 23 1C DE 10 8D 8C 58 39 CE 98 54 39 A6 22 F3 
 53 8B E9 06 4B 91 E6 88 11 0F 7A EC 7B 8F 98 2E 
 27 B5 61 3D 27 AF 49 84 59 39 A3 1A 07 48 79 35 
 4E 79 07 BE F1 16 D9 FB AA 70 DD ED C5 84 92 C5 
 0C BB 59 DA 01 B8 FA 72 D5 6B 20 FA E9 9A 09 BB 
 6D F0 E3 08 5C 89 31 DD A3 B3 0D 84 6F E8 CC B3 
 3B 66 E0 C9 5C FD EF A5 67 B5 23 28 0A 8C 6A 23 
 D1 E9 36 BF 4F 65 BB 58 FC 8B 95 E6 C0 82 DD 80 
 1C E5 8B 97 09 A9 D7 C0 D9 CD CA F5 6E 5C DB 34 
 7C 0E D8 45 0F 87 33 1B B6 E7 77 25 3B 80 E8 8D 
 5E 60 5C 58 23 1C 7D F4 C8 58 FD 7F AE F9 0D D3 
 E6 FD 1D D7 2D 84 24 4B 68 A4 B3 3B 17 B7 3E C9 
 1E 08 AD DC C0 F3 E4 A9 0B B2 5F 61 FE A5 A5 7A 
 42 0B E1 D4 D6 63 28 0A CD 47 36 79 D7 A2 14 1E 
 AC 5D 85 0F 08 47 49 FE 9B CA 61 C4 D3 07 6B 56 
 BB 5E 26 1B 4C DB 0B 5B FB CF ED 5A 1F 87 0C 86 
 78 0A C6 35 DA 52 3B A3 AD AA 68 A6 F8 A4 E7 CB 
 9E D1 77 2D CE DA F2 23 15 A4 85 F9 AF C7 E0 89 
 06 68 9E 7D D6 6C BE EE 7B F4 6F 04 31 FE 7D E4 
 AC 9D EA 64 D4 11 DD FA 78 A2 AF D7 30 A2 B1 1B 
 78 B4 99 1D 8E DB 2B 5C 53 93 32 CF DD 16 E6 E8 
 C9 2E 94 DD 23 EF 3D 09 73 93 AB FE 32 07 E1 49 
 02 68 4A 1B 
    IsEnEnabled(0x161 = 'ContextLoad'): 1
 SWTPM_IO_Write: length 14
 80 01 00 00 00 0E 00 00 00 00 80 00 00 00 
 SWTPM_IO_Read: length 414
 80 01 00 00 01 9E 00 00 01 61 00 00 00 00 00 00 
 00 6B 02 00 00 00 40 00 00 07 01 82 00 40 D5 8E 
 31 9E 74 BC 7F DC 4E D7 B6 86 15 C9 3D A2 29 80 
 22 3C 66 02 00 C1 DD 8D 9E 6D C8 DF F2 91 C1 2C 
 A5 2C 93 F7 21 48 01 DB 53 E7 56 72 E2 5C EE 89 
 50 34 B9 3E 92 EC 22 04 A1 60 E2 B4 6C BE C6 34 
 D6 75 43 7D 54 C5 30 38 08 8C 2A F0 9E 65 2A 28 
 09 98 27 7F B0 C7 19 03 F5 56 C5 B0 61 28 94 BB 
 DA 14 B4 57 0B 30 7A A2 76 00 FD 49 BB FB D2 38 
 95 62 BD 13 07 7E 92 B5 4E 5C 1E BC BF D6 D1 B2 
 17 32 95 AC C7 B7 46 AE DC D0 38 09 42 F6 19 1B 
 3B 02 63 4A CC 79 12 4F 9A 94 C0 81 BD 09 1F 12 
 94 75 B3 31 4C A2 1D ED 0C E2 7E 11 05 CD A7 D5 
 35 97 27 0C 6E C4 39 D6 2B A5 32 A9 B9 C3 D5 AB 
 5E 37 8A D9 B7 B9 06 79 78 8D DF 67 65 51 CD 9A 
 DB DD 46 C8 35 88 49 B6 FF EC 46 43 BC F7 D4 4D 
 53 6B D5 7F 66 7C 54 64 68 46 A3 42 38 F4 3E D0 
 58 AE 1E 06 54 C9 73 CC 51 10 51 97 58 37 26 98 
 F8 31 B4 30 2D 99 63 50 28 9B 7D D1 0C F2 57 5A 
 CD 81 8D CF ED 94 20 B3 D8 AB 20 56 5E 75 B7 18 
 1A DE 87 F2 61 36 B3 6C 32 24 64 CF 38 F2 83 77 
 69 69 BD 4C 1F A6 E8 A7 5B 4B E3 28 BC E1 9C 4C 
 29 BB 80 95 FD BE 44 0A E3 BD 35 AD 09 5F 12 97 
 CB E4 0A E6 50 4E EA AD 0B 55 6E 45 86 32 B5 62 
 3F 98 60 0A 10 E8 0E DE EB A1 3E 08 26 8C BC 97 
 ED 8B ED 42 C9 88 73 B9 75 86 1D 17 D7 AA 
    IsEnEnabled(0x161 = 'ContextLoad'): 1
 SWTPM_IO_Write: length 14
 80 01 00 00 00 0E 00 00 00 00 02 00 00 00 
 SWTPM_IO_Read: length 14
 80 01 00 00 00 0E 00 00 01 65 02 00 00 00 
    IsEnEnabled(0x165 = 'FlushContext'): 1
 SWTPM_IO_Write: length 10
 80 01 00 00 00 0A 00 00 00 00 
 SWTPM_IO_Read: length 14
 80 01 00 00 00 0E 00 00 01 62 80 00 00 00 
    IsEnEnabled(0x162 = 'ContextSave'): 1
 SWTPM_IO_Write: length 468
 80 01 00 00 01 D4 00 00 00 00 00 00 00 00 00 00 
 00 86 80 00 00 00 40 00 00 01 01 B8 00 40 9A 4D 
 05 15 50 A8 4C A2 F1 C4 54 70 FD EE EA A0 7A A0 
 F4 25 E3 A6 D1 10 41 50 DE 27 2E FE 68 EE 93 B6 
 E1 AA 94 27 3F A2 6C F3 B8 46 EF 1F 1B 32 18 62 
 8B 9E 4D 4C 04 6E E0 7C 56 4F 71 8E EC F1 B5 5A 
 F2 A6 2F F6 FB 42 67 6F 1B 75 03 AD BF CE C0 68 
 16 ED F3 7B F1 E4 0B F0 B5 7D 4D 89 3B 4B B3 69 
 54 03 9B F0 4B 38 0F 7C 92 95 D9 33 23 2C AE C5 
 F0 DE 41 D1 00 5E 0B EF DE 43 3A 82 BD 19 FC 9E 
 ED FC BE C9 C8 D9 FF DD 48 EB C4 8A 6B 24 EA D6 
 20 AC 53 F0 EA E6 45 28 8F 7A 97 A9 CA 3D 3A 24 
 76 3A 53 5C 5E F2 9E 37 32 15 09 F4 3E B9 75 44 
 2D 74 74 68 53 1A 46 E2 8F 75 EA 2D F5 60 7E 28 
 33 CD EA F2 B5 41 FD 9C A4 37 E1 29 84 5D 8A EB 
 37 3B 44 6E 28 ED 43 12 2F 99 52 2F 69 5F 2A B0 
 1A 80 35 CC ED A7 93 FA 94 53 69 26 C5 D9 06 89 
 AD 9E EE 6F EA B6 49 BA C6 E2 C5 EF 24 7D 3D E9 
 AD 9E 85 4B 57 71 EA 59 D6 45 D7 BF F0 21 4A 63 
 49 59 83 09 EB FD E0 9D 33 82 01 CD EB 38 F0 0F 
 04 14 40 F9 9B D3 7E 08 63 25 C6 C9 77 89 F1 76 
 4E 0B 97 37 F8 1B D0 2D 75 D9 72 D7 D7 F1 9B 29 
 13 27 12 10 96 96 31 2A 42 B9 F8 DE B7 35 3E 6B 
 9A 9D D5 50 C4 AC 95 30 20 DA FA 45 B5 F1 5D 08 
 F0 24 F3 D6 4D F6 06 57 91 3B 66 33 D4 E8 CB E2 
 E3 30 82 C5 EE 40 79 CC 03 C3 0A FE C9 5B B1 06 
 76 E2 C3 76 8C 25 16 EC 27 F5 EB 13 88 F8 3F C2 
 23 BC E5 85 8E 68 8E FF 58 F6 4C 04 3D 49 88 6E 
 2D 27 D2 D4 03 27 A8 E1 2D 5B E9 20 77 53 3A 5F 
 22 37 BA 55 
 SWTPM_IO_Read: length 14
 80 01 00 00 00 0E 00 00 01 65 80 00 00 00 
    IsEnEnabled(0x165 = 'FlushContext'): 1
 SWTPM_IO_Write: length 10
 80 01 00 00 00 0A 00 00 00 00 
 SWTPM_IO_Read: length 14
 80 01 00 00 00 0E 00 00 01 62 02 00 00 00 
    IsEnEnabled(0x162 = 'ContextSave'): 1
 SWTPM_IO_Write: length 10
 80 01 00 00 00 0A 00 00 09 10 
 SWTPM_IO_Read: length 468
 80 01 00 00 01 D4 00 00 01 61 00 00 00 00 00 00 
 00 86 80 00 00 00 40 00 00 01 01 B8 00 40 9A 4D 
 05 15 50 A8 4C A2 F1 C4 54 70 FD EE EA A0 7A A0 
 F4 25 E3 A6 D1 10 41 50 DE 27 2E FE 68 EE 93 B6 
 E1 AA 94 27 3F A2 6C F3 B8 46 EF 1F 1B 32 18 62 
 8B 9E 4D 4C 04 6E E0 7C 56 4F 71 8E EC F1 B5 5A 
 F2 A6 2F F6 FB 42 67 6F 1B 75 03 AD BF CE C0 68 
 16 ED F3 7B F1 E4 0B F0 B5 7D 4D 89 3B 4B B3 69 
 54 03 9B F0 4B 38 0F 7C 92 95 D9 33 23 2C AE C5 
 F0 DE 41 D1 00 5E 0B EF DE 43 3A 82 BD 19 FC 9E 
 ED FC BE C9 C8 D9 FF DD 48 EB C4 8A 6B 24 EA D6 
 20 AC 53 F0 EA E6 45 28 8F 7A 97 A9 CA 3D 3A 24 
 76 3A 53 5C 5E F2 9E 37 32 15 09 F4 3E B9 75 44 
 2D 74 74 68 53 1A 46 E2 8F 75 EA 2D F5 60 7E 28 
 33 CD EA F2 B5 41 FD 9C A4 37 E1 29 84 5D 8A EB 
 37 3B 44 6E 28 ED 43 12 2F 99 52 2F 69 5F 2A B0 
 1A 80 35 CC ED A7 93 FA 94 53 69 26 C5 D9 06 89 
 AD 9E EE 6F EA B6 49 BA C6 E2 C5 EF 24 7D 3D E9 
 AD 9E 85 4B 57 71 EA 59 D6 45 D7 BF F0 21 4A 63 
 49 59 83 09 EB FD E0 9D 33 82 01 CD EB 38 F0 0F 
 04 14 40 F9 9B D3 7E 08 63 25 C6 C9 77 89 F1 76 
 4E 0B 97 37 F8 1B D0 2D 75 D9 72 D7 D7 F1 9B 29 
 13 27 12 10 96 96 31 2A 42 B9 F8 DE B7 35 3E 6B 
 9A 9D D5 50 C4 AC 95 30 20 DA FA 45 B5 F1 5D 08 
 F0 24 F3 D6 4D F6 06 57 91 3B 66 33 D4 E8 CB E2 
 E3 30 82 C5 EE 40 79 CC 03 C3 0A FE C9 5B B1 06 
 76 E2 C3 76 8C 25 16 EC 27 F5 EB 13 88 F8 3F C2 
 23 BC E5 85 8E 68 8E FF 58 F6 4C 04 3D 49 88 6E 
 2D 27 D2 D4 03 27 A8 E1 2D 5B E9 20 77 53 3A 5F 
 22 37 BA 55 
    IsEnEnabled(0x161 = 'ContextLoad'): 1
 SWTPM_IO_Write: length 14
 80 01 00 00 00 0E 00 00 00 00 80 00 00 00 
 SWTPM_IO_Read: length 63
 80 01 00 00 00 3F 00 00 01 76 40 00 00 07 40 00 
 00 07 00 20 9A 2D B0 25 52 11 65 D5 51 95 3A AE 
 63 8A CE D9 A4 F7 86 21 CE AF D9 F3 EF F3 3C 20 
 73 F1 88 DA 00 00 00 00 06 00 80 00 43 00 0B 
    IsEnEnabled(0x176 = 'StartAuthSession'): 1
 SWTPM_IO_Write: length 48
 80 01 00 00 00 30 00 00 00 00 02 00 00 00 00 20 
 1D 72 8B A6 9E 21 7D 39 91 6A FF A5 6B 77 90 28 
 2A E2 7C 43 8A 19 17 45 BD 65 AB 7E 52 07 EC 6B 
 SWTPM_IO_Read: length 14
 80 01 00 00 00 0E 00 00 01 62 80 00 00 00 
    IsEnEnabled(0x162 = 'ContextSave'): 1
 SWTPM_IO_Write: length 468
 80 01 00 00 01 D4 00 00 00 00 00 00 00 00 00 00 
 00 87 80 00 00 00 40 00 00 01 01 B8 00 40 C5 05 
 C1 2D A1 FF 0B F6 AC A5 CE B0 0C 52 E6 78 FD F3 
 E7 32 E8 07 46 C1 4A 49 8E C8 5A D1 3A 64 0D 8F 
 C8 A0 AA FA EB CE BF 1C 5C 85 79 09 EF 37 44 CF 
 A8 65 DE 05 5E 9F 89 B1 BB 4B FD 45 C5 AE 8D B5 
 22 EF 71 D1 AF 20 24 54 FC ED 7A A1 52 AD CA 9A 
 6E 52 A4 75 5E AD 79 29 BF 24 3D 9A FC F5 EE AC 
 69 85 BA 91 53 E7 E7 0C 7D B8 92 F0 85 4E 64 B8 
 7F DB D0 2B AB 4D 61 EA B3 DF A1 05 AD 1C A1 A3 
 37 8D E0 3D A0 7A B0 17 30 CB 66 D9 B6 5D B6 FC 
 C7 CA C9 9D BB 3E 3D F9 AA B1 EF 12 8B C6 41 07 
 E6 01 D9 00 06 CB 87 7F 79 76 89 CD 29 DD A4 AB 
 21 82 51 26 FC 7A DA B3 42 BB 20 5E 8B A1 78 95 
 09 93 E4 0C 5B 68 EE E6 8A 64 73 16 B1 45 E2 43 
 D1 10 3E C9 4A 88 51 11 9E CA D2 7B 5E 35 28 4B 
 03 CA 2C 85 5F A5 44 B5 85 A8 08 BB AC 55 65 70 
 4E 15 FA 96 46 49 47 E5 0D C6 20 13 14 23 33 3B 
 B3 F1 51 95 98 52 3F 72 48 4E C8 4D E1 E3 7A 48 
 AE BE 72 7E 28 E7 BD D6 7F AC E9 81 9F AD 1C 10 
 E8 B8 9A 8E DA C6 75 2D 7D 41 87 61 41 67 84 C7 
 E2 AA F2 35 F4 58 BF 55 24 B2 A1 BC 14 2B 1F 61 
 FC B1 22 5A A2 08 04 73 42 1C 2B 4A 5A D4 2B 39 
 2E DE F8 01 D2 A4 A4 96 D0 FF 8D 2D 1F FB 1D 8A 
 A2 0A A4 B7 F4 07 70 89 6A 82 D3 17 ED F0 90 3E 
 05 32 D2 66 1B DF ED 8F A0 06 98 55 4B 3C 8C 61 
 47 AA 77 EC FF 9A 16 51 40 28 01 9C E8 28 47 E2 
 C7 2D DF EB E3 BF D5 A4 B8 62 2B 0F BF B9 1F 56 
 5A 84 2F DB 96 1F 20 FF E5 6C A3 2C 71 F1 CA 00 
 DF 89 16 9A 
 SWTPM_IO_Read: length 14
 80 01 00 00 00 0E 00 00 01 65 80 00 00 00 
    IsEnEnabled(0x165 = 'FlushContext'): 1
 SWTPM_IO_Write: length 10
 80 01 00 00 00 0A 00 00 00 00 
 SWTPM_IO_Read: length 14
 80 01 00 00 00 0E 00 00 01 62 02 00 00 00 
    IsEnEnabled(0x162 = 'ContextSave'): 1
 SWTPM_IO_Write: length 414
 80 01 00 00 01 9E 00 00 00 00 00 00 00 00 00 00 
 00 6C 02 00 00 00 40 00 00 07 01 82 00 40 27 B4 
 29 6B 33 1E 1A E9 35 02 9C F1 EC 36 3A 9A BA 8B 
 F2 A5 BD F7 9A 87 35 5D CA 45 3A FF 46 9A 2A 74 
 D1 62 70 95 D0 F2 E8 25 75 D2 AE 99 74 87 65 4C 
 BE 08 3C 3C 66 96 24 B0 54 FD 61 FD 22 A6 64 4E 
 6D F5 21 B4 72 7A AA 79 15 B1 92 1B 65 61 22 6E 
 4C C8 B8 6E 50 3F E5 1E F3 3F E2 AD 22 05 11 10 
 D4 D3 6E 15 28 84 47 87 89 A4 31 C0 0C 82 6B AE 
 8B 29 51 BE 01 06 8C A0 D5 92 A5 6D FF A5 FA 50 
 99 09 3F CE AE 85 FE 1A 67 79 C9 EC 94 E1 25 6F 
 54 A1 72 6C 65 43 33 3F 4C 5F 04 B3 18 70 6A EB 
 2A 0D 8A AC CC F7 CF 35 9C 7D 17 E4 AE A4 60 E1 
 89 7A 18 64 E7 5C 9A A3 FF E8 7C C3 F6 7B 54 59 
 D7 A3 85 DE 37 5B AA 03 AC 51 E3 F8 82 69 42 C4 
 0E DE AC 2E AE 98 2B F3 C1 BB 8A 14 AE A0 61 09 
 C3 28 8D 38 E1 0C 4E 52 A1 0D FE F1 86 50 A7 11 
 67 CB F5 FD A6 E8 C9 A7 14 A2 9A 26 F3 53 E5 30 
 8D FC 3E D1 54 D4 C2 B7 12 E9 8D 2E 98 16 3E 2E 
 BF 0D 99 B3 71 C8 8B 71 A9 55 30 E2 D1 42 C4 D6 
 0A CD 32 82 66 61 55 7C 72 18 1D AD FF 97 0B B8 
 70 4E 09 25 0C 98 D2 D0 2D 24 4C 38 AF 91 35 B9 
 A7 FF 5E 57 B5 06 7F 8B C8 8A 6B 15 59 85 DE DA 
 DE 43 D4 F1 74 9C FE 3C 6C 50 92 B1 F5 47 65 22 
 2A C4 89 D2 8B 2D 4E 37 ED 60 E8 AA BE 33 72 5B 
 20 2A DE 40 8D DD 3C 90 3A AB 69 D3 EC 00 
 SWTPM_IO_Read: length 468
 80 01 00 00 01 D4 00 00 01 61 00 00 00 00 00 00 
 00 87 80 00 00 00 40 00 00 01 01 B8 00 40 C5 05 
 C1 2D A1 FF 0B F6 AC A5 CE B0 0C 52 E6 78 FD F3 
 E7 32 E8 07 46 C1 4A 49 8E C8 5A D1 3A 64 0D 8F 
 C8 A0 AA FA EB CE BF 1C 5C 85 79 09 EF 37 44 CF 
 A8 65 DE 05 5E 9F 89 B1 BB 4B FD 45 C5 AE 8D B5 
 22 EF 71 D1 AF 20 24 54 FC ED 7A A1 52 AD CA 9A 
 6E 52 A4 75 5E AD 79 29 BF 24 3D 9A FC F5 EE AC 
 69 85 BA 91 53 E7 E7 0C 7D B8 92 F0 85 4E 64 B8 
 7F DB D0 2B AB 4D 61 EA B3 DF A1 05 AD 1C A1 A3 
 37 8D E0 3D A0 7A B0 17 30 CB 66 D9 B6 5D B6 FC 
 C7 CA C9 9D BB 3E 3D F9 AA B1 EF 12 8B C6 41 07 
 E6 01 D9 00 06 CB 87 7F 79 76 89 CD 29 DD A4 AB 
 21 82 51 26 FC 7A DA B3 42 BB 20 5E 8B A1 78 95 
 09 93 E4 0C 5B 68 EE E6 8A 64 73 16 B1 45 E2 43 
 D1 10 3E C9 4A 88 51 11 9E CA D2 7B 5E 35 28 4B 
 03 CA 2C 85 5F A5 44 B5 85 A8 08 BB AC 55 65 70 
 4E 15 FA 96 46 49 47 E5 0D C6 20 13 14 23 33 3B 
 B3 F1 51 95 98 52 3F 72 48 4E C8 4D E1 E3 7A 48 
 AE BE 72 7E 28 E7 BD D6 7F AC E9 81 9F AD 1C 10 
 E8 B8 9A 8E DA C6 75 2D 7D 41 87 61 41 67 84 C7 
 E2 AA F2 35 F4 58 BF 55 24 B2 A1 BC 14 2B 1F 61 
 FC B1 22 5A A2 08 04 73 42 1C 2B 4A 5A D4 2B 39 
 2E DE F8 01 D2 A4 A4 96 D0 FF 8D 2D 1F FB 1D 8A 
 A2 0A A4 B7 F4 07 70 89 6A 82 D3 17 ED F0 90 3E 
 05 32 D2 66 1B DF ED 8F A0 06 98 55 4B 3C 8C 61 
 47 AA 77 EC FF 9A 16 51 40 28 01 9C E8 28 47 E2 
 C7 2D DF EB E3 BF D5 A4 B8 62 2B 0F BF B9 1F 56 
 5A 84 2F DB 96 1F 20 FF E5 6C A3 2C 71 F1 CA 00 
 DF 89 16 9A 
    IsEnEnabled(0x161 = 'ContextLoad'): 1
 SWTPM_IO_Write: length 14
 80 01 00 00 00 0E 00 00 00 00 80 00 00 00 
 SWTPM_IO_Read: length 414
 80 01 00 00 01 9E 00 00 01 61 00 00 00 00 00 00 
 00 6C 02 00 00 00 40 00 00 07 01 82 00 40 27 B4 
 29 6B 33 1E 1A E9 35 02 9C F1 EC 36 3A 9A BA 8B 
 F2 A5 BD F7 9A 87 35 5D CA 45 3A FF 46 9A 2A 74 
 D1 62 70 95 D0 F2 E8 25 75 D2 AE 99 74 87 65 4C 
 BE 08 3C 3C 66 96 24 B0 54 FD 61 FD 22 A6 64 4E 
 6D F5 21 B4 72 7A AA 79 15 B1 92 1B 65 61 22 6E 
 4C C8 B8 6E 50 3F E5 1E F3 3F E2 AD 22 05 11 10 
 D4 D3 6E 15 28 84 47 87 89 A4 31 C0 0C 82 6B AE 
 8B 29 51 BE 01 06 8C A0 D5 92 A5 6D FF A5 FA 50 
 99 09 3F CE AE 85 FE 1A 67 79 C9 EC 94 E1 25 6F 
 54 A1 72 6C 65 43 33 3F 4C 5F 04 B3 18 70 6A EB 
 2A 0D 8A AC CC F7 CF 35 9C 7D 17 E4 AE A4 60 E1 
 89 7A 18 64 E7 5C 9A A3 FF E8 7C C3 F6 7B 54 59 
 D7 A3 85 DE 37 5B AA 03 AC 51 E3 F8 82 69 42 C4 
 0E DE AC 2E AE 98 2B F3 C1 BB 8A 14 AE A0 61 09 
 C3 28 8D 38 E1 0C 4E 52 A1 0D FE F1 86 50 A7 11 
 67 CB F5 FD A6 E8 C9 A7 14 A2 9A 26 F3 53 E5 30 
 8D FC 3E D1 54 D4 C2 B7 12 E9 8D 2E 98 16 3E 2E 
 BF 0D 99 B3 71 C8 8B 71 A9 55 30 E2 D1 42 C4 D6 
 0A CD 32 82 66 61 55 7C 72 18 1D AD FF 97 0B B8 
 70 4E 09 25 0C 98 D2 D0 2D 24 4C 38 AF 91 35 B9 
 A7 FF 5E 57 B5 06 7F 8B C8 8A 6B 15 59 85 DE DA 
 DE 43 D4 F1 74 9C FE 3C 6C 50 92 B1 F5 47 65 22 
 2A C4 89 D2 8B 2D 4E 37 ED 60 E8 AA BE 33 72 5B 
 20 2A DE 40 8D DD 3C 90 3A AB 69 D3 EC 00 
    IsEnEnabled(0x161 = 'ContextLoad'): 1
 SWTPM_IO_Write: length 14
 80 01 00 00 00 0E 00 00 00 00 02 00 00 00 
 SWTPM_IO_Read: length 63
 80 01 00 00 00 3F 00 00 01 76 40 00 00 07 40 00 
 00 07 00 20 4F 03 D6 85 5B 45 79 94 0B 90 3E 37 
 75 8E 99 36 07 2D 3E 0B D9 DA 3F 69 26 AE 94 A4 
 87 38 81 25 00 00 00 00 06 00 80 00 43 00 0B 
    IsEnEnabled(0x176 = 'StartAuthSession'): 1
 SWTPM_IO_Write: length 48
 80 01 00 00 00 30 00 00 00 00 02 00 00 01 00 20 
 07 BA ED 65 1A 0E A4 1C 2F 2A 2D 0F B2 24 B0 61 
 0E FA 91 5B 63 8F 91 C7 B6 6C 64 78 8D B0 17 DD 
 SWTPM_IO_Read: length 14
 80 01 00 00 00 0E 00 00 01 62 80 00 00 00 
    IsEnEnabled(0x162 = 'ContextSave'): 1
 SWTPM_IO_Write: length 468
 80 01 00 00 01 D4 00 00 00 00 00 00 00 00 00 00 
 00 88 80 00 00 00 40 00 00 01 01 B8 00 40 A2 1C 
 7A 07 BA 0C 26 A1 4B CC BC F9 95 69 11 79 A0 3E 
 79 40 DE B5 43 39 24 EA B0 9F A0 F6 A7 B4 C9 07 
 55 D4 A2 86 5F 1F 54 45 15 24 FF 2F 4F EE 22 9A 
 5A DB E9 C2 9F 21 F0 6F 6A 13 68 EB 5F 6C FC F3 
 9F 99 98 36 12 C9 87 97 6C 4C 9F A0 E6 F1 64 79 
 41 10 BC 48 4B E1 6F 56 A0 BA 0F A5 CB 34 A7 02 
 61 EF 14 84 98 D7 B8 3D 14 E7 C2 48 B0 4B CD 7F 
 9A 09 FE 7C 17 46 59 A3 35 7E D6 FD 02 0E BA 25 
 B6 36 8D 94 38 4C 69 18 53 CD 78 03 7B 55 38 84 
 78 E1 71 A6 2D 89 CD 3B 4F 5E 6F 27 11 68 ED AA 
 6C 7F 3B 1B FF ED A3 DF 0E 62 CD 67 A3 D1 83 6B 
 23 8A C8 72 64 28 B9 A4 B4 BF A2 67 9E 68 20 B3 
 D8 D5 A4 CC 7C 01 9A 08 A3 A5 E7 7E D8 6E 91 71 
 51 66 E1 A2 3C 27 F4 7C 8C 0C 91 11 00 77 42 1F 
 C4 AF 35 E3 01 51 CE 97 B3 2E 2E C5 49 EA 06 38 
 2C 1B 2A 5A C0 E8 63 9B 3F F5 EE 1C CF 3E A2 5A 
 5B 33 3A 05 89 5A 77 33 94 78 72 AF 43 A9 3A FF 
 B1 B6 0B BF 71 CC 74 D3 9A 3B 7F 63 8B 04 E2 81 
 C6 1C 30 E6 0B D7 D2 6E 70 AD 02 61 3E C4 00 2A 
 66 45 04 00 7D 16 75 3F 69 C0 53 9F 1D 8C 1A 51 
 C7 83 7F 97 C3 58 BC FE 5C 33 33 20 55 00 D6 DE 
 BA 37 0D 7E B1 06 9E 00 A8 D1 3D 9F B8 59 E0 56 
 9E 5C 8E ED 2E 53 EB 7E 7C FA 8D 57 38 53 8A F7 
 B5 0E 5B 78 3E EE E9 2C B6 5B 91 8C 53 97 16 A9 
 AB EF 0B 6A 1A EE B2 A0 73 74 8D 88 4A B1 A9 9A 
 D6 B7 3E E5 F0 9A 54 BB 2E 8C 5F 4D CB 7A 0A 72 
 8E FC 80 A0 EB 38 31 0F F2 DF F7 DC 2D 28 33 98 
 35 8A 5A 76 
 SWTPM_IO_Read: length 14
 80 01 00 00 00 0E 00 00 01 65 80 00 00 00 
    IsEnEnabled(0x165 = 'FlushContext'): 1
 SWTPM_IO_Write: length 10
 80 01 00 00 00 0A 00 00 00 00 
 SWTPM_IO_Read: length 14
 80 01 00 00 00 0E 00 00 01 62 02 00 00 00 
    IsEnEnabled(0x162 = 'ContextSave'): 1
 SWTPM_IO_Write: length 414
 80 01 00 00 01 9E 00 00 00 00 00 00 00 00 00 00 
 00 6D 02 00 00 00 40 00 00 07 01 82 00 40 94 5B 
 B0 CD E8 75 01 BE 04 3F 76 BA B5 86 5C B9 E5 58 
 38 EB 4F 29 A8 C1 51 CC 7A F9 1E 6D 86 54 69 77 
 C5 23 F1 57 35 51 F3 A1 57 D8 03 3F 39 68 2F 64 
 D7 2F BE C7 51 3F 2B A2 A2 BC F6 EA C6 FC 58 B7 
 12 D3 2D 67 7D F2 02 78 34 EE 5B 38 9C 5A B5 E3 
 0C 66 64 BD 3F 3D 1A 36 C3 41 D4 26 0E 2A 9F C0 
 9B 63 01 74 C8 F4 07 8A 20 41 7F FD 56 80 9D 35 
 2E 0F 79 E1 2E DD 4C 91 C1 03 CB 4F AC 20 AC 11 
 79 4D 34 57 5B 53 EA F0 70 2C 01 17 B9 15 B1 4D 
 44 66 37 CC 4B 58 C4 08 0D AC 91 35 2F E9 15 41 
 23 49 41 F6 3E 58 C7 36 F3 0B A9 8B FF 0A 92 72 
 21 9E 7D 09 B1 15 C3 6E 2C 91 40 73 CB 84 EA F1 
 BE F0 5E CC 92 6A 8C 85 5B 59 12 41 E6 AC 42 67 
 BE 31 3C 79 8D E2 4F 53 D1 2D 82 0B 60 9C 3D E8 
 1F BD C3 C9 66 41 CB 7F 7E 5E 2C 4E 36 42 56 2D 
 2F 9D 23 1E 7A E4 25 C8 20 DC E8 3D A0 35 21 F5 
 92 9A 75 DF 43 CA AD 9D 50 A5 36 66 90 FD 30 75 
 52 2D 6F 98 E8 11 31 5D F3 11 24 B8 1B 73 B4 94 
 18 CF 07 23 67 F9 7B A0 65 9A 9D ED C4 06 36 F8 
 53 AE 92 4A F2 4F 69 06 DD 61 83 2F 5D DE D6 F0 
 A9 B5 2A C6 62 8C E4 FE 98 8E BA 26 CC 9D 92 2E 
 9E 3C 1C 6F 04 C1 C9 FA A8 03 C0 6A C1 52 5C 9C 
 E1 CB 9C BC BD 2C D1 99 76 43 04 57 05 A5 5D EB 
 49 B9 29 58 6B 3E A1 AC 43 4E 9B B5 65 20 
 SWTPM_IO_Read: length 14
 80 01 00 00 00 0E 00 00 01 62 02 00 00 01 
    IsEnEnabled(0x162 = 'ContextSave'): 1
 SWTPM_IO_Write: length 414
 80 01 00 00 01 9E 00 00 00 00 00 00 00 00 00 00 
 00 6E 02 00 00 01 40 00 00 07 01 82 00 40 3F 09 
 60 DA 68 FD AD EE 65 80 54 CD AF BA D0 DB DB 41 
 00 5B CC 52 14 6E B3 03 5B 54 06 31 ED 88 E2 BE 
 8E 1A 24 D1 62 3D CC 73 CC 28 13 9C B1 93 8E 4B 
 C0 74 A6 2D 67 AF 5D F0 A1 7F 0B A9 1A 45 F5 21 
 A0 C4 2E D7 DC 77 85 E6 44 86 4A 73 CA B4 9E FD 
 F2 A3 5B 64 93 1A DC DE 3E 01 3F C6 8B 23 35 71 
 76 7A 2E 26 B0 BD C6 7D 5E A8 4B 7E 6B B8 DF D4 
 16 FD 9E 61 AA 31 8B 45 88 FE 19 80 02 8C 68 8F 
 C1 39 BE E5 93 55 97 44 48 CA 54 71 B4 E1 62 12 
 62 2B 38 BE B7 54 48 21 12 4B EE F9 20 30 59 39 
 A4 EC 58 EF 3F 14 D8 42 F9 9C 90 F0 D7 DA 50 6F 
 27 8B 06 B5 4D 29 BE 9D 94 55 27 92 36 2C CC 3E 
 11 4A 3E 61 C4 09 4A 71 92 1E 88 48 6F 00 C8 FE 
 DB 6A AD 0E C4 5E 23 63 2A C5 C9 16 36 42 F1 B3 
 7B CD C4 EE 4F FB 13 98 30 5B 0A 8C 62 99 DA 59 
 96 C3 7F D0 5F D7 21 D5 83 02 8A 20 BB B1 D2 71 
 A2 6F 42 39 B1 4C 9F F0 BE ED 43 EC E0 BB 6A 11 
 FE E1 59 71 CE EF EE 46 2C 64 E4 B1 FB CB 73 36 
 F5 4E 43 E5 B8 2C FF 82 FF 18 38 3E 96 5D D9 46 
 1C F2 27 C5 10 D8 DD 1E F9 26 ED 2D 1C 1D 81 59 
 68 91 95 28 3D A1 50 03 8B AE E5 1F 22 35 8F A7 
 C4 0C 43 43 74 3F BF 19 05 8A 63 A5 7B 71 2B 18 
 32 17 E8 F5 7D 26 D4 E7 A0 38 71 BE 04 0F A8 7A 
 C0 5B 9C 17 98 20 CB 94 25 37 52 30 4F A4 
 SWTPM_IO_Read: length 468
 80 01 00 00 01 D4 00 00 01 61 00 00 00 00 00 00 
 00 88 80 00 00 00 40 00 00 01 01 B8 00 40 A2 1C 
 7A 07 BA 0C 26 A1 4B CC BC F9 95 69 11 79 A0 3E 
 79 40 DE B5 43 39 24 EA B0 9F A0 F6 A7 B4 C9 07 
 55 D4 A2 86 5F 1F 54 45 15 24 FF 2F 4F EE 22 9A 
 5A DB E9 C2 9F 21 F0 6F 6A 13 68 EB 5F 6C FC F3 
 9F 99 98 36 12 C9 87 97 6C 4C 9F A0 E6 F1 64 79 
 41 10 BC 48 4B E1 6F 56 A0 BA 0F A5 CB 34 A7 02 
 61 EF 14 84 98 D7 B8 3D 14 E7 C2 48 B0 4B CD 7F 
 9A 09 FE 7C 17 46 59 A3 35 7E D6 FD 02 0E BA 25 
 B6 36 8D 94 38 4C 69 18 53 CD 78 03 7B 55 38 84 
 78 E1 71 A6 2D 89 CD 3B 4F 5E 6F 27 11 68 ED AA 
 6C 7F 3B 1B FF ED A3 DF 0E 62 CD 67 A3 D1 83 6B 
 23 8A C8 72 64 28 B9 A4 B4 BF A2 67 9E 68 20 B3 
 D8 D5 A4 CC 7C 01 9A 08 A3 A5 E7 7E D8 6E 91 71 
 51 66 E1 A2 3C 27 F4 7C 8C 0C 91 11 00 77 42 1F 
 C4 AF 35 E3 01 51 CE 97 B3 2E 2E C5 49 EA 06 38 
 2C 1B 2A 5A C0 E8 63 9B 3F F5 EE 1C CF 3E A2 5A 
 5B 33 3A 05 89 5A 77 33 94 78 72 AF 43 A9 3A FF 
 B1 B6 0B BF 71 CC 74 D3 9A 3B 7F 63 8B 04 E2 81 
 C6 1C 30 E6 0B D7 D2 6E 70 AD 02 61 3E C4 00 2A 
 66 45 04 00 7D 16 75 3F 69 C0 53 9F 1D 8C 1A 51 
 C7 83 7F 97 C3 58 BC FE 5C 33 33 20 55 00 D6 DE 
 BA 37 0D 7E B1 06 9E 00 A8 D1 3D 9F B8 59 E0 56 
 9E 5C 8E ED 2E 53 EB 7E 7C FA 8D 57 38 53 8A F7 
 B5 0E 5B 78 3E EE E9 2C B6 5B 91 8C 53 97 16 A9 
 AB EF 0B 6A 1A EE B2 A0 73 74 8D 88 4A B1 A9 9A 
 D6 B7 3E E5 F0 9A 54 BB 2E 8C 5F 4D CB 7A 0A 72 
 8E FC 80 A0 EB 38 31 0F F2 DF F7 DC 2D 28 33 98 
 35 8A 5A 76 
    IsEnEnabled(0x161 = 'ContextLoad'): 1
 SWTPM_IO_Write: length 14
 80 01 00 00 00 0E 00 00 00 00 80 00 00 00 
 SWTPM_IO_Read: length 414
 80 01 00 00 01 9E 00 00 01 61 00 00 00 00 00 00 
 00 6D 02 00 00 00 40 00 00 07 01 82 00 40 94 5B 
 B0 CD E8 75 01 BE 04 3F 76 BA B5 86 5C B9 E5 58 
 38 EB 4F 29 A8 C1 51 CC 7A F9 1E 6D 86 54 69 77 
 C5 23 F1 57 35 51 F3 A1 57 D8 03 3F 39 68 2F 64 
 D7 2F BE C7 51 3F 2B A2 A2 BC F6 EA C6 FC 58 B7 
 12 D3 2D 67 7D F2 02 78 34 EE 5B 38 9C 5A B5 E3 
 0C 66 64 BD 3F 3D 1A 36 C3 41 D4 26 0E 2A 9F C0 
 9B 63 01 74 C8 F4 07 8A 20 41 7F FD 56 80 9D 35 
 2E 0F 79 E1 2E DD 4C 91 C1 03 CB 4F AC 20 AC 11 
 79 4D 34 57 5B 53 EA F0 70 2C 01 17 B9 15 B1 4D 
 44 66 37 CC 4B 58 C4 08 0D AC 91 35 2F E9 15 41 
 23 49 41 F6 3E 58 C7 36 F3 0B A9 8B FF 0A 92 72 
 21 9E 7D 09 B1 15 C3 6E 2C 91 40 73 CB 84 EA F1 
 BE F0 5E CC 92 6A 8C 85 5B 59 12 41 E6 AC 42 67 
 BE 31 3C 79 8D E2 4F 53 D1 2D 82 0B 60 9C 3D E8 
 1F BD C3 C9 66 41 CB 7F 7E 5E 2C 4E 36 42 56 2D 
 2F 9D 23 1E 7A E4 25 C8 20 DC E8 3D A0 35 21 F5 
 92 9A 75 DF 43 CA AD 9D 50 A5 36 66 90 FD 30 75 
 52 2D 6F 98 E8 11 31 5D F3 11 24 B8 1B 73 B4 94 
 18 CF 07 23 67 F9 7B A0 65 9A 9D ED C4 06 36 F8 
 53 AE 92 4A F2 4F 69 06 DD 61 83 2F 5D DE D6 F0 
 A9 B5 2A C6 62 8C E4 FE 98 8E BA 26 CC 9D 92 2E 
 9E 3C 1C 6F 04 C1 C9 FA A8 03 C0 6A C1 52 5C 9C 
 E1 CB 9C BC BD 2C D1 99 76 43 04 57 05 A5 5D EB 
 49 B9 29 58 6B 3E A1 AC 43 4E 9B B5 65 20 
    IsEnEnabled(0x161 = 'ContextLoad'): 1
 SWTPM_IO_Write: length 14
 80 01 00 00 00 0E 00 00 00 00 02 00 00 00 
 SWTPM_IO_Read: length 414
 80 01 00 00 01 9E 00 00 01 61 00 00 00 00 00 00 
 00 6E 02 00 00 01 40 00 00 07 01 82 00 40 3F 09 
 60 DA 68 FD AD EE 65 80 54 CD AF BA D0 DB DB 41 
 00 5B CC 52 14 6E B3 03 5B 54 06 31 ED 88 E2 BE 
 8E 1A 24 D1 62 3D CC 73 CC 28 13 9C B1 93 8E 4B 
 C0 74 A6 2D 67 AF 5D F0 A1 7F 0B A9 1A 45 F5 21 
 A0 C4 2E D7 DC 77 85 E6 44 86 4A 73 CA B4 9E FD 
 F2 A3 5B 64 93 1A DC DE 3E 01 3F C6 8B 23 35 71 
 76 7A 2E 26 B0 BD C6 7D 5E A8 4B 7E 6B B8 DF D4 
 16 FD 9E 61 AA 31 8B 45 88 FE 19 80 02 8C 68 8F 
 C1 39 BE E5 93 55 97 44 48 CA 54 71 B4 E1 62 12 
 62 2B 38 BE B7 54 48 21 12 4B EE F9 20 30 59 39 
 A4 EC 58 EF 3F 14 D8 42 F9 9C 90 F0 D7 DA 50 6F 
 27 8B 06 B5 4D 29 BE 9D 94 55 27 92 36 2C CC 3E 
 11 4A 3E 61 C4 09 4A 71 92 1E 88 48 6F 00 C8 FE 
 DB 6A AD 0E C4 5E 23 63 2A C5 C9 16 36 42 F1 B3 
 7B CD C4 EE 4F FB 13 98 30 5B 0A 8C 62 99 DA 59 
 96 C3 7F D0 5F D7 21 D5 83 02 8A 20 BB B1 D2 71 
 A2 6F 42 39 B1 4C 9F F0 BE ED 43 EC E0 BB 6A 11 
 FE E1 59 71 CE EF EE 46 2C 64 E4 B1 FB CB 73 36 
 F5 4E 43 E5 B8 2C FF 82 FF 18 38 3E 96 5D D9 46 
 1C F2 27 C5 10 D8 DD 1E F9 26 ED 2D 1C 1D 81 59 
 68 91 95 28 3D A1 50 03 8B AE E5 1F 22 35 8F A7 
 C4 0C 43 43 74 3F BF 19 05 8A 63 A5 7B 71 2B 18 
 32 17 E8 F5 7D 26 D4 E7 A0 38 71 BE 04 0F A8 7A 
 C0 5B 9C 17 98 20 CB 94 25 37 52 30 4F A4 
    IsEnEnabled(0x161 = 'ContextLoad'): 1
 SWTPM_IO_Write: length 14
 80 01 00 00 00 0E 00 00 00 00 02 00 00 01 
 SWTPM_IO_Read: length 214
 80 02 00 00 00 D6 00 00 01 53 80 00 00 00 00 00 
 00 49 02 00 00 01 00 20 8F 46 77 47 CB 78 31 48 
 2E A6 94 59 2A A3 7F 77 3F 89 20 DC 15 55 17 BF 
 AB B0 EE 4A D6 22 B2 A2 61 00 20 66 4F 05 41 61 
 3D CE 1D 3E ED 62 69 75 74 0F 32 E5 22 DA 7E 57 
 BE 11 BF F4 61 E3 80 FC 2D 39 37 00 63 0D DD 86 
 8E 73 F4 0C 21 51 CF 7F 1F BF AC 46 21 80 94 4C 
 19 10 69 99 89 E4 D0 34 0D 38 CB 7C 0C A8 A4 F3 
 47 97 82 31 15 8D 26 EC 06 BB FC E1 8E 7D C0 3F 
 88 7A DE F9 43 A9 EF D3 65 1B 44 9F E8 FD 8E F9 
 6E A6 C6 5F 9C 1F 56 82 2D 9F 9F 79 C2 C7 4E E7 
 BC AD F5 F6 B4 03 32 9C 31 6F A3 0A F8 86 A7 83 
 00 0E 00 08 00 0B 00 00 04 D2 00 00 00 10 00 00 
 00 00 00 00 00 00 
    IsEnEnabled(0x153 = 'Create'): 1
 SWTPM_IO_Write: length 577
 80 02 00 00 02 41 00 00 00 00 00 00 01 EE 00 DD 
 24 78 A1 2C 44 55 87 90 36 A4 D8 5C 4A E5 2C A8 
 42 67 C0 9B 7C 09 6C 94 29 91 27 FC 6E 0B E2 66 
 29 1A 18 25 23 EE 33 06 50 3F AE E1 75 11 D6 89 
 A4 BD B5 CE 4C 95 22 96 91 3F F7 96 E0 23 AA 6F 
 70 68 6A 36 58 6B 0F F0 D7 0E 4B 73 15 5C 02 E4 
 E2 05 4B 11 C8 72 6C 51 49 F3 22 84 0E 44 C7 B9 
 69 8F 9F D0 DA 07 23 80 97 01 97 35 58 B3 6E ED 
 C3 32 A8 A4 F2 1B 51 1E 8B C7 EC 8B D0 95 18 5F 
 29 29 C2 B4 FD 02 46 C1 1B F1 17 D9 ED EB 1F CD 
 A8 89 04 87 77 59 98 76 1C 4A 80 7B 20 34 6C B5 
 F8 95 4F 24 1A 65 AB CD D0 5C FD E5 0B B7 F9 C4 
 3A A7 1E 96 DA B1 95 2A AB 1F 44 79 5C C6 A3 09 
 6C 0C 10 F4 6C 18 7B 76 A3 C1 DF 14 26 0A AD 40 
 DF 82 73 93 65 30 DD B3 C1 FA EE E1 42 00 2E 00 
 08 00 0B 00 00 04 D2 00 00 00 10 00 20 32 C0 BD 
 74 92 91 1E 29 C9 B2 2E F3 0E 5A 41 CD 73 D7 0A 
 F3 FF 4B B0 3B CA 10 0D 61 83 E1 61 3C 00 73 00 
 00 00 00 00 20 E3 B0 C4 42 98 FC 1C 14 9A FB F4 
 C8 99 6F B9 24 27 AE 41 E4 64 9B 93 4C A4 95 99 
 1B 78 52 B8 55 01 00 0B 00 22 00 0B 9D EB C6 29 
 7B 08 4B 07 DA EC D1 D0 9F F9 BA 39 99 49 C1 64 
 F1 FF 99 82 AE 53 CD EF F6 8D 9A 48 00 22 00 0B 
 C6 65 18 27 3E A6 FF 84 9A E4 CC 4B EC 50 5D 09 
 FD 46 31 5F 8B CC 09 A0 22 27 CD 00 36 BE CA C1 
 00 00 00 20 D1 C0 D2 F4 2A 69 6F 26 4B FA 6E 87 
 20 FC A8 96 FE 89 99 27 A3 96 4D 46 7D 54 6A 48 
 43 98 2F 49 80 21 40 00 00 01 00 40 D7 0B 7F 02 
 D7 D7 4A 30 86 05 26 F6 D5 D0 B7 50 65 40 57 A3 
 4F FE 00 91 8B 2F 39 16 FB 4C C9 87 D8 C1 9C 17 
 8F 32 47 49 23 D9 2F B9 64 78 67 13 B6 BE 4F C8 
 27 45 1E 60 3C 0C 73 80 89 F9 E3 DE 00 20 01 68 
 0A 2C A3 0E 7D 3A 30 D1 3C 34 79 E8 8A FB F6 EB 
 79 32 D1 9E 16 26 25 F9 F9 C4 99 E2 09 CD 61 00 
 20 1B F9 62 06 F2 7F B0 BA 48 81 30 66 9E 6A A0 
 29 4B 28 CF F2 7F 79 C1 BB 80 F6 40 B2 B0 3D 13 
 2F 
 SWTPM_IO_Read: length 14
 80 01 00 00 00 0E 00 00 01 62 80 00 00 00 
    IsEnEnabled(0x162 = 'ContextSave'): 1
 SWTPM_IO_Write: length 468
 80 01 00 00 01 D4 00 00 00 00 00 00 00 00 00 00 
 00 89 80 00 00 00 40 00 00 01 01 B8 00 40 05 1C 
 CD 2E 3A 7E 4B D6 09 6D 6D A6 BF 02 3F ED B2 8B 
 DC 2F A2 00 92 4C C3 9B 7F AD 8A B1 2B 0F 47 15 
 CF F2 B8 6D 9C 67 E1 94 5F DD 03 FD 8E 0D 72 0A 
 8E A4 5C A4 73 F7 39 82 9C C3 4D A9 31 34 D3 8B 
 9C 54 2C EC 62 E6 67 C5 ED 4D FB C2 28 51 F0 D3 
 21 2E 44 49 50 50 24 05 B7 98 3C C4 9D B2 1B 3D 
 F2 27 09 63 95 B5 C8 73 45 E4 18 78 13 AF FD 52 
 26 0B 72 A1 BD 4D 75 90 6C 5B B3 16 59 96 A3 74 
 9C 7A 1D F7 66 4E F1 C0 0E 4F 50 71 2D 61 3D 5B 
 67 33 28 A6 B8 A3 7A D7 FA D3 E2 28 C8 AE E1 02 
 35 0F E5 86 81 15 DF 63 34 47 AB 35 91 46 F3 F5 
 C4 18 7D 57 A3 16 36 3F A9 1A AB 83 5C FB 13 21 
 D3 BC 61 10 0B 00 A8 F6 7D 65 88 24 89 E0 9D 98 
 D1 0D 54 07 41 70 99 37 F4 31 A7 65 E8 AC 30 C6 
 C3 49 5C DB 3B D0 FD 67 BD 3E FD 9B 24 17 94 17 
 45 81 BE C1 11 7C 0C F1 42 8C E4 CD B9 63 C7 EC 
 95 0C 22 14 E6 0B 94 37 A2 1F AB F6 9D 7F 32 35 
 E8 96 A0 6A 86 4B 19 54 3F 22 D8 F6 D7 B2 E4 F1 
 68 22 DE 70 E7 B3 4C F3 99 3E 8E 11 36 9A 63 19 
 A4 CA 7E 5E 1C CB AB AC 35 9D 6B FC 30 FE 91 0A 
 28 40 23 4E 29 0A 3E 47 88 8C EC D6 68 4E D6 6A 
 95 F7 36 8D A3 0C 72 49 45 F3 09 16 B5 25 AF EA 
 16 5E E9 26 F0 5D 1D 54 05 76 E4 91 0F FE 1F DE 
 34 7D 8E 99 3D 38 BE 51 A5 F9 7E A7 3D 4B 89 FA 
 3B 12 BA 6D 29 59 FC D4 6F 4C 3C 34 6F 9B 18 36 
 A1 73 A2 3B AA A9 27 D7 FC 4B 76 61 C5 11 33 E1 
 1A 5A 75 03 BE 57 D3 21 02 EC 97 E1 8B 6C 08 10 
 AD 81 EB 30 
 SWTPM_IO_Read: length 14
 80 01 00 00 00 0E 00 00 01 65 80 00 00 00 
    IsEnEnabled(0x165 = 'FlushContext'): 1
 SWTPM_IO_Write: length 10
 80 01 00 00 00 0A 00 00 00 00 
 SWTPM_IO_Read: length 14
 80 01 00 00 00 0E 00 00 01 62 02 00 00 00 
    IsEnEnabled(0x162 = 'ContextSave'): 1
 SWTPM_IO_Write: length 414
 80 01 00 00 01 9E 00 00 00 00 00 00 00 00 00 00 
 00 6F 02 00 00 00 40 00 00 07 01 82 00 40 D6 2C 
 E2 EE D5 07 90 DD 89 0B 19 B6 D8 DA CF 1D 6C F9 
 79 E3 9C 13 84 5C 55 32 BA E6 50 4C FB E0 5E 3E 
 A4 97 14 36 47 44 E7 24 5C 1A 0E 7A 05 D1 29 7B 
 E8 42 8B C0 5A 38 4C 7E 21 8A A0 64 6A 59 61 31 
 51 71 B9 55 FA D9 DB A6 16 67 BA 7A DE A8 A8 76 
 84 6B DF 98 0C 2B 88 99 8D AE 7E 01 81 10 9F B7 
 FD 45 73 02 28 E5 2E CA 9D E6 4E 39 D5 73 5F 9C 
 52 56 8C 98 EC 8F 87 8B 60 C9 30 C7 5A 0E 9C A0 
 14 40 8B AD DC 46 BC 98 8A B5 36 6E D3 94 99 B9 
 6E C0 E1 53 51 7E 17 28 50 FF 77 E7 41 FA AC 07 
 E6 E6 7E DD B4 C0 17 53 1F 56 20 EF 39 4F 2E E6 
 59 ED 33 EB DA C7 C0 37 BE 77 86 6D 3C 6B 02 66 
 9B 4A 6F 3F 09 36 E0 84 CE 1E D7 E9 E9 1C 42 3C 
 FB 2D 1E 55 85 E9 17 0C 77 45 D3 51 31 A7 75 A9 
 08 30 CB 94 A5 47 90 A2 9F 17 CF 12 F6 F3 68 8E 
 7A D6 3C 7C 7A C1 22 B8 E9 43 C0 D9 95 1F 22 33 
 21 55 04 D1 DF EF 99 F1 47 1F C3 52 52 B5 42 2A 
 2B 1D A6 57 68 FE 52 03 AB F3 14 58 DB AF DD A0 
 91 84 B7 B4 CE 1B 83 0F 88 0A 4F 22 6F 9C 61 D0 
 F3 5A C5 F1 EC 1D AC CF 75 E1 A5 EE 14 D8 58 B6 
 B2 D9 F8 9D 16 9C E7 99 59 E0 A2 AB 56 33 C1 B0 
 59 53 85 60 A8 45 DB 9D 83 B9 25 F9 E2 BB FF DB 
 7E 31 C9 8C 16 82 B5 24 52 41 EC 79 22 94 A5 B4 
 A9 1A B5 ED 87 6E 9D 5A 23 B1 CB 59 40 E5 
 SWTPM_IO_Read: length 14
 80 01 00 00 00 0E 00 00 01 62 02 00 00 01 
    IsEnEnabled(0x162 = 'ContextSave'): 1
 SWTPM_IO_Write: length 414
 80 01 00 00 01 9E 00 00 00 00 00 00 00 00 00 00 
 00 70 02 00 00 01 40 00 00 07 01 82 00 40 30 3E 
 49 DA C5 48 A9 1E 17 CC 67 B0 84 F2 2E D6 B1 15 
 77 50 E0 63 36 A4 13 BF 30 6F 7F 5B AD 85 41 F2 
 EE A5 B7 CC F6 82 EC 62 64 6F 6C 09 21 09 C3 FF 
 FE AA 5B 84 99 BD 00 6B C4 99 12 44 8D D8 B6 D7 
 B6 A1 BE 25 C8 C6 2E 51 1A DF D1 34 48 E5 34 EA 
 96 07 78 55 E4 57 6A E3 CF 24 D3 F1 9D 04 06 B6 
 91 3B C3 D9 24 43 FC 80 53 96 73 D7 F9 C3 AB 30 
 67 82 14 9C B7 1F E5 7F 69 26 2B 2A 20 41 6E 9D 
 67 86 76 5A B6 5D 44 44 4D 31 8A 12 99 10 24 31 
 90 F0 D3 BB 3C 05 77 D5 9C CC 5D EF F5 9D BE F2 
 A4 A0 9D BC 56 57 52 27 D1 8C 59 4F AF 29 E6 54 
 8A B2 C4 E8 9D F3 67 12 49 9E 7B 65 72 85 8C 35 
 73 E9 4C 2E C6 1B 9C 7F 2A F6 08 D8 4C 78 73 BC 
 AE B6 C7 8D E1 74 B4 E1 B4 E6 58 D0 9F 8E 25 67 
 67 8C 74 92 37 C6 09 92 9B A4 A6 FB 78 FD 55 EE 
 CD 3F D7 03 01 F3 F2 5C 20 1F 1C D2 97 B0 10 44 
 BF 9B 58 48 C8 1B 2F DF 02 5A C2 BA 77 DB 17 94 
 B4 81 15 2C D4 3B E4 FE DA 69 0C 02 5C F0 0C 5D 
 5F 45 67 D0 32 29 01 4B 51 7D 43 20 F1 90 3D 71 
 FD 5C 75 53 D1 5F CE 69 7D BA 9E E6 A3 B1 4A 7C 
 48 16 34 33 64 DC 2C 45 61 05 25 BF 9D FF DE 71 
 87 6F 08 BA 24 51 8A 04 EB A2 3A 8F B0 39 62 BB 
 DE F1 B9 3F FE D1 5D 55 EB 17 A7 33 44 CC DE 1F 
 83 83 69 18 4E 3D BB 8F 01 A0 EE E3 0F CD 
 SWTPM_IO_Read: length 468
 80 01 00 00 01 D4 00 00 01 61 00 00 00 00 00 00 
 00 89 80 00 00 00 40 00 00 01 01 B8 00 40 05 1C 
 CD 2E 3A 7E 4B D6 09 6D 6D A6 BF 02 3F ED B2 8B 
 DC 2F A2 00 92 4C C3 9B 7F AD 8A B1 2B 0F 47 15 
 CF F2 B8 6D 9C 67 E1 94 5F DD 03 FD 8E 0D 72 0A 
 8E A4 5C A4 73 F7 39 82 9C C3 4D A9 31 34 D3 8B 
 9C 54 2C EC 62 E6 67 C5 ED 4D FB C2 28 51 F0 D3 
 21 2E 44 49 50 50 24 05 B7 98 3C C4 9D B2 1B 3D 
 F2 27 09 63 95 B5 C8 73 45 E4 18 78 13 AF FD 52 
 26 0B 72 A1 BD 4D 75 90 6C 5B B3 16 59 96 A3 74 
 9C 7A 1D F7 66 4E F1 C0 0E 4F 50 71 2D 61 3D 5B 
 67 33 28 A6 B8 A3 7A D7 FA D3 E2 28 C8 AE E1 02 
 35 0F E5 86 81 15 DF 63 34 47 AB 35 91 46 F3 F5 
 C4 18 7D 57 A3 16 36 3F A9 1A AB 83 5C FB 13 21 
 D3 BC 61 10 0B 00 A8 F6 7D 65 88 24 89 E0 9D 98 
 D1 0D 54 07 41 70 99 37 F4 31 A7 65 E8 AC 30 C6 
 C3 49 5C DB 3B D0 FD 67 BD 3E FD 9B 24 17 94 17 
 45 81 BE C1 11 7C 0C F1 42 8C E4 CD B9 63 C7 EC 
 95 0C 22 14 E6 0B 94 37 A2 1F AB F6 9D 7F 32 35 
 E8 96 A0 6A 86 4B 19 54 3F 22 D8 F6 D7 B2 E4 F1 
 68 22 DE 70 E7 B3 4C F3 99 3E 8E 11 36 9A 63 19 
 A4 CA 7E 5E 1C CB AB AC 35 9D 6B FC 30 FE 91 0A 
 28 40 23 4E 29 0A 3E 47 88 8C EC D6 68 4E D6 6A 
 95 F7 36 8D A3 0C 72 49 45 F3 09 16 B5 25 AF EA 
 16 5E E9 26 F0 5D 1D 54 05 76 E4 91 0F FE 1F DE 
 34 7D 8E 99 3D 38 BE 51 A5 F9 7E A7 3D 4B 89 FA 
 3B 12 BA 6D 29 59 FC D4 6F 4C 3C 34 6F 9B 18 36 
 A1 73 A2 3B AA A9 27 D7 FC 4B 76 61 C5 11 33 E1 
 1A 5A 75 03 BE 57 D3 21 02 EC 97 E1 8B 6C 08 10 
 AD 81 EB 30 
    IsEnEnabled(0x161 = 'ContextLoad'): 1
 SWTPM_IO_Write: length 14
 80 01 00 00 00 0E 00 00 00 00 80 00 00 00 
 SWTPM_IO_Read: length 414
 80 01 00 00 01 9E 00 00 01 61 00 00 00 00 00 00 
 00 6F 02 00 00 00 40 00 00 07 01 82 00 40 D6 2C 
 E2 EE D5 07 90 DD 89 0B 19 B6 D8 DA CF 1D 6C F9 
 79 E3 9C 13 84 5C 55 32 BA E6 50 4C FB E0 5E 3E 
 A4 97 14 36 47 44 E7 24 5C 1A 0E 7A 05 D1 29 7B 
 E8 42 8B C0 5A 38 4C 7E 21 8A A0 64 6A 59 61 31 
 51 71 B9 55 FA D9 DB A6 16 67 BA 7A DE A8 A8 76 
 84 6B DF 98 0C 2B 88 99 8D AE 7E 01 81 10 9F B7 
 FD 45 73 02 28 E5 2E CA 9D E6 4E 39 D5 73 5F 9C 
 52 56 8C 98 EC 8F 87 8B 60 C9 30 C7 5A 0E 9C A0 
 14 40 8B AD DC 46 BC 98 8A B5 36 6E D3 94 99 B9 
 6E C0 E1 53 51 7E 17 28 50 FF 77 E7 41 FA AC 07 
 E6 E6 7E DD B4 C0 17 53 1F 56 20 EF 39 4F 2E E6 
 59 ED 33 EB DA C7 C0 37 BE 77 86 6D 3C 6B 02 66 
 9B 4A 6F 3F 09 36 E0 84 CE 1E D7 E9 E9 1C 42 3C 
 FB 2D 1E 55 85 E9 17 0C 77 45 D3 51 31 A7 75 A9 
 08 30 CB 94 A5 47 90 A2 9F 17 CF 12 F6 F3 68 8E 
 7A D6 3C 7C 7A C1 22 B8 E9 43 C0 D9 95 1F 22 33 
 21 55 04 D1 DF EF 99 F1 47 1F C3 52 52 B5 42 2A 
 2B 1D A6 57 68 FE 52 03 AB F3 14 58 DB AF DD A0 
 91 84 B7 B4 CE 1B 83 0F 88 0A 4F 22 6F 9C 61 D0 
 F3 5A C5 F1 EC 1D AC CF 75 E1 A5 EE 14 D8 58 B6 
 B2 D9 F8 9D 16 9C E7 99 59 E0 A2 AB 56 33 C1 B0 
 59 53 85 60 A8 45 DB 9D 83 B9 25 F9 E2 BB FF DB 
 7E 31 C9 8C 16 82 B5 24 52 41 EC 79 22 94 A5 B4 
 A9 1A B5 ED 87 6E 9D 5A 23 B1 CB 59 40 E5 
    IsEnEnabled(0x161 = 'ContextLoad'): 1
 SWTPM_IO_Write: length 14
 80 01 00 00 00 0E 00 00 00 00 02 00 00 00 
 SWTPM_IO_Read: length 414
 80 01 00 00 01 9E 00 00 01 61 00 00 00 00 00 00 
 00 70 02 00 00 01 40 00 00 07 01 82 00 40 30 3E 
 49 DA C5 48 A9 1E 17 CC 67 B0 84 F2 2E D6 B1 15 
 77 50 E0 63 36 A4 13 BF 30 6F 7F 5B AD 85 41 F2 
 EE A5 B7 CC F6 82 EC 62 64 6F 6C 09 21 09 C3 FF 
 FE AA 5B 84 99 BD 00 6B C4 99 12 44 8D D8 B6 D7 
 B6 A1 BE 25 C8 C6 2E 51 1A DF D1 34 48 E5 34 EA 
 96 07 78 55 E4 57 6A E3 CF 24 D3 F1 9D 04 06 B6 
 91 3B C3 D9 24 43 FC 80 53 96 73 D7 F9 C3 AB 30 
 67 82 14 9C B7 1F E5 7F 69 26 2B 2A 20 41 6E 9D 
 67 86 76 5A B6 5D 44 44 4D 31 8A 12 99 10 24 31 
 90 F0 D3 BB 3C 05 77 D5 9C CC 5D EF F5 9D BE F2 
 A4 A0 9D BC 56 57 52 27 D1 8C 59 4F AF 29 E6 54 
 8A B2 C4 E8 9D F3 67 12 49 9E 7B 65 72 85 8C 35 
 73 E9 4C 2E C6 1B 9C 7F 2A F6 08 D8 4C 78 73 BC 
 AE B6 C7 8D E1 74 B4 E1 B4 E6 58 D0 9F 8E 25 67 
 67 8C 74 92 37 C6 09 92 9B A4 A6 FB 78 FD 55 EE 
 CD 3F D7 03 01 F3 F2 5C 20 1F 1C D2 97 B0 10 44 
 BF 9B 58 48 C8 1B 2F DF 02 5A C2 BA 77 DB 17 94 
 B4 81 15 2C D4 3B E4 FE DA 69 0C 02 5C F0 0C 5D 
 5F 45 67 D0 32 29 01 4B 51 7D 43 20 F1 90 3D 71 
 FD 5C 75 53 D1 5F CE 69 7D BA 9E E6 A3 B1 4A 7C 
 48 16 34 33 64 DC 2C 45 61 05 25 BF 9D FF DE 71 
 87 6F 08 BA 24 51 8A 04 EB A2 3A 8F B0 39 62 BB 
 DE F1 B9 3F FE D1 5D 55 EB 17 A7 33 44 CC DE 1F 
 83 83 69 18 4E 3D BB 8F 01 A0 EE E3 0F CD 
    IsEnEnabled(0x161 = 'ContextLoad'): 1
 SWTPM_IO_Write: length 14
 80 01 00 00 00 0E 00 00 00 00 02 00 00 01 
 SWTPM_IO_Read: length 14
 80 01 00 00 00 0E 00 00 01 65 02 00 00 01 
    IsEnEnabled(0x165 = 'FlushContext'): 1
 SWTPM_IO_Write: length 10
 80 01 00 00 00 0A 00 00 00 00 
 SWTPM_IO_Read: length 14
 80 01 00 00 00 0E 00 00 01 62 80 00 00 00 
    IsEnEnabled(0x162 = 'ContextSave'): 1
 SWTPM_IO_Write: length 468
 80 01 00 00 01 D4 00 00 00 00 00 00 00 00 00 00 
 00 8A 80 00 00 00 40 00 00 01 01 B8 00 40 59 5D 
 A4 BE 32 01 12 5C B6 EC 18 1E EB 46 EB A5 DF 8A 
 11 BE 90 CB 86 B6 43 58 F0 0E A6 85 04 D0 97 35 
 D8 3C F8 E4 FE EF A9 BE 3D 23 88 50 21 92 14 74 
 06 78 C6 E7 6D E6 48 D6 E6 C2 49 E8 47 97 D0 CF 
 E1 81 93 7C 15 AC 05 0B 59 CD A3 95 77 87 EA E3 
 2A 79 F6 10 AB A2 1D B7 07 3F FE 99 D0 50 F0 3F 
 EB C5 DD B9 80 ED 4D 8F 6D 16 EC 40 7C FF 60 C9 
 F5 B5 5D BE 16 FD 5D 4C 65 01 C3 B8 9D 43 27 B7 
 3E B2 39 91 E3 23 00 92 E6 49 FB F2 AB 38 04 84 
 CB 1D FD 97 22 20 C3 42 CA A5 95 85 70 58 58 CB 
 9C 69 90 6C A1 FE 96 3F A9 A3 70 53 82 F4 C7 03 
 22 80 E5 57 5A 6E 5F DD 03 25 0A E9 95 53 E3 4F 
 72 47 9F 83 AD 71 DC C5 2C 55 04 AF 75 63 C4 8F 
 C6 46 41 D5 E4 37 70 AD 0E F6 8C 6A B3 A6 5E C2 
 14 5D 76 A0 DB 88 67 5B C2 0D 0E 1E BD 31 96 A6 
 CE 5A 43 68 53 DB 7E 82 90 A2 F6 88 50 40 AA C8 
 2C 8B 62 AD E5 6E CB AF 29 2E 1F 9E 7A 5E B1 1C 
 20 48 89 AF BC 4B C7 E9 37 70 9C DC AD 60 6D 11 
 63 27 73 81 FC 22 4B 9D 23 FE 12 DB BC 1C 97 C4 
 EF 31 28 4F 6F B2 AF C3 2C 04 9E 97 21 03 78 36 
 70 FE 32 24 9B 99 CA 23 C0 8A 2C D9 C5 57 73 57 
 08 DF 7F AF 4F D6 15 B3 3D E5 D4 F3 3E 2D EF F0 
 0A 22 85 8F 39 27 0C C0 D2 3F C7 2C 09 70 CA 1F 
 D9 3C 39 90 95 73 73 42 CD 2D 19 82 D1 22 41 CB 
 52 DC 18 70 A5 B5 FF 2F 35 85 B9 CA 5F 8F 8C 41 
 FC 73 55 27 A6 B8 C6 AC E5 37 C6 82 28 52 ED AB 
 11 9F E8 5F F9 25 1D 15 DD B3 BE 9D 5B 94 15 96 
 52 55 FC 62 
 SWTPM_IO_Read: length 14
 80 01 00 00 00 0E 00 00 01 65 80 00 00 00 
    IsEnEnabled(0x165 = 'FlushContext'): 1
 SWTPM_IO_Write: length 10
 80 01 00 00 00 0A 00 00 00 00 
 SWTPM_IO_Read: length 14
 80 01 00 00 00 0E 00 00 01 62 02 00 00 00 
    IsEnEnabled(0x162 = 'ContextSave'): 1
 SWTPM_IO_Write: length 414
 80 01 00 00 01 9E 00 00 00 00 00 00 00 00 00 00 
 00 71 02 00 00 00 40 00 00 07 01 82 00 40 F0 05 
 29 E1 12 67 04 6A D0 3B A9 AC 58 8B C0 8A B9 EF 
 0D AF 73 AF EA 99 46 74 34 66 08 67 40 4C 56 57 
 1E D9 8F DE 09 50 23 F9 A4 23 0C 13 71 D7 AD 9F 
 53 0E 20 44 40 D2 1A A7 7D 77 97 73 5A C7 9F EF 
 95 D6 5F 70 6D C0 A1 92 48 10 29 E7 2C BF 78 94 
 8A E2 0F 4D AE EF F6 A5 C9 21 33 F5 6C 87 12 E7 
 14 CB 1D 6E C7 4C D4 3B 0D 78 5A 17 45 7A 37 40 
 7A B5 3A 91 4A D5 DB B9 90 AC 51 17 67 53 93 02 
 F6 48 D7 54 63 34 B5 11 84 B3 9A 6E BC 51 8D 2F 
 6A 02 93 90 D5 2F 20 23 94 63 62 1F F9 2A 08 A3 
 46 B3 19 A4 ED 03 C9 5F 03 02 60 AE DE F5 83 26 
 98 44 7E 7D 23 1C 97 19 38 16 10 CB 87 DA B5 E2 
 AF 39 D6 66 30 28 19 3A BE F0 44 DF B1 8A 03 2C 
 1B AE 85 C4 1C 48 6D 03 0C E7 96 CD 0B 0F 2C CC 
 3A 59 6A F9 57 B3 62 84 E1 01 71 F6 A6 8E B0 4D 
 9F 3A F9 96 E3 3D 04 79 49 E5 8C 85 F2 80 59 9B 
 1E 42 6D 9C 4F 1D 09 F5 2A C8 7E AF 2C 8E 31 B5 
 37 BF F1 00 A2 68 6F EC 78 9A 90 31 80 93 BA C6 
 89 05 82 4B E2 AA 1A 60 59 B3 32 E7 C7 AC 3B 62 
 81 35 10 A4 3E 0E 5A BC 35 93 AC 80 50 CE 73 A8 
 8C D9 75 A9 CB 2D AA 12 46 FF FC A8 06 38 57 C5 
 E7 31 4B C6 0B E4 60 47 4D FA CE B7 64 BF B9 F7 
 67 A4 71 4D 4D 67 EF 3A 82 FA F1 6F F8 E6 72 7C 
 84 DB 67 F9 33 8C 12 01 07 83 9E 92 B3 09 
 SWTPM_IO_Read: length 14
 80 01 00 00 00 0E 00 00 01 62 02 00 00 01 
    IsEnEnabled(0x162 = 'ContextSave'): 1
 SWTPM_IO_Write: length 10
 80 01 00 00 00 0A 00 00 09 10 
 SWTPM_IO_Read: length 468
 80 01 00 00 01 D4 00 00 01 61 00 00 00 00 00 00 
 00 8A 80 00 00 00 40 00 00 01 01 B8 00 40 59 5D 
 A4 BE 32 01 12 5C B6 EC 18 1E EB 46 EB A5 DF 8A 
 11 BE 90 CB 86 B6 43 58 F0 0E A6 85 04 D0 97 35 
 D8 3C F8 E4 FE EF A9 BE 3D 23 88 50 21 92 14 74 
 06 78 C6 E7 6D E6 48 D6 E6 C2 49 E8 47 97 D0 CF 
 E1 81 93 7C 15 AC 05 0B 59 CD A3 95 77 87 EA E3 
 2A 79 F6 10 AB A2 1D B7 07 3F FE 99 D0 50 F0 3F 
 EB C5 DD B9 80 ED 4D 8F 6D 16 EC 40 7C FF 60 C9 
 F5 B5 5D BE 16 FD 5D 4C 65 01 C3 B8 9D 43 27 B7 
 3E B2 39 91 E3 23 00 92 E6 49 FB F2 AB 38 04 84 
 CB 1D FD 97 22 20 C3 42 CA A5 95 85 70 58 58 CB 
 9C 69 90 6C A1 FE 96 3F A9 A3 70 53 82 F4 C7 03 
 22 80 E5 57 5A 6E 5F DD 03 25 0A E9 95 53 E3 4F 
 72 47 9F 83 AD 71 DC C5 2C 55 04 AF 75 63 C4 8F 
 C6 46 41 D5 E4 37 70 AD 0E F6 8C 6A B3 A6 5E C2 
 14 5D 76 A0 DB 88 67 5B C2 0D 0E 1E BD 31 96 A6 
 CE 5A 43 68 53 DB 7E 82 90 A2 F6 88 50 40 AA C8 
 2C 8B 62 AD E5 6E CB AF 29 2E 1F 9E 7A 5E B1 1C 
 20 48 89 AF BC 4B C7 E9 37 70 9C DC AD 60 6D 11 
 63 27 73 81 FC 22 4B 9D 23 FE 12 DB BC 1C 97 C4 
 EF 31 28 4F 6F B2 AF C3 2C 04 9E 97 21 03 78 36 
 70 FE 32 24 9B 99 CA 23 C0 8A 2C D9 C5 57 73 57 
 08 DF 7F AF 4F D6 15 B3 3D E5 D4 F3 3E 2D EF F0 
 0A 22 85 8F 39 27 0C C0 D2 3F C7 2C 09 70 CA 1F 
 D9 3C 39 90 95 73 73 42 CD 2D 19 82 D1 22 41 CB 
 52 DC 18 70 A5 B5 FF 2F 35 85 B9 CA 5F 8F 8C 41 
 FC 73 55 27 A6 B8 C6 AC E5 37 C6 82 28 52 ED AB 
 11 9F E8 5F F9 25 1D 15 DD B3 BE 9D 5B 94 15 96 
 52 55 FC 62 
    IsEnEnabled(0x161 = 'ContextLoad'): 1
 SWTPM_IO_Write: length 14
 80 01 00 00 00 0E 00 00 00 00 80 00 00 00 
 SWTPM_IO_Read: length 414
 80 01 00 00 01 9E 00 00 01 61 00 00 00 00 00 00 
 00 71 02 00 00 00 40 00 00 07 01 82 00 40 F0 05 
 29 E1 12 67 04 6A D0 3B A9 AC 58 8B C0 8A B9 EF 
 0D AF 73 AF EA 99 46 74 34 66 08 67 40 4C 56 57 
 1E D9 8F DE 09 50 23 F9 A4 23 0C 13 71 D7 AD 9F 
 53 0E 20 44 40 D2 1A A7 7D 77 97 73 5A C7 9F EF 
 95 D6 5F 70 6D C0 A1 92 48 10 29 E7 2C BF 78 94 
 8A E2 0F 4D AE EF F6 A5 C9 21 33 F5 6C 87 12 E7 
 14 CB 1D 6E C7 4C D4 3B 0D 78 5A 17 45 7A 37 40 
 7A B5 3A 91 4A D5 DB B9 90 AC 51 17 67 53 93 02 
 F6 48 D7 54 63 34 B5 11 84 B3 9A 6E BC 51 8D 2F 
 6A 02 93 90 D5 2F 20 23 94 63 62 1F F9 2A 08 A3 
 46 B3 19 A4 ED 03 C9 5F 03 02 60 AE DE F5 83 26 
 98 44 7E 7D 23 1C 97 19 38 16 10 CB 87 DA B5 E2 
 AF 39 D6 66 30 28 19 3A BE F0 44 DF B1 8A 03 2C 
 1B AE 85 C4 1C 48 6D 03 0C E7 96 CD 0B 0F 2C CC 
 3A 59 6A F9 57 B3 62 84 E1 01 71 F6 A6 8E B0 4D 
 9F 3A F9 96 E3 3D 04 79 49 E5 8C 85 F2 80 59 9B 
 1E 42 6D 9C 4F 1D 09 F5 2A C8 7E AF 2C 8E 31 B5 
 37 BF F1 00 A2 68 6F EC 78 9A 90 31 80 93 BA C6 
 89 05 82 4B E2 AA 1A 60 59 B3 32 E7 C7 AC 3B 62 
 81 35 10 A4 3E 0E 5A BC 35 93 AC 80 50 CE 73 A8 
 8C D9 75 A9 CB 2D AA 12 46 FF FC A8 06 38 57 C5 
 E7 31 4B C6 0B E4 60 47 4D FA CE B7 64 BF B9 F7 
 67 A4 71 4D 4D 67 EF 3A 82 FA F1 6F F8 E6 72 7C 
 84 DB 67 F9 33 8C 12 01 07 83 9E 92 B3 09 
    IsEnEnabled(0x161 = 'ContextLoad'): 1
 SWTPM_IO_Write: length 14
 80 01 00 00 00 0E 00 00 00 00 02 00 00 00 
 SWTPM_IO_Read: length 14
 80 01 00 00 00 0E 00 00 01 65 80 00 00 00 
    IsEnEnabled(0x165 = 'FlushContext'): 1
 SWTPM_IO_Write: length 10
 80 01 00 00 00 0A 00 00 00 00 
 SWTPM_IO_Read: length 14
 80 01 00 00 00 0E 00 00 01 62 80 00 00 00 
    IsEnEnabled(0x162 = 'ContextSave'): 1
 SWTPM_IO_Write: length 10
 80 01 00 00 00 0A 00 00 09 10 
 SWTPM_IO_Read: length 14
 80 01 00 00 00 0E 00 00 01 62 02 00 00 00 
    IsEnEnabled(0x162 = 'ContextSave'): 1
 SWTPM_IO_Write: length 414
 80 01 00 00 01 9E 00 00 00 00 00 00 00 00 00 00 
 00 72 02 00 00 00 40 00 00 07 01 82 00 40 8F E3 
 EA 84 3F E8 B1 89 55 06 B1 9E D9 8C B7 61 5E 5B 
 6D 8B 2C 6A 0A 96 B0 2B CA D2 E0 B1 D2 48 C4 08 
 ED 79 E0 D9 2E F0 1C AD F2 80 11 44 2F 1E 3F 32 
 E8 7D 2C D2 59 99 8F 3D 67 8B AD 29 6B 13 02 17 
 EA 74 E1 FF 4A 0A 10 5D E0 EB DE 5A B1 4B 4B 34 
 AA 77 45 88 7B 87 E5 A4 AD 97 7C D3 52 B1 8C B7 
 7A 9F 5F D5 68 74 46 88 A8 BD 1C 17 80 32 8A 32 
 64 E5 C9 4E 6F F6 CB 81 5D 17 9B 21 63 30 99 20 
 E5 8E 12 B7 2A 70 1F 39 55 ED F3 C2 80 7F AE 84 
 37 D9 F5 6F B7 03 05 95 40 0D 4D 2F D6 01 8A 3A 
 9F C1 98 A9 A4 62 85 D4 52 42 9A 67 22 5F C1 29 
 BA 1E E0 C0 AF 97 C2 29 F6 8E 37 A2 4A 92 65 C2 
 9E AB 9B A7 16 93 FB 2D E1 C9 52 81 57 0C 08 68 
 4F 3D D4 55 86 7B 5E 33 2B C5 44 AA 14 5D 0A 4B 
 0A 17 C3 C9 74 27 6C 50 15 0F 48 CA 07 74 38 40 
 41 C6 58 A2 A6 57 9A B5 74 F3 8C 02 30 A4 A8 85 
 76 31 44 8D 69 60 0E B7 2A CD A6 03 BE C7 F4 B4 
 BB CE D4 9C C2 9D 7D 57 8A 14 60 72 D0 F9 73 FE 
 10 19 53 4A 5A B0 4E 63 78 47 5D 14 E5 C1 D9 9B 
 2C 30 72 E5 E8 6D 3D 6E 6A C9 54 BC 90 A9 E3 DE 
 2D 13 B7 DB 37 D7 8D 08 26 EF F4 46 E6 77 D2 30 
 74 14 5D 1A DE 32 8E 4C E0 7A E3 86 A7 30 01 A7 
 B6 D8 25 67 F9 0F D8 E7 CB FD D5 00 5B 4E 18 CB 
 89 C9 41 34 22 8E 07 C4 BB 87 81 D5 EB 90 
 SWTPM_IO_Read: length 414
 80 01 00 00 01 9E 00 00 01 61 00 00 00 00 00 00 
 00 72 02 00 00 00 40 00 00 07 01 82 00 40 8F E3 
 EA 84 3F E8 B1 89 55 06 B1 9E D9 8C B7 61 5E 5B 
 6D 8B 2C 6A 0A 96 B0 2B CA D2 E0 B1 D2 48 C4 08 
 ED 79 E0 D9 2E F0 1C AD F2 80 11 44 2F 1E 3F 32 
 E8 7D 2C D2 59 99 8F 3D 67 8B AD 29 6B 13 02 17 
 EA 74 E1 FF 4A 0A 10 5D E0 EB DE 5A B1 4B 4B 34 
 AA 77 45 88 7B 87 E5 A4 AD 97 7C D3 52 B1 8C B7 
 7A 9F 5F D5 68 74 46 88 A8 BD 1C 17 80 32 8A 32 
 64 E5 C9 4E 6F F6 CB 81 5D 17 9B 21 63 30 99 20 
 E5 8E 12 B7 2A 70 1F 39 55 ED F3 C2 80 7F AE 84 
 37 D9 F5 6F B7 03 05 95 40 0D 4D 2F D6 01 8A 3A 
 9F C1 98 A9 A4 62 85 D4 52 42 9A 67 22 5F C1 29 
 BA 1E E0 C0 AF 97 C2 29 F6 8E 37 A2 4A 92 65 C2 
 9E AB 9B A7 16 93 FB 2D E1 C9 52 81 57 0C 08 68 
 4F 3D D4 55 86 7B 5E 33 2B C5 44 AA 14 5D 0A 4B 
 0A 17 C3 C9 74 27 6C 50 15 0F 48 CA 07 74 38 40 
 41 C6 58 A2 A6 57 9A B5 74 F3 8C 02 30 A4 A8 85 
 76 31 44 8D 69 60 0E B7 2A CD A6 03 BE C7 F4 B4 
 BB CE D4 9C C2 9D 7D 57 8A 14 60 72 D0 F9 73 FE 
 10 19 53 4A 5A B0 4E 63 78 47 5D 14 E5 C1 D9 9B 
 2C 30 72 E5 E8 6D 3D 6E 6A C9 54 BC 90 A9 E3 DE 
 2D 13 B7 DB 37 D7 8D 08 26 EF F4 46 E6 77 D2 30 
 74 14 5D 1A DE 32 8E 4C E0 7A E3 86 A7 30 01 A7 
 B6 D8 25 67 F9 0F D8 E7 CB FD D5 00 5B 4E 18 CB 
 89 C9 41 34 22 8E 07 C4 BB 87 81 D5 EB 90 
    IsEnEnabled(0x161 = 'ContextLoad'): 1
 SWTPM_IO_Write: length 14
 80 01 00 00 00 0E 00 00 00 00 02 00 00 00 
 SWTPM_IO_Read: length 14
 80 01 00 00 00 0E 00 00 01 65 02 00 00 00 
    IsEnEnabled(0x165 = 'FlushContext'): 1
 SWTPM_IO_Write: length 10
 80 01 00 00 00 0A 00 00 00 00 
 SWTPM_IO_Read: length 14
 80 01 00 00 00 0E 00 00 01 62 02 00 00 00 
    IsEnEnabled(0x162 = 'ContextSave'): 1
 SWTPM_IO_Write: length 10
 80 01 00 00 00 0A 00 00 09 10 
 SWTPM_IO_Read: length 12
 80 01 00 00 00 0C 00 00 01 7B 00 08 
    IsEnEnabled(0x17b = 'GetRandom'): 1
 SWTPM_IO_Write: length 20
 80 01 00 00 00 14 00 00 00 00 00 08 BD 03 3B 7F 
 7F F3 82 BC 
 SWTPM_IO_Read: length 63
 80 01 00 00 00 3F 00 00 01 76 40 00 00 07 40 00 
 00 07 00 20 82 AE DD D6 78 8D 82 E4 FB 0E 16 79 
 5D B2 AE 49 44 2D 0F DE 08 D9 7A 29 3F 8C 96 2F 
 CD C6 F0 65 00 00 00 00 06 00 80 00 43 00 0B 
    IsEnEnabled(0x176 = 'StartAuthSession'): 1
 SWTPM_IO_Write: length 48
 80 01 00 00 00 30 00 00 00 00 02 00 00 00 00 20 
 CD 02 4F A8 3C 76 97 4A BB C6 25 7B 0E EA 37 22 
 23 ED 43 19 00 8C A5 87 76 95 28 0C E5 69 59 B8 
 SWTPM_IO_Read: length 14
 80 01 00 00 00 0E 00 00 01 62 02 00 00 00 
    IsEnEnabled(0x162 = 'ContextSave'): 1
 SWTPM_IO_Write: length 414
 80 01 00 00 01 9E 00 00 00 00 00 00 00 00 00 00 
 00 73 02 00 00 00 40 00 00 07 01 82 00 40 62 18 
 25 AF 74 DA 7C 06 7D 24 50 DD 32 C1 8B 5F 06 84 
 4E CC D3 9F 05 03 7C 71 3D 42 DD 22 51 41 3D 9D 
 57 60 B4 76 16 A4 A7 E1 C4 43 1A 8C F6 C3 AA AD 
 62 2D 60 2A 35 CB 0C 20 8A DD 56 91 B2 CD 19 9D 
 34 3B 21 D3 F5 BB E6 0D 4A 09 13 24 34 5A ED DF 
 4F F7 B6 C1 5B 33 F4 A0 5A 35 F5 11 CA 99 59 FF 
 89 60 84 73 5D 97 2F 79 40 EB B1 ED 0B 5F 5C C2 
 AF CB 1A 6E 15 4C 7E 6D 98 04 9E 48 D4 76 C3 89 
 96 65 1B 78 67 B0 73 DC D4 DD 22 53 79 71 89 2F 
 6B 02 70 0B 83 7D 5F C8 E7 3F 3F 84 26 95 74 8D 
 18 6A F3 49 27 0E 44 53 55 EF 54 E1 76 70 12 3B 
 49 79 75 A7 CA 40 AE 3D 6E 8E 50 37 37 B9 92 49 
 7F B7 4A 54 AF 3F A6 87 CB 77 9A B6 66 E8 F7 B5 
 D3 48 F5 60 51 8B 02 F5 7D 32 E7 16 77 D7 A1 DF 
 52 5D BA C0 A4 6A F4 7B F3 36 BC A5 57 22 31 C3 
 8C D2 F7 54 DE AB 5E 95 3D E4 6B 57 7E DB 96 77 
 B6 17 82 85 02 2E FA 85 62 1C 35 ED 83 53 75 31 
 33 41 EE 62 DC 2D CE 11 04 89 AC 91 47 42 93 71 
 5A CA CD 92 5E F7 73 15 55 BC 65 8D EC 5B D5 45 
 12 F9 F4 A4 83 E3 3E A6 36 11 33 ED 86 67 82 53 
 79 AA 56 0F B5 31 42 F6 C8 23 C5 CF A8 54 80 69 
 8C 11 D6 93 7E 77 B1 7F 75 F4 F8 10 86 AF FD 76 
 11 80 DD A5 FB B6 3E DF 56 DD EC 91 F4 1E 16 F1 
 EB A5 32 D3 3B D4 97 84 FE A6 E0 29 C0 E2 
 SWTPM_IO_Read: length 414
 80 01 00 00 01 9E 00 00 01 61 00 00 00 00 00 00 
 00 73 02 00 00 00 40 00 00 07 01 82 00 40 62 18 
 25 AF 74 DA 7C 06 7D 24 50 DD 32 C1 8B 5F 06 84 
 4E CC D3 9F 05 03 7C 71 3D 42 DD 22 51 41 3D 9D 
 57 60 B4 76 16 A4 A7 E1 C4 43 1A 8C F6 C3 AA AD 
 62 2D 60 2A 35 CB 0C 20 8A DD 56 91 B2 CD 19 9D 
 34 3B 21 D3 F5 BB E6 0D 4A 09 13 24 34 5A ED DF 
 4F F7 B6 C1 5B 33 F4 A0 5A 35 F5 11 CA 99 59 FF 
 89 60 84 73 5D 97 2F 79 40 EB B1 ED 0B 5F 5C C2 
 AF CB 1A 6E 15 4C 7E 6D 98 04 9E 48 D4 76 C3 89 
 96 65 1B 78 67 B0 73 DC D4 DD 22 53 79 71 89 2F 
 6B 02 70 0B 83 7D 5F C8 E7 3F 3F 84 26 95 74 8D 
 18 6A F3 49 27 0E 44 53 55 EF 54 E1 76 70 12 3B 
 49 79 75 A7 CA 40 AE 3D 6E 8E 50 37 37 B9 92 49 
 7F B7 4A 54 AF 3F A6 87 CB 77 9A B6 66 E8 F7 B5 
 D3 48 F5 60 51 8B 02 F5 7D 32 E7 16 77 D7 A1 DF 
 52 5D BA C0 A4 6A F4 7B F3 36 BC A5 57 22 31 C3 
 8C D2 F7 54 DE AB 5E 95 3D E4 6B 57 7E DB 96 77 
 B6 17 82 85 02 2E FA 85 62 1C 35 ED 83 53 75 31 
 33 41 EE 62 DC 2D CE 11 04 89 AC 91 47 42 93 71 
 5A CA CD 92 5E F7 73 15 55 BC 65 8D EC 5B D5 45 
 12 F9 F4 A4 83 E3 3E A6 36 11 33 ED 86 67 82 53 
 79 AA 56 0F B5 31 42 F6 C8 23 C5 CF A8 54 80 69 
 8C 11 D6 93 7E 77 B1 7F 75 F4 F8 10 86 AF FD 76 
 11 80 DD A5 FB B6 3E DF 56 DD EC 91 F4 1E 16 F1 
 EB A5 32 D3 3B D4 97 84 FE A6 E0 29 C0 E2 
    IsEnEnabled(0x161 = 'ContextLoad'): 1
 SWTPM_IO_Write: length 14
 80 01 00 00 00 0E 00 00 00 00 02 00 00 00 
 SWTPM_IO_Read: length 131
 80 02 00 00 00 83 00 00 01 31 40 00 00 01 00 00 
 00 49 02 00 00 00 00 20 EF 6B 63 58 2D 07 0D 8B 
 43 9B 31 03 65 50 A2 89 49 7C 42 73 80 3C 47 1A 
 24 11 3D 92 32 3E 2B 6E 61 00 20 C9 F8 4D 3B 40 
 2A C8 3A 9C 38 D4 05 60 B3 8A 38 31 F5 AE 48 4B 
 62 96 94 41 F9 75 05 E0 E3 DA 51 00 04 F4 98 B1 
 2D 00 1A 00 23 00 0B 00 03 00 72 00 00 00 06 00 
 80 00 43 00 10 00 03 00 10 00 00 00 00 00 00 00 
 00 00 00 
    IsEnEnabled(0x131 = 'CreatePrimary'): 1
 SWTPM_IO_Write: length 378
 80 02 00 00 01 7A 00 00 00 00 80 00 00 00 00 00 
 01 23 00 5A 69 2E 59 27 3B 56 9A 24 31 A8 E9 99 
 15 C4 3C 5E 76 10 03 03 7F 91 AA 38 E0 B8 FA 78 
 68 C1 A1 88 83 27 04 0D F2 F6 BD 58 AD 4C 34 17 
 32 C4 01 FF AB D0 AC 7F 97 2D F4 9F 20 AD B8 FB 
 93 50 16 75 D6 98 BD B2 74 39 EA 7C CA FB 83 61 
 63 CA 74 1D 81 BF 33 0A BB 86 11 C4 01 69 00 37 
 00 00 00 00 00 20 E3 B0 C4 42 98 FC 1C 14 9A FB 
 F4 C8 99 6F B9 24 27 AE 41 E4 64 9B 93 4C A4 95 
 99 1B 78 52 B8 55 01 00 10 00 04 40 00 00 01 00 
 04 40 00 00 01 00 00 00 20 5D A0 41 BA C0 EE 31 
 35 AE BB 0C AD FB A4 97 C6 A1 87 7F AE 83 2D D3 
 D1 F8 F7 A8 71 B8 25 E8 54 80 21 40 00 00 01 00 
 40 ED B8 6A 00 B3 8E FC 84 CA BC A0 3D 03 1D F6 
 B4 D6 3C DC A6 AF 87 74 DF DB 1C 23 0E 30 A7 2F 
 A6 90 16 93 93 BA AA 0E FE 32 7F A1 C0 34 5E 94 
 FB 00 BE F4 AF E9 D6 73 BF 9D AF 7C 9B 3F 30 DB 
 B8 00 22 00 0B 9D EB C6 29 7B 08 4B 07 DA EC D1 
 D0 9F F9 BA 39 99 49 C1 64 F1 FF 99 82 AE 53 CD 
 EF F6 8D 9A 48 00 20 F7 06 11 B6 05 68 C5 A4 CF 
 45 DC B6 4B FC A4 66 E1 1B 3C 0E BF C4 77 8C 30 
 2E BF 0E 1D 32 FC D6 61 00 20 EF 5D E8 63 B5 F3 
 04 FA 7A 12 3D 40 AC DB A6 E3 3A 1E 43 94 BE FD 
 CB F5 8D C9 63 5E 39 F1 21 D0 
 SWTPM_IO_Read: length 14
 80 01 00 00 00 0E 00 00 01 62 80 00 00 00 
    IsEnEnabled(0x162 = 'ContextSave'): 1
 SWTPM_IO_Write: length 468
 80 01 00 00 01 D4 00 00 00 00 00 00 00 00 00 00 
 00 8B 80 00 00 00 40 00 00 01 01 B8 00 40 DF 30 
 47 BA 00 67 1C 4C 3E BA 77 21 83 EC CD FF 28 94 
 E8 FC 4C 72 04 F0 89 74 5F CE 7C 2C C4 12 41 85 
 D2 6E 11 F6 D4 5E D9 DE 59 9D 62 11 7D FB AD 0E 
 E0 8B C0 F0 E7 86 6A 3A 55 C1 2B 12 4F 8D C6 0D 
 CA 8D 31 C6 2F 32 EC 4E B9 D5 86 F0 D6 48 4E EA 
 C7 5B 87 2C C1 AB B9 2E 96 C9 AF 5E B3 C9 21 6E 
 91 AC 81 11 75 96 32 67 0A 3B FF C9 8D BE 40 CA 
 3B 4A 44 EC 57 43 E4 09 86 A4 56 44 6C 5A 95 54 
 6C B8 B3 DE A5 FC 4A AD 46 ED 34 05 9C C2 42 89 
 45 CA FE 40 DB 3E D7 64 50 0A B0 DA 5B FB 57 C3 
 0E 9F 71 71 A4 78 7B 2A 42 AF 28 05 67 CB EF 5E 
 F0 3E F5 26 E5 F8 9E 0C 70 3F 9A B3 95 7D 6F 2F 
 04 78 6B EA EC BF C1 8B 5E 6D 4E 6B 9D FF A5 BF 
 EB 14 73 19 08 F9 A0 8C 0D C0 02 B3 2C E1 64 D5 
 2E 40 EC C5 5E 90 25 C6 07 B4 EC 33 37 8D 12 D6 
 9D 34 3F A8 39 08 86 31 D1 53 03 FF C2 EC 92 EE 
 39 C0 CB F7 C3 A4 07 90 0F 58 21 9B 24 C9 DE 69 
 82 B2 59 09 AF CC A9 D5 BC FE 0D 6A 61 20 3A 45 
 11 68 4E 68 8E B1 BC 4C 4C 25 20 3E F3 44 FC 5F 
 72 9F 55 89 C3 E4 CD 1D 90 92 0B F3 A4 AD E9 B9 
 DE A6 5F 6D 17 19 C7 4D 4A 8E DE 04 2F 34 75 FC 
 FE A2 00 6F 3F 3F E5 B9 42 CF 2A C9 FE 7B 61 DE 
 91 76 06 EF 4B 46 33 EC 9B 8D D1 75 23 8E 35 41 
 A5 D4 71 C2 F1 36 D8 E0 32 B6 BB 6C 81 F0 82 35 
 4B EE 8B 05 2E 5A 85 49 22 67 51 64 AF 12 E6 EA 
 76 8C D0 D3 C6 2D 97 71 B0 FD CC D4 D4 D9 C5 41 
 2C 10 57 64 16 AA 25 FF 6B 2E EA 8B 18 09 C1 EB 
 88 95 4F E8 
 SWTPM_IO_Read: length 14
 80 01 00 00 00 0E 00 00 01 65 80 00 00 00 
    IsEnEnabled(0x165 = 'FlushContext'): 1
 SWTPM_IO_Write: length 10
 80 01 00 00 00 0A 00 00 00 00 
 SWTPM_IO_Read: length 14
 80 01 00 00 00 0E 00 00 01 62 02 00 00 00 
    IsEnEnabled(0x162 = 'ContextSave'): 1
 SWTPM_IO_Write: length 414
 80 01 00 00 01 9E 00 00 00 00 00 00 00 00 00 00 
 00 74 02 00 00 00 40 00 00 07 01 82 00 40 1D 1E 
 C1 76 F3 9B 0F 9C 1C 5D 15 2B 5B BA 83 C3 64 E0 
 41 9A 32 91 F2 BD 36 66 3D 7D 09 B7 A9 F0 AE BE 
 AD A1 89 7F CE 97 AD 66 9E A8 13 3D 2B 39 30 0B 
 F5 8A 24 E3 29 2B 99 80 65 EB C5 55 CE CD 14 34 
 B8 75 0F 60 1D C4 D9 BE E9 C3 88 49 BC 87 CA C2 
 08 6E A2 F0 B3 D7 0E FC 22 E5 17 B8 43 8C 5A 51 
 D0 C4 B2 B9 B3 A3 72 47 80 F9 72 99 1D A1 8C CF 
 BA 75 BF F0 0D 32 63 94 92 75 36 97 20 74 C2 E3 
 AC DD DF B7 93 FD 5A BB 75 9D DD DC A3 79 ED FF 
 20 11 4D B1 4D 50 36 42 5F B2 D4 11 69 35 D2 CD 
 5C 01 39 93 D7 F0 86 1A E6 84 8F 05 59 6B E7 E1 
 1A 4E B0 F7 9A 3A 93 B3 08 57 59 DC 4D 6A 3C 36 
 E3 67 66 07 68 FE 1A F4 CC 7B E8 13 46 9E F8 8A 
 0D E5 5F 22 63 2C D1 72 4F CB BC 52 AB 2E F5 88 
 3F 69 E4 EB CA 2D B3 84 15 3A E7 1D 71 4D 47 B3 
 25 34 70 3B 2B 1F C0 61 14 33 D6 E2 80 48 5C 91 
 65 BD CA A6 00 DF 9D 6F FA 04 B8 82 D9 A5 1F 5B 
 D3 A9 69 9E A3 4D 47 DB D2 D9 A1 39 D6 79 F1 37 
 EC 18 C6 74 7D F2 40 E4 32 28 3F 9D A7 2F 4F 61 
 1C 61 40 79 8F 60 57 47 DC 4D C9 F1 C8 09 73 59 
 93 02 7D C8 A9 A2 9E EF 1D 8E 93 E1 10 3E 06 FA 
 4E 98 8F 64 54 AD F2 14 95 57 F2 46 C2 FD 54 F5 
 DC 81 98 6D B0 4D 1E F0 12 15 71 F1 98 E0 DE 68 
 58 9E 40 FA 84 60 21 75 FC D6 D2 40 C3 79 
 SWTPM_IO_Read: length 468
 80 01 00 00 01 D4 00 00 01 61 00 00 00 00 00 00 
 00 8B 80 00 00 00 40 00 00 01 01 B8 00 40 DF 30 
 47 BA 00 67 1C 4C 3E BA 77 21 83 EC CD FF 28 94 
 E8 FC 4C 72 04 F0 89 74 5F CE 7C 2C C4 12 41 85 
 D2 6E 11 F6 D4 5E D9 DE 59 9D 62 11 7D FB AD 0E 
 E0 8B C0 F0 E7 86 6A 3A 55 C1 2B 12 4F 8D C6 0D 
 CA 8D 31 C6 2F 32 EC 4E B9 D5 86 F0 D6 48 4E EA 
 C7 5B 87 2C C1 AB B9 2E 96 C9 AF 5E B3 C9 21 6E 
 91 AC 81 11 75 96 32 67 0A 3B FF C9 8D BE 40 CA 
 3B 4A 44 EC 57 43 E4 09 86 A4 56 44 6C 5A 95 54 
 6C B8 B3 DE A5 FC 4A AD 46 ED 34 05 9C C2 42 89 
 45 CA FE 40 DB 3E D7 64 50 0A B0 DA 5B FB 57 C3 
 0E 9F 71 71 A4 78 7B 2A 42 AF 28 05 67 CB EF 5E 
 F0 3E F5 26 E5 F8 9E 0C 70 3F 9A B3 95 7D 6F 2F 
 04 78 6B EA EC BF C1 8B 5E 6D 4E 6B 9D FF A5 BF 
 EB 14 73 19 08 F9 A0 8C 0D C0 02 B3 2C E1 64 D5 
 2E 40 EC C5 5E 90 25 C6 07 B4 EC 33 37 8D 12 D6 
 9D 34 3F A8 39 08 86 31 D1 53 03 FF C2 EC 92 EE 
 39 C0 CB F7 C3 A4 07 90 0F 58 21 9B 24 C9 DE 69 
 82 B2 59 09 AF CC A9 D5 BC FE 0D 6A 61 20 3A 45 
 11 68 4E 68 8E B1 BC 4C 4C 25 20 3E F3 44 FC 5F 
 72 9F 55 89 C3 E4 CD 1D 90 92 0B F3 A4 AD E9 B9 
 DE A6 5F 6D 17 19 C7 4D 4A 8E DE 04 2F 34 75 FC 
 FE A2 00 6F 3F 3F E5 B9 42 CF 2A C9 FE 7B 61 DE 
 91 76 06 EF 4B 46 33 EC 9B 8D D1 75 23 8E 35 41 
 A5 D4 71 C2 F1 36 D8 E0 32 B6 BB 6C 81 F0 82 35 
 4B EE 8B 05 2E 5A 85 49 22 67 51 64 AF 12 E6 EA 
 76 8C D0 D3 C6 2D 97 71 B0 FD CC D4 D4 D9 C5 41 
 2C 10 57 64 16 AA 25 FF 6B 2E EA 8B 18 09 C1 EB 
 88 95 4F E8 
    IsEnEnabled(0x161 = 'ContextLoad'): 1
 SWTPM_IO_Write: length 14
 80 01 00 00 00 0E 00 00 00 00 80 00 00 00 
 SWTPM_IO_Read: length 414
 80 01 00 00 01 9E 00 00 01 61 00 00 00 00 00 00 
 00 74 02 00 00 00 40 00 00 07 01 82 00 40 1D 1E 
 C1 76 F3 9B 0F 9C 1C 5D 15 2B 5B BA 83 C3 64 E0 
 41 9A 32 91 F2 BD 36 66 3D 7D 09 B7 A9 F0 AE BE 
 AD A1 89 7F CE 97 AD 66 9E A8 13 3D 2B 39 30 0B 
 F5 8A 24 E3 29 2B 99 80 65 EB C5 55 CE CD 14 34 
 B8 75 0F 60 1D C4 D9 BE E9 C3 88 49 BC 87 CA C2 
 08 6E A2 F0 B3 D7 0E FC 22 E5 17 B8 43 8C 5A 51 
 D0 C4 B2 B9 B3 A3 72 47 80 F9 72 99 1D A1 8C CF 
 BA 75 BF F0 0D 32 63 94 92 75 36 97 20 74 C2 E3 
 AC DD DF B7 93 FD 5A BB 75 9D DD DC A3 79 ED FF 
 20 11 4D B1 4D 50 36 42 5F B2 D4 11 69 35 D2 CD 
 5C 01 39 93 D7 F0 86 1A E6 84 8F 05 59 6B E7 E1 
 1A 4E B0 F7 9A 3A 93 B3 08 57 59 DC 4D 6A 3C 36 
 E3 67 66 07 68 FE 1A F4 CC 7B E8 13 46 9E F8 8A 
 0D E5 5F 22 63 2C D1 72 4F CB BC 52 AB 2E F5 88 
 3F 69 E4 EB CA 2D B3 84 15 3A E7 1D 71 4D 47 B3 
 25 34 70 3B 2B 1F C0 61 14 33 D6 E2 80 48 5C 91 
 65 BD CA A6 00 DF 9D 6F FA 04 B8 82 D9 A5 1F 5B 
 D3 A9 69 9E A3 4D 47 DB D2 D9 A1 39 D6 79 F1 37 
 EC 18 C6 74 7D F2 40 E4 32 28 3F 9D A7 2F 4F 61 
 1C 61 40 79 8F 60 57 47 DC 4D C9 F1 C8 09 73 59 
 93 02 7D C8 A9 A2 9E EF 1D 8E 93 E1 10 3E 06 FA 
 4E 98 8F 64 54 AD F2 14 95 57 F2 46 C2 FD 54 F5 
 DC 81 98 6D B0 4D 1E F0 12 15 71 F1 98 E0 DE 68 
 58 9E 40 FA 84 60 21 75 FC D6 D2 40 C3 79 
    IsEnEnabled(0x161 = 'ContextLoad'): 1
 SWTPM_IO_Write: length 14
 80 01 00 00 00 0E 00 00 00 00 02 00 00 00 
 SWTPM_IO_Read: length 14
 80 01 00 00 00 0E 00 00 01 65 02 00 00 00 
    IsEnEnabled(0x165 = 'FlushContext'): 1
 SWTPM_IO_Write: length 10
 80 01 00 00 00 0A 00 00 00 00 
 SWTPM_IO_Read: length 14
 80 01 00 00 00 0E 00 00 01 62 80 00 00 00 
    IsEnEnabled(0x162 = 'ContextSave'): 1
 SWTPM_IO_Write: length 468
 80 01 00 00 01 D4 00 00 00 00 00 00 00 00 00 00 
 00 8C 80 00 00 00 40 00 00 01 01 B8 00 40 F0 F3 
 9D 59 7D 6F 88 36 DF 13 98 BF 77 6B 7D 02 15 58 
 74 11 90 A6 02 69 D3 B9 24 06 60 74 C5 6B 0A F6 
 A9 05 1A 91 1F 61 EE 49 4B CD CB 19 EB 83 78 EF 
 F9 1B F6 C1 5C 20 A2 7C 8A 0E C0 2B 5E 20 AC 30 
 EE 17 8A CC CA 4F 81 2D D9 D3 08 BF 46 57 6D 48 
 A7 B8 5D 2F 4B 68 42 BF 8F 1F 82 C0 C4 F9 62 15 
 FE 7E F2 BD 25 C6 35 5B 8A 43 27 2F EE A8 E5 EE 
 50 D9 64 78 62 FB 51 B8 D9 DF B8 8E 9B 3A 42 C6 
 76 25 A6 BD 19 78 EC 68 3C 70 01 4A 3E 16 6F 65 
 56 38 DE 3A 88 B5 8A 87 78 BD 7A F4 B5 4A 19 27 
 A0 86 1D 93 C6 0F 53 94 28 4B 37 27 82 45 F5 23 
 93 9A A9 69 6C 4E 88 3D 50 8A 68 99 9F 85 F1 7D 
 0A 74 E4 E0 F4 74 FE 78 2E AA 99 16 A5 FB BD 5F 
 93 FA BE D0 A5 C9 B5 82 36 2C F6 7D DA AA 28 4F 
 5B 92 FD CD 08 0B 84 19 77 6D 6B 8F 9C 81 F8 8B 
 F4 4C 30 15 EE 83 55 C5 A1 E0 E3 EE 60 C8 FC 36 
 A1 FE 40 F6 DA BE FD 0C BE 7B FB 87 BB 5D 16 1E 
 B1 29 C1 54 B3 4D 30 BE 56 5D E7 B0 97 BA D3 C2 
 07 21 B2 70 64 93 BE CF 5D 5E B4 9F 5B E9 F0 75 
 D3 1D 08 D2 3E A4 D1 9B 66 1C C5 96 0F 49 F1 00 
 BB 0B 26 E4 63 DF F6 B8 E3 C2 EE 24 EA E7 16 14 
 52 F0 7E 70 41 88 55 5C C5 57 A8 C2 51 57 3E 02 
 61 FA E2 C6 59 94 92 D8 30 07 DF DA 26 2D 6E F4 
 B3 8D C5 EB FD EF E2 5D 0F 05 6D 0E 0C 63 37 86 
 55 9E 81 BF 3C 49 D1 9A 1E 6F B5 44 AD D2 B7 2B 
 C5 1E 78 81 90 A3 D2 3E 7F 88 9F 30 D9 DC 22 A1 
 80 C3 FA BF 48 10 08 0A DA 46 B1 9F 37 F3 99 DE 
 FF C7 77 EA 
 SWTPM_IO_Read: length 14
 80 01 00 00 00 0E 00 00 01 65 80 00 00 00 
    IsEnEnabled(0x165 = 'FlushContext'): 1
 SWTPM_IO_Write: length 10
 80 01 00 00 00 0A 00 00 00 00 
 SWTPM_IO_Read: length 14
 80 01 00 00 00 0E 00 00 01 62 02 00 00 00 
    IsEnEnabled(0x162 = 'ContextSave'): 1
 SWTPM_IO_Write: length 10
 80 01 00 00 00 0A 00 00 09 10 
 SWTPM_IO_Read: length 468
 80 01 00 00 01 D4 00 00 01 61 00 00 00 00 00 00 
 00 8C 80 00 00 00 40 00 00 01 01 B8 00 40 F0 F3 
 9D 59 7D 6F 88 36 DF 13 98 BF 77 6B 7D 02 15 58 
 74 11 90 A6 02 69 D3 B9 24 06 60 74 C5 6B 0A F6 
 A9 05 1A 91 1F 61 EE 49 4B CD CB 19 EB 83 78 EF 
 F9 1B F6 C1 5C 20 A2 7C 8A 0E C0 2B 5E 20 AC 30 
 EE 17 8A CC CA 4F 81 2D D9 D3 08 BF 46 57 6D 48 
 A7 B8 5D 2F 4B 68 42 BF 8F 1F 82 C0 C4 F9 62 15 
 FE 7E F2 BD 25 C6 35 5B 8A 43 27 2F EE A8 E5 EE 
 50 D9 64 78 62 FB 51 B8 D9 DF B8 8E 9B 3A 42 C6 
 76 25 A6 BD 19 78 EC 68 3C 70 01 4A 3E 16 6F 65 
 56 38 DE 3A 88 B5 8A 87 78 BD 7A F4 B5 4A 19 27 
 A0 86 1D 93 C6 0F 53 94 28 4B 37 27 82 45 F5 23 
 93 9A A9 69 6C 4E 88 3D 50 8A 68 99 9F 85 F1 7D 
 0A 74 E4 E0 F4 74 FE 78 2E AA 99 16 A5 FB BD 5F 
 93 FA BE D0 A5 C9 B5 82 36 2C F6 7D DA AA 28 4F 
 5B 92 FD CD 08 0B 84 19 77 6D 6B 8F 9C 81 F8 8B 
 F4 4C 30 15 EE 83 55 C5 A1 E0 E3 EE 60 C8 FC 36 
 A1 FE 40 F6 DA BE FD 0C BE 7B FB 87 BB 5D 16 1E 
 B1 29 C1 54 B3 4D 30 BE 56 5D E7 B0 97 BA D3 C2 
 07 21 B2 70 64 93 BE CF 5D 5E B4 9F 5B E9 F0 75 
 D3 1D 08 D2 3E A4 D1 9B 66 1C C5 96 0F 49 F1 00 
 BB 0B 26 E4 63 DF F6 B8 E3 C2 EE 24 EA E7 16 14 
 52 F0 7E 70 41 88 55 5C C5 57 A8 C2 51 57 3E 02 
 61 FA E2 C6 59 94 92 D8 30 07 DF DA 26 2D 6E F4 
 B3 8D C5 EB FD EF E2 5D 0F 05 6D 0E 0C 63 37 86 
 55 9E 81 BF 3C 49 D1 9A 1E 6F B5 44 AD D2 B7 2B 
 C5 1E 78 81 90 A3 D2 3E 7F 88 9F 30 D9 DC 22 A1 
 80 C3 FA BF 48 10 08 0A DA 46 B1 9F 37 F3 99 DE 
 FF C7 77 EA 
    IsEnEnabled(0x161 = 'ContextLoad'): 1
 SWTPM_IO_Write: length 14
 80 01 00 00 00 0E 00 00 00 00 80 00 00 00 
 SWTPM_IO_Read: length 63
 80 01 00 00 00 3F 00 00 01 76 40 00 00 07 40 00 
 00 07 00 20 72 55 7E 07 8C 8D 71 8E 3E F0 5D 59 
 5E 83 94 4B 04 34 09 52 FC 3C 0B 34 55 DB E8 97 
 80 76 E6 69 00 00 00 00 06 00 80 00 43 00 0B 
    IsEnEnabled(0x176 = 'StartAuthSession'): 1
 SWTPM_IO_Write: length 48
 80 01 00 00 00 30 00 00 00 00 02 00 00 00 00 20 
 E7 F8 BE 1F 02 7E 24 4A A4 05 47 40 3C 03 41 45 
 E2 1F 82 B2 EB 90 B6 39 FF 31 00 C9 38 0A 37 3C 
 SWTPM_IO_Read: length 14
 80 01 00 00 00 0E 00 00 01 62 80 00 00 00 
    IsEnEnabled(0x162 = 'ContextSave'): 1
 SWTPM_IO_Write: length 468
 80 01 00 00 01 D4 00 00 00 00 00 00 00 00 00 00 
 00 8D 80 00 00 00 40 00 00 01 01 B8 00 40 5F 69 
 1E 88 B5 5B FD EC 11 F1 F9 E0 F3 D5 8C B7 76 86 
 41 EF 1D 97 AB A8 04 B2 8B 3E 54 91 E8 97 A4 66 
 1F 9A D9 37 CF 9B 54 9B 15 E0 A7 DE FB 11 2E 70 
 D9 C0 C3 95 1B 3F B3 EE 38 E5 36 C6 35 69 54 CF 
 B5 D3 98 7F FF BB 60 16 6E 78 56 A6 2A 92 9B 9C 
 FF 77 C6 AA 9C D2 FD 24 0A B5 DB 5B 77 CD E0 EA 
 0C 6F 4E DF 4B F2 73 CE 64 0E FE DF 38 EE 99 2D 
 DB BB F5 DE 5F CE 1C D8 FB 81 66 2C C8 FC 66 C1 
 9B 1C 34 92 FA EA EC 7E FD 0A 8F C1 F0 40 7E 12 
 31 15 D3 4F 34 89 9C 42 71 CF 26 E9 C5 84 BE 3F 
 2A 80 20 32 FB E7 45 95 16 A4 E3 60 3E 78 AE 41 
 7F 9A 08 EE EC 03 03 CB B1 5A 31 9D 74 C7 BB 3F 
 39 A9 A5 50 00 E7 1C CC A4 39 B4 CF AC B3 59 08 
 E9 F8 8B 63 C0 7A EA F3 FB B5 A6 3F 32 F7 30 3E 
 86 9F 5F 91 28 A8 4C 0E 9F D9 F3 65 5B 79 7C BF 
 4C 44 69 02 7C EA 0A 80 F1 A9 E4 BE 09 6D A1 AB 
 22 06 B5 C3 96 10 D9 F9 84 35 A9 E9 B0 45 35 61 
 BA 74 27 E2 ED 2C EC 4A 6A 40 B2 35 9E E6 16 E0 
 DA 27 6C AB C1 34 16 E7 47 04 2D 63 77 E9 B2 8A 
 46 26 9D 9B 2A D9 2C CF 31 E5 04 A8 D4 F1 18 66 
 C9 A9 DE 12 6C F5 4D F7 1B 64 81 C4 2B 13 E7 2F 
 54 24 84 84 DF 96 37 8D F8 FC 84 33 C4 C5 6D 4E 
 42 26 4D 5B DE 7C D6 2C 84 3D 5B E1 CE C3 9B 45 
 C3 C4 09 5C 0E 73 47 12 B7 BA 97 36 6A D8 00 F5 
 C0 55 6E D6 02 32 BE 6B 59 B5 5F 89 2F FC A6 85 
 A7 66 F6 92 68 14 AE 86 CB 9B CC 7A 2E 19 51 E8 
 80 63 06 72 DC 38 B3 5D FF 66 7C 24 06 65 82 F2 
 40 03 50 65 
 SWTPM_IO_Read: length 14
 80 01 00 00 00 0E 00 00 01 65 80 00 00 00 
    IsEnEnabled(0x165 = 'FlushContext'): 1
 SWTPM_IO_Write: length 10
 80 01 00 00 00 0A 00 00 00 00 
 SWTPM_IO_Read: length 14
 80 01 00 00 00 0E 00 00 01 62 02 00 00 00 
    IsEnEnabled(0x162 = 'ContextSave'): 1
 SWTPM_IO_Write: length 414
 80 01 00 00 01 9E 00 00 00 00 00 00 00 00 00 00 
 00 75 02 00 00 00 40 00 00 07 01 82 00 40 17 AC 
 FC E9 68 78 5A 18 03 DF D4 24 B0 30 14 2B 4F 98 
 87 C5 40 3F 90 01 F3 12 13 C7 DE EC BD 4E FD 26 
 77 97 8F EE 26 C5 B6 24 37 E3 C1 BF F1 1D 29 69 
 5C DA CA 95 68 07 07 4D 14 F9 C9 B1 5F 72 0F 18 
 50 80 8F DC 13 41 D3 BB 92 6D 7F 0B 5A 77 30 8E 
 FA 82 00 56 49 B5 DF 4E BC CE C8 F8 44 6F 6F 09 
 A3 93 E2 7B 85 70 4D 84 B8 53 4D C1 4A 5A 87 3F 
 48 A6 33 EB 01 43 B7 56 EF 08 03 4C D6 7F 5B 7D 
 31 BF 73 69 29 6E FC FB 17 C9 E8 81 DF FA C0 68 
 3A DE 73 A0 58 0D 55 6D 78 BA 57 B3 CD 82 79 3B 
 09 F0 D7 A5 7F 2A 9E 15 D0 C1 3C 72 6C 81 B2 57 
 6E 34 C0 D9 85 74 8F F7 7A E3 30 BF B6 5F 52 DB 
 54 E2 D3 3D 3E B1 49 6A 70 AC 08 1C F6 0B 8B 3B 
 73 47 83 9C C1 9E 39 F8 0F B2 53 5D 2A C0 A3 74 
 08 76 CB 18 3F 76 28 BC F5 29 78 77 BF 80 38 A6 
 8A 3B A8 DE A6 4F 43 03 20 71 8E 15 D7 89 53 66 
 CD D8 0D E4 90 5F ED DD 3D B6 C4 AF 5A F7 0E 15 
 59 06 03 1D 6B 04 88 0F 38 EF 7E 45 9D 84 52 A3 
 6E AC 99 83 34 2D ED 3C 6B B8 E0 4B F9 78 E0 3C 
 C6 A1 0D 47 4F 37 8F D1 8A 77 B8 0C 65 AC 77 73 
 C7 AF 0D 31 E5 C1 E6 48 D0 12 A7 6D 91 A7 57 3B 
 42 AB A4 5A 57 6B 7A 27 53 98 75 FB 44 83 53 F3 
 E8 F9 A9 C5 D4 05 63 FB BD 0D B9 E3 67 62 81 20 
 AC B3 27 94 AD 13 E2 97 10 E7 EF 0C 9B 6E 
 SWTPM_IO_Read: length 468
 80 01 00 00 01 D4 00 00 01 61 00 00 00 00 00 00 
 00 8D 80 00 00 00 40 00 00 01 01 B8 00 40 5F 69 
 1E 88 B5 5B FD EC 11 F1 F9 E0 F3 D5 8C B7 76 86 
 41 EF 1D 97 AB A8 04 B2 8B 3E 54 91 E8 97 A4 66 
 1F 9A D9 37 CF 9B 54 9B 15 E0 A7 DE FB 11 2E 70 
 D9 C0 C3 95 1B 3F B3 EE 38 E5 36 C6 35 69 54 CF 
 B5 D3 98 7F FF BB 60 16 6E 78 56 A6 2A 92 9B 9C 
 FF 77 C6 AA 9C D2 FD 24 0A B5 DB 5B 77 CD E0 EA 
 0C 6F 4E DF 4B F2 73 CE 64 0E FE DF 38 EE 99 2D 
 DB BB F5 DE 5F CE 1C D8 FB 81 66 2C C8 FC 66 C1 
 9B 1C 34 92 FA EA EC 7E FD 0A 8F C1 F0 40 7E 12 
 31 15 D3 4F 34 89 9C 42 71 CF 26 E9 C5 84 BE 3F 
 2A 80 20 32 FB E7 45 95 16 A4 E3 60 3E 78 AE 41 
 7F 9A 08 EE EC 03 03 CB B1 5A 31 9D 74 C7 BB 3F 
 39 A9 A5 50 00 E7 1C CC A4 39 B4 CF AC B3 59 08 
 E9 F8 8B 63 C0 7A EA F3 FB B5 A6 3F 32 F7 30 3E 
 86 9F 5F 91 28 A8 4C 0E 9F D9 F3 65 5B 79 7C BF 
 4C 44 69 02 7C EA 0A 80 F1 A9 E4 BE 09 6D A1 AB 
 22 06 B5 C3 96 10 D9 F9 84 35 A9 E9 B0 45 35 61 
 BA 74 27 E2 ED 2C EC 4A 6A 40 B2 35 9E E6 16 E0 
 DA 27 6C AB C1 34 16 E7 47 04 2D 63 77 E9 B2 8A 
 46 26 9D 9B 2A D9 2C CF 31 E5 04 A8 D4 F1 18 66 
 C9 A9 DE 12 6C F5 4D F7 1B 64 81 C4 2B 13 E7 2F 
 54 24 84 84 DF 96 37 8D F8 FC 84 33 C4 C5 6D 4E 
 42 26 4D 5B DE 7C D6 2C 84 3D 5B E1 CE C3 9B 45 
 C3 C4 09 5C 0E 73 47 12 B7 BA 97 36 6A D8 00 F5 
 C0 55 6E D6 02 32 BE 6B 59 B5 5F 89 2F FC A6 85 
 A7 66 F6 92 68 14 AE 86 CB 9B CC 7A 2E 19 51 E8 
 80 63 06 72 DC 38 B3 5D FF 66 7C 24 06 65 82 F2 
 40 03 50 65 
    IsEnEnabled(0x161 = 'ContextLoad'): 1
 SWTPM_IO_Write: length 14
 80 01 00 00 00 0E 00 00 00 00 80 00 00 00 
 SWTPM_IO_Read: length 414
 80 01 00 00 01 9E 00 00 01 61 00 00 00 00 00 00 
 00 75 02 00 00 00 40 00 00 07 01 82 00 40 17 AC 
 FC E9 68 78 5A 18 03 DF D4 24 B0 30 14 2B 4F 98 
 87 C5 40 3F 90 01 F3 12 13 C7 DE EC BD 4E FD 26 
 77 97 8F EE 26 C5 B6 24 37 E3 C1 BF F1 1D 29 69 
 5C DA CA 95 68 07 07 4D 14 F9 C9 B1 5F 72 0F 18 
 50 80 8F DC 13 41 D3 BB 92 6D 7F 0B 5A 77 30 8E 
 FA 82 00 56 49 B5 DF 4E BC CE C8 F8 44 6F 6F 09 
 A3 93 E2 7B 85 70 4D 84 B8 53 4D C1 4A 5A 87 3F 
 48 A6 33 EB 01 43 B7 56 EF 08 03 4C D6 7F 5B 7D 
 31 BF 73 69 29 6E FC FB 17 C9 E8 81 DF FA C0 68 
 3A DE 73 A0 58 0D 55 6D 78 BA 57 B3 CD 82 79 3B 
 09 F0 D7 A5 7F 2A 9E 15 D0 C1 3C 72 6C 81 B2 57 
 6E 34 C0 D9 85 74 8F F7 7A E3 30 BF B6 5F 52 DB 
 54 E2 D3 3D 3E B1 49 6A 70 AC 08 1C F6 0B 8B 3B 
 73 47 83 9C C1 9E 39 F8 0F B2 53 5D 2A C0 A3 74 
 08 76 CB 18 3F 76 28 BC F5 29 78 77 BF 80 38 A6 
 8A 3B A8 DE A6 4F 43 03 20 71 8E 15 D7 89 53 66 
 CD D8 0D E4 90 5F ED DD 3D B6 C4 AF 5A F7 0E 15 
 59 06 03 1D 6B 04 88 0F 38 EF 7E 45 9D 84 52 A3 
 6E AC 99 83 34 2D ED 3C 6B B8 E0 4B F9 78 E0 3C 
 C6 A1 0D 47 4F 37 8F D1 8A 77 B8 0C 65 AC 77 73 
 C7 AF 0D 31 E5 C1 E6 48 D0 12 A7 6D 91 A7 57 3B 
 42 AB A4 5A 57 6B 7A 27 53 98 75 FB 44 83 53 F3 
 E8 F9 A9 C5 D4 05 63 FB BD 0D B9 E3 67 62 81 20 
 AC B3 27 94 AD 13 E2 97 10 E7 EF 0C 9B 6E 
    IsEnEnabled(0x161 = 'ContextLoad'): 1
 SWTPM_IO_Write: length 14
 80 01 00 00 00 0E 00 00 00 00 02 00 00 00 
 SWTPM_IO_Read: length 362
 80 02 00 00 01 6A 00 00 01 57 80 00 00 00 00 00 
 00 49 02 00 00 00 00 20 73 D2 3E DA 6A 6E A7 42 
 63 2B 4A EB AD 75 C6 69 18 9D 3A F9 06 CD 28 79 
 12 C7 FC A5 69 C6 27 8D 61 00 20 7A 46 93 01 7B 
 93 27 5C B5 1C CA B9 77 2B 8F DC AB A5 B7 A8 83 
 B6 10 B5 CE 50 95 34 9A C3 9A 91 00 DD 9B 83 F3 
 71 5D C6 7D 5A 5B C4 AD 1D B2 62 5B E6 31 4A 56 
 36 03 A3 30 C4 57 1B 93 FD 51 46 1C 30 A3 08 49 
 1C 74 90 BE 86 49 31 D9 25 B3 3F 55 4F 97 6E 92 
 CF F9 A4 8F 2A 42 DB 1F B5 2F 49 BA 7F 12 01 C0 
 BE 0D A5 EB B0 4B 2C 3D E7 E8 05 03 C9 C0 9E 51 
 C0 AA FF C8 76 17 EF F0 17 30 E9 6F 6E 77 B8 5E 
 68 9C DA B0 84 59 63 24 A0 69 DB FA E7 78 D9 82 
 86 8C 0E 1F E1 FC C4 2E 2D F8 E6 C2 61 56 9D 0A 
 B0 B6 12 E2 5E 92 EB C1 85 F5 65 DC A7 13 49 29 
 55 6C E3 1B 5F 12 5F BB A6 9F 97 2D 8B 92 44 91 
 96 93 83 EA DB 1D FB C9 6B EA F0 9B 44 9E 91 E9 
 D6 24 10 65 04 CE EC F4 3A 19 22 75 95 68 4B 5F 
 0E 34 86 AD C6 48 26 16 DF C9 3A D4 0A 5B 37 BA 
 94 72 0F 51 85 A5 18 5D 5E DC 00 2E 00 08 00 0B 
 00 00 04 D2 00 00 00 10 00 20 32 C0 BD 74 92 91 
 1E 29 C9 B2 2E F3 0E 5A 41 CD 73 D7 0A F3 FF 4B 
 B0 3B CA 10 0D 61 83 E1 61 3C 
    IsEnEnabled(0x157 = 'Load'): 1
 SWTPM_IO_Write: length 123
 80 02 00 00 00 7B 00 00 00 00 80 00 00 01 00 00 
 00 24 00 22 1B E5 1B 79 E3 5A 6A E0 AE A4 3B 4C 
 3B 48 43 2C 72 35 25 7D 71 D6 52 31 94 D0 16 FE 
 77 0C 46 F9 C8 07 00 20 DF F0 36 33 BE 3D C5 45 
 42 26 06 37 0F 92 07 1C 61 B6 D3 D4 DF 5F 44 A9 
 0D 0D C9 97 AD 43 67 74 61 00 20 06 21 DD DE F5 
 68 99 DA 00 FE FE AA DC 6F DD 21 66 D0 4E 9D D2 
 50 49 AA E5 4C 8E C5 A3 94 C8 12 
 SWTPM_IO_Read: length 14
 80 01 00 00 00 0E 00 00 01 62 80 00 00 00 
    IsEnEnabled(0x162 = 'ContextSave'): 1
 SWTPM_IO_Write: length 468
 80 01 00 00 01 D4 00 00 00 00 00 00 00 00 00 00 
 00 8E 80 00 00 00 40 00 00 01 01 B8 00 40 40 83 
 91 3D 86 A4 B5 CD 35 C6 C2 E9 3F B0 35 FC E0 67 
 CD 9E 69 43 77 AD D3 F4 22 B6 23 30 14 32 8D 9F 
 6F BC 02 2D 12 4E AF 47 63 88 6B 77 B4 DE 98 94 
 CD 67 DC 4D 6E 71 74 22 E6 69 91 6C 10 1F 35 14 
 A3 47 67 F6 FE 1C C0 F3 54 EF FF D2 2A 82 E6 5C 
 12 10 DD 10 D0 1E 4D 0E 54 79 39 6F 6A 98 F9 80 
 A9 17 1D 65 FA C7 01 4D CC 69 4E E1 A7 BA 1A 34 
 09 11 37 45 1A 49 57 AE 0A 36 BE A6 0F D1 F8 EB 
 30 64 D4 DC AC 51 15 4E 22 24 5B D5 A7 CE 1C 40 
 A5 41 0B E6 4A 35 6E E4 A0 C6 12 13 33 98 52 67 
 A5 D7 0E 84 9C 34 09 0F 7A 71 D7 45 6B 92 C4 3D 
 52 5D D3 68 7E 65 D7 23 95 40 0B 31 FC F5 06 8F 
 2B BE E7 A6 57 C8 11 15 80 38 39 AF DE 6C A2 D5 
 BA 08 1C 0C EE 41 8E B8 AB D2 F5 B6 A7 28 93 02 
 E1 FF C8 A9 C5 CF C7 A8 1D C4 91 73 9F 60 B8 6F 
 06 52 28 A0 10 5B 22 54 D2 DF 47 E0 1F 86 EB 87 
 5A 4E DC A6 F3 6B 8D 0C 52 EC 17 80 38 A8 AE A1 
 73 80 96 BB 04 BB 65 36 DB 95 1D 33 00 F5 3E BC 
 CC BD 7F D8 52 C6 BD 86 6C 5F 69 E4 27 7C 17 D3 
 D7 5C AF 8C 47 A3 69 C0 24 E2 86 FA 01 17 EF 97 
 66 5E 4F 40 08 E7 96 0B 16 93 8B F6 74 65 5E 97 
 4D C7 01 69 51 22 A0 0C ED B5 BF D9 7C 87 35 26 
 74 3F FA 90 03 EC B7 C9 A0 BA 38 1D 4E 3F 1B 64 
 04 C3 6C E9 33 B9 22 32 D1 08 97 11 93 86 6E 9C 
 5D 98 2D 86 93 BC 96 C5 D3 9E 73 3C 03 96 8F 58 
 CB 31 47 5B 39 A7 60 7F 94 13 57 D2 32 11 D8 32 
 89 C2 4F 77 4A 56 B4 5B D7 64 7B 35 EE AE 1B DA 
 77 8F 82 D5 
 SWTPM_IO_Read: length 14
 80 01 00 00 00 0E 00 00 01 65 80 00 00 00 
    IsEnEnabled(0x165 = 'FlushContext'): 1
 SWTPM_IO_Write: length 10
 80 01 00 00 00 0A 00 00 00 00 
 SWTPM_IO_Read: length 14
 80 01 00 00 00 0E 00 00 01 62 80 00 00 01 
    IsEnEnabled(0x162 = 'ContextSave'): 1
 SWTPM_IO_Write: length 487
 80 01 00 00 01 E7 00 00 00 00 00 00 00 00 00 00 
 00 8F 80 00 00 00 40 00 00 01 01 CB 00 40 BC 58 
 AF 68 22 08 41 30 4E 75 4D 65 CA C2 99 D1 30 7A 
 B6 47 18 74 7D 66 49 6C 1E 9A 80 55 BC F8 62 F8 
 05 AF D9 AB 68 4E E8 5F 47 9B 16 6F B0 1E 7E B3 
 BA 7C 28 C8 99 AF CA 3A 34 7B 41 49 08 AB 6A AF 
 62 3B BA 73 5D E2 88 03 AA A5 31 D0 31 B2 65 11 
 E8 4C AE F2 1B EE 5E 5C D7 9E FA 22 85 90 D3 F1 
 CE F6 E0 4E 42 82 B1 A6 53 D6 13 74 35 86 D8 6E 
 68 35 F3 A3 1E FD 9D 9B 77 72 4C CF 34 41 CA 78 
 D1 EC 9A B9 D6 61 93 66 30 65 39 E9 28 FD 36 8B 
 9F B0 27 E2 DF F8 D4 2E 20 39 B8 E0 FF CE 6A E4 
 33 DA 90 0E 40 16 D0 02 6D 25 A7 06 33 0B 66 68 
 65 D8 C8 92 FA FC F0 97 10 39 2C 1E 82 86 D6 E8 
 A1 EE 8A A0 BA E2 18 A4 B8 D7 25 40 26 5F 9B 37 
 0F C1 F5 C3 9D 81 78 3A B0 8C 82 E5 44 23 82 0A 
 E6 C9 E7 9B BE D7 9A 7A 07 B8 08 34 0D 39 1E 9F 
 DA 68 05 7E C1 B7 DF F8 35 47 C6 DE A2 34 A6 DB 
 65 09 DE 65 CD 08 C4 4A CA 97 71 DC E9 AE 71 47 
 D7 E7 FF 6D DC 9F 87 90 2D 27 2D DD 16 13 C5 99 
 5D 1C 7D 88 B2 A7 6C 7B 62 E5 03 86 0B 92 24 AD 
 6F 34 4A 14 A8 16 0B 55 C3 01 93 09 C1 78 5B DB 
 29 66 40 19 85 6F 26 4A AF 26 37 EE 6A 5D 04 FD 
 2C 79 47 A0 EC 8E 9F 55 27 6A 7B 64 91 1A 68 B1 
 72 1E EE 9C 0C 2F C2 18 E5 A0 AA 81 A5 DD B4 C7 
 C9 1D 42 FE 1E 72 52 CB 9E 0B 44 7E 12 4A CF B7 
 C8 CB 32 DC D0 3B DC F4 0F 22 C9 C2 FF 6F 81 5D 
 71 A7 7A E6 D3 09 C4 B0 E4 D0 BB 45 BD 56 E0 0B 
 AF E0 77 7D 4B E5 5F E2 A8 E5 80 A2 97 8C B7 7D 
 77 38 69 9F 92 D6 58 57 11 DC 91 C6 22 84 FB C6 
 45 34 4D 88 92 D8 5D 
 SWTPM_IO_Read: length 14
 80 01 00 00 00 0E 00 00 01 65 80 00 00 01 
    IsEnEnabled(0x165 = 'FlushContext'): 1
 SWTPM_IO_Write: length 10
 80 01 00 00 00 0A 00 00 00 00 
 SWTPM_IO_Read: length 14
 80 01 00 00 00 0E 00 00 01 62 02 00 00 00 
    IsEnEnabled(0x162 = 'ContextSave'): 1
 SWTPM_IO_Write: length 414
 80 01 00 00 01 9E 00 00 00 00 00 00 00 00 00 00 
 00 76 02 00 00 00 40 00 00 07 01 82 00 40 CF C1 
 12 14 10 D8 19 3D 09 BD 90 F5 C0 97 1C 78 7F 87 
 9D B7 D2 78 8C 69 11 F4 F7 14 B8 0F 4E 05 84 3E 
 06 6B 4F 84 89 D0 FA 99 D5 35 D5 37 FE 2A 6A B9 
 AF 86 43 80 06 E5 EA 1C E8 49 3D 5C 69 1C C9 41 
 62 2E 53 22 8A 2F 38 CC EF F3 DB F2 E3 E7 2B 85 
 1A 6B 17 A0 95 59 DA 0E A6 97 D8 65 0D E1 2B 09 
 3D 59 2B A6 83 0E 22 8A E5 27 37 23 61 44 80 D9 
 F8 C6 D9 84 EA EB F0 93 89 A0 78 98 F0 F6 E6 4E 
 8C B6 D7 13 F1 FD 34 1C 82 63 7C BE B4 10 7E 79 
 27 BC 52 1E C6 3D DE E3 66 45 E1 BF 53 8D FF EA 
 5C 2B C2 AB E3 9D 60 D4 49 62 45 3A 68 C0 CF 71 
 50 D3 72 16 66 BA 1F 54 DE C2 14 45 4B 7B 4E DC 
 B8 02 70 8E CE F1 DD AA E4 3B E8 25 49 33 34 18 
 D5 9D 1D CD FC A0 6B 81 C9 5D 9B 5B FD E1 E8 57 
 42 F7 E4 41 1E 22 14 11 E9 92 33 D7 11 90 03 1D 
 1B 1B 4D 7F 07 B4 5C B3 A4 06 B8 13 CD 93 FB EA 
 EF B2 07 ED 99 D5 4C 30 16 93 41 18 90 03 95 5C 
 20 5F 67 A9 F5 18 9F E6 E3 7E FB 0B 4B 04 4A EA 
 B1 4F BF 06 56 57 2A C5 7C 4C 75 3B 08 75 80 7E 
 1E 35 56 22 4C 62 C4 08 63 DC 44 0F 2B C5 A9 A6 
 71 1C B3 78 B0 54 95 B7 55 A0 A5 4E 00 8E EC B4 
 D9 4D B1 A9 EC 79 29 91 23 58 95 03 A3 91 BA 28 
 A3 25 8A ED B1 1D F6 0B 64 FF 67 EB 05 81 7E 35 
 0F 52 2E 72 54 F7 00 E7 21 E9 76 43 C2 D9 
 SWTPM_IO_Read: length 468
 80 01 00 00 01 D4 00 00 01 61 00 00 00 00 00 00 
 00 8E 80 00 00 00 40 00 00 01 01 B8 00 40 40 83 
 91 3D 86 A4 B5 CD 35 C6 C2 E9 3F B0 35 FC E0 67 
 CD 9E 69 43 77 AD D3 F4 22 B6 23 30 14 32 8D 9F 
 6F BC 02 2D 12 4E AF 47 63 88 6B 77 B4 DE 98 94 
 CD 67 DC 4D 6E 71 74 22 E6 69 91 6C 10 1F 35 14 
 A3 47 67 F6 FE 1C C0 F3 54 EF FF D2 2A 82 E6 5C 
 12 10 DD 10 D0 1E 4D 0E 54 79 39 6F 6A 98 F9 80 
 A9 17 1D 65 FA C7 01 4D CC 69 4E E1 A7 BA 1A 34 
 09 11 37 45 1A 49 57 AE 0A 36 BE A6 0F D1 F8 EB 
 30 64 D4 DC AC 51 15 4E 22 24 5B D5 A7 CE 1C 40 
 A5 41 0B E6 4A 35 6E E4 A0 C6 12 13 33 98 52 67 
 A5 D7 0E 84 9C 34 09 0F 7A 71 D7 45 6B 92 C4 3D 
 52 5D D3 68 7E 65 D7 23 95 40 0B 31 FC F5 06 8F 
 2B BE E7 A6 57 C8 11 15 80 38 39 AF DE 6C A2 D5 
 BA 08 1C 0C EE 41 8E B8 AB D2 F5 B6 A7 28 93 02 
 E1 FF C8 A9 C5 CF C7 A8 1D C4 91 73 9F 60 B8 6F 
 06 52 28 A0 10 5B 22 54 D2 DF 47 E0 1F 86 EB 87 
 5A 4E DC A6 F3 6B 8D 0C 52 EC 17 80 38 A8 AE A1 
 73 80 96 BB 04 BB 65 36 DB 95 1D 33 00 F5 3E BC 
 CC BD 7F D8 52 C6 BD 86 6C 5F 69 E4 27 7C 17 D3 
 D7 5C AF 8C 47 A3 69 C0 24 E2 86 FA 01 17 EF 97 
 66 5E 4F 40 08 E7 96 0B 16 93 8B F6 74 65 5E 97 
 4D C7 01 69 51 22 A0 0C ED B5 BF D9 7C 87 35 26 
 74 3F FA 90 03 EC B7 C9 A0 BA 38 1D 4E 3F 1B 64 
 04 C3 6C E9 33 B9 22 32 D1 08 97 11 93 86 6E 9C 
 5D 98 2D 86 93 BC 96 C5 D3 9E 73 3C 03 96 8F 58 
 CB 31 47 5B 39 A7 60 7F 94 13 57 D2 32 11 D8 32 
 89 C2 4F 77 4A 56 B4 5B D7 64 7B 35 EE AE 1B DA 
 77 8F 82 D5 
    IsEnEnabled(0x161 = 'ContextLoad'): 1
 SWTPM_IO_Write: length 14
 80 01 00 00 00 0E 00 00 00 00 80 00 00 00 
 SWTPM_IO_Read: length 487
 80 01 00 00 01 E7 00 00 01 61 00 00 00 00 00 00 
 00 8F 80 00 00 00 40 00 00 01 01 CB 00 40 BC 58 
 AF 68 22 08 41 30 4E 75 4D 65 CA C2 99 D1 30 7A 
 B6 47 18 74 7D 66 49 6C 1E 9A 80 55 BC F8 62 F8 
 05 AF D9 AB 68 4E E8 5F 47 9B 16 6F B0 1E 7E B3 
 BA 7C 28 C8 99 AF CA 3A 34 7B 41 49 08 AB 6A AF 
 62 3B BA 73 5D E2 88 03 AA A5 31 D0 31 B2 65 11 
 E8 4C AE F2 1B EE 5E 5C D7 9E FA 22 85 90 D3 F1 
 CE F6 E0 4E 42 82 B1 A6 53 D6 13 74 35 86 D8 6E 
 68 35 F3 A3 1E FD 9D 9B 77 72 4C CF 34 41 CA 78 
 D1 EC 9A B9 D6 61 93 66 30 65 39 E9 28 FD 36 8B 
 9F B0 27 E2 DF F8 D4 2E 20 39 B8 E0 FF CE 6A E4 
 33 DA 90 0E 40 16 D0 02 6D 25 A7 06 33 0B 66 68 
 65 D8 C8 92 FA FC F0 97 10 39 2C 1E 82 86 D6 E8 
 A1 EE 8A A0 BA E2 18 A4 B8 D7 25 40 26 5F 9B 37 
 0F C1 F5 C3 9D 81 78 3A B0 8C 82 E5 44 23 82 0A 
 E6 C9 E7 9B BE D7 9A 7A 07 B8 08 34 0D 39 1E 9F 
 DA 68 05 7E C1 B7 DF F8 35 47 C6 DE A2 34 A6 DB 
 65 09 DE 65 CD 08 C4 4A CA 97 71 DC E9 AE 71 47 
 D7 E7 FF 6D DC 9F 87 90 2D 27 2D DD 16 13 C5 99 
 5D 1C 7D 88 B2 A7 6C 7B 62 E5 03 86 0B 92 24 AD 
 6F 34 4A 14 A8 16 0B 55 C3 01 93 09 C1 78 5B DB 
 29 66 40 19 85 6F 26 4A AF 26 37 EE 6A 5D 04 FD 
 2C 79 47 A0 EC 8E 9F 55 27 6A 7B 64 91 1A 68 B1 
 72 1E EE 9C 0C 2F C2 18 E5 A0 AA 81 A5 DD B4 C7 
 C9 1D 42 FE 1E 72 52 CB 9E 0B 44 7E 12 4A CF B7 
 C8 CB 32 DC D0 3B DC F4 0F 22 C9 C2 FF 6F 81 5D 
 71 A7 7A E6 D3 09 C4 B0 E4 D0 BB 45 BD 56 E0 0B 
 AF E0 77 7D 4B E5 5F E2 A8 E5 80 A2 97 8C B7 7D 
 77 38 69 9F 92 D6 58 57 11 DC 91 C6 22 84 FB C6 
 45 34 4D 88 92 D8 5D 
    IsEnEnabled(0x161 = 'ContextLoad'): 1
 SWTPM_IO_Write: length 14
 80 01 00 00 00 0E 00 00 00 00 80 00 00 01 
 SWTPM_IO_Read: length 414
 80 01 00 00 01 9E 00 00 01 61 00 00 00 00 00 00 
 00 76 02 00 00 00 40 00 00 07 01 82 00 40 CF C1 
 12 14 10 D8 19 3D 09 BD 90 F5 C0 97 1C 78 7F 87 
 9D B7 D2 78 8C 69 11 F4 F7 14 B8 0F 4E 05 84 3E 
 06 6B 4F 84 89 D0 FA 99 D5 35 D5 37 FE 2A 6A B9 
 AF 86 43 80 06 E5 EA 1C E8 49 3D 5C 69 1C C9 41 
 62 2E 53 22 8A 2F 38 CC EF F3 DB F2 E3 E7 2B 85 
 1A 6B 17 A0 95 59 DA 0E A6 97 D8 65 0D E1 2B 09 
 3D 59 2B A6 83 0E 22 8A E5 27 37 23 61 44 80 D9 
 F8 C6 D9 84 EA EB F0 93 89 A0 78 98 F0 F6 E6 4E 
 8C B6 D7 13 F1 FD 34 1C 82 63 7C BE B4 10 7E 79 
 27 BC 52 1E C6 3D DE E3 66 45 E1 BF 53 8D FF EA 
 5C 2B C2 AB E3 9D 60 D4 49 62 45 3A 68 C0 CF 71 
 50 D3 72 16 66 BA 1F 54 DE C2 14 45 4B 7B 4E DC 
 B8 02 70 8E CE F1 DD AA E4 3B E8 25 49 33 34 18 
 D5 9D 1D CD FC A0 6B 81 C9 5D 9B 5B FD E1 E8 57 
 42 F7 E4 41 1E 22 14 11 E9 92 33 D7 11 90 03 1D 
 1B 1B 4D 7F 07 B4 5C B3 A4 06 B8 13 CD 93 FB EA 
 EF B2 07 ED 99 D5 4C 30 16 93 41 18 90 03 95 5C 
 20 5F 67 A9 F5 18 9F E6 E3 7E FB 0B 4B 04 4A EA 
 B1 4F BF 06 56 57 2A C5 7C 4C 75 3B 08 75 80 7E 
 1E 35 56 22 4C 62 C4 08 63 DC 44 0F 2B C5 A9 A6 
 71 1C B3 78 B0 54 95 B7 55 A0 A5 4E 00 8E EC B4 
 D9 4D B1 A9 EC 79 29 91 23 58 95 03 A3 91 BA 28 
 A3 25 8A ED B1 1D F6 0B 64 FF 67 EB 05 81 7E 35 
 0F 52 2E 72 54 F7 00 E7 21 E9 76 43 C2 D9 
    IsEnEnabled(0x161 = 'ContextLoad'): 1
 SWTPM_IO_Write: length 14
 80 01 00 00 00 0E 00 00 00 00 02 00 00 00 
 SWTPM_IO_Read: length 14
 80 01 00 00 00 0E 00 00 01 65 02 00 00 00 
    IsEnEnabled(0x165 = 'FlushContext'): 1
 SWTPM_IO_Write: length 10
 80 01 00 00 00 0A 00 00 00 00 
 SWTPM_IO_Read: length 14
 80 01 00 00 00 0E 00 00 01 62 80 00 00 00 
    IsEnEnabled(0x162 = 'ContextSave'): 1
 SWTPM_IO_Write: length 468
 80 01 00 00 01 D4 00 00 00 00 00 00 00 00 00 00 
 00 90 80 00 00 00 40 00 00 01 01 B8 00 40 AA 83 
 28 EC 0F 80 D0 3E 72 C0 4F 89 61 46 F4 73 4C 65 
 85 D9 C6 F2 BF 96 D2 DA 32 F1 11 82 33 C8 1A 76 
 CE A0 44 B3 57 10 7F 2D 14 EC F3 0D C9 B0 2F 4A 
 F7 17 55 94 C1 07 34 85 0D 3A BA 4C E4 F1 F8 E6 
 0E E0 48 17 B2 3F E1 4F DD 0C F8 CD 65 15 86 68 
 E0 73 A9 6F F1 EC 76 A6 74 90 3E D9 76 EA B7 BD 
 A6 CC C7 D1 47 95 EC 7E E8 6F 6E 42 51 4B C0 F7 
 14 51 1F 1D 03 3B FF D2 A1 84 EA 5D B4 5A 1B 36 
 0B 64 17 40 8C 0E 35 69 E8 84 3C C3 C1 26 6F 2A 
 D6 B3 55 B3 9B 5C 87 35 20 04 07 2A 1B 71 7F D8 
 11 E1 C9 C6 FB 7D E4 51 D2 11 C1 02 C0 18 01 43 
 EB A3 9B 32 CB D2 2A AA 08 9C 53 9F A4 2D 9E DA 
 9C B9 A0 D8 F2 D5 E3 B3 CA 68 1B 36 37 43 E6 94 
 76 2C A3 35 28 29 C6 56 12 9A 76 FD 46 C9 5E 77 
 77 07 6A 95 CE C4 EA 3D FD 03 8B 55 AD 76 94 C9 
 CC 61 49 62 E5 33 C8 F7 82 7F 4B 7C 18 FF A7 9B 
 E2 69 48 F9 66 CD 59 FA B9 C1 50 CD 34 C0 DE 15 
 66 CE C4 BD D7 CE 35 1D 7F E5 A0 94 D3 15 42 16 
 3E 6F C3 2F B8 9A C0 22 70 B9 35 29 5F 79 51 88 
 C2 B8 99 62 FC 97 6B 95 40 3C 07 B5 0D 9B B0 C4 
 0B 57 C5 CC BF 87 62 39 3D 53 9F 5C CE 84 F6 DA 
 25 E5 39 9C BF 1C F1 FC E8 0B 9E F7 0F A0 32 35 
 64 1D 43 5E EE EA F1 3E 87 B7 D6 4D EC CE 44 9B 
 3E 64 32 1B D4 66 C8 7B 55 54 B6 20 51 AC BD 3F 
 F7 87 43 38 E6 7C 70 6D 80 C9 C7 AD 17 BC 1A 41 
 32 B9 33 47 F9 E7 90 95 8F 5D C0 26 4C 15 57 55 
 13 07 79 A6 5D B3 73 70 56 5D 13 40 6E C5 18 2D 
 5E 94 B1 AA 
 SWTPM_IO_Read: length 14
 80 01 00 00 00 0E 00 00 01 65 80 00 00 00 
    IsEnEnabled(0x165 = 'FlushContext'): 1
 SWTPM_IO_Write: length 10
 80 01 00 00 00 0A 00 00 00 00 
 SWTPM_IO_Read: length 14
 80 01 00 00 00 0E 00 00 01 62 80 00 00 01 
    IsEnEnabled(0x162 = 'ContextSave'): 1
 SWTPM_IO_Write: length 487
 80 01 00 00 01 E7 00 00 00 00 00 00 00 00 00 00 
 00 91 80 00 00 00 40 00 00 01 01 CB 00 40 33 86 
 FC 9D 56 37 9D F3 09 D1 C7 AA B6 C6 33 74 4E 37 
 4F 52 1E 42 7F BC 7A D1 8A 58 88 3E 5F 0D 3A 88 
 55 1F 63 4C 1B 26 9D 91 77 82 84 93 9D EF AD 29 
 01 18 5D B8 79 09 62 CA 87 C5 FE 9A 49 43 4D 69 
 31 70 28 0A C9 C9 97 68 BD 0D 0E F0 72 6A 10 DB 
 7A 6C EA 27 ED 2C ED E8 97 CA 69 47 EE AA 05 53 
 61 AC DC 3D 0B 99 9D A6 71 0F 9F 93 18 61 CE A9 
 33 48 F9 7B 43 E8 55 DE B8 F8 A2 72 F0 88 77 EC 
 DD 15 B8 06 F3 26 9F 57 33 39 15 36 F3 E5 D0 A7 
 46 83 64 F6 FA 85 B4 63 2B 77 7A DF 6F 27 F7 09 
 FB 0D 38 A3 C3 8A DA 2D DA 01 0C BF 20 48 6C C5 
 5B E6 FC 34 FA FC 1F 29 33 D8 2A 7E 49 A9 CD AE 
 28 E4 7D C0 3F 33 7F 28 64 8B EF 30 0E 15 5E F9 
 79 3B 93 40 67 9D 09 B4 9C 60 7E A6 1D D7 E3 57 
 2A 2A 8D CC 77 75 11 F6 D1 29 7E B6 BF 9B 29 27 
 71 8A 50 FC 5D 7F A0 03 4E 61 6A 87 ED 98 15 E3 
 6A FE 80 E7 2D BE 81 0B E5 3E 57 0B 91 A5 B6 10 
 C0 A3 BE DE C7 99 EE E5 10 C1 4C 27 B3 F8 11 05 
 B6 D3 A6 A8 6F AB F2 3A D5 65 78 C5 F6 AD 47 C4 
 87 92 19 F4 90 1D 75 E6 8F CF 26 19 9D 8B 4D B0 
 6E B4 D2 C9 B1 9D 4F E4 98 A3 4F 2E 39 43 44 29 
 A2 F1 45 D3 F0 2B BE 69 EA F5 55 26 E3 82 37 93 
 F6 87 5C 1D F5 B4 4E 58 F7 29 11 D2 0B 81 79 B4 
 16 09 8D BE 40 48 2A B2 7F 2A 36 5C 00 43 0A 67 
 F4 59 9C 85 39 C9 A5 E4 7C 41 6C D3 30 48 46 20 
 05 85 6A F8 18 C8 FD 2F 18 F4 AE 75 FF 02 D6 36 
 48 BF A8 48 F8 20 04 CA 5C 82 BE 0A 5C 86 4F F5 
 26 2D EB 79 F3 15 34 2E F4 08 FE 9D 0F 5B E5 C0 
 9D E3 7C C6 71 74 7E 
 SWTPM_IO_Read: length 14
 80 01 00 00 00 0E 00 00 01 65 80 00 00 01 
    IsEnEnabled(0x165 = 'FlushContext'): 1
 SWTPM_IO_Write: length 10
 80 01 00 00 00 0A 00 00 00 00 
 SWTPM_IO_Read: length 14
 80 01 00 00 00 0E 00 00 01 62 02 00 00 00 
    IsEnEnabled(0x162 = 'ContextSave'): 1
 SWTPM_IO_Write: length 10
 80 01 00 00 00 0A 00 00 09 10 
 SWTPM_IO_Read: length 468
 80 01 00 00 01 D4 00 00 01 61 00 00 00 00 00 00 
 00 90 80 00 00 00 40 00 00 01 01 B8 00 40 AA 83 
 28 EC 0F 80 D0 3E 72 C0 4F 89 61 46 F4 73 4C 65 
 85 D9 C6 F2 BF 96 D2 DA 32 F1 11 82 33 C8 1A 76 
 CE A0 44 B3 57 10 7F 2D 14 EC F3 0D C9 B0 2F 4A 
 F7 17 55 94 C1 07 34 85 0D 3A BA 4C E4 F1 F8 E6 
 0E E0 48 17 B2 3F E1 4F DD 0C F8 CD 65 15 86 68 
 E0 73 A9 6F F1 EC 76 A6 74 90 3E D9 76 EA B7 BD 
 A6 CC C7 D1 47 95 EC 7E E8 6F 6E 42 51 4B C0 F7 
 14 51 1F 1D 03 3B FF D2 A1 84 EA 5D B4 5A 1B 36 
 0B 64 17 40 8C 0E 35 69 E8 84 3C C3 C1 26 6F 2A 
 D6 B3 55 B3 9B 5C 87 35 20 04 07 2A 1B 71 7F D8 
 11 E1 C9 C6 FB 7D E4 51 D2 11 C1 02 C0 18 01 43 
 EB A3 9B 32 CB D2 2A AA 08 9C 53 9F A4 2D 9E DA 
 9C B9 A0 D8 F2 D5 E3 B3 CA 68 1B 36 37 43 E6 94 
 76 2C A3 35 28 29 C6 56 12 9A 76 FD 46 C9 5E 77 
 77 07 6A 95 CE C4 EA 3D FD 03 8B 55 AD 76 94 C9 
 CC 61 49 62 E5 33 C8 F7 82 7F 4B 7C 18 FF A7 9B 
 E2 69 48 F9 66 CD 59 FA B9 C1 50 CD 34 C0 DE 15 
 66 CE C4 BD D7 CE 35 1D 7F E5 A0 94 D3 15 42 16 
 3E 6F C3 2F B8 9A C0 22 70 B9 35 29 5F 79 51 88 
 C2 B8 99 62 FC 97 6B 95 40 3C 07 B5 0D 9B B0 C4 
 0B 57 C5 CC BF 87 62 39 3D 53 9F 5C CE 84 F6 DA 
 25 E5 39 9C BF 1C F1 FC E8 0B 9E F7 0F A0 32 35 
 64 1D 43 5E EE EA F1 3E 87 B7 D6 4D EC CE 44 9B 
 3E 64 32 1B D4 66 C8 7B 55 54 B6 20 51 AC BD 3F 
 F7 87 43 38 E6 7C 70 6D 80 C9 C7 AD 17 BC 1A 41 
 32 B9 33 47 F9 E7 90 95 8F 5D C0 26 4C 15 57 55 
 13 07 79 A6 5D B3 73 70 56 5D 13 40 6E C5 18 2D 
 5E 94 B1 AA 
    IsEnEnabled(0x161 = 'ContextLoad'): 1
 SWTPM_IO_Write: length 14
 80 01 00 00 00 0E 00 00 00 00 80 00 00 00 
 SWTPM_IO_Read: length 487
 80 01 00 00 01 E7 00 00 01 61 00 00 00 00 00 00 
 00 91 80 00 00 00 40 00 00 01 01 CB 00 40 33 86 
 FC 9D 56 37 9D F3 09 D1 C7 AA B6 C6 33 74 4E 37 
 4F 52 1E 42 7F BC 7A D1 8A 58 88 3E 5F 0D 3A 88 
 55 1F 63 4C 1B 26 9D 91 77 82 84 93 9D EF AD 29 
 01 18 5D B8 79 09 62 CA 87 C5 FE 9A 49 43 4D 69 
 31 70 28 0A C9 C9 97 68 BD 0D 0E F0 72 6A 10 DB 
 7A 6C EA 27 ED 2C ED E8 97 CA 69 47 EE AA 05 53 
 61 AC DC 3D 0B 99 9D A6 71 0F 9F 93 18 61 CE A9 
 33 48 F9 7B 43 E8 55 DE B8 F8 A2 72 F0 88 77 EC 
 DD 15 B8 06 F3 26 9F 57 33 39 15 36 F3 E5 D0 A7 
 46 83 64 F6 FA 85 B4 63 2B 77 7A DF 6F 27 F7 09 
 FB 0D 38 A3 C3 8A DA 2D DA 01 0C BF 20 48 6C C5 
 5B E6 FC 34 FA FC 1F 29 33 D8 2A 7E 49 A9 CD AE 
 28 E4 7D C0 3F 33 7F 28 64 8B EF 30 0E 15 5E F9 
 79 3B 93 40 67 9D 09 B4 9C 60 7E A6 1D D7 E3 57 
 2A 2A 8D CC 77 75 11 F6 D1 29 7E B6 BF 9B 29 27 
 71 8A 50 FC 5D 7F A0 03 4E 61 6A 87 ED 98 15 E3 
 6A FE 80 E7 2D BE 81 0B E5 3E 57 0B 91 A5 B6 10 
 C0 A3 BE DE C7 99 EE E5 10 C1 4C 27 B3 F8 11 05 
 B6 D3 A6 A8 6F AB F2 3A D5 65 78 C5 F6 AD 47 C4 
 87 92 19 F4 90 1D 75 E6 8F CF 26 19 9D 8B 4D B0 
 6E B4 D2 C9 B1 9D 4F E4 98 A3 4F 2E 39 43 44 29 
 A2 F1 45 D3 F0 2B BE 69 EA F5 55 26 E3 82 37 93 
 F6 87 5C 1D F5 B4 4E 58 F7 29 11 D2 0B 81 79 B4 
 16 09 8D BE 40 48 2A B2 7F 2A 36 5C 00 43 0A 67 
 F4 59 9C 85 39 C9 A5 E4 7C 41 6C D3 30 48 46 20 
 05 85 6A F8 18 C8 FD 2F 18 F4 AE 75 FF 02 D6 36 
 48 BF A8 48 F8 20 04 CA 5C 82 BE 0A 5C 86 4F F5 
 26 2D EB 79 F3 15 34 2E F4 08 FE 9D 0F 5B E5 C0 
 9D E3 7C C6 71 74 7E 
    IsEnEnabled(0x161 = 'ContextLoad'): 1
 SWTPM_IO_Write: length 14
 80 01 00 00 00 0E 00 00 00 00 80 00 00 01 
 SWTPM_IO_Read: length 63
 80 01 00 00 00 3F 00 00 01 76 40 00 00 07 40 00 
 00 07 00 20 AA CE 01 EE 1D DB A3 83 76 55 C7 32 
 ED C8 7C 41 46 73 A4 40 9D D1 CD 2B 25 26 36 5B 
 34 F1 7C 12 00 00 00 00 06 00 80 00 43 00 0B 
    IsEnEnabled(0x176 = 'StartAuthSession'): 1
 SWTPM_IO_Write: length 48
 80 01 00 00 00 30 00 00 00 00 02 00 00 00 00 20 
 05 0E B8 A7 64 A6 42 24 33 27 51 27 90 2F 4F 99 
 E8 80 AF B0 63 0C 9B 28 3E E7 E5 32 73 57 B0 0C 
 SWTPM_IO_Read: length 14
 80 01 00 00 00 0E 00 00 01 62 80 00 00 00 
    IsEnEnabled(0x162 = 'ContextSave'): 1
 SWTPM_IO_Write: length 468
 80 01 00 00 01 D4 00 00 00 00 00 00 00 00 00 00 
 00 92 80 00 00 00 40 00 00 01 01 B8 00 40 1C 15 
 2E 27 5E 10 EC 86 A0 91 25 AF 43 68 C9 4A FF BA 
 C1 2F 7D CA AC 52 AF EA C3 68 2F 16 CD 74 67 F7 
 AA 03 2B 06 10 11 6E 1E 44 B1 AB 4D E6 41 35 D5 
 D3 54 39 6F E0 1F 2D 3F 92 74 9B 93 00 D3 40 C5 
 64 42 D7 14 87 00 D0 57 B3 B9 EC C7 11 D2 0A 90 
 15 1F 54 E0 F0 93 7E C8 25 90 62 BA BA A0 B7 7F 
 C1 B9 E9 9A EC 66 CF 92 3E 1D B3 36 12 6E 6E 67 
 11 98 16 E1 01 7B A4 63 A9 88 84 43 89 B7 E5 F4 
 3B 38 88 53 3C B2 D9 11 BF C9 4F 0A 98 7C D5 57 
 95 97 81 2D 96 72 99 0C E5 69 2D FF BF 98 FF AF 
 6D 3C CD 2F E1 FD AD 7A E2 C5 58 3A 1B 1E 01 7F 
 7A 4D 54 29 D4 D7 1B E9 04 7A A1 B7 D9 10 9A 32 
 A4 9B 15 AD 05 5F CF 9D DA 0C 24 3B 66 72 79 BF 
 88 F8 0D B8 92 DA BE BC 03 CD 98 2F F2 E3 14 69 
 69 0A 98 94 02 31 B1 52 ED A1 E1 65 AE 38 A7 1B 
 FD 70 95 09 A6 CF 28 55 1A D4 4E D8 EF FD 91 36 
 B2 C2 AA D9 27 C8 1B 3C 41 8B B1 17 45 B1 9C EF 
 E2 7D E7 A6 32 E7 85 2F 12 15 EE 9F 45 4F 5D EC 
 CE A3 6D 9B FA 5B ED D2 4F FB B6 CF 1E EB 6E D5 
 27 94 71 71 40 DE 9E B5 9A 6F 4B 76 FB 14 7C B5 
 23 02 09 81 4D 0D BB 9F 50 2E 7F E0 A2 30 50 C2 
 97 2F A8 1E B1 75 D3 41 5F 02 87 BA B2 BD 72 FB 
 75 FC 9D 82 2D D7 49 8F A6 F6 08 39 9B 5E 72 D0 
 66 C6 CE 49 A7 9D 52 A9 94 6B F6 06 1F 65 BB C6 
 D7 FC 3E 21 2F EF E3 CA 9A C3 DA AF F6 BB 23 62 
 E2 CE 27 D4 48 71 8D BD 19 52 6F 29 5A C1 03 CF 
 90 C8 0B CB 0A 4A 14 0F 1C 04 0D 6B C3 66 65 DF 
 36 F6 FB 49 
 SWTPM_IO_Read: length 14
 80 01 00 00 00 0E 00 00 01 65 80 00 00 00 
    IsEnEnabled(0x165 = 'FlushContext'): 1
 SWTPM_IO_Write: length 10
 80 01 00 00 00 0A 00 00 00 00 
 SWTPM_IO_Read: length 14
 80 01 00 00 00 0E 00 00 01 62 80 00 00 01 
    IsEnEnabled(0x162 = 'ContextSave'): 1
 SWTPM_IO_Write: length 487
 80 01 00 00 01 E7 00 00 00 00 00 00 00 00 00 00 
 00 93 80 00 00 00 40 00 00 01 01 CB 00 40 74 4E 
 25 F8 6F 15 C2 F1 4A 93 1C A6 C3 7B AC 5A 4B 94 
 71 E2 4E 08 D7 55 90 22 E4 2D 64 01 F4 51 BD 1A 
 04 B5 70 D5 B1 DE 2D B9 C4 1F 03 7C B9 4F B1 8A 
 CE 6F 56 7C 05 E3 8B B2 AE F0 F6 7C B2 7F 5B 03 
 FF C6 D4 83 11 41 A3 2D 55 76 7E F1 6E 7C 84 CA 
 97 A2 89 D6 A9 92 C7 FA C5 E1 62 D4 DA C6 D8 B5 
 0A 37 AF AD DB 5B E8 A8 C3 67 2C 85 E7 A1 99 12 
 E2 55 EB E2 40 8F 1D B8 46 51 6E 24 B9 77 C2 AA 
 B6 E7 3D A9 3D 65 F4 7D 4F B3 FB D7 E1 48 D3 CB 
 98 90 1C 4A 98 69 F9 8C 1D 04 14 36 A2 A0 9D EE 
 06 F6 82 BD D4 89 47 79 F8 83 DC 16 88 4C D0 AC 
 94 DE 04 53 53 A2 E2 04 42 71 20 DF 36 58 F4 F9 
 B3 CB 13 4D 8F AD 3F 5C 81 F8 6E CC 32 4A 6F B7 
 50 1F E1 86 83 52 DB 1C 57 42 5E 78 4B 1E B5 4E 
 AB C8 D4 F5 47 79 AA D1 AE 01 BA F7 D6 40 8B C0 
 62 AF 5A 06 CF 64 43 CA 82 FF AA FB F1 7A CA 78 
 89 5E E5 89 BA 5F 17 C4 B2 02 E8 72 10 AA 6E AE 
 E8 15 08 A0 B7 F7 60 69 8C 31 44 22 33 94 BB 54 
 60 2E B0 0E EE E7 89 C2 04 64 1D 6D 2A AE 28 DC 
 75 2F 01 D0 89 BC 24 FD 97 4A F7 DF 7B 48 71 DE 
 BF BD 57 3F 0C A9 7A 27 08 E3 59 48 87 8A B2 96 
 A0 62 7A E0 46 70 77 5D 62 45 71 08 38 3B C5 6B 
 6E 48 56 8B 88 2A CF 44 34 94 8B ED F3 A8 8E 3E 
 79 E2 C6 55 37 30 C3 2A 12 4D 85 72 AE C8 9F 30 
 4F DE 0C 90 B1 6E 28 8A E5 57 F2 D7 F5 86 A6 4A 
 26 F7 A4 04 C3 82 1E 2E F3 48 7A 56 C8 5D 89 F5 
 57 00 53 8E 8B D8 80 2B C4 46 94 A4 6A 69 2D 8B 
 3F 5F 20 1E C6 6A EE 0B 05 0B D1 23 F0 9F 3E F7 
 20 BD E5 F7 EC 25 60 
 SWTPM_IO_Read: length 14
 80 01 00 00 00 0E 00 00 01 65 80 00 00 01 
    IsEnEnabled(0x165 = 'FlushContext'): 1
 SWTPM_IO_Write: length 10
 80 01 00 00 00 0A 00 00 00 00 
 SWTPM_IO_Read: length 14
 80 01 00 00 00 0E 00 00 01 62 02 00 00 00 
    IsEnEnabled(0x162 = 'ContextSave'): 1
 SWTPM_IO_Write: length 414
 80 01 00 00 01 9E 00 00 00 00 00 00 00 00 00 00 
 00 77 02 00 00 00 40 00 00 07 01 82 00 40 7D 81 
 91 9C 35 46 0B 7B 3C 3C C3 9D 99 E6 97 4A A5 1B 
 6A 37 7A 83 77 97 FE 77 F1 C4 8C B0 1E B7 94 C1 
 4F 7E D7 4C 77 59 0C 92 6C 78 71 73 71 E7 86 1C 
 57 74 B3 FD 23 F1 4C 9F E0 39 A1 FB 62 04 4F 2D 
 C7 B1 0E 43 20 30 83 40 C9 85 13 56 BF EA EE DC 
 DF 28 13 1F D4 8E E7 FA E1 6B 3A 95 93 89 4A BB 
 88 29 60 1D 8D 48 FF 93 90 6D 48 25 EF A3 44 98 
 D1 D8 BC 94 EE FB E8 D3 D8 B8 3F 68 DB F7 06 1A 
 40 EF 85 34 12 3E 8E 36 F6 8A 4B 75 63 91 EA E7 
 68 55 F7 DB 2C 9C 2F EA DA 24 D3 9A 87 87 16 5C 
 EC BA AB 24 E7 0B 1B 7F E1 33 43 97 95 AD 97 36 
 AA EF 53 D5 8D 78 D8 0F 61 23 EC 48 26 26 12 B0 
 B6 DA A3 D6 A7 C4 14 72 D8 CE 3E 9D CC 57 BC F9 
 01 14 79 1E 01 99 DC 36 9C DE 0A 66 6F 22 76 E6 
 DD D4 8E 97 28 DF C9 80 A0 38 F1 67 A9 0B A7 65 
 30 EA 5A CC 19 6C D2 F9 0B E5 08 06 AB 98 7F FD 
 A0 30 05 4B 4F 47 35 EA 6A 4E AE F7 CC 53 F3 5B 
 25 8D F0 EB 4C B6 EC EA 74 7F 77 6F EC 9C F7 E5 
 29 A4 F3 EE 2C 25 71 EC E0 A8 85 91 62 84 98 C7 
 11 85 20 63 05 4B 2C CA 27 09 41 D3 3F 0E 12 91 
 44 5B 11 94 CD 38 D1 93 98 6F 9C 11 3A E8 CC 26 
 39 8F E3 D7 0E 17 F3 98 20 FB 0A 7B F0 C6 4C 9D 
 F4 37 37 5B 82 BB D6 DE 0A 87 CF CB 05 FE CF 78 
 1D E4 FE A3 40 81 E8 0E 2A 8B D4 20 DD 1B 
 SWTPM_IO_Read: length 468
 80 01 00 00 01 D4 00 00 01 61 00 00 00 00 00 00 
 00 92 80 00 00 00 40 00 00 01 01 B8 00 40 1C 15 
 2E 27 5E 10 EC 86 A0 91 25 AF 43 68 C9 4A FF BA 
 C1 2F 7D CA AC 52 AF EA C3 68 2F 16 CD 74 67 F7 
 AA 03 2B 06 10 11 6E 1E 44 B1 AB 4D E6 41 35 D5 
 D3 54 39 6F E0 1F 2D 3F 92 74 9B 93 00 D3 40 C5 
 64 42 D7 14 87 00 D0 57 B3 B9 EC C7 11 D2 0A 90 
 15 1F 54 E0 F0 93 7E C8 25 90 62 BA BA A0 B7 7F 
 C1 B9 E9 9A EC 66 CF 92 3E 1D B3 36 12 6E 6E 67 
 11 98 16 E1 01 7B A4 63 A9 88 84 43 89 B7 E5 F4 
 3B 38 88 53 3C B2 D9 11 BF C9 4F 0A 98 7C D5 57 
 95 97 81 2D 96 72 99 0C E5 69 2D FF BF 98 FF AF 
 6D 3C CD 2F E1 FD AD 7A E2 C5 58 3A 1B 1E 01 7F 
 7A 4D 54 29 D4 D7 1B E9 04 7A A1 B7 D9 10 9A 32 
 A4 9B 15 AD 05 5F CF 9D DA 0C 24 3B 66 72 79 BF 
 88 F8 0D B8 92 DA BE BC 03 CD 98 2F F2 E3 14 69 
 69 0A 98 94 02 31 B1 52 ED A1 E1 65 AE 38 A7 1B 
 FD 70 95 09 A6 CF 28 55 1A D4 4E D8 EF FD 91 36 
 B2 C2 AA D9 27 C8 1B 3C 41 8B B1 17 45 B1 9C EF 
 E2 7D E7 A6 32 E7 85 2F 12 15 EE 9F 45 4F 5D EC 
 CE A3 6D 9B FA 5B ED D2 4F FB B6 CF 1E EB 6E D5 
 27 94 71 71 40 DE 9E B5 9A 6F 4B 76 FB 14 7C B5 
 23 02 09 81 4D 0D BB 9F 50 2E 7F E0 A2 30 50 C2 
 97 2F A8 1E B1 75 D3 41 5F 02 87 BA B2 BD 72 FB 
 75 FC 9D 82 2D D7 49 8F A6 F6 08 39 9B 5E 72 D0 
 66 C6 CE 49 A7 9D 52 A9 94 6B F6 06 1F 65 BB C6 
 D7 FC 3E 21 2F EF E3 CA 9A C3 DA AF F6 BB 23 62 
 E2 CE 27 D4 48 71 8D BD 19 52 6F 29 5A C1 03 CF 
 90 C8 0B CB 0A 4A 14 0F 1C 04 0D 6B C3 66 65 DF 
 36 F6 FB 49 
    IsEnEnabled(0x161 = 'ContextLoad'): 1
 SWTPM_IO_Write: length 14
 80 01 00 00 00 0E 00 00 00 00 80 00 00 00 
 SWTPM_IO_Read: length 487
 80 01 00 00 01 E7 00 00 01 61 00 00 00 00 00 00 
 00 93 80 00 00 00 40 00 00 01 01 CB 00 40 74 4E 
 25 F8 6F 15 C2 F1 4A 93 1C A6 C3 7B AC 5A 4B 94 
 71 E2 4E 08 D7 55 90 22 E4 2D 64 01 F4 51 BD 1A 
 04 B5 70 D5 B1 DE 2D B9 C4 1F 03 7C B9 4F B1 8A 
 CE 6F 56 7C 05 E3 8B B2 AE F0 F6 7C B2 7F 5B 03 
 FF C6 D4 83 11 41 A3 2D 55 76 7E F1 6E 7C 84 CA 
 97 A2 89 D6 A9 92 C7 FA C5 E1 62 D4 DA C6 D8 B5 
 0A 37 AF AD DB 5B E8 A8 C3 67 2C 85 E7 A1 99 12 
 E2 55 EB E2 40 8F 1D B8 46 51 6E 24 B9 77 C2 AA 
 B6 E7 3D A9 3D 65 F4 7D 4F B3 FB D7 E1 48 D3 CB 
 98 90 1C 4A 98 69 F9 8C 1D 04 14 36 A2 A0 9D EE 
 06 F6 82 BD D4 89 47 79 F8 83 DC 16 88 4C D0 AC 
 94 DE 04 53 53 A2 E2 04 42 71 20 DF 36 58 F4 F9 
 B3 CB 13 4D 8F AD 3F 5C 81 F8 6E CC 32 4A 6F B7 
 50 1F E1 86 83 52 DB 1C 57 42 5E 78 4B 1E B5 4E 
 AB C8 D4 F5 47 79 AA D1 AE 01 BA F7 D6 40 8B C0 
 62 AF 5A 06 CF 64 43 CA 82 FF AA FB F1 7A CA 78 
 89 5E E5 89 BA 5F 17 C4 B2 02 E8 72 10 AA 6E AE 
 E8 15 08 A0 B7 F7 60 69 8C 31 44 22 33 94 BB 54 
 60 2E B0 0E EE E7 89 C2 04 64 1D 6D 2A AE 28 DC 
 75 2F 01 D0 89 BC 24 FD 97 4A F7 DF 7B 48 71 DE 
 BF BD 57 3F 0C A9 7A 27 08 E3 59 48 87 8A B2 96 
 A0 62 7A E0 46 70 77 5D 62 45 71 08 38 3B C5 6B 
 6E 48 56 8B 88 2A CF 44 34 94 8B ED F3 A8 8E 3E 
 79 E2 C6 55 37 30 C3 2A 12 4D 85 72 AE C8 9F 30 
 4F DE 0C 90 B1 6E 28 8A E5 57 F2 D7 F5 86 A6 4A 
 26 F7 A4 04 C3 82 1E 2E F3 48 7A 56 C8 5D 89 F5 
 57 00 53 8E 8B D8 80 2B C4 46 94 A4 6A 69 2D 8B 
 3F 5F 20 1E C6 6A EE 0B 05 0B D1 23 F0 9F 3E F7 
 20 BD E5 F7 EC 25 60 
    IsEnEnabled(0x161 = 'ContextLoad'): 1
 SWTPM_IO_Write: length 14
 80 01 00 00 00 0E 00 00 00 00 80 00 00 01 
 SWTPM_IO_Read: length 414
 80 01 00 00 01 9E 00 00 01 61 00 00 00 00 00 00 
 00 77 02 00 00 00 40 00 00 07 01 82 00 40 7D 81 
 91 9C 35 46 0B 7B 3C 3C C3 9D 99 E6 97 4A A5 1B 
 6A 37 7A 83 77 97 FE 77 F1 C4 8C B0 1E B7 94 C1 
 4F 7E D7 4C 77 59 0C 92 6C 78 71 73 71 E7 86 1C 
 57 74 B3 FD 23 F1 4C 9F E0 39 A1 FB 62 04 4F 2D 
 C7 B1 0E 43 20 30 83 40 C9 85 13 56 BF EA EE DC 
 DF 28 13 1F D4 8E E7 FA E1 6B 3A 95 93 89 4A BB 
 88 29 60 1D 8D 48 FF 93 90 6D 48 25 EF A3 44 98 
 D1 D8 BC 94 EE FB E8 D3 D8 B8 3F 68 DB F7 06 1A 
 40 EF 85 34 12 3E 8E 36 F6 8A 4B 75 63 91 EA E7 
 68 55 F7 DB 2C 9C 2F EA DA 24 D3 9A 87 87 16 5C 
 EC BA AB 24 E7 0B 1B 7F E1 33 43 97 95 AD 97 36 
 AA EF 53 D5 8D 78 D8 0F 61 23 EC 48 26 26 12 B0 
 B6 DA A3 D6 A7 C4 14 72 D8 CE 3E 9D CC 57 BC F9 
 01 14 79 1E 01 99 DC 36 9C DE 0A 66 6F 22 76 E6 
 DD D4 8E 97 28 DF C9 80 A0 38 F1 67 A9 0B A7 65 
 30 EA 5A CC 19 6C D2 F9 0B E5 08 06 AB 98 7F FD 
 A0 30 05 4B 4F 47 35 EA 6A 4E AE F7 CC 53 F3 5B 
 25 8D F0 EB 4C B6 EC EA 74 7F 77 6F EC 9C F7 E5 
 29 A4 F3 EE 2C 25 71 EC E0 A8 85 91 62 84 98 C7 
 11 85 20 63 05 4B 2C CA 27 09 41 D3 3F 0E 12 91 
 44 5B 11 94 CD 38 D1 93 98 6F 9C 11 3A E8 CC 26 
 39 8F E3 D7 0E 17 F3 98 20 FB 0A 7B F0 C6 4C 9D 
 F4 37 37 5B 82 BB D6 DE 0A 87 CF CB 05 FE CF 78 
 1D E4 FE A3 40 81 E8 0E 2A 8B D4 20 DD 1B 
    IsEnEnabled(0x161 = 'ContextLoad'): 1
 SWTPM_IO_Write: length 14
 80 01 00 00 00 0E 00 00 00 00 02 00 00 00 
 SWTPM_IO_Read: length 91
 80 02 00 00 00 5B 00 00 01 5E 80 00 00 01 00 00 
 00 49 02 00 00 00 00 20 FE B8 5A 8E 26 31 FB 95 
 3F 59 8F 66 39 47 03 3A 15 25 12 EF 7A FA 14 6B 
 5D C3 FB C7 67 9F 54 83 41 00 20 EF E8 BE CB 3D 
 4D B7 EA 9A 0F 3B A8 BA C0 C7 07 1E F8 73 FC CD 
 CB 60 D7 5E FD 3C 4C 75 1F 55 2D 
    IsEnEnabled(0x15e = 'Unseal'): 1
 SWTPM_IO_Write: length 180
 80 02 00 00 00 B4 00 00 00 00 00 00 00 61 00 5F 
 FC 19 AB 48 FB A9 86 08 5B ED 6B 50 FE EC B8 F3 
 BD 6A BA B4 34 8E 33 8C 43 ED 4C D2 8C 05 80 EA 
 FA 35 A0 00 98 61 A0 C3 E8 D5 5F 12 F8 3D D2 4C 
 0A 7A 93 8A 83 28 ED A7 F8 88 23 84 B8 C2 E0 F5 
 4F 21 4F F9 12 8B 3E AA A8 F8 90 14 C0 5D 92 95 
 6E 93 9D C1 37 2A F4 19 03 9C 33 B7 DE 47 17 00 
 20 23 68 C6 0D 61 D5 8F 06 B1 A1 2D AB A3 15 EE 
 E1 96 75 4F 9F 28 9C 54 32 AC 57 6A 45 9E 43 89 
 CE 41 00 20 A6 61 C3 AB A8 CA E8 8B E4 7A 7E 85 
 AF 4C EB EF C8 76 90 2D A8 7E 43 97 BD 08 53 B2 
 6F 4F 2A 7C 
 SWTPM_IO_Read: length 14
 80 01 00 00 00 0E 00 00 01 62 80 00 00 00 
    IsEnEnabled(0x162 = 'ContextSave'): 1
 SWTPM_IO_Write: length 468
 80 01 00 00 01 D4 00 00 00 00 00 00 00 00 00 00 
 00 94 80 00 00 00 40 00 00 01 01 B8 00 40 34 5E 
 F4 41 40 C6 8B 85 F3 E5 D5 2F EF 77 00 DF 27 1A 
 D6 F1 DD 5D 5F 5A C9 59 CA 01 C5 50 EF E1 AF F1 
 E4 65 7A E1 9B 9C E1 57 45 0C 49 A4 C6 3A AD 6D 
 87 91 2F 3F F2 F2 3A 1F DC 20 36 F4 AA 6D 6D 18 
 A4 54 6B 8A A1 40 9A 08 C7 A9 99 6C D0 3F E6 EA 
 43 2E F9 F6 38 7D 13 02 56 64 03 98 70 A6 E8 4C 
 5D 3F DD A6 9B DE FB 41 4B 11 52 1D 2F 2F 7D 38 
 59 A2 01 9B A5 63 46 BF 6B F2 80 8D 01 46 3B 01 
 44 0B 9D FB D1 DD 46 AA 41 97 A0 7E E8 F8 8F E1 
 C4 27 A5 DB 63 63 91 D2 B4 D7 14 04 34 D3 99 C2 
 99 24 DF F8 1D 1E 7B A7 3F C6 9C 74 E1 C4 AD 3B 
 79 63 6A EF AC 08 39 B2 58 A5 40 D4 A0 F2 12 35 
 CD 51 C6 70 83 80 4D 3D E7 2A C3 E0 3F EB FC F6 
 10 AC 56 A7 E2 3F A3 61 8E 77 8D 50 A7 59 79 D9 
 89 0C 1C 0B 69 1C C8 18 B1 1F C0 08 82 80 34 89 
 92 35 6A 7B 78 F9 62 D7 C1 1B 94 B4 64 BD BF 7B 
 CC CA 37 65 48 AB D2 AC 3C B9 7D 4E 9C 7F F7 CA 
 C5 D3 06 4B 17 BD 5B 52 45 94 DF 22 DB A0 C4 B3 
 CB BA 96 8C CB 2C 4C F3 D5 43 4E CA AC F2 AA 7A 
 B3 77 18 E1 7F 64 C7 AA 12 D5 B2 6A FE AE 4C 4D 
 7C 11 78 7E 30 24 D2 85 9D C5 E6 D0 E4 1D 5B 04 
 7D C5 D7 C5 9B 0A 17 21 25 4C 3C D4 CA 3C A7 AD 
 52 ED 45 6D 09 93 62 88 F6 89 E1 5D 80 D1 5B 59 
 99 4A 91 D3 15 D6 4A 3B AF 61 BB E4 21 A3 F8 7A 
 E6 9A DF 8C 2E 5D 7F D9 AE E9 7C 83 D7 2F 37 61 
 AF 10 5E A0 2A E5 47 FF 66 AC 3E 86 96 EC B3 BC 
 5A 7B 86 96 39 C3 E3 E0 F3 31 B0 97 E6 B7 01 56 
 4E 5B 79 8D 
 SWTPM_IO_Read: length 14
 80 01 00 00 00 0E 00 00 01 65 80 00 00 00 
    IsEnEnabled(0x165 = 'FlushContext'): 1
 SWTPM_IO_Write: length 10
 80 01 00 00 00 0A 00 00 00 00 
 SWTPM_IO_Read: length 14
 80 01 00 00 00 0E 00 00 01 62 80 00 00 01 
    IsEnEnabled(0x162 = 'ContextSave'): 1
 SWTPM_IO_Write: length 487
 80 01 00 00 01 E7 00 00 00 00 00 00 00 00 00 00 
 00 95 80 00 00 00 40 00 00 01 01 CB 00 40 C3 0A 
 47 CF D7 2C 33 01 7D E1 A1 DF 43 0D 54 4A 3B 9A 
 DB 19 AD E9 9F DA 5F F3 AA CF 02 86 03 73 9E 3C 
 40 F6 49 36 12 87 4A 41 57 01 56 0E 68 3E 5A 6B 
 0C A1 C4 74 0B 36 2A BA 44 CF E9 E0 95 62 3D EA 
 19 E7 02 A4 7D C4 04 3F 28 52 48 E2 E0 95 E3 AF 
 44 32 1F 77 6B 67 02 46 34 DF F1 6A 72 38 97 DA 
 DE EC 45 F0 D6 4E 9D C8 F0 B3 E4 22 3F 12 0F 79 
 77 12 30 2C 2F 72 62 26 49 50 27 0B 35 6A F2 C4 
 1D 62 D8 6E D9 41 26 E3 46 52 D5 82 FF 24 80 C8 
 49 18 99 19 4E 71 5E 7E 90 13 91 BC 89 B7 69 B2 
 C1 E0 FD FB 39 CC D1 A4 20 B3 F1 12 46 F6 16 92 
 91 25 66 85 16 F8 AE 32 DF 46 1E C9 66 99 69 10 
 D6 64 F9 31 DD 1F 97 BE 59 C4 AD 6F A4 2D F5 9C 
 69 19 57 DA 0D 10 96 59 E5 20 23 88 1C D5 AB 65 
 60 30 96 CA 5F B5 3E FB 4A 6B 9D 54 D6 39 4B 10 
 8B 5A DE 7A F6 5E CD 0C DA 68 39 5E 7C A5 27 9B 
 90 A2 D7 B3 F8 3B 8D A1 FF 31 F4 06 7B 80 F0 5A 
 95 6D DF 2A E0 DB 06 12 CA C4 7E 15 7B 10 54 BA 
 74 AA 78 98 07 53 0F 4D F4 B4 C0 C7 F4 75 24 87 
 D6 73 DE 9C E6 B6 F1 5F DC EF 0E 95 58 34 E2 1A 
 DB 31 3F 59 6F D5 3F B3 E0 65 A2 AF 3B 31 B3 B7 
 D2 D1 7C 6A 8E 3D EF 40 50 8E 1C E1 F5 4D 57 DC 
 07 41 5F 12 15 7C D2 1C 78 77 BA 82 DD CC 13 81 
 1A 4C EB B5 52 3D C7 0D 90 BF D8 F3 1E 99 02 D7 
 89 15 A6 07 A3 FF 46 EE D6 D7 3D E7 7D E3 0B 90 
 FF BA E7 61 0F 3C EC 95 4A 00 7F FA 73 A0 C7 F9 
 A2 47 6A 1F F7 38 9F 26 C0 D4 EA D4 44 0A 48 62 
 64 62 52 DE 68 40 08 6C 12 30 8B 5E 82 B3 91 F6 
 79 8D 02 8D 7D 43 82 
 SWTPM_IO_Read: length 14
 80 01 00 00 00 0E 00 00 01 65 80 00 00 01 
    IsEnEnabled(0x165 = 'FlushContext'): 1
 SWTPM_IO_Write: length 10
 80 01 00 00 00 0A 00 00 00 00 
 SWTPM_IO_Read: length 14
 80 01 00 00 00 0E 00 00 01 62 02 00 00 00 
    IsEnEnabled(0x162 = 'ContextSave'): 1
 SWTPM_IO_Write: length 414
 80 01 00 00 01 9E 00 00 00 00 00 00 00 00 00 00 
 00 78 02 00 00 00 40 00 00 07 01 82 00 40 6D AF 
 08 B0 43 42 46 0D 50 F0 B4 1A 97 BB E0 A1 7A 88 
 9C 8B 0F F8 C7 50 16 C5 7B F9 82 84 34 94 6E D4 
 E2 FA 69 FB 2A 8D F1 12 E1 34 D8 A7 8A 11 BA AF 
 92 9E C6 C8 5E BE 5F 70 D7 A0 C4 FB DD BE 3D 5B 
 11 FB 58 DB 1D DB 4C 63 43 4B 80 08 49 95 1D 7A 
 BB 2A 8C 2C CD 7A 9D 1E 01 06 BB 92 2D 73 79 2F 
 56 03 9B 79 6F 97 6B 1A F7 CC 73 A5 50 98 83 31 
 B4 07 8A AF 3E 44 A9 F5 18 2B 0A 35 CD 47 76 43 
 90 8C 2C F4 1D D1 33 BC 22 AA A8 65 49 74 76 85 
 43 8B 3E 37 C3 82 6D 5C 3D 99 05 3A 8C 04 9A 2F 
 42 E6 23 31 60 8B 7F 52 B5 DF 84 15 FA D0 61 59 
 44 68 5C A7 58 EE 23 F3 1C FD 72 AB B2 3F 91 0D 
 0C 2B C7 FA 25 58 6F 55 E9 5F 86 B8 AC 76 8D 79 
 2B 02 A1 FC AC E3 79 7A AD 50 4B B2 AB CC 11 AE 
 21 92 F7 09 9E 0E A3 D9 A2 3D 0D 28 61 CF 77 BC 
 D2 54 B1 99 88 DA EB 94 3A B9 6D BE F7 03 CD B8 
 0E 1D 0C 4D F0 F2 86 4D 6E 98 96 8E BB 86 59 4C 
 75 60 F4 81 34 30 A3 AD B9 4D 9E 18 3B 4E B0 19 
 D8 1C 33 2B DF 71 BE B1 EC B1 E5 AB B1 1D 38 0F 
 E1 E2 69 B5 9A 5C 98 BD EF 3D 47 3A EB DC F9 A9 
 BE 7E A0 A2 60 E1 A3 2A C7 AD 39 87 A8 39 33 13 
 C9 35 91 E0 48 F9 2C C9 56 68 01 94 B9 81 FC 29 
 82 87 11 FF F5 9A 9A DA 2B 63 FD 2A 0E BF B6 DC 
 C9 A0 5E 94 40 BB 62 65 34 23 8F 18 60 41 
 SWTPM_IO_Read: length 468
 80 01 00 00 01 D4 00 00 01 61 00 00 00 00 00 00 
 00 94 80 00 00 00 40 00 00 01 01 B8 00 40 34 5E 
 F4 41 40 C6 8B 85 F3 E5 D5 2F EF 77 00 DF 27 1A 
 D6 F1 DD 5D 5F 5A C9 59 CA 01 C5 50 EF E1 AF F1 
 E4 65 7A E1 9B 9C E1 57 45 0C 49 A4 C6 3A AD 6D 
 87 91 2F 3F F2 F2 3A 1F DC 20 36 F4 AA 6D 6D 18 
 A4 54 6B 8A A1 40 9A 08 C7 A9 99 6C D0 3F E6 EA 
 43 2E F9 F6 38 7D 13 02 56 64 03 98 70 A6 E8 4C 
 5D 3F DD A6 9B DE FB 41 4B 11 52 1D 2F 2F 7D 38 
 59 A2 01 9B A5 63 46 BF 6B F2 80 8D 01 46 3B 01 
 44 0B 9D FB D1 DD 46 AA 41 97 A0 7E E8 F8 8F E1 
 C4 27 A5 DB 63 63 91 D2 B4 D7 14 04 34 D3 99 C2 
 99 24 DF F8 1D 1E 7B A7 3F C6 9C 74 E1 C4 AD 3B 
 79 63 6A EF AC 08 39 B2 58 A5 40 D4 A0 F2 12 35 
 CD 51 C6 70 83 80 4D 3D E7 2A C3 E0 3F EB FC F6 
 10 AC 56 A7 E2 3F A3 61 8E 77 8D 50 A7 59 79 D9 
 89 0C 1C 0B 69 1C C8 18 B1 1F C0 08 82 80 34 89 
 92 35 6A 7B 78 F9 62 D7 C1 1B 94 B4 64 BD BF 7B 
 CC CA 37 65 48 AB D2 AC 3C B9 7D 4E 9C 7F F7 CA 
 C5 D3 06 4B 17 BD 5B 52 45 94 DF 22 DB A0 C4 B3 
 CB BA 96 8C CB 2C 4C F3 D5 43 4E CA AC F2 AA 7A 
 B3 77 18 E1 7F 64 C7 AA 12 D5 B2 6A FE AE 4C 4D 
 7C 11 78 7E 30 24 D2 85 9D C5 E6 D0 E4 1D 5B 04 
 7D C5 D7 C5 9B 0A 17 21 25 4C 3C D4 CA 3C A7 AD 
 52 ED 45 6D 09 93 62 88 F6 89 E1 5D 80 D1 5B 59 
 99 4A 91 D3 15 D6 4A 3B AF 61 BB E4 21 A3 F8 7A 
 E6 9A DF 8C 2E 5D 7F D9 AE E9 7C 83 D7 2F 37 61 
 AF 10 5E A0 2A E5 47 FF 66 AC 3E 86 96 EC B3 BC 
 5A 7B 86 96 39 C3 E3 E0 F3 31 B0 97 E6 B7 01 56 
 4E 5B 79 8D 
    IsEnEnabled(0x161 = 'ContextLoad'): 1
 SWTPM_IO_Write: length 14
 80 01 00 00 00 0E 00 00 00 00 80 00 00 00 
 SWTPM_IO_Read: length 487
 80 01 00 00 01 E7 00 00 01 61 00 00 00 00 00 00 
 00 95 80 00 00 00 40 00 00 01 01 CB 00 40 C3 0A 
 47 CF D7 2C 33 01 7D E1 A1 DF 43 0D 54 4A 3B 9A 
 DB 19 AD E9 9F DA 5F F3 AA CF 02 86 03 73 9E 3C 
 40 F6 49 36 12 87 4A 41 57 01 56 0E 68 3E 5A 6B 
 0C A1 C4 74 0B 36 2A BA 44 CF E9 E0 95 62 3D EA 
 19 E7 02 A4 7D C4 04 3F 28 52 48 E2 E0 95 E3 AF 
 44 32 1F 77 6B 67 02 46 34 DF F1 6A 72 38 97 DA 
 DE EC 45 F0 D6 4E 9D C8 F0 B3 E4 22 3F 12 0F 79 
 77 12 30 2C 2F 72 62 26 49 50 27 0B 35 6A F2 C4 
 1D 62 D8 6E D9 41 26 E3 46 52 D5 82 FF 24 80 C8 
 49 18 99 19 4E 71 5E 7E 90 13 91 BC 89 B7 69 B2 
 C1 E0 FD FB 39 CC D1 A4 20 B3 F1 12 46 F6 16 92 
 91 25 66 85 16 F8 AE 32 DF 46 1E C9 66 99 69 10 
 D6 64 F9 31 DD 1F 97 BE 59 C4 AD 6F A4 2D F5 9C 
 69 19 57 DA 0D 10 96 59 E5 20 23 88 1C D5 AB 65 
 60 30 96 CA 5F B5 3E FB 4A 6B 9D 54 D6 39 4B 10 
 8B 5A DE 7A F6 5E CD 0C DA 68 39 5E 7C A5 27 9B 
 90 A2 D7 B3 F8 3B 8D A1 FF 31 F4 06 7B 80 F0 5A 
 95 6D DF 2A E0 DB 06 12 CA C4 7E 15 7B 10 54 BA 
 74 AA 78 98 07 53 0F 4D F4 B4 C0 C7 F4 75 24 87 
 D6 73 DE 9C E6 B6 F1 5F DC EF 0E 95 58 34 E2 1A 
 DB 31 3F 59 6F D5 3F B3 E0 65 A2 AF 3B 31 B3 B7 
 D2 D1 7C 6A 8E 3D EF 40 50 8E 1C E1 F5 4D 57 DC 
 07 41 5F 12 15 7C D2 1C 78 77 BA 82 DD CC 13 81 
 1A 4C EB B5 52 3D C7 0D 90 BF D8 F3 1E 99 02 D7 
 89 15 A6 07 A3 FF 46 EE D6 D7 3D E7 7D E3 0B 90 
 FF BA E7 61 0F 3C EC 95 4A 00 7F FA 73 A0 C7 F9 
 A2 47 6A 1F F7 38 9F 26 C0 D4 EA D4 44 0A 48 62 
 64 62 52 DE 68 40 08 6C 12 30 8B 5E 82 B3 91 F6 
 79 8D 02 8D 7D 43 82 
    IsEnEnabled(0x161 = 'ContextLoad'): 1
 SWTPM_IO_Write: length 14
 80 01 00 00 00 0E 00 00 00 00 80 00 00 01 
 SWTPM_IO_Read: length 414
 80 01 00 00 01 9E 00 00 01 61 00 00 00 00 00 00 
 00 78 02 00 00 00 40 00 00 07 01 82 00 40 6D AF 
 08 B0 43 42 46 0D 50 F0 B4 1A 97 BB E0 A1 7A 88 
 9C 8B 0F F8 C7 50 16 C5 7B F9 82 84 34 94 6E D4 
 E2 FA 69 FB 2A 8D F1 12 E1 34 D8 A7 8A 11 BA AF 
 92 9E C6 C8 5E BE 5F 70 D7 A0 C4 FB DD BE 3D 5B 
 11 FB 58 DB 1D DB 4C 63 43 4B 80 08 49 95 1D 7A 
 BB 2A 8C 2C CD 7A 9D 1E 01 06 BB 92 2D 73 79 2F 
 56 03 9B 79 6F 97 6B 1A F7 CC 73 A5 50 98 83 31 
 B4 07 8A AF 3E 44 A9 F5 18 2B 0A 35 CD 47 76 43 
 90 8C 2C F4 1D D1 33 BC 22 AA A8 65 49 74 76 85 
 43 8B 3E 37 C3 82 6D 5C 3D 99 05 3A 8C 04 9A 2F 
 42 E6 23 31 60 8B 7F 52 B5 DF 84 15 FA D0 61 59 
 44 68 5C A7 58 EE 23 F3 1C FD 72 AB B2 3F 91 0D 
 0C 2B C7 FA 25 58 6F 55 E9 5F 86 B8 AC 76 8D 79 
 2B 02 A1 FC AC E3 79 7A AD 50 4B B2 AB CC 11 AE 
 21 92 F7 09 9E 0E A3 D9 A2 3D 0D 28 61 CF 77 BC 
 D2 54 B1 99 88 DA EB 94 3A B9 6D BE F7 03 CD B8 
 0E 1D 0C 4D F0 F2 86 4D 6E 98 96 8E BB 86 59 4C 
 75 60 F4 81 34 30 A3 AD B9 4D 9E 18 3B 4E B0 19 
 D8 1C 33 2B DF 71 BE B1 EC B1 E5 AB B1 1D 38 0F 
 E1 E2 69 B5 9A 5C 98 BD EF 3D 47 3A EB DC F9 A9 
 BE 7E A0 A2 60 E1 A3 2A C7 AD 39 87 A8 39 33 13 
 C9 35 91 E0 48 F9 2C C9 56 68 01 94 B9 81 FC 29 
 82 87 11 FF F5 9A 9A DA 2B 63 FD 2A 0E BF B6 DC 
 C9 A0 5E 94 40 BB 62 65 34 23 8F 18 60 41 
    IsEnEnabled(0x161 = 'ContextLoad'): 1
 SWTPM_IO_Write: length 14
 80 01 00 00 00 0E 00 00 00 00 02 00 00 00 
 SWTPM_IO_Read: length 14
 80 01 00 00 00 0E 00 00 01 65 80 00 00 00 
    IsEnEnabled(0x165 = 'FlushContext'): 1
 SWTPM_IO_Write: length 10
 80 01 00 00 00 0A 00 00 00 00 
 SWTPM_IO_Read: length 14
 80 01 00 00 00 0E 00 00 01 62 80 00 00 00 
    IsEnEnabled(0x162 = 'ContextSave'): 1
 SWTPM_IO_Write: length 10
 80 01 00 00 00 0A 00 00 09 10 
 SWTPM_IO_Read: length 14
 80 01 00 00 00 0E 00 00 01 62 80 00 00 01 
    IsEnEnabled(0x162 = 'ContextSave'): 1
 SWTPM_IO_Write: length 487
 80 01 00 00 01 E7 00 00 00 00 00 00 00 00 00 00 
 00 96 80 00 00 00 40 00 00 01 01 CB 00 40 30 AD 
 85 66 89 A6 2C 92 BB 5C 33 57 69 4D 67 C3 15 3F 
 9A 5D 33 F1 18 3C 8E E3 AF A7 2E 2F 06 9F 71 88 
 FA 13 0D 72 5E 4B 78 4A DB 47 F3 3B B8 17 90 31 
 C3 2C AF A2 68 E3 65 8A B7 19 62 DA 4D 91 19 02 
 2F 4A 7D B6 B9 74 97 78 E4 0C 71 B5 27 0B 4E 3C 
 C5 6F 28 95 8A E8 B9 A7 88 03 F1 74 01 2F B2 3C 
 C7 69 8C 61 DC 93 B0 CB E7 08 C1 AD E6 4F 43 EC 
 14 46 54 BA E1 85 96 FB 67 67 8E E7 16 EF 6B F1 
 01 B5 39 3B 05 94 83 A8 60 64 38 D2 34 1F E8 6A 
 51 AF B4 4F E9 08 17 7A C0 7B 4C 5A A2 49 EE 66 
 4A 71 01 4C 76 94 5F CB 35 CF D6 1A A1 CF D4 21 
 E7 91 B0 0F 1A 81 1B B1 37 47 28 05 22 0B 21 5B 
 55 56 1B 66 1F 95 73 5E 50 E7 4C DA FC 3A E2 78 
 2C AE 25 64 FB B0 48 BB 1D C4 4B 7C 77 7A C0 52 
 46 22 42 94 6D 59 2F 20 9C 2F C8 D9 4E 96 28 BA 
 83 CC 88 F2 96 BC 22 4A 55 CD D8 14 21 20 9E 35 
 36 E9 6F 49 EB EC 06 EC 67 41 F3 E2 33 81 09 61 
 E5 26 6F 22 4F 9B D2 01 DC 3E 32 BF 8A F7 70 28 
 64 7D 03 25 9A EF A8 7A 40 25 79 81 0F 92 DF 6B 
 86 D7 84 3F D5 3D 64 D8 ED E6 55 71 92 DC D2 FA 
 FE 98 A2 33 6E AD 57 72 26 B5 F2 96 0C 37 D3 F3 
 1B 46 71 7B DF 93 7A AE 1F 40 79 10 65 64 13 74 
 3D D1 5C 69 13 B7 3B B4 A8 7F B7 71 07 D5 7E B5 
 08 52 B5 6F C2 EA BB B5 A4 03 A6 FD 24 6A 05 69 
 95 86 2D BB F4 6E CC E1 A5 15 A9 F4 D5 5F 1E 3F 
 2F 50 EC EC 4F AC F7 04 79 2C 2F 13 4F 1D DA 5E 
 62 E0 20 40 6C F4 CF 5F 8C 50 A4 68 6C 72 50 EB 
 08 FD 30 8E 82 0E 0C 08 AD F3 56 A6 0D 9C A4 8C 
 66 B3 5C 18 2D 1E BF 
 SWTPM_IO_Read: length 14
 80 01 00 00 00 0E 00 00 01 65 80 00 00 01 
    IsEnEnabled(0x165 = 'FlushContext'): 1
 SWTPM_IO_Write: length 10
 80 01 00 00 00 0A 00 00 00 00 
 SWTPM_IO_Read: length 14
 80 01 00 00 00 0E 00 00 01 62 02 00 00 00 
    IsEnEnabled(0x162 = 'ContextSave'): 1
 SWTPM_IO_Write: length 414
 80 01 00 00 01 9E 00 00 00 00 00 00 00 00 00 00 
 00 79 02 00 00 00 40 00 00 07 01 82 00 40 82 80 
 5D E2 05 35 8C 32 2C 1E 04 34 DC 84 EF EA 39 50 
 19 41 43 13 53 3C 96 2C 3F 52 C0 38 46 CC 07 B7 
 3E A9 B2 3B 99 5A 48 A1 60 4D 0E D8 3D 79 03 EB 
 93 A7 3C 25 80 95 CD 76 64 3F D2 0F 1B F9 CA 9F 
 C5 E9 22 44 B2 7D 0F 49 D5 44 01 5E F1 A4 6B 55 
 AD F3 D7 26 8C AD 1B 75 59 F2 FD 50 F4 E7 84 44 
 5C 12 D0 D6 53 D5 AF 10 21 C8 2D 6D 7F 6F 9B 02 
 53 F6 59 A3 2A 30 EE 9C EF 19 65 39 D6 3F 45 0E 
 75 FC 78 10 57 0F 85 93 95 49 11 B3 8D 1C 39 91 
 1E E5 06 3C 2C 51 A4 A5 E6 C1 06 87 54 3D F7 19 
 7B 12 B7 15 95 06 19 16 06 AB CE 53 A6 92 4C 1C 
 E2 4D 92 4C 3C AF E4 CA 77 42 94 C4 EB E3 35 1B 
 62 10 E5 C9 68 25 23 C6 AF 01 96 84 8B 58 8E 48 
 F9 D4 6C DA 52 6C 63 96 BF 1E 97 35 BE DE BA DC 
 5D C8 06 0F 9A 14 5B 7E 93 B7 16 39 44 31 A7 9E 
 86 F1 D4 B7 09 41 B8 C0 B7 C6 7A 4C 0A B7 D7 DA 
 33 68 1C 1A B3 86 8E 48 45 93 5D 82 34 C6 B3 89 
 1E AB 69 42 D7 6D E6 2E 27 B8 26 D6 F4 6C DD 62 
 B2 F5 48 79 75 DA 31 29 5C 65 06 5E 2E 6A 3E 51 
 12 9C E8 E4 BD E9 E0 0E 7D BB C7 1E EA 48 14 4D 
 A9 33 9C E3 A4 D2 12 91 6E C4 3A 16 03 6C 9B E2 
 1C B7 52 46 25 4D 13 BE AA 34 9E 1E F1 50 72 11 
 A9 77 F8 A3 50 47 29 F1 0B C2 75 2A D4 F2 41 6F 
 DB 65 F7 85 34 57 99 9A 81 36 73 77 C0 51 
 SWTPM_IO_Read: length 487
 80 01 00 00 01 E7 00 00 01 61 00 00 00 00 00 00 
 00 96 80 00 00 00 40 00 00 01 01 CB 00 40 30 AD 
 85 66 89 A6 2C 92 BB 5C 33 57 69 4D 67 C3 15 3F 
 9A 5D 33 F1 18 3C 8E E3 AF A7 2E 2F 06 9F 71 88 
 FA 13 0D 72 5E 4B 78 4A DB 47 F3 3B B8 17 90 31 
 C3 2C AF A2 68 E3 65 8A B7 19 62 DA 4D 91 19 02 
 2F 4A 7D B6 B9 74 97 78 E4 0C 71 B5 27 0B 4E 3C 
 C5 6F 28 95 8A E8 B9 A7 88 03 F1 74 01 2F B2 3C 
 C7 69 8C 61 DC 93 B0 CB E7 08 C1 AD E6 4F 43 EC 
 14 46 54 BA E1 85 96 FB 67 67 8E E7 16 EF 6B F1 
 01 B5 39 3B 05 94 83 A8 60 64 38 D2 34 1F E8 6A 
 51 AF B4 4F E9 08 17 7A C0 7B 4C 5A A2 49 EE 66 
 4A 71 01 4C 76 94 5F CB 35 CF D6 1A A1 CF D4 21 
 E7 91 B0 0F 1A 81 1B B1 37 47 28 05 22 0B 21 5B 
 55 56 1B 66 1F 95 73 5E 50 E7 4C DA FC 3A E2 78 
 2C AE 25 64 FB B0 48 BB 1D C4 4B 7C 77 7A C0 52 
 46 22 42 94 6D 59 2F 20 9C 2F C8 D9 4E 96 28 BA 
 83 CC 88 F2 96 BC 22 4A 55 CD D8 14 21 20 9E 35 
 36 E9 6F 49 EB EC 06 EC 67 41 F3 E2 33 81 09 61 
 E5 26 6F 22 4F 9B D2 01 DC 3E 32 BF 8A F7 70 28 
 64 7D 03 25 9A EF A8 7A 40 25 79 81 0F 92 DF 6B 
 86 D7 84 3F D5 3D 64 D8 ED E6 55 71 92 DC D2 FA 
 FE 98 A2 33 6E AD 57 72 26 B5 F2 96 0C 37 D3 F3 
 1B 46 71 7B DF 93 7A AE 1F 40 79 10 65 64 13 74 
 3D D1 5C 69 13 B7 3B B4 A8 7F B7 71 07 D5 7E B5 
 08 52 B5 6F C2 EA BB B5 A4 03 A6 FD 24 6A 05 69 
 95 86 2D BB F4 6E CC E1 A5 15 A9 F4 D5 5F 1E 3F 
 2F 50 EC EC 4F AC F7 04 79 2C 2F 13 4F 1D DA 5E 
 62 E0 20 40 6C F4 CF 5F 8C 50 A4 68 6C 72 50 EB 
 08 FD 30 8E 82 0E 0C 08 AD F3 56 A6 0D 9C A4 8C 
 66 B3 5C 18 2D 1E BF 
    IsEnEnabled(0x161 = 'ContextLoad'): 1
 SWTPM_IO_Write: length 14
 80 01 00 00 00 0E 00 00 00 00 80 00 00 00 
 SWTPM_IO_Read: length 414
 80 01 00 00 01 9E 00 00 01 61 00 00 00 00 00 00 
 00 79 02 00 00 00 40 00 00 07 01 82 00 40 82 80 
 5D E2 05 35 8C 32 2C 1E 04 34 DC 84 EF EA 39 50 
 19 41 43 13 53 3C 96 2C 3F 52 C0 38 46 CC 07 B7 
 3E A9 B2 3B 99 5A 48 A1 60 4D 0E D8 3D 79 03 EB 
 93 A7 3C 25 80 95 CD 76 64 3F D2 0F 1B F9 CA 9F 
 C5 E9 22 44 B2 7D 0F 49 D5 44 01 5E F1 A4 6B 55 
 AD F3 D7 26 8C AD 1B 75 59 F2 FD 50 F4 E7 84 44 
 5C 12 D0 D6 53 D5 AF 10 21 C8 2D 6D 7F 6F 9B 02 
 53 F6 59 A3 2A 30 EE 9C EF 19 65 39 D6 3F 45 0E 
 75 FC 78 10 57 0F 85 93 95 49 11 B3 8D 1C 39 91 
 1E E5 06 3C 2C 51 A4 A5 E6 C1 06 87 54 3D F7 19 
 7B 12 B7 15 95 06 19 16 06 AB CE 53 A6 92 4C 1C 
 E2 4D 92 4C 3C AF E4 CA 77 42 94 C4 EB E3 35 1B 
 62 10 E5 C9 68 25 23 C6 AF 01 96 84 8B 58 8E 48 
 F9 D4 6C DA 52 6C 63 96 BF 1E 97 35 BE DE BA DC 
 5D C8 06 0F 9A 14 5B 7E 93 B7 16 39 44 31 A7 9E 
 86 F1 D4 B7 09 41 B8 C0 B7 C6 7A 4C 0A B7 D7 DA 
 33 68 1C 1A B3 86 8E 48 45 93 5D 82 34 C6 B3 89 
 1E AB 69 42 D7 6D E6 2E 27 B8 26 D6 F4 6C DD 62 
 B2 F5 48 79 75 DA 31 29 5C 65 06 5E 2E 6A 3E 51 
 12 9C E8 E4 BD E9 E0 0E 7D BB C7 1E EA 48 14 4D 
 A9 33 9C E3 A4 D2 12 91 6E C4 3A 16 03 6C 9B E2 
 1C B7 52 46 25 4D 13 BE AA 34 9E 1E F1 50 72 11 
 A9 77 F8 A3 50 47 29 F1 0B C2 75 2A D4 F2 41 6F 
 DB 65 F7 85 34 57 99 9A 81 36 73 77 C0 51 
    IsEnEnabled(0x161 = 'ContextLoad'): 1
 SWTPM_IO_Write: length 14
 80 01 00 00 00 0E 00 00 00 00 02 00 00 00 
 SWTPM_IO_Read: length 14
 80 01 00 00 00 0E 00 00 01 65 80 00 00 00 
    IsEnEnabled(0x165 = 'FlushContext'): 1
 SWTPM_IO_Write: length 10
 80 01 00 00 00 0A 00 00 00 00 
 SWTPM_IO_Read: length 14
 80 01 00 00 00 0E 00 00 01 62 80 00 00 00 
    IsEnEnabled(0x162 = 'ContextSave'): 1
 SWTPM_IO_Write: length 10
 80 01 00 00 00 0A 00 00 09 10 
 SWTPM_IO_Read: length 14
 80 01 00 00 00 0E 00 00 01 62 02 00 00 00 
    IsEnEnabled(0x162 = 'ContextSave'): 1
 SWTPM_IO_Write: length 414
 80 01 00 00 01 9E 00 00 00 00 00 00 00 00 00 00 
 00 7A 02 00 00 00 40 00 00 07 01 82 00 40 7D 7D 
 52 1E 45 53 90 9E AC 19 1E 2D 53 FE 05 B2 D9 03 
 00 14 B5 38 0B 01 44 0E 53 71 1A 50 F8 5A DE F4 
 E9 5E 13 0F 80 38 D7 58 14 F3 2B C0 B7 B4 10 B0 
 F7 BB 6B 62 D5 80 FE 3F 98 CC F3 F1 1A 24 33 27 
 8C 5C CA 39 12 D5 A6 1A 6E C6 33 25 CC 07 85 40 
 9C A2 C9 3F 7B B5 5D F4 79 58 69 69 13 27 0E F1 
 99 2F 71 87 2A D4 AD 44 14 0C 57 A0 6A F8 60 6B 
 1D 68 9F F3 BC E9 77 14 77 CB E0 93 26 DC D9 DA 
 C0 ED 78 EA 59 CF A6 90 FA 61 BB 3B 4A 24 54 4A 
 A0 2B E0 71 19 6A F8 1B 04 E3 07 63 0A C0 A7 84 
 38 ED FF 03 1A 82 17 A0 CC 33 AA 84 BA 84 29 CA 
 B1 3B 9D A1 A2 4A AC 06 6F E9 26 85 E6 DD 1B 6D 
 2E 42 29 98 BE EC 58 79 E8 64 DA 93 0E F3 52 A8 
 50 74 60 96 FD D6 81 05 1E 1D 60 F1 27 E0 08 2A 
 99 C0 C8 E2 CE 6A 2A 27 25 91 C0 1D F8 ED 08 BA 
 DF A6 D5 FE ED E0 4C 46 79 9D C8 CF DA 9F 72 31 
 0F DD F3 F9 4C E2 01 E8 ED E9 02 CD 80 8F A1 9F 
 04 9C D9 AE A0 C8 95 C6 47 6A A4 00 34 D1 1F B9 
 FB 66 97 8C 9C 34 81 AE BF F4 C8 67 2F C7 3E 67 
 0B B1 4A 6A 8A ED 2E D7 F7 97 0B C0 6B 59 E3 5C 
 B9 50 BB 02 CD 81 02 37 21 51 BD C8 92 EF 74 0D 
 3A 66 26 49 D8 FD 72 CF 7A FD 77 2D 1C BF 41 65 
 2B 17 F2 26 19 1E 32 12 F0 7F 03 AD 73 71 6C D6 
 77 58 97 47 84 8E 8E D7 82 D9 93 CF 99 45 
 SWTPM_IO_Read: length 414
 80 01 00 00 01 9E 00 00 01 61 00 00 00 00 00 00 
 00 7A 02 00 00 00 40 00 00 07 01 82 00 40 7D 7D 
 52 1E 45 53 90 9E AC 19 1E 2D 53 FE 05 B2 D9 03 
 00 14 B5 38 0B 01 44 0E 53 71 1A 50 F8 5A DE F4 
 E9 5E 13 0F 80 38 D7 58 14 F3 2B C0 B7 B4 10 B0 
 F7 BB 6B 62 D5 80 FE 3F 98 CC F3 F1 1A 24 33 27 
 8C 5C CA 39 12 D5 A6 1A 6E C6 33 25 CC 07 85 40 
 9C A2 C9 3F 7B B5 5D F4 79 58 69 69 13 27 0E F1 
 99 2F 71 87 2A D4 AD 44 14 0C 57 A0 6A F8 60 6B 
 1D 68 9F F3 BC E9 77 14 77 CB E0 93 26 DC D9 DA 
 C0 ED 78 EA 59 CF A6 90 FA 61 BB 3B 4A 24 54 4A 
 A0 2B E0 71 19 6A F8 1B 04 E3 07 63 0A C0 A7 84 
 38 ED FF 03 1A 82 17 A0 CC 33 AA 84 BA 84 29 CA 
 B1 3B 9D A1 A2 4A AC 06 6F E9 26 85 E6 DD 1B 6D 
 2E 42 29 98 BE EC 58 79 E8 64 DA 93 0E F3 52 A8 
 50 74 60 96 FD D6 81 05 1E 1D 60 F1 27 E0 08 2A 
 99 C0 C8 E2 CE 6A 2A 27 25 91 C0 1D F8 ED 08 BA 
 DF A6 D5 FE ED E0 4C 46 79 9D C8 CF DA 9F 72 31 
 0F DD F3 F9 4C E2 01 E8 ED E9 02 CD 80 8F A1 9F 
 04 9C D9 AE A0 C8 95 C6 47 6A A4 00 34 D1 1F B9 
 FB 66 97 8C 9C 34 81 AE BF F4 C8 67 2F C7 3E 67 
 0B B1 4A 6A 8A ED 2E D7 F7 97 0B C0 6B 59 E3 5C 
 B9 50 BB 02 CD 81 02 37 21 51 BD C8 92 EF 74 0D 
 3A 66 26 49 D8 FD 72 CF 7A FD 77 2D 1C BF 41 65 
 2B 17 F2 26 19 1E 32 12 F0 7F 03 AD 73 71 6C D6 
 77 58 97 47 84 8E 8E D7 82 D9 93 CF 99 45 
    IsEnEnabled(0x161 = 'ContextLoad'): 1
 SWTPM_IO_Write: length 14
 80 01 00 00 00 0E 00 00 00 00 02 00 00 00 
 SWTPM_IO_Read: length 14
 80 01 00 00 00 0E 00 00 01 65 02 00 00 00 
    IsEnEnabled(0x165 = 'FlushContext'): 1
 SWTPM_IO_Write: length 10
 80 01 00 00 00 0A 00 00 00 00 
 SWTPM_IO_Read: length 14
 80 01 00 00 00 0E 00 00 01 62 02 00 00 00 
    IsEnEnabled(0x162 = 'ContextSave'): 1
 SWTPM_IO_Write: length 10
 80 01 00 00 00 0A 00 00 09 10 
 SWTPM_IO_Read: length 12
 80 01 00 00 00 0C 00 00 01 7B 00 08 
    IsEnEnabled(0x17b = 'GetRandom'): 1
 SWTPM_IO_Write: length 20
 80 01 00 00 00 14 00 00 00 00 00 08 96 88 B6 8B 
 21 71 38 AA 
 SWTPM_IO_Read: length 63
 80 01 00 00 00 3F 00 00 01 76 40 00 00 07 40 00 
 00 07 00 20 A4 2F 81 28 26 A3 14 57 A9 3F EC 27 
 92 12 D3 BD FC 8C 0B 80 F1 E6 74 40 D8 A8 5B B3 
 EE B6 0F 6C 00 00 00 00 06 00 80 00 43 00 0B 
    IsEnEnabled(0x176 = 'StartAuthSession'): 1
 SWTPM_IO_Write: length 48
 80 01 00 00 00 30 00 00 00 00 02 00 00 00 00 20 
 3B 30 86 80 3F 90 33 D0 27 06 29 FC 5A C9 D7 37 
 3B 78 10 89 8E AE F5 BF E4 53 A2 4B C9 64 F6 1F 
 SWTPM_IO_Read: length 14
 80 01 00 00 00 0E 00 00 01 62 02 00 00 00 
    IsEnEnabled(0x162 = 'ContextSave'): 1
 SWTPM_IO_Write: length 414
 80 01 00 00 01 9E 00 00 00 00 00 00 00 00 00 00 
 00 7B 02 00 00 00 40 00 00 07 01 82 00 40 36 08 
 59 A9 33 46 29 FE C0 F5 B0 2E 48 77 72 89 7F 4D 
 B5 81 E1 E9 71 B7 88 D7 73 25 CB 5B 5C C0 BB 25 
 52 D7 7B E4 46 14 49 E0 FB CA 52 8B 3A 0D 52 57 
 52 CF 1D 01 E7 DE B3 95 E8 79 77 07 95 C4 48 4A 
 16 C2 90 63 61 31 8E 40 BA B4 D1 11 09 CD 38 A0 
 5A 31 33 68 10 A1 2B 21 CC B6 C1 12 42 6B 19 6E 
 54 7F D4 6C 16 17 99 5D 5F 5D 18 A9 53 A6 3A 17 
 70 4B 0F D5 5C 63 11 F1 48 8A 4E 50 71 A8 E6 DB 
 E7 56 E9 BA A7 E2 01 03 3F D5 FC 79 5E 0E 3B A7 
 58 61 57 B8 67 C3 2A E7 B0 5C C8 5F FC 1D 69 BA 
 35 38 6D A9 AD 05 58 76 6F F8 92 04 AF E1 47 1B 
 B7 04 83 A1 89 4E DE DC 2E 9C 67 9A A3 14 09 BA 
 68 47 2C 01 64 B6 A0 78 FC CD F1 6A 16 2A 64 FB 
 15 09 51 68 4D 1B 2B 35 28 65 8E 15 24 18 A4 16 
 B1 63 B9 B1 D0 FE 4A B1 AE 5C C2 C3 7D 1F D5 55 
 D7 26 FC B5 1C A3 94 41 60 5C 34 F3 E4 AC 9B 1A 
 82 9D 85 D4 C5 75 F7 DA 27 9A 03 DA 42 AB C2 23 
 11 8B D8 07 03 A0 C0 0E 57 57 96 FA AF F4 C8 4B 
 C8 2F 72 C6 47 D3 F2 98 A5 71 A3 52 D3 9F CF 77 
 38 CA 19 8C 6E 7A C8 DA F0 6F F5 29 33 AF A0 4B 
 77 60 65 E6 DC A8 EB AF 9D B1 6E B5 62 3A 73 0E 
 2F CD 93 7C 86 73 29 71 EA 14 C3 AB DD DF E9 4B 
 17 54 10 97 FC 37 B2 C1 37 97 1A 94 09 36 06 D0 
 C3 FC 65 36 67 E3 10 35 61 DC 98 A4 45 FB 
 SWTPM_IO_Read: length 414
 80 01 00 00 01 9E 00 00 01 61 00 00 00 00 00 00 
 00 7B 02 00 00 00 40 00 00 07 01 82 00 40 36 08 
 59 A9 33 46 29 FE C0 F5 B0 2E 48 77 72 89 7F 4D 
 B5 81 E1 E9 71 B7 88 D7 73 25 CB 5B 5C C0 BB 25 
 52 D7 7B E4 46 14 49 E0 FB CA 52 8B 3A 0D 52 57 
 52 CF 1D 01 E7 DE B3 95 E8 79 77 07 95 C4 48 4A 
 16 C2 90 63 61 31 8E 40 BA B4 D1 11 09 CD 38 A0 
 5A 31 33 68 10 A1 2B 21 CC B6 C1 12 42 6B 19 6E 
 54 7F D4 6C 16 17 99 5D 5F 5D 18 A9 53 A6 3A 17 
 70 4B 0F D5 5C 63 11 F1 48 8A 4E 50 71 A8 E6 DB 
 E7 56 E9 BA A7 E2 01 03 3F D5 FC 79 5E 0E 3B A7 
 58 61 57 B8 67 C3 2A E7 B0 5C C8 5F FC 1D 69 BA 
 35 38 6D A9 AD 05 58 76 6F F8 92 04 AF E1 47 1B 
 B7 04 83 A1 89 4E DE DC 2E 9C 67 9A A3 14 09 BA 
 68 47 2C 01 64 B6 A0 78 FC CD F1 6A 16 2A 64 FB 
 15 09 51 68 4D 1B 2B 35 28 65 8E 15 24 18 A4 16 
 B1 63 B9 B1 D0 FE 4A B1 AE 5C C2 C3 7D 1F D5 55 
 D7 26 FC B5 1C A3 94 41 60 5C 34 F3 E4 AC 9B 1A 
 82 9D 85 D4 C5 75 F7 DA 27 9A 03 DA 42 AB C2 23 
 11 8B D8 07 03 A0 C0 0E 57 57 96 FA AF F4 C8 4B 
 C8 2F 72 C6 47 D3 F2 98 A5 71 A3 52 D3 9F CF 77 
 38 CA 19 8C 6E 7A C8 DA F0 6F F5 29 33 AF A0 4B 
 77 60 65 E6 DC A8 EB AF 9D B1 6E B5 62 3A 73 0E 
 2F CD 93 7C 86 73 29 71 EA 14 C3 AB DD DF E9 4B 
 17 54 10 97 FC 37 B2 C1 37 97 1A 94 09 36 06 D0 
 C3 FC 65 36 67 E3 10 35 61 DC 98 A4 45 FB 
    IsEnEnabled(0x161 = 'ContextLoad'): 1
 SWTPM_IO_Write: length 14
 80 01 00 00 00 0E 00 00 00 00 02 00 00 00 
 SWTPM_IO_Read: length 131
 80 02 00 00 00 83 00 00 01 31 40 00 00 01 00 00 
 00 49 02 00 00 00 00 20 25 8A 8B F6 31 4C A3 2D 
 17 7B 6D 48 0D 3E 5E E8 5D 48 20 2F A6 96 53 FA 
 1C 42 04 58 54 2E 27 80 61 00 20 63 3B E7 0C A5 
 80 AE 8E BC 35 62 44 6A 3C F9 35 5A 81 E1 D6 D8 
 64 32 0F 9F E8 7F FE 8C 51 89 63 00 04 06 F9 83 
 84 00 1A 00 23 00 0B 00 03 00 72 00 00 00 06 00 
 80 00 43 00 10 00 03 00 10 00 00 00 00 00 00 00 
 00 00 00 
    IsEnEnabled(0x131 = 'CreatePrimary'): 1
 SWTPM_IO_Write: length 378
 80 02 00 00 01 7A 00 00 00 00 80 00 00 00 00 00 
 01 23 00 5A 70 A9 0E 03 D2 95 70 C8 8A 4D E2 94 
 21 09 5E 03 82 2D EB 63 B6 2C 23 AD F3 8F 89 4E 
 14 96 B4 A5 12 85 F4 26 2A 67 06 04 33 D6 31 FA 
 93 BA BF 8C 28 B6 72 54 5C 4E 51 59 F5 14 CC 9E 
 7A C2 F5 8D DD BD 91 26 22 45 FB 0D 58 D1 89 33 
 A5 B9 C2 AF F5 CA B4 E6 1C C3 A4 59 6A 40 00 37 
 00 00 00 00 00 20 E3 B0 C4 42 98 FC 1C 14 9A FB 
 F4 C8 99 6F B9 24 27 AE 41 E4 64 9B 93 4C A4 95 
 99 1B 78 52 B8 55 01 00 10 00 04 40 00 00 01 00 
 04 40 00 00 01 00 00 00 20 5D A0 41 BA C0 EE 31 
 35 AE BB 0C AD FB A4 97 C6 A1 87 7F AE 83 2D D3 
 D1 F8 F7 A8 71 B8 25 E8 54 80 21 40 00 00 01 00 
 40 ED B8 6A 00 B3 8E FC 84 CA BC A0 3D 03 1D F6 
 B4 D6 3C DC A6 AF 87 74 DF DB 1C 23 0E 30 A7 2F 
 A6 90 16 93 93 BA AA 0E FE 32 7F A1 C0 34 5E 94 
 FB 00 BE F4 AF E9 D6 73 BF 9D AF 7C 9B 3F 30 DB 
 B8 00 22 00 0B 9D EB C6 29 7B 08 4B 07 DA EC D1 
 D0 9F F9 BA 39 99 49 C1 64 F1 FF 99 82 AE 53 CD 
 EF F6 8D 9A 48 00 20 3E 43 F3 AB DA 74 7E 84 DA 
 D0 B8 12 79 98 A4 6D 12 83 ED C8 CE 2D 83 5F 55 
 18 91 49 4A 1E 33 4F 61 00 20 10 B8 9B C7 40 E4 
 F7 EF 09 31 55 80 E4 0B DD 47 0D 9E 2E D6 D5 F8 
 13 96 40 FA 30 77 CD 28 16 03 
 SWTPM_IO_Read: length 14
 80 01 00 00 00 0E 00 00 01 62 80 00 00 00 
    IsEnEnabled(0x162 = 'ContextSave'): 1
 SWTPM_IO_Write: length 468
 80 01 00 00 01 D4 00 00 00 00 00 00 00 00 00 00 
 00 97 80 00 00 00 40 00 00 01 01 B8 00 40 D8 F7 
 E6 48 99 9F FA 60 8D 4B B2 EE 08 F6 9E 8B 0A B5 
 E3 1C 2A C3 E0 D5 77 73 0A A5 CD 86 5D 5C DF 46 
 D6 D9 5B CA 5D C0 AE 29 5A 73 CB F9 11 0F D9 5F 
 A5 53 46 D6 EB B4 C8 5D 0E F2 C0 5B ED AB 8A BF 
 4B 21 A8 67 AA 58 B3 4F 79 93 61 F6 6B 60 8A 8A 
 A7 F9 EA E1 01 CE D0 90 40 9C A3 C4 50 BB 5D 0A 
 8F C3 4B 45 54 B6 25 0F C3 A2 D4 C3 B8 BC 94 D1 
 92 BC 70 54 27 F4 39 7B 09 51 B5 FC 77 3F 80 4B 
 F5 9C 1A 24 9D 6F A5 BF 7E 4A EC 93 E8 3E C0 2A 
 E7 D6 BF 0A 90 12 B0 C8 2E 39 04 21 9E E1 DA A3 
 35 BD 91 4B 4B 38 20 4C 6F 3D 79 F0 1A 41 CD A7 
 8A D3 0E AA B5 4E 3C B5 E5 68 74 3F 7D 62 27 D5 
 B7 8C 86 60 8D 2D 57 FB 29 74 14 BC 2F F1 BB 27 
 4D 39 9F 7E C9 F6 CA DB BB 22 CE CB FD 03 67 6F 
 57 5A 6B 52 4F B6 B5 41 A0 07 FE 5A 2F 67 87 6A 
 F3 01 64 E3 59 16 02 75 88 01 A9 D0 68 E0 51 D0 
 CD B1 0E A9 B9 55 54 3D BD AA F0 C3 78 32 2A 14 
 02 DF A5 62 30 9C 98 D5 3D 82 17 D3 D0 FB 16 21 
 00 F1 6F E0 8F A8 79 B7 89 E4 A1 CB 05 39 7B 18 
 2C AA 21 03 D9 0B CB D0 1E 9E D9 6A 9D 7D 05 0B 
 C3 57 79 69 17 62 4E 27 82 27 90 AD EC AD A0 1E 
 57 87 75 2E C4 7C B8 1D 30 7E 63 7A 35 59 DA CE 
 92 1B 24 6A 1C 49 3C 93 9C 55 49 59 1D 0C D3 9A 
 1D 2E BC BC C1 09 AC E4 3B 42 F3 01 E8 4D BB 78 
 31 22 F2 F8 BF F8 A8 B0 68 6E 2D 6E 94 2A B9 02 
 86 DA 4D 91 7A 56 66 6A A1 05 AD 43 F2 32 5F 70 
 89 8E 30 67 89 87 E9 BA 12 16 D5 B7 CC 61 D1 49 
 93 4B D1 C2 
 SWTPM_IO_Read: length 14
 80 01 00 00 00 0E 00 00 01 65 80 00 00 00 
    IsEnEnabled(0x165 = 'FlushContext'): 1
 SWTPM_IO_Write: length 10
 80 01 00 00 00 0A 00 00 00 00 
 SWTPM_IO_Read: length 14
 80 01 00 00 00 0E 00 00 01 62 02 00 00 00 
    IsEnEnabled(0x162 = 'ContextSave'): 1
 SWTPM_IO_Write: length 414
 80 01 00 00 01 9E 00 00 00 00 00 00 00 00 00 00 
 00 7C 02 00 00 00 40 00 00 07 01 82 00 40 26 90 
 13 23 15 0C 1D A8 F5 FB C5 5F 35 AE 3E D3 6B BD 
 66 E7 F8 BD 16 AF 28 48 22 D1 27 DD C0 1D C1 10 
 80 18 E0 9D DD 6E E8 2B 65 84 0E C7 C1 40 A4 FD 
 55 80 6E CC 70 62 D6 04 92 57 3E FA 0F 50 39 25 
 C4 C6 36 A8 30 92 8E 0F 4F 9A 72 71 33 6C 86 F6 
 1A 29 9A 44 5B 9C DC 61 21 E7 4A 22 92 7A BD EA 
 F7 75 F3 01 20 85 E5 C3 AF EB AC 01 4A D9 E0 D5 
 F2 A5 59 2E 17 D0 F2 0A 03 1C DB B5 2D 74 86 0E 
 44 9D F5 2A 69 52 0D 19 2B 73 D9 CE AA BA 2B FF 
 84 40 58 4D 4F 51 1B E3 82 9E D8 F9 CB 69 79 81 
 50 28 1A 84 6C 51 F0 44 EB E9 EE 75 EF 6B 3F 91 
 3C 8E 87 5C F6 27 B9 D5 32 C9 E4 83 27 A8 D4 6E 
 83 C5 B7 86 59 29 F0 90 3C 71 FA 16 39 8D D4 23 
 0E 44 AE 69 7F B1 DD 22 CE 55 75 00 E4 BB 2D 80 
 F6 1D 2A 7E 30 F2 26 B6 C7 BF 85 D1 9E 6E 72 FA 
 F2 AB C7 E7 35 BF 6D 2B 5B EF 0F E8 66 39 C2 29 
 04 5D 5F F1 BD 48 37 33 ED F3 19 72 D9 CC 46 80 
 0E 28 88 1A 54 55 33 90 B0 C1 C7 B4 52 E6 20 F6 
 33 6A E4 38 2B 01 EB 4B AA CC F8 7E CF 16 31 26 
 FB 43 A1 32 AC E4 C8 0E CC 3F 66 5C B8 B7 57 96 
 23 4D 94 35 0D C2 00 A0 B2 EB D4 F8 A2 05 0E C5 
 57 1F E8 24 3E 0D 06 0F 5E 34 5A BB F0 7B FD 8C 
 30 F6 90 4D 9A BD 01 ED F1 DA FA A4 DE DC F7 7F 
 2C 0B EA F4 88 58 2E 33 88 2D 06 FD 7A 5D 
 SWTPM_IO_Read: length 468
 80 01 00 00 01 D4 00 00 01 61 00 00 00 00 00 00 
 00 97 80 00 00 00 40 00 00 01 01 B8 00 40 D8 F7 
 E6 48 99 9F FA 60 8D 4B B2 EE 08 F6 9E 8B 0A B5 
 E3 1C 2A C3 E0 D5 77 73 0A A5 CD 86 5D 5C DF 46 
 D6 D9 5B CA 5D C0 AE 29 5A 73 CB F9 11 0F D9 5F 
 A5 53 46 D6 EB B4 C8 5D 0E F2 C0 5B ED AB 8A BF 
 4B 21 A8 67 AA 58 B3 4F 79 93 61 F6 6B 60 8A 8A 
 A7 F9 EA E1 01 CE D0 90 40 9C A3 C4 50 BB 5D 0A 
 8F C3 4B 45 54 B6 25 0F C3 A2 D4 C3 B8 BC 94 D1 
 92 BC 70 54 27 F4 39 7B 09 51 B5 FC 77 3F 80 4B 
 F5 9C 1A 24 9D 6F A5 BF 7E 4A EC 93 E8 3E C0 2A 
 E7 D6 BF 0A 90 12 B0 C8 2E 39 04 21 9E E1 DA A3 
 35 BD 91 4B 4B 38 20 4C 6F 3D 79 F0 1A 41 CD A7 
 8A D3 0E AA B5 4E 3C B5 E5 68 74 3F 7D 62 27 D5 
 B7 8C 86 60 8D 2D 57 FB 29 74 14 BC 2F F1 BB 27 
 4D 39 9F 7E C9 F6 CA DB BB 22 CE CB FD 03 67 6F 
 57 5A 6B 52 4F B6 B5 41 A0 07 FE 5A 2F 67 87 6A 
 F3 01 64 E3 59 16 02 75 88 01 A9 D0 68 E0 51 D0 
 CD B1 0E A9 B9 55 54 3D BD AA F0 C3 78 32 2A 14 
 02 DF A5 62 30 9C 98 D5 3D 82 17 D3 D0 FB 16 21 
 00 F1 6F E0 8F A8 79 B7 89 E4 A1 CB 05 39 7B 18 
 2C AA 21 03 D9 0B CB D0 1E 9E D9 6A 9D 7D 05 0B 
 C3 57 79 69 17 62 4E 27 82 27 90 AD EC AD A0 1E 
 57 87 75 2E C4 7C B8 1D 30 7E 63 7A 35 59 DA CE 
 92 1B 24 6A 1C 49 3C 93 9C 55 49 59 1D 0C D3 9A 
 1D 2E BC BC C1 09 AC E4 3B 42 F3 01 E8 4D BB 78 
 31 22 F2 F8 BF F8 A8 B0 68 6E 2D 6E 94 2A B9 02 
 86 DA 4D 91 7A 56 66 6A A1 05 AD 43 F2 32 5F 70 
 89 8E 30 67 89 87 E9 BA 12 16 D5 B7 CC 61 D1 49 
 93 4B D1 C2 
    IsEnEnabled(0x161 = 'ContextLoad'): 1
 SWTPM_IO_Write: length 14
 80 01 00 00 00 0E 00 00 00 00 80 00 00 00 
 SWTPM_IO_Read: length 414
 80 01 00 00 01 9E 00 00 01 61 00 00 00 00 00 00 
 00 7C 02 00 00 00 40 00 00 07 01 82 00 40 26 90 
 13 23 15 0C 1D A8 F5 FB C5 5F 35 AE 3E D3 6B BD 
 66 E7 F8 BD 16 AF 28 48 22 D1 27 DD C0 1D C1 10 
 80 18 E0 9D DD 6E E8 2B 65 84 0E C7 C1 40 A4 FD 
 55 80 6E CC 70 62 D6 04 92 57 3E FA 0F 50 39 25 
 C4 C6 36 A8 30 92 8E 0F 4F 9A 72 71 33 6C 86 F6 
 1A 29 9A 44 5B 9C DC 61 21 E7 4A 22 92 7A BD EA 
 F7 75 F3 01 20 85 E5 C3 AF EB AC 01 4A D9 E0 D5 
 F2 A5 59 2E 17 D0 F2 0A 03 1C DB B5 2D 74 86 0E 
 44 9D F5 2A 69 52 0D 19 2B 73 D9 CE AA BA 2B FF 
 84 40 58 4D 4F 51 1B E3 82 9E D8 F9 CB 69 79 81 
 50 28 1A 84 6C 51 F0 44 EB E9 EE 75 EF 6B 3F 91 
 3C 8E 87 5C F6 27 B9 D5 32 C9 E4 83 27 A8 D4 6E 
 83 C5 B7 86 59 29 F0 90 3C 71 FA 16 39 8D D4 23 
 0E 44 AE 69 7F B1 DD 22 CE 55 75 00 E4 BB 2D 80 
 F6 1D 2A 7E 30 F2 26 B6 C7 BF 85 D1 9E 6E 72 FA 
 F2 AB C7 E7 35 BF 6D 2B 5B EF 0F E8 66 39 C2 29 
 04 5D 5F F1 BD 48 37 33 ED F3 19 72 D9 CC 46 80 
 0E 28 88 1A 54 55 33 90 B0 C1 C7 B4 52 E6 20 F6 
 33 6A E4 38 2B 01 EB 4B AA CC F8 7E CF 16 31 26 
 FB 43 A1 32 AC E4 C8 0E CC 3F 66 5C B8 B7 57 96 
 23 4D 94 35 0D C2 00 A0 B2 EB D4 F8 A2 05 0E C5 
 57 1F E8 24 3E 0D 06 0F 5E 34 5A BB F0 7B FD 8C 
 30 F6 90 4D 9A BD 01 ED F1 DA FA A4 DE DC F7 7F 
 2C 0B EA F4 88 58 2E 33 88 2D 06 FD 7A 5D 
    IsEnEnabled(0x161 = 'ContextLoad'): 1
 SWTPM_IO_Write: length 14
 80 01 00 00 00 0E 00 00 00 00 02 00 00 00 
 SWTPM_IO_Read: length 14
 80 01 00 00 00 0E 00 00 01 65 02 00 00 00 
    IsEnEnabled(0x165 = 'FlushContext'): 1
 SWTPM_IO_Write: length 10
 80 01 00 00 00 0A 00 00 00 00 
 SWTPM_IO_Read: length 14
 80 01 00 00 00 0E 00 00 01 62 80 00 00 00 
    IsEnEnabled(0x162 = 'ContextSave'): 1
 SWTPM_IO_Write: length 468
 80 01 00 00 01 D4 00 00 00 00 00 00 00 00 00 00 
 00 98 80 00 00 00 40 00 00 01 01 B8 00 40 16 02 
 7C BD B3 4D DF 2F 5C DD 46 FF 59 64 D8 79 26 12 
 AC 5A D3 FE 38 D9 4F 0B 44 2C BF 4F 1F 37 94 63 
 B4 2A 6B C3 A8 AB F6 1E E2 D6 CF DA 41 42 28 57 
 57 7F 48 60 5D D7 CB CD 76 0F 8F E1 A4 67 EE 01 
 90 7D 78 8C A9 87 8C FE 53 EC EF 68 8C F6 B0 3A 
 E9 71 F7 D4 39 92 20 D5 69 E5 97 70 D0 E4 BA BD 
 F7 3A DA D1 20 96 9E CF 37 B9 CB 4F 81 C1 37 F6 
 BF 50 6F 91 37 4E 99 E2 53 76 30 1F FA AE E3 CE 
 97 B1 0E A9 4B 8F B1 89 EB 8A 8D 6A 3A FF 20 75 
 14 CD 45 EF 14 08 D3 31 CA 8F 74 6B 00 DC AB 9C 
 98 4D 60 03 5A D4 0B 1B 9E D7 9B 12 37 FB E3 DC 
 8C 2F 86 65 58 43 FC 0D 3A 10 02 78 FF 19 D1 C5 
 99 12 5A 8E 7C B1 79 E8 55 FA 1A 13 17 96 39 09 
 16 20 DB 7D 13 2D 70 8C 27 89 24 C0 97 29 C2 D0 
 5E B2 78 B1 F9 9B 7B 93 36 2C 09 AD 87 E6 C6 4D 
 9E 9C D0 25 63 40 53 E2 A7 47 4C 61 21 7B E4 D9 
 E6 6A 56 6B E3 40 0E 19 37 8D 62 39 96 A6 3C 4C 
 53 F8 FD 0C 20 38 9D EF 90 BA AD 23 FC E3 66 B8 
 CC 8E 6D 27 2F 49 13 6A EE 1F C6 AE A3 31 B3 3C 
 B6 0D 34 7F 66 9B 0E B0 DD C6 36 22 D7 00 9E 3C 
 11 E3 69 A8 B4 72 31 E7 E2 F5 61 BC D1 37 37 30 
 57 14 93 E2 39 3B 15 97 18 02 52 B5 3D CF D0 74 
 4E 01 4D C9 38 18 ED 40 6E 9F 26 AE CE 01 BA C4 
 67 A4 8B EE 8A 84 2C A8 4A 9B 2D FA F5 0E 7B 94 
 D0 68 B0 BC 83 17 2F 5E F7 44 93 A0 AD 11 28 5E 
 33 38 3E C1 4D 06 E3 96 4F 4C CC F6 95 25 AE 95 
 F5 F1 63 FB 30 26 6C 36 56 BF 8A 3C B4 AA 36 0E 
 B3 37 F6 D1 
 SWTPM_IO_Read: length 14
 80 01 00 00 00 0E 00 00 01 65 80 00 00 00 
    IsEnEnabled(0x165 = 'FlushContext'): 1
 SWTPM_IO_Write: length 10
 80 01 00 00 00 0A 00 00 00 00 
 SWTPM_IO_Read: length 14
 80 01 00 00 00 0E 00 00 01 62 02 00 00 00 
    IsEnEnabled(0x162 = 'ContextSave'): 1
 SWTPM_IO_Write: length 10
 80 01 00 00 00 0A 00 00 09 10 
 SWTPM_IO_Read: length 468
 80 01 00 00 01 D4 00 00 01 61 00 00 00 00 00 00 
 00 98 80 00 00 00 40 00 00 01 01 B8 00 40 16 02 
 7C BD B3 4D DF 2F 5C DD 46 FF 59 64 D8 79 26 12 
 AC 5A D3 FE 38 D9 4F 0B 44 2C BF 4F 1F 37 94 63 
 B4 2A 6B C3 A8 AB F6 1E E2 D6 CF DA 41 42 28 57 
 57 7F 48 60 5D D7 CB CD 76 0F 8F E1 A4 67 EE 01 
 90 7D 78 8C A9 87 8C FE 53 EC EF 68 8C F6 B0 3A 
 E9 71 F7 D4 39 92 20 D5 69 E5 97 70 D0 E4 BA BD 
 F7 3A DA D1 20 96 9E CF 37 B9 CB 4F 81 C1 37 F6 
 BF 50 6F 91 37 4E 99 E2 53 76 30 1F FA AE E3 CE 
 97 B1 0E A9 4B 8F B1 89 EB 8A 8D 6A 3A FF 20 75 
 14 CD 45 EF 14 08 D3 31 CA 8F 74 6B 00 DC AB 9C 
 98 4D 60 03 5A D4 0B 1B 9E D7 9B 12 37 FB E3 DC 
 8C 2F 86 65 58 43 FC 0D 3A 10 02 78 FF 19 D1 C5 
 99 12 5A 8E 7C B1 79 E8 55 FA 1A 13 17 96 39 09 
 16 20 DB 7D 13 2D 70 8C 27 89 24 C0 97 29 C2 D0 
 5E B2 78 B1 F9 9B 7B 93 36 2C 09 AD 87 E6 C6 4D 
 9E 9C D0 25 63 40 53 E2 A7 47 4C 61 21 7B E4 D9 
 E6 6A 56 6B E3 40 0E 19 37 8D 62 39 96 A6 3C 4C 
 53 F8 FD 0C 20 38 9D EF 90 BA AD 23 FC E3 66 B8 
 CC 8E 6D 27 2F 49 13 6A EE 1F C6 AE A3 31 B3 3C 
 B6 0D 34 7F 66 9B 0E B0 DD C6 36 22 D7 00 9E 3C 
 11 E3 69 A8 B4 72 31 E7 E2 F5 61 BC D1 37 37 30 
 57 14 93 E2 39 3B 15 97 18 02 52 B5 3D CF D0 74 
 4E 01 4D C9 38 18 ED 40 6E 9F 26 AE CE 01 BA C4 
 67 A4 8B EE 8A 84 2C A8 4A 9B 2D FA F5 0E 7B 94 
 D0 68 B0 BC 83 17 2F 5E F7 44 93 A0 AD 11 28 5E 
 33 38 3E C1 4D 06 E3 96 4F 4C CC F6 95 25 AE 95 
 F5 F1 63 FB 30 26 6C 36 56 BF 8A 3C B4 AA 36 0E 
 B3 37 F6 D1 
    IsEnEnabled(0x161 = 'ContextLoad'): 1
 SWTPM_IO_Write: length 14
 80 01 00 00 00 0E 00 00 00 00 80 00 00 00 
 SWTPM_IO_Read: length 63
 80 01 00 00 00 3F 00 00 01 76 40 00 00 07 40 00 
 00 07 00 20 48 A4 D9 9C B3 16 5A 09 3D A3 82 8A 
 3D 10 A1 66 7C 5B 57 08 CF B9 99 EE F3 35 CC C6 
 2A 92 E5 8B 00 00 03 00 06 00 80 00 43 00 0B 
    IsEnEnabled(0x176 = 'StartAuthSession'): 1
 SWTPM_IO_Write: length 48
 80 01 00 00 00 30 00 00 00 00 03 00 00 00 00 20 
 44 3F CE EE 19 4B BE FD 3D CB 28 21 02 1E 53 AD 
 78 C7 D1 34 D6 C3 CF F7 84 82 B2 5D 68 20 D7 12 
 SWTPM_IO_Read: length 14
 80 01 00 00 00 0E 00 00 01 62 80 00 00 00 
    IsEnEnabled(0x162 = 'ContextSave'): 1
 SWTPM_IO_Write: length 468
 80 01 00 00 01 D4 00 00 00 00 00 00 00 00 00 00 
 00 99 80 00 00 00 40 00 00 01 01 B8 00 40 B4 45 
 82 D6 EE 80 75 24 BC 1E 97 11 6E 4A D8 EF 62 1C 
 84 B2 A9 7F 18 6C 43 B5 68 13 C4 C9 07 94 C1 0A 
 5E 9F C3 6C 22 27 48 EB 30 70 A9 D4 CB 4D 3B 30 
 20 74 D7 7C 45 AB 3A 48 DF A1 5F 92 F8 F5 22 47 
 A5 C7 28 81 C5 BF 96 69 3D 27 1B 3D 2D B4 9D 0B 
 46 2B 51 30 A4 B9 BC 71 D8 C1 58 46 E8 38 89 D9 
 1D DF C9 B8 24 6A EA 56 B8 F5 0F 56 62 EF 1D 11 
 82 4E 50 42 F2 E8 53 76 F3 CD D4 4F 3D 9B 98 83 
 FE 76 D7 A0 15 CF EC E3 C9 0E 71 B0 C2 88 F4 47 
 F2 41 62 97 79 5C 01 28 FE A1 ED 18 C2 BF BB C8 
 25 A8 BB FF 8C 15 45 68 08 D5 4D 72 7A F8 38 BF 
 D3 BD 9F 7D AA 65 EE 1C A7 56 D6 8A 20 A5 09 2D 
 5D F1 2D 9D BE B9 F0 7F F4 C1 53 87 1D 73 7C C1 
 DD AE D3 59 35 AE 75 C1 89 53 B7 BB 10 76 45 AE 
 FE 9A E4 3B 44 D2 E5 47 10 A9 DD EB 0A 01 14 D4 
 B3 3A 53 D0 E4 A8 7C 04 AB 1F E5 2D 9F 60 93 6A 
 3C 84 0B DC 37 DC AD FC FF 5B 56 8A 6F E6 F0 E2 
 E5 28 94 F8 E0 EB 16 DE F2 11 4E 49 BE C8 83 E0 
 8D EE 93 4B 31 D5 1D 62 3C BC 9A AF FF 5C 0C 3B 
 B6 CE 70 E9 32 1D 35 48 72 C7 44 6E 4B 0A EB B8 
 AD F0 07 64 7A AF CC EE E7 66 AF 52 55 AC DD 1C 
 AB 58 8C 76 A6 41 E5 07 02 DA 79 2F 0C 57 BB BD 
 D8 7C 6F D8 51 FC 2C 7B 79 1C 4F 0F E1 74 6F 2A 
 20 C4 6B 3D D3 2F C1 9D 03 42 6F 1C 6A 11 4A 78 
 AD 2E 13 EE 9D AB BF 37 0F F1 89 5C E2 E2 7E 51 
 FA 40 A1 51 F4 BC AF 02 8B 2B 8D 9A A7 9E DF 4B 
 31 F3 68 A6 3D F4 BC 18 C3 92 AF 68 71 E9 CD 1E 
 27 C2 F5 BC 
 SWTPM_IO_Read: length 14
 80 01 00 00 00 0E 00 00 01 65 80 00 00 00 
    IsEnEnabled(0x165 = 'FlushContext'): 1
 SWTPM_IO_Write: length 10
 80 01 00 00 00 0A 00 00 00 00 
 SWTPM_IO_Read: length 14
 80 01 00 00 00 0E 00 00 01 62 03 00 00 00 
    IsEnEnabled(0x162 = 'ContextSave'): 1
 SWTPM_IO_Write: length 414
 80 01 00 00 01 9E 00 00 00 00 00 00 00 00 00 00 
 00 7D 03 00 00 00 40 00 00 07 01 82 00 40 3E 5E 
 3F 95 B4 C5 1C 14 1C 4D 6E 7F 9F 38 31 B6 8B 2F 
 3E 37 3E 4C FF C7 7D EB B9 E2 38 3F 9E D9 BF 84 
 11 49 F2 21 C6 3D 9E A9 4B 73 59 55 78 B9 40 71 
 87 B3 9A E0 15 E0 AA 9B E9 9B 1C 98 FE 31 1F 93 
 83 6F 45 6B DB C6 C8 F9 E6 A3 FF 6E 0F 4D 04 82 
 CA F0 3F F8 15 10 21 1B 4A 9B 11 73 3B 0F 78 76 
 FD 2D 87 26 40 33 B3 C3 9E 57 AA 5D 23 F8 71 11 
 8C 74 33 47 E8 52 21 09 AD 95 8F E0 A7 47 EC 8D 
 9A 09 1D AE 3B 59 FC 94 E3 E7 7E 8D 65 96 EE 56 
 8F 62 29 BD 75 75 ED 53 0B 12 9A 91 81 24 4B F1 
 E9 9C F1 BD 8C 87 CD E6 DF A1 EC A0 E9 15 77 22 
 8A 1C E3 9E C5 ED 95 2C 2A D3 B9 88 71 5E CA 9A 
 D2 B3 39 B0 16 49 0A 4E E4 25 D9 7D 0A FE 29 F1 
 8B ED DE 61 49 28 46 B3 C7 11 CB B1 B9 E8 59 6F 
 49 BF 58 09 F3 2A 5C 7D 4C B5 7F F8 87 8E 9D 45 
 69 22 25 5E 00 78 07 30 8C 4E E8 76 57 93 23 32 
 60 82 11 4A DD 59 A0 15 B4 5E B8 56 56 56 28 3D 
 19 19 84 3C 50 EE 6E A5 1C 40 7D 48 23 8A 08 EF 
 FE AF A7 90 AD 7A 9B B6 75 DE 24 84 4E 0C 80 23 
 65 06 6B 50 0E 22 1B 56 D3 F3 FB 2E 07 57 3E CB 
 4F A8 84 F1 BD C3 FE 5B AA E6 9B FD F8 71 93 22 
 EE EC 0E BE 11 C8 F7 5B 6C 49 7C DD 17 2D 2B 61 
 DD 5F D0 6E 55 62 49 56 BA B8 1F F4 58 86 6B C5 
 FC 99 E8 19 F1 84 9F C2 DF C6 C0 CF 92 00 
 SWTPM_IO_Read: length 468
 80 01 00 00 01 D4 00 00 01 61 00 00 00 00 00 00 
 00 99 80 00 00 00 40 00 00 01 01 B8 00 40 B4 45 
 82 D6 EE 80 75 24 BC 1E 97 11 6E 4A D8 EF 62 1C 
 84 B2 A9 7F 18 6C 43 B5 68 13 C4 C9 07 94 C1 0A 
 5E 9F C3 6C 22 27 48 EB 30 70 A9 D4 CB 4D 3B 30 
 20 74 D7 7C 45 AB 3A 48 DF A1 5F 92 F8 F5 22 47 
 A5 C7 28 81 C5 BF 96 69 3D 27 1B 3D 2D B4 9D 0B 
 46 2B 51 30 A4 B9 BC 71 D8 C1 58 46 E8 38 89 D9 
 1D DF C9 B8 24 6A EA 56 B8 F5 0F 56 62 EF 1D 11 
 82 4E 50 42 F2 E8 53 76 F3 CD D4 4F 3D 9B 98 83 
 FE 76 D7 A0 15 CF EC E3 C9 0E 71 B0 C2 88 F4 47 
 F2 41 62 97 79 5C 01 28 FE A1 ED 18 C2 BF BB C8 
 25 A8 BB FF 8C 15 45 68 08 D5 4D 72 7A F8 38 BF 
 D3 BD 9F 7D AA 65 EE 1C A7 56 D6 8A 20 A5 09 2D 
 5D F1 2D 9D BE B9 F0 7F F4 C1 53 87 1D 73 7C C1 
 DD AE D3 59 35 AE 75 C1 89 53 B7 BB 10 76 45 AE 
 FE 9A E4 3B 44 D2 E5 47 10 A9 DD EB 0A 01 14 D4 
 B3 3A 53 D0 E4 A8 7C 04 AB 1F E5 2D 9F 60 93 6A 
 3C 84 0B DC 37 DC AD FC FF 5B 56 8A 6F E6 F0 E2 
 E5 28 94 F8 E0 EB 16 DE F2 11 4E 49 BE C8 83 E0 
 8D EE 93 4B 31 D5 1D 62 3C BC 9A AF FF 5C 0C 3B 
 B6 CE 70 E9 32 1D 35 48 72 C7 44 6E 4B 0A EB B8 
 AD F0 07 64 7A AF CC EE E7 66 AF 52 55 AC DD 1C 
 AB 58 8C 76 A6 41 E5 07 02 DA 79 2F 0C 57 BB BD 
 D8 7C 6F D8 51 FC 2C 7B 79 1C 4F 0F E1 74 6F 2A 
 20 C4 6B 3D D3 2F C1 9D 03 42 6F 1C 6A 11 4A 78 
 AD 2E 13 EE 9D AB BF 37 0F F1 89 5C E2 E2 7E 51 
 FA 40 A1 51 F4 BC AF 02 8B 2B 8D 9A A7 9E DF 4B 
 31 F3 68 A6 3D F4 BC 18 C3 92 AF 68 71 E9 CD 1E 
 27 C2 F5 BC 
    IsEnEnabled(0x161 = 'ContextLoad'): 1
 SWTPM_IO_Write: length 14
 80 01 00 00 00 0E 00 00 00 00 80 00 00 00 
 SWTPM_IO_Read: length 414
 80 01 00 00 01 9E 00 00 01 61 00 00 00 00 00 00 
 00 7D 03 00 00 00 40 00 00 07 01 82 00 40 3E 5E 
 3F 95 B4 C5 1C 14 1C 4D 6E 7F 9F 38 31 B6 8B 2F 
 3E 37 3E 4C FF C7 7D EB B9 E2 38 3F 9E D9 BF 84 
 11 49 F2 21 C6 3D 9E A9 4B 73 59 55 78 B9 40 71 
 87 B3 9A E0 15 E0 AA 9B E9 9B 1C 98 FE 31 1F 93 
 83 6F 45 6B DB C6 C8 F9 E6 A3 FF 6E 0F 4D 04 82 
 CA F0 3F F8 15 10 21 1B 4A 9B 11 73 3B 0F 78 76 
 FD 2D 87 26 40 33 B3 C3 9E 57 AA 5D 23 F8 71 11 
 8C 74 33 47 E8 52 21 09 AD 95 8F E0 A7 47 EC 8D 
 9A 09 1D AE 3B 59 FC 94 E3 E7 7E 8D 65 96 EE 56 
 8F 62 29 BD 75 75 ED 53 0B 12 9A 91 81 24 4B F1 
 E9 9C F1 BD 8C 87 CD E6 DF A1 EC A0 E9 15 77 22 
 8A 1C E3 9E C5 ED 95 2C 2A D3 B9 88 71 5E CA 9A 
 D2 B3 39 B0 16 49 0A 4E E4 25 D9 7D 0A FE 29 F1 
 8B ED DE 61 49 28 46 B3 C7 11 CB B1 B9 E8 59 6F 
 49 BF 58 09 F3 2A 5C 7D 4C B5 7F F8 87 8E 9D 45 
 69 22 25 5E 00 78 07 30 8C 4E E8 76 57 93 23 32 
 60 82 11 4A DD 59 A0 15 B4 5E B8 56 56 56 28 3D 
 19 19 84 3C 50 EE 6E A5 1C 40 7D 48 23 8A 08 EF 
 FE AF A7 90 AD 7A 9B B6 75 DE 24 84 4E 0C 80 23 
 65 06 6B 50 0E 22 1B 56 D3 F3 FB 2E 07 57 3E CB 
 4F A8 84 F1 BD C3 FE 5B AA E6 9B FD F8 71 93 22 
 EE EC 0E BE 11 C8 F7 5B 6C 49 7C DD 17 2D 2B 61 
 DD 5F D0 6E 55 62 49 56 BA B8 1F F4 58 86 6B C5 
 FC 99 E8 19 F1 84 9F C2 DF C6 C0 CF 92 00 
    IsEnEnabled(0x161 = 'ContextLoad'): 1
 SWTPM_IO_Write: length 14
 80 01 00 00 00 0E 00 00 00 00 03 00 00 00 
 SWTPM_IO_Read: length 20
 80 01 00 00 00 14 00 00 01 7E 00 00 00 01 00 0B 
 03 80 00 00 
    IsEnEnabled(0x17e = 'PCR_Read'): 1
 SWTPM_IO_Write: length 62
 80 01 00 00 00 3E 00 00 00 00 00 00 00 98 00 00 
 00 01 00 0B 03 80 00 00 00 00 00 01 00 20 12 7C 
 18 EB A2 30 0E 30 76 7F AF E7 1F 4E 59 75 77 6F 
 66 5D 22 C7 CA 90 17 C7 C2 48 46 B9 6F A1 
 SWTPM_IO_Read: length 14
 80 01 00 00 00 0E 00 00 01 62 80 00 00 00 
    IsEnEnabled(0x162 = 'ContextSave'): 1
 SWTPM_IO_Write: length 468
 80 01 00 00 01 D4 00 00 00 00 00 00 00 00 00 00 
 00 9A 80 00 00 00 40 00 00 01 01 B8 00 40 2E 9E 
 01 9A 4F 5C B8 28 D8 08 5A 87 6E 1D 35 A2 E0 F6 
 3D C8 CC 34 04 43 7F 4B 37 4F C3 E7 A9 FA 2A 6B 
 4C E0 F6 FF F0 B5 72 98 DD F6 80 6E 4C 3F 8B 1A 
 B0 29 56 34 EF 87 3E 3F D3 00 A3 44 A3 7D D6 7B 
 7B 46 B9 A0 5D AF 2C 02 E7 2F DE 09 11 8C 68 4D 
 86 74 56 C1 3E BF 7E 41 D9 9F 10 D2 1A 5A 2D DA 
 DB DC 2F D0 61 93 3F B7 92 32 1B 04 E4 8E AB 0F 
 1D 45 92 C6 99 8E 83 8D 36 0E E1 53 E9 DE 4E 83 
 0A AD C1 52 9B 69 2F B7 9E 3E FA C9 B4 A2 C4 8B 
 D9 AE B3 30 0B 24 59 0C 97 EE 8E 33 F7 11 A6 1E 
 04 23 83 76 A9 E3 37 5D 3A EF 35 1A 43 26 D8 40 
 A5 2F C0 5D 34 D8 CF 33 F4 51 01 CE 17 E3 FB DA 
 DB 1A C1 98 05 5D 04 ED E9 0F 3C 31 3B 48 50 78 
 15 17 06 ED A6 56 4F 10 5E C2 D8 E1 88 41 73 64 
 69 BF B1 8E F1 0A A5 D1 72 CF 30 0A 06 40 34 DA 
 7E 75 AA 6D 41 79 3E DB 82 83 4D 1C E7 B6 DA E9 
 01 2E B0 4B CC DE 06 44 72 6A 81 D7 57 DF 6B 65 
 16 C0 AF 9B 5D 24 A7 BD 7F 34 A1 7F 96 EC 0F 2A 
 A3 4B 4F 33 CA 9F E1 D5 5A BA F5 21 44 06 F3 90 
 AA D9 58 DD 18 1B 40 B2 30 37 03 77 ED AA 8D FC 
 2C BF A1 BB EF 6B C7 2A EC 89 09 45 DB 09 78 53 
 52 2A 7C F2 22 52 EC ED CD D4 0A DE 58 88 27 5B 
 7E AA C0 06 07 FB D2 E7 76 BC 08 B0 80 BC 9C 27 
 80 32 30 8E 5E 94 E9 EE DE 6D 35 42 EA 91 E5 BC 
 66 21 C1 43 A0 85 A2 1D F6 82 26 12 50 A6 27 CD 
 86 89 06 80 F1 8A 6C 4E B0 72 B6 BE 0A 9F A1 0A 
 E7 56 62 43 E9 8F 64 9E D2 81 75 B2 53 28 CB 17 
 E8 8A C5 3D 
 SWTPM_IO_Read: length 14
 80 01 00 00 00 0E 00 00 01 65 80 00 00 00 
    IsEnEnabled(0x165 = 'FlushContext'): 1
 SWTPM_IO_Write: length 10
 80 01 00 00 00 0A 00 00 00 00 
 SWTPM_IO_Read: length 14
 80 01 00 00 00 0E 00 00 01 62 03 00 00 00 
    IsEnEnabled(0x162 = 'ContextSave'): 1
 SWTPM_IO_Write: length 414
 80 01 00 00 01 9E 00 00 00 00 00 00 00 00 00 00 
 00 7E 03 00 00 00 40 00 00 07 01 82 00 40 2A C3 
 FA 6C 23 37 E2 FF CB 20 FF 20 85 64 4B 77 91 5D 
 15 4F 24 5A 3F D7 9F 97 44 E0 A2 A6 5F E1 38 50 
 24 78 0E 20 E1 21 72 9E 4B 14 80 F3 5B B1 28 3D 
 36 47 41 0C A6 51 5E 88 24 64 80 93 9C D8 41 8D 
 CF F1 2D 30 91 BB 41 23 97 7B 7A 8D FC EE 82 C9 
 32 13 C8 26 84 5C 6A F7 0E 05 39 0B 4F 1F 7C F6 
 45 7C 2E 71 39 EC 34 F0 AA 1F 83 B8 53 0A E5 77 
 38 92 43 38 B5 91 6D 2F 68 EE B3 4A B3 05 77 A2 
 FD BB AF CC 36 78 59 AD F2 CC 95 FA 3C EE 2B 27 
 F3 0A 52 7B D8 5E B4 2A 14 23 35 7A C6 BF 2D FB 
 E3 B6 5C C9 5D 42 F0 D1 EF C0 57 AD AA F8 83 23 
 10 52 E8 14 C2 90 75 46 65 7A 9B 6A 52 0A E7 C2 
 0B F1 14 58 87 5D 81 C7 F1 4B A6 DB 6C C2 19 2A 
 D5 D5 B3 8D 8B C3 C4 70 76 54 31 86 E4 5F 4B 8E 
 93 72 9D 4D 9E 48 DB 9A 6A D0 B7 4D A1 0B 18 CC 
 5A 82 8B 67 7B 0C D7 D0 25 12 1E 16 3A 6D 8D 4D 
 0A 81 9F A8 35 4C 04 71 11 76 E7 33 E1 72 8E 77 
 20 98 97 8B A6 3A 9D 76 6B 77 F0 BC 15 20 40 4E 
 08 92 5A 47 52 69 AE F3 09 22 52 D7 1A 1B 4E 01 
 A5 8C DF B0 81 6C 49 10 FB 1B D8 32 E6 5F 64 DB 
 7B 36 FE B4 00 D1 1A B1 0A 73 F7 2C C7 2A 54 96 
 F9 E0 F0 0C A6 80 A8 D8 84 83 3B 51 3B 45 45 0A 
 0B 5A 2C D3 9E 33 0D AF C7 1F 73 2D D9 FE B9 41 
 27 86 6F 91 83 63 CC F4 B5 5B 70 26 4A 01 
 SWTPM_IO_Read: length 468
 80 01 00 00 01 D4 00 00 01 61 00 00 00 00 00 00 
 00 9A 80 00 00 00 40 00 00 01 01 B8 00 40 2E 9E 
 01 9A 4F 5C B8 28 D8 08 5A 87 6E 1D 35 A2 E0 F6 
 3D C8 CC 34 04 43 7F 4B 37 4F C3 E7 A9 FA 2A 6B 
 4C E0 F6 FF F0 B5 72 98 DD F6 80 6E 4C 3F 8B 1A 
 B0 29 56 34 EF 87 3E 3F D3 00 A3 44 A3 7D D6 7B 
 7B 46 B9 A0 5D AF 2C 02 E7 2F DE 09 11 8C 68 4D 
 86 74 56 C1 3E BF 7E 41 D9 9F 10 D2 1A 5A 2D DA 
 DB DC 2F D0 61 93 3F B7 92 32 1B 04 E4 8E AB 0F 
 1D 45 92 C6 99 8E 83 8D 36 0E E1 53 E9 DE 4E 83 
 0A AD C1 52 9B 69 2F B7 9E 3E FA C9 B4 A2 C4 8B 
 D9 AE B3 30 0B 24 59 0C 97 EE 8E 33 F7 11 A6 1E 
 04 23 83 76 A9 E3 37 5D 3A EF 35 1A 43 26 D8 40 
 A5 2F C0 5D 34 D8 CF 33 F4 51 01 CE 17 E3 FB DA 
 DB 1A C1 98 05 5D 04 ED E9 0F 3C 31 3B 48 50 78 
 15 17 06 ED A6 56 4F 10 5E C2 D8 E1 88 41 73 64 
 69 BF B1 8E F1 0A A5 D1 72 CF 30 0A 06 40 34 DA 
 7E 75 AA 6D 41 79 3E DB 82 83 4D 1C E7 B6 DA E9 
 01 2E B0 4B CC DE 06 44 72 6A 81 D7 57 DF 6B 65 
 16 C0 AF 9B 5D 24 A7 BD 7F 34 A1 7F 96 EC 0F 2A 
 A3 4B 4F 33 CA 9F E1 D5 5A BA F5 21 44 06 F3 90 
 AA D9 58 DD 18 1B 40 B2 30 37 03 77 ED AA 8D FC 
 2C BF A1 BB EF 6B C7 2A EC 89 09 45 DB 09 78 53 
 52 2A 7C F2 22 52 EC ED CD D4 0A DE 58 88 27 5B 
 7E AA C0 06 07 FB D2 E7 76 BC 08 B0 80 BC 9C 27 
 80 32 30 8E 5E 94 E9 EE DE 6D 35 42 EA 91 E5 BC 
 66 21 C1 43 A0 85 A2 1D F6 82 26 12 50 A6 27 CD 
 86 89 06 80 F1 8A 6C 4E B0 72 B6 BE 0A 9F A1 0A 
 E7 56 62 43 E9 8F 64 9E D2 81 75 B2 53 28 CB 17 
 E8 8A C5 3D 
    IsEnEnabled(0x161 = 'ContextLoad'): 1
 SWTPM_IO_Write: length 14
 80 01 00 00 00 0E 00 00 00 00 80 00 00 00 
 SWTPM_IO_Read: length 414
 80 01 00 00 01 9E 00 00 01 61 00 00 00 00 00 00 
 00 7E 03 00 00 00 40 00 00 07 01 82 00 40 2A C3 
 FA 6C 23 37 E2 FF CB 20 FF 20 85 64 4B 77 91 5D 
 15 4F 24 5A 3F D7 9F 97 44 E0 A2 A6 5F E1 38 50 
 24 78 0E 20 E1 21 72 9E 4B 14 80 F3 5B B1 28 3D 
 36 47 41 0C A6 51 5E 88 24 64 80 93 9C D8 41 8D 
 CF F1 2D 30 91 BB 41 23 97 7B 7A 8D FC EE 82 C9 
 32 13 C8 26 84 5C 6A F7 0E 05 39 0B 4F 1F 7C F6 
 45 7C 2E 71 39 EC 34 F0 AA 1F 83 B8 53 0A E5 77 
 38 92 43 38 B5 91 6D 2F 68 EE B3 4A B3 05 77 A2 
 FD BB AF CC 36 78 59 AD F2 CC 95 FA 3C EE 2B 27 
 F3 0A 52 7B D8 5E B4 2A 14 23 35 7A C6 BF 2D FB 
 E3 B6 5C C9 5D 42 F0 D1 EF C0 57 AD AA F8 83 23 
 10 52 E8 14 C2 90 75 46 65 7A 9B 6A 52 0A E7 C2 
 0B F1 14 58 87 5D 81 C7 F1 4B A6 DB 6C C2 19 2A 
 D5 D5 B3 8D 8B C3 C4 70 76 54 31 86 E4 5F 4B 8E 
 93 72 9D 4D 9E 48 DB 9A 6A D0 B7 4D A1 0B 18 CC 
 5A 82 8B 67 7B 0C D7 D0 25 12 1E 16 3A 6D 8D 4D 
 0A 81 9F A8 35 4C 04 71 11 76 E7 33 E1 72 8E 77 
 20 98 97 8B A6 3A 9D 76 6B 77 F0 BC 15 20 40 4E 
 08 92 5A 47 52 69 AE F3 09 22 52 D7 1A 1B 4E 01 
 A5 8C DF B0 81 6C 49 10 FB 1B D8 32 E6 5F 64 DB 
 7B 36 FE B4 00 D1 1A B1 0A 73 F7 2C C7 2A 54 96 
 F9 E0 F0 0C A6 80 A8 D8 84 83 3B 51 3B 45 45 0A 
 0B 5A 2C D3 9E 33 0D AF C7 1F 73 2D D9 FE B9 41 
 27 86 6F 91 83 63 CC F4 B5 5B 70 26 4A 01 
    IsEnEnabled(0x161 = 'ContextLoad'): 1
 SWTPM_IO_Write: length 14
 80 01 00 00 00 0E 00 00 00 00 03 00 00 00 
 SWTPM_IO_Read: length 50
 80 01 00 00 00 32 00 00 01 7D 00 20 12 7C 18 EB 
 A2 30 0E 30 76 7F AF E7 1F 4E 59 75 77 6F 66 5D 
 22 C7 CA 90 17 C7 C2 48 46 B9 6F A1 00 0B 40 00 
 00 01 
    IsEnEnabled(0x17d = 'Hash'): 1
 SWTPM_IO_Write: length 116
 80 01 00 00 00 74 00 00 00 00 00 20 EB F0 DC 8A 
 85 3F 82 93 3F D0 54 6D 88 38 7D A4 5E 42 5C 0E 
 A7 7A 58 91 C5 09 E9 92 36 25 A9 76 80 24 40 00 
 00 01 00 40 AD C0 D5 BF 18 E9 47 4E 4B F4 60 28 
 0E F1 8A 6F 71 45 0B 7A 8D D3 CD 2A 66 D0 A0 D2 
 DD 08 CB E5 41 19 8F BC 50 AD 4F 53 BA 4C 91 0F 
 7D 74 F5 70 DA 60 93 E0 75 36 39 D2 8E AF 22 37 
 FA B2 8B 2D 
 SWTPM_IO_Read: length 14
 80 01 00 00 00 0E 00 00 01 62 80 00 00 00 
    IsEnEnabled(0x162 = 'ContextSave'): 1
 SWTPM_IO_Write: length 468
 80 01 00 00 01 D4 00 00 00 00 00 00 00 00 00 00 
 00 9B 80 00 00 00 40 00 00 01 01 B8 00 40 C6 B2 
 2C 71 99 B3 E2 E6 62 EC A9 66 0A F1 D1 59 09 D5 
 F3 51 07 31 EE C0 CF 7B 99 22 70 2F FD 84 5E 2C 
 11 1D BE 61 68 A1 BC 37 04 63 DD DF D4 39 12 D6 
 CD 1D 97 1D 67 0C E1 33 16 6C 00 76 5A AC 5B A2 
 07 C9 74 D8 9E C5 2E B5 53 B3 75 DC E6 B3 3F 43 
 18 FB BA 85 B5 07 8E F1 B5 4E ED 33 EE 08 E2 A5 
 58 F9 A4 FD 24 03 AA F1 D3 34 E7 BC 79 EC 8B 56 
 5E C4 65 77 ED B1 42 DE 81 B6 F0 E9 47 78 0A 2D 
 9B B8 14 A1 17 9E 1E FA 9B 4C D1 8F 96 1F A8 C8 
 A1 EA 6D D9 0E D9 E8 C2 B3 B4 DC C2 BB 48 24 E7 
 76 97 DE B0 F2 30 DA 61 5C F8 40 65 1A 83 94 8A 
 7B 6A 3F 96 F8 90 F5 EC B9 61 3F 1E 58 7A 4D 89 
 C9 E8 06 ED CA 04 BC A7 3E F2 D9 1C 53 CA 64 4B 
 08 DD 55 71 4F 39 77 EE 4C 92 D3 11 EF 74 C1 BF 
 54 92 62 22 A6 9A 40 40 14 14 EA B8 E6 B6 39 66 
 40 49 9A 3D F6 36 F7 47 91 78 E4 26 4C 35 AC F5 
 3E 57 DD 51 20 ED CB 2A 72 00 80 85 7B 55 83 83 
 82 BF C6 45 3C 74 76 02 06 46 BD 34 DD FB 2A 59 
 68 19 BB 38 D1 3F 5B E6 3B 70 10 E9 18 7D 86 B2 
 90 E3 90 E1 54 6A 7C 14 AE E1 3D AF 50 90 36 52 
 B6 FB A0 51 46 DD A1 C6 FB 60 F4 EA 55 60 1B AF 
 F6 01 26 32 6E FE 23 9A EF 8B 9F 4B 7D 40 00 7F 
 1A 98 92 F9 CB 0A B3 EB 31 67 28 A3 77 69 C1 D1 
 C8 EB B7 59 10 51 B4 AF 35 4D 83 98 FD A5 E3 CF 
 96 80 71 96 AB EB 0D 7E EC 6B 3A 2B 61 26 29 BC 
 10 48 5E 12 08 BE 5F 18 E0 F7 B2 D9 DD 5B 51 D9 
 E0 2B FA A5 ED 4B 73 C8 C4 42 EC 9F A4 62 67 31 
 96 C4 18 67 
 SWTPM_IO_Read: length 14
 80 01 00 00 00 0E 00 00 01 65 80 00 00 00 
    IsEnEnabled(0x165 = 'FlushContext'): 1
 SWTPM_IO_Write: length 10
 80 01 00 00 00 0A 00 00 00 00 
 SWTPM_IO_Read: length 14
 80 01 00 00 00 0E 00 00 01 62 03 00 00 00 
    IsEnEnabled(0x162 = 'ContextSave'): 1
 SWTPM_IO_Write: length 414
 80 01 00 00 01 9E 00 00 00 00 00 00 00 00 00 00 
 00 7F 03 00 00 00 40 00 00 07 01 82 00 40 7D 30 
 D9 8B 66 69 A1 3D 16 D6 51 34 07 18 78 61 F3 5C 
 F4 3F A8 4B 81 B1 0E 21 F4 1E 96 00 29 AC 84 B0 
 FB 42 E7 47 F2 B6 86 BC 7E 1E E5 81 36 8E 75 3F 
 1C 13 98 3D 80 B2 59 B6 FF FB 0A 97 71 A5 C6 D2 
 0C 8B EE BD 6C 28 26 D8 08 3F CC 4A CC C3 C2 77 
 97 9A 5D 3F C9 91 AD 7C 83 F1 9B 0C BA B1 89 27 
 A9 A4 0D 92 F3 BC 81 B0 79 47 68 29 C4 20 CA 4F 
 36 7D A0 56 3F C0 3C EA 20 14 68 6D AE 98 44 04 
 63 F1 26 F4 ED D1 8D CE 1A B1 C7 1C 91 CE D9 61 
 9C 44 5A 42 FB ED 67 E2 C9 F8 B1 98 C1 6B 91 E4 
 E9 1F DE 76 3C EB AD EF 93 38 4A CC BD 84 1F A8 
 E7 22 31 0C 43 4A DA 5F 12 D4 A0 C3 F7 4F 1E 5A 
 AE 8C E2 86 71 20 97 25 05 91 74 E0 A5 32 2B 7C 
 C8 4A 97 6D C6 5C 00 EF 65 7A C6 A5 2E EF E1 89 
 CF 44 4F F3 C8 63 C3 D9 93 C5 D0 54 5B 12 50 1A 
 FC 16 36 21 27 44 1E 02 6E B0 C5 91 FF 38 28 B3 
 75 58 D4 17 A3 F8 E1 BB A2 EB 03 5B 0B B9 B0 09 
 D8 D9 32 84 C0 1E 64 A3 EE A2 F3 5C E5 45 EB 6C 
 6B E3 A4 0D F5 8B 29 93 49 C3 E0 C8 6D C5 3B C7 
 23 CB 44 DA 0E FD 79 A8 61 C7 FD 32 E1 49 DF F1 
 4E A4 E3 C2 B5 9F 31 FE 94 AC 67 0B 6D 07 94 53 
 BD 7E 76 82 D9 86 17 10 CA 96 4D F6 3D 4C 5D 15 
 33 48 13 4D 0A E9 1E 5A 7A 1A E3 82 D5 61 28 A5 
 C2 18 B4 6E 38 0C 48 64 EC 07 C6 56 F1 9E 
 SWTPM_IO_Read: length 468
 80 01 00 00 01 D4 00 00 01 61 00 00 00 00 00 00 
 00 9B 80 00 00 00 40 00 00 01 01 B8 00 40 C6 B2 
 2C 71 99 B3 E2 E6 62 EC A9 66 0A F1 D1 59 09 D5 
 F3 51 07 31 EE C0 CF 7B 99 22 70 2F FD 84 5E 2C 
 11 1D BE 61 68 A1 BC 37 04 63 DD DF D4 39 12 D6 
 CD 1D 97 1D 67 0C E1 33 16 6C 00 76 5A AC 5B A2 
 07 C9 74 D8 9E C5 2E B5 53 B3 75 DC E6 B3 3F 43 
 18 FB BA 85 B5 07 8E F1 B5 4E ED 33 EE 08 E2 A5 
 58 F9 A4 FD 24 03 AA F1 D3 34 E7 BC 79 EC 8B 56 
 5E C4 65 77 ED B1 42 DE 81 B6 F0 E9 47 78 0A 2D 
 9B B8 14 A1 17 9E 1E FA 9B 4C D1 8F 96 1F A8 C8 
 A1 EA 6D D9 0E D9 E8 C2 B3 B4 DC C2 BB 48 24 E7 
 76 97 DE B0 F2 30 DA 61 5C F8 40 65 1A 83 94 8A 
 7B 6A 3F 96 F8 90 F5 EC B9 61 3F 1E 58 7A 4D 89 
 C9 E8 06 ED CA 04 BC A7 3E F2 D9 1C 53 CA 64 4B 
 08 DD 55 71 4F 39 77 EE 4C 92 D3 11 EF 74 C1 BF 
 54 92 62 22 A6 9A 40 40 14 14 EA B8 E6 B6 39 66 
 40 49 9A 3D F6 36 F7 47 91 78 E4 26 4C 35 AC F5 
 3E 57 DD 51 20 ED CB 2A 72 00 80 85 7B 55 83 83 
 82 BF C6 45 3C 74 76 02 06 46 BD 34 DD FB 2A 59 
 68 19 BB 38 D1 3F 5B E6 3B 70 10 E9 18 7D 86 B2 
 90 E3 90 E1 54 6A 7C 14 AE E1 3D AF 50 90 36 52 
 B6 FB A0 51 46 DD A1 C6 FB 60 F4 EA 55 60 1B AF 
 F6 01 26 32 6E FE 23 9A EF 8B 9F 4B 7D 40 00 7F 
 1A 98 92 F9 CB 0A B3 EB 31 67 28 A3 77 69 C1 D1 
 C8 EB B7 59 10 51 B4 AF 35 4D 83 98 FD A5 E3 CF 
 96 80 71 96 AB EB 0D 7E EC 6B 3A 2B 61 26 29 BC 
 10 48 5E 12 08 BE 5F 18 E0 F7 B2 D9 DD 5B 51 D9 
 E0 2B FA A5 ED 4B 73 C8 C4 42 EC 9F A4 62 67 31 
 96 C4 18 67 
    IsEnEnabled(0x161 = 'ContextLoad'): 1
 SWTPM_IO_Write: length 14
 80 01 00 00 00 0E 00 00 00 00 80 00 00 00 
 SWTPM_IO_Read: length 414
 80 01 00 00 01 9E 00 00 01 61 00 00 00 00 00 00 
 00 7F 03 00 00 00 40 00 00 07 01 82 00 40 7D 30 
 D9 8B 66 69 A1 3D 16 D6 51 34 07 18 78 61 F3 5C 
 F4 3F A8 4B 81 B1 0E 21 F4 1E 96 00 29 AC 84 B0 
 FB 42 E7 47 F2 B6 86 BC 7E 1E E5 81 36 8E 75 3F 
 1C 13 98 3D 80 B2 59 B6 FF FB 0A 97 71 A5 C6 D2 
 0C 8B EE BD 6C 28 26 D8 08 3F CC 4A CC C3 C2 77 
 97 9A 5D 3F C9 91 AD 7C 83 F1 9B 0C BA B1 89 27 
 A9 A4 0D 92 F3 BC 81 B0 79 47 68 29 C4 20 CA 4F 
 36 7D A0 56 3F C0 3C EA 20 14 68 6D AE 98 44 04 
 63 F1 26 F4 ED D1 8D CE 1A B1 C7 1C 91 CE D9 61 
 9C 44 5A 42 FB ED 67 E2 C9 F8 B1 98 C1 6B 91 E4 
 E9 1F DE 76 3C EB AD EF 93 38 4A CC BD 84 1F A8 
 E7 22 31 0C 43 4A DA 5F 12 D4 A0 C3 F7 4F 1E 5A 
 AE 8C E2 86 71 20 97 25 05 91 74 E0 A5 32 2B 7C 
 C8 4A 97 6D C6 5C 00 EF 65 7A C6 A5 2E EF E1 89 
 CF 44 4F F3 C8 63 C3 D9 93 C5 D0 54 5B 12 50 1A 
 FC 16 36 21 27 44 1E 02 6E B0 C5 91 FF 38 28 B3 
 75 58 D4 17 A3 F8 E1 BB A2 EB 03 5B 0B B9 B0 09 
 D8 D9 32 84 C0 1E 64 A3 EE A2 F3 5C E5 45 EB 6C 
 6B E3 A4 0D F5 8B 29 93 49 C3 E0 C8 6D C5 3B C7 
 23 CB 44 DA 0E FD 79 A8 61 C7 FD 32 E1 49 DF F1 
 4E A4 E3 C2 B5 9F 31 FE 94 AC 67 0B 6D 07 94 53 
 BD 7E 76 82 D9 86 17 10 CA 96 4D F6 3D 4C 5D 15 
 33 48 13 4D 0A E9 1E 5A 7A 1A E3 82 D5 61 28 A5 
 C2 18 B4 6E 38 0C 48 64 EC 07 C6 56 F1 9E 
    IsEnEnabled(0x161 = 'ContextLoad'): 1
 SWTPM_IO_Write: length 14
 80 01 00 00 00 0E 00 00 00 00 03 00 00 00 
 SWTPM_IO_Read: length 58
 80 01 00 00 00 3A 00 00 01 7F 03 00 00 00 00 20 
 EB F0 DC 8A 85 3F 82 93 3F D0 54 6D 88 38 7D A4 
 5E 42 5C 0E A7 7A 58 91 C5 09 E9 92 36 25 A9 76 
 00 00 00 01 00 0B 03 80 00 00 
    IsEnEnabled(0x17f = 'PolicyPCR'): 1
 SWTPM_IO_Write: length 10
 80 01 00 00 00 0A 00 00 00 00 
 SWTPM_IO_Read: length 14
 80 01 00 00 00 0E 00 00 01 62 80 00 00 00 
    IsEnEnabled(0x162 = 'ContextSave'): 1
 SWTPM_IO_Write: length 468
 80 01 00 00 01 D4 00 00 00 00 00 00 00 00 00 00 
 00 9C 80 00 00 00 40 00 00 01 01 B8 00 40 71 B9 
 C5 D1 9F 73 37 8F B0 26 B0 B3 65 99 32 70 80 68 
 D9 DE BF D3 A7 39 9D FC 25 8C 41 BA 4D 07 56 79 
 6B 97 AA 9A F5 1C 6A 7E BF AB CE 27 CF 80 5B 33 
 0A CD C4 2A 2D 9B C3 D4 B2 EE AB F9 1D AE FF 46 
 B1 5F E7 9E 3E 3A ED 4C 71 44 F8 4A AE C9 BB 28 
 C6 31 C7 8A 3C 9C F1 B8 B9 38 A8 CC AB 94 92 05 
 7A DC 49 50 15 20 D0 E2 0E 0C F6 5B 5B 77 DC 52 
 2E A1 A8 CD 35 08 D7 92 09 0C B6 10 3E 7C DD A8 
 E7 5A 52 FA 94 D8 95 E0 A0 9E E2 0B 99 2F 24 08 
 C0 96 EA 5A 97 3D 7F 3A EC 22 E5 04 D4 31 3C 61 
 88 A2 F3 FC 5A E4 B9 3D C8 85 CB BC C8 2C 13 11 
 6C BA A4 74 5F 46 1B C5 DB EF 72 B2 04 ED 1F FF 
 4E 3E 53 98 AC D4 4C 39 84 CD 01 66 6E 50 49 45 
 CB 72 F5 34 90 C4 E8 06 CD EE 15 B5 4F 14 72 B5 
 63 2D 45 EF 3E C0 CB 23 5A 30 5F 7C DB E0 82 91 
 36 5A F2 7B C6 CB 3F 8B 76 96 43 E9 43 14 A0 81 
 B5 DB 07 15 8A 7E D8 97 22 7C 55 72 FA 0B 5E CE 
 E8 51 93 99 58 F9 8A F1 6E 91 5C 23 BB D4 F3 7B 
 9C F8 18 E5 78 6C CA D0 15 85 7C B9 1E 48 6C AB 
 71 98 7A 67 FB 6E 0E 16 05 78 78 7A 20 74 9B AF 
 D0 D6 C2 56 B1 DC BB 22 9E 63 73 57 7F 4C FD 6D 
 B0 C6 6C E3 A2 04 73 61 ED C9 79 00 3F 1E DC FB 
 01 B4 E9 84 88 2D 1A DB 8B A7 C6 EA 1F 53 C2 02 
 89 40 9C 53 D2 D0 90 13 BA F2 62 D9 80 39 68 0F 
 A4 E9 2F A3 4D 3D 18 3E 92 E3 12 D4 C0 15 C4 A3 
 C6 F6 D5 22 AE 12 EA CF 56 F9 7A BD 56 39 B7 82 
 50 A8 7D 7B 41 C3 EA 56 65 EA C0 4A 22 1B E3 65 
 AE 0F B9 6F 
 SWTPM_IO_Read: length 14
 80 01 00 00 00 0E 00 00 01 65 80 00 00 00 
    IsEnEnabled(0x165 = 'FlushContext'): 1
 SWTPM_IO_Write: length 10
 80 01 00 00 00 0A 00 00 00 00 
 SWTPM_IO_Read: length 14
 80 01 00 00 00 0E 00 00 01 62 03 00 00 00 
    IsEnEnabled(0x162 = 'ContextSave'): 1
 SWTPM_IO_Write: length 414
 80 01 00 00 01 9E 00 00 00 00 00 00 00 00 00 00 
 00 80 03 00 00 00 40 00 00 07 01 82 00 40 99 CD 
 67 FD 34 92 35 82 2A 99 A7 E2 DB 71 87 8B 39 15 
 BE 89 80 AE AB 01 B0 34 17 ED CA 51 6F 3F 29 2E 
 A3 0B 2F DE 53 18 A7 11 8A 1E 9B 99 99 53 C9 AB 
 70 E8 2B 7D F3 0E E4 47 A6 F0 31 C1 32 1D 51 9B 
 84 CD EA 30 07 D2 30 FF 43 C7 00 71 94 8C 44 7B 
 50 10 9D 08 0D 21 F3 0C 90 33 B5 79 F9 D5 AD 40 
 7F 1C 37 4D 00 37 E4 51 1E 3D BA 15 28 3A 77 7F 
 2B BA 81 30 1C DD 94 12 94 B3 D5 5E 1F 02 A8 DD 
 85 FE F4 6C 02 A9 DC DF 53 4D 2A 92 8E 0F FC C8 
 A0 0E AC C8 4E EA 33 B9 D6 1B 62 C8 77 2A E2 5F 
 5D C7 35 BB 97 E7 2B 69 59 E1 61 92 88 02 CC D7 
 2D C3 35 87 C5 8E C1 0E B4 3C FE CB 61 0A F9 6B 
 53 79 70 4D 45 1B C9 83 86 01 35 1B FD 56 3E FA 
 D8 2A 31 2F 62 DA 88 A7 BC 7A 25 FA EC 30 7E 65 
 9A F4 18 3A EE 8A BB 39 C3 6C 83 36 60 41 A6 F4 
 AC 7D 73 E4 4A 80 E1 BA 53 5F 42 5E 58 B8 CA 89 
 AB 24 E2 E5 8D 91 A0 06 BE 14 4E 87 28 6D B0 4C 
 AF FF D1 12 21 D5 6B 1D C4 BF A7 A2 57 35 C0 D2 
 D7 6D 56 7E F8 25 CF E4 44 26 6E DB 8B 1B 08 27 
 C4 B0 68 E0 BF 7D 4D EF 01 54 14 DF B4 E0 9D A7 
 39 DB 43 61 E8 A0 B0 7C F0 AE 05 0A 1F 9F 71 69 
 CA D8 C6 D5 2F F2 25 04 EE 71 47 45 C9 92 8C 2D 
 F6 9F D2 C7 7F 6E B5 72 4F E2 9E A7 85 01 D9 54 
 9A 0A 69 30 D9 BF D9 54 C2 AC 3B 48 E5 78 
 SWTPM_IO_Read: length 468
 80 01 00 00 01 D4 00 00 01 61 00 00 00 00 00 00 
 00 9C 80 00 00 00 40 00 00 01 01 B8 00 40 71 B9 
 C5 D1 9F 73 37 8F B0 26 B0 B3 65 99 32 70 80 68 
 D9 DE BF D3 A7 39 9D FC 25 8C 41 BA 4D 07 56 79 
 6B 97 AA 9A F5 1C 6A 7E BF AB CE 27 CF 80 5B 33 
 0A CD C4 2A 2D 9B C3 D4 B2 EE AB F9 1D AE FF 46 
 B1 5F E7 9E 3E 3A ED 4C 71 44 F8 4A AE C9 BB 28 
 C6 31 C7 8A 3C 9C F1 B8 B9 38 A8 CC AB 94 92 05 
 7A DC 49 50 15 20 D0 E2 0E 0C F6 5B 5B 77 DC 52 
 2E A1 A8 CD 35 08 D7 92 09 0C B6 10 3E 7C DD A8 
 E7 5A 52 FA 94 D8 95 E0 A0 9E E2 0B 99 2F 24 08 
 C0 96 EA 5A 97 3D 7F 3A EC 22 E5 04 D4 31 3C 61 
 88 A2 F3 FC 5A E4 B9 3D C8 85 CB BC C8 2C 13 11 
 6C BA A4 74 5F 46 1B C5 DB EF 72 B2 04 ED 1F FF 
 4E 3E 53 98 AC D4 4C 39 84 CD 01 66 6E 50 49 45 
 CB 72 F5 34 90 C4 E8 06 CD EE 15 B5 4F 14 72 B5 
 63 2D 45 EF 3E C0 CB 23 5A 30 5F 7C DB E0 82 91 
 36 5A F2 7B C6 CB 3F 8B 76 96 43 E9 43 14 A0 81 
 B5 DB 07 15 8A 7E D8 97 22 7C 55 72 FA 0B 5E CE 
 E8 51 93 99 58 F9 8A F1 6E 91 5C 23 BB D4 F3 7B 
 9C F8 18 E5 78 6C CA D0 15 85 7C B9 1E 48 6C AB 
 71 98 7A 67 FB 6E 0E 16 05 78 78 7A 20 74 9B AF 
 D0 D6 C2 56 B1 DC BB 22 9E 63 73 57 7F 4C FD 6D 
 B0 C6 6C E3 A2 04 73 61 ED C9 79 00 3F 1E DC FB 
 01 B4 E9 84 88 2D 1A DB 8B A7 C6 EA 1F 53 C2 02 
 89 40 9C 53 D2 D0 90 13 BA F2 62 D9 80 39 68 0F 
 A4 E9 2F A3 4D 3D 18 3E 92 E3 12 D4 C0 15 C4 A3 
 C6 F6 D5 22 AE 12 EA CF 56 F9 7A BD 56 39 B7 82 
 50 A8 7D 7B 41 C3 EA 56 65 EA C0 4A 22 1B E3 65 
 AE 0F B9 6F 
    IsEnEnabled(0x161 = 'ContextLoad'): 1
 SWTPM_IO_Write: length 14
 80 01 00 00 00 0E 00 00 00 00 80 00 00 00 
 SWTPM_IO_Read: length 414
 80 01 00 00 01 9E 00 00 01 61 00 00 00 00 00 00 
 00 80 03 00 00 00 40 00 00 07 01 82 00 40 99 CD 
 67 FD 34 92 35 82 2A 99 A7 E2 DB 71 87 8B 39 15 
 BE 89 80 AE AB 01 B0 34 17 ED CA 51 6F 3F 29 2E 
 A3 0B 2F DE 53 18 A7 11 8A 1E 9B 99 99 53 C9 AB 
 70 E8 2B 7D F3 0E E4 47 A6 F0 31 C1 32 1D 51 9B 
 84 CD EA 30 07 D2 30 FF 43 C7 00 71 94 8C 44 7B 
 50 10 9D 08 0D 21 F3 0C 90 33 B5 79 F9 D5 AD 40 
 7F 1C 37 4D 00 37 E4 51 1E 3D BA 15 28 3A 77 7F 
 2B BA 81 30 1C DD 94 12 94 B3 D5 5E 1F 02 A8 DD 
 85 FE F4 6C 02 A9 DC DF 53 4D 2A 92 8E 0F FC C8 
 A0 0E AC C8 4E EA 33 B9 D6 1B 62 C8 77 2A E2 5F 
 5D C7 35 BB 97 E7 2B 69 59 E1 61 92 88 02 CC D7 
 2D C3 35 87 C5 8E C1 0E B4 3C FE CB 61 0A F9 6B 
 53 79 70 4D 45 1B C9 83 86 01 35 1B FD 56 3E FA 
 D8 2A 31 2F 62 DA 88 A7 BC 7A 25 FA EC 30 7E 65 
 9A F4 18 3A EE 8A BB 39 C3 6C 83 36 60 41 A6 F4 
 AC 7D 73 E4 4A 80 E1 BA 53 5F 42 5E 58 B8 CA 89 
 AB 24 E2 E5 8D 91 A0 06 BE 14 4E 87 28 6D B0 4C 
 AF FF D1 12 21 D5 6B 1D C4 BF A7 A2 57 35 C0 D2 
 D7 6D 56 7E F8 25 CF E4 44 26 6E DB 8B 1B 08 27 
 C4 B0 68 E0 BF 7D 4D EF 01 54 14 DF B4 E0 9D A7 
 39 DB 43 61 E8 A0 B0 7C F0 AE 05 0A 1F 9F 71 69 
 CA D8 C6 D5 2F F2 25 04 EE 71 47 45 C9 92 8C 2D 
 F6 9F D2 C7 7F 6E B5 72 4F E2 9E A7 85 01 D9 54 
 9A 0A 69 30 D9 BF D9 54 C2 AC 3B 48 E5 78 
    IsEnEnabled(0x161 = 'ContextLoad'): 1
 SWTPM_IO_Write: length 14
 80 01 00 00 00 0E 00 00 00 00 03 00 00 00 
 SWTPM_IO_Read: length 14
 80 01 00 00 00 0E 00 00 01 89 03 00 00 00 
    IsEnEnabled(0x189 = 'PolicyGetDigest'): 1
 SWTPM_IO_Write: length 44
 80 01 00 00 00 2C 00 00 00 00 00 20 8C 3D 9B 87 
 D9 B8 F1 BA BA BE AB D7 0D CB D3 E3 A3 4C C2 A8 
 5F 70 02 DB 5E 28 2F 48 BD EE 16 17 
 SWTPM_IO_Read: length 14
 80 01 00 00 00 0E 00 00 01 62 80 00 00 00 
    IsEnEnabled(0x162 = 'ContextSave'): 1
 SWTPM_IO_Write: length 468
 80 01 00 00 01 D4 00 00 00 00 00 00 00 00 00 00 
 00 9D 80 00 00 00 40 00 00 01 01 B8 00 40 DE 7B 
 89 40 56 6E 34 74 B2 1F 5F 73 09 D4 41 95 5C 32 
 1A 37 6C FC 7B C1 D5 D4 4F 0D 94 35 C7 B5 F6 3A 
 81 81 F0 4D 26 2E 75 8C 25 10 E5 7A 8B 8C 64 51 
 70 12 B9 F1 FE A2 3B D2 CF B2 E7 FF 1C 1D 21 E4 
 95 B2 0F 35 2F B5 C8 E1 9A B8 1E 11 81 BA C8 1F 
 D9 4F 6D 76 E7 F8 97 4F 74 A4 33 17 D0 EA AB 5D 
 A0 A7 EF 63 24 5A 61 8C E9 A4 40 E2 09 73 7C 79 
 AC 5E AB A0 24 4A 73 22 DA FF C5 10 21 9A 86 94 
 2C 15 07 D7 35 E0 27 78 95 00 E9 2C F3 8C 57 95 
 0E 96 70 66 C1 DB E6 93 8E 06 9A 02 F6 06 B7 D1 
 0E 5C FC 62 C9 74 C1 5B 9C 6D EB 9C 29 1E B0 BE 
 29 7E 57 1F 54 E8 7F C5 F8 0A 39 DE 3E EB 6A D1 
 19 A5 3F 07 05 F5 A0 C6 70 24 C4 97 BC 14 3B 38 
 4D CA E9 43 DB E2 E7 64 7D 11 11 60 B6 7B 2C 67 
 EB 47 AD 4E 34 2A 16 0F 3B B2 11 2F 68 29 D4 73 
 72 68 8A 47 C9 38 7F 64 8D 6D E4 ED 56 73 77 73 
 8E 29 A4 54 7C 38 F6 D1 D1 C7 2C 2A 2D 09 14 86 
 F3 0D AC 18 D6 4D A1 43 4A 93 D3 5B 2C A8 E8 B1 
 B6 89 D6 66 29 62 30 CE E5 EA 1E 52 14 8B 55 FB 
 C8 2F C0 14 DE 2F 59 7E E6 5F EA 31 E4 BC 69 7B 
 4C 15 17 DD 95 2C AE 85 0E 9B 91 11 B9 12 65 A0 
 9F 5F 86 58 51 D7 5F 91 4D B6 97 31 CD 8D 1E 11 
 29 00 37 7E AD C3 2D 15 4F 42 96 EA 1E 84 7B 44 
 4B 11 DE 73 18 57 C9 83 C9 BA AE CF 9D 21 7E CF 
 56 B3 D0 93 11 03 77 80 37 52 07 40 36 87 B0 A6 
 E3 68 2D A0 02 99 C9 E6 E5 82 54 54 61 87 70 4A 
 D7 DB 23 44 65 29 6B 3E 64 D8 CB F1 66 9A 57 6D 
 65 FA 29 2E 
 SWTPM_IO_Read: length 14
 80 01 00 00 00 0E 00 00 01 65 80 00 00 00 
    IsEnEnabled(0x165 = 'FlushContext'): 1
 SWTPM_IO_Write: length 10
 80 01 00 00 00 0A 00 00 00 00 
 SWTPM_IO_Read: length 14
 80 01 00 00 00 0E 00 00 01 62 03 00 00 00 
    IsEnEnabled(0x162 = 'ContextSave'): 1
 SWTPM_IO_Write: length 414
 80 01 00 00 01 9E 00 00 00 00 00 00 00 00 00 00 
 00 81 03 00 00 00 40 00 00 07 01 82 00 40 0B 59 
 70 D8 65 73 7C C8 50 FA BC AA C2 17 6B 88 29 D5 
 8E DE 32 EC 2A 27 02 79 08 6C 6F 37 7A 27 70 5A 
 85 E3 8F E9 92 0D 8F 40 A5 04 2C 5A BF F5 AD 89 
 7F E2 C1 8B F3 97 02 AD 0D 74 26 90 71 CE 6E 73 
 2E F9 2E 03 94 73 D8 7D 8F 2B A3 D5 D1 20 4C A0 
 20 6B 16 DE 31 5A 0B 7C 9D AC 71 FA 05 FB 35 27 
 9D FC 6E 85 AF 1B 18 B2 B0 4E 7B E8 CE C4 97 B1 
 FC 4B D8 8F 75 29 EF EB 13 DF 81 6E 3A 71 7B AD 
 F9 D6 65 C1 13 88 47 F2 B3 BD B9 56 61 80 E5 05 
 F2 89 DF BE 13 C0 09 25 05 12 AF 8A FE 77 7D 71 
 A6 9E 91 7B 69 EC 97 EB 1D 8B 79 E1 2A 67 FD 96 
 DB 77 29 D4 29 8C AA E8 A1 AC B7 47 28 DD 4C F8 
 FE A4 1E E6 AD 63 83 ED 77 63 C2 ED 65 03 43 0B 
 8E 3B 88 5F F8 D6 A0 73 F0 18 1C 31 B4 79 A4 1E 
 C1 17 D0 6B 17 85 2D DA BB AC B5 D9 AE 5D 98 4D 
 47 F4 AD AE 29 A9 29 E5 B0 F9 76 20 C4 F7 A4 AB 
 C1 64 C1 6C 62 A8 FD 5D E2 4D 4E A7 32 D1 58 AA 
 4D CF 12 86 F7 3E 42 0A B5 D7 50 A6 31 E0 C0 95 
 9A 1C F0 19 45 44 A3 1D 76 B2 36 91 FC C3 A9 75 
 9F 5E 5E C8 6D 87 BF E3 D4 8E 29 2A B1 81 A3 8A 
 06 66 3C BD 7E 6C D5 E9 2E BF 31 21 29 5D 66 07 
 2F 34 47 BD D6 98 A0 97 16 D8 B2 2A 78 1D 63 25 
 0D AB 06 29 BF C0 45 84 FC 74 3D CF 1A 47 0D 9A 
 B6 7B A4 27 AD 38 7D 85 90 9D 01 08 25 B6 
 SWTPM_IO_Read: length 468
 80 01 00 00 01 D4 00 00 01 61 00 00 00 00 00 00 
 00 9D 80 00 00 00 40 00 00 01 01 B8 00 40 DE 7B 
 89 40 56 6E 34 74 B2 1F 5F 73 09 D4 41 95 5C 32 
 1A 37 6C FC 7B C1 D5 D4 4F 0D 94 35 C7 B5 F6 3A 
 81 81 F0 4D 26 2E 75 8C 25 10 E5 7A 8B 8C 64 51 
 70 12 B9 F1 FE A2 3B D2 CF B2 E7 FF 1C 1D 21 E4 
 95 B2 0F 35 2F B5 C8 E1 9A B8 1E 11 81 BA C8 1F 
 D9 4F 6D 76 E7 F8 97 4F 74 A4 33 17 D0 EA AB 5D 
 A0 A7 EF 63 24 5A 61 8C E9 A4 40 E2 09 73 7C 79 
 AC 5E AB A0 24 4A 73 22 DA FF C5 10 21 9A 86 94 
 2C 15 07 D7 35 E0 27 78 95 00 E9 2C F3 8C 57 95 
 0E 96 70 66 C1 DB E6 93 8E 06 9A 02 F6 06 B7 D1 
 0E 5C FC 62 C9 74 C1 5B 9C 6D EB 9C 29 1E B0 BE 
 29 7E 57 1F 54 E8 7F C5 F8 0A 39 DE 3E EB 6A D1 
 19 A5 3F 07 05 F5 A0 C6 70 24 C4 97 BC 14 3B 38 
 4D CA E9 43 DB E2 E7 64 7D 11 11 60 B6 7B 2C 67 
 EB 47 AD 4E 34 2A 16 0F 3B B2 11 2F 68 29 D4 73 
 72 68 8A 47 C9 38 7F 64 8D 6D E4 ED 56 73 77 73 
 8E 29 A4 54 7C 38 F6 D1 D1 C7 2C 2A 2D 09 14 86 
 F3 0D AC 18 D6 4D A1 43 4A 93 D3 5B 2C A8 E8 B1 
 B6 89 D6 66 29 62 30 CE E5 EA 1E 52 14 8B 55 FB 
 C8 2F C0 14 DE 2F 59 7E E6 5F EA 31 E4 BC 69 7B 
 4C 15 17 DD 95 2C AE 85 0E 9B 91 11 B9 12 65 A0 
 9F 5F 86 58 51 D7 5F 91 4D B6 97 31 CD 8D 1E 11 
 29 00 37 7E AD C3 2D 15 4F 42 96 EA 1E 84 7B 44 
 4B 11 DE 73 18 57 C9 83 C9 BA AE CF 9D 21 7E CF 
 56 B3 D0 93 11 03 77 80 37 52 07 40 36 87 B0 A6 
 E3 68 2D A0 02 99 C9 E6 E5 82 54 54 61 87 70 4A 
 D7 DB 23 44 65 29 6B 3E 64 D8 CB F1 66 9A 57 6D 
 65 FA 29 2E 
    IsEnEnabled(0x161 = 'ContextLoad'): 1
 SWTPM_IO_Write: length 14
 80 01 00 00 00 0E 00 00 00 00 80 00 00 00 
 SWTPM_IO_Read: length 414
 80 01 00 00 01 9E 00 00 01 61 00 00 00 00 00 00 
 00 81 03 00 00 00 40 00 00 07 01 82 00 40 0B 59 
 70 D8 65 73 7C C8 50 FA BC AA C2 17 6B 88 29 D5 
 8E DE 32 EC 2A 27 02 79 08 6C 6F 37 7A 27 70 5A 
 85 E3 8F E9 92 0D 8F 40 A5 04 2C 5A BF F5 AD 89 
 7F E2 C1 8B F3 97 02 AD 0D 74 26 90 71 CE 6E 73 
 2E F9 2E 03 94 73 D8 7D 8F 2B A3 D5 D1 20 4C A0 
 20 6B 16 DE 31 5A 0B 7C 9D AC 71 FA 05 FB 35 27 
 9D FC 6E 85 AF 1B 18 B2 B0 4E 7B E8 CE C4 97 B1 
 FC 4B D8 8F 75 29 EF EB 13 DF 81 6E 3A 71 7B AD 
 F9 D6 65 C1 13 88 47 F2 B3 BD B9 56 61 80 E5 05 
 F2 89 DF BE 13 C0 09 25 05 12 AF 8A FE 77 7D 71 
 A6 9E 91 7B 69 EC 97 EB 1D 8B 79 E1 2A 67 FD 96 
 DB 77 29 D4 29 8C AA E8 A1 AC B7 47 28 DD 4C F8 
 FE A4 1E E6 AD 63 83 ED 77 63 C2 ED 65 03 43 0B 
 8E 3B 88 5F F8 D6 A0 73 F0 18 1C 31 B4 79 A4 1E 
 C1 17 D0 6B 17 85 2D DA BB AC B5 D9 AE 5D 98 4D 
 47 F4 AD AE 29 A9 29 E5 B0 F9 76 20 C4 F7 A4 AB 
 C1 64 C1 6C 62 A8 FD 5D E2 4D 4E A7 32 D1 58 AA 
 4D CF 12 86 F7 3E 42 0A B5 D7 50 A6 31 E0 C0 95 
 9A 1C F0 19 45 44 A3 1D 76 B2 36 91 FC C3 A9 75 
 9F 5E 5E C8 6D 87 BF E3 D4 8E 29 2A B1 81 A3 8A 
 06 66 3C BD 7E 6C D5 E9 2E BF 31 21 29 5D 66 07 
 2F 34 47 BD D6 98 A0 97 16 D8 B2 2A 78 1D 63 25 
 0D AB 06 29 BF C0 45 84 FC 74 3D CF 1A 47 0D 9A 
 B6 7B A4 27 AD 38 7D 85 90 9D 01 08 25 B6 
    IsEnEnabled(0x161 = 'ContextLoad'): 1
 SWTPM_IO_Write: length 14
 80 01 00 00 00 0E 00 00 00 00 03 00 00 00 
 SWTPM_IO_Read: length 63
 80 01 00 00 00 3F 00 00 01 76 40 00 00 07 40 00 
 00 07 00 20 24 67 B4 CA B2 4B 39 D5 FA D8 46 17 
 39 70 D2 53 6E B0 E1 E4 EC 56 7B A2 BC 3D 62 8C 
 DE 51 76 68 00 00 00 00 06 00 80 00 43 00 0B 
    IsEnEnabled(0x176 = 'StartAuthSession'): 1
 SWTPM_IO_Write: length 48
 80 01 00 00 00 30 00 00 00 00 02 00 00 01 00 20 
 4D 5A 46 39 2D D6 48 6E 2F 21 59 6B 8E 17 5E 71 
 FC D3 53 80 1F A2 01 81 3D 80 8F 26 A8 B8 55 C4 
 SWTPM_IO_Read: length 14
 80 01 00 00 00 0E 00 00 01 62 80 00 00 00 
    IsEnEnabled(0x162 = 'ContextSave'): 1
 SWTPM_IO_Write: length 468
 80 01 00 00 01 D4 00 00 00 00 00 00 00 00 00 00 
 00 9E 80 00 00 00 40 00 00 01 01 B8 00 40 23 23 
 F1 10 69 A6 D5 4A 79 7A 87 59 3C EC 14 1C 9E 6F 
 0D CE F6 D3 51 1C 15 7B 7E 0E A3 D4 8D 29 ED D3 
 FB 61 BA 93 DD A8 A9 E1 BB BF E2 63 8A 1C BF 42 
 38 5E 19 AB 6F 5C DD 62 FA 04 0A 25 65 19 AB 67 
 A8 9A 7D C9 82 E7 04 8E 0F D0 07 23 6E FF E2 25 
 C0 17 84 A9 9B 2F E2 95 FE B1 F0 1E 5D A1 CB 13 
 F5 0B BF 7C D2 1B 42 1A F7 50 F6 42 BC D3 07 08 
 36 8F D1 5D E8 35 1F 75 E1 4E 44 24 75 23 C6 73 
 AA 90 32 C7 F5 9C C8 3D 32 94 12 4C FC A8 0F 4C 
 9B CA 16 BB 38 1C 35 97 84 BD 11 5A A9 17 0C D4 
 7A 63 C9 DD 67 11 27 0F 0D D7 B8 62 6E CC F2 A9 
 68 1B 53 1B A2 A7 3A F9 BE FD F4 97 4D E8 3C 82 
 DD D2 CE EF 98 AD 22 E6 46 4B FA 21 DA 22 5D 58 
 DF F5 18 9B 70 DC D9 3B F8 24 48 A4 86 36 EA 4F 
 A6 67 7B A6 E5 6B CF CB 21 71 C5 4D DA B9 C4 EC 
 30 8F A9 49 F1 7D 1A 5B E4 F2 8B 8D 05 BA FA A2 
 ED B9 E8 77 09 87 EB 47 D3 3B B5 1D C1 54 1A 0A 
 63 F9 1B 74 DA 43 46 E3 BC 81 86 C1 77 53 79 24 
 09 B9 84 18 62 13 2A 5C A2 53 E2 2B FC CF 2D 46 
 E4 65 AC D7 6F 1D FD FC B5 AA 73 11 CD 85 72 4B 
 3B 6F 75 7E 55 56 61 23 EB D8 14 8D 75 48 9E 55 
 A9 27 2B 28 FB DD 81 DE 63 07 8B 57 A8 FE C2 DD 
 00 1F F5 87 A1 08 E5 2E D2 B4 3C D2 14 FE 20 78 
 A4 F5 E8 D5 6B B8 87 78 36 2E 58 E3 2C 58 74 E0 
 87 C6 D2 95 F3 B3 5F 01 09 E8 59 77 3C ED C9 6F 
 26 EA F0 8E 90 BC 32 98 5B A2 6C D5 52 3E A1 77 
 30 FA 91 FB FB 61 2C AB 3A 07 1D AE B6 97 2E F5 
 E6 08 D0 2D 
 SWTPM_IO_Read: length 14
 80 01 00 00 00 0E 00 00 01 65 80 00 00 00 
    IsEnEnabled(0x165 = 'FlushContext'): 1
 SWTPM_IO_Write: length 10
 80 01 00 00 00 0A 00 00 00 00 
 SWTPM_IO_Read: length 14
 80 01 00 00 00 0E 00 00 01 62 03 00 00 00 
    IsEnEnabled(0x162 = 'ContextSave'): 1
 SWTPM_IO_Write: length 414
 80 01 00 00 01 9E 00 00 00 00 00 00 00 00 00 00 
 00 82 03 00 00 00 40 00 00 07 01 82 00 40 B4 51 
 00 A5 91 6F C3 28 03 53 6B F8 1A A3 40 0C 43 EF 
 D3 0B 3E 69 DC 02 EE 97 EB 56 EB 9C 6B 97 79 13 
 5C 52 BF 91 8B D0 CB 60 D4 5D 20 C0 96 01 F6 E0 
 5F 30 9B E8 D8 56 BC 0E A1 C1 84 93 2C A4 2A AB 
 6E 88 F1 A4 1F 4B 81 EC 7A 04 89 C1 1D C6 67 F1 
 69 0F 79 BB A8 FA 5F D6 38 2F 21 E4 04 62 46 CF 
 12 82 79 BD 87 48 49 5E 78 2E F5 0B D8 B5 1C DE 
 57 5A C1 B6 E9 AF E2 47 18 74 8B 70 9C 08 D6 69 
 D9 24 01 D6 8D F7 4B CD B9 97 22 17 2B 3D 22 CD 
 BE 21 BD B5 11 31 B0 B9 B9 D0 A6 9B C4 33 78 19 
 64 6C 04 FB 11 24 F0 A0 8D EA F3 4A D2 AE BF 7B 
 B2 F7 6A 43 53 B0 92 6A 9A D5 3D 69 ED 60 A8 08 
 AD F9 50 E9 D4 18 7F 32 48 17 5B 84 05 3C 11 33 
 C4 0E 9A F4 4E 41 8B F6 2C 5B 80 6F 63 20 26 A1 
 DB B0 66 BB A4 36 CA 47 FB 0A A3 5A 29 42 B0 AD 
 DD 28 24 7D 6F 52 5A A5 0F B1 DC C3 7B A5 4D 0C 
 70 8E 84 2E F1 FD D2 DA 37 71 57 CF E8 47 65 D4 
 D4 DB 52 A4 96 13 5D 80 5A A7 20 43 95 F4 15 55 
 D7 0A E6 D0 33 46 68 09 B2 7A 6F 22 F8 7E 2A 26 
 C3 FE 15 F4 60 C7 5A C0 3F 8F 19 A1 10 31 CE 1D 
 1B F3 07 7E 1A B1 C3 CE 0F 5F 6D B6 1F 23 83 86 
 73 81 B1 1E 36 CF 18 45 FA 4B D6 58 BB 92 30 89 
 B7 59 CD AC D9 69 F1 EE 30 07 3A 87 21 17 DF 96 
 EE 4B 7D 11 00 2A 75 51 DD 87 4F 09 E5 C6 
 SWTPM_IO_Read: length 14
 80 01 00 00 00 0E 00 00 01 62 02 00 00 01 
    IsEnEnabled(0x162 = 'ContextSave'): 1
 SWTPM_IO_Write: length 414
 80 01 00 00 01 9E 00 00 00 00 00 00 00 00 00 00 
 00 83 02 00 00 01 40 00 00 07 01 82 00 40 4F 33 
 13 07 77 E6 6F 70 06 00 30 3F 5D D1 FD 6F 65 44 
 59 A2 B7 32 41 3B 0C F5 5E 46 7D D3 FB 41 F0 72 
 2F 46 46 78 2E CF 7F D5 B6 E3 26 E9 AD 30 7B 1D 
 1E 15 87 6B E5 0B F1 A5 FA 31 84 A6 E0 E4 03 A9 
 7B 13 03 EC B0 88 25 1D DE 69 9C 0D D5 EC 04 79 
 5E 72 09 46 F9 5C 34 80 35 3A C1 76 4D E5 80 32 
 D6 F5 DA B0 95 27 F6 DC F2 F5 E6 2B 3B 84 A8 EE 
 C1 EB 9D 79 51 6C 38 EB 9B CD FC 1F 59 AA F1 17 
 6E EC DC FC 06 2A 45 0D 7B 39 9A 25 38 4F 97 1F 
 F0 FD 55 E2 11 CE BF B2 BA 1C AD 36 2E DA 56 AC 
 01 3B 00 2C 25 9B BC 3E 49 F1 7F 95 FB 68 45 6E 
 C8 2F BE 8C 46 05 7E 80 AB 0A 61 35 98 1A C4 E5 
 89 95 38 81 81 1E 5E F2 96 AD 47 FC 3A 05 2D 75 
 94 F7 7A 50 C8 F0 13 76 41 D2 11 CE 52 EC E5 57 
 77 6B B0 F2 2C DF 7F CE 31 E4 AD 94 BB 17 17 76 
 09 79 24 A4 E3 27 BA 00 72 85 B1 D7 C3 93 A4 04 
 18 39 F3 5B B3 E1 3A F7 F9 A7 7A D4 9C 87 48 59 
 DE 59 82 73 B2 07 04 BA C5 3F BD 6B D0 A9 C8 6C 
 44 50 3B FD 02 92 D0 D8 3A 3F C3 8E C8 39 4C 72 
 AE D0 8A 07 36 A6 EF 4F 28 48 04 AF FD 49 37 DD 
 58 1C 62 4C A6 66 15 D8 7F 98 9B 2F 06 EC 52 9D 
 87 1D 94 6F E3 5E FF 2D 77 2B F7 B6 18 36 41 CA 
 CC 03 E7 A3 F5 BD 39 40 10 C6 A1 92 DA D8 95 00 
 E4 CF E0 2F 5D CD 0C C5 61 E4 34 4A 75 BF 
 SWTPM_IO_Read: length 468
 80 01 00 00 01 D4 00 00 01 61 00 00 00 00 00 00 
 00 9E 80 00 00 00 40 00 00 01 01 B8 00 40 23 23 
 F1 10 69 A6 D5 4A 79 7A 87 59 3C EC 14 1C 9E 6F 
 0D CE F6 D3 51 1C 15 7B 7E 0E A3 D4 8D 29 ED D3 
 FB 61 BA 93 DD A8 A9 E1 BB BF E2 63 8A 1C BF 42 
 38 5E 19 AB 6F 5C DD 62 FA 04 0A 25 65 19 AB 67 
 A8 9A 7D C9 82 E7 04 8E 0F D0 07 23 6E FF E2 25 
 C0 17 84 A9 9B 2F E2 95 FE B1 F0 1E 5D A1 CB 13 
 F5 0B BF 7C D2 1B 42 1A F7 50 F6 42 BC D3 07 08 
 36 8F D1 5D E8 35 1F 75 E1 4E 44 24 75 23 C6 73 
 AA 90 32 C7 F5 9C C8 3D 32 94 12 4C FC A8 0F 4C 
 9B CA 16 BB 38 1C 35 97 84 BD 11 5A A9 17 0C D4 
 7A 63 C9 DD 67 11 27 0F 0D D7 B8 62 6E CC F2 A9 
 68 1B 53 1B A2 A7 3A F9 BE FD F4 97 4D E8 3C 82 
 DD D2 CE EF 98 AD 22 E6 46 4B FA 21 DA 22 5D 58 
 DF F5 18 9B 70 DC D9 3B F8 24 48 A4 86 36 EA 4F 
 A6 67 7B A6 E5 6B CF CB 21 71 C5 4D DA B9 C4 EC 
 30 8F A9 49 F1 7D 1A 5B E4 F2 8B 8D 05 BA FA A2 
 ED B9 E8 77 09 87 EB 47 D3 3B B5 1D C1 54 1A 0A 
 63 F9 1B 74 DA 43 46 E3 BC 81 86 C1 77 53 79 24 
 09 B9 84 18 62 13 2A 5C A2 53 E2 2B FC CF 2D 46 
 E4 65 AC D7 6F 1D FD FC B5 AA 73 11 CD 85 72 4B 
 3B 6F 75 7E 55 56 61 23 EB D8 14 8D 75 48 9E 55 
 A9 27 2B 28 FB DD 81 DE 63 07 8B 57 A8 FE C2 DD 
 00 1F F5 87 A1 08 E5 2E D2 B4 3C D2 14 FE 20 78 
 A4 F5 E8 D5 6B B8 87 78 36 2E 58 E3 2C 58 74 E0 
 87 C6 D2 95 F3 B3 5F 01 09 E8 59 77 3C ED C9 6F 
 26 EA F0 8E 90 BC 32 98 5B A2 6C D5 52 3E A1 77 
 30 FA 91 FB FB 61 2C AB 3A 07 1D AE B6 97 2E F5 
 E6 08 D0 2D 
    IsEnEnabled(0x161 = 'ContextLoad'): 1
 SWTPM_IO_Write: length 14
 80 01 00 00 00 0E 00 00 00 00 80 00 00 00 
 SWTPM_IO_Read: length 414
 80 01 00 00 01 9E 00 00 01 61 00 00 00 00 00 00 
 00 82 03 00 00 00 40 00 00 07 01 82 00 40 B4 51 
 00 A5 91 6F C3 28 03 53 6B F8 1A A3 40 0C 43 EF 
 D3 0B 3E 69 DC 02 EE 97 EB 56 EB 9C 6B 97 79 13 
 5C 52 BF 91 8B D0 CB 60 D4 5D 20 C0 96 01 F6 E0 
 5F 30 9B E8 D8 56 BC 0E A1 C1 84 93 2C A4 2A AB 
 6E 88 F1 A4 1F 4B 81 EC 7A 04 89 C1 1D C6 67 F1 
 69 0F 79 BB A8 FA 5F D6 38 2F 21 E4 04 62 46 CF 
 12 82 79 BD 87 48 49 5E 78 2E F5 0B D8 B5 1C DE 
 57 5A C1 B6 E9 AF E2 47 18 74 8B 70 9C 08 D6 69 
 D9 24 01 D6 8D F7 4B CD B9 97 22 17 2B 3D 22 CD 
 BE 21 BD B5 11 31 B0 B9 B9 D0 A6 9B C4 33 78 19 
 64 6C 04 FB 11 24 F0 A0 8D EA F3 4A D2 AE BF 7B 
 B2 F7 6A 43 53 B0 92 6A 9A D5 3D 69 ED 60 A8 08 
 AD F9 50 E9 D4 18 7F 32 48 17 5B 84 05 3C 11 33 
 C4 0E 9A F4 4E 41 8B F6 2C 5B 80 6F 63 20 26 A1 
 DB B0 66 BB A4 36 CA 47 FB 0A A3 5A 29 42 B0 AD 
 DD 28 24 7D 6F 52 5A A5 0F B1 DC C3 7B A5 4D 0C 
 70 8E 84 2E F1 FD D2 DA 37 71 57 CF E8 47 65 D4 
 D4 DB 52 A4 96 13 5D 80 5A A7 20 43 95 F4 15 55 
 D7 0A E6 D0 33 46 68 09 B2 7A 6F 22 F8 7E 2A 26 
 C3 FE 15 F4 60 C7 5A C0 3F 8F 19 A1 10 31 CE 1D 
 1B F3 07 7E 1A B1 C3 CE 0F 5F 6D B6 1F 23 83 86 
 73 81 B1 1E 36 CF 18 45 FA 4B D6 58 BB 92 30 89 
 B7 59 CD AC D9 69 F1 EE 30 07 3A 87 21 17 DF 96 
 EE 4B 7D 11 00 2A 75 51 DD 87 4F 09 E5 C6 
    IsEnEnabled(0x161 = 'ContextLoad'): 1
 SWTPM_IO_Write: length 14
 80 01 00 00 00 0E 00 00 00 00 03 00 00 00 
 SWTPM_IO_Read: length 414
 80 01 00 00 01 9E 00 00 01 61 00 00 00 00 00 00 
 00 83 02 00 00 01 40 00 00 07 01 82 00 40 4F 33 
 13 07 77 E6 6F 70 06 00 30 3F 5D D1 FD 6F 65 44 
 59 A2 B7 32 41 3B 0C F5 5E 46 7D D3 FB 41 F0 72 
 2F 46 46 78 2E CF 7F D5 B6 E3 26 E9 AD 30 7B 1D 
 1E 15 87 6B E5 0B F1 A5 FA 31 84 A6 E0 E4 03 A9 
 7B 13 03 EC B0 88 25 1D DE 69 9C 0D D5 EC 04 79 
 5E 72 09 46 F9 5C 34 80 35 3A C1 76 4D E5 80 32 
 D6 F5 DA B0 95 27 F6 DC F2 F5 E6 2B 3B 84 A8 EE 
 C1 EB 9D 79 51 6C 38 EB 9B CD FC 1F 59 AA F1 17 
 6E EC DC FC 06 2A 45 0D 7B 39 9A 25 38 4F 97 1F 
 F0 FD 55 E2 11 CE BF B2 BA 1C AD 36 2E DA 56 AC 
 01 3B 00 2C 25 9B BC 3E 49 F1 7F 95 FB 68 45 6E 
 C8 2F BE 8C 46 05 7E 80 AB 0A 61 35 98 1A C4 E5 
 89 95 38 81 81 1E 5E F2 96 AD 47 FC 3A 05 2D 75 
 94 F7 7A 50 C8 F0 13 76 41 D2 11 CE 52 EC E5 57 
 77 6B B0 F2 2C DF 7F CE 31 E4 AD 94 BB 17 17 76 
 09 79 24 A4 E3 27 BA 00 72 85 B1 D7 C3 93 A4 04 
 18 39 F3 5B B3 E1 3A F7 F9 A7 7A D4 9C 87 48 59 
 DE 59 82 73 B2 07 04 BA C5 3F BD 6B D0 A9 C8 6C 
 44 50 3B FD 02 92 D0 D8 3A 3F C3 8E C8 39 4C 72 
 AE D0 8A 07 36 A6 EF 4F 28 48 04 AF FD 49 37 DD 
 58 1C 62 4C A6 66 15 D8 7F 98 9B 2F 06 EC 52 9D 
 87 1D 94 6F E3 5E FF 2D 77 2B F7 B6 18 36 41 CA 
 CC 03 E7 A3 F5 BD 39 40 10 C6 A1 92 DA D8 95 00 
 E4 CF E0 2F 5D CD 0C C5 61 E4 34 4A 75 BF 
    IsEnEnabled(0x161 = 'ContextLoad'): 1
 SWTPM_IO_Write: length 14
 80 01 00 00 00 0E 00 00 00 00 02 00 00 01 
 SWTPM_IO_Read: length 246
 80 02 00 00 00 F6 00 00 01 53 80 00 00 00 00 00 
 00 49 02 00 00 01 00 20 B7 7B 20 E3 98 9B 21 97 
 95 2D E9 A2 6A A5 7F EC 88 3C C1 E7 9C DC F9 33 
 7C D9 24 FF 9F 46 2E 7D 61 00 20 CF 26 9E EA 33 
 26 16 19 D2 D0 7F 4C 01 40 93 E7 AE 34 6B 64 E4 
 EE DD 56 1E F9 66 12 46 50 EE F9 00 63 E9 5B 4A 
 01 C7 14 B2 10 6F BD 37 EC 3A D8 89 8D F6 35 FB 
 52 0A 87 97 1A 0F A9 B8 5C 6E 6E 88 3E B8 DF E5 
 58 AE A1 13 C6 5C 15 8F A9 04 9D 8D D1 96 B6 99 
 4C 09 D4 60 39 18 39 7E 44 60 29 2B 8B 6E 62 13 
 C0 42 9A F0 C0 06 62 99 16 55 F8 45 4C D5 1B 6C 
 35 1E 0A F5 26 CA 19 28 53 84 A8 AF 7D F7 5B 9B 
 00 2E 00 08 00 0B 00 00 04 92 00 20 8C 3D 9B 87 
 D9 B8 F1 BA BA BE AB D7 0D CB D3 E3 A3 4C C2 A8 
 5F 70 02 DB 5E 28 2F 48 BD EE 16 17 00 10 00 00 
 00 00 00 00 00 00 
    IsEnEnabled(0x153 = 'Create'): 1
 SWTPM_IO_Write: length 609
 80 02 00 00 02 61 00 00 00 00 00 00 02 0E 00 DD 
 01 E6 47 8F 80 CC B9 EA D4 61 41 91 9D 4F 74 6C 
 83 F8 FE 0C AB 0A C9 D0 44 5A 61 68 C9 F2 78 FA 
 D4 03 D4 EA 93 4E 78 99 FC B9 1C 06 CA 62 BE 66 
 77 96 84 48 06 46 FA CF 6D F0 55 63 1E BC 47 3B 
 C8 1F AA 2A 6C 13 55 7F 6B 18 61 B1 C2 5C D7 E7 
 17 79 6F E3 B4 8B 39 57 82 DC FF 1D E5 5A 13 10 
 AB 89 67 55 FB DD 1E CB 47 20 F9 98 70 77 69 EC 
 41 DF 97 14 00 F1 B4 50 EA F7 6F 3D 48 DB C7 71 
 AB 98 FF 36 EE F9 4F 03 57 8E 56 88 C6 B0 57 85 
 80 9F 6E E4 EB 8B 9C CD 70 63 1C FA 07 6B 26 D9 
 CC CD 6B FE 0B D6 76 AA BC 17 09 93 CC 9E F2 4B 
 11 6B 0F 46 A4 AD 78 6F BC 62 14 B3 CC B5 4A E3 
 42 F1 24 50 CC 4F 87 21 F0 95 32 A3 B9 E6 81 45 
 04 1C 7B 0B 06 1B 1A 60 18 31 D3 F0 1E 00 4E 00 
 08 00 0B 00 00 04 92 00 20 8C 3D 9B 87 D9 B8 F1 
 BA BA BE AB D7 0D CB D3 E3 A3 4C C2 A8 5F 70 02 
 DB 5E 28 2F 48 BD EE 16 17 00 10 00 20 60 13 B5 
 FB 43 3A 49 FC 31 7D D3 A5 9C C1 3A 6F 14 71 39 
 FD 8A F7 60 81 F6 95 55 26 93 93 CF 27 00 73 00 
 00 00 00 00 20 E3 B0 C4 42 98 FC 1C 14 9A FB F4 
 C8 99 6F B9 24 27 AE 41 E4 64 9B 93 4C A4 95 99 
 1B 78 52 B8 55 01 00 0B 00 22 00 0B 9D EB C6 29 
 7B 08 4B 07 DA EC D1 D0 9F F9 BA 39 99 49 C1 64 
 F1 FF 99 82 AE 53 CD EF F6 8D 9A 48 00 22 00 0B 
 C6 65 18 27 3E A6 FF 84 9A E4 CC 4B EC 50 5D 09 
 FD 46 31 5F 8B CC 09 A0 22 27 CD 00 36 BE CA C1 
 00 00 00 20 D1 C0 D2 F4 2A 69 6F 26 4B FA 6E 87 
 20 FC A8 96 FE 89 99 27 A3 96 4D 46 7D 54 6A 48 
 43 98 2F 49 80 21 40 00 00 01 00 40 C6 F4 10 36 
 39 B8 44 2D 42 AA 6A 21 09 F5 22 A7 7A AC F5 2F 
 71 18 B0 E1 41 4A 06 C7 C9 17 1B 5F 0F 0B 4A 39 
 E5 3B 58 D0 55 3D DF 6A 9E 13 02 13 DC 8B B9 B3 
 C4 6C AC C8 DF 0F 13 F1 67 1C 38 39 00 20 3F 46 
 78 D7 A3 E6 03 49 93 45 0D 71 EA 13 1E 17 4B 6F 
 DF 8B 2A 0A 42 45 BE 6F CB 8F D1 33 63 48 61 00 
 20 DC D2 55 22 24 14 3A F5 F1 89 E0 24 1D 49 08 
 56 BA E2 7E E2 C7 0F F7 25 A8 9A 84 0C 4C 56 79 
 11 
 SWTPM_IO_Read: length 14
 80 01 00 00 00 0E 00 00 01 62 80 00 00 00 
    IsEnEnabled(0x162 = 'ContextSave'): 1
 SWTPM_IO_Write: length 468
 80 01 00 00 01 D4 00 00 00 00 00 00 00 00 00 00 
 00 9F 80 00 00 00 40 00 00 01 01 B8 00 40 44 DE 
 CF F0 C6 12 B5 86 4F 2A 3C BA 03 44 AE 03 C2 AE 
 A5 69 A3 6B 5C CC E5 FE 50 70 81 FE CF D3 80 58 
 BC C1 10 D1 A7 83 DF 94 33 22 20 7A CF 7E 77 AB 
 B6 81 3C EE 87 56 53 D7 E4 5A E0 5C 19 26 11 8D 
 89 65 30 C2 CA AF 0E 3A 60 B6 0B B9 66 37 7E D6 
 8C C4 86 21 FC 7F 07 77 0E D5 03 DB 0A 70 D0 74 
 AD 2E BA 53 40 01 2B AA DD 8E 9C C8 D0 39 13 EA 
 94 74 7F 37 A2 C5 4E E8 74 6A 8D 0F 61 68 7B 4B 
 D2 F6 9E 2B 7A 0B FE 1E C9 99 77 50 A9 F2 2B 94 
 64 EB 0B 79 D6 91 B1 BC 87 F1 5C 96 91 4B 8B 1E 
 A3 95 47 4A D9 7A 94 85 B8 F5 A7 F7 7D A3 36 F1 
 04 E1 42 D8 F5 D7 88 57 F1 05 BC 52 C0 30 F1 BD 
 FF 21 F2 F3 F2 D0 91 13 62 8F FB E1 99 CF 0D 14 
 80 B9 58 8A 0A D4 9D 2A 21 14 A7 24 CE 55 FD E1 
 30 D1 C9 81 9D C7 1F 1F B8 61 59 E7 CC 49 1C D1 
 C4 B0 F9 59 3C FA 4D 27 24 11 60 06 B7 B4 AE C9 
 B0 73 2D 00 AA 86 3C 56 6F A7 C1 16 1F 42 DE AF 
 90 B2 31 9B 3B C6 1C 80 B0 59 FE 55 AF 7A B7 4A 
 C2 B1 2F 2C 16 85 DD 4F 38 0B 48 02 EA 93 FD 9E 
 BA 1B 10 D0 81 C9 2A 24 59 B3 DC 1A AA DA 4A 2F 
 74 F8 7A 13 E4 05 E9 C1 76 71 02 6C 5E 8D BC 55 
 E6 C5 35 F6 FF DC 14 2E F8 1C F5 39 9F 2B 84 82 
 2A E2 6F B9 2E 6A 27 20 CB 56 56 D7 75 96 87 88 
 D8 CC 58 40 41 51 3A AA 94 C3 EC B5 B1 9B C2 9C 
 0F D6 1C 01 18 98 16 05 EE A5 7C 23 9B 05 63 4C 
 B5 13 01 A7 12 33 34 3C 6C 06 AC CE 0E 49 87 82 
 00 4B 49 46 2D 45 D4 A4 BC 9F 50 F5 6F A4 70 6C 
 22 F0 52 C6 
 SWTPM_IO_Read: length 14
 80 01 00 00 00 0E 00 00 01 65 80 00 00 00 
    IsEnEnabled(0x165 = 'FlushContext'): 1
 SWTPM_IO_Write: length 10
 80 01 00 00 00 0A 00 00 00 00 
 SWTPM_IO_Read: length 14
 80 01 00 00 00 0E 00 00 01 62 03 00 00 00 
    IsEnEnabled(0x162 = 'ContextSave'): 1
 SWTPM_IO_Write: length 414
 80 01 00 00 01 9E 00 00 00 00 00 00 00 00 00 00 
 00 84 03 00 00 00 40 00 00 07 01 82 00 40 02 D0 
 4D 83 05 B1 2F 60 FA AF D2 F9 D5 45 B2 5A 80 BC 
 0A FE D4 A7 19 8B 9B 47 6E B2 AB B2 38 E2 63 3B 
 88 D6 EB 20 A9 66 F0 37 10 D6 CE 3C F3 FF 18 B6 
 12 1C 1A A4 10 D7 E0 3C 2F 45 88 81 BD 7E E7 3E 
 FB 2E 57 7B ED C9 D9 4D BC 23 1D F5 F9 90 28 CE 
 72 C8 3E FB 69 99 F3 B1 FB 0F 65 29 D7 83 88 1C 
 04 9E C1 20 12 1B 53 47 A8 79 1B 48 81 B2 89 19 
 FA 45 85 DE 2B 1A 4B 7B A7 6D 57 0E 05 42 51 CD 
 AE 17 A0 BF FA E9 A1 B0 DC C4 72 CD 62 65 B7 97 
 B4 BF A6 13 A9 50 11 AF 47 AE D1 52 EB 38 AC FD 
 09 A2 DD E3 33 30 96 21 B7 88 CC C8 EC F8 E2 A9 
 60 7C 73 A3 A0 10 DF 6D B8 BE 0B 1B 79 E6 1C EB 
 1E CD 31 90 EB 25 93 0C 90 10 6A E9 5B EE D9 35 
 85 75 2A 0D 77 47 9F 0A 65 B2 E9 81 A1 87 BE D5 
 46 6B 81 D0 44 73 A7 02 7E 6E A2 36 6B 25 A9 48 
 CB 33 1B 2A DA 1B 56 89 02 8C 67 EB 44 F7 1A A5 
 8F 61 4F 1F 07 70 81 09 D9 63 95 16 26 14 80 1A 
 43 F0 2B 3E B1 95 4D 9C 4B F7 A0 0E DA 07 AC DF 
 6D FC 95 53 F6 5E 9C 35 90 5A D3 40 4F E2 70 70 
 C9 D3 FF 35 51 BF 41 CF 06 E6 E9 F7 47 6F AE DF 
 F0 BE 69 69 97 9D 0D E1 EE 7E 0B 75 C7 B9 59 05 
 CA EB 57 7D A7 28 3B 6B F3 89 BB E8 46 5F B8 68 
 DF 48 74 7E FD B8 8B FF 02 87 AB 96 18 B8 47 2A 
 EA 5A 9C 35 DB 43 E9 8B 95 95 BE 54 BC 34 
 SWTPM_IO_Read: length 14
 80 01 00 00 00 0E 00 00 01 62 02 00 00 01 
    IsEnEnabled(0x162 = 'ContextSave'): 1
 SWTPM_IO_Write: length 414
 80 01 00 00 01 9E 00 00 00 00 00 00 00 00 00 00 
 00 85 02 00 00 01 40 00 00 07 01 82 00 40 7D A8 
 E8 12 E0 B2 9D 6D C3 FE 3D 29 2B E4 B5 80 51 E9 
 AE 21 B7 FF D0 46 A6 31 CB B7 D0 B3 54 01 06 D5 
 87 3D 5D EF C9 0D F5 9C 05 7A 88 B7 6C 70 82 FB 
 32 3D 3A 36 60 3F 50 1C 5F 5C AA D7 5A 5D 11 D4 
 90 A8 E1 A5 41 AA 24 ED B3 A5 8A 39 7C 4F 73 47 
 E7 5E 36 32 6E C7 0A 5C 3A 8D 64 51 FA 9B 67 04 
 48 98 DF 2F AB 87 F1 B9 FA 16 EE 25 AB 67 8A 18 
 C1 18 00 92 57 D6 2B 3D 34 B6 68 70 82 03 FD D8 
 9C 94 B2 28 A9 68 94 84 A9 CB 1D 25 9A BE 4D 3C 
 19 AC 87 E3 E6 E1 5C 8F 57 10 E2 30 35 51 1A BE 
 18 C7 20 BD 1F 5D 78 D5 06 81 26 F9 9E A3 11 AA 
 83 5A E6 D1 B8 7F B1 FE 72 90 E1 22 9D CD 64 26 
 F8 54 4E D7 32 C0 CC 43 09 CD 82 C0 E3 4E EA C3 
 42 6E 72 B7 B4 76 9D A1 0D 48 9E 98 75 8A DB AF 
 B9 7E 64 C7 B9 15 4B 4D BF F1 D4 B7 86 38 97 B5 
 F4 AE EF D0 F8 8B 1C 5A 15 6C E8 2E 7C E3 31 DA 
 E0 A7 E9 E3 3B CD 64 A3 67 9A C8 CD 0E 54 81 62 
 7F FD C9 C9 A4 C6 7D 20 D9 71 EF E7 94 17 34 4A 
 49 0F DE F2 7F 52 C1 0C BC 06 46 CB 20 19 B2 B0 
 F5 00 50 16 AF 14 2E 1B F7 C1 F2 C8 FF D6 AA 3F 
 F8 AB BA 69 EE 2D 8E A8 54 CE C5 C6 64 AB DF 85 
 80 09 80 1C AB 23 94 49 64 4A 4B FA 1D 87 3D 59 
 B5 2D E5 BC 04 1B 65 87 CC D6 8C D7 44 8D 2C 7C 
 88 BB EC 3A D1 E7 A3 4F A3 51 6A E3 65 E9 
 SWTPM_IO_Read: length 468
 80 01 00 00 01 D4 00 00 01 61 00 00 00 00 00 00 
 00 9F 80 00 00 00 40 00 00 01 01 B8 00 40 44 DE 
 CF F0 C6 12 B5 86 4F 2A 3C BA 03 44 AE 03 C2 AE 
 A5 69 A3 6B 5C CC E5 FE 50 70 81 FE CF D3 80 58 
 BC C1 10 D1 A7 83 DF 94 33 22 20 7A CF 7E 77 AB 
 B6 81 3C EE 87 56 53 D7 E4 5A E0 5C 19 26 11 8D 
 89 65 30 C2 CA AF 0E 3A 60 B6 0B B9 66 37 7E D6 
 8C C4 86 21 FC 7F 07 77 0E D5 03 DB 0A 70 D0 74 
 AD 2E BA 53 40 01 2B AA DD 8E 9C C8 D0 39 13 EA 
 94 74 7F 37 A2 C5 4E E8 74 6A 8D 0F 61 68 7B 4B 
 D2 F6 9E 2B 7A 0B FE 1E C9 99 77 50 A9 F2 2B 94 
 64 EB 0B 79 D6 91 B1 BC 87 F1 5C 96 91 4B 8B 1E 
 A3 95 47 4A D9 7A 94 85 B8 F5 A7 F7 7D A3 36 F1 
 04 E1 42 D8 F5 D7 88 57 F1 05 BC 52 C0 30 F1 BD 
 FF 21 F2 F3 F2 D0 91 13 62 8F FB E1 99 CF 0D 14 
 80 B9 58 8A 0A D4 9D 2A 21 14 A7 24 CE 55 FD E1 
 30 D1 C9 81 9D C7 1F 1F B8 61 59 E7 CC 49 1C D1 
 C4 B0 F9 59 3C FA 4D 27 24 11 60 06 B7 B4 AE C9 
 B0 73 2D 00 AA 86 3C 56 6F A7 C1 16 1F 42 DE AF 
 90 B2 31 9B 3B C6 1C 80 B0 59 FE 55 AF 7A B7 4A 
 C2 B1 2F 2C 16 85 DD 4F 38 0B 48 02 EA 93 FD 9E 
 BA 1B 10 D0 81 C9 2A 24 59 B3 DC 1A AA DA 4A 2F 
 74 F8 7A 13 E4 05 E9 C1 76 71 02 6C 5E 8D BC 55 
 E6 C5 35 F6 FF DC 14 2E F8 1C F5 39 9F 2B 84 82 
 2A E2 6F B9 2E 6A 27 20 CB 56 56 D7 75 96 87 88 
 D8 CC 58 40 41 51 3A AA 94 C3 EC B5 B1 9B C2 9C 
 0F D6 1C 01 18 98 16 05 EE A5 7C 23 9B 05 63 4C 
 B5 13 01 A7 12 33 34 3C 6C 06 AC CE 0E 49 87 82 
 00 4B 49 46 2D 45 D4 A4 BC 9F 50 F5 6F A4 70 6C 
 22 F0 52 C6 
    IsEnEnabled(0x161 = 'ContextLoad'): 1
 SWTPM_IO_Write: length 14
 80 01 00 00 00 0E 00 00 00 00 80 00 00 00 
 SWTPM_IO_Read: length 414
 80 01 00 00 01 9E 00 00 01 61 00 00 00 00 00 00 
 00 84 03 00 00 00 40 00 00 07 01 82 00 40 02 D0 
 4D 83 05 B1 2F 60 FA AF D2 F9 D5 45 B2 5A 80 BC 
 0A FE D4 A7 19 8B 9B 47 6E B2 AB B2 38 E2 63 3B 
 88 D6 EB 20 A9 66 F0 37 10 D6 CE 3C F3 FF 18 B6 
 12 1C 1A A4 10 D7 E0 3C 2F 45 88 81 BD 7E E7 3E 
 FB 2E 57 7B ED C9 D9 4D BC 23 1D F5 F9 90 28 CE 
 72 C8 3E FB 69 99 F3 B1 FB 0F 65 29 D7 83 88 1C 
 04 9E C1 20 12 1B 53 47 A8 79 1B 48 81 B2 89 19 
 FA 45 85 DE 2B 1A 4B 7B A7 6D 57 0E 05 42 51 CD 
 AE 17 A0 BF FA E9 A1 B0 DC C4 72 CD 62 65 B7 97 
 B4 BF A6 13 A9 50 11 AF 47 AE D1 52 EB 38 AC FD 
 09 A2 DD E3 33 30 96 21 B7 88 CC C8 EC F8 E2 A9 
 60 7C 73 A3 A0 10 DF 6D B8 BE 0B 1B 79 E6 1C EB 
 1E CD 31 90 EB 25 93 0C 90 10 6A E9 5B EE D9 35 
 85 75 2A 0D 77 47 9F 0A 65 B2 E9 81 A1 87 BE D5 
 46 6B 81 D0 44 73 A7 02 7E 6E A2 36 6B 25 A9 48 
 CB 33 1B 2A DA 1B 56 89 02 8C 67 EB 44 F7 1A A5 
 8F 61 4F 1F 07 70 81 09 D9 63 95 16 26 14 80 1A 
 43 F0 2B 3E B1 95 4D 9C 4B F7 A0 0E DA 07 AC DF 
 6D FC 95 53 F6 5E 9C 35 90 5A D3 40 4F E2 70 70 
 C9 D3 FF 35 51 BF 41 CF 06 E6 E9 F7 47 6F AE DF 
 F0 BE 69 69 97 9D 0D E1 EE 7E 0B 75 C7 B9 59 05 
 CA EB 57 7D A7 28 3B 6B F3 89 BB E8 46 5F B8 68 
 DF 48 74 7E FD B8 8B FF 02 87 AB 96 18 B8 47 2A 
 EA 5A 9C 35 DB 43 E9 8B 95 95 BE 54 BC 34 
    IsEnEnabled(0x161 = 'ContextLoad'): 1
 SWTPM_IO_Write: length 14
 80 01 00 00 00 0E 00 00 00 00 03 00 00 00 
 SWTPM_IO_Read: length 414
 80 01 00 00 01 9E 00 00 01 61 00 00 00 00 00 00 
 00 85 02 00 00 01 40 00 00 07 01 82 00 40 7D A8 
 E8 12 E0 B2 9D 6D C3 FE 3D 29 2B E4 B5 80 51 E9 
 AE 21 B7 FF D0 46 A6 31 CB B7 D0 B3 54 01 06 D5 
 87 3D 5D EF C9 0D F5 9C 05 7A 88 B7 6C 70 82 FB 
 32 3D 3A 36 60 3F 50 1C 5F 5C AA D7 5A 5D 11 D4 
 90 A8 E1 A5 41 AA 24 ED B3 A5 8A 39 7C 4F 73 47 
 E7 5E 36 32 6E C7 0A 5C 3A 8D 64 51 FA 9B 67 04 
 48 98 DF 2F AB 87 F1 B9 FA 16 EE 25 AB 67 8A 18 
 C1 18 00 92 57 D6 2B 3D 34 B6 68 70 82 03 FD D8 
 9C 94 B2 28 A9 68 94 84 A9 CB 1D 25 9A BE 4D 3C 
 19 AC 87 E3 E6 E1 5C 8F 57 10 E2 30 35 51 1A BE 
 18 C7 20 BD 1F 5D 78 D5 06 81 26 F9 9E A3 11 AA 
 83 5A E6 D1 B8 7F B1 FE 72 90 E1 22 9D CD 64 26 
 F8 54 4E D7 32 C0 CC 43 09 CD 82 C0 E3 4E EA C3 
 42 6E 72 B7 B4 76 9D A1 0D 48 9E 98 75 8A DB AF 
 B9 7E 64 C7 B9 15 4B 4D BF F1 D4 B7 86 38 97 B5 
 F4 AE EF D0 F8 8B 1C 5A 15 6C E8 2E 7C E3 31 DA 
 E0 A7 E9 E3 3B CD 64 A3 67 9A C8 CD 0E 54 81 62 
 7F FD C9 C9 A4 C6 7D 20 D9 71 EF E7 94 17 34 4A 
 49 0F DE F2 7F 52 C1 0C BC 06 46 CB 20 19 B2 B0 
 F5 00 50 16 AF 14 2E 1B F7 C1 F2 C8 FF D6 AA 3F 
 F8 AB BA 69 EE 2D 8E A8 54 CE C5 C6 64 AB DF 85 
 80 09 80 1C AB 23 94 49 64 4A 4B FA 1D 87 3D 59 
 B5 2D E5 BC 04 1B 65 87 CC D6 8C D7 44 8D 2C 7C 
 88 BB EC 3A D1 E7 A3 4F A3 51 6A E3 65 E9 
    IsEnEnabled(0x161 = 'ContextLoad'): 1
 SWTPM_IO_Write: length 14
 80 01 00 00 00 0E 00 00 00 00 02 00 00 01 
 SWTPM_IO_Read: length 14
 80 01 00 00 00 0E 00 00 01 65 02 00 00 01 
    IsEnEnabled(0x165 = 'FlushContext'): 1
 SWTPM_IO_Write: length 10
 80 01 00 00 00 0A 00 00 00 00 
 SWTPM_IO_Read: length 14
 80 01 00 00 00 0E 00 00 01 62 80 00 00 00 
    IsEnEnabled(0x162 = 'ContextSave'): 1
 SWTPM_IO_Write: length 468
 80 01 00 00 01 D4 00 00 00 00 00 00 00 00 00 00 
 00 A0 80 00 00 00 40 00 00 01 01 B8 00 40 9F FC 
 A6 51 F2 D3 5B 8F 7B 63 5F E5 5D 9F A6 46 8B E4 
 45 5E 1C A6 C9 2E 42 0A 65 29 49 0A C2 D4 B0 DF 
 65 E5 A3 D8 B3 D1 13 AE F4 74 08 41 18 A5 29 67 
 75 38 1F ED 51 B1 50 5F DA 1D B7 1B D5 59 52 C3 
 91 12 AB 6A F8 CC 04 D7 9E F9 AA 40 0B 0E C7 2C 
 D1 E1 8E 6A DB 4E 6F 05 FC D0 24 5B FE 34 F0 AF 
 65 2D DD 5A F4 FB 81 52 75 1C 6C 81 90 EB A0 4D 
 E5 52 41 12 5B 76 9B 24 CD 69 60 07 DF 89 8E 33 
 BE 44 A1 C1 E3 85 9F 2E 97 A9 38 66 7B A6 AC C6 
 1C 30 C7 A1 A7 40 82 29 BE D1 07 12 FC AC 1F 0B 
 98 00 28 2E B2 E5 E3 1F 55 D6 BB FC A1 51 10 16 
 74 EC 44 1D 38 0D 84 58 DC 1C 08 37 54 E2 1C 31 
 39 40 CE 34 BE 6A 98 DF B7 1B BD B5 89 C4 62 52 
 37 EE 96 45 82 B4 B2 97 5F B4 AF 81 9F 14 A0 23 
 51 68 3B 73 25 55 BF 2F 85 23 DD D5 2E F9 FF 88 
 99 83 C2 76 19 AC 8C 24 58 B8 C0 E4 7B F2 45 1A 
 16 31 B5 B9 DF A8 10 F2 E4 08 A6 AD 40 FD D7 B6 
 BF 81 21 BB 2D 1A 43 9F 51 BE C8 E3 77 17 47 1B 
 4A B4 F5 F6 DB 9A 6A F8 06 F0 1F 2C 87 B5 33 E4 
 C8 B1 24 5E CF 12 7D 89 2C 68 41 56 B5 8D 8E FD 
 A2 0C 2B 94 3E CA 5C 9E 53 C1 80 EA CB 52 F0 28 
 BD 2E DA 62 9A 01 FE E2 17 EA 73 A8 2A 72 F0 64 
 C8 77 2A 05 8E E6 E8 BE E6 5D E0 CE 86 EE 6B DF 
 0E 1E 78 C6 D5 75 1D 52 A8 62 AB A9 D7 54 F6 0A 
 3E 80 C8 8E B8 96 7B 60 21 1B 25 FB DA 6C 1E A7 
 EC F0 2B A9 81 E4 7C FA A3 B5 F5 58 E2 02 94 D9 
 29 2D 1F 75 6A A7 F8 98 A7 73 1E 30 61 AC 12 D7 
 14 BD 0D 60 
 SWTPM_IO_Read: length 14
 80 01 00 00 00 0E 00 00 01 65 80 00 00 00 
    IsEnEnabled(0x165 = 'FlushContext'): 1
 SWTPM_IO_Write: length 10
 80 01 00 00 00 0A 00 00 00 00 
 SWTPM_IO_Read: length 14
 80 01 00 00 00 0E 00 00 01 62 03 00 00 00 
    IsEnEnabled(0x162 = 'ContextSave'): 1
 SWTPM_IO_Write: length 414
 80 01 00 00 01 9E 00 00 00 00 00 00 00 00 00 00 
 00 86 03 00 00 00 40 00 00 07 01 82 00 40 B8 DB 
 A7 F1 9B 54 28 E0 2E C4 E6 B7 AF 03 1D 3D BA 58 
 6B B8 D1 93 BA 88 00 A4 2F 27 83 B2 40 BE 9F B1 
 EC 62 A8 AF 16 44 1E 34 90 FD 77 F1 1B 1A 48 E7 
 6B 64 5C 3C 55 93 AD CC 34 28 81 B5 C5 0A 11 F0 
 4C 24 A2 F7 09 5A 37 9C 87 CB 87 B8 0B 4B 4D 43 
 01 8B 6E 85 35 1D 0B D0 2C 46 A2 B2 CA 5D AD 59 
 DE 51 E6 C4 A1 6E 2E 03 75 4F 3E 8E 82 CE B7 61 
 04 C9 C7 62 EB 23 F3 F3 0F 07 ED 29 DF 47 6C 74 
 89 48 28 42 84 35 F2 7F F2 1F F7 77 5E B4 7E 6E 
 1E E2 3A F5 37 43 44 CE DE E5 DA 6B 68 D7 FE EB 
 DC 40 F6 D2 1A 33 8D C5 C4 93 61 10 3C 08 9D D1 
 7C 43 07 79 51 87 0B 66 9D B0 4A EF 6B E5 C2 EF 
 0C 19 7C EA B2 7A 6F 8B AA 1D 5C F8 6A 20 1C 26 
 65 EB A7 A6 9F 83 83 17 C4 54 DE AF 38 BC CC 07 
 5D 28 58 F2 72 3C AC D8 6C 67 3A D9 F2 9D B8 09 
 D8 11 76 F3 AE B5 96 A1 63 FA EF C3 1E DF 05 E5 
 2F 8D 8C B0 98 72 72 95 71 B2 D0 47 56 E7 E5 98 
 70 96 3C 77 78 8C EA 6B 31 9D 56 AD 20 3A CF 3C 
 9F 96 DB 9E 82 7A 7C 95 8B B2 6D 50 57 77 08 BF 
 C0 18 8F 77 75 CD 4D FD A4 29 11 19 64 C4 59 26 
 83 AB 05 89 14 63 B4 CD 64 21 31 DE 36 47 70 D0 
 7C C3 A5 68 35 3A 28 3B 7D 4D 3C AF E5 F6 64 24 
 FC 38 6C EA 90 75 14 43 CD D2 94 97 DC 3C 0B E9 
 15 2B 29 CC DD 11 46 F1 0C FD 6C C6 DD 88 
 SWTPM_IO_Read: length 14
 80 01 00 00 00 0E 00 00 01 62 02 00 00 01 
    IsEnEnabled(0x162 = 'ContextSave'): 1
 SWTPM_IO_Write: length 10
 80 01 00 00 00 0A 00 00 09 10 
 SWTPM_IO_Read: length 468
 80 01 00 00 01 D4 00 00 01 61 00 00 00 00 00 00 
 00 A0 80 00 00 00 40 00 00 01 01 B8 00 40 9F FC 
 A6 51 F2 D3 5B 8F 7B 63 5F E5 5D 9F A6 46 8B E4 
 45 5E 1C A6 C9 2E 42 0A 65 29 49 0A C2 D4 B0 DF 
 65 E5 A3 D8 B3 D1 13 AE F4 74 08 41 18 A5 29 67 
 75 38 1F ED 51 B1 50 5F DA 1D B7 1B D5 59 52 C3 
 91 12 AB 6A F8 CC 04 D7 9E F9 AA 40 0B 0E C7 2C 
 D1 E1 8E 6A DB 4E 6F 05 FC D0 24 5B FE 34 F0 AF 
 65 2D DD 5A F4 FB 81 52 75 1C 6C 81 90 EB A0 4D 
 E5 52 41 12 5B 76 9B 24 CD 69 60 07 DF 89 8E 33 
 BE 44 A1 C1 E3 85 9F 2E 97 A9 38 66 7B A6 AC C6 
 1C 30 C7 A1 A7 40 82 29 BE D1 07 12 FC AC 1F 0B 
 98 00 28 2E B2 E5 E3 1F 55 D6 BB FC A1 51 10 16 
 74 EC 44 1D 38 0D 84 58 DC 1C 08 37 54 E2 1C 31 
 39 40 CE 34 BE 6A 98 DF B7 1B BD B5 89 C4 62 52 
 37 EE 96 45 82 B4 B2 97 5F B4 AF 81 9F 14 A0 23 
 51 68 3B 73 25 55 BF 2F 85 23 DD D5 2E F9 FF 88 
 99 83 C2 76 19 AC 8C 24 58 B8 C0 E4 7B F2 45 1A 
 16 31 B5 B9 DF A8 10 F2 E4 08 A6 AD 40 FD D7 B6 
 BF 81 21 BB 2D 1A 43 9F 51 BE C8 E3 77 17 47 1B 
 4A B4 F5 F6 DB 9A 6A F8 06 F0 1F 2C 87 B5 33 E4 
 C8 B1 24 5E CF 12 7D 89 2C 68 41 56 B5 8D 8E FD 
 A2 0C 2B 94 3E CA 5C 9E 53 C1 80 EA CB 52 F0 28 
 BD 2E DA 62 9A 01 FE E2 17 EA 73 A8 2A 72 F0 64 
 C8 77 2A 05 8E E6 E8 BE E6 5D E0 CE 86 EE 6B DF 
 0E 1E 78 C6 D5 75 1D 52 A8 62 AB A9 D7 54 F6 0A 
 3E 80 C8 8E B8 96 7B 60 21 1B 25 FB DA 6C 1E A7 
 EC F0 2B A9 81 E4 7C FA A3 B5 F5 58 E2 02 94 D9 
 29 2D 1F 75 6A A7 F8 98 A7 73 1E 30 61 AC 12 D7 
 14 BD 0D 60 
    IsEnEnabled(0x161 = 'ContextLoad'): 1
 SWTPM_IO_Write: length 14
 80 01 00 00 00 0E 00 00 00 00 80 00 00 00 
 SWTPM_IO_Read: length 414
 80 01 00 00 01 9E 00 00 01 61 00 00 00 00 00 00 
 00 86 03 00 00 00 40 00 00 07 01 82 00 40 B8 DB 
 A7 F1 9B 54 28 E0 2E C4 E6 B7 AF 03 1D 3D BA 58 
 6B B8 D1 93 BA 88 00 A4 2F 27 83 B2 40 BE 9F B1 
 EC 62 A8 AF 16 44 1E 34 90 FD 77 F1 1B 1A 48 E7 
 6B 64 5C 3C 55 93 AD CC 34 28 81 B5 C5 0A 11 F0 
 4C 24 A2 F7 09 5A 37 9C 87 CB 87 B8 0B 4B 4D 43 
 01 8B 6E 85 35 1D 0B D0 2C 46 A2 B2 CA 5D AD 59 
 DE 51 E6 C4 A1 6E 2E 03 75 4F 3E 8E 82 CE B7 61 
 04 C9 C7 62 EB 23 F3 F3 0F 07 ED 29 DF 47 6C 74 
 89 48 28 42 84 35 F2 7F F2 1F F7 77 5E B4 7E 6E 
 1E E2 3A F5 37 43 44 CE DE E5 DA 6B 68 D7 FE EB 
 DC 40 F6 D2 1A 33 8D C5 C4 93 61 10 3C 08 9D D1 
 7C 43 07 79 51 87 0B 66 9D B0 4A EF 6B E5 C2 EF 
 0C 19 7C EA B2 7A 6F 8B AA 1D 5C F8 6A 20 1C 26 
 65 EB A7 A6 9F 83 83 17 C4 54 DE AF 38 BC CC 07 
 5D 28 58 F2 72 3C AC D8 6C 67 3A D9 F2 9D B8 09 
 D8 11 76 F3 AE B5 96 A1 63 FA EF C3 1E DF 05 E5 
 2F 8D 8C B0 98 72 72 95 71 B2 D0 47 56 E7 E5 98 
 70 96 3C 77 78 8C EA 6B 31 9D 56 AD 20 3A CF 3C 
 9F 96 DB 9E 82 7A 7C 95 8B B2 6D 50 57 77 08 BF 
 C0 18 8F 77 75 CD 4D FD A4 29 11 19 64 C4 59 26 
 83 AB 05 89 14 63 B4 CD 64 21 31 DE 36 47 70 D0 
 7C C3 A5 68 35 3A 28 3B 7D 4D 3C AF E5 F6 64 24 
 FC 38 6C EA 90 75 14 43 CD D2 94 97 DC 3C 0B E9 
 15 2B 29 CC DD 11 46 F1 0C FD 6C C6 DD 88 
    IsEnEnabled(0x161 = 'ContextLoad'): 1
 SWTPM_IO_Write: length 14
 80 01 00 00 00 0E 00 00 00 00 03 00 00 00 
 SWTPM_IO_Read: length 14
 80 01 00 00 00 0E 00 00 01 65 80 00 00 00 
    IsEnEnabled(0x165 = 'FlushContext'): 1
 SWTPM_IO_Write: length 10
 80 01 00 00 00 0A 00 00 00 00 
 SWTPM_IO_Read: length 14
 80 01 00 00 00 0E 00 00 01 62 80 00 00 00 
    IsEnEnabled(0x162 = 'ContextSave'): 1
 SWTPM_IO_Write: length 10
 80 01 00 00 00 0A 00 00 09 10 
 SWTPM_IO_Read: length 14
 80 01 00 00 00 0E 00 00 01 62 03 00 00 00 
    IsEnEnabled(0x162 = 'ContextSave'): 1
 SWTPM_IO_Write: length 414
 80 01 00 00 01 9E 00 00 00 00 00 00 00 00 00 00 
 00 87 03 00 00 00 40 00 00 07 01 82 00 40 99 22 
 B4 73 BD F3 8A 8D 80 3D 68 58 F2 05 D9 F7 DA E3 
 13 AC E5 4A 50 CC 37 82 6C DF 73 71 BD 04 35 00 
 3D 18 53 A0 77 EA 44 0D 84 44 2A 72 AB 80 21 2A 
 32 96 EC E7 41 99 ED 49 19 62 5B 5E 04 32 C3 66 
 C1 55 83 C5 BD 7B 3B 03 BD 66 1F F6 B2 07 69 A8 
 76 B1 8E 1E 79 9F 44 93 84 E6 03 C7 A1 F1 2E 70 
 B7 3F B9 27 E3 73 93 7B C3 D7 D1 31 85 CA 82 3B 
 9B 28 C3 45 D9 CA C6 02 1C EA 29 50 43 78 39 E8 
 BD 49 F0 B4 5A CA 3F 10 8B 20 FE F6 B8 30 56 63 
 E4 01 7D CD 4B 55 93 15 85 06 06 37 83 52 5E 79 
 24 76 A8 B1 F6 B8 34 3D 8E 20 48 35 66 AC 36 AB 
 B0 6B 6C 3E 73 76 42 79 FF B4 78 93 E9 5A 9C 33 
 1D 25 42 72 5C EC CD E6 88 50 43 5B 02 D7 72 62 
 B0 C6 00 BF 7B 0A 91 B3 C8 10 38 C5 B2 43 0E 45 
 40 EC A4 7E E8 1A 86 19 43 E6 9D 51 FC 14 6D 32 
 0D E9 A1 EC 56 E6 92 2A 88 DB EA 14 7E F2 42 94 
 31 CC A5 1B 5F 7F 39 89 E4 14 F2 D6 42 03 92 9A 
 77 65 AF 6F 41 49 23 02 BC 98 7D DE 41 74 64 CB 
 37 C0 6D 5B FA 2F A6 19 99 C9 EC 8F 84 9D 1C F1 
 C7 F1 C8 E6 ED CB 71 AE 65 E1 51 B8 43 AD 7F 8D 
 F2 E6 94 C1 58 98 C6 96 09 F9 4E 07 50 BE F5 A4 
 FF B1 0D D2 FA 49 AD CE 91 15 F5 23 6B 12 4B 06 
 52 59 7C 08 FE E5 8E 49 8B B3 2D 1C 82 BB 51 0E 
 00 81 D3 8D 8F C6 4B F5 1A 00 28 29 94 E5 
 SWTPM_IO_Read: length 414
 80 01 00 00 01 9E 00 00 01 61 00 00 00 00 00 00 
 00 87 03 00 00 00 40 00 00 07 01 82 00 40 99 22 
 B4 73 BD F3 8A 8D 80 3D 68 58 F2 05 D9 F7 DA E3 
 13 AC E5 4A 50 CC 37 82 6C DF 73 71 BD 04 35 00 
 3D 18 53 A0 77 EA 44 0D 84 44 2A 72 AB 80 21 2A 
 32 96 EC E7 41 99 ED 49 19 62 5B 5E 04 32 C3 66 
 C1 55 83 C5 BD 7B 3B 03 BD 66 1F F6 B2 07 69 A8 
 76 B1 8E 1E 79 9F 44 93 84 E6 03 C7 A1 F1 2E 70 
 B7 3F B9 27 E3 73 93 7B C3 D7 D1 31 85 CA 82 3B 
 9B 28 C3 45 D9 CA C6 02 1C EA 29 50 43 78 39 E8 
 BD 49 F0 B4 5A CA 3F 10 8B 20 FE F6 B8 30 56 63 
 E4 01 7D CD 4B 55 93 15 85 06 06 37 83 52 5E 79 
 24 76 A8 B1 F6 B8 34 3D 8E 20 48 35 66 AC 36 AB 
 B0 6B 6C 3E 73 76 42 79 FF B4 78 93 E9 5A 9C 33 
 1D 25 42 72 5C EC CD E6 88 50 43 5B 02 D7 72 62 
 B0 C6 00 BF 7B 0A 91 B3 C8 10 38 C5 B2 43 0E 45 
 40 EC A4 7E E8 1A 86 19 43 E6 9D 51 FC 14 6D 32 
 0D E9 A1 EC 56 E6 92 2A 88 DB EA 14 7E F2 42 94 
 31 CC A5 1B 5F 7F 39 89 E4 14 F2 D6 42 03 92 9A 
 77 65 AF 6F 41 49 23 02 BC 98 7D DE 41 74 64 CB 
 37 C0 6D 5B FA 2F A6 19 99 C9 EC 8F 84 9D 1C F1 
 C7 F1 C8 E6 ED CB 71 AE 65 E1 51 B8 43 AD 7F 8D 
 F2 E6 94 C1 58 98 C6 96 09 F9 4E 07 50 BE F5 A4 
 FF B1 0D D2 FA 49 AD CE 91 15 F5 23 6B 12 4B 06 
 52 59 7C 08 FE E5 8E 49 8B B3 2D 1C 82 BB 51 0E 
 00 81 D3 8D 8F C6 4B F5 1A 00 28 29 94 E5 
    IsEnEnabled(0x161 = 'ContextLoad'): 1
 SWTPM_IO_Write: length 14
 80 01 00 00 00 0E 00 00 00 00 03 00 00 00 
 SWTPM_IO_Read: length 14
 80 01 00 00 00 0E 00 00 01 65 03 00 00 00 
    IsEnEnabled(0x165 = 'FlushContext'): 1
 SWTPM_IO_Write: length 10
 80 01 00 00 00 0A 00 00 00 00 
 SWTPM_IO_Read: length 14
 80 01 00 00 00 0E 00 00 01 62 03 00 00 00 
    IsEnEnabled(0x162 = 'ContextSave'): 1
 SWTPM_IO_Write: length 10
 80 01 00 00 00 0A 00 00 09 10 
 SWTPM_IO_Read: length 12
 80 01 00 00 00 0C 00 00 01 7B 00 08 
    IsEnEnabled(0x17b = 'GetRandom'): 1
 SWTPM_IO_Write: length 20
 80 01 00 00 00 14 00 00 00 00 00 08 CF 3A 50 5D 
 2C 94 F9 1F 
 SWTPM_IO_Read: length 63
 80 01 00 00 00 3F 00 00 01 76 40 00 00 07 40 00 
 00 07 00 20 6D C6 1A 5F 12 3B 06 D9 6E A3 ED 58 
 44 0C DD A8 A7 AE FF 07 6A DE 05 BA 0E 38 DC C9 
 D4 73 E6 39 00 00 00 00 06 00 80 00 43 00 0B 
    IsEnEnabled(0x176 = 'StartAuthSession'): 1
 SWTPM_IO_Write: length 48
 80 01 00 00 00 30 00 00 00 00 02 00 00 00 00 20 
 07 04 ED 32 EE 08 8C 6A 36 C0 78 24 F9 50 2B F0 
 97 37 15 40 C1 09 F8 D7 44 E7 AC 84 AF F9 AC 59 
 SWTPM_IO_Read: length 14
 80 01 00 00 00 0E 00 00 01 62 02 00 00 00 
    IsEnEnabled(0x162 = 'ContextSave'): 1
 SWTPM_IO_Write: length 414
 80 01 00 00 01 9E 00 00 00 00 00 00 00 00 00 00 
 00 88 02 00 00 00 40 00 00 07 01 82 00 40 CF A3 
 2D FC 9B 58 21 57 89 B6 FF A4 12 00 6B 72 E0 7E 
 BE 0B C3 C9 45 BD 5C 2E 37 83 99 32 7D 7C 05 F4 
 93 E1 98 63 A5 4E 8E 2F 98 7C B1 27 29 CD 7C 47 
 CB 43 8D 85 FE 22 33 57 85 19 FB B6 F1 1F EB 02 
 48 68 75 EC FA DA 13 B7 2A CD 60 FB 5A 2D D4 FB 
 37 71 2C 83 38 04 01 B2 D6 54 11 6A 0B 92 17 EB 
 FA 56 09 E5 FA 69 73 10 94 DE 06 B9 27 FE 0A C2 
 69 10 B7 B3 D6 7D A8 9C A4 7B 49 14 B5 EB 67 BF 
 EF B0 7D 2C E1 D6 B6 65 EF EA 56 34 3D 0E 5F 20 
 BC 84 2A 60 BF 4B DD 33 74 ED 2D B7 69 15 72 5A 
 E6 59 3E D6 F5 E1 7C C2 DF 6D B1 A8 E6 ED F7 A9 
 18 77 96 B1 DC 13 2B C0 A0 B0 DD FB B7 12 14 13 
 6B 4E 84 D2 AF CF 90 E2 6E D7 52 AE 21 0F CF 86 
 05 9F 13 87 C9 5E 4A E2 20 F3 50 F9 52 86 1E 24 
 A5 68 5B 84 CD D9 A5 40 5A 79 B5 8A 91 45 9A 90 
 41 FD 1E 34 CC ED 98 D2 51 84 AC AA 8C 55 DD DC 
 C1 DF 21 15 21 0F B1 E4 33 BB 81 49 3B D6 E3 18 
 0E 16 3B 37 50 CB 80 73 3A 67 E4 03 75 5A 59 63 
 74 65 AE B4 BF F5 DC B2 54 4D 16 84 B9 E2 FF B5 
 C1 65 58 E4 64 8B 6D 45 F2 C2 55 24 A8 F6 8A E2 
 97 EC 8A EB 96 AF 8A 6F C5 2A BB CB 0B 74 EB 17 
 14 C1 E0 34 AC F8 11 18 94 21 47 FF 38 A1 EE 0D 
 88 F9 40 13 72 43 E4 E2 B6 83 20 31 32 57 25 18 
 0A C1 7F 7C 99 60 B4 86 FB 4F F2 9C 8A C3 
 SWTPM_IO_Read: length 414
 80 01 00 00 01 9E 00 00 01 61 00 00 00 00 00 00 
 00 88 02 00 00 00 40 00 00 07 01 82 00 40 CF A3 
 2D FC 9B 58 21 57 89 B6 FF A4 12 00 6B 72 E0 7E 
 BE 0B C3 C9 45 BD 5C 2E 37 83 99 32 7D 7C 05 F4 
 93 E1 98 63 A5 4E 8E 2F 98 7C B1 27 29 CD 7C 47 
 CB 43 8D 85 FE 22 33 57 85 19 FB B6 F1 1F EB 02 
 48 68 75 EC FA DA 13 B7 2A CD 60 FB 5A 2D D4 FB 
 37 71 2C 83 38 04 01 B2 D6 54 11 6A 0B 92 17 EB 
 FA 56 09 E5 FA 69 73 10 94 DE 06 B9 27 FE 0A C2 
 69 10 B7 B3 D6 7D A8 9C A4 7B 49 14 B5 EB 67 BF 
 EF B0 7D 2C E1 D6 B6 65 EF EA 56 34 3D 0E 5F 20 
 BC 84 2A 60 BF 4B DD 33 74 ED 2D B7 69 15 72 5A 
 E6 59 3E D6 F5 E1 7C C2 DF 6D B1 A8 E6 ED F7 A9 
 18 77 96 B1 DC 13 2B C0 A0 B0 DD FB B7 12 14 13 
 6B 4E 84 D2 AF CF 90 E2 6E D7 52 AE 21 0F CF 86 
 05 9F 13 87 C9 5E 4A E2 20 F3 50 F9 52 86 1E 24 
 A5 68 5B 84 CD D9 A5 40 5A 79 B5 8A 91 45 9A 90 
 41 FD 1E 34 CC ED 98 D2 51 84 AC AA 8C 55 DD DC 
 C1 DF 21 15 21 0F B1 E4 33 BB 81 49 3B D6 E3 18 
 0E 16 3B 37 50 CB 80 73 3A 67 E4 03 75 5A 59 63 
 74 65 AE B4 BF F5 DC B2 54 4D 16 84 B9 E2 FF B5 
 C1 65 58 E4 64 8B 6D 45 F2 C2 55 24 A8 F6 8A E2 
 97 EC 8A EB 96 AF 8A 6F C5 2A BB CB 0B 74 EB 17 
 14 C1 E0 34 AC F8 11 18 94 21 47 FF 38 A1 EE 0D 
 88 F9 40 13 72 43 E4 E2 B6 83 20 31 32 57 25 18 
 0A C1 7F 7C 99 60 B4 86 FB 4F F2 9C 8A C3 
    IsEnEnabled(0x161 = 'ContextLoad'): 1
 SWTPM_IO_Write: length 14
 80 01 00 00 00 0E 00 00 00 00 02 00 00 00 
 SWTPM_IO_Read: length 131
 80 02 00 00 00 83 00 00 01 31 40 00 00 01 00 00 
 00 49 02 00 00 00 00 20 72 40 18 7B BD 33 1C 30 
 CF 7F CA 39 D4 CC F9 30 D7 33 BA 44 04 63 DA 87 
 84 49 9F F3 7D 1E 2E 36 61 00 20 2C 36 6B E0 DC 
 28 56 83 09 C7 3D F1 88 B5 4A 20 06 DD B8 49 2E 
 7F 1E E5 86 48 69 42 8D 7E 5B 6F 00 04 A2 EE 34 
 82 00 1A 00 23 00 0B 00 03 00 72 00 00 00 06 00 
 80 00 43 00 10 00 03 00 10 00 00 00 00 00 00 00 
 00 00 00 
    IsEnEnabled(0x131 = 'CreatePrimary'): 1
 SWTPM_IO_Write: length 378
 80 02 00 00 01 7A 00 00 00 00 80 00 00 00 00 00 
 01 23 00 5A 59 C7 8F 73 33 3D EB F7 46 8C CD 54 
 62 AE 08 62 A0 6C 88 FA 45 F1 87 29 53 3C 2D C8 
 99 E7 6D D8 AD F2 C5 2B 0C 86 57 60 98 3D 76 B1 
 57 3D AA F8 3A 9C C0 D3 79 B5 27 83 77 DA 2A 73 
 31 EE 46 5B 91 B4 68 87 DA 4B B5 C2 9F 41 83 30 
 11 C4 AA DF C3 E1 0B 1A F3 A5 7E F1 70 9E 00 37 
 00 00 00 00 00 20 E3 B0 C4 42 98 FC 1C 14 9A FB 
 F4 C8 99 6F B9 24 27 AE 41 E4 64 9B 93 4C A4 95 
 99 1B 78 52 B8 55 01 00 10 00 04 40 00 00 01 00 
 04 40 00 00 01 00 00 00 20 5D A0 41 BA C0 EE 31 
 35 AE BB 0C AD FB A4 97 C6 A1 87 7F AE 83 2D D3 
 D1 F8 F7 A8 71 B8 25 E8 54 80 21 40 00 00 01 00 
 40 ED B8 6A 00 B3 8E FC 84 CA BC A0 3D 03 1D F6 
 B4 D6 3C DC A6 AF 87 74 DF DB 1C 23 0E 30 A7 2F 
 A6 90 16 93 93 BA AA 0E FE 32 7F A1 C0 34 5E 94 
 FB 00 BE F4 AF E9 D6 73 BF 9D AF 7C 9B 3F 30 DB 
 B8 00 22 00 0B 9D EB C6 29 7B 08 4B 07 DA EC D1 
 D0 9F F9 BA 39 99 49 C1 64 F1 FF 99 82 AE 53 CD 
 EF F6 8D 9A 48 00 20 94 9F 0D D1 AF AA 28 05 6B 
 EC 34 A1 B6 A2 B4 44 8B E5 B6 3B 83 24 3A 97 CD 
 3A 96 EA 9B CA AF 4E 61 00 20 37 CA 81 8A C2 BE 
 6C 6F B9 2D D5 D2 8E 4E C9 EB D9 7F 51 90 61 74 
 CF 08 A6 82 90 77 C7 DB 00 0F 
 SWTPM_IO_Read: length 14
 80 01 00 00 00 0E 00 00 01 62 80 00 00 00 
    IsEnEnabled(0x162 = 'ContextSave'): 1
 SWTPM_IO_Write: length 468
 80 01 00 00 01 D4 00 00 00 00 00 00 00 00 00 00 
 00 A1 80 00 00 00 40 00 00 01 01 B8 00 40 2C 0C 
 DA 72 A0 B6 6F 24 95 4E E7 B6 51 5E 81 80 CA DC 
 B9 81 90 8E 5D D4 70 81 D9 C3 37 33 0B D4 77 C2 
 65 A6 3E 1C E1 B1 10 71 5A 00 8B 7D 25 38 FB 46 
 0B EF B2 07 71 D6 64 96 CF 05 27 3E 82 3E 91 79 
 6A E9 C4 4E 95 D7 0B 27 A4 A9 3F 8C C5 5F 91 91 
 7C 78 89 A3 F8 33 78 A8 D0 73 C1 31 10 26 05 7D 
 9B E0 E3 54 FC 5F CF A1 CF B4 26 DB C8 0F 7E B1 
 40 6C 68 2D BA 0C 29 29 9C 51 7C 2F 81 68 E4 7F 
 6C E7 94 5F B0 C8 23 88 C0 E6 68 33 22 6B 50 F3 
 42 A5 D7 BB 21 F3 2B E9 37 73 13 C6 77 81 A0 CE 
 A8 CF FE DD CF F0 D5 3F 85 A0 CA 3E 62 86 8F 25 
 38 AA 82 25 AC 44 E1 7A DC BB 62 00 F2 DF 89 C2 
 4C 3D A7 3C 5F 08 0F 17 F5 90 F5 F1 DD 5F 96 4B 
 08 3A 20 84 44 05 8B 0C 3F 15 A4 D5 A6 4B 9B 5C 
 35 DF C0 BC 00 0D 9F B1 D8 92 DA EC 7D 93 F6 31 
 BA 96 0D 41 0D 73 78 7A 77 E9 98 17 07 05 B4 17 
 A0 F9 5D 2D 83 13 78 84 3A 63 47 52 A2 6E FC 03 
 4C E5 09 BB 69 F1 B1 69 90 66 CD 7C 80 91 7F 00 
 42 16 09 B8 2E 6A 99 AD EA 8A 3D 02 AD 03 5B AA 
 B4 90 43 0A 9A 7C 90 4D 84 1C CB 22 B9 CA EC D5 
 E4 EC 37 00 86 54 97 58 AD 85 5A 21 22 A8 80 67 
 52 12 4F E4 B5 57 18 AB 0E A0 E2 04 78 01 45 43 
 5D 1A 95 49 D6 9D 9E DE 23 3B 0D 98 4B A4 55 91 
 3A 3A DE BB 03 20 9F 01 9C 15 1C 58 FB 20 A7 0D 
 2E B7 0A 1D E2 1E FE E3 DE 6F 2B 64 42 D4 1B 89 
 2F 3E FB 6C 47 6E 6E BC 3D 1F A2 2F 6E 41 F6 BB 
 77 DD A8 B6 C9 4B 48 94 4E 8B 69 1E 23 D4 1F 7E 
 27 18 E2 BC 
 SWTPM_IO_Read: length 14
 80 01 00 00 00 0E 00 00 01 65 80 00 00 00 
    IsEnEnabled(0x165 = 'FlushContext'): 1
 SWTPM_IO_Write: length 10
 80 01 00 00 00 0A 00 00 00 00 
 SWTPM_IO_Read: length 14
 80 01 00 00 00 0E 00 00 01 62 02 00 00 00 
    IsEnEnabled(0x162 = 'ContextSave'): 1
 SWTPM_IO_Write: length 414
 80 01 00 00 01 9E 00 00 00 00 00 00 00 00 00 00 
 00 89 02 00 00 00 40 00 00 07 01 82 00 40 18 CD 
 42 01 9E F3 B6 03 C0 4E 92 2B 50 82 EE FC 6A 04 
 83 A1 75 D5 FF 1F 30 32 DE 3D F3 7F 60 F8 D0 D7 
 38 4F 7E 2E 1F 5C A3 CB AC 1C F8 32 BC FA C3 A1 
 8D CC 6F 81 B7 2F 39 3D 7A 91 0A BD D5 2E 20 2F 
 C7 C1 33 8E EA F0 C7 A8 16 D0 21 FB 1D 8C 6F 1E 
 77 17 CA 59 98 0B CB 89 23 6D B2 CE 98 5D EB 85 
 74 34 60 E3 11 FA 4F C4 BF 60 77 94 45 CC D3 5A 
 CE 53 5F E5 77 BE CC 31 5B 4F 38 32 A7 4E B4 90 
 E2 06 C8 30 20 65 BD 4F AE DE 1D 96 93 75 48 69 
 0F DC C9 A4 2E 96 85 2B 98 2A ED 0C 9E F4 76 BB 
 20 C8 11 3B C5 30 CF E4 62 A4 FB D9 FE C3 DB 48 
 E3 F2 DF 27 11 80 5F A4 FC A1 02 D4 1C B2 F7 2F 
 57 01 EF E6 35 7B 37 4A 20 EA F6 3D 9B 48 9C DF 
 F9 58 26 61 19 A5 4F C0 14 35 2E A0 83 CA 09 D3 
 DE 96 70 7A D4 99 D0 8E 0B 9C 2A BF D8 03 66 A9 
 EA 3F 52 E2 FB F0 14 6A 89 5C A3 9A 66 56 86 AB 
 B5 E7 6C CF ED 14 A4 ED 3D A7 DD 7D 43 5B F3 7C 
 95 5B B0 F1 0A ED 3A 2C DC 17 0C 9C A6 5C 4B BA 
 68 FE E9 1F BE DF 40 A1 FC CE DB A2 D9 D2 B4 B5 
 C6 5E D7 DF C3 6D A2 14 8E B7 11 F6 0A 84 D8 09 
 18 F9 38 B5 30 AF D8 B8 1A 2F B7 F3 90 B2 13 E6 
 40 08 09 CE 02 48 E8 A5 C7 96 12 FA 0C 92 51 E6 
 06 6C F6 C8 30 7F D2 CB AF 2D 65 C4 39 BC 11 8D 
 68 26 B8 70 EC 60 E6 6C 2C B0 E0 75 DF 15 
 SWTPM_IO_Read: length 468
 80 01 00 00 01 D4 00 00 01 61 00 00 00 00 00 00 
 00 A1 80 00 00 00 40 00 00 01 01 B8 00 40 2C 0C 
 DA 72 A0 B6 6F 24 95 4E E7 B6 51 5E 81 80 CA DC 
 B9 81 90 8E 5D D4 70 81 D9 C3 37 33 0B D4 77 C2 
 65 A6 3E 1C E1 B1 10 71 5A 00 8B 7D 25 38 FB 46 
 0B EF B2 07 71 D6 64 96 CF 05 27 3E 82 3E 91 79 
 6A E9 C4 4E 95 D7 0B 27 A4 A9 3F 8C C5 5F 91 91 
 7C 78 89 A3 F8 33 78 A8 D0 73 C1 31 10 26 05 7D 
 9B E0 E3 54 FC 5F CF A1 CF B4 26 DB C8 0F 7E B1 
 40 6C 68 2D BA 0C 29 29 9C 51 7C 2F 81 68 E4 7F 
 6C E7 94 5F B0 C8 23 88 C0 E6 68 33 22 6B 50 F3 
 42 A5 D7 BB 21 F3 2B E9 37 73 13 C6 77 81 A0 CE 
 A8 CF FE DD CF F0 D5 3F 85 A0 CA 3E 62 86 8F 25 
 38 AA 82 25 AC 44 E1 7A DC BB 62 00 F2 DF 89 C2 
 4C 3D A7 3C 5F 08 0F 17 F5 90 F5 F1 DD 5F 96 4B 
 08 3A 20 84 44 05 8B 0C 3F 15 A4 D5 A6 4B 9B 5C 
 35 DF C0 BC 00 0D 9F B1 D8 92 DA EC 7D 93 F6 31 
 BA 96 0D 41 0D 73 78 7A 77 E9 98 17 07 05 B4 17 
 A0 F9 5D 2D 83 13 78 84 3A 63 47 52 A2 6E FC 03 
 4C E5 09 BB 69 F1 B1 69 90 66 CD 7C 80 91 7F 00 
 42 16 09 B8 2E 6A 99 AD EA 8A 3D 02 AD 03 5B AA 
 B4 90 43 0A 9A 7C 90 4D 84 1C CB 22 B9 CA EC D5 
 E4 EC 37 00 86 54 97 58 AD 85 5A 21 22 A8 80 67 
 52 12 4F E4 B5 57 18 AB 0E A0 E2 04 78 01 45 43 
 5D 1A 95 49 D6 9D 9E DE 23 3B 0D 98 4B A4 55 91 
 3A 3A DE BB 03 20 9F 01 9C 15 1C 58 FB 20 A7 0D 
 2E B7 0A 1D E2 1E FE E3 DE 6F 2B 64 42 D4 1B 89 
 2F 3E FB 6C 47 6E 6E BC 3D 1F A2 2F 6E 41 F6 BB 
 77 DD A8 B6 C9 4B 48 94 4E 8B 69 1E 23 D4 1F 7E 
 27 18 E2 BC 
    IsEnEnabled(0x161 = 'ContextLoad'): 1
 SWTPM_IO_Write: length 14
 80 01 00 00 00 0E 00 00 00 00 80 00 00 00 
 SWTPM_IO_Read: length 414
 80 01 00 00 01 9E 00 00 01 61 00 00 00 00 00 00 
 00 89 02 00 00 00 40 00 00 07 01 82 00 40 18 CD 
 42 01 9E F3 B6 03 C0 4E 92 2B 50 82 EE FC 6A 04 
 83 A1 75 D5 FF 1F 30 32 DE 3D F3 7F 60 F8 D0 D7 
 38 4F 7E 2E 1F 5C A3 CB AC 1C F8 32 BC FA C3 A1 
 8D CC 6F 81 B7 2F 39 3D 7A 91 0A BD D5 2E 20 2F 
 C7 C1 33 8E EA F0 C7 A8 16 D0 21 FB 1D 8C 6F 1E 
 77 17 CA 59 98 0B CB 89 23 6D B2 CE 98 5D EB 85 
 74 34 60 E3 11 FA 4F C4 BF 60 77 94 45 CC D3 5A 
 CE 53 5F E5 77 BE CC 31 5B 4F 38 32 A7 4E B4 90 
 E2 06 C8 30 20 65 BD 4F AE DE 1D 96 93 75 48 69 
 0F DC C9 A4 2E 96 85 2B 98 2A ED 0C 9E F4 76 BB 
 20 C8 11 3B C5 30 CF E4 62 A4 FB D9 FE C3 DB 48 
 E3 F2 DF 27 11 80 5F A4 FC A1 02 D4 1C B2 F7 2F 
 57 01 EF E6 35 7B 37 4A 20 EA F6 3D 9B 48 9C DF 
 F9 58 26 61 19 A5 4F C0 14 35 2E A0 83 CA 09 D3 
 DE 96 70 7A D4 99 D0 8E 0B 9C 2A BF D8 03 66 A9 
 EA 3F 52 E2 FB F0 14 6A 89 5C A3 9A 66 56 86 AB 
 B5 E7 6C CF ED 14 A4 ED 3D A7 DD 7D 43 5B F3 7C 
 95 5B B0 F1 0A ED 3A 2C DC 17 0C 9C A6 5C 4B BA 
 68 FE E9 1F BE DF 40 A1 FC CE DB A2 D9 D2 B4 B5 
 C6 5E D7 DF C3 6D A2 14 8E B7 11 F6 0A 84 D8 09 
 18 F9 38 B5 30 AF D8 B8 1A 2F B7 F3 90 B2 13 E6 
 40 08 09 CE 02 48 E8 A5 C7 96 12 FA 0C 92 51 E6 
 06 6C F6 C8 30 7F D2 CB AF 2D 65 C4 39 BC 11 8D 
 68 26 B8 70 EC 60 E6 6C 2C B0 E0 75 DF 15 
    IsEnEnabled(0x161 = 'ContextLoad'): 1
 SWTPM_IO_Write: length 14
 80 01 00 00 00 0E 00 00 00 00 02 00 00 00 
 SWTPM_IO_Read: length 14
 80 01 00 00 00 0E 00 00 01 65 02 00 00 00 
    IsEnEnabled(0x165 = 'FlushContext'): 1
 SWTPM_IO_Write: length 10
 80 01 00 00 00 0A 00 00 00 00 
 SWTPM_IO_Read: length 14
 80 01 00 00 00 0E 00 00 01 62 80 00 00 00 
    IsEnEnabled(0x162 = 'ContextSave'): 1
 SWTPM_IO_Write: length 468
 80 01 00 00 01 D4 00 00 00 00 00 00 00 00 00 00 
 00 A2 80 00 00 00 40 00 00 01 01 B8 00 40 2F F7 
 C5 CD CE 5B 9B 09 15 C3 5E 94 64 D2 79 0A DA 2E 
 E8 A5 7A 8F 6A 86 7F 66 6E 23 99 AB C5 7B 95 FA 
 8D 22 09 3D B2 7C D7 F3 E4 05 CE BC F9 6D DC 08 
 D0 54 6B 0E 6C AD 82 E0 38 F3 5E 30 FF C2 48 A7 
 61 C3 BE D2 3F ED 87 2A 9D FD B3 58 61 E5 DA C4 
 3D E8 F9 6B FE 2E 0B BA B1 1B B4 BD FA F8 EF D1 
 0E AC 0D D2 2C 44 4A 9E A7 87 7A C1 D1 89 8D 94 
 64 C3 88 7A C5 29 4C 2C 8E 66 CD 0D F6 98 58 F6 
 F9 5E 49 BC DF 8E CC CD C5 BE 24 75 2D 2D 2B 87 
 8E 1B D6 34 FF D4 32 50 8B EB 42 12 35 3E 3B E4 
 BA 5D AE B0 4A 21 5B 23 30 5F 1D F1 B7 77 10 5D 
 33 1F 84 52 AA 3B 49 75 F8 BF B2 A7 7C 74 D1 5D 
 31 69 CA 31 01 8F CB 99 B0 BB 7D 94 E4 F7 2B F3 
 CE 45 60 B5 C0 AD 38 F5 CE 0E 45 06 BA B9 AE E2 
 8B B2 72 65 25 01 87 F9 F9 1F 88 E8 6F 85 EB 6A 
 AA BC 38 40 2C BD 74 00 C2 0E 5F E9 99 0F AF 26 
 8D 4B F3 B2 9A D8 A8 40 91 FC CF 89 F0 3B B6 35 
 7F C9 80 95 08 60 DA 48 C8 DD 0E 0E 57 B4 04 67 
 DA 36 60 2D 35 0A 40 13 5F F4 70 7F 24 A9 E0 25 
 94 25 AE AE 5A 37 AE 00 06 CF 5F C8 F6 C0 5A DC 
 9C 7A F1 9B C8 66 49 AD 90 6C 7E 00 98 50 BB 6C 
 99 26 F1 0D 06 2A 5C BE 45 2C 00 3B 75 8C 18 CA 
 84 C2 4D 0D 94 1E B7 D4 96 86 92 53 61 18 1E A5 
 7C 78 43 7D 7A B2 D9 AC 9D 59 9D AE AD F0 1B C2 
 51 00 4B BD 64 37 5A EB 7C 47 0E 91 6D 5F EA 31 
 F9 0A C9 28 71 74 13 A7 2F B2 F4 91 1F F8 55 F6 
 4C 09 C9 62 87 E9 C8 2C 5F B2 2C 89 C3 65 90 A6 
 B1 54 A4 7F 
 SWTPM_IO_Read: length 14
 80 01 00 00 00 0E 00 00 01 65 80 00 00 00 
    IsEnEnabled(0x165 = 'FlushContext'): 1
 SWTPM_IO_Write: length 10
 80 01 00 00 00 0A 00 00 00 00 
 SWTPM_IO_Read: length 14
 80 01 00 00 00 0E 00 00 01 62 02 00 00 00 
    IsEnEnabled(0x162 = 'ContextSave'): 1
 SWTPM_IO_Write: length 10
 80 01 00 00 00 0A 00 00 09 10 
 SWTPM_IO_Read: length 468
 80 01 00 00 01 D4 00 00 01 61 00 00 00 00 00 00 
 00 A2 80 00 00 00 40 00 00 01 01 B8 00 40 2F F7 
 C5 CD CE 5B 9B 09 15 C3 5E 94 64 D2 79 0A DA 2E 
 E8 A5 7A 8F 6A 86 7F 66 6E 23 99 AB C5 7B 95 FA 
 8D 22 09 3D B2 7C D7 F3 E4 05 CE BC F9 6D DC 08 
 D0 54 6B 0E 6C AD 82 E0 38 F3 5E 30 FF C2 48 A7 
 61 C3 BE D2 3F ED 87 2A 9D FD B3 58 61 E5 DA C4 
 3D E8 F9 6B FE 2E 0B BA B1 1B B4 BD FA F8 EF D1 
 0E AC 0D D2 2C 44 4A 9E A7 87 7A C1 D1 89 8D 94 
 64 C3 88 7A C5 29 4C 2C 8E 66 CD 0D F6 98 58 F6 
 F9 5E 49 BC DF 8E CC CD C5 BE 24 75 2D 2D 2B 87 
 8E 1B D6 34 FF D4 32 50 8B EB 42 12 35 3E 3B E4 
 BA 5D AE B0 4A 21 5B 23 30 5F 1D F1 B7 77 10 5D 
 33 1F 84 52 AA 3B 49 75 F8 BF B2 A7 7C 74 D1 5D 
 31 69 CA 31 01 8F CB 99 B0 BB 7D 94 E4 F7 2B F3 
 CE 45 60 B5 C0 AD 38 F5 CE 0E 45 06 BA B9 AE E2 
 8B B2 72 65 25 01 87 F9 F9 1F 88 E8 6F 85 EB 6A 
 AA BC 38 40 2C BD 74 00 C2 0E 5F E9 99 0F AF 26 
 8D 4B F3 B2 9A D8 A8 40 91 FC CF 89 F0 3B B6 35 
 7F C9 80 95 08 60 DA 48 C8 DD 0E 0E 57 B4 04 67 
 DA 36 60 2D 35 0A 40 13 5F F4 70 7F 24 A9 E0 25 
 94 25 AE AE 5A 37 AE 00 06 CF 5F C8 F6 C0 5A DC 
 9C 7A F1 9B C8 66 49 AD 90 6C 7E 00 98 50 BB 6C 
 99 26 F1 0D 06 2A 5C BE 45 2C 00 3B 75 8C 18 CA 
 84 C2 4D 0D 94 1E B7 D4 96 86 92 53 61 18 1E A5 
 7C 78 43 7D 7A B2 D9 AC 9D 59 9D AE AD F0 1B C2 
 51 00 4B BD 64 37 5A EB 7C 47 0E 91 6D 5F EA 31 
 F9 0A C9 28 71 74 13 A7 2F B2 F4 91 1F F8 55 F6 
 4C 09 C9 62 87 E9 C8 2C 5F B2 2C 89 C3 65 90 A6 
 B1 54 A4 7F 
    IsEnEnabled(0x161 = 'ContextLoad'): 1
 SWTPM_IO_Write: length 14
 80 01 00 00 00 0E 00 00 00 00 80 00 00 00 
 SWTPM_IO_Read: length 63
 80 01 00 00 00 3F 00 00 01 76 40 00 00 07 40 00 
 00 07 00 20 D3 6A AF 9C 63 D9 D5 DB DA B7 59 2E 
 7F BE 90 1F AF 42 46 D4 C3 98 40 21 1E D5 9A 45 
 70 FF 9F D1 00 00 00 00 06 00 80 00 43 00 0B 
    IsEnEnabled(0x176 = 'StartAuthSession'): 1
 SWTPM_IO_Write: length 48
 80 01 00 00 00 30 00 00 00 00 02 00 00 00 00 20 
 EA 85 FC BB 1C 4D FE E2 07 D7 A9 F9 CB 04 0B 69 
 C9 BF 38 11 E1 8D 9D 1F 0C FA C5 43 17 91 D0 0F 
 SWTPM_IO_Read: length 14
 80 01 00 00 00 0E 00 00 01 62 80 00 00 00 
    IsEnEnabled(0x162 = 'ContextSave'): 1
 SWTPM_IO_Write: length 468
 80 01 00 00 01 D4 00 00 00 00 00 00 00 00 00 00 
 00 A3 80 00 00 00 40 00 00 01 01 B8 00 40 F4 41 
 16 E9 9E 82 96 ED 8A 5C 9A 00 96 49 AE ED F9 DF 
 2A D9 A5 15 86 96 5E 9D 40 42 67 5C B5 42 0E 11 
 D2 A3 03 D2 4D 4A C9 12 4B 91 00 A3 AF 04 8D EE 
 D9 FB AA 5E 66 5D 2C 3C 25 2F 25 0C CA D5 AB 25 
 DA 9A 8F 7E E5 F3 69 52 B3 93 F8 55 73 51 44 84 
 BA 4B 85 A8 BD A3 01 8E 07 1E 34 7A DB C5 08 0D 
 D4 44 8D A0 3D 89 46 6E 31 9F E5 A5 AF FD E2 FC 
 8C 5A 1C 2F 40 AA A4 A9 1B 44 1C 22 72 92 76 94 
 E4 BA 6B A9 E8 6B E7 89 0F ED 0F 45 56 68 72 AF 
 CE BD EC 1D 15 F8 D7 B5 D3 59 47 8F 01 3A 3C 18 
 52 58 45 15 88 79 20 41 7E C9 2D C5 8A 7C D4 90 
 18 A5 05 A7 D1 59 B6 AE BB 08 E8 26 94 D8 E2 7D 
 8F C6 13 96 32 CD AF 3A F8 20 5A C8 02 E0 A1 80 
 5A 89 A9 1E 1D AC 7B 26 B5 83 F7 62 B0 93 70 98 
 21 71 A7 DF 37 6E 05 A7 59 6B F1 77 8A 2D 5D 86 
 2A 08 35 0C 2D 72 AB 8C 94 5C B0 43 13 48 44 6B 
 9C 93 85 27 04 17 E0 39 73 48 9D 47 FF C1 8E B6 
 CE 8F 24 49 99 9E 62 83 CA A0 49 01 1C 52 AC 71 
 3A 27 D0 72 1B 8F 5E 92 0D B0 BF AF 31 CC E0 EE 
 5F E6 45 A1 CD 55 87 D3 70 9E A2 F2 A3 BE E9 AE 
 90 6A B4 40 DA 6E 7F D3 B5 35 05 95 95 25 D9 72 
 87 3C 11 60 97 28 2C 5E 0D 79 B0 A6 21 AE FF 89 
 DA 68 D8 8F 0C B8 D4 DE 8B 6E BD 67 2D B7 CB 47 
 9F 87 50 78 AB 76 AC 3A 76 43 03 56 4E 12 E3 57 
 D7 37 6E 08 D4 2E 91 7A 65 D5 58 43 2D 9E 51 5F 
 6F 1B 08 98 BD 82 FA F4 AA 18 FC 87 F4 D3 80 48 
 39 AA 0A C5 8C 69 24 90 C3 55 56 E1 FA FC C8 90 
 21 C4 3B 0B 
 SWTPM_IO_Read: length 14
 80 01 00 00 00 0E 00 00 01 65 80 00 00 00 
    IsEnEnabled(0x165 = 'FlushContext'): 1
 SWTPM_IO_Write: length 10
 80 01 00 00 00 0A 00 00 00 00 
 SWTPM_IO_Read: length 14
 80 01 00 00 00 0E 00 00 01 62 02 00 00 00 
    IsEnEnabled(0x162 = 'ContextSave'): 1
 SWTPM_IO_Write: length 414
 80 01 00 00 01 9E 00 00 00 00 00 00 00 00 00 00 
 00 8A 02 00 00 00 40 00 00 07 01 82 00 40 4C 4A 
 37 B4 1E 95 57 8E 33 59 F7 A5 07 2D 95 09 3D D7 
 AE 64 E2 11 EA 97 C1 39 D2 B1 B5 46 91 B9 1E F1 
 76 0C 02 97 E0 8F 17 91 8C F2 B8 7C FC 9B C8 21 
 1A DB 8E A4 85 BC 01 44 07 E0 C0 6D 82 3F A9 07 
 0D AE 01 86 AE E4 35 FD B0 8C 77 D4 37 D1 51 B3 
 A5 3F E3 A0 4D D5 C3 20 AC 7A 3F 14 55 A6 43 F2 
 48 B8 20 3C 27 49 40 E9 35 5C 4B 99 96 64 F8 9D 
 C3 E5 2B FC 51 C5 C6 7C 7B 42 47 16 C2 58 C9 2C 
 EB 58 FC 2B A7 89 13 96 C5 5F 2C C9 00 5A 80 4C 
 89 23 B3 45 DE 90 18 EC 2A 06 FB 14 02 C4 BB E7 
 1B 73 AC 49 A8 3A 55 AE E4 71 B9 79 5B 98 4F D7 
 DA 5E 49 0A 20 5F 4C DB FB BE B5 00 CB 28 97 9C 
 19 FD 89 DA 6A AB 50 46 8A 8C B5 68 6A 4D E6 65 
 FD 18 34 D4 E0 DD 3D CC 81 8E B1 4F 5F 08 76 AE 
 DC 9A 8F ED FF 5B 84 60 F6 70 70 C5 D1 B8 FE EB 
 88 0F 33 A8 4A 3B BA 94 01 72 BE 47 89 59 AF 8D 
 BB 58 16 43 AD BD FF 08 44 EB 6F 64 65 1E 8A 22 
 1B D2 78 53 4B 05 5C 56 69 FC 1D 5F 04 29 F6 68 
 8B 68 2C 45 FB 8D CA 1D 41 48 78 0C F1 60 09 66 
 D0 AC F7 AB 4A 10 AD 3E A3 F8 8D 40 91 57 AD 47 
 FD DD D5 DF CD D5 5F 73 3F 44 C9 90 4C AA CC 01 
 4F 93 14 2A CF 50 10 B5 65 41 83 93 82 59 9D A2 
 99 68 FC 4C 5D 23 9F 13 E7 53 7B 8D 18 B7 C4 27 
 8B 92 A5 DB 5C 30 82 70 75 E2 C3 C1 20 EF 
 SWTPM_IO_Read: length 468
 80 01 00 00 01 D4 00 00 01 61 00 00 00 00 00 00 
 00 A3 80 00 00 00 40 00 00 01 01 B8 00 40 F4 41 
 16 E9 9E 82 96 ED 8A 5C 9A 00 96 49 AE ED F9 DF 
 2A D9 A5 15 86 96 5E 9D 40 42 67 5C B5 42 0E 11 
 D2 A3 03 D2 4D 4A C9 12 4B 91 00 A3 AF 04 8D EE 
 D9 FB AA 5E 66 5D 2C 3C 25 2F 25 0C CA D5 AB 25 
 DA 9A 8F 7E E5 F3 69 52 B3 93 F8 55 73 51 44 84 
 BA 4B 85 A8 BD A3 01 8E 07 1E 34 7A DB C5 08 0D 
 D4 44 8D A0 3D 89 46 6E 31 9F E5 A5 AF FD E2 FC 
 8C 5A 1C 2F 40 AA A4 A9 1B 44 1C 22 72 92 76 94 
 E4 BA 6B A9 E8 6B E7 89 0F ED 0F 45 56 68 72 AF 
 CE BD EC 1D 15 F8 D7 B5 D3 59 47 8F 01 3A 3C 18 
 52 58 45 15 88 79 20 41 7E C9 2D C5 8A 7C D4 90 
 18 A5 05 A7 D1 59 B6 AE BB 08 E8 26 94 D8 E2 7D 
 8F C6 13 96 32 CD AF 3A F8 20 5A C8 02 E0 A1 80 
 5A 89 A9 1E 1D AC 7B 26 B5 83 F7 62 B0 93 70 98 
 21 71 A7 DF 37 6E 05 A7 59 6B F1 77 8A 2D 5D 86 
 2A 08 35 0C 2D 72 AB 8C 94 5C B0 43 13 48 44 6B 
 9C 93 85 27 04 17 E0 39 73 48 9D 47 FF C1 8E B6 
 CE 8F 24 49 99 9E 62 83 CA A0 49 01 1C 52 AC 71 
 3A 27 D0 72 1B 8F 5E 92 0D B0 BF AF 31 CC E0 EE 
 5F E6 45 A1 CD 55 87 D3 70 9E A2 F2 A3 BE E9 AE 
 90 6A B4 40 DA 6E 7F D3 B5 35 05 95 95 25 D9 72 
 87 3C 11 60 97 28 2C 5E 0D 79 B0 A6 21 AE FF 89 
 DA 68 D8 8F 0C B8 D4 DE 8B 6E BD 67 2D B7 CB 47 
 9F 87 50 78 AB 76 AC 3A 76 43 03 56 4E 12 E3 57 
 D7 37 6E 08 D4 2E 91 7A 65 D5 58 43 2D 9E 51 5F 
 6F 1B 08 98 BD 82 FA F4 AA 18 FC 87 F4 D3 80 48 
 39 AA 0A C5 8C 69 24 90 C3 55 56 E1 FA FC C8 90 
 21 C4 3B 0B 
    IsEnEnabled(0x161 = 'ContextLoad'): 1
 SWTPM_IO_Write: length 14
 80 01 00 00 00 0E 00 00 00 00 80 00 00 00 
 SWTPM_IO_Read: length 414
 80 01 00 00 01 9E 00 00 01 61 00 00 00 00 00 00 
 00 8A 02 00 00 00 40 00 00 07 01 82 00 40 4C 4A 
 37 B4 1E 95 57 8E 33 59 F7 A5 07 2D 95 09 3D D7 
 AE 64 E2 11 EA 97 C1 39 D2 B1 B5 46 91 B9 1E F1 
 76 0C 02 97 E0 8F 17 91 8C F2 B8 7C FC 9B C8 21 
 1A DB 8E A4 85 BC 01 44 07 E0 C0 6D 82 3F A9 07 
 0D AE 01 86 AE E4 35 FD B0 8C 77 D4 37 D1 51 B3 
 A5 3F E3 A0 4D D5 C3 20 AC 7A 3F 14 55 A6 43 F2 
 48 B8 20 3C 27 49 40 E9 35 5C 4B 99 96 64 F8 9D 
 C3 E5 2B FC 51 C5 C6 7C 7B 42 47 16 C2 58 C9 2C 
 EB 58 FC 2B A7 89 13 96 C5 5F 2C C9 00 5A 80 4C 
 89 23 B3 45 DE 90 18 EC 2A 06 FB 14 02 C4 BB E7 
 1B 73 AC 49 A8 3A 55 AE E4 71 B9 79 5B 98 4F D7 
 DA 5E 49 0A 20 5F 4C DB FB BE B5 00 CB 28 97 9C 
 19 FD 89 DA 6A AB 50 46 8A 8C B5 68 6A 4D E6 65 
 FD 18 34 D4 E0 DD 3D CC 81 8E B1 4F 5F 08 76 AE 
 DC 9A 8F ED FF 5B 84 60 F6 70 70 C5 D1 B8 FE EB 
 88 0F 33 A8 4A 3B BA 94 01 72 BE 47 89 59 AF 8D 
 BB 58 16 43 AD BD FF 08 44 EB 6F 64 65 1E 8A 22 
 1B D2 78 53 4B 05 5C 56 69 FC 1D 5F 04 29 F6 68 
 8B 68 2C 45 FB 8D CA 1D 41 48 78 0C F1 60 09 66 
 D0 AC F7 AB 4A 10 AD 3E A3 F8 8D 40 91 57 AD 47 
 FD DD D5 DF CD D5 5F 73 3F 44 C9 90 4C AA CC 01 
 4F 93 14 2A CF 50 10 B5 65 41 83 93 82 59 9D A2 
 99 68 FC 4C 5D 23 9F 13 E7 53 7B 8D 18 B7 C4 27 
 8B 92 A5 DB 5C 30 82 70 75 E2 C3 C1 20 EF 
    IsEnEnabled(0x161 = 'ContextLoad'): 1
 SWTPM_IO_Write: length 14
 80 01 00 00 00 0E 00 00 00 00 02 00 00 00 
 SWTPM_IO_Read: length 394
 80 02 00 00 01 8A 00 00 01 57 80 00 00 00 00 00 
 00 49 02 00 00 00 00 20 04 58 95 58 9E 67 E2 46 
 D7 71 D2 10 5F BA 9B 79 30 30 DD 11 AB 0F A9 9D 
 F9 88 E0 9A BB D4 1D 30 61 00 20 5E 28 4F 63 0F 
 33 C7 4C 7C 2E CA 85 4B 6B 29 E4 16 57 95 B6 28 
 D8 4C 61 D6 54 B7 3F F0 61 93 9E 00 DD 12 3E 42 
 3D F3 4D 83 85 0F 04 69 CB 5E F9 8A 53 A9 AF 11 
 CE 35 97 3A DD C1 99 84 F4 6F 08 38 6B 7A E4 F7 
 9C 58 24 B8 88 41 3D 0C DE 74 12 52 E5 4D 17 0B 
 D5 F0 80 6D 23 56 42 4F 9A 01 64 E7 A1 2B C0 A3 
 F1 F4 34 25 DC 2C 94 09 CC CF 9F A1 43 7B FB F9 
 C6 50 5A 1B 62 B9 5A F2 5F A0 9B 60 06 DB A7 67 
 6B 1B 61 8E F1 2C EF 2E E5 C4 85 62 47 AC 29 AF 
 23 0E 02 00 7D 34 D7 86 BD 27 A4 DC 6F BD FE AD 
 54 52 75 A8 13 19 7F 9E B5 EF ED BB DC 89 07 F7 
 74 F3 7D 90 8F 8F 80 34 DB 73 BF CF FA 36 75 84 
 7F E9 99 CC 12 6B F3 7F E7 7B B6 68 9E F6 01 8E 
 EF 46 A8 F3 24 4F 3A E1 52 FC BC C4 78 80 4A 74 
 35 5D 20 76 23 22 A3 20 F5 DD 97 4E B1 DD 86 22 
 BE 88 6D BA DB D0 AC 20 E1 39 00 4E 00 08 00 0B 
 00 00 04 92 00 20 8C 3D 9B 87 D9 B8 F1 BA BA BE 
 AB D7 0D CB D3 E3 A3 4C C2 A8 5F 70 02 DB 5E 28 
 2F 48 BD EE 16 17 00 10 00 20 60 13 B5 FB 43 3A 
 49 FC 31 7D D3 A5 9C C1 3A 6F 14 71 39 FD 8A F7 
 60 81 F6 95 55 26 93 93 CF 27 
    IsEnEnabled(0x157 = 'Load'): 1
 SWTPM_IO_Write: length 123
 80 02 00 00 00 7B 00 00 00 00 80 00 00 01 00 00 
 00 24 00 22 E5 46 2C ED 22 D5 53 D3 80 FD 19 FF 
 BD 84 78 57 CE F9 40 67 F9 A6 39 98 BA 1F DB 5D 
 60 47 65 6D C8 E2 00 20 A0 40 AF 27 44 B2 66 38 
 4C A9 B7 9F 85 8F 6F 95 A0 34 A4 7E 62 84 10 D5 
 04 00 C2 2D 52 9F 43 2D 61 00 20 2D 9D 45 07 08 
 3B 4A AF C2 63 CB 01 D3 5F 09 F3 F5 A3 42 4B 33 
 3C 41 15 AA 18 82 1B 64 AB D0 7A 
 SWTPM_IO_Read: length 14
 80 01 00 00 00 0E 00 00 01 62 80 00 00 00 
    IsEnEnabled(0x162 = 'ContextSave'): 1
 SWTPM_IO_Write: length 468
 80 01 00 00 01 D4 00 00 00 00 00 00 00 00 00 00 
 00 A4 80 00 00 00 40 00 00 01 01 B8 00 40 E2 E5 
 41 12 FE 00 56 37 DD 76 DB 23 7E 50 3A 61 89 40 
 E8 0F E1 60 E0 21 A2 B0 48 24 68 B8 78 7A 19 87 
 83 A0 C9 4D CE 3B 54 A7 90 89 BE 78 FB 4B 10 F1 
 25 F9 04 34 FD 1F 08 E8 56 DB A6 14 99 07 E4 45 
 F5 7F D3 AB E3 A0 7C EE 1E 8C 81 EB 09 B7 82 8D 
 A8 24 96 8C AC 13 35 2D F8 DA AB 06 19 84 CF 24 
 BC 8E 5A ED 7D FB 0A 48 74 29 DC 92 19 19 45 F9 
 5B 84 6A D4 82 5F A3 C6 75 49 22 B3 A4 3D 8C 04 
 6E A5 23 03 4B BE E2 4C 3B 2D CC D8 6B 4E F8 A8 
 C7 77 E5 5C CD 20 DB 48 98 70 57 DD AF 9E A7 9C 
 60 50 82 AA 0A B3 67 F2 78 E0 AC 67 5C D4 44 2F 
 BB 2B F6 FD 44 CB 50 00 6C D5 40 4F 22 D6 DD DB 
 91 11 71 BD 0D 07 13 44 B3 ED 31 72 3D A7 6F D0 
 08 04 5A BE 7E 8B 08 79 72 F4 13 58 EB 05 3D AC 
 37 C4 78 F0 FF 40 AA 2A E3 32 B0 ED 98 98 E8 B7 
 8B 0E 4C 00 94 F5 32 A7 15 11 26 BF BB C0 3B BC 
 B3 12 60 D2 BB 6D 1E 98 9A 52 2E D5 09 9E 67 9A 
 BB 6A 23 1F 6C 74 D7 E1 F1 25 1C 34 88 1F 10 BA 
 E4 0D BC 29 2B EF D0 F1 96 49 72 EC 01 10 4D 7A 
 46 BF DF 89 0D B4 24 AC 18 80 54 B5 37 B2 86 3C 
 9E A2 50 01 29 18 2F FD AB 51 F2 81 02 C0 C2 8F 
 8E C8 EB 96 0F 77 7C 4F 1F 69 0C B7 2D 37 83 76 
 27 5A 7E 8A F6 AC D3 6B 14 0D 42 34 6B 39 88 F4 
 66 92 F8 BF 58 26 88 FB 9D 34 3F 16 78 AF 8A F5 
 0B 6D DD 69 90 19 36 66 F5 91 4C 0B 83 7A A6 0D 
 98 6D 03 8B 75 AB 84 FD 52 B6 CB 6C D4 D7 6A E7 
 3D 9B B7 ED 99 BB CC 14 49 3F 8D 17 9F D0 18 B6 
 46 B7 D1 5A 
 SWTPM_IO_Read: length 14
 80 01 00 00 00 0E 00 00 01 65 80 00 00 00 
    IsEnEnabled(0x165 = 'FlushContext'): 1
 SWTPM_IO_Write: length 10
 80 01 00 00 00 0A 00 00 00 00 
 SWTPM_IO_Read: length 14
 80 01 00 00 00 0E 00 00 01 62 80 00 00 01 
    IsEnEnabled(0x162 = 'ContextSave'): 1
 SWTPM_IO_Write: length 519
 80 01 00 00 02 07 00 00 00 00 00 00 00 00 00 00 
 00 A5 80 00 00 00 40 00 00 01 01 EB 00 40 0B 54 
 FF DE 91 61 32 2F 0D 33 A1 D1 21 46 23 41 D3 C6 
 58 70 C2 56 E7 0E AF BC E3 E8 EC D5 43 F1 F4 7D 
 07 EF A4 BD E1 1E D8 97 92 45 F4 E2 81 F1 BD 29 
 F0 7F B8 83 DC 47 95 D0 7E 5A 26 D8 21 88 A7 45 
 E7 B7 99 36 C6 81 D3 59 AB 92 29 24 6C 8E 29 EC 
 9F D8 C8 CB F8 B2 59 9D 62 52 62 AF 3D 53 01 26 
 66 09 54 9C 90 82 74 64 B8 4C E0 E7 E1 0C FA 34 
 59 84 4F 79 ED BC 2D 14 47 A7 24 18 4C E9 79 5B 
 D3 E3 49 D3 F9 BE 9F 1E E2 90 1E 19 74 EC CE 47 
 CD 09 8D 56 45 89 18 D6 22 B2 E0 12 64 00 A6 3D 
 61 85 94 16 9E A0 D2 82 8F 72 45 A7 13 1F 19 92 
 9D B6 0C B5 1A 82 44 F4 34 FC 8E 3A B3 91 5E C1 
 53 C9 13 D6 CE A7 3D FB 85 E3 4B 15 0F 1D 46 03 
 4D D2 B2 8D 1F 6F 5B A4 19 B3 45 91 5C 39 7C 08 
 56 EF 49 51 70 3C AA 05 9B 70 D2 8F A9 03 D0 97 
 1B 13 A1 DC 9F AA A0 02 A4 F4 FD 0A 03 05 14 7C 
 81 63 65 2E 53 6A 09 2D CE 09 05 0A 7A 08 D7 AA 
 1E 9B 4C 13 96 9C 45 A4 CE CA 95 C1 39 C0 54 9C 
 F8 84 E6 5B B8 E0 B9 3D 15 0E 62 38 54 B7 3C EA 
 F6 18 5E 61 DD 56 94 68 34 4F D0 8D 58 A2 A1 6A 
 D7 1D 53 65 D9 CC E3 3F 6A D2 0F 2D 1C A3 44 AF 
 B1 95 E7 97 2D B6 DD 77 ED 9C A5 5A 51 7C 67 CF 
 78 4B 6D D0 7A 5B 9B 3E F6 D1 62 8F 03 15 29 48 
 35 CA 37 F5 7D 83 33 40 36 09 DC D5 B7 B4 80 8B 
 A8 DA 13 F1 14 85 34 E1 9C A5 53 E1 A9 23 2D 3B 
 11 B1 CB 0E 46 4B F1 BE B2 01 81 F8 8D 33 C3 0D 
 AB 93 D0 9C 96 27 0F 60 45 4B 25 1E DE 90 58 FF 
 C5 D6 81 47 9F A0 B3 3F 66 0B 72 71 C1 29 65 D2 
 3A 78 FC C0 67 AA 56 AF 4D 9C 51 58 1C E2 81 F8 
 2C A1 3F FF EF EE 31 C3 D2 DE 0D 18 C6 0C 33 C4 
 0E F1 C6 72 4A CC FB 
 SWTPM_IO_Read: length 14
 80 01 00 00 00 0E 00 00 01 65 80 00 00 01 
    IsEnEnabled(0x165 = 'FlushContext'): 1
 SWTPM_IO_Write: length 10
 80 01 00 00 00 0A 00 00 00 00 
 SWTPM_IO_Read: length 14
 80 01 00 00 00 0E 00 00 01 62 02 00 00 00 
    IsEnEnabled(0x162 = 'ContextSave'): 1
 SWTPM_IO_Write: length 414
 80 01 00 00 01 9E 00 00 00 00 00 00 00 00 00 00 
 00 8B 02 00 00 00 40 00 00 07 01 82 00 40 11 53 
 B7 4A 4F 0C B9 04 73 D8 F9 A9 C8 EF A5 F7 1D C5 
 BF C9 BA 95 3B 6E 30 15 5B 31 73 84 02 87 37 9E 
 32 B6 E2 BB 60 7A 64 94 5B 0F 40 A9 EE 4C E6 45 
 BA 01 C2 58 D0 99 4B 78 2D 96 BB DA 8E C6 E5 F4 
 AD 06 27 0A A3 D3 4E 14 0F 3D AC 46 75 C1 18 6A 
 2E FE C9 6C F8 96 59 0C E0 69 57 23 D8 70 C2 C9 
 B8 58 E8 E1 90 4A 43 EF BA EE 69 1F 6E 5C 7F 8C 
 EE A6 07 EA 3C 51 E4 02 49 9F 58 FE D0 AF D2 71 
 65 68 4C 23 90 B5 50 38 74 A1 CD AC 5D 81 34 FE 
 21 69 B5 6B 84 EB 9F CB 31 D9 4A 04 3C E9 A1 5C 
 5E 41 46 D5 7D 1A 94 11 63 63 A4 E8 33 76 3A D4 
 E3 0E 71 94 F1 70 8B F1 DE E7 9B 87 0E DF 6F 57 
 A0 5C 8F 3A A9 4B CA 12 DD C3 F9 40 CF C9 CB C2 
 6B 7E 52 23 E5 CC 91 F2 D6 EC 35 68 A1 3F C9 70 
 34 0F 03 91 D9 7A AA 13 F4 DD 93 B8 26 9A 7C 2E 
 3C 86 BB 8E 91 CC F8 04 C8 C9 01 67 EB EC 69 A7 
 74 40 53 03 AF 57 DE EF 72 F4 3C 67 3F 58 50 03 
 26 7A C1 B7 25 C2 D2 25 08 58 AB 77 1B D0 93 98 
 5B 28 27 3A FF 13 4F F1 6F 52 91 1D 21 22 9A 77 
 4B B8 12 F9 89 F8 DF 00 DD 2B A9 59 7F D1 5B 00 
 9B 94 A3 82 4D 0D 9A 4D D4 C4 B4 1B BA C9 71 9A 
 87 D0 4A 42 8E 1E C9 FD 9F 47 1E 73 2F 49 37 DF 
 B5 99 FF 22 C2 A1 11 F8 79 A4 7E 49 C1 95 36 51 
 CD A9 D3 D0 34 CD 30 1C 31 A2 74 1A 47 17 
 SWTPM_IO_Read: length 468
 80 01 00 00 01 D4 00 00 01 61 00 00 00 00 00 00 
 00 A4 80 00 00 00 40 00 00 01 01 B8 00 40 E2 E5 
 41 12 FE 00 56 37 DD 76 DB 23 7E 50 3A 61 89 40 
 E8 0F E1 60 E0 21 A2 B0 48 24 68 B8 78 7A 19 87 
 83 A0 C9 4D CE 3B 54 A7 90 89 BE 78 FB 4B 10 F1 
 25 F9 04 34 FD 1F 08 E8 56 DB A6 14 99 07 E4 45 
 F5 7F D3 AB E3 A0 7C EE 1E 8C 81 EB 09 B7 82 8D 
 A8 24 96 8C AC 13 35 2D F8 DA AB 06 19 84 CF 24 
 BC 8E 5A ED 7D FB 0A 48 74 29 DC 92 19 19 45 F9 
 5B 84 6A D4 82 5F A3 C6 75 49 22 B3 A4 3D 8C 04 
 6E A5 23 03 4B BE E2 4C 3B 2D CC D8 6B 4E F8 A8 
 C7 77 E5 5C CD 20 DB 48 98 70 57 DD AF 9E A7 9C 
 60 50 82 AA 0A B3 67 F2 78 E0 AC 67 5C D4 44 2F 
 BB 2B F6 FD 44 CB 50 00 6C D5 40 4F 22 D6 DD DB 
 91 11 71 BD 0D 07 13 44 B3 ED 31 72 3D A7 6F D0 
 08 04 5A BE 7E 8B 08 79 72 F4 13 58 EB 05 3D AC 
 37 C4 78 F0 FF 40 AA 2A E3 32 B0 ED 98 98 E8 B7 
 8B 0E 4C 00 94 F5 32 A7 15 11 26 BF BB C0 3B BC 
 B3 12 60 D2 BB 6D 1E 98 9A 52 2E D5 09 9E 67 9A 
 BB 6A 23 1F 6C 74 D7 E1 F1 25 1C 34 88 1F 10 BA 
 E4 0D BC 29 2B EF D0 F1 96 49 72 EC 01 10 4D 7A 
 46 BF DF 89 0D B4 24 AC 18 80 54 B5 37 B2 86 3C 
 9E A2 50 01 29 18 2F FD AB 51 F2 81 02 C0 C2 8F 
 8E C8 EB 96 0F 77 7C 4F 1F 69 0C B7 2D 37 83 76 
 27 5A 7E 8A F6 AC D3 6B 14 0D 42 34 6B 39 88 F4 
 66 92 F8 BF 58 26 88 FB 9D 34 3F 16 78 AF 8A F5 
 0B 6D DD 69 90 19 36 66 F5 91 4C 0B 83 7A A6 0D 
 98 6D 03 8B 75 AB 84 FD 52 B6 CB 6C D4 D7 6A E7 
 3D 9B B7 ED 99 BB CC 14 49 3F 8D 17 9F D0 18 B6 
 46 B7 D1 5A 
    IsEnEnabled(0x161 = 'ContextLoad'): 1
 SWTPM_IO_Write: length 14
 80 01 00 00 00 0E 00 00 00 00 80 00 00 00 
 SWTPM_IO_Read: length 519
 80 01 00 00 02 07 00 00 01 61 00 00 00 00 00 00 
 00 A5 80 00 00 00 40 00 00 01 01 EB 00 40 0B 54 
 FF DE 91 61 32 2F 0D 33 A1 D1 21 46 23 41 D3 C6 
 58 70 C2 56 E7 0E AF BC E3 E8 EC D5 43 F1 F4 7D 
 07 EF A4 BD E1 1E D8 97 92 45 F4 E2 81 F1 BD 29 
 F0 7F B8 83 DC 47 95 D0 7E 5A 26 D8 21 88 A7 45 
 E7 B7 99 36 C6 81 D3 59 AB 92 29 24 6C 8E 29 EC 
 9F D8 C8 CB F8 B2 59 9D 62 52 62 AF 3D 53 01 26 
 66 09 54 9C 90 82 74 64 B8 4C E0 E7 E1 0C FA 34 
 59 84 4F 79 ED BC 2D 14 47 A7 24 18 4C E9 79 5B 
 D3 E3 49 D3 F9 BE 9F 1E E2 90 1E 19 74 EC CE 47 
 CD 09 8D 56 45 89 18 D6 22 B2 E0 12 64 00 A6 3D 
 61 85 94 16 9E A0 D2 82 8F 72 45 A7 13 1F 19 92 
 9D B6 0C B5 1A 82 44 F4 34 FC 8E 3A B3 91 5E C1 
 53 C9 13 D6 CE A7 3D FB 85 E3 4B 15 0F 1D 46 03 
 4D D2 B2 8D 1F 6F 5B A4 19 B3 45 91 5C 39 7C 08 
 56 EF 49 51 70 3C AA 05 9B 70 D2 8F A9 03 D0 97 
 1B 13 A1 DC 9F AA A0 02 A4 F4 FD 0A 03 05 14 7C 
 81 63 65 2E 53 6A 09 2D CE 09 05 0A 7A 08 D7 AA 
 1E 9B 4C 13 96 9C 45 A4 CE CA 95 C1 39 C0 54 9C 
 F8 84 E6 5B B8 E0 B9 3D 15 0E 62 38 54 B7 3C EA 
 F6 18 5E 61 DD 56 94 68 34 4F D0 8D 58 A2 A1 6A 
 D7 1D 53 65 D9 CC E3 3F 6A D2 0F 2D 1C A3 44 AF 
 B1 95 E7 97 2D B6 DD 77 ED 9C A5 5A 51 7C 67 CF 
 78 4B 6D D0 7A 5B 9B 3E F6 D1 62 8F 03 15 29 48 
 35 CA 37 F5 7D 83 33 40 36 09 DC D5 B7 B4 80 8B 
 A8 DA 13 F1 14 85 34 E1 9C A5 53 E1 A9 23 2D 3B 
 11 B1 CB 0E 46 4B F1 BE B2 01 81 F8 8D 33 C3 0D 
 AB 93 D0 9C 96 27 0F 60 45 4B 25 1E DE 90 58 FF 
 C5 D6 81 47 9F A0 B3 3F 66 0B 72 71 C1 29 65 D2 
 3A 78 FC C0 67 AA 56 AF 4D 9C 51 58 1C E2 81 F8 
 2C A1 3F FF EF EE 31 C3 D2 DE 0D 18 C6 0C 33 C4 
 0E F1 C6 72 4A CC FB 
    IsEnEnabled(0x161 = 'ContextLoad'): 1
 SWTPM_IO_Write: length 14
 80 01 00 00 00 0E 00 00 00 00 80 00 00 01 
 SWTPM_IO_Read: length 414
 80 01 00 00 01 9E 00 00 01 61 00 00 00 00 00 00 
 00 8B 02 00 00 00 40 00 00 07 01 82 00 40 11 53 
 B7 4A 4F 0C B9 04 73 D8 F9 A9 C8 EF A5 F7 1D C5 
 BF C9 BA 95 3B 6E 30 15 5B 31 73 84 02 87 37 9E 
 32 B6 E2 BB 60 7A 64 94 5B 0F 40 A9 EE 4C E6 45 
 BA 01 C2 58 D0 99 4B 78 2D 96 BB DA 8E C6 E5 F4 
 AD 06 27 0A A3 D3 4E 14 0F 3D AC 46 75 C1 18 6A 
 2E FE C9 6C F8 96 59 0C E0 69 57 23 D8 70 C2 C9 
 B8 58 E8 E1 90 4A 43 EF BA EE 69 1F 6E 5C 7F 8C 
 EE A6 07 EA 3C 51 E4 02 49 9F 58 FE D0 AF D2 71 
 65 68 4C 23 90 B5 50 38 74 A1 CD AC 5D 81 34 FE 
 21 69 B5 6B 84 EB 9F CB 31 D9 4A 04 3C E9 A1 5C 
 5E 41 46 D5 7D 1A 94 11 63 63 A4 E8 33 76 3A D4 
 E3 0E 71 94 F1 70 8B F1 DE E7 9B 87 0E DF 6F 57 
 A0 5C 8F 3A A9 4B CA 12 DD C3 F9 40 CF C9 CB C2 
 6B 7E 52 23 E5 CC 91 F2 D6 EC 35 68 A1 3F C9 70 
 34 0F 03 91 D9 7A AA 13 F4 DD 93 B8 26 9A 7C 2E 
 3C 86 BB 8E 91 CC F8 04 C8 C9 01 67 EB EC 69 A7 
 74 40 53 03 AF 57 DE EF 72 F4 3C 67 3F 58 50 03 
 26 7A C1 B7 25 C2 D2 25 08 58 AB 77 1B D0 93 98 
 5B 28 27 3A FF 13 4F F1 6F 52 91 1D 21 22 9A 77 
 4B B8 12 F9 89 F8 DF 00 DD 2B A9 59 7F D1 5B 00 
 9B 94 A3 82 4D 0D 9A 4D D4 C4 B4 1B BA C9 71 9A 
 87 D0 4A 42 8E 1E C9 FD 9F 47 1E 73 2F 49 37 DF 
 B5 99 FF 22 C2 A1 11 F8 79 A4 7E 49 C1 95 36 51 
 CD A9 D3 D0 34 CD 30 1C 31 A2 74 1A 47 17 
    IsEnEnabled(0x161 = 'ContextLoad'): 1
 SWTPM_IO_Write: length 14
 80 01 00 00 00 0E 00 00 00 00 02 00 00 00 
 SWTPM_IO_Read: length 14
 80 01 00 00 00 0E 00 00 01 65 02 00 00 00 
    IsEnEnabled(0x165 = 'FlushContext'): 1
 SWTPM_IO_Write: length 10
 80 01 00 00 00 0A 00 00 00 00 
 SWTPM_IO_Read: length 14
 80 01 00 00 00 0E 00 00 01 62 80 00 00 00 
    IsEnEnabled(0x162 = 'ContextSave'): 1
 SWTPM_IO_Write: length 468
 80 01 00 00 01 D4 00 00 00 00 00 00 00 00 00 00 
 00 A6 80 00 00 00 40 00 00 01 01 B8 00 40 78 12 
 3B CF FB 29 78 66 72 B8 5F 92 CC 7F 3F C3 5C 78 
 EE 68 1F CB 20 42 35 9D 8B 03 D8 A0 0D 8D 14 01 
 C5 46 BD 0A 2E 24 C5 12 A2 84 61 BB FF E5 67 4A 
 35 1C 26 71 31 9B 22 87 B8 08 00 41 5D B3 EE 01 
 A3 24 27 8E 17 AA E8 33 90 F2 0D 46 E8 E2 F0 55 
 B8 60 23 81 C8 47 B4 2C ED BB 34 8D 64 62 E2 33 
 CB 32 F3 08 6B 6C B7 EC 95 1D 9B 00 7F D5 1E 10 
 65 7A 0D EE 15 3C 4D A3 46 7B BF 21 A8 4E 42 71 
 68 5C AB AC B3 DC 96 20 19 77 E5 A4 18 A4 05 09 
 2A 4A 59 8B 1D 03 57 A3 AE 98 9D 26 A3 A1 15 6D 
 CE A9 51 FE CE 21 CE EE DC E7 67 2D 0C EE 51 D9 
 E8 0F 02 3C 83 E0 30 5D 50 66 B0 47 E9 BF 97 C5 
 C1 24 A0 04 DA C9 5A 30 52 87 43 77 7D 51 C1 6D 
 40 5B 6D 2B A4 8E C8 0C 02 4E FF 58 7D 4B 2F E2 
 8C 1D 70 AB 89 3F D5 6A 55 21 32 A6 B0 F9 38 5D 
 75 5A 8B FB 71 A0 17 87 EE 84 96 30 79 8B C4 33 
 95 BE 2E 28 59 61 D8 57 43 4D EB 56 49 A1 C7 3E 
 AB 3B 34 0B CA C7 7B 2C 7E 7B 09 9E 87 83 56 0D 
 6E D5 B7 0E 84 5B 1A 27 46 4E 8B 1B 29 67 F6 CE 
 71 41 FF D9 5F 5F 0B 08 FB 3B E0 E4 49 C4 B1 93 
 DF B5 28 D1 46 8F F5 B3 7C D3 8D 29 BD 95 B5 FC 
 7A 46 41 DC 7D 92 CA 17 38 27 6D 54 8E E1 E4 45 
 72 67 E2 19 B2 6C 81 C6 12 84 B3 E8 9D 1B 1C 61 
 2D E4 D4 8E 94 08 0F B7 F9 52 55 1D 26 DF FE 6D 
 6D 2B 0B 06 81 0F AE 57 48 5E D5 5F 97 E5 89 30 
 55 E6 A4 C3 13 CD E0 57 01 F7 75 6A 2E BF 14 EC 
 55 C1 24 3A 41 28 B7 E9 CE E0 A0 4C F7 C3 BD 1D 
 87 8B 16 BA 
 SWTPM_IO_Read: length 14
 80 01 00 00 00 0E 00 00 01 65 80 00 00 00 
    IsEnEnabled(0x165 = 'FlushContext'): 1
 SWTPM_IO_Write: length 10
 80 01 00 00 00 0A 00 00 00 00 
 SWTPM_IO_Read: length 14
 80 01 00 00 00 0E 00 00 01 62 80 00 00 01 
    IsEnEnabled(0x162 = 'ContextSave'): 1
 SWTPM_IO_Write: length 519
 80 01 00 00 02 07 00 00 00 00 00 00 00 00 00 00 
 00 A7 80 00 00 00 40 00 00 01 01 EB 00 40 DE A8 
 F4 D1 9A 0C 55 05 50 82 CF 58 8E 26 05 1E 37 31 
 02 11 40 51 BC 09 BF A8 38 EF 63 89 51 FA 1D B3 
 0A 3C AC 23 0E C7 C5 0C AF 43 D7 89 E4 71 79 5D 
 FF 89 CB 0C CA 0D F5 DF AE B6 0B 1C CD C8 49 A3 
 87 22 0E 95 67 39 65 8D A4 CC 85 82 7C 0E 7A C8 
 B2 DA 76 3A 81 DF F1 EF A0 4A C3 5D 34 1B F4 40 
 70 40 9B 47 30 05 E7 7F 25 22 F7 74 33 EA 26 03 
 80 FB 9C D0 56 0C 74 2F 34 18 1F 2A BB B1 75 41 
 7F 26 65 EC 1B 75 C9 E4 F8 20 CF 17 91 66 CD FC 
 38 65 92 86 DB 2D A6 69 54 E1 B1 0C 6F 8C DD 20 
 E3 FD 0A 60 AB 79 92 5F 31 F7 6D 16 7A CB 61 F6 
 82 F2 B5 B7 7E 7A F3 B3 EB 9A D0 A7 32 20 C7 13 
 75 AA F7 31 B6 3E 0B 56 9A 54 AB BC 2A 4F D7 CA 
 A3 3A 89 F8 54 DF 73 F2 E0 A3 25 2D 08 20 02 4E 
 7C 75 66 05 46 70 7B 60 7F 99 78 C6 84 0B 5E 76 
 52 22 03 4F 0D 02 6F 9F 4E 24 48 3B 93 03 9F 04 
 F4 07 B7 2A C5 61 44 FC 4A 68 D4 01 EC D3 56 EE 
 2F 0A D7 FE 6E B6 C1 C8 8B 79 24 4D D3 0E F2 9E 
 73 CE 92 31 17 4B 59 DA 49 4D 4A 32 08 75 9E 12 
 39 2D 02 ED 86 5E 6B 40 56 B7 51 B4 FE 3D A8 2A 
 1F 8A BA E8 01 A7 6D 53 A3 26 FA 8D 40 9F E3 3A 
 75 08 78 1F FE 6C 74 C3 43 96 82 40 95 D7 3E 32 
 E9 16 A4 2F F3 54 30 1C FE B5 0E FA 53 45 99 B3 
 B0 C3 E1 3B 5B DE 14 79 47 B0 7E 7B 88 A7 C3 92 
 12 01 0A E7 5B 66 91 37 32 DD 6A 22 E3 DF 70 FC 
 D1 24 D4 43 AB 3A D6 A2 26 92 B5 9B 64 4F 36 A3 
 8B 20 01 99 64 80 36 26 0B 6F 73 B6 1A BF 49 FE 
 1C C5 2E 74 7A F5 E8 F1 C5 07 AA 2A 20 84 45 59 
 32 49 56 9D 78 99 8E 5C 72 46 10 2A FC D8 8E 5E 
 B2 03 9C 90 7D 03 A6 8B 5F A1 A7 D6 AF EB BA DB 
 F3 F1 12 23 49 C0 50 
 SWTPM_IO_Read: length 14
 80 01 00 00 00 0E 00 00 01 65 80 00 00 01 
    IsEnEnabled(0x165 = 'FlushContext'): 1
 SWTPM_IO_Write: length 10
 80 01 00 00 00 0A 00 00 00 00 
 SWTPM_IO_Read: length 14
 80 01 00 00 00 0E 00 00 01 62 02 00 00 00 
    IsEnEnabled(0x162 = 'ContextSave'): 1
 SWTPM_IO_Write: length 10
 80 01 00 00 00 0A 00 00 09 10 
 SWTPM_IO_Read: length 468
 80 01 00 00 01 D4 00 00 01 61 00 00 00 00 00 00 
 00 A6 80 00 00 00 40 00 00 01 01 B8 00 40 78 12 
 3B CF FB 29 78 66 72 B8 5F 92 CC 7F 3F C3 5C 78 
 EE 68 1F CB 20 42 35 9D 8B 03 D8 A0 0D 8D 14 01 
 C5 46 BD 0A 2E 24 C5 12 A2 84 61 BB FF E5 67 4A 
 35 1C 26 71 31 9B 22 87 B8 08 00 41 5D B3 EE 01 
 A3 24 27 8E 17 AA E8 33 90 F2 0D 46 E8 E2 F0 55 
 B8 60 23 81 C8 47 B4 2C ED BB 34 8D 64 62 E2 33 
 CB 32 F3 08 6B 6C B7 EC 95 1D 9B 00 7F D5 1E 10 
 65 7A 0D EE 15 3C 4D A3 46 7B BF 21 A8 4E 42 71 
 68 5C AB AC B3 DC 96 20 19 77 E5 A4 18 A4 05 09 
 2A 4A 59 8B 1D 03 57 A3 AE 98 9D 26 A3 A1 15 6D 
 CE A9 51 FE CE 21 CE EE DC E7 67 2D 0C EE 51 D9 
 E8 0F 02 3C 83 E0 30 5D 50 66 B0 47 E9 BF 97 C5 
 C1 24 A0 04 DA C9 5A 30 52 87 43 77 7D 51 C1 6D 
 40 5B 6D 2B A4 8E C8 0C 02 4E FF 58 7D 4B 2F E2 
 8C 1D 70 AB 89 3F D5 6A 55 21 32 A6 B0 F9 38 5D 
 75 5A 8B FB 71 A0 17 87 EE 84 96 30 79 8B C4 33 
 95 BE 2E 28 59 61 D8 57 43 4D EB 56 49 A1 C7 3E 
 AB 3B 34 0B CA C7 7B 2C 7E 7B 09 9E 87 83 56 0D 
 6E D5 B7 0E 84 5B 1A 27 46 4E 8B 1B 29 67 F6 CE 
 71 41 FF D9 5F 5F 0B 08 FB 3B E0 E4 49 C4 B1 93 
 DF B5 28 D1 46 8F F5 B3 7C D3 8D 29 BD 95 B5 FC 
 7A 46 41 DC 7D 92 CA 17 38 27 6D 54 8E E1 E4 45 
 72 67 E2 19 B2 6C 81 C6 12 84 B3 E8 9D 1B 1C 61 
 2D E4 D4 8E 94 08 0F B7 F9 52 55 1D 26 DF FE 6D 
 6D 2B 0B 06 81 0F AE 57 48 5E D5 5F 97 E5 89 30 
 55 E6 A4 C3 13 CD E0 57 01 F7 75 6A 2E BF 14 EC 
 55 C1 24 3A 41 28 B7 E9 CE E0 A0 4C F7 C3 BD 1D 
 87 8B 16 BA 
    IsEnEnabled(0x161 = 'ContextLoad'): 1
 SWTPM_IO_Write: length 14
 80 01 00 00 00 0E 00 00 00 00 80 00 00 00 
 SWTPM_IO_Read: length 519
 80 01 00 00 02 07 00 00 01 61 00 00 00 00 00 00 
 00 A7 80 00 00 00 40 00 00 01 01 EB 00 40 DE A8 
 F4 D1 9A 0C 55 05 50 82 CF 58 8E 26 05 1E 37 31 
 02 11 40 51 BC 09 BF A8 38 EF 63 89 51 FA 1D B3 
 0A 3C AC 23 0E C7 C5 0C AF 43 D7 89 E4 71 79 5D 
 FF 89 CB 0C CA 0D F5 DF AE B6 0B 1C CD C8 49 A3 
 87 22 0E 95 67 39 65 8D A4 CC 85 82 7C 0E 7A C8 
 B2 DA 76 3A 81 DF F1 EF A0 4A C3 5D 34 1B F4 40 
 70 40 9B 47 30 05 E7 7F 25 22 F7 74 33 EA 26 03 
 80 FB 9C D0 56 0C 74 2F 34 18 1F 2A BB B1 75 41 
 7F 26 65 EC 1B 75 C9 E4 F8 20 CF 17 91 66 CD FC 
 38 65 92 86 DB 2D A6 69 54 E1 B1 0C 6F 8C DD 20 
 E3 FD 0A 60 AB 79 92 5F 31 F7 6D 16 7A CB 61 F6 
 82 F2 B5 B7 7E 7A F3 B3 EB 9A D0 A7 32 20 C7 13 
 75 AA F7 31 B6 3E 0B 56 9A 54 AB BC 2A 4F D7 CA 
 A3 3A 89 F8 54 DF 73 F2 E0 A3 25 2D 08 20 02 4E 
 7C 75 66 05 46 70 7B 60 7F 99 78 C6 84 0B 5E 76 
 52 22 03 4F 0D 02 6F 9F 4E 24 48 3B 93 03 9F 04 
 F4 07 B7 2A C5 61 44 FC 4A 68 D4 01 EC D3 56 EE 
 2F 0A D7 FE 6E B6 C1 C8 8B 79 24 4D D3 0E F2 9E 
 73 CE 92 31 17 4B 59 DA 49 4D 4A 32 08 75 9E 12 
 39 2D 02 ED 86 5E 6B 40 56 B7 51 B4 FE 3D A8 2A 
 1F 8A BA E8 01 A7 6D 53 A3 26 FA 8D 40 9F E3 3A 
 75 08 78 1F FE 6C 74 C3 43 96 82 40 95 D7 3E 32 
 E9 16 A4 2F F3 54 30 1C FE B5 0E FA 53 45 99 B3 
 B0 C3 E1 3B 5B DE 14 79 47 B0 7E 7B 88 A7 C3 92 
 12 01 0A E7 5B 66 91 37 32 DD 6A 22 E3 DF 70 FC 
 D1 24 D4 43 AB 3A D6 A2 26 92 B5 9B 64 4F 36 A3 
 8B 20 01 99 64 80 36 26 0B 6F 73 B6 1A BF 49 FE 
 1C C5 2E 74 7A F5 E8 F1 C5 07 AA 2A 20 84 45 59 
 32 49 56 9D 78 99 8E 5C 72 46 10 2A FC D8 8E 5E 
 B2 03 9C 90 7D 03 A6 8B 5F A1 A7 D6 AF EB BA DB 
 F3 F1 12 23 49 C0 50 
    IsEnEnabled(0x161 = 'ContextLoad'): 1
 SWTPM_IO_Write: length 14
 80 01 00 00 00 0E 00 00 00 00 80 00 00 01 
 SWTPM_IO_Read: length 63
 80 01 00 00 00 3F 00 00 01 76 40 00 00 07 40 00 
 00 07 00 20 99 7D FC E5 34 6E B7 1D 1C 83 6C 2E 
 65 84 4E 9D D3 23 04 28 12 26 24 7E EE A5 B4 75 
 5E C1 2E 61 00 00 01 00 06 00 80 00 43 00 0B 
    IsEnEnabled(0x176 = 'StartAuthSession'): 1
 SWTPM_IO_Write: length 48
 80 01 00 00 00 30 00 00 00 00 03 00 00 00 00 20 
 AD 06 A3 60 16 DF 7C 40 A9 32 E6 30 6E 73 DF 42 
 B3 A7 71 18 5D 5E 63 F1 CC C3 A5 81 C7 FC 2D C3 
 SWTPM_IO_Read: length 14
 80 01 00 00 00 0E 00 00 01 62 80 00 00 00 
    IsEnEnabled(0x162 = 'ContextSave'): 1
 SWTPM_IO_Write: length 468
 80 01 00 00 01 D4 00 00 00 00 00 00 00 00 00 00 
 00 A8 80 00 00 00 40 00 00 01 01 B8 00 40 C4 56 
 D5 3E B5 42 D9 01 99 A5 70 1A 27 DA F2 9E 6B 51 
 CF F7 3A 40 E1 C6 1A 34 CD 7A DA 04 1E 3B 75 2A 
 35 BD D0 E4 72 58 49 2B 1D EC 99 62 D2 E9 32 2D 
 BA 96 7E 20 0E EC A7 CA C6 0B 34 16 8C 6E C9 3B 
 78 87 80 53 E2 00 83 B8 5F E6 18 EB 71 25 D9 70 
 65 72 0B 59 12 22 29 A5 FA 96 CC 3A FF 15 CA 1C 
 72 09 8F 16 18 46 39 44 04 8B 49 6A 69 E8 1C 9C 
 6D 82 CF 2B 69 04 9C 5B 2D A3 89 33 F4 AA 9E 01 
 5C C4 AA 5F FB 94 68 06 C1 FC 5A EB 8D 1B F5 D6 
 C5 3B 14 9C C8 74 4E B8 64 D7 38 4C BD 91 1F 80 
 D5 6C 5A 58 68 7B F3 62 0B 8F B4 40 E6 A7 96 0E 
 15 DD 9C 90 95 22 F7 E2 7B 62 B6 5C 2E 9B 68 C1 
 35 79 84 53 19 9E 94 4F A4 EC B6 C4 D1 C5 09 08 
 2B 1E 2C ED 68 1B 40 CF 46 44 3A 94 56 D2 57 0B 
 B2 FC 45 72 29 D4 E0 48 E1 61 51 25 D7 FA 2D 67 
 8F 5C B2 E7 85 05 24 2B 00 20 D0 CC A4 C4 A2 35 
 00 E2 A2 D8 DA 80 94 F6 EB D8 3A B8 BC BE B7 C1 
 8D FF EB 24 E5 DA C5 28 F2 C4 AC DE A2 4C 69 AA 
 E2 BC AF D4 76 01 D4 6D C4 16 D5 F3 74 59 82 BA 
 66 48 81 20 13 D3 44 3C A0 60 5E 41 BD 14 83 7C 
 75 6C 9B 75 A6 FC 3A 28 99 48 F6 37 8F 24 0C 3C 
 61 7B D4 78 A2 01 29 CF 93 9D EE DB 77 4D AF 46 
 D5 64 3D 1B 08 15 CB 62 73 E8 AA 6D DF 12 7E A8 
 E5 63 8E E8 26 EB 37 8E EC BF C9 10 BF BD 36 75 
 65 3F B8 F4 AA FD 61 41 9D CD 01 7F 92 05 E5 64 
 B3 C7 F5 8B 11 46 1A FB 50 DA 79 76 8D BA 60 07 
 8F 73 7D 09 DA 23 02 28 42 A6 B1 E4 B9 DB 1E B5 
 DC A2 5E 18 
 SWTPM_IO_Read: length 14
 80 01 00 00 00 0E 00 00 01 65 80 00 00 00 
    IsEnEnabled(0x165 = 'FlushContext'): 1
 SWTPM_IO_Write: length 10
 80 01 00 00 00 0A 00 00 00 00 
 SWTPM_IO_Read: length 14
 80 01 00 00 00 0E 00 00 01 62 80 00 00 01 
    IsEnEnabled(0x162 = 'ContextSave'): 1
 SWTPM_IO_Write: length 519
 80 01 00 00 02 07 00 00 00 00 00 00 00 00 00 00 
 00 A9 80 00 00 00 40 00 00 01 01 EB 00 40 CA 65 
 EB ED EF 33 83 C6 D7 97 4C 02 20 7C 22 40 E8 94 
 53 01 08 8F 5C BE 54 8F 4A FE 66 3B CC B9 C8 21 
 A9 0A 2E 3A 9B 2F 7F C3 20 8F 40 BC 65 DE F6 9B 
 C3 66 7A 29 F0 65 3C CE AA AC D0 5A 59 B7 4D 47 
 E3 93 8B 74 2F 44 14 6C 44 37 B0 4F 27 4F D7 97 
 1A 8C 4F DD 48 E4 38 43 13 4C 7E 07 51 6F 07 49 
 3A 16 63 90 0F 50 A8 F9 0A E9 81 73 FA A2 CF A8 
 47 66 35 D8 CE 67 65 EE 4B 66 F8 EB AB 74 B2 7E 
 D5 8D E5 0A 5B DA 2E A1 58 C0 C0 10 13 81 62 B2 
 F4 FA 76 3D 01 40 13 3A 35 5B 96 99 98 2C C4 8C 
 C7 E5 77 58 3D EC 5A 25 36 51 14 A2 53 58 CE C4 
 E3 B2 AE E4 7B 18 74 B8 D9 AC AB A7 4B 04 AE 2F 
 61 A6 15 64 02 E2 6B 5B 83 E7 7A 58 81 6D 06 31 
 D7 81 F5 77 4F 13 48 15 2A 53 92 56 A0 5B 7B 08 
 F6 0E 30 10 2D CE 94 BA 53 27 53 7B B5 C6 78 1D 
 ED 75 1F 09 BB D8 5B 24 E9 08 F0 53 F4 7E 6B 89 
 79 B9 45 61 73 48 5E BA FD 1D 84 CB 1F 67 E6 FC 
 3D C9 01 B4 5A E2 34 AB 4F EC 8A 65 F3 BA C2 E9 
 7C D9 74 D9 D3 60 B4 F3 D5 35 05 6F 7C 20 91 A2 
 6E F5 4D 26 95 50 9E B3 11 E4 E3 B2 E7 CA 64 BF 
 33 F6 C8 A8 9B 65 2B 7D 1A 2B 2A EA 8B 8F A1 A3 
 58 BA 4F 83 FB 9E FC 0A 67 44 F1 EB 54 28 BE 94 
 05 21 47 76 D4 F2 3F 72 E3 C9 AD E4 65 47 E0 1B 
 6C A0 56 49 5C 7B 74 6D 61 23 E9 D7 DB 0B 43 B8 
 E3 0F 40 F5 32 28 F5 D2 3E 4D 86 7C 25 9B 05 85 
 C4 D5 03 54 8E FA 59 F5 BC 78 D9 63 68 0C D5 84 
 6C 23 F7 65 D2 32 6F 60 19 F1 AE C0 96 F2 B0 A5 
 4A DF FE 93 D1 75 0F 02 99 C2 50 1E FA 9F 5A AA 
 43 0F C0 9A 70 2A 5C 21 02 AC 7B 44 89 04 15 38 
 1B DA D7 DC 38 43 96 36 7C FD 51 37 E4 D8 55 AA 
 44 17 2A 1E CB 4E 2C 
 SWTPM_IO_Read: length 14
 80 01 00 00 00 0E 00 00 01 65 80 00 00 01 
    IsEnEnabled(0x165 = 'FlushContext'): 1
 SWTPM_IO_Write: length 10
 80 01 00 00 00 0A 00 00 00 00 
 SWTPM_IO_Read: length 14
 80 01 00 00 00 0E 00 00 01 62 03 00 00 00 
    IsEnEnabled(0x162 = 'ContextSave'): 1
 SWTPM_IO_Write: length 414
 80 01 00 00 01 9E 00 00 00 00 00 00 00 00 00 00 
 00 8C 03 00 00 00 40 00 00 07 01 82 00 40 A7 BA 
 BD AD DB 69 21 87 7F 56 08 73 77 4B 1C 08 90 1A 
 63 FD 2B EA 6D B1 0B 6F 9B 7A 04 E7 4A B5 E2 75 
 E4 7B E1 7D 82 7D AB A1 11 C9 80 3D B8 20 DC DB 
 CA A4 50 65 53 FB E4 7E 85 B7 7E 74 79 F8 71 E5 
 B4 52 14 9D BA F1 74 5E F3 5D 27 BE F8 8E 79 BD 
 E9 36 61 3B EF 11 47 86 D2 9D 0B 3F E6 29 12 C1 
 16 87 CA 09 E6 EB 13 47 B4 1E 62 E8 50 03 E3 EF 
 4C C6 D2 22 A7 DA DD AE 47 A8 56 50 BF 24 6D B7 
 4C D4 6B 78 A4 61 30 64 03 91 11 5B 07 0D 1D 1D 
 20 E5 74 8B AC 81 BB C6 9F DC F5 92 3C 2C 5C 65 
 10 7A 9D 44 8F 23 D8 E0 70 BB 98 7D 5C 1E 2D E5 
 64 AF 6F B6 A8 23 13 5B AD 28 FF AD 75 DC 28 B5 
 5D 20 13 76 51 97 44 58 7D 25 2C 0F EA A6 9A F7 
 D2 B5 A8 8F 3B BA 64 7A 9E E4 58 2E A0 E8 22 67 
 04 53 1A 4B 98 DD 5E 08 15 81 1F 63 F4 B8 85 69 
 06 93 22 6A A7 8D F1 89 97 82 44 78 B8 3F 3D B7 
 1D 08 46 B5 48 EE 81 02 63 BA 38 6C 33 8F A4 14 
 6D C8 47 D7 4F 5F 91 40 C1 3E EA 1A 8A 35 B2 11 
 B7 94 64 31 30 5E 97 B3 AC 2D D6 96 8A 9F 6C 1C 
 B1 3D AF C2 78 76 71 60 04 B1 82 25 F3 95 31 EA 
 28 FC AC 53 B8 C2 AB A9 F4 10 37 EF 9D 13 45 1E 
 8D FE 7E 16 9E B9 AC CF 9D 71 9C F3 96 EC 0E 14 
 6D E2 7E 51 B6 3F 1D E6 CD 21 B9 D5 69 2B 88 FA 
 96 C9 6E A2 6E 55 F4 98 19 C2 CB 4B 8E CF 
 SWTPM_IO_Read: length 468
 80 01 00 00 01 D4 00 00 01 61 00 00 00 00 00 00 
 00 A8 80 00 00 00 40 00 00 01 01 B8 00 40 C4 56 
 D5 3E B5 42 D9 01 99 A5 70 1A 27 DA F2 9E 6B 51 
 CF F7 3A 40 E1 C6 1A 34 CD 7A DA 04 1E 3B 75 2A 
 35 BD D0 E4 72 58 49 2B 1D EC 99 62 D2 E9 32 2D 
 BA 96 7E 20 0E EC A7 CA C6 0B 34 16 8C 6E C9 3B 
 78 87 80 53 E2 00 83 B8 5F E6 18 EB 71 25 D9 70 
 65 72 0B 59 12 22 29 A5 FA 96 CC 3A FF 15 CA 1C 
 72 09 8F 16 18 46 39 44 04 8B 49 6A 69 E8 1C 9C 
 6D 82 CF 2B 69 04 9C 5B 2D A3 89 33 F4 AA 9E 01 
 5C C4 AA 5F FB 94 68 06 C1 FC 5A EB 8D 1B F5 D6 
 C5 3B 14 9C C8 74 4E B8 64 D7 38 4C BD 91 1F 80 
 D5 6C 5A 58 68 7B F3 62 0B 8F B4 40 E6 A7 96 0E 
 15 DD 9C 90 95 22 F7 E2 7B 62 B6 5C 2E 9B 68 C1 
 35 79 84 53 19 9E 94 4F A4 EC B6 C4 D1 C5 09 08 
 2B 1E 2C ED 68 1B 40 CF 46 44 3A 94 56 D2 57 0B 
 B2 FC 45 72 29 D4 E0 48 E1 61 51 25 D7 FA 2D 67 
 8F 5C B2 E7 85 05 24 2B 00 20 D0 CC A4 C4 A2 35 
 00 E2 A2 D8 DA 80 94 F6 EB D8 3A B8 BC BE B7 C1 
 8D FF EB 24 E5 DA C5 28 F2 C4 AC DE A2 4C 69 AA 
 E2 BC AF D4 76 01 D4 6D C4 16 D5 F3 74 59 82 BA 
 66 48 81 20 13 D3 44 3C A0 60 5E 41 BD 14 83 7C 
 75 6C 9B 75 A6 FC 3A 28 99 48 F6 37 8F 24 0C 3C 
 61 7B D4 78 A2 01 29 CF 93 9D EE DB 77 4D AF 46 
 D5 64 3D 1B 08 15 CB 62 73 E8 AA 6D DF 12 7E A8 
 E5 63 8E E8 26 EB 37 8E EC BF C9 10 BF BD 36 75 
 65 3F B8 F4 AA FD 61 41 9D CD 01 7F 92 05 E5 64 
 B3 C7 F5 8B 11 46 1A FB 50 DA 79 76 8D BA 60 07 
 8F 73 7D 09 DA 23 02 28 42 A6 B1 E4 B9 DB 1E B5 
 DC A2 5E 18 
    IsEnEnabled(0x161 = 'ContextLoad'): 1
 SWTPM_IO_Write: length 14
 80 01 00 00 00 0E 00 00 00 00 80 00 00 00 
 SWTPM_IO_Read: length 519
 80 01 00 00 02 07 00 00 01 61 00 00 00 00 00 00 
 00 A9 80 00 00 00 40 00 00 01 01 EB 00 40 CA 65 
 EB ED EF 33 83 C6 D7 97 4C 02 20 7C 22 40 E8 94 
 53 01 08 8F 5C BE 54 8F 4A FE 66 3B CC B9 C8 21 
 A9 0A 2E 3A 9B 2F 7F C3 20 8F 40 BC 65 DE F6 9B 
 C3 66 7A 29 F0 65 3C CE AA AC D0 5A 59 B7 4D 47 
 E3 93 8B 74 2F 44 14 6C 44 37 B0 4F 27 4F D7 97 
 1A 8C 4F DD 48 E4 38 43 13 4C 7E 07 51 6F 07 49 
 3A 16 63 90 0F 50 A8 F9 0A E9 81 73 FA A2 CF A8 
 47 66 35 D8 CE 67 65 EE 4B 66 F8 EB AB 74 B2 7E 
 D5 8D E5 0A 5B DA 2E A1 58 C0 C0 10 13 81 62 B2 
 F4 FA 76 3D 01 40 13 3A 35 5B 96 99 98 2C C4 8C 
 C7 E5 77 58 3D EC 5A 25 36 51 14 A2 53 58 CE C4 
 E3 B2 AE E4 7B 18 74 B8 D9 AC AB A7 4B 04 AE 2F 
 61 A6 15 64 02 E2 6B 5B 83 E7 7A 58 81 6D 06 31 
 D7 81 F5 77 4F 13 48 15 2A 53 92 56 A0 5B 7B 08 
 F6 0E 30 10 2D CE 94 BA 53 27 53 7B B5 C6 78 1D 
 ED 75 1F 09 BB D8 5B 24 E9 08 F0 53 F4 7E 6B 89 
 79 B9 45 61 73 48 5E BA FD 1D 84 CB 1F 67 E6 FC 
 3D C9 01 B4 5A E2 34 AB 4F EC 8A 65 F3 BA C2 E9 
 7C D9 74 D9 D3 60 B4 F3 D5 35 05 6F 7C 20 91 A2 
 6E F5 4D 26 95 50 9E B3 11 E4 E3 B2 E7 CA 64 BF 
 33 F6 C8 A8 9B 65 2B 7D 1A 2B 2A EA 8B 8F A1 A3 
 58 BA 4F 83 FB 9E FC 0A 67 44 F1 EB 54 28 BE 94 
 05 21 47 76 D4 F2 3F 72 E3 C9 AD E4 65 47 E0 1B 
 6C A0 56 49 5C 7B 74 6D 61 23 E9 D7 DB 0B 43 B8 
 E3 0F 40 F5 32 28 F5 D2 3E 4D 86 7C 25 9B 05 85 
 C4 D5 03 54 8E FA 59 F5 BC 78 D9 63 68 0C D5 84 
 6C 23 F7 65 D2 32 6F 60 19 F1 AE C0 96 F2 B0 A5 
 4A DF FE 93 D1 75 0F 02 99 C2 50 1E FA 9F 5A AA 
 43 0F C0 9A 70 2A 5C 21 02 AC 7B 44 89 04 15 38 
 1B DA D7 DC 38 43 96 36 7C FD 51 37 E4 D8 55 AA 
 44 17 2A 1E CB 4E 2C 
    IsEnEnabled(0x161 = 'ContextLoad'): 1
 SWTPM_IO_Write: length 14
 80 01 00 00 00 0E 00 00 00 00 80 00 00 01 
 SWTPM_IO_Read: length 414
 80 01 00 00 01 9E 00 00 01 61 00 00 00 00 00 00 
 00 8C 03 00 00 00 40 00 00 07 01 82 00 40 A7 BA 
 BD AD DB 69 21 87 7F 56 08 73 77 4B 1C 08 90 1A 
 63 FD 2B EA 6D B1 0B 6F 9B 7A 04 E7 4A B5 E2 75 
 E4 7B E1 7D 82 7D AB A1 11 C9 80 3D B8 20 DC DB 
 CA A4 50 65 53 FB E4 7E 85 B7 7E 74 79 F8 71 E5 
 B4 52 14 9D BA F1 74 5E F3 5D 27 BE F8 8E 79 BD 
 E9 36 61 3B EF 11 47 86 D2 9D 0B 3F E6 29 12 C1 
 16 87 CA 09 E6 EB 13 47 B4 1E 62 E8 50 03 E3 EF 
 4C C6 D2 22 A7 DA DD AE 47 A8 56 50 BF 24 6D B7 
 4C D4 6B 78 A4 61 30 64 03 91 11 5B 07 0D 1D 1D 
 20 E5 74 8B AC 81 BB C6 9F DC F5 92 3C 2C 5C 65 
 10 7A 9D 44 8F 23 D8 E0 70 BB 98 7D 5C 1E 2D E5 
 64 AF 6F B6 A8 23 13 5B AD 28 FF AD 75 DC 28 B5 
 5D 20 13 76 51 97 44 58 7D 25 2C 0F EA A6 9A F7 
 D2 B5 A8 8F 3B BA 64 7A 9E E4 58 2E A0 E8 22 67 
 04 53 1A 4B 98 DD 5E 08 15 81 1F 63 F4 B8 85 69 
 06 93 22 6A A7 8D F1 89 97 82 44 78 B8 3F 3D B7 
 1D 08 46 B5 48 EE 81 02 63 BA 38 6C 33 8F A4 14 
 6D C8 47 D7 4F 5F 91 40 C1 3E EA 1A 8A 35 B2 11 
 B7 94 64 31 30 5E 97 B3 AC 2D D6 96 8A 9F 6C 1C 
 B1 3D AF C2 78 76 71 60 04 B1 82 25 F3 95 31 EA 
 28 FC AC 53 B8 C2 AB A9 F4 10 37 EF 9D 13 45 1E 
 8D FE 7E 16 9E B9 AC CF 9D 71 9C F3 96 EC 0E 14 
 6D E2 7E 51 B6 3F 1D E6 CD 21 B9 D5 69 2B 88 FA 
 96 C9 6E A2 6E 55 F4 98 19 C2 CB 4B 8E CF 
    IsEnEnabled(0x161 = 'ContextLoad'): 1
 SWTPM_IO_Write: length 14
 80 01 00 00 00 0E 00 00 00 00 03 00 00 00 
 SWTPM_IO_Read: length 20
 80 01 00 00 00 14 00 00 01 7E 00 00 00 01 00 0B 
 03 80 00 00 
    IsEnEnabled(0x17e = 'PCR_Read'): 1
 SWTPM_IO_Write: length 62
 80 01 00 00 00 3E 00 00 00 00 00 00 00 98 00 00 
 00 01 00 0B 03 80 00 00 00 00 00 01 00 20 12 7C 
 18 EB A2 30 0E 30 76 7F AF E7 1F 4E 59 75 77 6F 
 66 5D 22 C7 CA 90 17 C7 C2 48 46 B9 6F A1 
 SWTPM_IO_Read: length 14
 80 01 00 00 00 0E 00 00 01 62 80 00 00 00 
    IsEnEnabled(0x162 = 'ContextSave'): 1
 SWTPM_IO_Write: length 468
 80 01 00 00 01 D4 00 00 00 00 00 00 00 00 00 00 
 00 AA 80 00 00 00 40 00 00 01 01 B8 00 40 A1 1B 
 5B C0 31 B0 7A A4 AB 7C 3B 31 8B 95 BB 47 7E 16 
 E0 1D 31 5A 9A 18 41 4A 60 D2 70 A3 9F 4A 2B 3E 
 FE 5D B1 90 85 04 B1 AE C2 AE C3 1A 7F 97 40 26 
 45 38 AC 56 E6 37 46 9D AA 07 1E 60 18 B9 6C 7B 
 30 36 73 C5 91 DF C9 8D D7 B2 53 34 0C 7F 5C 94 
 72 A7 83 F9 1F 25 1D 3D E8 FC 74 C0 5A E9 2C 0C 
 D9 F0 46 9F 13 4F 81 61 5B DB A8 4C B2 0E 4A 96 
 C0 F1 71 40 67 0C 6C 1A FA EE 22 FA 44 75 57 7F 
 36 A0 DC 5C 3B 9F 23 00 8C 46 AB B6 93 22 4A 57 
 46 3C A7 8C 85 0E D7 D1 58 41 34 E5 6F D5 98 27 
 8C E9 52 5C 7D 5D C5 18 C8 05 02 63 12 E6 E4 AB 
 5C 69 0F 26 D6 FE 99 0D 96 E5 FF 98 C0 B5 7B AB 
 0C 38 3B A0 5D AB A1 27 46 76 53 21 05 A9 4F 29 
 26 34 A9 00 4A F0 97 B1 A7 A3 10 DC C1 6E F3 C1 
 3F 29 7B 53 51 E3 C5 C5 83 5E E4 A8 AA 5D 37 D6 
 55 47 22 38 20 64 78 D7 5F 64 B1 6A 13 81 69 17 
 1D B5 DC 6F 2F F6 E7 40 25 91 76 40 E2 7B 1E 16 
 72 33 A4 EF 3E 1B DE 53 8E A4 8D 76 97 E8 6B 2F 
 48 30 26 94 9D 5A 83 20 CE B4 A8 B7 94 AE E1 E9 
 9A 1E C2 47 30 0D D9 1C 88 CB E5 85 31 A6 21 97 
 31 59 52 89 28 E7 E1 9A 3C 1A CB B3 D3 CB 3A 30 
 40 A2 FB AB 64 63 8C 3C 2C 2A AA 9D 2B 79 08 45 
 50 DB A3 EB E1 5A 25 09 0A 91 50 8D 51 A5 E7 D1 
 DC 14 1B 86 8A 1D DB 7F 07 9A 17 F9 97 3E 18 00 
 BF C4 31 65 43 55 33 B6 52 EA E3 EF EC 5A 49 FA 
 52 DA C9 4D AD DF 09 BB 1D 3E CA 84 42 D6 C3 C2 
 90 8F 3B D1 C5 54 FD 4B 4A 8A 23 5C E0 BE 18 DC 
 EC A7 CC D8 
 SWTPM_IO_Read: length 14
 80 01 00 00 00 0E 00 00 01 65 80 00 00 00 
    IsEnEnabled(0x165 = 'FlushContext'): 1
 SWTPM_IO_Write: length 10
 80 01 00 00 00 0A 00 00 00 00 
 SWTPM_IO_Read: length 14
 80 01 00 00 00 0E 00 00 01 62 80 00 00 01 
    IsEnEnabled(0x162 = 'ContextSave'): 1
 SWTPM_IO_Write: length 519
 80 01 00 00 02 07 00 00 00 00 00 00 00 00 00 00 
 00 AB 80 00 00 00 40 00 00 01 01 EB 00 40 BB AD 
 FA 55 CE D5 1C 12 EA FC 4D 92 CE A6 07 6C D0 30 
 20 F4 18 EA 8C 79 34 63 43 B3 0A FA 24 D0 F5 E1 
 CB EC A9 8D 35 51 DB E8 B1 0D 48 CB 33 A7 D5 EB 
 96 76 B2 99 38 7E D7 27 17 BA 61 82 05 06 69 7A 
 3D 0A 67 71 D9 57 43 8E 5F 11 8F 3D 1F 56 D1 81 
 79 39 4B 4F 17 7A 47 42 BC FB 8F DD 1C 8B F8 96 
 68 D8 DD 3A 3D 25 9F E7 42 90 EA EB 78 EB 44 90 
 3B D8 78 F1 E0 D6 25 BB ED FE 17 4A 46 00 60 C7 
 C3 42 35 C1 30 B3 8D 41 DC 12 14 1C 0F 86 12 A9 
 1F B1 F3 15 99 13 E8 72 1B 4C 28 30 78 C8 85 FE 
 DB C3 82 F7 86 9F 4F 8C E4 B3 CE A8 C3 0D B0 8E 
 42 CE D6 4E 3E AD 09 30 7A EB 7E 36 29 62 CB 31 
 84 E4 37 C3 E4 B5 22 D2 B2 21 E6 E0 ED EC 10 22 
 A1 B8 8C 62 36 6E BF 02 24 3A EF 72 79 E5 BE A4 
 00 1D 74 AA 9D 1F F5 F9 6D 50 BB C8 DA 40 3E F7 
 E2 0D 94 CE AD 45 F3 C8 BA B9 EE 7E 24 F4 AD 39 
 6F 43 D2 58 E5 3F DF 45 22 79 DC 6B 7F 1A 3C 66 
 52 5B 37 D6 56 FF FD 2F B8 2B 35 23 22 7F F2 D0 
 DB 90 74 1F 2B 38 76 F8 F4 C0 3E 91 CD ED CF E2 
 F5 EA 58 2B C9 6D B9 50 F1 18 63 AB D1 93 E6 26 
 3C 4E 5C B9 61 5B E7 1B 92 5D FF E5 0D 20 3D 34 
 48 D5 D8 C7 E7 A2 65 BD 18 69 9F A0 1C 7F 6D C0 
 EE 6D 55 37 55 43 35 0E 67 5F 7F BF 14 01 8A E7 
 87 4E 5A B6 1F 52 7B 63 5A C6 79 3A AD 20 28 8B 
 57 43 B4 60 56 FF 39 CB B6 7B A5 BF 00 E9 99 2D 
 DF 2A BF 24 D0 41 46 72 D5 A2 16 E7 AA 02 2A FF 
 60 F0 27 30 AA D4 3C A0 B4 17 CD 26 BA 24 1B 42 
 5B 34 15 FF 7A C8 5C 8B D0 28 7A 7B A1 A4 5F 35 
 20 8D 2E 5E 80 79 66 71 AB F0 74 88 8C 59 74 D8 
 82 8F 22 D5 CE DB 83 03 55 FD 9F 38 A2 89 E6 BF 
 81 AA 8B F0 FF D5 EC 
 SWTPM_IO_Read: length 14
 80 01 00 00 00 0E 00 00 01 65 80 00 00 01 
    IsEnEnabled(0x165 = 'FlushContext'): 1
 SWTPM_IO_Write: length 10
 80 01 00 00 00 0A 00 00 00 00 
 SWTPM_IO_Read: length 14
 80 01 00 00 00 0E 00 00 01 62 03 00 00 00 
    IsEnEnabled(0x162 = 'ContextSave'): 1
 SWTPM_IO_Write: length 414
 80 01 00 00 01 9E 00 00 00 00 00 00 00 00 00 00 
 00 8D 03 00 00 00 40 00 00 07 01 82 00 40 1B 99 
 27 47 D5 20 A1 77 09 54 D3 91 5B 85 97 90 DE FE 
 AB FB 38 52 13 DE F3 BB DF F1 78 C3 E2 74 40 D1 
 7E 44 90 6A 94 A5 03 C1 AE EB F7 CD A9 06 E5 94 
 05 FB 4C D1 42 49 CE 50 59 58 4F 24 68 C0 6C 4D 
 13 E9 90 3D 9B 3C 69 20 D2 9B DB 28 9C 10 82 0A 
 E7 E7 78 A8 50 54 22 27 7D B3 1A 5A 5D CA 88 AB 
 8C 7C A7 C0 31 67 7E 1F 73 CB AC 53 03 AC 77 13 
 03 42 52 2A 5E 68 BF B7 1F E7 3C 07 5C 18 2E B6 
 AF 06 A5 C0 C5 CF 6E F1 7C 6F 10 BD 00 28 92 C1 
 39 6E 79 71 21 28 27 FA 43 D9 2C 58 0E 46 9B 5A 
 82 DF 36 57 24 BA 2C DF 11 7B A9 48 66 0A 43 55 
 60 ED 4D 20 46 AF 42 A1 2C 49 ED 53 CF B5 93 E3 
 48 C7 5D 9A 42 65 69 15 D3 54 3F F9 9C 59 67 5C 
 36 C4 52 D3 59 C9 E9 8C 6C 9B 49 94 9E 6F 73 E2 
 BA C9 24 C2 45 53 0B E4 E3 4F 82 94 21 F1 D4 84 
 0F 26 AA 36 2D B9 5C DD 5D 75 E6 53 37 C0 DF 1D 
 29 1D 60 F2 00 67 27 5F 8F DF 7E AD A5 18 71 F0 
 E8 A2 45 A7 17 B4 CA BF 50 13 22 18 CB B0 FF 98 
 A2 7F FD 84 E6 58 9F 28 F1 0D E6 79 C0 BC DC FD 
 18 67 9F 09 B3 C3 99 34 D3 23 77 1F 13 BB AF 2B 
 13 FF B6 E1 22 AF 87 18 64 95 2C F3 32 CB 0D C1 
 F7 4A D3 D9 FD 27 79 0A D4 E6 87 EF 0A F4 55 71 
 E4 29 93 DE A4 5A 77 8C FB 0E 58 84 E3 2C 16 29 
 E8 AF 6B 20 3B C5 94 AA CF 47 76 AC 58 F4 
 SWTPM_IO_Read: length 468
 80 01 00 00 01 D4 00 00 01 61 00 00 00 00 00 00 
 00 AA 80 00 00 00 40 00 00 01 01 B8 00 40 A1 1B 
 5B C0 31 B0 7A A4 AB 7C 3B 31 8B 95 BB 47 7E 16 
 E0 1D 31 5A 9A 18 41 4A 60 D2 70 A3 9F 4A 2B 3E 
 FE 5D B1 90 85 04 B1 AE C2 AE C3 1A 7F 97 40 26 
 45 38 AC 56 E6 37 46 9D AA 07 1E 60 18 B9 6C 7B 
 30 36 73 C5 91 DF C9 8D D7 B2 53 34 0C 7F 5C 94 
 72 A7 83 F9 1F 25 1D 3D E8 FC 74 C0 5A E9 2C 0C 
 D9 F0 46 9F 13 4F 81 61 5B DB A8 4C B2 0E 4A 96 
 C0 F1 71 40 67 0C 6C 1A FA EE 22 FA 44 75 57 7F 
 36 A0 DC 5C 3B 9F 23 00 8C 46 AB B6 93 22 4A 57 
 46 3C A7 8C 85 0E D7 D1 58 41 34 E5 6F D5 98 27 
 8C E9 52 5C 7D 5D C5 18 C8 05 02 63 12 E6 E4 AB 
 5C 69 0F 26 D6 FE 99 0D 96 E5 FF 98 C0 B5 7B AB 
 0C 38 3B A0 5D AB A1 27 46 76 53 21 05 A9 4F 29 
 26 34 A9 00 4A F0 97 B1 A7 A3 10 DC C1 6E F3 C1 
 3F 29 7B 53 51 E3 C5 C5 83 5E E4 A8 AA 5D 37 D6 
 55 47 22 38 20 64 78 D7 5F 64 B1 6A 13 81 69 17 
 1D B5 DC 6F 2F F6 E7 40 25 91 76 40 E2 7B 1E 16 
 72 33 A4 EF 3E 1B DE 53 8E A4 8D 76 97 E8 6B 2F 
 48 30 26 94 9D 5A 83 20 CE B4 A8 B7 94 AE E1 E9 
 9A 1E C2 47 30 0D D9 1C 88 CB E5 85 31 A6 21 97 
 31 59 52 89 28 E7 E1 9A 3C 1A CB B3 D3 CB 3A 30 
 40 A2 FB AB 64 63 8C 3C 2C 2A AA 9D 2B 79 08 45 
 50 DB A3 EB E1 5A 25 09 0A 91 50 8D 51 A5 E7 D1 
 DC 14 1B 86 8A 1D DB 7F 07 9A 17 F9 97 3E 18 00 
 BF C4 31 65 43 55 33 B6 52 EA E3 EF EC 5A 49 FA 
 52 DA C9 4D AD DF 09 BB 1D 3E CA 84 42 D6 C3 C2 
 90 8F 3B D1 C5 54 FD 4B 4A 8A 23 5C E0 BE 18 DC 
 EC A7 CC D8 
    IsEnEnabled(0x161 = 'ContextLoad'): 1
 SWTPM_IO_Write: length 14
 80 01 00 00 00 0E 00 00 00 00 80 00 00 00 
 SWTPM_IO_Read: length 519
 80 01 00 00 02 07 00 00 01 61 00 00 00 00 00 00 
 00 AB 80 00 00 00 40 00 00 01 01 EB 00 40 BB AD 
 FA 55 CE D5 1C 12 EA FC 4D 92 CE A6 07 6C D0 30 
 20 F4 18 EA 8C 79 34 63 43 B3 0A FA 24 D0 F5 E1 
 CB EC A9 8D 35 51 DB E8 B1 0D 48 CB 33 A7 D5 EB 
 96 76 B2 99 38 7E D7 27 17 BA 61 82 05 06 69 7A 
 3D 0A 67 71 D9 57 43 8E 5F 11 8F 3D 1F 56 D1 81 
 79 39 4B 4F 17 7A 47 42 BC FB 8F DD 1C 8B F8 96 
 68 D8 DD 3A 3D 25 9F E7 42 90 EA EB 78 EB 44 90 
 3B D8 78 F1 E0 D6 25 BB ED FE 17 4A 46 00 60 C7 
 C3 42 35 C1 30 B3 8D 41 DC 12 14 1C 0F 86 12 A9 
 1F B1 F3 15 99 13 E8 72 1B 4C 28 30 78 C8 85 FE 
 DB C3 82 F7 86 9F 4F 8C E4 B3 CE A8 C3 0D B0 8E 
 42 CE D6 4E 3E AD 09 30 7A EB 7E 36 29 62 CB 31 
 84 E4 37 C3 E4 B5 22 D2 B2 21 E6 E0 ED EC 10 22 
 A1 B8 8C 62 36 6E BF 02 24 3A EF 72 79 E5 BE A4 
 00 1D 74 AA 9D 1F F5 F9 6D 50 BB C8 DA 40 3E F7 
 E2 0D 94 CE AD 45 F3 C8 BA B9 EE 7E 24 F4 AD 39 
 6F 43 D2 58 E5 3F DF 45 22 79 DC 6B 7F 1A 3C 66 
 52 5B 37 D6 56 FF FD 2F B8 2B 35 23 22 7F F2 D0 
 DB 90 74 1F 2B 38 76 F8 F4 C0 3E 91 CD ED CF E2 
 F5 EA 58 2B C9 6D B9 50 F1 18 63 AB D1 93 E6 26 
 3C 4E 5C B9 61 5B E7 1B 92 5D FF E5 0D 20 3D 34 
 48 D5 D8 C7 E7 A2 65 BD 18 69 9F A0 1C 7F 6D C0 
 EE 6D 55 37 55 43 35 0E 67 5F 7F BF 14 01 8A E7 
 87 4E 5A B6 1F 52 7B 63 5A C6 79 3A AD 20 28 8B 
 57 43 B4 60 56 FF 39 CB B6 7B A5 BF 00 E9 99 2D 
 DF 2A BF 24 D0 41 46 72 D5 A2 16 E7 AA 02 2A FF 
 60 F0 27 30 AA D4 3C A0 B4 17 CD 26 BA 24 1B 42 
 5B 34 15 FF 7A C8 5C 8B D0 28 7A 7B A1 A4 5F 35 
 20 8D 2E 5E 80 79 66 71 AB F0 74 88 8C 59 74 D8 
 82 8F 22 D5 CE DB 83 03 55 FD 9F 38 A2 89 E6 BF 
 81 AA 8B F0 FF D5 EC 
    IsEnEnabled(0x161 = 'ContextLoad'): 1
 SWTPM_IO_Write: length 14
 80 01 00 00 00 0E 00 00 00 00 80 00 00 01 
 SWTPM_IO_Read: length 414
 80 01 00 00 01 9E 00 00 01 61 00 00 00 00 00 00 
 00 8D 03 00 00 00 40 00 00 07 01 82 00 40 1B 99 
 27 47 D5 20 A1 77 09 54 D3 91 5B 85 97 90 DE FE 
 AB FB 38 52 13 DE F3 BB DF F1 78 C3 E2 74 40 D1 
 7E 44 90 6A 94 A5 03 C1 AE EB F7 CD A9 06 E5 94 
 05 FB 4C D1 42 49 CE 50 59 58 4F 24 68 C0 6C 4D 
 13 E9 90 3D 9B 3C 69 20 D2 9B DB 28 9C 10 82 0A 
 E7 E7 78 A8 50 54 22 27 7D B3 1A 5A 5D CA 88 AB 
 8C 7C A7 C0 31 67 7E 1F 73 CB AC 53 03 AC 77 13 
 03 42 52 2A 5E 68 BF B7 1F E7 3C 07 5C 18 2E B6 
 AF 06 A5 C0 C5 CF 6E F1 7C 6F 10 BD 00 28 92 C1 
 39 6E 79 71 21 28 27 FA 43 D9 2C 58 0E 46 9B 5A 
 82 DF 36 57 24 BA 2C DF 11 7B A9 48 66 0A 43 55 
 60 ED 4D 20 46 AF 42 A1 2C 49 ED 53 CF B5 93 E3 
 48 C7 5D 9A 42 65 69 15 D3 54 3F F9 9C 59 67 5C 
 36 C4 52 D3 59 C9 E9 8C 6C 9B 49 94 9E 6F 73 E2 
 BA C9 24 C2 45 53 0B E4 E3 4F 82 94 21 F1 D4 84 
 0F 26 AA 36 2D B9 5C DD 5D 75 E6 53 37 C0 DF 1D 
 29 1D 60 F2 00 67 27 5F 8F DF 7E AD A5 18 71 F0 
 E8 A2 45 A7 17 B4 CA BF 50 13 22 18 CB B0 FF 98 
 A2 7F FD 84 E6 58 9F 28 F1 0D E6 79 C0 BC DC FD 
 18 67 9F 09 B3 C3 99 34 D3 23 77 1F 13 BB AF 2B 
 13 FF B6 E1 22 AF 87 18 64 95 2C F3 32 CB 0D C1 
 F7 4A D3 D9 FD 27 79 0A D4 E6 87 EF 0A F4 55 71 
 E4 29 93 DE A4 5A 77 8C FB 0E 58 84 E3 2C 16 29 
 E8 AF 6B 20 3B C5 94 AA CF 47 76 AC 58 F4 
    IsEnEnabled(0x161 = 'ContextLoad'): 1
 SWTPM_IO_Write: length 14
 80 01 00 00 00 0E 00 00 00 00 03 00 00 00 
 SWTPM_IO_Read: length 50
 80 01 00 00 00 32 00 00 01 7D 00 20 12 7C 18 EB 
 A2 30 0E 30 76 7F AF E7 1F 4E 59 75 77 6F 66 5D 
 22 C7 CA 90 17 C7 C2 48 46 B9 6F A1 00 0B 40 00 
 00 01 
    IsEnEnabled(0x17d = 'Hash'): 1
 SWTPM_IO_Write: length 116
 80 01 00 00 00 74 00 00 00 00 00 20 EB F0 DC 8A 
 85 3F 82 93 3F D0 54 6D 88 38 7D A4 5E 42 5C 0E 
 A7 7A 58 91 C5 09 E9 92 36 25 A9 76 80 24 40 00 
 00 01 00 40 AD C0 D5 BF 18 E9 47 4E 4B F4 60 28 
 0E F1 8A 6F 71 45 0B 7A 8D D3 CD 2A 66 D0 A0 D2 
 DD 08 CB E5 41 19 8F BC 50 AD 4F 53 BA 4C 91 0F 
 7D 74 F5 70 DA 60 93 E0 75 36 39 D2 8E AF 22 37 
 FA B2 8B 2D 
 SWTPM_IO_Read: length 14
 80 01 00 00 00 0E 00 00 01 62 80 00 00 00 
    IsEnEnabled(0x162 = 'ContextSave'): 1
 SWTPM_IO_Write: length 468
 80 01 00 00 01 D4 00 00 00 00 00 00 00 00 00 00 
 00 AC 80 00 00 00 40 00 00 01 01 B8 00 40 97 C4 
 36 E7 62 95 67 06 DA AD 7C AC 12 ED A2 54 57 B1 
 42 3E A8 2A 18 6F 3B 0F 20 BC FC C2 3F D6 FA F5 
 55 1F 55 28 5C D4 EA 67 9B 68 69 F6 47 9D 1B A7 
 33 55 6C 1A FA F0 B5 DC D6 8F EA E7 FA 48 1C F9 
 31 E5 4B AC 47 0B 55 1E 09 C7 CC B3 80 CC 93 23 
 E2 20 51 C5 D2 47 F4 18 52 AA BC 45 D7 78 51 1E 
 29 14 64 E7 12 25 8B 8A 03 63 90 2E 84 C2 59 8D 
 A2 56 00 1F 95 10 5B 60 FC 96 11 69 28 6C 20 A8 
 5D 54 05 CA C3 09 BF 7F CC 46 AD 93 24 DD A8 68 
 F8 B0 B0 DE 10 89 6D B8 35 DB 79 7F 69 E6 C8 C6 
 3B 9F 02 94 31 CD 46 3A E3 2A 69 7F 26 D4 74 45 
 2E 1E AE C4 D5 04 E0 49 30 D6 98 FE 61 A1 6B C4 
 AF BE E5 90 8C 30 20 7A C3 B8 27 1F 2A 22 3B AF 
 85 4D 30 49 68 8C 81 64 2D 34 06 1C 14 FA 81 1A 
 5A ED 34 2D 1F 35 85 AE 34 5D F9 7F E4 F8 13 9E 
 50 26 4E 4F F2 4D 67 79 69 9D 0C 52 33 B3 D6 B1 
 DC 54 68 27 AD D6 9C A6 BC B4 0A 90 C7 75 7E D4 
 F4 DD AE 28 E7 A5 E4 81 9E EA 3B C8 C1 80 94 31 
 02 C7 1A A4 32 D1 B5 68 2C EC 76 3A 6F 29 EB 02 
 AD AD 84 56 BD 45 3C 7A 65 A1 B7 37 C5 E6 D2 16 
 0F 3C FF 94 27 9C CF D1 87 AC FC 32 CB D0 7E DE 
 45 5F 65 A5 83 E6 51 43 E2 BD 72 77 D8 AE 45 E3 
 84 30 7C CD 8D 60 E3 C5 85 A5 B8 36 A4 1B 64 79 
 6A D3 6C 4E E0 6F F0 82 69 C0 E0 EE AA E2 2F 26 
 4B 81 E1 86 2C D9 CC F2 AB 94 2E DA FB 4C 42 23 
 85 68 40 41 41 8D 17 B5 56 8A C5 4B F9 59 61 5F 
 4E 93 D1 04 D2 5A 3A 31 90 F6 80 DA D2 F7 70 C9 
 61 FF A9 2F 
 SWTPM_IO_Read: length 14
 80 01 00 00 00 0E 00 00 01 65 80 00 00 00 
    IsEnEnabled(0x165 = 'FlushContext'): 1
 SWTPM_IO_Write: length 10
 80 01 00 00 00 0A 00 00 00 00 
 SWTPM_IO_Read: length 14
 80 01 00 00 00 0E 00 00 01 62 80 00 00 01 
    IsEnEnabled(0x162 = 'ContextSave'): 1
 SWTPM_IO_Write: length 519
 80 01 00 00 02 07 00 00 00 00 00 00 00 00 00 00 
 00 AD 80 00 00 00 40 00 00 01 01 EB 00 40 FD 03 
 A7 3F 2D AF 98 1A 6B 19 BB 5E A6 97 89 35 7D FE 
 11 80 11 80 8A 49 B3 E1 84 66 09 52 14 0B 43 86 
 FA 62 E8 4D DD 14 13 1F 40 68 86 28 24 B0 A0 20 
 DD 2E 1C 2F 3D 77 77 BB F0 A5 9D D3 9F E7 4F 74 
 25 75 10 AE AD 86 1B 33 60 48 7B 6F 86 28 38 C5 
 42 63 5A 01 EB 18 BA 81 76 C5 81 3F 33 53 AC C7 
 5B C2 3F FC AC EC 5C 83 4E E2 13 B0 82 82 EC D9 
 EE DB 6B A6 3B 6A 5B 3A 0B 4C F8 09 9F 0A D0 7C 
 4B 3F 6D 34 EA 7B D3 80 6F 1E 32 EA D1 51 53 8C 
 D5 96 A8 4A 36 A8 D5 CD C8 2B DF 05 C3 E3 2A 2D 
 1F 76 21 B6 96 94 0A 51 3F B5 36 04 D0 30 0F 6B 
 91 E9 5F 93 BC 07 77 5E 8D 62 01 4E 96 1C EC 3D 
 46 47 CA 85 F5 A0 7C A4 6C 9C B9 51 40 F9 7C 69 
 40 D7 9D CF CD 3D E1 1C 55 F1 2E 39 88 0B 98 31 
 01 BE 14 F8 5C 37 C0 8C C9 59 38 A8 BD 78 E4 D9 
 E7 9D B6 98 DB 11 85 1B 82 A4 B1 33 95 FC 72 F7 
 61 64 DC CA FE 26 5C E1 7B E3 55 40 EF F1 33 5D 
 91 70 C5 3D 13 F1 5A 33 49 88 83 59 56 79 C5 23 
 A2 D7 29 B9 17 A5 4B D9 15 59 B5 32 E1 40 C6 8B 
 77 9D 9A F5 98 A6 B7 B4 7E 5B 91 91 9F E8 81 3B 
 DF 05 CE BC 88 C0 0C C9 C7 DE F9 2F 6F A3 8C 10 
 CA E4 91 C2 CF AD 33 1F B9 1F F2 73 13 64 B9 6A 
 6B A9 2F B3 E1 68 BE AA 56 0A 64 73 EC C5 5F 34 
 C8 B1 37 9F 63 6C 82 50 AA FB 2F 46 05 B1 EA 61 
 49 B1 C4 14 E1 E9 D8 BA 9D 85 70 48 B0 FF 40 32 
 6D F7 76 DC 73 2A 11 91 90 D4 D7 C8 4D FA D6 5F 
 5C 37 AC 1F 6A B8 40 1D 90 2E BD 17 E4 DC 27 A3 
 02 B9 C4 66 0E BD 34 D6 CE E4 1D A8 42 FB 24 05 
 5B 8E 75 CB 3F EF B4 35 53 95 10 2D AF 24 91 E2 
 44 4B 97 F3 60 5B C7 5D DB 35 7F D3 29 2D D5 E6 
 A1 A9 D7 B6 C6 11 47 
 SWTPM_IO_Read: length 14
 80 01 00 00 00 0E 00 00 01 65 80 00 00 01 
    IsEnEnabled(0x165 = 'FlushContext'): 1
 SWTPM_IO_Write: length 10
 80 01 00 00 00 0A 00 00 00 00 
 SWTPM_IO_Read: length 14
 80 01 00 00 00 0E 00 00 01 62 03 00 00 00 
    IsEnEnabled(0x162 = 'ContextSave'): 1
 SWTPM_IO_Write: length 414
 80 01 00 00 01 9E 00 00 00 00 00 00 00 00 00 00 
 00 8E 03 00 00 00 40 00 00 07 01 82 00 40 A1 D1 
 68 28 34 84 63 82 B3 E1 E5 D5 EE FB 86 03 C6 51 
 8D 9A A0 A5 D4 6E A6 01 62 94 33 77 1E 7E 47 60 
 35 BD CC A1 3D B4 AA 2E 9F 63 00 14 A0 B2 D0 25 
 3C 4F CF 0B 3B 09 59 BF 28 D8 38 AD B4 14 DA 67 
 D9 8B 8B 7D 98 AF 07 DA 5E FF 2A 5B 1F 41 4C AA 
 4B 7E 20 BA B8 7E E8 99 19 6A 36 55 21 B6 52 1F 
 5C 95 F8 7D 47 39 F2 91 46 16 8E 17 84 84 0F 71 
 4E 0F FE C2 0F F8 25 45 C8 F4 96 88 C1 2E EC 8F 
 F1 F6 6D 7A 88 1A A6 0E F1 45 67 B7 BF DA B6 A7 
 AF F1 84 79 D3 E1 B6 64 A8 CD 76 BA CD 96 FA A0 
 82 DE 5D D3 72 D7 85 84 2E C7 77 C6 B6 AC 71 9C 
 EC D2 52 C1 2D C1 2D 6E BD 02 6A 53 BE 0E 8F 7C 
 A8 61 9E F0 E4 95 E1 E0 6A A7 38 CB E5 88 F0 52 
 92 A8 1C D7 A7 D1 1C B6 DA 9B 11 D9 A0 AA 19 45 
 5E C1 71 4E 48 52 F3 32 28 02 13 A5 46 F9 2D 79 
 CC 39 07 B9 72 07 3E CC BD 4A 0D AA F5 29 94 1B 
 2A 34 67 CB 07 59 FB 7D D2 CA C6 89 96 19 07 C7 
 6A 9C 8C 11 A8 5A 4A 60 D7 8A 03 16 59 00 38 EF 
 48 0D F4 FE 66 F4 D1 39 F8 50 D8 AD 68 C4 63 D0 
 AF 08 F8 A7 00 A1 12 25 67 63 78 DD 08 51 78 BB 
 37 FE 09 FB 71 43 5E 79 BD FD 8D A5 72 AE 2D 85 
 61 42 4F F9 E9 26 AA 21 D5 97 85 08 8A DB 91 12 
 95 3A 45 A5 7B CA 4D 5E 81 21 25 74 5B 70 46 92 
 9A 32 78 4B 34 8E 5D 0A 5E BE AB 58 CE B2 
 SWTPM_IO_Read: length 468
 80 01 00 00 01 D4 00 00 01 61 00 00 00 00 00 00 
 00 AC 80 00 00 00 40 00 00 01 01 B8 00 40 97 C4 
 36 E7 62 95 67 06 DA AD 7C AC 12 ED A2 54 57 B1 
 42 3E A8 2A 18 6F 3B 0F 20 BC FC C2 3F D6 FA F5 
 55 1F 55 28 5C D4 EA 67 9B 68 69 F6 47 9D 1B A7 
 33 55 6C 1A FA F0 B5 DC D6 8F EA E7 FA 48 1C F9 
 31 E5 4B AC 47 0B 55 1E 09 C7 CC B3 80 CC 93 23 
 E2 20 51 C5 D2 47 F4 18 52 AA BC 45 D7 78 51 1E 
 29 14 64 E7 12 25 8B 8A 03 63 90 2E 84 C2 59 8D 
 A2 56 00 1F 95 10 5B 60 FC 96 11 69 28 6C 20 A8 
 5D 54 05 CA C3 09 BF 7F CC 46 AD 93 24 DD A8 68 
 F8 B0 B0 DE 10 89 6D B8 35 DB 79 7F 69 E6 C8 C6 
 3B 9F 02 94 31 CD 46 3A E3 2A 69 7F 26 D4 74 45 
 2E 1E AE C4 D5 04 E0 49 30 D6 98 FE 61 A1 6B C4 
 AF BE E5 90 8C 30 20 7A C3 B8 27 1F 2A 22 3B AF 
 85 4D 30 49 68 8C 81 64 2D 34 06 1C 14 FA 81 1A 
 5A ED 34 2D 1F 35 85 AE 34 5D F9 7F E4 F8 13 9E 
 50 26 4E 4F F2 4D 67 79 69 9D 0C 52 33 B3 D6 B1 
 DC 54 68 27 AD D6 9C A6 BC B4 0A 90 C7 75 7E D4 
 F4 DD AE 28 E7 A5 E4 81 9E EA 3B C8 C1 80 94 31 
 02 C7 1A A4 32 D1 B5 68 2C EC 76 3A 6F 29 EB 02 
 AD AD 84 56 BD 45 3C 7A 65 A1 B7 37 C5 E6 D2 16 
 0F 3C FF 94 27 9C CF D1 87 AC FC 32 CB D0 7E DE 
 45 5F 65 A5 83 E6 51 43 E2 BD 72 77 D8 AE 45 E3 
 84 30 7C CD 8D 60 E3 C5 85 A5 B8 36 A4 1B 64 79 
 6A D3 6C 4E E0 6F F0 82 69 C0 E0 EE AA E2 2F 26 
 4B 81 E1 86 2C D9 CC F2 AB 94 2E DA FB 4C 42 23 
 85 68 40 41 41 8D 17 B5 56 8A C5 4B F9 59 61 5F 
 4E 93 D1 04 D2 5A 3A 31 90 F6 80 DA D2 F7 70 C9 
 61 FF A9 2F 
    IsEnEnabled(0x161 = 'ContextLoad'): 1
 SWTPM_IO_Write: length 14
 80 01 00 00 00 0E 00 00 00 00 80 00 00 00 
 SWTPM_IO_Read: length 519
 80 01 00 00 02 07 00 00 01 61 00 00 00 00 00 00 
 00 AD 80 00 00 00 40 00 00 01 01 EB 00 40 FD 03 
 A7 3F 2D AF 98 1A 6B 19 BB 5E A6 97 89 35 7D FE 
 11 80 11 80 8A 49 B3 E1 84 66 09 52 14 0B 43 86 
 FA 62 E8 4D DD 14 13 1F 40 68 86 28 24 B0 A0 20 
 DD 2E 1C 2F 3D 77 77 BB F0 A5 9D D3 9F E7 4F 74 
 25 75 10 AE AD 86 1B 33 60 48 7B 6F 86 28 38 C5 
 42 63 5A 01 EB 18 BA 81 76 C5 81 3F 33 53 AC C7 
 5B C2 3F FC AC EC 5C 83 4E E2 13 B0 82 82 EC D9 
 EE DB 6B A6 3B 6A 5B 3A 0B 4C F8 09 9F 0A D0 7C 
 4B 3F 6D 34 EA 7B D3 80 6F 1E 32 EA D1 51 53 8C 
 D5 96 A8 4A 36 A8 D5 CD C8 2B DF 05 C3 E3 2A 2D 
 1F 76 21 B6 96 94 0A 51 3F B5 36 04 D0 30 0F 6B 
 91 E9 5F 93 BC 07 77 5E 8D 62 01 4E 96 1C EC 3D 
 46 47 CA 85 F5 A0 7C A4 6C 9C B9 51 40 F9 7C 69 
 40 D7 9D CF CD 3D E1 1C 55 F1 2E 39 88 0B 98 31 
 01 BE 14 F8 5C 37 C0 8C C9 59 38 A8 BD 78 E4 D9 
 E7 9D B6 98 DB 11 85 1B 82 A4 B1 33 95 FC 72 F7 
 61 64 DC CA FE 26 5C E1 7B E3 55 40 EF F1 33 5D 
 91 70 C5 3D 13 F1 5A 33 49 88 83 59 56 79 C5 23 
 A2 D7 29 B9 17 A5 4B D9 15 59 B5 32 E1 40 C6 8B 
 77 9D 9A F5 98 A6 B7 B4 7E 5B 91 91 9F E8 81 3B 
 DF 05 CE BC 88 C0 0C C9 C7 DE F9 2F 6F A3 8C 10 
 CA E4 91 C2 CF AD 33 1F B9 1F F2 73 13 64 B9 6A 
 6B A9 2F B3 E1 68 BE AA 56 0A 64 73 EC C5 5F 34 
 C8 B1 37 9F 63 6C 82 50 AA FB 2F 46 05 B1 EA 61 
 49 B1 C4 14 E1 E9 D8 BA 9D 85 70 48 B0 FF 40 32 
 6D F7 76 DC 73 2A 11 91 90 D4 D7 C8 4D FA D6 5F 
 5C 37 AC 1F 6A B8 40 1D 90 2E BD 17 E4 DC 27 A3 
 02 B9 C4 66 0E BD 34 D6 CE E4 1D A8 42 FB 24 05 
 5B 8E 75 CB 3F EF B4 35 53 95 10 2D AF 24 91 E2 
 44 4B 97 F3 60 5B C7 5D DB 35 7F D3 29 2D D5 E6 
 A1 A9 D7 B6 C6 11 47 
    IsEnEnabled(0x161 = 'ContextLoad'): 1
 SWTPM_IO_Write: length 14
 80 01 00 00 00 0E 00 00 00 00 80 00 00 01 
 SWTPM_IO_Read: length 414
 80 01 00 00 01 9E 00 00 01 61 00 00 00 00 00 00 
 00 8E 03 00 00 00 40 00 00 07 01 82 00 40 A1 D1 
 68 28 34 84 63 82 B3 E1 E5 D5 EE FB 86 03 C6 51 
 8D 9A A0 A5 D4 6E A6 01 62 94 33 77 1E 7E 47 60 
 35 BD CC A1 3D B4 AA 2E 9F 63 00 14 A0 B2 D0 25 
 3C 4F CF 0B 3B 09 59 BF 28 D8 38 AD B4 14 DA 67 
 D9 8B 8B 7D 98 AF 07 DA 5E FF 2A 5B 1F 41 4C AA 
 4B 7E 20 BA B8 7E E8 99 19 6A 36 55 21 B6 52 1F 
 5C 95 F8 7D 47 39 F2 91 46 16 8E 17 84 84 0F 71 
 4E 0F FE C2 0F F8 25 45 C8 F4 96 88 C1 2E EC 8F 
 F1 F6 6D 7A 88 1A A6 0E F1 45 67 B7 BF DA B6 A7 
 AF F1 84 79 D3 E1 B6 64 A8 CD 76 BA CD 96 FA A0 
 82 DE 5D D3 72 D7 85 84 2E C7 77 C6 B6 AC 71 9C 
 EC D2 52 C1 2D C1 2D 6E BD 02 6A 53 BE 0E 8F 7C 
 A8 61 9E F0 E4 95 E1 E0 6A A7 38 CB E5 88 F0 52 
 92 A8 1C D7 A7 D1 1C B6 DA 9B 11 D9 A0 AA 19 45 
 5E C1 71 4E 48 52 F3 32 28 02 13 A5 46 F9 2D 79 
 CC 39 07 B9 72 07 3E CC BD 4A 0D AA F5 29 94 1B 
 2A 34 67 CB 07 59 FB 7D D2 CA C6 89 96 19 07 C7 
 6A 9C 8C 11 A8 5A 4A 60 D7 8A 03 16 59 00 38 EF 
 48 0D F4 FE 66 F4 D1 39 F8 50 D8 AD 68 C4 63 D0 
 AF 08 F8 A7 00 A1 12 25 67 63 78 DD 08 51 78 BB 
 37 FE 09 FB 71 43 5E 79 BD FD 8D A5 72 AE 2D 85 
 61 42 4F F9 E9 26 AA 21 D5 97 85 08 8A DB 91 12 
 95 3A 45 A5 7B CA 4D 5E 81 21 25 74 5B 70 46 92 
 9A 32 78 4B 34 8E 5D 0A 5E BE AB 58 CE B2 
    IsEnEnabled(0x161 = 'ContextLoad'): 1
 SWTPM_IO_Write: length 14
 80 01 00 00 00 0E 00 00 00 00 03 00 00 00 
 SWTPM_IO_Read: length 58
 80 01 00 00 00 3A 00 00 01 7F 03 00 00 00 00 20 
 EB F0 DC 8A 85 3F 82 93 3F D0 54 6D 88 38 7D A4 
 5E 42 5C 0E A7 7A 58 91 C5 09 E9 92 36 25 A9 76 
 00 00 00 01 00 0B 03 80 00 00 
    IsEnEnabled(0x17f = 'PolicyPCR'): 1
 SWTPM_IO_Write: length 10
 80 01 00 00 00 0A 00 00 00 00 
 SWTPM_IO_Read: length 14
 80 01 00 00 00 0E 00 00 01 62 80 00 00 00 
    IsEnEnabled(0x162 = 'ContextSave'): 1
 SWTPM_IO_Write: length 468
 80 01 00 00 01 D4 00 00 00 00 00 00 00 00 00 00 
 00 AE 80 00 00 00 40 00 00 01 01 B8 00 40 D1 E0 
 82 72 9B EE 57 05 EB DE D9 F5 E9 99 A2 58 E9 73 
 80 C3 E2 56 39 B2 54 8E 92 B9 ED 7E 78 FE FC 3E 
 87 D1 44 6F EB 7D 0C 54 FF 63 1C 33 CD 2B 5B 70 
 43 BF 38 F7 08 37 45 CD F8 91 0A B7 E4 8A 8A ED 
 31 09 EB E6 6A 42 59 BF 56 21 AE 75 7C B9 A8 E0 
 E5 99 9E B0 F0 E7 9B BD 77 00 57 63 9E D2 9E DB 
 EA 28 8F 54 38 81 57 AE 1A 57 5E 40 44 49 B1 D8 
 59 00 41 14 8E 3E 82 6E 2A E1 8E 98 75 8A 75 59 
 4A B5 A9 6E 99 CF F4 E9 D8 2B DA E4 13 42 EC 86 
 13 35 07 16 34 06 DF 69 9A 39 C3 9F 44 B0 27 19 
 24 5F 3F 00 C7 FF B0 0B 00 16 E1 0C 6C 6E F7 27 
 D2 D0 96 53 CA A8 40 C5 95 8E 57 09 BE 6F 96 BC 
 14 C9 3F 67 89 E6 CD 61 28 D8 A1 B8 99 32 0D A0 
 11 53 F5 B7 06 35 8C 00 A4 5A 63 1E 83 9C 1C 3F 
 B9 C3 62 98 81 E7 89 A2 13 95 52 7B 40 EA 73 95 
 AE 73 25 44 A5 EE 8C 0D C7 A8 F6 51 37 C6 73 45 
 C3 B7 B0 7B 37 D1 5C 5E 82 09 92 14 1A 8B 11 4E 
 5D 10 9C 48 CD 4A 3E B8 CD AD 9B 6B FD CB F2 E2 
 53 4F 26 B5 60 22 31 14 60 10 06 B8 47 9C 4C 9E 
 9F 81 B1 D9 E4 EA 16 D5 24 FE 0D F7 C3 01 BA B8 
 2E 1F C7 D6 C4 51 2D 1A 82 5C 3F 0D 89 24 EB 8E 
 C3 66 27 73 06 99 B2 1A 16 0C A5 26 9B 9F 45 CE 
 A9 EC 45 78 53 EA 6E 63 E8 6D C0 68 83 E3 04 C2 
 AC AF BD EF FD F4 04 5E E7 2B EC 32 4D CD 31 71 
 7F 13 2B 3C 23 18 EB 4D 6E B3 E6 E4 BD 94 ED 85 
 4F AE FA AF A5 A0 78 9C 49 A7 2F B7 94 CB AC 84 
 50 C5 DF B0 4F 38 70 8A F4 F2 0D AB CF 8F 8F 9F 
 E7 AC 77 26 
 SWTPM_IO_Read: length 14
 80 01 00 00 00 0E 00 00 01 65 80 00 00 00 
    IsEnEnabled(0x165 = 'FlushContext'): 1
 SWTPM_IO_Write: length 10
 80 01 00 00 00 0A 00 00 00 00 
 SWTPM_IO_Read: length 14
 80 01 00 00 00 0E 00 00 01 62 80 00 00 01 
    IsEnEnabled(0x162 = 'ContextSave'): 1
 SWTPM_IO_Write: length 519
 80 01 00 00 02 07 00 00 00 00 00 00 00 00 00 00 
 00 AF 80 00 00 00 40 00 00 01 01 EB 00 40 28 2A 
 C6 F6 E4 4E 31 93 A3 C4 DB AC 3F 47 4B D6 28 CB 
 FD 15 BC 56 1C 56 AF 09 14 74 D3 BC 5A 6A 01 C7 
 17 EC 32 E2 7B C6 4D 2B A5 1E C3 37 F0 88 2F 19 
 B3 E3 3E D4 BD 7F 2A 5A 4A 2D 2E DC BB C0 1F 65 
 5B 24 CB AB 5F E0 03 C1 41 A7 AA C4 20 87 10 3C 
 C5 49 1B 1B 41 A0 09 1D 55 11 82 E6 33 97 1A D0 
 81 84 FF 03 C3 6D 89 79 0D A6 01 60 A8 2C CB 11 
 DD 13 11 6F 07 16 F2 01 79 4B 61 EA 90 F1 94 8A 
 70 CA 74 B8 23 77 81 AF FB 23 B2 85 0E 0B ED A2 
 C9 67 79 A5 73 B2 C0 D3 F8 44 E4 01 CC 83 D3 E7 
 80 FB 8C 0F 5A 42 8A EB F2 F8 59 D5 DD EF 2C 61 
 16 6F 18 BB 56 9A D4 B7 13 44 DC 8C C4 19 63 1A 
 39 EB 41 2F 50 94 35 F5 A5 91 96 2B 22 10 BB AB 
 BA 51 87 E9 48 4F 62 B2 76 7D 05 AE A5 02 00 8B 
 AA 1F E9 BE BA 14 E7 BE 89 95 79 C2 2E FA C0 DF 
 83 E6 80 20 CE A3 99 C3 F5 19 B5 F2 75 34 BE 60 
 66 88 D0 1C 72 F4 0D 7D 57 9D C3 40 4F CB 83 65 
 84 1B 46 11 6C 1B 01 57 C4 53 9D 81 38 8C 13 60 
 15 A1 E9 F8 DE 20 65 92 09 8B 87 12 DB 3A E6 46 
 DD 53 DF 1F B5 C9 5D 4E CC A6 AB 29 E2 EC 74 F7 
 91 42 3E 15 EF 29 0A 9C D3 01 8F 5C 18 A5 94 28 
 5B 37 1D 93 DA EE 83 7B F1 E9 92 C3 61 9E A3 DC 
 07 67 18 6B B1 5A D4 D6 E3 A4 93 1F 4D 87 D7 1A 
 6C EA 90 B7 B2 3C 68 71 4C 54 AE F3 37 F6 83 83 
 10 6A 67 C0 69 EC 52 AA C9 96 3F 1F C2 F9 6F 6F 
 1B 99 CC 30 B6 1A 0A 3E 5E 8A 57 64 E4 F1 1F 5C 
 C1 F1 44 C3 72 F0 5E DA 6E C6 93 8E B9 A7 E8 F4 
 13 9A F0 88 9A 06 6D 1B D7 B7 3E 98 37 71 B3 41 
 FF F7 69 E5 8A 42 CE 7A E2 E4 DF 30 A2 A5 56 3D 
 A1 8D 66 F3 03 85 49 FF 0C D7 B3 21 29 3D A3 69 
 D5 A0 29 57 4E 0B C9 
 SWTPM_IO_Read: length 14
 80 01 00 00 00 0E 00 00 01 65 80 00 00 01 
    IsEnEnabled(0x165 = 'FlushContext'): 1
 SWTPM_IO_Write: length 10
 80 01 00 00 00 0A 00 00 00 00 
 SWTPM_IO_Read: length 14
 80 01 00 00 00 0E 00 00 01 62 03 00 00 00 
    IsEnEnabled(0x162 = 'ContextSave'): 1
 SWTPM_IO_Write: length 414
 80 01 00 00 01 9E 00 00 00 00 00 00 00 00 00 00 
 00 8F 03 00 00 00 40 00 00 07 01 82 00 40 94 B9 
 B4 9C 0C 05 60 50 1D DF 8A 56 44 C8 49 BD FF 00 
 E5 B6 89 04 6E 2B 13 39 DF 75 51 CB 40 3B A3 A4 
 20 FA DF 4F FD CB 6C D2 9A 2D 4F 6E 10 8B E3 34 
 E4 F5 AC 8C 55 7C 60 5D AB 73 C2 09 E9 A4 56 C6 
 4A BA 8E 7C 82 BB 45 07 87 64 E8 E6 3A F2 43 7C 
 EB B7 39 5E 87 82 7F 00 8B EF 04 D2 A1 D9 DA E9 
 FA 78 E1 BB 8E FF DB 8B 22 63 4B 5F 1F 50 F8 C3 
 24 4F 60 21 E2 70 E7 2C A8 96 35 60 0E 24 A0 62 
 2C 39 B9 C5 AB 57 F3 1C 0A A7 4E A5 40 11 B5 C4 
 F5 28 5C B8 B6 39 7B 8D 8A E5 AD 69 84 14 A6 47 
 3F 80 19 CB 65 C9 59 EA 78 FD 7F 15 C4 F5 E1 C0 
 45 30 9C BE 0E 91 DC D9 15 C1 20 40 88 38 EF 94 
 BB EB CE 91 2D 5E D3 F0 77 A1 65 1E 15 F7 96 B4 
 91 F1 F4 65 B1 25 1D 86 E0 AE EE 6E 69 CF 3B 40 
 7D FA 54 F2 BB 51 49 38 E9 93 29 37 DA E0 4C C0 
 F9 AA 90 68 34 70 87 E2 6F 55 13 11 EC 14 E1 CE 
 98 7A ED 91 11 89 0D 57 60 D4 D7 4B 3C 91 2C D5 
 60 85 11 EF FC 6B 72 D5 83 08 73 A9 B4 49 73 4E 
 09 88 84 52 B4 F4 C4 CB 4B D9 4F 8D 0D 3B 02 7A 
 2C B2 E0 28 7B 6A 76 99 19 A5 48 FB DE B5 7B FC 
 BD A9 0D 82 A1 A0 E7 DA B2 93 02 0F 4A C7 39 C1 
 08 E2 96 86 6C EF F2 60 5E 8E AA D1 3F D8 C1 75 
 97 43 B6 86 F8 48 27 BD C9 16 D6 15 B9 92 D1 60 
 1A 4C 79 64 06 8E FC 51 0F 70 DF 0D 84 8B 
 SWTPM_IO_Read: length 468
 80 01 00 00 01 D4 00 00 01 61 00 00 00 00 00 00 
 00 AE 80 00 00 00 40 00 00 01 01 B8 00 40 D1 E0 
 82 72 9B EE 57 05 EB DE D9 F5 E9 99 A2 58 E9 73 
 80 C3 E2 56 39 B2 54 8E 92 B9 ED 7E 78 FE FC 3E 
 87 D1 44 6F EB 7D 0C 54 FF 63 1C 33 CD 2B 5B 70 
 43 BF 38 F7 08 37 45 CD F8 91 0A B7 E4 8A 8A ED 
 31 09 EB E6 6A 42 59 BF 56 21 AE 75 7C B9 A8 E0 
 E5 99 9E B0 F0 E7 9B BD 77 00 57 63 9E D2 9E DB 
 EA 28 8F 54 38 81 57 AE 1A 57 5E 40 44 49 B1 D8 
 59 00 41 14 8E 3E 82 6E 2A E1 8E 98 75 8A 75 59 
 4A B5 A9 6E 99 CF F4 E9 D8 2B DA E4 13 42 EC 86 
 13 35 07 16 34 06 DF 69 9A 39 C3 9F 44 B0 27 19 
 24 5F 3F 00 C7 FF B0 0B 00 16 E1 0C 6C 6E F7 27 
 D2 D0 96 53 CA A8 40 C5 95 8E 57 09 BE 6F 96 BC 
 14 C9 3F 67 89 E6 CD 61 28 D8 A1 B8 99 32 0D A0 
 11 53 F5 B7 06 35 8C 00 A4 5A 63 1E 83 9C 1C 3F 
 B9 C3 62 98 81 E7 89 A2 13 95 52 7B 40 EA 73 95 
 AE 73 25 44 A5 EE 8C 0D C7 A8 F6 51 37 C6 73 45 
 C3 B7 B0 7B 37 D1 5C 5E 82 09 92 14 1A 8B 11 4E 
 5D 10 9C 48 CD 4A 3E B8 CD AD 9B 6B FD CB F2 E2 
 53 4F 26 B5 60 22 31 14 60 10 06 B8 47 9C 4C 9E 
 9F 81 B1 D9 E4 EA 16 D5 24 FE 0D F7 C3 01 BA B8 
 2E 1F C7 D6 C4 51 2D 1A 82 5C 3F 0D 89 24 EB 8E 
 C3 66 27 73 06 99 B2 1A 16 0C A5 26 9B 9F 45 CE 
 A9 EC 45 78 53 EA 6E 63 E8 6D C0 68 83 E3 04 C2 
 AC AF BD EF FD F4 04 5E E7 2B EC 32 4D CD 31 71 
 7F 13 2B 3C 23 18 EB 4D 6E B3 E6 E4 BD 94 ED 85 
 4F AE FA AF A5 A0 78 9C 49 A7 2F B7 94 CB AC 84 
 50 C5 DF B0 4F 38 70 8A F4 F2 0D AB CF 8F 8F 9F 
 E7 AC 77 26 
    IsEnEnabled(0x161 = 'ContextLoad'): 1
 SWTPM_IO_Write: length 14
 80 01 00 00 00 0E 00 00 00 00 80 00 00 00 
 SWTPM_IO_Read: length 519
 80 01 00 00 02 07 00 00 01 61 00 00 00 00 00 00 
 00 AF 80 00 00 00 40 00 00 01 01 EB 00 40 28 2A 
 C6 F6 E4 4E 31 93 A3 C4 DB AC 3F 47 4B D6 28 CB 
 FD 15 BC 56 1C 56 AF 09 14 74 D3 BC 5A 6A 01 C7 
 17 EC 32 E2 7B C6 4D 2B A5 1E C3 37 F0 88 2F 19 
 B3 E3 3E D4 BD 7F 2A 5A 4A 2D 2E DC BB C0 1F 65 
 5B 24 CB AB 5F E0 03 C1 41 A7 AA C4 20 87 10 3C 
 C5 49 1B 1B 41 A0 09 1D 55 11 82 E6 33 97 1A D0 
 81 84 FF 03 C3 6D 89 79 0D A6 01 60 A8 2C CB 11 
 DD 13 11 6F 07 16 F2 01 79 4B 61 EA 90 F1 94 8A 
 70 CA 74 B8 23 77 81 AF FB 23 B2 85 0E 0B ED A2 
 C9 67 79 A5 73 B2 C0 D3 F8 44 E4 01 CC 83 D3 E7 
 80 FB 8C 0F 5A 42 8A EB F2 F8 59 D5 DD EF 2C 61 
 16 6F 18 BB 56 9A D4 B7 13 44 DC 8C C4 19 63 1A 
 39 EB 41 2F 50 94 35 F5 A5 91 96 2B 22 10 BB AB 
 BA 51 87 E9 48 4F 62 B2 76 7D 05 AE A5 02 00 8B 
 AA 1F E9 BE BA 14 E7 BE 89 95 79 C2 2E FA C0 DF 
 83 E6 80 20 CE A3 99 C3 F5 19 B5 F2 75 34 BE 60 
 66 88 D0 1C 72 F4 0D 7D 57 9D C3 40 4F CB 83 65 
 84 1B 46 11 6C 1B 01 57 C4 53 9D 81 38 8C 13 60 
 15 A1 E9 F8 DE 20 65 92 09 8B 87 12 DB 3A E6 46 
 DD 53 DF 1F B5 C9 5D 4E CC A6 AB 29 E2 EC 74 F7 
 91 42 3E 15 EF 29 0A 9C D3 01 8F 5C 18 A5 94 28 
 5B 37 1D 93 DA EE 83 7B F1 E9 92 C3 61 9E A3 DC 
 07 67 18 6B B1 5A D4 D6 E3 A4 93 1F 4D 87 D7 1A 
 6C EA 90 B7 B2 3C 68 71 4C 54 AE F3 37 F6 83 83 
 10 6A 67 C0 69 EC 52 AA C9 96 3F 1F C2 F9 6F 6F 
 1B 99 CC 30 B6 1A 0A 3E 5E 8A 57 64 E4 F1 1F 5C 
 C1 F1 44 C3 72 F0 5E DA 6E C6 93 8E B9 A7 E8 F4 
 13 9A F0 88 9A 06 6D 1B D7 B7 3E 98 37 71 B3 41 
 FF F7 69 E5 8A 42 CE 7A E2 E4 DF 30 A2 A5 56 3D 
 A1 8D 66 F3 03 85 49 FF 0C D7 B3 21 29 3D A3 69 
 D5 A0 29 57 4E 0B C9 
    IsEnEnabled(0x161 = 'ContextLoad'): 1
 SWTPM_IO_Write: length 14
 80 01 00 00 00 0E 00 00 00 00 80 00 00 01 
 SWTPM_IO_Read: length 414
 80 01 00 00 01 9E 00 00 01 61 00 00 00 00 00 00 
 00 8F 03 00 00 00 40 00 00 07 01 82 00 40 94 B9 
 B4 9C 0C 05 60 50 1D DF 8A 56 44 C8 49 BD FF 00 
 E5 B6 89 04 6E 2B 13 39 DF 75 51 CB 40 3B A3 A4 
 20 FA DF 4F FD CB 6C D2 9A 2D 4F 6E 10 8B E3 34 
 E4 F5 AC 8C 55 7C 60 5D AB 73 C2 09 E9 A4 56 C6 
 4A BA 8E 7C 82 BB 45 07 87 64 E8 E6 3A F2 43 7C 
 EB B7 39 5E 87 82 7F 00 8B EF 04 D2 A1 D9 DA E9 
 FA 78 E1 BB 8E FF DB 8B 22 63 4B 5F 1F 50 F8 C3 
 24 4F 60 21 E2 70 E7 2C A8 96 35 60 0E 24 A0 62 
 2C 39 B9 C5 AB 57 F3 1C 0A A7 4E A5 40 11 B5 C4 
 F5 28 5C B8 B6 39 7B 8D 8A E5 AD 69 84 14 A6 47 
 3F 80 19 CB 65 C9 59 EA 78 FD 7F 15 C4 F5 E1 C0 
 45 30 9C BE 0E 91 DC D9 15 C1 20 40 88 38 EF 94 
 BB EB CE 91 2D 5E D3 F0 77 A1 65 1E 15 F7 96 B4 
 91 F1 F4 65 B1 25 1D 86 E0 AE EE 6E 69 CF 3B 40 
 7D FA 54 F2 BB 51 49 38 E9 93 29 37 DA E0 4C C0 
 F9 AA 90 68 34 70 87 E2 6F 55 13 11 EC 14 E1 CE 
 98 7A ED 91 11 89 0D 57 60 D4 D7 4B 3C 91 2C D5 
 60 85 11 EF FC 6B 72 D5 83 08 73 A9 B4 49 73 4E 
 09 88 84 52 B4 F4 C4 CB 4B D9 4F 8D 0D 3B 02 7A 
 2C B2 E0 28 7B 6A 76 99 19 A5 48 FB DE B5 7B FC 
 BD A9 0D 82 A1 A0 E7 DA B2 93 02 0F 4A C7 39 C1 
 08 E2 96 86 6C EF F2 60 5E 8E AA D1 3F D8 C1 75 
 97 43 B6 86 F8 48 27 BD C9 16 D6 15 B9 92 D1 60 
 1A 4C 79 64 06 8E FC 51 0F 70 DF 0D 84 8B 
    IsEnEnabled(0x161 = 'ContextLoad'): 1
 SWTPM_IO_Write: length 14
 80 01 00 00 00 0E 00 00 00 00 03 00 00 00 
 SWTPM_IO_Read: length 14
 80 01 00 00 00 0E 00 00 01 89 03 00 00 00 
    IsEnEnabled(0x189 = 'PolicyGetDigest'): 1
 SWTPM_IO_Write: length 44
 80 01 00 00 00 2C 00 00 00 00 00 20 8C 3D 9B 87 
 D9 B8 F1 BA BA BE AB D7 0D CB D3 E3 A3 4C C2 A8 
 5F 70 02 DB 5E 28 2F 48 BD EE 16 17 
 SWTPM_IO_Read: length 14
 80 01 00 00 00 0E 00 00 01 62 80 00 00 00 
    IsEnEnabled(0x162 = 'ContextSave'): 1
 SWTPM_IO_Write: length 468
 80 01 00 00 01 D4 00 00 00 00 00 00 00 00 00 00 
 00 B0 80 00 00 00 40 00 00 01 01 B8 00 40 53 82 
 50 D4 AF A1 1C F7 80 EF 28 38 F9 E8 FF 41 BB B4 
 C8 91 A4 76 7C 07 DB 5F 82 7C F4 B6 03 B5 FD 5A 
 12 C9 0D 97 59 E0 F0 69 45 85 92 B5 30 E7 E8 76 
 70 04 66 D5 01 4E C6 1E 8C 6A 82 0E F3 A2 23 9E 
 7F 0D 7D 9F 65 AA 22 5B AD 7C 79 68 CF 33 4C F2 
 C4 15 B2 9F 9F 21 EA 81 3C 65 15 AD C5 B7 FA 16 
 50 57 CD 61 04 4F CB 39 1C 93 08 CA E7 02 DD AD 
 76 D3 F0 4A F3 6C 49 23 DD AA E6 A4 E8 60 30 09 
 49 54 3E 96 23 E6 41 20 81 F3 18 AE BC 50 91 30 
 03 2A BC DA 30 2E 60 A0 71 79 24 B4 3E 48 70 F2 
 44 D5 81 45 65 00 C4 99 A7 B0 7D EF 87 C0 BF 0B 
 AD E3 13 AC 39 2D 58 61 66 02 1C 15 46 62 EF 3F 
 45 44 D2 5B 1F 0D DF A9 23 55 76 F9 9B E2 14 84 
 24 DA 36 00 F1 51 D9 8E E3 AC A7 95 82 0C E3 C7 
 FA F9 1D BF 10 16 95 AB 3A A6 61 51 CE 63 87 70 
 AB F5 C7 83 FD B3 78 CE 7D 6F 7F 79 A2 8C 57 03 
 59 5B 65 0A 3D D2 C9 36 AE 65 19 47 D2 98 F5 8F 
 62 C6 7E 6D 30 D2 9E 5B 20 B8 45 47 BB 42 D7 8E 
 0B 22 5E 22 9A 78 A5 9F 33 31 5B 14 81 68 DA ED 
 05 BE C5 5B BC 18 2D 27 B1 0B 4B EC C5 64 B5 8B 
 42 1F 27 07 64 89 00 6C 22 6B 8E 84 BE DF 4F CB 
 9B 61 3D 2F 06 D0 7C 72 D6 02 C5 CB 1D 99 4E 10 
 A6 DD B8 3F F2 F1 F0 69 08 65 3F 48 C4 56 33 98 
 24 46 33 0F DF 2E C7 01 E8 E4 E8 3D 71 5D 1F E0 
 E2 24 A5 2A A2 C2 37 BC E7 2C 96 CB D2 B7 26 B8 
 3C 6B 25 A5 A1 89 58 99 DA AF B3 73 0C 03 E4 E6 
 0A 02 71 5B CA 44 F8 5F BE 99 FE A9 27 30 4A 09 
 C0 5F D7 0F 
 SWTPM_IO_Read: length 14
 80 01 00 00 00 0E 00 00 01 65 80 00 00 00 
    IsEnEnabled(0x165 = 'FlushContext'): 1
 SWTPM_IO_Write: length 10
 80 01 00 00 00 0A 00 00 00 00 
 SWTPM_IO_Read: length 14
 80 01 00 00 00 0E 00 00 01 62 80 00 00 01 
    IsEnEnabled(0x162 = 'ContextSave'): 1
 SWTPM_IO_Write: length 519
 80 01 00 00 02 07 00 00 00 00 00 00 00 00 00 00 
 00 B1 80 00 00 00 40 00 00 01 01 EB 00 40 1E A3 
 92 AE F7 09 A3 BE 59 6C BA B1 45 09 A9 84 FE 09 
 E0 83 69 F6 F8 2A EE B4 5F 2C D1 CD F6 7C 97 F6 
 BC 56 EA 55 C2 93 75 EE 63 09 01 47 F0 A1 93 87 
 23 7D DC 5A D2 FE 52 15 00 A3 56 46 57 63 E0 38 
 A3 A2 7C 28 7F CB 64 F7 02 DE 9B E0 44 43 47 8F 
 15 85 33 01 27 D2 F9 76 C9 3D A2 8F 09 0D A0 31 
 8A B9 EC 94 F3 EE A4 34 16 80 52 C6 FB 9D 74 F5 
 D9 C5 6B 21 97 EE E9 41 80 6F 46 7E 8A CE D6 B2 
 95 FF F3 E2 33 3C 1E 3A CC E8 55 35 63 8C 8C 3F 
 4D 8D C0 9C 6F F9 28 57 CE 0D 6D 89 73 03 BC 5B 
 F7 38 58 69 69 BD 50 EE 00 96 A9 0B 99 72 CC 7D 
 1F C0 B3 B2 3D 5C 3B 55 A3 9E F3 04 00 85 DA 24 
 34 37 64 9F EA 4F 36 83 73 F7 48 39 16 49 71 16 
 EF 2A 5A 30 0D F4 6D CA 2A 22 B5 F2 D4 59 AE 12 
 7B 48 4C 5F BD F7 82 7B CC B3 E4 14 67 8B D7 00 
 CF 8D 24 BF 54 5B D5 92 06 A3 22 54 C8 DB 00 22 
 ED 16 FE 04 8F 10 E3 46 FC 9C 23 A2 2D 3E 96 F3 
 5E C6 E3 4A 89 B4 01 6C D9 8B 4A 3E 53 94 AB B6 
 DC 75 BC 4D CE 74 4D 05 45 12 57 56 2E EA 89 4B 
 FF E1 F8 87 59 05 58 87 AC C3 98 7B 15 D4 B7 1D 
 22 52 7F 42 54 CE 11 40 7E D6 5F 83 D4 99 B5 A1 
 12 FD EB D8 A6 8D C9 61 FF 6F 35 B5 B2 54 8C 10 
 CA A6 2F 40 3B 96 9A 46 52 39 A1 0B 55 6E 04 DF 
 73 D4 D3 67 8F 13 1A E5 95 38 DB BF F3 57 F5 98 
 5E 99 85 98 09 F6 C9 F7 75 F2 D8 D4 6D 3A AD 71 
 FA AD 52 F8 97 C5 FA CD 55 54 E5 B5 9F 66 A2 AC 
 5B B5 66 82 87 FB B0 85 94 70 79 80 D0 9A 1C B3 
 F0 8E 35 EA B9 E5 C2 88 65 C5 04 F3 F0 4A 52 83 
 09 BA 22 24 27 30 FF 9B 21 86 08 CC FA 1D DA 31 
 7D 12 92 2A 60 06 88 8C 9D 29 76 D3 3B 96 E8 6B 
 B1 83 D2 4C 05 3E CD 
 SWTPM_IO_Read: length 14
 80 01 00 00 00 0E 00 00 01 65 80 00 00 01 
    IsEnEnabled(0x165 = 'FlushContext'): 1
 SWTPM_IO_Write: length 10
 80 01 00 00 00 0A 00 00 00 00 
 SWTPM_IO_Read: length 14
 80 01 00 00 00 0E 00 00 01 62 03 00 00 00 
    IsEnEnabled(0x162 = 'ContextSave'): 1
 SWTPM_IO_Write: length 414
 80 01 00 00 01 9E 00 00 00 00 00 00 00 00 00 00 
 00 90 03 00 00 00 40 00 00 07 01 82 00 40 1F 4B 
 94 4F 13 1E 65 10 42 E3 20 DA 67 B9 F6 F1 BA 71 
 36 E6 DD 5F 8C C7 88 44 30 A9 C8 7E 40 7C 56 9B 
 77 A9 C1 7C 04 F7 45 DF F8 45 D5 A3 F6 CB A2 45 
 CE 63 17 CC 3E C1 49 70 73 B3 02 B1 91 57 79 E2 
 82 0D B5 06 8D 33 E8 2D 00 99 62 DE 2C 63 04 CF 
 15 27 10 ED DA FE C0 E2 79 60 3A B5 7F C6 5B 8F 
 D7 76 FE 54 BE 2A CD 95 80 0D 5E 3A 0A BA F5 C5 
 08 85 71 53 51 F8 C8 80 17 09 4D AD 89 16 EF 5E 
 06 4F 3F DB B7 4A FE D0 00 09 63 79 BF 74 35 18 
 EC 87 08 86 44 21 8A D3 D5 4B 30 95 16 6E BA 4C 
 C8 31 F5 91 27 3C D7 9E 7C 29 71 73 20 2D 31 FB 
 10 CA 9E 4D 41 CD CC CD B3 25 3F 0C E0 3D 25 B8 
 64 CF A1 26 94 4F DC E2 A4 B8 E0 E7 3F 51 A6 21 
 CC A3 83 EF 4B A5 52 D2 25 18 B4 4C FD 92 A9 E3 
 83 FB C0 86 DB 86 AB 6F C7 D0 78 BB A8 CD 56 B1 
 B5 B1 F1 98 15 65 49 F3 97 A6 C6 CB 02 C4 BA 82 
 3D C3 39 8E B4 5E 03 CF 0D 18 2E F4 54 FC 81 F7 
 52 DE 4E 55 6D EF B6 5C 4F AE 9B 31 5F 0A 96 3A 
 92 77 86 38 A9 A0 21 80 BA B3 4F 9E A2 B6 B4 37 
 52 8E 9D DB 31 C3 2C 9C B4 BF 02 88 D4 DC A3 AD 
 A5 81 3C 5B C0 BB 1D D3 9A 46 49 A3 4D C5 E6 C4 
 59 94 3F EE 12 61 DC BD 4B 5C BE 01 0B 63 E0 1A 
 54 B3 B4 11 10 27 66 65 ED 19 C6 FF C8 2C 2B 7A 
 8D D0 6F 38 AC 5C A0 3E E1 34 4F C4 33 46 
 SWTPM_IO_Read: length 468
 80 01 00 00 01 D4 00 00 01 61 00 00 00 00 00 00 
 00 B0 80 00 00 00 40 00 00 01 01 B8 00 40 53 82 
 50 D4 AF A1 1C F7 80 EF 28 38 F9 E8 FF 41 BB B4 
 C8 91 A4 76 7C 07 DB 5F 82 7C F4 B6 03 B5 FD 5A 
 12 C9 0D 97 59 E0 F0 69 45 85 92 B5 30 E7 E8 76 
 70 04 66 D5 01 4E C6 1E 8C 6A 82 0E F3 A2 23 9E 
 7F 0D 7D 9F 65 AA 22 5B AD 7C 79 68 CF 33 4C F2 
 C4 15 B2 9F 9F 21 EA 81 3C 65 15 AD C5 B7 FA 16 
 50 57 CD 61 04 4F CB 39 1C 93 08 CA E7 02 DD AD 
 76 D3 F0 4A F3 6C 49 23 DD AA E6 A4 E8 60 30 09 
 49 54 3E 96 23 E6 41 20 81 F3 18 AE BC 50 91 30 
 03 2A BC DA 30 2E 60 A0 71 79 24 B4 3E 48 70 F2 
 44 D5 81 45 65 00 C4 99 A7 B0 7D EF 87 C0 BF 0B 
 AD E3 13 AC 39 2D 58 61 66 02 1C 15 46 62 EF 3F 
 45 44 D2 5B 1F 0D DF A9 23 55 76 F9 9B E2 14 84 
 24 DA 36 00 F1 51 D9 8E E3 AC A7 95 82 0C E3 C7 
 FA F9 1D BF 10 16 95 AB 3A A6 61 51 CE 63 87 70 
 AB F5 C7 83 FD B3 78 CE 7D 6F 7F 79 A2 8C 57 03 
 59 5B 65 0A 3D D2 C9 36 AE 65 19 47 D2 98 F5 8F 
 62 C6 7E 6D 30 D2 9E 5B 20 B8 45 47 BB 42 D7 8E 
 0B 22 5E 22 9A 78 A5 9F 33 31 5B 14 81 68 DA ED 
 05 BE C5 5B BC 18 2D 27 B1 0B 4B EC C5 64 B5 8B 
 42 1F 27 07 64 89 00 6C 22 6B 8E 84 BE DF 4F CB 
 9B 61 3D 2F 06 D0 7C 72 D6 02 C5 CB 1D 99 4E 10 
 A6 DD B8 3F F2 F1 F0 69 08 65 3F 48 C4 56 33 98 
 24 46 33 0F DF 2E C7 01 E8 E4 E8 3D 71 5D 1F E0 
 E2 24 A5 2A A2 C2 37 BC E7 2C 96 CB D2 B7 26 B8 
 3C 6B 25 A5 A1 89 58 99 DA AF B3 73 0C 03 E4 E6 
 0A 02 71 5B CA 44 F8 5F BE 99 FE A9 27 30 4A 09 
 C0 5F D7 0F 
    IsEnEnabled(0x161 = 'ContextLoad'): 1
 SWTPM_IO_Write: length 14
 80 01 00 00 00 0E 00 00 00 00 80 00 00 00 
 SWTPM_IO_Read: length 519
 80 01 00 00 02 07 00 00 01 61 00 00 00 00 00 00 
 00 B1 80 00 00 00 40 00 00 01 01 EB 00 40 1E A3 
 92 AE F7 09 A3 BE 59 6C BA B1 45 09 A9 84 FE 09 
 E0 83 69 F6 F8 2A EE B4 5F 2C D1 CD F6 7C 97 F6 
 BC 56 EA 55 C2 93 75 EE 63 09 01 47 F0 A1 93 87 
 23 7D DC 5A D2 FE 52 15 00 A3 56 46 57 63 E0 38 
 A3 A2 7C 28 7F CB 64 F7 02 DE 9B E0 44 43 47 8F 
 15 85 33 01 27 D2 F9 76 C9 3D A2 8F 09 0D A0 31 
 8A B9 EC 94 F3 EE A4 34 16 80 52 C6 FB 9D 74 F5 
 D9 C5 6B 21 97 EE E9 41 80 6F 46 7E 8A CE D6 B2 
 95 FF F3 E2 33 3C 1E 3A CC E8 55 35 63 8C 8C 3F 
 4D 8D C0 9C 6F F9 28 57 CE 0D 6D 89 73 03 BC 5B 
 F7 38 58 69 69 BD 50 EE 00 96 A9 0B 99 72 CC 7D 
 1F C0 B3 B2 3D 5C 3B 55 A3 9E F3 04 00 85 DA 24 
 34 37 64 9F EA 4F 36 83 73 F7 48 39 16 49 71 16 
 EF 2A 5A 30 0D F4 6D CA 2A 22 B5 F2 D4 59 AE 12 
 7B 48 4C 5F BD F7 82 7B CC B3 E4 14 67 8B D7 00 
 CF 8D 24 BF 54 5B D5 92 06 A3 22 54 C8 DB 00 22 
 ED 16 FE 04 8F 10 E3 46 FC 9C 23 A2 2D 3E 96 F3 
 5E C6 E3 4A 89 B4 01 6C D9 8B 4A 3E 53 94 AB B6 
 DC 75 BC 4D CE 74 4D 05 45 12 57 56 2E EA 89 4B 
 FF E1 F8 87 59 05 58 87 AC C3 98 7B 15 D4 B7 1D 
 22 52 7F 42 54 CE 11 40 7E D6 5F 83 D4 99 B5 A1 
 12 FD EB D8 A6 8D C9 61 FF 6F 35 B5 B2 54 8C 10 
 CA A6 2F 40 3B 96 9A 46 52 39 A1 0B 55 6E 04 DF 
 73 D4 D3 67 8F 13 1A E5 95 38 DB BF F3 57 F5 98 
 5E 99 85 98 09 F6 C9 F7 75 F2 D8 D4 6D 3A AD 71 
 FA AD 52 F8 97 C5 FA CD 55 54 E5 B5 9F 66 A2 AC 
 5B B5 66 82 87 FB B0 85 94 70 79 80 D0 9A 1C B3 
 F0 8E 35 EA B9 E5 C2 88 65 C5 04 F3 F0 4A 52 83 
 09 BA 22 24 27 30 FF 9B 21 86 08 CC FA 1D DA 31 
 7D 12 92 2A 60 06 88 8C 9D 29 76 D3 3B 96 E8 6B 
 B1 83 D2 4C 05 3E CD 
    IsEnEnabled(0x161 = 'ContextLoad'): 1
 SWTPM_IO_Write: length 14
 80 01 00 00 00 0E 00 00 00 00 80 00 00 01 
 SWTPM_IO_Read: length 414
 80 01 00 00 01 9E 00 00 01 61 00 00 00 00 00 00 
 00 90 03 00 00 00 40 00 00 07 01 82 00 40 1F 4B 
 94 4F 13 1E 65 10 42 E3 20 DA 67 B9 F6 F1 BA 71 
 36 E6 DD 5F 8C C7 88 44 30 A9 C8 7E 40 7C 56 9B 
 77 A9 C1 7C 04 F7 45 DF F8 45 D5 A3 F6 CB A2 45 
 CE 63 17 CC 3E C1 49 70 73 B3 02 B1 91 57 79 E2 
 82 0D B5 06 8D 33 E8 2D 00 99 62 DE 2C 63 04 CF 
 15 27 10 ED DA FE C0 E2 79 60 3A B5 7F C6 5B 8F 
 D7 76 FE 54 BE 2A CD 95 80 0D 5E 3A 0A BA F5 C5 
 08 85 71 53 51 F8 C8 80 17 09 4D AD 89 16 EF 5E 
 06 4F 3F DB B7 4A FE D0 00 09 63 79 BF 74 35 18 
 EC 87 08 86 44 21 8A D3 D5 4B 30 95 16 6E BA 4C 
 C8 31 F5 91 27 3C D7 9E 7C 29 71 73 20 2D 31 FB 
 10 CA 9E 4D 41 CD CC CD B3 25 3F 0C E0 3D 25 B8 
 64 CF A1 26 94 4F DC E2 A4 B8 E0 E7 3F 51 A6 21 
 CC A3 83 EF 4B A5 52 D2 25 18 B4 4C FD 92 A9 E3 
 83 FB C0 86 DB 86 AB 6F C7 D0 78 BB A8 CD 56 B1 
 B5 B1 F1 98 15 65 49 F3 97 A6 C6 CB 02 C4 BA 82 
 3D C3 39 8E B4 5E 03 CF 0D 18 2E F4 54 FC 81 F7 
 52 DE 4E 55 6D EF B6 5C 4F AE 9B 31 5F 0A 96 3A 
 92 77 86 38 A9 A0 21 80 BA B3 4F 9E A2 B6 B4 37 
 52 8E 9D DB 31 C3 2C 9C B4 BF 02 88 D4 DC A3 AD 
 A5 81 3C 5B C0 BB 1D D3 9A 46 49 A3 4D C5 E6 C4 
 59 94 3F EE 12 61 DC BD 4B 5C BE 01 0B 63 E0 1A 
 54 B3 B4 11 10 27 66 65 ED 19 C6 FF C8 2C 2B 7A 
 8D D0 6F 38 AC 5C A0 3E E1 34 4F C4 33 46 
    IsEnEnabled(0x161 = 'ContextLoad'): 1
 SWTPM_IO_Write: length 14
 80 01 00 00 00 0E 00 00 00 00 03 00 00 00 
 SWTPM_IO_Read: length 91
 80 02 00 00 00 5B 00 00 01 5E 80 00 00 01 00 00 
 00 49 03 00 00 00 00 20 8E 57 5A E0 3A 35 F9 C1 
 EE 59 24 E9 87 03 60 5C C9 16 72 67 14 10 11 A3 
 D4 BF E5 A8 E8 11 74 72 41 00 20 CB 3B 88 D2 2A 
 BB DC 17 AA 36 DB B9 0F C5 A5 C1 06 D9 EA 64 10 
 16 3C BA 81 3C 03 1F 6B CA F4 80 
    IsEnEnabled(0x15e = 'Unseal'): 1
 SWTPM_IO_Write: length 180
 80 02 00 00 00 B4 00 00 00 00 00 00 00 61 00 5F 
 2A C5 E6 1C 08 A0 EF 56 CF 79 44 0A 84 02 65 D0 
 A8 F1 57 62 5E EA 08 FE 80 06 6C 95 B9 4E 68 76 
 7B 33 50 5B 84 D6 DD E3 AA C2 51 32 A0 1B 69 6F 
 0D 1A A5 26 2E DB 48 B0 89 CE EE 61 13 70 80 CE 
 A7 75 61 E5 CB DF 33 CB 3D EE 50 7F CF 11 39 B7 
 04 91 E7 1B C1 F0 6B A4 B0 55 85 E2 65 3F C9 00 
 20 D2 29 80 66 6E 05 DA DA 3B AC E2 6D F4 F9 B7 
 78 90 4F AE 6A B1 9F 34 00 B4 3D B2 D7 01 10 C8 
 35 41 00 20 AE 67 2F 8B 57 82 FB C3 54 B1 2E 36 
 99 85 FB EE 6C EC A9 AF FB C3 7F F3 82 37 6F AF 
 7A 3E AA 97 
 SWTPM_IO_Read: length 14
 80 01 00 00 00 0E 00 00 01 62 80 00 00 00 
    IsEnEnabled(0x162 = 'ContextSave'): 1
 SWTPM_IO_Write: length 468
 80 01 00 00 01 D4 00 00 00 00 00 00 00 00 00 00 
 00 B2 80 00 00 00 40 00 00 01 01 B8 00 40 5A EB 
 B2 84 EC 1F 4B 47 92 FC 25 5C 0D 89 6F 84 3A 3D 
 2C DA 19 8E B2 A3 D7 2C EF C0 33 B9 94 F8 AA 10 
 85 98 08 71 4B BB 2D 49 CA CC C0 13 C4 4B 27 23 
 F7 A0 18 54 18 2F 01 40 07 C3 A0 6B 5A F7 0F C6 
 5F 38 81 92 97 94 36 D4 90 AD 94 33 9A 8C D0 1A 
 CF 58 68 CA 55 1B 2C 80 A1 16 E1 2D 81 A4 95 81 
 D8 AB 3B 72 0B 02 F5 7A 62 7D 6E B2 58 7C 4B BD 
 5B 93 5C EE 46 71 4E 53 0B 76 85 53 3D 65 AB F7 
 60 15 54 7D 57 21 52 F8 E5 3E ED 46 D0 F7 F0 2E 
 FD 16 EB 2C CF 22 EC E6 DA E9 BF BF A1 CA DD 1B 
 32 EA 2F 10 BA 7A 47 6F 99 2A 9F B8 02 E1 9D 60 
 21 95 41 A3 C0 FC 57 00 B2 E8 96 3B EC F2 6F E1 
 44 9A 47 F3 29 C6 CC 62 B0 B4 32 23 2D 0B 77 B9 
 91 1D 07 14 ED 20 5A 60 52 96 31 63 53 1C FB 97 
 5D BC D0 F7 31 02 16 58 53 31 EF 35 B5 F8 AC 93 
 A7 86 A9 7A DC D1 53 45 1C D4 B6 70 6C C2 4E 35 
 F2 4E 03 B8 1C 99 1C CF C1 70 D4 B5 D5 FD 31 C2 
 5B 7F 93 3B 26 F8 6D 0F 61 76 FB BE D6 E7 7D BB 
 07 D2 9E F4 D0 D3 B5 38 FC 66 00 D4 EA AA 47 93 
 C1 31 0C B6 FA 84 D3 F7 2F 8E 5F B3 5D 71 2B 07 
 A0 32 30 CD 47 B1 B7 15 60 F0 F0 DB 4A 16 70 E9 
 2D C8 48 82 57 6D A2 2F 8E 24 4E E5 71 17 B7 3D 
 6B 99 78 CD D8 D7 30 62 A1 5F 5B 98 74 60 24 75 
 37 18 10 28 65 4E B1 7A FF 79 8F 59 24 9F 7B 3B 
 5A 88 5D FD 2C 26 4B CF F8 BE E7 AC EB 9D E0 92 
 17 7D B5 59 24 89 22 25 8F 52 F1 D1 21 18 B8 26 
 31 C2 01 25 39 6A 46 CA A0 60 75 40 81 B4 1C 7F 
 F1 B7 C4 60 
 SWTPM_IO_Read: length 14
 80 01 00 00 00 0E 00 00 01 65 80 00 00 00 
    IsEnEnabled(0x165 = 'FlushContext'): 1
 SWTPM_IO_Write: length 10
 80 01 00 00 00 0A 00 00 00 00 
 SWTPM_IO_Read: length 14
 80 01 00 00 00 0E 00 00 01 62 80 00 00 01 
    IsEnEnabled(0x162 = 'ContextSave'): 1
 SWTPM_IO_Write: length 519
 80 01 00 00 02 07 00 00 00 00 00 00 00 00 00 00 
 00 B3 80 00 00 00 40 00 00 01 01 EB 00 40 3F 79 
 82 6F 1F E3 1B 1C 85 70 7F 56 10 AA F9 3F 7C 5B 
 A8 BC 71 2A B9 47 95 90 2B 06 DA DC 15 CB 3B 10 
 1F 70 58 EE EA 24 60 A9 56 8D C3 C5 D4 66 6F 42 
 FD E4 B2 A0 9F FE B8 0F 41 E0 83 09 07 35 94 B0 
 6E 28 2B 1C B0 80 83 92 64 6F 12 7B 48 CA 67 F2 
 23 2F 8F A1 31 2A 8F 27 3A 02 F8 55 EF 61 A7 7F 
 4B A0 83 62 3A FF 89 40 24 83 92 B8 63 2F A6 FC 
 D2 77 97 1B 8B 81 69 66 75 2B 75 E6 C4 F7 DF 24 
 E0 42 2C 16 74 5B 64 8D DC F4 C8 6C EB A4 75 63 
 34 FA EE 5B 32 70 E4 23 19 30 5A 97 D6 C6 BC D3 
 48 06 CB E9 2D C8 C2 D9 CC 12 6B 12 52 50 42 B4 
 A0 E9 10 C3 68 36 D1 56 66 37 C1 02 88 65 05 9D 
 AF 14 EA 12 DA 11 72 7A 0A 3C 94 8D 12 10 1F D7 
 C3 D3 1A 84 8B A3 08 28 CB 7A 65 59 BB A7 26 E2 
 05 59 2A 38 05 48 FF 98 CB 5C 88 A3 F2 14 89 17 
 02 DA BA D2 92 24 B4 56 56 0E 2F 42 38 90 EF 2E 
 C7 29 1B 53 3F 72 AC 98 39 72 4C 94 5A 80 1C 21 
 80 93 15 67 4B 5D BF 5A 4E 1D 65 46 8C C2 4F 14 
 0B 61 F8 02 5E 31 3A A2 92 25 50 F1 B9 4F BE D5 
 EC 1C 85 B0 D2 00 5A 01 0C 03 E8 A8 A8 75 F7 10 
 23 F5 67 AA 8A 58 51 06 52 51 AA C4 39 28 35 DE 
 2B 30 5A 0D 6A 2D 0D DB 91 CC 01 26 DA 0F 34 FA 
 52 EF C4 F1 87 51 E4 F9 9A B7 2B 0E 86 65 8A 5D 
 FA 2B 34 12 03 F0 74 D8 B6 A1 B3 A0 F7 24 8D C6 
 84 DD 3F 46 F9 6F CA A9 04 E1 1A 98 91 A6 62 97 
 91 11 58 14 A6 24 4F 32 BF 1F 13 74 9B 12 9A AB 
 0A AA 04 F6 4D 48 7F 71 DF E1 A0 CA 5A 77 47 82 
 FE 74 26 85 B2 00 B1 20 24 52 FD 29 B2 54 AE 8C 
 69 AD 23 CD 07 AE F7 C7 56 DF F4 D2 38 44 49 A6 
 EF 87 07 21 7A 66 0B EC 3F 58 FC 4F 54 EE 1E AC 
 BE 18 30 8D AE 3D C6 
 SWTPM_IO_Read: length 14
 80 01 00 00 00 0E 00 00 01 65 80 00 00 01 
    IsEnEnabled(0x165 = 'FlushContext'): 1
 SWTPM_IO_Write: length 10
 80 01 00 00 00 0A 00 00 00 00 
 SWTPM_IO_Read: length 14
 80 01 00 00 00 0E 00 00 01 62 03 00 00 00 
    IsEnEnabled(0x162 = 'ContextSave'): 1
 SWTPM_IO_Write: length 414
 80 01 00 00 01 9E 00 00 00 00 00 00 00 00 00 00 
 00 91 03 00 00 00 40 00 00 07 01 82 00 40 94 64 
 29 4A F7 58 70 5E 76 A3 55 C6 FF 4B 35 28 03 42 
 51 22 55 37 D3 0C E5 32 81 F3 F2 A2 CC A0 76 65 
 BB C4 72 C6 9A 21 A4 B2 32 46 E1 D8 E4 9A 25 CD 
 3C FD D2 91 2B 52 46 AD F7 29 C6 E2 7A 58 D0 51 
 BF 22 07 6D F8 85 E9 DB 31 FC 84 9E 27 13 FE 8C 
 DD 4C 84 45 F9 39 A6 EC A5 1F B1 EF 1B 88 38 42 
 DC 8E 47 3E 23 5B E9 99 99 63 AB 52 15 A7 98 AB 
 C5 E1 E3 D4 E5 8D B4 AB 67 73 1E DF 5D F0 FA 7C 
 03 2E 5E 44 EB 53 3A 96 80 BE CC 62 B7 AA FE 72 
 F4 2B 88 91 40 18 15 AE 7D 07 FA 91 15 E7 8A AB 
 E9 EE 70 1E 72 61 75 7F FC 6D CF 9E CE A4 82 BA 
 EF 34 7A A1 9F A2 5E 0C 3D 5C 94 C8 A6 A0 11 1A 
 6D 7D 6B 5C CF 7F 26 6B BD C0 C3 C6 88 60 D6 F6 
 CE 8C 97 8E B2 23 B8 68 31 6A 2F 53 56 BF 7B 81 
 C1 90 08 BE 88 93 64 0B F5 B5 68 46 E9 B8 C5 B1 
 37 D6 4C C1 E6 5A E2 4C 75 AC BB FC 67 AB A7 3C 
 2A 9F 5D DA A2 9F D4 3C FF 06 A3 5A BF A1 59 D2 
 F3 9C C0 19 B6 75 30 1B 12 94 80 3D A1 45 A9 95 
 7C 33 96 3D B2 31 3E 55 98 97 A9 F8 00 95 1E E5 
 6A 3F C6 40 71 06 07 74 49 F2 1A 61 E9 A2 82 C5 
 5B 55 BE 5D 10 EF 06 7A D0 90 F1 E9 FB C2 E5 58 
 32 F0 90 5E D3 3B D4 7D 43 E0 A6 6A FB CB F7 88 
 B3 D1 DE A2 3D 9F 11 93 1D 48 60 66 E2 41 4A C3 
 06 AA 13 9F 80 54 E8 DD 4E B8 D2 CE 02 55 
 SWTPM_IO_Read: length 468
 80 01 00 00 01 D4 00 00 01 61 00 00 00 00 00 00 
 00 B2 80 00 00 00 40 00 00 01 01 B8 00 40 5A EB 
 B2 84 EC 1F 4B 47 92 FC 25 5C 0D 89 6F 84 3A 3D 
 2C DA 19 8E B2 A3 D7 2C EF C0 33 B9 94 F8 AA 10 
 85 98 08 71 4B BB 2D 49 CA CC C0 13 C4 4B 27 23 
 F7 A0 18 54 18 2F 01 40 07 C3 A0 6B 5A F7 0F C6 
 5F 38 81 92 97 94 36 D4 90 AD 94 33 9A 8C D0 1A 
 CF 58 68 CA 55 1B 2C 80 A1 16 E1 2D 81 A4 95 81 
 D8 AB 3B 72 0B 02 F5 7A 62 7D 6E B2 58 7C 4B BD 
 5B 93 5C EE 46 71 4E 53 0B 76 85 53 3D 65 AB F7 
 60 15 54 7D 57 21 52 F8 E5 3E ED 46 D0 F7 F0 2E 
 FD 16 EB 2C CF 22 EC E6 DA E9 BF BF A1 CA DD 1B 
 32 EA 2F 10 BA 7A 47 6F 99 2A 9F B8 02 E1 9D 60 
 21 95 41 A3 C0 FC 57 00 B2 E8 96 3B EC F2 6F E1 
 44 9A 47 F3 29 C6 CC 62 B0 B4 32 23 2D 0B 77 B9 
 91 1D 07 14 ED 20 5A 60 52 96 31 63 53 1C FB 97 
 5D BC D0 F7 31 02 16 58 53 31 EF 35 B5 F8 AC 93 
 A7 86 A9 7A DC D1 53 45 1C D4 B6 70 6C C2 4E 35 
 F2 4E 03 B8 1C 99 1C CF C1 70 D4 B5 D5 FD 31 C2 
 5B 7F 93 3B 26 F8 6D 0F 61 76 FB BE D6 E7 7D BB 
 07 D2 9E F4 D0 D3 B5 38 FC 66 00 D4 EA AA 47 93 
 C1 31 0C B6 FA 84 D3 F7 2F 8E 5F B3 5D 71 2B 07 
 A0 32 30 CD 47 B1 B7 15 60 F0 F0 DB 4A 16 70 E9 
 2D C8 48 82 57 6D A2 2F 8E 24 4E E5 71 17 B7 3D 
 6B 99 78 CD D8 D7 30 62 A1 5F 5B 98 74 60 24 75 
 37 18 10 28 65 4E B1 7A FF 79 8F 59 24 9F 7B 3B 
 5A 88 5D FD 2C 26 4B CF F8 BE E7 AC EB 9D E0 92 
 17 7D B5 59 24 89 22 25 8F 52 F1 D1 21 18 B8 26 
 31 C2 01 25 39 6A 46 CA A0 60 75 40 81 B4 1C 7F 
 F1 B7 C4 60 
    IsEnEnabled(0x161 = 'ContextLoad'): 1
 SWTPM_IO_Write: length 14
 80 01 00 00 00 0E 00 00 00 00 80 00 00 00 
 SWTPM_IO_Read: length 519
 80 01 00 00 02 07 00 00 01 61 00 00 00 00 00 00 
 00 B3 80 00 00 00 40 00 00 01 01 EB 00 40 3F 79 
 82 6F 1F E3 1B 1C 85 70 7F 56 10 AA F9 3F 7C 5B 
 A8 BC 71 2A B9 47 95 90 2B 06 DA DC 15 CB 3B 10 
 1F 70 58 EE EA 24 60 A9 56 8D C3 C5 D4 66 6F 42 
 FD E4 B2 A0 9F FE B8 0F 41 E0 83 09 07 35 94 B0 
 6E 28 2B 1C B0 80 83 92 64 6F 12 7B 48 CA 67 F2 
 23 2F 8F A1 31 2A 8F 27 3A 02 F8 55 EF 61 A7 7F 
 4B A0 83 62 3A FF 89 40 24 83 92 B8 63 2F A6 FC 
 D2 77 97 1B 8B 81 69 66 75 2B 75 E6 C4 F7 DF 24 
 E0 42 2C 16 74 5B 64 8D DC F4 C8 6C EB A4 75 63 
 34 FA EE 5B 32 70 E4 23 19 30 5A 97 D6 C6 BC D3 
 48 06 CB E9 2D C8 C2 D9 CC 12 6B 12 52 50 42 B4 
 A0 E9 10 C3 68 36 D1 56 66 37 C1 02 88 65 05 9D 
 AF 14 EA 12 DA 11 72 7A 0A 3C 94 8D 12 10 1F D7 
 C3 D3 1A 84 8B A3 08 28 CB 7A 65 59 BB A7 26 E2 
 05 59 2A 38 05 48 FF 98 CB 5C 88 A3 F2 14 89 17 
 02 DA BA D2 92 24 B4 56 56 0E 2F 42 38 90 EF 2E 
 C7 29 1B 53 3F 72 AC 98 39 72 4C 94 5A 80 1C 21 
 80 93 15 67 4B 5D BF 5A 4E 1D 65 46 8C C2 4F 14 
 0B 61 F8 02 5E 31 3A A2 92 25 50 F1 B9 4F BE D5 
 EC 1C 85 B0 D2 00 5A 01 0C 03 E8 A8 A8 75 F7 10 
 23 F5 67 AA 8A 58 51 06 52 51 AA C4 39 28 35 DE 
 2B 30 5A 0D 6A 2D 0D DB 91 CC 01 26 DA 0F 34 FA 
 52 EF C4 F1 87 51 E4 F9 9A B7 2B 0E 86 65 8A 5D 
 FA 2B 34 12 03 F0 74 D8 B6 A1 B3 A0 F7 24 8D C6 
 84 DD 3F 46 F9 6F CA A9 04 E1 1A 98 91 A6 62 97 
 91 11 58 14 A6 24 4F 32 BF 1F 13 74 9B 12 9A AB 
 0A AA 04 F6 4D 48 7F 71 DF E1 A0 CA 5A 77 47 82 
 FE 74 26 85 B2 00 B1 20 24 52 FD 29 B2 54 AE 8C 
 69 AD 23 CD 07 AE F7 C7 56 DF F4 D2 38 44 49 A6 
 EF 87 07 21 7A 66 0B EC 3F 58 FC 4F 54 EE 1E AC 
 BE 18 30 8D AE 3D C6 
    IsEnEnabled(0x161 = 'ContextLoad'): 1
 SWTPM_IO_Write: length 14
 80 01 00 00 00 0E 00 00 00 00 80 00 00 01 
 SWTPM_IO_Read: length 414
 80 01 00 00 01 9E 00 00 01 61 00 00 00 00 00 00 
 00 91 03 00 00 00 40 00 00 07 01 82 00 40 94 64 
 29 4A F7 58 70 5E 76 A3 55 C6 FF 4B 35 28 03 42 
 51 22 55 37 D3 0C E5 32 81 F3 F2 A2 CC A0 76 65 
 BB C4 72 C6 9A 21 A4 B2 32 46 E1 D8 E4 9A 25 CD 
 3C FD D2 91 2B 52 46 AD F7 29 C6 E2 7A 58 D0 51 
 BF 22 07 6D F8 85 E9 DB 31 FC 84 9E 27 13 FE 8C 
 DD 4C 84 45 F9 39 A6 EC A5 1F B1 EF 1B 88 38 42 
 DC 8E 47 3E 23 5B E9 99 99 63 AB 52 15 A7 98 AB 
 C5 E1 E3 D4 E5 8D B4 AB 67 73 1E DF 5D F0 FA 7C 
 03 2E 5E 44 EB 53 3A 96 80 BE CC 62 B7 AA FE 72 
 F4 2B 88 91 40 18 15 AE 7D 07 FA 91 15 E7 8A AB 
 E9 EE 70 1E 72 61 75 7F FC 6D CF 9E CE A4 82 BA 
 EF 34 7A A1 9F A2 5E 0C 3D 5C 94 C8 A6 A0 11 1A 
 6D 7D 6B 5C CF 7F 26 6B BD C0 C3 C6 88 60 D6 F6 
 CE 8C 97 8E B2 23 B8 68 31 6A 2F 53 56 BF 7B 81 
 C1 90 08 BE 88 93 64 0B F5 B5 68 46 E9 B8 C5 B1 
 37 D6 4C C1 E6 5A E2 4C 75 AC BB FC 67 AB A7 3C 
 2A 9F 5D DA A2 9F D4 3C FF 06 A3 5A BF A1 59 D2 
 F3 9C C0 19 B6 75 30 1B 12 94 80 3D A1 45 A9 95 
 7C 33 96 3D B2 31 3E 55 98 97 A9 F8 00 95 1E E5 
 6A 3F C6 40 71 06 07 74 49 F2 1A 61 E9 A2 82 C5 
 5B 55 BE 5D 10 EF 06 7A D0 90 F1 E9 FB C2 E5 58 
 32 F0 90 5E D3 3B D4 7D 43 E0 A6 6A FB CB F7 88 
 B3 D1 DE A2 3D 9F 11 93 1D 48 60 66 E2 41 4A C3 
 06 AA 13 9F 80 54 E8 DD 4E B8 D2 CE 02 55 
    IsEnEnabled(0x161 = 'ContextLoad'): 1
 SWTPM_IO_Write: length 14
 80 01 00 00 00 0E 00 00 00 00 03 00 00 00 
 SWTPM_IO_Read: length 14
 80 01 00 00 00 0E 00 00 01 65 80 00 00 01 
    IsEnEnabled(0x165 = 'FlushContext'): 1
 SWTPM_IO_Write: length 10
 80 01 00 00 00 0A 00 00 00 00 
 SWTPM_IO_Read: length 14
 80 01 00 00 00 0E 00 00 01 62 80 00 00 00 
    IsEnEnabled(0x162 = 'ContextSave'): 1
 SWTPM_IO_Write: length 468
 80 01 00 00 01 D4 00 00 00 00 00 00 00 00 00 00 
 00 B4 80 00 00 00 40 00 00 01 01 B8 00 40 16 8B 
 8F 8E 0E 8E 5B F6 26 20 BD FA 96 FF AC 91 38 86 
 2E 50 D1 D4 ED E6 19 57 6A 94 27 28 36 16 EF 41 
 D2 7C 4B 5E 47 23 5E 89 00 54 7A CA 92 C4 3E 22 
 4F 34 47 27 74 C7 3A DF F5 25 29 50 17 B1 62 A2 
 C8 72 46 A2 EE 80 AC A5 30 F7 B2 24 94 11 B7 83 
 61 98 E8 C5 62 AA 69 D2 30 BD 9F 2D 7E 77 0E DA 
 9B 04 F8 2C 92 07 78 7F 41 C3 66 64 DC 6B FD 64 
 AA EA EB 64 31 FB E2 8D A3 7E F2 C7 6A F3 B7 74 
 1C F0 26 6A CF 03 B3 A4 91 86 92 2E 37 9C E9 44 
 F9 9E 1D 85 35 61 2D CC 8E 30 77 95 01 3C 15 F6 
 02 85 63 3A 03 85 F4 16 70 51 69 58 A2 4E FA 21 
 C1 C2 29 D2 D9 74 24 87 81 49 90 47 22 AF 96 17 
 C6 09 62 B0 7C 5E C3 E6 32 B4 B4 1E 52 1E 78 C7 
 59 35 C0 EA 40 17 26 9B EE 6B C2 31 74 70 87 FC 
 61 A7 77 25 7D 75 0D BF F3 A6 D0 51 F8 2E CB 9D 
 4E 95 69 DD 45 C2 DC 41 10 FD 0C 5A 48 A1 37 D9 
 89 1E 64 70 6C F2 6E 59 97 66 FF 63 AC D6 79 79 
 3A 0A A0 07 0D 47 65 1F D4 1E 42 84 D7 FD 43 AC 
 BD 3C D2 FA A1 04 81 EA E5 7D 35 F3 C6 3B B5 D1 
 C4 68 EC 6F 39 7D 0D 61 A3 BC 89 0D B0 53 E7 52 
 4A 1F 04 D4 25 35 23 58 50 EB 6A 78 28 8B 2F DB 
 73 58 BD 05 C0 2F 38 78 67 EC 3A 12 B7 9A 12 D1 
 0B F5 E1 73 41 9A E9 32 BF 5B E8 66 F5 2B 24 51 
 DA A7 C6 4A 08 26 B1 66 00 8D 8D 3C 6D 7E 3D 4D 
 E4 69 35 51 3B 58 4F 2B 17 F3 B5 2E 18 44 DF D2 
 E7 0F 56 91 1A 64 D7 DB 20 80 01 38 F3 94 A1 62 
 C0 52 22 47 CF 4D 43 73 B0 4B 4F DA 49 4C 03 93 
 28 3A 69 B7 
 SWTPM_IO_Read: length 14
 80 01 00 00 00 0E 00 00 01 65 80 00 00 00 
    IsEnEnabled(0x165 = 'FlushContext'): 1
 SWTPM_IO_Write: length 10
 80 01 00 00 00 0A 00 00 00 00 
 SWTPM_IO_Read: length 14
 80 01 00 00 00 0E 00 00 01 62 80 00 00 01 
    IsEnEnabled(0x162 = 'ContextSave'): 1
 SWTPM_IO_Write: length 10
 80 01 00 00 00 0A 00 00 09 10 
 SWTPM_IO_Read: length 14
 80 01 00 00 00 0E 00 00 01 62 03 00 00 00 
    IsEnEnabled(0x162 = 'ContextSave'): 1
 SWTPM_IO_Write: length 414
 80 01 00 00 01 9E 00 00 00 00 00 00 00 00 00 00 
 00 92 03 00 00 00 40 00 00 07 01 82 00 40 C9 93 
 B4 73 EE 64 C4 D0 3F B2 03 CA 96 FF E2 8A 4B C7 
 3E 00 D1 56 66 60 EA EB A3 7E B7 E2 E1 CA 1A E2 
 31 A8 EE 2D 5B A5 49 57 E2 E1 CD B2 37 D2 B7 53 
 F7 8C C5 4F 12 9B D6 00 47 96 94 A0 1F 6C 5D CA 
 E6 0E 45 10 20 3C 0F 09 B3 16 D9 B2 54 9B 30 D6 
 28 EA 98 39 E6 81 99 08 FC EC 4C 83 F1 E0 09 8C 
 CC BD 0F 10 D0 2A 1D AD F8 88 A9 B9 42 59 F8 23 
 C0 79 B6 4B B8 B7 02 21 B3 F6 64 F1 1D EB 4E 3F 
 1B 85 77 FC 86 9F A8 77 0E 6D DF D9 82 A4 B7 66 
 DD 78 9E 4F 41 3F C7 1E AD D5 7E 5A E9 1C C6 26 
 13 15 F5 A7 F5 AF 7B 0D 74 3C 60 21 49 AA B3 8B 
 E3 38 A6 62 39 1E AB 61 CF 15 C1 15 C6 05 95 15 
 9D 4F 10 46 B2 A3 52 FD C7 DC 35 68 E2 47 BD 1C 
 9F 07 E5 D4 2B 11 C7 2B 78 09 59 53 84 6B D5 B7 
 C4 D4 82 5C AC BE 85 E2 31 D0 83 61 1B AF 87 B9 
 C6 0D E9 48 75 15 FF 0E 7D 88 B0 68 60 17 40 D0 
 12 51 71 0B D1 D1 1F B3 BE 11 44 06 65 55 86 9B 
 64 1A 57 98 B5 E7 72 24 BC EA B4 9D 3F 39 D7 9C 
 0C 16 7F C1 F4 26 22 75 1F 4A 3E CD 4C A0 31 85 
 9F 34 36 D7 85 60 B8 A6 36 DF 51 06 90 52 F1 E9 
 6C 03 23 38 7C 26 55 C1 73 4A 90 A3 19 93 7A A9 
 6F 54 BC 9B 3D 0C BA 91 A4 B0 45 03 98 26 7E 35 
 5E 11 66 33 C2 39 EB 31 76 0F C7 26 D6 F5 E9 CC 
 8B 03 72 A9 2E 80 74 BA 6A 77 5B F6 64 0D 
 SWTPM_IO_Read: length 468
 80 01 00 00 01 D4 00 00 01 61 00 00 00 00 00 00 
 00 B4 80 00 00 00 40 00 00 01 01 B8 00 40 16 8B 
 8F 8E 0E 8E 5B F6 26 20 BD FA 96 FF AC 91 38 86 
 2E 50 D1 D4 ED E6 19 57 6A 94 27 28 36 16 EF 41 
 D2 7C 4B 5E 47 23 5E 89 00 54 7A CA 92 C4 3E 22 
 4F 34 47 27 74 C7 3A DF F5 25 29 50 17 B1 62 A2 
 C8 72 46 A2 EE 80 AC A5 30 F7 B2 24 94 11 B7 83 
 61 98 E8 C5 62 AA 69 D2 30 BD 9F 2D 7E 77 0E DA 
 9B 04 F8 2C 92 07 78 7F 41 C3 66 64 DC 6B FD 64 
 AA EA EB 64 31 FB E2 8D A3 7E F2 C7 6A F3 B7 74 
 1C F0 26 6A CF 03 B3 A4 91 86 92 2E 37 9C E9 44 
 F9 9E 1D 85 35 61 2D CC 8E 30 77 95 01 3C 15 F6 
 02 85 63 3A 03 85 F4 16 70 51 69 58 A2 4E FA 21 
 C1 C2 29 D2 D9 74 24 87 81 49 90 47 22 AF 96 17 
 C6 09 62 B0 7C 5E C3 E6 32 B4 B4 1E 52 1E 78 C7 
 59 35 C0 EA 40 17 26 9B EE 6B C2 31 74 70 87 FC 
 61 A7 77 25 7D 75 0D BF F3 A6 D0 51 F8 2E CB 9D 
 4E 95 69 DD 45 C2 DC 41 10 FD 0C 5A 48 A1 37 D9 
 89 1E 64 70 6C F2 6E 59 97 66 FF 63 AC D6 79 79 
 3A 0A A0 07 0D 47 65 1F D4 1E 42 84 D7 FD 43 AC 
 BD 3C D2 FA A1 04 81 EA E5 7D 35 F3 C6 3B B5 D1 
 C4 68 EC 6F 39 7D 0D 61 A3 BC 89 0D B0 53 E7 52 
 4A 1F 04 D4 25 35 23 58 50 EB 6A 78 28 8B 2F DB 
 73 58 BD 05 C0 2F 38 78 67 EC 3A 12 B7 9A 12 D1 
 0B F5 E1 73 41 9A E9 32 BF 5B E8 66 F5 2B 24 51 
 DA A7 C6 4A 08 26 B1 66 00 8D 8D 3C 6D 7E 3D 4D 
 E4 69 35 51 3B 58 4F 2B 17 F3 B5 2E 18 44 DF D2 
 E7 0F 56 91 1A 64 D7 DB 20 80 01 38 F3 94 A1 62 
 C0 52 22 47 CF 4D 43 73 B0 4B 4F DA 49 4C 03 93 
 28 3A 69 B7 
    IsEnEnabled(0x161 = 'ContextLoad'): 1
 SWTPM_IO_Write: length 14
 80 01 00 00 00 0E 00 00 00 00 80 00 00 00 
 SWTPM_IO_Read: length 414
 80 01 00 00 01 9E 00 00 01 61 00 00 00 00 00 00 
 00 92 03 00 00 00 40 00 00 07 01 82 00 40 C9 93 
 B4 73 EE 64 C4 D0 3F B2 03 CA 96 FF E2 8A 4B C7 
 3E 00 D1 56 66 60 EA EB A3 7E B7 E2 E1 CA 1A E2 
 31 A8 EE 2D 5B A5 49 57 E2 E1 CD B2 37 D2 B7 53 
 F7 8C C5 4F 12 9B D6 00 47 96 94 A0 1F 6C 5D CA 
 E6 0E 45 10 20 3C 0F 09 B3 16 D9 B2 54 9B 30 D6 
 28 EA 98 39 E6 81 99 08 FC EC 4C 83 F1 E0 09 8C 
 CC BD 0F 10 D0 2A 1D AD F8 88 A9 B9 42 59 F8 23 
 C0 79 B6 4B B8 B7 02 21 B3 F6 64 F1 1D EB 4E 3F 
 1B 85 77 FC 86 9F A8 77 0E 6D DF D9 82 A4 B7 66 
 DD 78 9E 4F 41 3F C7 1E AD D5 7E 5A E9 1C C6 26 
 13 15 F5 A7 F5 AF 7B 0D 74 3C 60 21 49 AA B3 8B 
 E3 38 A6 62 39 1E AB 61 CF 15 C1 15 C6 05 95 15 
 9D 4F 10 46 B2 A3 52 FD C7 DC 35 68 E2 47 BD 1C 
 9F 07 E5 D4 2B 11 C7 2B 78 09 59 53 84 6B D5 B7 
 C4 D4 82 5C AC BE 85 E2 31 D0 83 61 1B AF 87 B9 
 C6 0D E9 48 75 15 FF 0E 7D 88 B0 68 60 17 40 D0 
 12 51 71 0B D1 D1 1F B3 BE 11 44 06 65 55 86 9B 
 64 1A 57 98 B5 E7 72 24 BC EA B4 9D 3F 39 D7 9C 
 0C 16 7F C1 F4 26 22 75 1F 4A 3E CD 4C A0 31 85 
 9F 34 36 D7 85 60 B8 A6 36 DF 51 06 90 52 F1 E9 
 6C 03 23 38 7C 26 55 C1 73 4A 90 A3 19 93 7A A9 
 6F 54 BC 9B 3D 0C BA 91 A4 B0 45 03 98 26 7E 35 
 5E 11 66 33 C2 39 EB 31 76 0F C7 26 D6 F5 E9 CC 
 8B 03 72 A9 2E 80 74 BA 6A 77 5B F6 64 0D 
    IsEnEnabled(0x161 = 'ContextLoad'): 1
 SWTPM_IO_Write: length 14
 80 01 00 00 00 0E 00 00 00 00 03 00 00 00 
 SWTPM_IO_Read: length 14
 80 01 00 00 00 0E 00 00 01 65 03 00 00 00 
    IsEnEnabled(0x165 = 'FlushContext'): 1
 SWTPM_IO_Write: length 10
 80 01 00 00 00 0A 00 00 00 00 
 SWTPM_IO_Read: length 14
 80 01 00 00 00 0E 00 00 01 62 80 00 00 00 
    IsEnEnabled(0x162 = 'ContextSave'): 1
 SWTPM_IO_Write: length 468
 80 01 00 00 01 D4 00 00 00 00 00 00 00 00 00 00 
 00 B5 80 00 00 00 40 00 00 01 01 B8 00 40 31 30 
 C8 29 05 00 E6 74 14 97 19 BA BA F0 E4 FF 86 17 
 07 FE 29 2F 92 F0 42 7E 6F 67 74 B6 F2 13 5B 6C 
 43 2B A3 64 CB 1C 1F BC B5 BA 5D CA E9 46 8E D5 
 BF 7E D1 89 48 0A 8B 87 C6 EE 6A DB 32 7D AE E9 
 8C 58 EE 33 03 6F F1 7B C8 17 71 90 00 00 00 15 
 89 54 F2 03 95 29 3A 49 0B 53 ED 93 56 8A 71 B3 
 B4 94 1D 43 91 96 71 7E 92 6F E3 50 19 96 EB D1 
 96 A8 48 1B 36 58 60 DF 33 A1 42 36 7B 2A 43 FD 
 B1 48 33 5A E8 D8 A9 76 7A BF 3A 5E D5 44 CA BB 
 2F 94 1D A5 A2 D9 1E 65 13 12 90 43 8F DF 39 77 
 3F 33 9F 4B 09 A1 4E 40 3B 7D 80 70 75 9B 48 B6 
 0C DF EB 51 89 E6 B6 96 77 4F BA 70 71 CB 14 C9 
 60 D2 60 97 7E 71 AF E6 E3 0C 28 EA 01 07 42 91 
 51 27 E1 1C A3 E4 38 8F AF 0E AA 1C 0E CE 9F AD 
 42 30 DD DB F8 15 2D 43 F4 3C 28 81 C3 90 81 08 
 F0 F8 5C DD E3 59 94 31 F4 C0 8B CC B1 E2 F8 DE 
 65 B1 95 7D 51 2A 0A 8D 44 EF A0 26 CF C3 E6 2A 
 AC 69 4F 33 65 30 F3 7F 01 23 B2 8B 1A F5 DB B2 
 73 C6 68 77 58 A0 3C 85 9C 5F D1 C4 E8 79 38 8E 
 C4 52 D9 06 0F BB 3C 45 3F 6D B2 17 73 3E 62 FA 
 69 07 DB 78 B3 24 05 AB AD 8E B9 93 F4 15 52 5F 
 E4 85 3A 34 5C E2 57 2B D8 BE 09 05 3F DA 7A F6 
 B5 47 13 E5 2D F7 DB FF F4 D1 C3 74 AE 7F 22 F9 
 4D 08 1C 92 E9 B1 AD 4E 29 25 3B BA 61 16 86 5F 
 2D 5C D9 CC CB 3F 8E 1A 02 55 63 5C 42 40 7B 15 
 F3 CB 88 37 06 79 6C BE 7E D3 9B 19 E4 B9 9A E1 
 4A 68 A8 FC D2 96 C7 95 7A 01 C9 B8 9E B4 9E A3 
 28 34 C4 AD 
 SWTPM_IO_Read: length 14
 80 01 00 00 00 0E 00 00 01 65 80 00 00 00 
    IsEnEnabled(0x165 = 'FlushContext'): 1
 SWTPM_IO_Write: length 10
 80 01 00 00 00 0A 00 00 00 00 
 SWTPM_IO_Read: length 14
 80 01 00 00 00 0E 00 00 01 62 03 00 00 00 
    IsEnEnabled(0x162 = 'ContextSave'): 1
 SWTPM_IO_Write: length 10
 80 01 00 00 00 0A 00 00 09 10 
 SWTPM_IO_Read: length 468
 80 01 00 00 01 D4 00 00 01 61 00 00 00 00 00 00 
 00 B5 80 00 00 00 40 00 00 01 01 B8 00 40 31 30 
 C8 29 05 00 E6 74 14 97 19 BA BA F0 E4 FF 86 17 
 07 FE 29 2F 92 F0 42 7E 6F 67 74 B6 F2 13 5B 6C 
 43 2B A3 64 CB 1C 1F BC B5 BA 5D CA E9 46 8E D5 
 BF 7E D1 89 48 0A 8B 87 C6 EE 6A DB 32 7D AE E9 
 8C 58 EE 33 03 6F F1 7B C8 17 71 90 00 00 00 15 
 89 54 F2 03 95 29 3A 49 0B 53 ED 93 56 8A 71 B3 
 B4 94 1D 43 91 96 71 7E 92 6F E3 50 19 96 EB D1 
 96 A8 48 1B 36 58 60 DF 33 A1 42 36 7B 2A 43 FD 
 B1 48 33 5A E8 D8 A9 76 7A BF 3A 5E D5 44 CA BB 
 2F 94 1D A5 A2 D9 1E 65 13 12 90 43 8F DF 39 77 
 3F 33 9F 4B 09 A1 4E 40 3B 7D 80 70 75 9B 48 B6 
 0C DF EB 51 89 E6 B6 96 77 4F BA 70 71 CB 14 C9 
 60 D2 60 97 7E 71 AF E6 E3 0C 28 EA 01 07 42 91 
 51 27 E1 1C A3 E4 38 8F AF 0E AA 1C 0E CE 9F AD 
 42 30 DD DB F8 15 2D 43 F4 3C 28 81 C3 90 81 08 
 F0 F8 5C DD E3 59 94 31 F4 C0 8B CC B1 E2 F8 DE 
 65 B1 95 7D 51 2A 0A 8D 44 EF A0 26 CF C3 E6 2A 
 AC 69 4F 33 65 30 F3 7F 01 23 B2 8B 1A F5 DB B2 
 73 C6 68 77 58 A0 3C 85 9C 5F D1 C4 E8 79 38 8E 
 C4 52 D9 06 0F BB 3C 45 3F 6D B2 17 73 3E 62 FA 
 69 07 DB 78 B3 24 05 AB AD 8E B9 93 F4 15 52 5F 
 E4 85 3A 34 5C E2 57 2B D8 BE 09 05 3F DA 7A F6 
 B5 47 13 E5 2D F7 DB FF F4 D1 C3 74 AE 7F 22 F9 
 4D 08 1C 92 E9 B1 AD 4E 29 25 3B BA 61 16 86 5F 
 2D 5C D9 CC CB 3F 8E 1A 02 55 63 5C 42 40 7B 15 
 F3 CB 88 37 06 79 6C BE 7E D3 9B 19 E4 B9 9A E1 
 4A 68 A8 FC D2 96 C7 95 7A 01 C9 B8 9E B4 9E A3 
 28 34 C4 AD 
    IsEnEnabled(0x161 = 'ContextLoad'): 1
 SWTPM_IO_Write: length 14
 80 01 00 00 00 0E 00 00 00 00 80 00 00 00 
 SWTPM_IO_Read: length 14
 80 01 00 00 00 0E 00 00 01 65 80 00 00 00 
    IsEnEnabled(0x165 = 'FlushContext'): 1
 SWTPM_IO_Write: length 10
 80 01 00 00 00 0A 00 00 00 00 
 SWTPM_IO_Read: length 14
 80 01 00 00 00 0E 00 00 01 62 80 00 00 00 
    IsEnEnabled(0x162 = 'ContextSave'): 1
 SWTPM_IO_Write: length 10
 80 01 00 00 00 0A 00 00 09 10 
