 SWTPM_IO_Read: length 12
 80 01 00 00 00 0C 00 00 01 7B 00 08 
    IsEnEnabled(0x17b = 'GetRandom'): 1
 SWTPM_IO_Write: length 20
 80 01 00 00 00 14 00 00 00 00 00 08 BD 0F D3 3C 
 31 9E 76 73 
 SWTPM_IO_Read: length 22
 80 01 00 00 00 16 00 00 01 7A 00 00 00 00 00 00 
 00 00 00 00 00 7F 
    IsEnEnabled(0x17a = 'GetCapability'): 1
 SWTPM_IO_Write: length 217
 80 01 00 00 00 D9 00 00 00 00 00 00 00 00 00 00 
 00 00 21 00 01 00 00 00 09 00 03 00 00 00 02 00 
 04 00 00 00 04 00 05 00 00 01 04 00 06 00 00 00 
 02 00 07 00 00 04 04 00 08 00 00 03 0C 00 0A 00 
 00 00 06 00 0B 00 00 00 04 00 0C 00 00 00 04 00 
 0D 00 00 00 04 00 14 00 00 01 01 00 15 00 00 02 
 01 00 16 00 00 01 01 00 17 00 00 02 01 00 18 00 
 00 01 01 00 19 00 00 04 01 00 1A 00 00 01 01 00 
 1B 00 00 05 01 00 1C 00 00 01 01 00 1D 00 00 04 
 01 00 20 00 00 04 04 00 21 00 00 04 04 00 22 00 
 00 04 04 00 23 00 00 00 09 00 25 00 00 00 08 00 
 26 00 00 00 02 00 3F 00 00 01 02 00 40 00 00 02 
 02 00 41 00 00 02 02 00 42 00 00 02 02 00 43 00 
 00 02 02 00 44 00 00 02 02 
 SWTPM_IO_Read: length 59
 80 01 00 00 00 3B 00 00 01 76 40 00 00 07 40 00 
 00 07 00 20 FA E2 93 F8 6E 07 A9 02 C0 9F 2F 51 
 A8 26 05 CA D5 E9 6C D1 23 4A 30 DC E0 24 CE AB 
 4B 30 C4 CE 00 00 00 00 10 00 0B 
    IsEnEnabled(0x176 = 'StartAuthSession'): 1
 SWTPM_IO_Write: length 48
 80 01 00 00 00 30 00 00 00 00 02 00 00 00 00 20 
 70 74 65 B7 5F 8A 8E 01 9B 9E 64 BC 24 23 27 A3 
 D8 BC 3C 40 76 26 CD B6 34 D3 35 5A 77 EC FD 51 
 SWTPM_IO_Read: length 14
 80 01 00 00 00 0E 00 00 01 62 02 00 00 00 
    IsEnEnabled(0x162 = 'ContextSave'): 1
 SWTPM_IO_Write: length 414
 80 01 00 00 01 9E 00 00 00 00 00 00 00 00 00 00 
 01 05 02 00 00 00 40 00 00 07 01 82 00 40 7A 63 
 07 B3 32 27 F6 A4 8A 4F 0E C0 30 E2 C1 AF 31 E1 
 AF 49 B3 A2 EA BD 5C 8A 0A 13 D1 E3 72 90 E5 61 
 FC 4D 70 F3 9C 59 AE 11 56 29 E9 05 83 D8 20 54 
 B4 BC A0 AE 98 31 07 A5 E3 DC FB E6 2E C9 AD 79 
 F5 6B 4F D3 2C FB 37 C0 88 E0 D6 16 AE 79 DA 1E 
 F8 01 8A 1D 58 99 E1 42 96 3E 63 A6 B6 42 87 D3 
 EA 45 CD 79 BD 23 AC 43 0D 0C 1C 41 1E 4C 88 78 
 BF F9 A9 D2 2C 9A 36 10 7D 59 85 C6 A9 CA 46 E7 
 19 74 89 5A 3F 1B D0 BC DD 59 63 2A B7 34 B5 6A 
 C1 43 23 E2 CC DC 2D 98 FE 4E 18 4D D1 F3 65 46 
 59 F9 36 63 E1 CC 66 DC AA DE 3C 5E 35 0D 8D EC 
 36 CB 0C 10 70 B6 08 78 BA 30 D6 DD B3 AF AE 68 
 29 FB 0F 73 18 95 9E 2A 53 05 B4 1E 47 2B 39 6B 
 34 6E 53 D3 89 43 20 4B 26 49 F0 53 28 B3 69 C9 
 50 F9 E5 3D 5F FB 62 95 5A 19 F0 4D A9 03 05 44 
 7B 47 12 7D 2C 1C 76 C4 DD 75 CE DB 0A 17 4E 85 
 00 6F 53 CA AD 47 74 5D 58 E7 B8 49 B8 B0 79 61 
 75 1F 94 DC 99 6E D2 84 F5 6D 61 7A A7 94 7F 65 
 D9 D3 EC 6B 04 F9 43 56 45 79 99 02 33 2C 29 C3 
 51 F3 42 36 A0 6E 4F 43 F2 08 67 6A 94 1E 8E C5 
 F4 39 54 7D D2 33 3A 62 93 E9 BA E1 00 CF 50 77 
 DF 21 F7 71 0A DD AC 00 EF E5 7C 33 C2 82 A4 60 
 8C C9 B9 F2 05 C5 76 D2 19 21 25 24 34 C2 F5 91 
 AF 6E AC AD 88 6B 1A 92 33 6C AB 12 45 38 
 SWTPM_IO_Read: length 414
 80 01 00 00 01 9E 00 00 01 61 00 00 00 00 00 00 
 01 05 02 00 00 00 40 00 00 07 01 82 00 40 7A 63 
 07 B3 32 27 F6 A4 8A 4F 0E C0 30 E2 C1 AF 31 E1 
 AF 49 B3 A2 EA BD 5C 8A 0A 13 D1 E3 72 90 E5 61 
 FC 4D 70 F3 9C 59 AE 11 56 29 E9 05 83 D8 20 54 
 B4 BC A0 AE 98 31 07 A5 E3 DC FB E6 2E C9 AD 79 
 F5 6B 4F D3 2C FB 37 C0 88 E0 D6 16 AE 79 DA 1E 
 F8 01 8A 1D 58 99 E1 42 96 3E 63 A6 B6 42 87 D3 
 EA 45 CD 79 BD 23 AC 43 0D 0C 1C 41 1E 4C 88 78 
 BF F9 A9 D2 2C 9A 36 10 7D 59 85 C6 A9 CA 46 E7 
 19 74 89 5A 3F 1B D0 BC DD 59 63 2A B7 34 B5 6A 
 C1 43 23 E2 CC DC 2D 98 FE 4E 18 4D D1 F3 65 46 
 59 F9 36 63 E1 CC 66 DC AA DE 3C 5E 35 0D 8D EC 
 36 CB 0C 10 70 B6 08 78 BA 30 D6 DD B3 AF AE 68 
 29 FB 0F 73 18 95 9E 2A 53 05 B4 1E 47 2B 39 6B 
 34 6E 53 D3 89 43 20 4B 26 49 F0 53 28 B3 69 C9 
 50 F9 E5 3D 5F FB 62 95 5A 19 F0 4D A9 03 05 44 
 7B 47 12 7D 2C 1C 76 C4 DD 75 CE DB 0A 17 4E 85 
 00 6F 53 CA AD 47 74 5D 58 E7 B8 49 B8 B0 79 61 
 75 1F 94 DC 99 6E D2 84 F5 6D 61 7A A7 94 7F 65 
 D9 D3 EC 6B 04 F9 43 56 45 79 99 02 33 2C 29 C3 
 51 F3 42 36 A0 6E 4F 43 F2 08 67 6A 94 1E 8E C5 
 F4 39 54 7D D2 33 3A 62 93 E9 BA E1 00 CF 50 77 
 DF 21 F7 71 0A DD AC 00 EF E5 7C 33 C2 82 A4 60 
 8C C9 B9 F2 05 C5 76 D2 19 21 25 24 34 C2 F5 91 
 AF 6E AC AD 88 6B 1A 92 33 6C AB 12 45 38 
    IsEnEnabled(0x161 = 'ContextLoad'): 1
 SWTPM_IO_Write: length 14
 80 01 00 00 00 0E 00 00 00 00 02 00 00 00 
 SWTPM_IO_Read: length 131
 80 02 00 00 00 83 00 00 01 31 40 00 00 01 00 00 
 00 49 02 00 00 00 00 20 92 B1 9E 7F 34 9E 45 B8 
 74 E2 E3 4A 91 23 58 9D 13 9D EE 1E 2C 0E E9 B3 
 D5 84 B5 A0 56 73 C5 47 01 00 20 AE BD EB 1F 37 
 40 7B 9C DB 38 5E CA B1 80 BD 92 E9 55 37 6D 4F 
 2D C8 AF 35 D7 2A 18 60 99 11 79 00 04 00 00 00 
 00 00 1A 00 01 00 0B 00 03 00 72 00 00 00 06 00 
 80 00 43 00 10 08 00 00 00 00 00 00 00 00 00 00 
 00 00 00 
    IsEnEnabled(0x131 = 'CreatePrimary'): 1
 SWTPM_IO_Write: length 570
 80 02 00 00 02 3A 00 00 00 00 80 00 00 00 00 00 
 01 E3 01 1A 00 01 00 0B 00 03 00 72 00 00 00 06 
 00 80 00 43 00 10 08 00 00 00 00 00 01 00 B1 4A 
 E2 24 75 E7 F4 62 5B C7 71 80 3B 66 3E 9D FD 6C 
 38 A1 6A 92 39 68 2F 6F C5 03 45 D3 50 05 36 80 
 E0 A5 62 32 A0 82 2B D2 8B 2A 22 9E 88 DB 56 19 
 85 E4 A0 93 EA 2D 32 EC EC 43 9E 25 24 99 81 41 
 FF 84 B2 FF F5 91 46 6F 51 FE 24 6D 89 E9 64 2A 
 8D 47 9C 70 17 51 77 E6 05 07 CA 9B F8 CF 31 64 
 3F 4A 9C FF 5E 45 98 5C 57 A7 5B 5B 50 23 8A F1 
 75 F2 F7 A0 8F 6D 07 99 F6 D7 D1 E8 59 AC CB 46 
 F4 60 ED 45 12 6C 40 81 55 67 16 89 FD FD 16 B9 
 B7 18 3C 90 F1 2A 57 BC AD 79 C6 F2 03 76 82 10 
 30 56 4C 2B F2 8C FC FC 32 06 A1 0F 4C D5 5E 72 
 36 23 E4 01 BE 5E 98 1B C4 98 EE 8E 3A 3C C7 CF 
 F7 50 CC D7 67 DB 89 3D D0 41 FE 56 E6 41 6E 87 
 1D 09 37 A6 CA 6C 5E 31 82 33 60 88 69 AD 98 AA 
 5B F6 BF E7 61 6E 4C C7 58 1C 6C 4E 47 9A AA 31 
 78 1B 5E 5A 70 4A 62 EB 3C B3 15 7B 19 D9 00 37 
 00 00 00 00 00 20 E3 B0 C4 42 98 FC 1C 14 9A FB 
 F4 C8 99 6F B9 24 27 AE 41 E4 64 9B 93 4C A4 95 
 99 1B 78 52 B8 55 01 00 10 00 04 40 00 00 01 00 
 04 40 00 00 01 00 00 00 20 5D A0 41 BA C0 EE 31 
 35 AE BB 0C AD FB A4 97 C6 A1 87 7F AE 83 2D D3 
 D1 F8 F7 A8 71 B8 25 E8 54 80 21 40 00 00 01 00 
 40 10 9D B9 76 15 4D 95 9A D0 94 0F 4C 7B BF DA 
 4D 73 CC 96 08 88 B4 49 FF 89 CC 6D 08 36 D2 33 
 B9 F3 F5 84 E8 C8 47 7A F2 83 6F 16 4B 8D 85 E7 
 83 16 0E 6B 87 BC 83 94 1B 3F 4A 4B BF 98 3C 3D 
 0A 00 22 00 0B 6F 62 A5 92 85 2A 3F 7D 46 26 3F 
 68 69 DC BB 74 34 7E 21 71 C5 F6 22 23 73 2C F4 
 DB 24 25 6C 8F 00 20 14 D0 65 87 6E EF 1A 8A F7 
 C9 1E 57 E2 C6 D2 A1 D3 7E 0B 1E 3E 74 A6 45 08 
 E7 EB 2F 9A 75 78 8B 01 00 20 A1 D2 AA 6C 14 45 
 CD 1F 2F F2 27 69 5E 2B 49 B0 38 C6 9B 07 3C A7 
 34 49 43 F0 15 BE 9B 80 90 CD 
 SWTPM_IO_Read: length 14
 80 01 00 00 00 0E 00 00 01 62 80 00 00 00 
    IsEnEnabled(0x162 = 'ContextSave'): 1
 SWTPM_IO_Write: length 1268
 80 01 00 00 04 F4 00 00 00 00 00 00 00 00 00 00 
 01 38 80 00 00 00 40 00 00 01 04 D8 00 40 44 E1 
 82 0C C3 B2 86 47 99 DA 3E 61 D2 5C A0 6E 38 F7 
 21 BC 3A 27 BC 5E 89 F2 97 A1 50 9D 9C 13 9E B7 
 7F 20 22 CE B8 F9 F4 E9 80 FD F4 B1 22 02 10 E1 
 8F 34 75 04 64 9A 48 8E 7D 2B 53 4F 3A 52 6A 31 
 1B FE 7E 0B 7B 9D 24 24 10 6D EB 84 3B 24 10 95 
 C7 4C B4 B9 C3 73 84 49 10 0E 96 BE F9 6C BE BF 
 28 E6 E7 87 8C 6D 25 83 04 3D C0 86 0A 5E 99 D5 
 B9 7F 0D 2C BD 99 3D 5B AE 10 C2 0B D1 B6 E7 E2 
 02 8B AF 56 98 74 FD 29 FE 78 3E 3B EA DF 58 F0 
 37 BB 9C 08 14 44 B1 A7 BB 66 83 E6 7A 34 AF 32 
 7A 80 4F ED 7F B0 50 0D 5D C9 F6 5E 5C 85 78 29 
 BA 80 86 9C AF D5 61 F3 65 BB E0 D9 A7 15 6B 09 
 29 D7 BE 29 87 45 F9 5E 11 62 ED F8 C1 C3 07 0F 
 B6 73 8D FA 31 E8 B1 18 2C 41 29 ED 75 15 B4 83 
 BC FA 6F 86 C2 C2 4B 11 3F E8 86 9F AF F6 B1 DB 
 46 57 37 5A 4F 73 2D AB CF 5E A8 CB A4 D9 C4 58 
 16 91 21 38 4F E9 93 D5 75 39 4C 09 DD C0 C5 DA 
 BF E3 05 7E E6 6E C7 BF 1C D5 8A 71 2C CB 74 28 
 02 F5 2B 52 AB E1 4B 03 CF 04 4A E3 A3 78 16 8D 
 5D 71 57 8C 87 66 70 DB 03 95 5B 7A FF 17 2C 31 
 89 2E E1 52 33 44 14 1E 31 90 93 4B 3B 19 D7 0C 
 32 BD D9 22 72 D0 B4 1E 9A 5C DA 6E FB 91 50 68 
 C9 9B 92 C8 FE 85 DE 88 E6 81 01 F3 6D F2 16 A2 
 83 89 48 00 58 E1 BD C5 D6 2E A2 04 1A 49 DC A3 
 50 5E 52 FB 7D 33 00 19 FC D9 DD 55 23 91 49 2E 
 C4 2E B0 18 3F 5E 81 7E A0 AE 65 8B 1B EC B8 B1 
 3A 54 BA 6D DB 18 56 76 6F FC 23 99 99 CF EC ED 
 63 6C E2 C0 91 61 EB 42 74 3F 64 16 37 5A 9C CF 
 95 F5 CF 96 5C F0 0A C1 87 3C 20 6C 7D 83 B2 90 
 FD C7 C9 11 04 15 3C FA 3C 61 8A 62 AD E7 62 9F 
 3E 91 11 22 7A 8A BF C8 A7 3A 53 2D 9B F8 A8 20 
 C7 22 6F 91 DC DC F8 B7 B2 1D A5 FD 36 B9 F6 25 
 C3 28 F2 1E 20 7B AB CA 16 F7 00 A3 2C 11 29 9E 
 6D B9 96 7A 93 CB 71 25 6A CF 16 91 0D 13 03 B9 
 A6 90 70 87 42 21 C7 3E B3 73 00 44 C0 A3 5B 8A 
 4A 47 19 FF 28 2E C0 5E 6B 29 03 0A 6B 45 AB CE 
 D4 94 F8 22 02 46 D2 73 5F 91 0B 9E 16 56 D9 39 
 39 A2 34 C6 52 04 84 DC 31 22 23 11 C9 8E 37 8D 
 62 4A 51 FB D5 10 26 4E A9 37 BA 66 E2 85 A6 71 
 6C E9 E0 25 6D ED 4F 70 0B 10 88 B5 38 AA 76 F5 
 E0 03 51 A7 25 43 3F 42 C7 EC CE C5 54 31 5D 48 
 C1 B0 B2 A9 4C 36 23 23 1A 86 9B EE CA E7 F7 15 
 A5 E3 3A 93 13 7A AA FA B1 04 83 F4 FF 59 E9 4D 
 97 FD 4B 35 20 F0 6E CE 80 C4 0C 36 11 94 A6 0B 
 69 2D 2A 36 C9 A7 A6 EC 59 8A 0A 8D 9A F5 C6 9B 
 44 5E 55 21 F2 57 C8 92 BD 59 DC 71 10 9E EC 21 
 EC D5 63 09 4B A1 7B 63 97 9A 5E C7 8E 1B E6 61 
 65 A7 81 A1 34 F4 40 2B 5C 38 09 E5 03 26 EE CC 
 E6 EF D9 4C 4C 5A C3 7C 9F 76 B8 93 B2 17 9C 53 
 C3 85 E6 E8 CF 77 27 E4 28 C3 C0 13 E4 C4 92 7C 
 D8 A1 3E 44 DC 66 55 70 60 A8 A5 48 78 36 8C 03 
 58 C0 3A 45 A7 36 58 DD BC CF DE 9F 1B E5 45 AF 
 0F AE 10 73 3F BC B4 42 44 44 93 76 09 90 18 94 
 AA 99 49 96 AC 79 48 CB CB 56 42 E7 34 63 1B 8C 
 15 D4 FE FD EA A1 61 EB AA C1 AF 23 17 94 5F 38 
 CF 89 03 0B 29 CB 2A 4C D4 07 B2 12 EF DE CB 71 
 D4 40 4A D5 06 8D D6 75 97 A8 51 57 0D 37 10 8E 
 65 72 FC 04 AB 5A 1A 1E 2B A3 90 13 17 F8 0B 8C 
 93 AF 2F A0 FF DF 84 C9 B4 0F AC 5F 68 01 A2 DA 
 14 FC F9 E9 FE 75 4B 13 2F 25 65 BB E1 FB 49 FC 
 57 A3 7F 33 52 4C 58 B3 8D CC F7 69 0B 60 EE F9 
 C9 39 58 D0 03 6E E3 F0 88 52 87 D6 F2 01 78 7B 
 DB 4C C7 33 01 55 F5 9D 59 FB 4D 65 F1 2A 62 CF 
 22 09 7B A7 7E 94 BA EE 84 FB 46 75 D9 68 D9 A0 
 FC BE 7B 7A 63 39 C2 D2 DA B1 62 0E BD C2 C9 95 
 F2 4E D2 6D 1B AF A5 43 AE 01 A1 50 FE 36 46 9C 
 2A 50 34 5D 62 C5 91 B6 5F 41 9B 61 A6 41 0C F9 
 42 78 DB 8C AD DC 29 8C B0 E1 5E 17 9B 37 14 9B 
 54 29 89 51 34 4B 35 B7 71 45 32 3C BC 32 0F 98 
 E1 96 3B 0D C1 E7 36 A1 6A 10 31 ED F6 50 2F 2B 
 F3 79 F6 88 8C 5E F8 0D E8 EA A6 C6 F9 A1 8D 02 
 DE 56 19 68 62 94 14 EF BA C7 87 92 B8 A5 70 B9 
 A8 9A DA AA 0F 3D E2 72 60 61 4D CC 2D C8 F8 0E 
 34 74 3A FE 33 6C 2B 9A 45 61 66 AE CB 6F 6D DD 
 1B 23 75 67 1A A1 27 53 35 F6 36 A1 F1 F4 2B FA 
 4A 78 08 A9 CD 02 D3 9F EA 84 56 CB A2 8C 6C A7 
 2D FC 98 B4 32 2F 60 BB 8E 26 BC D0 25 37 D3 53 
 02 7D E8 26 
 SWTPM_IO_Read: length 14
 80 01 00 00 00 0E 00 00 01 65 80 00 00 00 
    IsEnEnabled(0x165 = 'FlushContext'): 1
 SWTPM_IO_Write: length 10
 80 01 00 00 00 0A 00 00 00 00 
 SWTPM_IO_Read: length 14
 80 01 00 00 00 0E 00 00 01 62 02 00 00 00 
    IsEnEnabled(0x162 = 'ContextSave'): 1
 SWTPM_IO_Write: length 414
 80 01 00 00 01 9E 00 00 00 00 00 00 00 00 00 00 
 01 06 02 00 00 00 40 00 00 07 01 82 00 40 AF A0 
 F3 6B AA 0B 28 10 89 8B AE E9 27 FA 5F CB F0 1E 
 92 0F 14 6E 9A 16 76 0E 5E 79 18 26 50 E2 1F 67 
 B0 18 10 D4 60 A3 8B 63 50 99 CD E6 A9 19 36 FA 
 0E 2A 6B 7A C3 3E 3C E9 9C FE 7D 9D 24 67 9D 24 
 C5 6E F3 ED BF 9D C9 78 A1 63 71 27 A0 45 C5 24 
 07 CB 10 41 4B 5B 36 0C 08 A5 9C 07 C3 6A BF 0C 
 A5 EF 85 85 19 C4 1B 96 F9 FD 11 DA FB 77 62 C0 
 CE D1 65 C9 C0 CE B2 C7 AC DE F2 1F E3 8E FC CD 
 EB 42 14 B7 CE FD 65 B1 31 43 60 38 83 F5 A7 CF 
 9B 24 91 3F 64 81 AB 69 35 D3 D6 AF B3 65 1E 5A 
 8A 2E 18 AE 34 EA 2E C3 05 D6 54 BB 8D 86 DF DF 
 BA 82 9B 07 E3 A6 43 B8 6A 14 30 E4 48 4A 5A 7D 
 5A E4 4B 78 44 AB 5A 96 56 D7 E4 9E 53 8E 29 9F 
 0A 36 6D DA 77 EF E3 53 1E 75 77 0C 01 72 39 3B 
 E5 C9 12 45 33 4C AA 15 31 40 73 FF E6 0F B1 BE 
 0F 3E 0A B1 C5 A6 2E 70 0B 53 51 8C CE BF CC FD 
 BA F7 29 5F 6A DF CF 6D 81 B5 38 7F 34 86 7F 45 
 38 BF F2 7A 3D 0B E0 88 A6 02 14 63 E6 DA 3C 32 
 C6 16 6A 59 28 C0 64 31 7E FC B8 D3 95 A0 C8 42 
 C0 31 C9 4E 3F D2 B9 5F 7B 7C 0D FD 18 46 04 81 
 F3 42 61 E4 17 0F FB 85 96 48 13 95 48 85 59 38 
 45 DB B2 3B 9B 69 98 0D DA 0F 7F DA 74 64 D3 D6 
 9E E8 F8 1F D7 8C BB DE 1B 22 54 9D 9B CB 89 ED 
 DF C3 A7 A9 86 76 D9 8B 09 76 18 3D 0F 9A 
 SWTPM_IO_Read: length 1268
 80 01 00 00 04 F4 00 00 01 61 00 00 00 00 00 00 
 01 38 80 00 00 00 40 00 00 01 04 D8 00 40 44 E1 
 82 0C C3 B2 86 47 99 DA 3E 61 D2 5C A0 6E 38 F7 
 21 BC 3A 27 BC 5E 89 F2 97 A1 50 9D 9C 13 9E B7 
 7F 20 22 CE B8 F9 F4 E9 80 FD F4 B1 22 02 10 E1 
 8F 34 75 04 64 9A 48 8E 7D 2B 53 4F 3A 52 6A 31 
 1B FE 7E 0B 7B 9D 24 24 10 6D EB 84 3B 24 10 95 
 C7 4C B4 B9 C3 73 84 49 10 0E 96 BE F9 6C BE BF 
 28 E6 E7 87 8C 6D 25 83 04 3D C0 86 0A 5E 99 D5 
 B9 7F 0D 2C BD 99 3D 5B AE 10 C2 0B D1 B6 E7 E2 
 02 8B AF 56 98 74 FD 29 FE 78 3E 3B EA DF 58 F0 
 37 BB 9C 08 14 44 B1 A7 BB 66 83 E6 7A 34 AF 32 
 7A 80 4F ED 7F B0 50 0D 5D C9 F6 5E 5C 85 78 29 
 BA 80 86 9C AF D5 61 F3 65 BB E0 D9 A7 15 6B 09 
 29 D7 BE 29 87 45 F9 5E 11 62 ED F8 C1 C3 07 0F 
 B6 73 8D FA 31 E8 B1 18 2C 41 29 ED 75 15 B4 83 
 BC FA 6F 86 C2 C2 4B 11 3F E8 86 9F AF F6 B1 DB 
 46 57 37 5A 4F 73 2D AB CF 5E A8 CB A4 D9 C4 58 
 16 91 21 38 4F E9 93 D5 75 39 4C 09 DD C0 C5 DA 
 BF E3 05 7E E6 6E C7 BF 1C D5 8A 71 2C CB 74 28 
 02 F5 2B 52 AB E1 4B 03 CF 04 4A E3 A3 78 16 8D 
 5D 71 57 8C 87 66 70 DB 03 95 5B 7A FF 17 2C 31 
 89 2E E1 52 33 44 14 1E 31 90 93 4B 3B 19 D7 0C 
 32 BD D9 22 72 D0 B4 1E 9A 5C DA 6E FB 91 50 68 
 C9 9B 92 C8 FE 85 DE 88 E6 81 01 F3 6D F2 16 A2 
 83 89 48 00 58 E1 BD C5 D6 2E A2 04 1A 49 DC A3 
 50 5E 52 FB 7D 33 00 19 FC D9 DD 55 23 91 49 2E 
 C4 2E B0 18 3F 5E 81 7E A0 AE 65 8B 1B EC B8 B1 
 3A 54 BA 6D DB 18 56 76 6F FC 23 99 99 CF EC ED 
 63 6C E2 C0 91 61 EB 42 74 3F 64 16 37 5A 9C CF 
 95 F5 CF 96 5C F0 0A C1 87 3C 20 6C 7D 83 B2 90 
 FD C7 C9 11 04 15 3C FA 3C 61 8A 62 AD E7 62 9F 
 3E 91 11 22 7A 8A BF C8 A7 3A 53 2D 9B F8 A8 20 
 C7 22 6F 91 DC DC F8 B7 B2 1D A5 FD 36 B9 F6 25 
 C3 28 F2 1E 20 7B AB CA 16 F7 00 A3 2C 11 29 9E 
 6D B9 96 7A 93 CB 71 25 6A CF 16 91 0D 13 03 B9 
 A6 90 70 87 42 21 C7 3E B3 73 00 44 C0 A3 5B 8A 
 4A 47 19 FF 28 2E C0 5E 6B 29 03 0A 6B 45 AB CE 
 D4 94 F8 22 02 46 D2 73 5F 91 0B 9E 16 56 D9 39 
 39 A2 34 C6 52 04 84 DC 31 22 23 11 C9 8E 37 8D 
 62 4A 51 FB D5 10 26 4E A9 37 BA 66 E2 85 A6 71 
 6C E9 E0 25 6D ED 4F 70 0B 10 88 B5 38 AA 76 F5 
 E0 03 51 A7 25 43 3F 42 C7 EC CE C5 54 31 5D 48 
 C1 B0 B2 A9 4C 36 23 23 1A 86 9B EE CA E7 F7 15 
 A5 E3 3A 93 13 7A AA FA B1 04 83 F4 FF 59 E9 4D 
 97 FD 4B 35 20 F0 6E CE 80 C4 0C 36 11 94 A6 0B 
 69 2D 2A 36 C9 A7 A6 EC 59 8A 0A 8D 9A F5 C6 9B 
 44 5E 55 21 F2 57 C8 92 BD 59 DC 71 10 9E EC 21 
 EC D5 63 09 4B A1 7B 63 97 9A 5E C7 8E 1B E6 61 
 65 A7 81 A1 34 F4 40 2B 5C 38 09 E5 03 26 EE CC 
 E6 EF D9 4C 4C 5A C3 7C 9F 76 B8 93 B2 17 9C 53 
 C3 85 E6 E8 CF 77 27 E4 28 C3 C0 13 E4 C4 92 7C 
 D8 A1 3E 44 DC 66 55 70 60 A8 A5 48 78 36 8C 03 
 58 C0 3A 45 A7 36 58 DD BC CF DE 9F 1B E5 45 AF 
 0F AE 10 73 3F BC B4 42 44 44 93 76 09 90 18 94 
 AA 99 49 96 AC 79 48 CB CB 56 42 E7 34 63 1B 8C 
 15 D4 FE FD EA A1 61 EB AA C1 AF 23 17 94 5F 38 
 CF 89 03 0B 29 CB 2A 4C D4 07 B2 12 EF DE CB 71 
 D4 40 4A D5 06 8D D6 75 97 A8 51 57 0D 37 10 8E 
 65 72 FC 04 AB 5A 1A 1E 2B A3 90 13 17 F8 0B 8C 
 93 AF 2F A0 FF DF 84 C9 B4 0F AC 5F 68 01 A2 DA 
 14 FC F9 E9 FE 75 4B 13 2F 25 65 BB E1 FB 49 FC 
 57 A3 7F 33 52 4C 58 B3 8D CC F7 69 0B 60 EE F9 
 C9 39 58 D0 03 6E E3 F0 88 52 87 D6 F2 01 78 7B 
 DB 4C C7 33 01 55 F5 9D 59 FB 4D 65 F1 2A 62 CF 
 22 09 7B A7 7E 94 BA EE 84 FB 46 75 D9 68 D9 A0 
 FC BE 7B 7A 63 39 C2 D2 DA B1 62 0E BD C2 C9 95 
 F2 4E D2 6D 1B AF A5 43 AE 01 A1 50 FE 36 46 9C 
 2A 50 34 5D 62 C5 91 B6 5F 41 9B 61 A6 41 0C F9 
 42 78 DB 8C AD DC 29 8C B0 E1 5E 17 9B 37 14 9B 
 54 29 89 51 34 4B 35 B7 71 45 32 3C BC 32 0F 98 
 E1 96 3B 0D C1 E7 36 A1 6A 10 31 ED F6 50 2F 2B 
 F3 79 F6 88 8C 5E F8 0D E8 EA A6 C6 F9 A1 8D 02 
 DE 56 19 68 62 94 14 EF BA C7 87 92 B8 A5 70 B9 
 A8 9A DA AA 0F 3D E2 72 60 61 4D CC 2D C8 F8 0E 
 34 74 3A FE 33 6C 2B 9A 45 61 66 AE CB 6F 6D DD 
 1B 23 75 67 1A A1 27 53 35 F6 36 A1 F1 F4 2B FA 
 4A 78 08 A9 CD 02 D3 9F EA 84 56 CB A2 8C 6C A7 
 2D FC 98 B4 32 2F 60 BB 8E 26 BC D0 25 37 D3 53 
 02 7D E8 26 
    IsEnEnabled(0x161 = 'ContextLoad'): 1
 SWTPM_IO_Write: length 14
 80 01 00 00 00 0E 00 00 00 00 80 00 00 00 
 SWTPM_IO_Read: length 414
 80 01 00 00 01 9E 00 00 01 61 00 00 00 00 00 00 
 01 06 02 00 00 00 40 00 00 07 01 82 00 40 AF A0 
 F3 6B AA 0B 28 10 89 8B AE E9 27 FA 5F CB F0 1E 
 92 0F 14 6E 9A 16 76 0E 5E 79 18 26 50 E2 1F 67 
 B0 18 10 D4 60 A3 8B 63 50 99 CD E6 A9 19 36 FA 
 0E 2A 6B 7A C3 3E 3C E9 9C FE 7D 9D 24 67 9D 24 
 C5 6E F3 ED BF 9D C9 78 A1 63 71 27 A0 45 C5 24 
 07 CB 10 41 4B 5B 36 0C 08 A5 9C 07 C3 6A BF 0C 
 A5 EF 85 85 19 C4 1B 96 F9 FD 11 DA FB 77 62 C0 
 CE D1 65 C9 C0 CE B2 C7 AC DE F2 1F E3 8E FC CD 
 EB 42 14 B7 CE FD 65 B1 31 43 60 38 83 F5 A7 CF 
 9B 24 91 3F 64 81 AB 69 35 D3 D6 AF B3 65 1E 5A 
 8A 2E 18 AE 34 EA 2E C3 05 D6 54 BB 8D 86 DF DF 
 BA 82 9B 07 E3 A6 43 B8 6A 14 30 E4 48 4A 5A 7D 
 5A E4 4B 78 44 AB 5A 96 56 D7 E4 9E 53 8E 29 9F 
 0A 36 6D DA 77 EF E3 53 1E 75 77 0C 01 72 39 3B 
 E5 C9 12 45 33 4C AA 15 31 40 73 FF E6 0F B1 BE 
 0F 3E 0A B1 C5 A6 2E 70 0B 53 51 8C CE BF CC FD 
 BA F7 29 5F 6A DF CF 6D 81 B5 38 7F 34 86 7F 45 
 38 BF F2 7A 3D 0B E0 88 A6 02 14 63 E6 DA 3C 32 
 C6 16 6A 59 28 C0 64 31 7E FC B8 D3 95 A0 C8 42 
 C0 31 C9 4E 3F D2 B9 5F 7B 7C 0D FD 18 46 04 81 
 F3 42 61 E4 17 0F FB 85 96 48 13 95 48 85 59 38 
 45 DB B2 3B 9B 69 98 0D DA 0F 7F DA 74 64 D3 D6 
 9E E8 F8 1F D7 8C BB DE 1B 22 54 9D 9B CB 89 ED 
 DF C3 A7 A9 86 76 D9 8B 09 76 18 3D 0F 9A 
    IsEnEnabled(0x161 = 'ContextLoad'): 1
 SWTPM_IO_Write: length 14
 80 01 00 00 00 0E 00 00 00 00 02 00 00 00 
 SWTPM_IO_Read: length 14
 80 01 00 00 00 0E 00 00 01 62 80 00 00 00 
    IsEnEnabled(0x162 = 'ContextSave'): 1
 SWTPM_IO_Write: length 1268
 80 01 00 00 04 F4 00 00 00 00 00 00 00 00 00 00 
 01 39 80 00 00 00 40 00 00 01 04 D8 00 40 49 16 
 F2 21 0C 67 72 81 26 C4 1C 1F F3 66 E2 22 24 E8 
 51 0F 26 49 3C 8A 7C 51 A6 68 9A FB E9 A4 DC 09 
 A1 BF A6 FA 6C 61 F1 2A DB C5 1D B8 C0 57 E1 C4 
 86 51 88 5B CF 1D 9B 96 25 E9 D1 20 42 D9 D0 B3 
 85 3B 51 8E 52 2C 1B 36 31 FF CB 2A E3 11 4C D5 
 C9 54 29 B1 EC 72 B2 47 32 79 6F 96 98 BC C2 3E 
 D9 6D 89 87 9F AB 70 DA CF DF E1 BF D6 D4 F2 11 
 59 50 2E 2A 3F 00 E6 5B 88 C8 5D 3B CC 20 94 45 
 22 3C E1 9A 4D 36 EE 78 08 C1 BE 31 BF 82 6B 3E 
 35 DF 3B 60 7C DA F2 1F 03 D9 DC C2 BF 04 75 56 
 2A BA 85 C7 97 B8 6D 44 F8 05 1C B5 D9 ED 12 5E 
 DA 06 C9 34 E9 E0 6A E7 F7 72 CB A8 E7 42 5A AB 
 66 F3 63 D9 33 51 14 20 04 AF 96 34 4E 33 EF C4 
 04 94 8F 48 53 D7 B4 84 D9 1A 83 D8 83 6A 90 96 
 7A A6 AF 10 B0 1F 7B 62 9C 26 0F DB B5 93 8E 1B 
 A1 86 6E 51 63 10 D3 25 78 D7 3E FF 05 4A 45 BE 
 A3 0E 75 4E 9D AA 7B D4 34 7A 8D 0D F0 3D C3 BF 
 81 7B BF 20 3E 0A 63 64 A8 AA 56 AC 79 71 44 22 
 C4 15 B1 06 17 CE 13 3D EA 4A 66 1E 77 C0 C9 05 
 38 8C 4C 16 6E 61 D1 C8 CA 4D A9 14 5D 66 F2 1A 
 36 17 27 AC 1B 9D 41 E5 52 6C B8 D4 99 EB 62 B6 
 DA 53 A8 1F BF 57 C4 15 B6 93 FA B8 4B 38 61 CE 
 EF A1 7B 76 70 2B 20 CC 55 73 06 52 0C BC 64 32 
 51 6F 28 62 62 04 CF 06 CB 55 66 87 60 39 56 28 
 1B FF 2F EA 47 1E 7C 13 77 15 2D BB D1 CD BE 72 
 CD 56 72 FA E0 D6 8D 18 9F 26 D5 CC F9 91 E6 CE 
 3A 86 40 2A 70 BC 9B 06 1C B7 D7 92 3E 24 BD 97 
 3A DE 36 B1 A3 A6 8D A7 12 19 AF 52 C5 F5 2C 6B 
 30 55 53 6D 27 71 A3 04 76 63 6E 0B B5 A5 E9 01 
 19 03 BE 27 5F B3 AC D4 B4 ED 5D 60 66 3F 71 5E 
 F3 55 05 CF 0F 3C B6 0E F9 0F 2D 51 5F 44 AB 8E 
 45 F9 AB 5B 36 9E C3 72 F4 B0 22 11 44 16 A9 22 
 3B 44 B5 82 3E 7D 6A 5E A6 F0 43 19 F9 6A DD C9 
 01 3B B6 B2 32 9F 1F 9A 2D 18 C4 32 77 A6 93 5A 
 93 55 42 BF 4C 11 84 85 5B EF 04 78 F1 14 44 B9 
 C1 D4 E7 07 89 B0 64 84 F3 00 85 32 D4 1D 8D 0D 
 F4 EA 55 BA 81 F7 D6 26 C0 4B 55 8A 1A 2D 25 C5 
 99 DD F8 BB A6 22 A0 57 13 F4 90 E0 DD 98 2C 32 
 E0 D8 0A EE E1 A8 54 AD F6 77 0D E0 CB 16 AE 6A 
 F3 65 0E 64 6B 4C ED D1 72 CC 07 94 38 FD AF CA 
 E1 6E 25 4E E6 57 A4 2A 25 6C 3A 05 3A 01 AE 26 
 48 63 95 4F 0E 84 D4 5E 12 C0 D1 9E F8 62 05 5C 
 83 2E 30 EC E6 C9 F6 4A 54 CF 69 6E A2 DF 0C F1 
 17 E6 D8 2C 19 F1 90 A1 88 A1 FB 93 9C 78 37 37 
 90 6F E9 D8 19 E2 80 FF B9 D2 56 A8 FC 26 27 C2 
 D1 36 CF 91 B6 D3 29 EE 11 C0 60 C7 A2 C0 8F BC 
 80 21 41 75 18 72 A0 2B 61 F5 5E 68 C5 31 CD B8 
 D1 72 98 F8 4A 5A 64 3D 86 FA C6 B8 28 7E D3 E1 
 E5 4C 06 EA 87 06 B6 29 35 51 AF 5C C9 5E 54 3A 
 62 34 B1 5D 79 EB 56 25 DF 59 38 BB 92 62 1F 31 
 5D E2 DC B1 DD 9C 8A 3F A8 30 9A B5 5D 01 8F 6C 
 DA 0F F7 93 9C CE A3 48 B4 83 84 0D 7E BE 52 C5 
 AD 79 0F 24 B1 76 65 BC C4 75 73 C2 34 2E CE 33 
 26 9B 53 E5 9B 8E 30 C7 18 A3 A4 D2 AA 9E D8 CE 
 06 96 80 9C F1 1F 74 9F FD 67 8A 72 EF 77 39 41 
 E9 FD A5 85 60 F3 2B FF 6E 8C B3 73 19 05 31 40 
 E3 E1 F9 B4 79 9D C6 C1 D4 8A 2E 31 E7 86 DE 9A 
 40 2A 5C 86 77 10 E9 F1 DC 66 0C ED 51 E8 EE A6 
 E9 E8 41 88 83 61 63 A0 89 76 A6 C4 38 5C DB E1 
 7D F6 92 9C 67 B8 56 75 E6 99 5F 6F 14 42 B5 D7 
 B6 6E E9 FF 6B F2 68 2D 93 EA 87 2D AE 33 DE 24 
 DA EC 02 76 94 B4 D8 68 A9 01 AF A5 F6 EA 25 D1 
 5A C1 FA 20 91 6C FB FF 46 C8 2F 27 0C B4 D3 AE 
 BF ED 60 60 F8 69 8B 3B C7 28 4F 72 58 96 93 44 
 E0 88 A4 88 3A 4F C7 55 9D 3C 4B 0C 5D 2E 8B A0 
 4A 55 7C 65 12 28 94 74 DE B0 37 FD 9B B2 4B EB 
 3B 81 27 BC 18 91 4A F2 60 0A 84 4E DF 22 65 F9 
 56 70 C7 79 F4 18 8B ED B8 2E 29 58 1E 9E 8A A6 
 88 99 0A 21 F7 05 AD BD 3C 5F 3F 93 3E F6 E4 4A 
 6E B8 BC 9D 6B 53 DF 18 8C 3F BA 44 10 A6 AE FE 
 10 E6 D3 16 F3 D7 FE 81 0C 35 F5 BB 2D C1 DD 49 
 5D 5A 9B 60 6F 82 42 51 83 0D D2 C4 61 C6 6D DC 
 F7 8B 25 E0 BA 0E F3 69 C2 2C 22 69 1A 5D EF 73 
 57 B1 45 6C E9 D4 19 D1 F7 1D 56 0B 69 9D 95 31 
 7A 08 13 75 0D 9D F9 04 1C DE 62 74 E7 DA AE 7A 
 EE 23 E7 04 36 40 CF AA 20 BE 8A 08 0E CF B1 CF 
 D9 84 CD E4 62 42 59 B8 BF 40 21 16 81 DB F7 9B 
 3F 2F EF 1F 
 SWTPM_IO_Read: length 14
 80 01 00 00 00 0E 00 00 01 62 80 00 00 00 
    IsEnEnabled(0x162 = 'ContextSave'): 1
 SWTPM_IO_Write: length 1268
 80 01 00 00 04 F4 00 00 00 00 00 00 00 00 00 00 
 01 3A 80 00 00 00 40 00 00 01 04 D8 00 40 9D 67 
 46 96 8D A9 87 48 09 E6 17 CC 3F CB 68 D2 8C 10 
 FF 13 7F B5 9A 12 A9 D0 64 C0 16 00 B5 8B B9 2B 
 59 AD 33 14 DB 3D 8B E3 CC 30 8B F7 5C ED B6 19 
 5B B7 CF B0 FE 75 2B F6 41 66 2A EA AB 1C BE 2B 
 0C C3 40 F5 3C 1C C2 B3 17 6D C7 5D AB 15 5F B0 
 46 49 A2 CD DF 94 60 2A 8B FC FF B3 D8 41 93 FF 
 1E A0 7A 90 39 FD AE EE 4E 83 97 3C 91 2B B3 A2 
 37 7C 00 DA 63 C8 9E 2E 45 55 7C 03 B2 7E 59 53 
 90 85 15 00 1E E0 D0 AB 17 88 D5 3B 4F B2 D5 D9 
 06 88 FC 79 ED 1A 9C FD 2B 55 02 54 3B 36 EA D8 
 0B 1F C5 79 89 87 74 90 89 F8 6E EF EC 47 BD BE 
 FC 38 36 F8 9D 07 2F 6E 0B 2A 68 49 D8 DC 3B C2 
 34 5A 9D A2 61 1F 10 3E 7D AF 45 45 4D D1 1B 43 
 05 A3 3C 59 34 4C 65 18 7B 98 49 13 FF 04 BF FA 
 7D 6F 82 48 D4 38 F3 AF C1 C3 77 B1 7E 10 F4 50 
 D0 BD F8 0C 4D E1 9D 8C FD 81 5D D3 48 56 CF 92 
 37 27 97 2E 8E 72 23 B3 0D 35 02 61 B6 76 30 41 
 2E 25 13 90 85 37 FF BF 49 07 0D EB 29 88 C6 91 
 2C 6F BF 07 1E 67 79 F9 E5 87 A1 98 E5 08 DA 6C 
 12 62 5F BA 26 91 4A C1 B1 6D 7C EE 8A CE A7 08 
 E9 41 EB 20 13 40 72 45 B8 D8 75 44 47 22 93 F6 
 29 AE 2E 39 20 88 FD DB CF 26 ED 48 C1 B9 85 CA 
 02 95 F5 F1 F8 7B D2 28 13 E4 AF ED 52 58 62 FE 
 79 51 43 D8 92 11 82 C9 9E D7 F0 36 B7 F8 E2 02 
 97 DD 6C B9 85 3F E9 5A 66 FD AE 2C C7 9F 7F B5 
 9F 84 A5 32 0E 2E F6 7D 03 09 05 0F D1 E6 04 85 
 DB E4 A2 B7 08 71 CB 3F D1 54 55 FD 6A 6F C0 E3 
 02 EA 25 1D 9C 27 F4 E3 BD C8 B4 FF 04 41 FA 92 
 2F 37 94 07 B8 A8 68 37 BA 6B F9 D3 6A C4 A6 A3 
 65 58 D3 12 0B 47 C3 E8 9A 92 E8 06 42 2A 88 03 
 B2 5B 02 DF 8A 6A 2A 08 AE 5A EE C5 B8 CC E9 38 
 B4 7F F9 F7 8B 59 40 B2 76 6F EC DE 35 34 91 86 
 86 8F CA 5C 79 D8 84 88 E6 9A CA 2E 12 9E 4A B4 
 30 7C 0E C1 CC 13 50 B7 EC 67 AE 34 03 24 42 8D 
 EB 3D A7 13 F9 3B 86 AD 6B 79 2E E9 28 3D 6A 55 
 C3 44 CB 39 BF E2 FD B5 2A D9 12 3A ED 8E 6E 42 
 FF 50 25 DB FB 8B 89 04 84 A7 D5 D2 D1 9C F0 E3 
 30 B1 A1 F3 27 96 3B 8C 3F C2 54 13 F2 85 04 74 
 AE 33 24 3D 45 62 60 65 85 60 6C EC 04 A5 4A 30 
 86 6A 3C 61 9B DC 03 3C 6A 9E 60 C4 C3 61 B0 A5 
 13 1C 44 A9 1D 5A 6D A2 20 56 C0 7F 3A DC 77 3B 
 28 A3 26 B4 8D 0D D0 1A 64 1D AC 9B 42 22 5D AB 
 41 1B 52 1F 3F 71 2F BA FB 90 C8 D5 6D 86 71 82 
 B9 39 CA 0A 12 52 E6 D4 BB 1E DE 03 C5 42 2C 82 
 4F F3 3E 1B EA 42 79 D1 5E 0D 68 AC AE 64 E3 35 
 4E 59 18 7C 13 B4 44 ED E8 3A B6 AF 92 60 0A 08 
 15 26 F6 8C 36 7D 38 20 E9 ED 48 5C 00 48 E2 F7 
 FA D3 38 98 E3 73 02 DE F2 02 C7 B4 B3 7B 57 F4 
 B4 5B AA DB E6 54 16 28 FD 79 3A 72 27 6C 6F B9 
 08 D3 63 3F AF 7C 07 F1 65 02 53 23 4A BA 91 02 
 BC 41 7F 5E EC E7 FA 85 FB F1 5E 86 61 5E 6E 0D 
 68 D0 60 4F C0 DE 09 90 C8 F0 76 7C 95 7E D3 C5 
 3D 2B A5 6F 4B BF 2E 03 51 F6 A7 F8 D8 87 21 86 
 68 98 D8 55 C0 4B C4 E5 49 79 66 26 54 45 63 BF 
 01 BF 29 60 1B DE 0C 3B 2B CE 35 50 02 AE 9C 2C 
 43 55 E5 C7 EF DD 44 B6 BE 70 91 FC EA 15 2C D1 
 31 9F FF D9 C8 67 87 B3 0A 50 97 9A 45 86 A3 D0 
 E1 56 ED E0 AD DF 46 22 6C F0 4B 08 F6 E5 03 75 
 D0 90 2D E5 A3 3D 33 D5 95 FA 21 E7 9A 22 F3 D2 
 CB 49 05 54 F4 0B 5F BA 28 82 00 54 8B D2 61 B5 
 7B 84 A4 09 89 B0 96 FC 66 CD 53 9E A8 C8 EC 06 
 68 41 0F 28 34 51 E4 B6 01 B9 CD AE FA 6D B6 11 
 13 9B E2 99 03 AE B0 17 44 22 98 02 24 D6 AF 3D 
 9F B4 0E 10 0A C6 52 44 87 E5 CC 07 29 EA 9C CE 
 75 BD E9 7F F8 9B 25 5F 4B E9 66 E0 D3 6D E1 C7 
 4E 9E A9 8E CF FA C1 B5 2A 61 99 66 B1 A0 24 87 
 D0 21 83 16 2D 06 15 35 09 25 61 C4 C1 C7 14 38 
 A4 98 C6 4E 16 60 7C F8 D0 DE 0E 01 F7 F0 8B 2D 
 65 9D 9F F9 C3 0E 0D C4 D4 4C 1A FB F6 E5 C2 D6 
 A1 5F F9 D5 40 56 67 5F 16 DE E8 CC 31 33 92 FF 
 C5 F7 1C 9B 4F 28 DD 1D 04 0C A4 CD 6A 87 7A 0B 
 1F C2 C3 B6 31 CB 48 23 1A DA AD 62 13 5F 14 FE 
 57 0C CC 2C 2B D3 EF 1A F2 69 EB 31 34 8D 05 CF 
 AC ED C2 20 35 98 69 41 BA E4 BB 16 5E 85 79 BB 
 9C 10 92 02 2A A8 96 56 42 A1 5D A2 E3 3D 1B 3F 
 2F 2C 0C BB 76 5A 9C A8 54 54 42 DB DA 53 C0 5A 
 8A 38 35 47 78 93 40 C4 BE 03 31 04 6C B1 E8 60 
 54 5D A3 53 
 SWTPM_IO_Read: length 14
 80 01 00 00 00 0E 00 00 01 65 80 00 00 00 
    IsEnEnabled(0x165 = 'FlushContext'): 1
 SWTPM_IO_Write: length 10
 80 01 00 00 00 0A 00 00 00 00 
 SWTPM_IO_Read: length 14
 80 01 00 00 00 0E 00 00 01 62 02 00 00 00 
    IsEnEnabled(0x162 = 'ContextSave'): 1
 SWTPM_IO_Write: length 414
 80 01 00 00 01 9E 00 00 00 00 00 00 00 00 00 00 
 01 07 02 00 00 00 40 00 00 07 01 82 00 40 32 37 
 98 EA EC 12 C7 5E 77 80 5D FE 68 E3 82 CB E0 7D 
 93 04 DA 18 98 9C 5F 48 05 BA F5 D3 8A 28 55 79 
 93 A2 34 C7 F1 6F B8 42 27 6D D6 66 A7 20 73 F8 
 A2 CE 44 7A 86 E2 82 36 7A E4 45 8D 19 E8 EE F0 
 7E A0 FE 79 EF 86 CA 35 B1 33 E0 19 1F 50 7D F7 
 1D 83 28 0E 05 B4 5B F6 56 60 60 B7 9A EE 22 BA 
 A9 97 33 A9 02 AB 1B A7 A5 98 A1 B9 B6 E8 2A 54 
 11 8C 09 E4 DF 98 00 A0 AE 7F BE 9B D5 04 02 07 
 C9 23 B3 A2 D5 0E C9 B3 04 35 C2 31 A2 7A 1B D5 
 4C F0 E3 D3 18 4F 90 1E 67 2E 15 21 5D C3 F6 C8 
 CE 2D 4E DD E2 75 9C 7C 53 CB 82 6D 40 C0 D7 31 
 EF 4D 3D 45 ED EC F0 9B 8A 9B 38 99 38 0E 36 97 
 01 C4 27 63 7C 63 E2 83 2C C7 D4 64 E1 68 37 4D 
 9A 02 14 66 C8 3D 9B 0E F7 91 E4 7C B8 0A 40 4F 
 B3 13 45 58 D2 4F 45 E9 59 6D BE 97 2E 87 37 7A 
 AF 10 8C 17 0F A5 6B D1 2C 43 33 4C 5D 1A 53 D7 
 0F 15 15 78 33 80 17 B7 19 B2 60 03 C1 23 03 76 
 75 DC D2 2A 3D F2 81 F1 83 C7 FD 29 EB 6C F3 E5 
 BA 8C AB F8 C3 95 F9 77 87 25 3F 22 1B 51 32 67 
 16 24 27 BF 9A F8 DA 9F E6 F0 DB F5 41 CA C8 EB 
 B5 8F 8C A4 33 40 FF 95 B9 17 67 2E 62 FE 07 B8 
 93 BE BB BB A3 02 D5 8D 33 16 6B BB 6A 52 B6 8B 
 18 3E 8C 33 E8 6E 0D 52 59 25 B3 D3 05 0A 7D 46 
 5D C8 06 05 E3 56 EA E0 B8 D9 95 6C 04 B0 
 SWTPM_IO_Read: length 1268
 80 01 00 00 04 F4 00 00 01 61 00 00 00 00 00 00 
 01 3A 80 00 00 00 40 00 00 01 04 D8 00 40 9D 67 
 46 96 8D A9 87 48 09 E6 17 CC 3F CB 68 D2 8C 10 
 FF 13 7F B5 9A 12 A9 D0 64 C0 16 00 B5 8B B9 2B 
 59 AD 33 14 DB 3D 8B E3 CC 30 8B F7 5C ED B6 19 
 5B B7 CF B0 FE 75 2B F6 41 66 2A EA AB 1C BE 2B 
 0C C3 40 F5 3C 1C C2 B3 17 6D C7 5D AB 15 5F B0 
 46 49 A2 CD DF 94 60 2A 8B FC FF B3 D8 41 93 FF 
 1E A0 7A 90 39 FD AE EE 4E 83 97 3C 91 2B B3 A2 
 37 7C 00 DA 63 C8 9E 2E 45 55 7C 03 B2 7E 59 53 
 90 85 15 00 1E E0 D0 AB 17 88 D5 3B 4F B2 D5 D9 
 06 88 FC 79 ED 1A 9C FD 2B 55 02 54 3B 36 EA D8 
 0B 1F C5 79 89 87 74 90 89 F8 6E EF EC 47 BD BE 
 FC 38 36 F8 9D 07 2F 6E 0B 2A 68 49 D8 DC 3B C2 
 34 5A 9D A2 61 1F 10 3E 7D AF 45 45 4D D1 1B 43 
 05 A3 3C 59 34 4C 65 18 7B 98 49 13 FF 04 BF FA 
 7D 6F 82 48 D4 38 F3 AF C1 C3 77 B1 7E 10 F4 50 
 D0 BD F8 0C 4D E1 9D 8C FD 81 5D D3 48 56 CF 92 
 37 27 97 2E 8E 72 23 B3 0D 35 02 61 B6 76 30 41 
 2E 25 13 90 85 37 FF BF 49 07 0D EB 29 88 C6 91 
 2C 6F BF 07 1E 67 79 F9 E5 87 A1 98 E5 08 DA 6C 
 12 62 5F BA 26 91 4A C1 B1 6D 7C EE 8A CE A7 08 
 E9 41 EB 20 13 40 72 45 B8 D8 75 44 47 22 93 F6 
 29 AE 2E 39 20 88 FD DB CF 26 ED 48 C1 B9 85 CA 
 02 95 F5 F1 F8 7B D2 28 13 E4 AF ED 52 58 62 FE 
 79 51 43 D8 92 11 82 C9 9E D7 F0 36 B7 F8 E2 02 
 97 DD 6C B9 85 3F E9 5A 66 FD AE 2C C7 9F 7F B5 
 9F 84 A5 32 0E 2E F6 7D 03 09 05 0F D1 E6 04 85 
 DB E4 A2 B7 08 71 CB 3F D1 54 55 FD 6A 6F C0 E3 
 02 EA 25 1D 9C 27 F4 E3 BD C8 B4 FF 04 41 FA 92 
 2F 37 94 07 B8 A8 68 37 BA 6B F9 D3 6A C4 A6 A3 
 65 58 D3 12 0B 47 C3 E8 9A 92 E8 06 42 2A 88 03 
 B2 5B 02 DF 8A 6A 2A 08 AE 5A EE C5 B8 CC E9 38 
 B4 7F F9 F7 8B 59 40 B2 76 6F EC DE 35 34 91 86 
 86 8F CA 5C 79 D8 84 88 E6 9A CA 2E 12 9E 4A B4 
 30 7C 0E C1 CC 13 50 B7 EC 67 AE 34 03 24 42 8D 
 EB 3D A7 13 F9 3B 86 AD 6B 79 2E E9 28 3D 6A 55 
 C3 44 CB 39 BF E2 FD B5 2A D9 12 3A ED 8E 6E 42 
 FF 50 25 DB FB 8B 89 04 84 A7 D5 D2 D1 9C F0 E3 
 30 B1 A1 F3 27 96 3B 8C 3F C2 54 13 F2 85 04 74 
 AE 33 24 3D 45 62 60 65 85 60 6C EC 04 A5 4A 30 
 86 6A 3C 61 9B DC 03 3C 6A 9E 60 C4 C3 61 B0 A5 
 13 1C 44 A9 1D 5A 6D A2 20 56 C0 7F 3A DC 77 3B 
 28 A3 26 B4 8D 0D D0 1A 64 1D AC 9B 42 22 5D AB 
 41 1B 52 1F 3F 71 2F BA FB 90 C8 D5 6D 86 71 82 
 B9 39 CA 0A 12 52 E6 D4 BB 1E DE 03 C5 42 2C 82 
 4F F3 3E 1B EA 42 79 D1 5E 0D 68 AC AE 64 E3 35 
 4E 59 18 7C 13 B4 44 ED E8 3A B6 AF 92 60 0A 08 
 15 26 F6 8C 36 7D 38 20 E9 ED 48 5C 00 48 E2 F7 
 FA D3 38 98 E3 73 02 DE F2 02 C7 B4 B3 7B 57 F4 
 B4 5B AA DB E6 54 16 28 FD 79 3A 72 27 6C 6F B9 
 08 D3 63 3F AF 7C 07 F1 65 02 53 23 4A BA 91 02 
 BC 41 7F 5E EC E7 FA 85 FB F1 5E 86 61 5E 6E 0D 
 68 D0 60 4F C0 DE 09 90 C8 F0 76 7C 95 7E D3 C5 
 3D 2B A5 6F 4B BF 2E 03 51 F6 A7 F8 D8 87 21 86 
 68 98 D8 55 C0 4B C4 E5 49 79 66 26 54 45 63 BF 
 01 BF 29 60 1B DE 0C 3B 2B CE 35 50 02 AE 9C 2C 
 43 55 E5 C7 EF DD 44 B6 BE 70 91 FC EA 15 2C D1 
 31 9F FF D9 C8 67 87 B3 0A 50 97 9A 45 86 A3 D0 
 E1 56 ED E0 AD DF 46 22 6C F0 4B 08 F6 E5 03 75 
 D0 90 2D E5 A3 3D 33 D5 95 FA 21 E7 9A 22 F3 D2 
 CB 49 05 54 F4 0B 5F BA 28 82 00 54 8B D2 61 B5 
 7B 84 A4 09 89 B0 96 FC 66 CD 53 9E A8 C8 EC 06 
 68 41 0F 28 34 51 E4 B6 01 B9 CD AE FA 6D B6 11 
 13 9B E2 99 03 AE B0 17 44 22 98 02 24 D6 AF 3D 
 9F B4 0E 10 0A C6 52 44 87 E5 CC 07 29 EA 9C CE 
 75 BD E9 7F F8 9B 25 5F 4B E9 66 E0 D3 6D E1 C7 
 4E 9E A9 8E CF FA C1 B5 2A 61 99 66 B1 A0 24 87 
 D0 21 83 16 2D 06 15 35 09 25 61 C4 C1 C7 14 38 
 A4 98 C6 4E 16 60 7C F8 D0 DE 0E 01 F7 F0 8B 2D 
 65 9D 9F F9 C3 0E 0D C4 D4 4C 1A FB F6 E5 C2 D6 
 A1 5F F9 D5 40 56 67 5F 16 DE E8 CC 31 33 92 FF 
 C5 F7 1C 9B 4F 28 DD 1D 04 0C A4 CD 6A 87 7A 0B 
 1F C2 C3 B6 31 CB 48 23 1A DA AD 62 13 5F 14 FE 
 57 0C CC 2C 2B D3 EF 1A F2 69 EB 31 34 8D 05 CF 
 AC ED C2 20 35 98 69 41 BA E4 BB 16 5E 85 79 BB 
 9C 10 92 02 2A A8 96 56 42 A1 5D A2 E3 3D 1B 3F 
 2F 2C 0C BB 76 5A 9C A8 54 54 42 DB DA 53 C0 5A 
 8A 38 35 47 78 93 40 C4 BE 03 31 04 6C B1 E8 60 
 54 5D A3 53 
    IsEnEnabled(0x161 = 'ContextLoad'): 1
 SWTPM_IO_Write: length 14
 80 01 00 00 00 0E 00 00 00 00 80 00 00 00 
 SWTPM_IO_Read: length 414
 80 01 00 00 01 9E 00 00 01 61 00 00 00 00 00 00 
 01 07 02 00 00 00 40 00 00 07 01 82 00 40 32 37 
 98 EA EC 12 C7 5E 77 80 5D FE 68 E3 82 CB E0 7D 
 93 04 DA 18 98 9C 5F 48 05 BA F5 D3 8A 28 55 79 
 93 A2 34 C7 F1 6F B8 42 27 6D D6 66 A7 20 73 F8 
 A2 CE 44 7A 86 E2 82 36 7A E4 45 8D 19 E8 EE F0 
 7E A0 FE 79 EF 86 CA 35 B1 33 E0 19 1F 50 7D F7 
 1D 83 28 0E 05 B4 5B F6 56 60 60 B7 9A EE 22 BA 
 A9 97 33 A9 02 AB 1B A7 A5 98 A1 B9 B6 E8 2A 54 
 11 8C 09 E4 DF 98 00 A0 AE 7F BE 9B D5 04 02 07 
 C9 23 B3 A2 D5 0E C9 B3 04 35 C2 31 A2 7A 1B D5 
 4C F0 E3 D3 18 4F 90 1E 67 2E 15 21 5D C3 F6 C8 
 CE 2D 4E DD E2 75 9C 7C 53 CB 82 6D 40 C0 D7 31 
 EF 4D 3D 45 ED EC F0 9B 8A 9B 38 99 38 0E 36 97 
 01 C4 27 63 7C 63 E2 83 2C C7 D4 64 E1 68 37 4D 
 9A 02 14 66 C8 3D 9B 0E F7 91 E4 7C B8 0A 40 4F 
 B3 13 45 58 D2 4F 45 E9 59 6D BE 97 2E 87 37 7A 
 AF 10 8C 17 0F A5 6B D1 2C 43 33 4C 5D 1A 53 D7 
 0F 15 15 78 33 80 17 B7 19 B2 60 03 C1 23 03 76 
 75 DC D2 2A 3D F2 81 F1 83 C7 FD 29 EB 6C F3 E5 
 BA 8C AB F8 C3 95 F9 77 87 25 3F 22 1B 51 32 67 
 16 24 27 BF 9A F8 DA 9F E6 F0 DB F5 41 CA C8 EB 
 B5 8F 8C A4 33 40 FF 95 B9 17 67 2E 62 FE 07 B8 
 93 BE BB BB A3 02 D5 8D 33 16 6B BB 6A 52 B6 8B 
 18 3E 8C 33 E8 6E 0D 52 59 25 B3 D3 05 0A 7D 46 
 5D C8 06 05 E3 56 EA E0 B8 D9 95 6C 04 B0 
    IsEnEnabled(0x161 = 'ContextLoad'): 1
 SWTPM_IO_Write: length 14
 80 01 00 00 00 0E 00 00 00 00 02 00 00 00 
 SWTPM_IO_Read: length 14
 80 01 00 00 00 0E 00 00 01 65 02 00 00 00 
    IsEnEnabled(0x165 = 'FlushContext'): 1
 SWTPM_IO_Write: length 10
 80 01 00 00 00 0A 00 00 00 00 
 SWTPM_IO_Read: length 14
 80 01 00 00 00 0E 00 00 01 62 80 00 00 00 
    IsEnEnabled(0x162 = 'ContextSave'): 1
 SWTPM_IO_Write: length 1268
 80 01 00 00 04 F4 00 00 00 00 00 00 00 00 00 00 
 01 3B 80 00 00 00 40 00 00 01 04 D8 00 40 FC FB 
 E7 B8 FC F6 31 F4 58 5B C6 E0 50 4B 37 78 E5 69 
 D0 6E 3B 1C 5F AB F9 82 C6 9B 68 A7 1B 7A B1 4F 
 C3 13 41 BA 8E D6 9A B4 FA 8C 0F 3A 09 97 8A 31 
 B7 F2 05 1B 47 26 8C 13 DF 8C 18 58 34 AE 19 EF 
 AB CE 1D 4F 28 D5 F5 61 28 2C F3 C8 54 66 21 4E 
 7A B6 22 43 68 BD 2F 8A 5D C2 75 7E 03 22 7F 0B 
 BE 36 23 60 53 B5 AA 1C FB 30 4C B3 42 BC 52 B9 
 71 B0 91 B5 42 7B 55 A8 42 B0 4B FC CD C5 6A 52 
 DD 07 C1 E7 A6 AC 5D 5E A9 54 14 F8 A0 BB 70 2A 
 4F 96 C7 9B 0C AB CF AE 01 0C 19 F8 C9 E7 BD 10 
 4C 43 65 7F BD F1 1D 85 18 C5 6E EB 82 3B 40 81 
 5F 9C 2B 05 94 D4 F7 A1 A9 7A 3A 61 48 6B ED 33 
 74 D9 E8 1D 77 E5 5D F3 B3 A6 06 CE 35 78 7A 54 
 92 7F 6C 33 F9 94 D4 45 AE D6 62 AE 12 DB D1 41 
 F0 68 40 F9 20 85 D3 67 5A 3C B3 8D 85 9E AF 88 
 5D 28 C0 2A 0B C1 9C 58 41 0D 6F BC FC 77 0A 6D 
 30 4F 26 5C 7D C8 CE E9 F5 84 55 F8 D9 CF B8 54 
 56 26 6A 34 03 A2 43 F1 A2 B3 6F 87 D8 27 43 26 
 9D 3A 83 56 A7 40 7F 55 47 2B 13 F5 DD 7F 1E 0C 
 2A 16 82 45 E4 6D D9 72 C0 C5 FB 1E 08 CE 2F 95 
 D8 46 3F 2E F5 F2 1E FE 54 16 4F 72 DD A8 5F A8 
 01 80 0F 3C A4 FA 2D B6 6C BF DC 3A C2 FA 46 44 
 78 E4 4F 09 D5 D1 0B 92 1E 6E 13 F0 91 21 E2 B6 
 02 D8 8A 25 1A 5A 44 CC 14 04 33 E7 F9 81 67 33 
 0B 81 A7 26 A1 18 F1 9C CB D2 97 8B 84 E5 94 67 
 0D 96 AD 7E 00 83 3E C3 32 B7 50 9E C6 EB FF E2 
 FE 2A A8 5D C4 CF 47 C1 FB 16 6F 89 79 09 98 ED 
 A4 53 B7 E3 9B CB 94 B2 D1 63 67 3B FC CB 9F 3D 
 B4 BD 3A E5 73 21 0B 91 CF D1 84 54 31 35 96 5E 
 21 AD 52 6B 84 5F 96 0C 65 58 F9 11 15 49 ED 26 
 FE B9 16 66 37 45 EA E8 70 AA BB E7 A9 85 CF FF 
 26 B5 C9 5B 0A 8D 55 19 67 D1 C7 FC DA 9F 84 90 
 BE EA 8A A5 0F 3F B3 C8 56 69 42 CC 39 26 CB DF 
 7A C7 00 13 6B 8F 4A 6E 95 69 F1 E4 08 72 AF D6 
 2E 64 C5 6E DA 07 7A 79 99 AA 3F 79 D1 47 FD 67 
 9C 9F BE 2D 78 43 CD 8B 19 2E DE 95 69 07 9E 9F 
 43 67 4F 16 15 A2 AA 79 75 83 C7 0A F3 FD 1F 47 
 47 9D 4B 44 FD C8 00 9E EF 74 5B 98 BA 1A 75 FA 
 92 E5 9B D1 1B 97 20 9A C1 D6 AE B9 6F DD 9D B4 
 D1 5B 8C 18 DA 7E 2A 69 EB AF 6D 61 EB 05 C0 49 
 4A EE 4A A6 D1 92 2E 50 F9 34 D2 9E 0A 3F 43 5E 
 B9 F2 0C 10 EE 0C 33 28 B0 8E 03 DB 42 E3 B9 96 
 A2 DC 53 E8 58 56 0D 40 B1 A1 DF 5F 34 05 36 4E 
 EE 6A A5 3C DB C6 77 CA E0 74 A5 20 90 BD 66 C1 
 9B 68 43 82 5E 2F 52 46 30 D4 9E 68 CF C2 11 BB 
 03 E2 81 D8 C5 BB EA AA 4A 42 4C 1F 75 EE EA DE 
 35 D8 B1 B5 33 12 CA 2A F2 9B 78 FE 78 1D D1 8E 
 4C 0F 85 B7 8C 60 E2 34 5F 64 89 D4 D5 55 8C E5 
 9A B4 40 5E 70 76 3E 29 F7 BA 64 01 DA 1A C8 76 
 64 77 9D 1F 53 0D 72 82 48 1F 5B 28 F7 95 1B D7 
 6C 19 91 0F F6 98 7D 6D B1 9A 93 3E 71 B8 DA 75 
 3C C2 EF 10 60 BF 96 FA 0E FA 00 21 51 EA 25 CC 
 C4 2D D2 AD 98 43 26 D2 40 A9 B3 B5 50 83 77 60 
 8E 4C E0 26 E4 44 1D 97 04 7B 2D A3 E2 42 B2 AE 
 63 3C 7C 5F 78 6E 73 C3 3F 27 C1 1C CF 79 4C 10 
 43 09 E0 F2 32 5B 4F 39 5F 43 87 D3 F0 6B 02 AA 
 0A 41 82 3C FD 1E 18 56 D6 4A 89 69 AD 89 DA 92 
 1C BA D9 B0 0E BA 14 E5 D7 6B E5 98 D8 B7 AC 3B 
 8C 36 E4 02 B2 6A 79 44 5C 77 79 81 EE 4B 25 DF 
 1C 05 62 21 28 6F F9 41 C9 83 A6 61 72 06 D5 98 
 E0 4D 2A BE AA 94 42 9B 1A 14 10 6B 5E 3B A7 F3 
 8B F0 7D 9D 18 FB C9 1E 68 0E F8 2D 41 25 59 80 
 A2 5D AD 64 AE B8 ED E1 73 2B E2 97 DE E8 E0 98 
 A9 19 A5 3A 17 06 F9 21 80 97 C2 3C B6 F0 1B 57 
 A2 DF DA 9A 8F 6D 4C 2C 71 6A 1C 0C 91 B1 B9 08 
 C3 F8 EA E3 1F AF D4 AC F9 A1 B6 3A E0 9B 50 16 
 C4 FA 7E F4 06 F5 60 08 08 1F 6E 64 78 34 25 3E 
 75 27 43 F7 C2 80 09 AE B3 CF FE 9E 66 02 CB 3F 
 6E BD E5 E0 98 A8 F0 E2 B5 7B AC F0 36 69 C1 19 
 6D DC 79 91 67 50 8F 10 80 BA 34 68 F6 6C AC 82 
 51 C1 1E AD 17 BB FD 1B 56 DA 7F 31 BD AB 05 C6 
 F4 A9 E9 CF FD E9 1E 07 1D 2C D3 47 BB F8 F6 2F 
 BE CB 3B 88 03 60 01 5D BF 33 28 31 F0 73 96 36 
 76 B1 0C 87 14 C6 D3 FB 0A 82 56 F1 8B 01 4C CB 
 20 3E 45 31 DF 26 C1 EF 6B 98 1E 54 9A 1A E8 24 
 0D 02 68 70 78 42 2B 97 84 00 65 AD A1 02 F8 CD 
 7C E0 04 DD 48 25 0F 26 7C 58 34 30 0E B3 03 0E 
 FE 81 2F 6D 
 SWTPM_IO_Read: length 14
 80 01 00 00 00 0E 00 00 01 65 80 00 00 00 
    IsEnEnabled(0x165 = 'FlushContext'): 1
 SWTPM_IO_Write: length 10
 80 01 00 00 00 0A 00 00 00 00 
 SWTPM_IO_Read: length 14
 80 01 00 00 00 0E 00 00 01 62 02 00 00 00 
    IsEnEnabled(0x162 = 'ContextSave'): 1
 SWTPM_IO_Write: length 10
 80 01 00 00 00 0A 00 00 09 10 
 SWTPM_IO_Read: length 12
 80 01 00 00 00 0C 00 00 01 7B 00 08 
    IsEnEnabled(0x17b = 'GetRandom'): 1
 SWTPM_IO_Write: length 20
 80 01 00 00 00 14 00 00 00 00 00 08 43 57 90 FA 
 5C B1 91 F2 
 SWTPM_IO_Read: length 22
 80 01 00 00 00 16 00 00 01 7A 00 00 00 01 81 00 
 00 00 00 00 00 FE 
    IsEnEnabled(0x17a = 'GetCapability'): 1
 SWTPM_IO_Write: length 31
 80 01 00 00 00 1F 00 00 00 00 00 00 00 00 01 00 
 00 00 03 81 00 00 00 81 00 00 01 81 00 00 02 
 SWTPM_IO_Read: length 12
 80 01 00 00 00 0C 00 00 01 7B 00 08 
    IsEnEnabled(0x17b = 'GetRandom'): 1
 SWTPM_IO_Write: length 20
 80 01 00 00 00 14 00 00 00 00 00 08 F6 CF 44 01 
 85 DA AC EB 
 SWTPM_IO_Read: length 22
 80 01 00 00 00 16 00 00 01 7A 00 00 00 00 00 00 
 00 00 00 00 00 7F 
    IsEnEnabled(0x17a = 'GetCapability'): 1
 SWTPM_IO_Write: length 217
 80 01 00 00 00 D9 00 00 00 00 00 00 00 00 00 00 
 00 00 21 00 01 00 00 00 09 00 03 00 00 00 02 00 
 04 00 00 00 04 00 05 00 00 01 04 00 06 00 00 00 
 02 00 07 00 00 04 04 00 08 00 00 03 0C 00 0A 00 
 00 00 06 00 0B 00 00 00 04 00 0C 00 00 00 04 00 
 0D 00 00 00 04 00 14 00 00 01 01 00 15 00 00 02 
 01 00 16 00 00 01 01 00 17 00 00 02 01 00 18 00 
 00 01 01 00 19 00 00 04 01 00 1A 00 00 01 01 00 
 1B 00 00 05 01 00 1C 00 00 01 01 00 1D 00 00 04 
 01 00 20 00 00 04 04 00 21 00 00 04 04 00 22 00 
 00 04 04 00 23 00 00 00 09 00 25 00 00 00 08 00 
 26 00 00 00 02 00 3F 00 00 01 02 00 40 00 00 02 
 02 00 41 00 00 02 02 00 42 00 00 02 02 00 43 00 
 00 02 02 00 44 00 00 02 02 
 SWTPM_IO_Read: length 59
 80 01 00 00 00 3B 00 00 01 76 40 00 00 07 40 00 
 00 07 00 20 3F 0A 30 93 6C C1 C9 35 10 84 3D BA 
 46 A6 C0 13 2B 03 B0 36 22 6A 06 B2 57 61 35 68 
 2F CB 57 3D 00 00 00 00 10 00 0B 
    IsEnEnabled(0x176 = 'StartAuthSession'): 1
 SWTPM_IO_Write: length 48
 80 01 00 00 00 30 00 00 00 00 02 00 00 00 00 20 
 32 72 A2 29 CB 2B B3 B2 42 F7 5B 81 9C 38 93 BD 
 D5 B4 9F A5 77 9A BF F2 5B 40 92 CC 02 84 B9 43 
 SWTPM_IO_Read: length 14
 80 01 00 00 00 0E 00 00 01 62 02 00 00 00 
    IsEnEnabled(0x162 = 'ContextSave'): 1
 SWTPM_IO_Write: length 414
 80 01 00 00 01 9E 00 00 00 00 00 00 00 00 00 00 
 01 08 02 00 00 00 40 00 00 07 01 82 00 40 65 68 
 A0 FC EB 97 F4 37 26 68 9B 52 48 91 5F 9C 9F 41 
 F4 2C 9E 8F EA 3E D7 25 50 3A 46 19 2C 63 15 88 
 D0 0F 7A 8B 7C E7 BD 50 77 C7 0D 52 0A CA E6 E4 
 55 11 23 2C FE BD F2 EA 04 D5 3C 46 A0 0B 57 C4 
 89 EF 3C AD 4C 1F FE 6C 5F B6 4E F1 B7 7B 51 B1 
 75 2B 76 3C 58 A4 79 5E 1D 38 33 78 D7 97 D1 16 
 A4 95 E3 8A 30 45 5B EB 58 F7 4D EE 18 0E F3 44 
 52 7A 06 2A 43 E8 1A 02 12 BF 6F 57 AF 47 AD F3 
 74 24 BB B1 C4 A8 FE 78 EA 9A 58 02 D4 CB 0F F3 
 9F 69 AE D6 FB 61 BA 24 21 C8 D5 94 89 3D AE 58 
 3B 19 A2 1F EC 2C 16 A5 86 21 7D 36 5A 3D 0D 25 
 34 8E 92 DB EC C8 2B 55 01 CD F1 3E 6B E0 D3 66 
 75 50 71 44 EF 9C 4C 98 D9 37 6C AC E6 2F 4C 54 
 A4 4C E6 90 B0 40 40 AF 48 0F 2D 3C A3 42 2B 03 
 C9 64 34 83 5A 6E E6 FB A3 71 C8 9D 0A E9 C5 67 
 3D 46 1D D2 74 39 DE 6E 62 65 E3 3E 2B 49 DC EE 
 EB 63 45 D4 9F C6 14 FA 72 30 38 65 11 1E 63 3F 
 55 C0 D7 73 21 3C C1 CD 13 59 F6 CC C1 8E 13 F3 
 B4 9A EA 70 48 F4 70 CB E0 F8 AB C1 E8 3F BC 56 
 D8 0F C0 1B 96 71 6B 81 62 F6 C0 39 0F CA 20 97 
 6C EC FF 35 4E A6 C2 7A 91 E3 E5 4E 22 84 FE 2E 
 CC BB B2 1E C9 AD EB 2D 1D 97 84 7F 33 00 4E A7 
 14 FC 15 08 44 25 6D 25 86 CC 0A 30 92 98 C9 D6 
 EF 2F 5E FD 67 B0 45 6C 15 69 B9 09 0E AB 
 SWTPM_IO_Read: length 414
 80 01 00 00 01 9E 00 00 01 61 00 00 00 00 00 00 
 01 08 02 00 00 00 40 00 00 07 01 82 00 40 65 68 
 A0 FC EB 97 F4 37 26 68 9B 52 48 91 5F 9C 9F 41 
 F4 2C 9E 8F EA 3E D7 25 50 3A 46 19 2C 63 15 88 
 D0 0F 7A 8B 7C E7 BD 50 77 C7 0D 52 0A CA E6 E4 
 55 11 23 2C FE BD F2 EA 04 D5 3C 46 A0 0B 57 C4 
 89 EF 3C AD 4C 1F FE 6C 5F B6 4E F1 B7 7B 51 B1 
 75 2B 76 3C 58 A4 79 5E 1D 38 33 78 D7 97 D1 16 
 A4 95 E3 8A 30 45 5B EB 58 F7 4D EE 18 0E F3 44 
 52 7A 06 2A 43 E8 1A 02 12 BF 6F 57 AF 47 AD F3 
 74 24 BB B1 C4 A8 FE 78 EA 9A 58 02 D4 CB 0F F3 
 9F 69 AE D6 FB 61 BA 24 21 C8 D5 94 89 3D AE 58 
 3B 19 A2 1F EC 2C 16 A5 86 21 7D 36 5A 3D 0D 25 
 34 8E 92 DB EC C8 2B 55 01 CD F1 3E 6B E0 D3 66 
 75 50 71 44 EF 9C 4C 98 D9 37 6C AC E6 2F 4C 54 
 A4 4C E6 90 B0 40 40 AF 48 0F 2D 3C A3 42 2B 03 
 C9 64 34 83 5A 6E E6 FB A3 71 C8 9D 0A E9 C5 67 
 3D 46 1D D2 74 39 DE 6E 62 65 E3 3E 2B 49 DC EE 
 EB 63 45 D4 9F C6 14 FA 72 30 38 65 11 1E 63 3F 
 55 C0 D7 73 21 3C C1 CD 13 59 F6 CC C1 8E 13 F3 
 B4 9A EA 70 48 F4 70 CB E0 F8 AB C1 E8 3F BC 56 
 D8 0F C0 1B 96 71 6B 81 62 F6 C0 39 0F CA 20 97 
 6C EC FF 35 4E A6 C2 7A 91 E3 E5 4E 22 84 FE 2E 
 CC BB B2 1E C9 AD EB 2D 1D 97 84 7F 33 00 4E A7 
 14 FC 15 08 44 25 6D 25 86 CC 0A 30 92 98 C9 D6 
 EF 2F 5E FD 67 B0 45 6C 15 69 B9 09 0E AB 
    IsEnEnabled(0x161 = 'ContextLoad'): 1
 SWTPM_IO_Write: length 14
 80 01 00 00 00 0E 00 00 00 00 02 00 00 00 
 SWTPM_IO_Read: length 1268
 80 01 00 00 04 F4 00 00 01 61 00 00 00 00 00 00 
 01 39 80 00 00 00 40 00 00 01 04 D8 00 40 49 16 
 F2 21 0C 67 72 81 26 C4 1C 1F F3 66 E2 22 24 E8 
 51 0F 26 49 3C 8A 7C 51 A6 68 9A FB E9 A4 DC 09 
 A1 BF A6 FA 6C 61 F1 2A DB C5 1D B8 C0 57 E1 C4 
 86 51 88 5B CF 1D 9B 96 25 E9 D1 20 42 D9 D0 B3 
 85 3B 51 8E 52 2C 1B 36 31 FF CB 2A E3 11 4C D5 
 C9 54 29 B1 EC 72 B2 47 32 79 6F 96 98 BC C2 3E 
 D9 6D 89 87 9F AB 70 DA CF DF E1 BF D6 D4 F2 11 
 59 50 2E 2A 3F 00 E6 5B 88 C8 5D 3B CC 20 94 45 
 22 3C E1 9A 4D 36 EE 78 08 C1 BE 31 BF 82 6B 3E 
 35 DF 3B 60 7C DA F2 1F 03 D9 DC C2 BF 04 75 56 
 2A BA 85 C7 97 B8 6D 44 F8 05 1C B5 D9 ED 12 5E 
 DA 06 C9 34 E9 E0 6A E7 F7 72 CB A8 E7 42 5A AB 
 66 F3 63 D9 33 51 14 20 04 AF 96 34 4E 33 EF C4 
 04 94 8F 48 53 D7 B4 84 D9 1A 83 D8 83 6A 90 96 
 7A A6 AF 10 B0 1F 7B 62 9C 26 0F DB B5 93 8E 1B 
 A1 86 6E 51 63 10 D3 25 78 D7 3E FF 05 4A 45 BE 
 A3 0E 75 4E 9D AA 7B D4 34 7A 8D 0D F0 3D C3 BF 
 81 7B BF 20 3E 0A 63 64 A8 AA 56 AC 79 71 44 22 
 C4 15 B1 06 17 CE 13 3D EA 4A 66 1E 77 C0 C9 05 
 38 8C 4C 16 6E 61 D1 C8 CA 4D A9 14 5D 66 F2 1A 
 36 17 27 AC 1B 9D 41 E5 52 6C B8 D4 99 EB 62 B6 
 DA 53 A8 1F BF 57 C4 15 B6 93 FA B8 4B 38 61 CE 
 EF A1 7B 76 70 2B 20 CC 55 73 06 52 0C BC 64 32 
 51 6F 28 62 62 04 CF 06 CB 55 66 87 60 39 56 28 
 1B FF 2F EA 47 1E 7C 13 77 15 2D BB D1 CD BE 72 
 CD 56 72 FA E0 D6 8D 18 9F 26 D5 CC F9 91 E6 CE 
 3A 86 40 2A 70 BC 9B 06 1C B7 D7 92 3E 24 BD 97 
 3A DE 36 B1 A3 A6 8D A7 12 19 AF 52 C5 F5 2C 6B 
 30 55 53 6D 27 71 A3 04 76 63 6E 0B B5 A5 E9 01 
 19 03 BE 27 5F B3 AC D4 B4 ED 5D 60 66 3F 71 5E 
 F3 55 05 CF 0F 3C B6 0E F9 0F 2D 51 5F 44 AB 8E 
 45 F9 AB 5B 36 9E C3 72 F4 B0 22 11 44 16 A9 22 
 3B 44 B5 82 3E 7D 6A 5E A6 F0 43 19 F9 6A DD C9 
 01 3B B6 B2 32 9F 1F 9A 2D 18 C4 32 77 A6 93 5A 
 93 55 42 BF 4C 11 84 85 5B EF 04 78 F1 14 44 B9 
 C1 D4 E7 07 89 B0 64 84 F3 00 85 32 D4 1D 8D 0D 
 F4 EA 55 BA 81 F7 D6 26 C0 4B 55 8A 1A 2D 25 C5 
 99 DD F8 BB A6 22 A0 57 13 F4 90 E0 DD 98 2C 32 
 E0 D8 0A EE E1 A8 54 AD F6 77 0D E0 CB 16 AE 6A 
 F3 65 0E 64 6B 4C ED D1 72 CC 07 94 38 FD AF CA 
 E1 6E 25 4E E6 57 A4 2A 25 6C 3A 05 3A 01 AE 26 
 48 63 95 4F 0E 84 D4 5E 12 C0 D1 9E F8 62 05 5C 
 83 2E 30 EC E6 C9 F6 4A 54 CF 69 6E A2 DF 0C F1 
 17 E6 D8 2C 19 F1 90 A1 88 A1 FB 93 9C 78 37 37 
 90 6F E9 D8 19 E2 80 FF B9 D2 56 A8 FC 26 27 C2 
 D1 36 CF 91 B6 D3 29 EE 11 C0 60 C7 A2 C0 8F BC 
 80 21 41 75 18 72 A0 2B 61 F5 5E 68 C5 31 CD B8 
 D1 72 98 F8 4A 5A 64 3D 86 FA C6 B8 28 7E D3 E1 
 E5 4C 06 EA 87 06 B6 29 35 51 AF 5C C9 5E 54 3A 
 62 34 B1 5D 79 EB 56 25 DF 59 38 BB 92 62 1F 31 
 5D E2 DC B1 DD 9C 8A 3F A8 30 9A B5 5D 01 8F 6C 
 DA 0F F7 93 9C CE A3 48 B4 83 84 0D 7E BE 52 C5 
 AD 79 0F 24 B1 76 65 BC C4 75 73 C2 34 2E CE 33 
 26 9B 53 E5 9B 8E 30 C7 18 A3 A4 D2 AA 9E D8 CE 
 06 96 80 9C F1 1F 74 9F FD 67 8A 72 EF 77 39 41 
 E9 FD A5 85 60 F3 2B FF 6E 8C B3 73 19 05 31 40 
 E3 E1 F9 B4 79 9D C6 C1 D4 8A 2E 31 E7 86 DE 9A 
 40 2A 5C 86 77 10 E9 F1 DC 66 0C ED 51 E8 EE A6 
 E9 E8 41 88 83 61 63 A0 89 76 A6 C4 38 5C DB E1 
 7D F6 92 9C 67 B8 56 75 E6 99 5F 6F 14 42 B5 D7 
 B6 6E E9 FF 6B F2 68 2D 93 EA 87 2D AE 33 DE 24 
 DA EC 02 76 94 B4 D8 68 A9 01 AF A5 F6 EA 25 D1 
 5A C1 FA 20 91 6C FB FF 46 C8 2F 27 0C B4 D3 AE 
 BF ED 60 60 F8 69 8B 3B C7 28 4F 72 58 96 93 44 
 E0 88 A4 88 3A 4F C7 55 9D 3C 4B 0C 5D 2E 8B A0 
 4A 55 7C 65 12 28 94 74 DE B0 37 FD 9B B2 4B EB 
 3B 81 27 BC 18 91 4A F2 60 0A 84 4E DF 22 65 F9 
 56 70 C7 79 F4 18 8B ED B8 2E 29 58 1E 9E 8A A6 
 88 99 0A 21 F7 05 AD BD 3C 5F 3F 93 3E F6 E4 4A 
 6E B8 BC 9D 6B 53 DF 18 8C 3F BA 44 10 A6 AE FE 
 10 E6 D3 16 F3 D7 FE 81 0C 35 F5 BB 2D C1 DD 49 
 5D 5A 9B 60 6F 82 42 51 83 0D D2 C4 61 C6 6D DC 
 F7 8B 25 E0 BA 0E F3 69 C2 2C 22 69 1A 5D EF 73 
 57 B1 45 6C E9 D4 19 D1 F7 1D 56 0B 69 9D 95 31 
 7A 08 13 75 0D 9D F9 04 1C DE 62 74 E7 DA AE 7A 
 EE 23 E7 04 36 40 CF AA 20 BE 8A 08 0E CF B1 CF 
 D9 84 CD E4 62 42 59 B8 BF 40 21 16 81 DB F7 9B 
 3F 2F EF 1F 
    IsEnEnabled(0x161 = 'ContextLoad'): 1
 SWTPM_IO_Write: length 14
 80 01 00 00 00 0E 00 00 00 00 80 00 00 00 
 SWTPM_IO_Read: length 14
 80 01 00 00 00 0E 00 00 01 62 80 00 00 00 
    IsEnEnabled(0x162 = 'ContextSave'): 1
 SWTPM_IO_Write: length 1268
 80 01 00 00 04 F4 00 00 00 00 00 00 00 00 00 00 
 01 3C 80 00 00 00 40 00 00 01 04 D8 00 40 A3 18 
 17 1F 33 7C 0A 2B 03 8B 71 92 04 88 A5 A4 56 94 
 13 2C 84 1D 37 F8 16 7D B5 DE 1F F3 C8 0A 38 97 
 01 A0 B7 DE D4 E2 B8 E0 D6 B3 C3 AC 28 20 29 0E 
 FC A5 2E B5 5E B7 F8 57 F4 5C 5C 9A 8E FC 3F DC 
 2A 01 66 30 11 A1 6B DD 60 AC 0A 6E 88 36 F7 6F 
 BF 2F B2 AD 22 79 C4 8D 1E A5 30 97 D7 BB B0 9D 
 E2 A7 65 23 FF 31 EA 71 C0 3A E2 0F 72 75 D1 AD 
 1A 51 9A FB 39 5E 1B B3 76 BE D4 A8 BF D6 F9 5A 
 A9 D8 4C 7B BF 9D E9 B3 2F 20 46 6F 55 4B 6A 94 
 83 99 87 46 80 30 F1 6A 41 D0 4D 28 68 25 2D 00 
 45 03 1C 28 69 4E 77 17 6D 83 23 75 9E F8 F9 C7 
 1C D2 3A 03 2A 93 17 06 59 CB C8 A2 19 0C 19 5E 
 5B F5 46 60 5B 6A 43 88 E9 66 C5 58 B3 BE 88 AC 
 CF 61 B7 27 B2 CF 3C E5 75 81 56 05 69 77 20 00 
 38 0D 78 40 61 CE 50 BE 1D 5A DC 1D 61 38 DA A4 
 9A 74 FF D7 BE 0D 83 AF A2 DF F9 C5 02 73 54 4A 
 79 DF 9D 14 AA 9B 90 75 26 13 76 BB CE 06 89 3E 
 F1 29 52 0F E9 8E 90 B7 58 BD AF 16 4A A7 C4 D6 
 2E 1F AE B2 AC 29 77 DB F3 DA 4F 74 69 A5 4E 06 
 40 10 A2 C5 1A C2 43 23 61 A9 09 64 9F AE F4 28 
 BB 32 1B 34 35 0A 4B 62 3A 7F 4C 0B 16 EA 80 14 
 D7 06 21 BF 67 CC 0F F1 23 37 02 B1 66 8F 76 D1 
 3D 02 F0 48 5F 6A 69 76 AF E6 DC D4 1B 76 4A DF 
 05 38 1A 03 A4 DE 58 54 10 EC AF 93 56 A2 64 C9 
 B8 4A FB 64 0D BF C0 F2 5D 5A D9 FB 4B 4B 12 25 
 F5 6D 87 F7 DD D0 3B 19 A6 AB D2 97 CA B0 72 3F 
 92 1A CB 03 EC F3 D6 A5 E4 B6 2A 6E B3 38 71 97 
 E1 B7 83 B8 D8 AC 10 87 DA 10 B0 BD AC 97 E1 AA 
 43 81 F5 ED 35 8B 24 EA 72 6A 6C B4 2E B5 21 6E 
 F5 EF 90 C7 26 DE 97 55 8F 50 95 B4 25 63 F5 D2 
 3D E4 85 FC D1 CE 3B 3F 6F 2E 24 30 79 03 E7 A7 
 67 2A F3 BF EE 50 ED EF E0 CC D1 43 75 F0 C7 E5 
 71 F9 29 F6 70 BF FA 55 70 0B BE FC 32 22 91 42 
 DC 9A 86 39 FE BC 32 62 19 B1 F1 38 E9 0C 96 A9 
 14 99 B6 9D 6A 7A 78 7F 38 05 83 0F BB 60 5D 98 
 C5 27 73 2B 6A EA 2D 6A C5 90 C0 3E 05 3C A7 CF 
 0B B6 96 E5 CA 55 EF 32 C4 32 33 18 EE 28 E8 12 
 68 60 42 FA 26 EE 7B 00 43 01 FF B7 A1 54 FC F8 
 06 F0 89 B1 D2 6F 28 F1 DE D8 24 61 95 E8 68 DA 
 52 EF 08 FB 31 34 3A 4D 89 98 D0 33 BA 04 A5 43 
 68 94 33 53 0A 5A 87 EA B1 6F 5C 9E 63 6E E2 F4 
 D1 DC 0E 99 87 15 27 8A 15 5C AC 1B 3B E5 43 90 
 E2 57 DE 58 07 D7 12 6A 95 6F 3C BA 7A 23 DA 7B 
 0F 1A 1B 9F 41 4A B5 4D C6 9B 22 52 BE 3D 3E AD 
 DB 6B 3B 28 AF 2F B9 0E 66 E0 13 7B 92 FF 1D 26 
 1B 2E 67 C8 55 3B 0E FA CB 95 6D B9 2A AA A6 C9 
 E2 E5 04 C4 7C 43 E2 F4 F0 27 82 30 88 CB FC 5C 
 BE E5 BD ED 67 37 76 4B D5 7A CA E7 30 02 DA 99 
 93 0B 05 72 46 F3 46 58 CF 38 4F 13 C1 C0 8D 60 
 F3 8F B3 95 59 35 C0 54 9B 10 1A 8C FE DF 33 A3 
 64 95 65 ED D7 3A 67 65 2C 2D 80 78 A7 5D 0F D7 
 5C E9 A7 7E 82 89 93 1E 4A E7 21 51 5F 38 15 34 
 5E 08 DD 5D C0 CA B3 80 93 23 C1 8E 60 8E 91 43 
 BD 57 CF 2E 6B 41 77 F4 0D C2 62 FD 7E 7C 4D 98 
 D3 B1 2B EB C4 C9 DA FD A5 F8 86 CF 27 CE BB 76 
 A2 37 CB 3A 76 7F 46 48 CE FC B6 BC AA A9 8F D0 
 E0 18 6A 53 D7 C7 E2 EC C7 CB 78 B6 28 A4 F9 89 
 AD 12 B9 CA CE 4D F0 5C A5 15 43 14 55 F1 4E 4F 
 95 4E 20 B9 E2 63 F2 FA 49 EF 65 43 99 7F 05 73 
 66 49 6F 2F 8C 61 C7 87 B5 26 63 87 BA 38 7B AE 
 C0 BE C3 51 BA A6 99 99 8D 05 C1 DD 50 CC 90 45 
 58 56 0F 9B 8E 1E 46 C0 29 B3 DA B7 46 A8 DB 81 
 E3 C2 90 D9 6A F6 20 2F 44 D3 2D 52 CB 56 66 F1 
 7B 27 3E 7B 88 7B DF 35 D2 50 03 42 C1 98 0E 9A 
 8C 1A 6E AF 10 21 71 09 70 AC EF 84 8D 6E 09 88 
 08 D8 81 05 FD 2B E5 D1 0F F4 9F 93 49 51 B5 96 
 C1 60 E7 36 EF B6 98 AE FB FA 2D 8E 18 6E F5 48 
 C2 01 7B 46 8D D1 65 A9 03 8D AA 9F A6 9B B5 72 
 A1 FC 01 7E D1 50 57 BA 79 5F 49 82 90 68 CF 38 
 95 66 CE 33 79 1E 74 25 7B 50 C1 EB 43 4B D8 B1 
 EE 9B A6 DE A7 C7 9E 1B 9D AB BA B4 65 D5 66 BD 
 B8 96 51 82 A3 B9 77 E7 69 77 9D 76 3B EB F2 97 
 E0 B8 D2 25 AB 31 4C 0C B3 8A E4 D8 DB 49 D3 38 
 EC 5C A8 8C 48 EC 2C FF 87 F1 54 80 B9 3D 7B CB 
 6D 45 19 6D 21 6D 19 1D D4 65 65 ED 8F 0E 70 38 
 7D 10 09 4E 86 5E 2F D3 13 99 DD 43 12 1C D7 11 
 B8 1D 70 B9 12 9B 3B 47 2B 9E 64 0D E0 9D 2E 82 
 B8 E9 9C DA 
 SWTPM_IO_Read: length 14
 80 01 00 00 00 0E 00 00 01 65 80 00 00 00 
    IsEnEnabled(0x165 = 'FlushContext'): 1
 SWTPM_IO_Write: length 10
 80 01 00 00 00 0A 00 00 00 00 
 SWTPM_IO_Read: length 14
 80 01 00 00 00 0E 00 00 01 62 02 00 00 00 
    IsEnEnabled(0x162 = 'ContextSave'): 1
 SWTPM_IO_Write: length 414
 80 01 00 00 01 9E 00 00 00 00 00 00 00 00 00 00 
 01 09 02 00 00 00 40 00 00 07 01 82 00 40 BE 3D 
 88 3F 7A 52 C6 FF B6 63 63 68 33 3E 8F E2 0F 5D 
 9D E3 F1 EA F0 AA DC 1F CC 30 09 81 3E E3 C8 FB 
 AF 4E EB F6 23 A1 E0 4D E3 57 AD 91 87 96 A3 A3 
 FB 07 C8 27 F0 40 17 35 85 16 45 CE B9 D2 02 57 
 2F A1 99 41 90 60 46 CD 13 AB 16 1C 7D D5 84 9B 
 1E 24 1C 7F 53 A1 01 26 E1 93 B2 89 9B 42 4D 08 
 35 3A 75 E6 F6 21 CF 47 EC 45 09 F9 53 63 E1 C6 
 22 A2 A2 2D FE 0C C6 32 FA 2F 3F 98 0A FC 7E C2 
 4E B2 53 13 D3 05 DE 0B 6D 0C CF E1 D0 F4 8E DA 
 12 42 EA BD 0F 1C 19 CE AF 22 23 31 2B 26 05 BE 
 0E 8F 12 61 A1 4D 13 3E C5 51 87 AF B6 CF 47 A7 
 26 6A C5 FF 87 02 AC FA BF B3 5E F3 DD 51 93 F7 
 E2 F5 24 66 6B D4 F4 EF E3 7C E3 6A E5 AF 9A DF 
 C4 A0 57 09 EC 2B 9A 47 FB 2A 32 D5 A5 D4 C5 97 
 4D FA 7A 71 34 71 97 D7 83 A9 F2 34 84 A3 E1 90 
 A5 2C D2 7E 6D 55 F7 7B 3E 65 EA 40 87 28 B5 88 
 50 AF 48 54 AB 4B ED 2C 83 0D FB 7B AD 82 D3 92 
 40 FE 6C 5A C9 3E 79 93 DD FF CC AC F5 09 13 32 
 99 5C 40 3A 9A 19 E8 F5 4A FB AF A9 F9 C5 73 2B 
 43 32 8D 57 18 5B 6F C6 0B AE B3 38 71 5C 57 AA 
 29 4B 14 66 80 9E A0 2E 7F 43 45 2C F0 08 8C 71 
 7E A5 64 7A 69 F1 4E 6B 64 EB 71 43 43 AE B2 20 
 7B 5A E5 4D A1 3F D6 13 54 F0 B0 3A 6C A0 BA 71 
 7B 06 93 D6 F3 A1 1D 3E 10 BA F6 60 7D E6 
 SWTPM_IO_Read: length 1268
 80 01 00 00 04 F4 00 00 01 61 00 00 00 00 00 00 
 01 3C 80 00 00 00 40 00 00 01 04 D8 00 40 A3 18 
 17 1F 33 7C 0A 2B 03 8B 71 92 04 88 A5 A4 56 94 
 13 2C 84 1D 37 F8 16 7D B5 DE 1F F3 C8 0A 38 97 
 01 A0 B7 DE D4 E2 B8 E0 D6 B3 C3 AC 28 20 29 0E 
 FC A5 2E B5 5E B7 F8 57 F4 5C 5C 9A 8E FC 3F DC 
 2A 01 66 30 11 A1 6B DD 60 AC 0A 6E 88 36 F7 6F 
 BF 2F B2 AD 22 79 C4 8D 1E A5 30 97 D7 BB B0 9D 
 E2 A7 65 23 FF 31 EA 71 C0 3A E2 0F 72 75 D1 AD 
 1A 51 9A FB 39 5E 1B B3 76 BE D4 A8 BF D6 F9 5A 
 A9 D8 4C 7B BF 9D E9 B3 2F 20 46 6F 55 4B 6A 94 
 83 99 87 46 80 30 F1 6A 41 D0 4D 28 68 25 2D 00 
 45 03 1C 28 69 4E 77 17 6D 83 23 75 9E F8 F9 C7 
 1C D2 3A 03 2A 93 17 06 59 CB C8 A2 19 0C 19 5E 
 5B F5 46 60 5B 6A 43 88 E9 66 C5 58 B3 BE 88 AC 
 CF 61 B7 27 B2 CF 3C E5 75 81 56 05 69 77 20 00 
 38 0D 78 40 61 CE 50 BE 1D 5A DC 1D 61 38 DA A4 
 9A 74 FF D7 BE 0D 83 AF A2 DF F9 C5 02 73 54 4A 
 79 DF 9D 14 AA 9B 90 75 26 13 76 BB CE 06 89 3E 
 F1 29 52 0F E9 8E 90 B7 58 BD AF 16 4A A7 C4 D6 
 2E 1F AE B2 AC 29 77 DB F3 DA 4F 74 69 A5 4E 06 
 40 10 A2 C5 1A C2 43 23 61 A9 09 64 9F AE F4 28 
 BB 32 1B 34 35 0A 4B 62 3A 7F 4C 0B 16 EA 80 14 
 D7 06 21 BF 67 CC 0F F1 23 37 02 B1 66 8F 76 D1 
 3D 02 F0 48 5F 6A 69 76 AF E6 DC D4 1B 76 4A DF 
 05 38 1A 03 A4 DE 58 54 10 EC AF 93 56 A2 64 C9 
 B8 4A FB 64 0D BF C0 F2 5D 5A D9 FB 4B 4B 12 25 
 F5 6D 87 F7 DD D0 3B 19 A6 AB D2 97 CA B0 72 3F 
 92 1A CB 03 EC F3 D6 A5 E4 B6 2A 6E B3 38 71 97 
 E1 B7 83 B8 D8 AC 10 87 DA 10 B0 BD AC 97 E1 AA 
 43 81 F5 ED 35 8B 24 EA 72 6A 6C B4 2E B5 21 6E 
 F5 EF 90 C7 26 DE 97 55 8F 50 95 B4 25 63 F5 D2 
 3D E4 85 FC D1 CE 3B 3F 6F 2E 24 30 79 03 E7 A7 
 67 2A F3 BF EE 50 ED EF E0 CC D1 43 75 F0 C7 E5 
 71 F9 29 F6 70 BF FA 55 70 0B BE FC 32 22 91 42 
 DC 9A 86 39 FE BC 32 62 19 B1 F1 38 E9 0C 96 A9 
 14 99 B6 9D 6A 7A 78 7F 38 05 83 0F BB 60 5D 98 
 C5 27 73 2B 6A EA 2D 6A C5 90 C0 3E 05 3C A7 CF 
 0B B6 96 E5 CA 55 EF 32 C4 32 33 18 EE 28 E8 12 
 68 60 42 FA 26 EE 7B 00 43 01 FF B7 A1 54 FC F8 
 06 F0 89 B1 D2 6F 28 F1 DE D8 24 61 95 E8 68 DA 
 52 EF 08 FB 31 34 3A 4D 89 98 D0 33 BA 04 A5 43 
 68 94 33 53 0A 5A 87 EA B1 6F 5C 9E 63 6E E2 F4 
 D1 DC 0E 99 87 15 27 8A 15 5C AC 1B 3B E5 43 90 
 E2 57 DE 58 07 D7 12 6A 95 6F 3C BA 7A 23 DA 7B 
 0F 1A 1B 9F 41 4A B5 4D C6 9B 22 52 BE 3D 3E AD 
 DB 6B 3B 28 AF 2F B9 0E 66 E0 13 7B 92 FF 1D 26 
 1B 2E 67 C8 55 3B 0E FA CB 95 6D B9 2A AA A6 C9 
 E2 E5 04 C4 7C 43 E2 F4 F0 27 82 30 88 CB FC 5C 
 BE E5 BD ED 67 37 76 4B D5 7A CA E7 30 02 DA 99 
 93 0B 05 72 46 F3 46 58 CF 38 4F 13 C1 C0 8D 60 
 F3 8F B3 95 59 35 C0 54 9B 10 1A 8C FE DF 33 A3 
 64 95 65 ED D7 3A 67 65 2C 2D 80 78 A7 5D 0F D7 
 5C E9 A7 7E 82 89 93 1E 4A E7 21 51 5F 38 15 34 
 5E 08 DD 5D C0 CA B3 80 93 23 C1 8E 60 8E 91 43 
 BD 57 CF 2E 6B 41 77 F4 0D C2 62 FD 7E 7C 4D 98 
 D3 B1 2B EB C4 C9 DA FD A5 F8 86 CF 27 CE BB 76 
 A2 37 CB 3A 76 7F 46 48 CE FC B6 BC AA A9 8F D0 
 E0 18 6A 53 D7 C7 E2 EC C7 CB 78 B6 28 A4 F9 89 
 AD 12 B9 CA CE 4D F0 5C A5 15 43 14 55 F1 4E 4F 
 95 4E 20 B9 E2 63 F2 FA 49 EF 65 43 99 7F 05 73 
 66 49 6F 2F 8C 61 C7 87 B5 26 63 87 BA 38 7B AE 
 C0 BE C3 51 BA A6 99 99 8D 05 C1 DD 50 CC 90 45 
 58 56 0F 9B 8E 1E 46 C0 29 B3 DA B7 46 A8 DB 81 
 E3 C2 90 D9 6A F6 20 2F 44 D3 2D 52 CB 56 66 F1 
 7B 27 3E 7B 88 7B DF 35 D2 50 03 42 C1 98 0E 9A 
 8C 1A 6E AF 10 21 71 09 70 AC EF 84 8D 6E 09 88 
 08 D8 81 05 FD 2B E5 D1 0F F4 9F 93 49 51 B5 96 
 C1 60 E7 36 EF B6 98 AE FB FA 2D 8E 18 6E F5 48 
 C2 01 7B 46 8D D1 65 A9 03 8D AA 9F A6 9B B5 72 
 A1 FC 01 7E D1 50 57 BA 79 5F 49 82 90 68 CF 38 
 95 66 CE 33 79 1E 74 25 7B 50 C1 EB 43 4B D8 B1 
 EE 9B A6 DE A7 C7 9E 1B 9D AB BA B4 65 D5 66 BD 
 B8 96 51 82 A3 B9 77 E7 69 77 9D 76 3B EB F2 97 
 E0 B8 D2 25 AB 31 4C 0C B3 8A E4 D8 DB 49 D3 38 
 EC 5C A8 8C 48 EC 2C FF 87 F1 54 80 B9 3D 7B CB 
 6D 45 19 6D 21 6D 19 1D D4 65 65 ED 8F 0E 70 38 
 7D 10 09 4E 86 5E 2F D3 13 99 DD 43 12 1C D7 11 
 B8 1D 70 B9 12 9B 3B 47 2B 9E 64 0D E0 9D 2E 82 
 B8 E9 9C DA 
    IsEnEnabled(0x161 = 'ContextLoad'): 1
 SWTPM_IO_Write: length 14
 80 01 00 00 00 0E 00 00 00 00 80 00 00 00 
 SWTPM_IO_Read: length 414
 80 01 00 00 01 9E 00 00 01 61 00 00 00 00 00 00 
 01 09 02 00 00 00 40 00 00 07 01 82 00 40 BE 3D 
 88 3F 7A 52 C6 FF B6 63 63 68 33 3E 8F E2 0F 5D 
 9D E3 F1 EA F0 AA DC 1F CC 30 09 81 3E E3 C8 FB 
 AF 4E EB F6 23 A1 E0 4D E3 57 AD 91 87 96 A3 A3 
 FB 07 C8 27 F0 40 17 35 85 16 45 CE B9 D2 02 57 
 2F A1 99 41 90 60 46 CD 13 AB 16 1C 7D D5 84 9B 
 1E 24 1C 7F 53 A1 01 26 E1 93 B2 89 9B 42 4D 08 
 35 3A 75 E6 F6 21 CF 47 EC 45 09 F9 53 63 E1 C6 
 22 A2 A2 2D FE 0C C6 32 FA 2F 3F 98 0A FC 7E C2 
 4E B2 53 13 D3 05 DE 0B 6D 0C CF E1 D0 F4 8E DA 
 12 42 EA BD 0F 1C 19 CE AF 22 23 31 2B 26 05 BE 
 0E 8F 12 61 A1 4D 13 3E C5 51 87 AF B6 CF 47 A7 
 26 6A C5 FF 87 02 AC FA BF B3 5E F3 DD 51 93 F7 
 E2 F5 24 66 6B D4 F4 EF E3 7C E3 6A E5 AF 9A DF 
 C4 A0 57 09 EC 2B 9A 47 FB 2A 32 D5 A5 D4 C5 97 
 4D FA 7A 71 34 71 97 D7 83 A9 F2 34 84 A3 E1 90 
 A5 2C D2 7E 6D 55 F7 7B 3E 65 EA 40 87 28 B5 88 
 50 AF 48 54 AB 4B ED 2C 83 0D FB 7B AD 82 D3 92 
 40 FE 6C 5A C9 3E 79 93 DD FF CC AC F5 09 13 32 
 99 5C 40 3A 9A 19 E8 F5 4A FB AF A9 F9 C5 73 2B 
 43 32 8D 57 18 5B 6F C6 0B AE B3 38 71 5C 57 AA 
 29 4B 14 66 80 9E A0 2E 7F 43 45 2C F0 08 8C 71 
 7E A5 64 7A 69 F1 4E 6B 64 EB 71 43 43 AE B2 20 
 7B 5A E5 4D A1 3F D6 13 54 F0 B0 3A 6C A0 BA 71 
 7B 06 93 D6 F3 A1 1D 3E 10 BA F6 60 7D E6 
    IsEnEnabled(0x161 = 'ContextLoad'): 1
 SWTPM_IO_Write: length 14
 80 01 00 00 00 0E 00 00 00 00 02 00 00 00 
 SWTPM_IO_Read: length 22
 80 01 00 00 00 16 00 00 01 7A 00 00 00 01 81 00 
 00 00 00 00 00 FE 
    IsEnEnabled(0x17a = 'GetCapability'): 1
 SWTPM_IO_Write: length 31
 80 01 00 00 00 1F 00 00 00 00 00 00 00 00 01 00 
 00 00 03 81 00 00 00 81 00 00 01 81 00 00 02 
 SWTPM_IO_Read: length 14
 80 01 00 00 00 0E 00 00 01 62 80 00 00 00 
    IsEnEnabled(0x162 = 'ContextSave'): 1
 SWTPM_IO_Write: length 1268
 80 01 00 00 04 F4 00 00 00 00 00 00 00 00 00 00 
 01 3D 80 00 00 00 40 00 00 01 04 D8 00 40 9D 4B 
 5D 2A AE 06 57 A3 2C F2 9A 1E 1E 25 09 44 17 54 
 92 E4 62 A9 D3 AC 26 BF 52 6F 6A 4B 20 7A CC D9 
 66 FE 41 86 CB 38 61 A6 A4 D0 E1 5A 44 00 BD 21 
 C4 6F C5 53 C5 AF F2 EA CF 94 E3 86 4A 98 29 C6 
 D2 07 21 03 35 D1 E6 AB D2 D5 67 F7 D0 8E DF A2 
 40 F3 11 21 06 50 6C A5 C3 8B 8E B1 0F 1C 37 72 
 47 58 8F C6 A8 92 40 D9 35 84 41 FD 0D 99 30 DC 
 82 50 26 20 FA 22 4F DF E5 24 84 D3 3F D0 95 E1 
 96 35 31 49 49 2B 66 CD 63 42 CF D5 20 25 58 89 
 8A 97 6E 10 1C 61 18 F4 39 0E BE DB 6A F3 1A 0F 
 36 A1 E3 A1 20 76 5A 51 FD 1D 10 BF A2 95 B7 EE 
 CF 29 D5 AE 87 C0 3B 94 A3 98 B5 DC 4B 87 0A C2 
 BE E2 13 B0 C7 E9 16 3C 69 43 D7 72 5D 6A 48 47 
 05 FA 07 92 81 22 40 55 0E 5B 93 EE C4 38 38 75 
 75 BC 85 C2 16 43 63 E8 BF 03 53 8A CF 78 B9 1C 
 D9 AB F3 B8 02 DD 43 EA B7 7E 06 4C 10 41 18 5E 
 68 CC D7 A8 C0 62 0B C4 62 CF B0 4E 38 BA D9 15 
 F5 3E 16 AA 10 C8 80 08 99 C7 7E A7 FD 6C 28 6D 
 F9 EC C2 5A 4F 1A 00 5C 59 87 FE 69 9C 97 27 9A 
 69 AD 28 BF 8D C3 2E 96 D2 45 DF 94 50 3B 8F 85 
 7A 4C 1C 96 31 E4 33 5E EC F6 BD 05 A8 30 E5 D8 
 B9 5F E9 6F CD D4 0C C0 63 E2 01 5D C5 D7 9B FD 
 6E 5F 9C 84 76 0B 29 B8 CE B2 ED 32 70 A4 6D 41 
 58 ED 35 1D 6C DF 8D 87 28 DD 98 45 1A A5 84 89 
 3D 04 8D DB 2D 1F 84 2D 55 2B 8E 41 D8 0F 95 40 
 F4 5B 11 E8 5B 88 BF FD B9 F2 75 88 84 5C 68 71 
 C3 EC 8D 34 5B F3 D1 C2 96 BB D7 5F E5 57 79 B6 
 DC 2E 99 30 52 CF 05 F4 13 D7 20 50 F9 9A 02 2E 
 8C A4 6A A3 B8 0B A7 7D 0E 97 99 90 3A 4E B6 6B 
 4A 09 4D 3F 00 1E B0 D5 59 11 66 BF E5 63 B3 24 
 21 FE 90 B7 B7 ED E6 13 73 E9 E5 44 0A D0 BC C1 
 FF B1 50 02 56 E7 8D D6 5B 52 D5 33 51 6B 4C B8 
 B4 A0 CF E9 51 E0 D2 E9 6D 35 48 20 4F C9 AB 85 
 85 1C 71 DD 90 24 E4 BB 5C 37 48 58 E8 F2 F1 39 
 5F C3 F3 A5 DF BA 8E 41 6B 63 49 8D 39 F0 A9 C2 
 E9 50 5F 6C 80 9A 9A 24 FC 71 4F 5D 46 AC CD 53 
 E5 BB 06 3C B1 62 B4 46 EA F3 85 91 9C AF 55 09 
 EA 73 23 A1 94 B3 E0 03 77 71 5A D6 92 70 0E D5 
 F4 23 47 09 A3 6A CC 10 DA FB D1 47 3B 4C 52 79 
 70 E0 3E 96 C2 DD BB 23 DE 7D 0A 3A 98 D0 77 DA 
 BC 6B 23 CB ED 6F 53 E1 D6 4F D3 28 0E 66 4D 84 
 BF 02 EB 82 0C CF 11 7F FA 6B 20 52 EC A7 0F AD 
 5E 5A C3 75 A6 D5 E4 82 F7 83 CF B8 25 90 26 51 
 C2 25 9C 5A 73 61 75 39 03 67 96 82 E1 B3 5D 89 
 C9 49 D7 D6 11 29 06 AF 8B E1 6F AF B9 F1 08 D8 
 61 87 A8 8D 1B 22 9C 98 77 E1 CE 9A 9F 8A 7D 1C 
 BF 8A 6B B2 23 4A 31 AB AF 17 FB 3A 80 4E BD 6E 
 9A 8A 7A 42 8A 84 71 21 E8 75 47 63 27 D6 C8 AB 
 D2 67 54 B2 60 90 BF B2 F8 A5 42 18 7A F7 9A AA 
 AD 48 0F 46 5F 7A A3 98 36 24 AD 6D 12 FA 0D 87 
 78 DA F9 C7 02 3D B1 82 25 4F 94 81 AA A5 D9 2C 
 C4 97 F5 04 20 CE DF 96 19 F3 29 33 5E BD 52 34 
 02 4A 3A D1 4F EC F0 A7 00 BA 76 00 5C C7 A0 7C 
 55 49 5F DD 72 BA B2 9C 0C F4 9D F1 06 2B CC C4 
 80 8C AE 19 EB AE AA E3 8A 3A AE B0 FD B6 B6 8A 
 E7 73 32 2C CA C8 A0 06 E7 46 61 CB 22 B0 64 0E 
 BE E9 83 87 10 5F 04 FE 0E 3C 17 9B AD C1 CB 43 
 0E 98 D9 20 4C 3A 91 5A E8 CE 0D 1C A3 DC 7F 9A 
 A8 A8 AF 30 AA 4B 94 AC D3 4D 65 C2 81 D2 86 F9 
 52 9E 26 CB 2D 71 D7 CE DD CD 6A D6 38 D8 53 71 
 F7 0E 4A AA 7B 8E AA 80 5F D6 2D 77 99 01 3B C0 
 FF 18 0D 18 87 63 2E 7E EA 6B 08 95 F8 C0 80 E5 
 E4 5E 24 B9 0E E4 4F C7 14 32 64 0B 04 F8 5D F5 
 78 26 31 79 AA 85 FB 5C 02 34 5E 6E 5F D4 D0 4E 
 A9 95 CC 3C 2F CB 83 A7 B2 2C FF E5 11 D8 2B 75 
 2B 1A DF 6B C4 85 99 70 3E 33 EE 43 ED 79 11 3C 
 07 4C CF EB 0E 65 5C 43 DB CE BF 92 18 D6 FC A9 
 F9 58 12 58 FF F9 FF 44 26 1E 9D D2 26 B3 3E D3 
 52 D4 F1 75 F5 8E 1D C4 BA D5 7D 45 40 AB 55 CD 
 13 41 73 A4 9A 9A C1 E8 29 32 72 61 A8 C7 98 90 
 47 02 BB F7 4F 29 53 B1 23 D3 65 39 61 96 D6 01 
 E4 91 EA F7 0E D3 64 5D AA 1B 01 ED E0 F5 61 AD 
 05 99 71 96 9B C2 E5 25 72 10 4A 99 A3 91 4F E2 
 F0 61 0F B7 8C 30 9E 4E 4A 2E 92 FF CA 78 E8 06 
 DA DB 9B 87 22 B1 AB 1A 46 E1 E8 28 13 D5 EC 0D 
 28 C1 90 14 32 9F 74 CE 1C D9 FD A2 F4 8F 25 4E 
 64 9F 4A D7 0A 08 9B ED 28 5E EF 88 2F 9A 7C C6 
 48 41 33 ED 
 SWTPM_IO_Read: length 14
 80 01 00 00 00 0E 00 00 01 65 80 00 00 00 
    IsEnEnabled(0x165 = 'FlushContext'): 1
 SWTPM_IO_Write: length 10
 80 01 00 00 00 0A 00 00 00 00 
 SWTPM_IO_Read: length 14
 80 01 00 00 00 0E 00 00 01 62 02 00 00 00 
    IsEnEnabled(0x162 = 'ContextSave'): 1
 SWTPM_IO_Write: length 414
 80 01 00 00 01 9E 00 00 00 00 00 00 00 00 00 00 
 01 0A 02 00 00 00 40 00 00 07 01 82 00 40 09 9D 
 CB 91 E4 55 AE 88 8F 96 98 5B 0C 4C CC 9F 0B 4E 
 FC 70 9E 45 02 86 77 44 E7 48 A6 98 28 24 63 4A 
 73 23 69 D8 F9 F4 A8 AC B6 41 4A FF E2 CB C2 34 
 CA BF 47 1C F2 2B 9B 21 18 39 C3 24 0A 2B 97 4F 
 01 AA 05 A8 54 99 A7 91 4C 3E 64 94 BA 3F 3A A0 
 38 67 76 6D 52 50 52 C1 9B DD 30 BE 4F A0 D6 0E 
 F6 82 DB 3A 11 0F 3B 60 2D 32 1F CB D0 5C E3 A2 
 F4 EB 1C 69 5F A6 C3 D9 DB 7F D4 E1 39 B8 6B 28 
 59 BA 1D 60 23 1A 3D 06 A3 C6 1C 84 2A 51 5E 41 
 BC 50 30 E1 5E 95 78 FA B7 75 DF 92 84 D9 86 DD 
 0E 75 BD 22 2F 02 F3 11 08 B2 95 0E F7 CC 08 AA 
 5A 2F 96 85 4E C8 9C 66 5E 86 45 4F 98 51 26 F7 
 46 C9 74 27 0A 60 38 AC C1 D2 F8 85 8E 6A 0C 09 
 44 0F E9 8E 94 22 95 D3 DB 33 8E 7B AD 09 05 00 
 F0 70 3F F6 AB 74 A4 0D F6 25 C5 A5 CB E1 3C FB 
 7E 98 C6 1E B2 B0 56 13 95 77 74 6C FD B3 DE D6 
 39 E8 38 46 A8 7D 44 FA 6C 42 D7 5F 6F 35 45 C8 
 97 3D 00 92 38 CE DB FB 41 4C 0D 2A A9 59 57 A4 
 E3 68 B2 78 A9 F3 13 3C B4 63 13 CC 85 11 BD 10 
 6D 70 62 C6 D2 8A 97 19 31 0A 2F EA 41 DE 6F 0B 
 40 52 98 B3 CE 2D 42 E4 C4 B2 D2 2C 52 A7 D8 B2 
 4E D8 98 AE F3 23 6D 5E 03 B3 1F 7E 0A E0 EE 52 
 02 C4 61 1C 33 F6 6B 35 F1 14 39 37 6E C7 DD 67 
 3A FF 89 F2 B7 3F 8A BD C7 AB BF 26 1D 0A 
 SWTPM_IO_Read: length 1268
 80 01 00 00 04 F4 00 00 01 61 00 00 00 00 00 00 
 01 3D 80 00 00 00 40 00 00 01 04 D8 00 40 9D 4B 
 5D 2A AE 06 57 A3 2C F2 9A 1E 1E 25 09 44 17 54 
 92 E4 62 A9 D3 AC 26 BF 52 6F 6A 4B 20 7A CC D9 
 66 FE 41 86 CB 38 61 A6 A4 D0 E1 5A 44 00 BD 21 
 C4 6F C5 53 C5 AF F2 EA CF 94 E3 86 4A 98 29 C6 
 D2 07 21 03 35 D1 E6 AB D2 D5 67 F7 D0 8E DF A2 
 40 F3 11 21 06 50 6C A5 C3 8B 8E B1 0F 1C 37 72 
 47 58 8F C6 A8 92 40 D9 35 84 41 FD 0D 99 30 DC 
 82 50 26 20 FA 22 4F DF E5 24 84 D3 3F D0 95 E1 
 96 35 31 49 49 2B 66 CD 63 42 CF D5 20 25 58 89 
 8A 97 6E 10 1C 61 18 F4 39 0E BE DB 6A F3 1A 0F 
 36 A1 E3 A1 20 76 5A 51 FD 1D 10 BF A2 95 B7 EE 
 CF 29 D5 AE 87 C0 3B 94 A3 98 B5 DC 4B 87 0A C2 
 BE E2 13 B0 C7 E9 16 3C 69 43 D7 72 5D 6A 48 47 
 05 FA 07 92 81 22 40 55 0E 5B 93 EE C4 38 38 75 
 75 BC 85 C2 16 43 63 E8 BF 03 53 8A CF 78 B9 1C 
 D9 AB F3 B8 02 DD 43 EA B7 7E 06 4C 10 41 18 5E 
 68 CC D7 A8 C0 62 0B C4 62 CF B0 4E 38 BA D9 15 
 F5 3E 16 AA 10 C8 80 08 99 C7 7E A7 FD 6C 28 6D 
 F9 EC C2 5A 4F 1A 00 5C 59 87 FE 69 9C 97 27 9A 
 69 AD 28 BF 8D C3 2E 96 D2 45 DF 94 50 3B 8F 85 
 7A 4C 1C 96 31 E4 33 5E EC F6 BD 05 A8 30 E5 D8 
 B9 5F E9 6F CD D4 0C C0 63 E2 01 5D C5 D7 9B FD 
 6E 5F 9C 84 76 0B 29 B8 CE B2 ED 32 70 A4 6D 41 
 58 ED 35 1D 6C DF 8D 87 28 DD 98 45 1A A5 84 89 
 3D 04 8D DB 2D 1F 84 2D 55 2B 8E 41 D8 0F 95 40 
 F4 5B 11 E8 5B 88 BF FD B9 F2 75 88 84 5C 68 71 
 C3 EC 8D 34 5B F3 D1 C2 96 BB D7 5F E5 57 79 B6 
 DC 2E 99 30 52 CF 05 F4 13 D7 20 50 F9 9A 02 2E 
 8C A4 6A A3 B8 0B A7 7D 0E 97 99 90 3A 4E B6 6B 
 4A 09 4D 3F 00 1E B0 D5 59 11 66 BF E5 63 B3 24 
 21 FE 90 B7 B7 ED E6 13 73 E9 E5 44 0A D0 BC C1 
 FF B1 50 02 56 E7 8D D6 5B 52 D5 33 51 6B 4C B8 
 B4 A0 CF E9 51 E0 D2 E9 6D 35 48 20 4F C9 AB 85 
 85 1C 71 DD 90 24 E4 BB 5C 37 48 58 E8 F2 F1 39 
 5F C3 F3 A5 DF BA 8E 41 6B 63 49 8D 39 F0 A9 C2 
 E9 50 5F 6C 80 9A 9A 24 FC 71 4F 5D 46 AC CD 53 
 E5 BB 06 3C B1 62 B4 46 EA F3 85 91 9C AF 55 09 
 EA 73 23 A1 94 B3 E0 03 77 71 5A D6 92 70 0E D5 
 F4 23 47 09 A3 6A CC 10 DA FB D1 47 3B 4C 52 79 
 70 E0 3E 96 C2 DD BB 23 DE 7D 0A 3A 98 D0 77 DA 
 BC 6B 23 CB ED 6F 53 E1 D6 4F D3 28 0E 66 4D 84 
 BF 02 EB 82 0C CF 11 7F FA 6B 20 52 EC A7 0F AD 
 5E 5A C3 75 A6 D5 E4 82 F7 83 CF B8 25 90 26 51 
 C2 25 9C 5A 73 61 75 39 03 67 96 82 E1 B3 5D 89 
 C9 49 D7 D6 11 29 06 AF 8B E1 6F AF B9 F1 08 D8 
 61 87 A8 8D 1B 22 9C 98 77 E1 CE 9A 9F 8A 7D 1C 
 BF 8A 6B B2 23 4A 31 AB AF 17 FB 3A 80 4E BD 6E 
 9A 8A 7A 42 8A 84 71 21 E8 75 47 63 27 D6 C8 AB 
 D2 67 54 B2 60 90 BF B2 F8 A5 42 18 7A F7 9A AA 
 AD 48 0F 46 5F 7A A3 98 36 24 AD 6D 12 FA 0D 87 
 78 DA F9 C7 02 3D B1 82 25 4F 94 81 AA A5 D9 2C 
 C4 97 F5 04 20 CE DF 96 19 F3 29 33 5E BD 52 34 
 02 4A 3A D1 4F EC F0 A7 00 BA 76 00 5C C7 A0 7C 
 55 49 5F DD 72 BA B2 9C 0C F4 9D F1 06 2B CC C4 
 80 8C AE 19 EB AE AA E3 8A 3A AE B0 FD B6 B6 8A 
 E7 73 32 2C CA C8 A0 06 E7 46 61 CB 22 B0 64 0E 
 BE E9 83 87 10 5F 04 FE 0E 3C 17 9B AD C1 CB 43 
 0E 98 D9 20 4C 3A 91 5A E8 CE 0D 1C A3 DC 7F 9A 
 A8 A8 AF 30 AA 4B 94 AC D3 4D 65 C2 81 D2 86 F9 
 52 9E 26 CB 2D 71 D7 CE DD CD 6A D6 38 D8 53 71 
 F7 0E 4A AA 7B 8E AA 80 5F D6 2D 77 99 01 3B C0 
 FF 18 0D 18 87 63 2E 7E EA 6B 08 95 F8 C0 80 E5 
 E4 5E 24 B9 0E E4 4F C7 14 32 64 0B 04 F8 5D F5 
 78 26 31 79 AA 85 FB 5C 02 34 5E 6E 5F D4 D0 4E 
 A9 95 CC 3C 2F CB 83 A7 B2 2C FF E5 11 D8 2B 75 
 2B 1A DF 6B C4 85 99 70 3E 33 EE 43 ED 79 11 3C 
 07 4C CF EB 0E 65 5C 43 DB CE BF 92 18 D6 FC A9 
 F9 58 12 58 FF F9 FF 44 26 1E 9D D2 26 B3 3E D3 
 52 D4 F1 75 F5 8E 1D C4 BA D5 7D 45 40 AB 55 CD 
 13 41 73 A4 9A 9A C1 E8 29 32 72 61 A8 C7 98 90 
 47 02 BB F7 4F 29 53 B1 23 D3 65 39 61 96 D6 01 
 E4 91 EA F7 0E D3 64 5D AA 1B 01 ED E0 F5 61 AD 
 05 99 71 96 9B C2 E5 25 72 10 4A 99 A3 91 4F E2 
 F0 61 0F B7 8C 30 9E 4E 4A 2E 92 FF CA 78 E8 06 
 DA DB 9B 87 22 B1 AB 1A 46 E1 E8 28 13 D5 EC 0D 
 28 C1 90 14 32 9F 74 CE 1C D9 FD A2 F4 8F 25 4E 
 64 9F 4A D7 0A 08 9B ED 28 5E EF 88 2F 9A 7C C6 
 48 41 33 ED 
    IsEnEnabled(0x161 = 'ContextLoad'): 1
 SWTPM_IO_Write: length 14
 80 01 00 00 00 0E 00 00 00 00 80 00 00 00 
 SWTPM_IO_Read: length 414
 80 01 00 00 01 9E 00 00 01 61 00 00 00 00 00 00 
 01 0A 02 00 00 00 40 00 00 07 01 82 00 40 09 9D 
 CB 91 E4 55 AE 88 8F 96 98 5B 0C 4C CC 9F 0B 4E 
 FC 70 9E 45 02 86 77 44 E7 48 A6 98 28 24 63 4A 
 73 23 69 D8 F9 F4 A8 AC B6 41 4A FF E2 CB C2 34 
 CA BF 47 1C F2 2B 9B 21 18 39 C3 24 0A 2B 97 4F 
 01 AA 05 A8 54 99 A7 91 4C 3E 64 94 BA 3F 3A A0 
 38 67 76 6D 52 50 52 C1 9B DD 30 BE 4F A0 D6 0E 
 F6 82 DB 3A 11 0F 3B 60 2D 32 1F CB D0 5C E3 A2 
 F4 EB 1C 69 5F A6 C3 D9 DB 7F D4 E1 39 B8 6B 28 
 59 BA 1D 60 23 1A 3D 06 A3 C6 1C 84 2A 51 5E 41 
 BC 50 30 E1 5E 95 78 FA B7 75 DF 92 84 D9 86 DD 
 0E 75 BD 22 2F 02 F3 11 08 B2 95 0E F7 CC 08 AA 
 5A 2F 96 85 4E C8 9C 66 5E 86 45 4F 98 51 26 F7 
 46 C9 74 27 0A 60 38 AC C1 D2 F8 85 8E 6A 0C 09 
 44 0F E9 8E 94 22 95 D3 DB 33 8E 7B AD 09 05 00 
 F0 70 3F F6 AB 74 A4 0D F6 25 C5 A5 CB E1 3C FB 
 7E 98 C6 1E B2 B0 56 13 95 77 74 6C FD B3 DE D6 
 39 E8 38 46 A8 7D 44 FA 6C 42 D7 5F 6F 35 45 C8 
 97 3D 00 92 38 CE DB FB 41 4C 0D 2A A9 59 57 A4 
 E3 68 B2 78 A9 F3 13 3C B4 63 13 CC 85 11 BD 10 
 6D 70 62 C6 D2 8A 97 19 31 0A 2F EA 41 DE 6F 0B 
 40 52 98 B3 CE 2D 42 E4 C4 B2 D2 2C 52 A7 D8 B2 
 4E D8 98 AE F3 23 6D 5E 03 B3 1F 7E 0A E0 EE 52 
 02 C4 61 1C 33 F6 6B 35 F1 14 39 37 6E C7 DD 67 
 3A FF 89 F2 B7 3F 8A BD C7 AB BF 26 1D 0A 
    IsEnEnabled(0x161 = 'ContextLoad'): 1
 SWTPM_IO_Write: length 14
 80 01 00 00 00 0E 00 00 00 00 02 00 00 00 
 SWTPM_IO_Read: length 99
 80 02 00 00 00 63 00 00 01 20 40 00 00 01 80 00 
 00 00 00 00 00 49 02 00 00 00 00 20 51 57 D2 2E 
 09 6F 4E 82 A8 48 77 90 87 90 D5 6E 30 E2 51 CB 
 33 DA A6 A9 BC 6B E1 27 6E 32 D7 2C 01 00 20 FB 
 48 6E 04 28 CE 64 98 25 39 D4 E8 18 FA A0 E2 07 
 08 60 30 0E B4 0A 86 8B FD 95 FE BE 24 41 46 81 
 00 00 03 
    IsEnEnabled(0x120 = 'EvictControl'): 1
 SWTPM_IO_Write: length 83
 80 02 00 00 00 53 00 00 00 00 00 00 00 00 00 20 
 BC E8 7F 5E 21 1B FA 1C 3D DC CE 6D 9E 58 72 DC 
 00 7C 45 3B 1E B3 27 5F F2 C1 BC 43 E3 7E 09 72 
 01 00 20 7B 9E 9B E4 7D 97 EF FF C0 A0 23 E8 C3 
 10 63 9A 72 C9 1B FD 2D 67 DC 0C FC 21 63 C9 44 
 14 5C AD 
 SWTPM_IO_Read: length 14
 80 01 00 00 00 0E 00 00 01 62 80 00 00 00 
    IsEnEnabled(0x162 = 'ContextSave'): 1
 SWTPM_IO_Write: length 1268
 80 01 00 00 04 F4 00 00 00 00 00 00 00 00 00 00 
 01 3E 80 00 00 00 40 00 00 01 04 D8 00 40 17 8A 
 3E EC 3E FD F2 36 D8 17 38 CA 84 FC DA 3F 0F E7 
 8A EB 08 4B 95 4A 0B 4E 98 1E 1F 84 7A 54 BF B6 
 E8 66 2C AD A1 A4 57 59 31 3E 1B 83 6C B2 9E 78 
 61 24 3A 66 E7 CC CA 13 DD E7 02 48 3A FE 5D 44 
 26 89 FE 56 89 18 8A 15 A7 95 0A 8C C0 F5 DE 86 
 73 73 D0 17 62 44 28 66 5D 76 3B DD F6 5D 43 8D 
 06 CF A8 66 48 13 7E CD 88 80 6A 73 14 BA 04 99 
 2C A7 79 52 23 C7 2A B7 91 83 2A 0C B7 47 B5 4C 
 5D D1 31 BA 86 CA 39 7E E3 76 F5 0C 31 EE FA 49 
 40 06 7B 1C 10 34 12 D5 CA 57 3A 4B B8 FA 33 75 
 59 A4 C0 EA A2 6F CC E4 B4 85 85 35 17 0C EF 61 
 C3 37 B7 B6 A8 2C 87 F5 A1 95 8E 9E AA A4 22 07 
 08 11 82 F7 6F B7 31 EF 79 4B 41 1F 4C 98 93 EB 
 AC A3 A6 A8 D0 BF 57 3F 03 51 D2 AB 23 64 49 D0 
 08 DF 06 B8 F8 10 E0 CB D3 46 D6 13 81 E9 5D DC 
 8F 06 51 7B 6C 57 A7 25 44 46 B0 FA DD 1F 76 0F 
 88 C5 B9 37 DF 0E 64 7F 33 30 1B 2E 22 DD 74 88 
 5E 58 2C 2E 38 CD FF FD 56 02 6F 47 5A 40 CC 24 
 A9 FE 6D AA 17 F0 D4 6E 95 82 08 DC 06 88 B3 28 
 7A 11 3A D6 7B BC B0 37 59 8E DF D5 E8 CD 87 83 
 0D A9 02 1C 5A 3A 47 B1 1F BD D9 0E 14 AC 2E A3 
 E2 D5 DD 27 7B FF FD C6 35 8A B5 B0 A0 39 35 0F 
 84 E0 23 1C 0A 3C C5 5C B2 CF BE DF B6 9A 41 90 
 A5 46 05 D7 48 CC E6 84 D4 92 59 63 8A 28 4C 06 
 BF E4 05 D7 D8 1A 85 AA 0C B7 C6 B8 E5 EA 25 5C 
 E8 46 B1 03 ED C9 F6 91 00 F8 C7 3C 93 B6 75 95 
 73 AA 5D 4E 65 42 0E 67 96 12 16 0A A1 A1 16 EE 
 FD 88 27 FE A1 AA EE 4E FC 46 BB 6F 29 C5 F6 5F 
 F7 2A BC D1 7E 63 E9 26 79 EB 1E 7B 4B 1C 87 B7 
 39 E4 6E 71 E4 5C 98 3E 5A A1 DE 77 AE 2D 7D 05 
 93 A4 84 FD 3F 3C 76 3A 7D F1 C6 0A 3B BE 54 64 
 34 A0 24 AA 01 33 72 5A F6 8A FD 45 C5 2E AA D1 
 B7 D0 51 8A D3 3C BC 2B CE D0 CA 29 FD 1F FE 73 
 16 EA 59 F6 B2 28 5C C0 8E 5F 17 AE 43 BE 79 E5 
 5F 08 34 07 C2 F6 19 09 A1 84 EF 74 40 2C 33 7C 
 33 A3 81 FB F5 7F 82 13 00 55 5D FA 9A 0D D3 F0 
 EE 2B DE DE 53 B6 E5 BB 95 F3 BA B8 DB D0 95 8D 
 17 A3 41 F0 AC 56 1F 4B 2D BE 48 68 B0 09 82 AD 
 8C CC D0 60 B9 40 33 8A 16 D4 12 76 AB BC E0 74 
 45 0B 9E E5 60 99 52 55 64 D6 C4 3A 48 18 A5 FF 
 6C D4 CF 8B C1 D5 0E 0B 84 CE 30 EC 6E 9E 7F 30 
 57 8A E5 64 73 E0 F3 E5 F6 14 FE 3C CB A0 F8 DC 
 28 BC FD 61 57 85 81 42 DB 27 58 F6 A0 87 B7 47 
 57 DB 03 D4 C5 8A 0C FA 17 1C E2 0E D0 96 DF 18 
 76 D3 93 5A 99 3F BF F7 69 29 5B F1 F5 9C A2 1D 
 D4 20 D3 74 85 3C 28 B5 18 E9 BE 4F 28 B9 85 0C 
 44 C1 00 CE 1C 55 8C F2 3B 89 0F D4 EE 53 52 F2 
 23 91 60 3C AC AE 4A 8E AE 0E EB C1 05 33 38 35 
 22 F2 05 63 92 2D 06 87 17 D6 AF 6A 6B 17 DD 12 
 94 39 48 57 9B 40 18 58 57 33 2F FC FE 6D 11 E5 
 EB 75 C7 12 CA 08 A9 42 71 5E 6A 61 2F 69 D9 80 
 7E 88 C4 B0 43 7D BF DF A7 F2 12 C9 37 97 AA 03 
 8E D7 C7 E8 EC 19 4B 0F 47 7C 7F 9D F0 0E DA 1C 
 04 8C D2 F9 3C CA 7C DD B9 D2 EB AF 57 20 C9 D6 
 13 76 E8 DB 67 DE E9 3F 0D D5 48 9A 17 17 52 86 
 32 93 C7 D8 E5 F7 A6 96 B1 52 98 AE B0 91 2E DA 
 18 30 4A 24 F6 EB 34 B6 BE F9 FF 82 D0 1F 7D DE 
 EF 33 C5 7A E4 FE B2 0B 9C F7 7D F6 B2 A1 42 14 
 C3 9E 67 7C FD FE C7 E3 95 67 7F 1A 35 1A BC D9 
 6F 84 79 B4 D0 F1 1E C3 9A 65 A2 F2 A3 3D 98 89 
 CB 40 A3 87 F6 8D 9C 96 B7 2D 67 71 68 25 32 F1 
 44 F0 9E BA 67 06 C0 F7 BB 40 E2 38 41 70 95 35 
 C5 58 64 D9 4F 04 D6 84 44 BD 73 16 EC 14 AD 91 
 BC 1C 88 46 FB 2E B6 73 60 5F 89 44 0C CF 70 BF 
 FA E6 2E 0A 66 A2 D7 A3 9A 04 15 7C 62 01 13 AA 
 D8 72 16 7F 8F 91 98 95 E6 40 C0 AF D9 E6 A3 4C 
 61 38 D7 E5 E2 6B B3 75 FD 96 86 BD D4 F8 DA 1F 
 2A 4B E4 16 85 18 3B 9F 49 F6 7C D4 E6 33 D9 C7 
 EC D4 EB 0E B5 93 65 72 59 37 E0 04 CD D6 5D 84 
 1B B1 C6 20 4D BA 8E 9D 2F A0 74 B6 AC 1B B1 49 
 28 84 30 BB D3 DD D2 95 E5 27 F3 22 D5 B3 13 AA 
 F3 5D 43 23 F7 D6 69 04 30 24 EC 60 3E 51 31 0E 
 95 62 68 77 AF F9 7F 62 98 3D 95 E9 B7 B7 01 86 
 3F 45 4F D9 B0 27 53 E8 C6 0B 42 38 88 36 3C C3 
 46 63 DB EC 6A FB 66 18 E0 03 E9 29 FD 60 0C 55 
 F3 F1 C3 FD 92 35 F3 83 B7 0E 6E CE 5A DB 44 CA 
 A9 90 CC 7F CD 87 34 2B 49 D6 60 3D 6A 96 8E 8D 
 17 A2 CB 92 
 SWTPM_IO_Read: length 14
 80 01 00 00 00 0E 00 00 01 65 80 00 00 00 
    IsEnEnabled(0x165 = 'FlushContext'): 1
 SWTPM_IO_Write: length 10
 80 01 00 00 00 0A 00 00 00 00 
 SWTPM_IO_Read: length 14
 80 01 00 00 00 0E 00 00 01 62 02 00 00 00 
    IsEnEnabled(0x162 = 'ContextSave'): 1
 SWTPM_IO_Write: length 414
 80 01 00 00 01 9E 00 00 00 00 00 00 00 00 00 00 
 01 0B 02 00 00 00 40 00 00 07 01 82 00 40 86 77 
 AA 0B 55 AC 01 1E 49 A6 8A 8F DA C1 01 1D 22 5D 
 E4 64 7B FB 99 1A F2 11 EC 11 1D 0C 80 7B 07 E6 
 1D B7 9F 84 47 CD 0F F4 9B 12 73 05 88 D1 63 47 
 33 64 64 32 D9 14 C4 B5 D6 71 20 20 1C DE 08 63 
 C0 BE 7E 67 84 EE FD 74 33 3D F1 10 A8 80 AB BE 
 45 B5 24 B7 71 BF 4E 30 0F F7 63 C2 07 E3 43 DD 
 DD AA FA 51 16 1E 2E 2C 55 9E 3B DB AB D3 F8 0B 
 F8 1C 00 61 64 C4 75 A0 EB B3 99 1B 48 32 48 7A 
 9C AB 99 74 2A 3D D7 D5 A0 B2 5C 9F 69 52 4D 65 
 83 C0 7C 35 B0 B7 54 93 FE 19 2B 53 E2 F3 90 ED 
 17 29 03 9A 38 C3 0D 0A 36 6B 26 2E D2 AC 28 67 
 6D 22 92 83 DA 54 25 CB A2 7C BD FB 68 A1 B6 E1 
 08 C5 93 8F 50 27 15 49 9A 80 CA EE 07 08 35 4C 
 3B AB D4 5D 5A A3 59 64 E3 B2 23 04 AA D2 DA 1B 
 B3 C0 1C F1 DA F9 03 51 3E FB 3C 21 FC 47 C7 7D 
 18 34 BE AC E3 2C 46 75 E3 70 C6 DE 16 97 1B 0C 
 9F 4F 9D 4B A3 12 01 76 F0 D6 A1 44 E6 2D D1 59 
 B5 0F 36 73 97 A4 82 5D B3 8D B5 91 B8 BC 04 69 
 B0 02 0A 38 6A FE 70 DF 45 39 88 AD 0F 32 A2 C9 
 8E F7 BF BB 9A 1B 92 B5 BF 83 D2 32 66 7D B2 89 
 A2 09 A5 B9 73 BD 7D DD F6 37 FC B5 04 13 D9 3A 
 E0 4B E8 C2 FA 01 86 37 84 3A 71 C6 FE 84 6B 29 
 B5 3E 78 19 82 E2 65 55 45 E5 FD 52 81 C6 53 BD 
 EF BE D0 ED EE 9D 17 1E E8 2F CE 80 65 5C 
 SWTPM_IO_Read: length 1268
 80 01 00 00 04 F4 00 00 01 61 00 00 00 00 00 00 
 01 3E 80 00 00 00 40 00 00 01 04 D8 00 40 17 8A 
 3E EC 3E FD F2 36 D8 17 38 CA 84 FC DA 3F 0F E7 
 8A EB 08 4B 95 4A 0B 4E 98 1E 1F 84 7A 54 BF B6 
 E8 66 2C AD A1 A4 57 59 31 3E 1B 83 6C B2 9E 78 
 61 24 3A 66 E7 CC CA 13 DD E7 02 48 3A FE 5D 44 
 26 89 FE 56 89 18 8A 15 A7 95 0A 8C C0 F5 DE 86 
 73 73 D0 17 62 44 28 66 5D 76 3B DD F6 5D 43 8D 
 06 CF A8 66 48 13 7E CD 88 80 6A 73 14 BA 04 99 
 2C A7 79 52 23 C7 2A B7 91 83 2A 0C B7 47 B5 4C 
 5D D1 31 BA 86 CA 39 7E E3 76 F5 0C 31 EE FA 49 
 40 06 7B 1C 10 34 12 D5 CA 57 3A 4B B8 FA 33 75 
 59 A4 C0 EA A2 6F CC E4 B4 85 85 35 17 0C EF 61 
 C3 37 B7 B6 A8 2C 87 F5 A1 95 8E 9E AA A4 22 07 
 08 11 82 F7 6F B7 31 EF 79 4B 41 1F 4C 98 93 EB 
 AC A3 A6 A8 D0 BF 57 3F 03 51 D2 AB 23 64 49 D0 
 08 DF 06 B8 F8 10 E0 CB D3 46 D6 13 81 E9 5D DC 
 8F 06 51 7B 6C 57 A7 25 44 46 B0 FA DD 1F 76 0F 
 88 C5 B9 37 DF 0E 64 7F 33 30 1B 2E 22 DD 74 88 
 5E 58 2C 2E 38 CD FF FD 56 02 6F 47 5A 40 CC 24 
 A9 FE 6D AA 17 F0 D4 6E 95 82 08 DC 06 88 B3 28 
 7A 11 3A D6 7B BC B0 37 59 8E DF D5 E8 CD 87 83 
 0D A9 02 1C 5A 3A 47 B1 1F BD D9 0E 14 AC 2E A3 
 E2 D5 DD 27 7B FF FD C6 35 8A B5 B0 A0 39 35 0F 
 84 E0 23 1C 0A 3C C5 5C B2 CF BE DF B6 9A 41 90 
 A5 46 05 D7 48 CC E6 84 D4 92 59 63 8A 28 4C 06 
 BF E4 05 D7 D8 1A 85 AA 0C B7 C6 B8 E5 EA 25 5C 
 E8 46 B1 03 ED C9 F6 91 00 F8 C7 3C 93 B6 75 95 
 73 AA 5D 4E 65 42 0E 67 96 12 16 0A A1 A1 16 EE 
 FD 88 27 FE A1 AA EE 4E FC 46 BB 6F 29 C5 F6 5F 
 F7 2A BC D1 7E 63 E9 26 79 EB 1E 7B 4B 1C 87 B7 
 39 E4 6E 71 E4 5C 98 3E 5A A1 DE 77 AE 2D 7D 05 
 93 A4 84 FD 3F 3C 76 3A 7D F1 C6 0A 3B BE 54 64 
 34 A0 24 AA 01 33 72 5A F6 8A FD 45 C5 2E AA D1 
 B7 D0 51 8A D3 3C BC 2B CE D0 CA 29 FD 1F FE 73 
 16 EA 59 F6 B2 28 5C C0 8E 5F 17 AE 43 BE 79 E5 
 5F 08 34 07 C2 F6 19 09 A1 84 EF 74 40 2C 33 7C 
 33 A3 81 FB F5 7F 82 13 00 55 5D FA 9A 0D D3 F0 
 EE 2B DE DE 53 B6 E5 BB 95 F3 BA B8 DB D0 95 8D 
 17 A3 41 F0 AC 56 1F 4B 2D BE 48 68 B0 09 82 AD 
 8C CC D0 60 B9 40 33 8A 16 D4 12 76 AB BC E0 74 
 45 0B 9E E5 60 99 52 55 64 D6 C4 3A 48 18 A5 FF 
 6C D4 CF 8B C1 D5 0E 0B 84 CE 30 EC 6E 9E 7F 30 
 57 8A E5 64 73 E0 F3 E5 F6 14 FE 3C CB A0 F8 DC 
 28 BC FD 61 57 85 81 42 DB 27 58 F6 A0 87 B7 47 
 57 DB 03 D4 C5 8A 0C FA 17 1C E2 0E D0 96 DF 18 
 76 D3 93 5A 99 3F BF F7 69 29 5B F1 F5 9C A2 1D 
 D4 20 D3 74 85 3C 28 B5 18 E9 BE 4F 28 B9 85 0C 
 44 C1 00 CE 1C 55 8C F2 3B 89 0F D4 EE 53 52 F2 
 23 91 60 3C AC AE 4A 8E AE 0E EB C1 05 33 38 35 
 22 F2 05 63 92 2D 06 87 17 D6 AF 6A 6B 17 DD 12 
 94 39 48 57 9B 40 18 58 57 33 2F FC FE 6D 11 E5 
 EB 75 C7 12 CA 08 A9 42 71 5E 6A 61 2F 69 D9 80 
 7E 88 C4 B0 43 7D BF DF A7 F2 12 C9 37 97 AA 03 
 8E D7 C7 E8 EC 19 4B 0F 47 7C 7F 9D F0 0E DA 1C 
 04 8C D2 F9 3C CA 7C DD B9 D2 EB AF 57 20 C9 D6 
 13 76 E8 DB 67 DE E9 3F 0D D5 48 9A 17 17 52 86 
 32 93 C7 D8 E5 F7 A6 96 B1 52 98 AE B0 91 2E DA 
 18 30 4A 24 F6 EB 34 B6 BE F9 FF 82 D0 1F 7D DE 
 EF 33 C5 7A E4 FE B2 0B 9C F7 7D F6 B2 A1 42 14 
 C3 9E 67 7C FD FE C7 E3 95 67 7F 1A 35 1A BC D9 
 6F 84 79 B4 D0 F1 1E C3 9A 65 A2 F2 A3 3D 98 89 
 CB 40 A3 87 F6 8D 9C 96 B7 2D 67 71 68 25 32 F1 
 44 F0 9E BA 67 06 C0 F7 BB 40 E2 38 41 70 95 35 
 C5 58 64 D9 4F 04 D6 84 44 BD 73 16 EC 14 AD 91 
 BC 1C 88 46 FB 2E B6 73 60 5F 89 44 0C CF 70 BF 
 FA E6 2E 0A 66 A2 D7 A3 9A 04 15 7C 62 01 13 AA 
 D8 72 16 7F 8F 91 98 95 E6 40 C0 AF D9 E6 A3 4C 
 61 38 D7 E5 E2 6B B3 75 FD 96 86 BD D4 F8 DA 1F 
 2A 4B E4 16 85 18 3B 9F 49 F6 7C D4 E6 33 D9 C7 
 EC D4 EB 0E B5 93 65 72 59 37 E0 04 CD D6 5D 84 
 1B B1 C6 20 4D BA 8E 9D 2F A0 74 B6 AC 1B B1 49 
 28 84 30 BB D3 DD D2 95 E5 27 F3 22 D5 B3 13 AA 
 F3 5D 43 23 F7 D6 69 04 30 24 EC 60 3E 51 31 0E 
 95 62 68 77 AF F9 7F 62 98 3D 95 E9 B7 B7 01 86 
 3F 45 4F D9 B0 27 53 E8 C6 0B 42 38 88 36 3C C3 
 46 63 DB EC 6A FB 66 18 E0 03 E9 29 FD 60 0C 55 
 F3 F1 C3 FD 92 35 F3 83 B7 0E 6E CE 5A DB 44 CA 
 A9 90 CC 7F CD 87 34 2B 49 D6 60 3D 6A 96 8E 8D 
 17 A2 CB 92 
    IsEnEnabled(0x161 = 'ContextLoad'): 1
 SWTPM_IO_Write: length 14
 80 01 00 00 00 0E 00 00 00 00 80 00 00 00 
 SWTPM_IO_Read: length 414
 80 01 00 00 01 9E 00 00 01 61 00 00 00 00 00 00 
 01 0B 02 00 00 00 40 00 00 07 01 82 00 40 86 77 
 AA 0B 55 AC 01 1E 49 A6 8A 8F DA C1 01 1D 22 5D 
 E4 64 7B FB 99 1A F2 11 EC 11 1D 0C 80 7B 07 E6 
 1D B7 9F 84 47 CD 0F F4 9B 12 73 05 88 D1 63 47 
 33 64 64 32 D9 14 C4 B5 D6 71 20 20 1C DE 08 63 
 C0 BE 7E 67 84 EE FD 74 33 3D F1 10 A8 80 AB BE 
 45 B5 24 B7 71 BF 4E 30 0F F7 63 C2 07 E3 43 DD 
 DD AA FA 51 16 1E 2E 2C 55 9E 3B DB AB D3 F8 0B 
 F8 1C 00 61 64 C4 75 A0 EB B3 99 1B 48 32 48 7A 
 9C AB 99 74 2A 3D D7 D5 A0 B2 5C 9F 69 52 4D 65 
 83 C0 7C 35 B0 B7 54 93 FE 19 2B 53 E2 F3 90 ED 
 17 29 03 9A 38 C3 0D 0A 36 6B 26 2E D2 AC 28 67 
 6D 22 92 83 DA 54 25 CB A2 7C BD FB 68 A1 B6 E1 
 08 C5 93 8F 50 27 15 49 9A 80 CA EE 07 08 35 4C 
 3B AB D4 5D 5A A3 59 64 E3 B2 23 04 AA D2 DA 1B 
 B3 C0 1C F1 DA F9 03 51 3E FB 3C 21 FC 47 C7 7D 
 18 34 BE AC E3 2C 46 75 E3 70 C6 DE 16 97 1B 0C 
 9F 4F 9D 4B A3 12 01 76 F0 D6 A1 44 E6 2D D1 59 
 B5 0F 36 73 97 A4 82 5D B3 8D B5 91 B8 BC 04 69 
 B0 02 0A 38 6A FE 70 DF 45 39 88 AD 0F 32 A2 C9 
 8E F7 BF BB 9A 1B 92 B5 BF 83 D2 32 66 7D B2 89 
 A2 09 A5 B9 73 BD 7D DD F6 37 FC B5 04 13 D9 3A 
 E0 4B E8 C2 FA 01 86 37 84 3A 71 C6 FE 84 6B 29 
 B5 3E 78 19 82 E2 65 55 45 E5 FD 52 81 C6 53 BD 
 EF BE D0 ED EE 9D 17 1E E8 2F CE 80 65 5C 
    IsEnEnabled(0x161 = 'ContextLoad'): 1
 SWTPM_IO_Write: length 14
 80 01 00 00 00 0E 00 00 00 00 02 00 00 00 
 SWTPM_IO_Read: length 14
 80 01 00 00 00 0E 00 00 01 65 02 00 00 00 
    IsEnEnabled(0x165 = 'FlushContext'): 1
 SWTPM_IO_Write: length 10
 80 01 00 00 00 0A 00 00 00 00 
 SWTPM_IO_Read: length 14
 80 01 00 00 00 0E 00 00 01 62 80 00 00 00 
    IsEnEnabled(0x162 = 'ContextSave'): 1
 SWTPM_IO_Write: length 1268
 80 01 00 00 04 F4 00 00 00 00 00 00 00 00 00 00 
 01 3F 80 00 00 00 40 00 00 01 04 D8 00 40 9C 3A 
 28 8F 42 20 83 E5 86 B2 EF 21 0B A8 63 2D 52 4A 
 BE 5F CA 1C 06 79 74 13 D2 A1 5A 70 D1 74 AC 78 
 67 BD 6A 25 DF 48 30 76 51 2E 64 97 08 89 F1 C9 
 64 13 AA 33 CE DA 61 69 91 FD 4B AB DC 93 6E A0 
 6D 6A B5 3D FC 80 26 34 32 B6 09 46 A8 3A A6 66 
 6D 15 B8 63 3F E8 65 8F 22 2F C6 95 67 F4 FD DE 
 8B 8B 22 CF 23 ED F6 3C 93 7A 13 C0 B4 26 8D F6 
 62 E5 26 91 1B F9 F7 DF DB 00 7D 18 DE E2 3A 41 
 88 8E F3 6E 25 5C 2E 3B 9D CB BA 4F 14 FA E1 22 
 D9 7A B6 BD EF 27 B8 9C 23 CE EC 86 C9 AD EE 6E 
 65 5E 96 69 05 26 5E 49 B4 74 C5 D9 63 32 42 2D 
 F2 B2 1F C5 88 4A BB AA FB 02 F4 1B 2B A4 F1 93 
 3C B1 51 41 A6 90 5D 67 89 BA 0D 1F 34 AD 63 7A 
 90 93 80 F1 B7 92 F8 A7 E4 CF 83 28 F9 2D 1E 16 
 23 16 3E 41 20 E1 FD DD B4 78 59 D3 CE A4 CC B6 
 15 87 56 7A 33 27 99 57 25 E0 E5 F9 94 0E 97 1A 
 9C 87 37 40 2F 22 14 3A 5A 02 BC 26 B1 6E A4 A3 
 45 CC 76 CF 75 B8 E1 78 D7 AA 56 A3 F7 D9 D2 29 
 F5 3F 4D 6B 03 01 18 64 28 A8 03 87 D9 5F 04 62 
 9C 36 1B D2 56 BB D1 D7 9D C2 1E 05 B1 6E 61 32 
 95 4A 40 E8 C2 8C 4B 16 28 D7 21 04 8F 27 4A 0E 
 17 47 E6 BD 0D C0 2A FA 9B 7C AE 25 ED A0 1E F6 
 A4 27 33 94 52 FC 67 50 DF DF 9E 1A 56 9A C2 F4 
 CB 7A E5 E3 53 E7 B8 00 39 CA AC FA 5D 15 74 CA 
 15 50 53 6F 43 3F 27 27 36 9B 28 DA A6 0D F6 C6 
 20 83 B9 51 5F 9E 2C CC 90 29 07 89 84 25 29 07 
 E0 4A C7 0C D6 59 6E 78 85 95 BF DE 5B DF FA 69 
 17 D6 99 06 A7 BA B5 B6 9A 9D 80 2B 79 1B B5 7D 
 D0 61 ED 84 72 4D 93 E3 B5 D3 52 BB 4F B4 1F 82 
 CF 25 E0 58 24 3A B2 78 72 BC FC 77 E7 03 AE 23 
 22 66 5D 05 47 8F 34 8D 71 8B F3 B3 D0 20 0F 11 
 16 60 A8 C2 3F F4 8F 1E 04 5D D0 16 E6 D2 14 48 
 60 BF 69 94 95 9A 0A BE 68 69 AE 87 78 A8 41 93 
 90 8C EE F9 9F 11 D2 B4 22 C5 90 38 87 DE 49 9F 
 D4 EC AB 0C 61 2E 49 78 65 2A 11 FC 3B A8 0B 28 
 16 0E 31 E3 CC A1 C7 56 4D 98 14 27 96 5E 4D 7E 
 F3 B4 B9 99 AE A6 70 F1 86 18 13 46 6B 0B AA C8 
 C7 D7 95 02 1D F3 B2 56 AF 15 A4 50 42 32 86 5A 
 47 01 3E BB 17 26 38 52 34 E8 30 E8 BB 85 05 99 
 8D 90 9D 87 8D DE A0 93 F0 85 CC 2C 34 D6 9E B0 
 AD 28 8E 31 4D 41 18 4B E5 CD FD 97 ED 28 90 36 
 AF 0E A7 E1 C3 B5 2B C0 71 C7 A2 44 51 C1 B0 D3 
 0B 2F 39 21 FA AF 93 8D 35 98 AC E9 CF 6F B7 00 
 6B F6 F5 34 EC 97 A3 96 A5 EB B0 80 0A 13 90 95 
 86 81 4C 5A 2F 7C 46 D5 EB D3 85 8C 53 CF 58 3E 
 96 76 57 5C D5 7E 3E CD D4 83 06 ED 6D 28 3E 16 
 E6 20 15 67 B2 67 CE EF B4 9F E5 EC F4 80 C7 74 
 F0 45 3B FF F7 0B 4B 73 8F DC 4C 60 60 63 9A 31 
 5E 95 02 09 19 5B A6 5B 3A 7A 48 9B A5 1F 63 A7 
 E4 43 3D D9 EB 9C 8D A2 3B CE 29 FF E5 9D 27 A7 
 F5 F2 2E B2 9F BE 5A 07 A5 42 74 B7 55 A1 46 D6 
 17 29 46 22 96 45 1E 53 92 35 72 20 DE 30 68 7D 
 9D F0 F8 59 96 78 97 9C 5B 64 67 A3 05 C0 8F D3 
 89 57 03 B1 40 0B D5 F1 BD 5E E6 28 2E C4 EE 5B 
 10 D3 3E 95 27 44 28 FC 62 C4 90 00 FD F4 80 4C 
 06 B6 96 A1 FA 13 B8 31 A7 5A 29 DE B9 CA 66 93 
 FC 4A 5D AB 93 B7 B8 B0 4C BB 3B 2C 05 C7 1A BD 
 56 AD E8 45 C7 3A 9F 2D 38 73 27 79 80 06 87 70 
 3A 34 9D AD CD F3 AC AE 31 08 0A 2D D3 C5 AF 70 
 FA 35 17 12 F4 AF DF 0F C1 FD 24 E7 2D 60 B1 F7 
 60 6C 71 41 02 8D 05 00 78 FE FF F3 43 C0 9B 3E 
 77 8E CC 05 EC D7 D7 17 9D 92 FE 87 DA ED 6A 04 
 C0 6F 4B 66 06 D9 09 86 0F C4 3D 75 1D 8C E4 49 
 F1 DE C0 3E 04 75 F9 FD D2 C8 8D 7D 4C 01 76 2D 
 17 C9 EC 5F F3 69 47 F1 9D 7E 41 CF 87 22 F0 BF 
 EF F7 CF 88 C5 4E 1C 50 D4 85 1C 56 56 0D 1A 06 
 09 87 69 3B 54 C3 D1 0B A2 69 FC 66 80 B8 A5 FB 
 67 19 5D C8 FA 8F 02 2C 29 83 66 25 CE E8 9B 99 
 61 61 6E 41 A7 93 0F 95 E4 6E 43 0C C8 4F D2 91 
 C4 7B 72 59 D2 AC DD AD F4 49 49 54 40 CE E0 00 
 A2 84 93 F9 CC 7B D5 BA 69 B2 3B ED BB 92 8E 78 
 FD 1A B0 8B 71 69 60 9F DE 2C D4 C2 A7 4C AE A2 
 B2 5E D7 C4 76 FC E5 02 FD 49 81 17 94 1A 17 A5 
 54 C6 FE 93 50 8A 5F DA 27 03 D5 AA 7A A5 A0 B1 
 B9 53 C2 FA D6 48 62 40 EB 62 CD F9 2C 44 EA E3 
 39 CA 68 97 56 35 15 38 92 DD B0 F3 1D 0B 39 30 
 9E 37 8A C1 A3 DD E7 75 6D 98 F5 44 9C A7 8B 02 
 8F 8C DC D4 
 SWTPM_IO_Read: length 14
 80 01 00 00 00 0E 00 00 01 65 80 00 00 00 
    IsEnEnabled(0x165 = 'FlushContext'): 1
 SWTPM_IO_Write: length 10
 80 01 00 00 00 0A 00 00 00 00 
 SWTPM_IO_Read: length 14
 80 01 00 00 00 0E 00 00 01 62 02 00 00 00 
    IsEnEnabled(0x162 = 'ContextSave'): 1
 SWTPM_IO_Write: length 10
 80 01 00 00 00 0A 00 00 09 10 
 SWTPM_IO_Read: length 12
 80 01 00 00 00 0C 00 00 01 7B 00 08 
    IsEnEnabled(0x17b = 'GetRandom'): 1
 SWTPM_IO_Write: length 20
 80 01 00 00 00 14 00 00 00 00 00 08 B7 85 96 FA 
 9E 63 B2 6E 
 SWTPM_IO_Read: length 22
 80 01 00 00 00 16 00 00 01 7A 00 00 00 00 00 00 
 00 00 00 00 00 7F 
    IsEnEnabled(0x17a = 'GetCapability'): 1
 SWTPM_IO_Write: length 217
 80 01 00 00 00 D9 00 00 00 00 00 00 00 00 00 00 
 00 00 21 00 01 00 00 00 09 00 03 00 00 00 02 00 
 04 00 00 00 04 00 05 00 00 01 04 00 06 00 00 00 
 02 00 07 00 00 04 04 00 08 00 00 03 0C 00 0A 00 
 00 00 06 00 0B 00 00 00 04 00 0C 00 00 00 04 00 
 0D 00 00 00 04 00 14 00 00 01 01 00 15 00 00 02 
 01 00 16 00 00 01 01 00 17 00 00 02 01 00 18 00 
 00 01 01 00 19 00 00 04 01 00 1A 00 00 01 01 00 
 1B 00 00 05 01 00 1C 00 00 01 01 00 1D 00 00 04 
 01 00 20 00 00 04 04 00 21 00 00 04 04 00 22 00 
 00 04 04 00 23 00 00 00 09 00 25 00 00 00 08 00 
 26 00 00 00 02 00 3F 00 00 01 02 00 40 00 00 02 
 02 00 41 00 00 02 02 00 42 00 00 02 02 00 43 00 
 00 02 02 00 44 00 00 02 02 
 SWTPM_IO_Read: length 59
 80 01 00 00 00 3B 00 00 01 76 40 00 00 07 40 00 
 00 07 00 20 77 A9 38 0D C7 6E 0A F9 C6 EB 9C 46 
 2D A1 F8 B8 47 64 B9 DA 64 36 47 70 A6 AD 7A B5 
 1F D3 0A 19 00 00 00 00 10 00 0B 
    IsEnEnabled(0x176 = 'StartAuthSession'): 1
 SWTPM_IO_Write: length 48
 80 01 00 00 00 30 00 00 00 00 02 00 00 00 00 20 
 0D 1B 4E B0 BD 1C 38 E6 70 F2 A6 E0 8F 41 97 6C 
 41 0D 66 62 34 7F 44 BD 95 FC B2 6A A1 85 E9 6E 
 SWTPM_IO_Read: length 14
 80 01 00 00 00 0E 00 00 01 62 02 00 00 00 
    IsEnEnabled(0x162 = 'ContextSave'): 1
 SWTPM_IO_Write: length 414
 80 01 00 00 01 9E 00 00 00 00 00 00 00 00 00 00 
 01 0C 02 00 00 00 40 00 00 07 01 82 00 40 CE 01 
 DF 43 A7 6E F2 6A 41 A1 7A 38 2B DF 55 0A 3C BA 
 2B 05 76 14 F1 74 1A 98 CA F7 D4 3F 0F 0D EE 4B 
 E9 AA 9B 1E 11 EB 82 03 13 DB 33 B9 D9 23 F6 AD 
 E8 0F 54 1A A3 FF FA 7F 60 FD C2 B9 FD 0C 5E AE 
 C6 6A 00 5E 9C 8D 3E 11 C6 AE 76 D5 AE 87 D1 40 
 DA 05 4B D0 39 5E 5A 83 9B 97 44 84 92 92 29 6D 
 82 E8 9C 51 46 41 34 37 50 95 FD 33 83 80 30 93 
 74 C6 50 A0 71 39 9A D1 92 D2 82 11 40 2B 61 60 
 61 E3 05 88 2D 29 CC 99 57 97 CD 92 49 AA 4C 8B 
 A4 2A 34 F5 F1 14 D6 66 85 57 9F DD 92 4C 07 FB 
 AF 69 AE 7B 8E E4 4B EA 74 C5 3D FA 96 06 86 AF 
 88 54 FD 27 4C 75 38 C4 FE EA A0 07 00 8B 17 7C 
 18 AB 99 E3 30 CF 19 C5 93 78 58 46 7C A8 AD 78 
 4C 68 B8 97 8B 6D F7 F7 5D 0E F9 38 41 4F 5C 4E 
 2F 56 A1 A3 10 D9 72 68 04 78 AE E6 6B AC CB 4E 
 63 10 8C 97 D8 99 E4 B1 C4 25 BC 66 47 18 FE 64 
 E5 FA 0B B2 ED F8 82 FC D4 89 81 C9 C8 85 3A AF 
 78 AF 35 E4 28 AB BD E1 44 59 C2 1A EE BD B0 4A 
 F6 33 47 B7 CC BC D9 F3 55 AA 26 F3 29 C5 B6 71 
 95 96 58 B5 47 B5 8A 02 E5 B8 F7 A3 3A 66 D1 DF 
 40 11 8A 8C 67 AE C6 5B 0F B4 AB 2F AA 61 EE 11 
 D3 D4 FC 0E F9 68 3D 8C 8C 93 97 5F 28 72 F6 F9 
 78 BD BF BE BD 18 E9 E7 E7 B3 07 1C 1C AD 55 9F 
 BB B0 E3 32 E8 82 2F A5 91 D1 54 40 6F B5 
 SWTPM_IO_Read: length 414
 80 01 00 00 01 9E 00 00 01 61 00 00 00 00 00 00 
 01 0C 02 00 00 00 40 00 00 07 01 82 00 40 CE 01 
 DF 43 A7 6E F2 6A 41 A1 7A 38 2B DF 55 0A 3C BA 
 2B 05 76 14 F1 74 1A 98 CA F7 D4 3F 0F 0D EE 4B 
 E9 AA 9B 1E 11 EB 82 03 13 DB 33 B9 D9 23 F6 AD 
 E8 0F 54 1A A3 FF FA 7F 60 FD C2 B9 FD 0C 5E AE 
 C6 6A 00 5E 9C 8D 3E 11 C6 AE 76 D5 AE 87 D1 40 
 DA 05 4B D0 39 5E 5A 83 9B 97 44 84 92 92 29 6D 
 82 E8 9C 51 46 41 34 37 50 95 FD 33 83 80 30 93 
 74 C6 50 A0 71 39 9A D1 92 D2 82 11 40 2B 61 60 
 61 E3 05 88 2D 29 CC 99 57 97 CD 92 49 AA 4C 8B 
 A4 2A 34 F5 F1 14 D6 66 85 57 9F DD 92 4C 07 FB 
 AF 69 AE 7B 8E E4 4B EA 74 C5 3D FA 96 06 86 AF 
 88 54 FD 27 4C 75 38 C4 FE EA A0 07 00 8B 17 7C 
 18 AB 99 E3 30 CF 19 C5 93 78 58 46 7C A8 AD 78 
 4C 68 B8 97 8B 6D F7 F7 5D 0E F9 38 41 4F 5C 4E 
 2F 56 A1 A3 10 D9 72 68 04 78 AE E6 6B AC CB 4E 
 63 10 8C 97 D8 99 E4 B1 C4 25 BC 66 47 18 FE 64 
 E5 FA 0B B2 ED F8 82 FC D4 89 81 C9 C8 85 3A AF 
 78 AF 35 E4 28 AB BD E1 44 59 C2 1A EE BD B0 4A 
 F6 33 47 B7 CC BC D9 F3 55 AA 26 F3 29 C5 B6 71 
 95 96 58 B5 47 B5 8A 02 E5 B8 F7 A3 3A 66 D1 DF 
 40 11 8A 8C 67 AE C6 5B 0F B4 AB 2F AA 61 EE 11 
 D3 D4 FC 0E F9 68 3D 8C 8C 93 97 5F 28 72 F6 F9 
 78 BD BF BE BD 18 E9 E7 E7 B3 07 1C 1C AD 55 9F 
 BB B0 E3 32 E8 82 2F A5 91 D1 54 40 6F B5 
    IsEnEnabled(0x161 = 'ContextLoad'): 1
 SWTPM_IO_Write: length 14
 80 01 00 00 00 0E 00 00 00 00 02 00 00 00 
 SWTPM_IO_Read: length 215
 80 02 00 00 00 D7 00 00 01 53 81 00 00 03 00 00 
 00 49 02 00 00 00 00 20 0C B5 C4 0D FB 64 6E A4 
 76 BC C6 6A F8 14 F9 12 94 C5 BB E6 AD 50 99 94 
 8D 87 71 B9 E3 E4 88 DB 01 00 20 AA 9B 54 37 5A 
 7A D8 2D 55 E5 95 36 99 AC 87 8F 07 F1 33 72 3E 
 70 40 2E 57 77 73 93 B5 84 BB 9B 00 64 00 20 38 
 66 33 36 39 30 64 61 39 63 34 39 39 65 37 64 39 
 64 32 37 35 36 39 34 30 35 37 62 66 63 62 63 00 
 40 31 36 34 39 30 39 30 61 65 65 30 37 36 64 32 
 66 34 35 36 37 61 39 62 34 35 63 39 66 38 63 38 
 36 39 37 37 31 31 62 31 39 36 64 38 32 31 66 64 
 63 36 36 64 34 37 39 65 37 62 30 33 66 64 63 34 
 31 00 0E 00 08 00 0B 00 00 00 52 00 00 00 10 00 
 00 00 00 00 00 00 00 
    IsEnEnabled(0x153 = 'Create'): 1
 SWTPM_IO_Write: length 546
 80 02 00 00 02 22 00 00 00 00 00 00 01 CF 00 BE 
 00 20 CE 4A 8B F6 14 CE 16 B8 E2 6B 30 A4 65 77 
 CD AB 62 C6 C4 8F D0 37 D9 5A 45 E2 E1 43 82 38 
 3D CD 00 10 8F DC 13 E0 A3 17 25 F9 17 1A 5B DE 
 13 4A 5B 15 DC 3C F9 34 04 BD 9D 49 8C DD 45 CF 
 EA EA EB 46 F3 A9 08 FB 41 83 1A 4E 0A 86 04 91 
 9A CC CD 69 BC BB FA 21 27 7B 9D 1E CE 0B F5 FD 
 81 53 FD 5D D0 A7 D6 0B B6 05 92 27 29 DA 8B 72 
 26 DD B0 0D AF 7D 54 74 AE AF F8 25 1A 64 C4 B7 
 89 65 CA 4F 2B F5 A5 91 B1 9C F3 73 65 55 56 B4 
 88 E1 3B F5 B3 AE E3 EE A7 A3 69 90 9D D7 B0 81 
 05 CF 10 29 AB CE E3 8A F4 3F F7 F2 9A 39 4E D0 
 CD AA 6E F9 62 10 92 29 6D 52 E5 62 55 BC 00 2E 
 00 08 00 0B 00 00 00 52 00 00 00 10 00 20 01 B9 
 9E 69 32 7F 7F 15 63 EA 1C FA 91 64 B2 D8 B9 D6 
 0F 08 10 68 E2 AF 17 00 9C 0B 35 A0 16 F2 00 73 
 00 00 00 00 00 20 E3 B0 C4 42 98 FC 1C 14 9A FB 
 F4 C8 99 6F B9 24 27 AE 41 E4 64 9B 93 4C A4 95 
 99 1B 78 52 B8 55 01 00 0B 00 22 00 0B 6F 62 A5 
 92 85 2A 3F 7D 46 26 3F 68 69 DC BB 74 34 7E 21 
 71 C5 F6 22 23 73 2C F4 DB 24 25 6C 8F 00 22 00 
 0B DF 91 44 0B BF 00 69 EA 28 DD C2 68 72 71 BE 
 AC DD EA 76 DF 6D DB 2B 49 A3 DA 39 E8 0F 75 B4 
 B2 00 00 00 20 DD 44 3D 3A 28 31 DC 46 C9 94 CA 
 05 17 1A 70 3E 62 44 A5 1B 42 B7 CA 32 08 EC 9A 
 DD B0 9D 21 3D 80 21 40 00 00 01 00 40 04 A5 64 
 48 6F 25 1A 4B AB 16 1A 25 44 A5 30 75 D0 88 A1 
 7C 07 61 5B 18 3E 76 D3 25 E6 0C 68 69 F0 53 7E 
 19 7C EC 4B 12 CE 0E FA BC 3E 44 27 56 E6 1F D6 
 5D CC 2D FF D1 81 D0 52 EA D6 44 89 B6 00 20 A7 
 33 DD C2 9A 76 B9 B1 E5 EA 73 12 F0 D4 69 00 84 
 F9 08 8E 02 E4 7E 64 1E 97 0E 1F A7 DD 61 97 01 
 00 20 43 82 A0 AB C6 02 04 94 0E 58 7E 2A 41 23 
 A0 AE AA 42 25 51 F3 DD 1A 90 90 87 C3 D9 4F 1C 
 8F 26 
 SWTPM_IO_Read: length 14
 80 01 00 00 00 0E 00 00 01 62 02 00 00 00 
    IsEnEnabled(0x162 = 'ContextSave'): 1
 SWTPM_IO_Write: length 414
 80 01 00 00 01 9E 00 00 00 00 00 00 00 00 00 00 
 01 0D 02 00 00 00 40 00 00 07 01 82 00 40 BA 7D 
 60 35 33 AE F1 C7 07 B5 0E 8D 5D C8 7C 39 9D 76 
 8C B6 B3 CA 68 3C 88 CE 69 3C CF 3E DE 44 88 60 
 9C 18 12 CD 01 03 76 58 54 60 80 78 29 F9 5D 03 
 13 CD DD D8 E7 0B 27 D4 67 9A F3 BA 54 86 1F 22 
 9F C3 28 85 B7 CC E9 5C 89 AE CC AA 90 CE 2C 5E 
 BE 1F F1 CD D6 53 BA 08 87 E0 14 D9 81 61 C3 DD 
 CB 57 1F 56 CA 6E 82 0F 62 D5 6F 0E 0C 6A 18 19 
 85 5A 52 22 DF A7 13 45 1F 85 8D 0E BB B8 97 E7 
 69 99 9E B0 04 B4 94 A0 42 6D 73 80 F3 6D 7F 5E 
 09 15 BA 84 30 56 B4 4D BE B4 E4 3D A9 DD 25 8E 
 B5 81 E4 A4 30 FB 21 1D B0 29 DF F3 B0 B5 B4 60 
 39 49 63 80 DD 6D E5 63 33 1C AF AF 7F 46 0D FA 
 C7 45 AF 13 C3 88 55 97 BC D3 F2 30 47 C2 EB F7 
 18 77 C4 15 33 F9 C1 30 A9 65 A6 B7 A9 39 DA B8 
 7F 44 4E 70 07 F2 AD 59 BD 1C 88 CB D3 27 48 F4 
 E0 F9 9B 7E 63 55 17 23 D0 23 EC E3 B6 B2 ED 0C 
 70 9C CE CA B6 F0 08 67 D4 69 13 C2 CB AF 8D 35 
 88 65 5D 59 76 8A 91 14 9B A6 96 71 CF 10 C9 70 
 AF 61 55 FA 55 01 88 AF DD DC 70 27 42 75 E4 F4 
 6A 86 2E 9C 4A 59 BA A2 10 E2 D2 C7 28 4D F3 3F 
 E4 1C 66 82 BB 0B C0 12 19 AE A7 0B 6D 07 29 35 
 1E 8C DC 1E F2 57 11 48 0E 8A BE CC F8 92 E4 22 
 EF 4E D4 8E E6 69 F4 21 93 9E DA FC A0 23 7D 36 
 DB E4 C5 09 C0 08 17 DE CA 9E 01 D6 19 97 
 SWTPM_IO_Read: length 414
 80 01 00 00 01 9E 00 00 01 61 00 00 00 00 00 00 
 01 0D 02 00 00 00 40 00 00 07 01 82 00 40 BA 7D 
 60 35 33 AE F1 C7 07 B5 0E 8D 5D C8 7C 39 9D 76 
 8C B6 B3 CA 68 3C 88 CE 69 3C CF 3E DE 44 88 60 
 9C 18 12 CD 01 03 76 58 54 60 80 78 29 F9 5D 03 
 13 CD DD D8 E7 0B 27 D4 67 9A F3 BA 54 86 1F 22 
 9F C3 28 85 B7 CC E9 5C 89 AE CC AA 90 CE 2C 5E 
 BE 1F F1 CD D6 53 BA 08 87 E0 14 D9 81 61 C3 DD 
 CB 57 1F 56 CA 6E 82 0F 62 D5 6F 0E 0C 6A 18 19 
 85 5A 52 22 DF A7 13 45 1F 85 8D 0E BB B8 97 E7 
 69 99 9E B0 04 B4 94 A0 42 6D 73 80 F3 6D 7F 5E 
 09 15 BA 84 30 56 B4 4D BE B4 E4 3D A9 DD 25 8E 
 B5 81 E4 A4 30 FB 21 1D B0 29 DF F3 B0 B5 B4 60 
 39 49 63 80 DD 6D E5 63 33 1C AF AF 7F 46 0D FA 
 C7 45 AF 13 C3 88 55 97 BC D3 F2 30 47 C2 EB F7 
 18 77 C4 15 33 F9 C1 30 A9 65 A6 B7 A9 39 DA B8 
 7F 44 4E 70 07 F2 AD 59 BD 1C 88 CB D3 27 48 F4 
 E0 F9 9B 7E 63 55 17 23 D0 23 EC E3 B6 B2 ED 0C 
 70 9C CE CA B6 F0 08 67 D4 69 13 C2 CB AF 8D 35 
 88 65 5D 59 76 8A 91 14 9B A6 96 71 CF 10 C9 70 
 AF 61 55 FA 55 01 88 AF DD DC 70 27 42 75 E4 F4 
 6A 86 2E 9C 4A 59 BA A2 10 E2 D2 C7 28 4D F3 3F 
 E4 1C 66 82 BB 0B C0 12 19 AE A7 0B 6D 07 29 35 
 1E 8C DC 1E F2 57 11 48 0E 8A BE CC F8 92 E4 22 
 EF 4E D4 8E E6 69 F4 21 93 9E DA FC A0 23 7D 36 
 DB E4 C5 09 C0 08 17 DE CA 9E 01 D6 19 97 
    IsEnEnabled(0x161 = 'ContextLoad'): 1
 SWTPM_IO_Write: length 14
 80 01 00 00 00 0E 00 00 00 00 02 00 00 00 
 SWTPM_IO_Read: length 14
 80 01 00 00 00 0E 00 00 01 65 02 00 00 00 
    IsEnEnabled(0x165 = 'FlushContext'): 1
 SWTPM_IO_Write: length 10
 80 01 00 00 00 0A 00 00 00 00 
 SWTPM_IO_Read: length 14
 80 01 00 00 00 0E 00 00 01 62 02 00 00 00 
    IsEnEnabled(0x162 = 'ContextSave'): 1
 SWTPM_IO_Write: length 10
 80 01 00 00 00 0A 00 00 09 10 
 SWTPM_IO_Read: length 12
 80 01 00 00 00 0C 00 00 01 7B 00 08 
    IsEnEnabled(0x17b = 'GetRandom'): 1
 SWTPM_IO_Write: length 20
 80 01 00 00 00 14 00 00 00 00 00 08 1F 80 9E B9 
 F5 F0 82 83 
 SWTPM_IO_Read: length 22
 80 01 00 00 00 16 00 00 01 7A 00 00 00 00 00 00 
 00 00 00 00 00 7F 
    IsEnEnabled(0x17a = 'GetCapability'): 1
 SWTPM_IO_Write: length 217
 80 01 00 00 00 D9 00 00 00 00 00 00 00 00 00 00 
 00 00 21 00 01 00 00 00 09 00 03 00 00 00 02 00 
 04 00 00 00 04 00 05 00 00 01 04 00 06 00 00 00 
 02 00 07 00 00 04 04 00 08 00 00 03 0C 00 0A 00 
 00 00 06 00 0B 00 00 00 04 00 0C 00 00 00 04 00 
 0D 00 00 00 04 00 14 00 00 01 01 00 15 00 00 02 
 01 00 16 00 00 01 01 00 17 00 00 02 01 00 18 00 
 00 01 01 00 19 00 00 04 01 00 1A 00 00 01 01 00 
 1B 00 00 05 01 00 1C 00 00 01 01 00 1D 00 00 04 
 01 00 20 00 00 04 04 00 21 00 00 04 04 00 22 00 
 00 04 04 00 23 00 00 00 09 00 25 00 00 00 08 00 
 26 00 00 00 02 00 3F 00 00 01 02 00 40 00 00 02 
 02 00 41 00 00 02 02 00 42 00 00 02 02 00 43 00 
 00 02 02 00 44 00 00 02 02 
 SWTPM_IO_Read: length 59
 80 01 00 00 00 3B 00 00 01 76 40 00 00 07 40 00 
 00 07 00 20 6A 49 3B 89 6E 3C 91 A6 84 60 C6 5F 
 FB C2 65 7C B0 9D 73 AA 2E 89 AE 35 5A 83 04 16 
 E2 38 CE 53 00 00 00 00 10 00 0B 
    IsEnEnabled(0x176 = 'StartAuthSession'): 1
 SWTPM_IO_Write: length 48
 80 01 00 00 00 30 00 00 00 00 02 00 00 00 00 20 
 25 8A 47 2F 5C 18 CD 57 7F A5 C5 14 F9 D7 C1 1A 
 77 53 85 AE F7 C3 DB 35 D3 89 02 F1 A6 91 62 73 
 SWTPM_IO_Read: length 14
 80 01 00 00 00 0E 00 00 01 62 02 00 00 00 
    IsEnEnabled(0x162 = 'ContextSave'): 1
 SWTPM_IO_Write: length 414
 80 01 00 00 01 9E 00 00 00 00 00 00 00 00 00 00 
 01 0E 02 00 00 00 40 00 00 07 01 82 00 40 6F 66 
 E6 5E 23 5D C2 98 2D E1 71 9A AA 8F AD 66 EF EB 
 B5 5A 83 DC 06 B4 4E BA AB 41 51 A0 B8 B9 49 A1 
 6D 06 38 84 38 F0 BB E3 08 DD ED 2E 5E 04 D6 F4 
 65 3E 3A DE 9A B0 FF D7 9C 88 19 B9 27 AF 2A C3 
 02 27 6B D1 DC FC B9 B4 41 54 B2 F2 4B 9E D3 24 
 BD 1F C1 5C BB F7 DF 30 AC F4 92 DF CF 1A 8D 1C 
 7D 5D BD FB 8B 7C 07 50 6B 08 8E A9 60 60 C7 BF 
 40 FF E7 6E 4A 0E A2 6B 2E 31 0A 9A D0 C9 5D 7E 
 C3 00 7E FD 90 BE 25 94 29 AC C5 0C D6 22 FE 38 
 29 A4 C7 76 5A FD 8C C5 B5 6B 8C 5A 04 B5 73 62 
 6C B8 4C E2 80 5D 26 CD B5 DA B1 97 2F B2 EE 1C 
 76 1D 50 24 42 DE EF 21 D9 CF 98 14 D3 EE 27 4A 
 D5 29 96 34 DA 52 98 0E C2 C6 48 D9 6B 64 9A 63 
 D4 63 15 CE 7F DB 3C E8 4A 6C 35 4D E6 95 5F F1 
 6B EC BF 5A D6 6F BE 39 C7 2D BE 78 FD F9 93 FA 
 88 E4 CE CB F4 DA CC DA CC DF B9 41 76 A2 CF B2 
 17 58 81 AD D8 68 86 52 6E FA A8 E2 A6 18 74 0A 
 3A 4F F6 7D 5F F1 CB 92 6E 48 2A 3E 3C D4 1A 58 
 93 E8 27 26 F3 14 1B AA 95 D1 E5 94 C2 F1 92 9B 
 77 A2 4B C9 E6 19 59 70 EB 97 77 31 AC E0 C2 81 
 F6 10 87 80 8F CB 39 B5 E6 E1 6B 2E 05 0B 8D 71 
 F9 90 11 3D 23 5C 07 AC DA 3B 37 F7 BC 3E 49 AE 
 EA C9 80 0D 26 94 8B CE 53 E7 66 3E 5F CC 86 44 
 11 48 EC 6C 0F A6 86 F7 E6 F8 E7 19 5C D4 
 SWTPM_IO_Read: length 414
 80 01 00 00 01 9E 00 00 01 61 00 00 00 00 00 00 
 01 0E 02 00 00 00 40 00 00 07 01 82 00 40 6F 66 
 E6 5E 23 5D C2 98 2D E1 71 9A AA 8F AD 66 EF EB 
 B5 5A 83 DC 06 B4 4E BA AB 41 51 A0 B8 B9 49 A1 
 6D 06 38 84 38 F0 BB E3 08 DD ED 2E 5E 04 D6 F4 
 65 3E 3A DE 9A B0 FF D7 9C 88 19 B9 27 AF 2A C3 
 02 27 6B D1 DC FC B9 B4 41 54 B2 F2 4B 9E D3 24 
 BD 1F C1 5C BB F7 DF 30 AC F4 92 DF CF 1A 8D 1C 
 7D 5D BD FB 8B 7C 07 50 6B 08 8E A9 60 60 C7 BF 
 40 FF E7 6E 4A 0E A2 6B 2E 31 0A 9A D0 C9 5D 7E 
 C3 00 7E FD 90 BE 25 94 29 AC C5 0C D6 22 FE 38 
 29 A4 C7 76 5A FD 8C C5 B5 6B 8C 5A 04 B5 73 62 
 6C B8 4C E2 80 5D 26 CD B5 DA B1 97 2F B2 EE 1C 
 76 1D 50 24 42 DE EF 21 D9 CF 98 14 D3 EE 27 4A 
 D5 29 96 34 DA 52 98 0E C2 C6 48 D9 6B 64 9A 63 
 D4 63 15 CE 7F DB 3C E8 4A 6C 35 4D E6 95 5F F1 
 6B EC BF 5A D6 6F BE 39 C7 2D BE 78 FD F9 93 FA 
 88 E4 CE CB F4 DA CC DA CC DF B9 41 76 A2 CF B2 
 17 58 81 AD D8 68 86 52 6E FA A8 E2 A6 18 74 0A 
 3A 4F F6 7D 5F F1 CB 92 6E 48 2A 3E 3C D4 1A 58 
 93 E8 27 26 F3 14 1B AA 95 D1 E5 94 C2 F1 92 9B 
 77 A2 4B C9 E6 19 59 70 EB 97 77 31 AC E0 C2 81 
 F6 10 87 80 8F CB 39 B5 E6 E1 6B 2E 05 0B 8D 71 
 F9 90 11 3D 23 5C 07 AC DA 3B 37 F7 BC 3E 49 AE 
 EA C9 80 0D 26 94 8B CE 53 E7 66 3E 5F CC 86 44 
 11 48 EC 6C 0F A6 86 F7 E6 F8 E7 19 5C D4 
    IsEnEnabled(0x161 = 'ContextLoad'): 1
 SWTPM_IO_Write: length 14
 80 01 00 00 00 0E 00 00 00 00 02 00 00 00 
 SWTPM_IO_Read: length 215
 80 02 00 00 00 D7 00 00 01 53 81 00 00 03 00 00 
 00 49 02 00 00 00 00 20 F1 9A C1 CD 99 C4 DE 45 
 D0 1D E5 B9 FB 2A C0 66 3D FA E5 65 78 53 EE 86 
 2E 64 2F D6 93 E4 C1 3F 01 00 20 A4 72 B0 06 4F 
 3A 29 B8 C4 5F 62 62 C5 86 E5 3B B7 A6 CB CC 3A 
 F1 D9 9B 8A DD 2C 86 1F 62 42 DE 00 64 00 20 33 
 36 36 65 64 38 61 66 64 34 39 35 31 39 32 39 37 
 30 35 66 30 39 38 63 34 34 30 65 64 64 37 65 00 
 40 31 36 34 39 30 39 30 61 65 65 30 37 36 64 32 
 66 34 35 36 37 61 39 62 34 35 63 39 66 38 63 38 
 36 39 37 37 31 31 62 31 39 36 64 38 32 31 66 64 
 63 36 36 64 34 37 39 65 37 62 30 33 66 64 63 34 
 31 00 0E 00 08 00 0B 00 00 00 52 00 00 00 10 00 
 00 00 00 00 00 00 00 
    IsEnEnabled(0x153 = 'Create'): 1
 SWTPM_IO_Write: length 546
 80 02 00 00 02 22 00 00 00 00 00 00 01 CF 00 BE 
 00 20 16 56 15 F3 22 8D 31 7D 03 AF 10 09 53 DE 
 88 D3 4B FD E3 21 05 C1 EB 25 28 15 C5 41 92 F4 
 07 6E 00 10 B5 CB 1E B4 E5 33 3F B8 27 C4 CA D9 
 88 93 9E 54 9D F1 E6 7E 18 75 E4 21 24 8F 54 88 
 F9 68 81 64 AE 2E C1 7A 9B 53 30 24 EB FF 86 97 
 04 45 05 2E D1 D9 C8 F4 AE 31 10 BA AC 23 E5 DB 
 F0 F4 DE 88 42 CB 77 B8 DD 17 C0 91 5F 7D 66 B0 
 CF 72 FD 71 D0 E8 EE 1E 47 6B FE A1 C6 CF D8 A0 
 C7 1E 19 84 ED D2 51 B9 67 B7 D6 7F 20 49 45 09 
 2C 36 0A 45 B8 65 46 37 B1 D3 EF 5F 31 77 29 36 
 92 8F C0 D1 3B 26 46 62 BA 53 80 9E 94 E4 95 F9 
 5D A3 6D B4 C9 EF F9 38 CC A7 C2 B5 AC 9E 00 2E 
 00 08 00 0B 00 00 00 52 00 00 00 10 00 20 3E 96 
 B4 C9 C2 2F 5C 12 EB 0A 4E FC 4B 71 5C 98 4C 82 
 FD 68 0A 0B 76 CA D8 58 91 40 47 D3 C3 02 00 73 
 00 00 00 00 00 20 E3 B0 C4 42 98 FC 1C 14 9A FB 
 F4 C8 99 6F B9 24 27 AE 41 E4 64 9B 93 4C A4 95 
 99 1B 78 52 B8 55 01 00 0B 00 22 00 0B 6F 62 A5 
 92 85 2A 3F 7D 46 26 3F 68 69 DC BB 74 34 7E 21 
 71 C5 F6 22 23 73 2C F4 DB 24 25 6C 8F 00 22 00 
 0B DF 91 44 0B BF 00 69 EA 28 DD C2 68 72 71 BE 
 AC DD EA 76 DF 6D DB 2B 49 A3 DA 39 E8 0F 75 B4 
 B2 00 00 00 20 DD 44 3D 3A 28 31 DC 46 C9 94 CA 
 05 17 1A 70 3E 62 44 A5 1B 42 B7 CA 32 08 EC 9A 
 DD B0 9D 21 3D 80 21 40 00 00 01 00 40 67 0A 6F 
 19 B2 FC 0C C6 3E 33 C0 37 30 5F E9 5D 67 A1 7F 
 FA EF 95 E8 B5 59 7E 5D AE 4A 79 E3 EE 4B B6 CB 
 F9 E0 C9 DE AF 79 B4 21 39 88 B3 E2 D4 7A C7 E8 
 96 0D 40 C3 D1 CD F5 27 D7 40 7E 45 41 00 20 DA 
 78 59 E2 B5 68 7C 13 2B 4B 48 8A 32 18 E7 C4 EA 
 92 FC 8D F8 82 93 1D BE 0A B7 AB AC F3 67 6D 01 
 00 20 24 FA F8 59 AA F9 A4 09 C2 30 13 71 73 84 
 18 55 3C 69 25 A3 97 A1 3E B7 0E 16 28 9F 8B FB 
 98 AC 
 SWTPM_IO_Read: length 14
 80 01 00 00 00 0E 00 00 01 62 02 00 00 00 
    IsEnEnabled(0x162 = 'ContextSave'): 1
 SWTPM_IO_Write: length 414
 80 01 00 00 01 9E 00 00 00 00 00 00 00 00 00 00 
 01 0F 02 00 00 00 40 00 00 07 01 82 00 40 6C 75 
 8D 83 DC 0B 8A 36 CA C7 52 FE 3F 74 57 4C 83 56 
 28 35 58 AB EF 4F 61 08 8E F2 E3 A9 7C 59 C8 FA 
 8F B1 43 20 01 DD AE EE E4 59 68 29 2C 2A C4 56 
 66 92 6C 53 F9 AA F4 97 F8 B8 5F 48 76 D5 C0 67 
 CA 0B E1 EC 18 BF 58 D0 B2 31 1D 7D F0 BD A7 03 
 B2 A8 8C 99 B9 08 23 EE 26 09 4E 2C F8 0D CB 0B 
 D2 7B 3B 11 97 82 47 BB 20 A3 B3 6C FB C7 76 01 
 82 E3 A5 84 CF E3 11 7B AF DF 5D 96 EC A9 2C 4B 
 16 B8 32 86 1F 5E 34 A3 39 B7 48 6A 94 2F 79 0F 
 DA 84 8D A7 18 38 0C D3 79 48 4D BD B8 65 70 D4 
 20 0B 90 56 11 3D 54 8F B0 9B F2 E7 3E FF DB 34 
 6F A8 0E E7 7C 10 69 4A 5B DF 34 80 FB DD 43 77 
 60 3A 40 1C 29 C0 2F 46 F0 B0 4E A5 1D 74 8C 1D 
 EA BA 78 60 47 BD 4D BA 57 B8 0C 8E 04 17 3E EC 
 7D A9 56 74 B5 91 CE C9 C5 CB 6C 2E 90 04 CD BA 
 01 30 A4 5A 95 4C 1E 59 BE 90 9E 80 AF 34 D1 26 
 5E 8F FA A9 19 11 E4 9E BB FE 3E 6B E1 03 8E 77 
 12 FA E8 FC 4D 1E CF 56 44 49 C5 DD F3 2D DE 53 
 E6 5A 10 56 B7 B2 F0 7F D8 D9 12 C5 EB C2 E8 DA 
 41 AA 84 16 6C 00 39 9D E2 42 35 82 70 7A 5C AC 
 9A FC 86 D5 9A 00 36 03 C3 CF AB 39 30 87 4A DE 
 FA 08 47 4C 72 3E C1 70 70 A7 29 05 88 1E 8D 18 
 8C 49 93 6A 7D A8 8A 46 91 A1 28 AA F7 94 68 28 
 B6 30 54 12 52 BA D1 66 08 4F F4 B3 F2 CD 
 SWTPM_IO_Read: length 414
 80 01 00 00 01 9E 00 00 01 61 00 00 00 00 00 00 
 01 0F 02 00 00 00 40 00 00 07 01 82 00 40 6C 75 
 8D 83 DC 0B 8A 36 CA C7 52 FE 3F 74 57 4C 83 56 
 28 35 58 AB EF 4F 61 08 8E F2 E3 A9 7C 59 C8 FA 
 8F B1 43 20 01 DD AE EE E4 59 68 29 2C 2A C4 56 
 66 92 6C 53 F9 AA F4 97 F8 B8 5F 48 76 D5 C0 67 
 CA 0B E1 EC 18 BF 58 D0 B2 31 1D 7D F0 BD A7 03 
 B2 A8 8C 99 B9 08 23 EE 26 09 4E 2C F8 0D CB 0B 
 D2 7B 3B 11 97 82 47 BB 20 A3 B3 6C FB C7 76 01 
 82 E3 A5 84 CF E3 11 7B AF DF 5D 96 EC A9 2C 4B 
 16 B8 32 86 1F 5E 34 A3 39 B7 48 6A 94 2F 79 0F 
 DA 84 8D A7 18 38 0C D3 79 48 4D BD B8 65 70 D4 
 20 0B 90 56 11 3D 54 8F B0 9B F2 E7 3E FF DB 34 
 6F A8 0E E7 7C 10 69 4A 5B DF 34 80 FB DD 43 77 
 60 3A 40 1C 29 C0 2F 46 F0 B0 4E A5 1D 74 8C 1D 
 EA BA 78 60 47 BD 4D BA 57 B8 0C 8E 04 17 3E EC 
 7D A9 56 74 B5 91 CE C9 C5 CB 6C 2E 90 04 CD BA 
 01 30 A4 5A 95 4C 1E 59 BE 90 9E 80 AF 34 D1 26 
 5E 8F FA A9 19 11 E4 9E BB FE 3E 6B E1 03 8E 77 
 12 FA E8 FC 4D 1E CF 56 44 49 C5 DD F3 2D DE 53 
 E6 5A 10 56 B7 B2 F0 7F D8 D9 12 C5 EB C2 E8 DA 
 41 AA 84 16 6C 00 39 9D E2 42 35 82 70 7A 5C AC 
 9A FC 86 D5 9A 00 36 03 C3 CF AB 39 30 87 4A DE 
 FA 08 47 4C 72 3E C1 70 70 A7 29 05 88 1E 8D 18 
 8C 49 93 6A 7D A8 8A 46 91 A1 28 AA F7 94 68 28 
 B6 30 54 12 52 BA D1 66 08 4F F4 B3 F2 CD 
    IsEnEnabled(0x161 = 'ContextLoad'): 1
 SWTPM_IO_Write: length 14
 80 01 00 00 00 0E 00 00 00 00 02 00 00 00 
 SWTPM_IO_Read: length 14
 80 01 00 00 00 0E 00 00 01 65 02 00 00 00 
    IsEnEnabled(0x165 = 'FlushContext'): 1
 SWTPM_IO_Write: length 10
 80 01 00 00 00 0A 00 00 00 00 
 SWTPM_IO_Read: length 14
 80 01 00 00 00 0E 00 00 01 62 02 00 00 00 
    IsEnEnabled(0x162 = 'ContextSave'): 1
 SWTPM_IO_Write: length 10
 80 01 00 00 00 0A 00 00 09 10 
 SWTPM_IO_Read: length 12
 80 01 00 00 00 0C 00 00 01 7B 00 08 
    IsEnEnabled(0x17b = 'GetRandom'): 1
 SWTPM_IO_Write: length 20
 80 01 00 00 00 14 00 00 00 00 00 08 CD 38 D7 10 
 E0 3E BA B1 
 SWTPM_IO_Read: length 22
 80 01 00 00 00 16 00 00 01 7A 00 00 00 00 00 00 
 00 00 00 00 00 7F 
    IsEnEnabled(0x17a = 'GetCapability'): 1
 SWTPM_IO_Write: length 217
 80 01 00 00 00 D9 00 00 00 00 00 00 00 00 00 00 
 00 00 21 00 01 00 00 00 09 00 03 00 00 00 02 00 
 04 00 00 00 04 00 05 00 00 01 04 00 06 00 00 00 
 02 00 07 00 00 04 04 00 08 00 00 03 0C 00 0A 00 
 00 00 06 00 0B 00 00 00 04 00 0C 00 00 00 04 00 
 0D 00 00 00 04 00 14 00 00 01 01 00 15 00 00 02 
 01 00 16 00 00 01 01 00 17 00 00 02 01 00 18 00 
 00 01 01 00 19 00 00 04 01 00 1A 00 00 01 01 00 
 1B 00 00 05 01 00 1C 00 00 01 01 00 1D 00 00 04 
 01 00 20 00 00 04 04 00 21 00 00 04 04 00 22 00 
 00 04 04 00 23 00 00 00 09 00 25 00 00 00 08 00 
 26 00 00 00 02 00 3F 00 00 01 02 00 40 00 00 02 
 02 00 41 00 00 02 02 00 42 00 00 02 02 00 43 00 
 00 02 02 00 44 00 00 02 02 
 SWTPM_IO_Read: length 59
 80 01 00 00 00 3B 00 00 01 76 40 00 00 07 40 00 
 00 07 00 20 44 A9 B5 5B 59 CB 59 A7 4F F2 3F 98 
 98 E3 0E 3D B4 BF 0C 6E B2 8E A5 85 23 AE 09 05 
 A3 BE CD 21 00 00 00 00 10 00 0B 
    IsEnEnabled(0x176 = 'StartAuthSession'): 1
 SWTPM_IO_Write: length 48
 80 01 00 00 00 30 00 00 00 00 02 00 00 00 00 20 
 9C 93 4D 76 9F 31 4F 6A 5E 00 06 ED 42 82 81 41 
 5D 7F 39 B6 4F 2C 62 10 40 F7 DB D5 69 00 DA F8 
 SWTPM_IO_Read: length 14
 80 01 00 00 00 0E 00 00 01 62 02 00 00 00 
    IsEnEnabled(0x162 = 'ContextSave'): 1
 SWTPM_IO_Write: length 414
 80 01 00 00 01 9E 00 00 00 00 00 00 00 00 00 00 
 01 10 02 00 00 00 40 00 00 07 01 82 00 40 B2 79 
 DB 56 14 8D 30 2A D8 47 16 E2 8D 92 44 B5 9C E5 
 CB 34 0B 3D CD BA B2 51 A0 C8 7B 1D 73 15 11 53 
 BC 28 C7 C4 75 4D 78 91 E0 D5 1F E3 0B D9 F3 3D 
 7F 0B DF F2 95 D0 6B 12 0C 07 5A 3A 6A 4A 16 D0 
 98 27 4C BB 2D B9 43 C0 19 76 DB 96 4D 7C 35 37 
 54 F9 78 9E 5F 77 7D D5 BF D3 32 83 80 1D 20 A9 
 7F 24 49 5C FA 1F 57 DE C7 32 F5 D3 58 37 26 5B 
 D1 63 88 B0 A9 80 A7 A1 B5 BD D7 E7 D9 06 CF D1 
 BB 2A 8F C1 4A 04 A2 60 FA 18 26 7D 69 DC E7 12 
 A0 A7 80 65 76 36 DD CC 43 45 7C E6 47 A3 3B 1F 
 36 29 19 72 19 7E 1C 11 A6 6F 6A 48 C9 D2 15 FE 
 0E 51 BC 6D 8D CB A8 67 21 5B BC 85 5C 96 20 BF 
 33 72 B9 F5 D5 5F 26 5A 91 2E 9E 8F DB 72 00 FA 
 6F 80 48 3E 7A D0 B7 80 BE 62 93 20 47 E9 A6 E4 
 EB 19 A3 D6 68 B0 86 6C D4 FD 4C 1B 65 E4 1A AD 
 D7 AD 04 14 4F 46 0C DC AA 31 77 B1 6A 40 FD D2 
 2D D8 F9 3E 63 EB 9A 67 68 A5 70 46 8F 0C 19 C1 
 20 5F 4F 47 5C 24 92 BB AA D3 7E EA 6B F6 E1 45 
 B5 39 10 56 D8 18 4B C7 EB 73 0C 25 E8 8D F9 AA 
 99 50 6D 17 CD F8 6F 02 B5 B4 1C E3 AF F7 62 5B 
 1B 7B D4 F5 CD 69 C2 90 9B 23 39 E7 09 86 09 E0 
 E2 41 5B 17 CB A8 13 12 3C 2F 4B 0A 54 C6 80 57 
 23 42 F5 14 4B 55 6A B0 7B 9A 6A 1D 9E 52 0D A1 
 FE 0F 03 51 25 04 4C B9 6D 09 30 6E 12 BB 
 SWTPM_IO_Read: length 414
 80 01 00 00 01 9E 00 00 01 61 00 00 00 00 00 00 
 01 10 02 00 00 00 40 00 00 07 01 82 00 40 B2 79 
 DB 56 14 8D 30 2A D8 47 16 E2 8D 92 44 B5 9C E5 
 CB 34 0B 3D CD BA B2 51 A0 C8 7B 1D 73 15 11 53 
 BC 28 C7 C4 75 4D 78 91 E0 D5 1F E3 0B D9 F3 3D 
 7F 0B DF F2 95 D0 6B 12 0C 07 5A 3A 6A 4A 16 D0 
 98 27 4C BB 2D B9 43 C0 19 76 DB 96 4D 7C 35 37 
 54 F9 78 9E 5F 77 7D D5 BF D3 32 83 80 1D 20 A9 
 7F 24 49 5C FA 1F 57 DE C7 32 F5 D3 58 37 26 5B 
 D1 63 88 B0 A9 80 A7 A1 B5 BD D7 E7 D9 06 CF D1 
 BB 2A 8F C1 4A 04 A2 60 FA 18 26 7D 69 DC E7 12 
 A0 A7 80 65 76 36 DD CC 43 45 7C E6 47 A3 3B 1F 
 36 29 19 72 19 7E 1C 11 A6 6F 6A 48 C9 D2 15 FE 
 0E 51 BC 6D 8D CB A8 67 21 5B BC 85 5C 96 20 BF 
 33 72 B9 F5 D5 5F 26 5A 91 2E 9E 8F DB 72 00 FA 
 6F 80 48 3E 7A D0 B7 80 BE 62 93 20 47 E9 A6 E4 
 EB 19 A3 D6 68 B0 86 6C D4 FD 4C 1B 65 E4 1A AD 
 D7 AD 04 14 4F 46 0C DC AA 31 77 B1 6A 40 FD D2 
 2D D8 F9 3E 63 EB 9A 67 68 A5 70 46 8F 0C 19 C1 
 20 5F 4F 47 5C 24 92 BB AA D3 7E EA 6B F6 E1 45 
 B5 39 10 56 D8 18 4B C7 EB 73 0C 25 E8 8D F9 AA 
 99 50 6D 17 CD F8 6F 02 B5 B4 1C E3 AF F7 62 5B 
 1B 7B D4 F5 CD 69 C2 90 9B 23 39 E7 09 86 09 E0 
 E2 41 5B 17 CB A8 13 12 3C 2F 4B 0A 54 C6 80 57 
 23 42 F5 14 4B 55 6A B0 7B 9A 6A 1D 9E 52 0D A1 
 FE 0F 03 51 25 04 4C B9 6D 09 30 6E 12 BB 
    IsEnEnabled(0x161 = 'ContextLoad'): 1
 SWTPM_IO_Write: length 14
 80 01 00 00 00 0E 00 00 00 00 02 00 00 00 
 SWTPM_IO_Read: length 127
 80 02 00 00 00 7F 00 00 01 53 81 00 00 03 00 00 
 00 49 02 00 00 00 00 20 54 83 8E 09 C4 3E B9 DD 
 5C C9 86 5A FF EF 5F B9 3F 7D 0A E6 3C F1 28 59 
 20 E8 B0 A8 91 BD 9C 5A 01 00 20 92 28 67 22 0D 
 96 47 52 2D BE 91 2C CD 03 D4 DE 4B 8F 39 9E 56 
 57 13 87 7C BA A6 11 CE 81 54 66 00 04 00 00 00 
 00 00 16 00 01 00 0B 00 06 00 72 00 00 00 10 00 
 10 08 00 00 00 00 00 00 00 00 00 00 00 00 00 
    IsEnEnabled(0x153 = 'Create'): 1
 SWTPM_IO_Write: length 810
 80 02 00 00 03 2A 00 00 00 00 00 00 02 D7 00 DE 
 00 20 E8 EE 03 7E 25 CB 3A EC 4C 42 6F 66 7F 3A 
 C8 00 C8 CF 87 67 21 F4 90 74 3D 75 01 A7 AD D7 
 68 52 00 10 2C 12 AF F3 FC 51 E2 D2 73 53 53 7F 
 91 4F 2D 82 3E AA D1 CF 0E E9 5A 67 D7 9A 01 F6 
 4E 7E 6C B6 26 B0 96 91 08 D9 CA 6F 8B 61 CF 9F 
 18 70 CF A6 9D 6F A7 28 62 9C 44 E4 C5 A1 61 C2 
 21 F0 04 F6 07 7B 9E 5C A3 51 E3 29 60 BF E0 03 
 14 EE 45 13 D9 32 1E 43 37 9A 00 F9 65 5E F7 CF 
 9C FA E8 B9 F8 4D F3 C1 17 4F 6E 2C 89 CA 4C A0 
 A0 33 36 B9 2B 29 7D E2 02 98 AC 56 5C 79 7E 5F 
 42 F4 3F A3 C5 01 7C 86 F9 70 ED B7 23 F8 9D 31 
 95 9D 5B 5F 8F C1 FA 03 73 6D 8A 75 E1 91 54 68 
 0C D8 F2 23 BA A6 AC 88 D4 0D C9 1D 6E 60 18 9D 
 32 53 8F 3D 78 E2 15 EB 6C 17 33 77 9D D8 01 16 
 00 01 00 0B 00 06 00 72 00 00 00 10 00 10 08 00 
 00 00 00 00 01 00 E8 C1 FC E4 CF A4 CF D5 01 D1 
 B2 46 54 D5 9D 5D 80 52 E2 B0 BC CC 35 27 BB C6 
 3D 5C DE BC 77 C6 3C EC E7 07 1E B4 0D 82 61 EA 
 19 21 6D B8 01 A8 DD 2A 18 D1 3D 1F 2A 7E F7 CD 
 47 8C F2 44 1C 67 82 61 7B 23 7D C3 5A E8 59 88 
 6C E1 C2 EB 8D 2B 79 79 58 EE DB D5 EB DE 4B 4C 
 5F 6E 26 49 3A 28 1D 2C F9 F4 EF 33 13 4E 8D EA 
 97 56 2B 8B FC 94 2E 9C F8 CA BA B6 24 31 79 6C 
 30 37 B1 B7 96 D5 08 70 3C F5 82 60 6A 31 4F 22 
 A5 5B DC D0 30 A8 B1 AA 27 ED 42 4F DC F9 A3 FB 
 05 2C CB 6C 2E 15 79 04 BC 7A CA F1 BD 66 5D 50 
 EE 42 EA D8 56 EF 39 35 6D A9 9C 6B B4 78 D3 B7 
 5E 96 FB 2A B9 1F 97 1E A9 DB 16 73 DD 2B 46 DD 
 D2 3C 9C 6B 49 52 9E 11 19 11 C5 F9 F2 79 BA 8D 
 83 78 CC A3 09 0E 81 7A F9 EB 01 B9 31 ED 17 80 
 F1 1F DE 12 A3 1E BB 80 E7 1D 38 59 7D 24 3F E2 
 1B 9B 65 5E 57 F5 00 73 00 00 00 00 00 20 E3 B0 
 C4 42 98 FC 1C 14 9A FB F4 C8 99 6F B9 24 27 AE 
 41 E4 64 9B 93 4C A4 95 99 1B 78 52 B8 55 01 00 
 0B 00 22 00 0B 6F 62 A5 92 85 2A 3F 7D 46 26 3F 
 68 69 DC BB 74 34 7E 21 71 C5 F6 22 23 73 2C F4 
 DB 24 25 6C 8F 00 22 00 0B DF 91 44 0B BF 00 69 
 EA 28 DD C2 68 72 71 BE AC DD EA 76 DF 6D DB 2B 
 49 A3 DA 39 E8 0F 75 B4 B2 00 00 00 20 DD 44 3D 
 3A 28 31 DC 46 C9 94 CA 05 17 1A 70 3E 62 44 A5 
 1B 42 B7 CA 32 08 EC 9A DD B0 9D 21 3D 80 21 40 
 00 00 01 00 40 6E 25 7A 6C D8 18 C8 45 56 D7 0B 
 89 64 C1 32 7A 12 96 02 59 D6 08 B8 5E 02 C9 B8 
 7F 2C F9 6C 51 E8 66 ED A8 A0 23 FC A1 85 93 21 
 3A C5 72 21 74 AC 34 56 2F E3 36 1F E7 36 79 64 
 8D 1A 56 5B EF 00 20 29 8F 4A 46 C8 E7 7D B1 EF 
 76 0E 6E A2 94 C1 68 7A 3F C1 B7 77 45 45 20 2D 
 4C BF 06 E1 7B 5F AA 01 00 20 46 C7 CC 50 C5 3C 
 DF DC 9B 77 BA E7 FD 2A BF E2 16 1C 90 7D F3 4C 
 31 3B A6 9D F5 06 DD 61 A7 0B 
 SWTPM_IO_Read: length 14
 80 01 00 00 00 0E 00 00 01 62 02 00 00 00 
    IsEnEnabled(0x162 = 'ContextSave'): 1
 SWTPM_IO_Write: length 414
 80 01 00 00 01 9E 00 00 00 00 00 00 00 00 00 00 
 01 11 02 00 00 00 40 00 00 07 01 82 00 40 84 33 
 00 7D 6C 7D 75 30 77 1A B3 02 3C 78 26 E9 88 21 
 A5 0F CA BE 11 78 70 86 26 A5 CD BA FF 6B 9B 22 
 44 EB 8C A8 97 88 58 EC 6D 19 46 F2 2F 78 57 51 
 5F 2E 61 9C 59 3D FB 82 D3 2C 08 CF 70 D3 41 DD 
 59 31 94 CA 6B BB 82 46 A4 A6 A4 AE 28 DC 27 B0 
 99 35 65 FD 77 7D 81 F8 BD 0A 61 38 E7 34 39 AC 
 B4 8C 0C 5D B5 51 C6 1C 64 62 E3 97 1A 13 E9 EC 
 9F 49 48 65 05 3B BC 23 8A 45 D0 42 71 72 D6 1E 
 E9 47 77 84 11 45 B5 DC 0C 1F 30 F7 A6 50 16 FA 
 AD AC 47 4E FB 20 EB BE 7C 71 5C 6A 46 3A CF C1 
 84 C5 29 0D EF B0 9B 9B 8B 56 C1 84 EE 82 31 29 
 A3 8D 59 29 F6 DF EA 4C B6 6B 11 A1 D5 DB 45 C4 
 4E D6 7C E6 5D EB DE FD 9A 27 7C 7C 50 2A EE 24 
 48 C5 1C 62 52 2A 59 6C 5E 7F C6 75 81 6C 62 F9 
 4A 49 68 F1 B3 2A F4 01 18 23 F2 09 EF EF E2 3F 
 8C FD 72 A8 59 16 1F 1D 15 CD 55 12 8A 23 91 AE 
 6A E2 31 BC A3 5F BA 9A CA C1 0B 99 D9 42 8C 0D 
 5B 94 37 B0 22 73 C9 DF E3 1D 6B BF D3 49 FB 66 
 6F 06 4C 83 68 E7 0A 98 6F 73 12 1C 61 30 73 8A 
 9E 7F B6 C3 F0 FD 05 94 45 DE B7 5B 10 15 BB FB 
 25 5F 83 CC E8 51 26 2B E3 EF 5E EB 20 60 54 D7 
 2C C7 14 2C 93 E5 26 F4 68 78 98 D3 41 AB 66 1C 
 9A F3 CD 58 A1 F3 B9 2E 2B F3 8B 83 75 9A 6B C5 
 EB E1 95 24 D1 21 11 57 A6 B0 7A 5B 58 77 
 SWTPM_IO_Read: length 414
 80 01 00 00 01 9E 00 00 01 61 00 00 00 00 00 00 
 01 11 02 00 00 00 40 00 00 07 01 82 00 40 84 33 
 00 7D 6C 7D 75 30 77 1A B3 02 3C 78 26 E9 88 21 
 A5 0F CA BE 11 78 70 86 26 A5 CD BA FF 6B 9B 22 
 44 EB 8C A8 97 88 58 EC 6D 19 46 F2 2F 78 57 51 
 5F 2E 61 9C 59 3D FB 82 D3 2C 08 CF 70 D3 41 DD 
 59 31 94 CA 6B BB 82 46 A4 A6 A4 AE 28 DC 27 B0 
 99 35 65 FD 77 7D 81 F8 BD 0A 61 38 E7 34 39 AC 
 B4 8C 0C 5D B5 51 C6 1C 64 62 E3 97 1A 13 E9 EC 
 9F 49 48 65 05 3B BC 23 8A 45 D0 42 71 72 D6 1E 
 E9 47 77 84 11 45 B5 DC 0C 1F 30 F7 A6 50 16 FA 
 AD AC 47 4E FB 20 EB BE 7C 71 5C 6A 46 3A CF C1 
 84 C5 29 0D EF B0 9B 9B 8B 56 C1 84 EE 82 31 29 
 A3 8D 59 29 F6 DF EA 4C B6 6B 11 A1 D5 DB 45 C4 
 4E D6 7C E6 5D EB DE FD 9A 27 7C 7C 50 2A EE 24 
 48 C5 1C 62 52 2A 59 6C 5E 7F C6 75 81 6C 62 F9 
 4A 49 68 F1 B3 2A F4 01 18 23 F2 09 EF EF E2 3F 
 8C FD 72 A8 59 16 1F 1D 15 CD 55 12 8A 23 91 AE 
 6A E2 31 BC A3 5F BA 9A CA C1 0B 99 D9 42 8C 0D 
 5B 94 37 B0 22 73 C9 DF E3 1D 6B BF D3 49 FB 66 
 6F 06 4C 83 68 E7 0A 98 6F 73 12 1C 61 30 73 8A 
 9E 7F B6 C3 F0 FD 05 94 45 DE B7 5B 10 15 BB FB 
 25 5F 83 CC E8 51 26 2B E3 EF 5E EB 20 60 54 D7 
 2C C7 14 2C 93 E5 26 F4 68 78 98 D3 41 AB 66 1C 
 9A F3 CD 58 A1 F3 B9 2E 2B F3 8B 83 75 9A 6B C5 
 EB E1 95 24 D1 21 11 57 A6 B0 7A 5B 58 77 
    IsEnEnabled(0x161 = 'ContextLoad'): 1
 SWTPM_IO_Write: length 14
 80 01 00 00 00 0E 00 00 00 00 02 00 00 00 
 SWTPM_IO_Read: length 14
 80 01 00 00 00 0E 00 00 01 65 02 00 00 00 
    IsEnEnabled(0x165 = 'FlushContext'): 1
 SWTPM_IO_Write: length 10
 80 01 00 00 00 0A 00 00 00 00 
 SWTPM_IO_Read: length 14
 80 01 00 00 00 0E 00 00 01 62 02 00 00 00 
    IsEnEnabled(0x162 = 'ContextSave'): 1
 SWTPM_IO_Write: length 10
 80 01 00 00 00 0A 00 00 09 10 
 SWTPM_IO_Read: length 12
 80 01 00 00 00 0C 00 00 01 7B 00 08 
    IsEnEnabled(0x17b = 'GetRandom'): 1
 SWTPM_IO_Write: length 20
 80 01 00 00 00 14 00 00 00 00 00 08 EF AD F8 F2 
 00 75 32 10 
 SWTPM_IO_Read: length 22
 80 01 00 00 00 16 00 00 01 7A 00 00 00 00 00 00 
 00 00 00 00 00 7F 
    IsEnEnabled(0x17a = 'GetCapability'): 1
 SWTPM_IO_Write: length 217
 80 01 00 00 00 D9 00 00 00 00 00 00 00 00 00 00 
 00 00 21 00 01 00 00 00 09 00 03 00 00 00 02 00 
 04 00 00 00 04 00 05 00 00 01 04 00 06 00 00 00 
 02 00 07 00 00 04 04 00 08 00 00 03 0C 00 0A 00 
 00 00 06 00 0B 00 00 00 04 00 0C 00 00 00 04 00 
 0D 00 00 00 04 00 14 00 00 01 01 00 15 00 00 02 
 01 00 16 00 00 01 01 00 17 00 00 02 01 00 18 00 
 00 01 01 00 19 00 00 04 01 00 1A 00 00 01 01 00 
 1B 00 00 05 01 00 1C 00 00 01 01 00 1D 00 00 04 
 01 00 20 00 00 04 04 00 21 00 00 04 04 00 22 00 
 00 04 04 00 23 00 00 00 09 00 25 00 00 00 08 00 
 26 00 00 00 02 00 3F 00 00 01 02 00 40 00 00 02 
 02 00 41 00 00 02 02 00 42 00 00 02 02 00 43 00 
 00 02 02 00 44 00 00 02 02 
 SWTPM_IO_Read: length 59
 80 01 00 00 00 3B 00 00 01 76 40 00 00 07 40 00 
 00 07 00 20 63 14 30 FF C0 12 E7 19 33 C5 0E 06 
 5E A7 65 18 43 02 50 2E 6B E2 87 A6 28 BC 21 B3 
 63 87 CD 5A 00 00 00 00 10 00 0B 
    IsEnEnabled(0x176 = 'StartAuthSession'): 1
 SWTPM_IO_Write: length 48
 80 01 00 00 00 30 00 00 00 00 02 00 00 00 00 20 
 C7 E1 82 BE 6A 83 91 42 25 EC CE 28 A2 84 9D 7E 
 18 F4 18 20 DD 74 6A C2 37 F7 95 7A 1D 81 EF 58 
 SWTPM_IO_Read: length 14
 80 01 00 00 00 0E 00 00 01 62 02 00 00 00 
    IsEnEnabled(0x162 = 'ContextSave'): 1
 SWTPM_IO_Write: length 414
 80 01 00 00 01 9E 00 00 00 00 00 00 00 00 00 00 
 01 12 02 00 00 00 40 00 00 07 01 82 00 40 F9 0D 
 6D A5 8F EA 21 AC 17 8A 09 48 29 8F E1 F0 51 C5 
 2A A6 2F 41 69 B8 C7 84 FD 70 73 E8 6A 4D D2 82 
 D1 B9 A9 AF 4A 33 EE A5 D7 F8 9E FC CC 49 4D 5C 
 2A 15 D5 5A 74 26 2C 13 EE 67 CB 55 27 A3 4B 26 
 34 93 71 5F FB 7D E6 A6 C5 9B 72 BB 05 85 89 EB 
 A6 FB 6F 4D EE 37 54 BD AB B1 55 B4 5D F4 3B 60 
 90 1C 37 10 D4 AF C9 A5 81 C6 78 24 45 B3 0C 67 
 7F CE 2C AC 26 FB 7D DB 05 98 91 3F 40 04 05 77 
 ED 08 4E 7B EF DD 01 63 12 2D F7 DC 48 5D 67 13 
 BA E6 98 77 40 A9 D8 BC A8 45 23 32 04 3E 7E F7 
 F8 45 98 17 ED 9A 0D 3C 4C 5E EA 3D FA D3 00 0F 
 C2 44 56 70 C0 BD F7 3F 65 A1 8A 81 D1 0A 98 B6 
 EA FB FB E5 80 FE 30 FC 4A 72 3E C1 2D 95 B7 70 
 B0 6B C1 09 13 60 A1 54 50 BB 47 27 6C DD 41 DE 
 1C AB 67 02 74 6B DF 5F FB 15 9F AE C6 0A 04 36 
 C6 27 C8 BA 9D 04 AE 3A EE BF 5C 86 5F 19 3D 30 
 59 4A 50 95 2D 0B 85 80 7B 5B D5 AF 89 D2 B3 80 
 71 21 21 62 CF 38 D2 D7 B7 14 94 36 87 D6 B2 71 
 52 5A B8 25 A0 4E 8F E8 0D 03 5C 4E 8C 10 C2 BD 
 86 D7 9A 93 4D A0 E8 94 1E 17 36 5D F5 08 77 23 
 F9 D1 3F 85 A7 79 5A 87 A4 77 48 47 42 FF 31 C4 
 1E 92 0B EC 35 C0 79 1D 1C 00 30 2D A6 D2 9A 4E 
 A6 1A 3E F8 04 CB 74 B3 16 7C 02 E0 82 67 86 6A 
 04 66 5B F8 82 81 25 43 17 B1 D5 43 31 FE 
 SWTPM_IO_Read: length 414
 80 01 00 00 01 9E 00 00 01 61 00 00 00 00 00 00 
 01 12 02 00 00 00 40 00 00 07 01 82 00 40 F9 0D 
 6D A5 8F EA 21 AC 17 8A 09 48 29 8F E1 F0 51 C5 
 2A A6 2F 41 69 B8 C7 84 FD 70 73 E8 6A 4D D2 82 
 D1 B9 A9 AF 4A 33 EE A5 D7 F8 9E FC CC 49 4D 5C 
 2A 15 D5 5A 74 26 2C 13 EE 67 CB 55 27 A3 4B 26 
 34 93 71 5F FB 7D E6 A6 C5 9B 72 BB 05 85 89 EB 
 A6 FB 6F 4D EE 37 54 BD AB B1 55 B4 5D F4 3B 60 
 90 1C 37 10 D4 AF C9 A5 81 C6 78 24 45 B3 0C 67 
 7F CE 2C AC 26 FB 7D DB 05 98 91 3F 40 04 05 77 
 ED 08 4E 7B EF DD 01 63 12 2D F7 DC 48 5D 67 13 
 BA E6 98 77 40 A9 D8 BC A8 45 23 32 04 3E 7E F7 
 F8 45 98 17 ED 9A 0D 3C 4C 5E EA 3D FA D3 00 0F 
 C2 44 56 70 C0 BD F7 3F 65 A1 8A 81 D1 0A 98 B6 
 EA FB FB E5 80 FE 30 FC 4A 72 3E C1 2D 95 B7 70 
 B0 6B C1 09 13 60 A1 54 50 BB 47 27 6C DD 41 DE 
 1C AB 67 02 74 6B DF 5F FB 15 9F AE C6 0A 04 36 
 C6 27 C8 BA 9D 04 AE 3A EE BF 5C 86 5F 19 3D 30 
 59 4A 50 95 2D 0B 85 80 7B 5B D5 AF 89 D2 B3 80 
 71 21 21 62 CF 38 D2 D7 B7 14 94 36 87 D6 B2 71 
 52 5A B8 25 A0 4E 8F E8 0D 03 5C 4E 8C 10 C2 BD 
 86 D7 9A 93 4D A0 E8 94 1E 17 36 5D F5 08 77 23 
 F9 D1 3F 85 A7 79 5A 87 A4 77 48 47 42 FF 31 C4 
 1E 92 0B EC 35 C0 79 1D 1C 00 30 2D A6 D2 9A 4E 
 A6 1A 3E F8 04 CB 74 B3 16 7C 02 E0 82 67 86 6A 
 04 66 5B F8 82 81 25 43 17 B1 D5 43 31 FE 
    IsEnEnabled(0x161 = 'ContextLoad'): 1
 SWTPM_IO_Write: length 14
 80 01 00 00 00 0E 00 00 00 00 02 00 00 00 
 SWTPM_IO_Read: length 595
 80 02 00 00 02 53 00 00 01 57 81 00 00 03 00 00 
 00 49 02 00 00 00 00 20 3E ED A3 E0 EA 96 51 C9 
 0F 2A 33 A9 33 F6 6B E7 16 4A 82 8D 53 9D 00 8E 
 43 2B 9E CC 03 B9 B9 C3 01 00 20 07 65 B1 B2 21 
 A2 9E 42 C4 B9 BE 9C 52 D4 B3 5A 7E DE 5B BF FE 
 3D D8 14 66 80 2F 3C 7C 48 71 85 00 DE 00 20 E8 
 EE 03 7E 25 CB 3A EC 4C 42 6F 66 7F 3A C8 00 C8 
 CF 87 67 21 F4 90 74 3D 75 01 A7 AD D7 68 52 00 
 10 2C 12 AF F3 FC 51 E2 D2 73 53 53 7F 91 4F 2D 
 82 3E AA D1 CF 0E E9 5A 67 D7 9A 01 F6 4E 7E 6C 
 B6 26 B0 96 91 08 D9 CA 6F 8B 61 CF 9F 18 70 CF 
 A6 9D 6F A7 28 62 9C 44 E4 C5 A1 61 C2 21 F0 04 
 F6 07 7B 9E 5C A3 51 E3 29 60 BF E0 03 14 EE 45 
 13 D9 32 1E 43 37 9A 00 F9 65 5E F7 CF 9C FA E8 
 B9 F8 4D F3 C1 17 4F 6E 2C 89 CA 4C A0 A0 33 36 
 B9 2B 29 7D E2 02 98 AC 56 5C 79 7E 5F 42 F4 3F 
 A3 C5 01 7C 86 F9 70 ED B7 23 F8 9D 31 95 9D 5B 
 5F 8F C1 FA 03 73 6D 8A 75 E1 91 54 68 0C D8 F2 
 23 BA A6 AC 88 D4 0D C9 1D 6E 60 18 9D 32 53 8F 
 3D 78 E2 15 EB 6C 17 33 77 9D D8 01 16 00 01 00 
 0B 00 06 00 72 00 00 00 10 00 10 08 00 00 00 00 
 00 01 00 E8 C1 FC E4 CF A4 CF D5 01 D1 B2 46 54 
 D5 9D 5D 80 52 E2 B0 BC CC 35 27 BB C6 3D 5C DE 
 BC 77 C6 3C EC E7 07 1E B4 0D 82 61 EA 19 21 6D 
 B8 01 A8 DD 2A 18 D1 3D 1F 2A 7E F7 CD 47 8C F2 
 44 1C 67 82 61 7B 23 7D C3 5A E8 59 88 6C E1 C2 
 EB 8D 2B 79 79 58 EE DB D5 EB DE 4B 4C 5F 6E 26 
 49 3A 28 1D 2C F9 F4 EF 33 13 4E 8D EA 97 56 2B 
 8B FC 94 2E 9C F8 CA BA B6 24 31 79 6C 30 37 B1 
 B7 96 D5 08 70 3C F5 82 60 6A 31 4F 22 A5 5B DC 
 D0 30 A8 B1 AA 27 ED 42 4F DC F9 A3 FB 05 2C CB 
 6C 2E 15 79 04 BC 7A CA F1 BD 66 5D 50 EE 42 EA 
 D8 56 EF 39 35 6D A9 9C 6B B4 78 D3 B7 5E 96 FB 
 2A B9 1F 97 1E A9 DB 16 73 DD 2B 46 DD D2 3C 9C 
 6B 49 52 9E 11 19 11 C5 F9 F2 79 BA 8D 83 78 CC 
 A3 09 0E 81 7A F9 EB 01 B9 31 ED 17 80 F1 1F DE 
 12 A3 1E BB 80 E7 1D 38 59 7D 24 3F E2 1B 9B 65 
 5E 57 F5 
    IsEnEnabled(0x157 = 'Load'): 1
 SWTPM_IO_Write: length 123
 80 02 00 00 00 7B 00 00 00 00 80 00 00 01 00 00 
 00 24 00 22 00 0B 93 67 D5 6D B6 E6 9B 99 72 F0 
 D5 89 0D 3E 91 9F EB D3 E7 08 A6 BD 57 44 1F EE 
 64 09 CB 42 7F A0 00 20 E4 1B 65 C6 44 D2 A1 24 
 42 73 C5 EE D7 A8 47 83 90 C1 7F A2 34 76 CF 6E 
 37 33 67 B2 81 72 D6 A7 01 00 20 BF 46 BA DE C7 
 46 52 4B FB 58 5D 0C FC 61 E5 7A F1 30 45 E9 B2 
 D7 6B A5 7D 78 CC 71 FA 02 6C 3E 
 SWTPM_IO_Read: length 14
 80 01 00 00 00 0E 00 00 01 62 80 00 00 01 
    IsEnEnabled(0x162 = 'ContextSave'): 1
 SWTPM_IO_Write: length 1232
 80 01 00 00 04 D0 00 00 00 00 00 00 00 00 00 00 
 01 40 80 00 00 00 40 00 00 01 04 B4 00 40 80 CF 
 29 FD 7E 57 7D AC 86 0A BB 1F 3C 3D 1C 3D D9 72 
 A8 FB 93 B2 F7 79 D8 42 AF 6C A5 B7 C1 CB 4A F0 
 97 27 75 51 B3 F9 37 4E 45 A3 B0 25 9C FA E9 96 
 98 65 E1 8C CB 22 4B 28 C1 58 87 1E A7 C5 97 62 
 B1 C6 DF C5 F1 73 45 D2 A6 4A 91 36 87 FF 97 51 
 91 64 EE 5A 50 FA C1 79 5C E1 8B 64 34 88 BB 97 
 65 74 9D 8D D1 34 DA 97 20 B1 05 7E F2 72 D9 E8 
 89 9D DF 98 58 14 1F 74 3A F0 BE B9 B6 BA 3D 09 
 E3 B1 70 DA 9E 4E 27 4C F5 81 04 0D 2A 18 C1 EF 
 32 40 CD 6C 60 04 54 C1 0E 4C 80 35 44 2A BD D4 
 75 07 79 4F C9 4C 89 31 42 46 A7 F4 DA 01 D5 56 
 BA DD 87 CB 37 DE 63 60 A3 5F 2F 37 CC B7 28 2E 
 4E F9 8A 6A 41 AD 2F 74 D4 64 33 88 AC 44 23 4D 
 A5 C0 2C 65 BD A8 AA 7F 37 7E 69 2A 6F 00 E5 AB 
 EF 46 37 BC C7 46 3F FB CB 8D 93 1F 72 79 A2 4C 
 D6 F5 1B 4B EE B0 36 57 D7 B5 17 98 BE 8D B5 71 
 C3 40 AA D8 F0 13 92 46 25 D9 8E 33 8D 48 18 F4 
 65 1C 88 FC 65 F6 71 75 D3 3D 0E C6 15 96 B5 66 
 D5 D4 2D F4 FF E8 2C 09 4A D5 4D FA 70 B6 84 56 
 56 0A 64 5A 1E A7 6F 96 0D B2 FB 3D 77 4A 4B F5 
 A4 3A 4E 23 2A 9F FC 00 55 36 B3 C9 43 24 64 A7 
 05 55 C8 FA 3C D2 77 16 DE E3 12 CA E7 8C 5B BC 
 E7 AC 1B 42 81 12 56 EC 32 12 2C EE 01 E0 02 B0 
 A2 F8 83 14 67 71 7B E1 DB FB 5A 47 F9 A0 AD 93 
 BA 9C 8C 29 00 85 4E BB 47 13 96 72 E2 C7 E6 66 
 09 3B 6F D1 CC 42 CE 01 51 39 6B 96 6D FE 01 76 
 72 55 EC E5 22 AA 77 A9 F4 CD 41 6D F5 F7 6E 33 
 2C B1 5A C7 0B C6 59 B4 44 A5 40 A5 73 F1 89 AF 
 C5 0A 02 DF 05 EC 8A 6A 21 9E E1 D6 6E 98 71 98 
 8F AF 71 75 F6 B5 AB A9 E4 42 F5 A4 A9 F2 D8 ED 
 2A 0C 01 65 97 49 9B D8 D5 6D 70 57 F8 D2 69 26 
 B4 38 1C 0B B1 80 89 B4 90 A2 01 20 11 EA DD 87 
 93 D8 2D 3E 39 A7 A8 93 48 6A 37 DD 6E 14 5E D4 
 C1 2A CA DA 21 91 11 CD C4 5F 86 A0 82 94 DD 07 
 DD 37 36 F3 73 C0 BF EF D5 D4 56 6E 7B 0E B5 1D 
 BC C8 4A C9 0B 63 B5 B6 73 06 53 EC 6B C0 FB E7 
 A8 CE C5 DF 77 97 0A F2 D7 AA DD BA 70 C5 6D 84 
 EE 49 C5 62 12 2A 60 A7 BA E1 90 14 88 DC 5C 32 
 1A 5D 3D 80 32 74 7D D4 33 60 5D 1E 5F 94 EF 67 
 F7 7C BE 4A A2 8C C0 FB 52 DA 78 D8 12 FD DF F2 
 F2 3B 24 4E B9 C8 23 26 F1 48 E6 15 42 75 D9 C1 
 CD 88 48 FA B2 27 6E A5 16 44 AC DB AE F3 29 70 
 D6 EA 25 DC 87 60 1A EC DE 7E 19 D7 61 E8 C6 72 
 E9 2F B5 92 8B 23 46 26 3A 5F E2 F9 C3 7B 60 BF 
 76 79 E2 A8 06 7C 57 73 86 07 4C 7F 67 67 F5 13 
 55 46 51 8E D6 76 14 F5 9D 3D 83 D7 63 A0 FA B3 
 02 95 92 11 4E 06 84 85 27 E7 1B 77 10 12 29 39 
 9D 3B AC D8 6C E9 2F EE 88 C5 0B CF E6 E9 5C A8 
 85 0D F7 EC 5C D7 10 04 82 93 BA 37 93 F6 B1 3A 
 64 7B 9E 14 B6 24 84 4B 3C 2E D7 52 9C D7 12 A7 
 48 90 3F 0D 81 E8 60 3B 1E 4F CE 44 9C B9 37 58 
 A8 E0 36 EC F9 A2 68 F6 61 3C 77 BA 6B EE 4F AF 
 2B 9E A4 AB BD 50 DD 1C 45 28 05 B0 6E 38 8B CC 
 B6 29 35 B6 B5 4F 39 34 E8 15 55 CE 80 F8 DB CC 
 AD 31 06 74 54 91 DC 28 B7 74 B2 E7 B1 22 04 D8 
 94 10 52 57 44 11 E1 FE 0A 37 16 BA 0B 91 4F FE 
 A4 64 1F 4F 2F BF 1C C5 45 AE F1 E7 E5 97 66 13 
 7D A1 06 FF 04 8F 91 BF EF CC 37 CD DD 8C 19 33 
 DD 21 7F B7 6B 14 69 BF 71 FF 72 43 1D 19 2E 26 
 BE C8 97 75 DF 11 28 42 6F 97 84 3B EF 33 47 2F 
 C2 A2 CE 88 84 1C A6 1F BE BE 2B FF 1B 76 AB FF 
 16 55 17 80 E6 4B B8 85 9F 0B 3D A2 A2 DD 0A F7 
 F7 DA E0 5C 87 B6 1B DC CD 50 AE 41 AF C8 A2 6C 
 97 EB 26 2D 76 39 B7 1B 2A B4 08 29 15 BC 64 3B 
 BB 0A 48 CF AE 6B 34 43 38 FB 72 37 C0 FF 09 85 
 B9 C2 C5 96 A3 E3 07 47 59 57 53 BB 7C 54 85 C7 
 6F AE 15 65 0A C5 17 39 C5 9C A3 0D 55 98 B7 DB 
 45 00 8A 4A 16 22 D1 94 00 C4 5A DE 3E 20 45 A3 
 6E 33 95 25 4B 80 15 06 25 66 7F 91 47 19 BB 1F 
 0A D3 C0 CC 34 45 75 25 3D E4 DF D8 E3 91 26 AD 
 90 62 3D FB 41 3A 64 67 0C B4 59 BB C2 1F 50 E9 
 0D E2 B5 A2 30 B9 6E C7 D7 BC 6B 43 47 FF 4B 07 
 98 20 D7 52 5A D9 CF C1 E5 F7 B7 58 2E 60 AF 99 
 8A 01 C6 DD 7E 75 1A 52 B0 3F 19 07 A4 A0 59 F0 
 36 F2 3E 4E 11 CF E3 8E 59 BC C4 18 E1 D5 57 34 
 SWTPM_IO_Read: length 14
 80 01 00 00 00 0E 00 00 01 65 80 00 00 01 
    IsEnEnabled(0x165 = 'FlushContext'): 1
 SWTPM_IO_Write: length 10
 80 01 00 00 00 0A 00 00 00 00 
 SWTPM_IO_Read: length 14
 80 01 00 00 00 0E 00 00 01 62 02 00 00 00 
    IsEnEnabled(0x162 = 'ContextSave'): 1
 SWTPM_IO_Write: length 414
 80 01 00 00 01 9E 00 00 00 00 00 00 00 00 00 00 
 01 13 02 00 00 00 40 00 00 07 01 82 00 40 21 BC 
 EB B8 B8 51 FE 78 F3 AA 45 36 3A EB 0D 95 7C 8A 
 2E 0E 16 17 90 5A 41 8A A7 8A 5D F7 55 E0 0B 86 
 BA FC 95 66 90 36 C3 28 79 14 BD B6 96 32 DE 9C 
 A9 C5 FF F5 C5 FB 74 A0 A7 50 D9 85 04 2D BC 10 
 2F DE 33 10 9A 35 18 E6 12 E1 B4 F6 E2 17 D1 37 
 22 D6 3C A5 29 12 92 AF 44 4A 01 26 51 65 F8 98 
 15 A8 E3 56 BB 2E B0 48 90 E9 0B FF 2F C0 E4 23 
 28 0E E2 0D 6B 56 88 47 59 B8 94 24 84 54 0D 8B 
 1A B1 98 B5 95 F3 AD A5 11 F4 AC 4A E2 89 AB 0D 
 03 ED 05 F5 2E 07 E9 82 EC 66 E9 96 07 47 37 A2 
 16 53 48 1A 07 A9 F6 5C 9C 4B 8F A0 13 2C FE 81 
 81 B5 C0 BB 1D A2 69 B0 CD EE F3 DD F1 AF 1D 9A 
 6A F5 DD C1 3F FC 23 5B F4 F0 62 D8 50 44 F4 D1 
 60 28 DF AB D0 59 6E A2 6C 4E 53 A1 F7 9A 47 E3 
 7E 3D 9F 28 60 12 46 DD 2A D2 D2 D0 1D 5D E6 BA 
 73 4D D4 F4 AA CC D3 9D 62 F2 34 0E 3A 85 B7 67 
 1B 69 51 73 F9 5D 12 7C 9F 0B EC 00 6B 72 97 BE 
 FC FE 96 27 97 D7 2C 50 CE 2F B4 18 D0 F7 B1 BF 
 55 84 97 EF 4E AB EC 0D 53 7B CE B0 F7 6B AB B0 
 A4 9B 95 E6 21 31 1E 6A 11 AD A7 1B 0D 22 87 6F 
 6E 35 1E BD 23 4F 59 29 25 B9 3A 73 4F B7 9E C2 
 F7 18 E9 44 EA 01 E2 77 F6 F7 81 2F C6 E4 23 B8 
 6C 5D FC C2 5C 6B D3 C8 29 38 60 AE B1 E6 FE 9E 
 7F 90 8F BB 35 03 82 CF 82 17 48 1A 39 28 
 SWTPM_IO_Read: length 1232
 80 01 00 00 04 D0 00 00 01 61 00 00 00 00 00 00 
 01 40 80 00 00 00 40 00 00 01 04 B4 00 40 80 CF 
 29 FD 7E 57 7D AC 86 0A BB 1F 3C 3D 1C 3D D9 72 
 A8 FB 93 B2 F7 79 D8 42 AF 6C A5 B7 C1 CB 4A F0 
 97 27 75 51 B3 F9 37 4E 45 A3 B0 25 9C FA E9 96 
 98 65 E1 8C CB 22 4B 28 C1 58 87 1E A7 C5 97 62 
 B1 C6 DF C5 F1 73 45 D2 A6 4A 91 36 87 FF 97 51 
 91 64 EE 5A 50 FA C1 79 5C E1 8B 64 34 88 BB 97 
 65 74 9D 8D D1 34 DA 97 20 B1 05 7E F2 72 D9 E8 
 89 9D DF 98 58 14 1F 74 3A F0 BE B9 B6 BA 3D 09 
 E3 B1 70 DA 9E 4E 27 4C F5 81 04 0D 2A 18 C1 EF 
 32 40 CD 6C 60 04 54 C1 0E 4C 80 35 44 2A BD D4 
 75 07 79 4F C9 4C 89 31 42 46 A7 F4 DA 01 D5 56 
 BA DD 87 CB 37 DE 63 60 A3 5F 2F 37 CC B7 28 2E 
 4E F9 8A 6A 41 AD 2F 74 D4 64 33 88 AC 44 23 4D 
 A5 C0 2C 65 BD A8 AA 7F 37 7E 69 2A 6F 00 E5 AB 
 EF 46 37 BC C7 46 3F FB CB 8D 93 1F 72 79 A2 4C 
 D6 F5 1B 4B EE B0 36 57 D7 B5 17 98 BE 8D B5 71 
 C3 40 AA D8 F0 13 92 46 25 D9 8E 33 8D 48 18 F4 
 65 1C 88 FC 65 F6 71 75 D3 3D 0E C6 15 96 B5 66 
 D5 D4 2D F4 FF E8 2C 09 4A D5 4D FA 70 B6 84 56 
 56 0A 64 5A 1E A7 6F 96 0D B2 FB 3D 77 4A 4B F5 
 A4 3A 4E 23 2A 9F FC 00 55 36 B3 C9 43 24 64 A7 
 05 55 C8 FA 3C D2 77 16 DE E3 12 CA E7 8C 5B BC 
 E7 AC 1B 42 81 12 56 EC 32 12 2C EE 01 E0 02 B0 
 A2 F8 83 14 67 71 7B E1 DB FB 5A 47 F9 A0 AD 93 
 BA 9C 8C 29 00 85 4E BB 47 13 96 72 E2 C7 E6 66 
 09 3B 6F D1 CC 42 CE 01 51 39 6B 96 6D FE 01 76 
 72 55 EC E5 22 AA 77 A9 F4 CD 41 6D F5 F7 6E 33 
 2C B1 5A C7 0B C6 59 B4 44 A5 40 A5 73 F1 89 AF 
 C5 0A 02 DF 05 EC 8A 6A 21 9E E1 D6 6E 98 71 98 
 8F AF 71 75 F6 B5 AB A9 E4 42 F5 A4 A9 F2 D8 ED 
 2A 0C 01 65 97 49 9B D8 D5 6D 70 57 F8 D2 69 26 
 B4 38 1C 0B B1 80 89 B4 90 A2 01 20 11 EA DD 87 
 93 D8 2D 3E 39 A7 A8 93 48 6A 37 DD 6E 14 5E D4 
 C1 2A CA DA 21 91 11 CD C4 5F 86 A0 82 94 DD 07 
 DD 37 36 F3 73 C0 BF EF D5 D4 56 6E 7B 0E B5 1D 
 BC C8 4A C9 0B 63 B5 B6 73 06 53 EC 6B C0 FB E7 
 A8 CE C5 DF 77 97 0A F2 D7 AA DD BA 70 C5 6D 84 
 EE 49 C5 62 12 2A 60 A7 BA E1 90 14 88 DC 5C 32 
 1A 5D 3D 80 32 74 7D D4 33 60 5D 1E 5F 94 EF 67 
 F7 7C BE 4A A2 8C C0 FB 52 DA 78 D8 12 FD DF F2 
 F2 3B 24 4E B9 C8 23 26 F1 48 E6 15 42 75 D9 C1 
 CD 88 48 FA B2 27 6E A5 16 44 AC DB AE F3 29 70 
 D6 EA 25 DC 87 60 1A EC DE 7E 19 D7 61 E8 C6 72 
 E9 2F B5 92 8B 23 46 26 3A 5F E2 F9 C3 7B 60 BF 
 76 79 E2 A8 06 7C 57 73 86 07 4C 7F 67 67 F5 13 
 55 46 51 8E D6 76 14 F5 9D 3D 83 D7 63 A0 FA B3 
 02 95 92 11 4E 06 84 85 27 E7 1B 77 10 12 29 39 
 9D 3B AC D8 6C E9 2F EE 88 C5 0B CF E6 E9 5C A8 
 85 0D F7 EC 5C D7 10 04 82 93 BA 37 93 F6 B1 3A 
 64 7B 9E 14 B6 24 84 4B 3C 2E D7 52 9C D7 12 A7 
 48 90 3F 0D 81 E8 60 3B 1E 4F CE 44 9C B9 37 58 
 A8 E0 36 EC F9 A2 68 F6 61 3C 77 BA 6B EE 4F AF 
 2B 9E A4 AB BD 50 DD 1C 45 28 05 B0 6E 38 8B CC 
 B6 29 35 B6 B5 4F 39 34 E8 15 55 CE 80 F8 DB CC 
 AD 31 06 74 54 91 DC 28 B7 74 B2 E7 B1 22 04 D8 
 94 10 52 57 44 11 E1 FE 0A 37 16 BA 0B 91 4F FE 
 A4 64 1F 4F 2F BF 1C C5 45 AE F1 E7 E5 97 66 13 
 7D A1 06 FF 04 8F 91 BF EF CC 37 CD DD 8C 19 33 
 DD 21 7F B7 6B 14 69 BF 71 FF 72 43 1D 19 2E 26 
 BE C8 97 75 DF 11 28 42 6F 97 84 3B EF 33 47 2F 
 C2 A2 CE 88 84 1C A6 1F BE BE 2B FF 1B 76 AB FF 
 16 55 17 80 E6 4B B8 85 9F 0B 3D A2 A2 DD 0A F7 
 F7 DA E0 5C 87 B6 1B DC CD 50 AE 41 AF C8 A2 6C 
 97 EB 26 2D 76 39 B7 1B 2A B4 08 29 15 BC 64 3B 
 BB 0A 48 CF AE 6B 34 43 38 FB 72 37 C0 FF 09 85 
 B9 C2 C5 96 A3 E3 07 47 59 57 53 BB 7C 54 85 C7 
 6F AE 15 65 0A C5 17 39 C5 9C A3 0D 55 98 B7 DB 
 45 00 8A 4A 16 22 D1 94 00 C4 5A DE 3E 20 45 A3 
 6E 33 95 25 4B 80 15 06 25 66 7F 91 47 19 BB 1F 
 0A D3 C0 CC 34 45 75 25 3D E4 DF D8 E3 91 26 AD 
 90 62 3D FB 41 3A 64 67 0C B4 59 BB C2 1F 50 E9 
 0D E2 B5 A2 30 B9 6E C7 D7 BC 6B 43 47 FF 4B 07 
 98 20 D7 52 5A D9 CF C1 E5 F7 B7 58 2E 60 AF 99 
 8A 01 C6 DD 7E 75 1A 52 B0 3F 19 07 A4 A0 59 F0 
 36 F2 3E 4E 11 CF E3 8E 59 BC C4 18 E1 D5 57 34 
    IsEnEnabled(0x161 = 'ContextLoad'): 1
 SWTPM_IO_Write: length 14
 80 01 00 00 00 0E 00 00 00 00 80 00 00 00 
 SWTPM_IO_Read: length 414
 80 01 00 00 01 9E 00 00 01 61 00 00 00 00 00 00 
 01 13 02 00 00 00 40 00 00 07 01 82 00 40 21 BC 
 EB B8 B8 51 FE 78 F3 AA 45 36 3A EB 0D 95 7C 8A 
 2E 0E 16 17 90 5A 41 8A A7 8A 5D F7 55 E0 0B 86 
 BA FC 95 66 90 36 C3 28 79 14 BD B6 96 32 DE 9C 
 A9 C5 FF F5 C5 FB 74 A0 A7 50 D9 85 04 2D BC 10 
 2F DE 33 10 9A 35 18 E6 12 E1 B4 F6 E2 17 D1 37 
 22 D6 3C A5 29 12 92 AF 44 4A 01 26 51 65 F8 98 
 15 A8 E3 56 BB 2E B0 48 90 E9 0B FF 2F C0 E4 23 
 28 0E E2 0D 6B 56 88 47 59 B8 94 24 84 54 0D 8B 
 1A B1 98 B5 95 F3 AD A5 11 F4 AC 4A E2 89 AB 0D 
 03 ED 05 F5 2E 07 E9 82 EC 66 E9 96 07 47 37 A2 
 16 53 48 1A 07 A9 F6 5C 9C 4B 8F A0 13 2C FE 81 
 81 B5 C0 BB 1D A2 69 B0 CD EE F3 DD F1 AF 1D 9A 
 6A F5 DD C1 3F FC 23 5B F4 F0 62 D8 50 44 F4 D1 
 60 28 DF AB D0 59 6E A2 6C 4E 53 A1 F7 9A 47 E3 
 7E 3D 9F 28 60 12 46 DD 2A D2 D2 D0 1D 5D E6 BA 
 73 4D D4 F4 AA CC D3 9D 62 F2 34 0E 3A 85 B7 67 
 1B 69 51 73 F9 5D 12 7C 9F 0B EC 00 6B 72 97 BE 
 FC FE 96 27 97 D7 2C 50 CE 2F B4 18 D0 F7 B1 BF 
 55 84 97 EF 4E AB EC 0D 53 7B CE B0 F7 6B AB B0 
 A4 9B 95 E6 21 31 1E 6A 11 AD A7 1B 0D 22 87 6F 
 6E 35 1E BD 23 4F 59 29 25 B9 3A 73 4F B7 9E C2 
 F7 18 E9 44 EA 01 E2 77 F6 F7 81 2F C6 E4 23 B8 
 6C 5D FC C2 5C 6B D3 C8 29 38 60 AE B1 E6 FE 9E 
 7F 90 8F BB 35 03 82 CF 82 17 48 1A 39 28 
    IsEnEnabled(0x161 = 'ContextLoad'): 1
 SWTPM_IO_Write: length 14
 80 01 00 00 00 0E 00 00 00 00 02 00 00 00 
 SWTPM_IO_Read: length 14
 80 01 00 00 00 0E 00 00 01 62 80 00 00 00 
    IsEnEnabled(0x162 = 'ContextSave'): 1
 SWTPM_IO_Write: length 1232
 80 01 00 00 04 D0 00 00 00 00 00 00 00 00 00 00 
 01 41 80 00 00 00 40 00 00 01 04 B4 00 40 7F A4 
 06 F4 CD 03 9A CF A0 E2 36 1B CA A6 F4 81 30 8A 
 D9 DF C5 17 37 6D 06 B9 AC 16 DA F7 A5 99 9A FA 
 CE A7 08 89 C1 00 3D F5 0C AC 76 CF 54 15 01 80 
 25 E6 51 0D AE 46 84 71 5E B1 E5 96 BD 05 5E 61 
 BF C6 04 0F 7F 79 06 0D 96 83 D1 9A 8A 74 CA 68 
 F7 2E 6A 80 6E 56 4A F6 EA 31 FD 0D C1 08 09 93 
 C9 A4 48 85 AC 46 A7 AD 39 33 7C E9 5D 37 29 66 
 A9 D7 25 92 4D BF 1F 00 CF E8 FB ED D4 6C CC DF 
 9B 5A D3 BE 89 A8 59 5B 3E 2D 1D 87 CD 90 B2 68 
 90 89 31 3E 4E 7E 21 64 30 B8 AD EE 46 79 6C 5F 
 18 6E 3F B3 66 5A 93 1E AB A1 21 4E 8B DB ED 4F 
 70 01 1C FB 29 62 42 F2 4B 25 6D 19 AD 27 CA CA 
 FB C3 8E 23 9A B4 5D E9 F1 EA 98 79 2B BC 3B 03 
 47 A8 99 AE 10 DB 4C EE 7C 43 9C BC F4 E7 CF 5D 
 4C 4C C1 CC 1B AB 48 59 63 A0 08 96 FD 99 7E E9 
 E1 C7 DD 2A FC 69 12 3C 0F 07 BE BE 12 00 C1 38 
 6B 5C 22 F3 96 5B 62 B9 EE EF D7 02 99 A3 1D 11 
 B2 18 07 DF DD A1 77 E2 2C C0 BB 60 79 E9 6C B6 
 04 D9 E4 B0 FE 29 FF 93 05 56 80 A1 FB 5F 11 88 
 3C 2C 11 9A EF EC 36 35 17 A0 D1 09 D2 A9 1C 9F 
 5E 7B 67 38 19 B8 C5 73 00 9F 80 87 C2 F7 54 18 
 B3 0E AD AC 78 55 E6 D1 B1 26 A8 94 88 26 79 B0 
 20 DF C1 2B 47 76 0D 82 B2 B7 E7 E2 95 0B DE 85 
 80 11 15 5D 25 F7 1B A8 BB 59 43 C7 96 70 DB B2 
 5C 3C 6D 16 C6 0B D4 AE 4C 32 48 76 7E BA DD 3C 
 06 36 37 C5 FB 7D F2 07 5B 2D 95 06 B9 75 21 86 
 B4 2B 3A 86 31 1E 9F CE E9 C8 D1 BD C1 7D 15 5E 
 00 DC FE C0 98 0D B8 47 CF DA 22 10 1A 76 D8 F7 
 39 4D 71 B3 38 48 EC 74 42 64 9D 17 AC F6 57 D9 
 19 EA 18 23 8D BC AB 27 25 3F 30 5F 4F 24 74 F2 
 CB 0D D9 62 BF 79 02 B7 B6 99 7E 84 B2 5C BB B8 
 A5 A8 A1 58 41 7E 30 79 07 B8 DE 2E 2B 43 76 07 
 A9 AD C9 2D 17 26 56 C5 21 32 DF 95 2C 77 18 55 
 66 03 12 4B DC A5 AE 85 CB 2E C8 40 D8 27 C7 F4 
 DF A7 3E 3A 45 8A 3F 85 19 28 7A AA 30 D2 E7 40 
 82 E3 3A 7F BE 88 1A 7B EE 89 E6 BB CA D7 73 E5 
 7B B8 1B 17 F6 1E F8 4E 70 CE 77 7F 77 D3 52 65 
 61 1D 3B D3 7A A6 E7 9D C1 F9 2A 52 C9 C3 3D 4F 
 DF 8E 61 89 D5 02 2F 93 51 F3 B9 AE 06 22 ED 00 
 F7 33 9D 20 1B 9D 22 5F B8 0C E0 35 6B C5 24 64 
 7A D9 0B 09 8C A3 A4 FA C9 08 D6 AE E0 EE 25 4E 
 89 48 B7 34 C5 9D AA 3C C5 1B 54 0D 6C D6 17 D3 
 53 BB 39 14 C1 31 70 4D 99 36 83 D4 9E 3D 0D ED 
 8A 61 D2 67 5E 2B 14 14 09 36 35 99 FC 1A B8 68 
 57 28 53 8C CF F0 97 14 7F 90 60 A5 78 E3 62 82 
 CB 1B 2A 5D B4 32 04 9B 96 AE B3 37 6F 33 1E 7F 
 86 67 D2 A1 84 9E 33 7D 17 87 34 F9 43 BE A3 DF 
 25 EB 2D 88 4B 95 E7 C7 4D 94 84 5B 3F E7 74 25 
 BF 59 C7 B2 59 CE AC 7A C0 51 06 60 46 2A 7B D5 
 78 BF 24 D0 AC 36 88 39 44 63 01 BB 22 EE 90 CA 
 54 64 CB 31 D8 BD 0D 17 96 E9 56 94 E0 D9 22 33 
 39 95 0B 9E 03 28 D3 46 6E CB B5 C5 65 1A CE 7E 
 BC 89 E0 CE 8C 55 3F 96 01 3F E9 5E 90 73 7C 4C 
 41 BE 0E 3A 6B 03 08 C3 02 2C 06 F5 1A AB BD B3 
 A7 53 26 81 51 F0 B1 9A E8 BE 7F 2A 0A 55 02 0A 
 56 1D DE 12 83 C8 67 46 4C 74 33 81 36 13 3D 8C 
 90 2F 42 72 CE 3E 1E C0 2F 92 B6 EE B6 87 DD A6 
 13 67 3E 28 8F AF 0C F5 C9 26 71 A2 12 C2 1F 88 
 12 A6 F5 83 4B 1C 23 33 42 20 09 3E B8 79 22 19 
 F3 D0 E8 DB 82 B2 19 86 AA F7 6D 72 FD 13 B0 C7 
 16 E3 B9 A6 9B 6B 13 5F 6C 41 EC 0E D5 6F 7E B5 
 39 A8 23 4D BB 4D 79 2C EB 6B 1A FE 59 51 ED CE 
 1B AD 6A 99 55 67 F6 4E 3C AA FD 42 4A AB BA 0C 
 79 9E A9 0A 8C 6A B2 53 B7 C3 2E F9 D6 31 F1 7F 
 5C 51 56 75 93 8E A0 00 00 63 26 E6 71 BE DE 39 
 E9 19 42 1F 85 08 29 45 63 DB 96 64 08 78 65 E0 
 2B 3F 4F CF F0 89 1A A1 19 90 3F 6B 0E 41 F6 D4 
 32 87 4D 3C E7 D5 99 0C 16 D0 AA D2 4A C2 DF D7 
 93 81 A0 F5 36 B9 FB BA 4A 49 B2 A0 8B 24 34 86 
 67 E7 4A 49 9D 13 9D 04 FE 0C 20 81 72 18 AA B6 
 E8 BF E4 CB 72 D1 1A B2 CA 05 29 1C 04 B2 5D D9 
 2E 27 52 C3 18 AB B4 92 A8 9B D9 D8 96 DD DB 38 
 2A 25 80 73 8E 02 20 2C BA 50 4E ED 63 6E 7A B9 
 22 CD BE 87 73 38 AE A6 1A 97 9E 8B 96 4D BC 7F 
 1B 9C F3 AE E7 7E BF 9F F2 C6 E2 11 2E BF E7 AA 
 SWTPM_IO_Read: length 14
 80 01 00 00 00 0E 00 00 01 62 80 00 00 00 
    IsEnEnabled(0x162 = 'ContextSave'): 1
 SWTPM_IO_Write: length 1232
 80 01 00 00 04 D0 00 00 00 00 00 00 00 00 00 00 
 01 42 80 00 00 00 40 00 00 01 04 B4 00 40 74 D6 
 98 FD 0E 04 AC 92 DC 06 F2 C5 D0 FA 2B 23 9D A2 
 08 BA D2 7B A1 68 0B 02 94 19 3B 3C A2 4C 19 EC 
 06 37 BE 31 44 3D CE 59 F6 9C EE 58 A7 01 2A B1 
 84 BF C7 11 07 CA 48 A5 34 44 46 7D 49 40 41 34 
 84 93 3B 1E 51 69 BF 8C 9F DF 0D 3E B5 C2 5A 49 
 6B 75 16 26 A1 73 71 F6 C2 77 BC 14 C0 8E 5F 92 
 40 F3 F7 E5 79 F8 33 5D 8C 31 B1 24 2A 50 39 F7 
 D9 CC 29 F6 50 69 76 02 5B 34 75 4D 53 C9 91 77 
 DB 72 A6 5F D8 3E CC 10 8B EC CA DD EA 52 0F 30 
 53 EA 68 7D 6D 93 5D 7C F3 35 A5 BD 0A 36 0A A0 
 0D 2B 11 9C 9C 52 6D 15 E1 58 45 F5 15 03 3C DE 
 C0 58 2C 39 53 69 20 CE EA 00 3B 76 26 73 5D 33 
 05 1F 37 A6 D3 4F CC DA 68 24 AE 59 CF 24 FC CD 
 42 61 B4 FA 72 E9 6E 71 89 A6 DF 31 39 74 11 5D 
 82 D7 1F A9 5D D5 8D 32 3D B2 0D A4 19 E6 8A 82 
 D7 39 D3 91 44 2B 44 C1 6B 07 74 0B F3 FC A3 66 
 C2 7B 0F 89 E8 29 5D CC 59 4D EF AB FB 55 35 5D 
 9E 9E 12 A1 78 6C 0D 37 45 C4 41 CC D4 46 6A 46 
 E8 15 CA 7B E7 3F 2F D4 43 AE 1C 05 98 CD 36 96 
 6C 9B 34 45 04 F2 5F C5 01 DA EF BC EF 6C E0 EE 
 11 55 15 85 E8 4D 44 74 24 A6 27 35 DE 1D F0 D2 
 11 0D 9E AB 7D 2F BE 05 B3 82 66 E5 CE 35 A9 40 
 71 2F E5 B9 D2 FF 90 CA CA 73 B3 28 C9 BF CB BD 
 39 45 0B CE 34 39 01 13 96 28 17 EF 25 25 C5 58 
 CF CF 8F 12 DC AE B1 D4 AB D2 08 1B 10 68 F2 1F 
 30 04 68 54 73 CC 4B 71 E9 4E 16 08 0C E4 92 05 
 05 F8 59 0F 51 CB 8F 87 66 27 50 A9 7A 58 F6 D2 
 92 98 CB 54 0D FE E4 73 00 69 1E 9C BD 15 24 A7 
 03 93 AF 13 35 6F 07 AE 17 9C 6C 97 FB 2B B9 D5 
 6A 89 9B 37 62 97 09 5A C1 CC 71 D5 EF 0D 6B E6 
 34 4D 3A 2C 02 70 DE 3C EE 03 DF 71 F2 35 CC 43 
 8D 3D 8A 12 68 CA EF EE 4A 90 C6 00 6F F0 EE 6B 
 EB 12 79 F8 E0 60 3C DB 84 67 04 76 08 71 37 39 
 7B AB 42 6C EC AF E3 8B 41 B3 29 FB C7 43 E6 B6 
 67 ED 5A 03 A9 B6 D9 62 E9 9F 28 75 A0 7D 39 1D 
 CC 99 1F 1F 08 EB 64 A1 53 80 5D 18 AD 7A 39 A1 
 05 1E DD 6E 01 6C C0 22 8E F8 33 E5 1E F2 C4 9A 
 B7 CA AC 01 2B F8 54 60 B1 92 40 8D B3 32 6B 0C 
 1B 42 50 99 CF D0 F6 B8 2C 4A E0 3D 6C 3A C0 BA 
 38 69 21 98 A1 81 76 A4 FD 03 C4 F6 A5 95 39 FC 
 F8 FA 04 A4 71 CF C0 03 70 B8 A8 D5 CB 91 E0 F1 
 0D 57 80 82 D8 8A C1 1A 32 19 DD C6 1F 15 77 91 
 54 12 3C 91 C7 0E 3C 05 F9 2E DB DD 05 70 70 5C 
 E2 03 CA 76 8F DC 90 22 EB BD E8 F1 AB E4 3E D0 
 AE F8 6E 13 BA 12 F8 AD 4F DA CC 84 0F 4D D6 86 
 CE 5A 6A B8 6F 39 80 5E B7 87 1E E9 78 C0 19 35 
 F8 17 51 77 B1 F5 E5 CD 43 C8 E0 82 BB AA 08 6C 
 9D 4C 86 38 1B CE 01 92 65 25 EC CC 01 C8 6B 60 
 0D BF 65 62 57 F2 8E 2A F1 C9 CF CC 19 79 FD 97 
 72 DA 51 0A 0D E8 AA BB B0 25 5E 3E 7B EA 48 D0 
 ED 60 80 5C A3 7B F0 81 AA C1 6D 7A E7 4A A4 36 
 42 E5 78 5B 30 91 61 87 B1 11 6C E5 16 A1 17 F8 
 CE D9 03 7E FA E3 99 71 3E 00 92 37 DF 95 BF 49 
 15 D3 44 30 62 DF 73 95 42 9C 79 B9 50 9B 41 9E 
 6F 7D 70 B1 B0 5D 37 31 2E 14 A9 75 51 DD AF 14 
 B2 C9 28 34 6C 09 C7 3F 88 9D B1 94 2B CB 4F 0B 
 B4 58 80 E7 A9 25 DD CB 17 40 42 58 F5 57 FD 87 
 25 50 58 87 D4 28 48 F3 B9 F8 AB 58 6F BC 38 49 
 21 3C 2C 56 6E EC F1 FF 07 47 0C 6A 79 4F 04 7B 
 A2 44 16 18 53 42 3D 27 25 57 39 6A 5F DC A6 90 
 3D 69 B5 7C B3 27 27 D0 BB A4 FA A9 EF 70 10 24 
 DD 13 49 7F 15 A5 BC 8F A8 AF 65 EE DB E1 AF B6 
 4E DD 87 50 24 A9 0B 87 D3 19 6E F6 9E 0E 4E 15 
 1A 5B D5 C9 CB F9 8B 43 40 A6 F0 D7 01 07 F0 D3 
 FF E4 CF 7C F7 14 29 70 F5 AD 9B C4 73 1A 08 65 
 AE 33 B2 25 15 57 05 91 C2 56 AE 9A F2 44 EF 48 
 7F 0A F0 93 5D 00 37 82 EB 0B 1D 17 3D 8A 2E D2 
 B7 12 C3 15 C5 26 1C 19 8F 73 9D D7 1C 08 77 B4 
 FE 96 F5 EB 88 AA E6 53 23 E6 03 AC 95 12 8C 9F 
 7B 92 F8 4A B6 77 29 DA A9 73 50 F8 5F 78 8D AB 
 0F B1 F6 EC 50 EE 1D 25 00 88 B5 E8 97 23 30 AC 
 0E F4 0D 6B A1 CC 43 B5 91 63 3C BF 8C E9 38 B6 
 44 54 19 56 98 86 9D 19 5D 2D F9 D9 7F 21 6A 87 
 82 31 AF B9 27 FD A8 95 9B 16 46 C5 33 C4 57 F0 
 AB F1 9F 7D 28 14 0D 03 91 3B 1D FA 39 F4 62 30 
 SWTPM_IO_Read: length 14
 80 01 00 00 00 0E 00 00 01 65 80 00 00 00 
    IsEnEnabled(0x165 = 'FlushContext'): 1
 SWTPM_IO_Write: length 10
 80 01 00 00 00 0A 00 00 00 00 
 SWTPM_IO_Read: length 14
 80 01 00 00 00 0E 00 00 01 62 02 00 00 00 
    IsEnEnabled(0x162 = 'ContextSave'): 1
 SWTPM_IO_Write: length 414
 80 01 00 00 01 9E 00 00 00 00 00 00 00 00 00 00 
 01 14 02 00 00 00 40 00 00 07 01 82 00 40 3C 2B 
 BC 70 24 45 DF A5 8A 46 08 32 29 09 D5 4D 4C AB 
 B3 F9 BB 30 CD 27 50 A2 99 4D F5 95 3B 20 60 70 
 EE 04 1E BC 53 4C 48 82 05 42 59 3E E6 AE 28 45 
 FD 1A 33 3C FC 42 FB 47 FD C0 09 9C 0E 44 FD 63 
 5F E6 00 D3 C0 07 A6 92 D3 13 56 89 C2 6E 88 46 
 EE 7D 88 58 26 FB 13 BB 06 F5 F2 24 42 B6 6F 9E 
 2F 65 6E 97 48 07 18 4F E7 C4 99 01 E4 1A 03 04 
 CC DF A2 F7 1E AB 59 15 1F 5F 9F EF D7 CC 87 36 
 61 AF 9D 71 6D 1D 3B 65 C7 89 50 78 53 34 22 CF 
 0C C7 06 7E 2B 5F 22 D6 81 BB 94 BA 49 DD 94 0E 
 45 DE EB 4A AD 29 1F 34 04 D1 5B 51 23 F3 4C 60 
 BB 56 DE 2A BB A3 5F DE B7 2C 9B 36 6A 23 B2 16 
 2A 5F 78 92 58 EF 77 FB 28 5D 49 8C 3E BC 31 B9 
 0C 48 D6 D6 C9 F2 B3 87 5E C5 DB EA BF 2F 97 04 
 18 EC 3F 51 BD AC CA A4 8C AB DA 97 2C 81 19 C7 
 C9 03 0A E6 7E 93 E6 61 E1 D4 E4 6B D3 F5 05 A9 
 44 97 70 79 9F 27 0C 5E DE 77 17 96 14 E1 76 83 
 37 C1 42 58 5E E0 E7 09 90 3A 29 53 D5 A4 EA 22 
 E8 D0 1F 3C 41 A3 17 26 1B 12 60 1B 82 9E A0 E5 
 9E BF 74 90 C7 7F 72 FE 89 06 9E E6 8E 9F 7C 80 
 30 94 6A 87 0A 35 29 33 5C 6D 72 66 78 99 F0 30 
 CA 34 9E AA 1F F4 42 1C 95 7D F8 FE AF 2A 4C 34 
 F8 0A 20 80 E6 E6 5C D7 37 AD 21 AF 9D 15 F5 92 
 3D EF 99 AF 79 98 4C B2 A6 4E E2 49 52 45 
 SWTPM_IO_Read: length 1232
 80 01 00 00 04 D0 00 00 01 61 00 00 00 00 00 00 
 01 42 80 00 00 00 40 00 00 01 04 B4 00 40 74 D6 
 98 FD 0E 04 AC 92 DC 06 F2 C5 D0 FA 2B 23 9D A2 
 08 BA D2 7B A1 68 0B 02 94 19 3B 3C A2 4C 19 EC 
 06 37 BE 31 44 3D CE 59 F6 9C EE 58 A7 01 2A B1 
 84 BF C7 11 07 CA 48 A5 34 44 46 7D 49 40 41 34 
 84 93 3B 1E 51 69 BF 8C 9F DF 0D 3E B5 C2 5A 49 
 6B 75 16 26 A1 73 71 F6 C2 77 BC 14 C0 8E 5F 92 
 40 F3 F7 E5 79 F8 33 5D 8C 31 B1 24 2A 50 39 F7 
 D9 CC 29 F6 50 69 76 02 5B 34 75 4D 53 C9 91 77 
 DB 72 A6 5F D8 3E CC 10 8B EC CA DD EA 52 0F 30 
 53 EA 68 7D 6D 93 5D 7C F3 35 A5 BD 0A 36 0A A0 
 0D 2B 11 9C 9C 52 6D 15 E1 58 45 F5 15 03 3C DE 
 C0 58 2C 39 53 69 20 CE EA 00 3B 76 26 73 5D 33 
 05 1F 37 A6 D3 4F CC DA 68 24 AE 59 CF 24 FC CD 
 42 61 B4 FA 72 E9 6E 71 89 A6 DF 31 39 74 11 5D 
 82 D7 1F A9 5D D5 8D 32 3D B2 0D A4 19 E6 8A 82 
 D7 39 D3 91 44 2B 44 C1 6B 07 74 0B F3 FC A3 66 
 C2 7B 0F 89 E8 29 5D CC 59 4D EF AB FB 55 35 5D 
 9E 9E 12 A1 78 6C 0D 37 45 C4 41 CC D4 46 6A 46 
 E8 15 CA 7B E7 3F 2F D4 43 AE 1C 05 98 CD 36 96 
 6C 9B 34 45 04 F2 5F C5 01 DA EF BC EF 6C E0 EE 
 11 55 15 85 E8 4D 44 74 24 A6 27 35 DE 1D F0 D2 
 11 0D 9E AB 7D 2F BE 05 B3 82 66 E5 CE 35 A9 40 
 71 2F E5 B9 D2 FF 90 CA CA 73 B3 28 C9 BF CB BD 
 39 45 0B CE 34 39 01 13 96 28 17 EF 25 25 C5 58 
 CF CF 8F 12 DC AE B1 D4 AB D2 08 1B 10 68 F2 1F 
 30 04 68 54 73 CC 4B 71 E9 4E 16 08 0C E4 92 05 
 05 F8 59 0F 51 CB 8F 87 66 27 50 A9 7A 58 F6 D2 
 92 98 CB 54 0D FE E4 73 00 69 1E 9C BD 15 24 A7 
 03 93 AF 13 35 6F 07 AE 17 9C 6C 97 FB 2B B9 D5 
 6A 89 9B 37 62 97 09 5A C1 CC 71 D5 EF 0D 6B E6 
 34 4D 3A 2C 02 70 DE 3C EE 03 DF 71 F2 35 CC 43 
 8D 3D 8A 12 68 CA EF EE 4A 90 C6 00 6F F0 EE 6B 
 EB 12 79 F8 E0 60 3C DB 84 67 04 76 08 71 37 39 
 7B AB 42 6C EC AF E3 8B 41 B3 29 FB C7 43 E6 B6 
 67 ED 5A 03 A9 B6 D9 62 E9 9F 28 75 A0 7D 39 1D 
 CC 99 1F 1F 08 EB 64 A1 53 80 5D 18 AD 7A 39 A1 
 05 1E DD 6E 01 6C C0 22 8E F8 33 E5 1E F2 C4 9A 
 B7 CA AC 01 2B F8 54 60 B1 92 40 8D B3 32 6B 0C 
 1B 42 50 99 CF D0 F6 B8 2C 4A E0 3D 6C 3A C0 BA 
 38 69 21 98 A1 81 76 A4 FD 03 C4 F6 A5 95 39 FC 
 F8 FA 04 A4 71 CF C0 03 70 B8 A8 D5 CB 91 E0 F1 
 0D 57 80 82 D8 8A C1 1A 32 19 DD C6 1F 15 77 91 
 54 12 3C 91 C7 0E 3C 05 F9 2E DB DD 05 70 70 5C 
 E2 03 CA 76 8F DC 90 22 EB BD E8 F1 AB E4 3E D0 
 AE F8 6E 13 BA 12 F8 AD 4F DA CC 84 0F 4D D6 86 
 CE 5A 6A B8 6F 39 80 5E B7 87 1E E9 78 C0 19 35 
 F8 17 51 77 B1 F5 E5 CD 43 C8 E0 82 BB AA 08 6C 
 9D 4C 86 38 1B CE 01 92 65 25 EC CC 01 C8 6B 60 
 0D BF 65 62 57 F2 8E 2A F1 C9 CF CC 19 79 FD 97 
 72 DA 51 0A 0D E8 AA BB B0 25 5E 3E 7B EA 48 D0 
 ED 60 80 5C A3 7B F0 81 AA C1 6D 7A E7 4A A4 36 
 42 E5 78 5B 30 91 61 87 B1 11 6C E5 16 A1 17 F8 
 CE D9 03 7E FA E3 99 71 3E 00 92 37 DF 95 BF 49 
 15 D3 44 30 62 DF 73 95 42 9C 79 B9 50 9B 41 9E 
 6F 7D 70 B1 B0 5D 37 31 2E 14 A9 75 51 DD AF 14 
 B2 C9 28 34 6C 09 C7 3F 88 9D B1 94 2B CB 4F 0B 
 B4 58 80 E7 A9 25 DD CB 17 40 42 58 F5 57 FD 87 
 25 50 58 87 D4 28 48 F3 B9 F8 AB 58 6F BC 38 49 
 21 3C 2C 56 6E EC F1 FF 07 47 0C 6A 79 4F 04 7B 
 A2 44 16 18 53 42 3D 27 25 57 39 6A 5F DC A6 90 
 3D 69 B5 7C B3 27 27 D0 BB A4 FA A9 EF 70 10 24 
 DD 13 49 7F 15 A5 BC 8F A8 AF 65 EE DB E1 AF B6 
 4E DD 87 50 24 A9 0B 87 D3 19 6E F6 9E 0E 4E 15 
 1A 5B D5 C9 CB F9 8B 43 40 A6 F0 D7 01 07 F0 D3 
 FF E4 CF 7C F7 14 29 70 F5 AD 9B C4 73 1A 08 65 
 AE 33 B2 25 15 57 05 91 C2 56 AE 9A F2 44 EF 48 
 7F 0A F0 93 5D 00 37 82 EB 0B 1D 17 3D 8A 2E D2 
 B7 12 C3 15 C5 26 1C 19 8F 73 9D D7 1C 08 77 B4 
 FE 96 F5 EB 88 AA E6 53 23 E6 03 AC 95 12 8C 9F 
 7B 92 F8 4A B6 77 29 DA A9 73 50 F8 5F 78 8D AB 
 0F B1 F6 EC 50 EE 1D 25 00 88 B5 E8 97 23 30 AC 
 0E F4 0D 6B A1 CC 43 B5 91 63 3C BF 8C E9 38 B6 
 44 54 19 56 98 86 9D 19 5D 2D F9 D9 7F 21 6A 87 
 82 31 AF B9 27 FD A8 95 9B 16 46 C5 33 C4 57 F0 
 AB F1 9F 7D 28 14 0D 03 91 3B 1D FA 39 F4 62 30 
    IsEnEnabled(0x161 = 'ContextLoad'): 1
 SWTPM_IO_Write: length 14
 80 01 00 00 00 0E 00 00 00 00 80 00 00 00 
 SWTPM_IO_Read: length 414
 80 01 00 00 01 9E 00 00 01 61 00 00 00 00 00 00 
 01 14 02 00 00 00 40 00 00 07 01 82 00 40 3C 2B 
 BC 70 24 45 DF A5 8A 46 08 32 29 09 D5 4D 4C AB 
 B3 F9 BB 30 CD 27 50 A2 99 4D F5 95 3B 20 60 70 
 EE 04 1E BC 53 4C 48 82 05 42 59 3E E6 AE 28 45 
 FD 1A 33 3C FC 42 FB 47 FD C0 09 9C 0E 44 FD 63 
 5F E6 00 D3 C0 07 A6 92 D3 13 56 89 C2 6E 88 46 
 EE 7D 88 58 26 FB 13 BB 06 F5 F2 24 42 B6 6F 9E 
 2F 65 6E 97 48 07 18 4F E7 C4 99 01 E4 1A 03 04 
 CC DF A2 F7 1E AB 59 15 1F 5F 9F EF D7 CC 87 36 
 61 AF 9D 71 6D 1D 3B 65 C7 89 50 78 53 34 22 CF 
 0C C7 06 7E 2B 5F 22 D6 81 BB 94 BA 49 DD 94 0E 
 45 DE EB 4A AD 29 1F 34 04 D1 5B 51 23 F3 4C 60 
 BB 56 DE 2A BB A3 5F DE B7 2C 9B 36 6A 23 B2 16 
 2A 5F 78 92 58 EF 77 FB 28 5D 49 8C 3E BC 31 B9 
 0C 48 D6 D6 C9 F2 B3 87 5E C5 DB EA BF 2F 97 04 
 18 EC 3F 51 BD AC CA A4 8C AB DA 97 2C 81 19 C7 
 C9 03 0A E6 7E 93 E6 61 E1 D4 E4 6B D3 F5 05 A9 
 44 97 70 79 9F 27 0C 5E DE 77 17 96 14 E1 76 83 
 37 C1 42 58 5E E0 E7 09 90 3A 29 53 D5 A4 EA 22 
 E8 D0 1F 3C 41 A3 17 26 1B 12 60 1B 82 9E A0 E5 
 9E BF 74 90 C7 7F 72 FE 89 06 9E E6 8E 9F 7C 80 
 30 94 6A 87 0A 35 29 33 5C 6D 72 66 78 99 F0 30 
 CA 34 9E AA 1F F4 42 1C 95 7D F8 FE AF 2A 4C 34 
 F8 0A 20 80 E6 E6 5C D7 37 AD 21 AF 9D 15 F5 92 
 3D EF 99 AF 79 98 4C B2 A6 4E E2 49 52 45 
    IsEnEnabled(0x161 = 'ContextLoad'): 1
 SWTPM_IO_Write: length 14
 80 01 00 00 00 0E 00 00 00 00 02 00 00 00 
 SWTPM_IO_Read: length 14
 80 01 00 00 00 0E 00 00 01 65 02 00 00 00 
    IsEnEnabled(0x165 = 'FlushContext'): 1
 SWTPM_IO_Write: length 10
 80 01 00 00 00 0A 00 00 00 00 
 SWTPM_IO_Read: length 14
 80 01 00 00 00 0E 00 00 01 62 80 00 00 00 
    IsEnEnabled(0x162 = 'ContextSave'): 1
 SWTPM_IO_Write: length 1232
 80 01 00 00 04 D0 00 00 00 00 00 00 00 00 00 00 
 01 43 80 00 00 00 40 00 00 01 04 B4 00 40 F5 E6 
 29 76 03 76 C9 A1 9F 59 B3 54 A0 13 86 98 D8 0A 
 DF CC 04 4E 59 1C FF 57 BB 26 9D F1 3F E4 8C 30 
 10 DB 13 EC 88 5A DC B7 37 F0 9D 7D 99 7D D8 69 
 CC 66 2E 3E BF A1 EC 80 5C AC 3E B4 57 94 2B 54 
 AA 3B CE DC 60 A3 61 BA 44 CF AF 2F 1B 28 9B B4 
 C1 25 97 97 5F 9A 11 73 CB B1 BD B4 0F 58 96 1C 
 82 02 9C 07 62 71 75 89 C8 C2 7C 4A 70 E6 53 0D 
 59 53 9C EB 76 B9 BF 7E 2C 0F 80 21 F7 8E 97 D1 
 FC 97 EE 55 3B 93 2B 13 40 B9 59 AC 3F A5 F3 07 
 2C 40 56 A3 C4 8D 28 E6 31 AC C3 1F FF A2 60 7C 
 5B 2F 5B E8 CB 5A 6F A7 D2 EE D5 05 A8 0D EF 4E 
 87 DD 40 42 2B 94 EC C5 5D 8B 08 44 C3 B6 7C 8F 
 09 CD 35 8E 24 BD 97 1B FC E9 B1 9D F2 87 97 F8 
 76 07 01 4B 21 2A 2C 82 37 D9 F9 E6 93 22 B7 89 
 AF A3 A7 8D 14 87 4E 25 41 A0 AB EC F6 98 7A 0A 
 7C 0C 69 A9 8E 71 1B 1B 77 76 82 80 95 3C 1B C9 
 06 F7 1A 82 37 27 BE BE A6 02 B8 36 A8 34 54 7D 
 69 53 08 9F BC 57 8C A2 81 67 F6 FC 41 8E 89 AD 
 BA 00 09 FF D8 D6 3A 70 38 77 84 7C EB 20 6F 81 
 7C 8A 93 01 62 0A 7C 94 34 4B 79 17 F5 B7 EF 1A 
 34 16 A3 C3 B5 9F 61 D5 5A D1 40 51 92 41 91 60 
 64 36 28 24 FC 24 6E 49 C6 11 11 F6 D9 38 5D 53 
 A1 0A 6A DE 39 65 1F 68 69 35 79 05 59 FC F5 7B 
 C7 8F 40 F9 72 83 B5 51 9B D9 1D 85 ED A2 90 27 
 E1 4B 91 AD 78 E5 C8 8C 90 92 4D A5 D8 B9 7E 40 
 3E 27 C7 73 10 58 83 60 99 9A 3A 6B B0 84 95 C3 
 04 23 8D D1 43 2C B2 94 3B 87 A1 54 C3 87 C6 6C 
 37 BE 0C 49 7A EB D0 79 96 AE 7C 2A 88 B3 99 61 
 07 06 88 C8 4A 45 D5 F7 96 FB EF 5B 0D BC 4D 12 
 96 3F 6C D5 3E 5A 94 73 35 58 C2 15 30 73 B0 4F 
 95 27 23 61 8D 2F C8 D2 1E 34 55 ED E7 80 D4 B0 
 7A 55 F4 DB 92 20 69 69 24 FA FA 7F 26 8E 7E 00 
 FF A3 57 58 97 94 E6 6E 76 F8 D2 E1 26 C9 07 07 
 A1 7C 64 9D 16 BE FE 5A 90 C5 9F 65 DF 35 B1 04 
 6D AE 75 83 AD 9D 16 0E 61 A0 B9 1B 32 28 BB D1 
 65 CD DC C5 6F 7A 2E B3 BD 4C A0 7C B7 74 20 F3 
 2F 4F 7F 12 9F 4B A3 9B 7D F8 26 58 EE C3 7B 97 
 1A A7 0F B4 E2 97 8C 11 0C BE DE A8 64 9E 96 E2 
 2E 24 82 A3 FF A1 9D D4 02 2A 7F CC 9A 96 12 B9 
 66 F2 7C 74 64 F1 87 39 B0 6D B6 4B 4A 2D A3 1C 
 F4 56 0A B1 06 80 04 7D 6B 9E 64 61 26 4A 88 B4 
 43 F6 A3 04 35 36 A7 98 C0 7E 11 BE 85 C5 2B 87 
 D9 90 69 66 81 53 1F 14 8A 81 3C 39 AA 8F 08 7F 
 98 21 92 3B 73 2D 44 0C 0D 40 B5 C8 9A E9 2A 40 
 C2 CA EE CA AC 6C 82 CB E9 92 DF A8 3C 97 4E 6D 
 41 03 5A 20 28 09 F8 64 A0 9E F0 6D 4B A0 13 2B 
 EF 70 B7 13 FC AC D2 8E 2A 75 B8 68 C0 3F D6 2B 
 58 1B 1D 57 C0 32 6A 65 2E C2 67 5E FF ED 24 F8 
 AE 4B 33 7A 0C 82 4E 9A 26 3C D3 C2 48 B2 E2 10 
 FF 69 92 49 33 33 47 30 35 A6 4E C6 2F 76 AC 92 
 B5 51 D1 4D BF E6 66 95 CC B5 70 24 80 E7 18 7C 
 B4 FE 20 8F B6 4B 80 B0 46 E6 F5 1F 0A 2D 5A 7D 
 B4 9D C7 EF 6F FE 0A D8 F4 2C D7 DE 1A 68 25 D3 
 D8 77 54 5D 15 58 CE 00 1B E5 88 28 19 3E 52 6A 
 64 09 EC 58 F8 BB 77 E0 8F 70 2E 3A 54 BD 8D 08 
 E9 BF 37 5E 1C 03 B3 09 46 CD C1 E1 F6 8F 53 43 
 D9 51 45 35 DD D8 78 4E 01 88 A5 EA 10 20 1F 66 
 35 6B F7 9F 5D 1F F4 7A B5 8E 02 20 37 41 DF 33 
 0B 20 48 2C 54 9D 64 2E 8C 59 06 26 F4 1C A1 26 
 1F AC 66 B5 20 A5 F1 9C 97 BC 9B 25 AA 65 7D AB 
 C5 21 98 FB 34 7F 66 66 83 2C 33 A3 88 5B 5B 9E 
 D8 79 7B 35 69 9C 3B D5 49 26 AD F4 94 09 B1 EC 
 88 B0 D6 EA F2 E3 99 46 C1 59 7C C0 AB 82 50 AE 
 8E 29 FB C4 B3 0A 18 B1 B0 64 6A C0 6D D7 E3 5F 
 C4 93 B1 F5 EB 95 B3 BE 63 59 98 67 F6 D7 AA 0D 
 87 AA 69 97 72 4E B2 44 14 FF CF 48 AE E1 9B 85 
 F8 E5 2C 40 2F 34 57 CD C8 FE E5 C0 34 D2 0E 1D 
 25 B8 E3 82 B8 50 25 A0 FD DB 36 DD CB 83 F7 47 
 2E 6C 36 65 9F A9 FE 15 E1 5E 66 E9 56 70 72 AC 
 4C 7C A1 9E 3D B9 A9 EC 60 C1 B4 FD 66 64 70 3D 
 31 2A F3 D4 AB 2B CA EF 4A D2 1A CE EC 84 A7 E1 
 ED A0 41 CA E9 A1 8F 60 DD 74 D0 D8 71 B7 BD 89 
 E8 E1 2F A8 37 4D 1C B5 1D E4 82 27 67 0E 14 C5 
 A2 52 50 56 D1 DB 1F C2 4B DD 6A 7D EA 43 FD EE 
 D7 EA 31 22 AD A9 C5 29 12 B9 3D 51 DF 69 53 2E 
 SWTPM_IO_Read: length 14
 80 01 00 00 00 0E 00 00 01 65 80 00 00 00 
    IsEnEnabled(0x165 = 'FlushContext'): 1
 SWTPM_IO_Write: length 10
 80 01 00 00 00 0A 00 00 00 00 
 SWTPM_IO_Read: length 14
 80 01 00 00 00 0E 00 00 01 62 02 00 00 00 
    IsEnEnabled(0x162 = 'ContextSave'): 1
 SWTPM_IO_Write: length 10
 80 01 00 00 00 0A 00 00 09 10 
 SWTPM_IO_Read: length 12
 80 01 00 00 00 0C 00 00 01 7B 00 08 
    IsEnEnabled(0x17b = 'GetRandom'): 1
 SWTPM_IO_Write: length 20
 80 01 00 00 00 14 00 00 00 00 00 08 31 0D 50 75 
 F9 48 84 30 
 SWTPM_IO_Read: length 1232
 80 01 00 00 04 D0 00 00 01 61 00 00 00 00 00 00 
 01 41 80 00 00 00 40 00 00 01 04 B4 00 40 7F A4 
 06 F4 CD 03 9A CF A0 E2 36 1B CA A6 F4 81 30 8A 
 D9 DF C5 17 37 6D 06 B9 AC 16 DA F7 A5 99 9A FA 
 CE A7 08 89 C1 00 3D F5 0C AC 76 CF 54 15 01 80 
 25 E6 51 0D AE 46 84 71 5E B1 E5 96 BD 05 5E 61 
 BF C6 04 0F 7F 79 06 0D 96 83 D1 9A 8A 74 CA 68 
 F7 2E 6A 80 6E 56 4A F6 EA 31 FD 0D C1 08 09 93 
 C9 A4 48 85 AC 46 A7 AD 39 33 7C E9 5D 37 29 66 
 A9 D7 25 92 4D BF 1F 00 CF E8 FB ED D4 6C CC DF 
 9B 5A D3 BE 89 A8 59 5B 3E 2D 1D 87 CD 90 B2 68 
 90 89 31 3E 4E 7E 21 64 30 B8 AD EE 46 79 6C 5F 
 18 6E 3F B3 66 5A 93 1E AB A1 21 4E 8B DB ED 4F 
 70 01 1C FB 29 62 42 F2 4B 25 6D 19 AD 27 CA CA 
 FB C3 8E 23 9A B4 5D E9 F1 EA 98 79 2B BC 3B 03 
 47 A8 99 AE 10 DB 4C EE 7C 43 9C BC F4 E7 CF 5D 
 4C 4C C1 CC 1B AB 48 59 63 A0 08 96 FD 99 7E E9 
 E1 C7 DD 2A FC 69 12 3C 0F 07 BE BE 12 00 C1 38 
 6B 5C 22 F3 96 5B 62 B9 EE EF D7 02 99 A3 1D 11 
 B2 18 07 DF DD A1 77 E2 2C C0 BB 60 79 E9 6C B6 
 04 D9 E4 B0 FE 29 FF 93 05 56 80 A1 FB 5F 11 88 
 3C 2C 11 9A EF EC 36 35 17 A0 D1 09 D2 A9 1C 9F 
 5E 7B 67 38 19 B8 C5 73 00 9F 80 87 C2 F7 54 18 
 B3 0E AD AC 78 55 E6 D1 B1 26 A8 94 88 26 79 B0 
 20 DF C1 2B 47 76 0D 82 B2 B7 E7 E2 95 0B DE 85 
 80 11 15 5D 25 F7 1B A8 BB 59 43 C7 96 70 DB B2 
 5C 3C 6D 16 C6 0B D4 AE 4C 32 48 76 7E BA DD 3C 
 06 36 37 C5 FB 7D F2 07 5B 2D 95 06 B9 75 21 86 
 B4 2B 3A 86 31 1E 9F CE E9 C8 D1 BD C1 7D 15 5E 
 00 DC FE C0 98 0D B8 47 CF DA 22 10 1A 76 D8 F7 
 39 4D 71 B3 38 48 EC 74 42 64 9D 17 AC F6 57 D9 
 19 EA 18 23 8D BC AB 27 25 3F 30 5F 4F 24 74 F2 
 CB 0D D9 62 BF 79 02 B7 B6 99 7E 84 B2 5C BB B8 
 A5 A8 A1 58 41 7E 30 79 07 B8 DE 2E 2B 43 76 07 
 A9 AD C9 2D 17 26 56 C5 21 32 DF 95 2C 77 18 55 
 66 03 12 4B DC A5 AE 85 CB 2E C8 40 D8 27 C7 F4 
 DF A7 3E 3A 45 8A 3F 85 19 28 7A AA 30 D2 E7 40 
 82 E3 3A 7F BE 88 1A 7B EE 89 E6 BB CA D7 73 E5 
 7B B8 1B 17 F6 1E F8 4E 70 CE 77 7F 77 D3 52 65 
 61 1D 3B D3 7A A6 E7 9D C1 F9 2A 52 C9 C3 3D 4F 
 DF 8E 61 89 D5 02 2F 93 51 F3 B9 AE 06 22 ED 00 
 F7 33 9D 20 1B 9D 22 5F B8 0C E0 35 6B C5 24 64 
 7A D9 0B 09 8C A3 A4 FA C9 08 D6 AE E0 EE 25 4E 
 89 48 B7 34 C5 9D AA 3C C5 1B 54 0D 6C D6 17 D3 
 53 BB 39 14 C1 31 70 4D 99 36 83 D4 9E 3D 0D ED 
 8A 61 D2 67 5E 2B 14 14 09 36 35 99 FC 1A B8 68 
 57 28 53 8C CF F0 97 14 7F 90 60 A5 78 E3 62 82 
 CB 1B 2A 5D B4 32 04 9B 96 AE B3 37 6F 33 1E 7F 
 86 67 D2 A1 84 9E 33 7D 17 87 34 F9 43 BE A3 DF 
 25 EB 2D 88 4B 95 E7 C7 4D 94 84 5B 3F E7 74 25 
 BF 59 C7 B2 59 CE AC 7A C0 51 06 60 46 2A 7B D5 
 78 BF 24 D0 AC 36 88 39 44 63 01 BB 22 EE 90 CA 
 54 64 CB 31 D8 BD 0D 17 96 E9 56 94 E0 D9 22 33 
 39 95 0B 9E 03 28 D3 46 6E CB B5 C5 65 1A CE 7E 
 BC 89 E0 CE 8C 55 3F 96 01 3F E9 5E 90 73 7C 4C 
 41 BE 0E 3A 6B 03 08 C3 02 2C 06 F5 1A AB BD B3 
 A7 53 26 81 51 F0 B1 9A E8 BE 7F 2A 0A 55 02 0A 
 56 1D DE 12 83 C8 67 46 4C 74 33 81 36 13 3D 8C 
 90 2F 42 72 CE 3E 1E C0 2F 92 B6 EE B6 87 DD A6 
 13 67 3E 28 8F AF 0C F5 C9 26 71 A2 12 C2 1F 88 
 12 A6 F5 83 4B 1C 23 33 42 20 09 3E B8 79 22 19 
 F3 D0 E8 DB 82 B2 19 86 AA F7 6D 72 FD 13 B0 C7 
 16 E3 B9 A6 9B 6B 13 5F 6C 41 EC 0E D5 6F 7E B5 
 39 A8 23 4D BB 4D 79 2C EB 6B 1A FE 59 51 ED CE 
 1B AD 6A 99 55 67 F6 4E 3C AA FD 42 4A AB BA 0C 
 79 9E A9 0A 8C 6A B2 53 B7 C3 2E F9 D6 31 F1 7F 
 5C 51 56 75 93 8E A0 00 00 63 26 E6 71 BE DE 39 
 E9 19 42 1F 85 08 29 45 63 DB 96 64 08 78 65 E0 
 2B 3F 4F CF F0 89 1A A1 19 90 3F 6B 0E 41 F6 D4 
 32 87 4D 3C E7 D5 99 0C 16 D0 AA D2 4A C2 DF D7 
 93 81 A0 F5 36 B9 FB BA 4A 49 B2 A0 8B 24 34 86 
 67 E7 4A 49 9D 13 9D 04 FE 0C 20 81 72 18 AA B6 
 E8 BF E4 CB 72 D1 1A B2 CA 05 29 1C 04 B2 5D D9 
 2E 27 52 C3 18 AB B4 92 A8 9B D9 D8 96 DD DB 38 
 2A 25 80 73 8E 02 20 2C BA 50 4E ED 63 6E 7A B9 
 22 CD BE 87 73 38 AE A6 1A 97 9E 8B 96 4D BC 7F 
 1B 9C F3 AE E7 7E BF 9F F2 C6 E2 11 2E BF E7 AA 
    IsEnEnabled(0x161 = 'ContextLoad'): 1
 SWTPM_IO_Write: length 14
 80 01 00 00 00 0E 00 00 00 00 80 00 00 00 
 SWTPM_IO_Read: length 14
 80 01 00 00 00 0E 00 00 01 62 80 00 00 00 
    IsEnEnabled(0x162 = 'ContextSave'): 1
 SWTPM_IO_Write: length 1232
 80 01 00 00 04 D0 00 00 00 00 00 00 00 00 00 00 
 01 44 80 00 00 00 40 00 00 01 04 B4 00 40 EE D1 
 CC 56 6E 74 CE 3C E1 95 30 6D BC 84 DD A9 F5 27 
 9D EC 2A 42 7B 9E AB AB 0F 4A 49 88 94 30 2D 27 
 C3 7B 03 B3 EE 98 43 8C 80 08 73 1D D1 ED 3F 5A 
 5D 8A 86 6D 1A 81 A2 8D E9 EA D2 3A 88 18 57 D9 
 BC 90 18 90 C2 52 9E 79 31 D8 6E 55 3F FC F5 34 
 76 1B BA 11 2A 74 9C 21 CE AF FA 64 FB AC EC C9 
 69 B5 22 23 84 24 E1 59 18 0D 98 3F CF DF C3 67 
 17 62 35 68 2B 95 99 36 15 64 DD 93 17 0D 6E 9A 
 18 2D ED 18 9A 03 DD 62 E0 1C BB 05 E8 14 6D 29 
 FD 2F E6 9C 94 C4 10 08 E5 4D 4E F9 D5 FC 59 CC 
 07 BB A6 E4 AA 5F C8 82 0F 22 6A FA 20 93 46 32 
 01 5C 48 77 F3 EF F6 5B 63 89 FC 3A 11 8E 3F 90 
 D4 89 6D 95 ED CF 8F 9A D0 7B C8 0B 6D 2E 5A 8A 
 42 EA DD 0B 43 9F 8F FC 1C C1 F6 B5 06 D0 E4 4B 
 66 F6 27 C4 9C A8 28 D2 46 C9 13 E9 C1 7A B0 91 
 6B ED 5A 55 E4 35 5E AD AB A5 DA 9C 6E 52 E7 3B 
 6D 71 1C 4C 7B 41 BE E1 70 F4 28 BF 90 0A 58 2C 
 AB 0A 9D 0A AD 3F A0 67 43 66 4A 16 91 8F 60 91 
 61 80 B3 6A CF 25 DE 0F D6 F8 0C C8 49 DE E0 41 
 CF 92 F5 6F 46 E2 38 8E 29 E5 63 0E 6C 53 65 47 
 F7 E4 C0 FA 9C 9A D1 C5 55 80 53 6E 97 F5 A2 73 
 1A 84 CC 1F C9 FF 6D EE 12 C6 50 DE 54 29 D7 6F 
 55 82 29 45 ED F4 8C 46 54 C3 D3 FA 4E A5 B2 37 
 47 31 A1 85 2C CB 30 CC AC B3 7E 3A 51 DC E8 E2 
 4B 70 E2 E3 1F 35 B6 ED 33 A6 02 E9 AC 91 85 0D 
 BC 2B 7F E8 B5 46 D7 8A 05 7A 83 14 11 2C 87 E8 
 2A AE A9 CD 98 7C 85 23 93 BA 02 F1 DF 25 C6 F3 
 2B E4 17 8E 58 0A 04 14 DF E3 0F 3C 5E 8F A2 DF 
 E9 66 61 EC 4A C9 5A 7D 9F A8 0C AC 79 F7 18 D5 
 BC 8E 66 C5 F3 9E 48 8F 30 8B 74 52 CA 08 89 48 
 1B FB 0E A4 7E 0A 41 7A 88 09 F0 69 3E 57 16 65 
 2D FB 52 06 01 8B 4C 89 A3 40 3C E5 24 8D BB 59 
 DA 60 DF B1 CF 1C 92 66 24 38 21 3B B5 DB B7 F8 
 2F 36 4F FF 49 DD EE 17 A8 06 1F E6 8E E9 BB 78 
 DB 39 7A 64 BD BF E4 F9 39 56 B8 57 8C 46 60 EC 
 D6 63 6B FF 77 0C AD 30 1A AA 14 72 71 F1 60 7A 
 B9 1F 0F A6 38 42 6F 87 B1 E1 30 AD FF EF 30 74 
 73 95 FD 62 93 AF AC 4B F0 09 16 AC 5D 77 30 6D 
 72 16 57 ED 2D 02 47 68 7E D8 93 14 DC 02 3E AD 
 24 2A 17 8A C0 1F 29 80 92 50 09 59 EC B1 F4 7D 
 9C 32 73 53 AD B9 B9 7F 0B 66 A0 75 39 7E 9F 34 
 20 32 4D 0C 9A 69 B4 FB 2C 81 1D 3D 9C FA 28 D0 
 F2 23 13 7E 18 E2 8F 0B 5B D4 7C AE ED B9 2C 32 
 76 37 FB 4A 7D C6 B1 C2 12 65 46 57 64 5D E2 FB 
 6E 47 8C 87 38 80 C2 45 31 6D BD 32 1A FE 82 A0 
 79 BA D9 42 E2 7C EA C8 E3 EB CE A0 8C A7 20 FD 
 72 B1 D5 33 63 A2 2E FE 2F 7D 1B CF C8 96 65 C2 
 6C 6A 5B 34 24 B9 21 1A A4 FE C3 B5 DA C1 29 FD 
 3D 85 45 87 4D 7C 77 0D CE 5A 78 E6 D6 D7 60 6A 
 B8 A2 60 8C 23 ED AB 13 84 44 D3 39 D7 6A 86 48 
 46 D3 08 12 86 65 23 56 84 12 D5 C6 B1 73 95 FE 
 2C EF 68 A6 A7 C7 50 DE 6F EC D6 E0 64 4A 44 78 
 66 D6 71 5A 57 B9 CF CF 22 0F 88 BD C8 D3 46 A0 
 E4 FE 53 26 A1 1D CE 4C 00 69 91 98 0B C5 20 09 
 08 36 E1 E0 D8 85 51 C0 9A 54 55 F5 81 02 84 40 
 26 53 D6 5D B1 23 78 2A 9A 8C C8 D5 59 48 29 94 
 E3 EB D2 E2 5E 74 BB BF 95 55 97 7C 7C 4D D4 B9 
 2E 30 76 ED 09 14 50 52 76 A4 35 80 49 31 AE D1 
 A3 8C C7 94 0F 4F 90 A2 DB D1 64 29 07 A9 76 96 
 B3 00 41 F3 9B E7 D5 90 63 42 CB 48 5C 80 6E A1 
 6E 65 68 C7 DB BC 8E 6B 51 D9 77 57 B1 DA 8F 6D 
 45 B1 B8 B2 C9 FF 0C 90 D3 08 C0 0A 56 05 74 05 
 DB CF 40 E4 62 85 FE AF 9C 04 B8 92 28 8A 52 40 
 2F D0 E5 41 3B BA 4D D7 E7 CC 16 3B 93 04 44 85 
 C6 D0 41 C1 AE 49 5F FF 13 32 20 B0 44 52 02 7F 
 F7 A1 13 1A F9 10 DE A1 49 94 14 F0 3E F9 45 C6 
 D9 11 0C 88 92 63 D1 A7 98 F7 5C C5 63 50 88 74 
 79 50 62 2C CE 2A 2F 2E D2 69 6B A2 12 A1 4C 91 
 F5 5D D0 A8 BF A7 60 0A 36 97 B4 F9 CF B7 F3 86 
 8C FA 37 C2 3A 3E F0 B9 A2 E3 5B 3C EE AB E8 23 
 9B 37 EB 58 53 8A 30 7B 05 F5 01 76 98 8B 2F B1 
 6D 00 B4 92 3E E7 C1 D3 24 89 7F A6 34 05 49 30 
 80 18 3B 17 81 9D A8 44 03 99 BC 9C C0 3C 7D 3E 
 94 39 0B B1 9C 1B A8 30 2E A5 86 67 A8 3B FC 8E 
 DA 50 E8 90 4C 3E 74 63 2F 59 F8 AE ED A1 34 D8 
 SWTPM_IO_Read: length 14
 80 01 00 00 00 0E 00 00 01 65 80 00 00 00 
    IsEnEnabled(0x165 = 'FlushContext'): 1
 SWTPM_IO_Write: length 10
 80 01 00 00 00 0A 00 00 00 00 
 SWTPM_IO_Read: length 1232
 80 01 00 00 04 D0 00 00 01 61 00 00 00 00 00 00 
 01 44 80 00 00 00 40 00 00 01 04 B4 00 40 EE D1 
 CC 56 6E 74 CE 3C E1 95 30 6D BC 84 DD A9 F5 27 
 9D EC 2A 42 7B 9E AB AB 0F 4A 49 88 94 30 2D 27 
 C3 7B 03 B3 EE 98 43 8C 80 08 73 1D D1 ED 3F 5A 
 5D 8A 86 6D 1A 81 A2 8D E9 EA D2 3A 88 18 57 D9 
 BC 90 18 90 C2 52 9E 79 31 D8 6E 55 3F FC F5 34 
 76 1B BA 11 2A 74 9C 21 CE AF FA 64 FB AC EC C9 
 69 B5 22 23 84 24 E1 59 18 0D 98 3F CF DF C3 67 
 17 62 35 68 2B 95 99 36 15 64 DD 93 17 0D 6E 9A 
 18 2D ED 18 9A 03 DD 62 E0 1C BB 05 E8 14 6D 29 
 FD 2F E6 9C 94 C4 10 08 E5 4D 4E F9 D5 FC 59 CC 
 07 BB A6 E4 AA 5F C8 82 0F 22 6A FA 20 93 46 32 
 01 5C 48 77 F3 EF F6 5B 63 89 FC 3A 11 8E 3F 90 
 D4 89 6D 95 ED CF 8F 9A D0 7B C8 0B 6D 2E 5A 8A 
 42 EA DD 0B 43 9F 8F FC 1C C1 F6 B5 06 D0 E4 4B 
 66 F6 27 C4 9C A8 28 D2 46 C9 13 E9 C1 7A B0 91 
 6B ED 5A 55 E4 35 5E AD AB A5 DA 9C 6E 52 E7 3B 
 6D 71 1C 4C 7B 41 BE E1 70 F4 28 BF 90 0A 58 2C 
 AB 0A 9D 0A AD 3F A0 67 43 66 4A 16 91 8F 60 91 
 61 80 B3 6A CF 25 DE 0F D6 F8 0C C8 49 DE E0 41 
 CF 92 F5 6F 46 E2 38 8E 29 E5 63 0E 6C 53 65 47 
 F7 E4 C0 FA 9C 9A D1 C5 55 80 53 6E 97 F5 A2 73 
 1A 84 CC 1F C9 FF 6D EE 12 C6 50 DE 54 29 D7 6F 
 55 82 29 45 ED F4 8C 46 54 C3 D3 FA 4E A5 B2 37 
 47 31 A1 85 2C CB 30 CC AC B3 7E 3A 51 DC E8 E2 
 4B 70 E2 E3 1F 35 B6 ED 33 A6 02 E9 AC 91 85 0D 
 BC 2B 7F E8 B5 46 D7 8A 05 7A 83 14 11 2C 87 E8 
 2A AE A9 CD 98 7C 85 23 93 BA 02 F1 DF 25 C6 F3 
 2B E4 17 8E 58 0A 04 14 DF E3 0F 3C 5E 8F A2 DF 
 E9 66 61 EC 4A C9 5A 7D 9F A8 0C AC 79 F7 18 D5 
 BC 8E 66 C5 F3 9E 48 8F 30 8B 74 52 CA 08 89 48 
 1B FB 0E A4 7E 0A 41 7A 88 09 F0 69 3E 57 16 65 
 2D FB 52 06 01 8B 4C 89 A3 40 3C E5 24 8D BB 59 
 DA 60 DF B1 CF 1C 92 66 24 38 21 3B B5 DB B7 F8 
 2F 36 4F FF 49 DD EE 17 A8 06 1F E6 8E E9 BB 78 
 DB 39 7A 64 BD BF E4 F9 39 56 B8 57 8C 46 60 EC 
 D6 63 6B FF 77 0C AD 30 1A AA 14 72 71 F1 60 7A 
 B9 1F 0F A6 38 42 6F 87 B1 E1 30 AD FF EF 30 74 
 73 95 FD 62 93 AF AC 4B F0 09 16 AC 5D 77 30 6D 
 72 16 57 ED 2D 02 47 68 7E D8 93 14 DC 02 3E AD 
 24 2A 17 8A C0 1F 29 80 92 50 09 59 EC B1 F4 7D 
 9C 32 73 53 AD B9 B9 7F 0B 66 A0 75 39 7E 9F 34 
 20 32 4D 0C 9A 69 B4 FB 2C 81 1D 3D 9C FA 28 D0 
 F2 23 13 7E 18 E2 8F 0B 5B D4 7C AE ED B9 2C 32 
 76 37 FB 4A 7D C6 B1 C2 12 65 46 57 64 5D E2 FB 
 6E 47 8C 87 38 80 C2 45 31 6D BD 32 1A FE 82 A0 
 79 BA D9 42 E2 7C EA C8 E3 EB CE A0 8C A7 20 FD 
 72 B1 D5 33 63 A2 2E FE 2F 7D 1B CF C8 96 65 C2 
 6C 6A 5B 34 24 B9 21 1A A4 FE C3 B5 DA C1 29 FD 
 3D 85 45 87 4D 7C 77 0D CE 5A 78 E6 D6 D7 60 6A 
 B8 A2 60 8C 23 ED AB 13 84 44 D3 39 D7 6A 86 48 
 46 D3 08 12 86 65 23 56 84 12 D5 C6 B1 73 95 FE 
 2C EF 68 A6 A7 C7 50 DE 6F EC D6 E0 64 4A 44 78 
 66 D6 71 5A 57 B9 CF CF 22 0F 88 BD C8 D3 46 A0 
 E4 FE 53 26 A1 1D CE 4C 00 69 91 98 0B C5 20 09 
 08 36 E1 E0 D8 85 51 C0 9A 54 55 F5 81 02 84 40 
 26 53 D6 5D B1 23 78 2A 9A 8C C8 D5 59 48 29 94 
 E3 EB D2 E2 5E 74 BB BF 95 55 97 7C 7C 4D D4 B9 
 2E 30 76 ED 09 14 50 52 76 A4 35 80 49 31 AE D1 
 A3 8C C7 94 0F 4F 90 A2 DB D1 64 29 07 A9 76 96 
 B3 00 41 F3 9B E7 D5 90 63 42 CB 48 5C 80 6E A1 
 6E 65 68 C7 DB BC 8E 6B 51 D9 77 57 B1 DA 8F 6D 
 45 B1 B8 B2 C9 FF 0C 90 D3 08 C0 0A 56 05 74 05 
 DB CF 40 E4 62 85 FE AF 9C 04 B8 92 28 8A 52 40 
 2F D0 E5 41 3B BA 4D D7 E7 CC 16 3B 93 04 44 85 
 C6 D0 41 C1 AE 49 5F FF 13 32 20 B0 44 52 02 7F 
 F7 A1 13 1A F9 10 DE A1 49 94 14 F0 3E F9 45 C6 
 D9 11 0C 88 92 63 D1 A7 98 F7 5C C5 63 50 88 74 
 79 50 62 2C CE 2A 2F 2E D2 69 6B A2 12 A1 4C 91 
 F5 5D D0 A8 BF A7 60 0A 36 97 B4 F9 CF B7 F3 86 
 8C FA 37 C2 3A 3E F0 B9 A2 E3 5B 3C EE AB E8 23 
 9B 37 EB 58 53 8A 30 7B 05 F5 01 76 98 8B 2F B1 
 6D 00 B4 92 3E E7 C1 D3 24 89 7F A6 34 05 49 30 
 80 18 3B 17 81 9D A8 44 03 99 BC 9C C0 3C 7D 3E 
 94 39 0B B1 9C 1B A8 30 2E A5 86 67 A8 3B FC 8E 
 DA 50 E8 90 4C 3E 74 63 2F 59 F8 AE ED A1 34 D8 
    IsEnEnabled(0x161 = 'ContextLoad'): 1
 SWTPM_IO_Write: length 14
 80 01 00 00 00 0E 00 00 00 00 80 00 00 00 
 SWTPM_IO_Read: length 14
 80 01 00 00 00 0E 00 00 01 73 80 00 00 00 
    IsEnEnabled(0x173 = 'ReadPublic'): 1
 SWTPM_IO_Write: length 362
 80 01 00 00 01 6A 00 00 00 00 01 16 00 01 00 0B 
 00 06 00 72 00 00 00 10 00 10 08 00 00 00 00 00 
 01 00 E8 C1 FC E4 CF A4 CF D5 01 D1 B2 46 54 D5 
 9D 5D 80 52 E2 B0 BC CC 35 27 BB C6 3D 5C DE BC 
 77 C6 3C EC E7 07 1E B4 0D 82 61 EA 19 21 6D B8 
 01 A8 DD 2A 18 D1 3D 1F 2A 7E F7 CD 47 8C F2 44 
 1C 67 82 61 7B 23 7D C3 5A E8 59 88 6C E1 C2 EB 
 8D 2B 79 79 58 EE DB D5 EB DE 4B 4C 5F 6E 26 49 
 3A 28 1D 2C F9 F4 EF 33 13 4E 8D EA 97 56 2B 8B 
 FC 94 2E 9C F8 CA BA B6 24 31 79 6C 30 37 B1 B7 
 96 D5 08 70 3C F5 82 60 6A 31 4F 22 A5 5B DC D0 
 30 A8 B1 AA 27 ED 42 4F DC F9 A3 FB 05 2C CB 6C 
 2E 15 79 04 BC 7A CA F1 BD 66 5D 50 EE 42 EA D8 
 56 EF 39 35 6D A9 9C 6B B4 78 D3 B7 5E 96 FB 2A 
 B9 1F 97 1E A9 DB 16 73 DD 2B 46 DD D2 3C 9C 6B 
 49 52 9E 11 19 11 C5 F9 F2 79 BA 8D 83 78 CC A3 
 09 0E 81 7A F9 EB 01 B9 31 ED 17 80 F1 1F DE 12 
 A3 1E BB 80 E7 1D 38 59 7D 24 3F E2 1B 9B 65 5E 
 57 F5 00 22 00 0B 93 67 D5 6D B6 E6 9B 99 72 F0 
 D5 89 0D 3E 91 9F EB D3 E7 08 A6 BD 57 44 1F EE 
 64 09 CB 42 7F A0 00 22 00 0B 3B 52 E4 3A 46 07 
 1B 7A 86 A7 68 19 04 54 9A 5C 26 91 5B 9E FC 70 
 90 C8 52 0B 7F 3D D0 17 94 0D 
 SWTPM_IO_Read: length 14
 80 01 00 00 00 0E 00 00 01 62 80 00 00 00 
    IsEnEnabled(0x162 = 'ContextSave'): 1
 SWTPM_IO_Write: length 1232
 80 01 00 00 04 D0 00 00 00 00 00 00 00 00 00 00 
 01 45 80 00 00 00 40 00 00 01 04 B4 00 40 20 1F 
 A3 88 7E 15 F3 7D 8D 79 25 17 01 DD 23 07 0C 3F 
 66 25 36 CA 4D EB B4 9C 7F C8 A5 DF 83 E8 1B D6 
 6D A1 5D 30 F9 44 F5 63 4C F5 87 50 7E 3A 33 8E 
 B2 06 93 8B 58 8D E6 2F BA E8 4E 62 49 09 3A 4C 
 69 42 2A 2D 5B 08 68 A7 44 12 BA BD E2 5E 98 46 
 95 58 E0 6E 52 33 C9 F7 DB AB 13 B4 34 A2 77 E2 
 F4 86 80 DF 87 1A 76 09 11 B0 52 04 2A 24 0D 5E 
 34 A4 8A 87 A7 CC BC 44 5C 1A 32 72 8F A7 E5 0E 
 52 BA 8F 1C 51 71 D0 49 7F 17 AE 5B 70 D7 37 AC 
 FC 1A A2 AF 6A 38 39 C2 61 E4 00 54 02 B1 F4 15 
 C0 BD D8 FB 96 67 F0 58 5A 2C CF 33 A2 9E B0 57 
 BB C2 20 3D 15 E7 66 78 DF F0 01 AD 86 41 D7 E5 
 90 9E F3 C8 21 71 AF 22 20 F4 01 A7 A0 01 B7 A7 
 11 93 7D 87 4F E2 22 3A 25 7B B2 3E D6 28 03 3F 
 A3 D0 75 C2 40 7E 8E AA 29 F0 D9 F5 AC E5 09 E6 
 0E 55 C3 6E 13 89 D5 85 AA 1E FE 5D 7C 75 A6 8E 
 7E FA BC B5 EB 99 ED 9C 1D 34 C3 72 D7 BB E9 D5 
 F7 41 3F A4 93 52 35 CF 33 05 B0 D4 58 5C ED A7 
 E9 1E 2B B1 3A E4 C9 07 38 C7 3A 4F 19 80 51 F4 
 54 62 41 31 23 AD 0B 00 16 C2 71 A8 77 31 27 B1 
 A6 8A BA D0 A8 B8 3E 50 32 3B FE EB 71 59 9A F4 
 D8 A6 85 57 29 73 62 85 E8 DD F3 34 46 86 1F 9E 
 36 FE EE 75 B3 1D 5A 68 92 DE 17 C1 D9 DB D9 1E 
 93 A4 6F 06 5E 37 01 C5 F4 5F 34 D1 38 A2 70 CB 
 59 FE 3C CA 25 34 8D A4 E8 78 4B 30 E2 FB 3E A5 
 3B 33 AE E9 71 66 5C 5A BD C5 83 5D 8D 65 26 58 
 8B D7 AE 6D 0B A4 0C 17 EF A7 E3 11 65 37 8C 97 
 23 91 99 AC A0 67 C9 CC E4 B5 0F BB 2E 7B CB C0 
 BA DD 79 7B AE 37 35 D6 F0 EF 7F 3D 1F 1C 71 A6 
 04 05 7A FA 08 99 3A FD A3 76 21 4A 2A E7 92 B9 
 F4 BA 41 EB 70 E6 E4 9E 28 B3 6B B0 09 8C D9 26 
 DE F9 26 00 CD 51 B5 A4 FC 12 D3 0B F6 72 3B EE 
 69 44 48 1F A1 A0 61 A2 58 88 23 5D 01 1E BD B1 
 21 F3 0E 83 8C F9 49 D9 BF 36 6A 81 3E 37 CB 91 
 B5 FD 1C 5B D5 71 56 27 6C 90 96 E0 48 F0 AB 3E 
 D2 65 DE 6A A6 D3 17 65 44 EA F3 8A 95 95 EC 2E 
 3A D1 03 10 25 7B 4F 4F A9 4D 58 07 33 EF 4E D7 
 EB E7 D6 1B 8B CB E5 36 37 68 C8 1F 77 5B B1 4F 
 16 3A BC 83 AC 60 ED 8D B5 1D C5 4C DA 45 07 A5 
 96 91 36 02 D8 76 AA 6B 8B C3 60 2B 3E F2 77 BE 
 2B 7E DC 6E 0F B3 AB 25 74 B2 1E 27 B7 9E 58 1E 
 97 5F B2 A4 D1 E8 46 28 F4 0D 7F 6A 3D A7 BA 2B 
 CA 26 E0 75 F8 C8 9E 4A 2A 90 47 4E 9F 1B 2F 68 
 DC 56 14 9A D6 00 F8 44 8D 93 37 0C 2C C6 37 E4 
 82 D1 D2 8A C3 5B 18 32 A3 DB 78 DD 53 13 3C E8 
 C1 77 9B 9A 14 3A 9D F0 76 28 33 05 1C 5F 6C B0 
 F7 9C 27 15 BA CD D1 14 A3 F7 B0 B8 F8 2B 31 72 
 8A 69 D2 34 33 E1 BC 63 BA 86 03 86 97 EA 53 9C 
 60 2C A4 4C 15 C8 67 69 E2 26 4F 4D 02 C5 12 0E 
 87 1C 33 5C 71 35 B9 A2 5C 69 61 14 0A 4B F1 A4 
 35 7A B7 D2 EF 06 A1 63 FC 46 65 CC 80 1D 87 2C 
 83 8B 95 FB BE BC 9F B5 47 EF 49 0F 79 90 34 36 
 DB 0E 2F 3D 59 E3 5E 2D 4E 42 CE EA 93 67 31 55 
 D0 AE 47 DE 39 B9 2E 4A 33 11 61 FE 0E 8D 18 81 
 2B DF 01 98 68 6D 5D B8 4E C6 63 39 AB A3 8C D2 
 6C 41 A5 54 5D 26 E1 29 6B 93 A2 91 9E 5E B6 8D 
 E5 DC 8F 80 00 8D E9 D7 38 21 D3 DB 69 65 C4 94 
 9E 26 CE 4E 89 6E 8F 70 1C 67 68 72 06 2A 80 02 
 22 B6 89 96 0E 4E 25 F8 7F 09 C3 D6 FB 1C C4 63 
 6C 37 B9 05 8A 5E DC 42 86 21 5D CF 62 3E 61 3D 
 61 9F C4 D8 2F CE D0 99 CB 9A 32 1A 0E D6 A4 66 
 55 5B 9F B0 10 D3 F6 6C 29 6A FC E2 60 18 DA 7D 
 01 1E 78 2F 53 08 9F 44 8B E0 31 47 05 C8 6C C5 
 1C 3B E8 83 8B C0 02 08 92 0C E4 CE B4 63 43 0B 
 7C 0D A4 F3 AD 25 F1 36 5D 14 5D FB 62 6F 10 2C 
 B7 06 1F A0 26 6C 91 1E DA 3B F8 D3 23 F0 1B D3 
 52 DE 75 16 E9 BC 5D BA 23 D4 83 05 2F 68 B8 E2 
 AA 3C 0A E3 B0 C8 35 CE 2F 61 A3 FE 9F 7C 37 02 
 D4 C6 CE 81 83 69 2C 93 8B 41 C8 78 FA 7F 80 39 
 28 69 BF 54 BF AE D5 3A 2C EB 6F 59 7B C2 42 74 
 1B 92 D0 DC 6C 6C 08 06 7B 38 0E AB F2 67 AA D9 
 BE 1B A6 CD D6 24 40 D0 9D 99 5D D1 54 5D 37 36 
 16 32 F1 05 D2 00 2D BC F5 00 88 29 DD EF 31 B4 
 B5 19 B3 6F 52 3D 5E 93 A4 37 F0 B3 9D 25 21 59 
 DF 04 1B 51 7C 92 3D FB 52 92 70 BC DD 3E EF 8E 
 SWTPM_IO_Read: length 14
 80 01 00 00 00 0E 00 00 01 65 80 00 00 00 
    IsEnEnabled(0x165 = 'FlushContext'): 1
 SWTPM_IO_Write: length 10
 80 01 00 00 00 0A 00 00 00 00 
 SWTPM_IO_Read: length 12
 80 01 00 00 00 0C 00 00 01 7B 00 08 
    IsEnEnabled(0x17b = 'GetRandom'): 1
 SWTPM_IO_Write: length 20
 80 01 00 00 00 14 00 00 00 00 00 08 D1 68 15 B7 
 8A C1 77 B1 
 SWTPM_IO_Read: length 22
 80 01 00 00 00 16 00 00 01 7A 00 00 00 00 00 00 
 00 00 00 00 00 7F 
    IsEnEnabled(0x17a = 'GetCapability'): 1
 SWTPM_IO_Write: length 217
 80 01 00 00 00 D9 00 00 00 00 00 00 00 00 00 00 
 00 00 21 00 01 00 00 00 09 00 03 00 00 00 02 00 
 04 00 00 00 04 00 05 00 00 01 04 00 06 00 00 00 
 02 00 07 00 00 04 04 00 08 00 00 03 0C 00 0A 00 
 00 00 06 00 0B 00 00 00 04 00 0C 00 00 00 04 00 
 0D 00 00 00 04 00 14 00 00 01 01 00 15 00 00 02 
 01 00 16 00 00 01 01 00 17 00 00 02 01 00 18 00 
 00 01 01 00 19 00 00 04 01 00 1A 00 00 01 01 00 
 1B 00 00 05 01 00 1C 00 00 01 01 00 1D 00 00 04 
 01 00 20 00 00 04 04 00 21 00 00 04 04 00 22 00 
 00 04 04 00 23 00 00 00 09 00 25 00 00 00 08 00 
 26 00 00 00 02 00 3F 00 00 01 02 00 40 00 00 02 
 02 00 41 00 00 02 02 00 42 00 00 02 02 00 43 00 
 00 02 02 00 44 00 00 02 02 
 SWTPM_IO_Read: length 59
 80 01 00 00 00 3B 00 00 01 76 40 00 00 07 40 00 
 00 07 00 20 6B 7A 5A 51 87 31 90 FF 71 6F 14 7C 
 B5 68 5D 2A B6 05 20 06 CF DD 91 51 35 0D CB 7A 
 3F 66 91 47 00 00 00 00 10 00 0B 
    IsEnEnabled(0x176 = 'StartAuthSession'): 1
 SWTPM_IO_Write: length 48
 80 01 00 00 00 30 00 00 00 00 02 00 00 00 00 20 
 B2 3A 37 35 3F 42 CE 55 81 9E 99 E3 16 E8 79 D8 
 8E 12 C8 72 38 56 83 9C DB 03 61 ED B7 EC E2 F0 
 SWTPM_IO_Read: length 14
 80 01 00 00 00 0E 00 00 01 62 02 00 00 00 
    IsEnEnabled(0x162 = 'ContextSave'): 1
 SWTPM_IO_Write: length 414
 80 01 00 00 01 9E 00 00 00 00 00 00 00 00 00 00 
 01 15 02 00 00 00 40 00 00 07 01 82 00 40 23 7D 
 9D 02 C8 47 5A 90 17 50 87 B0 23 F8 2B FB C5 B7 
 AE 80 1A 6E 25 35 04 01 8E 70 5A 5A 5D 25 F9 2F 
 DE 4D 93 78 9A 59 1F 0E 6A 07 53 0F 93 A4 30 9D 
 89 3A C8 6F CE A9 67 C4 28 CD F9 61 FD 67 66 86 
 33 6E 21 23 4D 4C 93 D7 0E 6B 46 E2 A9 87 DF EC 
 28 BB 19 15 AE EA 78 8E ED FC 61 6F CB C9 A8 98 
 CD 37 B3 65 38 0C 5B E2 82 14 D7 4F 7F 8A 06 03 
 75 34 EC 57 22 C8 BE 6B B4 26 7C 02 D1 25 96 BB 
 13 9F DF D9 59 C8 3A 3A 25 B8 26 2D 7B E1 DF 83 
 82 D5 0C 19 85 3E EF 81 98 B7 D7 DB EB 13 95 42 
 15 A8 5C E2 3C 93 5E DF 78 B8 FD BF F6 0B E5 8C 
 F6 BC 03 08 00 E4 B2 F5 94 3B 4A B7 67 90 5A 2D 
 96 8F 0C 0D 83 AA EF 0B A8 12 B2 64 FA D3 FD 73 
 0F 18 E9 69 52 3C 9E 2D 6C 2E 2E F3 9E B2 10 CF 
 42 55 B6 E2 33 8A 32 39 19 BF 52 65 42 F9 2E 06 
 AF 2B EB 68 49 8D 8A 8F B3 99 81 34 F4 A3 11 09 
 77 E2 0C D4 18 A9 C3 EB C3 AF 58 BE A5 6A FE 95 
 05 91 90 B6 F0 DC 56 60 B4 61 D2 17 B0 9A BE 09 
 7E 3B C9 EF 9E 32 1E 54 FF 5C 96 EB BF 4D 78 99 
 59 3E C4 84 3C 7B F6 2C 68 2C 38 84 C4 39 27 51 
 11 A6 90 9B 21 BA 1B 87 4D 10 E9 96 E8 9B AE 56 
 F7 DC 78 01 AE 7F 8C 18 64 D5 30 DF 94 D9 12 87 
 26 5B 9B 64 F1 46 7D 70 C1 D4 A8 D9 B7 6F 47 72 
 5C EB D1 68 54 5B D3 F2 A7 C1 50 3B 84 32 
 SWTPM_IO_Read: length 414
 80 01 00 00 01 9E 00 00 01 61 00 00 00 00 00 00 
 01 15 02 00 00 00 40 00 00 07 01 82 00 40 23 7D 
 9D 02 C8 47 5A 90 17 50 87 B0 23 F8 2B FB C5 B7 
 AE 80 1A 6E 25 35 04 01 8E 70 5A 5A 5D 25 F9 2F 
 DE 4D 93 78 9A 59 1F 0E 6A 07 53 0F 93 A4 30 9D 
 89 3A C8 6F CE A9 67 C4 28 CD F9 61 FD 67 66 86 
 33 6E 21 23 4D 4C 93 D7 0E 6B 46 E2 A9 87 DF EC 
 28 BB 19 15 AE EA 78 8E ED FC 61 6F CB C9 A8 98 
 CD 37 B3 65 38 0C 5B E2 82 14 D7 4F 7F 8A 06 03 
 75 34 EC 57 22 C8 BE 6B B4 26 7C 02 D1 25 96 BB 
 13 9F DF D9 59 C8 3A 3A 25 B8 26 2D 7B E1 DF 83 
 82 D5 0C 19 85 3E EF 81 98 B7 D7 DB EB 13 95 42 
 15 A8 5C E2 3C 93 5E DF 78 B8 FD BF F6 0B E5 8C 
 F6 BC 03 08 00 E4 B2 F5 94 3B 4A B7 67 90 5A 2D 
 96 8F 0C 0D 83 AA EF 0B A8 12 B2 64 FA D3 FD 73 
 0F 18 E9 69 52 3C 9E 2D 6C 2E 2E F3 9E B2 10 CF 
 42 55 B6 E2 33 8A 32 39 19 BF 52 65 42 F9 2E 06 
 AF 2B EB 68 49 8D 8A 8F B3 99 81 34 F4 A3 11 09 
 77 E2 0C D4 18 A9 C3 EB C3 AF 58 BE A5 6A FE 95 
 05 91 90 B6 F0 DC 56 60 B4 61 D2 17 B0 9A BE 09 
 7E 3B C9 EF 9E 32 1E 54 FF 5C 96 EB BF 4D 78 99 
 59 3E C4 84 3C 7B F6 2C 68 2C 38 84 C4 39 27 51 
 11 A6 90 9B 21 BA 1B 87 4D 10 E9 96 E8 9B AE 56 
 F7 DC 78 01 AE 7F 8C 18 64 D5 30 DF 94 D9 12 87 
 26 5B 9B 64 F1 46 7D 70 C1 D4 A8 D9 B7 6F 47 72 
 5C EB D1 68 54 5B D3 F2 A7 C1 50 3B 84 32 
    IsEnEnabled(0x161 = 'ContextLoad'): 1
 SWTPM_IO_Write: length 14
 80 01 00 00 00 0E 00 00 00 00 02 00 00 00 
 SWTPM_IO_Read: length 1232
 80 01 00 00 04 D0 00 00 01 61 00 00 00 00 00 00 
 01 41 80 00 00 00 40 00 00 01 04 B4 00 40 7F A4 
 06 F4 CD 03 9A CF A0 E2 36 1B CA A6 F4 81 30 8A 
 D9 DF C5 17 37 6D 06 B9 AC 16 DA F7 A5 99 9A FA 
 CE A7 08 89 C1 00 3D F5 0C AC 76 CF 54 15 01 80 
 25 E6 51 0D AE 46 84 71 5E B1 E5 96 BD 05 5E 61 
 BF C6 04 0F 7F 79 06 0D 96 83 D1 9A 8A 74 CA 68 
 F7 2E 6A 80 6E 56 4A F6 EA 31 FD 0D C1 08 09 93 
 C9 A4 48 85 AC 46 A7 AD 39 33 7C E9 5D 37 29 66 
 A9 D7 25 92 4D BF 1F 00 CF E8 FB ED D4 6C CC DF 
 9B 5A D3 BE 89 A8 59 5B 3E 2D 1D 87 CD 90 B2 68 
 90 89 31 3E 4E 7E 21 64 30 B8 AD EE 46 79 6C 5F 
 18 6E 3F B3 66 5A 93 1E AB A1 21 4E 8B DB ED 4F 
 70 01 1C FB 29 62 42 F2 4B 25 6D 19 AD 27 CA CA 
 FB C3 8E 23 9A B4 5D E9 F1 EA 98 79 2B BC 3B 03 
 47 A8 99 AE 10 DB 4C EE 7C 43 9C BC F4 E7 CF 5D 
 4C 4C C1 CC 1B AB 48 59 63 A0 08 96 FD 99 7E E9 
 E1 C7 DD 2A FC 69 12 3C 0F 07 BE BE 12 00 C1 38 
 6B 5C 22 F3 96 5B 62 B9 EE EF D7 02 99 A3 1D 11 
 B2 18 07 DF DD A1 77 E2 2C C0 BB 60 79 E9 6C B6 
 04 D9 E4 B0 FE 29 FF 93 05 56 80 A1 FB 5F 11 88 
 3C 2C 11 9A EF EC 36 35 17 A0 D1 09 D2 A9 1C 9F 
 5E 7B 67 38 19 B8 C5 73 00 9F 80 87 C2 F7 54 18 
 B3 0E AD AC 78 55 E6 D1 B1 26 A8 94 88 26 79 B0 
 20 DF C1 2B 47 76 0D 82 B2 B7 E7 E2 95 0B DE 85 
 80 11 15 5D 25 F7 1B A8 BB 59 43 C7 96 70 DB B2 
 5C 3C 6D 16 C6 0B D4 AE 4C 32 48 76 7E BA DD 3C 
 06 36 37 C5 FB 7D F2 07 5B 2D 95 06 B9 75 21 86 
 B4 2B 3A 86 31 1E 9F CE E9 C8 D1 BD C1 7D 15 5E 
 00 DC FE C0 98 0D B8 47 CF DA 22 10 1A 76 D8 F7 
 39 4D 71 B3 38 48 EC 74 42 64 9D 17 AC F6 57 D9 
 19 EA 18 23 8D BC AB 27 25 3F 30 5F 4F 24 74 F2 
 CB 0D D9 62 BF 79 02 B7 B6 99 7E 84 B2 5C BB B8 
 A5 A8 A1 58 41 7E 30 79 07 B8 DE 2E 2B 43 76 07 
 A9 AD C9 2D 17 26 56 C5 21 32 DF 95 2C 77 18 55 
 66 03 12 4B DC A5 AE 85 CB 2E C8 40 D8 27 C7 F4 
 DF A7 3E 3A 45 8A 3F 85 19 28 7A AA 30 D2 E7 40 
 82 E3 3A 7F BE 88 1A 7B EE 89 E6 BB CA D7 73 E5 
 7B B8 1B 17 F6 1E F8 4E 70 CE 77 7F 77 D3 52 65 
 61 1D 3B D3 7A A6 E7 9D C1 F9 2A 52 C9 C3 3D 4F 
 DF 8E 61 89 D5 02 2F 93 51 F3 B9 AE 06 22 ED 00 
 F7 33 9D 20 1B 9D 22 5F B8 0C E0 35 6B C5 24 64 
 7A D9 0B 09 8C A3 A4 FA C9 08 D6 AE E0 EE 25 4E 
 89 48 B7 34 C5 9D AA 3C C5 1B 54 0D 6C D6 17 D3 
 53 BB 39 14 C1 31 70 4D 99 36 83 D4 9E 3D 0D ED 
 8A 61 D2 67 5E 2B 14 14 09 36 35 99 FC 1A B8 68 
 57 28 53 8C CF F0 97 14 7F 90 60 A5 78 E3 62 82 
 CB 1B 2A 5D B4 32 04 9B 96 AE B3 37 6F 33 1E 7F 
 86 67 D2 A1 84 9E 33 7D 17 87 34 F9 43 BE A3 DF 
 25 EB 2D 88 4B 95 E7 C7 4D 94 84 5B 3F E7 74 25 
 BF 59 C7 B2 59 CE AC 7A C0 51 06 60 46 2A 7B D5 
 78 BF 24 D0 AC 36 88 39 44 63 01 BB 22 EE 90 CA 
 54 64 CB 31 D8 BD 0D 17 96 E9 56 94 E0 D9 22 33 
 39 95 0B 9E 03 28 D3 46 6E CB B5 C5 65 1A CE 7E 
 BC 89 E0 CE 8C 55 3F 96 01 3F E9 5E 90 73 7C 4C 
 41 BE 0E 3A 6B 03 08 C3 02 2C 06 F5 1A AB BD B3 
 A7 53 26 81 51 F0 B1 9A E8 BE 7F 2A 0A 55 02 0A 
 56 1D DE 12 83 C8 67 46 4C 74 33 81 36 13 3D 8C 
 90 2F 42 72 CE 3E 1E C0 2F 92 B6 EE B6 87 DD A6 
 13 67 3E 28 8F AF 0C F5 C9 26 71 A2 12 C2 1F 88 
 12 A6 F5 83 4B 1C 23 33 42 20 09 3E B8 79 22 19 
 F3 D0 E8 DB 82 B2 19 86 AA F7 6D 72 FD 13 B0 C7 
 16 E3 B9 A6 9B 6B 13 5F 6C 41 EC 0E D5 6F 7E B5 
 39 A8 23 4D BB 4D 79 2C EB 6B 1A FE 59 51 ED CE 
 1B AD 6A 99 55 67 F6 4E 3C AA FD 42 4A AB BA 0C 
 79 9E A9 0A 8C 6A B2 53 B7 C3 2E F9 D6 31 F1 7F 
 5C 51 56 75 93 8E A0 00 00 63 26 E6 71 BE DE 39 
 E9 19 42 1F 85 08 29 45 63 DB 96 64 08 78 65 E0 
 2B 3F 4F CF F0 89 1A A1 19 90 3F 6B 0E 41 F6 D4 
 32 87 4D 3C E7 D5 99 0C 16 D0 AA D2 4A C2 DF D7 
 93 81 A0 F5 36 B9 FB BA 4A 49 B2 A0 8B 24 34 86 
 67 E7 4A 49 9D 13 9D 04 FE 0C 20 81 72 18 AA B6 
 E8 BF E4 CB 72 D1 1A B2 CA 05 29 1C 04 B2 5D D9 
 2E 27 52 C3 18 AB B4 92 A8 9B D9 D8 96 DD DB 38 
 2A 25 80 73 8E 02 20 2C BA 50 4E ED 63 6E 7A B9 
 22 CD BE 87 73 38 AE A6 1A 97 9E 8B 96 4D BC 7F 
 1B 9C F3 AE E7 7E BF 9F F2 C6 E2 11 2E BF E7 AA 
    IsEnEnabled(0x161 = 'ContextLoad'): 1
 SWTPM_IO_Write: length 14
 80 01 00 00 00 0E 00 00 00 00 80 00 00 00 
 SWTPM_IO_Read: length 14
 80 01 00 00 00 0E 00 00 01 62 80 00 00 00 
    IsEnEnabled(0x162 = 'ContextSave'): 1
 SWTPM_IO_Write: length 1232
 80 01 00 00 04 D0 00 00 00 00 00 00 00 00 00 00 
 01 46 80 00 00 00 40 00 00 01 04 B4 00 40 65 34 
 99 29 31 28 05 71 FE B1 BA BA 2C A3 CB 5F AA B5 
 F0 57 EB 59 71 F1 29 16 4A A6 3F B8 6F CE B0 AB 
 25 BA 22 EF E6 49 E5 38 35 08 E1 B2 F3 12 6C 19 
 B8 63 D1 80 30 EA 45 F4 9D 1F 84 20 1A E4 AB E8 
 BC 2A 94 C6 1E 37 A5 A0 83 4D 5B 00 D4 2A B4 2A 
 FD 11 54 0F 8F F6 F1 88 BF CC 9B 1A 39 60 71 8C 
 C4 19 9F 6F E0 D1 E8 FF 41 9D CB 40 1E D7 C0 A4 
 7A 74 46 D4 0A F8 57 DF 45 0C A4 3A 33 DF D1 2E 
 93 F7 37 9B B4 01 2E 04 A7 D9 2A 3C E4 76 0C 11 
 77 66 89 07 2E 51 CE 4E F1 5D 38 80 7E 2A 61 40 
 FD 48 8F 70 7C AF 6E 14 CA AC 09 1E D0 21 A4 68 
 E0 AD FE 34 D7 C8 F6 BE BB 2B 4B A1 0D CB 1A 99 
 E3 67 7D 17 FB A1 D7 3D 9E F0 7B F1 B0 48 72 BA 
 AA E3 F5 22 7E 52 A3 AB DC E4 54 54 5C 0C CB A2 
 DC C3 9E 96 41 0B 00 ED BD AD FE FB 06 87 7F 3D 
 E8 AD D1 90 25 41 B0 D2 8E 62 AF 1F C9 38 88 9B 
 43 32 5C 20 DD 62 54 87 6C 47 25 BB 51 0E 95 D4 
 DE 51 5C B8 59 9D 57 57 A7 5A C7 D5 C1 33 86 0C 
 87 7A 5B 3C 06 6B E5 47 EA 1B FB 62 29 E4 2E 08 
 E0 3B 7D 12 5C FD CC B2 75 DC 4D D1 7F 04 B6 62 
 C1 07 31 55 A2 02 69 60 98 D9 7D 1D 7D E0 71 66 
 83 B6 16 66 E4 FB F3 4F 1E DA 82 2F B9 88 D7 90 
 7A FB F6 F1 50 98 83 15 F4 9A 48 94 33 C9 60 0E 
 2A ED BF 03 81 92 62 D7 45 E6 68 DB C9 87 05 41 
 6F 56 24 85 C0 70 F4 4B FB 16 31 58 41 55 43 A2 
 D9 0D FE E6 7A EA A6 EA 8C 5B 48 0B DC AA 62 0B 
 AF 28 C1 61 34 A8 14 00 D4 AF A9 4D D3 C7 E9 C9 
 82 DA 15 8D E2 64 AD D5 B1 3D 24 84 EC 98 1B 15 
 16 F7 58 0D 88 EB 9A ED EE 1A C3 BB FC 0E 49 ED 
 04 35 8A A9 B0 B0 FC A8 FB EC 0B 97 3D D0 71 B3 
 AB 3E 25 0A 2A 24 67 A1 21 84 A8 46 E4 CB 05 C2 
 67 2D 48 FE E1 1B 14 E6 F7 DC 40 5E 5B 77 0C E4 
 56 9B C3 A0 11 CA CD EC 8A E7 C7 56 0D B1 A3 7A 
 AB 4D 7B 0D 2A 11 35 2C D1 F5 01 DF BB 6F 29 40 
 4A 0F A5 FB 96 9D AB 0D F4 42 3C 2D E6 B9 7D D9 
 A4 78 E6 D9 C7 9B 3E 5C E8 EC BF 86 38 B2 3E 9A 
 4B BA 11 D1 3F 3A 4A BF E8 31 62 5D BA 66 A8 FC 
 59 DE 65 FB 0A 25 56 51 C9 47 5E C2 B0 75 2E 53 
 F7 A2 DC 22 F3 B2 47 6C AC C8 E7 46 B5 8A 96 23 
 8D FB F2 84 69 AA 9F 94 FC 76 30 AB B2 50 11 55 
 80 58 13 B6 4F 7C D4 29 A8 4C BF 89 C3 18 51 85 
 03 04 E9 16 AD 79 92 1C F0 1D 80 19 27 E8 AE 15 
 9F 73 C5 DB 02 13 69 9E CE 74 E0 B7 8A 38 84 AA 
 F7 BE A7 14 30 5B 05 57 8F F8 64 94 5A 66 FB 82 
 A9 34 53 F9 07 C8 2D 1E F0 1B 4E 3B 12 06 D6 F6 
 3A 4A EC B8 28 81 F4 D5 5B A8 61 60 90 99 50 A0 
 6E 4D 64 8A C3 C8 BF FB 19 FB 50 66 24 9E BE 4C 
 D9 4D 38 A8 15 31 6D 23 5E 47 6F C8 02 0B 40 59 
 F7 2B C2 DB F6 FA 37 1A 74 B9 DC 20 07 13 A1 40 
 7C E9 06 B1 F1 21 29 4E C2 FF 43 07 A1 50 63 F9 
 26 A1 76 03 62 DF 1C D7 F5 FB 62 72 80 06 9E 66 
 97 4A 57 89 1F 88 4A B8 FC 53 F9 07 F5 3B 2A B0 
 02 D1 9B C5 D6 C0 B0 28 68 57 59 FD B3 79 78 BD 
 E9 08 C0 93 04 D8 E9 A8 49 43 B0 FC 88 D5 F7 D7 
 A3 39 6F 9D 2D 33 8B 7A 7A 76 09 CB 3B 9C 64 8A 
 99 81 B2 DA 7F 9C 1F 60 EE D2 06 28 94 6C 4F C1 
 ED C1 25 2D 38 0F 72 53 FA 1D 4D 4B 19 1C F9 41 
 81 62 61 A3 43 38 72 80 01 3E 18 60 84 15 A7 D8 
 E4 85 03 8F 9F 76 32 58 63 DF 0E 2E 65 7C 1D D8 
 DA 4D 49 3A D9 C7 F9 F2 1D 32 CB 40 D8 91 91 54 
 2C 0A 62 6A 05 90 4A 52 09 E7 74 A0 0E E2 47 24 
 A7 84 01 62 98 88 15 6E F9 51 2B 5E 09 15 7E 17 
 C6 A7 A1 3B D4 34 6F 8E 43 FB 65 DE 8D AA C0 7B 
 06 5F A7 17 BD 51 03 D6 60 24 BB E1 94 85 F3 55 
 83 3D 7D 8D 8C 13 C4 D8 07 A8 8F A7 94 CA 3F 17 
 08 6A 7B A5 CA B8 90 C6 90 43 CA BF E8 DA 25 60 
 7D 73 4C 68 E5 5F B7 50 1C 33 70 29 78 53 52 D3 
 A0 08 86 8B 7A 3D E3 F7 25 A3 E5 9E 0D E6 1A 43 
 7B F6 55 DC A5 9A A7 00 33 3B 76 76 40 7F 85 7F 
 A4 E1 C8 1B CB 21 63 AD 07 79 44 25 38 E8 9A 79 
 65 01 3C 8B 1E AB 8D 5A 08 D0 8C B8 E6 6F 00 10 
 9E F4 32 E8 3F 4F 6E E0 AF 78 EE 08 0D 56 D1 B4 
 BB 1C 60 BE 26 36 79 90 82 86 99 85 14 68 A6 3F 
 6F DD A3 C6 D0 A4 39 1C 90 C1 D6 34 D1 EE A3 89 
 A6 CA 1E 2D 66 0D DF 40 98 9C 33 D7 2F E2 E0 67 
 SWTPM_IO_Read: length 14
 80 01 00 00 00 0E 00 00 01 65 80 00 00 00 
    IsEnEnabled(0x165 = 'FlushContext'): 1
 SWTPM_IO_Write: length 10
 80 01 00 00 00 0A 00 00 00 00 
 SWTPM_IO_Read: length 14
 80 01 00 00 00 0E 00 00 01 62 02 00 00 00 
    IsEnEnabled(0x162 = 'ContextSave'): 1
 SWTPM_IO_Write: length 414
 80 01 00 00 01 9E 00 00 00 00 00 00 00 00 00 00 
 01 16 02 00 00 00 40 00 00 07 01 82 00 40 6F FD 
 80 FF 23 F7 08 68 9E B2 E0 76 DB 13 50 3F 1B EF 
 E0 A4 C6 AF 86 21 ED 8D E4 78 6D 2B 3A 9D 8C FE 
 1E 34 CB 77 E9 4B DD B8 D5 E7 FD D2 47 76 30 30 
 AE 4E 1B D7 4C 1D 34 13 50 62 9D 10 A9 5A 99 C9 
 C0 97 18 4B 33 E1 87 AB BC 1C 21 3E 7B 4F 03 16 
 C4 F6 F0 93 72 35 86 92 6C 1F 93 3E 1A F4 18 33 
 27 CA 7F F2 62 76 90 10 D5 DC 88 41 11 CB EC BE 
 5B 64 58 E9 79 8A CE A1 0D EA 0A 0E 11 EE D6 28 
 E6 DE 4C B5 2E 13 7C BB 34 B4 30 E7 A0 49 F9 18 
 02 A3 EA 12 B5 C5 3E 20 10 0F 70 05 5A B1 7B 3C 
 9E 7A 0D 92 30 58 57 52 E9 92 CE 56 DB 7E 9B 8F 
 BD 93 5B D1 28 EA B2 1E 6C C0 5F 34 AD E2 8E A5 
 A1 CD 54 1B 4F 6C D2 43 37 1B 7C 32 92 1C 48 D6 
 13 B2 CF EC 77 EE 1A 5C 75 1A 07 B8 35 AC A6 CB 
 6C 4E 62 B0 13 3D 6C 68 83 0D 67 1C CB FF B5 A2 
 A6 FD 3B 1A 4E D0 FA B4 52 5D 3A AF 9A 6F E4 19 
 5D 6F A0 CB 6A 6D 1F 95 04 30 FE 56 50 07 32 7C 
 2B 46 53 A6 C5 63 D2 4F F6 BE 1A 60 27 05 6B 24 
 46 29 EB C1 B3 3F 61 DE A3 34 95 EB FE C0 10 0A 
 89 12 5A 0E 23 77 C6 B9 B7 FC 99 E1 AF D6 D4 2F 
 92 C7 59 2D AC CA 15 5E 72 63 B2 71 A4 2E 84 C7 
 8F F2 92 6C 72 56 8B 87 57 10 E8 B5 34 40 96 83 
 57 27 9E E9 D6 3F 5C 63 C9 90 22 D4 4E 03 C6 5B 
 26 6A AD 6A 36 D6 0C 23 07 B1 39 57 E7 A9 
 SWTPM_IO_Read: length 1232
 80 01 00 00 04 D0 00 00 01 61 00 00 00 00 00 00 
 01 46 80 00 00 00 40 00 00 01 04 B4 00 40 65 34 
 99 29 31 28 05 71 FE B1 BA BA 2C A3 CB 5F AA B5 
 F0 57 EB 59 71 F1 29 16 4A A6 3F B8 6F CE B0 AB 
 25 BA 22 EF E6 49 E5 38 35 08 E1 B2 F3 12 6C 19 
 B8 63 D1 80 30 EA 45 F4 9D 1F 84 20 1A E4 AB E8 
 BC 2A 94 C6 1E 37 A5 A0 83 4D 5B 00 D4 2A B4 2A 
 FD 11 54 0F 8F F6 F1 88 BF CC 9B 1A 39 60 71 8C 
 C4 19 9F 6F E0 D1 E8 FF 41 9D CB 40 1E D7 C0 A4 
 7A 74 46 D4 0A F8 57 DF 45 0C A4 3A 33 DF D1 2E 
 93 F7 37 9B B4 01 2E 04 A7 D9 2A 3C E4 76 0C 11 
 77 66 89 07 2E 51 CE 4E F1 5D 38 80 7E 2A 61 40 
 FD 48 8F 70 7C AF 6E 14 CA AC 09 1E D0 21 A4 68 
 E0 AD FE 34 D7 C8 F6 BE BB 2B 4B A1 0D CB 1A 99 
 E3 67 7D 17 FB A1 D7 3D 9E F0 7B F1 B0 48 72 BA 
 AA E3 F5 22 7E 52 A3 AB DC E4 54 54 5C 0C CB A2 
 DC C3 9E 96 41 0B 00 ED BD AD FE FB 06 87 7F 3D 
 E8 AD D1 90 25 41 B0 D2 8E 62 AF 1F C9 38 88 9B 
 43 32 5C 20 DD 62 54 87 6C 47 25 BB 51 0E 95 D4 
 DE 51 5C B8 59 9D 57 57 A7 5A C7 D5 C1 33 86 0C 
 87 7A 5B 3C 06 6B E5 47 EA 1B FB 62 29 E4 2E 08 
 E0 3B 7D 12 5C FD CC B2 75 DC 4D D1 7F 04 B6 62 
 C1 07 31 55 A2 02 69 60 98 D9 7D 1D 7D E0 71 66 
 83 B6 16 66 E4 FB F3 4F 1E DA 82 2F B9 88 D7 90 
 7A FB F6 F1 50 98 83 15 F4 9A 48 94 33 C9 60 0E 
 2A ED BF 03 81 92 62 D7 45 E6 68 DB C9 87 05 41 
 6F 56 24 85 C0 70 F4 4B FB 16 31 58 41 55 43 A2 
 D9 0D FE E6 7A EA A6 EA 8C 5B 48 0B DC AA 62 0B 
 AF 28 C1 61 34 A8 14 00 D4 AF A9 4D D3 C7 E9 C9 
 82 DA 15 8D E2 64 AD D5 B1 3D 24 84 EC 98 1B 15 
 16 F7 58 0D 88 EB 9A ED EE 1A C3 BB FC 0E 49 ED 
 04 35 8A A9 B0 B0 FC A8 FB EC 0B 97 3D D0 71 B3 
 AB 3E 25 0A 2A 24 67 A1 21 84 A8 46 E4 CB 05 C2 
 67 2D 48 FE E1 1B 14 E6 F7 DC 40 5E 5B 77 0C E4 
 56 9B C3 A0 11 CA CD EC 8A E7 C7 56 0D B1 A3 7A 
 AB 4D 7B 0D 2A 11 35 2C D1 F5 01 DF BB 6F 29 40 
 4A 0F A5 FB 96 9D AB 0D F4 42 3C 2D E6 B9 7D D9 
 A4 78 E6 D9 C7 9B 3E 5C E8 EC BF 86 38 B2 3E 9A 
 4B BA 11 D1 3F 3A 4A BF E8 31 62 5D BA 66 A8 FC 
 59 DE 65 FB 0A 25 56 51 C9 47 5E C2 B0 75 2E 53 
 F7 A2 DC 22 F3 B2 47 6C AC C8 E7 46 B5 8A 96 23 
 8D FB F2 84 69 AA 9F 94 FC 76 30 AB B2 50 11 55 
 80 58 13 B6 4F 7C D4 29 A8 4C BF 89 C3 18 51 85 
 03 04 E9 16 AD 79 92 1C F0 1D 80 19 27 E8 AE 15 
 9F 73 C5 DB 02 13 69 9E CE 74 E0 B7 8A 38 84 AA 
 F7 BE A7 14 30 5B 05 57 8F F8 64 94 5A 66 FB 82 
 A9 34 53 F9 07 C8 2D 1E F0 1B 4E 3B 12 06 D6 F6 
 3A 4A EC B8 28 81 F4 D5 5B A8 61 60 90 99 50 A0 
 6E 4D 64 8A C3 C8 BF FB 19 FB 50 66 24 9E BE 4C 
 D9 4D 38 A8 15 31 6D 23 5E 47 6F C8 02 0B 40 59 
 F7 2B C2 DB F6 FA 37 1A 74 B9 DC 20 07 13 A1 40 
 7C E9 06 B1 F1 21 29 4E C2 FF 43 07 A1 50 63 F9 
 26 A1 76 03 62 DF 1C D7 F5 FB 62 72 80 06 9E 66 
 97 4A 57 89 1F 88 4A B8 FC 53 F9 07 F5 3B 2A B0 
 02 D1 9B C5 D6 C0 B0 28 68 57 59 FD B3 79 78 BD 
 E9 08 C0 93 04 D8 E9 A8 49 43 B0 FC 88 D5 F7 D7 
 A3 39 6F 9D 2D 33 8B 7A 7A 76 09 CB 3B 9C 64 8A 
 99 81 B2 DA 7F 9C 1F 60 EE D2 06 28 94 6C 4F C1 
 ED C1 25 2D 38 0F 72 53 FA 1D 4D 4B 19 1C F9 41 
 81 62 61 A3 43 38 72 80 01 3E 18 60 84 15 A7 D8 
 E4 85 03 8F 9F 76 32 58 63 DF 0E 2E 65 7C 1D D8 
 DA 4D 49 3A D9 C7 F9 F2 1D 32 CB 40 D8 91 91 54 
 2C 0A 62 6A 05 90 4A 52 09 E7 74 A0 0E E2 47 24 
 A7 84 01 62 98 88 15 6E F9 51 2B 5E 09 15 7E 17 
 C6 A7 A1 3B D4 34 6F 8E 43 FB 65 DE 8D AA C0 7B 
 06 5F A7 17 BD 51 03 D6 60 24 BB E1 94 85 F3 55 
 83 3D 7D 8D 8C 13 C4 D8 07 A8 8F A7 94 CA 3F 17 
 08 6A 7B A5 CA B8 90 C6 90 43 CA BF E8 DA 25 60 
 7D 73 4C 68 E5 5F B7 50 1C 33 70 29 78 53 52 D3 
 A0 08 86 8B 7A 3D E3 F7 25 A3 E5 9E 0D E6 1A 43 
 7B F6 55 DC A5 9A A7 00 33 3B 76 76 40 7F 85 7F 
 A4 E1 C8 1B CB 21 63 AD 07 79 44 25 38 E8 9A 79 
 65 01 3C 8B 1E AB 8D 5A 08 D0 8C B8 E6 6F 00 10 
 9E F4 32 E8 3F 4F 6E E0 AF 78 EE 08 0D 56 D1 B4 
 BB 1C 60 BE 26 36 79 90 82 86 99 85 14 68 A6 3F 
 6F DD A3 C6 D0 A4 39 1C 90 C1 D6 34 D1 EE A3 89 
 A6 CA 1E 2D 66 0D DF 40 98 9C 33 D7 2F E2 E0 67 
    IsEnEnabled(0x161 = 'ContextLoad'): 1
 SWTPM_IO_Write: length 14
 80 01 00 00 00 0E 00 00 00 00 80 00 00 00 
 SWTPM_IO_Read: length 414
 80 01 00 00 01 9E 00 00 01 61 00 00 00 00 00 00 
 01 16 02 00 00 00 40 00 00 07 01 82 00 40 6F FD 
 80 FF 23 F7 08 68 9E B2 E0 76 DB 13 50 3F 1B EF 
 E0 A4 C6 AF 86 21 ED 8D E4 78 6D 2B 3A 9D 8C FE 
 1E 34 CB 77 E9 4B DD B8 D5 E7 FD D2 47 76 30 30 
 AE 4E 1B D7 4C 1D 34 13 50 62 9D 10 A9 5A 99 C9 
 C0 97 18 4B 33 E1 87 AB BC 1C 21 3E 7B 4F 03 16 
 C4 F6 F0 93 72 35 86 92 6C 1F 93 3E 1A F4 18 33 
 27 CA 7F F2 62 76 90 10 D5 DC 88 41 11 CB EC BE 
 5B 64 58 E9 79 8A CE A1 0D EA 0A 0E 11 EE D6 28 
 E6 DE 4C B5 2E 13 7C BB 34 B4 30 E7 A0 49 F9 18 
 02 A3 EA 12 B5 C5 3E 20 10 0F 70 05 5A B1 7B 3C 
 9E 7A 0D 92 30 58 57 52 E9 92 CE 56 DB 7E 9B 8F 
 BD 93 5B D1 28 EA B2 1E 6C C0 5F 34 AD E2 8E A5 
 A1 CD 54 1B 4F 6C D2 43 37 1B 7C 32 92 1C 48 D6 
 13 B2 CF EC 77 EE 1A 5C 75 1A 07 B8 35 AC A6 CB 
 6C 4E 62 B0 13 3D 6C 68 83 0D 67 1C CB FF B5 A2 
 A6 FD 3B 1A 4E D0 FA B4 52 5D 3A AF 9A 6F E4 19 
 5D 6F A0 CB 6A 6D 1F 95 04 30 FE 56 50 07 32 7C 
 2B 46 53 A6 C5 63 D2 4F F6 BE 1A 60 27 05 6B 24 
 46 29 EB C1 B3 3F 61 DE A3 34 95 EB FE C0 10 0A 
 89 12 5A 0E 23 77 C6 B9 B7 FC 99 E1 AF D6 D4 2F 
 92 C7 59 2D AC CA 15 5E 72 63 B2 71 A4 2E 84 C7 
 8F F2 92 6C 72 56 8B 87 57 10 E8 B5 34 40 96 83 
 57 27 9E E9 D6 3F 5C 63 C9 90 22 D4 4E 03 C6 5B 
 26 6A AD 6A 36 D6 0C 23 07 B1 39 57 E7 A9 
    IsEnEnabled(0x161 = 'ContextLoad'): 1
 SWTPM_IO_Write: length 14
 80 01 00 00 00 0E 00 00 00 00 02 00 00 00 
 SWTPM_IO_Read: length 14
 80 01 00 00 00 0E 00 00 01 73 80 00 00 00 
    IsEnEnabled(0x173 = 'ReadPublic'): 1
 SWTPM_IO_Write: length 362
 80 01 00 00 01 6A 00 00 00 00 01 16 00 01 00 0B 
 00 06 00 72 00 00 00 10 00 10 08 00 00 00 00 00 
 01 00 E8 C1 FC E4 CF A4 CF D5 01 D1 B2 46 54 D5 
 9D 5D 80 52 E2 B0 BC CC 35 27 BB C6 3D 5C DE BC 
 77 C6 3C EC E7 07 1E B4 0D 82 61 EA 19 21 6D B8 
 01 A8 DD 2A 18 D1 3D 1F 2A 7E F7 CD 47 8C F2 44 
 1C 67 82 61 7B 23 7D C3 5A E8 59 88 6C E1 C2 EB 
 8D 2B 79 79 58 EE DB D5 EB DE 4B 4C 5F 6E 26 49 
 3A 28 1D 2C F9 F4 EF 33 13 4E 8D EA 97 56 2B 8B 
 FC 94 2E 9C F8 CA BA B6 24 31 79 6C 30 37 B1 B7 
 96 D5 08 70 3C F5 82 60 6A 31 4F 22 A5 5B DC D0 
 30 A8 B1 AA 27 ED 42 4F DC F9 A3 FB 05 2C CB 6C 
 2E 15 79 04 BC 7A CA F1 BD 66 5D 50 EE 42 EA D8 
 56 EF 39 35 6D A9 9C 6B B4 78 D3 B7 5E 96 FB 2A 
 B9 1F 97 1E A9 DB 16 73 DD 2B 46 DD D2 3C 9C 6B 
 49 52 9E 11 19 11 C5 F9 F2 79 BA 8D 83 78 CC A3 
 09 0E 81 7A F9 EB 01 B9 31 ED 17 80 F1 1F DE 12 
 A3 1E BB 80 E7 1D 38 59 7D 24 3F E2 1B 9B 65 5E 
 57 F5 00 22 00 0B 93 67 D5 6D B6 E6 9B 99 72 F0 
 D5 89 0D 3E 91 9F EB D3 E7 08 A6 BD 57 44 1F EE 
 64 09 CB 42 7F A0 00 22 00 0B 3B 52 E4 3A 46 07 
 1B 7A 86 A7 68 19 04 54 9A 5C 26 91 5B 9E FC 70 
 90 C8 52 0B 7F 3D D0 17 94 0D 
 SWTPM_IO_Read: length 14
 80 01 00 00 00 0E 00 00 01 62 80 00 00 00 
    IsEnEnabled(0x162 = 'ContextSave'): 1
 SWTPM_IO_Write: length 1232
 80 01 00 00 04 D0 00 00 00 00 00 00 00 00 00 00 
 01 47 80 00 00 00 40 00 00 01 04 B4 00 40 B5 14 
 92 4D 3C 93 EB F6 E1 0C A7 AC CA 70 08 75 B3 33 
 FC C6 0C 6A C1 0E 97 6F D9 2A 6B AC A7 43 EF 6A 
 B6 2D 5F 5E 38 62 C4 7A AD CE CF B1 F9 41 15 6A 
 35 E3 1B A5 FE D5 2E AB BC F2 B9 AA 25 AB 8B D8 
 FC 97 4B C1 B7 1A C8 49 1B B5 0D 71 75 37 72 17 
 04 00 81 68 C1 72 68 B0 7F 7B 4E 58 5F 11 A0 0E 
 E3 1D 29 CB B6 DB 09 47 E3 A7 DA 9E B5 19 11 72 
 40 B3 B6 78 41 40 5A D9 4A E6 6D D5 EF 90 9D EB 
 57 BE F3 4B AB 64 14 8A E0 EF 69 8C 9E DB E5 27 
 34 40 DA 6E 74 B8 A9 C7 C1 F3 F4 55 8B D9 05 FE 
 7D 0C B4 B6 41 05 3F AD 97 56 9E 94 6C 6F 8D A5 
 1E 3F 2F C8 AA 69 29 D1 59 A0 69 0D 93 2B 35 DF 
 A7 42 60 A2 15 4C 78 DF 56 1F B8 51 F5 F9 1E C0 
 4A BA F0 AD 23 60 89 E2 F9 D9 B1 94 D9 32 D9 DD 
 62 75 E3 42 45 76 B2 BC 79 75 0B 3A 14 44 48 5E 
 18 04 70 3C 3F 56 41 07 93 41 91 57 28 A0 26 AC 
 7F 38 03 7B A8 82 DC D2 1E 20 1D 83 D1 EB B1 5C 
 A3 83 5D EA B9 0E 84 9C 2B F2 E1 CD 07 A5 78 DA 
 7E 4F A9 9C 71 92 E8 B3 C2 AD 9D F6 D8 DA DD 54 
 48 0F AD 3D 34 84 03 10 EE 49 C4 C6 E3 4A 5F 8E 
 32 DB 95 D3 72 BE BC 1F 87 E1 FD 26 BC 68 80 F6 
 0D 3D A4 BF 51 6E 1E 86 C5 E1 A6 C4 57 43 C1 21 
 08 5F 0E 69 B5 FC 7B 1E 78 FC 82 7D 3F 19 54 C1 
 25 BC 55 43 76 EB D9 2A 33 AB B6 15 10 0E DB 4F 
 D8 69 23 5D 0D 23 37 51 9A 67 5F D7 24 06 B6 B8 
 26 4B 70 B8 48 35 E1 C8 8F 88 D1 40 6F BF E5 41 
 A0 86 E1 91 C2 3A 5D A8 B4 6D 16 30 72 D4 45 BE 
 14 0D C6 CD EB 43 FE 44 16 9C 7F F9 43 44 D6 DC 
 09 17 5D B5 F5 7F A8 7F 98 1D 75 AF D2 C1 91 23 
 28 DF 63 74 17 1B A1 D7 C6 E5 F8 3B A9 D6 65 E5 
 15 27 9C 4E D5 A2 85 C9 A3 7D CB 2C D5 D1 89 EB 
 D2 E1 90 5D E0 8B 78 02 51 E2 D0 DC EE 90 0F EE 
 47 8C B2 23 49 B2 D1 E7 43 6C A0 D5 44 A6 51 57 
 46 94 FA 26 DC 4C E4 63 84 A5 58 4A EB 99 32 49 
 D8 85 31 4D B9 02 82 7A C5 25 EA 81 DC 3D AC 26 
 A0 2A CA 38 F2 D9 C6 C3 82 2F 45 6A 86 D0 0C 17 
 EC 3C 7D C0 AF F4 32 75 EB 86 1D 71 78 54 F3 AF 
 26 41 BA F0 0B 12 2D 71 69 39 67 51 EA E1 18 A1 
 6A 0D 4C C1 CB 67 20 DD 65 5C 96 72 AD E6 1B 16 
 57 FC AA 76 67 EE 53 5A 0D F6 0A 19 50 53 40 C1 
 96 E5 6F 0D 87 BC 81 72 F2 F5 53 A6 C5 10 E0 00 
 51 12 C4 6C A5 02 E5 8E C7 C3 4A 71 DC A0 14 A7 
 0D 33 53 B4 E5 E3 B2 84 79 0A 0B 0E 82 31 0D A3 
 23 98 39 A4 B0 87 9E 16 9E 10 65 87 2D 68 D9 9D 
 AE 13 73 D4 27 F7 D5 2A 98 2F 09 49 09 4E CD 19 
 EA 1A 44 EA 16 4F B8 A6 B6 0F 11 36 AC D3 55 0B 
 0C 5E 16 68 59 12 D5 5B 03 FD 16 3C 08 55 6E E4 
 0B A8 1D 12 8B 21 E7 61 ED A0 68 80 9F AC 1F DD 
 E2 8E BD DA 61 4B C9 5B 1F 08 65 C7 3B 27 5A 23 
 ED FD 86 D0 CA 3D A9 70 04 2E 74 AF C8 25 59 0B 
 37 C4 34 DE D6 3A 18 C1 F6 7A B1 C5 3E F4 6F 7D 
 87 54 4F 6E 31 63 10 03 B8 CD F3 93 BC 43 E9 5E 
 AA 21 7E 20 44 02 85 76 5D 0E A4 6C 3A F1 C3 CD 
 33 63 78 41 D5 93 CC 1D 9A 2B 7B CD 03 FD 8F 25 
 0B 32 4F 04 84 C9 F1 C3 BB 9D 2E 84 92 59 CC 59 
 5A 07 6B 5A 88 83 A9 93 B7 53 AE 4F 67 8E 88 ED 
 80 ED 73 52 28 C4 BD FC 01 20 A8 15 00 30 6E B5 
 B9 96 40 F1 18 7E 35 1C DA 0A 03 B7 7C 4B B7 5D 
 9D EC A6 43 80 C1 55 68 46 AE 9C DE 6D ED 90 FE 
 3A 4D 33 F6 72 A2 02 29 E7 0B 96 7B 70 78 12 00 
 00 C1 43 6D F4 33 58 6D A5 46 40 98 59 97 00 E0 
 56 C7 C4 2E 8D F5 03 99 72 D3 E5 50 4A BA 2A 4E 
 F1 81 55 DC 23 FA 8E 22 07 7E B2 FB 10 B4 38 C4 
 86 02 C1 5B 14 F7 3E 26 53 4D 35 CF 0D EE 8C 2E 
 D8 91 84 8F 57 B9 5E E5 F7 B1 20 67 D6 4C 00 A2 
 7F 8E AC 48 48 1E B0 14 08 39 C6 13 A8 CC AB 08 
 33 3B FB 83 A5 A4 C6 F3 19 68 DC 65 AA 98 2E 44 
 11 A7 76 BA A1 FB 77 9D A7 C3 D0 D8 DB 99 70 EB 
 8A 2B 14 6E 09 95 CC E9 3F 63 5A 6A 72 13 1A DB 
 D9 A4 65 C4 32 42 65 E2 C2 4C 07 82 DD 6E 3A 3B 
 43 EF 6F AB F8 D1 86 A8 6D A9 21 24 F7 14 F9 7B 
 AD EA DB 59 C3 6F 84 1C 97 CD 57 F0 07 D3 BC E6 
 D2 88 1C 55 11 DF 8C 66 C0 9B E2 47 CB BB AF A8 
 3E AA 7E 66 65 30 ED D2 D0 5A 8B 82 AF 6B 4B C6 
 1E 3B 48 C2 D2 D6 EE E2 7D 20 68 D5 C8 58 9A 90 
 SWTPM_IO_Read: length 14
 80 01 00 00 00 0E 00 00 01 65 80 00 00 00 
    IsEnEnabled(0x165 = 'FlushContext'): 1
 SWTPM_IO_Write: length 10
 80 01 00 00 00 0A 00 00 00 00 
 SWTPM_IO_Read: length 14
 80 01 00 00 00 0E 00 00 01 62 02 00 00 00 
    IsEnEnabled(0x162 = 'ContextSave'): 1
 SWTPM_IO_Write: length 414
 80 01 00 00 01 9E 00 00 00 00 00 00 00 00 00 00 
 01 17 02 00 00 00 40 00 00 07 01 82 00 40 25 FA 
 70 D9 3B 8C 0C 5C 89 E6 0E FA 7B 05 F7 8E 3F 18 
 10 7F 00 67 08 63 3B 68 8F 7D 69 F0 4D A9 9B 2C 
 B4 0C 48 3F 17 1B 15 1B 59 84 FC 0E 6D EB B3 59 
 D6 DA E1 32 B3 17 E4 9A DB 66 A8 AF F8 CF D0 D1 
 9D F7 1E 50 BF E9 85 05 C4 15 D6 76 79 17 38 83 
 36 F8 1B 88 EF C8 84 EF 21 EF 7D E5 1D 58 53 A6 
 78 99 4C 3D D9 56 5B 70 0C 13 54 2B 75 92 E9 1E 
 CB E3 F3 6F FE 97 47 1B DA 68 03 A2 C2 BC 5C 36 
 25 D0 67 7B 91 CE 94 89 8B FA 8A C5 24 31 02 78 
 A0 FC 84 FC CB CC CF 4D 89 7F A0 E3 2D 20 11 C7 
 8F 95 5C D3 75 D7 6A 4A FA A7 F3 6B A6 3F D4 49 
 9A C0 2E 96 8C FD 39 1C 0A 71 ED 8E 7C 5A 7B 57 
 CA 87 5D 21 88 A1 7B F3 86 E6 00 49 45 9C 74 0C 
 CA 2E B4 24 AD 76 94 96 91 72 15 27 D3 2E D7 D5 
 4F 3D 1A 5D F9 BD B3 C2 60 0B 40 F0 F4 E5 3F 49 
 58 94 E4 01 5F 0D 8D 9B 83 26 2D D5 F5 04 89 1F 
 FC C3 02 55 25 C9 C4 A7 53 DA 53 33 C2 06 D9 8D 
 EA 58 34 07 9F 5A 9A 4A 8C CB E6 62 F1 EE EC 53 
 C5 4F 73 0E 9B 6D CB 96 61 55 B0 D9 A3 49 8C 50 
 D7 AA F1 99 17 CC 60 7A F7 FB 4D 8C FA 88 E8 57 
 CA 61 66 99 BD FC 8A 40 34 54 06 DA 3A 13 7E 27 
 38 A9 BA F2 1A 33 12 8B 95 69 A2 2C D6 1D 85 35 
 92 34 74 0E 66 5A 2E 74 46 C3 DC 4C 82 4F 31 F9 
 51 FA 0B FA 28 E3 0D D4 1A AC 4E A5 9A AB 
 SWTPM_IO_Read: length 1232
 80 01 00 00 04 D0 00 00 01 61 00 00 00 00 00 00 
 01 47 80 00 00 00 40 00 00 01 04 B4 00 40 B5 14 
 92 4D 3C 93 EB F6 E1 0C A7 AC CA 70 08 75 B3 33 
 FC C6 0C 6A C1 0E 97 6F D9 2A 6B AC A7 43 EF 6A 
 B6 2D 5F 5E 38 62 C4 7A AD CE CF B1 F9 41 15 6A 
 35 E3 1B A5 FE D5 2E AB BC F2 B9 AA 25 AB 8B D8 
 FC 97 4B C1 B7 1A C8 49 1B B5 0D 71 75 37 72 17 
 04 00 81 68 C1 72 68 B0 7F 7B 4E 58 5F 11 A0 0E 
 E3 1D 29 CB B6 DB 09 47 E3 A7 DA 9E B5 19 11 72 
 40 B3 B6 78 41 40 5A D9 4A E6 6D D5 EF 90 9D EB 
 57 BE F3 4B AB 64 14 8A E0 EF 69 8C 9E DB E5 27 
 34 40 DA 6E 74 B8 A9 C7 C1 F3 F4 55 8B D9 05 FE 
 7D 0C B4 B6 41 05 3F AD 97 56 9E 94 6C 6F 8D A5 
 1E 3F 2F C8 AA 69 29 D1 59 A0 69 0D 93 2B 35 DF 
 A7 42 60 A2 15 4C 78 DF 56 1F B8 51 F5 F9 1E C0 
 4A BA F0 AD 23 60 89 E2 F9 D9 B1 94 D9 32 D9 DD 
 62 75 E3 42 45 76 B2 BC 79 75 0B 3A 14 44 48 5E 
 18 04 70 3C 3F 56 41 07 93 41 91 57 28 A0 26 AC 
 7F 38 03 7B A8 82 DC D2 1E 20 1D 83 D1 EB B1 5C 
 A3 83 5D EA B9 0E 84 9C 2B F2 E1 CD 07 A5 78 DA 
 7E 4F A9 9C 71 92 E8 B3 C2 AD 9D F6 D8 DA DD 54 
 48 0F AD 3D 34 84 03 10 EE 49 C4 C6 E3 4A 5F 8E 
 32 DB 95 D3 72 BE BC 1F 87 E1 FD 26 BC 68 80 F6 
 0D 3D A4 BF 51 6E 1E 86 C5 E1 A6 C4 57 43 C1 21 
 08 5F 0E 69 B5 FC 7B 1E 78 FC 82 7D 3F 19 54 C1 
 25 BC 55 43 76 EB D9 2A 33 AB B6 15 10 0E DB 4F 
 D8 69 23 5D 0D 23 37 51 9A 67 5F D7 24 06 B6 B8 
 26 4B 70 B8 48 35 E1 C8 8F 88 D1 40 6F BF E5 41 
 A0 86 E1 91 C2 3A 5D A8 B4 6D 16 30 72 D4 45 BE 
 14 0D C6 CD EB 43 FE 44 16 9C 7F F9 43 44 D6 DC 
 09 17 5D B5 F5 7F A8 7F 98 1D 75 AF D2 C1 91 23 
 28 DF 63 74 17 1B A1 D7 C6 E5 F8 3B A9 D6 65 E5 
 15 27 9C 4E D5 A2 85 C9 A3 7D CB 2C D5 D1 89 EB 
 D2 E1 90 5D E0 8B 78 02 51 E2 D0 DC EE 90 0F EE 
 47 8C B2 23 49 B2 D1 E7 43 6C A0 D5 44 A6 51 57 
 46 94 FA 26 DC 4C E4 63 84 A5 58 4A EB 99 32 49 
 D8 85 31 4D B9 02 82 7A C5 25 EA 81 DC 3D AC 26 
 A0 2A CA 38 F2 D9 C6 C3 82 2F 45 6A 86 D0 0C 17 
 EC 3C 7D C0 AF F4 32 75 EB 86 1D 71 78 54 F3 AF 
 26 41 BA F0 0B 12 2D 71 69 39 67 51 EA E1 18 A1 
 6A 0D 4C C1 CB 67 20 DD 65 5C 96 72 AD E6 1B 16 
 57 FC AA 76 67 EE 53 5A 0D F6 0A 19 50 53 40 C1 
 96 E5 6F 0D 87 BC 81 72 F2 F5 53 A6 C5 10 E0 00 
 51 12 C4 6C A5 02 E5 8E C7 C3 4A 71 DC A0 14 A7 
 0D 33 53 B4 E5 E3 B2 84 79 0A 0B 0E 82 31 0D A3 
 23 98 39 A4 B0 87 9E 16 9E 10 65 87 2D 68 D9 9D 
 AE 13 73 D4 27 F7 D5 2A 98 2F 09 49 09 4E CD 19 
 EA 1A 44 EA 16 4F B8 A6 B6 0F 11 36 AC D3 55 0B 
 0C 5E 16 68 59 12 D5 5B 03 FD 16 3C 08 55 6E E4 
 0B A8 1D 12 8B 21 E7 61 ED A0 68 80 9F AC 1F DD 
 E2 8E BD DA 61 4B C9 5B 1F 08 65 C7 3B 27 5A 23 
 ED FD 86 D0 CA 3D A9 70 04 2E 74 AF C8 25 59 0B 
 37 C4 34 DE D6 3A 18 C1 F6 7A B1 C5 3E F4 6F 7D 
 87 54 4F 6E 31 63 10 03 B8 CD F3 93 BC 43 E9 5E 
 AA 21 7E 20 44 02 85 76 5D 0E A4 6C 3A F1 C3 CD 
 33 63 78 41 D5 93 CC 1D 9A 2B 7B CD 03 FD 8F 25 
 0B 32 4F 04 84 C9 F1 C3 BB 9D 2E 84 92 59 CC 59 
 5A 07 6B 5A 88 83 A9 93 B7 53 AE 4F 67 8E 88 ED 
 80 ED 73 52 28 C4 BD FC 01 20 A8 15 00 30 6E B5 
 B9 96 40 F1 18 7E 35 1C DA 0A 03 B7 7C 4B B7 5D 
 9D EC A6 43 80 C1 55 68 46 AE 9C DE 6D ED 90 FE 
 3A 4D 33 F6 72 A2 02 29 E7 0B 96 7B 70 78 12 00 
 00 C1 43 6D F4 33 58 6D A5 46 40 98 59 97 00 E0 
 56 C7 C4 2E 8D F5 03 99 72 D3 E5 50 4A BA 2A 4E 
 F1 81 55 DC 23 FA 8E 22 07 7E B2 FB 10 B4 38 C4 
 86 02 C1 5B 14 F7 3E 26 53 4D 35 CF 0D EE 8C 2E 
 D8 91 84 8F 57 B9 5E E5 F7 B1 20 67 D6 4C 00 A2 
 7F 8E AC 48 48 1E B0 14 08 39 C6 13 A8 CC AB 08 
 33 3B FB 83 A5 A4 C6 F3 19 68 DC 65 AA 98 2E 44 
 11 A7 76 BA A1 FB 77 9D A7 C3 D0 D8 DB 99 70 EB 
 8A 2B 14 6E 09 95 CC E9 3F 63 5A 6A 72 13 1A DB 
 D9 A4 65 C4 32 42 65 E2 C2 4C 07 82 DD 6E 3A 3B 
 43 EF 6F AB F8 D1 86 A8 6D A9 21 24 F7 14 F9 7B 
 AD EA DB 59 C3 6F 84 1C 97 CD 57 F0 07 D3 BC E6 
 D2 88 1C 55 11 DF 8C 66 C0 9B E2 47 CB BB AF A8 
 3E AA 7E 66 65 30 ED D2 D0 5A 8B 82 AF 6B 4B C6 
 1E 3B 48 C2 D2 D6 EE E2 7D 20 68 D5 C8 58 9A 90 
    IsEnEnabled(0x161 = 'ContextLoad'): 1
 SWTPM_IO_Write: length 14
 80 01 00 00 00 0E 00 00 00 00 80 00 00 00 
 SWTPM_IO_Read: length 414
 80 01 00 00 01 9E 00 00 01 61 00 00 00 00 00 00 
 01 17 02 00 00 00 40 00 00 07 01 82 00 40 25 FA 
 70 D9 3B 8C 0C 5C 89 E6 0E FA 7B 05 F7 8E 3F 18 
 10 7F 00 67 08 63 3B 68 8F 7D 69 F0 4D A9 9B 2C 
 B4 0C 48 3F 17 1B 15 1B 59 84 FC 0E 6D EB B3 59 
 D6 DA E1 32 B3 17 E4 9A DB 66 A8 AF F8 CF D0 D1 
 9D F7 1E 50 BF E9 85 05 C4 15 D6 76 79 17 38 83 
 36 F8 1B 88 EF C8 84 EF 21 EF 7D E5 1D 58 53 A6 
 78 99 4C 3D D9 56 5B 70 0C 13 54 2B 75 92 E9 1E 
 CB E3 F3 6F FE 97 47 1B DA 68 03 A2 C2 BC 5C 36 
 25 D0 67 7B 91 CE 94 89 8B FA 8A C5 24 31 02 78 
 A0 FC 84 FC CB CC CF 4D 89 7F A0 E3 2D 20 11 C7 
 8F 95 5C D3 75 D7 6A 4A FA A7 F3 6B A6 3F D4 49 
 9A C0 2E 96 8C FD 39 1C 0A 71 ED 8E 7C 5A 7B 57 
 CA 87 5D 21 88 A1 7B F3 86 E6 00 49 45 9C 74 0C 
 CA 2E B4 24 AD 76 94 96 91 72 15 27 D3 2E D7 D5 
 4F 3D 1A 5D F9 BD B3 C2 60 0B 40 F0 F4 E5 3F 49 
 58 94 E4 01 5F 0D 8D 9B 83 26 2D D5 F5 04 89 1F 
 FC C3 02 55 25 C9 C4 A7 53 DA 53 33 C2 06 D9 8D 
 EA 58 34 07 9F 5A 9A 4A 8C CB E6 62 F1 EE EC 53 
 C5 4F 73 0E 9B 6D CB 96 61 55 B0 D9 A3 49 8C 50 
 D7 AA F1 99 17 CC 60 7A F7 FB 4D 8C FA 88 E8 57 
 CA 61 66 99 BD FC 8A 40 34 54 06 DA 3A 13 7E 27 
 38 A9 BA F2 1A 33 12 8B 95 69 A2 2C D6 1D 85 35 
 92 34 74 0E 66 5A 2E 74 46 C3 DC 4C 82 4F 31 F9 
 51 FA 0B FA 28 E3 0D D4 1A AC 4E A5 9A AB 
    IsEnEnabled(0x161 = 'ContextLoad'): 1
 SWTPM_IO_Write: length 14
 80 01 00 00 00 0E 00 00 00 00 02 00 00 00 
 SWTPM_IO_Read: length 14
 80 01 00 00 00 0E 00 00 01 86 00 00 00 0B 
    IsEnEnabled(0x186 = 'HashSequenceStart'): 1
 SWTPM_IO_Write: length 14
 80 01 00 00 00 0E 00 00 00 00 80 00 00 01 
 SWTPM_IO_Read: length 14
 80 01 00 00 00 0E 00 00 01 62 80 00 00 00 
    IsEnEnabled(0x162 = 'ContextSave'): 1
 SWTPM_IO_Write: length 1232
 80 01 00 00 04 D0 00 00 00 00 00 00 00 00 00 00 
 01 48 80 00 00 00 40 00 00 01 04 B4 00 40 C7 E1 
 9A B2 E3 B6 99 D8 E5 B6 1A FA C6 8F C4 36 CA 02 
 CC A6 14 12 5B D9 E5 DB 7E 20 46 CA 04 05 70 79 
 3C EC 5B 83 1A D8 0B 19 63 60 05 33 66 0F 88 EF 
 29 E9 0C 28 A9 6C 50 BD 89 07 D3 E7 ED 51 3D 00 
 7C 9E 70 4A 56 EB A4 CC AB 91 1B F7 3A B4 61 E7 
 EA 15 D3 DF ED 00 F3 C7 4E 88 B3 8D BF 5E DC EF 
 D6 F1 AD FE 3D FC 4C BE 7C 8B 4B FB 9A 61 C0 29 
 CF 92 DA BB 87 39 D3 0D 76 DF 5D 14 AE A0 2E 8C 
 88 E9 1E 08 5B 42 1B F0 9B 00 7C 60 10 A3 B3 3A 
 57 31 C7 E9 BD F9 58 E8 B2 49 DA A8 26 F3 12 FC 
 16 DD 6B 4D BF CB 13 E8 9D FC D4 CD 21 65 81 62 
 06 11 6B 78 CE 8B 7A DC 33 75 AC AC 6A A3 3E 69 
 9D C2 59 ED 5E E1 F6 10 F2 BF DD 05 40 33 2C 8E 
 9E D3 95 52 02 7A DE BD 34 55 DD E1 01 C9 CD 6F 
 72 1A 53 F6 FC 62 9C 11 7A 5F 64 31 F3 EA 58 D9 
 82 55 7F 86 42 49 31 24 80 8F D2 84 1B 9D B0 BA 
 B2 10 DF DE 51 96 FB 3D 32 C0 AB AA CB 13 23 61 
 7D DB F9 D3 4D 87 E1 F4 0D E1 10 92 FA 32 04 62 
 7A DB 23 EB DF 28 EF 09 36 97 7B 1D AA 34 40 B5 
 54 A2 32 AE B4 56 21 3C 29 86 33 85 B3 54 9A B1 
 4C 92 1B 1B BB B7 88 E8 59 32 EA 61 69 26 BB 39 
 81 B6 99 11 DA 21 8C 3E AD 8A DF 7F 81 67 36 74 
 F2 A1 12 77 2E 65 A6 3D A5 CA CF 65 6B A3 9D A6 
 65 DF D5 ED 4A 27 60 A9 0A 6A 39 89 8A 27 41 9B 
 60 E4 52 31 01 AF ED 5B 93 86 2C 6C 1C 13 36 2F 
 12 DC 21 54 10 9B 99 7C D7 EC 30 09 04 4F 5E 20 
 6D 93 71 0E 63 7F D7 25 0B 5A E6 55 1C E0 52 3F 
 88 50 5D A5 32 08 38 31 AF F2 B0 B7 5C 6A 85 7A 
 95 05 4C 1D 44 B6 85 C8 87 E0 69 80 98 13 24 83 
 D2 7C 45 98 71 B4 82 52 9A FE E5 08 E2 29 D3 CA 
 CE 69 76 C2 53 9C 94 14 FA A5 D8 39 49 3D 53 E4 
 1F 9D 9E 78 FD C7 E9 99 CC 86 0F 7D F1 D8 E2 B0 
 B0 8C 53 1C 2C E9 23 D0 28 06 E6 12 D3 D9 FF 28 
 6D B5 76 20 4D E6 E1 D0 4E 26 5A 4C 1A E3 EA 77 
 7B ED 9D 3B B6 13 DF 80 86 3C 9E B5 44 EF E0 3E 
 1D 75 AA D3 2F 00 34 F8 21 82 FA BB EA 75 B7 58 
 88 58 79 7A 13 79 AA 92 E3 76 CB CD C6 D3 66 18 
 FF 40 6C 52 7E 57 06 A0 16 15 06 C9 35 E9 BE 08 
 87 13 01 E1 52 10 90 A8 8D 47 CC E1 08 6C 84 99 
 27 5D 68 50 F4 BE 5A 38 3E DB 9E FB F2 43 D2 7A 
 64 EA B7 6F 2A 55 5F B7 CA CE E1 05 FD 3A 59 95 
 12 C8 8E E9 06 32 C5 46 8B 4F AF 2D AF 35 AC E8 
 C5 52 A1 3F 01 0E DA 80 02 1C 7A 8D 93 1E 96 3F 
 11 F6 44 27 BD 84 9C 74 11 F5 73 AF 1F 64 FE 07 
 94 10 D4 DE CC 09 48 1D ED 41 9F D9 6B 5E 8B 63 
 95 81 78 A9 F2 D7 1A 0E EB C8 6C 47 2A 10 B5 DE 
 45 32 53 8A A8 1D 1D C5 40 A4 F3 CA 46 51 63 79 
 89 76 AA 72 7C 8B FA 13 96 0D 9A C3 06 D2 18 71 
 42 69 46 4B 8A 4C CA C0 D3 4B 28 83 C9 10 7A 28 
 4C ED DC E9 06 13 E7 56 77 EA 8C 72 86 4C F1 33 
 A8 C3 89 D6 92 02 CD A4 62 A5 B7 A5 0C FA F8 E1 
 30 76 DB 9D 8D 49 65 5A E7 A8 80 F0 F7 A0 4B 93 
 76 18 C5 65 46 47 AE E2 43 18 7F F9 33 9E 94 4B 
 D0 09 71 FD D5 C4 08 92 F7 96 FE BB 66 8D 52 F2 
 50 D3 1E D0 40 3D 49 E7 C8 B0 3D F2 41 FD D8 F2 
 49 64 74 BB E2 DF 01 8B E7 70 B6 43 46 70 37 33 
 AA 55 E3 CD 4B 45 AC 14 54 90 92 A2 B6 15 58 A9 
 1E 47 BD BF D1 74 80 CE C8 85 DD A9 43 E4 32 D4 
 0C E4 B9 DE 2F E8 FB 59 7E 4B AA 16 30 25 61 52 
 8B 26 1C F3 CE 7D 96 30 8E E0 1D 7E 9F 28 09 B5 
 CB 9D B7 EC C2 C0 6E A8 71 CE 56 5B DE 0D BE 7B 
 93 71 D3 78 20 3B A3 94 56 CD 5B 91 DF D4 B8 3C 
 61 89 A5 1D 44 97 23 31 4F AA 6A 90 32 3F 42 87 
 70 85 8A B0 14 34 92 B0 2C 25 13 8D 07 D5 F7 78 
 B2 BF 47 57 C4 A6 B0 FE 2B 90 9B 63 4A 32 AD FE 
 CF 46 3F DE 12 90 00 C0 B5 25 EA 58 E6 E0 C8 E5 
 06 A9 04 DA C8 B4 54 40 9F 01 A1 57 5E F0 77 71 
 9B F9 DA 39 BD BB 7E C1 58 31 BA F4 69 1E 48 58 
 6A FC A3 B3 6B C1 A5 75 E5 75 9C D9 87 39 F7 F6 
 4D 68 CF 7F 07 B5 D0 5C 9E B9 E8 F0 5C C4 97 A6 
 C2 0E D7 3E 8C 8C B1 90 9F 1F 88 42 06 0A B8 54 
 CE 9A CC E6 7D 4D 62 28 66 CF FD 2F 76 7E AF 02 
 05 E1 C3 CF 87 3F 6D F0 9D 8F 4A 05 57 25 5B A0 
 50 E3 B6 69 F4 AF 19 01 6C 40 34 B0 D7 DC B5 0B 
 8A 4F BB 29 4F 7F F6 97 93 D5 9D C6 02 98 2E 64 
 SWTPM_IO_Read: length 14
 80 01 00 00 00 0E 00 00 01 65 80 00 00 00 
    IsEnEnabled(0x165 = 'FlushContext'): 1
 SWTPM_IO_Write: length 10
 80 01 00 00 00 0A 00 00 00 00 
 SWTPM_IO_Read: length 14
 80 01 00 00 00 0E 00 00 01 62 80 00 00 01 
    IsEnEnabled(0x162 = 'ContextSave'): 1
 SWTPM_IO_Write: length 367
 80 01 00 00 01 6F 00 00 00 00 00 00 00 00 00 00 
 01 49 80 00 00 01 40 00 00 07 01 53 00 40 09 92 
 0B 8D 75 75 CF 14 6D 81 1A 65 5E 54 D1 F2 D7 6D 
 A9 BF 1A 12 CB 75 92 A3 15 D1 8B 3F 28 E2 5D 57 
 B4 EA B6 A7 28 49 89 67 DC 61 D1 B3 BB 90 A5 5B 
 66 35 5C CB 4B DF 71 D2 FA 78 9D E1 B3 6C 1E 1E 
 C5 60 87 01 7D FE CF C4 98 0C 07 E5 43 7E 77 D1 
 88 94 8D 13 EE C0 86 65 E6 36 DD 81 F0 C4 FA EF 
 DD 8B 0F A9 15 83 5B 4A C7 57 99 4E B1 47 A6 4F 
 43 89 F1 B6 FB 98 F5 28 9F 06 77 82 75 5C EE 66 
 C9 03 90 F8 2B 5F 06 6C C5 D7 CC B0 05 25 F3 66 
 26 02 A9 40 C9 3F EF 7B F5 E4 9D 63 C5 95 50 1B 
 D0 D8 6E FF 2F E7 92 EF 80 20 3F 14 1E 41 9E D0 
 EA 15 01 E7 73 15 EF D1 D3 66 DC 7B 9D 47 B3 89 
 A7 C8 1F 5C 82 9A 60 BD A7 5C 30 7C 8D 46 20 44 
 F4 26 27 9B A8 D6 58 88 1A E1 59 37 75 8B 03 8D 
 03 76 0A 34 D6 4C E8 63 C9 EA F2 58 66 1D 2B 3D 
 A5 39 79 F1 E4 BA AA 4A 7F 48 A6 59 1D B0 46 B5 
 94 1A 98 B6 CD 40 7A 02 81 4B 57 5F 17 98 3E 22 
 F7 00 E1 E0 C8 0C 1E FF 91 0E 95 9B 20 EF 84 27 
 0F 2E 92 A1 29 0C 0A 0E 4C 68 03 DC 87 41 15 5C 
 55 8A 81 C3 1E F5 11 1C 96 C9 73 5B 98 4A 16 26 
 64 AF B9 BA F8 AE C1 ED 61 73 1C 5C 85 4F 86 
 SWTPM_IO_Read: length 14
 80 01 00 00 00 0E 00 00 01 65 80 00 00 01 
    IsEnEnabled(0x165 = 'FlushContext'): 1
 SWTPM_IO_Write: length 10
 80 01 00 00 00 0A 00 00 00 00 
 SWTPM_IO_Read: length 14
 80 01 00 00 00 0E 00 00 01 62 02 00 00 00 
    IsEnEnabled(0x162 = 'ContextSave'): 1
 SWTPM_IO_Write: length 414
 80 01 00 00 01 9E 00 00 00 00 00 00 00 00 00 00 
 01 18 02 00 00 00 40 00 00 07 01 82 00 40 C1 1B 
 FC DD 9C 36 07 FA AD A4 46 CB C3 59 88 72 B0 6A 
 AA FC 2D DA B1 2D DF 3E 9E 15 36 38 25 7D 99 1B 
 B4 92 DE CB 4A C7 71 F2 0C 63 08 13 0A 74 40 AE 
 1A 68 3F DB B3 4D 4C 79 AC 7B 98 89 BB 59 8B CB 
 72 8E 72 69 4D 9D 3A 49 4A 23 23 87 CA 56 4F 39 
 94 8E 7B D7 78 F6 28 58 23 94 AD 2B B3 2E 1F 19 
 3B 0C 8C 33 03 BB 4D C5 75 7B E8 E0 67 27 44 9A 
 49 BE 12 F4 E6 F7 F1 D1 D8 59 4E 4E FC 59 A4 B2 
 E7 36 BD 96 28 31 87 22 F2 75 41 64 14 93 38 46 
 51 B0 AC BF 89 17 E2 9F 13 90 36 72 30 81 EA 06 
 52 3D CB E2 71 B1 A1 EA 79 29 EA A7 07 BC C7 2B 
 7F C6 8D 4F 43 C5 08 52 4F DF A2 48 3C F8 8A B5 
 83 41 35 BB C9 6B 65 64 38 B3 28 28 61 1A 8C 15 
 2A C6 B4 21 6C 52 6A 3F 15 8C D6 C2 FE C2 3B F0 
 B6 13 40 05 AF 4C 0D 96 17 7F AB 6D E7 E0 7A 51 
 E5 C5 65 27 66 47 57 D6 34 07 2B 0D F0 61 D3 99 
 CC 90 55 74 64 2B 7A D1 57 A5 B8 E3 59 9D EB 66 
 DB 8E 6D 35 FA A1 20 A8 3B D1 B2 39 AA 68 5D 3C 
 5D 57 8F AC E9 12 92 52 E8 8E BC 69 6D 9E C4 95 
 F3 9A 6F DB 76 A8 84 3E EB 0D 47 D5 B7 6C BE 13 
 4C C2 3E 68 94 69 A6 A0 BF 94 9C 5A 81 06 30 DC 
 14 E5 98 D8 CD BB 2B 1E 9C D2 67 60 20 3A F4 44 
 D5 C0 50 BA 13 F6 32 8B 58 9C 91 5D 85 E3 BE 21 
 F4 73 CE C8 57 D0 4F B8 29 B4 71 02 06 9E 
 SWTPM_IO_Read: length 1232
 80 01 00 00 04 D0 00 00 01 61 00 00 00 00 00 00 
 01 48 80 00 00 00 40 00 00 01 04 B4 00 40 C7 E1 
 9A B2 E3 B6 99 D8 E5 B6 1A FA C6 8F C4 36 CA 02 
 CC A6 14 12 5B D9 E5 DB 7E 20 46 CA 04 05 70 79 
 3C EC 5B 83 1A D8 0B 19 63 60 05 33 66 0F 88 EF 
 29 E9 0C 28 A9 6C 50 BD 89 07 D3 E7 ED 51 3D 00 
 7C 9E 70 4A 56 EB A4 CC AB 91 1B F7 3A B4 61 E7 
 EA 15 D3 DF ED 00 F3 C7 4E 88 B3 8D BF 5E DC EF 
 D6 F1 AD FE 3D FC 4C BE 7C 8B 4B FB 9A 61 C0 29 
 CF 92 DA BB 87 39 D3 0D 76 DF 5D 14 AE A0 2E 8C 
 88 E9 1E 08 5B 42 1B F0 9B 00 7C 60 10 A3 B3 3A 
 57 31 C7 E9 BD F9 58 E8 B2 49 DA A8 26 F3 12 FC 
 16 DD 6B 4D BF CB 13 E8 9D FC D4 CD 21 65 81 62 
 06 11 6B 78 CE 8B 7A DC 33 75 AC AC 6A A3 3E 69 
 9D C2 59 ED 5E E1 F6 10 F2 BF DD 05 40 33 2C 8E 
 9E D3 95 52 02 7A DE BD 34 55 DD E1 01 C9 CD 6F 
 72 1A 53 F6 FC 62 9C 11 7A 5F 64 31 F3 EA 58 D9 
 82 55 7F 86 42 49 31 24 80 8F D2 84 1B 9D B0 BA 
 B2 10 DF DE 51 96 FB 3D 32 C0 AB AA CB 13 23 61 
 7D DB F9 D3 4D 87 E1 F4 0D E1 10 92 FA 32 04 62 
 7A DB 23 EB DF 28 EF 09 36 97 7B 1D AA 34 40 B5 
 54 A2 32 AE B4 56 21 3C 29 86 33 85 B3 54 9A B1 
 4C 92 1B 1B BB B7 88 E8 59 32 EA 61 69 26 BB 39 
 81 B6 99 11 DA 21 8C 3E AD 8A DF 7F 81 67 36 74 
 F2 A1 12 77 2E 65 A6 3D A5 CA CF 65 6B A3 9D A6 
 65 DF D5 ED 4A 27 60 A9 0A 6A 39 89 8A 27 41 9B 
 60 E4 52 31 01 AF ED 5B 93 86 2C 6C 1C 13 36 2F 
 12 DC 21 54 10 9B 99 7C D7 EC 30 09 04 4F 5E 20 
 6D 93 71 0E 63 7F D7 25 0B 5A E6 55 1C E0 52 3F 
 88 50 5D A5 32 08 38 31 AF F2 B0 B7 5C 6A 85 7A 
 95 05 4C 1D 44 B6 85 C8 87 E0 69 80 98 13 24 83 
 D2 7C 45 98 71 B4 82 52 9A FE E5 08 E2 29 D3 CA 
 CE 69 76 C2 53 9C 94 14 FA A5 D8 39 49 3D 53 E4 
 1F 9D 9E 78 FD C7 E9 99 CC 86 0F 7D F1 D8 E2 B0 
 B0 8C 53 1C 2C E9 23 D0 28 06 E6 12 D3 D9 FF 28 
 6D B5 76 20 4D E6 E1 D0 4E 26 5A 4C 1A E3 EA 77 
 7B ED 9D 3B B6 13 DF 80 86 3C 9E B5 44 EF E0 3E 
 1D 75 AA D3 2F 00 34 F8 21 82 FA BB EA 75 B7 58 
 88 58 79 7A 13 79 AA 92 E3 76 CB CD C6 D3 66 18 
 FF 40 6C 52 7E 57 06 A0 16 15 06 C9 35 E9 BE 08 
 87 13 01 E1 52 10 90 A8 8D 47 CC E1 08 6C 84 99 
 27 5D 68 50 F4 BE 5A 38 3E DB 9E FB F2 43 D2 7A 
 64 EA B7 6F 2A 55 5F B7 CA CE E1 05 FD 3A 59 95 
 12 C8 8E E9 06 32 C5 46 8B 4F AF 2D AF 35 AC E8 
 C5 52 A1 3F 01 0E DA 80 02 1C 7A 8D 93 1E 96 3F 
 11 F6 44 27 BD 84 9C 74 11 F5 73 AF 1F 64 FE 07 
 94 10 D4 DE CC 09 48 1D ED 41 9F D9 6B 5E 8B 63 
 95 81 78 A9 F2 D7 1A 0E EB C8 6C 47 2A 10 B5 DE 
 45 32 53 8A A8 1D 1D C5 40 A4 F3 CA 46 51 63 79 
 89 76 AA 72 7C 8B FA 13 96 0D 9A C3 06 D2 18 71 
 42 69 46 4B 8A 4C CA C0 D3 4B 28 83 C9 10 7A 28 
 4C ED DC E9 06 13 E7 56 77 EA 8C 72 86 4C F1 33 
 A8 C3 89 D6 92 02 CD A4 62 A5 B7 A5 0C FA F8 E1 
 30 76 DB 9D 8D 49 65 5A E7 A8 80 F0 F7 A0 4B 93 
 76 18 C5 65 46 47 AE E2 43 18 7F F9 33 9E 94 4B 
 D0 09 71 FD D5 C4 08 92 F7 96 FE BB 66 8D 52 F2 
 50 D3 1E D0 40 3D 49 E7 C8 B0 3D F2 41 FD D8 F2 
 49 64 74 BB E2 DF 01 8B E7 70 B6 43 46 70 37 33 
 AA 55 E3 CD 4B 45 AC 14 54 90 92 A2 B6 15 58 A9 
 1E 47 BD BF D1 74 80 CE C8 85 DD A9 43 E4 32 D4 
 0C E4 B9 DE 2F E8 FB 59 7E 4B AA 16 30 25 61 52 
 8B 26 1C F3 CE 7D 96 30 8E E0 1D 7E 9F 28 09 B5 
 CB 9D B7 EC C2 C0 6E A8 71 CE 56 5B DE 0D BE 7B 
 93 71 D3 78 20 3B A3 94 56 CD 5B 91 DF D4 B8 3C 
 61 89 A5 1D 44 97 23 31 4F AA 6A 90 32 3F 42 87 
 70 85 8A B0 14 34 92 B0 2C 25 13 8D 07 D5 F7 78 
 B2 BF 47 57 C4 A6 B0 FE 2B 90 9B 63 4A 32 AD FE 
 CF 46 3F DE 12 90 00 C0 B5 25 EA 58 E6 E0 C8 E5 
 06 A9 04 DA C8 B4 54 40 9F 01 A1 57 5E F0 77 71 
 9B F9 DA 39 BD BB 7E C1 58 31 BA F4 69 1E 48 58 
 6A FC A3 B3 6B C1 A5 75 E5 75 9C D9 87 39 F7 F6 
 4D 68 CF 7F 07 B5 D0 5C 9E B9 E8 F0 5C C4 97 A6 
 C2 0E D7 3E 8C 8C B1 90 9F 1F 88 42 06 0A B8 54 
 CE 9A CC E6 7D 4D 62 28 66 CF FD 2F 76 7E AF 02 
 05 E1 C3 CF 87 3F 6D F0 9D 8F 4A 05 57 25 5B A0 
 50 E3 B6 69 F4 AF 19 01 6C 40 34 B0 D7 DC B5 0B 
 8A 4F BB 29 4F 7F F6 97 93 D5 9D C6 02 98 2E 64 
    IsEnEnabled(0x161 = 'ContextLoad'): 1
 SWTPM_IO_Write: length 14
 80 01 00 00 00 0E 00 00 00 00 80 00 00 00 
 SWTPM_IO_Read: length 367
 80 01 00 00 01 6F 00 00 01 61 00 00 00 00 00 00 
 01 49 80 00 00 01 40 00 00 07 01 53 00 40 09 92 
 0B 8D 75 75 CF 14 6D 81 1A 65 5E 54 D1 F2 D7 6D 
 A9 BF 1A 12 CB 75 92 A3 15 D1 8B 3F 28 E2 5D 57 
 B4 EA B6 A7 28 49 89 67 DC 61 D1 B3 BB 90 A5 5B 
 66 35 5C CB 4B DF 71 D2 FA 78 9D E1 B3 6C 1E 1E 
 C5 60 87 01 7D FE CF C4 98 0C 07 E5 43 7E 77 D1 
 88 94 8D 13 EE C0 86 65 E6 36 DD 81 F0 C4 FA EF 
 DD 8B 0F A9 15 83 5B 4A C7 57 99 4E B1 47 A6 4F 
 43 89 F1 B6 FB 98 F5 28 9F 06 77 82 75 5C EE 66 
 C9 03 90 F8 2B 5F 06 6C C5 D7 CC B0 05 25 F3 66 
 26 02 A9 40 C9 3F EF 7B F5 E4 9D 63 C5 95 50 1B 
 D0 D8 6E FF 2F E7 92 EF 80 20 3F 14 1E 41 9E D0 
 EA 15 01 E7 73 15 EF D1 D3 66 DC 7B 9D 47 B3 89 
 A7 C8 1F 5C 82 9A 60 BD A7 5C 30 7C 8D 46 20 44 
 F4 26 27 9B A8 D6 58 88 1A E1 59 37 75 8B 03 8D 
 03 76 0A 34 D6 4C E8 63 C9 EA F2 58 66 1D 2B 3D 
 A5 39 79 F1 E4 BA AA 4A 7F 48 A6 59 1D B0 46 B5 
 94 1A 98 B6 CD 40 7A 02 81 4B 57 5F 17 98 3E 22 
 F7 00 E1 E0 C8 0C 1E FF 91 0E 95 9B 20 EF 84 27 
 0F 2E 92 A1 29 0C 0A 0E 4C 68 03 DC 87 41 15 5C 
 55 8A 81 C3 1E F5 11 1C 96 C9 73 5B 98 4A 16 26 
 64 AF B9 BA F8 AE C1 ED 61 73 1C 5C 85 4F 86 
    IsEnEnabled(0x161 = 'ContextLoad'): 1
 SWTPM_IO_Write: length 14
 80 01 00 00 00 0E 00 00 00 00 80 00 00 01 
 SWTPM_IO_Read: length 414
 80 01 00 00 01 9E 00 00 01 61 00 00 00 00 00 00 
 01 18 02 00 00 00 40 00 00 07 01 82 00 40 C1 1B 
 FC DD 9C 36 07 FA AD A4 46 CB C3 59 88 72 B0 6A 
 AA FC 2D DA B1 2D DF 3E 9E 15 36 38 25 7D 99 1B 
 B4 92 DE CB 4A C7 71 F2 0C 63 08 13 0A 74 40 AE 
 1A 68 3F DB B3 4D 4C 79 AC 7B 98 89 BB 59 8B CB 
 72 8E 72 69 4D 9D 3A 49 4A 23 23 87 CA 56 4F 39 
 94 8E 7B D7 78 F6 28 58 23 94 AD 2B B3 2E 1F 19 
 3B 0C 8C 33 03 BB 4D C5 75 7B E8 E0 67 27 44 9A 
 49 BE 12 F4 E6 F7 F1 D1 D8 59 4E 4E FC 59 A4 B2 
 E7 36 BD 96 28 31 87 22 F2 75 41 64 14 93 38 46 
 51 B0 AC BF 89 17 E2 9F 13 90 36 72 30 81 EA 06 
 52 3D CB E2 71 B1 A1 EA 79 29 EA A7 07 BC C7 2B 
 7F C6 8D 4F 43 C5 08 52 4F DF A2 48 3C F8 8A B5 
 83 41 35 BB C9 6B 65 64 38 B3 28 28 61 1A 8C 15 
 2A C6 B4 21 6C 52 6A 3F 15 8C D6 C2 FE C2 3B F0 
 B6 13 40 05 AF 4C 0D 96 17 7F AB 6D E7 E0 7A 51 
 E5 C5 65 27 66 47 57 D6 34 07 2B 0D F0 61 D3 99 
 CC 90 55 74 64 2B 7A D1 57 A5 B8 E3 59 9D EB 66 
 DB 8E 6D 35 FA A1 20 A8 3B D1 B2 39 AA 68 5D 3C 
 5D 57 8F AC E9 12 92 52 E8 8E BC 69 6D 9E C4 95 
 F3 9A 6F DB 76 A8 84 3E EB 0D 47 D5 B7 6C BE 13 
 4C C2 3E 68 94 69 A6 A0 BF 94 9C 5A 81 06 30 DC 
 14 E5 98 D8 CD BB 2B 1E 9C D2 67 60 20 3A F4 44 
 D5 C0 50 BA 13 F6 32 8B 58 9C 91 5D 85 E3 BE 21 
 F4 73 CE C8 57 D0 4F B8 29 B4 71 02 06 9E 
    IsEnEnabled(0x161 = 'ContextLoad'): 1
 SWTPM_IO_Write: length 14
 80 01 00 00 00 0E 00 00 00 00 02 00 00 00 
 SWTPM_IO_Read: length 36
 80 02 00 00 00 24 00 00 01 5C 80 00 00 01 00 00 
 00 09 40 00 00 09 00 00 00 00 00 00 07 6D 65 73 
 73 61 67 65 
    IsEnEnabled(0x15c = 'SequenceUpdate'): 1
 SWTPM_IO_Write: length 19
 80 02 00 00 00 13 00 00 00 00 00 00 00 00 00 00 
 01 00 00 
 SWTPM_IO_Read: length 14
 80 01 00 00 00 0E 00 00 01 62 80 00 00 00 
    IsEnEnabled(0x162 = 'ContextSave'): 1
 SWTPM_IO_Write: length 1232
 80 01 00 00 04 D0 00 00 00 00 00 00 00 00 00 00 
 01 4A 80 00 00 00 40 00 00 01 04 B4 00 40 11 81 
 7C D0 56 89 52 20 D0 4A 05 09 50 A6 52 69 74 CA 
 87 A5 50 22 DF 45 4B 3D 67 B8 2B 9A CC 4F 9B 51 
 8C 57 26 C4 64 FC A0 4A BF 7A 2B FF E3 14 9F 2F 
 38 71 BA 90 CD 4A 3E 78 E5 E1 ED 29 95 2D AC 78 
 4C 6B C9 66 E4 96 00 76 EB FF 18 18 C3 14 BA 2D 
 EA F7 60 24 09 FF D6 FD 66 E5 37 F9 5F 62 75 BB 
 EE 02 5C 0A D8 A2 6B B0 52 CF E5 D5 11 1F 5D D6 
 DE 31 43 9A F0 CC 15 49 DA 35 7F 25 76 E3 8A C3 
 79 BA E3 9C AD AE DE 74 78 DA DD 4D 33 B7 51 1F 
 27 7E 39 AD F7 A1 DF 15 F4 23 7B B3 29 1B C9 17 
 19 2A DB 3A 73 DB B8 9A F8 F5 74 F2 E1 4E 55 5A 
 90 BB A0 9A 3D A0 54 14 85 D6 07 0A 88 5F 81 1E 
 83 ED 2C CA 88 63 39 3E C9 EE 13 27 A8 DD 83 3A 
 0B E4 BF 83 22 1A 36 04 3D FF 94 19 29 33 4D 66 
 46 E5 AE C6 1A 70 74 1D F8 1E F2 2E F6 D5 DE 56 
 AF 8E D3 05 A6 67 6B 4C C9 7B 31 2A 08 2A 3D C3 
 02 0E D7 E1 9B A8 22 68 8A 60 1F F8 CA 83 0F AE 
 8F BD DC 39 0E 0E 88 17 3C F0 07 F8 65 10 24 BB 
 89 4A 06 81 D7 3A 1D AA AC 61 A4 11 FF F7 59 A6 
 64 41 58 E7 C6 52 FB F2 F3 C1 B7 09 34 E1 35 50 
 F5 83 4E 13 A9 35 BB E8 A4 B7 83 84 3F CD 3F 9A 
 A8 6E A0 3E 34 41 6C 91 E6 E0 19 AB 4F DB 67 3C 
 99 DA 50 9B 3A 5C 9E 70 B8 03 93 26 43 3C A1 3B 
 06 5D 60 57 77 6E 3D ED 05 2F 50 EF AC 46 7D 56 
 55 07 26 D1 4B 12 0C 77 53 3F 3D 01 53 85 2E 9B 
 99 C5 80 DD A2 58 E6 52 E9 E0 B8 64 2C 96 D1 A1 
 FA 07 05 FC 40 04 62 09 91 9A C2 3B C1 21 2F 15 
 CD 13 4B CB 1D 64 4A 9C FF 63 C3 E2 6D BC EC CA 
 C1 53 82 C0 37 59 27 A0 DC 76 E0 8B 6B 3A C2 CF 
 92 B7 3E 10 A5 0D 57 33 8C 30 F1 B5 57 61 A9 D2 
 B6 B1 1F C0 C5 86 A5 E7 24 29 D9 BB CB AC D8 A3 
 DF 5E 9A 4D 82 1C 59 29 F1 84 B6 F6 38 41 6F E0 
 42 01 A7 E1 E0 E5 7F 2E BC 86 2F 85 35 D5 B2 2D 
 D1 76 77 D7 F9 C5 2A 10 7E 43 8F 63 A5 33 FC 94 
 7F 22 ED F0 CB B3 97 29 72 EE 57 61 62 36 B1 4F 
 CD BD 9B 79 46 43 79 9C A6 CF 94 4A EB EC DB E3 
 A7 AF 7A 30 C7 33 AE 42 CC 70 11 4E E1 28 4D 7A 
 E9 63 C1 7B 47 F1 07 37 B2 58 CB 86 A9 C4 4E FD 
 61 6A 15 3A 94 42 FE 5A 8D DB B3 FF D6 DA BB A6 
 F4 E0 E4 8D BD 75 65 CF 5B B0 74 53 50 7B EA DF 
 91 70 31 EE FB 3B 42 D3 27 8A 42 2F F1 4A 15 31 
 1A 9C 17 06 DD 10 3A AB 49 67 22 EA D6 21 38 20 
 FA E5 83 7C BC 82 13 82 80 2E 84 1A C1 C8 FA 17 
 F9 46 F3 39 2B 27 63 6D 91 1E 18 8B ED D5 2D B6 
 C7 B3 18 29 E3 0C F0 72 9F A5 EE 0F 4F D2 97 F2 
 86 29 53 AC A5 88 4E 7F FA 80 1E AC 2B E1 48 B0 
 79 B2 D3 1F AD 6E CB 15 51 21 27 DE 71 AB 71 1B 
 4D 33 24 49 EB 6A CD 8F 06 25 9B 4D 78 93 3C 99 
 37 AB 1C 63 34 3A 6B 19 65 55 2B 30 EC DF DA 89 
 73 50 34 1F 3B 0B C4 9D 85 BF 1B E8 65 5F 9B C7 
 13 BE 67 B3 14 3E 02 25 36 27 FD 46 08 14 89 08 
 20 C9 10 FC D3 0F BA F3 51 3E C9 61 D4 33 45 A1 
 1E A9 8A 6F 21 8A AC F2 35 65 7D 57 08 BE 37 05 
 7B 40 2C 8B 90 E4 FC 93 4D E2 DE 04 F8 7C E2 28 
 F9 C2 9D 0E BE EA 2D 32 AE B6 09 89 5A 6D E3 E0 
 84 41 45 D6 29 9E 97 81 67 DF 5E 89 97 CB BD 5E 
 F2 28 01 7A 7E D9 25 B2 81 6E 5C D2 F9 F0 7B 7B 
 A6 83 01 4B DF BC 17 87 0D 59 47 1A 39 0A 05 2D 
 2D 9C DC A9 08 FE E5 60 03 77 12 1F 86 1E F0 FD 
 E9 A8 56 2A B5 53 21 76 69 DF 31 C3 B7 F7 E4 4D 
 97 DC 74 A3 96 A7 D4 23 37 BA 7F 49 16 AD 57 A4 
 B3 08 94 93 AC 7A C9 28 5E 28 CE 3E F0 DA 80 BC 
 D6 9C E6 9D B7 F6 8B 47 14 8E E0 51 61 53 4A 20 
 16 47 2D AD 50 75 D4 0E BA 47 6D CF 78 44 E3 30 
 F1 9F FE B7 3E E9 84 99 AA 04 11 44 6D 49 0D 02 
 34 EB 21 01 6D BE 28 3F 35 3E 50 15 8C 4D 5C 23 
 9A 93 10 D4 32 49 80 72 A7 85 8A D0 95 30 06 4C 
 DC 7A 2E 08 9F AC 07 EC 33 C3 B7 4C 06 EC EB D6 
 8D F1 C7 3D 05 C0 71 66 AF BF 16 22 DF B2 84 0C 
 23 1E 70 E7 84 FF 36 C6 F2 F5 65 3A 98 28 77 AA 
 39 41 56 65 78 5A 67 43 54 6D A3 13 FC 98 75 44 
 FD 96 B9 4D 40 EE 1E 5B 5A D7 9A 23 DF AC 08 06 
 CE 1C 22 F9 77 0F A6 D2 86 A8 96 55 61 12 97 24 
 9B F9 A2 17 95 FB 26 60 DF 75 DB 7E 4C F8 8B 98 
 53 3F 7D EC E2 37 94 B2 94 C6 94 CA 01 07 1B 7A 
 SWTPM_IO_Read: length 14
 80 01 00 00 00 0E 00 00 01 65 80 00 00 00 
    IsEnEnabled(0x165 = 'FlushContext'): 1
 SWTPM_IO_Write: length 10
 80 01 00 00 00 0A 00 00 00 00 
 SWTPM_IO_Read: length 14
 80 01 00 00 00 0E 00 00 01 62 80 00 00 01 
    IsEnEnabled(0x162 = 'ContextSave'): 1
 SWTPM_IO_Write: length 367
 80 01 00 00 01 6F 00 00 00 00 00 00 00 00 00 00 
 01 4B 80 00 00 01 40 00 00 07 01 53 00 40 0E 15 
 C0 21 FF 69 00 C9 06 04 2A D2 29 A6 39 BF F9 B0 
 FC FC 6E 13 BB C4 2B 30 5C C6 2B 1E 08 AA 11 BB 
 57 E5 1D 90 A6 BB E1 28 4E A0 CB 1F 98 30 05 3C 
 24 3E 54 25 2C A8 AF E9 F8 49 4A 46 AD EC 41 3B 
 FF 66 11 6C 10 AC E1 4E CE 3A 95 EA 07 BD 20 AF 
 02 29 DF 78 F7 98 A5 AA E3 50 88 53 0E C2 F9 5B 
 BC E4 0B 27 88 6E 7C 14 6E 2B 8C E2 64 A1 E8 DA 
 70 3E A4 7F C2 4D 45 DA 1F BB CD 8B 40 63 61 55 
 24 0A D9 CD B4 6B 62 C5 8B D8 51 BE 42 4B DD 64 
 E2 EE 22 28 0A 33 52 6B 56 15 58 7C A5 98 E0 D6 
 45 AD 26 A0 BE A0 54 5D 28 38 78 6A 7E 2E C8 1D 
 57 D2 5E 13 51 CE 01 58 4E E2 1E 19 87 4D BD 74 
 71 C9 A8 52 B5 B9 8F 72 85 CE E5 F5 59 7F 5D 54 
 61 B8 18 1D FE 87 9E 43 FD 09 B6 DA 34 06 E2 83 
 B1 55 ED 26 3C 7C A2 78 F7 AE B4 86 8F 2A B4 3F 
 2B 6C 7D 4C 51 49 D5 AE 9A B5 B4 67 82 EB 9E A7 
 D8 74 10 6F DD 36 06 19 CD A0 AC A3 FD C3 74 69 
 3E 79 91 07 60 1F C3 47 C2 64 6C 51 D6 51 99 10 
 88 78 AF 39 77 EC BC 3B 88 C6 FD 5D 1D 74 DF B1 
 B7 F9 4C 59 F3 86 7F 83 F8 E9 A1 6E 91 BB A6 84 
 FE 81 74 5A 46 AA C6 B0 21 05 BD 30 0D 97 20 
 SWTPM_IO_Read: length 14
 80 01 00 00 00 0E 00 00 01 65 80 00 00 01 
    IsEnEnabled(0x165 = 'FlushContext'): 1
 SWTPM_IO_Write: length 10
 80 01 00 00 00 0A 00 00 00 00 
 SWTPM_IO_Read: length 14
 80 01 00 00 00 0E 00 00 01 62 02 00 00 00 
    IsEnEnabled(0x162 = 'ContextSave'): 1
 SWTPM_IO_Write: length 414
 80 01 00 00 01 9E 00 00 00 00 00 00 00 00 00 00 
 01 19 02 00 00 00 40 00 00 07 01 82 00 40 8F 30 
 22 6C 0B 16 67 54 F4 69 B9 6E 74 0B A6 C2 3B DE 
 CC C7 EB CD 84 B0 6F 5C 26 BF A1 76 D3 74 C2 4D 
 71 BD 97 F4 5E 42 24 7A 16 56 6A E8 74 3F 00 D9 
 05 07 94 5A A7 A5 D6 CA 14 5D 3C 12 A6 85 7B A8 
 74 D4 30 AE C0 87 BA 51 78 35 44 50 82 79 A3 BC 
 92 45 87 FE 58 8E 55 4F 50 76 CD 66 80 97 29 73 
 7A 26 FF C2 1D A0 30 C8 95 62 14 0C 27 0E EB B5 
 EB 8D 50 B7 32 AB 36 7E 1A E1 12 86 CE 80 35 8D 
 07 B8 11 EE FC 71 7A 32 0F 98 2C 22 8D A7 7F 8D 
 FC C2 E6 0B E4 2E A2 13 E4 9B B2 EB 5D 39 BC 90 
 12 03 31 D1 B8 4E AF BE 5F 27 6A BB BA 18 43 2E 
 18 20 68 22 BF CE 17 D7 D0 1D 7C 53 8B 9A D8 7C 
 D7 B6 CF 5F 7F DB 9F 59 78 E6 14 88 C2 F3 73 82 
 93 4F ED BA AE BE F0 71 72 0F C5 5B 25 B0 1C FB 
 0F F9 57 4B B1 4D 14 E5 06 3D E7 FF 0B 42 39 C8 
 C0 C7 4F A4 AC 7C 99 D5 11 47 56 C5 43 E8 65 A1 
 18 A9 28 F3 6A F4 A0 9B A1 38 50 B3 2B B8 0F 0C 
 6A 3F 51 E3 93 2A F3 F2 D9 46 24 C8 C3 70 6E 99 
 6B 43 A9 68 EF 82 CC 39 7B 0E 28 59 2C 4B AE D1 
 B8 36 D9 84 BC F6 61 CF 82 5E 3F EA 5D A8 B5 7F 
 B2 70 19 4F CC DD 3D A0 EF 21 C7 6E 3E CA A5 78 
 05 33 08 55 B8 44 E2 CE 96 5F 75 3E BE D5 89 8A 
 60 F0 AF 64 CA C3 75 EF 54 5F 13 C9 01 36 AC 48 
 C0 64 BD 12 F7 1A 90 25 11 5D F8 F2 8E 3B 
 SWTPM_IO_Read: length 1232
 80 01 00 00 04 D0 00 00 01 61 00 00 00 00 00 00 
 01 4A 80 00 00 00 40 00 00 01 04 B4 00 40 11 81 
 7C D0 56 89 52 20 D0 4A 05 09 50 A6 52 69 74 CA 
 87 A5 50 22 DF 45 4B 3D 67 B8 2B 9A CC 4F 9B 51 
 8C 57 26 C4 64 FC A0 4A BF 7A 2B FF E3 14 9F 2F 
 38 71 BA 90 CD 4A 3E 78 E5 E1 ED 29 95 2D AC 78 
 4C 6B C9 66 E4 96 00 76 EB FF 18 18 C3 14 BA 2D 
 EA F7 60 24 09 FF D6 FD 66 E5 37 F9 5F 62 75 BB 
 EE 02 5C 0A D8 A2 6B B0 52 CF E5 D5 11 1F 5D D6 
 DE 31 43 9A F0 CC 15 49 DA 35 7F 25 76 E3 8A C3 
 79 BA E3 9C AD AE DE 74 78 DA DD 4D 33 B7 51 1F 
 27 7E 39 AD F7 A1 DF 15 F4 23 7B B3 29 1B C9 17 
 19 2A DB 3A 73 DB B8 9A F8 F5 74 F2 E1 4E 55 5A 
 90 BB A0 9A 3D A0 54 14 85 D6 07 0A 88 5F 81 1E 
 83 ED 2C CA 88 63 39 3E C9 EE 13 27 A8 DD 83 3A 
 0B E4 BF 83 22 1A 36 04 3D FF 94 19 29 33 4D 66 
 46 E5 AE C6 1A 70 74 1D F8 1E F2 2E F6 D5 DE 56 
 AF 8E D3 05 A6 67 6B 4C C9 7B 31 2A 08 2A 3D C3 
 02 0E D7 E1 9B A8 22 68 8A 60 1F F8 CA 83 0F AE 
 8F BD DC 39 0E 0E 88 17 3C F0 07 F8 65 10 24 BB 
 89 4A 06 81 D7 3A 1D AA AC 61 A4 11 FF F7 59 A6 
 64 41 58 E7 C6 52 FB F2 F3 C1 B7 09 34 E1 35 50 
 F5 83 4E 13 A9 35 BB E8 A4 B7 83 84 3F CD 3F 9A 
 A8 6E A0 3E 34 41 6C 91 E6 E0 19 AB 4F DB 67 3C 
 99 DA 50 9B 3A 5C 9E 70 B8 03 93 26 43 3C A1 3B 
 06 5D 60 57 77 6E 3D ED 05 2F 50 EF AC 46 7D 56 
 55 07 26 D1 4B 12 0C 77 53 3F 3D 01 53 85 2E 9B 
 99 C5 80 DD A2 58 E6 52 E9 E0 B8 64 2C 96 D1 A1 
 FA 07 05 FC 40 04 62 09 91 9A C2 3B C1 21 2F 15 
 CD 13 4B CB 1D 64 4A 9C FF 63 C3 E2 6D BC EC CA 
 C1 53 82 C0 37 59 27 A0 DC 76 E0 8B 6B 3A C2 CF 
 92 B7 3E 10 A5 0D 57 33 8C 30 F1 B5 57 61 A9 D2 
 B6 B1 1F C0 C5 86 A5 E7 24 29 D9 BB CB AC D8 A3 
 DF 5E 9A 4D 82 1C 59 29 F1 84 B6 F6 38 41 6F E0 
 42 01 A7 E1 E0 E5 7F 2E BC 86 2F 85 35 D5 B2 2D 
 D1 76 77 D7 F9 C5 2A 10 7E 43 8F 63 A5 33 FC 94 
 7F 22 ED F0 CB B3 97 29 72 EE 57 61 62 36 B1 4F 
 CD BD 9B 79 46 43 79 9C A6 CF 94 4A EB EC DB E3 
 A7 AF 7A 30 C7 33 AE 42 CC 70 11 4E E1 28 4D 7A 
 E9 63 C1 7B 47 F1 07 37 B2 58 CB 86 A9 C4 4E FD 
 61 6A 15 3A 94 42 FE 5A 8D DB B3 FF D6 DA BB A6 
 F4 E0 E4 8D BD 75 65 CF 5B B0 74 53 50 7B EA DF 
 91 70 31 EE FB 3B 42 D3 27 8A 42 2F F1 4A 15 31 
 1A 9C 17 06 DD 10 3A AB 49 67 22 EA D6 21 38 20 
 FA E5 83 7C BC 82 13 82 80 2E 84 1A C1 C8 FA 17 
 F9 46 F3 39 2B 27 63 6D 91 1E 18 8B ED D5 2D B6 
 C7 B3 18 29 E3 0C F0 72 9F A5 EE 0F 4F D2 97 F2 
 86 29 53 AC A5 88 4E 7F FA 80 1E AC 2B E1 48 B0 
 79 B2 D3 1F AD 6E CB 15 51 21 27 DE 71 AB 71 1B 
 4D 33 24 49 EB 6A CD 8F 06 25 9B 4D 78 93 3C 99 
 37 AB 1C 63 34 3A 6B 19 65 55 2B 30 EC DF DA 89 
 73 50 34 1F 3B 0B C4 9D 85 BF 1B E8 65 5F 9B C7 
 13 BE 67 B3 14 3E 02 25 36 27 FD 46 08 14 89 08 
 20 C9 10 FC D3 0F BA F3 51 3E C9 61 D4 33 45 A1 
 1E A9 8A 6F 21 8A AC F2 35 65 7D 57 08 BE 37 05 
 7B 40 2C 8B 90 E4 FC 93 4D E2 DE 04 F8 7C E2 28 
 F9 C2 9D 0E BE EA 2D 32 AE B6 09 89 5A 6D E3 E0 
 84 41 45 D6 29 9E 97 81 67 DF 5E 89 97 CB BD 5E 
 F2 28 01 7A 7E D9 25 B2 81 6E 5C D2 F9 F0 7B 7B 
 A6 83 01 4B DF BC 17 87 0D 59 47 1A 39 0A 05 2D 
 2D 9C DC A9 08 FE E5 60 03 77 12 1F 86 1E F0 FD 
 E9 A8 56 2A B5 53 21 76 69 DF 31 C3 B7 F7 E4 4D 
 97 DC 74 A3 96 A7 D4 23 37 BA 7F 49 16 AD 57 A4 
 B3 08 94 93 AC 7A C9 28 5E 28 CE 3E F0 DA 80 BC 
 D6 9C E6 9D B7 F6 8B 47 14 8E E0 51 61 53 4A 20 
 16 47 2D AD 50 75 D4 0E BA 47 6D CF 78 44 E3 30 
 F1 9F FE B7 3E E9 84 99 AA 04 11 44 6D 49 0D 02 
 34 EB 21 01 6D BE 28 3F 35 3E 50 15 8C 4D 5C 23 
 9A 93 10 D4 32 49 80 72 A7 85 8A D0 95 30 06 4C 
 DC 7A 2E 08 9F AC 07 EC 33 C3 B7 4C 06 EC EB D6 
 8D F1 C7 3D 05 C0 71 66 AF BF 16 22 DF B2 84 0C 
 23 1E 70 E7 84 FF 36 C6 F2 F5 65 3A 98 28 77 AA 
 39 41 56 65 78 5A 67 43 54 6D A3 13 FC 98 75 44 
 FD 96 B9 4D 40 EE 1E 5B 5A D7 9A 23 DF AC 08 06 
 CE 1C 22 F9 77 0F A6 D2 86 A8 96 55 61 12 97 24 
 9B F9 A2 17 95 FB 26 60 DF 75 DB 7E 4C F8 8B 98 
 53 3F 7D EC E2 37 94 B2 94 C6 94 CA 01 07 1B 7A 
    IsEnEnabled(0x161 = 'ContextLoad'): 1
 SWTPM_IO_Write: length 14
 80 01 00 00 00 0E 00 00 00 00 80 00 00 00 
 SWTPM_IO_Read: length 367
 80 01 00 00 01 6F 00 00 01 61 00 00 00 00 00 00 
 01 4B 80 00 00 01 40 00 00 07 01 53 00 40 0E 15 
 C0 21 FF 69 00 C9 06 04 2A D2 29 A6 39 BF F9 B0 
 FC FC 6E 13 BB C4 2B 30 5C C6 2B 1E 08 AA 11 BB 
 57 E5 1D 90 A6 BB E1 28 4E A0 CB 1F 98 30 05 3C 
 24 3E 54 25 2C A8 AF E9 F8 49 4A 46 AD EC 41 3B 
 FF 66 11 6C 10 AC E1 4E CE 3A 95 EA 07 BD 20 AF 
 02 29 DF 78 F7 98 A5 AA E3 50 88 53 0E C2 F9 5B 
 BC E4 0B 27 88 6E 7C 14 6E 2B 8C E2 64 A1 E8 DA 
 70 3E A4 7F C2 4D 45 DA 1F BB CD 8B 40 63 61 55 
 24 0A D9 CD B4 6B 62 C5 8B D8 51 BE 42 4B DD 64 
 E2 EE 22 28 0A 33 52 6B 56 15 58 7C A5 98 E0 D6 
 45 AD 26 A0 BE A0 54 5D 28 38 78 6A 7E 2E C8 1D 
 57 D2 5E 13 51 CE 01 58 4E E2 1E 19 87 4D BD 74 
 71 C9 A8 52 B5 B9 8F 72 85 CE E5 F5 59 7F 5D 54 
 61 B8 18 1D FE 87 9E 43 FD 09 B6 DA 34 06 E2 83 
 B1 55 ED 26 3C 7C A2 78 F7 AE B4 86 8F 2A B4 3F 
 2B 6C 7D 4C 51 49 D5 AE 9A B5 B4 67 82 EB 9E A7 
 D8 74 10 6F DD 36 06 19 CD A0 AC A3 FD C3 74 69 
 3E 79 91 07 60 1F C3 47 C2 64 6C 51 D6 51 99 10 
 88 78 AF 39 77 EC BC 3B 88 C6 FD 5D 1D 74 DF B1 
 B7 F9 4C 59 F3 86 7F 83 F8 E9 A1 6E 91 BB A6 84 
 FE 81 74 5A 46 AA C6 B0 21 05 BD 30 0D 97 20 
    IsEnEnabled(0x161 = 'ContextLoad'): 1
 SWTPM_IO_Write: length 14
 80 01 00 00 00 0E 00 00 00 00 80 00 00 01 
 SWTPM_IO_Read: length 414
 80 01 00 00 01 9E 00 00 01 61 00 00 00 00 00 00 
 01 19 02 00 00 00 40 00 00 07 01 82 00 40 8F 30 
 22 6C 0B 16 67 54 F4 69 B9 6E 74 0B A6 C2 3B DE 
 CC C7 EB CD 84 B0 6F 5C 26 BF A1 76 D3 74 C2 4D 
 71 BD 97 F4 5E 42 24 7A 16 56 6A E8 74 3F 00 D9 
 05 07 94 5A A7 A5 D6 CA 14 5D 3C 12 A6 85 7B A8 
 74 D4 30 AE C0 87 BA 51 78 35 44 50 82 79 A3 BC 
 92 45 87 FE 58 8E 55 4F 50 76 CD 66 80 97 29 73 
 7A 26 FF C2 1D A0 30 C8 95 62 14 0C 27 0E EB B5 
 EB 8D 50 B7 32 AB 36 7E 1A E1 12 86 CE 80 35 8D 
 07 B8 11 EE FC 71 7A 32 0F 98 2C 22 8D A7 7F 8D 
 FC C2 E6 0B E4 2E A2 13 E4 9B B2 EB 5D 39 BC 90 
 12 03 31 D1 B8 4E AF BE 5F 27 6A BB BA 18 43 2E 
 18 20 68 22 BF CE 17 D7 D0 1D 7C 53 8B 9A D8 7C 
 D7 B6 CF 5F 7F DB 9F 59 78 E6 14 88 C2 F3 73 82 
 93 4F ED BA AE BE F0 71 72 0F C5 5B 25 B0 1C FB 
 0F F9 57 4B B1 4D 14 E5 06 3D E7 FF 0B 42 39 C8 
 C0 C7 4F A4 AC 7C 99 D5 11 47 56 C5 43 E8 65 A1 
 18 A9 28 F3 6A F4 A0 9B A1 38 50 B3 2B B8 0F 0C 
 6A 3F 51 E3 93 2A F3 F2 D9 46 24 C8 C3 70 6E 99 
 6B 43 A9 68 EF 82 CC 39 7B 0E 28 59 2C 4B AE D1 
 B8 36 D9 84 BC F6 61 CF 82 5E 3F EA 5D A8 B5 7F 
 B2 70 19 4F CC DD 3D A0 EF 21 C7 6E 3E CA A5 78 
 05 33 08 55 B8 44 E2 CE 96 5F 75 3E BE D5 89 8A 
 60 F0 AF 64 CA C3 75 EF 54 5F 13 C9 01 36 AC 48 
 C0 64 BD 12 F7 1A 90 25 11 5D F8 F2 8E 3B 
    IsEnEnabled(0x161 = 'ContextLoad'): 1
 SWTPM_IO_Write: length 14
 80 01 00 00 00 0E 00 00 00 00 02 00 00 00 
 SWTPM_IO_Read: length 33
 80 02 00 00 00 21 00 00 01 3E 80 00 00 01 00 00 
 00 09 40 00 00 09 00 00 00 00 00 00 00 40 00 00 
 01 
    IsEnEnabled(0x13e = 'SequenceComplete'): 1
 SWTPM_IO_Write: length 125
 80 02 00 00 00 7D 00 00 00 00 00 00 00 6A 00 20 
 AB 53 0A 13 E4 59 14 98 2B 79 F9 B7 E3 FB A9 94 
 CF D1 F3 FB 22 F7 1C EA 1A FB F0 2B 46 0C 6D 1D 
 80 24 40 00 00 01 00 40 AD 16 8E 1F 49 04 E8 42 
 AC 61 CC A7 59 A1 86 D9 97 81 48 17 C2 48 E6 1A 
 53 2C 54 5D 22 F1 E4 74 B4 B5 AB EF 4C D7 6D 08 
 C2 A1 B9 6C EF 5E FD 0F 4C C0 81 C6 DD E2 AB 64 
 0D CC 80 30 BC 6F 82 9F 00 00 01 00 00 
 SWTPM_IO_Read: length 14
 80 01 00 00 00 0E 00 00 01 62 80 00 00 00 
    IsEnEnabled(0x162 = 'ContextSave'): 1
 SWTPM_IO_Write: length 1232
 80 01 00 00 04 D0 00 00 00 00 00 00 00 00 00 00 
 01 4C 80 00 00 00 40 00 00 01 04 B4 00 40 81 AB 
 FE D3 00 5E C9 3C 11 BF E0 AE B1 75 FE 3D E6 E9 
 DD 37 48 D5 5D 94 4D 42 72 A8 93 AF 5D AA 71 26 
 E7 B4 EF E1 3A FE FD B8 0E D9 74 9A 17 2B B1 B4 
 56 2E 1E 5E A2 0D 61 FB B1 9F 9B 89 35 5C 8C 6B 
 77 70 CC 44 21 7B 8D 2E A0 2B F0 34 D8 D1 BC CD 
 76 7A D5 DC FC CB 06 D3 D1 92 5D 46 FF CB FA A4 
 59 8F CD 78 66 2C 7D AD E0 73 46 8A AD 5D F4 77 
 3A 0E B7 B0 FB F4 E4 2E A3 52 3C 52 E5 19 C7 FB 
 99 D5 E4 14 39 19 A0 EF CD 3B 72 8E B8 D9 D1 21 
 FA 78 B5 AE ED 61 2F D4 D5 E4 2B 38 4D 03 96 72 
 8E 91 31 34 D0 BE 79 42 9B 28 2B 8D 8B DE 61 BC 
 F3 38 DB B8 26 CD 10 8C 3D 93 C5 B8 D7 6E FE 9C 
 B0 C1 8A 4B 5C 2F 30 87 59 D7 9A 19 57 97 F3 89 
 E4 E2 8A 93 FA 00 C5 54 A1 0B 2F 62 20 49 58 51 
 09 D8 08 9D 32 FA 30 65 DC E4 CD 64 8F 2F 9E 13 
 86 9B 37 EF 1C E6 C1 9B 2E 42 B0 CA E0 D6 E7 7E 
 FC 12 10 3E A4 80 28 1F 85 EB 18 41 BE 12 26 70 
 7C C5 D4 F0 29 53 63 B5 B4 F4 A8 12 EE 07 91 BC 
 E1 D7 F5 01 7F 78 9E 16 E1 93 F5 6F 82 3F B2 7A 
 5E F9 4D 04 CD 54 CB 35 9A 30 41 68 22 28 F4 0B 
 04 F0 3B 15 3A D5 7A C7 70 72 FA 80 5B 43 12 8D 
 90 45 B0 3B 7C AF 58 B2 E0 F8 F5 BB 77 7D C8 70 
 9C B1 BF 59 09 BC D6 DB 94 40 82 C1 7C 76 64 82 
 90 F5 0B 2D 54 ED 7E 22 B2 08 D5 38 52 40 E8 FF 
 9A B2 9A E0 CD 23 E2 3A C2 DA 43 26 FC D6 C5 8D 
 8C C2 AF C1 72 71 CA FB A0 AE 4A FB 76 AA 6D 6E 
 62 7B 3B 77 0C 03 3C EC B8 56 FD 08 9C F9 07 E8 
 93 72 BD B5 7C 6A 5E A3 F6 B5 FD C0 F2 DC 70 F3 
 30 B0 10 45 72 B0 9A 0B 6D A2 08 B1 0F 5E A7 00 
 52 30 DE 1C 2F 24 6A 37 92 A6 CF AE 28 5E CE 2C 
 F8 47 C9 14 4F 5B 17 1D E8 BF FC 2C BA E7 DF AA 
 70 58 3E AA F0 25 93 DD 4E 8A 45 FA 1F C5 69 FF 
 6E 02 79 4A E0 C6 92 FD CA 72 A0 92 73 DE 62 ED 
 CD 46 6A 61 E5 67 D4 FD C9 9C A7 85 BA FF E1 AC 
 B2 FA 0C 2A 1E 6A 7C 74 D5 2C 46 0A 60 CB C2 8E 
 60 C8 56 4D 91 1D 4A 69 44 AD 70 62 F1 48 FE 21 
 04 74 6D C3 C5 95 70 FC BA 6A 2E F4 AA 1A 29 09 
 3C 59 67 3A 14 05 CC 7A 55 80 C2 08 F5 E8 A1 E5 
 74 91 87 CC 9B 7C 9C 2F 5E B8 82 72 ED 96 3E D7 
 8B E7 6C E3 7F 39 11 AD 24 8E FE A3 FE 10 D8 42 
 3F 25 29 1B 03 21 CE F9 5F 49 88 78 D2 E4 6A F3 
 2B 2F 03 AC 02 65 30 A4 6D 9E 87 85 AC 14 8C 08 
 53 2F 34 51 FB 26 4B A7 98 30 9A 47 1B 82 E5 1C 
 DB C9 0C 4E 6A AE 8B C3 9E 27 88 EE C6 AA 61 71 
 66 6E 48 E3 52 A6 27 B2 7A 3D 11 E4 86 C9 F0 9A 
 73 65 EE 67 1A 45 8D E9 4D E7 18 12 71 5F 08 9D 
 60 76 A5 C4 C5 3B 6A D5 80 96 8F 3C A3 20 C2 17 
 2D 39 DB A3 F6 5A 7A C6 82 B9 C4 13 04 94 FD 1F 
 95 A1 80 C0 C9 A4 D0 E8 3F 89 2A D8 7A 19 C6 06 
 38 41 73 2C AF A5 D1 71 C7 0D 9B 35 DA 6B C3 35 
 A1 37 38 20 1C 3A 15 AB 83 A7 E2 06 C1 6B F4 B6 
 8C 93 CF 50 80 09 3C 61 CB 0F 23 6F 6F D2 55 8D 
 EA 91 82 73 13 FA 57 00 94 8B 4F 48 20 41 EA 8A 
 79 98 34 BF 11 E0 46 3E A2 A2 C5 19 8D BC 62 95 
 9C D0 C5 CA D8 43 D0 26 30 35 0D 39 C5 5B 81 EF 
 AB 5A 51 10 CA E9 3D 7E 9E 55 39 C3 6B E3 AE 0A 
 95 1A 35 6D CA C7 57 4D 7D D9 75 BE 8D 48 2D 14 
 7B 00 55 A4 6E EC BC 12 8C 2A 8A AD 9D 7A 2B EC 
 FD 0B FA 12 DC 21 A1 72 33 00 74 01 CC 26 82 00 
 80 A2 C4 64 BC FE F9 6C 28 D6 BE 0D C9 1A 2C 56 
 11 EA 28 3D 13 8D 4D 43 F2 81 5E B5 D9 D4 B1 2B 
 8E 25 EB 9C BB F7 F1 57 30 34 4B 55 5E 1B 58 85 
 2C 1A F3 60 FE 71 7C 99 26 2A 2A C3 16 80 0A 07 
 77 58 2E E3 68 80 9B 2F B2 7D F7 62 61 EC 95 54 
 AC C8 B0 3F 61 1B 18 80 BA E1 C1 08 89 AC 27 A6 
 AF C7 AD 54 0A B3 60 AD 71 F4 F4 C8 9C 1D 30 3D 
 50 4D F4 1E 86 75 BE 10 F2 60 B6 2A 47 0B 22 87 
 E3 FD 89 3D BD 42 88 C2 A3 6E FF 8E B6 75 C1 7A 
 43 FD 6B EF 7B A7 C3 A1 16 68 A2 EE 61 D4 AA 11 
 79 44 4C 42 60 E3 27 91 ED B0 71 D3 E6 89 55 35 
 9B F9 51 6D 7A FC EB 4B 3F F6 F5 A7 40 14 1A AF 
 51 18 31 9E 9D 8F DC 04 D0 B0 5A E4 D1 A5 DC 75 
 57 A7 D3 9E CC C1 8E D2 7B 80 35 38 3C C3 EB 66 
 D0 AD BB B5 D5 68 92 8B B5 51 99 0E E9 27 E3 33 
 B8 BE 65 71 25 98 BF 47 D0 AD 43 9F 1A D2 37 6D 
 SWTPM_IO_Read: length 14
 80 01 00 00 00 0E 00 00 01 65 80 00 00 00 
    IsEnEnabled(0x165 = 'FlushContext'): 1
 SWTPM_IO_Write: length 10
 80 01 00 00 00 0A 00 00 00 00 
 SWTPM_IO_Read: length 14
 80 01 00 00 00 0E 00 00 01 62 80 00 00 01 
    IsEnEnabled(0x162 = 'ContextSave'): 1
 SWTPM_IO_Write: length 10
 80 01 00 00 00 0A 00 00 09 10 
 SWTPM_IO_Read: length 14
 80 01 00 00 00 0E 00 00 01 62 02 00 00 00 
    IsEnEnabled(0x162 = 'ContextSave'): 1
 SWTPM_IO_Write: length 414
 80 01 00 00 01 9E 00 00 00 00 00 00 00 00 00 00 
 01 1A 02 00 00 00 40 00 00 07 01 82 00 40 B5 51 
 6D F7 BA CC 2C E1 7D 87 EA AE DC 9E 9A 19 61 7A 
 09 A5 C2 6A 4F EE EA FC CD 22 76 51 C1 4E 38 1B 
 2C F3 93 B3 35 E6 13 0A 9E B7 C4 14 C7 50 6D 98 
 8B 7C F1 A7 4F DD DE 8A 09 27 B9 BE 63 1B F0 22 
 93 8D 69 CA 40 BB B0 BC 87 D3 89 E2 79 14 90 24 
 AB EE 5C 7C 48 75 31 85 C9 3F A3 B7 54 7A 72 B3 
 E5 AF 46 FD EE 26 23 A7 E1 08 92 CA 48 38 06 C6 
 8C D3 53 49 D8 DA E9 F6 C0 14 DA 41 ED BE 45 6F 
 84 9E 49 D1 49 61 3E 55 94 21 A3 45 32 11 5F 9E 
 28 EA 46 EF A2 62 27 CA DF 0F 0B 65 82 A2 1D 2B 
 B5 09 E4 5E CB 85 85 7A F5 60 4D 0B 08 D6 09 B7 
 BA 46 74 DE B9 C4 9E 42 76 7C 80 52 ED C8 45 49 
 13 B9 FC A2 74 4D DD D2 53 51 0D 69 14 4D EB 3B 
 42 EB A9 53 AB 9B 35 D8 D0 60 8C 39 9E E1 8A F0 
 23 7E FB BF 0E B2 4B E3 36 5B 1D FA D7 0D C8 93 
 BD 36 6A 0A 27 E5 BD 62 68 FD 97 3D 0A 02 4B C4 
 C4 79 86 8A 61 6F 43 0D C2 8A 25 73 34 C4 FC D3 
 43 93 BB 4D 71 E0 13 F0 A0 EA 91 76 64 1D AC 5B 
 05 BC E2 C2 EF CD F7 CB 3F 41 8C 8F 87 C5 BC 44 
 1D C9 0C E7 B4 20 FC 15 DF BE D3 E7 F0 1C B3 01 
 DF 2C 1B 5F BE 5D 07 BA 79 66 F7 B1 38 CA 88 A6 
 C5 6E 5C 7C B8 3E 5A 4B F3 C2 A7 65 76 52 AC A1 
 D2 5F F2 FF 05 A2 65 31 06 65 03 78 52 BF A0 80 
 D1 5F D3 D6 E9 A8 AA 94 A9 6A 4D 90 80 EE 
 SWTPM_IO_Read: length 1232
 80 01 00 00 04 D0 00 00 01 61 00 00 00 00 00 00 
 01 4C 80 00 00 00 40 00 00 01 04 B4 00 40 81 AB 
 FE D3 00 5E C9 3C 11 BF E0 AE B1 75 FE 3D E6 E9 
 DD 37 48 D5 5D 94 4D 42 72 A8 93 AF 5D AA 71 26 
 E7 B4 EF E1 3A FE FD B8 0E D9 74 9A 17 2B B1 B4 
 56 2E 1E 5E A2 0D 61 FB B1 9F 9B 89 35 5C 8C 6B 
 77 70 CC 44 21 7B 8D 2E A0 2B F0 34 D8 D1 BC CD 
 76 7A D5 DC FC CB 06 D3 D1 92 5D 46 FF CB FA A4 
 59 8F CD 78 66 2C 7D AD E0 73 46 8A AD 5D F4 77 
 3A 0E B7 B0 FB F4 E4 2E A3 52 3C 52 E5 19 C7 FB 
 99 D5 E4 14 39 19 A0 EF CD 3B 72 8E B8 D9 D1 21 
 FA 78 B5 AE ED 61 2F D4 D5 E4 2B 38 4D 03 96 72 
 8E 91 31 34 D0 BE 79 42 9B 28 2B 8D 8B DE 61 BC 
 F3 38 DB B8 26 CD 10 8C 3D 93 C5 B8 D7 6E FE 9C 
 B0 C1 8A 4B 5C 2F 30 87 59 D7 9A 19 57 97 F3 89 
 E4 E2 8A 93 FA 00 C5 54 A1 0B 2F 62 20 49 58 51 
 09 D8 08 9D 32 FA 30 65 DC E4 CD 64 8F 2F 9E 13 
 86 9B 37 EF 1C E6 C1 9B 2E 42 B0 CA E0 D6 E7 7E 
 FC 12 10 3E A4 80 28 1F 85 EB 18 41 BE 12 26 70 
 7C C5 D4 F0 29 53 63 B5 B4 F4 A8 12 EE 07 91 BC 
 E1 D7 F5 01 7F 78 9E 16 E1 93 F5 6F 82 3F B2 7A 
 5E F9 4D 04 CD 54 CB 35 9A 30 41 68 22 28 F4 0B 
 04 F0 3B 15 3A D5 7A C7 70 72 FA 80 5B 43 12 8D 
 90 45 B0 3B 7C AF 58 B2 E0 F8 F5 BB 77 7D C8 70 
 9C B1 BF 59 09 BC D6 DB 94 40 82 C1 7C 76 64 82 
 90 F5 0B 2D 54 ED 7E 22 B2 08 D5 38 52 40 E8 FF 
 9A B2 9A E0 CD 23 E2 3A C2 DA 43 26 FC D6 C5 8D 
 8C C2 AF C1 72 71 CA FB A0 AE 4A FB 76 AA 6D 6E 
 62 7B 3B 77 0C 03 3C EC B8 56 FD 08 9C F9 07 E8 
 93 72 BD B5 7C 6A 5E A3 F6 B5 FD C0 F2 DC 70 F3 
 30 B0 10 45 72 B0 9A 0B 6D A2 08 B1 0F 5E A7 00 
 52 30 DE 1C 2F 24 6A 37 92 A6 CF AE 28 5E CE 2C 
 F8 47 C9 14 4F 5B 17 1D E8 BF FC 2C BA E7 DF AA 
 70 58 3E AA F0 25 93 DD 4E 8A 45 FA 1F C5 69 FF 
 6E 02 79 4A E0 C6 92 FD CA 72 A0 92 73 DE 62 ED 
 CD 46 6A 61 E5 67 D4 FD C9 9C A7 85 BA FF E1 AC 
 B2 FA 0C 2A 1E 6A 7C 74 D5 2C 46 0A 60 CB C2 8E 
 60 C8 56 4D 91 1D 4A 69 44 AD 70 62 F1 48 FE 21 
 04 74 6D C3 C5 95 70 FC BA 6A 2E F4 AA 1A 29 09 
 3C 59 67 3A 14 05 CC 7A 55 80 C2 08 F5 E8 A1 E5 
 74 91 87 CC 9B 7C 9C 2F 5E B8 82 72 ED 96 3E D7 
 8B E7 6C E3 7F 39 11 AD 24 8E FE A3 FE 10 D8 42 
 3F 25 29 1B 03 21 CE F9 5F 49 88 78 D2 E4 6A F3 
 2B 2F 03 AC 02 65 30 A4 6D 9E 87 85 AC 14 8C 08 
 53 2F 34 51 FB 26 4B A7 98 30 9A 47 1B 82 E5 1C 
 DB C9 0C 4E 6A AE 8B C3 9E 27 88 EE C6 AA 61 71 
 66 6E 48 E3 52 A6 27 B2 7A 3D 11 E4 86 C9 F0 9A 
 73 65 EE 67 1A 45 8D E9 4D E7 18 12 71 5F 08 9D 
 60 76 A5 C4 C5 3B 6A D5 80 96 8F 3C A3 20 C2 17 
 2D 39 DB A3 F6 5A 7A C6 82 B9 C4 13 04 94 FD 1F 
 95 A1 80 C0 C9 A4 D0 E8 3F 89 2A D8 7A 19 C6 06 
 38 41 73 2C AF A5 D1 71 C7 0D 9B 35 DA 6B C3 35 
 A1 37 38 20 1C 3A 15 AB 83 A7 E2 06 C1 6B F4 B6 
 8C 93 CF 50 80 09 3C 61 CB 0F 23 6F 6F D2 55 8D 
 EA 91 82 73 13 FA 57 00 94 8B 4F 48 20 41 EA 8A 
 79 98 34 BF 11 E0 46 3E A2 A2 C5 19 8D BC 62 95 
 9C D0 C5 CA D8 43 D0 26 30 35 0D 39 C5 5B 81 EF 
 AB 5A 51 10 CA E9 3D 7E 9E 55 39 C3 6B E3 AE 0A 
 95 1A 35 6D CA C7 57 4D 7D D9 75 BE 8D 48 2D 14 
 7B 00 55 A4 6E EC BC 12 8C 2A 8A AD 9D 7A 2B EC 
 FD 0B FA 12 DC 21 A1 72 33 00 74 01 CC 26 82 00 
 80 A2 C4 64 BC FE F9 6C 28 D6 BE 0D C9 1A 2C 56 
 11 EA 28 3D 13 8D 4D 43 F2 81 5E B5 D9 D4 B1 2B 
 8E 25 EB 9C BB F7 F1 57 30 34 4B 55 5E 1B 58 85 
 2C 1A F3 60 FE 71 7C 99 26 2A 2A C3 16 80 0A 07 
 77 58 2E E3 68 80 9B 2F B2 7D F7 62 61 EC 95 54 
 AC C8 B0 3F 61 1B 18 80 BA E1 C1 08 89 AC 27 A6 
 AF C7 AD 54 0A B3 60 AD 71 F4 F4 C8 9C 1D 30 3D 
 50 4D F4 1E 86 75 BE 10 F2 60 B6 2A 47 0B 22 87 
 E3 FD 89 3D BD 42 88 C2 A3 6E FF 8E B6 75 C1 7A 
 43 FD 6B EF 7B A7 C3 A1 16 68 A2 EE 61 D4 AA 11 
 79 44 4C 42 60 E3 27 91 ED B0 71 D3 E6 89 55 35 
 9B F9 51 6D 7A FC EB 4B 3F F6 F5 A7 40 14 1A AF 
 51 18 31 9E 9D 8F DC 04 D0 B0 5A E4 D1 A5 DC 75 
 57 A7 D3 9E CC C1 8E D2 7B 80 35 38 3C C3 EB 66 
 D0 AD BB B5 D5 68 92 8B B5 51 99 0E E9 27 E3 33 
 B8 BE 65 71 25 98 BF 47 D0 AD 43 9F 1A D2 37 6D 
    IsEnEnabled(0x161 = 'ContextLoad'): 1
 SWTPM_IO_Write: length 14
 80 01 00 00 00 0E 00 00 00 00 80 00 00 00 
 SWTPM_IO_Read: length 414
 80 01 00 00 01 9E 00 00 01 61 00 00 00 00 00 00 
 01 1A 02 00 00 00 40 00 00 07 01 82 00 40 B5 51 
 6D F7 BA CC 2C E1 7D 87 EA AE DC 9E 9A 19 61 7A 
 09 A5 C2 6A 4F EE EA FC CD 22 76 51 C1 4E 38 1B 
 2C F3 93 B3 35 E6 13 0A 9E B7 C4 14 C7 50 6D 98 
 8B 7C F1 A7 4F DD DE 8A 09 27 B9 BE 63 1B F0 22 
 93 8D 69 CA 40 BB B0 BC 87 D3 89 E2 79 14 90 24 
 AB EE 5C 7C 48 75 31 85 C9 3F A3 B7 54 7A 72 B3 
 E5 AF 46 FD EE 26 23 A7 E1 08 92 CA 48 38 06 C6 
 8C D3 53 49 D8 DA E9 F6 C0 14 DA 41 ED BE 45 6F 
 84 9E 49 D1 49 61 3E 55 94 21 A3 45 32 11 5F 9E 
 28 EA 46 EF A2 62 27 CA DF 0F 0B 65 82 A2 1D 2B 
 B5 09 E4 5E CB 85 85 7A F5 60 4D 0B 08 D6 09 B7 
 BA 46 74 DE B9 C4 9E 42 76 7C 80 52 ED C8 45 49 
 13 B9 FC A2 74 4D DD D2 53 51 0D 69 14 4D EB 3B 
 42 EB A9 53 AB 9B 35 D8 D0 60 8C 39 9E E1 8A F0 
 23 7E FB BF 0E B2 4B E3 36 5B 1D FA D7 0D C8 93 
 BD 36 6A 0A 27 E5 BD 62 68 FD 97 3D 0A 02 4B C4 
 C4 79 86 8A 61 6F 43 0D C2 8A 25 73 34 C4 FC D3 
 43 93 BB 4D 71 E0 13 F0 A0 EA 91 76 64 1D AC 5B 
 05 BC E2 C2 EF CD F7 CB 3F 41 8C 8F 87 C5 BC 44 
 1D C9 0C E7 B4 20 FC 15 DF BE D3 E7 F0 1C B3 01 
 DF 2C 1B 5F BE 5D 07 BA 79 66 F7 B1 38 CA 88 A6 
 C5 6E 5C 7C B8 3E 5A 4B F3 C2 A7 65 76 52 AC A1 
 D2 5F F2 FF 05 A2 65 31 06 65 03 78 52 BF A0 80 
 D1 5F D3 D6 E9 A8 AA 94 A9 6A 4D 90 80 EE 
    IsEnEnabled(0x161 = 'ContextLoad'): 1
 SWTPM_IO_Write: length 14
 80 01 00 00 00 0E 00 00 00 00 02 00 00 00 
 SWTPM_IO_Read: length 201
 80 02 00 00 00 C9 00 00 01 5D 80 00 00 00 00 00 
 00 49 02 00 00 00 00 20 36 7A 96 4D A9 76 86 3E 
 31 7C C5 25 8A 8F 10 AB 6F F8 56 A6 24 B1 F9 4B 
 9F EC 90 95 7B 2B 7E 75 01 00 20 38 BB 20 40 14 
 40 78 49 80 55 52 0D 75 96 F8 B7 50 C2 7C E7 03 
 4C CF 1B 8D DE 8E 2E F0 8B 16 A4 00 20 AB 53 0A 
 13 E4 59 14 98 2B 79 F9 B7 E3 FB A9 94 CF D1 F3 
 FB 22 F7 1C EA 1A FB F0 2B 46 0C 6D 1D 00 16 00 
 0B 80 24 40 00 00 01 00 40 AD 16 8E 1F 49 04 E8 
 42 AC 61 CC A7 59 A1 86 D9 97 81 48 17 C2 48 E6 
 1A 53 2C 54 5D 22 F1 E4 74 B4 B5 AB EF 4C D7 6D 
 08 C2 A1 B9 6C EF 5E FD 0F 4C C0 81 C6 DD E2 AB 
 64 0D CC 80 30 BC 6F 82 9F 
    IsEnEnabled(0x15d = 'Sign'): 1
 SWTPM_IO_Write: length 345
 80 02 00 00 01 59 00 00 00 00 00 00 01 06 00 16 
 00 0B 01 00 D8 A7 9D 69 2C B9 B0 17 79 DD 68 DF 
 00 5C E9 11 8C 0E E9 EE 04 00 2B 7C 7D 85 5D 0B 
 80 36 71 9E EB 67 C7 2A 92 0D 05 EC FC 95 2B D8 
 21 4C 4C D7 76 2A 9E D9 02 B5 3D 61 58 B4 F1 F0 
 88 4D CD 8D 79 B4 86 85 B8 8D 33 8B 70 BF F9 30 
 77 AF A1 DC BC A9 80 90 50 74 8A B1 0C E0 EA 66 
 DE A8 07 43 C0 0B 80 54 34 FC 4E 9F 70 70 AB 02 
 42 57 72 2B 06 7A A7 E7 6A D1 32 57 32 9E 2A DF 
 41 14 15 51 2E BC 19 5F 30 95 12 0D 60 08 22 71 
 05 8C AE 7B CD A6 B6 EC AC CB 2E AF 45 6D D3 56 
 39 9F BE A0 1E 83 1E DD 8F 8E DC 69 99 55 02 A9 
 31 A5 2D DF AF E7 79 4D E9 D1 83 30 EC CB DA 74 
 12 1B 03 2E F0 95 D4 96 EE BB 05 DC 58 46 0D EC 
 85 9A 9C FE 76 0E 28 03 EA 2B A5 17 8B B3 C0 BE 
 8A AA AD D4 99 15 B2 20 1D 9F 13 EB 47 BF DD 61 
 2C AD 4E 9E BD 1B 4C CA A7 06 CC 99 24 DD 3A 3E 
 AB B7 34 2E 00 20 0E FA 33 8E 72 A0 33 99 6F C8 
 54 CF 74 A4 76 71 5F 80 BD 32 E3 20 D9 DE DD 53 
 CB D2 7F 71 80 C9 01 00 20 C3 AD F1 A3 BD 06 D8 
 29 07 1F 57 D0 FC BD 99 87 69 06 4A 30 7A 3F 43 
 5E 43 3C 3A EF 85 CB 65 BD 
 SWTPM_IO_Read: length 14
 80 01 00 00 00 0E 00 00 01 62 80 00 00 00 
    IsEnEnabled(0x162 = 'ContextSave'): 1
 SWTPM_IO_Write: length 1232
 80 01 00 00 04 D0 00 00 00 00 00 00 00 00 00 00 
 01 4D 80 00 00 00 40 00 00 01 04 B4 00 40 36 16 
 57 CF 1B 3D 0C 47 DE 2B 66 78 50 0F A2 4A 7A 47 
 7C E3 69 CA E8 A0 1E 5F C4 AC 9E B6 C6 F7 06 D5 
 D0 FE 05 2E 8C 0D 51 75 1B 56 8A 42 13 B2 A4 DE 
 6E 7F F8 C8 C7 E4 99 22 4A 08 9C 79 0B 74 EC CB 
 26 29 F4 F9 67 18 76 3F FE AD D6 84 D7 D0 19 30 
 CB 19 BA 5C 26 98 D6 48 DC 1E B8 93 A4 21 9A 87 
 2E 9B 64 B4 15 3C 28 33 A6 04 1F AE E6 B2 97 85 
 06 CD 8E CE AE A3 53 CE 64 FD 05 94 FF 88 CF 94 
 06 72 84 16 EC 0D 8F 44 68 51 07 79 76 0D CD B9 
 E0 B3 8B 35 9A 5B 16 46 B5 D3 CC CD EB 53 5C 8B 
 16 DF 05 88 7F F2 BE B8 9F 41 DE 03 C3 51 C7 80 
 98 79 41 94 AE E2 E7 78 7C B6 2C CF C8 A3 7E 58 
 B2 74 96 AE 1B E5 0F 87 C2 7B 0A 39 29 37 15 64 
 F4 55 38 B8 54 61 9E 2D FE B4 AB 8C 1E 00 98 3C 
 4F 5E C7 53 E2 11 97 38 93 F7 47 D6 AD 2F 91 6F 
 DF 52 F6 E8 2D F9 BB 54 68 5D B5 AC C1 12 DE 19 
 37 67 1C DE 15 12 57 63 71 5F 39 77 EF C3 7E 7B 
 3D F7 34 3A D9 3B 7F D7 CC 54 D9 D3 C7 D1 DA C2 
 F2 50 12 D0 F8 F4 E4 06 4C 57 DC 5C 1D BE 18 9F 
 DC 10 75 67 CC 76 93 F6 44 A9 0E 28 01 75 EC 24 
 BD 0E 50 C0 8D 80 5B 7B FC 98 2C 77 10 91 64 82 
 0C CE CC 5C F4 AE 0B 77 13 49 6A 9F 0B 59 B5 31 
 BE 07 93 F4 68 78 C6 6C CF 17 69 68 04 65 20 28 
 AF 7E E8 62 B6 B7 34 65 6D BA 8F 56 B6 5E 3C 82 
 24 79 92 21 52 72 83 6D 3B 97 75 6F 97 3B A9 35 
 CE BB 3C 77 31 8D 05 32 9B 34 FE 62 B1 69 F1 66 
 E3 6F 53 8A 1F F9 CA 6B 05 03 93 51 8C 4A 6E 5E 
 0F 90 C0 DF 6A 79 2A 2C 1A 27 D8 1B 27 3B 69 BB 
 C0 66 B8 1C E9 CB AD 46 0D 67 16 83 06 8B 44 2B 
 67 FE 00 DD 92 55 7D 26 E0 51 1F 66 5B 2E 30 0D 
 C3 98 94 0D 8E 9D 52 68 67 21 EE 65 64 D6 5D E7 
 9F 48 6B CC 78 60 AB C6 82 D7 FA 08 3C 1E B7 D5 
 BA 69 D1 15 2F 2D 19 A0 09 8F 7A DB 65 C2 09 9B 
 EB A3 CE D5 5D 2E FE D9 C8 A1 20 E7 A4 01 1A CD 
 5A 8F 0F 58 DC 31 3B 2C B1 A1 60 4C B0 51 D3 18 
 04 96 82 4B EE 9A 34 98 21 A7 B4 9D 4D 93 47 EC 
 6C 90 D8 64 20 2F 04 02 6D B9 FF A2 34 79 2E 57 
 76 46 34 60 76 9E 41 27 5F 69 A8 68 1A 5E AD E4 
 23 B9 B7 FF 6E AB CF A0 54 D4 E2 3D B9 67 EA 5C 
 82 F2 AB 3B 4A 14 E3 91 50 D8 63 46 A5 73 13 63 
 C9 7A BF DB E0 A6 D4 C2 95 8E 5B 15 EA 9F B5 E6 
 89 79 A6 6C 01 F7 3A 0C 09 0B C5 F4 29 53 CF D1 
 BA 5B 6F 96 A4 43 89 B2 1C 1C A9 55 DB 1D 0D C4 
 A1 33 45 A6 BC 6C A9 10 6C D1 8D 66 E5 31 E4 3E 
 F9 5C C2 06 A9 05 43 B5 D8 4F CD EC 37 55 86 20 
 58 EC 6E 23 B9 A8 DE 23 EF D9 46 57 CD 0A 74 36 
 F3 F9 E8 42 6B DA 6D 32 24 02 B1 87 C0 E1 AB 0B 
 1B 20 42 BA 7F 4B 24 80 08 2C C5 E7 1B 05 00 83 
 7D 20 33 37 EE F5 99 BD EE E3 DF 2E 6F 92 DF D1 
 CC 82 7F 32 1D 39 20 2A 5A F7 2B 82 B3 1C C5 9A 
 18 90 21 D3 49 FD 87 87 15 B4 64 63 29 DD D5 BD 
 69 27 39 DD 79 ED 74 B6 5E B8 29 4F 02 1D 90 EE 
 E3 90 02 C3 77 43 E1 71 5C 1D B5 B3 12 C1 FD 43 
 F6 CF D5 7E A5 54 5F 43 36 EE 72 B9 40 70 47 AE 
 F3 B4 5E 30 5D 5E 43 B1 83 6E 56 CC B9 62 55 98 
 E4 6C DE 93 3C 68 13 A8 9E EB 27 63 7F 07 DC E6 
 6C 80 7C E0 AA 6D A5 44 BF A2 9A 18 8A 28 22 F5 
 DA 20 B1 06 19 CB CD C3 9B 0C 36 43 96 05 A7 C4 
 3B D6 38 71 14 50 D4 7E F9 38 EB CA A6 7E D9 DA 
 DC F0 B4 E9 AA CA 12 4B 81 DB 02 A8 52 C9 AA 1F 
 E4 8A 37 5D 72 D0 6E B1 14 5B 42 62 A7 16 B4 98 
 8F 5F D2 A6 BF 0D D9 10 A1 28 97 1E E5 C0 B1 C4 
 23 E2 D4 33 1C D5 81 97 72 00 D6 AB 62 74 D6 44 
 F2 CA 5A 09 F9 76 C1 14 D0 A9 DB 37 C5 28 90 7C 
 25 C6 07 79 50 A9 EE 9D 27 D0 53 C5 36 76 38 BB 
 5D 70 48 8A A4 9E 07 DB 85 F5 D2 96 CA BE E5 45 
 8C 7E B8 81 85 59 6E 0D 12 61 84 A9 9A 5B 56 64 
 8B 8E BD 3B D0 CE 96 AA 5A 20 15 EB 18 4B 95 68 
 6D CC E3 A2 8A 20 86 17 DF 91 08 CC 0C 36 7C F6 
 A3 B5 83 50 04 1A 66 DB 90 25 95 8F 20 7C 1A D5 
 DA 9E A9 0A 5A 49 B0 39 1E 6D 4F B0 A0 02 B1 35 
 17 CC 63 1C D2 A6 C2 61 F5 F9 45 4C 0F 4B A4 C5 
 68 8D AA D9 26 4C 41 4A A2 80 DA A4 D4 3B 42 1C 
 A8 79 D1 A6 77 36 7A 5A 1D E9 85 68 60 04 A4 82 
 6B 6F A5 49 41 D7 78 C7 70 FD B6 F3 10 20 00 B4 
 SWTPM_IO_Read: length 14
 80 01 00 00 00 0E 00 00 01 65 80 00 00 00 
    IsEnEnabled(0x165 = 'FlushContext'): 1
 SWTPM_IO_Write: length 10
 80 01 00 00 00 0A 00 00 00 00 
 SWTPM_IO_Read: length 14
 80 01 00 00 00 0E 00 00 01 62 02 00 00 00 
    IsEnEnabled(0x162 = 'ContextSave'): 1
 SWTPM_IO_Write: length 414
 80 01 00 00 01 9E 00 00 00 00 00 00 00 00 00 00 
 01 1B 02 00 00 00 40 00 00 07 01 82 00 40 81 C9 
 0A EB 53 94 B8 54 18 B2 B9 E2 AA DE 58 BD C5 E6 
 78 4F C3 69 73 C3 C0 3D 48 BF 03 36 1D 5B 41 9B 
 3C 45 11 AB 1D 87 94 D2 D7 2A C6 D6 17 6C FE A0 
 B0 BD 4C 70 71 38 DE 06 BC 61 CD 19 17 F6 F7 6F 
 4D 6C 4E A8 1E F2 FF A3 8E 6C 1C 59 95 18 6B AF 
 A4 95 01 24 3C 32 51 1C 58 39 2D 4A 69 DC 68 33 
 3B 65 38 6C 9C 3F 17 6B BF 05 C9 23 E1 F0 74 8B 
 4A C8 DD 8C 8A EC 79 7B 2C 2C 34 68 B0 CA 74 7D 
 E0 9E 32 56 2D F1 4A C2 E9 17 6A 98 08 6C 87 B1 
 0E A5 81 5B 3A 27 8E 51 C3 47 2D 74 30 D2 6E 58 
 B8 7E 62 AB 1F 11 80 1B 87 F8 26 B3 4C A1 1C 23 
 83 00 23 CA F0 C3 0A 02 AD EF BA EA 04 3F EE 3A 
 DF 81 EE C6 4C 80 1B EC 38 BB DA 26 E1 AB 8D D5 
 26 78 62 9D 89 71 1C 0D F7 93 9B C8 45 0F BA CD 
 1D 70 4B A6 A5 20 28 FD 31 D6 72 12 AF FF 11 25 
 0B 40 7E 77 34 F4 96 2A 2A 04 FA 89 94 0A A9 05 
 57 BD A6 6E 5F 91 7F AD AB 49 ED C8 AD 46 F9 D7 
 69 09 BA 83 D3 96 26 77 67 3F BA 28 52 27 A7 DA 
 26 34 30 91 58 93 AC 7A C1 EF 46 92 BB 1B 48 12 
 BD F2 7E EC 5C 73 6E C8 88 04 9F F1 6F 48 6F 7C 
 97 3E 9B 76 1B B7 E5 7F 45 F2 20 97 26 4A 92 58 
 E0 2E 36 9E D0 50 E7 B8 06 6C 18 FB 04 4F 7B 4C 
 6A BC 06 7A A0 FE 60 33 E0 6B 5B F6 E6 85 F7 4F 
 7E 69 27 FB E7 87 29 8A CF D7 ED C5 CD 8F 
 SWTPM_IO_Read: length 1232
 80 01 00 00 04 D0 00 00 01 61 00 00 00 00 00 00 
 01 4D 80 00 00 00 40 00 00 01 04 B4 00 40 36 16 
 57 CF 1B 3D 0C 47 DE 2B 66 78 50 0F A2 4A 7A 47 
 7C E3 69 CA E8 A0 1E 5F C4 AC 9E B6 C6 F7 06 D5 
 D0 FE 05 2E 8C 0D 51 75 1B 56 8A 42 13 B2 A4 DE 
 6E 7F F8 C8 C7 E4 99 22 4A 08 9C 79 0B 74 EC CB 
 26 29 F4 F9 67 18 76 3F FE AD D6 84 D7 D0 19 30 
 CB 19 BA 5C 26 98 D6 48 DC 1E B8 93 A4 21 9A 87 
 2E 9B 64 B4 15 3C 28 33 A6 04 1F AE E6 B2 97 85 
 06 CD 8E CE AE A3 53 CE 64 FD 05 94 FF 88 CF 94 
 06 72 84 16 EC 0D 8F 44 68 51 07 79 76 0D CD B9 
 E0 B3 8B 35 9A 5B 16 46 B5 D3 CC CD EB 53 5C 8B 
 16 DF 05 88 7F F2 BE B8 9F 41 DE 03 C3 51 C7 80 
 98 79 41 94 AE E2 E7 78 7C B6 2C CF C8 A3 7E 58 
 B2 74 96 AE 1B E5 0F 87 C2 7B 0A 39 29 37 15 64 
 F4 55 38 B8 54 61 9E 2D FE B4 AB 8C 1E 00 98 3C 
 4F 5E C7 53 E2 11 97 38 93 F7 47 D6 AD 2F 91 6F 
 DF 52 F6 E8 2D F9 BB 54 68 5D B5 AC C1 12 DE 19 
 37 67 1C DE 15 12 57 63 71 5F 39 77 EF C3 7E 7B 
 3D F7 34 3A D9 3B 7F D7 CC 54 D9 D3 C7 D1 DA C2 
 F2 50 12 D0 F8 F4 E4 06 4C 57 DC 5C 1D BE 18 9F 
 DC 10 75 67 CC 76 93 F6 44 A9 0E 28 01 75 EC 24 
 BD 0E 50 C0 8D 80 5B 7B FC 98 2C 77 10 91 64 82 
 0C CE CC 5C F4 AE 0B 77 13 49 6A 9F 0B 59 B5 31 
 BE 07 93 F4 68 78 C6 6C CF 17 69 68 04 65 20 28 
 AF 7E E8 62 B6 B7 34 65 6D BA 8F 56 B6 5E 3C 82 
 24 79 92 21 52 72 83 6D 3B 97 75 6F 97 3B A9 35 
 CE BB 3C 77 31 8D 05 32 9B 34 FE 62 B1 69 F1 66 
 E3 6F 53 8A 1F F9 CA 6B 05 03 93 51 8C 4A 6E 5E 
 0F 90 C0 DF 6A 79 2A 2C 1A 27 D8 1B 27 3B 69 BB 
 C0 66 B8 1C E9 CB AD 46 0D 67 16 83 06 8B 44 2B 
 67 FE 00 DD 92 55 7D 26 E0 51 1F 66 5B 2E 30 0D 
 C3 98 94 0D 8E 9D 52 68 67 21 EE 65 64 D6 5D E7 
 9F 48 6B CC 78 60 AB C6 82 D7 FA 08 3C 1E B7 D5 
 BA 69 D1 15 2F 2D 19 A0 09 8F 7A DB 65 C2 09 9B 
 EB A3 CE D5 5D 2E FE D9 C8 A1 20 E7 A4 01 1A CD 
 5A 8F 0F 58 DC 31 3B 2C B1 A1 60 4C B0 51 D3 18 
 04 96 82 4B EE 9A 34 98 21 A7 B4 9D 4D 93 47 EC 
 6C 90 D8 64 20 2F 04 02 6D B9 FF A2 34 79 2E 57 
 76 46 34 60 76 9E 41 27 5F 69 A8 68 1A 5E AD E4 
 23 B9 B7 FF 6E AB CF A0 54 D4 E2 3D B9 67 EA 5C 
 82 F2 AB 3B 4A 14 E3 91 50 D8 63 46 A5 73 13 63 
 C9 7A BF DB E0 A6 D4 C2 95 8E 5B 15 EA 9F B5 E6 
 89 79 A6 6C 01 F7 3A 0C 09 0B C5 F4 29 53 CF D1 
 BA 5B 6F 96 A4 43 89 B2 1C 1C A9 55 DB 1D 0D C4 
 A1 33 45 A6 BC 6C A9 10 6C D1 8D 66 E5 31 E4 3E 
 F9 5C C2 06 A9 05 43 B5 D8 4F CD EC 37 55 86 20 
 58 EC 6E 23 B9 A8 DE 23 EF D9 46 57 CD 0A 74 36 
 F3 F9 E8 42 6B DA 6D 32 24 02 B1 87 C0 E1 AB 0B 
 1B 20 42 BA 7F 4B 24 80 08 2C C5 E7 1B 05 00 83 
 7D 20 33 37 EE F5 99 BD EE E3 DF 2E 6F 92 DF D1 
 CC 82 7F 32 1D 39 20 2A 5A F7 2B 82 B3 1C C5 9A 
 18 90 21 D3 49 FD 87 87 15 B4 64 63 29 DD D5 BD 
 69 27 39 DD 79 ED 74 B6 5E B8 29 4F 02 1D 90 EE 
 E3 90 02 C3 77 43 E1 71 5C 1D B5 B3 12 C1 FD 43 
 F6 CF D5 7E A5 54 5F 43 36 EE 72 B9 40 70 47 AE 
 F3 B4 5E 30 5D 5E 43 B1 83 6E 56 CC B9 62 55 98 
 E4 6C DE 93 3C 68 13 A8 9E EB 27 63 7F 07 DC E6 
 6C 80 7C E0 AA 6D A5 44 BF A2 9A 18 8A 28 22 F5 
 DA 20 B1 06 19 CB CD C3 9B 0C 36 43 96 05 A7 C4 
 3B D6 38 71 14 50 D4 7E F9 38 EB CA A6 7E D9 DA 
 DC F0 B4 E9 AA CA 12 4B 81 DB 02 A8 52 C9 AA 1F 
 E4 8A 37 5D 72 D0 6E B1 14 5B 42 62 A7 16 B4 98 
 8F 5F D2 A6 BF 0D D9 10 A1 28 97 1E E5 C0 B1 C4 
 23 E2 D4 33 1C D5 81 97 72 00 D6 AB 62 74 D6 44 
 F2 CA 5A 09 F9 76 C1 14 D0 A9 DB 37 C5 28 90 7C 
 25 C6 07 79 50 A9 EE 9D 27 D0 53 C5 36 76 38 BB 
 5D 70 48 8A A4 9E 07 DB 85 F5 D2 96 CA BE E5 45 
 8C 7E B8 81 85 59 6E 0D 12 61 84 A9 9A 5B 56 64 
 8B 8E BD 3B D0 CE 96 AA 5A 20 15 EB 18 4B 95 68 
 6D CC E3 A2 8A 20 86 17 DF 91 08 CC 0C 36 7C F6 
 A3 B5 83 50 04 1A 66 DB 90 25 95 8F 20 7C 1A D5 
 DA 9E A9 0A 5A 49 B0 39 1E 6D 4F B0 A0 02 B1 35 
 17 CC 63 1C D2 A6 C2 61 F5 F9 45 4C 0F 4B A4 C5 
 68 8D AA D9 26 4C 41 4A A2 80 DA A4 D4 3B 42 1C 
 A8 79 D1 A6 77 36 7A 5A 1D E9 85 68 60 04 A4 82 
 6B 6F A5 49 41 D7 78 C7 70 FD B6 F3 10 20 00 B4 
    IsEnEnabled(0x161 = 'ContextLoad'): 1
 SWTPM_IO_Write: length 14
 80 01 00 00 00 0E 00 00 00 00 80 00 00 00 
 SWTPM_IO_Read: length 414
 80 01 00 00 01 9E 00 00 01 61 00 00 00 00 00 00 
 01 1B 02 00 00 00 40 00 00 07 01 82 00 40 81 C9 
 0A EB 53 94 B8 54 18 B2 B9 E2 AA DE 58 BD C5 E6 
 78 4F C3 69 73 C3 C0 3D 48 BF 03 36 1D 5B 41 9B 
 3C 45 11 AB 1D 87 94 D2 D7 2A C6 D6 17 6C FE A0 
 B0 BD 4C 70 71 38 DE 06 BC 61 CD 19 17 F6 F7 6F 
 4D 6C 4E A8 1E F2 FF A3 8E 6C 1C 59 95 18 6B AF 
 A4 95 01 24 3C 32 51 1C 58 39 2D 4A 69 DC 68 33 
 3B 65 38 6C 9C 3F 17 6B BF 05 C9 23 E1 F0 74 8B 
 4A C8 DD 8C 8A EC 79 7B 2C 2C 34 68 B0 CA 74 7D 
 E0 9E 32 56 2D F1 4A C2 E9 17 6A 98 08 6C 87 B1 
 0E A5 81 5B 3A 27 8E 51 C3 47 2D 74 30 D2 6E 58 
 B8 7E 62 AB 1F 11 80 1B 87 F8 26 B3 4C A1 1C 23 
 83 00 23 CA F0 C3 0A 02 AD EF BA EA 04 3F EE 3A 
 DF 81 EE C6 4C 80 1B EC 38 BB DA 26 E1 AB 8D D5 
 26 78 62 9D 89 71 1C 0D F7 93 9B C8 45 0F BA CD 
 1D 70 4B A6 A5 20 28 FD 31 D6 72 12 AF FF 11 25 
 0B 40 7E 77 34 F4 96 2A 2A 04 FA 89 94 0A A9 05 
 57 BD A6 6E 5F 91 7F AD AB 49 ED C8 AD 46 F9 D7 
 69 09 BA 83 D3 96 26 77 67 3F BA 28 52 27 A7 DA 
 26 34 30 91 58 93 AC 7A C1 EF 46 92 BB 1B 48 12 
 BD F2 7E EC 5C 73 6E C8 88 04 9F F1 6F 48 6F 7C 
 97 3E 9B 76 1B B7 E5 7F 45 F2 20 97 26 4A 92 58 
 E0 2E 36 9E D0 50 E7 B8 06 6C 18 FB 04 4F 7B 4C 
 6A BC 06 7A A0 FE 60 33 E0 6B 5B F6 E6 85 F7 4F 
 7E 69 27 FB E7 87 29 8A CF D7 ED C5 CD 8F 
    IsEnEnabled(0x161 = 'ContextLoad'): 1
 SWTPM_IO_Write: length 14
 80 01 00 00 00 0E 00 00 00 00 02 00 00 00 
 SWTPM_IO_Read: length 14
 80 01 00 00 00 0E 00 00 01 65 02 00 00 00 
    IsEnEnabled(0x165 = 'FlushContext'): 1
 SWTPM_IO_Write: length 10
 80 01 00 00 00 0A 00 00 00 00 
 SWTPM_IO_Read: length 14
 80 01 00 00 00 0E 00 00 01 62 80 00 00 00 
    IsEnEnabled(0x162 = 'ContextSave'): 1
 SWTPM_IO_Write: length 1232
 80 01 00 00 04 D0 00 00 00 00 00 00 00 00 00 00 
 01 4E 80 00 00 00 40 00 00 01 04 B4 00 40 1E 02 
 EE 55 72 30 97 BB 21 BE 5D E8 6E 98 1B E6 35 75 
 D9 EC B5 A9 99 47 28 23 3C D5 51 D2 B8 43 3B B7 
 ED 61 93 E4 BE B3 8D BF 39 63 3E F3 90 64 DA 40 
 9E 5A F1 67 6A 84 68 19 AE E0 73 4E D9 56 D3 71 
 A7 D3 C6 C9 CF 6A 54 FA 37 42 64 86 1F C5 F6 E4 
 07 E9 EC 2C 82 3D 15 36 6F 50 F9 30 79 B1 54 42 
 F1 7B 4F 51 41 55 DB 2E 5A 72 13 3A 55 72 47 52 
 FE 09 31 3D E8 20 28 DE D6 1B A0 D5 7A E9 CB 6B 
 18 2F 7C C4 BF 0A BC E1 22 00 E0 7B FC 55 BD 22 
 0A BD D2 42 01 8A AF 8F F1 DC DF D2 A8 A0 75 ED 
 9D F8 9E 3A B4 58 92 71 AF 9B 6D 7A 9D 30 F1 36 
 D5 3D 59 08 4C BB 76 0A 2E 46 22 57 D2 F3 69 9F 
 65 9F 88 5C 90 4E 05 C5 BB A2 9C 83 B0 64 3F 84 
 0E FE C4 40 12 32 BC F1 03 E9 CB FF F1 EA B5 7C 
 7A 43 79 1A 53 8B B4 21 63 09 E4 82 95 8A 1D 6D 
 E2 D5 60 87 C7 E9 05 1D 97 EF 74 89 02 89 BF C1 
 45 06 80 FF BE 48 74 20 39 B3 B9 EA 5A 1E 7B 30 
 4D 9D F7 FF B3 1F 18 12 45 62 35 DD F5 87 C3 A6 
 AA 10 11 01 E9 AB F1 31 68 88 DB 6B 45 AE 96 97 
 25 C4 75 0D F3 0C 2B 96 34 63 DF 88 1D 30 2B 80 
 0F 5F 81 FB 96 69 B1 33 22 A2 AD E6 A9 C5 83 84 
 7B 56 44 08 17 8A 80 F1 B8 5A E4 95 F7 C3 A7 DF 
 2C E2 81 BA 41 88 07 CE 4C F5 93 F5 86 E0 2E 6F 
 31 17 72 D5 C9 93 4C 05 58 9D B1 8F 20 BE 8F 7A 
 7F F8 15 CB 57 EC 98 F0 94 58 1C BF 60 E4 58 9F 
 F9 76 52 80 9C 57 07 C9 27 95 D7 19 C2 92 BC 39 
 38 94 64 30 13 88 C3 9A 7B 9E B0 B5 C2 99 C7 54 
 26 C4 6D B1 A4 BA 20 EE B0 E6 77 B8 7C AF A3 C1 
 A6 94 DF 50 01 09 90 98 F9 F2 61 42 3F A0 FD 4E 
 71 61 70 45 1F 99 C1 84 BC DF 74 F2 EB 12 06 EF 
 25 B5 A7 2A F2 8C 44 30 6F F2 56 AD 5F B9 93 6D 
 4C F8 35 18 E6 79 F1 D1 DC E0 B5 AF D7 78 28 3B 
 E6 CF AC 86 08 62 8D 73 63 4B 0F B0 2B AA A0 6F 
 AD B4 E5 79 5A 93 09 A7 1F 18 21 62 5A 3E 00 E1 
 B5 25 BA 43 F7 36 DA 2D 8E C0 95 5B B2 3E 2A 26 
 70 AD 05 05 8A 0C 96 46 DB 65 F1 2A FC 5B 89 F8 
 79 08 B1 C4 A8 18 FE B1 13 50 A2 4D 5F 7F C4 82 
 AD FE FE 40 56 36 6D 4F 8F 2F 27 9D C7 79 E5 60 
 14 6A 74 2B D6 9E 3D 8B EE 7B DB E9 03 3E 38 B0 
 EC B4 17 DA CE 3F 36 8F BE 05 E8 CB 17 E2 8A 62 
 FC C1 33 1D 0A 3C 2B 32 E4 06 EC 4D 2B 0D FF A6 
 FD B1 83 8A 17 78 9A 71 42 32 99 BE FF 36 56 F9 
 5E 5A 9A 0D EC 18 A0 66 70 BA 84 C3 C4 59 DF 08 
 8D 01 10 4D 61 18 75 17 14 44 27 88 83 D3 A5 AC 
 F6 A3 6B A3 12 AE 23 4E B3 83 40 1A 0A 5C F3 98 
 17 09 6B 18 CB 63 E2 43 E5 88 DF 12 1D 6A F8 F7 
 96 D5 E2 A8 4E AB BF C5 83 6C 6F F6 EB DB 78 44 
 CC CA D2 DF 81 18 0D 93 1D A4 51 56 33 0A 82 7F 
 60 45 3D 83 5A 10 5C BC F5 B9 C5 7F D5 D9 F8 52 
 53 69 D4 80 7B 5A 39 F7 03 F4 6C 7D B8 0B B9 04 
 1E 93 06 09 21 B2 3E 25 CC 73 D9 6B 3A 2F C8 03 
 FF B1 A6 06 3F 09 4C 75 8D 5F AE 4E D8 91 D8 EE 
 C9 2C 66 14 E1 E3 EA 11 A5 66 23 C6 13 41 AA 1B 
 D6 AF 3B 79 DC C0 3D C2 EE FA 73 96 45 7E C7 05 
 5E 52 59 86 6B E4 D5 B4 97 D6 8E 25 27 F1 98 82 
 62 F6 1A C8 6E DF 46 74 89 AE 5F 10 81 D4 8B B3 
 AC 32 41 65 0A 8E A8 AA 73 A6 BE F5 98 62 7C FE 
 51 71 89 CE 31 74 DD 6C 04 8B AF AE A2 E0 B9 02 
 F5 A9 C0 27 AE 4A DB F0 6C 59 84 8A 74 95 F2 7F 
 77 1C 64 8C 9D FE A5 86 C6 45 8F 08 E2 7C 03 E4 
 55 FF 29 04 3A D5 F3 B5 65 E0 F2 9C 16 E3 5C 94 
 91 04 85 95 FF 9D 14 EA E8 B8 D6 E7 D8 1E A5 3B 
 80 6A 3A DE B2 29 96 1C 90 E4 BA 8A B5 39 9C F1 
 BE 20 C7 69 1D CA 88 93 AF CC F7 97 3C E2 CA F6 
 F9 38 8B 10 0B F7 AD E4 55 42 C6 33 B2 D9 31 6D 
 25 80 67 8A 10 15 58 67 32 33 BB 44 0D 2E 21 14 
 16 82 4E BB D8 48 D1 9C 6F FE 5F 0B 58 0E 28 FF 
 3B 65 8B 58 14 D5 21 B0 74 C9 96 A0 B2 D0 B2 73 
 4E 6E E2 8F 2E 6A B0 4C FB 28 FC 03 8E F8 7B 55 
 4E CE 9B D1 2F F6 ED 3C 88 C6 87 27 DB F9 7B AF 
 B0 A3 2C 78 E3 A0 16 26 0F 41 FA BE 98 68 2E 23 
 CD AD 8E BE 45 BA 2C E4 1D 79 4F 32 A5 84 AE DB 
 DB AD 93 A0 44 2E 01 5D 37 65 57 85 8C DA B1 72 
 9E 6E ED 44 3B 63 13 A0 5D 94 1E D9 8E C3 1F 45 
 3C 26 0A 00 8C 63 32 27 15 9C 6C C2 AF 2B 88 14 
 SWTPM_IO_Read: length 14
 80 01 00 00 00 0E 00 00 01 65 80 00 00 00 
    IsEnEnabled(0x165 = 'FlushContext'): 1
 SWTPM_IO_Write: length 10
 80 01 00 00 00 0A 00 00 00 00 
 SWTPM_IO_Read: length 14
 80 01 00 00 00 0E 00 00 01 62 02 00 00 00 
    IsEnEnabled(0x162 = 'ContextSave'): 1
 SWTPM_IO_Write: length 10
 80 01 00 00 00 0A 00 00 09 10 
 SWTPM_IO_Read: length 12
 80 01 00 00 00 0C 00 00 01 7B 00 08 
    IsEnEnabled(0x17b = 'GetRandom'): 1
 SWTPM_IO_Write: length 20
 80 01 00 00 00 14 00 00 00 00 00 08 65 A7 68 1E 
 33 75 2A B2 
 SWTPM_IO_Read: length 22
 80 01 00 00 00 16 00 00 01 7A 00 00 00 00 00 00 
 00 00 00 00 00 7F 
    IsEnEnabled(0x17a = 'GetCapability'): 1
 SWTPM_IO_Write: length 217
 80 01 00 00 00 D9 00 00 00 00 00 00 00 00 00 00 
 00 00 21 00 01 00 00 00 09 00 03 00 00 00 02 00 
 04 00 00 00 04 00 05 00 00 01 04 00 06 00 00 00 
 02 00 07 00 00 04 04 00 08 00 00 03 0C 00 0A 00 
 00 00 06 00 0B 00 00 00 04 00 0C 00 00 00 04 00 
 0D 00 00 00 04 00 14 00 00 01 01 00 15 00 00 02 
 01 00 16 00 00 01 01 00 17 00 00 02 01 00 18 00 
 00 01 01 00 19 00 00 04 01 00 1A 00 00 01 01 00 
 1B 00 00 05 01 00 1C 00 00 01 01 00 1D 00 00 04 
 01 00 20 00 00 04 04 00 21 00 00 04 04 00 22 00 
 00 04 04 00 23 00 00 00 09 00 25 00 00 00 08 00 
 26 00 00 00 02 00 3F 00 00 01 02 00 40 00 00 02 
 02 00 41 00 00 02 02 00 42 00 00 02 02 00 43 00 
 00 02 02 00 44 00 00 02 02 
 SWTPM_IO_Read: length 59
 80 01 00 00 00 3B 00 00 01 76 40 00 00 07 40 00 
 00 07 00 20 5E 06 13 7C 17 B1 97 E0 89 83 AC 3A 
 11 1A 7D 18 75 C6 E1 0F 05 AE 98 D5 03 E7 75 0A 
 56 D1 5C 2A 00 00 00 00 10 00 0B 
    IsEnEnabled(0x176 = 'StartAuthSession'): 1
 SWTPM_IO_Write: length 48
 80 01 00 00 00 30 00 00 00 00 02 00 00 00 00 20 
 4B 32 81 48 77 CE 0A C3 51 F3 C9 12 38 38 59 CD 
 29 CE 6D D9 10 8A 67 86 BD 8D EB 0F 08 F2 0D D4 
 SWTPM_IO_Read: length 14
 80 01 00 00 00 0E 00 00 01 62 02 00 00 00 
    IsEnEnabled(0x162 = 'ContextSave'): 1
 SWTPM_IO_Write: length 414
 80 01 00 00 01 9E 00 00 00 00 00 00 00 00 00 00 
 01 1C 02 00 00 00 40 00 00 07 01 82 00 40 67 E8 
 7A 9E D3 F7 2D F6 FF 81 7A 85 06 90 17 EB 3C 7F 
 78 C1 1B FA E8 2B 81 33 56 6E 15 B3 D0 13 14 2A 
 F3 5D 3C E6 B7 1B BA ED B0 E1 94 A6 DF 53 20 88 
 63 41 D6 B1 48 36 2C C4 36 58 DA 60 13 11 5B 1E 
 B8 2A A8 D9 FF 2D 97 19 06 A5 ED 7B DA 6C FA 96 
 08 DA 68 82 FA F3 EE 79 36 1D 1B 23 59 5C 60 EC 
 A5 15 93 3F B8 55 F6 8B 1C 05 A6 08 3C A8 B8 C8 
 3B AB D8 B5 14 CC 95 CA 95 12 3C C0 D7 20 D8 3D 
 BD DE 8F 3B A4 99 D8 37 C0 BB E3 2B 28 98 37 2A 
 65 82 3A B0 00 EA 59 27 C5 5A 8B DA 10 26 C6 41 
 D7 44 95 8B 4D 01 5C F0 8C F7 73 D3 58 6F A3 97 
 F7 F0 63 C1 AB 7E 78 FF 43 B5 2D E1 4B 9C C3 27 
 33 CA CD 40 36 B1 04 7D A3 FA BC 7B CB E5 A6 B5 
 64 1F C9 36 FA 1E F3 B8 91 74 38 B0 D1 DA 14 17 
 01 E6 63 7A 05 3B E6 AD 8C F7 99 D1 69 A7 CE 7A 
 F9 B4 1A 93 7F 9F E2 6E 18 FE 15 44 51 79 07 1B 
 A8 EA 8F 37 40 95 12 32 7B B4 08 B9 CE EE A1 99 
 6A E3 45 65 EF D8 66 0F 24 A1 B9 84 99 28 AF 3F 
 1D 45 D2 57 B3 6C E1 9E DF E1 B1 06 54 06 A2 F6 
 92 36 5F 0C B0 62 F0 46 D3 1A F8 1C 20 9C 6A 60 
 5F E1 A5 94 57 38 78 1F 97 E9 8A E8 7F 5D B4 51 
 FC BC 89 C8 B9 B7 6E E3 5C F5 40 06 2A 3C A2 A6 
 12 90 20 01 0C F1 04 2D 78 19 23 79 F0 B3 B7 1E 
 1C D8 C2 B6 B5 E8 50 A6 44 91 46 AC BC A7 
 SWTPM_IO_Read: length 414
 80 01 00 00 01 9E 00 00 01 61 00 00 00 00 00 00 
 01 1C 02 00 00 00 40 00 00 07 01 82 00 40 67 E8 
 7A 9E D3 F7 2D F6 FF 81 7A 85 06 90 17 EB 3C 7F 
 78 C1 1B FA E8 2B 81 33 56 6E 15 B3 D0 13 14 2A 
 F3 5D 3C E6 B7 1B BA ED B0 E1 94 A6 DF 53 20 88 
 63 41 D6 B1 48 36 2C C4 36 58 DA 60 13 11 5B 1E 
 B8 2A A8 D9 FF 2D 97 19 06 A5 ED 7B DA 6C FA 96 
 08 DA 68 82 FA F3 EE 79 36 1D 1B 23 59 5C 60 EC 
 A5 15 93 3F B8 55 F6 8B 1C 05 A6 08 3C A8 B8 C8 
 3B AB D8 B5 14 CC 95 CA 95 12 3C C0 D7 20 D8 3D 
 BD DE 8F 3B A4 99 D8 37 C0 BB E3 2B 28 98 37 2A 
 65 82 3A B0 00 EA 59 27 C5 5A 8B DA 10 26 C6 41 
 D7 44 95 8B 4D 01 5C F0 8C F7 73 D3 58 6F A3 97 
 F7 F0 63 C1 AB 7E 78 FF 43 B5 2D E1 4B 9C C3 27 
 33 CA CD 40 36 B1 04 7D A3 FA BC 7B CB E5 A6 B5 
 64 1F C9 36 FA 1E F3 B8 91 74 38 B0 D1 DA 14 17 
 01 E6 63 7A 05 3B E6 AD 8C F7 99 D1 69 A7 CE 7A 
 F9 B4 1A 93 7F 9F E2 6E 18 FE 15 44 51 79 07 1B 
 A8 EA 8F 37 40 95 12 32 7B B4 08 B9 CE EE A1 99 
 6A E3 45 65 EF D8 66 0F 24 A1 B9 84 99 28 AF 3F 
 1D 45 D2 57 B3 6C E1 9E DF E1 B1 06 54 06 A2 F6 
 92 36 5F 0C B0 62 F0 46 D3 1A F8 1C 20 9C 6A 60 
 5F E1 A5 94 57 38 78 1F 97 E9 8A E8 7F 5D B4 51 
 FC BC 89 C8 B9 B7 6E E3 5C F5 40 06 2A 3C A2 A6 
 12 90 20 01 0C F1 04 2D 78 19 23 79 F0 B3 B7 1E 
 1C D8 C2 B6 B5 E8 50 A6 44 91 46 AC BC A7 
    IsEnEnabled(0x161 = 'ContextLoad'): 1
 SWTPM_IO_Write: length 14
 80 01 00 00 00 0E 00 00 00 00 02 00 00 00 
 SWTPM_IO_Read: length 331
 80 02 00 00 01 4B 00 00 01 57 81 00 00 03 00 00 
 00 49 02 00 00 00 00 20 EC 9F 55 9E B8 D4 16 06 
 E8 E6 66 0B FC 30 C3 13 BD 28 A6 86 A5 24 A4 DD 
 4D D1 3B 3C 32 0A 11 2F 01 00 20 66 27 8D A0 49 
 16 ED AE 2F 73 CB 8E F9 1F 6F 3F F4 9C C0 36 CB 
 59 89 98 3D BD 7A 1C 57 EF F1 6F 00 BE 00 20 CE 
 4A 8B F6 14 CE 16 B8 E2 6B 30 A4 65 77 CD AB 62 
 C6 C4 8F D0 37 D9 5A 45 E2 E1 43 82 38 3D CD 00 
 10 8F DC 13 E0 A3 17 25 F9 17 1A 5B DE 13 4A 5B 
 15 DC 3C F9 34 04 BD 9D 49 8C DD 45 CF EA EA EB 
 46 F3 A9 08 FB 41 83 1A 4E 0A 86 04 91 9A CC CD 
 69 BC BB FA 21 27 7B 9D 1E CE 0B F5 FD 81 53 FD 
 5D D0 A7 D6 0B B6 05 92 27 29 DA 8B 72 26 DD B0 
 0D AF 7D 54 74 AE AF F8 25 1A 64 C4 B7 89 65 CA 
 4F 2B F5 A5 91 B1 9C F3 73 65 55 56 B4 88 E1 3B 
 F5 B3 AE E3 EE A7 A3 69 90 9D D7 B0 81 05 CF 10 
 29 AB CE E3 8A F4 3F F7 F2 9A 39 4E D0 CD AA 6E 
 F9 62 10 92 29 6D 52 E5 62 55 BC 00 2E 00 08 00 
 0B 00 00 00 52 00 00 00 10 00 20 01 B9 9E 69 32 
 7F 7F 15 63 EA 1C FA 91 64 B2 D8 B9 D6 0F 08 10 
 68 E2 AF 17 00 9C 0B 35 A0 16 F2 
    IsEnEnabled(0x157 = 'Load'): 1
 SWTPM_IO_Write: length 123
 80 02 00 00 00 7B 00 00 00 00 80 00 00 01 00 00 
 00 24 00 22 00 0B 43 44 57 2D 9C 46 E5 2F 52 46 
 C4 10 B7 54 AE 3B F0 80 5C E2 B7 15 46 FF 21 50 
 A7 83 83 5F 4A 11 00 20 0F 78 43 28 2B 92 B6 A3 
 EC 52 5D 43 3F 67 91 21 5F 60 F0 EF 03 A3 00 82 
 F4 09 D4 34 47 2D FD E0 01 00 20 1A 75 A3 B6 78 
 6C F3 E8 DB 91 EB C2 C1 D0 A8 AE CB EA AA 3D D0 
 1D 3E 56 C5 A5 10 3F BD 5B 20 E3 
 SWTPM_IO_Read: length 14
 80 01 00 00 00 0E 00 00 01 62 80 00 00 01 
    IsEnEnabled(0x162 = 'ContextSave'): 1
 SWTPM_IO_Write: length 456
 80 01 00 00 01 C8 00 00 00 00 00 00 00 00 00 00 
 01 4F 80 00 00 00 40 00 00 01 01 AC 00 40 D6 E7 
 EF C2 DB A6 F1 C7 9C 87 FB 6B DB 72 BA 6F 88 C3 
 5B 7E 36 C8 6C B6 77 01 6C AB F5 55 25 AB 82 A8 
 34 F6 93 C0 06 21 6A 2F 33 51 BF 96 CB 58 CE 4B 
 36 45 20 40 E0 FF 98 C9 D3 71 CF EC 54 8E E4 C2 
 13 B8 C6 3E C4 E3 23 50 90 8E BE 8C A8 61 21 50 
 55 8B 13 C6 7B 4F DC 60 7C 39 91 2D 90 E0 ED 32 
 1A 93 17 35 15 64 05 38 56 11 85 DA 92 74 2C 28 
 2E 3E E0 69 36 A4 8C B3 87 24 84 17 90 40 44 77 
 D7 8B 0C 75 10 2B DD 7E ED 77 18 BE 5A 79 7F FC 
 20 1A 18 0B 10 BF 8D 00 AA DB CE DE DE 79 AB F9 
 75 E5 B9 6B 85 B1 DF DE BB C8 D5 E7 D0 D3 72 71 
 22 B6 5B 4D AB 8E 7A 80 BB 92 C8 E3 1D 2D FD 6A 
 A2 94 AE D5 68 87 23 37 66 7F D2 B2 A8 56 F6 EC 
 7F AD 41 6A C7 6A 44 A3 49 C3 37 58 19 51 2B 82 
 F6 11 A2 12 48 52 2B 5A 24 F3 15 9C 4B 68 AC 12 
 28 FD BB 09 6A 49 95 92 26 07 B9 AC C3 C9 09 52 
 CC AF 09 70 1D 22 9D 81 19 93 CB F6 0F 32 F2 D3 
 91 32 3C D5 2F CD 24 23 5E B2 DF 20 5B B9 0B 99 
 16 5F 86 29 A0 C5 B7 C1 3A F6 9A 19 25 D4 88 7B 
 FF 19 C5 B8 04 45 B5 9E 48 76 16 D2 DE F6 04 8B 
 C9 72 B5 CA 37 D6 20 60 04 7A 91 34 08 79 15 44 
 DC 2D B1 52 E4 C4 33 D0 F7 6D C7 DA 5C 34 AF F5 
 84 FD 9F 1B 8B 2E 1C 7C B9 80 43 E7 49 67 5F C2 
 7B 76 F1 21 B8 AD 7F 0C 36 EB 86 06 D3 05 5C 5F 
 4C B6 DC CB F3 FA CC 83 3B 86 CE 8D B4 3D 61 FA 
 3A C8 83 4A 39 DE 5B C7 AE 48 26 D3 5B 6B 3E F4 
 1F C1 FC 9D D0 C2 D2 FD 
 SWTPM_IO_Read: length 14
 80 01 00 00 00 0E 00 00 01 65 80 00 00 01 
    IsEnEnabled(0x165 = 'FlushContext'): 1
 SWTPM_IO_Write: length 10
 80 01 00 00 00 0A 00 00 00 00 
 SWTPM_IO_Read: length 14
 80 01 00 00 00 0E 00 00 01 62 02 00 00 00 
    IsEnEnabled(0x162 = 'ContextSave'): 1
 SWTPM_IO_Write: length 414
 80 01 00 00 01 9E 00 00 00 00 00 00 00 00 00 00 
 01 1D 02 00 00 00 40 00 00 07 01 82 00 40 DE 51 
 2F BA 5A 9F 7C 52 BD 4B 5F C0 A7 89 E4 98 CA 29 
 D1 65 C3 BB 0F 6F 50 96 D8 11 A5 A7 4F 2B 90 91 
 E4 E5 E7 E5 89 62 15 D1 A3 B1 32 7A 93 86 DD 3C 
 94 14 0E 66 81 4A 30 5C 11 7B 6B 1E BB DF CF 2B 
 5C B9 C7 6A 4D DF 6C CD 19 AC EE 25 A0 E1 4E E9 
 19 8D 9D 09 A7 25 DB C7 08 4E FF E1 B6 26 A0 7C 
 F9 21 7B 67 78 1F 5D 12 76 12 68 8C E7 0C 09 CB 
 76 D8 05 E6 C5 D2 1D 11 90 F8 A6 8B 62 AC A5 07 
 0D C6 99 94 16 E3 12 90 0B 68 BE 30 7B 9B 5C F2 
 73 8B A4 25 AF A6 C6 19 05 0B B8 99 25 2C 80 DE 
 52 F2 F4 0B 2C 7E B6 80 5D F0 01 E5 1A 40 A7 04 
 B7 34 12 A4 3A A2 76 BB 3F D9 07 CB 03 CF 8F 88 
 32 F8 6C B9 C6 01 C1 1A 56 9D 0C 55 4D 5B DB 20 
 28 A8 9D CB 9E 1B F7 5C 96 CD A0 54 62 24 87 79 
 5F 0C B5 D2 3C B9 0C 91 7E EE FC 62 C4 4B C8 E1 
 21 60 8C 5B 86 C4 AE 4E D0 46 CD 84 2A 1B 3D 90 
 AB 25 28 2E D9 69 E4 57 93 15 4B 31 7E C5 52 9A 
 80 7B 24 66 4C 7E DC D6 99 76 CF 52 E6 AF CD 3A 
 7C 47 22 AE A9 95 4F 7A 83 40 2C EB E8 11 50 AD 
 35 5E 89 8B 02 FA F6 67 2B EF A7 4C 4C D4 7E 56 
 C3 1F 4D A7 CC FC 2F 3A AA 2C F2 B6 E7 9A 14 25 
 12 E4 C0 BD DB 84 77 4C 3C C9 40 61 E4 B0 B9 7F 
 E7 79 16 94 AB 85 7F D0 4C 61 5F B3 62 5D F8 55 
 80 8E A0 E7 E0 65 14 20 8F FF 42 E6 24 13 
 SWTPM_IO_Read: length 456
 80 01 00 00 01 C8 00 00 01 61 00 00 00 00 00 00 
 01 4F 80 00 00 00 40 00 00 01 01 AC 00 40 D6 E7 
 EF C2 DB A6 F1 C7 9C 87 FB 6B DB 72 BA 6F 88 C3 
 5B 7E 36 C8 6C B6 77 01 6C AB F5 55 25 AB 82 A8 
 34 F6 93 C0 06 21 6A 2F 33 51 BF 96 CB 58 CE 4B 
 36 45 20 40 E0 FF 98 C9 D3 71 CF EC 54 8E E4 C2 
 13 B8 C6 3E C4 E3 23 50 90 8E BE 8C A8 61 21 50 
 55 8B 13 C6 7B 4F DC 60 7C 39 91 2D 90 E0 ED 32 
 1A 93 17 35 15 64 05 38 56 11 85 DA 92 74 2C 28 
 2E 3E E0 69 36 A4 8C B3 87 24 84 17 90 40 44 77 
 D7 8B 0C 75 10 2B DD 7E ED 77 18 BE 5A 79 7F FC 
 20 1A 18 0B 10 BF 8D 00 AA DB CE DE DE 79 AB F9 
 75 E5 B9 6B 85 B1 DF DE BB C8 D5 E7 D0 D3 72 71 
 22 B6 5B 4D AB 8E 7A 80 BB 92 C8 E3 1D 2D FD 6A 
 A2 94 AE D5 68 87 23 37 66 7F D2 B2 A8 56 F6 EC 
 7F AD 41 6A C7 6A 44 A3 49 C3 37 58 19 51 2B 82 
 F6 11 A2 12 48 52 2B 5A 24 F3 15 9C 4B 68 AC 12 
 28 FD BB 09 6A 49 95 92 26 07 B9 AC C3 C9 09 52 
 CC AF 09 70 1D 22 9D 81 19 93 CB F6 0F 32 F2 D3 
 91 32 3C D5 2F CD 24 23 5E B2 DF 20 5B B9 0B 99 
 16 5F 86 29 A0 C5 B7 C1 3A F6 9A 19 25 D4 88 7B 
 FF 19 C5 B8 04 45 B5 9E 48 76 16 D2 DE F6 04 8B 
 C9 72 B5 CA 37 D6 20 60 04 7A 91 34 08 79 15 44 
 DC 2D B1 52 E4 C4 33 D0 F7 6D C7 DA 5C 34 AF F5 
 84 FD 9F 1B 8B 2E 1C 7C B9 80 43 E7 49 67 5F C2 
 7B 76 F1 21 B8 AD 7F 0C 36 EB 86 06 D3 05 5C 5F 
 4C B6 DC CB F3 FA CC 83 3B 86 CE 8D B4 3D 61 FA 
 3A C8 83 4A 39 DE 5B C7 AE 48 26 D3 5B 6B 3E F4 
 1F C1 FC 9D D0 C2 D2 FD 
    IsEnEnabled(0x161 = 'ContextLoad'): 1
 SWTPM_IO_Write: length 14
 80 01 00 00 00 0E 00 00 00 00 80 00 00 00 
 SWTPM_IO_Read: length 414
 80 01 00 00 01 9E 00 00 01 61 00 00 00 00 00 00 
 01 1D 02 00 00 00 40 00 00 07 01 82 00 40 DE 51 
 2F BA 5A 9F 7C 52 BD 4B 5F C0 A7 89 E4 98 CA 29 
 D1 65 C3 BB 0F 6F 50 96 D8 11 A5 A7 4F 2B 90 91 
 E4 E5 E7 E5 89 62 15 D1 A3 B1 32 7A 93 86 DD 3C 
 94 14 0E 66 81 4A 30 5C 11 7B 6B 1E BB DF CF 2B 
 5C B9 C7 6A 4D DF 6C CD 19 AC EE 25 A0 E1 4E E9 
 19 8D 9D 09 A7 25 DB C7 08 4E FF E1 B6 26 A0 7C 
 F9 21 7B 67 78 1F 5D 12 76 12 68 8C E7 0C 09 CB 
 76 D8 05 E6 C5 D2 1D 11 90 F8 A6 8B 62 AC A5 07 
 0D C6 99 94 16 E3 12 90 0B 68 BE 30 7B 9B 5C F2 
 73 8B A4 25 AF A6 C6 19 05 0B B8 99 25 2C 80 DE 
 52 F2 F4 0B 2C 7E B6 80 5D F0 01 E5 1A 40 A7 04 
 B7 34 12 A4 3A A2 76 BB 3F D9 07 CB 03 CF 8F 88 
 32 F8 6C B9 C6 01 C1 1A 56 9D 0C 55 4D 5B DB 20 
 28 A8 9D CB 9E 1B F7 5C 96 CD A0 54 62 24 87 79 
 5F 0C B5 D2 3C B9 0C 91 7E EE FC 62 C4 4B C8 E1 
 21 60 8C 5B 86 C4 AE 4E D0 46 CD 84 2A 1B 3D 90 
 AB 25 28 2E D9 69 E4 57 93 15 4B 31 7E C5 52 9A 
 80 7B 24 66 4C 7E DC D6 99 76 CF 52 E6 AF CD 3A 
 7C 47 22 AE A9 95 4F 7A 83 40 2C EB E8 11 50 AD 
 35 5E 89 8B 02 FA F6 67 2B EF A7 4C 4C D4 7E 56 
 C3 1F 4D A7 CC FC 2F 3A AA 2C F2 B6 E7 9A 14 25 
 12 E4 C0 BD DB 84 77 4C 3C C9 40 61 E4 B0 B9 7F 
 E7 79 16 94 AB 85 7F D0 4C 61 5F B3 62 5D F8 55 
 80 8E A0 E7 E0 65 14 20 8F FF 42 E6 24 13 
    IsEnEnabled(0x161 = 'ContextLoad'): 1
 SWTPM_IO_Write: length 14
 80 01 00 00 00 0E 00 00 00 00 02 00 00 00 
 SWTPM_IO_Read: length 14
 80 01 00 00 00 0E 00 00 01 62 80 00 00 00 
    IsEnEnabled(0x162 = 'ContextSave'): 1
 SWTPM_IO_Write: length 456
 80 01 00 00 01 C8 00 00 00 00 00 00 00 00 00 00 
 01 50 80 00 00 00 40 00 00 01 01 AC 00 40 EA C5 
 5D 2E EE 35 0C C8 D3 87 13 44 7E D0 7F 27 76 C9 
 94 34 9B 0E 71 4D 08 39 21 DB 8E 63 DC 40 6B 32 
 4D 0D 93 3D E0 F6 CB E3 05 8D 4F 25 4B 85 56 5B 
 47 05 48 75 63 D8 3F 2F 3F AB F9 AB 58 3A 76 E7 
 E4 35 0C CD 56 75 82 93 56 BF 33 A3 B1 C2 79 89 
 B7 47 86 2E 8E A8 E1 C8 CE 9F 39 FE D9 25 1D 86 
 D8 15 2A AB 39 8E 81 D5 C6 C6 F5 3A 7E 5C D0 72 
 3D 42 16 20 E0 3A 28 92 6E AA CD A4 5A 11 F1 8B 
 1B BC 7E 66 8C 59 2C DC 81 2A 3F DA 61 8B 7E 1B 
 19 4C 01 7E 87 DF D1 6B 21 0E 8B A2 54 6F 85 7C 
 64 CF E4 4B 33 DC 50 85 D0 03 8A 23 B9 77 95 BA 
 7F F0 F6 54 0E 3E 69 03 AE 14 1E 19 21 B0 94 D1 
 7D 1E 08 BA 30 C5 0A 14 72 67 83 F9 9F C7 F4 8C 
 03 27 43 95 48 6E E2 A8 62 4B 81 78 7F F8 ED 77 
 0C DA DE 1D 06 1B 2F C9 94 86 7E 5E AA EB BF E4 
 DD 5F 0F 14 F7 E1 9D 59 2D 74 30 98 4D 14 6C 87 
 F6 C1 CE B1 B4 46 FA 48 C3 8C 14 A7 89 B3 89 CE 
 47 64 91 26 F4 DF A2 5E 3B C1 23 F3 D0 72 1F D6 
 72 E8 26 DE 7C CD A9 48 F9 20 72 50 06 B9 C3 13 
 BB 40 94 70 CD BC 16 4B 66 A6 03 49 8C 90 C2 7C 
 FC C3 76 93 16 8D CE 8D A9 5A 9F 19 AB 09 C1 04 
 5C 57 DD 37 B5 8A 65 21 87 0B 7A 98 AC 06 F2 D8 
 20 FA BB B5 CA 53 54 92 A3 E2 E4 10 21 64 7F 17 
 73 EE C8 4F A7 BF D6 8C 4D B5 28 F9 FA B9 33 DB 
 54 50 F3 95 90 88 5D 49 44 DB C1 8C 04 19 C2 27 
 12 01 67 9C 0B F2 25 30 F4 10 C7 E1 29 CE 3B B2 
 E4 FF 22 3A 9B 6F 7D A2 
 SWTPM_IO_Read: length 14
 80 01 00 00 00 0E 00 00 01 62 80 00 00 00 
    IsEnEnabled(0x162 = 'ContextSave'): 1
 SWTPM_IO_Write: length 456
 80 01 00 00 01 C8 00 00 00 00 00 00 00 00 00 00 
 01 51 80 00 00 00 40 00 00 01 01 AC 00 40 4F E6 
 8E 4D 13 38 42 F2 49 9A B5 9D F5 4D E2 8F BF C6 
 6B 6C 34 10 E5 85 69 58 C8 8E 53 E7 15 B8 16 5B 
 F6 AD 53 A9 75 06 D0 FC 08 5F 73 13 0A C8 75 C0 
 AF 61 E3 5E 73 19 61 44 6D 8F 66 D4 41 29 E6 51 
 53 7D CE 26 A3 C7 91 61 35 CA 7A AD 02 A5 8B 12 
 D8 79 AE 75 B1 BA 8F 3A FE 8C 88 55 01 33 51 5F 
 FF 27 7E FD 70 24 92 8B 47 2E 5A 26 25 9B 6B 51 
 36 07 5E 55 EB BD 79 AA CD 41 F6 3B 9E 31 FB D2 
 77 97 1B CC 16 74 38 45 93 40 32 A3 D9 E9 6F 9B 
 8B AD C5 3E 3F FE F7 65 DD 26 B8 1A E2 5F A0 7B 
 1C 3C 4E 00 D7 2D 99 52 42 88 1B 9C BB 60 75 86 
 87 83 80 8B 9E 5E 2C 28 43 C0 F3 68 8B 9A 71 21 
 1B D9 C7 F1 55 6F 58 1B D9 31 D0 D8 7A 80 DD A0 
 C1 03 85 6B DE 0B 23 28 0D DA E0 02 5E D4 BE 55 
 37 2E 4F FC DB 7E C9 FC 45 BC 1E 6B 5F 7C BB A9 
 E2 E8 A9 46 FC 88 EC BE 94 D8 A7 7F 49 CC E1 A9 
 7B 4D C6 0A 4C 46 65 39 22 F4 FD 21 96 59 E3 26 
 DD C3 2D 5A D5 68 39 09 EC AF 96 2A 9C 4E 63 31 
 1F C2 07 19 EC 70 15 C7 F8 25 4C 0E 6F 39 60 59 
 E9 B3 5D 3C 22 CB 19 68 A5 B9 A4 03 49 80 95 18 
 EE 2A 3B 2E 37 E6 2E 10 25 CD 40 6F BB DB 73 0B 
 43 EE 56 FC 35 83 C5 21 02 45 9B 5D 24 6D 8A 64 
 2C 82 7B 9C 86 3E BA 80 10 43 B2 6F DC 4B 75 70 
 3F 60 E2 61 3B E9 42 2D 6A 69 F8 A8 41 60 59 ED 
 4E C6 49 05 2D AE 42 E0 E4 04 D9 E5 75 C1 BD E4 
 62 FB B3 04 A0 17 5C 80 7E C2 5D 67 C2 E4 74 67 
 89 97 93 38 0C 29 76 09 
 SWTPM_IO_Read: length 14
 80 01 00 00 00 0E 00 00 01 65 80 00 00 00 
    IsEnEnabled(0x165 = 'FlushContext'): 1
 SWTPM_IO_Write: length 10
 80 01 00 00 00 0A 00 00 00 00 
 SWTPM_IO_Read: length 14
 80 01 00 00 00 0E 00 00 01 62 02 00 00 00 
    IsEnEnabled(0x162 = 'ContextSave'): 1
 SWTPM_IO_Write: length 414
 80 01 00 00 01 9E 00 00 00 00 00 00 00 00 00 00 
 01 1E 02 00 00 00 40 00 00 07 01 82 00 40 72 9D 
 EE C5 CC 00 53 B3 D7 A3 A2 DE 6E 3E 21 A1 E8 AC 
 D5 89 D1 4F 35 F8 BC CE BF ED 02 B7 01 D1 B6 34 
 4A F3 57 8A A8 D4 B8 A3 B9 91 70 EF D5 74 F0 17 
 B8 9D 9C 9F BA 9A 83 57 F6 E6 32 B1 E4 14 2D B3 
 76 A6 00 70 BD 60 F3 73 BD 5A A7 27 D5 09 AC F0 
 20 9D D1 62 61 01 A2 B5 8E 9B A2 4A FC 76 46 D7 
 A7 D4 1C D9 A2 5A D6 44 39 43 29 89 36 00 C4 DC 
 51 83 2E 35 07 77 4A 1D D9 85 FD 21 26 5D 3D 90 
 DF 2A 3C CF 60 9D 10 96 51 7F 6B EE F3 3B 3B 36 
 E0 CF 35 4D 42 16 10 AB ED DE B5 47 77 DC 4B 0D 
 6F C7 19 39 2E 67 81 CB 67 67 5B D1 29 39 8C A7 
 C4 27 18 AA 70 23 05 90 2B 85 72 0D CF 3F 54 10 
 1E 82 F7 CB 8E B6 F1 09 8C EB 85 A7 12 04 F2 54 
 42 4D BE 6C 1E FA 4B 4A 4B 39 B4 71 20 05 C9 EE 
 67 72 CB 1A 5C 74 E3 3C 12 2B 44 0D C9 46 13 A7 
 B0 CA C7 94 94 A7 50 B8 AB 55 04 A3 EC 15 25 4A 
 B1 A3 40 3D 9E 6F 6A 3B 77 F3 78 FF D6 70 F5 45 
 FE 9B 57 52 D6 DD EA 56 AE 3A BC 2A 5C BE F8 31 
 FB 2C F2 99 13 F3 CC B9 4F 3E C1 1E CC 1E 73 9A 
 67 97 4A CD 2C 24 02 1C 4D 9C E3 26 19 43 F0 8A 
 F0 A4 15 83 1A 5D 1E 56 9E B2 BA CD F1 92 81 31 
 49 29 77 84 04 05 1B F2 F6 CC A9 4E 92 7D D7 E7 
 7C D3 34 E7 6C 21 9E 66 DF 13 36 7F A2 64 FD 7D 
 43 3F 0C 67 6B 0D B2 7B BB F4 F3 14 3C 45 
 SWTPM_IO_Read: length 456
 80 01 00 00 01 C8 00 00 01 61 00 00 00 00 00 00 
 01 51 80 00 00 00 40 00 00 01 01 AC 00 40 4F E6 
 8E 4D 13 38 42 F2 49 9A B5 9D F5 4D E2 8F BF C6 
 6B 6C 34 10 E5 85 69 58 C8 8E 53 E7 15 B8 16 5B 
 F6 AD 53 A9 75 06 D0 FC 08 5F 73 13 0A C8 75 C0 
 AF 61 E3 5E 73 19 61 44 6D 8F 66 D4 41 29 E6 51 
 53 7D CE 26 A3 C7 91 61 35 CA 7A AD 02 A5 8B 12 
 D8 79 AE 75 B1 BA 8F 3A FE 8C 88 55 01 33 51 5F 
 FF 27 7E FD 70 24 92 8B 47 2E 5A 26 25 9B 6B 51 
 36 07 5E 55 EB BD 79 AA CD 41 F6 3B 9E 31 FB D2 
 77 97 1B CC 16 74 38 45 93 40 32 A3 D9 E9 6F 9B 
 8B AD C5 3E 3F FE F7 65 DD 26 B8 1A E2 5F A0 7B 
 1C 3C 4E 00 D7 2D 99 52 42 88 1B 9C BB 60 75 86 
 87 83 80 8B 9E 5E 2C 28 43 C0 F3 68 8B 9A 71 21 
 1B D9 C7 F1 55 6F 58 1B D9 31 D0 D8 7A 80 DD A0 
 C1 03 85 6B DE 0B 23 28 0D DA E0 02 5E D4 BE 55 
 37 2E 4F FC DB 7E C9 FC 45 BC 1E 6B 5F 7C BB A9 
 E2 E8 A9 46 FC 88 EC BE 94 D8 A7 7F 49 CC E1 A9 
 7B 4D C6 0A 4C 46 65 39 22 F4 FD 21 96 59 E3 26 
 DD C3 2D 5A D5 68 39 09 EC AF 96 2A 9C 4E 63 31 
 1F C2 07 19 EC 70 15 C7 F8 25 4C 0E 6F 39 60 59 
 E9 B3 5D 3C 22 CB 19 68 A5 B9 A4 03 49 80 95 18 
 EE 2A 3B 2E 37 E6 2E 10 25 CD 40 6F BB DB 73 0B 
 43 EE 56 FC 35 83 C5 21 02 45 9B 5D 24 6D 8A 64 
 2C 82 7B 9C 86 3E BA 80 10 43 B2 6F DC 4B 75 70 
 3F 60 E2 61 3B E9 42 2D 6A 69 F8 A8 41 60 59 ED 
 4E C6 49 05 2D AE 42 E0 E4 04 D9 E5 75 C1 BD E4 
 62 FB B3 04 A0 17 5C 80 7E C2 5D 67 C2 E4 74 67 
 89 97 93 38 0C 29 76 09 
    IsEnEnabled(0x161 = 'ContextLoad'): 1
 SWTPM_IO_Write: length 14
 80 01 00 00 00 0E 00 00 00 00 80 00 00 00 
 SWTPM_IO_Read: length 414
 80 01 00 00 01 9E 00 00 01 61 00 00 00 00 00 00 
 01 1E 02 00 00 00 40 00 00 07 01 82 00 40 72 9D 
 EE C5 CC 00 53 B3 D7 A3 A2 DE 6E 3E 21 A1 E8 AC 
 D5 89 D1 4F 35 F8 BC CE BF ED 02 B7 01 D1 B6 34 
 4A F3 57 8A A8 D4 B8 A3 B9 91 70 EF D5 74 F0 17 
 B8 9D 9C 9F BA 9A 83 57 F6 E6 32 B1 E4 14 2D B3 
 76 A6 00 70 BD 60 F3 73 BD 5A A7 27 D5 09 AC F0 
 20 9D D1 62 61 01 A2 B5 8E 9B A2 4A FC 76 46 D7 
 A7 D4 1C D9 A2 5A D6 44 39 43 29 89 36 00 C4 DC 
 51 83 2E 35 07 77 4A 1D D9 85 FD 21 26 5D 3D 90 
 DF 2A 3C CF 60 9D 10 96 51 7F 6B EE F3 3B 3B 36 
 E0 CF 35 4D 42 16 10 AB ED DE B5 47 77 DC 4B 0D 
 6F C7 19 39 2E 67 81 CB 67 67 5B D1 29 39 8C A7 
 C4 27 18 AA 70 23 05 90 2B 85 72 0D CF 3F 54 10 
 1E 82 F7 CB 8E B6 F1 09 8C EB 85 A7 12 04 F2 54 
 42 4D BE 6C 1E FA 4B 4A 4B 39 B4 71 20 05 C9 EE 
 67 72 CB 1A 5C 74 E3 3C 12 2B 44 0D C9 46 13 A7 
 B0 CA C7 94 94 A7 50 B8 AB 55 04 A3 EC 15 25 4A 
 B1 A3 40 3D 9E 6F 6A 3B 77 F3 78 FF D6 70 F5 45 
 FE 9B 57 52 D6 DD EA 56 AE 3A BC 2A 5C BE F8 31 
 FB 2C F2 99 13 F3 CC B9 4F 3E C1 1E CC 1E 73 9A 
 67 97 4A CD 2C 24 02 1C 4D 9C E3 26 19 43 F0 8A 
 F0 A4 15 83 1A 5D 1E 56 9E B2 BA CD F1 92 81 31 
 49 29 77 84 04 05 1B F2 F6 CC A9 4E 92 7D D7 E7 
 7C D3 34 E7 6C 21 9E 66 DF 13 36 7F A2 64 FD 7D 
 43 3F 0C 67 6B 0D B2 7B BB F4 F3 14 3C 45 
    IsEnEnabled(0x161 = 'ContextLoad'): 1
 SWTPM_IO_Write: length 14
 80 01 00 00 00 0E 00 00 00 00 02 00 00 00 
 SWTPM_IO_Read: length 14
 80 01 00 00 00 0E 00 00 01 65 02 00 00 00 
    IsEnEnabled(0x165 = 'FlushContext'): 1
 SWTPM_IO_Write: length 10
 80 01 00 00 00 0A 00 00 00 00 
 SWTPM_IO_Read: length 14
 80 01 00 00 00 0E 00 00 01 62 80 00 00 00 
    IsEnEnabled(0x162 = 'ContextSave'): 1
 SWTPM_IO_Write: length 456
 80 01 00 00 01 C8 00 00 00 00 00 00 00 00 00 00 
 01 52 80 00 00 00 40 00 00 01 01 AC 00 40 64 59 
 8E E6 E9 2C 13 45 78 19 1C 9B ED 1C 92 02 34 7F 
 88 E1 76 E6 06 63 7C 02 AC 78 7E 6C 57 84 97 C9 
 E3 E4 2F 7C E8 75 EA AB D2 54 D4 74 10 48 C2 B3 
 02 6B 3D 13 99 B7 30 1E 9D 25 C2 5A 39 44 9B 74 
 5D 98 8E A3 E4 7E 9B 1E 04 7B 34 21 0B 70 14 6A 
 03 68 E3 18 10 98 E6 35 E8 95 39 B9 68 99 BA 76 
 3B 7D 85 DE F1 0F 8E D1 7C C7 3F F5 3A D0 9D E6 
 A3 98 6C 18 5E 48 9E B0 0C 82 0F 6C E1 6A BE 0B 
 05 79 46 18 F7 C3 1D 12 E3 79 88 67 F1 C2 21 F4 
 39 6B 38 CA BB B2 BE 6B 7E 57 BF 06 75 46 EA 8F 
 67 0B 10 78 8B E4 84 4D 56 21 31 83 3E 6E F1 3F 
 B6 72 84 F7 B3 47 AF F7 BA C1 45 26 3F 60 34 34 
 66 2A 1B D1 D2 C9 22 61 80 17 DF 54 B1 EF 19 4A 
 B1 77 F3 8D EE CA B9 DF 85 89 D6 30 D0 82 6D 7D 
 0D D8 A6 6D 61 68 4A 29 7D 1D 31 1F 1E 0F 13 5D 
 14 68 32 AE ED 43 D4 40 75 9B 7E 35 56 EB 1B 1A 
 6B AC 1B 3A C7 0E E0 BE 5C 86 13 52 D0 CA 48 98 
 CB 18 67 C2 C3 3F 49 00 B1 0E 6C E4 C1 5F 5F 2E 
 AC 22 22 7E AE C3 D9 8F D8 2B 35 82 7B 77 18 F1 
 2F 56 1A CF 5B AC F1 2F D3 FA 6E 3C 14 58 14 2D 
 06 0E 46 B5 66 42 FF 50 CB A7 B5 9A 76 C5 DB B7 
 84 ED 4C 79 47 C7 E2 C6 C9 A2 E9 33 C6 50 C0 1F 
 B5 C2 64 A2 64 4D 06 96 E0 8C EC BD 22 45 42 39 
 CE AC 6A 92 F2 6F F6 19 F4 C9 2C 20 C0 31 BA 49 
 72 5B B9 D8 3A 18 2E 7D 7C C3 12 52 B8 14 85 83 
 43 FE 9B BE 16 53 42 35 3F F2 7C 33 3F 85 BD 9E 
 2F DF B0 BC C7 AD 54 A0 
 SWTPM_IO_Read: length 14
 80 01 00 00 00 0E 00 00 01 65 80 00 00 00 
    IsEnEnabled(0x165 = 'FlushContext'): 1
 SWTPM_IO_Write: length 10
 80 01 00 00 00 0A 00 00 00 00 
 SWTPM_IO_Read: length 14
 80 01 00 00 00 0E 00 00 01 62 02 00 00 00 
    IsEnEnabled(0x162 = 'ContextSave'): 1
 SWTPM_IO_Write: length 10
 80 01 00 00 00 0A 00 00 09 10 
 SWTPM_IO_Read: length 12
 80 01 00 00 00 0C 00 00 01 7B 00 08 
    IsEnEnabled(0x17b = 'GetRandom'): 1
 SWTPM_IO_Write: length 20
 80 01 00 00 00 14 00 00 00 00 00 08 71 4C 20 66 
 52 2D D8 10 
 SWTPM_IO_Read: length 22
 80 01 00 00 00 16 00 00 01 7A 00 00 00 00 00 00 
 00 00 00 00 00 7F 
    IsEnEnabled(0x17a = 'GetCapability'): 1
 SWTPM_IO_Write: length 217
 80 01 00 00 00 D9 00 00 00 00 00 00 00 00 00 00 
 00 00 21 00 01 00 00 00 09 00 03 00 00 00 02 00 
 04 00 00 00 04 00 05 00 00 01 04 00 06 00 00 00 
 02 00 07 00 00 04 04 00 08 00 00 03 0C 00 0A 00 
 00 00 06 00 0B 00 00 00 04 00 0C 00 00 00 04 00 
 0D 00 00 00 04 00 14 00 00 01 01 00 15 00 00 02 
 01 00 16 00 00 01 01 00 17 00 00 02 01 00 18 00 
 00 01 01 00 19 00 00 04 01 00 1A 00 00 01 01 00 
 1B 00 00 05 01 00 1C 00 00 01 01 00 1D 00 00 04 
 01 00 20 00 00 04 04 00 21 00 00 04 04 00 22 00 
 00 04 04 00 23 00 00 00 09 00 25 00 00 00 08 00 
 26 00 00 00 02 00 3F 00 00 01 02 00 40 00 00 02 
 02 00 41 00 00 02 02 00 42 00 00 02 02 00 43 00 
 00 02 02 00 44 00 00 02 02 
 SWTPM_IO_Read: length 59
 80 01 00 00 00 3B 00 00 01 76 40 00 00 07 40 00 
 00 07 00 20 B0 2C 80 F3 EF E3 47 C1 D8 16 90 F2 
 00 B6 AB 94 3E AC B0 15 08 DB 81 EA A2 75 A1 8C 
 E8 4F 90 74 00 00 00 00 10 00 0B 
    IsEnEnabled(0x176 = 'StartAuthSession'): 1
 SWTPM_IO_Write: length 48
 80 01 00 00 00 30 00 00 00 00 02 00 00 00 00 20 
 B9 72 B3 62 4A 37 EE 3A DA 6F AF F0 48 ED 06 2A 
 F9 B9 5C C2 74 A5 61 39 49 93 1D 8B BD 5B 25 3B 
 SWTPM_IO_Read: length 14
 80 01 00 00 00 0E 00 00 01 62 02 00 00 00 
    IsEnEnabled(0x162 = 'ContextSave'): 1
 SWTPM_IO_Write: length 414
 80 01 00 00 01 9E 00 00 00 00 00 00 00 00 00 00 
 01 1F 02 00 00 00 40 00 00 07 01 82 00 40 35 F4 
 13 FF DF 51 34 94 C5 22 2F 5D 20 27 FE C5 AD BC 
 51 85 B9 AB 71 38 D4 C4 F3 84 7D 9A 51 38 99 CA 
 1A 2E 39 8F E1 D3 2B 8D 4A 0B 31 60 1B B5 1F 3C 
 EB 6A 18 AE 1D C0 F4 85 CD BF F0 4A 29 86 4C BC 
 0A B0 7C C3 0F F3 35 A2 DF 91 F1 64 33 C9 0D D2 
 C5 BB 88 70 C0 78 1C 9B 44 D5 33 D5 ED 88 CB 93 
 DF D4 EE 9F AE B7 6E A6 2B 21 B1 50 37 4B 87 A0 
 6E 07 47 45 63 FD 39 3B 8A E5 2E AC C8 68 CF DB 
 BA 61 9F 03 B9 F2 07 96 21 9D B7 A6 E2 C2 BF 08 
 29 03 E3 04 2E E3 04 73 8C 7B F1 2F 0D E3 42 B2 
 15 2E A1 0D B0 3A 53 12 08 58 40 19 67 5A 25 E3 
 9E 58 75 8F 58 D5 71 6F 02 43 7A 61 01 D0 28 12 
 F6 A6 19 3A AC 9B 18 D0 6C CA 23 16 EA ED 3D 8E 
 63 16 83 8D E3 5E EA 87 45 83 9D 2F F4 91 49 E7 
 BF E5 08 0C FA 90 EE 3F 35 66 B1 09 AE EF 02 92 
 5B 4C 06 04 A4 87 5D D5 76 0C F5 88 7E 76 17 10 
 33 58 5C 7F F1 C8 FB 49 7B F9 4B 2A DE 82 E9 4D 
 17 6A 6C 06 0B BC 74 C1 52 F2 99 EB E9 4F 8A 55 
 4E 03 64 D3 CC 67 A7 B9 4D 50 7E 52 BA 75 D4 4E 
 96 93 B9 D8 C9 73 B6 73 D2 C9 88 EC A1 90 65 02 
 97 37 84 A1 7F 1E B4 10 DD 54 EE 0F 77 6C 41 16 
 4C 40 11 30 74 D3 FC DB 9C F2 D4 5E A6 F8 28 57 
 D2 1B 2D 40 25 F5 72 2D 83 A2 7B 94 10 6C AE 06 
 49 D3 B1 17 58 7E 3A A0 08 69 2D 62 C6 54 
 SWTPM_IO_Read: length 414
 80 01 00 00 01 9E 00 00 01 61 00 00 00 00 00 00 
 01 1F 02 00 00 00 40 00 00 07 01 82 00 40 35 F4 
 13 FF DF 51 34 94 C5 22 2F 5D 20 27 FE C5 AD BC 
 51 85 B9 AB 71 38 D4 C4 F3 84 7D 9A 51 38 99 CA 
 1A 2E 39 8F E1 D3 2B 8D 4A 0B 31 60 1B B5 1F 3C 
 EB 6A 18 AE 1D C0 F4 85 CD BF F0 4A 29 86 4C BC 
 0A B0 7C C3 0F F3 35 A2 DF 91 F1 64 33 C9 0D D2 
 C5 BB 88 70 C0 78 1C 9B 44 D5 33 D5 ED 88 CB 93 
 DF D4 EE 9F AE B7 6E A6 2B 21 B1 50 37 4B 87 A0 
 6E 07 47 45 63 FD 39 3B 8A E5 2E AC C8 68 CF DB 
 BA 61 9F 03 B9 F2 07 96 21 9D B7 A6 E2 C2 BF 08 
 29 03 E3 04 2E E3 04 73 8C 7B F1 2F 0D E3 42 B2 
 15 2E A1 0D B0 3A 53 12 08 58 40 19 67 5A 25 E3 
 9E 58 75 8F 58 D5 71 6F 02 43 7A 61 01 D0 28 12 
 F6 A6 19 3A AC 9B 18 D0 6C CA 23 16 EA ED 3D 8E 
 63 16 83 8D E3 5E EA 87 45 83 9D 2F F4 91 49 E7 
 BF E5 08 0C FA 90 EE 3F 35 66 B1 09 AE EF 02 92 
 5B 4C 06 04 A4 87 5D D5 76 0C F5 88 7E 76 17 10 
 33 58 5C 7F F1 C8 FB 49 7B F9 4B 2A DE 82 E9 4D 
 17 6A 6C 06 0B BC 74 C1 52 F2 99 EB E9 4F 8A 55 
 4E 03 64 D3 CC 67 A7 B9 4D 50 7E 52 BA 75 D4 4E 
 96 93 B9 D8 C9 73 B6 73 D2 C9 88 EC A1 90 65 02 
 97 37 84 A1 7F 1E B4 10 DD 54 EE 0F 77 6C 41 16 
 4C 40 11 30 74 D3 FC DB 9C F2 D4 5E A6 F8 28 57 
 D2 1B 2D 40 25 F5 72 2D 83 A2 7B 94 10 6C AE 06 
 49 D3 B1 17 58 7E 3A A0 08 69 2D 62 C6 54 
    IsEnEnabled(0x161 = 'ContextLoad'): 1
 SWTPM_IO_Write: length 14
 80 01 00 00 00 0E 00 00 00 00 02 00 00 00 
 SWTPM_IO_Read: length 456
 80 01 00 00 01 C8 00 00 01 61 00 00 00 00 00 00 
 01 50 80 00 00 00 40 00 00 01 01 AC 00 40 EA C5 
 5D 2E EE 35 0C C8 D3 87 13 44 7E D0 7F 27 76 C9 
 94 34 9B 0E 71 4D 08 39 21 DB 8E 63 DC 40 6B 32 
 4D 0D 93 3D E0 F6 CB E3 05 8D 4F 25 4B 85 56 5B 
 47 05 48 75 63 D8 3F 2F 3F AB F9 AB 58 3A 76 E7 
 E4 35 0C CD 56 75 82 93 56 BF 33 A3 B1 C2 79 89 
 B7 47 86 2E 8E A8 E1 C8 CE 9F 39 FE D9 25 1D 86 
 D8 15 2A AB 39 8E 81 D5 C6 C6 F5 3A 7E 5C D0 72 
 3D 42 16 20 E0 3A 28 92 6E AA CD A4 5A 11 F1 8B 
 1B BC 7E 66 8C 59 2C DC 81 2A 3F DA 61 8B 7E 1B 
 19 4C 01 7E 87 DF D1 6B 21 0E 8B A2 54 6F 85 7C 
 64 CF E4 4B 33 DC 50 85 D0 03 8A 23 B9 77 95 BA 
 7F F0 F6 54 0E 3E 69 03 AE 14 1E 19 21 B0 94 D1 
 7D 1E 08 BA 30 C5 0A 14 72 67 83 F9 9F C7 F4 8C 
 03 27 43 95 48 6E E2 A8 62 4B 81 78 7F F8 ED 77 
 0C DA DE 1D 06 1B 2F C9 94 86 7E 5E AA EB BF E4 
 DD 5F 0F 14 F7 E1 9D 59 2D 74 30 98 4D 14 6C 87 
 F6 C1 CE B1 B4 46 FA 48 C3 8C 14 A7 89 B3 89 CE 
 47 64 91 26 F4 DF A2 5E 3B C1 23 F3 D0 72 1F D6 
 72 E8 26 DE 7C CD A9 48 F9 20 72 50 06 B9 C3 13 
 BB 40 94 70 CD BC 16 4B 66 A6 03 49 8C 90 C2 7C 
 FC C3 76 93 16 8D CE 8D A9 5A 9F 19 AB 09 C1 04 
 5C 57 DD 37 B5 8A 65 21 87 0B 7A 98 AC 06 F2 D8 
 20 FA BB B5 CA 53 54 92 A3 E2 E4 10 21 64 7F 17 
 73 EE C8 4F A7 BF D6 8C 4D B5 28 F9 FA B9 33 DB 
 54 50 F3 95 90 88 5D 49 44 DB C1 8C 04 19 C2 27 
 12 01 67 9C 0B F2 25 30 F4 10 C7 E1 29 CE 3B B2 
 E4 FF 22 3A 9B 6F 7D A2 
    IsEnEnabled(0x161 = 'ContextLoad'): 1
 SWTPM_IO_Write: length 14
 80 01 00 00 00 0E 00 00 00 00 80 00 00 00 
 SWTPM_IO_Read: length 14
 80 01 00 00 00 0E 00 00 01 62 80 00 00 00 
    IsEnEnabled(0x162 = 'ContextSave'): 1
 SWTPM_IO_Write: length 456
 80 01 00 00 01 C8 00 00 00 00 00 00 00 00 00 00 
 01 53 80 00 00 00 40 00 00 01 01 AC 00 40 A9 A4 
 78 18 11 E9 29 D4 70 22 19 03 03 9D B6 4B B1 C9 
 2C 9B 21 35 47 93 D1 0A 1A 54 3D EA C2 95 E3 22 
 7B B7 6A 9E CA 04 6E DA 1E A2 6F 54 ED 7E 2E 5E 
 0D 7C 6F FE 9D 78 D9 3E 66 B1 4E 50 08 18 1E 98 
 73 B6 72 2F 57 4F DE 46 82 F1 D9 EB 51 D9 62 6A 
 F8 ED A2 7A A6 47 08 F0 6B 81 F0 31 6B B1 43 E5 
 41 D0 8F 98 49 81 10 18 CF E0 DD 69 44 11 CB 00 
 19 56 9D 5A B6 8C 48 3B A1 AA EB 37 7E 79 97 46 
 97 CD 31 44 0D 89 63 CA CF 9E D8 F3 EB 50 83 50 
 1B 38 E8 26 95 B5 95 14 0D A3 29 51 47 FF 90 90 
 BC 9D 3B 71 1D 20 3D D7 3E 06 85 F7 5A 44 A1 D7 
 57 C6 42 E5 82 B0 E8 F4 13 4E 16 86 EA 7A A3 7B 
 97 6B D3 70 F3 47 EB D7 2F 0C 29 5F 68 38 84 04 
 F2 EF E6 5C 48 6E 42 D1 71 F6 E7 26 38 93 F8 5E 
 F3 15 B5 5A 69 83 02 5E 76 BF BE DF 18 CD 4B 2A 
 DC FB 16 DE F1 8F 6C 23 93 69 D4 90 C4 92 BE E7 
 A0 95 38 BD 76 2F D9 4A 0C 6F 9D 1C 91 89 5A 0A 
 1D 07 99 48 31 14 85 39 3F E1 20 13 A7 1D F0 99 
 C4 C8 B8 5C 3B BA 76 A2 9E 83 62 2C 2D A1 77 CA 
 64 D9 22 AB D5 47 14 59 F8 45 AE E5 1D 35 89 57 
 38 3C 0A 61 3F 70 83 E5 CE D6 54 5C 99 2B 8F DC 
 85 CD 10 62 52 94 08 64 6C D6 36 67 95 2A 07 8C 
 25 E8 70 1C B3 A1 69 88 4D 62 B6 A2 D9 45 EE 77 
 9D 39 89 35 70 20 E0 90 E4 28 CB 5A B1 C8 D5 2A 
 F5 F0 8A 12 B3 85 D8 39 7A 81 9E DA FB A6 85 ED 
 4E 10 43 FA 26 CF 83 B0 F7 63 DA A0 52 D6 41 54 
 35 66 FC 80 9D 82 BC 9E 
 SWTPM_IO_Read: length 14
 80 01 00 00 00 0E 00 00 01 65 80 00 00 00 
    IsEnEnabled(0x165 = 'FlushContext'): 1
 SWTPM_IO_Write: length 10
 80 01 00 00 00 0A 00 00 00 00 
 SWTPM_IO_Read: length 14
 80 01 00 00 00 0E 00 00 01 62 02 00 00 00 
    IsEnEnabled(0x162 = 'ContextSave'): 1
 SWTPM_IO_Write: length 414
 80 01 00 00 01 9E 00 00 00 00 00 00 00 00 00 00 
 01 20 02 00 00 00 40 00 00 07 01 82 00 40 5F C8 
 EF 7A 9E 7D 31 80 A6 8A 76 90 86 90 0F 98 19 AA 
 10 CB 0A F8 30 C0 EF E6 C3 AC 2C 0E 7C C5 26 E4 
 F8 7F CB 92 4F A6 50 D6 CF B7 C3 87 AE 18 6B F0 
 2A 3A D0 F8 42 6C E8 7F 58 5C DE 79 C3 AF FB 21 
 1F 67 4C E6 5A CA 31 C7 D3 E2 74 45 7B 8F 2F 48 
 C3 B3 34 FC 6F 50 93 14 A2 D1 8A 65 C0 39 8B 3E 
 10 4A A2 70 56 32 B9 04 5A F9 E6 FC FB 13 B7 99 
 DF CC C7 ED E2 D3 6F AA 12 83 95 51 D5 CC 97 D5 
 A5 0D 95 00 5A 5F 72 3F 35 33 90 8A E3 E6 6E 25 
 DC F9 18 25 1D C1 01 D5 88 C3 0E 2C 84 9E DD 04 
 0B 28 A4 CB 49 8D DB F1 76 84 F2 C3 00 16 DF A7 
 CA 41 88 E0 70 0B B4 A4 E2 8B 7C 34 8E C9 E1 AF 
 D4 05 38 D9 6A 88 76 36 2D 15 4A 15 C0 FB 87 9E 
 19 7C 9B 7B 4D 38 02 57 24 46 02 70 CB 06 37 2B 
 99 66 30 B2 38 71 70 1B 6B F3 22 2A 13 70 48 6B 
 E6 14 88 61 B7 8A 0F 35 B7 9C D5 ED B1 A7 60 77 
 B1 90 53 8E 60 09 F8 4C CB BB 28 F2 EF B0 55 97 
 18 6A 14 16 43 7D 0E 87 4D 25 3F 27 4E 1F 31 72 
 16 B5 83 70 5A D9 F6 CC 6A 59 90 F5 F7 01 80 A8 
 8B 96 D8 2A 71 A4 F0 3B 1A AB 4A FF 86 07 C5 49 
 54 D0 9C 6E 25 BD 80 4D 7E 9C FC 74 77 EB D2 3B 
 14 1C E6 E2 86 69 46 E6 35 A2 82 48 A6 06 0D EB 
 00 D2 13 59 9B F2 82 9C 0B D3 25 D3 13 1C 79 97 
 04 B8 28 FE 0B 33 CF 89 CE 95 6D CC F1 B2 
 SWTPM_IO_Read: length 456
 80 01 00 00 01 C8 00 00 01 61 00 00 00 00 00 00 
 01 53 80 00 00 00 40 00 00 01 01 AC 00 40 A9 A4 
 78 18 11 E9 29 D4 70 22 19 03 03 9D B6 4B B1 C9 
 2C 9B 21 35 47 93 D1 0A 1A 54 3D EA C2 95 E3 22 
 7B B7 6A 9E CA 04 6E DA 1E A2 6F 54 ED 7E 2E 5E 
 0D 7C 6F FE 9D 78 D9 3E 66 B1 4E 50 08 18 1E 98 
 73 B6 72 2F 57 4F DE 46 82 F1 D9 EB 51 D9 62 6A 
 F8 ED A2 7A A6 47 08 F0 6B 81 F0 31 6B B1 43 E5 
 41 D0 8F 98 49 81 10 18 CF E0 DD 69 44 11 CB 00 
 19 56 9D 5A B6 8C 48 3B A1 AA EB 37 7E 79 97 46 
 97 CD 31 44 0D 89 63 CA CF 9E D8 F3 EB 50 83 50 
 1B 38 E8 26 95 B5 95 14 0D A3 29 51 47 FF 90 90 
 BC 9D 3B 71 1D 20 3D D7 3E 06 85 F7 5A 44 A1 D7 
 57 C6 42 E5 82 B0 E8 F4 13 4E 16 86 EA 7A A3 7B 
 97 6B D3 70 F3 47 EB D7 2F 0C 29 5F 68 38 84 04 
 F2 EF E6 5C 48 6E 42 D1 71 F6 E7 26 38 93 F8 5E 
 F3 15 B5 5A 69 83 02 5E 76 BF BE DF 18 CD 4B 2A 
 DC FB 16 DE F1 8F 6C 23 93 69 D4 90 C4 92 BE E7 
 A0 95 38 BD 76 2F D9 4A 0C 6F 9D 1C 91 89 5A 0A 
 1D 07 99 48 31 14 85 39 3F E1 20 13 A7 1D F0 99 
 C4 C8 B8 5C 3B BA 76 A2 9E 83 62 2C 2D A1 77 CA 
 64 D9 22 AB D5 47 14 59 F8 45 AE E5 1D 35 89 57 
 38 3C 0A 61 3F 70 83 E5 CE D6 54 5C 99 2B 8F DC 
 85 CD 10 62 52 94 08 64 6C D6 36 67 95 2A 07 8C 
 25 E8 70 1C B3 A1 69 88 4D 62 B6 A2 D9 45 EE 77 
 9D 39 89 35 70 20 E0 90 E4 28 CB 5A B1 C8 D5 2A 
 F5 F0 8A 12 B3 85 D8 39 7A 81 9E DA FB A6 85 ED 
 4E 10 43 FA 26 CF 83 B0 F7 63 DA A0 52 D6 41 54 
 35 66 FC 80 9D 82 BC 9E 
    IsEnEnabled(0x161 = 'ContextLoad'): 1
 SWTPM_IO_Write: length 14
 80 01 00 00 00 0E 00 00 00 00 80 00 00 00 
 SWTPM_IO_Read: length 414
 80 01 00 00 01 9E 00 00 01 61 00 00 00 00 00 00 
 01 20 02 00 00 00 40 00 00 07 01 82 00 40 5F C8 
 EF 7A 9E 7D 31 80 A6 8A 76 90 86 90 0F 98 19 AA 
 10 CB 0A F8 30 C0 EF E6 C3 AC 2C 0E 7C C5 26 E4 
 F8 7F CB 92 4F A6 50 D6 CF B7 C3 87 AE 18 6B F0 
 2A 3A D0 F8 42 6C E8 7F 58 5C DE 79 C3 AF FB 21 
 1F 67 4C E6 5A CA 31 C7 D3 E2 74 45 7B 8F 2F 48 
 C3 B3 34 FC 6F 50 93 14 A2 D1 8A 65 C0 39 8B 3E 
 10 4A A2 70 56 32 B9 04 5A F9 E6 FC FB 13 B7 99 
 DF CC C7 ED E2 D3 6F AA 12 83 95 51 D5 CC 97 D5 
 A5 0D 95 00 5A 5F 72 3F 35 33 90 8A E3 E6 6E 25 
 DC F9 18 25 1D C1 01 D5 88 C3 0E 2C 84 9E DD 04 
 0B 28 A4 CB 49 8D DB F1 76 84 F2 C3 00 16 DF A7 
 CA 41 88 E0 70 0B B4 A4 E2 8B 7C 34 8E C9 E1 AF 
 D4 05 38 D9 6A 88 76 36 2D 15 4A 15 C0 FB 87 9E 
 19 7C 9B 7B 4D 38 02 57 24 46 02 70 CB 06 37 2B 
 99 66 30 B2 38 71 70 1B 6B F3 22 2A 13 70 48 6B 
 E6 14 88 61 B7 8A 0F 35 B7 9C D5 ED B1 A7 60 77 
 B1 90 53 8E 60 09 F8 4C CB BB 28 F2 EF B0 55 97 
 18 6A 14 16 43 7D 0E 87 4D 25 3F 27 4E 1F 31 72 
 16 B5 83 70 5A D9 F6 CC 6A 59 90 F5 F7 01 80 A8 
 8B 96 D8 2A 71 A4 F0 3B 1A AB 4A FF 86 07 C5 49 
 54 D0 9C 6E 25 BD 80 4D 7E 9C FC 74 77 EB D2 3B 
 14 1C E6 E2 86 69 46 E6 35 A2 82 48 A6 06 0D EB 
 00 D2 13 59 9B F2 82 9C 0B D3 25 D3 13 1C 79 97 
 04 B8 28 FE 0B 33 CF 89 CE 95 6D CC F1 B2 
    IsEnEnabled(0x161 = 'ContextLoad'): 1
 SWTPM_IO_Write: length 14
 80 01 00 00 00 0E 00 00 00 00 02 00 00 00 
 SWTPM_IO_Read: length 91
 80 02 00 00 00 5B 00 00 01 5E 80 00 00 00 00 00 
 00 49 02 00 00 00 00 20 A1 AA 37 B0 EB 4F 66 9B 
 59 36 E7 C7 14 AD 4F 1E B9 16 FF 2A D2 4B 5E 4D 
 BD 36 A5 C6 5C BE ED 98 01 00 20 EE 15 DF D5 6E 
 0D 19 8E 32 C0 C0 8E E5 24 AE E9 B7 CC 65 5F 3A 
 EA 6A 1D 55 A1 77 0C 91 7B 30 80 
    IsEnEnabled(0x15e = 'Unseal'): 1
 SWTPM_IO_Write: length 149
 80 02 00 00 00 95 00 00 00 00 00 00 00 42 00 40 
 31 36 34 39 30 39 30 61 65 65 30 37 36 64 32 66 
 34 35 36 37 61 39 62 34 35 63 39 66 38 63 38 36 
 39 37 37 31 31 62 31 39 36 64 38 32 31 66 64 63 
 36 36 64 34 37 39 65 37 62 30 33 66 64 63 34 31 
 00 20 31 06 2A 62 ED 88 DB 5C A8 7F DA A3 9C C6 
 81 05 9E 43 60 2E DE B7 13 FE B7 F7 22 C1 4E EF 
 11 2A 01 00 20 83 71 85 22 9F 1F C5 95 76 D1 07 
 FD 62 B6 D2 CC D8 05 D6 AC 08 1F FA A9 C8 4D B2 
 99 0E CE 7E 58 
 SWTPM_IO_Read: length 14
 80 01 00 00 00 0E 00 00 01 62 80 00 00 00 
    IsEnEnabled(0x162 = 'ContextSave'): 1
 SWTPM_IO_Write: length 456
 80 01 00 00 01 C8 00 00 00 00 00 00 00 00 00 00 
 01 54 80 00 00 00 40 00 00 01 01 AC 00 40 D7 41 
 03 2A C6 E1 1A 97 E2 E0 F9 D4 B4 16 77 BF AD 56 
 E1 2B 2F 45 AB 68 25 51 0E A2 2B 46 2B 17 9D 28 
 5E 67 B3 31 D0 AC 01 4F B4 53 F1 C6 53 7C 90 B5 
 5D 8A 5C AF 3F E0 E9 E9 BE B9 EB 7A 31 7F 55 F3 
 47 E6 5D B0 C6 27 99 95 72 70 70 A9 2C 2D 69 0D 
 F2 D2 8F 9E B5 D1 7B 7B EF 65 55 29 AD 1A 10 A0 
 27 6A 90 E7 2E 1B E4 A1 E4 A8 A0 C3 36 7B EA 47 
 0D 9A E4 03 96 55 B8 13 86 02 DA 5D 94 1B 59 10 
 05 90 49 69 0F 6D 30 88 6D 04 BD FC 51 15 0A F7 
 D9 66 9C B1 7C AD 71 0F CB 62 67 B6 A8 D5 44 E0 
 CB 81 2A 6A A5 E2 AF B8 F1 4D 2D F1 00 8B 1E E4 
 87 BD 01 4E 1E 50 5B CC A8 81 CE F9 B3 6D 11 69 
 0C 6B 4A 8D A6 0A 08 BF 9E 17 A0 CB 5C 5F BC 68 
 74 57 35 09 99 0E 65 81 20 64 AE 6D 04 25 55 84 
 69 F7 3C EA E3 EE FB 9C 8A EE AE 91 F7 4E E5 D1 
 6A B8 3D DE 1A F4 83 7E 79 47 1F 3A E7 47 C5 C4 
 C1 88 B6 B7 38 CA 55 87 39 AF 52 41 18 21 40 9C 
 27 68 59 D6 9F D7 72 C0 EE 13 C0 24 46 D1 3B 8A 
 C6 2D D6 21 04 75 36 68 BD 01 A7 6C C9 34 86 8E 
 33 FA 25 C1 15 53 7B 38 30 1C 16 F0 5F 9A 30 7B 
 2C 11 26 D9 1C 65 84 3C 13 8B B1 6A 32 82 09 76 
 A4 44 CD B7 B7 FC 80 98 F7 AB 3E E2 81 EC 36 DF 
 64 2D 84 45 88 CF 0C 2E 94 F8 CD 18 6D 3F 15 5A 
 F5 FA 0F 58 99 D4 BB CA 54 0A 6C E5 18 B9 8F 23 
 AC D6 FF 9E F6 53 41 08 94 B3 EB 96 53 93 7E 5B 
 D8 30 F0 BD 54 56 7B 46 84 8D D8 DD 08 CE 12 DA 
 0B 87 49 65 36 30 7D 5A 
 SWTPM_IO_Read: length 14
 80 01 00 00 00 0E 00 00 01 65 80 00 00 00 
    IsEnEnabled(0x165 = 'FlushContext'): 1
 SWTPM_IO_Write: length 10
 80 01 00 00 00 0A 00 00 00 00 
 SWTPM_IO_Read: length 14
 80 01 00 00 00 0E 00 00 01 62 02 00 00 00 
    IsEnEnabled(0x162 = 'ContextSave'): 1
 SWTPM_IO_Write: length 414
 80 01 00 00 01 9E 00 00 00 00 00 00 00 00 00 00 
 01 21 02 00 00 00 40 00 00 07 01 82 00 40 FB 81 
 B1 5E 8F 29 1A DE 27 43 D6 94 D2 20 20 92 AD D4 
 69 76 10 DB 6A CF A4 95 42 29 E7 00 91 6B 37 CC 
 4B EA CD B5 8C 3E 77 BE BE B7 FC E6 B4 DA 7E 41 
 C9 9D 51 C5 6D A0 F8 A8 10 7E 32 20 00 BA 6A 0F 
 B3 F6 98 B0 44 AB 78 90 8C 37 D3 FF AE 5C F7 63 
 32 32 2A 13 A9 B4 B1 E2 60 92 DE C1 E6 9F 9B F4 
 8B 2F B9 32 96 DC 3A 0F 5F 46 50 2B 4A 5C 5E 20 
 0A C7 9B FA 80 59 D7 5B 15 7D 9B B8 5B 55 09 49 
 7B E9 F4 F2 6D 2E 6F CA 76 A4 CC F6 A5 88 84 A9 
 0A 46 FE 74 68 79 C1 1D 76 AF A5 09 70 64 5C 16 
 BF BE 23 F3 C8 98 0C CC C7 38 2E DD 51 A7 EF ED 
 64 97 EB AE B5 A3 9D 10 30 19 7E 29 74 B8 AE 88 
 36 1D BC 23 34 47 26 3B A0 54 B4 B2 A1 B4 3F 23 
 85 19 26 F9 02 58 BD 94 1F 88 EF 61 48 1B 32 65 
 C9 21 95 F5 D5 EE 02 21 8C 98 D1 EC 27 79 99 3B 
 51 A6 89 C9 CE 33 02 E6 C4 F9 9F 79 DD 4A 54 6B 
 95 FE 24 48 ED 9C 91 E0 7D 13 DC 21 F3 73 40 6D 
 04 90 42 B7 DA C9 35 4D CB 1A B0 CA 91 7A 85 0E 
 A8 FC 98 29 4D 0E 7B 73 6C 37 14 F4 E9 C4 20 86 
 01 09 E2 7B 8E A7 AE 32 20 01 59 0F 34 20 27 3C 
 63 9E 04 C1 0C 7E CF 65 CA 09 55 5D 1C 7F D2 6E 
 EE EC 3C D6 08 9D E7 A5 95 FD 72 25 DB 60 F5 F8 
 15 C2 55 64 64 51 5A 8F 96 2D 12 46 2C 74 EC D8 
 E7 05 4A 25 D8 D0 CD 8E 76 83 20 57 54 1A 
 SWTPM_IO_Read: length 456
 80 01 00 00 01 C8 00 00 01 61 00 00 00 00 00 00 
 01 54 80 00 00 00 40 00 00 01 01 AC 00 40 D7 41 
 03 2A C6 E1 1A 97 E2 E0 F9 D4 B4 16 77 BF AD 56 
 E1 2B 2F 45 AB 68 25 51 0E A2 2B 46 2B 17 9D 28 
 5E 67 B3 31 D0 AC 01 4F B4 53 F1 C6 53 7C 90 B5 
 5D 8A 5C AF 3F E0 E9 E9 BE B9 EB 7A 31 7F 55 F3 
 47 E6 5D B0 C6 27 99 95 72 70 70 A9 2C 2D 69 0D 
 F2 D2 8F 9E B5 D1 7B 7B EF 65 55 29 AD 1A 10 A0 
 27 6A 90 E7 2E 1B E4 A1 E4 A8 A0 C3 36 7B EA 47 
 0D 9A E4 03 96 55 B8 13 86 02 DA 5D 94 1B 59 10 
 05 90 49 69 0F 6D 30 88 6D 04 BD FC 51 15 0A F7 
 D9 66 9C B1 7C AD 71 0F CB 62 67 B6 A8 D5 44 E0 
 CB 81 2A 6A A5 E2 AF B8 F1 4D 2D F1 00 8B 1E E4 
 87 BD 01 4E 1E 50 5B CC A8 81 CE F9 B3 6D 11 69 
 0C 6B 4A 8D A6 0A 08 BF 9E 17 A0 CB 5C 5F BC 68 
 74 57 35 09 99 0E 65 81 20 64 AE 6D 04 25 55 84 
 69 F7 3C EA E3 EE FB 9C 8A EE AE 91 F7 4E E5 D1 
 6A B8 3D DE 1A F4 83 7E 79 47 1F 3A E7 47 C5 C4 
 C1 88 B6 B7 38 CA 55 87 39 AF 52 41 18 21 40 9C 
 27 68 59 D6 9F D7 72 C0 EE 13 C0 24 46 D1 3B 8A 
 C6 2D D6 21 04 75 36 68 BD 01 A7 6C C9 34 86 8E 
 33 FA 25 C1 15 53 7B 38 30 1C 16 F0 5F 9A 30 7B 
 2C 11 26 D9 1C 65 84 3C 13 8B B1 6A 32 82 09 76 
 A4 44 CD B7 B7 FC 80 98 F7 AB 3E E2 81 EC 36 DF 
 64 2D 84 45 88 CF 0C 2E 94 F8 CD 18 6D 3F 15 5A 
 F5 FA 0F 58 99 D4 BB CA 54 0A 6C E5 18 B9 8F 23 
 AC D6 FF 9E F6 53 41 08 94 B3 EB 96 53 93 7E 5B 
 D8 30 F0 BD 54 56 7B 46 84 8D D8 DD 08 CE 12 DA 
 0B 87 49 65 36 30 7D 5A 
    IsEnEnabled(0x161 = 'ContextLoad'): 1
 SWTPM_IO_Write: length 14
 80 01 00 00 00 0E 00 00 00 00 80 00 00 00 
 SWTPM_IO_Read: length 414
 80 01 00 00 01 9E 00 00 01 61 00 00 00 00 00 00 
 01 21 02 00 00 00 40 00 00 07 01 82 00 40 FB 81 
 B1 5E 8F 29 1A DE 27 43 D6 94 D2 20 20 92 AD D4 
 69 76 10 DB 6A CF A4 95 42 29 E7 00 91 6B 37 CC 
 4B EA CD B5 8C 3E 77 BE BE B7 FC E6 B4 DA 7E 41 
 C9 9D 51 C5 6D A0 F8 A8 10 7E 32 20 00 BA 6A 0F 
 B3 F6 98 B0 44 AB 78 90 8C 37 D3 FF AE 5C F7 63 
 32 32 2A 13 A9 B4 B1 E2 60 92 DE C1 E6 9F 9B F4 
 8B 2F B9 32 96 DC 3A 0F 5F 46 50 2B 4A 5C 5E 20 
 0A C7 9B FA 80 59 D7 5B 15 7D 9B B8 5B 55 09 49 
 7B E9 F4 F2 6D 2E 6F CA 76 A4 CC F6 A5 88 84 A9 
 0A 46 FE 74 68 79 C1 1D 76 AF A5 09 70 64 5C 16 
 BF BE 23 F3 C8 98 0C CC C7 38 2E DD 51 A7 EF ED 
 64 97 EB AE B5 A3 9D 10 30 19 7E 29 74 B8 AE 88 
 36 1D BC 23 34 47 26 3B A0 54 B4 B2 A1 B4 3F 23 
 85 19 26 F9 02 58 BD 94 1F 88 EF 61 48 1B 32 65 
 C9 21 95 F5 D5 EE 02 21 8C 98 D1 EC 27 79 99 3B 
 51 A6 89 C9 CE 33 02 E6 C4 F9 9F 79 DD 4A 54 6B 
 95 FE 24 48 ED 9C 91 E0 7D 13 DC 21 F3 73 40 6D 
 04 90 42 B7 DA C9 35 4D CB 1A B0 CA 91 7A 85 0E 
 A8 FC 98 29 4D 0E 7B 73 6C 37 14 F4 E9 C4 20 86 
 01 09 E2 7B 8E A7 AE 32 20 01 59 0F 34 20 27 3C 
 63 9E 04 C1 0C 7E CF 65 CA 09 55 5D 1C 7F D2 6E 
 EE EC 3C D6 08 9D E7 A5 95 FD 72 25 DB 60 F5 F8 
 15 C2 55 64 64 51 5A 8F 96 2D 12 46 2C 74 EC D8 
 E7 05 4A 25 D8 D0 CD 8E 76 83 20 57 54 1A 
    IsEnEnabled(0x161 = 'ContextLoad'): 1
 SWTPM_IO_Write: length 14
 80 01 00 00 00 0E 00 00 00 00 02 00 00 00 
 SWTPM_IO_Read: length 14
 80 01 00 00 00 0E 00 00 01 65 02 00 00 00 
    IsEnEnabled(0x165 = 'FlushContext'): 1
 SWTPM_IO_Write: length 10
 80 01 00 00 00 0A 00 00 00 00 
 SWTPM_IO_Read: length 14
 80 01 00 00 00 0E 00 00 01 62 80 00 00 00 
    IsEnEnabled(0x162 = 'ContextSave'): 1
 SWTPM_IO_Write: length 456
 80 01 00 00 01 C8 00 00 00 00 00 00 00 00 00 00 
 01 55 80 00 00 00 40 00 00 01 01 AC 00 40 9D A1 
 53 95 99 96 EE 05 A8 F0 64 5F 62 BD B7 53 32 CA 
 B0 E5 C1 29 DD F4 72 60 13 71 36 98 2E 1A DB 5E 
 BE FC 38 40 12 BA 05 89 88 9B 20 74 DE A4 BD 07 
 1D 62 8E FB 25 30 F2 46 A4 CD 60 B8 68 5E 2D 20 
 96 7C 47 61 9D 3A 9E E1 FA 11 AE 49 66 55 E7 06 
 FF CC 2E 5D 6C D1 CF F3 DB FD B9 D9 71 7F 57 85 
 1C D7 6D A1 CD 42 4F 17 A1 0A C1 9F 09 E5 91 1A 
 2E 63 C1 93 BC C7 4B 17 F9 AB E5 6D 5F CD 8C 95 
 DA D0 13 66 E6 AB 52 2B 84 94 52 56 71 91 2F FF 
 5D 8C DE B4 B7 92 AF ED 6A E0 D9 28 14 C5 7B 06 
 7F 36 09 BE 1C 72 A7 3F 38 65 A2 2A 07 79 DF C0 
 40 25 8C 25 BD FE 57 C4 A7 8C BC 9C CE 0E A9 B1 
 82 7A B5 24 6F 6B 06 16 F4 29 11 FA D1 53 CA 8E 
 19 DA 69 1B AA 38 44 08 7D D1 C2 5F 24 A2 01 F9 
 4F 1D 44 C0 08 3A BB 91 72 A3 87 91 8E 07 43 E5 
 CE E3 1D 46 4D 99 E7 19 2C C3 6E BC 31 B7 4D B4 
 09 6B 4B 46 6F E4 B4 F4 2C 70 C5 E4 B6 DD 3A A9 
 F3 16 79 A1 E5 C9 E9 D9 11 66 4E A5 1F 2B 93 6F 
 44 E1 BE 39 72 14 24 4A 68 D2 66 4A BD 4A 07 61 
 FE 90 7A 39 A9 7B D0 80 47 15 45 F6 7A 03 9C 9F 
 6B 1F 83 A5 57 AD 82 08 E0 73 3D 53 32 28 56 84 
 D3 EC A1 C5 C6 40 A3 7F 81 48 C2 E4 7E D7 84 F6 
 69 EA 90 51 88 F6 CB 21 6A 5F B0 F1 25 A9 0A 81 
 A0 2D 37 08 5E 88 14 48 CD 60 9D A3 9D 8C 54 CB 
 72 04 1B 73 F6 9F 6B A0 6D E5 4B 34 F0 6A 3C 4D 
 B7 90 05 E4 04 0C 75 8A FC F1 48 1B 0A 28 B8 54 
 82 0A C6 76 98 03 82 41 
 SWTPM_IO_Read: length 14
 80 01 00 00 00 0E 00 00 01 65 80 00 00 00 
    IsEnEnabled(0x165 = 'FlushContext'): 1
 SWTPM_IO_Write: length 10
 80 01 00 00 00 0A 00 00 00 00 
 SWTPM_IO_Read: length 14
 80 01 00 00 00 0E 00 00 01 62 02 00 00 00 
    IsEnEnabled(0x162 = 'ContextSave'): 1
 SWTPM_IO_Write: length 10
 80 01 00 00 00 0A 00 00 09 10 
 SWTPM_IO_Read: length 12
 80 01 00 00 00 0C 00 00 01 7B 00 08 
    IsEnEnabled(0x17b = 'GetRandom'): 1
 SWTPM_IO_Write: length 20
 80 01 00 00 00 14 00 00 00 00 00 08 9F C7 95 41 
 F5 A7 46 D2 
 SWTPM_IO_Read: length 22
 80 01 00 00 00 16 00 00 01 7A 00 00 00 00 00 00 
 00 00 00 00 00 7F 
    IsEnEnabled(0x17a = 'GetCapability'): 1
 SWTPM_IO_Write: length 217
 80 01 00 00 00 D9 00 00 00 00 00 00 00 00 00 00 
 00 00 21 00 01 00 00 00 09 00 03 00 00 00 02 00 
 04 00 00 00 04 00 05 00 00 01 04 00 06 00 00 00 
 02 00 07 00 00 04 04 00 08 00 00 03 0C 00 0A 00 
 00 00 06 00 0B 00 00 00 04 00 0C 00 00 00 04 00 
 0D 00 00 00 04 00 14 00 00 01 01 00 15 00 00 02 
 01 00 16 00 00 01 01 00 17 00 00 02 01 00 18 00 
 00 01 01 00 19 00 00 04 01 00 1A 00 00 01 01 00 
 1B 00 00 05 01 00 1C 00 00 01 01 00 1D 00 00 04 
 01 00 20 00 00 04 04 00 21 00 00 04 04 00 22 00 
 00 04 04 00 23 00 00 00 09 00 25 00 00 00 08 00 
 26 00 00 00 02 00 3F 00 00 01 02 00 40 00 00 02 
 02 00 41 00 00 02 02 00 42 00 00 02 02 00 43 00 
 00 02 02 00 44 00 00 02 02 
 SWTPM_IO_Read: length 59
 80 01 00 00 00 3B 00 00 01 76 40 00 00 07 40 00 
 00 07 00 20 9C F5 AF 63 C5 5B 3B C3 1F 7B 6B 0B 
 18 7D E6 A7 A3 66 89 71 A7 29 89 5F 99 EF 6B 52 
 49 0E 19 09 00 00 00 00 10 00 0B 
    IsEnEnabled(0x176 = 'StartAuthSession'): 1
 SWTPM_IO_Write: length 48
 80 01 00 00 00 30 00 00 00 00 02 00 00 00 00 20 
 7C 42 43 81 00 3E 66 47 DB 6D C9 60 2F F2 8C 4C 
 DA A9 77 C4 D9 0B 3C 6F 52 E0 76 EF 37 B1 C4 5A 
 SWTPM_IO_Read: length 14
 80 01 00 00 00 0E 00 00 01 62 02 00 00 00 
    IsEnEnabled(0x162 = 'ContextSave'): 1
 SWTPM_IO_Write: length 414
 80 01 00 00 01 9E 00 00 00 00 00 00 00 00 00 00 
 01 22 02 00 00 00 40 00 00 07 01 82 00 40 A6 DA 
 93 D3 01 10 F1 8F 4C A2 C8 1F 07 5E BF B4 DB C7 
 DE 34 D3 42 A4 E5 E7 E9 A8 32 72 55 DB 54 A1 06 
 74 13 46 01 70 87 B5 31 DA CC F0 D9 07 6A 36 32 
 E6 1E B4 A4 BB 2C 82 53 E1 43 70 AC D8 08 07 04 
 A7 3C 1B 92 56 26 92 20 84 16 4E 7E 77 4D 1F 7E 
 42 5C B0 C1 13 8B 07 D6 24 28 B2 DD 7B 3B 9B FC 
 88 7E 0B 5B 0A B8 1E 6B DB 47 2D 3E F9 23 AD F0 
 71 90 0B 9F 6D B4 B9 2B D6 E2 98 A4 62 4D 2B C3 
 01 B9 3A 45 89 E4 47 A4 27 A3 6A 0F 7B 69 AA DF 
 FE 78 2F 68 BF BD 66 54 7F 0D 37 58 72 B7 5C BC 
 AB 92 35 D2 86 3A 39 74 5A 52 2A 0E 29 7C 5F 4B 
 E4 C7 7D 33 00 E5 A7 81 BF 41 56 90 D3 F3 2F 7B 
 6B C6 F6 BF 7A 29 80 8D 27 78 45 F8 B0 14 67 04 
 64 39 A7 30 B8 81 F7 4E A7 F1 FC E2 AB E4 4D 38 
 4F 89 58 91 C2 9D A2 85 EC 19 9F 5C 79 B4 E7 D3 
 D6 BB DC B4 42 0D 99 08 70 E2 5A 3A 8C 61 85 1C 
 B0 A9 92 CB 3A 2A 6C DB 2D 74 52 B3 89 DB 06 3F 
 05 30 1D 4F 7B CB 3C 18 F7 66 8D 2F 7F 64 A5 2C 
 3A A6 16 B5 2B 0E 82 86 AA FF 8F 18 32 17 D6 68 
 B0 16 49 94 5A C0 58 53 FF 0D 39 2B 8C 31 0A 64 
 DF 9E EB 88 4A 77 61 F0 E5 DA 6F AC 09 90 3D 44 
 DD 01 5B EC 71 8A B1 B2 54 0A BD A4 86 9D F3 7E 
 5A 3F F2 A7 B2 31 E7 64 AF 1A 36 C4 58 1D 46 88 
 D9 E6 9B C3 63 EB 00 54 A6 80 C0 A2 C0 92 
 SWTPM_IO_Read: length 414
 80 01 00 00 01 9E 00 00 01 61 00 00 00 00 00 00 
 01 22 02 00 00 00 40 00 00 07 01 82 00 40 A6 DA 
 93 D3 01 10 F1 8F 4C A2 C8 1F 07 5E BF B4 DB C7 
 DE 34 D3 42 A4 E5 E7 E9 A8 32 72 55 DB 54 A1 06 
 74 13 46 01 70 87 B5 31 DA CC F0 D9 07 6A 36 32 
 E6 1E B4 A4 BB 2C 82 53 E1 43 70 AC D8 08 07 04 
 A7 3C 1B 92 56 26 92 20 84 16 4E 7E 77 4D 1F 7E 
 42 5C B0 C1 13 8B 07 D6 24 28 B2 DD 7B 3B 9B FC 
 88 7E 0B 5B 0A B8 1E 6B DB 47 2D 3E F9 23 AD F0 
 71 90 0B 9F 6D B4 B9 2B D6 E2 98 A4 62 4D 2B C3 
 01 B9 3A 45 89 E4 47 A4 27 A3 6A 0F 7B 69 AA DF 
 FE 78 2F 68 BF BD 66 54 7F 0D 37 58 72 B7 5C BC 
 AB 92 35 D2 86 3A 39 74 5A 52 2A 0E 29 7C 5F 4B 
 E4 C7 7D 33 00 E5 A7 81 BF 41 56 90 D3 F3 2F 7B 
 6B C6 F6 BF 7A 29 80 8D 27 78 45 F8 B0 14 67 04 
 64 39 A7 30 B8 81 F7 4E A7 F1 FC E2 AB E4 4D 38 
 4F 89 58 91 C2 9D A2 85 EC 19 9F 5C 79 B4 E7 D3 
 D6 BB DC B4 42 0D 99 08 70 E2 5A 3A 8C 61 85 1C 
 B0 A9 92 CB 3A 2A 6C DB 2D 74 52 B3 89 DB 06 3F 
 05 30 1D 4F 7B CB 3C 18 F7 66 8D 2F 7F 64 A5 2C 
 3A A6 16 B5 2B 0E 82 86 AA FF 8F 18 32 17 D6 68 
 B0 16 49 94 5A C0 58 53 FF 0D 39 2B 8C 31 0A 64 
 DF 9E EB 88 4A 77 61 F0 E5 DA 6F AC 09 90 3D 44 
 DD 01 5B EC 71 8A B1 B2 54 0A BD A4 86 9D F3 7E 
 5A 3F F2 A7 B2 31 E7 64 AF 1A 36 C4 58 1D 46 88 
 D9 E6 9B C3 63 EB 00 54 A6 80 C0 A2 C0 92 
    IsEnEnabled(0x161 = 'ContextLoad'): 1
 SWTPM_IO_Write: length 14
 80 01 00 00 00 0E 00 00 00 00 02 00 00 00 
 SWTPM_IO_Read: length 159
 80 02 00 00 00 9F 00 00 01 53 81 00 00 03 00 00 
 00 49 02 00 00 00 00 20 3E C8 E4 B6 34 EC ED 8E 
 94 F6 D2 3E 83 EB DC 18 58 AA DF A6 D5 60 69 3E 
 AE C1 05 FB 0C D0 EC 68 01 00 20 86 53 29 12 E9 
 5D 72 CB 31 A9 BD 2C 65 02 01 33 68 FA 98 B5 CB 
 C4 87 EE B0 AB F9 7C 6B 44 11 87 00 24 00 20 63 
 61 31 61 38 61 31 37 34 38 33 31 38 38 33 36 32 
 63 61 63 64 36 38 31 31 61 39 37 30 64 37 62 00 
 00 00 16 00 23 00 0B 00 06 00 72 00 00 00 10 00 
 10 00 03 00 10 00 00 00 00 00 00 00 00 00 00 
    IsEnEnabled(0x153 = 'Create'): 1
 SWTPM_IO_Write: length 522
 80 02 00 00 02 0A 00 00 00 00 00 00 01 B7 00 7E 
 00 20 14 AC E4 14 0F 89 09 FC 21 36 21 AF 61 9C 
 F5 E9 53 C0 E9 0A A4 29 51 E2 4E 87 43 B8 AD D5 
 A8 0C 00 10 58 CB DC 79 BF 2F 35 91 87 EE 7B 61 
 ED 24 5C 8C 78 AC 06 80 BC 71 BC E8 20 FC 27 8A 
 31 93 E6 9E 35 98 3C 63 FE F3 DE AB 69 07 AC 0D 
 A8 42 3B 67 FA 99 FD 32 BB 28 27 DD 2C 2F BF 20 
 B3 9F 3F 6F C9 31 E6 FB C5 E6 27 80 3C 8C 95 94 
 1D BA 7A A2 29 DD 89 25 4A 8B 62 68 64 60 00 56 
 00 23 00 0B 00 06 00 72 00 00 00 10 00 10 00 03 
 00 10 00 20 78 FD A7 06 44 48 28 5B 6B 00 D8 74 
 BC 42 7C 46 21 63 88 DE 8B 73 27 02 AE 6F 32 B1 
 19 6D A8 46 00 20 2F C7 1A 25 F7 EB 88 A6 CC C6 
 6C 52 75 15 18 75 B8 7F C8 62 EB 58 3D 4A 2C 9B 
 34 52 7C 32 50 E7 00 73 00 00 00 00 00 20 E3 B0 
 C4 42 98 FC 1C 14 9A FB F4 C8 99 6F B9 24 27 AE 
 41 E4 64 9B 93 4C A4 95 99 1B 78 52 B8 55 01 00 
 0B 00 22 00 0B 6F 62 A5 92 85 2A 3F 7D 46 26 3F 
 68 69 DC BB 74 34 7E 21 71 C5 F6 22 23 73 2C F4 
 DB 24 25 6C 8F 00 22 00 0B DF 91 44 0B BF 00 69 
 EA 28 DD C2 68 72 71 BE AC DD EA 76 DF 6D DB 2B 
 49 A3 DA 39 E8 0F 75 B4 B2 00 00 00 20 DD 44 3D 
 3A 28 31 DC 46 C9 94 CA 05 17 1A 70 3E 62 44 A5 
 1B 42 B7 CA 32 08 EC 9A DD B0 9D 21 3D 80 21 40 
 00 00 01 00 40 68 FC 94 D9 F3 70 42 E8 80 19 E1 
 B0 F3 2B 84 B9 1A ED FE 2E 55 98 E0 5D 23 64 60 
 95 EF B1 10 D8 7C 65 9D C4 86 A0 96 0A 91 A3 E4 
 CA 77 DA 6E 5C 88 65 09 2B C3 C9 66 5B 04 50 BC 
 1C 57 FC 60 5A 00 20 96 4C 0F 50 DF 99 F6 18 41 
 D0 81 05 00 80 8D 78 D1 E3 B4 26 31 AC 93 E5 08 
 16 46 82 06 76 49 46 01 00 20 81 2E DB 2A F5 33 
 4E 20 F2 01 6C 86 77 4B 0C B9 34 30 FE 9A 86 E3 
 F0 3B 63 F8 6C 4B 25 B3 83 EB 
 SWTPM_IO_Read: length 14
 80 01 00 00 00 0E 00 00 01 62 02 00 00 00 
    IsEnEnabled(0x162 = 'ContextSave'): 1
 SWTPM_IO_Write: length 414
 80 01 00 00 01 9E 00 00 00 00 00 00 00 00 00 00 
 01 23 02 00 00 00 40 00 00 07 01 82 00 40 72 7B 
 79 C9 6D 90 30 59 6C 0E 46 80 8F 43 A2 B2 84 7A 
 3B 05 C8 AD C2 52 6C 24 45 4B 61 E7 F8 A7 AC 58 
 7E 89 CE B4 00 72 E0 5D 67 16 61 D5 17 F6 AA BF 
 7A D7 38 D2 90 10 E4 D0 47 38 DD 22 6E 1E 0C 10 
 9F EF D4 61 5A B7 E3 1E F3 73 49 85 AE 42 0B 78 
 DF F5 6F EB 4F 77 F5 F9 94 A9 44 C5 00 E2 8D C3 
 FD 91 46 42 22 22 5E 40 67 EC 22 F2 A7 A1 26 69 
 EA 9E A6 6A 08 D2 09 E3 C7 6D 9C 45 67 1F 5E FA 
 56 F7 B9 D4 6B F4 67 79 7B DA 91 A0 EE 21 D9 F4 
 D5 8B 4B BA F7 F9 75 83 58 52 7B C2 36 F3 CC F9 
 C9 17 4C 8A 13 16 26 6E 2A 67 BC 99 2A AB D7 FC 
 47 15 FE E3 47 B3 5E EE C5 68 C7 EF 09 96 DF 62 
 DB 07 36 8F 39 FE 71 F8 30 E9 E6 07 2E EE 6F BE 
 14 C3 4C 34 AB 30 F1 F2 D1 A0 B5 11 32 6B 8A 49 
 A8 35 00 F5 79 20 A3 71 5B 1D C6 8C 70 9B C6 AF 
 23 34 BF 68 3E FC F0 A1 A2 CE 3F 99 5F DA 2F 12 
 47 C1 74 74 FC 85 6D 50 7C 2E 5C C4 28 35 81 C8 
 45 93 27 25 44 B9 FE 3A DF 0E 2A 74 2E CD 6D 9E 
 04 77 58 4D B1 47 7F 30 76 E5 9A 2E F6 CA 9C 3A 
 79 97 16 6B F9 1B 62 7F DF A3 E8 BC 25 0D 5C D9 
 BF D1 25 DB F1 5D CC AE C6 CE A5 D6 85 B6 3C 69 
 6E 1F 30 E4 5A E3 E7 51 A9 0A 48 92 0B 17 6D E0 
 EB 4B 22 34 25 68 0E 83 8D 55 28 39 25 94 60 9C 
 4A 9D 7B 80 E8 A3 6A 9B 03 08 19 6E 2D D7 
 SWTPM_IO_Read: length 414
 80 01 00 00 01 9E 00 00 01 61 00 00 00 00 00 00 
 01 23 02 00 00 00 40 00 00 07 01 82 00 40 72 7B 
 79 C9 6D 90 30 59 6C 0E 46 80 8F 43 A2 B2 84 7A 
 3B 05 C8 AD C2 52 6C 24 45 4B 61 E7 F8 A7 AC 58 
 7E 89 CE B4 00 72 E0 5D 67 16 61 D5 17 F6 AA BF 
 7A D7 38 D2 90 10 E4 D0 47 38 DD 22 6E 1E 0C 10 
 9F EF D4 61 5A B7 E3 1E F3 73 49 85 AE 42 0B 78 
 DF F5 6F EB 4F 77 F5 F9 94 A9 44 C5 00 E2 8D C3 
 FD 91 46 42 22 22 5E 40 67 EC 22 F2 A7 A1 26 69 
 EA 9E A6 6A 08 D2 09 E3 C7 6D 9C 45 67 1F 5E FA 
 56 F7 B9 D4 6B F4 67 79 7B DA 91 A0 EE 21 D9 F4 
 D5 8B 4B BA F7 F9 75 83 58 52 7B C2 36 F3 CC F9 
 C9 17 4C 8A 13 16 26 6E 2A 67 BC 99 2A AB D7 FC 
 47 15 FE E3 47 B3 5E EE C5 68 C7 EF 09 96 DF 62 
 DB 07 36 8F 39 FE 71 F8 30 E9 E6 07 2E EE 6F BE 
 14 C3 4C 34 AB 30 F1 F2 D1 A0 B5 11 32 6B 8A 49 
 A8 35 00 F5 79 20 A3 71 5B 1D C6 8C 70 9B C6 AF 
 23 34 BF 68 3E FC F0 A1 A2 CE 3F 99 5F DA 2F 12 
 47 C1 74 74 FC 85 6D 50 7C 2E 5C C4 28 35 81 C8 
 45 93 27 25 44 B9 FE 3A DF 0E 2A 74 2E CD 6D 9E 
 04 77 58 4D B1 47 7F 30 76 E5 9A 2E F6 CA 9C 3A 
 79 97 16 6B F9 1B 62 7F DF A3 E8 BC 25 0D 5C D9 
 BF D1 25 DB F1 5D CC AE C6 CE A5 D6 85 B6 3C 69 
 6E 1F 30 E4 5A E3 E7 51 A9 0A 48 92 0B 17 6D E0 
 EB 4B 22 34 25 68 0E 83 8D 55 28 39 25 94 60 9C 
 4A 9D 7B 80 E8 A3 6A 9B 03 08 19 6E 2D D7 
    IsEnEnabled(0x161 = 'ContextLoad'): 1
 SWTPM_IO_Write: length 14
 80 01 00 00 00 0E 00 00 00 00 02 00 00 00 
 SWTPM_IO_Read: length 14
 80 01 00 00 00 0E 00 00 01 65 02 00 00 00 
    IsEnEnabled(0x165 = 'FlushContext'): 1
 SWTPM_IO_Write: length 10
 80 01 00 00 00 0A 00 00 00 00 
 SWTPM_IO_Read: length 14
 80 01 00 00 00 0E 00 00 01 62 02 00 00 00 
    IsEnEnabled(0x162 = 'ContextSave'): 1
 SWTPM_IO_Write: length 10
 80 01 00 00 00 0A 00 00 09 10 
 SWTPM_IO_Read: length 12
 80 01 00 00 00 0C 00 00 01 7B 00 08 
    IsEnEnabled(0x17b = 'GetRandom'): 1
 SWTPM_IO_Write: length 20
 80 01 00 00 00 14 00 00 00 00 00 08 B3 4C 0C E2 
 EA 2A 74 58 
 SWTPM_IO_Read: length 22
 80 01 00 00 00 16 00 00 01 7A 00 00 00 00 00 00 
 00 01 00 00 00 7F 
    IsEnEnabled(0x17a = 'GetCapability'): 1
 SWTPM_IO_Write: length 217
 80 01 00 00 00 D9 00 00 00 00 00 00 00 00 00 00 
 00 00 21 00 01 00 00 00 09 00 03 00 00 00 02 00 
 04 00 00 00 04 00 05 00 00 01 04 00 06 00 00 00 
 02 00 07 00 00 04 04 00 08 00 00 03 0C 00 0A 00 
 00 00 06 00 0B 00 00 00 04 00 0C 00 00 00 04 00 
 0D 00 00 00 04 00 14 00 00 01 01 00 15 00 00 02 
 01 00 16 00 00 01 01 00 17 00 00 02 01 00 18 00 
 00 01 01 00 19 00 00 04 01 00 1A 00 00 01 01 00 
 1B 00 00 05 01 00 1C 00 00 01 01 00 1D 00 00 04 
 01 00 20 00 00 04 04 00 21 00 00 04 04 00 22 00 
 00 04 04 00 23 00 00 00 09 00 25 00 00 00 08 00 
 26 00 00 00 02 00 3F 00 00 01 02 00 40 00 00 02 
 02 00 41 00 00 02 02 00 42 00 00 02 02 00 43 00 
 00 02 02 00 44 00 00 02 02 
 SWTPM_IO_Read: length 12
 80 01 00 00 00 0C 00 00 01 7B 00 08 
    IsEnEnabled(0x17b = 'GetRandom'): 1
 SWTPM_IO_Write: length 20
 80 01 00 00 00 14 00 00 00 00 00 08 C1 0E 0F A8 
 8A 1C FA BF 
 SWTPM_IO_Read: length 22
 80 01 00 00 00 16 00 00 01 7A 00 00 00 00 00 00 
 00 01 00 00 00 7F 
    IsEnEnabled(0x17a = 'GetCapability'): 1
 SWTPM_IO_Write: length 217
 80 01 00 00 00 D9 00 00 00 00 00 00 00 00 00 00 
 00 00 21 00 01 00 00 00 09 00 03 00 00 00 02 00 
 04 00 00 00 04 00 05 00 00 01 04 00 06 00 00 00 
 02 00 07 00 00 04 04 00 08 00 00 03 0C 00 0A 00 
 00 00 06 00 0B 00 00 00 04 00 0C 00 00 00 04 00 
 0D 00 00 00 04 00 14 00 00 01 01 00 15 00 00 02 
 01 00 16 00 00 01 01 00 17 00 00 02 01 00 18 00 
 00 01 01 00 19 00 00 04 01 00 1A 00 00 01 01 00 
 1B 00 00 05 01 00 1C 00 00 01 01 00 1D 00 00 04 
 01 00 20 00 00 04 04 00 21 00 00 04 04 00 22 00 
 00 04 04 00 23 00 00 00 09 00 25 00 00 00 08 00 
 26 00 00 00 02 00 3F 00 00 01 02 00 40 00 00 02 
 02 00 41 00 00 02 02 00 42 00 00 02 02 00 43 00 
 00 02 02 00 44 00 00 02 02 
 SWTPM_IO_Read: length 12
 80 01 00 00 00 0C 00 00 01 7B 00 08 
    IsEnEnabled(0x17b = 'GetRandom'): 1
 SWTPM_IO_Write: length 20
 80 01 00 00 00 14 00 00 00 00 00 08 E8 A4 70 32 
 E5 48 96 44 
 SWTPM_IO_Read: length 22
 80 01 00 00 00 16 00 00 01 7A 00 00 00 00 00 00 
 00 00 00 00 00 7F 
    IsEnEnabled(0x17a = 'GetCapability'): 1
 SWTPM_IO_Write: length 217
 80 01 00 00 00 D9 00 00 00 00 00 00 00 00 00 00 
 00 00 21 00 01 00 00 00 09 00 03 00 00 00 02 00 
 04 00 00 00 04 00 05 00 00 01 04 00 06 00 00 00 
 02 00 07 00 00 04 04 00 08 00 00 03 0C 00 0A 00 
 00 00 06 00 0B 00 00 00 04 00 0C 00 00 00 04 00 
 0D 00 00 00 04 00 14 00 00 01 01 00 15 00 00 02 
 01 00 16 00 00 01 01 00 17 00 00 02 01 00 18 00 
 00 01 01 00 19 00 00 04 01 00 1A 00 00 01 01 00 
 1B 00 00 05 01 00 1C 00 00 01 01 00 1D 00 00 04 
 01 00 20 00 00 04 04 00 21 00 00 04 04 00 22 00 
 00 04 04 00 23 00 00 00 09 00 25 00 00 00 08 00 
 26 00 00 00 02 00 3F 00 00 01 02 00 40 00 00 02 
 02 00 41 00 00 02 02 00 42 00 00 02 02 00 43 00 
 00 02 02 00 44 00 00 02 02 
 SWTPM_IO_Read: length 59
 80 01 00 00 00 3B 00 00 01 76 40 00 00 07 40 00 
 00 07 00 20 11 B7 92 92 06 AF A1 B5 65 45 36 88 
 DC 84 C1 8B 50 F1 7E 50 7E 61 09 02 3F B1 15 80 
 9A F1 7B F6 00 00 00 00 10 00 0B 
    IsEnEnabled(0x176 = 'StartAuthSession'): 1
 SWTPM_IO_Write: length 48
 80 01 00 00 00 30 00 00 00 00 02 00 00 00 00 20 
 CF 55 D9 4C 20 87 28 BD 53 AD A6 C4 B2 A9 C1 11 
 8E D5 7E 73 56 BD 0B C8 87 69 0C 93 B3 8E 9D 51 
 SWTPM_IO_Read: length 14
 80 01 00 00 00 0E 00 00 01 62 02 00 00 00 
    IsEnEnabled(0x162 = 'ContextSave'): 1
 SWTPM_IO_Write: length 414
 80 01 00 00 01 9E 00 00 00 00 00 00 00 00 00 00 
 01 24 02 00 00 00 40 00 00 07 01 82 00 40 9A 0F 
 F8 BF B3 BE 1D BA D9 EF 1D 07 B9 3D EF AA C5 31 
 9A 1F EB 1B 6C C0 60 49 97 FF 81 83 66 7B 3D 83 
 7E E0 41 EC 68 EA AA 90 A4 D7 43 6E 20 8F 8E 96 
 E5 3B 8B A4 C2 23 AA 62 11 CE 87 43 F0 4B 13 FF 
 C4 74 97 A9 3F CC 97 0A 9F B8 01 21 1C 5C EB 66 
 1E 96 30 D0 A1 44 7B A2 24 93 D7 11 F1 15 B5 5E 
 D4 F2 99 FD 5A 31 9A E1 FF 6F 58 33 26 DB 39 98 
 E1 15 1D 8F 3F EE 6F C9 96 05 2B C5 BD A2 52 2A 
 C3 E5 63 BC 04 C2 1D 0C B4 67 22 B7 51 EE D2 9A 
 17 A1 FB 02 67 CA D3 1F 44 8C 3F 8F 0D 3A 52 10 
 8A 22 84 EE 99 C5 DA F6 66 1F D0 C4 AB 6A 33 6B 
 BA F8 0C 18 CE 8C 68 82 C7 BE BD FD 7E E3 50 4A 
 98 94 42 54 36 EB B7 B8 35 C0 97 64 99 BC 59 F9 
 D6 E6 CC C9 B5 2E 36 19 4A A5 B4 E7 DD A1 81 0C 
 CD 4B 65 D4 EC 5E 50 BF 6E 81 CD 70 1F DA 6F 3E 
 0F 63 DA 38 99 38 A1 F6 34 67 65 9E DE C3 B7 B2 
 04 D0 F4 66 B3 27 63 B3 E4 AD 18 C7 7F A7 BE 2B 
 83 72 7E 45 11 8E 4A 8F 93 E6 96 C8 93 7A 64 09 
 7F 0E D2 38 9C 7D EC 4B 01 0E 46 43 2B 21 28 FF 
 D2 A1 9D 61 32 F1 31 B7 7C 4E 1D 71 B9 A9 B2 8A 
 5A 84 17 63 D7 DA 21 F6 80 97 17 A6 C8 AB 7A 17 
 16 AC 42 12 22 EA 08 39 0C 42 9D 09 F5 71 A4 B3 
 B1 5D 2C 1D 03 14 A2 C6 C4 49 C4 02 6B 3F BF 33 
 26 94 FA 14 D4 D4 5C 81 F0 1E 21 3D 66 8C 
 SWTPM_IO_Read: length 414
 80 01 00 00 01 9E 00 00 01 61 00 00 00 00 00 00 
 01 24 02 00 00 00 40 00 00 07 01 82 00 40 9A 0F 
 F8 BF B3 BE 1D BA D9 EF 1D 07 B9 3D EF AA C5 31 
 9A 1F EB 1B 6C C0 60 49 97 FF 81 83 66 7B 3D 83 
 7E E0 41 EC 68 EA AA 90 A4 D7 43 6E 20 8F 8E 96 
 E5 3B 8B A4 C2 23 AA 62 11 CE 87 43 F0 4B 13 FF 
 C4 74 97 A9 3F CC 97 0A 9F B8 01 21 1C 5C EB 66 
 1E 96 30 D0 A1 44 7B A2 24 93 D7 11 F1 15 B5 5E 
 D4 F2 99 FD 5A 31 9A E1 FF 6F 58 33 26 DB 39 98 
 E1 15 1D 8F 3F EE 6F C9 96 05 2B C5 BD A2 52 2A 
 C3 E5 63 BC 04 C2 1D 0C B4 67 22 B7 51 EE D2 9A 
 17 A1 FB 02 67 CA D3 1F 44 8C 3F 8F 0D 3A 52 10 
 8A 22 84 EE 99 C5 DA F6 66 1F D0 C4 AB 6A 33 6B 
 BA F8 0C 18 CE 8C 68 82 C7 BE BD FD 7E E3 50 4A 
 98 94 42 54 36 EB B7 B8 35 C0 97 64 99 BC 59 F9 
 D6 E6 CC C9 B5 2E 36 19 4A A5 B4 E7 DD A1 81 0C 
 CD 4B 65 D4 EC 5E 50 BF 6E 81 CD 70 1F DA 6F 3E 
 0F 63 DA 38 99 38 A1 F6 34 67 65 9E DE C3 B7 B2 
 04 D0 F4 66 B3 27 63 B3 E4 AD 18 C7 7F A7 BE 2B 
 83 72 7E 45 11 8E 4A 8F 93 E6 96 C8 93 7A 64 09 
 7F 0E D2 38 9C 7D EC 4B 01 0E 46 43 2B 21 28 FF 
 D2 A1 9D 61 32 F1 31 B7 7C 4E 1D 71 B9 A9 B2 8A 
 5A 84 17 63 D7 DA 21 F6 80 97 17 A6 C8 AB 7A 17 
 16 AC 42 12 22 EA 08 39 0C 42 9D 09 F5 71 A4 B3 
 B1 5D 2C 1D 03 14 A2 C6 C4 49 C4 02 6B 3F BF 33 
 26 94 FA 14 D4 D4 5C 81 F0 1E 21 3D 66 8C 
    IsEnEnabled(0x161 = 'ContextLoad'): 1
 SWTPM_IO_Write: length 14
 80 01 00 00 00 0E 00 00 00 00 02 00 00 00 
 SWTPM_IO_Read: length 331
 80 02 00 00 01 4B 00 00 01 57 81 00 00 03 00 00 
 00 49 02 00 00 00 00 20 97 1D 49 41 9F 80 5F E3 
 EC 48 C2 5C 88 E8 6E C4 79 12 39 28 BE 0C 91 F5 
 A5 67 70 01 D2 6E 44 38 01 00 20 2B 63 59 C8 D0 
 22 56 AB 04 7E ED 9F 25 B6 EF 26 9F 7E 97 5B F2 
 13 E7 FD D3 82 49 2A 2D 5B 78 47 00 BE 00 20 CE 
 4A 8B F6 14 CE 16 B8 E2 6B 30 A4 65 77 CD AB 62 
 C6 C4 8F D0 37 D9 5A 45 E2 E1 43 82 38 3D CD 00 
 10 8F DC 13 E0 A3 17 25 F9 17 1A 5B DE 13 4A 5B 
 15 DC 3C F9 34 04 BD 9D 49 8C DD 45 CF EA EA EB 
 46 F3 A9 08 FB 41 83 1A 4E 0A 86 04 91 9A CC CD 
 69 BC BB FA 21 27 7B 9D 1E CE 0B F5 FD 81 53 FD 
 5D D0 A7 D6 0B B6 05 92 27 29 DA 8B 72 26 DD B0 
 0D AF 7D 54 74 AE AF F8 25 1A 64 C4 B7 89 65 CA 
 4F 2B F5 A5 91 B1 9C F3 73 65 55 56 B4 88 E1 3B 
 F5 B3 AE E3 EE A7 A3 69 90 9D D7 B0 81 05 CF 10 
 29 AB CE E3 8A F4 3F F7 F2 9A 39 4E D0 CD AA 6E 
 F9 62 10 92 29 6D 52 E5 62 55 BC 00 2E 00 08 00 
 0B 00 00 00 52 00 00 00 10 00 20 01 B9 9E 69 32 
 7F 7F 15 63 EA 1C FA 91 64 B2 D8 B9 D6 0F 08 10 
 68 E2 AF 17 00 9C 0B 35 A0 16 F2 
    IsEnEnabled(0x157 = 'Load'): 1
 SWTPM_IO_Write: length 123
 80 02 00 00 00 7B 00 00 00 00 80 00 00 01 00 00 
 00 24 00 22 00 0B 43 44 57 2D 9C 46 E5 2F 52 46 
 C4 10 B7 54 AE 3B F0 80 5C E2 B7 15 46 FF 21 50 
 A7 83 83 5F 4A 11 00 20 FA 7C A9 2D 97 2E 57 FB 
 36 48 E7 A5 25 C3 AD 0E 71 00 A3 99 CE 39 5F 29 
 B7 1A 02 C2 47 40 7E 96 01 00 20 9C 71 F6 0A 07 
 DB F9 89 9F 18 1A A8 C1 29 1F CA 68 49 0A 49 D5 
 98 D7 36 F9 D3 12 FC 7A 65 7A 2A 
 SWTPM_IO_Read: length 14
 80 01 00 00 00 0E 00 00 01 62 80 00 00 01 
    IsEnEnabled(0x162 = 'ContextSave'): 1
 SWTPM_IO_Write: length 456
 80 01 00 00 01 C8 00 00 00 00 00 00 00 00 00 00 
 01 56 80 00 00 00 40 00 00 01 01 AC 00 40 EA 77 
 5F 37 BC 68 9C 5E D7 A1 33 F4 C0 79 D6 08 36 8C 
 7C 82 AE 4B BD E4 62 2F 99 96 45 49 92 A1 94 CD 
 1A 01 A8 73 85 C1 32 9C D7 11 E1 5D 37 20 6E E3 
 86 7D 62 81 C3 E6 43 47 94 59 49 7B C0 C2 CB CD 
 57 38 05 E2 22 04 F5 CC 38 61 86 BF 1A C7 0E 49 
 C6 F4 FC 36 09 F8 3B 59 FC D0 B4 1D 0E 94 D6 00 
 F3 D9 03 07 32 9C 0A 3E 4A 3E F9 25 96 E7 3C CE 
 92 40 DB F6 ED 26 D1 C8 8A 03 5D 59 0B 9D 92 BE 
 91 75 6C FB C4 BE 63 BB C3 3A 3E 58 DF 78 8E 4F 
 B0 6F 24 7E E8 76 69 64 64 8C FE 4B 0B DC 0D 6D 
 D7 45 59 81 09 BC 02 CA CB 67 B4 4D 4A 09 35 26 
 6C 42 42 47 9D 14 E6 FF 02 A6 01 CB 0A AF 2F 64 
 31 8F A2 42 BE 3B EF 28 19 0C 4E C2 8C 9A 93 32 
 79 53 FC E1 4E C8 1F 6A F2 7A 73 A9 F6 F1 DC 83 
 E8 EB 54 9C 32 1C AB 1E 9B DF 23 40 CB 8B 8E EF 
 59 B6 3D 87 F2 49 09 C1 1D 4E 90 40 45 0D 75 B8 
 26 CE 71 A4 46 ED 8E 61 B6 E8 C1 63 EF F5 17 E0 
 95 66 4E D4 32 79 F0 7C 66 8D E8 6E F6 E4 5D 9E 
 C1 B6 4B CC 77 9B F7 97 AA 9D FB A3 4E C7 44 51 
 5E A3 98 42 57 E2 64 F8 EF B6 F1 86 EF AD 09 6D 
 1F B0 F7 4B 18 75 DC 06 64 94 B1 7A 20 D5 DF 43 
 9E 91 25 77 98 71 19 9A EB E1 8E 43 7B 1B 4A EF 
 64 15 BD 8D 87 73 28 5F 3D F2 F8 55 FF EB 45 EB 
 67 E8 A7 F1 7B 2B 12 3D 68 A2 3D 41 3A 65 CD 64 
 31 92 C9 4C 2E 4F 3A 48 D5 A8 04 90 23 8E 68 EF 
 7E 9B 6D 38 B2 1C AF 99 77 18 03 87 D9 F9 E0 0E 
 F8 DC 3B 02 13 7D CE 33 
 SWTPM_IO_Read: length 14
 80 01 00 00 00 0E 00 00 01 65 80 00 00 01 
    IsEnEnabled(0x165 = 'FlushContext'): 1
 SWTPM_IO_Write: length 10
 80 01 00 00 00 0A 00 00 00 00 
 SWTPM_IO_Read: length 14
 80 01 00 00 00 0E 00 00 01 62 02 00 00 00 
    IsEnEnabled(0x162 = 'ContextSave'): 1
 SWTPM_IO_Write: length 414
 80 01 00 00 01 9E 00 00 00 00 00 00 00 00 00 00 
 01 25 02 00 00 00 40 00 00 07 01 82 00 40 D8 7F 
 91 71 50 27 B7 22 82 08 D9 1B B5 7E 85 AA DB 63 
 0C 7B 0D CC E1 11 98 AA 19 63 26 45 CF B2 B9 F8 
 73 38 DA 0F 04 6C 71 AC 5F 4B 1C 99 4B A6 F6 B3 
 B9 6D C8 73 69 2B BC 74 B1 8F 18 D2 44 08 07 89 
 B2 A6 32 14 2E 00 FC 42 66 F7 33 2E 69 1C 56 83 
 99 A5 AD B4 9E B3 5C F4 1B C5 F1 1E 70 8C 56 30 
 67 84 46 01 BD 5A 3C 3B BA EE 43 53 FB 41 35 74 
 7E D1 C2 C5 FD 64 81 F3 DD 4C 10 06 89 0A F7 13 
 5B C5 0C 17 B8 55 A8 1C F6 C2 AF 52 18 25 39 CC 
 D0 CB 86 6C 26 09 FF CF 23 24 46 44 FE C9 DF 57 
 09 9F 87 A5 6E D4 E7 A6 68 FC 9F DF D2 42 30 4E 
 89 EC 6B CA 9F F5 F9 63 96 CC 14 AF D5 D9 AE 8C 
 B8 41 29 53 E6 F0 01 EB 23 2A 22 B4 DE 97 5D 68 
 78 1C B3 9E C2 74 F3 BF 08 A5 8D 64 8F 82 C6 37 
 73 F5 03 CD B2 5E 65 83 1E 3F 56 50 1A B2 EC 1A 
 9C B3 3E 3E 43 35 F1 20 86 BC BA EB 91 FE 4C 5D 
 48 47 2A E4 6E F5 24 54 1B 5B C2 15 83 64 C8 1A 
 CA 54 BC 18 C7 0D F7 10 0C E2 87 5A E0 14 8E 7D 
 95 6D FF 91 F4 B2 4E 82 0E B2 68 E2 43 BC 20 A9 
 8C 4F 55 1E A6 5E AF 4A 6A 61 E7 97 E6 EE 56 CD 
 96 48 BE 91 91 AD 4C 01 0A 8F B3 D7 F1 7F 3C 5D 
 B0 AB 7E AA 25 5E 73 E8 97 C1 EB B7 28 5A FE 68 
 2B 43 40 95 A4 19 00 8A 11 EA A5 B6 E4 E8 D4 90 
 E4 6F B8 01 6B 1F 78 DF D3 EB BD 80 BF E7 
 SWTPM_IO_Read: length 456
 80 01 00 00 01 C8 00 00 01 61 00 00 00 00 00 00 
 01 56 80 00 00 00 40 00 00 01 01 AC 00 40 EA 77 
 5F 37 BC 68 9C 5E D7 A1 33 F4 C0 79 D6 08 36 8C 
 7C 82 AE 4B BD E4 62 2F 99 96 45 49 92 A1 94 CD 
 1A 01 A8 73 85 C1 32 9C D7 11 E1 5D 37 20 6E E3 
 86 7D 62 81 C3 E6 43 47 94 59 49 7B C0 C2 CB CD 
 57 38 05 E2 22 04 F5 CC 38 61 86 BF 1A C7 0E 49 
 C6 F4 FC 36 09 F8 3B 59 FC D0 B4 1D 0E 94 D6 00 
 F3 D9 03 07 32 9C 0A 3E 4A 3E F9 25 96 E7 3C CE 
 92 40 DB F6 ED 26 D1 C8 8A 03 5D 59 0B 9D 92 BE 
 91 75 6C FB C4 BE 63 BB C3 3A 3E 58 DF 78 8E 4F 
 B0 6F 24 7E E8 76 69 64 64 8C FE 4B 0B DC 0D 6D 
 D7 45 59 81 09 BC 02 CA CB 67 B4 4D 4A 09 35 26 
 6C 42 42 47 9D 14 E6 FF 02 A6 01 CB 0A AF 2F 64 
 31 8F A2 42 BE 3B EF 28 19 0C 4E C2 8C 9A 93 32 
 79 53 FC E1 4E C8 1F 6A F2 7A 73 A9 F6 F1 DC 83 
 E8 EB 54 9C 32 1C AB 1E 9B DF 23 40 CB 8B 8E EF 
 59 B6 3D 87 F2 49 09 C1 1D 4E 90 40 45 0D 75 B8 
 26 CE 71 A4 46 ED 8E 61 B6 E8 C1 63 EF F5 17 E0 
 95 66 4E D4 32 79 F0 7C 66 8D E8 6E F6 E4 5D 9E 
 C1 B6 4B CC 77 9B F7 97 AA 9D FB A3 4E C7 44 51 
 5E A3 98 42 57 E2 64 F8 EF B6 F1 86 EF AD 09 6D 
 1F B0 F7 4B 18 75 DC 06 64 94 B1 7A 20 D5 DF 43 
 9E 91 25 77 98 71 19 9A EB E1 8E 43 7B 1B 4A EF 
 64 15 BD 8D 87 73 28 5F 3D F2 F8 55 FF EB 45 EB 
 67 E8 A7 F1 7B 2B 12 3D 68 A2 3D 41 3A 65 CD 64 
 31 92 C9 4C 2E 4F 3A 48 D5 A8 04 90 23 8E 68 EF 
 7E 9B 6D 38 B2 1C AF 99 77 18 03 87 D9 F9 E0 0E 
 F8 DC 3B 02 13 7D CE 33 
    IsEnEnabled(0x161 = 'ContextLoad'): 1
 SWTPM_IO_Write: length 14
 80 01 00 00 00 0E 00 00 00 00 80 00 00 00 
 SWTPM_IO_Read: length 414
 80 01 00 00 01 9E 00 00 01 61 00 00 00 00 00 00 
 01 25 02 00 00 00 40 00 00 07 01 82 00 40 D8 7F 
 91 71 50 27 B7 22 82 08 D9 1B B5 7E 85 AA DB 63 
 0C 7B 0D CC E1 11 98 AA 19 63 26 45 CF B2 B9 F8 
 73 38 DA 0F 04 6C 71 AC 5F 4B 1C 99 4B A6 F6 B3 
 B9 6D C8 73 69 2B BC 74 B1 8F 18 D2 44 08 07 89 
 B2 A6 32 14 2E 00 FC 42 66 F7 33 2E 69 1C 56 83 
 99 A5 AD B4 9E B3 5C F4 1B C5 F1 1E 70 8C 56 30 
 67 84 46 01 BD 5A 3C 3B BA EE 43 53 FB 41 35 74 
 7E D1 C2 C5 FD 64 81 F3 DD 4C 10 06 89 0A F7 13 
 5B C5 0C 17 B8 55 A8 1C F6 C2 AF 52 18 25 39 CC 
 D0 CB 86 6C 26 09 FF CF 23 24 46 44 FE C9 DF 57 
 09 9F 87 A5 6E D4 E7 A6 68 FC 9F DF D2 42 30 4E 
 89 EC 6B CA 9F F5 F9 63 96 CC 14 AF D5 D9 AE 8C 
 B8 41 29 53 E6 F0 01 EB 23 2A 22 B4 DE 97 5D 68 
 78 1C B3 9E C2 74 F3 BF 08 A5 8D 64 8F 82 C6 37 
 73 F5 03 CD B2 5E 65 83 1E 3F 56 50 1A B2 EC 1A 
 9C B3 3E 3E 43 35 F1 20 86 BC BA EB 91 FE 4C 5D 
 48 47 2A E4 6E F5 24 54 1B 5B C2 15 83 64 C8 1A 
 CA 54 BC 18 C7 0D F7 10 0C E2 87 5A E0 14 8E 7D 
 95 6D FF 91 F4 B2 4E 82 0E B2 68 E2 43 BC 20 A9 
 8C 4F 55 1E A6 5E AF 4A 6A 61 E7 97 E6 EE 56 CD 
 96 48 BE 91 91 AD 4C 01 0A 8F B3 D7 F1 7F 3C 5D 
 B0 AB 7E AA 25 5E 73 E8 97 C1 EB B7 28 5A FE 68 
 2B 43 40 95 A4 19 00 8A 11 EA A5 B6 E4 E8 D4 90 
 E4 6F B8 01 6B 1F 78 DF D3 EB BD 80 BF E7 
    IsEnEnabled(0x161 = 'ContextLoad'): 1
 SWTPM_IO_Write: length 14
 80 01 00 00 00 0E 00 00 00 00 02 00 00 00 
 SWTPM_IO_Read: length 14
 80 01 00 00 00 0E 00 00 01 62 80 00 00 00 
    IsEnEnabled(0x162 = 'ContextSave'): 1
 SWTPM_IO_Write: length 456
 80 01 00 00 01 C8 00 00 00 00 00 00 00 00 00 00 
 01 57 80 00 00 00 40 00 00 01 01 AC 00 40 D2 2B 
 70 99 C5 CD 65 F7 86 2E DF 21 45 7E BA 71 84 5B 
 AB A0 4D 13 9B 05 18 91 08 6B E7 01 09 09 40 2C 
 17 55 5F C5 AB 5C F1 CE 93 88 04 0D 73 DF 85 5F 
 8E 6F E6 F2 1A BE 5E A6 B1 5C EA 73 B1 77 01 B8 
 19 29 1A 4C 59 31 8C 06 8E 03 8C B3 A3 E5 90 10 
 CD BB C6 DF 4A 37 8D 9B 0D 2C 1D 58 9F A3 1A B7 
 DD 00 91 77 81 DC 1F 9D 2C 6C DE 3A 19 60 45 59 
 E2 F6 30 2D BE 17 4C 02 CA A7 DE 89 B3 27 0D 13 
 A4 11 F6 F9 E7 FF C7 85 BC B3 87 8C 5E CA 34 35 
 2A BB 2E AF 63 27 50 C3 B4 CC 6E AF AA 96 BD D1 
 A9 08 0A E5 67 AF C5 6A F4 19 90 4D BA 31 42 A5 
 E6 6D 87 E3 A3 CC 07 A5 6D 14 59 2A 71 47 36 2D 
 5F B3 70 69 94 CF 40 DA 73 E2 1D 51 3D A1 87 BA 
 59 8E 9B 86 E3 12 CF 57 AD 73 3D C5 A9 6D 3C 5D 
 44 D5 42 BC B2 06 75 7B 60 C4 84 6F C0 C0 8A 9C 
 25 D3 90 6F 08 11 E4 4A DF 20 D4 1E 5E AD B5 1D 
 79 D0 D8 77 4D 19 53 75 F2 9A 41 E8 8A AC C1 35 
 F8 02 A6 02 16 4C 0A D2 F9 54 DF D2 AA 71 45 28 
 08 D1 FF A1 DF 31 7A F0 E8 15 F5 7C B9 46 8B 05 
 85 B7 E1 E2 91 C4 72 D1 16 1A 4F E6 4E B2 4A D1 
 8A 2E 0B 02 1A FB 36 23 2C C2 69 94 31 B9 FA 7E 
 43 C6 37 E3 50 F2 73 F8 A1 A9 BD 33 11 62 B4 54 
 AA 6E 1A 80 53 82 1D B3 D5 53 17 A4 86 10 EA 33 
 DA BA FE D8 5D 46 43 6A B2 C6 A0 3C EB 24 5D 00 
 89 EF 83 94 9C 33 02 2C B0 D2 FD 7B 01 C9 2D 7F 
 D5 51 EF 4D 2A 12 A8 13 75 E9 BB 33 DB B0 AA 28 
 48 6B 88 62 A8 21 1B B4 
 SWTPM_IO_Read: length 14
 80 01 00 00 00 0E 00 00 01 62 80 00 00 00 
    IsEnEnabled(0x162 = 'ContextSave'): 1
 SWTPM_IO_Write: length 456
 80 01 00 00 01 C8 00 00 00 00 00 00 00 00 00 00 
 01 58 80 00 00 00 40 00 00 01 01 AC 00 40 B6 38 
 9C 7A 17 58 55 87 02 CF 0B 92 12 EC 43 45 F1 06 
 F7 1C E7 A1 4F 51 0F 95 92 63 34 F7 91 51 1F 07 
 F0 C3 CA 0E 20 D0 9E FE A8 3A BA BA 98 90 91 9D 
 D7 49 95 28 A4 E6 8F 71 6F 39 F9 24 9F D5 D1 0C 
 D8 6C 5D 5A CA 83 CC 63 0E 60 88 44 3B 8F B2 27 
 95 07 10 4F C2 4F 14 50 6E 68 A6 8F C8 03 8E 0F 
 86 7D 3F 79 5C DC 51 A6 40 A6 34 D6 6E 6B EF 62 
 09 47 C3 30 CE A4 C5 22 22 62 87 9B DC FF 15 5F 
 5D 4A 57 77 17 F2 30 CF A8 D8 57 1B 33 50 AD 02 
 9D 72 86 B9 E7 7E FC 64 A7 3A DD 9A F7 CC E9 D8 
 9E 60 D8 77 34 63 A3 9F ED D2 E5 DE 51 CF 73 0C 
 72 83 E7 0F 3A BD 36 04 48 5C 1B 09 2B 6D E6 7A 
 87 26 1D EE 40 67 DC 83 E6 25 0D 4D 88 D4 FC 46 
 BC 9B 24 8D 92 6F F2 0E DA 14 62 EB B6 D5 E2 CB 
 D1 1C B2 9D 60 DE 96 71 03 60 6D A7 10 FC 9C 18 
 2F 2B 78 7A AF 78 59 57 7E B7 9D E2 2B 71 00 B5 
 57 BC 48 89 71 62 9D 7C 09 AA 04 53 76 29 11 1A 
 C6 D7 0A A0 1E 9D C9 A6 1D 1B E0 74 06 E9 7D 3D 
 34 11 01 31 EA 38 80 61 5C DF 8B D0 5E 4D 48 1C 
 61 5E 2E 14 A2 29 E2 6C 23 5A C3 3A 64 38 CC 30 
 69 2B 43 6A 25 9C AF 51 DB 85 2F 76 80 D9 8C 7D 
 09 33 EC B7 35 07 A5 E2 CB EC 94 6E 0F 63 F2 C3 
 96 19 32 2B 02 F4 A9 3F CE F1 04 48 13 E5 96 14 
 EF 3C 95 1A 14 09 94 2C A1 F3 1C 0D BC B8 76 EA 
 1C 0B 17 12 3F C8 0E 4C 6A B2 47 8F F5 BB AD 7B 
 68 EA F5 1C FC 42 65 2F 72 CB 12 24 A7 B1 4F 66 
 0B 5C 6F F8 26 56 C6 3A 
 SWTPM_IO_Read: length 14
 80 01 00 00 00 0E 00 00 01 65 80 00 00 00 
    IsEnEnabled(0x165 = 'FlushContext'): 1
 SWTPM_IO_Write: length 10
 80 01 00 00 00 0A 00 00 00 00 
 SWTPM_IO_Read: length 14
 80 01 00 00 00 0E 00 00 01 62 02 00 00 00 
    IsEnEnabled(0x162 = 'ContextSave'): 1
 SWTPM_IO_Write: length 414
 80 01 00 00 01 9E 00 00 00 00 00 00 00 00 00 00 
 01 26 02 00 00 00 40 00 00 07 01 82 00 40 1C 59 
 0B 23 03 B2 AF E0 AA AD F0 EB 42 AC F3 A2 46 13 
 35 3D CF 39 9B 86 93 54 B1 9C 25 2D A4 61 42 A3 
 77 21 57 9E DE 42 5A 31 13 AA 80 56 98 33 4F 9E 
 BF 97 9E 6D 4F 79 2C C0 15 C4 10 B7 BB C2 01 C5 
 8A 40 A5 CA 81 98 5A C6 DE A7 4A 7F A0 C2 02 E4 
 BF 12 F5 79 27 DD C6 8E 76 3C 7D FC E5 CC 24 97 
 5D 53 EA C6 C6 8B FD BE 90 2E B1 B5 18 EE EC 53 
 6C 7E FE 15 6C 66 37 37 B9 4D 8F 32 FD 68 7D 6F 
 6A DC 85 EF CC F5 44 BE 26 06 63 CA D1 4D D0 D4 
 36 86 25 2F 23 FF 42 1E 95 31 A9 0B 75 F9 D1 AC 
 E7 1D 3F 3A E3 85 B1 D2 88 7E E5 17 AD 76 98 57 
 D9 EC 5B 1E 9D 4F 84 1F E1 42 E1 F3 D6 25 EB 01 
 B3 55 C0 88 16 94 66 45 39 4F EE C9 76 7E 5D 92 
 57 DE C3 2B 44 1C 73 7A 22 38 BE 21 46 52 A7 8D 
 E9 C1 B0 65 AA F5 A4 72 20 94 CC EB 80 FA 11 67 
 65 87 90 B9 B7 EB BF E1 6F 8A F2 06 7B D8 3B 00 
 EF 4B 16 24 02 32 19 99 8D 6A 31 6F 48 7B 21 25 
 22 7C 3B 46 61 EB F4 BA 36 1E 36 CE 34 3D 8E B6 
 EF 2B 44 D1 96 D5 00 5A 5A 39 C5 63 E6 EC 46 26 
 57 77 71 DC 5A 34 33 46 B7 DE F3 C9 DF F6 1B E8 
 49 69 42 62 7E BA 35 0E 48 29 95 3B CF B8 5D 8D 
 7D A7 AE 09 9E AF 0F E5 EC 82 35 49 2F 2A 4C 13 
 60 72 08 56 11 71 03 3B 7A 2D 3F 96 33 AE 39 F0 
 E4 E6 DB 8A CF E5 10 80 CC 5B 09 CF B3 C8 
 SWTPM_IO_Read: length 456
 80 01 00 00 01 C8 00 00 01 61 00 00 00 00 00 00 
 01 58 80 00 00 00 40 00 00 01 01 AC 00 40 B6 38 
 9C 7A 17 58 55 87 02 CF 0B 92 12 EC 43 45 F1 06 
 F7 1C E7 A1 4F 51 0F 95 92 63 34 F7 91 51 1F 07 
 F0 C3 CA 0E 20 D0 9E FE A8 3A BA BA 98 90 91 9D 
 D7 49 95 28 A4 E6 8F 71 6F 39 F9 24 9F D5 D1 0C 
 D8 6C 5D 5A CA 83 CC 63 0E 60 88 44 3B 8F B2 27 
 95 07 10 4F C2 4F 14 50 6E 68 A6 8F C8 03 8E 0F 
 86 7D 3F 79 5C DC 51 A6 40 A6 34 D6 6E 6B EF 62 
 09 47 C3 30 CE A4 C5 22 22 62 87 9B DC FF 15 5F 
 5D 4A 57 77 17 F2 30 CF A8 D8 57 1B 33 50 AD 02 
 9D 72 86 B9 E7 7E FC 64 A7 3A DD 9A F7 CC E9 D8 
 9E 60 D8 77 34 63 A3 9F ED D2 E5 DE 51 CF 73 0C 
 72 83 E7 0F 3A BD 36 04 48 5C 1B 09 2B 6D E6 7A 
 87 26 1D EE 40 67 DC 83 E6 25 0D 4D 88 D4 FC 46 
 BC 9B 24 8D 92 6F F2 0E DA 14 62 EB B6 D5 E2 CB 
 D1 1C B2 9D 60 DE 96 71 03 60 6D A7 10 FC 9C 18 
 2F 2B 78 7A AF 78 59 57 7E B7 9D E2 2B 71 00 B5 
 57 BC 48 89 71 62 9D 7C 09 AA 04 53 76 29 11 1A 
 C6 D7 0A A0 1E 9D C9 A6 1D 1B E0 74 06 E9 7D 3D 
 34 11 01 31 EA 38 80 61 5C DF 8B D0 5E 4D 48 1C 
 61 5E 2E 14 A2 29 E2 6C 23 5A C3 3A 64 38 CC 30 
 69 2B 43 6A 25 9C AF 51 DB 85 2F 76 80 D9 8C 7D 
 09 33 EC B7 35 07 A5 E2 CB EC 94 6E 0F 63 F2 C3 
 96 19 32 2B 02 F4 A9 3F CE F1 04 48 13 E5 96 14 
 EF 3C 95 1A 14 09 94 2C A1 F3 1C 0D BC B8 76 EA 
 1C 0B 17 12 3F C8 0E 4C 6A B2 47 8F F5 BB AD 7B 
 68 EA F5 1C FC 42 65 2F 72 CB 12 24 A7 B1 4F 66 
 0B 5C 6F F8 26 56 C6 3A 
    IsEnEnabled(0x161 = 'ContextLoad'): 1
 SWTPM_IO_Write: length 14
 80 01 00 00 00 0E 00 00 00 00 80 00 00 00 
 SWTPM_IO_Read: length 414
 80 01 00 00 01 9E 00 00 01 61 00 00 00 00 00 00 
 01 26 02 00 00 00 40 00 00 07 01 82 00 40 1C 59 
 0B 23 03 B2 AF E0 AA AD F0 EB 42 AC F3 A2 46 13 
 35 3D CF 39 9B 86 93 54 B1 9C 25 2D A4 61 42 A3 
 77 21 57 9E DE 42 5A 31 13 AA 80 56 98 33 4F 9E 
 BF 97 9E 6D 4F 79 2C C0 15 C4 10 B7 BB C2 01 C5 
 8A 40 A5 CA 81 98 5A C6 DE A7 4A 7F A0 C2 02 E4 
 BF 12 F5 79 27 DD C6 8E 76 3C 7D FC E5 CC 24 97 
 5D 53 EA C6 C6 8B FD BE 90 2E B1 B5 18 EE EC 53 
 6C 7E FE 15 6C 66 37 37 B9 4D 8F 32 FD 68 7D 6F 
 6A DC 85 EF CC F5 44 BE 26 06 63 CA D1 4D D0 D4 
 36 86 25 2F 23 FF 42 1E 95 31 A9 0B 75 F9 D1 AC 
 E7 1D 3F 3A E3 85 B1 D2 88 7E E5 17 AD 76 98 57 
 D9 EC 5B 1E 9D 4F 84 1F E1 42 E1 F3 D6 25 EB 01 
 B3 55 C0 88 16 94 66 45 39 4F EE C9 76 7E 5D 92 
 57 DE C3 2B 44 1C 73 7A 22 38 BE 21 46 52 A7 8D 
 E9 C1 B0 65 AA F5 A4 72 20 94 CC EB 80 FA 11 67 
 65 87 90 B9 B7 EB BF E1 6F 8A F2 06 7B D8 3B 00 
 EF 4B 16 24 02 32 19 99 8D 6A 31 6F 48 7B 21 25 
 22 7C 3B 46 61 EB F4 BA 36 1E 36 CE 34 3D 8E B6 
 EF 2B 44 D1 96 D5 00 5A 5A 39 C5 63 E6 EC 46 26 
 57 77 71 DC 5A 34 33 46 B7 DE F3 C9 DF F6 1B E8 
 49 69 42 62 7E BA 35 0E 48 29 95 3B CF B8 5D 8D 
 7D A7 AE 09 9E AF 0F E5 EC 82 35 49 2F 2A 4C 13 
 60 72 08 56 11 71 03 3B 7A 2D 3F 96 33 AE 39 F0 
 E4 E6 DB 8A CF E5 10 80 CC 5B 09 CF B3 C8 
    IsEnEnabled(0x161 = 'ContextLoad'): 1
 SWTPM_IO_Write: length 14
 80 01 00 00 00 0E 00 00 00 00 02 00 00 00 
 SWTPM_IO_Read: length 14
 80 01 00 00 00 0E 00 00 01 65 02 00 00 00 
    IsEnEnabled(0x165 = 'FlushContext'): 1
 SWTPM_IO_Write: length 10
 80 01 00 00 00 0A 00 00 00 00 
 SWTPM_IO_Read: length 14
 80 01 00 00 00 0E 00 00 01 62 80 00 00 00 
    IsEnEnabled(0x162 = 'ContextSave'): 1
 SWTPM_IO_Write: length 456
 80 01 00 00 01 C8 00 00 00 00 00 00 00 00 00 00 
 01 59 80 00 00 00 40 00 00 01 01 AC 00 40 22 2B 
 96 BA 45 8A DD 26 CD 3B 02 6C B1 8E D1 D6 49 78 
 32 23 48 AB FB D1 54 8B A1 58 1A A1 31 45 B2 FE 
 F2 BC A7 2F BC C5 DC 9E EB B9 70 D0 E8 0D 6A A3 
 85 7D CE 4B 7E DC 7C AA C9 55 8C 20 84 D8 5D 45 
 C4 F3 81 EB 8E 4B D5 94 FE 2F A8 AE 14 2E 0B E0 
 16 80 0E 23 74 6B 3F C2 07 12 E1 54 39 CC 02 58 
 07 3A F9 79 77 5A A8 BC D3 E3 2A EF 1D 6D 34 2A 
 76 75 E8 A0 89 65 6D FC B8 92 BC F1 D9 8D A5 0D 
 A4 34 0E 87 A4 DF 81 6C CB 1B AD 9B 35 48 17 8C 
 FB 34 D5 8F 97 69 8E 90 31 8B FF F4 66 81 AC 5D 
 5B C9 6E AE 7E 8E AF 08 2C E3 43 C6 23 37 C0 22 
 15 62 8C CE 74 5C 7D 1A 2E 8C 84 D7 01 0E 43 0C 
 83 B8 9E 1C 5F BD A9 64 ED 43 4B E5 51 E8 D5 B2 
 64 51 DC 65 21 41 BC FC 32 D1 10 ED F5 91 F6 16 
 42 3B BB 2D F6 80 60 D9 42 53 AF 12 09 EE A8 99 
 BD 89 26 E1 0E A1 E6 E4 22 55 3F 2C CD 80 FF B7 
 C4 AB FC 68 30 B6 67 71 CE AB 89 74 1A 6A 51 75 
 B1 4B D7 E6 70 47 AA 0D 7F DE CC B9 04 81 91 BB 
 05 DF 9D 03 14 0F 3C 45 5F 4D 1F BE 28 8F 39 82 
 E1 CE E9 7B 81 B5 AD 62 79 79 ED 8B 60 F8 69 13 
 AE B5 B4 F8 E0 1E E9 E9 55 A6 D3 80 9F 5A 62 1A 
 83 75 7D 73 32 7A AF 15 3B 80 B6 55 06 A7 19 C4 
 07 6D 97 C1 30 24 83 6E 5E 6A E0 B9 84 E6 DD DE 
 65 2C 20 AB E5 B3 CA 11 79 4F 7D CF FF E1 66 4F 
 23 D9 15 AF CB 75 18 7A A9 4F 8A A1 4A 7E 94 99 
 BB BA 1C A1 D3 6A 29 ED A7 3F A5 D6 82 0A B2 2A 
 C6 FD 61 38 81 A3 29 C2 
 SWTPM_IO_Read: length 14
 80 01 00 00 00 0E 00 00 01 65 80 00 00 00 
    IsEnEnabled(0x165 = 'FlushContext'): 1
 SWTPM_IO_Write: length 10
 80 01 00 00 00 0A 00 00 00 00 
 SWTPM_IO_Read: length 14
 80 01 00 00 00 0E 00 00 01 62 02 00 00 00 
    IsEnEnabled(0x162 = 'ContextSave'): 1
 SWTPM_IO_Write: length 10
 80 01 00 00 00 0A 00 00 09 10 
 SWTPM_IO_Read: length 12
 80 01 00 00 00 0C 00 00 01 7B 00 08 
    IsEnEnabled(0x17b = 'GetRandom'): 1
 SWTPM_IO_Write: length 20
 80 01 00 00 00 14 00 00 00 00 00 08 0B 6C 87 05 
 02 FC 6D 90 
 SWTPM_IO_Read: length 22
 80 01 00 00 00 16 00 00 01 7A 00 00 00 00 00 00 
 00 00 00 00 00 7F 
    IsEnEnabled(0x17a = 'GetCapability'): 1
 SWTPM_IO_Write: length 217
 80 01 00 00 00 D9 00 00 00 00 00 00 00 00 00 00 
 00 00 21 00 01 00 00 00 09 00 03 00 00 00 02 00 
 04 00 00 00 04 00 05 00 00 01 04 00 06 00 00 00 
 02 00 07 00 00 04 04 00 08 00 00 03 0C 00 0A 00 
 00 00 06 00 0B 00 00 00 04 00 0C 00 00 00 04 00 
 0D 00 00 00 04 00 14 00 00 01 01 00 15 00 00 02 
 01 00 16 00 00 01 01 00 17 00 00 02 01 00 18 00 
 00 01 01 00 19 00 00 04 01 00 1A 00 00 01 01 00 
 1B 00 00 05 01 00 1C 00 00 01 01 00 1D 00 00 04 
 01 00 20 00 00 04 04 00 21 00 00 04 04 00 22 00 
 00 04 04 00 23 00 00 00 09 00 25 00 00 00 08 00 
 26 00 00 00 02 00 3F 00 00 01 02 00 40 00 00 02 
 02 00 41 00 00 02 02 00 42 00 00 02 02 00 43 00 
 00 02 02 00 44 00 00 02 02 
 SWTPM_IO_Read: length 59
 80 01 00 00 00 3B 00 00 01 76 40 00 00 07 40 00 
 00 07 00 20 EC AA FD 02 4F 11 1D 8C 2E BF 85 1F 
 05 89 1A BE 15 50 83 CA 8E 30 A2 B6 12 E5 2F 53 
 7C 6C 9E 79 00 00 00 00 10 00 0B 
    IsEnEnabled(0x176 = 'StartAuthSession'): 1
 SWTPM_IO_Write: length 48
 80 01 00 00 00 30 00 00 00 00 02 00 00 00 00 20 
 7E C3 A1 22 18 B6 6B 57 83 16 CA CD A2 32 A3 99 
 9D 6D CD 72 78 BE D7 35 C8 40 0E F9 25 AA 8F 34 
 SWTPM_IO_Read: length 14
 80 01 00 00 00 0E 00 00 01 62 02 00 00 00 
    IsEnEnabled(0x162 = 'ContextSave'): 1
 SWTPM_IO_Write: length 414
 80 01 00 00 01 9E 00 00 00 00 00 00 00 00 00 00 
 01 27 02 00 00 00 40 00 00 07 01 82 00 40 EC 24 
 B4 2A 42 6C 4F 1B 4E FF DF 2D 66 C8 56 BA 10 6A 
 08 B9 34 7F 4D 1E 8B 4A 34 20 F3 2A 14 E9 A8 D9 
 5E 28 11 DE 70 93 73 8A 77 CC 87 C9 D2 8A 81 C4 
 1D C0 B2 78 86 31 1A A3 BE 0A FB E1 28 5B 88 5A 
 9C 29 90 7A 81 04 3D 0A EB AC 57 F9 26 59 67 E1 
 0F 56 DD 16 46 83 7F D6 13 39 AA C3 C3 6C D9 66 
 B3 5B 42 21 25 71 85 99 C8 C0 6C 56 74 9D 34 25 
 CE A0 39 DE 8D FD FD B8 85 F7 5C C6 B2 DB A1 0A 
 53 3A 14 A7 24 47 9B C0 BB 0D 3F FC 38 24 50 29 
 E0 5C 83 5C 2B 45 F3 61 6A 5D EC E7 C9 48 0B 8F 
 AB 95 3C 6D 1F 20 FA 58 FE 4F 33 3C 13 C5 E6 D8 
 0B A3 8A A8 85 83 4E 51 89 64 68 A7 AE 60 53 C8 
 24 25 1D 90 59 D8 4F 54 74 BB 3F D0 C5 D2 42 43 
 6F 08 C1 10 5B 5C AA 2A 4A 65 66 1C 9F 0A A1 56 
 21 3F A5 98 07 38 F6 A4 AA FB DB 76 37 D4 00 44 
 FF E2 37 FE 88 A6 5A 41 63 08 00 0A CE 9A F1 EB 
 81 DD 23 B4 10 1E A8 4C 05 86 3B D5 F4 A6 02 24 
 B8 49 4F 8B 1B 4B 58 EC C3 FA 49 4D C5 86 38 B8 
 EE 4C 5C 09 CA 19 07 CE D1 AC 8C C2 98 83 8D 96 
 AD CE 1E 4E F7 25 27 55 BA B5 E8 F1 88 80 20 68 
 DF D3 5B E1 69 4B A9 63 80 94 AE 35 93 6A 72 73 
 46 3D 6B 7F 6A 8D 4C 79 1C 62 EB 4A 3B 50 82 A4 
 72 5E C3 1F DE C8 42 67 04 EC 0D 89 AC EC DE B2 
 82 9F C4 39 ED 8C E3 46 31 33 19 2E F7 04 
 SWTPM_IO_Read: length 414
 80 01 00 00 01 9E 00 00 01 61 00 00 00 00 00 00 
 01 27 02 00 00 00 40 00 00 07 01 82 00 40 EC 24 
 B4 2A 42 6C 4F 1B 4E FF DF 2D 66 C8 56 BA 10 6A 
 08 B9 34 7F 4D 1E 8B 4A 34 20 F3 2A 14 E9 A8 D9 
 5E 28 11 DE 70 93 73 8A 77 CC 87 C9 D2 8A 81 C4 
 1D C0 B2 78 86 31 1A A3 BE 0A FB E1 28 5B 88 5A 
 9C 29 90 7A 81 04 3D 0A EB AC 57 F9 26 59 67 E1 
 0F 56 DD 16 46 83 7F D6 13 39 AA C3 C3 6C D9 66 
 B3 5B 42 21 25 71 85 99 C8 C0 6C 56 74 9D 34 25 
 CE A0 39 DE 8D FD FD B8 85 F7 5C C6 B2 DB A1 0A 
 53 3A 14 A7 24 47 9B C0 BB 0D 3F FC 38 24 50 29 
 E0 5C 83 5C 2B 45 F3 61 6A 5D EC E7 C9 48 0B 8F 
 AB 95 3C 6D 1F 20 FA 58 FE 4F 33 3C 13 C5 E6 D8 
 0B A3 8A A8 85 83 4E 51 89 64 68 A7 AE 60 53 C8 
 24 25 1D 90 59 D8 4F 54 74 BB 3F D0 C5 D2 42 43 
 6F 08 C1 10 5B 5C AA 2A 4A 65 66 1C 9F 0A A1 56 
 21 3F A5 98 07 38 F6 A4 AA FB DB 76 37 D4 00 44 
 FF E2 37 FE 88 A6 5A 41 63 08 00 0A CE 9A F1 EB 
 81 DD 23 B4 10 1E A8 4C 05 86 3B D5 F4 A6 02 24 
 B8 49 4F 8B 1B 4B 58 EC C3 FA 49 4D C5 86 38 B8 
 EE 4C 5C 09 CA 19 07 CE D1 AC 8C C2 98 83 8D 96 
 AD CE 1E 4E F7 25 27 55 BA B5 E8 F1 88 80 20 68 
 DF D3 5B E1 69 4B A9 63 80 94 AE 35 93 6A 72 73 
 46 3D 6B 7F 6A 8D 4C 79 1C 62 EB 4A 3B 50 82 A4 
 72 5E C3 1F DE C8 42 67 04 EC 0D 89 AC EC DE B2 
 82 9F C4 39 ED 8C E3 46 31 33 19 2E F7 04 
    IsEnEnabled(0x161 = 'ContextLoad'): 1
 SWTPM_IO_Write: length 14
 80 01 00 00 00 0E 00 00 00 00 02 00 00 00 
 SWTPM_IO_Read: length 456
 80 01 00 00 01 C8 00 00 01 61 00 00 00 00 00 00 
 01 57 80 00 00 00 40 00 00 01 01 AC 00 40 D2 2B 
 70 99 C5 CD 65 F7 86 2E DF 21 45 7E BA 71 84 5B 
 AB A0 4D 13 9B 05 18 91 08 6B E7 01 09 09 40 2C 
 17 55 5F C5 AB 5C F1 CE 93 88 04 0D 73 DF 85 5F 
 8E 6F E6 F2 1A BE 5E A6 B1 5C EA 73 B1 77 01 B8 
 19 29 1A 4C 59 31 8C 06 8E 03 8C B3 A3 E5 90 10 
 CD BB C6 DF 4A 37 8D 9B 0D 2C 1D 58 9F A3 1A B7 
 DD 00 91 77 81 DC 1F 9D 2C 6C DE 3A 19 60 45 59 
 E2 F6 30 2D BE 17 4C 02 CA A7 DE 89 B3 27 0D 13 
 A4 11 F6 F9 E7 FF C7 85 BC B3 87 8C 5E CA 34 35 
 2A BB 2E AF 63 27 50 C3 B4 CC 6E AF AA 96 BD D1 
 A9 08 0A E5 67 AF C5 6A F4 19 90 4D BA 31 42 A5 
 E6 6D 87 E3 A3 CC 07 A5 6D 14 59 2A 71 47 36 2D 
 5F B3 70 69 94 CF 40 DA 73 E2 1D 51 3D A1 87 BA 
 59 8E 9B 86 E3 12 CF 57 AD 73 3D C5 A9 6D 3C 5D 
 44 D5 42 BC B2 06 75 7B 60 C4 84 6F C0 C0 8A 9C 
 25 D3 90 6F 08 11 E4 4A DF 20 D4 1E 5E AD B5 1D 
 79 D0 D8 77 4D 19 53 75 F2 9A 41 E8 8A AC C1 35 
 F8 02 A6 02 16 4C 0A D2 F9 54 DF D2 AA 71 45 28 
 08 D1 FF A1 DF 31 7A F0 E8 15 F5 7C B9 46 8B 05 
 85 B7 E1 E2 91 C4 72 D1 16 1A 4F E6 4E B2 4A D1 
 8A 2E 0B 02 1A FB 36 23 2C C2 69 94 31 B9 FA 7E 
 43 C6 37 E3 50 F2 73 F8 A1 A9 BD 33 11 62 B4 54 
 AA 6E 1A 80 53 82 1D B3 D5 53 17 A4 86 10 EA 33 
 DA BA FE D8 5D 46 43 6A B2 C6 A0 3C EB 24 5D 00 
 89 EF 83 94 9C 33 02 2C B0 D2 FD 7B 01 C9 2D 7F 
 D5 51 EF 4D 2A 12 A8 13 75 E9 BB 33 DB B0 AA 28 
 48 6B 88 62 A8 21 1B B4 
    IsEnEnabled(0x161 = 'ContextLoad'): 1
 SWTPM_IO_Write: length 14
 80 01 00 00 00 0E 00 00 00 00 80 00 00 00 
 SWTPM_IO_Read: length 14
 80 01 00 00 00 0E 00 00 01 62 80 00 00 00 
    IsEnEnabled(0x162 = 'ContextSave'): 1
 SWTPM_IO_Write: length 456
 80 01 00 00 01 C8 00 00 00 00 00 00 00 00 00 00 
 01 5A 80 00 00 00 40 00 00 01 01 AC 00 40 43 1A 
 AC 24 B1 DF 5B 14 F0 B2 D6 0A 7B 53 66 F3 73 43 
 4D 37 1A C6 86 90 C6 06 E2 E2 83 67 97 58 6B CA 
 B6 81 7A 20 DF F6 19 B2 9C BE 60 27 B1 9C 7C 56 
 11 9A 25 A5 7F 6A 46 DA EF 16 C4 D2 48 C7 07 2E 
 C1 F2 08 CD E0 A2 A4 A6 74 39 6E 18 6F 1C 13 7F 
 EB CD 5C F0 05 F6 A0 39 C0 42 4F 8A 35 84 E0 BC 
 60 5C 9C 7D EA 2F 19 67 74 B2 EA 01 1E 1E 88 A4 
 3D 12 BD E1 8C B0 A2 60 68 8C A1 81 44 FB A3 42 
 B7 E4 05 8B B8 59 F2 E7 89 58 BD F8 C6 DF AA 80 
 55 AC D9 CA 1E 3A C5 84 91 FF AC 99 EE A8 5C 1E 
 CE 3B 9C 5D 68 98 43 31 76 A4 7B 94 CA BB AD E8 
 AF 3C 10 9B 97 89 04 DA CF 3C 5A 92 CE 88 56 C9 
 CC 4A 53 05 BC A5 F5 11 80 C4 BA 66 F3 2E 92 14 
 01 D8 6C BB 19 1B 54 05 5D 1A 4E D2 AE CF 3C E0 
 06 31 F9 69 05 FD 91 0A 70 15 D3 32 B7 9F 3E 2A 
 B2 DD 2A FD 20 D2 BE 89 6D 40 32 4C 00 F6 3A 16 
 1C 43 AE 87 76 39 4E 75 EF B7 13 ED 10 5D DF 74 
 E7 08 17 CC F6 31 75 CA 50 ED 15 7A AC 49 B2 88 
 69 F8 1A 83 64 DB 6D AF 43 DB A5 0E 54 AF 0D 01 
 28 A0 E8 C4 28 C1 68 22 EF 22 AC EE FB CE 0F CF 
 F6 F0 62 EE 54 9D 54 E2 D7 2F CD BA 50 DC 27 FB 
 05 2B E0 AD 2C 70 37 A8 EB 16 2F 6F 5D 28 32 41 
 52 05 5E DE DB E5 6E 2E 92 FC 3E FA 15 DC AF C9 
 52 98 CE D9 58 80 BA F3 96 22 DA CE 68 0F C8 ED 
 3F 8A 25 16 E6 33 9E 05 1D C5 68 91 1F 0E C6 BD 
 27 DE AF 0F F8 80 FE 6A 4A C9 C4 F0 E5 92 5B BF 
 64 0E 21 B9 7F 5E DC 11 
 SWTPM_IO_Read: length 14
 80 01 00 00 00 0E 00 00 01 65 80 00 00 00 
    IsEnEnabled(0x165 = 'FlushContext'): 1
 SWTPM_IO_Write: length 10
 80 01 00 00 00 0A 00 00 00 00 
 SWTPM_IO_Read: length 14
 80 01 00 00 00 0E 00 00 01 62 02 00 00 00 
    IsEnEnabled(0x162 = 'ContextSave'): 1
 SWTPM_IO_Write: length 414
 80 01 00 00 01 9E 00 00 00 00 00 00 00 00 00 00 
 01 28 02 00 00 00 40 00 00 07 01 82 00 40 BE 91 
 FA A1 80 A7 FC F6 B9 1B AE C8 D3 3E FF 92 26 E2 
 6E 28 B4 3A 49 6C 51 5E 9D F7 79 9E 09 FC EC 76 
 EC 89 0F A6 DE C4 D6 A3 5A DD 86 7D C7 44 28 F3 
 A1 0D E0 F3 61 FE C7 CF FB DE 82 7C C2 96 7D B4 
 1F 36 63 97 8D EF 8B 79 D9 FC CA 7F F9 A4 FB 24 
 86 B1 72 23 62 62 13 74 F9 1F 32 6D 24 2B 65 E3 
 DA 5A 2D 86 0D C7 50 2C 62 D9 C8 2B D7 50 C3 2A 
 F6 7B 4A 23 5A E4 13 CC B0 FF FE 87 47 E7 48 60 
 51 AD BD D1 F3 BC AF 98 79 BB EA 85 8A 39 58 9D 
 F8 09 F1 2A CD EF 39 E6 9E B0 2B 46 95 B3 4D 02 
 60 65 D8 5B 38 B5 7E 30 11 23 76 C2 D4 43 3F B5 
 59 1A 75 DE 0E 0A A5 69 3C B6 34 7C 96 42 AE D1 
 4C 4B 56 40 5E C0 FD 0D 0E 42 15 8F B6 4A 7B 6B 
 10 6D 7E 39 B3 3A 89 25 45 62 84 55 DB 28 3D B1 
 92 AB 5B F4 17 C0 8B 6A 27 53 92 DC 96 2B 84 8D 
 69 3A 17 C6 49 66 D1 3E 1E 01 D9 99 2D FF DD 09 
 C0 BF 62 88 17 D7 24 1C D6 F6 E9 A1 3E 0E 83 03 
 2B 67 B8 04 B9 20 67 04 BE CA D9 11 25 2F AB 82 
 94 A1 50 26 0E 45 F8 87 97 36 5B 75 F0 0F A0 62 
 D2 2F 0A DA 32 57 B6 23 4B 38 6C 09 E7 DC 8C F6 
 0B B8 52 A0 24 37 4E 5C 7B A2 1C 7F 28 F6 78 D2 
 81 90 88 A3 23 07 95 60 DB F7 B0 95 E6 D4 65 4B 
 60 F7 3A 03 0A 0D F3 3C 74 2F 53 BD D9 60 B9 9F 
 3E 66 73 AC 9E 71 48 72 41 A5 F0 D8 E3 28 
 SWTPM_IO_Read: length 456
 80 01 00 00 01 C8 00 00 01 61 00 00 00 00 00 00 
 01 5A 80 00 00 00 40 00 00 01 01 AC 00 40 43 1A 
 AC 24 B1 DF 5B 14 F0 B2 D6 0A 7B 53 66 F3 73 43 
 4D 37 1A C6 86 90 C6 06 E2 E2 83 67 97 58 6B CA 
 B6 81 7A 20 DF F6 19 B2 9C BE 60 27 B1 9C 7C 56 
 11 9A 25 A5 7F 6A 46 DA EF 16 C4 D2 48 C7 07 2E 
 C1 F2 08 CD E0 A2 A4 A6 74 39 6E 18 6F 1C 13 7F 
 EB CD 5C F0 05 F6 A0 39 C0 42 4F 8A 35 84 E0 BC 
 60 5C 9C 7D EA 2F 19 67 74 B2 EA 01 1E 1E 88 A4 
 3D 12 BD E1 8C B0 A2 60 68 8C A1 81 44 FB A3 42 
 B7 E4 05 8B B8 59 F2 E7 89 58 BD F8 C6 DF AA 80 
 55 AC D9 CA 1E 3A C5 84 91 FF AC 99 EE A8 5C 1E 
 CE 3B 9C 5D 68 98 43 31 76 A4 7B 94 CA BB AD E8 
 AF 3C 10 9B 97 89 04 DA CF 3C 5A 92 CE 88 56 C9 
 CC 4A 53 05 BC A5 F5 11 80 C4 BA 66 F3 2E 92 14 
 01 D8 6C BB 19 1B 54 05 5D 1A 4E D2 AE CF 3C E0 
 06 31 F9 69 05 FD 91 0A 70 15 D3 32 B7 9F 3E 2A 
 B2 DD 2A FD 20 D2 BE 89 6D 40 32 4C 00 F6 3A 16 
 1C 43 AE 87 76 39 4E 75 EF B7 13 ED 10 5D DF 74 
 E7 08 17 CC F6 31 75 CA 50 ED 15 7A AC 49 B2 88 
 69 F8 1A 83 64 DB 6D AF 43 DB A5 0E 54 AF 0D 01 
 28 A0 E8 C4 28 C1 68 22 EF 22 AC EE FB CE 0F CF 
 F6 F0 62 EE 54 9D 54 E2 D7 2F CD BA 50 DC 27 FB 
 05 2B E0 AD 2C 70 37 A8 EB 16 2F 6F 5D 28 32 41 
 52 05 5E DE DB E5 6E 2E 92 FC 3E FA 15 DC AF C9 
 52 98 CE D9 58 80 BA F3 96 22 DA CE 68 0F C8 ED 
 3F 8A 25 16 E6 33 9E 05 1D C5 68 91 1F 0E C6 BD 
 27 DE AF 0F F8 80 FE 6A 4A C9 C4 F0 E5 92 5B BF 
 64 0E 21 B9 7F 5E DC 11 
    IsEnEnabled(0x161 = 'ContextLoad'): 1
 SWTPM_IO_Write: length 14
 80 01 00 00 00 0E 00 00 00 00 80 00 00 00 
 SWTPM_IO_Read: length 414
 80 01 00 00 01 9E 00 00 01 61 00 00 00 00 00 00 
 01 28 02 00 00 00 40 00 00 07 01 82 00 40 BE 91 
 FA A1 80 A7 FC F6 B9 1B AE C8 D3 3E FF 92 26 E2 
 6E 28 B4 3A 49 6C 51 5E 9D F7 79 9E 09 FC EC 76 
 EC 89 0F A6 DE C4 D6 A3 5A DD 86 7D C7 44 28 F3 
 A1 0D E0 F3 61 FE C7 CF FB DE 82 7C C2 96 7D B4 
 1F 36 63 97 8D EF 8B 79 D9 FC CA 7F F9 A4 FB 24 
 86 B1 72 23 62 62 13 74 F9 1F 32 6D 24 2B 65 E3 
 DA 5A 2D 86 0D C7 50 2C 62 D9 C8 2B D7 50 C3 2A 
 F6 7B 4A 23 5A E4 13 CC B0 FF FE 87 47 E7 48 60 
 51 AD BD D1 F3 BC AF 98 79 BB EA 85 8A 39 58 9D 
 F8 09 F1 2A CD EF 39 E6 9E B0 2B 46 95 B3 4D 02 
 60 65 D8 5B 38 B5 7E 30 11 23 76 C2 D4 43 3F B5 
 59 1A 75 DE 0E 0A A5 69 3C B6 34 7C 96 42 AE D1 
 4C 4B 56 40 5E C0 FD 0D 0E 42 15 8F B6 4A 7B 6B 
 10 6D 7E 39 B3 3A 89 25 45 62 84 55 DB 28 3D B1 
 92 AB 5B F4 17 C0 8B 6A 27 53 92 DC 96 2B 84 8D 
 69 3A 17 C6 49 66 D1 3E 1E 01 D9 99 2D FF DD 09 
 C0 BF 62 88 17 D7 24 1C D6 F6 E9 A1 3E 0E 83 03 
 2B 67 B8 04 B9 20 67 04 BE CA D9 11 25 2F AB 82 
 94 A1 50 26 0E 45 F8 87 97 36 5B 75 F0 0F A0 62 
 D2 2F 0A DA 32 57 B6 23 4B 38 6C 09 E7 DC 8C F6 
 0B B8 52 A0 24 37 4E 5C 7B A2 1C 7F 28 F6 78 D2 
 81 90 88 A3 23 07 95 60 DB F7 B0 95 E6 D4 65 4B 
 60 F7 3A 03 0A 0D F3 3C 74 2F 53 BD D9 60 B9 9F 
 3E 66 73 AC 9E 71 48 72 41 A5 F0 D8 E3 28 
    IsEnEnabled(0x161 = 'ContextLoad'): 1
 SWTPM_IO_Write: length 14
 80 01 00 00 00 0E 00 00 00 00 02 00 00 00 
 SWTPM_IO_Read: length 91
 80 02 00 00 00 5B 00 00 01 5E 80 00 00 00 00 00 
 00 49 02 00 00 00 00 20 1D 78 84 ED 43 7D 7A AC 
 AC 95 44 83 D3 CB 91 60 60 BC 2F 0D CB EB 05 E8 
 85 42 56 C9 A0 00 70 C4 01 00 20 DE 7B 21 15 48 
 FE BF 9B 71 EA C8 D1 AA 96 F0 56 55 49 F3 E3 59 
 35 A0 20 07 AA 72 B5 53 EC BD C7 
    IsEnEnabled(0x15e = 'Unseal'): 1
 SWTPM_IO_Write: length 149
 80 02 00 00 00 95 00 00 00 00 00 00 00 42 00 40 
 31 36 34 39 30 39 30 61 65 65 30 37 36 64 32 66 
 34 35 36 37 61 39 62 34 35 63 39 66 38 63 38 36 
 39 37 37 31 31 62 31 39 36 64 38 32 31 66 64 63 
 36 36 64 34 37 39 65 37 62 30 33 66 64 63 34 31 
 00 20 9F 5F B1 EA 45 43 6E C0 E9 80 27 99 4F CE 
 F8 3D D7 89 16 9D B7 95 24 63 F8 7B B4 2B B5 6B 
 1A 2A 01 00 20 4F AA 24 F4 84 EA 96 81 0A E8 65 
 B2 5A 1E 30 DB 7E 28 DA 64 4C D1 9D 7E 10 23 99 
 F4 20 FF 36 90 
 SWTPM_IO_Read: length 14
 80 01 00 00 00 0E 00 00 01 62 80 00 00 00 
    IsEnEnabled(0x162 = 'ContextSave'): 1
 SWTPM_IO_Write: length 456
 80 01 00 00 01 C8 00 00 00 00 00 00 00 00 00 00 
 01 5B 80 00 00 00 40 00 00 01 01 AC 00 40 E6 9D 
 EE 62 3F 8B A6 A1 22 03 66 F8 67 F4 52 EF 9E 08 
 7F FA 89 6D 40 7E E0 A0 1E D9 CC 35 65 15 1E 26 
 B3 09 61 30 74 D5 BC A7 37 B6 18 1A 03 C7 02 D3 
 AC 75 84 B5 43 7A 4A 2E DA 46 2B 6A D5 AA 74 93 
 F3 C9 2B F5 AA 18 25 25 63 94 92 6B B9 80 F8 97 
 3E CA 80 BC 73 22 37 E0 D8 C0 73 8B 25 28 0A 1B 
 4E 61 75 03 46 4A E2 91 3C 01 5B B6 43 85 62 99 
 AD 67 94 7D 9C D4 27 3A 7D 49 51 F9 C6 EC 8E 0A 
 FA 10 8E 25 44 1E 22 2B 27 5D C3 FA 7E 6F 1A 59 
 FE 1F 6D 71 96 87 F9 02 E3 E0 1A 5F 47 41 EB F6 
 41 B6 28 FD 36 5C F8 F4 DE 63 6A B0 C6 F1 C5 64 
 B6 DD 03 22 83 BD 09 35 C3 C3 91 E9 8A 69 C1 2C 
 25 CF E0 BE 69 84 94 AA 5A C7 30 BA 76 0F 5D 13 
 18 9E 60 E5 E4 A9 2C FC 42 E6 F5 B6 65 E9 07 7B 
 79 0E DD BD F6 5C 60 FA 73 5D 47 94 4C A7 14 39 
 86 CF AA 1B D1 0C BF 27 4E 7F 72 CF 99 ED E5 7F 
 4E F7 31 20 FF 8A 50 E8 DB D9 30 D9 D5 16 EE 2B 
 4C AE 56 4A 66 D0 5F E8 D5 BE 2E 72 7D C7 5F 14 
 22 09 06 CB 7D 36 B1 82 CB 0E B6 4F 61 AD 7E CA 
 F8 2B 52 78 BE 12 05 0B ED A9 BF 5F 1E 29 57 22 
 4D 43 3A A6 F8 60 39 A0 01 AB 91 39 87 C0 B5 A4 
 4B 76 0F F5 A6 0F 48 64 89 D6 40 28 01 60 5C 96 
 E8 2C 62 94 62 9B 4E 3C A5 08 00 DE 0F 31 88 3D 
 5E 6C 55 E5 2D 0D C8 F5 82 0B 3E 7B 12 75 80 A7 
 5D 55 3B CA 07 8B 1B 32 2F 55 65 BB 2D 46 18 65 
 4F 02 D5 20 FB A1 0D C4 43 8F C7 35 7F 9C 85 DB 
 4D CD 99 85 85 0E 73 B1 
 SWTPM_IO_Read: length 14
 80 01 00 00 00 0E 00 00 01 65 80 00 00 00 
    IsEnEnabled(0x165 = 'FlushContext'): 1
 SWTPM_IO_Write: length 10
 80 01 00 00 00 0A 00 00 00 00 
 SWTPM_IO_Read: length 14
 80 01 00 00 00 0E 00 00 01 62 02 00 00 00 
    IsEnEnabled(0x162 = 'ContextSave'): 1
 SWTPM_IO_Write: length 414
 80 01 00 00 01 9E 00 00 00 00 00 00 00 00 00 00 
 01 29 02 00 00 00 40 00 00 07 01 82 00 40 28 09 
 53 E1 AE 8B 2B D8 9A 23 35 2A 86 7A 7B 9D 8B 46 
 79 24 98 41 5F 06 21 D5 24 97 6B 55 BD 4F AD DD 
 74 C8 DD A0 EE 75 16 75 C2 7E 06 C1 C8 2C 4E 78 
 76 DF EB 62 A0 E9 11 32 1D 37 13 8A 20 23 C5 2E 
 93 D0 C7 34 2F 3F 26 3D 53 A5 45 1E C7 8B 4A 94 
 41 54 F1 DA E9 FE 26 28 88 D5 2A 3D 8C 45 98 2C 
 7C 0D BD A5 7F 43 58 38 A0 A4 68 08 AA 45 48 9B 
 83 48 24 4C FF 9C CA B3 E0 DB 71 72 4F 8D EE C4 
 F1 E5 D3 D0 98 B3 37 F7 CE 68 ED C6 8A 19 29 36 
 75 85 5A 8D 02 D3 D8 FB 90 7C 0F E0 19 6A D3 27 
 22 CA EF 60 2E 35 41 D8 34 32 0C D8 B2 15 9E B5 
 0F 23 38 2D EE 71 E8 23 0C 5D D4 FC 9D 14 31 2F 
 F5 EB 6F 7A 8C FE 1F D9 98 9C 9C 2F 5E 5B A1 FE 
 A2 37 B7 6F 49 06 6D 6E 5A 58 D1 FE 49 34 13 CB 
 79 A7 E2 03 ED AC F7 F0 9C 74 65 28 C5 61 EC F0 
 89 4F 81 82 65 90 9F D4 45 46 D2 63 F9 8F 8F 71 
 28 FE ED C1 49 51 30 B1 B1 69 E8 B4 32 91 9F 44 
 B3 AA A8 29 2F A3 86 D9 15 CF E1 BB 33 06 C6 80 
 C1 ED AF 92 A5 05 7D 8B 4E 53 5D FB 37 08 08 9F 
 E9 07 D7 B4 09 83 33 53 8C 68 8D 1A E4 DE 2F 4E 
 E2 00 AB F3 03 D1 3B C5 5E D7 2D 90 AD E2 A7 F7 
 F1 E1 C7 1B BE FE 28 CB 09 9A 75 80 24 97 1F 98 
 6D 71 78 DF 77 B6 C0 3A 79 38 C8 0A C4 C2 60 CD 
 90 FC C3 43 13 37 B7 A6 D2 EF 03 EA 83 41 
 SWTPM_IO_Read: length 456
 80 01 00 00 01 C8 00 00 01 61 00 00 00 00 00 00 
 01 5B 80 00 00 00 40 00 00 01 01 AC 00 40 E6 9D 
 EE 62 3F 8B A6 A1 22 03 66 F8 67 F4 52 EF 9E 08 
 7F FA 89 6D 40 7E E0 A0 1E D9 CC 35 65 15 1E 26 
 B3 09 61 30 74 D5 BC A7 37 B6 18 1A 03 C7 02 D3 
 AC 75 84 B5 43 7A 4A 2E DA 46 2B 6A D5 AA 74 93 
 F3 C9 2B F5 AA 18 25 25 63 94 92 6B B9 80 F8 97 
 3E CA 80 BC 73 22 37 E0 D8 C0 73 8B 25 28 0A 1B 
 4E 61 75 03 46 4A E2 91 3C 01 5B B6 43 85 62 99 
 AD 67 94 7D 9C D4 27 3A 7D 49 51 F9 C6 EC 8E 0A 
 FA 10 8E 25 44 1E 22 2B 27 5D C3 FA 7E 6F 1A 59 
 FE 1F 6D 71 96 87 F9 02 E3 E0 1A 5F 47 41 EB F6 
 41 B6 28 FD 36 5C F8 F4 DE 63 6A B0 C6 F1 C5 64 
 B6 DD 03 22 83 BD 09 35 C3 C3 91 E9 8A 69 C1 2C 
 25 CF E0 BE 69 84 94 AA 5A C7 30 BA 76 0F 5D 13 
 18 9E 60 E5 E4 A9 2C FC 42 E6 F5 B6 65 E9 07 7B 
 79 0E DD BD F6 5C 60 FA 73 5D 47 94 4C A7 14 39 
 86 CF AA 1B D1 0C BF 27 4E 7F 72 CF 99 ED E5 7F 
 4E F7 31 20 FF 8A 50 E8 DB D9 30 D9 D5 16 EE 2B 
 4C AE 56 4A 66 D0 5F E8 D5 BE 2E 72 7D C7 5F 14 
 22 09 06 CB 7D 36 B1 82 CB 0E B6 4F 61 AD 7E CA 
 F8 2B 52 78 BE 12 05 0B ED A9 BF 5F 1E 29 57 22 
 4D 43 3A A6 F8 60 39 A0 01 AB 91 39 87 C0 B5 A4 
 4B 76 0F F5 A6 0F 48 64 89 D6 40 28 01 60 5C 96 
 E8 2C 62 94 62 9B 4E 3C A5 08 00 DE 0F 31 88 3D 
 5E 6C 55 E5 2D 0D C8 F5 82 0B 3E 7B 12 75 80 A7 
 5D 55 3B CA 07 8B 1B 32 2F 55 65 BB 2D 46 18 65 
 4F 02 D5 20 FB A1 0D C4 43 8F C7 35 7F 9C 85 DB 
 4D CD 99 85 85 0E 73 B1 
    IsEnEnabled(0x161 = 'ContextLoad'): 1
 SWTPM_IO_Write: length 14
 80 01 00 00 00 0E 00 00 00 00 80 00 00 00 
 SWTPM_IO_Read: length 414
 80 01 00 00 01 9E 00 00 01 61 00 00 00 00 00 00 
 01 29 02 00 00 00 40 00 00 07 01 82 00 40 28 09 
 53 E1 AE 8B 2B D8 9A 23 35 2A 86 7A 7B 9D 8B 46 
 79 24 98 41 5F 06 21 D5 24 97 6B 55 BD 4F AD DD 
 74 C8 DD A0 EE 75 16 75 C2 7E 06 C1 C8 2C 4E 78 
 76 DF EB 62 A0 E9 11 32 1D 37 13 8A 20 23 C5 2E 
 93 D0 C7 34 2F 3F 26 3D 53 A5 45 1E C7 8B 4A 94 
 41 54 F1 DA E9 FE 26 28 88 D5 2A 3D 8C 45 98 2C 
 7C 0D BD A5 7F 43 58 38 A0 A4 68 08 AA 45 48 9B 
 83 48 24 4C FF 9C CA B3 E0 DB 71 72 4F 8D EE C4 
 F1 E5 D3 D0 98 B3 37 F7 CE 68 ED C6 8A 19 29 36 
 75 85 5A 8D 02 D3 D8 FB 90 7C 0F E0 19 6A D3 27 
 22 CA EF 60 2E 35 41 D8 34 32 0C D8 B2 15 9E B5 
 0F 23 38 2D EE 71 E8 23 0C 5D D4 FC 9D 14 31 2F 
 F5 EB 6F 7A 8C FE 1F D9 98 9C 9C 2F 5E 5B A1 FE 
 A2 37 B7 6F 49 06 6D 6E 5A 58 D1 FE 49 34 13 CB 
 79 A7 E2 03 ED AC F7 F0 9C 74 65 28 C5 61 EC F0 
 89 4F 81 82 65 90 9F D4 45 46 D2 63 F9 8F 8F 71 
 28 FE ED C1 49 51 30 B1 B1 69 E8 B4 32 91 9F 44 
 B3 AA A8 29 2F A3 86 D9 15 CF E1 BB 33 06 C6 80 
 C1 ED AF 92 A5 05 7D 8B 4E 53 5D FB 37 08 08 9F 
 E9 07 D7 B4 09 83 33 53 8C 68 8D 1A E4 DE 2F 4E 
 E2 00 AB F3 03 D1 3B C5 5E D7 2D 90 AD E2 A7 F7 
 F1 E1 C7 1B BE FE 28 CB 09 9A 75 80 24 97 1F 98 
 6D 71 78 DF 77 B6 C0 3A 79 38 C8 0A C4 C2 60 CD 
 90 FC C3 43 13 37 B7 A6 D2 EF 03 EA 83 41 
    IsEnEnabled(0x161 = 'ContextLoad'): 1
 SWTPM_IO_Write: length 14
 80 01 00 00 00 0E 00 00 00 00 02 00 00 00 
 SWTPM_IO_Read: length 14
 80 01 00 00 00 0E 00 00 01 65 02 00 00 00 
    IsEnEnabled(0x165 = 'FlushContext'): 1
 SWTPM_IO_Write: length 10
 80 01 00 00 00 0A 00 00 00 00 
 SWTPM_IO_Read: length 14
 80 01 00 00 00 0E 00 00 01 62 80 00 00 00 
    IsEnEnabled(0x162 = 'ContextSave'): 1
 SWTPM_IO_Write: length 456
 80 01 00 00 01 C8 00 00 00 00 00 00 00 00 00 00 
 01 5C 80 00 00 00 40 00 00 01 01 AC 00 40 F5 49 
 E7 0F 51 37 8B 10 22 81 B1 06 BD 2F 72 86 96 14 
 09 87 32 29 D6 DC 14 8D F0 54 62 92 2C FC 23 C3 
 4C 0A 89 AC EE E7 78 8C 5E 11 07 8C 32 5E 91 33 
 26 BB A6 89 37 D5 2D AB 8C C3 62 F5 75 DE 8C 80 
 B2 B8 CC 33 47 25 D4 46 32 06 43 AC BC DF 85 31 
 E2 07 5C 3B 42 BA 07 36 61 F7 28 7B CE 9D 4E 4D 
 23 93 04 DC 1E 5E E4 5C 5C 47 81 58 D0 30 90 B7 
 FE FE 23 73 D3 5D 54 45 E8 56 46 B1 8E 81 6E E6 
 FC 35 F7 24 E1 AD 6B 8A E7 B2 BB 6D F2 9A 72 AF 
 18 2F 32 4D 5A 02 5D 3D 76 37 8A FA 38 95 94 20 
 19 16 22 A5 96 DA 3D 8A C8 7C 1B FC 85 36 68 45 
 D6 1B CA C3 30 4A D5 C3 A0 91 AB 03 9A 97 86 59 
 5A CA F9 93 F4 E4 B0 11 E9 D9 98 36 2B 63 13 89 
 58 C9 8C 5E 4E C7 55 5B 7F 9B A8 5C D4 20 64 7A 
 6E 5C B8 F1 B4 3A 99 20 C8 83 35 A0 C9 A8 CE 7D 
 47 E3 C0 67 D6 A4 68 75 FA 4A 72 03 C0 B2 1F 5C 
 4C 0D 11 1D 09 E0 38 69 E3 BA 97 5E A1 E5 71 62 
 D1 10 31 17 40 EE F4 59 C1 8C FE 69 65 AF 94 33 
 10 82 97 A7 B6 0C D0 BA B8 4D 47 E1 D5 68 65 67 
 9E DD 4C 4A C5 F4 92 4D D9 AB 1C B9 E5 C9 34 BB 
 C2 0D F7 A0 14 5B 3C 40 08 B5 98 B3 9D 66 38 D7 
 B3 DC E3 3A A8 72 0B 48 D7 42 60 A4 EC 5C F1 27 
 95 93 76 02 E7 A4 74 59 DE 50 01 B5 C4 C1 EC 14 
 12 19 96 59 1E 3F E8 6A F2 9E 3B F1 0F 40 AC B1 
 D8 F5 97 A4 69 96 FF EC 6C 47 FC 3C 37 9B E1 B1 
 5C 7E 74 24 23 41 25 F3 42 58 21 50 BA 0E 28 69 
 18 A8 D6 53 85 70 9E 90 
 SWTPM_IO_Read: length 14
 80 01 00 00 00 0E 00 00 01 65 80 00 00 00 
    IsEnEnabled(0x165 = 'FlushContext'): 1
 SWTPM_IO_Write: length 10
 80 01 00 00 00 0A 00 00 00 00 
 SWTPM_IO_Read: length 14
 80 01 00 00 00 0E 00 00 01 62 02 00 00 00 
    IsEnEnabled(0x162 = 'ContextSave'): 1
 SWTPM_IO_Write: length 10
 80 01 00 00 00 0A 00 00 09 10 
 SWTPM_IO_Read: length 12
 80 01 00 00 00 0C 00 00 01 7B 00 08 
    IsEnEnabled(0x17b = 'GetRandom'): 1
 SWTPM_IO_Write: length 20
 80 01 00 00 00 14 00 00 00 00 00 08 AA 24 FF AC 
 DE F7 E7 97 
 SWTPM_IO_Read: length 22
 80 01 00 00 00 16 00 00 01 7A 00 00 00 00 00 00 
 00 00 00 00 00 7F 
    IsEnEnabled(0x17a = 'GetCapability'): 1
 SWTPM_IO_Write: length 217
 80 01 00 00 00 D9 00 00 00 00 00 00 00 00 00 00 
 00 00 21 00 01 00 00 00 09 00 03 00 00 00 02 00 
 04 00 00 00 04 00 05 00 00 01 04 00 06 00 00 00 
 02 00 07 00 00 04 04 00 08 00 00 03 0C 00 0A 00 
 00 00 06 00 0B 00 00 00 04 00 0C 00 00 00 04 00 
 0D 00 00 00 04 00 14 00 00 01 01 00 15 00 00 02 
 01 00 16 00 00 01 01 00 17 00 00 02 01 00 18 00 
 00 01 01 00 19 00 00 04 01 00 1A 00 00 01 01 00 
 1B 00 00 05 01 00 1C 00 00 01 01 00 1D 00 00 04 
 01 00 20 00 00 04 04 00 21 00 00 04 04 00 22 00 
 00 04 04 00 23 00 00 00 09 00 25 00 00 00 08 00 
 26 00 00 00 02 00 3F 00 00 01 02 00 40 00 00 02 
 02 00 41 00 00 02 02 00 42 00 00 02 02 00 43 00 
 00 02 02 00 44 00 00 02 02 
 SWTPM_IO_Read: length 59
 80 01 00 00 00 3B 00 00 01 76 40 00 00 07 40 00 
 00 07 00 20 98 AC FE 3A 3B 95 B5 A9 32 3C E7 31 
 1D 7C F6 62 23 F6 6B D8 E3 C5 AC E5 C6 FE 8D 96 
 59 D2 75 EC 00 00 00 00 10 00 0B 
    IsEnEnabled(0x176 = 'StartAuthSession'): 1
 SWTPM_IO_Write: length 48
 80 01 00 00 00 30 00 00 00 00 02 00 00 00 00 20 
 33 5B A1 26 37 47 C2 B3 45 4C 97 DC 86 13 ED A9 
 8E 79 A7 65 13 63 62 47 A3 31 0F 09 9F 15 6D 68 
 SWTPM_IO_Read: length 14
 80 01 00 00 00 0E 00 00 01 62 02 00 00 00 
    IsEnEnabled(0x162 = 'ContextSave'): 1
 SWTPM_IO_Write: length 414
 80 01 00 00 01 9E 00 00 00 00 00 00 00 00 00 00 
 01 2A 02 00 00 00 40 00 00 07 01 82 00 40 C3 22 
 F3 C2 17 AF 83 D2 C9 E6 5B 67 79 D6 AD E1 6E 06 
 45 6C 6C 9A 2B 43 BC D7 ED E3 0C 22 F5 C1 7B 53 
 CC 94 48 EE 70 A2 E5 42 9D AC 80 57 E8 7F 9C 32 
 66 1A 62 B8 E1 98 B2 75 70 B4 1B BA 93 CB C8 20 
 80 5B B6 A3 46 59 7E 70 A5 00 9C AC AE FA 4C 99 
 AB 0F C5 98 53 8A 90 F4 7D EB 5D D5 CB C5 7E E4 
 05 CD 7E FA 28 9A 03 3B E0 73 90 84 54 0F 11 78 
 4B 49 72 41 47 89 30 DB 5B B1 8D A6 D9 CD B8 9A 
 CA 3E 00 A0 0E 88 57 F5 B5 2D 7B DF 13 1B 01 D7 
 E6 61 FA FF C7 72 68 5F 07 54 90 46 DF 57 CB 7E 
 E4 35 F5 A0 3D 93 66 EE 2D 25 F7 82 A8 6A 30 C8 
 B7 17 0F 05 A3 15 91 03 FD 45 81 FD 36 A5 29 2F 
 79 D5 9B 9D 4C 5F B8 C6 FB F1 B5 BE 32 DF 54 7A 
 89 01 E3 5D F4 68 13 A9 F6 EA 06 B2 8A 67 A5 86 
 E9 CD C6 D2 CB 07 53 38 40 40 A8 73 D5 97 B2 C3 
 3C 8A DE 0F 03 F4 C3 2E A0 93 59 AE A1 C4 92 0E 
 81 DC BC B2 3E 35 9A 1A 7A E1 74 35 2A 43 81 1B 
 B4 1D D4 41 C7 0A 07 C6 A6 16 4B CE C5 39 CB 3C 
 5A 4E D7 B8 6E 50 D1 34 CA 97 66 60 29 A3 20 DA 
 FB 3C 90 42 24 97 A9 46 B0 F9 F4 1A E8 CF 29 33 
 BB D3 6B 17 07 37 64 DB B6 63 4F 3B 96 5C 32 36 
 F8 05 54 50 59 76 59 D4 93 35 0B 6A E7 F2 2A 03 
 2E D8 43 0B 36 D5 3A FB F5 02 1D DE A0 C5 EE 30 
 97 69 0A 69 B1 2D A8 26 F8 12 E1 F4 1B 66 
 SWTPM_IO_Read: length 414
 80 01 00 00 01 9E 00 00 01 61 00 00 00 00 00 00 
 01 2A 02 00 00 00 40 00 00 07 01 82 00 40 C3 22 
 F3 C2 17 AF 83 D2 C9 E6 5B 67 79 D6 AD E1 6E 06 
 45 6C 6C 9A 2B 43 BC D7 ED E3 0C 22 F5 C1 7B 53 
 CC 94 48 EE 70 A2 E5 42 9D AC 80 57 E8 7F 9C 32 
 66 1A 62 B8 E1 98 B2 75 70 B4 1B BA 93 CB C8 20 
 80 5B B6 A3 46 59 7E 70 A5 00 9C AC AE FA 4C 99 
 AB 0F C5 98 53 8A 90 F4 7D EB 5D D5 CB C5 7E E4 
 05 CD 7E FA 28 9A 03 3B E0 73 90 84 54 0F 11 78 
 4B 49 72 41 47 89 30 DB 5B B1 8D A6 D9 CD B8 9A 
 CA 3E 00 A0 0E 88 57 F5 B5 2D 7B DF 13 1B 01 D7 
 E6 61 FA FF C7 72 68 5F 07 54 90 46 DF 57 CB 7E 
 E4 35 F5 A0 3D 93 66 EE 2D 25 F7 82 A8 6A 30 C8 
 B7 17 0F 05 A3 15 91 03 FD 45 81 FD 36 A5 29 2F 
 79 D5 9B 9D 4C 5F B8 C6 FB F1 B5 BE 32 DF 54 7A 
 89 01 E3 5D F4 68 13 A9 F6 EA 06 B2 8A 67 A5 86 
 E9 CD C6 D2 CB 07 53 38 40 40 A8 73 D5 97 B2 C3 
 3C 8A DE 0F 03 F4 C3 2E A0 93 59 AE A1 C4 92 0E 
 81 DC BC B2 3E 35 9A 1A 7A E1 74 35 2A 43 81 1B 
 B4 1D D4 41 C7 0A 07 C6 A6 16 4B CE C5 39 CB 3C 
 5A 4E D7 B8 6E 50 D1 34 CA 97 66 60 29 A3 20 DA 
 FB 3C 90 42 24 97 A9 46 B0 F9 F4 1A E8 CF 29 33 
 BB D3 6B 17 07 37 64 DB B6 63 4F 3B 96 5C 32 36 
 F8 05 54 50 59 76 59 D4 93 35 0B 6A E7 F2 2A 03 
 2E D8 43 0B 36 D5 3A FB F5 02 1D DE A0 C5 EE 30 
 97 69 0A 69 B1 2D A8 26 F8 12 E1 F4 1B 66 
    IsEnEnabled(0x161 = 'ContextLoad'): 1
 SWTPM_IO_Write: length 14
 80 01 00 00 00 0E 00 00 00 00 02 00 00 00 
 SWTPM_IO_Read: length 159
 80 02 00 00 00 9F 00 00 01 53 81 00 00 03 00 00 
 00 49 02 00 00 00 00 20 A4 20 6C A7 E0 28 94 A4 
 EE CF 86 A4 43 96 CF BA 07 14 A7 4C 5E E6 6E 9F 
 C9 6D FC FE 00 81 AE 6F 01 00 20 F9 15 9A C7 DC 
 AB C7 D3 22 4C 38 9D A7 5E AC 77 BF 1C F8 BC C5 
 CD 94 52 02 E4 11 DA 81 B3 6A 9D 00 24 00 20 30 
 33 34 34 63 64 36 36 35 36 64 61 35 35 65 30 66 
 37 35 30 33 63 63 64 31 64 31 62 31 63 39 39 00 
 00 00 16 00 01 00 0B 00 06 00 72 00 00 00 10 00 
 10 08 00 00 00 00 00 00 00 00 00 00 00 00 00 
    IsEnEnabled(0x153 = 'Create'): 1
 SWTPM_IO_Write: length 810
 80 02 00 00 03 2A 00 00 00 00 00 00 02 D7 00 DE 
 00 20 D7 6E A3 92 C4 BF 8F 36 19 35 CC 71 79 B8 
 82 94 26 2C B4 CD 7B C6 64 67 62 DE 37 CE 7B DD 
 84 75 00 10 92 3C 97 B5 DF 5C C9 B2 23 1D E1 E8 
 B5 01 E0 97 8C 3A 90 86 B4 0D D7 C1 56 DF C2 43 
 2E 1E 63 50 80 A9 6F F1 A8 7F C3 B9 5E 35 02 6B 
 34 B0 05 3C 94 14 FD 2C 1B 19 9A C0 E6 3D 4C 6D 
 4E 89 D7 C6 0D BF AF DD B1 70 7E CD 34 67 EF 18 
 D8 64 8C 1B DA FE 0A 6C 37 C5 7C A7 D9 36 EE 28 
 B1 3E 00 39 EB 2B 84 60 7B 80 23 E0 FE E7 E6 BD 
 1E 3B 70 DC E0 18 59 A3 55 87 66 46 0A D0 06 26 
 8F A1 DD 3D E2 8C F2 23 EF B9 B0 71 12 F2 E0 64 
 2C 44 80 4C 61 2F 37 A1 81 3A 6F 0A 12 36 83 4B 
 43 CA E6 4E C6 4A 32 C9 34 8D 38 3C CB 80 84 60 
 60 6A 2C 9E BC F8 7A E9 99 F5 DC 97 47 25 01 16 
 00 01 00 0B 00 06 00 72 00 00 00 10 00 10 08 00 
 00 00 00 00 01 00 C5 E4 8C A1 C7 AF 88 5C 89 EB 
 14 8E C9 46 05 F6 DC 21 A0 5B 83 F5 F3 E0 E4 F8 
 C0 28 5B EA 9E 88 38 A8 A5 F7 59 29 67 0F DA 86 
 16 70 23 CA 8A 69 1F A6 F0 F8 7F 8E 2A 24 6A 46 
 91 64 F8 8E 5D 13 95 19 4A 4A 9E 37 40 E8 53 B0 
 CE 5D E5 55 1C 7A D8 DA 92 01 6C D0 32 23 0A 91 
 5D F2 72 2F 2A AF 1E CC 3A D4 C2 CF 11 C0 61 66 
 2B 6F 99 9D 08 3D 89 6A 93 FB 70 82 50 26 23 DC 
 89 D5 A8 C0 7C 85 EC B3 D3 81 70 13 0F 38 DF 10 
 2C 73 46 3E 2A A7 97 EA 10 E5 91 78 68 BA 0F 27 
 F7 17 43 E7 80 E1 EC 22 BF 63 AF 37 AE 35 9D A1 
 EF 7F 01 AC F0 A7 73 87 75 6C 60 7F A9 69 47 EE 
 1E F9 99 A4 7C 85 A5 18 65 73 04 60 D1 AC F8 99 
 E5 12 46 4A 89 80 25 C8 DE 3C 8D 73 FA 84 0C 20 
 B1 D8 99 6B 47 4B 90 F5 B7 C6 D6 2A 84 46 F6 67 
 4F 74 83 92 0A B7 1B 49 B6 E7 99 33 C4 C9 3B 61 
 41 AC 96 AA 0A D1 00 73 00 00 00 00 00 20 E3 B0 
 C4 42 98 FC 1C 14 9A FB F4 C8 99 6F B9 24 27 AE 
 41 E4 64 9B 93 4C A4 95 99 1B 78 52 B8 55 01 00 
 0B 00 22 00 0B 6F 62 A5 92 85 2A 3F 7D 46 26 3F 
 68 69 DC BB 74 34 7E 21 71 C5 F6 22 23 73 2C F4 
 DB 24 25 6C 8F 00 22 00 0B DF 91 44 0B BF 00 69 
 EA 28 DD C2 68 72 71 BE AC DD EA 76 DF 6D DB 2B 
 49 A3 DA 39 E8 0F 75 B4 B2 00 00 00 20 DD 44 3D 
 3A 28 31 DC 46 C9 94 CA 05 17 1A 70 3E 62 44 A5 
 1B 42 B7 CA 32 08 EC 9A DD B0 9D 21 3D 80 21 40 
 00 00 01 00 40 97 36 75 FD EF C1 F2 0C 0E B0 2B 
 EF E2 F9 E6 5B E4 AC 83 83 5F D7 91 12 62 0E E6 
 53 73 33 E3 FF 76 E6 50 98 38 72 E1 41 16 C3 5C 
 4C F3 7C F0 99 C8 2B 04 F8 6B BC CA C5 71 47 90 
 A8 8F 74 F5 1B 00 20 E1 A9 DF DD 6F 79 8A 22 53 
 7B 58 AC DC 68 B0 94 48 8B FC 78 73 BC 54 8E C7 
 58 0A D5 B8 A0 7A A1 01 00 20 CA C0 D6 5C 0D 9A 
 16 15 75 14 D3 D4 1B F2 47 16 2F 01 CD 51 7B 72 
 2B CD 96 F0 66 5B 63 3F E7 69 
 SWTPM_IO_Read: length 14
 80 01 00 00 00 0E 00 00 01 62 02 00 00 00 
    IsEnEnabled(0x162 = 'ContextSave'): 1
 SWTPM_IO_Write: length 414
 80 01 00 00 01 9E 00 00 00 00 00 00 00 00 00 00 
 01 2B 02 00 00 00 40 00 00 07 01 82 00 40 09 58 
 E8 57 36 51 BC 0B 6B 52 5B 1E E0 60 94 A5 BC DF 
 46 63 20 42 B7 34 15 1C 61 51 3C 9D 64 76 C9 BE 
 0D 85 D7 0C CE 07 FD 15 23 C1 25 5B 5F 47 19 24 
 D7 86 91 44 C9 CF 3A 61 39 8A 6F DE 1D FD E8 8C 
 BD 99 C2 E2 DB 7F 1F 72 33 70 B5 F5 9D 4C 09 F3 
 6A 60 80 4A 51 A8 F8 AB F2 25 46 6D 69 60 25 E3 
 64 BF 1E A7 11 49 02 95 4F 80 CF B2 1C A8 60 B9 
 D4 D8 8B B1 45 DF 20 42 62 7B 4B 6B 4C 5D A2 14 
 DB BE 81 B9 1D 72 1F 62 2F 89 DB D0 83 A0 CD C0 
 8C 92 88 5F 58 2C 08 50 8E 06 88 38 DC 97 6D 75 
 13 83 46 6E A2 CD 8A B7 FC 40 22 F4 C5 2F 6A 92 
 E5 8E 23 BF D3 CE 6B 24 91 95 34 45 26 7F 73 85 
 81 7E 3E 19 D8 CF A3 D1 7D 73 D2 10 BB 30 EC 81 
 80 9A 7C C7 26 95 F0 B8 7F 2E 69 63 D3 45 EF 45 
 A1 28 38 6C 89 7A 78 0D 56 07 3E 58 CD EC 24 98 
 BC 03 F9 3F 08 70 FD 70 7E 92 FB EB 33 70 2A 06 
 82 81 19 7B 45 47 7C E7 53 B4 F2 97 DB D4 44 E5 
 E4 B7 10 81 D8 8C 75 45 62 84 9C 5F C6 13 41 2D 
 6B 04 9A 1B 99 80 7B 27 3B 76 CF C3 5F E6 9E A6 
 61 46 E2 F2 95 4B 56 37 FD 39 AD 6F C8 1D 46 94 
 81 21 14 91 93 3C 4B AD 13 71 02 6A 44 D2 DD E5 
 D7 A6 24 13 66 19 8A 4B 63 71 71 49 67 E7 2C AF 
 1F 5F 0E 34 26 78 98 21 70 7D 0D 53 56 E9 24 31 
 F1 09 E4 2F CE F2 D4 5A A3 D2 FC 64 99 F4 
 SWTPM_IO_Read: length 414
 80 01 00 00 01 9E 00 00 01 61 00 00 00 00 00 00 
 01 2B 02 00 00 00 40 00 00 07 01 82 00 40 09 58 
 E8 57 36 51 BC 0B 6B 52 5B 1E E0 60 94 A5 BC DF 
 46 63 20 42 B7 34 15 1C 61 51 3C 9D 64 76 C9 BE 
 0D 85 D7 0C CE 07 FD 15 23 C1 25 5B 5F 47 19 24 
 D7 86 91 44 C9 CF 3A 61 39 8A 6F DE 1D FD E8 8C 
 BD 99 C2 E2 DB 7F 1F 72 33 70 B5 F5 9D 4C 09 F3 
 6A 60 80 4A 51 A8 F8 AB F2 25 46 6D 69 60 25 E3 
 64 BF 1E A7 11 49 02 95 4F 80 CF B2 1C A8 60 B9 
 D4 D8 8B B1 45 DF 20 42 62 7B 4B 6B 4C 5D A2 14 
 DB BE 81 B9 1D 72 1F 62 2F 89 DB D0 83 A0 CD C0 
 8C 92 88 5F 58 2C 08 50 8E 06 88 38 DC 97 6D 75 
 13 83 46 6E A2 CD 8A B7 FC 40 22 F4 C5 2F 6A 92 
 E5 8E 23 BF D3 CE 6B 24 91 95 34 45 26 7F 73 85 
 81 7E 3E 19 D8 CF A3 D1 7D 73 D2 10 BB 30 EC 81 
 80 9A 7C C7 26 95 F0 B8 7F 2E 69 63 D3 45 EF 45 
 A1 28 38 6C 89 7A 78 0D 56 07 3E 58 CD EC 24 98 
 BC 03 F9 3F 08 70 FD 70 7E 92 FB EB 33 70 2A 06 
 82 81 19 7B 45 47 7C E7 53 B4 F2 97 DB D4 44 E5 
 E4 B7 10 81 D8 8C 75 45 62 84 9C 5F C6 13 41 2D 
 6B 04 9A 1B 99 80 7B 27 3B 76 CF C3 5F E6 9E A6 
 61 46 E2 F2 95 4B 56 37 FD 39 AD 6F C8 1D 46 94 
 81 21 14 91 93 3C 4B AD 13 71 02 6A 44 D2 DD E5 
 D7 A6 24 13 66 19 8A 4B 63 71 71 49 67 E7 2C AF 
 1F 5F 0E 34 26 78 98 21 70 7D 0D 53 56 E9 24 31 
 F1 09 E4 2F CE F2 D4 5A A3 D2 FC 64 99 F4 
    IsEnEnabled(0x161 = 'ContextLoad'): 1
 SWTPM_IO_Write: length 14
 80 01 00 00 00 0E 00 00 00 00 02 00 00 00 
 SWTPM_IO_Read: length 14
 80 01 00 00 00 0E 00 00 01 65 02 00 00 00 
    IsEnEnabled(0x165 = 'FlushContext'): 1
 SWTPM_IO_Write: length 10
 80 01 00 00 00 0A 00 00 00 00 
 SWTPM_IO_Read: length 14
 80 01 00 00 00 0E 00 00 01 62 02 00 00 00 
    IsEnEnabled(0x162 = 'ContextSave'): 1
 SWTPM_IO_Write: length 10
 80 01 00 00 00 0A 00 00 09 10 
 SWTPM_IO_Read: length 12
 80 01 00 00 00 0C 00 00 01 7B 00 08 
    IsEnEnabled(0x17b = 'GetRandom'): 1
 SWTPM_IO_Write: length 20
 80 01 00 00 00 14 00 00 00 00 00 08 2C 99 86 87 
 D9 E8 8D 87 
 SWTPM_IO_Read: length 22
 80 01 00 00 00 16 00 00 01 7A 00 00 00 00 00 00 
 00 01 00 00 00 7F 
    IsEnEnabled(0x17a = 'GetCapability'): 1
 SWTPM_IO_Write: length 217
 80 01 00 00 00 D9 00 00 00 00 00 00 00 00 00 00 
 00 00 21 00 01 00 00 00 09 00 03 00 00 00 02 00 
 04 00 00 00 04 00 05 00 00 01 04 00 06 00 00 00 
 02 00 07 00 00 04 04 00 08 00 00 03 0C 00 0A 00 
 00 00 06 00 0B 00 00 00 04 00 0C 00 00 00 04 00 
 0D 00 00 00 04 00 14 00 00 01 01 00 15 00 00 02 
 01 00 16 00 00 01 01 00 17 00 00 02 01 00 18 00 
 00 01 01 00 19 00 00 04 01 00 1A 00 00 01 01 00 
 1B 00 00 05 01 00 1C 00 00 01 01 00 1D 00 00 04 
 01 00 20 00 00 04 04 00 21 00 00 04 04 00 22 00 
 00 04 04 00 23 00 00 00 09 00 25 00 00 00 08 00 
 26 00 00 00 02 00 3F 00 00 01 02 00 40 00 00 02 
 02 00 41 00 00 02 02 00 42 00 00 02 02 00 43 00 
 00 02 02 00 44 00 00 02 02 
 SWTPM_IO_Read: length 12
 80 01 00 00 00 0C 00 00 01 7B 00 08 
    IsEnEnabled(0x17b = 'GetRandom'): 1
 SWTPM_IO_Write: length 20
 80 01 00 00 00 14 00 00 00 00 00 08 FE 24 31 C8 
 B7 54 A3 2C 
 SWTPM_IO_Read: length 22
 80 01 00 00 00 16 00 00 01 7A 00 00 00 00 00 00 
 00 01 00 00 00 7F 
    IsEnEnabled(0x17a = 'GetCapability'): 1
 SWTPM_IO_Write: length 217
 80 01 00 00 00 D9 00 00 00 00 00 00 00 00 00 00 
 00 00 21 00 01 00 00 00 09 00 03 00 00 00 02 00 
 04 00 00 00 04 00 05 00 00 01 04 00 06 00 00 00 
 02 00 07 00 00 04 04 00 08 00 00 03 0C 00 0A 00 
 00 00 06 00 0B 00 00 00 04 00 0C 00 00 00 04 00 
 0D 00 00 00 04 00 14 00 00 01 01 00 15 00 00 02 
 01 00 16 00 00 01 01 00 17 00 00 02 01 00 18 00 
 00 01 01 00 19 00 00 04 01 00 1A 00 00 01 01 00 
 1B 00 00 05 01 00 1C 00 00 01 01 00 1D 00 00 04 
 01 00 20 00 00 04 04 00 21 00 00 04 04 00 22 00 
 00 04 04 00 23 00 00 00 09 00 25 00 00 00 08 00 
 26 00 00 00 02 00 3F 00 00 01 02 00 40 00 00 02 
 02 00 41 00 00 02 02 00 42 00 00 02 02 00 43 00 
 00 02 02 00 44 00 00 02 02 
 SWTPM_IO_Read: length 12
 80 01 00 00 00 0C 00 00 01 7B 00 08 
    IsEnEnabled(0x17b = 'GetRandom'): 1
 SWTPM_IO_Write: length 20
 80 01 00 00 00 14 00 00 00 00 00 08 4B 50 33 06 
 D4 FB B2 3E 
 SWTPM_IO_Read: length 12
 80 01 00 00 00 0C 00 00 01 44 00 00 
    IsEnEnabled(0x144 = 'Startup'): 1
 SWTPM_IO_Write: length 10
 80 01 00 00 00 0A 00 00 01 00 
 SWTPM_IO_Read: length 22
 80 01 00 00 00 16 00 00 01 7A 00 00 00 06 00 00 
 01 2C 00 00 00 01 
    IsEnEnabled(0x17a = 'GetCapability'): 1
 SWTPM_IO_Write: length 27
 80 01 00 00 00 1B 00 00 00 00 01 00 00 00 06 00 
 00 00 01 00 00 01 2C 00 00 04 00 
 SWTPM_IO_Read: length 10
 80 01 00 00 00 0A 00 00 01 81 
    IsEnEnabled(0x181 = 'ReadClock'): 1
 SWTPM_IO_Write: length 35
 80 01 00 00 00 23 00 00 00 00 00 00 00 00 00 04 
 D5 E0 00 00 00 00 00 05 D2 00 00 00 00 03 00 00 
 00 00 01 
 SWTPM_IO_Read: length 12
 80 01 00 00 00 0C 00 00 01 7B 00 08 
    IsEnEnabled(0x17b = 'GetRandom'): 1
 SWTPM_IO_Write: length 20
 80 01 00 00 00 14 00 00 00 00 00 08 09 FB 1B 1E 
 91 F4 07 D4 
 SWTPM_IO_Read: length 22
 80 01 00 00 00 16 00 00 01 7A 00 00 00 00 00 00 
 00 01 00 00 00 7F 
    IsEnEnabled(0x17a = 'GetCapability'): 1
 SWTPM_IO_Write: length 217
 80 01 00 00 00 D9 00 00 00 00 00 00 00 00 00 00 
 00 00 21 00 01 00 00 00 09 00 03 00 00 00 02 00 
 04 00 00 00 04 00 05 00 00 01 04 00 06 00 00 00 
 02 00 07 00 00 04 04 00 08 00 00 03 0C 00 0A 00 
 00 00 06 00 0B 00 00 00 04 00 0C 00 00 00 04 00 
 0D 00 00 00 04 00 14 00 00 01 01 00 15 00 00 02 
 01 00 16 00 00 01 01 00 17 00 00 02 01 00 18 00 
 00 01 01 00 19 00 00 04 01 00 1A 00 00 01 01 00 
 1B 00 00 05 01 00 1C 00 00 01 01 00 1D 00 00 04 
 01 00 20 00 00 04 04 00 21 00 00 04 04 00 22 00 
 00 04 04 00 23 00 00 00 09 00 25 00 00 00 08 00 
 26 00 00 00 02 00 3F 00 00 01 02 00 40 00 00 02 
 02 00 41 00 00 02 02 00 42 00 00 02 02 00 43 00 
 00 02 02 00 44 00 00 02 02 
 SWTPM_IO_Read: length 22
 80 01 00 00 00 16 00 00 01 7A 00 00 00 06 00 00 
 01 00 00 00 00 7F 
    IsEnEnabled(0x17a = 'GetCapability'): 1
    IsEnEnabled(0x11f = 'NV_UndefineSpaceSpecial'): 1
    IsEnEnabled(0x120 = 'EvictControl'): 1
    IsEnEnabled(0x121 = 'HierarchyControl'): 1
    IsEnEnabled(0x122 = 'NV_UndefineSpace'): 1
    IsEnEnabled(0x123 = '(null)'): 0
    IsEnEnabled(0x124 = 'ChangeEPS'): 1
    IsEnEnabled(0x125 = 'ChangePPS'): 1
    IsEnEnabled(0x126 = 'Clear'): 1
    IsEnEnabled(0x127 = 'ClearControl'): 1
    IsEnEnabled(0x128 = 'ClockSet'): 1
    IsEnEnabled(0x129 = 'HierarchyChangeAuth'): 1
    IsEnEnabled(0x12a = 'NV_DefineSpace'): 1
    IsEnEnabled(0x12b = 'PCR_Allocate'): 1
    IsEnEnabled(0x12c = 'PCR_SetAuthPolicy'): 1
    IsEnEnabled(0x12d = 'PP_Commands'): 1
    IsEnEnabled(0x12e = 'SetPrimaryPolicy'): 1
    IsEnEnabled(0x12f = '(null)'): 0
    IsEnEnabled(0x130 = 'ClockRateAdjust'): 1
    IsEnEnabled(0x131 = 'CreatePrimary'): 1
    IsEnEnabled(0x132 = 'NV_GlobalWriteLock'): 1
    IsEnEnabled(0x133 = 'GetCommandAuditDigest'): 1
    IsEnEnabled(0x134 = 'NV_Increment'): 1
    IsEnEnabled(0x135 = 'NV_SetBits'): 1
    IsEnEnabled(0x136 = 'NV_Extend'): 1
    IsEnEnabled(0x137 = 'NV_Write'): 1
    IsEnEnabled(0x138 = 'NV_WriteLock'): 1
    IsEnEnabled(0x139 = 'DictionaryAttackLockReset'): 1
    IsEnEnabled(0x13a = 'DictionaryAttackParameters'): 1
    IsEnEnabled(0x13b = 'NV_ChangeAuth'): 1
    IsEnEnabled(0x13c = 'PCR_Event'): 1
    IsEnEnabled(0x13d = 'PCR_Reset'): 1
    IsEnEnabled(0x13e = 'SequenceComplete'): 1
    IsEnEnabled(0x13f = 'SetAlgorithmSet'): 1
    IsEnEnabled(0x140 = 'SetCommandCodeAuditStatus'): 1
    IsEnEnabled(0x141 = '(null)'): 0
    IsEnEnabled(0x142 = 'IncrementalSelfTest'): 1
    IsEnEnabled(0x143 = 'SelfTest'): 1
    IsEnEnabled(0x144 = 'Startup'): 1
    IsEnEnabled(0x145 = 'Shutdown'): 1
    IsEnEnabled(0x146 = 'StirRandom'): 1
    IsEnEnabled(0x147 = 'ActivateCredential'): 1
    IsEnEnabled(0x148 = 'Certify'): 1
    IsEnEnabled(0x149 = 'PolicyNV'): 1
    IsEnEnabled(0x14a = 'CertifyCreation'): 1
    IsEnEnabled(0x14b = 'Duplicate'): 1
    IsEnEnabled(0x14c = 'GetTime'): 1
    IsEnEnabled(0x14d = 'GetSessionAuditDigest'): 1
    IsEnEnabled(0x14e = 'NV_Read'): 1
    IsEnEnabled(0x14f = 'NV_ReadLock'): 1
    IsEnEnabled(0x150 = 'ObjectChangeAuth'): 1
    IsEnEnabled(0x151 = 'PolicySecret'): 1
    IsEnEnabled(0x152 = 'Rewrap'): 1
    IsEnEnabled(0x153 = 'Create'): 1
    IsEnEnabled(0x154 = 'ECDH_ZGen'): 1
    IsEnEnabled(0x155 = 'MAC'): 1
    IsEnEnabled(0x156 = 'Import'): 1
    IsEnEnabled(0x157 = 'Load'): 1
    IsEnEnabled(0x158 = 'Quote'): 1
    IsEnEnabled(0x159 = 'RSA_Decrypt'): 1
    IsEnEnabled(0x15a = '(null)'): 0
    IsEnEnabled(0x15b = 'MAC_Start'): 1
    IsEnEnabled(0x15c = 'SequenceUpdate'): 1
    IsEnEnabled(0x15d = 'Sign'): 1
    IsEnEnabled(0x15e = 'Unseal'): 1
    IsEnEnabled(0x15f = '(null)'): 0
    IsEnEnabled(0x160 = 'PolicySigned'): 1
    IsEnEnabled(0x161 = 'ContextLoad'): 1
    IsEnEnabled(0x162 = 'ContextSave'): 1
    IsEnEnabled(0x163 = 'ECDH_KeyGen'): 1
    IsEnEnabled(0x164 = 'EncryptDecrypt'): 1
    IsEnEnabled(0x165 = 'FlushContext'): 1
    IsEnEnabled(0x166 = '(null)'): 0
    IsEnEnabled(0x167 = 'LoadExternal'): 1
    IsEnEnabled(0x168 = 'MakeCredential'): 1
    IsEnEnabled(0x169 = 'NV_ReadPublic'): 1
    IsEnEnabled(0x16a = 'PolicyAuthorize'): 1
    IsEnEnabled(0x16b = 'PolicyAuthValue'): 1
    IsEnEnabled(0x16c = 'PolicyCommandCode'): 1
    IsEnEnabled(0x16d = 'PolicyCounterTimer'): 1
    IsEnEnabled(0x16e = 'PolicyCpHash'): 1
    IsEnEnabled(0x16f = 'PolicyLocality'): 1
    IsEnEnabled(0x170 = 'PolicyNameHash'): 1
    IsEnEnabled(0x171 = 'PolicyOR'): 1
    IsEnEnabled(0x172 = 'PolicyTicket'): 1
    IsEnEnabled(0x173 = 'ReadPublic'): 1
    IsEnEnabled(0x174 = 'RSA_Encrypt'): 1
    IsEnEnabled(0x175 = '(null)'): 0
    IsEnEnabled(0x176 = 'StartAuthSession'): 1
    IsEnEnabled(0x177 = 'VerifySignature'): 1
    IsEnEnabled(0x178 = 'ECC_Parameters'): 1
    IsEnEnabled(0x179 = '(null)'): 0
    IsEnEnabled(0x17a = 'GetCapability'): 1
    IsEnEnabled(0x17b = 'GetRandom'): 1
    IsEnEnabled(0x17c = 'GetTestResult'): 1
    IsEnEnabled(0x17d = 'Hash'): 1
    IsEnEnabled(0x17e = 'PCR_Read'): 1
    IsEnEnabled(0x17f = 'PolicyPCR'): 1
    IsEnEnabled(0x180 = 'PolicyRestart'): 1
    IsEnEnabled(0x181 = 'ReadClock'): 1
    IsEnEnabled(0x182 = 'PCR_Extend'): 1
    IsEnEnabled(0x183 = 'PCR_SetAuthValue'): 1
    IsEnEnabled(0x184 = 'NV_Certify'): 1
    IsEnEnabled(0x185 = 'EventSequenceComplete'): 1
    IsEnEnabled(0x186 = 'HashSequenceStart'): 1
    IsEnEnabled(0x187 = 'PolicyPhysicalPresence'): 1
    IsEnEnabled(0x188 = 'PolicyDuplicationSelect'): 1
    IsEnEnabled(0x189 = 'PolicyGetDigest'): 1
    IsEnEnabled(0x18a = 'TestParms'): 1
    IsEnEnabled(0x18b = 'Commit'): 1
    IsEnEnabled(0x18c = 'PolicyPassword'): 1
    IsEnEnabled(0x18d = 'ZGen_2Phase'): 1
    IsEnEnabled(0x18e = 'EC_Ephemeral'): 1
    IsEnEnabled(0x18f = 'PolicyNvWritten'): 1
    IsEnEnabled(0x190 = 'PolicyTemplate'): 1
    IsEnEnabled(0x191 = 'CreateLoaded'): 1
    IsEnEnabled(0x192 = 'PolicyAuthorizeNV'): 1
    IsEnEnabled(0x193 = 'EncryptDecrypt2'): 1
    IsEnEnabled(0x194 = '(null)'): 0
    IsEnEnabled(0x195 = '(null)'): 0
    IsEnEnabled(0x196 = '(null)'): 0
    IsEnEnabled(0x197 = 'CertifyX509'): 1
    IsEnEnabled(0x198 = '(null)'): 0
    IsEnEnabled(0x199 = 'ECC_Encrypt'): 0
    IsEnEnabled(0x19a = 'ECC_Decrypt'): 0
    IsEnEnabled(0x19b = 'PolicyCapability'): 0
    IsEnEnabled(0x19c = 'PolicyParameters'): 0
    IsEnEnabled(0x19d = '(null)'): 0
    IsEnEnabled(0x19e = '(null)'): 0
    IsEnEnabled(0x19f = '(null)'): 0
    IsEnEnabled(0x11f = 'NV_UndefineSpaceSpecial'): 1
    IsEnEnabled(0x120 = 'EvictControl'): 1
    IsEnEnabled(0x121 = 'HierarchyControl'): 1
    IsEnEnabled(0x122 = 'NV_UndefineSpace'): 1
    IsEnEnabled(0x123 = '(null)'): 0
    IsEnEnabled(0x124 = 'ChangeEPS'): 1
    IsEnEnabled(0x125 = 'ChangePPS'): 1
    IsEnEnabled(0x126 = 'Clear'): 1
    IsEnEnabled(0x127 = 'ClearControl'): 1
    IsEnEnabled(0x128 = 'ClockSet'): 1
    IsEnEnabled(0x129 = 'HierarchyChangeAuth'): 1
    IsEnEnabled(0x12a = 'NV_DefineSpace'): 1
    IsEnEnabled(0x12b = 'PCR_Allocate'): 1
    IsEnEnabled(0x12c = 'PCR_SetAuthPolicy'): 1
    IsEnEnabled(0x12d = 'PP_Commands'): 1
    IsEnEnabled(0x12e = 'SetPrimaryPolicy'): 1
    IsEnEnabled(0x12f = '(null)'): 0
    IsEnEnabled(0x130 = 'ClockRateAdjust'): 1
    IsEnEnabled(0x131 = 'CreatePrimary'): 1
    IsEnEnabled(0x132 = 'NV_GlobalWriteLock'): 1
    IsEnEnabled(0x133 = 'GetCommandAuditDigest'): 1
    IsEnEnabled(0x134 = 'NV_Increment'): 1
    IsEnEnabled(0x135 = 'NV_SetBits'): 1
    IsEnEnabled(0x136 = 'NV_Extend'): 1
    IsEnEnabled(0x137 = 'NV_Write'): 1
    IsEnEnabled(0x138 = 'NV_WriteLock'): 1
    IsEnEnabled(0x139 = 'DictionaryAttackLockReset'): 1
    IsEnEnabled(0x13a = 'DictionaryAttackParameters'): 1
    IsEnEnabled(0x13b = 'NV_ChangeAuth'): 1
    IsEnEnabled(0x13c = 'PCR_Event'): 1
    IsEnEnabled(0x13d = 'PCR_Reset'): 1
    IsEnEnabled(0x13e = 'SequenceComplete'): 1
    IsEnEnabled(0x13f = 'SetAlgorithmSet'): 1
    IsEnEnabled(0x140 = 'SetCommandCodeAuditStatus'): 1
    IsEnEnabled(0x141 = '(null)'): 0
    IsEnEnabled(0x142 = 'IncrementalSelfTest'): 1
    IsEnEnabled(0x143 = 'SelfTest'): 1
    IsEnEnabled(0x144 = 'Startup'): 1
    IsEnEnabled(0x145 = 'Shutdown'): 1
    IsEnEnabled(0x146 = 'StirRandom'): 1
    IsEnEnabled(0x147 = 'ActivateCredential'): 1
    IsEnEnabled(0x148 = 'Certify'): 1
    IsEnEnabled(0x149 = 'PolicyNV'): 1
    IsEnEnabled(0x14a = 'CertifyCreation'): 1
    IsEnEnabled(0x14b = 'Duplicate'): 1
    IsEnEnabled(0x14c = 'GetTime'): 1
    IsEnEnabled(0x14d = 'GetSessionAuditDigest'): 1
    IsEnEnabled(0x14e = 'NV_Read'): 1
    IsEnEnabled(0x14f = 'NV_ReadLock'): 1
    IsEnEnabled(0x150 = 'ObjectChangeAuth'): 1
    IsEnEnabled(0x151 = 'PolicySecret'): 1
    IsEnEnabled(0x152 = 'Rewrap'): 1
    IsEnEnabled(0x153 = 'Create'): 1
    IsEnEnabled(0x154 = 'ECDH_ZGen'): 1
    IsEnEnabled(0x155 = 'MAC'): 1
    IsEnEnabled(0x156 = 'Import'): 1
    IsEnEnabled(0x157 = 'Load'): 1
    IsEnEnabled(0x158 = 'Quote'): 1
    IsEnEnabled(0x159 = 'RSA_Decrypt'): 1
    IsEnEnabled(0x15a = '(null)'): 0
    IsEnEnabled(0x15b = 'MAC_Start'): 1
    IsEnEnabled(0x15c = 'SequenceUpdate'): 1
    IsEnEnabled(0x15d = 'Sign'): 1
    IsEnEnabled(0x15e = 'Unseal'): 1
    IsEnEnabled(0x15f = '(null)'): 0
    IsEnEnabled(0x160 = 'PolicySigned'): 1
    IsEnEnabled(0x161 = 'ContextLoad'): 1
    IsEnEnabled(0x162 = 'ContextSave'): 1
    IsEnEnabled(0x163 = 'ECDH_KeyGen'): 1
    IsEnEnabled(0x164 = 'EncryptDecrypt'): 1
    IsEnEnabled(0x165 = 'FlushContext'): 1
    IsEnEnabled(0x166 = '(null)'): 0
    IsEnEnabled(0x167 = 'LoadExternal'): 1
    IsEnEnabled(0x168 = 'MakeCredential'): 1
    IsEnEnabled(0x169 = 'NV_ReadPublic'): 1
    IsEnEnabled(0x16a = 'PolicyAuthorize'): 1
    IsEnEnabled(0x16b = 'PolicyAuthValue'): 1
    IsEnEnabled(0x16c = 'PolicyCommandCode'): 1
    IsEnEnabled(0x16d = 'PolicyCounterTimer'): 1
    IsEnEnabled(0x16e = 'PolicyCpHash'): 1
    IsEnEnabled(0x16f = 'PolicyLocality'): 1
    IsEnEnabled(0x170 = 'PolicyNameHash'): 1
    IsEnEnabled(0x171 = 'PolicyOR'): 1
    IsEnEnabled(0x172 = 'PolicyTicket'): 1
    IsEnEnabled(0x173 = 'ReadPublic'): 1
    IsEnEnabled(0x174 = 'RSA_Encrypt'): 1
    IsEnEnabled(0x175 = '(null)'): 0
    IsEnEnabled(0x176 = 'StartAuthSession'): 1
    IsEnEnabled(0x177 = 'VerifySignature'): 1
    IsEnEnabled(0x178 = 'ECC_Parameters'): 1
    IsEnEnabled(0x179 = '(null)'): 0
    IsEnEnabled(0x17a = 'GetCapability'): 1
    IsEnEnabled(0x17b = 'GetRandom'): 1
    IsEnEnabled(0x17c = 'GetTestResult'): 1
    IsEnEnabled(0x17d = 'Hash'): 1
    IsEnEnabled(0x17e = 'PCR_Read'): 1
    IsEnEnabled(0x17f = 'PolicyPCR'): 1
    IsEnEnabled(0x180 = 'PolicyRestart'): 1
    IsEnEnabled(0x181 = 'ReadClock'): 1
    IsEnEnabled(0x182 = 'PCR_Extend'): 1
    IsEnEnabled(0x183 = 'PCR_SetAuthValue'): 1
    IsEnEnabled(0x184 = 'NV_Certify'): 1
    IsEnEnabled(0x185 = 'EventSequenceComplete'): 1
    IsEnEnabled(0x186 = 'HashSequenceStart'): 1
    IsEnEnabled(0x187 = 'PolicyPhysicalPresence'): 1
    IsEnEnabled(0x188 = 'PolicyDuplicationSelect'): 1
    IsEnEnabled(0x189 = 'PolicyGetDigest'): 1
    IsEnEnabled(0x18a = 'TestParms'): 1
    IsEnEnabled(0x18b = 'Commit'): 1
    IsEnEnabled(0x18c = 'PolicyPassword'): 1
    IsEnEnabled(0x18d = 'ZGen_2Phase'): 1
    IsEnEnabled(0x18e = 'EC_Ephemeral'): 1
    IsEnEnabled(0x18f = 'PolicyNvWritten'): 1
    IsEnEnabled(0x190 = 'PolicyTemplate'): 1
    IsEnEnabled(0x191 = 'CreateLoaded'): 1
    IsEnEnabled(0x192 = 'PolicyAuthorizeNV'): 1
    IsEnEnabled(0x193 = 'EncryptDecrypt2'): 1
    IsEnEnabled(0x194 = '(null)'): 0
    IsEnEnabled(0x195 = '(null)'): 0
    IsEnEnabled(0x196 = '(null)'): 0
    IsEnEnabled(0x197 = 'CertifyX509'): 1
    IsEnEnabled(0x198 = '(null)'): 0
    IsEnEnabled(0x199 = 'ECC_Encrypt'): 0
    IsEnEnabled(0x19a = 'ECC_Decrypt'): 0
    IsEnEnabled(0x19b = 'PolicyCapability'): 0
    IsEnEnabled(0x19c = 'PolicyParameters'): 0
    IsEnEnabled(0x19d = '(null)'): 0
    IsEnEnabled(0x19e = '(null)'): 0
    IsEnEnabled(0x19f = '(null)'): 0
 SWTPM_IO_Write: length 387
 80 01 00 00 01 83 00 00 00 00 00 00 00 00 06 00 
 00 00 2E 00 00 01 00 32 2E 30 00 00 00 01 01 00 
 00 00 00 00 00 01 02 00 00 00 B7 00 00 01 03 00 
 00 00 19 00 00 01 04 00 00 07 E8 00 00 01 05 49 
 42 4D 00 00 00 01 06 53 57 20 20 00 00 01 07 20 
 54 50 4D 00 00 01 08 00 00 00 00 00 00 01 09 00 
 00 00 00 00 00 01 0A 00 00 00 01 00 00 01 0B 20 
 24 01 25 00 00 01 0C 00 12 00 00 00 00 01 0D 00 
 00 04 00 00 00 01 0E 00 00 00 03 00 00 01 0F 00 
 00 00 07 00 00 01 10 00 00 00 03 00 00 01 11 00 
 00 00 40 00 00 01 12 00 00 00 18 00 00 01 13 00 
 00 00 03 00 00 01 14 00 00 FF FF 00 00 01 16 00 
 00 00 00 00 00 01 17 00 00 08 00 00 00 01 18 00 
 00 00 06 00 00 01 19 00 00 10 00 00 00 01 1A 00 
 00 00 0D 00 00 01 1B 00 00 00 06 00 00 01 1C 00 
 00 01 00 00 00 01 1D 00 00 00 FF 00 00 01 1E 00 
 00 10 00 00 00 01 1F 00 00 10 00 00 00 01 20 00 
 00 00 40 00 00 01 21 00 00 0A 8C 00 00 01 22 00 
 00 01 94 00 00 01 23 00 00 00 01 00 00 01 24 00 
 00 00 00 00 00 01 25 00 00 01 06 00 00 01 26 00 
 00 00 19 00 00 01 27 00 00 07 E8 00 00 01 28 00 
 00 00 80 00 00 01 29 00 00 00 6E 00 00 01 2A 00 
 00 00 6E 00 00 01 2B 00 00 00 00 00 00 01 2C 00 
 00 04 00 00 00 01 2D 00 00 00 00 00 00 01 2E 00 
 00 04 00 
 SWTPM_IO_Read: length 22
 80 01 00 00 00 16 00 00 01 8A 00 01 00 10 00 10 
 04 00 00 00 00 00 
    IsEnEnabled(0x18a = 'TestParms'): 1
 SWTPM_IO_Write: length 10
 80 01 00 00 00 0A 00 00 00 00 
 SWTPM_IO_Read: length 22
 80 01 00 00 00 16 00 00 01 8A 00 01 00 10 00 10 
 08 00 00 00 00 00 
    IsEnEnabled(0x18a = 'TestParms'): 1
 SWTPM_IO_Write: length 10
 80 01 00 00 00 0A 00 00 00 00 
 SWTPM_IO_Read: length 22
 80 01 00 00 00 16 00 00 01 8A 00 01 00 10 00 10 
 0C 00 00 00 00 00 
    IsEnEnabled(0x18a = 'TestParms'): 1
 SWTPM_IO_Write: length 10
 80 01 00 00 00 0A 00 00 00 00 
 SWTPM_IO_Read: length 22
 80 01 00 00 00 16 00 00 01 8A 00 01 00 10 00 10 
 10 00 00 00 00 00 
    IsEnEnabled(0x18a = 'TestParms'): 1
 SWTPM_IO_Write: length 10
 80 01 00 00 00 0A 00 00 01 C4 
 SWTPM_IO_Read: length 20
 80 01 00 00 00 14 00 00 01 8A 00 23 00 10 00 10 
 00 01 00 10 
    IsEnEnabled(0x18a = 'TestParms'): 1
 SWTPM_IO_Write: length 10
 80 01 00 00 00 0A 00 00 00 00 
 SWTPM_IO_Read: length 20
 80 01 00 00 00 14 00 00 01 8A 00 23 00 10 00 10 
 00 02 00 10 
    IsEnEnabled(0x18a = 'TestParms'): 1
 SWTPM_IO_Write: length 10
 80 01 00 00 00 0A 00 00 00 00 
 SWTPM_IO_Read: length 20
 80 01 00 00 00 14 00 00 01 8A 00 23 00 10 00 10 
 00 03 00 10 
    IsEnEnabled(0x18a = 'TestParms'): 1
 SWTPM_IO_Write: length 10
 80 01 00 00 00 0A 00 00 00 00 
 SWTPM_IO_Read: length 20
 80 01 00 00 00 14 00 00 01 8A 00 23 00 10 00 10 
 00 04 00 10 
    IsEnEnabled(0x18a = 'TestParms'): 1
 SWTPM_IO_Write: length 10
 80 01 00 00 00 0A 00 00 00 00 
 SWTPM_IO_Read: length 20
 80 01 00 00 00 14 00 00 01 8A 00 23 00 10 00 10 
 00 05 00 10 
    IsEnEnabled(0x18a = 'TestParms'): 1
 SWTPM_IO_Write: length 10
 80 01 00 00 00 0A 00 00 00 00 
 SWTPM_IO_Read: length 12
 80 01 00 00 00 0C 00 00 01 7B 00 08 
    IsEnEnabled(0x17b = 'GetRandom'): 1
 SWTPM_IO_Write: length 20
 80 01 00 00 00 14 00 00 00 00 00 08 2C 85 19 46 
 41 04 63 7A 
 SWTPM_IO_Read: length 22
 80 01 00 00 00 16 00 00 01 7A 00 00 00 00 00 00 
 00 01 00 00 00 7F 
    IsEnEnabled(0x17a = 'GetCapability'): 1
 SWTPM_IO_Write: length 217
 80 01 00 00 00 D9 00 00 00 00 00 00 00 00 00 00 
 00 00 21 00 01 00 00 00 09 00 03 00 00 00 02 00 
 04 00 00 00 04 00 05 00 00 01 04 00 06 00 00 00 
 02 00 07 00 00 04 04 00 08 00 00 03 0C 00 0A 00 
 00 00 06 00 0B 00 00 00 04 00 0C 00 00 00 04 00 
 0D 00 00 00 04 00 14 00 00 01 01 00 15 00 00 02 
 01 00 16 00 00 01 01 00 17 00 00 02 01 00 18 00 
 00 01 01 00 19 00 00 04 01 00 1A 00 00 01 01 00 
 1B 00 00 05 01 00 1C 00 00 01 01 00 1D 00 00 04 
 01 00 20 00 00 04 04 00 21 00 00 04 04 00 22 00 
 00 04 04 00 23 00 00 00 09 00 25 00 00 00 08 00 
 26 00 00 00 02 00 3F 00 00 01 02 00 40 00 00 02 
 02 00 41 00 00 02 02 00 42 00 00 02 02 00 43 00 
 00 02 02 00 44 00 00 02 02 
 SWTPM_IO_Read: length 22
 80 01 00 00 00 16 00 00 01 7A 00 00 00 06 00 00 
 01 00 00 00 00 7F 
    IsEnEnabled(0x17a = 'GetCapability'): 1
    IsEnEnabled(0x11f = 'NV_UndefineSpaceSpecial'): 1
    IsEnEnabled(0x120 = 'EvictControl'): 1
    IsEnEnabled(0x121 = 'HierarchyControl'): 1
    IsEnEnabled(0x122 = 'NV_UndefineSpace'): 1
    IsEnEnabled(0x123 = '(null)'): 0
    IsEnEnabled(0x124 = 'ChangeEPS'): 1
    IsEnEnabled(0x125 = 'ChangePPS'): 1
    IsEnEnabled(0x126 = 'Clear'): 1
    IsEnEnabled(0x127 = 'ClearControl'): 1
    IsEnEnabled(0x128 = 'ClockSet'): 1
    IsEnEnabled(0x129 = 'HierarchyChangeAuth'): 1
    IsEnEnabled(0x12a = 'NV_DefineSpace'): 1
    IsEnEnabled(0x12b = 'PCR_Allocate'): 1
    IsEnEnabled(0x12c = 'PCR_SetAuthPolicy'): 1
    IsEnEnabled(0x12d = 'PP_Commands'): 1
    IsEnEnabled(0x12e = 'SetPrimaryPolicy'): 1
    IsEnEnabled(0x12f = '(null)'): 0
    IsEnEnabled(0x130 = 'ClockRateAdjust'): 1
    IsEnEnabled(0x131 = 'CreatePrimary'): 1
    IsEnEnabled(0x132 = 'NV_GlobalWriteLock'): 1
    IsEnEnabled(0x133 = 'GetCommandAuditDigest'): 1
    IsEnEnabled(0x134 = 'NV_Increment'): 1
    IsEnEnabled(0x135 = 'NV_SetBits'): 1
    IsEnEnabled(0x136 = 'NV_Extend'): 1
    IsEnEnabled(0x137 = 'NV_Write'): 1
    IsEnEnabled(0x138 = 'NV_WriteLock'): 1
    IsEnEnabled(0x139 = 'DictionaryAttackLockReset'): 1
    IsEnEnabled(0x13a = 'DictionaryAttackParameters'): 1
    IsEnEnabled(0x13b = 'NV_ChangeAuth'): 1
    IsEnEnabled(0x13c = 'PCR_Event'): 1
    IsEnEnabled(0x13d = 'PCR_Reset'): 1
    IsEnEnabled(0x13e = 'SequenceComplete'): 1
    IsEnEnabled(0x13f = 'SetAlgorithmSet'): 1
    IsEnEnabled(0x140 = 'SetCommandCodeAuditStatus'): 1
    IsEnEnabled(0x141 = '(null)'): 0
    IsEnEnabled(0x142 = 'IncrementalSelfTest'): 1
    IsEnEnabled(0x143 = 'SelfTest'): 1
    IsEnEnabled(0x144 = 'Startup'): 1
    IsEnEnabled(0x145 = 'Shutdown'): 1
    IsEnEnabled(0x146 = 'StirRandom'): 1
    IsEnEnabled(0x147 = 'ActivateCredential'): 1
    IsEnEnabled(0x148 = 'Certify'): 1
    IsEnEnabled(0x149 = 'PolicyNV'): 1
    IsEnEnabled(0x14a = 'CertifyCreation'): 1
    IsEnEnabled(0x14b = 'Duplicate'): 1
    IsEnEnabled(0x14c = 'GetTime'): 1
    IsEnEnabled(0x14d = 'GetSessionAuditDigest'): 1
    IsEnEnabled(0x14e = 'NV_Read'): 1
    IsEnEnabled(0x14f = 'NV_ReadLock'): 1
    IsEnEnabled(0x150 = 'ObjectChangeAuth'): 1
    IsEnEnabled(0x151 = 'PolicySecret'): 1
    IsEnEnabled(0x152 = 'Rewrap'): 1
    IsEnEnabled(0x153 = 'Create'): 1
    IsEnEnabled(0x154 = 'ECDH_ZGen'): 1
    IsEnEnabled(0x155 = 'MAC'): 1
    IsEnEnabled(0x156 = 'Import'): 1
    IsEnEnabled(0x157 = 'Load'): 1
    IsEnEnabled(0x158 = 'Quote'): 1
    IsEnEnabled(0x159 = 'RSA_Decrypt'): 1
    IsEnEnabled(0x15a = '(null)'): 0
    IsEnEnabled(0x15b = 'MAC_Start'): 1
    IsEnEnabled(0x15c = 'SequenceUpdate'): 1
    IsEnEnabled(0x15d = 'Sign'): 1
    IsEnEnabled(0x15e = 'Unseal'): 1
    IsEnEnabled(0x15f = '(null)'): 0
    IsEnEnabled(0x160 = 'PolicySigned'): 1
    IsEnEnabled(0x161 = 'ContextLoad'): 1
    IsEnEnabled(0x162 = 'ContextSave'): 1
    IsEnEnabled(0x163 = 'ECDH_KeyGen'): 1
    IsEnEnabled(0x164 = 'EncryptDecrypt'): 1
    IsEnEnabled(0x165 = 'FlushContext'): 1
    IsEnEnabled(0x166 = '(null)'): 0
    IsEnEnabled(0x167 = 'LoadExternal'): 1
    IsEnEnabled(0x168 = 'MakeCredential'): 1
    IsEnEnabled(0x169 = 'NV_ReadPublic'): 1
    IsEnEnabled(0x16a = 'PolicyAuthorize'): 1
    IsEnEnabled(0x16b = 'PolicyAuthValue'): 1
    IsEnEnabled(0x16c = 'PolicyCommandCode'): 1
    IsEnEnabled(0x16d = 'PolicyCounterTimer'): 1
    IsEnEnabled(0x16e = 'PolicyCpHash'): 1
    IsEnEnabled(0x16f = 'PolicyLocality'): 1
    IsEnEnabled(0x170 = 'PolicyNameHash'): 1
    IsEnEnabled(0x171 = 'PolicyOR'): 1
    IsEnEnabled(0x172 = 'PolicyTicket'): 1
    IsEnEnabled(0x173 = 'ReadPublic'): 1
    IsEnEnabled(0x174 = 'RSA_Encrypt'): 1
    IsEnEnabled(0x175 = '(null)'): 0
    IsEnEnabled(0x176 = 'StartAuthSession'): 1
    IsEnEnabled(0x177 = 'VerifySignature'): 1
    IsEnEnabled(0x178 = 'ECC_Parameters'): 1
    IsEnEnabled(0x179 = '(null)'): 0
    IsEnEnabled(0x17a = 'GetCapability'): 1
    IsEnEnabled(0x17b = 'GetRandom'): 1
    IsEnEnabled(0x17c = 'GetTestResult'): 1
    IsEnEnabled(0x17d = 'Hash'): 1
    IsEnEnabled(0x17e = 'PCR_Read'): 1
    IsEnEnabled(0x17f = 'PolicyPCR'): 1
    IsEnEnabled(0x180 = 'PolicyRestart'): 1
    IsEnEnabled(0x181 = 'ReadClock'): 1
    IsEnEnabled(0x182 = 'PCR_Extend'): 1
    IsEnEnabled(0x183 = 'PCR_SetAuthValue'): 1
    IsEnEnabled(0x184 = 'NV_Certify'): 1
    IsEnEnabled(0x185 = 'EventSequenceComplete'): 1
    IsEnEnabled(0x186 = 'HashSequenceStart'): 1
    IsEnEnabled(0x187 = 'PolicyPhysicalPresence'): 1
    IsEnEnabled(0x188 = 'PolicyDuplicationSelect'): 1
    IsEnEnabled(0x189 = 'PolicyGetDigest'): 1
    IsEnEnabled(0x18a = 'TestParms'): 1
    IsEnEnabled(0x18b = 'Commit'): 1
    IsEnEnabled(0x18c = 'PolicyPassword'): 1
    IsEnEnabled(0x18d = 'ZGen_2Phase'): 1
    IsEnEnabled(0x18e = 'EC_Ephemeral'): 1
    IsEnEnabled(0x18f = 'PolicyNvWritten'): 1
    IsEnEnabled(0x190 = 'PolicyTemplate'): 1
    IsEnEnabled(0x191 = 'CreateLoaded'): 1
    IsEnEnabled(0x192 = 'PolicyAuthorizeNV'): 1
    IsEnEnabled(0x193 = 'EncryptDecrypt2'): 1
    IsEnEnabled(0x194 = '(null)'): 0
    IsEnEnabled(0x195 = '(null)'): 0
    IsEnEnabled(0x196 = '(null)'): 0
    IsEnEnabled(0x197 = 'CertifyX509'): 1
    IsEnEnabled(0x198 = '(null)'): 0
    IsEnEnabled(0x199 = 'ECC_Encrypt'): 0
    IsEnEnabled(0x19a = 'ECC_Decrypt'): 0
    IsEnEnabled(0x19b = 'PolicyCapability'): 0
    IsEnEnabled(0x19c = 'PolicyParameters'): 0
    IsEnEnabled(0x19d = '(null)'): 0
    IsEnEnabled(0x19e = '(null)'): 0
    IsEnEnabled(0x19f = '(null)'): 0
    IsEnEnabled(0x11f = 'NV_UndefineSpaceSpecial'): 1
    IsEnEnabled(0x120 = 'EvictControl'): 1
    IsEnEnabled(0x121 = 'HierarchyControl'): 1
    IsEnEnabled(0x122 = 'NV_UndefineSpace'): 1
    IsEnEnabled(0x123 = '(null)'): 0
    IsEnEnabled(0x124 = 'ChangeEPS'): 1
    IsEnEnabled(0x125 = 'ChangePPS'): 1
    IsEnEnabled(0x126 = 'Clear'): 1
    IsEnEnabled(0x127 = 'ClearControl'): 1
    IsEnEnabled(0x128 = 'ClockSet'): 1
    IsEnEnabled(0x129 = 'HierarchyChangeAuth'): 1
    IsEnEnabled(0x12a = 'NV_DefineSpace'): 1
    IsEnEnabled(0x12b = 'PCR_Allocate'): 1
    IsEnEnabled(0x12c = 'PCR_SetAuthPolicy'): 1
    IsEnEnabled(0x12d = 'PP_Commands'): 1
    IsEnEnabled(0x12e = 'SetPrimaryPolicy'): 1
    IsEnEnabled(0x12f = '(null)'): 0
    IsEnEnabled(0x130 = 'ClockRateAdjust'): 1
    IsEnEnabled(0x131 = 'CreatePrimary'): 1
    IsEnEnabled(0x132 = 'NV_GlobalWriteLock'): 1
    IsEnEnabled(0x133 = 'GetCommandAuditDigest'): 1
    IsEnEnabled(0x134 = 'NV_Increment'): 1
    IsEnEnabled(0x135 = 'NV_SetBits'): 1
    IsEnEnabled(0x136 = 'NV_Extend'): 1
    IsEnEnabled(0x137 = 'NV_Write'): 1
    IsEnEnabled(0x138 = 'NV_WriteLock'): 1
    IsEnEnabled(0x139 = 'DictionaryAttackLockReset'): 1
    IsEnEnabled(0x13a = 'DictionaryAttackParameters'): 1
    IsEnEnabled(0x13b = 'NV_ChangeAuth'): 1
    IsEnEnabled(0x13c = 'PCR_Event'): 1
    IsEnEnabled(0x13d = 'PCR_Reset'): 1
    IsEnEnabled(0x13e = 'SequenceComplete'): 1
    IsEnEnabled(0x13f = 'SetAlgorithmSet'): 1
    IsEnEnabled(0x140 = 'SetCommandCodeAuditStatus'): 1
    IsEnEnabled(0x141 = '(null)'): 0
    IsEnEnabled(0x142 = 'IncrementalSelfTest'): 1
    IsEnEnabled(0x143 = 'SelfTest'): 1
    IsEnEnabled(0x144 = 'Startup'): 1
    IsEnEnabled(0x145 = 'Shutdown'): 1
    IsEnEnabled(0x146 = 'StirRandom'): 1
    IsEnEnabled(0x147 = 'ActivateCredential'): 1
    IsEnEnabled(0x148 = 'Certify'): 1
    IsEnEnabled(0x149 = 'PolicyNV'): 1
    IsEnEnabled(0x14a = 'CertifyCreation'): 1
    IsEnEnabled(0x14b = 'Duplicate'): 1
    IsEnEnabled(0x14c = 'GetTime'): 1
    IsEnEnabled(0x14d = 'GetSessionAuditDigest'): 1
    IsEnEnabled(0x14e = 'NV_Read'): 1
    IsEnEnabled(0x14f = 'NV_ReadLock'): 1
    IsEnEnabled(0x150 = 'ObjectChangeAuth'): 1
    IsEnEnabled(0x151 = 'PolicySecret'): 1
    IsEnEnabled(0x152 = 'Rewrap'): 1
    IsEnEnabled(0x153 = 'Create'): 1
    IsEnEnabled(0x154 = 'ECDH_ZGen'): 1
    IsEnEnabled(0x155 = 'MAC'): 1
    IsEnEnabled(0x156 = 'Import'): 1
    IsEnEnabled(0x157 = 'Load'): 1
    IsEnEnabled(0x158 = 'Quote'): 1
    IsEnEnabled(0x159 = 'RSA_Decrypt'): 1
    IsEnEnabled(0x15a = '(null)'): 0
    IsEnEnabled(0x15b = 'MAC_Start'): 1
    IsEnEnabled(0x15c = 'SequenceUpdate'): 1
    IsEnEnabled(0x15d = 'Sign'): 1
    IsEnEnabled(0x15e = 'Unseal'): 1
    IsEnEnabled(0x15f = '(null)'): 0
    IsEnEnabled(0x160 = 'PolicySigned'): 1
    IsEnEnabled(0x161 = 'ContextLoad'): 1
    IsEnEnabled(0x162 = 'ContextSave'): 1
    IsEnEnabled(0x163 = 'ECDH_KeyGen'): 1
    IsEnEnabled(0x164 = 'EncryptDecrypt'): 1
    IsEnEnabled(0x165 = 'FlushContext'): 1
    IsEnEnabled(0x166 = '(null)'): 0
    IsEnEnabled(0x167 = 'LoadExternal'): 1
    IsEnEnabled(0x168 = 'MakeCredential'): 1
    IsEnEnabled(0x169 = 'NV_ReadPublic'): 1
    IsEnEnabled(0x16a = 'PolicyAuthorize'): 1
    IsEnEnabled(0x16b = 'PolicyAuthValue'): 1
    IsEnEnabled(0x16c = 'PolicyCommandCode'): 1
    IsEnEnabled(0x16d = 'PolicyCounterTimer'): 1
    IsEnEnabled(0x16e = 'PolicyCpHash'): 1
    IsEnEnabled(0x16f = 'PolicyLocality'): 1
    IsEnEnabled(0x170 = 'PolicyNameHash'): 1
    IsEnEnabled(0x171 = 'PolicyOR'): 1
    IsEnEnabled(0x172 = 'PolicyTicket'): 1
    IsEnEnabled(0x173 = 'ReadPublic'): 1
    IsEnEnabled(0x174 = 'RSA_Encrypt'): 1
    IsEnEnabled(0x175 = '(null)'): 0
    IsEnEnabled(0x176 = 'StartAuthSession'): 1
    IsEnEnabled(0x177 = 'VerifySignature'): 1
    IsEnEnabled(0x178 = 'ECC_Parameters'): 1
    IsEnEnabled(0x179 = '(null)'): 0
    IsEnEnabled(0x17a = 'GetCapability'): 1
    IsEnEnabled(0x17b = 'GetRandom'): 1
    IsEnEnabled(0x17c = 'GetTestResult'): 1
    IsEnEnabled(0x17d = 'Hash'): 1
    IsEnEnabled(0x17e = 'PCR_Read'): 1
    IsEnEnabled(0x17f = 'PolicyPCR'): 1
    IsEnEnabled(0x180 = 'PolicyRestart'): 1
    IsEnEnabled(0x181 = 'ReadClock'): 1
    IsEnEnabled(0x182 = 'PCR_Extend'): 1
    IsEnEnabled(0x183 = 'PCR_SetAuthValue'): 1
    IsEnEnabled(0x184 = 'NV_Certify'): 1
    IsEnEnabled(0x185 = 'EventSequenceComplete'): 1
    IsEnEnabled(0x186 = 'HashSequenceStart'): 1
    IsEnEnabled(0x187 = 'PolicyPhysicalPresence'): 1
    IsEnEnabled(0x188 = 'PolicyDuplicationSelect'): 1
    IsEnEnabled(0x189 = 'PolicyGetDigest'): 1
    IsEnEnabled(0x18a = 'TestParms'): 1
    IsEnEnabled(0x18b = 'Commit'): 1
    IsEnEnabled(0x18c = 'PolicyPassword'): 1
    IsEnEnabled(0x18d = 'ZGen_2Phase'): 1
    IsEnEnabled(0x18e = 'EC_Ephemeral'): 1
    IsEnEnabled(0x18f = 'PolicyNvWritten'): 1
    IsEnEnabled(0x190 = 'PolicyTemplate'): 1
    IsEnEnabled(0x191 = 'CreateLoaded'): 1
    IsEnEnabled(0x192 = 'PolicyAuthorizeNV'): 1
    IsEnEnabled(0x193 = 'EncryptDecrypt2'): 1
    IsEnEnabled(0x194 = '(null)'): 0
    IsEnEnabled(0x195 = '(null)'): 0
    IsEnEnabled(0x196 = '(null)'): 0
    IsEnEnabled(0x197 = 'CertifyX509'): 1
    IsEnEnabled(0x198 = '(null)'): 0
    IsEnEnabled(0x199 = 'ECC_Encrypt'): 0
    IsEnEnabled(0x19a = 'ECC_Decrypt'): 0
    IsEnEnabled(0x19b = 'PolicyCapability'): 0
    IsEnEnabled(0x19c = 'PolicyParameters'): 0
    IsEnEnabled(0x19d = '(null)'): 0
    IsEnEnabled(0x19e = '(null)'): 0
    IsEnEnabled(0x19f = '(null)'): 0
 SWTPM_IO_Write: length 387
 80 01 00 00 01 83 00 00 00 00 00 00 00 00 06 00 
 00 00 2E 00 00 01 00 32 2E 30 00 00 00 01 01 00 
 00 00 00 00 00 01 02 00 00 00 B7 00 00 01 03 00 
 00 00 19 00 00 01 04 00 00 07 E8 00 00 01 05 49 
 42 4D 00 00 00 01 06 53 57 20 20 00 00 01 07 20 
 54 50 4D 00 00 01 08 00 00 00 00 00 00 01 09 00 
 00 00 00 00 00 01 0A 00 00 00 01 00 00 01 0B 20 
 24 01 25 00 00 01 0C 00 12 00 00 00 00 01 0D 00 
 00 04 00 00 00 01 0E 00 00 00 03 00 00 01 0F 00 
 00 00 07 00 00 01 10 00 00 00 03 00 00 01 11 00 
 00 00 40 00 00 01 12 00 00 00 18 00 00 01 13 00 
 00 00 03 00 00 01 14 00 00 FF FF 00 00 01 16 00 
 00 00 00 00 00 01 17 00 00 08 00 00 00 01 18 00 
 00 00 06 00 00 01 19 00 00 10 00 00 00 01 1A 00 
 00 00 0D 00 00 01 1B 00 00 00 06 00 00 01 1C 00 
 00 01 00 00 00 01 1D 00 00 00 FF 00 00 01 1E 00 
 00 10 00 00 00 01 1F 00 00 10 00 00 00 01 20 00 
 00 00 40 00 00 01 21 00 00 0A 8C 00 00 01 22 00 
 00 01 94 00 00 01 23 00 00 00 01 00 00 01 24 00 
 00 00 00 00 00 01 25 00 00 01 06 00 00 01 26 00 
 00 00 19 00 00 01 27 00 00 07 E8 00 00 01 28 00 
 00 00 80 00 00 01 29 00 00 00 6E 00 00 01 2A 00 
 00 00 6E 00 00 01 2B 00 00 00 00 00 00 01 2C 00 
 00 04 00 00 00 01 2D 00 00 00 00 00 00 01 2E 00 
 00 04 00 
 SWTPM_IO_Read: length 22
 80 01 00 00 00 16 00 00 01 8A 00 01 00 10 00 10 
 04 00 00 00 00 00 
    IsEnEnabled(0x18a = 'TestParms'): 1
 SWTPM_IO_Write: length 10
 80 01 00 00 00 0A 00 00 00 00 
 SWTPM_IO_Read: length 22
 80 01 00 00 00 16 00 00 01 8A 00 01 00 10 00 10 
 08 00 00 00 00 00 
    IsEnEnabled(0x18a = 'TestParms'): 1
 SWTPM_IO_Write: length 10
 80 01 00 00 00 0A 00 00 00 00 
 SWTPM_IO_Read: length 22
 80 01 00 00 00 16 00 00 01 8A 00 01 00 10 00 10 
 0C 00 00 00 00 00 
    IsEnEnabled(0x18a = 'TestParms'): 1
 SWTPM_IO_Write: length 10
 80 01 00 00 00 0A 00 00 00 00 
 SWTPM_IO_Read: length 22
 80 01 00 00 00 16 00 00 01 8A 00 01 00 10 00 10 
 10 00 00 00 00 00 
    IsEnEnabled(0x18a = 'TestParms'): 1
 SWTPM_IO_Write: length 10
 80 01 00 00 00 0A 00 00 01 C4 
 SWTPM_IO_Read: length 20
 80 01 00 00 00 14 00 00 01 8A 00 23 00 10 00 10 
 00 01 00 10 
    IsEnEnabled(0x18a = 'TestParms'): 1
 SWTPM_IO_Write: length 10
 80 01 00 00 00 0A 00 00 00 00 
 SWTPM_IO_Read: length 20
 80 01 00 00 00 14 00 00 01 8A 00 23 00 10 00 10 
 00 02 00 10 
    IsEnEnabled(0x18a = 'TestParms'): 1
 SWTPM_IO_Write: length 10
 80 01 00 00 00 0A 00 00 00 00 
 SWTPM_IO_Read: length 20
 80 01 00 00 00 14 00 00 01 8A 00 23 00 10 00 10 
 00 03 00 10 
    IsEnEnabled(0x18a = 'TestParms'): 1
 SWTPM_IO_Write: length 10
 80 01 00 00 00 0A 00 00 00 00 
 SWTPM_IO_Read: length 20
 80 01 00 00 00 14 00 00 01 8A 00 23 00 10 00 10 
 00 04 00 10 
    IsEnEnabled(0x18a = 'TestParms'): 1
 SWTPM_IO_Write: length 10
 80 01 00 00 00 0A 00 00 00 00 
 SWTPM_IO_Read: length 20
 80 01 00 00 00 14 00 00 01 8A 00 23 00 10 00 10 
 00 05 00 10 
    IsEnEnabled(0x18a = 'TestParms'): 1
 SWTPM_IO_Write: length 10
 80 01 00 00 00 0A 00 00 00 00 
 SWTPM_IO_Read: length 12
 80 01 00 00 00 0C 00 00 01 7B 00 08 
    IsEnEnabled(0x17b = 'GetRandom'): 1
 SWTPM_IO_Write: length 20
 80 01 00 00 00 14 00 00 00 00 00 08 93 00 CE 61 
 8A 25 E3 3D 
 SWTPM_IO_Read: length 12
 80 01 00 00 00 0C 00 00 01 44 00 00 
    IsEnEnabled(0x144 = 'Startup'): 1
 SWTPM_IO_Write: length 10
 80 01 00 00 00 0A 00 00 01 00 
 SWTPM_IO_Read: length 22
 80 01 00 00 00 16 00 00 01 7A 00 00 00 06 00 00 
 01 2C 00 00 00 01 
    IsEnEnabled(0x17a = 'GetCapability'): 1
 SWTPM_IO_Write: length 27
 80 01 00 00 00 1B 00 00 00 00 01 00 00 00 06 00 
 00 00 01 00 00 01 2C 00 00 04 00 
 SWTPM_IO_Read: length 10
 80 01 00 00 00 0A 00 00 01 81 
    IsEnEnabled(0x181 = 'ReadClock'): 1
 SWTPM_IO_Write: length 35
 80 01 00 00 00 23 00 00 00 00 00 00 00 00 00 04 
 D6 0B 00 00 00 00 00 05 D2 2B 00 00 00 03 00 00 
 00 00 01 
 SWTPM_IO_Read: length 12
 80 01 00 00 00 0C 00 00 01 7B 00 08 
    IsEnEnabled(0x17b = 'GetRandom'): 1
 SWTPM_IO_Write: length 20
 80 01 00 00 00 14 00 00 00 00 00 08 FD CD A5 D5 
 6D 74 A2 7E 
 SWTPM_IO_Read: length 22
 80 01 00 00 00 16 00 00 01 7A 00 00 00 00 00 00 
 00 01 00 00 00 7F 
    IsEnEnabled(0x17a = 'GetCapability'): 1
 SWTPM_IO_Write: length 217
 80 01 00 00 00 D9 00 00 00 00 00 00 00 00 00 00 
 00 00 21 00 01 00 00 00 09 00 03 00 00 00 02 00 
 04 00 00 00 04 00 05 00 00 01 04 00 06 00 00 00 
 02 00 07 00 00 04 04 00 08 00 00 03 0C 00 0A 00 
 00 00 06 00 0B 00 00 00 04 00 0C 00 00 00 04 00 
 0D 00 00 00 04 00 14 00 00 01 01 00 15 00 00 02 
 01 00 16 00 00 01 01 00 17 00 00 02 01 00 18 00 
 00 01 01 00 19 00 00 04 01 00 1A 00 00 01 01 00 
 1B 00 00 05 01 00 1C 00 00 01 01 00 1D 00 00 04 
 01 00 20 00 00 04 04 00 21 00 00 04 04 00 22 00 
 00 04 04 00 23 00 00 00 09 00 25 00 00 00 08 00 
 26 00 00 00 02 00 3F 00 00 01 02 00 40 00 00 02 
 02 00 41 00 00 02 02 00 42 00 00 02 02 00 43 00 
 00 02 02 00 44 00 00 02 02 
 SWTPM_IO_Read: length 22
 80 01 00 00 00 16 00 00 01 7A 00 00 00 06 00 00 
 01 00 00 00 00 7F 
    IsEnEnabled(0x17a = 'GetCapability'): 1
    IsEnEnabled(0x11f = 'NV_UndefineSpaceSpecial'): 1
    IsEnEnabled(0x120 = 'EvictControl'): 1
    IsEnEnabled(0x121 = 'HierarchyControl'): 1
    IsEnEnabled(0x122 = 'NV_UndefineSpace'): 1
    IsEnEnabled(0x123 = '(null)'): 0
    IsEnEnabled(0x124 = 'ChangeEPS'): 1
    IsEnEnabled(0x125 = 'ChangePPS'): 1
    IsEnEnabled(0x126 = 'Clear'): 1
    IsEnEnabled(0x127 = 'ClearControl'): 1
    IsEnEnabled(0x128 = 'ClockSet'): 1
    IsEnEnabled(0x129 = 'HierarchyChangeAuth'): 1
    IsEnEnabled(0x12a = 'NV_DefineSpace'): 1
    IsEnEnabled(0x12b = 'PCR_Allocate'): 1
    IsEnEnabled(0x12c = 'PCR_SetAuthPolicy'): 1
    IsEnEnabled(0x12d = 'PP_Commands'): 1
    IsEnEnabled(0x12e = 'SetPrimaryPolicy'): 1
    IsEnEnabled(0x12f = '(null)'): 0
    IsEnEnabled(0x130 = 'ClockRateAdjust'): 1
    IsEnEnabled(0x131 = 'CreatePrimary'): 1
    IsEnEnabled(0x132 = 'NV_GlobalWriteLock'): 1
    IsEnEnabled(0x133 = 'GetCommandAuditDigest'): 1
    IsEnEnabled(0x134 = 'NV_Increment'): 1
    IsEnEnabled(0x135 = 'NV_SetBits'): 1
    IsEnEnabled(0x136 = 'NV_Extend'): 1
    IsEnEnabled(0x137 = 'NV_Write'): 1
    IsEnEnabled(0x138 = 'NV_WriteLock'): 1
    IsEnEnabled(0x139 = 'DictionaryAttackLockReset'): 1
    IsEnEnabled(0x13a = 'DictionaryAttackParameters'): 1
    IsEnEnabled(0x13b = 'NV_ChangeAuth'): 1
    IsEnEnabled(0x13c = 'PCR_Event'): 1
    IsEnEnabled(0x13d = 'PCR_Reset'): 1
    IsEnEnabled(0x13e = 'SequenceComplete'): 1
    IsEnEnabled(0x13f = 'SetAlgorithmSet'): 1
    IsEnEnabled(0x140 = 'SetCommandCodeAuditStatus'): 1
    IsEnEnabled(0x141 = '(null)'): 0
    IsEnEnabled(0x142 = 'IncrementalSelfTest'): 1
    IsEnEnabled(0x143 = 'SelfTest'): 1
    IsEnEnabled(0x144 = 'Startup'): 1
    IsEnEnabled(0x145 = 'Shutdown'): 1
    IsEnEnabled(0x146 = 'StirRandom'): 1
    IsEnEnabled(0x147 = 'ActivateCredential'): 1
    IsEnEnabled(0x148 = 'Certify'): 1
    IsEnEnabled(0x149 = 'PolicyNV'): 1
    IsEnEnabled(0x14a = 'CertifyCreation'): 1
    IsEnEnabled(0x14b = 'Duplicate'): 1
    IsEnEnabled(0x14c = 'GetTime'): 1
    IsEnEnabled(0x14d = 'GetSessionAuditDigest'): 1
    IsEnEnabled(0x14e = 'NV_Read'): 1
    IsEnEnabled(0x14f = 'NV_ReadLock'): 1
    IsEnEnabled(0x150 = 'ObjectChangeAuth'): 1
    IsEnEnabled(0x151 = 'PolicySecret'): 1
    IsEnEnabled(0x152 = 'Rewrap'): 1
    IsEnEnabled(0x153 = 'Create'): 1
    IsEnEnabled(0x154 = 'ECDH_ZGen'): 1
    IsEnEnabled(0x155 = 'MAC'): 1
    IsEnEnabled(0x156 = 'Import'): 1
    IsEnEnabled(0x157 = 'Load'): 1
    IsEnEnabled(0x158 = 'Quote'): 1
    IsEnEnabled(0x159 = 'RSA_Decrypt'): 1
    IsEnEnabled(0x15a = '(null)'): 0
    IsEnEnabled(0x15b = 'MAC_Start'): 1
    IsEnEnabled(0x15c = 'SequenceUpdate'): 1
    IsEnEnabled(0x15d = 'Sign'): 1
    IsEnEnabled(0x15e = 'Unseal'): 1
    IsEnEnabled(0x15f = '(null)'): 0
    IsEnEnabled(0x160 = 'PolicySigned'): 1
    IsEnEnabled(0x161 = 'ContextLoad'): 1
    IsEnEnabled(0x162 = 'ContextSave'): 1
    IsEnEnabled(0x163 = 'ECDH_KeyGen'): 1
    IsEnEnabled(0x164 = 'EncryptDecrypt'): 1
    IsEnEnabled(0x165 = 'FlushContext'): 1
    IsEnEnabled(0x166 = '(null)'): 0
    IsEnEnabled(0x167 = 'LoadExternal'): 1
    IsEnEnabled(0x168 = 'MakeCredential'): 1
    IsEnEnabled(0x169 = 'NV_ReadPublic'): 1
    IsEnEnabled(0x16a = 'PolicyAuthorize'): 1
    IsEnEnabled(0x16b = 'PolicyAuthValue'): 1
    IsEnEnabled(0x16c = 'PolicyCommandCode'): 1
    IsEnEnabled(0x16d = 'PolicyCounterTimer'): 1
    IsEnEnabled(0x16e = 'PolicyCpHash'): 1
    IsEnEnabled(0x16f = 'PolicyLocality'): 1
    IsEnEnabled(0x170 = 'PolicyNameHash'): 1
    IsEnEnabled(0x171 = 'PolicyOR'): 1
    IsEnEnabled(0x172 = 'PolicyTicket'): 1
    IsEnEnabled(0x173 = 'ReadPublic'): 1
    IsEnEnabled(0x174 = 'RSA_Encrypt'): 1
    IsEnEnabled(0x175 = '(null)'): 0
    IsEnEnabled(0x176 = 'StartAuthSession'): 1
    IsEnEnabled(0x177 = 'VerifySignature'): 1
    IsEnEnabled(0x178 = 'ECC_Parameters'): 1
    IsEnEnabled(0x179 = '(null)'): 0
    IsEnEnabled(0x17a = 'GetCapability'): 1
    IsEnEnabled(0x17b = 'GetRandom'): 1
    IsEnEnabled(0x17c = 'GetTestResult'): 1
    IsEnEnabled(0x17d = 'Hash'): 1
    IsEnEnabled(0x17e = 'PCR_Read'): 1
    IsEnEnabled(0x17f = 'PolicyPCR'): 1
    IsEnEnabled(0x180 = 'PolicyRestart'): 1
    IsEnEnabled(0x181 = 'ReadClock'): 1
    IsEnEnabled(0x182 = 'PCR_Extend'): 1
    IsEnEnabled(0x183 = 'PCR_SetAuthValue'): 1
    IsEnEnabled(0x184 = 'NV_Certify'): 1
    IsEnEnabled(0x185 = 'EventSequenceComplete'): 1
    IsEnEnabled(0x186 = 'HashSequenceStart'): 1
    IsEnEnabled(0x187 = 'PolicyPhysicalPresence'): 1
    IsEnEnabled(0x188 = 'PolicyDuplicationSelect'): 1
    IsEnEnabled(0x189 = 'PolicyGetDigest'): 1
    IsEnEnabled(0x18a = 'TestParms'): 1
    IsEnEnabled(0x18b = 'Commit'): 1
    IsEnEnabled(0x18c = 'PolicyPassword'): 1
    IsEnEnabled(0x18d = 'ZGen_2Phase'): 1
    IsEnEnabled(0x18e = 'EC_Ephemeral'): 1
    IsEnEnabled(0x18f = 'PolicyNvWritten'): 1
    IsEnEnabled(0x190 = 'PolicyTemplate'): 1
    IsEnEnabled(0x191 = 'CreateLoaded'): 1
    IsEnEnabled(0x192 = 'PolicyAuthorizeNV'): 1
    IsEnEnabled(0x193 = 'EncryptDecrypt2'): 1
    IsEnEnabled(0x194 = '(null)'): 0
    IsEnEnabled(0x195 = '(null)'): 0
    IsEnEnabled(0x196 = '(null)'): 0
    IsEnEnabled(0x197 = 'CertifyX509'): 1
    IsEnEnabled(0x198 = '(null)'): 0
    IsEnEnabled(0x199 = 'ECC_Encrypt'): 0
    IsEnEnabled(0x19a = 'ECC_Decrypt'): 0
    IsEnEnabled(0x19b = 'PolicyCapability'): 0
    IsEnEnabled(0x19c = 'PolicyParameters'): 0
    IsEnEnabled(0x19d = '(null)'): 0
    IsEnEnabled(0x19e = '(null)'): 0
    IsEnEnabled(0x19f = '(null)'): 0
    IsEnEnabled(0x11f = 'NV_UndefineSpaceSpecial'): 1
    IsEnEnabled(0x120 = 'EvictControl'): 1
    IsEnEnabled(0x121 = 'HierarchyControl'): 1
    IsEnEnabled(0x122 = 'NV_UndefineSpace'): 1
    IsEnEnabled(0x123 = '(null)'): 0
    IsEnEnabled(0x124 = 'ChangeEPS'): 1
    IsEnEnabled(0x125 = 'ChangePPS'): 1
    IsEnEnabled(0x126 = 'Clear'): 1
    IsEnEnabled(0x127 = 'ClearControl'): 1
    IsEnEnabled(0x128 = 'ClockSet'): 1
    IsEnEnabled(0x129 = 'HierarchyChangeAuth'): 1
    IsEnEnabled(0x12a = 'NV_DefineSpace'): 1
    IsEnEnabled(0x12b = 'PCR_Allocate'): 1
    IsEnEnabled(0x12c = 'PCR_SetAuthPolicy'): 1
    IsEnEnabled(0x12d = 'PP_Commands'): 1
    IsEnEnabled(0x12e = 'SetPrimaryPolicy'): 1
    IsEnEnabled(0x12f = '(null)'): 0
    IsEnEnabled(0x130 = 'ClockRateAdjust'): 1
    IsEnEnabled(0x131 = 'CreatePrimary'): 1
    IsEnEnabled(0x132 = 'NV_GlobalWriteLock'): 1
    IsEnEnabled(0x133 = 'GetCommandAuditDigest'): 1
    IsEnEnabled(0x134 = 'NV_Increment'): 1
    IsEnEnabled(0x135 = 'NV_SetBits'): 1
    IsEnEnabled(0x136 = 'NV_Extend'): 1
    IsEnEnabled(0x137 = 'NV_Write'): 1
    IsEnEnabled(0x138 = 'NV_WriteLock'): 1
    IsEnEnabled(0x139 = 'DictionaryAttackLockReset'): 1
    IsEnEnabled(0x13a = 'DictionaryAttackParameters'): 1
    IsEnEnabled(0x13b = 'NV_ChangeAuth'): 1
    IsEnEnabled(0x13c = 'PCR_Event'): 1
    IsEnEnabled(0x13d = 'PCR_Reset'): 1
    IsEnEnabled(0x13e = 'SequenceComplete'): 1
    IsEnEnabled(0x13f = 'SetAlgorithmSet'): 1
    IsEnEnabled(0x140 = 'SetCommandCodeAuditStatus'): 1
    IsEnEnabled(0x141 = '(null)'): 0
    IsEnEnabled(0x142 = 'IncrementalSelfTest'): 1
    IsEnEnabled(0x143 = 'SelfTest'): 1
    IsEnEnabled(0x144 = 'Startup'): 1
    IsEnEnabled(0x145 = 'Shutdown'): 1
    IsEnEnabled(0x146 = 'StirRandom'): 1
    IsEnEnabled(0x147 = 'ActivateCredential'): 1
    IsEnEnabled(0x148 = 'Certify'): 1
    IsEnEnabled(0x149 = 'PolicyNV'): 1
    IsEnEnabled(0x14a = 'CertifyCreation'): 1
    IsEnEnabled(0x14b = 'Duplicate'): 1
    IsEnEnabled(0x14c = 'GetTime'): 1
    IsEnEnabled(0x14d = 'GetSessionAuditDigest'): 1
    IsEnEnabled(0x14e = 'NV_Read'): 1
    IsEnEnabled(0x14f = 'NV_ReadLock'): 1
    IsEnEnabled(0x150 = 'ObjectChangeAuth'): 1
    IsEnEnabled(0x151 = 'PolicySecret'): 1
    IsEnEnabled(0x152 = 'Rewrap'): 1
    IsEnEnabled(0x153 = 'Create'): 1
    IsEnEnabled(0x154 = 'ECDH_ZGen'): 1
    IsEnEnabled(0x155 = 'MAC'): 1
    IsEnEnabled(0x156 = 'Import'): 1
    IsEnEnabled(0x157 = 'Load'): 1
    IsEnEnabled(0x158 = 'Quote'): 1
    IsEnEnabled(0x159 = 'RSA_Decrypt'): 1
    IsEnEnabled(0x15a = '(null)'): 0
    IsEnEnabled(0x15b = 'MAC_Start'): 1
    IsEnEnabled(0x15c = 'SequenceUpdate'): 1
    IsEnEnabled(0x15d = 'Sign'): 1
    IsEnEnabled(0x15e = 'Unseal'): 1
    IsEnEnabled(0x15f = '(null)'): 0
    IsEnEnabled(0x160 = 'PolicySigned'): 1
    IsEnEnabled(0x161 = 'ContextLoad'): 1
    IsEnEnabled(0x162 = 'ContextSave'): 1
    IsEnEnabled(0x163 = 'ECDH_KeyGen'): 1
    IsEnEnabled(0x164 = 'EncryptDecrypt'): 1
    IsEnEnabled(0x165 = 'FlushContext'): 1
    IsEnEnabled(0x166 = '(null)'): 0
    IsEnEnabled(0x167 = 'LoadExternal'): 1
    IsEnEnabled(0x168 = 'MakeCredential'): 1
    IsEnEnabled(0x169 = 'NV_ReadPublic'): 1
    IsEnEnabled(0x16a = 'PolicyAuthorize'): 1
    IsEnEnabled(0x16b = 'PolicyAuthValue'): 1
    IsEnEnabled(0x16c = 'PolicyCommandCode'): 1
    IsEnEnabled(0x16d = 'PolicyCounterTimer'): 1
    IsEnEnabled(0x16e = 'PolicyCpHash'): 1
    IsEnEnabled(0x16f = 'PolicyLocality'): 1
    IsEnEnabled(0x170 = 'PolicyNameHash'): 1
    IsEnEnabled(0x171 = 'PolicyOR'): 1
    IsEnEnabled(0x172 = 'PolicyTicket'): 1
    IsEnEnabled(0x173 = 'ReadPublic'): 1
    IsEnEnabled(0x174 = 'RSA_Encrypt'): 1
    IsEnEnabled(0x175 = '(null)'): 0
    IsEnEnabled(0x176 = 'StartAuthSession'): 1
    IsEnEnabled(0x177 = 'VerifySignature'): 1
    IsEnEnabled(0x178 = 'ECC_Parameters'): 1
    IsEnEnabled(0x179 = '(null)'): 0
    IsEnEnabled(0x17a = 'GetCapability'): 1
    IsEnEnabled(0x17b = 'GetRandom'): 1
    IsEnEnabled(0x17c = 'GetTestResult'): 1
    IsEnEnabled(0x17d = 'Hash'): 1
    IsEnEnabled(0x17e = 'PCR_Read'): 1
    IsEnEnabled(0x17f = 'PolicyPCR'): 1
    IsEnEnabled(0x180 = 'PolicyRestart'): 1
    IsEnEnabled(0x181 = 'ReadClock'): 1
    IsEnEnabled(0x182 = 'PCR_Extend'): 1
    IsEnEnabled(0x183 = 'PCR_SetAuthValue'): 1
    IsEnEnabled(0x184 = 'NV_Certify'): 1
    IsEnEnabled(0x185 = 'EventSequenceComplete'): 1
    IsEnEnabled(0x186 = 'HashSequenceStart'): 1
    IsEnEnabled(0x187 = 'PolicyPhysicalPresence'): 1
    IsEnEnabled(0x188 = 'PolicyDuplicationSelect'): 1
    IsEnEnabled(0x189 = 'PolicyGetDigest'): 1
    IsEnEnabled(0x18a = 'TestParms'): 1
    IsEnEnabled(0x18b = 'Commit'): 1
    IsEnEnabled(0x18c = 'PolicyPassword'): 1
    IsEnEnabled(0x18d = 'ZGen_2Phase'): 1
    IsEnEnabled(0x18e = 'EC_Ephemeral'): 1
    IsEnEnabled(0x18f = 'PolicyNvWritten'): 1
    IsEnEnabled(0x190 = 'PolicyTemplate'): 1
    IsEnEnabled(0x191 = 'CreateLoaded'): 1
    IsEnEnabled(0x192 = 'PolicyAuthorizeNV'): 1
    IsEnEnabled(0x193 = 'EncryptDecrypt2'): 1
    IsEnEnabled(0x194 = '(null)'): 0
    IsEnEnabled(0x195 = '(null)'): 0
    IsEnEnabled(0x196 = '(null)'): 0
    IsEnEnabled(0x197 = 'CertifyX509'): 1
    IsEnEnabled(0x198 = '(null)'): 0
    IsEnEnabled(0x199 = 'ECC_Encrypt'): 0
    IsEnEnabled(0x19a = 'ECC_Decrypt'): 0
    IsEnEnabled(0x19b = 'PolicyCapability'): 0
    IsEnEnabled(0x19c = 'PolicyParameters'): 0
    IsEnEnabled(0x19d = '(null)'): 0
    IsEnEnabled(0x19e = '(null)'): 0
    IsEnEnabled(0x19f = '(null)'): 0
 SWTPM_IO_Write: length 387
 80 01 00 00 01 83 00 00 00 00 00 00 00 00 06 00 
 00 00 2E 00 00 01 00 32 2E 30 00 00 00 01 01 00 
 00 00 00 00 00 01 02 00 00 00 B7 00 00 01 03 00 
 00 00 19 00 00 01 04 00 00 07 E8 00 00 01 05 49 
 42 4D 00 00 00 01 06 53 57 20 20 00 00 01 07 20 
 54 50 4D 00 00 01 08 00 00 00 00 00 00 01 09 00 
 00 00 00 00 00 01 0A 00 00 00 01 00 00 01 0B 20 
 24 01 25 00 00 01 0C 00 12 00 00 00 00 01 0D 00 
 00 04 00 00 00 01 0E 00 00 00 03 00 00 01 0F 00 
 00 00 07 00 00 01 10 00 00 00 03 00 00 01 11 00 
 00 00 40 00 00 01 12 00 00 00 18 00 00 01 13 00 
 00 00 03 00 00 01 14 00 00 FF FF 00 00 01 16 00 
 00 00 00 00 00 01 17 00 00 08 00 00 00 01 18 00 
 00 00 06 00 00 01 19 00 00 10 00 00 00 01 1A 00 
 00 00 0D 00 00 01 1B 00 00 00 06 00 00 01 1C 00 
 00 01 00 00 00 01 1D 00 00 00 FF 00 00 01 1E 00 
 00 10 00 00 00 01 1F 00 00 10 00 00 00 01 20 00 
 00 00 40 00 00 01 21 00 00 0A 8C 00 00 01 22 00 
 00 01 94 00 00 01 23 00 00 00 01 00 00 01 24 00 
 00 00 00 00 00 01 25 00 00 01 06 00 00 01 26 00 
 00 00 19 00 00 01 27 00 00 07 E8 00 00 01 28 00 
 00 00 80 00 00 01 29 00 00 00 6E 00 00 01 2A 00 
 00 00 6E 00 00 01 2B 00 00 00 00 00 00 01 2C 00 
 00 04 00 00 00 01 2D 00 00 00 00 00 00 01 2E 00 
 00 04 00 
 SWTPM_IO_Read: length 22
 80 01 00 00 00 16 00 00 01 8A 00 01 00 10 00 10 
 04 00 00 00 00 00 
    IsEnEnabled(0x18a = 'TestParms'): 1
 SWTPM_IO_Write: length 10
 80 01 00 00 00 0A 00 00 00 00 
 SWTPM_IO_Read: length 22
 80 01 00 00 00 16 00 00 01 8A 00 01 00 10 00 10 
 08 00 00 00 00 00 
    IsEnEnabled(0x18a = 'TestParms'): 1
 SWTPM_IO_Write: length 10
 80 01 00 00 00 0A 00 00 00 00 
 SWTPM_IO_Read: length 22
 80 01 00 00 00 16 00 00 01 8A 00 01 00 10 00 10 
 0C 00 00 00 00 00 
    IsEnEnabled(0x18a = 'TestParms'): 1
 SWTPM_IO_Write: length 10
 80 01 00 00 00 0A 00 00 00 00 
 SWTPM_IO_Read: length 22
 80 01 00 00 00 16 00 00 01 8A 00 01 00 10 00 10 
 10 00 00 00 00 00 
    IsEnEnabled(0x18a = 'TestParms'): 1
 SWTPM_IO_Write: length 10
 80 01 00 00 00 0A 00 00 01 C4 
 SWTPM_IO_Read: length 20
 80 01 00 00 00 14 00 00 01 8A 00 23 00 10 00 10 
 00 01 00 10 
    IsEnEnabled(0x18a = 'TestParms'): 1
 SWTPM_IO_Write: length 10
 80 01 00 00 00 0A 00 00 00 00 
 SWTPM_IO_Read: length 20
 80 01 00 00 00 14 00 00 01 8A 00 23 00 10 00 10 
 00 02 00 10 
    IsEnEnabled(0x18a = 'TestParms'): 1
 SWTPM_IO_Write: length 10
 80 01 00 00 00 0A 00 00 00 00 
 SWTPM_IO_Read: length 20
 80 01 00 00 00 14 00 00 01 8A 00 23 00 10 00 10 
 00 03 00 10 
    IsEnEnabled(0x18a = 'TestParms'): 1
 SWTPM_IO_Write: length 10
 80 01 00 00 00 0A 00 00 00 00 
 SWTPM_IO_Read: length 20
 80 01 00 00 00 14 00 00 01 8A 00 23 00 10 00 10 
 00 04 00 10 
    IsEnEnabled(0x18a = 'TestParms'): 1
 SWTPM_IO_Write: length 10
 80 01 00 00 00 0A 00 00 00 00 
 SWTPM_IO_Read: length 20
 80 01 00 00 00 14 00 00 01 8A 00 23 00 10 00 10 
 00 05 00 10 
    IsEnEnabled(0x18a = 'TestParms'): 1
 SWTPM_IO_Write: length 10
 80 01 00 00 00 0A 00 00 00 00 
 SWTPM_IO_Read: length 12
 80 01 00 00 00 0C 00 00 01 7B 00 08 
    IsEnEnabled(0x17b = 'GetRandom'): 1
 SWTPM_IO_Write: length 20
 80 01 00 00 00 14 00 00 00 00 00 08 A0 4E 8F FA 
 2E 1E 6F 34 
 SWTPM_IO_Read: length 22
 80 01 00 00 00 16 00 00 01 7A 00 00 00 00 00 00 
 00 01 00 00 00 7F 
    IsEnEnabled(0x17a = 'GetCapability'): 1
 SWTPM_IO_Write: length 217
 80 01 00 00 00 D9 00 00 00 00 00 00 00 00 00 00 
 00 00 21 00 01 00 00 00 09 00 03 00 00 00 02 00 
 04 00 00 00 04 00 05 00 00 01 04 00 06 00 00 00 
 02 00 07 00 00 04 04 00 08 00 00 03 0C 00 0A 00 
 00 00 06 00 0B 00 00 00 04 00 0C 00 00 00 04 00 
 0D 00 00 00 04 00 14 00 00 01 01 00 15 00 00 02 
 01 00 16 00 00 01 01 00 17 00 00 02 01 00 18 00 
 00 01 01 00 19 00 00 04 01 00 1A 00 00 01 01 00 
 1B 00 00 05 01 00 1C 00 00 01 01 00 1D 00 00 04 
 01 00 20 00 00 04 04 00 21 00 00 04 04 00 22 00 
 00 04 04 00 23 00 00 00 09 00 25 00 00 00 08 00 
 26 00 00 00 02 00 3F 00 00 01 02 00 40 00 00 02 
 02 00 41 00 00 02 02 00 42 00 00 02 02 00 43 00 
 00 02 02 00 44 00 00 02 02 
 SWTPM_IO_Read: length 22
 80 01 00 00 00 16 00 00 01 7A 00 00 00 06 00 00 
 01 00 00 00 00 7F 
    IsEnEnabled(0x17a = 'GetCapability'): 1
    IsEnEnabled(0x11f = 'NV_UndefineSpaceSpecial'): 1
    IsEnEnabled(0x120 = 'EvictControl'): 1
    IsEnEnabled(0x121 = 'HierarchyControl'): 1
    IsEnEnabled(0x122 = 'NV_UndefineSpace'): 1
    IsEnEnabled(0x123 = '(null)'): 0
    IsEnEnabled(0x124 = 'ChangeEPS'): 1
    IsEnEnabled(0x125 = 'ChangePPS'): 1
    IsEnEnabled(0x126 = 'Clear'): 1
    IsEnEnabled(0x127 = 'ClearControl'): 1
    IsEnEnabled(0x128 = 'ClockSet'): 1
    IsEnEnabled(0x129 = 'HierarchyChangeAuth'): 1
    IsEnEnabled(0x12a = 'NV_DefineSpace'): 1
    IsEnEnabled(0x12b = 'PCR_Allocate'): 1
    IsEnEnabled(0x12c = 'PCR_SetAuthPolicy'): 1
    IsEnEnabled(0x12d = 'PP_Commands'): 1
    IsEnEnabled(0x12e = 'SetPrimaryPolicy'): 1
    IsEnEnabled(0x12f = '(null)'): 0
    IsEnEnabled(0x130 = 'ClockRateAdjust'): 1
    IsEnEnabled(0x131 = 'CreatePrimary'): 1
    IsEnEnabled(0x132 = 'NV_GlobalWriteLock'): 1
    IsEnEnabled(0x133 = 'GetCommandAuditDigest'): 1
    IsEnEnabled(0x134 = 'NV_Increment'): 1
    IsEnEnabled(0x135 = 'NV_SetBits'): 1
    IsEnEnabled(0x136 = 'NV_Extend'): 1
    IsEnEnabled(0x137 = 'NV_Write'): 1
    IsEnEnabled(0x138 = 'NV_WriteLock'): 1
    IsEnEnabled(0x139 = 'DictionaryAttackLockReset'): 1
    IsEnEnabled(0x13a = 'DictionaryAttackParameters'): 1
    IsEnEnabled(0x13b = 'NV_ChangeAuth'): 1
    IsEnEnabled(0x13c = 'PCR_Event'): 1
    IsEnEnabled(0x13d = 'PCR_Reset'): 1
    IsEnEnabled(0x13e = 'SequenceComplete'): 1
    IsEnEnabled(0x13f = 'SetAlgorithmSet'): 1
    IsEnEnabled(0x140 = 'SetCommandCodeAuditStatus'): 1
    IsEnEnabled(0x141 = '(null)'): 0
    IsEnEnabled(0x142 = 'IncrementalSelfTest'): 1
    IsEnEnabled(0x143 = 'SelfTest'): 1
    IsEnEnabled(0x144 = 'Startup'): 1
    IsEnEnabled(0x145 = 'Shutdown'): 1
    IsEnEnabled(0x146 = 'StirRandom'): 1
    IsEnEnabled(0x147 = 'ActivateCredential'): 1
    IsEnEnabled(0x148 = 'Certify'): 1
    IsEnEnabled(0x149 = 'PolicyNV'): 1
    IsEnEnabled(0x14a = 'CertifyCreation'): 1
    IsEnEnabled(0x14b = 'Duplicate'): 1
    IsEnEnabled(0x14c = 'GetTime'): 1
    IsEnEnabled(0x14d = 'GetSessionAuditDigest'): 1
    IsEnEnabled(0x14e = 'NV_Read'): 1
    IsEnEnabled(0x14f = 'NV_ReadLock'): 1
    IsEnEnabled(0x150 = 'ObjectChangeAuth'): 1
    IsEnEnabled(0x151 = 'PolicySecret'): 1
    IsEnEnabled(0x152 = 'Rewrap'): 1
    IsEnEnabled(0x153 = 'Create'): 1
    IsEnEnabled(0x154 = 'ECDH_ZGen'): 1
    IsEnEnabled(0x155 = 'MAC'): 1
    IsEnEnabled(0x156 = 'Import'): 1
    IsEnEnabled(0x157 = 'Load'): 1
    IsEnEnabled(0x158 = 'Quote'): 1
    IsEnEnabled(0x159 = 'RSA_Decrypt'): 1
    IsEnEnabled(0x15a = '(null)'): 0
    IsEnEnabled(0x15b = 'MAC_Start'): 1
    IsEnEnabled(0x15c = 'SequenceUpdate'): 1
    IsEnEnabled(0x15d = 'Sign'): 1
    IsEnEnabled(0x15e = 'Unseal'): 1
    IsEnEnabled(0x15f = '(null)'): 0
    IsEnEnabled(0x160 = 'PolicySigned'): 1
    IsEnEnabled(0x161 = 'ContextLoad'): 1
    IsEnEnabled(0x162 = 'ContextSave'): 1
    IsEnEnabled(0x163 = 'ECDH_KeyGen'): 1
    IsEnEnabled(0x164 = 'EncryptDecrypt'): 1
    IsEnEnabled(0x165 = 'FlushContext'): 1
    IsEnEnabled(0x166 = '(null)'): 0
    IsEnEnabled(0x167 = 'LoadExternal'): 1
    IsEnEnabled(0x168 = 'MakeCredential'): 1
    IsEnEnabled(0x169 = 'NV_ReadPublic'): 1
    IsEnEnabled(0x16a = 'PolicyAuthorize'): 1
    IsEnEnabled(0x16b = 'PolicyAuthValue'): 1
    IsEnEnabled(0x16c = 'PolicyCommandCode'): 1
    IsEnEnabled(0x16d = 'PolicyCounterTimer'): 1
    IsEnEnabled(0x16e = 'PolicyCpHash'): 1
    IsEnEnabled(0x16f = 'PolicyLocality'): 1
    IsEnEnabled(0x170 = 'PolicyNameHash'): 1
    IsEnEnabled(0x171 = 'PolicyOR'): 1
    IsEnEnabled(0x172 = 'PolicyTicket'): 1
    IsEnEnabled(0x173 = 'ReadPublic'): 1
    IsEnEnabled(0x174 = 'RSA_Encrypt'): 1
    IsEnEnabled(0x175 = '(null)'): 0
    IsEnEnabled(0x176 = 'StartAuthSession'): 1
    IsEnEnabled(0x177 = 'VerifySignature'): 1
    IsEnEnabled(0x178 = 'ECC_Parameters'): 1
    IsEnEnabled(0x179 = '(null)'): 0
    IsEnEnabled(0x17a = 'GetCapability'): 1
    IsEnEnabled(0x17b = 'GetRandom'): 1
    IsEnEnabled(0x17c = 'GetTestResult'): 1
    IsEnEnabled(0x17d = 'Hash'): 1
    IsEnEnabled(0x17e = 'PCR_Read'): 1
    IsEnEnabled(0x17f = 'PolicyPCR'): 1
    IsEnEnabled(0x180 = 'PolicyRestart'): 1
    IsEnEnabled(0x181 = 'ReadClock'): 1
    IsEnEnabled(0x182 = 'PCR_Extend'): 1
    IsEnEnabled(0x183 = 'PCR_SetAuthValue'): 1
    IsEnEnabled(0x184 = 'NV_Certify'): 1
    IsEnEnabled(0x185 = 'EventSequenceComplete'): 1
    IsEnEnabled(0x186 = 'HashSequenceStart'): 1
    IsEnEnabled(0x187 = 'PolicyPhysicalPresence'): 1
    IsEnEnabled(0x188 = 'PolicyDuplicationSelect'): 1
    IsEnEnabled(0x189 = 'PolicyGetDigest'): 1
    IsEnEnabled(0x18a = 'TestParms'): 1
    IsEnEnabled(0x18b = 'Commit'): 1
    IsEnEnabled(0x18c = 'PolicyPassword'): 1
    IsEnEnabled(0x18d = 'ZGen_2Phase'): 1
    IsEnEnabled(0x18e = 'EC_Ephemeral'): 1
    IsEnEnabled(0x18f = 'PolicyNvWritten'): 1
    IsEnEnabled(0x190 = 'PolicyTemplate'): 1
    IsEnEnabled(0x191 = 'CreateLoaded'): 1
    IsEnEnabled(0x192 = 'PolicyAuthorizeNV'): 1
    IsEnEnabled(0x193 = 'EncryptDecrypt2'): 1
    IsEnEnabled(0x194 = '(null)'): 0
    IsEnEnabled(0x195 = '(null)'): 0
    IsEnEnabled(0x196 = '(null)'): 0
    IsEnEnabled(0x197 = 'CertifyX509'): 1
    IsEnEnabled(0x198 = '(null)'): 0
    IsEnEnabled(0x199 = 'ECC_Encrypt'): 0
    IsEnEnabled(0x19a = 'ECC_Decrypt'): 0
    IsEnEnabled(0x19b = 'PolicyCapability'): 0
    IsEnEnabled(0x19c = 'PolicyParameters'): 0
    IsEnEnabled(0x19d = '(null)'): 0
    IsEnEnabled(0x19e = '(null)'): 0
    IsEnEnabled(0x19f = '(null)'): 0
    IsEnEnabled(0x11f = 'NV_UndefineSpaceSpecial'): 1
    IsEnEnabled(0x120 = 'EvictControl'): 1
    IsEnEnabled(0x121 = 'HierarchyControl'): 1
    IsEnEnabled(0x122 = 'NV_UndefineSpace'): 1
    IsEnEnabled(0x123 = '(null)'): 0
    IsEnEnabled(0x124 = 'ChangeEPS'): 1
    IsEnEnabled(0x125 = 'ChangePPS'): 1
    IsEnEnabled(0x126 = 'Clear'): 1
    IsEnEnabled(0x127 = 'ClearControl'): 1
    IsEnEnabled(0x128 = 'ClockSet'): 1
    IsEnEnabled(0x129 = 'HierarchyChangeAuth'): 1
    IsEnEnabled(0x12a = 'NV_DefineSpace'): 1
    IsEnEnabled(0x12b = 'PCR_Allocate'): 1
    IsEnEnabled(0x12c = 'PCR_SetAuthPolicy'): 1
    IsEnEnabled(0x12d = 'PP_Commands'): 1
    IsEnEnabled(0x12e = 'SetPrimaryPolicy'): 1
    IsEnEnabled(0x12f = '(null)'): 0
    IsEnEnabled(0x130 = 'ClockRateAdjust'): 1
    IsEnEnabled(0x131 = 'CreatePrimary'): 1
    IsEnEnabled(0x132 = 'NV_GlobalWriteLock'): 1
    IsEnEnabled(0x133 = 'GetCommandAuditDigest'): 1
    IsEnEnabled(0x134 = 'NV_Increment'): 1
    IsEnEnabled(0x135 = 'NV_SetBits'): 1
    IsEnEnabled(0x136 = 'NV_Extend'): 1
    IsEnEnabled(0x137 = 'NV_Write'): 1
    IsEnEnabled(0x138 = 'NV_WriteLock'): 1
    IsEnEnabled(0x139 = 'DictionaryAttackLockReset'): 1
    IsEnEnabled(0x13a = 'DictionaryAttackParameters'): 1
    IsEnEnabled(0x13b = 'NV_ChangeAuth'): 1
    IsEnEnabled(0x13c = 'PCR_Event'): 1
    IsEnEnabled(0x13d = 'PCR_Reset'): 1
    IsEnEnabled(0x13e = 'SequenceComplete'): 1
    IsEnEnabled(0x13f = 'SetAlgorithmSet'): 1
    IsEnEnabled(0x140 = 'SetCommandCodeAuditStatus'): 1
    IsEnEnabled(0x141 = '(null)'): 0
    IsEnEnabled(0x142 = 'IncrementalSelfTest'): 1
    IsEnEnabled(0x143 = 'SelfTest'): 1
    IsEnEnabled(0x144 = 'Startup'): 1
    IsEnEnabled(0x145 = 'Shutdown'): 1
    IsEnEnabled(0x146 = 'StirRandom'): 1
    IsEnEnabled(0x147 = 'ActivateCredential'): 1
    IsEnEnabled(0x148 = 'Certify'): 1
    IsEnEnabled(0x149 = 'PolicyNV'): 1
    IsEnEnabled(0x14a = 'CertifyCreation'): 1
    IsEnEnabled(0x14b = 'Duplicate'): 1
    IsEnEnabled(0x14c = 'GetTime'): 1
    IsEnEnabled(0x14d = 'GetSessionAuditDigest'): 1
    IsEnEnabled(0x14e = 'NV_Read'): 1
    IsEnEnabled(0x14f = 'NV_ReadLock'): 1
    IsEnEnabled(0x150 = 'ObjectChangeAuth'): 1
    IsEnEnabled(0x151 = 'PolicySecret'): 1
    IsEnEnabled(0x152 = 'Rewrap'): 1
    IsEnEnabled(0x153 = 'Create'): 1
    IsEnEnabled(0x154 = 'ECDH_ZGen'): 1
    IsEnEnabled(0x155 = 'MAC'): 1
    IsEnEnabled(0x156 = 'Import'): 1
    IsEnEnabled(0x157 = 'Load'): 1
    IsEnEnabled(0x158 = 'Quote'): 1
    IsEnEnabled(0x159 = 'RSA_Decrypt'): 1
    IsEnEnabled(0x15a = '(null)'): 0
    IsEnEnabled(0x15b = 'MAC_Start'): 1
    IsEnEnabled(0x15c = 'SequenceUpdate'): 1
    IsEnEnabled(0x15d = 'Sign'): 1
    IsEnEnabled(0x15e = 'Unseal'): 1
    IsEnEnabled(0x15f = '(null)'): 0
    IsEnEnabled(0x160 = 'PolicySigned'): 1
    IsEnEnabled(0x161 = 'ContextLoad'): 1
    IsEnEnabled(0x162 = 'ContextSave'): 1
    IsEnEnabled(0x163 = 'ECDH_KeyGen'): 1
    IsEnEnabled(0x164 = 'EncryptDecrypt'): 1
    IsEnEnabled(0x165 = 'FlushContext'): 1
    IsEnEnabled(0x166 = '(null)'): 0
    IsEnEnabled(0x167 = 'LoadExternal'): 1
    IsEnEnabled(0x168 = 'MakeCredential'): 1
    IsEnEnabled(0x169 = 'NV_ReadPublic'): 1
    IsEnEnabled(0x16a = 'PolicyAuthorize'): 1
    IsEnEnabled(0x16b = 'PolicyAuthValue'): 1
    IsEnEnabled(0x16c = 'PolicyCommandCode'): 1
    IsEnEnabled(0x16d = 'PolicyCounterTimer'): 1
    IsEnEnabled(0x16e = 'PolicyCpHash'): 1
    IsEnEnabled(0x16f = 'PolicyLocality'): 1
    IsEnEnabled(0x170 = 'PolicyNameHash'): 1
    IsEnEnabled(0x171 = 'PolicyOR'): 1
    IsEnEnabled(0x172 = 'PolicyTicket'): 1
    IsEnEnabled(0x173 = 'ReadPublic'): 1
    IsEnEnabled(0x174 = 'RSA_Encrypt'): 1
    IsEnEnabled(0x175 = '(null)'): 0
    IsEnEnabled(0x176 = 'StartAuthSession'): 1
    IsEnEnabled(0x177 = 'VerifySignature'): 1
    IsEnEnabled(0x178 = 'ECC_Parameters'): 1
    IsEnEnabled(0x179 = '(null)'): 0
    IsEnEnabled(0x17a = 'GetCapability'): 1
    IsEnEnabled(0x17b = 'GetRandom'): 1
    IsEnEnabled(0x17c = 'GetTestResult'): 1
    IsEnEnabled(0x17d = 'Hash'): 1
    IsEnEnabled(0x17e = 'PCR_Read'): 1
    IsEnEnabled(0x17f = 'PolicyPCR'): 1
    IsEnEnabled(0x180 = 'PolicyRestart'): 1
    IsEnEnabled(0x181 = 'ReadClock'): 1
    IsEnEnabled(0x182 = 'PCR_Extend'): 1
    IsEnEnabled(0x183 = 'PCR_SetAuthValue'): 1
    IsEnEnabled(0x184 = 'NV_Certify'): 1
    IsEnEnabled(0x185 = 'EventSequenceComplete'): 1
    IsEnEnabled(0x186 = 'HashSequenceStart'): 1
    IsEnEnabled(0x187 = 'PolicyPhysicalPresence'): 1
    IsEnEnabled(0x188 = 'PolicyDuplicationSelect'): 1
    IsEnEnabled(0x189 = 'PolicyGetDigest'): 1
    IsEnEnabled(0x18a = 'TestParms'): 1
    IsEnEnabled(0x18b = 'Commit'): 1
    IsEnEnabled(0x18c = 'PolicyPassword'): 1
    IsEnEnabled(0x18d = 'ZGen_2Phase'): 1
    IsEnEnabled(0x18e = 'EC_Ephemeral'): 1
    IsEnEnabled(0x18f = 'PolicyNvWritten'): 1
    IsEnEnabled(0x190 = 'PolicyTemplate'): 1
    IsEnEnabled(0x191 = 'CreateLoaded'): 1
    IsEnEnabled(0x192 = 'PolicyAuthorizeNV'): 1
    IsEnEnabled(0x193 = 'EncryptDecrypt2'): 1
    IsEnEnabled(0x194 = '(null)'): 0
    IsEnEnabled(0x195 = '(null)'): 0
    IsEnEnabled(0x196 = '(null)'): 0
    IsEnEnabled(0x197 = 'CertifyX509'): 1
    IsEnEnabled(0x198 = '(null)'): 0
    IsEnEnabled(0x199 = 'ECC_Encrypt'): 0
    IsEnEnabled(0x19a = 'ECC_Decrypt'): 0
    IsEnEnabled(0x19b = 'PolicyCapability'): 0
    IsEnEnabled(0x19c = 'PolicyParameters'): 0
    IsEnEnabled(0x19d = '(null)'): 0
    IsEnEnabled(0x19e = '(null)'): 0
    IsEnEnabled(0x19f = '(null)'): 0
 SWTPM_IO_Write: length 387
 80 01 00 00 01 83 00 00 00 00 00 00 00 00 06 00 
 00 00 2E 00 00 01 00 32 2E 30 00 00 00 01 01 00 
 00 00 00 00 00 01 02 00 00 00 B7 00 00 01 03 00 
 00 00 19 00 00 01 04 00 00 07 E8 00 00 01 05 49 
 42 4D 00 00 00 01 06 53 57 20 20 00 00 01 07 20 
 54 50 4D 00 00 01 08 00 00 00 00 00 00 01 09 00 
 00 00 00 00 00 01 0A 00 00 00 01 00 00 01 0B 20 
 24 01 25 00 00 01 0C 00 12 00 00 00 00 01 0D 00 
 00 04 00 00 00 01 0E 00 00 00 03 00 00 01 0F 00 
 00 00 07 00 00 01 10 00 00 00 03 00 00 01 11 00 
 00 00 40 00 00 01 12 00 00 00 18 00 00 01 13 00 
 00 00 03 00 00 01 14 00 00 FF FF 00 00 01 16 00 
 00 00 00 00 00 01 17 00 00 08 00 00 00 01 18 00 
 00 00 06 00 00 01 19 00 00 10 00 00 00 01 1A 00 
 00 00 0D 00 00 01 1B 00 00 00 06 00 00 01 1C 00 
 00 01 00 00 00 01 1D 00 00 00 FF 00 00 01 1E 00 
 00 10 00 00 00 01 1F 00 00 10 00 00 00 01 20 00 
 00 00 40 00 00 01 21 00 00 0A 8C 00 00 01 22 00 
 00 01 94 00 00 01 23 00 00 00 01 00 00 01 24 00 
 00 00 00 00 00 01 25 00 00 01 06 00 00 01 26 00 
 00 00 19 00 00 01 27 00 00 07 E8 00 00 01 28 00 
 00 00 80 00 00 01 29 00 00 00 6E 00 00 01 2A 00 
 00 00 6E 00 00 01 2B 00 00 00 00 00 00 01 2C 00 
 00 04 00 00 00 01 2D 00 00 00 00 00 00 01 2E 00 
 00 04 00 
 SWTPM_IO_Read: length 22
 80 01 00 00 00 16 00 00 01 8A 00 01 00 10 00 10 
 04 00 00 00 00 00 
    IsEnEnabled(0x18a = 'TestParms'): 1
 SWTPM_IO_Write: length 10
 80 01 00 00 00 0A 00 00 00 00 
 SWTPM_IO_Read: length 22
 80 01 00 00 00 16 00 00 01 8A 00 01 00 10 00 10 
 08 00 00 00 00 00 
    IsEnEnabled(0x18a = 'TestParms'): 1
 SWTPM_IO_Write: length 10
 80 01 00 00 00 0A 00 00 00 00 
 SWTPM_IO_Read: length 22
 80 01 00 00 00 16 00 00 01 8A 00 01 00 10 00 10 
 0C 00 00 00 00 00 
    IsEnEnabled(0x18a = 'TestParms'): 1
 SWTPM_IO_Write: length 10
 80 01 00 00 00 0A 00 00 00 00 
 SWTPM_IO_Read: length 22
 80 01 00 00 00 16 00 00 01 8A 00 01 00 10 00 10 
 10 00 00 00 00 00 
    IsEnEnabled(0x18a = 'TestParms'): 1
 SWTPM_IO_Write: length 10
 80 01 00 00 00 0A 00 00 01 C4 
 SWTPM_IO_Read: length 20
 80 01 00 00 00 14 00 00 01 8A 00 23 00 10 00 10 
 00 01 00 10 
    IsEnEnabled(0x18a = 'TestParms'): 1
 SWTPM_IO_Write: length 10
 80 01 00 00 00 0A 00 00 00 00 
 SWTPM_IO_Read: length 20
 80 01 00 00 00 14 00 00 01 8A 00 23 00 10 00 10 
 00 02 00 10 
    IsEnEnabled(0x18a = 'TestParms'): 1
 SWTPM_IO_Write: length 10
 80 01 00 00 00 0A 00 00 00 00 
 SWTPM_IO_Read: length 20
 80 01 00 00 00 14 00 00 01 8A 00 23 00 10 00 10 
 00 03 00 10 
    IsEnEnabled(0x18a = 'TestParms'): 1
 SWTPM_IO_Write: length 10
 80 01 00 00 00 0A 00 00 00 00 
 SWTPM_IO_Read: length 20
 80 01 00 00 00 14 00 00 01 8A 00 23 00 10 00 10 
 00 04 00 10 
    IsEnEnabled(0x18a = 'TestParms'): 1
 SWTPM_IO_Write: length 10
 80 01 00 00 00 0A 00 00 00 00 
 SWTPM_IO_Read: length 20
 80 01 00 00 00 14 00 00 01 8A 00 23 00 10 00 10 
 00 05 00 10 
    IsEnEnabled(0x18a = 'TestParms'): 1
 SWTPM_IO_Write: length 10
 80 01 00 00 00 0A 00 00 00 00 
 SWTPM_IO_Read: length 319
 80 01 00 00 01 3F 00 00 01 76 81 00 00 03 81 00 
 00 03 00 20 46 D4 32 A6 F7 CF 3D 60 4F 50 56 1D 
 32 14 F8 8C A4 FD A4 A7 99 B4 D6 A9 76 5E D5 1C 
 7C EC 04 FB 01 00 04 62 60 B9 9F A5 A5 31 48 2D 
 63 48 66 3F 33 14 16 F9 35 5E 71 68 2A 95 16 59 
 D7 9A 3B B6 36 89 E6 23 CE 17 C8 95 0D E2 E3 84 
 FC E3 00 BE 92 D5 31 1C 88 41 26 5B 82 57 CB F6 
 D0 62 1A 34 E3 16 C2 D9 22 09 04 DB 5B 4B A6 F4 
 DB F3 2F E2 20 A7 33 54 15 BA 08 1E 61 08 88 33 
 39 79 BF 25 40 A3 9A 4D B5 0D 9A 7A 62 94 EB 4D 
 AA 89 2D ED 99 A7 6B 27 AB 81 DF EA E7 D7 71 5B 
 78 2E 94 A3 A9 AA 1C D6 93 C8 18 A4 17 95 EC 95 
 EB 5D 55 7E E3 F7 6C B1 30 A6 00 5B 57 02 9D 98 
 AA FC 6E E2 7D 18 56 52 F4 49 CB 5F 50 77 BE 98 
 9F DA C5 A1 8A 04 AD 33 47 64 91 5E 6E 94 61 53 
 03 1B 2A 42 B1 B3 E6 D5 77 39 D1 32 EF 6A C2 BA 
 2F 3F 9E 15 54 18 A4 65 6D 5E 2A 67 35 F2 75 94 
 CB 4F 78 9E 0F 0F 08 9F 10 76 F1 21 0D 01 81 68 
 C6 6C 35 08 F2 80 B9 3A 0A 6E FC 95 19 36 C6 56 
 C7 5F 90 CB A2 5F 00 00 06 00 80 00 43 00 0B 
    IsEnEnabled(0x176 = 'StartAuthSession'): 1
 SWTPM_IO_Write: length 48
 80 01 00 00 00 30 00 00 00 00 02 00 00 00 00 20 
 F3 E3 9D CE 5E 81 D0 CD F5 EA 52 D0 C8 B3 51 ED 
 83 8D D8 A8 FB 12 3A 59 BA 33 32 39 49 91 5B FA 
 SWTPM_IO_Read: length 14
 80 01 00 00 00 0E 00 00 01 62 02 00 00 00 
    IsEnEnabled(0x162 = 'ContextSave'): 1
 SWTPM_IO_Write: length 414
 80 01 00 00 01 9E 00 00 00 00 00 00 00 00 00 00 
 01 2C 02 00 00 00 40 00 00 07 01 82 00 40 C0 28 
 94 E5 F8 2D 76 B8 3D 8B 40 A9 24 29 9C D2 96 D0 
 A4 27 C3 6A EA 27 AE CA 7E DD 8B 46 45 94 A5 8D 
 E3 2F 5B D2 64 27 D3 24 4F 8F EB 58 A3 76 64 01 
 30 6C 21 00 47 C8 77 40 5D F5 F0 37 A8 2C 07 F4 
 CD ED 67 21 B3 94 07 D3 80 7A 21 7E 2A 9D 5E 6F 
 4A AA 5A A6 05 4F 27 9E 4B 5F F2 61 4B 2C 11 A2 
 AD 03 14 D2 08 CA 10 B7 E1 84 34 44 10 9B 52 22 
 8C 59 6B 5E 01 AD A7 F5 82 FF 5C A5 B8 B9 6F 57 
 45 00 2C D4 85 5A 55 78 D4 F2 98 6C 1D 57 72 50 
 6E 39 7F BB F2 AB 52 F7 98 9C 14 AE 78 16 9F 2F 
 79 0C 60 2F 3C 4D 99 21 67 41 78 9C 0E BD D7 F0 
 2D B8 99 B1 A5 9E 71 13 C5 5B 59 77 5A 03 E8 71 
 2F DB 09 B0 07 75 B1 92 F3 99 E0 67 DF 05 04 E9 
 A1 D4 4C D8 23 CF 5F FF 9F F7 8B EB 96 F2 48 D7 
 F8 CB FB C7 95 BF D4 3D 66 52 D2 BC 1F 32 B8 5D 
 5D 15 90 4A CE AB 10 BF 89 A9 A9 28 A1 F1 53 FD 
 00 50 ED 59 60 1F 85 C3 FC 67 2C 30 A7 FB 48 D5 
 71 7E B1 31 27 51 96 11 F0 13 5B B0 C5 33 34 99 
 69 2F 8F CC 08 9F E5 29 12 6B 31 4B 2D 08 38 E3 
 E4 F7 88 7F D9 B3 B2 CC 7A DF 9F 5C 51 66 E3 2B 
 8B 32 E1 6B 5B D8 28 97 49 C7 08 32 BB 42 F7 04 
 2C E7 8D 52 F0 E8 E6 33 C7 23 76 FA 29 87 34 29 
 A8 4F 19 22 93 ED FC 1B 3D A6 AE 62 FB C4 4A 16 
 85 F1 BE 17 49 A6 AB B9 6B 2D A6 4C 25 02 
 SWTPM_IO_Read: length 414
 80 01 00 00 01 9E 00 00 01 61 00 00 00 00 00 00 
 01 2C 02 00 00 00 40 00 00 07 01 82 00 40 C0 28 
 94 E5 F8 2D 76 B8 3D 8B 40 A9 24 29 9C D2 96 D0 
 A4 27 C3 6A EA 27 AE CA 7E DD 8B 46 45 94 A5 8D 
 E3 2F 5B D2 64 27 D3 24 4F 8F EB 58 A3 76 64 01 
 30 6C 21 00 47 C8 77 40 5D F5 F0 37 A8 2C 07 F4 
 CD ED 67 21 B3 94 07 D3 80 7A 21 7E 2A 9D 5E 6F 
 4A AA 5A A6 05 4F 27 9E 4B 5F F2 61 4B 2C 11 A2 
 AD 03 14 D2 08 CA 10 B7 E1 84 34 44 10 9B 52 22 
 8C 59 6B 5E 01 AD A7 F5 82 FF 5C A5 B8 B9 6F 57 
 45 00 2C D4 85 5A 55 78 D4 F2 98 6C 1D 57 72 50 
 6E 39 7F BB F2 AB 52 F7 98 9C 14 AE 78 16 9F 2F 
 79 0C 60 2F 3C 4D 99 21 67 41 78 9C 0E BD D7 F0 
 2D B8 99 B1 A5 9E 71 13 C5 5B 59 77 5A 03 E8 71 
 2F DB 09 B0 07 75 B1 92 F3 99 E0 67 DF 05 04 E9 
 A1 D4 4C D8 23 CF 5F FF 9F F7 8B EB 96 F2 48 D7 
 F8 CB FB C7 95 BF D4 3D 66 52 D2 BC 1F 32 B8 5D 
 5D 15 90 4A CE AB 10 BF 89 A9 A9 28 A1 F1 53 FD 
 00 50 ED 59 60 1F 85 C3 FC 67 2C 30 A7 FB 48 D5 
 71 7E B1 31 27 51 96 11 F0 13 5B B0 C5 33 34 99 
 69 2F 8F CC 08 9F E5 29 12 6B 31 4B 2D 08 38 E3 
 E4 F7 88 7F D9 B3 B2 CC 7A DF 9F 5C 51 66 E3 2B 
 8B 32 E1 6B 5B D8 28 97 49 C7 08 32 BB 42 F7 04 
 2C E7 8D 52 F0 E8 E6 33 C7 23 76 FA 29 87 34 29 
 A8 4F 19 22 93 ED FC 1B 3D A6 AE 62 FB C4 4A 16 
 85 F1 BE 17 49 A6 AB B9 6B 2D A6 4C 25 02 
    IsEnEnabled(0x161 = 'ContextLoad'): 1
 SWTPM_IO_Write: length 14
 80 01 00 00 00 0E 00 00 00 00 02 00 00 00 
 SWTPM_IO_Read: length 331
 80 02 00 00 01 4B 00 00 01 57 81 00 00 03 00 00 
 00 49 02 00 00 00 00 20 C6 4C AF 3F A9 AB 19 A7 
 C9 93 71 0B A7 5C 57 F1 68 8D 2F EE 78 87 63 A7 
 42 8B FD DF 5B 52 99 25 61 00 20 E5 E0 81 B8 48 
 0B 74 DF BB 51 EF 4E CD 0A 2F 74 46 85 A5 36 44 
 8D 70 4D FA 83 8B F3 AF 3B 28 3F 00 BE FD 71 EC 
 96 9D 9C 2A 5F A6 CE 5F 31 41 BC D3 37 9A 4E 93 
 41 6B BA 11 06 00 00 DB 2C EE 0E D0 B1 67 A1 2D 
 35 14 69 D9 5A 34 85 DD E8 77 EE E7 5B 5C 68 BE 
 4E 1D 2D 97 8F 5A FB C2 14 A0 58 2B 2D 18 E9 57 
 79 EA E4 AC 26 25 BA 71 7E 01 8B 61 EC 2A 47 17 
 6C 08 42 72 F2 77 FE A9 86 0D 14 9C EC 52 E5 06 
 C1 26 67 92 FB 55 DB 6C 0D 09 57 E2 89 AE 2D AD 
 45 11 C9 FB 37 34 71 BE 5B 25 1A 30 71 6E D5 22 
 A2 AD C5 B1 4F 9B 7C D3 BA 4E 57 4E 35 E3 FB 04 
 B7 5F 5D 49 27 D3 FF 7E 18 50 9B 74 86 68 3E 5C 
 3D B9 35 47 18 15 8A 04 62 15 13 E3 E9 7B 26 18 
 D8 3B 3B 07 B3 17 65 1C 2C E2 4B 00 2E 00 08 00 
 0B 00 00 00 52 00 00 00 10 00 20 01 B9 9E 69 32 
 7F 7F 15 63 EA 1C FA 91 64 B2 D8 B9 D6 0F 08 10 
 68 E2 AF 17 00 9C 0B 35 A0 16 F2 
    IsEnEnabled(0x157 = 'Load'): 1
 SWTPM_IO_Write: length 123
 80 02 00 00 00 7B 00 00 00 00 80 00 00 01 00 00 
 00 24 00 22 BC 35 38 0E 67 6E E8 2C 0E F2 A7 77 
 D3 58 9B B5 3E 28 7F 21 1E C7 F7 EC 58 FA 7B 3E 
 C2 96 C1 41 DF 70 00 20 11 DE 4F B5 69 1F AB BD 
 6C E8 79 30 94 5D 31 4A 8D 86 2F E1 40 8D 27 B1 
 04 BA A2 6E AA 09 5D 89 61 00 20 2C 70 B1 43 2F 
 77 DC 97 DE 0A DC 99 20 3D B6 60 1A 26 AC 3C 3D 
 63 14 41 5F 68 13 84 FD 17 4A F6 
 SWTPM_IO_Read: length 14
 80 01 00 00 00 0E 00 00 01 62 80 00 00 01 
    IsEnEnabled(0x162 = 'ContextSave'): 1
 SWTPM_IO_Write: length 456
 80 01 00 00 01 C8 00 00 00 00 00 00 00 00 00 00 
 01 5D 80 00 00 00 40 00 00 01 01 AC 00 40 EF 48 
 C9 F2 73 A5 7C FA 72 4B CE 4B E0 9C EE 81 0D 05 
 10 4F 95 B4 96 D5 49 10 0F F2 CA AE CD 4A 00 7B 
 4F 68 BC 61 D0 24 D5 DD D5 B2 80 AD 4E 61 6D 23 
 85 F4 BD A1 78 40 5A 16 E9 09 DF 1D E7 DC 3E 9C 
 41 8E AE 43 96 00 34 11 90 21 0E AD 99 7A 48 61 
 22 06 27 CC FF B5 4D 4D A4 FD 2E 00 FB 12 11 FC 
 02 38 29 44 44 24 0F B4 FD 6C D9 D0 98 85 54 B4 
 0E 2D C1 98 01 FF A1 C7 C4 FC 76 F0 4E 85 B3 9E 
 A0 0E 97 45 3D 28 26 DD DB 43 B4 CC DF 6E E3 9E 
 1F A8 82 32 AE 86 3E FB 34 36 8B 25 07 A6 C0 C1 
 66 87 BD F6 37 BF 84 AB 2A 41 F3 5E E4 AD 78 52 
 9B BD 95 BB 30 48 30 6A 52 82 7B FE 3A 8C 94 DA 
 9D 4A 98 B7 D9 05 ED E0 BD A8 76 AC 87 CB 8B 3E 
 D2 24 B2 AA 30 ED B8 01 58 CD 96 26 09 92 32 E6 
 D5 1D 47 7D BE BA 6E 6D 39 0A FD 6F C9 BC 5F 91 
 1D C5 43 EC 70 41 62 24 02 81 6A B3 92 D6 AA FA 
 55 F7 2C B9 13 2A B7 0C 1E BA C8 04 A2 A3 C0 E5 
 88 9D AC B5 5F E8 04 28 59 0B EF 39 07 75 1A 71 
 2E 24 64 E3 12 EF AB C5 53 20 B2 59 4C DA A2 73 
 88 04 C7 EE 6C 0D 54 7F C7 31 6F 4A F5 65 30 83 
 CC AA F4 33 AD F4 10 C4 05 A4 E5 00 12 5A 4D F4 
 A9 13 AD 77 71 5A 14 46 C8 5C 65 F7 4B D6 9E D6 
 1D 6E FB B1 B1 8A 1C 49 22 60 4D CE 94 CD CB 1A 
 8F 25 8F 24 7D 6A B5 33 C3 26 39 32 18 A6 A4 31 
 4B D9 6C 6F 51 7D 0D A9 F9 AE C3 B6 CC 6C D9 DA 
 A9 98 40 C5 C4 A3 F3 A2 D2 2E F2 F6 1C E2 DB 63 
 81 30 CB FC 7F AF 5B D1 
 SWTPM_IO_Read: length 14
 80 01 00 00 00 0E 00 00 01 65 80 00 00 01 
    IsEnEnabled(0x165 = 'FlushContext'): 1
 SWTPM_IO_Write: length 10
 80 01 00 00 00 0A 00 00 00 00 
 SWTPM_IO_Read: length 14
 80 01 00 00 00 0E 00 00 01 62 02 00 00 00 
    IsEnEnabled(0x162 = 'ContextSave'): 1
 SWTPM_IO_Write: length 414
 80 01 00 00 01 9E 00 00 00 00 00 00 00 00 00 00 
 01 2D 02 00 00 00 40 00 00 07 01 82 00 40 51 7F 
 42 8C AE 0E F5 1A 54 1D E4 31 FB 0A B4 40 D9 A4 
 C6 EB 87 86 E2 3D 6A 45 D7 66 48 26 8E 48 7C 07 
 8B F5 3F DD 08 78 DA 0E 48 7C C2 2C BC FA E5 5D 
 F9 68 26 3F B4 DE 59 13 51 E7 F7 31 59 7D 69 EC 
 CA 26 63 53 3D 95 17 57 0D 4C D7 A1 BA D2 F9 2A 
 35 20 CE 2F EA 4F 3D 20 2C 7D 9D 04 79 44 EF 40 
 19 37 34 10 A2 E8 FE C3 D9 5C EE 88 95 51 D5 A8 
 84 DE 87 ED 32 E8 34 6F 75 5B BF 3A 1C B7 11 42 
 D1 B1 6E 78 F9 DD FD 49 05 2F C3 99 17 5C AA 66 
 1D E7 24 50 BA 9A 0D F8 7E 79 26 ED 26 BE B3 BC 
 8C 66 24 7D 6C 5C BC AC AD 1F 40 6E 73 A1 9A 5C 
 DC D8 4D EE FC 00 06 85 3B 84 16 8B A3 CF E9 7C 
 56 1D 49 51 A6 B2 EF 41 17 DD 84 F0 CE AF 87 4C 
 F1 82 69 90 F9 A7 4E 0D 7B EC BC 5E B2 E6 32 F7 
 13 7B 2D 8D 76 AE 18 D0 26 E9 31 F3 14 DA 0A 18 
 CF 60 29 3D 0F 66 99 2C D5 E1 17 39 E3 4D 83 B7 
 50 F2 0D 03 8A 48 9F 16 63 4B 0B 1E 16 A8 FC FA 
 A9 7D D5 DA E3 6E 6D 30 F4 65 9C 2C 59 9E 6A 66 
 46 1E BF C4 9B 7C 28 67 32 03 88 3E 0F 68 BA AE 
 B1 D1 A1 A5 C4 BE C8 9C 91 3B F7 54 BE 61 BD 19 
 B2 FD 3B 8C 2D 5D B4 2D EF 6B F4 60 CF F4 5F 8B 
 DE 20 3C 03 E3 BB B9 F6 C5 07 85 2D E0 20 C7 29 
 7E CB 61 87 9D C5 18 DF 8C 31 2F 1B B8 98 EB 89 
 6A 2B AA 38 F2 4D 74 78 AF A9 E8 A7 E0 8E 
 SWTPM_IO_Read: length 456
 80 01 00 00 01 C8 00 00 01 61 00 00 00 00 00 00 
 01 5D 80 00 00 00 40 00 00 01 01 AC 00 40 EF 48 
 C9 F2 73 A5 7C FA 72 4B CE 4B E0 9C EE 81 0D 05 
 10 4F 95 B4 96 D5 49 10 0F F2 CA AE CD 4A 00 7B 
 4F 68 BC 61 D0 24 D5 DD D5 B2 80 AD 4E 61 6D 23 
 85 F4 BD A1 78 40 5A 16 E9 09 DF 1D E7 DC 3E 9C 
 41 8E AE 43 96 00 34 11 90 21 0E AD 99 7A 48 61 
 22 06 27 CC FF B5 4D 4D A4 FD 2E 00 FB 12 11 FC 
 02 38 29 44 44 24 0F B4 FD 6C D9 D0 98 85 54 B4 
 0E 2D C1 98 01 FF A1 C7 C4 FC 76 F0 4E 85 B3 9E 
 A0 0E 97 45 3D 28 26 DD DB 43 B4 CC DF 6E E3 9E 
 1F A8 82 32 AE 86 3E FB 34 36 8B 25 07 A6 C0 C1 
 66 87 BD F6 37 BF 84 AB 2A 41 F3 5E E4 AD 78 52 
 9B BD 95 BB 30 48 30 6A 52 82 7B FE 3A 8C 94 DA 
 9D 4A 98 B7 D9 05 ED E0 BD A8 76 AC 87 CB 8B 3E 
 D2 24 B2 AA 30 ED B8 01 58 CD 96 26 09 92 32 E6 
 D5 1D 47 7D BE BA 6E 6D 39 0A FD 6F C9 BC 5F 91 
 1D C5 43 EC 70 41 62 24 02 81 6A B3 92 D6 AA FA 
 55 F7 2C B9 13 2A B7 0C 1E BA C8 04 A2 A3 C0 E5 
 88 9D AC B5 5F E8 04 28 59 0B EF 39 07 75 1A 71 
 2E 24 64 E3 12 EF AB C5 53 20 B2 59 4C DA A2 73 
 88 04 C7 EE 6C 0D 54 7F C7 31 6F 4A F5 65 30 83 
 CC AA F4 33 AD F4 10 C4 05 A4 E5 00 12 5A 4D F4 
 A9 13 AD 77 71 5A 14 46 C8 5C 65 F7 4B D6 9E D6 
 1D 6E FB B1 B1 8A 1C 49 22 60 4D CE 94 CD CB 1A 
 8F 25 8F 24 7D 6A B5 33 C3 26 39 32 18 A6 A4 31 
 4B D9 6C 6F 51 7D 0D A9 F9 AE C3 B6 CC 6C D9 DA 
 A9 98 40 C5 C4 A3 F3 A2 D2 2E F2 F6 1C E2 DB 63 
 81 30 CB FC 7F AF 5B D1 
    IsEnEnabled(0x161 = 'ContextLoad'): 1
 SWTPM_IO_Write: length 14
 80 01 00 00 00 0E 00 00 00 00 80 00 00 00 
 SWTPM_IO_Read: length 414
 80 01 00 00 01 9E 00 00 01 61 00 00 00 00 00 00 
 01 2D 02 00 00 00 40 00 00 07 01 82 00 40 51 7F 
 42 8C AE 0E F5 1A 54 1D E4 31 FB 0A B4 40 D9 A4 
 C6 EB 87 86 E2 3D 6A 45 D7 66 48 26 8E 48 7C 07 
 8B F5 3F DD 08 78 DA 0E 48 7C C2 2C BC FA E5 5D 
 F9 68 26 3F B4 DE 59 13 51 E7 F7 31 59 7D 69 EC 
 CA 26 63 53 3D 95 17 57 0D 4C D7 A1 BA D2 F9 2A 
 35 20 CE 2F EA 4F 3D 20 2C 7D 9D 04 79 44 EF 40 
 19 37 34 10 A2 E8 FE C3 D9 5C EE 88 95 51 D5 A8 
 84 DE 87 ED 32 E8 34 6F 75 5B BF 3A 1C B7 11 42 
 D1 B1 6E 78 F9 DD FD 49 05 2F C3 99 17 5C AA 66 
 1D E7 24 50 BA 9A 0D F8 7E 79 26 ED 26 BE B3 BC 
 8C 66 24 7D 6C 5C BC AC AD 1F 40 6E 73 A1 9A 5C 
 DC D8 4D EE FC 00 06 85 3B 84 16 8B A3 CF E9 7C 
 56 1D 49 51 A6 B2 EF 41 17 DD 84 F0 CE AF 87 4C 
 F1 82 69 90 F9 A7 4E 0D 7B EC BC 5E B2 E6 32 F7 
 13 7B 2D 8D 76 AE 18 D0 26 E9 31 F3 14 DA 0A 18 
 CF 60 29 3D 0F 66 99 2C D5 E1 17 39 E3 4D 83 B7 
 50 F2 0D 03 8A 48 9F 16 63 4B 0B 1E 16 A8 FC FA 
 A9 7D D5 DA E3 6E 6D 30 F4 65 9C 2C 59 9E 6A 66 
 46 1E BF C4 9B 7C 28 67 32 03 88 3E 0F 68 BA AE 
 B1 D1 A1 A5 C4 BE C8 9C 91 3B F7 54 BE 61 BD 19 
 B2 FD 3B 8C 2D 5D B4 2D EF 6B F4 60 CF F4 5F 8B 
 DE 20 3C 03 E3 BB B9 F6 C5 07 85 2D E0 20 C7 29 
 7E CB 61 87 9D C5 18 DF 8C 31 2F 1B B8 98 EB 89 
 6A 2B AA 38 F2 4D 74 78 AF A9 E8 A7 E0 8E 
    IsEnEnabled(0x161 = 'ContextLoad'): 1
 SWTPM_IO_Write: length 14
 80 01 00 00 00 0E 00 00 00 00 02 00 00 00 
 SWTPM_IO_Read: length 91
 80 02 00 00 00 5B 00 00 01 5E 80 00 00 00 00 00 
 00 49 02 00 00 00 00 20 7E C3 93 4B 59 84 0B A6 
 7E 09 B7 7E 52 37 35 A1 59 80 3D 2D 73 46 6A 58 
 88 C3 0C 46 EE C3 4F 54 41 00 20 1F B5 17 28 35 
 BA 61 38 3A 11 FD 51 41 A5 F6 9C 6E F1 78 8B D2 
 55 C2 7B 2F 05 66 80 FF F7 94 9E 
    IsEnEnabled(0x15e = 'Unseal'): 1
 SWTPM_IO_Write: length 149
 80 02 00 00 00 95 00 00 00 00 00 00 00 42 00 40 
 3F 55 5F A4 4A 19 FA C3 16 E0 AA 3E 0F 25 8C CF 
 FF 20 95 1A 83 63 8A 34 42 FB F4 35 94 F2 CF 54 
 EF 5C 93 9A D1 24 9C BE 52 E1 D8 5F FB 68 BD 19 
 98 B1 E5 B8 7E A0 1B 70 57 35 B4 F0 54 1A 11 74 
 00 20 BA 42 39 7E 30 0F 58 C8 D7 B5 05 CB 1A 61 
 D9 05 5D C5 5C A5 91 B2 81 14 C0 B6 53 A7 10 A2 
 58 E5 41 00 20 9E 7C 18 EC D2 0E DB 98 33 A8 EF 
 83 C4 9B B8 82 7D 87 73 14 69 95 A3 CF 34 6B F7 
 31 C0 81 70 EC 
 SWTPM_IO_Read: length 14
 80 01 00 00 00 0E 00 00 01 62 80 00 00 00 
    IsEnEnabled(0x162 = 'ContextSave'): 1
 SWTPM_IO_Write: length 456
 80 01 00 00 01 C8 00 00 00 00 00 00 00 00 00 00 
 01 5E 80 00 00 00 40 00 00 01 01 AC 00 40 C5 BB 
 B0 0E DB 39 2F 5F 5D 01 2F 68 A8 66 23 B7 8A 71 
 3B 0F 4D 21 00 D0 9D E2 E1 43 5A F8 DB 20 42 36 
 45 D1 34 97 1D F7 36 4A 97 C6 D8 78 A3 67 04 CF 
 EA C0 F0 7A D7 C4 8D 81 09 FF 90 0D 3F AD 59 C0 
 76 AE 91 4A 49 92 67 30 34 CA AA 82 A2 8C 5B 67 
 46 61 11 8C 36 34 CB 0E 5B 5D CA D5 19 70 78 03 
 9C 98 08 A7 20 72 7D FD 56 69 70 FA C7 C0 58 A9 
 13 E4 1B 7D 37 9E 4E 25 00 F5 FE D9 24 43 5F 29 
 3F FF 2D 26 6B 7D 35 C2 B3 D6 2B 13 15 8D 7C D5 
 E8 7B DC 09 50 9C F8 4F 33 4E 4E EB 49 59 90 24 
 3A C3 26 81 DB B8 8D 74 D2 0D 24 2F 05 44 6C 55 
 71 B2 45 E8 48 63 F0 60 B2 0D 5B E1 EE B4 2C D1 
 40 DA 3E 2F D6 F8 BA C1 A0 4D 52 73 DE 0C A6 22 
 61 5C 8F 15 2A 5F 6A BA E8 B5 66 1B 21 7B E4 72 
 68 4A EC F2 1B B6 05 D9 BC D2 6F 47 51 58 C0 75 
 C9 F8 A0 A6 BD 3D B2 9F 58 30 C7 10 EF 18 65 EC 
 97 8A DC 0F 2E F8 C5 48 D3 EE B2 7E A5 3D 51 04 
 89 9A CA BF 91 AF 40 CC 7F 55 71 69 B2 13 9E 8A 
 6D 74 5A 40 FE C9 A0 05 E8 61 77 1F 9B 54 6D ED 
 75 80 FE 39 32 55 1A 0F 99 4D 4F B2 F2 35 C7 E5 
 AF E6 80 52 0C E3 5E 0D 37 FD 8B 1B 93 71 AD B7 
 72 31 D3 46 6E BA B4 BC 49 08 A5 2A 84 EE F5 DB 
 22 96 5B 09 C3 48 BE 21 88 C4 FC DD 67 0E 0C A9 
 94 A6 11 95 4F 6E 0E B3 C3 24 F5 8C 02 80 E6 61 
 10 7D 81 E9 E9 5F 9A BA 6F C6 5F 98 E6 54 A7 83 
 B3 7F 06 4D 60 0B 7F B8 04 DD CB 39 CC 13 9E A8 
 03 8F A9 93 58 B2 0D 2A 
 SWTPM_IO_Read: length 14
 80 01 00 00 00 0E 00 00 01 65 80 00 00 00 
    IsEnEnabled(0x165 = 'FlushContext'): 1
 SWTPM_IO_Write: length 10
 80 01 00 00 00 0A 00 00 00 00 
 SWTPM_IO_Read: length 14
 80 01 00 00 00 0E 00 00 01 62 02 00 00 00 
    IsEnEnabled(0x162 = 'ContextSave'): 1
 SWTPM_IO_Write: length 414
 80 01 00 00 01 9E 00 00 00 00 00 00 00 00 00 00 
 01 2E 02 00 00 00 40 00 00 07 01 82 00 40 6B B2 
 C4 2F 21 35 A9 46 DF 90 95 B4 BB 1B 05 81 C6 65 
 F5 D7 7D B8 2E 34 CE E6 6B C8 8A 10 F4 4D AE C8 
 D5 83 A7 56 1D D0 D1 0A CA 71 0C 83 03 7C C2 27 
 AA 9D C9 2B 58 55 93 AE CE B2 CD 3C 9A B9 BE 36 
 73 DB 14 29 C8 BD 3B DB 53 D1 18 A6 08 80 6D F4 
 67 79 C8 2F 12 DF 24 89 25 66 5A CD 71 D7 2E 48 
 F7 3A 7B 99 DF 41 65 EB 7F 93 25 33 0E AB 96 12 
 88 98 CE 6F 87 66 07 5E 71 1F 8E B8 8F 1E 00 EB 
 3F 93 A7 0F 19 B6 CF CC 39 39 9B 81 25 DE 13 30 
 0D 9F 07 4D 29 00 3D 7D 57 61 71 29 42 F0 A0 38 
 F4 18 A5 47 88 E9 C2 EB 54 06 CC 26 CD DA 86 A9 
 5D 7A 28 0D EB 51 56 7A C0 0A E1 59 3E FD 51 96 
 DC 59 23 52 62 5A BF 07 A8 15 06 E1 95 FE 9B A7 
 5E 63 32 CA B2 B1 69 D8 C3 62 B2 11 9E D6 FD 60 
 DD 2B D3 9E EA B5 B2 C9 F2 50 30 3B 6B 00 03 45 
 C2 60 A3 FE 0F 88 75 73 AA A6 0B DA 2F 4D E6 20 
 01 A8 C2 13 11 36 FB 3B 43 E5 9F 38 47 39 A7 CF 
 B9 38 5F AD 8C 3C AC C7 2C 4A 81 60 0C 29 F1 85 
 67 88 EC 32 01 CB 9A 92 A0 73 47 D5 3B 6D C6 C4 
 0C B3 00 2E 3A B1 D3 EF 02 EE 26 6E 07 31 3C 36 
 1E 55 A9 20 CB 36 BC A3 4A BE 84 DE 91 FA 2E CD 
 5B 06 FB AC C8 76 5E 31 8D 78 C5 93 5A 81 34 E8 
 AD ED 39 F3 D6 48 23 43 54 BE EC 82 3B 4B 5F F0 
 A2 5F 01 C4 32 A1 1B 76 F2 85 F7 6A 55 D0 
 SWTPM_IO_Read: length 456
 80 01 00 00 01 C8 00 00 01 61 00 00 00 00 00 00 
 01 5E 80 00 00 00 40 00 00 01 01 AC 00 40 C5 BB 
 B0 0E DB 39 2F 5F 5D 01 2F 68 A8 66 23 B7 8A 71 
 3B 0F 4D 21 00 D0 9D E2 E1 43 5A F8 DB 20 42 36 
 45 D1 34 97 1D F7 36 4A 97 C6 D8 78 A3 67 04 CF 
 EA C0 F0 7A D7 C4 8D 81 09 FF 90 0D 3F AD 59 C0 
 76 AE 91 4A 49 92 67 30 34 CA AA 82 A2 8C 5B 67 
 46 61 11 8C 36 34 CB 0E 5B 5D CA D5 19 70 78 03 
 9C 98 08 A7 20 72 7D FD 56 69 70 FA C7 C0 58 A9 
 13 E4 1B 7D 37 9E 4E 25 00 F5 FE D9 24 43 5F 29 
 3F FF 2D 26 6B 7D 35 C2 B3 D6 2B 13 15 8D 7C D5 
 E8 7B DC 09 50 9C F8 4F 33 4E 4E EB 49 59 90 24 
 3A C3 26 81 DB B8 8D 74 D2 0D 24 2F 05 44 6C 55 
 71 B2 45 E8 48 63 F0 60 B2 0D 5B E1 EE B4 2C D1 
 40 DA 3E 2F D6 F8 BA C1 A0 4D 52 73 DE 0C A6 22 
 61 5C 8F 15 2A 5F 6A BA E8 B5 66 1B 21 7B E4 72 
 68 4A EC F2 1B B6 05 D9 BC D2 6F 47 51 58 C0 75 
 C9 F8 A0 A6 BD 3D B2 9F 58 30 C7 10 EF 18 65 EC 
 97 8A DC 0F 2E F8 C5 48 D3 EE B2 7E A5 3D 51 04 
 89 9A CA BF 91 AF 40 CC 7F 55 71 69 B2 13 9E 8A 
 6D 74 5A 40 FE C9 A0 05 E8 61 77 1F 9B 54 6D ED 
 75 80 FE 39 32 55 1A 0F 99 4D 4F B2 F2 35 C7 E5 
 AF E6 80 52 0C E3 5E 0D 37 FD 8B 1B 93 71 AD B7 
 72 31 D3 46 6E BA B4 BC 49 08 A5 2A 84 EE F5 DB 
 22 96 5B 09 C3 48 BE 21 88 C4 FC DD 67 0E 0C A9 
 94 A6 11 95 4F 6E 0E B3 C3 24 F5 8C 02 80 E6 61 
 10 7D 81 E9 E9 5F 9A BA 6F C6 5F 98 E6 54 A7 83 
 B3 7F 06 4D 60 0B 7F B8 04 DD CB 39 CC 13 9E A8 
 03 8F A9 93 58 B2 0D 2A 
    IsEnEnabled(0x161 = 'ContextLoad'): 1
 SWTPM_IO_Write: length 14
 80 01 00 00 00 0E 00 00 00 00 80 00 00 00 
 SWTPM_IO_Read: length 414
 80 01 00 00 01 9E 00 00 01 61 00 00 00 00 00 00 
 01 2E 02 00 00 00 40 00 00 07 01 82 00 40 6B B2 
 C4 2F 21 35 A9 46 DF 90 95 B4 BB 1B 05 81 C6 65 
 F5 D7 7D B8 2E 34 CE E6 6B C8 8A 10 F4 4D AE C8 
 D5 83 A7 56 1D D0 D1 0A CA 71 0C 83 03 7C C2 27 
 AA 9D C9 2B 58 55 93 AE CE B2 CD 3C 9A B9 BE 36 
 73 DB 14 29 C8 BD 3B DB 53 D1 18 A6 08 80 6D F4 
 67 79 C8 2F 12 DF 24 89 25 66 5A CD 71 D7 2E 48 
 F7 3A 7B 99 DF 41 65 EB 7F 93 25 33 0E AB 96 12 
 88 98 CE 6F 87 66 07 5E 71 1F 8E B8 8F 1E 00 EB 
 3F 93 A7 0F 19 B6 CF CC 39 39 9B 81 25 DE 13 30 
 0D 9F 07 4D 29 00 3D 7D 57 61 71 29 42 F0 A0 38 
 F4 18 A5 47 88 E9 C2 EB 54 06 CC 26 CD DA 86 A9 
 5D 7A 28 0D EB 51 56 7A C0 0A E1 59 3E FD 51 96 
 DC 59 23 52 62 5A BF 07 A8 15 06 E1 95 FE 9B A7 
 5E 63 32 CA B2 B1 69 D8 C3 62 B2 11 9E D6 FD 60 
 DD 2B D3 9E EA B5 B2 C9 F2 50 30 3B 6B 00 03 45 
 C2 60 A3 FE 0F 88 75 73 AA A6 0B DA 2F 4D E6 20 
 01 A8 C2 13 11 36 FB 3B 43 E5 9F 38 47 39 A7 CF 
 B9 38 5F AD 8C 3C AC C7 2C 4A 81 60 0C 29 F1 85 
 67 88 EC 32 01 CB 9A 92 A0 73 47 D5 3B 6D C6 C4 
 0C B3 00 2E 3A B1 D3 EF 02 EE 26 6E 07 31 3C 36 
 1E 55 A9 20 CB 36 BC A3 4A BE 84 DE 91 FA 2E CD 
 5B 06 FB AC C8 76 5E 31 8D 78 C5 93 5A 81 34 E8 
 AD ED 39 F3 D6 48 23 43 54 BE EC 82 3B 4B 5F F0 
 A2 5F 01 C4 32 A1 1B 76 F2 85 F7 6A 55 D0 
    IsEnEnabled(0x161 = 'ContextLoad'): 1
 SWTPM_IO_Write: length 14
 80 01 00 00 00 0E 00 00 00 00 02 00 00 00 
 SWTPM_IO_Read: length 14
 80 01 00 00 00 0E 00 00 01 65 80 00 00 00 
    IsEnEnabled(0x165 = 'FlushContext'): 1
 SWTPM_IO_Write: length 10
 80 01 00 00 00 0A 00 00 00 00 
 SWTPM_IO_Read: length 14
 80 01 00 00 00 0E 00 00 01 62 80 00 00 00 
    IsEnEnabled(0x162 = 'ContextSave'): 1
 SWTPM_IO_Write: length 10
 80 01 00 00 00 0A 00 00 09 10 
 SWTPM_IO_Read: length 14
 80 01 00 00 00 0E 00 00 01 62 02 00 00 00 
    IsEnEnabled(0x162 = 'ContextSave'): 1
 SWTPM_IO_Write: length 414
 80 01 00 00 01 9E 00 00 00 00 00 00 00 00 00 00 
 01 2F 02 00 00 00 40 00 00 07 01 82 00 40 F6 99 
 DD 04 3A 20 71 3B 05 DD 68 B4 45 18 78 7F 61 B6 
 1F A9 70 E8 98 1D 6D A3 1C E3 C0 D9 7D 93 71 EA 
 54 9A 56 20 50 50 02 47 2B 8B 0C 7B 72 DB 1E F8 
 63 83 25 36 A8 64 78 B6 50 20 8A 0D F8 DC 3B 6A 
 6D 87 6C C2 A8 24 0D B9 19 7D 44 4B 89 3C 17 AC 
 B1 69 E9 8E 11 EA A9 9E 5D 52 76 5D 09 73 87 D3 
 9A 72 1F 3C CB 03 20 11 01 59 56 7F E7 37 F5 12 
 17 25 50 7D BE 77 C0 20 EA 43 C4 FC E9 E5 C7 28 
 12 BB BA CC 68 5B D7 D0 B6 20 DC 5A 86 D0 93 16 
 46 37 2F 42 38 4C 72 F5 0C 6B AD 93 AD 76 B7 28 
 DC FE 28 BD F1 D3 6D EE AE 30 D0 57 65 8B 9F 44 
 CC 6F 43 DC 48 23 45 44 13 48 F6 7D E1 1E DE 0C 
 7E 0E 95 26 D2 28 A2 93 39 78 C9 37 22 4E CC DB 
 8A E2 1B 1E 12 32 94 AF 42 7E 6A 87 45 1F 22 2C 
 0F DB 9B 11 39 47 5F B6 CD EC 56 FE FF 01 61 23 
 51 A5 F8 7B 60 24 0D 76 B4 46 9F 1F 4E 4C 6A B1 
 5A E2 3E 7E EB 27 26 DA EE 86 A6 7D D5 56 BC AE 
 C9 51 53 6F C3 32 9B 07 C7 90 93 C9 64 5B FA 8B 
 B1 3B 2F 04 86 95 AB 13 53 BD 65 3C 49 EE 9E 73 
 42 9D EA 37 DA 91 DC B0 BA 95 E8 03 78 76 0C B9 
 57 CD 40 0C 07 25 8E AC F1 90 1F 6E 40 EF 89 45 
 84 6D 1C C7 36 E6 05 50 42 22 D3 AA 3D C4 E1 6B 
 09 D6 9D 34 AB 3B 9C 79 FF A1 68 BB 35 42 B5 C7 
 6D 11 8D 46 AC 89 CD 89 28 DA 0E B2 EA 12 
 SWTPM_IO_Read: length 414
 80 01 00 00 01 9E 00 00 01 61 00 00 00 00 00 00 
 01 2F 02 00 00 00 40 00 00 07 01 82 00 40 F6 99 
 DD 04 3A 20 71 3B 05 DD 68 B4 45 18 78 7F 61 B6 
 1F A9 70 E8 98 1D 6D A3 1C E3 C0 D9 7D 93 71 EA 
 54 9A 56 20 50 50 02 47 2B 8B 0C 7B 72 DB 1E F8 
 63 83 25 36 A8 64 78 B6 50 20 8A 0D F8 DC 3B 6A 
 6D 87 6C C2 A8 24 0D B9 19 7D 44 4B 89 3C 17 AC 
 B1 69 E9 8E 11 EA A9 9E 5D 52 76 5D 09 73 87 D3 
 9A 72 1F 3C CB 03 20 11 01 59 56 7F E7 37 F5 12 
 17 25 50 7D BE 77 C0 20 EA 43 C4 FC E9 E5 C7 28 
 12 BB BA CC 68 5B D7 D0 B6 20 DC 5A 86 D0 93 16 
 46 37 2F 42 38 4C 72 F5 0C 6B AD 93 AD 76 B7 28 
 DC FE 28 BD F1 D3 6D EE AE 30 D0 57 65 8B 9F 44 
 CC 6F 43 DC 48 23 45 44 13 48 F6 7D E1 1E DE 0C 
 7E 0E 95 26 D2 28 A2 93 39 78 C9 37 22 4E CC DB 
 8A E2 1B 1E 12 32 94 AF 42 7E 6A 87 45 1F 22 2C 
 0F DB 9B 11 39 47 5F B6 CD EC 56 FE FF 01 61 23 
 51 A5 F8 7B 60 24 0D 76 B4 46 9F 1F 4E 4C 6A B1 
 5A E2 3E 7E EB 27 26 DA EE 86 A6 7D D5 56 BC AE 
 C9 51 53 6F C3 32 9B 07 C7 90 93 C9 64 5B FA 8B 
 B1 3B 2F 04 86 95 AB 13 53 BD 65 3C 49 EE 9E 73 
 42 9D EA 37 DA 91 DC B0 BA 95 E8 03 78 76 0C B9 
 57 CD 40 0C 07 25 8E AC F1 90 1F 6E 40 EF 89 45 
 84 6D 1C C7 36 E6 05 50 42 22 D3 AA 3D C4 E1 6B 
 09 D6 9D 34 AB 3B 9C 79 FF A1 68 BB 35 42 B5 C7 
 6D 11 8D 46 AC 89 CD 89 28 DA 0E B2 EA 12 
    IsEnEnabled(0x161 = 'ContextLoad'): 1
 SWTPM_IO_Write: length 14
 80 01 00 00 00 0E 00 00 00 00 02 00 00 00 
 SWTPM_IO_Read: length 307
 80 02 00 00 01 33 00 00 01 57 81 00 00 03 00 00 
 00 49 02 00 00 00 00 20 6F 9F 32 3F DB 95 A5 61 
 45 07 FA A9 ED 24 42 1F EE B2 11 B2 CE 3B 68 85 
 33 90 68 DE EF BD D0 CD 61 00 20 DD C4 21 95 61 
 ED A6 32 B6 24 05 64 FC 3E F5 B5 66 06 31 E7 D8 
 6F B4 38 F2 34 47 8B 33 6A BE 59 00 7E 2D 76 21 
 51 66 4D 74 B4 AD 5D AB 2B F3 CC 4A D5 85 1A CA 
 97 44 E8 2D E6 84 62 DD C3 51 29 41 9D 29 B4 CC 
 28 42 08 2C D6 83 97 2E 54 40 38 01 A8 70 5A 37 
 ED 7F B5 C3 16 E3 7B E0 D5 97 31 8E E6 A6 55 BE 
 DF E5 7A DA AA 78 4F C2 67 54 62 D0 A7 12 9B 4C 
 59 B1 F9 9D 54 9D 01 D1 D7 76 5C 36 84 29 D3 E7 
 CC 92 C3 4C 8C D3 69 6E 42 55 C8 84 74 65 7C C6 
 48 E4 77 28 C1 4D 8A E3 C5 A6 52 00 56 00 23 00 
 0B 00 06 00 72 00 00 00 10 00 10 00 03 00 10 00 
 20 78 FD A7 06 44 48 28 5B 6B 00 D8 74 BC 42 7C 
 46 21 63 88 DE 8B 73 27 02 AE 6F 32 B1 19 6D A8 
 46 00 20 2F C7 1A 25 F7 EB 88 A6 CC C6 6C 52 75 
 15 18 75 B8 7F C8 62 EB 58 3D 4A 2C 9B 34 52 7C 
 32 50 E7 
    IsEnEnabled(0x157 = 'Load'): 1
 SWTPM_IO_Write: length 123
 80 02 00 00 00 7B 00 00 00 00 80 00 00 01 00 00 
 00 24 00 22 11 32 5F D5 CD DF E0 79 57 94 66 E1 
 EC C5 D1 2A D7 F5 FF 4D 7B AF 7B 47 C3 F8 16 CE 
 08 20 D3 B6 B3 7A 00 20 C7 3D 35 8A EF B0 3F 0B 
 25 EA D5 F8 80 7D 27 7D CD 4A 1B 89 68 EC 79 AB 
 7F C3 96 DA D5 B6 67 C2 61 00 20 62 0D 60 9A 95 
 40 ED 53 E6 3D 91 6A CC 55 B6 D0 BC E0 31 1C 79 
 6B F3 67 2E 16 A2 68 23 1A 83 16 
 SWTPM_IO_Read: length 14
 80 01 00 00 00 0E 00 00 01 62 80 00 00 01 
    IsEnEnabled(0x162 = 'ContextSave'): 1
 SWTPM_IO_Write: length 432
 80 01 00 00 01 B0 00 00 00 00 00 00 00 00 00 00 
 01 5F 80 00 00 00 40 00 00 01 01 94 00 40 B7 B5 
 EC 04 0A E9 1B 99 78 3C 65 FA A8 D6 47 5C FF A3 
 6E 13 FC EF F6 B1 27 CF 3C EF DF 6C 6E F4 51 33 
 AC DF 6D 1D 63 05 26 6E 4B A8 8D 93 C0 F3 45 C0 
 90 AE 4F 6C F6 B6 BB 5F F1 D3 62 CF 27 D4 40 8C 
 8D 4B 61 CA 46 6D FC FF D5 E1 9D A2 E6 39 2E 71 
 44 22 4F 92 3C 19 7F 91 46 9C 4D 83 7A A4 23 BE 
 72 59 7C 3A 06 84 17 44 97 C3 E6 67 9E AF 07 9A 
 37 4A B1 97 4F 78 C5 48 C6 81 B3 8C BD F9 9B 35 
 08 EB 99 D2 11 E0 F3 CD 93 E5 87 7F F6 BD EF D4 
 38 D8 19 15 C9 29 E6 4E A0 1E 98 A6 78 B4 6F 07 
 1A 56 33 2B 68 6C BD 4B 66 AE 86 0D B2 95 AB C3 
 9F 20 0F 5C B0 E2 69 F5 4A DE 43 F8 50 BE 18 EA 
 6B DD BC A1 91 94 56 03 A9 82 2C FE 65 E0 C2 07 
 A2 07 80 DA 6D A3 0E 8C 84 17 CA 86 4B 03 FE 98 
 46 F6 17 A6 5D 75 16 93 84 83 61 01 3A 74 18 35 
 E3 00 12 6A 48 54 F3 FF 7D E5 14 1B ED 1A FA C5 
 4A 48 6E EE 6E 23 99 D1 72 C3 F8 B3 E6 85 F9 9A 
 07 20 74 2D 5D 7C 4F 16 28 96 DF 24 33 65 FA 47 
 FE 9E E3 8F 15 1E DF AD 29 EA 5D F9 59 74 48 EA 
 25 B9 97 A5 59 37 26 23 15 18 94 3E E0 E7 9B 4D 
 84 CB A7 E9 5A AC D9 8C 6B DB D0 15 CB CC AD C7 
 FB BB EF 01 CD 90 34 F9 F3 1C A6 47 49 38 58 E1 
 C8 BB D2 9A D5 2A 1B 6D E2 F0 9A BC DF FB 51 60 
 AA 2D 16 8E 62 67 94 EF D6 02 5C F1 F1 D1 2C E5 
 76 1D 95 C7 E0 C8 6A D3 AA 05 84 33 A8 D9 EC 9E 
 SWTPM_IO_Read: length 14
 80 01 00 00 00 0E 00 00 01 65 80 00 00 01 
    IsEnEnabled(0x165 = 'FlushContext'): 1
 SWTPM_IO_Write: length 10
 80 01 00 00 00 0A 00 00 00 00 
 SWTPM_IO_Read: length 14
 80 01 00 00 00 0E 00 00 01 62 02 00 00 00 
    IsEnEnabled(0x162 = 'ContextSave'): 1
 SWTPM_IO_Write: length 414
 80 01 00 00 01 9E 00 00 00 00 00 00 00 00 00 00 
 01 30 02 00 00 00 40 00 00 07 01 82 00 40 79 5C 
 C8 43 BA 69 12 CE C9 A9 23 55 67 A2 F8 48 1B A5 
 47 20 69 6A 5E 9F 0A D8 33 B6 51 A5 FD FD 48 BD 
 66 2E 67 AE 5A FA 29 C2 C2 37 0C 35 DB 60 BB 75 
 7E 99 4E 63 D1 15 5B DF FF 2F 2A 86 A9 70 92 35 
 E6 E9 D8 62 3F B1 C0 B9 8F 50 2E 18 25 45 61 FD 
 D2 15 DA 9F D7 6E 51 32 6A BF D6 61 75 6C 8E 6C 
 30 4C 5D 65 29 08 57 EB E7 40 F0 C1 B0 07 31 FA 
 42 87 4C 87 3C 23 2E 10 F7 BC AD FD 4E 91 E6 8F 
 7B 43 26 1B 2A 26 D8 14 B9 F2 BB 40 14 5B C4 B6 
 A9 AB 7F 80 6E 30 41 C0 D0 1C B1 4B 2F 20 1F B1 
 54 1F BB EB 53 22 AD FD AC 80 64 70 9C 3D 3C 58 
 ED 87 50 EB 7A FE B0 95 3D D3 E7 06 2B D2 DC 7B 
 35 A3 93 71 DE E8 8B A1 13 69 21 22 05 76 61 54 
 49 EC F7 D1 90 47 21 34 38 49 D0 13 10 FD 29 28 
 77 E6 F9 E9 08 CC 7C B4 51 2E 0C 9C 4D 16 10 2C 
 DE 89 18 4E 47 8A 66 99 35 C8 52 44 E4 99 6B 26 
 AC AE FB AE 9C 3F A3 62 7B 0E 5B 26 FE 3D EA 84 
 9D B7 92 EE 3B 71 D1 93 5D 92 6D C0 2F 74 48 A8 
 3B 7F 0C 84 5F 97 F7 5B 39 D1 66 49 3E 33 85 BC 
 48 83 FB E9 EC E7 17 3D 1D B7 33 00 7A 27 EB 5A 
 A6 61 76 A6 EE 49 ED 7E D9 E1 97 D6 88 97 9E 5D 
 F4 F5 F0 A5 E4 C8 B7 8A CC FB EA 3F 03 1B 57 39 
 C1 0D 1D 47 A0 4C BC 35 89 B5 F8 A2 75 40 98 96 
 22 F3 09 33 37 E1 AD D5 BC C6 1C E5 25 88 
 SWTPM_IO_Read: length 432
 80 01 00 00 01 B0 00 00 01 61 00 00 00 00 00 00 
 01 5F 80 00 00 00 40 00 00 01 01 94 00 40 B7 B5 
 EC 04 0A E9 1B 99 78 3C 65 FA A8 D6 47 5C FF A3 
 6E 13 FC EF F6 B1 27 CF 3C EF DF 6C 6E F4 51 33 
 AC DF 6D 1D 63 05 26 6E 4B A8 8D 93 C0 F3 45 C0 
 90 AE 4F 6C F6 B6 BB 5F F1 D3 62 CF 27 D4 40 8C 
 8D 4B 61 CA 46 6D FC FF D5 E1 9D A2 E6 39 2E 71 
 44 22 4F 92 3C 19 7F 91 46 9C 4D 83 7A A4 23 BE 
 72 59 7C 3A 06 84 17 44 97 C3 E6 67 9E AF 07 9A 
 37 4A B1 97 4F 78 C5 48 C6 81 B3 8C BD F9 9B 35 
 08 EB 99 D2 11 E0 F3 CD 93 E5 87 7F F6 BD EF D4 
 38 D8 19 15 C9 29 E6 4E A0 1E 98 A6 78 B4 6F 07 
 1A 56 33 2B 68 6C BD 4B 66 AE 86 0D B2 95 AB C3 
 9F 20 0F 5C B0 E2 69 F5 4A DE 43 F8 50 BE 18 EA 
 6B DD BC A1 91 94 56 03 A9 82 2C FE 65 E0 C2 07 
 A2 07 80 DA 6D A3 0E 8C 84 17 CA 86 4B 03 FE 98 
 46 F6 17 A6 5D 75 16 93 84 83 61 01 3A 74 18 35 
 E3 00 12 6A 48 54 F3 FF 7D E5 14 1B ED 1A FA C5 
 4A 48 6E EE 6E 23 99 D1 72 C3 F8 B3 E6 85 F9 9A 
 07 20 74 2D 5D 7C 4F 16 28 96 DF 24 33 65 FA 47 
 FE 9E E3 8F 15 1E DF AD 29 EA 5D F9 59 74 48 EA 
 25 B9 97 A5 59 37 26 23 15 18 94 3E E0 E7 9B 4D 
 84 CB A7 E9 5A AC D9 8C 6B DB D0 15 CB CC AD C7 
 FB BB EF 01 CD 90 34 F9 F3 1C A6 47 49 38 58 E1 
 C8 BB D2 9A D5 2A 1B 6D E2 F0 9A BC DF FB 51 60 
 AA 2D 16 8E 62 67 94 EF D6 02 5C F1 F1 D1 2C E5 
 76 1D 95 C7 E0 C8 6A D3 AA 05 84 33 A8 D9 EC 9E 
    IsEnEnabled(0x161 = 'ContextLoad'): 1
 SWTPM_IO_Write: length 14
 80 01 00 00 00 0E 00 00 00 00 80 00 00 00 
 SWTPM_IO_Read: length 414
 80 01 00 00 01 9E 00 00 01 61 00 00 00 00 00 00 
 01 30 02 00 00 00 40 00 00 07 01 82 00 40 79 5C 
 C8 43 BA 69 12 CE C9 A9 23 55 67 A2 F8 48 1B A5 
 47 20 69 6A 5E 9F 0A D8 33 B6 51 A5 FD FD 48 BD 
 66 2E 67 AE 5A FA 29 C2 C2 37 0C 35 DB 60 BB 75 
 7E 99 4E 63 D1 15 5B DF FF 2F 2A 86 A9 70 92 35 
 E6 E9 D8 62 3F B1 C0 B9 8F 50 2E 18 25 45 61 FD 
 D2 15 DA 9F D7 6E 51 32 6A BF D6 61 75 6C 8E 6C 
 30 4C 5D 65 29 08 57 EB E7 40 F0 C1 B0 07 31 FA 
 42 87 4C 87 3C 23 2E 10 F7 BC AD FD 4E 91 E6 8F 
 7B 43 26 1B 2A 26 D8 14 B9 F2 BB 40 14 5B C4 B6 
 A9 AB 7F 80 6E 30 41 C0 D0 1C B1 4B 2F 20 1F B1 
 54 1F BB EB 53 22 AD FD AC 80 64 70 9C 3D 3C 58 
 ED 87 50 EB 7A FE B0 95 3D D3 E7 06 2B D2 DC 7B 
 35 A3 93 71 DE E8 8B A1 13 69 21 22 05 76 61 54 
 49 EC F7 D1 90 47 21 34 38 49 D0 13 10 FD 29 28 
 77 E6 F9 E9 08 CC 7C B4 51 2E 0C 9C 4D 16 10 2C 
 DE 89 18 4E 47 8A 66 99 35 C8 52 44 E4 99 6B 26 
 AC AE FB AE 9C 3F A3 62 7B 0E 5B 26 FE 3D EA 84 
 9D B7 92 EE 3B 71 D1 93 5D 92 6D C0 2F 74 48 A8 
 3B 7F 0C 84 5F 97 F7 5B 39 D1 66 49 3E 33 85 BC 
 48 83 FB E9 EC E7 17 3D 1D B7 33 00 7A 27 EB 5A 
 A6 61 76 A6 EE 49 ED 7E D9 E1 97 D6 88 97 9E 5D 
 F4 F5 F0 A5 E4 C8 B7 8A CC FB EA 3F 03 1B 57 39 
 C1 0D 1D 47 A0 4C BC 35 89 B5 F8 A2 75 40 98 96 
 22 F3 09 33 37 E1 AD D5 BC C6 1C E5 25 88 
    IsEnEnabled(0x161 = 'ContextLoad'): 1
 SWTPM_IO_Write: length 14
 80 01 00 00 00 0E 00 00 00 00 02 00 00 00 
 SWTPM_IO_Read: length 137
 80 02 00 00 00 89 00 00 01 5D 80 00 00 00 00 00 
 00 49 02 00 00 00 00 20 94 AC B3 DE 81 EB 00 7B 
 25 2D 62 0C BC 92 53 36 B4 C9 84 EB 22 B4 10 4C 
 DA 6F 4B 69 13 D9 4B CE 21 00 20 41 6D E9 4B 1C 
 3D 88 B6 21 19 C5 F2 07 34 0D 8D A5 64 98 5D 02 
 3D 0B 72 23 2C 5B 42 93 3E 57 04 00 20 19 42 59 
 10 5E 2A C0 A0 3C 11 C8 98 63 B4 3B 05 1B 40 CD 
 35 82 79 0A AA 35 31 E2 46 16 70 8B 9E 00 18 00 
 0B 80 24 40 00 00 07 00 00 
    IsEnEnabled(0x15d = 'Sign'): 1
 SWTPM_IO_Write: length 155
 80 02 00 00 00 9B 00 00 00 00 00 00 00 48 00 18 
 00 0B 00 20 AC 77 32 9B 09 5A DB A5 FD 22 A9 0B 
 DD D1 4A 91 F2 6E F2 CF 1E 0F C0 38 49 74 10 32 
 D0 29 C0 7D 00 20 49 74 57 E8 3A 7F BC 7E 8F E7 
 E0 36 52 A1 B4 BD 63 E4 BB C2 FD 33 DA 11 91 98 
 72 C5 82 E3 2B F1 00 20 9B 03 43 14 2E C8 EA BA 
 C3 AB E7 D7 3F C0 29 D8 91 11 81 C0 0D 9D 7F EE 
 62 39 0F 52 EB E1 0F 60 21 00 20 64 7F 9C 6F 09 
 E6 FD 36 B7 1D 77 EE 17 3D 8D 86 B5 4C 7F 02 4A 
 D9 0B 2A 7A 02 EA C8 37 0F 14 D9 
 SWTPM_IO_Read: length 14
 80 01 00 00 00 0E 00 00 01 62 80 00 00 00 
    IsEnEnabled(0x162 = 'ContextSave'): 1
 SWTPM_IO_Write: length 432
 80 01 00 00 01 B0 00 00 00 00 00 00 00 00 00 00 
 01 60 80 00 00 00 40 00 00 01 01 94 00 40 8A B0 
 91 CE 93 88 16 4E CA CA 5E 34 BA 9D D2 7C 53 50 
 F6 09 BF E7 01 96 EB 91 10 F6 E9 E0 A5 BF C6 1A 
 0C D3 4F F4 51 8D 04 1A 44 72 24 49 FF 39 D0 DD 
 03 FD F4 72 B3 A2 B6 FA 2E 8F 22 6B BE D9 A1 32 
 96 EF F9 6B 5F 74 64 CE AB 28 B4 D2 FB D0 DB E9 
 08 B0 EF 47 A2 B0 56 1D B5 5A E3 ED 56 95 99 DF 
 24 C4 3F 38 26 97 12 EB FC 13 3E 27 3D C3 C3 E6 
 DB 98 EA 64 5A A5 02 F1 11 0C F9 CD C4 B8 D2 55 
 18 0F FB A6 DB 05 59 88 90 64 F4 73 97 2D 3F F0 
 F1 DA 76 13 D4 5B E2 CB CD 51 2C 9F 3D C1 40 34 
 58 C4 90 46 95 2C 09 A8 09 C4 F8 06 B6 46 A6 78 
 EF C4 4C 4D 83 A6 2D 58 10 0B 4D 15 7A E4 75 7D 
 8E 7D E0 C1 32 6B 5B AB 9F 5C 26 15 66 49 FB CE 
 5B 34 FD BA 7D A7 71 97 AE 81 02 96 45 2A 6F 94 
 CD 8E 00 99 1D 46 99 F6 0F 4A 35 FC 75 B3 5F 03 
 92 6C 83 40 99 23 E4 A9 73 43 DF DA 16 63 5B 8B 
 C0 A5 F1 FD E1 3D EB 14 A8 C8 18 44 56 2A 06 C6 
 EA 3F EF 79 52 CC 2A D6 A2 D0 A9 76 B1 29 57 74 
 25 D0 14 F6 9B 97 8D 6C 7F 25 DD BE E6 29 43 56 
 DF D6 B7 26 A2 DE CB E8 EA 85 82 B1 20 26 C6 25 
 94 70 DD C3 E4 AF 31 74 5D 05 B1 93 9D 2D AF 4C 
 18 FB AC 2D 90 A7 ED EA 23 72 F8 5F F7 66 EB EC 
 23 39 8B B7 D7 53 F0 C8 7A AD 3A AC 47 CD C9 82 
 56 19 94 C1 0E D3 AA 37 84 88 FA DD 30 9B EC F5 
 73 EC B2 87 38 EF 36 9F 9B 6C 4D DF C5 8B 9A 45 
 SWTPM_IO_Read: length 14
 80 01 00 00 00 0E 00 00 01 65 80 00 00 00 
    IsEnEnabled(0x165 = 'FlushContext'): 1
 SWTPM_IO_Write: length 10
 80 01 00 00 00 0A 00 00 00 00 
 SWTPM_IO_Read: length 14
 80 01 00 00 00 0E 00 00 01 62 02 00 00 00 
    IsEnEnabled(0x162 = 'ContextSave'): 1
 SWTPM_IO_Write: length 414
 80 01 00 00 01 9E 00 00 00 00 00 00 00 00 00 00 
 01 31 02 00 00 00 40 00 00 07 01 82 00 40 47 F7 
 CA FD 30 91 25 AC CC B0 EF 25 DD 42 78 36 9D 8B 
 49 C5 BF 7F 14 73 69 F7 66 8A 67 5B FC 64 BD 44 
 D8 36 6A 0E 7A B0 7A 59 9B 18 65 1F 9E 7C 5E 62 
 09 1D 17 48 01 81 23 C5 47 33 6F 89 32 87 21 CB 
 7C E6 B3 4E 24 A5 34 14 AF E5 BB 11 FB E6 A9 AB 
 00 AA 4C 34 A7 ED 2C 2E 8A 87 23 B9 52 6A 74 5E 
 9C 10 15 F4 02 FB 89 AA 97 6D EF 45 EE 5B 8A DB 
 C5 70 87 A2 70 E8 2B DD 66 43 6D E5 8F A5 E7 C0 
 E4 FA CA D3 46 AB 0A 4F AC C7 D2 6B D0 D4 83 2C 
 12 C0 8C 9A 8A DF 61 ED 81 55 43 0E C3 E9 2B 57 
 FC 7B 46 BB 44 C5 08 28 44 3E 8F 3A 22 3A 2D 17 
 FA C8 55 58 D0 5C 64 97 13 AD D8 CE 35 37 2E 63 
 E1 DF FD 2E A3 02 A8 57 EB DD 79 B0 71 7F 40 AC 
 BB 14 98 45 0B B1 7E 4A 04 9B 7E 67 F9 92 2F DA 
 30 4F 28 86 A5 2B E2 C6 6F E9 C8 48 14 BC D8 58 
 18 74 FD DF 4D E5 28 4C 55 11 6A C7 84 B9 C3 8F 
 8E 99 D7 F6 2E 13 B8 49 DB E9 10 D6 13 D2 E9 D9 
 C8 8B EC E0 7D 38 B0 D4 4D E3 96 8C 32 C2 97 2B 
 BE E4 F4 48 1C B8 DA 86 66 51 22 FA 68 4D 55 84 
 64 D1 B1 E0 15 CB 91 6F 7A 68 AD E8 21 1D DE 22 
 92 83 CA B8 25 FC 19 BA C7 70 10 FD 4C F2 A5 50 
 02 81 7F B7 1C 47 D5 2E C4 B8 06 EB 5C FD DA 44 
 5C DE A5 6F 18 CC D5 6A 41 FC 5F A4 E1 47 AA BB 
 0D 3D 83 7B AF 4F 63 25 9F F6 EF 92 11 9F 
 SWTPM_IO_Read: length 432
 80 01 00 00 01 B0 00 00 01 61 00 00 00 00 00 00 
 01 60 80 00 00 00 40 00 00 01 01 94 00 40 8A B0 
 91 CE 93 88 16 4E CA CA 5E 34 BA 9D D2 7C 53 50 
 F6 09 BF E7 01 96 EB 91 10 F6 E9 E0 A5 BF C6 1A 
 0C D3 4F F4 51 8D 04 1A 44 72 24 49 FF 39 D0 DD 
 03 FD F4 72 B3 A2 B6 FA 2E 8F 22 6B BE D9 A1 32 
 96 EF F9 6B 5F 74 64 CE AB 28 B4 D2 FB D0 DB E9 
 08 B0 EF 47 A2 B0 56 1D B5 5A E3 ED 56 95 99 DF 
 24 C4 3F 38 26 97 12 EB FC 13 3E 27 3D C3 C3 E6 
 DB 98 EA 64 5A A5 02 F1 11 0C F9 CD C4 B8 D2 55 
 18 0F FB A6 DB 05 59 88 90 64 F4 73 97 2D 3F F0 
 F1 DA 76 13 D4 5B E2 CB CD 51 2C 9F 3D C1 40 34 
 58 C4 90 46 95 2C 09 A8 09 C4 F8 06 B6 46 A6 78 
 EF C4 4C 4D 83 A6 2D 58 10 0B 4D 15 7A E4 75 7D 
 8E 7D E0 C1 32 6B 5B AB 9F 5C 26 15 66 49 FB CE 
 5B 34 FD BA 7D A7 71 97 AE 81 02 96 45 2A 6F 94 
 CD 8E 00 99 1D 46 99 F6 0F 4A 35 FC 75 B3 5F 03 
 92 6C 83 40 99 23 E4 A9 73 43 DF DA 16 63 5B 8B 
 C0 A5 F1 FD E1 3D EB 14 A8 C8 18 44 56 2A 06 C6 
 EA 3F EF 79 52 CC 2A D6 A2 D0 A9 76 B1 29 57 74 
 25 D0 14 F6 9B 97 8D 6C 7F 25 DD BE E6 29 43 56 
 DF D6 B7 26 A2 DE CB E8 EA 85 82 B1 20 26 C6 25 
 94 70 DD C3 E4 AF 31 74 5D 05 B1 93 9D 2D AF 4C 
 18 FB AC 2D 90 A7 ED EA 23 72 F8 5F F7 66 EB EC 
 23 39 8B B7 D7 53 F0 C8 7A AD 3A AC 47 CD C9 82 
 56 19 94 C1 0E D3 AA 37 84 88 FA DD 30 9B EC F5 
 73 EC B2 87 38 EF 36 9F 9B 6C 4D DF C5 8B 9A 45 
    IsEnEnabled(0x161 = 'ContextLoad'): 1
 SWTPM_IO_Write: length 14
 80 01 00 00 00 0E 00 00 00 00 80 00 00 00 
 SWTPM_IO_Read: length 414
 80 01 00 00 01 9E 00 00 01 61 00 00 00 00 00 00 
 01 31 02 00 00 00 40 00 00 07 01 82 00 40 47 F7 
 CA FD 30 91 25 AC CC B0 EF 25 DD 42 78 36 9D 8B 
 49 C5 BF 7F 14 73 69 F7 66 8A 67 5B FC 64 BD 44 
 D8 36 6A 0E 7A B0 7A 59 9B 18 65 1F 9E 7C 5E 62 
 09 1D 17 48 01 81 23 C5 47 33 6F 89 32 87 21 CB 
 7C E6 B3 4E 24 A5 34 14 AF E5 BB 11 FB E6 A9 AB 
 00 AA 4C 34 A7 ED 2C 2E 8A 87 23 B9 52 6A 74 5E 
 9C 10 15 F4 02 FB 89 AA 97 6D EF 45 EE 5B 8A DB 
 C5 70 87 A2 70 E8 2B DD 66 43 6D E5 8F A5 E7 C0 
 E4 FA CA D3 46 AB 0A 4F AC C7 D2 6B D0 D4 83 2C 
 12 C0 8C 9A 8A DF 61 ED 81 55 43 0E C3 E9 2B 57 
 FC 7B 46 BB 44 C5 08 28 44 3E 8F 3A 22 3A 2D 17 
 FA C8 55 58 D0 5C 64 97 13 AD D8 CE 35 37 2E 63 
 E1 DF FD 2E A3 02 A8 57 EB DD 79 B0 71 7F 40 AC 
 BB 14 98 45 0B B1 7E 4A 04 9B 7E 67 F9 92 2F DA 
 30 4F 28 86 A5 2B E2 C6 6F E9 C8 48 14 BC D8 58 
 18 74 FD DF 4D E5 28 4C 55 11 6A C7 84 B9 C3 8F 
 8E 99 D7 F6 2E 13 B8 49 DB E9 10 D6 13 D2 E9 D9 
 C8 8B EC E0 7D 38 B0 D4 4D E3 96 8C 32 C2 97 2B 
 BE E4 F4 48 1C B8 DA 86 66 51 22 FA 68 4D 55 84 
 64 D1 B1 E0 15 CB 91 6F 7A 68 AD E8 21 1D DE 22 
 92 83 CA B8 25 FC 19 BA C7 70 10 FD 4C F2 A5 50 
 02 81 7F B7 1C 47 D5 2E C4 B8 06 EB 5C FD DA 44 
 5C DE A5 6F 18 CC D5 6A 41 FC 5F A4 E1 47 AA BB 
 0D 3D 83 7B AF 4F 63 25 9F F6 EF 92 11 9F 
    IsEnEnabled(0x161 = 'ContextLoad'): 1
 SWTPM_IO_Write: length 14
 80 01 00 00 00 0E 00 00 00 00 02 00 00 00 
 SWTPM_IO_Read: length 14
 80 01 00 00 00 0E 00 00 01 65 80 00 00 00 
    IsEnEnabled(0x165 = 'FlushContext'): 1
 SWTPM_IO_Write: length 10
 80 01 00 00 00 0A 00 00 00 00 
 SWTPM_IO_Read: length 14
 80 01 00 00 00 0E 00 00 01 62 80 00 00 00 
    IsEnEnabled(0x162 = 'ContextSave'): 1
 SWTPM_IO_Write: length 10
 80 01 00 00 00 0A 00 00 09 10 
 SWTPM_IO_Read: length 14
 80 01 00 00 00 0E 00 00 01 62 02 00 00 00 
    IsEnEnabled(0x162 = 'ContextSave'): 1
 SWTPM_IO_Write: length 414
 80 01 00 00 01 9E 00 00 00 00 00 00 00 00 00 00 
 01 32 02 00 00 00 40 00 00 07 01 82 00 40 EC 9B 
 94 AE B5 F0 54 85 6F 40 59 7B F5 6C 29 69 CB 8F 
 8A 82 C6 71 1F 2B A4 9E D9 3F 05 C2 0A EA C6 41 
 60 10 E2 2E 9A F3 A5 A4 4B A9 B8 16 6C 00 BE 6D 
 FD 42 E3 5E 43 68 46 BF 71 87 0D A3 E0 3E 45 3D 
 EC 2B 9A FB 82 89 63 34 E6 27 D0 1B 23 80 EB 24 
 14 57 D4 AD B1 9D CB C0 2F 01 BB B7 FD 44 5A 19 
 63 43 09 FE 8E 72 33 A1 1B 0E 56 75 14 C9 E4 F9 
 D6 BF F6 C4 6D BC 45 9D 76 B6 73 DD 2E 08 E4 9E 
 BB 33 FA 73 18 58 1C 0F 3A 2B 52 4C 91 CE 85 73 
 36 2E 7C 96 F9 A4 F2 12 71 AB 7D 69 C8 BC 7D 2A 
 D8 34 D7 91 D6 CD 22 85 DF 5B 62 F6 E2 04 FE E1 
 D7 D7 AB 6D CB 04 B8 20 B1 BC 9B 42 75 61 F2 76 
 4B 16 2E 2A 37 16 8D 5C E8 E4 DC 8A ED 78 6A B5 
 28 51 BE 82 20 BD E7 87 AF 6B D4 DC 68 BD D3 AB 
 8B E1 AB 3D 26 34 9C 73 75 63 51 4B DE 65 45 3E 
 BF 70 E0 DC 07 CF 4A D2 6D C5 CB 07 4E 8A EB 38 
 E2 B7 E5 D0 A8 0A F7 09 EE 13 DA 6A A4 51 30 F4 
 84 BE 0F A0 2D 3D CB D4 94 B4 C1 D3 CD D6 D2 58 
 37 83 DF A8 08 39 08 31 EC 34 DF C4 10 1A 3B 3F 
 82 5C 36 29 5D B8 59 36 25 FB 19 7E 42 F7 8B 3B 
 1E 9A 72 C2 DB F0 99 9A 1A DF 07 49 F7 23 E6 9C 
 02 CD 5A 97 C9 D6 C1 DE 10 B4 39 A6 9B 0C DF C6 
 4C 0B 72 1D A5 4B D3 76 F3 9F AF 5F A1 7F 88 C6 
 F0 70 13 2F F8 02 C6 24 10 C2 7D AD D4 0C 
 SWTPM_IO_Read: length 414
 80 01 00 00 01 9E 00 00 01 61 00 00 00 00 00 00 
 01 32 02 00 00 00 40 00 00 07 01 82 00 40 EC 9B 
 94 AE B5 F0 54 85 6F 40 59 7B F5 6C 29 69 CB 8F 
 8A 82 C6 71 1F 2B A4 9E D9 3F 05 C2 0A EA C6 41 
 60 10 E2 2E 9A F3 A5 A4 4B A9 B8 16 6C 00 BE 6D 
 FD 42 E3 5E 43 68 46 BF 71 87 0D A3 E0 3E 45 3D 
 EC 2B 9A FB 82 89 63 34 E6 27 D0 1B 23 80 EB 24 
 14 57 D4 AD B1 9D CB C0 2F 01 BB B7 FD 44 5A 19 
 63 43 09 FE 8E 72 33 A1 1B 0E 56 75 14 C9 E4 F9 
 D6 BF F6 C4 6D BC 45 9D 76 B6 73 DD 2E 08 E4 9E 
 BB 33 FA 73 18 58 1C 0F 3A 2B 52 4C 91 CE 85 73 
 36 2E 7C 96 F9 A4 F2 12 71 AB 7D 69 C8 BC 7D 2A 
 D8 34 D7 91 D6 CD 22 85 DF 5B 62 F6 E2 04 FE E1 
 D7 D7 AB 6D CB 04 B8 20 B1 BC 9B 42 75 61 F2 76 
 4B 16 2E 2A 37 16 8D 5C E8 E4 DC 8A ED 78 6A B5 
 28 51 BE 82 20 BD E7 87 AF 6B D4 DC 68 BD D3 AB 
 8B E1 AB 3D 26 34 9C 73 75 63 51 4B DE 65 45 3E 
 BF 70 E0 DC 07 CF 4A D2 6D C5 CB 07 4E 8A EB 38 
 E2 B7 E5 D0 A8 0A F7 09 EE 13 DA 6A A4 51 30 F4 
 84 BE 0F A0 2D 3D CB D4 94 B4 C1 D3 CD D6 D2 58 
 37 83 DF A8 08 39 08 31 EC 34 DF C4 10 1A 3B 3F 
 82 5C 36 29 5D B8 59 36 25 FB 19 7E 42 F7 8B 3B 
 1E 9A 72 C2 DB F0 99 9A 1A DF 07 49 F7 23 E6 9C 
 02 CD 5A 97 C9 D6 C1 DE 10 B4 39 A6 9B 0C DF C6 
 4C 0B 72 1D A5 4B D3 76 F3 9F AF 5F A1 7F 88 C6 
 F0 70 13 2F F8 02 C6 24 10 C2 7D AD D4 0C 
    IsEnEnabled(0x161 = 'ContextLoad'): 1
 SWTPM_IO_Write: length 14
 80 01 00 00 00 0E 00 00 00 00 02 00 00 00 
 SWTPM_IO_Read: length 14
 80 01 00 00 00 0E 00 00 01 65 02 00 00 00 
    IsEnEnabled(0x165 = 'FlushContext'): 1
 SWTPM_IO_Write: length 10
 80 01 00 00 00 0A 00 00 00 00 
 SWTPM_IO_Read: length 14
 80 01 00 00 00 0E 00 00 01 62 02 00 00 00 
    IsEnEnabled(0x162 = 'ContextSave'): 1
 SWTPM_IO_Write: length 10
 80 01 00 00 00 0A 00 00 09 10 
