 Ctrl Cmd: length 4
 00 00 00 10 
 Ctrl Rsp: length 4
 00 00 00 00 
 SWTPM_IO_Read: length 10
 80 01 00 00 00 0A 00 00 01 81 
 SWTPM_IO_Write: length 10
 80 01 00 00 00 0A 00 00 01 01 
 Ctrl Cmd: length 4
 00 00 00 01 
 Ctrl Rsp: length 8
 00 00 00 00 00 01 FF FF 
 Ctrl Cmd: length 4
 00 00 00 0E 
 Ctrl Rsp: length 4
 00 00 00 00 
 Ctrl Cmd: length 8
 00 00 00 11 00 00 00 00 
 Ctrl Rsp: length 16
 00 00 00 00 00 00 10 00 00 00 0A F8 00 00 10 00 
 Ctrl Cmd: length 4
 00 00 00 0E 
 Ctrl Rsp: length 4
 00 00 00 00 
 Ctrl Cmd: length 8
 00 00 00 11 00 00 10 00 
 Ctrl Rsp: length 16
 00 00 00 00 00 00 10 00 00 00 0A F8 00 00 10 00 
 Ctrl Cmd: length 8
 00 00 00 02 00 00 00 00 
  Tested: RSA-1024-sign(SHA1, pkcs1-pss)
  Tested: RSA-1024-sign(SHA1, pkcs1)
  Tested: RSA-2048-sign(SHA1, pkcs1-pss)
  Tested: RSA-2048-sign(SHA1, pkcs1)
  Tested: camellia-128
  Tested: camellia-256
  Tested: tdes
 Ctrl Rsp: length 4
 00 00 00 00 
 Ctrl Cmd: length 4
 00 00 00 04 
 Ctrl Rsp: length 8
 00 00 00 00 00 00 00 00 
 Ctrl Cmd: length 8
 00 00 00 05 00 00 00 00 
 Ctrl Rsp: length 4
 00 00 00 00 
 SWTPM_IO_Read: length 12
 80 01 00 00 00 0C 00 00 01 44 00 00 
    IsEnEnabled(0x144 = 'Startup'): 1
 SWTPM_IO_Write: length 10
 80 01 00 00 00 0A 00 00 00 00 
 SWTPM_IO_Read: length 22
 80 01 00 00 00 16 00 00 01 7A 00 00 00 05 00 00 
 00 00 00 00 00 01 
    IsEnEnabled(0x17a = 'GetCapability'): 1
 SWTPM_IO_Write: length 43
 80 01 00 00 00 2B 00 00 00 00 00 00 00 00 05 00 
 00 00 04 00 04 03 FF FF FF 00 0B 03 FF FF FF 00 
 0C 03 FF FF FF 00 0D 03 FF FF FF 
 SWTPM_IO_Read: length 11
 80 01 00 00 00 0B 00 00 01 43 00 
    IsEnEnabled(0x143 = 'SelfTest'): 1
 SWTPM_IO_Write: length 10
 80 01 00 00 00 0A 00 00 00 00 
 SWTPM_IO_Read: length 22
 80 01 00 00 00 16 00 00 01 7A 00 00 00 05 00 00 
 00 00 00 00 00 01 
    IsEnEnabled(0x17a = 'GetCapability'): 1
 SWTPM_IO_Write: length 43
 80 01 00 00 00 2B 00 00 00 00 00 00 00 00 05 00 
 00 00 04 00 04 03 FF FF FF 00 0B 03 FF FF FF 00 
 0C 03 FF FF FF 00 0D 03 FF FF FF 
 SWTPM_IO_Read: length 22
 80 01 00 00 00 16 00 00 01 7A 00 00 00 05 00 00 
 00 00 00 00 00 01 
    IsEnEnabled(0x17a = 'GetCapability'): 1
 SWTPM_IO_Write: length 43
 80 01 00 00 00 2B 00 00 00 00 00 00 00 00 05 00 
 00 00 04 00 04 03 FF FF FF 00 0B 03 FF FF FF 00 
 0C 03 FF FF FF 00 0D 03 FF FF FF 
 SWTPM_IO_Read: length 38
 80 01 00 00 00 26 00 00 01 7E 00 00 00 04 00 04 
 03 01 00 00 00 0B 03 01 00 00 00 0C 03 01 00 00 
 00 0D 03 01 00 00 
    IsEnEnabled(0x17e = 'PCR_Read'): 1
 SWTPM_IO_Write: length 218
 80 01 00 00 00 DA 00 00 00 00 00 00 00 14 00 00 
 00 04 00 04 03 01 00 00 00 0B 03 01 00 00 00 0C 
 03 01 00 00 00 0D 03 01 00 00 00 00 00 04 00 14 
 00 00 00 00 00 00 00 00 00 00 00 00 00 00 00 00 
 00 00 00 00 00 20 00 00 00 00 00 00 00 00 00 00 
 00 00 00 00 00 00 00 00 00 00 00 00 00 00 00 00 
 00 00 00 00 00 00 00 30 00 00 00 00 00 00 00 00 
 00 00 00 00 00 00 00 00 00 00 00 00 00 00 00 00 
 00 00 00 00 00 00 00 00 00 00 00 00 00 00 00 00 
 00 00 00 00 00 00 00 00 00 40 00 00 00 00 00 00 
 00 00 00 00 00 00 00 00 00 00 00 00 00 00 00 00 
 00 00 00 00 00 00 00 00 00 00 00 00 00 00 00 00 
 00 00 00 00 00 00 00 00 00 00 00 00 00 00 00 00 
 00 00 00 00 00 00 00 00 00 00 
 SWTPM_IO_Read: length 203
 80 02 00 00 00 CB 00 00 01 82 00 00 00 00 00 00 
 00 09 40 00 00 09 00 00 00 00 00 00 00 00 04 00 
 04 31 3C 3C 17 35 94 47 4A FE FA 24 52 78 EB 9E 
 F1 F5 7F D4 D9 00 0B 6B AC 43 15 13 47 7A 2A DF 
 6B 10 AF 98 EE 58 54 A7 C7 9D FF 9E C8 76 A1 6F 
 F0 C8 DA 7D 0B 32 26 00 0C 80 7B D5 58 35 18 B6 
 8D 35 2A 8D A2 14 D5 DB 20 93 28 E7 EF EB EA 17 
 B4 15 5F 66 D9 21 F7 CF 72 40 14 A4 B4 8E 02 8F 
 80 7D 17 07 F9 F9 CB E6 FE 00 0D 23 4C E9 CE EA 
 BC AA 08 73 6A EE 49 97 13 78 92 E9 CC 52 F5 1C 
 40 46 9A 7A 40 2F 5C 84 3F A8 BD 4F 60 77 97 D0 
 49 44 5E CB 57 F7 4E 67 DE 95 D6 24 6B 44 EA EF 
 E6 E3 B8 7D B7 A6 A9 E9 5A E9 7B 
    IsEnEnabled(0x182 = 'PCR_Extend'): 1
 SWTPM_IO_Write: length 19
 80 02 00 00 00 13 00 00 00 00 00 00 00 00 00 00 
 01 00 00 
 SWTPM_IO_Read: length 22
 80 01 00 00 00 16 00 00 01 7A 00 00 00 05 00 00 
 00 00 00 00 00 01 
    IsEnEnabled(0x17a = 'GetCapability'): 1
 SWTPM_IO_Write: length 43
 80 01 00 00 00 2B 00 00 00 00 00 00 00 00 05 00 
 00 00 04 00 04 03 FF FF FF 00 0B 03 FF FF FF 00 
 0C 03 FF FF FF 00 0D 03 FF FF FF 
 SWTPM_IO_Read: length 22
 80 01 00 00 00 16 00 00 01 7A 00 00 00 05 00 00 
 00 00 00 00 00 01 
    IsEnEnabled(0x17a = 'GetCapability'): 1
 SWTPM_IO_Write: length 43
 80 01 00 00 00 2B 00 00 00 00 00 00 00 00 05 00 
 00 00 04 00 04 03 FF FF FF 00 0B 03 FF FF FF 00 
 0C 03 FF FF FF 00 0D 03 FF FF FF 
 SWTPM_IO_Read: length 38
 80 01 00 00 00 26 00 00 01 7E 00 00 00 04 00 04 
 03 01 00 00 00 0B 03 01 00 00 00 0C 03 01 00 00 
 00 0D 03 01 00 00 
    IsEnEnabled(0x17e = 'PCR_Read'): 1
 SWTPM_IO_Write: length 218
 80 01 00 00 00 DA 00 00 00 00 00 00 00 18 00 00 
 00 04 00 04 03 01 00 00 00 0B 03 01 00 00 00 0C 
 03 01 00 00 00 0D 03 01 00 00 00 00 00 04 00 14 
 7C 52 ED 64 F2 9F 03 48 30 5C 01 7F 68 3F 00 8B 
 9D 14 B7 F9 00 20 5A AA 35 CF 9A 93 53 C9 5F AC 
 05 B5 01 FA 1F 2D AB 6B 58 08 EB D8 7F 01 04 61 
 14 F8 16 AD D3 42 00 30 5F 46 65 8A 98 4E 55 B5 
 23 CA 59 66 85 FD B4 C3 94 68 FE 55 16 D3 8F 30 
 CB 88 36 4D 06 54 F3 52 E1 CB 36 7F CE AC 3A D7 
 D9 E1 7A F5 91 D3 15 33 00 40 73 3E D3 5E FE 71 
 5F 9F 13 21 E0 FF 45 92 BC 48 BD B9 5A D6 47 59 
 70 82 69 0F 30 F3 5B 82 B5 E8 83 4A 09 8A 7F 11 
 31 23 7A 3D 41 0B 8B 29 E2 16 FE 82 1E 87 DD DA 
 A1 43 2A 39 D1 9F A4 D8 27 E1 
 SWTPM_IO_Read: length 203
 80 02 00 00 00 CB 00 00 01 82 00 00 00 00 00 00 
 00 09 40 00 00 09 00 00 00 00 00 00 00 00 04 00 
 04 9C 41 45 E0 EA 3D 22 70 16 E2 29 66 4C 3B 43 
 07 E2 47 38 B1 00 0B 1E B4 99 F7 EC C7 D8 E3 E4 
 CA 10 10 F3 15 95 93 C3 1B 61 54 D3 D0 05 FA CC 
 B9 70 0F 01 84 E3 DF 00 0C 60 FC 30 1E 9E 44 7E 
 AF FB 47 24 A4 C1 5A F8 6C F2 A7 CD 5F A8 49 15 
 06 7F 94 8E 1D 9F 71 38 94 44 DA 10 44 53 79 2B 
 3C A7 E7 19 14 C1 40 10 3D 00 0D 9D 93 AA 32 A1 
 D4 29 7D 55 1F BF 75 29 EE C4 33 F6 6F 0C 66 F5 
 AC 5D CC 8C C5 74 0D E6 B2 39 BF A2 18 68 7B B8 
 41 CE 03 BE 65 58 4F 65 A0 2F FA 75 76 50 62 01 
 A9 B6 D4 16 1E 42 57 FB 78 88 67 
    IsEnEnabled(0x182 = 'PCR_Extend'): 1
 SWTPM_IO_Write: length 19
 80 02 00 00 00 13 00 00 00 00 00 00 00 00 00 00 
 01 00 00 
 SWTPM_IO_Read: length 22
 80 01 00 00 00 16 00 00 01 7A 00 00 00 05 00 00 
 00 00 00 00 00 01 
    IsEnEnabled(0x17a = 'GetCapability'): 1
 SWTPM_IO_Write: length 43
 80 01 00 00 00 2B 00 00 00 00 00 00 00 00 05 00 
 00 00 04 00 04 03 FF FF FF 00 0B 03 FF FF FF 00 
 0C 03 FF FF FF 00 0D 03 FF FF FF 
 SWTPM_IO_Read: length 22
 80 01 00 00 00 16 00 00 01 7A 00 00 00 05 00 00 
 00 00 00 00 00 01 
    IsEnEnabled(0x17a = 'GetCapability'): 1
 SWTPM_IO_Write: length 43
 80 01 00 00 00 2B 00 00 00 00 00 00 00 00 05 00 
 00 00 04 00 04 03 FF FF FF 00 0B 03 FF FF FF 00 
 0C 03 FF FF FF 00 0D 03 FF FF FF 
 SWTPM_IO_Read: length 38
 80 01 00 00 00 26 00 00 01 7E 00 00 00 04 00 04 
 03 01 00 00 00 0B 03 01 00 00 00 0C 03 01 00 00 
 00 0D 03 01 00 00 
    IsEnEnabled(0x17e = 'PCR_Read'): 1
 SWTPM_IO_Write: length 218
 80 01 00 00 00 DA 00 00 00 00 00 00 00 1C 00 00 
 00 04 00 04 03 01 00 00 00 0B 03 01 00 00 00 0C 
 03 01 00 00 00 0D 03 01 00 00 00 00 00 04 00 14 
 5B 7A 23 34 B5 D8 62 4B AF D5 E3 B5 96 6D A4 F5 
 29 54 6B D3 00 20 F6 FC EB 8C F9 EB 8F 49 DE 25 
 2F 93 78 E5 95 9F 20 3B 94 C0 DF 6C 0D 22 04 38 
 98 9D 00 FB D6 A2 00 30 0A F3 17 1B 66 57 78 39 
 77 82 39 73 B7 30 68 1A 47 B3 9C 7E BA 95 EB 92 
 31 03 0B 94 12 73 08 86 4C BC AC C4 DA E6 E1 DA 
 C6 5E E4 F7 45 E1 4A D9 00 40 8E 0C 5D 51 12 AE 
 69 86 B7 78 A5 87 D7 B7 36 1A 54 7E 50 EE 40 96 
 1F F0 D6 53 8A B7 B2 AF 3F BB 15 7C 28 B5 91 EF 
 F4 85 04 D3 06 8A 2F E3 A8 06 52 8A 24 9F 9C 58 
 9C B0 B7 4C F7 41 47 2B 4A 58 
 SWTPM_IO_Read: length 22
 80 01 00 00 00 16 00 00 01 7A 00 00 00 06 00 00 
 01 05 00 00 00 01 
    IsEnEnabled(0x17a = 'GetCapability'): 1
 SWTPM_IO_Write: length 27
 80 01 00 00 00 1B 00 00 00 00 01 00 00 00 06 00 
 00 00 01 00 00 01 05 49 42 4D 00 
 SWTPM_IO_Read: length 22
 80 01 00 00 00 16 00 00 01 7A 00 00 00 06 00 00 
 01 0B 00 00 00 01 
    IsEnEnabled(0x17a = 'GetCapability'): 1
 SWTPM_IO_Write: length 27
 80 01 00 00 00 1B 00 00 00 00 01 00 00 00 06 00 
 00 00 01 00 00 01 0B 20 24 01 25 
 SWTPM_IO_Read: length 22
 80 01 00 00 00 16 00 00 01 7A 00 00 00 06 00 00 
 01 0C 00 00 00 01 
    IsEnEnabled(0x17a = 'GetCapability'): 1
 SWTPM_IO_Write: length 27
 80 01 00 00 00 1B 00 00 00 00 01 00 00 00 06 00 
 00 00 01 00 00 01 0C 00 12 00 00 
 SWTPM_IO_Read: length 22
 80 01 00 00 00 16 00 00 01 7A 00 00 00 06 00 00 
 01 1E 00 00 00 01 
    IsEnEnabled(0x17a = 'GetCapability'): 1
 SWTPM_IO_Write: length 27
 80 01 00 00 00 1B 00 00 00 00 01 00 00 00 06 00 
 00 00 01 00 00 01 1E 00 00 10 00 
 SWTPM_IO_Read: length 22
 80 01 00 00 00 16 00 00 01 7A 00 00 00 06 00 00 
 01 1F 00 00 00 01 
    IsEnEnabled(0x17a = 'GetCapability'): 1
 SWTPM_IO_Write: length 27
 80 01 00 00 00 1B 00 00 00 00 01 00 00 00 06 00 
 00 00 01 00 00 01 1F 00 00 10 00 
 SWTPM_IO_Read: length 22
 80 01 00 00 00 16 00 00 01 7A 00 00 00 05 00 00 
 00 00 00 00 00 01 
    IsEnEnabled(0x17a = 'GetCapability'): 1
 SWTPM_IO_Write: length 43
 80 01 00 00 00 2B 00 00 00 00 00 00 00 00 05 00 
 00 00 04 00 04 03 FF FF FF 00 0B 03 FF FF FF 00 
 0C 03 FF FF FF 00 0D 03 FF FF FF 
 SWTPM_IO_Read: length 203
 80 02 00 00 00 CB 00 00 01 82 00 00 00 07 00 00 
 00 09 40 00 00 09 00 00 00 00 00 00 00 00 04 00 
 04 2F 20 11 2A 3F 55 39 8B 20 8E 0C 42 68 13 89 
 B4 CB 5B 18 23 00 0B CE 9C E3 86 B5 2E 09 9F 30 
 19 E5 12 A0 D6 06 2D 6B 56 0E FE 4F F3 E5 66 1C 
 75 25 E2 F9 C2 63 DF 00 0C 9D C3 A1 F8 0B CE C9 
 15 39 1D CD A5 FF BB 15 E7 41 9F 77 EA B4 62 BB 
 F7 2B 42 16 6F B7 0D 50 32 5E 37 B3 6F 93 53 7A 
 86 37 69 BC F9 BE DA E6 FB 00 0D 05 E7 B6 60 EC 
 58 5C F0 F1 D6 57 31 47 F7 1D D4 D6 48 CC 55 3C 
 61 D5 FA 15 D0 DB 26 F3 35 CB E4 E5 B1 09 C8 A0 
 DB B0 39 72 7C 2D 42 3C 1B F4 5B 2D 45 01 08 A6 
 08 E2 0C 6B 70 5E AC 64 DA C0 A2 
    IsEnEnabled(0x182 = 'PCR_Extend'): 1
 SWTPM_IO_Write: length 19
 80 02 00 00 00 13 00 00 00 00 00 00 00 00 00 00 
 01 00 00 
 SWTPM_IO_Read: length 22
 80 01 00 00 00 16 00 00 01 7A 00 00 00 05 00 00 
 00 00 00 00 00 01 
    IsEnEnabled(0x17a = 'GetCapability'): 1
 SWTPM_IO_Write: length 43
 80 01 00 00 00 2B 00 00 00 00 00 00 00 00 05 00 
 00 00 04 00 04 03 FF FF FF 00 0B 03 FF FF FF 00 
 0C 03 FF FF FF 00 0D 03 FF FF FF 
 SWTPM_IO_Read: length 22
 80 01 00 00 00 16 00 00 01 7A 00 00 00 05 00 00 
 00 00 00 00 00 01 
    IsEnEnabled(0x17a = 'GetCapability'): 1
 SWTPM_IO_Write: length 43
 80 01 00 00 00 2B 00 00 00 00 00 00 00 00 05 00 
 00 00 04 00 04 03 FF FF FF 00 0B 03 FF FF FF 00 
 0C 03 FF FF FF 00 0D 03 FF FF FF 
 SWTPM_IO_Read: length 38
 80 01 00 00 00 26 00 00 01 7E 00 00 00 04 00 04 
 03 80 00 00 00 0B 03 80 00 00 00 0C 03 80 00 00 
 00 0D 03 80 00 00 
    IsEnEnabled(0x17e = 'PCR_Read'): 1
 SWTPM_IO_Write: length 218
 80 01 00 00 00 DA 00 00 00 00 00 00 00 20 00 00 
 00 04 00 04 03 80 00 00 00 0B 03 80 00 00 00 0C 
 03 80 00 00 00 0D 03 80 00 00 00 00 00 04 00 14 
 A2 57 B9 1F 84 0C A8 22 DD DA 6F 02 3D 49 4C 56 
 A3 A1 58 23 00 20 69 7A A9 6B B0 70 C3 5F F7 5D 
 1F 77 3B 70 10 E8 7A 76 49 4C A1 AD CF 37 9F 1D 
 43 31 05 FA 0B 6B 00 30 74 4B 33 2B B2 C8 27 54 
 CB 69 AC A8 61 73 B3 4E B7 35 5F D3 2D C0 90 05 
 6E 31 07 F0 C8 AA CA 9A 34 B4 02 75 E6 3B 20 BE 
 10 89 61 A1 30 81 2A 72 00 40 42 FB B2 68 EB 31 
 B1 67 E3 F3 85 4F 9F 52 FF 9C 69 DA 10 3F 2F D6 
 18 64 AB 6D 7F 87 6D 7C 20 81 0C 3B 8C 8A BD 23 
 70 4F 85 5D 37 44 56 53 4A DC 18 4D FA BF 4A 94 
 4F BE FD 2F 6A 42 42 AD 43 EF 
 SWTPM_IO_Read: length 203
 80 02 00 00 00 CB 00 00 01 82 00 00 00 07 00 00 
 00 09 40 00 00 09 00 00 00 00 00 00 00 00 04 00 
 04 9B 13 87 30 6E BB 7F F8 E7 95 E7 BE 77 56 36 
 66 BB F4 51 6E 00 0B DE A7 B8 0A B5 3A 3D AA A2 
 4D 5C C4 6C 64 E1 FA 9F FD 03 73 9F 90 AA DB D8 
 C0 86 7C 4A 5B 48 90 00 0C 6F 2E 3C BC 14 F9 DE 
 F8 69 80 F5 F6 6F D8 5E 99 D6 3E 69 A7 30 14 ED 
 8A 56 33 CE 56 EC A5 B6 4B 69 21 08 C5 61 10 E2 
 2A CA DC EF 58 C3 25 0F 1B 00 0D A1 02 C0 FD B4 
 31 02 C5 54 6F B0 47 58 A7 0A CC 5F 5E 79 85 97 
 D6 2B D2 37 6C DE AB 37 DD DF B3 B0 CA 67 FE BC 
 8C 4E 60 69 80 04 49 BA EB F9 E0 BB E7 F0 63 A7 
 30 4A 45 65 23 92 F8 C8 BC 7D 17 
    IsEnEnabled(0x182 = 'PCR_Extend'): 1
 SWTPM_IO_Write: length 19
 80 02 00 00 00 13 00 00 00 00 00 00 00 00 00 00 
 01 00 00 
 SWTPM_IO_Read: length 22
 80 01 00 00 00 16 00 00 01 7A 00 00 00 05 00 00 
 00 00 00 00 00 01 
    IsEnEnabled(0x17a = 'GetCapability'): 1
 SWTPM_IO_Write: length 43
 80 01 00 00 00 2B 00 00 00 00 00 00 00 00 05 00 
 00 00 04 00 04 03 FF FF FF 00 0B 03 FF FF FF 00 
 0C 03 FF FF FF 00 0D 03 FF FF FF 
 SWTPM_IO_Read: length 22
 80 01 00 00 00 16 00 00 01 7A 00 00 00 05 00 00 
 00 00 00 00 00 01 
    IsEnEnabled(0x17a = 'GetCapability'): 1
 SWTPM_IO_Write: length 43
 80 01 00 00 00 2B 00 00 00 00 00 00 00 00 05 00 
 00 00 04 00 04 03 FF FF FF 00 0B 03 FF FF FF 00 
 0C 03 FF FF FF 00 0D 03 FF FF FF 
 SWTPM_IO_Read: length 38
 80 01 00 00 00 26 00 00 01 7E 00 00 00 04 00 04 
 03 80 00 00 00 0B 03 80 00 00 00 0C 03 80 00 00 
 00 0D 03 80 00 00 
    IsEnEnabled(0x17e = 'PCR_Read'): 1
 SWTPM_IO_Write: length 218
 80 01 00 00 00 DA 00 00 00 00 00 00 00 24 00 00 
 00 04 00 04 03 80 00 00 00 0B 03 80 00 00 00 0C 
 03 80 00 00 00 0D 03 80 00 00 00 00 00 04 00 14 
 B9 C5 49 C6 6A 56 F6 B0 D2 B2 C6 B9 97 06 A5 82 
 03 71 DB D4 00 20 6B AB FC C8 D4 58 86 B9 9D ED 
 57 5F 05 C4 41 E8 5C 26 1C 9F 6E 21 F5 FF 2C 9B 
 C4 ED F2 97 1F 67 00 30 52 74 02 B6 5D 96 33 A4 
 D1 D7 8D 57 48 60 C3 18 22 05 BA 7E B0 9C 9D F6 
 8E 1C E9 6E CB CB 8E 75 1B 9C 23 9F 43 B7 FC C8 
 DE 49 0D 79 5C F1 5E AF 00 40 F8 09 0A DE 7D CE 
 1E 24 72 BF 79 1B 24 8A 6E 6D 8D 8D 6F 56 BB 06 
 0F 57 55 DF 39 7A B8 4F FE 8D D8 CE 61 A3 59 34 
 EE A7 A0 5B 05 8F F4 C3 7C A6 9B FF D2 1C 78 9B 
 77 C8 D3 F3 C7 8A A5 2E 89 D7 
 SWTPM_IO_Read: length 203
 80 02 00 00 00 CB 00 00 01 82 00 00 00 07 00 00 
 00 09 40 00 00 09 00 00 00 00 00 00 00 00 04 00 
 04 9A FA 86 C5 07 41 9B 85 70 C6 21 67 CB 94 86 
 D9 FC 80 97 58 00 0B E6 70 E1 21 FC EB D4 73 B8 
 BC 41 BB 80 13 01 FC 1D 9A FA 33 90 4F 06 F7 14 
 9B 74 F1 2C 47 A6 8F 00 0C D6 07 C0 EF B4 1C 0D 
 75 7D 69 BC A0 61 5C 3A 9A C0 B1 DB 06 C5 57 D9 
 92 E9 06 C6 B7 DE E4 0E 0E 03 16 40 C7 BF D7 BC 
 D3 58 44 EF 9E DE AD C6 F9 00 0D 90 BD 5D AC 05 
 D4 31 71 BE 2F 1A 70 5D 7F C1 93 7A 56 6A AB 71 
 03 1B AA B6 4A E6 10 61 60 A1 48 A8 11 0D 33 26 
 F5 E2 28 54 A1 82 3A D2 13 1D EA 35 56 02 66 01 
 F8 DD 76 28 B3 71 52 AE 97 A6 8E 
    IsEnEnabled(0x182 = 'PCR_Extend'): 1
 SWTPM_IO_Write: length 19
 80 02 00 00 00 13 00 00 00 00 00 00 00 00 00 00 
 01 00 00 
 SWTPM_IO_Read: length 22
 80 01 00 00 00 16 00 00 01 7A 00 00 00 05 00 00 
 00 00 00 00 00 01 
    IsEnEnabled(0x17a = 'GetCapability'): 1
 SWTPM_IO_Write: length 43
 80 01 00 00 00 2B 00 00 00 00 00 00 00 00 05 00 
 00 00 04 00 04 03 FF FF FF 00 0B 03 FF FF FF 00 
 0C 03 FF FF FF 00 0D 03 FF FF FF 
 SWTPM_IO_Read: length 22
 80 01 00 00 00 16 00 00 01 7A 00 00 00 05 00 00 
 00 00 00 00 00 01 
    IsEnEnabled(0x17a = 'GetCapability'): 1
 SWTPM_IO_Write: length 43
 80 01 00 00 00 2B 00 00 00 00 00 00 00 00 05 00 
 00 00 04 00 04 03 FF FF FF 00 0B 03 FF FF FF 00 
 0C 03 FF FF FF 00 0D 03 FF FF FF 
 SWTPM_IO_Read: length 38
 80 01 00 00 00 26 00 00 01 7E 00 00 00 04 00 04 
 03 80 00 00 00 0B 03 80 00 00 00 0C 03 80 00 00 
 00 0D 03 80 00 00 
    IsEnEnabled(0x17e = 'PCR_Read'): 1
 SWTPM_IO_Write: length 218
 80 01 00 00 00 DA 00 00 00 00 00 00 00 28 00 00 
 00 04 00 04 03 80 00 00 00 0B 03 80 00 00 00 0C 
 03 80 00 00 00 0D 03 80 00 00 00 00 00 04 00 14 
 A5 F5 99 41 F7 59 BE C0 0A DC 88 2A 43 C8 FB 46 
 6A 30 D7 3C 00 20 7E 28 A8 B9 D1 99 76 D5 43 BB 
 09 CD 2B C5 71 58 74 88 EA F7 FA FD 66 D6 20 01 
 D6 1F 1F 4B EF A4 00 30 44 B0 70 28 9E C7 F2 82 
 49 26 E0 3F 49 07 09 86 0F 9A F6 89 D2 46 F3 D2 
 F1 21 59 63 5F 6A 9C F4 09 C4 5E A2 3C DB 77 41 
 A4 CF C8 7C 0B 92 B6 2D 00 40 BB 2F 81 CE 05 06 
 CD 49 06 39 98 5B 85 8E FE 46 2D D0 DD C9 A7 58 
 FE 5C 2B 77 DC 68 34 78 D5 78 AF 01 16 1F 55 E8 
 22 22 54 B8 5E 5E D3 4C 02 77 CD 01 56 12 6C 93 
 20 43 86 27 7A 30 3E A6 28 94 
 SWTPM_IO_Read: length 203
 80 02 00 00 00 CB 00 00 01 82 00 00 00 07 00 00 
 00 09 40 00 00 09 00 00 00 00 00 00 00 00 04 00 
 04 5B F8 FA A0 78 D4 0F FB D0 33 17 C9 33 98 B0 
 12 29 A0 E1 E0 00 0B BA F8 9A 3C CA CE 52 75 0C 
 5F 01 28 35 1E 04 22 A4 15 97 A1 AD FD 50 82 2A 
 A3 63 B9 D1 24 EA 7C 00 0C 08 A7 4F 89 63 B3 37 
 AC B6 C9 36 82 F9 34 49 63 73 67 9D D2 6A F1 08 
 9C B4 EA F0 C3 0C F2 60 A1 2E 81 48 56 38 5A B8 
 84 3E 56 A9 AC EA 19 E1 27 00 0D 12 15 2F 5B 59 
 70 58 22 42 A7 EF 70 87 F2 A7 28 B8 7E B9 E5 8D 
 B8 CA 48 B0 92 19 51 A5 74 E2 9E 60 88 7B F4 5B 
 C0 0C 15 F6 B9 60 16 A8 35 B5 41 BB 80 12 2A 04 
 09 D3 7D BE 61 43 C5 62 07 ED 5A 
    IsEnEnabled(0x182 = 'PCR_Extend'): 1
 SWTPM_IO_Write: length 19
 80 02 00 00 00 13 00 00 00 00 00 00 00 00 00 00 
 01 00 00 
 SWTPM_IO_Read: length 22
 80 01 00 00 00 16 00 00 01 7A 00 00 00 05 00 00 
 00 00 00 00 00 01 
    IsEnEnabled(0x17a = 'GetCapability'): 1
 SWTPM_IO_Write: length 43
 80 01 00 00 00 2B 00 00 00 00 00 00 00 00 05 00 
 00 00 04 00 04 03 FF FF FF 00 0B 03 FF FF FF 00 
 0C 03 FF FF FF 00 0D 03 FF FF FF 
 SWTPM_IO_Read: length 22
 80 01 00 00 00 16 00 00 01 7A 00 00 00 05 00 00 
 00 00 00 00 00 01 
    IsEnEnabled(0x17a = 'GetCapability'): 1
 SWTPM_IO_Write: length 43
 80 01 00 00 00 2B 00 00 00 00 00 00 00 00 05 00 
 00 00 04 00 04 03 FF FF FF 00 0B 03 FF FF FF 00 
 0C 03 FF FF FF 00 0D 03 FF FF FF 
 SWTPM_IO_Read: length 38
 80 01 00 00 00 26 00 00 01 7E 00 00 00 04 00 04 
 03 80 00 00 00 0B 03 80 00 00 00 0C 03 80 00 00 
 00 0D 03 80 00 00 
    IsEnEnabled(0x17e = 'PCR_Read'): 1
 SWTPM_IO_Write: length 218
 80 01 00 00 00 DA 00 00 00 00 00 00 00 2C 00 00 
 00 04 00 04 03 80 00 00 00 0B 03 80 00 00 00 0C 
 03 80 00 00 00 0D 03 80 00 00 00 00 00 04 00 14 
 5E EB FC 7E 20 D4 F7 3B 60 D8 4B A0 16 99 B7 54 
 11 4B 88 8F 00 20 9C 81 13 BE 4B 72 EF 66 9F F4 
 29 11 63 51 7F 1F 8C 83 0D 47 B3 0B 60 61 9A 57 
 1A 45 10 89 9D A6 00 30 45 DF 37 13 93 AD 6A A8 
 DF E7 C4 1B 53 B2 70 51 2A 0A E9 75 13 3E 4F 50 
 2C 28 9B AC F0 55 CD CF DF 87 75 4A C0 B3 50 C7 
 9C 96 DF C7 F1 68 70 FB 00 40 60 98 CC EB 6A D3 
 51 FF 3C FD 24 22 C1 28 9B 76 5D 35 33 89 E3 00 
 DD 37 EE 4A 76 39 7F F8 FF 8B 00 58 2C CB 7F 80 
 CB C8 26 D0 D3 5B 5F 34 B3 19 54 13 56 5D 99 78 
 40 62 A0 AD 44 80 AE 8C 78 C6 
 SWTPM_IO_Read: length 203
 80 02 00 00 00 CB 00 00 01 82 00 00 00 07 00 00 
 00 09 40 00 00 09 00 00 00 00 00 00 00 00 04 00 
 04 73 44 24 C9 FE 8F C7 17 16 C4 20 96 F4 B7 4C 
 88 73 3B 17 5E 00 0B 9F 75 B6 82 3B FF 6A F1 02 
 4A 4E 20 36 71 9C DD 54 8D 3C BC 2B F1 DE 8E 7E 
 F4 D0 ED 01 F9 4B F9 00 0C 18 CC 6E 01 F0 C6 EA 
 99 AA 23 F8 A2 80 42 3E 94 AD 81 D9 6D 0A EB 51 
 80 50 4F C0 F7 A4 0C B3 61 9D D3 9B D6 A9 5E C1 
 68 0A 86 ED 6A B0 F9 82 8D 00 0D 62 1B C3 EE 7B 
 43 73 0D 1A 34 C7 E9 50 8B 53 72 04 A1 CE 1F E5 
 91 0D D7 7B 5A AD A7 E7 A5 F3 35 DE 76 0B 18 CD 
 D4 1D BF 96 C2 58 8F A4 65 2E 35 E2 C1 CA 61 96 
 46 CA E4 F8 AA D5 1C 95 3E 77 BD 
    IsEnEnabled(0x182 = 'PCR_Extend'): 1
 SWTPM_IO_Write: length 19
 80 02 00 00 00 13 00 00 00 00 00 00 00 00 00 00 
 01 00 00 
 SWTPM_IO_Read: length 22
 80 01 00 00 00 16 00 00 01 7A 00 00 00 05 00 00 
 00 00 00 00 00 01 
    IsEnEnabled(0x17a = 'GetCapability'): 1
 SWTPM_IO_Write: length 43
 80 01 00 00 00 2B 00 00 00 00 00 00 00 00 05 00 
 00 00 04 00 04 03 FF FF FF 00 0B 03 FF FF FF 00 
 0C 03 FF FF FF 00 0D 03 FF FF FF 
 SWTPM_IO_Read: length 22
 80 01 00 00 00 16 00 00 01 7A 00 00 00 05 00 00 
 00 00 00 00 00 01 
    IsEnEnabled(0x17a = 'GetCapability'): 1
 SWTPM_IO_Write: length 43
 80 01 00 00 00 2B 00 00 00 00 00 00 00 00 05 00 
 00 00 04 00 04 03 FF FF FF 00 0B 03 FF FF FF 00 
 0C 03 FF FF FF 00 0D 03 FF FF FF 
 SWTPM_IO_Read: length 38
 80 01 00 00 00 26 00 00 01 7E 00 00 00 04 00 04 
 03 80 00 00 00 0B 03 80 00 00 00 0C 03 80 00 00 
 00 0D 03 80 00 00 
    IsEnEnabled(0x17e = 'PCR_Read'): 1
 SWTPM_IO_Write: length 218
 80 01 00 00 00 DA 00 00 00 00 00 00 00 30 00 00 
 00 04 00 04 03 80 00 00 00 0B 03 80 00 00 00 0C 
 03 80 00 00 00 0D 03 80 00 00 00 00 00 04 00 14 
 14 46 37 CA F1 E4 14 2E 1C D6 1A 67 39 B3 5A 47 
 05 3E B5 FE 00 20 E4 2E FA 1D 48 63 8D 66 EC 7E 
 E3 E2 BC E3 C3 5C 79 55 EB 45 8C F5 D0 88 28 8F 
 11 6B 30 FD 72 92 00 30 DE 6E AA 19 46 15 1C B5 
 7F 1D F0 F4 C1 A2 17 46 53 94 4D 82 F9 F9 86 C8 
 C4 C0 C6 A3 A8 30 85 B3 72 D4 ED E2 E0 51 A5 31 
 7A 62 3A 18 44 BE 3A D5 00 40 FB A1 E7 87 2F 24 
 3F 2D 17 A7 3B 0A 31 F8 59 BE 85 20 8D 6C 35 A8 
 66 81 41 71 29 9A A1 1D CC 14 D3 10 41 D2 BE 94 
 C7 BF 6D B6 8F 28 7A 98 85 BF B9 6A 49 CB 8A DA 
 D9 B1 4C 8E EA 51 F3 2D 90 8E 
 SWTPM_IO_Read: length 203
 80 02 00 00 00 CB 00 00 01 82 00 00 00 07 00 00 
 00 09 40 00 00 09 00 00 00 00 00 00 00 00 04 00 
 04 90 69 CA 78 E7 45 0A 28 51 73 43 1B 3E 52 C5 
 C2 52 99 E4 73 00 0B DF 3F 61 98 04 A9 2F DB 40 
 57 19 2D C4 3D D7 48 EA 77 8A DC 52 BC 49 8C E8 
 05 24 C0 14 B8 11 19 00 0C 39 43 41 B7 18 2C D2 
 27 C5 C6 B0 7E F8 00 0C DF D8 61 36 C4 29 2B 8E 
 57 65 73 AD 7E D9 AE 41 01 9F 58 18 B4 B9 71 C9 
 EF FC 60 E1 AD 9F 12 89 F0 00 0D EC 2D 57 69 1D 
 9B 2D 40 18 2A C5 65 03 20 54 B7 D7 84 BA 96 B1 
 8B CB 5B E0 BB 4E 70 E3 FB 04 1E FF 58 2C 8A F6 
 6E E5 02 56 53 9F 21 81 D7 F9 E5 36 27 C0 18 9D 
 A7 E7 5A 4D 5E F1 0E A9 3B 20 B3 
    IsEnEnabled(0x182 = 'PCR_Extend'): 1
 SWTPM_IO_Write: length 19
 80 02 00 00 00 13 00 00 00 00 00 00 00 00 00 00 
 01 00 00 
 SWTPM_IO_Read: length 22
 80 01 00 00 00 16 00 00 01 7A 00 00 00 05 00 00 
 00 00 00 00 00 01 
    IsEnEnabled(0x17a = 'GetCapability'): 1
 SWTPM_IO_Write: length 43
 80 01 00 00 00 2B 00 00 00 00 00 00 00 00 05 00 
 00 00 04 00 04 03 FF FF FF 00 0B 03 FF FF FF 00 
 0C 03 FF FF FF 00 0D 03 FF FF FF 
 SWTPM_IO_Read: length 22
 80 01 00 00 00 16 00 00 01 7A 00 00 00 05 00 00 
 00 00 00 00 00 01 
    IsEnEnabled(0x17a = 'GetCapability'): 1
 SWTPM_IO_Write: length 43
 80 01 00 00 00 2B 00 00 00 00 00 00 00 00 05 00 
 00 00 04 00 04 03 FF FF FF 00 0B 03 FF FF FF 00 
 0C 03 FF FF FF 00 0D 03 FF FF FF 
 SWTPM_IO_Read: length 38
 80 01 00 00 00 26 00 00 01 7E 00 00 00 04 00 04 
 03 80 00 00 00 0B 03 80 00 00 00 0C 03 80 00 00 
 00 0D 03 80 00 00 
    IsEnEnabled(0x17e = 'PCR_Read'): 1
 SWTPM_IO_Write: length 218
 80 01 00 00 00 DA 00 00 00 00 00 00 00 34 00 00 
 00 04 00 04 03 80 00 00 00 0B 03 80 00 00 00 0C 
 03 80 00 00 00 0D 03 80 00 00 00 00 00 04 00 14 
 40 37 33 6F A7 BC 0E AB E3 77 8F CF FF 5F CD 0E 
 E6 AD CD E3 00 20 B5 71 0B F5 7D 25 62 3E 40 19 
 02 7D A1 16 82 1F A9 9F 5C 81 E9 E3 8B 87 67 1C 
 C5 74 F9 28 14 39 00 30 38 4A 79 8E 98 B5 36 97 
 27 29 5C 5B 28 89 E1 E0 15 C6 5B 3A DD 6D 78 DC 
 E4 E4 57 C1 64 86 5E E2 AF 7B 6D 53 AC 7C BC D0 
 92 EA F5 FA 1A 76 EA 18 00 40 87 D8 32 D6 FF F8 
 6B 96 8D 4B 7D DD 56 C1 5C E7 2E C4 85 93 1E EA 
 64 D8 71 05 6B A9 0D AC 4E 74 E8 1F 4E 5C 59 5A 
 7C EF DF 9E B2 CC AF 83 2F 53 52 5F 91 41 0E 2E 
 D9 73 6B DD A1 F1 A1 A3 AC 15 
 SWTPM_IO_Read: length 22
 80 01 00 00 00 16 00 00 01 7A 00 00 00 05 00 00 
 00 00 00 00 00 01 
    IsEnEnabled(0x17a = 'GetCapability'): 1
 SWTPM_IO_Write: length 43
 80 01 00 00 00 2B 00 00 00 00 00 00 00 00 05 00 
 00 00 04 00 04 03 FF FF FF 00 0B 03 FF FF FF 00 
 0C 03 FF FF FF 00 0D 03 FF FF FF 
 SWTPM_IO_Read: length 22
 80 01 00 00 00 16 00 00 01 7A 00 00 00 02 00 00 
 01 24 00 00 00 01 
    IsEnEnabled(0x17a = 'GetCapability'): 1
    IsEnEnabled(0x124 = 'ChangeEPS'): 1
    IsEnEnabled(0x124 = 'ChangeEPS'): 1
    IsEnEnabled(0x125 = 'ChangePPS'): 1
    IsEnEnabled(0x125 = 'ChangePPS'): 1
 SWTPM_IO_Write: length 23
 80 01 00 00 00 17 00 00 00 00 01 00 00 00 02 00 
 00 00 01 02 C0 01 24 
 SWTPM_IO_Read: length 22
 80 01 00 00 00 16 00 00 01 7A 00 00 00 05 00 00 
 00 00 00 00 00 01 
    IsEnEnabled(0x17a = 'GetCapability'): 1
 SWTPM_IO_Write: length 43
 80 01 00 00 00 2B 00 00 00 00 00 00 00 00 05 00 
 00 00 04 00 04 03 FF FF FF 00 0B 03 FF FF FF 00 
 0C 03 FF FF FF 00 0D 03 FF FF FF 
 SWTPM_IO_Read: length 93
 80 02 00 00 00 5D 00 00 01 29 40 00 00 0C 00 00 
 00 09 40 00 00 09 00 00 00 00 00 00 40 04 00 00 
 00 04 00 03 FF FF FF 0B 00 03 FF FF FF 04 00 00 
 00 04 00 03 FF FF FF 0B 00 03 FF FF FF 04 00 00 
 00 04 00 03 FF FF FF 0B 00 03 FF FF FF 04 00 00 
 00 04 00 03 FF FF FF 0B 00 03 FF FF FF 
    IsEnEnabled(0x129 = 'HierarchyChangeAuth'): 1
 SWTPM_IO_Write: length 19
 80 02 00 00 00 13 00 00 00 00 00 00 00 00 00 00 
 01 00 00 
 SWTPM_IO_Read: length 203
 80 02 00 00 00 CB 00 00 01 82 00 00 00 01 00 00 
 00 09 40 00 00 09 00 00 00 00 00 00 00 00 04 00 
 04 B6 A0 EB EF 70 AE 24 D9 FE 91 3D D0 C6 D2 B4 
 E0 D8 0D C0 49 00 0B 41 50 93 C7 A0 14 E1 AB A1 
 F5 4F 87 AE 77 47 22 8F 31 CB F4 ED 40 A6 84 76 
 D4 8A 46 51 55 1B E3 00 0C 17 AC 14 75 12 8A F4 
 6C 9E A8 F8 07 63 25 43 C4 44 15 30 6D D0 6C CA 
 9E FC 8E CF 39 13 14 6C 30 95 F4 7B A6 1D 93 BC 
 F0 61 8D E8 75 9F C1 39 89 00 0D E3 22 AB 09 FE 
 92 2A 94 94 D0 3E 7D 76 08 E7 93 1A C4 12 B9 B4 
 DE 2A B2 42 B4 42 53 4A AD AC A8 B4 61 D0 4C E7 
 DB ED DE F1 5B D0 59 4F BB C3 89 5D 24 F3 C8 27 
 ED F5 CD F5 BC 32 11 3E 6F 95 A2 
    IsEnEnabled(0x182 = 'PCR_Extend'): 1
 SWTPM_IO_Write: length 19
 80 02 00 00 00 13 00 00 00 00 00 00 00 00 00 00 
 01 00 00 
 SWTPM_IO_Read: length 22
 80 01 00 00 00 16 00 00 01 7A 00 00 00 05 00 00 
 00 00 00 00 00 01 
    IsEnEnabled(0x17a = 'GetCapability'): 1
 SWTPM_IO_Write: length 43
 80 01 00 00 00 2B 00 00 00 00 00 00 00 00 05 00 
 00 00 04 00 04 03 FF FF FF 00 0B 03 FF FF FF 00 
 0C 03 FF FF FF 00 0D 03 FF FF FF 
 SWTPM_IO_Read: length 22
 80 01 00 00 00 16 00 00 01 7A 00 00 00 05 00 00 
 00 00 00 00 00 01 
    IsEnEnabled(0x17a = 'GetCapability'): 1
 SWTPM_IO_Write: length 43
 80 01 00 00 00 2B 00 00 00 00 00 00 00 00 05 00 
 00 00 04 00 04 03 FF FF FF 00 0B 03 FF FF FF 00 
 0C 03 FF FF FF 00 0D 03 FF FF FF 
 SWTPM_IO_Read: length 38
 80 01 00 00 00 26 00 00 01 7E 00 00 00 04 00 04 
 03 02 00 00 00 0B 03 02 00 00 00 0C 03 02 00 00 
 00 0D 03 02 00 00 
    IsEnEnabled(0x17e = 'PCR_Read'): 1
 SWTPM_IO_Write: length 218
 80 01 00 00 00 DA 00 00 00 00 00 00 00 38 00 00 
 00 04 00 04 03 02 00 00 00 0B 03 02 00 00 00 0C 
 03 02 00 00 00 0D 03 02 00 00 00 00 00 04 00 14 
 6D 38 27 CF 5B EB 39 51 B2 F3 ED 96 9A F5 E2 77 
 D2 D5 FB 0E 00 20 25 C9 F4 36 66 10 86 E5 C6 5B 
 8C 32 18 91 86 93 8C 76 4F E6 47 D4 CB EC 95 50 
 70 15 56 BB 42 6D 00 30 19 4B 09 E7 55 3E 5B 78 
 E4 98 87 44 34 DE 6C 26 10 15 44 EC C0 0B 8C CD 
 C7 6F D6 A0 C8 A2 10 35 C1 13 0D 9D AF 69 14 E9 
 68 34 9D 32 F0 32 D6 D0 00 40 1D 8D 7F 81 DB AF 
 C6 D4 C8 FE 78 9C 41 01 6A 1E 8D 2D 74 92 4C 22 
 20 72 2C 40 63 F1 4E 00 22 69 C9 55 10 82 B4 F9 
 97 77 58 32 D2 73 70 01 48 3F 7E 35 D5 7D B1 8A 
 EF 82 33 C3 5D 77 1B AF 8E 16 
 SWTPM_IO_Read: length 203
 80 02 00 00 00 CB 00 00 01 82 00 00 00 01 00 00 
 00 09 40 00 00 09 00 00 00 00 00 00 00 00 04 00 
 04 5E 15 41 09 56 60 31 6C 3D 59 54 57 D2 CC D3 
 45 07 FD A0 2F 00 0B BE 64 AD 84 7F 17 92 43 1D 
 05 1B 3E F0 D5 35 1E B6 32 B8 98 32 9E 40 03 AE 
 5A 01 F4 A7 95 D8 19 00 0C C8 E6 9B 2C E6 30 88 
 FA F9 62 43 58 74 E7 F1 9C CF 9C 44 9A 88 C3 DA 
 AA BC 92 D4 CF D4 77 4A 1B 1D F5 0B 5C DD B9 94 
 2E 84 20 72 4C 88 35 23 52 00 0D 90 09 7D 43 45 
 B3 A1 3F 27 31 60 5C B4 8B 0E 8D FA EC 6C 4C E0 
 36 3D 24 7C 9A 91 03 05 EF 67 8E 1F D0 24 6F 3C 
 03 23 52 91 F6 A1 49 00 4D 06 61 23 BE FD 3C FA 
 B5 7F 42 82 43 9E A4 69 82 E1 00 
    IsEnEnabled(0x182 = 'PCR_Extend'): 1
 SWTPM_IO_Write: length 19
 80 02 00 00 00 13 00 00 00 00 00 00 00 00 00 00 
 01 00 00 
 SWTPM_IO_Read: length 22
 80 01 00 00 00 16 00 00 01 7A 00 00 00 05 00 00 
 00 00 00 00 00 01 
    IsEnEnabled(0x17a = 'GetCapability'): 1
 SWTPM_IO_Write: length 43
 80 01 00 00 00 2B 00 00 00 00 00 00 00 00 05 00 
 00 00 04 00 04 03 FF FF FF 00 0B 03 FF FF FF 00 
 0C 03 FF FF FF 00 0D 03 FF FF FF 
 SWTPM_IO_Read: length 22
 80 01 00 00 00 16 00 00 01 7A 00 00 00 05 00 00 
 00 00 00 00 00 01 
    IsEnEnabled(0x17a = 'GetCapability'): 1
 SWTPM_IO_Write: length 43
 80 01 00 00 00 2B 00 00 00 00 00 00 00 00 05 00 
 00 00 04 00 04 03 FF FF FF 00 0B 03 FF FF FF 00 
 0C 03 FF FF FF 00 0D 03 FF FF FF 
 SWTPM_IO_Read: length 38
 80 01 00 00 00 26 00 00 01 7E 00 00 00 04 00 04 
 03 02 00 00 00 0B 03 02 00 00 00 0C 03 02 00 00 
 00 0D 03 02 00 00 
    IsEnEnabled(0x17e = 'PCR_Read'): 1
 SWTPM_IO_Write: length 218
 80 01 00 00 00 DA 00 00 00 00 00 00 00 3C 00 00 
 00 04 00 04 03 02 00 00 00 0B 03 02 00 00 00 0C 
 03 02 00 00 00 0D 03 02 00 00 00 00 00 04 00 14 
 AF DD 5E CD A9 2B C0 C3 22 4A EC C1 12 61 32 5B 
 49 06 74 14 00 20 E8 8C 05 33 2B 6A 2D D0 5F 28 
 05 58 B6 51 75 52 83 2C 70 2E E4 E4 A6 E6 24 1A 
 1B 23 18 6B 55 BB 00 30 D4 1E 38 A1 7E B2 72 75 
 28 B7 BC 44 CD 75 EE 46 6B A8 01 13 92 B3 6B 95 
 BE 57 31 22 D4 7F 6D 5B 96 88 97 39 1A 94 37 C3 
 9C 4A 9F 5B 6B AA 39 C2 00 40 50 75 22 A1 3E 17 
 61 39 6F 04 E8 14 0F 20 35 EB 0B BB 10 4A D7 20 
 A0 76 12 99 88 F4 86 57 E6 26 07 7C 42 EF B6 8C 
 99 84 E8 A0 BC E6 A3 2B 82 C0 F2 F0 9C AB 1B 97 
 FC D2 EA DF CF B2 C6 15 BA B7 
 SWTPM_IO_Read: length 203
 80 02 00 00 00 CB 00 00 01 82 00 00 00 01 00 00 
 00 09 40 00 00 09 00 00 00 00 00 00 00 00 04 00 
 04 05 48 A4 25 FB 2A FB 09 55 5D EB 94 FB 6F 6B 
 9E 37 CF 85 2E 00 0B FE FA AB 4A 01 A6 78 7F E8 
 E5 7F 59 57 51 E1 D1 72 CA 72 FE 12 26 F4 88 9E 
 11 5B 99 DA 8F 64 64 00 0C 79 84 E7 01 B0 21 4F 
 4C 37 03 00 AB FD 64 78 82 74 AD C8 1A E9 7F AA 
 C2 32 07 E1 FA F5 2A 8B EB 69 41 3F C3 04 26 BB 
 56 28 42 8A 4E 45 67 36 01 00 0D E8 04 5E 82 1A 
 9C 80 59 6F EF 58 94 80 C1 FE 61 91 AB 99 D7 45 
 71 1F 48 5E BF 4C 41 B6 6C 29 67 19 F3 86 AD EA 
 CF 89 51 22 CA B5 4B 21 43 42 1F 2C D5 90 AA 19 
 55 D8 F5 40 34 0B EE 05 5D FF CF 
    IsEnEnabled(0x182 = 'PCR_Extend'): 1
 SWTPM_IO_Write: length 19
 80 02 00 00 00 13 00 00 00 00 00 00 00 00 00 00 
 01 00 00 
 SWTPM_IO_Read: length 22
 80 01 00 00 00 16 00 00 01 7A 00 00 00 05 00 00 
 00 00 00 00 00 01 
    IsEnEnabled(0x17a = 'GetCapability'): 1
 SWTPM_IO_Write: length 43
 80 01 00 00 00 2B 00 00 00 00 00 00 00 00 05 00 
 00 00 04 00 04 03 FF FF FF 00 0B 03 FF FF FF 00 
 0C 03 FF FF FF 00 0D 03 FF FF FF 
 SWTPM_IO_Read: length 22
 80 01 00 00 00 16 00 00 01 7A 00 00 00 05 00 00 
 00 00 00 00 00 01 
    IsEnEnabled(0x17a = 'GetCapability'): 1
 SWTPM_IO_Write: length 43
 80 01 00 00 00 2B 00 00 00 00 00 00 00 00 05 00 
 00 00 04 00 04 03 FF FF FF 00 0B 03 FF FF FF 00 
 0C 03 FF FF FF 00 0D 03 FF FF FF 
 SWTPM_IO_Read: length 38
 80 01 00 00 00 26 00 00 01 7E 00 00 00 04 00 04 
 03 02 00 00 00 0B 03 02 00 00 00 0C 03 02 00 00 
 00 0D 03 02 00 00 
    IsEnEnabled(0x17e = 'PCR_Read'): 1
 SWTPM_IO_Write: length 218
 80 01 00 00 00 DA 00 00 00 00 00 00 00 40 00 00 
 00 04 00 04 03 02 00 00 00 0B 03 02 00 00 00 0C 
 03 02 00 00 00 0D 03 02 00 00 00 00 00 04 00 14 
 CE 9B 41 E8 49 C1 F5 7B 0B 4E 00 A4 44 B7 5B DC 
 AA 0A 20 F7 00 20 D2 20 E8 D2 C6 A7 3A 26 AB 47 
 FC 29 EB 72 CE 9F 8C 01 C2 D5 E6 5F 16 1A 1C 45 
 C3 70 28 9F 1F 31 00 30 30 CE 70 FE F5 87 1A 8B 
 90 DE 58 08 61 66 DD 97 20 55 FA A6 67 FF 02 49 
 0B 95 BF C4 CE EB 56 BE DE 25 54 D3 4D ED 50 EF 
 64 43 F0 59 30 6D F7 AE 00 40 D9 D9 FF 0D 07 37 
 DD ED 6A 80 E5 9B 8B 06 37 39 76 3A 6D 52 9C 18 
 36 22 9B 29 A8 22 6D F9 1D A7 A8 27 E7 9F D4 25 
 B5 D1 B1 DA F5 EB 36 21 29 E7 7D 89 05 81 A1 54 
 82 3B 8F 46 A4 EF B7 E3 3E 2A 
 SWTPM_IO_Read: length 203
 80 02 00 00 00 CB 00 00 01 82 00 00 00 01 00 00 
 00 09 40 00 00 09 00 00 00 00 00 00 00 00 04 00 
 04 5F 1C 75 D0 69 18 34 9D 6A 5B D5 63 3E 8D A9 
 A1 DE 7A CE B8 00 0B A6 77 EC B6 67 61 90 C0 91 
 B9 CD B7 41 A8 35 D1 55 21 FA 74 44 D6 79 F8 7B 
 49 96 12 4F A9 EA 0B 00 0C B2 E2 A1 B3 20 2E B1 
 32 FA 75 95 BA 25 BA 32 60 48 24 2E F0 2A 6E B0 
 07 74 DD 3F 7E C5 52 6C C9 41 F9 F5 AC D2 41 65 
 AE 0C 5B FC F4 11 F6 8D 1E 00 0D E9 AF 37 F0 F5 
 AE 97 02 B1 86 D4 82 A6 2F 40 28 DD D4 E2 39 40 
 46 10 B1 CD 85 18 A7 53 B9 A4 A6 FE 93 7A 7D F2 
 F0 F3 C6 76 DD 29 BD 4C 69 66 49 2E 3F FB BA 28 
 EE C8 F2 5C 17 76 53 13 E4 98 96 
    IsEnEnabled(0x182 = 'PCR_Extend'): 1
 SWTPM_IO_Write: length 19
 80 02 00 00 00 13 00 00 00 00 00 00 00 00 00 00 
 01 00 00 
 SWTPM_IO_Read: length 22
 80 01 00 00 00 16 00 00 01 7A 00 00 00 05 00 00 
 00 00 00 00 00 01 
    IsEnEnabled(0x17a = 'GetCapability'): 1
 SWTPM_IO_Write: length 43
 80 01 00 00 00 2B 00 00 00 00 00 00 00 00 05 00 
 00 00 04 00 04 03 FF FF FF 00 0B 03 FF FF FF 00 
 0C 03 FF FF FF 00 0D 03 FF FF FF 
 SWTPM_IO_Read: length 22
 80 01 00 00 00 16 00 00 01 7A 00 00 00 05 00 00 
 00 00 00 00 00 01 
    IsEnEnabled(0x17a = 'GetCapability'): 1
 SWTPM_IO_Write: length 43
 80 01 00 00 00 2B 00 00 00 00 00 00 00 00 05 00 
 00 00 04 00 04 03 FF FF FF 00 0B 03 FF FF FF 00 
 0C 03 FF FF FF 00 0D 03 FF FF FF 
 SWTPM_IO_Read: length 38
 80 01 00 00 00 26 00 00 01 7E 00 00 00 04 00 04 
 03 02 00 00 00 0B 03 02 00 00 00 0C 03 02 00 00 
 00 0D 03 02 00 00 
    IsEnEnabled(0x17e = 'PCR_Read'): 1
 SWTPM_IO_Write: length 218
 80 01 00 00 00 DA 00 00 00 00 00 00 00 44 00 00 
 00 04 00 04 03 02 00 00 00 0B 03 02 00 00 00 0C 
 03 02 00 00 00 0D 03 02 00 00 00 00 00 04 00 14 
 01 84 46 D4 A4 71 9A BA 69 4C E6 9D CC E2 77 E6 
 DA A4 FA E7 00 20 27 E9 15 8A B1 C6 DA 2B B8 70 
 A4 FC 34 07 46 DE 68 ED D0 24 C6 4E 2E 28 88 AC 
 A6 B9 B7 EE D4 AB 00 30 84 9E 17 D4 CA B3 E1 1C 
 5C 97 C8 55 5A 0D 49 AA 3E E7 34 0F BE AB F4 54 
 B5 FC 07 A7 8E 03 14 11 BE FC 4B 47 8C 9D 85 EB 
 29 B8 8D F7 BB 99 52 E2 00 40 9A 7D 2A E1 2E 61 
 DD E0 0B F1 45 75 B3 CB 5D 7B 6A BF 8E 83 7C 00 
 EE 6D 03 0F 7D 82 5A FC A1 80 22 3D CF 8F 2F 11 
 7D 8B 54 ED 35 37 45 16 9D F9 48 34 A0 96 C3 1D 
 B3 85 82 AF 1F 88 9B 5B 06 64 
 SWTPM_IO_Read: length 203
 80 02 00 00 00 CB 00 00 01 82 00 00 00 01 00 00 
 00 09 40 00 00 09 00 00 00 00 00 00 00 00 04 00 
 04 AA 2A 05 3F 1E 8C 12 32 01 69 5C 08 AC D2 29 
 BC FE 98 B7 12 00 0B B6 FA E4 CE 98 28 5F 11 1B 
 41 85 16 98 F6 18 BC 3D F8 74 9C B1 DE 90 40 97 
 94 2F 5A 37 62 17 01 00 0C A2 D2 D4 9C AD AB 05 
 99 59 D5 40 01 95 6B BA 71 06 E1 32 4A 7B C1 14 
 B9 40 C7 04 61 07 83 7C 54 09 B1 CC 3A 78 E3 8D 
 5A AB 14 26 98 E5 65 F3 B4 00 0D 2B AF 26 EB C1 
 1F 18 F4 A2 D1 AD 2A 3E 97 A8 C8 7A BD F5 8B DF 
 46 B4 E9 DC 73 B3 D2 01 1F B8 8A 72 A7 BD A2 DA 
 7B 71 4E D6 15 AD BE C6 96 91 D0 A6 33 DC 66 F8 
 FA 72 88 8C FC 86 A2 D9 B0 03 7C 
    IsEnEnabled(0x182 = 'PCR_Extend'): 1
 SWTPM_IO_Write: length 19
 80 02 00 00 00 13 00 00 00 00 00 00 00 00 00 00 
 01 00 00 
 SWTPM_IO_Read: length 22
 80 01 00 00 00 16 00 00 01 7A 00 00 00 05 00 00 
 00 00 00 00 00 01 
    IsEnEnabled(0x17a = 'GetCapability'): 1
 SWTPM_IO_Write: length 43
 80 01 00 00 00 2B 00 00 00 00 00 00 00 00 05 00 
 00 00 04 00 04 03 FF FF FF 00 0B 03 FF FF FF 00 
 0C 03 FF FF FF 00 0D 03 FF FF FF 
 SWTPM_IO_Read: length 22
 80 01 00 00 00 16 00 00 01 7A 00 00 00 05 00 00 
 00 00 00 00 00 01 
    IsEnEnabled(0x17a = 'GetCapability'): 1
 SWTPM_IO_Write: length 43
 80 01 00 00 00 2B 00 00 00 00 00 00 00 00 05 00 
 00 00 04 00 04 03 FF FF FF 00 0B 03 FF FF FF 00 
 0C 03 FF FF FF 00 0D 03 FF FF FF 
 SWTPM_IO_Read: length 38
 80 01 00 00 00 26 00 00 01 7E 00 00 00 04 00 04 
 03 02 00 00 00 0B 03 02 00 00 00 0C 03 02 00 00 
 00 0D 03 02 00 00 
    IsEnEnabled(0x17e = 'PCR_Read'): 1
 SWTPM_IO_Write: length 218
 80 01 00 00 00 DA 00 00 00 00 00 00 00 48 00 00 
 00 04 00 04 03 02 00 00 00 0B 03 02 00 00 00 0C 
 03 02 00 00 00 0D 03 02 00 00 00 00 00 04 00 14 
 B0 85 E2 91 6D 6D 84 0F 5C F6 E9 0E D9 E5 9C 95 
 88 D4 B3 AA 00 20 B4 87 04 F4 B6 8E DB D5 A6 35 
 54 9E 77 6D F5 F0 9D F1 2F 34 B6 A6 A7 BB 9F B0 
 63 E0 C9 EA 4A 9F 00 30 F0 BE 14 CC 77 13 FD F7 
 3B BE EC 92 3C 2D 88 36 9B 41 1D 43 3B 5E F5 2A 
 90 85 38 19 CD 0D 4D 93 C2 BD 65 F4 09 4D EB E1 
 A0 B4 03 25 06 DE 41 44 00 40 02 A3 7D 53 9A 29 
 AB E0 68 13 4F D0 0F 44 1B 83 FB 10 ED 26 96 5A 
 8A E8 FD 72 5D 68 75 38 90 2B 35 AD 8A AE 38 49 
 3D 56 75 16 28 0E B2 27 E2 1F 8A 26 C6 AF 3A C3 
 A3 EC D1 8D 9F 06 B3 31 65 EF 
 SWTPM_IO_Read: length 203
 80 02 00 00 00 CB 00 00 01 82 00 00 00 04 00 00 
 00 09 40 00 00 09 00 00 00 00 00 00 00 00 04 00 
 04 CD 0F DB 45 31 A6 EC 41 BE 27 53 BA 04 26 37 
 D6 E5 F7 F2 56 00 0B 3D 67 72 B4 F8 4E D4 75 95 
 D7 2A 2C 4C 5F FD 15 F5 BB 72 C7 50 7F E2 6F 2A 
 AE E2 C6 9D 56 33 BA 00 0C 77 A0 DA B2 31 2B 4E 
 1E 57 A8 4D 86 5A 21 E5 B2 EE 8D 67 7A 21 01 2A 
 DA 81 9D 0A 98 98 80 78 D3 D7 40 F6 34 6B FE 0A 
 BA A9 38 CA 20 43 9A 8D 71 00 0D 03 02 02 79 C5 
 EA 36 76 D6 63 0C 82 A9 93 13 43 22 5E 8E AB 81 
 52 9B 65 C7 86 AE B6 A4 45 D3 85 2A 34 DD 19 31 
 78 F9 38 B6 B4 73 45 A7 2D 4B 64 7D F3 09 C9 71 
 F7 C0 2F 0E DE 29 6A 13 6A 10 86 
    IsEnEnabled(0x182 = 'PCR_Extend'): 1
 SWTPM_IO_Write: length 19
 80 02 00 00 00 13 00 00 00 00 00 00 00 00 00 00 
 01 00 00 
 SWTPM_IO_Read: length 22
 80 01 00 00 00 16 00 00 01 7A 00 00 00 05 00 00 
 00 00 00 00 00 01 
    IsEnEnabled(0x17a = 'GetCapability'): 1
 SWTPM_IO_Write: length 43
 80 01 00 00 00 2B 00 00 00 00 00 00 00 00 05 00 
 00 00 04 00 04 03 FF FF FF 00 0B 03 FF FF FF 00 
 0C 03 FF FF FF 00 0D 03 FF FF FF 
 SWTPM_IO_Read: length 22
 80 01 00 00 00 16 00 00 01 7A 00 00 00 05 00 00 
 00 00 00 00 00 01 
    IsEnEnabled(0x17a = 'GetCapability'): 1
 SWTPM_IO_Write: length 43
 80 01 00 00 00 2B 00 00 00 00 00 00 00 00 05 00 
 00 00 04 00 04 03 FF FF FF 00 0B 03 FF FF FF 00 
 0C 03 FF FF FF 00 0D 03 FF FF FF 
 SWTPM_IO_Read: length 38
 80 01 00 00 00 26 00 00 01 7E 00 00 00 04 00 04 
 03 10 00 00 00 0B 03 10 00 00 00 0C 03 10 00 00 
 00 0D 03 10 00 00 
    IsEnEnabled(0x17e = 'PCR_Read'): 1
 SWTPM_IO_Write: length 218
 80 01 00 00 00 DA 00 00 00 00 00 00 00 4C 00 00 
 00 04 00 04 03 10 00 00 00 0B 03 10 00 00 00 0C 
 03 10 00 00 00 0D 03 10 00 00 00 00 00 04 00 14 
 EE 01 A0 35 29 A6 B3 8B 5D ED 18 AB 6A E8 D7 71 
 AA AC 19 25 00 20 3F 26 3B 96 CC BC 33 BB 53 D8 
 08 77 1F 9A B1 E0 2D 4D EC 88 54 F9 53 0F 74 9C 
 DE 85 3A 72 32 73 00 30 80 32 DE DF DB 83 73 B9 
 BF 18 84 9C 61 54 3D 2E D4 FD 55 5F FB 00 28 63 
 46 89 A1 3F C4 DE 79 8F F9 04 CC DE D7 7C 2D 72 
 25 9A B9 77 7A 17 D7 BD 00 40 29 65 26 A0 6E 3E 
 47 CA D8 A3 63 18 41 43 E0 6F CA 18 A7 FC DF 38 
 87 75 34 FE 80 5F DF E9 9D E8 2B 0F D6 C5 DB 67 
 55 96 C6 72 3A AB B8 69 9B 4B BF 2B B4 00 7D 85 
 D9 CE 52 DF 21 AE 43 DE 27 06 
 SWTPM_IO_Read: length 203
 80 02 00 00 00 CB 00 00 01 82 00 00 00 00 00 00 
 00 09 40 00 00 09 00 00 00 00 00 00 00 00 04 00 
 04 90 69 CA 78 E7 45 0A 28 51 73 43 1B 3E 52 C5 
 C2 52 99 E4 73 00 0B DF 3F 61 98 04 A9 2F DB 40 
 57 19 2D C4 3D D7 48 EA 77 8A DC 52 BC 49 8C E8 
 05 24 C0 14 B8 11 19 00 0C 39 43 41 B7 18 2C D2 
 27 C5 C6 B0 7E F8 00 0C DF D8 61 36 C4 29 2B 8E 
 57 65 73 AD 7E D9 AE 41 01 9F 58 18 B4 B9 71 C9 
 EF FC 60 E1 AD 9F 12 89 F0 00 0D EC 2D 57 69 1D 
 9B 2D 40 18 2A C5 65 03 20 54 B7 D7 84 BA 96 B1 
 8B CB 5B E0 BB 4E 70 E3 FB 04 1E FF 58 2C 8A F6 
 6E E5 02 56 53 9F 21 81 D7 F9 E5 36 27 C0 18 9D 
 A7 E7 5A 4D 5E F1 0E A9 3B 20 B3 
    IsEnEnabled(0x182 = 'PCR_Extend'): 1
 SWTPM_IO_Write: length 19
 80 02 00 00 00 13 00 00 00 00 00 00 00 00 00 00 
 01 00 00 
 SWTPM_IO_Read: length 22
 80 01 00 00 00 16 00 00 01 7A 00 00 00 05 00 00 
 00 00 00 00 00 01 
    IsEnEnabled(0x17a = 'GetCapability'): 1
 SWTPM_IO_Write: length 43
 80 01 00 00 00 2B 00 00 00 00 00 00 00 00 05 00 
 00 00 04 00 04 03 FF FF FF 00 0B 03 FF FF FF 00 
 0C 03 FF FF FF 00 0D 03 FF FF FF 
 SWTPM_IO_Read: length 22
 80 01 00 00 00 16 00 00 01 7A 00 00 00 05 00 00 
 00 00 00 00 00 01 
    IsEnEnabled(0x17a = 'GetCapability'): 1
 SWTPM_IO_Write: length 43
 80 01 00 00 00 2B 00 00 00 00 00 00 00 00 05 00 
 00 00 04 00 04 03 FF FF FF 00 0B 03 FF FF FF 00 
 0C 03 FF FF FF 00 0D 03 FF FF FF 
 SWTPM_IO_Read: length 38
 80 01 00 00 00 26 00 00 01 7E 00 00 00 04 00 04 
 03 01 00 00 00 0B 03 01 00 00 00 0C 03 01 00 00 
 00 0D 03 01 00 00 
    IsEnEnabled(0x17e = 'PCR_Read'): 1
 SWTPM_IO_Write: length 218
 80 01 00 00 00 DA 00 00 00 00 00 00 00 50 00 00 
 00 04 00 04 03 01 00 00 00 0B 03 01 00 00 00 0C 
 03 01 00 00 00 0D 03 01 00 00 00 00 00 04 00 14 
 07 40 CB 85 95 6F 84 D7 07 19 61 7B 44 78 A0 5F 
 BD D6 8D C6 00 20 F3 9F 09 C7 67 B0 55 35 07 19 
 AB 1C 77 D3 41 0B C0 1F 33 55 89 88 65 A7 92 7C 
 19 89 90 73 06 C0 00 30 6E 0A 74 4B 41 AD 36 43 
 6E 7C 96 CD 41 87 89 B4 9B 2A 93 47 68 FC 03 B1 
 8B 3C 46 90 89 01 B7 DF 21 83 BC 3A 57 AF 9A D1 
 B3 2E 5B 4D F5 02 40 84 00 40 71 F2 31 29 71 94 
 B8 20 FF 4D D8 96 80 E9 3C 43 79 E5 53 ED 5B D7 
 DD 71 CB 13 1C D2 D5 58 71 55 A4 84 4C 0D C4 A6 
 74 0B A6 8D E9 2D 30 3F C9 6F 96 FA 4F F4 03 17 
 B0 C8 BE 92 FE E6 75 9C 4D C6 
 SWTPM_IO_Read: length 203
 80 02 00 00 00 CB 00 00 01 82 00 00 00 01 00 00 
 00 09 40 00 00 09 00 00 00 00 00 00 00 00 04 00 
 04 90 69 CA 78 E7 45 0A 28 51 73 43 1B 3E 52 C5 
 C2 52 99 E4 73 00 0B DF 3F 61 98 04 A9 2F DB 40 
 57 19 2D C4 3D D7 48 EA 77 8A DC 52 BC 49 8C E8 
 05 24 C0 14 B8 11 19 00 0C 39 43 41 B7 18 2C D2 
 27 C5 C6 B0 7E F8 00 0C DF D8 61 36 C4 29 2B 8E 
 57 65 73 AD 7E D9 AE 41 01 9F 58 18 B4 B9 71 C9 
 EF FC 60 E1 AD 9F 12 89 F0 00 0D EC 2D 57 69 1D 
 9B 2D 40 18 2A C5 65 03 20 54 B7 D7 84 BA 96 B1 
 8B CB 5B E0 BB 4E 70 E3 FB 04 1E FF 58 2C 8A F6 
 6E E5 02 56 53 9F 21 81 D7 F9 E5 36 27 C0 18 9D 
 A7 E7 5A 4D 5E F1 0E A9 3B 20 B3 
    IsEnEnabled(0x182 = 'PCR_Extend'): 1
 SWTPM_IO_Write: length 19
 80 02 00 00 00 13 00 00 00 00 00 00 00 00 00 00 
 01 00 00 
 SWTPM_IO_Read: length 22
 80 01 00 00 00 16 00 00 01 7A 00 00 00 05 00 00 
 00 00 00 00 00 01 
    IsEnEnabled(0x17a = 'GetCapability'): 1
 SWTPM_IO_Write: length 43
 80 01 00 00 00 2B 00 00 00 00 00 00 00 00 05 00 
 00 00 04 00 04 03 FF FF FF 00 0B 03 FF FF FF 00 
 0C 03 FF FF FF 00 0D 03 FF FF FF 
 SWTPM_IO_Read: length 22
 80 01 00 00 00 16 00 00 01 7A 00 00 00 05 00 00 
 00 00 00 00 00 01 
    IsEnEnabled(0x17a = 'GetCapability'): 1
 SWTPM_IO_Write: length 43
 80 01 00 00 00 2B 00 00 00 00 00 00 00 00 05 00 
 00 00 04 00 04 03 FF FF FF 00 0B 03 FF FF FF 00 
 0C 03 FF FF FF 00 0D 03 FF FF FF 
 SWTPM_IO_Read: length 38
 80 01 00 00 00 26 00 00 01 7E 00 00 00 04 00 04 
 03 02 00 00 00 0B 03 02 00 00 00 0C 03 02 00 00 
 00 0D 03 02 00 00 
    IsEnEnabled(0x17e = 'PCR_Read'): 1
 SWTPM_IO_Write: length 218
 80 01 00 00 00 DA 00 00 00 00 00 00 00 54 00 00 
 00 04 00 04 03 02 00 00 00 0B 03 02 00 00 00 0C 
 03 02 00 00 00 0D 03 02 00 00 00 00 00 04 00 14 
 8A D3 AF 65 03 7C E6 7E AA E1 0F AD 03 A0 FF 90 
 7C 39 91 B4 00 20 DD 87 D1 E3 A3 A3 AB BA 4C EA 
 40 70 8A 83 62 1E 9E 61 2D 15 40 05 8C 15 B4 7B 
 ED D3 BF B6 5B F4 00 30 F1 50 57 BD F6 31 93 E0 
 0E E9 C0 06 40 5B 08 5B 24 3F AB 60 DF 06 B3 C6 
 6B 1E 7B AC A1 96 58 3E BF 86 F2 CD CC 4E 90 7E 
 5B 4F 59 5C 95 99 8A E6 00 40 3A E3 91 0C 86 1F 
 E9 05 9B 97 E1 43 13 84 59 E8 0A F0 7F 35 B4 4C 
 FC 9F EF D8 3C 38 AF B9 65 91 9D 51 50 50 B0 B1 
 67 03 D8 46 50 D6 76 7E 4A E6 E3 0B A1 72 ED 43 
 60 D5 E5 D2 7B C2 8F C2 31 DB 
 SWTPM_IO_Read: length 203
 80 02 00 00 00 CB 00 00 01 82 00 00 00 02 00 00 
 00 09 40 00 00 09 00 00 00 00 00 00 00 00 04 00 
 04 90 69 CA 78 E7 45 0A 28 51 73 43 1B 3E 52 C5 
 C2 52 99 E4 73 00 0B DF 3F 61 98 04 A9 2F DB 40 
 57 19 2D C4 3D D7 48 EA 77 8A DC 52 BC 49 8C E8 
 05 24 C0 14 B8 11 19 00 0C 39 43 41 B7 18 2C D2 
 27 C5 C6 B0 7E F8 00 0C DF D8 61 36 C4 29 2B 8E 
 57 65 73 AD 7E D9 AE 41 01 9F 58 18 B4 B9 71 C9 
 EF FC 60 E1 AD 9F 12 89 F0 00 0D EC 2D 57 69 1D 
 9B 2D 40 18 2A C5 65 03 20 54 B7 D7 84 BA 96 B1 
 8B CB 5B E0 BB 4E 70 E3 FB 04 1E FF 58 2C 8A F6 
 6E E5 02 56 53 9F 21 81 D7 F9 E5 36 27 C0 18 9D 
 A7 E7 5A 4D 5E F1 0E A9 3B 20 B3 
    IsEnEnabled(0x182 = 'PCR_Extend'): 1
 SWTPM_IO_Write: length 19
 80 02 00 00 00 13 00 00 00 00 00 00 00 00 00 00 
 01 00 00 
 SWTPM_IO_Read: length 22
 80 01 00 00 00 16 00 00 01 7A 00 00 00 05 00 00 
 00 00 00 00 00 01 
    IsEnEnabled(0x17a = 'GetCapability'): 1
 SWTPM_IO_Write: length 43
 80 01 00 00 00 2B 00 00 00 00 00 00 00 00 05 00 
 00 00 04 00 04 03 FF FF FF 00 0B 03 FF FF FF 00 
 0C 03 FF FF FF 00 0D 03 FF FF FF 
 SWTPM_IO_Read: length 22
 80 01 00 00 00 16 00 00 01 7A 00 00 00 05 00 00 
 00 00 00 00 00 01 
    IsEnEnabled(0x17a = 'GetCapability'): 1
 SWTPM_IO_Write: length 43
 80 01 00 00 00 2B 00 00 00 00 00 00 00 00 05 00 
 00 00 04 00 04 03 FF FF FF 00 0B 03 FF FF FF 00 
 0C 03 FF FF FF 00 0D 03 FF FF FF 
 SWTPM_IO_Read: length 38
 80 01 00 00 00 26 00 00 01 7E 00 00 00 04 00 04 
 03 04 00 00 00 0B 03 04 00 00 00 0C 03 04 00 00 
 00 0D 03 04 00 00 
    IsEnEnabled(0x17e = 'PCR_Read'): 1
 SWTPM_IO_Write: length 218
 80 01 00 00 00 DA 00 00 00 00 00 00 00 58 00 00 
 00 04 00 04 03 04 00 00 00 0B 03 04 00 00 00 0C 
 03 04 00 00 00 0D 03 04 00 00 00 00 00 04 00 14 
 B2 A8 3B 0E BF 2F 83 74 29 9A 5B 2B DF C3 1E A9 
 55 AD 72 36 00 20 3D 45 8C FE 55 CC 03 EA 1F 44 
 3F 15 62 BE EC 8D F5 1C 75 E1 4A 9F CF 9A 72 34 
 A1 3F 19 8E 79 69 00 30 51 89 23 B0 F9 55 D0 8D 
 A0 77 C9 6A AB A5 22 B9 DE CE DE 61 C5 99 CE A6 
 C4 18 89 CF BE A4 AE 4D 50 52 9D 96 FE 4D 1A FD 
 AF B6 5E 7F 95 BF 23 C4 00 40 27 EC 09 15 33 C4 
 B9 EE A3 8D D1 4C 3A 3E CD EF 0A 99 C1 E5 64 CB 
 E6 6D FE 00 82 50 15 4E 78 39 B0 B7 52 28 FE 8D 
 EB CC 4C A3 30 E6 AE BC 1A BC 74 07 0B C9 C9 C1 
 E2 6B 93 9C 9D 91 6E 45 E1 3C 
 SWTPM_IO_Read: length 203
 80 02 00 00 00 CB 00 00 01 82 00 00 00 03 00 00 
 00 09 40 00 00 09 00 00 00 00 00 00 00 00 04 00 
 04 90 69 CA 78 E7 45 0A 28 51 73 43 1B 3E 52 C5 
 C2 52 99 E4 73 00 0B DF 3F 61 98 04 A9 2F DB 40 
 57 19 2D C4 3D D7 48 EA 77 8A DC 52 BC 49 8C E8 
 05 24 C0 14 B8 11 19 00 0C 39 43 41 B7 18 2C D2 
 27 C5 C6 B0 7E F8 00 0C DF D8 61 36 C4 29 2B 8E 
 57 65 73 AD 7E D9 AE 41 01 9F 58 18 B4 B9 71 C9 
 EF FC 60 E1 AD 9F 12 89 F0 00 0D EC 2D 57 69 1D 
 9B 2D 40 18 2A C5 65 03 20 54 B7 D7 84 BA 96 B1 
 8B CB 5B E0 BB 4E 70 E3 FB 04 1E FF 58 2C 8A F6 
 6E E5 02 56 53 9F 21 81 D7 F9 E5 36 27 C0 18 9D 
 A7 E7 5A 4D 5E F1 0E A9 3B 20 B3 
    IsEnEnabled(0x182 = 'PCR_Extend'): 1
 SWTPM_IO_Write: length 19
 80 02 00 00 00 13 00 00 00 00 00 00 00 00 00 00 
 01 00 00 
 SWTPM_IO_Read: length 22
 80 01 00 00 00 16 00 00 01 7A 00 00 00 05 00 00 
 00 00 00 00 00 01 
    IsEnEnabled(0x17a = 'GetCapability'): 1
 SWTPM_IO_Write: length 43
 80 01 00 00 00 2B 00 00 00 00 00 00 00 00 05 00 
 00 00 04 00 04 03 FF FF FF 00 0B 03 FF FF FF 00 
 0C 03 FF FF FF 00 0D 03 FF FF FF 
 SWTPM_IO_Read: length 22
 80 01 00 00 00 16 00 00 01 7A 00 00 00 05 00 00 
 00 00 00 00 00 01 
    IsEnEnabled(0x17a = 'GetCapability'): 1
 SWTPM_IO_Write: length 43
 80 01 00 00 00 2B 00 00 00 00 00 00 00 00 05 00 
 00 00 04 00 04 03 FF FF FF 00 0B 03 FF FF FF 00 
 0C 03 FF FF FF 00 0D 03 FF FF FF 
 SWTPM_IO_Read: length 38
 80 01 00 00 00 26 00 00 01 7E 00 00 00 04 00 04 
 03 08 00 00 00 0B 03 08 00 00 00 0C 03 08 00 00 
 00 0D 03 08 00 00 
    IsEnEnabled(0x17e = 'PCR_Read'): 1
 SWTPM_IO_Write: length 218
 80 01 00 00 00 DA 00 00 00 00 00 00 00 5C 00 00 
 00 04 00 04 03 08 00 00 00 0B 03 08 00 00 00 0C 
 03 08 00 00 00 0D 03 08 00 00 00 00 00 04 00 14 
 B2 A8 3B 0E BF 2F 83 74 29 9A 5B 2B DF C3 1E A9 
 55 AD 72 36 00 20 3D 45 8C FE 55 CC 03 EA 1F 44 
 3F 15 62 BE EC 8D F5 1C 75 E1 4A 9F CF 9A 72 34 
 A1 3F 19 8E 79 69 00 30 51 89 23 B0 F9 55 D0 8D 
 A0 77 C9 6A AB A5 22 B9 DE CE DE 61 C5 99 CE A6 
 C4 18 89 CF BE A4 AE 4D 50 52 9D 96 FE 4D 1A FD 
 AF B6 5E 7F 95 BF 23 C4 00 40 27 EC 09 15 33 C4 
 B9 EE A3 8D D1 4C 3A 3E CD EF 0A 99 C1 E5 64 CB 
 E6 6D FE 00 82 50 15 4E 78 39 B0 B7 52 28 FE 8D 
 EB CC 4C A3 30 E6 AE BC 1A BC 74 07 0B C9 C9 C1 
 E2 6B 93 9C 9D 91 6E 45 E1 3C 
 SWTPM_IO_Read: length 203
 80 02 00 00 00 CB 00 00 01 82 00 00 00 04 00 00 
 00 09 40 00 00 09 00 00 00 00 00 00 00 00 04 00 
 04 90 69 CA 78 E7 45 0A 28 51 73 43 1B 3E 52 C5 
 C2 52 99 E4 73 00 0B DF 3F 61 98 04 A9 2F DB 40 
 57 19 2D C4 3D D7 48 EA 77 8A DC 52 BC 49 8C E8 
 05 24 C0 14 B8 11 19 00 0C 39 43 41 B7 18 2C D2 
 27 C5 C6 B0 7E F8 00 0C DF D8 61 36 C4 29 2B 8E 
 57 65 73 AD 7E D9 AE 41 01 9F 58 18 B4 B9 71 C9 
 EF FC 60 E1 AD 9F 12 89 F0 00 0D EC 2D 57 69 1D 
 9B 2D 40 18 2A C5 65 03 20 54 B7 D7 84 BA 96 B1 
 8B CB 5B E0 BB 4E 70 E3 FB 04 1E FF 58 2C 8A F6 
 6E E5 02 56 53 9F 21 81 D7 F9 E5 36 27 C0 18 9D 
 A7 E7 5A 4D 5E F1 0E A9 3B 20 B3 
    IsEnEnabled(0x182 = 'PCR_Extend'): 1
 SWTPM_IO_Write: length 19
 80 02 00 00 00 13 00 00 00 00 00 00 00 00 00 00 
 01 00 00 
 SWTPM_IO_Read: length 22
 80 01 00 00 00 16 00 00 01 7A 00 00 00 05 00 00 
 00 00 00 00 00 01 
    IsEnEnabled(0x17a = 'GetCapability'): 1
 SWTPM_IO_Write: length 43
 80 01 00 00 00 2B 00 00 00 00 00 00 00 00 05 00 
 00 00 04 00 04 03 FF FF FF 00 0B 03 FF FF FF 00 
 0C 03 FF FF FF 00 0D 03 FF FF FF 
 SWTPM_IO_Read: length 22
 80 01 00 00 00 16 00 00 01 7A 00 00 00 05 00 00 
 00 00 00 00 00 01 
    IsEnEnabled(0x17a = 'GetCapability'): 1
 SWTPM_IO_Write: length 43
 80 01 00 00 00 2B 00 00 00 00 00 00 00 00 05 00 
 00 00 04 00 04 03 FF FF FF 00 0B 03 FF FF FF 00 
 0C 03 FF FF FF 00 0D 03 FF FF FF 
 SWTPM_IO_Read: length 38
 80 01 00 00 00 26 00 00 01 7E 00 00 00 04 00 04 
 03 10 00 00 00 0B 03 10 00 00 00 0C 03 10 00 00 
 00 0D 03 10 00 00 
    IsEnEnabled(0x17e = 'PCR_Read'): 1
 SWTPM_IO_Write: length 218
 80 01 00 00 00 DA 00 00 00 00 00 00 00 60 00 00 
 00 04 00 04 03 10 00 00 00 0B 03 10 00 00 00 0C 
 03 10 00 00 00 0D 03 10 00 00 00 00 00 04 00 14 
 45 A3 23 38 2B D9 33 F0 8E 7F 0E 25 6B C8 24 9E 
 40 95 B1 EC 00 20 7A 94 FF E8 A7 72 9A 56 6D 3D 
 3C 57 7F CB 4B 6B 1E 67 1F 31 54 03 75 F8 0E AE 
 63 82 AB 78 5E 35 00 30 70 BC 45 7E 08 74 64 76 
 0A 89 27 D6 31 22 48 DC 11 76 63 41 09 14 FF 8B 
 1E 42 FD 5D C9 1E 16 F5 FE 3F 15 CA 64 37 2D 3E 
 47 AF 8B 4C 53 B0 1D F9 00 40 7F A9 A2 03 0A 70 
 0F 68 E9 90 58 42 49 A2 68 54 7B E1 C4 3C AB B3 
 27 73 F2 00 0C D9 14 25 3E F0 C9 AF 0C D9 14 84 
 B7 61 08 92 9E E5 C1 99 4D 62 A6 C2 79 7E 61 A0 
 56 5C 6A E9 81 C3 DE 1B 51 D8 
 SWTPM_IO_Read: length 203
 80 02 00 00 00 CB 00 00 01 82 00 00 00 05 00 00 
 00 09 40 00 00 09 00 00 00 00 00 00 00 00 04 00 
 04 90 69 CA 78 E7 45 0A 28 51 73 43 1B 3E 52 C5 
 C2 52 99 E4 73 00 0B DF 3F 61 98 04 A9 2F DB 40 
 57 19 2D C4 3D D7 48 EA 77 8A DC 52 BC 49 8C E8 
 05 24 C0 14 B8 11 19 00 0C 39 43 41 B7 18 2C D2 
 27 C5 C6 B0 7E F8 00 0C DF D8 61 36 C4 29 2B 8E 
 57 65 73 AD 7E D9 AE 41 01 9F 58 18 B4 B9 71 C9 
 EF FC 60 E1 AD 9F 12 89 F0 00 0D EC 2D 57 69 1D 
 9B 2D 40 18 2A C5 65 03 20 54 B7 D7 84 BA 96 B1 
 8B CB 5B E0 BB 4E 70 E3 FB 04 1E FF 58 2C 8A F6 
 6E E5 02 56 53 9F 21 81 D7 F9 E5 36 27 C0 18 9D 
 A7 E7 5A 4D 5E F1 0E A9 3B 20 B3 
    IsEnEnabled(0x182 = 'PCR_Extend'): 1
 SWTPM_IO_Write: length 19
 80 02 00 00 00 13 00 00 00 00 00 00 00 00 00 00 
 01 00 00 
 SWTPM_IO_Read: length 22
 80 01 00 00 00 16 00 00 01 7A 00 00 00 05 00 00 
 00 00 00 00 00 01 
    IsEnEnabled(0x17a = 'GetCapability'): 1
 SWTPM_IO_Write: length 43
 80 01 00 00 00 2B 00 00 00 00 00 00 00 00 05 00 
 00 00 04 00 04 03 FF FF FF 00 0B 03 FF FF FF 00 
 0C 03 FF FF FF 00 0D 03 FF FF FF 
 SWTPM_IO_Read: length 22
 80 01 00 00 00 16 00 00 01 7A 00 00 00 05 00 00 
 00 00 00 00 00 01 
    IsEnEnabled(0x17a = 'GetCapability'): 1
 SWTPM_IO_Write: length 43
 80 01 00 00 00 2B 00 00 00 00 00 00 00 00 05 00 
 00 00 04 00 04 03 FF FF FF 00 0B 03 FF FF FF 00 
 0C 03 FF FF FF 00 0D 03 FF FF FF 
 SWTPM_IO_Read: length 38
 80 01 00 00 00 26 00 00 01 7E 00 00 00 04 00 04 
 03 20 00 00 00 0B 03 20 00 00 00 0C 03 20 00 00 
 00 0D 03 20 00 00 
    IsEnEnabled(0x17e = 'PCR_Read'): 1
 SWTPM_IO_Write: length 218
 80 01 00 00 00 DA 00 00 00 00 00 00 00 64 00 00 
 00 04 00 04 03 20 00 00 00 0B 03 20 00 00 00 0C 
 03 20 00 00 00 0D 03 20 00 00 00 00 00 04 00 14 
 B2 A8 3B 0E BF 2F 83 74 29 9A 5B 2B DF C3 1E A9 
 55 AD 72 36 00 20 3D 45 8C FE 55 CC 03 EA 1F 44 
 3F 15 62 BE EC 8D F5 1C 75 E1 4A 9F CF 9A 72 34 
 A1 3F 19 8E 79 69 00 30 51 89 23 B0 F9 55 D0 8D 
 A0 77 C9 6A AB A5 22 B9 DE CE DE 61 C5 99 CE A6 
 C4 18 89 CF BE A4 AE 4D 50 52 9D 96 FE 4D 1A FD 
 AF B6 5E 7F 95 BF 23 C4 00 40 27 EC 09 15 33 C4 
 B9 EE A3 8D D1 4C 3A 3E CD EF 0A 99 C1 E5 64 CB 
 E6 6D FE 00 82 50 15 4E 78 39 B0 B7 52 28 FE 8D 
 EB CC 4C A3 30 E6 AE BC 1A BC 74 07 0B C9 C9 C1 
 E2 6B 93 9C 9D 91 6E 45 E1 3C 
 SWTPM_IO_Read: length 203
 80 02 00 00 00 CB 00 00 01 82 00 00 00 06 00 00 
 00 09 40 00 00 09 00 00 00 00 00 00 00 00 04 00 
 04 90 69 CA 78 E7 45 0A 28 51 73 43 1B 3E 52 C5 
 C2 52 99 E4 73 00 0B DF 3F 61 98 04 A9 2F DB 40 
 57 19 2D C4 3D D7 48 EA 77 8A DC 52 BC 49 8C E8 
 05 24 C0 14 B8 11 19 00 0C 39 43 41 B7 18 2C D2 
 27 C5 C6 B0 7E F8 00 0C DF D8 61 36 C4 29 2B 8E 
 57 65 73 AD 7E D9 AE 41 01 9F 58 18 B4 B9 71 C9 
 EF FC 60 E1 AD 9F 12 89 F0 00 0D EC 2D 57 69 1D 
 9B 2D 40 18 2A C5 65 03 20 54 B7 D7 84 BA 96 B1 
 8B CB 5B E0 BB 4E 70 E3 FB 04 1E FF 58 2C 8A F6 
 6E E5 02 56 53 9F 21 81 D7 F9 E5 36 27 C0 18 9D 
 A7 E7 5A 4D 5E F1 0E A9 3B 20 B3 
    IsEnEnabled(0x182 = 'PCR_Extend'): 1
 SWTPM_IO_Write: length 19
 80 02 00 00 00 13 00 00 00 00 00 00 00 00 00 00 
 01 00 00 
 SWTPM_IO_Read: length 22
 80 01 00 00 00 16 00 00 01 7A 00 00 00 05 00 00 
 00 00 00 00 00 01 
    IsEnEnabled(0x17a = 'GetCapability'): 1
 SWTPM_IO_Write: length 43
 80 01 00 00 00 2B 00 00 00 00 00 00 00 00 05 00 
 00 00 04 00 04 03 FF FF FF 00 0B 03 FF FF FF 00 
 0C 03 FF FF FF 00 0D 03 FF FF FF 
 SWTPM_IO_Read: length 22
 80 01 00 00 00 16 00 00 01 7A 00 00 00 05 00 00 
 00 00 00 00 00 01 
    IsEnEnabled(0x17a = 'GetCapability'): 1
 SWTPM_IO_Write: length 43
 80 01 00 00 00 2B 00 00 00 00 00 00 00 00 05 00 
 00 00 04 00 04 03 FF FF FF 00 0B 03 FF FF FF 00 
 0C 03 FF FF FF 00 0D 03 FF FF FF 
 SWTPM_IO_Read: length 38
 80 01 00 00 00 26 00 00 01 7E 00 00 00 04 00 04 
 03 40 00 00 00 0B 03 40 00 00 00 0C 03 40 00 00 
 00 0D 03 40 00 00 
    IsEnEnabled(0x17e = 'PCR_Read'): 1
 SWTPM_IO_Write: length 218
 80 01 00 00 00 DA 00 00 00 00 00 00 00 68 00 00 
 00 04 00 04 03 40 00 00 00 0B 03 40 00 00 00 0C 
 03 40 00 00 00 0D 03 40 00 00 00 00 00 04 00 14 
 B2 A8 3B 0E BF 2F 83 74 29 9A 5B 2B DF C3 1E A9 
 55 AD 72 36 00 20 3D 45 8C FE 55 CC 03 EA 1F 44 
 3F 15 62 BE EC 8D F5 1C 75 E1 4A 9F CF 9A 72 34 
 A1 3F 19 8E 79 69 00 30 51 89 23 B0 F9 55 D0 8D 
 A0 77 C9 6A AB A5 22 B9 DE CE DE 61 C5 99 CE A6 
 C4 18 89 CF BE A4 AE 4D 50 52 9D 96 FE 4D 1A FD 
 AF B6 5E 7F 95 BF 23 C4 00 40 27 EC 09 15 33 C4 
 B9 EE A3 8D D1 4C 3A 3E CD EF 0A 99 C1 E5 64 CB 
 E6 6D FE 00 82 50 15 4E 78 39 B0 B7 52 28 FE 8D 
 EB CC 4C A3 30 E6 AE BC 1A BC 74 07 0B C9 C9 C1 
 E2 6B 93 9C 9D 91 6E 45 E1 3C 
 SWTPM_IO_Read: length 203
 80 02 00 00 00 CB 00 00 01 82 00 00 00 0E 00 00 
 00 09 40 00 00 09 00 00 00 00 00 00 00 00 04 00 
 04 E2 45 14 CE 94 6F 3F 56 72 B4 1F 14 00 5E A2 
 57 BD 0C 77 AB 00 0B E8 E4 8E 3A D1 0B C2 43 34 
 1B 46 63 C0 05 7A EF 0E C7 89 4C CC 9E CB 05 98 
 F0 83 0F A5 7F 72 20 00 0C 2D 2F 6A 60 B5 52 79 
 D6 35 DB 87 34 99 2F DD B2 02 E3 43 E4 F2 EC E5 
 D6 43 1F A5 6E 8D 19 83 A9 1E 73 C2 1E F8 79 C0 
 E9 6C F7 50 BC 57 CF A4 98 00 0D 95 0F D4 8C 47 
 8E 08 AB BB 15 12 30 FA BE 9C A2 84 48 14 9F 02 
 A2 93 4D B1 90 CF D5 18 F3 05 32 59 74 6D B5 1A 
 69 B5 E8 EB 5C F2 8B A9 1C 67 80 62 0A 60 A0 27 
 16 14 7C 0B 52 6F FB 35 12 3E 96 
    IsEnEnabled(0x182 = 'PCR_Extend'): 1
 SWTPM_IO_Write: length 19
 80 02 00 00 00 13 00 00 00 00 00 00 00 00 00 00 
 01 00 00 
 SWTPM_IO_Read: length 22
 80 01 00 00 00 16 00 00 01 7A 00 00 00 05 00 00 
 00 00 00 00 00 01 
    IsEnEnabled(0x17a = 'GetCapability'): 1
 SWTPM_IO_Write: length 43
 80 01 00 00 00 2B 00 00 00 00 00 00 00 00 05 00 
 00 00 04 00 04 03 FF FF FF 00 0B 03 FF FF FF 00 
 0C 03 FF FF FF 00 0D 03 FF FF FF 
 SWTPM_IO_Read: length 22
 80 01 00 00 00 16 00 00 01 7A 00 00 00 05 00 00 
 00 00 00 00 00 01 
    IsEnEnabled(0x17a = 'GetCapability'): 1
 SWTPM_IO_Write: length 43
 80 01 00 00 00 2B 00 00 00 00 00 00 00 00 05 00 
 00 00 04 00 04 03 FF FF FF 00 0B 03 FF FF FF 00 
 0C 03 FF FF FF 00 0D 03 FF FF FF 
 SWTPM_IO_Read: length 38
 80 01 00 00 00 26 00 00 01 7E 00 00 00 04 00 04 
 03 00 40 00 00 0B 03 00 40 00 00 0C 03 00 40 00 
 00 0D 03 00 40 00 
    IsEnEnabled(0x17e = 'PCR_Read'): 1
 SWTPM_IO_Write: length 218
 80 01 00 00 00 DA 00 00 00 00 00 00 00 6C 00 00 
 00 04 00 04 03 00 40 00 00 0B 03 00 40 00 00 0C 
 03 00 40 00 00 0D 03 00 40 00 00 00 00 04 00 14 
 2A 23 3D 93 8D 4D E9 1B 4E C0 77 5B FA 86 5B 22 
 6E 44 17 28 00 20 D1 B8 E5 03 44 15 DB CE D8 84 
 99 AA 71 15 9B 8E C1 6B 03 66 F3 EB C2 89 CA 33 
 BE E0 F3 EE 88 BF 00 30 A3 CF 5B CE 3C 5D 0E F0 
 4F 99 F7 6C 17 A9 C7 E7 3D 66 56 71 09 C5 1E 0F 
 68 92 65 3B 3F F9 01 F0 39 28 B9 FD A9 B6 3A AD 
 F8 87 58 D1 79 EB 3B E0 00 40 63 A6 45 F8 8D B8 
 5D D4 0B 9E 5D A8 87 EA F2 A7 74 AB 2C 4E DB F9 
 65 72 A2 72 7C C3 67 08 8F B5 62 2A 13 66 91 CF 
 05 E5 DA EE 2B 81 94 31 A0 A2 9C E0 28 9E 0B C6 
 1D 58 87 56 4C EB ED 64 8F F5 
 SWTPM_IO_Read: length 203
 80 02 00 00 00 CB 00 00 01 82 00 00 00 0E 00 00 
 00 09 40 00 00 09 00 00 00 00 00 00 00 00 04 00 
 04 52 5F F7 0D 4C FA 4B 2C 76 A2 E2 3F C4 49 07 
 97 93 2B D3 F2 00 0B 8D 8A 3A AE 50 D5 D2 58 38 
 C9 5C 03 4A AD CE 7B 54 8C 9A 95 2E B7 92 5E 36 
 6E DA 53 7C 59 C3 B0 00 0C 80 EE 25 71 33 4A 57 
 BF 90 23 8D 21 96 44 47 E5 42 07 9D 48 05 FA 87 
 88 78 17 A9 7D CB 72 09 06 68 3A 09 B1 AC 63 4C 
 76 C0 C0 BE 11 77 F7 61 10 00 0D DB 81 DB FD 69 
 32 AF 3E 86 E5 BB C8 9C D0 D1 76 80 D9 37 4D 54 
 82 6E 34 EA 04 2E F4 AE C4 EA BA 4F AC 46 B8 72 
 56 44 E5 75 49 3D B0 26 0C D1 7B E0 D6 4B 51 BD 
 52 87 EF 1F 8D 87 65 6E 92 6D 03 
    IsEnEnabled(0x182 = 'PCR_Extend'): 1
 SWTPM_IO_Write: length 19
 80 02 00 00 00 13 00 00 00 00 00 00 00 00 00 00 
 01 00 00 
 SWTPM_IO_Read: length 22
 80 01 00 00 00 16 00 00 01 7A 00 00 00 05 00 00 
 00 00 00 00 00 01 
    IsEnEnabled(0x17a = 'GetCapability'): 1
 SWTPM_IO_Write: length 43
 80 01 00 00 00 2B 00 00 00 00 00 00 00 00 05 00 
 00 00 04 00 04 03 FF FF FF 00 0B 03 FF FF FF 00 
 0C 03 FF FF FF 00 0D 03 FF FF FF 
 SWTPM_IO_Read: length 22
 80 01 00 00 00 16 00 00 01 7A 00 00 00 05 00 00 
 00 00 00 00 00 01 
    IsEnEnabled(0x17a = 'GetCapability'): 1
 SWTPM_IO_Write: length 43
 80 01 00 00 00 2B 00 00 00 00 00 00 00 00 05 00 
 00 00 04 00 04 03 FF FF FF 00 0B 03 FF FF FF 00 
 0C 03 FF FF FF 00 0D 03 FF FF FF 
 SWTPM_IO_Read: length 38
 80 01 00 00 00 26 00 00 01 7E 00 00 00 04 00 04 
 03 00 40 00 00 0B 03 00 40 00 00 0C 03 00 40 00 
 00 0D 03 00 40 00 
    IsEnEnabled(0x17e = 'PCR_Read'): 1
 SWTPM_IO_Write: length 218
 80 01 00 00 00 DA 00 00 00 00 00 00 00 70 00 00 
 00 04 00 04 03 00 40 00 00 0B 03 00 40 00 00 0C 
 03 00 40 00 00 0D 03 00 40 00 00 00 00 04 00 14 
 AB 39 4F A1 28 09 8B 93 D0 8A 69 53 61 3E 19 C9 
 13 1E 90 D4 00 20 CD FF 7D 93 48 46 7F 3B C2 3F 
 E4 B2 99 87 32 55 98 5A 3A 5C 9A CF 9A E9 6C 98 
 4C 61 76 FF C1 36 00 30 2A D1 6F 1F 13 A3 A6 68 
 25 27 0D F4 47 80 77 92 42 65 25 31 71 69 04 E6 
 AF FA 40 46 5F 66 FD 6B 43 7B FD DD 09 72 AC 7D 
 89 00 88 3B A3 62 E7 32 00 40 3F AC 2A 22 F2 8B 
 5C 53 B3 BD 4B 5E B7 76 E2 60 FA AF C4 E0 2C D2 
 7E 27 7B D6 6A D8 6E 5D 37 57 B6 D4 A4 45 C1 68 
 80 7C 95 64 F5 91 F5 03 9A 68 39 CE 98 19 61 E8 
 49 E9 D3 70 DF 56 22 06 4B 32 
 SWTPM_IO_Read: length 203
 80 02 00 00 00 CB 00 00 01 82 00 00 00 07 00 00 
 00 09 40 00 00 09 00 00 00 00 00 00 00 00 04 00 
 04 15 87 5D 39 B8 87 2F 8A FF 3A 92 FC 9F 9E 40 
 AC 75 26 8E 04 00 0B 92 2E 93 9A 55 65 79 8A 5E 
 F1 2F E0 9D 8B 49 BF 95 1A 8E 7F 89 A0 CC A7 A5 
 16 36 69 3D 41 A3 4D 00 0C F1 43 E2 94 8D 63 FC 
 D3 44 2E 84 1B B3 6A 7E 18 08 71 F0 A8 94 65 41 
 96 1F E9 D1 2E 70 D0 72 78 74 60 09 56 26 4D BA 
 53 1E 2E DD 87 29 C5 EB 38 00 0D B2 6C 68 42 86 
 74 87 F1 4A 6E 32 6F 96 B6 C1 9D 12 78 D0 2D 09 
 98 62 D7 03 55 CE C8 86 D9 7A 2B 7A 72 09 56 91 
 89 FD 0C E6 D9 4C 33 02 F1 8E 8F 5B 15 73 27 28 
 8B 5E F4 F6 44 74 15 D8 AF 29 2B 
    IsEnEnabled(0x182 = 'PCR_Extend'): 1
 SWTPM_IO_Write: length 19
 80 02 00 00 00 13 00 00 00 00 00 00 00 00 00 00 
 01 00 00 
 SWTPM_IO_Read: length 22
 80 01 00 00 00 16 00 00 01 7A 00 00 00 05 00 00 
 00 00 00 00 00 01 
    IsEnEnabled(0x17a = 'GetCapability'): 1
 SWTPM_IO_Write: length 43
 80 01 00 00 00 2B 00 00 00 00 00 00 00 00 05 00 
 00 00 04 00 04 03 FF FF FF 00 0B 03 FF FF FF 00 
 0C 03 FF FF FF 00 0D 03 FF FF FF 
 SWTPM_IO_Read: length 22
 80 01 00 00 00 16 00 00 01 7A 00 00 00 05 00 00 
 00 00 00 00 00 01 
    IsEnEnabled(0x17a = 'GetCapability'): 1
 SWTPM_IO_Write: length 43
 80 01 00 00 00 2B 00 00 00 00 00 00 00 00 05 00 
 00 00 04 00 04 03 FF FF FF 00 0B 03 FF FF FF 00 
 0C 03 FF FF FF 00 0D 03 FF FF FF 
 SWTPM_IO_Read: length 38
 80 01 00 00 00 26 00 00 01 7E 00 00 00 04 00 04 
 03 80 00 00 00 0B 03 80 00 00 00 0C 03 80 00 00 
 00 0D 03 80 00 00 
    IsEnEnabled(0x17e = 'PCR_Read'): 1
 SWTPM_IO_Write: length 218
 80 01 00 00 00 DA 00 00 00 00 00 00 00 74 00 00 
 00 04 00 04 03 80 00 00 00 0B 03 80 00 00 00 0C 
 03 80 00 00 00 0D 03 80 00 00 00 00 00 04 00 14 
 1D BF FD 35 33 97 AF BE 91 B5 F9 0B FC 53 AF 84 
 D3 E6 B2 34 00 20 12 7C 18 EB A2 30 0E 30 76 7F 
 AF E7 1F 4E 59 75 77 6F 66 5D 22 C7 CA 90 17 C7 
 C2 48 46 B9 6F A1 00 30 C5 A1 10 29 B6 FE CF 6B 
 61 26 43 BA 61 22 EF 51 CC 04 27 66 55 C0 43 9D 
 59 0F C6 90 AE 97 04 B4 F8 C9 B8 94 34 BE 26 7E 
 0D 71 8A 21 FA 71 98 23 00 40 2A 00 9A CF 28 91 
 71 59 D6 15 78 E7 12 17 E1 4A C3 33 FD 29 7D 64 
 E4 C5 07 F7 11 45 53 E7 3B 34 F1 09 66 B7 8C FD 
 21 FF 9D FE E3 17 CE 26 63 B8 DC 61 38 37 F7 2E 
 1C 1C DF 30 2C 7E 9A C9 86 70 
 SWTPM_IO_Read: length 203
 80 02 00 00 00 CB 00 00 01 82 00 00 00 0E 00 00 
 00 09 40 00 00 09 00 00 00 00 00 00 00 00 04 00 
 04 BF 8B 45 30 D8 D2 46 DD 74 AC 53 A1 34 71 BB 
 A1 79 41 DF F7 00 0B 4B F5 12 2F 34 45 54 C5 3B 
 DE 2E BB 8C D2 B7 E3 D1 60 0A D6 31 C3 85 A5 D7 
 CC E2 3C 77 85 45 9A 00 0C 8D 2C E8 7D 86 F5 5F 
 CF AB 77 0A 04 7B 09 0D A2 32 70 FA 20 68 32 DF 
 EA 7E 0C 94 6F FF 45 1F 81 9A DD 24 23 74 BE 55 
 1B 0D 63 18 ED 6C 7D 41 D8 00 0D 7B 54 B6 68 36 
 C1 FB DD 13 D2 44 1D 9E 14 34 DC 62 CA 67 7F B6 
 8F 5F E6 6A 46 4B AA DE CD BD 00 57 6F 8D 6B 5A 
 C3 BC C8 08 44 B7 D5 0B 1C C6 60 34 44 BB E7 CF 
 CF 8F C0 AA 1E E3 C6 36 D9 E3 39 
    IsEnEnabled(0x182 = 'PCR_Extend'): 1
 SWTPM_IO_Write: length 19
 80 02 00 00 00 13 00 00 00 00 00 00 00 00 00 00 
 01 00 00 
 SWTPM_IO_Read: length 22
 80 01 00 00 00 16 00 00 01 7A 00 00 00 05 00 00 
 00 00 00 00 00 01 
    IsEnEnabled(0x17a = 'GetCapability'): 1
 SWTPM_IO_Write: length 43
 80 01 00 00 00 2B 00 00 00 00 00 00 00 00 05 00 
 00 00 04 00 04 03 FF FF FF 00 0B 03 FF FF FF 00 
 0C 03 FF FF FF 00 0D 03 FF FF FF 
 SWTPM_IO_Read: length 22
 80 01 00 00 00 16 00 00 01 7A 00 00 00 05 00 00 
 00 00 00 00 00 01 
    IsEnEnabled(0x17a = 'GetCapability'): 1
 SWTPM_IO_Write: length 43
 80 01 00 00 00 2B 00 00 00 00 00 00 00 00 05 00 
 00 00 04 00 04 03 FF FF FF 00 0B 03 FF FF FF 00 
 0C 03 FF FF FF 00 0D 03 FF FF FF 
 SWTPM_IO_Read: length 38
 80 01 00 00 00 26 00 00 01 7E 00 00 00 04 00 04 
 03 00 40 00 00 0B 03 00 40 00 00 0C 03 00 40 00 
 00 0D 03 00 40 00 
    IsEnEnabled(0x17e = 'PCR_Read'): 1
 SWTPM_IO_Write: length 218
 80 01 00 00 00 DA 00 00 00 00 00 00 00 78 00 00 
 00 04 00 04 03 00 40 00 00 0B 03 00 40 00 00 0C 
 03 00 40 00 00 0D 03 00 40 00 00 00 00 04 00 14 
 FF AF 5D FA B3 51 DC 9B 3B 7A 3C F7 48 75 9E 13 
 7F 16 01 A8 00 20 17 CD EF D9 54 8F 43 83 B6 7A 
 37 A9 01 67 3B F3 C8 DE D6 F6 19 D3 6C 80 07 56 
 2D E1 D9 3C 81 CC 00 30 09 F9 DB 38 CF AC CF F9 
 A1 B4 AE 1A F6 86 33 50 58 76 FB 0D EA 3F CB CB 
 8F 9F B0 D1 33 33 4E FD C2 CE 21 89 38 4D 6B 37 
 63 6E C8 27 93 2F 31 FF 00 40 19 BB 49 27 51 16 
 CA 64 DB 7C 2E 32 3A 80 69 0C E4 7C A9 8C 7C 07 
 D6 8A 17 94 AE B1 25 FE FC 27 06 19 B3 6F 19 E6 
 6C 53 50 FC 5B EE 99 E7 04 17 CB 16 F7 59 85 1D 
 2B 9B F9 85 E5 8E FF 69 58 E6 
 SWTPM_IO_Read: length 203
 80 02 00 00 00 CB 00 00 01 82 00 00 00 04 00 00 
 00 09 40 00 00 09 00 00 00 00 00 00 00 00 04 00 
 04 3A 0D 15 38 1F CB 4B F5 24 03 A9 CC 8B FF 03 
 D0 F1 62 4C 2D 00 0B A0 8C 88 CA 88 D3 67 58 A8 
 C3 B2 82 21 D0 2F 2D 73 ED 07 25 4D 12 9F 95 43 
 6D 2B 41 F9 DE 56 DA 00 0C B4 CD 5C 7A B4 5B B1 
 45 9C 4A 01 42 4D 27 CD D3 95 68 9B C3 33 85 26 
 EB 23 05 28 89 45 F9 A3 54 AC AA C6 97 89 A3 5D 
 D8 0A 6F EE 3F A5 9D DD BC 00 0D 75 86 67 C2 87 
 17 96 83 DD 4F 17 9A 17 7E 28 4D 6E C2 1D A8 A7 
 43 F7 08 19 E6 1B FB 9C 44 E9 44 98 F0 F1 3C B8 
 17 30 AA BE E8 E9 6A E2 9E 2B 65 72 CA 52 5A 2F 
 06 E0 D1 80 2A 48 CF 23 53 B2 D4 
    IsEnEnabled(0x182 = 'PCR_Extend'): 1
 SWTPM_IO_Write: length 19
 80 02 00 00 00 13 00 00 00 00 00 00 00 00 00 00 
 01 00 00 
 SWTPM_IO_Read: length 22
 80 01 00 00 00 16 00 00 01 7A 00 00 00 05 00 00 
 00 00 00 00 00 01 
    IsEnEnabled(0x17a = 'GetCapability'): 1
 SWTPM_IO_Write: length 43
 80 01 00 00 00 2B 00 00 00 00 00 00 00 00 05 00 
 00 00 04 00 04 03 FF FF FF 00 0B 03 FF FF FF 00 
 0C 03 FF FF FF 00 0D 03 FF FF FF 
 SWTPM_IO_Read: length 22
 80 01 00 00 00 16 00 00 01 7A 00 00 00 05 00 00 
 00 00 00 00 00 01 
    IsEnEnabled(0x17a = 'GetCapability'): 1
 SWTPM_IO_Write: length 43
 80 01 00 00 00 2B 00 00 00 00 00 00 00 00 05 00 
 00 00 04 00 04 03 FF FF FF 00 0B 03 FF FF FF 00 
 0C 03 FF FF FF 00 0D 03 FF FF FF 
 SWTPM_IO_Read: length 38
 80 01 00 00 00 26 00 00 01 7E 00 00 00 04 00 04 
 03 10 00 00 00 0B 03 10 00 00 00 0C 03 10 00 00 
 00 0D 03 10 00 00 
    IsEnEnabled(0x17e = 'PCR_Read'): 1
 SWTPM_IO_Write: length 218
 80 01 00 00 00 DA 00 00 00 00 00 00 00 7C 00 00 
 00 04 00 04 03 10 00 00 00 0B 03 10 00 00 00 0C 
 03 10 00 00 00 0D 03 10 00 00 00 00 00 04 00 14 
 3C E1 C8 3E 6C E3 C5 AC 24 3F 68 F6 E7 2E B6 F3 
 85 04 AA EE 00 20 32 50 29 0D 7A 07 E3 E0 EF 63 
 A1 4F 42 8A 65 13 E6 CD A3 89 42 C3 C2 26 99 73 
 91 F8 DA C2 C5 D9 00 30 24 77 FA D5 2A 05 8A 6F 
 B1 CC CB 30 AE 58 5E 4D 29 D0 F3 8C 5E 86 C1 85 
 37 24 1C 73 C9 52 AF C5 E2 15 FC AA E7 38 E2 5D 
 3C 21 89 0D B1 BE 3F 94 00 40 FA 6C 31 C1 9E 16 
 FE F5 20 7C A3 AD 6C 1A 83 D4 FF EC 03 A5 0A 34 
 0B 66 E3 99 5C B1 5A 47 9D 2D E8 F7 D3 2C 6C D7 
 4B 3E 7A B2 54 4B FA 15 FC 91 18 07 FA 33 3B DF 
 FB 22 A8 66 47 30 EC CF 9E 8A 
 SWTPM_IO_Read: length 203
 80 02 00 00 00 CB 00 00 01 82 00 00 00 09 00 00 
 00 09 40 00 00 09 00 00 00 00 00 00 00 00 04 00 
 04 14 ED 7A 3F 05 44 91 BE 97 70 06 A8 BA C7 67 
 46 69 F1 4E A4 00 0B BF B0 46 80 18 E1 18 EC DC 
 23 59 92 5B 13 1B C7 3C EE F4 F5 DA 56 3B D7 8F 
 08 BE 6C B2 45 10 8F 00 0C 5A F8 C4 08 87 1B EA 
 AE DF 54 F6 66 A8 3D D2 0A 08 2E 07 8D 69 EE 77 
 06 00 1C A5 C2 E7 62 AF AE AF 2D 34 0D 25 62 63 
 DD AB 94 09 56 79 14 87 E9 00 0D 84 F3 47 06 5A 
 11 36 0D 81 63 4C DA DD 17 7A 00 DB 05 6C 0C A9 
 F6 ED 6A 8A 92 CD 88 AB 3C 4D 5D 8B A1 C3 0B 1A 
 9D D9 EF B6 60 A0 CA 8E 3C 1E 27 3C 55 57 E9 00 
 02 61 76 82 D9 AD 08 88 BB 89 0E 
    IsEnEnabled(0x182 = 'PCR_Extend'): 1
 SWTPM_IO_Write: length 19
 80 02 00 00 00 13 00 00 00 00 00 00 00 00 00 00 
 01 00 00 
 SWTPM_IO_Read: length 22
 80 01 00 00 00 16 00 00 01 7A 00 00 00 05 00 00 
 00 00 00 00 00 01 
    IsEnEnabled(0x17a = 'GetCapability'): 1
 SWTPM_IO_Write: length 43
 80 01 00 00 00 2B 00 00 00 00 00 00 00 00 05 00 
 00 00 04 00 04 03 FF FF FF 00 0B 03 FF FF FF 00 
 0C 03 FF FF FF 00 0D 03 FF FF FF 
 SWTPM_IO_Read: length 22
 80 01 00 00 00 16 00 00 01 7A 00 00 00 05 00 00 
 00 00 00 00 00 01 
    IsEnEnabled(0x17a = 'GetCapability'): 1
 SWTPM_IO_Write: length 43
 80 01 00 00 00 2B 00 00 00 00 00 00 00 00 05 00 
 00 00 04 00 04 03 FF FF FF 00 0B 03 FF FF FF 00 
 0C 03 FF FF FF 00 0D 03 FF FF FF 
 SWTPM_IO_Read: length 38
 80 01 00 00 00 26 00 00 01 7E 00 00 00 04 00 04 
 03 00 02 00 00 0B 03 00 02 00 00 0C 03 00 02 00 
 00 0D 03 00 02 00 
    IsEnEnabled(0x17e = 'PCR_Read'): 1
 SWTPM_IO_Write: length 218
 80 01 00 00 00 DA 00 00 00 00 00 00 00 80 00 00 
 00 04 00 04 03 00 02 00 00 0B 03 00 02 00 00 0C 
 03 00 02 00 00 0D 03 00 02 00 00 00 00 04 00 14 
 D6 CE 67 78 67 C1 E1 41 34 00 1E 97 54 A3 BD 6D 
 A3 8C 83 67 00 20 5D 6E 9C 44 0A CC 18 08 E7 8D 
 06 F3 A3 ED 93 5D F6 D9 AB 3D 39 EB 41 33 04 D4 
 5B BC 49 7C BD 90 00 30 E4 4F AE 8E 12 AE 84 9F 
 E7 88 2A 7C DD B7 83 8E 30 F6 21 5D 52 B5 95 32 
 9B F7 A0 5C 5F 3F 72 14 57 31 0B 42 6D CF 1F D4 
 E7 5B 97 43 72 7B 0A ED 00 40 24 D4 00 32 47 FF 
 E2 C1 BF 51 D5 4F 33 CF 58 D9 F5 D4 BA 70 63 7E 
 8F 22 08 FB D9 56 97 A8 B9 4E 52 B4 52 7C 83 CB 
 44 D0 3C BE 72 C7 CD A5 4C B8 5A 32 66 DE DD A8 
 B0 13 D9 E0 EC 2F E7 BE 40 B4 
 SWTPM_IO_Read: length 203
 80 02 00 00 00 CB 00 00 01 82 00 00 00 09 00 00 
 00 09 40 00 00 09 00 00 00 00 00 00 00 00 04 00 
 04 08 C5 78 26 A1 DE F1 14 86 B4 F7 08 61 70 35 
 17 E4 7E 59 BB 00 0B 3C 47 48 44 66 1D 76 93 14 
 50 EE 3E C7 FA 94 7C 2A 74 45 0C 6A A3 F9 19 6B 
 37 92 D2 58 BC 38 F3 00 0C 62 9B AD 60 AF 1F 2A 
 B9 2E 9E D8 5D ED 88 D1 F4 21 CA 12 B4 F7 5C 47 
 EA 35 7F A4 39 1E A9 CF AA C3 24 82 74 5E A3 C6 
 EC F8 B0 C9 EC DE 19 AE 02 00 0D 29 71 A5 0B 08 
 E6 D4 76 B1 C2 29 8E F7 A7 DC 47 EA FA 71 26 73 
 86 3C 22 B1 0B 6E 75 88 5D 54 90 FE 39 DB D6 18 
 E3 4B 66 F9 8B E8 DF 80 58 7B 12 8A F6 74 BA BF 
 A1 62 78 4E 61 E6 33 BE 67 43 BB 
    IsEnEnabled(0x182 = 'PCR_Extend'): 1
 SWTPM_IO_Write: length 19
 80 02 00 00 00 13 00 00 00 00 00 00 00 00 00 00 
 01 00 00 
 SWTPM_IO_Read: length 22
 80 01 00 00 00 16 00 00 01 7A 00 00 00 05 00 00 
 00 00 00 00 00 01 
    IsEnEnabled(0x17a = 'GetCapability'): 1
 SWTPM_IO_Write: length 43
 80 01 00 00 00 2B 00 00 00 00 00 00 00 00 05 00 
 00 00 04 00 04 03 FF FF FF 00 0B 03 FF FF FF 00 
 0C 03 FF FF FF 00 0D 03 FF FF FF 
 SWTPM_IO_Read: length 22
 80 01 00 00 00 16 00 00 01 7A 00 00 00 05 00 00 
 00 00 00 00 00 01 
    IsEnEnabled(0x17a = 'GetCapability'): 1
 SWTPM_IO_Write: length 43
 80 01 00 00 00 2B 00 00 00 00 00 00 00 00 05 00 
 00 00 04 00 04 03 FF FF FF 00 0B 03 FF FF FF 00 
 0C 03 FF FF FF 00 0D 03 FF FF FF 
 SWTPM_IO_Read: length 38
 80 01 00 00 00 26 00 00 01 7E 00 00 00 04 00 04 
 03 00 02 00 00 0B 03 00 02 00 00 0C 03 00 02 00 
 00 0D 03 00 02 00 
    IsEnEnabled(0x17e = 'PCR_Read'): 1
 SWTPM_IO_Write: length 218
 80 01 00 00 00 DA 00 00 00 00 00 00 00 84 00 00 
 00 04 00 04 03 00 02 00 00 0B 03 00 02 00 00 0C 
 03 00 02 00 00 0D 03 00 02 00 00 00 00 04 00 14 
 68 80 18 76 46 90 6B E4 01 91 5E 72 2F A0 38 C9 
 C6 FE 6B EF 00 20 C1 FE 4A 1C A2 F9 EC D5 99 CA 
 E7 54 74 51 12 8F 3F E2 7C 97 FA 7E 6C 7C 61 E9 
 14 50 DD E4 55 17 00 30 B3 2D 2D 4E 8A 6A 13 D6 
 85 A0 82 AC DC E2 23 F9 F4 D5 1F BA BF C8 04 B1 
 1E AF B3 49 23 10 89 98 EF 98 C3 F7 0D 13 49 76 
 31 CC 07 A7 B2 BF 0C 1B 00 40 49 93 C5 B4 A3 F3 
 B7 0D 2E 57 A0 F4 03 64 CF 55 66 6E 2D F8 76 E3 
 D3 15 EA EB 72 60 38 6B 8C B5 76 6F 42 DC 56 09 
 37 8B 97 FC 61 84 EB F3 C2 EF 64 5C 26 94 3C F0 
 D6 F3 C4 19 E4 6F C8 5E 08 BC 
 SWTPM_IO_Read: length 203
 80 02 00 00 00 CB 00 00 01 82 00 00 00 05 00 00 
 00 09 40 00 00 09 00 00 00 00 00 00 00 00 04 00 
 04 44 3A 6B 7B 82 B7 AF 56 4F 2E 39 3C D9 D5 A3 
 88 B7 FA 4A 98 00 0B D8 04 3D 6B 7B 85 AD 35 8E 
 B3 B6 AE 6A 87 3A B7 EF 23 A2 63 52 C5 DC 4F AA 
 5A EE DA CF 5E B4 1B 00 0C 21 4B 0B EF 13 79 75 
 60 11 34 48 77 74 3F DC 2A 53 82 BA C6 E7 03 62 
 D6 24 CC F3 F6 54 40 7C 1B 4B AD F7 D8 F9 29 5D 
 D3 DA BD EF 65 B2 76 77 E0 00 0D 0F ED 3A 4C 95 
 52 02 14 36 53 4D 27 F3 AD B4 81 E2 2B 50 B2 9E 
 4B 37 A6 3F 51 85 40 A6 51 A1 74 F1 49 B6 9F 50 
 0B 0B DB 2C B3 BF 4E 0E 21 E0 78 14 51 09 0A F3 
 3E 88 F6 BE E4 CB EB D1 5C 16 68 
    IsEnEnabled(0x182 = 'PCR_Extend'): 1
 SWTPM_IO_Write: length 19
 80 02 00 00 00 13 00 00 00 00 00 00 00 00 00 00 
 01 00 00 
 SWTPM_IO_Read: length 22
 80 01 00 00 00 16 00 00 01 7A 00 00 00 05 00 00 
 00 00 00 00 00 01 
    IsEnEnabled(0x17a = 'GetCapability'): 1
 SWTPM_IO_Write: length 43
 80 01 00 00 00 2B 00 00 00 00 00 00 00 00 05 00 
 00 00 04 00 04 03 FF FF FF 00 0B 03 FF FF FF 00 
 0C 03 FF FF FF 00 0D 03 FF FF FF 
 SWTPM_IO_Read: length 22
 80 01 00 00 00 16 00 00 01 7A 00 00 00 05 00 00 
 00 00 00 00 00 01 
    IsEnEnabled(0x17a = 'GetCapability'): 1
 SWTPM_IO_Write: length 43
 80 01 00 00 00 2B 00 00 00 00 00 00 00 00 05 00 
 00 00 04 00 04 03 FF FF FF 00 0B 03 FF FF FF 00 
 0C 03 FF FF FF 00 0D 03 FF FF FF 
 SWTPM_IO_Read: length 38
 80 01 00 00 00 26 00 00 01 7E 00 00 00 04 00 04 
 03 20 00 00 00 0B 03 20 00 00 00 0C 03 20 00 00 
 00 0D 03 20 00 00 
    IsEnEnabled(0x17e = 'PCR_Read'): 1
 SWTPM_IO_Write: length 218
 80 01 00 00 00 DA 00 00 00 00 00 00 00 88 00 00 
 00 04 00 04 03 20 00 00 00 0B 03 20 00 00 00 0C 
 03 20 00 00 00 0D 03 20 00 00 00 00 00 04 00 14 
 D5 8B E8 C7 B6 CB F5 0D 9B 8E 08 D3 B4 FB 69 3E 
 79 D6 B8 FD 00 20 55 04 28 C2 74 9E 14 6C 4B 5C 
 CF 3E 00 95 E3 08 B9 39 C3 81 A4 7E D1 E5 94 6E 
 7E 24 56 67 37 73 00 30 33 77 73 A7 8C 71 3A 76 
 31 EE EA A1 7B F1 29 98 7C D8 D6 C4 C9 90 B2 2E 
 EE CE CB C4 75 C1 9F 7A B5 F9 FA 0D DE BE 1A FA 
 33 35 65 93 D9 EB 09 20 00 40 E2 22 3F E2 08 40 
 2E 7D 72 87 DA C5 AF 5D 5F 88 D0 09 FC 51 CE 14 
 00 98 16 43 C2 91 43 34 CF 90 9E CF 7F 05 10 AD 
 15 CB A2 93 32 4F 61 D5 42 70 A6 3C 78 7C 53 18 
 C9 BE 06 B0 4A 9C 41 94 C3 CF 
 SWTPM_IO_Read: length 203
 80 02 00 00 00 CB 00 00 01 82 00 00 00 05 00 00 
 00 09 40 00 00 09 00 00 00 00 00 00 00 00 04 00 
 04 47 55 45 DD C9 78 D7 BF D0 36 FA CC 7E 2E 98 
 7F 48 18 9F 0D 00 0B B5 4F 75 42 CB D8 72 A8 1A 
 9D 9D EA 83 9B 2B 8D 74 7C 7E BD 5E A6 61 5C 40 
 F4 2F 44 A6 DB EB A0 00 0C 0A 2E 01 C8 5D EA E7 
 18 A5 30 AD 8C 6D 20 A8 40 09 BA BE 6C 89 89 26 
 9E 95 0D 8C F4 40 C6 E9 97 69 5E 64 D4 55 C4 17 
 4A 65 2C D0 80 F6 23 0B 74 00 0D 1B B3 0C DB D6 
 DA 78 FE 2A 8A 16 1E F5 11 76 E2 2D 64 DC E3 05 
 B4 0B 47 24 36 73 AF 64 A2 B1 6F CA 61 82 11 64 
 33 E3 89 1B E9 47 73 F6 D7 D4 11 27 57 21 D5 BF 
 7D 40 EA 51 A2 74 D5 C8 91 63 7C 
    IsEnEnabled(0x182 = 'PCR_Extend'): 1
 SWTPM_IO_Write: length 19
 80 02 00 00 00 13 00 00 00 00 00 00 00 00 00 00 
 01 00 00 
 SWTPM_IO_Read: length 22
 80 01 00 00 00 16 00 00 01 7A 00 00 00 05 00 00 
 00 00 00 00 00 01 
    IsEnEnabled(0x17a = 'GetCapability'): 1
 SWTPM_IO_Write: length 43
 80 01 00 00 00 2B 00 00 00 00 00 00 00 00 05 00 
 00 00 04 00 04 03 FF FF FF 00 0B 03 FF FF FF 00 
 0C 03 FF FF FF 00 0D 03 FF FF FF 
 SWTPM_IO_Read: length 22
 80 01 00 00 00 16 00 00 01 7A 00 00 00 05 00 00 
 00 00 00 00 00 01 
    IsEnEnabled(0x17a = 'GetCapability'): 1
 SWTPM_IO_Write: length 43
 80 01 00 00 00 2B 00 00 00 00 00 00 00 00 05 00 
 00 00 04 00 04 03 FF FF FF 00 0B 03 FF FF FF 00 
 0C 03 FF FF FF 00 0D 03 FF FF FF 
 SWTPM_IO_Read: length 38
 80 01 00 00 00 26 00 00 01 7E 00 00 00 04 00 04 
 03 20 00 00 00 0B 03 20 00 00 00 0C 03 20 00 00 
 00 0D 03 20 00 00 
    IsEnEnabled(0x17e = 'PCR_Read'): 1
 SWTPM_IO_Write: length 218
 80 01 00 00 00 DA 00 00 00 00 00 00 00 8C 00 00 
 00 04 00 04 03 20 00 00 00 0B 03 20 00 00 00 0C 
 03 20 00 00 00 0D 03 20 00 00 00 00 00 04 00 14 
 D1 6D 7E 62 9F D8 D0 8C A2 56 F9 AD 3A 3A 15 87 
 C9 E6 CC 1B 00 20 A5 CE B7 55 D0 43 F3 24 31 D6 
 3E 39 F5 16 14 64 62 0A 34 37 28 04 94 B5 85 0D 
 C1 B4 7C C0 74 E0 00 30 C5 0B 52 94 97 C7 F4 41 
 EA 47 30 55 87 D6 CE 83 E2 E3 1F 7B 4F AB 6C 13 
 DC 0B 0C 3C 90 0E 1D 0C AF 07 68 32 11 00 92 78 
 62 DF 14 2B F0 46 5E E4 00 40 E1 62 5F 0F 32 E9 
 D0 99 C0 3B 78 18 AB 8D 7D BF F3 21 75 C6 48 2D 
 EB 5A 85 2A A0 79 2E D3 65 F5 2F A4 8E 7F 31 43 
 C5 07 0B D0 FD 3F 9F C7 8E E3 CE 62 FD 0F 9C 09 
 45 EC 40 44 8C DA 93 4A FF DE 
 SWTPM_IO_Read: length 22
 80 01 00 00 00 16 00 00 01 7A 00 00 00 06 00 00 
 01 29 00 00 00 01 
    IsEnEnabled(0x17a = 'GetCapability'): 1
    IsEnEnabled(0x11f = 'NV_UndefineSpaceSpecial'): 1
    IsEnEnabled(0x120 = 'EvictControl'): 1
    IsEnEnabled(0x121 = 'HierarchyControl'): 1
    IsEnEnabled(0x122 = 'NV_UndefineSpace'): 1
    IsEnEnabled(0x123 = '(null)'): 0
    IsEnEnabled(0x124 = 'ChangeEPS'): 1
    IsEnEnabled(0x125 = 'ChangePPS'): 1
    IsEnEnabled(0x126 = 'Clear'): 1
    IsEnEnabled(0x127 = 'ClearControl'): 1
    IsEnEnabled(0x128 = 'ClockSet'): 1
    IsEnEnabled(0x129 = 'HierarchyChangeAuth'): 1
    IsEnEnabled(0x12a = 'NV_DefineSpace'): 1
    IsEnEnabled(0x12b = 'PCR_Allocate'): 1
    IsEnEnabled(0x12c = 'PCR_SetAuthPolicy'): 1
    IsEnEnabled(0x12d = 'PP_Commands'): 1
    IsEnEnabled(0x12e = 'SetPrimaryPolicy'): 1
    IsEnEnabled(0x12f = '(null)'): 0
    IsEnEnabled(0x130 = 'ClockRateAdjust'): 1
    IsEnEnabled(0x131 = 'CreatePrimary'): 1
    IsEnEnabled(0x132 = 'NV_GlobalWriteLock'): 1
    IsEnEnabled(0x133 = 'GetCommandAuditDigest'): 1
    IsEnEnabled(0x134 = 'NV_Increment'): 1
    IsEnEnabled(0x135 = 'NV_SetBits'): 1
    IsEnEnabled(0x136 = 'NV_Extend'): 1
    IsEnEnabled(0x137 = 'NV_Write'): 1
    IsEnEnabled(0x138 = 'NV_WriteLock'): 1
    IsEnEnabled(0x139 = 'DictionaryAttackLockReset'): 1
    IsEnEnabled(0x13a = 'DictionaryAttackParameters'): 1
    IsEnEnabled(0x13b = 'NV_ChangeAuth'): 1
    IsEnEnabled(0x13c = 'PCR_Event'): 1
    IsEnEnabled(0x13d = 'PCR_Reset'): 1
    IsEnEnabled(0x13e = 'SequenceComplete'): 1
    IsEnEnabled(0x13f = 'SetAlgorithmSet'): 1
    IsEnEnabled(0x140 = 'SetCommandCodeAuditStatus'): 1
    IsEnEnabled(0x141 = '(null)'): 0
    IsEnEnabled(0x142 = 'IncrementalSelfTest'): 1
    IsEnEnabled(0x143 = 'SelfTest'): 1
    IsEnEnabled(0x144 = 'Startup'): 1
    IsEnEnabled(0x145 = 'Shutdown'): 1
    IsEnEnabled(0x146 = 'StirRandom'): 1
    IsEnEnabled(0x147 = 'ActivateCredential'): 1
    IsEnEnabled(0x148 = 'Certify'): 1
    IsEnEnabled(0x149 = 'PolicyNV'): 1
    IsEnEnabled(0x14a = 'CertifyCreation'): 1
    IsEnEnabled(0x14b = 'Duplicate'): 1
    IsEnEnabled(0x14c = 'GetTime'): 1
    IsEnEnabled(0x14d = 'GetSessionAuditDigest'): 1
    IsEnEnabled(0x14e = 'NV_Read'): 1
    IsEnEnabled(0x14f = 'NV_ReadLock'): 1
    IsEnEnabled(0x150 = 'ObjectChangeAuth'): 1
    IsEnEnabled(0x151 = 'PolicySecret'): 1
    IsEnEnabled(0x152 = 'Rewrap'): 1
    IsEnEnabled(0x153 = 'Create'): 1
    IsEnEnabled(0x154 = 'ECDH_ZGen'): 1
    IsEnEnabled(0x155 = 'MAC'): 1
    IsEnEnabled(0x156 = 'Import'): 1
    IsEnEnabled(0x157 = 'Load'): 1
    IsEnEnabled(0x158 = 'Quote'): 1
    IsEnEnabled(0x159 = 'RSA_Decrypt'): 1
    IsEnEnabled(0x15a = '(null)'): 0
    IsEnEnabled(0x15b = 'MAC_Start'): 1
    IsEnEnabled(0x15c = 'SequenceUpdate'): 1
    IsEnEnabled(0x15d = 'Sign'): 1
    IsEnEnabled(0x15e = 'Unseal'): 1
    IsEnEnabled(0x15f = '(null)'): 0
    IsEnEnabled(0x160 = 'PolicySigned'): 1
    IsEnEnabled(0x161 = 'ContextLoad'): 1
    IsEnEnabled(0x162 = 'ContextSave'): 1
    IsEnEnabled(0x163 = 'ECDH_KeyGen'): 1
    IsEnEnabled(0x164 = 'EncryptDecrypt'): 1
    IsEnEnabled(0x165 = 'FlushContext'): 1
    IsEnEnabled(0x166 = '(null)'): 0
    IsEnEnabled(0x167 = 'LoadExternal'): 1
    IsEnEnabled(0x168 = 'MakeCredential'): 1
    IsEnEnabled(0x169 = 'NV_ReadPublic'): 1
    IsEnEnabled(0x16a = 'PolicyAuthorize'): 1
    IsEnEnabled(0x16b = 'PolicyAuthValue'): 1
    IsEnEnabled(0x16c = 'PolicyCommandCode'): 1
    IsEnEnabled(0x16d = 'PolicyCounterTimer'): 1
    IsEnEnabled(0x16e = 'PolicyCpHash'): 1
    IsEnEnabled(0x16f = 'PolicyLocality'): 1
    IsEnEnabled(0x170 = 'PolicyNameHash'): 1
    IsEnEnabled(0x171 = 'PolicyOR'): 1
    IsEnEnabled(0x172 = 'PolicyTicket'): 1
    IsEnEnabled(0x173 = 'ReadPublic'): 1
    IsEnEnabled(0x174 = 'RSA_Encrypt'): 1
    IsEnEnabled(0x175 = '(null)'): 0
    IsEnEnabled(0x176 = 'StartAuthSession'): 1
    IsEnEnabled(0x177 = 'VerifySignature'): 1
    IsEnEnabled(0x178 = 'ECC_Parameters'): 1
    IsEnEnabled(0x179 = '(null)'): 0
    IsEnEnabled(0x17a = 'GetCapability'): 1
    IsEnEnabled(0x17b = 'GetRandom'): 1
    IsEnEnabled(0x17c = 'GetTestResult'): 1
    IsEnEnabled(0x17d = 'Hash'): 1
    IsEnEnabled(0x17e = 'PCR_Read'): 1
    IsEnEnabled(0x17f = 'PolicyPCR'): 1
    IsEnEnabled(0x180 = 'PolicyRestart'): 1
    IsEnEnabled(0x181 = 'ReadClock'): 1
    IsEnEnabled(0x182 = 'PCR_Extend'): 1
    IsEnEnabled(0x183 = 'PCR_SetAuthValue'): 1
    IsEnEnabled(0x184 = 'NV_Certify'): 1
    IsEnEnabled(0x185 = 'EventSequenceComplete'): 1
    IsEnEnabled(0x186 = 'HashSequenceStart'): 1
    IsEnEnabled(0x187 = 'PolicyPhysicalPresence'): 1
    IsEnEnabled(0x188 = 'PolicyDuplicationSelect'): 1
    IsEnEnabled(0x189 = 'PolicyGetDigest'): 1
    IsEnEnabled(0x18a = 'TestParms'): 1
    IsEnEnabled(0x18b = 'Commit'): 1
    IsEnEnabled(0x18c = 'PolicyPassword'): 1
    IsEnEnabled(0x18d = 'ZGen_2Phase'): 1
    IsEnEnabled(0x18e = 'EC_Ephemeral'): 1
    IsEnEnabled(0x18f = 'PolicyNvWritten'): 1
    IsEnEnabled(0x190 = 'PolicyTemplate'): 1
    IsEnEnabled(0x191 = 'CreateLoaded'): 1
    IsEnEnabled(0x192 = 'PolicyAuthorizeNV'): 1
    IsEnEnabled(0x193 = 'EncryptDecrypt2'): 1
    IsEnEnabled(0x194 = '(null)'): 0
    IsEnEnabled(0x195 = '(null)'): 0
    IsEnEnabled(0x196 = '(null)'): 0
    IsEnEnabled(0x197 = 'CertifyX509'): 1
    IsEnEnabled(0x198 = '(null)'): 0
    IsEnEnabled(0x199 = 'ECC_Encrypt'): 0
    IsEnEnabled(0x19a = 'ECC_Decrypt'): 0
    IsEnEnabled(0x19b = 'PolicyCapability'): 0
    IsEnEnabled(0x19c = 'PolicyParameters'): 0
    IsEnEnabled(0x19d = '(null)'): 0
    IsEnEnabled(0x19e = '(null)'): 0
    IsEnEnabled(0x19f = '(null)'): 0
    IsEnEnabled(0x11f = 'NV_UndefineSpaceSpecial'): 1
    IsEnEnabled(0x120 = 'EvictControl'): 1
    IsEnEnabled(0x121 = 'HierarchyControl'): 1
    IsEnEnabled(0x122 = 'NV_UndefineSpace'): 1
    IsEnEnabled(0x123 = '(null)'): 0
    IsEnEnabled(0x124 = 'ChangeEPS'): 1
    IsEnEnabled(0x125 = 'ChangePPS'): 1
    IsEnEnabled(0x126 = 'Clear'): 1
    IsEnEnabled(0x127 = 'ClearControl'): 1
    IsEnEnabled(0x128 = 'ClockSet'): 1
    IsEnEnabled(0x129 = 'HierarchyChangeAuth'): 1
    IsEnEnabled(0x12a = 'NV_DefineSpace'): 1
    IsEnEnabled(0x12b = 'PCR_Allocate'): 1
    IsEnEnabled(0x12c = 'PCR_SetAuthPolicy'): 1
    IsEnEnabled(0x12d = 'PP_Commands'): 1
    IsEnEnabled(0x12e = 'SetPrimaryPolicy'): 1
    IsEnEnabled(0x12f = '(null)'): 0
    IsEnEnabled(0x130 = 'ClockRateAdjust'): 1
    IsEnEnabled(0x131 = 'CreatePrimary'): 1
    IsEnEnabled(0x132 = 'NV_GlobalWriteLock'): 1
    IsEnEnabled(0x133 = 'GetCommandAuditDigest'): 1
    IsEnEnabled(0x134 = 'NV_Increment'): 1
    IsEnEnabled(0x135 = 'NV_SetBits'): 1
    IsEnEnabled(0x136 = 'NV_Extend'): 1
    IsEnEnabled(0x137 = 'NV_Write'): 1
    IsEnEnabled(0x138 = 'NV_WriteLock'): 1
    IsEnEnabled(0x139 = 'DictionaryAttackLockReset'): 1
    IsEnEnabled(0x13a = 'DictionaryAttackParameters'): 1
    IsEnEnabled(0x13b = 'NV_ChangeAuth'): 1
    IsEnEnabled(0x13c = 'PCR_Event'): 1
    IsEnEnabled(0x13d = 'PCR_Reset'): 1
    IsEnEnabled(0x13e = 'SequenceComplete'): 1
    IsEnEnabled(0x13f = 'SetAlgorithmSet'): 1
    IsEnEnabled(0x140 = 'SetCommandCodeAuditStatus'): 1
    IsEnEnabled(0x141 = '(null)'): 0
    IsEnEnabled(0x142 = 'IncrementalSelfTest'): 1
    IsEnEnabled(0x143 = 'SelfTest'): 1
    IsEnEnabled(0x144 = 'Startup'): 1
    IsEnEnabled(0x145 = 'Shutdown'): 1
    IsEnEnabled(0x146 = 'StirRandom'): 1
    IsEnEnabled(0x147 = 'ActivateCredential'): 1
    IsEnEnabled(0x148 = 'Certify'): 1
    IsEnEnabled(0x149 = 'PolicyNV'): 1
    IsEnEnabled(0x14a = 'CertifyCreation'): 1
    IsEnEnabled(0x14b = 'Duplicate'): 1
    IsEnEnabled(0x14c = 'GetTime'): 1
    IsEnEnabled(0x14d = 'GetSessionAuditDigest'): 1
    IsEnEnabled(0x14e = 'NV_Read'): 1
    IsEnEnabled(0x14f = 'NV_ReadLock'): 1
    IsEnEnabled(0x150 = 'ObjectChangeAuth'): 1
    IsEnEnabled(0x151 = 'PolicySecret'): 1
    IsEnEnabled(0x152 = 'Rewrap'): 1
    IsEnEnabled(0x153 = 'Create'): 1
    IsEnEnabled(0x154 = 'ECDH_ZGen'): 1
    IsEnEnabled(0x155 = 'MAC'): 1
    IsEnEnabled(0x156 = 'Import'): 1
    IsEnEnabled(0x157 = 'Load'): 1
    IsEnEnabled(0x158 = 'Quote'): 1
    IsEnEnabled(0x159 = 'RSA_Decrypt'): 1
    IsEnEnabled(0x15a = '(null)'): 0
    IsEnEnabled(0x15b = 'MAC_Start'): 1
    IsEnEnabled(0x15c = 'SequenceUpdate'): 1
    IsEnEnabled(0x15d = 'Sign'): 1
    IsEnEnabled(0x15e = 'Unseal'): 1
    IsEnEnabled(0x15f = '(null)'): 0
    IsEnEnabled(0x160 = 'PolicySigned'): 1
    IsEnEnabled(0x161 = 'ContextLoad'): 1
    IsEnEnabled(0x162 = 'ContextSave'): 1
    IsEnEnabled(0x163 = 'ECDH_KeyGen'): 1
    IsEnEnabled(0x164 = 'EncryptDecrypt'): 1
    IsEnEnabled(0x165 = 'FlushContext'): 1
    IsEnEnabled(0x166 = '(null)'): 0
    IsEnEnabled(0x167 = 'LoadExternal'): 1
    IsEnEnabled(0x168 = 'MakeCredential'): 1
    IsEnEnabled(0x169 = 'NV_ReadPublic'): 1
    IsEnEnabled(0x16a = 'PolicyAuthorize'): 1
    IsEnEnabled(0x16b = 'PolicyAuthValue'): 1
    IsEnEnabled(0x16c = 'PolicyCommandCode'): 1
    IsEnEnabled(0x16d = 'PolicyCounterTimer'): 1
    IsEnEnabled(0x16e = 'PolicyCpHash'): 1
    IsEnEnabled(0x16f = 'PolicyLocality'): 1
    IsEnEnabled(0x170 = 'PolicyNameHash'): 1
    IsEnEnabled(0x171 = 'PolicyOR'): 1
    IsEnEnabled(0x172 = 'PolicyTicket'): 1
    IsEnEnabled(0x173 = 'ReadPublic'): 1
    IsEnEnabled(0x174 = 'RSA_Encrypt'): 1
    IsEnEnabled(0x175 = '(null)'): 0
    IsEnEnabled(0x176 = 'StartAuthSession'): 1
    IsEnEnabled(0x177 = 'VerifySignature'): 1
    IsEnEnabled(0x178 = 'ECC_Parameters'): 1
    IsEnEnabled(0x179 = '(null)'): 0
    IsEnEnabled(0x17a = 'GetCapability'): 1
    IsEnEnabled(0x17b = 'GetRandom'): 1
    IsEnEnabled(0x17c = 'GetTestResult'): 1
    IsEnEnabled(0x17d = 'Hash'): 1
    IsEnEnabled(0x17e = 'PCR_Read'): 1
    IsEnEnabled(0x17f = 'PolicyPCR'): 1
    IsEnEnabled(0x180 = 'PolicyRestart'): 1
    IsEnEnabled(0x181 = 'ReadClock'): 1
    IsEnEnabled(0x182 = 'PCR_Extend'): 1
    IsEnEnabled(0x183 = 'PCR_SetAuthValue'): 1
    IsEnEnabled(0x184 = 'NV_Certify'): 1
    IsEnEnabled(0x185 = 'EventSequenceComplete'): 1
    IsEnEnabled(0x186 = 'HashSequenceStart'): 1
    IsEnEnabled(0x187 = 'PolicyPhysicalPresence'): 1
    IsEnEnabled(0x188 = 'PolicyDuplicationSelect'): 1
    IsEnEnabled(0x189 = 'PolicyGetDigest'): 1
    IsEnEnabled(0x18a = 'TestParms'): 1
    IsEnEnabled(0x18b = 'Commit'): 1
    IsEnEnabled(0x18c = 'PolicyPassword'): 1
    IsEnEnabled(0x18d = 'ZGen_2Phase'): 1
    IsEnEnabled(0x18e = 'EC_Ephemeral'): 1
    IsEnEnabled(0x18f = 'PolicyNvWritten'): 1
    IsEnEnabled(0x190 = 'PolicyTemplate'): 1
    IsEnEnabled(0x191 = 'CreateLoaded'): 1
    IsEnEnabled(0x192 = 'PolicyAuthorizeNV'): 1
    IsEnEnabled(0x193 = 'EncryptDecrypt2'): 1
    IsEnEnabled(0x194 = '(null)'): 0
    IsEnEnabled(0x195 = '(null)'): 0
    IsEnEnabled(0x196 = '(null)'): 0
    IsEnEnabled(0x197 = 'CertifyX509'): 1
    IsEnEnabled(0x198 = '(null)'): 0
    IsEnEnabled(0x199 = 'ECC_Encrypt'): 0
    IsEnEnabled(0x19a = 'ECC_Decrypt'): 0
    IsEnEnabled(0x19b = 'PolicyCapability'): 0
    IsEnEnabled(0x19c = 'PolicyParameters'): 0
    IsEnEnabled(0x19d = '(null)'): 0
    IsEnEnabled(0x19e = '(null)'): 0
    IsEnEnabled(0x19f = '(null)'): 0
 SWTPM_IO_Write: length 27
 80 01 00 00 00 1B 00 00 00 00 01 00 00 00 06 00 
 00 00 01 00 00 01 29 00 00 00 6E 
 SWTPM_IO_Read: length 11
 80 01 00 00 00 0B 00 00 01 43 00 
    IsEnEnabled(0x143 = 'SelfTest'): 1
 SWTPM_IO_Write: length 10
 80 01 00 00 00 0A 00 00 00 00 
 SWTPM_IO_Read: length 22
 80 01 00 00 00 16 00 00 01 7A 00 00 00 06 00 00 
 01 29 00 00 00 01 
    IsEnEnabled(0x17a = 'GetCapability'): 1
    IsEnEnabled(0x11f = 'NV_UndefineSpaceSpecial'): 1
    IsEnEnabled(0x120 = 'EvictControl'): 1
    IsEnEnabled(0x121 = 'HierarchyControl'): 1
    IsEnEnabled(0x122 = 'NV_UndefineSpace'): 1
    IsEnEnabled(0x123 = '(null)'): 0
    IsEnEnabled(0x124 = 'ChangeEPS'): 1
    IsEnEnabled(0x125 = 'ChangePPS'): 1
    IsEnEnabled(0x126 = 'Clear'): 1
    IsEnEnabled(0x127 = 'ClearControl'): 1
    IsEnEnabled(0x128 = 'ClockSet'): 1
    IsEnEnabled(0x129 = 'HierarchyChangeAuth'): 1
    IsEnEnabled(0x12a = 'NV_DefineSpace'): 1
    IsEnEnabled(0x12b = 'PCR_Allocate'): 1
    IsEnEnabled(0x12c = 'PCR_SetAuthPolicy'): 1
    IsEnEnabled(0x12d = 'PP_Commands'): 1
    IsEnEnabled(0x12e = 'SetPrimaryPolicy'): 1
    IsEnEnabled(0x12f = '(null)'): 0
    IsEnEnabled(0x130 = 'ClockRateAdjust'): 1
    IsEnEnabled(0x131 = 'CreatePrimary'): 1
    IsEnEnabled(0x132 = 'NV_GlobalWriteLock'): 1
    IsEnEnabled(0x133 = 'GetCommandAuditDigest'): 1
    IsEnEnabled(0x134 = 'NV_Increment'): 1
    IsEnEnabled(0x135 = 'NV_SetBits'): 1
    IsEnEnabled(0x136 = 'NV_Extend'): 1
    IsEnEnabled(0x137 = 'NV_Write'): 1
    IsEnEnabled(0x138 = 'NV_WriteLock'): 1
    IsEnEnabled(0x139 = 'DictionaryAttackLockReset'): 1
    IsEnEnabled(0x13a = 'DictionaryAttackParameters'): 1
    IsEnEnabled(0x13b = 'NV_ChangeAuth'): 1
    IsEnEnabled(0x13c = 'PCR_Event'): 1
    IsEnEnabled(0x13d = 'PCR_Reset'): 1
    IsEnEnabled(0x13e = 'SequenceComplete'): 1
    IsEnEnabled(0x13f = 'SetAlgorithmSet'): 1
    IsEnEnabled(0x140 = 'SetCommandCodeAuditStatus'): 1
    IsEnEnabled(0x141 = '(null)'): 0
    IsEnEnabled(0x142 = 'IncrementalSelfTest'): 1
    IsEnEnabled(0x143 = 'SelfTest'): 1
    IsEnEnabled(0x144 = 'Startup'): 1
    IsEnEnabled(0x145 = 'Shutdown'): 1
    IsEnEnabled(0x146 = 'StirRandom'): 1
    IsEnEnabled(0x147 = 'ActivateCredential'): 1
    IsEnEnabled(0x148 = 'Certify'): 1
    IsEnEnabled(0x149 = 'PolicyNV'): 1
    IsEnEnabled(0x14a = 'CertifyCreation'): 1
    IsEnEnabled(0x14b = 'Duplicate'): 1
    IsEnEnabled(0x14c = 'GetTime'): 1
    IsEnEnabled(0x14d = 'GetSessionAuditDigest'): 1
    IsEnEnabled(0x14e = 'NV_Read'): 1
    IsEnEnabled(0x14f = 'NV_ReadLock'): 1
    IsEnEnabled(0x150 = 'ObjectChangeAuth'): 1
    IsEnEnabled(0x151 = 'PolicySecret'): 1
    IsEnEnabled(0x152 = 'Rewrap'): 1
    IsEnEnabled(0x153 = 'Create'): 1
    IsEnEnabled(0x154 = 'ECDH_ZGen'): 1
    IsEnEnabled(0x155 = 'MAC'): 1
    IsEnEnabled(0x156 = 'Import'): 1
    IsEnEnabled(0x157 = 'Load'): 1
    IsEnEnabled(0x158 = 'Quote'): 1
    IsEnEnabled(0x159 = 'RSA_Decrypt'): 1
    IsEnEnabled(0x15a = '(null)'): 0
    IsEnEnabled(0x15b = 'MAC_Start'): 1
    IsEnEnabled(0x15c = 'SequenceUpdate'): 1
    IsEnEnabled(0x15d = 'Sign'): 1
    IsEnEnabled(0x15e = 'Unseal'): 1
    IsEnEnabled(0x15f = '(null)'): 0
    IsEnEnabled(0x160 = 'PolicySigned'): 1
    IsEnEnabled(0x161 = 'ContextLoad'): 1
    IsEnEnabled(0x162 = 'ContextSave'): 1
    IsEnEnabled(0x163 = 'ECDH_KeyGen'): 1
    IsEnEnabled(0x164 = 'EncryptDecrypt'): 1
    IsEnEnabled(0x165 = 'FlushContext'): 1
    IsEnEnabled(0x166 = '(null)'): 0
    IsEnEnabled(0x167 = 'LoadExternal'): 1
    IsEnEnabled(0x168 = 'MakeCredential'): 1
    IsEnEnabled(0x169 = 'NV_ReadPublic'): 1
    IsEnEnabled(0x16a = 'PolicyAuthorize'): 1
    IsEnEnabled(0x16b = 'PolicyAuthValue'): 1
    IsEnEnabled(0x16c = 'PolicyCommandCode'): 1
    IsEnEnabled(0x16d = 'PolicyCounterTimer'): 1
    IsEnEnabled(0x16e = 'PolicyCpHash'): 1
    IsEnEnabled(0x16f = 'PolicyLocality'): 1
    IsEnEnabled(0x170 = 'PolicyNameHash'): 1
    IsEnEnabled(0x171 = 'PolicyOR'): 1
    IsEnEnabled(0x172 = 'PolicyTicket'): 1
    IsEnEnabled(0x173 = 'ReadPublic'): 1
    IsEnEnabled(0x174 = 'RSA_Encrypt'): 1
    IsEnEnabled(0x175 = '(null)'): 0
    IsEnEnabled(0x176 = 'StartAuthSession'): 1
    IsEnEnabled(0x177 = 'VerifySignature'): 1
    IsEnEnabled(0x178 = 'ECC_Parameters'): 1
    IsEnEnabled(0x179 = '(null)'): 0
    IsEnEnabled(0x17a = 'GetCapability'): 1
    IsEnEnabled(0x17b = 'GetRandom'): 1
    IsEnEnabled(0x17c = 'GetTestResult'): 1
    IsEnEnabled(0x17d = 'Hash'): 1
    IsEnEnabled(0x17e = 'PCR_Read'): 1
    IsEnEnabled(0x17f = 'PolicyPCR'): 1
    IsEnEnabled(0x180 = 'PolicyRestart'): 1
    IsEnEnabled(0x181 = 'ReadClock'): 1
    IsEnEnabled(0x182 = 'PCR_Extend'): 1
    IsEnEnabled(0x183 = 'PCR_SetAuthValue'): 1
    IsEnEnabled(0x184 = 'NV_Certify'): 1
    IsEnEnabled(0x185 = 'EventSequenceComplete'): 1
    IsEnEnabled(0x186 = 'HashSequenceStart'): 1
    IsEnEnabled(0x187 = 'PolicyPhysicalPresence'): 1
    IsEnEnabled(0x188 = 'PolicyDuplicationSelect'): 1
    IsEnEnabled(0x189 = 'PolicyGetDigest'): 1
    IsEnEnabled(0x18a = 'TestParms'): 1
    IsEnEnabled(0x18b = 'Commit'): 1
    IsEnEnabled(0x18c = 'PolicyPassword'): 1
    IsEnEnabled(0x18d = 'ZGen_2Phase'): 1
    IsEnEnabled(0x18e = 'EC_Ephemeral'): 1
    IsEnEnabled(0x18f = 'PolicyNvWritten'): 1
    IsEnEnabled(0x190 = 'PolicyTemplate'): 1
    IsEnEnabled(0x191 = 'CreateLoaded'): 1
    IsEnEnabled(0x192 = 'PolicyAuthorizeNV'): 1
    IsEnEnabled(0x193 = 'EncryptDecrypt2'): 1
    IsEnEnabled(0x194 = '(null)'): 0
    IsEnEnabled(0x195 = '(null)'): 0
    IsEnEnabled(0x196 = '(null)'): 0
    IsEnEnabled(0x197 = 'CertifyX509'): 1
    IsEnEnabled(0x198 = '(null)'): 0
    IsEnEnabled(0x199 = 'ECC_Encrypt'): 0
    IsEnEnabled(0x19a = 'ECC_Decrypt'): 0
    IsEnEnabled(0x19b = 'PolicyCapability'): 0
    IsEnEnabled(0x19c = 'PolicyParameters'): 0
    IsEnEnabled(0x19d = '(null)'): 0
    IsEnEnabled(0x19e = '(null)'): 0
    IsEnEnabled(0x19f = '(null)'): 0
    IsEnEnabled(0x11f = 'NV_UndefineSpaceSpecial'): 1
    IsEnEnabled(0x120 = 'EvictControl'): 1
    IsEnEnabled(0x121 = 'HierarchyControl'): 1
    IsEnEnabled(0x122 = 'NV_UndefineSpace'): 1
    IsEnEnabled(0x123 = '(null)'): 0
    IsEnEnabled(0x124 = 'ChangeEPS'): 1
    IsEnEnabled(0x125 = 'ChangePPS'): 1
    IsEnEnabled(0x126 = 'Clear'): 1
    IsEnEnabled(0x127 = 'ClearControl'): 1
    IsEnEnabled(0x128 = 'ClockSet'): 1
    IsEnEnabled(0x129 = 'HierarchyChangeAuth'): 1
    IsEnEnabled(0x12a = 'NV_DefineSpace'): 1
    IsEnEnabled(0x12b = 'PCR_Allocate'): 1
    IsEnEnabled(0x12c = 'PCR_SetAuthPolicy'): 1
    IsEnEnabled(0x12d = 'PP_Commands'): 1
    IsEnEnabled(0x12e = 'SetPrimaryPolicy'): 1
    IsEnEnabled(0x12f = '(null)'): 0
    IsEnEnabled(0x130 = 'ClockRateAdjust'): 1
    IsEnEnabled(0x131 = 'CreatePrimary'): 1
    IsEnEnabled(0x132 = 'NV_GlobalWriteLock'): 1
    IsEnEnabled(0x133 = 'GetCommandAuditDigest'): 1
    IsEnEnabled(0x134 = 'NV_Increment'): 1
    IsEnEnabled(0x135 = 'NV_SetBits'): 1
    IsEnEnabled(0x136 = 'NV_Extend'): 1
    IsEnEnabled(0x137 = 'NV_Write'): 1
    IsEnEnabled(0x138 = 'NV_WriteLock'): 1
    IsEnEnabled(0x139 = 'DictionaryAttackLockReset'): 1
    IsEnEnabled(0x13a = 'DictionaryAttackParameters'): 1
    IsEnEnabled(0x13b = 'NV_ChangeAuth'): 1
    IsEnEnabled(0x13c = 'PCR_Event'): 1
    IsEnEnabled(0x13d = 'PCR_Reset'): 1
    IsEnEnabled(0x13e = 'SequenceComplete'): 1
    IsEnEnabled(0x13f = 'SetAlgorithmSet'): 1
    IsEnEnabled(0x140 = 'SetCommandCodeAuditStatus'): 1
    IsEnEnabled(0x141 = '(null)'): 0
    IsEnEnabled(0x142 = 'IncrementalSelfTest'): 1
    IsEnEnabled(0x143 = 'SelfTest'): 1
    IsEnEnabled(0x144 = 'Startup'): 1
    IsEnEnabled(0x145 = 'Shutdown'): 1
    IsEnEnabled(0x146 = 'StirRandom'): 1
    IsEnEnabled(0x147 = 'ActivateCredential'): 1
    IsEnEnabled(0x148 = 'Certify'): 1
    IsEnEnabled(0x149 = 'PolicyNV'): 1
    IsEnEnabled(0x14a = 'CertifyCreation'): 1
    IsEnEnabled(0x14b = 'Duplicate'): 1
    IsEnEnabled(0x14c = 'GetTime'): 1
    IsEnEnabled(0x14d = 'GetSessionAuditDigest'): 1
    IsEnEnabled(0x14e = 'NV_Read'): 1
    IsEnEnabled(0x14f = 'NV_ReadLock'): 1
    IsEnEnabled(0x150 = 'ObjectChangeAuth'): 1
    IsEnEnabled(0x151 = 'PolicySecret'): 1
    IsEnEnabled(0x152 = 'Rewrap'): 1
    IsEnEnabled(0x153 = 'Create'): 1
    IsEnEnabled(0x154 = 'ECDH_ZGen'): 1
    IsEnEnabled(0x155 = 'MAC'): 1
    IsEnEnabled(0x156 = 'Import'): 1
    IsEnEnabled(0x157 = 'Load'): 1
    IsEnEnabled(0x158 = 'Quote'): 1
    IsEnEnabled(0x159 = 'RSA_Decrypt'): 1
    IsEnEnabled(0x15a = '(null)'): 0
    IsEnEnabled(0x15b = 'MAC_Start'): 1
    IsEnEnabled(0x15c = 'SequenceUpdate'): 1
    IsEnEnabled(0x15d = 'Sign'): 1
    IsEnEnabled(0x15e = 'Unseal'): 1
    IsEnEnabled(0x15f = '(null)'): 0
    IsEnEnabled(0x160 = 'PolicySigned'): 1
    IsEnEnabled(0x161 = 'ContextLoad'): 1
    IsEnEnabled(0x162 = 'ContextSave'): 1
    IsEnEnabled(0x163 = 'ECDH_KeyGen'): 1
    IsEnEnabled(0x164 = 'EncryptDecrypt'): 1
    IsEnEnabled(0x165 = 'FlushContext'): 1
    IsEnEnabled(0x166 = '(null)'): 0
    IsEnEnabled(0x167 = 'LoadExternal'): 1
    IsEnEnabled(0x168 = 'MakeCredential'): 1
    IsEnEnabled(0x169 = 'NV_ReadPublic'): 1
    IsEnEnabled(0x16a = 'PolicyAuthorize'): 1
    IsEnEnabled(0x16b = 'PolicyAuthValue'): 1
    IsEnEnabled(0x16c = 'PolicyCommandCode'): 1
    IsEnEnabled(0x16d = 'PolicyCounterTimer'): 1
    IsEnEnabled(0x16e = 'PolicyCpHash'): 1
    IsEnEnabled(0x16f = 'PolicyLocality'): 1
    IsEnEnabled(0x170 = 'PolicyNameHash'): 1
    IsEnEnabled(0x171 = 'PolicyOR'): 1
    IsEnEnabled(0x172 = 'PolicyTicket'): 1
    IsEnEnabled(0x173 = 'ReadPublic'): 1
    IsEnEnabled(0x174 = 'RSA_Encrypt'): 1
    IsEnEnabled(0x175 = '(null)'): 0
    IsEnEnabled(0x176 = 'StartAuthSession'): 1
    IsEnEnabled(0x177 = 'VerifySignature'): 1
    IsEnEnabled(0x178 = 'ECC_Parameters'): 1
    IsEnEnabled(0x179 = '(null)'): 0
    IsEnEnabled(0x17a = 'GetCapability'): 1
    IsEnEnabled(0x17b = 'GetRandom'): 1
    IsEnEnabled(0x17c = 'GetTestResult'): 1
    IsEnEnabled(0x17d = 'Hash'): 1
    IsEnEnabled(0x17e = 'PCR_Read'): 1
    IsEnEnabled(0x17f = 'PolicyPCR'): 1
    IsEnEnabled(0x180 = 'PolicyRestart'): 1
    IsEnEnabled(0x181 = 'ReadClock'): 1
    IsEnEnabled(0x182 = 'PCR_Extend'): 1
    IsEnEnabled(0x183 = 'PCR_SetAuthValue'): 1
    IsEnEnabled(0x184 = 'NV_Certify'): 1
    IsEnEnabled(0x185 = 'EventSequenceComplete'): 1
    IsEnEnabled(0x186 = 'HashSequenceStart'): 1
    IsEnEnabled(0x187 = 'PolicyPhysicalPresence'): 1
    IsEnEnabled(0x188 = 'PolicyDuplicationSelect'): 1
    IsEnEnabled(0x189 = 'PolicyGetDigest'): 1
    IsEnEnabled(0x18a = 'TestParms'): 1
    IsEnEnabled(0x18b = 'Commit'): 1
    IsEnEnabled(0x18c = 'PolicyPassword'): 1
    IsEnEnabled(0x18d = 'ZGen_2Phase'): 1
    IsEnEnabled(0x18e = 'EC_Ephemeral'): 1
    IsEnEnabled(0x18f = 'PolicyNvWritten'): 1
    IsEnEnabled(0x190 = 'PolicyTemplate'): 1
    IsEnEnabled(0x191 = 'CreateLoaded'): 1
    IsEnEnabled(0x192 = 'PolicyAuthorizeNV'): 1
    IsEnEnabled(0x193 = 'EncryptDecrypt2'): 1
    IsEnEnabled(0x194 = '(null)'): 0
    IsEnEnabled(0x195 = '(null)'): 0
    IsEnEnabled(0x196 = '(null)'): 0
    IsEnEnabled(0x197 = 'CertifyX509'): 1
    IsEnEnabled(0x198 = '(null)'): 0
    IsEnEnabled(0x199 = 'ECC_Encrypt'): 0
    IsEnEnabled(0x19a = 'ECC_Decrypt'): 0
    IsEnEnabled(0x19b = 'PolicyCapability'): 0
    IsEnEnabled(0x19c = 'PolicyParameters'): 0
    IsEnEnabled(0x19d = '(null)'): 0
    IsEnEnabled(0x19e = '(null)'): 0
    IsEnEnabled(0x19f = '(null)'): 0
 SWTPM_IO_Write: length 27
 80 01 00 00 00 1B 00 00 00 00 01 00 00 00 06 00 
 00 00 01 00 00 01 29 00 00 00 6E 
 SWTPM_IO_Read: length 22
 80 01 00 00 00 16 00 00 01 7A 00 00 00 02 00 00 
 01 1F 00 00 00 6E 
    IsEnEnabled(0x17a = 'GetCapability'): 1
    IsEnEnabled(0x11f = 'NV_UndefineSpaceSpecial'): 1
    IsEnEnabled(0x11f = 'NV_UndefineSpaceSpecial'): 1
    IsEnEnabled(0x120 = 'EvictControl'): 1
    IsEnEnabled(0x120 = 'EvictControl'): 1
    IsEnEnabled(0x121 = 'HierarchyControl'): 1
    IsEnEnabled(0x121 = 'HierarchyControl'): 1
    IsEnEnabled(0x122 = 'NV_UndefineSpace'): 1
    IsEnEnabled(0x122 = 'NV_UndefineSpace'): 1
    IsEnEnabled(0x123 = '(null)'): 0
    IsEnEnabled(0x124 = 'ChangeEPS'): 1
    IsEnEnabled(0x124 = 'ChangeEPS'): 1
    IsEnEnabled(0x125 = 'ChangePPS'): 1
    IsEnEnabled(0x125 = 'ChangePPS'): 1
    IsEnEnabled(0x126 = 'Clear'): 1
    IsEnEnabled(0x126 = 'Clear'): 1
    IsEnEnabled(0x127 = 'ClearControl'): 1
    IsEnEnabled(0x127 = 'ClearControl'): 1
    IsEnEnabled(0x128 = 'ClockSet'): 1
    IsEnEnabled(0x128 = 'ClockSet'): 1
    IsEnEnabled(0x129 = 'HierarchyChangeAuth'): 1
    IsEnEnabled(0x129 = 'HierarchyChangeAuth'): 1
    IsEnEnabled(0x12a = 'NV_DefineSpace'): 1
    IsEnEnabled(0x12a = 'NV_DefineSpace'): 1
    IsEnEnabled(0x12b = 'PCR_Allocate'): 1
    IsEnEnabled(0x12b = 'PCR_Allocate'): 1
    IsEnEnabled(0x12c = 'PCR_SetAuthPolicy'): 1
    IsEnEnabled(0x12c = 'PCR_SetAuthPolicy'): 1
    IsEnEnabled(0x12d = 'PP_Commands'): 1
    IsEnEnabled(0x12d = 'PP_Commands'): 1
    IsEnEnabled(0x12e = 'SetPrimaryPolicy'): 1
    IsEnEnabled(0x12e = 'SetPrimaryPolicy'): 1
    IsEnEnabled(0x12f = '(null)'): 0
    IsEnEnabled(0x130 = 'ClockRateAdjust'): 1
    IsEnEnabled(0x130 = 'ClockRateAdjust'): 1
    IsEnEnabled(0x131 = 'CreatePrimary'): 1
    IsEnEnabled(0x131 = 'CreatePrimary'): 1
    IsEnEnabled(0x132 = 'NV_GlobalWriteLock'): 1
    IsEnEnabled(0x132 = 'NV_GlobalWriteLock'): 1
    IsEnEnabled(0x133 = 'GetCommandAuditDigest'): 1
    IsEnEnabled(0x133 = 'GetCommandAuditDigest'): 1
    IsEnEnabled(0x134 = 'NV_Increment'): 1
    IsEnEnabled(0x134 = 'NV_Increment'): 1
    IsEnEnabled(0x135 = 'NV_SetBits'): 1
    IsEnEnabled(0x135 = 'NV_SetBits'): 1
    IsEnEnabled(0x136 = 'NV_Extend'): 1
    IsEnEnabled(0x136 = 'NV_Extend'): 1
    IsEnEnabled(0x137 = 'NV_Write'): 1
    IsEnEnabled(0x137 = 'NV_Write'): 1
    IsEnEnabled(0x138 = 'NV_WriteLock'): 1
    IsEnEnabled(0x138 = 'NV_WriteLock'): 1
    IsEnEnabled(0x139 = 'DictionaryAttackLockReset'): 1
    IsEnEnabled(0x139 = 'DictionaryAttackLockReset'): 1
    IsEnEnabled(0x13a = 'DictionaryAttackParameters'): 1
    IsEnEnabled(0x13a = 'DictionaryAttackParameters'): 1
    IsEnEnabled(0x13b = 'NV_ChangeAuth'): 1
    IsEnEnabled(0x13b = 'NV_ChangeAuth'): 1
    IsEnEnabled(0x13c = 'PCR_Event'): 1
    IsEnEnabled(0x13c = 'PCR_Event'): 1
    IsEnEnabled(0x13d = 'PCR_Reset'): 1
    IsEnEnabled(0x13d = 'PCR_Reset'): 1
    IsEnEnabled(0x13e = 'SequenceComplete'): 1
    IsEnEnabled(0x13e = 'SequenceComplete'): 1
    IsEnEnabled(0x13f = 'SetAlgorithmSet'): 1
    IsEnEnabled(0x13f = 'SetAlgorithmSet'): 1
    IsEnEnabled(0x140 = 'SetCommandCodeAuditStatus'): 1
    IsEnEnabled(0x140 = 'SetCommandCodeAuditStatus'): 1
    IsEnEnabled(0x141 = '(null)'): 0
    IsEnEnabled(0x142 = 'IncrementalSelfTest'): 1
    IsEnEnabled(0x142 = 'IncrementalSelfTest'): 1
    IsEnEnabled(0x143 = 'SelfTest'): 1
    IsEnEnabled(0x143 = 'SelfTest'): 1
    IsEnEnabled(0x144 = 'Startup'): 1
    IsEnEnabled(0x144 = 'Startup'): 1
    IsEnEnabled(0x145 = 'Shutdown'): 1
    IsEnEnabled(0x145 = 'Shutdown'): 1
    IsEnEnabled(0x146 = 'StirRandom'): 1
    IsEnEnabled(0x146 = 'StirRandom'): 1
    IsEnEnabled(0x147 = 'ActivateCredential'): 1
    IsEnEnabled(0x147 = 'ActivateCredential'): 1
    IsEnEnabled(0x148 = 'Certify'): 1
    IsEnEnabled(0x148 = 'Certify'): 1
    IsEnEnabled(0x149 = 'PolicyNV'): 1
    IsEnEnabled(0x149 = 'PolicyNV'): 1
    IsEnEnabled(0x14a = 'CertifyCreation'): 1
    IsEnEnabled(0x14a = 'CertifyCreation'): 1
    IsEnEnabled(0x14b = 'Duplicate'): 1
    IsEnEnabled(0x14b = 'Duplicate'): 1
    IsEnEnabled(0x14c = 'GetTime'): 1
    IsEnEnabled(0x14c = 'GetTime'): 1
    IsEnEnabled(0x14d = 'GetSessionAuditDigest'): 1
    IsEnEnabled(0x14d = 'GetSessionAuditDigest'): 1
    IsEnEnabled(0x14e = 'NV_Read'): 1
    IsEnEnabled(0x14e = 'NV_Read'): 1
    IsEnEnabled(0x14f = 'NV_ReadLock'): 1
    IsEnEnabled(0x14f = 'NV_ReadLock'): 1
    IsEnEnabled(0x150 = 'ObjectChangeAuth'): 1
    IsEnEnabled(0x150 = 'ObjectChangeAuth'): 1
    IsEnEnabled(0x151 = 'PolicySecret'): 1
    IsEnEnabled(0x151 = 'PolicySecret'): 1
    IsEnEnabled(0x152 = 'Rewrap'): 1
    IsEnEnabled(0x152 = 'Rewrap'): 1
    IsEnEnabled(0x153 = 'Create'): 1
    IsEnEnabled(0x153 = 'Create'): 1
    IsEnEnabled(0x154 = 'ECDH_ZGen'): 1
    IsEnEnabled(0x154 = 'ECDH_ZGen'): 1
    IsEnEnabled(0x155 = 'MAC'): 1
    IsEnEnabled(0x155 = 'MAC'): 1
    IsEnEnabled(0x156 = 'Import'): 1
    IsEnEnabled(0x156 = 'Import'): 1
    IsEnEnabled(0x157 = 'Load'): 1
    IsEnEnabled(0x157 = 'Load'): 1
    IsEnEnabled(0x158 = 'Quote'): 1
    IsEnEnabled(0x158 = 'Quote'): 1
    IsEnEnabled(0x159 = 'RSA_Decrypt'): 1
    IsEnEnabled(0x159 = 'RSA_Decrypt'): 1
    IsEnEnabled(0x15a = '(null)'): 0
    IsEnEnabled(0x15b = 'MAC_Start'): 1
    IsEnEnabled(0x15b = 'MAC_Start'): 1
    IsEnEnabled(0x15c = 'SequenceUpdate'): 1
    IsEnEnabled(0x15c = 'SequenceUpdate'): 1
    IsEnEnabled(0x15d = 'Sign'): 1
    IsEnEnabled(0x15d = 'Sign'): 1
    IsEnEnabled(0x15e = 'Unseal'): 1
    IsEnEnabled(0x15e = 'Unseal'): 1
    IsEnEnabled(0x15f = '(null)'): 0
    IsEnEnabled(0x160 = 'PolicySigned'): 1
    IsEnEnabled(0x160 = 'PolicySigned'): 1
    IsEnEnabled(0x161 = 'ContextLoad'): 1
    IsEnEnabled(0x161 = 'ContextLoad'): 1
    IsEnEnabled(0x162 = 'ContextSave'): 1
    IsEnEnabled(0x162 = 'ContextSave'): 1
    IsEnEnabled(0x163 = 'ECDH_KeyGen'): 1
    IsEnEnabled(0x163 = 'ECDH_KeyGen'): 1
    IsEnEnabled(0x164 = 'EncryptDecrypt'): 1
    IsEnEnabled(0x164 = 'EncryptDecrypt'): 1
    IsEnEnabled(0x165 = 'FlushContext'): 1
    IsEnEnabled(0x165 = 'FlushContext'): 1
    IsEnEnabled(0x166 = '(null)'): 0
    IsEnEnabled(0x167 = 'LoadExternal'): 1
    IsEnEnabled(0x167 = 'LoadExternal'): 1
    IsEnEnabled(0x168 = 'MakeCredential'): 1
    IsEnEnabled(0x168 = 'MakeCredential'): 1
    IsEnEnabled(0x169 = 'NV_ReadPublic'): 1
    IsEnEnabled(0x169 = 'NV_ReadPublic'): 1
    IsEnEnabled(0x16a = 'PolicyAuthorize'): 1
    IsEnEnabled(0x16a = 'PolicyAuthorize'): 1
    IsEnEnabled(0x16b = 'PolicyAuthValue'): 1
    IsEnEnabled(0x16b = 'PolicyAuthValue'): 1
    IsEnEnabled(0x16c = 'PolicyCommandCode'): 1
    IsEnEnabled(0x16c = 'PolicyCommandCode'): 1
    IsEnEnabled(0x16d = 'PolicyCounterTimer'): 1
    IsEnEnabled(0x16d = 'PolicyCounterTimer'): 1
    IsEnEnabled(0x16e = 'PolicyCpHash'): 1
    IsEnEnabled(0x16e = 'PolicyCpHash'): 1
    IsEnEnabled(0x16f = 'PolicyLocality'): 1
    IsEnEnabled(0x16f = 'PolicyLocality'): 1
    IsEnEnabled(0x170 = 'PolicyNameHash'): 1
    IsEnEnabled(0x170 = 'PolicyNameHash'): 1
    IsEnEnabled(0x171 = 'PolicyOR'): 1
    IsEnEnabled(0x171 = 'PolicyOR'): 1
    IsEnEnabled(0x172 = 'PolicyTicket'): 1
    IsEnEnabled(0x172 = 'PolicyTicket'): 1
    IsEnEnabled(0x173 = 'ReadPublic'): 1
    IsEnEnabled(0x173 = 'ReadPublic'): 1
    IsEnEnabled(0x174 = 'RSA_Encrypt'): 1
    IsEnEnabled(0x174 = 'RSA_Encrypt'): 1
    IsEnEnabled(0x175 = '(null)'): 0
    IsEnEnabled(0x176 = 'StartAuthSession'): 1
    IsEnEnabled(0x176 = 'StartAuthSession'): 1
    IsEnEnabled(0x177 = 'VerifySignature'): 1
    IsEnEnabled(0x177 = 'VerifySignature'): 1
    IsEnEnabled(0x178 = 'ECC_Parameters'): 1
    IsEnEnabled(0x178 = 'ECC_Parameters'): 1
    IsEnEnabled(0x179 = '(null)'): 0
    IsEnEnabled(0x17a = 'GetCapability'): 1
    IsEnEnabled(0x17a = 'GetCapability'): 1
    IsEnEnabled(0x17b = 'GetRandom'): 1
    IsEnEnabled(0x17b = 'GetRandom'): 1
    IsEnEnabled(0x17c = 'GetTestResult'): 1
    IsEnEnabled(0x17c = 'GetTestResult'): 1
    IsEnEnabled(0x17d = 'Hash'): 1
    IsEnEnabled(0x17d = 'Hash'): 1
    IsEnEnabled(0x17e = 'PCR_Read'): 1
    IsEnEnabled(0x17e = 'PCR_Read'): 1
    IsEnEnabled(0x17f = 'PolicyPCR'): 1
    IsEnEnabled(0x17f = 'PolicyPCR'): 1
    IsEnEnabled(0x180 = 'PolicyRestart'): 1
    IsEnEnabled(0x180 = 'PolicyRestart'): 1
    IsEnEnabled(0x181 = 'ReadClock'): 1
    IsEnEnabled(0x181 = 'ReadClock'): 1
    IsEnEnabled(0x182 = 'PCR_Extend'): 1
    IsEnEnabled(0x182 = 'PCR_Extend'): 1
    IsEnEnabled(0x183 = 'PCR_SetAuthValue'): 1
    IsEnEnabled(0x183 = 'PCR_SetAuthValue'): 1
    IsEnEnabled(0x184 = 'NV_Certify'): 1
    IsEnEnabled(0x184 = 'NV_Certify'): 1
    IsEnEnabled(0x185 = 'EventSequenceComplete'): 1
    IsEnEnabled(0x185 = 'EventSequenceComplete'): 1
    IsEnEnabled(0x186 = 'HashSequenceStart'): 1
    IsEnEnabled(0x186 = 'HashSequenceStart'): 1
    IsEnEnabled(0x187 = 'PolicyPhysicalPresence'): 1
    IsEnEnabled(0x187 = 'PolicyPhysicalPresence'): 1
    IsEnEnabled(0x188 = 'PolicyDuplicationSelect'): 1
    IsEnEnabled(0x188 = 'PolicyDuplicationSelect'): 1
    IsEnEnabled(0x189 = 'PolicyGetDigest'): 1
    IsEnEnabled(0x189 = 'PolicyGetDigest'): 1
    IsEnEnabled(0x18a = 'TestParms'): 1
    IsEnEnabled(0x18a = 'TestParms'): 1
    IsEnEnabled(0x18b = 'Commit'): 1
    IsEnEnabled(0x18b = 'Commit'): 1
    IsEnEnabled(0x18c = 'PolicyPassword'): 1
    IsEnEnabled(0x18c = 'PolicyPassword'): 1
    IsEnEnabled(0x18d = 'ZGen_2Phase'): 1
    IsEnEnabled(0x18d = 'ZGen_2Phase'): 1
    IsEnEnabled(0x18e = 'EC_Ephemeral'): 1
    IsEnEnabled(0x18e = 'EC_Ephemeral'): 1
    IsEnEnabled(0x18f = 'PolicyNvWritten'): 1
    IsEnEnabled(0x18f = 'PolicyNvWritten'): 1
    IsEnEnabled(0x190 = 'PolicyTemplate'): 1
    IsEnEnabled(0x190 = 'PolicyTemplate'): 1
    IsEnEnabled(0x191 = 'CreateLoaded'): 1
    IsEnEnabled(0x191 = 'CreateLoaded'): 1
    IsEnEnabled(0x192 = 'PolicyAuthorizeNV'): 1
    IsEnEnabled(0x192 = 'PolicyAuthorizeNV'): 1
    IsEnEnabled(0x193 = 'EncryptDecrypt2'): 1
    IsEnEnabled(0x193 = 'EncryptDecrypt2'): 1
    IsEnEnabled(0x194 = '(null)'): 0
    IsEnEnabled(0x195 = '(null)'): 0
    IsEnEnabled(0x196 = '(null)'): 0
    IsEnEnabled(0x197 = 'CertifyX509'): 1
    IsEnEnabled(0x197 = 'CertifyX509'): 1
    IsEnEnabled(0x198 = '(null)'): 0
    IsEnEnabled(0x199 = 'ECC_Encrypt'): 0
    IsEnEnabled(0x19a = 'ECC_Decrypt'): 0
    IsEnEnabled(0x19b = 'PolicyCapability'): 0
    IsEnEnabled(0x19c = 'PolicyParameters'): 0
    IsEnEnabled(0x19d = '(null)'): 0
    IsEnEnabled(0x19e = '(null)'): 0
    IsEnEnabled(0x19f = '(null)'): 0
 SWTPM_IO_Write: length 459
 80 01 00 00 01 CB 00 00 00 00 00 00 00 00 02 00 
 00 00 6E 04 40 01 1F 04 40 01 20 02 C0 01 21 04 
 40 01 22 02 C0 01 24 02 C0 01 25 02 C0 01 26 02 
 40 01 27 02 40 01 28 02 40 01 29 02 40 01 2A 02 
 40 01 2B 02 40 01 2C 02 40 01 2D 02 40 01 2E 02 
 00 01 30 12 00 01 31 02 40 01 32 04 40 01 33 04 
 40 01 34 04 40 01 35 04 40 01 36 04 40 01 37 04 
 40 01 38 02 40 01 39 02 40 01 3A 02 40 01 3B 02 
 40 01 3C 02 40 01 3D 03 00 01 3E 02 40 01 3F 02 
 40 01 40 00 40 01 42 00 40 01 43 00 40 01 44 00 
 40 01 45 00 40 01 46 04 00 01 47 04 00 01 48 06 
 00 01 49 04 00 01 4A 04 00 01 4B 04 00 01 4C 06 
 00 01 4D 04 00 01 4E 04 40 01 4F 04 00 01 50 04 
 00 01 51 04 00 01 52 02 00 01 53 02 00 01 54 02 
 00 01 55 02 00 01 56 12 00 01 57 02 00 01 58 02 
 00 01 59 12 00 01 5B 02 00 01 5C 02 00 01 5D 02 
 00 01 5E 04 00 01 60 10 00 01 61 02 00 01 62 02 
 00 01 63 02 00 01 64 00 00 01 65 10 00 01 67 02 
 00 01 68 02 00 01 69 02 00 01 6A 02 00 01 6B 02 
 00 01 6C 02 00 01 6D 02 00 01 6E 02 00 01 6F 02 
 00 01 70 02 00 01 71 02 00 01 72 02 00 01 73 02 
 00 01 74 14 00 01 76 02 00 01 77 00 00 01 78 00 
 00 01 7A 00 00 01 7B 00 00 01 7C 00 00 01 7D 00 
 00 01 7E 02 00 01 7F 02 00 01 80 00 00 01 81 02 
 40 01 82 02 00 01 83 06 00 01 84 05 40 01 85 10 
 00 01 86 02 00 01 87 02 00 01 88 02 00 01 89 00 
 00 01 8A 02 00 01 8B 02 00 01 8C 02 00 01 8D 00 
 00 01 8E 02 00 01 8F 02 00 01 90 12 00 01 91 06 
 00 01 92 02 00 01 93 04 00 01 97 
 SWTPM_IO_Read: length 67
 80 02 00 00 00 43 00 00 01 31 40 00 00 07 00 00 
 00 09 40 00 00 09 00 00 00 00 00 00 04 00 00 00 
 00 00 1A 00 23 00 0B 00 03 04 72 00 00 00 06 00 
 80 00 43 00 10 00 03 00 10 00 00 00 00 00 00 00 
 00 00 00 
    IsEnEnabled(0x131 = 'CreatePrimary'): 1
 SWTPM_IO_Write: length 314
 80 02 00 00 01 3A 00 00 00 00 80 00 00 00 00 00 
 01 23 00 5A 00 23 00 0B 00 03 04 72 00 00 00 06 
 00 80 00 43 00 10 00 03 00 10 00 20 F4 A6 86 28 
 01 B5 CD FD 6C E6 AC F9 E4 B1 DB 50 55 87 8E 38 
 D2 F8 18 E8 A5 8C 65 35 4B 92 C5 48 00 20 46 CE 
 1E 4B 53 9E 17 9E A9 DB 3A 3E D8 D5 5E D1 14 A5 
 C1 65 E1 82 CC 4E 58 21 23 34 2A 77 14 54 00 37 
 00 00 00 00 00 20 E3 B0 C4 42 98 FC 1C 14 9A FB 
 F4 C8 99 6F B9 24 27 AE 41 E4 64 9B 93 4C A4 95 
 99 1B 78 52 B8 55 01 00 10 00 04 40 00 00 07 00 
 04 40 00 00 07 00 00 00 20 53 6F AF 9A 58 42 7B 
 7D 66 BA 90 98 F6 C7 6A 48 9B D6 54 0E 5B 2C EE 
 2C ED A1 E3 F4 9B 4B 2D 6F 80 21 40 00 00 07 00 
 40 AE 92 9F 6A 95 0B 10 99 8B 97 1A CC 28 B3 41 
 96 EF 52 94 5A 98 83 FB 16 CF 18 05 21 F0 4D B7 
 74 54 1F AF 1A 6E C2 7D C0 5B 03 D9 67 5F F3 9C 
 A3 47 9E F9 39 E5 3F 79 B5 E6 6F 6F 0C 8B 43 7F 
 4E 00 22 00 0B 9C 04 AB 2E AF 5C C7 D5 EA 52 6C 
 15 6F E9 20 74 15 C1 E9 01 B9 37 1D A9 C9 C6 4C 
 AC 33 60 36 BD 00 00 01 00 00 
 SWTPM_IO_Read: length 14
 80 01 00 00 00 0E 00 00 01 62 80 00 00 00 
    IsEnEnabled(0x162 = 'ContextSave'): 1
 SWTPM_IO_Write: length 468
 80 01 00 00 01 D4 00 00 00 00 00 00 00 00 00 00 
 00 01 80 00 00 00 40 00 00 07 01 B8 00 40 0A F1 
 A0 44 A6 AA EA 96 99 10 D6 5B F6 65 73 70 24 2B 
 5B 79 51 B7 C4 A1 9D 38 82 9C 4C 4C 2E 6A 64 65 
 9B 5E FB D5 A8 EF CF B2 8A F5 B1 D1 63 71 31 DF 
 AF A7 D2 0E 9B 51 1A C8 49 75 65 98 84 1C F2 C7 
 70 6C 76 43 12 28 F3 88 6F A9 2A D5 74 0B 91 76 
 9F 2D 9A C4 AD 26 8C 0E 7F 4E 92 80 89 FE 15 1E 
 5B 52 08 8D 35 39 75 76 6B 54 FB AD E7 AC 65 31 
 38 16 3D 7B 1D 6E E3 15 A2 77 3A 05 90 74 95 EB 
 F5 BE F4 53 56 4B 89 37 2F EB F6 6C 96 8A EC 0D 
 82 24 69 F0 E6 01 8D C8 42 AB 77 B0 C8 6F A9 49 
 C8 5D 4E E3 CD 38 9F 08 36 BD 16 5C B2 57 99 8B 
 28 F4 36 52 24 3B 54 F4 27 C4 43 DF 05 5F AF 32 
 50 79 C3 B0 67 1F 4A 88 A2 9C CE 0A 46 22 67 EB 
 C6 FE BF 26 B5 2D 31 91 39 EA AC 51 5D 52 48 0F 
 FA 8D A0 35 33 4E 0C 35 90 34 0F CC 4C 4B 5F 82 
 E3 0B 73 C4 2E 73 98 B2 8E 4A 05 09 1C 2A E7 A9 
 E3 E6 8E 76 1A 84 75 CF CF D3 F7 1A A1 E5 5F 71 
 79 1F DF C8 F9 EE D1 52 A9 E1 25 DD A8 3A 2D 90 
 D0 BB 66 F7 79 14 51 49 10 56 2F 12 2C 98 84 5A 
 A4 33 5F 8E 28 40 4E 11 E6 BD C4 E0 FD 23 29 11 
 06 78 FB 14 D1 05 58 0A 47 03 20 D0 FE 6D 29 84 
 78 52 9D 23 80 43 CC 9F 26 14 7A 51 44 72 A6 F8 
 17 D9 FE EC B0 0A E7 E4 9F BB 91 FF EA 87 51 2E 
 D5 B7 13 9C FE FC 98 A2 1D 7A EA 94 F9 E8 77 BF 
 77 FA 05 95 DF 32 A4 C6 95 B0 4B 4F 2C 90 03 1F 
 A8 AD 84 C1 0B 6C DE 28 79 EC 04 FD 1E E6 3A 78 
 C7 4C 8B E0 8B 65 5C DF DF 1E D2 E2 3F 0F 19 C9 
 5D 73 FC BA 
 SWTPM_IO_Read: length 14
 80 01 00 00 00 0E 00 00 01 65 80 00 00 00 
    IsEnEnabled(0x165 = 'FlushContext'): 1
 SWTPM_IO_Write: length 10
 80 01 00 00 00 0A 00 00 00 00 
 SWTPM_IO_Read: length 22
 80 01 00 00 00 16 00 00 01 7A 00 00 00 05 00 00 
 00 00 00 00 00 01 
    IsEnEnabled(0x17a = 'GetCapability'): 1
 SWTPM_IO_Write: length 43
 80 01 00 00 00 2B 00 00 00 00 00 00 00 00 05 00 
 00 00 04 00 04 03 FF FF FF 00 0B 03 FF FF FF 00 
 0C 03 FF FF FF 00 0D 03 FF FF FF 
 SWTPM_IO_Read: length 468
 80 01 00 00 01 D4 00 00 01 61 00 00 00 00 00 00 
 00 01 80 00 00 00 40 00 00 07 01 B8 00 40 0A F1 
 A0 44 A6 AA EA 96 99 10 D6 5B F6 65 73 70 24 2B 
 5B 79 51 B7 C4 A1 9D 38 82 9C 4C 4C 2E 6A 64 65 
 9B 5E FB D5 A8 EF CF B2 8A F5 B1 D1 63 71 31 DF 
 AF A7 D2 0E 9B 51 1A C8 49 75 65 98 84 1C F2 C7 
 70 6C 76 43 12 28 F3 88 6F A9 2A D5 74 0B 91 76 
 9F 2D 9A C4 AD 26 8C 0E 7F 4E 92 80 89 FE 15 1E 
 5B 52 08 8D 35 39 75 76 6B 54 FB AD E7 AC 65 31 
 38 16 3D 7B 1D 6E E3 15 A2 77 3A 05 90 74 95 EB 
 F5 BE F4 53 56 4B 89 37 2F EB F6 6C 96 8A EC 0D 
 82 24 69 F0 E6 01 8D C8 42 AB 77 B0 C8 6F A9 49 
 C8 5D 4E E3 CD 38 9F 08 36 BD 16 5C B2 57 99 8B 
 28 F4 36 52 24 3B 54 F4 27 C4 43 DF 05 5F AF 32 
 50 79 C3 B0 67 1F 4A 88 A2 9C CE 0A 46 22 67 EB 
 C6 FE BF 26 B5 2D 31 91 39 EA AC 51 5D 52 48 0F 
 FA 8D A0 35 33 4E 0C 35 90 34 0F CC 4C 4B 5F 82 
 E3 0B 73 C4 2E 73 98 B2 8E 4A 05 09 1C 2A E7 A9 
 E3 E6 8E 76 1A 84 75 CF CF D3 F7 1A A1 E5 5F 71 
 79 1F DF C8 F9 EE D1 52 A9 E1 25 DD A8 3A 2D 90 
 D0 BB 66 F7 79 14 51 49 10 56 2F 12 2C 98 84 5A 
 A4 33 5F 8E 28 40 4E 11 E6 BD C4 E0 FD 23 29 11 
 06 78 FB 14 D1 05 58 0A 47 03 20 D0 FE 6D 29 84 
 78 52 9D 23 80 43 CC 9F 26 14 7A 51 44 72 A6 F8 
 17 D9 FE EC B0 0A E7 E4 9F BB 91 FF EA 87 51 2E 
 D5 B7 13 9C FE FC 98 A2 1D 7A EA 94 F9 E8 77 BF 
 77 FA 05 95 DF 32 A4 C6 95 B0 4B 4F 2C 90 03 1F 
 A8 AD 84 C1 0B 6C DE 28 79 EC 04 FD 1E E6 3A 78 
 C7 4C 8B E0 8B 65 5C DF DF 1E D2 E2 3F 0F 19 C9 
 5D 73 FC BA 
    IsEnEnabled(0x161 = 'ContextLoad'): 1
 SWTPM_IO_Write: length 14
 80 01 00 00 00 0E 00 00 00 00 80 00 00 00 
 SWTPM_IO_Read: length 131
 80 01 00 00 00 83 00 00 01 76 80 00 00 00 40 00 
 00 07 00 20 0E A5 DD 68 0C E4 A7 B7 0F AB 4D F1 
 FC CA 08 E4 8F E5 E0 86 3E 31 D2 32 E5 D7 B2 89 
 DF 73 68 50 00 44 00 20 68 76 98 C1 60 50 C2 A5 
 6E 5C 1E C6 10 E3 77 5D FF 66 D6 85 1B E7 BE F3 
 80 94 45 3C AA F7 79 4B 00 20 9D EC C7 BE 8E 86 
 2F 98 61 14 E4 18 90 6B DA 25 FF DC D9 F0 C4 12 
 89 99 E1 F2 C6 5C E6 6A 46 4B 00 00 06 00 80 00 
 43 00 0B 
    IsEnEnabled(0x176 = 'StartAuthSession'): 1
 SWTPM_IO_Write: length 48
 80 01 00 00 00 30 00 00 00 00 02 00 00 00 00 20 
 37 81 A8 17 FC 61 53 2E 92 99 9D 8B CB B4 54 0B 
 0C 7E 8D 15 87 39 E0 59 B4 B1 10 80 CE 59 04 2B 
 SWTPM_IO_Read: length 14
 80 01 00 00 00 0E 00 00 01 65 80 00 00 00 
    IsEnEnabled(0x165 = 'FlushContext'): 1
 SWTPM_IO_Write: length 10
 80 01 00 00 00 0A 00 00 00 00 
 SWTPM_IO_Read: length 89
 80 02 00 00 00 59 00 00 01 7B 00 00 00 49 02 00 
 00 00 00 20 C9 D6 51 54 A5 D4 B8 93 3E B9 94 F0 
 88 EA 2C 12 B6 FD 68 38 27 91 C3 8F CE BE A4 A8 
 CA 44 6C 5A 41 00 20 9B 45 0F D6 96 0F 67 18 C1 
 3D 6B AC 77 64 51 32 7E 45 C7 CC C7 74 DA 7F C4 
 96 89 98 81 D4 B3 CF 00 40 
    IsEnEnabled(0x17b = 'GetRandom'): 1
 SWTPM_IO_Write: length 149
 80 02 00 00 00 95 00 00 00 00 00 00 00 42 00 40 
 B2 B4 B8 AA 23 88 70 FF 76 FC 82 9A FA 60 D5 FA 
 1B C8 0A A4 AC 6F 49 39 4E ED DC BC 31 55 50 96 
 C9 FD 6B 7A C0 8F B9 65 0A CE 0A E4 07 9F 15 73 
 1E E0 06 EF 7F C7 67 A2 7B D9 41 5F 07 4B 7A 9E 
 00 20 B2 5F 77 E8 14 50 0D EB CE F5 2F FC 6F C5 
 D0 02 18 3B E0 CA 97 7C E6 5F CE 28 56 02 1A 3B 
 50 B2 41 00 20 5F 01 9E C4 98 C0 08 2B 7A 26 EE 
 0A 37 68 B3 38 EC FA 79 67 74 FB 87 20 24 67 B8 
 CD E8 08 04 D1 
 SWTPM_IO_Read: length 20
 80 01 00 00 00 14 00 00 01 7E 00 00 00 01 00 0B 
 03 01 00 00 
    IsEnEnabled(0x17e = 'PCR_Read'): 1
 SWTPM_IO_Write: length 62
 80 01 00 00 00 3E 00 00 00 00 00 00 00 8C 00 00 
 00 01 00 0B 03 01 00 00 00 00 00 01 00 20 F3 9F 
 09 C7 67 B0 55 35 07 19 AB 1C 77 D3 41 0B C0 1F 
 33 55 89 88 65 A7 92 7C 19 89 90 73 06 C0 
 SWTPM_IO_Read: length 20
 80 01 00 00 00 14 00 00 01 7E 00 00 00 01 00 0B 
 03 02 00 00 
    IsEnEnabled(0x17e = 'PCR_Read'): 1
 SWTPM_IO_Write: length 62
 80 01 00 00 00 3E 00 00 00 00 00 00 00 8C 00 00 
 00 01 00 0B 03 02 00 00 00 00 00 01 00 20 DD 87 
 D1 E3 A3 A3 AB BA 4C EA 40 70 8A 83 62 1E 9E 61 
 2D 15 40 05 8C 15 B4 7B ED D3 BF B6 5B F4 
 SWTPM_IO_Read: length 20
 80 01 00 00 00 14 00 00 01 7E 00 00 00 01 00 0B 
 03 04 00 00 
    IsEnEnabled(0x17e = 'PCR_Read'): 1
 SWTPM_IO_Write: length 62
 80 01 00 00 00 3E 00 00 00 00 00 00 00 8C 00 00 
 00 01 00 0B 03 04 00 00 00 00 00 01 00 20 3D 45 
 8C FE 55 CC 03 EA 1F 44 3F 15 62 BE EC 8D F5 1C 
 75 E1 4A 9F CF 9A 72 34 A1 3F 19 8E 79 69 
 SWTPM_IO_Read: length 20
 80 01 00 00 00 14 00 00 01 7E 00 00 00 01 00 0B 
 03 08 00 00 
    IsEnEnabled(0x17e = 'PCR_Read'): 1
 SWTPM_IO_Write: length 62
 80 01 00 00 00 3E 00 00 00 00 00 00 00 8C 00 00 
 00 01 00 0B 03 08 00 00 00 00 00 01 00 20 3D 45 
 8C FE 55 CC 03 EA 1F 44 3F 15 62 BE EC 8D F5 1C 
 75 E1 4A 9F CF 9A 72 34 A1 3F 19 8E 79 69 
 SWTPM_IO_Read: length 20
 80 01 00 00 00 14 00 00 01 7E 00 00 00 01 00 0B 
 03 10 00 00 
    IsEnEnabled(0x17e = 'PCR_Read'): 1
 SWTPM_IO_Write: length 62
 80 01 00 00 00 3E 00 00 00 00 00 00 00 8C 00 00 
 00 01 00 0B 03 10 00 00 00 00 00 01 00 20 32 50 
 29 0D 7A 07 E3 E0 EF 63 A1 4F 42 8A 65 13 E6 CD 
 A3 89 42 C3 C2 26 99 73 91 F8 DA C2 C5 D9 
 SWTPM_IO_Read: length 20
 80 01 00 00 00 14 00 00 01 7E 00 00 00 01 00 0B 
 03 20 00 00 
    IsEnEnabled(0x17e = 'PCR_Read'): 1
 SWTPM_IO_Write: length 62
 80 01 00 00 00 3E 00 00 00 00 00 00 00 8C 00 00 
 00 01 00 0B 03 20 00 00 00 00 00 01 00 20 A5 CE 
 B7 55 D0 43 F3 24 31 D6 3E 39 F5 16 14 64 62 0A 
 34 37 28 04 94 B5 85 0D C1 B4 7C C0 74 E0 
 SWTPM_IO_Read: length 20
 80 01 00 00 00 14 00 00 01 7E 00 00 00 01 00 0B 
 03 40 00 00 
    IsEnEnabled(0x17e = 'PCR_Read'): 1
 SWTPM_IO_Write: length 62
 80 01 00 00 00 3E 00 00 00 00 00 00 00 8C 00 00 
 00 01 00 0B 03 40 00 00 00 00 00 01 00 20 3D 45 
 8C FE 55 CC 03 EA 1F 44 3F 15 62 BE EC 8D F5 1C 
 75 E1 4A 9F CF 9A 72 34 A1 3F 19 8E 79 69 
 SWTPM_IO_Read: length 20
 80 01 00 00 00 14 00 00 01 7E 00 00 00 01 00 0B 
 03 80 00 00 
    IsEnEnabled(0x17e = 'PCR_Read'): 1
 SWTPM_IO_Write: length 62
 80 01 00 00 00 3E 00 00 00 00 00 00 00 8C 00 00 
 00 01 00 0B 03 80 00 00 00 00 00 01 00 20 12 7C 
 18 EB A2 30 0E 30 76 7F AF E7 1F 4E 59 75 77 6F 
 66 5D 22 C7 CA 90 17 C7 C2 48 46 B9 6F A1 
 SWTPM_IO_Read: length 20
 80 01 00 00 00 14 00 00 01 7E 00 00 00 01 00 0B 
 03 00 01 00 
    IsEnEnabled(0x17e = 'PCR_Read'): 1
 SWTPM_IO_Write: length 62
 80 01 00 00 00 3E 00 00 00 00 00 00 00 8C 00 00 
 00 01 00 0B 03 00 01 00 00 00 00 01 00 20 00 00 
 00 00 00 00 00 00 00 00 00 00 00 00 00 00 00 00 
 00 00 00 00 00 00 00 00 00 00 00 00 00 00 
 SWTPM_IO_Read: length 20
 80 01 00 00 00 14 00 00 01 7E 00 00 00 01 00 0B 
 03 00 02 00 
    IsEnEnabled(0x17e = 'PCR_Read'): 1
 SWTPM_IO_Write: length 62
 80 01 00 00 00 3E 00 00 00 00 00 00 00 8C 00 00 
 00 01 00 0B 03 00 02 00 00 00 00 01 00 20 C1 FE 
 4A 1C A2 F9 EC D5 99 CA E7 54 74 51 12 8F 3F E2 
 7C 97 FA 7E 6C 7C 61 E9 14 50 DD E4 55 17 
 SWTPM_IO_Read: length 267
 80 02 00 00 01 0B 00 00 01 82 00 00 00 0A 00 00 
 00 49 02 00 00 00 00 20 56 60 18 90 2F 13 A6 F0 
 0B E3 89 8A 64 07 FA E8 A1 D9 47 32 CD 96 12 82 
 28 6E 01 6C 49 18 BE 0C 01 00 20 A3 CB B3 75 47 
 AB 47 0F 10 DB 6F 23 66 21 2A B4 C0 73 81 D2 39 
 1A 76 58 CB 6C A1 FC 1E 95 E6 2F 00 00 00 04 00 
 04 2C 4D 58 F7 04 5D A6 B0 67 C4 D2 2D FC DC 80 
 71 CA 49 67 BC 00 0B 54 5C B0 42 37 E7 15 0F DA 
 65 E8 86 D7 B1 23 0C A1 9A 06 D7 0A 63 C4 70 14 
 A4 4E 63 2E 87 13 6F 00 0C D5 82 8F 18 4F 1C 6E 
 34 2C 8A 77 AC 3B 0D 4B 33 86 E8 32 E2 C9 3F F8 
 51 76 15 8A 25 83 AC FE 27 E9 A0 82 97 19 12 2D 
 02 CE 10 03 9A 98 31 DC 63 00 0D C2 DB BF 87 AF 
 C5 6D 40 17 7D FC E9 48 CA 84 24 9A A4 1D C8 07 
 11 E1 E7 F7 F4 B5 FE 66 0F FB 22 1A B6 8C 60 AF 
 AF FC 84 F3 9C 7F EA 54 B0 3F DE CF 21 19 03 C7 
 7B FC 03 44 23 E2 12 F8 4E E0 86 
    IsEnEnabled(0x182 = 'PCR_Extend'): 1
 SWTPM_IO_Write: length 83
 80 02 00 00 00 53 00 00 00 00 00 00 00 00 00 20 
 87 68 A1 51 8C E5 38 CB 00 86 89 A2 1C 88 B8 C1 
 00 7E 84 40 9B E1 14 D0 B3 37 B7 88 64 C1 E8 5D 
 01 00 20 58 EA 6A 19 ED 16 66 0A 64 D6 74 74 34 
 99 FB 48 3F A8 2D 22 2D 25 23 3C D7 15 44 80 68 
 9D 8C 9F 
 SWTPM_IO_Read: length 89
 80 02 00 00 00 59 00 00 01 7B 00 00 00 49 02 00 
 00 00 00 20 4C B4 0F 68 37 5D E9 CF 0D 11 54 FC 
 F8 7A 58 BB 3B 05 4D BA 7B BE 2D E9 D7 34 F7 3A 
 34 EA 19 4F 41 00 20 CD B1 0B B1 E6 9F 63 14 C6 
 D3 AF 74 EF 30 7E AD A4 DB 78 9F 09 EA 8B B4 1A 
 89 FC 4F FF 63 E9 D4 00 40 
    IsEnEnabled(0x17b = 'GetRandom'): 1
 SWTPM_IO_Write: length 149
 80 02 00 00 00 95 00 00 00 00 00 00 00 42 00 40 
 3F 62 7D E0 F6 A7 E8 7D 0E 9B 45 7D 1D 6F 3F 1C 
 2C 00 F9 9B 41 AB C6 61 9E C4 FC 47 DA E1 68 A7 
 08 F0 12 39 82 1B AB 43 DC 4B E0 CE E6 EB D8 88 
 FD 08 DE 60 C8 69 44 0F 51 F0 17 69 90 D2 1A F7 
 00 20 82 D3 F5 9E 78 F4 D4 08 F7 7B 91 79 BF AB 
 D6 7D 22 2F 56 9B 1B 0E 86 11 2A C8 4B 61 94 0C 
 76 0A 41 00 20 58 89 97 56 AB 75 A3 D9 C4 02 43 
 03 A8 75 47 81 5F D8 7C FB 6A 68 90 47 96 78 46 
 58 ED 61 DF C1 
 SWTPM_IO_Read: length 89
 80 02 00 00 00 59 00 00 01 7B 00 00 00 49 02 00 
 00 00 00 20 2D 43 AB B5 9B 66 27 BF E2 7E BC D8 
 98 7A FE 9C 69 46 73 1C 8A CC 43 9C DE D3 7B F7 
 DC CA DD E5 41 00 20 97 7A 62 8D E0 10 FE FC 3F 
 E7 17 5B C1 5A B3 77 25 6F AF 7C 7D 59 95 7B 6B 
 8F 83 1E 2B A4 F4 20 00 40 
    IsEnEnabled(0x17b = 'GetRandom'): 1
 SWTPM_IO_Write: length 149
 80 02 00 00 00 95 00 00 00 00 00 00 00 42 00 40 
 AA D1 92 5D C9 1C C7 2D EA E0 6F C9 D1 8F AC 8B 
 66 14 93 CE D6 F1 1D 66 3D 7B 80 6D 5D 58 95 3F 
 23 B6 3E 09 B0 BB 40 6C CA DB 54 C3 6C EC 82 B2 
 6F 4A D8 15 A6 11 11 56 CD 66 93 D6 16 34 02 37 
 00 20 84 CF A4 3C 36 4D FF B0 DE 37 FF 9E FE D1 
 0A 44 5A A2 A0 9D CE F7 BF 32 26 1C 48 17 36 1A 
 F3 D6 41 00 20 8E B4 75 AE D4 4A 0A CA C4 46 5E 
 1F FE 0F DF 4C 0F AA B7 F0 B5 20 6C 9F 6F B0 56 
 B0 4E 22 3D B2 
 SWTPM_IO_Read: length 89
 80 02 00 00 00 59 00 00 01 7B 00 00 00 49 02 00 
 00 00 00 20 DB 0F 22 16 9D EA 86 11 7E A3 FB 6A 
 7E 4E AA FE 2D 4C 93 36 2E B1 7A 69 BF 3B 05 4D 
 4A 18 27 7F 41 00 20 15 D9 D2 B3 66 85 64 B9 89 
 C8 84 73 5B 76 55 1E CB 9E 02 C0 31 B3 24 4B 9A 
 AF 66 F8 84 75 DF C0 00 40 
    IsEnEnabled(0x17b = 'GetRandom'): 1
 SWTPM_IO_Write: length 149
 80 02 00 00 00 95 00 00 00 00 00 00 00 42 00 40 
 EF AA 94 C3 0C E6 9F DD 0A F0 1B 18 AE 45 D6 CA 
 8D 30 41 4A FD 25 9F 83 2F 5B 41 7D 0D 82 A8 5A 
 7D 97 8C 8C 4A BF 6D 8D CE 3F BC 12 85 68 FC 70 
 30 8F 7B 82 BD 68 DC C1 51 34 3D FE 87 47 C9 D8 
 00 20 76 3F F8 40 B9 A6 33 A3 E9 D6 37 91 6C A3 
 7E 2D F3 63 E6 5F BC C9 D2 4F 1E 6B A9 6D 70 4A 
 A7 CA 41 00 20 F2 BA 19 EA 5E 0C F2 98 D9 98 01 
 83 CD E6 06 01 C4 E7 63 3F 8D 2A 40 74 EE E6 06 
 DD 56 E6 22 6B 
 SWTPM_IO_Read: length 89
 80 02 00 00 00 59 00 00 01 7B 00 00 00 49 02 00 
 00 00 00 20 E8 0B 90 99 81 DE FA 73 77 54 D2 B0 
 09 C9 73 68 FD D1 16 AA C2 C4 BF 14 31 15 D7 D2 
 59 C4 28 4F 41 00 20 B2 E3 25 D6 43 D9 FA 92 CA 
 3A AF 80 B9 FC 62 C6 60 2A 08 FF FF 31 94 70 FB 
 FF 32 BA 6D F2 CF 2A 00 40 
    IsEnEnabled(0x17b = 'GetRandom'): 1
 SWTPM_IO_Write: length 149
 80 02 00 00 00 95 00 00 00 00 00 00 00 42 00 40 
 E5 A9 95 88 97 8F C0 F8 45 36 B6 E1 E9 8C D0 29 
 1B 61 E7 AD 57 33 AB 38 79 FC 3D 09 51 F7 29 3B 
 E9 8B F3 C4 17 99 FC BD 03 05 62 B5 A9 13 47 D4 
 21 C4 CD D3 4B B5 BC 83 2C 86 0E 34 B0 DD 20 59 
 00 20 66 A9 32 CD AC 15 97 D4 EC AD 42 93 F5 73 
 0A FB B9 6F 40 B1 1A AD 22 C9 0F B6 20 4A BF 96 
 1F D0 41 00 20 AF 71 A8 CC D7 80 D1 11 55 54 6C 
 49 81 F9 B0 9A 3E 16 48 97 9C 93 47 9A 71 54 78 
 84 A7 67 D3 1C 
 SWTPM_IO_Read: length 89
 80 02 00 00 00 59 00 00 01 7B 00 00 00 49 02 00 
 00 00 00 20 BE 2E EC 34 83 B8 EF 7B 3F 65 71 06 
 58 EC DF D3 F0 37 D5 C8 D7 78 31 AF 5C 7F DD 67 
 08 C5 DF 1D 41 00 20 C2 A7 AD 53 46 53 DB BD E5 
 76 CA 9F 05 93 5A 5C 97 AF E6 04 EF B9 22 B5 CF 
 CD A5 5E 53 3C D6 B3 00 40 
    IsEnEnabled(0x17b = 'GetRandom'): 1
 SWTPM_IO_Write: length 149
 80 02 00 00 00 95 00 00 00 00 00 00 00 42 00 40 
 2A 67 A0 7D AD 81 E1 76 70 27 C6 3F A0 68 D2 ED 
 B6 D7 81 BD 1F A2 C0 45 51 E1 F8 7C 18 88 8B 97 
 34 E8 2C 9E 07 0B 41 B7 12 10 41 C9 0B 43 93 B0 
 13 11 05 F0 E0 93 AC 2F 6F EC 36 C6 2E C7 6B 32 
 00 20 27 F5 8A 34 B2 44 35 4C 63 1A B8 5F 38 C9 
 B9 B3 1C 09 8D FB C0 DF D0 7D 6E BC D9 6B FF E9 
 55 7F 41 00 20 E8 DB 54 60 53 BB AB 74 12 47 FF 
 0B 14 F7 A2 04 F9 9A F2 D0 12 E3 BD DC 85 0E B8 
 9F EA 6C 30 A2 
 SWTPM_IO_Read: length 89
 80 02 00 00 00 59 00 00 01 7B 00 00 00 49 02 00 
 00 00 00 20 CC 46 9A 6E 65 3C 58 4B 46 8E FB 51 
 94 E7 56 3C 1D 62 56 DA 47 BE 79 CF 0A 6E 4E AC 
 3B E8 BC A5 41 00 20 FF 10 96 04 43 79 7D 34 77 
 F6 76 76 D7 F8 7D E1 F3 64 DA 0D 40 9A 1C 54 9F 
 AF 95 CA FD CF 2D CC 00 40 
    IsEnEnabled(0x17b = 'GetRandom'): 1
 SWTPM_IO_Write: length 149
 80 02 00 00 00 95 00 00 00 00 00 00 00 42 00 40 
 7C 54 6E 84 CA 77 6D 36 99 D2 6F 47 66 7F 80 48 
 E5 DA F0 AB FF 8E 33 51 28 54 6A 88 EE A8 14 B7 
 5B 7F 3D 00 8A 2D 79 6F 51 30 0B CD 80 33 76 D1 
 C8 53 EB 21 AF 24 F4 1B 84 B4 6D A5 55 3D 5D 79 
 00 20 C5 E2 4D CE 73 76 7A 2E 1B 28 A1 C7 8D BC 
 90 05 F2 3E 1E 0F 6F CA AC F3 A9 B3 CA 72 73 71 
 43 16 41 00 20 D5 3C E2 80 FB 6A F1 5E 29 AD 61 
 85 87 ED 50 63 39 40 C2 D7 F2 9D 2B E8 1A 90 C5 
 D4 78 92 B4 CE 
 SWTPM_IO_Read: length 89
 80 02 00 00 00 59 00 00 01 7B 00 00 00 49 02 00 
 00 00 00 20 BD A2 AC 80 79 89 E8 EB 53 3C 19 C7 
 1B 41 89 3F DA 57 BA C2 B9 DF 93 8D 5D 87 5F D4 
 F6 1E BF FC 41 00 20 75 82 65 25 96 15 44 93 D2 
 46 3D ED D5 82 6B 51 50 36 87 62 65 A3 F6 0E BF 
 18 A8 5B 73 00 25 9A 00 40 
    IsEnEnabled(0x17b = 'GetRandom'): 1
 SWTPM_IO_Write: length 149
 80 02 00 00 00 95 00 00 00 00 00 00 00 42 00 40 
 9E C1 54 32 B8 4E A3 36 A7 B2 19 3B 02 9C 0F 14 
 96 57 97 BD 1E C6 4F BF 7C CD B3 0E 6A 3F 95 1E 
 3E 78 23 78 3F 01 FF 92 96 ED D0 A1 D6 3E C5 A4 
 86 63 30 00 AC DC 4F 01 05 D0 65 06 F9 97 53 A2 
 00 20 5C 99 EE 8F 3B 28 FF B4 44 F8 CA 7E D8 65 
 D2 F9 16 2D 8F F0 0A D3 FE 10 4A 1A 3E 2A 1E 7A 
 A8 D2 41 00 20 E5 FE AD 70 54 51 51 DD B4 F7 D2 
 D7 9F 1B C0 B4 6F 40 68 02 3F 67 58 4C D5 C6 92 
 AB ED 07 36 D3 
 SWTPM_IO_Read: length 89
 80 02 00 00 00 59 00 00 01 7B 00 00 00 49 02 00 
 00 00 00 20 80 9A 69 C4 D9 69 2F C3 D4 C8 D8 A6 
 73 B9 17 3F 2B 8E 44 F7 E6 FB 9B 5F E9 B9 4A 4E 
 E6 EB 9D BF 41 00 20 81 FA E6 5B 7E 3E 91 45 2A 
 69 E5 D5 C5 26 E2 7B 51 1C E3 D1 03 16 B4 31 52 
 5F 6F C0 43 B2 B2 02 00 40 
    IsEnEnabled(0x17b = 'GetRandom'): 1
 SWTPM_IO_Write: length 149
 80 02 00 00 00 95 00 00 00 00 00 00 00 42 00 40 
 44 03 22 01 D6 51 CA 9C 6A 9A 8D E8 DB 61 3C E5 
 F7 FB DB 4B B7 6D 5D 83 7D 2D 09 DB 10 A4 DE FF 
 DF 81 0F 76 A1 2D E5 D2 2B E2 57 A4 F3 FC 68 F0 
 50 F3 30 14 09 EA C2 56 00 D6 3E 5D 5F 14 ED 70 
 00 20 40 F8 F2 62 45 83 A4 1B 51 1F 57 BC 72 65 
 5C 95 C0 47 6C 8E 8F 02 D1 D0 57 E9 26 6B F1 B8 
 0A 2B 41 00 20 6A 9E 8D 87 96 5C DC 64 0F 15 34 
 4B E2 F7 1C D4 80 6E 70 B1 7A DC 67 B5 61 04 2F 
 A7 7F E3 32 58 
 SWTPM_IO_Read: length 89
 80 02 00 00 00 59 00 00 01 7B 00 00 00 49 02 00 
 00 00 00 20 1F 35 6B E2 97 2B EF 98 9D A1 C8 80 
 33 05 09 51 DF DD 94 03 D0 70 4A D6 B2 83 E5 6D 
 B7 C0 47 80 41 00 20 2E 94 1C 5C 6C 53 54 80 55 
 FF D8 FC 7F 2B 28 32 44 E3 A1 32 A7 35 62 9F C0 
 CA 20 55 ED DF 8F 93 00 40 
    IsEnEnabled(0x17b = 'GetRandom'): 1
 SWTPM_IO_Write: length 149
 80 02 00 00 00 95 00 00 00 00 00 00 00 42 00 40 
 E9 16 05 F6 C9 05 5A F1 E7 44 52 56 C6 90 11 B9 
 83 18 71 7B 48 3F 4D 53 ED 45 B3 B7 0A 89 0F 23 
 B3 04 AF 57 E0 B4 37 50 2E 49 0D 55 C9 03 D2 A1 
 FC E9 D5 0C 90 5D 3F 28 9B FA 4C 5B 09 2E F3 DC 
 00 20 EB 77 16 15 75 F2 2B 54 A8 83 EC 17 8E 25 
 87 E2 D5 8C 9E 77 B0 6E 1C 4C 68 6F 07 A4 26 99 
 6C E8 41 00 20 11 9E 58 37 4F 9F FB A4 BC 20 2D 
 00 3F 33 82 F0 AC AE 96 96 5C 8C DD 78 AE 9B 65 
 2C DC 6E 4E E2 
 SWTPM_IO_Read: length 89
 80 02 00 00 00 59 00 00 01 7B 00 00 00 49 02 00 
 00 00 00 20 E1 4D 63 79 3A 5A 5B F0 01 1B 84 B9 
 40 6C AD C3 23 A5 F9 3A 89 4F 95 A8 E5 A9 C9 25 
 1A 35 86 D6 41 00 20 3A 4E 43 9B C9 95 52 67 53 
 44 5D 0E 55 40 4B D7 39 97 8A D7 33 57 68 34 3F 
 B3 DC 8F 4F C7 AF 8D 00 40 
    IsEnEnabled(0x17b = 'GetRandom'): 1
 SWTPM_IO_Write: length 149
 80 02 00 00 00 95 00 00 00 00 00 00 00 42 00 40 
 7E 34 87 3D 7B 29 D6 93 52 05 A5 DE 70 4A 0F 9D 
 15 B0 3A 39 C8 DE C5 DC 00 EA ED C6 0D 67 BE 80 
 36 01 5D C1 C7 C2 90 20 73 CE ED 41 F0 84 62 41 
 45 F9 D5 9C 3F EB FF 78 C6 8D 13 FD 8A 03 ED 03 
 00 20 79 10 DC 70 F3 F0 36 1D A2 C3 CE 85 3A 7F 
 E7 0B 9A 2F A8 77 F4 20 20 55 27 DB BE 98 7F D4 
 73 6F 41 00 20 DA 18 32 81 1C 27 8C B2 B1 90 8F 
 9B 42 74 A9 DA BD 88 D1 6F 0E 9A FD E4 65 4E CF 
 57 48 20 A5 72 
 SWTPM_IO_Read: length 89
 80 02 00 00 00 59 00 00 01 7B 00 00 00 49 02 00 
 00 00 00 20 67 64 1F 38 56 67 58 94 FE 90 E4 61 
 BF 59 26 55 D9 04 AD BF D1 07 2A F9 49 47 98 DD 
 6F D7 DF CE 41 00 20 BB 79 D7 97 28 A2 B4 75 40 
 E4 A7 8C DB 7A B1 45 3E 9C D8 8A 0D 41 C0 83 31 
 8D 8D A9 0B D8 34 73 00 40 
    IsEnEnabled(0x17b = 'GetRandom'): 1
 SWTPM_IO_Write: length 149
 80 02 00 00 00 95 00 00 00 00 00 00 00 42 00 40 
 70 08 BD 31 2B 95 5E 06 77 F8 A0 B6 C5 73 9F 99 
 69 A7 EC D3 EA AE B2 11 03 E7 91 94 B5 8C 42 DD 
 E3 D5 AC 22 51 31 52 CE 87 19 6F 07 D9 E3 1D C1 
 BD 01 1F 71 69 3F 93 20 58 07 5D E2 FF F8 2C 99 
 00 20 5A D8 C6 A6 AA CC BA B7 83 F8 90 2D 1F 51 
 A4 91 06 F6 53 3F C5 42 5E 6D B4 F7 84 8D 22 71 
 55 1A 41 00 20 DD F1 60 01 6C 0A 3E 1A E4 ED 84 
 66 AD B3 01 A6 30 E2 0A 98 7F 42 92 53 1D 22 1D 
 B4 FC 7A D8 D6 
 SWTPM_IO_Read: length 89
 80 02 00 00 00 59 00 00 01 7B 00 00 00 49 02 00 
 00 00 00 20 3D 38 47 63 F6 BD 22 94 88 E8 FE DC 
 E2 88 59 A1 95 E5 AC 11 5F CB 01 9F 3E 59 B5 49 
 E8 D9 B7 23 41 00 20 AF D9 44 2C D2 C5 A2 BD 3C 
 00 26 1C EA 45 1D 54 AE 93 1D 04 34 A1 0A 70 F6 
 CA FD E6 BF E7 43 7F 00 40 
    IsEnEnabled(0x17b = 'GetRandom'): 1
 SWTPM_IO_Write: length 149
 80 02 00 00 00 95 00 00 00 00 00 00 00 42 00 40 
 2B 5D BC 1C 37 72 67 65 BF 65 09 66 92 A3 5B EC 
 E3 C2 5A 75 D6 9F 3D 1B 15 45 FD 2D AC 1D C6 4B 
 A4 D5 04 95 61 F1 44 BC 33 59 8D BA A3 7B 3B 76 
 01 7E 19 D1 1E EC 52 D4 6A AA A7 ED 3F F3 36 BD 
 00 20 58 F1 2D 0F A5 E0 51 F8 A5 40 53 8F 8A E4 
 11 2B 2A F0 5C 8D 96 B6 43 31 25 FF 34 5B 55 18 
 A0 95 41 00 20 8B DC EB 3D B4 A5 A5 C8 E5 77 08 
 09 9B FF 9C F7 21 ED 50 9A 1E 5B FA 51 63 B0 B3 
 0E E2 5C 63 47 
 SWTPM_IO_Read: length 89
 80 02 00 00 00 59 00 00 01 7B 00 00 00 49 02 00 
 00 00 00 20 DE 9D 7A F7 02 0B F5 22 CF C8 81 C2 
 8C B5 C0 B4 1A CE 74 20 CC C6 CC 25 AA 0A 58 0F 
 1C E5 E1 A3 41 00 20 0D 4D 8C 6F 5D F2 FF B7 89 
 13 C5 E0 21 68 C3 9B 8B 15 54 CA 52 DB A6 B9 0E 
 F6 2A BF 7D 1A 71 32 00 40 
    IsEnEnabled(0x17b = 'GetRandom'): 1
 SWTPM_IO_Write: length 149
 80 02 00 00 00 95 00 00 00 00 00 00 00 42 00 40 
 61 0F FC 99 B5 89 0D 75 3E F5 AB 4E A7 8F C1 20 
 3F BD 33 20 BC A6 CE 3D 45 37 52 58 8E 7B DB C6 
 0D E3 FB 14 83 16 C3 86 93 D8 4A 1C E6 C7 C9 9B 
 A8 BC 11 A7 9F E1 C1 CB EA B8 30 D0 D8 CC AA 17 
 00 20 56 4B 98 98 80 FA 87 9E F5 7F 4A 6A 6A F7 
 10 A0 DA 15 E6 1A F3 D4 3F 63 D8 36 B8 FB 78 F7 
 90 BF 41 00 20 2D 5A 86 2C FB C9 3B DF DF 66 8C 
 6D 1B F4 2C 67 A3 FD EE 46 BA 52 14 59 EB 9F E8 
 5B 65 B8 DC 73 
